52 48
Z16xZ3
0 1 2 3 4 5 6 7 8 9 10 11 12 13 14 15 16 17 18 19 20 21 22 23 24 25 26 27 28 29 30 31 32 33 34 35 36 37 38 39 40 41 42 43 44 45 46 47
1 2 0 4 5 3 7 8 6 10 11 9 13 14 12 16 17 15 19 20 18 22 23 21 25 26 24 28 29 27 31 32 30 34 35 33 37 38 36 40 41 39 43 44 42 46 47 45
2 0 1 5 3 4 8 6 7 11 9 10 14 12 13 17 15 16 20 18 19 23 21 22 26 24 25 29 27 28 32 30 31 35 33 34 38 36 37 41 39 40 44 42 43 47 45 46
3 4 5 6 7 8 9 10 11 12 13 14 15 16 17 18 19 20 21 22 23 24 25 26 27 28 29 30 31 32 33 34 35 36 37 38 39 40 41 42 43 44 45 46 47 0 1 2
4 5 3 7 8 6 10 11 9 13 14 12 16 17 15 19 20 18 22 23 21 25 26 24 28 29 27 31 32 30 34 35 33 37 38 36 40 41 39 43 44 42 46 47 45 1 2 0
5 3 4 8 6 7 11 9 10 14 12 13 17 15 16 20 18 19 23 21 22 26 24 25 29 27 28 32 30 31 35 33 34 38 36 37 41 39 40 44 42 43 47 45 46 2 0 1
6 7 8 9 10 11 12 13 14 15 16 17 18 19 20 21 22 23 24 25 26 27 28 29 30 31 32 33 34 35 36 37 38 39 40 41 42 43 44 45 46 47 0 1 2 3 4 5
7 8 6 10 11 9 13 14 12 16 17 15 19 20 18 22 23 21 25 26 24 28 29 27 31 32 30 34 35 33 37 38 36 40 41 39 43 44 42 46 47 45 1 2 0 4 5 3
8 6 7 11 9 10 14 12 13 17 15 16 20 18 19 23 21 22 26 24 25 29 27 28 32 30 31 35 33 34 38 36 37 41 39 40 44 42 43 47 45 46 2 0 1 5 3 4
9 10 11 12 13 14 15 16 17 18 19 20 21 22 23 24 25 26 27 28 29 30 31 32 33 34 35 36 37 38 39 40 41 42 43 44 45 46 47 0 1 2 3 4 5 6 7 8
10 11 9 13 14 12 16 17 15 19 20 18 22 23 21 25 26 24 28 29 27 31 32 30 34 35 33 37 38 36 40 41 39 43 44 42 46 47 45 1 2 0 4 5 3 7 8 6
11 9 10 14 12 13 17 15 16 20 18 19 23 21 22 26 24 25 29 27 28 32 30 31 35 33 34 38 36 37 41 39 40 44 42 43 47 45 46 2 0 1 5 3 4 8 6 7
12 13 14 15 16 17 18 19 20 21 22 23 24 25 26 27 28 29 30 31 32 33 34 35 36 37 38 39 40 41 42 43 44 45 46 47 0 1 2 3 4 5 6 7 8 9 10 11
13 14 12 16 17 15 19 20 18 22 23 21 25 26 24 28 29 27 31 32 30 34 35 33 37 38 36 40 41 39 43 44 42 46 47 45 1 2 0 4 5 3 7 8 6 10 11 9
14 12 13 17 15 16 20 18 19 23 21 22 26 24 25 29 27 28 32 30 31 35 33 34 38 36 37 41 39 40 44 42 43 47 45 46 2 0 1 5 3 4 8 6 7 11 9 10
15 16 17 18 19 20 21 22 23 24 25 26 27 28 29 30 31 32 33 34 35 36 37 38 39 40 41 42 43 44 45 46 47 0 1 2 3 4 5 6 7 8 9 10 11 12 13 14
16 17 15 19 20 18 22 23 21 25 26 24 28 29 27 31 32 30 34 35 33 37 38 36 40 41 39 43 44 42 46 47 45 1 2 0 4 5 3 7 8 6 10 11 9 13 14 12
17 15 16 20 18 19 23 21 22 26 24 25 29 27 28 32 30 31 35 33 34 38 36 37 41 39 40 44 42 43 47 45 46 2 0 1 5 3 4 8 6 7 11 9 10 14 12 13
18 19 20 21 22 23 24 25 26 27 28 29 30 31 32 33 34 35 36 37 38 39 40 41 42 43 44 45 46 47 0 1 2 3 4 5 6 7 8 9 10 11 12 13 14 15 16 17
19 20 18 22 23 21 25 26 24 28 29 27 31 32 30 34 35 33 37 38 36 40 41 39 43 44 42 46 47 45 1 2 0 4 5 3 7 8 6 10 11 9 13 14 12 16 17 15
20 18 19 23 21 22 26 24 25 29 27 28 32 30 31 35 33 34 38 36 37 41 39 40 44 42 43 47 45 46 2 0 1 5 3 4 8 6 7 11 9 10 14 12 13 17 15 16
21 22 23 24 25 26 27 28 29 30 31 32 33 34 35 36 37 38 39 40 41 42 43 44 45 46 47 0 1 2 3 4 5 6 7 8 9 10 11 12 13 14 15 16 17 18 19 20
22 23 21 25 26 24 28 29 27 31 32 30 34 35 33 37 38 36 40 41 39 43 44 42 46 47 45 1 2 0 4 5 3 7 8 6 10 11 9 13 14 12 16 17 15 19 20 18
23 21 22 26 24 25 29 27 28 32 30 31 35 33 34 38 36 37 41 39 40 44 42 43 47 45 46 2 0 1 5 3 4 8 6 7 11 9 10 14 12 13 17 15 16 20 18 19
24 25 26 27 28 29 30 31 32 33 34 35 36 37 38 39 40 41 42 43 44 45 46 47 0 1 2 3 4 5 6 7 8 9 10 11 12 13 14 15 16 17 18 19 20 21 22 23
25 26 24 28 29 27 31 32 30 34 35 33 37 38 36 40 41 39 43 44 42 46 47 45 1 2 0 4 5 3 7 8 6 10 11 9 13 14 12 16 17 15 19 20 18 22 23 21
26 24 25 29 27 28 32 30 31 35 33 34 38 36 37 41 39 40 44 42 43 47 45 46 2 0 1 5 3 4 8 6 7 11 9 10 14 12 13 17 15 16 20 18 19 23 21 22
27 28 29 30 31 32 33 34 35 36 37 38 39 40 41 42 43 44 45 46 47 0 1 2 3 4 5 6 7 8 9 10 11 12 13 14 15 16 17 18 19 20 21 22 23 24 25 26
28 29 27 31 32 30 34 35 33 37 38 36 40 41 39 43 44 42 46 47 45 1 2 0 4 5 3 7 8 6 10 11 9 13 14 12 16 17 15 19 20 18 22 23 21 25 26 24
29 27 28 32 30 31 35 33 34 38 36 37 41 39 40 44 42 43 47 45 46 2 0 1 5 3 4 8 6 7 11 9 10 14 12 13 17 15 16 20 18 19 23 21 22 26 24 25
30 31 32 33 34 35 36 37 38 39 40 41 42 43 44 45 46 47 0 1 2 3 4 5 6 7 8 9 10 11 12 13 14 15 16 17 18 19 20 21 22 23 24 25 26 27 28 29
31 32 30 34 35 33 37 38 36 40 41 39 43 44 42 46 47 45 1 2 0 4 5 3 7 8 6 10 11 9 13 14 12 16 17 15 19 20 18 22 23 21 25 26 24 28 29 27
32 30 31 35 33 34 38 36 37 41 39 40 44 42 43 47 45 46 2 0 1 5 3 4 8 6 7 11 9 10 14 12 13 17 15 16 20 18 19 23 21 22 26 24 25 29 27 28
33 34 35 36 37 38 39 40 41 42 43 44 45 46 47 0 1 2 3 4 5 6 7 8 9 10 11 12 13 14 15 16 17 18 19 20 21 22 23 24 25 26 27 28 29 30 31 32
34 35 33 37 38 36 40 41 39 43 44 42 46 47 45 1 2 0 4 5 3 7 8 6 10 11 9 13 14 12 16 17 15 19 20 18 22 23 21 25 26 24 28 29 27 31 32 30
35 33 34 38 36 37 41 39 40 44 42 43 47 45 46 2 0 1 5 3 4 8 6 7 11 9 10 14 12 13 17 15 16 20 18 19 23 21 22 26 24 25 29 27 28 32 30 31
36 37 38 39 40 41 42 43 44 45 46 47 0 1 2 3 4 5 6 7 8 9 10 11 12 13 14 15 16 17 18 19 20 21 22 23 24 25 26 27 28 29 30 31 32 33 34 35
37 38 36 40 41 39 43 44 42 46 47 45 1 2 0 4 5 3 7 8 6 10 11 9 13 14 12 16 17 15 19 20 18 22 23 21 25 26 24 28 29 27 31 32 30 34 35 33
38 36 37 41 39 40 44 42 43 47 45 46 2 0 1 5 3 4 8 6 7 11 9 10 14 12 13 17 15 16 20 18 19 23 21 22 26 24 25 29 27 28 32 30 31 35 33 34
39 40 41 42 43 44 45 46 47 0 1 2 3 4 5 6 7 8 9 10 11 12 13 14 15 16 17 18 19 20 21 22 23 24 25 26 27 28 29 30 31 32 33 34 35 36 37 38
40 41 39 43 44 42 46 47 45 1 2 0 4 5 3 7 8 6 10 11 9 13 14 12 16 17 15 19 20 18 22 23 21 25 26 24 28 29 27 31 32 30 34 35 33 37 38 36
41 39 40 44 42 43 47 45 46 2 0 1 5 3 4 8 6 7 11 9 10 14 12 13 17 15 16 20 18 19 23 21 22 26 24 25 29 27 28 32 30 31 35 33 34 38 36 37
42 43 44 45 46 47 0 1 2 3 4 5 6 7 8 9 10 11 12 13 14 15 16 17 18 19 20 21 22 23 24 25 26 27 28 29 30 31 32 33 34 35 36 37 38 39 40 41
43 44 42 46 47 45 1 2 0 4 5 3 7 8 6 10 11 9 13 14 12 16 17 15 19 20 18 22 23 21 25 26 24 28 29 27 31 32 30 34 35 33 37 38 36 40 41 39
44 42 43 47 45 46 2 0 1 5 3 4 8 6 7 11 9 10 14 12 13 17 15 16 20 18 19 23 21 22 26 24 25 29 27 28 32 30 31 35 33 34 38 36 37 41 39 40
45 46 47 0 1 2 3 4 5 6 7 8 9 10 11 12 13 14 15 16 17 18 19 20 21 22 23 24 25 26 27 28 29 30 31 32 33 34 35 36 37 38 39 40 41 42 43 44
46 47 45 1 2 0 4 5 3 7 8 6 10 11 9 13 14 12 16 17 15 19 20 18 22 23 21 25 26 24 28 29 27 31 32 30 34 35 33 37 38 36 40 41 39 43 44 42
47 45 46 2 0 1 5 3 4 8 6 7 11 9 10 14 12 13 17 15 16 20 18 19 23 21 22 26 24 25 29 27 28 32 30 31 35 33 34 38 36 37 41 39 40 44 42 43
Z8xZ2xZ3
0 1 2 3 4 5 6 7 8 9 10 11 12 13 14 15 16 17 18 19 20 21 22 23 24 25 26 27 28 29 30 31 32 33 34 35 36 37 38 39 40 41 42 43 44 45 46 47
1 2 0 4 5 3 7 8 6 10 11 9 13 14 12 16 17 15 19 20 18 22 23 21 25 26 24 28 29 27 31 32 30 34 35 33 37 38 36 40 41 39 43 44 42 46 47 45
2 0 1 5 3 4 8 6 7 11 9 10 14 12 13 17 15 16 20 18 19 23 21 22 26 24 25 29 27 28 32 30 31 35 33 34 38 36 37 41 39 40 44 42 43 47 45 46
3 4 5 0 1 2 9 10 11 6 7 8 15 16 17 12 13 14 21 22 23 18 19 20 27 28 29 24 25 26 33 34 35 30 31 32 39 40 41 36 37 38 45 46 47 42 43 44
4 5 3 1 2 0 10 11 9 7 8 6 16 17 15 13 14 12 22 23 21 19 20 18 28 29 27 25 26 24 34 35 33 31 32 30 40 41 39 37 38 36 46 47 45 43 44 42
5 3 4 2 0 1 11 9 10 8 6 7 17 15 16 14 12 13 23 21 22 20 18 19 29 27 28 26 24 25 35 33 34 32 30 31 41 39 40 38 36 37 47 45 46 44 42 43
6 7 8 9 10 11 12 13 14 15 16 17 18 19 20 21 22 23 24 25 26 27 28 29 30 31 32 33 34 35 36 37 38 39 40 41 42 43 44 45 46 47 0 1 2 3 4 5
7 8 6 10 11 9 13 14 12 16 17 15 19 20 18 22 23 21 25 26 24 28 29 27 31 32 30 34 35 33 37 38 36 40 41 39 43 44 42 46 47 45 1 2 0 4 5 3
8 6 7 11 9 10 14 12 13 17 15 16 20 18 19 23 21 22 26 24 25 29 27 28 32 30 31 35 33 34 38 36 37 41 39 40 44 42 43 47 45 46 2 0 1 5 3 4
9 10 11 6 7 8 15 16 17 12 13 14 21 22 23 18 19 20 27 28 29 24 25 26 33 34 35 30 31 32 39 40 41 36 37 38 45 46 47 42 43 44 3 4 5 0 1 2
10 11 9 7 8 6 16 17 15 13 14 12 22 23 21 19 20 18 28 29 27 25 26 24 34 35 33 31 32 30 40 41 39 37 38 36 46 47 45 43 44 42 4 5 3 1 2 0
11 9 10 8 6 7 17 15 16 14 12 13 23 21 22 20 18 19 29 27 28 26 24 25 35 33 34 32 30 31 41 39 40 38 36 37 47 45 46 44 42 43 5 3 4 2 0 1
12 13 14 15 16 17 18 19 20 21 22 23 24 25 26 27 28 29 30 31 32 33 34 35 36 37 38 39 40 41 42 43 44 45 46 47 0 1 2 3 4 5 6 7 8 9 10 11
13 14 12 16 17 15 19 20 18 22 23 21 25 26 24 28 29 27 31 32 30 34 35 33 37 38 36 40 41 39 43 44 42 46 47 45 1 2 0 4 5 3 7 8 6 10 11 9
14 12 13 17 15 16 20 18 19 23 21 22 26 24 25 29 27 28 32 30 31 35 33 34 38 36 37 41 39 40 44 42 43 47 45 46 2 0 1 5 3 4 8 6 7 11 9 10
15 16 17 12 13 14 21 22 23 18 19 20 27 28 29 24 25 26 33 34 35 30 31 32 39 40 41 36 37 38 45 46 47 42 43 44 3 4 5 0 1 2 9 10 11 6 7 8
16 17 15 13 14 12 22 23 21 19 20 18 28 29 27 25 26 24 34 35 33 31 32 30 40 41 39 37 38 36 46 47 45 43 44 42 4 5 3 1 2 0 10 11 9 7 8 6
17 15 16 14 12 13 23 21 22 20 18 19 29 27 28 26 24 25 35 33 34 32 30 31 41 39 40 38 36 37 47 45 46 44 42 43 5 3 4 2 0 1 11 9 10 8 6 7
18 19 20 21 22 23 24 25 26 27 28 29 30 31 32 33 34 35 36 37 38 39 40 41 42 43 44 45 46 47 0 1 2 3 4 5 6 7 8 9 10 11 12 13 14 15 16 17
19 20 18 22 23 21 25 26 24 28 29 27 31 32 30 34 35 33 37 38 36 40 41 39 43 44 42 46 47 45 1 2 0 4 5 3 7 8 6 10 11 9 13 14 12 16 17 15
20 18 19 23 21 22 26 24 25 29 27 28 32 30 31 35 33 34 38 36 37 41 39 40 44 42 43 47 45 46 2 0 1 5 3 4 8 6 7 11 9 10 14 12 13 17 15 16
21 22 23 18 19 20 27 28 29 24 25 26 33 34 35 30 31 32 39 40 41 36 37 38 45 46 47 42 43 44 3 4 5 0 1 2 9 10 11 6 7 8 15 16 17 12 13 14
22 23 21 19 20 18 28 29 27 25 26 24 34 35 33 31 32 30 40 41 39 37 38 36 46 47 45 43 44 42 4 5 3 1 2 0 10 11 9 7 8 6 16 17 15 13 14 12
23 21 22 20 18 19 29 27 28 26 24 25 35 33 34 32 30 31 41 39 40 38 36 37 47 45 46 44 42 43 5 3 4 2 0 1 11 9 10 8 6 7 17 15 16 14 12 13
24 25 26 27 28 29 30 31 32 33 34 35 36 37 38 39 40 41 42 43 44 45 46 47 0 1 2 3 4 5 6 7 8 9 10 11 12 13 14 15 16 17 18 19 20 21 22 23
25 26 24 28 29 27 31 32 30 34 35 33 37 38 36 40 41 39 43 44 42 46 47 45 1 2 0 4 5 3 7 8 6 10 11 9 13 14 12 16 17 15 19 20 18 22 23 21
26 24 25 29 27 28 32 30 31 35 33 34 38 36 37 41 39 40 44 42 43 47 45 46 2 0 1 5 3 4 8 6 7 11 9 10 14 12 13 17 15 16 20 18 19 23 21 22
27 28 29 24 25 26 33 34 35 30 31 32 39 40 41 36 37 38 45 46 47 42 43 44 3 4 5 0 1 2 9 10 11 6 7 8 15 16 17 12 13 14 21 22 23 18 19 20
28 29 27 25 26 24 34 35 33 31 32 30 40 41 39 37 38 36 46 47 45 43 44 42 4 5 3 1 2 0 10 11 9 7 8 6 16 17 15 13 14 12 22 23 21 19 20 18
29 27 28 26 24 25 35 33 34 32 30 31 41 39 40 38 36 37 47 45 46 44 42 43 5 3 4 2 0 1 11 9 10 8 6 7 17 15 16 14 12 13 23 21 22 20 18 19
30 31 32 33 34 35 36 37 38 39 40 41 42 43 44 45 46 47 0 1 2 3 4 5 6 7 8 9 10 11 12 13 14 15 16 17 18 19 20 21 22 23 24 25 26 27 28 29
31 32 30 34 35 33 37 38 36 40 41 39 43 44 42 46 47 45 1 2 0 4 5 3 7 8 6 10 11 9 13 14 12 16 17 15 19 20 18 22 23 21 25 26 24 28 29 27
32 30 31 35 33 34 38 36 37 41 39 40 44 42 43 47 45 46 2 0 1 5 3 4 8 6 7 11 9 10 14 12 13 17 15 16 20 18 19 23 21 22 26 24 25 29 27 28
33 34 35 30 31 32 39 40 41 36 37 38 45 46 47 42 43 44 3 4 5 0 1 2 9 10 11 6 7 8 15 16 17 12 13 14 21 22 23 18 19 20 27 28 29 24 25 26
34 35 33 31 32 30 40 41 39 37 38 36 46 47 45 43 44 42 4 5 3 1 2 0 10 11 9 7 8 6 16 17 15 13 14 12 22 23 21 19 20 18 28 29 27 25 26 24
35 33 34 32 30 31 41 39 40 38 36 37 47 45 46 44 42 43 5 3 4 2 0 1 11 9 10 8 6 7 17 15 16 14 12 13 23 21 22 20 18 19 29 27 28 26 24 25
36 37 38 39 40 41 42 43 44 45 46 47 0 1 2 3 4 5 6 7 8 9 10 11 12 13 14 15 16 17 18 19 20 21 22 23 24 25 26 27 28 29 30 31 32 33 34 35
37 38 36 40 41 39 43 44 42 46 47 45 1 2 0 4 5 3 7 8 6 10 11 9 13 14 12 16 17 15 19 20 18 22 23 21 25 26 24 28 29 27 31 32 30 34 35 33
38 36 37 41 39 40 44 42 43 47 45 46 2 0 1 5 3 4 8 6 7 11 9 10 14 12 13 17 15 16 20 18 19 23 21 22 26 24 25 29 27 28 32 30 31 35 33 34
39 40 41 36 37 38 45 46 47 42 43 44 3 4 5 0 1 2 9 10 11 6 7 8 15 16 17 12 13 14 21 22 23 18 19 20 27 28 29 24 25 26 33 34 35 30 31 32
40 41 39 37 38 36 46 47 45 43 44 42 4 5 3 1 2 0 10 11 9 7 8 6 16 17 15 13 14 12 22 23 21 19 20 18 28 29 27 25 26 24 34 35 33 31 32 30
41 39 40 38 36 37 47 45 46 44 42 43 5 3 4 2 0 1 11 9 10 8 6 7 17 15 16 14 12 13 23 21 22 20 18 19 29 27 28 26 24 25 35 33 34 32 30 31
42 43 44 45 46 47 0 1 2 3 4 5 6 7 8 9 10 11 12 13 14 15 16 17 18 19 20 21 22 23 24 25 26 27 28 29 30 31 32 33 34 35 36 37 38 39 40 41
43 44 42 46 47 45 1 2 0 4 5 3 7 8 6 10 11 9 13 14 12 16 17 15 19 20 18 22 23 21 25 26 24 28 29 27 31 32 30 34 35 33 37 38 36 40 41 39
44 42 43 47 45 46 2 0 1 5 3 4 8 6 7 11 9 10 14 12 13 17 15 16 20 18 19 23 21 22 26 24 25 29 27 28 32 30 31 35 33 34 38 36 37 41 39 40
45 46 47 42 43 44 3 4 5 0 1 2 9 10 11 6 7 8 15 16 17 12 13 14 21 22 23 18 19 20 27 28 29 24 25 26 33 34 35 30 31 32 39 40 41 36 37 38
46 47 45 43 44 42 4 5 3 1 2 0 10 11 9 7 8 6 16 17 15 13 14 12 22 23 21 19 20 18 28 29 27 25 26 24 34 35 33 31 32 30 40 41 39 37 38 36
47 45 46 44 42 43 5 3 4 2 0 1 11 9 10 8 6 7 17 15 16 14 12 13 23 21 22 20 18 19 29 27 28 26 24 25 35 33 34 32 30 31 41 39 40 38 36 37
Z4xZ4xZ3
0 1 2 3 4 5 6 7 8 9 10 11 12 13 14 15 16 17 18 19 20 21 22 23 24 25 26 27 28 29 30 31 32 33 34 35 36 37 38 39 40 41 42 43 44 45 46 47
1 2 0 4 5 3 7 8 6 10 11 9 13 14 12 16 17 15 19 20 18 22 23 21 25 26 24 28 29 27 31 32 30 34 35 33 37 38 36 40 41 39 43 44 42 46 47 45
2 0 1 5 3 4 8 6 7 11 9 10 14 12 13 17 15 16 20 18 19 23 21 22 26 24 25 29 27 28 32 30 31 35 33 34 38 36 37 41 39 40 44 42 43 47 45 46
3 4 5 6 7 8 9 10 11 0 1 2 15 16 17 18 19 20 21 22 23 12 13 14 27 28 29 30 31 32 33 34 35 24 25 26 39 40 41 42 43 44 45 46 47 36 37 38
4 5 3 7 8 6 10 11 9 1 2 0 16 17 15 19 20 18 22 23 21 13 14 12 28 29 27 31 32 30 34 35 33 25 26 24 40 41 39 43 44 42 46 47 45 37 38 36
5 3 4 8 6 7 11 9 10 2 0 1 17 15 16 20 18 19 23 21 22 14 12 13 29 27 28 32 30 31 35 33 34 26 24 25 41 39 40 44 42 43 47 45 46 38 36 37
6 7 8 9 10 11 0 1 2 3 4 5 18 19 20 21 22 23 12 13 14 15 16 17 30 31 32 33 34 35 24 25 26 27 28 29 42 43 44 45 46 47 36 37 38 39 40 41
7 8 6 10 11 9 1 2 0 4 5 3 19 20 18 22 23 21 13 14 12 16 17 15 31 32 30 34 35 33 25 26 24 28 29 27 43 44 42 46 47 45 37 38 36 40 41 39
8 6 7 11 9 10 2 0 1 5 3 4 20 18 19 23 21 22 14 12 13 17 15 16 32 30 31 35 33 34 26 24 25 29 27 28 44 42 43 47 45 46 38 36 37 41 39 40
9 10 11 0 1 2 3 4 5 6 7 8 21 22 23 12 13 14 15 16 17 18 19 20 33 34 35 24 25 26 27 28 29 30 31 32 45 46 47 36 37 38 39 40 41 42 43 44
10 11 9 1 2 0 4 5 3 7 8 6 22 23 21 13 14 12 16 17 15 19 20 18 34 35 33 25 26 24 28 29 27 31 32 30 46 47 45 37 38 36 40 41 39 43 44 42
11 9 10 2 0 1 5 3 4 8 6 7 23 21 22 14 12 13 17 15 16 20 18 19 35 33 34 26 24 25 29 27 28 32 30 31 47 45 46 38 36 37 41 39 40 44 42 43
12 13 14 15 16 17 18 19 20 21 22 23 24 25 26 27 28 29 30 31 32 33 34 35 36 37 38 39 40 41 42 43 44 45 46 47 0 1 2 3 4 5 6 7 8 9 10 11
13 14 12 16 17 15 19 20 18 22 23 21 25 26 24 28 29 27 31 32 30 34 35 33 37 38 36 40 41 39 43 44 42 46 47 45 1 2 0 4 5 3 7 8 6 10 11 9
14 12 13 17 15 16 20 18 19 23 21 22 26 24 25 29 27 28 32 30 31 35 33 34 38 36 37 41 39 40 44 42 43 47 45 46 2 0 1 5 3 4 8 6 7 11 9 10
15 16 17 18 19 20 21 22 23 12 13 14 27 28 29 30 31 32 33 34 35 24 25 26 39 40 41 42 43 44 45 46 47 36 37 38 3 4 5 6 7 8 9 10 11 0 1 2
16 17 15 19 20 18 22 23 21 13 14 12 28 29 27 31 32 30 34 35 33 25 26 24 40 41 39 43 44 42 46 47 45 37 38 36 4 5 3 7 8 6 10 11 9 1 2 0
17 15 16 20 18 19 23 21 22 14 12 13 29 27 28 32 30 31 35 33 34 26 24 25 41 39 40 44 42 43 47 45 46 38 36 37 5 3 4 8 6 7 11 9 10 2 0 1
18 19 20 21 22 23 12 13 14 15 16 17 30 31 32 33 34 35 24 25 26 27 28 29 42 43 44 45 46 47 36 37 38 39 40 41 6 7 8 9 10 11 0 1 2 3 4 5
19 20 18 22 23 21 13 14 12 16 17 15 31 32 30 34 35 33 25 26 24 28 29 27 43 44 42 46 47 45 37 38 36 40 41 39 7 8 6 10 11 9 1 2 0 4 5 3
20 18 19 23 21 22 14 12 13 17 15 16 32 30 31 35 33 34 26 24 25 29 27 28 44 42 43 47 45 46 38 36 37 41 39 40 8 6 7 11 9 10 2 0 1 5 3 4
21 22 23 12 13 14 15 16 17 18 19 20 33 34 35 24 25 26 27 28 29 30 31 32 45 46 47 36 37 38 39 40 41 42 43 44 9 10 11 0 1 2 3 4 5 6 7 8
22 23 21 13 14 12 16 17 15 19 20 18 34 35 33 25 26 24 28 29 27 31 32 30 46 47 45 37 38 36 40 41 39 43 44 42 10 11 9 1 2 0 4 5 3 7 8 6
23 21 22 14 12 13 17 15 16 20 18 19 35 33 34 26 24 25 29 27 28 32 30 31 47 45 46 38 36 37 41 39 40 44 42 43 11 9 10 2 0 1 5 3 4 8 6 7
24 25 26 27 28 29 30 31 32 33 34 35 36 37 38 39 40 41 42 43 44 45 46 47 0 1 2 3 4 5 6 7 8 9 10 11 12 13 14 15 16 17 18 19 20 21 22 23
25 26 24 28 29 27 31 32 30 34 35 33 37 38 36 40 41 39 43 44 42 46 47 45 1 2 0 4 5 3 7 8 6 10 11 9 13 14 12 16 17 15 19 20 18 22 23 21
26 24 25 29 27 28 32 30 31 35 33 34 38 36 37 41 39 40 44 42 43 47 45 46 2 0 1 5 3 4 8 6 7 11 9 10 14 12 13 17 15 16 20 18 19 23 21 22
27 28 29 30 31 32 33 34 35 24 25 26 39 40 41 42 43 44 45 46 47 36 37 38 3 4 5 6 7 8 9 10 11 0 1 2 15 16 17 18 19 20 21 22 23 12 13 14
28 29 27 31 32 30 34 35 33 25 26 24 40 41 39 43 44 42 46 47 45 37 38 36 4 5 3 7 8 6 10 11 9 1 2 0 16 17 15 19 20 18 22 23 21 13 14 12
29 27 28 32 30 31 35 33 34 26 24 25 41 39 40 44 42 43 47 45 46 38 36 37 5 3 4 8 6 7 11 9 10 2 0 1 17 15 16 20 18 19 23 21 22 14 12 13
30 31 32 33 34 35 24 25 26 27 28 29 42 43 44 45 46 47 36 37 38 39 40 41 6 7 8 9 10 11 0 1 2 3 4 5 18 19 20 21 22 23 12 13 14 15 16 17
31 32 30 34 35 33 25 26 24 28 29 27 43 44 42 46 47 45 37 38 36 40 41 39 7 8 6 10 11 9 1 2 0 4 5 3 19 20 18 22 23 21 13 14 12 16 17 15
32 30 31 35 33 34 26 24 25 29 27 28 44 42 43 47 45 46 38 36 37 41 39 40 8 6 7 11 9 10 2 0 1 5 3 4 20 18 19 23 21 22 14 12 13 17 15 16
33 34 35 24 25 26 27 28 29 30 31 32 45 46 47 36 37 38 39 40 41 42 43 44 9 10 11 0 1 2 3 4 5 6 7 8 21 22 23 12 13 14 15 16 17 18 19 20
34 35 33 25 26 24 28 29 27 31 32 30 46 47 45 37 38 36 40 41 39 43 44 42 10 11 9 1 2 0 4 5 3 7 8 6 22 23 21 13 14 12 16 17 15 19 20 18
35 33 34 26 24 25 29 27 28 32 30 31 47 45 46 38 36 37 41 39 40 44 42 43 11 9 10 2 0 1 5 3 4 8 6 7 23 21 22 14 12 13 17 15 16 20 18 19
36 37 38 39 40 41 42 43 44 45 46 47 0 1 2 3 4 5 6 7 8 9 10 11 12 13 14 15 16 17 18 19 20 21 22 23 24 25 26 27 28 29 30 31 32 33 34 35
37 38 36 40 41 39 43 44 42 46 47 45 1 2 0 4 5 3 7 8 6 10 11 9 13 14 12 16 17 15 19 20 18 22 23 21 25 26 24 28 29 27 31 32 30 34 35 33
38 36 37 41 39 40 44 42 43 47 45 46 2 0 1 5 3 4 8 6 7 11 9 10 14 12 13 17 15 16 20 18 19 23 21 22 26 24 25 29 27 28 32 30 31 35 33 34
39 40 41 42 43 44 45 46 47 36 37 38 3 4 5 6 7 8 9 10 11 0 1 2 15 16 17 18 19 20 21 22 23 12 13 14 27 28 29 30 31 32 33 34 35 24 25 26
40 41 39 43 44 42 46 47 45 37 38 36 4 5 3 7 8 6 10 11 9 1 2 0 16 17 15 19 20 18 22 23 21 13 14 12 28 29 27 31 32 30 34 35 33 25 26 24
41 39 40 44 42 43 47 45 46 38 36 37 5 3 4 8 6 7 11 9 10 2 0 1 17 15 16 20 18 19 23 21 22 14 12 13 29 27 28 32 30 31 35 33 34 26 24 25
42 43 44 45 46 47 36 37 38 39 40 41 6 7 8 9 10 11 0 1 2 3 4 5 18 19 20 21 22 23 12 13 14 15 16 17 30 31 32 33 34 35 24 25 26 27 28 29
43 44 42 46 47 45 37 38 36 40 41 39 7 8 6 10 11 9 1 2 0 4 5 3 19 20 18 22 23 21 13 14 12 16 17 15 31 32 30 34 35 33 25 26 24 28 29 27
44 42 43 47 45 46 38 36 37 41 39 40 8 6 7 11 9 10 2 0 1 5 3 4 20 18 19 23 21 22 14 12 13 17 15 16 32 30 31 35 33 34 26 24 25 29 27 28
45 46 47 36 37 38 39 40 41 42 43 44 9 10 11 0 1 2 3 4 5 6 7 8 21 22 23 12 13 14 15 16 17 18 19 20 33 34 35 24 25 26 27 28 29 30 31 32
46 47 45 37 38 36 40 41 39 43 44 42 10 11 9 1 2 0 4 5 3 7 8 6 22 23 21 13 14 12 16 17 15 19 20 18 34 35 33 25 26 24 28 29 27 31 32 30
47 45 46 38 36 37 41 39 40 44 42 43 11 9 10 2 0 1 5 3 4 8 6 7 23 21 22 14 12 13 17 15 16 20 18 19 35 33 34 26 24 25 29 27 28 32 30 31
Z4xZ2xZ2xZ3
0 1 2 3 4 5 6 7 8 9 10 11 12 13 14 15 16 17 18 19 20 21 22 23 24 25 26 27 28 29 30 31 32 33 34 35 36 37 38 39 40 41 42 43 44 45 46 47
1 2 0 4 5 3 7 8 6 10 11 9 13 14 12 16 17 15 19 20 18 22 23 21 25 26 24 28 29 27 31 32 30 34 35 33 37 38 36 40 41 39 43 44 42 46 47 45
2 0 1 5 3 4 8 6 7 11 9 10 14 12 13 17 15 16 20 18 19 23 21 22 26 24 25 29 27 28 32 30 31 35 33 34 38 36 37 41 39 40 44 42 43 47 45 46
3 4 5 0 1 2 9 10 11 6 7 8 15 16 17 12 13 14 21 22 23 18 19 20 27 28 29 24 25 26 33 34 35 30 31 32 39 40 41 36 37 38 45 46 47 42 43 44
4 5 3 1 2 0 10 11 9 7 8 6 16 17 15 13 14 12 22 23 21 19 20 18 28 29 27 25 26 24 34 35 33 31 32 30 40 41 39 37 38 36 46 47 45 43 44 42
5 3 4 2 0 1 11 9 10 8 6 7 17 15 16 14 12 13 23 21 22 20 18 19 29 27 28 26 24 25 35 33 34 32 30 31 41 39 40 38 36 37 47 45 46 44 42 43
6 7 8 9 10 11 0 1 2 3 4 5 18 19 20 21 22 23 12 13 14 15 16 17 30 31 32 33 34 35 24 25 26 27 28 29 42 43 44 45 46 47 36 37 38 39 40 41
7 8 6 10 11 9 1 2 0 4 5 3 19 20 18 22 23 21 13 14 12 16 17 15 31 32 30 34 35 33 25 26 24 28 29 27 43 44 42 46 47 45 37 38 36 40 41 39
8 6 7 11 9 10 2 0 1 5 3 4 20 18 19 23 21 22 14 12 13 17 15 16 32 30 31 35 33 34 26 24 25 29 27 28 44 42 43 47 45 46 38 36 37 41 39 40
9 10 11 6 7 8 3 4 5 0 1 2 21 22 23 18 19 20 15 16 17 12 13 14 33 34 35 30 31 32 27 28 29 24 25 26 45 46 47 42 43 44 39 40 41 36 37 38
10 11 9 7 8 6 4 5 3 1 2 0 22 23 21 19 20 18 16 17 15 13 14 12 34 35 33 31 32 30 28 29 27 25 26 24 46 47 45 43 44 42 40 41 39 37 38 36
11 9 10 8 6 7 5 3 4 2 0 1 23 21 22 20 18 19 17 15 16 14 12 13 35 33 34 32 30 31 29 27 28 26 24 25 47 45 46 44 42 43 41 39 40 38 36 37
12 13 14 15 16 17 18 19 20 21 22 23 24 25 26 27 28 29 30 31 32 33 34 35 36 37 38 39 40 41 42 43 44 45 46 47 0 1 2 3 4 5 6 7 8 9 10 11
13 14 12 16 17 15 19 20 18 22 23 21 25 26 24 28 29 27 31 32 30 34 35 33 37 38 36 40 41 39 43 44 42 46 47 45 1 2 0 4 5 3 7 8 6 10 11 9
14 12 13 17 15 16 20 18 19 23 21 22 26 24 25 29 27 28 32 30 31 35 33 34 38 36 37 41 39 40 44 42 43 47 45 46 2 0 1 5 3 4 8 6 7 11 9 10
15 16 17 12 13 14 21 22 23 18 19 20 27 28 29 24 25 26 33 34 35 30 31 32 39 40 41 36 37 38 45 46 47 42 43 44 3 4 5 0 1 2 9 10 11 6 7 8
16 17 15 13 14 12 22 23 21 19 20 18 28 29 27 25 26 24 34 35 33 31 32 30 40 41 39 37 38 36 46 47 45 43 44 42 4 5 3 1 2 0 10 11 9 7 8 6
17 15 16 14 12 13 23 21 22 20 18 19 29 27 28 26 24 25 35 33 34 32 30 31 41 39 40 38 36 37 47 45 46 44 42 43 5 3 4 2 0 1 11 9 10 8 6 7
18 19 20 21 22 23 12 13 14 15 16 17 30 31 32 33 34 35 24 25 26 27 28 29 42 43 44 45 46 47 36 37 38 39 40 41 6 7 8 9 10 11 0 1 2 3 4 5
19 20 18 22 23 21 13 14 12 16 17 15 31 32 30 34 35 33 25 26 24 28 29 27 43 44 42 46 47 45 37 38 36 40 41 39 7 8 6 10 11 9 1 2 0 4 5 3
20 18 19 23 21 22 14 12 13 17 15 16 32 30 31 35 33 34 26 24 25 29 27 28 44 42 43 47 45 46 38 36 37 41 39 40 8 6 7 11 9 10 2 0 1 5 3 4
21 22 23 18 19 20 15 16 17 12 13 14 33 34 35 30 31 32 27 28 29 24 25 26 45 46 47 42 43 44 39 40 41 36 37 38 9 10 11 6 7 8 3 4 5 0 1 2
22 23 21 19 20 18 16 17 15 13 14 12 34 35 33 31 32 30 28 29 27 25 26 24 46 47 45 43 44 42 40 41 39 37 38 36 10 11 9 7 8 6 4 5 3 1 2 0
23 21 22 20 18 19 17 15 16 14 12 13 35 33 34 32 30 31 29 27 28 26 24 25 47 45 46 44 42 43 41 39 40 38 36 37 11 9 10 8 6 7 5 3 4 2 0 1
24 25 26 27 28 29 30 31 32 33 34 35 36 37 38 39 40 41 42 43 44 45 46 47 0 1 2 3 4 5 6 7 8 9 10 11 12 13 14 15 16 17 18 19 20 21 22 23
25 26 24 28 29 27 31 32 30 34 35 33 37 38 36 40 41 39 43 44 42 46 47 45 1 2 0 4 5 3 7 8 6 10 11 9 13 14 12 16 17 15 19 20 18 22 23 21
26 24 25 29 27 28 32 30 31 35 33 34 38 36 37 41 39 40 44 42 43 47 45 46 2 0 1 5 3 4 8 6 7 11 9 10 14 12 13 17 15 16 20 18 19 23 21 22
27 28 29 24 25 26 33 34 35 30 31 32 39 40 41 36 37 38 45 46 47 42 43 44 3 4 5 0 1 2 9 10 11 6 7 8 15 16 17 12 13 14 21 22 23 18 19 20
28 29 27 25 26 24 34 35 33 31 32 30 40 41 39 37 38 36 46 47 45 43 44 42 4 5 3 1 2 0 10 11 9 7 8 6 16 17 15 13 14 12 22 23 21 19 20 18
29 27 28 26 24 25 35 33 34 32 30 31 41 39 40 38 36 37 47 45 46 44 42 43 5 3 4 2 0 1 11 9 10 8 6 7 17 15 16 14 12 13 23 21 22 20 18 19
30 31 32 33 34 35 24 25 26 27 28 29 42 43 44 45 46 47 36 37 38 39 40 41 6 7 8 9 10 11 0 1 2 3 4 5 18 19 20 21 22 23 12 13 14 15 16 17
31 32 30 34 35 33 25 26 24 28 29 27 43 44 42 46 47 45 37 38 36 40 41 39 7 8 6 10 11 9 1 2 0 4 5 3 19 20 18 22 23 21 13 14 12 16 17 15
32 30 31 35 33 34 26 24 25 29 27 28 44 42 43 47 45 46 38 36 37 41 39 40 8 6 7 11 9 10 2 0 1 5 3 4 20 18 19 23 21 22 14 12 13 17 15 16
33 34 35 30 31 32 27 28 29 24 25 26 45 46 47 42 43 44 39 40 41 36 37 38 9 10 11 6 7 8 3 4 5 0 1 2 21 22 23 18 19 20 15 16 17 12 13 14
34 35 33 31 32 30 28 29 27 25 26 24 46 47 45 43 44 42 40 41 39 37 38 36 10 11 9 7 8 6 4 5 3 1 2 0 22 23 21 19 20 18 16 17 15 13 14 12
35 33 34 32 30 31 29 27 28 26 24 25 47 45 46 44 42 43 41 39 40 38 36 37 11 9 10 8 6 7 5 3 4 2 0 1 23 21 22 20 18 19 17 15 16 14 12 13
36 37 38 39 40 41 42 43 44 45 46 47 0 1 2 3 4 5 6 7 8 9 10 11 12 13 14 15 16 17 18 19 20 21 22 23 24 25 26 27 28 29 30 31 32 33 34 35
37 38 36 40 41 39 43 44 42 46 47 45 1 2 0 4 5 3 7 8 6 10 11 9 13 14 12 16 17 15 19 20 18 22 23 21 25 26 24 28 29 27 31 32 30 34 35 33
38 36 37 41 39 40 44 42 43 47 45 46 2 0 1 5 3 4 8 6 7 11 9 10 14 12 13 17 15 16 20 18 19 23 21 22 26 24 25 29 27 28 32 30 31 35 33 34
39 40 41 36 37 38 45 46 47 42 43 44 3 4 5 0 1 2 9 10 11 6 7 8 15 16 17 12 13 14 21 22 23 18 19 20 27 28 29 24 25 26 33 34 35 30 31 32
40 41 39 37 38 36 46 47 45 43 44 42 4 5 3 1 2 0 10 11 9 7 8 6 16 17 15 13 14 12 22 23 21 19 20 18 28 29 27 25 26 24 34 35 33 31 32 30
41 39 40 38 36 37 47 45 46 44 42 43 5 3 4 2 0 1 11 9 10 8 6 7 17 15 16 14 12 13 23 21 22 20 18 19 29 27 28 26 24 25 35 33 34 32 30 31
42 43 44 45 46 47 36 37 38 39 40 41 6 7 8 9 10 11 0 1 2 3 4 5 18 19 20 21 22 23 12 13 14 15 16 17 30 31 32 33 34 35 24 25 26 27 28 29
43 44 42 46 47 45 37 38 36 40 41 39 7 8 6 10 11 9 1 2 0 4 5 3 19 20 18 22 23 21 13 14 12 16 17 15 31 32 30 34 35 33 25 26 24 28 29 27
44 42 43 47 45 46 38 36 37 41 39 40 8 6 7 11 9 10 2 0 1 5 3 4 20 18 19 23 21 22 14 12 13 17 15 16 32 30 31 35 33 34 26 24 25 29 27 28
45 46 47 42 43 44 39 40 41 36 37 38 9 10 11 6 7 8 3 4 5 0 1 2 21 22 23 18 19 20 15 16 17 12 13 14 33 34 35 30 31 32 27 28 29 24 25 26
46 47 45 43 44 42 40 41 39 37 38 36 10 11 9 7 8 6 4 5 3 1 2 0 22 23 21 19 20 18 16 17 15 13 14 12 34 35 33 31 32 30 28 29 27 25 26 24
47 45 46 44 42 43 41 39 40 38 36 37 11 9 10 8 6 7 5 3 4 2 0 1 23 21 22 20 18 19 17 15 16 14 12 13 35 33 34 32 30 31 29 27 28 26 24 25
Z2xZ2xZ2xZ2xZ3
0 1 2 3 4 5 6 7 8 9 10 11 12 13 14 15 16 17 18 19 20 21 22 23 24 25 26 27 28 29 30 31 32 33 34 35 36 37 38 39 40 41 42 43 44 45 46 47
1 2 0 4 5 3 7 8 6 10 11 9 13 14 12 16 17 15 19 20 18 22 23 21 25 26 24 28 29 27 31 32 30 34 35 33 37 38 36 40 41 39 43 44 42 46 47 45
2 0 1 5 3 4 8 6 7 11 9 10 14 12 13 17 15 16 20 18 19 23 21 22 26 24 25 29 27 28 32 30 31 35 33 34 38 36 37 41 39 40 44 42 43 47 45 46
3 4 5 0 1 2 9 10 11 6 7 8 15 16 17 12 13 14 21 22 23 18 19 20 27 28 29 24 25 26 33 34 35 30 31 32 39 40 41 36 37 38 45 46 47 42 43 44
4 5 3 1 2 0 10 11 9 7 8 6 16 17 15 13 14 12 22 23 21 19 20 18 28 29 27 25 26 24 34 35 33 31 32 30 40 41 39 37 38 36 46 47 45 43 44 42
5 3 4 2 0 1 11 9 10 8 6 7 17 15 16 14 12 13 23 21 22 20 18 19 29 27 28 26 24 25 35 33 34 32 30 31 41 39 40 38 36 37 47 45 46 44 42 43
6 7 8 9 10 11 0 1 2 3 4 5 18 19 20 21 22 23 12 13 14 15 16 17 30 31 32 33 34 35 24 25 26 27 28 29 42 43 44 45 46 47 36 37 38 39 40 41
7 8 6 10 11 9 1 2 0 4 5 3 19 20 18 22 23 21 13 14 12 16 17 15 31 32 30 34 35 33 25 26 24 28 29 27 43 44 42 46 47 45 37 38 36 40 41 39
8 6 7 11 9 10 2 0 1 5 3 4 20 18 19 23 21 22 14 12 13 17 15 16 32 30 31 35 33 34 26 24 25 29 27 28 44 42 43 47 45 46 38 36 37 41 39 40
9 10 11 6 7 8 3 4 5 0 1 2 21 22 23 18 19 20 15 16 17 12 13 14 33 34 35 30 31 32 27 28 29 24 25 26 45 46 47 42 43 44 39 40 41 36 37 38
10 11 9 7 8 6 4 5 3 1 2 0 22 23 21 19 20 18 16 17 15 13 14 12 34 35 33 31 32 30 28 29 27 25 26 24 46 47 45 43 44 42 40 41 39 37 38 36
11 9 10 8 6 7 5 3 4 2 0 1 23 21 22 20 18 19 17 15 16 14 12 13 35 33 34 32 30 31 29 27 28 26 24 25 47 45 46 44 42 43 41 39 40 38 36 37
12 13 14 15 16 17 18 19 20 21 22 23 0 1 2 3 4 5 6 7 8 9 10 11 36 37 38 39 40 41 42 43 44 45 46 47 24 25 26 27 28 29 30 31 32 33 34 35
13 14 12 16 17 15 19 20 18 22 23 21 1 2 0 4 5 3 7 8 6 10 11 9 37 38 36 40 41 39 43 44 42 46 47 45 25 26 24 28 29 27 31 32 30 34 35 33
14 12 13 17 15 16 20 18 19 23 21 22 2 0 1 5 3 4 8 6 7 11 9 10 38 36 37 41 39 40 44 42 43 47 45 46 26 24 25 29 27 28 32 30 31 35 33 34
15 16 17 12 13 14 21 22 23 18 19 20 3 4 5 0 1 2 9 10 11 6 7 8 39 40 41 36 37 38 45 46 47 42 43 44 27 28 29 24 25 26 33 34 35 30 31 32
16 17 15 13 14 12 22 23 21 19 20 18 4 5 3 1 2 0 10 11 9 7 8 6 40 41 39 37 38 36 46 47 45 43 44 42 28 29 27 25 26 24 34 35 33 31 32 30
17 15 16 14 12 13 23 21 22 20 18 19 5 3 4 2 0 1 11 9 10 8 6 7 41 39 40 38 36 37 47 45 46 44 42 43 29 27 28 26 24 25 35 33 34 32 30 31
18 19 20 21 22 23 12 13 14 15 16 17 6 7 8 9 10 11 0 1 2 3 4 5 42 43 44 45 46 47 36 37 38 39 40 41 30 31 32 33 34 35 24 25 26 27 28 29
19 20 18 22 23 21 13 14 12 16 17 15 7 8 6 10 11 9 1 2 0 4 5 3 43 44 42 46 47 45 37 38 36 40 41 39 31 32 30 34 35 33 25 26 24 28 29 27
20 18 19 23 21 22 14 12 13 17 15 16 8 6 7 11 9 10 2 0 1 5 3 4 44 42 43 47 45 46 38 36 37 41 39 40 32 30 31 35 33 34 26 24 25 29 27 28
21 22 23 18 19 20 15 16 17 12 13 14 9 10 11 6 7 8 3 4 5 0 1 2 45 46 47 42 43 44 39 40 41 36 37 38 33 34 35 30 31 32 27 28 29 24 25 26
22 23 21 19 20 18 16 17 15 13 14 12 10 11 9 7 8 6 4 5 3 1 2 0 46 47 45 43 44 42 40 41 39 37 38 36 34 35 33 31 32 30 28 29 27 25 26 24
23 21 22 20 18 19 17 15 16 14 12 13 11 9 10 8 6 7 5 3 4 2 0 1 47 45 46 44 42 43 41 39 40 38 36 37 35 33 34 32 30 31 29 27 28 26 24 25
24 25 26 27 28 29 30 31 32 33 34 35 36 37 38 39 40 41 42 43 44 45 46 47 0 1 2 3 4 5 6 7 8 9 10 11 12 13 14 15 16 17 18 19 20 21 22 23
25 26 24 28 29 27 31 32 30 34 35 33 37 38 36 40 41 39 43 44 42 46 47 45 1 2 0 4 5 3 7 8 6 10 11 9 13 14 12 16 17 15 19 20 18 22 23 21
26 24 25 29 27 28 32 30 31 35 33 34 38 36 37 41 39 40 44 42 43 47 45 46 2 0 1 5 3 4 8 6 7 11 9 10 14 12 13 17 15 16 20 18 19 23 21 22
27 28 29 24 25 26 33 34 35 30 31 32 39 40 41 36 37 38 45 46 47 42 43 44 3 4 5 0 1 2 9 10 11 6 7 8 15 16 17 12 13 14 21 22 23 18 19 20
28 29 27 25 26 24 34 35 33 31 32 30 40 41 39 37 38 36 46 47 45 43 44 42 4 5 3 1 2 0 10 11 9 7 8 6 16 17 15 13 14 12 22 23 21 19 20 18
29 27 28 26 24 25 35 33 34 32 30 31 41 39 40 38 36 37 47 45 46 44 42 43 5 3 4 2 0 1 11 9 10 8 6 7 17 15 16 14 12 13 23 21 22 20 18 19
30 31 32 33 34 35 24 25 26 27 28 29 42 43 44 45 46 47 36 37 38 39 40 41 6 7 8 9 10 11 0 1 2 3 4 5 18 19 20 21 22 23 12 13 14 15 16 17
31 32 30 34 35 33 25 26 24 28 29 27 43 44 42 46 47 45 37 38 36 40 41 39 7 8 6 10 11 9 1 2 0 4 5 3 19 20 18 22 23 21 13 14 12 16 17 15
32 30 31 35 33 34 26 24 25 29 27 28 44 42 43 47 45 46 38 36 37 41 39 40 8 6 7 11 9 10 2 0 1 5 3 4 20 18 19 23 21 22 14 12 13 17 15 16
33 34 35 30 31 32 27 28 29 24 25 26 45 46 47 42 43 44 39 40 41 36 37 38 9 10 11 6 7 8 3 4 5 0 1 2 21 22 23 18 19 20 15 16 17 12 13 14
34 35 33 31 32 30 28 29 27 25 26 24 46 47 45 43 44 42 40 41 39 37 38 36 10 11 9 7 8 6 4 5 3 1 2 0 22 23 21 19 20 18 16 17 15 13 14 12
35 33 34 32 30 31 29 27 28 26 24 25 47 45 46 44 42 43 41 39 40 38 36 37 11 9 10 8 6 7 5 3 4 2 0 1 23 21 22 20 18 19 17 15 16 14 12 13
36 37 38 39 40 41 42 43 44 45 46 47 24 25 26 27 28 29 30 31 32 33 34 35 12 13 14 15 16 17 18 19 20 21 22 23 0 1 2 3 4 5 6 7 8 9 10 11
37 38 36 40 41 39 43 44 42 46 47 45 25 26 24 28 29 27 31 32 30 34 35 33 13 14 12 16 17 15 19 20 18 22 23 21 1 2 0 4 5 3 7 8 6 10 11 9
38 36 37 41 39 40 44 42 43 47 45 46 26 24 25 29 27 28 32 30 31 35 33 34 14 12 13 17 15 16 20 18 19 23 21 22 2 0 1 5 3 4 8 6 7 11 9 10
39 40 41 36 37 38 45 46 47 42 43 44 27 28 29 24 25 26 33 34 35 30 31 32 15 16 17 12 13 14 21 22 23 18 19 20 3 4 5 0 1 2 9 10 11 6 7 8
40 41 39 37 38 36 46 47 45 43 44 42 28 29 27 25 26 24 34 35 33 31 32 30 16 17 15 13 14 12 22 23 21 19 20 18 4 5 3 1 2 0 10 11 9 7 8 6
41 39 40 38 36 37 47 45 46 44 42 43 29 27 28 26 24 25 35 33 34 32 30 31 17 15 16 14 12 13 23 21 22 20 18 19 5 3 4 2 0 1 11 9 10 8 6 7
42 43 44 45 46 47 36 37 38 39 40 41 30 31 32 33 34 35 24 25 26 27 28 29 18 19 20 21 22 23 12 13 14 15 16 17 6 7 8 9 10 11 0 1 2 3 4 5
43 44 42 46 47 45 37 38 36 40 41 39 31 32 30 34 35 33 25 26 24 28 29 27 19 20 18 22 23 21 13 14 12 16 17 15 7 8 6 10 11 9 1 2 0 4 5 3
44 42 43 47 45 46 38 36 37 41 39 40 32 30 31 35 33 34 26 24 25 29 27 28 20 18 19 23 21 22 14 12 13 17 15 16 8 6 7 11 9 10 2 0 1 5 3 4
45 46 47 42 43 44 39 40 41 36 37 38 33 34 35 30 31 32 27 28 29 24 25 26 21 22 23 18 19 20 15 16 17 12 13 14 9 10 11 6 7 8 3 4 5 0 1 2
46 47 45 43 44 42 40 41 39 37 38 36 34 35 33 31 32 30 28 29 27 25 26 24 22 23 21 19 20 18 16 17 15 13 14 12 10 11 9 7 8 6 4 5 3 1 2 0
47 45 46 44 42 43 41 39 40 38 36 37 35 33 34 32 30 31 29 27 28 26 24 25 23 21 22 20 18 19 17 15 16 14 12 13 11 9 10 8 6 7 5 3 4 2 0 1
D48
0 1 2 3 4 5 6 7 8 9 10 11 12 13 14 15 16 17 18 19 20 21 22 23 24 25 26 27 28 29 30 31 32 33 34 35 36 37 38 39 40 41 42 43 44 45 46 47
1 0 47 46 45 44 43 42 41 40 39 38 37 36 35 34 33 32 31 30 29 28 27 26 25 24 23 22 21 20 19 18 17 16 15 14 13 12 11 10 9 8 7 6 5 4 3 2
2 3 4 5 6 7 8 9 10 11 12 13 14 15 16 17 18 19 20 21 22 23 24 25 26 27 28 29 30 31 32 33 34 35 36 37 38 39 40 41 42 43 44 45 46 47 0 1
3 2 1 0 47 46 45 44 43 42 41 40 39 38 37 36 35 34 33 32 31 30 29 28 27 26 25 24 23 22 21 20 19 18 17 16 15 14 13 12 11 10 9 8 7 6 5 4
4 5 6 7 8 9 10 11 12 13 14 15 16 17 18 19 20 21 22 23 24 25 26 27 28 29 30 31 32 33 34 35 36 37 38 39 40 41 42 43 44 45 46 47 0 1 2 3
5 4 3 2 1 0 47 46 45 44 43 42 41 40 39 38 37 36 35 34 33 32 31 30 29 28 27 26 25 24 23 22 21 20 19 18 17 16 15 14 13 12 11 10 9 8 7 6
6 7 8 9 10 11 12 13 14 15 16 17 18 19 20 21 22 23 24 25 26 27 28 29 30 31 32 33 34 35 36 37 38 39 40 41 42 43 44 45 46 47 0 1 2 3 4 5
7 6 5 4 3 2 1 0 47 46 45 44 43 42 41 40 39 38 37 36 35 34 33 32 31 30 29 28 27 26 25 24 23 22 21 20 19 18 17 16 15 14 13 12 11 10 9 8
8 9 10 11 12 13 14 15 16 17 18 19 20 21 22 23 24 25 26 27 28 29 30 31 32 33 34 35 36 37 38 39 40 41 42 43 44 45 46 47 0 1 2 3 4 5 6 7
9 8 7 6 5 4 3 2 1 0 47 46 45 44 43 42 41 40 39 38 37 36 35 34 33 32 31 30 29 28 27 26 25 24 23 22 21 20 19 18 17 16 15 14 13 12 11 10
10 11 12 13 14 15 16 17 18 19 20 21 22 23 24 25 26 27 28 29 30 31 32 33 34 35 36 37 38 39 40 41 42 43 44 45 46 47 0 1 2 3 4 5 6 7 8 9
11 10 9 8 7 6 5 4 3 2 1 0 47 46 45 44 43 42 41 40 39 38 37 36 35 34 33 32 31 30 29 28 27 26 25 24 23 22 21 20 19 18 17 16 15 14 13 12
12 13 14 15 16 17 18 19 20 21 22 23 24 25 26 27 28 29 30 31 32 33 34 35 36 37 38 39 40 41 42 43 44 45 46 47 0 1 2 3 4 5 6 7 8 9 10 11
13 12 11 10 9 8 7 6 5 4 3 2 1 0 47 46 45 44 43 42 41 40 39 38 37 36 35 34 33 32 31 30 29 28 27 26 25 24 23 22 21 20 19 18 17 16 15 14
14 15 16 17 18 19 20 21 22 23 24 25 26 27 28 29 30 31 32 33 34 35 36 37 38 39 40 41 42 43 44 45 46 47 0 1 2 3 4 5 6 7 8 9 10 11 12 13
15 14 13 12 11 10 9 8 7 6 5 4 3 2 1 0 47 46 45 44 43 42 41 40 39 38 37 36 35 34 33 32 31 30 29 28 27 26 25 24 23 22 21 20 19 18 17 16
16 17 18 19 20 21 22 23 24 25 26 27 28 29 30 31 32 33 34 35 36 37 38 39 40 41 42 43 44 45 46 47 0 1 2 3 4 5 6 7 8 9 10 11 12 13 14 15
17 16 15 14 13 12 11 10 9 8 7 6 5 4 3 2 1 0 47 46 45 44 43 42 41 40 39 38 37 36 35 34 33 32 31 30 29 28 27 26 25 24 23 22 21 20 19 18
18 19 20 21 22 23 24 25 26 27 28 29 30 31 32 33 34 35 36 37 38 39 40 41 42 43 44 45 46 47 0 1 2 3 4 5 6 7 8 9 10 11 12 13 14 15 16 17
19 18 17 16 15 14 13 12 11 10 9 8 7 6 5 4 3 2 1 0 47 46 45 44 43 42 41 40 39 38 37 36 35 34 33 32 31 30 29 28 27 26 25 24 23 22 21 20
20 21 22 23 24 25 26 27 28 29 30 31 32 33 34 35 36 37 38 39 40 41 42 43 44 45 46 47 0 1 2 3 4 5 6 7 8 9 10 11 12 13 14 15 16 17 18 19
21 20 19 18 17 16 15 14 13 12 11 10 9 8 7 6 5 4 3 2 1 0 47 46 45 44 43 42 41 40 39 38 37 36 35 34 33 32 31 30 29 28 27 26 25 24 23 22
22 23 24 25 26 27 28 29 30 31 32 33 34 35 36 37 38 39 40 41 42 43 44 45 46 47 0 1 2 3 4 5 6 7 8 9 10 11 12 13 14 15 16 17 18 19 20 21
23 22 21 20 19 18 17 16 15 14 13 12 11 10 9 8 7 6 5 4 3 2 1 0 47 46 45 44 43 42 41 40 39 38 37 36 35 34 33 32 31 30 29 28 27 26 25 24
24 25 26 27 28 29 30 31 32 33 34 35 36 37 38 39 40 41 42 43 44 45 46 47 0 1 2 3 4 5 6 7 8 9 10 11 12 13 14 15 16 17 18 19 20 21 22 23
25 24 23 22 21 20 19 18 17 16 15 14 13 12 11 10 9 8 7 6 5 4 3 2 1 0 47 46 45 44 43 42 41 40 39 38 37 36 35 34 33 32 31 30 29 28 27 26
26 27 28 29 30 31 32 33 34 35 36 37 38 39 40 41 42 43 44 45 46 47 0 1 2 3 4 5 6 7 8 9 10 11 12 13 14 15 16 17 18 19 20 21 22 23 24 25
27 26 25 24 23 22 21 20 19 18 17 16 15 14 13 12 11 10 9 8 7 6 5 4 3 2 1 0 47 46 45 44 43 42 41 40 39 38 37 36 35 34 33 32 31 30 29 28
28 29 30 31 32 33 34 35 36 37 38 39 40 41 42 43 44 45 46 47 0 1 2 3 4 5 6 7 8 9 10 11 12 13 14 15 16 17 18 19 20 21 22 23 24 25 26 27
29 28 27 26 25 24 23 22 21 20 19 18 17 16 15 14 13 12 11 10 9 8 7 6 5 4 3 2 1 0 47 46 45 44 43 42 41 40 39 38 37 36 35 34 33 32 31 30
30 31 32 33 34 35 36 37 38 39 40 41 42 43 44 45 46 47 0 1 2 3 4 5 6 7 8 9 10 11 12 13 14 15 16 17 18 19 20 21 22 23 24 25 26 27 28 29
31 30 29 28 27 26 25 24 23 22 21 20 19 18 17 16 15 14 13 12 11 10 9 8 7 6 5 4 3 2 1 0 47 46 45 44 43 42 41 40 39 38 37 36 35 34 33 32
32 33 34 35 36 37 38 39 40 41 42 43 44 45 46 47 0 1 2 3 4 5 6 7 8 9 10 11 12 13 14 15 16 17 18 19 20 21 22 23 24 25 26 27 28 29 30 31
33 32 31 30 29 28 27 26 25 24 23 22 21 20 19 18 17 16 15 14 13 12 11 10 9 8 7 6 5 4 3 2 1 0 47 46 45 44 43 42 41 40 39 38 37 36 35 34
34 35 36 37 38 39 40 41 42 43 44 45 46 47 0 1 2 3 4 5 6 7 8 9 10 11 12 13 14 15 16 17 18 19 20 21 22 23 24 25 26 27 28 29 30 31 32 33
35 34 33 32 31 30 29 28 27 26 25 24 23 22 21 20 19 18 17 16 15 14 13 12 11 10 9 8 7 6 5 4 3 2 1 0 47 46 45 44 43 42 41 40 39 38 37 36
36 37 38 39 40 41 42 43 44 45 46 47 0 1 2 3 4 5 6 7 8 9 10 11 12 13 14 15 16 17 18 19 20 21 22 23 24 25 26 27 28 29 30 31 32 33 34 35
37 36 35 34 33 32 31 30 29 28 27 26 25 24 23 22 21 20 19 18 17 16 15 14 13 12 11 10 9 8 7 6 5 4 3 2 1 0 47 46 45 44 43 42 41 40 39 38
38 39 40 41 42 43 44 45 46 47 0 1 2 3 4 5 6 7 8 9 10 11 12 13 14 15 16 17 18 19 20 21 22 23 24 25 26 27 28 29 30 31 32 33 34 35 36 37
39 38 37 36 35 34 33 32 31 30 29 28 27 26 25 24 23 22 21 20 19 18 17 16 15 14 13 12 11 10 9 8 7 6 5 4 3 2 1 0 47 46 45 44 43 42 41 40
40 41 42 43 44 45 46 47 0 1 2 3 4 5 6 7 8 9 10 11 12 13 14 15 16 17 18 19 20 21 22 23 24 25 26 27 28 29 30 31 32 33 34 35 36 37 38 39
41 40 39 38 37 36 35 34 33 32 31 30 29 28 27 26 25 24 23 22 21 20 19 18 17 16 15 14 13 12 11 10 9 8 7 6 5 4 3 2 1 0 47 46 45 44 43 42
42 43 44 45 46 47 0 1 2 3 4 5 6 7 8 9 10 11 12 13 14 15 16 17 18 19 20 21 22 23 24 25 26 27 28 29 30 31 32 33 34 35 36 37 38 39 40 41
43 42 41 40 39 38 37 36 35 34 33 32 31 30 29 28 27 26 25 24 23 22 21 20 19 18 17 16 15 14 13 12 11 10 9 8 7 6 5 4 3 2 1 0 47 46 45 44
44 45 46 47 0 1 2 3 4 5 6 7 8 9 10 11 12 13 14 15 16 17 18 19 20 21 22 23 24 25 26 27 28 29 30 31 32 33 34 35 36 37 38 39 40 41 42 43
45 44 43 42 41 40 39 38 37 36 35 34 33 32 31 30 29 28 27 26 25 24 23 22 21 20 19 18 17 16 15 14 13 12 11 10 9 8 7 6 5 4 3 2 1 0 47 46
46 47 0 1 2 3 4 5 6 7 8 9 10 11 12 13 14 15 16 17 18 19 20 21 22 23 24 25 26 27 28 29 30 31 32 33 34 35 36 37 38 39 40 41 42 43 44 45
47 46 45 44 43 42 41 40 39 38 37 36 35 34 33 32 31 30 29 28 27 26 25 24 23 22 21 20 19 18 17 16 15 14 13 12 11 10 9 8 7 6 5 4 3 2 1 0
Dic12
0 1 2 3 4 5 6 7 8 9 10 11 12 13 14 15 16 17 18 19 20 21 22 23 24 25 26 27 28 29 30 31 32 33 34 35 36 37 38 39 40 41 42 43 44 45 46 47
1 24 47 22 45 20 43 18 41 16 39 14 37 12 35 10 33 8 31 6 29 4 27 2 25 0 23 46 21 44 19 42 17 40 15 38 13 36 11 34 9 32 7 30 5 28 3 26
2 3 4 5 6 7 8 9 10 11 12 13 14 15 16 17 18 19 20 21 22 23 24 25 26 27 28 29 30 31 32 33 34 35 36 37 38 39 40 41 42 43 44 45 46 47 0 1
3 26 1 24 47 22 45 20 43 18 41 16 39 14 37 12 35 10 33 8 31 6 29 4 27 2 25 0 23 46 21 44 19 42 17 40 15 38 13 36 11 34 9 32 7 30 5 28
4 5 6 7 8 9 10 11 12 13 14 15 16 17 18 19 20 21 22 23 24 25 26 27 28 29 30 31 32 33 34 35 36 37 38 39 40 41 42 43 44 45 46 47 0 1 2 3
5 28 3 26 1 24 47 22 45 20 43 18 41 16 39 14 37 12 35 10 33 8 31 6 29 4 27 2 25 0 23 46 21 44 19 42 17 40 15 38 13 36 11 34 9 32 7 30
6 7 8 9 10 11 12 13 14 15 16 17 18 19 20 21 22 23 24 25 26 27 28 29 30 31 32 33 34 35 36 37 38 39 40 41 42 43 44 45 46 47 0 1 2 3 4 5
7 30 5 28 3 26 1 24 47 22 45 20 43 18 41 16 39 14 37 12 35 10 33 8 31 6 29 4 27 2 25 0 23 46 21 44 19 42 17 40 15 38 13 36 11 34 9 32
8 9 10 11 12 13 14 15 16 17 18 19 20 21 22 23 24 25 26 27 28 29 30 31 32 33 34 35 36 37 38 39 40 41 42 43 44 45 46 47 0 1 2 3 4 5 6 7
9 32 7 30 5 28 3 26 1 24 47 22 45 20 43 18 41 16 39 14 37 12 35 10 33 8 31 6 29 4 27 2 25 0 23 46 21 44 19 42 17 40 15 38 13 36 11 34
10 11 12 13 14 15 16 17 18 19 20 21 22 23 24 25 26 27 28 29 30 31 32 33 34 35 36 37 38 39 40 41 42 43 44 45 46 47 0 1 2 3 4 5 6 7 8 9
11 34 9 32 7 30 5 28 3 26 1 24 47 22 45 20 43 18 41 16 39 14 37 12 35 10 33 8 31 6 29 4 27 2 25 0 23 46 21 44 19 42 17 40 15 38 13 36
12 13 14 15 16 17 18 19 20 21 22 23 24 25 26 27 28 29 30 31 32 33 34 35 36 37 38 39 40 41 42 43 44 45 46 47 0 1 2 3 4 5 6 7 8 9 10 11
13 36 11 34 9 32 7 30 5 28 3 26 1 24 47 22 45 20 43 18 41 16 39 14 37 12 35 10 33 8 31 6 29 4 27 2 25 0 23 46 21 44 19 42 17 40 15 38
14 15 16 17 18 19 20 21 22 23 24 25 26 27 28 29 30 31 32 33 34 35 36 37 38 39 40 41 42 43 44 45 46 47 0 1 2 3 4 5 6 7 8 9 10 11 12 13
15 38 13 36 11 34 9 32 7 30 5 28 3 26 1 24 47 22 45 20 43 18 41 16 39 14 37 12 35 10 33 8 31 6 29 4 27 2 25 0 23 46 21 44 19 42 17 40
16 17 18 19 20 21 22 23 24 25 26 27 28 29 30 31 32 33 34 35 36 37 38 39 40 41 42 43 44 45 46 47 0 1 2 3 4 5 6 7 8 9 10 11 12 13 14 15
17 40 15 38 13 36 11 34 9 32 7 30 5 28 3 26 1 24 47 22 45 20 43 18 41 16 39 14 37 12 35 10 33 8 31 6 29 4 27 2 25 0 23 46 21 44 19 42
18 19 20 21 22 23 24 25 26 27 28 29 30 31 32 33 34 35 36 37 38 39 40 41 42 43 44 45 46 47 0 1 2 3 4 5 6 7 8 9 10 11 12 13 14 15 16 17
19 42 17 40 15 38 13 36 11 34 9 32 7 30 5 28 3 26 1 24 47 22 45 20 43 18 41 16 39 14 37 12 35 10 33 8 31 6 29 4 27 2 25 0 23 46 21 44
20 21 22 23 24 25 26 27 28 29 30 31 32 33 34 35 36 37 38 39 40 41 42 43 44 45 46 47 0 1 2 3 4 5 6 7 8 9 10 11 12 13 14 15 16 17 18 19
21 44 19 42 17 40 15 38 13 36 11 34 9 32 7 30 5 28 3 26 1 24 47 22 45 20 43 18 41 16 39 14 37 12 35 10 33 8 31 6 29 4 27 2 25 0 23 46
22 23 24 25 26 27 28 29 30 31 32 33 34 35 36 37 38 39 40 41 42 43 44 45 46 47 0 1 2 3 4 5 6 7 8 9 10 11 12 13 14 15 16 17 18 19 20 21
23 46 21 44 19 42 17 40 15 38 13 36 11 34 9 32 7 30 5 28 3 26 1 24 47 22 45 20 43 18 41 16 39 14 37 12 35 10 33 8 31 6 29 4 27 2 25 0
24 25 26 27 28 29 30 31 32 33 34 35 36 37 38 39 40 41 42 43 44 45 46 47 0 1 2 3 4 5 6 7 8 9 10 11 12 13 14 15 16 17 18 19 20 21 22 23
25 0 23 46 21 44 19 42 17 40 15 38 13 36 11 34 9 32 7 30 5 28 3 26 1 24 47 22 45 20 43 18 41 16 39 14 37 12 35 10 33 8 31 6 29 4 27 2
26 27 28 29 30 31 32 33 34 35 36 37 38 39 40 41 42 43 44 45 46 47 0 1 2 3 4 5 6 7 8 9 10 11 12 13 14 15 16 17 18 19 20 21 22 23 24 25
27 2 25 0 23 46 21 44 19 42 17 40 15 38 13 36 11 34 9 32 7 30 5 28 3 26 1 24 47 22 45 20 43 18 41 16 39 14 37 12 35 10 33 8 31 6 29 4
28 29 30 31 32 33 34 35 36 37 38 39 40 41 42 43 44 45 46 47 0 1 2 3 4 5 6 7 8 9 10 11 12 13 14 15 16 17 18 19 20 21 22 23 24 25 26 27
29 4 27 2 25 0 23 46 21 44 19 42 17 40 15 38 13 36 11 34 9 32 7 30 5 28 3 26 1 24 47 22 45 20 43 18 41 16 39 14 37 12 35 10 33 8 31 6
30 31 32 33 34 35 36 37 38 39 40 41 42 43 44 45 46 47 0 1 2 3 4 5 6 7 8 9 10 11 12 13 14 15 16 17 18 19 20 21 22 23 24 25 26 27 28 29
31 6 29 4 27 2 25 0 23 46 21 44 19 42 17 40 15 38 13 36 11 34 9 32 7 30 5 28 3 26 1 24 47 22 45 20 43 18 41 16 39 14 37 12 35 10 33 8
32 33 34 35 36 37 38 39 40 41 42 43 44 45 46 47 0 1 2 3 4 5 6 7 8 9 10 11 12 13 14 15 16 17 18 19 20 21 22 23 24 25 26 27 28 29 30 31
33 8 31 6 29 4 27 2 25 0 23 46 21 44 19 42 17 40 15 38 13 36 11 34 9 32 7 30 5 28 3 26 1 24 47 22 45 20 43 18 41 16 39 14 37 12 35 10
34 35 36 37 38 39 40 41 42 43 44 45 46 47 0 1 2 3 4 5 6 7 8 9 10 11 12 13 14 15 16 17 18 19 20 21 22 23 24 25 26 27 28 29 30 31 32 33
35 10 33 8 31 6 29 4 27 2 25 0 23 46 21 44 19 42 17 40 15 38 13 36 11 34 9 32 7 30 5 28 3 26 1 24 47 22 45 20 43 18 41 16 39 14 37 12
36 37 38 39 40 41 42 43 44 45 46 47 0 1 2 3 4 5 6 7 8 9 10 11 12 13 14 15 16 17 18 19 20 21 22 23 24 25 26 27 28 29 30 31 32 33 34 35
37 12 35 10 33 8 31 6 29 4 27 2 25 0 23 46 21 44 19 42 17 40 15 38 13 36 11 34 9 32 7 30 5 28 3 26 1 24 47 22 45 20 43 18 41 16 39 14
38 39 40 41 42 43 44 45 46 47 0 1 2 3 4 5 6 7 8 9 10 11 12 13 14 15 16 17 18 19 20 21 22 23 24 25 26 27 28 29 30 31 32 33 34 35 36 37
39 14 37 12 35 10 33 8 31 6 29 4 27 2 25 0 23 46 21 44 19 42 17 40 15 38 13 36 11 34 9 32 7 30 5 28 3 26 1 24 47 22 45 20 43 18 41 16
40 41 42 43 44 45 46 47 0 1 2 3 4 5 6 7 8 9 10 11 12 13 14 15 16 17 18 19 20 21 22 23 24 25 26 27 28 29 30 31 32 33 34 35 36 37 38 39
41 16 39 14 37 12 35 10 33 8 31 6 29 4 27 2 25 0 23 46 21 44 19 42 17 40 15 38 13 36 11 34 9 32 7 30 5 28 3 26 1 24 47 22 45 20 43 18
42 43 44 45 46 47 0 1 2 3 4 5 6 7 8 9 10 11 12 13 14 15 16 17 18 19 20 21 22 23 24 25 26 27 28 29 30 31 32 33 34 35 36 37 38 39 40 41
43 18 41 16 39 14 37 12 35 10 33 8 31 6 29 4 27 2 25 0 23 46 21 44 19 42 17 40 15 38 13 36 11 34 9 32 7 30 5 28 3 26 1 24 47 22 45 20
44 45 46 47 0 1 2 3 4 5 6 7 8 9 10 11 12 13 14 15 16 17 18 19 20 21 22 23 24 25 26 27 28 29 30 31 32 33 34 35 36 37 38 39 40 41 42 43
45 20 43 18 41 16 39 14 37 12 35 10 33 8 31 6 29 4 27 2 25 0 23 46 21 44 19 42 17 40 15 38 13 36 11 34 9 32 7 30 5 28 3 26 1 24 47 22
46 47 0 1 2 3 4 5 6 7 8 9 10 11 12 13 14 15 16 17 18 19 20 21 22 23 24 25 26 27 28 29 30 31 32 33 34 35 36 37 38 39 40 41 42 43 44 45
47 22 45 20 43 18 41 16 39 14 37 12 35 10 33 8 31 6 29 4 27 2 25 0 23 46 21 44 19 42 17 40 15 38 13 36 11 34 9 32 7 30 5 28 3 26 1 24
Z3:Z16
0 1 2 3 4 5 6 7 8 9 10 11 12 13 14 15 16 17 18 19 20 21 22 23 24 25 26 27 28 29 30 31 32 33 34 35 36 37 38 39 40 41 42 43 44 45 46 47
1 2 3 4 5 6 7 8 9 10 11 12 13 14 15 0 33 34 35 36 37 38 39 40 41 42 43 44 45 46 47 32 17 18 19 20 21 22 23 24 25 26 27 28 29 30 31 16
2 3 4 5 6 7 8 9 10 11 12 13 14 15 0 1 18 19 20 21 22 23 24 25 26 27 28 29 30 31 16 17 34 35 36 37 38 39 40 41 42 43 44 45 46 47 32 33
3 4 5 6 7 8 9 10 11 12 13 14 15 0 1 2 35 36 37 38 39 40 41 42 43 44 45 46 47 32 33 34 19 20 21 22 23 24 25 26 27 28 29 30 31 16 17 18
4 5 6 7 8 9 10 11 12 13 14 15 0 1 2 3 20 21 22 23 24 25 26 27 28 29 30 31 16 17 18 19 36 37 38 39 40 41 42 43 44 45 46 47 32 33 34 35
5 6 7 8 9 10 11 12 13 14 15 0 1 2 3 4 37 38 39 40 41 42 43 44 45 46 47 32 33 34 35 36 21 22 23 24 25 26 27 28 29 30 31 16 17 18 19 20
6 7 8 9 10 11 12 13 14 15 0 1 2 3 4 5 22 23 24 25 26 27 28 29 30 31 16 17 18 19 20 21 38 39 40 41 42 43 44 45 46 47 32 33 34 35 36 37
7 8 9 10 11 12 13 14 15 0 1 2 3 4 5 6 39 40 41 42 43 44 45 46 47 32 33 34 35 36 37 38 23 24 25 26 27 28 29 30 31 16 17 18 19 20 21 22
8 9 10 11 12 13 14 15 0 1 2 3 4 5 6 7 24 25 26 27 28 29 30 31 16 17 18 19 20 21 22 23 40 41 42 43 44 45 46 47 32 33 34 35 36 37 38 39
9 10 11 12 13 14 15 0 1 2 3 4 5 6 7 8 41 42 43 44 45 46 47 32 33 34 35 36 37 38 39 40 25 26 27 28 29 30 31 16 17 18 19 20 21 22 23 24
10 11 12 13 14 15 0 1 2 3 4 5 6 7 8 9 26 27 28 29 30 31 16 17 18 19 20 21 22 23 24 25 42 43 44 45 46 47 32 33 34 35 36 37 38 39 40 41
11 12 13 14 15 0 1 2 3 4 5 6 7 8 9 10 43 44 45 46 47 32 33 34 35 36 37 38 39 40 41 42 27 28 29 30 31 16 17 18 19 20 21 22 23 24 25 26
12 13 14 15 0 1 2 3 4 5 6 7 8 9 10 11 28 29 30 31 16 17 18 19 20 21 22 23 24 25 26 27 44 45 46 47 32 33 34 35 36 37 38 39 40 41 42 43
13 14 15 0 1 2 3 4 5 6 7 8 9 10 11 12 45 46 47 32 33 34 35 36 37 38 39 40 41 42 43 44 29 30 31 16 17 18 19 20 21 22 23 24 25 26 27 28
14 15 0 1 2 3 4 5 6 7 8 9 10 11 12 13 30 31 16 17 18 19 20 21 22 23 24 25 26 27 28 29 46 47 32 33 34 35 36 37 38 39 40 41 42 43 44 45
15 0 1 2 3 4 5 6 7 8 9 10 11 12 13 14 47 32 33 34 35 36 37 38 39 40 41 42 43 44 45 46 31 16 17 18 19 20 21 22 23 24 25 26 27 28 29 30
16 17 18 19 20 21 22 23 24 25 26 27 28 29 30 31 32 33 34 35 36 37 38 39 40 41 42 43 44 45 46 47 0 1 2 3 4 5 6 7 8 9 10 11 12 13 14 15
17 18 19 20 21 22 23 24 25 26 27 28 29 30 31 16 1 2 3 4 5 6 7 8 9 10 11 12 13 14 15 0 33 34 35 36 37 38 39 40 41 42 43 44 45 46 47 32
18 19 20 21 22 23 24 25 26 27 28 29 30 31 16 17 34 35 36 37 38 39 40 41 42 43 44 45 46 47 32 33 2 3 4 5 6 7 8 9 10 11 12 13 14 15 0 1
19 20 21 22 23 24 25 26 27 28 29 30 31 16 17 18 3 4 5 6 7 8 9 10 11 12 13 14 15 0 1 2 35 36 37 38 39 40 41 42 43 44 45 46 47 32 33 34
20 21 22 23 24 25 26 27 28 29 30 31 16 17 18 19 36 37 38 39 40 41 42 43 44 45 46 47 32 33 34 35 4 5 6 7 8 9 10 11 12 13 14 15 0 1 2 3
21 22 23 24 25 26 27 28 29 30 31 16 17 18 19 20 5 6 7 8 9 10 11 12 13 14 15 0 1 2 3 4 37 38 39 40 41 42 43 44 45 46 47 32 33 34 35 36
22 23 24 25 26 27 28 29 30 31 16 17 18 19 20 21 38 39 40 41 42 43 44 45 46 47 32 33 34 35 36 37 6 7 8 9 10 11 12 13 14 15 0 1 2 3 4 5
23 24 25 26 27 28 29 30 31 16 17 18 19 20 21 22 7 8 9 10 11 12 13 14 15 0 1 2 3 4 5 6 39 40 41 42 43 44 45 46 47 32 33 34 35 36 37 38
24 25 26 27 28 29 30 31 16 17 18 19 20 21 22 23 40 41 42 43 44 45 46 47 32 33 34 35 36 37 38 39 8 9 10 11 12 13 14 15 0 1 2 3 4 5 6 7
25 26 27 28 29 30 31 16 17 18 19 20 21 22 23 24 9 10 11 12 13 14 15 0 1 2 3 4 5 6 7 8 41 42 43 44 45 46 47 32 33 34 35 36 37 38 39 40
26 27 28 29 30 31 16 17 18 19 20 21 22 23 24 25 42 43 44 45 46 47 32 33 34 35 36 37 38 39 40 41 10 11 12 13 14 15 0 1 2 3 4 5 6 7 8 9
27 28 29 30 31 16 17 18 19 20 21 22 23 24 25 26 11 12 13 14 15 0 1 2 3 4 5 6 7 8 9 10 43 44 45 46 47 32 33 34 35 36 37 38 39 40 41 42
28 29 30 31 16 17 18 19 20 21 22 23 24 25 26 27 44 45 46 47 32 33 34 35 36 37 38 39 40 41 42 43 12 13 14 15 0 1 2 3 4 5 6 7 8 9 10 11
29 30 31 16 17 18 19 20 21 22 23 24 25 26 27 28 13 14 15 0 1 2 3 4 5 6 7 8 9 10 11 12 45 46 47 32 33 34 35 36 37 38 39 40 41 42 43 44
30 31 16 17 18 19 20 21 22 23 24 25 26 27 28 29 46 47 32 33 34 35 36 37 38 39 40 41 42 43 44 45 14 15 0 1 2 3 4 5 6 7 8 9 10 11 12 13
31 16 17 18 19 20 21 22 23 24 25 26 27 28 29 30 15 0 1 2 3 4 5 6 7 8 9 10 11 12 13 14 47 32 33 34 35 36 37 38 39 40 41 42 43 44 45 46
32 33 34 35 36 37 38 39 40 41 42 43 44 45 46 47 0 1 2 3 4 5 6 7 8 9 10 11 12 13 14 15 16 17 18 19 20 21 22 23 24 25 26 27 28 29 30 31
33 34 35 36 37 38 39 40 41 42 43 44 45 46 47 32 17 18 19 20 21 22 23 24 25 26 27 28 29 30 31 16 1 2 3 4 5 6 7 8 9 10 11 12 13 14 15 0
34 35 36 37 38 39 40 41 42 43 44 45 46 47 32 33 2 3 4 5 6 7 8 9 10 11 12 13 14 15 0 1 18 19 20 21 22 23 24 25 26 27 28 29 30 31 16 17
35 36 37 38 39 40 41 42 43 44 45 46 47 32 33 34 19 20 21 22 23 24 25 26 27 28 29 30 31 16 17 18 3 4 5 6 7 8 9 10 11 12 13 14 15 0 1 2
36 37 38 39 40 41 42 43 44 45 46 47 32 33 34 35 4 5 6 7 8 9 10 11 12 13 14 15 0 1 2 3 20 21 22 23 24 25 26 27 28 29 30 31 16 17 18 19
37 38 39 40 41 42 43 44 45 46 47 32 33 34 35 36 21 22 23 24 25 26 27 28 29 30 31 16 17 18 19 20 5 6 7 8 9 10 11 12 13 14 15 0 1 2 3 4
38 39 40 41 42 43 44 45 46 47 32 33 34 35 36 37 6 7 8 9 10 11 12 13 14 15 0 1 2 3 4 5 22 23 24 25 26 27 28 29 30 31 16 17 18 19 20 21
39 40 41 42 43 44 45 46 47 32 33 34 35 36 37 38 23 24 25 26 27 28 29 30 31 16 17 18 19 20 21 22 7 8 9 10 11 12 13 14 15 0 1 2 3 4 5 6
40 41 42 43 44 45 46 47 32 33 34 35 36 37 38 39 8 9 10 11 12 13 14 15 0 1 2 3 4 5 6 7 24 25 26 27 28 29 30 31 16 17 18 19 20 21 22 23
41 42 43 44 45 46 47 32 33 34 35 36 37 38 39 40 25 26 27 28 29 30 31 16 17 18 19 20 21 22 23 24 9 10 11 12 13 14 15 0 1 2 3 4 5 6 7 8
42 43 44 45 46 47 32 33 34 35 36 37 38 39 40 41 10 11 12 13 14 15 0 1 2 3 4 5 6 7 8 9 26 27 28 29 30 31 16 17 18 19 20 21 22 23 24 25
43 44 45 46 47 32 33 34 35 36 37 38 39 40 41 42 27 28 29 30 31 16 17 18 19 20 21 22 23 24 25 26 11 12 13 14 15 0 1 2 3 4 5 6 7 8 9 10
44 45 46 47 32 33 34 35 36 37 38 39 40 41 42 43 12 13 14 15 0 1 2 3 4 5 6 7 8 9 10 11 28 29 30 31 16 17 18 19 20 21 22 23 24 25 26 27
45 46 47 32 33 34 35 36 37 38 39 40 41 42 43 44 29 30 31 16 17 18 19 20 21 22 23 24 25 26 27 28 13 14 15 0 1 2 3 4 5 6 7 8 9 10 11 12
46 47 32 33 34 35 36 37 38 39 40 41 42 43 44 45 14 15 0 1 2 3 4 5 6 7 8 9 10 11 12 13 30 31 16 17 18 19 20 21 22 23 24 25 26 27 28 29
47 32 33 34 35 36 37 38 39 40 41 42 43 44 45 46 31 16 17 18 19 20 21 22 23 24 25 26 27 28 29 30 15 0 1 2 3 4 5 6 7 8 9 10 11 12 13 14
Z3:Z8xZ2
0 1 2 3 4 5 6 7 8 9 10 11 12 13 14 15 16 17 18 19 20 21 22 23 24 25 26 27 28 29 30 31 32 33 34 35 36 37 38 39 40 41 42 43 44 45 46 47
1 0 3 2 5 4 7 6 9 8 11 10 13 12 15 14 33 32 35 34 37 36 39 38 41 40 43 42 45 44 47 46 17 16 19 18 21 20 23 22 25 24 27 26 29 28 31 30
2 3 4 5 6 7 8 9 10 11 12 13 14 15 0 1 18 19 20 21 22 23 24 25 26 27 28 29 30 31 16 17 34 35 36 37 38 39 40 41 42 43 44 45 46 47 32 33
3 2 5 4 7 6 9 8 11 10 13 12 15 14 1 0 35 34 37 36 39 38 41 40 43 42 45 44 47 46 33 32 19 18 21 20 23 22 25 24 27 26 29 28 31 30 17 16
4 5 6 7 8 9 10 11 12 13 14 15 0 1 2 3 20 21 22 23 24 25 26 27 28 29 30 31 16 17 18 19 36 37 38 39 40 41 42 43 44 45 46 47 32 33 34 35
5 4 7 6 9 8 11 10 13 12 15 14 1 0 3 2 37 36 39 38 41 40 43 42 45 44 47 46 33 32 35 34 21 20 23 22 25 24 27 26 29 28 31 30 17 16 19 18
6 7 8 9 10 11 12 13 14 15 0 1 2 3 4 5 22 23 24 25 26 27 28 29 30 31 16 17 18 19 20 21 38 39 40 41 42 43 44 45 46 47 32 33 34 35 36 37
7 6 9 8 11 10 13 12 15 14 1 0 3 2 5 4 39 38 41 40 43 42 45 44 47 46 33 32 35 34 37 36 23 22 25 24 27 26 29 28 31 30 17 16 19 18 21 20
8 9 10 11 12 13 14 15 0 1 2 3 4 5 6 7 24 25 26 27 28 29 30 31 16 17 18 19 20 21 22 23 40 41 42 43 44 45 46 47 32 33 34 35 36 37 38 39
9 8 11 10 13 12 15 14 1 0 3 2 5 4 7 6 41 40 43 42 45 44 47 46 33 32 35 34 37 36 39 38 25 24 27 26 29 28 31 30 17 16 19 18 21 20 23 22
10 11 12 13 14 15 0 1 2 3 4 5 6 7 8 9 26 27 28 29 30 31 16 17 18 19 20 21 22 23 24 25 42 43 44 45 46 47 32 33 34 35 36 37 38 39 40 41
11 10 13 12 15 14 1 0 3 2 5 4 7 6 9 8 43 42 45 44 47 46 33 32 35 34 37 36 39 38 41 40 27 26 29 28 31 30 17 16 19 18 21 20 23 22 25 24
12 13 14 15 0 1 2 3 4 5 6 7 8 9 10 11 28 29 30 31 16 17 18 19 20 21 22 23 24 25 26 27 44 45 46 47 32 33 34 35 36 37 38 39 40 41 42 43
13 12 15 14 1 0 3 2 5 4 7 6 9 8 11 10 45 44 47 46 33 32 35 34 37 36 39 38 41 40 43 42 29 28 31 30 17 16 19 18 21 20 23 22 25 24 27 26
14 15 0 1 2 3 4 5 6 7 8 9 10 11 12 13 30 31 16 17 18 19 20 21 22 23 24 25 26 27 28 29 46 47 32 33 34 35 36 37 38 39 40 41 42 43 44 45
15 14 1 0 3 2 5 4 7 6 9 8 11 10 13 12 47 46 33 32 35 34 37 36 39 38 41 40 43 42 45 44 31 30 17 16 19 18 21 20 23 22 25 24 27 26 29 28
16 17 18 19 20 21 22 23 24 25 26 27 28 29 30 31 32 33 34 35 36 37 38 39 40 41 42 43 44 45 46 47 0 1 2 3 4 5 6 7 8 9 10 11 12 13 14 15
17 16 19 18 21 20 23 22 25 24 27 26 29 28 31 30 1 0 3 2 5 4 7 6 9 8 11 10 13 12 15 14 33 32 35 34 37 36 39 38 41 40 43 42 45 44 47 46
18 19 20 21 22 23 24 25 26 27 28 29 30 31 16 17 34 35 36 37 38 39 40 41 42 43 44 45 46 47 32 33 2 3 4 5 6 7 8 9 10 11 12 13 14 15 0 1
19 18 21 20 23 22 25 24 27 26 29 28 31 30 17 16 3 2 5 4 7 6 9 8 11 10 13 12 15 14 1 0 35 34 37 36 39 38 41 40 43 42 45 44 47 46 33 32
20 21 22 23 24 25 26 27 28 29 30 31 16 17 18 19 36 37 38 39 40 41 42 43 44 45 46 47 32 33 34 35 4 5 6 7 8 9 10 11 12 13 14 15 0 1 2 3
21 20 23 22 25 24 27 26 29 28 31 30 17 16 19 18 5 4 7 6 9 8 11 10 13 12 15 14 1 0 3 2 37 36 39 38 41 40 43 42 45 44 47 46 33 32 35 34
22 23 24 25 26 27 28 29 30 31 16 17 18 19 20 21 38 39 40 41 42 43 44 45 46 47 32 33 34 35 36 37 6 7 8 9 10 11 12 13 14 15 0 1 2 3 4 5
23 22 25 24 27 26 29 28 31 30 17 16 19 18 21 20 7 6 9 8 11 10 13 12 15 14 1 0 3 2 5 4 39 38 41 40 43 42 45 44 47 46 33 32 35 34 37 36
24 25 26 27 28 29 30 31 16 17 18 19 20 21 22 23 40 41 42 43 44 45 46 47 32 33 34 35 36 37 38 39 8 9 10 11 12 13 14 15 0 1 2 3 4 5 6 7
25 24 27 26 29 28 31 30 17 16 19 18 21 20 23 22 9 8 11 10 13 12 15 14 1 0 3 2 5 4 7 6 41 40 43 42 45 44 47 46 33 32 35 34 37 36 39 38
26 27 28 29 30 31 16 17 18 19 20 21 22 23 24 25 42 43 44 45 46 47 32 33 34 35 36 37 38 39 40 41 10 11 12 13 14 15 0 1 2 3 4 5 6 7 8 9
27 26 29 28 31 30 17 16 19 18 21 20 23 22 25 24 11 10 13 12 15 14 1 0 3 2 5 4 7 6 9 8 43 42 45 44 47 46 33 32 35 34 37 36 39 38 41 40
28 29 30 31 16 17 18 19 20 21 22 23 24 25 26 27 44 45 46 47 32 33 34 35 36 37 38 39 40 41 42 43 12 13 14 15 0 1 2 3 4 5 6 7 8 9 10 11
29 28 31 30 17 16 19 18 21 20 23 22 25 24 27 26 13 12 15 14 1 0 3 2 5 4 7 6 9 8 11 10 45 44 47 46 33 32 35 34 37 36 39 38 41 40 43 42
30 31 16 17 18 19 20 21 22 23 24 25 26 27 28 29 46 47 32 33 34 35 36 37 38 39 40 41 42 43 44 45 14 15 0 1 2 3 4 5 6 7 8 9 10 11 12 13
31 30 17 16 19 18 21 20 23 22 25 24 27 26 29 28 15 14 1 0 3 2 5 4 7 6 9 8 11 10 13 12 47 46 33 32 35 34 37 36 39 38 41 40 43 42 45 44
32 33 34 35 36 37 38 39 40 41 42 43 44 45 46 47 0 1 2 3 4 5 6 7 8 9 10 11 12 13 14 15 16 17 18 19 20 21 22 23 24 25 26 27 28 29 30 31
33 32 35 34 37 36 39 38 41 40 43 42 45 44 47 46 17 16 19 18 21 20 23 22 25 24 27 26 29 28 31 30 1 0 3 2 5 4 7 6 9 8 11 10 13 12 15 14
34 35 36 37 38 39 40 41 42 43 44 45 46 47 32 33 2 3 4 5 6 7 8 9 10 11 12 13 14 15 0 1 18 19 20 21 22 23 24 25 26 27 28 29 30 31 16 17
35 34 37 36 39 38 41 40 43 42 45 44 47 46 33 32 19 18 21 20 23 22 25 24 27 26 29 28 31 30 17 16 3 2 5 4 7 6 9 8 11 10 13 12 15 14 1 0
36 37 38 39 40 41 42 43 44 45 46 47 32 33 34 35 4 5 6 7 8 9 10 11 12 13 14 15 0 1 2 3 20 21 22 23 24 25 26 27 28 29 30 31 16 17 18 19
37 36 39 38 41 40 43 42 45 44 47 46 33 32 35 34 21 20 23 22 25 24 27 26 29 28 31 30 17 16 19 18 5 4 7 6 9 8 11 10 13 12 15 14 1 0 3 2
38 39 40 41 42 43 44 45 46 47 32 33 34 35 36 37 6 7 8 9 10 11 12 13 14 15 0 1 2 3 4 5 22 23 24 25 26 27 28 29 30 31 16 17 18 19 20 21
39 38 41 40 43 42 45 44 47 46 33 32 35 34 37 36 23 22 25 24 27 26 29 28 31 30 17 16 19 18 21 20 7 6 9 8 11 10 13 12 15 14 1 0 3 2 5 4
40 41 42 43 44 45 46 47 32 33 34 35 36 37 38 39 8 9 10 11 12 13 14 15 0 1 2 3 4 5 6 7 24 25 26 27 28 29 30 31 16 17 18 19 20 21 22 23
41 40 43 42 45 44 47 46 33 32 35 34 37 36 39 38 25 24 27 26 29 28 31 30 17 16 19 18 21 20 23 22 9 8 11 10 13 12 15 14 1 0 3 2 5 4 7 6
42 43 44 45 46 47 32 33 34 35 36 37 38 39 40 41 10 11 12 13 14 15 0 1 2 3 4 5 6 7 8 9 26 27 28 29 30 31 16 17 18 19 20 21 22 23 24 25
43 42 45 44 47 46 33 32 35 34 37 36 39 38 41 40 27 26 29 28 31 30 17 16 19 18 21 20 23 22 25 24 11 10 13 12 15 14 1 0 3 2 5 4 7 6 9 8
44 45 46 47 32 33 34 35 36 37 38 39 40 41 42 43 12 13 14 15 0 1 2 3 4 5 6 7 8 9 10 11 28 29 30 31 16 17 18 19 20 21 22 23 24 25 26 27
45 44 47 46 33 32 35 34 37 36 39 38 41 40 43 42 29 28 31 30 17 16 19 18 21 20 23 22 25 24 27 26 13 12 15 14 1 0 3 2 5 4 7 6 9 8 11 10
46 47 32 33 34 35 36 37 38 39 40 41 42 43 44 45 14 15 0 1 2 3 4 5 6 7 8 9 10 11 12 13 30 31 16 17 18 19 20 21 22 23 24 25 26 27 28 29
47 46 33 32 35 34 37 36 39 38 41 40 43 42 45 44 31 30 17 16 19 18 21 20 23 22 25 24 27 26 29 28 15 14 1 0 3 2 5 4 7 6 9 8 11 10 13 12
Z3:Z8xZ2
0 1 2 3 4 5 6 7 8 9 10 11 12 13 14 15 16 17 18 19 20 21 22 23 24 25 26 27 28 29 30 31 32 33 34 35 36 37 38 39 40 41 42 43 44 45 46 47
1 0 3 2 5 4 7 6 9 8 11 10 13 12 15 14 17 16 19 18 21 20 23 22 25 24 27 26 29 28 31 30 33 32 35 34 37 36 39 38 41 40 43 42 45 44 47 46
2 3 4 5 6 7 8 9 10 11 12 13 14 15 0 1 34 35 36 37 38 39 40 41 42 43 44 45 46 47 32 33 18 19 20 21 22 23 24 25 26 27 28 29 30 31 16 17
3 2 5 4 7 6 9 8 11 10 13 12 15 14 1 0 35 34 37 36 39 38 41 40 43 42 45 44 47 46 33 32 19 18 21 20 23 22 25 24 27 26 29 28 31 30 17 16
4 5 6 7 8 9 10 11 12 13 14 15 0 1 2 3 20 21 22 23 24 25 26 27 28 29 30 31 16 17 18 19 36 37 38 39 40 41 42 43 44 45 46 47 32 33 34 35
5 4 7 6 9 8 11 10 13 12 15 14 1 0 3 2 21 20 23 22 25 24 27 26 29 28 31 30 17 16 19 18 37 36 39 38 41 40 43 42 45 44 47 46 33 32 35 34
6 7 8 9 10 11 12 13 14 15 0 1 2 3 4 5 38 39 40 41 42 43 44 45 46 47 32 33 34 35 36 37 22 23 24 25 26 27 28 29 30 31 16 17 18 19 20 21
7 6 9 8 11 10 13 12 15 14 1 0 3 2 5 4 39 38 41 40 43 42 45 44 47 46 33 32 35 34 37 36 23 22 25 24 27 26 29 28 31 30 17 16 19 18 21 20
8 9 10 11 12 13 14 15 0 1 2 3 4 5 6 7 24 25 26 27 28 29 30 31 16 17 18 19 20 21 22 23 40 41 42 43 44 45 46 47 32 33 34 35 36 37 38 39
9 8 11 10 13 12 15 14 1 0 3 2 5 4 7 6 25 24 27 26 29 28 31 30 17 16 19 18 21 20 23 22 41 40 43 42 45 44 47 46 33 32 35 34 37 36 39 38
10 11 12 13 14 15 0 1 2 3 4 5 6 7 8 9 42 43 44 45 46 47 32 33 34 35 36 37 38 39 40 41 26 27 28 29 30 31 16 17 18 19 20 21 22 23 24 25
11 10 13 12 15 14 1 0 3 2 5 4 7 6 9 8 43 42 45 44 47 46 33 32 35 34 37 36 39 38 41 40 27 26 29 28 31 30 17 16 19 18 21 20 23 22 25 24
12 13 14 15 0 1 2 3 4 5 6 7 8 9 10 11 28 29 30 31 16 17 18 19 20 21 22 23 24 25 26 27 44 45 46 47 32 33 34 35 36 37 38 39 40 41 42 43
13 12 15 14 1 0 3 2 5 4 7 6 9 8 11 10 29 28 31 30 17 16 19 18 21 20 23 22 25 24 27 26 45 44 47 46 33 32 35 34 37 36 39 38 41 40 43 42
14 15 0 1 2 3 4 5 6 7 8 9 10 11 12 13 46 47 32 33 34 35 36 37 38 39 40 41 42 43 44 45 30 31 16 17 18 19 20 21 22 23 24 25 26 27 28 29
15 14 1 0 3 2 5 4 7 6 9 8 11 10 13 12 47 46 33 32 35 34 37 36 39 38 41 40 43 42 45 44 31 30 17 16 19 18 21 20 23 22 25 24 27 26 29 28
16 17 18 19 20 21 22 23 24 25 26 27 28 29 30 31 32 33 34 35 36 37 38 39 40 41 42 43 44 45 46 47 0 1 2 3 4 5 6 7 8 9 10 11 12 13 14 15
17 16 19 18 21 20 23 22 25 24 27 26 29 28 31 30 33 32 35 34 37 36 39 38 41 40 43 42 45 44 47 46 1 0 3 2 5 4 7 6 9 8 11 10 13 12 15 14
18 19 20 21 22 23 24 25 26 27 28 29 30 31 16 17 2 3 4 5 6 7 8 9 10 11 12 13 14 15 0 1 34 35 36 37 38 39 40 41 42 43 44 45 46 47 32 33
19 18 21 20 23 22 25 24 27 26 29 28 31 30 17 16 3 2 5 4 7 6 9 8 11 10 13 12 15 14 1 0 35 34 37 36 39 38 41 40 43 42 45 44 47 46 33 32
20 21 22 23 24 25 26 27 28 29 30 31 16 17 18 19 36 37 38 39 40 41 42 43 44 45 46 47 32 33 34 35 4 5 6 7 8 9 10 11 12 13 14 15 0 1 2 3
21 20 23 22 25 24 27 26 29 28 31 30 17 16 19 18 37 36 39 38 41 40 43 42 45 44 47 46 33 32 35 34 5 4 7 6 9 8 11 10 13 12 15 14 1 0 3 2
22 23 24 25 26 27 28 29 30 31 16 17 18 19 20 21 6 7 8 9 10 11 12 13 14 15 0 1 2 3 4 5 38 39 40 41 42 43 44 45 46 47 32 33 34 35 36 37
23 22 25 24 27 26 29 28 31 30 17 16 19 18 21 20 7 6 9 8 11 10 13 12 15 14 1 0 3 2 5 4 39 38 41 40 43 42 45 44 47 46 33 32 35 34 37 36
24 25 26 27 28 29 30 31 16 17 18 19 20 21 22 23 40 41 42 43 44 45 46 47 32 33 34 35 36 37 38 39 8 9 10 11 12 13 14 15 0 1 2 3 4 5 6 7
25 24 27 26 29 28 31 30 17 16 19 18 21 20 23 22 41 40 43 42 45 44 47 46 33 32 35 34 37 36 39 38 9 8 11 10 13 12 15 14 1 0 3 2 5 4 7 6
26 27 28 29 30 31 16 17 18 19 20 21 22 23 24 25 10 11 12 13 14 15 0 1 2 3 4 5 6 7 8 9 42 43 44 45 46 47 32 33 34 35 36 37 38 39 40 41
27 26 29 28 31 30 17 16 19 18 21 20 23 22 25 24 11 10 13 12 15 14 1 0 3 2 5 4 7 6 9 8 43 42 45 44 47 46 33 32 35 34 37 36 39 38 41 40
28 29 30 31 16 17 18 19 20 21 22 23 24 25 26 27 44 45 46 47 32 33 34 35 36 37 38 39 40 41 42 43 12 13 14 15 0 1 2 3 4 5 6 7 8 9 10 11
29 28 31 30 17 16 19 18 21 20 23 22 25 24 27 26 45 44 47 46 33 32 35 34 37 36 39 38 41 40 43 42 13 12 15 14 1 0 3 2 5 4 7 6 9 8 11 10
30 31 16 17 18 19 20 21 22 23 24 25 26 27 28 29 14 15 0 1 2 3 4 5 6 7 8 9 10 11 12 13 46 47 32 33 34 35 36 37 38 39 40 41 42 43 44 45
31 30 17 16 19 18 21 20 23 22 25 24 27 26 29 28 15 14 1 0 3 2 5 4 7 6 9 8 11 10 13 12 47 46 33 32 35 34 37 36 39 38 41 40 43 42 45 44
32 33 34 35 36 37 38 39 40 41 42 43 44 45 46 47 0 1 2 3 4 5 6 7 8 9 10 11 12 13 14 15 16 17 18 19 20 21 22 23 24 25 26 27 28 29 30 31
33 32 35 34 37 36 39 38 41 40 43 42 45 44 47 46 1 0 3 2 5 4 7 6 9 8 11 10 13 12 15 14 17 16 19 18 21 20 23 22 25 24 27 26 29 28 31 30
34 35 36 37 38 39 40 41 42 43 44 45 46 47 32 33 18 19 20 21 22 23 24 25 26 27 28 29 30 31 16 17 2 3 4 5 6 7 8 9 10 11 12 13 14 15 0 1
35 34 37 36 39 38 41 40 43 42 45 44 47 46 33 32 19 18 21 20 23 22 25 24 27 26 29 28 31 30 17 16 3 2 5 4 7 6 9 8 11 10 13 12 15 14 1 0
36 37 38 39 40 41 42 43 44 45 46 47 32 33 34 35 4 5 6 7 8 9 10 11 12 13 14 15 0 1 2 3 20 21 22 23 24 25 26 27 28 29 30 31 16 17 18 19
37 36 39 38 41 40 43 42 45 44 47 46 33 32 35 34 5 4 7 6 9 8 11 10 13 12 15 14 1 0 3 2 21 20 23 22 25 24 27 26 29 28 31 30 17 16 19 18
38 39 40 41 42 43 44 45 46 47 32 33 34 35 36 37 22 23 24 25 26 27 28 29 30 31 16 17 18 19 20 21 6 7 8 9 10 11 12 13 14 15 0 1 2 3 4 5
39 38 41 40 43 42 45 44 47 46 33 32 35 34 37 36 23 22 25 24 27 26 29 28 31 30 17 16 19 18 21 20 7 6 9 8 11 10 13 12 15 14 1 0 3 2 5 4
40 41 42 43 44 45 46 47 32 33 34 35 36 37 38 39 8 9 10 11 12 13 14 15 0 1 2 3 4 5 6 7 24 25 26 27 28 29 30 31 16 17 18 19 20 21 22 23
41 40 43 42 45 44 47 46 33 32 35 34 37 36 39 38 9 8 11 10 13 12 15 14 1 0 3 2 5 4 7 6 25 24 27 26 29 28 31 30 17 16 19 18 21 20 23 22
42 43 44 45 46 47 32 33 34 35 36 37 38 39 40 41 26 27 28 29 30 31 16 17 18 19 20 21 22 23 24 25 10 11 12 13 14 15 0 1 2 3 4 5 6 7 8 9
43 42 45 44 47 46 33 32 35 34 37 36 39 38 41 40 27 26 29 28 31 30 17 16 19 18 21 20 23 22 25 24 11 10 13 12 15 14 1 0 3 2 5 4 7 6 9 8
44 45 46 47 32 33 34 35 36 37 38 39 40 41 42 43 12 13 14 15 0 1 2 3 4 5 6 7 8 9 10 11 28 29 30 31 16 17 18 19 20 21 22 23 24 25 26 27
45 44 47 46 33 32 35 34 37 36 39 38 41 40 43 42 13 12 15 14 1 0 3 2 5 4 7 6 9 8 11 10 29 28 31 30 17 16 19 18 21 20 23 22 25 24 27 26
46 47 32 33 34 35 36 37 38 39 40 41 42 43 44 45 30 31 16 17 18 19 20 21 22 23 24 25 26 27 28 29 14 15 0 1 2 3 4 5 6 7 8 9 10 11 12 13
47 46 33 32 35 34 37 36 39 38 41 40 43 42 45 44 31 30 17 16 19 18 21 20 23 22 25 24 27 26 29 28 15 14 1 0 3 2 5 4 7 6 9 8 11 10 13 12
Z3:Z4xZ4
0 1 2 3 4 5 6 7 8 9 10 11 12 13 14 15 16 17 18 19 20 21 22 23 24 25 26 27 28 29 30 31 32 33 34 35 36 37 38 39 40 41 42 43 44 45 46 47
1 2 3 0 5 6 7 4 9 10 11 8 13 14 15 12 17 18 19 16 21 22 23 20 25 26 27 24 29 30 31 28 33 34 35 32 37 38 39 36 41 42 43 40 45 46 47 44
2 3 0 1 6 7 4 5 10 11 8 9 14 15 12 13 18 19 16 17 22 23 20 21 26 27 24 25 30 31 28 29 34 35 32 33 38 39 36 37 42 43 40 41 46 47 44 45
3 0 1 2 7 4 5 6 11 8 9 10 15 12 13 14 19 16 17 18 23 20 21 22 27 24 25 26 31 28 29 30 35 32 33 34 39 36 37 38 43 40 41 42 47 44 45 46
4 5 6 7 8 9 10 11 12 13 14 15 0 1 2 3 36 37 38 39 40 41 42 43 44 45 46 47 32 33 34 35 20 21 22 23 24 25 26 27 28 29 30 31 16 17 18 19
5 6 7 4 9 10 11 8 13 14 15 12 1 2 3 0 37 38 39 36 41 42 43 40 45 46 47 44 33 34 35 32 21 22 23 20 25 26 27 24 29 30 31 28 17 18 19 16
6 7 4 5 10 11 8 9 14 15 12 13 2 3 0 1 38 39 36 37 42 43 40 41 46 47 44 45 34 35 32 33 22 23 20 21 26 27 24 25 30 31 28 29 18 19 16 17
7 4 5 6 11 8 9 10 15 12 13 14 3 0 1 2 39 36 37 38 43 40 41 42 47 44 45 46 35 32 33 34 23 20 21 22 27 24 25 26 31 28 29 30 19 16 17 18
8 9 10 11 12 13 14 15 0 1 2 3 4 5 6 7 24 25 26 27 28 29 30 31 16 17 18 19 20 21 22 23 40 41 42 43 44 45 46 47 32 33 34 35 36 37 38 39
9 10 11 8 13 14 15 12 1 2 3 0 5 6 7 4 25 26 27 24 29 30 31 28 17 18 19 16 21 22 23 20 41 42 43 40 45 46 47 44 33 34 35 32 37 38 39 36
10 11 8 9 14 15 12 13 2 3 0 1 6 7 4 5 26 27 24 25 30 31 28 29 18 19 16 17 22 23 20 21 42 43 40 41 46 47 44 45 34 35 32 33 38 39 36 37
11 8 9 10 15 12 13 14 3 0 1 2 7 4 5 6 27 24 25 26 31 28 29 30 19 16 17 18 23 20 21 22 43 40 41 42 47 44 45 46 35 32 33 34 39 36 37 38
12 13 14 15 0 1 2 3 4 5 6 7 8 9 10 11 44 45 46 47 32 33 34 35 36 37 38 39 40 41 42 43 28 29 30 31 16 17 18 19 20 21 22 23 24 25 26 27
13 14 15 12 1 2 3 0 5 6 7 4 9 10 11 8 45 46 47 44 33 34 35 32 37 38 39 36 41 42 43 40 29 30 31 28 17 18 19 16 21 22 23 20 25 26 27 24
14 15 12 13 2 3 0 1 6 7 4 5 10 11 8 9 46 47 44 45 34 35 32 33 38 39 36 37 42 43 40 41 30 31 28 29 18 19 16 17 22 23 20 21 26 27 24 25
15 12 13 14 3 0 1 2 7 4 5 6 11 8 9 10 47 44 45 46 35 32 33 34 39 36 37 38 43 40 41 42 31 28 29 30 19 16 17 18 23 20 21 22 27 24 25 26
16 17 18 19 20 21 22 23 24 25 26 27 28 29 30 31 32 33 34 35 36 37 38 39 40 41 42 43 44 45 46 47 0 1 2 3 4 5 6 7 8 9 10 11 12 13 14 15
17 18 19 16 21 22 23 20 25 26 27 24 29 30 31 28 33 34 35 32 37 38 39 36 41 42 43 40 45 46 47 44 1 2 3 0 5 6 7 4 9 10 11 8 13 14 15 12
18 19 16 17 22 23 20 21 26 27 24 25 30 31 28 29 34 35 32 33 38 39 36 37 42 43 40 41 46 47 44 45 2 3 0 1 6 7 4 5 10 11 8 9 14 15 12 13
19 16 17 18 23 20 21 22 27 24 25 26 31 28 29 30 35 32 33 34 39 36 37 38 43 40 41 42 47 44 45 46 3 0 1 2 7 4 5 6 11 8 9 10 15 12 13 14
20 21 22 23 24 25 26 27 28 29 30 31 16 17 18 19 4 5 6 7 8 9 10 11 12 13 14 15 0 1 2 3 36 37 38 39 40 41 42 43 44 45 46 47 32 33 34 35
21 22 23 20 25 26 27 24 29 30 31 28 17 18 19 16 5 6 7 4 9 10 11 8 13 14 15 12 1 2 3 0 37 38 39 36 41 42 43 40 45 46 47 44 33 34 35 32
22 23 20 21 26 27 24 25 30 31 28 29 18 19 16 17 6 7 4 5 10 11 8 9 14 15 12 13 2 3 0 1 38 39 36 37 42 43 40 41 46 47 44 45 34 35 32 33
23 20 21 22 27 24 25 26 31 28 29 30 19 16 17 18 7 4 5 6 11 8 9 10 15 12 13 14 3 0 1 2 39 36 37 38 43 40 41 42 47 44 45 46 35 32 33 34
24 25 26 27 28 29 30 31 16 17 18 19 20 21 22 23 40 41 42 43 44 45 46 47 32 33 34 35 36 37 38 39 8 9 10 11 12 13 14 15 0 1 2 3 4 5 6 7
25 26 27 24 29 30 31 28 17 18 19 16 21 22 23 20 41 42 43 40 45 46 47 44 33 34 35 32 37 38 39 36 9 10 11 8 13 14 15 12 1 2 3 0 5 6 7 4
26 27 24 25 30 31 28 29 18 19 16 17 22 23 20 21 42 43 40 41 46 47 44 45 34 35 32 33 38 39 36 37 10 11 8 9 14 15 12 13 2 3 0 1 6 7 4 5
27 24 25 26 31 28 29 30 19 16 17 18 23 20 21 22 43 40 41 42 47 44 45 46 35 32 33 34 39 36 37 38 11 8 9 10 15 12 13 14 3 0 1 2 7 4 5 6
28 29 30 31 16 17 18 19 20 21 22 23 24 25 26 27 12 13 14 15 0 1 2 3 4 5 6 7 8 9 10 11 44 45 46 47 32 33 34 35 36 37 38 39 40 41 42 43
29 30 31 28 17 18 19 16 21 22 23 20 25 26 27 24 13 14 15 12 1 2 3 0 5 6 7 4 9 10 11 8 45 46 47 44 33 34 35 32 37 38 39 36 41 42 43 40
30 31 28 29 18 19 16 17 22 23 20 21 26 27 24 25 14 15 12 13 2 3 0 1 6 7 4 5 10 11 8 9 46 47 44 45 34 35 32 33 38 39 36 37 42 43 40 41
31 28 29 30 19 16 17 18 23 20 21 22 27 24 25 26 15 12 13 14 3 0 1 2 7 4 5 6 11 8 9 10 47 44 45 46 35 32 33 34 39 36 37 38 43 40 41 42
32 33 34 35 36 37 38 39 40 41 42 43 44 45 46 47 0 1 2 3 4 5 6 7 8 9 10 11 12 13 14 15 16 17 18 19 20 21 22 23 24 25 26 27 28 29 30 31
33 34 35 32 37 38 39 36 41 42 43 40 45 46 47 44 1 2 3 0 5 6 7 4 9 10 11 8 13 14 15 12 17 18 19 16 21 22 23 20 25 26 27 24 29 30 31 28
34 35 32 33 38 39 36 37 42 43 40 41 46 47 44 45 2 3 0 1 6 7 4 5 10 11 8 9 14 15 12 13 18 19 16 17 22 23 20 21 26 27 24 25 30 31 28 29
35 32 33 34 39 36 37 38 43 40 41 42 47 44 45 46 3 0 1 2 7 4 5 6 11 8 9 10 15 12 13 14 19 16 17 18 23 20 21 22 27 24 25 26 31 28 29 30
36 37 38 39 40 41 42 43 44 45 46 47 32 33 34 35 20 21 22 23 24 25 26 27 28 29 30 31 16 17 18 19 4 5 6 7 8 9 10 11 12 13 14 15 0 1 2 3
37 38 39 36 41 42 43 40 45 46 47 44 33 34 35 32 21 22 23 20 25 26 27 24 29 30 31 28 17 18 19 16 5 6 7 4 9 10 11 8 13 14 15 12 1 2 3 0
38 39 36 37 42 43 40 41 46 47 44 45 34 35 32 33 22 23 20 21 26 27 24 25 30 31 28 29 18 19 16 17 6 7 4 5 10 11 8 9 14 15 12 13 2 3 0 1
39 36 37 38 43 40 41 42 47 44 45 46 35 32 33 34 23 20 21 22 27 24 25 26 31 28 29 30 19 16 17 18 7 4 5 6 11 8 9 10 15 12 13 14 3 0 1 2
40 41 42 43 44 45 46 47 32 33 34 35 36 37 38 39 8 9 10 11 12 13 14 15 0 1 2 3 4 5 6 7 24 25 26 27 28 29 30 31 16 17 18 19 20 21 22 23
41 42 43 40 45 46 47 44 33 34 35 32 37 38 39 36 9 10 11 8 13 14 15 12 1 2 3 0 5 6 7 4 25 26 27 24 29 30 31 28 17 18 19 16 21 22 23 20
42 43 40 41 46 47 44 45 34 35 32 33 38 39 36 37 10 11 8 9 14 15 12 13 2 3 0 1 6 7 4 5 26 27 24 25 30 31 28 29 18 19 16 17 22 23 20 21
43 40 41 42 47 44 45 46 35 32 33 34 39 36 37 38 11 8 9 10 15 12 13 14 3 0 1 2 7 4 5 6 27 24 25 26 31 28 29 30 19 16 17 18 23 20 21 22
44 45 46 47 32 33 34 35 36 37 38 39 40 41 42 43 28 29 30 31 16 17 18 19 20 21 22 23 24 25 26 27 12 13 14 15 0 1 2 3 4 5 6 7 8 9 10 11
45 46 47 44 33 34 35 32 37 38 39 36 41 42 43 40 29 30 31 28 17 18 19 16 21 22 23 20 25 26 27 24 13 14 15 12 1 2 3 0 5 6 7 4 9 10 11 8
46 47 44 45 34 35 32 33 38 39 36 37 42 43 40 41 30 31 28 29 18 19 16 17 22 23 20 21 26 27 24 25 14 15 12 13 2 3 0 1 6 7 4 5 10 11 8 9
47 44 45 46 35 32 33 34 39 36 37 38 43 40 41 42 31 28 29 30 19 16 17 18 23 20 21 22 27 24 25 26 15 12 13 14 3 0 1 2 7 4 5 6 11 8 9 10
Z3:Z4xZ2xZ2
0 1 2 3 4 5 6 7 8 9 10 11 12 13 14 15 16 17 18 19 20 21 22 23 24 25 26 27 28 29 30 31 32 33 34 35 36 37 38 39 40 41 42 43 44 45 46 47
1 0 3 2 5 4 7 6 9 8 11 10 13 12 15 14 17 16 19 18 21 20 23 22 25 24 27 26 29 28 31 30 33 32 35 34 37 36 39 38 41 40 43 42 45 44 47 46
2 3 0 1 6 7 4 5 10 11 8 9 14 15 12 13 34 35 32 33 38 39 36 37 42 43 40 41 46 47 44 45 18 19 16 17 22 23 20 21 26 27 24 25 30 31 28 29
3 2 1 0 7 6 5 4 11 10 9 8 15 14 13 12 35 34 33 32 39 38 37 36 43 42 41 40 47 46 45 44 19 18 17 16 23 22 21 20 27 26 25 24 31 30 29 28
4 5 6 7 8 9 10 11 12 13 14 15 0 1 2 3 20 21 22 23 24 25 26 27 28 29 30 31 16 17 18 19 36 37 38 39 40 41 42 43 44 45 46 47 32 33 34 35
5 4 7 6 9 8 11 10 13 12 15 14 1 0 3 2 21 20 23 22 25 24 27 26 29 28 31 30 17 16 19 18 37 36 39 38 41 40 43 42 45 44 47 46 33 32 35 34
6 7 4 5 10 11 8 9 14 15 12 13 2 3 0 1 38 39 36 37 42 43 40 41 46 47 44 45 34 35 32 33 22 23 20 21 26 27 24 25 30 31 28 29 18 19 16 17
7 6 5 4 11 10 9 8 15 14 13 12 3 2 1 0 39 38 37 36 43 42 41 40 47 46 45 44 35 34 33 32 23 22 21 20 27 26 25 24 31 30 29 28 19 18 17 16
8 9 10 11 12 13 14 15 0 1 2 3 4 5 6 7 24 25 26 27 28 29 30 31 16 17 18 19 20 21 22 23 40 41 42 43 44 45 46 47 32 33 34 35 36 37 38 39
9 8 11 10 13 12 15 14 1 0 3 2 5 4 7 6 25 24 27 26 29 28 31 30 17 16 19 18 21 20 23 22 41 40 43 42 45 44 47 46 33 32 35 34 37 36 39 38
10 11 8 9 14 15 12 13 2 3 0 1 6 7 4 5 42 43 40 41 46 47 44 45 34 35 32 33 38 39 36 37 26 27 24 25 30 31 28 29 18 19 16 17 22 23 20 21
11 10 9 8 15 14 13 12 3 2 1 0 7 6 5 4 43 42 41 40 47 46 45 44 35 34 33 32 39 38 37 36 27 26 25 24 31 30 29 28 19 18 17 16 23 22 21 20
12 13 14 15 0 1 2 3 4 5 6 7 8 9 10 11 28 29 30 31 16 17 18 19 20 21 22 23 24 25 26 27 44 45 46 47 32 33 34 35 36 37 38 39 40 41 42 43
13 12 15 14 1 0 3 2 5 4 7 6 9 8 11 10 29 28 31 30 17 16 19 18 21 20 23 22 25 24 27 26 45 44 47 46 33 32 35 34 37 36 39 38 41 40 43 42
14 15 12 13 2 3 0 1 6 7 4 5 10 11 8 9 46 47 44 45 34 35 32 33 38 39 36 37 42 43 40 41 30 31 28 29 18 19 16 17 22 23 20 21 26 27 24 25
15 14 13 12 3 2 1 0 7 6 5 4 11 10 9 8 47 46 45 44 35 34 33 32 39 38 37 36 43 42 41 40 31 30 29 28 19 18 17 16 23 22 21 20 27 26 25 24
16 17 18 19 20 21 22 23 24 25 26 27 28 29 30 31 32 33 34 35 36 37 38 39 40 41 42 43 44 45 46 47 0 1 2 3 4 5 6 7 8 9 10 11 12 13 14 15
17 16 19 18 21 20 23 22 25 24 27 26 29 28 31 30 33 32 35 34 37 36 39 38 41 40 43 42 45 44 47 46 1 0 3 2 5 4 7 6 9 8 11 10 13 12 15 14
18 19 16 17 22 23 20 21 26 27 24 25 30 31 28 29 2 3 0 1 6 7 4 5 10 11 8 9 14 15 12 13 34 35 32 33 38 39 36 37 42 43 40 41 46 47 44 45
19 18 17 16 23 22 21 20 27 26 25 24 31 30 29 28 3 2 1 0 7 6 5 4 11 10 9 8 15 14 13 12 35 34 33 32 39 38 37 36 43 42 41 40 47 46 45 44
20 21 22 23 24 25 26 27 28 29 30 31 16 17 18 19 36 37 38 39 40 41 42 43 44 45 46 47 32 33 34 35 4 5 6 7 8 9 10 11 12 13 14 15 0 1 2 3
21 20 23 22 25 24 27 26 29 28 31 30 17 16 19 18 37 36 39 38 41 40 43 42 45 44 47 46 33 32 35 34 5 4 7 6 9 8 11 10 13 12 15 14 1 0 3 2
22 23 20 21 26 27 24 25 30 31 28 29 18 19 16 17 6 7 4 5 10 11 8 9 14 15 12 13 2 3 0 1 38 39 36 37 42 43 40 41 46 47 44 45 34 35 32 33
23 22 21 20 27 26 25 24 31 30 29 28 19 18 17 16 7 6 5 4 11 10 9 8 15 14 13 12 3 2 1 0 39 38 37 36 43 42 41 40 47 46 45 44 35 34 33 32
24 25 26 27 28 29 30 31 16 17 18 19 20 21 22 23 40 41 42 43 44 45 46 47 32 33 34 35 36 37 38 39 8 9 10 11 12 13 14 15 0 1 2 3 4 5 6 7
25 24 27 26 29 28 31 30 17 16 19 18 21 20 23 22 41 40 43 42 45 44 47 46 33 32 35 34 37 36 39 38 9 8 11 10 13 12 15 14 1 0 3 2 5 4 7 6
26 27 24 25 30 31 28 29 18 19 16 17 22 23 20 21 10 11 8 9 14 15 12 13 2 3 0 1 6 7 4 5 42 43 40 41 46 47 44 45 34 35 32 33 38 39 36 37
27 26 25 24 31 30 29 28 19 18 17 16 23 22 21 20 11 10 9 8 15 14 13 12 3 2 1 0 7 6 5 4 43 42 41 40 47 46 45 44 35 34 33 32 39 38 37 36
28 29 30 31 16 17 18 19 20 21 22 23 24 25 26 27 44 45 46 47 32 33 34 35 36 37 38 39 40 41 42 43 12 13 14 15 0 1 2 3 4 5 6 7 8 9 10 11
29 28 31 30 17 16 19 18 21 20 23 22 25 24 27 26 45 44 47 46 33 32 35 34 37 36 39 38 41 40 43 42 13 12 15 14 1 0 3 2 5 4 7 6 9 8 11 10
30 31 28 29 18 19 16 17 22 23 20 21 26 27 24 25 14 15 12 13 2 3 0 1 6 7 4 5 10 11 8 9 46 47 44 45 34 35 32 33 38 39 36 37 42 43 40 41
31 30 29 28 19 18 17 16 23 22 21 20 27 26 25 24 15 14 13 12 3 2 1 0 7 6 5 4 11 10 9 8 47 46 45 44 35 34 33 32 39 38 37 36 43 42 41 40
32 33 34 35 36 37 38 39 40 41 42 43 44 45 46 47 0 1 2 3 4 5 6 7 8 9 10 11 12 13 14 15 16 17 18 19 20 21 22 23 24 25 26 27 28 29 30 31
33 32 35 34 37 36 39 38 41 40 43 42 45 44 47 46 1 0 3 2 5 4 7 6 9 8 11 10 13 12 15 14 17 16 19 18 21 20 23 22 25 24 27 26 29 28 31 30
34 35 32 33 38 39 36 37 42 43 40 41 46 47 44 45 18 19 16 17 22 23 20 21 26 27 24 25 30 31 28 29 2 3 0 1 6 7 4 5 10 11 8 9 14 15 12 13
35 34 33 32 39 38 37 36 43 42 41 40 47 46 45 44 19 18 17 16 23 22 21 20 27 26 25 24 31 30 29 28 3 2 1 0 7 6 5 4 11 10 9 8 15 14 13 12
36 37 38 39 40 41 42 43 44 45 46 47 32 33 34 35 4 5 6 7 8 9 10 11 12 13 14 15 0 1 2 3 20 21 22 23 24 25 26 27 28 29 30 31 16 17 18 19
37 36 39 38 41 40 43 42 45 44 47 46 33 32 35 34 5 4 7 6 9 8 11 10 13 12 15 14 1 0 3 2 21 20 23 22 25 24 27 26 29 28 31 30 17 16 19 18
38 39 36 37 42 43 40 41 46 47 44 45 34 35 32 33 22 23 20 21 26 27 24 25 30 31 28 29 18 19 16 17 6 7 4 5 10 11 8 9 14 15 12 13 2 3 0 1
39 38 37 36 43 42 41 40 47 46 45 44 35 34 33 32 23 22 21 20 27 26 25 24 31 30 29 28 19 18 17 16 7 6 5 4 11 10 9 8 15 14 13 12 3 2 1 0
40 41 42 43 44 45 46 47 32 33 34 35 36 37 38 39 8 9 10 11 12 13 14 15 0 1 2 3 4 5 6 7 24 25 26 27 28 29 30 31 16 17 18 19 20 21 22 23
41 40 43 42 45 44 47 46 33 32 35 34 37 36 39 38 9 8 11 10 13 12 15 14 1 0 3 2 5 4 7 6 25 24 27 26 29 28 31 30 17 16 19 18 21 20 23 22
42 43 40 41 46 47 44 45 34 35 32 33 38 39 36 37 26 27 24 25 30 31 28 29 18 19 16 17 22 23 20 21 10 11 8 9 14 15 12 13 2 3 0 1 6 7 4 5
43 42 41 40 47 46 45 44 35 34 33 32 39 38 37 36 27 26 25 24 31 30 29 28 19 18 17 16 23 22 21 20 11 10 9 8 15 14 13 12 3 2 1 0 7 6 5 4
44 45 46 47 32 33 34 35 36 37 38 39 40 41 42 43 12 13 14 15 0 1 2 3 4 5 6 7 8 9 10 11 28 29 30 31 16 17 18 19 20 21 22 23 24 25 26 27
45 44 47 46 33 32 35 34 37 36 39 38 41 40 43 42 13 12 15 14 1 0 3 2 5 4 7 6 9 8 11 10 29 28 31 30 17 16 19 18 21 20 23 22 25 24 27 26
46 47 44 45 34 35 32 33 38 39 36 37 42 43 40 41 30 31 28 29 18 19 16 17 22 23 20 21 26 27 24 25 14 15 12 13 2 3 0 1 6 7 4 5 10 11 8 9
47 46 45 44 35 34 33 32 39 38 37 36 43 42 41 40 31 30 29 28 19 18 17 16 23 22 21 20 27 26 25 24 15 14 13 12 3 2 1 0 7 6 5 4 11 10 9 8
Z3:Z4xZ2xZ2
0 1 2 3 4 5 6 7 8 9 10 11 12 13 14 15 16 17 18 19 20 21 22 23 24 25 26 27 28 29 30 31 32 33 34 35 36 37 38 39 40 41 42 43 44 45 46 47
1 0 3 2 5 4 7 6 9 8 11 10 13 12 15 14 17 16 19 18 21 20 23 22 25 24 27 26 29 28 31 30 33 32 35 34 37 36 39 38 41 40 43 42 45 44 47 46
2 3 0 1 6 7 4 5 10 11 8 9 14 15 12 13 18 19 16 17 22 23 20 21 26 27 24 25 30 31 28 29 34 35 32 33 38 39 36 37 42 43 40 41 46 47 44 45
3 2 1 0 7 6 5 4 11 10 9 8 15 14 13 12 19 18 17 16 23 22 21 20 27 26 25 24 31 30 29 28 35 34 33 32 39 38 37 36 43 42 41 40 47 46 45 44
4 5 6 7 8 9 10 11 12 13 14 15 0 1 2 3 36 37 38 39 40 41 42 43 44 45 46 47 32 33 34 35 20 21 22 23 24 25 26 27 28 29 30 31 16 17 18 19
5 4 7 6 9 8 11 10 13 12 15 14 1 0 3 2 37 36 39 38 41 40 43 42 45 44 47 46 33 32 35 34 21 20 23 22 25 24 27 26 29 28 31 30 17 16 19 18
6 7 4 5 10 11 8 9 14 15 12 13 2 3 0 1 38 39 36 37 42 43 40 41 46 47 44 45 34 35 32 33 22 23 20 21 26 27 24 25 30 31 28 29 18 19 16 17
7 6 5 4 11 10 9 8 15 14 13 12 3 2 1 0 39 38 37 36 43 42 41 40 47 46 45 44 35 34 33 32 23 22 21 20 27 26 25 24 31 30 29 28 19 18 17 16
8 9 10 11 12 13 14 15 0 1 2 3 4 5 6 7 24 25 26 27 28 29 30 31 16 17 18 19 20 21 22 23 40 41 42 43 44 45 46 47 32 33 34 35 36 37 38 39
9 8 11 10 13 12 15 14 1 0 3 2 5 4 7 6 25 24 27 26 29 28 31 30 17 16 19 18 21 20 23 22 41 40 43 42 45 44 47 46 33 32 35 34 37 36 39 38
10 11 8 9 14 15 12 13 2 3 0 1 6 7 4 5 26 27 24 25 30 31 28 29 18 19 16 17 22 23 20 21 42 43 40 41 46 47 44 45 34 35 32 33 38 39 36 37
11 10 9 8 15 14 13 12 3 2 1 0 7 6 5 4 27 26 25 24 31 30 29 28 19 18 17 16 23 22 21 20 43 42 41 40 47 46 45 44 35 34 33 32 39 38 37 36
12 13 14 15 0 1 2 3 4 5 6 7 8 9 10 11 44 45 46 47 32 33 34 35 36 37 38 39 40 41 42 43 28 29 30 31 16 17 18 19 20 21 22 23 24 25 26 27
13 12 15 14 1 0 3 2 5 4 7 6 9 8 11 10 45 44 47 46 33 32 35 34 37 36 39 38 41 40 43 42 29 28 31 30 17 16 19 18 21 20 23 22 25 24 27 26
14 15 12 13 2 3 0 1 6 7 4 5 10 11 8 9 46 47 44 45 34 35 32 33 38 39 36 37 42 43 40 41 30 31 28 29 18 19 16 17 22 23 20 21 26 27 24 25
15 14 13 12 3 2 1 0 7 6 5 4 11 10 9 8 47 46 45 44 35 34 33 32 39 38 37 36 43 42 41 40 31 30 29 28 19 18 17 16 23 22 21 20 27 26 25 24
16 17 18 19 20 21 22 23 24 25 26 27 28 29 30 31 32 33 34 35 36 37 38 39 40 41 42 43 44 45 46 47 0 1 2 3 4 5 6 7 8 9 10 11 12 13 14 15
17 16 19 18 21 20 23 22 25 24 27 26 29 28 31 30 33 32 35 34 37 36 39 38 41 40 43 42 45 44 47 46 1 0 3 2 5 4 7 6 9 8 11 10 13 12 15 14
18 19 16 17 22 23 20 21 26 27 24 25 30 31 28 29 34 35 32 33 38 39 36 37 42 43 40 41 46 47 44 45 2 3 0 1 6 7 4 5 10 11 8 9 14 15 12 13
19 18 17 16 23 22 21 20 27 26 25 24 31 30 29 28 35 34 33 32 39 38 37 36 43 42 41 40 47 46 45 44 3 2 1 0 7 6 5 4 11 10 9 8 15 14 13 12
20 21 22 23 24 25 26 27 28 29 30 31 16 17 18 19 4 5 6 7 8 9 10 11 12 13 14 15 0 1 2 3 36 37 38 39 40 41 42 43 44 45 46 47 32 33 34 35
21 20 23 22 25 24 27 26 29 28 31 30 17 16 19 18 5 4 7 6 9 8 11 10 13 12 15 14 1 0 3 2 37 36 39 38 41 40 43 42 45 44 47 46 33 32 35 34
22 23 20 21 26 27 24 25 30 31 28 29 18 19 16 17 6 7 4 5 10 11 8 9 14 15 12 13 2 3 0 1 38 39 36 37 42 43 40 41 46 47 44 45 34 35 32 33
23 22 21 20 27 26 25 24 31 30 29 28 19 18 17 16 7 6 5 4 11 10 9 8 15 14 13 12 3 2 1 0 39 38 37 36 43 42 41 40 47 46 45 44 35 34 33 32
24 25 26 27 28 29 30 31 16 17 18 19 20 21 22 23 40 41 42 43 44 45 46 47 32 33 34 35 36 37 38 39 8 9 10 11 12 13 14 15 0 1 2 3 4 5 6 7
25 24 27 26 29 28 31 30 17 16 19 18 21 20 23 22 41 40 43 42 45 44 47 46 33 32 35 34 37 36 39 38 9 8 11 10 13 12 15 14 1 0 3 2 5 4 7 6
26 27 24 25 30 31 28 29 18 19 16 17 22 23 20 21 42 43 40 41 46 47 44 45 34 35 32 33 38 39 36 37 10 11 8 9 14 15 12 13 2 3 0 1 6 7 4 5
27 26 25 24 31 30 29 28 19 18 17 16 23 22 21 20 43 42 41 40 47 46 45 44 35 34 33 32 39 38 37 36 11 10 9 8 15 14 13 12 3 2 1 0 7 6 5 4
28 29 30 31 16 17 18 19 20 21 22 23 24 25 26 27 12 13 14 15 0 1 2 3 4 5 6 7 8 9 10 11 44 45 46 47 32 33 34 35 36 37 38 39 40 41 42 43
29 28 31 30 17 16 19 18 21 20 23 22 25 24 27 26 13 12 15 14 1 0 3 2 5 4 7 6 9 8 11 10 45 44 47 46 33 32 35 34 37 36 39 38 41 40 43 42
30 31 28 29 18 19 16 17 22 23 20 21 26 27 24 25 14 15 12 13 2 3 0 1 6 7 4 5 10 11 8 9 46 47 44 45 34 35 32 33 38 39 36 37 42 43 40 41
31 30 29 28 19 18 17 16 23 22 21 20 27 26 25 24 15 14 13 12 3 2 1 0 7 6 5 4 11 10 9 8 47 46 45 44 35 34 33 32 39 38 37 36 43 42 41 40
32 33 34 35 36 37 38 39 40 41 42 43 44 45 46 47 0 1 2 3 4 5 6 7 8 9 10 11 12 13 14 15 16 17 18 19 20 21 22 23 24 25 26 27 28 29 30 31
33 32 35 34 37 36 39 38 41 40 43 42 45 44 47 46 1 0 3 2 5 4 7 6 9 8 11 10 13 12 15 14 17 16 19 18 21 20 23 22 25 24 27 26 29 28 31 30
34 35 32 33 38 39 36 37 42 43 40 41 46 47 44 45 2 3 0 1 6 7 4 5 10 11 8 9 14 15 12 13 18 19 16 17 22 23 20 21 26 27 24 25 30 31 28 29
35 34 33 32 39 38 37 36 43 42 41 40 47 46 45 44 3 2 1 0 7 6 5 4 11 10 9 8 15 14 13 12 19 18 17 16 23 22 21 20 27 26 25 24 31 30 29 28
36 37 38 39 40 41 42 43 44 45 46 47 32 33 34 35 20 21 22 23 24 25 26 27 28 29 30 31 16 17 18 19 4 5 6 7 8 9 10 11 12 13 14 15 0 1 2 3
37 36 39 38 41 40 43 42 45 44 47 46 33 32 35 34 21 20 23 22 25 24 27 26 29 28 31 30 17 16 19 18 5 4 7 6 9 8 11 10 13 12 15 14 1 0 3 2
38 39 36 37 42 43 40 41 46 47 44 45 34 35 32 33 22 23 20 21 26 27 24 25 30 31 28 29 18 19 16 17 6 7 4 5 10 11 8 9 14 15 12 13 2 3 0 1
39 38 37 36 43 42 41 40 47 46 45 44 35 34 33 32 23 22 21 20 27 26 25 24 31 30 29 28 19 18 17 16 7 6 5 4 11 10 9 8 15 14 13 12 3 2 1 0
40 41 42 43 44 45 46 47 32 33 34 35 36 37 38 39 8 9 10 11 12 13 14 15 0 1 2 3 4 5 6 7 24 25 26 27 28 29 30 31 16 17 18 19 20 21 22 23
41 40 43 42 45 44 47 46 33 32 35 34 37 36 39 38 9 8 11 10 13 12 15 14 1 0 3 2 5 4 7 6 25 24 27 26 29 28 31 30 17 16 19 18 21 20 23 22
42 43 40 41 46 47 44 45 34 35 32 33 38 39 36 37 10 11 8 9 14 15 12 13 2 3 0 1 6 7 4 5 26 27 24 25 30 31 28 29 18 19 16 17 22 23 20 21
43 42 41 40 47 46 45 44 35 34 33 32 39 38 37 36 11 10 9 8 15 14 13 12 3 2 1 0 7 6 5 4 27 26 25 24 31 30 29 28 19 18 17 16 23 22 21 20
44 45 46 47 32 33 34 35 36 37 38 39 40 41 42 43 28 29 30 31 16 17 18 19 20 21 22 23 24 25 26 27 12 13 14 15 0 1 2 3 4 5 6 7 8 9 10 11
45 44 47 46 33 32 35 34 37 36 39 38 41 40 43 42 29 28 31 30 17 16 19 18 21 20 23 22 25 24 27 26 13 12 15 14 1 0 3 2 5 4 7 6 9 8 11 10
46 47 44 45 34 35 32 33 38 39 36 37 42 43 40 41 30 31 28 29 18 19 16 17 22 23 20 21 26 27 24 25 14 15 12 13 2 3 0 1 6 7 4 5 10 11 8 9
47 46 45 44 35 34 33 32 39 38 37 36 43 42 41 40 31 30 29 28 19 18 17 16 23 22 21 20 27 26 25 24 15 14 13 12 3 2 1 0 7 6 5 4 11 10 9 8
Z3:Z2xZ2xZ2xZ2
0 1 2 3 4 5 6 7 8 9 10 11 12 13 14 15 16 17 18 19 20 21 22 23 24 25 26 27 28 29 30 31 32 33 34 35 36 37 38 39 40 41 42 43 44 45 46 47
1 0 3 2 5 4 7 6 9 8 11 10 13 12 15 14 17 16 19 18 21 20 23 22 25 24 27 26 29 28 31 30 33 32 35 34 37 36 39 38 41 40 43 42 45 44 47 46
2 3 0 1 6 7 4 5 10 11 8 9 14 15 12 13 18 19 16 17 22 23 20 21 26 27 24 25 30 31 28 29 34 35 32 33 38 39 36 37 42 43 40 41 46 47 44 45
3 2 1 0 7 6 5 4 11 10 9 8 15 14 13 12 19 18 17 16 23 22 21 20 27 26 25 24 31 30 29 28 35 34 33 32 39 38 37 36 43 42 41 40 47 46 45 44
4 5 6 7 0 1 2 3 12 13 14 15 8 9 10 11 20 21 22 23 16 17 18 19 28 29 30 31 24 25 26 27 36 37 38 39 32 33 34 35 44 45 46 47 40 41 42 43
5 4 7 6 1 0 3 2 13 12 15 14 9 8 11 10 21 20 23 22 17 16 19 18 29 28 31 30 25 24 27 26 37 36 39 38 33 32 35 34 45 44 47 46 41 40 43 42
6 7 4 5 2 3 0 1 14 15 12 13 10 11 8 9 22 23 20 21 18 19 16 17 30 31 28 29 26 27 24 25 38 39 36 37 34 35 32 33 46 47 44 45 42 43 40 41
7 6 5 4 3 2 1 0 15 14 13 12 11 10 9 8 23 22 21 20 19 18 17 16 31 30 29 28 27 26 25 24 39 38 37 36 35 34 33 32 47 46 45 44 43 42 41 40
8 9 10 11 12 13 14 15 0 1 2 3 4 5 6 7 40 41 42 43 44 45 46 47 32 33 34 35 36 37 38 39 24 25 26 27 28 29 30 31 16 17 18 19 20 21 22 23
9 8 11 10 13 12 15 14 1 0 3 2 5 4 7 6 41 40 43 42 45 44 47 46 33 32 35 34 37 36 39 38 25 24 27 26 29 28 31 30 17 16 19 18 21 20 23 22
10 11 8 9 14 15 12 13 2 3 0 1 6 7 4 5 42 43 40 41 46 47 44 45 34 35 32 33 38 39 36 37 26 27 24 25 30 31 28 29 18 19 16 17 22 23 20 21
11 10 9 8 15 14 13 12 3 2 1 0 7 6 5 4 43 42 41 40 47 46 45 44 35 34 33 32 39 38 37 36 27 26 25 24 31 30 29 28 19 18 17 16 23 22 21 20
12 13 14 15 8 9 10 11 4 5 6 7 0 1 2 3 44 45 46 47 40 41 42 43 36 37 38 39 32 33 34 35 28 29 30 31 24 25 26 27 20 21 22 23 16 17 18 19
13 12 15 14 9 8 11 10 5 4 7 6 1 0 3 2 45 44 47 46 41 40 43 42 37 36 39 38 33 32 35 34 29 28 31 30 25 24 27 26 21 20 23 22 17 16 19 18
14 15 12 13 10 11 8 9 6 7 4 5 2 3 0 1 46 47 44 45 42 43 40 41 38 39 36 37 34 35 32 33 30 31 28 29 26 27 24 25 22 23 20 21 18 19 16 17
15 14 13 12 11 10 9 8 7 6 5 4 3 2 1 0 47 46 45 44 43 42 41 40 39 38 37 36 35 34 33 32 31 30 29 28 27 26 25 24 23 22 21 20 19 18 17 16
16 17 18 19 20 21 22 23 24 25 26 27 28 29 30 31 32 33 34 35 36 37 38 39 40 41 42 43 44 45 46 47 0 1 2 3 4 5 6 7 8 9 10 11 12 13 14 15
17 16 19 18 21 20 23 22 25 24 27 26 29 28 31 30 33 32 35 34 37 36 39 38 41 40 43 42 45 44 47 46 1 0 3 2 5 4 7 6 9 8 11 10 13 12 15 14
18 19 16 17 22 23 20 21 26 27 24 25 30 31 28 29 34 35 32 33 38 39 36 37 42 43 40 41 46 47 44 45 2 3 0 1 6 7 4 5 10 11 8 9 14 15 12 13
19 18 17 16 23 22 21 20 27 26 25 24 31 30 29 28 35 34 33 32 39 38 37 36 43 42 41 40 47 46 45 44 3 2 1 0 7 6 5 4 11 10 9 8 15 14 13 12
20 21 22 23 16 17 18 19 28 29 30 31 24 25 26 27 36 37 38 39 32 33 34 35 44 45 46 47 40 41 42 43 4 5 6 7 0 1 2 3 12 13 14 15 8 9 10 11
21 20 23 22 17 16 19 18 29 28 31 30 25 24 27 26 37 36 39 38 33 32 35 34 45 44 47 46 41 40 43 42 5 4 7 6 1 0 3 2 13 12 15 14 9 8 11 10
22 23 20 21 18 19 16 17 30 31 28 29 26 27 24 25 38 39 36 37 34 35 32 33 46 47 44 45 42 43 40 41 6 7 4 5 2 3 0 1 14 15 12 13 10 11 8 9
23 22 21 20 19 18 17 16 31 30 29 28 27 26 25 24 39 38 37 36 35 34 33 32 47 46 45 44 43 42 41 40 7 6 5 4 3 2 1 0 15 14 13 12 11 10 9 8
24 25 26 27 28 29 30 31 16 17 18 19 20 21 22 23 8 9 10 11 12 13 14 15 0 1 2 3 4 5 6 7 40 41 42 43 44 45 46 47 32 33 34 35 36 37 38 39
25 24 27 26 29 28 31 30 17 16 19 18 21 20 23 22 9 8 11 10 13 12 15 14 1 0 3 2 5 4 7 6 41 40 43 42 45 44 47 46 33 32 35 34 37 36 39 38
26 27 24 25 30 31 28 29 18 19 16 17 22 23 20 21 10 11 8 9 14 15 12 13 2 3 0 1 6 7 4 5 42 43 40 41 46 47 44 45 34 35 32 33 38 39 36 37
27 26 25 24 31 30 29 28 19 18 17 16 23 22 21 20 11 10 9 8 15 14 13 12 3 2 1 0 7 6 5 4 43 42 41 40 47 46 45 44 35 34 33 32 39 38 37 36
28 29 30 31 24 25 26 27 20 21 22 23 16 17 18 19 12 13 14 15 8 9 10 11 4 5 6 7 0 1 2 3 44 45 46 47 40 41 42 43 36 37 38 39 32 33 34 35
29 28 31 30 25 24 27 26 21 20 23 22 17 16 19 18 13 12 15 14 9 8 11 10 5 4 7 6 1 0 3 2 45 44 47 46 41 40 43 42 37 36 39 38 33 32 35 34
30 31 28 29 26 27 24 25 22 23 20 21 18 19 16 17 14 15 12 13 10 11 8 9 6 7 4 5 2 3 0 1 46 47 44 45 42 43 40 41 38 39 36 37 34 35 32 33
31 30 29 28 27 26 25 24 23 22 21 20 19 18 17 16 15 14 13 12 11 10 9 8 7 6 5 4 3 2 1 0 47 46 45 44 43 42 41 40 39 38 37 36 35 34 33 32
32 33 34 35 36 37 38 39 40 41 42 43 44 45 46 47 0 1 2 3 4 5 6 7 8 9 10 11 12 13 14 15 16 17 18 19 20 21 22 23 24 25 26 27 28 29 30 31
33 32 35 34 37 36 39 38 41 40 43 42 45 44 47 46 1 0 3 2 5 4 7 6 9 8 11 10 13 12 15 14 17 16 19 18 21 20 23 22 25 24 27 26 29 28 31 30
34 35 32 33 38 39 36 37 42 43 40 41 46 47 44 45 2 3 0 1 6 7 4 5 10 11 8 9 14 15 12 13 18 19 16 17 22 23 20 21 26 27 24 25 30 31 28 29
35 34 33 32 39 38 37 36 43 42 41 40 47 46 45 44 3 2 1 0 7 6 5 4 11 10 9 8 15 14 13 12 19 18 17 16 23 22 21 20 27 26 25 24 31 30 29 28
36 37 38 39 32 33 34 35 44 45 46 47 40 41 42 43 4 5 6 7 0 1 2 3 12 13 14 15 8 9 10 11 20 21 22 23 16 17 18 19 28 29 30 31 24 25 26 27
37 36 39 38 33 32 35 34 45 44 47 46 41 40 43 42 5 4 7 6 1 0 3 2 13 12 15 14 9 8 11 10 21 20 23 22 17 16 19 18 29 28 31 30 25 24 27 26
38 39 36 37 34 35 32 33 46 47 44 45 42 43 40 41 6 7 4 5 2 3 0 1 14 15 12 13 10 11 8 9 22 23 20 21 18 19 16 17 30 31 28 29 26 27 24 25
39 38 37 36 35 34 33 32 47 46 45 44 43 42 41 40 7 6 5 4 3 2 1 0 15 14 13 12 11 10 9 8 23 22 21 20 19 18 17 16 31 30 29 28 27 26 25 24
40 41 42 43 44 45 46 47 32 33 34 35 36 37 38 39 24 25 26 27 28 29 30 31 16 17 18 19 20 21 22 23 8 9 10 11 12 13 14 15 0 1 2 3 4 5 6 7
41 40 43 42 45 44 47 46 33 32 35 34 37 36 39 38 25 24 27 26 29 28 31 30 17 16 19 18 21 20 23 22 9 8 11 10 13 12 15 14 1 0 3 2 5 4 7 6
42 43 40 41 46 47 44 45 34 35 32 33 38 39 36 37 26 27 24 25 30 31 28 29 18 19 16 17 22 23 20 21 10 11 8 9 14 15 12 13 2 3 0 1 6 7 4 5
43 42 41 40 47 46 45 44 35 34 33 32 39 38 37 36 27 26 25 24 31 30 29 28 19 18 17 16 23 22 21 20 11 10 9 8 15 14 13 12 3 2 1 0 7 6 5 4
44 45 46 47 40 41 42 43 36 37 38 39 32 33 34 35 28 29 30 31 24 25 26 27 20 21 22 23 16 17 18 19 12 13 14 15 8 9 10 11 4 5 6 7 0 1 2 3
45 44 47 46 41 40 43 42 37 36 39 38 33 32 35 34 29 28 31 30 25 24 27 26 21 20 23 22 17 16 19 18 13 12 15 14 9 8 11 10 5 4 7 6 1 0 3 2
46 47 44 45 42 43 40 41 38 39 36 37 34 35 32 33 30 31 28 29 26 27 24 25 22 23 20 21 18 19 16 17 14 15 12 13 10 11 8 9 6 7 4 5 2 3 0 1
47 46 45 44 43 42 41 40 39 38 37 36 35 34 33 32 31 30 29 28 27 26 25 24 23 22 21 20 19 18 17 16 15 14 13 12 11 10 9 8 7 6 5 4 3 2 1 0
Z3:D16
0 1 2 3 4 5 6 7 8 9 10 11 12 13 14 15 16 17 18 19 20 21 22 23 24 25 26 27 28 29 30 31 32 33 34 35 36 37 38 39 40 41 42 43 44 45 46 47
1 0 15 14 13 12 11 10 9 8 7 6 5 4 3 2 17 16 31 30 29 28 27 26 25 24 23 22 21 20 19 18 33 32 47 46 45 44 43 42 41 40 39 38 37 36 35 34
2 3 4 5 6 7 8 9 10 11 12 13 14 15 0 1 18 19 20 21 22 23 24 25 26 27 28 29 30 31 16 17 34 35 36 37 38 39 40 41 42 43 44 45 46 47 32 33
3 2 1 0 15 14 13 12 11 10 9 8 7 6 5 4 19 18 17 16 31 30 29 28 27 26 25 24 23 22 21 20 35 34 33 32 47 46 45 44 43 42 41 40 39 38 37 36
4 5 6 7 8 9 10 11 12 13 14 15 0 1 2 3 20 21 22 23 24 25 26 27 28 29 30 31 16 17 18 19 36 37 38 39 40 41 42 43 44 45 46 47 32 33 34 35
5 4 3 2 1 0 15 14 13 12 11 10 9 8 7 6 21 20 19 18 17 16 31 30 29 28 27 26 25 24 23 22 37 36 35 34 33 32 47 46 45 44 43 42 41 40 39 38
6 7 8 9 10 11 12 13 14 15 0 1 2 3 4 5 22 23 24 25 26 27 28 29 30 31 16 17 18 19 20 21 38 39 40 41 42 43 44 45 46 47 32 33 34 35 36 37
7 6 5 4 3 2 1 0 15 14 13 12 11 10 9 8 23 22 21 20 19 18 17 16 31 30 29 28 27 26 25 24 39 38 37 36 35 34 33 32 47 46 45 44 43 42 41 40
8 9 10 11 12 13 14 15 0 1 2 3 4 5 6 7 24 25 26 27 28 29 30 31 16 17 18 19 20 21 22 23 40 41 42 43 44 45 46 47 32 33 34 35 36 37 38 39
9 8 7 6 5 4 3 2 1 0 15 14 13 12 11 10 25 24 23 22 21 20 19 18 17 16 31 30 29 28 27 26 41 40 39 38 37 36 35 34 33 32 47 46 45 44 43 42
10 11 12 13 14 15 0 1 2 3 4 5 6 7 8 9 26 27 28 29 30 31 16 17 18 19 20 21 22 23 24 25 42 43 44 45 46 47 32 33 34 35 36 37 38 39 40 41
11 10 9 8 7 6 5 4 3 2 1 0 15 14 13 12 27 26 25 24 23 22 21 20 19 18 17 16 31 30 29 28 43 42 41 40 39 38 37 36 35 34 33 32 47 46 45 44
12 13 14 15 0 1 2 3 4 5 6 7 8 9 10 11 28 29 30 31 16 17 18 19 20 21 22 23 24 25 26 27 44 45 46 47 32 33 34 35 36 37 38 39 40 41 42 43
13 12 11 10 9 8 7 6 5 4 3 2 1 0 15 14 29 28 27 26 25 24 23 22 21 20 19 18 17 16 31 30 45 44 43 42 41 40 39 38 37 36 35 34 33 32 47 46
14 15 0 1 2 3 4 5 6 7 8 9 10 11 12 13 30 31 16 17 18 19 20 21 22 23 24 25 26 27 28 29 46 47 32 33 34 35 36 37 38 39 40 41 42 43 44 45
15 14 13 12 11 10 9 8 7 6 5 4 3 2 1 0 31 30 29 28 27 26 25 24 23 22 21 20 19 18 17 16 47 46 45 44 43 42 41 40 39 38 37 36 35 34 33 32
16 17 18 19 20 21 22 23 24 25 26 27 28 29 30 31 32 33 34 35 36 37 38 39 40 41 42 43 44 45 46 47 0 1 2 3 4 5 6 7 8 9 10 11 12 13 14 15
17 16 31 30 29 28 27 26 25 24 23 22 21 20 19 18 33 32 47 46 45 44 43 42 41 40 39 38 37 36 35 34 1 0 15 14 13 12 11 10 9 8 7 6 5 4 3 2
18 19 20 21 22 23 24 25 26 27 28 29 30 31 16 17 34 35 36 37 38 39 40 41 42 43 44 45 46 47 32 33 2 3 4 5 6 7 8 9 10 11 12 13 14 15 0 1
19 18 17 16 31 30 29 28 27 26 25 24 23 22 21 20 35 34 33 32 47 46 45 44 43 42 41 40 39 38 37 36 3 2 1 0 15 14 13 12 11 10 9 8 7 6 5 4
20 21 22 23 24 25 26 27 28 29 30 31 16 17 18 19 36 37 38 39 40 41 42 43 44 45 46 47 32 33 34 35 4 5 6 7 8 9 10 11 12 13 14 15 0 1 2 3
21 20 19 18 17 16 31 30 29 28 27 26 25 24 23 22 37 36 35 34 33 32 47 46 45 44 43 42 41 40 39 38 5 4 3 2 1 0 15 14 13 12 11 10 9 8 7 6
22 23 24 25 26 27 28 29 30 31 16 17 18 19 20 21 38 39 40 41 42 43 44 45 46 47 32 33 34 35 36 37 6 7 8 9 10 11 12 13 14 15 0 1 2 3 4 5
23 22 21 20 19 18 17 16 31 30 29 28 27 26 25 24 39 38 37 36 35 34 33 32 47 46 45 44 43 42 41 40 7 6 5 4 3 2 1 0 15 14 13 12 11 10 9 8
24 25 26 27 28 29 30 31 16 17 18 19 20 21 22 23 40 41 42 43 44 45 46 47 32 33 34 35 36 37 38 39 8 9 10 11 12 13 14 15 0 1 2 3 4 5 6 7
25 24 23 22 21 20 19 18 17 16 31 30 29 28 27 26 41 40 39 38 37 36 35 34 33 32 47 46 45 44 43 42 9 8 7 6 5 4 3 2 1 0 15 14 13 12 11 10
26 27 28 29 30 31 16 17 18 19 20 21 22 23 24 25 42 43 44 45 46 47 32 33 34 35 36 37 38 39 40 41 10 11 12 13 14 15 0 1 2 3 4 5 6 7 8 9
27 26 25 24 23 22 21 20 19 18 17 16 31 30 29 28 43 42 41 40 39 38 37 36 35 34 33 32 47 46 45 44 11 10 9 8 7 6 5 4 3 2 1 0 15 14 13 12
28 29 30 31 16 17 18 19 20 21 22 23 24 25 26 27 44 45 46 47 32 33 34 35 36 37 38 39 40 41 42 43 12 13 14 15 0 1 2 3 4 5 6 7 8 9 10 11
29 28 27 26 25 24 23 22 21 20 19 18 17 16 31 30 45 44 43 42 41 40 39 38 37 36 35 34 33 32 47 46 13 12 11 10 9 8 7 6 5 4 3 2 1 0 15 14
30 31 16 17 18 19 20 21 22 23 24 25 26 27 28 29 46 47 32 33 34 35 36 37 38 39 40 41 42 43 44 45 14 15 0 1 2 3 4 5 6 7 8 9 10 11 12 13
31 30 29 28 27 26 25 24 23 22 21 20 19 18 17 16 47 46 45 44 43 42 41 40 39 38 37 36 35 34 33 32 15 14 13 12 11 10 9 8 7 6 5 4 3 2 1 0
32 33 34 35 36 37 38 39 40 41 42 43 44 45 46 47 0 1 2 3 4 5 6 7 8 9 10 11 12 13 14 15 16 17 18 19 20 21 22 23 24 25 26 27 28 29 30 31
33 32 47 46 45 44 43 42 41 40 39 38 37 36 35 34 1 0 15 14 13 12 11 10 9 8 7 6 5 4 3 2 17 16 31 30 29 28 27 26 25 24 23 22 21 20 19 18
34 35 36 37 38 39 40 41 42 43 44 45 46 47 32 33 2 3 4 5 6 7 8 9 10 11 12 13 14 15 0 1 18 19 20 21 22 23 24 25 26 27 28 29 30 31 16 17
35 34 33 32 47 46 45 44 43 42 41 40 39 38 37 36 3 2 1 0 15 14 13 12 11 10 9 8 7 6 5 4 19 18 17 16 31 30 29 28 27 26 25 24 23 22 21 20
36 37 38 39 40 41 42 43 44 45 46 47 32 33 34 35 4 5 6 7 8 9 10 11 12 13 14 15 0 1 2 3 20 21 22 23 24 25 26 27 28 29 30 31 16 17 18 19
37 36 35 34 33 32 47 46 45 44 43 42 41 40 39 38 5 4 3 2 1 0 15 14 13 12 11 10 9 8 7 6 21 20 19 18 17 16 31 30 29 28 27 26 25 24 23 22
38 39 40 41 42 43 44 45 46 47 32 33 34 35 36 37 6 7 8 9 10 11 12 13 14 15 0 1 2 3 4 5 22 23 24 25 26 27 28 29 30 31 16 17 18 19 20 21
39 38 37 36 35 34 33 32 47 46 45 44 43 42 41 40 7 6 5 4 3 2 1 0 15 14 13 12 11 10 9 8 23 22 21 20 19 18 17 16 31 30 29 28 27 26 25 24
40 41 42 43 44 45 46 47 32 33 34 35 36 37 38 39 8 9 10 11 12 13 14 15 0 1 2 3 4 5 6 7 24 25 26 27 28 29 30 31 16 17 18 19 20 21 22 23
41 40 39 38 37 36 35 34 33 32 47 46 45 44 43 42 9 8 7 6 5 4 3 2 1 0 15 14 13 12 11 10 25 24 23 22 21 20 19 18 17 16 31 30 29 28 27 26
42 43 44 45 46 47 32 33 34 35 36 37 38 39 40 41 10 11 12 13 14 15 0 1 2 3 4 5 6 7 8 9 26 27 28 29 30 31 16 17 18 19 20 21 22 23 24 25
43 42 41 40 39 38 37 36 35 34 33 32 47 46 45 44 11 10 9 8 7 6 5 4 3 2 1 0 15 14 13 12 27 26 25 24 23 22 21 20 19 18 17 16 31 30 29 28
44 45 46 47 32 33 34 35 36 37 38 39 40 41 42 43 12 13 14 15 0 1 2 3 4 5 6 7 8 9 10 11 28 29 30 31 16 17 18 19 20 21 22 23 24 25 26 27
45 44 43 42 41 40 39 38 37 36 35 34 33 32 47 46 13 12 11 10 9 8 7 6 5 4 3 2 1 0 15 14 29 28 27 26 25 24 23 22 21 20 19 18 17 16 31 30
46 47 32 33 34 35 36 37 38 39 40 41 42 43 44 45 14 15 0 1 2 3 4 5 6 7 8 9 10 11 12 13 30 31 16 17 18 19 20 21 22 23 24 25 26 27 28 29
47 46 45 44 43 42 41 40 39 38 37 36 35 34 33 32 15 14 13 12 11 10 9 8 7 6 5 4 3 2 1 0 31 30 29 28 27 26 25 24 23 22 21 20 19 18 17 16
Z3:D16
0 1 2 3 4 5 6 7 8 9 10 11 12 13 14 15 16 17 18 19 20 21 22 23 24 25 26 27 28 29 30 31 32 33 34 35 36 37 38 39 40 41 42 43 44 45 46 47
1 0 15 14 13 12 11 10 9 8 7 6 5 4 3 2 17 16 31 30 29 28 27 26 25 24 23 22 21 20 19 18 33 32 47 46 45 44 43 42 41 40 39 38 37 36 35 34
2 3 4 5 6 7 8 9 10 11 12 13 14 15 0 1 34 35 36 37 38 39 40 41 42 43 44 45 46 47 32 33 18 19 20 21 22 23 24 25 26 27 28 29 30 31 16 17
3 2 1 0 15 14 13 12 11 10 9 8 7 6 5 4 35 34 33 32 47 46 45 44 43 42 41 40 39 38 37 36 19 18 17 16 31 30 29 28 27 26 25 24 23 22 21 20
4 5 6 7 8 9 10 11 12 13 14 15 0 1 2 3 20 21 22 23 24 25 26 27 28 29 30 31 16 17 18 19 36 37 38 39 40 41 42 43 44 45 46 47 32 33 34 35
5 4 3 2 1 0 15 14 13 12 11 10 9 8 7 6 21 20 19 18 17 16 31 30 29 28 27 26 25 24 23 22 37 36 35 34 33 32 47 46 45 44 43 42 41 40 39 38
6 7 8 9 10 11 12 13 14 15 0 1 2 3 4 5 38 39 40 41 42 43 44 45 46 47 32 33 34 35 36 37 22 23 24 25 26 27 28 29 30 31 16 17 18 19 20 21
7 6 5 4 3 2 1 0 15 14 13 12 11 10 9 8 39 38 37 36 35 34 33 32 47 46 45 44 43 42 41 40 23 22 21 20 19 18 17 16 31 30 29 28 27 26 25 24
8 9 10 11 12 13 14 15 0 1 2 3 4 5 6 7 24 25 26 27 28 29 30 31 16 17 18 19 20 21 22 23 40 41 42 43 44 45 46 47 32 33 34 35 36 37 38 39
9 8 7 6 5 4 3 2 1 0 15 14 13 12 11 10 25 24 23 22 21 20 19 18 17 16 31 30 29 28 27 26 41 40 39 38 37 36 35 34 33 32 47 46 45 44 43 42
10 11 12 13 14 15 0 1 2 3 4 5 6 7 8 9 42 43 44 45 46 47 32 33 34 35 36 37 38 39 40 41 26 27 28 29 30 31 16 17 18 19 20 21 22 23 24 25
11 10 9 8 7 6 5 4 3 2 1 0 15 14 13 12 43 42 41 40 39 38 37 36 35 34 33 32 47 46 45 44 27 26 25 24 23 22 21 20 19 18 17 16 31 30 29 28
12 13 14 15 0 1 2 3 4 5 6 7 8 9 10 11 28 29 30 31 16 17 18 19 20 21 22 23 24 25 26 27 44 45 46 47 32 33 34 35 36 37 38 39 40 41 42 43
13 12 11 10 9 8 7 6 5 4 3 2 1 0 15 14 29 28 27 26 25 24 23 22 21 20 19 18 17 16 31 30 45 44 43 42 41 40 39 38 37 36 35 34 33 32 47 46
14 15 0 1 2 3 4 5 6 7 8 9 10 11 12 13 46 47 32 33 34 35 36 37 38 39 40 41 42 43 44 45 30 31 16 17 18 19 20 21 22 23 24 25 26 27 28 29
15 14 13 12 11 10 9 8 7 6 5 4 3 2 1 0 47 46 45 44 43 42 41 40 39 38 37 36 35 34 33 32 31 30 29 28 27 26 25 24 23 22 21 20 19 18 17 16
16 17 18 19 20 21 22 23 24 25 26 27 28 29 30 31 32 33 34 35 36 37 38 39 40 41 42 43 44 45 46 47 0 1 2 3 4 5 6 7 8 9 10 11 12 13 14 15
17 16 31 30 29 28 27 26 25 24 23 22 21 20 19 18 33 32 47 46 45 44 43 42 41 40 39 38 37 36 35 34 1 0 15 14 13 12 11 10 9 8 7 6 5 4 3 2
18 19 20 21 22 23 24 25 26 27 28 29 30 31 16 17 2 3 4 5 6 7 8 9 10 11 12 13 14 15 0 1 34 35 36 37 38 39 40 41 42 43 44 45 46 47 32 33
19 18 17 16 31 30 29 28 27 26 25 24 23 22 21 20 3 2 1 0 15 14 13 12 11 10 9 8 7 6 5 4 35 34 33 32 47 46 45 44 43 42 41 40 39 38 37 36
20 21 22 23 24 25 26 27 28 29 30 31 16 17 18 19 36 37 38 39 40 41 42 43 44 45 46 47 32 33 34 35 4 5 6 7 8 9 10 11 12 13 14 15 0 1 2 3
21 20 19 18 17 16 31 30 29 28 27 26 25 24 23 22 37 36 35 34 33 32 47 46 45 44 43 42 41 40 39 38 5 4 3 2 1 0 15 14 13 12 11 10 9 8 7 6
22 23 24 25 26 27 28 29 30 31 16 17 18 19 20 21 6 7 8 9 10 11 12 13 14 15 0 1 2 3 4 5 38 39 40 41 42 43 44 45 46 47 32 33 34 35 36 37
23 22 21 20 19 18 17 16 31 30 29 28 27 26 25 24 7 6 5 4 3 2 1 0 15 14 13 12 11 10 9 8 39 38 37 36 35 34 33 32 47 46 45 44 43 42 41 40
24 25 26 27 28 29 30 31 16 17 18 19 20 21 22 23 40 41 42 43 44 45 46 47 32 33 34 35 36 37 38 39 8 9 10 11 12 13 14 15 0 1 2 3 4 5 6 7
25 24 23 22 21 20 19 18 17 16 31 30 29 28 27 26 41 40 39 38 37 36 35 34 33 32 47 46 45 44 43 42 9 8 7 6 5 4 3 2 1 0 15 14 13 12 11 10
26 27 28 29 30 31 16 17 18 19 20 21 22 23 24 25 10 11 12 13 14 15 0 1 2 3 4 5 6 7 8 9 42 43 44 45 46 47 32 33 34 35 36 37 38 39 40 41
27 26 25 24 23 22 21 20 19 18 17 16 31 30 29 28 11 10 9 8 7 6 5 4 3 2 1 0 15 14 13 12 43 42 41 40 39 38 37 36 35 34 33 32 47 46 45 44
28 29 30 31 16 17 18 19 20 21 22 23 24 25 26 27 44 45 46 47 32 33 34 35 36 37 38 39 40 41 42 43 12 13 14 15 0 1 2 3 4 5 6 7 8 9 10 11
29 28 27 26 25 24 23 22 21 20 19 18 17 16 31 30 45 44 43 42 41 40 39 38 37 36 35 34 33 32 47 46 13 12 11 10 9 8 7 6 5 4 3 2 1 0 15 14
30 31 16 17 18 19 20 21 22 23 24 25 26 27 28 29 14 15 0 1 2 3 4 5 6 7 8 9 10 11 12 13 46 47 32 33 34 35 36 37 38 39 40 41 42 43 44 45
31 30 29 28 27 26 25 24 23 22 21 20 19 18 17 16 15 14 13 12 11 10 9 8 7 6 5 4 3 2 1 0 47 46 45 44 43 42 41 40 39 38 37 36 35 34 33 32
32 33 34 35 36 37 38 39 40 41 42 43 44 45 46 47 0 1 2 3 4 5 6 7 8 9 10 11 12 13 14 15 16 17 18 19 20 21 22 23 24 25 26 27 28 29 30 31
33 32 47 46 45 44 43 42 41 40 39 38 37 36 35 34 1 0 15 14 13 12 11 10 9 8 7 6 5 4 3 2 17 16 31 30 29 28 27 26 25 24 23 22 21 20 19 18
34 35 36 37 38 39 40 41 42 43 44 45 46 47 32 33 18 19 20 21 22 23 24 25 26 27 28 29 30 31 16 17 2 3 4 5 6 7 8 9 10 11 12 13 14 15 0 1
35 34 33 32 47 46 45 44 43 42 41 40 39 38 37 36 19 18 17 16 31 30 29 28 27 26 25 24 23 22 21 20 3 2 1 0 15 14 13 12 11 10 9 8 7 6 5 4
36 37 38 39 40 41 42 43 44 45 46 47 32 33 34 35 4 5 6 7 8 9 10 11 12 13 14 15 0 1 2 3 20 21 22 23 24 25 26 27 28 29 30 31 16 17 18 19
37 36 35 34 33 32 47 46 45 44 43 42 41 40 39 38 5 4 3 2 1 0 15 14 13 12 11 10 9 8 7 6 21 20 19 18 17 16 31 30 29 28 27 26 25 24 23 22
38 39 40 41 42 43 44 45 46 47 32 33 34 35 36 37 22 23 24 25 26 27 28 29 30 31 16 17 18 19 20 21 6 7 8 9 10 11 12 13 14 15 0 1 2 3 4 5
39 38 37 36 35 34 33 32 47 46 45 44 43 42 41 40 23 22 21 20 19 18 17 16 31 30 29 28 27 26 25 24 7 6 5 4 3 2 1 0 15 14 13 12 11 10 9 8
40 41 42 43 44 45 46 47 32 33 34 35 36 37 38 39 8 9 10 11 12 13 14 15 0 1 2 3 4 5 6 7 24 25 26 27 28 29 30 31 16 17 18 19 20 21 22 23
41 40 39 38 37 36 35 34 33 32 47 46 45 44 43 42 9 8 7 6 5 4 3 2 1 0 15 14 13 12 11 10 25 24 23 22 21 20 19 18 17 16 31 30 29 28 27 26
42 43 44 45 46 47 32 33 34 35 36 37 38 39 40 41 26 27 28 29 30 31 16 17 18 19 20 21 22 23 24 25 10 11 12 13 14 15 0 1 2 3 4 5 6 7 8 9
43 42 41 40 39 38 37 36 35 34 33 32 47 46 45 44 27 26 25 24 23 22 21 20 19 18 17 16 31 30 29 28 11 10 9 8 7 6 5 4 3 2 1 0 15 14 13 12
44 45 46 47 32 33 34 35 36 37 38 39 40 41 42 43 12 13 14 15 0 1 2 3 4 5 6 7 8 9 10 11 28 29 30 31 16 17 18 19 20 21 22 23 24 25 26 27
45 44 43 42 41 40 39 38 37 36 35 34 33 32 47 46 13 12 11 10 9 8 7 6 5 4 3 2 1 0 15 14 29 28 27 26 25 24 23 22 21 20 19 18 17 16 31 30
46 47 32 33 34 35 36 37 38 39 40 41 42 43 44 45 30 31 16 17 18 19 20 21 22 23 24 25 26 27 28 29 14 15 0 1 2 3 4 5 6 7 8 9 10 11 12 13
47 46 45 44 43 42 41 40 39 38 37 36 35 34 33 32 31 30 29 28 27 26 25 24 23 22 21 20 19 18 17 16 15 14 13 12 11 10 9 8 7 6 5 4 3 2 1 0
Z3:Dic4
0 1 2 3 4 5 6 7 8 9 10 11 12 13 14 15 16 17 18 19 20 21 22 23 24 25 26 27 28 29 30 31 32 33 34 35 36 37 38 39 40 41 42 43 44 45 46 47
1 8 15 6 13 4 11 2 9 0 7 14 5 12 3 10 17 24 31 22 29 20 27 18 25 16 23 30 21 28 19 26 33 40 47 38 45 36 43 34 41 32 39 46 37 44 35 42
2 3 4 5 6 7 8 9 10 11 12 13 14 15 0 1 18 19 20 21 22 23 24 25 26 27 28 29 30 31 16 17 34 35 36 37 38 39 40 41 42 43 44 45 46 47 32 33
3 10 1 8 15 6 13 4 11 2 9 0 7 14 5 12 19 26 17 24 31 22 29 20 27 18 25 16 23 30 21 28 35 42 33 40 47 38 45 36 43 34 41 32 39 46 37 44
4 5 6 7 8 9 10 11 12 13 14 15 0 1 2 3 20 21 22 23 24 25 26 27 28 29 30 31 16 17 18 19 36 37 38 39 40 41 42 43 44 45 46 47 32 33 34 35
5 12 3 10 1 8 15 6 13 4 11 2 9 0 7 14 21 28 19 26 17 24 31 22 29 20 27 18 25 16 23 30 37 44 35 42 33 40 47 38 45 36 43 34 41 32 39 46
6 7 8 9 10 11 12 13 14 15 0 1 2 3 4 5 22 23 24 25 26 27 28 29 30 31 16 17 18 19 20 21 38 39 40 41 42 43 44 45 46 47 32 33 34 35 36 37
7 14 5 12 3 10 1 8 15 6 13 4 11 2 9 0 23 30 21 28 19 26 17 24 31 22 29 20 27 18 25 16 39 46 37 44 35 42 33 40 47 38 45 36 43 34 41 32
8 9 10 11 12 13 14 15 0 1 2 3 4 5 6 7 24 25 26 27 28 29 30 31 16 17 18 19 20 21 22 23 40 41 42 43 44 45 46 47 32 33 34 35 36 37 38 39
9 0 7 14 5 12 3 10 1 8 15 6 13 4 11 2 25 16 23 30 21 28 19 26 17 24 31 22 29 20 27 18 41 32 39 46 37 44 35 42 33 40 47 38 45 36 43 34
10 11 12 13 14 15 0 1 2 3 4 5 6 7 8 9 26 27 28 29 30 31 16 17 18 19 20 21 22 23 24 25 42 43 44 45 46 47 32 33 34 35 36 37 38 39 40 41
11 2 9 0 7 14 5 12 3 10 1 8 15 6 13 4 27 18 25 16 23 30 21 28 19 26 17 24 31 22 29 20 43 34 41 32 39 46 37 44 35 42 33 40 47 38 45 36
12 13 14 15 0 1 2 3 4 5 6 7 8 9 10 11 28 29 30 31 16 17 18 19 20 21 22 23 24 25 26 27 44 45 46 47 32 33 34 35 36 37 38 39 40 41 42 43
13 4 11 2 9 0 7 14 5 12 3 10 1 8 15 6 29 20 27 18 25 16 23 30 21 28 19 26 17 24 31 22 45 36 43 34 41 32 39 46 37 44 35 42 33 40 47 38
14 15 0 1 2 3 4 5 6 7 8 9 10 11 12 13 30 31 16 17 18 19 20 21 22 23 24 25 26 27 28 29 46 47 32 33 34 35 36 37 38 39 40 41 42 43 44 45
15 6 13 4 11 2 9 0 7 14 5 12 3 10 1 8 31 22 29 20 27 18 25 16 23 30 21 28 19 26 17 24 47 38 45 36 43 34 41 32 39 46 37 44 35 42 33 40
16 17 18 19 20 21 22 23 24 25 26 27 28 29 30 31 32 33 34 35 36 37 38 39 40 41 42 43 44 45 46 47 0 1 2 3 4 5 6 7 8 9 10 11 12 13 14 15
17 24 31 22 29 20 27 18 25 16 23 30 21 28 19 26 33 40 47 38 45 36 43 34 41 32 39 46 37 44 35 42 1 8 15 6 13 4 11 2 9 0 7 14 5 12 3 10
18 19 20 21 22 23 24 25 26 27 28 29 30 31 16 17 34 35 36 37 38 39 40 41 42 43 44 45 46 47 32 33 2 3 4 5 6 7 8 9 10 11 12 13 14 15 0 1
19 26 17 24 31 22 29 20 27 18 25 16 23 30 21 28 35 42 33 40 47 38 45 36 43 34 41 32 39 46 37 44 3 10 1 8 15 6 13 4 11 2 9 0 7 14 5 12
20 21 22 23 24 25 26 27 28 29 30 31 16 17 18 19 36 37 38 39 40 41 42 43 44 45 46 47 32 33 34 35 4 5 6 7 8 9 10 11 12 13 14 15 0 1 2 3
21 28 19 26 17 24 31 22 29 20 27 18 25 16 23 30 37 44 35 42 33 40 47 38 45 36 43 34 41 32 39 46 5 12 3 10 1 8 15 6 13 4 11 2 9 0 7 14
22 23 24 25 26 27 28 29 30 31 16 17 18 19 20 21 38 39 40 41 42 43 44 45 46 47 32 33 34 35 36 37 6 7 8 9 10 11 12 13 14 15 0 1 2 3 4 5
23 30 21 28 19 26 17 24 31 22 29 20 27 18 25 16 39 46 37 44 35 42 33 40 47 38 45 36 43 34 41 32 7 14 5 12 3 10 1 8 15 6 13 4 11 2 9 0
24 25 26 27 28 29 30 31 16 17 18 19 20 21 22 23 40 41 42 43 44 45 46 47 32 33 34 35 36 37 38 39 8 9 10 11 12 13 14 15 0 1 2 3 4 5 6 7
25 16 23 30 21 28 19 26 17 24 31 22 29 20 27 18 41 32 39 46 37 44 35 42 33 40 47 38 45 36 43 34 9 0 7 14 5 12 3 10 1 8 15 6 13 4 11 2
26 27 28 29 30 31 16 17 18 19 20 21 22 23 24 25 42 43 44 45 46 47 32 33 34 35 36 37 38 39 40 41 10 11 12 13 14 15 0 1 2 3 4 5 6 7 8 9
27 18 25 16 23 30 21 28 19 26 17 24 31 22 29 20 43 34 41 32 39 46 37 44 35 42 33 40 47 38 45 36 11 2 9 0 7 14 5 12 3 10 1 8 15 6 13 4
28 29 30 31 16 17 18 19 20 21 22 23 24 25 26 27 44 45 46 47 32 33 34 35 36 37 38 39 40 41 42 43 12 13 14 15 0 1 2 3 4 5 6 7 8 9 10 11
29 20 27 18 25 16 23 30 21 28 19 26 17 24 31 22 45 36 43 34 41 32 39 46 37 44 35 42 33 40 47 38 13 4 11 2 9 0 7 14 5 12 3 10 1 8 15 6
30 31 16 17 18 19 20 21 22 23 24 25 26 27 28 29 46 47 32 33 34 35 36 37 38 39 40 41 42 43 44 45 14 15 0 1 2 3 4 5 6 7 8 9 10 11 12 13
31 22 29 20 27 18 25 16 23 30 21 28 19 26 17 24 47 38 45 36 43 34 41 32 39 46 37 44 35 42 33 40 15 6 13 4 11 2 9 0 7 14 5 12 3 10 1 8
32 33 34 35 36 37 38 39 40 41 42 43 44 45 46 47 0 1 2 3 4 5 6 7 8 9 10 11 12 13 14 15 16 17 18 19 20 21 22 23 24 25 26 27 28 29 30 31
33 40 47 38 45 36 43 34 41 32 39 46 37 44 35 42 1 8 15 6 13 4 11 2 9 0 7 14 5 12 3 10 17 24 31 22 29 20 27 18 25 16 23 30 21 28 19 26
34 35 36 37 38 39 40 41 42 43 44 45 46 47 32 33 2 3 4 5 6 7 8 9 10 11 12 13 14 15 0 1 18 19 20 21 22 23 24 25 26 27 28 29 30 31 16 17
35 42 33 40 47 38 45 36 43 34 41 32 39 46 37 44 3 10 1 8 15 6 13 4 11 2 9 0 7 14 5 12 19 26 17 24 31 22 29 20 27 18 25 16 23 30 21 28
36 37 38 39 40 41 42 43 44 45 46 47 32 33 34 35 4 5 6 7 8 9 10 11 12 13 14 15 0 1 2 3 20 21 22 23 24 25 26 27 28 29 30 31 16 17 18 19
37 44 35 42 33 40 47 38 45 36 43 34 41 32 39 46 5 12 3 10 1 8 15 6 13 4 11 2 9 0 7 14 21 28 19 26 17 24 31 22 29 20 27 18 25 16 23 30
38 39 40 41 42 43 44 45 46 47 32 33 34 35 36 37 6 7 8 9 10 11 12 13 14 15 0 1 2 3 4 5 22 23 24 25 26 27 28 29 30 31 16 17 18 19 20 21
39 46 37 44 35 42 33 40 47 38 45 36 43 34 41 32 7 14 5 12 3 10 1 8 15 6 13 4 11 2 9 0 23 30 21 28 19 26 17 24 31 22 29 20 27 18 25 16
40 41 42 43 44 45 46 47 32 33 34 35 36 37 38 39 8 9 10 11 12 13 14 15 0 1 2 3 4 5 6 7 24 25 26 27 28 29 30 31 16 17 18 19 20 21 22 23
41 32 39 46 37 44 35 42 33 40 47 38 45 36 43 34 9 0 7 14 5 12 3 10 1 8 15 6 13 4 11 2 25 16 23 30 21 28 19 26 17 24 31 22 29 20 27 18
42 43 44 45 46 47 32 33 34 35 36 37 38 39 40 41 10 11 12 13 14 15 0 1 2 3 4 5 6 7 8 9 26 27 28 29 30 31 16 17 18 19 20 21 22 23 24 25
43 34 41 32 39 46 37 44 35 42 33 40 47 38 45 36 11 2 9 0 7 14 5 12 3 10 1 8 15 6 13 4 27 18 25 16 23 30 21 28 19 26 17 24 31 22 29 20
44 45 46 47 32 33 34 35 36 37 38 39 40 41 42 43 12 13 14 15 0 1 2 3 4 5 6 7 8 9 10 11 28 29 30 31 16 17 18 19 20 21 22 23 24 25 26 27
45 36 43 34 41 32 39 46 37 44 35 42 33 40 47 38 13 4 11 2 9 0 7 14 5 12 3 10 1 8 15 6 29 20 27 18 25 16 23 30 21 28 19 26 17 24 31 22
46 47 32 33 34 35 36 37 38 39 40 41 42 43 44 45 14 15 0 1 2 3 4 5 6 7 8 9 10 11 12 13 30 31 16 17 18 19 20 21 22 23 24 25 26 27 28 29
47 38 45 36 43 34 41 32 39 46 37 44 35 42 33 40 15 6 13 4 11 2 9 0 7 14 5 12 3 10 1 8 31 22 29 20 27 18 25 16 23 30 21 28 19 26 17 24
Z3:Dic4
0 1 2 3 4 5 6 7 8 9 10 11 12 13 14 15 16 17 18 19 20 21 22 23 24 25 26 27 28 29 30 31 32 33 34 35 36 37 38 39 40 41 42 43 44 45 46 47
1 8 15 6 13 4 11 2 9 0 7 14 5 12 3 10 17 24 31 22 29 20 27 18 25 16 23 30 21 28 19 26 33 40 47 38 45 36 43 34 41 32 39 46 37 44 35 42
2 3 4 5 6 7 8 9 10 11 12 13 14 15 0 1 34 35 36 37 38 39 40 41 42 43 44 45 46 47 32 33 18 19 20 21 22 23 24 25 26 27 28 29 30 31 16 17
3 10 1 8 15 6 13 4 11 2 9 0 7 14 5 12 35 42 33 40 47 38 45 36 43 34 41 32 39 46 37 44 19 26 17 24 31 22 29 20 27 18 25 16 23 30 21 28
4 5 6 7 8 9 10 11 12 13 14 15 0 1 2 3 20 21 22 23 24 25 26 27 28 29 30 31 16 17 18 19 36 37 38 39 40 41 42 43 44 45 46 47 32 33 34 35
5 12 3 10 1 8 15 6 13 4 11 2 9 0 7 14 21 28 19 26 17 24 31 22 29 20 27 18 25 16 23 30 37 44 35 42 33 40 47 38 45 36 43 34 41 32 39 46
6 7 8 9 10 11 12 13 14 15 0 1 2 3 4 5 38 39 40 41 42 43 44 45 46 47 32 33 34 35 36 37 22 23 24 25 26 27 28 29 30 31 16 17 18 19 20 21
7 14 5 12 3 10 1 8 15 6 13 4 11 2 9 0 39 46 37 44 35 42 33 40 47 38 45 36 43 34 41 32 23 30 21 28 19 26 17 24 31 22 29 20 27 18 25 16
8 9 10 11 12 13 14 15 0 1 2 3 4 5 6 7 24 25 26 27 28 29 30 31 16 17 18 19 20 21 22 23 40 41 42 43 44 45 46 47 32 33 34 35 36 37 38 39
9 0 7 14 5 12 3 10 1 8 15 6 13 4 11 2 25 16 23 30 21 28 19 26 17 24 31 22 29 20 27 18 41 32 39 46 37 44 35 42 33 40 47 38 45 36 43 34
10 11 12 13 14 15 0 1 2 3 4 5 6 7 8 9 42 43 44 45 46 47 32 33 34 35 36 37 38 39 40 41 26 27 28 29 30 31 16 17 18 19 20 21 22 23 24 25
11 2 9 0 7 14 5 12 3 10 1 8 15 6 13 4 43 34 41 32 39 46 37 44 35 42 33 40 47 38 45 36 27 18 25 16 23 30 21 28 19 26 17 24 31 22 29 20
12 13 14 15 0 1 2 3 4 5 6 7 8 9 10 11 28 29 30 31 16 17 18 19 20 21 22 23 24 25 26 27 44 45 46 47 32 33 34 35 36 37 38 39 40 41 42 43
13 4 11 2 9 0 7 14 5 12 3 10 1 8 15 6 29 20 27 18 25 16 23 30 21 28 19 26 17 24 31 22 45 36 43 34 41 32 39 46 37 44 35 42 33 40 47 38
14 15 0 1 2 3 4 5 6 7 8 9 10 11 12 13 46 47 32 33 34 35 36 37 38 39 40 41 42 43 44 45 30 31 16 17 18 19 20 21 22 23 24 25 26 27 28 29
15 6 13 4 11 2 9 0 7 14 5 12 3 10 1 8 47 38 45 36 43 34 41 32 39 46 37 44 35 42 33 40 31 22 29 20 27 18 25 16 23 30 21 28 19 26 17 24
16 17 18 19 20 21 22 23 24 25 26 27 28 29 30 31 32 33 34 35 36 37 38 39 40 41 42 43 44 45 46 47 0 1 2 3 4 5 6 7 8 9 10 11 12 13 14 15
17 24 31 22 29 20 27 18 25 16 23 30 21 28 19 26 33 40 47 38 45 36 43 34 41 32 39 46 37 44 35 42 1 8 15 6 13 4 11 2 9 0 7 14 5 12 3 10
18 19 20 21 22 23 24 25 26 27 28 29 30 31 16 17 2 3 4 5 6 7 8 9 10 11 12 13 14 15 0 1 34 35 36 37 38 39 40 41 42 43 44 45 46 47 32 33
19 26 17 24 31 22 29 20 27 18 25 16 23 30 21 28 3 10 1 8 15 6 13 4 11 2 9 0 7 14 5 12 35 42 33 40 47 38 45 36 43 34 41 32 39 46 37 44
20 21 22 23 24 25 26 27 28 29 30 31 16 17 18 19 36 37 38 39 40 41 42 43 44 45 46 47 32 33 34 35 4 5 6 7 8 9 10 11 12 13 14 15 0 1 2 3
21 28 19 26 17 24 31 22 29 20 27 18 25 16 23 30 37 44 35 42 33 40 47 38 45 36 43 34 41 32 39 46 5 12 3 10 1 8 15 6 13 4 11 2 9 0 7 14
22 23 24 25 26 27 28 29 30 31 16 17 18 19 20 21 6 7 8 9 10 11 12 13 14 15 0 1 2 3 4 5 38 39 40 41 42 43 44 45 46 47 32 33 34 35 36 37
23 30 21 28 19 26 17 24 31 22 29 20 27 18 25 16 7 14 5 12 3 10 1 8 15 6 13 4 11 2 9 0 39 46 37 44 35 42 33 40 47 38 45 36 43 34 41 32
24 25 26 27 28 29 30 31 16 17 18 19 20 21 22 23 40 41 42 43 44 45 46 47 32 33 34 35 36 37 38 39 8 9 10 11 12 13 14 15 0 1 2 3 4 5 6 7
25 16 23 30 21 28 19 26 17 24 31 22 29 20 27 18 41 32 39 46 37 44 35 42 33 40 47 38 45 36 43 34 9 0 7 14 5 12 3 10 1 8 15 6 13 4 11 2
26 27 28 29 30 31 16 17 18 19 20 21 22 23 24 25 10 11 12 13 14 15 0 1 2 3 4 5 6 7 8 9 42 43 44 45 46 47 32 33 34 35 36 37 38 39 40 41
27 18 25 16 23 30 21 28 19 26 17 24 31 22 29 20 11 2 9 0 7 14 5 12 3 10 1 8 15 6 13 4 43 34 41 32 39 46 37 44 35 42 33 40 47 38 45 36
28 29 30 31 16 17 18 19 20 21 22 23 24 25 26 27 44 45 46 47 32 33 34 35 36 37 38 39 40 41 42 43 12 13 14 15 0 1 2 3 4 5 6 7 8 9 10 11
29 20 27 18 25 16 23 30 21 28 19 26 17 24 31 22 45 36 43 34 41 32 39 46 37 44 35 42 33 40 47 38 13 4 11 2 9 0 7 14 5 12 3 10 1 8 15 6
30 31 16 17 18 19 20 21 22 23 24 25 26 27 28 29 14 15 0 1 2 3 4 5 6 7 8 9 10 11 12 13 46 47 32 33 34 35 36 37 38 39 40 41 42 43 44 45
31 22 29 20 27 18 25 16 23 30 21 28 19 26 17 24 15 6 13 4 11 2 9 0 7 14 5 12 3 10 1 8 47 38 45 36 43 34 41 32 39 46 37 44 35 42 33 40
32 33 34 35 36 37 38 39 40 41 42 43 44 45 46 47 0 1 2 3 4 5 6 7 8 9 10 11 12 13 14 15 16 17 18 19 20 21 22 23 24 25 26 27 28 29 30 31
33 40 47 38 45 36 43 34 41 32 39 46 37 44 35 42 1 8 15 6 13 4 11 2 9 0 7 14 5 12 3 10 17 24 31 22 29 20 27 18 25 16 23 30 21 28 19 26
34 35 36 37 38 39 40 41 42 43 44 45 46 47 32 33 18 19 20 21 22 23 24 25 26 27 28 29 30 31 16 17 2 3 4 5 6 7 8 9 10 11 12 13 14 15 0 1
35 42 33 40 47 38 45 36 43 34 41 32 39 46 37 44 19 26 17 24 31 22 29 20 27 18 25 16 23 30 21 28 3 10 1 8 15 6 13 4 11 2 9 0 7 14 5 12
36 37 38 39 40 41 42 43 44 45 46 47 32 33 34 35 4 5 6 7 8 9 10 11 12 13 14 15 0 1 2 3 20 21 22 23 24 25 26 27 28 29 30 31 16 17 18 19
37 44 35 42 33 40 47 38 45 36 43 34 41 32 39 46 5 12 3 10 1 8 15 6 13 4 11 2 9 0 7 14 21 28 19 26 17 24 31 22 29 20 27 18 25 16 23 30
38 39 40 41 42 43 44 45 46 47 32 33 34 35 36 37 22 23 24 25 26 27 28 29 30 31 16 17 18 19 20 21 6 7 8 9 10 11 12 13 14 15 0 1 2 3 4 5
39 46 37 44 35 42 33 40 47 38 45 36 43 34 41 32 23 30 21 28 19 26 17 24 31 22 29 20 27 18 25 16 7 14 5 12 3 10 1 8 15 6 13 4 11 2 9 0
40 41 42 43 44 45 46 47 32 33 34 35 36 37 38 39 8 9 10 11 12 13 14 15 0 1 2 3 4 5 6 7 24 25 26 27 28 29 30 31 16 17 18 19 20 21 22 23
41 32 39 46 37 44 35 42 33 40 47 38 45 36 43 34 9 0 7 14 5 12 3 10 1 8 15 6 13 4 11 2 25 16 23 30 21 28 19 26 17 24 31 22 29 20 27 18
42 43 44 45 46 47 32 33 34 35 36 37 38 39 40 41 26 27 28 29 30 31 16 17 18 19 20 21 22 23 24 25 10 11 12 13 14 15 0 1 2 3 4 5 6 7 8 9
43 34 41 32 39 46 37 44 35 42 33 40 47 38 45 36 27 18 25 16 23 30 21 28 19 26 17 24 31 22 29 20 11 2 9 0 7 14 5 12 3 10 1 8 15 6 13 4
44 45 46 47 32 33 34 35 36 37 38 39 40 41 42 43 12 13 14 15 0 1 2 3 4 5 6 7 8 9 10 11 28 29 30 31 16 17 18 19 20 21 22 23 24 25 26 27
45 36 43 34 41 32 39 46 37 44 35 42 33 40 47 38 13 4 11 2 9 0 7 14 5 12 3 10 1 8 15 6 29 20 27 18 25 16 23 30 21 28 19 26 17 24 31 22
46 47 32 33 34 35 36 37 38 39 40 41 42 43 44 45 30 31 16 17 18 19 20 21 22 23 24 25 26 27 28 29 14 15 0 1 2 3 4 5 6 7 8 9 10 11 12 13
47 38 45 36 43 34 41 32 39 46 37 44 35 42 33 40 31 22 29 20 27 18 25 16 23 30 21 28 19 26 17 24 15 6 13 4 11 2 9 0 7 14 5 12 3 10 1 8
Z3:Z2:D8
0 1 2 3 4 5 6 7 8 9 10 11 12 13 14 15 16 17 18 19 20 21 22 23 24 25 26 27 28 29 30 31 32 33 34 35 36 37 38 39 40 41 42 43 44 45 46 47
1 0 7 6 5 4 3 2 9 8 15 14 13 12 11 10 17 16 23 22 21 20 19 18 25 24 31 30 29 28 27 26 33 32 39 38 37 36 35 34 41 40 47 46 45 44 43 42
2 3 4 5 6 7 0 1 10 11 12 13 14 15 8 9 18 19 20 21 22 23 16 17 26 27 28 29 30 31 24 25 34 35 36 37 38 39 32 33 42 43 44 45 46 47 40 41
3 2 1 0 7 6 5 4 11 10 9 8 15 14 13 12 19 18 17 16 23 22 21 20 27 26 25 24 31 30 29 28 35 34 33 32 39 38 37 36 43 42 41 40 47 46 45 44
4 5 6 7 0 1 2 3 12 13 14 15 8 9 10 11 20 21 22 23 16 17 18 19 28 29 30 31 24 25 26 27 36 37 38 39 32 33 34 35 44 45 46 47 40 41 42 43
5 4 3 2 1 0 7 6 13 12 11 10 9 8 15 14 21 20 19 18 17 16 23 22 29 28 27 26 25 24 31 30 37 36 35 34 33 32 39 38 45 44 43 42 41 40 47 46
6 7 0 1 2 3 4 5 14 15 8 9 10 11 12 13 22 23 16 17 18 19 20 21 30 31 24 25 26 27 28 29 38 39 32 33 34 35 36 37 46 47 40 41 42 43 44 45
7 6 5 4 3 2 1 0 15 14 13 12 11 10 9 8 23 22 21 20 19 18 17 16 31 30 29 28 27 26 25 24 39 38 37 36 35 34 33 32 47 46 45 44 43 42 41 40
8 9 10 11 12 13 14 15 0 1 2 3 4 5 6 7 24 25 26 27 28 29 30 31 16 17 18 19 20 21 22 23 40 41 42 43 44 45 46 47 32 33 34 35 36 37 38 39
9 8 15 14 13 12 11 10 1 0 7 6 5 4 3 2 25 24 31 30 29 28 27 26 17 16 23 22 21 20 19 18 41 40 47 46 45 44 43 42 33 32 39 38 37 36 35 34
10 11 12 13 14 15 8 9 2 3 4 5 6 7 0 1 26 27 28 29 30 31 24 25 18 19 20 21 22 23 16 17 42 43 44 45 46 47 40 41 34 35 36 37 38 39 32 33
11 10 9 8 15 14 13 12 3 2 1 0 7 6 5 4 27 26 25 24 31 30 29 28 19 18 17 16 23 22 21 20 43 42 41 40 47 46 45 44 35 34 33 32 39 38 37 36
12 13 14 15 8 9 10 11 4 5 6 7 0 1 2 3 28 29 30 31 24 25 26 27 20 21 22 23 16 17 18 19 44 45 46 47 40 41 42 43 36 37 38 39 32 33 34 35
13 12 11 10 9 8 15 14 5 4 3 2 1 0 7 6 29 28 27 26 25 24 31 30 21 20 19 18 17 16 23 22 45 44 43 42 41 40 47 46 37 36 35 34 33 32 39 38
14 15 8 9 10 11 12 13 6 7 0 1 2 3 4 5 30 31 24 25 26 27 28 29 22 23 16 17 18 19 20 21 46 47 40 41 42 43 44 45 38 39 32 33 34 35 36 37
15 14 13 12 11 10 9 8 7 6 5 4 3 2 1 0 31 30 29 28 27 26 25 24 23 22 21 20 19 18 17 16 47 46 45 44 43 42 41 40 39 38 37 36 35 34 33 32
16 17 18 19 20 21 22 23 24 25 26 27 28 29 30 31 32 33 34 35 36 37 38 39 40 41 42 43 44 45 46 47 0 1 2 3 4 5 6 7 8 9 10 11 12 13 14 15
17 16 23 22 21 20 19 18 25 24 31 30 29 28 27 26 33 32 39 38 37 36 35 34 41 40 47 46 45 44 43 42 1 0 7 6 5 4 3 2 9 8 15 14 13 12 11 10
18 19 20 21 22 23 16 17 26 27 28 29 30 31 24 25 34 35 36 37 38 39 32 33 42 43 44 45 46 47 40 41 2 3 4 5 6 7 0 1 10 11 12 13 14 15 8 9
19 18 17 16 23 22 21 20 27 26 25 24 31 30 29 28 35 34 33 32 39 38 37 36 43 42 41 40 47 46 45 44 3 2 1 0 7 6 5 4 11 10 9 8 15 14 13 12
20 21 22 23 16 17 18 19 28 29 30 31 24 25 26 27 36 37 38 39 32 33 34 35 44 45 46 47 40 41 42 43 4 5 6 7 0 1 2 3 12 13 14 15 8 9 10 11
21 20 19 18 17 16 23 22 29 28 27 26 25 24 31 30 37 36 35 34 33 32 39 38 45 44 43 42 41 40 47 46 5 4 3 2 1 0 7 6 13 12 11 10 9 8 15 14
22 23 16 17 18 19 20 21 30 31 24 25 26 27 28 29 38 39 32 33 34 35 36 37 46 47 40 41 42 43 44 45 6 7 0 1 2 3 4 5 14 15 8 9 10 11 12 13
23 22 21 20 19 18 17 16 31 30 29 28 27 26 25 24 39 38 37 36 35 34 33 32 47 46 45 44 43 42 41 40 7 6 5 4 3 2 1 0 15 14 13 12 11 10 9 8
24 25 26 27 28 29 30 31 16 17 18 19 20 21 22 23 40 41 42 43 44 45 46 47 32 33 34 35 36 37 38 39 8 9 10 11 12 13 14 15 0 1 2 3 4 5 6 7
25 24 31 30 29 28 27 26 17 16 23 22 21 20 19 18 41 40 47 46 45 44 43 42 33 32 39 38 37 36 35 34 9 8 15 14 13 12 11 10 1 0 7 6 5 4 3 2
26 27 28 29 30 31 24 25 18 19 20 21 22 23 16 17 42 43 44 45 46 47 40 41 34 35 36 37 38 39 32 33 10 11 12 13 14 15 8 9 2 3 4 5 6 7 0 1
27 26 25 24 31 30 29 28 19 18 17 16 23 22 21 20 43 42 41 40 47 46 45 44 35 34 33 32 39 38 37 36 11 10 9 8 15 14 13 12 3 2 1 0 7 6 5 4
28 29 30 31 24 25 26 27 20 21 22 23 16 17 18 19 44 45 46 47 40 41 42 43 36 37 38 39 32 33 34 35 12 13 14 15 8 9 10 11 4 5 6 7 0 1 2 3
29 28 27 26 25 24 31 30 21 20 19 18 17 16 23 22 45 44 43 42 41 40 47 46 37 36 35 34 33 32 39 38 13 12 11 10 9 8 15 14 5 4 3 2 1 0 7 6
30 31 24 25 26 27 28 29 22 23 16 17 18 19 20 21 46 47 40 41 42 43 44 45 38 39 32 33 34 35 36 37 14 15 8 9 10 11 12 13 6 7 0 1 2 3 4 5
31 30 29 28 27 26 25 24 23 22 21 20 19 18 17 16 47 46 45 44 43 42 41 40 39 38 37 36 35 34 33 32 15 14 13 12 11 10 9 8 7 6 5 4 3 2 1 0
32 33 34 35 36 37 38 39 40 41 42 43 44 45 46 47 0 1 2 3 4 5 6 7 8 9 10 11 12 13 14 15 16 17 18 19 20 21 22 23 24 25 26 27 28 29 30 31
33 32 39 38 37 36 35 34 41 40 47 46 45 44 43 42 1 0 7 6 5 4 3 2 9 8 15 14 13 12 11 10 17 16 23 22 21 20 19 18 25 24 31 30 29 28 27 26
34 35 36 37 38 39 32 33 42 43 44 45 46 47 40 41 2 3 4 5 6 7 0 1 10 11 12 13 14 15 8 9 18 19 20 21 22 23 16 17 26 27 28 29 30 31 24 25
35 34 33 32 39 38 37 36 43 42 41 40 47 46 45 44 3 2 1 0 7 6 5 4 11 10 9 8 15 14 13 12 19 18 17 16 23 22 21 20 27 26 25 24 31 30 29 28
36 37 38 39 32 33 34 35 44 45 46 47 40 41 42 43 4 5 6 7 0 1 2 3 12 13 14 15 8 9 10 11 20 21 22 23 16 17 18 19 28 29 30 31 24 25 26 27
37 36 35 34 33 32 39 38 45 44 43 42 41 40 47 46 5 4 3 2 1 0 7 6 13 12 11 10 9 8 15 14 21 20 19 18 17 16 23 22 29 28 27 26 25 24 31 30
38 39 32 33 34 35 36 37 46 47 40 41 42 43 44 45 6 7 0 1 2 3 4 5 14 15 8 9 10 11 12 13 22 23 16 17 18 19 20 21 30 31 24 25 26 27 28 29
39 38 37 36 35 34 33 32 47 46 45 44 43 42 41 40 7 6 5 4 3 2 1 0 15 14 13 12 11 10 9 8 23 22 21 20 19 18 17 16 31 30 29 28 27 26 25 24
40 41 42 43 44 45 46 47 32 33 34 35 36 37 38 39 8 9 10 11 12 13 14 15 0 1 2 3 4 5 6 7 24 25 26 27 28 29 30 31 16 17 18 19 20 21 22 23
41 40 47 46 45 44 43 42 33 32 39 38 37 36 35 34 9 8 15 14 13 12 11 10 1 0 7 6 5 4 3 2 25 24 31 30 29 28 27 26 17 16 23 22 21 20 19 18
42 43 44 45 46 47 40 41 34 35 36 37 38 39 32 33 10 11 12 13 14 15 8 9 2 3 4 5 6 7 0 1 26 27 28 29 30 31 24 25 18 19 20 21 22 23 16 17
43 42 41 40 47 46 45 44 35 34 33 32 39 38 37 36 11 10 9 8 15 14 13 12 3 2 1 0 7 6 5 4 27 26 25 24 31 30 29 28 19 18 17 16 23 22 21 20
44 45 46 47 40 41 42 43 36 37 38 39 32 33 34 35 12 13 14 15 8 9 10 11 4 5 6 7 0 1 2 3 28 29 30 31 24 25 26 27 20 21 22 23 16 17 18 19
45 44 43 42 41 40 47 46 37 36 35 34 33 32 39 38 13 12 11 10 9 8 15 14 5 4 3 2 1 0 7 6 29 28 27 26 25 24 31 30 21 20 19 18 17 16 23 22
46 47 40 41 42 43 44 45 38 39 32 33 34 35 36 37 14 15 8 9 10 11 12 13 6 7 0 1 2 3 4 5 30 31 24 25 26 27 28 29 22 23 16 17 18 19 20 21
47 46 45 44 43 42 41 40 39 38 37 36 35 34 33 32 15 14 13 12 11 10 9 8 7 6 5 4 3 2 1 0 31 30 29 28 27 26 25 24 23 22 21 20 19 18 17 16
Z3:Z2:D8
0 1 2 3 4 5 6 7 8 9 10 11 12 13 14 15 16 17 18 19 20 21 22 23 24 25 26 27 28 29 30 31 32 33 34 35 36 37 38 39 40 41 42 43 44 45 46 47
1 0 7 6 5 4 3 2 9 8 15 14 13 12 11 10 17 16 23 22 21 20 19 18 25 24 31 30 29 28 27 26 33 32 39 38 37 36 35 34 41 40 47 46 45 44 43 42
2 3 4 5 6 7 0 1 10 11 12 13 14 15 8 9 18 19 20 21 22 23 16 17 26 27 28 29 30 31 24 25 34 35 36 37 38 39 32 33 42 43 44 45 46 47 40 41
3 2 1 0 7 6 5 4 11 10 9 8 15 14 13 12 19 18 17 16 23 22 21 20 27 26 25 24 31 30 29 28 35 34 33 32 39 38 37 36 43 42 41 40 47 46 45 44
4 5 6 7 0 1 2 3 12 13 14 15 8 9 10 11 20 21 22 23 16 17 18 19 28 29 30 31 24 25 26 27 36 37 38 39 32 33 34 35 44 45 46 47 40 41 42 43
5 4 3 2 1 0 7 6 13 12 11 10 9 8 15 14 21 20 19 18 17 16 23 22 29 28 27 26 25 24 31 30 37 36 35 34 33 32 39 38 45 44 43 42 41 40 47 46
6 7 0 1 2 3 4 5 14 15 8 9 10 11 12 13 22 23 16 17 18 19 20 21 30 31 24 25 26 27 28 29 38 39 32 33 34 35 36 37 46 47 40 41 42 43 44 45
7 6 5 4 3 2 1 0 15 14 13 12 11 10 9 8 23 22 21 20 19 18 17 16 31 30 29 28 27 26 25 24 39 38 37 36 35 34 33 32 47 46 45 44 43 42 41 40
8 9 10 11 12 13 14 15 0 1 2 3 4 5 6 7 40 41 42 43 44 45 46 47 32 33 34 35 36 37 38 39 24 25 26 27 28 29 30 31 16 17 18 19 20 21 22 23
9 8 15 14 13 12 11 10 1 0 7 6 5 4 3 2 41 40 47 46 45 44 43 42 33 32 39 38 37 36 35 34 25 24 31 30 29 28 27 26 17 16 23 22 21 20 19 18
10 11 12 13 14 15 8 9 2 3 4 5 6 7 0 1 42 43 44 45 46 47 40 41 34 35 36 37 38 39 32 33 26 27 28 29 30 31 24 25 18 19 20 21 22 23 16 17
11 10 9 8 15 14 13 12 3 2 1 0 7 6 5 4 43 42 41 40 47 46 45 44 35 34 33 32 39 38 37 36 27 26 25 24 31 30 29 28 19 18 17 16 23 22 21 20
12 13 14 15 8 9 10 11 4 5 6 7 0 1 2 3 44 45 46 47 40 41 42 43 36 37 38 39 32 33 34 35 28 29 30 31 24 25 26 27 20 21 22 23 16 17 18 19
13 12 11 10 9 8 15 14 5 4 3 2 1 0 7 6 45 44 43 42 41 40 47 46 37 36 35 34 33 32 39 38 29 28 27 26 25 24 31 30 21 20 19 18 17 16 23 22
14 15 8 9 10 11 12 13 6 7 0 1 2 3 4 5 46 47 40 41 42 43 44 45 38 39 32 33 34 35 36 37 30 31 24 25 26 27 28 29 22 23 16 17 18 19 20 21
15 14 13 12 11 10 9 8 7 6 5 4 3 2 1 0 47 46 45 44 43 42 41 40 39 38 37 36 35 34 33 32 31 30 29 28 27 26 25 24 23 22 21 20 19 18 17 16
16 17 18 19 20 21 22 23 24 25 26 27 28 29 30 31 32 33 34 35 36 37 38 39 40 41 42 43 44 45 46 47 0 1 2 3 4 5 6 7 8 9 10 11 12 13 14 15
17 16 23 22 21 20 19 18 25 24 31 30 29 28 27 26 33 32 39 38 37 36 35 34 41 40 47 46 45 44 43 42 1 0 7 6 5 4 3 2 9 8 15 14 13 12 11 10
18 19 20 21 22 23 16 17 26 27 28 29 30 31 24 25 34 35 36 37 38 39 32 33 42 43 44 45 46 47 40 41 2 3 4 5 6 7 0 1 10 11 12 13 14 15 8 9
19 18 17 16 23 22 21 20 27 26 25 24 31 30 29 28 35 34 33 32 39 38 37 36 43 42 41 40 47 46 45 44 3 2 1 0 7 6 5 4 11 10 9 8 15 14 13 12
20 21 22 23 16 17 18 19 28 29 30 31 24 25 26 27 36 37 38 39 32 33 34 35 44 45 46 47 40 41 42 43 4 5 6 7 0 1 2 3 12 13 14 15 8 9 10 11
21 20 19 18 17 16 23 22 29 28 27 26 25 24 31 30 37 36 35 34 33 32 39 38 45 44 43 42 41 40 47 46 5 4 3 2 1 0 7 6 13 12 11 10 9 8 15 14
22 23 16 17 18 19 20 21 30 31 24 25 26 27 28 29 38 39 32 33 34 35 36 37 46 47 40 41 42 43 44 45 6 7 0 1 2 3 4 5 14 15 8 9 10 11 12 13
23 22 21 20 19 18 17 16 31 30 29 28 27 26 25 24 39 38 37 36 35 34 33 32 47 46 45 44 43 42 41 40 7 6 5 4 3 2 1 0 15 14 13 12 11 10 9 8
24 25 26 27 28 29 30 31 16 17 18 19 20 21 22 23 8 9 10 11 12 13 14 15 0 1 2 3 4 5 6 7 40 41 42 43 44 45 46 47 32 33 34 35 36 37 38 39
25 24 31 30 29 28 27 26 17 16 23 22 21 20 19 18 9 8 15 14 13 12 11 10 1 0 7 6 5 4 3 2 41 40 47 46 45 44 43 42 33 32 39 38 37 36 35 34
26 27 28 29 30 31 24 25 18 19 20 21 22 23 16 17 10 11 12 13 14 15 8 9 2 3 4 5 6 7 0 1 42 43 44 45 46 47 40 41 34 35 36 37 38 39 32 33
27 26 25 24 31 30 29 28 19 18 17 16 23 22 21 20 11 10 9 8 15 14 13 12 3 2 1 0 7 6 5 4 43 42 41 40 47 46 45 44 35 34 33 32 39 38 37 36
28 29 30 31 24 25 26 27 20 21 22 23 16 17 18 19 12 13 14 15 8 9 10 11 4 5 6 7 0 1 2 3 44 45 46 47 40 41 42 43 36 37 38 39 32 33 34 35
29 28 27 26 25 24 31 30 21 20 19 18 17 16 23 22 13 12 11 10 9 8 15 14 5 4 3 2 1 0 7 6 45 44 43 42 41 40 47 46 37 36 35 34 33 32 39 38
30 31 24 25 26 27 28 29 22 23 16 17 18 19 20 21 14 15 8 9 10 11 12 13 6 7 0 1 2 3 4 5 46 47 40 41 42 43 44 45 38 39 32 33 34 35 36 37
31 30 29 28 27 26 25 24 23 22 21 20 19 18 17 16 15 14 13 12 11 10 9 8 7 6 5 4 3 2 1 0 47 46 45 44 43 42 41 40 39 38 37 36 35 34 33 32
32 33 34 35 36 37 38 39 40 41 42 43 44 45 46 47 0 1 2 3 4 5 6 7 8 9 10 11 12 13 14 15 16 17 18 19 20 21 22 23 24 25 26 27 28 29 30 31
33 32 39 38 37 36 35 34 41 40 47 46 45 44 43 42 1 0 7 6 5 4 3 2 9 8 15 14 13 12 11 10 17 16 23 22 21 20 19 18 25 24 31 30 29 28 27 26
34 35 36 37 38 39 32 33 42 43 44 45 46 47 40 41 2 3 4 5 6 7 0 1 10 11 12 13 14 15 8 9 18 19 20 21 22 23 16 17 26 27 28 29 30 31 24 25
35 34 33 32 39 38 37 36 43 42 41 40 47 46 45 44 3 2 1 0 7 6 5 4 11 10 9 8 15 14 13 12 19 18 17 16 23 22 21 20 27 26 25 24 31 30 29 28
36 37 38 39 32 33 34 35 44 45 46 47 40 41 42 43 4 5 6 7 0 1 2 3 12 13 14 15 8 9 10 11 20 21 22 23 16 17 18 19 28 29 30 31 24 25 26 27
37 36 35 34 33 32 39 38 45 44 43 42 41 40 47 46 5 4 3 2 1 0 7 6 13 12 11 10 9 8 15 14 21 20 19 18 17 16 23 22 29 28 27 26 25 24 31 30
38 39 32 33 34 35 36 37 46 47 40 41 42 43 44 45 6 7 0 1 2 3 4 5 14 15 8 9 10 11 12 13 22 23 16 17 18 19 20 21 30 31 24 25 26 27 28 29
39 38 37 36 35 34 33 32 47 46 45 44 43 42 41 40 7 6 5 4 3 2 1 0 15 14 13 12 11 10 9 8 23 22 21 20 19 18 17 16 31 30 29 28 27 26 25 24
40 41 42 43 44 45 46 47 32 33 34 35 36 37 38 39 24 25 26 27 28 29 30 31 16 17 18 19 20 21 22 23 8 9 10 11 12 13 14 15 0 1 2 3 4 5 6 7
41 40 47 46 45 44 43 42 33 32 39 38 37 36 35 34 25 24 31 30 29 28 27 26 17 16 23 22 21 20 19 18 9 8 15 14 13 12 11 10 1 0 7 6 5 4 3 2
42 43 44 45 46 47 40 41 34 35 36 37 38 39 32 33 26 27 28 29 30 31 24 25 18 19 20 21 22 23 16 17 10 11 12 13 14 15 8 9 2 3 4 5 6 7 0 1
43 42 41 40 47 46 45 44 35 34 33 32 39 38 37 36 27 26 25 24 31 30 29 28 19 18 17 16 23 22 21 20 11 10 9 8 15 14 13 12 3 2 1 0 7 6 5 4
44 45 46 47 40 41 42 43 36 37 38 39 32 33 34 35 28 29 30 31 24 25 26 27 20 21 22 23 16 17 18 19 12 13 14 15 8 9 10 11 4 5 6 7 0 1 2 3
45 44 43 42 41 40 47 46 37 36 35 34 33 32 39 38 29 28 27 26 25 24 31 30 21 20 19 18 17 16 23 22 13 12 11 10 9 8 15 14 5 4 3 2 1 0 7 6
46 47 40 41 42 43 44 45 38 39 32 33 34 35 36 37 30 31 24 25 26 27 28 29 22 23 16 17 18 19 20 21 14 15 8 9 10 11 12 13 6 7 0 1 2 3 4 5
47 46 45 44 43 42 41 40 39 38 37 36 35 34 33 32 31 30 29 28 27 26 25 24 23 22 21 20 19 18 17 16 15 14 13 12 11 10 9 8 7 6 5 4 3 2 1 0
Z3:Z2:D8
0 1 2 3 4 5 6 7 8 9 10 11 12 13 14 15 16 17 18 19 20 21 22 23 24 25 26 27 28 29 30 31 32 33 34 35 36 37 38 39 40 41 42 43 44 45 46 47
1 0 7 6 5 4 3 2 9 8 15 14 13 12 11 10 33 32 39 38 37 36 35 34 41 40 47 46 45 44 43 42 17 16 23 22 21 20 19 18 25 24 31 30 29 28 27 26
2 3 4 5 6 7 0 1 10 11 12 13 14 15 8 9 18 19 20 21 22 23 16 17 26 27 28 29 30 31 24 25 34 35 36 37 38 39 32 33 42 43 44 45 46 47 40 41
3 2 1 0 7 6 5 4 11 10 9 8 15 14 13 12 35 34 33 32 39 38 37 36 43 42 41 40 47 46 45 44 19 18 17 16 23 22 21 20 27 26 25 24 31 30 29 28
4 5 6 7 0 1 2 3 12 13 14 15 8 9 10 11 20 21 22 23 16 17 18 19 28 29 30 31 24 25 26 27 36 37 38 39 32 33 34 35 44 45 46 47 40 41 42 43
5 4 3 2 1 0 7 6 13 12 11 10 9 8 15 14 37 36 35 34 33 32 39 38 45 44 43 42 41 40 47 46 21 20 19 18 17 16 23 22 29 28 27 26 25 24 31 30
6 7 0 1 2 3 4 5 14 15 8 9 10 11 12 13 22 23 16 17 18 19 20 21 30 31 24 25 26 27 28 29 38 39 32 33 34 35 36 37 46 47 40 41 42 43 44 45
7 6 5 4 3 2 1 0 15 14 13 12 11 10 9 8 39 38 37 36 35 34 33 32 47 46 45 44 43 42 41 40 23 22 21 20 19 18 17 16 31 30 29 28 27 26 25 24
8 9 10 11 12 13 14 15 0 1 2 3 4 5 6 7 24 25 26 27 28 29 30 31 16 17 18 19 20 21 22 23 40 41 42 43 44 45 46 47 32 33 34 35 36 37 38 39
9 8 15 14 13 12 11 10 1 0 7 6 5 4 3 2 41 40 47 46 45 44 43 42 33 32 39 38 37 36 35 34 25 24 31 30 29 28 27 26 17 16 23 22 21 20 19 18
10 11 12 13 14 15 8 9 2 3 4 5 6 7 0 1 26 27 28 29 30 31 24 25 18 19 20 21 22 23 16 17 42 43 44 45 46 47 40 41 34 35 36 37 38 39 32 33
11 10 9 8 15 14 13 12 3 2 1 0 7 6 5 4 43 42 41 40 47 46 45 44 35 34 33 32 39 38 37 36 27 26 25 24 31 30 29 28 19 18 17 16 23 22 21 20
12 13 14 15 8 9 10 11 4 5 6 7 0 1 2 3 28 29 30 31 24 25 26 27 20 21 22 23 16 17 18 19 44 45 46 47 40 41 42 43 36 37 38 39 32 33 34 35
13 12 11 10 9 8 15 14 5 4 3 2 1 0 7 6 45 44 43 42 41 40 47 46 37 36 35 34 33 32 39 38 29 28 27 26 25 24 31 30 21 20 19 18 17 16 23 22
14 15 8 9 10 11 12 13 6 7 0 1 2 3 4 5 30 31 24 25 26 27 28 29 22 23 16 17 18 19 20 21 46 47 40 41 42 43 44 45 38 39 32 33 34 35 36 37
15 14 13 12 11 10 9 8 7 6 5 4 3 2 1 0 47 46 45 44 43 42 41 40 39 38 37 36 35 34 33 32 31 30 29 28 27 26 25 24 23 22 21 20 19 18 17 16
16 17 18 19 20 21 22 23 24 25 26 27 28 29 30 31 32 33 34 35 36 37 38 39 40 41 42 43 44 45 46 47 0 1 2 3 4 5 6 7 8 9 10 11 12 13 14 15
17 16 23 22 21 20 19 18 25 24 31 30 29 28 27 26 1 0 7 6 5 4 3 2 9 8 15 14 13 12 11 10 33 32 39 38 37 36 35 34 41 40 47 46 45 44 43 42
18 19 20 21 22 23 16 17 26 27 28 29 30 31 24 25 34 35 36 37 38 39 32 33 42 43 44 45 46 47 40 41 2 3 4 5 6 7 0 1 10 11 12 13 14 15 8 9
19 18 17 16 23 22 21 20 27 26 25 24 31 30 29 28 3 2 1 0 7 6 5 4 11 10 9 8 15 14 13 12 35 34 33 32 39 38 37 36 43 42 41 40 47 46 45 44
20 21 22 23 16 17 18 19 28 29 30 31 24 25 26 27 36 37 38 39 32 33 34 35 44 45 46 47 40 41 42 43 4 5 6 7 0 1 2 3 12 13 14 15 8 9 10 11
21 20 19 18 17 16 23 22 29 28 27 26 25 24 31 30 5 4 3 2 1 0 7 6 13 12 11 10 9 8 15 14 37 36 35 34 33 32 39 38 45 44 43 42 41 40 47 46
22 23 16 17 18 19 20 21 30 31 24 25 26 27 28 29 38 39 32 33 34 35 36 37 46 47 40 41 42 43 44 45 6 7 0 1 2 3 4 5 14 15 8 9 10 11 12 13
23 22 21 20 19 18 17 16 31 30 29 28 27 26 25 24 7 6 5 4 3 2 1 0 15 14 13 12 11 10 9 8 39 38 37 36 35 34 33 32 47 46 45 44 43 42 41 40
24 25 26 27 28 29 30 31 16 17 18 19 20 21 22 23 40 41 42 43 44 45 46 47 32 33 34 35 36 37 38 39 8 9 10 11 12 13 14 15 0 1 2 3 4 5 6 7
25 24 31 30 29 28 27 26 17 16 23 22 21 20 19 18 9 8 15 14 13 12 11 10 1 0 7 6 5 4 3 2 41 40 47 46 45 44 43 42 33 32 39 38 37 36 35 34
26 27 28 29 30 31 24 25 18 19 20 21 22 23 16 17 42 43 44 45 46 47 40 41 34 35 36 37 38 39 32 33 10 11 12 13 14 15 8 9 2 3 4 5 6 7 0 1
27 26 25 24 31 30 29 28 19 18 17 16 23 22 21 20 11 10 9 8 15 14 13 12 3 2 1 0 7 6 5 4 43 42 41 40 47 46 45 44 35 34 33 32 39 38 37 36
28 29 30 31 24 25 26 27 20 21 22 23 16 17 18 19 44 45 46 47 40 41 42 43 36 37 38 39 32 33 34 35 12 13 14 15 8 9 10 11 4 5 6 7 0 1 2 3
29 28 27 26 25 24 31 30 21 20 19 18 17 16 23 22 13 12 11 10 9 8 15 14 5 4 3 2 1 0 7 6 45 44 43 42 41 40 47 46 37 36 35 34 33 32 39 38
30 31 24 25 26 27 28 29 22 23 16 17 18 19 20 21 46 47 40 41 42 43 44 45 38 39 32 33 34 35 36 37 14 15 8 9 10 11 12 13 6 7 0 1 2 3 4 5
31 30 29 28 27 26 25 24 23 22 21 20 19 18 17 16 15 14 13 12 11 10 9 8 7 6 5 4 3 2 1 0 47 46 45 44 43 42 41 40 39 38 37 36 35 34 33 32
32 33 34 35 36 37 38 39 40 41 42 43 44 45 46 47 0 1 2 3 4 5 6 7 8 9 10 11 12 13 14 15 16 17 18 19 20 21 22 23 24 25 26 27 28 29 30 31
33 32 39 38 37 36 35 34 41 40 47 46 45 44 43 42 17 16 23 22 21 20 19 18 25 24 31 30 29 28 27 26 1 0 7 6 5 4 3 2 9 8 15 14 13 12 11 10
34 35 36 37 38 39 32 33 42 43 44 45 46 47 40 41 2 3 4 5 6 7 0 1 10 11 12 13 14 15 8 9 18 19 20 21 22 23 16 17 26 27 28 29 30 31 24 25
35 34 33 32 39 38 37 36 43 42 41 40 47 46 45 44 19 18 17 16 23 22 21 20 27 26 25 24 31 30 29 28 3 2 1 0 7 6 5 4 11 10 9 8 15 14 13 12
36 37 38 39 32 33 34 35 44 45 46 47 40 41 42 43 4 5 6 7 0 1 2 3 12 13 14 15 8 9 10 11 20 21 22 23 16 17 18 19 28 29 30 31 24 25 26 27
37 36 35 34 33 32 39 38 45 44 43 42 41 40 47 46 21 20 19 18 17 16 23 22 29 28 27 26 25 24 31 30 5 4 3 2 1 0 7 6 13 12 11 10 9 8 15 14
38 39 32 33 34 35 36 37 46 47 40 41 42 43 44 45 6 7 0 1 2 3 4 5 14 15 8 9 10 11 12 13 22 23 16 17 18 19 20 21 30 31 24 25 26 27 28 29
39 38 37 36 35 34 33 32 47 46 45 44 43 42 41 40 23 22 21 20 19 18 17 16 31 30 29 28 27 26 25 24 7 6 5 4 3 2 1 0 15 14 13 12 11 10 9 8
40 41 42 43 44 45 46 47 32 33 34 35 36 37 38 39 8 9 10 11 12 13 14 15 0 1 2 3 4 5 6 7 24 25 26 27 28 29 30 31 16 17 18 19 20 21 22 23
41 40 47 46 45 44 43 42 33 32 39 38 37 36 35 34 25 24 31 30 29 28 27 26 17 16 23 22 21 20 19 18 9 8 15 14 13 12 11 10 1 0 7 6 5 4 3 2
42 43 44 45 46 47 40 41 34 35 36 37 38 39 32 33 10 11 12 13 14 15 8 9 2 3 4 5 6 7 0 1 26 27 28 29 30 31 24 25 18 19 20 21 22 23 16 17
43 42 41 40 47 46 45 44 35 34 33 32 39 38 37 36 27 26 25 24 31 30 29 28 19 18 17 16 23 22 21 20 11 10 9 8 15 14 13 12 3 2 1 0 7 6 5 4
44 45 46 47 40 41 42 43 36 37 38 39 32 33 34 35 12 13 14 15 8 9 10 11 4 5 6 7 0 1 2 3 28 29 30 31 24 25 26 27 20 21 22 23 16 17 18 19
45 44 43 42 41 40 47 46 37 36 35 34 33 32 39 38 29 28 27 26 25 24 31 30 21 20 19 18 17 16 23 22 13 12 11 10 9 8 15 14 5 4 3 2 1 0 7 6
46 47 40 41 42 43 44 45 38 39 32 33 34 35 36 37 14 15 8 9 10 11 12 13 6 7 0 1 2 3 4 5 30 31 24 25 26 27 28 29 22 23 16 17 18 19 20 21
47 46 45 44 43 42 41 40 39 38 37 36 35 34 33 32 31 30 29 28 27 26 25 24 23 22 21 20 19 18 17 16 15 14 13 12 11 10 9 8 7 6 5 4 3 2 1 0
Z3:Z2:D8
0 1 2 3 4 5 6 7 8 9 10 11 12 13 14 15 16 17 18 19 20 21 22 23 24 25 26 27 28 29 30 31 32 33 34 35 36 37 38 39 40 41 42 43 44 45 46 47
1 0 7 6 5 4 3 2 9 8 15 14 13 12 11 10 17 16 23 22 21 20 19 18 25 24 31 30 29 28 27 26 33 32 39 38 37 36 35 34 41 40 47 46 45 44 43 42
2 3 4 5 6 7 0 1 10 11 12 13 14 15 8 9 34 35 36 37 38 39 32 33 42 43 44 45 46 47 40 41 18 19 20 21 22 23 16 17 26 27 28 29 30 31 24 25
3 2 1 0 7 6 5 4 11 10 9 8 15 14 13 12 35 34 33 32 39 38 37 36 43 42 41 40 47 46 45 44 19 18 17 16 23 22 21 20 27 26 25 24 31 30 29 28
4 5 6 7 0 1 2 3 12 13 14 15 8 9 10 11 20 21 22 23 16 17 18 19 28 29 30 31 24 25 26 27 36 37 38 39 32 33 34 35 44 45 46 47 40 41 42 43
5 4 3 2 1 0 7 6 13 12 11 10 9 8 15 14 21 20 19 18 17 16 23 22 29 28 27 26 25 24 31 30 37 36 35 34 33 32 39 38 45 44 43 42 41 40 47 46
6 7 0 1 2 3 4 5 14 15 8 9 10 11 12 13 38 39 32 33 34 35 36 37 46 47 40 41 42 43 44 45 22 23 16 17 18 19 20 21 30 31 24 25 26 27 28 29
7 6 5 4 3 2 1 0 15 14 13 12 11 10 9 8 39 38 37 36 35 34 33 32 47 46 45 44 43 42 41 40 23 22 21 20 19 18 17 16 31 30 29 28 27 26 25 24
8 9 10 11 12 13 14 15 0 1 2 3 4 5 6 7 24 25 26 27 28 29 30 31 16 17 18 19 20 21 22 23 40 41 42 43 44 45 46 47 32 33 34 35 36 37 38 39
9 8 15 14 13 12 11 10 1 0 7 6 5 4 3 2 25 24 31 30 29 28 27 26 17 16 23 22 21 20 19 18 41 40 47 46 45 44 43 42 33 32 39 38 37 36 35 34
10 11 12 13 14 15 8 9 2 3 4 5 6 7 0 1 42 43 44 45 46 47 40 41 34 35 36 37 38 39 32 33 26 27 28 29 30 31 24 25 18 19 20 21 22 23 16 17
11 10 9 8 15 14 13 12 3 2 1 0 7 6 5 4 43 42 41 40 47 46 45 44 35 34 33 32 39 38 37 36 27 26 25 24 31 30 29 28 19 18 17 16 23 22 21 20
12 13 14 15 8 9 10 11 4 5 6 7 0 1 2 3 28 29 30 31 24 25 26 27 20 21 22 23 16 17 18 19 44 45 46 47 40 41 42 43 36 37 38 39 32 33 34 35
13 12 11 10 9 8 15 14 5 4 3 2 1 0 7 6 29 28 27 26 25 24 31 30 21 20 19 18 17 16 23 22 45 44 43 42 41 40 47 46 37 36 35 34 33 32 39 38
14 15 8 9 10 11 12 13 6 7 0 1 2 3 4 5 46 47 40 41 42 43 44 45 38 39 32 33 34 35 36 37 30 31 24 25 26 27 28 29 22 23 16 17 18 19 20 21
15 14 13 12 11 10 9 8 7 6 5 4 3 2 1 0 47 46 45 44 43 42 41 40 39 38 37 36 35 34 33 32 31 30 29 28 27 26 25 24 23 22 21 20 19 18 17 16
16 17 18 19 20 21 22 23 24 25 26 27 28 29 30 31 32 33 34 35 36 37 38 39 40 41 42 43 44 45 46 47 0 1 2 3 4 5 6 7 8 9 10 11 12 13 14 15
17 16 23 22 21 20 19 18 25 24 31 30 29 28 27 26 33 32 39 38 37 36 35 34 41 40 47 46 45 44 43 42 1 0 7 6 5 4 3 2 9 8 15 14 13 12 11 10
18 19 20 21 22 23 16 17 26 27 28 29 30 31 24 25 2 3 4 5 6 7 0 1 10 11 12 13 14 15 8 9 34 35 36 37 38 39 32 33 42 43 44 45 46 47 40 41
19 18 17 16 23 22 21 20 27 26 25 24 31 30 29 28 3 2 1 0 7 6 5 4 11 10 9 8 15 14 13 12 35 34 33 32 39 38 37 36 43 42 41 40 47 46 45 44
20 21 22 23 16 17 18 19 28 29 30 31 24 25 26 27 36 37 38 39 32 33 34 35 44 45 46 47 40 41 42 43 4 5 6 7 0 1 2 3 12 13 14 15 8 9 10 11
21 20 19 18 17 16 23 22 29 28 27 26 25 24 31 30 37 36 35 34 33 32 39 38 45 44 43 42 41 40 47 46 5 4 3 2 1 0 7 6 13 12 11 10 9 8 15 14
22 23 16 17 18 19 20 21 30 31 24 25 26 27 28 29 6 7 0 1 2 3 4 5 14 15 8 9 10 11 12 13 38 39 32 33 34 35 36 37 46 47 40 41 42 43 44 45
23 22 21 20 19 18 17 16 31 30 29 28 27 26 25 24 7 6 5 4 3 2 1 0 15 14 13 12 11 10 9 8 39 38 37 36 35 34 33 32 47 46 45 44 43 42 41 40
24 25 26 27 28 29 30 31 16 17 18 19 20 21 22 23 40 41 42 43 44 45 46 47 32 33 34 35 36 37 38 39 8 9 10 11 12 13 14 15 0 1 2 3 4 5 6 7
25 24 31 30 29 28 27 26 17 16 23 22 21 20 19 18 41 40 47 46 45 44 43 42 33 32 39 38 37 36 35 34 9 8 15 14 13 12 11 10 1 0 7 6 5 4 3 2
26 27 28 29 30 31 24 25 18 19 20 21 22 23 16 17 10 11 12 13 14 15 8 9 2 3 4 5 6 7 0 1 42 43 44 45 46 47 40 41 34 35 36 37 38 39 32 33
27 26 25 24 31 30 29 28 19 18 17 16 23 22 21 20 11 10 9 8 15 14 13 12 3 2 1 0 7 6 5 4 43 42 41 40 47 46 45 44 35 34 33 32 39 38 37 36
28 29 30 31 24 25 26 27 20 21 22 23 16 17 18 19 44 45 46 47 40 41 42 43 36 37 38 39 32 33 34 35 12 13 14 15 8 9 10 11 4 5 6 7 0 1 2 3
29 28 27 26 25 24 31 30 21 20 19 18 17 16 23 22 45 44 43 42 41 40 47 46 37 36 35 34 33 32 39 38 13 12 11 10 9 8 15 14 5 4 3 2 1 0 7 6
30 31 24 25 26 27 28 29 22 23 16 17 18 19 20 21 14 15 8 9 10 11 12 13 6 7 0 1 2 3 4 5 46 47 40 41 42 43 44 45 38 39 32 33 34 35 36 37
31 30 29 28 27 26 25 24 23 22 21 20 19 18 17 16 15 14 13 12 11 10 9 8 7 6 5 4 3 2 1 0 47 46 45 44 43 42 41 40 39 38 37 36 35 34 33 32
32 33 34 35 36 37 38 39 40 41 42 43 44 45 46 47 0 1 2 3 4 5 6 7 8 9 10 11 12 13 14 15 16 17 18 19 20 21 22 23 24 25 26 27 28 29 30 31
33 32 39 38 37 36 35 34 41 40 47 46 45 44 43 42 1 0 7 6 5 4 3 2 9 8 15 14 13 12 11 10 17 16 23 22 21 20 19 18 25 24 31 30 29 28 27 26
34 35 36 37 38 39 32 33 42 43 44 45 46 47 40 41 18 19 20 21 22 23 16 17 26 27 28 29 30 31 24 25 2 3 4 5 6 7 0 1 10 11 12 13 14 15 8 9
35 34 33 32 39 38 37 36 43 42 41 40 47 46 45 44 19 18 17 16 23 22 21 20 27 26 25 24 31 30 29 28 3 2 1 0 7 6 5 4 11 10 9 8 15 14 13 12
36 37 38 39 32 33 34 35 44 45 46 47 40 41 42 43 4 5 6 7 0 1 2 3 12 13 14 15 8 9 10 11 20 21 22 23 16 17 18 19 28 29 30 31 24 25 26 27
37 36 35 34 33 32 39 38 45 44 43 42 41 40 47 46 5 4 3 2 1 0 7 6 13 12 11 10 9 8 15 14 21 20 19 18 17 16 23 22 29 28 27 26 25 24 31 30
38 39 32 33 34 35 36 37 46 47 40 41 42 43 44 45 22 23 16 17 18 19 20 21 30 31 24 25 26 27 28 29 6 7 0 1 2 3 4 5 14 15 8 9 10 11 12 13
39 38 37 36 35 34 33 32 47 46 45 44 43 42 41 40 23 22 21 20 19 18 17 16 31 30 29 28 27 26 25 24 7 6 5 4 3 2 1 0 15 14 13 12 11 10 9 8
40 41 42 43 44 45 46 47 32 33 34 35 36 37 38 39 8 9 10 11 12 13 14 15 0 1 2 3 4 5 6 7 24 25 26 27 28 29 30 31 16 17 18 19 20 21 22 23
41 40 47 46 45 44 43 42 33 32 39 38 37 36 35 34 9 8 15 14 13 12 11 10 1 0 7 6 5 4 3 2 25 24 31 30 29 28 27 26 17 16 23 22 21 20 19 18
42 43 44 45 46 47 40 41 34 35 36 37 38 39 32 33 26 27 28 29 30 31 24 25 18 19 20 21 22 23 16 17 10 11 12 13 14 15 8 9 2 3 4 5 6 7 0 1
43 42 41 40 47 46 45 44 35 34 33 32 39 38 37 36 27 26 25 24 31 30 29 28 19 18 17 16 23 22 21 20 11 10 9 8 15 14 13 12 3 2 1 0 7 6 5 4
44 45 46 47 40 41 42 43 36 37 38 39 32 33 34 35 12 13 14 15 8 9 10 11 4 5 6 7 0 1 2 3 28 29 30 31 24 25 26 27 20 21 22 23 16 17 18 19
45 44 43 42 41 40 47 46 37 36 35 34 33 32 39 38 13 12 11 10 9 8 15 14 5 4 3 2 1 0 7 6 29 28 27 26 25 24 31 30 21 20 19 18 17 16 23 22
46 47 40 41 42 43 44 45 38 39 32 33 34 35 36 37 30 31 24 25 26 27 28 29 22 23 16 17 18 19 20 21 14 15 8 9 10 11 12 13 6 7 0 1 2 3 4 5
47 46 45 44 43 42 41 40 39 38 37 36 35 34 33 32 31 30 29 28 27 26 25 24 23 22 21 20 19 18 17 16 15 14 13 12 11 10 9 8 7 6 5 4 3 2 1 0
Z3:Z2:Dic2
0 1 2 3 4 5 6 7 8 9 10 11 12 13 14 15 16 17 18 19 20 21 22 23 24 25 26 27 28 29 30 31 32 33 34 35 36 37 38 39 40 41 42 43 44 45 46 47
1 4 7 2 5 0 3 6 9 12 15 10 13 8 11 14 17 20 23 18 21 16 19 22 25 28 31 26 29 24 27 30 33 36 39 34 37 32 35 38 41 44 47 42 45 40 43 46
2 3 4 5 6 7 0 1 10 11 12 13 14 15 8 9 18 19 20 21 22 23 16 17 26 27 28 29 30 31 24 25 34 35 36 37 38 39 32 33 42 43 44 45 46 47 40 41
3 6 1 4 7 2 5 0 11 14 9 12 15 10 13 8 19 22 17 20 23 18 21 16 27 30 25 28 31 26 29 24 35 38 33 36 39 34 37 32 43 46 41 44 47 42 45 40
4 5 6 7 0 1 2 3 12 13 14 15 8 9 10 11 20 21 22 23 16 17 18 19 28 29 30 31 24 25 26 27 36 37 38 39 32 33 34 35 44 45 46 47 40 41 42 43
5 0 3 6 1 4 7 2 13 8 11 14 9 12 15 10 21 16 19 22 17 20 23 18 29 24 27 30 25 28 31 26 37 32 35 38 33 36 39 34 45 40 43 46 41 44 47 42
6 7 0 1 2 3 4 5 14 15 8 9 10 11 12 13 22 23 16 17 18 19 20 21 30 31 24 25 26 27 28 29 38 39 32 33 34 35 36 37 46 47 40 41 42 43 44 45
7 2 5 0 3 6 1 4 15 10 13 8 11 14 9 12 23 18 21 16 19 22 17 20 31 26 29 24 27 30 25 28 39 34 37 32 35 38 33 36 47 42 45 40 43 46 41 44
8 9 10 11 12 13 14 15 0 1 2 3 4 5 6 7 24 25 26 27 28 29 30 31 16 17 18 19 20 21 22 23 40 41 42 43 44 45 46 47 32 33 34 35 36 37 38 39
9 12 15 10 13 8 11 14 1 4 7 2 5 0 3 6 25 28 31 26 29 24 27 30 17 20 23 18 21 16 19 22 41 44 47 42 45 40 43 46 33 36 39 34 37 32 35 38
10 11 12 13 14 15 8 9 2 3 4 5 6 7 0 1 26 27 28 29 30 31 24 25 18 19 20 21 22 23 16 17 42 43 44 45 46 47 40 41 34 35 36 37 38 39 32 33
11 14 9 12 15 10 13 8 3 6 1 4 7 2 5 0 27 30 25 28 31 26 29 24 19 22 17 20 23 18 21 16 43 46 41 44 47 42 45 40 35 38 33 36 39 34 37 32
12 13 14 15 8 9 10 11 4 5 6 7 0 1 2 3 28 29 30 31 24 25 26 27 20 21 22 23 16 17 18 19 44 45 46 47 40 41 42 43 36 37 38 39 32 33 34 35
13 8 11 14 9 12 15 10 5 0 3 6 1 4 7 2 29 24 27 30 25 28 31 26 21 16 19 22 17 20 23 18 45 40 43 46 41 44 47 42 37 32 35 38 33 36 39 34
14 15 8 9 10 11 12 13 6 7 0 1 2 3 4 5 30 31 24 25 26 27 28 29 22 23 16 17 18 19 20 21 46 47 40 41 42 43 44 45 38 39 32 33 34 35 36 37
15 10 13 8 11 14 9 12 7 2 5 0 3 6 1 4 31 26 29 24 27 30 25 28 23 18 21 16 19 22 17 20 47 42 45 40 43 46 41 44 39 34 37 32 35 38 33 36
16 17 18 19 20 21 22 23 24 25 26 27 28 29 30 31 32 33 34 35 36 37 38 39 40 41 42 43 44 45 46 47 0 1 2 3 4 5 6 7 8 9 10 11 12 13 14 15
17 20 23 18 21 16 19 22 25 28 31 26 29 24 27 30 33 36 39 34 37 32 35 38 41 44 47 42 45 40 43 46 1 4 7 2 5 0 3 6 9 12 15 10 13 8 11 14
18 19 20 21 22 23 16 17 26 27 28 29 30 31 24 25 34 35 36 37 38 39 32 33 42 43 44 45 46 47 40 41 2 3 4 5 6 7 0 1 10 11 12 13 14 15 8 9
19 22 17 20 23 18 21 16 27 30 25 28 31 26 29 24 35 38 33 36 39 34 37 32 43 46 41 44 47 42 45 40 3 6 1 4 7 2 5 0 11 14 9 12 15 10 13 8
20 21 22 23 16 17 18 19 28 29 30 31 24 25 26 27 36 37 38 39 32 33 34 35 44 45 46 47 40 41 42 43 4 5 6 7 0 1 2 3 12 13 14 15 8 9 10 11
21 16 19 22 17 20 23 18 29 24 27 30 25 28 31 26 37 32 35 38 33 36 39 34 45 40 43 46 41 44 47 42 5 0 3 6 1 4 7 2 13 8 11 14 9 12 15 10
22 23 16 17 18 19 20 21 30 31 24 25 26 27 28 29 38 39 32 33 34 35 36 37 46 47 40 41 42 43 44 45 6 7 0 1 2 3 4 5 14 15 8 9 10 11 12 13
23 18 21 16 19 22 17 20 31 26 29 24 27 30 25 28 39 34 37 32 35 38 33 36 47 42 45 40 43 46 41 44 7 2 5 0 3 6 1 4 15 10 13 8 11 14 9 12
24 25 26 27 28 29 30 31 16 17 18 19 20 21 22 23 40 41 42 43 44 45 46 47 32 33 34 35 36 37 38 39 8 9 10 11 12 13 14 15 0 1 2 3 4 5 6 7
25 28 31 26 29 24 27 30 17 20 23 18 21 16 19 22 41 44 47 42 45 40 43 46 33 36 39 34 37 32 35 38 9 12 15 10 13 8 11 14 1 4 7 2 5 0 3 6
26 27 28 29 30 31 24 25 18 19 20 21 22 23 16 17 42 43 44 45 46 47 40 41 34 35 36 37 38 39 32 33 10 11 12 13 14 15 8 9 2 3 4 5 6 7 0 1
27 30 25 28 31 26 29 24 19 22 17 20 23 18 21 16 43 46 41 44 47 42 45 40 35 38 33 36 39 34 37 32 11 14 9 12 15 10 13 8 3 6 1 4 7 2 5 0
28 29 30 31 24 25 26 27 20 21 22 23 16 17 18 19 44 45 46 47 40 41 42 43 36 37 38 39 32 33 34 35 12 13 14 15 8 9 10 11 4 5 6 7 0 1 2 3
29 24 27 30 25 28 31 26 21 16 19 22 17 20 23 18 45 40 43 46 41 44 47 42 37 32 35 38 33 36 39 34 13 8 11 14 9 12 15 10 5 0 3 6 1 4 7 2
30 31 24 25 26 27 28 29 22 23 16 17 18 19 20 21 46 47 40 41 42 43 44 45 38 39 32 33 34 35 36 37 14 15 8 9 10 11 12 13 6 7 0 1 2 3 4 5
31 26 29 24 27 30 25 28 23 18 21 16 19 22 17 20 47 42 45 40 43 46 41 44 39 34 37 32 35 38 33 36 15 10 13 8 11 14 9 12 7 2 5 0 3 6 1 4
32 33 34 35 36 37 38 39 40 41 42 43 44 45 46 47 0 1 2 3 4 5 6 7 8 9 10 11 12 13 14 15 16 17 18 19 20 21 22 23 24 25 26 27 28 29 30 31
33 36 39 34 37 32 35 38 41 44 47 42 45 40 43 46 1 4 7 2 5 0 3 6 9 12 15 10 13 8 11 14 17 20 23 18 21 16 19 22 25 28 31 26 29 24 27 30
34 35 36 37 38 39 32 33 42 43 44 45 46 47 40 41 2 3 4 5 6 7 0 1 10 11 12 13 14 15 8 9 18 19 20 21 22 23 16 17 26 27 28 29 30 31 24 25
35 38 33 36 39 34 37 32 43 46 41 44 47 42 45 40 3 6 1 4 7 2 5 0 11 14 9 12 15 10 13 8 19 22 17 20 23 18 21 16 27 30 25 28 31 26 29 24
36 37 38 39 32 33 34 35 44 45 46 47 40 41 42 43 4 5 6 7 0 1 2 3 12 13 14 15 8 9 10 11 20 21 22 23 16 17 18 19 28 29 30 31 24 25 26 27
37 32 35 38 33 36 39 34 45 40 43 46 41 44 47 42 5 0 3 6 1 4 7 2 13 8 11 14 9 12 15 10 21 16 19 22 17 20 23 18 29 24 27 30 25 28 31 26
38 39 32 33 34 35 36 37 46 47 40 41 42 43 44 45 6 7 0 1 2 3 4 5 14 15 8 9 10 11 12 13 22 23 16 17 18 19 20 21 30 31 24 25 26 27 28 29
39 34 37 32 35 38 33 36 47 42 45 40 43 46 41 44 7 2 5 0 3 6 1 4 15 10 13 8 11 14 9 12 23 18 21 16 19 22 17 20 31 26 29 24 27 30 25 28
40 41 42 43 44 45 46 47 32 33 34 35 36 37 38 39 8 9 10 11 12 13 14 15 0 1 2 3 4 5 6 7 24 25 26 27 28 29 30 31 16 17 18 19 20 21 22 23
41 44 47 42 45 40 43 46 33 36 39 34 37 32 35 38 9 12 15 10 13 8 11 14 1 4 7 2 5 0 3 6 25 28 31 26 29 24 27 30 17 20 23 18 21 16 19 22
42 43 44 45 46 47 40 41 34 35 36 37 38 39 32 33 10 11 12 13 14 15 8 9 2 3 4 5 6 7 0 1 26 27 28 29 30 31 24 25 18 19 20 21 22 23 16 17
43 46 41 44 47 42 45 40 35 38 33 36 39 34 37 32 11 14 9 12 15 10 13 8 3 6 1 4 7 2 5 0 27 30 25 28 31 26 29 24 19 22 17 20 23 18 21 16
44 45 46 47 40 41 42 43 36 37 38 39 32 33 34 35 12 13 14 15 8 9 10 11 4 5 6 7 0 1 2 3 28 29 30 31 24 25 26 27 20 21 22 23 16 17 18 19
45 40 43 46 41 44 47 42 37 32 35 38 33 36 39 34 13 8 11 14 9 12 15 10 5 0 3 6 1 4 7 2 29 24 27 30 25 28 31 26 21 16 19 22 17 20 23 18
46 47 40 41 42 43 44 45 38 39 32 33 34 35 36 37 14 15 8 9 10 11 12 13 6 7 0 1 2 3 4 5 30 31 24 25 26 27 28 29 22 23 16 17 18 19 20 21
47 42 45 40 43 46 41 44 39 34 37 32 35 38 33 36 15 10 13 8 11 14 9 12 7 2 5 0 3 6 1 4 31 26 29 24 27 30 25 28 23 18 21 16 19 22 17 20
Z3:Z4:Z4
0 1 2 3 4 5 6 7 8 9 10 11 12 13 14 15 16 17 18 19 20 21 22 23 24 25 26 27 28 29 30 31 32 33 34 35 36 37 38 39 40 41 42 43 44 45 46 47
1 2 3 0 13 14 15 12 9 10 11 8 5 6 7 4 17 18 19 16 29 30 31 28 25 26 27 24 21 22 23 20 33 34 35 32 45 46 47 44 41 42 43 40 37 38 39 36
2 3 0 1 6 7 4 5 10 11 8 9 14 15 12 13 18 19 16 17 22 23 20 21 26 27 24 25 30 31 28 29 34 35 32 33 38 39 36 37 42 43 40 41 46 47 44 45
3 0 1 2 15 12 13 14 11 8 9 10 7 4 5 6 19 16 17 18 31 28 29 30 27 24 25 26 23 20 21 22 35 32 33 34 47 44 45 46 43 40 41 42 39 36 37 38
4 5 6 7 8 9 10 11 12 13 14 15 0 1 2 3 20 21 22 23 24 25 26 27 28 29 30 31 16 17 18 19 36 37 38 39 40 41 42 43 44 45 46 47 32 33 34 35
5 6 7 4 1 2 3 0 13 14 15 12 9 10 11 8 21 22 23 20 17 18 19 16 29 30 31 28 25 26 27 24 37 38 39 36 33 34 35 32 45 46 47 44 41 42 43 40
6 7 4 5 10 11 8 9 14 15 12 13 2 3 0 1 22 23 20 21 26 27 24 25 30 31 28 29 18 19 16 17 38 39 36 37 42 43 40 41 46 47 44 45 34 35 32 33
7 4 5 6 3 0 1 2 15 12 13 14 11 8 9 10 23 20 21 22 19 16 17 18 31 28 29 30 27 24 25 26 39 36 37 38 35 32 33 34 47 44 45 46 43 40 41 42
8 9 10 11 12 13 14 15 0 1 2 3 4 5 6 7 24 25 26 27 28 29 30 31 16 17 18 19 20 21 22 23 40 41 42 43 44 45 46 47 32 33 34 35 36 37 38 39
9 10 11 8 5 6 7 4 1 2 3 0 13 14 15 12 25 26 27 24 21 22 23 20 17 18 19 16 29 30 31 28 41 42 43 40 37 38 39 36 33 34 35 32 45 46 47 44
10 11 8 9 14 15 12 13 2 3 0 1 6 7 4 5 26 27 24 25 30 31 28 29 18 19 16 17 22 23 20 21 42 43 40 41 46 47 44 45 34 35 32 33 38 39 36 37
11 8 9 10 7 4 5 6 3 0 1 2 15 12 13 14 27 24 25 26 23 20 21 22 19 16 17 18 31 28 29 30 43 40 41 42 39 36 37 38 35 32 33 34 47 44 45 46
12 13 14 15 0 1 2 3 4 5 6 7 8 9 10 11 28 29 30 31 16 17 18 19 20 21 22 23 24 25 26 27 44 45 46 47 32 33 34 35 36 37 38 39 40 41 42 43
13 14 15 12 9 10 11 8 5 6 7 4 1 2 3 0 29 30 31 28 25 26 27 24 21 22 23 20 17 18 19 16 45 46 47 44 41 42 43 40 37 38 39 36 33 34 35 32
14 15 12 13 2 3 0 1 6 7 4 5 10 11 8 9 30 31 28 29 18 19 16 17 22 23 20 21 26 27 24 25 46 47 44 45 34 35 32 33 38 39 36 37 42 43 40 41
15 12 13 14 11 8 9 10 7 4 5 6 3 0 1 2 31 28 29 30 27 24 25 26 23 20 21 22 19 16 17 18 47 44 45 46 43 40 41 42 39 36 37 38 35 32 33 34
16 17 18 19 20 21 22 23 24 25 26 27 28 29 30 31 32 33 34 35 36 37 38 39 40 41 42 43 44 45 46 47 0 1 2 3 4 5 6 7 8 9 10 11 12 13 14 15
17 18 19 16 29 30 31 28 25 26 27 24 21 22 23 20 33 34 35 32 45 46 47 44 41 42 43 40 37 38 39 36 1 2 3 0 13 14 15 12 9 10 11 8 5 6 7 4
18 19 16 17 22 23 20 21 26 27 24 25 30 31 28 29 34 35 32 33 38 39 36 37 42 43 40 41 46 47 44 45 2 3 0 1 6 7 4 5 10 11 8 9 14 15 12 13
19 16 17 18 31 28 29 30 27 24 25 26 23 20 21 22 35 32 33 34 47 44 45 46 43 40 41 42 39 36 37 38 3 0 1 2 15 12 13 14 11 8 9 10 7 4 5 6
20 21 22 23 24 25 26 27 28 29 30 31 16 17 18 19 36 37 38 39 40 41 42 43 44 45 46 47 32 33 34 35 4 5 6 7 8 9 10 11 12 13 14 15 0 1 2 3
21 22 23 20 17 18 19 16 29 30 31 28 25 26 27 24 37 38 39 36 33 34 35 32 45 46 47 44 41 42 43 40 5 6 7 4 1 2 3 0 13 14 15 12 9 10 11 8
22 23 20 21 26 27 24 25 30 31 28 29 18 19 16 17 38 39 36 37 42 43 40 41 46 47 44 45 34 35 32 33 6 7 4 5 10 11 8 9 14 15 12 13 2 3 0 1
23 20 21 22 19 16 17 18 31 28 29 30 27 24 25 26 39 36 37 38 35 32 33 34 47 44 45 46 43 40 41 42 7 4 5 6 3 0 1 2 15 12 13 14 11 8 9 10
24 25 26 27 28 29 30 31 16 17 18 19 20 21 22 23 40 41 42 43 44 45 46 47 32 33 34 35 36 37 38 39 8 9 10 11 12 13 14 15 0 1 2 3 4 5 6 7
25 26 27 24 21 22 23 20 17 18 19 16 29 30 31 28 41 42 43 40 37 38 39 36 33 34 35 32 45 46 47 44 9 10 11 8 5 6 7 4 1 2 3 0 13 14 15 12
26 27 24 25 30 31 28 29 18 19 16 17 22 23 20 21 42 43 40 41 46 47 44 45 34 35 32 33 38 39 36 37 10 11 8 9 14 15 12 13 2 3 0 1 6 7 4 5
27 24 25 26 23 20 21 22 19 16 17 18 31 28 29 30 43 40 41 42 39 36 37 38 35 32 33 34 47 44 45 46 11 8 9 10 7 4 5 6 3 0 1 2 15 12 13 14
28 29 30 31 16 17 18 19 20 21 22 23 24 25 26 27 44 45 46 47 32 33 34 35 36 37 38 39 40 41 42 43 12 13 14 15 0 1 2 3 4 5 6 7 8 9 10 11
29 30 31 28 25 26 27 24 21 22 23 20 17 18 19 16 45 46 47 44 41 42 43 40 37 38 39 36 33 34 35 32 13 14 15 12 9 10 11 8 5 6 7 4 1 2 3 0
30 31 28 29 18 19 16 17 22 23 20 21 26 27 24 25 46 47 44 45 34 35 32 33 38 39 36 37 42 43 40 41 14 15 12 13 2 3 0 1 6 7 4 5 10 11 8 9
31 28 29 30 27 24 25 26 23 20 21 22 19 16 17 18 47 44 45 46 43 40 41 42 39 36 37 38 35 32 33 34 15 12 13 14 11 8 9 10 7 4 5 6 3 0 1 2
32 33 34 35 36 37 38 39 40 41 42 43 44 45 46 47 0 1 2 3 4 5 6 7 8 9 10 11 12 13 14 15 16 17 18 19 20 21 22 23 24 25 26 27 28 29 30 31
33 34 35 32 45 46 47 44 41 42 43 40 37 38 39 36 1 2 3 0 13 14 15 12 9 10 11 8 5 6 7 4 17 18 19 16 29 30 31 28 25 26 27 24 21 22 23 20
34 35 32 33 38 39 36 37 42 43 40 41 46 47 44 45 2 3 0 1 6 7 4 5 10 11 8 9 14 15 12 13 18 19 16 17 22 23 20 21 26 27 24 25 30 31 28 29
35 32 33 34 47 44 45 46 43 40 41 42 39 36 37 38 3 0 1 2 15 12 13 14 11 8 9 10 7 4 5 6 19 16 17 18 31 28 29 30 27 24 25 26 23 20 21 22
36 37 38 39 40 41 42 43 44 45 46 47 32 33 34 35 4 5 6 7 8 9 10 11 12 13 14 15 0 1 2 3 20 21 22 23 24 25 26 27 28 29 30 31 16 17 18 19
37 38 39 36 33 34 35 32 45 46 47 44 41 42 43 40 5 6 7 4 1 2 3 0 13 14 15 12 9 10 11 8 21 22 23 20 17 18 19 16 29 30 31 28 25 26 27 24
38 39 36 37 42 43 40 41 46 47 44 45 34 35 32 33 6 7 4 5 10 11 8 9 14 15 12 13 2 3 0 1 22 23 20 21 26 27 24 25 30 31 28 29 18 19 16 17
39 36 37 38 35 32 33 34 47 44 45 46 43 40 41 42 7 4 5 6 3 0 1 2 15 12 13 14 11 8 9 10 23 20 21 22 19 16 17 18 31 28 29 30 27 24 25 26
40 41 42 43 44 45 46 47 32 33 34 35 36 37 38 39 8 9 10 11 12 13 14 15 0 1 2 3 4 5 6 7 24 25 26 27 28 29 30 31 16 17 18 19 20 21 22 23
41 42 43 40 37 38 39 36 33 34 35 32 45 46 47 44 9 10 11 8 5 6 7 4 1 2 3 0 13 14 15 12 25 26 27 24 21 22 23 20 17 18 19 16 29 30 31 28
42 43 40 41 46 47 44 45 34 35 32 33 38 39 36 37 10 11 8 9 14 15 12 13 2 3 0 1 6 7 4 5 26 27 24 25 30 31 28 29 18 19 16 17 22 23 20 21
43 40 41 42 39 36 37 38 35 32 33 34 47 44 45 46 11 8 9 10 7 4 5 6 3 0 1 2 15 12 13 14 27 24 25 26 23 20 21 22 19 16 17 18 31 28 29 30
44 45 46 47 32 33 34 35 36 37 38 39 40 41 42 43 12 13 14 15 0 1 2 3 4 5 6 7 8 9 10 11 28 29 30 31 16 17 18 19 20 21 22 23 24 25 26 27
45 46 47 44 41 42 43 40 37 38 39 36 33 34 35 32 13 14 15 12 9 10 11 8 5 6 7 4 1 2 3 0 29 30 31 28 25 26 27 24 21 22 23 20 17 18 19 16
46 47 44 45 34 35 32 33 38 39 36 37 42 43 40 41 14 15 12 13 2 3 0 1 6 7 4 5 10 11 8 9 30 31 28 29 18 19 16 17 22 23 20 21 26 27 24 25
47 44 45 46 43 40 41 42 39 36 37 38 35 32 33 34 15 12 13 14 11 8 9 10 7 4 5 6 3 0 1 2 31 28 29 30 27 24 25 26 23 20 21 22 19 16 17 18
Z3:Z2:Dic2
0 1 2 3 4 5 6 7 8 9 10 11 12 13 14 15 16 17 18 19 20 21 22 23 24 25 26 27 28 29 30 31 32 33 34 35 36 37 38 39 40 41 42 43 44 45 46 47
1 4 7 2 5 0 3 6 9 12 15 10 13 8 11 14 17 20 23 18 21 16 19 22 25 28 31 26 29 24 27 30 33 36 39 34 37 32 35 38 41 44 47 42 45 40 43 46
2 3 4 5 6 7 0 1 10 11 12 13 14 15 8 9 18 19 20 21 22 23 16 17 26 27 28 29 30 31 24 25 34 35 36 37 38 39 32 33 42 43 44 45 46 47 40 41
3 6 1 4 7 2 5 0 11 14 9 12 15 10 13 8 19 22 17 20 23 18 21 16 27 30 25 28 31 26 29 24 35 38 33 36 39 34 37 32 43 46 41 44 47 42 45 40
4 5 6 7 0 1 2 3 12 13 14 15 8 9 10 11 20 21 22 23 16 17 18 19 28 29 30 31 24 25 26 27 36 37 38 39 32 33 34 35 44 45 46 47 40 41 42 43
5 0 3 6 1 4 7 2 13 8 11 14 9 12 15 10 21 16 19 22 17 20 23 18 29 24 27 30 25 28 31 26 37 32 35 38 33 36 39 34 45 40 43 46 41 44 47 42
6 7 0 1 2 3 4 5 14 15 8 9 10 11 12 13 22 23 16 17 18 19 20 21 30 31 24 25 26 27 28 29 38 39 32 33 34 35 36 37 46 47 40 41 42 43 44 45
7 2 5 0 3 6 1 4 15 10 13 8 11 14 9 12 23 18 21 16 19 22 17 20 31 26 29 24 27 30 25 28 39 34 37 32 35 38 33 36 47 42 45 40 43 46 41 44
8 9 10 11 12 13 14 15 0 1 2 3 4 5 6 7 40 41 42 43 44 45 46 47 32 33 34 35 36 37 38 39 24 25 26 27 28 29 30 31 16 17 18 19 20 21 22 23
9 12 15 10 13 8 11 14 1 4 7 2 5 0 3 6 41 44 47 42 45 40 43 46 33 36 39 34 37 32 35 38 25 28 31 26 29 24 27 30 17 20 23 18 21 16 19 22
10 11 12 13 14 15 8 9 2 3 4 5 6 7 0 1 42 43 44 45 46 47 40 41 34 35 36 37 38 39 32 33 26 27 28 29 30 31 24 25 18 19 20 21 22 23 16 17
11 14 9 12 15 10 13 8 3 6 1 4 7 2 5 0 43 46 41 44 47 42 45 40 35 38 33 36 39 34 37 32 27 30 25 28 31 26 29 24 19 22 17 20 23 18 21 16
12 13 14 15 8 9 10 11 4 5 6 7 0 1 2 3 44 45 46 47 40 41 42 43 36 37 38 39 32 33 34 35 28 29 30 31 24 25 26 27 20 21 22 23 16 17 18 19
13 8 11 14 9 12 15 10 5 0 3 6 1 4 7 2 45 40 43 46 41 44 47 42 37 32 35 38 33 36 39 34 29 24 27 30 25 28 31 26 21 16 19 22 17 20 23 18
14 15 8 9 10 11 12 13 6 7 0 1 2 3 4 5 46 47 40 41 42 43 44 45 38 39 32 33 34 35 36 37 30 31 24 25 26 27 28 29 22 23 16 17 18 19 20 21
15 10 13 8 11 14 9 12 7 2 5 0 3 6 1 4 47 42 45 40 43 46 41 44 39 34 37 32 35 38 33 36 31 26 29 24 27 30 25 28 23 18 21 16 19 22 17 20
16 17 18 19 20 21 22 23 24 25 26 27 28 29 30 31 32 33 34 35 36 37 38 39 40 41 42 43 44 45 46 47 0 1 2 3 4 5 6 7 8 9 10 11 12 13 14 15
17 20 23 18 21 16 19 22 25 28 31 26 29 24 27 30 33 36 39 34 37 32 35 38 41 44 47 42 45 40 43 46 1 4 7 2 5 0 3 6 9 12 15 10 13 8 11 14
18 19 20 21 22 23 16 17 26 27 28 29 30 31 24 25 34 35 36 37 38 39 32 33 42 43 44 45 46 47 40 41 2 3 4 5 6 7 0 1 10 11 12 13 14 15 8 9
19 22 17 20 23 18 21 16 27 30 25 28 31 26 29 24 35 38 33 36 39 34 37 32 43 46 41 44 47 42 45 40 3 6 1 4 7 2 5 0 11 14 9 12 15 10 13 8
20 21 22 23 16 17 18 19 28 29 30 31 24 25 26 27 36 37 38 39 32 33 34 35 44 45 46 47 40 41 42 43 4 5 6 7 0 1 2 3 12 13 14 15 8 9 10 11
21 16 19 22 17 20 23 18 29 24 27 30 25 28 31 26 37 32 35 38 33 36 39 34 45 40 43 46 41 44 47 42 5 0 3 6 1 4 7 2 13 8 11 14 9 12 15 10
22 23 16 17 18 19 20 21 30 31 24 25 26 27 28 29 38 39 32 33 34 35 36 37 46 47 40 41 42 43 44 45 6 7 0 1 2 3 4 5 14 15 8 9 10 11 12 13
23 18 21 16 19 22 17 20 31 26 29 24 27 30 25 28 39 34 37 32 35 38 33 36 47 42 45 40 43 46 41 44 7 2 5 0 3 6 1 4 15 10 13 8 11 14 9 12
24 25 26 27 28 29 30 31 16 17 18 19 20 21 22 23 8 9 10 11 12 13 14 15 0 1 2 3 4 5 6 7 40 41 42 43 44 45 46 47 32 33 34 35 36 37 38 39
25 28 31 26 29 24 27 30 17 20 23 18 21 16 19 22 9 12 15 10 13 8 11 14 1 4 7 2 5 0 3 6 41 44 47 42 45 40 43 46 33 36 39 34 37 32 35 38
26 27 28 29 30 31 24 25 18 19 20 21 22 23 16 17 10 11 12 13 14 15 8 9 2 3 4 5 6 7 0 1 42 43 44 45 46 47 40 41 34 35 36 37 38 39 32 33
27 30 25 28 31 26 29 24 19 22 17 20 23 18 21 16 11 14 9 12 15 10 13 8 3 6 1 4 7 2 5 0 43 46 41 44 47 42 45 40 35 38 33 36 39 34 37 32
28 29 30 31 24 25 26 27 20 21 22 23 16 17 18 19 12 13 14 15 8 9 10 11 4 5 6 7 0 1 2 3 44 45 46 47 40 41 42 43 36 37 38 39 32 33 34 35
29 24 27 30 25 28 31 26 21 16 19 22 17 20 23 18 13 8 11 14 9 12 15 10 5 0 3 6 1 4 7 2 45 40 43 46 41 44 47 42 37 32 35 38 33 36 39 34
30 31 24 25 26 27 28 29 22 23 16 17 18 19 20 21 14 15 8 9 10 11 12 13 6 7 0 1 2 3 4 5 46 47 40 41 42 43 44 45 38 39 32 33 34 35 36 37
31 26 29 24 27 30 25 28 23 18 21 16 19 22 17 20 15 10 13 8 11 14 9 12 7 2 5 0 3 6 1 4 47 42 45 40 43 46 41 44 39 34 37 32 35 38 33 36
32 33 34 35 36 37 38 39 40 41 42 43 44 45 46 47 0 1 2 3 4 5 6 7 8 9 10 11 12 13 14 15 16 17 18 19 20 21 22 23 24 25 26 27 28 29 30 31
33 36 39 34 37 32 35 38 41 44 47 42 45 40 43 46 1 4 7 2 5 0 3 6 9 12 15 10 13 8 11 14 17 20 23 18 21 16 19 22 25 28 31 26 29 24 27 30
34 35 36 37 38 39 32 33 42 43 44 45 46 47 40 41 2 3 4 5 6 7 0 1 10 11 12 13 14 15 8 9 18 19 20 21 22 23 16 17 26 27 28 29 30 31 24 25
35 38 33 36 39 34 37 32 43 46 41 44 47 42 45 40 3 6 1 4 7 2 5 0 11 14 9 12 15 10 13 8 19 22 17 20 23 18 21 16 27 30 25 28 31 26 29 24
36 37 38 39 32 33 34 35 44 45 46 47 40 41 42 43 4 5 6 7 0 1 2 3 12 13 14 15 8 9 10 11 20 21 22 23 16 17 18 19 28 29 30 31 24 25 26 27
37 32 35 38 33 36 39 34 45 40 43 46 41 44 47 42 5 0 3 6 1 4 7 2 13 8 11 14 9 12 15 10 21 16 19 22 17 20 23 18 29 24 27 30 25 28 31 26
38 39 32 33 34 35 36 37 46 47 40 41 42 43 44 45 6 7 0 1 2 3 4 5 14 15 8 9 10 11 12 13 22 23 16 17 18 19 20 21 30 31 24 25 26 27 28 29
39 34 37 32 35 38 33 36 47 42 45 40 43 46 41 44 7 2 5 0 3 6 1 4 15 10 13 8 11 14 9 12 23 18 21 16 19 22 17 20 31 26 29 24 27 30 25 28
40 41 42 43 44 45 46 47 32 33 34 35 36 37 38 39 24 25 26 27 28 29 30 31 16 17 18 19 20 21 22 23 8 9 10 11 12 13 14 15 0 1 2 3 4 5 6 7
41 44 47 42 45 40 43 46 33 36 39 34 37 32 35 38 25 28 31 26 29 24 27 30 17 20 23 18 21 16 19 22 9 12 15 10 13 8 11 14 1 4 7 2 5 0 3 6
42 43 44 45 46 47 40 41 34 35 36 37 38 39 32 33 26 27 28 29 30 31 24 25 18 19 20 21 22 23 16 17 10 11 12 13 14 15 8 9 2 3 4 5 6 7 0 1
43 46 41 44 47 42 45 40 35 38 33 36 39 34 37 32 27 30 25 28 31 26 29 24 19 22 17 20 23 18 21 16 11 14 9 12 15 10 13 8 3 6 1 4 7 2 5 0
44 45 46 47 40 41 42 43 36 37 38 39 32 33 34 35 28 29 30 31 24 25 26 27 20 21 22 23 16 17 18 19 12 13 14 15 8 9 10 11 4 5 6 7 0 1 2 3
45 40 43 46 41 44 47 42 37 32 35 38 33 36 39 34 29 24 27 30 25 28 31 26 21 16 19 22 17 20 23 18 13 8 11 14 9 12 15 10 5 0 3 6 1 4 7 2
46 47 40 41 42 43 44 45 38 39 32 33 34 35 36 37 30 31 24 25 26 27 28 29 22 23 16 17 18 19 20 21 14 15 8 9 10 11 12 13 6 7 0 1 2 3 4 5
47 42 45 40 43 46 41 44 39 34 37 32 35 38 33 36 31 26 29 24 27 30 25 28 23 18 21 16 19 22 17 20 15 10 13 8 11 14 9 12 7 2 5 0 3 6 1 4
Z3:Z2:Dic2
0 1 2 3 4 5 6 7 8 9 10 11 12 13 14 15 16 17 18 19 20 21 22 23 24 25 26 27 28 29 30 31 32 33 34 35 36 37 38 39 40 41 42 43 44 45 46 47
1 4 7 2 5 0 3 6 9 12 15 10 13 8 11 14 17 20 23 18 21 16 19 22 25 28 31 26 29 24 27 30 33 36 39 34 37 32 35 38 41 44 47 42 45 40 43 46
2 3 4 5 6 7 0 1 10 11 12 13 14 15 8 9 34 35 36 37 38 39 32 33 42 43 44 45 46 47 40 41 18 19 20 21 22 23 16 17 26 27 28 29 30 31 24 25
3 6 1 4 7 2 5 0 11 14 9 12 15 10 13 8 35 38 33 36 39 34 37 32 43 46 41 44 47 42 45 40 19 22 17 20 23 18 21 16 27 30 25 28 31 26 29 24
4 5 6 7 0 1 2 3 12 13 14 15 8 9 10 11 20 21 22 23 16 17 18 19 28 29 30 31 24 25 26 27 36 37 38 39 32 33 34 35 44 45 46 47 40 41 42 43
5 0 3 6 1 4 7 2 13 8 11 14 9 12 15 10 21 16 19 22 17 20 23 18 29 24 27 30 25 28 31 26 37 32 35 38 33 36 39 34 45 40 43 46 41 44 47 42
6 7 0 1 2 3 4 5 14 15 8 9 10 11 12 13 38 39 32 33 34 35 36 37 46 47 40 41 42 43 44 45 22 23 16 17 18 19 20 21 30 31 24 25 26 27 28 29
7 2 5 0 3 6 1 4 15 10 13 8 11 14 9 12 39 34 37 32 35 38 33 36 47 42 45 40 43 46 41 44 23 18 21 16 19 22 17 20 31 26 29 24 27 30 25 28
8 9 10 11 12 13 14 15 0 1 2 3 4 5 6 7 24 25 26 27 28 29 30 31 16 17 18 19 20 21 22 23 40 41 42 43 44 45 46 47 32 33 34 35 36 37 38 39
9 12 15 10 13 8 11 14 1 4 7 2 5 0 3 6 25 28 31 26 29 24 27 30 17 20 23 18 21 16 19 22 41 44 47 42 45 40 43 46 33 36 39 34 37 32 35 38
10 11 12 13 14 15 8 9 2 3 4 5 6 7 0 1 42 43 44 45 46 47 40 41 34 35 36 37 38 39 32 33 26 27 28 29 30 31 24 25 18 19 20 21 22 23 16 17
11 14 9 12 15 10 13 8 3 6 1 4 7 2 5 0 43 46 41 44 47 42 45 40 35 38 33 36 39 34 37 32 27 30 25 28 31 26 29 24 19 22 17 20 23 18 21 16
12 13 14 15 8 9 10 11 4 5 6 7 0 1 2 3 28 29 30 31 24 25 26 27 20 21 22 23 16 17 18 19 44 45 46 47 40 41 42 43 36 37 38 39 32 33 34 35
13 8 11 14 9 12 15 10 5 0 3 6 1 4 7 2 29 24 27 30 25 28 31 26 21 16 19 22 17 20 23 18 45 40 43 46 41 44 47 42 37 32 35 38 33 36 39 34
14 15 8 9 10 11 12 13 6 7 0 1 2 3 4 5 46 47 40 41 42 43 44 45 38 39 32 33 34 35 36 37 30 31 24 25 26 27 28 29 22 23 16 17 18 19 20 21
15 10 13 8 11 14 9 12 7 2 5 0 3 6 1 4 47 42 45 40 43 46 41 44 39 34 37 32 35 38 33 36 31 26 29 24 27 30 25 28 23 18 21 16 19 22 17 20
16 17 18 19 20 21 22 23 24 25 26 27 28 29 30 31 32 33 34 35 36 37 38 39 40 41 42 43 44 45 46 47 0 1 2 3 4 5 6 7 8 9 10 11 12 13 14 15
17 20 23 18 21 16 19 22 25 28 31 26 29 24 27 30 33 36 39 34 37 32 35 38 41 44 47 42 45 40 43 46 1 4 7 2 5 0 3 6 9 12 15 10 13 8 11 14
18 19 20 21 22 23 16 17 26 27 28 29 30 31 24 25 2 3 4 5 6 7 0 1 10 11 12 13 14 15 8 9 34 35 36 37 38 39 32 33 42 43 44 45 46 47 40 41
19 22 17 20 23 18 21 16 27 30 25 28 31 26 29 24 3 6 1 4 7 2 5 0 11 14 9 12 15 10 13 8 35 38 33 36 39 34 37 32 43 46 41 44 47 42 45 40
20 21 22 23 16 17 18 19 28 29 30 31 24 25 26 27 36 37 38 39 32 33 34 35 44 45 46 47 40 41 42 43 4 5 6 7 0 1 2 3 12 13 14 15 8 9 10 11
21 16 19 22 17 20 23 18 29 24 27 30 25 28 31 26 37 32 35 38 33 36 39 34 45 40 43 46 41 44 47 42 5 0 3 6 1 4 7 2 13 8 11 14 9 12 15 10
22 23 16 17 18 19 20 21 30 31 24 25 26 27 28 29 6 7 0 1 2 3 4 5 14 15 8 9 10 11 12 13 38 39 32 33 34 35 36 37 46 47 40 41 42 43 44 45
23 18 21 16 19 22 17 20 31 26 29 24 27 30 25 28 7 2 5 0 3 6 1 4 15 10 13 8 11 14 9 12 39 34 37 32 35 38 33 36 47 42 45 40 43 46 41 44
24 25 26 27 28 29 30 31 16 17 18 19 20 21 22 23 40 41 42 43 44 45 46 47 32 33 34 35 36 37 38 39 8 9 10 11 12 13 14 15 0 1 2 3 4 5 6 7
25 28 31 26 29 24 27 30 17 20 23 18 21 16 19 22 41 44 47 42 45 40 43 46 33 36 39 34 37 32 35 38 9 12 15 10 13 8 11 14 1 4 7 2 5 0 3 6
26 27 28 29 30 31 24 25 18 19 20 21 22 23 16 17 10 11 12 13 14 15 8 9 2 3 4 5 6 7 0 1 42 43 44 45 46 47 40 41 34 35 36 37 38 39 32 33
27 30 25 28 31 26 29 24 19 22 17 20 23 18 21 16 11 14 9 12 15 10 13 8 3 6 1 4 7 2 5 0 43 46 41 44 47 42 45 40 35 38 33 36 39 34 37 32
28 29 30 31 24 25 26 27 20 21 22 23 16 17 18 19 44 45 46 47 40 41 42 43 36 37 38 39 32 33 34 35 12 13 14 15 8 9 10 11 4 5 6 7 0 1 2 3
29 24 27 30 25 28 31 26 21 16 19 22 17 20 23 18 45 40 43 46 41 44 47 42 37 32 35 38 33 36 39 34 13 8 11 14 9 12 15 10 5 0 3 6 1 4 7 2
30 31 24 25 26 27 28 29 22 23 16 17 18 19 20 21 14 15 8 9 10 11 12 13 6 7 0 1 2 3 4 5 46 47 40 41 42 43 44 45 38 39 32 33 34 35 36 37
31 26 29 24 27 30 25 28 23 18 21 16 19 22 17 20 15 10 13 8 11 14 9 12 7 2 5 0 3 6 1 4 47 42 45 40 43 46 41 44 39 34 37 32 35 38 33 36
32 33 34 35 36 37 38 39 40 41 42 43 44 45 46 47 0 1 2 3 4 5 6 7 8 9 10 11 12 13 14 15 16 17 18 19 20 21 22 23 24 25 26 27 28 29 30 31
33 36 39 34 37 32 35 38 41 44 47 42 45 40 43 46 1 4 7 2 5 0 3 6 9 12 15 10 13 8 11 14 17 20 23 18 21 16 19 22 25 28 31 26 29 24 27 30
34 35 36 37 38 39 32 33 42 43 44 45 46 47 40 41 18 19 20 21 22 23 16 17 26 27 28 29 30 31 24 25 2 3 4 5 6 7 0 1 10 11 12 13 14 15 8 9
35 38 33 36 39 34 37 32 43 46 41 44 47 42 45 40 19 22 17 20 23 18 21 16 27 30 25 28 31 26 29 24 3 6 1 4 7 2 5 0 11 14 9 12 15 10 13 8
36 37 38 39 32 33 34 35 44 45 46 47 40 41 42 43 4 5 6 7 0 1 2 3 12 13 14 15 8 9 10 11 20 21 22 23 16 17 18 19 28 29 30 31 24 25 26 27
37 32 35 38 33 36 39 34 45 40 43 46 41 44 47 42 5 0 3 6 1 4 7 2 13 8 11 14 9 12 15 10 21 16 19 22 17 20 23 18 29 24 27 30 25 28 31 26
38 39 32 33 34 35 36 37 46 47 40 41 42 43 44 45 22 23 16 17 18 19 20 21 30 31 24 25 26 27 28 29 6 7 0 1 2 3 4 5 14 15 8 9 10 11 12 13
39 34 37 32 35 38 33 36 47 42 45 40 43 46 41 44 23 18 21 16 19 22 17 20 31 26 29 24 27 30 25 28 7 2 5 0 3 6 1 4 15 10 13 8 11 14 9 12
40 41 42 43 44 45 46 47 32 33 34 35 36 37 38 39 8 9 10 11 12 13 14 15 0 1 2 3 4 5 6 7 24 25 26 27 28 29 30 31 16 17 18 19 20 21 22 23
41 44 47 42 45 40 43 46 33 36 39 34 37 32 35 38 9 12 15 10 13 8 11 14 1 4 7 2 5 0 3 6 25 28 31 26 29 24 27 30 17 20 23 18 21 16 19 22
42 43 44 45 46 47 40 41 34 35 36 37 38 39 32 33 26 27 28 29 30 31 24 25 18 19 20 21 22 23 16 17 10 11 12 13 14 15 8 9 2 3 4 5 6 7 0 1
43 46 41 44 47 42 45 40 35 38 33 36 39 34 37 32 27 30 25 28 31 26 29 24 19 22 17 20 23 18 21 16 11 14 9 12 15 10 13 8 3 6 1 4 7 2 5 0
44 45 46 47 40 41 42 43 36 37 38 39 32 33 34 35 12 13 14 15 8 9 10 11 4 5 6 7 0 1 2 3 28 29 30 31 24 25 26 27 20 21 22 23 16 17 18 19
45 40 43 46 41 44 47 42 37 32 35 38 33 36 39 34 13 8 11 14 9 12 15 10 5 0 3 6 1 4 7 2 29 24 27 30 25 28 31 26 21 16 19 22 17 20 23 18
46 47 40 41 42 43 44 45 38 39 32 33 34 35 36 37 30 31 24 25 26 27 28 29 22 23 16 17 18 19 20 21 14 15 8 9 10 11 12 13 6 7 0 1 2 3 4 5
47 42 45 40 43 46 41 44 39 34 37 32 35 38 33 36 31 26 29 24 27 30 25 28 23 18 21 16 19 22 17 20 15 10 13 8 11 14 9 12 7 2 5 0 3 6 1 4
Z3:Z4:Z4
0 1 2 3 4 5 6 7 8 9 10 11 12 13 14 15 16 17 18 19 20 21 22 23 24 25 26 27 28 29 30 31 32 33 34 35 36 37 38 39 40 41 42 43 44 45 46 47
1 2 3 0 13 14 15 12 9 10 11 8 5 6 7 4 17 18 19 16 29 30 31 28 25 26 27 24 21 22 23 20 33 34 35 32 45 46 47 44 41 42 43 40 37 38 39 36
2 3 0 1 6 7 4 5 10 11 8 9 14 15 12 13 18 19 16 17 22 23 20 21 26 27 24 25 30 31 28 29 34 35 32 33 38 39 36 37 42 43 40 41 46 47 44 45
3 0 1 2 15 12 13 14 11 8 9 10 7 4 5 6 19 16 17 18 31 28 29 30 27 24 25 26 23 20 21 22 35 32 33 34 47 44 45 46 43 40 41 42 39 36 37 38
4 5 6 7 8 9 10 11 12 13 14 15 0 1 2 3 36 37 38 39 40 41 42 43 44 45 46 47 32 33 34 35 20 21 22 23 24 25 26 27 28 29 30 31 16 17 18 19
5 6 7 4 1 2 3 0 13 14 15 12 9 10 11 8 37 38 39 36 33 34 35 32 45 46 47 44 41 42 43 40 21 22 23 20 17 18 19 16 29 30 31 28 25 26 27 24
6 7 4 5 10 11 8 9 14 15 12 13 2 3 0 1 38 39 36 37 42 43 40 41 46 47 44 45 34 35 32 33 22 23 20 21 26 27 24 25 30 31 28 29 18 19 16 17
7 4 5 6 3 0 1 2 15 12 13 14 11 8 9 10 39 36 37 38 35 32 33 34 47 44 45 46 43 40 41 42 23 20 21 22 19 16 17 18 31 28 29 30 27 24 25 26
8 9 10 11 12 13 14 15 0 1 2 3 4 5 6 7 24 25 26 27 28 29 30 31 16 17 18 19 20 21 22 23 40 41 42 43 44 45 46 47 32 33 34 35 36 37 38 39
9 10 11 8 5 6 7 4 1 2 3 0 13 14 15 12 25 26 27 24 21 22 23 20 17 18 19 16 29 30 31 28 41 42 43 40 37 38 39 36 33 34 35 32 45 46 47 44
10 11 8 9 14 15 12 13 2 3 0 1 6 7 4 5 26 27 24 25 30 31 28 29 18 19 16 17 22 23 20 21 42 43 40 41 46 47 44 45 34 35 32 33 38 39 36 37
11 8 9 10 7 4 5 6 3 0 1 2 15 12 13 14 27 24 25 26 23 20 21 22 19 16 17 18 31 28 29 30 43 40 41 42 39 36 37 38 35 32 33 34 47 44 45 46
12 13 14 15 0 1 2 3 4 5 6 7 8 9 10 11 44 45 46 47 32 33 34 35 36 37 38 39 40 41 42 43 28 29 30 31 16 17 18 19 20 21 22 23 24 25 26 27
13 14 15 12 9 10 11 8 5 6 7 4 1 2 3 0 45 46 47 44 41 42 43 40 37 38 39 36 33 34 35 32 29 30 31 28 25 26 27 24 21 22 23 20 17 18 19 16
14 15 12 13 2 3 0 1 6 7 4 5 10 11 8 9 46 47 44 45 34 35 32 33 38 39 36 37 42 43 40 41 30 31 28 29 18 19 16 17 22 23 20 21 26 27 24 25
15 12 13 14 11 8 9 10 7 4 5 6 3 0 1 2 47 44 45 46 43 40 41 42 39 36 37 38 35 32 33 34 31 28 29 30 27 24 25 26 23 20 21 22 19 16 17 18
16 17 18 19 20 21 22 23 24 25 26 27 28 29 30 31 32 33 34 35 36 37 38 39 40 41 42 43 44 45 46 47 0 1 2 3 4 5 6 7 8 9 10 11 12 13 14 15
17 18 19 16 29 30 31 28 25 26 27 24 21 22 23 20 33 34 35 32 45 46 47 44 41 42 43 40 37 38 39 36 1 2 3 0 13 14 15 12 9 10 11 8 5 6 7 4
18 19 16 17 22 23 20 21 26 27 24 25 30 31 28 29 34 35 32 33 38 39 36 37 42 43 40 41 46 47 44 45 2 3 0 1 6 7 4 5 10 11 8 9 14 15 12 13
19 16 17 18 31 28 29 30 27 24 25 26 23 20 21 22 35 32 33 34 47 44 45 46 43 40 41 42 39 36 37 38 3 0 1 2 15 12 13 14 11 8 9 10 7 4 5 6
20 21 22 23 24 25 26 27 28 29 30 31 16 17 18 19 4 5 6 7 8 9 10 11 12 13 14 15 0 1 2 3 36 37 38 39 40 41 42 43 44 45 46 47 32 33 34 35
21 22 23 20 17 18 19 16 29 30 31 28 25 26 27 24 5 6 7 4 1 2 3 0 13 14 15 12 9 10 11 8 37 38 39 36 33 34 35 32 45 46 47 44 41 42 43 40
22 23 20 21 26 27 24 25 30 31 28 29 18 19 16 17 6 7 4 5 10 11 8 9 14 15 12 13 2 3 0 1 38 39 36 37 42 43 40 41 46 47 44 45 34 35 32 33
23 20 21 22 19 16 17 18 31 28 29 30 27 24 25 26 7 4 5 6 3 0 1 2 15 12 13 14 11 8 9 10 39 36 37 38 35 32 33 34 47 44 45 46 43 40 41 42
24 25 26 27 28 29 30 31 16 17 18 19 20 21 22 23 40 41 42 43 44 45 46 47 32 33 34 35 36 37 38 39 8 9 10 11 12 13 14 15 0 1 2 3 4 5 6 7
25 26 27 24 21 22 23 20 17 18 19 16 29 30 31 28 41 42 43 40 37 38 39 36 33 34 35 32 45 46 47 44 9 10 11 8 5 6 7 4 1 2 3 0 13 14 15 12
26 27 24 25 30 31 28 29 18 19 16 17 22 23 20 21 42 43 40 41 46 47 44 45 34 35 32 33 38 39 36 37 10 11 8 9 14 15 12 13 2 3 0 1 6 7 4 5
27 24 25 26 23 20 21 22 19 16 17 18 31 28 29 30 43 40 41 42 39 36 37 38 35 32 33 34 47 44 45 46 11 8 9 10 7 4 5 6 3 0 1 2 15 12 13 14
28 29 30 31 16 17 18 19 20 21 22 23 24 25 26 27 12 13 14 15 0 1 2 3 4 5 6 7 8 9 10 11 44 45 46 47 32 33 34 35 36 37 38 39 40 41 42 43
29 30 31 28 25 26 27 24 21 22 23 20 17 18 19 16 13 14 15 12 9 10 11 8 5 6 7 4 1 2 3 0 45 46 47 44 41 42 43 40 37 38 39 36 33 34 35 32
30 31 28 29 18 19 16 17 22 23 20 21 26 27 24 25 14 15 12 13 2 3 0 1 6 7 4 5 10 11 8 9 46 47 44 45 34 35 32 33 38 39 36 37 42 43 40 41
31 28 29 30 27 24 25 26 23 20 21 22 19 16 17 18 15 12 13 14 11 8 9 10 7 4 5 6 3 0 1 2 47 44 45 46 43 40 41 42 39 36 37 38 35 32 33 34
32 33 34 35 36 37 38 39 40 41 42 43 44 45 46 47 0 1 2 3 4 5 6 7 8 9 10 11 12 13 14 15 16 17 18 19 20 21 22 23 24 25 26 27 28 29 30 31
33 34 35 32 45 46 47 44 41 42 43 40 37 38 39 36 1 2 3 0 13 14 15 12 9 10 11 8 5 6 7 4 17 18 19 16 29 30 31 28 25 26 27 24 21 22 23 20
34 35 32 33 38 39 36 37 42 43 40 41 46 47 44 45 2 3 0 1 6 7 4 5 10 11 8 9 14 15 12 13 18 19 16 17 22 23 20 21 26 27 24 25 30 31 28 29
35 32 33 34 47 44 45 46 43 40 41 42 39 36 37 38 3 0 1 2 15 12 13 14 11 8 9 10 7 4 5 6 19 16 17 18 31 28 29 30 27 24 25 26 23 20 21 22
36 37 38 39 40 41 42 43 44 45 46 47 32 33 34 35 20 21 22 23 24 25 26 27 28 29 30 31 16 17 18 19 4 5 6 7 8 9 10 11 12 13 14 15 0 1 2 3
37 38 39 36 33 34 35 32 45 46 47 44 41 42 43 40 21 22 23 20 17 18 19 16 29 30 31 28 25 26 27 24 5 6 7 4 1 2 3 0 13 14 15 12 9 10 11 8
38 39 36 37 42 43 40 41 46 47 44 45 34 35 32 33 22 23 20 21 26 27 24 25 30 31 28 29 18 19 16 17 6 7 4 5 10 11 8 9 14 15 12 13 2 3 0 1
39 36 37 38 35 32 33 34 47 44 45 46 43 40 41 42 23 20 21 22 19 16 17 18 31 28 29 30 27 24 25 26 7 4 5 6 3 0 1 2 15 12 13 14 11 8 9 10
40 41 42 43 44 45 46 47 32 33 34 35 36 37 38 39 8 9 10 11 12 13 14 15 0 1 2 3 4 5 6 7 24 25 26 27 28 29 30 31 16 17 18 19 20 21 22 23
41 42 43 40 37 38 39 36 33 34 35 32 45 46 47 44 9 10 11 8 5 6 7 4 1 2 3 0 13 14 15 12 25 26 27 24 21 22 23 20 17 18 19 16 29 30 31 28
42 43 40 41 46 47 44 45 34 35 32 33 38 39 36 37 10 11 8 9 14 15 12 13 2 3 0 1 6 7 4 5 26 27 24 25 30 31 28 29 18 19 16 17 22 23 20 21
43 40 41 42 39 36 37 38 35 32 33 34 47 44 45 46 11 8 9 10 7 4 5 6 3 0 1 2 15 12 13 14 27 24 25 26 23 20 21 22 19 16 17 18 31 28 29 30
44 45 46 47 32 33 34 35 36 37 38 39 40 41 42 43 28 29 30 31 16 17 18 19 20 21 22 23 24 25 26 27 12 13 14 15 0 1 2 3 4 5 6 7 8 9 10 11
45 46 47 44 41 42 43 40 37 38 39 36 33 34 35 32 29 30 31 28 25 26 27 24 21 22 23 20 17 18 19 16 13 14 15 12 9 10 11 8 5 6 7 4 1 2 3 0
46 47 44 45 34 35 32 33 38 39 36 37 42 43 40 41 30 31 28 29 18 19 16 17 22 23 20 21 26 27 24 25 14 15 12 13 2 3 0 1 6 7 4 5 10 11 8 9
47 44 45 46 43 40 41 42 39 36 37 38 35 32 33 34 31 28 29 30 27 24 25 26 23 20 21 22 19 16 17 18 15 12 13 14 11 8 9 10 7 4 5 6 3 0 1 2
Z3:Z4:Z4
0 1 2 3 4 5 6 7 8 9 10 11 12 13 14 15 16 17 18 19 20 21 22 23 24 25 26 27 28 29 30 31 32 33 34 35 36 37 38 39 40 41 42 43 44 45 46 47
1 2 3 0 13 14 15 12 9 10 11 8 5 6 7 4 33 34 35 32 45 46 47 44 41 42 43 40 37 38 39 36 17 18 19 16 29 30 31 28 25 26 27 24 21 22 23 20
2 3 0 1 6 7 4 5 10 11 8 9 14 15 12 13 18 19 16 17 22 23 20 21 26 27 24 25 30 31 28 29 34 35 32 33 38 39 36 37 42 43 40 41 46 47 44 45
3 0 1 2 15 12 13 14 11 8 9 10 7 4 5 6 35 32 33 34 47 44 45 46 43 40 41 42 39 36 37 38 19 16 17 18 31 28 29 30 27 24 25 26 23 20 21 22
4 5 6 7 8 9 10 11 12 13 14 15 0 1 2 3 20 21 22 23 24 25 26 27 28 29 30 31 16 17 18 19 36 37 38 39 40 41 42 43 44 45 46 47 32 33 34 35
5 6 7 4 1 2 3 0 13 14 15 12 9 10 11 8 37 38 39 36 33 34 35 32 45 46 47 44 41 42 43 40 21 22 23 20 17 18 19 16 29 30 31 28 25 26 27 24
6 7 4 5 10 11 8 9 14 15 12 13 2 3 0 1 22 23 20 21 26 27 24 25 30 31 28 29 18 19 16 17 38 39 36 37 42 43 40 41 46 47 44 45 34 35 32 33
7 4 5 6 3 0 1 2 15 12 13 14 11 8 9 10 39 36 37 38 35 32 33 34 47 44 45 46 43 40 41 42 23 20 21 22 19 16 17 18 31 28 29 30 27 24 25 26
8 9 10 11 12 13 14 15 0 1 2 3 4 5 6 7 24 25 26 27 28 29 30 31 16 17 18 19 20 21 22 23 40 41 42 43 44 45 46 47 32 33 34 35 36 37 38 39
9 10 11 8 5 6 7 4 1 2 3 0 13 14 15 12 41 42 43 40 37 38 39 36 33 34 35 32 45 46 47 44 25 26 27 24 21 22 23 20 17 18 19 16 29 30 31 28
10 11 8 9 14 15 12 13 2 3 0 1 6 7 4 5 26 27 24 25 30 31 28 29 18 19 16 17 22 23 20 21 42 43 40 41 46 47 44 45 34 35 32 33 38 39 36 37
11 8 9 10 7 4 5 6 3 0 1 2 15 12 13 14 43 40 41 42 39 36 37 38 35 32 33 34 47 44 45 46 27 24 25 26 23 20 21 22 19 16 17 18 31 28 29 30
12 13 14 15 0 1 2 3 4 5 6 7 8 9 10 11 28 29 30 31 16 17 18 19 20 21 22 23 24 25 26 27 44 45 46 47 32 33 34 35 36 37 38 39 40 41 42 43
13 14 15 12 9 10 11 8 5 6 7 4 1 2 3 0 45 46 47 44 41 42 43 40 37 38 39 36 33 34 35 32 29 30 31 28 25 26 27 24 21 22 23 20 17 18 19 16
14 15 12 13 2 3 0 1 6 7 4 5 10 11 8 9 30 31 28 29 18 19 16 17 22 23 20 21 26 27 24 25 46 47 44 45 34 35 32 33 38 39 36 37 42 43 40 41
15 12 13 14 11 8 9 10 7 4 5 6 3 0 1 2 47 44 45 46 43 40 41 42 39 36 37 38 35 32 33 34 31 28 29 30 27 24 25 26 23 20 21 22 19 16 17 18
16 17 18 19 20 21 22 23 24 25 26 27 28 29 30 31 32 33 34 35 36 37 38 39 40 41 42 43 44 45 46 47 0 1 2 3 4 5 6 7 8 9 10 11 12 13 14 15
17 18 19 16 29 30 31 28 25 26 27 24 21 22 23 20 1 2 3 0 13 14 15 12 9 10 11 8 5 6 7 4 33 34 35 32 45 46 47 44 41 42 43 40 37 38 39 36
18 19 16 17 22 23 20 21 26 27 24 25 30 31 28 29 34 35 32 33 38 39 36 37 42 43 40 41 46 47 44 45 2 3 0 1 6 7 4 5 10 11 8 9 14 15 12 13
19 16 17 18 31 28 29 30 27 24 25 26 23 20 21 22 3 0 1 2 15 12 13 14 11 8 9 10 7 4 5 6 35 32 33 34 47 44 45 46 43 40 41 42 39 36 37 38
20 21 22 23 24 25 26 27 28 29 30 31 16 17 18 19 36 37 38 39 40 41 42 43 44 45 46 47 32 33 34 35 4 5 6 7 8 9 10 11 12 13 14 15 0 1 2 3
21 22 23 20 17 18 19 16 29 30 31 28 25 26 27 24 5 6 7 4 1 2 3 0 13 14 15 12 9 10 11 8 37 38 39 36 33 34 35 32 45 46 47 44 41 42 43 40
22 23 20 21 26 27 24 25 30 31 28 29 18 19 16 17 38 39 36 37 42 43 40 41 46 47 44 45 34 35 32 33 6 7 4 5 10 11 8 9 14 15 12 13 2 3 0 1
23 20 21 22 19 16 17 18 31 28 29 30 27 24 25 26 7 4 5 6 3 0 1 2 15 12 13 14 11 8 9 10 39 36 37 38 35 32 33 34 47 44 45 46 43 40 41 42
24 25 26 27 28 29 30 31 16 17 18 19 20 21 22 23 40 41 42 43 44 45 46 47 32 33 34 35 36 37 38 39 8 9 10 11 12 13 14 15 0 1 2 3 4 5 6 7
25 26 27 24 21 22 23 20 17 18 19 16 29 30 31 28 9 10 11 8 5 6 7 4 1 2 3 0 13 14 15 12 41 42 43 40 37 38 39 36 33 34 35 32 45 46 47 44
26 27 24 25 30 31 28 29 18 19 16 17 22 23 20 21 42 43 40 41 46 47 44 45 34 35 32 33 38 39 36 37 10 11 8 9 14 15 12 13 2 3 0 1 6 7 4 5
27 24 25 26 23 20 21 22 19 16 17 18 31 28 29 30 11 8 9 10 7 4 5 6 3 0 1 2 15 12 13 14 43 40 41 42 39 36 37 38 35 32 33 34 47 44 45 46
28 29 30 31 16 17 18 19 20 21 22 23 24 25 26 27 44 45 46 47 32 33 34 35 36 37 38 39 40 41 42 43 12 13 14 15 0 1 2 3 4 5 6 7 8 9 10 11
29 30 31 28 25 26 27 24 21 22 23 20 17 18 19 16 13 14 15 12 9 10 11 8 5 6 7 4 1 2 3 0 45 46 47 44 41 42 43 40 37 38 39 36 33 34 35 32
30 31 28 29 18 19 16 17 22 23 20 21 26 27 24 25 46 47 44 45 34 35 32 33 38 39 36 37 42 43 40 41 14 15 12 13 2 3 0 1 6 7 4 5 10 11 8 9
31 28 29 30 27 24 25 26 23 20 21 22 19 16 17 18 15 12 13 14 11 8 9 10 7 4 5 6 3 0 1 2 47 44 45 46 43 40 41 42 39 36 37 38 35 32 33 34
32 33 34 35 36 37 38 39 40 41 42 43 44 45 46 47 0 1 2 3 4 5 6 7 8 9 10 11 12 13 14 15 16 17 18 19 20 21 22 23 24 25 26 27 28 29 30 31
33 34 35 32 45 46 47 44 41 42 43 40 37 38 39 36 17 18 19 16 29 30 31 28 25 26 27 24 21 22 23 20 1 2 3 0 13 14 15 12 9 10 11 8 5 6 7 4
34 35 32 33 38 39 36 37 42 43 40 41 46 47 44 45 2 3 0 1 6 7 4 5 10 11 8 9 14 15 12 13 18 19 16 17 22 23 20 21 26 27 24 25 30 31 28 29
35 32 33 34 47 44 45 46 43 40 41 42 39 36 37 38 19 16 17 18 31 28 29 30 27 24 25 26 23 20 21 22 3 0 1 2 15 12 13 14 11 8 9 10 7 4 5 6
36 37 38 39 40 41 42 43 44 45 46 47 32 33 34 35 4 5 6 7 8 9 10 11 12 13 14 15 0 1 2 3 20 21 22 23 24 25 26 27 28 29 30 31 16 17 18 19
37 38 39 36 33 34 35 32 45 46 47 44 41 42 43 40 21 22 23 20 17 18 19 16 29 30 31 28 25 26 27 24 5 6 7 4 1 2 3 0 13 14 15 12 9 10 11 8
38 39 36 37 42 43 40 41 46 47 44 45 34 35 32 33 6 7 4 5 10 11 8 9 14 15 12 13 2 3 0 1 22 23 20 21 26 27 24 25 30 31 28 29 18 19 16 17
39 36 37 38 35 32 33 34 47 44 45 46 43 40 41 42 23 20 21 22 19 16 17 18 31 28 29 30 27 24 25 26 7 4 5 6 3 0 1 2 15 12 13 14 11 8 9 10
40 41 42 43 44 45 46 47 32 33 34 35 36 37 38 39 8 9 10 11 12 13 14 15 0 1 2 3 4 5 6 7 24 25 26 27 28 29 30 31 16 17 18 19 20 21 22 23
41 42 43 40 37 38 39 36 33 34 35 32 45 46 47 44 25 26 27 24 21 22 23 20 17 18 19 16 29 30 31 28 9 10 11 8 5 6 7 4 1 2 3 0 13 14 15 12
42 43 40 41 46 47 44 45 34 35 32 33 38 39 36 37 10 11 8 9 14 15 12 13 2 3 0 1 6 7 4 5 26 27 24 25 30 31 28 29 18 19 16 17 22 23 20 21
43 40 41 42 39 36 37 38 35 32 33 34 47 44 45 46 27 24 25 26 23 20 21 22 19 16 17 18 31 28 29 30 11 8 9 10 7 4 5 6 3 0 1 2 15 12 13 14
44 45 46 47 32 33 34 35 36 37 38 39 40 41 42 43 12 13 14 15 0 1 2 3 4 5 6 7 8 9 10 11 28 29 30 31 16 17 18 19 20 21 22 23 24 25 26 27
45 46 47 44 41 42 43 40 37 38 39 36 33 34 35 32 29 30 31 28 25 26 27 24 21 22 23 20 17 18 19 16 13 14 15 12 9 10 11 8 5 6 7 4 1 2 3 0
46 47 44 45 34 35 32 33 38 39 36 37 42 43 40 41 14 15 12 13 2 3 0 1 6 7 4 5 10 11 8 9 30 31 28 29 18 19 16 17 22 23 20 21 26 27 24 25
47 44 45 46 43 40 41 42 39 36 37 38 35 32 33 34 31 28 29 30 27 24 25 26 23 20 21 22 19 16 17 18 15 12 13 14 11 8 9 10 7 4 5 6 3 0 1 2
Z3:Z2xZ2:Z4
0 1 2 3 4 5 6 7 8 9 10 11 12 13 14 15 16 17 18 19 20 21 22 23 24 25 26 27 28 29 30 31 32 33 34 35 36 37 38 39 40 41 42 43 44 45 46 47
1 2 3 0 5 6 7 4 13 14 15 12 9 10 11 8 17 18 19 16 21 22 23 20 29 30 31 28 25 26 27 24 33 34 35 32 37 38 39 36 45 46 47 44 41 42 43 40
2 3 0 1 6 7 4 5 10 11 8 9 14 15 12 13 18 19 16 17 22 23 20 21 26 27 24 25 30 31 28 29 34 35 32 33 38 39 36 37 42 43 40 41 46 47 44 45
3 0 1 2 7 4 5 6 15 12 13 14 11 8 9 10 19 16 17 18 23 20 21 22 31 28 29 30 27 24 25 26 35 32 33 34 39 36 37 38 47 44 45 46 43 40 41 42
4 5 6 7 0 1 2 3 12 13 14 15 8 9 10 11 20 21 22 23 16 17 18 19 28 29 30 31 24 25 26 27 36 37 38 39 32 33 34 35 44 45 46 47 40 41 42 43
5 6 7 4 1 2 3 0 9 10 11 8 13 14 15 12 21 22 23 20 17 18 19 16 25 26 27 24 29 30 31 28 37 38 39 36 33 34 35 32 41 42 43 40 45 46 47 44
6 7 4 5 2 3 0 1 14 15 12 13 10 11 8 9 22 23 20 21 18 19 16 17 30 31 28 29 26 27 24 25 38 39 36 37 34 35 32 33 46 47 44 45 42 43 40 41
7 4 5 6 3 0 1 2 11 8 9 10 15 12 13 14 23 20 21 22 19 16 17 18 27 24 25 26 31 28 29 30 39 36 37 38 35 32 33 34 43 40 41 42 47 44 45 46
8 9 10 11 12 13 14 15 0 1 2 3 4 5 6 7 24 25 26 27 28 29 30 31 16 17 18 19 20 21 22 23 40 41 42 43 44 45 46 47 32 33 34 35 36 37 38 39
9 10 11 8 13 14 15 12 5 6 7 4 1 2 3 0 25 26 27 24 29 30 31 28 21 22 23 20 17 18 19 16 41 42 43 40 45 46 47 44 37 38 39 36 33 34 35 32
10 11 8 9 14 15 12 13 2 3 0 1 6 7 4 5 26 27 24 25 30 31 28 29 18 19 16 17 22 23 20 21 42 43 40 41 46 47 44 45 34 35 32 33 38 39 36 37
11 8 9 10 15 12 13 14 7 4 5 6 3 0 1 2 27 24 25 26 31 28 29 30 23 20 21 22 19 16 17 18 43 40 41 42 47 44 45 46 39 36 37 38 35 32 33 34
12 13 14 15 8 9 10 11 4 5 6 7 0 1 2 3 28 29 30 31 24 25 26 27 20 21 22 23 16 17 18 19 44 45 46 47 40 41 42 43 36 37 38 39 32 33 34 35
13 14 15 12 9 10 11 8 1 2 3 0 5 6 7 4 29 30 31 28 25 26 27 24 17 18 19 16 21 22 23 20 45 46 47 44 41 42 43 40 33 34 35 32 37 38 39 36
14 15 12 13 10 11 8 9 6 7 4 5 2 3 0 1 30 31 28 29 26 27 24 25 22 23 20 21 18 19 16 17 46 47 44 45 42 43 40 41 38 39 36 37 34 35 32 33
15 12 13 14 11 8 9 10 3 0 1 2 7 4 5 6 31 28 29 30 27 24 25 26 19 16 17 18 23 20 21 22 47 44 45 46 43 40 41 42 35 32 33 34 39 36 37 38
16 17 18 19 20 21 22 23 24 25 26 27 28 29 30 31 32 33 34 35 36 37 38 39 40 41 42 43 44 45 46 47 0 1 2 3 4 5 6 7 8 9 10 11 12 13 14 15
17 18 19 16 21 22 23 20 29 30 31 28 25 26 27 24 33 34 35 32 37 38 39 36 45 46 47 44 41 42 43 40 1 2 3 0 5 6 7 4 13 14 15 12 9 10 11 8
18 19 16 17 22 23 20 21 26 27 24 25 30 31 28 29 34 35 32 33 38 39 36 37 42 43 40 41 46 47 44 45 2 3 0 1 6 7 4 5 10 11 8 9 14 15 12 13
19 16 17 18 23 20 21 22 31 28 29 30 27 24 25 26 35 32 33 34 39 36 37 38 47 44 45 46 43 40 41 42 3 0 1 2 7 4 5 6 15 12 13 14 11 8 9 10
20 21 22 23 16 17 18 19 28 29 30 31 24 25 26 27 36 37 38 39 32 33 34 35 44 45 46 47 40 41 42 43 4 5 6 7 0 1 2 3 12 13 14 15 8 9 10 11
21 22 23 20 17 18 19 16 25 26 27 24 29 30 31 28 37 38 39 36 33 34 35 32 41 42 43 40 45 46 47 44 5 6 7 4 1 2 3 0 9 10 11 8 13 14 15 12
22 23 20 21 18 19 16 17 30 31 28 29 26 27 24 25 38 39 36 37 34 35 32 33 46 47 44 45 42 43 40 41 6 7 4 5 2 3 0 1 14 15 12 13 10 11 8 9
23 20 21 22 19 16 17 18 27 24 25 26 31 28 29 30 39 36 37 38 35 32 33 34 43 40 41 42 47 44 45 46 7 4 5 6 3 0 1 2 11 8 9 10 15 12 13 14
24 25 26 27 28 29 30 31 16 17 18 19 20 21 22 23 40 41 42 43 44 45 46 47 32 33 34 35 36 37 38 39 8 9 10 11 12 13 14 15 0 1 2 3 4 5 6 7
25 26 27 24 29 30 31 28 21 22 23 20 17 18 19 16 41 42 43 40 45 46 47 44 37 38 39 36 33 34 35 32 9 10 11 8 13 14 15 12 5 6 7 4 1 2 3 0
26 27 24 25 30 31 28 29 18 19 16 17 22 23 20 21 42 43 40 41 46 47 44 45 34 35 32 33 38 39 36 37 10 11 8 9 14 15 12 13 2 3 0 1 6 7 4 5
27 24 25 26 31 28 29 30 23 20 21 22 19 16 17 18 43 40 41 42 47 44 45 46 39 36 37 38 35 32 33 34 11 8 9 10 15 12 13 14 7 4 5 6 3 0 1 2
28 29 30 31 24 25 26 27 20 21 22 23 16 17 18 19 44 45 46 47 40 41 42 43 36 37 38 39 32 33 34 35 12 13 14 15 8 9 10 11 4 5 6 7 0 1 2 3
29 30 31 28 25 26 27 24 17 18 19 16 21 22 23 20 45 46 47 44 41 42 43 40 33 34 35 32 37 38 39 36 13 14 15 12 9 10 11 8 1 2 3 0 5 6 7 4
30 31 28 29 26 27 24 25 22 23 20 21 18 19 16 17 46 47 44 45 42 43 40 41 38 39 36 37 34 35 32 33 14 15 12 13 10 11 8 9 6 7 4 5 2 3 0 1
31 28 29 30 27 24 25 26 19 16 17 18 23 20 21 22 47 44 45 46 43 40 41 42 35 32 33 34 39 36 37 38 15 12 13 14 11 8 9 10 3 0 1 2 7 4 5 6
32 33 34 35 36 37 38 39 40 41 42 43 44 45 46 47 0 1 2 3 4 5 6 7 8 9 10 11 12 13 14 15 16 17 18 19 20 21 22 23 24 25 26 27 28 29 30 31
33 34 35 32 37 38 39 36 45 46 47 44 41 42 43 40 1 2 3 0 5 6 7 4 13 14 15 12 9 10 11 8 17 18 19 16 21 22 23 20 29 30 31 28 25 26 27 24
34 35 32 33 38 39 36 37 42 43 40 41 46 47 44 45 2 3 0 1 6 7 4 5 10 11 8 9 14 15 12 13 18 19 16 17 22 23 20 21 26 27 24 25 30 31 28 29
35 32 33 34 39 36 37 38 47 44 45 46 43 40 41 42 3 0 1 2 7 4 5 6 15 12 13 14 11 8 9 10 19 16 17 18 23 20 21 22 31 28 29 30 27 24 25 26
36 37 38 39 32 33 34 35 44 45 46 47 40 41 42 43 4 5 6 7 0 1 2 3 12 13 14 15 8 9 10 11 20 21 22 23 16 17 18 19 28 29 30 31 24 25 26 27
37 38 39 36 33 34 35 32 41 42 43 40 45 46 47 44 5 6 7 4 1 2 3 0 9 10 11 8 13 14 15 12 21 22 23 20 17 18 19 16 25 26 27 24 29 30 31 28
38 39 36 37 34 35 32 33 46 47 44 45 42 43 40 41 6 7 4 5 2 3 0 1 14 15 12 13 10 11 8 9 22 23 20 21 18 19 16 17 30 31 28 29 26 27 24 25
39 36 37 38 35 32 33 34 43 40 41 42 47 44 45 46 7 4 5 6 3 0 1 2 11 8 9 10 15 12 13 14 23 20 21 22 19 16 17 18 27 24 25 26 31 28 29 30
40 41 42 43 44 45 46 47 32 33 34 35 36 37 38 39 8 9 10 11 12 13 14 15 0 1 2 3 4 5 6 7 24 25 26 27 28 29 30 31 16 17 18 19 20 21 22 23
41 42 43 40 45 46 47 44 37 38 39 36 33 34 35 32 9 10 11 8 13 14 15 12 5 6 7 4 1 2 3 0 25 26 27 24 29 30 31 28 21 22 23 20 17 18 19 16
42 43 40 41 46 47 44 45 34 35 32 33 38 39 36 37 10 11 8 9 14 15 12 13 2 3 0 1 6 7 4 5 26 27 24 25 30 31 28 29 18 19 16 17 22 23 20 21
43 40 41 42 47 44 45 46 39 36 37 38 35 32 33 34 11 8 9 10 15 12 13 14 7 4 5 6 3 0 1 2 27 24 25 26 31 28 29 30 23 20 21 22 19 16 17 18
44 45 46 47 40 41 42 43 36 37 38 39 32 33 34 35 12 13 14 15 8 9 10 11 4 5 6 7 0 1 2 3 28 29 30 31 24 25 26 27 20 21 22 23 16 17 18 19
45 46 47 44 41 42 43 40 33 34 35 32 37 38 39 36 13 14 15 12 9 10 11 8 1 2 3 0 5 6 7 4 29 30 31 28 25 26 27 24 17 18 19 16 21 22 23 20
46 47 44 45 42 43 40 41 38 39 36 37 34 35 32 33 14 15 12 13 10 11 8 9 6 7 4 5 2 3 0 1 30 31 28 29 26 27 24 25 22 23 20 21 18 19 16 17
47 44 45 46 43 40 41 42 35 32 33 34 39 36 37 38 15 12 13 14 11 8 9 10 3 0 1 2 7 4 5 6 31 28 29 30 27 24 25 26 19 16 17 18 23 20 21 22
Z3:Z2xZ2:Z4
0 1 2 3 4 5 6 7 8 9 10 11 12 13 14 15 16 17 18 19 20 21 22 23 24 25 26 27 28 29 30 31 32 33 34 35 36 37 38 39 40 41 42 43 44 45 46 47
1 2 3 0 5 6 7 4 13 14 15 12 9 10 11 8 17 18 19 16 21 22 23 20 29 30 31 28 25 26 27 24 33 34 35 32 37 38 39 36 45 46 47 44 41 42 43 40
2 3 0 1 6 7 4 5 10 11 8 9 14 15 12 13 18 19 16 17 22 23 20 21 26 27 24 25 30 31 28 29 34 35 32 33 38 39 36 37 42 43 40 41 46 47 44 45
3 0 1 2 7 4 5 6 15 12 13 14 11 8 9 10 19 16 17 18 23 20 21 22 31 28 29 30 27 24 25 26 35 32 33 34 39 36 37 38 47 44 45 46 43 40 41 42
4 5 6 7 0 1 2 3 12 13 14 15 8 9 10 11 20 21 22 23 16 17 18 19 28 29 30 31 24 25 26 27 36 37 38 39 32 33 34 35 44 45 46 47 40 41 42 43
5 6 7 4 1 2 3 0 9 10 11 8 13 14 15 12 21 22 23 20 17 18 19 16 25 26 27 24 29 30 31 28 37 38 39 36 33 34 35 32 41 42 43 40 45 46 47 44
6 7 4 5 2 3 0 1 14 15 12 13 10 11 8 9 22 23 20 21 18 19 16 17 30 31 28 29 26 27 24 25 38 39 36 37 34 35 32 33 46 47 44 45 42 43 40 41
7 4 5 6 3 0 1 2 11 8 9 10 15 12 13 14 23 20 21 22 19 16 17 18 27 24 25 26 31 28 29 30 39 36 37 38 35 32 33 34 43 40 41 42 47 44 45 46
8 9 10 11 12 13 14 15 0 1 2 3 4 5 6 7 40 41 42 43 44 45 46 47 32 33 34 35 36 37 38 39 24 25 26 27 28 29 30 31 16 17 18 19 20 21 22 23
9 10 11 8 13 14 15 12 5 6 7 4 1 2 3 0 41 42 43 40 45 46 47 44 37 38 39 36 33 34 35 32 25 26 27 24 29 30 31 28 21 22 23 20 17 18 19 16
10 11 8 9 14 15 12 13 2 3 0 1 6 7 4 5 42 43 40 41 46 47 44 45 34 35 32 33 38 39 36 37 26 27 24 25 30 31 28 29 18 19 16 17 22 23 20 21
11 8 9 10 15 12 13 14 7 4 5 6 3 0 1 2 43 40 41 42 47 44 45 46 39 36 37 38 35 32 33 34 27 24 25 26 31 28 29 30 23 20 21 22 19 16 17 18
12 13 14 15 8 9 10 11 4 5 6 7 0 1 2 3 44 45 46 47 40 41 42 43 36 37 38 39 32 33 34 35 28 29 30 31 24 25 26 27 20 21 22 23 16 17 18 19
13 14 15 12 9 10 11 8 1 2 3 0 5 6 7 4 45 46 47 44 41 42 43 40 33 34 35 32 37 38 39 36 29 30 31 28 25 26 27 24 17 18 19 16 21 22 23 20
14 15 12 13 10 11 8 9 6 7 4 5 2 3 0 1 46 47 44 45 42 43 40 41 38 39 36 37 34 35 32 33 30 31 28 29 26 27 24 25 22 23 20 21 18 19 16 17
15 12 13 14 11 8 9 10 3 0 1 2 7 4 5 6 47 44 45 46 43 40 41 42 35 32 33 34 39 36 37 38 31 28 29 30 27 24 25 26 19 16 17 18 23 20 21 22
16 17 18 19 20 21 22 23 24 25 26 27 28 29 30 31 32 33 34 35 36 37 38 39 40 41 42 43 44 45 46 47 0 1 2 3 4 5 6 7 8 9 10 11 12 13 14 15
17 18 19 16 21 22 23 20 29 30 31 28 25 26 27 24 33 34 35 32 37 38 39 36 45 46 47 44 41 42 43 40 1 2 3 0 5 6 7 4 13 14 15 12 9 10 11 8
18 19 16 17 22 23 20 21 26 27 24 25 30 31 28 29 34 35 32 33 38 39 36 37 42 43 40 41 46 47 44 45 2 3 0 1 6 7 4 5 10 11 8 9 14 15 12 13
19 16 17 18 23 20 21 22 31 28 29 30 27 24 25 26 35 32 33 34 39 36 37 38 47 44 45 46 43 40 41 42 3 0 1 2 7 4 5 6 15 12 13 14 11 8 9 10
20 21 22 23 16 17 18 19 28 29 30 31 24 25 26 27 36 37 38 39 32 33 34 35 44 45 46 47 40 41 42 43 4 5 6 7 0 1 2 3 12 13 14 15 8 9 10 11
21 22 23 20 17 18 19 16 25 26 27 24 29 30 31 28 37 38 39 36 33 34 35 32 41 42 43 40 45 46 47 44 5 6 7 4 1 2 3 0 9 10 11 8 13 14 15 12
22 23 20 21 18 19 16 17 30 31 28 29 26 27 24 25 38 39 36 37 34 35 32 33 46 47 44 45 42 43 40 41 6 7 4 5 2 3 0 1 14 15 12 13 10 11 8 9
23 20 21 22 19 16 17 18 27 24 25 26 31 28 29 30 39 36 37 38 35 32 33 34 43 40 41 42 47 44 45 46 7 4 5 6 3 0 1 2 11 8 9 10 15 12 13 14
24 25 26 27 28 29 30 31 16 17 18 19 20 21 22 23 8 9 10 11 12 13 14 15 0 1 2 3 4 5 6 7 40 41 42 43 44 45 46 47 32 33 34 35 36 37 38 39
25 26 27 24 29 30 31 28 21 22 23 20 17 18 19 16 9 10 11 8 13 14 15 12 5 6 7 4 1 2 3 0 41 42 43 40 45 46 47 44 37 38 39 36 33 34 35 32
26 27 24 25 30 31 28 29 18 19 16 17 22 23 20 21 10 11 8 9 14 15 12 13 2 3 0 1 6 7 4 5 42 43 40 41 46 47 44 45 34 35 32 33 38 39 36 37
27 24 25 26 31 28 29 30 23 20 21 22 19 16 17 18 11 8 9 10 15 12 13 14 7 4 5 6 3 0 1 2 43 40 41 42 47 44 45 46 39 36 37 38 35 32 33 34
28 29 30 31 24 25 26 27 20 21 22 23 16 17 18 19 12 13 14 15 8 9 10 11 4 5 6 7 0 1 2 3 44 45 46 47 40 41 42 43 36 37 38 39 32 33 34 35
29 30 31 28 25 26 27 24 17 18 19 16 21 22 23 20 13 14 15 12 9 10 11 8 1 2 3 0 5 6 7 4 45 46 47 44 41 42 43 40 33 34 35 32 37 38 39 36
30 31 28 29 26 27 24 25 22 23 20 21 18 19 16 17 14 15 12 13 10 11 8 9 6 7 4 5 2 3 0 1 46 47 44 45 42 43 40 41 38 39 36 37 34 35 32 33
31 28 29 30 27 24 25 26 19 16 17 18 23 20 21 22 15 12 13 14 11 8 9 10 3 0 1 2 7 4 5 6 47 44 45 46 43 40 41 42 35 32 33 34 39 36 37 38
32 33 34 35 36 37 38 39 40 41 42 43 44 45 46 47 0 1 2 3 4 5 6 7 8 9 10 11 12 13 14 15 16 17 18 19 20 21 22 23 24 25 26 27 28 29 30 31
33 34 35 32 37 38 39 36 45 46 47 44 41 42 43 40 1 2 3 0 5 6 7 4 13 14 15 12 9 10 11 8 17 18 19 16 21 22 23 20 29 30 31 28 25 26 27 24
34 35 32 33 38 39 36 37 42 43 40 41 46 47 44 45 2 3 0 1 6 7 4 5 10 11 8 9 14 15 12 13 18 19 16 17 22 23 20 21 26 27 24 25 30 31 28 29
35 32 33 34 39 36 37 38 47 44 45 46 43 40 41 42 3 0 1 2 7 4 5 6 15 12 13 14 11 8 9 10 19 16 17 18 23 20 21 22 31 28 29 30 27 24 25 26
36 37 38 39 32 33 34 35 44 45 46 47 40 41 42 43 4 5 6 7 0 1 2 3 12 13 14 15 8 9 10 11 20 21 22 23 16 17 18 19 28 29 30 31 24 25 26 27
37 38 39 36 33 34 35 32 41 42 43 40 45 46 47 44 5 6 7 4 1 2 3 0 9 10 11 8 13 14 15 12 21 22 23 20 17 18 19 16 25 26 27 24 29 30 31 28
38 39 36 37 34 35 32 33 46 47 44 45 42 43 40 41 6 7 4 5 2 3 0 1 14 15 12 13 10 11 8 9 22 23 20 21 18 19 16 17 30 31 28 29 26 27 24 25
39 36 37 38 35 32 33 34 43 40 41 42 47 44 45 46 7 4 5 6 3 0 1 2 11 8 9 10 15 12 13 14 23 20 21 22 19 16 17 18 27 24 25 26 31 28 29 30
40 41 42 43 44 45 46 47 32 33 34 35 36 37 38 39 24 25 26 27 28 29 30 31 16 17 18 19 20 21 22 23 8 9 10 11 12 13 14 15 0 1 2 3 4 5 6 7
41 42 43 40 45 46 47 44 37 38 39 36 33 34 35 32 25 26 27 24 29 30 31 28 21 22 23 20 17 18 19 16 9 10 11 8 13 14 15 12 5 6 7 4 1 2 3 0
42 43 40 41 46 47 44 45 34 35 32 33 38 39 36 37 26 27 24 25 30 31 28 29 18 19 16 17 22 23 20 21 10 11 8 9 14 15 12 13 2 3 0 1 6 7 4 5
43 40 41 42 47 44 45 46 39 36 37 38 35 32 33 34 27 24 25 26 31 28 29 30 23 20 21 22 19 16 17 18 11 8 9 10 15 12 13 14 7 4 5 6 3 0 1 2
44 45 46 47 40 41 42 43 36 37 38 39 32 33 34 35 28 29 30 31 24 25 26 27 20 21 22 23 16 17 18 19 12 13 14 15 8 9 10 11 4 5 6 7 0 1 2 3
45 46 47 44 41 42 43 40 33 34 35 32 37 38 39 36 29 30 31 28 25 26 27 24 17 18 19 16 21 22 23 20 13 14 15 12 9 10 11 8 1 2 3 0 5 6 7 4
46 47 44 45 42 43 40 41 38 39 36 37 34 35 32 33 30 31 28 29 26 27 24 25 22 23 20 21 18 19 16 17 14 15 12 13 10 11 8 9 6 7 4 5 2 3 0 1
47 44 45 46 43 40 41 42 35 32 33 34 39 36 37 38 31 28 29 30 27 24 25 26 19 16 17 18 23 20 21 22 15 12 13 14 11 8 9 10 3 0 1 2 7 4 5 6
Z3:Z2xZ2:Z4
0 1 2 3 4 5 6 7 8 9 10 11 12 13 14 15 16 17 18 19 20 21 22 23 24 25 26 27 28 29 30 31 32 33 34 35 36 37 38 39 40 41 42 43 44 45 46 47
1 2 3 0 5 6 7 4 13 14 15 12 9 10 11 8 33 34 35 32 37 38 39 36 45 46 47 44 41 42 43 40 17 18 19 16 21 22 23 20 29 30 31 28 25 26 27 24
2 3 0 1 6 7 4 5 10 11 8 9 14 15 12 13 18 19 16 17 22 23 20 21 26 27 24 25 30 31 28 29 34 35 32 33 38 39 36 37 42 43 40 41 46 47 44 45
3 0 1 2 7 4 5 6 15 12 13 14 11 8 9 10 35 32 33 34 39 36 37 38 47 44 45 46 43 40 41 42 19 16 17 18 23 20 21 22 31 28 29 30 27 24 25 26
4 5 6 7 0 1 2 3 12 13 14 15 8 9 10 11 20 21 22 23 16 17 18 19 28 29 30 31 24 25 26 27 36 37 38 39 32 33 34 35 44 45 46 47 40 41 42 43
5 6 7 4 1 2 3 0 9 10 11 8 13 14 15 12 37 38 39 36 33 34 35 32 41 42 43 40 45 46 47 44 21 22 23 20 17 18 19 16 25 26 27 24 29 30 31 28
6 7 4 5 2 3 0 1 14 15 12 13 10 11 8 9 22 23 20 21 18 19 16 17 30 31 28 29 26 27 24 25 38 39 36 37 34 35 32 33 46 47 44 45 42 43 40 41
7 4 5 6 3 0 1 2 11 8 9 10 15 12 13 14 39 36 37 38 35 32 33 34 43 40 41 42 47 44 45 46 23 20 21 22 19 16 17 18 27 24 25 26 31 28 29 30
8 9 10 11 12 13 14 15 0 1 2 3 4 5 6 7 24 25 26 27 28 29 30 31 16 17 18 19 20 21 22 23 40 41 42 43 44 45 46 47 32 33 34 35 36 37 38 39
9 10 11 8 13 14 15 12 5 6 7 4 1 2 3 0 41 42 43 40 45 46 47 44 37 38 39 36 33 34 35 32 25 26 27 24 29 30 31 28 21 22 23 20 17 18 19 16
10 11 8 9 14 15 12 13 2 3 0 1 6 7 4 5 26 27 24 25 30 31 28 29 18 19 16 17 22 23 20 21 42 43 40 41 46 47 44 45 34 35 32 33 38 39 36 37
11 8 9 10 15 12 13 14 7 4 5 6 3 0 1 2 43 40 41 42 47 44 45 46 39 36 37 38 35 32 33 34 27 24 25 26 31 28 29 30 23 20 21 22 19 16 17 18
12 13 14 15 8 9 10 11 4 5 6 7 0 1 2 3 28 29 30 31 24 25 26 27 20 21 22 23 16 17 18 19 44 45 46 47 40 41 42 43 36 37 38 39 32 33 34 35
13 14 15 12 9 10 11 8 1 2 3 0 5 6 7 4 45 46 47 44 41 42 43 40 33 34 35 32 37 38 39 36 29 30 31 28 25 26 27 24 17 18 19 16 21 22 23 20
14 15 12 13 10 11 8 9 6 7 4 5 2 3 0 1 30 31 28 29 26 27 24 25 22 23 20 21 18 19 16 17 46 47 44 45 42 43 40 41 38 39 36 37 34 35 32 33
15 12 13 14 11 8 9 10 3 0 1 2 7 4 5 6 47 44 45 46 43 40 41 42 35 32 33 34 39 36 37 38 31 28 29 30 27 24 25 26 19 16 17 18 23 20 21 22
16 17 18 19 20 21 22 23 24 25 26 27 28 29 30 31 32 33 34 35 36 37 38 39 40 41 42 43 44 45 46 47 0 1 2 3 4 5 6 7 8 9 10 11 12 13 14 15
17 18 19 16 21 22 23 20 29 30 31 28 25 26 27 24 1 2 3 0 5 6 7 4 13 14 15 12 9 10 11 8 33 34 35 32 37 38 39 36 45 46 47 44 41 42 43 40
18 19 16 17 22 23 20 21 26 27 24 25 30 31 28 29 34 35 32 33 38 39 36 37 42 43 40 41 46 47 44 45 2 3 0 1 6 7 4 5 10 11 8 9 14 15 12 13
19 16 17 18 23 20 21 22 31 28 29 30 27 24 25 26 3 0 1 2 7 4 5 6 15 12 13 14 11 8 9 10 35 32 33 34 39 36 37 38 47 44 45 46 43 40 41 42
20 21 22 23 16 17 18 19 28 29 30 31 24 25 26 27 36 37 38 39 32 33 34 35 44 45 46 47 40 41 42 43 4 5 6 7 0 1 2 3 12 13 14 15 8 9 10 11
21 22 23 20 17 18 19 16 25 26 27 24 29 30 31 28 5 6 7 4 1 2 3 0 9 10 11 8 13 14 15 12 37 38 39 36 33 34 35 32 41 42 43 40 45 46 47 44
22 23 20 21 18 19 16 17 30 31 28 29 26 27 24 25 38 39 36 37 34 35 32 33 46 47 44 45 42 43 40 41 6 7 4 5 2 3 0 1 14 15 12 13 10 11 8 9
23 20 21 22 19 16 17 18 27 24 25 26 31 28 29 30 7 4 5 6 3 0 1 2 11 8 9 10 15 12 13 14 39 36 37 38 35 32 33 34 43 40 41 42 47 44 45 46
24 25 26 27 28 29 30 31 16 17 18 19 20 21 22 23 40 41 42 43 44 45 46 47 32 33 34 35 36 37 38 39 8 9 10 11 12 13 14 15 0 1 2 3 4 5 6 7
25 26 27 24 29 30 31 28 21 22 23 20 17 18 19 16 9 10 11 8 13 14 15 12 5 6 7 4 1 2 3 0 41 42 43 40 45 46 47 44 37 38 39 36 33 34 35 32
26 27 24 25 30 31 28 29 18 19 16 17 22 23 20 21 42 43 40 41 46 47 44 45 34 35 32 33 38 39 36 37 10 11 8 9 14 15 12 13 2 3 0 1 6 7 4 5
27 24 25 26 31 28 29 30 23 20 21 22 19 16 17 18 11 8 9 10 15 12 13 14 7 4 5 6 3 0 1 2 43 40 41 42 47 44 45 46 39 36 37 38 35 32 33 34
28 29 30 31 24 25 26 27 20 21 22 23 16 17 18 19 44 45 46 47 40 41 42 43 36 37 38 39 32 33 34 35 12 13 14 15 8 9 10 11 4 5 6 7 0 1 2 3
29 30 31 28 25 26 27 24 17 18 19 16 21 22 23 20 13 14 15 12 9 10 11 8 1 2 3 0 5 6 7 4 45 46 47 44 41 42 43 40 33 34 35 32 37 38 39 36
30 31 28 29 26 27 24 25 22 23 20 21 18 19 16 17 46 47 44 45 42 43 40 41 38 39 36 37 34 35 32 33 14 15 12 13 10 11 8 9 6 7 4 5 2 3 0 1
31 28 29 30 27 24 25 26 19 16 17 18 23 20 21 22 15 12 13 14 11 8 9 10 3 0 1 2 7 4 5 6 47 44 45 46 43 40 41 42 35 32 33 34 39 36 37 38
32 33 34 35 36 37 38 39 40 41 42 43 44 45 46 47 0 1 2 3 4 5 6 7 8 9 10 11 12 13 14 15 16 17 18 19 20 21 22 23 24 25 26 27 28 29 30 31
33 34 35 32 37 38 39 36 45 46 47 44 41 42 43 40 17 18 19 16 21 22 23 20 29 30 31 28 25 26 27 24 1 2 3 0 5 6 7 4 13 14 15 12 9 10 11 8
34 35 32 33 38 39 36 37 42 43 40 41 46 47 44 45 2 3 0 1 6 7 4 5 10 11 8 9 14 15 12 13 18 19 16 17 22 23 20 21 26 27 24 25 30 31 28 29
35 32 33 34 39 36 37 38 47 44 45 46 43 40 41 42 19 16 17 18 23 20 21 22 31 28 29 30 27 24 25 26 3 0 1 2 7 4 5 6 15 12 13 14 11 8 9 10
36 37 38 39 32 33 34 35 44 45 46 47 40 41 42 43 4 5 6 7 0 1 2 3 12 13 14 15 8 9 10 11 20 21 22 23 16 17 18 19 28 29 30 31 24 25 26 27
37 38 39 36 33 34 35 32 41 42 43 40 45 46 47 44 21 22 23 20 17 18 19 16 25 26 27 24 29 30 31 28 5 6 7 4 1 2 3 0 9 10 11 8 13 14 15 12
38 39 36 37 34 35 32 33 46 47 44 45 42 43 40 41 6 7 4 5 2 3 0 1 14 15 12 13 10 11 8 9 22 23 20 21 18 19 16 17 30 31 28 29 26 27 24 25
39 36 37 38 35 32 33 34 43 40 41 42 47 44 45 46 23 20 21 22 19 16 17 18 27 24 25 26 31 28 29 30 7 4 5 6 3 0 1 2 11 8 9 10 15 12 13 14
40 41 42 43 44 45 46 47 32 33 34 35 36 37 38 39 8 9 10 11 12 13 14 15 0 1 2 3 4 5 6 7 24 25 26 27 28 29 30 31 16 17 18 19 20 21 22 23
41 42 43 40 45 46 47 44 37 38 39 36 33 34 35 32 25 26 27 24 29 30 31 28 21 22 23 20 17 18 19 16 9 10 11 8 13 14 15 12 5 6 7 4 1 2 3 0
42 43 40 41 46 47 44 45 34 35 32 33 38 39 36 37 10 11 8 9 14 15 12 13 2 3 0 1 6 7 4 5 26 27 24 25 30 31 28 29 18 19 16 17 22 23 20 21
43 40 41 42 47 44 45 46 39 36 37 38 35 32 33 34 27 24 25 26 31 28 29 30 23 20 21 22 19 16 17 18 11 8 9 10 15 12 13 14 7 4 5 6 3 0 1 2
44 45 46 47 40 41 42 43 36 37 38 39 32 33 34 35 12 13 14 15 8 9 10 11 4 5 6 7 0 1 2 3 28 29 30 31 24 25 26 27 20 21 22 23 16 17 18 19
45 46 47 44 41 42 43 40 33 34 35 32 37 38 39 36 29 30 31 28 25 26 27 24 17 18 19 16 21 22 23 20 13 14 15 12 9 10 11 8 1 2 3 0 5 6 7 4
46 47 44 45 42 43 40 41 38 39 36 37 34 35 32 33 14 15 12 13 10 11 8 9 6 7 4 5 2 3 0 1 30 31 28 29 26 27 24 25 22 23 20 21 18 19 16 17
47 44 45 46 43 40 41 42 35 32 33 34 39 36 37 38 31 28 29 30 27 24 25 26 19 16 17 18 23 20 21 22 15 12 13 14 11 8 9 10 3 0 1 2 7 4 5 6
Z3:Z8:Z2
0 1 2 3 4 5 6 7 8 9 10 11 12 13 14 15 16 17 18 19 20 21 22 23 24 25 26 27 28 29 30 31 32 33 34 35 36 37 38 39 40 41 42 43 44 45 46 47
1 0 7 6 13 12 3 2 9 8 15 14 5 4 11 10 17 16 23 22 29 28 19 18 25 24 31 30 21 20 27 26 33 32 39 38 45 44 35 34 41 40 47 46 37 36 43 42
2 3 4 5 6 7 8 9 10 11 12 13 14 15 0 1 18 19 20 21 22 23 24 25 26 27 28 29 30 31 16 17 34 35 36 37 38 39 40 41 42 43 44 45 46 47 32 33
3 2 9 8 15 14 5 4 11 10 1 0 7 6 13 12 19 18 25 24 31 30 21 20 27 26 17 16 23 22 29 28 35 34 41 40 47 46 37 36 43 42 33 32 39 38 45 44
4 5 6 7 8 9 10 11 12 13 14 15 0 1 2 3 20 21 22 23 24 25 26 27 28 29 30 31 16 17 18 19 36 37 38 39 40 41 42 43 44 45 46 47 32 33 34 35
5 4 11 10 1 0 7 6 13 12 3 2 9 8 15 14 21 20 27 26 17 16 23 22 29 28 19 18 25 24 31 30 37 36 43 42 33 32 39 38 45 44 35 34 41 40 47 46
6 7 8 9 10 11 12 13 14 15 0 1 2 3 4 5 22 23 24 25 26 27 28 29 30 31 16 17 18 19 20 21 38 39 40 41 42 43 44 45 46 47 32 33 34 35 36 37
7 6 13 12 3 2 9 8 15 14 5 4 11 10 1 0 23 22 29 28 19 18 25 24 31 30 21 20 27 26 17 16 39 38 45 44 35 34 41 40 47 46 37 36 43 42 33 32
8 9 10 11 12 13 14 15 0 1 2 3 4 5 6 7 24 25 26 27 28 29 30 31 16 17 18 19 20 21 22 23 40 41 42 43 44 45 46 47 32 33 34 35 36 37 38 39
9 8 15 14 5 4 11 10 1 0 7 6 13 12 3 2 25 24 31 30 21 20 27 26 17 16 23 22 29 28 19 18 41 40 47 46 37 36 43 42 33 32 39 38 45 44 35 34
10 11 12 13 14 15 0 1 2 3 4 5 6 7 8 9 26 27 28 29 30 31 16 17 18 19 20 21 22 23 24 25 42 43 44 45 46 47 32 33 34 35 36 37 38 39 40 41
11 10 1 0 7 6 13 12 3 2 9 8 15 14 5 4 27 26 17 16 23 22 29 28 19 18 25 24 31 30 21 20 43 42 33 32 39 38 45 44 35 34 41 40 47 46 37 36
12 13 14 15 0 1 2 3 4 5 6 7 8 9 10 11 28 29 30 31 16 17 18 19 20 21 22 23 24 25 26 27 44 45 46 47 32 33 34 35 36 37 38 39 40 41 42 43
13 12 3 2 9 8 15 14 5 4 11 10 1 0 7 6 29 28 19 18 25 24 31 30 21 20 27 26 17 16 23 22 45 44 35 34 41 40 47 46 37 36 43 42 33 32 39 38
14 15 0 1 2 3 4 5 6 7 8 9 10 11 12 13 30 31 16 17 18 19 20 21 22 23 24 25 26 27 28 29 46 47 32 33 34 35 36 37 38 39 40 41 42 43 44 45
15 14 5 4 11 10 1 0 7 6 13 12 3 2 9 8 31 30 21 20 27 26 17 16 23 22 29 28 19 18 25 24 47 46 37 36 43 42 33 32 39 38 45 44 35 34 41 40
16 17 18 19 20 21 22 23 24 25 26 27 28 29 30 31 32 33 34 35 36 37 38 39 40 41 42 43 44 45 46 47 0 1 2 3 4 5 6 7 8 9 10 11 12 13 14 15
17 16 23 22 29 28 19 18 25 24 31 30 21 20 27 26 33 32 39 38 45 44 35 34 41 40 47 46 37 36 43 42 1 0 7 6 13 12 3 2 9 8 15 14 5 4 11 10
18 19 20 21 22 23 24 25 26 27 28 29 30 31 16 17 34 35 36 37 38 39 40 41 42 43 44 45 46 47 32 33 2 3 4 5 6 7 8 9 10 11 12 13 14 15 0 1
19 18 25 24 31 30 21 20 27 26 17 16 23 22 29 28 35 34 41 40 47 46 37 36 43 42 33 32 39 38 45 44 3 2 9 8 15 14 5 4 11 10 1 0 7 6 13 12
20 21 22 23 24 25 26 27 28 29 30 31 16 17 18 19 36 37 38 39 40 41 42 43 44 45 46 47 32 33 34 35 4 5 6 7 8 9 10 11 12 13 14 15 0 1 2 3
21 20 27 26 17 16 23 22 29 28 19 18 25 24 31 30 37 36 43 42 33 32 39 38 45 44 35 34 41 40 47 46 5 4 11 10 1 0 7 6 13 12 3 2 9 8 15 14
22 23 24 25 26 27 28 29 30 31 16 17 18 19 20 21 38 39 40 41 42 43 44 45 46 47 32 33 34 35 36 37 6 7 8 9 10 11 12 13 14 15 0 1 2 3 4 5
23 22 29 28 19 18 25 24 31 30 21 20 27 26 17 16 39 38 45 44 35 34 41 40 47 46 37 36 43 42 33 32 7 6 13 12 3 2 9 8 15 14 5 4 11 10 1 0
24 25 26 27 28 29 30 31 16 17 18 19 20 21 22 23 40 41 42 43 44 45 46 47 32 33 34 35 36 37 38 39 8 9 10 11 12 13 14 15 0 1 2 3 4 5 6 7
25 24 31 30 21 20 27 26 17 16 23 22 29 28 19 18 41 40 47 46 37 36 43 42 33 32 39 38 45 44 35 34 9 8 15 14 5 4 11 10 1 0 7 6 13 12 3 2
26 27 28 29 30 31 16 17 18 19 20 21 22 23 24 25 42 43 44 45 46 47 32 33 34 35 36 37 38 39 40 41 10 11 12 13 14 15 0 1 2 3 4 5 6 7 8 9
27 26 17 16 23 22 29 28 19 18 25 24 31 30 21 20 43 42 33 32 39 38 45 44 35 34 41 40 47 46 37 36 11 10 1 0 7 6 13 12 3 2 9 8 15 14 5 4
28 29 30 31 16 17 18 19 20 21 22 23 24 25 26 27 44 45 46 47 32 33 34 35 36 37 38 39 40 41 42 43 12 13 14 15 0 1 2 3 4 5 6 7 8 9 10 11
29 28 19 18 25 24 31 30 21 20 27 26 17 16 23 22 45 44 35 34 41 40 47 46 37 36 43 42 33 32 39 38 13 12 3 2 9 8 15 14 5 4 11 10 1 0 7 6
30 31 16 17 18 19 20 21 22 23 24 25 26 27 28 29 46 47 32 33 34 35 36 37 38 39 40 41 42 43 44 45 14 15 0 1 2 3 4 5 6 7 8 9 10 11 12 13
31 30 21 20 27 26 17 16 23 22 29 28 19 18 25 24 47 46 37 36 43 42 33 32 39 38 45 44 35 34 41 40 15 14 5 4 11 10 1 0 7 6 13 12 3 2 9 8
32 33 34 35 36 37 38 39 40 41 42 43 44 45 46 47 0 1 2 3 4 5 6 7 8 9 10 11 12 13 14 15 16 17 18 19 20 21 22 23 24 25 26 27 28 29 30 31
33 32 39 38 45 44 35 34 41 40 47 46 37 36 43 42 1 0 7 6 13 12 3 2 9 8 15 14 5 4 11 10 17 16 23 22 29 28 19 18 25 24 31 30 21 20 27 26
34 35 36 37 38 39 40 41 42 43 44 45 46 47 32 33 2 3 4 5 6 7 8 9 10 11 12 13 14 15 0 1 18 19 20 21 22 23 24 25 26 27 28 29 30 31 16 17
35 34 41 40 47 46 37 36 43 42 33 32 39 38 45 44 3 2 9 8 15 14 5 4 11 10 1 0 7 6 13 12 19 18 25 24 31 30 21 20 27 26 17 16 23 22 29 28
36 37 38 39 40 41 42 43 44 45 46 47 32 33 34 35 4 5 6 7 8 9 10 11 12 13 14 15 0 1 2 3 20 21 22 23 24 25 26 27 28 29 30 31 16 17 18 19
37 36 43 42 33 32 39 38 45 44 35 34 41 40 47 46 5 4 11 10 1 0 7 6 13 12 3 2 9 8 15 14 21 20 27 26 17 16 23 22 29 28 19 18 25 24 31 30
38 39 40 41 42 43 44 45 46 47 32 33 34 35 36 37 6 7 8 9 10 11 12 13 14 15 0 1 2 3 4 5 22 23 24 25 26 27 28 29 30 31 16 17 18 19 20 21
39 38 45 44 35 34 41 40 47 46 37 36 43 42 33 32 7 6 13 12 3 2 9 8 15 14 5 4 11 10 1 0 23 22 29 28 19 18 25 24 31 30 21 20 27 26 17 16
40 41 42 43 44 45 46 47 32 33 34 35 36 37 38 39 8 9 10 11 12 13 14 15 0 1 2 3 4 5 6 7 24 25 26 27 28 29 30 31 16 17 18 19 20 21 22 23
41 40 47 46 37 36 43 42 33 32 39 38 45 44 35 34 9 8 15 14 5 4 11 10 1 0 7 6 13 12 3 2 25 24 31 30 21 20 27 26 17 16 23 22 29 28 19 18
42 43 44 45 46 47 32 33 34 35 36 37 38 39 40 41 10 11 12 13 14 15 0 1 2 3 4 5 6 7 8 9 26 27 28 29 30 31 16 17 18 19 20 21 22 23 24 25
43 42 33 32 39 38 45 44 35 34 41 40 47 46 37 36 11 10 1 0 7 6 13 12 3 2 9 8 15 14 5 4 27 26 17 16 23 22 29 28 19 18 25 24 31 30 21 20
44 45 46 47 32 33 34 35 36 37 38 39 40 41 42 43 12 13 14 15 0 1 2 3 4 5 6 7 8 9 10 11 28 29 30 31 16 17 18 19 20 21 22 23 24 25 26 27
45 44 35 34 41 40 47 46 37 36 43 42 33 32 39 38 13 12 3 2 9 8 15 14 5 4 11 10 1 0 7 6 29 28 19 18 25 24 31 30 21 20 27 26 17 16 23 22
46 47 32 33 34 35 36 37 38 39 40 41 42 43 44 45 14 15 0 1 2 3 4 5 6 7 8 9 10 11 12 13 30 31 16 17 18 19 20 21 22 23 24 25 26 27 28 29
47 46 37 36 43 42 33 32 39 38 45 44 35 34 41 40 15 14 5 4 11 10 1 0 7 6 13 12 3 2 9 8 31 30 21 20 27 26 17 16 23 22 29 28 19 18 25 24
Z3:Z8:Z2
0 1 2 3 4 5 6 7 8 9 10 11 12 13 14 15 16 17 18 19 20 21 22 23 24 25 26 27 28 29 30 31 32 33 34 35 36 37 38 39 40 41 42 43 44 45 46 47
1 0 7 6 13 12 3 2 9 8 15 14 5 4 11 10 33 32 39 38 45 44 35 34 41 40 47 46 37 36 43 42 17 16 23 22 29 28 19 18 25 24 31 30 21 20 27 26
2 3 4 5 6 7 8 9 10 11 12 13 14 15 0 1 18 19 20 21 22 23 24 25 26 27 28 29 30 31 16 17 34 35 36 37 38 39 40 41 42 43 44 45 46 47 32 33
3 2 9 8 15 14 5 4 11 10 1 0 7 6 13 12 35 34 41 40 47 46 37 36 43 42 33 32 39 38 45 44 19 18 25 24 31 30 21 20 27 26 17 16 23 22 29 28
4 5 6 7 8 9 10 11 12 13 14 15 0 1 2 3 20 21 22 23 24 25 26 27 28 29 30 31 16 17 18 19 36 37 38 39 40 41 42 43 44 45 46 47 32 33 34 35
5 4 11 10 1 0 7 6 13 12 3 2 9 8 15 14 37 36 43 42 33 32 39 38 45 44 35 34 41 40 47 46 21 20 27 26 17 16 23 22 29 28 19 18 25 24 31 30
6 7 8 9 10 11 12 13 14 15 0 1 2 3 4 5 22 23 24 25 26 27 28 29 30 31 16 17 18 19 20 21 38 39 40 41 42 43 44 45 46 47 32 33 34 35 36 37
7 6 13 12 3 2 9 8 15 14 5 4 11 10 1 0 39 38 45 44 35 34 41 40 47 46 37 36 43 42 33 32 23 22 29 28 19 18 25 24 31 30 21 20 27 26 17 16
8 9 10 11 12 13 14 15 0 1 2 3 4 5 6 7 24 25 26 27 28 29 30 31 16 17 18 19 20 21 22 23 40 41 42 43 44 45 46 47 32 33 34 35 36 37 38 39
9 8 15 14 5 4 11 10 1 0 7 6 13 12 3 2 41 40 47 46 37 36 43 42 33 32 39 38 45 44 35 34 25 24 31 30 21 20 27 26 17 16 23 22 29 28 19 18
10 11 12 13 14 15 0 1 2 3 4 5 6 7 8 9 26 27 28 29 30 31 16 17 18 19 20 21 22 23 24 25 42 43 44 45 46 47 32 33 34 35 36 37 38 39 40 41
11 10 1 0 7 6 13 12 3 2 9 8 15 14 5 4 43 42 33 32 39 38 45 44 35 34 41 40 47 46 37 36 27 26 17 16 23 22 29 28 19 18 25 24 31 30 21 20
12 13 14 15 0 1 2 3 4 5 6 7 8 9 10 11 28 29 30 31 16 17 18 19 20 21 22 23 24 25 26 27 44 45 46 47 32 33 34 35 36 37 38 39 40 41 42 43
13 12 3 2 9 8 15 14 5 4 11 10 1 0 7 6 45 44 35 34 41 40 47 46 37 36 43 42 33 32 39 38 29 28 19 18 25 24 31 30 21 20 27 26 17 16 23 22
14 15 0 1 2 3 4 5 6 7 8 9 10 11 12 13 30 31 16 17 18 19 20 21 22 23 24 25 26 27 28 29 46 47 32 33 34 35 36 37 38 39 40 41 42 43 44 45
15 14 5 4 11 10 1 0 7 6 13 12 3 2 9 8 47 46 37 36 43 42 33 32 39 38 45 44 35 34 41 40 31 30 21 20 27 26 17 16 23 22 29 28 19 18 25 24
16 17 18 19 20 21 22 23 24 25 26 27 28 29 30 31 32 33 34 35 36 37 38 39 40 41 42 43 44 45 46 47 0 1 2 3 4 5 6 7 8 9 10 11 12 13 14 15
17 16 23 22 29 28 19 18 25 24 31 30 21 20 27 26 1 0 7 6 13 12 3 2 9 8 15 14 5 4 11 10 33 32 39 38 45 44 35 34 41 40 47 46 37 36 43 42
18 19 20 21 22 23 24 25 26 27 28 29 30 31 16 17 34 35 36 37 38 39 40 41 42 43 44 45 46 47 32 33 2 3 4 5 6 7 8 9 10 11 12 13 14 15 0 1
19 18 25 24 31 30 21 20 27 26 17 16 23 22 29 28 3 2 9 8 15 14 5 4 11 10 1 0 7 6 13 12 35 34 41 40 47 46 37 36 43 42 33 32 39 38 45 44
20 21 22 23 24 25 26 27 28 29 30 31 16 17 18 19 36 37 38 39 40 41 42 43 44 45 46 47 32 33 34 35 4 5 6 7 8 9 10 11 12 13 14 15 0 1 2 3
21 20 27 26 17 16 23 22 29 28 19 18 25 24 31 30 5 4 11 10 1 0 7 6 13 12 3 2 9 8 15 14 37 36 43 42 33 32 39 38 45 44 35 34 41 40 47 46
22 23 24 25 26 27 28 29 30 31 16 17 18 19 20 21 38 39 40 41 42 43 44 45 46 47 32 33 34 35 36 37 6 7 8 9 10 11 12 13 14 15 0 1 2 3 4 5
23 22 29 28 19 18 25 24 31 30 21 20 27 26 17 16 7 6 13 12 3 2 9 8 15 14 5 4 11 10 1 0 39 38 45 44 35 34 41 40 47 46 37 36 43 42 33 32
24 25 26 27 28 29 30 31 16 17 18 19 20 21 22 23 40 41 42 43 44 45 46 47 32 33 34 35 36 37 38 39 8 9 10 11 12 13 14 15 0 1 2 3 4 5 6 7
25 24 31 30 21 20 27 26 17 16 23 22 29 28 19 18 9 8 15 14 5 4 11 10 1 0 7 6 13 12 3 2 41 40 47 46 37 36 43 42 33 32 39 38 45 44 35 34
26 27 28 29 30 31 16 17 18 19 20 21 22 23 24 25 42 43 44 45 46 47 32 33 34 35 36 37 38 39 40 41 10 11 12 13 14 15 0 1 2 3 4 5 6 7 8 9
27 26 17 16 23 22 29 28 19 18 25 24 31 30 21 20 11 10 1 0 7 6 13 12 3 2 9 8 15 14 5 4 43 42 33 32 39 38 45 44 35 34 41 40 47 46 37 36
28 29 30 31 16 17 18 19 20 21 22 23 24 25 26 27 44 45 46 47 32 33 34 35 36 37 38 39 40 41 42 43 12 13 14 15 0 1 2 3 4 5 6 7 8 9 10 11
29 28 19 18 25 24 31 30 21 20 27 26 17 16 23 22 13 12 3 2 9 8 15 14 5 4 11 10 1 0 7 6 45 44 35 34 41 40 47 46 37 36 43 42 33 32 39 38
30 31 16 17 18 19 20 21 22 23 24 25 26 27 28 29 46 47 32 33 34 35 36 37 38 39 40 41 42 43 44 45 14 15 0 1 2 3 4 5 6 7 8 9 10 11 12 13
31 30 21 20 27 26 17 16 23 22 29 28 19 18 25 24 15 14 5 4 11 10 1 0 7 6 13 12 3 2 9 8 47 46 37 36 43 42 33 32 39 38 45 44 35 34 41 40
32 33 34 35 36 37 38 39 40 41 42 43 44 45 46 47 0 1 2 3 4 5 6 7 8 9 10 11 12 13 14 15 16 17 18 19 20 21 22 23 24 25 26 27 28 29 30 31
33 32 39 38 45 44 35 34 41 40 47 46 37 36 43 42 17 16 23 22 29 28 19 18 25 24 31 30 21 20 27 26 1 0 7 6 13 12 3 2 9 8 15 14 5 4 11 10
34 35 36 37 38 39 40 41 42 43 44 45 46 47 32 33 2 3 4 5 6 7 8 9 10 11 12 13 14 15 0 1 18 19 20 21 22 23 24 25 26 27 28 29 30 31 16 17
35 34 41 40 47 46 37 36 43 42 33 32 39 38 45 44 19 18 25 24 31 30 21 20 27 26 17 16 23 22 29 28 3 2 9 8 15 14 5 4 11 10 1 0 7 6 13 12
36 37 38 39 40 41 42 43 44 45 46 47 32 33 34 35 4 5 6 7 8 9 10 11 12 13 14 15 0 1 2 3 20 21 22 23 24 25 26 27 28 29 30 31 16 17 18 19
37 36 43 42 33 32 39 38 45 44 35 34 41 40 47 46 21 20 27 26 17 16 23 22 29 28 19 18 25 24 31 30 5 4 11 10 1 0 7 6 13 12 3 2 9 8 15 14
38 39 40 41 42 43 44 45 46 47 32 33 34 35 36 37 6 7 8 9 10 11 12 13 14 15 0 1 2 3 4 5 22 23 24 25 26 27 28 29 30 31 16 17 18 19 20 21
39 38 45 44 35 34 41 40 47 46 37 36 43 42 33 32 23 22 29 28 19 18 25 24 31 30 21 20 27 26 17 16 7 6 13 12 3 2 9 8 15 14 5 4 11 10 1 0
40 41 42 43 44 45 46 47 32 33 34 35 36 37 38 39 8 9 10 11 12 13 14 15 0 1 2 3 4 5 6 7 24 25 26 27 28 29 30 31 16 17 18 19 20 21 22 23
41 40 47 46 37 36 43 42 33 32 39 38 45 44 35 34 25 24 31 30 21 20 27 26 17 16 23 22 29 28 19 18 9 8 15 14 5 4 11 10 1 0 7 6 13 12 3 2
42 43 44 45 46 47 32 33 34 35 36 37 38 39 40 41 10 11 12 13 14 15 0 1 2 3 4 5 6 7 8 9 26 27 28 29 30 31 16 17 18 19 20 21 22 23 24 25
43 42 33 32 39 38 45 44 35 34 41 40 47 46 37 36 27 26 17 16 23 22 29 28 19 18 25 24 31 30 21 20 11 10 1 0 7 6 13 12 3 2 9 8 15 14 5 4
44 45 46 47 32 33 34 35 36 37 38 39 40 41 42 43 12 13 14 15 0 1 2 3 4 5 6 7 8 9 10 11 28 29 30 31 16 17 18 19 20 21 22 23 24 25 26 27
45 44 35 34 41 40 47 46 37 36 43 42 33 32 39 38 29 28 19 18 25 24 31 30 21 20 27 26 17 16 23 22 13 12 3 2 9 8 15 14 5 4 11 10 1 0 7 6
46 47 32 33 34 35 36 37 38 39 40 41 42 43 44 45 14 15 0 1 2 3 4 5 6 7 8 9 10 11 12 13 30 31 16 17 18 19 20 21 22 23 24 25 26 27 28 29
47 46 37 36 43 42 33 32 39 38 45 44 35 34 41 40 31 30 21 20 27 26 17 16 23 22 29 28 19 18 25 24 15 14 5 4 11 10 1 0 7 6 13 12 3 2 9 8
Z3:Z8:Z2
0 1 2 3 4 5 6 7 8 9 10 11 12 13 14 15 16 17 18 19 20 21 22 23 24 25 26 27 28 29 30 31 32 33 34 35 36 37 38 39 40 41 42 43 44 45 46 47
1 0 7 6 13 12 3 2 9 8 15 14 5 4 11 10 17 16 23 22 29 28 19 18 25 24 31 30 21 20 27 26 33 32 39 38 45 44 35 34 41 40 47 46 37 36 43 42
2 3 4 5 6 7 8 9 10 11 12 13 14 15 0 1 34 35 36 37 38 39 40 41 42 43 44 45 46 47 32 33 18 19 20 21 22 23 24 25 26 27 28 29 30 31 16 17
3 2 9 8 15 14 5 4 11 10 1 0 7 6 13 12 35 34 41 40 47 46 37 36 43 42 33 32 39 38 45 44 19 18 25 24 31 30 21 20 27 26 17 16 23 22 29 28
4 5 6 7 8 9 10 11 12 13 14 15 0 1 2 3 20 21 22 23 24 25 26 27 28 29 30 31 16 17 18 19 36 37 38 39 40 41 42 43 44 45 46 47 32 33 34 35
5 4 11 10 1 0 7 6 13 12 3 2 9 8 15 14 21 20 27 26 17 16 23 22 29 28 19 18 25 24 31 30 37 36 43 42 33 32 39 38 45 44 35 34 41 40 47 46
6 7 8 9 10 11 12 13 14 15 0 1 2 3 4 5 38 39 40 41 42 43 44 45 46 47 32 33 34 35 36 37 22 23 24 25 26 27 28 29 30 31 16 17 18 19 20 21
7 6 13 12 3 2 9 8 15 14 5 4 11 10 1 0 39 38 45 44 35 34 41 40 47 46 37 36 43 42 33 32 23 22 29 28 19 18 25 24 31 30 21 20 27 26 17 16
8 9 10 11 12 13 14 15 0 1 2 3 4 5 6 7 24 25 26 27 28 29 30 31 16 17 18 19 20 21 22 23 40 41 42 43 44 45 46 47 32 33 34 35 36 37 38 39
9 8 15 14 5 4 11 10 1 0 7 6 13 12 3 2 25 24 31 30 21 20 27 26 17 16 23 22 29 28 19 18 41 40 47 46 37 36 43 42 33 32 39 38 45 44 35 34
10 11 12 13 14 15 0 1 2 3 4 5 6 7 8 9 42 43 44 45 46 47 32 33 34 35 36 37 38 39 40 41 26 27 28 29 30 31 16 17 18 19 20 21 22 23 24 25
11 10 1 0 7 6 13 12 3 2 9 8 15 14 5 4 43 42 33 32 39 38 45 44 35 34 41 40 47 46 37 36 27 26 17 16 23 22 29 28 19 18 25 24 31 30 21 20
12 13 14 15 0 1 2 3 4 5 6 7 8 9 10 11 28 29 30 31 16 17 18 19 20 21 22 23 24 25 26 27 44 45 46 47 32 33 34 35 36 37 38 39 40 41 42 43
13 12 3 2 9 8 15 14 5 4 11 10 1 0 7 6 29 28 19 18 25 24 31 30 21 20 27 26 17 16 23 22 45 44 35 34 41 40 47 46 37 36 43 42 33 32 39 38
14 15 0 1 2 3 4 5 6 7 8 9 10 11 12 13 46 47 32 33 34 35 36 37 38 39 40 41 42 43 44 45 30 31 16 17 18 19 20 21 22 23 24 25 26 27 28 29
15 14 5 4 11 10 1 0 7 6 13 12 3 2 9 8 47 46 37 36 43 42 33 32 39 38 45 44 35 34 41 40 31 30 21 20 27 26 17 16 23 22 29 28 19 18 25 24
16 17 18 19 20 21 22 23 24 25 26 27 28 29 30 31 32 33 34 35 36 37 38 39 40 41 42 43 44 45 46 47 0 1 2 3 4 5 6 7 8 9 10 11 12 13 14 15
17 16 23 22 29 28 19 18 25 24 31 30 21 20 27 26 33 32 39 38 45 44 35 34 41 40 47 46 37 36 43 42 1 0 7 6 13 12 3 2 9 8 15 14 5 4 11 10
18 19 20 21 22 23 24 25 26 27 28 29 30 31 16 17 2 3 4 5 6 7 8 9 10 11 12 13 14 15 0 1 34 35 36 37 38 39 40 41 42 43 44 45 46 47 32 33
19 18 25 24 31 30 21 20 27 26 17 16 23 22 29 28 3 2 9 8 15 14 5 4 11 10 1 0 7 6 13 12 35 34 41 40 47 46 37 36 43 42 33 32 39 38 45 44
20 21 22 23 24 25 26 27 28 29 30 31 16 17 18 19 36 37 38 39 40 41 42 43 44 45 46 47 32 33 34 35 4 5 6 7 8 9 10 11 12 13 14 15 0 1 2 3
21 20 27 26 17 16 23 22 29 28 19 18 25 24 31 30 37 36 43 42 33 32 39 38 45 44 35 34 41 40 47 46 5 4 11 10 1 0 7 6 13 12 3 2 9 8 15 14
22 23 24 25 26 27 28 29 30 31 16 17 18 19 20 21 6 7 8 9 10 11 12 13 14 15 0 1 2 3 4 5 38 39 40 41 42 43 44 45 46 47 32 33 34 35 36 37
23 22 29 28 19 18 25 24 31 30 21 20 27 26 17 16 7 6 13 12 3 2 9 8 15 14 5 4 11 10 1 0 39 38 45 44 35 34 41 40 47 46 37 36 43 42 33 32
24 25 26 27 28 29 30 31 16 17 18 19 20 21 22 23 40 41 42 43 44 45 46 47 32 33 34 35 36 37 38 39 8 9 10 11 12 13 14 15 0 1 2 3 4 5 6 7
25 24 31 30 21 20 27 26 17 16 23 22 29 28 19 18 41 40 47 46 37 36 43 42 33 32 39 38 45 44 35 34 9 8 15 14 5 4 11 10 1 0 7 6 13 12 3 2
26 27 28 29 30 31 16 17 18 19 20 21 22 23 24 25 10 11 12 13 14 15 0 1 2 3 4 5 6 7 8 9 42 43 44 45 46 47 32 33 34 35 36 37 38 39 40 41
27 26 17 16 23 22 29 28 19 18 25 24 31 30 21 20 11 10 1 0 7 6 13 12 3 2 9 8 15 14 5 4 43 42 33 32 39 38 45 44 35 34 41 40 47 46 37 36
28 29 30 31 16 17 18 19 20 21 22 23 24 25 26 27 44 45 46 47 32 33 34 35 36 37 38 39 40 41 42 43 12 13 14 15 0 1 2 3 4 5 6 7 8 9 10 11
29 28 19 18 25 24 31 30 21 20 27 26 17 16 23 22 45 44 35 34 41 40 47 46 37 36 43 42 33 32 39 38 13 12 3 2 9 8 15 14 5 4 11 10 1 0 7 6
30 31 16 17 18 19 20 21 22 23 24 25 26 27 28 29 14 15 0 1 2 3 4 5 6 7 8 9 10 11 12 13 46 47 32 33 34 35 36 37 38 39 40 41 42 43 44 45
31 30 21 20 27 26 17 16 23 22 29 28 19 18 25 24 15 14 5 4 11 10 1 0 7 6 13 12 3 2 9 8 47 46 37 36 43 42 33 32 39 38 45 44 35 34 41 40
32 33 34 35 36 37 38 39 40 41 42 43 44 45 46 47 0 1 2 3 4 5 6 7 8 9 10 11 12 13 14 15 16 17 18 19 20 21 22 23 24 25 26 27 28 29 30 31
33 32 39 38 45 44 35 34 41 40 47 46 37 36 43 42 1 0 7 6 13 12 3 2 9 8 15 14 5 4 11 10 17 16 23 22 29 28 19 18 25 24 31 30 21 20 27 26
34 35 36 37 38 39 40 41 42 43 44 45 46 47 32 33 18 19 20 21 22 23 24 25 26 27 28 29 30 31 16 17 2 3 4 5 6 7 8 9 10 11 12 13 14 15 0 1
35 34 41 40 47 46 37 36 43 42 33 32 39 38 45 44 19 18 25 24 31 30 21 20 27 26 17 16 23 22 29 28 3 2 9 8 15 14 5 4 11 10 1 0 7 6 13 12
36 37 38 39 40 41 42 43 44 45 46 47 32 33 34 35 4 5 6 7 8 9 10 11 12 13 14 15 0 1 2 3 20 21 22 23 24 25 26 27 28 29 30 31 16 17 18 19
37 36 43 42 33 32 39 38 45 44 35 34 41 40 47 46 5 4 11 10 1 0 7 6 13 12 3 2 9 8 15 14 21 20 27 26 17 16 23 22 29 28 19 18 25 24 31 30
38 39 40 41 42 43 44 45 46 47 32 33 34 35 36 37 22 23 24 25 26 27 28 29 30 31 16 17 18 19 20 21 6 7 8 9 10 11 12 13 14 15 0 1 2 3 4 5
39 38 45 44 35 34 41 40 47 46 37 36 43 42 33 32 23 22 29 28 19 18 25 24 31 30 21 20 27 26 17 16 7 6 13 12 3 2 9 8 15 14 5 4 11 10 1 0
40 41 42 43 44 45 46 47 32 33 34 35 36 37 38 39 8 9 10 11 12 13 14 15 0 1 2 3 4 5 6 7 24 25 26 27 28 29 30 31 16 17 18 19 20 21 22 23
41 40 47 46 37 36 43 42 33 32 39 38 45 44 35 34 9 8 15 14 5 4 11 10 1 0 7 6 13 12 3 2 25 24 31 30 21 20 27 26 17 16 23 22 29 28 19 18
42 43 44 45 46 47 32 33 34 35 36 37 38 39 40 41 26 27 28 29 30 31 16 17 18 19 20 21 22 23 24 25 10 11 12 13 14 15 0 1 2 3 4 5 6 7 8 9
43 42 33 32 39 38 45 44 35 34 41 40 47 46 37 36 27 26 17 16 23 22 29 28 19 18 25 24 31 30 21 20 11 10 1 0 7 6 13 12 3 2 9 8 15 14 5 4
44 45 46 47 32 33 34 35 36 37 38 39 40 41 42 43 12 13 14 15 0 1 2 3 4 5 6 7 8 9 10 11 28 29 30 31 16 17 18 19 20 21 22 23 24 25 26 27
45 44 35 34 41 40 47 46 37 36 43 42 33 32 39 38 13 12 3 2 9 8 15 14 5 4 11 10 1 0 7 6 29 28 19 18 25 24 31 30 21 20 27 26 17 16 23 22
46 47 32 33 34 35 36 37 38 39 40 41 42 43 44 45 30 31 16 17 18 19 20 21 22 23 24 25 26 27 28 29 14 15 0 1 2 3 4 5 6 7 8 9 10 11 12 13
47 46 37 36 43 42 33 32 39 38 45 44 35 34 41 40 31 30 21 20 27 26 17 16 23 22 29 28 19 18 25 24 15 14 5 4 11 10 1 0 7 6 13 12 3 2 9 8
Z3:Z8:Z2
0 1 2 3 4 5 6 7 8 9 10 11 12 13 14 15 16 17 18 19 20 21 22 23 24 25 26 27 28 29 30 31 32 33 34 35 36 37 38 39 40 41 42 43 44 45 46 47
1 0 7 6 13 12 3 2 9 8 15 14 5 4 11 10 33 32 39 38 45 44 35 34 41 40 47 46 37 36 43 42 17 16 23 22 29 28 19 18 25 24 31 30 21 20 27 26
2 3 4 5 6 7 8 9 10 11 12 13 14 15 0 1 34 35 36 37 38 39 40 41 42 43 44 45 46 47 32 33 18 19 20 21 22 23 24 25 26 27 28 29 30 31 16 17
3 2 9 8 15 14 5 4 11 10 1 0 7 6 13 12 19 18 25 24 31 30 21 20 27 26 17 16 23 22 29 28 35 34 41 40 47 46 37 36 43 42 33 32 39 38 45 44
4 5 6 7 8 9 10 11 12 13 14 15 0 1 2 3 20 21 22 23 24 25 26 27 28 29 30 31 16 17 18 19 36 37 38 39 40 41 42 43 44 45 46 47 32 33 34 35
5 4 11 10 1 0 7 6 13 12 3 2 9 8 15 14 37 36 43 42 33 32 39 38 45 44 35 34 41 40 47 46 21 20 27 26 17 16 23 22 29 28 19 18 25 24 31 30
6 7 8 9 10 11 12 13 14 15 0 1 2 3 4 5 38 39 40 41 42 43 44 45 46 47 32 33 34 35 36 37 22 23 24 25 26 27 28 29 30 31 16 17 18 19 20 21
7 6 13 12 3 2 9 8 15 14 5 4 11 10 1 0 23 22 29 28 19 18 25 24 31 30 21 20 27 26 17 16 39 38 45 44 35 34 41 40 47 46 37 36 43 42 33 32
8 9 10 11 12 13 14 15 0 1 2 3 4 5 6 7 24 25 26 27 28 29 30 31 16 17 18 19 20 21 22 23 40 41 42 43 44 45 46 47 32 33 34 35 36 37 38 39
9 8 15 14 5 4 11 10 1 0 7 6 13 12 3 2 41 40 47 46 37 36 43 42 33 32 39 38 45 44 35 34 25 24 31 30 21 20 27 26 17 16 23 22 29 28 19 18
10 11 12 13 14 15 0 1 2 3 4 5 6 7 8 9 42 43 44 45 46 47 32 33 34 35 36 37 38 39 40 41 26 27 28 29 30 31 16 17 18 19 20 21 22 23 24 25
11 10 1 0 7 6 13 12 3 2 9 8 15 14 5 4 27 26 17 16 23 22 29 28 19 18 25 24 31 30 21 20 43 42 33 32 39 38 45 44 35 34 41 40 47 46 37 36
12 13 14 15 0 1 2 3 4 5 6 7 8 9 10 11 28 29 30 31 16 17 18 19 20 21 22 23 24 25 26 27 44 45 46 47 32 33 34 35 36 37 38 39 40 41 42 43
13 12 3 2 9 8 15 14 5 4 11 10 1 0 7 6 45 44 35 34 41 40 47 46 37 36 43 42 33 32 39 38 29 28 19 18 25 24 31 30 21 20 27 26 17 16 23 22
14 15 0 1 2 3 4 5 6 7 8 9 10 11 12 13 46 47 32 33 34 35 36 37 38 39 40 41 42 43 44 45 30 31 16 17 18 19 20 21 22 23 24 25 26 27 28 29
15 14 5 4 11 10 1 0 7 6 13 12 3 2 9 8 31 30 21 20 27 26 17 16 23 22 29 28 19 18 25 24 47 46 37 36 43 42 33 32 39 38 45 44 35 34 41 40
16 17 18 19 20 21 22 23 24 25 26 27 28 29 30 31 32 33 34 35 36 37 38 39 40 41 42 43 44 45 46 47 0 1 2 3 4 5 6 7 8 9 10 11 12 13 14 15
17 16 23 22 29 28 19 18 25 24 31 30 21 20 27 26 1 0 7 6 13 12 3 2 9 8 15 14 5 4 11 10 33 32 39 38 45 44 35 34 41 40 47 46 37 36 43 42
18 19 20 21 22 23 24 25 26 27 28 29 30 31 16 17 2 3 4 5 6 7 8 9 10 11 12 13 14 15 0 1 34 35 36 37 38 39 40 41 42 43 44 45 46 47 32 33
19 18 25 24 31 30 21 20 27 26 17 16 23 22 29 28 35 34 41 40 47 46 37 36 43 42 33 32 39 38 45 44 3 2 9 8 15 14 5 4 11 10 1 0 7 6 13 12
20 21 22 23 24 25 26 27 28 29 30 31 16 17 18 19 36 37 38 39 40 41 42 43 44 45 46 47 32 33 34 35 4 5 6 7 8 9 10 11 12 13 14 15 0 1 2 3
21 20 27 26 17 16 23 22 29 28 19 18 25 24 31 30 5 4 11 10 1 0 7 6 13 12 3 2 9 8 15 14 37 36 43 42 33 32 39 38 45 44 35 34 41 40 47 46
22 23 24 25 26 27 28 29 30 31 16 17 18 19 20 21 6 7 8 9 10 11 12 13 14 15 0 1 2 3 4 5 38 39 40 41 42 43 44 45 46 47 32 33 34 35 36 37
23 22 29 28 19 18 25 24 31 30 21 20 27 26 17 16 39 38 45 44 35 34 41 40 47 46 37 36 43 42 33 32 7 6 13 12 3 2 9 8 15 14 5 4 11 10 1 0
24 25 26 27 28 29 30 31 16 17 18 19 20 21 22 23 40 41 42 43 44 45 46 47 32 33 34 35 36 37 38 39 8 9 10 11 12 13 14 15 0 1 2 3 4 5 6 7
25 24 31 30 21 20 27 26 17 16 23 22 29 28 19 18 9 8 15 14 5 4 11 10 1 0 7 6 13 12 3 2 41 40 47 46 37 36 43 42 33 32 39 38 45 44 35 34
26 27 28 29 30 31 16 17 18 19 20 21 22 23 24 25 10 11 12 13 14 15 0 1 2 3 4 5 6 7 8 9 42 43 44 45 46 47 32 33 34 35 36 37 38 39 40 41
27 26 17 16 23 22 29 28 19 18 25 24 31 30 21 20 43 42 33 32 39 38 45 44 35 34 41 40 47 46 37 36 11 10 1 0 7 6 13 12 3 2 9 8 15 14 5 4
28 29 30 31 16 17 18 19 20 21 22 23 24 25 26 27 44 45 46 47 32 33 34 35 36 37 38 39 40 41 42 43 12 13 14 15 0 1 2 3 4 5 6 7 8 9 10 11
29 28 19 18 25 24 31 30 21 20 27 26 17 16 23 22 13 12 3 2 9 8 15 14 5 4 11 10 1 0 7 6 45 44 35 34 41 40 47 46 37 36 43 42 33 32 39 38
30 31 16 17 18 19 20 21 22 23 24 25 26 27 28 29 14 15 0 1 2 3 4 5 6 7 8 9 10 11 12 13 46 47 32 33 34 35 36 37 38 39 40 41 42 43 44 45
31 30 21 20 27 26 17 16 23 22 29 28 19 18 25 24 47 46 37 36 43 42 33 32 39 38 45 44 35 34 41 40 15 14 5 4 11 10 1 0 7 6 13 12 3 2 9 8
32 33 34 35 36 37 38 39 40 41 42 43 44 45 46 47 0 1 2 3 4 5 6 7 8 9 10 11 12 13 14 15 16 17 18 19 20 21 22 23 24 25 26 27 28 29 30 31
33 32 39 38 45 44 35 34 41 40 47 46 37 36 43 42 17 16 23 22 29 28 19 18 25 24 31 30 21 20 27 26 1 0 7 6 13 12 3 2 9 8 15 14 5 4 11 10
34 35 36 37 38 39 40 41 42 43 44 45 46 47 32 33 18 19 20 21 22 23 24 25 26 27 28 29 30 31 16 17 2 3 4 5 6 7 8 9 10 11 12 13 14 15 0 1
35 34 41 40 47 46 37 36 43 42 33 32 39 38 45 44 3 2 9 8 15 14 5 4 11 10 1 0 7 6 13 12 19 18 25 24 31 30 21 20 27 26 17 16 23 22 29 28
36 37 38 39 40 41 42 43 44 45 46 47 32 33 34 35 4 5 6 7 8 9 10 11 12 13 14 15 0 1 2 3 20 21 22 23 24 25 26 27 28 29 30 31 16 17 18 19
37 36 43 42 33 32 39 38 45 44 35 34 41 40 47 46 21 20 27 26 17 16 23 22 29 28 19 18 25 24 31 30 5 4 11 10 1 0 7 6 13 12 3 2 9 8 15 14
38 39 40 41 42 43 44 45 46 47 32 33 34 35 36 37 22 23 24 25 26 27 28 29 30 31 16 17 18 19 20 21 6 7 8 9 10 11 12 13 14 15 0 1 2 3 4 5
39 38 45 44 35 34 41 40 47 46 37 36 43 42 33 32 7 6 13 12 3 2 9 8 15 14 5 4 11 10 1 0 23 22 29 28 19 18 25 24 31 30 21 20 27 26 17 16
40 41 42 43 44 45 46 47 32 33 34 35 36 37 38 39 8 9 10 11 12 13 14 15 0 1 2 3 4 5 6 7 24 25 26 27 28 29 30 31 16 17 18 19 20 21 22 23
41 40 47 46 37 36 43 42 33 32 39 38 45 44 35 34 25 24 31 30 21 20 27 26 17 16 23 22 29 28 19 18 9 8 15 14 5 4 11 10 1 0 7 6 13 12 3 2
42 43 44 45 46 47 32 33 34 35 36 37 38 39 40 41 26 27 28 29 30 31 16 17 18 19 20 21 22 23 24 25 10 11 12 13 14 15 0 1 2 3 4 5 6 7 8 9
43 42 33 32 39 38 45 44 35 34 41 40 47 46 37 36 11 10 1 0 7 6 13 12 3 2 9 8 15 14 5 4 27 26 17 16 23 22 29 28 19 18 25 24 31 30 21 20
44 45 46 47 32 33 34 35 36 37 38 39 40 41 42 43 12 13 14 15 0 1 2 3 4 5 6 7 8 9 10 11 28 29 30 31 16 17 18 19 20 21 22 23 24 25 26 27
45 44 35 34 41 40 47 46 37 36 43 42 33 32 39 38 29 28 19 18 25 24 31 30 21 20 27 26 17 16 23 22 13 12 3 2 9 8 15 14 5 4 11 10 1 0 7 6
46 47 32 33 34 35 36 37 38 39 40 41 42 43 44 45 30 31 16 17 18 19 20 21 22 23 24 25 26 27 28 29 14 15 0 1 2 3 4 5 6 7 8 9 10 11 12 13
47 46 37 36 43 42 33 32 39 38 45 44 35 34 41 40 15 14 5 4 11 10 1 0 7 6 13 12 3 2 9 8 31 30 21 20 27 26 17 16 23 22 29 28 19 18 25 24
Z3:Z8:Z2
0 1 2 3 4 5 6 7 8 9 10 11 12 13 14 15 16 17 18 19 20 21 22 23 24 25 26 27 28 29 30 31 32 33 34 35 36 37 38 39 40 41 42 43 44 45 46 47
1 0 11 10 5 4 15 14 9 8 3 2 13 12 7 6 17 16 27 26 21 20 31 30 25 24 19 18 29 28 23 22 33 32 43 42 37 36 47 46 41 40 35 34 45 44 39 38
2 3 4 5 6 7 8 9 10 11 12 13 14 15 0 1 18 19 20 21 22 23 24 25 26 27 28 29 30 31 16 17 34 35 36 37 38 39 40 41 42 43 44 45 46 47 32 33
3 2 13 12 7 6 1 0 11 10 5 4 15 14 9 8 19 18 29 28 23 22 17 16 27 26 21 20 31 30 25 24 35 34 45 44 39 38 33 32 43 42 37 36 47 46 41 40
4 5 6 7 8 9 10 11 12 13 14 15 0 1 2 3 20 21 22 23 24 25 26 27 28 29 30 31 16 17 18 19 36 37 38 39 40 41 42 43 44 45 46 47 32 33 34 35
5 4 15 14 9 8 3 2 13 12 7 6 1 0 11 10 21 20 31 30 25 24 19 18 29 28 23 22 17 16 27 26 37 36 47 46 41 40 35 34 45 44 39 38 33 32 43 42
6 7 8 9 10 11 12 13 14 15 0 1 2 3 4 5 22 23 24 25 26 27 28 29 30 31 16 17 18 19 20 21 38 39 40 41 42 43 44 45 46 47 32 33 34 35 36 37
7 6 1 0 11 10 5 4 15 14 9 8 3 2 13 12 23 22 17 16 27 26 21 20 31 30 25 24 19 18 29 28 39 38 33 32 43 42 37 36 47 46 41 40 35 34 45 44
8 9 10 11 12 13 14 15 0 1 2 3 4 5 6 7 24 25 26 27 28 29 30 31 16 17 18 19 20 21 22 23 40 41 42 43 44 45 46 47 32 33 34 35 36 37 38 39
9 8 3 2 13 12 7 6 1 0 11 10 5 4 15 14 25 24 19 18 29 28 23 22 17 16 27 26 21 20 31 30 41 40 35 34 45 44 39 38 33 32 43 42 37 36 47 46
10 11 12 13 14 15 0 1 2 3 4 5 6 7 8 9 26 27 28 29 30 31 16 17 18 19 20 21 22 23 24 25 42 43 44 45 46 47 32 33 34 35 36 37 38 39 40 41
11 10 5 4 15 14 9 8 3 2 13 12 7 6 1 0 27 26 21 20 31 30 25 24 19 18 29 28 23 22 17 16 43 42 37 36 47 46 41 40 35 34 45 44 39 38 33 32
12 13 14 15 0 1 2 3 4 5 6 7 8 9 10 11 28 29 30 31 16 17 18 19 20 21 22 23 24 25 26 27 44 45 46 47 32 33 34 35 36 37 38 39 40 41 42 43
13 12 7 6 1 0 11 10 5 4 15 14 9 8 3 2 29 28 23 22 17 16 27 26 21 20 31 30 25 24 19 18 45 44 39 38 33 32 43 42 37 36 47 46 41 40 35 34
14 15 0 1 2 3 4 5 6 7 8 9 10 11 12 13 30 31 16 17 18 19 20 21 22 23 24 25 26 27 28 29 46 47 32 33 34 35 36 37 38 39 40 41 42 43 44 45
15 14 9 8 3 2 13 12 7 6 1 0 11 10 5 4 31 30 25 24 19 18 29 28 23 22 17 16 27 26 21 20 47 46 41 40 35 34 45 44 39 38 33 32 43 42 37 36
16 17 18 19 20 21 22 23 24 25 26 27 28 29 30 31 32 33 34 35 36 37 38 39 40 41 42 43 44 45 46 47 0 1 2 3 4 5 6 7 8 9 10 11 12 13 14 15
17 16 27 26 21 20 31 30 25 24 19 18 29 28 23 22 33 32 43 42 37 36 47 46 41 40 35 34 45 44 39 38 1 0 11 10 5 4 15 14 9 8 3 2 13 12 7 6
18 19 20 21 22 23 24 25 26 27 28 29 30 31 16 17 34 35 36 37 38 39 40 41 42 43 44 45 46 47 32 33 2 3 4 5 6 7 8 9 10 11 12 13 14 15 0 1
19 18 29 28 23 22 17 16 27 26 21 20 31 30 25 24 35 34 45 44 39 38 33 32 43 42 37 36 47 46 41 40 3 2 13 12 7 6 1 0 11 10 5 4 15 14 9 8
20 21 22 23 24 25 26 27 28 29 30 31 16 17 18 19 36 37 38 39 40 41 42 43 44 45 46 47 32 33 34 35 4 5 6 7 8 9 10 11 12 13 14 15 0 1 2 3
21 20 31 30 25 24 19 18 29 28 23 22 17 16 27 26 37 36 47 46 41 40 35 34 45 44 39 38 33 32 43 42 5 4 15 14 9 8 3 2 13 12 7 6 1 0 11 10
22 23 24 25 26 27 28 29 30 31 16 17 18 19 20 21 38 39 40 41 42 43 44 45 46 47 32 33 34 35 36 37 6 7 8 9 10 11 12 13 14 15 0 1 2 3 4 5
23 22 17 16 27 26 21 20 31 30 25 24 19 18 29 28 39 38 33 32 43 42 37 36 47 46 41 40 35 34 45 44 7 6 1 0 11 10 5 4 15 14 9 8 3 2 13 12
24 25 26 27 28 29 30 31 16 17 18 19 20 21 22 23 40 41 42 43 44 45 46 47 32 33 34 35 36 37 38 39 8 9 10 11 12 13 14 15 0 1 2 3 4 5 6 7
25 24 19 18 29 28 23 22 17 16 27 26 21 20 31 30 41 40 35 34 45 44 39 38 33 32 43 42 37 36 47 46 9 8 3 2 13 12 7 6 1 0 11 10 5 4 15 14
26 27 28 29 30 31 16 17 18 19 20 21 22 23 24 25 42 43 44 45 46 47 32 33 34 35 36 37 38 39 40 41 10 11 12 13 14 15 0 1 2 3 4 5 6 7 8 9
27 26 21 20 31 30 25 24 19 18 29 28 23 22 17 16 43 42 37 36 47 46 41 40 35 34 45 44 39 38 33 32 11 10 5 4 15 14 9 8 3 2 13 12 7 6 1 0
28 29 30 31 16 17 18 19 20 21 22 23 24 25 26 27 44 45 46 47 32 33 34 35 36 37 38 39 40 41 42 43 12 13 14 15 0 1 2 3 4 5 6 7 8 9 10 11
29 28 23 22 17 16 27 26 21 20 31 30 25 24 19 18 45 44 39 38 33 32 43 42 37 36 47 46 41 40 35 34 13 12 7 6 1 0 11 10 5 4 15 14 9 8 3 2
30 31 16 17 18 19 20 21 22 23 24 25 26 27 28 29 46 47 32 33 34 35 36 37 38 39 40 41 42 43 44 45 14 15 0 1 2 3 4 5 6 7 8 9 10 11 12 13
31 30 25 24 19 18 29 28 23 22 17 16 27 26 21 20 47 46 41 40 35 34 45 44 39 38 33 32 43 42 37 36 15 14 9 8 3 2 13 12 7 6 1 0 11 10 5 4
32 33 34 35 36 37 38 39 40 41 42 43 44 45 46 47 0 1 2 3 4 5 6 7 8 9 10 11 12 13 14 15 16 17 18 19 20 21 22 23 24 25 26 27 28 29 30 31
33 32 43 42 37 36 47 46 41 40 35 34 45 44 39 38 1 0 11 10 5 4 15 14 9 8 3 2 13 12 7 6 17 16 27 26 21 20 31 30 25 24 19 18 29 28 23 22
34 35 36 37 38 39 40 41 42 43 44 45 46 47 32 33 2 3 4 5 6 7 8 9 10 11 12 13 14 15 0 1 18 19 20 21 22 23 24 25 26 27 28 29 30 31 16 17
35 34 45 44 39 38 33 32 43 42 37 36 47 46 41 40 3 2 13 12 7 6 1 0 11 10 5 4 15 14 9 8 19 18 29 28 23 22 17 16 27 26 21 20 31 30 25 24
36 37 38 39 40 41 42 43 44 45 46 47 32 33 34 35 4 5 6 7 8 9 10 11 12 13 14 15 0 1 2 3 20 21 22 23 24 25 26 27 28 29 30 31 16 17 18 19
37 36 47 46 41 40 35 34 45 44 39 38 33 32 43 42 5 4 15 14 9 8 3 2 13 12 7 6 1 0 11 10 21 20 31 30 25 24 19 18 29 28 23 22 17 16 27 26
38 39 40 41 42 43 44 45 46 47 32 33 34 35 36 37 6 7 8 9 10 11 12 13 14 15 0 1 2 3 4 5 22 23 24 25 26 27 28 29 30 31 16 17 18 19 20 21
39 38 33 32 43 42 37 36 47 46 41 40 35 34 45 44 7 6 1 0 11 10 5 4 15 14 9 8 3 2 13 12 23 22 17 16 27 26 21 20 31 30 25 24 19 18 29 28
40 41 42 43 44 45 46 47 32 33 34 35 36 37 38 39 8 9 10 11 12 13 14 15 0 1 2 3 4 5 6 7 24 25 26 27 28 29 30 31 16 17 18 19 20 21 22 23
41 40 35 34 45 44 39 38 33 32 43 42 37 36 47 46 9 8 3 2 13 12 7 6 1 0 11 10 5 4 15 14 25 24 19 18 29 28 23 22 17 16 27 26 21 20 31 30
42 43 44 45 46 47 32 33 34 35 36 37 38 39 40 41 10 11 12 13 14 15 0 1 2 3 4 5 6 7 8 9 26 27 28 29 30 31 16 17 18 19 20 21 22 23 24 25
43 42 37 36 47 46 41 40 35 34 45 44 39 38 33 32 11 10 5 4 15 14 9 8 3 2 13 12 7 6 1 0 27 26 21 20 31 30 25 24 19 18 29 28 23 22 17 16
44 45 46 47 32 33 34 35 36 37 38 39 40 41 42 43 12 13 14 15 0 1 2 3 4 5 6 7 8 9 10 11 28 29 30 31 16 17 18 19 20 21 22 23 24 25 26 27
45 44 39 38 33 32 43 42 37 36 47 46 41 40 35 34 13 12 7 6 1 0 11 10 5 4 15 14 9 8 3 2 29 28 23 22 17 16 27 26 21 20 31 30 25 24 19 18
46 47 32 33 34 35 36 37 38 39 40 41 42 43 44 45 14 15 0 1 2 3 4 5 6 7 8 9 10 11 12 13 30 31 16 17 18 19 20 21 22 23 24 25 26 27 28 29
47 46 41 40 35 34 45 44 39 38 33 32 43 42 37 36 15 14 9 8 3 2 13 12 7 6 1 0 11 10 5 4 31 30 25 24 19 18 29 28 23 22 17 16 27 26 21 20
Z3:Z8:Z2
0 1 2 3 4 5 6 7 8 9 10 11 12 13 14 15 16 17 18 19 20 21 22 23 24 25 26 27 28 29 30 31 32 33 34 35 36 37 38 39 40 41 42 43 44 45 46 47
1 0 11 10 5 4 15 14 9 8 3 2 13 12 7 6 33 32 43 42 37 36 47 46 41 40 35 34 45 44 39 38 17 16 27 26 21 20 31 30 25 24 19 18 29 28 23 22
2 3 4 5 6 7 8 9 10 11 12 13 14 15 0 1 18 19 20 21 22 23 24 25 26 27 28 29 30 31 16 17 34 35 36 37 38 39 40 41 42 43 44 45 46 47 32 33
3 2 13 12 7 6 1 0 11 10 5 4 15 14 9 8 35 34 45 44 39 38 33 32 43 42 37 36 47 46 41 40 19 18 29 28 23 22 17 16 27 26 21 20 31 30 25 24
4 5 6 7 8 9 10 11 12 13 14 15 0 1 2 3 20 21 22 23 24 25 26 27 28 29 30 31 16 17 18 19 36 37 38 39 40 41 42 43 44 45 46 47 32 33 34 35
5 4 15 14 9 8 3 2 13 12 7 6 1 0 11 10 37 36 47 46 41 40 35 34 45 44 39 38 33 32 43 42 21 20 31 30 25 24 19 18 29 28 23 22 17 16 27 26
6 7 8 9 10 11 12 13 14 15 0 1 2 3 4 5 22 23 24 25 26 27 28 29 30 31 16 17 18 19 20 21 38 39 40 41 42 43 44 45 46 47 32 33 34 35 36 37
7 6 1 0 11 10 5 4 15 14 9 8 3 2 13 12 39 38 33 32 43 42 37 36 47 46 41 40 35 34 45 44 23 22 17 16 27 26 21 20 31 30 25 24 19 18 29 28
8 9 10 11 12 13 14 15 0 1 2 3 4 5 6 7 24 25 26 27 28 29 30 31 16 17 18 19 20 21 22 23 40 41 42 43 44 45 46 47 32 33 34 35 36 37 38 39
9 8 3 2 13 12 7 6 1 0 11 10 5 4 15 14 41 40 35 34 45 44 39 38 33 32 43 42 37 36 47 46 25 24 19 18 29 28 23 22 17 16 27 26 21 20 31 30
10 11 12 13 14 15 0 1 2 3 4 5 6 7 8 9 26 27 28 29 30 31 16 17 18 19 20 21 22 23 24 25 42 43 44 45 46 47 32 33 34 35 36 37 38 39 40 41
11 10 5 4 15 14 9 8 3 2 13 12 7 6 1 0 43 42 37 36 47 46 41 40 35 34 45 44 39 38 33 32 27 26 21 20 31 30 25 24 19 18 29 28 23 22 17 16
12 13 14 15 0 1 2 3 4 5 6 7 8 9 10 11 28 29 30 31 16 17 18 19 20 21 22 23 24 25 26 27 44 45 46 47 32 33 34 35 36 37 38 39 40 41 42 43
13 12 7 6 1 0 11 10 5 4 15 14 9 8 3 2 45 44 39 38 33 32 43 42 37 36 47 46 41 40 35 34 29 28 23 22 17 16 27 26 21 20 31 30 25 24 19 18
14 15 0 1 2 3 4 5 6 7 8 9 10 11 12 13 30 31 16 17 18 19 20 21 22 23 24 25 26 27 28 29 46 47 32 33 34 35 36 37 38 39 40 41 42 43 44 45
15 14 9 8 3 2 13 12 7 6 1 0 11 10 5 4 47 46 41 40 35 34 45 44 39 38 33 32 43 42 37 36 31 30 25 24 19 18 29 28 23 22 17 16 27 26 21 20
16 17 18 19 20 21 22 23 24 25 26 27 28 29 30 31 32 33 34 35 36 37 38 39 40 41 42 43 44 45 46 47 0 1 2 3 4 5 6 7 8 9 10 11 12 13 14 15
17 16 27 26 21 20 31 30 25 24 19 18 29 28 23 22 1 0 11 10 5 4 15 14 9 8 3 2 13 12 7 6 33 32 43 42 37 36 47 46 41 40 35 34 45 44 39 38
18 19 20 21 22 23 24 25 26 27 28 29 30 31 16 17 34 35 36 37 38 39 40 41 42 43 44 45 46 47 32 33 2 3 4 5 6 7 8 9 10 11 12 13 14 15 0 1
19 18 29 28 23 22 17 16 27 26 21 20 31 30 25 24 3 2 13 12 7 6 1 0 11 10 5 4 15 14 9 8 35 34 45 44 39 38 33 32 43 42 37 36 47 46 41 40
20 21 22 23 24 25 26 27 28 29 30 31 16 17 18 19 36 37 38 39 40 41 42 43 44 45 46 47 32 33 34 35 4 5 6 7 8 9 10 11 12 13 14 15 0 1 2 3
21 20 31 30 25 24 19 18 29 28 23 22 17 16 27 26 5 4 15 14 9 8 3 2 13 12 7 6 1 0 11 10 37 36 47 46 41 40 35 34 45 44 39 38 33 32 43 42
22 23 24 25 26 27 28 29 30 31 16 17 18 19 20 21 38 39 40 41 42 43 44 45 46 47 32 33 34 35 36 37 6 7 8 9 10 11 12 13 14 15 0 1 2 3 4 5
23 22 17 16 27 26 21 20 31 30 25 24 19 18 29 28 7 6 1 0 11 10 5 4 15 14 9 8 3 2 13 12 39 38 33 32 43 42 37 36 47 46 41 40 35 34 45 44
24 25 26 27 28 29 30 31 16 17 18 19 20 21 22 23 40 41 42 43 44 45 46 47 32 33 34 35 36 37 38 39 8 9 10 11 12 13 14 15 0 1 2 3 4 5 6 7
25 24 19 18 29 28 23 22 17 16 27 26 21 20 31 30 9 8 3 2 13 12 7 6 1 0 11 10 5 4 15 14 41 40 35 34 45 44 39 38 33 32 43 42 37 36 47 46
26 27 28 29 30 31 16 17 18 19 20 21 22 23 24 25 42 43 44 45 46 47 32 33 34 35 36 37 38 39 40 41 10 11 12 13 14 15 0 1 2 3 4 5 6 7 8 9
27 26 21 20 31 30 25 24 19 18 29 28 23 22 17 16 11 10 5 4 15 14 9 8 3 2 13 12 7 6 1 0 43 42 37 36 47 46 41 40 35 34 45 44 39 38 33 32
28 29 30 31 16 17 18 19 20 21 22 23 24 25 26 27 44 45 46 47 32 33 34 35 36 37 38 39 40 41 42 43 12 13 14 15 0 1 2 3 4 5 6 7 8 9 10 11
29 28 23 22 17 16 27 26 21 20 31 30 25 24 19 18 13 12 7 6 1 0 11 10 5 4 15 14 9 8 3 2 45 44 39 38 33 32 43 42 37 36 47 46 41 40 35 34
30 31 16 17 18 19 20 21 22 23 24 25 26 27 28 29 46 47 32 33 34 35 36 37 38 39 40 41 42 43 44 45 14 15 0 1 2 3 4 5 6 7 8 9 10 11 12 13
31 30 25 24 19 18 29 28 23 22 17 16 27 26 21 20 15 14 9 8 3 2 13 12 7 6 1 0 11 10 5 4 47 46 41 40 35 34 45 44 39 38 33 32 43 42 37 36
32 33 34 35 36 37 38 39 40 41 42 43 44 45 46 47 0 1 2 3 4 5 6 7 8 9 10 11 12 13 14 15 16 17 18 19 20 21 22 23 24 25 26 27 28 29 30 31
33 32 43 42 37 36 47 46 41 40 35 34 45 44 39 38 17 16 27 26 21 20 31 30 25 24 19 18 29 28 23 22 1 0 11 10 5 4 15 14 9 8 3 2 13 12 7 6
34 35 36 37 38 39 40 41 42 43 44 45 46 47 32 33 2 3 4 5 6 7 8 9 10 11 12 13 14 15 0 1 18 19 20 21 22 23 24 25 26 27 28 29 30 31 16 17
35 34 45 44 39 38 33 32 43 42 37 36 47 46 41 40 19 18 29 28 23 22 17 16 27 26 21 20 31 30 25 24 3 2 13 12 7 6 1 0 11 10 5 4 15 14 9 8
36 37 38 39 40 41 42 43 44 45 46 47 32 33 34 35 4 5 6 7 8 9 10 11 12 13 14 15 0 1 2 3 20 21 22 23 24 25 26 27 28 29 30 31 16 17 18 19
37 36 47 46 41 40 35 34 45 44 39 38 33 32 43 42 21 20 31 30 25 24 19 18 29 28 23 22 17 16 27 26 5 4 15 14 9 8 3 2 13 12 7 6 1 0 11 10
38 39 40 41 42 43 44 45 46 47 32 33 34 35 36 37 6 7 8 9 10 11 12 13 14 15 0 1 2 3 4 5 22 23 24 25 26 27 28 29 30 31 16 17 18 19 20 21
39 38 33 32 43 42 37 36 47 46 41 40 35 34 45 44 23 22 17 16 27 26 21 20 31 30 25 24 19 18 29 28 7 6 1 0 11 10 5 4 15 14 9 8 3 2 13 12
40 41 42 43 44 45 46 47 32 33 34 35 36 37 38 39 8 9 10 11 12 13 14 15 0 1 2 3 4 5 6 7 24 25 26 27 28 29 30 31 16 17 18 19 20 21 22 23
41 40 35 34 45 44 39 38 33 32 43 42 37 36 47 46 25 24 19 18 29 28 23 22 17 16 27 26 21 20 31 30 9 8 3 2 13 12 7 6 1 0 11 10 5 4 15 14
42 43 44 45 46 47 32 33 34 35 36 37 38 39 40 41 10 11 12 13 14 15 0 1 2 3 4 5 6 7 8 9 26 27 28 29 30 31 16 17 18 19 20 21 22 23 24 25
43 42 37 36 47 46 41 40 35 34 45 44 39 38 33 32 27 26 21 20 31 30 25 24 19 18 29 28 23 22 17 16 11 10 5 4 15 14 9 8 3 2 13 12 7 6 1 0
44 45 46 47 32 33 34 35 36 37 38 39 40 41 42 43 12 13 14 15 0 1 2 3 4 5 6 7 8 9 10 11 28 29 30 31 16 17 18 19 20 21 22 23 24 25 26 27
45 44 39 38 33 32 43 42 37 36 47 46 41 40 35 34 29 28 23 22 17 16 27 26 21 20 31 30 25 24 19 18 13 12 7 6 1 0 11 10 5 4 15 14 9 8 3 2
46 47 32 33 34 35 36 37 38 39 40 41 42 43 44 45 14 15 0 1 2 3 4 5 6 7 8 9 10 11 12 13 30 31 16 17 18 19 20 21 22 23 24 25 26 27 28 29
47 46 41 40 35 34 45 44 39 38 33 32 43 42 37 36 31 30 25 24 19 18 29 28 23 22 17 16 27 26 21 20 15 14 9 8 3 2 13 12 7 6 1 0 11 10 5 4
Z3:Z8:Z2
0 1 2 3 4 5 6 7 8 9 10 11 12 13 14 15 16 17 18 19 20 21 22 23 24 25 26 27 28 29 30 31 32 33 34 35 36 37 38 39 40 41 42 43 44 45 46 47
1 0 11 10 5 4 15 14 9 8 3 2 13 12 7 6 17 16 27 26 21 20 31 30 25 24 19 18 29 28 23 22 33 32 43 42 37 36 47 46 41 40 35 34 45 44 39 38
2 3 4 5 6 7 8 9 10 11 12 13 14 15 0 1 34 35 36 37 38 39 40 41 42 43 44 45 46 47 32 33 18 19 20 21 22 23 24 25 26 27 28 29 30 31 16 17
3 2 13 12 7 6 1 0 11 10 5 4 15 14 9 8 35 34 45 44 39 38 33 32 43 42 37 36 47 46 41 40 19 18 29 28 23 22 17 16 27 26 21 20 31 30 25 24
4 5 6 7 8 9 10 11 12 13 14 15 0 1 2 3 20 21 22 23 24 25 26 27 28 29 30 31 16 17 18 19 36 37 38 39 40 41 42 43 44 45 46 47 32 33 34 35
5 4 15 14 9 8 3 2 13 12 7 6 1 0 11 10 21 20 31 30 25 24 19 18 29 28 23 22 17 16 27 26 37 36 47 46 41 40 35 34 45 44 39 38 33 32 43 42
6 7 8 9 10 11 12 13 14 15 0 1 2 3 4 5 38 39 40 41 42 43 44 45 46 47 32 33 34 35 36 37 22 23 24 25 26 27 28 29 30 31 16 17 18 19 20 21
7 6 1 0 11 10 5 4 15 14 9 8 3 2 13 12 39 38 33 32 43 42 37 36 47 46 41 40 35 34 45 44 23 22 17 16 27 26 21 20 31 30 25 24 19 18 29 28
8 9 10 11 12 13 14 15 0 1 2 3 4 5 6 7 24 25 26 27 28 29 30 31 16 17 18 19 20 21 22 23 40 41 42 43 44 45 46 47 32 33 34 35 36 37 38 39
9 8 3 2 13 12 7 6 1 0 11 10 5 4 15 14 25 24 19 18 29 28 23 22 17 16 27 26 21 20 31 30 41 40 35 34 45 44 39 38 33 32 43 42 37 36 47 46
10 11 12 13 14 15 0 1 2 3 4 5 6 7 8 9 42 43 44 45 46 47 32 33 34 35 36 37 38 39 40 41 26 27 28 29 30 31 16 17 18 19 20 21 22 23 24 25
11 10 5 4 15 14 9 8 3 2 13 12 7 6 1 0 43 42 37 36 47 46 41 40 35 34 45 44 39 38 33 32 27 26 21 20 31 30 25 24 19 18 29 28 23 22 17 16
12 13 14 15 0 1 2 3 4 5 6 7 8 9 10 11 28 29 30 31 16 17 18 19 20 21 22 23 24 25 26 27 44 45 46 47 32 33 34 35 36 37 38 39 40 41 42 43
13 12 7 6 1 0 11 10 5 4 15 14 9 8 3 2 29 28 23 22 17 16 27 26 21 20 31 30 25 24 19 18 45 44 39 38 33 32 43 42 37 36 47 46 41 40 35 34
14 15 0 1 2 3 4 5 6 7 8 9 10 11 12 13 46 47 32 33 34 35 36 37 38 39 40 41 42 43 44 45 30 31 16 17 18 19 20 21 22 23 24 25 26 27 28 29
15 14 9 8 3 2 13 12 7 6 1 0 11 10 5 4 47 46 41 40 35 34 45 44 39 38 33 32 43 42 37 36 31 30 25 24 19 18 29 28 23 22 17 16 27 26 21 20
16 17 18 19 20 21 22 23 24 25 26 27 28 29 30 31 32 33 34 35 36 37 38 39 40 41 42 43 44 45 46 47 0 1 2 3 4 5 6 7 8 9 10 11 12 13 14 15
17 16 27 26 21 20 31 30 25 24 19 18 29 28 23 22 33 32 43 42 37 36 47 46 41 40 35 34 45 44 39 38 1 0 11 10 5 4 15 14 9 8 3 2 13 12 7 6
18 19 20 21 22 23 24 25 26 27 28 29 30 31 16 17 2 3 4 5 6 7 8 9 10 11 12 13 14 15 0 1 34 35 36 37 38 39 40 41 42 43 44 45 46 47 32 33
19 18 29 28 23 22 17 16 27 26 21 20 31 30 25 24 3 2 13 12 7 6 1 0 11 10 5 4 15 14 9 8 35 34 45 44 39 38 33 32 43 42 37 36 47 46 41 40
20 21 22 23 24 25 26 27 28 29 30 31 16 17 18 19 36 37 38 39 40 41 42 43 44 45 46 47 32 33 34 35 4 5 6 7 8 9 10 11 12 13 14 15 0 1 2 3
21 20 31 30 25 24 19 18 29 28 23 22 17 16 27 26 37 36 47 46 41 40 35 34 45 44 39 38 33 32 43 42 5 4 15 14 9 8 3 2 13 12 7 6 1 0 11 10
22 23 24 25 26 27 28 29 30 31 16 17 18 19 20 21 6 7 8 9 10 11 12 13 14 15 0 1 2 3 4 5 38 39 40 41 42 43 44 45 46 47 32 33 34 35 36 37
23 22 17 16 27 26 21 20 31 30 25 24 19 18 29 28 7 6 1 0 11 10 5 4 15 14 9 8 3 2 13 12 39 38 33 32 43 42 37 36 47 46 41 40 35 34 45 44
24 25 26 27 28 29 30 31 16 17 18 19 20 21 22 23 40 41 42 43 44 45 46 47 32 33 34 35 36 37 38 39 8 9 10 11 12 13 14 15 0 1 2 3 4 5 6 7
25 24 19 18 29 28 23 22 17 16 27 26 21 20 31 30 41 40 35 34 45 44 39 38 33 32 43 42 37 36 47 46 9 8 3 2 13 12 7 6 1 0 11 10 5 4 15 14
26 27 28 29 30 31 16 17 18 19 20 21 22 23 24 25 10 11 12 13 14 15 0 1 2 3 4 5 6 7 8 9 42 43 44 45 46 47 32 33 34 35 36 37 38 39 40 41
27 26 21 20 31 30 25 24 19 18 29 28 23 22 17 16 11 10 5 4 15 14 9 8 3 2 13 12 7 6 1 0 43 42 37 36 47 46 41 40 35 34 45 44 39 38 33 32
28 29 30 31 16 17 18 19 20 21 22 23 24 25 26 27 44 45 46 47 32 33 34 35 36 37 38 39 40 41 42 43 12 13 14 15 0 1 2 3 4 5 6 7 8 9 10 11
29 28 23 22 17 16 27 26 21 20 31 30 25 24 19 18 45 44 39 38 33 32 43 42 37 36 47 46 41 40 35 34 13 12 7 6 1 0 11 10 5 4 15 14 9 8 3 2
30 31 16 17 18 19 20 21 22 23 24 25 26 27 28 29 14 15 0 1 2 3 4 5 6 7 8 9 10 11 12 13 46 47 32 33 34 35 36 37 38 39 40 41 42 43 44 45
31 30 25 24 19 18 29 28 23 22 17 16 27 26 21 20 15 14 9 8 3 2 13 12 7 6 1 0 11 10 5 4 47 46 41 40 35 34 45 44 39 38 33 32 43 42 37 36
32 33 34 35 36 37 38 39 40 41 42 43 44 45 46 47 0 1 2 3 4 5 6 7 8 9 10 11 12 13 14 15 16 17 18 19 20 21 22 23 24 25 26 27 28 29 30 31
33 32 43 42 37 36 47 46 41 40 35 34 45 44 39 38 1 0 11 10 5 4 15 14 9 8 3 2 13 12 7 6 17 16 27 26 21 20 31 30 25 24 19 18 29 28 23 22
34 35 36 37 38 39 40 41 42 43 44 45 46 47 32 33 18 19 20 21 22 23 24 25 26 27 28 29 30 31 16 17 2 3 4 5 6 7 8 9 10 11 12 13 14 15 0 1
35 34 45 44 39 38 33 32 43 42 37 36 47 46 41 40 19 18 29 28 23 22 17 16 27 26 21 20 31 30 25 24 3 2 13 12 7 6 1 0 11 10 5 4 15 14 9 8
36 37 38 39 40 41 42 43 44 45 46 47 32 33 34 35 4 5 6 7 8 9 10 11 12 13 14 15 0 1 2 3 20 21 22 23 24 25 26 27 28 29 30 31 16 17 18 19
37 36 47 46 41 40 35 34 45 44 39 38 33 32 43 42 5 4 15 14 9 8 3 2 13 12 7 6 1 0 11 10 21 20 31 30 25 24 19 18 29 28 23 22 17 16 27 26
38 39 40 41 42 43 44 45 46 47 32 33 34 35 36 37 22 23 24 25 26 27 28 29 30 31 16 17 18 19 20 21 6 7 8 9 10 11 12 13 14 15 0 1 2 3 4 5
39 38 33 32 43 42 37 36 47 46 41 40 35 34 45 44 23 22 17 16 27 26 21 20 31 30 25 24 19 18 29 28 7 6 1 0 11 10 5 4 15 14 9 8 3 2 13 12
40 41 42 43 44 45 46 47 32 33 34 35 36 37 38 39 8 9 10 11 12 13 14 15 0 1 2 3 4 5 6 7 24 25 26 27 28 29 30 31 16 17 18 19 20 21 22 23
41 40 35 34 45 44 39 38 33 32 43 42 37 36 47 46 9 8 3 2 13 12 7 6 1 0 11 10 5 4 15 14 25 24 19 18 29 28 23 22 17 16 27 26 21 20 31 30
42 43 44 45 46 47 32 33 34 35 36 37 38 39 40 41 26 27 28 29 30 31 16 17 18 19 20 21 22 23 24 25 10 11 12 13 14 15 0 1 2 3 4 5 6 7 8 9
43 42 37 36 47 46 41 40 35 34 45 44 39 38 33 32 27 26 21 20 31 30 25 24 19 18 29 28 23 22 17 16 11 10 5 4 15 14 9 8 3 2 13 12 7 6 1 0
44 45 46 47 32 33 34 35 36 37 38 39 40 41 42 43 12 13 14 15 0 1 2 3 4 5 6 7 8 9 10 11 28 29 30 31 16 17 18 19 20 21 22 23 24 25 26 27
45 44 39 38 33 32 43 42 37 36 47 46 41 40 35 34 13 12 7 6 1 0 11 10 5 4 15 14 9 8 3 2 29 28 23 22 17 16 27 26 21 20 31 30 25 24 19 18
46 47 32 33 34 35 36 37 38 39 40 41 42 43 44 45 30 31 16 17 18 19 20 21 22 23 24 25 26 27 28 29 14 15 0 1 2 3 4 5 6 7 8 9 10 11 12 13
47 46 41 40 35 34 45 44 39 38 33 32 43 42 37 36 31 30 25 24 19 18 29 28 23 22 17 16 27 26 21 20 15 14 9 8 3 2 13 12 7 6 1 0 11 10 5 4
Z3:Z4xZ2:Z2
0 1 2 3 4 5 6 7 8 9 10 11 12 13 14 15 16 17 18 19 20 21 22 23 24 25 26 27 28 29 30 31 32 33 34 35 36 37 38 39 40 41 42 43 44 45 46 47
1 0 11 10 5 4 15 14 9 8 3 2 13 12 7 6 17 16 27 26 21 20 31 30 25 24 19 18 29 28 23 22 33 32 43 42 37 36 47 46 41 40 35 34 45 44 39 38
2 3 0 1 6 7 4 5 10 11 8 9 14 15 12 13 18 19 16 17 22 23 20 21 26 27 24 25 30 31 28 29 34 35 32 33 38 39 36 37 42 43 40 41 46 47 44 45
3 2 9 8 7 6 13 12 11 10 1 0 15 14 5 4 19 18 25 24 23 22 29 28 27 26 17 16 31 30 21 20 35 34 41 40 39 38 45 44 43 42 33 32 47 46 37 36
4 5 6 7 8 9 10 11 12 13 14 15 0 1 2 3 20 21 22 23 24 25 26 27 28 29 30 31 16 17 18 19 36 37 38 39 40 41 42 43 44 45 46 47 32 33 34 35
5 4 15 14 9 8 3 2 13 12 7 6 1 0 11 10 21 20 31 30 25 24 19 18 29 28 23 22 17 16 27 26 37 36 47 46 41 40 35 34 45 44 39 38 33 32 43 42
6 7 4 5 10 11 8 9 14 15 12 13 2 3 0 1 22 23 20 21 26 27 24 25 30 31 28 29 18 19 16 17 38 39 36 37 42 43 40 41 46 47 44 45 34 35 32 33
7 6 13 12 11 10 1 0 15 14 5 4 3 2 9 8 23 22 29 28 27 26 17 16 31 30 21 20 19 18 25 24 39 38 45 44 43 42 33 32 47 46 37 36 35 34 41 40
8 9 10 11 12 13 14 15 0 1 2 3 4 5 6 7 24 25 26 27 28 29 30 31 16 17 18 19 20 21 22 23 40 41 42 43 44 45 46 47 32 33 34 35 36 37 38 39
9 8 3 2 13 12 7 6 1 0 11 10 5 4 15 14 25 24 19 18 29 28 23 22 17 16 27 26 21 20 31 30 41 40 35 34 45 44 39 38 33 32 43 42 37 36 47 46
10 11 8 9 14 15 12 13 2 3 0 1 6 7 4 5 26 27 24 25 30 31 28 29 18 19 16 17 22 23 20 21 42 43 40 41 46 47 44 45 34 35 32 33 38 39 36 37
11 10 1 0 15 14 5 4 3 2 9 8 7 6 13 12 27 26 17 16 31 30 21 20 19 18 25 24 23 22 29 28 43 42 33 32 47 46 37 36 35 34 41 40 39 38 45 44
12 13 14 15 0 1 2 3 4 5 6 7 8 9 10 11 28 29 30 31 16 17 18 19 20 21 22 23 24 25 26 27 44 45 46 47 32 33 34 35 36 37 38 39 40 41 42 43
13 12 7 6 1 0 11 10 5 4 15 14 9 8 3 2 29 28 23 22 17 16 27 26 21 20 31 30 25 24 19 18 45 44 39 38 33 32 43 42 37 36 47 46 41 40 35 34
14 15 12 13 2 3 0 1 6 7 4 5 10 11 8 9 30 31 28 29 18 19 16 17 22 23 20 21 26 27 24 25 46 47 44 45 34 35 32 33 38 39 36 37 42 43 40 41
15 14 5 4 3 2 9 8 7 6 13 12 11 10 1 0 31 30 21 20 19 18 25 24 23 22 29 28 27 26 17 16 47 46 37 36 35 34 41 40 39 38 45 44 43 42 33 32
16 17 18 19 20 21 22 23 24 25 26 27 28 29 30 31 32 33 34 35 36 37 38 39 40 41 42 43 44 45 46 47 0 1 2 3 4 5 6 7 8 9 10 11 12 13 14 15
17 16 27 26 21 20 31 30 25 24 19 18 29 28 23 22 33 32 43 42 37 36 47 46 41 40 35 34 45 44 39 38 1 0 11 10 5 4 15 14 9 8 3 2 13 12 7 6
18 19 16 17 22 23 20 21 26 27 24 25 30 31 28 29 34 35 32 33 38 39 36 37 42 43 40 41 46 47 44 45 2 3 0 1 6 7 4 5 10 11 8 9 14 15 12 13
19 18 25 24 23 22 29 28 27 26 17 16 31 30 21 20 35 34 41 40 39 38 45 44 43 42 33 32 47 46 37 36 3 2 9 8 7 6 13 12 11 10 1 0 15 14 5 4
20 21 22 23 24 25 26 27 28 29 30 31 16 17 18 19 36 37 38 39 40 41 42 43 44 45 46 47 32 33 34 35 4 5 6 7 8 9 10 11 12 13 14 15 0 1 2 3
21 20 31 30 25 24 19 18 29 28 23 22 17 16 27 26 37 36 47 46 41 40 35 34 45 44 39 38 33 32 43 42 5 4 15 14 9 8 3 2 13 12 7 6 1 0 11 10
22 23 20 21 26 27 24 25 30 31 28 29 18 19 16 17 38 39 36 37 42 43 40 41 46 47 44 45 34 35 32 33 6 7 4 5 10 11 8 9 14 15 12 13 2 3 0 1
23 22 29 28 27 26 17 16 31 30 21 20 19 18 25 24 39 38 45 44 43 42 33 32 47 46 37 36 35 34 41 40 7 6 13 12 11 10 1 0 15 14 5 4 3 2 9 8
24 25 26 27 28 29 30 31 16 17 18 19 20 21 22 23 40 41 42 43 44 45 46 47 32 33 34 35 36 37 38 39 8 9 10 11 12 13 14 15 0 1 2 3 4 5 6 7
25 24 19 18 29 28 23 22 17 16 27 26 21 20 31 30 41 40 35 34 45 44 39 38 33 32 43 42 37 36 47 46 9 8 3 2 13 12 7 6 1 0 11 10 5 4 15 14
26 27 24 25 30 31 28 29 18 19 16 17 22 23 20 21 42 43 40 41 46 47 44 45 34 35 32 33 38 39 36 37 10 11 8 9 14 15 12 13 2 3 0 1 6 7 4 5
27 26 17 16 31 30 21 20 19 18 25 24 23 22 29 28 43 42 33 32 47 46 37 36 35 34 41 40 39 38 45 44 11 10 1 0 15 14 5 4 3 2 9 8 7 6 13 12
28 29 30 31 16 17 18 19 20 21 22 23 24 25 26 27 44 45 46 47 32 33 34 35 36 37 38 39 40 41 42 43 12 13 14 15 0 1 2 3 4 5 6 7 8 9 10 11
29 28 23 22 17 16 27 26 21 20 31 30 25 24 19 18 45 44 39 38 33 32 43 42 37 36 47 46 41 40 35 34 13 12 7 6 1 0 11 10 5 4 15 14 9 8 3 2
30 31 28 29 18 19 16 17 22 23 20 21 26 27 24 25 46 47 44 45 34 35 32 33 38 39 36 37 42 43 40 41 14 15 12 13 2 3 0 1 6 7 4 5 10 11 8 9
31 30 21 20 19 18 25 24 23 22 29 28 27 26 17 16 47 46 37 36 35 34 41 40 39 38 45 44 43 42 33 32 15 14 5 4 3 2 9 8 7 6 13 12 11 10 1 0
32 33 34 35 36 37 38 39 40 41 42 43 44 45 46 47 0 1 2 3 4 5 6 7 8 9 10 11 12 13 14 15 16 17 18 19 20 21 22 23 24 25 26 27 28 29 30 31
33 32 43 42 37 36 47 46 41 40 35 34 45 44 39 38 1 0 11 10 5 4 15 14 9 8 3 2 13 12 7 6 17 16 27 26 21 20 31 30 25 24 19 18 29 28 23 22
34 35 32 33 38 39 36 37 42 43 40 41 46 47 44 45 2 3 0 1 6 7 4 5 10 11 8 9 14 15 12 13 18 19 16 17 22 23 20 21 26 27 24 25 30 31 28 29
35 34 41 40 39 38 45 44 43 42 33 32 47 46 37 36 3 2 9 8 7 6 13 12 11 10 1 0 15 14 5 4 19 18 25 24 23 22 29 28 27 26 17 16 31 30 21 20
36 37 38 39 40 41 42 43 44 45 46 47 32 33 34 35 4 5 6 7 8 9 10 11 12 13 14 15 0 1 2 3 20 21 22 23 24 25 26 27 28 29 30 31 16 17 18 19
37 36 47 46 41 40 35 34 45 44 39 38 33 32 43 42 5 4 15 14 9 8 3 2 13 12 7 6 1 0 11 10 21 20 31 30 25 24 19 18 29 28 23 22 17 16 27 26
38 39 36 37 42 43 40 41 46 47 44 45 34 35 32 33 6 7 4 5 10 11 8 9 14 15 12 13 2 3 0 1 22 23 20 21 26 27 24 25 30 31 28 29 18 19 16 17
39 38 45 44 43 42 33 32 47 46 37 36 35 34 41 40 7 6 13 12 11 10 1 0 15 14 5 4 3 2 9 8 23 22 29 28 27 26 17 16 31 30 21 20 19 18 25 24
40 41 42 43 44 45 46 47 32 33 34 35 36 37 38 39 8 9 10 11 12 13 14 15 0 1 2 3 4 5 6 7 24 25 26 27 28 29 30 31 16 17 18 19 20 21 22 23
41 40 35 34 45 44 39 38 33 32 43 42 37 36 47 46 9 8 3 2 13 12 7 6 1 0 11 10 5 4 15 14 25 24 19 18 29 28 23 22 17 16 27 26 21 20 31 30
42 43 40 41 46 47 44 45 34 35 32 33 38 39 36 37 10 11 8 9 14 15 12 13 2 3 0 1 6 7 4 5 26 27 24 25 30 31 28 29 18 19 16 17 22 23 20 21
43 42 33 32 47 46 37 36 35 34 41 40 39 38 45 44 11 10 1 0 15 14 5 4 3 2 9 8 7 6 13 12 27 26 17 16 31 30 21 20 19 18 25 24 23 22 29 28
44 45 46 47 32 33 34 35 36 37 38 39 40 41 42 43 12 13 14 15 0 1 2 3 4 5 6 7 8 9 10 11 28 29 30 31 16 17 18 19 20 21 22 23 24 25 26 27
45 44 39 38 33 32 43 42 37 36 47 46 41 40 35 34 13 12 7 6 1 0 11 10 5 4 15 14 9 8 3 2 29 28 23 22 17 16 27 26 21 20 31 30 25 24 19 18
46 47 44 45 34 35 32 33 38 39 36 37 42 43 40 41 14 15 12 13 2 3 0 1 6 7 4 5 10 11 8 9 30 31 28 29 18 19 16 17 22 23 20 21 26 27 24 25
47 46 37 36 35 34 41 40 39 38 45 44 43 42 33 32 15 14 5 4 3 2 9 8 7 6 13 12 11 10 1 0 31 30 21 20 19 18 25 24 23 22 29 28 27 26 17 16
Z3:Z4xZ2:Z2
0 1 2 3 4 5 6 7 8 9 10 11 12 13 14 15 16 17 18 19 20 21 22 23 24 25 26 27 28 29 30 31 32 33 34 35 36 37 38 39 40 41 42 43 44 45 46 47
1 0 11 10 5 4 15 14 9 8 3 2 13 12 7 6 17 16 27 26 21 20 31 30 25 24 19 18 29 28 23 22 33 32 43 42 37 36 47 46 41 40 35 34 45 44 39 38
2 3 0 1 6 7 4 5 10 11 8 9 14 15 12 13 18 19 16 17 22 23 20 21 26 27 24 25 30 31 28 29 34 35 32 33 38 39 36 37 42 43 40 41 46 47 44 45
3 2 9 8 7 6 13 12 11 10 1 0 15 14 5 4 19 18 25 24 23 22 29 28 27 26 17 16 31 30 21 20 35 34 41 40 39 38 45 44 43 42 33 32 47 46 37 36
4 5 6 7 8 9 10 11 12 13 14 15 0 1 2 3 36 37 38 39 40 41 42 43 44 45 46 47 32 33 34 35 20 21 22 23 24 25 26 27 28 29 30 31 16 17 18 19
5 4 15 14 9 8 3 2 13 12 7 6 1 0 11 10 37 36 47 46 41 40 35 34 45 44 39 38 33 32 43 42 21 20 31 30 25 24 19 18 29 28 23 22 17 16 27 26
6 7 4 5 10 11 8 9 14 15 12 13 2 3 0 1 38 39 36 37 42 43 40 41 46 47 44 45 34 35 32 33 22 23 20 21 26 27 24 25 30 31 28 29 18 19 16 17
7 6 13 12 11 10 1 0 15 14 5 4 3 2 9 8 39 38 45 44 43 42 33 32 47 46 37 36 35 34 41 40 23 22 29 28 27 26 17 16 31 30 21 20 19 18 25 24
8 9 10 11 12 13 14 15 0 1 2 3 4 5 6 7 24 25 26 27 28 29 30 31 16 17 18 19 20 21 22 23 40 41 42 43 44 45 46 47 32 33 34 35 36 37 38 39
9 8 3 2 13 12 7 6 1 0 11 10 5 4 15 14 25 24 19 18 29 28 23 22 17 16 27 26 21 20 31 30 41 40 35 34 45 44 39 38 33 32 43 42 37 36 47 46
10 11 8 9 14 15 12 13 2 3 0 1 6 7 4 5 26 27 24 25 30 31 28 29 18 19 16 17 22 23 20 21 42 43 40 41 46 47 44 45 34 35 32 33 38 39 36 37
11 10 1 0 15 14 5 4 3 2 9 8 7 6 13 12 27 26 17 16 31 30 21 20 19 18 25 24 23 22 29 28 43 42 33 32 47 46 37 36 35 34 41 40 39 38 45 44
12 13 14 15 0 1 2 3 4 5 6 7 8 9 10 11 44 45 46 47 32 33 34 35 36 37 38 39 40 41 42 43 28 29 30 31 16 17 18 19 20 21 22 23 24 25 26 27
13 12 7 6 1 0 11 10 5 4 15 14 9 8 3 2 45 44 39 38 33 32 43 42 37 36 47 46 41 40 35 34 29 28 23 22 17 16 27 26 21 20 31 30 25 24 19 18
14 15 12 13 2 3 0 1 6 7 4 5 10 11 8 9 46 47 44 45 34 35 32 33 38 39 36 37 42 43 40 41 30 31 28 29 18 19 16 17 22 23 20 21 26 27 24 25
15 14 5 4 3 2 9 8 7 6 13 12 11 10 1 0 47 46 37 36 35 34 41 40 39 38 45 44 43 42 33 32 31 30 21 20 19 18 25 24 23 22 29 28 27 26 17 16
16 17 18 19 20 21 22 23 24 25 26 27 28 29 30 31 32 33 34 35 36 37 38 39 40 41 42 43 44 45 46 47 0 1 2 3 4 5 6 7 8 9 10 11 12 13 14 15
17 16 27 26 21 20 31 30 25 24 19 18 29 28 23 22 33 32 43 42 37 36 47 46 41 40 35 34 45 44 39 38 1 0 11 10 5 4 15 14 9 8 3 2 13 12 7 6
18 19 16 17 22 23 20 21 26 27 24 25 30 31 28 29 34 35 32 33 38 39 36 37 42 43 40 41 46 47 44 45 2 3 0 1 6 7 4 5 10 11 8 9 14 15 12 13
19 18 25 24 23 22 29 28 27 26 17 16 31 30 21 20 35 34 41 40 39 38 45 44 43 42 33 32 47 46 37 36 3 2 9 8 7 6 13 12 11 10 1 0 15 14 5 4
20 21 22 23 24 25 26 27 28 29 30 31 16 17 18 19 4 5 6 7 8 9 10 11 12 13 14 15 0 1 2 3 36 37 38 39 40 41 42 43 44 45 46 47 32 33 34 35
21 20 31 30 25 24 19 18 29 28 23 22 17 16 27 26 5 4 15 14 9 8 3 2 13 12 7 6 1 0 11 10 37 36 47 46 41 40 35 34 45 44 39 38 33 32 43 42
22 23 20 21 26 27 24 25 30 31 28 29 18 19 16 17 6 7 4 5 10 11 8 9 14 15 12 13 2 3 0 1 38 39 36 37 42 43 40 41 46 47 44 45 34 35 32 33
23 22 29 28 27 26 17 16 31 30 21 20 19 18 25 24 7 6 13 12 11 10 1 0 15 14 5 4 3 2 9 8 39 38 45 44 43 42 33 32 47 46 37 36 35 34 41 40
24 25 26 27 28 29 30 31 16 17 18 19 20 21 22 23 40 41 42 43 44 45 46 47 32 33 34 35 36 37 38 39 8 9 10 11 12 13 14 15 0 1 2 3 4 5 6 7
25 24 19 18 29 28 23 22 17 16 27 26 21 20 31 30 41 40 35 34 45 44 39 38 33 32 43 42 37 36 47 46 9 8 3 2 13 12 7 6 1 0 11 10 5 4 15 14
26 27 24 25 30 31 28 29 18 19 16 17 22 23 20 21 42 43 40 41 46 47 44 45 34 35 32 33 38 39 36 37 10 11 8 9 14 15 12 13 2 3 0 1 6 7 4 5
27 26 17 16 31 30 21 20 19 18 25 24 23 22 29 28 43 42 33 32 47 46 37 36 35 34 41 40 39 38 45 44 11 10 1 0 15 14 5 4 3 2 9 8 7 6 13 12
28 29 30 31 16 17 18 19 20 21 22 23 24 25 26 27 12 13 14 15 0 1 2 3 4 5 6 7 8 9 10 11 44 45 46 47 32 33 34 35 36 37 38 39 40 41 42 43
29 28 23 22 17 16 27 26 21 20 31 30 25 24 19 18 13 12 7 6 1 0 11 10 5 4 15 14 9 8 3 2 45 44 39 38 33 32 43 42 37 36 47 46 41 40 35 34
30 31 28 29 18 19 16 17 22 23 20 21 26 27 24 25 14 15 12 13 2 3 0 1 6 7 4 5 10 11 8 9 46 47 44 45 34 35 32 33 38 39 36 37 42 43 40 41
31 30 21 20 19 18 25 24 23 22 29 28 27 26 17 16 15 14 5 4 3 2 9 8 7 6 13 12 11 10 1 0 47 46 37 36 35 34 41 40 39 38 45 44 43 42 33 32
32 33 34 35 36 37 38 39 40 41 42 43 44 45 46 47 0 1 2 3 4 5 6 7 8 9 10 11 12 13 14 15 16 17 18 19 20 21 22 23 24 25 26 27 28 29 30 31
33 32 43 42 37 36 47 46 41 40 35 34 45 44 39 38 1 0 11 10 5 4 15 14 9 8 3 2 13 12 7 6 17 16 27 26 21 20 31 30 25 24 19 18 29 28 23 22
34 35 32 33 38 39 36 37 42 43 40 41 46 47 44 45 2 3 0 1 6 7 4 5 10 11 8 9 14 15 12 13 18 19 16 17 22 23 20 21 26 27 24 25 30 31 28 29
35 34 41 40 39 38 45 44 43 42 33 32 47 46 37 36 3 2 9 8 7 6 13 12 11 10 1 0 15 14 5 4 19 18 25 24 23 22 29 28 27 26 17 16 31 30 21 20
36 37 38 39 40 41 42 43 44 45 46 47 32 33 34 35 20 21 22 23 24 25 26 27 28 29 30 31 16 17 18 19 4 5 6 7 8 9 10 11 12 13 14 15 0 1 2 3
37 36 47 46 41 40 35 34 45 44 39 38 33 32 43 42 21 20 31 30 25 24 19 18 29 28 23 22 17 16 27 26 5 4 15 14 9 8 3 2 13 12 7 6 1 0 11 10
38 39 36 37 42 43 40 41 46 47 44 45 34 35 32 33 22 23 20 21 26 27 24 25 30 31 28 29 18 19 16 17 6 7 4 5 10 11 8 9 14 15 12 13 2 3 0 1
39 38 45 44 43 42 33 32 47 46 37 36 35 34 41 40 23 22 29 28 27 26 17 16 31 30 21 20 19 18 25 24 7 6 13 12 11 10 1 0 15 14 5 4 3 2 9 8
40 41 42 43 44 45 46 47 32 33 34 35 36 37 38 39 8 9 10 11 12 13 14 15 0 1 2 3 4 5 6 7 24 25 26 27 28 29 30 31 16 17 18 19 20 21 22 23
41 40 35 34 45 44 39 38 33 32 43 42 37 36 47 46 9 8 3 2 13 12 7 6 1 0 11 10 5 4 15 14 25 24 19 18 29 28 23 22 17 16 27 26 21 20 31 30
42 43 40 41 46 47 44 45 34 35 32 33 38 39 36 37 10 11 8 9 14 15 12 13 2 3 0 1 6 7 4 5 26 27 24 25 30 31 28 29 18 19 16 17 22 23 20 21
43 42 33 32 47 46 37 36 35 34 41 40 39 38 45 44 11 10 1 0 15 14 5 4 3 2 9 8 7 6 13 12 27 26 17 16 31 30 21 20 19 18 25 24 23 22 29 28
44 45 46 47 32 33 34 35 36 37 38 39 40 41 42 43 28 29 30 31 16 17 18 19 20 21 22 23 24 25 26 27 12 13 14 15 0 1 2 3 4 5 6 7 8 9 10 11
45 44 39 38 33 32 43 42 37 36 47 46 41 40 35 34 29 28 23 22 17 16 27 26 21 20 31 30 25 24 19 18 13 12 7 6 1 0 11 10 5 4 15 14 9 8 3 2
46 47 44 45 34 35 32 33 38 39 36 37 42 43 40 41 30 31 28 29 18 19 16 17 22 23 20 21 26 27 24 25 14 15 12 13 2 3 0 1 6 7 4 5 10 11 8 9
47 46 37 36 35 34 41 40 39 38 45 44 43 42 33 32 31 30 21 20 19 18 25 24 23 22 29 28 27 26 17 16 15 14 5 4 3 2 9 8 7 6 13 12 11 10 1 0
Z3:Z4xZ2:Z2
0 1 2 3 4 5 6 7 8 9 10 11 12 13 14 15 16 17 18 19 20 21 22 23 24 25 26 27 28 29 30 31 32 33 34 35 36 37 38 39 40 41 42 43 44 45 46 47
1 0 11 10 5 4 15 14 9 8 3 2 13 12 7 6 33 32 43 42 37 36 47 46 41 40 35 34 45 44 39 38 17 16 27 26 21 20 31 30 25 24 19 18 29 28 23 22
2 3 0 1 6 7 4 5 10 11 8 9 14 15 12 13 34 35 32 33 38 39 36 37 42 43 40 41 46 47 44 45 18 19 16 17 22 23 20 21 26 27 24 25 30 31 28 29
3 2 9 8 7 6 13 12 11 10 1 0 15 14 5 4 19 18 25 24 23 22 29 28 27 26 17 16 31 30 21 20 35 34 41 40 39 38 45 44 43 42 33 32 47 46 37 36
4 5 6 7 8 9 10 11 12 13 14 15 0 1 2 3 20 21 22 23 24 25 26 27 28 29 30 31 16 17 18 19 36 37 38 39 40 41 42 43 44 45 46 47 32 33 34 35
5 4 15 14 9 8 3 2 13 12 7 6 1 0 11 10 37 36 47 46 41 40 35 34 45 44 39 38 33 32 43 42 21 20 31 30 25 24 19 18 29 28 23 22 17 16 27 26
6 7 4 5 10 11 8 9 14 15 12 13 2 3 0 1 38 39 36 37 42 43 40 41 46 47 44 45 34 35 32 33 22 23 20 21 26 27 24 25 30 31 28 29 18 19 16 17
7 6 13 12 11 10 1 0 15 14 5 4 3 2 9 8 23 22 29 28 27 26 17 16 31 30 21 20 19 18 25 24 39 38 45 44 43 42 33 32 47 46 37 36 35 34 41 40
8 9 10 11 12 13 14 15 0 1 2 3 4 5 6 7 24 25 26 27 28 29 30 31 16 17 18 19 20 21 22 23 40 41 42 43 44 45 46 47 32 33 34 35 36 37 38 39
9 8 3 2 13 12 7 6 1 0 11 10 5 4 15 14 41 40 35 34 45 44 39 38 33 32 43 42 37 36 47 46 25 24 19 18 29 28 23 22 17 16 27 26 21 20 31 30
10 11 8 9 14 15 12 13 2 3 0 1 6 7 4 5 42 43 40 41 46 47 44 45 34 35 32 33 38 39 36 37 26 27 24 25 30 31 28 29 18 19 16 17 22 23 20 21
11 10 1 0 15 14 5 4 3 2 9 8 7 6 13 12 27 26 17 16 31 30 21 20 19 18 25 24 23 22 29 28 43 42 33 32 47 46 37 36 35 34 41 40 39 38 45 44
12 13 14 15 0 1 2 3 4 5 6 7 8 9 10 11 28 29 30 31 16 17 18 19 20 21 22 23 24 25 26 27 44 45 46 47 32 33 34 35 36 37 38 39 40 41 42 43
13 12 7 6 1 0 11 10 5 4 15 14 9 8 3 2 45 44 39 38 33 32 43 42 37 36 47 46 41 40 35 34 29 28 23 22 17 16 27 26 21 20 31 30 25 24 19 18
14 15 12 13 2 3 0 1 6 7 4 5 10 11 8 9 46 47 44 45 34 35 32 33 38 39 36 37 42 43 40 41 30 31 28 29 18 19 16 17 22 23 20 21 26 27 24 25
15 14 5 4 3 2 9 8 7 6 13 12 11 10 1 0 31 30 21 20 19 18 25 24 23 22 29 28 27 26 17 16 47 46 37 36 35 34 41 40 39 38 45 44 43 42 33 32
16 17 18 19 20 21 22 23 24 25 26 27 28 29 30 31 32 33 34 35 36 37 38 39 40 41 42 43 44 45 46 47 0 1 2 3 4 5 6 7 8 9 10 11 12 13 14 15
17 16 27 26 21 20 31 30 25 24 19 18 29 28 23 22 1 0 11 10 5 4 15 14 9 8 3 2 13 12 7 6 33 32 43 42 37 36 47 46 41 40 35 34 45 44 39 38
18 19 16 17 22 23 20 21 26 27 24 25 30 31 28 29 2 3 0 1 6 7 4 5 10 11 8 9 14 15 12 13 34 35 32 33 38 39 36 37 42 43 40 41 46 47 44 45
19 18 25 24 23 22 29 28 27 26 17 16 31 30 21 20 35 34 41 40 39 38 45 44 43 42 33 32 47 46 37 36 3 2 9 8 7 6 13 12 11 10 1 0 15 14 5 4
20 21 22 23 24 25 26 27 28 29 30 31 16 17 18 19 36 37 38 39 40 41 42 43 44 45 46 47 32 33 34 35 4 5 6 7 8 9 10 11 12 13 14 15 0 1 2 3
21 20 31 30 25 24 19 18 29 28 23 22 17 16 27 26 5 4 15 14 9 8 3 2 13 12 7 6 1 0 11 10 37 36 47 46 41 40 35 34 45 44 39 38 33 32 43 42
22 23 20 21 26 27 24 25 30 31 28 29 18 19 16 17 6 7 4 5 10 11 8 9 14 15 12 13 2 3 0 1 38 39 36 37 42 43 40 41 46 47 44 45 34 35 32 33
23 22 29 28 27 26 17 16 31 30 21 20 19 18 25 24 39 38 45 44 43 42 33 32 47 46 37 36 35 34 41 40 7 6 13 12 11 10 1 0 15 14 5 4 3 2 9 8
24 25 26 27 28 29 30 31 16 17 18 19 20 21 22 23 40 41 42 43 44 45 46 47 32 33 34 35 36 37 38 39 8 9 10 11 12 13 14 15 0 1 2 3 4 5 6 7
25 24 19 18 29 28 23 22 17 16 27 26 21 20 31 30 9 8 3 2 13 12 7 6 1 0 11 10 5 4 15 14 41 40 35 34 45 44 39 38 33 32 43 42 37 36 47 46
26 27 24 25 30 31 28 29 18 19 16 17 22 23 20 21 10 11 8 9 14 15 12 13 2 3 0 1 6 7 4 5 42 43 40 41 46 47 44 45 34 35 32 33 38 39 36 37
27 26 17 16 31 30 21 20 19 18 25 24 23 22 29 28 43 42 33 32 47 46 37 36 35 34 41 40 39 38 45 44 11 10 1 0 15 14 5 4 3 2 9 8 7 6 13 12
28 29 30 31 16 17 18 19 20 21 22 23 24 25 26 27 44 45 46 47 32 33 34 35 36 37 38 39 40 41 42 43 12 13 14 15 0 1 2 3 4 5 6 7 8 9 10 11
29 28 23 22 17 16 27 26 21 20 31 30 25 24 19 18 13 12 7 6 1 0 11 10 5 4 15 14 9 8 3 2 45 44 39 38 33 32 43 42 37 36 47 46 41 40 35 34
30 31 28 29 18 19 16 17 22 23 20 21 26 27 24 25 14 15 12 13 2 3 0 1 6 7 4 5 10 11 8 9 46 47 44 45 34 35 32 33 38 39 36 37 42 43 40 41
31 30 21 20 19 18 25 24 23 22 29 28 27 26 17 16 47 46 37 36 35 34 41 40 39 38 45 44 43 42 33 32 15 14 5 4 3 2 9 8 7 6 13 12 11 10 1 0
32 33 34 35 36 37 38 39 40 41 42 43 44 45 46 47 0 1 2 3 4 5 6 7 8 9 10 11 12 13 14 15 16 17 18 19 20 21 22 23 24 25 26 27 28 29 30 31
33 32 43 42 37 36 47 46 41 40 35 34 45 44 39 38 17 16 27 26 21 20 31 30 25 24 19 18 29 28 23 22 1 0 11 10 5 4 15 14 9 8 3 2 13 12 7 6
34 35 32 33 38 39 36 37 42 43 40 41 46 47 44 45 18 19 16 17 22 23 20 21 26 27 24 25 30 31 28 29 2 3 0 1 6 7 4 5 10 11 8 9 14 15 12 13
35 34 41 40 39 38 45 44 43 42 33 32 47 46 37 36 3 2 9 8 7 6 13 12 11 10 1 0 15 14 5 4 19 18 25 24 23 22 29 28 27 26 17 16 31 30 21 20
36 37 38 39 40 41 42 43 44 45 46 47 32 33 34 35 4 5 6 7 8 9 10 11 12 13 14 15 0 1 2 3 20 21 22 23 24 25 26 27 28 29 30 31 16 17 18 19
37 36 47 46 41 40 35 34 45 44 39 38 33 32 43 42 21 20 31 30 25 24 19 18 29 28 23 22 17 16 27 26 5 4 15 14 9 8 3 2 13 12 7 6 1 0 11 10
38 39 36 37 42 43 40 41 46 47 44 45 34 35 32 33 22 23 20 21 26 27 24 25 30 31 28 29 18 19 16 17 6 7 4 5 10 11 8 9 14 15 12 13 2 3 0 1
39 38 45 44 43 42 33 32 47 46 37 36 35 34 41 40 7 6 13 12 11 10 1 0 15 14 5 4 3 2 9 8 23 22 29 28 27 26 17 16 31 30 21 20 19 18 25 24
40 41 42 43 44 45 46 47 32 33 34 35 36 37 38 39 8 9 10 11 12 13 14 15 0 1 2 3 4 5 6 7 24 25 26 27 28 29 30 31 16 17 18 19 20 21 22 23
41 40 35 34 45 44 39 38 33 32 43 42 37 36 47 46 25 24 19 18 29 28 23 22 17 16 27 26 21 20 31 30 9 8 3 2 13 12 7 6 1 0 11 10 5 4 15 14
42 43 40 41 46 47 44 45 34 35 32 33 38 39 36 37 26 27 24 25 30 31 28 29 18 19 16 17 22 23 20 21 10 11 8 9 14 15 12 13 2 3 0 1 6 7 4 5
43 42 33 32 47 46 37 36 35 34 41 40 39 38 45 44 11 10 1 0 15 14 5 4 3 2 9 8 7 6 13 12 27 26 17 16 31 30 21 20 19 18 25 24 23 22 29 28
44 45 46 47 32 33 34 35 36 37 38 39 40 41 42 43 12 13 14 15 0 1 2 3 4 5 6 7 8 9 10 11 28 29 30 31 16 17 18 19 20 21 22 23 24 25 26 27
45 44 39 38 33 32 43 42 37 36 47 46 41 40 35 34 29 28 23 22 17 16 27 26 21 20 31 30 25 24 19 18 13 12 7 6 1 0 11 10 5 4 15 14 9 8 3 2
46 47 44 45 34 35 32 33 38 39 36 37 42 43 40 41 30 31 28 29 18 19 16 17 22 23 20 21 26 27 24 25 14 15 12 13 2 3 0 1 6 7 4 5 10 11 8 9
47 46 37 36 35 34 41 40 39 38 45 44 43 42 33 32 15 14 5 4 3 2 9 8 7 6 13 12 11 10 1 0 31 30 21 20 19 18 25 24 23 22 29 28 27 26 17 16
Z3:Z4xZ2:Z2
0 1 2 3 4 5 6 7 8 9 10 11 12 13 14 15 16 17 18 19 20 21 22 23 24 25 26 27 28 29 30 31 32 33 34 35 36 37 38 39 40 41 42 43 44 45 46 47
1 0 11 10 5 4 15 14 9 8 3 2 13 12 7 6 33 32 43 42 37 36 47 46 41 40 35 34 45 44 39 38 17 16 27 26 21 20 31 30 25 24 19 18 29 28 23 22
2 3 0 1 6 7 4 5 10 11 8 9 14 15 12 13 34 35 32 33 38 39 36 37 42 43 40 41 46 47 44 45 18 19 16 17 22 23 20 21 26 27 24 25 30 31 28 29
3 2 9 8 7 6 13 12 11 10 1 0 15 14 5 4 19 18 25 24 23 22 29 28 27 26 17 16 31 30 21 20 35 34 41 40 39 38 45 44 43 42 33 32 47 46 37 36
4 5 6 7 8 9 10 11 12 13 14 15 0 1 2 3 36 37 38 39 40 41 42 43 44 45 46 47 32 33 34 35 20 21 22 23 24 25 26 27 28 29 30 31 16 17 18 19
5 4 15 14 9 8 3 2 13 12 7 6 1 0 11 10 21 20 31 30 25 24 19 18 29 28 23 22 17 16 27 26 37 36 47 46 41 40 35 34 45 44 39 38 33 32 43 42
6 7 4 5 10 11 8 9 14 15 12 13 2 3 0 1 22 23 20 21 26 27 24 25 30 31 28 29 18 19 16 17 38 39 36 37 42 43 40 41 46 47 44 45 34 35 32 33
7 6 13 12 11 10 1 0 15 14 5 4 3 2 9 8 39 38 45 44 43 42 33 32 47 46 37 36 35 34 41 40 23 22 29 28 27 26 17 16 31 30 21 20 19 18 25 24
8 9 10 11 12 13 14 15 0 1 2 3 4 5 6 7 24 25 26 27 28 29 30 31 16 17 18 19 20 21 22 23 40 41 42 43 44 45 46 47 32 33 34 35 36 37 38 39
9 8 3 2 13 12 7 6 1 0 11 10 5 4 15 14 41 40 35 34 45 44 39 38 33 32 43 42 37 36 47 46 25 24 19 18 29 28 23 22 17 16 27 26 21 20 31 30
10 11 8 9 14 15 12 13 2 3 0 1 6 7 4 5 42 43 40 41 46 47 44 45 34 35 32 33 38 39 36 37 26 27 24 25 30 31 28 29 18 19 16 17 22 23 20 21
11 10 1 0 15 14 5 4 3 2 9 8 7 6 13 12 27 26 17 16 31 30 21 20 19 18 25 24 23 22 29 28 43 42 33 32 47 46 37 36 35 34 41 40 39 38 45 44
12 13 14 15 0 1 2 3 4 5 6 7 8 9 10 11 44 45 46 47 32 33 34 35 36 37 38 39 40 41 42 43 28 29 30 31 16 17 18 19 20 21 22 23 24 25 26 27
13 12 7 6 1 0 11 10 5 4 15 14 9 8 3 2 29 28 23 22 17 16 27 26 21 20 31 30 25 24 19 18 45 44 39 38 33 32 43 42 37 36 47 46 41 40 35 34
14 15 12 13 2 3 0 1 6 7 4 5 10 11 8 9 30 31 28 29 18 19 16 17 22 23 20 21 26 27 24 25 46 47 44 45 34 35 32 33 38 39 36 37 42 43 40 41
15 14 5 4 3 2 9 8 7 6 13 12 11 10 1 0 47 46 37 36 35 34 41 40 39 38 45 44 43 42 33 32 31 30 21 20 19 18 25 24 23 22 29 28 27 26 17 16
16 17 18 19 20 21 22 23 24 25 26 27 28 29 30 31 32 33 34 35 36 37 38 39 40 41 42 43 44 45 46 47 0 1 2 3 4 5 6 7 8 9 10 11 12 13 14 15
17 16 27 26 21 20 31 30 25 24 19 18 29 28 23 22 1 0 11 10 5 4 15 14 9 8 3 2 13 12 7 6 33 32 43 42 37 36 47 46 41 40 35 34 45 44 39 38
18 19 16 17 22 23 20 21 26 27 24 25 30 31 28 29 2 3 0 1 6 7 4 5 10 11 8 9 14 15 12 13 34 35 32 33 38 39 36 37 42 43 40 41 46 47 44 45
19 18 25 24 23 22 29 28 27 26 17 16 31 30 21 20 35 34 41 40 39 38 45 44 43 42 33 32 47 46 37 36 3 2 9 8 7 6 13 12 11 10 1 0 15 14 5 4
20 21 22 23 24 25 26 27 28 29 30 31 16 17 18 19 4 5 6 7 8 9 10 11 12 13 14 15 0 1 2 3 36 37 38 39 40 41 42 43 44 45 46 47 32 33 34 35
21 20 31 30 25 24 19 18 29 28 23 22 17 16 27 26 37 36 47 46 41 40 35 34 45 44 39 38 33 32 43 42 5 4 15 14 9 8 3 2 13 12 7 6 1 0 11 10
22 23 20 21 26 27 24 25 30 31 28 29 18 19 16 17 38 39 36 37 42 43 40 41 46 47 44 45 34 35 32 33 6 7 4 5 10 11 8 9 14 15 12 13 2 3 0 1
23 22 29 28 27 26 17 16 31 30 21 20 19 18 25 24 7 6 13 12 11 10 1 0 15 14 5 4 3 2 9 8 39 38 45 44 43 42 33 32 47 46 37 36 35 34 41 40
24 25 26 27 28 29 30 31 16 17 18 19 20 21 22 23 40 41 42 43 44 45 46 47 32 33 34 35 36 37 38 39 8 9 10 11 12 13 14 15 0 1 2 3 4 5 6 7
25 24 19 18 29 28 23 22 17 16 27 26 21 20 31 30 9 8 3 2 13 12 7 6 1 0 11 10 5 4 15 14 41 40 35 34 45 44 39 38 33 32 43 42 37 36 47 46
26 27 24 25 30 31 28 29 18 19 16 17 22 23 20 21 10 11 8 9 14 15 12 13 2 3 0 1 6 7 4 5 42 43 40 41 46 47 44 45 34 35 32 33 38 39 36 37
27 26 17 16 31 30 21 20 19 18 25 24 23 22 29 28 43 42 33 32 47 46 37 36 35 34 41 40 39 38 45 44 11 10 1 0 15 14 5 4 3 2 9 8 7 6 13 12
28 29 30 31 16 17 18 19 20 21 22 23 24 25 26 27 12 13 14 15 0 1 2 3 4 5 6 7 8 9 10 11 44 45 46 47 32 33 34 35 36 37 38 39 40 41 42 43
29 28 23 22 17 16 27 26 21 20 31 30 25 24 19 18 45 44 39 38 33 32 43 42 37 36 47 46 41 40 35 34 13 12 7 6 1 0 11 10 5 4 15 14 9 8 3 2
30 31 28 29 18 19 16 17 22 23 20 21 26 27 24 25 46 47 44 45 34 35 32 33 38 39 36 37 42 43 40 41 14 15 12 13 2 3 0 1 6 7 4 5 10 11 8 9
31 30 21 20 19 18 25 24 23 22 29 28 27 26 17 16 15 14 5 4 3 2 9 8 7 6 13 12 11 10 1 0 47 46 37 36 35 34 41 40 39 38 45 44 43 42 33 32
32 33 34 35 36 37 38 39 40 41 42 43 44 45 46 47 0 1 2 3 4 5 6 7 8 9 10 11 12 13 14 15 16 17 18 19 20 21 22 23 24 25 26 27 28 29 30 31
33 32 43 42 37 36 47 46 41 40 35 34 45 44 39 38 17 16 27 26 21 20 31 30 25 24 19 18 29 28 23 22 1 0 11 10 5 4 15 14 9 8 3 2 13 12 7 6
34 35 32 33 38 39 36 37 42 43 40 41 46 47 44 45 18 19 16 17 22 23 20 21 26 27 24 25 30 31 28 29 2 3 0 1 6 7 4 5 10 11 8 9 14 15 12 13
35 34 41 40 39 38 45 44 43 42 33 32 47 46 37 36 3 2 9 8 7 6 13 12 11 10 1 0 15 14 5 4 19 18 25 24 23 22 29 28 27 26 17 16 31 30 21 20
36 37 38 39 40 41 42 43 44 45 46 47 32 33 34 35 20 21 22 23 24 25 26 27 28 29 30 31 16 17 18 19 4 5 6 7 8 9 10 11 12 13 14 15 0 1 2 3
37 36 47 46 41 40 35 34 45 44 39 38 33 32 43 42 5 4 15 14 9 8 3 2 13 12 7 6 1 0 11 10 21 20 31 30 25 24 19 18 29 28 23 22 17 16 27 26
38 39 36 37 42 43 40 41 46 47 44 45 34 35 32 33 6 7 4 5 10 11 8 9 14 15 12 13 2 3 0 1 22 23 20 21 26 27 24 25 30 31 28 29 18 19 16 17
39 38 45 44 43 42 33 32 47 46 37 36 35 34 41 40 23 22 29 28 27 26 17 16 31 30 21 20 19 18 25 24 7 6 13 12 11 10 1 0 15 14 5 4 3 2 9 8
40 41 42 43 44 45 46 47 32 33 34 35 36 37 38 39 8 9 10 11 12 13 14 15 0 1 2 3 4 5 6 7 24 25 26 27 28 29 30 31 16 17 18 19 20 21 22 23
41 40 35 34 45 44 39 38 33 32 43 42 37 36 47 46 25 24 19 18 29 28 23 22 17 16 27 26 21 20 31 30 9 8 3 2 13 12 7 6 1 0 11 10 5 4 15 14
42 43 40 41 46 47 44 45 34 35 32 33 38 39 36 37 26 27 24 25 30 31 28 29 18 19 16 17 22 23 20 21 10 11 8 9 14 15 12 13 2 3 0 1 6 7 4 5
43 42 33 32 47 46 37 36 35 34 41 40 39 38 45 44 11 10 1 0 15 14 5 4 3 2 9 8 7 6 13 12 27 26 17 16 31 30 21 20 19 18 25 24 23 22 29 28
44 45 46 47 32 33 34 35 36 37 38 39 40 41 42 43 28 29 30 31 16 17 18 19 20 21 22 23 24 25 26 27 12 13 14 15 0 1 2 3 4 5 6 7 8 9 10 11
45 44 39 38 33 32 43 42 37 36 47 46 41 40 35 34 13 12 7 6 1 0 11 10 5 4 15 14 9 8 3 2 29 28 23 22 17 16 27 26 21 20 31 30 25 24 19 18
46 47 44 45 34 35 32 33 38 39 36 37 42 43 40 41 14 15 12 13 2 3 0 1 6 7 4 5 10 11 8 9 30 31 28 29 18 19 16 17 22 23 20 21 26 27 24 25
47 46 37 36 35 34 41 40 39 38 45 44 43 42 33 32 31 30 21 20 19 18 25 24 23 22 29 28 27 26 17 16 15 14 5 4 3 2 9 8 7 6 13 12 11 10 1 0
Z4:Z2xZ2:Z3
0 1 2 3 4 5 6 7 8 9 10 11 12 13 14 15 16 17 18 19 20 21 22 23 24 25 26 27 28 29 30 31 32 33 34 35 36 37 38 39 40 41 42 43 44 45 46 47
1 2 0 7 8 6 10 11 9 4 5 3 13 14 12 19 20 18 22 23 21 16 17 15 25 26 24 31 32 30 34 35 33 28 29 27 37 38 36 43 44 42 46 47 45 40 41 39
2 0 1 11 9 10 5 3 4 8 6 7 14 12 13 23 21 22 17 15 16 20 18 19 26 24 25 35 33 34 29 27 28 32 30 31 38 36 37 47 45 46 41 39 40 44 42 43
3 4 5 0 1 2 9 10 11 6 7 8 15 16 17 12 13 14 21 22 23 18 19 20 27 28 29 24 25 26 33 34 35 30 31 32 39 40 41 36 37 38 45 46 47 42 43 44
4 5 3 10 11 9 7 8 6 1 2 0 16 17 15 22 23 21 19 20 18 13 14 12 28 29 27 34 35 33 31 32 30 25 26 24 40 41 39 46 47 45 43 44 42 37 38 36
5 3 4 8 6 7 2 0 1 11 9 10 17 15 16 20 18 19 14 12 13 23 21 22 29 27 28 32 30 31 26 24 25 35 33 34 41 39 40 44 42 43 38 36 37 47 45 46
6 7 8 9 10 11 0 1 2 3 4 5 18 19 20 21 22 23 12 13 14 15 16 17 30 31 32 33 34 35 24 25 26 27 28 29 42 43 44 45 46 47 36 37 38 39 40 41
7 8 6 1 2 0 4 5 3 10 11 9 19 20 18 13 14 12 16 17 15 22 23 21 31 32 30 25 26 24 28 29 27 34 35 33 43 44 42 37 38 36 40 41 39 46 47 45
8 6 7 5 3 4 11 9 10 2 0 1 20 18 19 17 15 16 23 21 22 14 12 13 32 30 31 29 27 28 35 33 34 26 24 25 44 42 43 41 39 40 47 45 46 38 36 37
9 10 11 6 7 8 3 4 5 0 1 2 21 22 23 18 19 20 15 16 17 12 13 14 33 34 35 30 31 32 27 28 29 24 25 26 45 46 47 42 43 44 39 40 41 36 37 38
10 11 9 4 5 3 1 2 0 7 8 6 22 23 21 16 17 15 13 14 12 19 20 18 34 35 33 28 29 27 25 26 24 31 32 30 46 47 45 40 41 39 37 38 36 43 44 42
11 9 10 2 0 1 8 6 7 5 3 4 23 21 22 14 12 13 20 18 19 17 15 16 35 33 34 26 24 25 32 30 31 29 27 28 47 45 46 38 36 37 44 42 43 41 39 40
12 13 14 15 16 17 18 19 20 21 22 23 24 25 26 27 28 29 30 31 32 33 34 35 36 37 38 39 40 41 42 43 44 45 46 47 0 1 2 3 4 5 6 7 8 9 10 11
13 14 12 19 20 18 22 23 21 16 17 15 25 26 24 31 32 30 34 35 33 28 29 27 37 38 36 43 44 42 46 47 45 40 41 39 1 2 0 7 8 6 10 11 9 4 5 3
14 12 13 23 21 22 17 15 16 20 18 19 26 24 25 35 33 34 29 27 28 32 30 31 38 36 37 47 45 46 41 39 40 44 42 43 2 0 1 11 9 10 5 3 4 8 6 7
15 16 17 12 13 14 21 22 23 18 19 20 27 28 29 24 25 26 33 34 35 30 31 32 39 40 41 36 37 38 45 46 47 42 43 44 3 4 5 0 1 2 9 10 11 6 7 8
16 17 15 22 23 21 19 20 18 13 14 12 28 29 27 34 35 33 31 32 30 25 26 24 40 41 39 46 47 45 43 44 42 37 38 36 4 5 3 10 11 9 7 8 6 1 2 0
17 15 16 20 18 19 14 12 13 23 21 22 29 27 28 32 30 31 26 24 25 35 33 34 41 39 40 44 42 43 38 36 37 47 45 46 5 3 4 8 6 7 2 0 1 11 9 10
18 19 20 21 22 23 12 13 14 15 16 17 30 31 32 33 34 35 24 25 26 27 28 29 42 43 44 45 46 47 36 37 38 39 40 41 6 7 8 9 10 11 0 1 2 3 4 5
19 20 18 13 14 12 16 17 15 22 23 21 31 32 30 25 26 24 28 29 27 34 35 33 43 44 42 37 38 36 40 41 39 46 47 45 7 8 6 1 2 0 4 5 3 10 11 9
20 18 19 17 15 16 23 21 22 14 12 13 32 30 31 29 27 28 35 33 34 26 24 25 44 42 43 41 39 40 47 45 46 38 36 37 8 6 7 5 3 4 11 9 10 2 0 1
21 22 23 18 19 20 15 16 17 12 13 14 33 34 35 30 31 32 27 28 29 24 25 26 45 46 47 42 43 44 39 40 41 36 37 38 9 10 11 6 7 8 3 4 5 0 1 2
22 23 21 16 17 15 13 14 12 19 20 18 34 35 33 28 29 27 25 26 24 31 32 30 46 47 45 40 41 39 37 38 36 43 44 42 10 11 9 4 5 3 1 2 0 7 8 6
23 21 22 14 12 13 20 18 19 17 15 16 35 33 34 26 24 25 32 30 31 29 27 28 47 45 46 38 36 37 44 42 43 41 39 40 11 9 10 2 0 1 8 6 7 5 3 4
24 25 26 27 28 29 30 31 32 33 34 35 36 37 38 39 40 41 42 43 44 45 46 47 0 1 2 3 4 5 6 7 8 9 10 11 12 13 14 15 16 17 18 19 20 21 22 23
25 26 24 31 32 30 34 35 33 28 29 27 37 38 36 43 44 42 46 47 45 40 41 39 1 2 0 7 8 6 10 11 9 4 5 3 13 14 12 19 20 18 22 23 21 16 17 15
26 24 25 35 33 34 29 27 28 32 30 31 38 36 37 47 45 46 41 39 40 44 42 43 2 0 1 11 9 10 5 3 4 8 6 7 14 12 13 23 21 22 17 15 16 20 18 19
27 28 29 24 25 26 33 34 35 30 31 32 39 40 41 36 37 38 45 46 47 42 43 44 3 4 5 0 1 2 9 10 11 6 7 8 15 16 17 12 13 14 21 22 23 18 19 20
28 29 27 34 35 33 31 32 30 25 26 24 40 41 39 46 47 45 43 44 42 37 38 36 4 5 3 10 11 9 7 8 6 1 2 0 16 17 15 22 23 21 19 20 18 13 14 12
29 27 28 32 30 31 26 24 25 35 33 34 41 39 40 44 42 43 38 36 37 47 45 46 5 3 4 8 6 7 2 0 1 11 9 10 17 15 16 20 18 19 14 12 13 23 21 22
30 31 32 33 34 35 24 25 26 27 28 29 42 43 44 45 46 47 36 37 38 39 40 41 6 7 8 9 10 11 0 1 2 3 4 5 18 19 20 21 22 23 12 13 14 15 16 17
31 32 30 25 26 24 28 29 27 34 35 33 43 44 42 37 38 36 40 41 39 46 47 45 7 8 6 1 2 0 4 5 3 10 11 9 19 20 18 13 14 12 16 17 15 22 23 21
32 30 31 29 27 28 35 33 34 26 24 25 44 42 43 41 39 40 47 45 46 38 36 37 8 6 7 5 3 4 11 9 10 2 0 1 20 18 19 17 15 16 23 21 22 14 12 13
33 34 35 30 31 32 27 28 29 24 25 26 45 46 47 42 43 44 39 40 41 36 37 38 9 10 11 6 7 8 3 4 5 0 1 2 21 22 23 18 19 20 15 16 17 12 13 14
34 35 33 28 29 27 25 26 24 31 32 30 46 47 45 40 41 39 37 38 36 43 44 42 10 11 9 4 5 3 1 2 0 7 8 6 22 23 21 16 17 15 13 14 12 19 20 18
35 33 34 26 24 25 32 30 31 29 27 28 47 45 46 38 36 37 44 42 43 41 39 40 11 9 10 2 0 1 8 6 7 5 3 4 23 21 22 14 12 13 20 18 19 17 15 16
36 37 38 39 40 41 42 43 44 45 46 47 0 1 2 3 4 5 6 7 8 9 10 11 12 13 14 15 16 17 18 19 20 21 22 23 24 25 26 27 28 29 30 31 32 33 34 35
37 38 36 43 44 42 46 47 45 40 41 39 1 2 0 7 8 6 10 11 9 4 5 3 13 14 12 19 20 18 22 23 21 16 17 15 25 26 24 31 32 30 34 35 33 28 29 27
38 36 37 47 45 46 41 39 40 44 42 43 2 0 1 11 9 10 5 3 4 8 6 7 14 12 13 23 21 22 17 15 16 20 18 19 26 24 25 35 33 34 29 27 28 32 30 31
39 40 41 36 37 38 45 46 47 42 43 44 3 4 5 0 1 2 9 10 11 6 7 8 15 16 17 12 13 14 21 22 23 18 19 20 27 28 29 24 25 26 33 34 35 30 31 32
40 41 39 46 47 45 43 44 42 37 38 36 4 5 3 10 11 9 7 8 6 1 2 0 16 17 15 22 23 21 19 20 18 13 14 12 28 29 27 34 35 33 31 32 30 25 26 24
41 39 40 44 42 43 38 36 37 47 45 46 5 3 4 8 6 7 2 0 1 11 9 10 17 15 16 20 18 19 14 12 13 23 21 22 29 27 28 32 30 31 26 24 25 35 33 34
42 43 44 45 46 47 36 37 38 39 40 41 6 7 8 9 10 11 0 1 2 3 4 5 18 19 20 21 22 23 12 13 14 15 16 17 30 31 32 33 34 35 24 25 26 27 28 29
43 44 42 37 38 36 40 41 39 46 47 45 7 8 6 1 2 0 4 5 3 10 11 9 19 20 18 13 14 12 16 17 15 22 23 21 31 32 30 25 26 24 28 29 27 34 35 33
44 42 43 41 39 40 47 45 46 38 36 37 8 6 7 5 3 4 11 9 10 2 0 1 20 18 19 17 15 16 23 21 22 14 12 13 32 30 31 29 27 28 35 33 34 26 24 25
45 46 47 42 43 44 39 40 41 36 37 38 9 10 11 6 7 8 3 4 5 0 1 2 21 22 23 18 19 20 15 16 17 12 13 14 33 34 35 30 31 32 27 28 29 24 25 26
46 47 45 40 41 39 37 38 36 43 44 42 10 11 9 4 5 3 1 2 0 7 8 6 22 23 21 16 17 15 13 14 12 19 20 18 34 35 33 28 29 27 25 26 24 31 32 30
47 45 46 38 36 37 44 42 43 41 39 40 11 9 10 2 0 1 8 6 7 5 3 4 23 21 22 14 12 13 20 18 19 17 15 16 35 33 34 26 24 25 32 30 31 29 27 28
Z2xZ2:Z2xZ2xZ3
0 1 2 3 4 5 6 7 8 9 10 11 12 13 14 15 16 17 18 19 20 21 22 23 24 25 26 27 28 29 30 31 32 33 34 35 36 37 38 39 40 41 42 43 44 45 46 47
1 2 0 4 5 3 7 8 6 10 11 9 25 26 24 28 29 27 31 32 30 34 35 33 37 38 36 40 41 39 43 44 42 46 47 45 13 14 12 16 17 15 19 20 18 22 23 21
2 0 1 5 3 4 8 6 7 11 9 10 38 36 37 41 39 40 44 42 43 47 45 46 14 12 13 17 15 16 20 18 19 23 21 22 26 24 25 29 27 28 32 30 31 35 33 34
3 4 5 0 1 2 9 10 11 6 7 8 15 16 17 12 13 14 21 22 23 18 19 20 27 28 29 24 25 26 33 34 35 30 31 32 39 40 41 36 37 38 45 46 47 42 43 44
4 5 3 1 2 0 10 11 9 7 8 6 28 29 27 25 26 24 34 35 33 31 32 30 40 41 39 37 38 36 46 47 45 43 44 42 16 17 15 13 14 12 22 23 21 19 20 18
5 3 4 2 0 1 11 9 10 8 6 7 41 39 40 38 36 37 47 45 46 44 42 43 17 15 16 14 12 13 23 21 22 20 18 19 29 27 28 26 24 25 35 33 34 32 30 31
6 7 8 9 10 11 0 1 2 3 4 5 18 19 20 21 22 23 12 13 14 15 16 17 30 31 32 33 34 35 24 25 26 27 28 29 42 43 44 45 46 47 36 37 38 39 40 41
7 8 6 10 11 9 1 2 0 4 5 3 31 32 30 34 35 33 25 26 24 28 29 27 43 44 42 46 47 45 37 38 36 40 41 39 19 20 18 22 23 21 13 14 12 16 17 15
8 6 7 11 9 10 2 0 1 5 3 4 44 42 43 47 45 46 38 36 37 41 39 40 20 18 19 23 21 22 14 12 13 17 15 16 32 30 31 35 33 34 26 24 25 29 27 28
9 10 11 6 7 8 3 4 5 0 1 2 21 22 23 18 19 20 15 16 17 12 13 14 33 34 35 30 31 32 27 28 29 24 25 26 45 46 47 42 43 44 39 40 41 36 37 38
10 11 9 7 8 6 4 5 3 1 2 0 34 35 33 31 32 30 28 29 27 25 26 24 46 47 45 43 44 42 40 41 39 37 38 36 22 23 21 19 20 18 16 17 15 13 14 12
11 9 10 8 6 7 5 3 4 2 0 1 47 45 46 44 42 43 41 39 40 38 36 37 23 21 22 20 18 19 17 15 16 14 12 13 35 33 34 32 30 31 29 27 28 26 24 25
12 13 14 15 16 17 18 19 20 21 22 23 0 1 2 3 4 5 6 7 8 9 10 11 36 37 38 39 40 41 42 43 44 45 46 47 24 25 26 27 28 29 30 31 32 33 34 35
13 14 12 16 17 15 19 20 18 22 23 21 37 38 36 40 41 39 43 44 42 46 47 45 25 26 24 28 29 27 31 32 30 34 35 33 1 2 0 4 5 3 7 8 6 10 11 9
14 12 13 17 15 16 20 18 19 23 21 22 26 24 25 29 27 28 32 30 31 35 33 34 2 0 1 5 3 4 8 6 7 11 9 10 38 36 37 41 39 40 44 42 43 47 45 46
15 16 17 12 13 14 21 22 23 18 19 20 3 4 5 0 1 2 9 10 11 6 7 8 39 40 41 36 37 38 45 46 47 42 43 44 27 28 29 24 25 26 33 34 35 30 31 32
16 17 15 13 14 12 22 23 21 19 20 18 40 41 39 37 38 36 46 47 45 43 44 42 28 29 27 25 26 24 34 35 33 31 32 30 4 5 3 1 2 0 10 11 9 7 8 6
17 15 16 14 12 13 23 21 22 20 18 19 29 27 28 26 24 25 35 33 34 32 30 31 5 3 4 2 0 1 11 9 10 8 6 7 41 39 40 38 36 37 47 45 46 44 42 43
18 19 20 21 22 23 12 13 14 15 16 17 6 7 8 9 10 11 0 1 2 3 4 5 42 43 44 45 46 47 36 37 38 39 40 41 30 31 32 33 34 35 24 25 26 27 28 29
19 20 18 22 23 21 13 14 12 16 17 15 43 44 42 46 47 45 37 38 36 40 41 39 31 32 30 34 35 33 25 26 24 28 29 27 7 8 6 10 11 9 1 2 0 4 5 3
20 18 19 23 21 22 14 12 13 17 15 16 32 30 31 35 33 34 26 24 25 29 27 28 8 6 7 11 9 10 2 0 1 5 3 4 44 42 43 47 45 46 38 36 37 41 39 40
21 22 23 18 19 20 15 16 17 12 13 14 9 10 11 6 7 8 3 4 5 0 1 2 45 46 47 42 43 44 39 40 41 36 37 38 33 34 35 30 31 32 27 28 29 24 25 26
22 23 21 19 20 18 16 17 15 13 14 12 46 47 45 43 44 42 40 41 39 37 38 36 34 35 33 31 32 30 28 29 27 25 26 24 10 11 9 7 8 6 4 5 3 1 2 0
23 21 22 20 18 19 17 15 16 14 12 13 35 33 34 32 30 31 29 27 28 26 24 25 11 9 10 8 6 7 5 3 4 2 0 1 47 45 46 44 42 43 41 39 40 38 36 37
24 25 26 27 28 29 30 31 32 33 34 35 36 37 38 39 40 41 42 43 44 45 46 47 0 1 2 3 4 5 6 7 8 9 10 11 12 13 14 15 16 17 18 19 20 21 22 23
25 26 24 28 29 27 31 32 30 34 35 33 1 2 0 4 5 3 7 8 6 10 11 9 13 14 12 16 17 15 19 20 18 22 23 21 37 38 36 40 41 39 43 44 42 46 47 45
26 24 25 29 27 28 32 30 31 35 33 34 14 12 13 17 15 16 20 18 19 23 21 22 38 36 37 41 39 40 44 42 43 47 45 46 2 0 1 5 3 4 8 6 7 11 9 10
27 28 29 24 25 26 33 34 35 30 31 32 39 40 41 36 37 38 45 46 47 42 43 44 3 4 5 0 1 2 9 10 11 6 7 8 15 16 17 12 13 14 21 22 23 18 19 20
28 29 27 25 26 24 34 35 33 31 32 30 4 5 3 1 2 0 10 11 9 7 8 6 16 17 15 13 14 12 22 23 21 19 20 18 40 41 39 37 38 36 46 47 45 43 44 42
29 27 28 26 24 25 35 33 34 32 30 31 17 15 16 14 12 13 23 21 22 20 18 19 41 39 40 38 36 37 47 45 46 44 42 43 5 3 4 2 0 1 11 9 10 8 6 7
30 31 32 33 34 35 24 25 26 27 28 29 42 43 44 45 46 47 36 37 38 39 40 41 6 7 8 9 10 11 0 1 2 3 4 5 18 19 20 21 22 23 12 13 14 15 16 17
31 32 30 34 35 33 25 26 24 28 29 27 7 8 6 10 11 9 1 2 0 4 5 3 19 20 18 22 23 21 13 14 12 16 17 15 43 44 42 46 47 45 37 38 36 40 41 39
32 30 31 35 33 34 26 24 25 29 27 28 20 18 19 23 21 22 14 12 13 17 15 16 44 42 43 47 45 46 38 36 37 41 39 40 8 6 7 11 9 10 2 0 1 5 3 4
33 34 35 30 31 32 27 28 29 24 25 26 45 46 47 42 43 44 39 40 41 36 37 38 9 10 11 6 7 8 3 4 5 0 1 2 21 22 23 18 19 20 15 16 17 12 13 14
34 35 33 31 32 30 28 29 27 25 26 24 10 11 9 7 8 6 4 5 3 1 2 0 22 23 21 19 20 18 16 17 15 13 14 12 46 47 45 43 44 42 40 41 39 37 38 36
35 33 34 32 30 31 29 27 28 26 24 25 23 21 22 20 18 19 17 15 16 14 12 13 47 45 46 44 42 43 41 39 40 38 36 37 11 9 10 8 6 7 5 3 4 2 0 1
36 37 38 39 40 41 42 43 44 45 46 47 24 25 26 27 28 29 30 31 32 33 34 35 12 13 14 15 16 17 18 19 20 21 22 23 0 1 2 3 4 5 6 7 8 9 10 11
37 38 36 40 41 39 43 44 42 46 47 45 13 14 12 16 17 15 19 20 18 22 23 21 1 2 0 4 5 3 7 8 6 10 11 9 25 26 24 28 29 27 31 32 30 34 35 33
38 36 37 41 39 40 44 42 43 47 45 46 2 0 1 5 3 4 8 6 7 11 9 10 26 24 25 29 27 28 32 30 31 35 33 34 14 12 13 17 15 16 20 18 19 23 21 22
39 40 41 36 37 38 45 46 47 42 43 44 27 28 29 24 25 26 33 34 35 30 31 32 15 16 17 12 13 14 21 22 23 18 19 20 3 4 5 0 1 2 9 10 11 6 7 8
40 41 39 37 38 36 46 47 45 43 44 42 16 17 15 13 14 12 22 23 21 19 20 18 4 5 3 1 2 0 10 11 9 7 8 6 28 29 27 25 26 24 34 35 33 31 32 30
41 39 40 38 36 37 47 45 46 44 42 43 5 3 4 2 0 1 11 9 10 8 6 7 29 27 28 26 24 25 35 33 34 32 30 31 17 15 16 14 12 13 23 21 22 20 18 19
42 43 44 45 46 47 36 37 38 39 40 41 30 31 32 33 34 35 24 25 26 27 28 29 18 19 20 21 22 23 12 13 14 15 16 17 6 7 8 9 10 11 0 1 2 3 4 5
43 44 42 46 47 45 37 38 36 40 41 39 19 20 18 22 23 21 13 14 12 16 17 15 7 8 6 10 11 9 1 2 0 4 5 3 31 32 30 34 35 33 25 26 24 28 29 27
44 42 43 47 45 46 38 36 37 41 39 40 8 6 7 11 9 10 2 0 1 5 3 4 32 30 31 35 33 34 26 24 25 29 27 28 20 18 19 23 21 22 14 12 13 17 15 16
45 46 47 42 43 44 39 40 41 36 37 38 33 34 35 30 31 32 27 28 29 24 25 26 21 22 23 18 19 20 15 16 17 12 13 14 9 10 11 6 7 8 3 4 5 0 1 2
46 47 45 43 44 42 40 41 39 37 38 36 22 23 21 19 20 18 16 17 15 13 14 12 10 11 9 7 8 6 4 5 3 1 2 0 34 35 33 31 32 30 28 29 27 25 26 24
47 45 46 44 42 43 41 39 40 38 36 37 11 9 10 8 6 7 5 3 4 2 0 1 35 33 34 32 30 31 29 27 28 26 24 25 23 21 22 20 18 19 17 15 16 14 12 13
Z2xZ2:D12
0 1 2 3 4 5 6 7 8 9 10 11 12 13 14 15 16 17 18 19 20 21 22 23 24 25 26 27 28 29 30 31 32 33 34 35 36 37 38 39 40 41 42 43 44 45 46 47
1 0 11 10 9 8 7 6 5 4 3 2 13 12 23 22 21 20 19 18 17 16 15 14 37 36 47 46 45 44 43 42 41 40 39 38 25 24 35 34 33 32 31 30 29 28 27 26
2 3 4 5 6 7 8 9 10 11 0 1 26 27 28 29 30 31 32 33 34 35 24 25 38 39 40 41 42 43 44 45 46 47 36 37 14 15 16 17 18 19 20 21 22 23 12 13
3 2 1 0 11 10 9 8 7 6 5 4 27 26 25 24 35 34 33 32 31 30 29 28 15 14 13 12 23 22 21 20 19 18 17 16 39 38 37 36 47 46 45 44 43 42 41 40
4 5 6 7 8 9 10 11 0 1 2 3 40 41 42 43 44 45 46 47 36 37 38 39 16 17 18 19 20 21 22 23 12 13 14 15 28 29 30 31 32 33 34 35 24 25 26 27
5 4 3 2 1 0 11 10 9 8 7 6 41 40 39 38 37 36 47 46 45 44 43 42 29 28 27 26 25 24 35 34 33 32 31 30 17 16 15 14 13 12 23 22 21 20 19 18
6 7 8 9 10 11 0 1 2 3 4 5 18 19 20 21 22 23 12 13 14 15 16 17 30 31 32 33 34 35 24 25 26 27 28 29 42 43 44 45 46 47 36 37 38 39 40 41
7 6 5 4 3 2 1 0 11 10 9 8 19 18 17 16 15 14 13 12 23 22 21 20 43 42 41 40 39 38 37 36 47 46 45 44 31 30 29 28 27 26 25 24 35 34 33 32
8 9 10 11 0 1 2 3 4 5 6 7 32 33 34 35 24 25 26 27 28 29 30 31 44 45 46 47 36 37 38 39 40 41 42 43 20 21 22 23 12 13 14 15 16 17 18 19
9 8 7 6 5 4 3 2 1 0 11 10 33 32 31 30 29 28 27 26 25 24 35 34 21 20 19 18 17 16 15 14 13 12 23 22 45 44 43 42 41 40 39 38 37 36 47 46
10 11 0 1 2 3 4 5 6 7 8 9 46 47 36 37 38 39 40 41 42 43 44 45 22 23 12 13 14 15 16 17 18 19 20 21 34 35 24 25 26 27 28 29 30 31 32 33
11 10 9 8 7 6 5 4 3 2 1 0 47 46 45 44 43 42 41 40 39 38 37 36 35 34 33 32 31 30 29 28 27 26 25 24 23 22 21 20 19 18 17 16 15 14 13 12
12 13 14 15 16 17 18 19 20 21 22 23 0 1 2 3 4 5 6 7 8 9 10 11 36 37 38 39 40 41 42 43 44 45 46 47 24 25 26 27 28 29 30 31 32 33 34 35
13 12 23 22 21 20 19 18 17 16 15 14 1 0 11 10 9 8 7 6 5 4 3 2 25 24 35 34 33 32 31 30 29 28 27 26 37 36 47 46 45 44 43 42 41 40 39 38
14 15 16 17 18 19 20 21 22 23 12 13 38 39 40 41 42 43 44 45 46 47 36 37 26 27 28 29 30 31 32 33 34 35 24 25 2 3 4 5 6 7 8 9 10 11 0 1
15 14 13 12 23 22 21 20 19 18 17 16 39 38 37 36 47 46 45 44 43 42 41 40 3 2 1 0 11 10 9 8 7 6 5 4 27 26 25 24 35 34 33 32 31 30 29 28
16 17 18 19 20 21 22 23 12 13 14 15 28 29 30 31 32 33 34 35 24 25 26 27 4 5 6 7 8 9 10 11 0 1 2 3 40 41 42 43 44 45 46 47 36 37 38 39
17 16 15 14 13 12 23 22 21 20 19 18 29 28 27 26 25 24 35 34 33 32 31 30 41 40 39 38 37 36 47 46 45 44 43 42 5 4 3 2 1 0 11 10 9 8 7 6
18 19 20 21 22 23 12 13 14 15 16 17 6 7 8 9 10 11 0 1 2 3 4 5 42 43 44 45 46 47 36 37 38 39 40 41 30 31 32 33 34 35 24 25 26 27 28 29
19 18 17 16 15 14 13 12 23 22 21 20 7 6 5 4 3 2 1 0 11 10 9 8 31 30 29 28 27 26 25 24 35 34 33 32 43 42 41 40 39 38 37 36 47 46 45 44
20 21 22 23 12 13 14 15 16 17 18 19 44 45 46 47 36 37 38 39 40 41 42 43 32 33 34 35 24 25 26 27 28 29 30 31 8 9 10 11 0 1 2 3 4 5 6 7
21 20 19 18 17 16 15 14 13 12 23 22 45 44 43 42 41 40 39 38 37 36 47 46 9 8 7 6 5 4 3 2 1 0 11 10 33 32 31 30 29 28 27 26 25 24 35 34
22 23 12 13 14 15 16 17 18 19 20 21 34 35 24 25 26 27 28 29 30 31 32 33 10 11 0 1 2 3 4 5 6 7 8 9 46 47 36 37 38 39 40 41 42 43 44 45
23 22 21 20 19 18 17 16 15 14 13 12 35 34 33 32 31 30 29 28 27 26 25 24 47 46 45 44 43 42 41 40 39 38 37 36 11 10 9 8 7 6 5 4 3 2 1 0
24 25 26 27 28 29 30 31 32 33 34 35 36 37 38 39 40 41 42 43 44 45 46 47 0 1 2 3 4 5 6 7 8 9 10 11 12 13 14 15 16 17 18 19 20 21 22 23
25 24 35 34 33 32 31 30 29 28 27 26 37 36 47 46 45 44 43 42 41 40 39 38 13 12 23 22 21 20 19 18 17 16 15 14 1 0 11 10 9 8 7 6 5 4 3 2
26 27 28 29 30 31 32 33 34 35 24 25 2 3 4 5 6 7 8 9 10 11 0 1 14 15 16 17 18 19 20 21 22 23 12 13 38 39 40 41 42 43 44 45 46 47 36 37
27 26 25 24 35 34 33 32 31 30 29 28 3 2 1 0 11 10 9 8 7 6 5 4 39 38 37 36 47 46 45 44 43 42 41 40 15 14 13 12 23 22 21 20 19 18 17 16
28 29 30 31 32 33 34 35 24 25 26 27 16 17 18 19 20 21 22 23 12 13 14 15 40 41 42 43 44 45 46 47 36 37 38 39 4 5 6 7 8 9 10 11 0 1 2 3
29 28 27 26 25 24 35 34 33 32 31 30 17 16 15 14 13 12 23 22 21 20 19 18 5 4 3 2 1 0 11 10 9 8 7 6 41 40 39 38 37 36 47 46 45 44 43 42
30 31 32 33 34 35 24 25 26 27 28 29 42 43 44 45 46 47 36 37 38 39 40 41 6 7 8 9 10 11 0 1 2 3 4 5 18 19 20 21 22 23 12 13 14 15 16 17
31 30 29 28 27 26 25 24 35 34 33 32 43 42 41 40 39 38 37 36 47 46 45 44 19 18 17 16 15 14 13 12 23 22 21 20 7 6 5 4 3 2 1 0 11 10 9 8
32 33 34 35 24 25 26 27 28 29 30 31 8 9 10 11 0 1 2 3 4 5 6 7 20 21 22 23 12 13 14 15 16 17 18 19 44 45 46 47 36 37 38 39 40 41 42 43
33 32 31 30 29 28 27 26 25 24 35 34 9 8 7 6 5 4 3 2 1 0 11 10 45 44 43 42 41 40 39 38 37 36 47 46 21 20 19 18 17 16 15 14 13 12 23 22
34 35 24 25 26 27 28 29 30 31 32 33 22 23 12 13 14 15 16 17 18 19 20 21 46 47 36 37 38 39 40 41 42 43 44 45 10 11 0 1 2 3 4 5 6 7 8 9
35 34 33 32 31 30 29 28 27 26 25 24 23 22 21 20 19 18 17 16 15 14 13 12 11 10 9 8 7 6 5 4 3 2 1 0 47 46 45 44 43 42 41 40 39 38 37 36
36 37 38 39 40 41 42 43 44 45 46 47 24 25 26 27 28 29 30 31 32 33 34 35 12 13 14 15 16 17 18 19 20 21 22 23 0 1 2 3 4 5 6 7 8 9 10 11
37 36 47 46 45 44 43 42 41 40 39 38 25 24 35 34 33 32 31 30 29 28 27 26 1 0 11 10 9 8 7 6 5 4 3 2 13 12 23 22 21 20 19 18 17 16 15 14
38 39 40 41 42 43 44 45 46 47 36 37 14 15 16 17 18 19 20 21 22 23 12 13 2 3 4 5 6 7 8 9 10 11 0 1 26 27 28 29 30 31 32 33 34 35 24 25
39 38 37 36 47 46 45 44 43 42 41 40 15 14 13 12 23 22 21 20 19 18 17 16 27 26 25 24 35 34 33 32 31 30 29 28 3 2 1 0 11 10 9 8 7 6 5 4
40 41 42 43 44 45 46 47 36 37 38 39 4 5 6 7 8 9 10 11 0 1 2 3 28 29 30 31 32 33 34 35 24 25 26 27 16 17 18 19 20 21 22 23 12 13 14 15
41 40 39 38 37 36 47 46 45 44 43 42 5 4 3 2 1 0 11 10 9 8 7 6 17 16 15 14 13 12 23 22 21 20 19 18 29 28 27 26 25 24 35 34 33 32 31 30
42 43 44 45 46 47 36 37 38 39 40 41 30 31 32 33 34 35 24 25 26 27 28 29 18 19 20 21 22 23 12 13 14 15 16 17 6 7 8 9 10 11 0 1 2 3 4 5
43 42 41 40 39 38 37 36 47 46 45 44 31 30 29 28 27 26 25 24 35 34 33 32 7 6 5 4 3 2 1 0 11 10 9 8 19 18 17 16 15 14 13 12 23 22 21 20
44 45 46 47 36 37 38 39 40 41 42 43 20 21 22 23 12 13 14 15 16 17 18 19 8 9 10 11 0 1 2 3 4 5 6 7 32 33 34 35 24 25 26 27 28 29 30 31
45 44 43 42 41 40 39 38 37 36 47 46 21 20 19 18 17 16 15 14 13 12 23 22 33 32 31 30 29 28 27 26 25 24 35 34 9 8 7 6 5 4 3 2 1 0 11 10
46 47 36 37 38 39 40 41 42 43 44 45 10 11 0 1 2 3 4 5 6 7 8 9 34 35 24 25 26 27 28 29 30 31 32 33 22 23 12 13 14 15 16 17 18 19 20 21
47 46 45 44 43 42 41 40 39 38 37 36 11 10 9 8 7 6 5 4 3 2 1 0 23 22 21 20 19 18 17 16 15 14 13 12 35 34 33 32 31 30 29 28 27 26 25 24
Z2xZ2:Dic3
0 1 2 3 4 5 6 7 8 9 10 11 12 13 14 15 16 17 18 19 20 21 22 23 24 25 26 27 28 29 30 31 32 33 34 35 36 37 38 39 40 41 42 43 44 45 46 47
1 6 11 4 9 2 7 0 5 10 3 8 13 18 23 16 21 14 19 12 17 22 15 20 37 42 47 40 45 38 43 36 41 46 39 44 25 30 35 28 33 26 31 24 29 34 27 32
2 3 4 5 6 7 8 9 10 11 0 1 26 27 28 29 30 31 32 33 34 35 24 25 38 39 40 41 42 43 44 45 46 47 36 37 14 15 16 17 18 19 20 21 22 23 12 13
3 8 1 6 11 4 9 2 7 0 5 10 27 32 25 30 35 28 33 26 31 24 29 34 15 20 13 18 23 16 21 14 19 12 17 22 39 44 37 42 47 40 45 38 43 36 41 46
4 5 6 7 8 9 10 11 0 1 2 3 40 41 42 43 44 45 46 47 36 37 38 39 16 17 18 19 20 21 22 23 12 13 14 15 28 29 30 31 32 33 34 35 24 25 26 27
5 10 3 8 1 6 11 4 9 2 7 0 41 46 39 44 37 42 47 40 45 38 43 36 29 34 27 32 25 30 35 28 33 26 31 24 17 22 15 20 13 18 23 16 21 14 19 12
6 7 8 9 10 11 0 1 2 3 4 5 18 19 20 21 22 23 12 13 14 15 16 17 30 31 32 33 34 35 24 25 26 27 28 29 42 43 44 45 46 47 36 37 38 39 40 41
7 0 5 10 3 8 1 6 11 4 9 2 19 12 17 22 15 20 13 18 23 16 21 14 43 36 41 46 39 44 37 42 47 40 45 38 31 24 29 34 27 32 25 30 35 28 33 26
8 9 10 11 0 1 2 3 4 5 6 7 32 33 34 35 24 25 26 27 28 29 30 31 44 45 46 47 36 37 38 39 40 41 42 43 20 21 22 23 12 13 14 15 16 17 18 19
9 2 7 0 5 10 3 8 1 6 11 4 33 26 31 24 29 34 27 32 25 30 35 28 21 14 19 12 17 22 15 20 13 18 23 16 45 38 43 36 41 46 39 44 37 42 47 40
10 11 0 1 2 3 4 5 6 7 8 9 46 47 36 37 38 39 40 41 42 43 44 45 22 23 12 13 14 15 16 17 18 19 20 21 34 35 24 25 26 27 28 29 30 31 32 33
11 4 9 2 7 0 5 10 3 8 1 6 47 40 45 38 43 36 41 46 39 44 37 42 35 28 33 26 31 24 29 34 27 32 25 30 23 16 21 14 19 12 17 22 15 20 13 18
12 13 14 15 16 17 18 19 20 21 22 23 0 1 2 3 4 5 6 7 8 9 10 11 36 37 38 39 40 41 42 43 44 45 46 47 24 25 26 27 28 29 30 31 32 33 34 35
13 18 23 16 21 14 19 12 17 22 15 20 1 6 11 4 9 2 7 0 5 10 3 8 25 30 35 28 33 26 31 24 29 34 27 32 37 42 47 40 45 38 43 36 41 46 39 44
14 15 16 17 18 19 20 21 22 23 12 13 38 39 40 41 42 43 44 45 46 47 36 37 26 27 28 29 30 31 32 33 34 35 24 25 2 3 4 5 6 7 8 9 10 11 0 1
15 20 13 18 23 16 21 14 19 12 17 22 39 44 37 42 47 40 45 38 43 36 41 46 3 8 1 6 11 4 9 2 7 0 5 10 27 32 25 30 35 28 33 26 31 24 29 34
16 17 18 19 20 21 22 23 12 13 14 15 28 29 30 31 32 33 34 35 24 25 26 27 4 5 6 7 8 9 10 11 0 1 2 3 40 41 42 43 44 45 46 47 36 37 38 39
17 22 15 20 13 18 23 16 21 14 19 12 29 34 27 32 25 30 35 28 33 26 31 24 41 46 39 44 37 42 47 40 45 38 43 36 5 10 3 8 1 6 11 4 9 2 7 0
18 19 20 21 22 23 12 13 14 15 16 17 6 7 8 9 10 11 0 1 2 3 4 5 42 43 44 45 46 47 36 37 38 39 40 41 30 31 32 33 34 35 24 25 26 27 28 29
19 12 17 22 15 20 13 18 23 16 21 14 7 0 5 10 3 8 1 6 11 4 9 2 31 24 29 34 27 32 25 30 35 28 33 26 43 36 41 46 39 44 37 42 47 40 45 38
20 21 22 23 12 13 14 15 16 17 18 19 44 45 46 47 36 37 38 39 40 41 42 43 32 33 34 35 24 25 26 27 28 29 30 31 8 9 10 11 0 1 2 3 4 5 6 7
21 14 19 12 17 22 15 20 13 18 23 16 45 38 43 36 41 46 39 44 37 42 47 40 9 2 7 0 5 10 3 8 1 6 11 4 33 26 31 24 29 34 27 32 25 30 35 28
22 23 12 13 14 15 16 17 18 19 20 21 34 35 24 25 26 27 28 29 30 31 32 33 10 11 0 1 2 3 4 5 6 7 8 9 46 47 36 37 38 39 40 41 42 43 44 45
23 16 21 14 19 12 17 22 15 20 13 18 35 28 33 26 31 24 29 34 27 32 25 30 47 40 45 38 43 36 41 46 39 44 37 42 11 4 9 2 7 0 5 10 3 8 1 6
24 25 26 27 28 29 30 31 32 33 34 35 36 37 38 39 40 41 42 43 44 45 46 47 0 1 2 3 4 5 6 7 8 9 10 11 12 13 14 15 16 17 18 19 20 21 22 23
25 30 35 28 33 26 31 24 29 34 27 32 37 42 47 40 45 38 43 36 41 46 39 44 13 18 23 16 21 14 19 12 17 22 15 20 1 6 11 4 9 2 7 0 5 10 3 8
26 27 28 29 30 31 32 33 34 35 24 25 2 3 4 5 6 7 8 9 10 11 0 1 14 15 16 17 18 19 20 21 22 23 12 13 38 39 40 41 42 43 44 45 46 47 36 37
27 32 25 30 35 28 33 26 31 24 29 34 3 8 1 6 11 4 9 2 7 0 5 10 39 44 37 42 47 40 45 38 43 36 41 46 15 20 13 18 23 16 21 14 19 12 17 22
28 29 30 31 32 33 34 35 24 25 26 27 16 17 18 19 20 21 22 23 12 13 14 15 40 41 42 43 44 45 46 47 36 37 38 39 4 5 6 7 8 9 10 11 0 1 2 3
29 34 27 32 25 30 35 28 33 26 31 24 17 22 15 20 13 18 23 16 21 14 19 12 5 10 3 8 1 6 11 4 9 2 7 0 41 46 39 44 37 42 47 40 45 38 43 36
30 31 32 33 34 35 24 25 26 27 28 29 42 43 44 45 46 47 36 37 38 39 40 41 6 7 8 9 10 11 0 1 2 3 4 5 18 19 20 21 22 23 12 13 14 15 16 17
31 24 29 34 27 32 25 30 35 28 33 26 43 36 41 46 39 44 37 42 47 40 45 38 19 12 17 22 15 20 13 18 23 16 21 14 7 0 5 10 3 8 1 6 11 4 9 2
32 33 34 35 24 25 26 27 28 29 30 31 8 9 10 11 0 1 2 3 4 5 6 7 20 21 22 23 12 13 14 15 16 17 18 19 44 45 46 47 36 37 38 39 40 41 42 43
33 26 31 24 29 34 27 32 25 30 35 28 9 2 7 0 5 10 3 8 1 6 11 4 45 38 43 36 41 46 39 44 37 42 47 40 21 14 19 12 17 22 15 20 13 18 23 16
34 35 24 25 26 27 28 29 30 31 32 33 22 23 12 13 14 15 16 17 18 19 20 21 46 47 36 37 38 39 40 41 42 43 44 45 10 11 0 1 2 3 4 5 6 7 8 9
35 28 33 26 31 24 29 34 27 32 25 30 23 16 21 14 19 12 17 22 15 20 13 18 11 4 9 2 7 0 5 10 3 8 1 6 47 40 45 38 43 36 41 46 39 44 37 42
36 37 38 39 40 41 42 43 44 45 46 47 24 25 26 27 28 29 30 31 32 33 34 35 12 13 14 15 16 17 18 19 20 21 22 23 0 1 2 3 4 5 6 7 8 9 10 11
37 42 47 40 45 38 43 36 41 46 39 44 25 30 35 28 33 26 31 24 29 34 27 32 1 6 11 4 9 2 7 0 5 10 3 8 13 18 23 16 21 14 19 12 17 22 15 20
38 39 40 41 42 43 44 45 46 47 36 37 14 15 16 17 18 19 20 21 22 23 12 13 2 3 4 5 6 7 8 9 10 11 0 1 26 27 28 29 30 31 32 33 34 35 24 25
39 44 37 42 47 40 45 38 43 36 41 46 15 20 13 18 23 16 21 14 19 12 17 22 27 32 25 30 35 28 33 26 31 24 29 34 3 8 1 6 11 4 9 2 7 0 5 10
40 41 42 43 44 45 46 47 36 37 38 39 4 5 6 7 8 9 10 11 0 1 2 3 28 29 30 31 32 33 34 35 24 25 26 27 16 17 18 19 20 21 22 23 12 13 14 15
41 46 39 44 37 42 47 40 45 38 43 36 5 10 3 8 1 6 11 4 9 2 7 0 17 22 15 20 13 18 23 16 21 14 19 12 29 34 27 32 25 30 35 28 33 26 31 24
42 43 44 45 46 47 36 37 38 39 40 41 30 31 32 33 34 35 24 25 26 27 28 29 18 19 20 21 22 23 12 13 14 15 16 17 6 7 8 9 10 11 0 1 2 3 4 5
43 36 41 46 39 44 37 42 47 40 45 38 31 24 29 34 27 32 25 30 35 28 33 26 7 0 5 10 3 8 1 6 11 4 9 2 19 12 17 22 15 20 13 18 23 16 21 14
44 45 46 47 36 37 38 39 40 41 42 43 20 21 22 23 12 13 14 15 16 17 18 19 8 9 10 11 0 1 2 3 4 5 6 7 32 33 34 35 24 25 26 27 28 29 30 31
45 38 43 36 41 46 39 44 37 42 47 40 21 14 19 12 17 22 15 20 13 18 23 16 33 26 31 24 29 34 27 32 25 30 35 28 9 2 7 0 5 10 3 8 1 6 11 4
46 47 36 37 38 39 40 41 42 43 44 45 10 11 0 1 2 3 4 5 6 7 8 9 34 35 24 25 26 27 28 29 30 31 32 33 22 23 12 13 14 15 16 17 18 19 20 21
47 40 45 38 43 36 41 46 39 44 37 42 11 4 9 2 7 0 5 10 3 8 1 6 23 16 21 14 19 12 17 22 15 20 13 18 35 28 33 26 31 24 29 34 27 32 25 30
Z2xZ2:Z2xZ2:Z3
0 1 2 3 4 5 6 7 8 9 10 11 12 13 14 15 16 17 18 19 20 21 22 23 24 25 26 27 28 29 30 31 32 33 34 35 36 37 38 39 40 41 42 43 44 45 46 47
1 2 0 7 8 6 10 11 9 4 5 3 25 26 24 31 32 30 34 35 33 28 29 27 37 38 36 43 44 42 46 47 45 40 41 39 13 14 12 19 20 18 22 23 21 16 17 15
2 0 1 11 9 10 5 3 4 8 6 7 38 36 37 47 45 46 41 39 40 44 42 43 14 12 13 23 21 22 17 15 16 20 18 19 26 24 25 35 33 34 29 27 28 32 30 31
3 4 5 0 1 2 9 10 11 6 7 8 15 16 17 12 13 14 21 22 23 18 19 20 27 28 29 24 25 26 33 34 35 30 31 32 39 40 41 36 37 38 45 46 47 42 43 44
4 5 3 10 11 9 7 8 6 1 2 0 28 29 27 34 35 33 31 32 30 25 26 24 40 41 39 46 47 45 43 44 42 37 38 36 16 17 15 22 23 21 19 20 18 13 14 12
5 3 4 8 6 7 2 0 1 11 9 10 41 39 40 44 42 43 38 36 37 47 45 46 17 15 16 20 18 19 14 12 13 23 21 22 29 27 28 32 30 31 26 24 25 35 33 34
6 7 8 9 10 11 0 1 2 3 4 5 18 19 20 21 22 23 12 13 14 15 16 17 30 31 32 33 34 35 24 25 26 27 28 29 42 43 44 45 46 47 36 37 38 39 40 41
7 8 6 1 2 0 4 5 3 10 11 9 31 32 30 25 26 24 28 29 27 34 35 33 43 44 42 37 38 36 40 41 39 46 47 45 19 20 18 13 14 12 16 17 15 22 23 21
8 6 7 5 3 4 11 9 10 2 0 1 44 42 43 41 39 40 47 45 46 38 36 37 20 18 19 17 15 16 23 21 22 14 12 13 32 30 31 29 27 28 35 33 34 26 24 25
9 10 11 6 7 8 3 4 5 0 1 2 21 22 23 18 19 20 15 16 17 12 13 14 33 34 35 30 31 32 27 28 29 24 25 26 45 46 47 42 43 44 39 40 41 36 37 38
10 11 9 4 5 3 1 2 0 7 8 6 34 35 33 28 29 27 25 26 24 31 32 30 46 47 45 40 41 39 37 38 36 43 44 42 22 23 21 16 17 15 13 14 12 19 20 18
11 9 10 2 0 1 8 6 7 5 3 4 47 45 46 38 36 37 44 42 43 41 39 40 23 21 22 14 12 13 20 18 19 17 15 16 35 33 34 26 24 25 32 30 31 29 27 28
12 13 14 15 16 17 18 19 20 21 22 23 0 1 2 3 4 5 6 7 8 9 10 11 36 37 38 39 40 41 42 43 44 45 46 47 24 25 26 27 28 29 30 31 32 33 34 35
13 14 12 19 20 18 22 23 21 16 17 15 37 38 36 43 44 42 46 47 45 40 41 39 25 26 24 31 32 30 34 35 33 28 29 27 1 2 0 7 8 6 10 11 9 4 5 3
14 12 13 23 21 22 17 15 16 20 18 19 26 24 25 35 33 34 29 27 28 32 30 31 2 0 1 11 9 10 5 3 4 8 6 7 38 36 37 47 45 46 41 39 40 44 42 43
15 16 17 12 13 14 21 22 23 18 19 20 3 4 5 0 1 2 9 10 11 6 7 8 39 40 41 36 37 38 45 46 47 42 43 44 27 28 29 24 25 26 33 34 35 30 31 32
16 17 15 22 23 21 19 20 18 13 14 12 40 41 39 46 47 45 43 44 42 37 38 36 28 29 27 34 35 33 31 32 30 25 26 24 4 5 3 10 11 9 7 8 6 1 2 0
17 15 16 20 18 19 14 12 13 23 21 22 29 27 28 32 30 31 26 24 25 35 33 34 5 3 4 8 6 7 2 0 1 11 9 10 41 39 40 44 42 43 38 36 37 47 45 46
18 19 20 21 22 23 12 13 14 15 16 17 6 7 8 9 10 11 0 1 2 3 4 5 42 43 44 45 46 47 36 37 38 39 40 41 30 31 32 33 34 35 24 25 26 27 28 29
19 20 18 13 14 12 16 17 15 22 23 21 43 44 42 37 38 36 40 41 39 46 47 45 31 32 30 25 26 24 28 29 27 34 35 33 7 8 6 1 2 0 4 5 3 10 11 9
20 18 19 17 15 16 23 21 22 14 12 13 32 30 31 29 27 28 35 33 34 26 24 25 8 6 7 5 3 4 11 9 10 2 0 1 44 42 43 41 39 40 47 45 46 38 36 37
21 22 23 18 19 20 15 16 17 12 13 14 9 10 11 6 7 8 3 4 5 0 1 2 45 46 47 42 43 44 39 40 41 36 37 38 33 34 35 30 31 32 27 28 29 24 25 26
22 23 21 16 17 15 13 14 12 19 20 18 46 47 45 40 41 39 37 38 36 43 44 42 34 35 33 28 29 27 25 26 24 31 32 30 10 11 9 4 5 3 1 2 0 7 8 6
23 21 22 14 12 13 20 18 19 17 15 16 35 33 34 26 24 25 32 30 31 29 27 28 11 9 10 2 0 1 8 6 7 5 3 4 47 45 46 38 36 37 44 42 43 41 39 40
24 25 26 27 28 29 30 31 32 33 34 35 36 37 38 39 40 41 42 43 44 45 46 47 0 1 2 3 4 5 6 7 8 9 10 11 12 13 14 15 16 17 18 19 20 21 22 23
25 26 24 31 32 30 34 35 33 28 29 27 1 2 0 7 8 6 10 11 9 4 5 3 13 14 12 19 20 18 22 23 21 16 17 15 37 38 36 43 44 42 46 47 45 40 41 39
26 24 25 35 33 34 29 27 28 32 30 31 14 12 13 23 21 22 17 15 16 20 18 19 38 36 37 47 45 46 41 39 40 44 42 43 2 0 1 11 9 10 5 3 4 8 6 7
27 28 29 24 25 26 33 34 35 30 31 32 39 40 41 36 37 38 45 46 47 42 43 44 3 4 5 0 1 2 9 10 11 6 7 8 15 16 17 12 13 14 21 22 23 18 19 20
28 29 27 34 35 33 31 32 30 25 26 24 4 5 3 10 11 9 7 8 6 1 2 0 16 17 15 22 23 21 19 20 18 13 14 12 40 41 39 46 47 45 43 44 42 37 38 36
29 27 28 32 30 31 26 24 25 35 33 34 17 15 16 20 18 19 14 12 13 23 21 22 41 39 40 44 42 43 38 36 37 47 45 46 5 3 4 8 6 7 2 0 1 11 9 10
30 31 32 33 34 35 24 25 26 27 28 29 42 43 44 45 46 47 36 37 38 39 40 41 6 7 8 9 10 11 0 1 2 3 4 5 18 19 20 21 22 23 12 13 14 15 16 17
31 32 30 25 26 24 28 29 27 34 35 33 7 8 6 1 2 0 4 5 3 10 11 9 19 20 18 13 14 12 16 17 15 22 23 21 43 44 42 37 38 36 40 41 39 46 47 45
32 30 31 29 27 28 35 33 34 26 24 25 20 18 19 17 15 16 23 21 22 14 12 13 44 42 43 41 39 40 47 45 46 38 36 37 8 6 7 5 3 4 11 9 10 2 0 1
33 34 35 30 31 32 27 28 29 24 25 26 45 46 47 42 43 44 39 40 41 36 37 38 9 10 11 6 7 8 3 4 5 0 1 2 21 22 23 18 19 20 15 16 17 12 13 14
34 35 33 28 29 27 25 26 24 31 32 30 10 11 9 4 5 3 1 2 0 7 8 6 22 23 21 16 17 15 13 14 12 19 20 18 46 47 45 40 41 39 37 38 36 43 44 42
35 33 34 26 24 25 32 30 31 29 27 28 23 21 22 14 12 13 20 18 19 17 15 16 47 45 46 38 36 37 44 42 43 41 39 40 11 9 10 2 0 1 8 6 7 5 3 4
36 37 38 39 40 41 42 43 44 45 46 47 24 25 26 27 28 29 30 31 32 33 34 35 12 13 14 15 16 17 18 19 20 21 22 23 0 1 2 3 4 5 6 7 8 9 10 11
37 38 36 43 44 42 46 47 45 40 41 39 13 14 12 19 20 18 22 23 21 16 17 15 1 2 0 7 8 6 10 11 9 4 5 3 25 26 24 31 32 30 34 35 33 28 29 27
38 36 37 47 45 46 41 39 40 44 42 43 2 0 1 11 9 10 5 3 4 8 6 7 26 24 25 35 33 34 29 27 28 32 30 31 14 12 13 23 21 22 17 15 16 20 18 19
39 40 41 36 37 38 45 46 47 42 43 44 27 28 29 24 25 26 33 34 35 30 31 32 15 16 17 12 13 14 21 22 23 18 19 20 3 4 5 0 1 2 9 10 11 6 7 8
40 41 39 46 47 45 43 44 42 37 38 36 16 17 15 22 23 21 19 20 18 13 14 12 4 5 3 10 11 9 7 8 6 1 2 0 28 29 27 34 35 33 31 32 30 25 26 24
41 39 40 44 42 43 38 36 37 47 45 46 5 3 4 8 6 7 2 0 1 11 9 10 29 27 28 32 30 31 26 24 25 35 33 34 17 15 16 20 18 19 14 12 13 23 21 22
42 43 44 45 46 47 36 37 38 39 40 41 30 31 32 33 34 35 24 25 26 27 28 29 18 19 20 21 22 23 12 13 14 15 16 17 6 7 8 9 10 11 0 1 2 3 4 5
43 44 42 37 38 36 40 41 39 46 47 45 19 20 18 13 14 12 16 17 15 22 23 21 7 8 6 1 2 0 4 5 3 10 11 9 31 32 30 25 26 24 28 29 27 34 35 33
44 42 43 41 39 40 47 45 46 38 36 37 8 6 7 5 3 4 11 9 10 2 0 1 32 30 31 29 27 28 35 33 34 26 24 25 20 18 19 17 15 16 23 21 22 14 12 13
45 46 47 42 43 44 39 40 41 36 37 38 33 34 35 30 31 32 27 28 29 24 25 26 21 22 23 18 19 20 15 16 17 12 13 14 9 10 11 6 7 8 3 4 5 0 1 2
46 47 45 40 41 39 37 38 36 43 44 42 22 23 21 16 17 15 13 14 12 19 20 18 10 11 9 4 5 3 1 2 0 7 8 6 34 35 33 28 29 27 25 26 24 31 32 30
47 45 46 38 36 37 44 42 43 41 39 40 11 9 10 2 0 1 8 6 7 5 3 4 35 33 34 26 24 25 32 30 31 29 27 28 23 21 22 14 12 13 20 18 19 17 15 16
Dic2:Z2xZ3
0 1 2 3 4 5 6 7 8 9 10 11 12 13 14 15 16 17 18 19 20 21 22 23 24 25 26 27 28 29 30 31 32 33 34 35 36 37 38 39 40 41 42 43 44 45 46 47
1 2 0 4 5 3 13 14 12 16 17 15 19 20 18 22 23 21 7 8 6 10 11 9 25 26 24 28 29 27 37 38 36 40 41 39 43 44 42 46 47 45 31 32 30 34 35 33
2 0 1 5 3 4 20 18 19 23 21 22 8 6 7 11 9 10 14 12 13 17 15 16 26 24 25 29 27 28 44 42 43 47 45 46 32 30 31 35 33 34 38 36 37 41 39 40
3 4 5 0 1 2 9 10 11 6 7 8 15 16 17 12 13 14 21 22 23 18 19 20 27 28 29 24 25 26 33 34 35 30 31 32 39 40 41 36 37 38 45 46 47 42 43 44
4 5 3 1 2 0 16 17 15 13 14 12 22 23 21 19 20 18 10 11 9 7 8 6 28 29 27 25 26 24 40 41 39 37 38 36 46 47 45 43 44 42 34 35 33 31 32 30
5 3 4 2 0 1 23 21 22 20 18 19 11 9 10 8 6 7 17 15 16 14 12 13 29 27 28 26 24 25 47 45 46 44 42 43 35 33 34 32 30 31 41 39 40 38 36 37
6 7 8 9 10 11 24 25 26 27 28 29 42 43 44 45 46 47 12 13 14 15 16 17 30 31 32 33 34 35 0 1 2 3 4 5 18 19 20 21 22 23 36 37 38 39 40 41
7 8 6 10 11 9 43 44 42 46 47 45 13 14 12 16 17 15 25 26 24 28 29 27 31 32 30 34 35 33 19 20 18 22 23 21 37 38 36 40 41 39 1 2 0 4 5 3
8 6 7 11 9 10 14 12 13 17 15 16 26 24 25 29 27 28 44 42 43 47 45 46 32 30 31 35 33 34 38 36 37 41 39 40 2 0 1 5 3 4 20 18 19 23 21 22
9 10 11 6 7 8 27 28 29 24 25 26 45 46 47 42 43 44 15 16 17 12 13 14 33 34 35 30 31 32 3 4 5 0 1 2 21 22 23 18 19 20 39 40 41 36 37 38
10 11 9 7 8 6 46 47 45 43 44 42 16 17 15 13 14 12 28 29 27 25 26 24 34 35 33 31 32 30 22 23 21 19 20 18 40 41 39 37 38 36 4 5 3 1 2 0
11 9 10 8 6 7 17 15 16 14 12 13 29 27 28 26 24 25 47 45 46 44 42 43 35 33 34 32 30 31 41 39 40 38 36 37 5 3 4 2 0 1 23 21 22 20 18 19
12 13 14 15 16 17 18 19 20 21 22 23 24 25 26 27 28 29 30 31 32 33 34 35 36 37 38 39 40 41 42 43 44 45 46 47 0 1 2 3 4 5 6 7 8 9 10 11
13 14 12 16 17 15 25 26 24 28 29 27 31 32 30 34 35 33 19 20 18 22 23 21 37 38 36 40 41 39 1 2 0 4 5 3 7 8 6 10 11 9 43 44 42 46 47 45
14 12 13 17 15 16 32 30 31 35 33 34 20 18 19 23 21 22 26 24 25 29 27 28 38 36 37 41 39 40 8 6 7 11 9 10 44 42 43 47 45 46 2 0 1 5 3 4
15 16 17 12 13 14 21 22 23 18 19 20 27 28 29 24 25 26 33 34 35 30 31 32 39 40 41 36 37 38 45 46 47 42 43 44 3 4 5 0 1 2 9 10 11 6 7 8
16 17 15 13 14 12 28 29 27 25 26 24 34 35 33 31 32 30 22 23 21 19 20 18 40 41 39 37 38 36 4 5 3 1 2 0 10 11 9 7 8 6 46 47 45 43 44 42
17 15 16 14 12 13 35 33 34 32 30 31 23 21 22 20 18 19 29 27 28 26 24 25 41 39 40 38 36 37 11 9 10 8 6 7 47 45 46 44 42 43 5 3 4 2 0 1
18 19 20 21 22 23 36 37 38 39 40 41 6 7 8 9 10 11 24 25 26 27 28 29 42 43 44 45 46 47 12 13 14 15 16 17 30 31 32 33 34 35 0 1 2 3 4 5
19 20 18 22 23 21 7 8 6 10 11 9 25 26 24 28 29 27 37 38 36 40 41 39 43 44 42 46 47 45 31 32 30 34 35 33 1 2 0 4 5 3 13 14 12 16 17 15
20 18 19 23 21 22 26 24 25 29 27 28 38 36 37 41 39 40 8 6 7 11 9 10 44 42 43 47 45 46 2 0 1 5 3 4 14 12 13 17 15 16 32 30 31 35 33 34
21 22 23 18 19 20 39 40 41 36 37 38 9 10 11 6 7 8 27 28 29 24 25 26 45 46 47 42 43 44 15 16 17 12 13 14 33 34 35 30 31 32 3 4 5 0 1 2
22 23 21 19 20 18 10 11 9 7 8 6 28 29 27 25 26 24 40 41 39 37 38 36 46 47 45 43 44 42 34 35 33 31 32 30 4 5 3 1 2 0 16 17 15 13 14 12
23 21 22 20 18 19 29 27 28 26 24 25 41 39 40 38 36 37 11 9 10 8 6 7 47 45 46 44 42 43 5 3 4 2 0 1 17 15 16 14 12 13 35 33 34 32 30 31
24 25 26 27 28 29 30 31 32 33 34 35 36 37 38 39 40 41 42 43 44 45 46 47 0 1 2 3 4 5 6 7 8 9 10 11 12 13 14 15 16 17 18 19 20 21 22 23
25 26 24 28 29 27 37 38 36 40 41 39 43 44 42 46 47 45 31 32 30 34 35 33 1 2 0 4 5 3 13 14 12 16 17 15 19 20 18 22 23 21 7 8 6 10 11 9
26 24 25 29 27 28 44 42 43 47 45 46 32 30 31 35 33 34 38 36 37 41 39 40 2 0 1 5 3 4 20 18 19 23 21 22 8 6 7 11 9 10 14 12 13 17 15 16
27 28 29 24 25 26 33 34 35 30 31 32 39 40 41 36 37 38 45 46 47 42 43 44 3 4 5 0 1 2 9 10 11 6 7 8 15 16 17 12 13 14 21 22 23 18 19 20
28 29 27 25 26 24 40 41 39 37 38 36 46 47 45 43 44 42 34 35 33 31 32 30 4 5 3 1 2 0 16 17 15 13 14 12 22 23 21 19 20 18 10 11 9 7 8 6
29 27 28 26 24 25 47 45 46 44 42 43 35 33 34 32 30 31 41 39 40 38 36 37 5 3 4 2 0 1 23 21 22 20 18 19 11 9 10 8 6 7 17 15 16 14 12 13
30 31 32 33 34 35 0 1 2 3 4 5 18 19 20 21 22 23 36 37 38 39 40 41 6 7 8 9 10 11 24 25 26 27 28 29 42 43 44 45 46 47 12 13 14 15 16 17
31 32 30 34 35 33 19 20 18 22 23 21 37 38 36 40 41 39 1 2 0 4 5 3 7 8 6 10 11 9 43 44 42 46 47 45 13 14 12 16 17 15 25 26 24 28 29 27
32 30 31 35 33 34 38 36 37 41 39 40 2 0 1 5 3 4 20 18 19 23 21 22 8 6 7 11 9 10 14 12 13 17 15 16 26 24 25 29 27 28 44 42 43 47 45 46
33 34 35 30 31 32 3 4 5 0 1 2 21 22 23 18 19 20 39 40 41 36 37 38 9 10 11 6 7 8 27 28 29 24 25 26 45 46 47 42 43 44 15 16 17 12 13 14
34 35 33 31 32 30 22 23 21 19 20 18 40 41 39 37 38 36 4 5 3 1 2 0 10 11 9 7 8 6 46 47 45 43 44 42 16 17 15 13 14 12 28 29 27 25 26 24
35 33 34 32 30 31 41 39 40 38 36 37 5 3 4 2 0 1 23 21 22 20 18 19 11 9 10 8 6 7 17 15 16 14 12 13 29 27 28 26 24 25 47 45 46 44 42 43
36 37 38 39 40 41 42 43 44 45 46 47 0 1 2 3 4 5 6 7 8 9 10 11 12 13 14 15 16 17 18 19 20 21 22 23 24 25 26 27 28 29 30 31 32 33 34 35
37 38 36 40 41 39 1 2 0 4 5 3 7 8 6 10 11 9 43 44 42 46 47 45 13 14 12 16 17 15 25 26 24 28 29 27 31 32 30 34 35 33 19 20 18 22 23 21
38 36 37 41 39 40 8 6 7 11 9 10 44 42 43 47 45 46 2 0 1 5 3 4 14 12 13 17 15 16 32 30 31 35 33 34 20 18 19 23 21 22 26 24 25 29 27 28
39 40 41 36 37 38 45 46 47 42 43 44 3 4 5 0 1 2 9 10 11 6 7 8 15 16 17 12 13 14 21 22 23 18 19 20 27 28 29 24 25 26 33 34 35 30 31 32
40 41 39 37 38 36 4 5 3 1 2 0 10 11 9 7 8 6 46 47 45 43 44 42 16 17 15 13 14 12 28 29 27 25 26 24 34 35 33 31 32 30 22 23 21 19 20 18
41 39 40 38 36 37 11 9 10 8 6 7 47 45 46 44 42 43 5 3 4 2 0 1 17 15 16 14 12 13 35 33 34 32 30 31 23 21 22 20 18 19 29 27 28 26 24 25
42 43 44 45 46 47 12 13 14 15 16 17 30 31 32 33 34 35 0 1 2 3 4 5 18 19 20 21 22 23 36 37 38 39 40 41 6 7 8 9 10 11 24 25 26 27 28 29
43 44 42 46 47 45 31 32 30 34 35 33 1 2 0 4 5 3 13 14 12 16 17 15 19 20 18 22 23 21 7 8 6 10 11 9 25 26 24 28 29 27 37 38 36 40 41 39
44 42 43 47 45 46 2 0 1 5 3 4 14 12 13 17 15 16 32 30 31 35 33 34 20 18 19 23 21 22 26 24 25 29 27 28 38 36 37 41 39 40 8 6 7 11 9 10
45 46 47 42 43 44 15 16 17 12 13 14 33 34 35 30 31 32 3 4 5 0 1 2 21 22 23 18 19 20 39 40 41 36 37 38 9 10 11 6 7 8 27 28 29 24 25 26
46 47 45 43 44 42 34 35 33 31 32 30 4 5 3 1 2 0 16 17 15 13 14 12 22 23 21 19 20 18 10 11 9 7 8 6 28 29 27 25 26 24 40 41 39 37 38 36
47 45 46 44 42 43 5 3 4 2 0 1 17 15 16 14 12 13 35 33 34 32 30 31 23 21 22 20 18 19 29 27 28 26 24 25 41 39 40 38 36 37 11 9 10 8 6 7
Dic2:D6
0 1 2 3 4 5 6 7 8 9 10 11 12 13 14 15 16 17 18 19 20 21 22 23 24 25 26 27 28 29 30 31 32 33 34 35 36 37 38 39 40 41 42 43 44 45 46 47
1 0 5 4 3 2 31 30 35 34 33 32 43 42 47 46 45 44 37 36 41 40 39 38 25 24 29 28 27 26 7 6 11 10 9 8 19 18 23 22 21 20 13 12 17 16 15 14
2 3 4 5 0 1 14 15 16 17 12 13 20 21 22 23 18 19 8 9 10 11 6 7 26 27 28 29 24 25 38 39 40 41 36 37 44 45 46 47 42 43 32 33 34 35 30 31
3 2 1 0 5 4 39 38 37 36 41 40 33 32 31 30 35 34 45 44 43 42 47 46 27 26 25 24 29 28 15 14 13 12 17 16 9 8 7 6 11 10 21 20 19 18 23 22
4 5 0 1 2 3 22 23 18 19 20 21 10 11 6 7 8 9 16 17 12 13 14 15 28 29 24 25 26 27 46 47 42 43 44 45 34 35 30 31 32 33 40 41 36 37 38 39
5 4 3 2 1 0 47 46 45 44 43 42 41 40 39 38 37 36 35 34 33 32 31 30 29 28 27 26 25 24 23 22 21 20 19 18 17 16 15 14 13 12 11 10 9 8 7 6
6 7 8 9 10 11 24 25 26 27 28 29 42 43 44 45 46 47 12 13 14 15 16 17 30 31 32 33 34 35 0 1 2 3 4 5 18 19 20 21 22 23 36 37 38 39 40 41
7 6 11 10 9 8 1 0 5 4 3 2 37 36 41 40 39 38 19 18 23 22 21 20 31 30 35 34 33 32 25 24 29 28 27 26 13 12 17 16 15 14 43 42 47 46 45 44
8 9 10 11 6 7 44 45 46 47 42 43 14 15 16 17 12 13 26 27 28 29 24 25 32 33 34 35 30 31 20 21 22 23 18 19 38 39 40 41 36 37 2 3 4 5 0 1
9 8 7 6 11 10 21 20 19 18 23 22 3 2 1 0 5 4 39 38 37 36 41 40 33 32 31 30 35 34 45 44 43 42 47 46 27 26 25 24 29 28 15 14 13 12 17 16
10 11 6 7 8 9 16 17 12 13 14 15 28 29 24 25 26 27 46 47 42 43 44 45 34 35 30 31 32 33 40 41 36 37 38 39 4 5 0 1 2 3 22 23 18 19 20 21
11 10 9 8 7 6 41 40 39 38 37 36 23 22 21 20 19 18 5 4 3 2 1 0 35 34 33 32 31 30 17 16 15 14 13 12 47 46 45 44 43 42 29 28 27 26 25 24
12 13 14 15 16 17 18 19 20 21 22 23 24 25 26 27 28 29 30 31 32 33 34 35 36 37 38 39 40 41 42 43 44 45 46 47 0 1 2 3 4 5 6 7 8 9 10 11
13 12 17 16 15 14 43 42 47 46 45 44 7 6 11 10 9 8 1 0 5 4 3 2 37 36 41 40 39 38 19 18 23 22 21 20 31 30 35 34 33 32 25 24 29 28 27 26
14 15 16 17 12 13 26 27 28 29 24 25 32 33 34 35 30 31 20 21 22 23 18 19 38 39 40 41 36 37 2 3 4 5 0 1 8 9 10 11 6 7 44 45 46 47 42 43
15 14 13 12 17 16 3 2 1 0 5 4 45 44 43 42 47 46 9 8 7 6 11 10 39 38 37 36 41 40 27 26 25 24 29 28 21 20 19 18 23 22 33 32 31 30 35 34
16 17 12 13 14 15 34 35 30 31 32 33 22 23 18 19 20 21 28 29 24 25 26 27 40 41 36 37 38 39 10 11 6 7 8 9 46 47 42 43 44 45 4 5 0 1 2 3
17 16 15 14 13 12 11 10 9 8 7 6 5 4 3 2 1 0 47 46 45 44 43 42 41 40 39 38 37 36 35 34 33 32 31 30 29 28 27 26 25 24 23 22 21 20 19 18
18 19 20 21 22 23 36 37 38 39 40 41 6 7 8 9 10 11 24 25 26 27 28 29 42 43 44 45 46 47 12 13 14 15 16 17 30 31 32 33 34 35 0 1 2 3 4 5
19 18 23 22 21 20 13 12 17 16 15 14 1 0 5 4 3 2 31 30 35 34 33 32 43 42 47 46 45 44 37 36 41 40 39 38 25 24 29 28 27 26 7 6 11 10 9 8
20 21 22 23 18 19 8 9 10 11 6 7 26 27 28 29 24 25 38 39 40 41 36 37 44 45 46 47 42 43 32 33 34 35 30 31 2 3 4 5 0 1 14 15 16 17 12 13
21 20 19 18 23 22 33 32 31 30 35 34 15 14 13 12 17 16 3 2 1 0 5 4 45 44 43 42 47 46 9 8 7 6 11 10 39 38 37 36 41 40 27 26 25 24 29 28
22 23 18 19 20 21 28 29 24 25 26 27 40 41 36 37 38 39 10 11 6 7 8 9 46 47 42 43 44 45 4 5 0 1 2 3 16 17 12 13 14 15 34 35 30 31 32 33
23 22 21 20 19 18 5 4 3 2 1 0 35 34 33 32 31 30 17 16 15 14 13 12 47 46 45 44 43 42 29 28 27 26 25 24 11 10 9 8 7 6 41 40 39 38 37 36
24 25 26 27 28 29 30 31 32 33 34 35 36 37 38 39 40 41 42 43 44 45 46 47 0 1 2 3 4 5 6 7 8 9 10 11 12 13 14 15 16 17 18 19 20 21 22 23
25 24 29 28 27 26 7 6 11 10 9 8 19 18 23 22 21 20 13 12 17 16 15 14 1 0 5 4 3 2 31 30 35 34 33 32 43 42 47 46 45 44 37 36 41 40 39 38
26 27 28 29 24 25 38 39 40 41 36 37 44 45 46 47 42 43 32 33 34 35 30 31 2 3 4 5 0 1 14 15 16 17 12 13 20 21 22 23 18 19 8 9 10 11 6 7
27 26 25 24 29 28 15 14 13 12 17 16 9 8 7 6 11 10 21 20 19 18 23 22 3 2 1 0 5 4 39 38 37 36 41 40 33 32 31 30 35 34 45 44 43 42 47 46
28 29 24 25 26 27 46 47 42 43 44 45 34 35 30 31 32 33 40 41 36 37 38 39 4 5 0 1 2 3 22 23 18 19 20 21 10 11 6 7 8 9 16 17 12 13 14 15
29 28 27 26 25 24 23 22 21 20 19 18 17 16 15 14 13 12 11 10 9 8 7 6 5 4 3 2 1 0 47 46 45 44 43 42 41 40 39 38 37 36 35 34 33 32 31 30
30 31 32 33 34 35 0 1 2 3 4 5 18 19 20 21 22 23 36 37 38 39 40 41 6 7 8 9 10 11 24 25 26 27 28 29 42 43 44 45 46 47 12 13 14 15 16 17
31 30 35 34 33 32 25 24 29 28 27 26 13 12 17 16 15 14 43 42 47 46 45 44 7 6 11 10 9 8 1 0 5 4 3 2 37 36 41 40 39 38 19 18 23 22 21 20
32 33 34 35 30 31 20 21 22 23 18 19 38 39 40 41 36 37 2 3 4 5 0 1 8 9 10 11 6 7 44 45 46 47 42 43 14 15 16 17 12 13 26 27 28 29 24 25
33 32 31 30 35 34 45 44 43 42 47 46 27 26 25 24 29 28 15 14 13 12 17 16 9 8 7 6 11 10 21 20 19 18 23 22 3 2 1 0 5 4 39 38 37 36 41 40
34 35 30 31 32 33 40 41 36 37 38 39 4 5 0 1 2 3 22 23 18 19 20 21 10 11 6 7 8 9 16 17 12 13 14 15 28 29 24 25 26 27 46 47 42 43 44 45
35 34 33 32 31 30 17 16 15 14 13 12 47 46 45 44 43 42 29 28 27 26 25 24 11 10 9 8 7 6 41 40 39 38 37 36 23 22 21 20 19 18 5 4 3 2 1 0
36 37 38 39 40 41 42 43 44 45 46 47 0 1 2 3 4 5 6 7 8 9 10 11 12 13 14 15 16 17 18 19 20 21 22 23 24 25 26 27 28 29 30 31 32 33 34 35
37 36 41 40 39 38 19 18 23 22 21 20 31 30 35 34 33 32 25 24 29 28 27 26 13 12 17 16 15 14 43 42 47 46 45 44 7 6 11 10 9 8 1 0 5 4 3 2
38 39 40 41 36 37 2 3 4 5 0 1 8 9 10 11 6 7 44 45 46 47 42 43 14 15 16 17 12 13 26 27 28 29 24 25 32 33 34 35 30 31 20 21 22 23 18 19
39 38 37 36 41 40 27 26 25 24 29 28 21 20 19 18 23 22 33 32 31 30 35 34 15 14 13 12 17 16 3 2 1 0 5 4 45 44 43 42 47 46 9 8 7 6 11 10
40 41 36 37 38 39 10 11 6 7 8 9 46 47 42 43 44 45 4 5 0 1 2 3 16 17 12 13 14 15 34 35 30 31 32 33 22 23 18 19 20 21 28 29 24 25 26 27
41 40 39 38 37 36 35 34 33 32 31 30 29 28 27 26 25 24 23 22 21 20 19 18 17 16 15 14 13 12 11 10 9 8 7 6 5 4 3 2 1 0 47 46 45 44 43 42
42 43 44 45 46 47 12 13 14 15 16 17 30 31 32 33 34 35 0 1 2 3 4 5 18 19 20 21 22 23 36 37 38 39 40 41 6 7 8 9 10 11 24 25 26 27 28 29
43 42 47 46 45 44 37 36 41 40 39 38 25 24 29 28 27 26 7 6 11 10 9 8 19 18 23 22 21 20 13 12 17 16 15 14 1 0 5 4 3 2 31 30 35 34 33 32
44 45 46 47 42 43 32 33 34 35 30 31 2 3 4 5 0 1 14 15 16 17 12 13 20 21 22 23 18 19 8 9 10 11 6 7 26 27 28 29 24 25 38 39 40 41 36 37
45 44 43 42 47 46 9 8 7 6 11 10 39 38 37 36 41 40 27 26 25 24 29 28 21 20 19 18 23 22 33 32 31 30 35 34 15 14 13 12 17 16 3 2 1 0 5 4
46 47 42 43 44 45 4 5 0 1 2 3 16 17 12 13 14 15 34 35 30 31 32 33 22 23 18 19 20 21 28 29 24 25 26 27 40 41 36 37 38 39 10 11 6 7 8 9
47 46 45 44 43 42 29 28 27 26 25 24 11 10 9 8 7 6 41 40 39 38 37 36 23 22 21 20 19 18 5 4 3 2 1 0 35 34 33 32 31 30 17 16 15 14 13 12
Z4xZ4:Z3
0 1 2 3 4 5 6 7 8 9 10 11 12 13 14 15 16 17 18 19 20 21 22 23 24 25 26 27 28 29 30 31 32 33 34 35 36 37 38 39 40 41 42 43 44 45 46 47
1 2 0 13 14 12 25 26 24 37 38 36 46 47 45 10 11 9 22 23 21 34 35 33 31 32 30 43 44 42 7 8 6 19 20 18 16 17 15 28 29 27 40 41 39 4 5 3
2 0 1 47 45 46 32 30 31 17 15 16 5 3 4 38 36 37 35 33 34 20 18 19 8 6 7 41 39 40 26 24 25 23 21 22 11 9 10 44 42 43 29 27 28 14 12 13
3 4 5 6 7 8 9 10 11 0 1 2 15 16 17 18 19 20 21 22 23 12 13 14 27 28 29 30 31 32 33 34 35 24 25 26 39 40 41 42 43 44 45 46 47 36 37 38
4 5 3 16 17 15 28 29 27 40 41 39 37 38 36 1 2 0 13 14 12 25 26 24 34 35 33 46 47 45 10 11 9 22 23 21 19 20 18 31 32 30 43 44 42 7 8 6
5 3 4 38 36 37 35 33 34 20 18 19 8 6 7 41 39 40 26 24 25 23 21 22 11 9 10 44 42 43 29 27 28 14 12 13 2 0 1 47 45 46 32 30 31 17 15 16
6 7 8 9 10 11 0 1 2 3 4 5 18 19 20 21 22 23 12 13 14 15 16 17 30 31 32 33 34 35 24 25 26 27 28 29 42 43 44 45 46 47 36 37 38 39 40 41
7 8 6 19 20 18 31 32 30 43 44 42 40 41 39 4 5 3 16 17 15 28 29 27 25 26 24 37 38 36 1 2 0 13 14 12 22 23 21 34 35 33 46 47 45 10 11 9
8 6 7 41 39 40 26 24 25 23 21 22 11 9 10 44 42 43 29 27 28 14 12 13 2 0 1 47 45 46 32 30 31 17 15 16 5 3 4 38 36 37 35 33 34 20 18 19
9 10 11 0 1 2 3 4 5 6 7 8 21 22 23 12 13 14 15 16 17 18 19 20 33 34 35 24 25 26 27 28 29 30 31 32 45 46 47 36 37 38 39 40 41 42 43 44
10 11 9 22 23 21 34 35 33 46 47 45 43 44 42 7 8 6 19 20 18 31 32 30 28 29 27 40 41 39 4 5 3 16 17 15 13 14 12 25 26 24 37 38 36 1 2 0
11 9 10 44 42 43 29 27 28 14 12 13 2 0 1 47 45 46 32 30 31 17 15 16 5 3 4 38 36 37 35 33 34 20 18 19 8 6 7 41 39 40 26 24 25 23 21 22
12 13 14 15 16 17 18 19 20 21 22 23 24 25 26 27 28 29 30 31 32 33 34 35 36 37 38 39 40 41 42 43 44 45 46 47 0 1 2 3 4 5 6 7 8 9 10 11
13 14 12 25 26 24 37 38 36 1 2 0 10 11 9 22 23 21 34 35 33 46 47 45 43 44 42 7 8 6 19 20 18 31 32 30 28 29 27 40 41 39 4 5 3 16 17 15
14 12 13 11 9 10 44 42 43 29 27 28 17 15 16 2 0 1 47 45 46 32 30 31 20 18 19 5 3 4 38 36 37 35 33 34 23 21 22 8 6 7 41 39 40 26 24 25
15 16 17 18 19 20 21 22 23 12 13 14 27 28 29 30 31 32 33 34 35 24 25 26 39 40 41 42 43 44 45 46 47 36 37 38 3 4 5 6 7 8 9 10 11 0 1 2
16 17 15 28 29 27 40 41 39 4 5 3 1 2 0 13 14 12 25 26 24 37 38 36 46 47 45 10 11 9 22 23 21 34 35 33 31 32 30 43 44 42 7 8 6 19 20 18
17 15 16 2 0 1 47 45 46 32 30 31 20 18 19 5 3 4 38 36 37 35 33 34 23 21 22 8 6 7 41 39 40 26 24 25 14 12 13 11 9 10 44 42 43 29 27 28
18 19 20 21 22 23 12 13 14 15 16 17 30 31 32 33 34 35 24 25 26 27 28 29 42 43 44 45 46 47 36 37 38 39 40 41 6 7 8 9 10 11 0 1 2 3 4 5
19 20 18 31 32 30 43 44 42 7 8 6 4 5 3 16 17 15 28 29 27 40 41 39 37 38 36 1 2 0 13 14 12 25 26 24 34 35 33 46 47 45 10 11 9 22 23 21
20 18 19 5 3 4 38 36 37 35 33 34 23 21 22 8 6 7 41 39 40 26 24 25 14 12 13 11 9 10 44 42 43 29 27 28 17 15 16 2 0 1 47 45 46 32 30 31
21 22 23 12 13 14 15 16 17 18 19 20 33 34 35 24 25 26 27 28 29 30 31 32 45 46 47 36 37 38 39 40 41 42 43 44 9 10 11 0 1 2 3 4 5 6 7 8
22 23 21 34 35 33 46 47 45 10 11 9 7 8 6 19 20 18 31 32 30 43 44 42 40 41 39 4 5 3 16 17 15 28 29 27 25 26 24 37 38 36 1 2 0 13 14 12
23 21 22 8 6 7 41 39 40 26 24 25 14 12 13 11 9 10 44 42 43 29 27 28 17 15 16 2 0 1 47 45 46 32 30 31 20 18 19 5 3 4 38 36 37 35 33 34
24 25 26 27 28 29 30 31 32 33 34 35 36 37 38 39 40 41 42 43 44 45 46 47 0 1 2 3 4 5 6 7 8 9 10 11 12 13 14 15 16 17 18 19 20 21 22 23
25 26 24 37 38 36 1 2 0 13 14 12 22 23 21 34 35 33 46 47 45 10 11 9 7 8 6 19 20 18 31 32 30 43 44 42 40 41 39 4 5 3 16 17 15 28 29 27
26 24 25 23 21 22 8 6 7 41 39 40 29 27 28 14 12 13 11 9 10 44 42 43 32 30 31 17 15 16 2 0 1 47 45 46 35 33 34 20 18 19 5 3 4 38 36 37
27 28 29 30 31 32 33 34 35 24 25 26 39 40 41 42 43 44 45 46 47 36 37 38 3 4 5 6 7 8 9 10 11 0 1 2 15 16 17 18 19 20 21 22 23 12 13 14
28 29 27 40 41 39 4 5 3 16 17 15 13 14 12 25 26 24 37 38 36 1 2 0 10 11 9 22 23 21 34 35 33 46 47 45 43 44 42 7 8 6 19 20 18 31 32 30
29 27 28 14 12 13 11 9 10 44 42 43 32 30 31 17 15 16 2 0 1 47 45 46 35 33 34 20 18 19 5 3 4 38 36 37 26 24 25 23 21 22 8 6 7 41 39 40
30 31 32 33 34 35 24 25 26 27 28 29 42 43 44 45 46 47 36 37 38 39 40 41 6 7 8 9 10 11 0 1 2 3 4 5 18 19 20 21 22 23 12 13 14 15 16 17
31 32 30 43 44 42 7 8 6 19 20 18 16 17 15 28 29 27 40 41 39 4 5 3 1 2 0 13 14 12 25 26 24 37 38 36 46 47 45 10 11 9 22 23 21 34 35 33
32 30 31 17 15 16 2 0 1 47 45 46 35 33 34 20 18 19 5 3 4 38 36 37 26 24 25 23 21 22 8 6 7 41 39 40 29 27 28 14 12 13 11 9 10 44 42 43
33 34 35 24 25 26 27 28 29 30 31 32 45 46 47 36 37 38 39 40 41 42 43 44 9 10 11 0 1 2 3 4 5 6 7 8 21 22 23 12 13 14 15 16 17 18 19 20
34 35 33 46 47 45 10 11 9 22 23 21 19 20 18 31 32 30 43 44 42 7 8 6 4 5 3 16 17 15 28 29 27 40 41 39 37 38 36 1 2 0 13 14 12 25 26 24
35 33 34 20 18 19 5 3 4 38 36 37 26 24 25 23 21 22 8 6 7 41 39 40 29 27 28 14 12 13 11 9 10 44 42 43 32 30 31 17 15 16 2 0 1 47 45 46
36 37 38 39 40 41 42 43 44 45 46 47 0 1 2 3 4 5 6 7 8 9 10 11 12 13 14 15 16 17 18 19 20 21 22 23 24 25 26 27 28 29 30 31 32 33 34 35
37 38 36 1 2 0 13 14 12 25 26 24 34 35 33 46 47 45 10 11 9 22 23 21 19 20 18 31 32 30 43 44 42 7 8 6 4 5 3 16 17 15 28 29 27 40 41 39
38 36 37 35 33 34 20 18 19 5 3 4 41 39 40 26 24 25 23 21 22 8 6 7 44 42 43 29 27 28 14 12 13 11 9 10 47 45 46 32 30 31 17 15 16 2 0 1
39 40 41 42 43 44 45 46 47 36 37 38 3 4 5 6 7 8 9 10 11 0 1 2 15 16 17 18 19 20 21 22 23 12 13 14 27 28 29 30 31 32 33 34 35 24 25 26
40 41 39 4 5 3 16 17 15 28 29 27 25 26 24 37 38 36 1 2 0 13 14 12 22 23 21 34 35 33 46 47 45 10 11 9 7 8 6 19 20 18 31 32 30 43 44 42
41 39 40 26 24 25 23 21 22 8 6 7 44 42 43 29 27 28 14 12 13 11 9 10 47 45 46 32 30 31 17 15 16 2 0 1 38 36 37 35 33 34 20 18 19 5 3 4
42 43 44 45 46 47 36 37 38 39 40 41 6 7 8 9 10 11 0 1 2 3 4 5 18 19 20 21 22 23 12 13 14 15 16 17 30 31 32 33 34 35 24 25 26 27 28 29
43 44 42 7 8 6 19 20 18 31 32 30 28 29 27 40 41 39 4 5 3 16 17 15 13 14 12 25 26 24 37 38 36 1 2 0 10 11 9 22 23 21 34 35 33 46 47 45
44 42 43 29 27 28 14 12 13 11 9 10 47 45 46 32 30 31 17 15 16 2 0 1 38 36 37 35 33 34 20 18 19 5 3 4 41 39 40 26 24 25 23 21 22 8 6 7
45 46 47 36 37 38 39 40 41 42 43 44 9 10 11 0 1 2 3 4 5 6 7 8 21 22 23 12 13 14 15 16 17 18 19 20 33 34 35 24 25 26 27 28 29 30 31 32
46 47 45 10 11 9 22 23 21 34 35 33 31 32 30 43 44 42 7 8 6 19 20 18 16 17 15 28 29 27 40 41 39 4 5 3 1 2 0 13 14 12 25 26 24 37 38 36
47 45 46 32 30 31 17 15 16 2 0 1 38 36 37 35 33 34 20 18 19 5 3 4 41 39 40 26 24 25 23 21 22 8 6 7 44 42 43 29 27 28 14 12 13 11 9 10
Z4xZ2:Z2:Z3
0 1 2 3 4 5 6 7 8 9 10 11 12 13 14 15 16 17 18 19 20 21 22 23 24 25 26 27 28 29 30 31 32 33 34 35 36 37 38 39 40 41 42 43 44 45 46 47
1 2 0 7 8 6 46 47 45 16 17 15 13 14 12 19 20 18 10 11 9 28 29 27 25 26 24 31 32 30 22 23 21 40 41 39 37 38 36 43 44 42 34 35 33 4 5 3
2 0 1 47 45 46 5 3 4 20 18 19 14 12 13 11 9 10 17 15 16 32 30 31 26 24 25 23 21 22 29 27 28 44 42 43 38 36 37 35 33 34 41 39 40 8 6 7
3 4 5 0 1 2 33 34 35 30 31 32 15 16 17 12 13 14 45 46 47 42 43 44 27 28 29 24 25 26 9 10 11 6 7 8 39 40 41 36 37 38 21 22 23 18 19 20
4 5 3 34 35 33 19 20 18 13 14 12 16 17 15 46 47 45 31 32 30 25 26 24 28 29 27 10 11 9 43 44 42 37 38 36 40 41 39 22 23 21 7 8 6 1 2 0
5 3 4 20 18 19 2 0 1 47 45 46 17 15 16 32 30 31 14 12 13 11 9 10 29 27 28 44 42 43 26 24 25 23 21 22 41 39 40 8 6 7 38 36 37 35 33 34
6 7 8 9 10 11 0 1 2 3 4 5 18 19 20 21 22 23 12 13 14 15 16 17 30 31 32 33 34 35 24 25 26 27 28 29 42 43 44 45 46 47 36 37 38 39 40 41
7 8 6 1 2 0 40 41 39 22 23 21 19 20 18 13 14 12 4 5 3 34 35 33 31 32 30 25 26 24 16 17 15 46 47 45 43 44 42 37 38 36 28 29 27 10 11 9
8 6 7 41 39 40 11 9 10 14 12 13 20 18 19 5 3 4 23 21 22 26 24 25 32 30 31 17 15 16 35 33 34 38 36 37 44 42 43 29 27 28 47 45 46 2 0 1
9 10 11 6 7 8 27 28 29 24 25 26 21 22 23 18 19 20 39 40 41 36 37 38 33 34 35 30 31 32 3 4 5 0 1 2 45 46 47 42 43 44 15 16 17 12 13 14
10 11 9 28 29 27 13 14 12 19 20 18 22 23 21 40 41 39 25 26 24 31 32 30 34 35 33 4 5 3 37 38 36 43 44 42 46 47 45 16 17 15 1 2 0 7 8 6
11 9 10 14 12 13 8 6 7 41 39 40 23 21 22 26 24 25 20 18 19 5 3 4 35 33 34 38 36 37 32 30 31 17 15 16 47 45 46 2 0 1 44 42 43 29 27 28
12 13 14 15 16 17 18 19 20 21 22 23 24 25 26 27 28 29 30 31 32 33 34 35 36 37 38 39 40 41 42 43 44 45 46 47 0 1 2 3 4 5 6 7 8 9 10 11
13 14 12 19 20 18 10 11 9 28 29 27 25 26 24 31 32 30 22 23 21 40 41 39 37 38 36 43 44 42 34 35 33 4 5 3 1 2 0 7 8 6 46 47 45 16 17 15
14 12 13 11 9 10 17 15 16 32 30 31 26 24 25 23 21 22 29 27 28 44 42 43 38 36 37 35 33 34 41 39 40 8 6 7 2 0 1 47 45 46 5 3 4 20 18 19
15 16 17 12 13 14 45 46 47 42 43 44 27 28 29 24 25 26 9 10 11 6 7 8 39 40 41 36 37 38 21 22 23 18 19 20 3 4 5 0 1 2 33 34 35 30 31 32
16 17 15 46 47 45 31 32 30 25 26 24 28 29 27 10 11 9 43 44 42 37 38 36 40 41 39 22 23 21 7 8 6 1 2 0 4 5 3 34 35 33 19 20 18 13 14 12
17 15 16 32 30 31 14 12 13 11 9 10 29 27 28 44 42 43 26 24 25 23 21 22 41 39 40 8 6 7 38 36 37 35 33 34 5 3 4 20 18 19 2 0 1 47 45 46
18 19 20 21 22 23 12 13 14 15 16 17 30 31 32 33 34 35 24 25 26 27 28 29 42 43 44 45 46 47 36 37 38 39 40 41 6 7 8 9 10 11 0 1 2 3 4 5
19 20 18 13 14 12 4 5 3 34 35 33 31 32 30 25 26 24 16 17 15 46 47 45 43 44 42 37 38 36 28 29 27 10 11 9 7 8 6 1 2 0 40 41 39 22 23 21
20 18 19 5 3 4 23 21 22 26 24 25 32 30 31 17 15 16 35 33 34 38 36 37 44 42 43 29 27 28 47 45 46 2 0 1 8 6 7 41 39 40 11 9 10 14 12 13
21 22 23 18 19 20 39 40 41 36 37 38 33 34 35 30 31 32 3 4 5 0 1 2 45 46 47 42 43 44 15 16 17 12 13 14 9 10 11 6 7 8 27 28 29 24 25 26
22 23 21 40 41 39 25 26 24 31 32 30 34 35 33 4 5 3 37 38 36 43 44 42 46 47 45 16 17 15 1 2 0 7 8 6 10 11 9 28 29 27 13 14 12 19 20 18
23 21 22 26 24 25 20 18 19 5 3 4 35 33 34 38 36 37 32 30 31 17 15 16 47 45 46 2 0 1 44 42 43 29 27 28 11 9 10 14 12 13 8 6 7 41 39 40
24 25 26 27 28 29 30 31 32 33 34 35 36 37 38 39 40 41 42 43 44 45 46 47 0 1 2 3 4 5 6 7 8 9 10 11 12 13 14 15 16 17 18 19 20 21 22 23
25 26 24 31 32 30 22 23 21 40 41 39 37 38 36 43 44 42 34 35 33 4 5 3 1 2 0 7 8 6 46 47 45 16 17 15 13 14 12 19 20 18 10 11 9 28 29 27
26 24 25 23 21 22 29 27 28 44 42 43 38 36 37 35 33 34 41 39 40 8 6 7 2 0 1 47 45 46 5 3 4 20 18 19 14 12 13 11 9 10 17 15 16 32 30 31
27 28 29 24 25 26 9 10 11 6 7 8 39 40 41 36 37 38 21 22 23 18 19 20 3 4 5 0 1 2 33 34 35 30 31 32 15 16 17 12 13 14 45 46 47 42 43 44
28 29 27 10 11 9 43 44 42 37 38 36 40 41 39 22 23 21 7 8 6 1 2 0 4 5 3 34 35 33 19 20 18 13 14 12 16 17 15 46 47 45 31 32 30 25 26 24
29 27 28 44 42 43 26 24 25 23 21 22 41 39 40 8 6 7 38 36 37 35 33 34 5 3 4 20 18 19 2 0 1 47 45 46 17 15 16 32 30 31 14 12 13 11 9 10
30 31 32 33 34 35 24 25 26 27 28 29 42 43 44 45 46 47 36 37 38 39 40 41 6 7 8 9 10 11 0 1 2 3 4 5 18 19 20 21 22 23 12 13 14 15 16 17
31 32 30 25 26 24 16 17 15 46 47 45 43 44 42 37 38 36 28 29 27 10 11 9 7 8 6 1 2 0 40 41 39 22 23 21 19 20 18 13 14 12 4 5 3 34 35 33
32 30 31 17 15 16 35 33 34 38 36 37 44 42 43 29 27 28 47 45 46 2 0 1 8 6 7 41 39 40 11 9 10 14 12 13 20 18 19 5 3 4 23 21 22 26 24 25
33 34 35 30 31 32 3 4 5 0 1 2 45 46 47 42 43 44 15 16 17 12 13 14 9 10 11 6 7 8 27 28 29 24 25 26 21 22 23 18 19 20 39 40 41 36 37 38
34 35 33 4 5 3 37 38 36 43 44 42 46 47 45 16 17 15 1 2 0 7 8 6 10 11 9 28 29 27 13 14 12 19 20 18 22 23 21 40 41 39 25 26 24 31 32 30
35 33 34 38 36 37 32 30 31 17 15 16 47 45 46 2 0 1 44 42 43 29 27 28 11 9 10 14 12 13 8 6 7 41 39 40 23 21 22 26 24 25 20 18 19 5 3 4
36 37 38 39 40 41 42 43 44 45 46 47 0 1 2 3 4 5 6 7 8 9 10 11 12 13 14 15 16 17 18 19 20 21 22 23 24 25 26 27 28 29 30 31 32 33 34 35
37 38 36 43 44 42 34 35 33 4 5 3 1 2 0 7 8 6 46 47 45 16 17 15 13 14 12 19 20 18 10 11 9 28 29 27 25 26 24 31 32 30 22 23 21 40 41 39
38 36 37 35 33 34 41 39 40 8 6 7 2 0 1 47 45 46 5 3 4 20 18 19 14 12 13 11 9 10 17 15 16 32 30 31 26 24 25 23 21 22 29 27 28 44 42 43
39 40 41 36 37 38 21 22 23 18 19 20 3 4 5 0 1 2 33 34 35 30 31 32 15 16 17 12 13 14 45 46 47 42 43 44 27 28 29 24 25 26 9 10 11 6 7 8
40 41 39 22 23 21 7 8 6 1 2 0 4 5 3 34 35 33 19 20 18 13 14 12 16 17 15 46 47 45 31 32 30 25 26 24 28 29 27 10 11 9 43 44 42 37 38 36
41 39 40 8 6 7 38 36 37 35 33 34 5 3 4 20 18 19 2 0 1 47 45 46 17 15 16 32 30 31 14 12 13 11 9 10 29 27 28 44 42 43 26 24 25 23 21 22
42 43 44 45 46 47 36 37 38 39 40 41 6 7 8 9 10 11 0 1 2 3 4 5 18 19 20 21 22 23 12 13 14 15 16 17 30 31 32 33 34 35 24 25 26 27 28 29
43 44 42 37 38 36 28 29 27 10 11 9 7 8 6 1 2 0 40 41 39 22 23 21 19 20 18 13 14 12 4 5 3 34 35 33 31 32 30 25 26 24 16 17 15 46 47 45
44 42 43 29 27 28 47 45 46 2 0 1 8 6 7 41 39 40 11 9 10 14 12 13 20 18 19 5 3 4 23 21 22 26 24 25 32 30 31 17 15 16 35 33 34 38 36 37
45 46 47 42 43 44 15 16 17 12 13 14 9 10 11 6 7 8 27 28 29 24 25 26 21 22 23 18 19 20 39 40 41 36 37 38 33 34 35 30 31 32 3 4 5 0 1 2
46 47 45 16 17 15 1 2 0 7 8 6 10 11 9 28 29 27 13 14 12 19 20 18 22 23 21 40 41 39 25 26 24 31 32 30 34 35 33 4 5 3 37 38 36 43 44 42
47 45 46 2 0 1 44 42 43 29 27 28 11 9 10 14 12 13 8 6 7 41 39 40 23 21 22 26 24 25 20 18 19 5 3 4 35 33 34 38 36 37 32 30 31 17 15 16
2O
0 1 2 3 4 5 6 7 8 9 10 11 12 13 14 15 16 17 18 19 20 21 22 23 24 25 26 27 28 29 30 31 32 33 34 35 36 37 38 39 40 41 42 43 44 45 46 47
1 0 3 2 5 4 7 6 23 22 21 20 19 18 17 16 15 14 13 12 11 10 9 8 27 26 25 24 31 30 29 28 35 34 33 32 39 38 37 36 43 42 41 40 47 46 45 44
2 3 1 0 6 7 5 4 18 16 19 17 10 8 11 9 22 20 23 21 14 12 15 13 26 24 27 25 40 41 42 43 37 36 39 38 34 35 32 33 31 30 29 28 46 44 47 45
3 2 0 1 7 6 4 5 13 15 12 14 21 23 20 22 9 11 8 10 17 19 16 18 25 27 24 26 43 42 41 40 38 39 36 37 33 32 35 34 28 29 30 31 45 47 44 46
4 5 7 6 1 0 2 3 17 21 9 13 16 20 8 12 19 23 11 15 18 22 10 14 45 44 47 46 30 28 31 29 36 38 37 39 35 33 34 32 41 43 40 42 26 27 24 25
5 4 6 7 0 1 3 2 14 10 22 18 15 11 23 19 12 8 20 16 13 9 21 17 46 47 44 45 29 31 28 30 39 37 38 36 32 34 33 35 42 40 43 41 25 24 27 26
6 7 4 5 3 2 1 0 20 12 16 8 22 14 18 10 21 13 17 9 23 15 19 11 44 46 45 47 42 40 43 41 34 32 35 33 38 36 39 37 30 28 31 29 27 25 26 24
7 6 5 4 2 3 0 1 11 19 15 23 9 17 13 21 10 18 14 22 8 16 12 20 47 45 46 44 41 43 40 42 33 35 32 34 37 39 36 38 29 31 28 30 24 26 25 27
8 23 17 14 20 11 18 13 16 4 2 9 6 12 10 0 1 21 19 7 22 3 5 15 36 32 35 39 44 24 27 47 40 28 31 43 30 41 42 29 26 45 46 25 34 38 37 33
9 22 19 12 16 15 10 21 2 17 11 7 8 4 0 13 18 1 5 23 6 20 14 3 41 28 31 42 36 33 34 39 24 45 46 27 26 47 44 25 37 35 32 38 40 30 29 43
10 21 16 15 12 19 22 9 6 8 18 2 14 0 5 11 20 4 1 17 3 13 23 7 40 29 30 43 32 37 38 35 46 24 27 45 44 26 25 47 34 36 39 33 42 28 31 41
11 20 18 13 8 23 14 17 10 2 5 19 0 9 15 7 6 16 22 1 12 4 3 21 37 33 34 38 24 47 44 27 29 41 42 30 40 31 28 43 46 26 25 45 32 36 39 35
12 19 9 22 21 10 16 15 4 13 8 0 20 3 6 14 17 7 2 11 1 23 18 5 28 42 41 31 38 32 35 37 44 25 26 47 45 24 27 46 36 33 34 39 30 43 40 29
13 18 11 20 17 14 8 23 9 7 0 15 4 21 12 3 2 19 10 5 16 1 6 22 33 38 37 34 45 25 26 46 28 43 40 31 41 29 30 42 24 47 44 27 36 35 32 39
14 17 8 23 13 18 20 11 12 0 6 10 3 15 22 5 4 9 16 2 21 7 1 19 32 39 36 35 25 46 45 26 42 29 30 41 28 40 43 31 44 24 27 47 38 33 34 37
15 16 10 21 9 22 12 19 0 11 14 5 13 7 3 23 8 2 6 18 4 17 20 1 29 43 40 30 33 39 36 34 25 47 44 26 24 46 45 27 32 37 38 35 28 41 42 31
16 15 21 10 22 9 19 12 1 20 17 4 18 6 2 8 23 3 7 13 5 14 11 0 30 40 43 29 34 36 39 33 26 44 47 25 27 45 46 24 35 38 37 32 31 42 41 28
17 14 23 8 18 13 11 20 19 1 7 21 2 16 9 4 5 22 15 3 10 6 0 12 35 36 39 32 26 45 46 25 41 30 29 42 31 43 40 28 47 27 24 44 37 34 33 38
18 13 20 11 14 17 23 8 22 6 1 16 5 10 19 2 3 12 21 4 15 0 7 9 34 37 38 33 46 26 25 45 31 40 43 28 42 30 29 41 27 44 47 24 39 32 35 36
19 12 22 9 10 21 15 16 5 18 23 1 11 2 7 17 14 6 3 20 0 8 13 4 31 41 42 28 37 35 32 38 47 26 25 44 46 27 24 45 39 34 33 36 29 40 43 30
20 11 13 18 23 8 17 14 21 3 4 12 1 22 16 6 7 15 9 0 19 5 2 10 38 34 33 37 27 44 47 24 30 42 41 29 43 28 31 40 45 25 26 46 35 39 36 32
21 10 15 16 19 12 9 22 7 23 13 3 17 1 4 20 11 5 0 14 2 18 8 6 43 30 29 40 35 38 37 32 45 27 24 46 47 25 26 44 33 39 36 34 41 31 28 42
22 9 12 19 15 16 21 10 3 14 20 6 23 5 1 18 13 0 4 8 7 11 17 2 42 31 28 41 39 34 33 36 27 46 45 24 25 44 47 26 38 32 35 37 43 29 30 40
23 8 14 17 11 20 13 18 15 5 3 22 7 19 21 1 0 10 12 6 9 2 4 16 39 35 32 36 47 27 24 44 43 31 28 40 29 42 41 30 25 46 45 26 33 37 38 34
24 27 26 25 44 47 46 45 40 36 37 41 32 28 29 33 34 30 31 35 42 38 39 43 2 0 1 3 8 11 20 23 10 9 22 21 16 19 12 15 18 17 14 13 6 4 5 7
25 26 24 27 45 46 44 47 28 33 32 29 38 43 42 39 36 41 40 37 30 35 34 31 0 3 2 1 13 14 17 18 12 15 16 19 9 10 21 22 8 11 20 23 4 7 6 5
26 25 27 24 46 45 47 44 31 34 35 30 37 40 41 36 39 42 43 38 29 32 33 28 1 2 3 0 18 17 14 13 19 16 15 12 22 21 10 9 23 20 11 8 5 6 7 4
27 24 25 26 47 44 45 46 43 39 38 42 35 31 30 34 33 29 28 32 41 37 36 40 3 1 0 2 23 20 11 8 21 22 9 10 15 12 19 16 13 14 17 18 7 5 4 6
28 31 41 42 30 29 40 43 36 45 24 33 44 38 32 25 26 35 37 47 34 27 46 39 9 12 19 22 4 0 1 5 8 13 18 23 17 11 20 14 2 7 6 3 16 21 10 15
29 30 40 43 28 31 42 41 32 24 46 37 25 33 39 47 44 36 34 26 38 45 27 35 10 15 16 21 0 5 4 1 14 11 20 17 8 18 13 23 6 2 3 7 12 9 22 19
30 29 43 40 31 28 41 42 35 27 45 38 26 34 36 44 47 39 33 25 37 46 24 32 21 16 15 10 1 4 5 0 17 20 11 14 23 13 18 8 7 3 2 6 19 22 9 12
31 28 42 41 29 30 43 40 39 46 27 34 47 37 35 26 25 32 38 44 33 24 45 36 22 19 12 9 5 1 0 4 23 18 13 8 14 20 11 17 3 6 7 2 15 10 21 16
32 35 36 39 38 37 34 33 44 28 40 24 42 25 46 29 30 45 26 41 27 43 31 47 8 14 17 23 12 10 21 19 6 0 1 7 4 2 3 5 16 9 22 15 20 13 18 11
33 34 37 38 36 39 32 35 24 41 29 47 28 45 25 43 40 26 46 31 44 30 42 27 11 13 18 20 9 15 16 22 0 7 6 1 2 5 4 3 10 19 12 21 8 17 14 23
34 33 38 37 39 36 35 32 27 42 30 44 31 46 26 40 43 25 45 28 47 29 41 24 20 18 13 11 22 16 15 9 1 6 7 0 3 4 5 2 21 12 19 10 23 14 17 8
35 32 39 36 37 38 33 34 47 31 43 27 41 26 45 30 29 46 25 42 24 40 28 44 23 17 14 8 19 21 10 12 7 1 0 6 5 3 2 4 15 22 9 16 11 18 13 20
36 39 35 32 34 33 37 38 26 30 41 45 40 44 24 28 31 27 47 43 46 42 29 25 17 8 23 14 16 9 22 15 2 4 5 3 1 7 6 0 19 21 10 12 18 20 11 13
37 38 34 33 32 35 39 36 46 40 31 26 29 24 47 41 42 44 27 30 25 28 43 45 18 11 20 13 10 19 12 21 5 2 3 4 6 1 0 7 22 16 15 9 14 8 23 17
38 37 33 34 35 32 36 39 45 43 28 25 30 27 44 42 41 47 24 29 26 31 40 46 13 20 11 18 21 12 19 10 4 3 2 5 7 0 1 6 9 15 16 22 17 23 8 14
39 36 32 35 33 34 38 37 25 29 42 46 43 47 27 31 28 24 44 40 45 41 30 26 14 23 8 17 15 22 9 16 3 5 4 2 0 6 7 1 12 10 21 19 13 11 20 18
40 43 30 29 42 41 31 28 34 44 26 36 46 32 37 24 27 38 35 45 39 25 47 33 16 10 21 15 6 2 3 7 18 8 23 13 20 17 14 11 1 4 5 0 22 12 19 9
41 42 31 28 40 43 29 30 37 26 47 35 24 36 33 45 46 34 39 27 32 44 25 38 19 9 22 12 2 7 6 3 11 17 14 20 18 23 8 13 5 1 0 4 10 16 15 21
42 41 28 31 43 40 30 29 38 25 44 32 27 39 34 46 45 33 36 24 35 47 26 37 12 22 9 19 3 6 7 2 20 14 17 11 13 8 23 18 4 0 1 5 21 15 16 10
43 40 29 30 41 42 28 31 33 47 25 39 45 35 38 27 24 37 32 46 36 26 44 34 15 21 10 16 7 3 2 6 13 23 8 18 11 14 17 20 0 5 4 1 9 19 12 22
44 47 45 46 27 24 26 25 30 38 36 28 34 42 40 32 35 43 41 33 31 39 37 29 4 6 7 5 20 8 23 11 16 12 19 15 21 9 22 10 17 13 18 14 1 3 2 0
45 46 47 44 26 25 24 27 41 35 33 43 36 30 28 38 37 31 29 39 40 34 32 42 7 4 5 6 17 13 18 14 9 21 10 22 19 15 16 12 11 23 8 20 2 1 0 3
46 45 44 47 25 26 27 24 42 32 34 40 39 29 31 37 38 28 30 36 43 33 35 41 6 5 4 7 14 18 13 17 22 10 21 9 12 16 15 19 20 8 23 11 3 0 1 2
47 44 46 45 24 27 25 26 29 37 39 31 33 41 43 35 32 40 42 34 28 36 38 30 5 7 6 4 11 23 8 20 15 19 12 16 10 22 9 21 14 18 13 17 0 2 3 1
