m14_21 14 30 0 9 0 10 0 11 1 10 1 11 1 13 2 11 2 12 2 13 3 11 3 12 3 13 4 11 4 12 4 13 5 11 5 12 5 13 6 11 6 12 6 13 7 11 7 12 7 13 8 11 8 12 8 13 9 12 9 13 10 12
m14_22 14 30 0 9 0 10 0 13 1 10 1 12 1 13 2 10 2 12 2 13 3 11 3 12 3 13 4 11 4 12 4 13 5 11 5 12 5 13 6 11 6 12 6 13 7 11 7 12 7 13 8 11 8 12 8 13 9 11 9 12 10 11
m14_23 14 30 0 9 0 10 0 13 1 10 1 12 1 13 2 10 2 12 2 13 3 10 3 12 3 13 4 11 4 12 4 13 5 11 5 12 5 13 6 11 6 12 6 13 7 11 7 12 7 13 8 11 8 12 8 13 9 11 9 12 10 11
m14_24 14 30 0 9 0 10 0 12 1 10 1 12 1 13 2 10 2 12 2 13 3 10 3 12 3 13 4 10 4 12 4 13 5 11 5 12 5 13 6 11 6 12 6 13 7 11 7 12 7 13 8 11 8 12 8 13 9 11 9 13 10 11
m14_28 14 29 0 9 0 10 0 13 1 9 1 12 1 13 2 10 2 11 2 13 3 11 3 12 3 13 4 11 4 12 4 13 5 11 5 12 5 13 6 11 6 12 6 13 7 11 7 12 7 13 8 11 8 12 8 13 9 11 10 12
m14_29 14 30 0 9 0 10 0 13 1 9 1 10 1 13 2 10 2 11 2 13 3 11 3 12 3 13 4 11 4 12 4 13 5 11 5 12 5 13 6 11 6 12 6 13 7 11 7 12 7 13 8 11 8 12 8 13 9 11 9 12 10 12
m14_30 14 29 0 9 0 10 0 13 1 9 1 11 1 13 2 10 2 12 2 13 3 10 3 12 3 13 4 11 4 12 4 13 5 11 5 12 5 13 6 11 6 12 6 13 7 11 7 12 7 13 8 11 8 12 8 13 9 12 10 11
m14_31 14 30 0 9 0 10 0 13 1 9 1 10 1 13 2 10 2 12 2 13 3 10 3 12 3 13 4 11 4 12 4 13 5 11 5 12 5 13 6 11 6 12 6 13 7 11 7 12 7 13 8 11 8 12 8 13 9 11 9 12 10 11
m14_32 14 29 0 9 0 10 0 13 1 9 1 11 1 13 2 10 2 12 2 13 3 10 3 12 3 13 4 10 4 12 4 13 5 11 5 12 5 13 6 11 6 12 6 13 7 11 7 12 7 13 8 11 8 12 8 13 9 12 10 11
m14_33 14 30 0 9 0 12 0 13 1 9 1 12 1 13 2 10 2 11 2 13 3 10 3 11 3 13 4 11 4 12 4 13 5 11 5 12 5 13 6 11 6 12 6 13 7 11 7 12 7 13 8 11 8 12 8 13 9 10 9 11 10 12
m14_34 14 30 0 9 0 11 0 13 1 9 1 11 1 13 2 10 2 12 2 13 3 10 3 12 3 13 4 10 4 12 4 13 5 11 5 12 5 13 6 11 6 12 6 13 7 11 7 12 7 13 8 11 8 12 8 13 9 10 9 12 10 11
m14_35 14 30 0 9 0 11 0 13 1 9 1 11 1 13 2 10 2 12 2 13 3 10 3 12 3 13 4 10 4 12 4 13 5 10 5 12 5 13 6 11 6 12 6 13 7 11 7 12 7 13 8 11 8 12 8 13 9 10 9 12 10 11
m14_42 14 29 0 9 0 10 0 13 1 9 1 10 1 13 2 9 2 12 2 13 3 10 3 11 3 13 4 11 4 12 4 13 5 11 5 12 5 13 6 11 6 12 6 13 7 11 7 12 7 13 8 11 8 12 8 13 9 11 10 12
m14_43 14 30 0 9 0 10 0 13 1 9 1 10 1 13 2 9 2 10 2 13 3 10 3 11 3 13 4 11 4 12 4 13 5 11 5 12 5 13 6 11 6 12 6 13 7 11 7 12 7 13 8 11 8 12 8 13 9 11 9 12 10 12
m14_44 14 29 0 9 0 10 0 13 1 9 1 12 1 13 2 9 2 12 2 13 3 10 3 11 3 13 4 10 4 11 4 13 5 11 5 12 5 13 6 11 6 12 6 13 7 11 7 12 7 13 8 11 8 12 8 13 9 11 10 12
m14_45 14 29 0 9 0 10 0 13 1 9 1 10 1 13 2 9 2 11 2 13 3 10 3 12 3 13 4 10 4 12 4 13 5 11 5 12 5 13 6 11 6 12 6 13 7 11 7 12 7 13 8 11 8 12 8 13 9 12 10 11
m14_46 14 29 0 9 0 10 0 13 1 9 1 11 1 13 2 9 2 11 2 13 3 10 3 12 3 13 4 10 4 12 4 13 5 10 5 12 5 13 6 11 6 12 6 13 7 11 7 12 7 13 8 11 8 12 8 13 9 12 10 11
m14_47 14 30 0 9 0 12 0 13 1 9 1 12 1 13 2 9 2 12 2 13 3 10 3 11 3 13 4 10 4 11 4 13 5 10 5 11 5 13 6 11 6 12 6 13 7 11 7 12 7 13 8 11 8 12 8 13 9 10 9 11 10 12
m14_48 14 30 0 9 0 11 0 13 1 9 1 11 1 13 2 9 2 11 2 13 3 10 3 12 3 13 4 10 4 12 4 13 5 10 5 12 5 13 6 10 6 12 6 13 7 11 7 12 7 13 8 11 8 12 8 13 9 10 9 12 10 11
m14_55 14 29 0 9 0 10 0 13 1 9 1 10 1 13 2 9 2 10 2 13 3 9 3 12 3 13 4 10 4 11 4 13 5 11 5 12 5 13 6 11 6 12 6 13 7 11 7 12 7 13 8 11 8 12 8 13 9 11 10 12
m14_56 14 29 0 9 0 10 0 13 1 9 1 10 1 13 2 9 2 12 2 13 3 9 3 12 3 13 4 10 4 11 4 13 5 10 5 11 5 13 6 11 6 12 6 13 7 11 7 12 7 13 8 11 8 12 8 13 9 11 10 12
m14_57 14 29 0 9 0 10 0 13 1 9 1 12 1 13 2 9 2 12 2 13 3 9 3 12 3 13 4 10 4 11 4 13 5 10 5 11 5 13 6 10 6 11 6 13 7 11 7 12 7 13 8 11 8 12 8 13 9 11 10 12
m14_58 14 30 0 9 0 12 0 13 1 9 1 12 1 13 2 9 2 12 2 13 3 9 3 12 3 13 4 10 4 11 4 13 5 10 5 11 5 13 6 10 6 11 6 13 7 10 7 11 7 13 8 11 8 12 8 13 9 10 9 11 10 12
m14_63 14 29 0 8 0 10 0 13 1 9 1 10 1 12 2 10 2 12 2 13 3 11 3 12 3 13 4 11 4 12 4 13 5 11 5 12 5 13 6 11 6 12 6 13 7 11 7 12 7 13 8 11 8 12 9 11 9 13 10 11
m14_64 14 29 0 8 0 10 0 13 1 9 1 10 1 12 2 10 2 12 2 13 3 10 3 12 3 13 4 11 4 12 4 13 5 11 5 12 5 13 6 11 6 12 6 13 7 11 7 12 7 13 8 11 8 12 9 11 9 13 10 11
m14_65 14 29 0 8 0 10 0 13 1 9 1 10 1 12 2 10 2 12 2 13 3 10 3 12 3 13 4 10 4 12 4 13 5 11 5 12 5 13 6 11 6 12 6 13 7 11 7 12 7 13 8 11 8 12 9 11 9 13 10 11
m14_66 14 34 0 8 0 10 0 13 1 9 1 10 1 12 2 10 2 11 2 12 2 13 3 10 3 11 3 12 3 13 4 10 4 11 4 12 4 13 5 10 5 11 5 12 5 13 6 10 6 11 6 12 6 13 7 10 7 11 7 12 7 13 8 11 8 12 9 11 9 13
m14_67 14 29 0 8 0 9 0 10 0 12 1 9 1 11 1 12 2 10 2 12 2 13 3 10 3 12 3 13 4 10 4 12 4 13 5 11 5 12 5 13 6 11 6 12 6 13 7 11 7 12 7 13 8 11 8 13 9 13 10 11
m14_68 14 35 0 8 0 9 0 10 0 11 1 9 1 10 1 11 1 13 2 10 2 11 2 12 2 13 3 10 3 11 3 12 3 13 4 10 4 11 4 12 4 13 5 10 5 11 5 12 5 13 6 10 6 11 6 12 6 13 7 10 7 11 7 12 7 13 8 12 8 13 9 12
m14_69 14 35 0 8 0 9 0 10 1 9 1 10 1 12 1 13 2 10 2 11 2 12 2 13 3 10 3 11 3 12 3 13 4 10 4 11 4 12 4 13 5 10 5 11 5 12 5 13 6 10 6 11 6 12 6 13 7 10 7 11 7 12 7 13 8 11 8 12 8 13 9 11
m14_70 14 29 0 8 0 9 0 11 1 9 1 10 1 11 1 12 2 11 2 12 2 13 3 11 3 12 3 13 4 11 4 12 4 13 5 11 5 12 5 13 6 11 6 12 6 13 7 11 7 12 7 13 8 10 8 12 9 13 10 13
m14_71 14 29 0 8 0 9 0 11 0 12 1 9 1 10 1 12 2 10 2 12 2 13 3 11 3 12 3 13 4 11 4 12 4 13 5 11 5 12 5 13 6 11 6 12 6 13 7 11 7 12 7 13 8 10 8 13 9 13 10 11
m14_72 14 29 0 8 0 9 0 11 0 12 1 9 1 10 1 12 2 10 2 12 2 13 3 10 3 12 3 13 4 11 4 12 4 13 5 11 5 12 5 13 6 11 6 12 6 13 7 11 7 12 7 13 8 10 8 13 9 13 10 11
m14_73 14 29 0 8 0 10 0 11 1 9 1 10 1 13 2 9 2 10 2 13 3 11 3 12 3 13 4 11 4 12 4 13 5 11 5 12 5 13 6 11 6 12 6 13 7 11 7 12 7 13 8 12 8 13 9 11 9 12 10 12
m14_74 14 29 0 8 0 10 0 11 1 9 1 10 1 13 2 9 2 10 2 13 3 10 3 11 3 13 4 11 4 12 4 13 5 11 5 12 5 13 6 11 6 12 6 13 7 11 7 12 7 13 8 12 8 13 9 11 9 12 10 12
m14_75 14 29 0 8 0 10 0 13 1 9 1 12 1 13 2 9 2 12 2 13 3 10 3 11 3 13 4 11 4 12 4 13 5 11 5 12 5 13 6 11 6 12 6 13 7 11 7 12 7 13 8 11 8 12 9 10 9 11 10 12
m14_76 14 29 0 8 0 10 0 13 1 9 1 12 1 13 2 9 2 12 2 13 3 10 3 11 3 13 4 10 4 11 4 13 5 11 5 12 5 13 6 11 6 12 6 13 7 11 7 12 7 13 8 11 8 12 9 10 9 11 10 12
m14_77 14 29 0 8 0 10 0 13 1 9 1 11 1 13 2 9 2 11 2 13 3 10 3 12 3 13 4 10 4 12 4 13 5 10 5 12 5 13 6 11 6 12 6 13 7 11 7 12 7 13 8 11 8 12 9 10 9 12 10 11
m14_78 14 33 0 8 0 10 0 12 1 9 1 12 1 13 2 9 2 12 2 13 3 10 3 11 3 12 3 13 4 10 4 11 4 12 4 13 5 10 5 11 5 12 5 13 6 10 6 11 6 12 6 13 7 10 7 11 7 12 7 13 8 11 8 13 9 10 9 11
m14_79 14 31 0 8 0 9 0 10 0 13 1 9 1 10 1 12 1 13 2 9 2 10 2 12 2 13 3 11 3 12 3 13 4 11 4 12 4 13 5 11 5 12 5 13 6 11 6 12 6 13 7 11 7 12 7 13 8 11 8 12 9 11 10 11
m14_80 14 29 0 8 0 9 0 10 0 13 1 9 1 12 1 13 2 9 2 12 2 13 3 10 3 11 3 13 4 10 4 11 4 13 5 11 5 12 5 13 6 11 6 12 6 13 7 11 7 12 7 13 8 11 8 12 9 11 10 12
m14_81 14 29 0 8 0 9 0 10 0 13 1 9 1 11 1 13 2 9 2 11 2 13 3 10 3 12 3 13 4 10 4 12 4 13 5 10 5 12 5 13 6 11 6 12 6 13 7 11 7 12 7 13 8 11 8 12 9 12 10 11
m14_82 14 29 0 8 0 9 0 12 0 13 1 9 1 10 1 13 2 9 2 10 2 13 3 11 3 12 3 13 4 11 4 12 4 13 5 11 5 12 5 13 6 11 6 12 6 13 7 11 7 12 7 13 8 10 8 11 9 11 10 12
m14_83 14 30 0 8 0 9 0 12 1 9 1 10 1 12 1 13 2 9 2 10 2 12 2 13 3 11 3 12 3 13 4 11 4 12 4 13 5 11 5 12 5 13 6 11 6 12 6 13 7 11 7 12 7 13 8 10 8 13 9 11 10 11
m14_84 14 29 0 8 0 9 0 13 1 9 1 10 1 13 2 9 2 10 2 13 3 11 3 12 3 13 4 11 4 12 4 13 5 11 5 12 5 13 6 11 6 12 6 13 7 11 7 12 7 13 8 10 8 12 9 11 9 12 10 11
m14_85 14 29 0 8 0 9 0 11 0 13 1 9 1 10 1 13 2 9 2 10 2 13 3 10 3 12 3 13 4 11 4 12 4 13 5 11 5 12 5 13 6 11 6 12 6 13 7 11 7 12 7 13 8 10 8 12 9 12 10 11
m14_86 14 29 0 8 0 9 0 13 1 9 1 10 1 13 2 9 2 10 2 13 3 10 3 12 3 13 4 11 4 12 4 13 5 11 5 12 5 13 6 11 6 12 6 13 7 11 7 12 7 13 8 10 8 12 9 11 9 12 10 11
m14_87 14 35 0 8 0 9 0 12 0 13 1 9 1 11 1 12 1 13 2 9 2 11 2 12 2 13 3 10 3 11 3 12 3 13 4 10 4 11 4 12 4 13 5 10 5 11 5 12 5 13 6 10 6 11 6 12 6 13 7 10 7 11 7 12 7 13 8 10 8 11 9 10
m14_88 14 35 0 8 0 9 0 13 1 9 1 11 1 12 1 13 2 9 2 11 2 12 2 13 3 10 3 11 3 12 3 13 4 10 4 11 4 12 4 13 5 10 5 11 5 12 5 13 6 10 6 11 6 12 6 13 7 10 7 11 7 12 7 13 8 10 8 11 8 12 9 10
m14_89 14 34 0 8 0 9 0 13 1 9 1 12 1 13 2 9 2 12 2 13 3 10 3 11 3 12 3 13 4 10 4 11 4 12 4 13 5 10 5 11 5 12 5 13 6 10 6 11 6 12 6 13 7 10 7 11 7 12 7 13 8 10 8 11 8 12 9 10 9 11
m14_90 14 29 0 8 0 10 0 11 1 9 1 10 1 13 2 9 2 10 2 13 3 9 3 10 3 13 4 11 4 12 4 13 5 11 5 12 5 13 6 11 6 12 6 13 7 11 7 12 7 13 8 12 8 13 9 11 9 12 10 12
m14_91 14 29 0 8 0 10 0 13 1 9 1 12 1 13 2 9 2 12 2 13 3 9 3 12 3 13 4 10 4 11 4 13 5 10 5 11 5 13 6 11 6 12 6 13 7 11 7 12 7 13 8 11 8 12 9 10 9 11 10 12
m14_92 14 29 0 8 0 10 0 13 1 9 1 11 1 13 2 9 2 11 2 13 3 9 3 11 3 13 4 10 4 12 4 13 5 10 5 12 5 13 6 10 6 12 6 13 7 11 7 12 7 13 8 11 8 12 9 10 9 12 10 11
m14_93 14 32 0 8 0 10 0 12 1 9 1 12 1 13 2 9 2 12 2 13 3 9 3 12 3 13 4 10 4 11 4 12 4 13 5 10 5 11 5 12 5 13 6 10 6 11 6 12 6 13 7 10 7 11 7 12 7 13 8 11 8 13 9 10 9 11
m14_94 14 32 0 8 0 9 0 10 0 12 1 9 1 10 1 12 1 13 2 9 2 10 2 12 2 13 3 9 3 10 3 12 3 13 4 11 4 12 4 13 5 11 5 12 5 13 6 11 6 12 6 13 7 11 7 12 7 13 8 11 8 13 9 11 10 11
m14_95 14 29 0 8 0 9 0 10 0 13 1 9 1 12 1 13 2 9 2 12 2 13 3 9 3 12 3 13 4 10 4 11 4 13 5 10 5 11 5 13 6 10 6 11 6 13 7 11 7 12 7 13 8 11 8 12 9 11 10 12
m14_96 14 29 0 8 0 9 0 12 0 13 1 9 1 10 1 13 2 9 2 10 2 13 3 9 3 10 3 13 4 11 4 12 4 13 5 11 5 12 5 13 6 11 6 12 6 13 7 11 7 12 7 13 8 10 8 11 9 11 10 12
m14_97 14 29 0 8 0 9 0 13 1 9 1 10 1 13 2 9 2 10 2 13 3 9 3 10 3 13 4 11 4 12 4 13 5 11 5 12 5 13 6 11 6 12 6 13 7 11 7 12 7 13 8 10 8 11 9 11 9 12 10 12
m14_98 14 31 0 8 0 9 0 12 1 9 1 10 1 12 1 13 2 9 2 10 2 12 2 13 3 9 3 10 3 12 3 13 4 11 4 12 4 13 5 11 5 12 5 13 6 11 6 12 6 13 7 11 7 12 7 13 8 10 8 13 9 11 10 11
m14_99 14 35 0 8 0 9 0 12 0 13 1 9 1 11 1 12 1 13 2 9 2 11 2 12 2 13 3 9 3 11 3 12 3 13 4 10 4 11 4 12 4 13 5 10 5 11 5 12 5 13 6 10 6 11 6 12 6 13 7 10 7 11 7 12 7 13 8 10 8 11 9 10
m14_100 14 35 0 8 0 9 0 13 1 9 1 11 1 12 1 13 2 9 2 11 2 12 2 13 3 9 3 11 3 12 3 13 4 10 4 11 4 12 4 13 5 10 5 11 5 12 5 13 6 10 6 11 6 12 6 13 7 10 7 11 7 12 7 13 8 10 8 11 8 12 9 10
m14_101 14 33 0 8 0 9 0 13 1 9 1 12 1 13 2 9 2 12 2 13 3 9 3 12 3 13 4 10 4 11 4 12 4 13 5 10 5 11 5 12 5 13 6 10 6 11 6 12 6 13 7 10 7 11 7 12 7 13 8 10 8 11 8 12 9 10 9 11
m14_104 14 31 0 8 0 9 0 10 0 12 1 8 1 9 1 10 1 12 2 10 2 12 2 13 3 10 3 12 3 13 4 11 4 12 4 13 5 11 5 12 5 13 6 11 6 12 6 13 7 11 7 12 7 13 8 11 8 13 9 11 9 13 10 11
m14_105 14 29 0 8 0 9 0 10 0 12 1 8 1 9 1 11 1 12 2 10 2 12 2 13 3 10 3 12 3 13 4 10 4 12 4 13 5 11 5 12 5 13 6 11 6 12 6 13 7 11 7 12 7 13 8 13 9 13 10 11
m14_106 14 31 0 8 0 9 0 10 0 12 1 8 1 9 1 10 1 12 2 10 2 12 2 13 3 10 3 12 3 13 4 10 4 12 4 13 5 11 5 12 5 13 6 11 6 12 6 13 7 11 7 12 7 13 8 11 8 13 9 11 9 13 10 11
m14_109 14 27 0 8 0 9 0 13 1 8 1 10 1 12 2 9 2 10 2 11 3 11 3 12 3 13 4 11 4 12 4 13 5 11 5 12 5 13 6 11 6 12 6 13 7 11 7 12 7 13 8 11 9 12 10 13
m14_110 14 29 0 8 0 9 0 13 1 8 1 12 1 13 2 9 2 10 2 13 3 10 3 11 3 13 4 11 4 12 4 13 5 11 5 12 5 13 6 11 6 12 6 13 7 11 7 12 7 13 8 10 8 11 9 11 9 12 10 12
m14_111 14 29 0 8 0 9 0 13 1 8 1 11 1 13 2 9 2 10 2 13 3 10 3 12 3 13 4 10 4 12 4 13 5 11 5 12 5 13 6 11 6 12 6 13 7 11 7 12 7 13 8 10 8 12 9 11 9 12 10 11
m14_112 14 33 0 8 0 9 0 13 1 8 1 12 1 13 2 9 2 10 2 11 2 13 3 10 3 11 3 12 3 13 4 10 4 11 4 12 4 13 5 10 5 11 5 12 5 13 6 10 6 11 6 12 6 13 7 10 7 11 7 12 7 13 8 10 8 11 9 12
m14_113 14 34 0 8 0 9 0 12 0 13 1 8 1 11 1 12 1 13 2 9 2 10 2 12 2 13 3 10 3 11 3 12 3 13 4 10 4 11 4 12 4 13 5 10 5 11 5 12 5 13 6 10 6 11 6 12 6 13 7 10 7 11 7 12 7 13 8 10 9 11
m14_114 14 33 0 8 0 9 0 13 1 8 1 12 1 13 2 9 2 11 2 13 3 10 3 11 3 12 3 13 4 10 4 11 4 12 4 13 5 10 5 11 5 12 5 13 6 10 6 11 6 12 6 13 7 10 7 11 7 12 7 13 8 10 8 11 9 10 9 12
m14_115 14 31 0 8 0 9 0 10 0 12 1 8 1 9 1 10 1 12 2 9 2 10 2 11 2 12 3 11 3 12 3 13 4 11 4 12 4 13 5 11 5 12 5 13 6 11 6 12 6 13 7 11 7 12 7 13 8 11 8 13 9 13 10 13
m14_116 14 30 0 8 0 9 0 10 0 13 1 8 1 9 1 10 1 13 2 9 2 12 2 13 3 10 3 11 3 13 4 11 4 12 4 13 5 11 5 12 5 13 6 11 6 12 6 13 7 11 7 12 7 13 8 11 8 12 9 11 10 12
m14_117 14 30 0 8 0 9 0 10 0 13 1 8 1 9 1 10 1 13 2 9 2 11 2 13 3 10 3 12 3 13 4 10 4 12 4 13 5 11 5 12 5 13 6 11 6 12 6 13 7 11 7 12 7 13 8 11 8 12 9 12 10 11
m14_118 14 30 0 8 0 9 0 11 0 13 1 8 1 9 1 11 1 13 2 9 2 10 2 13 3 10 3 12 3 13 4 10 4 12 4 13 5 11 5 12 5 13 6 11 6 12 6 13 7 11 7 12 7 13 8 10 8 12 9 12 10 11
m14_119 14 29 0 8 0 9 0 13 1 8 1 9 1 13 2 9 2 10 2 13 3 10 3 12 3 13 4 10 4 12 4 13 5 11 5 12 5 13 6 11 6 12 6 13 7 11 7 12 7 13 8 10 8 12 9 11 9 12 10 11
m14_120 14 34 0 8 0 9 0 13 1 8 1 9 1 13 2 9 2 10 2 11 2 13 3 10 3 11 3 12 3 13 4 10 4 11 4 12 4 13 5 10 5 11 5 12 5 13 6 10 6 11 6 12 6 13 7 10 7 11 7 12 7 13 8 10 8 11 8 12 9 12
m14_121 14 35 0 8 0 9 0 12 0 13 1 8 1 9 1 12 1 13 2 9 2 10 2 12 2 13 3 10 3 11 3 12 3 13 4 10 4 11 4 12 4 13 5 10 5 11 5 12 5 13 6 10 6 11 6 12 6 13 7 10 7 11 7 12 7 13 8 10 8 11 9 11
m14_122 14 34 0 8 0 9 0 13 1 8 1 9 1 13 2 9 2 10 2 13 3 10 3 11 3 12 3 13 4 10 4 11 4 12 4 13 5 10 5 11 5 12 5 13 6 10 6 11 6 12 6 13 7 10 7 11 7 12 7 13 8 10 8 11 8 12 9 11 9 12
m14_123 14 29 0 8 0 10 0 13 1 8 1 10 1 13 2 9 2 10 2 12 3 9 3 10 3 12 4 11 4 12 4 13 5 11 5 12 5 13 6 11 6 12 6 13 7 11 7 12 7 13 8 11 8 12 9 11 9 13 10 11
m14_124 14 29 0 8 0 12 0 13 1 8 1 12 1 13 2 9 2 10 2 13 3 9 3 10 3 13 4 11 4 12 4 13 5 11 5 12 5 13 6 11 6 12 6 13 7 11 7 12 7 13 8 10 8 11 9 11 9 12 10 12
m14_125 14 29 0 8 0 12 0 13 1 8 1 12 1 13 2 9 2 10 2 13 3 9 3 10 3 13 4 10 4 11 4 13 5 11 5 12 5 13 6 11 6 12 6 13 7 11 7 12 7 13 8 10 8 11 9 11 9 12 10 12
m14_126 14 29 0 8 0 11 0 13 1 8 1 11 1 13 2 9 2 10 2 13 3 9 3 10 3 13 4 10 4 12 4 13 5 10 5 12 5 13 6 11 6 12 6 13 7 11 7 12 7 13 8 10 8 12 9 11 9 12 10 11
m14_127 14 29 0 8 0 11 0 13 1 8 1 11 1 13 2 9 2 11 2 12 3 9 3 11 3 12 4 10 4 12 4 13 5 10 5 12 5 13 6 11 6 12 6 13 7 11 7 12 7 13 8 10 8 12 9 10 9 13 10 11
m14_128 14 29 0 8 0 11 0 13 1 8 1 11 1 13 2 9 2 11 2 12 3 9 3 11 3 12 4 10 4 12 4 13 5 10 5 12 5 13 6 10 6 12 6 13 7 11 7 12 7 13 8 10 8 12 9 10 9 13 10 11
m14_129 14 32 0 8 0 12 0 13 1 8 1 12 1 13 2 9 2 11 2 13 3 9 3 11 3 13 4 10 4 11 4 12 4 13 5 10 5 11 5 12 5 13 6 10 6 11 6 12 6 13 7 10 7 11 7 12 7 13 8 10 8 11 9 10 9 12
m14_130 14 30 0 8 0 9 0 10 0 13 1 8 1 11 1 13 2 9 2 10 2 12 2 13 3 9 3 10 3 12 3 13 4 11 4 12 4 13 5 11 5 12 5 13 6 11 6 12 6 13 7 11 7 12 7 13 8 12 9 11 10 11
m14_131 14 27 0 8 0 9 0 12 1 8 1 10 1 11 2 9 2 10 2 13 3 9 3 10 3 13 4 11 4 12 4 13 5 11 5 12 5 13 6 11 6 12 6 13 7 11 7 12 7 13 8 13 9 11 10 12
m14_132 14 29 0 8 0 9 0 13 1 8 1 12 1 13 2 9 2 10 2 13 3 9 3 10 3 13 4 10 4 11 4 13 5 11 5 12 5 13 6 11 6 12 6 13 7 11 7 12 7 13 8 10 8 11 9 11 9 12 10 12
m14_133 14 29 0 8 0 9 0 13 1 8 1 10 1 13 2 9 2 12 2 13 3 9 3 12 3 13 4 10 4 11 4 13 5 10 5 11 5 13 6 11 6 12 6 13 7 11 7 12 7 13 8 11 8 12 9 10 9 11 10 12
m14_134 14 34 0 8 0 9 0 12 0 13 1 8 1 10 1 12 1 13 2 9 2 11 2 12 2 13 3 9 3 11 3 12 3 13 4 10 4 11 4 12 4 13 5 10 5 11 5 12 5 13 6 10 6 11 6 12 6 13 7 10 7 11 7 12 7 13 8 11 9 10
m14_135 14 33 0 8 0 9 0 13 1 8 1 10 1 13 2 9 2 11 2 12 2 13 3 9 3 11 3 12 3 13 4 10 4 11 4 12 4 13 5 10 5 11 5 12 5 13 6 10 6 11 6 12 6 13 7 10 7 11 7 12 7 13 8 11 8 12 9 10
m14_136 14 32 0 8 0 9 0 13 1 8 1 10 1 11 1 13 2 9 2 12 2 13 3 9 3 12 3 13 4 10 4 11 4 12 4 13 5 10 5 11 5 12 5 13 6 10 6 11 6 12 6 13 7 10 7 11 7 12 7 13 8 12 9 10 9 11
m14_137 14 32 0 8 0 9 0 13 1 8 1 11 1 13 2 9 2 12 2 13 3 9 3 12 3 13 4 10 4 11 4 12 4 13 5 10 5 11 5 12 5 13 6 10 6 11 6 12 6 13 7 10 7 11 7 12 7 13 8 10 8 12 9 10 9 11
m14_138 14 32 0 8 0 9 0 10 0 13 1 8 1 9 1 10 1 13 2 9 2 10 2 12 2 13 3 9 3 10 3 12 3 13 4 11 4 12 4 13 5 11 5 12 5 13 6 11 6 12 6 13 7 11 7 12 7 13 8 11 8 12 9 11 10 11
m14_139 14 30 0 8 0 9 0 10 0 13 1 8 1 9 1 10 1 13 2 9 2 12 2 13 3 9 3 12 3 13 4 10 4 11 4 13 5 10 5 11 5 13 6 11 6 12 6 13 7 11 7 12 7 13 8 11 8 12 9 11 10 12
m14_140 14 35 0 8 0 9 0 12 0 13 1 8 1 9 1 12 1 13 2 9 2 11 2 12 2 13 3 9 3 11 3 12 3 13 4 10 4 11 4 12 4 13 5 10 5 11 5 12 5 13 6 10 6 11 6 12 6 13 7 10 7 11 7 12 7 13 8 10 8 11 9 10
m14_141 14 34 0 8 0 9 0 13 1 8 1 9 1 13 2 9 2 11 2 12 2 13 3 9 3 11 3 12 3 13 4 10 4 11 4 12 4 13 5 10 5 11 5 12 5 13 6 10 6 11 6 12 6 13 7 10 7 11 7 12 7 13 8 10 8 11 8 12 9 10
m14_142 14 33 0 8 0 9 0 13 1 8 1 9 1 13 2 9 2 12 2 13 3 9 3 12 3 13 4 10 4 11 4 12 4 13 5 10 5 11 5 12 5 13 6 10 6 11 6 12 6 13 7 10 7 11 7 12 7 13 8 10 8 11 8 12 9 10 9 11
m14_143 14 29 0 8 0 12 0 13 1 8 1 12 1 13 2 9 2 10 2 13 3 9 3 10 3 13 4 9 4 10 4 13 5 11 5 12 5 13 6 11 6 12 6 13 7 11 7 12 7 13 8 10 8 11 9 11 9 12 10 12
m14_144 14 29 0 8 0 12 0 13 1 8 1 12 1 13 2 9 2 11 2 13 3 9 3 11 3 13 4 9 4 11 4 13 5 10 5 11 5 13 6 10 6 12 6 13 7 10 7 12 7 13 8 10 8 11 9 10 9 12 11 12
m14_145 14 31 0 8 0 11 0 13 1 8 1 11 1 13 2 9 2 12 2 13 3 9 3 12 3 13 4 9 4 12 4 13 5 10 5 11 5 12 5 13 6 10 6 11 6 12 6 13 7 10 7 11 7 12 7 13 8 10 8 12 9 10 9 11
m14_146 14 29 0 8 0 11 0 12 1 8 1 11 1 12 2 9 2 11 2 13 3 9 3 11 3 13 4 9 4 11 4 13 5 10 5 12 5 13 6 10 6 12 6 13 7 10 7 12 7 13 8 10 8 13 9 10 9 12 10 11
m14_147 14 31 0 8 0 9 0 10 0 13 1 8 1 11 1 13 2 9 2 10 2 12 2 13 3 9 3 10 3 12 3 13 4 9 4 10 4 12 4 13 5 11 5 12 5 13 6 11 6 12 6 13 7 11 7 12 7 13 8 12 9 11 10 11
m14_148 14 27 0 8 0 9 0 10 1 8 1 11 1 12 2 9 2 12 2 13 3 9 3 12 3 13 4 9 4 12 4 13 5 10 5 11 5 13 6 10 6 11 6 13 7 10 7 11 7 13 8 13 9 11 10 12
m14_149 14 34 0 8 0 9 0 12 0 13 1 8 1 10 1 12 1 13 2 9 2 11 2 12 2 13 3 9 3 11 3 12 3 13 4 9 4 11 4 12 4 13 5 10 5 11 5 12 5 13 6 10 6 11 6 12 6 13 7 10 7 11 7 12 7 13 8 11 9 10
m14_150 14 33 0 8 0 9 0 13 1 8 1 10 1 13 2 9 2 11 2 12 2 13 3 9 3 11 3 12 3 13 4 9 4 11 4 12 4 13 5 10 5 11 5 12 5 13 6 10 6 11 6 12 6 13 7 10 7 11 7 12 7 13 8 11 8 12 9 10
m14_151 14 30 0 8 0 10 0 12 0 13 1 8 1 10 1 12 1 13 2 9 2 10 2 13 3 9 3 11 3 13 4 11 4 12 4 13 5 11 5 12 5 13 6 11 6 12 6 13 7 11 7 12 7 13 8 9 8 11 9 12 10 11
m14_152 14 29 0 8 0 10 0 13 1 8 1 10 1 13 2 9 2 10 2 13 3 9 3 12 3 13 4 11 4 12 4 13 5 11 5 12 5 13 6 11 6 12 6 13 7 11 7 12 7 13 8 9 8 12 9 11 10 11 10 12
m14_153 14 30 0 8 0 10 0 12 0 13 1 8 1 10 1 12 1 13 2 9 2 10 2 13 3 9 3 10 3 13 4 11 4 12 4 13 5 11 5 12 5 13 6 11 6 12 6 13 7 11 7 12 7 13 8 9 8 11 9 12 10 11
m14_154 14 29 0 8 0 10 0 12 1 8 1 10 1 12 2 9 2 10 2 13 3 9 3 10 3 13 4 11 4 12 4 13 5 11 5 12 5 13 6 11 6 12 6 13 7 11 7 12 7 13 8 9 8 11 8 13 9 12 10 11
m14_155 14 29 0 8 0 10 0 13 1 8 1 10 1 13 2 9 2 10 2 13 3 9 3 10 3 13 4 11 4 12 4 13 5 11 5 12 5 13 6 11 6 12 6 13 7 11 7 12 7 13 8 9 8 11 9 12 10 11 10 12
m14_156 14 29 0 8 0 11 0 12 1 8 1 11 1 12 2 9 2 11 2 13 3 9 3 11 3 13 4 10 4 12 4 13 5 10 5 12 5 13 6 10 6 12 6 13 7 11 7 12 7 13 8 9 8 10 8 13 9 12 10 11
m14_157 14 35 0 8 0 11 0 12 0 13 1 8 1 11 1 12 1 13 2 9 2 10 2 12 2 13 3 9 3 10 3 12 3 13 4 10 4 11 4 12 4 13 5 10 5 11 5 12 5 13 6 10 6 11 6 12 6 13 7 10 7 11 7 12 7 13 8 9 8 10 9 11
m14_158 14 34 0 8 0 11 0 13 1 8 1 11 1 13 2 9 2 10 2 12 2 13 3 9 3 10 3 12 3 13 4 10 4 11 4 12 4 13 5 10 5 11 5 12 5 13 6 10 6 11 6 12 6 13 7 10 7 11 7 12 7 13 8 9 8 10 8 12 9 11
m14_159 14 30 0 8 0 10 0 12 0 13 1 8 1 10 1 12 1 13 2 9 2 10 2 13 3 9 3 10 3 13 4 9 4 11 4 13 5 11 5 12 5 13 6 11 6 12 6 13 7 11 7 12 7 13 8 9 8 11 9 12 10 11
m14_160 14 31 0 8 0 10 0 13 1 8 1 11 1 13 2 9 2 10 2 12 2 13 3 9 3 10 3 12 3 13 4 9 4 10 4 12 4 13 5 11 5 12 5 13 6 11 6 12 6 13 7 11 7 12 7 13 8 9 8 12 9 11 10 11
m14_161 14 32 0 8 0 12 0 13 1 8 1 12 1 13 2 9 2 10 2 11 2 13 3 9 3 10 3 11 3 13 4 9 4 10 4 11 4 13 5 11 5 12 5 13 6 11 6 12 6 13 7 11 7 12 7 13 8 9 8 10 8 11 9 12 10 12
m14_162 14 29 0 8 0 11 0 13 1 8 1 12 1 13 2 9 2 12 2 13 3 9 3 12 3 13 4 9 4 12 4 13 5 10 5 11 5 13 6 10 6 11 6 13 7 10 7 11 7 13 8 9 8 10 9 11 10 12 11 12
m14_163 14 30 0 8 0 11 0 12 0 13 1 8 1 11 1 12 1 13 2 9 2 12 2 13 3 9 3 12 3 13 4 9 4 12 4 13 5 10 5 11 5 13 6 10 6 11 6 13 7 10 7 11 7 13 8 9 8 10 9 11 10 12
m14_164 14 29 0 8 0 11 0 12 1 8 1 11 1 12 2 9 2 12 2 13 3 9 3 12 3 13 4 9 4 12 4 13 5 10 5 11 5 13 6 10 6 11 6 13 7 10 7 11 7 13 8 9 8 10 8 13 9 11 10 12
m14_165 14 35 0 8 0 10 0 12 0 13 1 8 1 10 1 12 1 13 2 9 2 11 2 12 2 13 3 9 3 11 3 12 3 13 4 9 4 11 4 12 4 13 5 10 5 11 5 12 5 13 6 10 6 11 6 12 6 13 7 10 7 11 7 12 7 13 8 9 8 11 9 10
m14_166 14 34 0 8 0 10 0 13 1 8 1 10 1 13 2 9 2 11 2 12 2 13 3 9 3 11 3 12 3 13 4 9 4 11 4 12 4 13 5 10 5 11 5 12 5 13 6 10 6 11 6 12 6 13 7 10 7 11 7 12 7 13 8 9 8 11 8 12 9 10
m14_167 14 33 0 8 0 10 0 11 0 13 1 8 1 10 1 11 1 13 2 9 2 12 2 13 3 9 3 12 3 13 4 9 4 12 4 13 5 10 5 11 5 12 5 13 6 10 6 11 6 12 6 13 7 10 7 11 7 12 7 13 8 9 8 12 9 10 9 11
m14_173 14 32 0 8 0 9 0 10 0 13 1 8 1 9 1 10 1 13 2 8 2 9 2 10 2 13 3 10 3 11 3 13 4 11 4 12 4 13 5 11 5 12 5 13 6 11 6 12 6 13 7 11 7 12 7 13 8 11 8 12 9 11 9 12 10 12
m14_174 14 30 0 8 0 9 0 10 0 13 1 8 1 9 1 11 1 13 2 8 2 9 2 11 2 13 3 10 3 12 3 13 4 10 4 12 4 13 5 11 5 12 5 13 6 11 6 12 6 13 7 11 7 12 7 13 8 12 9 12 10 11
m14_175 14 30 0 8 0 9 0 10 0 13 1 8 1 9 1 11 1 13 2 8 2 9 2 11 2 13 3 10 3 12 3 13 4 10 4 12 4 13 5 10 5 12 5 13 6 11 6 12 6 13 7 11 7 12 7 13 8 12 9 12 10 11
m14_176 14 32 0 8 0 9 0 11 0 13 1 8 1 9 1 11 1 13 2 8 2 9 2 11 2 13 3 10 3 12 3 13 4 10 4 12 4 13 5 10 5 12 5 13 6 11 6 12 6 13 7 11 7 12 7 13 8 10 8 12 9 10 9 12 10 11
m14_180 14 30 0 8 0 9 0 10 0 13 1 8 1 9 1 10 1 13 2 8 2 10 2 11 2 13 3 9 3 12 3 13 4 11 4 12 4 13 5 11 5 12 5 13 6 11 6 12 6 13 7 11 7 12 7 13 8 12 9 11 10 12
m14_181 14 32 0 8 0 9 0 13 1 8 1 9 1 13 2 8 2 12 2 13 3 9 3 10 3 11 3 13 4 10 4 11 4 12 4 13 5 10 5 11 5 12 5 13 6 10 6 11 6 12 6 13 7 10 7 11 7 12 7 13 8 10 8 11 9 12
m14_182 14 34 0 8 0 9 0 12 0 13 1 8 1 9 1 12 1 13 2 8 2 11 2 12 2 13 3 9 3 10 3 12 3 13 4 10 4 11 4 12 4 13 5 10 5 11 5 12 5 13 6 10 6 11 6 12 6 13 7 10 7 11 7 12 7 13 8 10 9 11
m14_183 14 32 0 8 0 9 0 13 1 8 1 9 1 13 2 8 2 12 2 13 3 9 3 11 3 13 4 10 4 11 4 12 4 13 5 10 5 11 5 12 5 13 6 10 6 11 6 12 6 13 7 10 7 11 7 12 7 13 8 10 8 11 9 10 9 12
m14_184 14 32 0 8 0 9 0 10 0 13 1 8 1 9 1 10 1 13 2 8 2 9 2 10 2 13 3 9 3 10 3 11 3 13 4 11 4 12 4 13 5 11 5 12 5 13 6 11 6 12 6 13 7 11 7 12 7 13 8 11 8 12 9 12 10 12
m14_185 14 31 0 8 0 9 0 10 0 13 1 8 1 9 1 10 1 13 2 8 2 9 2 10 2 13 3 9 3 12 3 13 4 10 4 11 4 13 5 11 5 12 5 13 6 11 6 12 6 13 7 11 7 12 7 13 8 11 8 12 9 11 10 12
m14_186 14 35 0 8 0 9 0 12 0 13 1 8 1 9 1 12 1 13 2 8 2 9 2 12 2 13 3 9 3 10 3 12 3 13 4 10 4 11 4 12 4 13 5 10 5 11 5 12 5 13 6 10 6 11 6 12 6 13 7 10 7 11 7 12 7 13 8 10 8 11 9 11
m14_187 14 33 0 8 0 9 0 13 1 8 1 9 1 13 2 8 2 9 2 13 3 9 3 10 3 12 3 13 4 10 4 11 4 12 4 13 5 10 5 11 5 12 5 13 6 10 6 11 6 12 6 13 7 10 7 11 7 12 7 13 8 10 8 11 8 12 9 11
m14_188 14 33 0 8 0 9 0 13 1 8 1 9 1 13 2 8 2 9 2 13 3 9 3 12 3 13 4 10 4 11 4 12 4 13 5 10 5 11 5 12 5 13 6 10 6 11 6 12 6 13 7 10 7 11 7 12 7 13 8 10 8 11 8 12 9 10 9 11
m14_189 14 27 0 8 0 9 0 10 1 8 1 11 1 13 2 8 2 11 2 13 3 9 3 11 3 12 4 9 4 11 4 12 5 10 5 12 5 13 6 10 6 12 6 13 7 10 7 12 7 13 8 12 9 13 10 11
m14_190 14 29 0 8 0 9 0 13 1 8 1 12 1 13 2 8 2 12 2 13 3 9 3 10 3 13 4 9 4 10 4 13 5 10 5 11 5 13 6 11 6 12 6 13 7 11 7 12 7 13 8 10 8 11 9 11 9 12 10 12
m14_191 14 34 0 8 0 9 0 12 0 13 1 8 1 11 1 12 1 13 2 8 2 11 2 12 2 13 3 9 3 10 3 12 3 13 4 9 4 10 4 12 4 13 5 10 5 11 5 12 5 13 6 10 6 11 6 12 6 13 7 10 7 11 7 12 7 13 8 10 9 11
m14_192 14 32 0 8 0 9 0 13 1 8 1 11 1 13 2 8 2 11 2 13 3 9 3 10 3 12 3 13 4 9 4 10 4 12 4 13 5 10 5 11 5 12 5 13 6 10 6 11 6 12 6 13 7 10 7 11 7 12 7 13 8 10 8 12 9 11
m14_193 14 31 0 8 0 9 0 13 1 8 1 12 1 13 2 8 2 12 2 13 3 9 3 11 3 13 4 9 4 11 4 13 5 10 5 11 5 12 5 13 6 10 6 11 6 12 6 13 7 10 7 11 7 12 7 13 8 10 8 11 9 10 9 12
m14_194 14 31 0 8 0 9 0 10 0 13 1 8 1 9 1 10 1 13 2 8 2 11 2 13 3 9 3 10 3 12 3 13 4 9 4 10 4 12 4 13 5 11 5 12 5 13 6 11 6 12 6 13 7 11 7 12 7 13 8 12 9 11 10 11
m14_195 14 31 0 8 0 9 0 10 0 13 1 8 1 12 1 13 2 8 2 12 2 13 3 9 3 10 3 11 3 13 4 9 4 10 4 11 4 13 5 9 5 10 5 11 5 13 6 11 6 12 6 13 7 11 7 12 7 13 8 11 9 12 10 12
m14_196 14 34 0 8 0 9 0 12 0 13 1 8 1 10 1 12 1 13 2 8 2 10 2 12 2 13 3 9 3 11 3 12 3 13 4 9 4 11 4 12 4 13 5 9 5 11 5 12 5 13 6 10 6 11 6 12 6 13 7 10 7 11 7 12 7 13 8 11 9 10
m14_197 14 32 0 8 0 9 0 13 1 8 1 10 1 13 2 8 2 10 2 13 3 9 3 11 3 12 3 13 4 9 4 11 4 12 4 13 5 9 5 11 5 12 5 13 6 10 6 11 6 12 6 13 7 10 7 11 7 12 7 13 8 11 8 12 9 10
m14_198 14 31 0 8 0 10 0 11 0 13 1 8 1 10 1 11 1 13 2 8 2 10 2 11 2 13 3 9 3 10 3 13 4 9 4 12 4 13 5 9 5 12 5 13 6 11 6 12 6 13 7 11 7 12 7 13 8 9 8 12 9 11 10 12
m14_199 14 33 0 8 0 12 0 13 1 8 1 12 1 13 2 8 2 12 2 13 3 9 3 10 3 11 3 13 4 9 4 10 4 11 4 13 5 9 5 10 5 11 5 13 6 10 6 11 6 12 6 13 7 10 7 11 7 12 7 13 8 9 8 10 8 11 9 12
m14_200 14 35 0 8 0 11 0 12 0 13 1 8 1 11 1 12 1 13 2 8 2 11 2 12 2 13 3 9 3 10 3 12 3 13 4 9 4 10 4 12 4 13 5 9 5 10 5 12 5 13 6 10 6 11 6 12 6 13 7 10 7 11 7 12 7 13 8 9 8 10 9 11
m14_207 14 31 0 8 0 9 0 10 0 13 1 8 1 9 1 10 1 13 2 8 2 9 2 11 2 13 3 8 3 9 3 11 3 13 4 10 4 12 4 13 5 10 5 12 5 13 6 11 6 12 6 13 7 11 7 12 7 13 8 12 9 12 10 11
m14_208 14 31 0 8 0 9 0 10 0 13 1 8 1 9 1 11 1 13 2 8 2 9 2 11 2 13 3 8 3 9 3 11 3 13 4 10 4 12 4 13 5 10 5 12 5 13 6 10 6 12 6 13 7 11 7 12 7 13 8 12 9 12 10 11
m14_211 14 27 0 8 0 9 0 10 1 8 1 9 1 10 2 8 2 12 2 13 3 8 3 12 3 13 4 9 4 11 4 13 5 9 5 11 5 13 6 10 6 11 6 12 7 10 7 11 7 12 8 11 9 12 10 13
m14_212 14 34 0 8 0 9 0 12 0 13 1 8 1 9 1 12 1 13 2 8 2 11 2 12 2 13 3 8 3 11 3 12 3 13 4 9 4 10 4 12 4 13 5 9 5 10 5 12 5 13 6 10 6 11 6 12 6 13 7 10 7 11 7 12 7 13 8 10 9 11
m14_213 14 34 0 8 0 9 0 12 0 13 1 8 1 11 1 12 1 13 2 8 2 11 2 12 2 13 3 8 3 11 3 12 3 13 4 9 4 10 4 12 4 13 5 9 5 10 5 12 5 13 6 9 6 10 6 12 6 13 7 10 7 11 7 12 7 13 8 10 9 11
m14_217 14 31 0 7 0 10 0 13 1 8 1 10 1 12 2 9 2 10 2 11 3 10 3 11 3 12 3 13 4 10 4 11 4 12 4 13 5 10 5 11 5 12 5 13 6 10 6 11 6 12 6 13 7 11 7 12 8 11 8 13 9 12 9 13
m14_218 14 33 0 7 0 9 0 10 0 13 1 8 1 9 1 10 1 12 2 9 2 10 2 12 2 13 3 10 3 11 3 12 3 13 4 10 4 11 4 12 4 13 5 10 5 11 5 12 5 13 6 10 6 11 6 12 6 13 7 11 7 12 8 11 8 13 9 11
m14_219 14 28 0 7 0 9 0 13 1 8 1 9 1 12 2 9 2 10 2 12 2 13 3 11 3 12 3 13 4 11 4 12 4 13 5 11 5 12 5 13 6 11 6 12 6 13 7 10 7 12 8 10 8 13 9 11 10 11
m14_220 14 33 0 7 0 9 0 13 1 8 1 9 1 11 1 12 2 9 2 11 2 12 2 13 3 10 3 11 3 12 3 13 4 10 4 11 4 12 4 13 5 10 5 11 5 12 5 13 6 10 6 11 6 12 6 13 7 10 7 11 7 12 8 10 8 13 9 10
m14_221 14 33 0 7 0 9 0 12 1 8 1 9 1 11 2 9 2 11 2 12 2 13 3 10 3 11 3 12 3 13 4 10 4 11 4 12 4 13 5 10 5 11 5 12 5 13 6 10 6 11 6 12 6 13 7 10 7 11 7 13 8 10 8 12 8 13 9 10
m14_222 14 33 0 7 0 9 0 13 1 8 1 9 1 12 2 9 2 12 2 13 3 10 3 11 3 12 3 13 4 10 4 11 4 12 4 13 5 10 5 11 5 12 5 13 6 10 6 11 6 12 6 13 7 10 7 11 7 12 8 10 8 11 8 13 9 10 9 11
m14_223 14 30 0 7 0 10 0 13 1 8 1 10 1 12 2 9 2 12 2 13 3 9 3 12 3 13 4 10 4 11 4 12 4 13 5 10 5 11 5 12 5 13 6 10 6 11 6 12 6 13 7 11 7 12 8 11 8 13 9 10 9 11
m14_224 14 31 0 7 0 9 0 10 0 12 1 8 1 9 1 10 1 11 2 9 2 10 2 11 2 12 3 9 3 10 3 11 3 12 4 11 4 12 4 13 5 11 5 12 5 13 6 11 6 12 6 13 7 11 7 13 8 12 8 13 9 13 10 13
m14_225 14 33 0 7 0 9 0 11 0 13 1 8 1 9 1 11 1 12 2 9 2 11 2 12 2 13 3 9 3 11 3 12 3 13 4 10 4 11 4 12 4 13 5 10 5 11 5 12 5 13 6 10 6 11 6 12 6 13 7 10 7 12 8 10 8 13 9 10
m14_226 14 33 0 7 0 9 0 13 1 8 1 9 1 11 1 12 2 9 2 11 2 12 2 13 3 9 3 11 3 12 3 13 4 10 4 11 4 12 4 13 5 10 5 11 5 12 5 13 6 10 6 11 6 12 6 13 7 10 7 11 7 12 8 10 8 13 9 10
m14_227 14 33 0 7 0 9 0 12 1 8 1 9 1 11 2 9 2 11 2 12 2 13 3 9 3 11 3 12 3 13 4 10 4 11 4 12 4 13 5 10 5 11 5 12 5 13 6 10 6 11 6 12 6 13 7 10 7 11 7 13 8 10 8 12 8 13 9 10
m14_228 14 32 0 7 0 9 0 13 1 8 1 9 1 12 2 9 2 12 2 13 3 9 3 12 3 13 4 10 4 11 4 12 4 13 5 10 5 11 5 12 5 13 6 10 6 11 6 12 6 13 7 10 7 11 7 12 8 10 8 11 8 13 9 10 9 11
m14_229 14 29 0 7 0 10 0 13 1 8 1 10 1 12 2 9 2 12 2 13 3 9 3 12 3 13 4 9 4 12 4 13 5 10 5 11 5 12 5 13 6 10 6 11 6 12 6 13 7 11 7 12 8 11 8 13 9 10 9 11
m14_230 14 37 0 7 0 9 0 12 0 13 1 8 1 9 1 11 1 13 2 9 2 10 2 11 2 12 2 13 3 9 3 10 3 11 3 12 3 13 4 9 4 10 4 11 4 12 4 13 5 9 5 10 5 11 5 12 5 13 6 9 6 10 6 11 6 12 6 13 7 10 7 11 8 10 8 12
m14_231 14 34 0 7 0 8 0 9 0 10 1 8 1 9 1 10 1 12 2 9 2 10 2 12 2 13 3 10 3 11 3 12 3 13 4 10 4 11 4 12 4 13 5 10 5 11 5 12 5 13 6 10 6 11 6 12 6 13 7 11 7 12 7 13 8 11 8 13 9 11
m14_232 14 30 0 7 0 8 0 9 0 11 1 8 1 9 1 10 1 11 2 9 2 10 2 11 2 13 3 11 3 12 3 13 4 11 4 12 4 13 5 11 5 12 5 13 6 11 6 12 6 13 7 10 7 13 8 12 8 13 9 12 10 12
m14_233 14 31 0 7 0 8 0 9 0 12 1 8 1 9 1 10 1 12 2 9 2 10 2 12 2 13 3 9 3 10 3 12 3 13 4 11 4 12 4 13 5 11 5 12 5 13 6 11 6 12 6 13 7 10 7 13 8 11 8 13 9 11 10 11
m14_234 14 30 0 7 0 8 0 9 0 12 1 8 1 9 1 12 1 13 2 9 2 10 2 13 3 9 3 10 3 13 4 11 4 12 4 13 5 11 5 12 5 13 6 11 6 12 6 13 7 10 7 11 7 13 8 10 8 11 9 11 10 12
m14_235 14 34 0 7 0 8 0 9 0 12 1 8 1 9 1 12 1 13 2 9 2 11 2 12 2 13 3 9 3 11 3 12 3 13 4 10 4 11 4 12 4 13 5 10 5 11 5 12 5 13 6 10 6 11 6 12 6 13 7 10 7 11 7 13 8 10 8 11 9 10
m14_236 14 31 0 7 0 8 0 9 0 10 0 12 1 8 1 11 1 12 2 9 2 10 2 12 2 13 3 9 3 10 3 12 3 13 4 9 4 10 4 12 4 13 5 11 5 12 5 13 6 11 6 12 6 13 7 11 7 13 8 13 9 11 10 11
m14_237 14 31 0 7 0 8 0 9 0 12 1 8 1 11 1 12 2 9 2 10 2 12 2 13 3 9 3 10 3 12 3 13 4 9 4 10 4 12 4 13 5 11 5 12 5 13 6 11 6 12 6 13 7 11 7 13 8 10 8 13 9 11 10 11
m14_238 14 33 0 7 0 8 0 9 0 11 0 12 1 8 1 10 1 11 1 12 2 9 2 11 2 12 2 13 3 9 3 11 3 12 3 13 4 9 4 11 4 12 4 13 5 10 5 11 5 12 5 13 6 10 6 11 6 12 6 13 7 10 7 13 8 13 9 10
m14_239 14 33 0 7 0 8 0 9 0 11 1 8 1 10 1 11 1 12 2 9 2 11 2 12 2 13 3 9 3 11 3 12 3 13 4 9 4 11 4 12 4 13 5 10 5 11 5 12 5 13 6 10 6 11 6 12 6 13 7 10 7 12 7 13 8 13 9 10
m14_240 14 33 0 7 0 8 0 9 0 11 1 8 1 10 1 11 2 9 2 11 2 12 2 13 3 9 3 11 3 12 3 13 4 9 4 11 4 12 4 13 5 10 5 11 5 12 5 13 6 10 6 11 6 12 6 13 7 10 7 12 7 13 8 12 8 13 9 10
m14_241 14 38 0 7 0 8 0 9 0 10 0 11 1 8 1 9 1 10 1 11 1 13 2 9 2 10 2 11 2 12 2 13 3 9 3 10 3 11 3 12 3 13 4 9 4 10 4 11 4 12 4 13 5 9 5 10 5 11 5 12 5 13 6 9 6 10 6 11 6 12 6 13 7 12 7 13 8 12
m14_242 14 38 0 7 0 8 0 9 0 10 1 8 1 9 1 10 1 12 1 13 2 9 2 10 2 11 2 12 2 13 3 9 3 10 3 11 3 12 3 13 4 9 4 10 4 11 4 12 4 13 5 9 5 10 5 11 5 12 5 13 6 9 6 10 6 11 6 12 6 13 7 11 7 12 7 13 8 11
m14_243 14 38 0 7 0 8 0 9 0 10 1 8 1 9 1 10 1 13 2 9 2 10 2 11 2 12 2 13 3 9 3 10 3 11 3 12 3 13 4 9 4 10 4 11 4 12 4 13 5 9 5 10 5 11 5 12 5 13 6 9 6 10 6 11 6 12 6 13 7 11 7 12 7 13 8 11 8 12
m14_244 14 38 0 7 0 8 0 9 1 8 1 9 1 11 1 12 1 13 2 9 2 10 2 11 2 12 2 13 3 9 3 10 3 11 3 12 3 13 4 9 4 10 4 11 4 12 4 13 5 9 5 10 5 11 5 12 5 13 6 9 6 10 6 11 6 12 6 13 7 10 7 11 7 12 7 13 8 10
m14_245 14 33 0 7 0 8 0 10 0 11 0 13 1 8 1 9 1 10 1 11 2 10 2 11 2 12 2 13 3 10 3 11 3 12 3 13 4 10 4 11 4 12 4 13 5 10 5 11 5 12 5 13 6 10 6 11 6 12 6 13 7 9 7 12 8 12 9 13
m14_246 14 33 0 7 0 8 0 10 1 8 1 9 1 10 1 11 2 10 2 11 2 12 2 13 3 10 3 11 3 12 3 13 4 10 4 11 4 12 4 13 5 10 5 11 5 12 5 13 6 10 6 11 6 12 6 13 7 9 7 11 7 13 8 12 8 13 9 12
m14_247 14 33 0 7 0 8 0 10 1 8 1 9 1 10 1 11 2 10 2 11 2 12 2 13 3 10 3 11 3 12 3 13 4 10 4 11 4 12 4 13 5 10 5 11 5 12 5 13 6 10 6 11 6 12 6 13 7 9 7 11 8 12 8 13 9 12 9 13
m14_248 14 33 0 7 0 8 0 10 0 11 0 12 1 8 1 9 1 11 1 12 2 9 2 11 2 12 2 13 3 10 3 11 3 12 3 13 4 10 4 11 4 12 4 13 5 10 5 11 5 12 5 13 6 10 6 11 6 12 6 13 7 9 7 13 8 13 9 10
m14_249 14 33 0 7 0 8 0 10 0 11 1 8 1 9 1 11 1 12 2 9 2 11 2 12 2 13 3 10 3 11 3 12 3 13 4 10 4 11 4 12 4 13 5 10 5 11 5 12 5 13 6 10 6 11 6 12 6 13 7 9 7 12 7 13 8 13 9 10
m14_250 14 33 0 7 0 8 0 10 0 11 1 8 1 9 1 11 2 9 2 11 2 12 2 13 3 10 3 11 3 12 3 13 4 10 4 11 4 12 4 13 5 10 5 11 5 12 5 13 6 10 6 11 6 12 6 13 7 9 7 12 7 13 8 12 8 13 9 10
m14_251 14 32 0 7 0 8 0 10 0 11 0 12 1 8 1 9 1 12 2 9 2 12 2 13 3 10 3 11 3 12 3 13 4 10 4 11 4 12 4 13 5 10 5 11 5 12 5 13 6 10 6 11 6 12 6 13 7 9 7 13 8 13 9 10 9 11
m14_252 14 32 0 7 0 8 0 10 0 12 1 8 1 9 1 12 2 9 2 12 2 13 3 10 3 11 3 12 3 13 4 10 4 11 4 12 4 13 5 10 5 11 5 12 5 13 6 10 6 11 6 12 6 13 7 9 7 13 8 11 8 13 9 10 9 11
m14_253 14 31 0 7 0 8 0 11 0 12 1 8 1 9 1 10 1 12 2 9 2 10 2 12 2 13 3 9 3 10 3 12 3 13 4 11 4 12 4 13 5 11 5 12 5 13 6 11 6 12 6 13 7 9 7 10 7 13 8 13 9 11 10 11
m14_254 14 30 0 7 0 10 0 11 1 8 1 9 1 10 1 13 2 8 2 9 2 10 2 13 3 10 3 11 3 13 4 11 4 12 4 13 5 11 5 12 5 13 6 11 6 12 6 13 7 12 7 13 8 11 8 12 9 11 9 12 10 12
m14_255 14 30 0 7 0 10 0 13 1 8 1 9 1 10 1 12 2 8 2 9 2 10 2 12 3 10 3 12 3 13 4 10 4 12 4 13 5 11 5 12 5 13 6 11 6 12 6 13 7 11 7 12 8 11 8 13 9 11 9 13 10 11
m14_256 14 33 0 7 0 10 0 11 1 8 1 9 1 10 1 12 2 8 2 9 2 10 2 12 3 10 3 11 3 12 3 13 4 10 4 11 4 12 4 13 5 10 5 11 5 12 5 13 6 10 6 11 6 12 6 13 7 12 7 13 8 11 8 13 9 11 9 13
m14_257 14 30 0 7 0 9 0 11 0 13 1 8 1 9 1 10 1 11 2 8 2 9 2 10 2 11 3 11 3 12 3 13 4 11 4 12 4 13 5 11 5 12 5 13 6 11 6 12 6 13 7 10 7 12 8 12 8 13 9 12 10 13
m14_258 14 30 0 7 0 9 0 11 0 13 1 8 1 9 1 10 1 13 2 8 2 9 2 10 2 13 3 10 3 12 3 13 4 11 4 12 4 13 5 11 5 12 5 13 6 11 6 12 6 13 7 10 7 12 8 11 8 12 9 12 10 11
m14_259 14 30 0 7 0 9 0 10 0 13 1 8 1 9 1 11 1 13 2 8 2 9 2 11 2 13 3 10 3 12 3 13 4 10 4 12 4 13 5 11 5 12 5 13 6 11 6 12 6 13 7 11 7 12 8 10 8 12 9 12 10 11
m14_260 14 32 0 7 0 9 0 10 0 11 1 8 1 9 1 13 2 8 2 9 2 13 3 10 3 11 3 12 3 13 4 10 4 11 4 12 4 13 5 10 5 11 5 12 5 13 6 10 6 11 6 12 6 13 7 12 7 13 8 10 8 11 8 12 9 12
m14_261 14 33 0 7 0 9 0 10 0 12 1 8 1 9 1 12 1 13 2 8 2 9 2 12 2 13 3 10 3 11 3 12 3 13 4 10 4 11 4 12 4 13 5 10 5 11 5 12 5 13 6 10 6 11 6 12 6 13 7 11 7 13 8 10 8 11 9 11
m14_262 14 33 0 7 0 9 0 10 1 8 1 9 1 12 1 13 2 8 2 9 2 12 2 13 3 10 3 11 3 12 3 13 4 10 4 11 4 12 4 13 5 10 5 11 5 12 5 13 6 10 6 11 6 12 6 13 7 11 7 12 7 13 8 10 8 11 9 11
m14_263 14 33 0 7 0 9 0 10 1 8 1 9 1 13 2 8 2 9 2 13 3 10 3 11 3 12 3 13 4 10 4 11 4 12 4 13 5 10 5 11 5 12 5 13 6 10 6 11 6 12 6 13 7 11 7 12 7 13 8 10 8 11 8 12 9 11 9 12
m14_264 14 31 0 7 0 9 0 10 0 11 1 8 1 9 1 10 1 13 2 8 2 9 2 10 2 13 3 9 3 10 3 11 3 13 4 11 4 12 4 13 5 11 5 12 5 13 6 11 6 12 6 13 7 12 7 13 8 11 8 12 9 12 10 12
m14_265 14 32 0 7 0 9 0 10 0 11 1 8 1 9 1 13 2 8 2 9 2 13 3 9 3 10 3 11 3 13 4 10 4 11 4 12 4 13 5 10 5 11 5 12 5 13 6 10 6 11 6 12 6 13 7 12 7 13 8 10 8 11 8 12 9 12
m14_266 14 33 0 7 0 9 0 10 0 12 1 8 1 9 1 12 1 13 2 8 2 9 2 12 2 13 3 9 3 10 3 12 3 13 4 10 4 11 4 12 4 13 5 10 5 11 5 12 5 13 6 10 6 11 6 12 6 13 7 11 7 13 8 10 8 11 9 11
m14_267 14 33 0 7 0 9 0 10 1 8 1 9 1 12 1 13 2 8 2 9 2 12 2 13 3 9 3 10 3 12 3 13 4 10 4 11 4 12 4 13 5 10 5 11 5 12 5 13 6 10 6 11 6 12 6 13 7 11 7 12 7 13 8 10 8 11 9 11
m14_268 14 32 0 7 0 9 0 10 1 8 1 9 1 13 2 8 2 9 2 13 3 9 3 10 3 12 3 13 4 10 4 11 4 12 4 13 5 10 5 11 5 12 5 13 6 10 6 11 6 12 6 13 7 11 7 12 7 13 8 10 8 11 8 12 9 11
m14_269 14 32 0 7 0 9 0 12 1 8 1 9 1 13 2 8 2 9 2 13 3 9 3 12 3 13 4 10 4 11 4 12 4 13 5 10 5 11 5 12 5 13 6 10 6 11 6 12 6 13 7 10 7 11 7 13 8 10 8 11 8 12 9 10 9 11
m14_270 14 29 0 7 0 10 0 13 1 8 1 12 1 13 2 8 2 12 2 13 3 9 3 11 3 13 4 9 4 11 4 13 5 10 5 11 5 12 5 13 6 10 6 11 6 12 6 13 7 11 7 12 8 10 8 11 9 10 9 12
m14_271 14 28 0 7 0 10 0 13 1 8 1 11 1 13 2 8 2 11 2 13 3 9 3 12 3 13 4 9 4 12 4 13 5 9 5 12 5 13 6 10 6 11 6 12 6 13 7 11 7 12 8 10 8 12 9 10 9 11
m14_272 14 30 0 7 0 9 0 10 0 11 1 8 1 10 1 11 1 12 2 8 2 10 2 11 2 12 3 9 3 11 3 13 4 11 4 12 4 13 5 11 5 12 5 13 6 11 6 12 6 13 7 12 7 13 8 9 8 13 9 12 10 13
m14_273 14 32 0 7 0 9 0 10 0 12 1 8 1 12 1 13 2 8 2 12 2 13 3 9 3 10 3 11 3 12 4 10 4 11 4 12 4 13 5 10 5 11 5 12 5 13 6 10 6 11 6 12 6 13 7 11 7 13 8 9 8 10 8 11 9 13
m14_274 14 32 0 7 0 9 0 13 1 8 1 12 1 13 2 8 2 12 2 13 3 9 3 10 3 11 3 13 4 10 4 11 4 12 4 13 5 10 5 11 5 12 5 13 6 10 6 11 6 12 6 13 7 10 7 11 7 12 8 9 8 10 8 11 9 12
m14_275 14 33 0 7 0 9 0 12 0 13 1 8 1 11 1 12 1 13 2 8 2 11 2 12 2 13 3 9 3 10 3 12 3 13 4 10 4 11 4 12 4 13 5 10 5 11 5 12 5 13 6 10 6 11 6 12 6 13 7 10 7 11 8 9 8 10 9 11
m14_276 14 33 0 7 0 9 0 13 1 8 1 11 1 12 1 13 2 8 2 11 2 12 2 13 3 9 3 10 3 12 3 13 4 10 4 11 4 12 4 13 5 10 5 11 5 12 5 13 6 10 6 11 6 12 6 13 7 10 7 11 7 12 8 9 8 10 9 11
m14_277 14 33 0 7 0 9 0 13 1 8 1 11 1 12 1 13 2 8 2 11 2 12 2 13 3 9 3 10 3 13 4 10 4 11 4 12 4 13 5 10 5 11 5 12 5 13 6 10 6 11 6 12 6 13 7 10 7 11 7 12 8 9 8 10 9 11 9 12
m14_278 14 31 0 7 0 9 0 10 0 13 1 8 1 12 1 13 2 8 2 12 2 13 3 9 3 10 3 11 3 13 4 9 4 10 4 11 4 13 5 11 5 12 5 13 6 11 6 12 6 13 7 11 7 12 8 9 8 10 8 11 9 12 10 12
m14_279 14 32 0 7 0 9 0 10 0 13 1 8 1 12 1 13 2 8 2 12 2 13 3 9 3 10 3 11 3 13 4 9 4 10 4 11 4 13 5 10 5 11 5 12 5 13 6 10 6 11 6 12 6 13 7 11 7 12 8 9 8 10 8 11 9 12
m14_280 14 32 0 7 0 9 0 13 1 8 1 12 1 13 2 8 2 12 2 13 3 9 3 10 3 11 3 13 4 9 4 10 4 11 4 13 5 10 5 11 5 12 5 13 6 10 6 11 6 12 6 13 7 10 7 11 7 12 8 9 8 10 8 11 9 12
m14_281 14 33 0 7 0 9 0 12 0 13 1 8 1 11 1 12 1 13 2 8 2 11 2 12 2 13 3 9 3 10 3 12 3 13 4 9 4 10 4 12 4 13 5 10 5 11 5 12 5 13 6 10 6 11 6 12 6 13 7 10 7 11 8 9 8 10 9 11
m14_282 14 33 0 7 0 9 0 13 1 8 1 11 1 12 1 13 2 8 2 11 2 12 2 13 3 9 3 10 3 12 3 13 4 9 4 10 4 12 4 13 5 10 5 11 5 12 5 13 6 10 6 11 6 12 6 13 7 10 7 11 7 12 8 9 8 10 9 11
m14_283 14 32 0 7 0 9 0 13 1 8 1 10 1 11 1 13 2 8 2 10 2 11 2 13 3 9 3 12 3 13 4 9 4 12 4 13 5 10 5 11 5 12 5 13 6 10 6 11 6 12 6 13 7 10 7 11 7 12 8 9 8 12 9 10 9 11
m14_284 14 35 0 7 0 9 0 10 0 13 1 8 1 12 1 13 2 8 2 12 2 13 3 9 3 10 3 11 3 12 3 13 4 9 4 10 4 11 4 12 4 13 5 9 5 10 5 11 5 12 5 13 6 9 6 10 6 11 6 12 6 13 7 11 7 12 8 9 8 10 8 11
m14_285 14 36 0 7 0 9 0 11 0 12 1 8 1 11 1 12 1 13 2 8 2 11 2 12 2 13 3 9 3 10 3 11 3 12 3 13 4 9 4 10 4 11 4 12 4 13 5 9 5 10 5 11 5 12 5 13 6 9 6 10 6 11 6 12 6 13 7 10 7 13 8 9 8 10
m14_286 14 31 0 7 0 8 0 9 0 12 1 8 1 9 1 10 1 11 1 12 2 8 2 9 2 10 2 11 2 12 3 11 3 12 3 13 4 11 4 12 4 13 5 11 5 12 5 13 6 11 6 12 6 13 7 10 7 11 8 13 9 13 10 13
m14_287 14 30 0 7 0 8 0 9 0 11 1 8 1 9 1 10 1 12 2 8 2 9 2 10 2 12 3 11 3 12 3 13 4 11 4 12 4 13 5 11 5 12 5 13 6 11 6 12 6 13 7 10 7 12 7 13 8 13 9 13 10 11
m14_288 14 30 0 7 0 8 0 9 0 11 1 8 1 9 1 10 1 12 2 8 2 9 2 10 2 12 3 11 3 12 3 13 4 11 4 12 4 13 5 11 5 12 5 13 6 11 6 12 6 13 7 10 7 12 8 13 9 13 10 11 10 13
m14_289 14 30 0 7 0 8 0 9 0 11 0 13 1 8 1 9 1 10 1 13 2 8 2 9 2 10 2 13 3 10 3 12 3 13 4 11 4 12 4 13 5 11 5 12 5 13 6 11 6 12 6 13 7 10 7 12 8 12 9 12 10 11
m14_290 14 31 0 7 0 8 0 9 0 13 1 8 1 9 1 10 1 13 2 8 2 9 2 10 2 13 3 10 3 12 3 13 4 11 4 12 4 13 5 11 5 12 5 13 6 11 6 12 6 13 7 10 7 12 8 11 8 12 9 11 9 12 10 11
m14_291 14 35 0 7 0 8 0 9 0 12 0 13 1 8 1 9 1 11 1 12 1 13 2 8 2 9 2 11 2 12 2 13 3 10 3 11 3 12 3 13 4 10 4 11 4 12 4 13 5 10 5 11 5 12 5 13 6 10 6 11 6 12 6 13 7 10 7 11 8 10 9 10
m14_292 14 35 0 7 0 8 0 9 0 13 1 8 1 9 1 11 1 12 1 13 2 8 2 9 2 11 2 12 2 13 3 10 3 11 3 12 3 13 4 10 4 11 4 12 4 13 5 10 5 11 5 12 5 13 6 10 6 11 6 12 6 13 7 10 7 11 7 12 8 10 9 10
m14_293 14 35 0 7 0 8 0 9 0 13 1 8 1 9 1 12 1 13 2 8 2 9 2 12 2 13 3 10 3 11 3 12 3 13 4 10 4 11 4 12 4 13 5 10 5 11 5 12 5 13 6 10 6 11 6 12 6 13 7 10 7 11 7 12 8 10 8 11 9 10 9 11
m14_294 14 33 0 7 0 8 0 9 0 12 1 8 1 9 1 12 1 13 2 8 2 11 2 12 2 13 3 9 3 10 3 12 3 13 4 10 4 11 4 12 4 13 5 10 5 11 5 12 5 13 6 10 6 11 6 12 6 13 7 10 7 11 7 13 8 10 9 11
m14_295 14 31 0 7 0 8 0 9 0 13 1 8 1 9 1 10 1 13 2 8 2 9 2 10 2 13 3 9 3 10 3 12 3 13 4 11 4 12 4 13 5 11 5 12 5 13 6 11 6 12 6 13 7 10 7 12 8 11 8 12 9 11 10 11
m14_296 14 34 0 7 0 8 0 9 0 12 1 8 1 9 1 12 1 13 2 8 2 9 2 12 2 13 3 9 3 11 3 12 3 13 4 10 4 11 4 12 4 13 5 10 5 11 5 12 5 13 6 10 6 11 6 12 6 13 7 10 7 11 7 13 8 10 8 11 9 10
m14_297 14 33 0 7 0 8 0 9 0 12 0 13 1 8 1 11 1 12 1 13 2 8 2 11 2 12 2 13 3 9 3 10 3 12 3 13 4 9 4 10 4 12 4 13 5 10 5 11 5 12 5 13 6 10 6 11 6 12 6 13 7 10 7 11 8 10 9 11
m14_298 14 33 0 7 0 8 0 9 0 12 1 8 1 11 1 12 1 13 2 8 2 11 2 12 2 13 3 9 3 10 3 12 3 13 4 9 4 10 4 12 4 13 5 10 5 11 5 12 5 13 6 10 6 11 6 12 6 13 7 10 7 11 7 13 8 10 9 11
m14_299 14 32 0 7 0 8 0 9 0 13 1 8 1 11 1 13 2 8 2 11 2 13 3 9 3 10 3 12 3 13 4 9 4 10 4 12 4 13 5 10 5 11 5 12 5 13 6 10 6 11 6 12 6 13 7 10 7 11 7 12 8 10 8 12 9 11
m14_300 14 31 0 7 0 8 0 9 0 13 1 8 1 12 1 13 2 8 2 12 2 13 3 9 3 11 3 13 4 9 4 11 4 13 5 10 5 11 5 12 5 13 6 10 6 11 6 12 6 13 7 10 7 11 7 12 8 10 8 11 9 10 9 12
m14_301 14 33 0 7 0 8 0 9 0 13 1 8 1 9 1 12 1 13 2 8 2 10 2 12 2 13 3 9 3 11 3 12 3 13 4 9 4 11 4 12 4 13 5 10 5 11 5 12 5 13 6 10 6 11 6 12 6 13 7 10 7 11 7 12 8 11 9 10
m14_302 14 31 0 7 0 8 0 9 0 10 0 13 1 8 1 12 1 13 2 8 2 12 2 13 3 9 3 10 3 11 3 13 4 9 4 10 4 11 4 13 5 9 5 10 5 11 5 13 6 11 6 12 6 13 7 11 7 12 8 11 9 12 10 12
m14_303 14 33 0 7 0 8 0 9 0 12 0 13 1 8 1 10 1 12 1 13 2 8 2 10 2 12 2 13 3 9 3 11 3 12 3 13 4 9 4 11 4 12 4 13 5 9 5 11 5 12 5 13 6 10 6 11 6 12 6 13 7 10 7 11 8 11 9 10
m14_304 14 33 0 7 0 8 0 9 0 13 1 8 1 10 1 12 1 13 2 8 2 10 2 12 2 13 3 9 3 11 3 12 3 13 4 9 4 11 4 12 4 13 5 9 5 11 5 12 5 13 6 10 6 11 6 12 6 13 7 10 7 11 7 12 8 11 9 10
m14_305 14 32 0 7 0 8 0 9 0 13 1 8 1 10 1 13 2 8 2 10 2 13 3 9 3 11 3 12 3 13 4 9 4 11 4 12 4 13 5 9 5 11 5 12 5 13 6 10 6 11 6 12 6 13 7 10 7 11 7 12 8 11 8 12 9 10
m14_306 14 32 0 7 0 8 0 12 0 13 1 8 1 9 1 13 2 8 2 9 2 13 3 10 3 11 3 12 3 13 4 10 4 11 4 12 4 13 5 10 5 11 5 12 5 13 6 10 6 11 6 12 6 13 7 9 7 10 7 11 8 10 8 11 9 12
m14_307 14 32 0 7 0 8 0 12 1 8 1 9 1 13 2 8 2 9 2 13 3 10 3 11 3 12 3 13 4 10 4 11 4 12 4 13 5 10 5 11 5 12 5 13 6 10 6 11 6 12 6 13 7 9 7 10 7 11 7 13 8 10 8 11 9 12
m14_308 14 32 0 7 0 8 0 13 1 8 1 9 1 13 2 8 2 9 2 13 3 10 3 11 3 12 3 13 4 10 4 11 4 12 4 13 5 10 5 11 5 12 5 13 6 10 6 11 6 12 6 13 7 9 7 10 7 11 8 10 8 11 8 12 9 12
m14_309 14 33 0 7 0 8 0 11 0 12 0 13 1 8 1 9 1 12 1 13 2 8 2 9 2 12 2 13 3 10 3 11 3 12 3 13 4 10 4 11 4 12 4 13 5 10 5 11 5 12 5 13 6 10 6 11 6 12 6 13 7 9 7 10 8 10 9 11
m14_310 14 33 0 7 0 8 0 11 0 12 1 8 1 9 1 12 1 13 2 8 2 9 2 12 2 13 3 10 3 11 3 12 3 13 4 10 4 11 4 12 4 13 5 10 5 11 5 12 5 13 6 10 6 11 6 12 6 13 7 9 7 10 7 13 8 10 9 11
m14_311 14 34 0 7 0 8 0 11 0 12 1 8 1 9 1 11 1 12 1 13 2 8 2 9 2 11 2 12 2 13 3 10 3 11 3 12 3 13 4 10 4 11 4 12 4 13 5 10 5 11 5 12 5 13 6 10 6 11 6 12 6 13 7 9 7 13 8 10 9 10
m14_312 14 33 0 7 0 8 0 12 0 13 1 8 1 9 1 12 1 13 2 8 2 9 2 12 2 13 3 10 3 11 3 12 3 13 4 10 4 11 4 12 4 13 5 10 5 11 5 12 5 13 6 10 6 11 6 12 6 13 7 9 7 11 8 10 8 11 9 10
m14_313 14 33 0 7 0 8 0 13 1 8 1 9 1 12 1 13 2 8 2 9 2 12 2 13 3 10 3 11 3 12 3 13 4 10 4 11 4 12 4 13 5 10 5 11 5 12 5 13 6 10 6 11 6 12 6 13 7 9 7 11 7 12 8 10 8 11 9 10
m14_314 14 32 0 7 0 8 0 12 0 13 1 8 1 9 1 13 2 8 2 9 2 13 3 10 3 11 3 12 3 13 4 10 4 11 4 12 4 13 5 10 5 11 5 12 5 13 6 10 6 11 6 12 6 13 7 9 7 11 8 10 8 11 9 10 9 12
m14_315 14 32 0 7 0 8 0 13 1 8 1 9 1 13 2 8 2 9 2 13 3 10 3 11 3 12 3 13 4 10 4 11 4 12 4 13 5 10 5 11 5 12 5 13 6 10 6 11 6 12 6 13 7 9 7 11 8 10 8 11 8 12 9 10 9 12
m14_316 14 33 0 7 0 8 0 12 1 8 1 9 1 12 1 13 2 8 2 9 2 12 2 13 3 10 3 11 3 12 3 13 4 10 4 11 4 12 4 13 5 10 5 11 5 12 5 13 6 10 6 11 6 12 6 13 7 9 7 13 8 10 8 11 9 10 9 11
m14_317 14 33 0 7 0 8 0 11 0 12 1 8 1 9 1 12 1 13 2 8 2 11 2 12 2 13 3 9 3 10 3 12 3 13 4 10 4 11 4 12 4 13 5 10 5 11 5 12 5 13 6 10 6 11 6 12 6 13 7 9 7 10 7 13 8 10 9 11
m14_318 14 31 0 7 0 8 0 12 0 13 1 8 1 9 1 10 1 13 2 8 2 9 2 10 2 13 3 9 3 10 3 11 3 13 4 11 4 12 4 13 5 11 5 12 5 13 6 11 6 12 6 13 7 9 7 10 7 11 8 11 9 12 10 12
m14_319 14 31 0 7 0 8 0 13 1 8 1 9 1 10 1 13 2 8 2 9 2 10 2 13 3 9 3 10 3 12 3 13 4 11 4 12 4 13 5 11 5 12 5 13 6 11 6 12 6 13 7 9 7 10 7 12 8 11 8 12 9 11 10 11
m14_320 14 34 0 7 0 8 0 11 0 12 1 8 1 11 1 12 1 13 2 8 2 11 2 12 2 13 3 9 3 10 3 12 3 13 4 9 4 10 4 12 4 13 5 10 5 11 5 12 5 13 6 10 6 11 6 12 6 13 7 9 7 10 7 13 8 9 8 10 9 11
m14_321 14 38 0 7 0 8 0 11 0 12 0 13 1 8 1 10 1 11 1 12 1 13 2 8 2 10 2 11 2 12 2 13 3 9 3 10 3 11 3 12 3 13 4 9 4 10 4 11 4 12 4 13 5 9 5 10 5 11 5 12 5 13 6 9 6 10 6 11 6 12 6 13 7 9 7 10 8 9
m14_322 14 38 0 7 0 8 0 12 0 13 1 8 1 10 1 11 1 12 1 13 2 8 2 10 2 11 2 12 2 13 3 9 3 10 3 11 3 12 3 13 4 9 4 10 4 11 4 12 4 13 5 9 5 10 5 11 5 12 5 13 6 9 6 10 6 11 6 12 6 13 7 9 7 10 7 11 8 9
m14_323 14 38 0 7 0 8 0 13 1 8 1 10 1 11 1 12 1 13 2 8 2 10 2 11 2 12 2 13 3 9 3 10 3 11 3 12 3 13 4 9 4 10 4 11 4 12 4 13 5 9 5 10 5 11 5 12 5 13 6 9 6 10 6 11 6 12 6 13 7 9 7 10 7 11 7 12 8 9
m14_324 14 37 0 7 0 8 0 12 0 13 1 8 1 11 1 12 1 13 2 8 2 11 2 12 2 13 3 9 3 10 3 11 3 12 3 13 4 9 4 10 4 11 4 12 4 13 5 9 5 10 5 11 5 12 5 13 6 9 6 10 6 11 6 12 6 13 7 9 7 10 7 11 8 9 8 10
m14_325 14 37 0 7 0 8 0 13 1 8 1 11 1 12 1 13 2 8 2 11 2 12 2 13 3 9 3 10 3 11 3 12 3 13 4 9 4 10 4 11 4 12 4 13 5 9 5 10 5 11 5 12 5 13 6 9 6 10 6 11 6 12 6 13 7 9 7 10 7 11 7 12 8 9 8 10
m14_326 14 36 0 7 0 8 0 12 1 8 1 12 1 13 2 8 2 12 2 13 3 9 3 10 3 11 3 12 3 13 4 9 4 10 4 11 4 12 4 13 5 9 5 10 5 11 5 12 5 13 6 9 6 10 6 11 6 12 6 13 7 9 7 10 7 11 7 13 8 9 8 10 8 11
m14_327 14 31 0 7 0 10 0 11 1 8 1 9 1 10 1 13 2 8 2 9 2 10 2 13 3 8 3 9 3 10 3 13 4 11 4 12 4 13 5 11 5 12 5 13 6 11 6 12 6 13 7 12 7 13 8 11 8 12 9 11 9 12 10 12
m14_328 14 31 0 7 0 10 0 13 1 8 1 9 1 11 1 13 2 8 2 9 2 11 2 13 3 8 3 9 3 11 3 13 4 10 4 12 4 13 5 10 5 12 5 13 6 11 6 12 6 13 7 11 7 12 8 10 8 12 9 10 9 12 10 11
m14_329 14 33 0 7 0 10 0 12 1 8 1 9 1 12 1 13 2 8 2 9 2 12 2 13 3 8 3 9 3 12 3 13 4 10 4 11 4 12 4 13 5 10 5 11 5 12 5 13 6 10 6 11 6 12 6 13 7 11 7 13 8 10 8 11 9 10 9 11
m14_330 14 31 0 7 0 9 0 10 0 11 1 8 1 9 1 10 1 13 2 8 2 9 2 10 2 13 3 8 3 9 3 10 3 13 4 11 4 12 4 13 5 11 5 12 5 13 6 11 6 12 6 13 7 12 7 13 8 11 8 12 9 12 10 12
m14_331 14 31 0 7 0 9 0 12 0 13 1 8 1 9 1 10 1 13 2 8 2 9 2 10 2 13 3 8 3 9 3 10 3 13 4 11 4 12 4 13 5 11 5 12 5 13 6 11 6 12 6 13 7 10 7 11 8 11 8 12 9 11 10 12
m14_332 14 31 0 7 0 9 0 10 0 11 1 8 1 9 1 13 2 8 2 9 2 13 3 8 3 9 3 13 4 10 4 11 4 12 4 13 5 10 5 11 5 12 5 13 6 10 6 11 6 12 6 13 7 12 7 13 8 10 8 11 8 12 9 12
m14_333 14 33 0 7 0 9 0 10 0 12 1 8 1 9 1 12 1 13 2 8 2 9 2 12 2 13 3 8 3 9 3 12 3 13 4 10 4 11 4 12 4 13 5 10 5 11 5 12 5 13 6 10 6 11 6 12 6 13 7 11 7 13 8 10 8 11 9 11
m14_334 14 33 0 7 0 9 0 10 1 8 1 9 1 12 1 13 2 8 2 9 2 12 2 13 3 8 3 9 3 12 3 13 4 10 4 11 4 12 4 13 5 10 5 11 5 12 5 13 6 10 6 11 6 12 6 13 7 11 7 12 7 13 8 10 8 11 9 11
m14_335 14 32 0 7 0 9 0 10 1 8 1 9 1 13 2 8 2 9 2 13 3 8 3 9 3 13 4 10 4 11 4 12 4 13 5 10 5 11 5 12 5 13 6 10 6 11 6 12 6 13 7 11 7 12 7 13 8 10 8 11 8 12 9 11 9 12
m14_336 14 31 0 7 0 9 0 10 0 13 1 8 1 10 1 11 1 13 2 8 2 10 2 11 2 13 3 8 3 10 3 11 3 13 4 9 4 12 4 13 5 9 5 12 5 13 6 11 6 12 6 13 7 11 7 12 8 9 8 12 9 11 10 12
m14_337 14 33 0 7 0 9 0 12 0 13 1 8 1 11 1 12 1 13 2 8 2 11 2 12 2 13 3 8 3 11 3 12 3 13 4 9 4 10 4 12 4 13 5 9 5 10 5 12 5 13 6 10 6 11 6 12 6 13 7 10 7 11 8 9 8 10 9 11
m14_338 14 33 0 7 0 9 0 13 1 8 1 11 1 12 1 13 2 8 2 11 2 12 2 13 3 8 3 11 3 12 3 13 4 9 4 10 4 12 4 13 5 9 5 10 5 12 5 13 6 10 6 11 6 12 6 13 7 10 7 11 7 12 8 9 8 10 9 11
m14_339 14 32 0 7 0 9 0 13 1 8 1 11 1 12 1 13 2 8 2 11 2 12 2 13 3 8 3 11 3 12 3 13 4 9 4 10 4 13 5 9 5 10 5 13 6 10 6 11 6 12 6 13 7 10 7 11 7 12 8 9 8 10 9 11 9 12
m14_340 14 35 0 7 0 9 0 11 0 12 1 8 1 11 1 12 1 13 2 8 2 11 2 12 2 13 3 8 3 11 3 12 3 13 4 9 4 10 4 11 4 12 4 13 5 9 5 10 5 11 5 12 5 13 6 9 6 10 6 11 6 12 6 13 7 10 7 13 8 9 8 10
m14_341 14 34 0 7 0 8 0 9 0 10 0 13 1 8 1 9 1 10 1 12 1 13 2 8 2 9 2 10 2 12 2 13 3 8 3 9 3 10 3 12 3 13 4 11 4 12 4 13 5 11 5 12 5 13 6 11 6 12 6 13 7 11 7 12 8 11 9 11 10 11
m14_342 14 31 0 7 0 8 0 9 0 11 0 13 1 8 1 9 1 10 1 13 2 8 2 9 2 10 2 13 3 8 3 9 3 10 3 13 4 11 4 12 4 13 5 11 5 12 5 13 6 11 6 12 6 13 7 10 7 12 8 12 9 12 10 11
m14_343 14 31 0 7 0 8 0 9 0 11 1 8 1 9 1 10 1 13 2 8 2 9 2 10 2 13 3 8 3 9 3 10 3 13 4 11 4 12 4 13 5 11 5 12 5 13 6 11 6 12 6 13 7 10 7 12 7 13 8 12 9 12 10 11
m14_344 14 33 0 7 0 8 0 9 0 13 1 8 1 9 1 10 1 12 1 13 2 8 2 9 2 10 2 12 2 13 3 8 3 9 3 10 3 12 3 13 4 11 4 12 4 13 5 11 5 12 5 13 6 11 6 12 6 13 7 10 7 12 8 11 9 11 10 11
m14_345 14 36 0 7 0 8 0 9 0 11 0 12 1 8 1 9 1 11 1 12 1 13 2 8 2 9 2 11 2 12 2 13 3 8 3 9 3 11 3 12 3 13 4 10 4 11 4 12 4 13 5 10 5 11 5 12 5 13 6 10 6 11 6 12 6 13 7 10 7 13 8 10 9 10
m14_346 14 36 0 7 0 8 0 9 0 11 1 8 1 9 1 11 1 12 1 13 2 8 2 9 2 11 2 12 2 13 3 8 3 9 3 11 3 12 3 13 4 10 4 11 4 12 4 13 5 10 5 11 5 12 5 13 6 10 6 11 6 12 6 13 7 10 7 12 7 13 8 10 9 10
m14_347 14 35 0 7 0 8 0 9 0 12 1 8 1 9 1 12 1 13 2 8 2 9 2 12 2 13 3 8 3 9 3 12 3 13 4 10 4 11 4 12 4 13 5 10 5 11 5 12 5 13 6 10 6 11 6 12 6 13 7 10 7 11 7 13 8 10 8 11 9 10 9 11
m14_348 14 33 0 7 0 8 0 9 0 12 1 8 1 9 1 12 1 13 2 8 2 9 2 12 2 13 3 8 3 11 3 12 3 13 4 9 4 10 4 12 4 13 5 10 5 11 5 12 5 13 6 10 6 11 6 12 6 13 7 10 7 11 7 13 8 10 9 11
m14_349 14 33 0 7 0 8 0 9 0 12 1 8 1 9 1 12 1 13 2 8 2 11 2 12 2 13 3 8 3 11 3 12 3 13 4 9 4 10 4 12 4 13 5 9 5 10 5 12 5 13 6 10 6 11 6 12 6 13 7 10 7 11 7 13 8 10 9 11
m14_350 14 33 0 7 0 8 0 9 0 12 0 13 1 8 1 11 1 12 1 13 2 8 2 11 2 12 2 13 3 8 3 11 3 12 3 13 4 9 4 10 4 12 4 13 5 9 5 10 5 12 5 13 6 9 6 10 6 12 6 13 7 10 7 11 8 10 9 11
m14_351 14 33 0 7 0 8 0 9 0 12 1 8 1 11 1 12 1 13 2 8 2 11 2 12 2 13 3 8 3 11 3 12 3 13 4 9 4 10 4 12 4 13 5 9 5 10 5 12 5 13 6 9 6 10 6 12 6 13 7 10 7 11 7 13 8 10 9 11
m14_352 14 38 0 7 0 8 0 10 0 11 0 12 1 8 1 10 1 11 1 12 1 13 2 8 2 10 2 11 2 12 2 13 3 8 3 10 3 11 3 12 3 13 4 9 4 10 4 11 4 12 4 13 5 9 5 10 5 11 5 12 5 13 6 9 6 10 6 11 6 12 6 13 7 9 7 13 8 9
m14_353 14 38 0 7 0 8 0 10 0 11 1 8 1 10 1 11 1 12 1 13 2 8 2 10 2 11 2 12 2 13 3 8 3 10 3 11 3 12 3 13 4 9 4 10 4 11 4 12 4 13 5 9 5 10 5 11 5 12 5 13 6 9 6 10 6 11 6 12 6 13 7 9 7 12 7 13 8 9
m14_357 14 30 0 7 0 8 0 10 0 11 1 7 1 8 1 10 1 11 2 9 2 10 2 13 3 9 3 10 3 13 4 11 4 12 4 13 5 11 5 12 5 13 6 11 6 12 6 13 7 12 7 13 8 12 8 13 9 11 9 12 10 12
m14_358 14 30 0 7 0 8 0 10 0 12 1 7 1 8 1 10 1 12 2 9 2 12 2 13 3 9 3 12 3 13 4 10 4 11 4 12 5 11 5 12 5 13 6 11 6 12 6 13 7 11 7 13 8 11 8 13 9 10 9 11 10 13
m14_359 14 30 0 7 0 8 0 10 0 13 1 7 1 8 1 10 1 13 2 9 2 11 2 13 3 9 3 11 3 13 4 10 4 12 4 13 5 10 5 12 5 13 6 11 6 12 6 13 7 11 7 12 8 11 8 12 9 10 9 12 10 11
m14_360 14 32 0 7 0 8 0 10 0 12 1 7 1 8 1 10 1 12 2 9 2 12 2 13 3 9 3 12 3 13 4 10 4 11 4 12 4 13 5 10 5 11 5 12 5 13 6 10 6 11 6 12 6 13 7 11 7 13 8 11 8 13 9 10 9 11
m14_361 14 33 0 7 0 8 0 9 0 10 0 11 1 7 1 8 1 9 1 10 1 11 2 9 2 10 2 11 2 13 3 9 3 10 3 11 3 13 4 11 4 12 4 13 5 11 5 12 5 13 6 11 6 12 6 13 7 12 7 13 8 12 8 13 9 12 10 12
m14_362 14 31 0 7 0 8 0 9 0 10 0 13 1 7 1 8 1 9 1 10 1 13 2 9 2 12 2 13 3 9 3 12 3 13 4 10 4 11 4 13 5 10 5 11 5 13 6 11 6 12 6 13 7 11 7 12 8 11 8 12 9 11 10 12
m14_363 14 31 0 7 0 8 0 9 0 12 0 13 1 7 1 8 1 9 1 12 1 13 2 9 2 10 2 13 3 9 3 10 3 13 4 11 4 12 4 13 5 11 5 12 5 13 6 11 6 12 6 13 7 10 7 11 8 10 8 11 9 11 10 12
m14_364 14 35 0 7 0 8 0 9 0 11 0 12 1 7 1 8 1 9 1 11 1 12 2 9 2 11 2 12 2 13 3 9 3 11 3 12 3 13 4 10 4 11 4 12 4 13 5 10 5 11 5 12 5 13 6 10 6 11 6 12 6 13 7 10 7 13 8 10 8 13 9 10
m14_365 14 35 0 7 0 8 0 9 0 11 1 7 1 8 1 9 1 11 2 9 2 11 2 12 2 13 3 9 3 11 3 12 3 13 4 10 4 11 4 12 4 13 5 10 5 11 5 12 5 13 6 10 6 11 6 12 6 13 7 10 7 12 7 13 8 10 8 12 8 13 9 10
m14_366 14 34 0 7 0 8 0 9 0 13 1 7 1 8 1 9 1 13 2 9 2 12 2 13 3 9 3 12 3 13 4 10 4 11 4 12 4 13 5 10 5 11 5 12 5 13 6 10 6 11 6 12 6 13 7 10 7 11 7 12 8 10 8 11 8 12 9 10 9 11
m14_367 14 30 0 7 0 8 0 10 0 11 1 7 1 8 1 10 1 11 2 9 2 11 2 13 3 9 3 11 3 13 4 9 4 11 4 13 5 10 5 12 5 13 6 10 6 12 6 13 7 12 7 13 8 12 8 13 9 10 9 12 11 12
m14_368 14 31 0 7 0 8 0 10 0 12 1 7 1 8 1 10 1 12 2 9 2 12 2 13 3 9 3 12 3 13 4 9 4 12 4 13 5 10 5 11 5 12 5 13 6 10 6 11 6 12 6 13 7 11 7 13 8 11 8 13 9 10 9 11
m14_371 14 31 0 7 0 8 0 12 0 13 1 7 1 9 1 11 1 13 2 8 2 9 2 10 2 13 3 10 3 11 3 12 3 13 4 10 4 11 4 12 4 13 5 10 5 11 5 12 5 13 6 10 6 11 6 12 6 13 7 10 8 11 9 12
m14_372 14 30 0 7 0 8 0 12 1 7 1 9 1 11 2 8 2 9 2 10 2 13 3 10 3 11 3 12 3 13 4 10 4 11 4 12 4 13 5 10 5 11 5 12 5 13 6 10 6 11 6 12 6 13 7 10 7 13 8 11 9 12
m14_373 14 30 0 7 0 8 0 9 0 12 1 7 1 9 1 11 1 12 2 8 2 9 2 10 2 12 3 10 3 12 3 13 4 10 4 12 4 13 5 11 5 12 5 13 6 11 6 12 6 13 7 10 7 13 8 11 8 13 9 13 10 11
m14_374 14 33 0 7 0 8 0 9 0 12 1 7 1 9 1 11 1 12 2 8 2 9 2 10 2 12 3 10 3 11 3 12 3 13 4 10 4 11 4 12 4 13 5 10 5 11 5 12 5 13 6 10 6 11 6 12 6 13 7 10 7 13 8 11 8 13 9 13
m14_375 14 31 0 7 0 8 0 10 0 13 1 7 1 9 1 12 1 13 2 8 2 9 2 11 2 13 3 9 3 11 3 12 3 13 4 10 4 11 4 12 4 13 5 10 5 11 5 12 5 13 6 10 6 11 6 12 6 13 7 11 8 12 9 10
m14_376 14 33 0 7 0 8 0 9 0 13 1 7 1 9 1 11 1 13 2 8 2 9 2 10 2 13 3 9 3 10 3 11 3 13 4 10 4 11 4 12 4 13 5 10 5 11 5 12 5 13 6 10 6 11 6 12 6 13 7 10 7 12 8 11 8 12 9 12
m14_377 14 31 0 7 0 8 0 9 0 13 1 7 1 9 1 10 1 13 2 8 2 11 2 13 3 9 3 10 3 12 3 13 4 9 4 10 4 12 4 13 5 11 5 12 5 13 6 11 6 12 6 13 7 11 7 12 8 10 8 12 9 11 10 11
m14_378 14 32 0 7 0 8 0 9 0 13 1 7 1 9 1 12 1 13 2 8 2 10 2 11 2 13 3 9 3 11 3 12 3 13 4 9 4 11 4 12 4 13 5 10 5 11 5 12 5 13 6 10 6 11 6 12 6 13 7 10 7 11 8 12 9 10
m14_379 14 32 0 7 0 8 0 9 0 13 1 7 1 9 1 12 1 13 2 8 2 10 2 13 3 9 3 11 3 12 3 13 4 9 4 11 4 12 4 13 5 10 5 11 5 12 5 13 6 10 6 11 6 12 6 13 7 10 7 11 8 11 8 12 9 10
m14_380 14 30 0 7 0 8 0 10 0 12 1 7 1 10 1 11 1 12 2 8 2 9 2 10 2 12 3 9 3 12 3 13 4 11 4 12 4 13 5 11 5 12 5 13 6 11 6 12 6 13 7 9 7 13 8 11 8 13 9 11 10 13
m14_381 14 32 0 7 0 8 0 11 0 13 1 7 1 11 1 12 1 13 2 8 2 9 2 10 2 13 3 9 3 10 3 12 3 13 4 10 4 11 4 12 4 13 5 10 5 11 5 12 5 13 6 10 6 11 6 12 6 13 7 9 7 10 8 12 9 11
m14_382 14 29 0 7 0 8 0 12 0 13 1 7 1 10 1 13 2 8 2 9 2 13 3 9 3 10 3 11 3 13 4 11 4 12 4 13 5 11 5 12 5 13 6 11 6 12 6 13 7 9 7 11 8 10 8 11 9 12 10 12
m14_383 14 32 0 7 0 8 0 13 1 7 1 12 1 13 2 8 2 9 2 13 3 9 3 10 3 11 3 13 4 10 4 11 4 12 4 13 5 10 5 11 5 12 5 13 6 10 6 11 6 12 6 13 7 9 7 10 7 11 8 10 8 11 8 12 9 12
m14_384 14 32 0 7 0 8 0 11 0 13 1 7 1 11 1 12 1 13 2 8 2 9 2 13 3 9 3 10 3 12 3 13 4 10 4 11 4 12 4 13 5 10 5 11 5 12 5 13 6 10 6 11 6 12 6 13 7 9 7 10 8 10 8 12 9 11
m14_385 14 33 0 7 0 8 0 12 0 13 1 7 1 11 1 12 1 13 2 8 2 9 2 12 2 13 3 9 3 10 3 12 3 13 4 10 4 11 4 12 4 13 5 10 5 11 5 12 5 13 6 10 6 11 6 12 6 13 7 9 7 10 8 10 8 11 9 11
m14_386 14 32 0 7 0 8 0 13 1 7 1 11 1 13 2 8 2 9 2 12 2 13 3 9 3 10 3 12 3 13 4 10 4 11 4 12 4 13 5 10 5 11 5 12 5 13 6 10 6 11 6 12 6 13 7 9 7 10 7 12 8 10 8 11 9 11
m14_387 14 32 0 7 0 8 0 13 1 7 1 11 1 12 1 13 2 8 2 9 2 13 3 9 3 10 3 12 3 13 4 10 4 11 4 12 4 13 5 10 5 11 5 12 5 13 6 10 6 11 6 12 6 13 7 9 7 10 8 10 8 11 8 12 9 11
m14_388 14 31 0 7 0 8 0 13 1 7 1 11 1 13 2 8 2 9 2 10 2 13 3 9 3 10 3 12 3 13 4 9 4 10 4 12 4 13 5 11 5 12 5 13 6 11 6 12 6 13 7 9 7 10 7 12 8 11 8 12 9 11 10 11
m14_389 14 29 0 7 0 8 0 13 1 7 1 11 1 12 1 13 2 8 2 9 2 10 2 13 3 9 3 12 3 13 4 9 4 12 4 13 5 10 5 11 5 13 6 10 6 11 6 13 7 9 7 10 8 11 8 12 9 11 10 12
m14_390 14 32 0 7 0 8 0 13 1 7 1 10 1 12 1 13 2 8 2 9 2 11 2 13 3 9 3 11 3 12 3 13 4 9 4 11 4 12 4 13 5 10 5 11 5 12 5 13 6 10 6 11 6 12 6 13 7 9 7 11 8 10 8 12 9 10
m14_391 14 33 0 7 0 8 0 12 0 13 1 7 1 10 1 12 1 13 2 8 2 9 2 12 2 13 3 9 3 11 3 12 3 13 4 9 4 11 4 12 4 13 5 10 5 11 5 12 5 13 6 10 6 11 6 12 6 13 7 9 7 11 8 10 8 11 9 10
m14_392 14 32 0 7 0 8 0 13 1 7 1 10 1 13 2 8 2 9 2 12 2 13 3 9 3 11 3 12 3 13 4 9 4 11 4 12 4 13 5 10 5 11 5 12 5 13 6 10 6 11 6 12 6 13 7 9 7 11 7 12 8 10 8 11 9 10
m14_393 14 32 0 7 0 8 0 13 1 7 1 10 1 13 2 8 2 9 2 13 3 9 3 11 3 12 3 13 4 9 4 11 4 12 4 13 5 10 5 11 5 12 5 13 6 10 6 11 6 12 6 13 7 9 7 11 7 12 8 10 8 11 8 12 9 10
m14_394 14 35 0 7 0 8 0 13 1 7 1 12 1 13 2 8 2 9 2 10 2 11 2 13 3 9 3 10 3 11 3 12 3 13 4 9 4 10 4 11 4 12 4 13 5 9 5 10 5 11 5 12 5 13 6 9 6 10 6 11 6 12 6 13 7 9 7 10 7 11 8 12
m14_395 14 36 0 7 0 8 0 12 0 13 1 7 1 11 1 12 1 13 2 8 2 9 2 10 2 12 2 13 3 9 3 10 3 11 3 12 3 13 4 9 4 10 4 11 4 12 4 13 5 9 5 10 5 11 5 12 5 13 6 9 6 10 6 11 6 12 6 13 7 9 7 10 8 11
m14_396 14 35 0 7 0 8 0 13 1 7 1 11 1 12 1 13 2 8 2 9 2 10 2 13 3 9 3 10 3 11 3 12 3 13 4 9 4 10 4 11 4 12 4 13 5 9 5 10 5 11 5 12 5 13 6 9 6 10 6 11 6 12 6 13 7 9 7 10 8 11 8 12
m14_397 14 37 0 7 0 8 0 11 0 12 0 13 1 7 1 10 1 11 1 12 1 13 2 8 2 9 2 11 2 12 2 13 3 9 3 10 3 11 3 12 3 13 4 9 4 10 4 11 4 12 4 13 5 9 5 10 5 11 5 12 5 13 6 9 6 10 6 11 6 12 6 13 7 9 8 10
m14_398 14 33 0 7 0 8 0 10 0 13 1 7 1 10 1 12 1 13 2 8 2 10 2 11 2 13 3 9 3 11 3 12 3 13 4 9 4 11 4 12 4 13 5 10 5 11 5 12 5 13 6 10 6 11 6 12 6 13 7 9 7 11 8 9 8 12 9 10
m14_399 14 35 0 7 0 8 0 13 1 7 1 12 1 13 2 8 2 10 2 11 2 13 3 9 3 10 3 11 3 12 3 13 4 9 4 10 4 11 4 12 4 13 5 9 5 10 5 11 5 12 5 13 6 9 6 10 6 11 6 12 6 13 7 9 7 10 7 11 8 9 8 12
m14_400 14 36 0 7 0 8 0 12 0 13 1 7 1 11 1 12 1 13 2 8 2 10 2 12 2 13 3 9 3 10 3 11 3 12 3 13 4 9 4 10 4 11 4 12 4 13 5 9 5 10 5 11 5 12 5 13 6 9 6 10 6 11 6 12 6 13 7 9 7 10 8 9 8 11
m14_401 14 35 0 7 0 8 0 13 1 7 1 12 1 13 2 8 2 11 2 13 3 9 3 10 3 11 3 12 3 13 4 9 4 10 4 11 4 12 4 13 5 9 5 10 5 11 5 12 5 13 6 9 6 10 6 11 6 12 6 13 7 9 7 10 7 11 8 9 8 10 8 12
m14_402 14 31 0 7 0 8 0 9 0 11 0 12 1 7 1 8 1 9 1 11 1 12 2 8 2 9 2 10 2 12 3 10 3 12 3 13 4 11 4 12 4 13 5 11 5 12 5 13 6 11 6 12 6 13 7 10 7 13 8 13 9 13 10 11
m14_403 14 35 0 7 0 8 0 9 0 11 0 12 1 7 1 8 1 9 1 11 1 12 2 8 2 9 2 10 2 11 2 12 3 10 3 11 3 12 3 13 4 10 4 11 4 12 4 13 5 10 5 11 5 12 5 13 6 10 6 11 6 12 6 13 7 10 7 13 8 13 9 13
m14_404 14 34 0 7 0 8 0 9 0 12 1 7 1 8 1 9 1 12 2 8 2 9 2 10 2 11 2 12 3 10 3 11 3 12 3 13 4 10 4 11 4 12 4 13 5 10 5 11 5 12 5 13 6 10 6 11 6 12 6 13 7 10 7 11 7 13 8 13 9 13
m14_405 14 29 0 7 0 8 0 9 0 11 1 7 1 8 1 9 1 11 2 8 2 10 2 13 3 9 3 10 3 12 4 11 4 12 4 13 5 11 5 12 5 13 6 11 6 12 6 13 7 10 7 12 7 13 8 12 9 13 10 11
m14_406 14 33 0 7 0 8 0 9 0 13 1 7 1 8 1 9 1 13 2 8 2 12 2 13 3 9 3 10 3 11 3 13 4 10 4 11 4 12 4 13 5 10 5 11 5 12 5 13 6 10 6 11 6 12 6 13 7 10 7 11 7 12 8 10 8 11 9 12
m14_407 14 34 0 7 0 8 0 9 0 12 0 13 1 7 1 8 1 9 1 12 1 13 2 8 2 11 2 12 2 13 3 9 3 10 3 12 3 13 4 10 4 11 4 12 4 13 5 10 5 11 5 12 5 13 6 10 6 11 6 12 6 13 7 10 7 11 8 10 9 11
m14_408 14 33 0 7 0 8 0 9 0 13 1 7 1 8 1 9 1 13 2 8 2 11 2 12 2 13 3 9 3 10 3 12 3 13 4 10 4 11 4 12 4 13 5 10 5 11 5 12 5 13 6 10 6 11 6 12 6 13 7 10 7 11 7 12 8 10 9 11
m14_409 14 33 0 7 0 8 0 9 0 13 1 7 1 8 1 9 1 13 2 8 2 12 2 13 3 9 3 11 3 13 4 10 4 11 4 12 4 13 5 10 5 11 5 12 5 13 6 10 6 11 6 12 6 13 7 10 7 11 7 12 8 10 8 11 9 10 9 12
m14_410 14 34 0 7 0 8 0 9 0 13 1 7 1 8 1 9 1 13 2 8 2 9 2 11 2 13 3 9 3 10 3 11 3 13 4 10 4 11 4 12 4 13 5 10 5 11 5 12 5 13 6 10 6 11 6 12 6 13 7 10 7 11 7 12 8 10 8 12 9 12
m14_411 14 32 0 7 0 8 0 12 0 13 1 7 1 8 1 12 1 13 2 8 2 9 2 10 2 13 3 9 3 10 3 11 3 13 4 9 4 10 4 11 4 13 5 11 5 12 5 13 6 11 6 12 6 13 7 9 7 10 7 11 8 11 9 12 10 12
m14_412 14 29 0 7 0 8 0 11 0 12 1 7 1 8 1 11 1 12 2 8 2 9 2 10 3 9 3 12 3 13 4 9 4 12 4 13 5 10 5 11 5 13 6 10 6 11 6 13 7 9 7 10 7 13 8 13 9 11 10 12
m14_413 14 33 0 7 0 8 0 10 0 13 1 7 1 8 1 10 1 13 2 8 2 9 2 11 2 13 3 9 3 11 3 12 3 13 4 9 4 11 4 12 4 13 5 10 5 11 5 12 5 13 6 10 6 11 6 12 6 13 7 9 7 11 7 12 8 12 9 10
m14_414 14 34 0 7 0 8 0 10 0 12 0 13 1 7 1 8 1 10 1 12 1 13 2 8 2 9 2 12 2 13 3 9 3 11 3 12 3 13 4 9 4 11 4 12 4 13 5 10 5 11 5 12 5 13 6 10 6 11 6 12 6 13 7 9 7 11 8 11 9 10
m14_415 14 33 0 7 0 8 0 10 0 13 1 7 1 8 1 10 1 13 2 8 2 9 2 13 3 9 3 11 3 12 3 13 4 9 4 11 4 12 4 13 5 10 5 11 5 12 5 13 6 10 6 11 6 12 6 13 7 9 7 11 7 12 8 11 8 12 9 10
m14_416 14 37 0 7 0 8 0 12 0 13 1 7 1 8 1 12 1 13 2 8 2 9 2 10 2 12 2 13 3 9 3 10 3 11 3 12 3 13 4 9 4 10 4 11 4 12 4 13 5 9 5 10 5 11 5 12 5 13 6 9 6 10 6 11 6 12 6 13 7 9 7 10 7 11 8 11
m14_417 14 36 0 7 0 8 0 13 1 7 1 8 1 13 2 8 2 9 2 10 2 12 2 13 3 9 3 10 3 11 3 12 3 13 4 9 4 10 4 11 4 12 4 13 5 9 5 10 5 11 5 12 5 13 6 9 6 10 6 11 6 12 6 13 7 9 7 10 7 11 7 12 8 11
m14_418 14 38 0 7 0 8 0 11 0 12 0 13 1 7 1 8 1 11 1 12 1 13 2 8 2 9 2 11 2 12 2 13 3 9 3 10 3 11 3 12 3 13 4 9 4 10 4 11 4 12 4 13 5 9 5 10 5 11 5 12 5 13 6 9 6 10 6 11 6 12 6 13 7 9 7 10 8 10
m14_419 14 37 0 7 0 8 0 12 0 13 1 7 1 8 1 12 1 13 2 8 2 9 2 12 2 13 3 9 3 10 3 11 3 12 3 13 4 9 4 10 4 11 4 12 4 13 5 9 5 10 5 11 5 12 5 13 6 9 6 10 6 11 6 12 6 13 7 9 7 10 7 11 8 10 8 11
m14_420 14 36 0 7 0 8 0 13 1 7 1 8 1 13 2 8 2 9 2 12 2 13 3 9 3 10 3 11 3 12 3 13 4 9 4 10 4 11 4 12 4 13 5 9 5 10 5 11 5 12 5 13 6 9 6 10 6 11 6 12 6 13 7 9 7 10 7 11 7 12 8 10 8 11
m14_421 14 36 0 7 0 8 0 13 1 7 1 8 1 13 2 8 2 12 2 13 3 9 3 10 3 11 3 12 3 13 4 9 4 10 4 11 4 12 4 13 5 9 5 10 5 11 5 12 5 13 6 9 6 10 6 11 6 12 6 13 7 9 7 10 7 11 7 12 8 9 8 10 8 11
m14_422 14 31 0 7 0 9 0 10 0 12 1 7 1 9 1 10 1 12 2 8 2 9 2 10 2 11 3 8 3 9 3 10 3 11 4 11 4 12 4 13 5 11 5 12 5 13 6 11 6 12 6 13 7 11 7 13 8 12 8 13 9 13 10 13
m14_423 14 33 0 7 0 9 0 12 0 13 1 7 1 9 1 12 1 13 2 8 2 9 2 11 2 13 3 8 3 9 3 11 3 13 4 10 4 11 4 12 4 13 5 10 5 11 5 12 5 13 6 10 6 11 6 12 6 13 7 10 7 11 8 10 8 12 9 10
m14_424 14 32 0 7 0 9 0 12 1 7 1 9 1 12 2 8 2 9 2 11 2 13 3 8 3 9 3 11 3 13 4 10 4 11 4 12 4 13 5 10 5 11 5 12 5 13 6 10 6 11 6 12 6 13 7 10 7 11 7 13 8 10 8 12 9 10
m14_425 14 32 0 7 0 9 0 10 0 12 1 7 1 9 1 10 1 12 2 8 2 9 2 10 2 11 3 8 3 9 3 10 3 11 4 9 4 10 4 11 4 12 5 11 5 12 5 13 6 11 6 12 6 13 7 11 7 13 8 12 8 13 9 13 10 13
m14_426 14 28 0 7 0 12 0 13 1 7 1 12 1 13 2 8 2 11 2 13 3 8 3 11 3 13 4 9 4 10 4 13 5 9 5 10 5 13 6 10 6 11 6 12 6 13 7 10 7 11 8 10 8 12 9 11 9 12
m14_427 14 28 0 7 0 12 0 13 1 7 1 12 1 13 2 8 2 11 2 13 3 8 3 11 3 13 4 9 4 11 4 12 5 9 5 11 5 12 6 10 6 11 6 12 6 13 7 10 7 11 8 10 8 12 9 10 9 13
m14_428 14 30 0 7 0 10 0 13 1 7 1 10 1 13 2 8 2 9 2 10 2 11 3 8 3 9 3 10 3 11 4 11 4 12 4 13 5 11 5 12 5 13 6 11 6 12 6 13 7 9 7 11 7 12 8 12 8 13 9 13 10 12
m14_429 14 31 0 7 0 10 0 12 0 13 1 7 1 10 1 12 1 13 2 8 2 9 2 10 2 13 3 8 3 9 3 10 3 13 4 11 4 12 4 13 5 11 5 12 5 13 6 11 6 12 6 13 7 9 7 11 8 11 8 12 9 12 10 11
m14_430 14 27 0 7 0 10 0 13 1 7 1 10 1 13 2 8 2 9 2 13 3 8 3 9 3 13 4 11 4 12 4 13 5 11 5 12 5 13 6 11 6 12 6 13 7 9 7 11 8 10 8 11 9 12 10 12
m14_431 14 30 0 7 0 12 0 13 1 7 1 12 1 13 2 8 2 9 2 11 2 12 3 8 3 9 3 11 3 12 4 10 4 11 4 13 5 10 5 11 5 13 6 11 6 12 6 13 7 9 7 10 7 11 8 10 8 13 9 13 10 12
m14_432 14 32 0 7 0 12 0 13 1 7 1 12 1 13 2 8 2 9 2 11 2 13 3 8 3 9 3 11 3 13 4 10 4 11 4 12 4 13 5 10 5 11 5 12 5 13 6 10 6 11 6 12 6 13 7 9 7 10 7 11 8 10 8 12 9 12
m14_433 14 31 0 7 0 12 0 13 1 7 1 12 1 13 2 8 2 9 2 13 3 8 3 9 3 13 4 10 4 11 4 12 4 13 5 10 5 11 5 12 5 13 6 10 6 11 6 12 6 13 7 9 7 10 7 11 8 10 8 11 8 12 9 12
m14_434 14 33 0 7 0 11 0 12 0 13 1 7 1 11 1 12 1 13 2 8 2 9 2 12 2 13 3 8 3 9 3 12 3 13 4 10 4 11 4 12 4 13 5 10 5 11 5 12 5 13 6 10 6 11 6 12 6 13 7 9 7 10 8 10 8 11 9 11
m14_435 14 33 0 7 0 11 0 12 0 13 1 7 1 11 1 12 1 13 2 8 2 9 2 13 3 8 3 9 3 13 4 10 4 11 4 12 4 13 5 10 5 11 5 12 5 13 6 10 6 11 6 12 6 13 7 9 7 10 8 10 8 11 8 12 9 11 9 12
m14_436 14 31 0 7 0 10 0 12 0 13 1 7 1 10 1 12 1 13 2 8 2 9 2 10 2 13 3 8 3 9 3 10 3 13 4 9 4 11 4 13 5 11 5 12 5 13 6 11 6 12 6 13 7 9 7 11 8 11 8 12 9 12 10 11
m14_437 14 31 0 7 0 12 0 13 1 7 1 12 1 13 2 8 2 9 2 10 2 13 3 8 3 9 3 10 3 13 4 9 4 10 4 11 4 13 5 11 5 12 5 13 6 11 6 12 6 13 7 9 7 10 7 11 8 11 8 12 9 12 10 12
m14_438 14 31 0 7 0 12 0 13 1 7 1 12 1 13 2 8 2 9 2 13 3 8 3 9 3 13 4 9 4 10 4 11 4 13 5 10 5 11 5 12 5 13 6 10 6 11 6 12 6 13 7 9 7 10 7 11 8 10 8 11 8 12 9 12
m14_439 14 33 0 7 0 11 0 12 0 13 1 7 1 11 1 12 1 13 2 8 2 9 2 12 2 13 3 8 3 9 3 12 3 13 4 9 4 10 4 12 4 13 5 10 5 11 5 12 5 13 6 10 6 11 6 12 6 13 7 9 7 10 8 10 8 11 9 11
m14_440 14 32 0 7 0 11 0 13 1 7 1 11 1 13 2 8 2 9 2 12 2 13 3 8 3 9 3 12 3 13 4 9 4 10 4 12 4 13 5 10 5 11 5 12 5 13 6 10 6 11 6 12 6 13 7 9 7 10 7 12 8 10 8 11 9 11
m14_441 14 32 0 7 0 11 0 12 0 13 1 7 1 11 1 12 1 13 2 8 2 9 2 13 3 8 3 9 3 13 4 9 4 10 4 12 4 13 5 10 5 11 5 12 5 13 6 10 6 11 6 12 6 13 7 9 7 10 8 10 8 11 8 12 9 11
m14_442 14 32 0 7 0 11 0 12 0 13 1 7 1 11 1 12 1 13 2 8 2 9 2 13 3 8 3 9 3 13 4 9 4 10 4 13 5 10 5 11 5 12 5 13 6 10 6 11 6 12 6 13 7 9 7 10 8 10 8 11 8 12 9 11 9 12
m14_443 14 31 0 7 0 11 0 13 1 7 1 11 1 13 2 8 2 11 2 12 3 8 3 11 3 12 4 9 4 10 4 12 4 13 5 9 5 10 5 12 5 13 6 10 6 11 6 12 6 13 7 9 7 10 7 12 8 9 8 10 8 13 9 11
m14_444 14 33 0 7 0 10 0 12 0 13 1 7 1 10 1 12 1 13 2 8 2 10 2 11 2 13 3 8 3 10 3 11 3 13 4 9 4 11 4 12 4 13 5 9 5 11 5 12 5 13 6 10 6 11 6 12 6 13 7 9 7 11 8 9 8 12 9 10
m14_445 14 32 0 7 0 10 0 12 1 7 1 10 1 12 2 8 2 10 2 11 2 13 3 8 3 10 3 11 3 13 4 9 4 11 4 12 4 13 5 9 5 11 5 12 5 13 6 10 6 11 6 12 6 13 7 9 7 11 7 13 8 9 8 12 9 10
m14_446 14 35 0 7 0 11 0 12 0 13 1 7 1 11 1 12 1 13 2 8 2 10 2 12 2 13 3 8 3 10 3 12 3 13 4 9 4 10 4 11 4 12 4 13 5 9 5 10 5 11 5 12 5 13 6 9 6 10 6 11 6 12 6 13 7 9 7 10 8 9 8 11
m14_447 14 34 0 7 0 11 0 13 1 7 1 11 1 13 2 8 2 10 2 12 2 13 3 8 3 10 3 12 3 13 4 9 4 10 4 11 4 12 4 13 5 9 5 10 5 11 5 12 5 13 6 9 6 10 6 11 6 12 6 13 7 9 7 10 7 12 8 9 8 11
m14_448 14 33 0 7 0 12 0 13 1 7 1 12 1 13 2 8 2 11 2 13 3 8 3 11 3 13 4 9 4 10 4 11 4 12 4 13 5 9 5 10 5 11 5 12 5 13 6 9 6 10 6 11 6 12 6 13 7 9 7 10 7 11 8 9 8 10 8 12
m14_449 14 32 0 7 0 12 0 13 1 7 1 12 1 13 2 8 2 11 2 13 3 8 3 11 3 13 4 9 4 10 4 11 4 12 5 9 5 10 5 11 5 12 6 9 6 10 6 11 6 12 7 9 7 10 7 11 8 9 8 10 8 12 9 13 10 13
m14_450 14 32 0 7 0 8 0 9 0 13 1 7 1 9 1 10 1 13 2 8 2 9 2 12 2 13 3 8 3 11 3 12 3 13 4 10 4 11 4 12 4 13 5 10 5 11 5 12 5 13 6 10 6 11 6 12 6 13 7 11 7 12 8 10 9 11
m14_451 14 28 0 7 0 8 0 9 0 11 1 7 1 10 1 13 2 8 2 9 2 10 2 12 3 8 3 9 3 10 3 12 4 11 4 12 4 13 5 11 5 12 5 13 6 11 6 12 6 13 7 12 8 13 9 13 10 11
m14_452 14 31 0 7 0 8 0 9 0 13 1 7 1 12 1 13 2 8 2 9 2 10 2 13 3 8 3 9 3 10 3 13 4 10 4 11 4 13 5 11 5 12 5 13 6 11 6 12 6 13 7 10 7 11 8 11 8 12 9 11 9 12 10 12
m14_453 14 34 0 7 0 8 0 9 0 12 0 13 1 7 1 10 1 12 1 13 2 8 2 9 2 11 2 12 2 13 3 8 3 9 3 11 3 12 3 13 4 10 4 11 4 12 4 13 5 10 5 11 5 12 5 13 6 10 6 11 6 12 6 13 7 11 8 10 9 10
m14_454 14 33 0 7 0 8 0 9 0 13 1 7 1 10 1 13 2 8 2 9 2 11 2 12 2 13 3 8 3 9 3 11 3 12 3 13 4 10 4 11 4 12 4 13 5 10 5 11 5 12 5 13 6 10 6 11 6 12 6 13 7 11 7 12 8 10 9 10
m14_455 14 33 0 7 0 8 0 9 0 13 1 7 1 10 1 11 1 13 2 8 2 9 2 12 2 13 3 8 3 9 3 12 3 13 4 10 4 11 4 12 4 13 5 10 5 11 5 12 5 13 6 10 6 11 6 12 6 13 7 12 8 10 8 11 9 10 9 11
m14_456 14 33 0 7 0 8 0 9 0 13 1 7 1 10 1 13 2 8 2 9 2 12 2 13 3 8 3 9 3 12 3 13 4 10 4 11 4 12 4 13 5 10 5 11 5 12 5 13 6 10 6 11 6 12 6 13 7 11 7 12 8 10 8 11 9 10 9 11
m14_457 14 29 0 7 0 8 0 12 1 7 1 9 1 10 1 11 2 8 2 9 2 13 3 8 3 9 3 13 4 10 4 11 4 12 4 13 5 10 5 11 5 12 5 13 6 10 6 11 6 12 6 13 7 13 8 10 8 11 9 12
m14_458 14 31 0 7 0 8 0 11 0 13 1 7 1 9 1 10 1 13 2 8 2 9 2 12 2 13 3 8 3 9 3 12 3 13 4 10 4 11 4 12 4 13 5 10 5 11 5 12 5 13 6 10 6 11 6 12 6 13 7 12 8 10 9 11
m14_459 14 30 0 7 0 8 0 11 1 7 1 9 1 10 2 8 2 9 2 12 2 13 3 8 3 9 3 12 3 13 4 10 4 11 4 12 4 13 5 10 5 11 5 12 5 13 6 10 6 11 6 12 6 13 7 12 7 13 8 10 9 11
m14_460 14 30 0 7 0 8 0 11 1 7 1 9 1 10 2 8 2 9 2 12 3 8 3 9 3 12 4 10 4 11 4 12 4 13 5 10 5 11 5 12 5 13 6 10 6 11 6 12 6 13 7 12 7 13 8 10 8 13 9 11 9 13
m14_461 14 33 0 7 0 8 0 9 0 13 1 7 1 9 1 10 1 13 2 8 2 9 2 12 2 13 3 8 3 9 3 12 3 13 4 10 4 11 4 12 4 13 5 10 5 11 5 12 5 13 6 10 6 11 6 12 6 13 7 11 7 12 8 10 8 11 9 11
m14_462 14 32 0 7 0 8 0 9 0 13 1 7 1 9 1 10 1 13 2 8 2 11 2 12 2 13 3 8 3 11 3 12 3 13 4 9 4 10 4 12 4 13 5 10 5 11 5 12 5 13 6 10 6 11 6 12 6 13 7 11 7 12 8 10 9 11
m14_463 14 31 0 7 0 8 0 9 0 13 1 7 1 9 1 11 1 13 2 8 2 12 2 13 3 8 3 12 3 13 4 9 4 10 4 11 4 13 5 10 5 11 5 12 5 13 6 10 6 11 6 12 6 13 7 10 7 12 8 10 8 11 9 12
m14_464 14 31 0 7 0 8 0 9 0 13 1 7 1 10 1 11 1 13 2 8 2 9 2 12 2 13 3 8 3 11 3 12 3 13 4 9 4 10 4 12 4 13 5 10 5 11 5 12 5 13 6 10 6 11 6 12 6 13 7 12 8 10 9 11
m14_465 14 31 0 7 0 8 0 11 0 13 1 7 1 9 1 10 1 13 2 8 2 9 2 12 2 13 3 8 3 11 3 12 3 13 4 9 4 10 4 12 4 13 5 10 5 11 5 12 5 13 6 10 6 11 6 12 6 13 7 12 8 10 9 11
m14_466 14 31 0 7 0 8 0 9 0 13 1 7 1 12 1 13 2 8 2 9 2 10 2 13 3 8 3 9 3 10 3 13 4 9 4 10 4 11 4 13 5 11 5 12 5 13 6 11 6 12 6 13 7 10 7 11 8 11 8 12 9 12 10 12
m14_467 14 31 0 7 0 8 0 9 0 13 1 7 1 10 1 11 1 13 2 8 2 11 2 12 2 13 3 8 3 11 3 12 3 13 4 9 4 10 4 12 4 13 5 9 5 10 5 12 5 13 6 10 6 11 6 12 6 13 7 12 8 10 9 11
m14_468 14 32 0 7 0 8 0 9 0 13 1 7 1 9 1 11 1 13 2 8 2 10 2 12 2 13 3 8 3 10 3 12 3 13 4 9 4 11 4 12 4 13 5 9 5 11 5 12 5 13 6 10 6 11 6 12 6 13 7 10 7 12 8 11 9 10
m14_469 14 31 0 7 0 8 0 13 1 7 1 12 1 13 2 8 2 9 2 10 2 13 3 8 3 9 3 10 3 13 4 9 4 10 4 11 4 13 5 11 5 12 5 13 6 11 6 12 6 13 7 9 7 10 7 11 8 11 8 12 9 12 10 12
m14_470 14 31 0 7 0 8 0 12 0 13 1 7 1 11 1 12 1 13 2 8 2 9 2 13 3 8 3 9 3 13 4 9 4 10 4 11 4 13 5 10 5 11 5 12 5 13 6 10 6 11 6 12 6 13 7 9 7 10 8 10 8 11 9 12
m14_471 14 32 0 7 0 8 0 10 0 13 1 7 1 10 1 11 1 13 2 8 2 9 2 12 2 13 3 8 3 10 3 12 3 13 4 9 4 11 4 12 4 13 5 9 5 11 5 12 5 13 6 10 6 11 6 12 6 13 7 9 7 12 8 11 9 10
m14_472 14 31 0 7 0 8 0 10 0 13 1 7 1 9 1 10 1 13 2 8 2 10 2 11 2 13 3 8 3 10 3 11 3 13 4 9 4 12 4 13 5 9 5 12 5 13 6 11 6 12 6 13 7 11 7 12 8 9 8 12 9 11 10 12
m14_473 14 32 0 7 0 8 0 11 0 13 1 7 1 9 1 10 1 13 2 8 2 11 2 12 2 13 3 8 3 11 3 12 3 13 4 9 4 10 4 12 4 13 5 9 5 10 5 12 5 13 6 10 6 11 6 12 6 13 7 12 8 9 8 10 9 11
m14_474 14 32 0 7 0 8 0 11 0 13 1 7 1 9 1 13 2 8 2 11 2 12 2 13 3 8 3 11 3 12 3 13 4 9 4 10 4 12 4 13 5 9 5 10 5 12 5 13 6 10 6 11 6 12 6 13 7 10 7 12 8 9 8 10 9 11
m14_475 14 33 0 7 0 8 0 12 0 13 1 7 1 9 1 12 1 13 2 8 2 11 2 12 2 13 3 8 3 11 3 12 3 13 4 9 4 10 4 12 4 13 5 9 5 10 5 12 5 13 6 10 6 11 6 12 6 13 7 10 7 11 8 9 8 10 9 11
m14_476 14 32 0 7 0 8 0 13 1 7 1 9 1 13 2 8 2 11 2 12 2 13 3 8 3 11 3 12 3 13 4 9 4 10 4 12 4 13 5 9 5 10 5 12 5 13 6 10 6 11 6 12 6 13 7 10 7 11 7 12 8 9 8 10 9 11
m14_477 14 37 0 7 0 8 0 11 0 12 0 13 1 7 1 9 1 11 1 12 1 13 2 8 2 10 2 11 2 12 2 13 3 8 3 10 3 11 3 12 3 13 4 9 4 10 4 11 4 12 4 13 5 9 5 10 5 11 5 12 5 13 6 9 6 10 6 11 6 12 6 13 7 10 8 9
m14_478 14 36 0 7 0 8 0 12 0 13 1 7 1 9 1 12 1 13 2 8 2 10 2 11 2 12 2 13 3 8 3 10 3 11 3 12 3 13 4 9 4 10 4 11 4 12 4 13 5 9 5 10 5 11 5 12 5 13 6 9 6 10 6 11 6 12 6 13 7 10 7 11 8 9
m14_479 14 35 0 7 0 8 0 13 1 7 1 9 1 13 2 8 2 10 2 11 2 12 2 13 3 8 3 10 3 11 3 12 3 13 4 9 4 10 4 11 4 12 4 13 5 9 5 10 5 11 5 12 5 13 6 9 6 10 6 11 6 12 6 13 7 10 7 11 7 12 8 9
m14_480 14 35 0 7 0 8 0 12 0 13 1 7 1 9 1 10 1 12 1 13 2 8 2 11 2 12 2 13 3 8 3 11 3 12 3 13 4 9 4 10 4 11 4 12 4 13 5 9 5 10 5 11 5 12 5 13 6 9 6 10 6 11 6 12 6 13 7 11 8 9 8 10
m14_481 14 34 0 7 0 8 0 13 1 7 1 9 1 10 1 13 2 8 2 11 2 12 2 13 3 8 3 11 3 12 3 13 4 9 4 10 4 11 4 12 4 13 5 9 5 10 5 11 5 12 5 13 6 9 6 10 6 11 6 12 6 13 7 11 7 12 8 9 8 10
m14_482 14 35 0 7 0 8 0 12 0 13 1 7 1 10 1 12 1 13 2 8 2 11 2 12 2 13 3 8 3 11 3 12 3 13 4 9 4 10 4 11 4 12 4 13 5 9 5 10 5 11 5 12 5 13 6 9 6 10 6 11 6 12 6 13 7 9 7 11 8 9 8 10
m14_483 14 34 0 7 0 8 0 13 1 7 1 10 1 13 2 8 2 11 2 12 2 13 3 8 3 11 3 12 3 13 4 9 4 10 4 11 4 12 4 13 5 9 5 10 5 11 5 12 5 13 6 9 6 10 6 11 6 12 6 13 7 9 7 11 7 12 8 9 8 10
m14_484 14 34 0 7 0 8 0 9 0 10 0 13 1 7 1 8 1 9 1 10 1 13 2 8 2 9 2 10 2 11 2 13 3 8 3 9 3 10 3 11 3 13 4 11 4 12 4 13 5 11 5 12 5 13 6 11 6 12 6 13 7 11 7 12 8 12 9 12 10 12
m14_485 14 32 0 7 0 8 0 9 0 10 0 13 1 7 1 8 1 9 1 10 1 13 2 8 2 9 2 11 2 13 3 8 3 9 3 11 3 13 4 10 4 12 4 13 5 10 5 12 5 13 6 11 6 12 6 13 7 11 7 12 8 12 9 12 10 11
m14_486 14 36 0 7 0 8 0 9 0 12 0 13 1 7 1 8 1 9 1 12 1 13 2 8 2 9 2 11 2 12 2 13 3 8 3 9 3 11 3 12 3 13 4 10 4 11 4 12 4 13 5 10 5 11 5 12 5 13 6 10 6 11 6 12 6 13 7 10 7 11 8 10 9 10
m14_487 14 35 0 7 0 8 0 9 0 13 1 7 1 8 1 9 1 13 2 8 2 9 2 11 2 12 2 13 3 8 3 9 3 11 3 12 3 13 4 10 4 11 4 12 4 13 5 10 5 11 5 12 5 13 6 10 6 11 6 12 6 13 7 10 7 11 7 12 8 10 9 10
m14_488 14 31 0 7 0 12 0 13 1 7 1 12 1 13 2 8 2 9 2 10 2 13 3 8 3 9 3 10 3 13 4 8 4 9 4 10 4 13 5 11 5 12 5 13 6 11 6 12 6 13 7 10 7 11 8 11 8 12 9 11 9 12 10 12
m14_489 14 31 0 7 0 11 0 13 1 7 1 11 1 13 2 8 2 9 2 12 2 13 3 8 3 9 3 12 3 13 4 8 4 9 4 12 4 13 5 10 5 11 5 13 6 10 6 12 6 13 7 10 7 12 8 10 8 11 9 10 9 11 11 12
m14_490 14 32 0 7 0 11 0 13 1 7 1 11 1 13 2 8 2 9 2 12 2 13 3 8 3 9 3 12 3 13 4 8 4 9 4 12 4 13 5 10 5 11 5 12 5 13 6 10 6 11 6 12 6 13 7 10 7 12 8 10 8 11 9 10 9 11
m14_491 14 31 0 7 0 11 0 13 1 7 1 11 1 13 2 8 2 9 2 12 2 13 3 8 3 9 3 12 3 13 4 8 4 9 4 12 4 13 5 10 5 11 5 12 6 10 6 11 6 12 7 10 7 12 8 10 8 11 9 10 9 11 10 13
m14_492 14 32 0 7 0 9 0 10 0 11 1 7 1 9 1 10 1 11 2 8 2 10 2 11 2 12 3 8 3 10 3 11 3 12 4 8 4 10 4 11 4 12 5 9 5 12 5 13 6 9 6 12 6 13 7 12 7 13 8 9 8 13 10 13 11 13
m14_493 14 33 0 7 0 8 0 9 0 10 0 13 1 7 1 11 1 13 2 8 2 9 2 10 2 12 2 13 3 8 3 9 3 10 3 12 3 13 4 8 4 9 4 10 4 12 4 13 5 11 5 12 5 13 6 11 6 12 6 13 7 12 8 11 9 11 10 11
m14_494 14 30 0 7 0 9 0 10 0 13 1 7 1 9 1 12 1 13 2 8 2 9 2 10 2 13 3 8 3 10 3 11 3 13 4 11 4 12 4 13 5 11 5 12 5 13 6 11 6 12 6 13 7 8 7 11 8 12 9 11 10 12
m14_495 14 31 0 7 0 9 0 10 0 13 1 7 1 9 1 10 1 13 2 8 2 9 2 10 2 13 3 8 3 10 3 11 3 13 4 11 4 12 4 13 5 11 5 12 5 13 6 11 6 12 6 13 7 8 7 11 8 12 9 11 9 12 10 12
m14_496 14 33 0 7 0 9 0 12 0 13 1 7 1 9 1 12 1 13 2 8 2 9 2 11 2 13 3 8 3 10 3 11 3 13 4 10 4 11 4 12 4 13 5 10 5 11 5 12 5 13 6 10 6 11 6 12 6 13 7 8 7 10 7 11 8 12 9 10
m14_497 14 34 0 7 0 9 0 11 0 12 0 13 1 7 1 9 1 11 1 12 1 13 2 8 2 9 2 12 2 13 3 8 3 10 3 12 3 13 4 10 4 11 4 12 4 13 5 10 5 11 5 12 5 13 6 10 6 11 6 12 6 13 7 8 7 10 8 11 9 10
m14_498 14 33 0 7 0 9 0 11 0 12 0 13 1 7 1 9 1 11 1 12 1 13 2 8 2 9 2 13 3 8 3 10 3 13 4 10 4 11 4 12 4 13 5 10 5 11 5 12 5 13 6 10 6 11 6 12 6 13 7 8 7 10 8 11 8 12 9 10
m14_499 14 33 0 7 0 9 0 12 0 13 1 7 1 9 1 12 1 13 2 8 2 9 2 13 3 8 3 10 3 11 3 13 4 10 4 11 4 12 4 13 5 10 5 11 5 12 5 13 6 10 6 11 6 12 6 13 7 8 7 10 7 11 8 12 9 10 9 11
m14_500 14 33 0 7 0 9 0 12 0 13 1 7 1 9 1 12 1 13 2 8 2 9 2 12 2 13 3 8 3 11 3 12 3 13 4 10 4 11 4 12 4 13 5 10 5 11 5 12 5 13 6 10 6 11 6 12 6 13 7 8 7 11 8 10 9 10 9 11
m14_501 14 32 0 7 0 9 0 13 1 7 1 9 1 13 2 8 2 9 2 12 2 13 3 8 3 11 3 12 3 13 4 10 4 11 4 12 4 13 5 10 5 11 5 12 5 13 6 10 6 11 6 12 6 13 7 8 7 11 7 12 8 10 9 10 9 11
m14_502 14 32 0 7 0 9 0 12 0 13 1 7 1 9 1 12 1 13 2 8 2 9 2 13 3 8 3 11 3 13 4 10 4 11 4 12 4 13 5 10 5 11 5 12 5 13 6 10 6 11 6 12 6 13 7 8 7 11 8 10 8 12 9 10 9 11
m14_503 14 32 0 7 0 9 0 13 1 7 1 9 1 13 2 8 2 9 2 13 3 8 3 11 3 12 3 13 4 10 4 11 4 12 4 13 5 10 5 11 5 12 5 13 6 10 6 11 6 12 6 13 7 8 7 11 7 12 8 10 9 10 9 11 9 12
m14_504 14 32 0 7 0 9 0 10 0 12 0 13 1 7 1 9 1 10 1 12 1 13 2 8 2 9 2 10 2 13 3 8 3 9 3 10 3 13 4 11 4 12 4 13 5 11 5 12 5 13 6 11 6 12 6 13 7 8 7 11 8 12 9 11 10 11
m14_505 14 31 0 7 0 9 0 10 0 12 1 7 1 9 1 10 1 12 2 8 2 9 2 10 2 13 3 8 3 9 3 10 3 13 4 11 4 12 4 13 5 11 5 12 5 13 6 11 6 12 6 13 7 8 7 11 7 13 8 12 9 11 10 11
m14_506 14 32 0 7 0 9 0 12 0 13 1 7 1 10 1 12 1 13 2 8 2 9 2 11 2 13 3 8 3 10 3 11 3 13 4 9 4 11 4 12 4 13 5 10 5 11 5 12 5 13 6 10 6 11 6 12 6 13 7 8 7 11 8 12 9 10
m14_507 14 34 0 7 0 11 0 12 0 13 1 7 1 11 1 12 1 13 2 8 2 9 2 10 2 13 3 8 3 9 3 10 3 13 4 9 4 10 4 12 4 13 5 10 5 11 5 12 5 13 6 10 6 11 6 12 6 13 7 8 7 9 7 10 8 11 8 12 9 11
m14_508 14 32 0 7 0 10 0 11 0 13 1 7 1 10 1 11 1 13 2 8 2 9 2 12 2 13 3 8 3 9 3 12 3 13 4 9 4 10 4 13 5 11 5 12 5 13 6 11 6 12 6 13 7 8 7 9 7 12 8 10 8 11 9 11 10 12
m14_509 14 33 0 7 0 10 0 11 0 13 1 7 1 10 1 11 1 13 2 8 2 9 2 12 2 13 3 8 3 10 3 12 3 13 4 9 4 11 4 12 4 13 5 9 5 11 5 12 5 13 6 10 6 11 6 12 6 13 7 8 7 9 7 12 8 11 9 10
m14_510 14 33 0 7 0 11 0 12 0 13 1 7 1 11 1 12 1 13 2 8 2 11 2 12 2 13 3 8 3 11 3 12 3 13 4 9 4 10 4 12 4 13 5 9 5 10 5 12 5 13 6 9 6 10 6 12 6 13 7 8 7 9 8 10 9 11 10 11
m14_511 14 32 0 7 0 11 0 13 1 7 1 11 1 13 2 8 2 11 2 12 2 13 3 8 3 11 3 12 3 13 4 9 4 10 4 12 4 13 5 9 5 10 5 12 5 13 6 9 6 10 6 12 6 13 7 8 7 9 7 12 8 10 9 11 10 11
m14_512 14 31 0 7 0 11 0 13 1 7 1 11 1 13 2 8 2 11 2 12 3 8 3 11 3 12 4 9 4 10 4 12 4 13 5 9 5 10 5 12 5 13 6 9 6 10 6 12 6 13 7 8 7 9 7 12 8 10 8 13 9 11 10 11
m14_513 14 32 0 7 0 11 0 12 0 13 1 7 1 11 1 12 1 13 2 8 2 11 2 12 2 13 3 8 3 11 3 12 3 13 4 9 4 10 4 13 5 9 5 10 5 13 6 9 6 10 6 13 7 8 7 9 8 10 9 11 9 12 10 11 10 12
m14_514 14 34 0 7 0 10 0 11 0 12 0 13 1 7 1 10 1 11 1 12 1 13 2 8 2 10 2 12 2 13 3 8 3 10 3 12 3 13 4 9 4 11 4 12 4 13 5 9 5 11 5 12 5 13 6 9 6 11 6 12 6 13 7 8 7 9 8 11 9 10
m14_515 14 33 0 7 0 10 0 11 0 13 1 7 1 10 1 11 1 13 2 8 2 10 2 12 2 13 3 8 3 10 3 12 3 13 4 9 4 11 4 12 4 13 5 9 5 11 5 12 5 13 6 9 6 11 6 12 6 13 7 8 7 9 7 12 8 11 9 10
m14_516 14 33 0 7 0 10 0 11 0 12 0 13 1 7 1 10 1 11 1 12 1 13 2 8 2 10 2 13 3 8 3 10 3 13 4 9 4 11 4 12 4 13 5 9 5 11 5 12 5 13 6 9 6 11 6 12 6 13 7 8 7 9 8 11 8 12 9 10
m14_517 14 32 0 7 0 10 0 11 0 12 1 7 1 10 1 11 1 12 2 8 2 10 2 13 3 8 3 10 3 13 4 9 4 11 4 12 4 13 5 9 5 11 5 12 5 13 6 9 6 11 6 12 6 13 7 8 7 9 7 13 8 11 8 12 9 10
m14_518 14 36 0 7 0 12 0 13 1 7 1 12 1 13 2 8 2 9 2 10 2 11 2 13 3 8 3 9 3 10 3 11 3 13 4 9 4 10 4 11 4 12 4 13 5 9 5 10 5 11 5 12 5 13 6 9 6 10 6 11 6 12 6 13 7 8 7 9 7 10 7 11 8 12
m14_519 14 38 0 7 0 10 0 11 0 12 0 13 1 7 1 10 1 11 1 12 1 13 2 8 2 9 2 11 2 12 2 13 3 8 3 9 3 11 3 12 3 13 4 9 4 10 4 11 4 12 4 13 5 9 5 10 5 11 5 12 5 13 6 9 6 10 6 11 6 12 6 13 7 8 7 9 8 10
m14_520 14 37 0 7 0 10 0 12 0 13 1 7 1 10 1 12 1 13 2 8 2 9 2 11 2 12 2 13 3 8 3 9 3 11 3 12 3 13 4 9 4 10 4 11 4 12 4 13 5 9 5 10 5 11 5 12 5 13 6 9 6 10 6 11 6 12 6 13 7 8 7 9 7 11 8 10
m14_521 14 36 0 7 0 10 0 12 0 13 1 7 1 10 1 12 1 13 2 8 2 9 2 11 2 13 3 8 3 9 3 11 3 13 4 9 4 10 4 11 4 12 4 13 5 9 5 10 5 11 5 12 5 13 6 9 6 10 6 11 6 12 6 13 7 8 7 9 7 11 8 10 8 12
m14_522 14 33 0 7 0 9 0 10 0 13 1 7 1 11 1 13 2 8 2 9 2 10 2 12 2 13 3 8 3 9 3 10 3 12 3 13 4 8 4 9 4 10 4 12 4 13 5 11 5 12 5 13 6 11 6 12 6 13 7 8 7 12 8 11 9 11 10 11
m14_523 14 33 0 7 0 10 0 13 1 7 1 11 1 13 2 8 2 9 2 10 2 12 2 13 3 8 3 9 3 10 3 12 3 13 4 8 4 9 4 10 4 12 4 13 5 11 5 12 5 13 6 11 6 12 6 13 7 8 7 9 7 12 8 11 9 11 10 11
m14_524 14 35 0 7 0 12 0 13 1 7 1 12 1 13 2 8 2 9 2 10 2 11 2 13 3 8 3 9 3 10 3 11 3 13 4 8 4 9 4 10 4 11 4 13 5 10 5 11 5 12 5 13 6 10 6 11 6 12 6 13 7 8 7 9 7 10 7 11 8 12 9 12
m14_525 14 36 0 7 0 11 0 12 0 13 1 7 1 11 1 12 1 13 2 8 2 9 2 10 2 12 2 13 3 8 3 9 3 10 3 12 3 13 4 8 4 9 4 10 4 12 4 13 5 10 5 11 5 12 5 13 6 10 6 11 6 12 6 13 7 8 7 9 7 10 8 11 9 11
m14_526 14 35 0 7 0 10 0 11 0 13 1 7 1 10 1 11 1 13 2 8 2 9 2 12 2 13 3 8 3 9 3 12 3 13 4 8 4 9 4 12 4 13 5 10 5 11 5 12 5 13 6 10 6 11 6 12 6 13 7 8 7 9 7 12 8 10 8 11 9 10 9 11
m14_527 14 33 0 7 0 10 0 11 0 13 1 7 1 10 1 11 1 13 2 8 2 9 2 12 2 13 3 8 3 9 3 12 3 13 4 8 4 11 4 12 4 13 5 9 5 10 5 12 5 13 6 10 6 11 6 12 6 13 7 8 7 9 7 12 8 10 9 11
m14_528 14 34 0 7 0 10 0 11 0 12 0 13 1 7 1 10 1 11 1 12 1 13 2 8 2 9 2 12 2 13 3 8 3 11 3 12 3 13 4 8 4 11 4 12 4 13 5 9 5 10 5 12 5 13 6 9 6 10 6 12 6 13 7 8 7 9 8 10 9 11
m14_529 14 33 0 7 0 10 0 11 0 13 1 7 1 10 1 11 1 13 2 8 2 9 2 12 2 13 3 8 3 11 3 12 3 13 4 8 4 11 4 12 4 13 5 9 5 10 5 12 5 13 6 9 6 10 6 12 6 13 7 8 7 9 7 12 8 10 9 11
m14_530 14 38 0 7 0 9 0 11 0 12 0 13 1 7 1 9 1 11 1 12 1 13 2 8 2 10 2 11 2 12 2 13 3 8 3 10 3 11 3 12 3 13 4 8 4 10 4 11 4 12 4 13 5 9 5 10 5 11 5 12 5 13 6 9 6 10 6 11 6 12 6 13 7 8 7 10 8 9
m14_531 14 37 0 7 0 9 0 12 0 13 1 7 1 9 1 12 1 13 2 8 2 10 2 11 2 12 2 13 3 8 3 10 3 11 3 12 3 13 4 8 4 10 4 11 4 12 4 13 5 9 5 10 5 11 5 12 5 13 6 9 6 10 6 11 6 12 6 13 7 8 7 10 7 11 8 9
m14_532 14 36 0 7 0 9 0 13 1 7 1 9 1 13 2 8 2 10 2 11 2 12 2 13 3 8 3 10 3 11 3 12 3 13 4 8 4 10 4 11 4 12 4 13 5 9 5 10 5 11 5 12 5 13 6 9 6 10 6 11 6 12 6 13 7 8 7 10 7 11 7 12 8 9
m14_537 14 34 0 7 0 8 0 9 0 10 0 12 1 7 1 8 1 9 1 10 1 12 2 7 2 8 2 9 2 10 2 12 3 10 3 12 3 13 4 10 4 12 4 13 5 11 5 12 5 13 6 11 6 12 6 13 7 11 7 13 8 11 8 13 9 11 9 13 10 11
m14_540 14 36 0 7 0 8 0 9 0 12 0 13 1 7 1 8 1 9 1 12 1 13 2 7 2 8 2 9 2 12 2 13 3 9 3 10 3 12 3 13 4 10 4 11 4 12 4 13 5 10 5 11 5 12 5 13 6 10 6 11 6 12 6 13 7 10 7 11 8 10 8 11 9 11
m14_541 14 35 0 7 0 8 0 9 0 13 1 7 1 8 1 9 1 13 2 7 2 8 2 9 2 13 3 9 3 10 3 12 3 13 4 10 4 11 4 12 4 13 5 10 5 11 5 12 5 13 6 10 6 11 6 12 6 13 7 10 7 11 7 12 8 10 8 11 8 12 9 11
m14_542 14 35 0 7 0 8 0 9 0 13 1 7 1 8 1 9 1 13 2 7 2 8 2 9 2 13 3 9 3 12 3 13 4 10 4 11 4 12 4 13 5 10 5 11 5 12 5 13 6 10 6 11 6 12 6 13 7 10 7 11 7 12 8 10 8 11 8 12 9 10 9 11
m14_543 14 34 0 7 0 8 0 9 0 12 0 13 1 7 1 8 1 10 1 12 1 13 2 7 2 8 2 10 2 12 2 13 3 9 3 11 3 12 3 13 4 9 4 11 4 12 4 13 5 10 5 11 5 12 5 13 6 10 6 11 6 12 6 13 7 11 8 11 9 10
m14_544 14 33 0 7 0 8 0 9 0 13 1 7 1 8 1 10 1 13 2 7 2 8 2 10 2 13 3 9 3 11 3 12 3 13 4 9 4 11 4 12 4 13 5 10 5 11 5 12 5 13 6 10 6 11 6 12 6 13 7 11 7 12 8 11 8 12 9 10
m14_545 14 32 0 7 0 8 0 9 0 13 1 7 1 8 1 10 1 11 1 13 2 7 2 8 2 10 2 11 2 13 3 9 3 12 3 13 4 9 4 12 4 13 5 10 5 11 5 12 5 13 6 10 6 11 6 12 6 13 7 12 8 12 9 10 9 11
m14_546 14 32 0 7 0 8 0 9 0 13 1 7 1 8 1 11 1 13 2 7 2 8 2 11 2 13 3 9 3 12 3 13 4 9 4 12 4 13 5 10 5 11 5 12 5 13 6 10 6 11 6 12 6 13 7 10 7 12 8 10 8 12 9 10 9 11
m14_550 14 32 0 7 0 8 0 9 0 13 1 7 1 8 1 9 1 13 2 7 2 9 2 10 2 11 2 13 3 8 3 12 3 13 4 10 4 11 4 12 4 13 5 10 5 11 5 12 5 13 6 10 6 11 6 12 6 13 7 12 8 10 8 11 9 12
m14_551 14 34 0 7 0 8 0 9 0 12 0 13 1 7 1 8 1 9 1 12 1 13 2 7 2 9 2 10 2 12 2 13 3 8 3 11 3 12 3 13 4 10 4 11 4 12 4 13 5 10 5 11 5 12 5 13 6 10 6 11 6 12 6 13 7 11 8 10 9 11
m14_552 14 33 0 7 0 8 0 9 0 13 1 7 1 8 1 9 1 13 2 7 2 9 2 10 2 13 3 8 3 11 3 12 3 13 4 10 4 11 4 12 4 13 5 10 5 11 5 12 5 13 6 10 6 11 6 12 6 13 7 11 7 12 8 10 9 11 9 12
m14_553 14 33 0 7 0 8 0 9 0 13 1 7 1 8 1 9 1 13 2 7 2 9 2 10 2 13 3 8 3 12 3 13 4 10 4 11 4 12 4 13 5 10 5 11 5 12 5 13 6 10 6 11 6 12 6 13 7 11 7 12 8 10 8 11 9 11 9 12
m14_554 14 31 0 7 0 8 0 9 0 13 1 7 1 8 1 12 1 13 2 7 2 9 2 11 2 13 3 8 3 9 3 10 3 13 4 10 4 11 4 12 4 13 5 10 5 11 5 12 5 13 6 10 6 11 6 12 6 13 7 10 8 11 9 12
m14_555 14 33 0 7 0 8 0 9 0 13 1 7 1 8 1 9 1 13 2 7 2 9 2 11 2 13 3 8 3 9 3 10 3 13 4 10 4 11 4 12 4 13 5 10 5 11 5 12 5 13 6 10 6 11 6 12 6 13 7 10 7 12 8 11 8 12 9 12
m14_556 14 31 0 7 0 8 0 9 0 13 1 7 1 8 1 9 1 13 2 7 2 11 2 12 2 13 3 8 3 10 3 12 3 13 4 9 4 10 4 11 4 13 5 10 5 11 5 12 5 13 6 10 6 11 6 12 6 13 7 10 8 11 9 12
m14_557 14 31 0 7 0 8 0 9 0 13 1 7 1 8 1 9 1 13 2 7 2 12 2 13 3 8 3 11 3 13 4 9 4 10 4 13 5 10 5 11 5 12 5 13 6 10 6 11 6 12 6 13 7 10 7 11 8 10 8 12 9 11 9 12
m14_558 14 31 0 7 0 8 0 9 0 13 1 7 1 8 1 11 1 13 2 7 2 9 2 10 2 13 3 8 3 11 3 12 3 13 4 9 4 10 4 12 4 13 5 10 5 11 5 12 5 13 6 10 6 11 6 12 6 13 7 12 8 10 9 11
m14_559 14 31 0 7 0 8 0 9 0 13 1 7 1 8 1 10 1 13 2 7 2 10 2 12 2 13 3 8 3 10 3 11 3 13 4 9 4 11 4 12 4 13 5 9 5 11 5 12 5 13 6 10 6 11 6 12 6 13 7 11 8 12 9 10
m14_560 14 35 0 7 0 8 0 12 0 13 1 7 1 8 1 12 1 13 2 7 2 11 2 12 2 13 3 8 3 9 3 10 3 12 3 13 4 9 4 10 4 11 4 12 4 13 5 9 5 10 5 11 5 12 5 13 6 9 6 10 6 11 6 12 6 13 7 9 7 10 8 11
m14_561 14 33 0 7 0 8 0 13 1 7 1 8 1 13 2 7 2 11 2 12 2 13 3 8 3 9 3 10 3 13 4 9 4 10 4 11 4 12 4 13 5 9 5 10 5 11 5 12 5 13 6 9 6 10 6 11 6 12 6 13 7 9 7 10 8 11 8 12
m14_562 14 37 0 7 0 8 0 11 0 12 0 13 1 7 1 8 1 11 1 12 1 13 2 7 2 10 2 11 2 12 2 13 3 8 3 9 3 11 3 12 3 13 4 9 4 10 4 11 4 12 4 13 5 9 5 10 5 11 5 12 5 13 6 9 6 10 6 11 6 12 6 13 7 9 8 10
m14_563 14 35 0 7 0 8 0 12 0 13 1 7 1 8 1 12 1 13 2 7 2 11 2 12 2 13 3 8 3 10 3 12 3 13 4 9 4 10 4 11 4 12 4 13 5 9 5 10 5 11 5 12 5 13 6 9 6 10 6 11 6 12 6 13 7 9 7 10 8 9 8 11
m14_564 14 34 0 7 0 8 0 9 0 10 0 12 1 7 1 8 1 9 1 10 1 12 2 7 2 8 2 9 2 10 2 12 3 8 3 9 3 10 3 11 3 12 4 11 4 12 4 13 5 11 5 12 5 13 6 11 6 12 6 13 7 11 7 13 8 13 9 13 10 13
m14_565 14 34 0 7 0 8 0 9 0 13 1 7 1 8 1 9 1 13 2 7 2 8 2 9 2 13 3 8 3 9 3 10 3 11 3 13 4 10 4 11 4 12 4 13 5 10 5 11 5 12 5 13 6 10 6 11 6 12 6 13 7 10 7 11 7 12 8 12 9 12
m14_566 14 36 0 7 0 8 0 9 0 12 0 13 1 7 1 8 1 9 1 12 1 13 2 7 2 8 2 9 2 12 2 13 3 8 3 9 3 10 3 12 3 13 4 10 4 11 4 12 4 13 5 10 5 11 5 12 5 13 6 10 6 11 6 12 6 13 7 10 7 11 8 11 9 11
m14_567 14 31 0 7 0 8 0 11 0 13 1 7 1 9 1 12 1 13 2 7 2 9 2 12 2 13 3 8 3 9 3 10 3 13 4 8 4 10 4 11 4 13 5 10 5 11 5 12 5 13 6 10 6 11 6 12 6 13 7 10 8 12 9 11
m14_568 14 29 0 7 0 8 0 13 1 7 1 9 1 10 1 12 2 7 2 9 2 10 2 12 3 8 3 9 3 10 3 11 4 8 4 9 4 10 4 11 5 11 5 12 5 13 6 11 6 12 6 13 7 11 8 12 9 13 10 13
m14_569 14 32 0 7 0 8 0 9 0 13 1 7 1 9 1 12 1 13 2 7 2 9 2 12 2 13 3 8 3 10 3 11 3 13 4 8 4 10 4 11 4 13 5 9 5 11 5 12 5 13 6 10 6 11 6 12 6 13 7 10 7 11 8 12 9 10
m14_570 14 31 0 7 0 8 0 12 0 13 1 7 1 9 1 11 1 13 2 7 2 11 2 12 2 13 3 8 3 9 3 10 3 13 4 8 4 10 4 12 4 13 5 9 5 10 5 11 5 13 6 10 6 11 6 12 6 13 7 10 8 11 9 12
m14_571 14 31 0 7 0 8 0 9 0 13 1 7 1 11 1 12 1 13 2 7 2 11 2 12 2 13 3 8 3 10 3 12 3 13 4 8 4 10 4 12 4 13 5 9 5 10 5 11 5 13 6 9 6 10 6 11 6 13 7 10 8 11 9 12
m14_572 14 32 0 7 0 8 0 13 1 7 1 10 1 12 1 13 2 7 2 10 2 12 2 13 3 8 3 9 3 11 3 13 4 8 4 9 4 11 4 13 5 9 5 11 5 12 5 13 6 10 6 11 6 12 6 13 7 9 7 11 8 10 8 12 9 10
m14_573 14 32 0 7 0 8 0 11 0 13 1 7 1 11 1 12 1 13 2 7 2 11 2 12 2 13 3 8 3 9 3 10 3 13 4 8 4 10 4 11 4 13 5 9 5 10 5 12 5 13 6 9 6 10 6 12 6 13 7 9 7 10 8 12 9 11
m14_574 14 35 0 7 0 8 0 12 0 13 1 7 1 11 1 12 1 13 2 7 2 11 2 12 2 13 3 8 3 9 3 10 3 12 3 13 4 8 4 9 4 10 4 12 4 13 5 9 5 10 5 11 5 12 5 13 6 9 6 10 6 11 6 12 6 13 7 9 7 10 8 11
m14_575 14 33 0 7 0 8 0 13 1 7 1 11 1 12 1 13 2 7 2 11 2 12 2 13 3 8 3 9 3 10 3 13 4 8 4 9 4 10 4 13 5 9 5 10 5 11 5 12 5 13 6 9 6 10 6 11 6 12 6 13 7 9 7 10 8 11 8 12
m14_576 14 37 0 7 0 8 0 11 0 12 0 13 1 7 1 10 1 11 1 12 1 13 2 7 2 10 2 11 2 12 2 13 3 8 3 9 3 11 3 12 3 13 4 8 4 9 4 11 4 12 4 13 5 9 5 10 5 11 5 12 5 13 6 9 6 10 6 11 6 12 6 13 7 9 8 10
m14_577 14 33 0 7 0 8 0 9 0 10 0 13 1 7 1 8 1 9 1 10 1 13 2 7 2 12 2 13 3 8 3 9 3 10 3 11 3 13 4 8 4 9 4 10 4 11 4 13 5 11 5 12 5 13 6 11 6 12 6 13 7 11 8 12 9 12 10 12
m14_578 14 33 0 7 0 8 0 9 0 10 0 13 1 7 1 12 1 13 2 7 2 12 2 13 3 8 3 9 3 10 3 11 3 13 4 8 4 9 4 10 4 11 4 13 5 8 5 9 5 10 5 11 5 13 6 11 6 12 6 13 7 11 8 12 9 12 10 12
m14_579 14 33 0 7 0 9 0 10 0 11 0 13 1 7 1 9 1 10 1 11 1 13 2 7 2 9 2 10 2 11 2 13 3 8 3 9 3 10 3 13 4 8 4 12 4 13 5 8 5 12 5 13 6 11 6 12 6 13 7 8 7 12 8 11 9 12 10 12
m14_580 14 38 0 7 0 10 0 11 0 12 0 13 1 7 1 10 1 11 1 12 1 13 2 7 2 10 2 11 2 12 2 13 3 8 3 9 3 11 3 12 3 13 4 8 4 9 4 11 4 12 4 13 5 8 5 9 5 11 5 12 5 13 6 9 6 10 6 11 6 12 6 13 7 8 7 9 8 10
m14_587 14 31 0 6 0 9 0 11 0 12 1 7 1 9 1 10 1 12 2 8 2 9 2 10 2 11 3 10 3 11 3 12 3 13 4 10 4 11 4 12 4 13 5 10 5 11 5 12 5 13 6 10 6 13 7 11 7 13 8 12 8 13 9 13
m14_588 14 31 0 6 0 9 0 12 1 7 1 9 1 11 2 8 2 9 2 10 3 10 3 11 3 12 3 13 4 10 4 11 4 12 4 13 5 10 5 11 5 12 5 13 6 10 6 11 6 13 7 10 7 12 7 13 8 11 8 12 8 13 9 13
m14_589 14 31 0 6 0 9 0 11 0 12 1 7 1 9 1 10 1 12 2 8 2 9 2 10 2 11 3 9 3 10 3 11 3 12 4 10 4 11 4 12 4 13 5 10 5 11 5 12 5 13 6 10 6 13 7 11 7 13 8 12 8 13 9 13
m14_590 14 31 0 6 0 9 0 13 1 7 1 9 1 12 2 8 2 9 2 11 3 9 3 11 3 12 3 13 4 10 4 11 4 12 4 13 5 10 5 11 5 12 5 13 6 10 6 11 6 12 7 10 7 11 7 13 8 10 8 12 8 13 9 10
m14_591 14 33 0 6 0 9 0 12 0 13 1 7 1 9 1 11 1 13 2 8 2 9 2 10 2 13 3 9 3 10 3 11 3 12 3 13 4 9 4 10 4 11 4 12 4 13 5 9 5 10 5 11 5 12 5 13 6 10 6 11 7 10 7 12 8 11 8 12
m14_592 14 33 0 6 0 9 0 12 1 7 1 9 1 11 1 13 2 8 2 9 2 10 2 13 3 9 3 10 3 11 3 12 3 13 4 9 4 10 4 11 4 12 4 13 5 9 5 10 5 11 5 12 5 13 6 10 6 11 6 13 7 10 7 12 8 11 8 12
m14_593 14 32 0 6 0 8 0 9 0 12 1 7 1 9 1 10 1 11 2 8 2 9 2 11 2 12 3 10 3 11 3 12 3 13 4 10 4 11 4 12 4 13 5 10 5 11 5 12 5 13 6 10 6 11 6 13 7 12 7 13 8 10 8 13 9 13
m14_594 14 32 0 6 0 8 0 9 0 11 1 7 1 9 1 10 2 8 2 9 2 11 2 12 3 10 3 11 3 12 3 13 4 10 4 11 4 12 4 13 5 10 5 11 5 12 5 13 6 10 6 12 6 13 7 11 7 12 7 13 8 10 8 13 9 13
m14_595 14 32 0 6 0 8 0 9 0 12 1 7 1 9 1 10 1 11 2 8 2 9 2 10 2 12 3 9 3 10 3 11 3 12 4 10 4 11 4 12 4 13 5 10 5 11 5 12 5 13 6 10 6 11 6 13 7 12 7 13 8 11 8 13 9 13
m14_596 14 32 0 6 0 8 0 9 0 11 1 7 1 9 1 10 2 8 2 9 2 11 2 13 3 9 3 10 3 11 3 13 4 10 4 11 4 12 4 13 5 10 5 11 5 12 5 13 6 10 6 12 6 13 7 11 7 12 7 13 8 10 8 12 9 12
m14_597 14 34 0 6 0 8 0 9 0 10 1 7 1 9 1 11 1 13 2 8 2 9 2 10 2 13 3 9 3 10 3 11 3 12 3 13 4 9 4 10 4 11 4 12 4 13 5 9 5 10 5 11 5 12 5 13 6 11 6 12 6 13 7 10 7 12 8 11 8 12
m14_598 14 32 0 6 0 8 0 9 0 12 1 7 1 8 1 9 1 10 2 8 2 10 2 12 2 13 3 9 3 10 3 11 3 12 4 10 4 11 4 12 4 13 5 10 5 11 5 12 5 13 6 10 6 11 6 13 7 11 7 12 7 13 8 11 9 13
m14_599 14 33 0 6 0 8 0 9 0 11 1 7 1 8 1 9 1 10 2 8 2 9 2 10 2 11 3 9 3 10 3 11 3 13 4 10 4 11 4 12 4 13 5 10 5 11 5 12 5 13 6 10 6 12 6 13 7 11 7 12 7 13 8 12 8 13 9 12
m14_600 14 32 0 6 0 8 0 9 0 13 1 7 1 8 1 9 1 12 2 8 2 10 2 12 2 13 3 9 3 11 3 12 3 13 4 9 4 11 4 12 4 13 5 10 5 11 5 12 5 13 6 10 6 11 6 12 7 10 7 11 7 13 8 11 9 10
m14_601 14 35 0 6 0 8 0 9 0 10 0 13 1 7 1 8 1 9 1 10 1 12 2 8 2 9 2 10 2 12 2 13 3 9 3 10 3 11 3 12 3 13 4 9 4 10 4 11 4 12 4 13 5 9 5 10 5 11 5 12 5 13 6 11 6 12 7 11 7 13 8 11
m14_602 14 35 0 6 0 8 0 9 0 13 1 7 1 8 1 9 1 11 1 12 2 8 2 9 2 11 2 12 2 13 3 9 3 10 3 11 3 12 3 13 4 9 4 10 4 11 4 12 4 13 5 9 5 10 5 11 5 12 5 13 6 10 6 11 6 12 7 10 7 13 8 10
m14_603 14 35 0 6 0 8 0 9 0 12 1 7 1 8 1 9 1 11 2 8 2 9 2 11 2 12 2 13 3 9 3 10 3 11 3 12 3 13 4 9 4 10 4 11 4 12 4 13 5 9 5 10 5 11 5 12 5 13 6 10 6 11 6 13 7 10 7 12 7 13 8 10
m14_604 14 35 0 6 0 8 0 9 0 13 1 7 1 8 1 9 1 12 2 8 2 9 2 12 2 13 3 9 3 10 3 11 3 12 3 13 4 9 4 10 4 11 4 12 4 13 5 9 5 10 5 11 5 12 5 13 6 10 6 11 6 12 7 10 7 11 7 13 8 10 8 11
m14_605 14 29 0 6 0 8 0 10 0 11 1 7 1 8 1 9 1 11 2 8 2 9 2 10 2 11 2 13 3 11 3 12 3 13 4 11 4 12 4 13 5 11 5 12 5 13 6 9 6 13 7 10 7 13 8 12 9 12 10 12
m14_606 14 32 0 6 0 8 0 11 0 12 0 13 1 7 1 8 1 9 1 13 2 8 2 9 2 12 2 13 3 10 3 11 3 12 3 13 4 10 4 11 4 12 4 13 5 10 5 11 5 12 5 13 6 9 6 10 7 10 7 11 7 12 8 10 9 11
m14_607 14 32 0 6 0 8 0 11 0 12 1 7 1 8 1 9 1 13 2 8 2 9 2 12 2 13 3 10 3 11 3 12 3 13 4 10 4 11 4 12 4 13 5 10 5 11 5 12 5 13 6 9 6 10 6 13 7 10 7 11 7 12 8 10 9 11
m14_608 14 32 0 6 0 8 0 11 0 13 1 7 1 8 1 9 1 13 2 8 2 9 2 11 2 12 2 13 3 10 3 11 3 12 3 13 4 10 4 11 4 12 4 13 5 10 5 11 5 12 5 13 6 9 6 12 7 10 7 11 7 12 8 10 9 10
m14_609 14 32 0 6 0 8 0 12 0 13 1 7 1 8 1 9 1 13 2 8 2 9 2 12 2 13 3 10 3 11 3 12 3 13 4 10 4 11 4 12 4 13 5 10 5 11 5 12 5 13 6 9 6 11 7 10 7 11 7 12 8 10 8 11 9 10
m14_610 14 32 0 6 0 8 0 12 1 7 1 8 1 9 1 13 2 8 2 9 2 12 2 13 3 10 3 11 3 12 3 13 4 10 4 11 4 12 4 13 5 10 5 11 5 12 5 13 6 9 6 11 6 13 7 10 7 11 7 12 8 10 8 11 9 10
m14_611 14 32 0 6 0 8 0 10 0 13 1 7 1 8 1 9 1 10 1 11 2 8 2 10 2 11 2 13 3 9 3 10 3 11 3 12 4 10 4 11 4 12 4 13 5 10 5 11 5 12 5 13 6 9 6 11 6 12 7 12 7 13 8 12 9 13
m14_612 14 32 0 6 0 8 0 10 0 12 1 7 1 8 1 9 1 10 2 8 2 10 2 12 2 13 3 9 3 10 3 11 3 13 4 10 4 11 4 12 4 13 5 10 5 11 5 12 5 13 6 9 6 11 6 13 7 11 7 12 7 13 8 11 9 12
m14_613 14 32 0 6 0 8 0 10 0 11 1 7 1 8 1 9 1 11 1 13 2 8 2 10 2 11 2 13 3 9 3 11 3 12 3 13 4 9 4 11 4 12 4 13 5 10 5 11 5 12 5 13 6 9 6 12 6 13 7 10 7 12 8 12 9 10
m14_614 14 32 0 6 0 8 0 10 0 11 1 7 1 8 1 9 1 11 2 8 2 10 2 11 2 13 3 9 3 11 3 12 3 13 4 9 4 11 4 12 4 13 5 10 5 11 5 12 5 13 6 9 6 12 6 13 7 10 7 12 7 13 8 12 9 10
m14_615 14 32 0 6 0 8 0 10 0 12 1 7 1 8 1 9 1 13 2 8 2 10 2 12 2 13 3 9 3 11 3 12 3 13 4 9 4 11 4 12 4 13 5 10 5 11 5 12 5 13 6 9 6 11 6 13 7 10 7 11 7 12 8 11 9 10
m14_616 14 32 0 6 0 8 0 11 0 13 1 7 1 8 1 11 1 12 2 8 2 9 2 12 2 13 3 10 3 11 3 12 3 13 4 10 4 11 4 12 4 13 5 10 5 11 5 12 5 13 6 9 6 10 6 12 7 9 7 10 7 13 8 10 9 11
m14_617 14 31 0 6 0 8 0 12 0 13 1 7 1 8 1 11 1 13 2 8 2 9 2 11 2 12 2 13 3 10 3 11 3 12 3 13 4 10 4 11 4 12 4 13 5 10 5 11 5 12 5 13 6 9 6 11 7 9 7 12 8 10 9 10
m14_618 14 31 0 6 0 8 0 12 1 7 1 8 1 11 1 13 2 8 2 9 2 11 2 12 2 13 3 10 3 11 3 12 3 13 4 10 4 11 4 12 4 13 5 10 5 11 5 12 5 13 6 9 6 11 6 13 7 9 7 12 8 10 9 10
m14_619 14 31 0 6 0 8 0 13 1 7 1 8 1 12 2 8 2 9 2 12 2 13 3 10 3 11 3 12 3 13 4 10 4 11 4 12 4 13 5 10 5 11 5 12 5 13 6 9 6 11 6 12 7 9 7 11 7 13 8 10 8 11 9 10
m14_620 14 33 0 6 0 8 0 11 0 13 1 7 1 8 1 11 1 12 2 8 2 11 2 12 2 13 3 9 3 10 3 12 3 13 4 10 4 11 4 12 4 13 5 10 5 11 5 12 5 13 6 9 6 10 6 12 7 9 7 10 7 13 8 9 8 10 9 11
m14_621 14 35 0 6 0 8 0 13 1 7 1 8 1 10 1 11 1 12 2 8 2 10 2 11 2 12 2 13 3 9 3 10 3 11 3 12 3 13 4 9 4 10 4 11 4 12 4 13 5 9 5 10 5 11 5 12 5 13 6 9 6 10 6 11 6 12 7 9 7 13 8 9
m14_622 14 35 0 6 0 8 0 12 0 13 1 7 1 8 1 10 1 11 2 8 2 10 2 11 2 12 2 13 3 9 3 10 3 11 3 12 3 13 4 9 4 10 4 11 4 12 4 13 5 9 5 10 5 11 5 12 5 13 6 9 6 10 6 11 7 9 7 12 7 13 8 9
m14_623 14 35 0 6 0 8 0 12 1 7 1 8 1 10 1 11 2 8 2 10 2 11 2 12 2 13 3 9 3 10 3 11 3 12 3 13 4 9 4 10 4 11 4 12 4 13 5 9 5 10 5 11 5 12 5 13 6 9 6 10 6 11 6 13 7 9 7 12 7 13 8 9
m14_624 14 35 0 6 0 8 0 11 1 7 1 8 1 10 2 8 2 10 2 11 2 12 2 13 3 9 3 10 3 11 3 12 3 13 4 9 4 10 4 11 4 12 4 13 5 9 5 10 5 11 5 12 5 13 6 9 6 10 6 12 6 13 7 9 7 11 7 12 7 13 8 9
m14_625 14 35 0 6 0 8 0 13 1 7 1 8 1 11 1 12 2 8 2 11 2 12 2 13 3 9 3 10 3 11 3 12 3 13 4 9 4 10 4 11 4 12 4 13 5 9 5 10 5 11 5 12 5 13 6 9 6 10 6 11 6 12 7 9 7 10 7 13 8 9 8 10
m14_626 14 35 0 6 0 8 0 12 1 7 1 8 1 11 2 8 2 11 2 12 2 13 3 9 3 10 3 11 3 12 3 13 4 9 4 10 4 11 4 12 4 13 5 9 5 10 5 11 5 12 5 13 6 9 6 10 6 11 6 13 7 9 7 10 7 12 7 13 8 9 8 10
m14_627 14 30 0 6 0 10 0 13 1 7 1 10 1 12 2 8 2 9 2 10 2 11 3 8 3 9 3 10 3 11 4 10 4 11 4 12 4 13 5 10 5 11 5 12 5 13 6 11 6 12 7 11 7 13 8 12 8 13 9 12 9 13
m14_628 14 31 0 6 0 9 0 10 0 13 1 7 1 9 1 10 1 12 2 8 2 9 2 12 2 13 3 8 3 9 3 12 3 13 4 10 4 11 4 12 4 13 5 10 5 11 5 12 5 13 6 11 6 12 7 11 7 13 8 10 8 11 9 11
m14_629 14 30 0 6 0 9 0 11 1 7 1 9 1 10 2 8 2 9 2 13 3 8 3 9 3 13 4 10 4 11 4 12 4 13 5 10 5 11 5 12 5 13 6 10 6 12 6 13 7 11 7 12 7 13 8 10 8 11 8 12 9 12
m14_630 14 30 0 6 0 9 0 11 0 12 1 7 1 9 1 10 1 12 2 8 2 12 2 13 3 8 3 12 3 13 4 10 4 11 4 12 4 13 5 10 5 11 5 12 5 13 6 10 6 13 7 11 7 13 8 9 8 10 8 11 9 13
m14_631 14 31 0 6 0 9 0 12 1 7 1 9 1 11 2 8 2 11 2 12 2 13 3 8 3 11 3 12 3 13 4 10 4 11 4 12 4 13 5 10 5 11 5 12 5 13 6 10 6 11 6 13 7 10 7 12 7 13 8 9 8 10 9 13
m14_632 14 30 0 6 0 9 0 11 0 12 1 7 1 9 1 10 1 12 2 8 2 12 2 13 3 8 3 12 3 13 4 9 4 10 4 11 4 12 5 10 5 11 5 12 5 13 6 10 6 13 7 11 7 13 8 9 8 10 8 11 9 13
m14_633 14 31 0 6 0 9 0 13 1 7 1 9 1 12 2 8 2 11 2 12 2 13 3 8 3 11 3 12 3 13 4 9 4 10 4 12 4 13 5 10 5 11 5 12 5 13 6 10 6 11 6 12 7 10 7 11 7 13 8 9 8 10 9 11
m14_634 14 32 0 6 0 9 0 12 0 13 1 7 1 9 1 11 1 13 2 8 2 11 2 12 2 13 3 8 3 11 3 12 3 13 4 9 4 10 4 11 4 12 4 13 5 9 5 10 5 11 5 12 5 13 6 10 6 11 7 10 7 12 8 9 8 10
m14_635 14 32 0 6 0 9 0 12 1 7 1 9 1 11 1 13 2 8 2 11 2 12 2 13 3 8 3 11 3 12 3 13 4 9 4 10 4 11 4 12 4 13 5 9 5 10 5 11 5 12 5 13 6 10 6 11 6 13 7 10 7 12 8 9 8 10
m14_636 14 31 0 6 0 9 0 11 0 13 1 7 1 9 1 11 1 12 2 8 2 12 2 13 3 8 3 12 3 13 4 9 4 10 4 11 4 12 4 13 5 9 5 10 5 11 5 12 5 13 6 10 6 12 7 10 7 13 8 9 8 10 8 11
m14_637 14 31 0 6 0 9 0 13 1 7 1 9 1 11 1 12 2 8 2 12 2 13 3 8 3 12 3 13 4 9 4 10 4 11 4 12 4 13 5 9 5 10 5 11 5 12 5 13 6 10 6 11 6 12 7 10 7 13 8 9 8 10 8 11
m14_638 14 32 0 6 0 8 0 9 0 12 1 7 1 9 1 10 1 13 2 8 2 9 2 12 2 13 3 8 3 9 3 12 3 13 4 10 4 11 4 12 4 13 5 10 5 11 5 12 5 13 6 10 6 11 6 13 7 11 7 12 8 10 8 11 9 11
m14_639 14 32 0 6 0 8 0 9 0 12 1 7 1 9 1 10 2 8 2 9 2 12 2 13 3 8 3 9 3 12 3 13 4 10 4 11 4 12 4 13 5 10 5 11 5 12 5 13 6 10 6 11 6 13 7 11 7 12 7 13 8 10 8 11 9 11
m14_640 14 32 0 6 0 8 0 12 0 13 1 7 1 9 1 11 1 13 2 8 2 11 2 12 2 13 3 8 3 11 3 12 3 13 4 9 4 10 4 11 4 13 5 10 5 11 5 12 5 13 6 9 6 10 6 11 7 10 7 12 8 9 8 10 9 12
m14_641 14 32 0 6 0 8 0 12 0 13 1 7 1 9 1 13 2 8 2 11 2 12 2 13 3 8 3 11 3 12 3 13 4 9 4 10 4 11 4 13 5 10 5 11 5 12 5 13 6 9 6 10 6 11 7 10 7 11 7 12 8 9 8 10 9 12
m14_642 14 33 0 6 0 8 0 12 0 13 1 7 1 9 1 11 1 13 2 8 2 11 2 12 2 13 3 8 3 11 3 12 3 13 4 9 4 10 4 11 4 12 4 13 5 9 5 10 5 11 5 12 5 13 6 9 6 10 6 11 7 10 7 12 8 9 8 10
m14_643 14 33 0 6 0 8 0 9 0 10 0 12 1 7 1 8 1 9 1 10 1 11 2 8 2 9 2 10 2 11 2 12 3 8 3 9 3 10 3 11 3 12 4 11 4 12 4 13 5 11 5 12 5 13 6 11 6 13 7 12 7 13 8 13 9 13 10 13
m14_644 14 34 0 6 0 8 0 9 0 10 0 12 1 7 1 8 1 9 1 10 1 11 2 8 2 9 2 10 2 11 2 12 3 8 3 9 3 10 3 11 3 12 4 10 4 11 4 12 4 13 5 10 5 11 5 12 5 13 6 11 6 13 7 12 7 13 8 13 9 13
m14_645 14 34 0 6 0 8 0 9 0 12 1 7 1 8 1 9 1 10 1 11 2 8 2 9 2 10 2 11 2 12 3 8 3 9 3 10 3 11 3 12 4 10 4 11 4 12 4 13 5 10 5 11 5 12 5 13 6 10 6 11 6 13 7 12 7 13 8 13 9 13
m14_646 14 34 0 6 0 8 0 9 0 11 1 7 1 8 1 9 1 10 2 8 2 9 2 10 2 11 2 13 3 8 3 9 3 10 3 11 3 13 4 10 4 11 4 12 4 13 5 10 5 11 5 12 5 13 6 10 6 12 6 13 7 11 7 12 7 13 8 12 9 12
m14_647 14 34 0 6 0 8 0 9 0 11 1 7 1 8 1 9 1 10 2 8 2 9 2 10 2 11 3 8 3 9 3 10 3 11 4 10 4 11 4 12 4 13 5 10 5 11 5 12 5 13 6 10 6 12 6 13 7 11 7 12 7 13 8 12 8 13 9 12 9 13
m14_648 14 32 0 6 0 8 0 9 0 13 1 7 1 8 1 9 1 12 2 8 2 9 2 12 2 13 3 8 3 11 3 12 3 13 4 9 4 10 4 12 4 13 5 10 5 11 5 12 5 13 6 10 6 11 6 12 7 10 7 11 7 13 8 10 9 11
m14_649 14 32 0 6 0 8 0 9 0 13 1 7 1 8 1 9 1 12 2 8 2 11 2 12 2 13 3 8 3 11 3 12 3 13 4 9 4 10 4 12 4 13 5 9 5 10 5 12 5 13 6 10 6 11 6 12 7 10 7 11 7 13 8 10 9 11
m14_650 14 32 0 6 0 8 0 11 0 12 1 7 1 8 1 9 1 12 2 8 2 9 2 12 2 13 3 8 3 11 3 12 3 13 4 9 4 10 4 12 4 13 5 10 5 11 5 12 5 13 6 9 6 10 6 13 7 10 7 11 7 13 8 10 9 11
m14_651 14 32 0 6 0 8 0 11 0 12 1 7 1 8 1 9 1 12 1 13 2 8 2 11 2 12 2 13 3 8 3 11 3 12 3 13 4 9 4 10 4 12 4 13 5 9 5 10 5 12 5 13 6 9 6 10 6 13 7 10 7 11 8 10 9 11
m14_652 14 32 0 6 0 8 0 11 0 12 1 7 1 8 1 9 1 12 2 8 2 11 2 12 2 13 3 8 3 11 3 12 3 13 4 9 4 10 4 12 4 13 5 9 5 10 5 12 5 13 6 9 6 10 6 13 7 10 7 11 7 13 8 10 9 11
m14_653 14 35 0 6 0 8 0 10 0 13 1 7 1 8 1 10 1 11 1 12 2 8 2 10 2 11 2 12 2 13 3 8 3 10 3 11 3 12 3 13 4 9 4 10 4 11 4 12 4 13 5 9 5 10 5 11 5 12 5 13 6 9 6 11 6 12 7 9 7 13 8 9
m14_654 14 35 0 6 0 8 0 11 0 12 0 13 1 7 1 8 1 10 1 12 1 13 2 8 2 10 2 11 2 12 2 13 3 8 3 10 3 11 3 12 3 13 4 9 4 10 4 11 4 12 4 13 5 9 5 10 5 11 5 12 5 13 6 9 6 10 7 9 7 11 8 9
m14_655 14 35 0 6 0 8 0 11 0 12 1 7 1 8 1 10 1 12 2 8 2 10 2 11 2 12 2 13 3 8 3 10 3 11 3 12 3 13 4 9 4 10 4 11 4 12 4 13 5 9 5 10 5 11 5 12 5 13 6 9 6 10 6 13 7 9 7 11 7 13 8 9
m14_656 14 35 0 6 0 8 0 11 1 7 1 8 1 10 1 12 1 13 2 8 2 10 2 11 2 12 2 13 3 8 3 10 3 11 3 12 3 13 4 9 4 10 4 11 4 12 4 13 5 9 5 10 5 11 5 12 5 13 6 9 6 10 6 12 6 13 7 9 7 11 8 9
m14_657 14 35 0 6 0 8 0 11 0 13 1 7 1 8 1 10 1 12 2 8 2 10 2 11 2 12 2 13 3 8 3 10 3 11 3 12 3 13 4 9 4 10 4 11 4 12 4 13 5 9 5 10 5 11 5 12 5 13 6 9 6 10 6 12 7 9 7 11 7 13 8 9
m14_658 14 30 0 6 0 10 0 13 1 7 1 10 1 12 2 8 2 9 2 12 2 13 3 8 3 9 3 12 3 13 4 8 4 9 4 12 4 13 5 10 5 11 5 12 5 13 6 11 6 12 7 11 7 13 8 10 8 11 9 10 9 11
m14_659 14 35 0 6 0 8 0 9 0 10 0 12 1 7 1 8 1 9 1 10 1 11 2 8 2 9 2 10 2 11 2 12 3 8 3 9 3 10 3 11 3 12 4 8 4 9 4 10 4 11 4 12 5 11 5 12 5 13 6 11 6 13 7 12 7 13 8 13 9 13 10 13
m14_660 14 32 0 6 0 7 0 9 0 10 1 7 1 8 1 9 1 12 2 8 2 9 2 12 2 13 3 9 3 10 3 12 3 13 4 10 4 11 4 12 4 13 5 10 5 11 5 12 5 13 6 11 6 12 6 13 7 11 7 13 8 10 8 11 9 11
m14_661 14 32 0 6 0 7 0 10 0 11 1 7 1 8 1 9 1 10 2 8 2 9 2 10 2 12 3 10 3 11 3 12 3 13 4 10 4 11 4 12 4 13 5 10 5 11 5 12 5 13 6 9 6 12 6 13 7 12 7 13 8 11 8 13 9 11
m14_662 14 31 0 6 0 7 0 11 0 12 1 7 1 8 1 9 1 12 2 8 2 9 2 10 2 12 3 9 3 10 3 12 3 13 4 11 4 12 4 13 5 11 5 12 5 13 6 9 6 10 6 13 7 10 7 13 8 11 8 13 9 11 10 11
m14_663 14 32 0 6 0 7 0 9 0 11 1 7 1 8 1 10 1 11 2 8 2 10 2 11 2 13 3 9 3 11 3 12 3 13 4 9 4 11 4 12 4 13 5 10 5 11 5 12 5 13 6 10 6 12 6 13 7 12 7 13 8 9 8 12 9 10
m14_664 14 34 0 6 0 7 0 9 0 12 1 7 1 8 1 10 1 12 2 8 2 10 2 11 2 12 3 9 3 10 3 11 3 12 3 13 4 9 4 10 4 11 4 12 4 13 5 9 5 10 5 11 5 12 5 13 6 10 6 11 6 13 7 11 7 13 8 9 8 13
m14_665 14 36 0 6 0 7 0 8 0 9 0 10 1 7 1 8 1 9 1 10 1 12 2 8 2 9 2 10 2 12 2 13 3 9 3 10 3 11 3 12 3 13 4 9 4 10 4 11 4 12 4 13 5 9 5 10 5 11 5 12 5 13 6 11 6 12 6 13 7 11 7 13 8 11
m14_666 14 36 0 6 0 7 0 8 0 9 1 7 1 8 1 9 1 11 1 12 2 8 2 9 2 11 2 12 2 13 3 9 3 10 3 11 3 12 3 13 4 9 4 10 4 11 4 12 4 13 5 9 5 10 5 11 5 12 5 13 6 10 6 11 6 12 6 13 7 10 7 13 8 10
m14_667 14 33 0 6 0 7 0 8 0 10 0 11 1 7 1 8 1 9 1 10 1 11 2 8 2 9 2 10 2 11 2 13 3 10 3 11 3 12 3 13 4 10 4 11 4 12 4 13 5 10 5 11 5 12 5 13 6 9 6 13 7 12 7 13 8 12 9 12
m14_668 14 33 0 6 0 7 0 8 0 10 1 7 1 8 1 9 1 10 1 12 2 8 2 9 2 10 2 12 2 13 3 10 3 11 3 12 3 13 4 10 4 11 4 12 4 13 5 10 5 11 5 12 5 13 6 9 6 12 6 13 7 11 7 13 8 11 9 11
m14_669 14 33 0 6 0 7 0 8 0 10 1 7 1 8 1 9 1 10 2 8 2 9 2 10 2 12 2 13 3 10 3 11 3 12 3 13 4 10 4 11 4 12 4 13 5 10 5 11 5 12 5 13 6 9 6 12 6 13 7 11 7 12 7 13 8 11 9 11
m14_670 14 30 0 6 0 7 0 8 0 11 1 7 1 8 1 9 1 11 2 8 2 9 2 10 2 11 2 12 3 11 3 12 3 13 4 11 4 12 4 13 5 11 5 12 5 13 6 9 6 10 6 12 7 10 7 12 8 13 9 13 10 13
m14_671 14 32 0 6 0 7 0 8 0 10 0 11 1 7 1 8 1 9 1 11 2 8 2 9 2 11 2 13 3 10 3 11 3 12 3 13 4 10 4 11 4 12 4 13 5 10 5 11 5 12 5 13 6 9 6 12 6 13 7 12 7 13 8 12 9 10
m14_672 14 32 0 6 0 7 0 8 0 10 0 11 1 7 1 8 1 9 1 11 2 8 2 9 2 11 2 13 3 10 3 11 3 12 3 13 4 10 4 11 4 12 4 13 5 10 5 11 5 12 5 13 6 9 6 13 7 12 7 13 8 12 9 10 9 12
m14_673 14 32 0 6 0 7 0 8 0 10 1 7 1 8 1 9 1 11 2 8 2 9 2 11 2 13 3 10 3 11 3 12 3 13 4 10 4 11 4 12 4 13 5 10 5 11 5 12 5 13 6 9 6 11 6 12 6 13 7 12 7 13 8 12 9 10
m14_674 14 31 0 6 0 7 0 9 0 12 1 7 1 9 1 12 1 13 2 8 2 9 2 10 2 13 3 8 3 9 3 10 3 13 4 11 4 12 4 13 5 11 5 12 5 13 6 10 6 11 6 13 7 10 7 11 8 11 8 12 9 11 10 12
m14_675 14 32 0 6 0 7 0 9 0 10 1 7 1 9 1 10 1 12 2 8 2 9 2 12 2 13 3 8 3 9 3 12 3 13 4 10 4 11 4 12 4 13 5 10 5 11 5 12 5 13 6 11 6 12 6 13 7 11 7 13 8 10 8 11 9 11
m14_676 14 31 0 6 0 7 0 9 0 11 1 7 1 9 1 10 1 11 2 8 2 9 2 12 3 8 3 9 3 12 4 10 4 11 4 12 4 13 5 10 5 11 5 12 5 13 6 10 6 12 6 13 7 12 7 13 8 10 8 11 8 13 9 13
m14_677 14 31 0 6 0 7 0 9 0 13 1 7 1 9 1 10 1 13 2 8 2 12 2 13 3 8 3 12 3 13 4 9 4 10 4 11 4 13 5 10 5 11 5 12 5 13 6 10 6 11 6 12 7 11 7 12 8 9 8 10 8 11 9 12
m14_678 14 32 0 6 0 7 0 9 0 12 1 7 1 9 1 12 1 13 2 8 2 11 2 12 2 13 3 8 3 11 3 12 3 13 4 9 4 10 4 12 4 13 5 10 5 11 5 12 5 13 6 10 6 11 6 13 7 10 7 11 8 9 8 10 9 11
m14_679 14 33 0 6 0 7 0 9 0 11 1 7 1 9 1 11 1 13 2 8 2 11 2 12 2 13 3 8 3 11 3 12 3 13 4 9 4 10 4 11 4 12 4 13 5 9 5 10 5 11 5 12 5 13 6 10 6 12 6 13 7 10 7 12 8 9 8 10
m14_680 14 32 0 6 0 7 0 9 0 12 1 7 1 9 1 11 1 12 2 8 2 12 2 13 3 8 3 12 3 13 4 9 4 10 4 11 4 12 4 13 5 9 5 10 5 11 5 12 5 13 6 10 6 11 6 13 7 10 7 13 8 9 8 10 8 11
m14_681 14 31 0 6 0 7 0 9 0 11 1 7 1 8 1 9 1 13 2 8 2 9 2 10 2 13 3 8 3 9 3 10 3 13 4 11 4 12 4 13 5 11 5 12 5 13 6 10 6 12 6 13 7 10 7 12 8 11 8 12 9 12 10 11
m14_682 14 31 0 6 0 7 0 12 0 13 1 7 1 8 1 9 1 13 2 8 2 9 2 10 2 13 3 8 3 9 3 10 3 13 4 11 4 12 4 13 5 11 5 12 5 13 6 9 6 10 6 11 7 10 7 11 8 11 8 12 9 12 10 12
m14_683 14 33 0 6 0 7 0 8 0 9 0 11 1 7 1 8 1 9 1 10 1 11 2 8 2 9 2 10 2 11 2 13 3 8 3 9 3 10 3 11 3 13 4 11 4 12 4 13 5 11 5 12 5 13 6 10 6 13 7 12 7 13 8 12 9 12 10 12
m14_684 14 35 0 6 0 7 0 8 0 9 0 13 1 7 1 8 1 9 1 11 1 13 2 8 2 9 2 11 2 12 2 13 3 8 3 9 3 11 3 12 3 13 4 10 4 11 4 12 4 13 5 10 5 11 5 12 5 13 6 10 6 11 6 12 7 10 7 12 8 10 9 10
m14_685 14 33 0 6 0 7 0 8 0 9 0 12 1 7 1 8 1 9 1 12 1 13 2 8 2 11 2 12 2 13 3 8 3 11 3 12 3 13 4 9 4 10 4 12 4 13 5 9 5 10 5 12 5 13 6 10 6 11 6 13 7 10 7 11 8 10 9 11
m14_686 14 33 0 6 0 7 0 8 0 9 1 7 1 8 1 9 1 12 1 13 2 8 2 11 2 12 2 13 3 8 3 11 3 12 3 13 4 9 4 10 4 12 4 13 5 9 5 10 5 12 5 13 6 10 6 11 6 12 6 13 7 10 7 11 8 10 9 11
m14_687 14 33 0 6 0 7 0 8 0 13 1 7 1 8 1 9 1 10 1 13 2 8 2 9 2 10 2 11 2 13 3 8 3 9 3 10 3 11 3 13 4 11 4 12 4 13 5 11 5 12 5 13 6 9 6 10 6 11 7 11 7 12 8 12 9 12 10 12
m14_688 14 36 0 6 0 7 0 8 0 10 0 11 1 7 1 8 1 10 1 11 1 13 2 8 2 10 2 11 2 12 2 13 3 8 3 10 3 11 3 12 3 13 4 9 4 10 4 11 4 12 4 13 5 9 5 10 5 11 5 12 5 13 6 9 6 12 6 13 7 9 7 12 8 9
m14_689 14 36 0 6 0 7 0 8 0 10 1 7 1 8 1 10 1 12 1 13 2 8 2 10 2 11 2 12 2 13 3 8 3 10 3 11 3 12 3 13 4 9 4 10 4 11 4 12 4 13 5 9 5 10 5 11 5 12 5 13 6 9 6 11 6 12 6 13 7 9 7 11 8 9
m14_690 14 33 0 6 0 7 0 8 0 9 0 12 1 7 1 12 1 13 2 8 2 9 2 10 2 11 2 12 3 8 3 9 3 10 3 11 3 12 4 8 4 9 4 10 4 11 4 12 5 11 5 12 5 13 6 11 6 13 7 10 7 11 8 13 9 13 10 13
m14_691 14 35 0 6 0 7 0 8 0 9 0 10 1 7 1 12 1 13 2 8 2 9 2 10 2 11 2 12 3 8 3 9 3 10 3 11 3 12 4 8 4 9 4 10 4 11 4 12 5 8 5 9 5 10 5 11 5 12 6 12 6 13 7 11 8 13 9 13 10 13 11 13
m14_692 14 35 0 6 0 7 0 8 0 9 1 7 1 12 1 13 2 8 2 9 2 10 2 11 2 12 3 8 3 9 3 10 3 11 3 12 4 8 4 9 4 10 4 11 4 12 5 8 5 9 5 10 5 11 5 12 6 12 6 13 7 10 7 11 8 13 9 13 10 13 11 13
m14_693 14 39 0 6 0 7 0 8 0 9 0 10 0 13 1 7 1 8 1 9 1 10 1 12 1 13 2 8 2 9 2 10 2 11 2 12 2 13 3 8 3 9 3 10 3 11 3 12 3 13 4 8 4 9 4 10 4 11 4 12 4 13 5 8 5 9 5 10 5 11 5 12 5 13 6 11 6 12 7 11
m14_694 14 39 0 6 0 7 0 8 1 7 1 8 1 10 1 11 1 12 1 13 2 8 2 9 2 10 2 11 2 12 2 13 3 8 3 9 3 10 3 11 3 12 3 13 4 8 4 9 4 10 4 11 4 12 4 13 5 8 5 9 5 10 5 11 5 12 5 13 6 9 6 10 6 11 6 12 6 13 7 9
m14_695 14 32 0 6 0 7 0 9 0 11 0 13 1 7 1 8 1 9 1 13 2 9 2 11 2 12 2 13 3 9 3 11 3 12 3 13 4 10 4 11 4 12 4 13 5 10 5 11 5 12 5 13 6 8 6 10 6 12 7 10 7 12 8 11 9 10
m14_696 14 32 0 6 0 7 0 9 0 11 1 7 1 8 1 9 1 13 2 9 2 11 2 12 2 13 3 9 3 11 3 12 3 13 4 10 4 11 4 12 4 13 5 10 5 11 5 12 5 13 6 8 6 10 6 12 6 13 7 10 7 12 8 11 9 10
m14_697 14 32 0 6 0 7 0 9 0 11 1 7 1 8 1 9 1 13 2 9 2 11 2 12 2 13 3 9 3 11 3 12 3 13 4 10 4 11 4 12 4 13 5 10 5 11 5 12 5 13 6 8 6 10 6 13 7 10 7 12 8 11 8 12 9 10
m14_698 14 35 0 6 0 7 0 9 0 10 0 13 1 7 1 8 1 9 1 10 1 12 2 9 2 10 2 11 2 12 2 13 3 9 3 10 3 11 3 12 3 13 4 9 4 10 4 11 4 12 4 13 5 9 5 10 5 11 5 12 5 13 6 8 6 11 6 12 7 11 8 13
m14_699 14 35 0 6 0 7 0 9 0 10 0 12 1 7 1 8 1 9 1 10 2 9 2 10 2 11 2 12 2 13 3 9 3 10 3 11 3 12 3 13 4 9 4 10 4 11 4 12 4 13 5 9 5 10 5 11 5 12 5 13 6 8 6 11 6 13 7 11 7 13 8 12
m14_700 14 35 0 6 0 7 0 9 0 10 0 12 1 7 1 8 1 9 1 10 2 9 2 10 2 11 2 12 2 13 3 9 3 10 3 11 3 12 3 13 4 9 4 10 4 11 4 12 4 13 5 9 5 10 5 11 5 12 5 13 6 8 6 11 7 11 7 13 8 12 8 13
m14_701 14 35 0 6 0 7 0 9 0 13 1 7 1 8 1 9 1 10 2 9 2 10 2 11 2 12 2 13 3 9 3 10 3 11 3 12 3 13 4 9 4 10 4 11 4 12 4 13 5 9 5 10 5 11 5 12 5 13 6 8 6 10 6 12 7 11 7 12 8 11 8 13
m14_702 14 35 0 6 0 7 0 9 1 7 1 8 1 9 1 10 2 9 2 10 2 11 2 12 2 13 3 9 3 10 3 11 3 12 3 13 4 9 4 10 4 11 4 12 4 13 5 9 5 10 5 11 5 12 5 13 6 8 6 10 7 11 7 12 7 13 8 11 8 12 8 13
m14_703 14 32 0 6 0 7 0 9 0 11 0 12 1 7 1 8 1 9 1 12 2 8 2 9 2 12 2 13 3 9 3 11 3 12 3 13 4 10 4 11 4 12 4 13 5 10 5 11 5 12 5 13 6 8 6 10 6 13 7 10 7 13 8 11 9 10
m14_704 14 32 0 6 0 7 0 9 0 11 1 7 1 8 1 9 1 12 2 8 2 9 2 12 2 13 3 9 3 11 3 12 3 13 4 10 4 11 4 12 4 13 5 10 5 11 5 12 5 13 6 8 6 10 6 12 6 13 7 10 7 13 8 11 9 10
m14_705 14 32 0 6 0 7 0 9 0 13 1 7 1 8 1 9 1 13 2 8 2 9 2 12 2 13 3 9 3 11 3 12 3 13 4 10 4 11 4 12 4 13 5 10 5 11 5 12 5 13 6 8 6 10 6 12 7 10 7 11 7 12 8 11 9 10
m14_706 14 35 0 6 0 7 0 9 0 10 0 11 1 7 1 8 1 10 1 11 1 12 2 8 2 10 2 11 2 12 2 13 3 9 3 10 3 11 3 12 3 13 4 9 4 10 4 11 4 12 4 13 5 9 5 10 5 11 5 12 5 13 6 8 6 12 6 13 7 13 8 9
m14_707 14 35 0 6 0 7 0 9 0 10 0 11 1 7 1 8 1 10 1 11 2 8 2 10 2 11 2 12 2 13 3 9 3 10 3 11 3 12 3 13 4 9 4 10 4 11 4 12 4 13 5 9 5 10 5 11 5 12 5 13 6 8 6 12 6 13 7 12 7 13 8 9
m14_708 14 35 0 6 0 7 0 9 0 10 1 7 1 8 1 10 1 11 1 12 2 8 2 10 2 11 2 12 2 13 3 9 3 10 3 11 3 12 3 13 4 9 4 10 4 11 4 12 4 13 5 9 5 10 5 11 5 12 5 13 6 8 6 11 6 12 6 13 7 13 8 9
m14_709 14 35 0 6 0 7 0 9 0 10 1 7 1 8 1 10 1 11 2 8 2 10 2 11 2 12 2 13 3 9 3 10 3 11 3 12 3 13 4 9 4 10 4 11 4 12 4 13 5 9 5 10 5 11 5 12 5 13 6 8 6 11 6 12 6 13 7 12 7 13 8 9
m14_710 14 35 0 6 0 7 0 9 0 10 1 7 1 8 1 10 2 8 2 10 2 11 2 12 2 13 3 9 3 10 3 11 3 12 3 13 4 9 4 10 4 11 4 12 4 13 5 9 5 10 5 11 5 12 5 13 6 8 6 11 6 12 6 13 7 11 7 12 7 13 8 9
m14_711 14 34 0 6 0 7 0 9 0 10 0 11 1 7 1 8 1 11 1 12 2 8 2 11 2 12 2 13 3 9 3 10 3 11 3 12 3 13 4 9 4 10 4 11 4 12 4 13 5 9 5 10 5 11 5 12 5 13 6 8 6 12 6 13 7 13 8 9 8 10
m14_712 14 34 0 6 0 7 0 9 0 10 0 11 1 7 1 8 1 11 2 8 2 11 2 12 2 13 3 9 3 10 3 11 3 12 3 13 4 9 4 10 4 11 4 12 4 13 5 9 5 10 5 11 5 12 5 13 6 8 6 12 6 13 7 12 7 13 8 9 8 10
m14_713 14 34 0 6 0 7 0 9 0 11 0 12 1 7 1 8 1 11 1 12 2 8 2 11 2 12 2 13 3 9 3 10 3 11 3 12 3 13 4 9 4 10 4 11 4 12 4 13 5 9 5 10 5 11 5 12 5 13 6 8 6 13 7 10 7 13 8 9 8 10
m14_714 14 34 0 6 0 7 0 9 0 11 1 7 1 8 1 11 1 13 2 8 2 11 2 12 2 13 3 9 3 10 3 11 3 12 3 13 4 9 4 10 4 11 4 12 4 13 5 9 5 10 5 11 5 12 5 13 6 8 6 12 6 13 7 10 7 12 8 9 8 10
m14_715 14 33 0 6 0 7 0 11 0 13 1 7 1 8 1 9 1 10 1 13 2 8 2 9 2 10 2 12 2 13 3 8 3 9 3 10 3 12 3 13 4 11 4 12 4 13 5 11 5 12 5 13 6 8 6 9 6 10 6 12 7 12 8 11 9 11 10 11
m14_716 14 32 0 6 0 9 0 10 0 12 1 7 1 8 1 9 1 10 1 11 2 7 2 8 2 9 2 10 2 11 3 9 3 10 3 11 3 12 4 11 4 12 4 13 5 11 5 12 5 13 6 11 6 13 7 12 7 13 8 12 8 13 9 13 10 13
m14_717 14 33 0 6 0 9 0 10 0 11 1 7 1 8 1 9 1 10 1 13 2 7 2 8 2 9 2 10 2 13 3 9 3 10 3 11 3 13 4 10 4 11 4 12 4 13 5 10 5 11 5 12 5 13 6 12 6 13 7 11 7 12 8 11 8 12 9 12
m14_718 14 33 0 6 0 9 0 10 0 11 1 7 1 8 1 9 1 13 2 7 2 8 2 9 2 13 3 9 3 10 3 11 3 13 4 10 4 11 4 12 4 13 5 10 5 11 5 12 5 13 6 12 6 13 7 10 7 11 7 12 8 10 8 11 8 12 9 12
m14_719 14 33 0 6 0 9 0 10 1 7 1 8 1 9 1 12 1 13 2 7 2 8 2 9 2 12 2 13 3 9 3 10 3 12 3 13 4 10 4 11 4 12 4 13 5 10 5 11 5 12 5 13 6 11 6 12 6 13 7 10 7 11 8 10 8 11 9 11
m14_720 14 33 0 6 0 9 0 10 1 7 1 8 1 9 1 12 2 7 2 8 2 9 2 12 3 9 3 10 3 12 3 13 4 10 4 11 4 12 4 13 5 10 5 11 5 12 5 13 6 11 6 12 6 13 7 10 7 11 7 13 8 10 8 11 8 13 9 11
m14_721 14 29 0 6 0 10 0 13 1 7 1 8 1 10 1 12 2 7 2 8 2 10 2 12 3 9 3 12 3 13 4 9 4 12 4 13 5 10 5 11 5 12 5 13 6 11 6 12 7 11 7 13 8 11 8 13 9 10 9 11
m14_722 14 33 0 6 0 9 0 10 0 12 1 7 1 8 1 9 1 10 1 11 2 7 2 8 2 9 2 10 2 11 3 9 3 10 3 11 3 12 4 9 4 10 4 11 4 12 5 11 5 12 5 13 6 11 6 13 7 12 7 13 8 12 8 13 9 13 10 13
m14_723 14 35 0 6 0 9 0 10 0 11 1 7 1 8 1 9 1 11 1 13 2 7 2 8 2 9 2 11 2 13 3 9 3 10 3 11 3 12 3 13 4 9 4 10 4 11 4 12 4 13 5 9 5 10 5 11 5 12 5 13 6 12 6 13 7 10 7 12 8 10 8 12
m14_724 14 33 0 6 0 8 0 9 0 10 1 7 1 8 1 9 1 11 2 7 2 8 2 9 2 11 3 9 3 10 3 11 3 12 4 10 4 11 4 12 4 13 5 10 5 11 5 12 5 13 6 11 6 12 6 13 7 10 7 12 7 13 8 12 8 13 9 13
m14_725 14 33 0 6 0 8 0 10 0 11 0 12 1 7 1 8 1 9 1 10 1 11 2 7 2 8 2 9 2 10 2 11 3 10 3 11 3 12 3 13 4 10 4 11 4 12 4 13 5 10 5 11 5 12 5 13 6 9 6 13 7 12 7 13 8 13 9 12
m14_726 14 33 0 6 0 8 0 10 0 13 1 7 1 8 1 9 1 10 1 11 2 7 2 8 2 9 2 10 2 11 3 10 3 11 3 12 3 13 4 10 4 11 4 12 4 13 5 10 5 11 5 12 5 13 6 9 6 11 6 12 7 12 7 13 8 12 9 13
m14_727 14 33 0 6 0 8 0 10 0 13 1 7 1 8 1 9 1 10 2 7 2 8 2 9 2 10 3 10 3 11 3 12 3 13 4 10 4 11 4 12 4 13 5 10 5 11 5 12 5 13 6 9 6 11 6 12 7 11 7 12 7 13 8 11 8 12 9 13
m14_728 14 33 0 6 0 8 0 10 0 12 0 13 1 7 1 8 1 9 1 10 2 7 2 8 2 9 2 10 3 10 3 11 3 12 3 13 4 10 4 11 4 12 4 13 5 10 5 11 5 12 5 13 6 9 6 11 7 11 7 12 7 13 8 11 9 12 9 13
m14_729 14 33 0 6 0 8 0 11 0 13 1 7 1 8 1 9 1 11 2 7 2 8 2 9 2 11 3 10 3 11 3 12 3 13 4 10 4 11 4 12 4 13 5 10 5 11 5 12 5 13 6 9 6 12 7 10 7 12 7 13 8 10 8 12 9 10 9 13
m14_730 14 32 0 6 0 8 0 11 0 12 1 7 1 8 1 9 1 10 1 11 2 7 2 8 2 9 2 10 2 11 3 9 3 10 3 11 3 13 4 11 4 12 4 13 5 11 5 12 5 13 6 9 6 10 6 13 7 12 7 13 8 13 9 12 10 12
m14_731 14 32 0 6 0 8 0 10 0 11 0 13 1 7 1 8 1 9 1 13 2 7 2 8 2 9 2 13 3 9 3 11 3 12 3 13 4 10 4 11 4 12 4 13 5 10 5 11 5 12 5 13 6 9 6 12 7 10 7 11 7 12 8 12 9 10
m14_732 14 32 0 6 0 8 0 10 0 11 1 7 1 8 1 9 1 13 2 7 2 8 2 9 2 13 3 9 3 11 3 12 3 13 4 10 4 11 4 12 4 13 5 10 5 11 5 12 5 13 6 9 6 12 6 13 7 10 7 11 7 12 8 12 9 10
m14_733 14 33 0 6 0 8 0 10 0 12 0 13 1 7 1 8 1 9 1 12 1 13 2 7 2 8 2 9 2 12 2 13 3 9 3 11 3 12 3 13 4 10 4 11 4 12 4 13 5 10 5 11 5 12 5 13 6 9 6 11 7 10 7 11 8 11 9 10
m14_734 14 33 0 6 0 8 0 10 0 13 1 7 1 8 1 9 1 12 1 13 2 7 2 8 2 9 2 12 2 13 3 9 3 11 3 12 3 13 4 10 4 11 4 12 4 13 5 10 5 11 5 12 5 13 6 9 6 11 6 12 7 10 7 11 8 11 9 10
m14_735 14 33 0 6 0 8 0 10 0 13 1 7 1 8 1 9 1 13 2 7 2 8 2 9 2 13 3 9 3 11 3 12 3 13 4 10 4 11 4 12 4 13 5 10 5 11 5 12 5 13 6 9 6 11 6 12 7 10 7 11 7 12 8 11 8 12 9 10
m14_736 14 32 0 6 0 8 0 11 0 13 1 7 1 8 1 9 1 13 2 7 2 8 2 9 2 13 3 9 3 11 3 12 3 13 4 10 4 11 4 12 4 13 5 10 5 11 5 12 5 13 6 9 6 12 7 10 7 11 7 12 8 10 8 12 9 10
m14_737 14 32 0 6 0 8 0 11 1 7 1 8 1 9 1 13 2 7 2 8 2 9 2 13 3 9 3 11 3 12 3 13 4 10 4 11 4 12 4 13 5 10 5 11 5 12 5 13 6 9 6 12 6 13 7 10 7 11 7 12 8 10 8 12 9 10
m14_738 14 33 0 6 0 8 0 9 0 10 0 11 1 7 1 8 1 12 2 7 2 8 2 12 3 9 3 10 3 11 3 12 3 13 4 9 4 10 4 11 4 12 4 13 5 9 5 10 5 11 5 12 5 13 6 12 6 13 7 9 7 10 7 11 7 13 8 13
m14_739 14 34 0 6 0 8 0 9 0 10 0 12 1 7 1 8 1 12 1 13 2 7 2 8 2 12 2 13 3 9 3 10 3 11 3 12 3 13 4 9 4 10 4 11 4 12 4 13 5 9 5 10 5 11 5 12 5 13 6 11 6 13 7 9 7 10 7 11 8 11
m14_740 14 34 0 6 0 8 0 9 0 10 1 7 1 8 1 12 1 13 2 7 2 8 2 12 2 13 3 9 3 10 3 11 3 12 3 13 4 9 4 10 4 11 4 12 4 13 5 9 5 10 5 11 5 12 5 13 6 11 6 12 6 13 7 9 7 10 7 11 8 11
m14_741 14 35 0 6 0 8 0 9 0 11 0 12 1 7 1 8 1 11 1 12 1 13 2 7 2 8 2 11 2 12 2 13 3 9 3 10 3 11 3 12 3 13 4 9 4 10 4 11 4 12 4 13 5 9 5 10 5 11 5 12 5 13 6 10 6 13 7 9 7 10 8 10
m14_742 14 35 0 6 0 8 0 9 0 11 1 7 1 8 1 11 1 12 1 13 2 7 2 8 2 11 2 12 2 13 3 9 3 10 3 11 3 12 3 13 4 9 4 10 4 11 4 12 4 13 5 9 5 10 5 11 5 12 5 13 6 10 6 12 6 13 7 9 7 10 8 10
m14_743 14 35 0 6 0 8 0 9 1 7 1 8 1 11 1 12 1 13 2 7 2 8 2 11 2 12 2 13 3 9 3 10 3 11 3 12 3 13 4 9 4 10 4 11 4 12 4 13 5 9 5 10 5 11 5 12 5 13 6 10 6 11 6 12 6 13 7 9 7 10 8 10
m14_744 14 35 0 6 0 8 0 9 0 12 1 7 1 8 1 12 1 13 2 7 2 8 2 12 2 13 3 9 3 10 3 11 3 12 3 13 4 9 4 10 4 11 4 12 4 13 5 9 5 10 5 11 5 12 5 13 6 10 6 11 6 13 7 9 7 10 7 11 8 10 8 11
m14_745 14 35 0 6 0 8 0 9 1 7 1 8 1 12 1 13 2 7 2 8 2 12 2 13 3 9 3 10 3 11 3 12 3 13 4 9 4 10 4 11 4 12 4 13 5 9 5 10 5 11 5 12 5 13 6 10 6 11 6 12 6 13 7 9 7 10 7 11 8 10 8 11
m14_746 14 31 0 6 0 9 0 10 0 11 1 7 1 8 1 9 1 13 2 7 2 9 2 11 2 13 3 8 3 9 3 10 3 13 4 10 4 11 4 12 4 13 5 10 5 11 5 12 5 13 6 12 6 13 7 10 7 12 8 11 8 12 9 12
m14_747 14 31 0 6 0 9 0 12 1 7 1 8 1 12 1 13 2 7 2 11 2 12 2 13 3 8 3 10 3 12 3 13 4 9 4 10 4 11 4 12 5 10 5 11 5 12 5 13 6 10 6 11 6 13 7 9 7 10 8 9 8 11 9 13
m14_748 14 32 0 6 0 9 0 12 1 7 1 8 1 12 1 13 2 7 2 11 2 12 2 13 3 8 3 10 3 12 3 13 4 9 4 10 4 11 4 12 4 13 5 9 5 10 5 11 5 12 5 13 6 10 6 11 6 13 7 9 7 10 8 9 8 11
m14_749 14 31 0 6 0 8 0 9 0 10 1 7 1 8 1 9 1 12 2 7 2 9 2 11 2 12 3 8 3 10 3 12 3 13 4 10 4 11 4 12 4 13 5 10 5 11 5 12 5 13 6 11 6 12 6 13 7 10 7 13 8 11 9 13
m14_750 14 29 0 6 0 8 0 9 0 13 1 7 1 8 1 11 2 7 2 9 2 10 3 8 3 9 3 12 3 13 4 10 4 11 4 12 4 13 5 10 5 11 5 12 5 13 6 10 6 11 6 12 7 12 7 13 8 10 9 11
m14_751 14 32 0 6 0 8 0 9 0 11 1 7 1 8 1 9 1 13 2 7 2 9 2 10 2 13 3 8 3 9 3 11 3 13 4 10 4 11 4 12 4 13 5 10 5 11 5 12 5 13 6 10 6 12 6 13 7 11 7 12 8 10 8 12 9 12
m14_752 14 31 0 6 0 8 0 9 0 11 1 7 1 8 1 9 1 13 2 7 2 9 2 12 2 13 3 8 3 10 3 11 3 13 4 9 4 11 4 12 4 13 5 10 5 11 5 12 5 13 6 10 6 12 6 13 7 10 7 11 8 12 9 10
m14_753 14 31 0 6 0 8 0 12 0 13 1 7 1 8 1 9 1 12 2 7 2 9 2 11 2 12 3 8 3 10 3 12 3 13 4 10 4 11 4 12 4 13 5 10 5 11 5 12 5 13 6 9 6 10 6 11 7 10 7 13 8 11 9 13
m14_754 14 31 0 6 0 8 0 9 0 13 1 7 1 8 1 10 1 13 2 7 2 10 2 12 2 13 3 8 3 9 3 11 3 13 4 9 4 11 4 12 4 13 5 10 5 11 5 12 5 13 6 10 6 11 6 12 7 9 7 11 8 12 9 10
m14_755 14 32 0 6 0 8 0 9 0 12 1 7 1 8 1 12 1 13 2 7 2 10 2 12 2 13 3 8 3 9 3 12 3 13 4 9 4 11 4 12 4 13 5 10 5 11 5 12 5 13 6 10 6 11 6 13 7 9 7 11 8 10 8 11 9 10
m14_756 14 31 0 6 0 8 0 9 0 13 1 7 1 8 1 10 1 13 2 7 2 10 2 12 2 13 3 8 3 10 3 11 3 13 4 9 4 11 4 12 4 13 5 9 5 11 5 12 5 13 6 10 6 11 6 12 7 9 7 11 8 12 9 10
m14_757 14 33 0 6 0 8 0 9 0 13 1 7 1 8 1 12 1 13 2 7 2 11 2 12 2 13 3 8 3 9 3 10 3 12 3 13 4 9 4 10 4 11 4 12 4 13 5 9 5 10 5 11 5 12 5 13 6 10 6 11 6 12 7 9 7 10 8 11
m14_758 14 33 0 6 0 8 0 11 0 13 1 7 1 8 1 12 1 13 2 7 2 10 2 12 2 13 3 8 3 11 3 12 3 13 4 9 4 10 4 11 4 12 4 13 5 9 5 10 5 11 5 12 5 13 6 9 6 10 6 12 7 9 7 11 8 9 8 10
m14_759 14 32 0 6 0 9 0 11 1 7 1 8 1 9 1 13 2 7 2 8 2 9 2 13 3 8 3 9 3 10 3 13 4 10 4 11 4 12 4 13 5 10 5 11 5 12 5 13 6 10 6 12 6 13 7 10 7 11 7 12 8 11 8 12 9 12
m14_760 14 32 0 6 0 9 0 10 0 11 1 7 1 8 1 9 1 13 2 7 2 8 2 9 2 13 3 8 3 9 3 11 3 13 4 10 4 11 4 12 4 13 5 10 5 11 5 12 5 13 6 12 6 13 7 10 7 11 7 12 8 10 8 12 9 12
m14_761 14 33 0 6 0 9 0 11 0 13 1 7 1 8 1 12 1 13 2 7 2 8 2 12 2 13 3 8 3 11 3 12 3 13 4 9 4 10 4 11 4 12 4 13 5 9 5 10 5 11 5 12 5 13 6 10 6 12 7 9 7 10 7 11 8 9 8 10
m14_762 14 33 0 6 0 8 0 9 0 10 0 11 1 7 1 8 1 9 1 13 2 7 2 8 2 9 2 13 3 8 3 9 3 10 3 11 3 13 4 10 4 11 4 12 4 13 5 10 5 11 5 12 5 13 6 12 6 13 7 10 7 11 7 12 8 12 9 12
m14_763 14 34 0 6 0 8 0 9 0 10 0 12 1 7 1 8 1 9 1 12 1 13 2 7 2 8 2 9 2 12 2 13 3 8 3 9 3 10 3 12 3 13 4 10 4 11 4 12 4 13 5 10 5 11 5 12 5 13 6 11 6 13 7 10 7 11 8 11 9 11
m14_764 14 34 0 6 0 8 0 9 0 10 1 7 1 8 1 9 1 12 1 13 2 7 2 8 2 9 2 12 2 13 3 8 3 9 3 10 3 12 3 13 4 10 4 11 4 12 4 13 5 10 5 11 5 12 5 13 6 11 6 12 6 13 7 10 7 11 8 11 9 11
m14_765 14 34 0 6 0 8 0 9 0 10 1 7 1 8 1 9 1 12 2 7 2 8 2 9 2 12 3 8 3 9 3 10 3 12 4 10 4 11 4 12 4 13 5 10 5 11 5 12 5 13 6 11 6 12 6 13 7 10 7 11 7 13 8 11 8 13 9 11 9 13
m14_766 14 33 0 6 0 8 0 9 0 11 1 7 1 8 1 9 1 13 2 7 2 8 2 9 2 13 3 8 3 9 3 10 3 11 3 13 4 10 4 11 4 12 4 13 5 10 5 11 5 12 5 13 6 10 6 12 6 13 7 10 7 11 7 12 8 12 9 12
m14_767 14 30 0 6 0 9 0 10 0 12 1 7 1 12 1 13 2 7 2 12 2 13 3 8 3 10 3 11 3 12 4 8 4 10 4 11 4 12 5 9 5 11 5 12 5 13 6 11 6 13 7 9 7 10 7 11 8 9 8 13 10 13
m14_768 14 30 0 6 0 9 0 10 0 13 1 7 1 12 1 13 2 7 2 12 2 13 3 8 3 10 3 11 3 13 4 8 4 10 4 11 4 13 5 9 5 10 5 11 5 12 5 13 6 11 6 12 7 9 7 10 7 11 8 9 8 12
m14_769 14 30 0 6 0 9 0 12 0 13 1 7 1 11 1 12 1 13 2 7 2 11 2 12 2 13 3 8 3 10 3 13 4 8 4 10 4 13 5 9 5 11 5 12 5 13 6 10 6 11 7 9 7 10 8 9 8 11 8 12 10 12
m14_770 14 30 0 6 0 9 0 13 1 7 1 12 1 13 2 7 2 12 2 13 3 8 3 10 3 11 3 13 4 8 4 10 4 11 4 13 5 9 5 10 5 11 5 12 5 13 6 10 6 11 6 12 7 9 7 10 7 11 8 9 8 12
m14_771 14 31 0 6 0 9 0 12 0 13 1 7 1 11 1 12 1 13 2 7 2 11 2 12 2 13 3 8 3 10 3 12 3 13 4 8 4 10 4 12 4 13 5 9 5 10 5 11 5 12 5 13 6 10 6 11 7 9 7 10 8 9 8 11
m14_772 14 31 0 6 0 9 0 12 1 7 1 11 1 12 1 13 2 7 2 11 2 12 2 13 3 8 3 10 3 12 3 13 4 8 4 10 4 12 4 13 5 9 5 10 5 11 5 12 5 13 6 10 6 11 6 13 7 9 7 10 8 9 8 11
m14_773 14 31 0 6 0 9 0 12 1 7 1 11 1 12 1 13 2 7 2 11 2 12 2 13 3 8 3 10 3 12 3 13 4 8 4 10 4 12 4 13 5 9 5 10 5 11 5 12 6 10 6 11 6 13 7 9 7 10 8 9 8 11 9 13
m14_774 14 29 0 6 0 9 0 11 0 12 1 7 1 12 1 13 2 7 2 12 2 13 3 8 3 11 3 13 4 8 4 11 4 13 5 9 5 10 5 11 5 12 5 13 6 10 6 13 7 9 7 10 7 11 8 9 8 10 8 12
m14_775 14 33 0 6 0 8 0 9 0 10 0 11 1 7 1 9 1 10 1 11 1 12 2 7 2 9 2 10 2 11 2 12 3 8 3 10 3 11 3 13 4 10 4 11 4 12 4 13 5 10 5 11 5 12 5 13 6 12 6 13 7 8 7 13 8 12 9 13
m14_776 14 33 0 6 0 8 0 9 0 10 1 7 1 9 1 10 1 11 1 13 2 7 2 9 2 10 2 11 2 13 3 8 3 10 3 12 3 13 4 10 4 11 4 12 4 13 5 10 5 11 5 12 5 13 6 11 6 12 6 13 7 8 7 12 8 11 9 12
m14_777 14 33 0 6 0 8 0 9 0 10 1 7 1 9 1 10 1 11 2 7 2 9 2 10 2 11 3 8 3 10 3 12 3 13 4 10 4 11 4 12 4 13 5 10 5 11 5 12 5 13 6 11 6 12 6 13 7 8 7 12 7 13 8 11 9 12 9 13
m14_778 14 32 0 6 0 8 0 9 0 10 0 13 1 7 1 9 1 12 1 13 2 7 2 9 2 12 2 13 3 8 3 10 3 11 3 13 4 10 4 11 4 12 4 13 5 10 5 11 5 12 5 13 6 11 6 12 7 8 7 10 7 11 8 12 9 11
m14_779 14 32 0 6 0 8 0 9 0 10 1 7 1 9 1 12 1 13 2 7 2 9 2 12 2 13 3 8 3 10 3 11 3 13 4 10 4 11 4 12 4 13 5 10 5 11 5 12 5 13 6 11 6 12 6 13 7 8 7 10 7 11 8 12 9 11
m14_780 14 31 0 6 0 8 0 9 0 10 1 7 1 9 1 12 2 7 2 9 2 12 3 8 3 10 3 12 3 13 4 10 4 11 4 12 4 13 5 10 5 11 5 12 5 13 6 11 6 12 6 13 7 8 7 10 7 13 8 11 9 11 9 13
m14_781 14 32 0 6 0 8 0 9 0 12 1 7 1 9 1 12 1 13 2 7 2 11 2 12 2 13 3 8 3 9 3 10 3 12 3 13 4 10 4 11 4 12 4 13 5 10 5 11 5 12 5 13 6 10 6 11 6 13 7 8 7 10 8 11 9 11
m14_782 14 32 0 6 0 8 0 9 0 12 1 7 1 9 1 12 1 13 2 7 2 11 2 12 2 13 3 8 3 9 3 10 3 12 4 10 4 11 4 12 4 13 5 10 5 11 5 12 5 13 6 10 6 11 6 13 7 8 7 10 8 11 8 13 9 11
m14_783 14 32 0 6 0 8 0 9 0 12 1 7 1 9 1 12 1 13 2 7 2 11 2 12 2 13 3 8 3 9 3 12 3 13 4 10 4 11 4 12 4 13 5 10 5 11 5 12 5 13 6 10 6 11 6 13 7 8 7 10 8 11 9 10 9 11
m14_784 14 31 0 6 0 8 0 9 0 12 1 7 1 9 1 12 1 13 2 7 2 11 2 12 2 13 3 8 3 10 3 11 3 12 4 9 4 10 4 12 4 13 5 10 5 11 5 12 5 13 6 10 6 11 6 13 7 8 7 10 8 13 9 11
m14_785 14 32 0 6 0 8 0 9 0 11 0 12 1 7 1 9 1 12 1 13 2 7 2 9 2 12 2 13 3 8 3 10 3 11 3 12 4 9 4 11 4 12 4 13 5 10 5 11 5 12 5 13 6 10 6 13 7 8 7 10 7 11 8 13 9 10
m14_786 14 32 0 6 0 8 0 9 0 11 1 7 1 9 1 12 1 13 2 7 2 9 2 12 2 13 3 8 3 10 3 11 3 12 4 9 4 11 4 12 4 13 5 10 5 11 5 12 5 13 6 10 6 12 6 13 7 8 7 10 7 11 8 13 9 10
m14_787 14 32 0 6 0 8 0 9 0 12 1 7 1 9 1 12 1 13 2 7 2 9 2 12 2 13 3 8 3 10 3 11 3 12 4 9 4 11 4 12 4 13 5 10 5 11 5 12 5 13 6 10 6 11 6 13 7 8 7 10 7 11 8 13 9 10
m14_788 14 32 0 6 0 8 0 9 0 13 1 7 1 9 1 12 1 13 2 7 2 10 2 12 2 13 3 8 3 9 3 11 3 13 4 9 4 11 4 12 4 13 5 10 5 11 5 12 5 13 6 10 6 11 6 12 7 8 7 11 8 10 8 12 9 10
m14_789 14 31 0 6 0 8 0 10 0 12 1 7 1 9 1 12 1 13 2 7 2 10 2 12 2 13 3 8 3 9 3 11 3 12 4 10 4 11 4 12 4 13 5 10 5 11 5 12 5 13 6 9 6 11 6 13 7 8 7 11 8 13 9 10
m14_790 14 31 0 6 0 8 0 12 1 7 1 9 1 12 1 13 2 7 2 10 2 12 2 13 3 8 3 9 3 11 3 12 3 13 4 10 4 11 4 12 4 13 5 10 5 11 5 12 5 13 6 9 6 11 6 13 7 8 7 11 8 10 9 10
m14_791 14 31 0 6 0 8 0 12 1 7 1 9 1 12 1 13 2 7 2 10 2 12 2 13 3 8 3 9 3 11 3 12 4 10 4 11 4 12 4 13 5 10 5 11 5 12 5 13 6 9 6 11 6 13 7 8 7 11 8 10 8 13 9 10
m14_792 14 33 0 6 0 8 0 9 0 11 1 7 1 11 1 12 1 13 2 7 2 11 2 12 2 13 3 8 3 9 3 10 3 11 4 9 4 10 4 11 4 13 5 10 5 11 5 12 5 13 6 10 6 12 6 13 7 8 7 9 7 10 8 12 8 13 9 12
m14_793 14 32 0 6 0 8 0 9 0 12 1 7 1 11 1 12 1 13 2 7 2 11 2 12 2 13 3 8 3 10 3 11 3 12 4 9 4 10 4 12 4 13 5 9 5 10 5 12 5 13 6 10 6 11 6 13 7 8 7 9 7 10 8 13 9 11
m14_794 14 34 0 6 0 8 0 9 0 11 0 12 1 7 1 11 1 12 1 13 2 7 2 11 2 12 2 13 3 8 3 9 3 10 3 11 3 12 4 9 4 10 4 11 4 12 4 13 5 9 5 10 5 11 5 12 5 13 6 10 6 13 7 8 7 9 7 10 8 13
m14_795 14 34 0 6 0 8 0 9 0 11 1 7 1 11 1 12 1 13 2 7 2 11 2 12 2 13 3 8 3 9 3 10 3 11 3 12 4 9 4 10 4 11 4 12 4 13 5 9 5 10 5 11 5 12 5 13 6 10 6 12 6 13 7 8 7 9 7 10 8 13
m14_796 14 34 0 6 0 8 0 9 0 11 1 7 1 11 1 12 1 13 2 7 2 11 2 12 2 13 3 8 3 9 3 10 3 11 4 9 4 10 4 11 4 12 4 13 5 9 5 10 5 11 5 12 5 13 6 10 6 12 6 13 7 8 7 9 7 10 8 12 8 13
m14_797 14 32 0 6 0 8 0 11 0 13 1 7 1 10 1 12 1 13 2 7 2 10 2 12 2 13 3 8 3 9 3 11 3 13 4 9 4 11 4 12 4 13 5 10 5 11 5 12 5 13 6 9 6 12 7 8 7 9 7 11 8 10 8 12 9 10
m14_798 14 32 0 6 0 8 0 12 1 7 1 10 1 12 1 13 2 7 2 10 2 12 2 13 3 8 3 9 3 11 3 12 4 9 4 11 4 12 4 13 5 10 5 11 5 12 5 13 6 9 6 11 6 13 7 8 7 9 7 11 8 10 8 13 9 10
m14_799 14 32 0 6 0 8 0 10 0 11 1 7 1 11 1 12 1 13 2 7 2 11 2 12 2 13 3 8 3 10 3 11 3 12 4 9 4 10 4 12 4 13 5 9 5 10 5 12 5 13 6 9 6 12 6 13 7 8 7 9 7 10 8 13 9 11
m14_800 14 32 0 6 0 8 0 11 0 13 1 7 1 11 1 12 1 13 2 7 2 11 2 12 2 13 3 8 3 11 3 12 3 13 4 9 4 10 4 12 4 13 5 9 5 10 5 12 5 13 6 9 6 10 6 12 7 8 7 9 8 10 9 11 10 11
m14_801 14 33 0 6 0 8 0 10 0 11 1 7 1 10 1 11 1 12 1 13 2 7 2 10 2 11 2 12 2 13 3 8 3 10 3 11 3 13 4 9 4 11 4 12 4 13 5 9 5 11 5 12 5 13 6 9 6 12 6 13 7 8 7 9 8 12 9 10
m14_802 14 32 0 6 0 8 0 10 0 12 1 7 1 10 1 12 1 13 2 7 2 10 2 12 2 13 3 8 3 10 3 11 3 12 4 9 4 11 4 12 4 13 5 9 5 11 5 12 5 13 6 9 6 11 6 13 7 8 7 9 7 11 8 13 9 10
m14_803 14 34 0 6 0 8 0 13 1 7 1 11 1 12 1 13 2 7 2 11 2 12 2 13 3 8 3 9 3 10 3 11 3 13 4 9 4 10 4 11 4 12 4 13 5 9 5 10 5 11 5 12 5 13 6 9 6 10 6 11 6 12 7 8 7 9 7 10 8 12
m14_804 14 34 0 6 0 8 0 12 0 13 1 7 1 11 1 12 1 13 2 7 2 11 2 12 2 13 3 8 3 9 3 10 3 12 3 13 4 9 4 10 4 11 4 12 4 13 5 9 5 10 5 11 5 12 5 13 6 9 6 10 6 11 7 8 7 9 7 10 8 11
m14_805 14 34 0 6 0 8 0 13 1 7 1 11 1 12 1 13 2 7 2 11 2 12 2 13 3 8 3 9 3 10 3 13 4 9 4 10 4 11 4 12 4 13 5 9 5 10 5 11 5 12 5 13 6 9 6 10 6 11 6 12 7 8 7 9 7 10 8 11 8 12
m14_806 14 35 0 6 0 8 0 11 0 12 0 13 1 7 1 10 1 11 1 12 1 13 2 7 2 10 2 11 2 12 2 13 3 8 3 9 3 11 3 12 3 13 4 9 4 10 4 11 4 12 4 13 5 9 5 10 5 11 5 12 5 13 6 9 6 10 7 8 7 9 8 10
m14_807 14 35 0 6 0 8 0 12 0 13 1 7 1 10 1 11 1 12 1 13 2 7 2 10 2 11 2 12 2 13 3 8 3 9 3 11 3 12 3 13 4 9 4 10 4 11 4 12 4 13 5 9 5 10 5 11 5 12 5 13 6 9 6 10 6 11 7 8 7 9 8 10
m14_808 14 35 0 6 0 8 0 13 1 7 1 10 1 11 1 12 1 13 2 7 2 10 2 11 2 12 2 13 3 8 3 9 3 11 3 12 3 13 4 9 4 10 4 11 4 12 4 13 5 9 5 10 5 11 5 12 5 13 6 9 6 10 6 11 6 12 7 8 7 9 8 10
m14_809 14 35 0 6 0 8 0 12 0 13 1 7 1 10 1 11 1 12 1 13 2 7 2 10 2 11 2 12 2 13 3 8 3 9 3 12 3 13 4 9 4 10 4 11 4 12 4 13 5 9 5 10 5 11 5 12 5 13 6 9 6 10 6 11 7 8 7 9 8 10 8 11
m14_810 14 35 0 6 0 8 0 13 1 7 1 10 1 11 1 12 1 13 2 7 2 10 2 11 2 12 2 13 3 8 3 9 3 12 3 13 4 9 4 10 4 11 4 12 4 13 5 9 5 10 5 11 5 12 5 13 6 9 6 10 6 11 6 12 7 8 7 9 8 10 8 11
m14_811 14 33 0 6 0 8 0 12 0 13 1 7 1 9 1 11 1 13 2 7 2 9 2 11 2 13 3 8 3 10 3 12 3 13 4 10 4 11 4 12 4 13 5 10 5 11 5 12 5 13 6 9 6 10 6 11 7 8 7 10 7 12 8 9 8 11 9 12
m14_812 14 31 0 6 0 8 0 10 0 11 1 7 1 10 1 13 2 7 2 10 2 13 3 8 3 10 3 11 3 12 3 13 4 9 4 11 4 12 4 13 5 9 5 11 5 12 5 13 6 9 6 12 6 13 7 8 7 11 7 12 8 9 9 10
m14_813 14 31 0 6 0 8 0 10 0 11 1 7 1 10 1 13 2 7 2 10 2 13 3 8 3 10 3 11 3 12 4 9 4 11 4 12 4 13 5 9 5 11 5 12 5 13 6 9 6 12 6 13 7 8 7 11 7 12 8 9 8 13 9 10
m14_814 14 32 0 6 0 8 0 10 0 13 1 7 1 10 1 12 1 13 2 7 2 10 2 12 2 13 3 8 3 10 3 11 3 12 3 13 4 9 4 11 4 12 4 13 5 9 5 11 5 12 5 13 6 9 6 11 6 12 7 8 7 11 8 9 9 10
m14_815 14 32 0 6 0 8 0 10 0 13 1 7 1 10 1 12 1 13 2 7 2 10 2 12 2 13 3 8 3 10 3 11 3 13 4 9 4 11 4 12 4 13 5 9 5 11 5 12 5 13 6 9 6 11 6 12 7 8 7 11 8 9 8 12 9 10
m14_816 14 32 0 6 0 9 0 10 0 13 1 7 1 10 1 11 1 13 2 7 2 10 2 11 2 13 3 8 3 9 3 12 3 13 4 8 4 9 4 12 4 13 5 11 5 12 5 13 6 11 6 12 7 8 7 9 7 12 8 10 8 11 9 11 10 12
m14_817 14 32 0 6 0 9 0 11 0 13 1 7 1 11 1 12 1 13 2 7 2 11 2 12 2 13 3 8 3 9 3 10 3 13 4 8 4 9 4 10 4 13 5 9 5 10 5 11 5 12 5 13 6 10 6 12 7 8 7 9 7 10 8 11 8 12
m14_818 14 32 0 6 0 8 0 9 0 13 1 7 1 9 1 12 1 13 2 7 2 9 2 12 2 13 3 8 3 10 3 11 3 13 4 8 4 10 4 11 4 13 5 9 5 11 5 12 5 13 6 10 6 11 6 12 7 8 7 10 7 11 8 12 9 10
m14_819 14 32 0 6 0 8 0 9 1 7 1 9 1 12 1 13 2 7 2 9 2 12 2 13 3 8 3 10 3 11 3 13 4 8 4 10 4 11 4 13 5 9 5 11 5 12 5 13 6 10 6 11 6 12 6 13 7 8 7 10 7 11 8 12 9 10
m14_820 14 32 0 6 0 8 0 9 0 13 1 7 1 10 1 12 1 13 2 7 2 10 2 12 2 13 3 8 3 9 3 11 3 13 4 8 4 11 4 12 4 13 5 9 5 10 5 11 5 13 6 10 6 11 6 12 7 8 7 9 7 11 8 10 9 12
m14_821 14 34 0 6 0 8 0 9 0 12 0 13 1 7 1 11 1 12 1 13 2 7 2 11 2 12 2 13 3 8 3 9 3 10 3 12 3 13 4 8 4 9 4 10 4 12 4 13 5 9 5 10 5 11 5 12 5 13 6 10 6 11 7 8 7 9 7 10 8 11
m14_822 14 34 0 6 0 8 0 9 0 12 1 7 1 11 1 12 1 13 2 7 2 11 2 12 2 13 3 8 3 9 3 10 3 12 3 13 4 8 4 9 4 10 4 12 4 13 5 9 5 10 5 11 5 12 5 13 6 10 6 11 6 13 7 8 7 9 7 10 8 11
m14_823 14 32 0 6 0 8 0 11 0 12 1 7 1 10 1 12 1 13 2 7 2 10 2 12 2 13 3 8 3 9 3 11 3 13 4 8 4 11 4 12 4 13 5 9 5 10 5 11 5 13 6 9 6 10 6 13 7 8 7 9 7 11 8 10 9 12
m14_824 14 33 0 6 0 8 0 11 0 12 1 7 1 10 1 11 1 12 1 13 2 7 2 10 2 11 2 12 2 13 3 8 3 9 3 12 3 13 4 8 4 11 4 12 4 13 5 9 5 10 5 12 5 13 6 9 6 10 6 13 7 8 7 9 8 10 9 11
m14_825 14 34 0 6 0 8 0 12 0 13 1 7 1 11 1 12 1 13 2 7 2 11 2 12 2 13 3 8 3 9 3 10 3 12 3 13 4 8 4 9 4 10 4 12 4 13 5 9 5 10 5 11 5 12 5 13 6 9 6 10 6 11 7 8 7 9 7 10 8 11
m14_826 14 34 0 6 0 8 0 13 1 7 1 11 1 12 1 13 2 7 2 11 2 12 2 13 3 8 3 9 3 10 3 12 3 13 4 8 4 9 4 10 4 12 4 13 5 9 5 10 5 11 5 12 5 13 6 9 6 10 6 11 6 12 7 8 7 9 7 10 8 11
m14_827 14 35 0 6 0 8 0 11 0 12 0 13 1 7 1 9 1 11 1 12 1 13 2 7 2 9 2 11 2 12 2 13 3 8 3 10 3 11 3 12 3 13 4 8 4 10 4 11 4 12 4 13 5 9 5 10 5 11 5 12 5 13 6 9 6 10 7 8 7 10 8 9
m14_828 14 35 0 6 0 8 0 12 0 13 1 7 1 9 1 11 1 12 1 13 2 7 2 9 2 11 2 12 2 13 3 8 3 10 3 11 3 12 3 13 4 8 4 10 4 11 4 12 4 13 5 9 5 10 5 11 5 12 5 13 6 9 6 10 6 11 7 8 7 10 8 9
m14_829 14 35 0 6 0 8 0 13 1 7 1 9 1 11 1 12 1 13 2 7 2 9 2 11 2 12 2 13 3 8 3 10 3 11 3 12 3 13 4 8 4 10 4 11 4 12 4 13 5 9 5 10 5 11 5 12 5 13 6 9 6 10 6 11 6 12 7 8 7 10 8 9
m14_830 14 35 0 6 0 8 0 9 0 10 0 11 1 7 1 9 1 10 1 11 1 12 2 7 2 9 2 10 2 11 2 12 3 8 3 9 3 10 3 11 3 12 4 8 4 9 4 10 4 11 4 12 5 8 5 12 5 13 6 12 6 13 7 8 7 13 9 13 10 13 11 13
m14_831 14 35 0 6 0 7 0 8 0 9 0 10 1 7 1 8 1 9 1 10 1 12 2 7 2 8 2 9 2 10 2 12 3 9 3 10 3 12 3 13 4 10 4 11 4 12 4 13 5 10 5 11 5 12 5 13 6 11 6 12 6 13 7 11 7 13 8 11 8 13 9 11
m14_832 14 34 0 6 0 7 0 8 0 11 1 7 1 8 1 9 1 10 1 11 2 7 2 8 2 9 2 10 2 11 3 10 3 11 3 12 3 13 4 10 4 11 4 12 4 13 5 10 5 11 5 12 5 13 6 9 6 10 7 12 7 13 8 12 8 13 9 12 9 13
m14_833 14 34 0 6 0 7 0 8 0 12 1 7 1 8 1 9 1 10 1 12 2 7 2 8 2 9 2 10 2 12 3 10 3 11 3 12 3 13 4 10 4 11 4 12 4 13 5 10 5 11 5 12 5 13 6 9 6 10 6 11 7 11 7 13 8 11 8 13 9 13
m14_834 14 33 0 6 0 7 0 8 0 10 0 12 1 7 1 8 1 9 1 11 1 12 2 7 2 8 2 9 2 11 2 12 3 10 3 11 3 12 3 13 4 10 4 11 4 12 4 13 5 10 5 11 5 12 5 13 6 9 6 11 7 13 8 13 9 10 9 13
m14_835 14 33 0 6 0 7 0 8 0 10 1 7 1 8 1 9 1 11 1 12 2 7 2 8 2 9 2 11 2 12 3 10 3 11 3 12 3 13 4 10 4 11 4 12 4 13 5 10 5 11 5 12 5 13 6 9 6 11 6 12 7 13 8 13 9 10 9 13
m14_836 14 33 0 6 0 7 0 8 0 10 0 13 1 7 1 8 1 9 1 11 1 13 2 7 2 8 2 9 2 11 2 13 3 10 3 11 3 12 3 13 4 10 4 11 4 12 4 13 5 10 5 11 5 12 5 13 6 9 6 11 6 12 7 12 8 12 9 10
m14_837 14 33 0 6 0 7 0 8 0 10 1 7 1 8 1 9 1 11 1 13 2 7 2 8 2 9 2 11 2 13 3 10 3 11 3 12 3 13 4 10 4 11 4 12 4 13 5 10 5 11 5 12 5 13 6 9 6 11 6 12 6 13 7 12 8 12 9 10
m14_838 14 33 0 6 0 7 0 8 0 10 0 13 1 7 1 8 1 9 1 11 1 13 2 7 2 8 2 10 2 11 2 13 3 9 3 11 3 12 3 13 4 10 4 11 4 12 4 13 5 10 5 11 5 12 5 13 6 9 6 11 6 12 7 12 8 12 9 10
m14_839 14 34 0 6 0 7 0 8 0 12 0 13 1 7 1 8 1 9 1 12 1 13 2 7 2 8 2 9 2 12 2 13 3 9 3 11 3 12 3 13 4 10 4 11 4 12 4 13 5 10 5 11 5 12 5 13 6 9 6 11 7 10 7 11 8 10 8 11 9 10
m14_840 14 34 0 6 0 7 0 8 0 13 1 7 1 8 1 9 1 12 1 13 2 7 2 8 2 9 2 12 2 13 3 9 3 11 3 12 3 13 4 10 4 11 4 12 4 13 5 10 5 11 5 12 5 13 6 9 6 11 6 12 7 10 7 11 8 10 8 11 9 10
m14_841 14 37 0 6 0 7 0 8 0 12 0 13 1 7 1 8 1 11 1 12 1 13 2 7 2 8 2 11 2 12 2 13 3 9 3 10 3 11 3 12 3 13 4 9 4 10 4 11 4 12 4 13 5 9 5 10 5 11 5 12 5 13 6 9 6 10 6 11 7 9 7 10 8 9 8 10
m14_842 14 37 0 6 0 7 0 8 0 13 1 7 1 8 1 11 1 12 1 13 2 7 2 8 2 11 2 12 2 13 3 9 3 10 3 11 3 12 3 13 4 9 4 10 4 11 4 12 4 13 5 9 5 10 5 11 5 12 5 13 6 9 6 10 6 11 6 12 7 9 7 10 8 9 8 10
m14_843 14 28 0 6 0 7 0 8 0 13 1 7 1 8 1 9 1 13 2 7 2 9 2 10 2 12 3 8 3 10 3 11 4 11 4 12 4 13 5 11 5 12 5 13 6 9 6 10 6 12 7 11 8 12 9 11 10 13
m14_844 14 31 0 6 0 7 0 8 0 10 0 13 1 7 1 8 1 9 1 13 2 7 2 9 2 12 2 13 3 8 3 10 3 11 3 13 4 10 4 11 4 12 4 13 5 10 5 11 5 12 5 13 6 9 6 11 6 12 7 11 8 12 9 10
m14_845 14 31 0 6 0 7 0 8 0 10 1 7 1 8 1 9 1 13 2 7 2 9 2 12 2 13 3 8 3 10 3 11 3 13 4 10 4 11 4 12 4 13 5 10 5 11 5 12 5 13 6 9 6 11 6 12 6 13 7 11 8 12 9 10
m14_846 14 31 0 6 0 7 0 8 0 10 1 7 1 8 1 9 1 13 2 7 2 9 2 12 2 13 3 8 3 10 3 11 3 13 4 10 4 11 4 12 4 13 5 10 5 11 5 12 5 13 6 9 6 12 6 13 7 11 8 12 9 10 9 11
m14_847 14 31 0 6 0 7 0 8 0 13 1 7 1 8 1 9 1 13 2 7 2 9 2 12 2 13 3 8 3 10 3 11 3 13 4 10 4 11 4 12 4 13 5 10 5 11 5 12 5 13 6 9 6 11 6 12 7 10 7 11 8 12 9 10
m14_848 14 32 0 6 0 7 0 8 0 13 1 7 1 8 1 9 1 12 1 13 2 7 2 9 2 11 2 12 2 13 3 8 3 10 3 12 3 13 4 10 4 11 4 12 4 13 5 10 5 11 5 12 5 13 6 9 6 11 6 12 7 10 8 11 9 10
m14_849 14 31 0 6 0 7 0 8 0 10 1 7 1 8 1 10 1 13 2 7 2 9 2 12 2 13 3 8 3 9 3 11 3 13 4 10 4 11 4 12 4 13 5 10 5 11 5 12 5 13 6 9 6 11 6 12 6 13 7 11 8 12 9 10
m14_850 14 31 0 6 0 7 0 8 0 12 0 13 1 7 1 8 1 9 1 13 2 7 2 11 2 12 2 13 3 8 3 10 3 12 3 13 4 9 4 10 4 11 4 13 5 10 5 11 5 12 5 13 6 9 6 10 6 11 7 10 8 11 9 12
m14_851 14 34 0 6 0 7 0 8 0 13 1 7 1 8 1 12 1 13 2 7 2 11 2 12 2 13 3 8 3 9 3 10 3 12 3 13 4 9 4 10 4 11 4 12 4 13 5 9 5 10 5 11 5 12 5 13 6 9 6 10 6 11 6 12 7 9 7 10 8 11
m14_852 14 35 0 6 0 7 0 8 0 11 0 12 1 7 1 8 1 11 1 12 1 13 2 7 2 10 2 11 2 12 2 13 3 8 3 9 3 11 3 12 3 13 4 9 4 10 4 11 4 12 4 13 5 9 5 10 5 11 5 12 5 13 6 9 6 10 6 13 7 9 8 10
m14_853 14 35 0 6 0 7 0 8 0 11 1 7 1 8 1 11 1 12 1 13 2 7 2 10 2 11 2 12 2 13 3 8 3 9 3 11 3 12 3 13 4 9 4 10 4 11 4 12 4 13 5 9 5 10 5 11 5 12 5 13 6 9 6 10 6 12 6 13 7 9 8 10
m14_854 14 34 0 6 0 7 0 8 0 13 1 7 1 8 1 12 1 13 2 7 2 11 2 12 2 13 3 8 3 10 3 12 3 13 4 9 4 10 4 11 4 12 4 13 5 9 5 10 5 11 5 12 5 13 6 9 6 10 6 11 6 12 7 9 7 10 8 9 8 11
m14_855 14 33 0 6 0 7 0 8 0 9 0 12 1 7 1 8 1 9 1 10 1 12 2 7 2 8 2 9 2 10 2 12 3 8 3 9 3 10 3 11 3 12 4 11 4 12 4 13 5 11 5 12 5 13 6 10 6 11 7 11 7 13 8 13 9 13 10 13
m14_856 14 35 0 6 0 7 0 8 0 9 0 13 1 7 1 8 1 9 1 12 1 13 2 7 2 8 2 9 2 12 2 13 3 8 3 9 3 10 3 12 3 13 4 10 4 11 4 12 4 13 5 10 5 11 5 12 5 13 6 10 6 11 6 12 7 10 7 11 8 11 9 11
m14_857 14 33 0 6 0 7 0 8 0 12 1 7 1 8 1 9 1 10 1 12 2 7 2 8 2 9 2 10 2 12 3 8 3 9 3 10 3 11 3 12 4 11 4 12 4 13 5 11 5 12 5 13 6 9 6 10 6 11 7 11 7 13 8 13 9 13 10 13
m14_858 14 32 0 6 0 7 0 8 0 9 1 7 1 9 1 10 1 13 2 7 2 9 2 10 2 13 3 8 3 11 3 12 3 13 4 8 4 11 4 12 4 13 5 9 5 10 5 11 5 13 6 11 6 12 6 13 7 11 7 12 8 10 9 12 10 12
m14_859 14 32 0 6 0 7 0 8 0 9 0 13 1 7 1 9 1 12 1 13 2 7 2 9 2 12 2 13 3 8 3 10 3 11 3 13 4 8 4 10 4 11 4 13 5 9 5 11 5 12 5 13 6 10 6 11 6 12 7 10 7 11 8 12 9 10
m14_860 14 32 0 6 0 7 0 8 0 9 1 7 1 9 1 12 1 13 2 7 2 9 2 12 2 13 3 8 3 10 3 11 3 13 4 8 4 10 4 11 4 13 5 9 5 11 5 12 5 13 6 10 6 11 6 12 6 13 7 10 7 11 8 12 9 10
m14_861 14 31 0 6 0 7 0 8 0 12 0 13 1 7 1 9 1 11 1 13 2 7 2 11 2 12 2 13 3 8 3 9 3 10 3 13 4 8 4 10 4 12 4 13 5 10 5 11 5 12 5 13 6 9 6 10 6 11 7 10 8 11 9 12
m14_862 14 31 0 6 0 7 0 8 0 12 1 7 1 9 1 11 1 13 2 7 2 11 2 12 2 13 3 8 3 9 3 10 3 13 4 8 4 10 4 12 4 13 5 10 5 11 5 12 5 13 6 9 6 10 6 11 6 13 7 10 8 11 9 12
m14_863 14 32 0 6 0 7 0 8 0 13 1 7 1 10 1 12 1 13 2 7 2 10 2 12 2 13 3 8 3 9 3 11 3 13 4 8 4 9 4 11 4 13 5 9 5 11 5 12 5 13 6 10 6 11 6 12 7 9 7 11 8 10 8 12 9 10
m14_864 14 33 0 6 0 7 0 8 0 13 1 7 1 10 1 11 1 12 1 13 2 7 2 10 2 11 2 12 2 13 3 8 3 9 3 12 3 13 4 8 4 9 4 12 4 13 5 9 5 11 5 12 5 13 6 10 6 11 6 12 7 9 8 10 8 11 9 10
m14_865 14 32 0 6 0 7 0 8 0 10 0 13 1 7 1 10 1 12 1 13 2 7 2 10 2 12 2 13 3 8 3 9 3 11 3 13 4 8 4 10 4 11 4 13 5 9 5 11 5 12 5 13 6 9 6 11 6 12 7 9 7 11 8 12 9 10
m14_866 14 34 0 6 0 7 0 8 0 12 0 13 1 7 1 11 1 12 1 13 2 7 2 11 2 12 2 13 3 8 3 9 3 10 3 12 3 13 4 8 4 9 4 10 4 12 4 13 5 9 5 10 5 11 5 12 5 13 6 9 6 10 6 11 7 9 7 10 8 11
m14_867 14 34 0 6 0 7 0 8 0 13 1 7 1 11 1 12 1 13 2 7 2 11 2 12 2 13 3 8 3 9 3 10 3 12 3 13 4 8 4 9 4 10 4 12 4 13 5 9 5 10 5 11 5 12 5 13 6 9 6 10 6 11 6 12 7 9 7 10 8 11
m14_868 14 35 0 6 0 7 0 8 0 11 0 12 1 7 1 10 1 11 1 12 1 13 2 7 2 10 2 11 2 12 2 13 3 8 3 9 3 11 3 12 3 13 4 8 4 9 4 11 4 12 4 13 5 9 5 10 5 11 5 12 5 13 6 9 6 10 6 13 7 9 8 10
m14_869 14 35 0 6 0 7 0 8 0 11 1 7 1 10 1 11 1 12 1 13 2 7 2 10 2 11 2 12 2 13 3 8 3 9 3 11 3 12 3 13 4 8 4 9 4 11 4 12 4 13 5 9 5 10 5 11 5 12 5 13 6 9 6 10 6 12 6 13 7 9 8 10
m14_870 14 34 0 6 0 7 0 8 0 9 0 13 1 7 1 11 1 12 1 13 2 7 2 11 2 12 2 13 3 8 3 9 3 10 3 12 3 13 4 8 4 9 4 10 4 12 4 13 5 8 5 9 5 10 5 12 5 13 6 11 6 12 7 10 8 11 9 11 10 11
m14_871 14 34 0 6 0 7 0 8 0 9 1 7 1 11 1 12 1 13 2 7 2 11 2 12 2 13 3 8 3 9 3 10 3 12 3 13 4 8 4 9 4 10 4 12 4 13 5 8 5 9 5 10 5 12 5 13 6 11 6 12 6 13 7 10 8 11 9 11 10 11
m14_872 14 34 0 6 0 7 0 8 0 9 1 7 1 11 1 12 1 13 2 7 2 11 2 12 2 13 3 8 3 9 3 10 3 12 4 8 4 9 4 10 4 12 5 8 5 9 5 10 5 12 6 11 6 12 6 13 7 10 8 11 8 13 9 11 9 13 10 11 10 13
m14_873 14 34 0 6 0 7 0 8 0 9 1 7 1 12 1 13 2 7 2 12 2 13 3 8 3 9 3 10 3 11 3 12 4 8 4 9 4 10 4 11 4 12 5 8 5 9 5 10 5 11 5 12 6 10 6 11 6 12 7 10 7 11 8 13 9 13 10 13 11 13
m14_874 14 34 0 6 0 7 0 11 0 12 0 13 1 7 1 8 1 12 1 13 2 7 2 8 2 12 2 13 3 9 3 10 3 11 3 12 3 13 4 9 4 10 4 11 4 12 4 13 5 9 5 10 5 11 5 12 5 13 6 8 6 9 6 10 7 9 7 10 8 11
m14_875 14 34 0 6 0 7 0 11 0 13 1 7 1 8 1 12 1 13 2 7 2 8 2 12 2 13 3 9 3 10 3 11 3 12 3 13 4 9 4 10 4 11 4 12 4 13 5 9 5 10 5 11 5 12 5 13 6 8 6 9 6 10 6 12 7 9 7 10 8 11
m14_876 14 33 0 6 0 7 0 11 0 12 0 13 1 7 1 8 1 13 2 7 2 8 2 13 3 9 3 10 3 11 3 12 3 13 4 9 4 10 4 11 4 12 4 13 5 9 5 10 5 11 5 12 5 13 6 8 6 9 6 10 7 9 7 10 8 11 8 12
m14_877 14 35 0 6 0 7 0 10 0 11 0 12 1 7 1 8 1 11 1 12 1 13 2 7 2 8 2 11 2 12 2 13 3 9 3 10 3 11 3 12 3 13 4 9 4 10 4 11 4 12 4 13 5 9 5 10 5 11 5 12 5 13 6 8 6 9 6 13 7 9 8 10
m14_878 14 35 0 6 0 7 0 11 0 12 0 13 1 7 1 8 1 11 1 12 1 13 2 7 2 8 2 11 2 12 2 13 3 9 3 10 3 11 3 12 3 13 4 9 4 10 4 11 4 12 4 13 5 9 5 10 5 11 5 12 5 13 6 8 6 9 7 9 7 10 8 10
m14_879 14 35 0 6 0 7 0 12 0 13 1 7 1 8 1 11 1 12 1 13 2 7 2 8 2 11 2 12 2 13 3 9 3 10 3 11 3 12 3 13 4 9 4 10 4 11 4 12 4 13 5 9 5 10 5 11 5 12 5 13 6 8 6 9 6 11 7 9 7 10 8 10
m14_880 14 35 0 6 0 7 0 13 1 7 1 8 1 11 1 12 1 13 2 7 2 8 2 11 2 12 2 13 3 9 3 10 3 11 3 12 3 13 4 9 4 10 4 11 4 12 4 13 5 9 5 10 5 11 5 12 5 13 6 8 6 9 6 11 6 12 7 9 7 10 8 10
m14_881 14 34 0 6 0 7 0 11 0 12 0 13 1 7 1 8 1 12 1 13 2 7 2 8 2 12 2 13 3 9 3 10 3 11 3 12 3 13 4 9 4 10 4 11 4 12 4 13 5 9 5 10 5 11 5 12 5 13 6 8 6 9 7 9 7 10 8 10 8 11
m14_882 14 34 0 6 0 7 0 11 0 12 1 7 1 8 1 12 1 13 2 7 2 8 2 12 2 13 3 9 3 10 3 11 3 12 3 13 4 9 4 10 4 11 4 12 4 13 5 9 5 10 5 11 5 12 5 13 6 8 6 9 6 13 7 9 7 10 8 10 8 11
m14_883 14 34 0 6 0 7 0 11 0 13 1 7 1 8 1 12 1 13 2 7 2 11 2 12 2 13 3 8 3 9 3 10 3 12 3 13 4 9 4 10 4 11 4 12 4 13 5 9 5 10 5 11 5 12 5 13 6 8 6 9 6 10 6 12 7 9 7 10 8 11
m14_884 14 35 0 6 0 7 0 10 0 11 0 12 1 7 1 8 1 11 1 12 1 13 2 7 2 10 2 11 2 12 2 13 3 8 3 9 3 11 3 12 3 13 4 9 4 10 4 11 4 12 4 13 5 9 5 10 5 11 5 12 5 13 6 8 6 9 6 13 7 9 8 10
m14_885 14 36 0 6 0 7 0 10 0 11 0 12 1 7 1 10 1 11 1 12 1 13 2 7 2 10 2 11 2 12 2 13 3 8 3 9 3 11 3 12 3 13 4 8 4 9 4 11 4 12 4 13 5 9 5 10 5 11 5 12 5 13 6 8 6 9 6 13 7 8 7 9 8 10
m14_886 14 39 0 6 0 7 0 10 0 11 0 12 0 13 1 7 1 9 1 10 1 11 1 12 1 13 2 7 2 9 2 10 2 11 2 12 2 13 3 8 3 9 3 10 3 11 3 12 3 13 4 8 4 9 4 10 4 11 4 12 4 13 5 8 5 9 5 10 5 11 5 12 5 13 6 8 6 9 7 8
m14_887 14 39 0 6 0 7 0 11 0 12 0 13 1 7 1 9 1 10 1 11 1 12 1 13 2 7 2 9 2 10 2 11 2 12 2 13 3 8 3 9 3 10 3 11 3 12 3 13 4 8 4 9 4 10 4 11 4 12 4 13 5 8 5 9 5 10 5 11 5 12 5 13 6 8 6 9 6 10 7 8
m14_888 14 39 0 6 0 7 0 11 0 12 1 7 1 9 1 10 1 11 1 12 1 13 2 7 2 9 2 10 2 11 2 12 2 13 3 8 3 9 3 10 3 11 3 12 3 13 4 8 4 9 4 10 4 11 4 12 4 13 5 8 5 9 5 10 5 11 5 12 5 13 6 8 6 9 6 10 6 13 7 8
m14_889 14 39 0 6 0 7 0 12 1 7 1 9 1 10 1 11 1 12 1 13 2 7 2 9 2 10 2 11 2 12 2 13 3 8 3 9 3 10 3 11 3 12 3 13 4 8 4 9 4 10 4 11 4 12 4 13 5 8 5 9 5 10 5 11 5 12 5 13 6 8 6 9 6 10 6 11 6 13 7 8
m14_890 14 38 0 6 0 7 0 12 1 7 1 10 1 11 1 12 1 13 2 7 2 10 2 11 2 12 2 13 3 8 3 9 3 10 3 11 3 12 3 13 4 8 4 9 4 10 4 11 4 12 4 13 5 8 5 9 5 10 5 11 5 12 5 13 6 8 6 9 6 10 6 11 6 13 7 8 7 9
m14_891 14 33 0 6 0 10 0 11 1 7 1 8 1 9 1 10 1 12 2 7 2 8 2 9 2 10 2 12 3 7 3 8 3 9 3 10 3 12 4 10 4 11 4 12 5 11 5 12 5 13 6 12 6 13 7 11 7 13 8 11 8 13 9 11 9 13 10 13
m14_892 14 34 0 6 0 10 0 11 1 7 1 8 1 9 1 10 1 12 2 7 2 8 2 9 2 10 2 12 3 7 3 8 3 9 3 10 3 12 4 10 4 11 4 12 4 13 5 10 5 11 5 12 5 13 6 12 6 13 7 11 7 13 8 11 8 13 9 11 9 13
m14_893 14 34 0 6 0 9 0 10 0 13 1 7 1 8 1 9 1 12 1 13 2 7 2 8 2 9 2 12 2 13 3 7 3 8 3 9 3 12 3 13 4 10 4 11 4 12 4 13 5 10 5 11 5 12 5 13 6 11 6 12 7 10 7 11 8 10 8 11 9 11
m14_894 14 34 0 6 0 9 0 10 1 7 1 8 1 9 1 12 1 13 2 7 2 8 2 9 2 12 2 13 3 7 3 8 3 9 3 12 3 13 4 10 4 11 4 12 4 13 5 10 5 11 5 12 5 13 6 11 6 12 6 13 7 10 7 11 8 10 8 11 9 11
m14_895 14 34 0 6 0 9 0 10 1 7 1 8 1 9 1 12 2 7 2 8 2 9 2 12 3 7 3 8 3 9 3 12 4 10 4 11 4 12 4 13 5 10 5 11 5 12 5 13 6 11 6 12 6 13 7 10 7 11 7 13 8 10 8 11 8 13 9 11 9 13
m14_896 14 34 0 6 0 9 0 10 0 11 1 7 1 8 1 10 1 11 1 12 2 7 2 8 2 10 2 11 2 12 3 7 3 8 3 10 3 11 3 12 4 9 4 10 4 11 4 12 5 9 5 12 5 13 6 12 6 13 7 9 7 13 8 9 8 13 10 13 11 13
m14_897 14 35 0 6 0 9 0 11 0 12 1 7 1 8 1 11 1 12 1 13 2 7 2 8 2 11 2 12 2 13 3 7 3 8 3 11 3 12 3 13 4 9 4 10 4 11 4 12 4 13 5 9 5 10 5 11 5 12 5 13 6 10 6 13 7 9 7 10 8 9 8 10
m14_898 14 33 0 6 0 8 0 9 0 11 1 7 1 8 1 9 1 10 1 12 2 7 2 8 2 9 2 10 2 12 3 7 3 8 3 9 3 10 3 12 4 11 4 12 4 13 5 11 5 12 5 13 6 10 6 12 6 13 7 11 7 13 8 13 9 13 10 11
m14_899 14 33 0 6 0 8 0 9 0 11 0 13 1 7 1 8 1 9 1 10 1 13 2 7 2 8 2 9 2 10 2 13 3 7 3 8 3 9 3 10 3 13 4 11 4 12 4 13 5 11 5 12 5 13 6 10 6 12 7 11 7 12 8 12 9 12 10 11
m14_900 14 35 0 6 0 8 0 9 0 10 0 11 1 7 1 9 1 10 1 11 1 12 2 7 2 9 2 10 2 11 2 12 3 7 3 9 3 10 3 11 3 12 4 8 4 9 4 10 4 11 4 12 5 8 5 12 5 13 6 12 6 13 7 8 7 13 9 13 10 13 11 13
m14_901 14 35 0 6 0 7 0 8 0 9 0 13 1 7 1 8 1 9 1 10 1 11 1 13 2 7 2 8 2 9 2 10 2 11 2 13 3 7 3 8 3 9 3 10 3 11 3 13 4 11 4 12 4 13 5 11 5 12 5 13 6 10 6 11 7 12 8 12 9 12 10 12
m14_902 14 37 0 6 0 7 0 8 0 9 0 12 0 13 1 7 1 8 1 9 1 11 1 12 1 13 2 7 2 8 2 9 2 11 2 12 2 13 3 7 3 8 3 9 3 11 3 12 3 13 4 10 4 11 4 12 4 13 5 10 5 11 5 12 5 13 6 10 6 11 7 10 8 10 9 10
m14_903 14 37 0 6 0 7 0 8 0 9 0 12 1 7 1 8 1 9 1 11 1 12 2 7 2 8 2 9 2 11 2 12 3 7 3 8 3 9 3 11 3 12 4 10 4 11 4 12 4 13 5 10 5 11 5 12 5 13 6 10 6 11 6 13 7 10 7 13 8 10 8 13 9 10 9 13
m14_904 14 35 0 6 0 7 0 8 0 12 1 7 1 8 1 9 1 10 1 12 1 13 2 7 2 8 2 9 2 10 2 12 2 13 3 7 3 8 3 9 3 10 3 12 3 13 4 11 4 12 4 13 5 11 5 12 5 13 6 9 6 10 6 13 7 11 8 11 9 11 10 11
m14_905 14 31 0 6 0 7 0 10 0 12 1 6 1 7 1 10 1 12 2 8 2 9 2 10 2 11 3 8 3 9 3 10 3 11 4 11 4 12 4 13 5 11 5 12 5 13 6 11 6 13 7 11 7 13 8 12 8 13 9 12 9 13 10 13
m14_906 14 31 0 6 0 7 0 10 0 12 1 6 1 7 1 10 1 12 2 8 2 9 2 10 2 11 3 8 3 9 3 10 3 11 4 10 4 11 4 12 5 11 5 12 5 13 6 11 6 13 7 11 7 13 8 12 8 13 9 12 9 13 10 13
m14_907 14 32 0 6 0 7 0 10 0 13 1 6 1 7 1 10 1 13 2 8 2 9 2 10 2 12 3 8 3 9 3 10 3 12 4 10 4 11 4 12 4 13 5 10 5 11 5 12 5 13 6 11 6 12 7 11 7 12 8 11 8 13 9 11 9 13
m14_908 14 32 0 6 0 7 0 9 0 12 0 13 1 6 1 7 1 9 1 12 1 13 2 8 2 9 2 10 2 13 3 8 3 9 3 10 3 13 4 11 4 12 4 13 5 11 5 12 5 13 6 10 6 11 7 10 7 11 8 11 8 12 9 11 10 12
m14_909 14 32 0 6 0 7 0 9 0 10 0 11 1 6 1 7 1 9 1 10 1 11 2 8 2 9 2 12 3 8 3 9 3 12 4 10 4 11 4 12 4 13 5 10 5 11 5 12 5 13 6 12 6 13 7 12 7 13 8 10 8 11 8 13 9 13
m14_910 14 33 0 6 0 7 0 9 0 10 0 12 1 6 1 7 1 9 1 10 1 12 2 8 2 9 2 12 2 13 3 8 3 9 3 12 3 13 4 10 4 11 4 12 4 13 5 10 5 11 5 12 5 13 6 11 6 13 7 11 7 13 8 10 8 11 9 11
m14_911 14 33 0 6 0 7 0 9 0 10 1 6 1 7 1 9 1 10 2 8 2 9 2 12 2 13 3 8 3 9 3 12 3 13 4 10 4 11 4 12 4 13 5 10 5 11 5 12 5 13 6 11 6 12 6 13 7 11 7 12 7 13 8 10 8 11 9 11
m14_912 14 28 0 6 0 7 0 10 0 13 1 6 1 7 1 10 1 13 2 8 2 12 2 13 3 8 3 12 3 13 4 9 4 11 4 13 5 9 5 11 5 13 6 11 6 12 7 11 7 12 8 10 8 11 9 10 9 12
m14_913 14 32 0 6 0 7 0 9 0 10 0 12 1 6 1 7 1 9 1 10 1 12 2 8 2 10 2 12 2 13 3 8 3 10 3 12 3 13 4 9 4 11 4 12 5 11 5 12 5 13 6 11 6 13 7 11 7 13 8 9 8 11 9 13 10 11
m14_914 14 32 0 6 0 7 0 9 0 10 0 12 1 6 1 7 1 9 1 10 1 12 2 8 2 12 2 13 3 8 3 12 3 13 4 9 4 10 4 11 4 12 5 10 5 11 5 12 5 13 6 11 6 13 7 11 7 13 8 9 8 10 8 11 9 13
m14_915 14 33 0 6 0 7 0 9 0 11 0 12 1 6 1 7 1 9 1 11 1 12 2 8 2 11 2 12 2 13 3 8 3 11 3 12 3 13 4 9 4 10 4 11 4 12 5 10 5 11 5 12 5 13 6 10 6 13 7 10 7 13 8 9 8 10 9 13
m14_916 14 33 0 6 0 7 0 9 0 11 1 6 1 7 1 9 1 11 2 8 2 11 2 12 2 13 3 8 3 11 3 12 3 13 4 9 4 10 4 11 4 12 5 10 5 11 5 12 5 13 6 10 6 12 6 13 7 10 7 12 7 13 8 9 8 10 9 13
m14_917 14 32 0 6 0 7 0 9 0 13 1 6 1 7 1 9 1 13 2 8 2 12 2 13 3 8 3 12 3 13 4 9 4 10 4 11 4 13 5 10 5 11 5 12 5 13 6 10 6 11 6 12 7 10 7 11 7 12 8 9 8 10 8 11 9 12
m14_918 14 33 0 6 0 7 0 9 0 10 0 11 1 6 1 7 1 9 1 10 1 11 2 8 2 10 2 11 2 12 3 8 3 10 3 11 3 12 4 9 4 10 4 11 4 12 5 9 5 12 5 13 6 12 6 13 7 12 7 13 8 9 8 13 10 13 11 13
m14_919 14 34 0 6 0 7 0 9 0 11 0 13 1 6 1 7 1 9 1 11 1 13 2 8 2 11 2 12 2 13 3 8 3 11 3 12 3 13 4 9 4 10 4 11 4 12 4 13 5 9 5 10 5 11 5 12 5 13 6 10 6 12 7 10 7 12 8 9 8 10
m14_920 14 33 0 6 0 7 0 9 0 11 0 12 1 6 1 7 1 9 1 11 1 12 2 8 2 12 2 13 3 8 3 12 3 13 4 9 4 10 4 11 4 12 4 13 5 9 5 10 5 11 5 12 5 13 6 10 6 13 7 10 7 13 8 9 8 10 8 11
m14_921 14 33 0 6 0 7 0 9 0 11 0 12 1 6 1 7 1 9 1 11 1 12 2 8 2 12 2 13 3 8 3 12 3 13 4 9 4 10 4 11 4 12 5 9 5 10 5 11 5 12 6 10 6 13 7 10 7 13 8 9 8 10 8 11 9 13 11 13
m14_922 14 36 0 6 0 7 0 8 0 9 0 10 0 13 1 6 1 7 1 8 1 9 1 10 1 13 2 8 2 9 2 10 2 12 2 13 3 8 3 9 3 10 3 12 3 13 4 10 4 11 4 12 4 13 5 10 5 11 5 12 5 13 6 11 6 12 7 11 7 12 8 11 9 11
m14_923 14 36 0 6 0 7 0 8 0 9 0 10 1 6 1 7 1 8 1 9 1 10 2 8 2 9 2 10 2 12 2 13 3 8 3 9 3 10 3 12 3 13 4 10 4 11 4 12 4 13 5 10 5 11 5 12 5 13 6 11 6 12 6 13 7 11 7 12 7 13 8 11 9 11
m14_924 14 34 0 6 0 7 0 8 0 9 0 12 1 6 1 7 1 8 1 9 1 12 2 8 2 9 2 12 2 13 3 8 3 11 3 12 3 13 4 9 4 10 4 12 4 13 5 10 5 11 5 12 5 13 6 10 6 11 6 13 7 10 7 11 7 13 8 10 9 11
m14_925 14 37 0 6 0 7 0 8 0 10 0 12 1 6 1 7 1 8 1 10 1 12 2 8 2 10 2 11 2 12 2 13 3 8 3 10 3 11 3 12 3 13 4 9 4 10 4 11 4 12 4 13 5 9 5 10 5 11 5 12 5 13 6 9 6 11 6 13 7 9 7 11 7 13 8 9
m14_926 14 32 0 6 0 7 0 10 0 12 1 6 1 7 1 10 1 12 2 8 2 9 2 12 2 13 3 8 3 9 3 12 3 13 4 8 4 9 4 12 4 13 5 10 5 11 5 12 5 13 6 11 6 13 7 11 7 13 8 10 8 11 9 10 9 11
m14_927 14 32 0 6 0 7 0 10 0 12 1 6 1 7 1 10 1 12 2 8 2 9 2 12 2 13 3 8 3 9 3 12 3 13 4 8 4 9 4 12 4 13 5 10 5 11 5 12 6 11 6 13 7 11 7 13 8 10 8 11 9 10 9 11 10 13
m14_928 14 33 0 6 0 7 0 9 0 10 0 11 1 6 1 7 1 9 1 10 1 11 2 8 2 10 2 11 2 12 3 8 3 10 3 11 3 12 4 8 4 10 4 11 4 12 5 9 5 12 5 13 6 12 6 13 7 12 7 13 8 9 8 13 10 13 11 13
m14_930 14 31 0 6 0 7 0 9 0 12 1 6 1 8 1 9 1 11 2 7 2 8 2 9 2 10 3 9 3 10 3 11 3 12 4 10 4 11 4 12 4 13 5 10 5 11 5 12 5 13 6 10 6 13 7 11 7 13 8 12 8 13 9 13
m14_931 14 33 0 6 0 7 0 11 0 12 0 13 1 6 1 8 1 10 1 12 1 13 2 7 2 8 2 9 2 12 2 13 3 9 3 10 3 11 3 12 3 13 4 9 4 10 4 11 4 12 4 13 5 9 5 10 5 11 5 12 5 13 6 9 7 10 8 11
m14_932 14 33 0 6 0 7 0 11 0 12 1 6 1 8 1 10 1 12 2 7 2 8 2 9 2 12 3 9 3 10 3 11 3 12 3 13 4 9 4 10 4 11 4 12 4 13 5 9 5 10 5 11 5 12 5 13 6 9 6 13 7 10 7 13 8 11 8 13
m14_933 14 32 0 6 0 7 0 11 0 13 1 6 1 8 1 10 1 13 2 7 2 8 2 9 2 12 2 13 3 9 3 10 3 11 3 12 3 13 4 9 4 10 4 11 4 12 4 13 5 9 5 10 5 11 5 12 5 13 6 9 6 12 7 10 8 11
m14_934 14 31 0 6 0 7 0 11 1 6 1 8 1 10 2 7 2 8 2 9 2 12 2 13 3 9 3 10 3 11 3 12 3 13 4 9 4 10 4 11 4 12 4 13 5 9 5 10 5 11 5 12 5 13 6 9 6 12 6 13 7 10 8 11
m14_935 14 35 0 6 0 7 0 8 0 11 0 13 1 6 1 8 1 10 1 11 1 13 2 7 2 8 2 9 2 11 2 13 3 9 3 10 3 11 3 12 3 13 4 9 4 10 4 11 4 12 4 13 5 9 5 10 5 11 5 12 5 13 6 9 6 12 7 10 7 12 8 12
m14_936 14 34 0 6 0 7 0 8 0 12 1 6 1 8 1 10 1 12 2 7 2 8 2 9 2 11 2 12 3 9 3 10 3 11 3 12 3 13 4 9 4 10 4 11 4 12 4 13 5 9 5 10 5 11 5 12 5 13 6 9 6 11 6 13 7 10 7 13 8 13
m14_937 14 31 0 6 0 7 0 9 0 11 1 6 1 8 1 9 1 10 2 7 2 9 2 11 2 12 3 8 3 9 3 10 3 12 4 10 4 11 4 12 4 13 5 10 5 11 5 12 5 13 6 12 6 13 7 10 7 13 8 11 8 13 9 13
m14_938 14 31 0 6 0 7 0 10 0 13 1 6 1 8 1 9 1 13 2 7 2 10 2 12 2 13 3 8 3 9 3 12 3 13 4 9 4 11 4 12 4 13 5 10 5 11 5 12 5 13 6 11 6 12 7 9 7 11 8 10 8 11 9 10
m14_939 14 31 0 6 0 7 0 11 0 13 1 6 1 8 1 10 1 13 2 7 2 11 2 12 2 13 3 8 3 10 3 12 3 13 4 9 4 10 4 11 4 12 5 10 5 11 5 12 5 13 6 9 6 12 7 9 7 10 8 9 8 11 9 13
m14_940 14 32 0 6 0 7 0 11 0 13 1 6 1 8 1 10 1 13 2 7 2 11 2 12 2 13 3 8 3 10 3 12 3 13 4 9 4 10 4 11 4 12 4 13 5 9 5 10 5 11 5 12 5 13 6 9 6 12 7 9 7 10 8 9 8 11
m14_941 14 34 0 6 0 7 0 8 0 9 0 12 1 6 1 8 1 9 1 11 1 12 2 7 2 8 2 9 2 10 2 12 3 8 3 9 3 10 3 11 3 12 4 10 4 11 4 12 4 13 5 10 5 11 5 12 5 13 6 10 6 13 7 11 7 13 8 13 9 13
m14_942 14 30 0 6 0 7 0 12 0 13 1 6 1 11 1 12 1 13 2 7 2 9 2 12 2 13 3 8 3 10 3 12 4 8 4 10 4 12 5 9 5 11 5 12 5 13 6 9 6 10 7 10 7 11 8 9 8 11 8 13 10 13
m14_943 14 30 0 6 0 7 0 11 0 13 1 6 1 10 1 11 1 13 2 7 2 9 2 11 2 13 3 8 3 12 3 13 4 8 4 12 4 13 5 9 5 10 5 11 5 12 5 13 6 9 6 12 7 10 7 12 8 9 8 10 8 11
m14_944 14 31 0 6 0 7 0 10 0 13 1 6 1 10 1 12 1 13 2 7 2 10 2 11 2 13 3 8 3 11 3 12 3 13 4 8 4 11 4 12 4 13 5 9 5 10 5 11 5 12 5 13 6 9 6 11 7 9 7 12 8 9 8 10
m14_945 14 31 0 6 0 7 0 10 0 13 1 6 1 10 1 12 1 13 2 7 2 10 2 11 2 13 3 8 3 11 3 12 3 13 4 8 4 11 4 12 4 13 5 9 5 10 5 11 5 12 6 9 6 11 7 9 7 12 8 9 8 10 9 13
m14_946 14 33 0 6 0 7 0 8 0 9 0 13 1 6 1 8 1 9 1 10 1 13 2 7 2 12 2 13 3 8 3 9 3 10 3 11 3 13 4 8 4 9 4 10 4 11 4 13 5 11 5 12 5 13 6 11 6 12 7 10 7 11 8 12 9 12 10 12
m14_947 14 32 0 6 0 7 0 9 0 12 1 6 1 9 1 11 1 12 2 7 2 8 2 9 2 10 2 12 3 8 3 10 3 12 3 13 4 10 4 11 4 12 4 13 5 10 5 11 5 12 5 13 6 8 6 10 6 13 7 11 7 13 8 11 9 13
m14_948 14 30 0 6 0 7 0 9 0 11 0 12 1 6 1 9 1 10 1 12 2 7 2 8 2 9 2 12 3 8 3 10 3 12 3 13 4 11 4 12 4 13 5 11 5 12 5 13 6 8 6 13 7 10 7 13 8 11 9 13 10 11
m14_949 14 32 0 6 0 7 0 9 0 11 0 12 1 6 1 9 1 10 1 11 1 12 2 7 2 8 2 9 2 12 3 8 3 10 3 12 3 13 4 10 4 11 4 12 4 13 5 10 5 11 5 12 5 13 6 8 6 13 7 10 7 13 8 11 9 13
m14_950 14 32 0 6 0 7 0 9 0 12 1 6 1 9 1 10 1 11 1 12 2 7 2 8 2 9 2 12 3 8 3 10 3 12 3 13 4 10 4 11 4 12 4 13 5 10 5 11 5 12 5 13 6 8 6 13 7 10 7 11 7 13 8 11 9 13
m14_951 14 32 0 6 0 7 0 9 0 10 0 12 1 6 1 9 1 10 1 11 1 12 2 7 2 8 2 9 2 12 3 8 3 12 3 13 4 10 4 11 4 12 4 13 5 10 5 11 5 12 5 13 6 8 6 13 7 11 7 13 8 10 8 11 9 13
m14_952 14 33 0 6 0 7 0 9 0 11 0 12 1 6 1 9 1 10 1 11 1 12 2 7 2 8 2 9 2 11 2 12 3 8 3 11 3 12 3 13 4 10 4 11 4 12 4 13 5 10 5 11 5 12 5 13 6 8 6 13 7 10 7 13 8 10 9 13
m14_953 14 32 0 6 0 7 0 9 0 12 1 6 1 9 1 10 1 11 1 12 2 7 2 8 2 9 2 12 3 8 3 12 3 13 4 10 4 11 4 12 4 13 5 10 5 11 5 12 5 13 6 8 6 13 7 10 7 11 7 13 8 10 8 11 9 13
m14_954 14 33 0 6 0 7 0 12 0 13 1 6 1 11 1 12 1 13 2 7 2 8 2 9 2 10 2 13 3 8 3 9 3 10 3 11 3 13 4 9 4 10 4 11 4 12 4 13 5 9 5 10 5 11 5 12 5 13 6 8 6 9 6 10 7 11 8 12
m14_955 14 33 0 6 0 7 0 13 1 6 1 11 1 12 1 13 2 7 2 8 2 9 2 10 2 13 3 8 3 9 3 10 3 12 3 13 4 9 4 10 4 11 4 12 4 13 5 9 5 10 5 11 5 12 5 13 6 8 6 9 6 10 7 11 7 12 8 11
m14_956 14 33 0 6 0 7 0 12 0 13 1 6 1 11 1 12 1 13 2 7 2 8 2 9 2 13 3 8 3 9 3 10 3 11 3 13 4 9 4 10 4 11 4 12 4 13 5 9 5 10 5 11 5 12 5 13 6 8 6 9 6 10 7 10 7 11 8 12
m14_957 14 34 0 6 0 7 0 12 0 13 1 6 1 11 1 12 1 13 2 7 2 8 2 9 2 12 2 13 3 8 3 9 3 10 3 12 3 13 4 9 4 10 4 11 4 12 4 13 5 9 5 10 5 11 5 12 5 13 6 8 6 9 6 10 7 10 7 11 8 11
m14_958 14 33 0 6 0 7 0 12 0 13 1 6 1 11 1 12 1 13 2 7 2 8 2 9 2 13 3 8 3 9 3 10 3 13 4 9 4 10 4 11 4 12 4 13 5 9 5 10 5 11 5 12 5 13 6 8 6 9 6 10 7 10 7 11 8 11 8 12
m14_959 14 34 0 6 0 7 0 10 0 12 0 13 1 6 1 10 1 11 1 12 1 13 2 7 2 8 2 9 2 12 2 13 3 8 3 9 3 11 3 12 3 13 4 9 4 10 4 11 4 12 4 13 5 9 5 10 5 11 5 12 5 13 6 8 6 9 7 11 8 10
m14_960 14 33 0 6 0 7 0 10 0 13 1 6 1 10 1 11 1 12 1 13 2 7 2 8 2 9 2 13 3 8 3 9 3 11 3 12 3 13 4 9 4 10 4 11 4 12 4 13 5 9 5 10 5 11 5 12 5 13 6 8 6 9 7 11 7 12 8 10
m14_961 14 31 0 6 0 7 0 12 0 13 1 6 1 9 1 13 2 7 2 8 2 11 2 13 3 8 3 9 3 10 3 11 3 13 4 10 4 11 4 12 4 13 5 10 5 11 5 12 5 13 6 8 6 10 6 11 7 9 7 10 8 12 9 12
m14_962 14 31 0 6 0 7 0 11 0 12 0 13 1 6 1 9 1 11 1 13 2 7 2 8 2 12 2 13 3 8 3 9 3 10 3 13 4 10 4 11 4 12 4 13 5 10 5 11 5 12 5 13 6 8 6 10 7 9 7 10 8 11 9 12
m14_963 14 31 0 6 0 7 0 12 0 13 1 6 1 9 1 11 1 13 2 7 2 8 2 12 2 13 3 8 3 9 3 10 3 13 4 10 4 11 4 12 4 13 5 10 5 11 5 12 5 13 6 8 6 10 7 9 7 10 7 11 8 11 9 12
m14_964 14 31 0 6 0 7 0 13 1 6 1 9 1 11 1 13 2 7 2 8 2 12 2 13 3 8 3 9 3 10 3 13 4 10 4 11 4 12 4 13 5 10 5 11 5 12 5 13 6 8 6 10 6 12 7 9 7 10 7 11 8 11 9 12
m14_965 14 32 0 6 0 7 0 11 0 12 0 13 1 6 1 9 1 12 1 13 2 7 2 8 2 12 2 13 3 8 3 9 3 10 3 12 3 13 4 10 4 11 4 12 4 13 5 10 5 11 5 12 5 13 6 8 6 10 7 9 7 10 8 11 9 11
m14_966 14 32 0 6 0 7 0 11 0 13 1 6 1 11 1 12 1 13 2 7 2 8 2 10 2 11 2 13 3 8 3 9 3 10 3 13 4 9 4 10 4 12 4 13 5 10 5 11 5 12 5 13 6 8 6 9 6 10 7 9 7 12 8 12 9 11
m14_967 14 32 0 6 0 7 0 12 0 13 1 6 1 11 1 12 1 13 2 7 2 8 2 12 2 13 3 8 3 9 3 10 3 13 4 9 4 10 4 11 4 13 5 10 5 11 5 12 5 13 6 8 6 9 6 10 7 9 7 10 7 11 8 11 9 12
m14_968 14 32 0 6 0 7 0 11 0 13 1 6 1 11 1 12 1 13 2 7 2 8 2 13 3 8 3 9 3 10 3 13 4 9 4 10 4 12 4 13 5 10 5 11 5 12 5 13 6 8 6 9 6 10 7 9 7 10 7 12 8 11 8 12 9 11
m14_969 14 33 0 6 0 7 0 12 0 13 1 6 1 10 1 11 1 12 1 13 2 7 2 8 2 13 3 8 3 9 3 10 3 11 3 13 4 9 4 10 4 11 4 12 4 13 5 9 5 10 5 11 5 12 5 13 6 8 6 9 7 9 7 10 7 11 8 12
m14_970 14 33 0 6 0 7 0 12 0 13 1 6 1 11 1 12 1 13 2 7 2 8 2 13 3 8 3 9 3 10 3 11 3 13 4 9 4 10 4 11 4 12 4 13 5 9 5 10 5 11 5 12 5 13 6 8 6 9 6 10 7 9 7 10 7 11 8 12
m14_971 14 34 0 6 0 7 0 12 0 13 1 6 1 11 1 12 1 13 2 7 2 8 2 12 2 13 3 8 3 9 3 10 3 12 3 13 4 9 4 10 4 11 4 12 4 13 5 9 5 10 5 11 5 12 5 13 6 8 6 9 6 10 7 9 7 10 7 11 8 11
m14_972 14 33 0 6 0 7 0 12 0 13 1 6 1 11 1 12 1 13 2 7 2 8 2 13 3 8 3 9 3 10 3 13 4 9 4 10 4 11 4 12 4 13 5 9 5 10 5 11 5 12 5 13 6 8 6 9 6 10 7 9 7 10 7 11 8 11 8 12
m14_973 14 34 0 6 0 7 0 10 0 12 0 13 1 6 1 10 1 11 1 12 1 13 2 7 2 8 2 12 2 13 3 8 3 9 3 11 3 12 3 13 4 9 4 10 4 11 4 12 4 13 5 9 5 10 5 11 5 12 5 13 6 8 6 9 7 9 7 11 8 10
m14_974 14 35 0 6 0 7 0 11 0 12 0 13 1 6 1 10 1 11 1 12 1 13 2 7 2 8 2 11 2 12 2 13 3 8 3 9 3 11 3 12 3 13 4 9 4 10 4 11 4 12 4 13 5 9 5 10 5 11 5 12 5 13 6 8 6 9 7 9 7 10 8 10
m14_975 14 34 0 6 0 7 0 12 0 13 1 6 1 10 1 11 1 12 1 13 2 7 2 8 2 12 2 13 3 8 3 9 3 11 3 12 3 13 4 9 4 10 4 11 4 12 4 13 5 9 5 10 5 11 5 12 5 13 6 8 6 9 7 9 7 10 7 11 8 10
m14_976 14 33 0 6 0 7 0 13 1 6 1 10 1 11 1 13 2 7 2 8 2 12 2 13 3 8 3 9 3 11 3 12 3 13 4 9 4 10 4 11 4 12 4 13 5 9 5 10 5 11 5 12 5 13 6 8 6 9 6 12 7 9 7 10 7 11 8 10
m14_977 14 33 0 6 0 7 0 10 0 12 1 6 1 12 1 13 2 7 2 8 2 9 2 10 2 12 3 8 3 9 3 10 3 11 3 12 4 8 4 9 4 10 4 11 4 12 5 11 5 12 5 13 6 8 6 9 6 11 7 11 7 13 8 13 9 13 10 13
m14_978 14 36 0 6 0 7 0 12 0 13 1 6 1 11 1 12 1 13 2 7 2 8 2 9 2 10 2 12 2 13 3 8 3 9 3 10 3 11 3 12 3 13 4 8 4 9 4 10 4 11 4 12 4 13 5 8 5 9 5 10 5 11 5 12 5 13 6 8 6 9 6 10 7 11
m14_979 14 37 0 6 0 7 0 11 0 12 0 13 1 6 1 10 1 11 1 12 1 13 2 7 2 8 2 9 2 11 2 12 2 13 3 8 3 9 3 10 3 11 3 12 3 13 4 8 4 9 4 10 4 11 4 12 4 13 5 8 5 9 5 10 5 11 5 12 5 13 6 8 6 9 7 10
m14_980 14 36 0 6 0 7 0 12 0 13 1 6 1 10 1 11 1 12 1 13 2 7 2 8 2 9 2 12 2 13 3 8 3 9 3 10 3 11 3 12 3 13 4 8 4 9 4 10 4 11 4 12 4 13 5 8 5 9 5 10 5 11 5 12 5 13 6 8 6 9 7 10 7 11
m14_981 14 38 0 6 0 7 0 10 0 11 0 12 0 13 1 6 1 9 1 10 1 11 1 12 1 13 2 7 2 8 2 10 2 11 2 12 2 13 3 8 3 9 3 10 3 11 3 12 3 13 4 8 4 9 4 10 4 11 4 12 4 13 5 8 5 9 5 10 5 11 5 12 5 13 6 8 7 9
m14_982 14 34 0 6 0 7 0 11 0 13 1 6 1 11 1 12 1 13 2 7 2 9 2 10 2 11 2 13 3 8 3 9 3 10 3 12 3 13 4 8 4 9 4 10 4 12 4 13 5 9 5 10 5 11 5 12 5 13 6 8 6 9 6 10 7 8 7 12 8 11
m14_983 14 34 0 6 0 7 0 11 0 13 1 6 1 11 1 12 1 13 2 7 2 10 2 11 2 13 3 8 3 9 3 10 3 12 3 13 4 8 4 9 4 10 4 12 4 13 5 9 5 10 5 11 5 12 5 13 6 8 6 9 6 10 7 8 7 9 7 12 8 11
m14_984 14 35 0 6 0 7 0 9 0 12 0 13 1 6 1 9 1 11 1 12 1 13 2 7 2 9 2 10 2 12 2 13 3 8 3 10 3 11 3 12 3 13 4 8 4 10 4 11 4 12 4 13 5 9 5 10 5 11 5 12 5 13 6 8 6 10 7 8 7 11 8 9
m14_985 14 36 0 6 0 7 0 12 0 13 1 6 1 11 1 12 1 13 2 7 2 9 2 10 2 12 2 13 3 8 3 9 3 10 3 11 3 12 3 13 4 8 4 9 4 10 4 11 4 12 4 13 5 8 5 9 5 10 5 11 5 12 5 13 6 8 6 9 6 10 7 8 7 11
m14_986 14 37 0 6 0 7 0 11 0 12 0 13 1 6 1 10 1 11 1 12 1 13 2 7 2 9 2 11 2 12 2 13 3 8 3 9 3 10 3 11 3 12 3 13 4 8 4 9 4 10 4 11 4 12 4 13 5 8 5 9 5 10 5 11 5 12 5 13 6 8 6 9 7 8 7 10
m14_987 14 36 0 6 0 7 0 12 0 13 1 6 1 11 1 12 1 13 2 7 2 10 2 12 2 13 3 8 3 9 3 10 3 11 3 12 3 13 4 8 4 9 4 10 4 11 4 12 4 13 5 8 5 9 5 10 5 11 5 12 5 13 6 8 6 9 6 10 7 8 7 9 7 11
m14_988 14 33 0 6 0 7 0 8 0 11 0 12 1 6 1 7 1 8 1 11 1 12 2 7 2 8 2 9 2 10 2 12 3 9 3 10 3 12 3 13 4 10 4 11 4 12 4 13 5 10 5 11 5 12 5 13 6 9 6 10 6 13 7 13 8 13 9 11
m14_989 14 34 0 6 0 7 0 8 0 10 0 11 0 13 1 6 1 7 1 8 1 10 1 11 1 13 2 7 2 8 2 9 2 11 2 13 3 9 3 11 3 12 3 13 4 10 4 11 4 12 4 13 5 10 5 11 5 12 5 13 6 9 6 12 7 12 8 12 9 10
m14_990 14 34 0 6 0 7 0 8 0 10 0 11 1 6 1 7 1 8 1 10 1 11 2 7 2 8 2 9 2 11 3 9 3 11 3 12 3 13 4 10 4 11 4 12 4 13 5 10 5 11 5 12 5 13 6 9 6 12 6 13 7 12 7 13 8 12 8 13 9 10
m14_991 14 33 0 6 0 7 0 8 0 10 0 12 1 6 1 7 1 8 1 10 1 12 2 7 2 8 2 9 2 12 3 9 3 12 3 13 4 10 4 11 4 12 4 13 5 10 5 11 5 12 5 13 6 9 6 13 7 11 7 13 8 11 8 13 9 10 9 11
m14_992 14 37 0 6 0 7 0 8 0 10 0 11 0 13 1 6 1 7 1 8 1 10 1 11 1 13 2 7 2 8 2 9 2 10 2 11 2 13 3 9 3 10 3 11 3 12 3 13 4 9 4 10 4 11 4 12 4 13 5 9 5 10 5 11 5 12 5 13 6 9 6 12 7 12 8 12
m14_993 14 37 0 6 0 7 0 8 0 10 0 11 1 6 1 7 1 8 1 10 1 11 2 7 2 8 2 9 2 10 2 11 3 9 3 10 3 11 3 12 3 13 4 9 4 10 4 11 4 12 4 13 5 9 5 10 5 11 5 12 5 13 6 9 6 12 6 13 7 12 7 13 8 12 8 13
m14_994 14 35 0 6 0 7 0 8 0 12 1 6 1 7 1 8 1 12 2 7 2 8 2 9 2 10 2 11 2 12 3 9 3 10 3 11 3 12 3 13 4 9 4 10 4 11 4 12 4 13 5 9 5 10 5 11 5 12 5 13 6 9 6 10 6 11 6 13 7 13 8 13
m14_995 14 32 0 6 0 7 0 8 0 12 0 13 1 6 1 7 1 8 1 12 1 13 2 7 2 9 2 11 2 13 3 8 3 9 3 10 3 13 4 10 4 11 4 12 4 13 5 10 5 11 5 12 5 13 6 9 6 10 6 11 7 10 8 11 9 12
m14_996 14 31 0 6 0 7 0 8 0 12 1 6 1 7 1 8 1 12 2 7 2 9 2 11 3 8 3 9 3 10 4 10 4 11 4 12 4 13 5 10 5 11 5 12 5 13 6 9 6 10 6 11 7 10 7 13 8 11 8 13 9 12 9 13
m14_997 14 32 0 6 0 7 0 8 0 13 1 6 1 7 1 8 1 13 2 7 2 9 2 12 2 13 3 8 3 9 3 11 3 13 4 10 4 11 4 12 4 13 5 10 5 11 5 12 5 13 6 9 6 11 6 12 7 10 7 11 8 10 8 12 9 10
m14_998 14 35 0 6 0 7 0 8 0 12 0 13 1 6 1 7 1 8 1 12 1 13 2 7 2 11 2 12 2 13 3 8 3 9 3 10 3 12 3 13 4 9 4 10 4 11 4 12 4 13 5 9 5 10 5 11 5 12 5 13 6 9 6 10 6 11 7 9 7 10 8 11
m14_999 14 35 0 6 0 7 0 8 0 12 0 13 1 6 1 7 1 8 1 12 1 13 2 7 2 10 2 11 2 12 2 13 3 8 3 9 3 11 3 12 3 13 4 9 4 10 4 11 4 12 4 13 5 9 5 10 5 11 5 12 5 13 6 9 6 10 6 11 7 9 8 10
m14_1000 14 35 0 6 0 7 0 8 0 12 0 13 1 6 1 7 1 8 1 12 1 13 2 7 2 11 2 12 2 13 3 8 3 9 3 12 3 13 4 9 4 10 4 11 4 12 4 13 5 9 5 10 5 11 5 12 5 13 6 9 6 10 6 11 7 9 7 10 8 10 8 11
m14_1001 14 35 0 6 0 7 0 8 0 9 0 12 1 6 1 7 1 8 1 9 1 12 2 7 2 8 2 9 2 10 2 12 3 8 3 9 3 10 3 11 3 12 4 10 4 11 4 12 4 13 5 10 5 11 5 12 5 13 6 10 6 11 6 13 7 11 7 13 8 13 9 13
m14_1002 14 39 0 6 0 7 0 10 0 11 0 12 0 13 1 6 1 7 1 10 1 11 1 12 1 13 2 7 2 8 2 10 2 11 2 12 2 13 3 8 3 9 3 10 3 11 3 12 3 13 4 8 4 9 4 10 4 11 4 12 4 13 5 8 5 9 5 10 5 11 5 12 5 13 6 8 6 9 7 9
m14_1003 14 38 0 6 0 7 0 11 0 12 0 13 1 6 1 7 1 11 1 12 1 13 2 7 2 8 2 10 2 11 2 12 2 13 3 8 3 9 3 10 3 11 3 12 3 13 4 8 4 9 4 10 4 11 4 12 4 13 5 8 5 9 5 10 5 11 5 12 5 13 6 8 6 9 6 10 7 9
m14_1004 14 38 0 6 0 7 0 11 0 12 0 13 1 6 1 7 1 11 1 12 1 13 2 7 2 10 2 11 2 12 2 13 3 8 3 9 3 10 3 11 3 12 3 13 4 8 4 9 4 10 4 11 4 12 4 13 5 8 5 9 5 10 5 11 5 12 5 13 6 8 6 9 6 10 7 8 7 9
m14_1005 14 31 0 6 0 8 0 9 0 10 1 6 1 8 1 9 1 10 2 7 2 8 2 12 3 7 3 9 3 11 4 10 4 11 4 12 4 13 5 10 5 11 5 12 5 13 6 11 6 12 6 13 7 10 7 13 8 11 8 13 9 12 9 13
m14_1006 14 32 0 6 0 8 0 9 0 10 1 6 1 8 1 9 1 10 2 7 2 8 2 9 2 12 3 7 3 9 3 11 3 12 4 10 4 11 4 12 4 13 5 10 5 11 5 12 5 13 6 11 6 12 6 13 7 10 7 13 8 11 8 13 9 13
m14_1007 14 33 0 6 0 8 0 12 0 13 1 6 1 8 1 12 1 13 2 7 2 8 2 11 2 13 3 7 3 10 3 11 3 13 4 9 4 10 4 11 4 12 4 13 5 9 5 10 5 11 5 12 5 13 6 9 6 10 6 11 7 9 7 12 8 9 8 10
m14_1008 14 34 0 6 0 8 0 9 0 11 0 12 1 6 1 8 1 9 1 11 1 12 2 7 2 8 2 9 2 10 2 12 3 7 3 8 3 9 3 10 3 12 4 10 4 11 4 12 4 13 5 10 5 11 5 12 5 13 6 10 6 13 7 11 7 13 8 13 9 13
m14_1009 14 34 0 6 0 8 0 9 0 11 1 6 1 8 1 9 1 11 2 7 2 8 2 9 2 10 3 7 3 8 3 9 3 10 4 10 4 11 4 12 4 13 5 10 5 11 5 12 5 13 6 10 6 12 6 13 7 11 7 12 7 13 8 12 8 13 9 12 9 13
m14_1010 14 30 0 6 0 8 0 12 0 13 1 6 1 9 1 12 1 13 2 7 2 8 2 11 2 13 3 7 3 9 3 11 3 13 4 8 4 10 4 11 4 13 5 9 5 10 5 12 5 13 6 10 6 11 7 10 7 12 8 9 11 12
m14_1011 14 31 0 6 0 8 0 12 0 13 1 6 1 9 1 12 1 13 2 7 2 8 2 11 2 13 3 7 3 9 3 11 3 13 4 8 4 10 4 11 4 12 4 13 5 9 5 10 5 11 5 12 5 13 6 10 6 11 7 10 7 12 8 9
m14_1012 14 30 0 6 0 8 0 12 0 13 1 6 1 9 1 12 1 13 2 7 2 8 2 11 2 13 3 7 3 9 3 11 3 13 4 8 4 10 4 11 4 12 5 9 5 10 5 11 5 12 6 10 6 11 7 10 7 12 8 9 10 13
m14_1013 14 30 0 6 0 11 0 12 0 13 1 6 1 11 1 12 1 13 2 7 2 10 2 12 2 13 3 7 3 10 3 12 3 13 4 8 4 9 4 12 4 13 5 8 5 9 5 12 5 13 6 9 6 10 7 9 7 11 8 10 8 11
m14_1014 14 30 0 6 0 11 0 12 0 13 1 6 1 11 1 12 1 13 2 7 2 10 2 12 2 13 3 7 3 10 3 12 3 13 4 8 4 9 4 12 5 8 5 9 5 12 6 9 6 10 7 9 7 11 8 10 8 11 8 13 9 13
m14_1015 14 32 0 6 0 9 0 12 0 13 1 6 1 9 1 12 1 13 2 7 2 8 2 9 2 12 3 7 3 8 3 10 3 12 4 10 4 11 4 12 4 13 5 10 5 11 5 12 5 13 6 8 6 10 6 11 7 11 7 13 8 13 9 10 9 11
m14_1016 14 33 0 6 0 9 0 10 0 12 0 13 1 6 1 9 1 10 1 12 1 13 2 7 2 8 2 9 2 10 2 13 3 7 3 8 3 9 3 10 3 13 4 11 4 12 4 13 5 11 5 12 5 13 6 8 6 11 7 11 7 12 8 12 9 11 10 11
m14_1017 14 30 0 6 0 9 0 12 0 13 1 6 1 11 1 12 1 13 2 7 2 8 2 9 2 12 3 7 3 8 3 11 3 12 4 9 4 10 4 12 4 13 5 10 5 11 5 12 5 13 6 8 6 10 7 10 7 13 8 13 9 11
m14_1018 14 34 0 6 0 11 0 12 0 13 1 6 1 11 1 12 1 13 2 7 2 8 2 10 2 12 2 13 3 7 3 8 3 10 3 12 3 13 4 9 4 10 4 11 4 12 4 13 5 9 5 10 5 11 5 12 5 13 6 8 6 9 6 10 7 9 7 11 8 11
m14_1019 14 34 0 6 0 11 0 12 0 13 1 6 1 11 1 12 1 13 2 7 2 8 2 10 2 13 3 7 3 8 3 10 3 13 4 9 4 10 4 11 4 12 4 13 5 9 5 10 5 11 5 12 5 13 6 8 6 9 6 10 7 9 7 11 7 12 8 11 8 12
m14_1020 14 33 0 6 0 11 0 12 0 13 1 6 1 11 1 12 1 13 2 7 2 8 2 10 2 11 2 12 3 7 3 8 3 10 3 11 3 12 4 9 4 10 4 12 4 13 5 9 5 10 5 12 5 13 6 8 6 9 6 10 7 9 7 13 8 13 9 11
m14_1021 14 33 0 6 0 11 0 12 0 13 1 6 1 11 1 12 1 13 2 7 2 8 2 10 2 11 3 7 3 8 3 10 3 11 4 9 4 10 4 12 4 13 5 9 5 10 5 12 5 13 6 8 6 9 6 10 7 9 7 12 7 13 8 12 8 13 9 11
m14_1022 14 33 0 6 0 10 0 11 0 13 1 6 1 10 1 11 1 13 2 7 2 8 2 12 2 13 3 7 3 8 3 12 3 13 4 9 4 11 4 12 4 13 5 9 5 11 5 12 5 13 6 8 6 9 6 12 7 9 7 10 7 11 8 10 8 11 10 12
m14_1023 14 32 0 6 0 10 0 11 0 12 1 6 1 10 1 11 1 12 2 7 2 8 2 11 2 13 3 7 3 8 3 11 3 13 4 9 4 12 4 13 5 9 5 12 5 13 6 8 6 9 6 13 7 9 7 10 7 12 8 10 8 12 9 11 10 13
m14_1024 14 32 0 6 0 10 0 12 0 13 1 6 1 11 1 12 1 13 2 7 2 8 2 11 2 13 3 7 3 8 3 11 3 13 4 9 4 10 4 12 4 13 5 9 5 11 5 12 5 13 6 8 6 9 7 9 7 10 7 12 8 10 8 12 10 11
m14_1025 14 35 0 6 0 10 0 11 0 12 0 13 1 6 1 10 1 11 1 12 1 13 2 7 2 8 2 11 2 12 2 13 3 7 3 8 3 11 3 12 3 13 4 9 4 10 4 11 4 12 4 13 5 9 5 10 5 11 5 12 5 13 6 8 6 9 7 9 7 10 8 10
m14_1026 14 35 0 6 0 10 0 11 0 12 0 13 1 6 1 10 1 11 1 12 1 13 2 7 2 8 2 12 2 13 3 7 3 8 3 12 3 13 4 9 4 10 4 11 4 12 4 13 5 9 5 10 5 11 5 12 5 13 6 8 6 9 7 9 7 10 7 11 8 10 8 11
m14_1027 14 31 0 6 0 9 0 11 0 12 1 6 1 9 1 11 1 12 2 7 2 8 2 9 2 10 3 7 3 9 3 10 3 12 4 8 4 10 4 11 4 13 5 10 5 11 5 12 5 13 6 8 6 10 6 13 7 11 7 13 8 12 9 13
m14_1028 14 32 0 6 0 11 0 12 0 13 1 6 1 11 1 12 1 13 2 7 2 8 2 10 2 13 3 7 3 10 3 12 3 13 4 8 4 9 4 10 4 11 4 13 5 9 5 10 5 11 5 12 5 13 6 8 6 9 6 10 7 9 7 11 8 12
m14_1029 14 32 0 6 0 10 0 11 0 13 1 6 1 10 1 11 1 13 2 7 2 8 2 12 2 13 3 7 3 10 3 12 3 13 4 8 4 9 4 12 4 13 5 9 5 10 5 11 5 12 5 13 6 8 6 9 6 12 7 9 7 11 8 10 8 11
m14_1030 14 32 0 6 0 10 0 11 0 13 1 6 1 10 1 11 1 13 2 7 2 8 2 12 2 13 3 7 3 10 3 12 3 13 4 8 4 9 4 12 4 13 5 9 5 11 5 12 5 13 6 8 6 9 6 12 7 9 7 11 8 10 8 11 9 10
m14_1031 14 33 0 6 0 9 0 10 0 11 0 12 1 6 1 9 1 10 1 11 1 12 2 7 2 8 2 9 2 10 2 12 3 7 3 8 3 9 3 10 3 12 4 8 4 12 4 13 5 11 5 12 5 13 6 8 6 13 7 11 7 13 8 11 9 13 10 13
m14_1032 14 35 0 6 0 9 0 10 0 11 0 12 1 6 1 9 1 10 1 11 1 12 2 7 2 8 2 9 2 10 2 11 3 7 3 8 3 9 3 10 3 11 4 8 4 9 4 10 4 11 4 12 5 8 5 12 5 13 6 8 6 13 7 12 7 13 9 13 10 13 11 13
m14_1033 14 35 0 6 0 10 0 11 0 12 0 13 1 6 1 10 1 11 1 12 1 13 2 7 2 9 2 11 2 12 2 13 3 7 3 9 3 11 3 12 3 13 4 8 4 9 4 11 4 12 4 13 5 8 5 10 5 11 5 12 5 13 6 8 6 9 7 8 7 10 9 10
m14_1034 14 34 0 6 0 10 0 12 0 13 1 6 1 10 1 12 1 13 2 7 2 9 2 11 2 12 2 13 3 7 3 9 3 11 3 12 3 13 4 8 4 9 4 11 4 12 4 13 5 8 5 10 5 11 5 12 5 13 6 8 6 9 6 11 7 8 7 10 9 10
m14_1035 14 33 0 6 0 10 0 12 0 13 1 6 1 10 1 12 1 13 2 7 2 9 2 11 2 13 3 7 3 9 3 11 3 13 4 8 4 9 4 11 4 12 4 13 5 8 5 10 5 11 5 12 5 13 6 8 6 9 6 11 7 8 7 10 7 12 9 10
m14_1036 14 33 0 6 0 10 0 12 0 13 1 6 1 10 1 12 1 13 2 7 2 9 2 11 2 12 2 13 3 7 3 9 3 11 3 12 3 13 4 8 4 9 4 11 4 13 5 8 5 10 5 11 5 13 6 8 6 9 6 11 7 8 7 10 8 12 9 10
m14_1037 14 34 0 6 0 10 0 11 0 12 0 13 1 6 1 10 1 11 1 12 1 13 2 7 2 9 2 11 2 12 2 13 3 7 3 9 3 11 3 12 3 13 4 8 4 9 4 12 4 13 5 8 5 10 5 12 5 13 6 8 6 9 7 8 7 10 8 11 9 10
m14_1038 14 34 0 6 0 11 0 12 0 13 1 6 1 11 1 12 1 13 2 7 2 9 2 10 2 11 2 13 3 7 3 9 3 10 3 11 3 13 4 8 4 9 4 10 4 12 4 13 5 8 5 9 5 10 5 12 5 13 6 8 6 9 6 10 7 8 7 12 8 11
m14_1039 14 34 0 6 0 11 0 12 0 13 1 6 1 11 1 12 1 13 2 7 2 10 2 12 2 13 3 7 3 10 3 12 3 13 4 8 4 9 4 10 4 11 4 12 5 8 5 9 5 10 5 11 5 12 6 8 6 9 6 10 7 8 7 9 7 11 8 13 9 13
m14_1040 14 35 0 6 0 9 0 11 0 12 0 13 1 6 1 9 1 11 1 12 1 13 2 7 2 9 2 10 2 12 2 13 3 7 3 9 3 10 3 12 3 13 4 8 4 10 4 11 4 12 4 13 5 8 5 10 5 11 5 12 5 13 6 8 6 10 7 8 7 11 8 9
m14_1041 14 34 0 6 0 7 0 8 0 12 0 13 1 6 1 8 1 9 1 12 1 13 2 7 2 8 2 11 2 12 2 13 3 7 3 10 3 11 3 12 3 13 4 9 4 10 4 11 4 12 4 13 5 9 5 10 5 11 5 12 5 13 6 10 6 11 7 9 8 10
m14_1042 14 33 0 6 0 7 0 8 0 13 1 6 1 8 1 9 1 13 2 7 2 8 2 11 2 12 2 13 3 7 3 10 3 11 3 12 3 13 4 9 4 10 4 11 4 12 4 13 5 9 5 10 5 11 5 12 5 13 6 10 6 11 6 12 7 9 8 10
m14_1043 14 33 0 6 0 7 0 8 0 13 1 6 1 8 1 9 1 13 2 7 2 8 2 12 2 13 3 7 3 10 3 11 3 12 3 13 4 9 4 10 4 11 4 12 4 13 5 9 5 10 5 11 5 12 5 13 6 10 6 11 6 12 7 9 8 10 8 11
m14_1044 14 33 0 6 0 7 0 8 0 13 1 6 1 8 1 9 1 13 2 7 2 8 2 12 2 13 3 7 3 11 3 12 3 13 4 9 4 10 4 11 4 12 4 13 5 9 5 10 5 11 5 12 5 13 6 10 6 11 6 12 7 9 7 10 8 10 8 11
m14_1045 14 34 0 6 0 7 0 8 0 9 0 12 1 6 1 9 1 11 1 12 2 7 2 8 2 9 2 10 2 12 3 7 3 8 3 9 3 10 3 12 4 10 4 11 4 12 4 13 5 10 5 11 5 12 5 13 6 10 6 13 7 11 7 13 8 11 8 13 9 13
m14_1046 14 36 0 6 0 7 0 8 0 11 0 12 0 13 1 6 1 9 1 11 1 12 1 13 2 7 2 8 2 10 2 11 2 12 2 13 3 7 3 8 3 10 3 11 3 12 3 13 4 9 4 10 4 11 4 12 4 13 5 9 5 10 5 11 5 12 5 13 6 10 7 9 8 9
m14_1047 14 35 0 6 0 7 0 8 0 12 0 13 1 6 1 9 1 12 1 13 2 7 2 8 2 10 2 11 2 12 2 13 3 7 3 8 3 10 3 11 3 12 3 13 4 9 4 10 4 11 4 12 4 13 5 9 5 10 5 11 5 12 5 13 6 10 6 11 7 9 8 9
m14_1048 14 35 0 6 0 7 0 8 0 12 0 13 1 6 1 9 1 10 1 12 1 13 2 7 2 8 2 11 2 12 2 13 3 7 3 8 3 11 3 12 3 13 4 9 4 10 4 11 4 12 4 13 5 9 5 10 5 11 5 12 5 13 6 11 7 9 7 10 8 9 8 10
m14_1049 14 34 0 6 0 7 0 8 0 13 1 6 1 9 1 10 1 13 2 7 2 8 2 11 2 12 2 13 3 7 3 8 3 11 3 12 3 13 4 9 4 10 4 11 4 12 4 13 5 9 5 10 5 11 5 12 5 13 6 11 6 12 7 9 7 10 8 9 8 10
m14_1050 14 35 0 6 0 7 0 8 0 12 0 13 1 6 1 10 1 12 1 13 2 7 2 8 2 11 2 12 2 13 3 7 3 8 3 11 3 12 3 13 4 9 4 10 4 11 4 12 4 13 5 9 5 10 5 11 5 12 5 13 6 9 6 11 7 9 7 10 8 9 8 10
m14_1051 14 34 0 6 0 7 0 8 0 13 1 6 1 10 1 13 2 7 2 8 2 11 2 12 2 13 3 7 3 8 3 11 3 12 3 13 4 9 4 10 4 11 4 12 4 13 5 9 5 10 5 11 5 12 5 13 6 9 6 11 6 12 7 9 7 10 8 9 8 10
m14_1052 14 31 0 6 0 7 0 8 0 12 0 13 1 6 1 8 1 10 1 12 1 13 2 7 2 9 2 11 2 13 3 7 3 11 3 12 3 13 4 8 4 9 4 10 4 13 5 10 5 11 5 12 5 13 6 9 6 11 7 10 8 11 9 12
m14_1053 14 33 0 6 0 7 0 8 0 12 0 13 1 6 1 9 1 10 1 12 1 13 2 7 2 8 2 11 2 12 2 13 3 7 3 10 3 11 3 12 3 13 4 8 4 9 4 11 4 12 4 13 5 9 5 10 5 11 5 12 5 13 6 11 7 9 8 10
m14_1054 14 32 0 6 0 7 0 8 0 13 1 6 1 9 1 10 1 13 2 7 2 8 2 11 2 12 2 13 3 7 3 10 3 11 3 12 3 13 4 8 4 9 4 11 4 12 4 13 5 9 5 10 5 11 5 12 5 13 6 11 6 12 7 9 8 10
m14_1055 14 33 0 6 0 7 0 8 0 9 0 12 1 6 1 12 1 13 2 7 2 8 2 9 2 10 2 12 3 7 3 8 3 9 3 10 3 12 4 8 4 9 4 10 4 11 4 12 5 11 5 12 5 13 6 10 6 11 7 11 7 13 8 13 9 13 10 13
m14_1056 14 29 0 6 0 7 0 8 0 13 1 6 1 10 1 11 1 13 2 7 2 9 2 11 2 12 3 7 3 11 3 12 3 13 4 8 4 9 4 10 4 12 5 8 5 10 5 12 5 13 6 9 6 12 7 10 8 11 9 13
m14_1057 14 31 0 6 0 7 0 8 0 11 1 6 1 9 1 10 1 11 2 7 2 10 2 11 2 12 3 7 3 10 3 11 3 12 4 8 4 9 4 12 4 13 5 8 5 9 5 12 5 13 6 12 6 13 7 9 7 13 8 10 10 13 11 13
m14_1058 14 33 0 6 0 7 0 8 0 12 0 13 1 6 1 9 1 10 1 12 1 13 2 7 2 10 2 11 2 12 2 13 3 7 3 10 3 11 3 12 3 13 4 8 4 9 4 11 4 12 4 13 5 8 5 9 5 11 5 12 5 13 6 11 7 9 8 10
m14_1059 14 32 0 6 0 7 0 8 0 13 1 6 1 9 1 10 1 13 2 7 2 10 2 11 2 12 2 13 3 7 3 10 3 11 3 12 3 13 4 8 4 9 4 11 4 12 4 13 5 8 5 9 5 11 5 12 5 13 6 11 6 12 7 9 8 10
m14_1060 14 31 0 6 0 7 0 8 1 6 1 9 1 10 2 7 2 10 2 11 2 12 2 13 3 7 3 10 3 11 3 12 3 13 4 8 4 9 4 11 4 12 4 13 5 8 5 9 5 11 5 12 5 13 6 11 6 12 6 13 7 9 8 10
m14_1061 14 31 0 6 0 7 0 8 1 6 1 9 1 10 2 7 2 10 2 11 2 12 2 13 3 7 3 10 3 11 3 12 3 13 4 8 4 9 4 11 4 12 5 8 5 9 5 11 5 12 6 11 6 12 6 13 7 9 8 10 8 13 9 13
m14_1062 14 34 0 6 0 7 0 9 0 10 0 13 1 6 1 8 1 9 1 10 1 13 2 7 2 9 2 10 2 11 2 13 3 7 3 9 3 10 3 11 3 13 4 8 4 11 4 12 4 13 5 8 5 11 5 12 5 13 6 11 6 12 7 8 7 12 9 12 10 12
m14_1063 14 38 0 6 0 7 0 10 0 11 0 12 0 13 1 6 1 8 1 10 1 11 1 12 1 13 2 7 2 9 2 10 2 11 2 12 2 13 3 7 3 9 3 10 3 11 3 12 3 13 4 8 4 9 4 10 4 11 4 12 4 13 5 8 5 9 5 10 5 11 5 12 5 13 6 9 7 8
m14_1064 14 37 0 6 0 7 0 11 0 12 0 13 1 6 1 8 1 11 1 12 1 13 2 7 2 9 2 10 2 11 2 12 2 13 3 7 3 9 3 10 3 11 3 12 3 13 4 8 4 9 4 10 4 11 4 12 4 13 5 8 5 9 5 10 5 11 5 12 5 13 6 9 6 10 7 8
m14_1065 14 36 0 6 0 7 0 12 0 13 1 6 1 8 1 12 1 13 2 7 2 9 2 10 2 11 2 12 2 13 3 7 3 9 3 10 3 11 3 12 3 13 4 8 4 9 4 10 4 11 4 12 4 13 5 8 5 9 5 10 5 11 5 12 5 13 6 9 6 10 6 11 7 8
m14_1066 14 37 0 6 0 7 0 8 0 9 0 12 0 13 1 6 1 7 1 8 1 9 1 12 1 13 2 7 2 8 2 9 2 10 2 12 2 13 3 7 3 8 3 9 3 10 3 12 3 13 4 10 4 11 4 12 4 13 5 10 5 11 5 12 5 13 6 10 6 11 7 11 8 11 9 11
m14_1067 14 37 0 6 0 7 0 8 0 9 0 12 1 6 1 7 1 8 1 9 1 12 2 7 2 8 2 9 2 10 2 12 3 7 3 8 3 9 3 10 3 12 4 10 4 11 4 12 4 13 5 10 5 11 5 12 5 13 6 10 6 11 6 13 7 11 7 13 8 11 8 13 9 11 9 13
m14_1068 14 33 0 6 0 12 0 13 1 6 1 12 1 13 2 7 2 8 2 9 2 10 2 12 3 7 3 8 3 9 3 10 3 12 4 7 4 8 4 9 4 10 4 12 5 10 5 11 5 12 5 13 6 10 6 11 7 11 7 13 8 11 8 13 9 11 9 13
m14_1069 14 34 0 6 0 10 0 11 0 12 1 6 1 10 1 11 1 12 2 7 2 8 2 9 2 10 2 11 3 7 3 8 3 9 3 10 3 11 4 7 4 8 4 9 4 10 4 11 5 9 5 12 5 13 6 9 6 13 7 12 7 13 8 12 8 13 10 13 11 13
m14_1070 14 35 0 6 0 8 0 9 0 10 0 11 1 6 1 8 1 9 1 10 1 11 2 7 2 9 2 10 2 11 2 12 3 7 3 9 3 10 3 11 3 12 4 7 4 9 4 10 4 11 4 12 5 8 5 12 5 13 6 12 6 13 7 8 7 13 9 13 10 13 11 13
m14_1071 14 32 0 6 0 8 0 9 0 13 1 6 1 8 1 12 1 13 2 7 2 8 2 9 2 11 2 13 3 7 3 9 3 10 3 11 3 13 4 10 4 11 4 12 4 13 5 10 5 11 5 12 5 13 6 7 6 10 6 11 7 12 8 10 9 12
m14_1072 14 32 0 6 0 8 0 9 0 13 1 6 1 8 1 12 1 13 2 7 2 8 2 9 2 13 3 7 3 9 3 10 3 11 3 13 4 10 4 11 4 12 4 13 5 10 5 11 5 12 5 13 6 7 6 10 6 11 7 12 8 10 8 11 9 12
m14_1073 14 33 0 6 0 8 0 9 0 12 0 13 1 6 1 8 1 11 1 12 1 13 2 7 2 8 2 9 2 12 2 13 3 7 3 9 3 10 3 12 3 13 4 10 4 11 4 12 4 13 5 10 5 11 5 12 5 13 6 7 6 10 7 11 8 10 9 11
m14_1074 14 32 0 6 0 8 0 9 0 13 1 6 1 8 1 12 1 13 2 7 2 8 2 9 2 13 3 7 3 9 3 11 3 13 4 10 4 11 4 12 4 13 5 10 5 11 5 12 5 13 6 7 6 10 6 11 7 12 8 10 8 11 9 10 9 12
m14_1075 14 32 0 6 0 8 0 9 0 12 1 6 1 8 1 9 1 12 2 7 2 8 2 9 2 10 3 7 3 9 3 10 3 11 4 10 4 11 4 12 4 13 5 10 5 11 5 12 5 13 6 7 6 10 6 11 7 12 7 13 8 11 8 13 9 13
m14_1076 14 35 0 6 0 8 0 11 0 12 0 13 1 6 1 8 1 11 1 12 1 13 2 7 2 8 2 9 2 12 2 13 3 7 3 9 3 10 3 12 3 13 4 9 4 10 4 11 4 12 4 13 5 9 5 10 5 11 5 12 5 13 6 7 6 9 6 10 7 11 8 10
m14_1077 14 34 0 6 0 8 0 11 0 12 0 13 1 6 1 8 1 11 1 12 1 13 2 7 2 8 2 9 2 13 3 7 3 9 3 10 3 13 4 9 4 10 4 11 4 12 4 13 5 9 5 10 5 11 5 12 5 13 6 7 6 9 6 10 7 11 7 12 8 10
m14_1078 14 35 0 6 0 8 0 9 0 10 0 12 0 13 1 6 1 8 1 9 1 10 1 12 1 13 2 7 2 8 2 12 2 13 3 7 3 11 3 12 3 13 4 9 4 10 4 11 4 12 4 13 5 9 5 10 5 11 5 12 5 13 6 7 6 11 7 9 7 10 8 11
m14_1079 14 32 0 6 0 8 0 9 0 11 0 13 1 6 1 11 1 12 1 13 2 7 2 8 2 9 2 10 2 13 3 7 3 10 3 12 3 13 4 8 4 9 4 10 4 11 4 13 5 10 5 11 5 12 5 13 6 7 6 10 7 11 8 12 9 12
m14_1080 14 33 0 6 0 8 0 12 0 13 1 6 1 9 1 12 1 13 2 7 2 8 2 10 2 11 2 13 3 7 3 9 3 10 3 11 3 13 4 8 4 10 4 11 4 12 4 13 5 9 5 10 5 11 5 12 5 13 6 7 6 10 6 11 7 12 8 9
m14_1081 14 34 0 6 0 8 0 11 0 12 0 13 1 6 1 9 1 11 1 12 1 13 2 7 2 8 2 10 2 12 2 13 3 7 3 9 3 10 3 12 3 13 4 8 4 10 4 11 4 12 4 13 5 9 5 10 5 11 5 12 5 13 6 7 6 10 7 11 8 9
m14_1082 14 36 0 6 0 9 0 11 0 12 0 13 1 6 1 9 1 11 1 12 1 13 2 7 2 8 2 10 2 12 2 13 3 7 3 8 3 10 3 12 3 13 4 8 4 10 4 11 4 12 4 13 5 9 5 10 5 11 5 12 5 13 6 7 6 8 6 10 7 9 7 11 8 9
m14_1083 14 38 0 6 0 10 0 11 0 12 0 13 1 6 1 10 1 11 1 12 1 13 2 7 2 8 2 9 2 11 2 12 2 13 3 7 3 8 3 9 3 11 3 12 3 13 4 8 4 9 4 10 4 11 4 12 4 13 5 8 5 9 5 10 5 11 5 12 5 13 6 7 6 8 6 9 7 10
m14_1084 14 37 0 6 0 10 0 11 0 12 0 13 1 6 1 10 1 11 1 12 1 13 2 7 2 8 2 9 2 12 2 13 3 7 3 8 3 9 3 12 3 13 4 8 4 9 4 10 4 11 4 12 4 13 5 8 5 9 5 10 5 11 5 12 5 13 6 7 6 8 6 9 7 10 7 11
m14_1085 14 39 0 6 0 9 0 10 0 11 0 12 0 13 1 6 1 9 1 10 1 11 1 12 1 13 2 7 2 8 2 10 2 11 2 12 2 13 3 7 3 8 3 10 3 11 3 12 3 13 4 8 4 9 4 10 4 11 4 12 4 13 5 8 5 9 5 10 5 11 5 12 5 13 6 7 6 8 7 9
m14_1087 14 36 0 6 0 7 0 8 0 11 0 12 0 13 1 6 1 7 1 9 1 11 1 12 1 13 2 6 2 7 2 9 2 11 2 12 2 13 3 8 3 10 3 11 3 12 3 13 4 8 4 10 4 11 4 12 4 13 5 9 5 10 5 11 5 12 5 13 6 10 7 10 8 9
m14_1088 14 35 0 6 0 7 0 8 0 12 0 13 1 6 1 7 1 9 1 12 1 13 2 6 2 7 2 9 2 12 2 13 3 8 3 10 3 11 3 12 3 13 4 8 4 10 4 11 4 12 4 13 5 9 5 10 5 11 5 12 5 13 6 10 6 11 7 10 7 11 8 9
m14_1089 14 36 0 6 0 7 0 8 0 9 0 12 1 6 1 7 1 12 1 13 2 6 2 7 2 12 2 13 3 8 3 9 3 10 3 11 3 12 4 8 4 9 4 10 4 11 4 12 5 8 5 9 5 10 5 11 5 12 6 10 6 11 7 10 7 11 8 13 9 13 10 13 11 13
m14_1091 14 34 0 6 0 7 0 8 0 9 0 12 1 6 1 7 1 8 1 9 1 12 2 6 2 8 2 9 2 11 2 12 3 7 3 8 3 9 3 10 3 12 4 10 4 11 4 12 4 13 5 10 5 11 5 12 5 13 6 10 6 13 7 11 7 13 8 13 9 13
m14_1092 14 33 0 6 0 7 0 8 0 12 0 13 1 6 1 7 1 11 1 12 1 13 2 6 2 8 2 10 2 12 2 13 3 7 3 9 3 11 3 12 3 13 4 8 4 9 4 10 4 12 4 13 5 9 5 10 5 11 5 12 5 13 6 9 7 10 8 11
m14_1093 14 33 0 6 0 7 0 8 0 12 0 13 1 6 1 7 1 10 1 12 1 13 2 6 2 10 2 11 2 12 2 13 3 7 3 9 3 10 3 12 3 13 4 8 4 9 4 11 4 12 4 13 5 8 5 9 5 11 5 12 5 13 6 9 7 11 8 10
m14_1094 14 37 0 6 0 7 0 8 0 9 0 11 0 13 1 6 1 7 1 8 1 9 1 11 1 13 2 6 2 7 2 8 2 9 2 11 2 13 3 7 3 8 3 9 3 10 3 11 3 13 4 10 4 11 4 12 4 13 5 10 5 11 5 12 5 13 6 10 6 12 7 12 8 12 9 12
m14_1095 14 38 0 6 0 7 0 10 0 11 0 12 0 13 1 6 1 9 1 10 1 11 1 12 1 13 2 6 2 9 2 10 2 11 2 12 2 13 3 7 3 8 3 10 3 11 3 12 3 13 4 7 4 8 4 10 4 11 4 12 4 13 5 8 5 9 5 10 5 11 5 12 5 13 6 8 7 9
m14_1096 14 32 0 5 0 8 0 9 0 11 0 12 1 6 1 8 1 9 1 10 1 12 2 7 2 8 2 9 2 10 2 11 3 9 3 10 3 11 3 12 3 13 4 9 4 10 4 11 4 12 4 13 5 10 5 13 6 11 6 13 7 12 7 13 8 13
m14_1097 14 32 0 5 0 8 0 9 0 12 1 6 1 8 1 9 1 11 2 7 2 8 2 9 2 10 3 9 3 10 3 11 3 12 3 13 4 9 4 10 4 11 4 12 4 13 5 10 5 11 5 13 6 10 6 12 6 13 7 11 7 12 7 13 8 13
m14_1098 14 31 0 5 0 8 0 10 0 11 0 13 1 6 1 8 1 9 1 11 2 7 2 8 2 9 2 10 3 10 3 11 3 12 3 13 4 10 4 11 4 12 4 13 5 9 5 12 6 10 6 12 6 13 7 11 7 12 7 13 8 12 9 13
m14_1099 14 31 0 5 0 8 0 10 0 11 1 6 1 8 1 9 1 11 2 7 2 8 2 9 2 10 3 10 3 11 3 12 3 13 4 10 4 11 4 12 4 13 5 9 5 12 6 10 6 12 6 13 7 11 7 12 7 13 8 12 8 13 9 13
m14_1100 14 31 0 5 0 8 0 10 0 13 1 6 1 8 1 9 1 11 2 7 2 8 2 9 2 10 3 10 3 11 3 12 3 13 4 10 4 11 4 12 4 13 5 9 5 11 5 12 6 10 6 12 6 13 7 11 7 12 7 13 8 12 9 13
m14_1101 14 31 0 5 0 8 0 10 0 11 0 12 1 6 1 8 1 9 1 12 2 7 2 8 2 9 2 11 3 9 3 11 3 12 3 13 4 10 4 11 4 12 4 13 5 9 5 13 6 10 6 11 6 13 7 10 7 12 7 13 8 13 9 10
m14_1102 14 31 0 5 0 8 0 10 0 11 1 6 1 8 1 9 1 12 2 7 2 8 2 9 2 11 3 9 3 11 3 12 3 13 4 10 4 11 4 12 4 13 5 9 5 12 5 13 6 10 6 11 6 13 7 10 7 12 7 13 8 13 9 10
m14_1103 14 31 0 5 0 8 0 11 0 12 1 6 1 8 1 9 1 12 2 7 2 8 2 9 2 11 3 9 3 11 3 12 3 13 4 10 4 11 4 12 4 13 5 9 5 13 6 10 6 11 6 13 7 10 7 12 7 13 8 10 8 13 9 10
m14_1104 14 32 0 5 0 8 0 11 0 12 1 6 1 8 1 9 1 10 1 12 2 7 2 8 2 9 2 10 2 11 3 9 3 10 3 11 3 12 3 13 4 9 4 10 4 11 4 12 4 13 5 9 5 10 5 13 6 11 6 13 7 12 7 13 8 13
m14_1105 14 32 0 5 0 8 0 10 0 12 1 6 1 8 1 9 1 12 2 7 2 8 2 9 2 10 2 11 3 9 3 10 3 11 3 12 3 13 4 9 4 10 4 11 4 12 4 13 5 9 5 11 5 13 6 10 6 11 6 13 7 12 7 13 8 13
m14_1106 14 33 0 5 0 8 0 10 0 11 1 6 1 8 1 9 1 11 2 7 2 8 2 9 2 10 3 9 3 10 3 11 3 12 3 13 4 9 4 10 4 11 4 12 4 13 5 9 5 12 5 13 6 10 6 12 6 13 7 11 7 12 7 13 8 12 8 13
m14_1107 14 32 0 5 0 8 0 10 0 12 1 6 1 8 1 9 1 11 2 7 2 8 2 9 2 10 3 9 3 10 3 11 3 12 3 13 4 9 4 10 4 11 4 12 4 13 5 9 5 11 5 13 6 10 6 12 6 13 7 11 7 12 7 13 8 13
m14_1108 14 32 0 5 0 8 0 12 1 6 1 8 1 9 1 11 2 7 2 8 2 9 2 10 3 9 3 10 3 11 3 12 3 13 4 9 4 10 4 11 4 12 4 13 5 9 5 10 5 11 5 13 6 10 6 12 6 13 7 11 7 12 7 13 8 13
m14_1109 14 31 0 5 0 8 0 11 0 13 1 6 1 8 1 10 1 13 2 7 2 8 2 9 2 10 2 11 3 10 3 11 3 12 3 13 4 10 4 11 4 12 4 13 5 9 5 10 5 12 6 9 6 11 6 12 7 12 7 13 8 12 9 13
m14_1110 14 27 0 5 0 8 0 13 1 6 1 8 1 10 1 11 2 7 2 8 2 9 2 11 3 11 3 12 3 13 4 11 4 12 4 13 5 9 5 10 5 11 6 9 6 13 7 10 7 13 8 12 9 12 10 12
m14_1111 14 30 0 5 0 8 0 12 0 13 1 6 1 8 1 10 1 12 2 7 2 8 2 9 2 13 3 11 3 12 3 13 4 11 4 12 4 13 5 9 5 10 5 11 6 9 6 11 6 13 7 10 7 11 7 12 8 11 9 12 10 13
m14_1112 14 31 0 5 0 8 0 11 0 13 1 6 1 8 1 10 1 13 2 7 2 8 2 9 2 11 3 10 3 11 3 12 3 13 4 10 4 11 4 12 4 13 5 9 5 10 5 12 6 9 6 11 6 12 7 10 7 12 7 13 8 12 9 13
m14_1113 14 29 0 5 0 8 0 12 0 13 1 6 1 8 1 11 1 13 2 7 2 8 2 9 2 13 3 10 3 11 3 12 3 13 4 10 4 11 4 12 4 13 5 9 5 11 6 9 6 12 7 10 7 11 7 12 8 10 9 10
m14_1114 14 29 0 5 0 8 0 12 1 6 1 8 1 11 1 13 2 7 2 8 2 9 2 13 3 10 3 11 3 12 3 13 4 10 4 11 4 12 4 13 5 9 5 11 5 13 6 9 6 12 7 10 7 11 7 12 8 10 9 10
m14_1115 14 32 0 5 0 8 0 11 1 6 1 8 1 10 2 7 2 8 2 9 2 12 3 9 3 10 3 11 3 12 3 13 4 9 4 10 4 11 4 12 4 13 5 9 5 10 5 12 5 13 6 9 6 11 6 12 6 13 7 10 7 11 7 13 8 13
m14_1116 14 33 0 5 0 8 0 11 1 6 1 8 1 10 2 7 2 8 2 9 3 9 3 10 3 11 3 12 3 13 4 9 4 10 4 11 4 12 4 13 5 9 5 10 5 12 5 13 6 9 6 11 6 12 6 13 7 10 7 11 7 12 7 13 8 12 8 13
m14_1117 14 31 0 5 0 8 0 9 0 11 1 6 1 8 1 9 1 10 2 7 2 9 2 12 3 8 3 9 3 10 3 11 4 10 4 11 4 12 4 13 5 10 5 12 5 13 6 11 6 12 6 13 7 10 7 11 7 13 8 12 8 13 9 13
m14_1118 14 32 0 5 0 8 0 9 0 12 1 6 1 8 1 9 1 11 2 7 2 8 2 9 2 10 3 8 3 9 3 10 3 11 3 12 4 10 4 11 4 12 4 13 5 10 5 11 5 13 6 10 6 12 6 13 7 11 7 12 7 13 8 13 9 13
m14_1119 14 31 0 5 0 8 0 12 0 13 1 6 1 8 1 9 1 12 2 7 2 8 2 9 2 11 3 8 3 11 3 12 3 13 4 9 4 10 4 11 4 12 5 9 5 10 5 11 6 10 6 11 6 13 7 10 7 12 7 13 8 10 9 13
m14_1120 14 31 0 5 0 8 0 12 0 13 1 6 1 8 1 11 1 13 2 7 2 8 2 9 2 11 3 8 3 11 3 12 3 13 4 9 4 10 4 11 4 12 5 9 5 10 5 11 6 9 6 10 6 12 7 10 7 12 7 13 8 10 9 13
m14_1121 14 32 0 5 0 8 0 11 0 12 0 13 1 6 1 8 1 10 1 12 1 13 2 7 2 8 2 10 2 11 2 13 3 8 3 10 3 11 3 12 3 13 4 9 4 10 4 11 4 12 4 13 5 9 5 10 6 9 6 11 7 9 7 12 8 9
m14_1122 14 28 0 5 0 9 0 12 0 13 1 6 1 9 1 11 1 13 2 7 2 9 2 11 2 12 3 8 3 11 3 12 3 13 4 8 4 11 4 12 4 13 5 10 5 11 6 10 6 12 7 10 7 13 8 9 8 10
m14_1123 14 33 0 5 0 7 0 8 0 9 0 10 1 6 1 8 1 9 1 11 1 12 2 7 2 8 2 9 2 10 2 11 3 9 3 10 3 11 3 12 3 13 4 9 4 10 4 11 4 12 4 13 5 11 5 12 5 13 6 10 6 13 7 12 7 13 8 13
m14_1124 14 33 0 5 0 7 0 8 0 9 0 10 1 6 1 8 1 9 1 12 2 7 2 8 2 9 2 10 2 11 3 9 3 10 3 11 3 12 3 13 4 9 4 10 4 11 4 12 4 13 5 11 5 12 5 13 6 10 6 11 6 13 7 12 7 13 8 13
m14_1125 14 32 0 5 0 7 0 8 0 12 1 6 1 8 1 9 1 11 2 7 2 8 2 9 2 12 3 9 3 11 3 12 3 13 4 10 4 11 4 12 4 13 5 9 5 11 5 13 6 10 6 12 6 13 7 10 7 11 7 13 8 10 8 13 9 10
m14_1126 14 33 0 5 0 7 0 8 0 11 1 6 1 8 1 9 1 10 1 12 2 7 2 8 2 9 2 10 2 11 3 9 3 10 3 11 3 12 3 13 4 9 4 10 4 11 4 12 4 13 5 9 5 10 5 12 5 13 6 11 6 13 7 12 7 13 8 13
m14_1127 14 33 0 5 0 7 0 8 0 10 1 6 1 8 1 9 1 12 2 7 2 8 2 9 2 10 2 11 3 9 3 10 3 11 3 12 3 13 4 9 4 10 4 11 4 12 4 13 5 9 5 11 5 12 5 13 6 10 6 11 6 13 7 12 7 13 8 13
m14_1128 14 32 0 5 0 7 0 8 0 9 0 10 1 6 1 8 1 11 1 12 2 7 2 8 2 9 2 10 2 11 3 9 3 10 3 11 3 13 4 10 4 11 4 12 4 13 5 11 5 12 5 13 6 9 6 10 6 13 7 12 7 13 8 13 9 12
m14_1129 14 33 0 5 0 7 0 8 0 9 0 10 1 6 1 8 1 11 1 12 2 7 2 8 2 9 2 10 2 11 3 9 3 10 3 11 3 12 3 13 4 9 4 10 4 11 4 12 4 13 5 11 5 12 5 13 6 9 6 10 6 13 7 12 7 13 8 13
m14_1130 14 33 0 5 0 7 0 8 0 9 0 10 1 6 1 8 1 12 2 7 2 8 2 9 2 10 2 11 3 9 3 10 3 11 3 12 3 13 4 9 4 10 4 11 4 12 4 13 5 11 5 12 5 13 6 9 6 10 6 11 6 13 7 12 7 13 8 13
m14_1131 14 33 0 5 0 7 0 8 0 9 1 6 1 8 1 12 2 7 2 8 2 9 2 10 2 11 3 9 3 10 3 11 3 12 3 13 4 9 4 10 4 11 4 12 4 13 5 10 5 11 5 12 5 13 6 9 6 10 6 11 6 13 7 12 7 13 8 13
m14_1132 14 31 0 5 0 7 0 8 0 10 1 6 1 8 1 11 1 12 2 7 2 8 2 9 2 10 2 11 3 10 3 11 3 12 3 13 4 10 4 11 4 12 4 13 5 9 5 11 5 13 6 9 6 10 6 13 7 12 7 13 8 13 9 12
m14_1133 14 31 0 5 0 7 0 8 0 10 1 6 1 8 1 11 1 12 2 7 2 8 2 9 2 10 3 10 3 11 3 12 3 13 4 10 4 11 4 12 4 13 5 9 5 12 5 13 6 9 6 10 6 13 7 11 7 12 7 13 8 13 9 11
m14_1134 14 31 0 5 0 7 0 8 0 10 0 11 1 6 1 8 1 10 1 12 2 7 2 8 2 9 2 11 3 10 3 11 3 12 3 13 4 10 4 11 4 12 4 13 5 9 5 12 5 13 6 9 6 11 6 13 7 12 7 13 8 13 9 10
m14_1135 14 31 0 5 0 7 0 8 0 11 1 6 1 8 1 12 2 7 2 8 2 9 2 11 3 10 3 11 3 12 3 13 4 10 4 11 4 12 4 13 5 9 5 12 5 13 6 9 6 11 6 13 7 10 7 12 7 13 8 10 8 13 9 10
m14_1136 14 31 0 5 0 7 0 8 0 10 1 6 1 8 1 9 1 11 2 7 2 8 2 10 2 11 2 12 3 9 3 10 3 11 3 13 4 10 4 11 4 12 4 13 5 11 5 12 5 13 6 10 6 12 6 13 7 9 7 13 8 13 9 12
m14_1137 14 31 0 5 0 7 0 8 0 10 1 6 1 8 1 9 1 11 2 7 2 8 2 10 2 11 3 9 3 10 3 11 3 13 4 10 4 11 4 12 4 13 5 11 5 12 5 13 6 10 6 12 6 13 7 9 7 13 8 12 8 13 9 12
m14_1138 14 34 0 5 0 7 0 8 0 11 1 6 1 8 1 9 1 10 2 7 2 8 2 10 2 11 3 9 3 10 3 11 3 12 3 13 4 9 4 10 4 11 4 12 4 13 5 9 5 10 5 12 5 13 6 11 6 12 6 13 7 9 7 12 7 13 8 12 8 13
m14_1139 14 33 0 5 0 7 0 8 0 12 1 6 1 8 1 9 1 10 1 11 2 7 2 8 2 10 2 12 3 9 3 10 3 11 3 12 3 13 4 9 4 10 4 11 4 12 4 13 5 9 5 10 5 11 5 13 6 12 6 13 7 9 7 11 7 13 8 13
m14_1140 14 34 0 5 0 7 0 8 0 10 1 6 1 8 1 9 2 7 2 8 2 10 2 11 3 9 3 10 3 11 3 12 3 13 4 9 4 10 4 11 4 12 4 13 5 9 5 11 5 12 5 13 6 10 6 11 6 12 6 13 7 9 7 12 7 13 8 12 8 13
m14_1141 14 33 0 5 0 7 0 8 0 11 1 6 1 8 1 9 1 10 2 7 2 8 2 11 2 12 3 9 3 10 3 11 3 12 3 13 4 9 4 10 4 11 4 12 4 13 5 9 5 10 5 12 5 13 6 11 6 12 6 13 7 9 7 10 7 13 8 13
m14_1142 14 31 0 5 0 7 0 9 0 11 1 6 1 8 1 9 1 10 2 7 2 9 2 11 2 12 3 8 3 9 3 10 3 12 4 10 4 11 4 12 4 13 5 10 5 12 5 13 6 11 6 12 6 13 7 10 7 13 8 11 8 13 9 13
m14_1143 14 30 0 5 0 7 0 8 0 12 1 6 1 8 1 9 1 10 2 7 2 9 2 11 2 12 3 8 3 10 3 12 3 13 4 10 4 11 4 12 4 13 5 9 5 10 5 11 6 11 6 12 6 13 7 10 7 13 8 11 9 13
m14_1144 14 31 0 5 0 7 0 8 0 11 1 6 1 8 1 9 1 12 2 7 2 9 2 10 2 11 3 8 3 9 3 11 3 12 4 10 4 11 4 12 4 13 5 9 5 10 5 12 6 10 6 11 6 13 7 12 7 13 8 10 8 13 9 13
m14_1145 14 31 0 5 0 7 0 8 0 9 1 6 1 8 1 11 1 13 2 7 2 9 2 10 2 11 3 8 3 11 3 12 3 13 4 9 4 10 4 11 4 12 5 11 5 12 5 13 6 9 6 10 6 12 7 12 7 13 8 10 9 13 10 13
m14_1146 14 31 0 5 0 7 0 8 0 11 1 6 1 8 1 9 1 10 2 7 2 10 2 11 2 13 3 8 3 9 3 10 3 11 4 9 4 10 4 11 4 12 5 10 5 12 5 13 6 11 6 12 6 13 7 9 7 12 8 12 8 13 9 13
m14_1147 14 31 0 5 0 7 0 8 0 10 0 13 1 6 1 8 1 9 1 10 2 7 2 10 2 12 2 13 3 8 3 9 3 10 3 11 4 10 4 11 4 12 4 13 5 9 5 11 5 12 6 11 6 12 6 13 7 9 7 11 8 12 9 13
m14_1148 14 33 0 5 0 7 0 8 0 10 0 13 1 6 1 8 1 11 1 12 1 13 2 7 2 8 2 10 2 12 2 13 3 8 3 10 3 11 3 12 3 13 4 9 4 10 4 11 4 12 4 13 5 9 5 11 5 12 6 9 6 10 7 9 7 11 8 9
m14_1149 14 29 0 5 0 7 0 9 0 11 1 6 1 9 1 12 1 13 2 7 2 9 2 11 2 13 3 8 3 11 3 12 3 13 4 8 4 11 4 12 4 13 5 10 5 12 5 13 6 10 6 11 7 10 7 12 8 9 8 10
m14_1150 14 30 0 5 0 7 0 10 0 12 1 6 1 8 1 10 1 13 2 7 2 8 2 9 2 10 3 10 3 11 3 12 3 13 4 10 4 11 4 12 4 13 5 8 5 9 5 11 6 9 6 11 6 12 7 11 7 13 8 12 9 13
m14_1151 14 31 0 5 0 7 0 8 0 11 0 13 1 6 1 7 1 8 1 9 2 7 2 9 2 10 2 11 3 8 3 11 3 12 3 13 4 9 4 10 4 11 4 12 5 9 5 10 5 12 6 11 6 12 6 13 7 12 8 10 9 13 10 13
m14_1152 14 33 0 5 0 7 0 8 0 11 0 13 1 6 1 7 1 8 1 9 1 13 2 7 2 9 2 11 2 12 2 13 3 8 3 9 3 10 3 11 3 13 4 9 4 10 4 11 4 12 4 13 5 9 5 10 5 12 6 10 6 11 6 12 7 10 8 12
m14_1153 14 33 0 5 0 7 0 8 0 11 1 6 1 7 1 8 1 9 2 7 2 9 2 11 2 12 2 13 3 8 3 9 3 10 3 11 3 13 4 9 4 10 4 11 4 12 4 13 5 9 5 10 5 12 5 13 6 10 6 11 6 12 6 13 7 10 8 12
m14_1154 14 34 0 5 0 7 0 8 0 10 1 6 1 7 1 8 1 9 2 7 2 8 2 9 2 10 2 11 3 8 3 9 3 10 3 11 3 12 4 9 4 10 4 11 4 12 4 13 5 9 5 11 5 12 5 13 6 10 6 11 6 12 6 13 7 12 7 13 8 13
m14_1155 14 33 0 5 0 7 0 10 0 11 0 13 1 6 1 7 1 8 1 12 1 13 2 7 2 8 2 11 2 12 2 13 3 9 3 10 3 11 3 12 3 13 4 9 4 10 4 11 4 12 4 13 5 8 5 9 5 12 6 9 6 10 6 11 7 9 8 10
m14_1156 14 33 0 5 0 7 0 10 0 11 1 6 1 7 1 8 1 12 1 13 2 7 2 8 2 11 2 12 2 13 3 9 3 10 3 11 3 12 3 13 4 9 4 10 4 11 4 12 4 13 5 8 5 9 5 12 5 13 6 9 6 10 6 11 7 9 8 10
m14_1157 14 33 0 5 0 7 0 10 0 11 0 13 1 6 1 7 1 8 1 12 2 7 2 8 2 11 2 12 2 13 3 9 3 10 3 11 3 12 3 13 4 9 4 10 4 11 4 12 4 13 5 8 5 9 5 12 6 9 6 10 6 11 6 13 7 9 8 10
m14_1158 14 33 0 5 0 7 0 10 0 11 1 6 1 7 1 8 1 12 2 7 2 8 2 11 2 12 2 13 3 9 3 10 3 11 3 12 3 13 4 9 4 10 4 11 4 12 4 13 5 8 5 9 5 12 5 13 6 9 6 10 6 11 6 13 7 9 8 10
m14_1159 14 33 0 5 0 7 0 10 0 11 0 13 1 6 1 7 1 8 1 12 2 7 2 8 2 11 2 12 3 9 3 10 3 11 3 12 3 13 4 9 4 10 4 11 4 12 4 13 5 8 5 9 5 12 6 9 6 10 6 11 6 13 7 9 8 10 8 13
m14_1160 14 33 0 5 0 7 0 11 0 12 0 13 1 6 1 7 1 8 1 11 2 7 2 8 2 11 2 12 2 13 3 9 3 10 3 11 3 12 3 13 4 9 4 10 4 11 4 12 4 13 5 8 5 10 6 9 6 10 6 12 6 13 7 9 7 10 8 9
m14_1161 14 33 0 5 0 7 0 11 0 12 0 13 1 6 1 7 1 8 1 11 2 7 2 8 2 11 2 12 3 9 3 10 3 11 3 12 3 13 4 9 4 10 4 11 4 12 4 13 5 8 5 10 6 9 6 10 6 12 6 13 7 9 7 10 8 9 8 13
m14_1162 14 33 0 5 0 7 0 12 1 6 1 7 1 8 1 11 1 13 2 7 2 8 2 11 2 12 2 13 3 9 3 10 3 11 3 12 3 13 4 9 4 10 4 11 4 12 4 13 5 8 5 10 5 11 5 13 6 9 6 10 6 12 7 9 7 10 8 9
m14_1163 14 33 0 5 0 7 0 12 1 6 1 7 1 8 1 11 2 7 2 8 2 11 2 12 2 13 3 9 3 10 3 11 3 12 3 13 4 9 4 10 4 11 4 12 4 13 5 8 5 10 5 11 5 13 6 9 6 10 6 12 6 13 7 9 7 10 8 9
m14_1164 14 33 0 5 0 7 0 9 0 11 1 6 1 7 1 8 1 9 1 13 2 7 2 9 2 11 2 12 2 13 3 8 3 9 3 10 3 12 3 13 4 9 4 10 4 11 4 12 4 13 5 8 5 10 5 12 5 13 6 10 6 11 6 12 7 10 8 11
m14_1165 14 33 0 5 0 7 0 9 0 11 0 13 1 6 1 7 1 8 1 9 2 7 2 9 2 11 2 12 2 13 3 8 3 9 3 10 3 12 3 13 4 9 4 10 4 11 4 12 4 13 5 8 5 10 5 12 6 10 6 11 6 12 6 13 7 10 8 11
m14_1166 14 33 0 5 0 7 0 9 0 11 1 6 1 7 1 8 1 9 2 7 2 9 2 11 2 12 3 8 3 9 3 10 3 12 3 13 4 9 4 10 4 11 4 12 4 13 5 8 5 10 5 12 5 13 6 10 6 11 6 12 6 13 7 10 7 13 8 11
m14_1167 14 33 0 5 0 7 0 9 0 11 0 13 1 6 1 7 1 8 1 9 2 7 2 9 2 11 2 12 2 13 3 8 3 9 3 10 3 12 4 9 4 10 4 11 4 12 4 13 5 8 5 10 5 12 6 10 6 11 6 12 6 13 7 10 8 11 8 13
m14_1168 14 33 0 5 0 7 0 10 0 12 0 13 1 6 1 7 1 10 1 11 1 13 2 7 2 8 2 11 2 12 2 13 3 9 3 10 3 11 3 12 3 13 4 9 4 10 4 11 4 12 4 13 5 8 5 9 5 11 6 8 6 9 6 12 7 9 8 10
m14_1169 14 33 0 5 0 7 0 10 0 12 1 6 1 7 1 10 1 11 1 13 2 7 2 8 2 11 2 12 2 13 3 9 3 10 3 11 3 12 3 13 4 9 4 10 4 11 4 12 4 13 5 8 5 9 5 11 5 13 6 8 6 9 6 12 7 9 8 10
m14_1170 14 33 0 5 0 7 0 10 0 12 1 6 1 7 1 10 1 11 2 7 2 8 2 11 2 12 3 9 3 10 3 11 3 12 3 13 4 9 4 10 4 11 4 12 4 13 5 8 5 9 5 11 5 13 6 8 6 9 6 12 6 13 7 9 7 13 8 10
m14_1171 14 31 0 5 0 7 0 10 0 12 1 6 1 7 1 9 1 12 2 7 2 9 2 10 2 12 3 8 3 9 3 10 3 11 4 11 4 12 4 13 5 8 5 9 5 11 6 8 6 10 6 11 7 11 7 13 8 12 8 13 9 13 10 13
m14_1172 14 31 0 5 0 8 0 9 0 11 1 6 1 8 1 9 1 10 2 7 2 8 2 10 2 11 3 7 3 10 3 11 3 13 4 9 4 10 4 11 4 12 5 10 5 12 5 13 6 11 6 12 6 13 7 9 7 12 8 12 8 13 9 13
m14_1173 14 30 0 5 0 8 0 10 0 13 1 6 1 8 1 9 1 12 2 7 2 8 2 12 2 13 3 7 3 11 3 12 3 13 4 9 4 10 4 11 4 12 5 9 5 11 5 12 6 10 6 11 6 13 7 9 7 10 8 11 9 13
m14_1174 14 31 0 5 0 9 0 11 0 12 1 6 1 9 1 10 1 12 2 7 2 8 2 9 2 10 2 11 3 7 3 8 3 9 3 10 3 11 4 10 4 11 4 12 4 13 5 10 5 13 6 11 6 13 7 12 7 13 8 12 8 13 9 13
m14_1175 14 31 0 5 0 9 0 11 1 6 1 9 1 10 2 7 2 8 2 9 2 12 3 7 3 8 3 9 3 12 4 10 4 11 4 12 4 13 5 10 5 12 5 13 6 11 6 12 6 13 7 10 7 11 7 13 8 10 8 11 8 13 9 13
m14_1176 14 31 0 5 0 8 0 9 0 10 1 6 1 9 1 12 1 13 2 7 2 8 2 10 2 12 3 7 3 8 3 10 3 12 4 9 4 11 4 12 4 13 5 11 5 12 5 13 6 10 6 11 7 9 7 11 7 13 8 11 8 13 10 13
m14_1177 14 28 0 5 0 9 0 13 1 6 1 9 1 12 2 7 2 8 2 12 2 13 3 7 3 11 3 12 3 13 4 8 4 10 4 12 4 13 5 10 5 11 5 12 6 10 6 11 6 13 7 9 7 10 8 9 8 11
m14_1178 14 30 0 5 0 8 0 11 0 12 1 6 1 8 1 9 1 11 2 7 2 9 2 11 2 13 3 7 3 11 3 12 3 13 4 10 4 11 4 12 4 13 5 9 5 10 5 13 6 10 6 12 6 13 7 8 7 10 8 13 9 12
m14_1179 14 29 0 5 0 8 0 13 1 6 1 8 1 9 1 11 2 7 2 9 2 11 2 13 3 7 3 11 3 12 3 13 4 10 4 11 4 12 4 13 5 9 5 10 5 11 6 10 6 12 6 13 7 8 7 10 8 12 9 12
m14_1180 14 32 0 5 0 8 0 10 0 12 1 6 1 8 1 10 1 11 2 7 2 10 2 11 2 12 2 13 3 7 3 10 3 11 3 12 3 13 4 9 4 10 4 11 4 12 4 13 5 9 5 11 5 13 6 9 6 12 6 13 7 8 7 9 8 13
m14_1181 14 32 0 5 0 8 0 12 1 6 1 8 1 10 1 11 2 7 2 10 2 11 2 12 2 13 3 7 3 10 3 11 3 12 3 13 4 9 4 10 4 11 4 12 4 13 5 9 5 10 5 11 5 13 6 9 6 12 6 13 7 8 7 9 8 13
m14_1182 14 33 0 5 0 8 0 11 1 6 1 8 1 10 2 7 2 10 2 11 2 12 2 13 3 7 3 10 3 11 3 12 3 13 4 9 4 10 4 11 4 12 4 13 5 9 5 10 5 12 5 13 6 9 6 11 6 12 6 13 7 8 7 9 8 12 8 13
m14_1183 14 31 0 5 0 8 0 12 0 13 1 6 1 8 1 11 1 13 2 7 2 11 2 12 2 13 3 7 3 11 3 12 3 13 4 9 4 10 4 11 4 12 5 9 5 10 5 11 6 9 6 10 6 12 7 8 7 9 8 10 9 13 10 13
m14_1184 14 32 0 5 0 8 0 10 0 12 1 6 1 8 1 10 1 11 2 7 2 10 2 11 2 12 2 13 3 7 3 10 3 11 3 12 3 13 4 9 4 11 4 12 4 13 5 9 5 11 5 13 6 9 6 12 6 13 7 8 7 9 8 13 9 10
m14_1185 14 31 0 5 0 8 0 10 0 12 1 6 1 8 1 9 1 10 2 7 2 10 2 11 2 12 3 7 3 10 3 11 3 12 4 8 4 9 4 12 4 13 5 9 5 11 5 13 6 11 6 12 6 13 7 8 7 9 7 13 8 11 10 13
m14_1186 14 31 0 5 0 8 0 10 0 11 1 6 1 8 1 9 1 10 2 7 2 10 2 11 2 12 3 7 3 10 3 11 3 12 4 8 4 9 4 12 4 13 5 9 5 12 5 13 6 11 6 12 6 13 7 8 7 9 7 13 9 11 10 13
m14_1187 14 31 0 5 0 8 0 12 0 13 1 6 1 8 1 10 1 11 2 7 2 10 2 11 2 12 3 7 3 10 3 11 3 12 4 8 4 9 4 12 4 13 5 9 5 10 5 11 6 9 6 12 6 13 7 8 7 9 7 13 10 13 11 13
m14_1188 14 31 0 5 0 8 0 11 0 12 0 13 1 6 1 8 1 10 1 12 2 7 2 10 2 11 2 12 3 7 3 10 3 11 3 12 4 8 4 9 4 11 4 12 4 13 5 9 5 10 6 9 6 11 6 13 7 8 7 9 7 13 10 13
m14_1189 14 31 0 5 0 8 0 11 0 13 1 6 1 8 1 10 1 12 2 7 2 10 2 11 2 12 3 7 3 10 3 11 3 12 4 8 4 9 4 11 4 12 4 13 5 9 5 10 5 12 6 9 6 11 6 13 7 8 7 9 7 13 10 13
m14_1190 14 31 0 5 0 8 0 11 0 12 0 13 1 6 1 8 1 10 2 7 2 10 2 11 2 12 3 7 3 10 3 11 3 12 4 8 4 9 4 11 4 12 4 13 5 9 5 10 6 9 6 11 6 12 6 13 7 8 7 9 7 13 10 13
m14_1191 14 31 0 5 0 8 0 12 0 13 1 6 1 8 1 10 2 7 2 10 2 11 2 12 3 7 3 10 3 11 3 12 4 8 4 9 4 12 4 13 5 9 5 10 5 11 6 9 6 11 6 12 6 13 7 8 7 9 7 13 8 11 10 13
m14_1192 14 32 0 5 0 8 0 12 1 6 1 8 1 11 1 13 2 7 2 10 2 11 2 12 2 13 3 7 3 10 3 11 3 12 3 13 4 8 4 9 4 11 4 12 4 13 5 9 5 10 5 11 5 13 6 9 6 10 6 12 7 8 7 9 8 10
m14_1193 14 32 0 5 0 8 0 12 1 6 1 8 1 11 2 7 2 10 2 11 2 12 2 13 3 7 3 10 3 11 3 12 3 13 4 8 4 9 4 11 4 12 4 13 5 9 5 10 5 11 5 13 6 9 6 10 6 12 6 13 7 8 7 9 8 10
m14_1194 14 31 0 5 0 7 0 8 0 12 1 6 1 8 1 9 1 10 2 7 2 8 2 10 2 12 3 7 3 10 3 11 3 12 4 9 4 11 4 12 4 13 5 9 5 10 5 11 6 11 6 12 6 13 7 9 7 13 8 11 8 13 10 13
m14_1195 14 32 0 5 0 7 0 8 0 11 1 6 1 8 1 9 1 12 2 7 2 8 2 11 2 12 3 7 3 10 3 11 3 12 4 9 4 10 4 11 4 12 4 13 5 9 5 10 5 12 5 13 6 10 6 11 6 13 7 9 7 13 8 10 8 13
m14_1196 14 31 0 5 0 7 0 8 0 9 1 6 1 8 1 11 1 13 2 7 2 9 2 11 2 12 3 7 3 9 3 11 3 12 4 8 4 10 4 11 4 13 5 10 5 11 5 12 5 13 6 9 6 10 6 12 7 10 7 13 8 12 9 13
m14_1197 14 31 0 5 0 7 0 8 0 12 1 6 1 8 1 11 1 13 2 7 2 9 2 11 2 12 3 7 3 9 3 11 3 12 4 8 4 10 4 11 4 12 4 13 5 10 5 11 5 13 6 9 6 10 6 12 7 10 7 13 8 9 9 13
m14_1198 14 31 0 5 0 7 0 8 0 11 1 6 1 8 1 12 1 13 2 7 2 9 2 11 2 12 3 7 3 9 3 11 3 12 4 8 4 10 4 12 4 13 5 10 5 12 5 13 6 9 6 10 6 11 7 10 7 13 8 9 9 13 11 13
m14_1199 14 33 0 5 0 7 0 9 0 10 1 6 1 8 1 9 2 7 2 9 2 10 2 11 2 12 3 7 3 9 3 10 3 11 3 12 4 8 4 10 4 11 4 12 4 13 5 8 5 11 5 12 5 13 6 10 6 11 6 12 6 13 7 8 7 13 9 13
m14_1200 14 31 0 5 0 6 0 8 0 9 1 6 1 7 1 12 1 13 2 7 2 8 2 10 2 12 3 8 3 9 3 10 3 12 4 9 4 10 4 11 4 12 5 11 5 12 5 13 6 10 6 11 7 9 7 11 8 11 8 13 9 13 10 13
m14_1201 14 31 0 5 0 6 0 8 0 9 1 6 1 7 1 10 1 12 2 7 2 8 2 11 2 12 3 8 3 9 3 11 3 12 3 13 4 9 4 10 4 11 4 12 4 13 5 10 5 11 5 12 5 13 6 11 6 13 7 9 7 13 8 10
m14_1202 14 29 0 5 0 6 0 9 0 10 1 6 1 7 1 9 1 12 2 7 2 9 2 12 2 13 3 8 3 10 3 12 3 13 4 8 4 10 4 12 4 13 5 11 5 12 5 13 6 11 6 13 7 10 7 11 8 9 8 11
m14_1203 14 33 0 5 0 6 0 9 0 10 0 13 1 6 1 7 1 8 1 9 1 13 2 7 2 8 2 9 2 11 2 13 3 9 3 10 3 11 3 12 3 13 4 9 4 10 4 11 4 12 4 13 5 8 5 11 5 12 6 11 6 12 7 10 7 12 8 10
m14_1204 14 33 0 5 0 6 0 9 0 10 1 6 1 7 1 8 1 9 2 7 2 8 2 9 2 11 2 13 3 9 3 10 3 11 3 12 3 13 4 9 4 10 4 11 4 12 4 13 5 8 5 11 5 12 5 13 6 11 6 12 6 13 7 10 7 12 8 10
m14_1205 14 32 0 5 0 6 0 11 0 12 0 13 1 6 1 7 1 8 1 11 2 7 2 8 2 9 2 11 3 9 3 10 3 11 3 12 4 10 4 11 4 12 4 13 5 8 5 9 5 10 6 9 6 10 7 10 7 12 7 13 8 12 8 13 9 13
m14_1206 14 32 0 5 0 6 0 12 0 13 1 6 1 7 1 8 1 12 2 7 2 8 2 9 2 12 3 9 3 10 3 11 3 12 4 10 4 11 4 12 4 13 5 8 5 9 5 10 6 9 6 10 6 11 7 10 7 11 7 13 8 11 8 13 9 13
m14_1207 14 33 0 5 0 6 0 8 0 9 0 13 1 6 1 7 1 9 1 11 1 13 2 7 2 9 2 11 2 12 2 13 3 8 3 9 3 11 3 12 3 13 4 8 4 10 4 11 4 12 4 13 5 10 5 11 5 12 6 10 6 12 7 8 7 10 9 10
m14_1208 14 33 0 5 0 6 0 8 0 9 1 6 1 7 1 9 1 11 1 13 2 7 2 9 2 11 2 12 2 13 3 8 3 9 3 11 3 12 3 13 4 8 4 10 4 11 4 12 4 13 5 10 5 11 5 12 5 13 6 10 6 12 7 8 7 10 9 10
m14_1209 14 32 0 5 0 6 0 8 0 11 0 13 1 6 1 7 1 9 1 11 2 7 2 9 2 10 2 11 3 8 3 9 3 10 3 11 3 12 4 8 4 11 4 12 4 13 5 9 5 10 5 12 6 10 6 12 7 8 7 12 7 13 9 13 10 13
m14_1210 14 35 0 5 0 6 0 7 0 8 0 9 1 6 1 7 1 8 1 9 1 10 2 7 2 8 2 9 2 10 2 11 3 8 3 9 3 10 3 11 3 12 4 9 4 10 4 11 4 12 4 13 5 10 5 11 5 12 5 13 6 11 6 12 6 13 7 12 7 13 8 13
m14_1211 14 34 0 5 0 6 0 7 0 9 1 6 1 7 1 8 1 9 1 10 2 7 2 8 2 9 2 10 2 11 3 9 3 10 3 11 3 12 3 13 4 9 4 10 4 11 4 12 4 13 5 8 5 10 5 11 5 13 6 11 6 12 6 13 7 12 7 13 8 12
m14_1212 14 32 0 5 0 6 0 8 0 12 0 13 1 6 1 10 1 12 1 13 2 7 2 8 2 9 2 12 3 7 3 8 3 9 3 12 4 10 4 11 4 12 4 13 5 9 5 10 5 11 6 9 6 11 7 10 7 11 7 13 8 10 8 11 9 13
m14_1213 14 31 0 5 0 6 0 8 0 9 1 6 1 9 1 10 1 11 2 7 2 8 2 10 2 12 3 7 3 8 3 10 3 12 4 9 4 11 4 12 4 13 5 10 5 11 5 12 6 12 6 13 7 9 7 11 7 13 8 11 8 13 10 13
m14_1214 14 32 0 5 0 6 0 8 0 9 1 6 1 9 1 10 1 12 2 7 2 8 2 11 2 12 3 7 3 8 3 11 3 12 4 9 4 10 4 11 4 12 4 13 5 10 5 11 5 12 5 13 6 11 6 13 7 9 7 10 7 13 8 10 8 13
m14_1215 14 31 0 5 0 6 0 11 0 13 1 6 1 8 1 10 1 11 2 7 2 8 2 9 2 11 3 7 3 8 3 9 3 11 4 10 4 11 4 12 4 13 5 9 5 10 5 12 6 9 6 12 7 10 7 12 7 13 8 12 8 13 9 13
m14_1216 14 33 0 5 0 6 0 8 0 9 1 6 1 8 1 9 1 10 1 11 2 7 2 9 2 10 2 11 2 13 3 7 3 9 3 10 3 11 3 13 4 8 4 10 4 11 4 12 5 10 5 11 5 12 5 13 6 12 6 13 7 8 7 12 8 13 9 12
m14_1217 14 32 0 5 0 6 0 8 0 9 1 6 1 8 1 9 1 10 1 11 2 7 2 9 2 11 2 12 3 7 3 9 3 11 3 12 4 8 4 10 4 11 4 12 4 13 5 10 5 11 5 12 5 13 6 12 6 13 7 8 7 10 7 13 9 13
m14_1218 14 32 0 5 0 6 0 8 0 9 1 6 1 8 1 9 1 10 1 11 2 7 2 9 2 11 2 12 3 7 3 9 3 11 3 12 4 8 4 10 4 11 4 13 5 10 5 11 5 12 5 13 6 12 6 13 7 8 7 10 7 13 8 12 9 13
m14_1219 14 32 0 5 0 6 0 8 0 9 1 6 1 8 1 9 1 10 2 7 2 9 2 11 2 12 3 7 3 9 3 11 3 12 4 8 4 10 4 11 4 12 4 13 5 10 5 11 5 12 5 13 6 11 6 12 6 13 7 8 7 10 7 13 9 13
m14_1220 14 33 0 5 0 6 0 8 0 12 0 13 1 6 1 8 1 11 1 12 1 13 2 7 2 10 2 11 2 12 2 13 3 7 3 10 3 11 3 12 3 13 4 8 4 9 4 11 4 12 4 13 5 9 5 10 5 11 6 9 6 10 7 8 7 9 8 10
m14_1221 14 33 0 5 0 6 0 8 0 12 1 6 1 8 1 11 1 12 1 13 2 7 2 10 2 11 2 12 2 13 3 7 3 10 3 11 3 12 3 13 4 8 4 9 4 11 4 12 4 13 5 9 5 10 5 11 5 13 6 9 6 10 7 8 7 9 8 10
m14_1222 14 33 0 5 0 6 0 8 0 12 1 6 1 8 1 11 1 12 2 7 2 10 2 11 2 12 2 13 3 7 3 10 3 11 3 12 3 13 4 8 4 9 4 11 4 12 4 13 5 9 5 10 5 11 5 13 6 9 6 10 6 13 7 8 7 9 8 10
m14_1223 14 33 0 5 0 6 0 8 0 12 0 13 1 6 1 8 1 11 1 12 1 13 2 7 2 10 2 11 2 12 2 13 3 7 3 10 3 11 3 12 3 13 4 8 4 9 4 11 4 12 5 9 5 10 5 11 6 9 6 10 7 8 7 9 8 10 9 13
m14_1224 14 32 0 5 0 8 0 9 0 12 1 6 1 7 1 9 1 10 2 6 2 7 2 9 2 10 3 8 3 9 3 11 3 12 4 10 4 11 4 12 4 13 5 10 5 11 5 13 6 11 6 12 6 13 7 11 7 12 7 13 8 10 8 13 9 13
m14_1225 14 34 0 5 0 8 0 11 1 6 1 7 1 8 1 9 1 10 2 6 2 7 2 8 2 9 2 10 3 8 3 9 3 10 3 11 3 12 4 9 4 10 4 11 4 12 4 13 5 9 5 10 5 12 5 13 6 11 6 12 6 13 7 11 7 12 7 13 8 13
m14_1226 14 29 0 5 0 10 0 11 1 6 1 7 1 10 1 13 2 6 2 7 2 10 2 13 3 8 3 9 3 10 3 12 4 8 4 9 4 10 4 12 5 12 5 13 6 11 6 12 7 11 7 12 8 11 8 13 9 11 9 13
m14_1227 14 30 0 5 0 9 0 12 1 6 1 7 1 9 1 11 1 13 2 6 2 7 2 9 2 11 2 13 3 8 3 11 3 12 3 13 4 8 4 11 4 12 4 13 5 10 5 11 5 13 6 10 6 12 7 10 7 12 8 9 8 10
m14_1228 14 31 0 5 0 9 0 12 1 6 1 7 1 9 1 11 2 6 2 7 2 9 2 11 3 8 3 11 3 12 3 13 4 8 4 11 4 12 4 13 5 10 5 11 5 13 6 10 6 12 6 13 7 10 7 12 7 13 8 9 8 10 9 13
m14_1229 14 34 0 5 0 7 0 11 0 12 1 6 1 7 1 8 1 12 1 13 2 6 2 7 2 8 2 12 2 13 3 9 3 10 3 11 3 12 3 13 4 9 4 10 4 11 4 12 4 13 5 8 5 9 5 10 5 13 6 9 6 10 6 11 7 9 7 10 8 11
m14_1230 14 34 0 5 0 7 0 8 0 9 1 6 1 7 1 9 1 10 1 11 2 6 2 7 2 9 2 10 2 11 3 8 3 9 3 10 3 11 3 12 4 8 4 10 4 11 4 12 4 13 5 10 5 11 5 12 5 13 6 8 6 12 6 13 7 12 7 13 9 13
m14_1231 14 31 0 5 0 8 0 9 0 10 1 6 1 7 1 8 1 12 2 6 2 8 2 10 2 12 3 7 3 9 3 12 3 13 4 9 4 10 4 11 4 12 4 13 5 11 5 12 5 13 6 9 6 11 6 13 7 10 7 11 8 11 8 13
m14_1232 14 31 0 5 0 8 0 9 0 10 1 6 1 7 1 8 1 12 2 6 2 8 2 10 2 12 3 7 3 9 3 12 3 13 4 9 4 10 4 11 4 12 5 11 5 12 5 13 6 9 6 11 6 13 7 10 7 11 8 11 8 13 10 13
m14_1233 14 30 0 5 0 8 0 9 0 11 1 6 1 7 1 8 1 13 2 6 2 8 2 9 2 10 2 13 3 7 3 11 3 12 3 13 4 9 4 10 4 11 4 12 4 13 5 10 5 12 5 13 6 11 6 12 7 9 7 10 8 12
m14_1234 14 28 0 5 0 9 0 11 0 12 1 6 1 7 1 12 1 13 2 6 2 8 2 11 2 13 3 7 3 9 3 12 3 13 4 8 4 9 4 11 4 13 5 10 5 13 6 9 6 10 7 10 7 11 8 10 8 12
m14_1235 14 31 0 5 0 8 0 11 0 13 1 6 1 7 1 10 1 11 2 6 2 10 2 11 2 12 3 7 3 8 3 9 3 10 3 11 4 9 4 11 4 12 4 13 5 9 5 10 5 12 6 8 6 9 6 13 7 12 7 13 8 12 10 13
m14_1236 14 31 0 5 0 8 0 10 0 13 1 6 1 7 1 11 1 13 2 6 2 10 2 11 2 12 2 13 3 7 3 8 3 9 3 11 3 13 4 9 4 10 4 11 4 12 4 13 5 9 5 11 5 12 6 8 6 9 7 10 7 12 8 12
m14_1237 14 30 0 5 0 8 0 11 0 12 1 6 1 7 1 12 1 13 2 6 2 9 2 11 2 12 3 7 3 10 3 12 3 13 4 8 4 10 4 11 4 12 5 9 5 10 5 13 6 8 6 10 7 9 7 11 8 9 8 13 11 13
m14_1238 14 31 0 5 0 8 0 10 0 11 1 6 1 7 1 10 1 12 2 6 2 10 2 11 2 12 3 7 3 8 3 9 3 10 3 12 4 8 4 9 4 11 4 12 4 13 5 9 5 12 5 13 6 8 6 9 6 13 7 11 7 13 10 13
m14_1239 14 31 0 5 0 8 0 10 0 11 1 6 1 7 1 11 1 12 2 6 2 10 2 11 2 12 3 7 3 9 3 11 3 12 4 8 4 9 4 10 4 12 4 13 5 9 5 12 5 13 6 8 6 9 6 13 7 8 7 10 7 13 11 13
m14_1240 14 31 0 5 0 8 0 11 1 6 1 7 1 11 1 12 2 6 2 10 2 11 2 12 3 7 3 9 3 11 3 12 4 8 4 9 4 10 4 12 4 13 5 9 5 10 5 12 5 13 6 8 6 9 6 13 7 8 7 10 7 13 11 13
m14_1241 14 32 0 5 0 8 0 12 0 13 1 6 1 7 1 11 1 12 1 13 2 6 2 10 2 11 2 12 2 13 3 7 3 9 3 11 3 12 3 13 4 8 4 9 4 10 4 12 4 13 5 9 5 10 5 11 6 8 6 9 7 8 7 10 8 11
m14_1242 14 32 0 5 0 8 0 12 1 6 1 7 1 11 1 12 1 13 2 6 2 10 2 11 2 12 2 13 3 7 3 9 3 11 3 12 3 13 4 8 4 9 4 10 4 12 4 13 5 9 5 10 5 11 5 13 6 8 6 9 7 8 7 10 8 11
m14_1243 14 32 0 5 0 7 0 11 0 12 0 13 1 6 1 7 1 8 1 11 1 13 2 6 2 8 2 9 2 11 2 13 3 7 3 10 3 11 3 12 3 13 4 9 4 10 4 11 4 12 4 13 5 8 5 9 5 10 6 10 6 12 7 9 8 12
m14_1244 14 32 0 5 0 7 0 11 0 12 1 6 1 7 1 8 1 11 1 13 2 6 2 8 2 9 2 11 2 13 3 7 3 10 3 11 3 12 3 13 4 9 4 10 4 11 4 12 4 13 5 8 5 9 5 10 5 13 6 10 6 12 7 9 8 12
m14_1245 14 31 0 5 0 7 0 11 0 12 0 13 1 6 1 7 1 8 1 12 2 6 2 9 2 11 2 12 3 7 3 10 3 11 3 12 3 13 4 8 4 9 4 10 4 12 5 8 5 9 5 10 6 10 6 13 7 9 8 11 8 13 9 13
m14_1246 14 32 0 5 0 7 0 8 0 10 1 6 1 7 1 10 1 12 2 6 2 10 2 11 2 12 3 7 3 8 3 9 3 10 3 12 4 8 4 9 4 11 4 12 4 13 5 9 5 11 5 12 5 13 6 8 6 9 6 13 7 11 7 13 10 13
m14_1247 14 34 0 5 0 7 0 8 0 9 1 6 1 8 1 9 1 10 1 11 2 6 2 8 2 9 2 10 2 11 3 7 3 9 3 11 3 12 3 13 4 9 4 10 4 11 4 12 4 13 5 10 5 11 5 12 5 13 6 7 6 12 6 13 7 10 8 12 8 13
m14_1248 14 33 0 5 0 7 0 8 0 10 1 6 1 8 1 10 1 11 1 13 2 6 2 10 2 11 2 12 2 13 3 7 3 8 3 9 3 10 3 11 4 9 4 10 4 11 4 12 4 13 5 9 5 11 5 12 5 13 6 7 6 9 7 12 7 13 8 12
m14_1249 14 33 0 5 0 7 0 8 0 10 1 6 1 8 1 10 1 11 2 6 2 10 2 11 2 12 2 13 3 7 3 8 3 9 3 10 3 11 4 9 4 10 4 11 4 12 4 13 5 9 5 11 5 12 5 13 6 7 6 9 7 12 7 13 8 12 8 13
m14_1250 14 32 0 5 0 7 0 8 0 11 0 13 1 6 1 8 1 11 1 12 1 13 2 6 2 10 2 11 2 12 2 13 3 7 3 9 3 10 3 11 3 13 4 8 4 9 4 11 4 12 4 13 5 9 5 10 5 12 6 7 6 9 7 12 8 10
m14_1251 14 32 0 5 0 7 0 8 0 11 1 6 1 8 1 11 1 12 1 13 2 6 2 10 2 11 2 12 2 13 3 7 3 9 3 10 3 11 3 13 4 8 4 9 4 11 4 12 4 13 5 9 5 10 5 12 5 13 6 7 6 9 7 12 8 10
m14_1252 14 33 0 5 0 6 0 9 0 10 0 12 1 5 1 6 1 9 1 10 1 12 2 7 2 8 2 9 2 10 2 11 3 7 3 8 3 9 3 10 3 11 4 10 4 11 4 12 4 13 5 11 5 13 6 11 6 13 7 12 7 13 8 12 8 13 9 13
m14_1253 14 33 0 5 0 6 0 9 0 12 1 5 1 6 1 9 1 12 2 7 2 8 2 9 2 10 2 11 3 7 3 8 3 9 3 10 3 11 4 10 4 11 4 12 4 13 5 10 5 11 5 13 6 10 6 11 6 13 7 12 7 13 8 12 8 13 9 13
m14_1254 14 34 0 5 0 6 0 9 0 11 0 12 1 5 1 6 1 9 1 11 1 12 2 7 2 8 2 9 2 10 2 11 3 7 3 8 3 9 3 10 3 11 4 9 4 10 4 11 4 12 5 10 5 13 6 10 6 13 7 12 7 13 8 12 8 13 9 13 11 13
m14_1255 14 33 0 5 0 6 0 9 0 12 0 13 1 5 1 6 1 9 1 12 1 13 2 7 2 8 2 9 2 11 2 13 3 7 3 8 3 9 3 11 3 13 4 9 4 10 4 11 4 12 4 13 5 10 5 11 6 10 6 11 7 10 7 12 8 10 8 12
m14_1256 14 34 0 5 0 6 0 8 0 10 0 11 1 5 1 6 1 8 1 10 1 11 2 7 2 10 2 11 2 12 2 13 3 7 3 10 3 11 3 12 3 13 4 8 4 9 4 10 4 11 4 12 5 9 5 12 5 13 6 9 6 12 6 13 7 8 7 9 8 13
m14_1257 14 32 0 5 0 6 0 9 0 11 0 13 1 5 1 7 1 9 1 10 1 13 2 6 2 7 2 8 2 9 2 13 3 8 3 9 3 10 3 11 3 13 4 8 4 10 4 11 4 12 4 13 5 8 5 12 6 10 6 12 7 11 7 12 9 12
m14_1258 14 32 0 5 0 6 0 11 0 12 0 13 1 5 1 7 1 10 1 12 1 13 2 6 2 9 2 11 2 12 2 13 3 7 3 9 3 10 3 12 3 13 4 8 4 9 4 10 4 11 4 12 5 8 5 9 6 8 6 10 7 8 7 11 8 13
m14_1259 14 32 0 4 0 7 0 10 0 12 1 5 1 7 1 9 1 12 2 6 2 7 2 8 2 9 3 9 3 10 3 11 3 12 3 13 4 8 4 9 4 11 4 13 5 8 5 10 5 11 5 13 6 10 6 11 6 12 6 13 7 11 7 13 8 12
m14_1260 14 31 0 4 0 7 0 10 0 12 0 13 1 5 1 7 1 9 1 12 2 6 2 7 2 8 2 13 3 10 3 11 3 12 3 13 4 8 4 9 4 11 5 8 5 10 5 11 5 13 6 9 6 10 6 11 6 12 7 11 8 12 9 13
m14_1261 14 32 0 4 0 7 0 11 0 12 1 5 1 7 1 9 1 11 2 6 2 7 2 8 2 12 3 10 3 11 3 12 3 13 4 8 4 9 4 10 4 13 5 8 5 10 5 12 5 13 6 9 6 10 6 11 6 13 7 10 7 13 8 11 9 12
m14_1262 14 29 0 4 0 8 0 11 0 12 1 5 1 8 1 10 1 11 2 6 2 8 2 9 2 11 3 7 3 8 3 9 3 10 4 9 4 10 4 13 5 9 5 12 5 13 6 10 6 12 6 13 7 11 7 12 7 13 8 13
m14_1263 14 28 0 4 0 8 0 12 0 13 1 5 1 8 1 10 1 11 2 6 2 8 2 9 2 11 3 7 3 8 3 9 3 10 4 9 4 10 4 11 5 9 5 12 5 13 6 10 6 12 6 13 7 11 7 12 7 13
m14_1264 14 29 0 4 0 8 0 12 1 5 1 8 1 10 1 11 2 6 2 8 2 9 2 11 3 7 3 8 3 9 3 10 4 9 4 10 4 11 4 13 5 9 5 12 5 13 6 10 6 12 6 13 7 11 7 12 7 13 8 13
m14_1265 14 29 0 4 0 8 0 12 1 5 1 8 1 10 1 11 1 13 2 6 2 8 2 9 2 11 2 13 3 7 3 8 3 9 3 10 3 13 4 9 4 10 4 11 4 13 5 9 5 12 6 10 6 12 7 11 7 12 12 13
m14_1266 14 31 0 4 0 8 0 12 0 13 1 5 1 8 1 10 1 12 2 6 2 8 2 9 2 13 3 7 3 8 3 9 3 10 4 9 4 10 4 11 5 9 5 11 5 13 6 10 6 11 6 12 7 11 7 12 7 13 8 11 9 12 10 13
m14_1267 14 30 0 4 0 7 0 8 0 9 1 5 1 8 1 12 2 6 2 8 2 10 2 11 3 7 3 8 3 9 3 10 4 10 4 11 4 12 4 13 5 9 5 10 5 11 5 13 6 9 6 12 6 13 7 11 7 12 7 13 8 13
m14_1268 14 30 0 4 0 7 0 8 0 9 0 13 1 5 1 8 1 12 1 13 2 6 2 8 2 10 2 11 3 7 3 8 3 9 3 10 3 13 4 10 4 11 4 12 5 9 5 10 5 11 6 9 6 12 6 13 7 11 7 12 11 13
m14_1269 14 30 0 4 0 7 0 8 0 9 0 13 1 5 1 8 1 12 2 6 2 8 2 10 2 11 2 13 3 7 3 8 3 9 3 10 3 13 4 10 4 11 4 12 5 9 5 10 5 11 5 13 6 9 6 12 7 11 7 12 12 13
m14_1270 14 31 0 4 0 7 0 8 0 9 1 5 1 8 1 11 1 13 2 6 2 8 2 10 2 13 3 7 3 8 3 9 3 10 4 10 4 11 4 12 4 13 5 9 5 10 5 12 6 9 6 11 6 12 7 11 7 12 7 13 8 12 9 13
m14_1271 14 30 0 4 0 7 0 11 0 12 1 5 1 7 1 8 1 10 2 6 2 8 2 12 2 13 3 7 3 10 3 11 3 12 4 8 4 9 4 10 4 13 5 9 5 12 5 13 6 9 6 10 6 11 7 9 7 13 8 11 11 13
m14_1272 14 31 0 4 0 6 0 8 0 10 1 5 1 7 1 8 1 9 2 6 2 8 2 10 2 11 3 7 3 8 3 9 3 11 4 9 4 11 4 12 5 10 5 11 5 12 6 9 6 12 7 10 7 12 8 13 9 13 10 13 11 13 12 13
m14_1273 14 31 0 4 0 8 0 10 0 12 1 5 1 8 1 9 1 13 2 6 2 7 2 8 2 12 2 13 3 6 3 7 3 11 3 12 3 13 4 9 4 11 4 13 5 10 5 11 5 12 6 9 6 10 7 9 7 10 8 11 9 12 10 13
