m5_0 5 4 0 4 1 4 2 4 3 4
m5_1 5 6 0 3 0 4 1 3 1 4 2 3 2 4
m5_2 5 5 0 2 0 3 1 3 1 4 2 4
m6_0 6 5 0 5 1 5 2 5 3 5 4 5
m6_1 6 8 0 4 0 5 1 4 1 5 2 4 2 5 3 4 3 5
m6_2 6 7 0 3 0 4 1 4 1 5 2 4 2 5 3 5
m6_3 6 9 0 3 0 4 0 5 1 3 1 4 1 5 2 3 2 4 2 5
m7_0 7 6 0 6 1 6 2 6 3 6 4 6 5 6
m7_1 7 10 0 5 0 6 1 5 1 6 2 5 2 6 3 5 3 6 4 5 4 6
m7_2 7 9 0 4 0 5 1 5 1 6 2 5 2 6 3 5 3 6 4 6
m7_3 7 9 0 4 0 6 1 4 1 6 2 5 2 6 3 5 3 6 4 5
m7_4 7 12 0 4 0 5 0 6 1 4 1 5 1 6 2 4 2 5 2 6 3 4 3 5 3 6
m7_5 7 10 0 3 0 4 0 6 1 4 1 5 1 6 2 4 2 5 2 6 3 5
m8_0 8 7 0 7 1 7 2 7 3 7 4 7 5 7 6 7
m8_1 8 12 0 6 0 7 1 6 1 7 2 6 2 7 3 6 3 7 4 6 4 7 5 6 5 7
m8_2 8 11 0 5 0 6 1 6 1 7 2 6 2 7 3 6 3 7 4 6 4 7 5 7
m8_3 8 11 0 5 0 7 1 5 1 7 2 6 2 7 3 6 3 7 4 6 4 7 5 6
m8_4 8 15 0 5 0 6 0 7 1 5 1 6 1 7 2 5 2 6 2 7 3 5 3 6 3 7 4 5 4 6 4 7
m8_5 8 13 0 4 0 5 0 6 1 5 1 6 1 7 2 5 2 6 2 7 3 5 3 6 3 7 4 7
m8_6 8 12 0 4 0 5 0 6 1 4 1 5 1 6 2 6 2 7 3 6 3 7 4 7 5 7
m8_7 8 13 0 4 0 6 0 7 1 4 1 6 1 7 2 5 2 6 2 7 3 5 3 6 3 7 4 5
m8_8 8 16 0 4 0 5 0 6 0 7 1 4 1 5 1 6 1 7 2 4 2 5 2 6 2 7 3 4 3 5 3 6 3 7
m8_9 8 12 0 3 0 4 0 5 1 4 1 5 1 6 2 5 2 6 2 7 3 6 3 7 4 7
m9_0 9 8 0 8 1 8 2 8 3 8 4 8 5 8 6 8 7 8
m9_1 9 14 0 7 0 8 1 7 1 8 2 7 2 8 3 7 3 8 4 7 4 8 5 7 5 8 6 7 6 8
m9_2 9 13 0 6 0 7 1 7 1 8 2 7 2 8 3 7 3 8 4 7 4 8 5 7 5 8 6 8
m9_3 9 13 0 6 0 8 1 6 1 8 2 7 2 8 3 7 3 8 4 7 4 8 5 7 5 8 6 7
m9_4 9 13 0 6 0 8 1 6 1 8 2 6 2 8 3 7 3 8 4 7 4 8 5 7 5 8 6 7
m9_5 9 18 0 6 0 7 0 8 1 6 1 7 1 8 2 6 2 7 2 8 3 6 3 7 3 8 4 6 4 7 4 8 5 6 5 7 5 8
m9_6 9 16 0 5 0 6 0 7 1 6 1 7 1 8 2 6 2 7 2 8 3 6 3 7 3 8 4 6 4 7 4 8 5 8
m9_7 9 14 0 5 0 6 0 7 1 5 1 6 1 7 2 7 2 8 3 7 3 8 4 7 4 8 5 8 6 8
m9_8 9 16 0 5 0 7 0 8 1 5 1 7 1 8 2 6 2 7 2 8 3 6 3 7 3 8 4 6 4 7 4 8 5 6
m9_9 9 15 0 5 0 8 1 5 1 8 2 6 2 7 2 8 3 6 3 7 3 8 4 6 4 7 4 8 5 6 5 7
m9_10 9 20 0 5 0 6 0 7 0 8 1 5 1 6 1 7 1 8 2 5 2 6 2 7 2 8 3 5 3 6 3 7 3 8 4 5 4 6 4 7 4 8
m9_11 9 15 0 4 0 5 0 6 1 5 1 6 1 8 2 6 2 7 2 8 3 6 3 7 3 8 4 7 4 8 5 7
m9_12 9 17 0 4 0 5 0 6 0 8 1 5 1 6 1 7 1 8 2 5 2 6 2 7 2 8 3 5 3 6 3 7 3 8 4 7
m9_13 9 16 0 4 0 5 0 6 0 8 1 4 1 5 1 6 1 8 2 6 2 7 2 8 3 6 3 7 3 8 4 7 5 7
m9_14 9 14 0 4 0 5 0 8 1 4 1 7 1 8 2 5 2 6 2 8 3 6 3 7 3 8 4 6 5 7
m9_15 9 17 0 4 0 6 0 7 0 8 1 4 1 6 1 7 1 8 2 5 2 6 2 7 2 8 3 5 3 6 3 7 3 8 4 5
m10_0 10 9 0 9 1 9 2 9 3 9 4 9 5 9 6 9 7 9 8 9
m10_1 10 16 0 8 0 9 1 8 1 9 2 8 2 9 3 8 3 9 4 8 4 9 5 8 5 9 6 8 6 9 7 8 7 9
m10_2 10 15 0 7 0 8 1 8 1 9 2 8 2 9 3 8 3 9 4 8 4 9 5 8 5 9 6 8 6 9 7 9
m10_3 10 15 0 7 0 9 1 7 1 9 2 8 2 9 3 8 3 9 4 8 4 9 5 8 5 9 6 8 6 9 7 8
m10_4 10 15 0 7 0 9 1 7 1 9 2 7 2 9 3 8 3 9 4 8 4 9 5 8 5 9 6 8 6 9 7 8
m10_5 10 21 0 7 0 8 0 9 1 7 1 8 1 9 2 7 2 8 2 9 3 7 3 8 3 9 4 7 4 8 4 9 5 7 5 8 5 9 6 7 6 8 6 9
m10_6 10 19 0 6 0 7 0 8 1 7 1 8 1 9 2 7 2 8 2 9 3 7 3 8 3 9 4 7 4 8 4 9 5 7 5 8 5 9 6 9
m10_7 10 16 0 6 0 7 0 8 1 6 1 7 1 8 2 8 2 9 3 8 3 9 4 8 4 9 5 8 5 9 6 9 7 9
m10_8 10 19 0 6 0 8 0 9 1 6 1 8 1 9 2 7 2 8 2 9 3 7 3 8 3 9 4 7 4 8 4 9 5 7 5 8 5 9 6 7
m10_9 10 18 0 6 0 9 1 6 1 9 2 7 2 8 2 9 3 7 3 8 3 9 4 7 4 8 4 9 5 7 5 8 5 9 6 7 6 8
m10_10 10 17 0 6 0 7 0 9 1 6 1 7 1 9 2 6 2 7 2 9 3 8 3 9 4 8 4 9 5 8 5 9 6 8 7 8
m10_11 10 19 0 6 0 8 0 9 1 6 1 8 1 9 2 6 2 8 2 9 3 7 3 8 3 9 4 7 4 8 4 9 5 7 5 8 5 9 6 7
m10_12 10 24 0 6 0 7 0 8 0 9 1 6 1 7 1 8 1 9 2 6 2 7 2 8 2 9 3 6 3 7 3 8 3 9 4 6 4 7 4 8 4 9 5 6 5 7 5 8 5 9
m10_13 10 18 0 5 0 6 0 7 1 6 1 7 1 9 2 7 2 8 2 9 3 7 3 8 3 9 4 7 4 8 4 9 5 8 5 9 6 8
m10_14 10 18 0 5 0 6 0 8 1 6 1 8 1 9 2 6 2 8 2 9 3 7 3 8 3 9 4 7 4 8 4 9 5 7 5 9 6 7
m10_15 10 21 0 5 0 6 0 7 0 8 1 6 1 7 1 8 1 9 2 6 2 7 2 8 2 9 3 6 3 7 3 8 3 9 4 6 4 7 4 8 4 9 5 9
m10_16 10 21 0 5 0 6 0 7 1 6 1 7 1 8 1 9 2 6 2 7 2 8 2 9 3 6 3 7 3 8 3 9 4 6 4 7 4 8 4 9 5 8 5 9
m10_17 10 19 0 5 0 6 0 7 0 9 1 5 1 6 1 7 1 9 2 7 2 8 2 9 3 7 3 8 3 9 4 7 4 8 4 9 5 8 6 8
m10_18 10 17 0 5 0 6 0 9 1 5 1 8 1 9 2 6 2 7 2 9 3 7 3 8 3 9 4 7 4 8 4 9 5 7 6 8
m10_19 10 18 0 5 0 8 0 9 1 5 1 8 1 9 2 6 2 7 2 9 3 6 3 7 3 9 4 7 4 8 4 9 5 6 5 7 6 8
m10_20 10 21 0 5 0 7 0 8 0 9 1 5 1 7 1 8 1 9 2 6 2 7 2 8 2 9 3 6 3 7 3 8 3 9 4 6 4 7 4 8 4 9 5 6
m10_21 10 20 0 5 0 8 0 9 1 5 1 8 1 9 2 6 2 7 2 8 2 9 3 6 3 7 3 8 3 9 4 6 4 7 4 8 4 9 5 6 5 7
m10_22 10 19 0 5 0 6 0 7 0 8 1 5 1 6 1 7 1 8 2 5 2 6 2 7 2 8 3 8 3 9 4 8 4 9 5 9 6 9 7 9
m10_23 10 25 0 5 0 6 0 7 0 8 0 9 1 5 1 6 1 7 1 8 1 9 2 5 2 6 2 7 2 8 2 9 3 5 3 6 3 7 3 8 3 9 4 5 4 6 4 7 4 8 4 9
m10_24 10 17 0 4 0 6 0 8 1 5 1 6 1 7 2 6 2 7 2 8 3 7 3 8 3 9 4 7 4 9 5 8 5 9 6 9
m10_25 10 19 0 4 0 5 0 6 0 9 1 5 1 6 1 8 1 9 2 6 2 7 2 8 2 9 3 6 3 7 3 8 3 9 4 7 4 8 5 7
m10_26 10 19 0 4 0 5 0 6 1 5 1 6 1 8 1 9 2 6 2 7 2 8 2 9 3 6 3 7 3 8 3 9 4 7 4 8 4 9 5 7
m10_27 10 17 0 4 0 6 0 7 1 5 1 7 1 8 2 5 2 7 2 8 3 6 3 8 3 9 4 8 4 9 5 6 5 9 7 9
m10_28 10 20 0 4 0 5 0 6 0 7 1 4 1 5 1 6 1 7 2 6 2 7 2 8 2 9 3 6 3 7 3 8 3 9 4 8 4 9 5 8 5 9
m10_29 10 18 0 4 0 5 0 8 0 9 1 4 1 7 1 8 1 9 2 5 2 6 2 8 2 9 3 6 3 7 3 8 3 9 4 6 5 7
m10_30 10 15 0 3 0 6 0 9 1 4 1 6 1 8 2 5 2 6 2 7 3 7 3 8 4 7 4 9 5 8 5 9
m11_0 11 10 0 10 1 10 2 10 3 10 4 10 5 10 6 10 7 10 8 10 9 10
m11_1 11 18 0 9 0 10 1 9 1 10 2 9 2 10 3 9 3 10 4 9 4 10 5 9 5 10 6 9 6 10 7 9 7 10 8 9 8 10
m11_2 11 17 0 8 0 9 1 9 1 10 2 9 2 10 3 9 3 10 4 9 4 10 5 9 5 10 6 9 6 10 7 9 7 10 8 10
m11_3 11 17 0 8 0 10 1 8 1 10 2 9 2 10 3 9 3 10 4 9 4 10 5 9 5 10 6 9 6 10 7 9 7 10 8 9
m11_4 11 17 0 8 0 10 1 8 1 10 2 8 2 10 3 9 3 10 4 9 4 10 5 9 5 10 6 9 6 10 7 9 7 10 8 9
m11_5 11 17 0 8 0 10 1 8 1 10 2 8 2 10 3 8 3 10 4 9 4 10 5 9 5 10 6 9 6 10 7 9 7 10 8 9
m11_6 11 24 0 8 0 9 0 10 1 8 1 9 1 10 2 8 2 9 2 10 3 8 3 9 3 10 4 8 4 9 4 10 5 8 5 9 5 10 6 8 6 9 6 10 7 8 7 9 7 10
m11_7 11 22 0 7 0 8 0 9 1 8 1 9 1 10 2 8 2 9 2 10 3 8 3 9 3 10 4 8 4 9 4 10 5 8 5 9 5 10 6 8 6 9 6 10 7 10
m11_8 11 18 0 7 0 8 0 9 1 7 1 8 1 9 2 9 2 10 3 9 3 10 4 9 4 10 5 9 5 10 6 9 6 10 7 10 8 10
m11_9 11 22 0 7 0 9 0 10 1 7 1 9 1 10 2 8 2 9 2 10 3 8 3 9 3 10 4 8 4 9 4 10 5 8 5 9 5 10 6 8 6 9 6 10 7 8
m11_10 11 21 0 7 0 10 1 7 1 10 2 8 2 9 2 10 3 8 3 9 3 10 4 8 4 9 4 10 5 8 5 9 5 10 6 8 6 9 6 10 7 8 7 9
m11_11 11 19 0 7 0 8 0 10 1 7 1 8 1 10 2 7 2 8 2 10 3 9 3 10 4 9 4 10 5 9 5 10 6 9 6 10 7 9 8 9
m11_12 11 22 0 7 0 9 0 10 1 7 1 9 1 10 2 7 2 9 2 10 3 8 3 9 3 10 4 8 4 9 4 10 5 8 5 9 5 10 6 8 6 9 6 10 7 8
m11_13 11 20 0 7 0 10 1 7 1 10 2 7 2 10 3 8 3 9 3 10 4 8 4 9 4 10 5 8 5 9 5 10 6 8 6 9 6 10 7 8 7 9
m11_14 11 28 0 7 0 8 0 9 0 10 1 7 1 8 1 9 1 10 2 7 2 8 2 9 2 10 3 7 3 8 3 9 3 10 4 7 4 8 4 9 4 10 5 7 5 8 5 9 5 10 6 7 6 8 6 9 6 10
m11_15 11 21 0 6 0 7 0 8 1 7 1 8 1 10 2 8 2 9 2 10 3 8 3 9 3 10 4 8 4 9 4 10 5 8 5 9 5 10 6 9 6 10 7 9
m11_16 11 21 0 6 0 7 0 10 1 7 1 9 1 10 2 7 2 9 2 10 3 8 3 9 3 10 4 8 4 9 4 10 5 8 5 9 5 10 6 8 6 9 7 8
m11_17 11 25 0 6 0 7 0 8 0 9 1 7 1 8 1 9 1 10 2 7 2 8 2 9 2 10 3 7 3 8 3 9 3 10 4 7 4 8 4 9 4 10 5 7 5 8 5 9 5 10 6 10
m11_18 11 25 0 6 0 7 0 8 1 7 1 8 1 9 1 10 2 7 2 8 2 9 2 10 3 7 3 8 3 9 3 10 4 7 4 8 4 9 4 10 5 7 5 8 5 9 5 10 6 9 6 10
m11_19 11 22 0 6 0 7 0 8 0 10 1 6 1 7 1 8 1 10 2 8 2 9 2 10 3 8 3 9 3 10 4 8 4 9 4 10 5 8 5 9 5 10 6 9 7 9
m11_20 11 20 0 6 0 7 0 10 1 6 1 9 1 10 2 7 2 8 2 10 3 8 3 9 3 10 4 8 4 9 4 10 5 8 5 9 5 10 6 8 7 9
m11_21 11 21 0 6 0 7 0 10 1 6 1 7 1 10 2 7 2 8 2 10 3 8 3 9 3 10 4 8 4 9 4 10 5 8 5 9 5 10 6 8 6 9 7 9
m11_22 11 20 0 6 0 7 0 10 1 6 1 8 1 10 2 7 2 9 2 10 3 7 3 9 3 10 4 8 4 9 4 10 5 8 5 9 5 10 6 9 7 8
m11_23 11 21 0 6 0 9 0 10 1 6 1 9 1 10 2 7 2 8 2 10 3 7 3 8 3 10 4 8 4 9 4 10 5 8 5 9 5 10 6 7 6 8 7 9
m11_24 11 25 0 6 0 8 0 9 0 10 1 6 1 8 1 9 1 10 2 7 2 8 2 9 2 10 3 7 3 8 3 9 3 10 4 7 4 8 4 9 4 10 5 7 5 8 5 9 5 10 6 7
m11_25 11 24 0 6 0 9 0 10 1 6 1 9 1 10 2 7 2 8 2 9 2 10 3 7 3 8 3 9 3 10 4 7 4 8 4 9 4 10 5 7 5 8 5 9 5 10 6 7 6 8
m11_26 11 23 0 6 0 10 1 6 1 10 2 7 2 8 2 9 2 10 3 7 3 8 3 9 3 10 4 7 4 8 4 9 4 10 5 7 5 8 5 9 5 10 6 7 6 8 6 9
m11_27 11 21 0 6 0 7 0 8 0 9 1 6 1 7 1 8 1 9 2 6 2 7 2 8 2 9 3 9 3 10 4 9 4 10 5 9 5 10 6 10 7 10 8 10
m11_28 11 23 0 6 0 7 0 9 0 10 1 6 1 7 1 9 1 10 2 6 2 7 2 9 2 10 3 8 3 9 3 10 4 8 4 9 4 10 5 8 5 9 5 10 6 8 7 8
m11_29 11 22 0 6 0 7 0 10 1 6 1 7 1 10 2 6 2 7 2 10 3 8 3 9 3 10 4 8 4 9 4 10 5 8 5 9 5 10 6 8 6 9 7 8 7 9
m11_30 11 20 0 6 0 7 0 10 1 6 1 9 1 10 2 6 2 9 2 10 3 7 3 8 3 10 4 7 4 8 4 10 5 8 5 9 5 10 6 8 7 9
m11_31 11 25 0 6 0 8 0 9 0 10 1 6 1 8 1 9 1 10 2 6 2 8 2 9 2 10 3 7 3 8 3 9 3 10 4 7 4 8 4 9 4 10 5 7 5 8 5 9 5 10 6 7
m11_32 11 30 0 6 0 7 0 8 0 9 0 10 1 6 1 7 1 8 1 9 1 10 2 6 2 7 2 8 2 9 2 10 3 6 3 7 3 8 3 9 3 10 4 6 4 7 4 8 4 9 4 10 5 6 5 7 5 8 5 9 5 10
m11_33 11 20 0 5 0 7 0 10 1 6 1 7 1 9 2 7 2 9 2 10 3 8 3 9 3 10 4 8 4 9 4 10 5 8 5 9 6 8 6 10 7 8
m11_34 11 22 0 5 0 7 0 10 1 6 1 7 1 9 2 7 2 8 2 9 2 10 3 7 3 8 3 9 3 10 4 7 4 8 4 9 4 10 5 8 5 9 6 8 6 10
m11_35 11 23 0 5 0 6 0 7 0 8 1 6 1 7 1 8 1 10 2 7 2 8 2 9 2 10 3 7 3 8 3 9 3 10 4 7 4 8 4 9 4 10 5 9 5 10 6 9
m11_36 11 23 0 5 0 6 0 7 1 6 1 7 1 9 1 10 2 7 2 8 2 9 2 10 3 7 3 8 3 9 3 10 4 7 4 8 4 9 4 10 5 8 5 9 5 10 6 8
m11_37 11 20 0 5 0 6 0 8 1 6 1 7 1 8 1 9 2 8 2 9 2 10 3 8 3 9 3 10 4 8 4 9 4 10 5 7 5 9 6 10 7 10
m11_38 11 20 0 5 0 7 0 8 1 6 1 7 1 10 2 6 2 7 2 10 3 8 3 9 3 10 4 8 4 9 4 10 5 9 5 10 6 8 6 9 7 9
m11_39 11 20 0 5 0 7 0 10 1 6 1 9 1 10 2 6 2 9 2 10 3 7 3 8 3 10 4 8 4 9 4 10 5 8 5 9 6 7 6 8 7 9
m11_40 11 21 0 5 0 7 0 9 1 6 1 9 1 10 2 6 2 9 2 10 3 7 3 8 3 9 3 10 4 7 4 8 4 9 4 10 5 8 5 10 6 7 6 8
m11_41 11 22 0 5 0 6 0 7 0 10 1 6 1 7 1 9 1 10 2 6 2 7 2 9 2 10 3 8 3 9 3 10 4 8 4 9 4 10 5 8 5 9 6 8 7 8
m11_42 11 20 0 5 0 6 0 7 0 10 1 6 1 9 1 10 2 6 2 9 2 10 3 7 3 8 3 10 4 7 4 8 4 10 5 8 5 9 6 8 7 9
m11_43 11 23 0 5 0 6 0 8 0 9 1 6 1 8 1 9 1 10 2 6 2 8 2 9 2 10 3 7 3 8 3 9 3 10 4 7 4 8 4 9 4 10 5 7 5 10 6 7
m11_44 11 26 0 5 0 6 0 7 0 8 0 10 1 6 1 7 1 8 1 9 1 10 2 6 2 7 2 8 2 9 2 10 3 6 3 7 3 8 3 9 3 10 4 6 4 7 4 8 4 9 4 10 5 9
m11_45 11 24 0 5 0 6 0 7 0 9 1 5 1 6 1 7 1 9 2 7 2 8 2 9 2 10 3 7 3 8 3 9 3 10 4 7 4 8 4 9 4 10 5 8 5 10 6 8 6 10
m11_46 11 18 0 5 0 6 0 10 1 5 1 7 1 9 2 6 2 7 2 8 3 8 3 9 3 10 4 8 4 9 4 10 5 8 6 9 7 10
m11_47 11 20 0 5 0 6 0 10 1 5 1 9 1 10 2 6 2 7 2 10 3 7 3 8 3 10 4 8 4 9 4 10 5 7 5 8 6 8 6 9 7 9
m11_48 11 21 0 5 0 6 0 10 1 5 1 9 1 10 2 6 2 7 2 8 2 10 3 7 3 8 3 9 3 10 4 7 4 8 4 9 4 10 5 7 5 8 6 9
m11_49 11 22 0 5 0 6 0 9 0 10 1 5 1 8 1 9 1 10 2 6 2 7 2 9 2 10 3 7 3 8 3 9 3 10 4 7 4 8 4 9 4 10 5 7 6 8
m11_50 11 21 0 5 0 6 0 10 1 5 1 9 1 10 2 6 2 8 2 10 3 7 3 8 3 9 3 10 4 7 4 8 4 9 4 10 5 7 5 8 6 7 6 9
m11_51 11 22 0 5 0 6 0 7 0 9 1 5 1 6 1 7 1 9 2 6 2 7 2 8 2 9 3 8 3 9 3 10 4 8 4 9 4 10 5 8 5 10 6 10 7 10
m11_52 11 23 0 5 0 8 0 9 0 10 1 5 1 8 1 9 1 10 2 6 2 7 2 9 2 10 3 6 3 7 3 9 3 10 4 7 4 8 4 9 4 10 5 6 5 7 6 8
m11_53 11 26 0 5 0 7 0 8 0 9 0 10 1 5 1 7 1 8 1 9 1 10 2 6 2 7 2 8 2 9 2 10 3 6 3 7 3 8 3 9 3 10 4 6 4 7 4 8 4 9 4 10 5 6
m11_54 11 25 0 5 0 8 0 9 0 10 1 5 1 8 1 9 1 10 2 6 2 7 2 8 2 9 2 10 3 6 3 7 3 8 3 9 3 10 4 6 4 7 4 8 4 9 4 10 5 6 5 7
m11_55 11 24 0 5 0 6 0 7 0 8 0 10 1 5 1 6 1 7 1 8 1 10 2 5 2 6 2 7 2 8 2 10 3 8 3 9 3 10 4 8 4 9 4 10 5 9 6 9 7 9
m11_56 11 21 0 4 0 6 0 9 0 10 1 5 1 6 1 8 1 10 2 6 2 8 2 9 2 10 3 7 3 8 3 9 3 10 4 7 4 8 5 7 5 9 6 7
m11_57 11 21 0 4 0 6 0 9 1 5 1 6 1 8 1 10 2 6 2 8 2 9 2 10 3 7 3 8 3 9 3 10 4 7 4 8 4 10 5 7 5 9 6 7
m11_58 11 22 0 4 0 5 0 6 0 7 1 5 1 6 1 7 1 8 2 6 2 7 2 8 2 9 3 7 3 8 3 9 3 10 4 8 4 9 4 10 5 9 5 10 6 10
m11_59 11 21 0 4 0 6 0 7 1 5 1 7 1 8 1 9 2 5 2 7 2 8 2 9 3 6 3 8 3 9 3 10 4 8 4 9 4 10 5 6 5 10 7 10
m11_60 11 19 0 3 0 6 0 9 1 4 1 6 1 8 2 5 2 6 2 7 3 7 3 8 3 10 4 7 4 9 4 10 5 8 5 9 5 10 6 10
m12_0 12 11 0 11 1 11 2 11 3 11 4 11 5 11 6 11 7 11 8 11 9 11 10 11
m12_1 12 20 0 10 0 11 1 10 1 11 2 10 2 11 3 10 3 11 4 10 4 11 5 10 5 11 6 10 6 11 7 10 7 11 8 10 8 11 9 10 9 11
m12_2 12 19 0 9 0 10 1 10 1 11 2 10 2 11 3 10 3 11 4 10 4 11 5 10 5 11 6 10 6 11 7 10 7 11 8 10 8 11 9 11
m12_3 12 19 0 9 0 11 1 9 1 11 2 10 2 11 3 10 3 11 4 10 4 11 5 10 5 11 6 10 6 11 7 10 7 11 8 10 8 11 9 10
m12_4 12 19 0 9 0 11 1 9 1 11 2 9 2 11 3 10 3 11 4 10 4 11 5 10 5 11 6 10 6 11 7 10 7 11 8 10 8 11 9 10
m12_5 12 19 0 9 0 11 1 9 1 11 2 9 2 11 3 9 3 11 4 10 4 11 5 10 5 11 6 10 6 11 7 10 7 11 8 10 8 11 9 10
m12_6 12 27 0 9 0 10 0 11 1 9 1 10 1 11 2 9 2 10 2 11 3 9 3 10 3 11 4 9 4 10 4 11 5 9 5 10 5 11 6 9 6 10 6 11 7 9 7 10 7 11 8 9 8 10 8 11
m12_7 12 25 0 8 0 9 0 10 1 9 1 10 1 11 2 9 2 10 2 11 3 9 3 10 3 11 4 9 4 10 4 11 5 9 5 10 5 11 6 9 6 10 6 11 7 9 7 10 7 11 8 11
m12_8 12 20 0 8 0 9 0 10 1 8 1 9 1 10 2 10 2 11 3 10 3 11 4 10 4 11 5 10 5 11 6 10 6 11 7 10 7 11 8 11 9 11
m12_9 12 25 0 8 0 10 0 11 1 8 1 10 1 11 2 9 2 10 2 11 3 9 3 10 3 11 4 9 4 10 4 11 5 9 5 10 5 11 6 9 6 10 6 11 7 9 7 10 7 11 8 9
m12_10 12 24 0 8 0 11 1 8 1 11 2 9 2 10 2 11 3 9 3 10 3 11 4 9 4 10 4 11 5 9 5 10 5 11 6 9 6 10 6 11 7 9 7 10 7 11 8 9 8 10
m12_11 12 21 0 8 0 9 0 11 1 8 1 9 1 11 2 8 2 9 2 11 3 10 3 11 4 10 4 11 5 10 5 11 6 10 6 11 7 10 7 11 8 10 9 10
m12_12 12 25 0 8 0 10 0 11 1 8 1 10 1 11 2 8 2 10 2 11 3 9 3 10 3 11 4 9 4 10 4 11 5 9 5 10 5 11 6 9 6 10 6 11 7 9 7 10 7 11 8 9
m12_13 12 23 0 8 0 11 1 8 1 11 2 8 2 11 3 9 3 10 3 11 4 9 4 10 4 11 5 9 5 10 5 11 6 9 6 10 6 11 7 9 7 10 7 11 8 9 8 10
m12_14 12 22 0 8 0 9 0 11 1 8 1 9 1 11 2 8 2 9 2 11 3 8 3 9 3 11 4 10 4 11 5 10 5 11 6 10 6 11 7 10 7 11 8 10 9 10
m12_15 12 25 0 8 0 10 0 11 1 8 1 10 1 11 2 8 2 10 2 11 3 8 3 10 3 11 4 9 4 10 4 11 5 9 5 10 5 11 6 9 6 10 6 11 7 9 7 10 7 11 8 9
m12_16 12 32 0 8 0 9 0 10 0 11 1 8 1 9 1 10 1 11 2 8 2 9 2 10 2 11 3 8 3 9 3 10 3 11 4 8 4 9 4 10 4 11 5 8 5 9 5 10 5 11 6 8 6 9 6 10 6 11 7 8 7 9 7 10 7 11
m12_17 12 24 0 7 0 8 0 9 1 8 1 9 1 11 2 9 2 10 2 11 3 9 3 10 3 11 4 9 4 10 4 11 5 9 5 10 5 11 6 9 6 10 6 11 7 10 7 11 8 10
m12_18 12 24 0 7 0 8 0 11 1 8 1 10 1 11 2 8 2 10 2 11 3 9 3 10 3 11 4 9 4 10 4 11 5 9 5 10 5 11 6 9 6 10 6 11 7 9 7 10 8 9
m12_19 12 24 0 7 0 8 0 10 1 8 1 10 1 11 2 8 2 10 2 11 3 8 3 10 3 11 4 9 4 10 4 11 5 9 5 10 5 11 6 9 6 10 6 11 7 9 7 11 8 9
m12_20 12 29 0 7 0 8 0 9 0 10 1 8 1 9 1 10 1 11 2 8 2 9 2 10 2 11 3 8 3 9 3 10 3 11 4 8 4 9 4 10 4 11 5 8 5 9 5 10 5 11 6 8 6 9 6 10 6 11 7 11
m12_21 12 29 0 7 0 8 0 9 1 8 1 9 1 10 1 11 2 8 2 9 2 10 2 11 3 8 3 9 3 10 3 11 4 8 4 9 4 10 4 11 5 8 5 9 5 10 5 11 6 8 6 9 6 10 6 11 7 10 7 11
m12_22 12 25 0 7 0 8 0 9 0 11 1 7 1 8 1 9 1 11 2 9 2 10 2 11 3 9 3 10 3 11 4 9 4 10 4 11 5 9 5 10 5 11 6 9 6 10 6 11 7 10 8 10
m12_23 12 23 0 7 0 8 0 11 1 7 1 10 1 11 2 8 2 9 2 11 3 9 3 10 3 11 4 9 4 10 4 11 5 9 5 10 5 11 6 9 6 10 6 11 7 9 8 10
m12_24 12 24 0 7 0 8 0 11 1 7 1 8 1 11 2 8 2 9 2 11 3 9 3 10 3 11 4 9 4 10 4 11 5 9 5 10 5 11 6 9 6 10 6 11 7 9 7 10 8 10
m12_25 12 23 0 7 0 8 0 11 1 7 1 9 1 11 2 8 2 10 2 11 3 8 3 10 3 11 4 9 4 10 4 11 5 9 5 10 5 11 6 9 6 10 6 11 7 10 8 9
m12_26 12 24 0 7 0 10 0 11 1 7 1 10 1 11 2 8 2 9 2 11 3 8 3 9 3 11 4 9 4 10 4 11 5 9 5 10 5 11 6 9 6 10 6 11 7 8 7 9 8 10
m12_27 12 24 0 7 0 9 0 11 1 7 1 9 1 11 2 8 2 10 2 11 3 8 3 10 3 11 4 8 4 10 4 11 5 9 5 10 5 11 6 9 6 10 6 11 7 8 7 10 8 9
m12_28 12 29 0 7 0 9 0 10 0 11 1 7 1 9 1 10 1 11 2 8 2 9 2 10 2 11 3 8 3 9 3 10 3 11 4 8 4 9 4 10 4 11 5 8 5 9 5 10 5 11 6 8 6 9 6 10 6 11 7 8
m12_29 12 28 0 7 0 10 0 11 1 7 1 10 1 11 2 8 2 9 2 10 2 11 3 8 3 9 3 10 3 11 4 8 4 9 4 10 4 11 5 8 5 9 5 10 5 11 6 8 6 9 6 10 6 11 7 8 7 9
m12_30 12 27 0 7 0 11 1 7 1 11 2 8 2 9 2 10 2 11 3 8 3 9 3 10 3 11 4 8 4 9 4 10 4 11 5 8 5 9 5 10 5 11 6 8 6 9 6 10 6 11 7 8 7 9 7 10
m12_31 12 23 0 7 0 8 0 9 0 10 1 7 1 8 1 9 1 10 2 7 2 8 2 9 2 10 3 10 3 11 4 10 4 11 5 10 5 11 6 10 6 11 7 11 8 11 9 11
m12_32 12 26 0 7 0 8 0 10 0 11 1 7 1 8 1 10 1 11 2 7 2 8 2 10 2 11 3 9 3 10 3 11 4 9 4 10 4 11 5 9 5 10 5 11 6 9 6 10 6 11 7 9 8 9
m12_33 12 25 0 7 0 8 0 11 1 7 1 8 1 11 2 7 2 8 2 11 3 9 3 10 3 11 4 9 4 10 4 11 5 9 5 10 5 11 6 9 6 10 6 11 7 9 7 10 8 9 8 10
m12_34 12 23 0 7 0 8 0 11 1 7 1 8 1 11 2 7 2 10 2 11 3 8 3 9 3 11 4 9 4 10 4 11 5 9 5 10 5 11 6 9 6 10 6 11 7 9 8 10
m12_35 12 23 0 7 0 8 0 11 1 7 1 10 1 11 2 7 2 10 2 11 3 8 3 9 3 11 4 8 4 9 4 11 5 9 5 10 5 11 6 9 6 10 6 11 7 9 8 10
m12_36 12 24 0 7 0 10 0 11 1 7 1 10 1 11 2 7 2 10 2 11 3 8 3 9 3 11 4 8 4 9 4 11 5 8 5 9 5 11 6 9 6 10 6 11 7 8 7 9 8 10
m12_37 12 29 0 7 0 9 0 10 0 11 1 7 1 9 1 10 1 11 2 7 2 9 2 10 2 11 3 8 3 9 3 10 3 11 4 8 4 9 4 10 4 11 5 8 5 9 5 10 5 11 6 8 6 9 6 10 6 11 7 8
m12_38 12 27 0 7 0 10 0 11 1 7 1 10 1 11 2 7 2 10 2 11 3 8 3 9 3 10 3 11 4 8 4 9 4 10 4 11 5 8 5 9 5 10 5 11 6 8 6 9 6 10 6 11 7 8 7 9
m12_39 12 25 0 7 0 8 0 9 0 11 1 7 1 8 1 9 1 11 2 7 2 8 2 9 2 11 3 7 3 8 3 9 3 11 4 10 4 11 5 10 5 11 6 10 6 11 7 10 8 10 9 10
m12_40 12 35 0 7 0 8 0 9 0 10 0 11 1 7 1 8 1 9 1 10 1 11 2 7 2 8 2 9 2 10 2 11 3 7 3 8 3 9 3 10 3 11 4 7 4 8 4 9 4 10 4 11 5 7 5 8 5 9 5 10 5 11 6 7 6 8 6 9 6 10 6 11
m12_41 12 23 0 6 0 8 0 11 1 7 1 8 1 10 2 8 2 10 2 11 3 9 3 10 3 11 4 9 4 10 4 11 5 9 5 10 5 11 6 9 6 10 7 9 7 11 8 9
m12_42 12 23 0 6 0 8 0 11 1 7 1 8 1 10 2 8 2 10 2 11 3 8 3 10 3 11 4 9 4 10 4 11 5 9 5 10 5 11 6 9 6 10 7 9 7 11 8 9
m12_43 12 26 0 6 0 8 0 11 1 7 1 8 1 10 2 8 2 9 2 10 2 11 3 8 3 9 3 10 3 11 4 8 4 9 4 10 4 11 5 8 5 9 5 10 5 11 6 9 6 10 7 9 7 11
m12_44 12 27 0 6 0 7 0 8 0 9 1 7 1 8 1 9 1 11 2 8 2 9 2 10 2 11 3 8 3 9 3 10 3 11 4 8 4 9 4 10 4 11 5 8 5 9 5 10 5 11 6 10 6 11 7 10
m12_45 12 27 0 6 0 7 0 8 1 7 1 8 1 10 1 11 2 8 2 9 2 10 2 11 3 8 3 9 3 10 3 11 4 8 4 9 4 10 4 11 5 8 5 9 5 10 5 11 6 9 6 10 6 11 7 9
m12_46 12 23 0 6 0 7 0 9 1 7 1 8 1 9 1 10 2 9 2 10 2 11 3 9 3 10 3 11 4 9 4 10 4 11 5 9 5 10 5 11 6 8 6 10 7 11 8 11
m12_47 12 23 0 6 0 7 0 9 0 10 1 7 1 8 1 10 2 8 2 10 2 11 3 9 3 10 3 11 4 9 4 10 4 11 5 9 5 10 5 11 6 8 6 11 7 11 8 9
m12_48 12 23 0 6 0 8 0 9 1 7 1 8 1 11 2 7 2 8 2 11 3 9 3 10 3 11 4 9 4 10 4 11 5 9 5 10 5 11 6 10 6 11 7 9 7 10 8 10
m12_49 12 23 0 6 0 8 0 11 1 7 1 10 1 11 2 7 2 10 2 11 3 8 3 9 3 11 4 9 4 10 4 11 5 9 5 10 5 11 6 9 6 10 7 8 7 9 8 10
m12_50 12 23 0 6 0 8 0 11 1 7 1 9 1 11 2 7 2 9 2 11 3 8 3 10 3 11 4 8 4 10 4 11 5 9 5 10 5 11 6 9 6 10 7 8 7 10 8 9
m12_51 12 25 0 6 0 8 0 10 1 7 1 10 1 11 2 7 2 10 2 11 3 8 3 9 3 10 3 11 4 8 4 9 4 10 4 11 5 8 5 9 5 10 5 11 6 9 6 11 7 8 7 9
m12_52 12 25 0 6 0 7 0 8 0 11 1 7 1 8 1 10 1 11 2 7 2 8 2 10 2 11 3 9 3 10 3 11 4 9 4 10 4 11 5 9 5 10 5 11 6 9 6 10 7 9 8 9
m12_53 12 23 0 6 0 7 0 8 0 11 1 7 1 10 1 11 2 7 2 10 2 11 3 8 3 9 3 11 4 8 4 9 4 11 5 9 5 10 5 11 6 9 6 10 7 9 8 10
m12_54 12 23 0 6 0 7 0 10 0 11 1 7 1 8 1 11 2 7 2 8 2 11 3 9 3 10 3 11 4 9 4 10 4 11 5 9 5 10 5 11 6 8 6 9 7 9 8 10
m12_55 12 23 0 6 0 7 0 11 1 7 1 8 1 11 2 7 2 8 2 11 3 9 3 10 3 11 4 9 4 10 4 11 5 9 5 10 5 11 6 8 6 9 7 9 7 10 8 10
m12_56 12 24 0 6 0 7 0 10 1 7 1 8 1 10 1 11 2 7 2 8 2 10 2 11 3 9 3 10 3 11 4 9 4 10 4 11 5 9 5 10 5 11 6 8 6 11 7 9 8 9
m12_57 12 27 0 6 0 7 0 10 0 11 1 7 1 9 1 10 1 11 2 7 2 9 2 10 2 11 3 8 3 9 3 10 3 11 4 8 4 9 4 10 4 11 5 8 5 9 5 10 5 11 6 8 6 9 7 8
m12_58 12 27 0 6 0 7 0 11 1 7 1 9 1 10 1 11 2 7 2 9 2 10 2 11 3 8 3 9 3 10 3 11 4 8 4 9 4 10 4 11 5 8 5 9 5 10 5 11 6 8 6 9 6 10 7 8
m12_59 12 26 0 6 0 7 0 11 1 7 1 10 1 11 2 7 2 10 2 11 3 8 3 9 3 10 3 11 4 8 4 9 4 10 4 11 5 8 5 9 5 10 5 11 6 8 6 9 6 10 7 8 7 9
m12_60 12 31 0 6 0 7 0 8 0 9 0 10 1 7 1 8 1 9 1 10 1 11 2 7 2 8 2 9 2 10 2 11 3 7 3 8 3 9 3 10 3 11 4 7 4 8 4 9 4 10 4 11 5 7 5 8 5 9 5 10 5 11 6 11
m12_61 12 31 0 6 0 7 0 8 0 9 1 7 1 8 1 9 1 10 1 11 2 7 2 8 2 9 2 10 2 11 3 7 3 8 3 9 3 10 3 11 4 7 4 8 4 9 4 10 4 11 5 7 5 8 5 9 5 10 5 11 6 10 6 11
m12_62 12 25 0 6 0 7 0 8 0 10 1 6 1 7 1 8 1 10 2 8 2 10 2 11 3 8 3 10 3 11 4 9 4 10 4 11 5 9 5 10 5 11 6 9 6 11 7 9 7 11 8 9
m12_63 12 28 0 6 0 7 0 8 0 10 0 11 1 6 1 7 1 8 1 10 1 11 2 8 2 9 2 10 2 11 3 8 3 9 3 10 3 11 4 8 4 9 4 10 4 11 5 8 5 9 5 10 5 11 6 9 7 9
m12_64 12 28 0 6 0 7 0 8 0 10 1 6 1 7 1 8 1 10 2 8 2 9 2 10 2 11 3 8 3 9 3 10 3 11 4 8 4 9 4 10 4 11 5 8 5 9 5 10 5 11 6 9 6 11 7 9 7 11
m12_65 12 21 0 6 0 7 0 11 1 6 1 8 1 10 2 7 2 8 2 9 3 9 3 10 3 11 4 9 4 10 4 11 5 9 5 10 5 11 6 9 7 10 8 11
m12_66 12 23 0 6 0 7 0 11 1 6 1 10 1 11 2 7 2 8 2 11 3 8 3 9 3 11 4 9 4 10 4 11 5 9 5 10 5 11 6 8 6 9 7 9 7 10 8 10
m12_67 12 25 0 6 0 7 0 11 1 6 1 10 1 11 2 7 2 8 2 9 2 11 3 8 3 9 3 10 3 11 4 8 4 9 4 10 4 11 5 8 5 9 5 10 5 11 6 8 6 9 7 10
m12_68 12 26 0 6 0 7 0 10 0 11 1 6 1 9 1 10 1 11 2 7 2 8 2 10 2 11 3 8 3 9 3 10 3 11 4 8 4 9 4 10 4 11 5 8 5 9 5 10 5 11 6 8 7 9
m12_69 12 25 0 6 0 7 0 11 1 6 1 10 1 11 2 7 2 9 2 11 3 8 3 9 3 10 3 11 4 8 4 9 4 10 4 11 5 8 5 9 5 10 5 11 6 8 6 9 7 8 7 10
m12_70 12 25 0 6 0 7 0 8 0 10 1 6 1 7 1 8 1 10 2 7 2 8 2 9 2 10 3 9 3 10 3 11 4 9 4 10 4 11 5 9 5 10 5 11 6 9 6 11 7 11 8 11
m12_71 12 24 0 6 0 7 0 8 0 11 1 6 1 7 1 8 1 11 2 7 2 10 2 11 3 8 3 9 3 11 4 9 4 10 4 11 5 9 5 10 5 11 6 9 6 10 7 9 8 10
m12_72 12 27 0 6 0 7 0 10 0 11 1 6 1 7 1 10 1 11 2 7 2 8 2 10 2 11 3 8 3 9 3 10 3 11 4 8 4 9 4 10 4 11 5 8 5 9 5 10 5 11 6 8 6 9 7 9
m12_73 12 26 0 6 0 7 0 11 1 6 1 7 1 11 2 7 2 8 2 10 2 11 3 8 3 9 3 10 3 11 4 8 4 9 4 10 4 11 5 8 5 9 5 10 5 11 6 8 6 9 6 10 7 9
m12_74 12 26 0 6 0 7 0 11 1 6 1 7 1 11 2 7 2 10 2 11 3 8 3 9 3 10 3 11 4 8 4 9 4 10 4 11 5 8 5 9 5 10 5 11 6 8 6 9 6 10 7 8 7 9
m12_75 12 23 0 6 0 10 0 11 1 6 1 10 1 11 2 7 2 8 2 11 3 7 3 8 3 11 4 9 4 10 4 11 5 9 5 10 5 11 6 8 6 9 7 9 7 10 8 10
m12_76 12 23 0 6 0 10 0 11 1 6 1 10 1 11 2 7 2 9 2 11 3 7 3 9 3 11 4 8 4 9 4 11 5 8 5 10 5 11 6 8 6 9 7 8 7 10 9 10
m12_77 12 24 0 6 0 10 0 11 1 6 1 10 1 11 2 7 2 9 2 11 3 7 3 9 3 11 4 8 4 9 4 10 4 11 5 8 5 9 5 10 5 11 6 8 6 9 7 8 7 10
m12_78 12 23 0 6 0 10 0 11 1 6 1 10 1 11 2 7 2 9 2 11 3 7 3 9 3 11 4 8 4 9 4 10 5 8 5 9 5 10 6 8 6 9 7 8 7 10 8 11
m12_79 12 24 0 6 0 7 0 8 0 11 1 6 1 9 1 11 2 7 2 8 2 10 2 11 3 7 3 8 3 10 3 11 4 9 4 10 4 11 5 9 5 10 5 11 6 10 7 9 8 9
m12_80 12 21 0 6 0 7 0 8 1 6 1 9 1 10 2 7 2 10 2 11 3 7 3 10 3 11 4 8 4 9 4 11 5 8 5 9 5 11 6 11 7 9 8 10
m12_81 12 26 0 6 0 7 0 10 0 11 1 6 1 8 1 10 1 11 2 7 2 9 2 10 2 11 3 7 3 9 3 10 3 11 4 8 4 9 4 10 4 11 5 8 5 9 5 10 5 11 6 9 7 8
m12_82 12 25 0 6 0 7 0 11 1 6 1 8 1 11 2 7 2 9 2 10 2 11 3 7 3 9 3 10 3 11 4 8 4 9 4 10 4 11 5 8 5 9 5 10 5 11 6 9 6 10 7 8
m12_83 12 24 0 6 0 8 0 10 0 11 1 6 1 8 1 10 1 11 2 7 2 8 2 11 3 7 3 9 3 11 4 9 4 10 4 11 5 9 5 10 5 11 6 7 6 9 7 10 8 9
m12_84 12 26 0 6 0 10 0 11 1 6 1 10 1 11 2 7 2 8 2 9 2 11 3 7 3 8 3 9 3 11 4 8 4 9 4 10 4 11 5 8 5 9 5 10 5 11 6 7 6 8 6 9 7 10
m12_85 12 27 0 6 0 9 0 10 0 11 1 6 1 9 1 10 1 11 2 7 2 8 2 10 2 11 3 7 3 8 3 10 3 11 4 8 4 9 4 10 4 11 5 8 5 9 5 10 5 11 6 7 6 8 7 9
m12_86 12 31 0 6 0 8 0 9 0 10 0 11 1 6 1 8 1 9 1 10 1 11 2 7 2 8 2 9 2 10 2 11 3 7 3 8 3 9 3 10 3 11 4 7 4 8 4 9 4 10 4 11 5 7 5 8 5 9 5 10 5 11 6 7
m12_87 12 30 0 6 0 9 0 10 0 11 1 6 1 9 1 10 1 11 2 7 2 8 2 9 2 10 2 11 3 7 3 8 3 9 3 10 3 11 4 7 4 8 4 9 4 10 4 11 5 7 5 8 5 9 5 10 5 11 6 7 6 8
m12_88 12 29 0 6 0 10 0 11 1 6 1 10 1 11 2 7 2 8 2 9 2 10 2 11 3 7 3 8 3 9 3 10 3 11 4 7 4 8 4 9 4 10 4 11 5 7 5 8 5 9 5 10 5 11 6 7 6 8 6 9
m12_89 12 27 0 6 0 7 0 8 0 9 0 11 1 6 1 7 1 8 1 9 1 11 2 6 2 7 2 8 2 9 2 11 3 9 3 10 3 11 4 9 4 10 4 11 5 9 5 10 5 11 6 10 7 10 8 10
m12_90 12 24 0 6 0 7 0 8 0 11 1 6 1 7 1 9 1 11 2 6 2 7 2 9 2 11 3 8 3 10 3 11 4 8 4 10 4 11 5 9 5 10 5 11 6 10 7 10 8 9
m12_91 12 29 0 6 0 7 0 9 0 10 0 11 1 6 1 7 1 9 1 10 1 11 2 6 2 7 2 9 2 10 2 11 3 8 3 9 3 10 3 11 4 8 4 9 4 10 4 11 5 8 5 9 5 10 5 11 6 8 7 8
m12_92 12 28 0 6 0 7 0 10 0 11 1 6 1 7 1 10 1 11 2 6 2 7 2 10 2 11 3 8 3 9 3 10 3 11 4 8 4 9 4 10 4 11 5 8 5 9 5 10 5 11 6 8 6 9 7 8 7 9
m12_93 12 26 0 6 0 7 0 10 0 11 1 6 1 9 1 10 1 11 2 6 2 9 2 10 2 11 3 7 3 8 3 10 3 11 4 7 4 8 4 10 4 11 5 8 5 9 5 10 5 11 6 8 7 9
m12_94 12 31 0 6 0 8 0 9 0 10 0 11 1 6 1 8 1 9 1 10 1 11 2 6 2 8 2 9 2 10 2 11 3 7 3 8 3 9 3 10 3 11 4 7 4 8 4 9 4 10 4 11 5 7 5 8 5 9 5 10 5 11 6 7
m12_95 12 28 0 6 0 7 0 8 0 9 0 10 1 6 1 7 1 8 1 9 1 10 2 6 2 7 2 8 2 9 2 10 3 6 3 7 3 8 3 9 3 10 4 10 4 11 5 10 5 11 6 11 7 11 8 11 9 11
m12_96 12 36 0 6 0 7 0 8 0 9 0 10 0 11 1 6 1 7 1 8 1 9 1 10 1 11 2 6 2 7 2 8 2 9 2 10 2 11 3 6 3 7 3 8 3 9 3 10 3 11 4 6 4 7 4 8 4 9 4 10 4 11 5 6 5 7 5 8 5 9 5 10 5 11
m12_97 12 23 0 5 0 8 0 11 1 6 1 8 1 10 2 7 2 8 2 9 3 8 3 9 3 10 3 11 4 8 4 9 4 10 4 11 5 9 5 10 6 9 6 11 7 10 7 11
m12_98 12 25 0 5 0 7 0 8 0 11 1 6 1 7 1 8 1 10 2 7 2 8 2 10 2 11 3 8 3 9 3 10 3 11 4 8 4 9 4 10 4 11 5 9 5 10 6 9 6 11 7 9
m12_99 12 25 0 5 0 7 0 11 1 6 1 7 1 9 1 10 2 7 2 9 2 10 2 11 3 8 3 9 3 10 3 11 4 8 4 9 4 10 4 11 5 8 5 9 5 10 6 8 6 11 7 8
m12_100 12 25 0 5 0 7 0 10 1 6 1 7 1 9 2 7 2 9 2 10 2 11 3 8 3 9 3 10 3 11 4 8 4 9 4 10 4 11 5 8 5 9 5 11 6 8 6 10 6 11 7 8
m12_101 12 22 0 5 0 8 0 11 1 6 1 8 1 10 2 7 2 10 2 11 3 7 3 10 3 11 4 8 4 9 4 10 4 11 5 9 5 10 6 9 6 11 7 8 7 9
m12_102 12 25 0 5 0 7 0 8 0 10 1 6 1 7 1 8 1 9 2 7 2 8 2 9 2 10 3 7 3 8 3 9 3 10 4 9 4 10 4 11 5 9 5 11 6 10 6 11 7 11 8 11
m12_103 12 26 0 5 0 6 0 7 0 8 1 6 1 7 1 8 1 10 2 7 2 8 2 10 2 11 3 8 3 9 3 10 3 11 4 8 4 9 4 10 4 11 5 9 5 10 5 11 6 9 6 11 7 9
m12_104 12 24 0 5 0 6 0 7 0 9 1 6 1 7 1 8 1 9 2 7 2 8 2 9 2 11 3 9 3 10 3 11 4 9 4 10 4 11 5 8 5 11 6 10 6 11 7 10 8 10
m12_105 12 25 0 5 0 6 0 7 0 8 1 6 1 10 1 11 2 7 2 8 2 9 2 10 3 7 3 8 3 9 3 10 4 7 4 8 4 9 4 10 5 10 5 11 6 9 7 11 8 11 9 11
m12_106 12 28 0 5 0 6 0 7 0 8 0 11 1 6 1 7 1 8 1 10 1 11 2 7 2 8 2 9 2 10 2 11 3 7 3 8 3 9 3 10 3 11 4 7 4 8 4 9 4 10 4 11 5 9 5 10 6 9
m12_107 12 28 0 5 0 6 0 7 1 6 1 7 1 9 1 10 1 11 2 7 2 8 2 9 2 10 2 11 3 7 3 8 3 9 3 10 3 11 4 7 4 8 4 9 4 10 4 11 5 8 5 9 5 10 5 11 6 8
m12_108 12 25 0 5 0 6 0 8 1 6 1 7 1 8 1 9 2 8 2 9 2 10 2 11 3 8 3 9 3 10 3 11 4 8 4 9 4 10 4 11 5 7 5 9 5 11 6 10 6 11 7 10
m12_109 12 25 0 5 0 6 0 8 1 6 1 7 1 8 1 9 2 8 2 9 2 10 2 11 3 8 3 9 3 10 3 11 4 8 4 9 4 10 4 11 5 7 5 9 6 10 6 11 7 10 7 11
m12_110 12 24 0 5 0 8 0 9 1 6 1 7 1 8 1 10 2 6 2 7 2 8 2 10 3 8 3 9 3 10 4 9 4 10 4 11 5 10 5 11 6 9 6 11 7 9 7 11 8 11
m12_111 12 25 0 5 0 8 0 9 1 6 1 7 1 8 1 10 2 6 2 7 2 8 2 10 3 8 3 9 3 10 3 11 4 8 4 9 4 10 4 11 5 10 5 11 6 9 6 11 7 9 7 11
m12_112 12 24 0 5 0 7 0 9 0 11 1 6 1 7 1 8 1 9 2 6 2 7 2 8 2 9 3 9 3 10 3 11 4 9 4 10 4 11 5 8 5 10 6 10 6 11 7 10 8 11
m12_113 12 25 0 5 0 7 0 8 0 10 1 6 1 7 1 10 1 11 2 6 2 7 2 10 2 11 3 8 3 9 3 10 3 11 4 8 4 9 4 10 4 11 5 9 5 11 6 8 6 9 7 9
m12_114 12 25 0 5 0 7 0 8 1 6 1 7 1 10 1 11 2 6 2 7 2 10 2 11 3 8 3 9 3 10 3 11 4 8 4 9 4 10 4 11 5 9 5 10 5 11 6 8 6 9 7 9
m12_115 12 25 0 5 0 7 0 8 1 6 1 7 1 10 2 6 2 7 2 10 3 8 3 9 3 10 3 11 4 8 4 9 4 10 4 11 5 9 5 10 5 11 6 8 6 9 6 11 7 9 7 11
m12_116 12 24 0 5 0 7 0 8 0 9 1 6 1 8 1 9 1 10 2 6 2 8 2 9 2 10 3 7 3 9 3 11 4 9 4 10 4 11 5 10 5 11 6 7 6 11 7 10 8 11
m12_117 12 25 0 5 0 7 0 10 0 11 1 6 1 9 1 10 1 11 2 6 2 9 2 10 2 11 3 7 3 8 3 10 3 11 4 8 4 9 4 10 4 11 5 8 5 9 6 7 6 8 7 9
m12_118 12 25 0 5 0 7 0 11 1 6 1 9 1 10 1 11 2 6 2 9 2 10 2 11 3 7 3 8 3 10 3 11 4 8 4 9 4 10 4 11 5 8 5 9 5 10 6 7 6 8 7 9
m12_119 12 25 0 5 0 7 0 8 0 9 1 6 1 8 1 9 1 10 2 6 2 8 2 9 2 10 3 7 3 8 3 9 3 10 4 7 4 10 4 11 5 10 5 11 6 7 6 11 8 11 9 11
m12_120 12 27 0 5 0 6 0 7 0 10 0 11 1 6 1 7 1 9 1 10 1 11 2 6 2 7 2 9 2 10 2 11 3 8 3 9 3 10 3 11 4 8 4 9 4 10 4 11 5 8 5 9 6 8 7 8
m12_121 12 27 0 5 0 6 0 7 0 10 1 6 1 7 1 9 1 10 2 6 2 7 2 9 2 10 3 8 3 9 3 10 3 11 4 8 4 9 4 10 4 11 5 8 5 9 5 11 6 8 6 11 7 8 7 11
m12_122 12 25 0 5 0 6 0 7 0 10 1 6 1 7 1 10 1 11 2 6 2 9 2 10 2 11 3 7 3 8 3 10 3 11 4 8 4 9 4 10 4 11 5 8 5 9 5 11 6 8 7 9
m12_123 12 25 0 5 0 6 0 7 0 10 1 6 1 9 1 10 1 11 2 6 2 9 2 10 2 11 3 7 3 8 3 10 3 11 4 7 4 8 4 10 4 11 5 8 5 9 5 11 6 8 7 9
m12_124 12 28 0 5 0 6 0 8 0 9 0 11 1 6 1 8 1 9 1 10 1 11 2 6 2 8 2 9 2 10 2 11 3 7 3 8 3 9 3 10 3 11 4 7 4 8 4 9 4 10 4 11 5 7 5 10 6 7
m12_125 12 28 0 5 0 6 0 8 0 9 1 6 1 8 1 9 1 10 1 11 2 6 2 8 2 9 2 10 2 11 3 7 3 8 3 9 3 10 3 11 4 7 4 8 4 9 4 10 4 11 5 7 5 10 5 11 6 7
m12_126 12 24 0 5 0 6 0 8 0 9 1 5 1 6 1 8 1 9 2 7 2 9 2 10 3 7 3 9 3 10 4 8 4 10 4 11 5 10 5 11 6 10 6 11 7 8 7 11 9 11
m12_127 12 24 0 5 0 6 0 8 0 10 1 5 1 6 1 8 1 10 2 7 2 10 2 11 3 7 3 10 3 11 4 8 4 9 4 10 4 11 5 9 5 11 6 9 6 11 7 8 7 9
m12_128 12 29 0 5 0 6 0 7 0 9 0 11 1 5 1 6 1 7 1 9 1 11 2 7 2 8 2 9 2 10 2 11 3 7 3 8 3 9 3 10 3 11 4 7 4 8 4 9 4 10 4 11 5 8 5 10 6 8 6 10
m12_129 12 23 0 5 0 6 0 10 0 11 1 5 1 7 1 9 1 11 2 6 2 7 2 8 2 11 3 8 3 9 3 10 3 11 4 8 4 9 4 10 4 11 5 8 6 9 7 10
m12_130 12 22 0 5 0 6 0 10 1 5 1 7 1 9 2 6 2 7 2 8 2 11 3 8 3 9 3 10 3 11 4 8 4 9 4 10 4 11 5 8 5 11 6 9 7 10
m12_131 12 25 0 5 0 6 0 7 0 10 1 5 1 7 1 9 1 10 2 6 2 7 2 8 2 10 3 8 3 9 3 10 3 11 4 8 4 9 4 10 4 11 5 8 5 11 6 9 6 11 7 11
m12_132 12 24 0 5 0 6 0 8 0 10 1 5 1 8 1 9 1 10 2 6 2 7 2 8 2 10 3 7 3 10 3 11 4 9 4 10 4 11 5 7 5 11 6 9 6 11 7 9 8 11
m12_133 12 24 0 5 0 6 0 10 0 11 1 5 1 9 1 10 1 11 2 6 2 7 2 11 3 7 3 8 3 9 3 11 4 8 4 9 4 10 4 11 5 7 5 8 6 8 6 9 7 10
m12_134 12 25 0 5 0 6 0 10 0 11 1 5 1 9 1 10 1 11 2 6 2 7 2 10 2 11 3 7 3 8 3 10 3 11 4 8 4 9 4 10 4 11 5 7 5 8 6 8 6 9 7 9
m12_135 12 26 0 5 0 6 0 10 0 11 1 5 1 9 1 10 1 11 2 6 2 7 2 8 2 10 2 11 3 7 3 8 3 9 3 10 3 11 4 7 4 8 4 9 4 10 4 11 5 7 5 8 6 9
m12_136 12 27 0 5 0 6 0 9 0 10 0 11 1 5 1 8 1 9 1 10 1 11 2 6 2 7 2 9 2 10 2 11 3 7 3 8 3 9 3 10 3 11 4 7 4 8 4 9 4 10 4 11 5 7 6 8
m12_137 12 26 0 5 0 6 0 10 0 11 1 5 1 9 1 10 1 11 2 6 2 8 2 10 2 11 3 7 3 8 3 9 3 10 3 11 4 7 4 8 4 9 4 10 4 11 5 7 5 8 6 7 6 9
m12_138 12 27 0 5 0 6 0 7 0 9 0 11 1 5 1 6 1 7 1 9 1 11 2 6 2 7 2 8 2 9 2 11 3 8 3 9 3 10 3 11 4 8 4 9 4 10 4 11 5 8 5 10 6 10 7 10
m12_139 12 25 0 5 0 8 0 9 0 10 1 5 1 8 1 9 1 10 2 6 2 7 2 8 2 9 3 6 3 7 3 8 3 9 4 7 4 10 4 11 5 7 5 11 6 10 6 11 8 11 9 11
m12_140 12 28 0 5 0 8 0 9 0 10 0 11 1 5 1 8 1 9 1 10 1 11 2 6 2 7 2 9 2 10 2 11 3 6 3 7 3 9 3 10 3 11 4 7 4 8 4 9 4 10 4 11 5 6 5 7 6 8
m12_141 12 23 0 4 0 7 0 9 0 10 1 5 1 7 1 8 1 10 2 6 2 7 2 8 2 9 3 8 3 9 3 10 3 11 4 8 4 11 5 9 5 11 6 10 6 11 7 11
m12_142 12 23 0 4 0 7 0 10 1 5 1 7 1 9 2 6 2 7 2 8 3 8 3 9 3 10 3 11 4 8 4 9 4 11 5 8 5 10 5 11 6 9 6 10 6 11 7 11
m12_143 12 24 0 4 0 6 0 7 0 8 1 5 1 7 1 10 2 6 2 7 2 8 2 9 3 8 3 9 3 10 3 11 4 9 4 10 4 11 5 8 5 9 5 11 6 10 6 11 7 11
m12_144 12 24 0 4 0 6 0 7 0 9 1 5 1 6 1 7 1 8 2 6 2 8 2 9 2 11 3 7 3 8 3 9 3 10 4 8 4 10 4 11 5 9 5 10 5 11 6 10 7 11
m12_145 12 24 0 4 0 6 0 10 0 11 1 5 1 6 1 7 1 9 2 6 2 9 2 10 2 11 3 7 3 8 3 9 3 10 4 7 4 8 4 9 5 8 5 10 5 11 6 8 7 11
m12_146 12 26 0 4 0 5 0 8 0 11 1 4 1 5 1 8 1 11 2 6 2 7 2 8 2 9 3 6 3 7 3 8 3 9 4 9 4 10 5 9 5 10 6 10 6 11 7 10 7 11 8 10 9 11
m13_0 13 12 0 12 1 12 2 12 3 12 4 12 5 12 6 12 7 12 8 12 9 12 10 12 11 12
m13_1 13 22 0 11 0 12 1 11 1 12 2 11 2 12 3 11 3 12 4 11 4 12 5 11 5 12 6 11 6 12 7 11 7 12 8 11 8 12 9 11 9 12 10 11 10 12
m13_2 13 21 0 10 0 11 1 11 1 12 2 11 2 12 3 11 3 12 4 11 4 12 5 11 5 12 6 11 6 12 7 11 7 12 8 11 8 12 9 11 9 12 10 12
m13_3 13 21 0 10 0 12 1 10 1 12 2 11 2 12 3 11 3 12 4 11 4 12 5 11 5 12 6 11 6 12 7 11 7 12 8 11 8 12 9 11 9 12 10 11
m13_4 13 21 0 10 0 12 1 10 1 12 2 10 2 12 3 11 3 12 4 11 4 12 5 11 5 12 6 11 6 12 7 11 7 12 8 11 8 12 9 11 9 12 10 11
m13_5 13 21 0 10 0 12 1 10 1 12 2 10 2 12 3 10 3 12 4 11 4 12 5 11 5 12 6 11 6 12 7 11 7 12 8 11 8 12 9 11 9 12 10 11
m13_6 13 21 0 10 0 12 1 10 1 12 2 10 2 12 3 10 3 12 4 10 4 12 5 11 5 12 6 11 6 12 7 11 7 12 8 11 8 12 9 11 9 12 10 11
m13_7 13 30 0 10 0 11 0 12 1 10 1 11 1 12 2 10 2 11 2 12 3 10 3 11 3 12 4 10 4 11 4 12 5 10 5 11 5 12 6 10 6 11 6 12 7 10 7 11 7 12 8 10 8 11 8 12 9 10 9 11 9 12
m13_8 13 28 0 9 0 10 0 11 1 10 1 11 1 12 2 10 2 11 2 12 3 10 3 11 3 12 4 10 4 11 4 12 5 10 5 11 5 12 6 10 6 11 6 12 7 10 7 11 7 12 8 10 8 11 8 12 9 12
m13_9 13 22 0 9 0 10 0 11 1 9 1 10 1 11 2 11 2 12 3 11 3 12 4 11 4 12 5 11 5 12 6 11 6 12 7 11 7 12 8 11 8 12 9 12 10 12
m13_10 13 28 0 9 0 11 0 12 1 9 1 11 1 12 2 10 2 11 2 12 3 10 3 11 3 12 4 10 4 11 4 12 5 10 5 11 5 12 6 10 6 11 6 12 7 10 7 11 7 12 8 10 8 11 8 12 9 10
m13_11 13 27 0 9 0 12 1 9 1 12 2 10 2 11 2 12 3 10 3 11 3 12 4 10 4 11 4 12 5 10 5 11 5 12 6 10 6 11 6 12 7 10 7 11 7 12 8 10 8 11 8 12 9 10 9 11
m13_12 13 23 0 9 0 10 0 12 1 9 1 10 1 12 2 9 2 10 2 12 3 11 3 12 4 11 4 12 5 11 5 12 6 11 6 12 7 11 7 12 8 11 8 12 9 11 10 11
m13_13 13 28 0 9 0 11 0 12 1 9 1 11 1 12 2 9 2 11 2 12 3 10 3 11 3 12 4 10 4 11 4 12 5 10 5 11 5 12 6 10 6 11 6 12 7 10 7 11 7 12 8 10 8 11 8 12 9 10
m13_14 13 26 0 9 0 12 1 9 1 12 2 9 2 12 3 10 3 11 3 12 4 10 4 11 4 12 5 10 5 11 5 12 6 10 6 11 6 12 7 10 7 11 7 12 8 10 8 11 8 12 9 10 9 11
m13_15 13 24 0 9 0 10 0 12 1 9 1 10 1 12 2 9 2 10 2 12 3 9 3 10 3 12 4 11 4 12 5 11 5 12 6 11 6 12 7 11 7 12 8 11 8 12 9 11 10 11
m13_16 13 28 0 9 0 11 0 12 1 9 1 11 1 12 2 9 2 11 2 12 3 9 3 11 3 12 4 10 4 11 4 12 5 10 5 11 5 12 6 10 6 11 6 12 7 10 7 11 7 12 8 10 8 11 8 12 9 10
m13_17 13 25 0 9 0 12 1 9 1 12 2 9 2 12 3 9 3 12 4 10 4 11 4 12 5 10 5 11 5 12 6 10 6 11 6 12 7 10 7 11 7 12 8 10 8 11 8 12 9 10 9 11
m13_18 13 36 0 9 0 10 0 11 0 12 1 9 1 10 1 11 1 12 2 9 2 10 2 11 2 12 3 9 3 10 3 11 3 12 4 9 4 10 4 11 4 12 5 9 5 10 5 11 5 12 6 9 6 10 6 11 6 12 7 9 7 10 7 11 7 12 8 9 8 10 8 11 8 12
m13_19 13 27 0 8 0 9 0 10 1 9 1 10 1 12 2 10 2 11 2 12 3 10 3 11 3 12 4 10 4 11 4 12 5 10 5 11 5 12 6 10 6 11 6 12 7 10 7 11 7 12 8 11 8 12 9 11
m13_20 13 27 0 8 0 9 0 12 1 9 1 11 1 12 2 9 2 11 2 12 3 10 3 11 3 12 4 10 4 11 4 12 5 10 5 11 5 12 6 10 6 11 6 12 7 10 7 11 7 12 8 10 8 11 9 10
m13_21 13 27 0 8 0 9 0 12 1 9 1 11 1 12 2 9 2 11 2 12 3 9 3 11 3 12 4 10 4 11 4 12 5 10 5 11 5 12 6 10 6 11 6 12 7 10 7 11 7 12 8 10 8 11 9 10
m13_22 13 33 0 8 0 9 0 10 0 11 1 9 1 10 1 11 1 12 2 9 2 10 2 11 2 12 3 9 3 10 3 11 3 12 4 9 4 10 4 11 4 12 5 9 5 10 5 11 5 12 6 9 6 10 6 11 6 12 7 9 7 10 7 11 7 12 8 12
m13_23 13 33 0 8 0 9 0 10 1 9 1 10 1 11 1 12 2 9 2 10 2 11 2 12 3 9 3 10 3 11 3 12 4 9 4 10 4 11 4 12 5 9 5 10 5 11 5 12 6 9 6 10 6 11 6 12 7 9 7 10 7 11 7 12 8 11 8 12
m13_24 13 28 0 8 0 9 0 10 0 12 1 8 1 9 1 10 1 12 2 10 2 11 2 12 3 10 3 11 3 12 4 10 4 11 4 12 5 10 5 11 5 12 6 10 6 11 6 12 7 10 7 11 7 12 8 11 9 11
m13_25 13 26 0 8 0 9 0 12 1 8 1 11 1 12 2 9 2 10 2 12 3 10 3 11 3 12 4 10 4 11 4 12 5 10 5 11 5 12 6 10 6 11 6 12 7 10 7 11 7 12 8 10 9 11
m13_26 13 27 0 8 0 9 0 12 1 8 1 9 1 12 2 9 2 10 2 12 3 10 3 11 3 12 4 10 4 11 4 12 5 10 5 11 5 12 6 10 6 11 6 12 7 10 7 11 7 12 8 10 8 11 9 11
m13_27 13 26 0 8 0 9 0 12 1 8 1 10 1 12 2 9 2 11 2 12 3 9 3 11 3 12 4 10 4 11 4 12 5 10 5 11 5 12 6 10 6 11 6 12 7 10 7 11 7 12 8 11 9 10
m13_28 13 27 0 8 0 9 0 12 1 8 1 9 1 12 2 9 2 11 2 12 3 9 3 11 3 12 4 10 4 11 4 12 5 10 5 11 5 12 6 10 6 11 6 12 7 10 7 11 7 12 8 10 8 11 9 10
m13_29 13 26 0 8 0 9 0 12 1 8 1 10 1 12 2 9 2 11 2 12 3 9 3 11 3 12 4 9 4 11 4 12 5 10 5 11 5 12 6 10 6 11 6 12 7 10 7 11 7 12 8 11 9 10
m13_30 13 27 0 8 0 11 0 12 1 8 1 11 1 12 2 9 2 10 2 12 3 9 3 10 3 12 4 10 4 11 4 12 5 10 5 11 5 12 6 10 6 11 6 12 7 10 7 11 7 12 8 9 8 10 9 11
m13_31 13 27 0 8 0 10 0 12 1 8 1 10 1 12 2 9 2 11 2 12 3 9 3 11 3 12 4 9 4 11 4 12 5 10 5 11 5 12 6 10 6 11 6 12 7 10 7 11 7 12 8 9 8 11 9 10
m13_32 13 33 0 8 0 10 0 11 0 12 1 8 1 10 1 11 1 12 2 9 2 10 2 11 2 12 3 9 3 10 3 11 3 12 4 9 4 10 4 11 4 12 5 9 5 10 5 11 5 12 6 9 6 10 6 11 6 12 7 9 7 10 7 11 7 12 8 9
m13_33 13 32 0 8 0 11 0 12 1 8 1 11 1 12 2 9 2 10 2 11 2 12 3 9 3 10 3 11 3 12 4 9 4 10 4 11 4 12 5 9 5 10 5 11 5 12 6 9 6 10 6 11 6 12 7 9 7 10 7 11 7 12 8 9 8 10
m13_34 13 31 0 8 0 12 1 8 1 12 2 9 2 10 2 11 2 12 3 9 3 10 3 11 3 12 4 9 4 10 4 11 4 12 5 9 5 10 5 11 5 12 6 9 6 10 6 11 6 12 7 9 7 10 7 11 7 12 8 9 8 10 8 11
m13_35 13 25 0 8 0 9 0 10 0 11 1 8 1 9 1 10 1 11 2 8 2 9 2 10 2 11 3 11 3 12 4 11 4 12 5 11 5 12 6 11 6 12 7 11 7 12 8 12 9 12 10 12
m13_36 13 29 0 8 0 9 0 11 0 12 1 8 1 9 1 11 1 12 2 8 2 9 2 11 2 12 3 10 3 11 3 12 4 10 4 11 4 12 5 10 5 11 5 12 6 10 6 11 6 12 7 10 7 11 7 12 8 10 9 10
m13_37 13 28 0 8 0 9 0 12 1 8 1 9 1 12 2 8 2 9 2 12 3 10 3 11 3 12 4 10 4 11 4 12 5 10 5 11 5 12 6 10 6 11 6 12 7 10 7 11 7 12 8 10 8 11 9 10 9 11
m13_38 13 26 0 8 0 9 0 12 1 8 1 9 1 12 2 8 2 11 2 12 3 9 3 10 3 12 4 10 4 11 4 12 5 10 5 11 5 12 6 10 6 11 6 12 7 10 7 11 7 12 8 10 9 11
m13_39 13 27 0 8 0 9 0 12 1 8 1 9 1 12 2 8 2 9 2 12 3 9 3 10 3 12 4 10 4 11 4 12 5 10 5 11 5 12 6 10 6 11 6 12 7 10 7 11 7 12 8 10 8 11 9 11
m13_40 13 26 0 8 0 9 0 12 1 8 1 11 1 12 2 8 2 11 2 12 3 9 3 10 3 12 4 9 4 10 4 12 5 10 5 11 5 12 6 10 6 11 6 12 7 10 7 11 7 12 8 10 9 11
m13_41 13 26 0 8 0 9 0 12 1 8 1 10 1 12 2 8 2 10 2 12 3 9 3 11 3 12 4 9 4 11 4 12 5 9 5 11 5 12 6 10 6 11 6 12 7 10 7 11 7 12 8 11 9 10
m13_42 13 27 0 8 0 11 0 12 1 8 1 11 1 12 2 8 2 11 2 12 3 9 3 10 3 12 4 9 4 10 4 12 5 9 5 10 5 12 6 10 6 11 6 12 7 10 7 11 7 12 8 9 8 10 9 11
m13_43 13 33 0 8 0 10 0 11 0 12 1 8 1 10 1 11 1 12 2 8 2 10 2 11 2 12 3 9 3 10 3 11 3 12 4 9 4 10 4 11 4 12 5 9 5 10 5 11 5 12 6 9 6 10 6 11 6 12 7 9 7 10 7 11 7 12 8 9
m13_44 13 31 0 8 0 11 0 12 1 8 1 11 1 12 2 8 2 11 2 12 3 9 3 10 3 11 3 12 4 9 4 10 4 11 4 12 5 9 5 10 5 11 5 12 6 9 6 10 6 11 6 12 7 9 7 10 7 11 7 12 8 9 8 10
m13_45 13 29 0 8 0 12 1 8 1 12 2 8 2 12 3 9 3 10 3 11 3 12 4 9 4 10 4 11 4 12 5 9 5 10 5 11 5 12 6 9 6 10 6 11 6 12 7 9 7 10 7 11 7 12 8 9 8 10 8 11
m13_46 13 27 0 8 0 9 0 10 0 12 1 8 1 9 1 10 1 12 2 8 2 9 2 10 2 12 3 8 3 9 3 10 3 12 4 11 4 12 5 11 5 12 6 11 6 12 7 11 7 12 8 11 9 11 10 11
m13_47 13 30 0 8 0 9 0 11 0 12 1 8 1 9 1 11 1 12 2 8 2 9 2 11 2 12 3 8 3 9 3 11 3 12 4 10 4 11 4 12 5 10 5 11 5 12 6 10 6 11 6 12 7 10 7 11 7 12 8 10 9 10
m13_48 13 28 0 8 0 9 0 12 1 8 1 9 1 12 2 8 2 9 2 12 3 8 3 9 3 12 4 10 4 11 4 12 5 10 5 11 5 12 6 10 6 11 6 12 7 10 7 11 7 12 8 10 8 11 9 10 9 11
m13_49 13 26 0 8 0 9 0 12 1 8 1 9 1 12 2 8 2 11 2 12 3 8 3 11 3 12 4 9 4 10 4 12 5 9 5 10 5 12 6 10 6 11 6 12 7 10 7 11 7 12 8 10 9 11
m13_50 13 26 0 8 0 9 0 12 1 8 1 11 1 12 2 8 2 11 2 12 3 8 3 11 3 12 4 9 4 10 4 12 5 9 5 10 5 12 6 9 6 10 6 12 7 10 7 11 7 12 8 10 9 11
m13_51 13 33 0 8 0 10 0 11 0 12 1 8 1 10 1 11 1 12 2 8 2 10 2 11 2 12 3 8 3 10 3 11 3 12 4 9 4 10 4 11 4 12 5 9 5 10 5 11 5 12 6 9 6 10 6 11 6 12 7 9 7 10 7 11 7 12 8 9
m13_52 13 40 0 8 0 9 0 10 0 11 0 12 1 8 1 9 1 10 1 11 1 12 2 8 2 9 2 10 2 11 2 12 3 8 3 9 3 10 3 11 3 12 4 8 4 9 4 10 4 11 4 12 5 8 5 9 5 10 5 11 5 12 6 8 6 9 6 10 6 11 6 12 7 8 7 9 7 10 7 11 7 12
m13_53 13 26 0 7 0 9 0 12 1 8 1 9 1 11 2 9 2 11 2 12 3 10 3 11 3 12 4 10 4 11 4 12 5 10 5 11 5 12 6 10 6 11 6 12 7 10 7 11 8 10 8 12 9 10
m13_54 13 26 0 7 0 9 0 12 1 8 1 9 1 11 2 9 2 11 2 12 3 9 3 11 3 12 4 10 4 11 4 12 5 10 5 11 5 12 6 10 6 11 6 12 7 10 7 11 8 10 8 12 9 10
m13_55 13 30 0 7 0 9 0 12 1 8 1 9 1 11 2 9 2 10 2 11 2 12 3 9 3 10 3 11 3 12 4 9 4 10 4 11 4 12 5 9 5 10 5 11 5 12 6 9 6 10 6 11 6 12 7 10 7 11 8 10 8 12
m13_56 13 26 0 7 0 8 0 9 0 11 1 8 1 10 1 11 2 9 2 11 2 12 3 9 3 11 3 12 4 9 4 11 4 12 5 10 5 11 5 12 6 10 6 11 6 12 7 10 7 12 8 12 9 10
m13_57 13 31 0 7 0 8 0 9 0 10 1 8 1 9 1 10 1 12 2 9 2 10 2 11 2 12 3 9 3 10 3 11 3 12 4 9 4 10 4 11 4 12 5 9 5 10 5 11 5 12 6 9 6 10 6 11 6 12 7 11 7 12 8 11
m13_58 13 31 0 7 0 8 0 9 1 8 1 9 1 11 1 12 2 9 2 10 2 11 2 12 3 9 3 10 3 11 3 12 4 9 4 10 4 11 4 12 5 9 5 10 5 11 5 12 6 9 6 10 6 11 6 12 7 10 7 11 7 12 8 10
m13_59 13 26 0 7 0 8 0 10 1 8 1 9 1 10 1 11 2 10 2 11 2 12 3 10 3 11 3 12 4 10 4 11 4 12 5 10 5 11 5 12 6 10 6 11 6 12 7 9 7 11 8 12 9 12
m13_60 13 26 0 7 0 8 0 10 0 11 1 8 1 9 1 11 2 9 2 11 2 12 3 10 3 11 3 12 4 10 4 11 4 12 5 10 5 11 5 12 6 10 6 11 6 12 7 9 7 12 8 12 9 10
m13_61 13 26 0 7 0 9 0 10 1 8 1 9 1 12 2 8 2 9 2 12 3 10 3 11 3 12 4 10 4 11 4 12 5 10 5 11 5 12 6 10 6 11 6 12 7 11 7 12 8 10 8 11 9 11
m13_62 13 26 0 7 0 9 0 10 1 8 1 9 1 12 2 8 2 9 2 12 3 9 3 10 3 12 4 10 4 11 4 12 5 10 5 11 5 12 6 10 6 11 6 12 7 11 7 12 8 10 8 11 9 11
m13_63 13 26 0 7 0 9 0 12 1 8 1 11 1 12 2 8 2 11 2 12 3 9 3 10 3 12 4 10 4 11 4 12 5 10 5 11 5 12 6 10 6 11 6 12 7 10 7 11 8 9 8 10 9 11
m13_64 13 26 0 7 0 9 0 12 1 8 1 11 1 12 2 8 2 11 2 12 3 9 3 10 3 12 4 9 4 10 4 12 5 10 5 11 5 12 6 10 6 11 6 12 7 10 7 11 8 9 8 10 9 11
m13_65 13 29 0 7 0 9 0 11 1 8 1 11 1 12 2 8 2 11 2 12 3 9 3 10 3 11 3 12 4 9 4 10 4 11 4 12 5 9 5 10 5 11 5 12 6 9 6 10 6 11 6 12 7 10 7 12 8 9 8 10
m13_66 13 28 0 7 0 8 0 9 0 12 1 8 1 9 1 11 1 12 2 8 2 9 2 11 2 12 3 10 3 11 3 12 4 10 4 11 4 12 5 10 5 11 5 12 6 10 6 11 6 12 7 10 7 11 8 10 9 10
m13_67 13 26 0 7 0 8 0 9 0 12 1 8 1 11 1 12 2 8 2 11 2 12 3 9 3 10 3 12 4 9 4 10 4 12 5 10 5 11 5 12 6 10 6 11 6 12 7 10 7 11 8 10 9 11
m13_68 13 26 0 7 0 8 0 9 0 12 1 8 1 10 1 12 2 8 2 10 2 12 3 9 3 11 3 12 4 9 4 11 4 12 5 9 5 11 5 12 6 10 6 11 6 12 7 10 7 11 8 11 9 10
m13_69 13 26 0 7 0 8 0 11 0 12 1 8 1 9 1 12 2 8 2 9 2 12 3 10 3 11 3 12 4 10 4 11 4 12 5 10 5 11 5 12 6 10 6 11 6 12 7 9 7 10 8 10 9 11
m13_70 13 27 0 7 0 8 0 11 1 8 1 9 1 11 1 12 2 8 2 9 2 11 2 12 3 10 3 11 3 12 4 10 4 11 4 12 5 10 5 11 5 12 6 10 6 11 6 12 7 9 7 12 8 10 9 10
m13_71 13 26 0 7 0 8 0 12 1 8 1 9 1 12 2 8 2 9 2 12 3 10 3 11 3 12 4 10 4 11 4 12 5 10 5 11 5 12 6 10 6 11 6 12 7 9 7 11 8 10 8 11 9 10
m13_72 13 31 0 7 0 8 0 11 0 12 1 8 1 10 1 11 1 12 2 8 2 10 2 11 2 12 3 9 3 10 3 11 3 12 4 9 4 10 4 11 4 12 5 9 5 10 5 11 5 12 6 9 6 10 6 11 6 12 7 9 7 10 8 9
m13_73 13 31 0 7 0 8 0 12 1 8 1 10 1 11 1 12 2 8 2 10 2 11 2 12 3 9 3 10 3 11 3 12 4 9 4 10 4 11 4 12 5 9 5 10 5 11 5 12 6 9 6 10 6 11 6 12 7 9 7 10 7 11 8 9
m13_74 13 30 0 7 0 8 0 12 1 8 1 11 1 12 2 8 2 11 2 12 3 9 3 10 3 11 3 12 4 9 4 10 4 11 4 12 5 9 5 10 5 11 5 12 6 9 6 10 6 11 6 12 7 9 7 10 7 11 8 9 8 10
m13_75 13 26 0 7 0 9 0 10 1 8 1 9 1 12 2 8 2 9 2 12 3 8 3 9 3 12 4 10 4 11 4 12 5 10 5 11 5 12 6 10 6 11 6 12 7 11 7 12 8 10 8 11 9 11
m13_76 13 26 0 7 0 9 0 12 1 8 1 11 1 12 2 8 2 11 2 12 3 8 3 11 3 12 4 9 4 10 4 12 5 9 5 10 5 12 6 10 6 11 6 12 7 10 7 11 8 9 8 10 9 11
m13_77 13 28 0 7 0 9 0 11 1 8 1 11 1 12 2 8 2 11 2 12 3 8 3 11 3 12 4 9 4 10 4 11 4 12 5 9 5 10 5 11 5 12 6 9 6 10 6 11 6 12 7 10 7 12 8 9 8 10
m13_78 13 29 0 7 0 8 0 9 0 11 1 8 1 9 1 11 1 12 2 8 2 9 2 11 2 12 3 8 3 9 3 11 3 12 4 10 4 11 4 12 5 10 5 11 5 12 6 10 6 11 6 12 7 10 7 12 8 10 9 10
m13_79 13 26 0 7 0 8 0 9 0 12 1 8 1 11 1 12 2 8 2 11 2 12 3 8 3 11 3 12 4 9 4 10 4 12 5 9 5 10 5 12 6 9 6 10 6 12 7 10 7 11 8 10 9 11
m13_80 13 31 0 7 0 8 0 10 0 11 1 8 1 10 1 11 1 12 2 8 2 10 2 11 2 12 3 8 3 10 3 11 3 12 4 9 4 10 4 11 4 12 5 9 5 10 5 11 5 12 6 9 6 10 6 11 6 12 7 9 7 12 8 9
m13_81 13 36 0 7 0 8 0 9 0 10 0 11 1 8 1 9 1 10 1 11 1 12 2 8 2 9 2 10 2 11 2 12 3 8 3 9 3 10 3 11 3 12 4 8 4 9 4 10 4 11 4 12 5 8 5 9 5 10 5 11 5 12 6 8 6 9 6 10 6 11 6 12 7 12
m13_82 13 36 0 7 0 8 0 9 0 10 1 8 1 9 1 10 1 11 1 12 2 8 2 9 2 10 2 11 2 12 3 8 3 9 3 10 3 11 3 12 4 8 4 9 4 10 4 11 4 12 5 8 5 9 5 10 5 11 5 12 6 8 6 9 6 10 6 11 6 12 7 11 7 12
m13_83 13 28 0 7 0 8 0 9 0 11 1 7 1 8 1 9 1 11 2 9 2 11 2 12 3 9 3 11 3 12 4 10 4 11 4 12 5 10 5 11 5 12 6 10 6 11 6 12 7 10 7 12 8 10 8 12 9 10
m13_84 13 32 0 7 0 8 0 9 0 11 0 12 1 7 1 8 1 9 1 11 1 12 2 9 2 10 2 11 2 12 3 9 3 10 3 11 3 12 4 9 4 10 4 11 4 12 5 9 5 10 5 11 5 12 6 9 6 10 6 11 6 12 7 10 8 10
m13_85 13 32 0 7 0 8 0 9 0 11 1 7 1 8 1 9 1 11 2 9 2 10 2 11 2 12 3 9 3 10 3 11 3 12 4 9 4 10 4 11 4 12 5 9 5 10 5 11 5 12 6 9 6 10 6 11 6 12 7 10 7 12 8 10 8 12
m13_86 13 24 0 7 0 8 0 12 1 7 1 9 1 11 2 8 2 9 2 10 3 10 3 11 3 12 4 10 4 11 4 12 5 10 5 11 5 12 6 10 6 11 6 12 7 10 8 11 9 12
m13_87 13 26 0 7 0 8 0 12 1 7 1 11 1 12 2 8 2 9 2 12 3 9 3 10 3 12 4 10 4 11 4 12 5 10 5 11 5 12 6 10 6 11 6 12 7 9 7 10 8 10 8 11 9 11
m13_88 13 26 0 7 0 8 0 12 1 7 1 10 1 12 2 8 2 9 2 12 3 9 3 11 3 12 4 9 4 11 4 12 5 10 5 11 5 12 6 10 6 11 6 12 7 9 7 11 8 10 8 11 9 10
m13_89 13 29 0 7 0 8 0 12 1 7 1 11 1 12 2 8 2 9 2 10 2 12 3 9 3 10 3 11 3 12 4 9 4 10 4 11 4 12 5 9 5 10 5 11 5 12 6 9 6 10 6 11 6 12 7 9 7 10 8 11
m13_90 13 30 0 7 0 8 0 11 0 12 1 7 1 10 1 11 1 12 2 8 2 9 2 11 2 12 3 9 3 10 3 11 3 12 4 9 4 10 4 11 4 12 5 9 5 10 5 11 5 12 6 9 6 10 6 11 6 12 7 9 8 10
m13_91 13 29 0 7 0 8 0 12 1 7 1 11 1 12 2 8 2 10 2 12 3 9 3 10 3 11 3 12 4 9 4 10 4 11 4 12 5 9 5 10 5 11 5 12 6 9 6 10 6 11 6 12 7 9 7 10 8 9 8 11
m13_92 13 28 0 7 0 8 0 9 0 11 1 7 1 8 1 9 1 11 2 8 2 9 2 10 2 11 3 10 3 11 3 12 4 10 4 11 4 12 5 10 5 11 5 12 6 10 6 11 6 12 7 10 7 12 8 12 9 12
m13_93 13 27 0 7 0 8 0 9 0 12 1 7 1 8 1 9 1 12 2 8 2 11 2 12 3 9 3 10 3 12 4 10 4 11 4 12 5 10 5 11 5 12 6 10 6 11 6 12 7 10 7 11 8 10 9 11
m13_94 13 27 0 7 0 8 0 10 0 12 1 7 1 8 1 10 1 12 2 8 2 9 2 12 3 9 3 11 3 12 4 9 4 11 4 12 5 10 5 11 5 12 6 10 6 11 6 12 7 9 7 11 8 11 9 10
m13_95 13 30 0 7 0 8 0 12 1 7 1 8 1 12 2 8 2 9 2 10 2 12 3 9 3 10 3 11 3 12 4 9 4 10 4 11 4 12 5 9 5 10 5 11 5 12 6 9 6 10 6 11 6 12 7 9 7 10 7 11 8 11
m13_96 13 31 0 7 0 8 0 11 0 12 1 7 1 8 1 11 1 12 2 8 2 9 2 11 2 12 3 9 3 10 3 11 3 12 4 9 4 10 4 11 4 12 5 9 5 10 5 11 5 12 6 9 6 10 6 11 6 12 7 9 7 10 8 10
m13_97 13 30 0 7 0 8 0 12 1 7 1 8 1 12 2 8 2 9 2 12 3 9 3 10 3 11 3 12 4 9 4 10 4 11 4 12 5 9 5 10 5 11 5 12 6 9 6 10 6 11 6 12 7 9 7 10 7 11 8 10 8 11
m13_98 13 26 0 7 0 9 0 12 1 7 1 9 1 12 2 8 2 9 2 11 3 8 3 9 3 11 4 10 4 11 4 12 5 10 5 11 5 12 6 10 6 11 6 12 7 10 7 11 8 10 8 12 9 10
m13_99 13 26 0 7 0 11 0 12 1 7 1 11 1 12 2 8 2 9 2 12 3 8 3 9 3 12 4 10 4 11 4 12 5 10 5 11 5 12 6 10 6 11 6 12 7 9 7 10 8 10 8 11 9 11
m13_100 13 26 0 7 0 11 0 12 1 7 1 11 1 12 2 8 2 9 2 12 3 8 3 9 3 12 4 9 4 10 4 12 5 10 5 11 5 12 6 10 6 11 6 12 7 9 7 10 8 10 8 11 9 11
m13_101 13 26 0 7 0 10 0 12 1 7 1 10 1 12 2 8 2 10 2 11 3 8 3 10 3 11 4 9 4 11 4 12 5 9 5 11 5 12 6 10 6 11 6 12 7 9 7 11 8 9 8 12 9 10
m13_102 13 28 0 7 0 11 0 12 1 7 1 11 1 12 2 8 2 10 2 12 3 8 3 10 3 12 4 9 4 10 4 11 4 12 5 9 5 10 5 11 5 12 6 9 6 10 6 11 6 12 7 9 7 10 8 9 8 11
m13_103 13 27 0 7 0 8 0 9 0 12 1 7 1 10 1 12 2 8 2 9 2 11 2 12 3 8 3 9 3 11 3 12 4 10 4 11 4 12 5 10 5 11 5 12 6 10 6 11 6 12 7 11 8 10 9 10
m13_104 13 24 0 7 0 8 0 11 1 7 1 9 1 10 2 8 2 9 2 12 3 8 3 9 3 12 4 10 4 11 4 12 5 10 5 11 5 12 6 10 6 11 6 12 7 12 8 10 9 11
m13_105 13 26 0 7 0 8 0 12 1 7 1 9 1 12 2 8 2 11 2 12 3 8 3 11 3 12 4 9 4 10 4 12 5 9 5 10 5 12 6 10 6 11 6 12 7 10 7 11 8 9 8 10 9 11
m13_106 13 30 0 7 0 8 0 11 0 12 1 7 1 9 1 11 1 12 2 8 2 10 2 11 2 12 3 8 3 10 3 11 3 12 4 9 4 10 4 11 4 12 5 9 5 10 5 11 5 12 6 9 6 10 6 11 6 12 7 10 8 9
m13_107 13 29 0 7 0 8 0 12 1 7 1 9 1 12 2 8 2 10 2 11 2 12 3 8 3 10 3 11 3 12 4 9 4 10 4 11 4 12 5 9 5 10 5 11 5 12 6 9 6 10 6 11 6 12 7 10 7 11 8 9
m13_108 13 28 0 7 0 8 0 12 1 7 1 9 1 10 1 12 2 8 2 11 2 12 3 8 3 11 3 12 4 9 4 10 4 11 4 12 5 9 5 10 5 11 5 12 6 9 6 10 6 11 6 12 7 11 8 9 8 10
m13_109 13 28 0 7 0 8 0 12 1 7 1 10 1 12 2 8 2 11 2 12 3 8 3 11 3 12 4 9 4 10 4 11 4 12 5 9 5 10 5 11 5 12 6 9 6 10 6 11 6 12 7 9 7 11 8 9 8 10
m13_110 13 29 0 7 0 8 0 9 0 12 1 7 1 8 1 9 1 12 2 8 2 9 2 11 2 12 3 8 3 9 3 11 3 12 4 10 4 11 4 12 5 10 5 11 5 12 6 10 6 11 6 12 7 10 7 11 8 10 9 10
m13_111 13 27 0 7 0 9 0 11 0 12 1 7 1 9 1 11 1 12 2 8 2 9 2 12 3 8 3 10 3 12 4 10 4 11 4 12 5 10 5 11 5 12 6 10 6 11 6 12 7 8 7 10 8 11 9 10
m13_112 13 26 0 7 0 9 0 12 1 7 1 9 1 12 2 8 2 9 2 12 3 8 3 11 3 12 4 10 4 11 4 12 5 10 5 11 5 12 6 10 6 11 6 12 7 8 7 11 8 10 9 10 9 11
m13_113 13 26 0 7 0 11 0 12 1 7 1 11 1 12 2 8 2 11 2 12 3 8 3 11 3 12 4 9 4 10 4 12 5 9 5 10 5 12 6 9 6 10 6 12 7 8 7 9 8 10 9 11 10 11
m13_114 13 27 0 7 0 10 0 11 0 12 1 7 1 10 1 11 1 12 2 8 2 10 2 12 3 8 3 10 3 12 4 9 4 11 4 12 5 9 5 11 5 12 6 9 6 11 6 12 7 8 7 9 8 11 9 10
m13_115 13 26 0 7 0 10 0 11 1 7 1 10 1 11 2 8 2 10 2 12 3 8 3 10 3 12 4 9 4 11 4 12 5 9 5 11 5 12 6 9 6 11 6 12 7 8 7 9 7 12 8 11 9 10
m13_116 13 31 0 7 0 10 0 11 0 12 1 7 1 10 1 11 1 12 2 8 2 9 2 11 2 12 3 8 3 9 3 11 3 12 4 9 4 10 4 11 4 12 5 9 5 10 5 11 5 12 6 9 6 10 6 11 6 12 7 8 7 9 8 10
m13_117 13 30 0 7 0 10 0 12 1 7 1 10 1 12 2 8 2 9 2 11 2 12 3 8 3 9 3 11 3 12 4 9 4 10 4 11 4 12 5 9 5 10 5 11 5 12 6 9 6 10 6 11 6 12 7 8 7 9 7 11 8 10
m13_118 13 29 0 7 0 11 0 12 1 7 1 11 1 12 2 8 2 9 2 10 2 12 3 8 3 9 3 10 3 12 4 8 4 9 4 10 4 12 5 10 5 11 5 12 6 10 6 11 6 12 7 8 7 9 7 10 8 11 9 11
m13_119 13 27 0 7 0 10 0 11 0 12 1 7 1 10 1 11 1 12 2 8 2 9 2 12 3 8 3 11 3 12 4 8 4 11 4 12 5 9 5 10 5 12 6 9 6 10 6 12 7 8 7 9 8 10 9 11
m13_120 13 31 0 7 0 9 0 11 0 12 1 7 1 9 1 11 1 12 2 8 2 10 2 11 2 12 3 8 3 10 3 11 3 12 4 8 4 10 4 11 4 12 5 9 5 10 5 11 5 12 6 9 6 10 6 11 6 12 7 8 7 10 8 9
m13_121 13 30 0 7 0 9 0 12 1 7 1 9 1 12 2 8 2 10 2 11 2 12 3 8 3 10 3 11 3 12 4 8 4 10 4 11 4 12 5 9 5 10 5 11 5 12 6 9 6 10 6 11 6 12 7 8 7 10 7 11 8 9
m13_122 13 36 0 7 0 9 0 10 0 11 0 12 1 7 1 9 1 10 1 11 1 12 2 8 2 9 2 10 2 11 2 12 3 8 3 9 3 10 3 11 3 12 4 8 4 9 4 10 4 11 4 12 5 8 5 9 5 10 5 11 5 12 6 8 6 9 6 10 6 11 6 12 7 8
m13_123 13 35 0 7 0 10 0 11 0 12 1 7 1 10 1 11 1 12 2 8 2 9 2 10 2 11 2 12 3 8 3 9 3 10 3 11 3 12 4 8 4 9 4 10 4 11 4 12 5 8 5 9 5 10 5 11 5 12 6 8 6 9 6 10 6 11 6 12 7 8 7 9
m13_124 13 34 0 7 0 11 0 12 1 7 1 11 1 12 2 8 2 9 2 10 2 11 2 12 3 8 3 9 3 10 3 11 3 12 4 8 4 9 4 10 4 11 4 12 5 8 5 9 5 10 5 11 5 12 6 8 6 9 6 10 6 11 6 12 7 8 7 9 7 10
m13_125 13 33 0 7 0 12 1 7 1 12 2 8 2 9 2 10 2 11 2 12 3 8 3 9 3 10 3 11 3 12 4 8 4 9 4 10 4 11 4 12 5 8 5 9 5 10 5 11 5 12 6 8 6 9 6 10 6 11 6 12 7 8 7 9 7 10 7 11
m13_126 13 30 0 7 0 8 0 9 0 10 0 12 1 7 1 8 1 9 1 10 1 12 2 7 2 8 2 9 2 10 2 12 3 10 3 11 3 12 4 10 4 11 4 12 5 10 5 11 5 12 6 10 6 11 6 12 7 11 8 11 9 11
m13_127 13 29 0 7 0 8 0 9 0 12 1 7 1 8 1 9 1 12 2 7 2 8 2 9 2 12 3 9 3 10 3 12 4 10 4 11 4 12 5 10 5 11 5 12 6 10 6 11 6 12 7 10 7 11 8 10 8 11 9 11
m13_128 13 27 0 7 0 8 0 9 0 12 1 7 1 8 1 10 1 12 2 7 2 8 2 10 2 12 3 9 3 11 3 12 4 9 4 11 4 12 5 10 5 11 5 12 6 10 6 11 6 12 7 11 8 11 9 10
m13_129 13 33 0 7 0 8 0 10 0 11 0 12 1 7 1 8 1 10 1 11 1 12 2 7 2 8 2 10 2 11 2 12 3 9 3 10 3 11 3 12 4 9 4 10 4 11 4 12 5 9 5 10 5 11 5 12 6 9 6 10 6 11 6 12 7 9 8 9
m13_130 13 32 0 7 0 8 0 11 0 12 1 7 1 8 1 11 1 12 2 7 2 8 2 11 2 12 3 9 3 10 3 11 3 12 4 9 4 10 4 11 4 12 5 9 5 10 5 11 5 12 6 9 6 10 6 11 6 12 7 9 7 10 8 9 8 10
m13_131 13 31 0 7 0 8 0 12 1 7 1 8 1 12 2 7 2 8 2 12 3 9 3 10 3 11 3 12 4 9 4 10 4 11 4 12 5 9 5 10 5 11 5 12 6 9 6 10 6 11 6 12 7 9 7 10 7 11 8 9 8 10 8 11
m13_132 13 27 0 7 0 8 0 9 0 12 1 7 1 8 1 9 1 12 2 7 2 9 2 10 2 12 3 8 3 11 3 12 4 10 4 11 4 12 5 10 5 11 5 12 6 10 6 11 6 12 7 11 8 10 9 11
m13_133 13 28 0 7 0 8 0 12 1 7 1 8 1 12 2 7 2 11 2 12 3 8 3 9 3 10 3 12 4 9 4 10 4 11 4 12 5 9 5 10 5 11 5 12 6 9 6 10 6 11 6 12 7 9 7 10 8 11
m13_134 13 30 0 7 0 8 0 11 0 12 1 7 1 8 1 11 1 12 2 7 2 10 2 11 2 12 3 8 3 9 3 11 3 12 4 9 4 10 4 11 4 12 5 9 5 10 5 11 5 12 6 9 6 10 6 11 6 12 7 9 8 10
m13_135 13 28 0 7 0 8 0 12 1 7 1 8 1 12 2 7 2 11 2 12 3 8 3 10 3 12 4 9 4 10 4 11 4 12 5 9 5 10 5 11 5 12 6 9 6 10 6 11 6 12 7 9 7 10 8 9 8 11
m13_136 13 29 0 7 0 8 0 9 0 12 1 7 1 8 1 9 1 12 2 7 2 8 2 9 2 12 3 8 3 9 3 10 3 12 4 10 4 11 4 12 5 10 5 11 5 12 6 10 6 11 6 12 7 10 7 11 8 11 9 11
m13_137 13 24 0 7 0 8 0 9 1 7 1 11 1 12 2 7 2 11 2 12 3 8 3 10 3 12 4 8 4 10 4 12 5 9 5 10 5 11 6 9 6 10 6 11 7 10 8 11 9 12
m13_138 13 28 0 7 0 8 0 12 1 7 1 11 1 12 2 7 2 11 2 12 3 8 3 9 3 10 3 12 4 8 4 9 4 10 4 12 5 9 5 10 5 11 5 12 6 9 6 10 6 11 6 12 7 9 7 10 8 11
m13_139 13 30 0 7 0 8 0 11 0 12 1 7 1 10 1 11 1 12 2 7 2 10 2 11 2 12 3 8 3 9 3 11 3 12 4 8 4 9 4 11 4 12 5 9 5 10 5 11 5 12 6 9 6 10 6 11 6 12 7 9 8 10
m13_140 13 31 0 7 0 10 0 11 0 12 1 7 1 10 1 11 1 12 2 7 2 10 2 11 2 12 3 8 3 9 3 11 3 12 4 8 4 9 4 11 4 12 5 8 5 9 5 11 5 12 6 9 6 10 6 11 6 12 7 8 7 9 8 10
m13_141 13 36 0 7 0 9 0 10 0 11 0 12 1 7 1 9 1 10 1 11 1 12 2 7 2 9 2 10 2 11 2 12 3 8 3 9 3 10 3 11 3 12 4 8 4 9 4 10 4 11 4 12 5 8 5 9 5 10 5 11 5 12 6 8 6 9 6 10 6 11 6 12 7 8
m13_142 13 34 0 7 0 10 0 11 0 12 1 7 1 10 1 11 1 12 2 7 2 10 2 11 2 12 3 8 3 9 3 10 3 11 3 12 4 8 4 9 4 10 4 11 4 12 5 8 5 9 5 10 5 11 5 12 6 8 6 9 6 10 6 11 6 12 7 8 7 9
m13_143 13 30 0 7 0 8 0 9 0 10 0 11 1 7 1 8 1 9 1 10 1 11 2 7 2 8 2 9 2 10 2 11 3 7 3 8 3 9 3 10 3 11 4 11 4 12 5 11 5 12 6 11 6 12 7 12 8 12 9 12 10 12
m13_144 13 32 0 7 0 8 0 9 0 11 0 12 1 7 1 8 1 9 1 11 1 12 2 7 2 8 2 9 2 11 2 12 3 7 3 8 3 9 3 11 3 12 4 10 4 11 4 12 5 10 5 11 5 12 6 10 6 11 6 12 7 10 8 10 9 10
m13_145 13 42 0 7 0 8 0 9 0 10 0 11 0 12 1 7 1 8 1 9 1 10 1 11 1 12 2 7 2 8 2 9 2 10 2 11 2 12 3 7 3 8 3 9 3 10 3 11 3 12 4 7 4 8 4 9 4 10 4 11 4 12 5 7 5 8 5 9 5 10 5 11 5 12 6 7 6 8 6 9 6 10 6 11 6 12
m13_146 13 27 0 6 0 9 0 12 1 7 1 9 1 11 2 8 2 9 2 10 3 9 3 10 3 11 3 12 4 9 4 10 4 11 4 12 5 9 5 10 5 11 5 12 6 10 6 11 7 10 7 12 8 11 8 12
m13_147 13 29 0 6 0 8 0 9 0 12 1 7 1 8 1 9 1 11 2 8 2 9 2 11 2 12 3 9 3 10 3 11 3 12 4 9 4 10 4 11 4 12 5 9 5 10 5 11 5 12 6 10 6 11 7 10 7 12 8 10
m13_148 13 25 0 6 0 8 0 12 1 7 1 8 1 11 2 8 2 9 2 11 2 12 3 10 3 11 3 12 4 10 4 11 4 12 5 10 5 11 5 12 6 9 6 11 7 9 7 12 8 10 9 10
m13_149 13 29 0 6 0 8 0 12 1 7 1 8 1 10 1 11 2 8 2 10 2 11 2 12 3 9 3 10 3 11 3 12 4 9 4 10 4 11 4 12 5 9 5 10 5 11 5 12 6 9 6 10 6 11 7 9 7 12 8 9
m13_150 13 29 0 6 0 8 0 11 1 7 1 8 1 10 2 8 2 10 2 11 2 12 3 9 3 10 3 11 3 12 4 9 4 10 4 11 4 12 5 9 5 10 5 11 5 12 6 9 6 10 6 12 7 9 7 11 7 12 8 9
m13_151 13 29 0 6 0 8 0 12 1 7 1 8 1 11 2 8 2 11 2 12 3 9 3 10 3 11 3 12 4 9 4 10 4 11 4 12 5 9 5 10 5 11 5 12 6 9 6 10 6 11 7 9 7 10 7 12 8 9 8 10
m13_152 13 26 0 6 0 9 0 12 1 7 1 9 1 11 2 8 2 11 2 12 3 8 3 11 3 12 4 9 4 10 4 11 4 12 5 9 5 10 5 11 5 12 6 10 6 11 7 10 7 12 8 9 8 10
m13_153 13 28 0 6 0 8 0 9 0 11 1 7 1 8 1 9 1 10 2 8 2 9 2 10 2 11 3 8 3 9 3 10 3 11 4 10 4 11 4 12 5 10 5 11 5 12 6 10 6 12 7 11 7 12 8 12 9 12
m13_154 13 29 0 6 0 8 0 11 0 12 1 7 1 8 1 10 1 12 2 8 2 10 2 11 2 12 3 8 3 10 3 11 3 12 4 9 4 10 4 11 4 12 5 9 5 10 5 11 5 12 6 9 6 10 7 9 7 11 8 9
m13_155 13 29 0 6 0 8 0 11 1 7 1 8 1 10 1 12 2 8 2 10 2 11 2 12 3 8 3 10 3 11 3 12 4 9 4 10 4 11 4 12 5 9 5 10 5 11 5 12 6 9 6 10 6 12 7 9 7 11 8 9
m13_156 13 32 0 6 0 8 0 11 0 12 1 7 1 8 1 10 1 12 2 8 2 9 2 10 2 11 2 12 3 8 3 9 3 10 3 11 3 12 4 8 4 9 4 10 4 11 4 12 5 8 5 9 5 10 5 11 5 12 6 9 6 10 7 9 7 11
m13_157 13 30 0 6 0 7 0 8 0 9 1 7 1 8 1 9 1 11 2 8 2 9 2 11 2 12 3 9 3 10 3 11 3 12 4 9 4 10 4 11 4 12 5 9 5 10 5 11 5 12 6 10 6 11 6 12 7 10 7 12 8 10
m13_158 13 27 0 6 0 7 0 8 0 10 1 7 1 8 1 9 1 10 2 8 2 9 2 10 2 12 3 10 3 11 3 12 4 10 4 11 4 12 5 10 5 11 5 12 6 9 6 12 7 11 7 12 8 11 9 11
m13_159 13 27 0 6 0 7 0 8 0 9 1 7 1 8 1 9 1 12 2 8 2 11 2 12 3 8 3 11 3 12 4 9 4 10 4 12 5 9 5 10 5 12 6 10 6 11 6 12 7 10 7 11 8 10 9 11
m13_160 13 30 0 6 0 7 0 8 0 10 1 7 1 8 1 10 1 12 2 8 2 10 2 11 2 12 3 8 3 10 3 11 3 12 4 9 4 10 4 11 4 12 5 9 5 10 5 11 5 12 6 9 6 11 6 12 7 9 7 11 8 9
m13_161 13 33 0 6 0 7 0 8 0 9 0 10 1 7 1 8 1 9 1 10 1 12 2 8 2 9 2 10 2 11 2 12 3 8 3 9 3 10 3 11 3 12 4 8 4 9 4 10 4 11 4 12 5 8 5 9 5 10 5 11 5 12 6 11 6 12 7 11
m13_162 13 33 0 6 0 7 0 8 0 9 1 7 1 8 1 9 1 11 1 12 2 8 2 9 2 10 2 11 2 12 3 8 3 9 3 10 3 11 3 12 4 8 4 9 4 10 4 11 4 12 5 8 5 9 5 10 5 11 5 12 6 10 6 11 6 12 7 10
m13_163 13 33 0 6 0 7 0 8 0 9 1 7 1 8 1 9 1 12 2 8 2 9 2 10 2 11 2 12 3 8 3 9 3 10 3 11 3 12 4 8 4 9 4 10 4 11 4 12 5 8 5 9 5 10 5 11 5 12 6 10 6 11 6 12 7 10 7 11
m13_164 13 33 0 6 0 7 0 8 1 7 1 8 1 10 1 11 1 12 2 8 2 9 2 10 2 11 2 12 3 8 3 9 3 10 3 11 3 12 4 8 4 9 4 10 4 11 4 12 5 8 5 9 5 10 5 11 5 12 6 9 6 10 6 11 6 12 7 9
m13_165 13 29 0 6 0 7 0 9 0 10 0 12 1 7 1 8 1 9 1 10 2 9 2 10 2 11 2 12 3 9 3 10 3 11 3 12 4 9 4 10 4 11 4 12 5 9 5 10 5 11 5 12 6 8 6 11 7 11 8 12
m13_166 13 29 0 6 0 7 0 9 1 7 1 8 1 9 1 10 2 9 2 10 2 11 2 12 3 9 3 10 3 11 3 12 4 9 4 10 4 11 4 12 5 9 5 10 5 11 5 12 6 8 6 10 6 12 7 11 7 12 8 11
m13_167 13 29 0 6 0 7 0 9 1 7 1 8 1 9 1 10 2 9 2 10 2 11 2 12 3 9 3 10 3 11 3 12 4 9 4 10 4 11 4 12 5 9 5 10 5 11 5 12 6 8 6 10 7 11 7 12 8 11 8 12
m13_168 13 29 0 6 0 7 0 9 0 10 0 11 1 7 1 8 1 10 1 11 2 8 2 10 2 11 2 12 3 9 3 10 3 11 3 12 4 9 4 10 4 11 4 12 5 9 5 10 5 11 5 12 6 8 6 12 7 12 8 9
m13_169 13 29 0 6 0 7 0 9 0 10 1 7 1 8 1 10 1 11 2 8 2 10 2 11 2 12 3 9 3 10 3 11 3 12 4 9 4 10 4 11 4 12 5 9 5 10 5 11 5 12 6 8 6 11 6 12 7 12 8 9
m13_170 13 29 0 6 0 7 0 9 0 10 1 7 1 8 1 10 2 8 2 10 2 11 2 12 3 9 3 10 3 11 3 12 4 9 4 10 4 11 4 12 5 9 5 10 5 11 5 12 6 8 6 11 6 12 7 11 7 12 8 9
m13_171 13 28 0 6 0 7 0 9 0 10 0 11 1 7 1 8 1 11 2 8 2 11 2 12 3 9 3 10 3 11 3 12 4 9 4 10 4 11 4 12 5 9 5 10 5 11 5 12 6 8 6 12 7 12 8 9 8 10
m13_172 13 28 0 6 0 7 0 9 0 11 1 7 1 8 1 11 2 8 2 11 2 12 3 9 3 10 3 11 3 12 4 9 4 10 4 11 4 12 5 9 5 10 5 11 5 12 6 8 6 12 7 10 7 12 8 9 8 10
m13_173 13 27 0 6 0 9 0 10 1 7 1 8 1 9 1 12 2 7 2 8 2 9 2 12 3 9 3 10 3 12 4 10 4 11 4 12 5 10 5 11 5 12 6 11 6 12 7 10 7 11 8 10 8 11 9 11
m13_174 13 29 0 6 0 9 0 10 1 7 1 8 1 9 1 11 2 7 2 8 2 9 2 11 3 9 3 10 3 11 3 12 4 9 4 10 4 11 4 12 5 9 5 10 5 11 5 12 6 11 6 12 7 10 7 12 8 10 8 12
m13_175 13 27 0 6 0 8 0 10 0 12 1 7 1 8 1 9 1 10 2 7 2 8 2 9 2 10 3 10 3 11 3 12 4 10 4 11 4 12 5 10 5 11 5 12 6 9 6 11 7 11 7 12 8 11 9 12
m13_176 13 27 0 6 0 8 0 10 0 12 1 7 1 8 1 9 1 12 2 7 2 8 2 9 2 12 3 9 3 11 3 12 4 10 4 11 4 12 5 10 5 11 5 12 6 9 6 11 7 10 7 11 8 11 9 10
m13_177 13 28 0 6 0 8 0 9 0 10 1 7 1 8 1 12 2 7 2 8 2 12 3 9 3 10 3 11 3 12 4 9 4 10 4 11 4 12 5 9 5 10 5 11 5 12 6 11 6 12 7 9 7 10 7 11 8 11
m13_178 13 29 0 6 0 8 0 9 0 11 1 7 1 8 1 11 1 12 2 7 2 8 2 11 2 12 3 9 3 10 3 11 3 12 4 9 4 10 4 11 4 12 5 9 5 10 5 11 5 12 6 10 6 12 7 9 7 10 8 10
m13_179 13 29 0 6 0 8 0 9 1 7 1 8 1 11 1 12 2 7 2 8 2 11 2 12 3 9 3 10 3 11 3 12 4 9 4 10 4 11 4 12 5 9 5 10 5 11 5 12 6 10 6 11 6 12 7 9 7 10 8 10
m13_180 13 29 0 6 0 8 0 9 1 7 1 8 1 12 2 7 2 8 2 12 3 9 3 10 3 11 3 12 4 9 4 10 4 11 4 12 5 9 5 10 5 11 5 12 6 10 6 11 6 12 7 9 7 10 7 11 8 10 8 11
m13_181 13 28 0 6 0 8 0 9 0 10 1 7 1 8 1 9 1 12 2 7 2 8 2 9 2 12 3 8 3 9 3 10 3 12 4 10 4 11 4 12 5 10 5 11 5 12 6 11 6 12 7 10 7 11 8 11 9 11
m13_182 13 25 0 6 0 9 0 12 1 7 1 11 1 12 2 7 2 11 2 12 3 8 3 10 3 12 4 8 4 10 4 12 5 9 5 10 5 11 5 12 6 10 6 11 7 9 7 10 8 9 8 11
m13_183 13 27 0 6 0 8 0 9 0 10 1 7 1 9 1 10 1 11 2 7 2 9 2 10 2 11 3 8 3 10 3 12 4 10 4 11 4 12 5 10 5 11 5 12 6 11 6 12 7 8 7 12 8 11 9 12
m13_184 13 28 0 6 0 8 0 9 0 11 1 7 1 11 1 12 2 7 2 11 2 12 3 8 3 9 3 10 3 11 4 9 4 10 4 11 4 12 5 9 5 10 5 11 5 12 6 10 6 12 7 8 7 9 7 10 8 12
m13_185 13 28 0 6 0 8 0 12 1 7 1 11 1 12 2 7 2 11 2 12 3 8 3 9 3 10 3 12 4 9 4 10 4 11 4 12 5 9 5 10 5 11 5 12 6 9 6 10 6 11 7 8 7 9 7 10 8 11
m13_186 13 29 0 6 0 8 0 11 0 12 1 7 1 10 1 11 1 12 2 7 2 10 2 11 2 12 3 8 3 9 3 11 3 12 4 9 4 10 4 11 4 12 5 9 5 10 5 11 5 12 6 9 6 10 7 8 7 9 8 10
m13_187 13 29 0 6 0 8 0 12 1 7 1 10 1 11 1 12 2 7 2 10 2 11 2 12 3 8 3 9 3 11 3 12 4 9 4 10 4 11 4 12 5 9 5 10 5 11 5 12 6 9 6 10 6 11 7 8 7 9 8 10
m13_188 13 29 0 6 0 8 0 12 1 7 1 10 1 11 1 12 2 7 2 10 2 11 2 12 3 8 3 9 3 12 4 9 4 10 4 11 4 12 5 9 5 10 5 11 5 12 6 9 6 10 6 11 7 8 7 9 8 10 8 11
m13_189 13 28 0 6 0 8 0 9 0 12 1 7 1 11 1 12 2 7 2 11 2 12 3 8 3 9 3 10 3 12 4 8 4 9 4 10 4 12 5 9 5 10 5 11 5 12 6 10 6 11 7 8 7 9 7 10 8 11
m13_190 13 28 0 6 0 8 0 12 1 7 1 11 1 12 2 7 2 11 2 12 3 8 3 9 3 10 3 12 4 8 4 9 4 10 4 12 5 9 5 10 5 11 5 12 6 9 6 10 6 11 7 8 7 9 7 10 8 11
m13_191 13 29 0 6 0 8 0 11 0 12 1 7 1 9 1 11 1 12 2 7 2 9 2 11 2 12 3 8 3 10 3 11 3 12 4 8 4 10 4 11 4 12 5 9 5 10 5 11 5 12 6 9 6 10 7 8 7 10 8 9
m13_192 13 29 0 6 0 8 0 12 1 7 1 9 1 11 1 12 2 7 2 9 2 11 2 12 3 8 3 10 3 11 3 12 4 8 4 10 4 11 4 12 5 9 5 10 5 11 5 12 6 9 6 10 6 11 7 8 7 10 8 9
m13_193 13 30 0 6 0 8 0 9 0 12 1 7 1 11 1 12 2 7 2 11 2 12 3 8 3 9 3 10 3 11 3 12 4 8 4 9 4 10 4 11 4 12 5 8 5 9 5 10 5 11 5 12 6 10 6 11 7 8 7 9 7 10
m13_194 13 31 0 6 0 8 0 10 0 11 1 7 1 10 1 11 1 12 2 7 2 10 2 11 2 12 3 8 3 9 3 10 3 11 3 12 4 8 4 9 4 10 4 11 4 12 5 8 5 9 5 10 5 11 5 12 6 9 6 12 7 8 7 9
m13_195 13 28 0 6 0 7 0 8 0 11 1 7 1 8 1 9 1 10 1 11 2 7 2 8 2 9 2 10 2 11 3 10 3 11 3 12 4 10 4 11 4 12 5 10 5 11 5 12 6 9 6 10 7 12 8 12 9 12
m13_196 13 27 0 6 0 7 0 8 0 10 1 7 1 8 1 9 1 11 2 7 2 8 2 9 2 11 3 10 3 11 3 12 4 10 4 11 4 12 5 10 5 11 5 12 6 9 6 11 6 12 7 12 8 12 9 10
m13_197 13 27 0 6 0 7 0 8 0 10 1 7 1 8 1 9 1 11 2 7 2 8 2 9 2 11 3 10 3 11 3 12 4 10 4 11 4 12 5 10 5 11 5 12 6 9 6 11 7 12 8 12 9 10 9 12
m13_198 13 28 0 6 0 7 0 8 0 12 1 7 1 8 1 9 1 12 2 7 2 8 2 9 2 12 3 9 3 11 3 12 4 10 4 11 4 12 5 10 5 11 5 12 6 9 6 11 7 10 7 11 8 10 8 11 9 10
m13_199 13 31 0 6 0 7 0 8 0 11 0 12 1 7 1 8 1 10 1 11 1 12 2 7 2 8 2 10 2 11 2 12 3 9 3 10 3 11 3 12 4 9 4 10 4 11 4 12 5 9 5 10 5 11 5 12 6 9 6 10 7 9 8 9
m13_200 13 31 0 6 0 7 0 8 0 12 1 7 1 8 1 10 1 11 1 12 2 7 2 8 2 10 2 11 2 12 3 9 3 10 3 11 3 12 4 9 4 10 4 11 4 12 5 9 5 10 5 11 5 12 6 9 6 10 6 11 7 9 8 9
m13_201 13 31 0 6 0 7 0 8 0 12 1 7 1 8 1 11 1 12 2 7 2 8 2 11 2 12 3 9 3 10 3 11 3 12 4 9 4 10 4 11 4 12 5 9 5 10 5 11 5 12 6 9 6 10 6 11 7 9 7 10 8 9 8 10
m13_202 13 29 0 6 0 7 0 8 0 11 1 7 1 8 1 11 1 12 2 7 2 10 2 11 2 12 3 8 3 9 3 11 3 12 4 9 4 10 4 11 4 12 5 9 5 10 5 11 5 12 6 9 6 10 6 12 7 9 8 10
m13_203 13 28 0 6 0 7 0 8 0 12 1 7 1 11 1 12 2 7 2 11 2 12 3 8 3 9 3 10 3 12 4 8 4 9 4 10 4 12 5 9 5 10 5 11 5 12 6 9 6 10 6 11 7 9 7 10 8 11
m13_204 13 29 0 6 0 7 0 8 0 11 0 12 1 7 1 10 1 11 1 12 2 7 2 10 2 11 2 12 3 8 3 9 3 11 3 12 4 8 4 9 4 11 4 12 5 9 5 10 5 11 5 12 6 9 6 10 7 9 8 10
m13_205 13 29 0 6 0 7 0 8 0 11 1 7 1 10 1 11 1 12 2 7 2 10 2 11 2 12 3 8 3 9 3 11 3 12 4 8 4 9 4 11 4 12 5 9 5 10 5 11 5 12 6 9 6 10 6 12 7 9 8 10
m13_206 13 28 0 6 0 7 0 8 0 9 1 7 1 11 1 12 2 7 2 11 2 12 3 8 3 9 3 10 3 12 4 8 4 9 4 10 4 12 5 8 5 9 5 10 5 12 6 11 6 12 7 10 8 11 9 11 10 11
m13_207 13 28 0 6 0 7 0 11 0 12 1 7 1 8 1 12 2 7 2 8 2 12 3 9 3 10 3 11 3 12 4 9 4 10 4 11 4 12 5 9 5 10 5 11 5 12 6 8 6 9 6 10 7 9 7 10 8 11
m13_208 13 28 0 6 0 7 0 11 1 7 1 8 1 12 2 7 2 8 2 12 3 9 3 10 3 11 3 12 4 9 4 10 4 11 4 12 5 9 5 10 5 11 5 12 6 8 6 9 6 10 6 12 7 9 7 10 8 11
m13_209 13 29 0 6 0 7 0 10 0 11 0 12 1 7 1 8 1 11 1 12 2 7 2 8 2 11 2 12 3 9 3 10 3 11 3 12 4 9 4 10 4 11 4 12 5 9 5 10 5 11 5 12 6 8 6 9 7 9 8 10
m13_210 13 29 0 6 0 7 0 10 0 11 1 7 1 8 1 11 1 12 2 7 2 8 2 11 2 12 3 9 3 10 3 11 3 12 4 9 4 10 4 11 4 12 5 9 5 10 5 11 5 12 6 8 6 9 6 12 7 9 8 10
m13_211 13 29 0 6 0 7 0 11 0 12 1 7 1 8 1 11 1 12 2 7 2 8 2 11 2 12 3 9 3 10 3 11 3 12 4 9 4 10 4 11 4 12 5 9 5 10 5 11 5 12 6 8 6 9 7 9 7 10 8 10
m13_212 13 29 0 6 0 7 0 12 1 7 1 8 1 11 1 12 2 7 2 8 2 11 2 12 3 9 3 10 3 11 3 12 4 9 4 10 4 11 4 12 5 9 5 10 5 11 5 12 6 8 6 9 6 11 7 9 7 10 8 10
m13_213 13 28 0 6 0 7 0 11 0 12 1 7 1 8 1 12 2 7 2 8 2 12 3 9 3 10 3 11 3 12 4 9 4 10 4 11 4 12 5 9 5 10 5 11 5 12 6 8 6 9 7 9 7 10 8 10 8 11
m13_214 13 30 0 6 0 7 0 10 0 11 1 7 1 8 1 10 1 11 1 12 2 7 2 8 2 10 2 11 2 12 3 9 3 10 3 11 3 12 4 9 4 10 4 11 4 12 5 9 5 10 5 11 5 12 6 8 6 12 7 9 8 9
m13_215 13 29 0 6 0 7 0 10 0 11 1 7 1 8 1 11 1 12 2 7 2 10 2 11 2 12 3 8 3 9 3 11 3 12 4 9 4 10 4 11 4 12 5 9 5 10 5 11 5 12 6 8 6 9 6 12 7 9 8 10
m13_216 13 30 0 6 0 7 0 10 0 11 1 7 1 10 1 11 1 12 2 7 2 10 2 11 2 12 3 8 3 9 3 11 3 12 4 8 4 9 4 11 4 12 5 9 5 10 5 11 5 12 6 8 6 9 6 12 7 8 7 9 8 10
m13_217 13 33 0 6 0 7 0 10 0 11 0 12 1 7 1 9 1 10 1 11 1 12 2 7 2 9 2 10 2 11 2 12 3 8 3 9 3 10 3 11 3 12 4 8 4 9 4 10 4 11 4 12 5 8 5 9 5 10 5 11 5 12 6 8 6 9 7 8
m13_218 13 33 0 6 0 7 0 11 0 12 1 7 1 9 1 10 1 11 1 12 2 7 2 9 2 10 2 11 2 12 3 8 3 9 3 10 3 11 3 12 4 8 4 9 4 10 4 11 4 12 5 8 5 9 5 10 5 11 5 12 6 8 6 9 6 10 7 8
m13_219 13 33 0 6 0 7 0 12 1 7 1 9 1 10 1 11 1 12 2 7 2 9 2 10 2 11 2 12 3 8 3 9 3 10 3 11 3 12 4 8 4 9 4 10 4 11 4 12 5 8 5 9 5 10 5 11 5 12 6 8 6 9 6 10 6 11 7 8
m13_220 13 32 0 6 0 7 0 11 0 12 1 7 1 10 1 11 1 12 2 7 2 10 2 11 2 12 3 8 3 9 3 10 3 11 3 12 4 8 4 9 4 10 4 11 4 12 5 8 5 9 5 10 5 11 5 12 6 8 6 9 6 10 7 8 7 9
m13_221 13 32 0 6 0 7 0 12 1 7 1 10 1 11 1 12 2 7 2 10 2 11 2 12 3 8 3 9 3 10 3 11 3 12 4 8 4 9 4 10 4 11 4 12 5 8 5 9 5 10 5 11 5 12 6 8 6 9 6 10 6 11 7 8 7 9
m13_222 13 28 0 6 0 9 0 10 1 7 1 8 1 9 1 12 2 7 2 8 2 9 2 12 3 7 3 8 3 9 3 12 4 10 4 11 4 12 5 10 5 11 5 12 6 11 6 12 7 10 7 11 8 10 8 11 9 11
m13_223 13 29 0 6 0 9 0 11 1 7 1 8 1 11 1 12 2 7 2 8 2 11 2 12 3 7 3 8 3 11 3 12 4 9 4 10 4 11 4 12 5 9 5 10 5 11 5 12 6 10 6 12 7 9 7 10 8 9 8 10
m13_224 13 31 0 6 0 7 0 8 0 9 0 12 1 7 1 8 1 9 1 11 1 12 2 7 2 8 2 9 2 11 2 12 3 7 3 8 3 9 3 11 3 12 4 10 4 11 4 12 5 10 5 11 5 12 6 10 6 11 7 10 8 10 9 10
m13_225 13 37 0 6 0 7 0 8 0 9 0 10 0 12 1 7 1 8 1 9 1 10 1 11 1 12 2 7 2 8 2 9 2 10 2 11 2 12 3 7 3 8 3 9 3 10 3 11 3 12 4 7 4 8 4 9 4 10 4 11 4 12 5 7 5 8 5 9 5 10 5 11 5 12 6 11
m13_226 13 27 0 6 0 7 0 9 0 10 1 6 1 7 1 9 1 10 2 8 2 9 2 12 3 8 3 9 3 12 4 10 4 11 4 12 5 10 5 11 5 12 6 11 6 12 7 11 7 12 8 10 8 11 9 11
m13_227 13 27 0 6 0 7 0 9 0 11 1 6 1 7 1 9 1 11 2 8 2 11 2 12 3 8 3 11 3 12 4 9 4 10 4 11 5 10 5 11 5 12 6 10 6 12 7 10 7 12 8 9 8 10 9 12
m13_228 13 28 0 6 0 7 0 9 0 11 1 6 1 7 1 9 1 11 2 8 2 11 2 12 3 8 3 11 3 12 4 9 4 10 4 11 4 12 5 9 5 10 5 11 5 12 6 10 6 12 7 10 7 12 8 9 8 10
m13_229 13 30 0 6 0 7 0 8 0 9 0 10 1 6 1 7 1 8 1 9 1 10 2 8 2 9 2 10 2 12 3 8 3 9 3 10 3 12 4 10 4 11 4 12 5 10 5 11 5 12 6 11 6 12 7 11 7 12 8 11 9 11
m13_230 13 31 0 6 0 7 0 8 0 10 0 12 1 6 1 7 1 8 1 10 1 12 2 8 2 10 2 11 2 12 3 8 3 10 3 11 3 12 4 9 4 10 4 11 4 12 5 9 5 10 5 11 5 12 6 9 6 11 7 9 7 11 8 9
m13_231 13 34 0 6 0 7 0 8 0 10 0 12 1 6 1 7 1 8 1 10 1 12 2 8 2 9 2 10 2 11 2 12 3 8 3 9 3 10 3 11 3 12 4 8 4 9 4 10 4 11 4 12 5 8 5 9 5 10 5 11 5 12 6 9 6 11 7 9 7 11
m13_232 13 27 0 6 0 7 0 11 0 12 1 6 1 8 1 10 1 12 2 7 2 8 2 9 2 12 3 9 3 10 3 11 3 12 4 9 4 10 4 11 4 12 5 9 5 10 5 11 5 12 6 9 7 10 8 11
m13_233 13 26 0 6 0 7 0 11 1 6 1 8 1 10 2 7 2 8 2 9 2 12 3 9 3 10 3 11 3 12 4 9 4 10 4 11 4 12 5 9 5 10 5 11 5 12 6 9 6 12 7 10 8 11
m13_234 13 29 0 6 0 7 0 8 0 11 1 6 1 8 1 10 1 11 2 7 2 8 2 9 2 11 3 9 3 10 3 11 3 12 4 9 4 10 4 11 4 12 5 9 5 10 5 11 5 12 6 9 6 12 7 10 7 12 8 12
m13_235 13 27 0 6 0 7 0 9 0 11 1 6 1 9 1 10 1 11 2 7 2 8 2 9 2 11 3 8 3 11 3 12 4 10 4 11 4 12 5 10 5 11 5 12 6 8 6 12 7 10 7 12 8 10 9 12
m13_236 13 28 0 6 0 7 0 12 1 6 1 11 1 12 2 7 2 8 2 9 2 12 3 8 3 9 3 10 3 12 4 9 4 10 4 11 4 12 5 9 5 10 5 11 5 12 6 8 6 9 6 10 7 10 7 11 8 11
m13_237 13 28 0 6 0 7 0 10 0 12 1 6 1 10 1 11 1 12 2 7 2 8 2 9 2 12 3 8 3 9 3 11 3 12 4 9 4 10 4 11 4 12 5 9 5 10 5 11 5 12 6 8 6 9 7 11 8 10
m13_238 13 26 0 6 0 7 0 11 0 12 1 6 1 9 1 12 2 7 2 8 2 12 3 8 3 9 3 10 3 12 4 10 4 11 4 12 5 10 5 11 5 12 6 8 6 10 7 9 7 10 8 11 9 11
m13_239 13 28 0 6 0 7 0 12 1 6 1 11 1 12 2 7 2 8 2 12 3 8 3 9 3 10 3 12 4 9 4 10 4 11 4 12 5 9 5 10 5 11 5 12 6 8 6 9 6 10 7 9 7 10 7 11 8 11
m13_240 13 28 0 6 0 7 0 10 0 12 1 6 1 10 1 11 1 12 2 7 2 8 2 12 3 8 3 9 3 11 3 12 4 9 4 10 4 11 4 12 5 9 5 10 5 11 5 12 6 8 6 9 7 9 7 11 8 10
m13_241 13 29 0 6 0 7 0 11 0 12 1 6 1 10 1 11 1 12 2 7 2 8 2 11 2 12 3 8 3 9 3 11 3 12 4 9 4 10 4 11 4 12 5 9 5 10 5 11 5 12 6 8 6 9 7 9 7 10 8 10
m13_242 13 28 0 6 0 7 0 12 1 6 1 10 1 11 1 12 2 7 2 8 2 12 3 8 3 9 3 11 3 12 4 9 4 10 4 11 4 12 5 9 5 10 5 11 5 12 6 8 6 9 7 9 7 10 7 11 8 10
m13_243 13 30 0 6 0 7 0 12 1 6 1 11 1 12 2 7 2 8 2 9 2 10 2 12 3 8 3 9 3 10 3 11 3 12 4 8 4 9 4 10 4 11 4 12 5 8 5 9 5 10 5 11 5 12 6 8 6 9 6 10 7 11
m13_244 13 31 0 6 0 7 0 11 0 12 1 6 1 10 1 11 1 12 2 7 2 8 2 9 2 11 2 12 3 8 3 9 3 10 3 11 3 12 4 8 4 9 4 10 4 11 4 12 5 8 5 9 5 10 5 11 5 12 6 8 6 9 7 10
m13_245 13 30 0 6 0 7 0 12 1 6 1 10 1 11 1 12 2 7 2 8 2 9 2 12 3 8 3 9 3 10 3 11 3 12 4 8 4 9 4 10 4 11 4 12 5 8 5 9 5 10 5 11 5 12 6 8 6 9 7 10 7 11
m13_246 13 32 0 6 0 7 0 10 0 11 0 12 1 6 1 9 1 10 1 11 1 12 2 7 2 8 2 10 2 11 2 12 3 8 3 9 3 10 3 11 3 12 4 8 4 9 4 10 4 11 4 12 5 8 5 9 5 10 5 11 5 12 6 8 7 9
m13_247 13 29 0 6 0 7 0 9 0 12 1 6 1 9 1 11 1 12 2 7 2 9 2 10 2 12 3 8 3 10 3 11 3 12 4 8 4 10 4 11 4 12 5 9 5 10 5 11 5 12 6 8 6 10 7 8 7 11 8 9
m13_248 13 30 0 6 0 7 0 12 1 6 1 11 1 12 2 7 2 9 2 10 2 12 3 8 3 9 3 10 3 11 3 12 4 8 4 9 4 10 4 11 4 12 5 8 5 9 5 10 5 11 5 12 6 8 6 9 6 10 7 8 7 11
m13_249 13 31 0 6 0 7 0 11 0 12 1 6 1 10 1 11 1 12 2 7 2 9 2 11 2 12 3 8 3 9 3 10 3 11 3 12 4 8 4 9 4 10 4 11 4 12 5 8 5 9 5 10 5 11 5 12 6 8 6 9 7 8 7 10
m13_250 13 30 0 6 0 7 0 12 1 6 1 11 1 12 2 7 2 10 2 12 3 8 3 9 3 10 3 11 3 12 4 8 4 9 4 10 4 11 4 12 5 8 5 9 5 10 5 11 5 12 6 8 6 9 6 10 7 8 7 9 7 11
m13_251 13 28 0 6 0 7 0 8 0 10 0 11 1 6 1 7 1 8 1 10 1 11 2 7 2 8 2 9 2 11 3 9 3 11 3 12 4 10 4 11 4 12 5 10 5 11 5 12 6 9 6 12 7 12 8 12 9 10
m13_252 13 31 0 6 0 7 0 8 0 10 0 11 1 6 1 7 1 8 1 10 1 11 2 7 2 8 2 9 2 10 2 11 3 9 3 10 3 11 3 12 4 9 4 10 4 11 4 12 5 9 5 10 5 11 5 12 6 9 6 12 7 12 8 12
m13_253 13 30 0 6 0 7 0 8 0 11 1 6 1 7 1 8 1 11 2 7 2 8 2 9 2 10 2 11 3 9 3 10 3 11 3 12 4 9 4 10 4 11 4 12 5 9 5 10 5 11 5 12 6 9 6 10 6 12 7 12 8 12
m13_254 13 29 0 6 0 7 0 8 0 12 1 6 1 7 1 8 1 12 2 7 2 11 2 12 3 8 3 9 3 10 3 12 4 9 4 10 4 11 4 12 5 9 5 10 5 11 5 12 6 9 6 10 6 11 7 9 7 10 8 11
m13_255 13 30 0 6 0 7 0 8 0 11 0 12 1 6 1 7 1 8 1 11 1 12 2 7 2 10 2 11 2 12 3 8 3 9 3 11 3 12 4 9 4 10 4 11 4 12 5 9 5 10 5 11 5 12 6 9 6 10 7 9 8 10
m13_256 13 29 0 6 0 7 0 8 0 12 1 6 1 7 1 8 1 12 2 7 2 10 2 11 2 12 3 8 3 9 3 11 3 12 4 9 4 10 4 11 4 12 5 9 5 10 5 11 5 12 6 9 6 10 6 11 7 9 8 10
m13_257 13 29 0 6 0 7 0 8 0 12 1 6 1 7 1 8 1 12 2 7 2 11 2 12 3 8 3 9 3 12 4 9 4 10 4 11 4 12 5 9 5 10 5 11 5 12 6 9 6 10 6 11 7 9 7 10 8 10 8 11
m13_258 13 33 0 6 0 7 0 10 0 11 0 12 1 6 1 7 1 10 1 11 1 12 2 7 2 8 2 10 2 11 2 12 3 8 3 9 3 10 3 11 3 12 4 8 4 9 4 10 4 11 4 12 5 8 5 9 5 10 5 11 5 12 6 8 6 9 7 9
m13_259 13 32 0 6 0 7 0 11 0 12 1 6 1 7 1 11 1 12 2 7 2 8 2 10 2 11 2 12 3 8 3 9 3 10 3 11 3 12 4 8 4 9 4 10 4 11 4 12 5 8 5 9 5 10 5 11 5 12 6 8 6 9 6 10 7 9
m13_260 13 32 0 6 0 7 0 11 0 12 1 6 1 7 1 11 1 12 2 7 2 10 2 11 2 12 3 8 3 9 3 10 3 11 3 12 4 8 4 9 4 10 4 11 4 12 5 8 5 9 5 10 5 11 5 12 6 8 6 9 6 10 7 8 7 9
m13_261 13 28 0 6 0 8 0 9 0 11 1 6 1 8 1 9 1 11 2 7 2 8 2 9 2 10 3 7 3 8 3 9 3 10 4 10 4 11 4 12 5 10 5 11 5 12 6 10 6 12 7 11 7 12 8 12 9 12
m13_262 13 24 0 6 0 11 0 12 1 6 1 11 1 12 2 7 2 10 2 12 3 7 3 10 3 12 4 8 4 9 4 12 5 8 5 9 5 12 6 9 6 10 7 9 7 11 8 10 8 11
m13_263 13 28 0 6 0 11 0 12 1 6 1 11 1 12 2 7 2 8 2 10 2 12 3 7 3 8 3 10 3 12 4 9 4 10 4 11 4 12 5 9 5 10 5 11 5 12 6 8 6 9 6 10 7 9 7 11 8 11
m13_264 13 27 0 6 0 11 0 12 1 6 1 11 1 12 2 7 2 8 2 10 2 11 3 7 3 8 3 10 3 11 4 9 4 10 4 12 5 9 5 10 5 12 6 8 6 9 6 10 7 9 7 12 8 12 9 11
m13_265 13 29 0 6 0 10 0 11 0 12 1 6 1 10 1 11 1 12 2 7 2 8 2 11 2 12 3 7 3 8 3 11 3 12 4 9 4 10 4 11 4 12 5 9 5 10 5 11 5 12 6 8 6 9 7 9 7 10 8 10
m13_266 13 29 0 6 0 10 0 11 0 12 1 6 1 10 1 11 1 12 2 7 2 8 2 12 3 7 3 8 3 12 4 9 4 10 4 11 4 12 5 9 5 10 5 11 5 12 6 8 6 9 7 9 7 10 7 11 8 10 8 11
m13_267 13 29 0 6 0 10 0 11 0 12 1 6 1 10 1 11 1 12 2 7 2 9 2 11 2 12 3 7 3 9 3 11 3 12 4 8 4 9 4 11 4 12 5 8 5 10 5 11 5 12 6 8 6 9 7 8 7 10 9 10
m13_268 13 28 0 6 0 10 0 12 1 6 1 10 1 12 2 7 2 9 2 11 2 12 3 7 3 9 3 11 3 12 4 8 4 9 4 11 4 12 5 8 5 10 5 11 5 12 6 8 6 9 6 11 7 8 7 10 9 10
m13_269 13 28 0 6 0 10 0 11 0 12 1 6 1 10 1 11 1 12 2 7 2 9 2 11 2 12 3 7 3 9 3 11 3 12 4 8 4 9 4 12 5 8 5 10 5 12 6 8 6 9 7 8 7 10 8 11 9 10
m13_270 13 29 0 6 0 11 0 12 1 6 1 11 1 12 2 7 2 9 2 10 2 12 3 7 3 9 3 10 3 12 4 8 4 9 4 10 4 11 4 12 5 8 5 9 5 10 5 11 5 12 6 8 6 9 6 10 7 8 7 11
m13_271 13 30 0 6 0 10 0 11 0 12 1 6 1 10 1 11 1 12 2 7 2 9 2 11 2 12 3 7 3 9 3 11 3 12 4 8 4 9 4 10 4 11 4 12 5 8 5 9 5 10 5 11 5 12 6 8 6 9 7 8 7 10
m13_272 13 28 0 6 0 11 0 12 1 6 1 11 1 12 2 7 2 10 2 12 3 7 3 10 3 12 4 8 4 9 4 10 4 11 4 12 5 8 5 9 5 10 5 11 5 12 6 8 6 9 6 10 7 8 7 9 7 11
m13_273 13 29 0 6 0 9 0 11 0 12 1 6 1 9 1 11 1 12 2 7 2 9 2 10 2 12 3 7 3 9 3 10 3 12 4 8 4 10 4 11 4 12 5 8 5 10 5 11 5 12 6 8 6 10 7 8 7 11 8 9
m13_274 13 28 0 6 0 7 0 8 0 12 1 6 1 8 1 9 1 12 2 7 2 8 2 11 2 12 3 7 3 10 3 11 3 12 4 9 4 10 4 11 4 12 5 9 5 10 5 11 5 12 6 10 6 11 7 9 8 10
m13_275 13 30 0 6 0 7 0 8 0 11 0 12 1 6 1 9 1 11 1 12 2 7 2 8 2 10 2 11 2 12 3 7 3 8 3 10 3 11 3 12 4 9 4 10 4 11 4 12 5 9 5 10 5 11 5 12 6 10 7 9 8 9
m13_276 13 29 0 6 0 7 0 8 0 12 1 6 1 9 1 12 2 7 2 8 2 10 2 11 2 12 3 7 3 8 3 10 3 11 3 12 4 9 4 10 4 11 4 12 5 9 5 10 5 11 5 12 6 10 6 11 7 9 8 9
m13_277 13 29 0 6 0 7 0 8 0 12 1 6 1 9 1 10 1 12 2 7 2 8 2 11 2 12 3 7 3 8 3 11 3 12 4 9 4 10 4 11 4 12 5 9 5 10 5 11 5 12 6 11 7 9 7 10 8 9 8 10
m13_278 13 29 0 6 0 7 0 8 0 12 1 6 1 10 1 12 2 7 2 8 2 11 2 12 3 7 3 8 3 11 3 12 4 9 4 10 4 11 4 12 5 9 5 10 5 11 5 12 6 9 6 11 7 9 7 10 8 9 8 10
m13_279 13 27 0 6 0 7 0 8 0 12 1 6 1 9 1 10 1 12 2 7 2 8 2 11 2 12 3 7 3 10 3 11 3 12 4 8 4 9 4 11 4 12 5 9 5 10 5 11 5 12 6 11 7 9 8 10
m13_280 13 27 0 6 0 7 0 8 0 12 1 6 1 9 1 10 1 12 2 7 2 10 2 11 2 12 3 7 3 10 3 11 3 12 4 8 4 9 4 11 4 12 5 8 5 9 5 11 5 12 6 11 7 9 8 10
m13_281 13 26 0 6 0 7 0 8 1 6 1 9 1 10 2 7 2 10 2 11 2 12 3 7 3 10 3 11 3 12 4 8 4 9 4 11 4 12 5 8 5 9 5 11 5 12 6 11 6 12 7 9 8 10
m13_282 13 26 0 6 0 7 0 8 1 6 1 9 1 10 2 7 2 10 2 11 2 12 3 7 3 10 3 11 3 12 4 8 4 9 4 11 5 8 5 9 5 11 6 11 6 12 7 9 8 10 8 12 9 12
m13_283 13 32 0 6 0 7 0 10 0 11 0 12 1 6 1 8 1 10 1 11 1 12 2 7 2 9 2 10 2 11 2 12 3 7 3 9 3 10 3 11 3 12 4 8 4 9 4 10 4 11 4 12 5 8 5 9 5 10 5 11 5 12 6 9 7 8
m13_284 13 31 0 6 0 7 0 11 0 12 1 6 1 8 1 11 1 12 2 7 2 9 2 10 2 11 2 12 3 7 3 9 3 10 3 11 3 12 4 8 4 9 4 10 4 11 4 12 5 8 5 9 5 10 5 11 5 12 6 9 6 10 7 8
m13_285 13 30 0 6 0 7 0 12 1 6 1 8 1 12 2 7 2 9 2 10 2 11 2 12 3 7 3 9 3 10 3 11 3 12 4 8 4 9 4 10 4 11 4 12 5 8 5 9 5 10 5 11 5 12 6 9 6 10 6 11 7 8
m13_286 13 31 0 6 0 7 0 8 0 9 0 12 1 6 1 7 1 8 1 9 1 12 2 7 2 8 2 9 2 10 2 12 3 7 3 8 3 9 3 10 3 12 4 10 4 11 4 12 5 10 5 11 5 12 6 10 6 11 7 11 8 11 9 11
m13_287 13 27 0 6 0 8 0 9 0 12 1 6 1 8 1 11 1 12 2 7 2 8 2 9 2 12 3 7 3 9 3 10 3 12 4 10 4 11 4 12 5 10 5 11 5 12 6 7 6 10 7 11 8 10 9 11
m13_288 13 29 0 6 0 8 0 11 0 12 1 6 1 8 1 11 1 12 2 7 2 8 2 9 2 12 3 7 3 9 3 10 3 12 4 9 4 10 4 11 4 12 5 9 5 10 5 11 5 12 6 7 6 9 6 10 7 11 8 10
m13_289 13 29 0 6 0 8 0 9 0 10 0 12 1 6 1 8 1 9 1 10 1 12 2 7 2 8 2 12 3 7 3 11 3 12 4 9 4 10 4 11 4 12 5 9 5 10 5 11 5 12 6 7 6 11 7 9 7 10 8 11
m13_290 13 30 0 6 0 8 0 10 0 11 0 12 1 6 1 8 1 10 1 11 1 12 2 7 2 8 2 11 2 12 3 7 3 9 3 11 3 12 4 9 4 10 4 11 4 12 5 9 5 10 5 11 5 12 6 7 6 9 7 10 8 9
m13_291 13 28 0 6 0 8 0 9 0 11 1 6 1 8 1 9 1 11 2 7 2 8 2 9 2 10 3 7 3 8 3 9 3 10 4 10 4 11 4 12 5 10 5 11 5 12 6 7 6 10 6 12 7 11 8 12 9 12
m13_292 13 28 0 6 0 8 0 11 0 12 1 6 1 9 1 11 1 12 2 7 2 8 2 10 2 12 3 7 3 9 3 10 3 12 4 8 4 10 4 11 4 12 5 9 5 10 5 11 5 12 6 7 6 10 7 11 8 9
m13_293 13 30 0 6 0 9 0 11 0 12 1 6 1 9 1 11 1 12 2 7 2 8 2 10 2 12 3 7 3 8 3 10 3 12 4 8 4 10 4 11 4 12 5 9 5 10 5 11 5 12 6 7 6 8 6 10 7 9 7 11 8 9
m13_294 13 32 0 6 0 10 0 11 0 12 1 6 1 10 1 11 1 12 2 7 2 8 2 9 2 11 2 12 3 7 3 8 3 9 3 11 3 12 4 8 4 9 4 10 4 11 4 12 5 8 5 9 5 10 5 11 5 12 6 7 6 8 6 9 7 10
m13_295 13 31 0 6 0 10 0 11 0 12 1 6 1 10 1 11 1 12 2 7 2 8 2 9 2 12 3 7 3 8 3 9 3 12 4 8 4 9 4 10 4 11 4 12 5 8 5 9 5 10 5 11 5 12 6 7 6 8 6 9 7 10 7 11
m13_296 13 33 0 6 0 9 0 10 0 11 0 12 1 6 1 9 1 10 1 11 1 12 2 7 2 8 2 10 2 11 2 12 3 7 3 8 3 10 3 11 3 12 4 8 4 9 4 10 4 11 4 12 5 8 5 9 5 10 5 11 5 12 6 7 6 8 7 9
m13_297 13 37 0 6 0 8 0 9 0 10 0 11 0 12 1 6 1 8 1 9 1 10 1 11 1 12 2 7 2 8 2 9 2 10 2 11 2 12 3 7 3 8 3 9 3 10 3 11 3 12 4 7 4 8 4 9 4 10 4 11 4 12 5 7 5 8 5 9 5 10 5 11 5 12 6 7
m13_298 13 36 0 6 0 9 0 10 0 11 0 12 1 6 1 9 1 10 1 11 1 12 2 7 2 8 2 9 2 10 2 11 2 12 3 7 3 8 3 9 3 10 3 11 3 12 4 7 4 8 4 9 4 10 4 11 4 12 5 7 5 8 5 9 5 10 5 11 5 12 6 7 6 8
m13_299 13 35 0 6 0 10 0 11 0 12 1 6 1 10 1 11 1 12 2 7 2 8 2 9 2 10 2 11 2 12 3 7 3 8 3 9 3 10 3 11 3 12 4 7 4 8 4 9 4 10 4 11 4 12 5 7 5 8 5 9 5 10 5 11 5 12 6 7 6 8 6 9
m13_300 13 33 0 6 0 7 0 8 0 9 0 11 0 12 1 6 1 7 1 8 1 9 1 11 1 12 2 6 2 7 2 8 2 9 2 11 2 12 3 9 3 10 3 11 3 12 4 9 4 10 4 11 4 12 5 9 5 10 5 11 5 12 6 10 7 10 8 10
m13_301 13 33 0 6 0 7 0 8 0 9 0 11 1 6 1 7 1 8 1 9 1 11 2 6 2 7 2 8 2 9 2 11 3 9 3 10 3 11 3 12 4 9 4 10 4 11 4 12 5 9 5 10 5 11 5 12 6 10 6 12 7 10 7 12 8 10 8 12
m13_302 13 30 0 6 0 7 0 8 0 11 0 12 1 6 1 7 1 9 1 11 1 12 2 6 2 7 2 9 2 11 2 12 3 8 3 10 3 11 3 12 4 8 4 10 4 11 4 12 5 9 5 10 5 11 5 12 6 10 7 10 8 9
m13_303 13 29 0 6 0 7 0 8 0 12 1 6 1 7 1 9 1 12 2 6 2 7 2 9 2 12 3 8 3 10 3 11 3 12 4 8 4 10 4 11 4 12 5 9 5 10 5 11 5 12 6 10 6 11 7 10 7 11 8 9
m13_304 13 34 0 6 0 7 0 10 0 11 0 12 1 6 1 7 1 10 1 11 1 12 2 6 2 7 2 10 2 11 2 12 3 8 3 9 3 10 3 11 3 12 4 8 4 9 4 10 4 11 4 12 5 8 5 9 5 10 5 11 5 12 6 8 6 9 7 8 7 9
m13_305 13 27 0 6 0 7 0 8 0 12 1 6 1 7 1 11 1 12 2 6 2 8 2 10 2 12 3 7 3 9 3 11 3 12 4 8 4 9 4 10 4 12 5 9 5 10 5 11 5 12 6 9 7 10 8 11
m13_306 13 27 0 6 0 7 0 8 0 12 1 6 1 7 1 10 1 12 2 6 2 10 2 11 2 12 3 7 3 9 3 10 3 12 4 8 4 9 4 11 4 12 5 8 5 9 5 11 5 12 6 9 7 11 8 10
m13_307 13 31 0 6 0 7 0 8 0 9 0 11 1 6 1 7 1 8 1 9 1 11 2 6 2 7 2 8 2 9 2 11 3 7 3 8 3 9 3 10 3 11 4 10 4 11 4 12 5 10 5 11 5 12 6 10 6 12 7 12 8 12 9 12
m13_308 13 32 0 6 0 7 0 10 0 11 0 12 1 6 1 9 1 10 1 11 1 12 2 6 2 9 2 10 2 11 2 12 3 7 3 8 3 10 3 11 3 12 4 7 4 8 4 10 4 11 4 12 5 8 5 9 5 10 5 11 5 12 6 8 7 9
m13_309 13 37 0 6 0 8 0 9 0 10 0 11 0 12 1 6 1 8 1 9 1 10 1 11 1 12 2 6 2 8 2 9 2 10 2 11 2 12 3 7 3 8 3 9 3 10 3 11 3 12 4 7 4 8 4 9 4 10 4 11 4 12 5 7 5 8 5 9 5 10 5 11 5 12 6 7
m13_310 13 34 0 6 0 7 0 8 0 9 0 10 0 12 1 6 1 7 1 8 1 9 1 10 1 12 2 6 2 7 2 8 2 9 2 10 2 12 3 6 3 7 3 8 3 9 3 10 3 12 4 10 4 11 4 12 5 10 5 11 5 12 6 11 7 11 8 11 9 11
m13_311 13 27 0 5 0 8 0 10 0 11 1 6 1 8 1 9 1 11 2 7 2 8 2 9 2 10 3 9 3 10 3 11 3 12 4 9 4 10 4 11 4 12 5 9 5 12 6 10 6 12 7 11 7 12 8 12
m13_312 13 27 0 5 0 8 0 11 1 6 1 8 1 10 2 7 2 8 2 9 3 9 3 10 3 11 3 12 4 9 4 10 4 11 4 12 5 9 5 10 5 12 6 9 6 11 6 12 7 10 7 11 7 12 8 12
m13_313 13 27 0 5 0 8 0 11 1 6 1 8 1 10 2 7 2 8 2 9 3 8 3 9 3 10 3 11 4 9 4 10 4 11 4 12 5 9 5 10 5 12 6 9 6 11 6 12 7 10 7 11 7 12 8 12
m13_314 13 28 0 5 0 7 0 8 0 11 1 6 1 8 1 9 1 10 2 7 2 8 2 10 2 11 3 9 3 10 3 11 3 12 4 9 4 10 4 11 4 12 5 9 5 10 5 12 6 11 6 12 7 9 7 12 8 12
m13_315 13 28 0 5 0 7 0 8 0 10 1 6 1 8 1 9 2 7 2 8 2 10 2 11 3 9 3 10 3 11 3 12 4 9 4 10 4 11 4 12 5 9 5 11 5 12 6 10 6 11 6 12 7 9 7 12 8 12
m13_316 13 28 0 5 0 7 0 8 0 10 1 6 1 8 1 9 2 7 2 8 2 10 2 11 3 8 3 9 3 10 3 11 4 9 4 10 4 11 4 12 5 9 5 11 5 12 6 10 6 11 6 12 7 9 7 12 8 12
m13_317 13 28 0 5 0 7 0 8 0 11 1 6 1 7 1 8 1 9 2 7 2 9 2 11 2 12 3 8 3 9 3 10 3 11 4 9 4 10 4 11 4 12 5 9 5 10 5 12 6 10 6 11 6 12 7 10 8 12
m13_318 13 29 0 5 0 7 0 8 0 10 1 6 1 7 1 8 1 9 2 7 2 8 2 9 2 10 3 8 3 9 3 10 3 11 4 9 4 10 4 11 4 12 5 9 5 11 5 12 6 10 6 11 6 12 7 11 7 12 8 12
m13_319 13 28 0 5 0 7 0 10 0 11 1 6 1 7 1 8 1 12 2 7 2 8 2 11 2 12 3 9 3 10 3 11 3 12 4 9 4 10 4 11 4 12 5 8 5 9 5 12 6 9 6 10 6 11 7 9 8 10
m13_320 13 28 0 5 0 7 0 9 0 11 1 6 1 7 1 8 1 9 2 7 2 9 2 11 2 12 3 8 3 9 3 10 3 12 4 9 4 10 4 11 4 12 5 8 5 10 5 12 6 10 6 11 6 12 7 10 8 11
m13_321 13 28 0 5 0 7 0 10 0 12 1 6 1 7 1 10 1 11 2 7 2 8 2 11 2 12 3 9 3 10 3 11 3 12 4 9 4 10 4 11 4 12 5 8 5 9 5 11 6 8 6 9 6 12 7 9 8 10
m13_322 13 30 0 5 0 7 0 11 1 6 1 7 1 9 1 10 1 12 2 7 2 9 2 10 2 11 2 12 3 8 3 9 3 10 3 11 3 12 4 8 4 9 4 10 4 11 4 12 5 8 5 9 5 10 5 12 6 8 6 11 7 8
m13_323 13 30 0 5 0 7 0 10 1 6 1 7 1 9 2 7 2 9 2 10 2 11 2 12 3 8 3 9 3 10 3 11 3 12 4 8 4 9 4 10 4 11 4 12 5 8 5 9 5 11 5 12 6 8 6 10 6 11 6 12 7 8
m13_324 13 30 0 5 0 7 0 10 1 6 1 7 1 9 2 7 2 9 2 10 2 11 3 8 3 9 3 10 3 11 3 12 4 8 4 9 4 10 4 11 4 12 5 8 5 9 5 11 5 12 6 8 6 10 6 11 6 12 7 8 7 12
m13_325 13 26 0 5 0 9 0 12 1 6 1 9 1 11 2 7 2 8 2 9 2 10 3 7 3 8 3 9 3 10 4 9 4 10 4 11 4 12 5 10 5 11 6 10 6 12 7 11 7 12 8 11 8 12
m13_326 13 27 0 5 0 8 0 11 1 6 1 8 1 10 2 7 2 10 2 11 2 12 3 7 3 10 3 11 3 12 4 9 4 10 4 11 4 12 5 9 5 10 5 12 6 9 6 11 6 12 7 8 7 9 8 12
m13_327 13 26 0 5 0 8 0 11 0 12 1 6 1 8 1 10 2 7 2 10 2 11 3 7 3 10 3 11 4 8 4 9 4 11 4 12 5 9 5 10 6 9 6 11 6 12 7 8 7 9 7 12 10 12
m13_328 13 27 0 5 0 8 0 11 1 6 1 8 1 10 2 7 2 10 2 11 2 12 3 7 3 10 3 11 3 12 4 8 4 9 4 10 4 11 5 9 5 10 5 12 6 9 6 11 6 12 7 8 7 9 8 12
m13_329 13 28 0 5 0 7 0 9 0 10 1 6 1 8 1 9 1 11 2 7 2 9 2 10 2 11 3 7 3 9 3 10 3 11 4 8 4 10 4 11 4 12 5 8 5 11 5 12 6 10 6 12 7 8 7 12 9 12
m13_330 13 28 0 5 0 7 0 9 0 10 1 6 1 8 1 9 2 7 2 9 2 10 2 11 3 7 3 9 3 10 3 11 4 8 4 10 4 11 4 12 5 8 5 11 5 12 6 10 6 11 6 12 7 8 7 12 9 12
m13_331 13 28 0 5 0 6 0 9 0 10 1 6 1 7 1 8 1 9 2 7 2 8 2 9 2 11 3 9 3 10 3 11 3 12 4 9 4 10 4 11 4 12 5 8 5 11 5 12 6 11 6 12 7 10 7 12 8 10
m13_332 13 28 0 5 0 6 0 10 0 12 1 6 1 7 1 8 1 10 2 7 2 8 2 9 2 10 3 8 3 9 3 10 3 11 4 10 4 11 4 12 5 8 5 9 5 11 6 9 6 11 7 11 7 12 8 12 9 12
m13_333 13 28 0 5 0 6 0 8 0 9 1 6 1 7 1 9 1 10 2 7 2 9 2 10 2 11 3 8 3 9 3 10 3 11 4 8 4 10 4 11 4 12 5 10 5 11 5 12 6 11 6 12 7 8 7 12 9 12
m13_334 13 31 0 5 0 6 0 7 0 8 0 12 1 6 1 7 1 8 1 10 1 12 2 7 2 8 2 10 2 11 2 12 3 8 3 9 3 10 3 11 3 12 4 8 4 9 4 10 4 11 4 12 5 9 5 10 5 11 6 9 6 11 7 9
m13_335 13 31 0 5 0 6 0 7 0 8 1 6 1 7 1 8 1 10 1 12 2 7 2 8 2 10 2 11 2 12 3 8 3 9 3 10 3 11 3 12 4 8 4 9 4 10 4 11 4 12 5 9 5 10 5 11 5 12 6 9 6 11 7 9
m13_336 13 27 0 5 0 6 0 8 0 9 1 6 1 8 1 9 1 10 2 7 2 9 2 11 3 7 3 9 3 11 4 8 4 10 4 11 4 12 5 10 5 11 5 12 6 11 6 12 7 8 7 10 7 12 9 12
m13_337 13 28 0 5 0 6 0 8 0 10 1 6 1 8 1 10 1 11 2 7 2 10 2 11 2 12 3 7 3 10 3 11 3 12 4 8 4 9 4 10 4 11 5 9 5 11 5 12 6 9 6 12 7 8 7 9 8 12
m13_338 13 28 0 5 0 6 0 8 0 12 1 6 1 8 1 11 1 12 2 7 2 10 2 11 2 12 3 7 3 10 3 11 3 12 4 8 4 9 4 11 5 9 5 10 5 11 6 9 6 10 7 8 7 9 8 10 9 12
m13_339 13 28 0 5 0 6 0 11 0 12 1 6 1 7 1 10 1 11 2 7 2 9 2 10 2 11 3 7 3 9 3 10 3 11 4 8 4 11 4 12 5 8 5 9 5 10 6 8 6 9 7 8 7 12 9 12 10 12
m13_340 13 30 0 5 0 6 0 8 1 6 1 7 1 8 1 9 2 8 2 9 2 10 2 11 2 12 3 8 3 9 3 10 3 11 3 12 4 8 4 9 4 10 4 11 4 12 5 7 5 9 6 10 6 11 6 12 7 10 7 11 7 12
m13_341 13 29 0 5 0 8 0 9 1 6 1 7 1 8 1 10 2 6 2 7 2 8 2 10 3 8 3 9 3 10 3 11 4 9 4 10 4 11 4 12 5 10 5 11 5 12 6 9 6 11 6 12 7 9 7 11 7 12 8 12
m13_342 13 29 0 5 0 8 0 9 0 10 1 6 1 7 1 8 1 11 2 6 2 7 2 8 2 11 3 8 3 9 3 10 3 11 4 9 4 10 4 11 4 12 5 11 5 12 6 9 6 10 6 12 7 9 7 10 7 12 8 12
m13_343 13 25 0 5 0 9 0 12 1 6 1 7 1 9 1 11 2 6 2 7 2 9 2 11 3 8 3 11 3 12 4 8 4 11 4 12 5 10 5 11 6 10 6 12 7 10 7 12 8 9 8 10
m13_344 13 29 0 5 0 7 0 9 0 11 1 6 1 7 1 8 1 9 2 6 2 7 2 8 2 9 3 9 3 10 3 11 3 12 4 9 4 10 4 11 4 12 5 8 5 10 6 10 6 11 6 12 7 10 7 12 8 11 8 12
m13_345 13 29 0 5 0 7 0 8 0 9 1 6 1 7 1 9 1 11 2 6 2 7 2 9 2 11 3 8 3 9 3 10 3 11 4 8 4 10 4 11 4 12 5 10 5 11 5 12 6 8 6 10 6 12 7 10 7 12 9 12
m13_346 13 30 0 5 0 7 0 8 0 10 0 12 1 6 1 7 1 10 1 11 1 12 2 6 2 7 2 10 2 11 2 12 3 8 3 9 3 10 3 11 3 12 4 8 4 9 4 10 4 11 4 12 5 9 5 11 6 8 6 9 7 9
m13_347 13 30 0 5 0 7 0 8 0 10 1 6 1 7 1 10 1 11 1 12 2 6 2 7 2 10 2 11 2 12 3 8 3 9 3 10 3 11 3 12 4 8 4 9 4 10 4 11 4 12 5 9 5 11 5 12 6 8 6 9 7 9
m13_348 13 30 0 5 0 7 0 8 0 10 1 6 1 7 1 10 1 11 2 6 2 7 2 10 2 11 3 8 3 9 3 10 3 11 3 12 4 8 4 9 4 10 4 11 4 12 5 9 5 11 5 12 6 8 6 9 6 12 7 9 7 12
m13_349 13 30 0 5 0 7 0 8 1 6 1 7 1 10 1 11 1 12 2 6 2 7 2 10 2 11 2 12 3 8 3 9 3 10 3 11 3 12 4 8 4 9 4 10 4 11 4 12 5 9 5 10 5 11 5 12 6 8 6 9 7 9
m13_350 13 30 0 5 0 7 0 8 1 6 1 7 1 10 1 11 2 6 2 7 2 10 2 11 3 8 3 9 3 10 3 11 3 12 4 8 4 9 4 10 4 11 4 12 5 9 5 10 5 11 5 12 6 8 6 9 6 12 7 9 7 12
m13_351 13 27 0 5 0 8 0 11 1 6 1 7 1 11 1 12 2 6 2 10 2 11 2 12 3 7 3 9 3 11 3 12 4 8 4 9 4 10 4 11 5 9 5 10 5 12 6 8 6 9 7 8 7 10 8 12
m13_352 13 27 0 5 0 7 0 11 0 12 1 6 1 7 1 8 1 11 2 6 2 8 2 9 2 11 3 7 3 10 3 11 3 12 4 9 4 10 4 11 4 12 5 8 5 9 5 10 6 10 6 12 7 9 8 12
m13_353 13 28 0 5 0 7 0 8 0 11 1 6 1 7 1 11 1 12 2 6 2 10 2 11 2 12 3 7 3 8 3 9 3 11 3 12 4 8 4 9 4 10 4 11 4 12 5 9 5 10 5 12 6 8 6 9 7 10
m13_354 13 28 0 5 0 7 0 9 0 10 1 6 1 7 1 10 1 11 2 6 2 8 2 10 2 11 3 7 3 9 3 10 3 11 4 8 4 9 4 11 4 12 5 8 5 11 5 12 6 9 6 12 7 8 7 12 10 12
m13_355 13 29 0 5 0 7 0 8 0 9 0 12 1 6 1 8 1 9 1 10 1 12 2 6 2 8 2 9 2 10 2 12 3 7 3 9 3 11 3 12 4 9 4 10 4 11 4 12 5 10 5 11 6 7 6 11 7 10 8 11
m13_356 13 29 0 5 0 7 0 8 0 9 1 6 1 8 1 9 1 10 2 6 2 8 2 9 2 10 3 7 3 9 3 11 3 12 4 9 4 10 4 11 4 12 5 10 5 11 5 12 6 7 6 11 6 12 7 10 8 11 8 12
m13_357 13 27 0 5 0 7 0 8 0 11 1 6 1 8 1 11 1 12 2 6 2 10 2 11 2 12 3 7 3 9 3 10 3 11 4 8 4 9 4 11 4 12 5 9 5 10 5 12 6 7 6 9 7 12 8 10
m13_358 13 30 0 5 0 7 0 10 0 11 0 12 1 6 1 9 1 10 1 11 1 12 2 6 2 9 2 10 2 11 2 12 3 7 3 8 3 10 3 11 3 12 4 8 4 9 4 10 4 11 4 12 5 8 5 9 6 7 6 8 7 9
m13_359 13 30 0 5 0 7 0 10 0 11 1 6 1 9 1 10 1 11 1 12 2 6 2 9 2 10 2 11 2 12 3 7 3 8 3 10 3 11 3 12 4 8 4 9 4 10 4 11 4 12 5 8 5 9 5 12 6 7 6 8 7 9
m13_360 13 30 0 5 0 7 0 11 1 6 1 9 1 10 1 11 1 12 2 6 2 9 2 10 2 11 2 12 3 7 3 8 3 10 3 11 3 12 4 8 4 9 4 10 4 11 4 12 5 8 5 9 5 10 5 12 6 7 6 8 7 9
m13_361 13 30 0 5 0 7 0 11 1 6 1 9 1 10 1 11 1 12 2 6 2 9 2 10 2 11 2 12 3 7 3 8 3 10 3 11 4 8 4 9 4 10 4 11 4 12 5 8 5 9 5 10 5 12 6 7 6 8 7 9 7 12
m13_362 13 28 0 5 0 7 0 10 1 6 1 8 1 10 1 11 2 6 2 8 2 10 2 11 3 7 3 9 3 11 3 12 4 8 4 9 4 10 4 11 5 9 5 11 5 12 6 7 6 9 6 12 7 8 8 12 10 12
m13_363 13 32 0 5 0 6 0 7 0 9 1 6 1 7 1 8 1 9 1 10 2 6 2 7 2 8 2 9 2 10 3 8 3 9 3 10 3 11 3 12 4 8 4 9 4 10 4 11 4 12 5 8 5 10 5 11 5 12 6 11 6 12 7 11 7 12
m13_364 13 30 0 5 0 6 0 7 0 10 0 12 1 6 1 7 1 10 1 11 1 12 2 6 2 9 2 10 2 11 2 12 3 7 3 8 3 10 3 11 3 12 4 8 4 9 4 10 4 11 4 12 5 8 5 9 5 11 6 8 7 9
m13_365 13 30 0 5 0 6 0 7 0 10 0 12 1 6 1 9 1 10 1 11 1 12 2 6 2 9 2 10 2 11 2 12 3 7 3 8 3 10 3 11 3 12 4 7 4 8 4 10 4 11 4 12 5 8 5 9 5 11 6 8 7 9
m13_366 13 28 0 5 0 6 0 9 0 11 1 5 1 6 1 9 1 11 2 7 2 8 2 9 2 10 3 7 3 8 3 9 3 10 4 10 4 11 4 12 5 10 5 12 6 10 6 12 7 11 7 12 8 11 8 12 9 12
m13_367 13 28 0 5 0 6 0 9 0 12 1 5 1 6 1 9 1 12 2 7 2 8 2 9 2 11 3 7 3 8 3 9 3 11 4 9 4 10 4 11 4 12 5 10 5 11 6 10 6 11 7 10 7 12 8 10 8 12
m13_368 13 29 0 5 0 6 0 8 0 9 1 5 1 6 1 8 1 9 2 7 2 9 2 11 2 12 3 7 3 9 3 11 3 12 4 8 4 10 4 11 5 10 5 11 5 12 6 10 6 11 6 12 7 8 7 10 8 12 9 10
m13_369 13 29 0 5 0 6 0 8 0 10 0 12 1 5 1 6 1 8 1 10 1 12 2 7 2 10 2 11 2 12 3 7 3 10 3 11 3 12 4 8 4 9 4 10 4 11 4 12 5 9 5 11 6 9 6 11 7 8 7 9
m13_370 13 29 0 5 0 6 0 8 0 10 1 5 1 6 1 8 1 10 2 7 2 10 2 11 2 12 3 7 3 10 3 11 3 12 4 8 4 9 4 10 4 11 5 9 5 11 5 12 6 9 6 11 6 12 7 8 7 9 8 12
m13_371 13 27 0 5 0 6 0 9 0 11 1 5 1 7 1 9 1 10 2 6 2 7 2 8 2 9 3 8 3 9 3 10 3 11 4 8 4 10 4 11 4 12 5 8 5 12 6 10 6 12 7 11 7 12 9 12
m13_372 13 28 0 5 0 6 0 10 0 11 0 12 1 5 1 7 1 9 1 11 1 12 2 6 2 7 2 8 2 11 2 12 3 8 3 9 3 10 3 11 3 12 4 8 4 9 4 10 4 11 4 12 5 8 6 9 7 10
m13_373 13 28 0 5 0 6 0 10 0 11 1 5 1 7 1 9 1 11 2 6 2 7 2 8 2 11 3 8 3 9 3 10 3 11 3 12 4 8 4 9 4 10 4 11 4 12 5 8 5 12 6 9 6 12 7 10 7 12
m13_374 13 30 0 5 0 6 0 7 0 10 0 12 1 5 1 7 1 9 1 10 1 12 2 6 2 7 2 8 2 10 2 12 3 8 3 9 3 10 3 11 3 12 4 8 4 9 4 10 4 11 4 12 5 8 5 11 6 9 6 11 7 11
m13_375 13 27 0 5 0 6 0 11 0 12 1 5 1 7 1 10 1 12 2 6 2 9 2 11 2 12 3 7 3 9 3 10 3 12 4 8 4 9 4 10 4 11 4 12 5 8 5 9 6 8 6 10 7 8 7 11
m13_376 13 29 0 5 0 6 0 8 0 10 0 12 1 5 1 8 1 9 1 10 1 12 2 6 2 7 2 8 2 10 2 12 3 7 3 10 3 11 3 12 4 9 4 10 4 11 4 12 5 7 5 11 6 9 6 11 7 9 8 11
m13_377 13 29 0 5 0 6 0 10 0 11 0 12 1 5 1 9 1 10 1 11 1 12 2 6 2 7 2 11 2 12 3 7 3 8 3 9 3 11 3 12 4 8 4 9 4 10 4 11 4 12 5 7 5 8 6 8 6 9 7 10
m13_378 13 30 0 5 0 6 0 10 0 11 0 12 1 5 1 9 1 10 1 11 1 12 2 6 2 7 2 10 2 11 2 12 3 7 3 8 3 10 3 11 3 12 4 8 4 9 4 10 4 11 4 12 5 7 5 8 6 8 6 9 7 9
m13_379 13 28 0 5 0 8 0 10 0 11 1 5 1 8 1 10 1 11 2 6 2 7 2 9 2 10 3 6 3 8 3 9 3 10 4 7 4 9 4 11 4 12 5 7 5 9 5 12 6 11 6 12 7 8 8 12 10 12
m13_380 13 27 0 4 0 7 0 10 0 12 1 5 1 7 1 9 1 12 2 6 2 7 2 8 2 9 3 9 3 10 3 11 3 12 4 8 4 9 4 11 5 8 5 10 5 11 6 10 6 11 6 12 7 11 8 12
m13_381 13 27 0 4 0 7 0 11 0 12 1 5 1 7 1 9 1 11 2 6 2 7 2 8 2 12 3 10 3 11 3 12 4 8 4 9 4 10 5 8 5 10 5 12 6 9 6 10 6 11 7 10 8 11 9 12
m13_382 13 27 0 4 0 7 0 11 1 5 1 7 1 10 2 6 2 7 2 8 2 9 3 8 3 9 3 10 3 11 3 12 4 8 4 9 4 10 4 12 5 8 5 9 5 11 5 12 6 10 6 11 6 12 7 12
m13_383 13 28 0 4 0 7 0 10 1 5 1 7 1 9 2 6 2 7 2 8 3 8 3 9 3 10 3 11 3 12 4 8 4 9 4 11 4 12 5 8 5 10 5 11 5 12 6 9 6 10 6 11 6 12 7 11 7 12
m13_384 13 24 0 4 0 8 0 11 1 5 1 8 1 10 1 12 2 6 2 8 2 9 2 12 3 7 3 8 3 9 3 10 4 9 4 10 4 12 5 9 5 11 6 10 6 11 7 11 7 12
m13_385 13 25 0 4 0 7 0 8 0 9 1 5 1 8 1 11 2 6 2 8 2 10 2 12 3 7 3 8 3 9 3 10 4 10 4 11 4 12 5 9 5 10 5 12 6 9 6 11 7 11 7 12
m13_386 13 27 0 4 0 7 0 8 0 10 1 5 1 7 1 8 1 9 2 6 2 8 2 11 3 7 3 8 3 9 3 10 4 9 4 11 4 12 5 10 5 11 5 12 6 9 6 10 6 12 7 11 7 12 8 12
m13_387 13 29 0 4 0 6 0 7 0 8 1 5 1 7 1 10 2 6 2 7 2 8 2 9 3 8 3 9 3 10 3 11 3 12 4 9 4 10 4 11 4 12 5 8 5 9 5 11 5 12 6 10 6 11 6 12 7 11 7 12
m13_388 13 28 0 4 0 6 0 8 0 12 1 5 1 7 1 8 1 9 2 6 2 8 2 10 2 12 3 7 3 8 3 9 3 10 4 9 4 10 4 11 5 10 5 11 5 12 6 9 6 11 7 11 7 12 8 11 9 12
m13_389 13 26 0 4 0 6 0 7 0 9 1 5 1 7 1 8 1 11 2 6 2 8 2 9 2 10 3 7 3 9 3 11 3 12 4 8 4 10 4 11 5 9 5 10 5 12 6 11 6 12 7 10 8 12
m13_390 13 27 0 4 0 8 0 11 1 5 1 8 1 10 2 6 2 7 2 8 2 9 3 6 3 7 3 8 3 9 4 9 4 10 4 12 5 9 5 11 5 12 6 10 6 11 6 12 7 10 7 11 7 12 8 12
m13_391 13 29 0 4 0 7 0 8 0 12 1 5 1 6 1 8 1 9 2 5 2 6 2 8 2 9 3 7 3 8 3 10 3 12 4 9 4 10 4 11 5 10 5 11 5 12 6 10 6 11 6 12 7 9 7 11 8 11 9 12
m14_0 14 13 0 13 1 13 2 13 3 13 4 13 5 13 6 13 7 13 8 13 9 13 10 13 11 13 12 13
m14_1 14 24 0 12 0 13 1 12 1 13 2 12 2 13 3 12 3 13 4 12 4 13 5 12 5 13 6 12 6 13 7 12 7 13 8 12 8 13 9 12 9 13 10 12 10 13 11 12 11 13
m14_2 14 23 0 11 0 12 1 12 1 13 2 12 2 13 3 12 3 13 4 12 4 13 5 12 5 13 6 12 6 13 7 12 7 13 8 12 8 13 9 12 9 13 10 12 10 13 11 13
m14_3 14 23 0 11 0 13 1 11 1 13 2 12 2 13 3 12 3 13 4 12 4 13 5 12 5 13 6 12 6 13 7 12 7 13 8 12 8 13 9 12 9 13 10 12 10 13 11 12
m14_4 14 23 0 11 0 13 1 11 1 13 2 11 2 13 3 12 3 13 4 12 4 13 5 12 5 13 6 12 6 13 7 12 7 13 8 12 8 13 9 12 9 13 10 12 10 13 11 12
m14_5 14 23 0 11 0 13 1 11 1 13 2 11 2 13 3 11 3 13 4 12 4 13 5 12 5 13 6 12 6 13 7 12 7 13 8 12 8 13 9 12 9 13 10 12 10 13 11 12
m14_6 14 23 0 11 0 13 1 11 1 13 2 11 2 13 3 11 3 13 4 11 4 13 5 12 5 13 6 12 6 13 7 12 7 13 8 12 8 13 9 12 9 13 10 12 10 13 11 12
m14_7 14 33 0 11 0 12 0 13 1 11 1 12 1 13 2 11 2 12 2 13 3 11 3 12 3 13 4 11 4 12 4 13 5 11 5 12 5 13 6 11 6 12 6 13 7 11 7 12 7 13 8 11 8 12 8 13 9 11 9 12 9 13 10 11 10 12 10 13
m14_8 14 31 0 10 0 11 0 12 1 11 1 12 1 13 2 11 2 12 2 13 3 11 3 12 3 13 4 11 4 12 4 13 5 11 5 12 5 13 6 11 6 12 6 13 7 11 7 12 7 13 8 11 8 12 8 13 9 11 9 12 9 13 10 13
m14_9 14 24 0 10 0 11 0 12 1 10 1 11 1 12 2 12 2 13 3 12 3 13 4 12 4 13 5 12 5 13 6 12 6 13 7 12 7 13 8 12 8 13 9 12 9 13 10 13 11 13
m14_10 14 31 0 10 0 12 0 13 1 10 1 12 1 13 2 11 2 12 2 13 3 11 3 12 3 13 4 11 4 12 4 13 5 11 5 12 5 13 6 11 6 12 6 13 7 11 7 12 7 13 8 11 8 12 8 13 9 11 9 12 9 13 10 11
m14_11 14 30 0 10 0 13 1 10 1 13 2 11 2 12 2 13 3 11 3 12 3 13 4 11 4 12 4 13 5 11 5 12 5 13 6 11 6 12 6 13 7 11 7 12 7 13 8 11 8 12 8 13 9 11 9 12 9 13 10 11 10 12
m14_12 14 25 0 10 0 11 0 13 1 10 1 11 1 13 2 10 2 11 2 13 3 12 3 13 4 12 4 13 5 12 5 13 6 12 6 13 7 12 7 13 8 12 8 13 9 12 9 13 10 12 11 12
m14_13 14 31 0 10 0 12 0 13 1 10 1 12 1 13 2 10 2 12 2 13 3 11 3 12 3 13 4 11 4 12 4 13 5 11 5 12 5 13 6 11 6 12 6 13 7 11 7 12 7 13 8 11 8 12 8 13 9 11 9 12 9 13 10 11
m14_14 14 29 0 10 0 13 1 10 1 13 2 10 2 13 3 11 3 12 3 13 4 11 4 12 4 13 5 11 5 12 5 13 6 11 6 12 6 13 7 11 7 12 7 13 8 11 8 12 8 13 9 11 9 12 9 13 10 11 10 12
m14_15 14 26 0 10 0 11 0 13 1 10 1 11 1 13 2 10 2 11 2 13 3 10 3 11 3 13 4 12 4 13 5 12 5 13 6 12 6 13 7 12 7 13 8 12 8 13 9 12 9 13 10 12 11 12
m14_16 14 31 0 10 0 12 0 13 1 10 1 12 1 13 2 10 2 12 2 13 3 10 3 12 3 13 4 11 4 12 4 13 5 11 5 12 5 13 6 11 6 12 6 13 7 11 7 12 7 13 8 11 8 12 8 13 9 11 9 12 9 13 10 11
m14_17 14 28 0 10 0 13 1 10 1 13 2 10 2 13 3 10 3 13 4 11 4 12 4 13 5 11 5 12 5 13 6 11 6 12 6 13 7 11 7 12 7 13 8 11 8 12 8 13 9 11 9 12 9 13 10 11 10 12
m14_18 14 27 0 10 0 11 0 13 1 10 1 11 1 13 2 10 2 11 2 13 3 10 3 11 3 13 4 10 4 11 4 13 5 12 5 13 6 12 6 13 7 12 7 13 8 12 8 13 9 12 9 13 10 12 11 12
m14_19 14 31 0 10 0 12 0 13 1 10 1 12 1 13 2 10 2 12 2 13 3 10 3 12 3 13 4 10 4 12 4 13 5 11 5 12 5 13 6 11 6 12 6 13 7 11 7 12 7 13 8 11 8 12 8 13 9 11 9 12 9 13 10 11
m14_20 14 40 0 10 0 11 0 12 0 13 1 10 1 11 1 12 1 13 2 10 2 11 2 12 2 13 3 10 3 11 3 12 3 13 4 10 4 11 4 12 4 13 5 10 5 11 5 12 5 13 6 10 6 11 6 12 6 13 7 10 7 11 7 12 7 13 8 10 8 11 8 12 8 13 9 10 9 11 9 12 9 13
m14_21 14 27 0 8 0 9 0 13 1 8 1 10 1 12 2 9 2 10 2 11 3 11 3 12 3 13 4 11 4 12 4 13 5 11 5 12 5 13 6 11 6 12 6 13 7 11 7 12 7 13 8 11 9 12 10 13
m14_22 14 29 0 8 0 9 0 13 1 8 1 12 1 13 2 9 2 10 2 13 3 10 3 11 3 13 4 11 4 12 4 13 5 11 5 12 5 13 6 11 6 12 6 13 7 11 7 12 7 13 8 10 8 11 9 11 9 12 10 12
m14_23 14 29 0 8 0 9 0 13 1 8 1 11 1 13 2 9 2 10 2 13 3 10 3 12 3 13 4 10 4 12 4 13 5 11 5 12 5 13 6 11 6 12 6 13 7 11 7 12 7 13 8 10 8 12 9 11 9 12 10 11
m14_24 14 33 0 8 0 9 0 13 1 8 1 12 1 13 2 9 2 10 2 11 2 13 3 10 3 11 3 12 3 13 4 10 4 11 4 12 4 13 5 10 5 11 5 12 5 13 6 10 6 11 6 12 6 13 7 10 7 11 7 12 7 13 8 10 8 11 9 12
m14_25 14 34 0 8 0 9 0 12 0 13 1 8 1 11 1 12 1 13 2 9 2 10 2 12 2 13 3 10 3 11 3 12 3 13 4 10 4 11 4 12 4 13 5 10 5 11 5 12 5 13 6 10 6 11 6 12 6 13 7 10 7 11 7 12 7 13 8 10 9 11
m14_26 14 33 0 8 0 9 0 13 1 8 1 12 1 13 2 9 2 11 2 13 3 10 3 11 3 12 3 13 4 10 4 11 4 12 4 13 5 10 5 11 5 12 5 13 6 10 6 11 6 12 6 13 7 10 7 11 7 12 7 13 8 10 8 11 9 10 9 12
m14_27 14 30 0 8 0 10 0 12 0 13 1 8 1 10 1 12 1 13 2 9 2 10 2 13 3 9 3 11 3 13 4 11 4 12 4 13 5 11 5 12 5 13 6 11 6 12 6 13 7 11 7 12 7 13 8 9 8 11 9 12 10 11
m14_28 14 29 0 8 0 10 0 13 1 8 1 10 1 13 2 9 2 10 2 13 3 9 3 12 3 13 4 11 4 12 4 13 5 11 5 12 5 13 6 11 6 12 6 13 7 11 7 12 7 13 8 9 8 12 9 11 10 11 10 12
m14_29 14 30 0 8 0 10 0 12 0 13 1 8 1 10 1 12 1 13 2 9 2 10 2 13 3 9 3 10 3 13 4 11 4 12 4 13 5 11 5 12 5 13 6 11 6 12 6 13 7 11 7 12 7 13 8 9 8 11 9 12 10 11
m14_30 14 29 0 8 0 10 0 12 1 8 1 10 1 12 2 9 2 10 2 13 3 9 3 10 3 13 4 11 4 12 4 13 5 11 5 12 5 13 6 11 6 12 6 13 7 11 7 12 7 13 8 9 8 11 8 13 9 12 10 11
m14_31 14 29 0 8 0 10 0 13 1 8 1 10 1 13 2 9 2 10 2 13 3 9 3 10 3 13 4 11 4 12 4 13 5 11 5 12 5 13 6 11 6 12 6 13 7 11 7 12 7 13 8 9 8 11 9 12 10 11 10 12
m14_32 14 29 0 8 0 11 0 12 1 8 1 11 1 12 2 9 2 11 2 13 3 9 3 11 3 13 4 10 4 12 4 13 5 10 5 12 5 13 6 10 6 12 6 13 7 11 7 12 7 13 8 9 8 10 8 13 9 12 10 11
m14_33 14 35 0 8 0 11 0 12 0 13 1 8 1 11 1 12 1 13 2 9 2 10 2 12 2 13 3 9 3 10 3 12 3 13 4 10 4 11 4 12 4 13 5 10 5 11 5 12 5 13 6 10 6 11 6 12 6 13 7 10 7 11 7 12 7 13 8 9 8 10 9 11
m14_34 14 34 0 8 0 11 0 13 1 8 1 11 1 13 2 9 2 10 2 12 2 13 3 9 3 10 3 12 3 13 4 10 4 11 4 12 4 13 5 10 5 11 5 12 5 13 6 10 6 11 6 12 6 13 7 10 7 11 7 12 7 13 8 9 8 10 8 12 9 11
m14_35 14 31 0 8 0 9 0 10 0 13 1 8 1 9 1 10 1 13 2 8 2 11 2 13 3 9 3 10 3 12 3 13 4 9 4 10 4 12 4 13 5 11 5 12 5 13 6 11 6 12 6 13 7 11 7 12 7 13 8 12 9 11 10 11
m14_36 14 31 0 8 0 9 0 10 0 13 1 8 1 12 1 13 2 8 2 12 2 13 3 9 3 10 3 11 3 13 4 9 4 10 4 11 4 13 5 9 5 10 5 11 5 13 6 11 6 12 6 13 7 11 7 12 7 13 8 11 9 12 10 12
m14_37 14 34 0 8 0 9 0 12 0 13 1 8 1 10 1 12 1 13 2 8 2 10 2 12 2 13 3 9 3 11 3 12 3 13 4 9 4 11 4 12 4 13 5 9 5 11 5 12 5 13 6 10 6 11 6 12 6 13 7 10 7 11 7 12 7 13 8 11 9 10
m14_38 14 32 0 8 0 9 0 13 1 8 1 10 1 13 2 8 2 10 2 13 3 9 3 11 3 12 3 13 4 9 4 11 4 12 4 13 5 9 5 11 5 12 5 13 6 10 6 11 6 12 6 13 7 10 7 11 7 12 7 13 8 11 8 12 9 10
m14_39 14 34 0 7 0 8 0 9 0 10 1 8 1 9 1 10 1 12 2 9 2 10 2 12 2 13 3 10 3 11 3 12 3 13 4 10 4 11 4 12 4 13 5 10 5 11 5 12 5 13 6 10 6 11 6 12 6 13 7 11 7 12 7 13 8 11 8 13 9 11
m14_40 14 30 0 7 0 8 0 9 0 11 1 8 1 9 1 10 1 11 2 9 2 10 2 11 2 13 3 11 3 12 3 13 4 11 4 12 4 13 5 11 5 12 5 13 6 11 6 12 6 13 7 10 7 13 8 12 8 13 9 12 10 12
m14_41 14 31 0 7 0 9 0 10 0 13 1 8 1 12 1 13 2 8 2 12 2 13 3 9 3 10 3 11 3 13 4 9 4 10 4 11 4 13 5 11 5 12 5 13 6 11 6 12 6 13 7 11 7 12 8 9 8 10 8 11 9 12 10 12
m14_42 14 32 0 7 0 9 0 10 0 13 1 8 1 12 1 13 2 8 2 12 2 13 3 9 3 10 3 11 3 13 4 9 4 10 4 11 4 13 5 10 5 11 5 12 5 13 6 10 6 11 6 12 6 13 7 11 7 12 8 9 8 10 8 11 9 12
m14_43 14 32 0 7 0 9 0 13 1 8 1 12 1 13 2 8 2 12 2 13 3 9 3 10 3 11 3 13 4 9 4 10 4 11 4 13 5 10 5 11 5 12 5 13 6 10 6 11 6 12 6 13 7 10 7 11 7 12 8 9 8 10 8 11 9 12
m14_44 14 33 0 7 0 9 0 12 0 13 1 8 1 11 1 12 1 13 2 8 2 11 2 12 2 13 3 9 3 10 3 12 3 13 4 9 4 10 4 12 4 13 5 10 5 11 5 12 5 13 6 10 6 11 6 12 6 13 7 10 7 11 8 9 8 10 9 11
m14_45 14 33 0 7 0 9 0 13 1 8 1 11 1 12 1 13 2 8 2 11 2 12 2 13 3 9 3 10 3 12 3 13 4 9 4 10 4 12 4 13 5 10 5 11 5 12 5 13 6 10 6 11 6 12 6 13 7 10 7 11 7 12 8 9 8 10 9 11
m14_46 14 32 0 7 0 9 0 13 1 8 1 10 1 11 1 13 2 8 2 10 2 11 2 13 3 9 3 12 3 13 4 9 4 12 4 13 5 10 5 11 5 12 5 13 6 10 6 11 6 12 6 13 7 10 7 11 7 12 8 9 8 12 9 10 9 11
m14_47 14 35 0 7 0 9 0 10 0 13 1 8 1 12 1 13 2 8 2 12 2 13 3 9 3 10 3 11 3 12 3 13 4 9 4 10 4 11 4 12 4 13 5 9 5 10 5 11 5 12 5 13 6 9 6 10 6 11 6 12 6 13 7 11 7 12 8 9 8 10 8 11
m14_48 14 36 0 7 0 9 0 11 0 12 1 8 1 11 1 12 1 13 2 8 2 11 2 12 2 13 3 9 3 10 3 11 3 12 3 13 4 9 4 10 4 11 4 12 4 13 5 9 5 10 5 11 5 12 5 13 6 9 6 10 6 11 6 12 6 13 7 10 7 13 8 9 8 10
m14_49 14 33 0 7 0 8 0 9 0 12 1 8 1 9 1 12 1 13 2 8 2 11 2 12 2 13 3 8 3 11 3 12 3 13 4 9 4 10 4 12 4 13 5 9 5 10 5 12 5 13 6 10 6 11 6 12 6 13 7 10 7 11 7 13 8 10 9 11
m14_50 14 33 0 7 0 8 0 9 0 10 0 11 1 7 1 8 1 9 1 10 1 11 2 9 2 10 2 11 2 13 3 9 3 10 3 11 3 13 4 11 4 12 4 13 5 11 5 12 5 13 6 11 6 12 6 13 7 12 7 13 8 12 8 13 9 12 10 12
m14_51 14 31 0 7 0 8 0 9 0 10 0 13 1 7 1 8 1 9 1 10 1 13 2 9 2 12 2 13 3 9 3 12 3 13 4 10 4 11 4 13 5 10 5 11 5 13 6 11 6 12 6 13 7 11 7 12 8 11 8 12 9 11 10 12
m14_52 14 31 0 7 0 8 0 9 0 12 0 13 1 7 1 8 1 9 1 12 1 13 2 9 2 10 2 13 3 9 3 10 3 13 4 11 4 12 4 13 5 11 5 12 5 13 6 11 6 12 6 13 7 10 7 11 8 10 8 11 9 11 10 12
m14_53 14 35 0 7 0 8 0 9 0 11 0 12 1 7 1 8 1 9 1 11 1 12 2 9 2 11 2 12 2 13 3 9 3 11 3 12 3 13 4 10 4 11 4 12 4 13 5 10 5 11 5 12 5 13 6 10 6 11 6 12 6 13 7 10 7 13 8 10 8 13 9 10
m14_54 14 35 0 7 0 8 0 9 0 11 1 7 1 8 1 9 1 11 2 9 2 11 2 12 2 13 3 9 3 11 3 12 3 13 4 10 4 11 4 12 4 13 5 10 5 11 5 12 5 13 6 10 6 11 6 12 6 13 7 10 7 12 7 13 8 10 8 12 8 13 9 10
m14_55 14 34 0 7 0 8 0 9 0 13 1 7 1 8 1 9 1 13 2 9 2 12 2 13 3 9 3 12 3 13 4 10 4 11 4 12 4 13 5 10 5 11 5 12 5 13 6 10 6 11 6 12 6 13 7 10 7 11 7 12 8 10 8 11 8 12 9 10 9 11
m14_56 14 32 0 7 0 8 0 12 0 13 1 7 1 8 1 12 1 13 2 8 2 9 2 10 2 13 3 9 3 10 3 11 3 13 4 9 4 10 4 11 4 13 5 11 5 12 5 13 6 11 6 12 6 13 7 9 7 10 7 11 8 11 9 12 10 12
m14_57 14 29 0 7 0 8 0 11 0 12 1 7 1 8 1 11 1 12 2 8 2 9 2 10 3 9 3 12 3 13 4 9 4 12 4 13 5 10 5 11 5 13 6 10 6 11 6 13 7 9 7 10 7 13 8 13 9 11 10 12
m14_58 14 33 0 7 0 8 0 10 0 13 1 7 1 8 1 10 1 13 2 8 2 9 2 11 2 13 3 9 3 11 3 12 3 13 4 9 4 11 4 12 4 13 5 10 5 11 5 12 5 13 6 10 6 11 6 12 6 13 7 9 7 11 7 12 8 12 9 10
m14_59 14 34 0 7 0 8 0 10 0 12 0 13 1 7 1 8 1 10 1 12 1 13 2 8 2 9 2 12 2 13 3 9 3 11 3 12 3 13 4 9 4 11 4 12 4 13 5 10 5 11 5 12 5 13 6 10 6 11 6 12 6 13 7 9 7 11 8 11 9 10
m14_60 14 33 0 7 0 8 0 10 0 13 1 7 1 8 1 10 1 13 2 8 2 9 2 13 3 9 3 11 3 12 3 13 4 9 4 11 4 12 4 13 5 10 5 11 5 12 5 13 6 10 6 11 6 12 6 13 7 9 7 11 7 12 8 11 8 12 9 10
m14_61 14 36 0 7 0 8 0 13 1 7 1 8 1 13 2 8 2 12 2 13 3 9 3 10 3 11 3 12 3 13 4 9 4 10 4 11 4 12 4 13 5 9 5 10 5 11 5 12 5 13 6 9 6 10 6 11 6 12 6 13 7 9 7 10 7 11 7 12 8 9 8 10 8 11
m14_62 14 33 0 7 0 10 0 11 0 13 1 7 1 10 1 11 1 13 2 8 2 9 2 12 2 13 3 8 3 10 3 12 3 13 4 9 4 11 4 12 4 13 5 9 5 11 5 12 5 13 6 10 6 11 6 12 6 13 7 8 7 9 7 12 8 11 9 10
m14_63 14 38 0 7 0 9 0 11 0 12 0 13 1 7 1 9 1 11 1 12 1 13 2 8 2 10 2 11 2 12 2 13 3 8 3 10 3 11 3 12 3 13 4 8 4 10 4 11 4 12 4 13 5 9 5 10 5 11 5 12 5 13 6 9 6 10 6 11 6 12 6 13 7 8 7 10 8 9
m14_64 14 37 0 7 0 9 0 12 0 13 1 7 1 9 1 12 1 13 2 8 2 10 2 11 2 12 2 13 3 8 3 10 3 11 3 12 3 13 4 8 4 10 4 11 4 12 4 13 5 9 5 10 5 11 5 12 5 13 6 9 6 10 6 11 6 12 6 13 7 8 7 10 7 11 8 9
m14_65 14 36 0 7 0 9 0 13 1 7 1 9 1 13 2 8 2 10 2 11 2 12 2 13 3 8 3 10 3 11 3 12 3 13 4 8 4 10 4 11 4 12 4 13 5 9 5 10 5 11 5 12 5 13 6 9 6 10 6 11 6 12 6 13 7 8 7 10 7 11 7 12 8 9
m14_66 14 31 0 7 0 8 0 9 0 13 1 7 1 8 1 10 1 13 2 7 2 10 2 12 2 13 3 8 3 10 3 11 3 13 4 9 4 11 4 12 4 13 5 9 5 11 5 12 5 13 6 10 6 11 6 12 6 13 7 11 8 12 9 10
m14_67 14 39 0 7 0 8 0 9 0 10 0 11 0 12 1 7 1 8 1 9 1 10 1 11 1 12 2 7 2 8 2 9 2 10 2 11 2 12 3 7 3 8 3 9 3 10 3 11 3 12 4 7 4 8 4 9 4 10 4 11 4 12 5 12 5 13 6 12 6 13 7 13 8 13 9 13 10 13 11 13
m14_68 14 31 0 6 0 9 0 11 0 12 1 7 1 9 1 10 1 12 2 8 2 9 2 10 2 11 3 10 3 11 3 12 3 13 4 10 4 11 4 12 4 13 5 10 5 11 5 12 5 13 6 10 6 13 7 11 7 13 8 12 8 13 9 13
m14_69 14 31 0 6 0 9 0 12 1 7 1 9 1 11 2 8 2 9 2 10 3 10 3 11 3 12 3 13 4 10 4 11 4 12 4 13 5 10 5 11 5 12 5 13 6 10 6 11 6 13 7 10 7 12 7 13 8 11 8 12 8 13 9 13
m14_70 14 31 0 6 0 9 0 11 0 12 1 7 1 9 1 10 1 12 2 8 2 9 2 10 2 11 3 9 3 10 3 11 3 12 4 10 4 11 4 12 4 13 5 10 5 11 5 12 5 13 6 10 6 13 7 11 7 13 8 12 8 13 9 13
m14_71 14 31 0 6 0 9 0 13 1 7 1 9 1 12 2 8 2 9 2 11 3 9 3 11 3 12 3 13 4 10 4 11 4 12 4 13 5 10 5 11 5 12 5 13 6 10 6 11 6 12 7 10 7 11 7 13 8 10 8 12 8 13 9 10
m14_72 14 33 0 6 0 9 0 12 0 13 1 7 1 9 1 11 1 13 2 8 2 9 2 10 2 13 3 9 3 10 3 11 3 12 3 13 4 9 4 10 4 11 4 12 4 13 5 9 5 10 5 11 5 12 5 13 6 10 6 11 7 10 7 12 8 11 8 12
m14_73 14 33 0 6 0 9 0 12 1 7 1 9 1 11 1 13 2 8 2 9 2 10 2 13 3 9 3 10 3 11 3 12 3 13 4 9 4 10 4 11 4 12 4 13 5 9 5 10 5 11 5 12 5 13 6 10 6 11 6 13 7 10 7 12 8 11 8 12
m14_74 14 32 0 6 0 8 0 9 0 12 1 7 1 8 1 9 1 10 2 8 2 10 2 12 2 13 3 9 3 10 3 11 3 12 4 10 4 11 4 12 4 13 5 10 5 11 5 12 5 13 6 10 6 11 6 13 7 11 7 12 7 13 8 11 9 13
m14_75 14 35 0 6 0 8 0 9 0 10 0 13 1 7 1 8 1 9 1 10 1 12 2 8 2 9 2 10 2 12 2 13 3 9 3 10 3 11 3 12 3 13 4 9 4 10 4 11 4 12 4 13 5 9 5 10 5 11 5 12 5 13 6 11 6 12 7 11 7 13 8 11
m14_76 14 35 0 6 0 8 0 9 0 13 1 7 1 8 1 9 1 11 1 12 2 8 2 9 2 11 2 12 2 13 3 9 3 10 3 11 3 12 3 13 4 9 4 10 4 11 4 12 4 13 5 9 5 10 5 11 5 12 5 13 6 10 6 11 6 12 7 10 7 13 8 10
m14_77 14 35 0 6 0 8 0 9 0 12 1 7 1 8 1 9 1 11 2 8 2 9 2 11 2 12 2 13 3 9 3 10 3 11 3 12 3 13 4 9 4 10 4 11 4 12 4 13 5 9 5 10 5 11 5 12 5 13 6 10 6 11 6 13 7 10 7 12 7 13 8 10
m14_78 14 35 0 6 0 8 0 9 0 13 1 7 1 8 1 9 1 12 2 8 2 9 2 12 2 13 3 9 3 10 3 11 3 12 3 13 4 9 4 10 4 11 4 12 4 13 5 9 5 10 5 11 5 12 5 13 6 10 6 11 6 12 7 10 7 11 7 13 8 10 8 11
m14_79 14 31 0 6 0 9 0 10 0 13 1 7 1 9 1 10 1 12 2 8 2 9 2 12 2 13 3 8 3 9 3 12 3 13 4 10 4 11 4 12 4 13 5 10 5 11 5 12 5 13 6 11 6 12 7 11 7 13 8 10 8 11 9 11
m14_80 14 30 0 6 0 9 0 11 1 7 1 9 1 10 2 8 2 9 2 13 3 8 3 9 3 13 4 10 4 11 4 12 4 13 5 10 5 11 5 12 5 13 6 10 6 12 6 13 7 11 7 12 7 13 8 10 8 11 8 12 9 12
m14_81 14 32 0 6 0 8 0 9 0 13 1 7 1 8 1 9 1 12 2 8 2 9 2 12 2 13 3 8 3 11 3 12 3 13 4 9 4 10 4 12 4 13 5 10 5 11 5 12 5 13 6 10 6 11 6 12 7 10 7 11 7 13 8 10 9 11
m14_82 14 32 0 6 0 7 0 9 0 10 1 7 1 8 1 9 1 12 2 8 2 9 2 12 2 13 3 9 3 10 3 12 3 13 4 10 4 11 4 12 4 13 5 10 5 11 5 12 5 13 6 11 6 12 6 13 7 11 7 13 8 10 8 11 9 11
m14_83 14 36 0 6 0 7 0 8 0 10 0 11 1 7 1 8 1 10 1 11 1 13 2 8 2 10 2 11 2 12 2 13 3 8 3 10 3 11 3 12 3 13 4 9 4 10 4 11 4 12 4 13 5 9 5 10 5 11 5 12 5 13 6 9 6 12 6 13 7 9 7 12 8 9
m14_84 14 36 0 6 0 7 0 8 0 10 1 7 1 8 1 10 1 12 1 13 2 8 2 10 2 11 2 12 2 13 3 8 3 10 3 11 3 12 3 13 4 9 4 10 4 11 4 12 4 13 5 9 5 10 5 11 5 12 5 13 6 9 6 11 6 12 6 13 7 9 7 11 8 9
m14_85 14 35 0 6 0 7 0 9 0 10 0 11 1 7 1 8 1 10 1 11 1 12 2 8 2 10 2 11 2 12 2 13 3 9 3 10 3 11 3 12 3 13 4 9 4 10 4 11 4 12 4 13 5 9 5 10 5 11 5 12 5 13 6 8 6 12 6 13 7 13 8 9
m14_86 14 35 0 6 0 7 0 9 0 10 0 11 1 7 1 8 1 10 1 11 2 8 2 10 2 11 2 12 2 13 3 9 3 10 3 11 3 12 3 13 4 9 4 10 4 11 4 12 4 13 5 9 5 10 5 11 5 12 5 13 6 8 6 12 6 13 7 12 7 13 8 9
m14_87 14 35 0 6 0 7 0 9 0 10 1 7 1 8 1 10 1 11 1 12 2 8 2 10 2 11 2 12 2 13 3 9 3 10 3 11 3 12 3 13 4 9 4 10 4 11 4 12 4 13 5 9 5 10 5 11 5 12 5 13 6 8 6 11 6 12 6 13 7 13 8 9
m14_88 14 35 0 6 0 7 0 9 0 10 1 7 1 8 1 10 1 11 2 8 2 10 2 11 2 12 2 13 3 9 3 10 3 11 3 12 3 13 4 9 4 10 4 11 4 12 4 13 5 9 5 10 5 11 5 12 5 13 6 8 6 11 6 12 6 13 7 12 7 13 8 9
m14_89 14 35 0 6 0 7 0 9 0 10 1 7 1 8 1 10 2 8 2 10 2 11 2 12 2 13 3 9 3 10 3 11 3 12 3 13 4 9 4 10 4 11 4 12 4 13 5 9 5 10 5 11 5 12 5 13 6 8 6 11 6 12 6 13 7 11 7 12 7 13 8 9
m14_90 14 34 0 6 0 7 0 9 0 10 0 11 1 7 1 8 1 11 1 12 2 8 2 11 2 12 2 13 3 9 3 10 3 11 3 12 3 13 4 9 4 10 4 11 4 12 4 13 5 9 5 10 5 11 5 12 5 13 6 8 6 12 6 13 7 13 8 9 8 10
m14_91 14 34 0 6 0 7 0 9 0 10 0 11 1 7 1 8 1 11 2 8 2 11 2 12 2 13 3 9 3 10 3 11 3 12 3 13 4 9 4 10 4 11 4 12 4 13 5 9 5 10 5 11 5 12 5 13 6 8 6 12 6 13 7 12 7 13 8 9 8 10
m14_92 14 34 0 6 0 7 0 9 0 11 0 12 1 7 1 8 1 11 1 12 2 8 2 11 2 12 2 13 3 9 3 10 3 11 3 12 3 13 4 9 4 10 4 11 4 12 4 13 5 9 5 10 5 11 5 12 5 13 6 8 6 13 7 10 7 13 8 9 8 10
m14_93 14 34 0 6 0 7 0 9 0 11 1 7 1 8 1 11 1 13 2 8 2 11 2 12 2 13 3 9 3 10 3 11 3 12 3 13 4 9 4 10 4 11 4 12 4 13 5 9 5 10 5 11 5 12 5 13 6 8 6 12 6 13 7 10 7 12 8 9 8 10
m14_94 14 32 0 6 0 9 0 10 0 12 1 7 1 8 1 9 1 10 1 11 2 7 2 8 2 9 2 10 2 11 3 9 3 10 3 11 3 12 4 11 4 12 4 13 5 11 5 12 5 13 6 11 6 13 7 12 7 13 8 12 8 13 9 13 10 13
m14_95 14 33 0 6 0 9 0 10 0 11 1 7 1 8 1 9 1 10 1 13 2 7 2 8 2 9 2 10 2 13 3 9 3 10 3 11 3 13 4 10 4 11 4 12 4 13 5 10 5 11 5 12 5 13 6 12 6 13 7 11 7 12 8 11 8 12 9 12
m14_96 14 33 0 6 0 9 0 10 0 11 1 7 1 8 1 9 1 13 2 7 2 8 2 9 2 13 3 9 3 10 3 11 3 13 4 10 4 11 4 12 4 13 5 10 5 11 5 12 5 13 6 12 6 13 7 10 7 11 7 12 8 10 8 11 8 12 9 12
m14_97 14 33 0 6 0 9 0 10 1 7 1 8 1 9 1 12 1 13 2 7 2 8 2 9 2 12 2 13 3 9 3 10 3 12 3 13 4 10 4 11 4 12 4 13 5 10 5 11 5 12 5 13 6 11 6 12 6 13 7 10 7 11 8 10 8 11 9 11
m14_98 14 33 0 6 0 9 0 10 1 7 1 8 1 9 1 12 2 7 2 8 2 9 2 12 3 9 3 10 3 12 3 13 4 10 4 11 4 12 4 13 5 10 5 11 5 12 5 13 6 11 6 12 6 13 7 10 7 11 7 13 8 10 8 11 8 13 9 11
m14_99 14 29 0 6 0 10 0 13 1 7 1 8 1 10 1 12 2 7 2 8 2 10 2 12 3 9 3 12 3 13 4 9 4 12 4 13 5 10 5 11 5 12 5 13 6 11 6 12 7 11 7 13 8 11 8 13 9 10 9 11
m14_100 14 33 0 6 0 8 0 9 0 10 1 7 1 8 1 9 1 11 2 7 2 8 2 9 2 11 3 9 3 10 3 11 3 12 4 10 4 11 4 12 4 13 5 10 5 11 5 12 5 13 6 11 6 12 6 13 7 10 7 12 7 13 8 12 8 13 9 13
m14_101 14 29 0 6 0 8 0 9 0 13 1 7 1 8 1 11 2 7 2 9 2 10 3 8 3 9 3 12 3 13 4 10 4 11 4 12 4 13 5 10 5 11 5 12 5 13 6 10 6 11 6 12 7 12 7 13 8 10 9 11
m14_102 14 31 0 6 0 8 0 12 0 13 1 7 1 8 1 9 1 12 2 7 2 9 2 11 2 12 3 8 3 10 3 12 3 13 4 10 4 11 4 12 4 13 5 10 5 11 5 12 5 13 6 9 6 10 6 11 7 10 7 13 8 11 9 13
m14_103 14 31 0 6 0 8 0 9 0 12 1 7 1 9 1 12 1 13 2 7 2 11 2 12 2 13 3 8 3 10 3 11 3 12 4 9 4 10 4 12 4 13 5 10 5 11 5 12 5 13 6 10 6 11 6 13 7 8 7 10 8 13 9 11
m14_104 14 34 0 6 0 8 0 13 1 7 1 11 1 12 1 13 2 7 2 11 2 12 2 13 3 8 3 9 3 10 3 11 3 13 4 9 4 10 4 11 4 12 4 13 5 9 5 10 5 11 5 12 5 13 6 9 6 10 6 11 6 12 7 8 7 9 7 10 8 12
m14_105 14 34 0 6 0 8 0 12 0 13 1 7 1 11 1 12 1 13 2 7 2 11 2 12 2 13 3 8 3 9 3 10 3 12 3 13 4 9 4 10 4 11 4 12 4 13 5 9 5 10 5 11 5 12 5 13 6 9 6 10 6 11 7 8 7 9 7 10 8 11
m14_106 14 34 0 6 0 8 0 13 1 7 1 11 1 12 1 13 2 7 2 11 2 12 2 13 3 8 3 9 3 10 3 13 4 9 4 10 4 11 4 12 4 13 5 9 5 10 5 11 5 12 5 13 6 9 6 10 6 11 6 12 7 8 7 9 7 10 8 11 8 12
m14_107 14 35 0 6 0 8 0 11 0 12 0 13 1 7 1 10 1 11 1 12 1 13 2 7 2 10 2 11 2 12 2 13 3 8 3 9 3 11 3 12 3 13 4 9 4 10 4 11 4 12 4 13 5 9 5 10 5 11 5 12 5 13 6 9 6 10 7 8 7 9 8 10
m14_108 14 35 0 6 0 8 0 12 0 13 1 7 1 10 1 11 1 12 1 13 2 7 2 10 2 11 2 12 2 13 3 8 3 9 3 11 3 12 3 13 4 9 4 10 4 11 4 12 4 13 5 9 5 10 5 11 5 12 5 13 6 9 6 10 6 11 7 8 7 9 8 10
m14_109 14 35 0 6 0 8 0 13 1 7 1 10 1 11 1 12 1 13 2 7 2 10 2 11 2 12 2 13 3 8 3 9 3 11 3 12 3 13 4 9 4 10 4 11 4 12 4 13 5 9 5 10 5 11 5 12 5 13 6 9 6 10 6 11 6 12 7 8 7 9 8 10
m14_110 14 35 0 6 0 8 0 12 0 13 1 7 1 10 1 11 1 12 1 13 2 7 2 10 2 11 2 12 2 13 3 8 3 9 3 12 3 13 4 9 4 10 4 11 4 12 4 13 5 9 5 10 5 11 5 12 5 13 6 9 6 10 6 11 7 8 7 9 8 10 8 11
m14_111 14 35 0 6 0 8 0 13 1 7 1 10 1 11 1 12 1 13 2 7 2 10 2 11 2 12 2 13 3 8 3 9 3 12 3 13 4 9 4 10 4 11 4 12 4 13 5 9 5 10 5 11 5 12 5 13 6 9 6 10 6 11 6 12 7 8 7 9 8 10 8 11
m14_112 14 35 0 6 0 8 0 9 0 10 0 11 1 7 1 9 1 10 1 11 1 12 2 7 2 9 2 10 2 11 2 12 3 8 3 9 3 10 3 11 3 12 4 8 4 9 4 10 4 11 4 12 5 8 5 12 5 13 6 12 6 13 7 8 7 13 9 13 10 13 11 13
m14_113 14 34 0 6 0 7 0 8 0 13 1 7 1 8 1 12 1 13 2 7 2 11 2 12 2 13 3 8 3 10 3 12 3 13 4 9 4 10 4 11 4 12 4 13 5 9 5 10 5 11 5 12 5 13 6 9 6 10 6 11 6 12 7 9 7 10 8 9 8 11
m14_114 14 32 0 6 0 7 0 8 0 13 1 7 1 10 1 12 1 13 2 7 2 10 2 12 2 13 3 8 3 9 3 11 3 13 4 8 4 9 4 11 4 13 5 9 5 11 5 12 5 13 6 10 6 11 6 12 7 9 7 11 8 10 8 12 9 10
m14_115 14 33 0 6 0 7 0 8 0 13 1 7 1 10 1 11 1 12 1 13 2 7 2 10 2 11 2 12 2 13 3 8 3 9 3 12 3 13 4 8 4 9 4 12 4 13 5 9 5 11 5 12 5 13 6 10 6 11 6 12 7 9 8 10 8 11 9 10
m14_116 14 34 0 6 0 7 0 11 0 12 0 13 1 7 1 8 1 12 1 13 2 7 2 8 2 12 2 13 3 9 3 10 3 11 3 12 3 13 4 9 4 10 4 11 4 12 4 13 5 9 5 10 5 11 5 12 5 13 6 8 6 9 6 10 7 9 7 10 8 11
m14_117 14 34 0 6 0 7 0 11 0 13 1 7 1 8 1 12 1 13 2 7 2 8 2 12 2 13 3 9 3 10 3 11 3 12 3 13 4 9 4 10 4 11 4 12 4 13 5 9 5 10 5 11 5 12 5 13 6 8 6 9 6 10 6 12 7 9 7 10 8 11
m14_118 14 33 0 6 0 7 0 11 0 12 0 13 1 7 1 8 1 13 2 7 2 8 2 13 3 9 3 10 3 11 3 12 3 13 4 9 4 10 4 11 4 12 4 13 5 9 5 10 5 11 5 12 5 13 6 8 6 9 6 10 7 9 7 10 8 11 8 12
m14_119 14 35 0 6 0 7 0 10 0 11 0 12 1 7 1 8 1 11 1 12 1 13 2 7 2 8 2 11 2 12 2 13 3 9 3 10 3 11 3 12 3 13 4 9 4 10 4 11 4 12 4 13 5 9 5 10 5 11 5 12 5 13 6 8 6 9 6 13 7 9 8 10
m14_120 14 35 0 6 0 7 0 11 0 12 0 13 1 7 1 8 1 11 1 12 1 13 2 7 2 8 2 11 2 12 2 13 3 9 3 10 3 11 3 12 3 13 4 9 4 10 4 11 4 12 4 13 5 9 5 10 5 11 5 12 5 13 6 8 6 9 7 9 7 10 8 10
m14_121 14 35 0 6 0 7 0 12 0 13 1 7 1 8 1 11 1 12 1 13 2 7 2 8 2 11 2 12 2 13 3 9 3 10 3 11 3 12 3 13 4 9 4 10 4 11 4 12 4 13 5 9 5 10 5 11 5 12 5 13 6 8 6 9 6 11 7 9 7 10 8 10
m14_122 14 35 0 6 0 7 0 13 1 7 1 8 1 11 1 12 1 13 2 7 2 8 2 11 2 12 2 13 3 9 3 10 3 11 3 12 3 13 4 9 4 10 4 11 4 12 4 13 5 9 5 10 5 11 5 12 5 13 6 8 6 9 6 11 6 12 7 9 7 10 8 10
m14_123 14 34 0 6 0 7 0 11 0 12 0 13 1 7 1 8 1 12 1 13 2 7 2 8 2 12 2 13 3 9 3 10 3 11 3 12 3 13 4 9 4 10 4 11 4 12 4 13 5 9 5 10 5 11 5 12 5 13 6 8 6 9 7 9 7 10 8 10 8 11
m14_124 14 34 0 6 0 7 0 11 0 12 1 7 1 8 1 12 1 13 2 7 2 8 2 12 2 13 3 9 3 10 3 11 3 12 3 13 4 9 4 10 4 11 4 12 4 13 5 9 5 10 5 11 5 12 5 13 6 8 6 9 6 13 7 9 7 10 8 10 8 11
m14_125 14 36 0 6 0 7 0 10 0 11 0 12 1 7 1 10 1 11 1 12 1 13 2 7 2 10 2 11 2 12 2 13 3 8 3 9 3 11 3 12 3 13 4 8 4 9 4 11 4 12 4 13 5 9 5 10 5 11 5 12 5 13 6 8 6 9 6 13 7 8 7 9 8 10
m14_126 14 32 0 6 0 7 0 10 0 12 1 6 1 7 1 10 1 12 2 8 2 9 2 12 2 13 3 8 3 9 3 12 3 13 4 8 4 9 4 12 4 13 5 10 5 11 5 12 5 13 6 11 6 13 7 11 7 13 8 10 8 11 9 10 9 11
m14_127 14 32 0 6 0 7 0 10 0 12 1 6 1 7 1 10 1 12 2 8 2 9 2 12 2 13 3 8 3 9 3 12 3 13 4 8 4 9 4 12 4 13 5 10 5 11 5 12 6 11 6 13 7 11 7 13 8 10 8 11 9 10 9 11 10 13
m14_128 14 33 0 6 0 7 0 12 0 13 1 6 1 11 1 12 1 13 2 7 2 8 2 9 2 10 2 13 3 8 3 9 3 10 3 11 3 13 4 9 4 10 4 11 4 12 4 13 5 9 5 10 5 11 5 12 5 13 6 8 6 9 6 10 7 11 8 12
m14_129 14 33 0 6 0 7 0 13 1 6 1 11 1 12 1 13 2 7 2 8 2 9 2 10 2 13 3 8 3 9 3 10 3 12 3 13 4 9 4 10 4 11 4 12 4 13 5 9 5 10 5 11 5 12 5 13 6 8 6 9 6 10 7 11 7 12 8 11
m14_130 14 33 0 6 0 7 0 12 0 13 1 6 1 11 1 12 1 13 2 7 2 8 2 9 2 13 3 8 3 9 3 10 3 11 3 13 4 9 4 10 4 11 4 12 4 13 5 9 5 10 5 11 5 12 5 13 6 8 6 9 6 10 7 10 7 11 8 12
m14_131 14 34 0 6 0 7 0 12 0 13 1 6 1 11 1 12 1 13 2 7 2 8 2 9 2 12 2 13 3 8 3 9 3 10 3 12 3 13 4 9 4 10 4 11 4 12 4 13 5 9 5 10 5 11 5 12 5 13 6 8 6 9 6 10 7 10 7 11 8 11
m14_132 14 33 0 6 0 7 0 12 0 13 1 6 1 11 1 12 1 13 2 7 2 8 2 9 2 13 3 8 3 9 3 10 3 13 4 9 4 10 4 11 4 12 4 13 5 9 5 10 5 11 5 12 5 13 6 8 6 9 6 10 7 10 7 11 8 11 8 12
m14_133 14 34 0 6 0 7 0 10 0 12 0 13 1 6 1 10 1 11 1 12 1 13 2 7 2 8 2 9 2 12 2 13 3 8 3 9 3 11 3 12 3 13 4 9 4 10 4 11 4 12 4 13 5 9 5 10 5 11 5 12 5 13 6 8 6 9 7 11 8 10
m14_134 14 33 0 6 0 7 0 10 0 13 1 6 1 10 1 11 1 12 1 13 2 7 2 8 2 9 2 13 3 8 3 9 3 11 3 12 3 13 4 9 4 10 4 11 4 12 4 13 5 9 5 10 5 11 5 12 5 13 6 8 6 9 7 11 7 12 8 10
m14_135 14 38 0 6 0 7 0 10 0 11 0 12 0 13 1 6 1 9 1 10 1 11 1 12 1 13 2 7 2 8 2 10 2 11 2 12 2 13 3 8 3 9 3 10 3 11 3 12 3 13 4 8 4 9 4 10 4 11 4 12 4 13 5 8 5 9 5 10 5 11 5 12 5 13 6 8 7 9
m14_136 14 38 0 6 0 7 0 11 0 12 0 13 1 6 1 7 1 11 1 12 1 13 2 7 2 10 2 11 2 12 2 13 3 8 3 9 3 10 3 11 3 12 3 13 4 8 4 9 4 10 4 11 4 12 4 13 5 8 5 9 5 10 5 11 5 12 5 13 6 8 6 9 6 10 7 8 7 9
m14_137 14 33 0 6 0 9 0 10 0 12 0 13 1 6 1 9 1 10 1 12 1 13 2 7 2 8 2 9 2 10 2 13 3 7 3 8 3 9 3 10 3 13 4 11 4 12 4 13 5 11 5 12 5 13 6 8 6 11 7 11 7 12 8 12 9 11 10 11
m14_138 14 35 0 6 0 9 0 10 0 11 0 12 1 6 1 9 1 10 1 11 1 12 2 7 2 8 2 9 2 10 2 11 3 7 3 8 3 9 3 10 3 11 4 8 4 9 4 10 4 11 4 12 5 8 5 12 5 13 6 8 6 13 7 12 7 13 9 13 10 13 11 13
m14_139 14 34 0 6 0 7 0 9 0 10 0 13 1 6 1 8 1 9 1 10 1 13 2 7 2 9 2 10 2 11 2 13 3 7 3 9 3 10 3 11 3 13 4 8 4 11 4 12 4 13 5 8 5 11 5 12 5 13 6 11 6 12 7 8 7 12 9 12 10 12
m14_140 14 35 0 6 0 8 0 9 0 10 0 12 0 13 1 6 1 8 1 9 1 10 1 12 1 13 2 7 2 8 2 12 2 13 3 7 3 11 3 12 3 13 4 9 4 10 4 11 4 12 4 13 5 9 5 10 5 11 5 12 5 13 6 7 6 11 7 9 7 10 8 11
m14_141 14 33 0 6 0 8 0 12 0 13 1 6 1 9 1 12 1 13 2 7 2 8 2 10 2 11 2 13 3 7 3 9 3 10 3 11 3 13 4 8 4 10 4 11 4 12 4 13 5 9 5 10 5 11 5 12 5 13 6 7 6 10 6 11 7 12 8 9
m14_142 14 34 0 6 0 8 0 11 0 12 0 13 1 6 1 9 1 11 1 12 1 13 2 7 2 8 2 10 2 12 2 13 3 7 3 9 3 10 3 12 3 13 4 8 4 10 4 11 4 12 4 13 5 9 5 10 5 11 5 12 5 13 6 7 6 10 7 11 8 9
m14_143 14 36 0 6 0 9 0 11 0 12 0 13 1 6 1 9 1 11 1 12 1 13 2 7 2 8 2 10 2 12 2 13 3 7 3 8 3 10 3 12 3 13 4 8 4 10 4 11 4 12 4 13 5 9 5 10 5 11 5 12 5 13 6 7 6 8 6 10 7 9 7 11 8 9
m14_144 14 28 0 5 0 9 0 12 0 13 1 6 1 9 1 11 1 13 2 7 2 9 2 11 2 12 3 8 3 11 3 12 3 13 4 8 4 11 4 12 4 13 5 10 5 11 6 10 6 12 7 10 7 13 8 9 8 10
m14_145 14 30 0 5 0 7 0 10 0 12 1 6 1 8 1 10 1 13 2 7 2 8 2 9 2 10 3 10 3 11 3 12 3 13 4 10 4 11 4 12 4 13 5 8 5 9 5 11 6 9 6 11 6 12 7 11 7 13 8 12 9 13
m14_146 14 29 0 5 0 6 0 9 0 10 1 6 1 7 1 9 1 12 2 7 2 9 2 12 2 13 3 8 3 10 3 12 3 13 4 8 4 10 4 12 4 13 5 11 5 12 5 13 6 11 6 13 7 10 7 11 8 9 8 11
m14_147 14 33 0 5 0 6 0 8 0 9 1 6 1 8 1 9 1 10 1 11 2 7 2 9 2 10 2 11 2 13 3 7 3 9 3 10 3 11 3 13 4 8 4 10 4 11 4 12 5 10 5 11 5 12 5 13 6 12 6 13 7 8 7 12 8 13 9 12
m14_148 14 32 0 5 0 6 0 8 0 9 1 6 1 8 1 9 1 10 1 11 2 7 2 9 2 11 2 12 3 7 3 9 3 11 3 12 4 8 4 10 4 11 4 12 4 13 5 10 5 11 5 12 5 13 6 12 6 13 7 8 7 10 7 13 9 13
m14_149 14 32 0 5 0 6 0 8 0 9 1 6 1 8 1 9 1 10 1 11 2 7 2 9 2 11 2 12 3 7 3 9 3 11 3 12 4 8 4 10 4 11 4 13 5 10 5 11 5 12 5 13 6 12 6 13 7 8 7 10 7 13 8 12 9 13
m14_150 14 32 0 5 0 6 0 8 0 9 1 6 1 8 1 9 1 10 2 7 2 9 2 11 2 12 3 7 3 9 3 11 3 12 4 8 4 10 4 11 4 12 4 13 5 10 5 11 5 12 5 13 6 11 6 12 6 13 7 8 7 10 7 13 9 13
m14_151 14 33 0 5 0 6 0 8 0 12 0 13 1 6 1 8 1 11 1 12 1 13 2 7 2 10 2 11 2 12 2 13 3 7 3 10 3 11 3 12 3 13 4 8 4 9 4 11 4 12 4 13 5 9 5 10 5 11 6 9 6 10 7 8 7 9 8 10
m14_152 14 33 0 5 0 6 0 8 0 12 1 6 1 8 1 11 1 12 1 13 2 7 2 10 2 11 2 12 2 13 3 7 3 10 3 11 3 12 3 13 4 8 4 9 4 11 4 12 4 13 5 9 5 10 5 11 5 13 6 9 6 10 7 8 7 9 8 10
m14_153 14 33 0 5 0 6 0 8 0 12 1 6 1 8 1 11 1 12 2 7 2 10 2 11 2 12 2 13 3 7 3 10 3 11 3 12 3 13 4 8 4 9 4 11 4 12 4 13 5 9 5 10 5 11 5 13 6 9 6 10 6 13 7 8 7 9 8 10
m14_154 14 33 0 5 0 6 0 8 0 12 0 13 1 6 1 8 1 11 1 12 1 13 2 7 2 10 2 11 2 12 2 13 3 7 3 10 3 11 3 12 3 13 4 8 4 9 4 11 4 12 5 9 5 10 5 11 6 9 6 10 7 8 7 9 8 10 9 13
m14_155 14 32 0 5 0 7 0 11 0 12 0 13 1 6 1 7 1 8 1 11 1 13 2 6 2 8 2 9 2 11 2 13 3 7 3 10 3 11 3 12 3 13 4 9 4 10 4 11 4 12 4 13 5 8 5 9 5 10 6 10 6 12 7 9 8 12
m14_156 14 32 0 5 0 7 0 11 0 12 1 6 1 7 1 8 1 11 1 13 2 6 2 8 2 9 2 11 2 13 3 7 3 10 3 11 3 12 3 13 4 9 4 10 4 11 4 12 4 13 5 8 5 9 5 10 5 13 6 10 6 12 7 9 8 12
m14_157 14 33 0 5 0 7 0 8 0 10 1 6 1 8 1 10 1 11 1 13 2 6 2 10 2 11 2 12 2 13 3 7 3 8 3 9 3 10 3 11 4 9 4 10 4 11 4 12 4 13 5 9 5 11 5 12 5 13 6 7 6 9 7 12 7 13 8 12
m14_158 14 33 0 5 0 7 0 8 0 10 1 6 1 8 1 10 1 11 2 6 2 10 2 11 2 12 2 13 3 7 3 8 3 9 3 10 3 11 4 9 4 10 4 11 4 12 4 13 5 9 5 11 5 12 5 13 6 7 6 9 7 12 7 13 8 12 8 13
m14_159 14 31 0 4 0 8 0 10 0 12 1 5 1 8 1 9 1 13 2 6 2 7 2 8 2 12 2 13 3 6 3 7 3 11 3 12 3 13 4 9 4 11 4 13 5 10 5 11 5 12 6 9 6 10 7 9 7 10 8 11 9 12 10 13
m14_160 14 30 0 9 0 10 0 11 1 10 1 11 1 13 2 11 2 12 2 13 3 11 3 12 3 13 4 11 4 12 4 13 5 11 5 12 5 13 6 11 6 12 6 13 7 11 7 12 7 13 8 11 8 12 8 13 9 12 9 13 10 12
m14_161 14 30 0 9 0 10 0 13 1 10 1 12 1 13 2 10 2 12 2 13 3 11 3 12 3 13 4 11 4 12 4 13 5 11 5 12 5 13 6 11 6 12 6 13 7 11 7 12 7 13 8 11 8 12 8 13 9 11 9 12 10 11
m14_162 14 30 0 9 0 10 0 13 1 10 1 12 1 13 2 10 2 12 2 13 3 10 3 12 3 13 4 11 4 12 4 13 5 11 5 12 5 13 6 11 6 12 6 13 7 11 7 12 7 13 8 11 8 12 8 13 9 11 9 12 10 11
m14_163 14 30 0 9 0 10 0 12 1 10 1 12 1 13 2 10 2 12 2 13 3 10 3 12 3 13 4 10 4 12 4 13 5 11 5 12 5 13 6 11 6 12 6 13 7 11 7 12 7 13 8 11 8 12 8 13 9 11 9 13 10 11
m14_164 14 37 0 9 0 10 0 11 0 12 1 10 1 11 1 12 1 13 2 10 2 11 2 12 2 13 3 10 3 11 3 12 3 13 4 10 4 11 4 12 4 13 5 10 5 11 5 12 5 13 6 10 6 11 6 12 6 13 7 10 7 11 7 12 7 13 8 10 8 11 8 12 8 13 9 13
m14_165 14 37 0 9 0 10 0 11 1 10 1 11 1 12 1 13 2 10 2 11 2 12 2 13 3 10 3 11 3 12 3 13 4 10 4 11 4 12 4 13 5 10 5 11 5 12 5 13 6 10 6 11 6 12 6 13 7 10 7 11 7 12 7 13 8 10 8 11 8 12 8 13 9 12 9 13
m14_166 14 29 0 8 0 10 0 13 1 9 1 10 1 12 2 10 2 12 2 13 3 11 3 12 3 13 4 11 4 12 4 13 5 11 5 12 5 13 6 11 6 12 6 13 7 11 7 12 7 13 8 11 8 12 9 11 9 13 10 11
m14_167 14 29 0 8 0 10 0 13 1 9 1 10 1 12 2 10 2 12 2 13 3 10 3 12 3 13 4 11 4 12 4 13 5 11 5 12 5 13 6 11 6 12 6 13 7 11 7 12 7 13 8 11 8 12 9 11 9 13 10 11
m14_168 14 29 0 8 0 10 0 13 1 9 1 10 1 12 2 10 2 12 2 13 3 10 3 12 3 13 4 10 4 12 4 13 5 11 5 12 5 13 6 11 6 12 6 13 7 11 7 12 7 13 8 11 8 12 9 11 9 13 10 11
m14_169 14 34 0 8 0 10 0 13 1 9 1 10 1 12 2 10 2 11 2 12 2 13 3 10 3 11 3 12 3 13 4 10 4 11 4 12 4 13 5 10 5 11 5 12 5 13 6 10 6 11 6 12 6 13 7 10 7 11 7 12 7 13 8 11 8 12 9 11 9 13
m14_170 14 32 0 8 0 9 0 10 0 13 1 8 1 9 1 10 1 13 2 9 2 10 2 12 2 13 3 9 3 10 3 12 3 13 4 11 4 12 4 13 5 11 5 12 5 13 6 11 6 12 6 13 7 11 7 12 7 13 8 11 8 12 9 11 10 11
m14_171 14 30 0 8 0 9 0 10 0 13 1 8 1 9 1 10 1 13 2 9 2 12 2 13 3 9 3 12 3 13 4 10 4 11 4 13 5 10 5 11 5 13 6 11 6 12 6 13 7 11 7 12 7 13 8 11 8 12 9 11 10 12
m14_172 14 35 0 8 0 9 0 12 0 13 1 8 1 9 1 12 1 13 2 9 2 11 2 12 2 13 3 9 3 11 3 12 3 13 4 10 4 11 4 12 4 13 5 10 5 11 5 12 5 13 6 10 6 11 6 12 6 13 7 10 7 11 7 12 7 13 8 10 8 11 9 10
m14_173 14 34 0 8 0 9 0 13 1 8 1 9 1 13 2 9 2 11 2 12 2 13 3 9 3 11 3 12 3 13 4 10 4 11 4 12 4 13 5 10 5 11 5 12 5 13 6 10 6 11 6 12 6 13 7 10 7 11 7 12 7 13 8 10 8 11 8 12 9 10
m14_174 14 33 0 8 0 9 0 13 1 8 1 9 1 13 2 9 2 12 2 13 3 9 3 12 3 13 4 10 4 11 4 12 4 13 5 10 5 11 5 12 5 13 6 10 6 11 6 12 6 13 7 10 7 11 7 12 7 13 8 10 8 11 8 12 9 10 9 11
m14_175 14 32 0 8 0 9 0 10 0 13 1 8 1 9 1 10 1 13 2 8 2 9 2 10 2 13 3 9 3 10 3 11 3 13 4 11 4 12 4 13 5 11 5 12 5 13 6 11 6 12 6 13 7 11 7 12 7 13 8 11 8 12 9 12 10 12
m14_176 14 31 0 8 0 9 0 10 0 13 1 8 1 9 1 10 1 13 2 8 2 9 2 10 2 13 3 9 3 12 3 13 4 10 4 11 4 13 5 11 5 12 5 13 6 11 6 12 6 13 7 11 7 12 7 13 8 11 8 12 9 11 10 12
m14_177 14 35 0 8 0 9 0 12 0 13 1 8 1 9 1 12 1 13 2 8 2 9 2 12 2 13 3 9 3 10 3 12 3 13 4 10 4 11 4 12 4 13 5 10 5 11 5 12 5 13 6 10 6 11 6 12 6 13 7 10 7 11 7 12 7 13 8 10 8 11 9 11
m14_178 14 33 0 8 0 9 0 13 1 8 1 9 1 13 2 8 2 9 2 13 3 9 3 10 3 12 3 13 4 10 4 11 4 12 4 13 5 10 5 11 5 12 5 13 6 10 6 11 6 12 6 13 7 10 7 11 7 12 7 13 8 10 8 11 8 12 9 11
m14_179 14 33 0 8 0 9 0 13 1 8 1 9 1 13 2 8 2 9 2 13 3 9 3 12 3 13 4 10 4 11 4 12 4 13 5 10 5 11 5 12 5 13 6 10 6 11 6 12 6 13 7 10 7 11 7 12 7 13 8 10 8 11 8 12 9 10 9 11
m14_180 14 41 0 8 0 10 0 11 0 12 0 13 1 8 1 10 1 11 1 12 1 13 2 8 2 10 2 11 2 12 2 13 3 9 3 10 3 11 3 12 3 13 4 9 4 10 4 11 4 12 4 13 5 9 5 10 5 11 5 12 5 13 6 9 6 10 6 11 6 12 6 13 7 9 7 10 7 11 7 12 7 13 8 9
m14_181 14 39 0 8 0 11 0 12 0 13 1 8 1 11 1 12 1 13 2 8 2 11 2 12 2 13 3 9 3 10 3 11 3 12 3 13 4 9 4 10 4 11 4 12 4 13 5 9 5 10 5 11 5 12 5 13 6 9 6 10 6 11 6 12 6 13 7 9 7 10 7 11 7 12 7 13 8 9 8 10
m14_182 14 37 0 8 0 12 0 13 1 8 1 12 1 13 2 8 2 12 2 13 3 9 3 10 3 11 3 12 3 13 4 9 4 10 4 11 4 12 4 13 5 9 5 10 5 11 5 12 5 13 6 9 6 10 6 11 6 12 6 13 7 9 7 10 7 11 7 12 7 13 8 9 8 10 8 11
m14_183 14 41 0 8 0 10 0 11 0 12 0 13 1 8 1 10 1 11 1 12 1 13 2 8 2 10 2 11 2 12 2 13 3 8 3 10 3 11 3 12 3 13 4 9 4 10 4 11 4 12 4 13 5 9 5 10 5 11 5 12 5 13 6 9 6 10 6 11 6 12 6 13 7 9 7 10 7 11 7 12 7 13 8 9
m14_184 14 31 0 7 0 10 0 13 1 8 1 10 1 12 2 9 2 10 2 11 3 10 3 11 3 12 3 13 4 10 4 11 4 12 4 13 5 10 5 11 5 12 5 13 6 10 6 11 6 12 6 13 7 11 7 12 8 11 8 13 9 12 9 13
m14_185 14 30 0 7 0 10 0 13 1 8 1 10 1 12 2 9 2 12 2 13 3 9 3 12 3 13 4 10 4 11 4 12 4 13 5 10 5 11 5 12 5 13 6 10 6 11 6 12 6 13 7 11 7 12 8 11 8 13 9 10 9 11
m14_186 14 29 0 7 0 10 0 13 1 8 1 10 1 12 2 9 2 12 2 13 3 9 3 12 3 13 4 9 4 12 4 13 5 10 5 11 5 12 5 13 6 10 6 11 6 12 6 13 7 11 7 12 8 11 8 13 9 10 9 11
m14_187 14 31 0 7 0 8 0 9 0 12 1 8 1 9 1 10 1 11 1 12 2 8 2 9 2 10 2 11 2 12 3 11 3 12 3 13 4 11 4 12 4 13 5 11 5 12 5 13 6 11 6 12 6 13 7 10 7 11 8 13 9 13 10 13
m14_188 14 30 0 7 0 8 0 9 0 11 1 8 1 9 1 10 1 12 2 8 2 9 2 10 2 12 3 11 3 12 3 13 4 11 4 12 4 13 5 11 5 12 5 13 6 11 6 12 6 13 7 10 7 12 7 13 8 13 9 13 10 11
m14_189 14 30 0 7 0 8 0 9 0 11 1 8 1 9 1 10 1 12 2 8 2 9 2 10 2 12 3 11 3 12 3 13 4 11 4 12 4 13 5 11 5 12 5 13 6 11 6 12 6 13 7 10 7 12 8 13 9 13 10 11 10 13
m14_190 14 30 0 7 0 8 0 9 0 11 0 13 1 8 1 9 1 10 1 13 2 8 2 9 2 10 2 13 3 10 3 12 3 13 4 11 4 12 4 13 5 11 5 12 5 13 6 11 6 12 6 13 7 10 7 12 8 12 9 12 10 11
m14_191 14 31 0 7 0 8 0 9 0 13 1 8 1 9 1 10 1 13 2 8 2 9 2 10 2 13 3 10 3 12 3 13 4 11 4 12 4 13 5 11 5 12 5 13 6 11 6 12 6 13 7 10 7 12 8 11 8 12 9 11 9 12 10 11
m14_192 14 35 0 7 0 8 0 9 0 12 0 13 1 8 1 9 1 11 1 12 1 13 2 8 2 9 2 11 2 12 2 13 3 10 3 11 3 12 3 13 4 10 4 11 4 12 4 13 5 10 5 11 5 12 5 13 6 10 6 11 6 12 6 13 7 10 7 11 8 10 9 10
m14_193 14 35 0 7 0 8 0 9 0 13 1 8 1 9 1 11 1 12 1 13 2 8 2 9 2 11 2 12 2 13 3 10 3 11 3 12 3 13 4 10 4 11 4 12 4 13 5 10 5 11 5 12 5 13 6 10 6 11 6 12 6 13 7 10 7 11 7 12 8 10 9 10
m14_194 14 35 0 7 0 8 0 9 0 13 1 8 1 9 1 12 1 13 2 8 2 9 2 12 2 13 3 10 3 11 3 12 3 13 4 10 4 11 4 12 4 13 5 10 5 11 5 12 5 13 6 10 6 11 6 12 6 13 7 10 7 11 7 12 8 10 8 11 9 10 9 11
m14_195 14 31 0 7 0 8 0 9 0 13 1 7 1 9 1 10 1 13 2 8 2 11 2 13 3 9 3 10 3 12 3 13 4 9 4 10 4 12 4 13 5 11 5 12 5 13 6 11 6 12 6 13 7 11 7 12 8 10 8 12 9 11 10 11
m14_196 14 32 0 7 0 8 0 9 0 13 1 7 1 9 1 12 1 13 2 8 2 10 2 11 2 13 3 9 3 11 3 12 3 13 4 9 4 11 4 12 4 13 5 10 5 11 5 12 5 13 6 10 6 11 6 12 6 13 7 10 7 11 8 12 9 10
m14_197 14 32 0 7 0 8 0 9 0 13 1 7 1 9 1 12 1 13 2 8 2 10 2 13 3 9 3 11 3 12 3 13 4 9 4 11 4 12 4 13 5 10 5 11 5 12 5 13 6 10 6 11 6 12 6 13 7 10 7 11 8 11 8 12 9 10
m14_198 14 35 0 7 0 8 0 13 1 7 1 12 1 13 2 8 2 10 2 11 2 13 3 9 3 10 3 11 3 12 3 13 4 9 4 10 4 11 4 12 4 13 5 9 5 10 5 11 5 12 5 13 6 9 6 10 6 11 6 12 6 13 7 9 7 10 7 11 8 9 8 12
m14_199 14 36 0 7 0 8 0 12 0 13 1 7 1 11 1 12 1 13 2 8 2 10 2 12 2 13 3 9 3 10 3 11 3 12 3 13 4 9 4 10 4 11 4 12 4 13 5 9 5 10 5 11 5 12 5 13 6 9 6 10 6 11 6 12 6 13 7 9 7 10 8 9 8 11
m14_200 14 35 0 7 0 8 0 13 1 7 1 12 1 13 2 8 2 11 2 13 3 9 3 10 3 11 3 12 3 13 4 9 4 10 4 11 4 12 4 13 5 9 5 10 5 11 5 12 5 13 6 9 6 10 6 11 6 12 6 13 7 9 7 10 7 11 8 9 8 10 8 12
m14_201 14 28 0 7 0 8 0 9 0 11 1 7 1 10 1 13 2 8 2 9 2 10 2 12 3 8 3 9 3 10 3 12 4 11 4 12 4 13 5 11 5 12 5 13 6 11 6 12 6 13 7 12 8 13 9 13 10 11
m14_202 14 31 0 7 0 8 0 9 0 13 1 7 1 12 1 13 2 8 2 9 2 10 2 13 3 8 3 9 3 10 3 13 4 10 4 11 4 13 5 11 5 12 5 13 6 11 6 12 6 13 7 10 7 11 8 11 8 12 9 11 9 12 10 12
m14_203 14 34 0 7 0 8 0 9 0 12 0 13 1 7 1 10 1 12 1 13 2 8 2 9 2 11 2 12 2 13 3 8 3 9 3 11 3 12 3 13 4 10 4 11 4 12 4 13 5 10 5 11 5 12 5 13 6 10 6 11 6 12 6 13 7 11 8 10 9 10
m14_204 14 33 0 7 0 8 0 9 0 13 1 7 1 10 1 13 2 8 2 9 2 11 2 12 2 13 3 8 3 9 3 11 3 12 3 13 4 10 4 11 4 12 4 13 5 10 5 11 5 12 5 13 6 10 6 11 6 12 6 13 7 11 7 12 8 10 9 10
m14_205 14 33 0 7 0 8 0 9 0 13 1 7 1 10 1 11 1 13 2 8 2 9 2 12 2 13 3 8 3 9 3 12 3 13 4 10 4 11 4 12 4 13 5 10 5 11 5 12 5 13 6 10 6 11 6 12 6 13 7 12 8 10 8 11 9 10 9 11
m14_206 14 33 0 7 0 8 0 9 0 13 1 7 1 10 1 13 2 8 2 9 2 12 2 13 3 8 3 9 3 12 3 13 4 10 4 11 4 12 4 13 5 10 5 11 5 12 5 13 6 10 6 11 6 12 6 13 7 11 7 12 8 10 8 11 9 10 9 11
m14_207 14 33 0 7 0 8 0 9 0 10 0 13 1 7 1 11 1 13 2 8 2 9 2 10 2 12 2 13 3 8 3 9 3 10 3 12 3 13 4 8 4 9 4 10 4 12 4 13 5 11 5 12 5 13 6 11 6 12 6 13 7 12 8 11 9 11 10 11
m14_208 14 32 0 7 0 9 0 10 0 12 0 13 1 7 1 9 1 10 1 12 1 13 2 8 2 9 2 10 2 13 3 8 3 9 3 10 3 13 4 11 4 12 4 13 5 11 5 12 5 13 6 11 6 12 6 13 7 8 7 11 8 12 9 11 10 11
m14_209 14 31 0 7 0 9 0 10 0 12 1 7 1 9 1 10 1 12 2 8 2 9 2 10 2 13 3 8 3 9 3 10 3 13 4 11 4 12 4 13 5 11 5 12 5 13 6 11 6 12 6 13 7 8 7 11 7 13 8 12 9 11 10 11
m14_210 14 36 0 7 0 12 0 13 1 7 1 12 1 13 2 8 2 9 2 10 2 11 2 13 3 8 3 9 3 10 3 11 3 13 4 9 4 10 4 11 4 12 4 13 5 9 5 10 5 11 5 12 5 13 6 9 6 10 6 11 6 12 6 13 7 8 7 9 7 10 7 11 8 12
m14_211 14 38 0 7 0 10 0 11 0 12 0 13 1 7 1 10 1 11 1 12 1 13 2 8 2 9 2 11 2 12 2 13 3 8 3 9 3 11 3 12 3 13 4 9 4 10 4 11 4 12 4 13 5 9 5 10 5 11 5 12 5 13 6 9 6 10 6 11 6 12 6 13 7 8 7 9 8 10
m14_212 14 37 0 7 0 10 0 12 0 13 1 7 1 10 1 12 1 13 2 8 2 9 2 11 2 12 2 13 3 8 3 9 3 11 3 12 3 13 4 9 4 10 4 11 4 12 4 13 5 9 5 10 5 11 5 12 5 13 6 9 6 10 6 11 6 12 6 13 7 8 7 9 7 11 8 10
m14_213 14 36 0 7 0 10 0 12 0 13 1 7 1 10 1 12 1 13 2 8 2 9 2 11 2 13 3 8 3 9 3 11 3 13 4 9 4 10 4 11 4 12 4 13 5 9 5 10 5 11 5 12 5 13 6 9 6 10 6 11 6 12 6 13 7 8 7 9 7 11 8 10 8 12
m14_214 14 36 0 7 0 8 0 9 0 12 0 13 1 7 1 8 1 9 1 12 1 13 2 7 2 8 2 9 2 12 2 13 3 9 3 10 3 12 3 13 4 10 4 11 4 12 4 13 5 10 5 11 5 12 5 13 6 10 6 11 6 12 6 13 7 10 7 11 8 10 8 11 9 11
m14_215 14 35 0 7 0 8 0 9 0 13 1 7 1 8 1 9 1 13 2 7 2 8 2 9 2 13 3 9 3 10 3 12 3 13 4 10 4 11 4 12 4 13 5 10 5 11 5 12 5 13 6 10 6 11 6 12 6 13 7 10 7 11 7 12 8 10 8 11 8 12 9 11
m14_216 14 35 0 7 0 8 0 9 0 13 1 7 1 8 1 9 1 13 2 7 2 8 2 9 2 13 3 9 3 12 3 13 4 10 4 11 4 12 4 13 5 10 5 11 5 12 5 13 6 10 6 11 6 12 6 13 7 10 7 11 7 12 8 10 8 11 8 12 9 10 9 11
m14_217 14 33 0 7 0 8 0 9 0 13 1 7 1 8 1 9 1 13 2 7 2 9 2 11 2 13 3 8 3 9 3 10 3 13 4 10 4 11 4 12 4 13 5 10 5 11 5 12 5 13 6 10 6 11 6 12 6 13 7 10 7 12 8 11 8 12 9 12
m14_218 14 33 0 7 0 8 0 9 0 10 0 13 1 7 1 12 1 13 2 7 2 12 2 13 3 8 3 9 3 10 3 11 3 13 4 8 4 9 4 10 4 11 4 13 5 8 5 9 5 10 5 11 5 13 6 11 6 12 6 13 7 11 8 12 9 12 10 12
m14_219 14 43 0 7 0 9 0 10 0 11 0 12 0 13 1 7 1 9 1 10 1 11 1 12 1 13 2 7 2 9 2 10 2 11 2 12 2 13 3 8 3 9 3 10 3 11 3 12 3 13 4 8 4 9 4 10 4 11 4 12 4 13 5 8 5 9 5 10 5 11 5 12 5 13 6 8 6 9 6 10 6 11 6 12 6 13 7 8
m14_220 14 49 0 7 0 8 0 9 0 10 0 11 0 12 0 13 1 7 1 8 1 9 1 10 1 11 1 12 1 13 2 7 2 8 2 9 2 10 2 11 2 12 2 13 3 7 3 8 3 9 3 10 3 11 3 12 3 13 4 7 4 8 4 9 4 10 4 11 4 12 4 13 5 7 5 8 5 9 5 10 5 11 5 12 5 13 6 7 6 8 6 9 6 10 6 11 6 12 6 13
m14_221 14 34 0 6 0 8 0 9 0 10 1 7 1 9 1 11 1 13 2 8 2 9 2 10 2 13 3 9 3 10 3 11 3 12 3 13 4 9 4 10 4 11 4 12 4 13 5 9 5 10 5 11 5 12 5 13 6 11 6 12 6 13 7 10 7 12 8 11 8 12
m14_222 14 29 0 6 0 8 0 10 0 11 1 7 1 8 1 9 1 11 2 8 2 9 2 10 2 11 2 13 3 11 3 12 3 13 4 11 4 12 4 13 5 11 5 12 5 13 6 9 6 13 7 10 7 13 8 12 9 12 10 12
m14_223 14 32 0 6 0 8 0 11 0 12 0 13 1 7 1 8 1 9 1 13 2 8 2 9 2 12 2 13 3 10 3 11 3 12 3 13 4 10 4 11 4 12 4 13 5 10 5 11 5 12 5 13 6 9 6 10 7 10 7 11 7 12 8 10 9 11
m14_224 14 32 0 6 0 8 0 11 0 12 1 7 1 8 1 9 1 13 2 8 2 9 2 12 2 13 3 10 3 11 3 12 3 13 4 10 4 11 4 12 4 13 5 10 5 11 5 12 5 13 6 9 6 10 6 13 7 10 7 11 7 12 8 10 9 11
m14_225 14 32 0 6 0 8 0 11 0 13 1 7 1 8 1 9 1 13 2 8 2 9 2 11 2 12 2 13 3 10 3 11 3 12 3 13 4 10 4 11 4 12 4 13 5 10 5 11 5 12 5 13 6 9 6 12 7 10 7 11 7 12 8 10 9 10
m14_226 14 32 0 6 0 8 0 12 0 13 1 7 1 8 1 9 1 13 2 8 2 9 2 12 2 13 3 10 3 11 3 12 3 13 4 10 4 11 4 12 4 13 5 10 5 11 5 12 5 13 6 9 6 11 7 10 7 11 7 12 8 10 8 11 9 10
m14_227 14 32 0 6 0 8 0 12 1 7 1 8 1 9 1 13 2 8 2 9 2 12 2 13 3 10 3 11 3 12 3 13 4 10 4 11 4 12 4 13 5 10 5 11 5 12 5 13 6 9 6 11 6 13 7 10 7 11 7 12 8 10 8 11 9 10
m14_228 14 32 0 6 0 8 0 10 0 11 1 7 1 8 1 9 1 11 1 13 2 8 2 10 2 11 2 13 3 9 3 11 3 12 3 13 4 9 4 11 4 12 4 13 5 10 5 11 5 12 5 13 6 9 6 12 6 13 7 10 7 12 8 12 9 10
m14_229 14 32 0 6 0 8 0 10 0 11 1 7 1 8 1 9 1 11 2 8 2 10 2 11 2 13 3 9 3 11 3 12 3 13 4 9 4 11 4 12 4 13 5 10 5 11 5 12 5 13 6 9 6 12 6 13 7 10 7 12 7 13 8 12 9 10
m14_230 14 32 0 6 0 8 0 10 0 12 1 7 1 8 1 9 1 13 2 8 2 10 2 12 2 13 3 9 3 11 3 12 3 13 4 9 4 11 4 12 4 13 5 10 5 11 5 12 5 13 6 9 6 11 6 13 7 10 7 11 7 12 8 11 9 10
m14_231 14 30 0 6 0 10 0 13 1 7 1 10 1 12 2 8 2 9 2 12 2 13 3 8 3 9 3 12 3 13 4 8 4 9 4 12 4 13 5 10 5 11 5 12 5 13 6 11 6 12 7 11 7 13 8 10 8 11 9 10 9 11
m14_232 14 35 0 6 0 8 0 9 0 10 0 12 1 7 1 8 1 9 1 10 1 11 2 8 2 9 2 10 2 11 2 12 3 8 3 9 3 10 3 11 3 12 4 8 4 9 4 10 4 11 4 12 5 11 5 12 5 13 6 11 6 13 7 12 7 13 8 13 9 13 10 13
m14_233 14 32 0 6 0 7 0 10 0 11 1 7 1 8 1 9 1 10 2 8 2 9 2 10 2 12 3 10 3 11 3 12 3 13 4 10 4 11 4 12 4 13 5 10 5 11 5 12 5 13 6 9 6 12 6 13 7 12 7 13 8 11 8 13 9 11
m14_234 14 31 0 6 0 7 0 9 0 13 1 7 1 9 1 10 1 13 2 8 2 12 2 13 3 8 3 12 3 13 4 9 4 10 4 11 4 13 5 10 5 11 5 12 5 13 6 10 6 11 6 12 7 11 7 12 8 9 8 10 8 11 9 12
m14_235 14 32 0 6 0 7 0 9 0 12 1 7 1 9 1 12 1 13 2 8 2 11 2 12 2 13 3 8 3 11 3 12 3 13 4 9 4 10 4 12 4 13 5 10 5 11 5 12 5 13 6 10 6 11 6 13 7 10 7 11 8 9 8 10 9 11
m14_236 14 33 0 6 0 7 0 9 0 11 1 7 1 9 1 11 1 13 2 8 2 11 2 12 2 13 3 8 3 11 3 12 3 13 4 9 4 10 4 11 4 12 4 13 5 9 5 10 5 11 5 12 5 13 6 10 6 12 6 13 7 10 7 12 8 9 8 10
m14_237 14 32 0 6 0 7 0 9 0 12 1 7 1 9 1 11 1 12 2 8 2 12 2 13 3 8 3 12 3 13 4 9 4 10 4 11 4 12 4 13 5 9 5 10 5 11 5 12 5 13 6 10 6 11 6 13 7 10 7 13 8 9 8 10 8 11
m14_238 14 33 0 6 0 7 0 8 0 9 0 12 1 7 1 8 1 9 1 12 1 13 2 8 2 11 2 12 2 13 3 8 3 11 3 12 3 13 4 9 4 10 4 12 4 13 5 9 5 10 5 12 5 13 6 10 6 11 6 13 7 10 7 11 8 10 9 11
m14_239 14 33 0 6 0 7 0 8 0 9 1 7 1 8 1 9 1 12 1 13 2 8 2 11 2 12 2 13 3 8 3 11 3 12 3 13 4 9 4 10 4 12 4 13 5 9 5 10 5 12 5 13 6 10 6 11 6 12 6 13 7 10 7 11 8 10 9 11
m14_240 14 39 0 6 0 7 0 8 1 7 1 8 1 10 1 11 1 12 1 13 2 8 2 9 2 10 2 11 2 12 2 13 3 8 3 9 3 10 3 11 3 12 3 13 4 8 4 9 4 10 4 11 4 12 4 13 5 8 5 9 5 10 5 11 5 12 5 13 6 9 6 10 6 11 6 12 6 13 7 9
m14_241 14 32 0 6 0 8 0 11 0 12 1 7 1 8 1 9 1 10 1 11 2 7 2 8 2 9 2 10 2 11 3 9 3 10 3 11 3 13 4 11 4 12 4 13 5 11 5 12 5 13 6 9 6 10 6 13 7 12 7 13 8 13 9 12 10 12
m14_242 14 32 0 6 0 8 0 10 0 11 0 13 1 7 1 8 1 9 1 13 2 7 2 8 2 9 2 13 3 9 3 11 3 12 3 13 4 10 4 11 4 12 4 13 5 10 5 11 5 12 5 13 6 9 6 12 7 10 7 11 7 12 8 12 9 10
m14_243 14 32 0 6 0 8 0 10 0 11 1 7 1 8 1 9 1 13 2 7 2 8 2 9 2 13 3 9 3 11 3 12 3 13 4 10 4 11 4 12 4 13 5 10 5 11 5 12 5 13 6 9 6 12 6 13 7 10 7 11 7 12 8 12 9 10
m14_244 14 33 0 6 0 8 0 10 0 12 0 13 1 7 1 8 1 9 1 12 1 13 2 7 2 8 2 9 2 12 2 13 3 9 3 11 3 12 3 13 4 10 4 11 4 12 4 13 5 10 5 11 5 12 5 13 6 9 6 11 7 10 7 11 8 11 9 10
m14_245 14 33 0 6 0 8 0 10 0 13 1 7 1 8 1 9 1 12 1 13 2 7 2 8 2 9 2 12 2 13 3 9 3 11 3 12 3 13 4 10 4 11 4 12 4 13 5 10 5 11 5 12 5 13 6 9 6 11 6 12 7 10 7 11 8 11 9 10
m14_246 14 33 0 6 0 8 0 10 0 13 1 7 1 8 1 9 1 13 2 7 2 8 2 9 2 13 3 9 3 11 3 12 3 13 4 10 4 11 4 12 4 13 5 10 5 11 5 12 5 13 6 9 6 11 6 12 7 10 7 11 7 12 8 11 8 12 9 10
m14_247 14 32 0 6 0 8 0 11 0 13 1 7 1 8 1 9 1 13 2 7 2 8 2 9 2 13 3 9 3 11 3 12 3 13 4 10 4 11 4 12 4 13 5 10 5 11 5 12 5 13 6 9 6 12 7 10 7 11 7 12 8 10 8 12 9 10
m14_248 14 32 0 6 0 8 0 11 1 7 1 8 1 9 1 13 2 7 2 8 2 9 2 13 3 9 3 11 3 12 3 13 4 10 4 11 4 12 4 13 5 10 5 11 5 12 5 13 6 9 6 12 6 13 7 10 7 11 7 12 8 10 8 12 9 10
m14_249 14 32 0 6 0 9 0 12 1 7 1 8 1 12 1 13 2 7 2 11 2 12 2 13 3 8 3 10 3 12 3 13 4 9 4 10 4 11 4 12 4 13 5 9 5 10 5 11 5 12 5 13 6 10 6 11 6 13 7 9 7 10 8 9 8 11
m14_250 14 33 0 6 0 9 0 11 0 13 1 7 1 8 1 12 1 13 2 7 2 8 2 12 2 13 3 8 3 11 3 12 3 13 4 9 4 10 4 11 4 12 4 13 5 9 5 10 5 11 5 12 5 13 6 10 6 12 7 9 7 10 7 11 8 9 8 10
m14_251 14 34 0 6 0 8 0 9 0 11 0 12 1 7 1 11 1 12 1 13 2 7 2 11 2 12 2 13 3 8 3 9 3 10 3 11 3 12 4 9 4 10 4 11 4 12 4 13 5 9 5 10 5 11 5 12 5 13 6 10 6 13 7 8 7 9 7 10 8 13
m14_252 14 34 0 6 0 8 0 9 0 11 1 7 1 11 1 12 1 13 2 7 2 11 2 12 2 13 3 8 3 9 3 10 3 11 3 12 4 9 4 10 4 11 4 12 4 13 5 9 5 10 5 11 5 12 5 13 6 10 6 12 6 13 7 8 7 9 7 10 8 13
m14_253 14 34 0 6 0 8 0 9 0 11 1 7 1 11 1 12 1 13 2 7 2 11 2 12 2 13 3 8 3 9 3 10 3 11 4 9 4 10 4 11 4 12 4 13 5 9 5 10 5 11 5 12 5 13 6 10 6 12 6 13 7 8 7 9 7 10 8 12 8 13
m14_254 14 32 0 6 0 9 0 11 0 13 1 7 1 11 1 12 1 13 2 7 2 11 2 12 2 13 3 8 3 9 3 10 3 13 4 8 4 9 4 10 4 13 5 9 5 10 5 11 5 12 5 13 6 10 6 12 7 8 7 9 7 10 8 11 8 12
m14_255 14 32 0 6 0 8 0 9 0 13 1 7 1 9 1 12 1 13 2 7 2 9 2 12 2 13 3 8 3 10 3 11 3 13 4 8 4 10 4 11 4 13 5 9 5 11 5 12 5 13 6 10 6 11 6 12 7 8 7 10 7 11 8 12 9 10
m14_256 14 32 0 6 0 8 0 9 1 7 1 9 1 12 1 13 2 7 2 9 2 12 2 13 3 8 3 10 3 11 3 13 4 8 4 10 4 11 4 13 5 9 5 11 5 12 5 13 6 10 6 11 6 12 6 13 7 8 7 10 7 11 8 12 9 10
m14_257 14 34 0 6 0 8 0 12 0 13 1 7 1 11 1 12 1 13 2 7 2 11 2 12 2 13 3 8 3 9 3 10 3 12 3 13 4 8 4 9 4 10 4 12 4 13 5 9 5 10 5 11 5 12 5 13 6 9 6 10 6 11 7 8 7 9 7 10 8 11
m14_258 14 34 0 6 0 8 0 13 1 7 1 11 1 12 1 13 2 7 2 11 2 12 2 13 3 8 3 9 3 10 3 12 3 13 4 8 4 9 4 10 4 12 4 13 5 9 5 10 5 11 5 12 5 13 6 9 6 10 6 11 6 12 7 8 7 9 7 10 8 11
m14_259 14 34 0 6 0 7 0 8 0 11 1 7 1 8 1 9 1 10 1 11 2 7 2 8 2 9 2 10 2 11 3 10 3 11 3 12 3 13 4 10 4 11 4 12 4 13 5 10 5 11 5 12 5 13 6 9 6 10 7 12 7 13 8 12 8 13 9 12 9 13
m14_260 14 34 0 6 0 7 0 8 0 12 1 7 1 8 1 9 1 10 1 12 2 7 2 8 2 9 2 10 2 12 3 10 3 11 3 12 3 13 4 10 4 11 4 12 4 13 5 10 5 11 5 12 5 13 6 9 6 10 6 11 7 11 7 13 8 11 8 13 9 13
m14_261 14 33 0 6 0 7 0 8 0 10 0 12 1 7 1 8 1 9 1 11 1 12 2 7 2 8 2 9 2 11 2 12 3 10 3 11 3 12 3 13 4 10 4 11 4 12 4 13 5 10 5 11 5 12 5 13 6 9 6 11 7 13 8 13 9 10 9 13
m14_262 14 33 0 6 0 7 0 8 0 10 1 7 1 8 1 9 1 11 1 12 2 7 2 8 2 9 2 11 2 12 3 10 3 11 3 12 3 13 4 10 4 11 4 12 4 13 5 10 5 11 5 12 5 13 6 9 6 11 6 12 7 13 8 13 9 10 9 13
m14_263 14 33 0 6 0 7 0 8 0 10 0 13 1 7 1 8 1 9 1 11 1 13 2 7 2 8 2 9 2 11 2 13 3 10 3 11 3 12 3 13 4 10 4 11 4 12 4 13 5 10 5 11 5 12 5 13 6 9 6 11 6 12 7 12 8 12 9 10
m14_264 14 33 0 6 0 7 0 8 0 10 1 7 1 8 1 9 1 11 1 13 2 7 2 8 2 9 2 11 2 13 3 10 3 11 3 12 3 13 4 10 4 11 4 12 4 13 5 10 5 11 5 12 5 13 6 9 6 11 6 12 6 13 7 12 8 12 9 10
m14_265 14 33 0 6 0 7 0 8 0 9 0 12 1 7 1 8 1 9 1 10 1 12 2 7 2 8 2 9 2 10 2 12 3 8 3 9 3 10 3 11 3 12 4 11 4 12 4 13 5 11 5 12 5 13 6 10 6 11 7 11 7 13 8 13 9 13 10 13
m14_266 14 35 0 6 0 7 0 8 0 9 0 13 1 7 1 8 1 9 1 12 1 13 2 7 2 8 2 9 2 12 2 13 3 8 3 9 3 10 3 12 3 13 4 10 4 11 4 12 4 13 5 10 5 11 5 12 5 13 6 10 6 11 6 12 7 10 7 11 8 11 9 11
m14_267 14 34 0 6 0 7 0 11 0 13 1 7 1 8 1 12 1 13 2 7 2 11 2 12 2 13 3 8 3 9 3 10 3 12 3 13 4 9 4 10 4 11 4 12 4 13 5 9 5 10 5 11 5 12 5 13 6 8 6 9 6 10 6 12 7 9 7 10 8 11
m14_268 14 35 0 6 0 7 0 10 0 11 0 12 1 7 1 8 1 11 1 12 1 13 2 7 2 10 2 11 2 12 2 13 3 8 3 9 3 11 3 12 3 13 4 9 4 10 4 11 4 12 4 13 5 9 5 10 5 11 5 12 5 13 6 8 6 9 6 13 7 9 8 10
m14_269 14 34 0 6 0 9 0 10 0 11 1 7 1 8 1 10 1 11 1 12 2 7 2 8 2 10 2 11 2 12 3 7 3 8 3 10 3 11 3 12 4 9 4 10 4 11 4 12 5 9 5 12 5 13 6 12 6 13 7 9 7 13 8 9 8 13 10 13 11 13
m14_270 14 35 0 6 0 9 0 11 0 12 1 7 1 8 1 11 1 12 1 13 2 7 2 8 2 11 2 12 2 13 3 7 3 8 3 11 3 12 3 13 4 9 4 10 4 11 4 12 4 13 5 9 5 10 5 11 5 12 5 13 6 10 6 13 7 9 7 10 8 9 8 10
m14_271 14 35 0 6 0 8 0 9 0 10 0 11 1 7 1 9 1 10 1 11 1 12 2 7 2 9 2 10 2 11 2 12 3 7 3 9 3 10 3 11 3 12 4 8 4 9 4 10 4 11 4 12 5 8 5 12 5 13 6 12 6 13 7 8 7 13 9 13 10 13 11 13
m14_272 14 35 0 6 0 7 0 8 0 9 0 13 1 7 1 8 1 9 1 10 1 11 1 13 2 7 2 8 2 9 2 10 2 11 2 13 3 7 3 8 3 9 3 10 3 11 3 13 4 11 4 12 4 13 5 11 5 12 5 13 6 10 6 11 7 12 8 12 9 12 10 12
m14_273 14 37 0 6 0 7 0 8 0 9 0 12 0 13 1 7 1 8 1 9 1 11 1 12 1 13 2 7 2 8 2 9 2 11 2 12 2 13 3 7 3 8 3 9 3 11 3 12 3 13 4 10 4 11 4 12 4 13 5 10 5 11 5 12 5 13 6 10 6 11 7 10 8 10 9 10
m14_274 14 37 0 6 0 7 0 8 0 9 0 12 1 7 1 8 1 9 1 11 1 12 2 7 2 8 2 9 2 11 2 12 3 7 3 8 3 9 3 11 3 12 4 10 4 11 4 12 4 13 5 10 5 11 5 12 5 13 6 10 6 11 6 13 7 10 7 13 8 10 8 13 9 10 9 13
m14_275 14 31 0 6 0 7 0 10 0 12 1 6 1 7 1 10 1 12 2 8 2 9 2 10 2 11 3 8 3 9 3 10 3 11 4 11 4 12 4 13 5 11 5 12 5 13 6 11 6 13 7 11 7 13 8 12 8 13 9 12 9 13 10 13
m14_276 14 31 0 6 0 7 0 10 0 12 1 6 1 7 1 10 1 12 2 8 2 9 2 10 2 11 3 8 3 9 3 10 3 11 4 10 4 11 4 12 5 11 5 12 5 13 6 11 6 13 7 11 7 13 8 12 8 13 9 12 9 13 10 13
m14_277 14 32 0 6 0 7 0 10 0 13 1 6 1 7 1 10 1 13 2 8 2 9 2 10 2 12 3 8 3 9 3 10 3 12 4 10 4 11 4 12 4 13 5 10 5 11 5 12 5 13 6 11 6 12 7 11 7 12 8 11 8 13 9 11 9 13
m14_278 14 31 0 6 0 7 0 9 0 11 1 6 1 8 1 9 1 10 2 7 2 9 2 11 2 12 3 8 3 9 3 10 3 12 4 10 4 11 4 12 4 13 5 10 5 11 5 12 5 13 6 12 6 13 7 10 7 13 8 11 8 13 9 13
m14_279 14 31 0 6 0 7 0 12 0 13 1 6 1 9 1 13 2 7 2 8 2 11 2 13 3 8 3 9 3 10 3 11 3 13 4 10 4 11 4 12 4 13 5 10 5 11 5 12 5 13 6 8 6 10 6 11 7 9 7 10 8 12 9 12
m14_280 14 31 0 6 0 7 0 11 0 12 0 13 1 6 1 9 1 11 1 13 2 7 2 8 2 12 2 13 3 8 3 9 3 10 3 13 4 10 4 11 4 12 4 13 5 10 5 11 5 12 5 13 6 8 6 10 7 9 7 10 8 11 9 12
m14_281 14 31 0 6 0 7 0 12 0 13 1 6 1 9 1 11 1 13 2 7 2 8 2 12 2 13 3 8 3 9 3 10 3 13 4 10 4 11 4 12 4 13 5 10 5 11 5 12 5 13 6 8 6 10 7 9 7 10 7 11 8 11 9 12
m14_282 14 31 0 6 0 7 0 13 1 6 1 9 1 11 1 13 2 7 2 8 2 12 2 13 3 8 3 9 3 10 3 13 4 10 4 11 4 12 4 13 5 10 5 11 5 12 5 13 6 8 6 10 6 12 7 9 7 10 7 11 8 11 9 12
m14_283 14 32 0 6 0 7 0 11 0 12 0 13 1 6 1 9 1 12 1 13 2 7 2 8 2 12 2 13 3 8 3 9 3 10 3 12 3 13 4 10 4 11 4 12 4 13 5 10 5 11 5 12 5 13 6 8 6 10 7 9 7 10 8 11 9 11
m14_284 14 37 0 6 0 7 0 8 0 10 0 11 0 13 1 6 1 7 1 8 1 10 1 11 1 13 2 7 2 8 2 9 2 10 2 11 2 13 3 9 3 10 3 11 3 12 3 13 4 9 4 10 4 11 4 12 4 13 5 9 5 10 5 11 5 12 5 13 6 9 6 12 7 12 8 12
m14_285 14 37 0 6 0 7 0 8 0 10 0 11 1 6 1 7 1 8 1 10 1 11 2 7 2 8 2 9 2 10 2 11 3 9 3 10 3 11 3 12 3 13 4 9 4 10 4 11 4 12 4 13 5 9 5 10 5 11 5 12 5 13 6 9 6 12 6 13 7 12 7 13 8 12 8 13
m14_286 14 35 0 6 0 7 0 8 0 12 1 6 1 7 1 8 1 12 2 7 2 8 2 9 2 10 2 11 2 12 3 9 3 10 3 11 3 12 3 13 4 9 4 10 4 11 4 12 4 13 5 9 5 10 5 11 5 12 5 13 6 9 6 10 6 11 6 13 7 13 8 13
m14_287 14 32 0 6 0 7 0 8 0 12 0 13 1 6 1 7 1 8 1 12 1 13 2 7 2 9 2 11 2 13 3 8 3 9 3 10 3 13 4 10 4 11 4 12 4 13 5 10 5 11 5 12 5 13 6 9 6 10 6 11 7 10 8 11 9 12
m14_288 14 31 0 6 0 7 0 8 0 12 1 6 1 7 1 8 1 12 2 7 2 9 2 11 3 8 3 9 3 10 4 10 4 11 4 12 4 13 5 10 5 11 5 12 5 13 6 9 6 10 6 11 7 10 7 13 8 11 8 13 9 12 9 13
m14_289 14 32 0 6 0 7 0 8 0 13 1 6 1 7 1 8 1 13 2 7 2 9 2 12 2 13 3 8 3 9 3 11 3 13 4 10 4 11 4 12 4 13 5 10 5 11 5 12 5 13 6 9 6 11 6 12 7 10 7 11 8 10 8 12 9 10
m14_290 14 35 0 6 0 7 0 8 0 9 0 12 1 6 1 7 1 8 1 9 1 12 2 7 2 8 2 9 2 10 2 12 3 8 3 9 3 10 3 11 3 12 4 10 4 11 4 12 4 13 5 10 5 11 5 12 5 13 6 10 6 11 6 13 7 11 7 13 8 13 9 13
m14_291 14 34 0 6 0 11 0 12 0 13 1 6 1 11 1 12 1 13 2 7 2 10 2 12 2 13 3 7 3 10 3 12 3 13 4 8 4 9 4 10 4 11 4 12 5 8 5 9 5 10 5 11 5 12 6 8 6 9 6 10 7 8 7 9 7 11 8 13 9 13
m14_292 14 34 0 6 0 7 0 8 0 9 0 12 1 6 1 9 1 11 1 12 2 7 2 8 2 9 2 10 2 12 3 7 3 8 3 9 3 10 3 12 4 10 4 11 4 12 4 13 5 10 5 11 5 12 5 13 6 10 6 13 7 11 7 13 8 11 8 13 9 13
m14_293 14 33 0 6 0 7 0 8 0 12 0 13 1 6 1 9 1 10 1 12 1 13 2 7 2 8 2 11 2 12 2 13 3 7 3 10 3 11 3 12 3 13 4 8 4 9 4 11 4 12 4 13 5 9 5 10 5 11 5 12 5 13 6 11 7 9 8 10
m14_294 14 32 0 6 0 7 0 8 0 13 1 6 1 9 1 10 1 13 2 7 2 8 2 11 2 12 2 13 3 7 3 10 3 11 3 12 3 13 4 8 4 9 4 11 4 12 4 13 5 9 5 10 5 11 5 12 5 13 6 11 6 12 7 9 8 10
m14_295 14 31 0 5 0 7 0 9 0 11 1 6 1 8 1 9 1 10 2 7 2 9 2 11 2 12 3 8 3 9 3 10 3 12 4 10 4 11 4 12 4 13 5 10 5 12 5 13 6 11 6 12 6 13 7 10 7 13 8 11 8 13 9 13
m14_296 14 33 0 5 0 7 0 10 0 12 0 13 1 6 1 7 1 10 1 11 1 13 2 7 2 8 2 11 2 12 2 13 3 9 3 10 3 11 3 12 3 13 4 9 4 10 4 11 4 12 4 13 5 8 5 9 5 11 6 8 6 9 6 12 7 9 8 10
m14_297 14 33 0 5 0 7 0 10 0 12 1 6 1 7 1 10 1 11 1 13 2 7 2 8 2 11 2 12 2 13 3 9 3 10 3 11 3 12 3 13 4 9 4 10 4 11 4 12 4 13 5 8 5 9 5 11 5 13 6 8 6 9 6 12 7 9 8 10
m14_298 14 33 0 5 0 7 0 10 0 12 1 6 1 7 1 10 1 11 2 7 2 8 2 11 2 12 3 9 3 10 3 11 3 12 3 13 4 9 4 10 4 11 4 12 4 13 5 8 5 9 5 11 5 13 6 8 6 9 6 12 6 13 7 9 7 13 8 10
m14_299 14 28 0 5 0 9 0 13 1 6 1 9 1 12 2 7 2 8 2 12 2 13 3 7 3 11 3 12 3 13 4 8 4 10 4 12 4 13 5 10 5 11 5 12 6 10 6 11 6 13 7 9 7 10 8 9 8 11
m14_300 14 31 0 5 0 8 0 10 0 12 1 6 1 8 1 9 1 10 2 7 2 10 2 11 2 12 3 7 3 10 3 11 3 12 4 8 4 9 4 12 4 13 5 9 5 11 5 13 6 11 6 12 6 13 7 8 7 9 7 13 8 11 10 13
m14_301 14 31 0 5 0 8 0 10 0 11 1 6 1 8 1 9 1 10 2 7 2 10 2 11 2 12 3 7 3 10 3 11 3 12 4 8 4 9 4 12 4 13 5 9 5 12 5 13 6 11 6 12 6 13 7 8 7 9 7 13 9 11 10 13
m14_302 14 31 0 5 0 8 0 12 0 13 1 6 1 8 1 10 1 11 2 7 2 10 2 11 2 12 3 7 3 10 3 11 3 12 4 8 4 9 4 12 4 13 5 9 5 10 5 11 6 9 6 12 6 13 7 8 7 9 7 13 10 13 11 13
m14_303 14 31 0 5 0 8 0 11 0 12 0 13 1 6 1 8 1 10 1 12 2 7 2 10 2 11 2 12 3 7 3 10 3 11 3 12 4 8 4 9 4 11 4 12 4 13 5 9 5 10 6 9 6 11 6 13 7 8 7 9 7 13 10 13
m14_304 14 31 0 5 0 8 0 11 0 13 1 6 1 8 1 10 1 12 2 7 2 10 2 11 2 12 3 7 3 10 3 11 3 12 4 8 4 9 4 11 4 12 4 13 5 9 5 10 5 12 6 9 6 11 6 13 7 8 7 9 7 13 10 13
m14_305 14 31 0 5 0 8 0 11 0 12 0 13 1 6 1 8 1 10 2 7 2 10 2 11 2 12 3 7 3 10 3 11 3 12 4 8 4 9 4 11 4 12 4 13 5 9 5 10 6 9 6 11 6 12 6 13 7 8 7 9 7 13 10 13
m14_306 14 31 0 5 0 8 0 12 0 13 1 6 1 8 1 10 2 7 2 10 2 11 2 12 3 7 3 10 3 11 3 12 4 8 4 9 4 12 4 13 5 9 5 10 5 11 6 9 6 11 6 12 6 13 7 8 7 9 7 13 8 11 10 13
m14_307 14 32 0 5 0 8 0 12 1 6 1 8 1 11 1 13 2 7 2 10 2 11 2 12 2 13 3 7 3 10 3 11 3 12 3 13 4 8 4 9 4 11 4 12 4 13 5 9 5 10 5 11 5 13 6 9 6 10 6 12 7 8 7 9 8 10
m14_308 14 32 0 5 0 8 0 12 1 6 1 8 1 11 2 7 2 10 2 11 2 12 2 13 3 7 3 10 3 11 3 12 3 13 4 8 4 9 4 11 4 12 4 13 5 9 5 10 5 11 5 13 6 9 6 10 6 12 6 13 7 8 7 9 8 10
m14_309 14 31 0 5 0 7 0 8 0 9 1 6 1 8 1 11 1 13 2 7 2 9 2 11 2 12 3 7 3 9 3 11 3 12 4 8 4 10 4 11 4 13 5 10 5 11 5 12 5 13 6 9 6 10 6 12 7 10 7 13 8 12 9 13
m14_310 14 31 0 5 0 7 0 8 0 12 1 6 1 8 1 11 1 13 2 7 2 9 2 11 2 12 3 7 3 9 3 11 3 12 4 8 4 10 4 11 4 12 4 13 5 10 5 11 5 13 6 9 6 10 6 12 7 10 7 13 8 9 9 13
m14_311 14 31 0 5 0 7 0 8 0 11 1 6 1 8 1 12 1 13 2 7 2 9 2 11 2 12 3 7 3 9 3 11 3 12 4 8 4 10 4 12 4 13 5 10 5 12 5 13 6 9 6 10 6 11 7 10 7 13 8 9 9 13 11 13
m14_312 14 34 0 5 0 6 0 7 0 9 1 6 1 7 1 8 1 9 1 10 2 7 2 8 2 9 2 10 2 11 3 9 3 10 3 11 3 12 3 13 4 9 4 10 4 11 4 12 4 13 5 8 5 10 5 11 5 13 6 11 6 12 6 13 7 12 7 13 8 12
m14_313 14 34 0 5 0 7 0 8 0 9 1 6 1 7 1 9 1 10 1 11 2 6 2 7 2 9 2 10 2 11 3 8 3 9 3 10 3 11 3 12 4 8 4 10 4 11 4 12 4 13 5 10 5 11 5 12 5 13 6 8 6 12 6 13 7 12 7 13 9 13
m14_314 14 29 0 8 0 9 0 10 0 12 1 9 1 11 1 12 2 10 2 12 2 13 3 10 3 12 3 13 4 10 4 12 4 13 5 11 5 12 5 13 6 11 6 12 6 13 7 11 7 12 7 13 8 11 8 13 9 13 10 11
m14_315 14 35 0 8 0 9 0 10 0 11 1 9 1 10 1 11 1 13 2 10 2 11 2 12 2 13 3 10 3 11 3 12 3 13 4 10 4 11 4 12 4 13 5 10 5 11 5 12 5 13 6 10 6 11 6 12 6 13 7 10 7 11 7 12 7 13 8 12 8 13 9 12
m14_316 14 35 0 8 0 9 0 10 1 9 1 10 1 12 1 13 2 10 2 11 2 12 2 13 3 10 3 11 3 12 3 13 4 10 4 11 4 12 4 13 5 10 5 11 5 12 5 13 6 10 6 11 6 12 6 13 7 10 7 11 7 12 7 13 8 11 8 12 8 13 9 11
m14_317 14 29 0 8 0 9 0 11 1 9 1 10 1 11 1 12 2 11 2 12 2 13 3 11 3 12 3 13 4 11 4 12 4 13 5 11 5 12 5 13 6 11 6 12 6 13 7 11 7 12 7 13 8 10 8 12 9 13 10 13
m14_318 14 29 0 8 0 9 0 11 0 12 1 9 1 10 1 12 2 10 2 12 2 13 3 11 3 12 3 13 4 11 4 12 4 13 5 11 5 12 5 13 6 11 6 12 6 13 7 11 7 12 7 13 8 10 8 13 9 13 10 11
m14_319 14 29 0 8 0 9 0 11 0 12 1 9 1 10 1 12 2 10 2 12 2 13 3 10 3 12 3 13 4 11 4 12 4 13 5 11 5 12 5 13 6 11 6 12 6 13 7 11 7 12 7 13 8 10 8 13 9 13 10 11
m14_320 14 31 0 8 0 9 0 10 0 12 1 8 1 9 1 10 1 12 2 9 2 10 2 11 2 12 3 11 3 12 3 13 4 11 4 12 4 13 5 11 5 12 5 13 6 11 6 12 6 13 7 11 7 12 7 13 8 11 8 13 9 13 10 13
m14_321 14 30 0 8 0 9 0 10 0 13 1 8 1 9 1 10 1 13 2 9 2 12 2 13 3 10 3 11 3 13 4 11 4 12 4 13 5 11 5 12 5 13 6 11 6 12 6 13 7 11 7 12 7 13 8 11 8 12 9 11 10 12
m14_322 14 30 0 8 0 9 0 10 0 13 1 8 1 9 1 10 1 13 2 9 2 11 2 13 3 10 3 12 3 13 4 10 4 12 4 13 5 11 5 12 5 13 6 11 6 12 6 13 7 11 7 12 7 13 8 11 8 12 9 12 10 11
m14_323 14 30 0 8 0 9 0 11 0 13 1 8 1 9 1 11 1 13 2 9 2 10 2 13 3 10 3 12 3 13 4 10 4 12 4 13 5 11 5 12 5 13 6 11 6 12 6 13 7 11 7 12 7 13 8 10 8 12 9 12 10 11
m14_324 14 29 0 8 0 9 0 13 1 8 1 9 1 13 2 9 2 10 2 13 3 10 3 12 3 13 4 10 4 12 4 13 5 11 5 12 5 13 6 11 6 12 6 13 7 11 7 12 7 13 8 10 8 12 9 11 9 12 10 11
m14_325 14 34 0 8 0 9 0 13 1 8 1 9 1 13 2 9 2 10 2 11 2 13 3 10 3 11 3 12 3 13 4 10 4 11 4 12 4 13 5 10 5 11 5 12 5 13 6 10 6 11 6 12 6 13 7 10 7 11 7 12 7 13 8 10 8 11 8 12 9 12
m14_326 14 35 0 8 0 9 0 12 0 13 1 8 1 9 1 12 1 13 2 9 2 10 2 12 2 13 3 10 3 11 3 12 3 13 4 10 4 11 4 12 4 13 5 10 5 11 5 12 5 13 6 10 6 11 6 12 6 13 7 10 7 11 7 12 7 13 8 10 8 11 9 11
m14_327 14 34 0 8 0 9 0 13 1 8 1 9 1 13 2 9 2 10 2 13 3 10 3 11 3 12 3 13 4 10 4 11 4 12 4 13 5 10 5 11 5 12 5 13 6 10 6 11 6 12 6 13 7 10 7 11 7 12 7 13 8 10 8 11 8 12 9 11 9 12
m14_328 14 32 0 8 0 9 0 10 0 11 0 12 1 8 1 9 1 10 1 11 1 12 2 8 2 9 2 10 2 11 2 12 3 8 3 9 3 10 3 11 3 12 4 12 4 13 5 12 5 13 6 12 6 13 7 12 7 13 8 13 9 13 10 13 11 13
m14_329 14 35 0 8 0 9 0 10 0 12 0 13 1 8 1 9 1 10 1 12 1 13 2 8 2 9 2 10 2 12 2 13 3 8 3 9 3 10 3 12 3 13 4 11 4 12 4 13 5 11 5 12 5 13 6 11 6 12 6 13 7 11 7 12 7 13 8 11 9 11 10 11
m14_330 14 34 0 8 0 9 0 10 0 13 1 8 1 9 1 10 1 13 2 8 2 9 2 10 2 13 3 8 3 9 3 10 3 13 4 11 4 12 4 13 5 11 5 12 5 13 6 11 6 12 6 13 7 11 7 12 7 13 8 11 8 12 9 11 9 12 10 11 10 12
m14_331 14 31 0 8 0 9 0 10 0 13 1 8 1 9 1 10 1 13 2 8 2 9 2 11 2 13 3 8 3 9 3 11 3 13 4 10 4 12 4 13 5 10 5 12 5 13 6 11 6 12 6 13 7 11 7 12 7 13 8 12 9 12 10 11
m14_332 14 31 0 8 0 9 0 10 0 13 1 8 1 9 1 11 1 13 2 8 2 9 2 11 2 13 3 8 3 9 3 11 3 13 4 10 4 12 4 13 5 10 5 12 5 13 6 10 6 12 6 13 7 11 7 12 7 13 8 12 9 12 10 11
m14_333 14 38 0 8 0 9 0 11 0 12 0 13 1 8 1 9 1 11 1 12 1 13 2 8 2 9 2 11 2 12 2 13 3 8 3 9 3 11 3 12 3 13 4 10 4 11 4 12 4 13 5 10 5 11 5 12 5 13 6 10 6 11 6 12 6 13 7 10 7 11 7 12 7 13 8 10 9 10
m14_334 14 36 0 8 0 9 0 12 0 13 1 8 1 9 1 12 1 13 2 8 2 9 2 12 2 13 3 8 3 9 3 12 3 13 4 10 4 11 4 12 4 13 5 10 5 11 5 12 5 13 6 10 6 11 6 12 6 13 7 10 7 11 7 12 7 13 8 10 8 11 9 10 9 11
m14_335 14 35 0 8 0 9 0 10 0 11 0 13 1 8 1 9 1 10 1 11 1 13 2 8 2 9 2 10 2 11 2 13 3 8 3 9 3 10 3 11 3 13 4 8 4 9 4 10 4 11 4 13 5 12 5 13 6 12 6 13 7 12 7 13 8 12 9 12 10 12 11 12
m14_336 14 33 0 7 0 8 0 9 0 12 1 8 1 9 1 12 1 13 2 8 2 11 2 12 2 13 3 9 3 10 3 12 3 13 4 10 4 11 4 12 4 13 5 10 5 11 5 12 5 13 6 10 6 11 6 12 6 13 7 10 7 11 7 13 8 10 9 11
m14_337 14 33 0 7 0 8 0 9 0 12 0 13 1 8 1 11 1 12 1 13 2 8 2 11 2 12 2 13 3 9 3 10 3 12 3 13 4 9 4 10 4 12 4 13 5 10 5 11 5 12 5 13 6 10 6 11 6 12 6 13 7 10 7 11 8 10 9 11
m14_338 14 33 0 7 0 8 0 9 0 12 1 8 1 11 1 12 1 13 2 8 2 11 2 12 2 13 3 9 3 10 3 12 3 13 4 9 4 10 4 12 4 13 5 10 5 11 5 12 5 13 6 10 6 11 6 12 6 13 7 10 7 11 7 13 8 10 9 11
m14_339 14 32 0 7 0 8 0 9 0 13 1 8 1 11 1 13 2 8 2 11 2 13 3 9 3 10 3 12 3 13 4 9 4 10 4 12 4 13 5 10 5 11 5 12 5 13 6 10 6 11 6 12 6 13 7 10 7 11 7 12 8 10 8 12 9 11
m14_340 14 31 0 7 0 8 0 9 0 13 1 8 1 12 1 13 2 8 2 12 2 13 3 9 3 11 3 13 4 9 4 11 4 13 5 10 5 11 5 12 5 13 6 10 6 11 6 12 6 13 7 10 7 11 7 12 8 10 8 11 9 10 9 12
m14_341 14 34 0 7 0 8 0 11 0 12 1 8 1 11 1 12 1 13 2 8 2 11 2 12 2 13 3 9 3 10 3 12 3 13 4 9 4 10 4 12 4 13 5 10 5 11 5 12 5 13 6 10 6 11 6 12 6 13 7 9 7 10 7 13 8 9 8 10 9 11
m14_342 14 31 0 7 0 10 0 11 1 8 1 9 1 10 1 13 2 8 2 9 2 10 2 13 3 8 3 9 3 10 3 13 4 11 4 12 4 13 5 11 5 12 5 13 6 11 6 12 6 13 7 12 7 13 8 11 8 12 9 11 9 12 10 12
m14_343 14 31 0 7 0 10 0 13 1 8 1 9 1 11 1 13 2 8 2 9 2 11 2 13 3 8 3 9 3 11 3 13 4 10 4 12 4 13 5 10 5 12 5 13 6 11 6 12 6 13 7 11 7 12 8 10 8 12 9 10 9 12 10 11
m14_344 14 33 0 7 0 10 0 12 1 8 1 9 1 12 1 13 2 8 2 9 2 12 2 13 3 8 3 9 3 12 3 13 4 10 4 11 4 12 4 13 5 10 5 11 5 12 5 13 6 10 6 11 6 12 6 13 7 11 7 13 8 10 8 11 9 10 9 11
m14_345 14 31 0 7 0 8 0 13 1 7 1 11 1 13 2 8 2 9 2 10 2 13 3 9 3 10 3 12 3 13 4 9 4 10 4 12 4 13 5 11 5 12 5 13 6 11 6 12 6 13 7 9 7 10 7 12 8 11 8 12 9 11 10 11
m14_346 14 29 0 7 0 8 0 13 1 7 1 11 1 12 1 13 2 8 2 9 2 10 2 13 3 9 3 12 3 13 4 9 4 12 4 13 5 10 5 11 5 13 6 10 6 11 6 13 7 9 7 10 8 11 8 12 9 11 10 12
m14_347 14 32 0 7 0 8 0 13 1 7 1 10 1 12 1 13 2 8 2 9 2 11 2 13 3 9 3 11 3 12 3 13 4 9 4 11 4 12 4 13 5 10 5 11 5 12 5 13 6 10 6 11 6 12 6 13 7 9 7 11 8 10 8 12 9 10
m14_348 14 33 0 7 0 8 0 12 0 13 1 7 1 10 1 12 1 13 2 8 2 9 2 12 2 13 3 9 3 11 3 12 3 13 4 9 4 11 4 12 4 13 5 10 5 11 5 12 5 13 6 10 6 11 6 12 6 13 7 9 7 11 8 10 8 11 9 10
m14_349 14 32 0 7 0 8 0 13 1 7 1 10 1 13 2 8 2 9 2 12 2 13 3 9 3 11 3 12 3 13 4 9 4 11 4 12 4 13 5 10 5 11 5 12 5 13 6 10 6 11 6 12 6 13 7 9 7 11 7 12 8 10 8 11 9 10
m14_350 14 32 0 7 0 8 0 13 1 7 1 10 1 13 2 8 2 9 2 13 3 9 3 11 3 12 3 13 4 9 4 11 4 12 4 13 5 10 5 11 5 12 5 13 6 10 6 11 6 12 6 13 7 9 7 11 7 12 8 10 8 11 8 12 9 10
m14_351 14 35 0 7 0 8 0 13 1 7 1 12 1 13 2 8 2 9 2 10 2 11 2 13 3 9 3 10 3 11 3 12 3 13 4 9 4 10 4 11 4 12 4 13 5 9 5 10 5 11 5 12 5 13 6 9 6 10 6 11 6 12 6 13 7 9 7 10 7 11 8 12
m14_352 14 36 0 7 0 8 0 12 0 13 1 7 1 11 1 12 1 13 2 8 2 9 2 10 2 12 2 13 3 9 3 10 3 11 3 12 3 13 4 9 4 10 4 11 4 12 4 13 5 9 5 10 5 11 5 12 5 13 6 9 6 10 6 11 6 12 6 13 7 9 7 10 8 11
m14_353 14 35 0 7 0 8 0 13 1 7 1 11 1 12 1 13 2 8 2 9 2 10 2 13 3 9 3 10 3 11 3 12 3 13 4 9 4 10 4 11 4 12 4 13 5 9 5 10 5 11 5 12 5 13 6 9 6 10 6 11 6 12 6 13 7 9 7 10 8 11 8 12
m14_354 14 37 0 7 0 8 0 11 0 12 0 13 1 7 1 10 1 11 1 12 1 13 2 8 2 9 2 11 2 12 2 13 3 9 3 10 3 11 3 12 3 13 4 9 4 10 4 11 4 12 4 13 5 9 5 10 5 11 5 12 5 13 6 9 6 10 6 11 6 12 6 13 7 9 8 10
m14_355 14 31 0 7 0 8 0 9 0 11 0 12 1 7 1 8 1 9 1 11 1 12 2 8 2 9 2 10 2 12 3 10 3 12 3 13 4 11 4 12 4 13 5 11 5 12 5 13 6 11 6 12 6 13 7 10 7 13 8 13 9 13 10 11
m14_356 14 35 0 7 0 8 0 9 0 11 0 12 1 7 1 8 1 9 1 11 1 12 2 8 2 9 2 10 2 11 2 12 3 10 3 11 3 12 3 13 4 10 4 11 4 12 4 13 5 10 5 11 5 12 5 13 6 10 6 11 6 12 6 13 7 10 7 13 8 13 9 13
m14_357 14 34 0 7 0 8 0 9 0 12 1 7 1 8 1 9 1 12 2 8 2 9 2 10 2 11 2 12 3 10 3 11 3 12 3 13 4 10 4 11 4 12 4 13 5 10 5 11 5 12 5 13 6 10 6 11 6 12 6 13 7 10 7 11 7 13 8 13 9 13
m14_358 14 32 0 7 0 9 0 10 0 12 1 7 1 9 1 10 1 12 2 8 2 9 2 10 2 11 3 8 3 9 3 10 3 11 4 9 4 10 4 11 4 12 5 11 5 12 5 13 6 11 6 12 6 13 7 11 7 13 8 12 8 13 9 13 10 13
m14_359 14 28 0 7 0 12 0 13 1 7 1 12 1 13 2 8 2 11 2 13 3 8 3 11 3 13 4 9 4 10 4 13 5 9 5 10 5 13 6 10 6 11 6 12 6 13 7 10 7 11 8 10 8 12 9 11 9 12
m14_360 14 28 0 7 0 12 0 13 1 7 1 12 1 13 2 8 2 11 2 13 3 8 3 11 3 13 4 9 4 11 4 12 5 9 5 11 5 12 6 10 6 11 6 12 6 13 7 10 7 11 8 10 8 12 9 10 9 13
m14_361 14 31 0 7 0 11 0 13 1 7 1 11 1 13 2 8 2 11 2 12 3 8 3 11 3 12 4 9 4 10 4 12 4 13 5 9 5 10 5 12 5 13 6 10 6 11 6 12 6 13 7 9 7 10 7 12 8 9 8 10 8 13 9 11
m14_362 14 33 0 7 0 10 0 12 0 13 1 7 1 10 1 12 1 13 2 8 2 10 2 11 2 13 3 8 3 10 3 11 3 13 4 9 4 11 4 12 4 13 5 9 5 11 5 12 5 13 6 10 6 11 6 12 6 13 7 9 7 11 8 9 8 12 9 10
m14_363 14 32 0 7 0 10 0 12 1 7 1 10 1 12 2 8 2 10 2 11 2 13 3 8 3 10 3 11 3 13 4 9 4 11 4 12 4 13 5 9 5 11 5 12 5 13 6 10 6 11 6 12 6 13 7 9 7 11 7 13 8 9 8 12 9 10
m14_364 14 29 0 7 0 8 0 12 1 7 1 9 1 10 1 11 2 8 2 9 2 13 3 8 3 9 3 13 4 10 4 11 4 12 4 13 5 10 5 11 5 12 5 13 6 10 6 11 6 12 6 13 7 13 8 10 8 11 9 12
m14_365 14 31 0 7 0 8 0 11 0 13 1 7 1 9 1 10 1 13 2 8 2 9 2 12 2 13 3 8 3 9 3 12 3 13 4 10 4 11 4 12 4 13 5 10 5 11 5 12 5 13 6 10 6 11 6 12 6 13 7 12 8 10 9 11
m14_366 14 30 0 7 0 8 0 11 1 7 1 9 1 10 2 8 2 9 2 12 2 13 3 8 3 9 3 12 3 13 4 10 4 11 4 12 4 13 5 10 5 11 5 12 5 13 6 10 6 11 6 12 6 13 7 12 7 13 8 10 9 11
m14_367 14 30 0 7 0 8 0 11 1 7 1 9 1 10 2 8 2 9 2 12 3 8 3 9 3 12 4 10 4 11 4 12 4 13 5 10 5 11 5 12 5 13 6 10 6 11 6 12 6 13 7 12 7 13 8 10 8 13 9 11 9 13
m14_368 14 31 0 7 0 8 0 9 0 13 1 7 1 10 1 11 1 13 2 8 2 11 2 12 2 13 3 8 3 11 3 12 3 13 4 9 4 10 4 12 4 13 5 9 5 10 5 12 5 13 6 10 6 11 6 12 6 13 7 12 8 10 9 11
m14_369 14 32 0 7 0 8 0 10 0 13 1 7 1 10 1 11 1 13 2 8 2 9 2 12 2 13 3 8 3 10 3 12 3 13 4 9 4 11 4 12 4 13 5 9 5 11 5 12 5 13 6 10 6 11 6 12 6 13 7 9 7 12 8 11 9 10
m14_370 14 32 0 7 0 9 0 10 0 11 1 7 1 9 1 10 1 11 2 8 2 10 2 11 2 12 3 8 3 10 3 11 3 12 4 8 4 10 4 11 4 12 5 9 5 12 5 13 6 9 6 12 6 13 7 12 7 13 8 9 8 13 10 13 11 13
m14_371 14 31 0 7 0 8 0 9 0 13 1 7 1 8 1 9 1 13 2 7 2 11 2 12 2 13 3 8 3 10 3 12 3 13 4 9 4 10 4 11 4 13 5 10 5 11 5 12 5 13 6 10 6 11 6 12 6 13 7 10 8 11 9 12
m14_372 14 31 0 7 0 8 0 9 0 13 1 7 1 8 1 9 1 13 2 7 2 12 2 13 3 8 3 11 3 13 4 9 4 10 4 13 5 10 5 11 5 12 5 13 6 10 6 11 6 12 6 13 7 10 7 11 8 10 8 12 9 11 9 12
m14_373 14 35 0 7 0 8 0 12 0 13 1 7 1 8 1 12 1 13 2 7 2 11 2 12 2 13 3 8 3 9 3 10 3 12 3 13 4 9 4 10 4 11 4 12 4 13 5 9 5 10 5 11 5 12 5 13 6 9 6 10 6 11 6 12 6 13 7 9 7 10 8 11
m14_374 14 33 0 7 0 8 0 13 1 7 1 8 1 13 2 7 2 11 2 12 2 13 3 8 3 9 3 10 3 13 4 9 4 10 4 11 4 12 4 13 5 9 5 10 5 11 5 12 5 13 6 9 6 10 6 11 6 12 6 13 7 9 7 10 8 11 8 12
m14_375 14 37 0 7 0 8 0 11 0 12 0 13 1 7 1 8 1 11 1 12 1 13 2 7 2 10 2 11 2 12 2 13 3 8 3 9 3 11 3 12 3 13 4 9 4 10 4 11 4 12 4 13 5 9 5 10 5 11 5 12 5 13 6 9 6 10 6 11 6 12 6 13 7 9 8 10
m14_376 14 31 0 7 0 8 0 11 0 13 1 7 1 9 1 12 1 13 2 7 2 9 2 12 2 13 3 8 3 9 3 10 3 13 4 8 4 10 4 11 4 13 5 10 5 11 5 12 5 13 6 10 6 11 6 12 6 13 7 10 8 12 9 11
m14_377 14 32 0 7 0 8 0 9 0 13 1 7 1 9 1 12 1 13 2 7 2 9 2 12 2 13 3 8 3 10 3 11 3 13 4 8 4 10 4 11 4 13 5 9 5 11 5 12 5 13 6 10 6 11 6 12 6 13 7 10 7 11 8 12 9 10
m14_378 14 32 0 7 0 8 0 11 0 13 1 7 1 11 1 12 1 13 2 7 2 11 2 12 2 13 3 8 3 9 3 10 3 13 4 8 4 10 4 11 4 13 5 9 5 10 5 12 5 13 6 9 6 10 6 12 6 13 7 9 7 10 8 12 9 11
m14_379 14 41 0 7 0 10 0 11 0 12 0 13 1 7 1 10 1 11 1 12 1 13 2 7 2 10 2 11 2 12 2 13 3 8 3 9 3 10 3 11 3 12 3 13 4 8 4 9 4 10 4 11 4 12 4 13 5 8 5 9 5 10 5 11 5 12 5 13 6 8 6 9 6 10 6 11 6 12 6 13 7 8 7 9
m14_380 14 32 0 6 0 8 0 9 0 13 1 7 1 8 1 9 1 12 2 8 2 10 2 12 2 13 3 9 3 11 3 12 3 13 4 9 4 11 4 12 4 13 5 10 5 11 5 12 5 13 6 10 6 11 6 12 7 10 7 11 7 13 8 11 9 10
m14_381 14 32 0 6 0 8 0 10 0 13 1 7 1 8 1 9 1 10 1 11 2 8 2 10 2 11 2 13 3 9 3 10 3 11 3 12 4 10 4 11 4 12 4 13 5 10 5 11 5 12 5 13 6 9 6 11 6 12 7 12 7 13 8 12 9 13
m14_382 14 32 0 6 0 8 0 10 0 12 1 7 1 8 1 9 1 10 2 8 2 10 2 12 2 13 3 9 3 10 3 11 3 13 4 10 4 11 4 12 4 13 5 10 5 11 5 12 5 13 6 9 6 11 6 13 7 11 7 12 7 13 8 11 9 12
m14_383 14 32 0 6 0 8 0 9 0 13 1 7 1 8 1 9 1 12 2 8 2 11 2 12 2 13 3 8 3 11 3 12 3 13 4 9 4 10 4 12 4 13 5 9 5 10 5 12 5 13 6 10 6 11 6 12 7 10 7 11 7 13 8 10 9 11
m14_384 14 35 0 6 0 7 0 9 0 10 0 13 1 7 1 8 1 9 1 10 1 12 2 9 2 10 2 11 2 12 2 13 3 9 3 10 3 11 3 12 3 13 4 9 4 10 4 11 4 12 4 13 5 9 5 10 5 11 5 12 5 13 6 8 6 11 6 12 7 11 8 13
m14_385 14 35 0 6 0 7 0 9 0 10 0 12 1 7 1 8 1 9 1 10 2 9 2 10 2 11 2 12 2 13 3 9 3 10 3 11 3 12 3 13 4 9 4 10 4 11 4 12 4 13 5 9 5 10 5 11 5 12 5 13 6 8 6 11 6 13 7 11 7 13 8 12
m14_386 14 35 0 6 0 7 0 9 0 10 0 12 1 7 1 8 1 9 1 10 2 9 2 10 2 11 2 12 2 13 3 9 3 10 3 11 3 12 3 13 4 9 4 10 4 11 4 12 4 13 5 9 5 10 5 11 5 12 5 13 6 8 6 11 7 11 7 13 8 12 8 13
m14_387 14 35 0 6 0 7 0 9 0 13 1 7 1 8 1 9 1 10 2 9 2 10 2 11 2 12 2 13 3 9 3 10 3 11 3 12 3 13 4 9 4 10 4 11 4 12 4 13 5 9 5 10 5 11 5 12 5 13 6 8 6 10 6 12 7 11 7 12 8 11 8 13
m14_388 14 35 0 6 0 7 0 9 1 7 1 8 1 9 1 10 2 9 2 10 2 11 2 12 2 13 3 9 3 10 3 11 3 12 3 13 4 9 4 10 4 11 4 12 4 13 5 9 5 10 5 11 5 12 5 13 6 8 6 10 7 11 7 12 7 13 8 11 8 12 8 13
m14_389 14 33 0 6 0 8 0 9 0 10 0 11 1 7 1 8 1 12 2 7 2 8 2 12 3 9 3 10 3 11 3 12 3 13 4 9 4 10 4 11 4 12 4 13 5 9 5 10 5 11 5 12 5 13 6 12 6 13 7 9 7 10 7 11 7 13 8 13
m14_390 14 34 0 6 0 8 0 9 0 10 0 12 1 7 1 8 1 12 1 13 2 7 2 8 2 12 2 13 3 9 3 10 3 11 3 12 3 13 4 9 4 10 4 11 4 12 4 13 5 9 5 10 5 11 5 12 5 13 6 11 6 13 7 9 7 10 7 11 8 11
m14_391 14 34 0 6 0 8 0 9 0 10 1 7 1 8 1 12 1 13 2 7 2 8 2 12 2 13 3 9 3 10 3 11 3 12 3 13 4 9 4 10 4 11 4 12 4 13 5 9 5 10 5 11 5 12 5 13 6 11 6 12 6 13 7 9 7 10 7 11 8 11
m14_392 14 35 0 6 0 8 0 9 0 11 0 12 1 7 1 8 1 11 1 12 1 13 2 7 2 8 2 11 2 12 2 13 3 9 3 10 3 11 3 12 3 13 4 9 4 10 4 11 4 12 4 13 5 9 5 10 5 11 5 12 5 13 6 10 6 13 7 9 7 10 8 10
m14_393 14 35 0 6 0 8 0 9 0 11 1 7 1 8 1 11 1 12 1 13 2 7 2 8 2 11 2 12 2 13 3 9 3 10 3 11 3 12 3 13 4 9 4 10 4 11 4 12 4 13 5 9 5 10 5 11 5 12 5 13 6 10 6 12 6 13 7 9 7 10 8 10
m14_394 14 35 0 6 0 8 0 9 1 7 1 8 1 11 1 12 1 13 2 7 2 8 2 11 2 12 2 13 3 9 3 10 3 11 3 12 3 13 4 9 4 10 4 11 4 12 4 13 5 9 5 10 5 11 5 12 5 13 6 10 6 11 6 12 6 13 7 9 7 10 8 10
m14_395 14 35 0 6 0 8 0 9 0 12 1 7 1 8 1 12 1 13 2 7 2 8 2 12 2 13 3 9 3 10 3 11 3 12 3 13 4 9 4 10 4 11 4 12 4 13 5 9 5 10 5 11 5 12 5 13 6 10 6 11 6 13 7 9 7 10 7 11 8 10 8 11
m14_396 14 35 0 6 0 8 0 9 1 7 1 8 1 12 1 13 2 7 2 8 2 12 2 13 3 9 3 10 3 11 3 12 3 13 4 9 4 10 4 11 4 12 4 13 5 9 5 10 5 11 5 12 5 13 6 10 6 11 6 12 6 13 7 9 7 10 7 11 8 10 8 11
m14_397 14 32 0 6 0 8 0 9 0 11 1 7 1 8 1 9 1 13 2 7 2 9 2 10 2 13 3 8 3 9 3 11 3 13 4 10 4 11 4 12 4 13 5 10 5 11 5 12 5 13 6 10 6 12 6 13 7 11 7 12 8 10 8 12 9 12
m14_398 14 31 0 6 0 8 0 9 0 13 1 7 1 8 1 10 1 13 2 7 2 10 2 12 2 13 3 8 3 10 3 11 3 13 4 9 4 11 4 12 4 13 5 9 5 11 5 12 5 13 6 10 6 11 6 12 7 9 7 11 8 12 9 10
m14_399 14 32 0 6 0 9 0 11 1 7 1 8 1 9 1 13 2 7 2 8 2 9 2 13 3 8 3 9 3 10 3 13 4 10 4 11 4 12 4 13 5 10 5 11 5 12 5 13 6 10 6 12 6 13 7 10 7 11 7 12 8 11 8 12 9 12
m14_400 14 32 0 6 0 9 0 10 0 11 1 7 1 8 1 9 1 13 2 7 2 8 2 9 2 13 3 8 3 9 3 11 3 13 4 10 4 11 4 12 4 13 5 10 5 11 5 12 5 13 6 12 6 13 7 10 7 11 7 12 8 10 8 12 9 12
m14_401 14 33 0 6 0 8 0 9 0 11 1 7 1 11 1 12 1 13 2 7 2 11 2 12 2 13 3 8 3 9 3 10 3 11 4 9 4 10 4 11 4 13 5 10 5 11 5 12 5 13 6 10 6 12 6 13 7 8 7 9 7 10 8 12 8 13 9 12
m14_402 14 32 0 6 0 9 0 10 0 13 1 7 1 10 1 11 1 13 2 7 2 10 2 11 2 13 3 8 3 9 3 12 3 13 4 8 4 9 4 12 4 13 5 11 5 12 5 13 6 11 6 12 7 8 7 9 7 12 8 10 8 11 9 11 10 12
m14_403 14 32 0 6 0 8 0 9 0 13 1 7 1 10 1 12 1 13 2 7 2 10 2 12 2 13 3 8 3 9 3 11 3 13 4 8 4 11 4 12 4 13 5 9 5 10 5 11 5 13 6 10 6 11 6 12 7 8 7 9 7 11 8 10 9 12
m14_404 14 33 0 6 0 7 0 8 0 10 0 13 1 7 1 8 1 9 1 11 1 13 2 7 2 8 2 10 2 11 2 13 3 9 3 11 3 12 3 13 4 10 4 11 4 12 4 13 5 10 5 11 5 12 5 13 6 9 6 11 6 12 7 12 8 12 9 10
m14_405 14 28 0 6 0 7 0 8 0 13 1 7 1 8 1 9 1 13 2 7 2 9 2 10 2 12 3 8 3 10 3 11 4 11 4 12 4 13 5 11 5 12 5 13 6 9 6 10 6 12 7 11 8 12 9 11 10 13
m14_406 14 31 0 6 0 7 0 8 0 10 0 13 1 7 1 8 1 9 1 13 2 7 2 9 2 12 2 13 3 8 3 10 3 11 3 13 4 10 4 11 4 12 4 13 5 10 5 11 5 12 5 13 6 9 6 11 6 12 7 11 8 12 9 10
m14_407 14 31 0 6 0 7 0 8 0 10 1 7 1 8 1 9 1 13 2 7 2 9 2 12 2 13 3 8 3 10 3 11 3 13 4 10 4 11 4 12 4 13 5 10 5 11 5 12 5 13 6 9 6 11 6 12 6 13 7 11 8 12 9 10
m14_408 14 31 0 6 0 7 0 8 0 10 1 7 1 8 1 9 1 13 2 7 2 9 2 12 2 13 3 8 3 10 3 11 3 13 4 10 4 11 4 12 4 13 5 10 5 11 5 12 5 13 6 9 6 12 6 13 7 11 8 12 9 10 9 11
m14_409 14 31 0 6 0 7 0 8 0 13 1 7 1 8 1 9 1 13 2 7 2 9 2 12 2 13 3 8 3 10 3 11 3 13 4 10 4 11 4 12 4 13 5 10 5 11 5 12 5 13 6 9 6 11 6 12 7 10 7 11 8 12 9 10
m14_410 14 32 0 6 0 7 0 8 0 13 1 7 1 8 1 9 1 12 1 13 2 7 2 9 2 11 2 12 2 13 3 8 3 10 3 12 3 13 4 10 4 11 4 12 4 13 5 10 5 11 5 12 5 13 6 9 6 11 6 12 7 10 8 11 9 10
m14_411 14 39 0 6 0 7 0 10 0 11 0 12 0 13 1 7 1 9 1 10 1 11 1 12 1 13 2 7 2 9 2 10 2 11 2 12 2 13 3 8 3 9 3 10 3 11 3 12 3 13 4 8 4 9 4 10 4 11 4 12 4 13 5 8 5 9 5 10 5 11 5 12 5 13 6 8 6 9 7 8
m14_412 14 39 0 6 0 7 0 11 0 12 0 13 1 7 1 9 1 10 1 11 1 12 1 13 2 7 2 9 2 10 2 11 2 12 2 13 3 8 3 9 3 10 3 11 3 12 3 13 4 8 4 9 4 10 4 11 4 12 4 13 5 8 5 9 5 10 5 11 5 12 5 13 6 8 6 9 6 10 7 8
m14_413 14 39 0 6 0 7 0 11 0 12 1 7 1 9 1 10 1 11 1 12 1 13 2 7 2 9 2 10 2 11 2 12 2 13 3 8 3 9 3 10 3 11 3 12 3 13 4 8 4 9 4 10 4 11 4 12 4 13 5 8 5 9 5 10 5 11 5 12 5 13 6 8 6 9 6 10 6 13 7 8
m14_414 14 39 0 6 0 7 0 12 1 7 1 9 1 10 1 11 1 12 1 13 2 7 2 9 2 10 2 11 2 12 2 13 3 8 3 9 3 10 3 11 3 12 3 13 4 8 4 9 4 10 4 11 4 12 4 13 5 8 5 9 5 10 5 11 5 12 5 13 6 8 6 9 6 10 6 11 6 13 7 8
m14_415 14 31 0 6 0 7 0 9 0 12 1 6 1 8 1 9 1 11 2 7 2 8 2 9 2 10 3 9 3 10 3 11 3 12 4 10 4 11 4 12 4 13 5 10 5 11 5 12 5 13 6 10 6 13 7 11 7 13 8 12 8 13 9 13
m14_416 14 35 0 6 0 7 0 8 0 11 0 13 1 6 1 8 1 10 1 11 1 13 2 7 2 8 2 9 2 11 2 13 3 9 3 10 3 11 3 12 3 13 4 9 4 10 4 11 4 12 4 13 5 9 5 10 5 11 5 12 5 13 6 9 6 12 7 10 7 12 8 12
m14_417 14 34 0 6 0 7 0 8 0 12 1 6 1 8 1 10 1 12 2 7 2 8 2 9 2 11 2 12 3 9 3 10 3 11 3 12 3 13 4 9 4 10 4 11 4 12 4 13 5 9 5 10 5 11 5 12 5 13 6 9 6 11 6 13 7 10 7 13 8 13
m14_418 14 31 0 6 0 7 0 11 0 13 1 6 1 8 1 10 1 13 2 7 2 11 2 12 2 13 3 8 3 10 3 12 3 13 4 9 4 10 4 11 4 12 5 10 5 11 5 12 5 13 6 9 6 12 7 9 7 10 8 9 8 11 9 13
m14_419 14 34 0 6 0 7 0 8 0 9 0 12 1 6 1 8 1 9 1 11 1 12 2 7 2 8 2 9 2 10 2 12 3 8 3 9 3 10 3 11 3 12 4 10 4 11 4 12 4 13 5 10 5 11 5 12 5 13 6 10 6 13 7 11 7 13 8 13 9 13
m14_420 14 31 0 6 0 7 0 10 0 13 1 6 1 10 1 12 1 13 2 7 2 10 2 11 2 13 3 8 3 11 3 12 3 13 4 8 4 11 4 12 4 13 5 9 5 10 5 11 5 12 5 13 6 9 6 11 7 9 7 12 8 9 8 10
m14_421 14 31 0 6 0 7 0 10 0 13 1 6 1 10 1 12 1 13 2 7 2 10 2 11 2 13 3 8 3 11 3 12 3 13 4 8 4 11 4 12 4 13 5 9 5 10 5 11 5 12 6 9 6 11 7 9 7 12 8 9 8 10 9 13
m14_422 14 33 0 6 0 7 0 12 0 13 1 6 1 10 1 11 1 12 1 13 2 7 2 8 2 13 3 8 3 9 3 10 3 11 3 13 4 9 4 10 4 11 4 12 4 13 5 9 5 10 5 11 5 12 5 13 6 8 6 9 7 9 7 10 7 11 8 12
m14_423 14 33 0 6 0 7 0 12 0 13 1 6 1 11 1 12 1 13 2 7 2 8 2 13 3 8 3 9 3 10 3 11 3 13 4 9 4 10 4 11 4 12 4 13 5 9 5 10 5 11 5 12 5 13 6 8 6 9 6 10 7 9 7 10 7 11 8 12
m14_424 14 34 0 6 0 7 0 12 0 13 1 6 1 11 1 12 1 13 2 7 2 8 2 12 2 13 3 8 3 9 3 10 3 12 3 13 4 9 4 10 4 11 4 12 4 13 5 9 5 10 5 11 5 12 5 13 6 8 6 9 6 10 7 9 7 10 7 11 8 11
m14_425 14 33 0 6 0 7 0 12 0 13 1 6 1 11 1 12 1 13 2 7 2 8 2 13 3 8 3 9 3 10 3 13 4 9 4 10 4 11 4 12 4 13 5 9 5 10 5 11 5 12 5 13 6 8 6 9 6 10 7 9 7 10 7 11 8 11 8 12
m14_426 14 34 0 6 0 7 0 10 0 12 0 13 1 6 1 10 1 11 1 12 1 13 2 7 2 8 2 12 2 13 3 8 3 9 3 11 3 12 3 13 4 9 4 10 4 11 4 12 4 13 5 9 5 10 5 11 5 12 5 13 6 8 6 9 7 9 7 11 8 10
m14_427 14 35 0 6 0 7 0 11 0 12 0 13 1 6 1 10 1 11 1 12 1 13 2 7 2 8 2 11 2 12 2 13 3 8 3 9 3 11 3 12 3 13 4 9 4 10 4 11 4 12 4 13 5 9 5 10 5 11 5 12 5 13 6 8 6 9 7 9 7 10 8 10
m14_428 14 34 0 6 0 7 0 12 0 13 1 6 1 10 1 11 1 12 1 13 2 7 2 8 2 12 2 13 3 8 3 9 3 11 3 12 3 13 4 9 4 10 4 11 4 12 4 13 5 9 5 10 5 11 5 12 5 13 6 8 6 9 7 9 7 10 7 11 8 10
m14_429 14 33 0 6 0 7 0 13 1 6 1 10 1 11 1 13 2 7 2 8 2 12 2 13 3 8 3 9 3 11 3 12 3 13 4 9 4 10 4 11 4 12 4 13 5 9 5 10 5 11 5 12 5 13 6 8 6 9 6 12 7 9 7 10 7 11 8 10
m14_430 14 35 0 6 0 7 0 9 0 12 0 13 1 6 1 9 1 11 1 12 1 13 2 7 2 9 2 10 2 12 2 13 3 8 3 10 3 11 3 12 3 13 4 8 4 10 4 11 4 12 4 13 5 9 5 10 5 11 5 12 5 13 6 8 6 10 7 8 7 11 8 9
m14_431 14 36 0 6 0 7 0 12 0 13 1 6 1 11 1 12 1 13 2 7 2 9 2 10 2 12 2 13 3 8 3 9 3 10 3 11 3 12 3 13 4 8 4 9 4 10 4 11 4 12 4 13 5 8 5 9 5 10 5 11 5 12 5 13 6 8 6 9 6 10 7 8 7 11
m14_432 14 37 0 6 0 7 0 11 0 12 0 13 1 6 1 10 1 11 1 12 1 13 2 7 2 9 2 11 2 12 2 13 3 8 3 9 3 10 3 11 3 12 3 13 4 8 4 9 4 10 4 11 4 12 4 13 5 8 5 9 5 10 5 11 5 12 5 13 6 8 6 9 7 8 7 10
m14_433 14 31 0 6 0 8 0 9 0 10 1 6 1 8 1 9 1 10 2 7 2 8 2 12 3 7 3 9 3 11 4 10 4 11 4 12 4 13 5 10 5 11 5 12 5 13 6 11 6 12 6 13 7 10 7 13 8 11 8 13 9 12 9 13
m14_434 14 30 0 6 0 11 0 12 0 13 1 6 1 11 1 12 1 13 2 7 2 10 2 12 2 13 3 7 3 10 3 12 3 13 4 8 4 9 4 12 4 13 5 8 5 9 5 12 5 13 6 9 6 10 7 9 7 11 8 10 8 11
m14_435 14 30 0 6 0 11 0 12 0 13 1 6 1 11 1 12 1 13 2 7 2 10 2 12 2 13 3 7 3 10 3 12 3 13 4 8 4 9 4 12 5 8 5 9 5 12 6 9 6 10 7 9 7 11 8 10 8 11 8 13 9 13
m14_436 14 30 0 6 0 9 0 12 0 13 1 6 1 11 1 12 1 13 2 7 2 8 2 9 2 12 3 7 3 8 3 11 3 12 4 9 4 10 4 12 4 13 5 10 5 11 5 12 5 13 6 8 6 10 7 10 7 13 8 13 9 11
m14_437 14 35 0 6 0 7 0 8 0 12 0 13 1 6 1 10 1 12 1 13 2 7 2 8 2 11 2 12 2 13 3 7 3 8 3 11 3 12 3 13 4 9 4 10 4 11 4 12 4 13 5 9 5 10 5 11 5 12 5 13 6 9 6 11 7 9 7 10 8 9 8 10
m14_438 14 34 0 6 0 7 0 8 0 13 1 6 1 10 1 13 2 7 2 8 2 11 2 12 2 13 3 7 3 8 3 11 3 12 3 13 4 9 4 10 4 11 4 12 4 13 5 9 5 10 5 11 5 12 5 13 6 9 6 11 6 12 7 9 7 10 8 9 8 10
m14_439 14 31 0 6 0 7 0 8 0 12 0 13 1 6 1 8 1 10 1 12 1 13 2 7 2 9 2 11 2 13 3 7 3 11 3 12 3 13 4 8 4 9 4 10 4 13 5 10 5 11 5 12 5 13 6 9 6 11 7 10 8 11 9 12
m14_440 14 33 0 6 0 7 0 8 0 9 0 12 1 6 1 12 1 13 2 7 2 8 2 9 2 10 2 12 3 7 3 8 3 9 3 10 3 12 4 8 4 9 4 10 4 11 4 12 5 11 5 12 5 13 6 10 6 11 7 11 7 13 8 13 9 13 10 13
m14_441 14 38 0 6 0 7 0 10 0 11 0 12 0 13 1 6 1 8 1 10 1 11 1 12 1 13 2 7 2 9 2 10 2 11 2 12 2 13 3 7 3 9 3 10 3 11 3 12 3 13 4 8 4 9 4 10 4 11 4 12 4 13 5 8 5 9 5 10 5 11 5 12 5 13 6 9 7 8
m14_442 14 37 0 6 0 7 0 11 0 12 0 13 1 6 1 8 1 11 1 12 1 13 2 7 2 9 2 10 2 11 2 12 2 13 3 7 3 9 3 10 3 11 3 12 3 13 4 8 4 9 4 10 4 11 4 12 4 13 5 8 5 9 5 10 5 11 5 12 5 13 6 9 6 10 7 8
m14_443 14 36 0 6 0 7 0 12 0 13 1 6 1 8 1 12 1 13 2 7 2 9 2 10 2 11 2 12 2 13 3 7 3 9 3 10 3 11 3 12 3 13 4 8 4 9 4 10 4 11 4 12 4 13 5 8 5 9 5 10 5 11 5 12 5 13 6 9 6 10 6 11 7 8
m14_444 14 38 0 6 0 10 0 11 0 12 0 13 1 6 1 10 1 11 1 12 1 13 2 7 2 8 2 9 2 11 2 12 2 13 3 7 3 8 3 9 3 11 3 12 3 13 4 8 4 9 4 10 4 11 4 12 4 13 5 8 5 9 5 10 5 11 5 12 5 13 6 7 6 8 6 9 7 10
m14_445 14 37 0 6 0 10 0 11 0 12 0 13 1 6 1 10 1 11 1 12 1 13 2 7 2 8 2 9 2 12 2 13 3 7 3 8 3 9 3 12 3 13 4 8 4 9 4 10 4 11 4 12 4 13 5 8 5 9 5 10 5 11 5 12 5 13 6 7 6 8 6 9 7 10 7 11
m14_446 14 33 0 6 0 7 0 8 0 12 0 13 1 6 1 7 1 11 1 12 1 13 2 6 2 8 2 10 2 12 2 13 3 7 3 9 3 11 3 12 3 13 4 8 4 9 4 10 4 12 4 13 5 9 5 10 5 11 5 12 5 13 6 9 7 10 8 11
m14_447 14 30 0 5 0 7 0 8 0 12 1 6 1 8 1 9 1 10 2 7 2 9 2 11 2 12 3 8 3 10 3 12 3 13 4 10 4 11 4 12 4 13 5 9 5 10 5 11 6 11 6 12 6 13 7 10 7 13 8 11 9 13
m14_448 14 31 0 5 0 7 0 8 0 11 1 6 1 8 1 9 1 12 2 7 2 9 2 10 2 11 3 8 3 9 3 11 3 12 4 10 4 11 4 12 4 13 5 9 5 10 5 12 6 10 6 11 6 13 7 12 7 13 8 10 8 13 9 13
m14_449 14 31 0 5 0 7 0 8 0 9 1 6 1 8 1 11 1 13 2 7 2 9 2 10 2 11 3 8 3 11 3 12 3 13 4 9 4 10 4 11 4 12 5 11 5 12 5 13 6 9 6 10 6 12 7 12 7 13 8 10 9 13 10 13
m14_450 14 31 0 5 0 7 0 8 0 11 1 6 1 8 1 9 1 10 2 7 2 10 2 11 2 13 3 8 3 9 3 10 3 11 4 9 4 10 4 11 4 12 5 10 5 12 5 13 6 11 6 12 6 13 7 9 7 12 8 12 8 13 9 13
m14_451 14 31 0 5 0 7 0 8 0 10 0 13 1 6 1 8 1 9 1 10 2 7 2 10 2 12 2 13 3 8 3 9 3 10 3 11 4 10 4 11 4 12 4 13 5 9 5 11 5 12 6 11 6 12 6 13 7 9 7 11 8 12 9 13
m14_452 14 31 0 5 0 7 0 10 0 12 1 6 1 7 1 9 1 12 2 7 2 9 2 10 2 12 3 8 3 9 3 10 3 11 4 11 4 12 4 13 5 8 5 9 5 11 6 8 6 10 6 11 7 11 7 13 8 12 8 13 9 13 10 13
m14_453 14 31 0 5 0 9 0 11 0 12 1 6 1 9 1 10 1 12 2 7 2 8 2 9 2 10 2 11 3 7 3 8 3 9 3 10 3 11 4 10 4 11 4 12 4 13 5 10 5 13 6 11 6 13 7 12 7 13 8 12 8 13 9 13
m14_454 14 31 0 5 0 9 0 11 1 6 1 9 1 10 2 7 2 8 2 9 2 12 3 7 3 8 3 9 3 12 4 10 4 11 4 12 4 13 5 10 5 12 5 13 6 11 6 12 6 13 7 10 7 11 7 13 8 10 8 11 8 13 9 13
m14_455 14 33 0 5 0 6 0 9 0 10 0 13 1 6 1 7 1 8 1 9 1 13 2 7 2 8 2 9 2 11 2 13 3 9 3 10 3 11 3 12 3 13 4 9 4 10 4 11 4 12 4 13 5 8 5 11 5 12 6 11 6 12 7 10 7 12 8 10
m14_456 14 33 0 5 0 6 0 9 0 10 1 6 1 7 1 8 1 9 2 7 2 8 2 9 2 11 2 13 3 9 3 10 3 11 3 12 3 13 4 9 4 10 4 11 4 12 4 13 5 8 5 11 5 12 5 13 6 11 6 12 6 13 7 10 7 12 8 10
m14_457 14 32 0 5 0 6 0 11 0 12 0 13 1 6 1 7 1 8 1 11 2 7 2 8 2 9 2 11 3 9 3 10 3 11 3 12 4 10 4 11 4 12 4 13 5 8 5 9 5 10 6 9 6 10 7 10 7 12 7 13 8 12 8 13 9 13
m14_458 14 32 0 5 0 6 0 12 0 13 1 6 1 7 1 8 1 12 2 7 2 8 2 9 2 12 3 9 3 10 3 11 3 12 4 10 4 11 4 12 4 13 5 8 5 9 5 10 6 9 6 10 6 11 7 10 7 11 7 13 8 11 8 13 9 13
m14_459 14 32 0 5 0 6 0 8 0 12 0 13 1 6 1 10 1 12 1 13 2 7 2 8 2 9 2 12 3 7 3 8 3 9 3 12 4 10 4 11 4 12 4 13 5 9 5 10 5 11 6 9 6 11 7 10 7 11 7 13 8 10 8 11 9 13
m14_460 14 31 0 5 0 6 0 8 0 9 1 6 1 9 1 10 1 11 2 7 2 8 2 10 2 12 3 7 3 8 3 10 3 12 4 9 4 11 4 12 4 13 5 10 5 11 5 12 6 12 6 13 7 9 7 11 7 13 8 11 8 13 10 13
m14_461 14 32 0 5 0 6 0 8 0 9 1 6 1 9 1 10 1 12 2 7 2 8 2 11 2 12 3 7 3 8 3 11 3 12 4 9 4 10 4 11 4 12 4 13 5 10 5 11 5 12 5 13 6 11 6 13 7 9 7 10 7 13 8 10 8 13
m14_462 14 34 0 5 0 8 0 11 1 6 1 7 1 8 1 9 1 10 2 6 2 7 2 8 2 9 2 10 3 8 3 9 3 10 3 11 3 12 4 9 4 10 4 11 4 12 4 13 5 9 5 10 5 12 5 13 6 11 6 12 6 13 7 11 7 12 7 13 8 13
m14_463 14 29 0 5 0 10 0 11 1 6 1 7 1 10 1 13 2 6 2 7 2 10 2 13 3 8 3 9 3 10 3 12 4 8 4 9 4 10 4 12 5 12 5 13 6 11 6 12 7 11 7 12 8 11 8 13 9 11 9 13
m14_464 14 30 0 5 0 9 0 12 1 6 1 7 1 9 1 11 1 13 2 6 2 7 2 9 2 11 2 13 3 8 3 11 3 12 3 13 4 8 4 11 4 12 4 13 5 10 5 11 5 13 6 10 6 12 7 10 7 12 8 9 8 10
m14_465 14 31 0 5 0 9 0 12 1 6 1 7 1 9 1 11 2 6 2 7 2 9 2 11 3 8 3 11 3 12 3 13 4 8 4 11 4 12 4 13 5 10 5 11 5 13 6 10 6 12 6 13 7 10 7 12 7 13 8 9 8 10 9 13
m14_466 14 31 0 5 0 8 0 10 0 11 1 6 1 7 1 11 1 12 2 6 2 10 2 11 2 12 3 7 3 9 3 11 3 12 4 8 4 9 4 10 4 12 4 13 5 9 5 12 5 13 6 8 6 9 6 13 7 8 7 10 7 13 11 13
m14_467 14 31 0 5 0 8 0 11 1 6 1 7 1 11 1 12 2 6 2 10 2 11 2 12 3 7 3 9 3 11 3 12 4 8 4 9 4 10 4 12 4 13 5 9 5 10 5 12 5 13 6 8 6 9 6 13 7 8 7 10 7 13 11 13
m14_468 14 32 0 5 0 8 0 12 0 13 1 6 1 7 1 11 1 12 1 13 2 6 2 10 2 11 2 12 2 13 3 7 3 9 3 11 3 12 3 13 4 8 4 9 4 10 4 12 4 13 5 9 5 10 5 11 6 8 6 9 7 8 7 10 8 11
m14_469 14 32 0 5 0 8 0 12 1 6 1 7 1 11 1 12 1 13 2 6 2 10 2 11 2 12 2 13 3 7 3 9 3 11 3 12 3 13 4 8 4 9 4 10 4 12 4 13 5 9 5 10 5 11 5 13 6 8 6 9 7 8 7 10 8 11
m14_470 14 31 0 9 0 10 0 11 0 13 1 9 1 10 1 11 1 13 2 11 2 12 2 13 3 11 3 12 3 13 4 11 4 12 4 13 5 11 5 12 5 13 6 11 6 12 6 13 7 11 7 12 7 13 8 11 8 12 8 13 9 12 10 12
m14_471 14 29 0 9 0 10 0 13 1 9 1 12 1 13 2 10 2 11 2 13 3 11 3 12 3 13 4 11 4 12 4 13 5 11 5 12 5 13 6 11 6 12 6 13 7 11 7 12 7 13 8 11 8 12 8 13 9 11 10 12
m14_472 14 30 0 9 0 10 0 13 1 9 1 10 1 13 2 10 2 11 2 13 3 11 3 12 3 13 4 11 4 12 4 13 5 11 5 12 5 13 6 11 6 12 6 13 7 11 7 12 7 13 8 11 8 12 8 13 9 11 9 12 10 12
m14_473 14 29 0 9 0 10 0 13 1 9 1 11 1 13 2 10 2 12 2 13 3 10 3 12 3 13 4 11 4 12 4 13 5 11 5 12 5 13 6 11 6 12 6 13 7 11 7 12 7 13 8 11 8 12 8 13 9 12 10 11
m14_474 14 30 0 9 0 10 0 13 1 9 1 10 1 13 2 10 2 12 2 13 3 10 3 12 3 13 4 11 4 12 4 13 5 11 5 12 5 13 6 11 6 12 6 13 7 11 7 12 7 13 8 11 8 12 8 13 9 11 9 12 10 11
m14_475 14 29 0 9 0 10 0 13 1 9 1 11 1 13 2 10 2 12 2 13 3 10 3 12 3 13 4 10 4 12 4 13 5 11 5 12 5 13 6 11 6 12 6 13 7 11 7 12 7 13 8 11 8 12 8 13 9 12 10 11
m14_476 14 30 0 9 0 12 0 13 1 9 1 12 1 13 2 10 2 11 2 13 3 10 3 11 3 13 4 11 4 12 4 13 5 11 5 12 5 13 6 11 6 12 6 13 7 11 7 12 7 13 8 11 8 12 8 13 9 10 9 11 10 12
m14_477 14 30 0 9 0 11 0 13 1 9 1 11 1 13 2 10 2 12 2 13 3 10 3 12 3 13 4 10 4 12 4 13 5 11 5 12 5 13 6 11 6 12 6 13 7 11 7 12 7 13 8 11 8 12 8 13 9 10 9 12 10 11
m14_478 14 30 0 9 0 11 0 13 1 9 1 11 1 13 2 10 2 12 2 13 3 10 3 12 3 13 4 10 4 12 4 13 5 10 5 12 5 13 6 11 6 12 6 13 7 11 7 12 7 13 8 11 8 12 8 13 9 10 9 12 10 11
m14_479 14 37 0 9 0 11 0 12 0 13 1 9 1 11 1 12 1 13 2 10 2 11 2 12 2 13 3 10 3 11 3 12 3 13 4 10 4 11 4 12 4 13 5 10 5 11 5 12 5 13 6 10 6 11 6 12 6 13 7 10 7 11 7 12 7 13 8 10 8 11 8 12 8 13 9 10
m14_480 14 36 0 9 0 12 0 13 1 9 1 12 1 13 2 10 2 11 2 12 2 13 3 10 3 11 3 12 3 13 4 10 4 11 4 12 4 13 5 10 5 11 5 12 5 13 6 10 6 11 6 12 6 13 7 10 7 11 7 12 7 13 8 10 8 11 8 12 8 13 9 10 9 11
m14_481 14 35 0 9 0 13 1 9 1 13 2 10 2 11 2 12 2 13 3 10 3 11 3 12 3 13 4 10 4 11 4 12 4 13 5 10 5 11 5 12 5 13 6 10 6 11 6 12 6 13 7 10 7 11 7 12 7 13 8 10 8 11 8 12 8 13 9 10 9 11 9 12
m14_482 14 31 0 8 0 10 0 11 0 13 1 8 1 10 1 11 1 13 2 8 2 10 2 11 2 13 3 9 3 10 3 13 4 9 4 12 4 13 5 9 5 12 5 13 6 11 6 12 6 13 7 11 7 12 7 13 8 9 8 12 9 11 10 12
m14_483 14 33 0 8 0 12 0 13 1 8 1 12 1 13 2 8 2 12 2 13 3 9 3 10 3 11 3 13 4 9 4 10 4 11 4 13 5 9 5 10 5 11 5 13 6 10 6 11 6 12 6 13 7 10 7 11 7 12 7 13 8 9 8 10 8 11 9 12
m14_484 14 35 0 8 0 11 0 12 0 13 1 8 1 11 1 12 1 13 2 8 2 11 2 12 2 13 3 9 3 10 3 12 3 13 4 9 4 10 4 12 4 13 5 9 5 10 5 12 5 13 6 10 6 11 6 12 6 13 7 10 7 11 7 12 7 13 8 9 8 10 9 11
m14_485 14 34 0 8 0 9 0 12 0 13 1 8 1 11 1 12 1 13 2 8 2 11 2 12 2 13 3 8 3 11 3 12 3 13 4 9 4 10 4 12 4 13 5 9 5 10 5 12 5 13 6 9 6 10 6 12 6 13 7 10 7 11 7 12 7 13 8 10 9 11
m14_486 14 31 0 7 0 8 0 11 0 12 1 8 1 9 1 10 1 12 2 9 2 10 2 12 2 13 3 9 3 10 3 12 3 13 4 11 4 12 4 13 5 11 5 12 5 13 6 11 6 12 6 13 7 9 7 10 7 13 8 13 9 11 10 11
m14_487 14 31 0 7 0 9 0 10 0 11 1 8 1 9 1 10 1 13 2 8 2 9 2 10 2 13 3 8 3 9 3 10 3 13 4 11 4 12 4 13 5 11 5 12 5 13 6 11 6 12 6 13 7 12 7 13 8 11 8 12 9 12 10 12
m14_488 14 31 0 7 0 9 0 12 0 13 1 8 1 9 1 10 1 13 2 8 2 9 2 10 2 13 3 8 3 9 3 10 3 13 4 11 4 12 4 13 5 11 5 12 5 13 6 11 6 12 6 13 7 10 7 11 8 11 8 12 9 11 10 12
m14_489 14 31 0 7 0 9 0 10 0 11 1 8 1 9 1 13 2 8 2 9 2 13 3 8 3 9 3 13 4 10 4 11 4 12 4 13 5 10 5 11 5 12 5 13 6 10 6 11 6 12 6 13 7 12 7 13 8 10 8 11 8 12 9 12
m14_490 14 33 0 7 0 9 0 10 0 12 1 8 1 9 1 12 1 13 2 8 2 9 2 12 2 13 3 8 3 9 3 12 3 13 4 10 4 11 4 12 4 13 5 10 5 11 5 12 5 13 6 10 6 11 6 12 6 13 7 11 7 13 8 10 8 11 9 11
m14_491 14 33 0 7 0 9 0 10 1 8 1 9 1 12 1 13 2 8 2 9 2 12 2 13 3 8 3 9 3 12 3 13 4 10 4 11 4 12 4 13 5 10 5 11 5 12 5 13 6 10 6 11 6 12 6 13 7 11 7 12 7 13 8 10 8 11 9 11
m14_492 14 32 0 7 0 9 0 10 1 8 1 9 1 13 2 8 2 9 2 13 3 8 3 9 3 13 4 10 4 11 4 12 4 13 5 10 5 11 5 12 5 13 6 10 6 11 6 12 6 13 7 11 7 12 7 13 8 10 8 11 8 12 9 11 9 12
m14_493 14 38 0 7 0 8 0 10 0 11 0 12 1 8 1 10 1 11 1 12 1 13 2 8 2 10 2 11 2 12 2 13 3 8 3 10 3 11 3 12 3 13 4 9 4 10 4 11 4 12 4 13 5 9 5 10 5 11 5 12 5 13 6 9 6 10 6 11 6 12 6 13 7 9 7 13 8 9
m14_494 14 38 0 7 0 8 0 10 0 11 1 8 1 10 1 11 1 12 1 13 2 8 2 10 2 11 2 12 2 13 3 8 3 10 3 11 3 12 3 13 4 9 4 10 4 11 4 12 4 13 5 9 5 10 5 11 5 12 5 13 6 9 6 10 6 11 6 12 6 13 7 9 7 12 7 13 8 9
m14_495 14 29 0 7 0 8 0 9 0 11 1 7 1 8 1 9 1 11 2 8 2 10 2 13 3 9 3 10 3 12 4 11 4 12 4 13 5 11 5 12 5 13 6 11 6 12 6 13 7 10 7 12 7 13 8 12 9 13 10 11
m14_496 14 33 0 7 0 8 0 9 0 13 1 7 1 8 1 9 1 13 2 8 2 12 2 13 3 9 3 10 3 11 3 13 4 10 4 11 4 12 4 13 5 10 5 11 5 12 5 13 6 10 6 11 6 12 6 13 7 10 7 11 7 12 8 10 8 11 9 12
m14_497 14 34 0 7 0 8 0 9 0 12 0 13 1 7 1 8 1 9 1 12 1 13 2 8 2 11 2 12 2 13 3 9 3 10 3 12 3 13 4 10 4 11 4 12 4 13 5 10 5 11 5 12 5 13 6 10 6 11 6 12 6 13 7 10 7 11 8 10 9 11
m14_498 14 33 0 7 0 8 0 9 0 13 1 7 1 8 1 9 1 13 2 8 2 11 2 12 2 13 3 9 3 10 3 12 3 13 4 10 4 11 4 12 4 13 5 10 5 11 5 12 5 13 6 10 6 11 6 12 6 13 7 10 7 11 7 12 8 10 9 11
m14_499 14 33 0 7 0 8 0 9 0 13 1 7 1 8 1 9 1 13 2 8 2 12 2 13 3 9 3 11 3 13 4 10 4 11 4 12 4 13 5 10 5 11 5 12 5 13 6 10 6 11 6 12 6 13 7 10 7 11 7 12 8 10 8 11 9 10 9 12
m14_500 14 31 0 7 0 9 0 10 0 12 1 7 1 9 1 10 1 12 2 8 2 9 2 10 2 11 3 8 3 9 3 10 3 11 4 11 4 12 4 13 5 11 5 12 5 13 6 11 6 12 6 13 7 11 7 13 8 12 8 13 9 13 10 13
m14_501 14 33 0 7 0 9 0 12 0 13 1 7 1 9 1 12 1 13 2 8 2 9 2 11 2 13 3 8 3 9 3 11 3 13 4 10 4 11 4 12 4 13 5 10 5 11 5 12 5 13 6 10 6 11 6 12 6 13 7 10 7 11 8 10 8 12 9 10
m14_502 14 32 0 7 0 9 0 12 1 7 1 9 1 12 2 8 2 9 2 11 2 13 3 8 3 9 3 11 3 13 4 10 4 11 4 12 4 13 5 10 5 11 5 12 5 13 6 10 6 11 6 12 6 13 7 10 7 11 7 13 8 10 8 12 9 10
m14_503 14 30 0 7 0 10 0 13 1 7 1 10 1 13 2 8 2 9 2 10 2 11 3 8 3 9 3 10 3 11 4 11 4 12 4 13 5 11 5 12 5 13 6 11 6 12 6 13 7 9 7 11 7 12 8 12 8 13 9 13 10 12
m14_504 14 31 0 7 0 10 0 12 0 13 1 7 1 10 1 12 1 13 2 8 2 9 2 10 2 13 3 8 3 9 3 10 3 13 4 11 4 12 4 13 5 11 5 12 5 13 6 11 6 12 6 13 7 9 7 11 8 11 8 12 9 12 10 11
m14_505 14 27 0 7 0 10 0 13 1 7 1 10 1 13 2 8 2 9 2 13 3 8 3 9 3 13 4 11 4 12 4 13 5 11 5 12 5 13 6 11 6 12 6 13 7 9 7 11 8 10 8 11 9 12 10 12
m14_506 14 30 0 7 0 12 0 13 1 7 1 12 1 13 2 8 2 9 2 11 2 12 3 8 3 9 3 11 3 12 4 10 4 11 4 13 5 10 5 11 5 13 6 11 6 12 6 13 7 9 7 10 7 11 8 10 8 13 9 13 10 12
m14_507 14 32 0 7 0 12 0 13 1 7 1 12 1 13 2 8 2 9 2 11 2 13 3 8 3 9 3 11 3 13 4 10 4 11 4 12 4 13 5 10 5 11 5 12 5 13 6 10 6 11 6 12 6 13 7 9 7 10 7 11 8 10 8 12 9 12
m14_508 14 31 0 7 0 12 0 13 1 7 1 12 1 13 2 8 2 9 2 13 3 8 3 9 3 13 4 10 4 11 4 12 4 13 5 10 5 11 5 12 5 13 6 10 6 11 6 12 6 13 7 9 7 10 7 11 8 10 8 11 8 12 9 12
m14_509 14 33 0 7 0 11 0 12 0 13 1 7 1 11 1 12 1 13 2 8 2 9 2 12 2 13 3 8 3 9 3 12 3 13 4 10 4 11 4 12 4 13 5 10 5 11 5 12 5 13 6 10 6 11 6 12 6 13 7 9 7 10 8 10 8 11 9 11
m14_510 14 33 0 7 0 11 0 12 0 13 1 7 1 11 1 12 1 13 2 8 2 9 2 13 3 8 3 9 3 13 4 10 4 11 4 12 4 13 5 10 5 11 5 12 5 13 6 10 6 11 6 12 6 13 7 9 7 10 8 10 8 11 8 12 9 11 9 12
m14_511 14 33 0 7 0 8 0 9 0 13 1 7 1 9 1 10 1 13 2 8 2 9 2 12 2 13 3 8 3 9 3 12 3 13 4 10 4 11 4 12 4 13 5 10 5 11 5 12 5 13 6 10 6 11 6 12 6 13 7 11 7 12 8 10 8 11 9 11
m14_512 14 32 0 7 0 9 0 12 0 13 1 7 1 10 1 12 1 13 2 8 2 9 2 11 2 13 3 8 3 10 3 11 3 13 4 9 4 11 4 12 4 13 5 10 5 11 5 12 5 13 6 10 6 11 6 12 6 13 7 8 7 11 8 12 9 10
m14_513 14 34 0 7 0 11 0 12 0 13 1 7 1 11 1 12 1 13 2 8 2 9 2 10 2 13 3 8 3 9 3 10 3 13 4 9 4 10 4 12 4 13 5 10 5 11 5 12 5 13 6 10 6 11 6 12 6 13 7 8 7 9 7 10 8 11 8 12 9 11
m14_514 14 32 0 7 0 10 0 11 0 13 1 7 1 10 1 11 1 13 2 8 2 9 2 12 2 13 3 8 3 9 3 12 3 13 4 9 4 10 4 13 5 11 5 12 5 13 6 11 6 12 6 13 7 8 7 9 7 12 8 10 8 11 9 11 10 12
m14_515 14 43 0 7 0 9 0 10 0 11 0 12 0 13 1 7 1 9 1 10 1 11 1 12 1 13 2 8 2 9 2 10 2 11 2 12 2 13 3 8 3 9 3 10 3 11 3 12 3 13 4 8 4 9 4 10 4 11 4 12 4 13 5 8 5 9 5 10 5 11 5 12 5 13 6 8 6 9 6 10 6 11 6 12 6 13 7 8
m14_516 14 31 0 7 0 8 0 9 0 13 1 7 1 8 1 11 1 13 2 7 2 9 2 10 2 13 3 8 3 11 3 12 3 13 4 9 4 10 4 12 4 13 5 10 5 11 5 12 5 13 6 10 6 11 6 12 6 13 7 12 8 10 9 11
m14_517 14 31 0 7 0 8 0 9 0 13 1 7 1 11 1 12 1 13 2 7 2 11 2 12 2 13 3 8 3 10 3 12 3 13 4 8 4 10 4 12 4 13 5 9 5 10 5 11 5 13 6 9 6 10 6 11 6 13 7 10 8 11 9 12
m14_518 14 33 0 7 0 9 0 10 0 11 0 13 1 7 1 9 1 10 1 11 1 13 2 7 2 9 2 10 2 11 2 13 3 8 3 9 3 10 3 13 4 8 4 12 4 13 5 8 5 12 5 13 6 11 6 12 6 13 7 8 7 12 8 11 9 12 10 12
m14_519 14 37 0 7 0 8 0 9 0 10 0 11 0 13 1 7 1 8 1 9 1 10 1 11 1 13 2 7 2 8 2 9 2 10 2 11 2 13 3 7 3 8 3 9 3 10 3 11 3 13 4 11 4 12 4 13 5 11 5 12 5 13 6 11 6 12 6 13 7 12 8 12 9 12 10 12
m14_520 14 39 0 7 0 8 0 9 0 11 0 12 0 13 1 7 1 8 1 9 1 11 1 12 1 13 2 7 2 8 2 9 2 11 2 12 2 13 3 7 3 8 3 9 3 11 3 12 3 13 4 10 4 11 4 12 4 13 5 10 5 11 5 12 5 13 6 10 6 11 6 12 6 13 7 10 8 10 9 10
m14_521 14 32 0 6 0 8 0 9 0 12 1 7 1 9 1 10 1 11 2 8 2 9 2 10 2 12 3 9 3 10 3 11 3 12 4 10 4 11 4 12 4 13 5 10 5 11 5 12 5 13 6 10 6 11 6 13 7 12 7 13 8 11 8 13 9 13
m14_522 14 32 0 6 0 8 0 9 0 11 1 7 1 9 1 10 2 8 2 9 2 11 2 13 3 9 3 10 3 11 3 13 4 10 4 11 4 12 4 13 5 10 5 11 5 12 5 13 6 10 6 12 6 13 7 11 7 12 7 13 8 10 8 12 9 12
m14_523 14 33 0 6 0 8 0 9 0 11 1 7 1 8 1 9 1 10 2 8 2 9 2 10 2 11 3 9 3 10 3 11 3 13 4 10 4 11 4 12 4 13 5 10 5 11 5 12 5 13 6 10 6 12 6 13 7 11 7 12 7 13 8 12 8 13 9 12
m14_524 14 30 0 6 0 9 0 11 0 12 1 7 1 9 1 10 1 12 2 8 2 12 2 13 3 8 3 12 3 13 4 9 4 10 4 11 4 12 5 10 5 11 5 12 5 13 6 10 6 13 7 11 7 13 8 9 8 10 8 11 9 13
m14_525 14 31 0 6 0 9 0 13 1 7 1 9 1 12 2 8 2 11 2 12 2 13 3 8 3 11 3 12 3 13 4 9 4 10 4 12 4 13 5 10 5 11 5 12 5 13 6 10 6 11 6 12 7 10 7 11 7 13 8 9 8 10 9 11
m14_526 14 32 0 6 0 9 0 12 0 13 1 7 1 9 1 11 1 13 2 8 2 11 2 12 2 13 3 8 3 11 3 12 3 13 4 9 4 10 4 11 4 12 4 13 5 9 5 10 5 11 5 12 5 13 6 10 6 11 7 10 7 12 8 9 8 10
m14_527 14 32 0 6 0 9 0 12 1 7 1 9 1 11 1 13 2 8 2 11 2 12 2 13 3 8 3 11 3 12 3 13 4 9 4 10 4 11 4 12 4 13 5 9 5 10 5 11 5 12 5 13 6 10 6 11 6 13 7 10 7 12 8 9 8 10
m14_528 14 31 0 6 0 9 0 11 0 13 1 7 1 9 1 11 1 12 2 8 2 12 2 13 3 8 3 12 3 13 4 9 4 10 4 11 4 12 4 13 5 9 5 10 5 11 5 12 5 13 6 10 6 12 7 10 7 13 8 9 8 10 8 11
m14_529 14 31 0 6 0 9 0 13 1 7 1 9 1 11 1 12 2 8 2 12 2 13 3 8 3 12 3 13 4 9 4 10 4 11 4 12 4 13 5 9 5 10 5 11 5 12 5 13 6 10 6 11 6 12 7 10 7 13 8 9 8 10 8 11
m14_530 14 32 0 6 0 8 0 12 0 13 1 7 1 9 1 11 1 13 2 8 2 11 2 12 2 13 3 8 3 11 3 12 3 13 4 9 4 10 4 11 4 13 5 10 5 11 5 12 5 13 6 9 6 10 6 11 7 10 7 12 8 9 8 10 9 12
m14_531 14 32 0 6 0 8 0 12 0 13 1 7 1 9 1 13 2 8 2 11 2 12 2 13 3 8 3 11 3 12 3 13 4 9 4 10 4 11 4 13 5 10 5 11 5 12 5 13 6 9 6 10 6 11 7 10 7 11 7 12 8 9 8 10 9 12
m14_532 14 32 0 6 0 7 0 9 0 11 1 7 1 8 1 10 1 11 2 8 2 10 2 11 2 13 3 9 3 11 3 12 3 13 4 9 4 11 4 12 4 13 5 10 5 11 5 12 5 13 6 10 6 12 6 13 7 12 7 13 8 9 8 12 9 10
m14_533 14 34 0 6 0 7 0 9 0 12 1 7 1 8 1 10 1 12 2 8 2 10 2 11 2 12 3 9 3 10 3 11 3 12 3 13 4 9 4 10 4 11 4 12 4 13 5 9 5 10 5 11 5 12 5 13 6 10 6 11 6 13 7 11 7 13 8 9 8 13
m14_534 14 30 0 6 0 9 0 10 0 12 1 7 1 12 1 13 2 7 2 12 2 13 3 8 3 10 3 11 3 12 4 8 4 10 4 11 4 12 5 9 5 11 5 12 5 13 6 11 6 13 7 9 7 10 7 11 8 9 8 13 10 13
m14_535 14 30 0 6 0 9 0 10 0 13 1 7 1 12 1 13 2 7 2 12 2 13 3 8 3 10 3 11 3 13 4 8 4 10 4 11 4 13 5 9 5 10 5 11 5 12 5 13 6 11 6 12 7 9 7 10 7 11 8 9 8 12
m14_536 14 30 0 6 0 9 0 12 0 13 1 7 1 11 1 12 1 13 2 7 2 11 2 12 2 13 3 8 3 10 3 13 4 8 4 10 4 13 5 9 5 11 5 12 5 13 6 10 6 11 7 9 7 10 8 9 8 11 8 12 10 12
m14_537 14 30 0 6 0 9 0 13 1 7 1 12 1 13 2 7 2 12 2 13 3 8 3 10 3 11 3 13 4 8 4 10 4 11 4 13 5 9 5 10 5 11 5 12 5 13 6 10 6 11 6 12 7 9 7 10 7 11 8 9 8 12
m14_538 14 31 0 6 0 9 0 12 0 13 1 7 1 11 1 12 1 13 2 7 2 11 2 12 2 13 3 8 3 10 3 12 3 13 4 8 4 10 4 12 4 13 5 9 5 10 5 11 5 12 5 13 6 10 6 11 7 9 7 10 8 9 8 11
m14_539 14 31 0 6 0 9 0 12 1 7 1 11 1 12 1 13 2 7 2 11 2 12 2 13 3 8 3 10 3 12 3 13 4 8 4 10 4 12 4 13 5 9 5 10 5 11 5 12 5 13 6 10 6 11 6 13 7 9 7 10 8 9 8 11
m14_540 14 31 0 6 0 9 0 12 1 7 1 11 1 12 1 13 2 7 2 11 2 12 2 13 3 8 3 10 3 12 3 13 4 8 4 10 4 12 4 13 5 9 5 10 5 11 5 12 6 10 6 11 6 13 7 9 7 10 8 9 8 11 9 13
m14_541 14 29 0 6 0 9 0 11 0 12 1 7 1 12 1 13 2 7 2 12 2 13 3 8 3 11 3 13 4 8 4 11 4 13 5 9 5 10 5 11 5 12 5 13 6 10 6 13 7 9 7 10 7 11 8 9 8 10 8 12
m14_542 14 33 0 6 0 8 0 9 0 10 0 11 1 7 1 9 1 10 1 11 1 12 2 7 2 9 2 10 2 11 2 12 3 8 3 10 3 11 3 13 4 10 4 11 4 12 4 13 5 10 5 11 5 12 5 13 6 12 6 13 7 8 7 13 8 12 9 13
m14_543 14 33 0 6 0 8 0 9 0 10 1 7 1 9 1 10 1 11 1 13 2 7 2 9 2 10 2 11 2 13 3 8 3 10 3 12 3 13 4 10 4 11 4 12 4 13 5 10 5 11 5 12 5 13 6 11 6 12 6 13 7 8 7 12 8 11 9 12
m14_544 14 33 0 6 0 8 0 9 0 10 1 7 1 9 1 10 1 11 2 7 2 9 2 10 2 11 3 8 3 10 3 12 3 13 4 10 4 11 4 12 4 13 5 10 5 11 5 12 5 13 6 11 6 12 6 13 7 8 7 12 7 13 8 11 9 12 9 13
m14_545 14 32 0 6 0 8 0 9 0 10 0 13 1 7 1 9 1 12 1 13 2 7 2 9 2 12 2 13 3 8 3 10 3 11 3 13 4 10 4 11 4 12 4 13 5 10 5 11 5 12 5 13 6 11 6 12 7 8 7 10 7 11 8 12 9 11
m14_546 14 32 0 6 0 8 0 9 0 10 1 7 1 9 1 12 1 13 2 7 2 9 2 12 2 13 3 8 3 10 3 11 3 13 4 10 4 11 4 12 4 13 5 10 5 11 5 12 5 13 6 11 6 12 6 13 7 8 7 10 7 11 8 12 9 11
m14_547 14 31 0 6 0 8 0 9 0 10 1 7 1 9 1 12 2 7 2 9 2 12 3 8 3 10 3 12 3 13 4 10 4 11 4 12 4 13 5 10 5 11 5 12 5 13 6 11 6 12 6 13 7 8 7 10 7 13 8 11 9 11 9 13
m14_548 14 32 0 6 0 8 0 9 0 11 0 12 1 7 1 9 1 12 1 13 2 7 2 9 2 12 2 13 3 8 3 10 3 11 3 12 4 9 4 11 4 12 4 13 5 10 5 11 5 12 5 13 6 10 6 13 7 8 7 10 7 11 8 13 9 10
m14_549 14 32 0 6 0 8 0 9 0 11 1 7 1 9 1 12 1 13 2 7 2 9 2 12 2 13 3 8 3 10 3 11 3 12 4 9 4 11 4 12 4 13 5 10 5 11 5 12 5 13 6 10 6 12 6 13 7 8 7 10 7 11 8 13 9 10
m14_550 14 32 0 6 0 8 0 9 0 12 1 7 1 9 1 12 1 13 2 7 2 9 2 12 2 13 3 8 3 10 3 11 3 12 4 9 4 11 4 12 4 13 5 10 5 11 5 12 5 13 6 10 6 11 6 13 7 8 7 10 7 11 8 13 9 10
m14_551 14 35 0 6 0 7 0 8 0 9 0 10 1 7 1 8 1 9 1 10 1 12 2 7 2 8 2 9 2 10 2 12 3 9 3 10 3 12 3 13 4 10 4 11 4 12 4 13 5 10 5 11 5 12 5 13 6 11 6 12 6 13 7 11 7 13 8 11 8 13 9 11
m14_552 14 38 0 6 0 7 0 12 1 7 1 10 1 11 1 12 1 13 2 7 2 10 2 11 2 12 2 13 3 8 3 9 3 10 3 11 3 12 3 13 4 8 4 9 4 10 4 11 4 12 4 13 5 8 5 9 5 10 5 11 5 12 5 13 6 8 6 9 6 10 6 11 6 13 7 8 7 9
m14_553 14 28 0 6 0 7 0 10 0 13 1 6 1 7 1 10 1 13 2 8 2 12 2 13 3 8 3 12 3 13 4 9 4 11 4 13 5 9 5 11 5 13 6 11 6 12 7 11 7 12 8 10 8 11 9 10 9 12
m14_554 14 37 0 6 0 7 0 8 0 10 0 12 1 6 1 7 1 8 1 10 1 12 2 8 2 10 2 11 2 12 2 13 3 8 3 10 3 11 3 12 3 13 4 9 4 10 4 11 4 12 4 13 5 9 5 10 5 11 5 12 5 13 6 9 6 11 6 13 7 9 7 11 7 13 8 9
m14_555 14 33 0 6 0 7 0 10 0 12 1 6 1 12 1 13 2 7 2 8 2 9 2 10 2 12 3 8 3 9 3 10 3 11 3 12 4 8 4 9 4 10 4 11 4 12 5 11 5 12 5 13 6 8 6 9 6 11 7 11 7 13 8 13 9 13 10 13
m14_556 14 30 0 6 0 8 0 12 0 13 1 6 1 9 1 12 1 13 2 7 2 8 2 11 2 13 3 7 3 9 3 11 3 13 4 8 4 10 4 11 4 13 5 9 5 10 5 12 5 13 6 10 6 11 7 10 7 12 8 9 11 12
m14_557 14 31 0 6 0 8 0 12 0 13 1 6 1 9 1 12 1 13 2 7 2 8 2 11 2 13 3 7 3 9 3 11 3 13 4 8 4 10 4 11 4 12 4 13 5 9 5 10 5 11 5 12 5 13 6 10 6 11 7 10 7 12 8 9
m14_558 14 30 0 6 0 8 0 12 0 13 1 6 1 9 1 12 1 13 2 7 2 8 2 11 2 13 3 7 3 9 3 11 3 13 4 8 4 10 4 11 4 12 5 9 5 10 5 11 5 12 6 10 6 11 7 10 7 12 8 9 10 13
m14_559 14 32 0 6 0 11 0 12 0 13 1 6 1 11 1 12 1 13 2 7 2 8 2 10 2 13 3 7 3 10 3 12 3 13 4 8 4 9 4 10 4 11 4 13 5 9 5 10 5 11 5 12 5 13 6 8 6 9 6 10 7 9 7 11 8 12
m14_560 14 32 0 6 0 10 0 11 0 13 1 6 1 10 1 11 1 13 2 7 2 8 2 12 2 13 3 7 3 10 3 12 3 13 4 8 4 9 4 12 4 13 5 9 5 10 5 11 5 12 5 13 6 8 6 9 6 12 7 9 7 11 8 10 8 11
m14_561 14 32 0 6 0 10 0 11 0 13 1 6 1 10 1 11 1 13 2 7 2 8 2 12 2 13 3 7 3 10 3 12 3 13 4 8 4 9 4 12 4 13 5 9 5 11 5 12 5 13 6 8 6 9 6 12 7 9 7 11 8 10 8 11 9 10
m14_562 14 34 0 6 0 11 0 12 0 13 1 6 1 11 1 12 1 13 2 7 2 9 2 10 2 11 2 13 3 7 3 9 3 10 3 11 3 13 4 8 4 9 4 10 4 12 4 13 5 8 5 9 5 10 5 12 5 13 6 8 6 9 6 10 7 8 7 12 8 11
m14_563 14 32 0 6 0 8 0 9 0 13 1 6 1 8 1 12 1 13 2 7 2 8 2 9 2 11 2 13 3 7 3 9 3 10 3 11 3 13 4 10 4 11 4 12 4 13 5 10 5 11 5 12 5 13 6 7 6 10 6 11 7 12 8 10 9 12
m14_564 14 32 0 6 0 8 0 9 0 13 1 6 1 8 1 12 1 13 2 7 2 8 2 9 2 13 3 7 3 9 3 10 3 11 3 13 4 10 4 11 4 12 4 13 5 10 5 11 5 12 5 13 6 7 6 10 6 11 7 12 8 10 8 11 9 12
m14_565 14 33 0 6 0 8 0 9 0 12 0 13 1 6 1 8 1 11 1 12 1 13 2 7 2 8 2 9 2 12 2 13 3 7 3 9 3 10 3 12 3 13 4 10 4 11 4 12 4 13 5 10 5 11 5 12 5 13 6 7 6 10 7 11 8 10 9 11
m14_566 14 32 0 6 0 8 0 9 0 13 1 6 1 8 1 12 1 13 2 7 2 8 2 9 2 13 3 7 3 9 3 11 3 13 4 10 4 11 4 12 4 13 5 10 5 11 5 12 5 13 6 7 6 10 6 11 7 12 8 10 8 11 9 10 9 12
m14_567 14 32 0 6 0 8 0 9 0 11 0 13 1 6 1 11 1 12 1 13 2 7 2 8 2 9 2 10 2 13 3 7 3 10 3 12 3 13 4 8 4 9 4 10 4 11 4 13 5 10 5 11 5 12 5 13 6 7 6 10 7 11 8 12 9 12
m14_568 14 39 0 6 0 9 0 10 0 11 0 12 0 13 1 6 1 9 1 10 1 11 1 12 1 13 2 7 2 8 2 10 2 11 2 12 2 13 3 7 3 8 3 10 3 11 3 12 3 13 4 8 4 9 4 10 4 11 4 12 4 13 5 8 5 9 5 10 5 11 5 12 5 13 6 7 6 8 7 9
m14_569 14 40 0 6 0 7 0 10 0 11 0 12 0 13 1 6 1 7 1 10 1 11 1 12 1 13 2 6 2 7 2 10 2 11 2 12 2 13 3 8 3 9 3 10 3 11 3 12 3 13 4 8 4 9 4 10 4 11 4 12 4 13 5 8 5 9 5 10 5 11 5 12 5 13 6 8 6 9 7 8 7 9
m14_570 14 38 0 6 0 7 0 10 0 11 0 12 0 13 1 6 1 9 1 10 1 11 1 12 1 13 2 6 2 9 2 10 2 11 2 12 2 13 3 7 3 8 3 10 3 11 3 12 3 13 4 7 4 8 4 10 4 11 4 12 4 13 5 8 5 9 5 10 5 11 5 12 5 13 6 8 7 9
m14_571 14 31 0 5 0 8 0 9 0 11 1 6 1 8 1 9 1 10 2 7 2 9 2 12 3 8 3 9 3 10 3 11 4 10 4 11 4 12 4 13 5 10 5 12 5 13 6 11 6 12 6 13 7 10 7 11 7 13 8 12 8 13 9 13
m14_572 14 33 0 5 0 7 0 10 0 11 0 13 1 6 1 7 1 8 1 12 1 13 2 7 2 8 2 11 2 12 2 13 3 9 3 10 3 11 3 12 3 13 4 9 4 10 4 11 4 12 4 13 5 8 5 9 5 12 6 9 6 10 6 11 7 9 8 10
m14_573 14 33 0 5 0 7 0 10 0 11 1 6 1 7 1 8 1 12 1 13 2 7 2 8 2 11 2 12 2 13 3 9 3 10 3 11 3 12 3 13 4 9 4 10 4 11 4 12 4 13 5 8 5 9 5 12 5 13 6 9 6 10 6 11 7 9 8 10
m14_574 14 33 0 5 0 7 0 10 0 11 0 13 1 6 1 7 1 8 1 12 2 7 2 8 2 11 2 12 2 13 3 9 3 10 3 11 3 12 3 13 4 9 4 10 4 11 4 12 4 13 5 8 5 9 5 12 6 9 6 10 6 11 6 13 7 9 8 10
m14_575 14 33 0 5 0 7 0 10 0 11 1 6 1 7 1 8 1 12 2 7 2 8 2 11 2 12 2 13 3 9 3 10 3 11 3 12 3 13 4 9 4 10 4 11 4 12 4 13 5 8 5 9 5 12 5 13 6 9 6 10 6 11 6 13 7 9 8 10
m14_576 14 33 0 5 0 7 0 10 0 11 0 13 1 6 1 7 1 8 1 12 2 7 2 8 2 11 2 12 3 9 3 10 3 11 3 12 3 13 4 9 4 10 4 11 4 12 4 13 5 8 5 9 5 12 6 9 6 10 6 11 6 13 7 9 8 10 8 13
m14_577 14 33 0 5 0 7 0 11 0 12 0 13 1 6 1 7 1 8 1 11 2 7 2 8 2 11 2 12 2 13 3 9 3 10 3 11 3 12 3 13 4 9 4 10 4 11 4 12 4 13 5 8 5 10 6 9 6 10 6 12 6 13 7 9 7 10 8 9
m14_578 14 33 0 5 0 7 0 11 0 12 0 13 1 6 1 7 1 8 1 11 2 7 2 8 2 11 2 12 3 9 3 10 3 11 3 12 3 13 4 9 4 10 4 11 4 12 4 13 5 8 5 10 6 9 6 10 6 12 6 13 7 9 7 10 8 9 8 13
m14_579 14 33 0 5 0 7 0 12 1 6 1 7 1 8 1 11 1 13 2 7 2 8 2 11 2 12 2 13 3 9 3 10 3 11 3 12 3 13 4 9 4 10 4 11 4 12 4 13 5 8 5 10 5 11 5 13 6 9 6 10 6 12 7 9 7 10 8 9
m14_580 14 33 0 5 0 7 0 12 1 6 1 7 1 8 1 11 2 7 2 8 2 11 2 12 2 13 3 9 3 10 3 11 3 12 3 13 4 9 4 10 4 11 4 12 4 13 5 8 5 10 5 11 5 13 6 9 6 10 6 12 6 13 7 9 7 10 8 9
m14_581 14 31 0 5 0 8 0 9 0 10 1 6 1 9 1 12 1 13 2 7 2 8 2 10 2 12 3 7 3 8 3 10 3 12 4 9 4 11 4 12 4 13 5 11 5 12 5 13 6 10 6 11 7 9 7 11 7 13 8 11 8 13 10 13
m14_582 14 31 0 5 0 6 0 11 0 13 1 6 1 8 1 10 1 11 2 7 2 8 2 9 2 11 3 7 3 8 3 9 3 11 4 10 4 11 4 12 4 13 5 9 5 10 5 12 6 9 6 12 7 10 7 12 7 13 8 12 8 13 9 13
m14_583 14 34 0 5 0 7 0 11 0 12 1 6 1 7 1 8 1 12 1 13 2 6 2 7 2 8 2 12 2 13 3 9 3 10 3 11 3 12 3 13 4 9 4 10 4 11 4 12 4 13 5 8 5 9 5 10 5 13 6 9 6 10 6 11 7 9 7 10 8 11
m14_584 14 31 0 5 0 8 0 9 0 10 1 6 1 7 1 8 1 12 2 6 2 8 2 10 2 12 3 7 3 9 3 12 3 13 4 9 4 10 4 11 4 12 4 13 5 11 5 12 5 13 6 9 6 11 6 13 7 10 7 11 8 11 8 13
m14_585 14 31 0 5 0 8 0 9 0 10 1 6 1 7 1 8 1 12 2 6 2 8 2 10 2 12 3 7 3 9 3 12 3 13 4 9 4 10 4 11 4 12 5 11 5 12 5 13 6 9 6 11 6 13 7 10 7 11 8 11 8 13 10 13
m14_586 14 30 0 5 0 8 0 9 0 11 1 6 1 7 1 8 1 13 2 6 2 8 2 9 2 10 2 13 3 7 3 11 3 12 3 13 4 9 4 10 4 11 4 12 4 13 5 10 5 12 5 13 6 11 6 12 7 9 7 10 8 12
m14_587 14 31 0 5 0 8 0 11 0 13 1 6 1 7 1 10 1 11 2 6 2 10 2 11 2 12 3 7 3 8 3 9 3 10 3 11 4 9 4 11 4 12 4 13 5 9 5 10 5 12 6 8 6 9 6 13 7 12 7 13 8 12 10 13
m14_588 14 31 0 5 0 8 0 10 0 13 1 6 1 7 1 11 1 13 2 6 2 10 2 11 2 12 2 13 3 7 3 8 3 9 3 11 3 13 4 9 4 10 4 11 4 12 4 13 5 9 5 11 5 12 6 8 6 9 7 10 7 12 8 12
m14_589 14 29 0 4 0 8 0 11 0 12 1 5 1 8 1 10 1 11 2 6 2 8 2 9 2 11 3 7 3 8 3 9 3 10 4 9 4 10 4 13 5 9 5 12 5 13 6 10 6 12 6 13 7 11 7 12 7 13 8 13
m14_590 14 28 0 4 0 8 0 12 0 13 1 5 1 8 1 10 1 11 2 6 2 8 2 9 2 11 3 7 3 8 3 9 3 10 4 9 4 10 4 11 5 9 5 12 5 13 6 10 6 12 6 13 7 11 7 12 7 13
m14_591 14 29 0 4 0 8 0 12 1 5 1 8 1 10 1 11 2 6 2 8 2 9 2 11 3 7 3 8 3 9 3 10 4 9 4 10 4 11 4 13 5 9 5 12 5 13 6 10 6 12 6 13 7 11 7 12 7 13 8 13
m14_592 14 29 0 4 0 8 0 12 1 5 1 8 1 10 1 11 1 13 2 6 2 8 2 9 2 11 2 13 3 7 3 8 3 9 3 10 3 13 4 9 4 10 4 11 4 13 5 9 5 12 6 10 6 12 7 11 7 12 12 13
m14_593 14 31 0 4 0 8 0 12 0 13 1 5 1 8 1 10 1 12 2 6 2 8 2 9 2 13 3 7 3 8 3 9 3 10 4 9 4 10 4 11 5 9 5 11 5 13 6 10 6 11 6 12 7 11 7 12 7 13 8 11 9 12 10 13
m14_594 14 30 0 4 0 7 0 8 0 9 1 5 1 8 1 12 2 6 2 8 2 10 2 11 3 7 3 8 3 9 3 10 4 10 4 11 4 12 4 13 5 9 5 10 5 11 5 13 6 9 6 12 6 13 7 11 7 12 7 13 8 13
m14_595 14 30 0 4 0 7 0 8 0 9 0 13 1 5 1 8 1 12 1 13 2 6 2 8 2 10 2 11 3 7 3 8 3 9 3 10 3 13 4 10 4 11 4 12 5 9 5 10 5 11 6 9 6 12 6 13 7 11 7 12 11 13
m14_596 14 30 0 4 0 7 0 8 0 9 0 13 1 5 1 8 1 12 2 6 2 8 2 10 2 11 2 13 3 7 3 8 3 9 3 10 3 13 4 10 4 11 4 12 5 9 5 10 5 11 5 13 6 9 6 12 7 11 7 12 12 13
m14_597 14 31 0 4 0 7 0 8 0 9 1 5 1 8 1 11 1 13 2 6 2 8 2 10 2 13 3 7 3 8 3 9 3 10 4 10 4 11 4 12 4 13 5 9 5 10 5 12 6 9 6 11 6 12 7 11 7 12 7 13 8 12 9 13
m14_598 14 30 0 8 0 10 0 12 0 13 1 8 1 10 1 12 1 13 2 9 2 10 2 13 3 9 3 10 3 13 4 9 4 11 4 13 5 11 5 12 5 13 6 11 6 12 6 13 7 11 7 12 7 13 8 9 8 11 9 12 10 11
m14_599 14 31 0 8 0 10 0 13 1 8 1 11 1 13 2 9 2 10 2 12 2 13 3 9 3 10 3 12 3 13 4 9 4 10 4 12 4 13 5 11 5 12 5 13 6 11 6 12 6 13 7 11 7 12 7 13 8 9 8 12 9 11 10 11
m14_600 14 32 0 8 0 12 0 13 1 8 1 12 1 13 2 9 2 10 2 11 2 13 3 9 3 10 3 11 3 13 4 9 4 10 4 11 4 13 5 11 5 12 5 13 6 11 6 12 6 13 7 11 7 12 7 13 8 9 8 10 8 11 9 12 10 12
m14_601 14 29 0 8 0 11 0 13 1 8 1 12 1 13 2 9 2 12 2 13 3 9 3 12 3 13 4 9 4 12 4 13 5 10 5 11 5 13 6 10 6 11 6 13 7 10 7 11 7 13 8 9 8 10 9 11 10 12 11 12
m14_602 14 30 0 8 0 11 0 12 0 13 1 8 1 11 1 12 1 13 2 9 2 12 2 13 3 9 3 12 3 13 4 9 4 12 4 13 5 10 5 11 5 13 6 10 6 11 6 13 7 10 7 11 7 13 8 9 8 10 9 11 10 12
m14_603 14 29 0 8 0 11 0 12 1 8 1 11 1 12 2 9 2 12 2 13 3 9 3 12 3 13 4 9 4 12 4 13 5 10 5 11 5 13 6 10 6 11 6 13 7 10 7 11 7 13 8 9 8 10 8 13 9 11 10 12
m14_604 14 35 0 8 0 10 0 12 0 13 1 8 1 10 1 12 1 13 2 9 2 11 2 12 2 13 3 9 3 11 3 12 3 13 4 9 4 11 4 12 4 13 5 10 5 11 5 12 5 13 6 10 6 11 6 12 6 13 7 10 7 11 7 12 7 13 8 9 8 11 9 10
m14_605 14 34 0 8 0 10 0 13 1 8 1 10 1 13 2 9 2 11 2 12 2 13 3 9 3 11 3 12 3 13 4 9 4 11 4 12 4 13 5 10 5 11 5 12 5 13 6 10 6 11 6 12 6 13 7 10 7 11 7 12 7 13 8 9 8 11 8 12 9 10
m14_606 14 33 0 8 0 10 0 11 0 13 1 8 1 10 1 11 1 13 2 9 2 12 2 13 3 9 3 12 3 13 4 9 4 12 4 13 5 10 5 11 5 12 5 13 6 10 6 11 6 12 6 13 7 10 7 11 7 12 7 13 8 9 8 12 9 10 9 11
m14_607 14 41 0 8 0 10 0 11 0 12 0 13 1 8 1 10 1 11 1 12 1 13 2 9 2 10 2 11 2 12 2 13 3 9 3 10 3 11 3 12 3 13 4 9 4 10 4 11 4 12 4 13 5 9 5 10 5 11 5 12 5 13 6 9 6 10 6 11 6 12 6 13 7 9 7 10 7 11 7 12 7 13 8 9
m14_608 14 40 0 8 0 11 0 12 0 13 1 8 1 11 1 12 1 13 2 9 2 10 2 11 2 12 2 13 3 9 3 10 3 11 3 12 3 13 4 9 4 10 4 11 4 12 4 13 5 9 5 10 5 11 5 12 5 13 6 9 6 10 6 11 6 12 6 13 7 9 7 10 7 11 7 12 7 13 8 9 8 10
m14_609 14 39 0 8 0 12 0 13 1 8 1 12 1 13 2 9 2 10 2 11 2 12 2 13 3 9 3 10 3 11 3 12 3 13 4 9 4 10 4 11 4 12 4 13 5 9 5 10 5 11 5 12 5 13 6 9 6 10 6 11 6 12 6 13 7 9 7 10 7 11 7 12 7 13 8 9 8 10 8 11
m14_610 14 38 0 8 0 13 1 8 1 13 2 9 2 10 2 11 2 12 2 13 3 9 3 10 3 11 3 12 3 13 4 9 4 10 4 11 4 12 4 13 5 9 5 10 5 11 5 12 5 13 6 9 6 10 6 11 6 12 6 13 7 9 7 10 7 11 7 12 7 13 8 9 8 10 8 11 8 12
m14_611 14 33 0 7 0 9 0 10 0 13 1 8 1 9 1 10 1 12 2 9 2 10 2 12 2 13 3 10 3 11 3 12 3 13 4 10 4 11 4 12 4 13 5 10 5 11 5 12 5 13 6 10 6 11 6 12 6 13 7 11 7 12 8 11 8 13 9 11
m14_612 14 28 0 7 0 9 0 13 1 8 1 9 1 12 2 9 2 10 2 12 2 13 3 11 3 12 3 13 4 11 4 12 4 13 5 11 5 12 5 13 6 11 6 12 6 13 7 10 7 12 8 10 8 13 9 11 10 11
m14_613 14 33 0 7 0 9 0 13 1 8 1 9 1 11 1 12 2 9 2 11 2 12 2 13 3 10 3 11 3 12 3 13 4 10 4 11 4 12 4 13 5 10 5 11 5 12 5 13 6 10 6 11 6 12 6 13 7 10 7 11 7 12 8 10 8 13 9 10
m14_614 14 33 0 7 0 9 0 12 1 8 1 9 1 11 2 9 2 11 2 12 2 13 3 10 3 11 3 12 3 13 4 10 4 11 4 12 4 13 5 10 5 11 5 12 5 13 6 10 6 11 6 12 6 13 7 10 7 11 7 13 8 10 8 12 8 13 9 10
m14_615 14 33 0 7 0 9 0 13 1 8 1 9 1 12 2 9 2 12 2 13 3 10 3 11 3 12 3 13 4 10 4 11 4 12 4 13 5 10 5 11 5 12 5 13 6 10 6 11 6 12 6 13 7 10 7 11 7 12 8 10 8 11 8 13 9 10 9 11
m14_616 14 31 0 7 0 9 0 10 0 12 1 8 1 9 1 10 1 11 2 9 2 10 2 11 2 12 3 9 3 10 3 11 3 12 4 11 4 12 4 13 5 11 5 12 5 13 6 11 6 12 6 13 7 11 7 13 8 12 8 13 9 13 10 13
m14_617 14 33 0 7 0 9 0 11 0 13 1 8 1 9 1 11 1 12 2 9 2 11 2 12 2 13 3 9 3 11 3 12 3 13 4 10 4 11 4 12 4 13 5 10 5 11 5 12 5 13 6 10 6 11 6 12 6 13 7 10 7 12 8 10 8 13 9 10
m14_618 14 33 0 7 0 9 0 13 1 8 1 9 1 11 1 12 2 9 2 11 2 12 2 13 3 9 3 11 3 12 3 13 4 10 4 11 4 12 4 13 5 10 5 11 5 12 5 13 6 10 6 11 6 12 6 13 7 10 7 11 7 12 8 10 8 13 9 10
m14_619 14 33 0 7 0 9 0 12 1 8 1 9 1 11 2 9 2 11 2 12 2 13 3 9 3 11 3 12 3 13 4 10 4 11 4 12 4 13 5 10 5 11 5 12 5 13 6 10 6 11 6 12 6 13 7 10 7 11 7 13 8 10 8 12 8 13 9 10
m14_620 14 32 0 7 0 9 0 13 1 8 1 9 1 12 2 9 2 12 2 13 3 9 3 12 3 13 4 10 4 11 4 12 4 13 5 10 5 11 5 12 5 13 6 10 6 11 6 12 6 13 7 10 7 11 7 12 8 10 8 11 8 13 9 10 9 11
m14_621 14 37 0 7 0 9 0 12 0 13 1 8 1 9 1 11 1 13 2 9 2 10 2 11 2 12 2 13 3 9 3 10 3 11 3 12 3 13 4 9 4 10 4 11 4 12 4 13 5 9 5 10 5 11 5 12 5 13 6 9 6 10 6 11 6 12 6 13 7 10 7 11 8 10 8 12
m14_622 14 31 0 7 0 8 0 9 0 10 0 12 1 8 1 11 1 12 2 9 2 10 2 12 2 13 3 9 3 10 3 12 3 13 4 9 4 10 4 12 4 13 5 11 5 12 5 13 6 11 6 12 6 13 7 11 7 13 8 13 9 11 10 11
m14_623 14 31 0 7 0 8 0 9 0 12 1 8 1 11 1 12 2 9 2 10 2 12 2 13 3 9 3 10 3 12 3 13 4 9 4 10 4 12 4 13 5 11 5 12 5 13 6 11 6 12 6 13 7 11 7 13 8 10 8 13 9 11 10 11
m14_624 14 33 0 7 0 8 0 9 0 11 0 12 1 8 1 10 1 11 1 12 2 9 2 11 2 12 2 13 3 9 3 11 3 12 3 13 4 9 4 11 4 12 4 13 5 10 5 11 5 12 5 13 6 10 6 11 6 12 6 13 7 10 7 13 8 13 9 10
m14_625 14 33 0 7 0 8 0 9 0 11 1 8 1 10 1 11 1 12 2 9 2 11 2 12 2 13 3 9 3 11 3 12 3 13 4 9 4 11 4 12 4 13 5 10 5 11 5 12 5 13 6 10 6 11 6 12 6 13 7 10 7 12 7 13 8 13 9 10
m14_626 14 33 0 7 0 8 0 9 0 11 1 8 1 10 1 11 2 9 2 11 2 12 2 13 3 9 3 11 3 12 3 13 4 9 4 11 4 12 4 13 5 10 5 11 5 12 5 13 6 10 6 11 6 12 6 13 7 10 7 12 7 13 8 12 8 13 9 10
m14_627 14 38 0 7 0 8 0 9 0 10 0 11 1 8 1 9 1 10 1 11 1 13 2 9 2 10 2 11 2 12 2 13 3 9 3 10 3 11 3 12 3 13 4 9 4 10 4 11 4 12 4 13 5 9 5 10 5 11 5 12 5 13 6 9 6 10 6 11 6 12 6 13 7 12 7 13 8 12
m14_628 14 38 0 7 0 8 0 9 0 10 1 8 1 9 1 10 1 12 1 13 2 9 2 10 2 11 2 12 2 13 3 9 3 10 3 11 3 12 3 13 4 9 4 10 4 11 4 12 4 13 5 9 5 10 5 11 5 12 5 13 6 9 6 10 6 11 6 12 6 13 7 11 7 12 7 13 8 11
m14_629 14 38 0 7 0 8 0 9 0 10 1 8 1 9 1 10 1 13 2 9 2 10 2 11 2 12 2 13 3 9 3 10 3 11 3 12 3 13 4 9 4 10 4 11 4 12 4 13 5 9 5 10 5 11 5 12 5 13 6 9 6 10 6 11 6 12 6 13 7 11 7 12 7 13 8 11 8 12
m14_630 14 38 0 7 0 8 0 9 1 8 1 9 1 11 1 12 1 13 2 9 2 10 2 11 2 12 2 13 3 9 3 10 3 11 3 12 3 13 4 9 4 10 4 11 4 12 4 13 5 9 5 10 5 11 5 12 5 13 6 9 6 10 6 11 6 12 6 13 7 10 7 11 7 12 7 13 8 10
m14_631 14 28 0 7 0 10 0 13 1 8 1 11 1 13 2 8 2 11 2 13 3 9 3 12 3 13 4 9 4 12 4 13 5 9 5 12 5 13 6 10 6 11 6 12 6 13 7 11 7 12 8 10 8 12 9 10 9 11
m14_632 14 30 0 7 0 9 0 10 0 11 1 8 1 10 1 11 1 12 2 8 2 10 2 11 2 12 3 9 3 11 3 13 4 11 4 12 4 13 5 11 5 12 5 13 6 11 6 12 6 13 7 12 7 13 8 9 8 13 9 12 10 13
m14_633 14 32 0 7 0 9 0 10 0 12 1 8 1 12 1 13 2 8 2 12 2 13 3 9 3 10 3 11 3 12 4 10 4 11 4 12 4 13 5 10 5 11 5 12 5 13 6 10 6 11 6 12 6 13 7 11 7 13 8 9 8 10 8 11 9 13
m14_634 14 32 0 7 0 9 0 13 1 8 1 12 1 13 2 8 2 12 2 13 3 9 3 10 3 11 3 13 4 10 4 11 4 12 4 13 5 10 5 11 5 12 5 13 6 10 6 11 6 12 6 13 7 10 7 11 7 12 8 9 8 10 8 11 9 12
m14_635 14 33 0 7 0 9 0 12 0 13 1 8 1 11 1 12 1 13 2 8 2 11 2 12 2 13 3 9 3 10 3 12 3 13 4 10 4 11 4 12 4 13 5 10 5 11 5 12 5 13 6 10 6 11 6 12 6 13 7 10 7 11 8 9 8 10 9 11
m14_636 14 33 0 7 0 9 0 13 1 8 1 11 1 12 1 13 2 8 2 11 2 12 2 13 3 9 3 10 3 12 3 13 4 10 4 11 4 12 4 13 5 10 5 11 5 12 5 13 6 10 6 11 6 12 6 13 7 10 7 11 7 12 8 9 8 10 9 11
m14_637 14 33 0 7 0 9 0 13 1 8 1 11 1 12 1 13 2 8 2 11 2 12 2 13 3 9 3 10 3 13 4 10 4 11 4 12 4 13 5 10 5 11 5 12 5 13 6 10 6 11 6 12 6 13 7 10 7 11 7 12 8 9 8 10 9 11 9 12
m14_638 14 33 0 7 0 8 0 9 0 13 1 8 1 9 1 12 1 13 2 8 2 10 2 12 2 13 3 9 3 11 3 12 3 13 4 9 4 11 4 12 4 13 5 10 5 11 5 12 5 13 6 10 6 11 6 12 6 13 7 10 7 11 7 12 8 11 9 10
m14_639 14 31 0 7 0 8 0 9 0 10 0 13 1 8 1 12 1 13 2 8 2 12 2 13 3 9 3 10 3 11 3 13 4 9 4 10 4 11 4 13 5 9 5 10 5 11 5 13 6 11 6 12 6 13 7 11 7 12 8 11 9 12 10 12
m14_640 14 33 0 7 0 8 0 9 0 12 0 13 1 8 1 10 1 12 1 13 2 8 2 10 2 12 2 13 3 9 3 11 3 12 3 13 4 9 4 11 4 12 4 13 5 9 5 11 5 12 5 13 6 10 6 11 6 12 6 13 7 10 7 11 8 11 9 10
m14_641 14 33 0 7 0 8 0 9 0 13 1 8 1 10 1 12 1 13 2 8 2 10 2 12 2 13 3 9 3 11 3 12 3 13 4 9 4 11 4 12 4 13 5 9 5 11 5 12 5 13 6 10 6 11 6 12 6 13 7 10 7 11 7 12 8 11 9 10
m14_642 14 32 0 7 0 8 0 9 0 13 1 8 1 10 1 13 2 8 2 10 2 13 3 9 3 11 3 12 3 13 4 9 4 11 4 12 4 13 5 9 5 11 5 12 5 13 6 10 6 11 6 12 6 13 7 10 7 11 7 12 8 11 8 12 9 10
m14_643 14 32 0 7 0 8 0 12 0 13 1 8 1 9 1 13 2 8 2 9 2 13 3 10 3 11 3 12 3 13 4 10 4 11 4 12 4 13 5 10 5 11 5 12 5 13 6 10 6 11 6 12 6 13 7 9 7 10 7 11 8 10 8 11 9 12
m14_644 14 32 0 7 0 8 0 12 1 8 1 9 1 13 2 8 2 9 2 13 3 10 3 11 3 12 3 13 4 10 4 11 4 12 4 13 5 10 5 11 5 12 5 13 6 10 6 11 6 12 6 13 7 9 7 10 7 11 7 13 8 10 8 11 9 12
m14_645 14 32 0 7 0 8 0 13 1 8 1 9 1 13 2 8 2 9 2 13 3 10 3 11 3 12 3 13 4 10 4 11 4 12 4 13 5 10 5 11 5 12 5 13 6 10 6 11 6 12 6 13 7 9 7 10 7 11 8 10 8 11 8 12 9 12
m14_646 14 33 0 7 0 8 0 11 0 12 0 13 1 8 1 9 1 12 1 13 2 8 2 9 2 12 2 13 3 10 3 11 3 12 3 13 4 10 4 11 4 12 4 13 5 10 5 11 5 12 5 13 6 10 6 11 6 12 6 13 7 9 7 10 8 10 9 11
m14_647 14 33 0 7 0 8 0 11 0 12 1 8 1 9 1 12 1 13 2 8 2 9 2 12 2 13 3 10 3 11 3 12 3 13 4 10 4 11 4 12 4 13 5 10 5 11 5 12 5 13 6 10 6 11 6 12 6 13 7 9 7 10 7 13 8 10 9 11
m14_648 14 34 0 7 0 8 0 11 0 12 1 8 1 9 1 11 1 12 1 13 2 8 2 9 2 11 2 12 2 13 3 10 3 11 3 12 3 13 4 10 4 11 4 12 4 13 5 10 5 11 5 12 5 13 6 10 6 11 6 12 6 13 7 9 7 13 8 10 9 10
m14_649 14 33 0 7 0 8 0 12 0 13 1 8 1 9 1 12 1 13 2 8 2 9 2 12 2 13 3 10 3 11 3 12 3 13 4 10 4 11 4 12 4 13 5 10 5 11 5 12 5 13 6 10 6 11 6 12 6 13 7 9 7 11 8 10 8 11 9 10
m14_650 14 33 0 7 0 8 0 13 1 8 1 9 1 12 1 13 2 8 2 9 2 12 2 13 3 10 3 11 3 12 3 13 4 10 4 11 4 12 4 13 5 10 5 11 5 12 5 13 6 10 6 11 6 12 6 13 7 9 7 11 7 12 8 10 8 11 9 10
m14_651 14 32 0 7 0 8 0 12 0 13 1 8 1 9 1 13 2 8 2 9 2 13 3 10 3 11 3 12 3 13 4 10 4 11 4 12 4 13 5 10 5 11 5 12 5 13 6 10 6 11 6 12 6 13 7 9 7 11 8 10 8 11 9 10 9 12
m14_652 14 32 0 7 0 8 0 13 1 8 1 9 1 13 2 8 2 9 2 13 3 10 3 11 3 12 3 13 4 10 4 11 4 12 4 13 5 10 5 11 5 12 5 13 6 10 6 11 6 12 6 13 7 9 7 11 8 10 8 11 8 12 9 10 9 12
m14_653 14 33 0 7 0 8 0 12 1 8 1 9 1 12 1 13 2 8 2 9 2 12 2 13 3 10 3 11 3 12 3 13 4 10 4 11 4 12 4 13 5 10 5 11 5 12 5 13 6 10 6 11 6 12 6 13 7 9 7 13 8 10 8 11 9 10 9 11
m14_654 14 43 0 7 0 8 0 9 0 10 0 11 0 12 1 8 1 9 1 10 1 11 1 12 1 13 2 8 2 9 2 10 2 11 2 12 2 13 3 8 3 9 3 10 3 11 3 12 3 13 4 8 4 9 4 10 4 11 4 12 4 13 5 8 5 9 5 10 5 11 5 12 5 13 6 8 6 9 6 10 6 11 6 12 6 13 7 13
m14_655 14 43 0 7 0 8 0 9 0 10 0 11 1 8 1 9 1 10 1 11 1 12 1 13 2 8 2 9 2 10 2 11 2 12 2 13 3 8 3 9 3 10 3 11 3 12 3 13 4 8 4 9 4 10 4 11 4 12 4 13 5 8 5 9 5 10 5 11 5 12 5 13 6 8 6 9 6 10 6 11 6 12 6 13 7 12 7 13
m14_656 14 43 0 7 0 8 0 9 0 10 1 8 1 9 1 10 1 11 1 12 1 13 2 8 2 9 2 10 2 11 2 12 2 13 3 8 3 9 3 10 3 11 3 12 3 13 4 8 4 9 4 10 4 11 4 12 4 13 5 8 5 9 5 10 5 11 5 12 5 13 6 8 6 9 6 10 6 11 6 12 6 13 7 11 7 12 7 13
m14_657 14 30 0 7 0 8 0 10 0 11 1 7 1 8 1 10 1 11 2 9 2 11 2 13 3 9 3 11 3 13 4 9 4 11 4 13 5 10 5 12 5 13 6 10 6 12 6 13 7 12 7 13 8 12 8 13 9 10 9 12 11 12
m14_658 14 31 0 7 0 8 0 10 0 12 1 7 1 8 1 10 1 12 2 9 2 12 2 13 3 9 3 12 3 13 4 9 4 12 4 13 5 10 5 11 5 12 5 13 6 10 6 11 6 12 6 13 7 11 7 13 8 11 8 13 9 10 9 11
m14_659 14 32 0 7 0 8 0 9 0 13 1 7 1 9 1 10 1 13 2 8 2 11 2 12 2 13 3 8 3 11 3 12 3 13 4 9 4 10 4 12 4 13 5 10 5 11 5 12 5 13 6 10 6 11 6 12 6 13 7 11 7 12 8 10 9 11
m14_660 14 31 0 7 0 8 0 9 0 13 1 7 1 9 1 11 1 13 2 8 2 12 2 13 3 8 3 12 3 13 4 9 4 10 4 11 4 13 5 10 5 11 5 12 5 13 6 10 6 11 6 12 6 13 7 10 7 12 8 10 8 11 9 12
m14_661 14 31 0 7 0 8 0 9 0 13 1 7 1 12 1 13 2 8 2 9 2 10 2 13 3 8 3 9 3 10 3 13 4 9 4 10 4 11 4 13 5 11 5 12 5 13 6 11 6 12 6 13 7 10 7 11 8 11 8 12 9 12 10 12
m14_662 14 32 0 7 0 8 0 9 0 13 1 7 1 9 1 11 1 13 2 8 2 10 2 12 2 13 3 8 3 10 3 12 3 13 4 9 4 11 4 12 4 13 5 9 5 11 5 12 5 13 6 10 6 11 6 12 6 13 7 10 7 12 8 11 9 10
m14_663 14 33 0 7 0 10 0 13 1 7 1 11 1 13 2 8 2 9 2 10 2 12 2 13 3 8 3 9 3 10 3 12 3 13 4 8 4 9 4 10 4 12 4 13 5 11 5 12 5 13 6 11 6 12 6 13 7 8 7 9 7 12 8 11 9 11 10 11
m14_664 14 35 0 7 0 12 0 13 1 7 1 12 1 13 2 8 2 9 2 10 2 11 2 13 3 8 3 9 3 10 3 11 3 13 4 8 4 9 4 10 4 11 4 13 5 10 5 11 5 12 5 13 6 10 6 11 6 12 6 13 7 8 7 9 7 10 7 11 8 12 9 12
m14_665 14 36 0 7 0 11 0 12 0 13 1 7 1 11 1 12 1 13 2 8 2 9 2 10 2 12 2 13 3 8 3 9 3 10 3 12 3 13 4 8 4 9 4 10 4 12 4 13 5 10 5 11 5 12 5 13 6 10 6 11 6 12 6 13 7 8 7 9 7 10 8 11 9 11
m14_666 14 35 0 7 0 10 0 11 0 13 1 7 1 10 1 11 1 13 2 8 2 9 2 12 2 13 3 8 3 9 3 12 3 13 4 8 4 9 4 12 4 13 5 10 5 11 5 12 5 13 6 10 6 11 6 12 6 13 7 8 7 9 7 12 8 10 8 11 9 10 9 11
m14_667 14 42 0 7 0 10 0 11 0 12 0 13 1 7 1 10 1 11 1 12 1 13 2 8 2 9 2 10 2 11 2 12 2 13 3 8 3 9 3 10 3 11 3 12 3 13 4 8 4 9 4 10 4 11 4 12 4 13 5 8 5 9 5 10 5 11 5 12 5 13 6 8 6 9 6 10 6 11 6 12 6 13 7 8 7 9
m14_668 14 41 0 7 0 11 0 12 0 13 1 7 1 11 1 12 1 13 2 8 2 9 2 10 2 11 2 12 2 13 3 8 3 9 3 10 3 11 3 12 3 13 4 8 4 9 4 10 4 11 4 12 4 13 5 8 5 9 5 10 5 11 5 12 5 13 6 8 6 9 6 10 6 11 6 12 6 13 7 8 7 9 7 10
m14_669 14 40 0 7 0 12 0 13 1 7 1 12 1 13 2 8 2 9 2 10 2 11 2 12 2 13 3 8 3 9 3 10 3 11 3 12 3 13 4 8 4 9 4 10 4 11 4 12 4 13 5 8 5 9 5 10 5 11 5 12 5 13 6 8 6 9 6 10 6 11 6 12 6 13 7 8 7 9 7 10 7 11
m14_670 14 40 0 7 0 8 0 10 0 11 0 12 0 13 1 7 1 8 1 10 1 11 1 12 1 13 2 7 2 8 2 10 2 11 2 12 2 13 3 9 3 10 3 11 3 12 3 13 4 9 4 10 4 11 4 12 4 13 5 9 5 10 5 11 5 12 5 13 6 9 6 10 6 11 6 12 6 13 7 9 8 9
m14_671 14 39 0 7 0 8 0 11 0 12 0 13 1 7 1 8 1 11 1 12 1 13 2 7 2 8 2 11 2 12 2 13 3 9 3 10 3 11 3 12 3 13 4 9 4 10 4 11 4 12 4 13 5 9 5 10 5 11 5 12 5 13 6 9 6 10 6 11 6 12 6 13 7 9 7 10 8 9 8 10
m14_672 14 38 0 7 0 8 0 12 0 13 1 7 1 8 1 12 1 13 2 7 2 8 2 12 2 13 3 9 3 10 3 11 3 12 3 13 4 9 4 10 4 11 4 12 4 13 5 9 5 10 5 11 5 12 5 13 6 9 6 10 6 11 6 12 6 13 7 9 7 10 7 11 8 9 8 10 8 11
m14_673 14 35 0 7 0 8 0 12 0 13 1 7 1 8 1 12 1 13 2 7 2 11 2 12 2 13 3 8 3 10 3 12 3 13 4 9 4 10 4 11 4 12 4 13 5 9 5 10 5 11 5 12 5 13 6 9 6 10 6 11 6 12 6 13 7 9 7 10 8 9 8 11
m14_674 14 31 0 7 0 8 0 12 0 13 1 7 1 9 1 11 1 13 2 7 2 11 2 12 2 13 3 8 3 9 3 10 3 13 4 8 4 10 4 12 4 13 5 9 5 10 5 11 5 13 6 10 6 11 6 12 6 13 7 10 8 11 9 12
m14_675 14 35 0 7 0 8 0 12 0 13 1 7 1 11 1 12 1 13 2 7 2 11 2 12 2 13 3 8 3 9 3 10 3 12 3 13 4 8 4 9 4 10 4 12 4 13 5 9 5 10 5 11 5 12 5 13 6 9 6 10 6 11 6 12 6 13 7 9 7 10 8 11
m14_676 14 33 0 7 0 8 0 13 1 7 1 11 1 12 1 13 2 7 2 11 2 12 2 13 3 8 3 9 3 10 3 13 4 8 4 9 4 10 4 13 5 9 5 10 5 11 5 12 5 13 6 9 6 10 6 11 6 12 6 13 7 9 7 10 8 11 8 12
m14_677 14 37 0 7 0 8 0 11 0 12 0 13 1 7 1 10 1 11 1 12 1 13 2 7 2 10 2 11 2 12 2 13 3 8 3 9 3 11 3 12 3 13 4 8 4 9 4 11 4 12 4 13 5 9 5 10 5 11 5 12 5 13 6 9 6 10 6 11 6 12 6 13 7 9 8 10
m14_678 14 32 0 6 0 8 0 9 0 12 1 7 1 9 1 10 1 11 2 8 2 9 2 11 2 12 3 10 3 11 3 12 3 13 4 10 4 11 4 12 4 13 5 10 5 11 5 12 5 13 6 10 6 11 6 13 7 12 7 13 8 10 8 13 9 13
m14_679 14 32 0 6 0 8 0 9 0 11 1 7 1 9 1 10 2 8 2 9 2 11 2 12 3 10 3 11 3 12 3 13 4 10 4 11 4 12 4 13 5 10 5 11 5 12 5 13 6 10 6 12 6 13 7 11 7 12 7 13 8 10 8 13 9 13
m14_680 14 32 0 6 0 8 0 9 0 12 1 7 1 9 1 10 1 13 2 8 2 9 2 12 2 13 3 8 3 9 3 12 3 13 4 10 4 11 4 12 4 13 5 10 5 11 5 12 5 13 6 10 6 11 6 13 7 11 7 12 8 10 8 11 9 11
m14_681 14 32 0 6 0 8 0 9 0 12 1 7 1 9 1 10 2 8 2 9 2 12 2 13 3 8 3 9 3 12 3 13 4 10 4 11 4 12 4 13 5 10 5 11 5 12 5 13 6 10 6 11 6 13 7 11 7 12 7 13 8 10 8 11 9 11
m14_682 14 35 0 6 0 8 0 10 0 13 1 7 1 8 1 10 1 11 1 12 2 8 2 10 2 11 2 12 2 13 3 8 3 10 3 11 3 12 3 13 4 9 4 10 4 11 4 12 4 13 5 9 5 10 5 11 5 12 5 13 6 9 6 11 6 12 7 9 7 13 8 9
m14_683 14 35 0 6 0 8 0 11 0 12 0 13 1 7 1 8 1 10 1 12 1 13 2 8 2 10 2 11 2 12 2 13 3 8 3 10 3 11 3 12 3 13 4 9 4 10 4 11 4 12 4 13 5 9 5 10 5 11 5 12 5 13 6 9 6 10 7 9 7 11 8 9
m14_684 14 35 0 6 0 8 0 11 0 12 1 7 1 8 1 10 1 12 2 8 2 10 2 11 2 12 2 13 3 8 3 10 3 11 3 12 3 13 4 9 4 10 4 11 4 12 4 13 5 9 5 10 5 11 5 12 5 13 6 9 6 10 6 13 7 9 7 11 7 13 8 9
m14_685 14 35 0 6 0 8 0 11 1 7 1 8 1 10 1 12 1 13 2 8 2 10 2 11 2 12 2 13 3 8 3 10 3 11 3 12 3 13 4 9 4 10 4 11 4 12 4 13 5 9 5 10 5 11 5 12 5 13 6 9 6 10 6 12 6 13 7 9 7 11 8 9
m14_686 14 35 0 6 0 8 0 11 0 13 1 7 1 8 1 10 1 12 2 8 2 10 2 11 2 12 2 13 3 8 3 10 3 11 3 12 3 13 4 9 4 10 4 11 4 12 4 13 5 9 5 10 5 11 5 12 5 13 6 9 6 10 6 12 7 9 7 11 7 13 8 9
m14_687 14 33 0 6 0 7 0 8 0 13 1 7 1 8 1 9 1 10 1 13 2 8 2 9 2 10 2 11 2 13 3 8 3 9 3 10 3 11 3 13 4 11 4 12 4 13 5 11 5 12 5 13 6 9 6 10 6 11 7 11 7 12 8 12 9 12 10 12
m14_688 14 33 0 6 0 7 0 8 0 9 0 12 1 7 1 12 1 13 2 8 2 9 2 10 2 11 2 12 3 8 3 9 3 10 3 11 3 12 4 8 4 9 4 10 4 11 4 12 5 11 5 12 5 13 6 11 6 13 7 10 7 11 8 13 9 13 10 13
m14_689 14 32 0 6 0 7 0 9 0 11 0 13 1 7 1 8 1 9 1 13 2 9 2 11 2 12 2 13 3 9 3 11 3 12 3 13 4 10 4 11 4 12 4 13 5 10 5 11 5 12 5 13 6 8 6 10 6 12 7 10 7 12 8 11 9 10
m14_690 14 32 0 6 0 7 0 9 0 11 1 7 1 8 1 9 1 13 2 9 2 11 2 12 2 13 3 9 3 11 3 12 3 13 4 10 4 11 4 12 4 13 5 10 5 11 5 12 5 13 6 8 6 10 6 12 6 13 7 10 7 12 8 11 9 10
m14_691 14 32 0 6 0 7 0 9 0 11 1 7 1 8 1 9 1 13 2 9 2 11 2 12 2 13 3 9 3 11 3 12 3 13 4 10 4 11 4 12 4 13 5 10 5 11 5 12 5 13 6 8 6 10 6 13 7 10 7 12 8 11 8 12 9 10
m14_692 14 32 0 6 0 7 0 9 0 11 0 12 1 7 1 8 1 9 1 12 2 8 2 9 2 12 2 13 3 9 3 11 3 12 3 13 4 10 4 11 4 12 4 13 5 10 5 11 5 12 5 13 6 8 6 10 6 13 7 10 7 13 8 11 9 10
m14_693 14 32 0 6 0 7 0 9 0 11 1 7 1 8 1 9 1 12 2 8 2 9 2 12 2 13 3 9 3 11 3 12 3 13 4 10 4 11 4 12 4 13 5 10 5 11 5 12 5 13 6 8 6 10 6 12 6 13 7 10 7 13 8 11 9 10
m14_694 14 32 0 6 0 7 0 9 0 13 1 7 1 8 1 9 1 13 2 8 2 9 2 12 2 13 3 9 3 11 3 12 3 13 4 10 4 11 4 12 4 13 5 10 5 11 5 12 5 13 6 8 6 10 6 12 7 10 7 11 7 12 8 11 9 10
m14_695 14 33 0 6 0 8 0 9 0 13 1 7 1 8 1 12 1 13 2 7 2 11 2 12 2 13 3 8 3 9 3 10 3 12 3 13 4 9 4 10 4 11 4 12 4 13 5 9 5 10 5 11 5 12 5 13 6 10 6 11 6 12 7 9 7 10 8 11
m14_696 14 32 0 6 0 8 0 9 0 12 1 7 1 9 1 12 1 13 2 7 2 11 2 12 2 13 3 8 3 9 3 10 3 12 3 13 4 10 4 11 4 12 4 13 5 10 5 11 5 12 5 13 6 10 6 11 6 13 7 8 7 10 8 11 9 11
m14_697 14 32 0 6 0 8 0 9 0 12 1 7 1 9 1 12 1 13 2 7 2 11 2 12 2 13 3 8 3 9 3 10 3 12 4 10 4 11 4 12 4 13 5 10 5 11 5 12 5 13 6 10 6 11 6 13 7 8 7 10 8 11 8 13 9 11
m14_698 14 32 0 6 0 8 0 9 0 12 1 7 1 9 1 12 1 13 2 7 2 11 2 12 2 13 3 8 3 9 3 12 3 13 4 10 4 11 4 12 4 13 5 10 5 11 5 12 5 13 6 10 6 11 6 13 7 8 7 10 8 11 9 10 9 11
m14_699 14 32 0 6 0 8 0 11 0 13 1 7 1 10 1 12 1 13 2 7 2 10 2 12 2 13 3 8 3 9 3 11 3 13 4 9 4 11 4 12 4 13 5 10 5 11 5 12 5 13 6 9 6 12 7 8 7 9 7 11 8 10 8 12 9 10
m14_700 14 32 0 6 0 8 0 12 1 7 1 10 1 12 1 13 2 7 2 10 2 12 2 13 3 8 3 9 3 11 3 12 4 9 4 11 4 12 4 13 5 10 5 11 5 12 5 13 6 9 6 11 6 13 7 8 7 9 7 11 8 10 8 13 9 10
m14_701 14 34 0 6 0 7 0 8 0 12 0 13 1 7 1 8 1 9 1 12 1 13 2 7 2 8 2 9 2 12 2 13 3 9 3 11 3 12 3 13 4 10 4 11 4 12 4 13 5 10 5 11 5 12 5 13 6 9 6 11 7 10 7 11 8 10 8 11 9 10
m14_702 14 34 0 6 0 7 0 8 0 13 1 7 1 8 1 9 1 12 1 13 2 7 2 8 2 9 2 12 2 13 3 9 3 11 3 12 3 13 4 10 4 11 4 12 4 13 5 10 5 11 5 12 5 13 6 9 6 11 6 12 7 10 7 11 8 10 8 11 9 10
m14_703 14 31 0 6 0 7 0 8 0 10 1 7 1 8 1 10 1 13 2 7 2 9 2 12 2 13 3 8 3 9 3 11 3 13 4 10 4 11 4 12 4 13 5 10 5 11 5 12 5 13 6 9 6 11 6 12 6 13 7 11 8 12 9 10
m14_704 14 32 0 6 0 7 0 8 0 9 1 7 1 9 1 10 1 13 2 7 2 9 2 10 2 13 3 8 3 11 3 12 3 13 4 8 4 11 4 12 4 13 5 9 5 10 5 11 5 13 6 11 6 12 6 13 7 11 7 12 8 10 9 12 10 12
m14_705 14 32 0 6 0 7 0 8 0 9 0 13 1 7 1 9 1 12 1 13 2 7 2 9 2 12 2 13 3 8 3 10 3 11 3 13 4 8 4 10 4 11 4 13 5 9 5 11 5 12 5 13 6 10 6 11 6 12 7 10 7 11 8 12 9 10
m14_706 14 32 0 6 0 7 0 8 0 9 1 7 1 9 1 12 1 13 2 7 2 9 2 12 2 13 3 8 3 10 3 11 3 13 4 8 4 10 4 11 4 13 5 9 5 11 5 12 5 13 6 10 6 11 6 12 6 13 7 10 7 11 8 12 9 10
m14_707 14 31 0 6 0 7 0 8 0 12 0 13 1 7 1 9 1 11 1 13 2 7 2 11 2 12 2 13 3 8 3 9 3 10 3 13 4 8 4 10 4 12 4 13 5 10 5 11 5 12 5 13 6 9 6 10 6 11 7 10 8 11 9 12
m14_708 14 31 0 6 0 7 0 8 0 12 1 7 1 9 1 11 1 13 2 7 2 11 2 12 2 13 3 8 3 9 3 10 3 13 4 8 4 10 4 12 4 13 5 10 5 11 5 12 5 13 6 9 6 10 6 11 6 13 7 10 8 11 9 12
m14_709 14 34 0 6 0 7 0 8 0 9 0 13 1 7 1 11 1 12 1 13 2 7 2 11 2 12 2 13 3 8 3 9 3 10 3 12 3 13 4 8 4 9 4 10 4 12 4 13 5 8 5 9 5 10 5 12 5 13 6 11 6 12 7 10 8 11 9 11 10 11
m14_710 14 34 0 6 0 7 0 8 0 9 1 7 1 11 1 12 1 13 2 7 2 11 2 12 2 13 3 8 3 9 3 10 3 12 3 13 4 8 4 9 4 10 4 12 4 13 5 8 5 9 5 10 5 12 5 13 6 11 6 12 6 13 7 10 8 11 9 11 10 11
m14_711 14 34 0 6 0 7 0 8 0 9 1 7 1 11 1 12 1 13 2 7 2 11 2 12 2 13 3 8 3 9 3 10 3 12 4 8 4 9 4 10 4 12 5 8 5 9 5 10 5 12 6 11 6 12 6 13 7 10 8 11 8 13 9 11 9 13 10 11 10 13
m14_712 14 34 0 6 0 7 0 8 0 9 1 7 1 12 1 13 2 7 2 12 2 13 3 8 3 9 3 10 3 11 3 12 4 8 4 9 4 10 4 11 4 12 5 8 5 9 5 10 5 11 5 12 6 10 6 11 6 12 7 10 7 11 8 13 9 13 10 13 11 13
m14_713 14 33 0 6 0 10 0 11 1 7 1 8 1 9 1 10 1 12 2 7 2 8 2 9 2 10 2 12 3 7 3 8 3 9 3 10 3 12 4 10 4 11 4 12 5 11 5 12 5 13 6 12 6 13 7 11 7 13 8 11 8 13 9 11 9 13 10 13
m14_714 14 34 0 6 0 10 0 11 1 7 1 8 1 9 1 10 1 12 2 7 2 8 2 9 2 10 2 12 3 7 3 8 3 9 3 10 3 12 4 10 4 11 4 12 4 13 5 10 5 11 5 12 5 13 6 12 6 13 7 11 7 13 8 11 8 13 9 11 9 13
m14_715 14 32 0 6 0 7 0 9 0 12 0 13 1 6 1 7 1 9 1 12 1 13 2 8 2 9 2 10 2 13 3 8 3 9 3 10 3 13 4 11 4 12 4 13 5 11 5 12 5 13 6 10 6 11 7 10 7 11 8 11 8 12 9 11 10 12
m14_716 14 32 0 6 0 7 0 9 0 10 0 11 1 6 1 7 1 9 1 10 1 11 2 8 2 9 2 12 3 8 3 9 3 12 4 10 4 11 4 12 4 13 5 10 5 11 5 12 5 13 6 12 6 13 7 12 7 13 8 10 8 11 8 13 9 13
m14_717 14 33 0 6 0 7 0 9 0 10 0 12 1 6 1 7 1 9 1 10 1 12 2 8 2 9 2 12 2 13 3 8 3 9 3 12 3 13 4 10 4 11 4 12 4 13 5 10 5 11 5 12 5 13 6 11 6 13 7 11 7 13 8 10 8 11 9 11
m14_718 14 33 0 6 0 7 0 9 0 10 1 6 1 7 1 9 1 10 2 8 2 9 2 12 2 13 3 8 3 9 3 12 3 13 4 10 4 11 4 12 4 13 5 10 5 11 5 12 5 13 6 11 6 12 6 13 7 11 7 12 7 13 8 10 8 11 9 11
m14_719 14 36 0 6 0 7 0 8 0 9 0 10 0 13 1 6 1 7 1 8 1 9 1 10 1 13 2 8 2 9 2 10 2 12 2 13 3 8 3 9 3 10 3 12 3 13 4 10 4 11 4 12 4 13 5 10 5 11 5 12 5 13 6 11 6 12 7 11 7 12 8 11 9 11
m14_720 14 36 0 6 0 7 0 8 0 9 0 10 1 6 1 7 1 8 1 9 1 10 2 8 2 9 2 10 2 12 2 13 3 8 3 9 3 10 3 12 3 13 4 10 4 11 4 12 4 13 5 10 5 11 5 12 5 13 6 11 6 12 6 13 7 11 7 12 7 13 8 11 9 11
m14_721 14 32 0 6 0 7 0 11 0 13 1 6 1 8 1 10 1 13 2 7 2 11 2 12 2 13 3 8 3 10 3 12 3 13 4 9 4 10 4 11 4 12 4 13 5 9 5 10 5 11 5 12 5 13 6 9 6 12 7 9 7 10 8 9 8 11
m14_722 14 30 0 6 0 7 0 12 0 13 1 6 1 11 1 12 1 13 2 7 2 9 2 12 2 13 3 8 3 10 3 12 4 8 4 10 4 12 5 9 5 11 5 12 5 13 6 9 6 10 7 10 7 11 8 9 8 11 8 13 10 13
m14_723 14 30 0 6 0 7 0 11 0 13 1 6 1 10 1 11 1 13 2 7 2 9 2 11 2 13 3 8 3 12 3 13 4 8 4 12 4 13 5 9 5 10 5 11 5 12 5 13 6 9 6 12 7 10 7 12 8 9 8 10 8 11
m14_724 14 32 0 6 0 7 0 9 0 12 1 6 1 9 1 11 1 12 2 7 2 8 2 9 2 10 2 12 3 8 3 10 3 12 3 13 4 10 4 11 4 12 4 13 5 10 5 11 5 12 5 13 6 8 6 10 6 13 7 11 7 13 8 11 9 13
m14_725 14 30 0 6 0 7 0 9 0 11 0 12 1 6 1 9 1 10 1 12 2 7 2 8 2 9 2 12 3 8 3 10 3 12 3 13 4 11 4 12 4 13 5 11 5 12 5 13 6 8 6 13 7 10 7 13 8 11 9 13 10 11
m14_726 14 32 0 6 0 7 0 9 0 11 0 12 1 6 1 9 1 10 1 11 1 12 2 7 2 8 2 9 2 12 3 8 3 10 3 12 3 13 4 10 4 11 4 12 4 13 5 10 5 11 5 12 5 13 6 8 6 13 7 10 7 13 8 11 9 13
m14_727 14 32 0 6 0 7 0 9 0 12 1 6 1 9 1 10 1 11 1 12 2 7 2 8 2 9 2 12 3 8 3 10 3 12 3 13 4 10 4 11 4 12 4 13 5 10 5 11 5 12 5 13 6 8 6 13 7 10 7 11 7 13 8 11 9 13
m14_728 14 32 0 6 0 7 0 9 0 10 0 12 1 6 1 9 1 10 1 11 1 12 2 7 2 8 2 9 2 12 3 8 3 12 3 13 4 10 4 11 4 12 4 13 5 10 5 11 5 12 5 13 6 8 6 13 7 11 7 13 8 10 8 11 9 13
m14_729 14 33 0 6 0 7 0 9 0 11 0 12 1 6 1 9 1 10 1 11 1 12 2 7 2 8 2 9 2 11 2 12 3 8 3 11 3 12 3 13 4 10 4 11 4 12 4 13 5 10 5 11 5 12 5 13 6 8 6 13 7 10 7 13 8 10 9 13
m14_730 14 32 0 6 0 7 0 9 0 12 1 6 1 9 1 10 1 11 1 12 2 7 2 8 2 9 2 12 3 8 3 12 3 13 4 10 4 11 4 12 4 13 5 10 5 11 5 12 5 13 6 8 6 13 7 10 7 11 7 13 8 10 8 11 9 13
m14_731 14 34 0 6 0 7 0 11 0 13 1 6 1 11 1 12 1 13 2 7 2 9 2 10 2 11 2 13 3 8 3 9 3 10 3 12 3 13 4 8 4 9 4 10 4 12 4 13 5 9 5 10 5 11 5 12 5 13 6 8 6 9 6 10 7 8 7 12 8 11
m14_732 14 36 0 6 0 7 0 12 0 13 1 6 1 11 1 12 1 13 2 7 2 10 2 12 2 13 3 8 3 9 3 10 3 11 3 12 3 13 4 8 4 9 4 10 4 11 4 12 4 13 5 8 5 9 5 10 5 11 5 12 5 13 6 8 6 9 6 10 7 8 7 9 7 11
m14_733 14 32 0 6 0 9 0 12 0 13 1 6 1 9 1 12 1 13 2 7 2 8 2 9 2 12 3 7 3 8 3 10 3 12 4 10 4 11 4 12 4 13 5 10 5 11 5 12 5 13 6 8 6 10 6 11 7 11 7 13 8 13 9 10 9 11
m14_734 14 31 0 6 0 7 0 8 0 11 1 6 1 9 1 10 1 11 2 7 2 10 2 11 2 12 3 7 3 10 3 11 3 12 4 8 4 9 4 12 4 13 5 8 5 9 5 12 5 13 6 12 6 13 7 9 7 13 8 10 10 13 11 13
m14_735 14 33 0 6 0 7 0 8 0 12 0 13 1 6 1 9 1 10 1 12 1 13 2 7 2 10 2 11 2 12 2 13 3 7 3 10 3 11 3 12 3 13 4 8 4 9 4 11 4 12 4 13 5 8 5 9 5 11 5 12 5 13 6 11 7 9 8 10
m14_736 14 32 0 6 0 7 0 8 0 13 1 6 1 9 1 10 1 13 2 7 2 10 2 11 2 12 2 13 3 7 3 10 3 11 3 12 3 13 4 8 4 9 4 11 4 12 4 13 5 8 5 9 5 11 5 12 5 13 6 11 6 12 7 9 8 10
m14_737 14 31 0 6 0 7 0 8 1 6 1 9 1 10 2 7 2 10 2 11 2 12 2 13 3 7 3 10 3 11 3 12 3 13 4 8 4 9 4 11 4 12 4 13 5 8 5 9 5 11 5 12 5 13 6 11 6 12 6 13 7 9 8 10
m14_738 14 31 0 6 0 7 0 8 1 6 1 9 1 10 2 7 2 10 2 11 2 12 2 13 3 7 3 10 3 11 3 12 3 13 4 8 4 9 4 11 4 12 5 8 5 9 5 11 5 12 6 11 6 12 6 13 7 9 8 10 8 13 9 13
m14_739 14 33 0 6 0 12 0 13 1 6 1 12 1 13 2 7 2 8 2 9 2 10 2 12 3 7 3 8 3 9 3 10 3 12 4 7 4 8 4 9 4 10 4 12 5 10 5 11 5 12 5 13 6 10 6 11 7 11 7 13 8 11 8 13 9 11 9 13
m14_740 14 34 0 6 0 10 0 11 0 12 1 6 1 10 1 11 1 12 2 7 2 8 2 9 2 10 2 11 3 7 3 8 3 9 3 10 3 11 4 7 4 8 4 9 4 10 4 11 5 9 5 12 5 13 6 9 6 13 7 12 7 13 8 12 8 13 10 13 11 13
m14_741 14 31 0 5 0 7 0 8 0 11 0 13 1 6 1 7 1 8 1 9 2 7 2 9 2 10 2 11 3 8 3 11 3 12 3 13 4 9 4 10 4 11 4 12 5 9 5 10 5 12 6 11 6 12 6 13 7 12 8 10 9 13 10 13
m14_742 14 33 0 5 0 7 0 8 0 11 0 13 1 6 1 7 1 8 1 9 1 13 2 7 2 9 2 11 2 12 2 13 3 8 3 9 3 10 3 11 3 13 4 9 4 10 4 11 4 12 4 13 5 9 5 10 5 12 6 10 6 11 6 12 7 10 8 12
m14_743 14 33 0 5 0 7 0 8 0 11 1 6 1 7 1 8 1 9 2 7 2 9 2 11 2 12 2 13 3 8 3 9 3 10 3 11 3 13 4 9 4 10 4 11 4 12 4 13 5 9 5 10 5 12 5 13 6 10 6 11 6 12 6 13 7 10 8 12
m14_744 14 33 0 5 0 7 0 9 0 11 1 6 1 7 1 8 1 9 1 13 2 7 2 9 2 11 2 12 2 13 3 8 3 9 3 10 3 12 3 13 4 9 4 10 4 11 4 12 4 13 5 8 5 10 5 12 5 13 6 10 6 11 6 12 7 10 8 11
m14_745 14 33 0 5 0 7 0 9 0 11 0 13 1 6 1 7 1 8 1 9 2 7 2 9 2 11 2 12 2 13 3 8 3 9 3 10 3 12 3 13 4 9 4 10 4 11 4 12 4 13 5 8 5 10 5 12 6 10 6 11 6 12 6 13 7 10 8 11
m14_746 14 33 0 5 0 7 0 9 0 11 1 6 1 7 1 8 1 9 2 7 2 9 2 11 2 12 3 8 3 9 3 10 3 12 3 13 4 9 4 10 4 11 4 12 4 13 5 8 5 10 5 12 5 13 6 10 6 11 6 12 6 13 7 10 7 13 8 11
m14_747 14 33 0 5 0 7 0 9 0 11 0 13 1 6 1 7 1 8 1 9 2 7 2 9 2 11 2 12 2 13 3 8 3 9 3 10 3 12 4 9 4 10 4 11 4 12 4 13 5 8 5 10 5 12 6 10 6 11 6 12 6 13 7 10 8 11 8 13
m14_748 14 31 0 5 0 7 0 8 0 12 1 6 1 8 1 9 1 10 2 7 2 8 2 10 2 12 3 7 3 10 3 11 3 12 4 9 4 11 4 12 4 13 5 9 5 10 5 11 6 11 6 12 6 13 7 9 7 13 8 11 8 13 10 13
m14_749 14 32 0 5 0 7 0 8 0 11 1 6 1 8 1 9 1 12 2 7 2 8 2 11 2 12 3 7 3 10 3 11 3 12 4 9 4 10 4 11 4 12 4 13 5 9 5 10 5 12 5 13 6 10 6 11 6 13 7 9 7 13 8 10 8 13
m14_750 14 33 0 5 0 7 0 9 0 10 1 6 1 8 1 9 2 7 2 9 2 10 2 11 2 12 3 7 3 9 3 10 3 11 3 12 4 8 4 10 4 11 4 12 4 13 5 8 5 11 5 12 5 13 6 10 6 11 6 12 6 13 7 8 7 13 9 13
m14_751 14 33 0 5 0 6 0 8 0 9 0 13 1 6 1 7 1 9 1 11 1 13 2 7 2 9 2 11 2 12 2 13 3 8 3 9 3 11 3 12 3 13 4 8 4 10 4 11 4 12 4 13 5 10 5 11 5 12 6 10 6 12 7 8 7 10 9 10
m14_752 14 33 0 5 0 6 0 8 0 9 1 6 1 7 1 9 1 11 1 13 2 7 2 9 2 11 2 12 2 13 3 8 3 9 3 11 3 12 3 13 4 8 4 10 4 11 4 12 4 13 5 10 5 11 5 12 5 13 6 10 6 12 7 8 7 10 9 10
m14_753 14 32 0 5 0 6 0 8 0 11 0 13 1 6 1 7 1 9 1 11 2 7 2 9 2 10 2 11 3 8 3 9 3 10 3 11 3 12 4 8 4 11 4 12 4 13 5 9 5 10 5 12 6 10 6 12 7 8 7 12 7 13 9 13 10 13
m14_754 14 32 0 5 0 8 0 9 0 12 1 6 1 7 1 9 1 10 2 6 2 7 2 9 2 10 3 8 3 9 3 11 3 12 4 10 4 11 4 12 4 13 5 10 5 11 5 13 6 11 6 12 6 13 7 11 7 12 7 13 8 10 8 13 9 13
m14_755 14 32 0 5 0 7 0 8 0 10 1 6 1 7 1 10 1 12 2 6 2 10 2 11 2 12 3 7 3 8 3 9 3 10 3 12 4 8 4 9 4 11 4 12 4 13 5 9 5 11 5 12 5 13 6 8 6 9 6 13 7 11 7 13 10 13
m14_756 14 32 0 5 0 7 0 8 0 11 0 13 1 6 1 8 1 11 1 12 1 13 2 6 2 10 2 11 2 12 2 13 3 7 3 9 3 10 3 11 3 13 4 8 4 9 4 11 4 12 4 13 5 9 5 10 5 12 6 7 6 9 7 12 8 10
m14_757 14 32 0 5 0 7 0 8 0 11 1 6 1 8 1 11 1 12 1 13 2 6 2 10 2 11 2 12 2 13 3 7 3 9 3 10 3 11 3 13 4 8 4 9 4 11 4 12 4 13 5 9 5 10 5 12 5 13 6 7 6 9 7 12 8 10
m14_758 14 34 0 5 0 6 0 8 0 10 0 11 1 5 1 6 1 8 1 10 1 11 2 7 2 10 2 11 2 12 2 13 3 7 3 10 3 11 3 12 3 13 4 8 4 9 4 10 4 11 4 12 5 9 5 12 5 13 6 9 6 12 6 13 7 8 7 9 8 13
m14_759 14 29 0 8 0 10 0 11 1 9 1 10 1 13 2 9 2 10 2 13 3 11 3 12 3 13 4 11 4 12 4 13 5 11 5 12 5 13 6 11 6 12 6 13 7 11 7 12 7 13 8 12 8 13 9 11 9 12 10 12
m14_760 14 29 0 8 0 10 0 11 1 9 1 10 1 13 2 9 2 10 2 13 3 10 3 11 3 13 4 11 4 12 4 13 5 11 5 12 5 13 6 11 6 12 6 13 7 11 7 12 7 13 8 12 8 13 9 11 9 12 10 12
m14_761 14 29 0 8 0 10 0 13 1 9 1 12 1 13 2 9 2 12 2 13 3 10 3 11 3 13 4 11 4 12 4 13 5 11 5 12 5 13 6 11 6 12 6 13 7 11 7 12 7 13 8 11 8 12 9 10 9 11 10 12
m14_762 14 29 0 8 0 10 0 13 1 9 1 12 1 13 2 9 2 12 2 13 3 10 3 11 3 13 4 10 4 11 4 13 5 11 5 12 5 13 6 11 6 12 6 13 7 11 7 12 7 13 8 11 8 12 9 10 9 11 10 12
m14_763 14 29 0 8 0 10 0 13 1 9 1 11 1 13 2 9 2 11 2 13 3 10 3 12 3 13 4 10 4 12 4 13 5 10 5 12 5 13 6 11 6 12 6 13 7 11 7 12 7 13 8 11 8 12 9 10 9 12 10 11
m14_764 14 33 0 8 0 10 0 12 1 9 1 12 1 13 2 9 2 12 2 13 3 10 3 11 3 12 3 13 4 10 4 11 4 12 4 13 5 10 5 11 5 12 5 13 6 10 6 11 6 12 6 13 7 10 7 11 7 12 7 13 8 11 8 13 9 10 9 11
m14_765 14 29 0 8 0 10 0 11 1 9 1 10 1 13 2 9 2 10 2 13 3 9 3 10 3 13 4 11 4 12 4 13 5 11 5 12 5 13 6 11 6 12 6 13 7 11 7 12 7 13 8 12 8 13 9 11 9 12 10 12
m14_766 14 29 0 8 0 10 0 13 1 9 1 12 1 13 2 9 2 12 2 13 3 9 3 12 3 13 4 10 4 11 4 13 5 10 5 11 5 13 6 11 6 12 6 13 7 11 7 12 7 13 8 11 8 12 9 10 9 11 10 12
m14_767 14 29 0 8 0 10 0 13 1 9 1 11 1 13 2 9 2 11 2 13 3 9 3 11 3 13 4 10 4 12 4 13 5 10 5 12 5 13 6 10 6 12 6 13 7 11 7 12 7 13 8 11 8 12 9 10 9 12 10 11
m14_768 14 32 0 8 0 10 0 12 1 9 1 12 1 13 2 9 2 12 2 13 3 9 3 12 3 13 4 10 4 11 4 12 4 13 5 10 5 11 5 12 5 13 6 10 6 11 6 12 6 13 7 10 7 11 7 12 7 13 8 11 8 13 9 10 9 11
m14_769 14 29 0 8 0 12 0 13 1 8 1 12 1 13 2 9 2 10 2 13 3 9 3 10 3 13 4 9 4 10 4 13 5 11 5 12 5 13 6 11 6 12 6 13 7 11 7 12 7 13 8 10 8 11 9 11 9 12 10 12
m14_770 14 29 0 8 0 12 0 13 1 8 1 12 1 13 2 9 2 11 2 13 3 9 3 11 3 13 4 9 4 11 4 13 5 10 5 11 5 13 6 10 6 12 6 13 7 10 7 12 7 13 8 10 8 11 9 10 9 12 11 12
m14_771 14 31 0 8 0 11 0 13 1 8 1 11 1 13 2 9 2 12 2 13 3 9 3 12 3 13 4 9 4 12 4 13 5 10 5 11 5 12 5 13 6 10 6 11 6 12 6 13 7 10 7 11 7 12 7 13 8 10 8 12 9 10 9 11
m14_772 14 29 0 8 0 11 0 12 1 8 1 11 1 12 2 9 2 11 2 13 3 9 3 11 3 13 4 9 4 11 4 13 5 10 5 12 5 13 6 10 6 12 6 13 7 10 7 12 7 13 8 10 8 13 9 10 9 12 10 11
m14_773 14 33 0 8 0 9 0 10 0 11 0 13 1 8 1 9 1 10 1 11 1 13 2 8 2 9 2 10 2 11 2 13 3 11 3 12 3 13 4 11 4 12 4 13 5 11 5 12 5 13 6 11 6 12 6 13 7 11 7 12 7 13 8 12 9 12 10 12
m14_774 14 32 0 8 0 9 0 10 0 13 1 8 1 9 1 10 1 13 2 8 2 9 2 10 2 13 3 10 3 11 3 13 4 11 4 12 4 13 5 11 5 12 5 13 6 11 6 12 6 13 7 11 7 12 7 13 8 11 8 12 9 11 9 12 10 12
m14_775 14 30 0 8 0 9 0 10 0 13 1 8 1 9 1 11 1 13 2 8 2 9 2 11 2 13 3 10 3 12 3 13 4 10 4 12 4 13 5 11 5 12 5 13 6 11 6 12 6 13 7 11 7 12 7 13 8 12 9 12 10 11
m14_776 14 30 0 8 0 9 0 10 0 13 1 8 1 9 1 11 1 13 2 8 2 9 2 11 2 13 3 10 3 12 3 13 4 10 4 12 4 13 5 10 5 12 5 13 6 11 6 12 6 13 7 11 7 12 7 13 8 12 9 12 10 11
m14_777 14 32 0 8 0 9 0 11 0 13 1 8 1 9 1 11 1 13 2 8 2 9 2 11 2 13 3 10 3 12 3 13 4 10 4 12 4 13 5 10 5 12 5 13 6 11 6 12 6 13 7 11 7 12 7 13 8 10 8 12 9 10 9 12 10 11
m14_778 14 37 0 8 0 9 0 11 0 12 0 13 1 8 1 9 1 11 1 12 1 13 2 8 2 9 2 11 2 12 2 13 3 10 3 11 3 12 3 13 4 10 4 11 4 12 4 13 5 10 5 11 5 12 5 13 6 10 6 11 6 12 6 13 7 10 7 11 7 12 7 13 8 10 9 10
m14_779 14 36 0 8 0 9 0 12 0 13 1 8 1 9 1 12 1 13 2 8 2 9 2 12 2 13 3 10 3 11 3 12 3 13 4 10 4 11 4 12 4 13 5 10 5 11 5 12 5 13 6 10 6 11 6 12 6 13 7 10 7 11 7 12 7 13 8 10 8 11 9 10 9 11
m14_780 14 35 0 8 0 9 0 13 1 8 1 9 1 13 2 8 2 9 2 13 3 10 3 11 3 12 3 13 4 10 4 11 4 12 4 13 5 10 5 11 5 12 5 13 6 10 6 11 6 12 6 13 7 10 7 11 7 12 7 13 8 10 8 11 8 12 9 10 9 11 9 12
m14_781 14 27 0 8 0 9 0 10 1 8 1 9 1 10 2 8 2 12 2 13 3 8 3 12 3 13 4 9 4 11 4 13 5 9 5 11 5 13 6 10 6 11 6 12 7 10 7 11 7 12 8 11 9 12 10 13
m14_782 14 34 0 8 0 9 0 12 0 13 1 8 1 9 1 12 1 13 2 8 2 11 2 12 2 13 3 8 3 11 3 12 3 13 4 9 4 10 4 12 4 13 5 9 5 10 5 12 5 13 6 10 6 11 6 12 6 13 7 10 7 11 7 12 7 13 8 10 9 11
m14_783 14 48 0 8 0 9 0 10 0 11 0 12 0 13 1 8 1 9 1 10 1 11 1 12 1 13 2 8 2 9 2 10 2 11 2 12 2 13 3 8 3 9 3 10 3 11 3 12 3 13 4 8 4 9 4 10 4 11 4 12 4 13 5 8 5 9 5 10 5 11 5 12 5 13 6 8 6 9 6 10 6 11 6 12 6 13 7 8 7 9 7 10 7 11 7 12 7 13
m14_784 14 33 0 7 0 8 0 10 0 11 0 13 1 8 1 9 1 10 1 11 2 10 2 11 2 12 2 13 3 10 3 11 3 12 3 13 4 10 4 11 4 12 4 13 5 10 5 11 5 12 5 13 6 10 6 11 6 12 6 13 7 9 7 12 8 12 9 13
m14_785 14 33 0 7 0 8 0 10 1 8 1 9 1 10 1 11 2 10 2 11 2 12 2 13 3 10 3 11 3 12 3 13 4 10 4 11 4 12 4 13 5 10 5 11 5 12 5 13 6 10 6 11 6 12 6 13 7 9 7 11 7 13 8 12 8 13 9 12
m14_786 14 33 0 7 0 8 0 10 1 8 1 9 1 10 1 11 2 10 2 11 2 12 2 13 3 10 3 11 3 12 3 13 4 10 4 11 4 12 4 13 5 10 5 11 5 12 5 13 6 10 6 11 6 12 6 13 7 9 7 11 8 12 8 13 9 12 9 13
m14_787 14 30 0 7 0 10 0 11 1 8 1 9 1 10 1 13 2 8 2 9 2 10 2 13 3 10 3 11 3 13 4 11 4 12 4 13 5 11 5 12 5 13 6 11 6 12 6 13 7 12 7 13 8 11 8 12 9 11 9 12 10 12
m14_788 14 30 0 7 0 10 0 13 1 8 1 9 1 10 1 12 2 8 2 9 2 10 2 12 3 10 3 12 3 13 4 10 4 12 4 13 5 11 5 12 5 13 6 11 6 12 6 13 7 11 7 12 8 11 8 13 9 11 9 13 10 11
m14_789 14 33 0 7 0 10 0 11 1 8 1 9 1 10 1 12 2 8 2 9 2 10 2 12 3 10 3 11 3 12 3 13 4 10 4 11 4 12 4 13 5 10 5 11 5 12 5 13 6 10 6 11 6 12 6 13 7 12 7 13 8 11 8 13 9 11 9 13
m14_790 14 31 0 7 0 9 0 10 0 11 1 8 1 9 1 10 1 13 2 8 2 9 2 10 2 13 3 9 3 10 3 11 3 13 4 11 4 12 4 13 5 11 5 12 5 13 6 11 6 12 6 13 7 12 7 13 8 11 8 12 9 12 10 12
m14_791 14 32 0 7 0 9 0 10 0 11 1 8 1 9 1 13 2 8 2 9 2 13 3 9 3 10 3 11 3 13 4 10 4 11 4 12 4 13 5 10 5 11 5 12 5 13 6 10 6 11 6 12 6 13 7 12 7 13 8 10 8 11 8 12 9 12
m14_792 14 33 0 7 0 9 0 10 0 12 1 8 1 9 1 12 1 13 2 8 2 9 2 12 2 13 3 9 3 10 3 12 3 13 4 10 4 11 4 12 4 13 5 10 5 11 5 12 5 13 6 10 6 11 6 12 6 13 7 11 7 13 8 10 8 11 9 11
m14_793 14 33 0 7 0 9 0 10 1 8 1 9 1 12 1 13 2 8 2 9 2 12 2 13 3 9 3 10 3 12 3 13 4 10 4 11 4 12 4 13 5 10 5 11 5 12 5 13 6 10 6 11 6 12 6 13 7 11 7 12 7 13 8 10 8 11 9 11
m14_794 14 32 0 7 0 9 0 10 1 8 1 9 1 13 2 8 2 9 2 13 3 9 3 10 3 12 3 13 4 10 4 11 4 12 4 13 5 10 5 11 5 12 5 13 6 10 6 11 6 12 6 13 7 11 7 12 7 13 8 10 8 11 8 12 9 11
m14_795 14 32 0 7 0 9 0 12 1 8 1 9 1 13 2 8 2 9 2 13 3 9 3 12 3 13 4 10 4 11 4 12 4 13 5 10 5 11 5 12 5 13 6 10 6 11 6 12 6 13 7 10 7 11 7 13 8 10 8 11 8 12 9 10 9 11
m14_796 14 29 0 7 0 10 0 13 1 8 1 12 1 13 2 8 2 12 2 13 3 9 3 11 3 13 4 9 4 11 4 13 5 10 5 11 5 12 5 13 6 10 6 11 6 12 6 13 7 11 7 12 8 10 8 11 9 10 9 12
m14_797 14 31 0 7 0 8 0 9 0 13 1 8 1 9 1 10 1 13 2 8 2 9 2 10 2 13 3 9 3 10 3 12 3 13 4 11 4 12 4 13 5 11 5 12 5 13 6 11 6 12 6 13 7 10 7 12 8 11 8 12 9 11 10 11
m14_798 14 34 0 7 0 8 0 9 0 12 1 8 1 9 1 12 1 13 2 8 2 9 2 12 2 13 3 9 3 11 3 12 3 13 4 10 4 11 4 12 4 13 5 10 5 11 5 12 5 13 6 10 6 11 6 12 6 13 7 10 7 11 7 13 8 10 8 11 9 10
m14_799 14 33 0 7 0 8 0 11 0 12 1 8 1 9 1 12 1 13 2 8 2 11 2 12 2 13 3 9 3 10 3 12 3 13 4 10 4 11 4 12 4 13 5 10 5 11 5 12 5 13 6 10 6 11 6 12 6 13 7 9 7 10 7 13 8 10 9 11
m14_800 14 35 0 7 0 9 0 11 0 12 1 8 1 11 1 12 1 13 2 8 2 11 2 12 2 13 3 8 3 11 3 12 3 13 4 9 4 10 4 11 4 12 4 13 5 9 5 10 5 11 5 12 5 13 6 9 6 10 6 11 6 12 6 13 7 10 7 13 8 9 8 10
m14_801 14 34 0 7 0 8 0 9 0 10 0 13 1 8 1 9 1 10 1 12 1 13 2 8 2 9 2 10 2 12 2 13 3 8 3 9 3 10 3 12 3 13 4 11 4 12 4 13 5 11 5 12 5 13 6 11 6 12 6 13 7 11 7 12 8 11 9 11 10 11
m14_802 14 31 0 7 0 8 0 9 0 11 0 13 1 8 1 9 1 10 1 13 2 8 2 9 2 10 2 13 3 8 3 9 3 10 3 13 4 11 4 12 4 13 5 11 5 12 5 13 6 11 6 12 6 13 7 10 7 12 8 12 9 12 10 11
m14_803 14 31 0 7 0 8 0 9 0 11 1 8 1 9 1 10 1 13 2 8 2 9 2 10 2 13 3 8 3 9 3 10 3 13 4 11 4 12 4 13 5 11 5 12 5 13 6 11 6 12 6 13 7 10 7 12 7 13 8 12 9 12 10 11
m14_804 14 33 0 7 0 8 0 9 0 13 1 8 1 9 1 10 1 12 1 13 2 8 2 9 2 10 2 12 2 13 3 8 3 9 3 10 3 12 3 13 4 11 4 12 4 13 5 11 5 12 5 13 6 11 6 12 6 13 7 10 7 12 8 11 9 11 10 11
m14_805 14 36 0 7 0 8 0 9 0 11 0 12 1 8 1 9 1 11 1 12 1 13 2 8 2 9 2 11 2 12 2 13 3 8 3 9 3 11 3 12 3 13 4 10 4 11 4 12 4 13 5 10 5 11 5 12 5 13 6 10 6 11 6 12 6 13 7 10 7 13 8 10 9 10
m14_806 14 36 0 7 0 8 0 9 0 11 1 8 1 9 1 11 1 12 1 13 2 8 2 9 2 11 2 12 2 13 3 8 3 9 3 11 3 12 3 13 4 10 4 11 4 12 4 13 5 10 5 11 5 12 5 13 6 10 6 11 6 12 6 13 7 10 7 12 7 13 8 10 9 10
m14_807 14 35 0 7 0 8 0 9 0 12 1 8 1 9 1 12 1 13 2 8 2 9 2 12 2 13 3 8 3 9 3 12 3 13 4 10 4 11 4 12 4 13 5 10 5 11 5 12 5 13 6 10 6 11 6 12 6 13 7 10 7 11 7 13 8 10 8 11 9 10 9 11
m14_808 14 30 0 7 0 8 0 10 0 11 1 7 1 8 1 10 1 11 2 9 2 10 2 13 3 9 3 10 3 13 4 11 4 12 4 13 5 11 5 12 5 13 6 11 6 12 6 13 7 12 7 13 8 12 8 13 9 11 9 12 10 12
m14_809 14 30 0 7 0 8 0 10 0 12 1 7 1 8 1 10 1 12 2 9 2 12 2 13 3 9 3 12 3 13 4 10 4 11 4 12 5 11 5 12 5 13 6 11 6 12 6 13 7 11 7 13 8 11 8 13 9 10 9 11 10 13
m14_810 14 30 0 7 0 8 0 10 0 13 1 7 1 8 1 10 1 13 2 9 2 11 2 13 3 9 3 11 3 13 4 10 4 12 4 13 5 10 5 12 5 13 6 11 6 12 6 13 7 11 7 12 8 11 8 12 9 10 9 12 10 11
m14_811 14 32 0 7 0 8 0 10 0 12 1 7 1 8 1 10 1 12 2 9 2 12 2 13 3 9 3 12 3 13 4 10 4 11 4 12 4 13 5 10 5 11 5 12 5 13 6 10 6 11 6 12 6 13 7 11 7 13 8 11 8 13 9 10 9 11
m14_812 14 39 0 7 0 8 0 9 0 11 0 12 0 13 1 7 1 8 1 9 1 11 1 12 1 13 2 9 2 10 2 11 2 12 2 13 3 9 3 10 3 11 3 12 3 13 4 9 4 10 4 11 4 12 4 13 5 9 5 10 5 11 5 12 5 13 6 9 6 10 6 11 6 12 6 13 7 10 8 10
m14_813 14 39 0 7 0 8 0 9 0 11 0 13 1 7 1 8 1 9 1 11 1 13 2 9 2 10 2 11 2 12 2 13 3 9 3 10 3 11 3 12 3 13 4 9 4 10 4 11 4 12 4 13 5 9 5 10 5 11 5 12 5 13 6 9 6 10 6 11 6 12 6 13 7 10 7 12 8 10 8 12
m14_814 14 31 0 7 0 8 0 10 0 13 1 7 1 9 1 12 1 13 2 8 2 9 2 11 2 13 3 9 3 11 3 12 3 13 4 10 4 11 4 12 4 13 5 10 5 11 5 12 5 13 6 10 6 11 6 12 6 13 7 11 8 12 9 10
m14_815 14 33 0 7 0 8 0 10 0 13 1 7 1 10 1 12 1 13 2 8 2 10 2 11 2 13 3 9 3 11 3 12 3 13 4 9 4 11 4 12 4 13 5 10 5 11 5 12 5 13 6 10 6 11 6 12 6 13 7 9 7 11 8 9 8 12 9 10
m14_816 14 31 0 7 0 8 0 9 0 13 1 7 1 10 1 11 1 13 2 8 2 9 2 12 2 13 3 8 3 11 3 12 3 13 4 9 4 10 4 12 4 13 5 10 5 11 5 12 5 13 6 10 6 11 6 12 6 13 7 12 8 10 9 11
m14_817 14 31 0 7 0 8 0 13 1 7 1 12 1 13 2 8 2 9 2 10 2 13 3 8 3 9 3 10 3 13 4 9 4 10 4 11 4 13 5 11 5 12 5 13 6 11 6 12 6 13 7 9 7 10 7 11 8 11 8 12 9 12 10 12
m14_818 14 31 0 7 0 8 0 12 0 13 1 7 1 11 1 12 1 13 2 8 2 9 2 13 3 8 3 9 3 13 4 9 4 10 4 11 4 13 5 10 5 11 5 12 5 13 6 10 6 11 6 12 6 13 7 9 7 10 8 10 8 11 9 12
m14_819 14 35 0 7 0 8 0 12 0 13 1 7 1 10 1 12 1 13 2 8 2 11 2 12 2 13 3 8 3 11 3 12 3 13 4 9 4 10 4 11 4 12 4 13 5 9 5 10 5 11 5 12 5 13 6 9 6 10 6 11 6 12 6 13 7 9 7 11 8 9 8 10
m14_820 14 34 0 7 0 8 0 13 1 7 1 10 1 13 2 8 2 11 2 12 2 13 3 8 3 11 3 12 3 13 4 9 4 10 4 11 4 12 4 13 5 9 5 10 5 11 5 12 5 13 6 9 6 10 6 11 6 12 6 13 7 9 7 11 7 12 8 9 8 10
m14_821 14 30 0 7 0 9 0 10 0 13 1 7 1 9 1 12 1 13 2 8 2 9 2 10 2 13 3 8 3 10 3 11 3 13 4 11 4 12 4 13 5 11 5 12 5 13 6 11 6 12 6 13 7 8 7 11 8 12 9 11 10 12
m14_822 14 31 0 7 0 9 0 10 0 13 1 7 1 9 1 10 1 13 2 8 2 9 2 10 2 13 3 8 3 10 3 11 3 13 4 11 4 12 4 13 5 11 5 12 5 13 6 11 6 12 6 13 7 8 7 11 8 12 9 11 9 12 10 12
m14_823 14 33 0 7 0 9 0 12 0 13 1 7 1 9 1 12 1 13 2 8 2 9 2 11 2 13 3 8 3 10 3 11 3 13 4 10 4 11 4 12 4 13 5 10 5 11 5 12 5 13 6 10 6 11 6 12 6 13 7 8 7 10 7 11 8 12 9 10
m14_824 14 34 0 7 0 9 0 11 0 12 0 13 1 7 1 9 1 11 1 12 1 13 2 8 2 9 2 12 2 13 3 8 3 10 3 12 3 13 4 10 4 11 4 12 4 13 5 10 5 11 5 12 5 13 6 10 6 11 6 12 6 13 7 8 7 10 8 11 9 10
m14_825 14 33 0 7 0 9 0 11 0 12 0 13 1 7 1 9 1 11 1 12 1 13 2 8 2 9 2 13 3 8 3 10 3 13 4 10 4 11 4 12 4 13 5 10 5 11 5 12 5 13 6 10 6 11 6 12 6 13 7 8 7 10 8 11 8 12 9 10
m14_826 14 33 0 7 0 9 0 12 0 13 1 7 1 9 1 12 1 13 2 8 2 9 2 13 3 8 3 10 3 11 3 13 4 10 4 11 4 12 4 13 5 10 5 11 5 12 5 13 6 10 6 11 6 12 6 13 7 8 7 10 7 11 8 12 9 10 9 11
m14_827 14 33 0 7 0 9 0 12 0 13 1 7 1 9 1 12 1 13 2 8 2 9 2 12 2 13 3 8 3 11 3 12 3 13 4 10 4 11 4 12 4 13 5 10 5 11 5 12 5 13 6 10 6 11 6 12 6 13 7 8 7 11 8 10 9 10 9 11
m14_828 14 32 0 7 0 9 0 13 1 7 1 9 1 13 2 8 2 9 2 12 2 13 3 8 3 11 3 12 3 13 4 10 4 11 4 12 4 13 5 10 5 11 5 12 5 13 6 10 6 11 6 12 6 13 7 8 7 11 7 12 8 10 9 10 9 11
m14_829 14 32 0 7 0 9 0 12 0 13 1 7 1 9 1 12 1 13 2 8 2 9 2 13 3 8 3 11 3 13 4 10 4 11 4 12 4 13 5 10 5 11 5 12 5 13 6 10 6 11 6 12 6 13 7 8 7 11 8 10 8 12 9 10 9 11
m14_830 14 32 0 7 0 9 0 13 1 7 1 9 1 13 2 8 2 9 2 13 3 8 3 11 3 12 3 13 4 10 4 11 4 12 4 13 5 10 5 11 5 12 5 13 6 10 6 11 6 12 6 13 7 8 7 11 7 12 8 10 9 10 9 11 9 12
m14_831 14 33 0 7 0 10 0 11 0 13 1 7 1 10 1 11 1 13 2 8 2 9 2 12 2 13 3 8 3 9 3 12 3 13 4 8 4 11 4 12 4 13 5 9 5 10 5 12 5 13 6 10 6 11 6 12 6 13 7 8 7 9 7 12 8 10 9 11
m14_832 14 34 0 7 0 10 0 11 0 12 0 13 1 7 1 10 1 11 1 12 1 13 2 8 2 9 2 12 2 13 3 8 3 11 3 12 3 13 4 8 4 11 4 12 4 13 5 9 5 10 5 12 5 13 6 9 6 10 6 12 6 13 7 8 7 9 8 10 9 11
m14_833 14 33 0 7 0 10 0 11 0 13 1 7 1 10 1 11 1 13 2 8 2 9 2 12 2 13 3 8 3 11 3 12 3 13 4 8 4 11 4 12 4 13 5 9 5 10 5 12 5 13 6 9 6 10 6 12 6 13 7 8 7 9 7 12 8 10 9 11
m14_834 14 34 0 7 0 8 0 9 0 10 0 12 1 7 1 8 1 9 1 10 1 12 2 7 2 8 2 9 2 10 2 12 3 10 3 12 3 13 4 10 4 12 4 13 5 11 5 12 5 13 6 11 6 12 6 13 7 11 7 13 8 11 8 13 9 11 9 13 10 11
m14_835 14 37 0 7 0 8 0 9 0 10 0 12 0 13 1 7 1 8 1 9 1 10 1 12 1 13 2 7 2 8 2 9 2 10 2 12 2 13 3 10 3 11 3 12 3 13 4 10 4 11 4 12 4 13 5 10 5 11 5 12 5 13 6 10 6 11 6 12 6 13 7 11 8 11 9 11
m14_836 14 37 0 7 0 8 0 9 0 10 0 12 1 7 1 8 1 9 1 10 1 12 2 7 2 8 2 9 2 10 2 12 3 10 3 11 3 12 3 13 4 10 4 11 4 12 4 13 5 10 5 11 5 12 5 13 6 10 6 11 6 12 6 13 7 11 7 13 8 11 8 13 9 11 9 13
m14_837 14 32 0 7 0 8 0 9 0 13 1 7 1 8 1 9 1 13 2 7 2 9 2 10 2 11 2 13 3 8 3 12 3 13 4 10 4 11 4 12 4 13 5 10 5 11 5 12 5 13 6 10 6 11 6 12 6 13 7 12 8 10 8 11 9 12
m14_838 14 34 0 7 0 8 0 9 0 12 0 13 1 7 1 8 1 9 1 12 1 13 2 7 2 9 2 10 2 12 2 13 3 8 3 11 3 12 3 13 4 10 4 11 4 12 4 13 5 10 5 11 5 12 5 13 6 10 6 11 6 12 6 13 7 11 8 10 9 11
m14_839 14 33 0 7 0 8 0 9 0 13 1 7 1 8 1 9 1 13 2 7 2 9 2 10 2 13 3 8 3 11 3 12 3 13 4 10 4 11 4 12 4 13 5 10 5 11 5 12 5 13 6 10 6 11 6 12 6 13 7 11 7 12 8 10 9 11 9 12
m14_840 14 33 0 7 0 8 0 9 0 13 1 7 1 8 1 9 1 13 2 7 2 9 2 10 2 13 3 8 3 12 3 13 4 10 4 11 4 12 4 13 5 10 5 11 5 12 5 13 6 10 6 11 6 12 6 13 7 11 7 12 8 10 8 11 9 11 9 12
m14_841 14 34 0 7 0 8 0 9 0 10 0 12 1 7 1 8 1 9 1 10 1 12 2 7 2 8 2 9 2 10 2 12 3 8 3 9 3 10 3 11 3 12 4 11 4 12 4 13 5 11 5 12 5 13 6 11 6 12 6 13 7 11 7 13 8 13 9 13 10 13
m14_842 14 34 0 7 0 8 0 9 0 13 1 7 1 8 1 9 1 13 2 7 2 8 2 9 2 13 3 8 3 9 3 10 3 11 3 13 4 10 4 11 4 12 4 13 5 10 5 11 5 12 5 13 6 10 6 11 6 12 6 13 7 10 7 11 7 12 8 12 9 12
m14_843 14 36 0 7 0 8 0 9 0 12 0 13 1 7 1 8 1 9 1 12 1 13 2 7 2 8 2 9 2 12 2 13 3 8 3 9 3 10 3 12 3 13 4 10 4 11 4 12 4 13 5 10 5 11 5 12 5 13 6 10 6 11 6 12 6 13 7 10 7 11 8 11 9 11
m14_844 14 29 0 7 0 8 0 13 1 7 1 9 1 10 1 12 2 7 2 9 2 10 2 12 3 8 3 9 3 10 3 11 4 8 4 9 4 10 4 11 5 11 5 12 5 13 6 11 6 12 6 13 7 11 8 12 9 13 10 13
m14_845 14 32 0 7 0 8 0 13 1 7 1 10 1 12 1 13 2 7 2 10 2 12 2 13 3 8 3 9 3 11 3 13 4 8 4 9 4 11 4 13 5 9 5 11 5 12 5 13 6 10 6 11 6 12 6 13 7 9 7 11 8 10 8 12 9 10
m14_846 14 33 0 7 0 8 0 9 0 10 0 13 1 7 1 8 1 9 1 10 1 13 2 7 2 12 2 13 3 8 3 9 3 10 3 11 3 13 4 8 4 9 4 10 4 11 4 13 5 11 5 12 5 13 6 11 6 12 6 13 7 11 8 12 9 12 10 12
m14_847 14 32 0 6 0 8 0 11 0 13 1 7 1 8 1 11 1 12 2 8 2 9 2 12 2 13 3 10 3 11 3 12 3 13 4 10 4 11 4 12 4 13 5 10 5 11 5 12 5 13 6 9 6 10 6 12 7 9 7 10 7 13 8 10 9 11
m14_848 14 31 0 6 0 8 0 12 0 13 1 7 1 8 1 11 1 13 2 8 2 9 2 11 2 12 2 13 3 10 3 11 3 12 3 13 4 10 4 11 4 12 4 13 5 10 5 11 5 12 5 13 6 9 6 11 7 9 7 12 8 10 9 10
m14_849 14 31 0 6 0 8 0 12 1 7 1 8 1 11 1 13 2 8 2 9 2 11 2 12 2 13 3 10 3 11 3 12 3 13 4 10 4 11 4 12 4 13 5 10 5 11 5 12 5 13 6 9 6 11 6 13 7 9 7 12 8 10 9 10
m14_850 14 31 0 6 0 8 0 13 1 7 1 8 1 12 2 8 2 9 2 12 2 13 3 10 3 11 3 12 3 13 4 10 4 11 4 12 4 13 5 10 5 11 5 12 5 13 6 9 6 11 6 12 7 9 7 11 7 13 8 10 8 11 9 10
m14_851 14 35 0 6 0 8 0 13 1 7 1 8 1 10 1 11 1 12 2 8 2 10 2 11 2 12 2 13 3 9 3 10 3 11 3 12 3 13 4 9 4 10 4 11 4 12 4 13 5 9 5 10 5 11 5 12 5 13 6 9 6 10 6 11 6 12 7 9 7 13 8 9
m14_852 14 35 0 6 0 8 0 12 0 13 1 7 1 8 1 10 1 11 2 8 2 10 2 11 2 12 2 13 3 9 3 10 3 11 3 12 3 13 4 9 4 10 4 11 4 12 4 13 5 9 5 10 5 11 5 12 5 13 6 9 6 10 6 11 7 9 7 12 7 13 8 9
m14_853 14 35 0 6 0 8 0 12 1 7 1 8 1 10 1 11 2 8 2 10 2 11 2 12 2 13 3 9 3 10 3 11 3 12 3 13 4 9 4 10 4 11 4 12 4 13 5 9 5 10 5 11 5 12 5 13 6 9 6 10 6 11 6 13 7 9 7 12 7 13 8 9
m14_854 14 35 0 6 0 8 0 11 1 7 1 8 1 10 2 8 2 10 2 11 2 12 2 13 3 9 3 10 3 11 3 12 3 13 4 9 4 10 4 11 4 12 4 13 5 9 5 10 5 11 5 12 5 13 6 9 6 10 6 12 6 13 7 9 7 11 7 12 7 13 8 9
m14_855 14 35 0 6 0 8 0 13 1 7 1 8 1 11 1 12 2 8 2 11 2 12 2 13 3 9 3 10 3 11 3 12 3 13 4 9 4 10 4 11 4 12 4 13 5 9 5 10 5 11 5 12 5 13 6 9 6 10 6 11 6 12 7 9 7 10 7 13 8 9 8 10
m14_856 14 35 0 6 0 8 0 12 1 7 1 8 1 11 2 8 2 11 2 12 2 13 3 9 3 10 3 11 3 12 3 13 4 9 4 10 4 11 4 12 4 13 5 9 5 10 5 11 5 12 5 13 6 9 6 10 6 11 6 13 7 9 7 10 7 12 7 13 8 9 8 10
m14_857 14 30 0 6 0 10 0 13 1 7 1 10 1 12 2 8 2 9 2 10 2 11 3 8 3 9 3 10 3 11 4 10 4 11 4 12 4 13 5 10 5 11 5 12 5 13 6 11 6 12 7 11 7 13 8 12 8 13 9 12 9 13
m14_858 14 31 0 6 0 7 0 11 0 12 1 7 1 8 1 9 1 12 2 8 2 9 2 10 2 12 3 9 3 10 3 12 3 13 4 11 4 12 4 13 5 11 5 12 5 13 6 9 6 10 6 13 7 10 7 13 8 11 8 13 9 11 10 11
m14_859 14 36 0 6 0 7 0 8 0 9 0 10 1 7 1 8 1 9 1 10 1 12 2 8 2 9 2 10 2 12 2 13 3 9 3 10 3 11 3 12 3 13 4 9 4 10 4 11 4 12 4 13 5 9 5 10 5 11 5 12 5 13 6 11 6 12 6 13 7 11 7 13 8 11
m14_860 14 36 0 6 0 7 0 8 0 9 1 7 1 8 1 9 1 11 1 12 2 8 2 9 2 11 2 12 2 13 3 9 3 10 3 11 3 12 3 13 4 9 4 10 4 11 4 12 4 13 5 9 5 10 5 11 5 12 5 13 6 10 6 11 6 12 6 13 7 10 7 13 8 10
m14_861 14 35 0 6 0 7 0 8 0 9 0 10 1 7 1 12 1 13 2 8 2 9 2 10 2 11 2 12 3 8 3 9 3 10 3 11 3 12 4 8 4 9 4 10 4 11 4 12 5 8 5 9 5 10 5 11 5 12 6 12 6 13 7 11 8 13 9 13 10 13 11 13
m14_862 14 35 0 6 0 7 0 8 0 9 1 7 1 12 1 13 2 8 2 9 2 10 2 11 2 12 3 8 3 9 3 10 3 11 3 12 4 8 4 9 4 10 4 11 4 12 5 8 5 9 5 10 5 11 5 12 6 12 6 13 7 10 7 11 8 13 9 13 10 13 11 13
m14_863 14 31 0 6 0 9 0 12 1 7 1 8 1 12 1 13 2 7 2 11 2 12 2 13 3 8 3 10 3 12 3 13 4 9 4 10 4 11 4 12 5 10 5 11 5 12 5 13 6 10 6 11 6 13 7 9 7 10 8 9 8 11 9 13
m14_864 14 31 0 6 0 8 0 9 0 13 1 7 1 8 1 10 1 13 2 7 2 10 2 12 2 13 3 8 3 9 3 11 3 13 4 9 4 11 4 12 4 13 5 10 5 11 5 12 5 13 6 10 6 11 6 12 7 9 7 11 8 12 9 10
m14_865 14 32 0 6 0 8 0 9 0 12 1 7 1 8 1 12 1 13 2 7 2 10 2 12 2 13 3 8 3 9 3 12 3 13 4 9 4 11 4 12 4 13 5 10 5 11 5 12 5 13 6 10 6 11 6 13 7 9 7 11 8 10 8 11 9 10
m14_866 14 33 0 6 0 8 0 11 0 13 1 7 1 8 1 12 1 13 2 7 2 10 2 12 2 13 3 8 3 11 3 12 3 13 4 9 4 10 4 11 4 12 4 13 5 9 5 10 5 11 5 12 5 13 6 9 6 10 6 12 7 9 7 11 8 9 8 10
m14_867 14 34 0 6 0 8 0 9 0 12 0 13 1 7 1 11 1 12 1 13 2 7 2 11 2 12 2 13 3 8 3 9 3 10 3 12 3 13 4 8 4 9 4 10 4 12 4 13 5 9 5 10 5 11 5 12 5 13 6 10 6 11 7 8 7 9 7 10 8 11
m14_868 14 34 0 6 0 8 0 9 0 12 1 7 1 11 1 12 1 13 2 7 2 11 2 12 2 13 3 8 3 9 3 10 3 12 3 13 4 8 4 9 4 10 4 12 4 13 5 9 5 10 5 11 5 12 5 13 6 10 6 11 6 13 7 8 7 9 7 10 8 11
m14_869 14 32 0 6 0 7 0 8 0 10 0 13 1 7 1 10 1 12 1 13 2 7 2 10 2 12 2 13 3 8 3 9 3 11 3 13 4 8 4 10 4 11 4 13 5 9 5 11 5 12 5 13 6 9 6 11 6 12 7 9 7 11 8 12 9 10
m14_870 14 34 0 6 0 9 0 10 0 13 1 7 1 8 1 9 1 12 1 13 2 7 2 8 2 9 2 12 2 13 3 7 3 8 3 9 3 12 3 13 4 10 4 11 4 12 4 13 5 10 5 11 5 12 5 13 6 11 6 12 7 10 7 11 8 10 8 11 9 11
m14_871 14 34 0 6 0 9 0 10 1 7 1 8 1 9 1 12 1 13 2 7 2 8 2 9 2 12 2 13 3 7 3 8 3 9 3 12 3 13 4 10 4 11 4 12 4 13 5 10 5 11 5 12 5 13 6 11 6 12 6 13 7 10 7 11 8 10 8 11 9 11
m14_872 14 34 0 6 0 9 0 10 1 7 1 8 1 9 1 12 2 7 2 8 2 9 2 12 3 7 3 8 3 9 3 12 4 10 4 11 4 12 4 13 5 10 5 11 5 12 5 13 6 11 6 12 6 13 7 10 7 11 7 13 8 10 8 11 8 13 9 11 9 13
m14_873 14 34 0 6 0 7 0 8 0 9 0 12 1 6 1 7 1 8 1 9 1 12 2 8 2 9 2 12 2 13 3 8 3 11 3 12 3 13 4 9 4 10 4 12 4 13 5 10 5 11 5 12 5 13 6 10 6 11 6 13 7 10 7 11 7 13 8 10 9 11
m14_874 14 31 0 6 0 7 0 10 0 13 1 6 1 8 1 9 1 13 2 7 2 10 2 12 2 13 3 8 3 9 3 12 3 13 4 9 4 11 4 12 4 13 5 10 5 11 5 12 5 13 6 11 6 12 7 9 7 11 8 10 8 11 9 10
m14_875 14 34 0 6 0 7 0 11 0 13 1 6 1 11 1 12 1 13 2 7 2 10 2 11 2 13 3 8 3 9 3 10 3 12 3 13 4 8 4 9 4 10 4 12 4 13 5 9 5 10 5 11 5 12 5 13 6 8 6 9 6 10 7 8 7 9 7 12 8 11
m14_876 14 32 0 6 0 8 0 9 0 10 1 6 1 8 1 9 1 10 2 7 2 8 2 9 2 12 3 7 3 9 3 11 3 12 4 10 4 11 4 12 4 13 5 10 5 11 5 12 5 13 6 11 6 12 6 13 7 10 7 13 8 11 8 13 9 13
m14_877 14 33 0 6 0 8 0 12 0 13 1 6 1 8 1 12 1 13 2 7 2 8 2 11 2 13 3 7 3 10 3 11 3 13 4 9 4 10 4 11 4 12 4 13 5 9 5 10 5 11 5 12 5 13 6 9 6 10 6 11 7 9 7 12 8 9 8 10
m14_878 14 31 0 6 0 9 0 11 0 12 1 6 1 9 1 11 1 12 2 7 2 8 2 9 2 10 3 7 3 9 3 10 3 12 4 8 4 10 4 11 4 13 5 10 5 11 5 12 5 13 6 8 6 10 6 13 7 11 7 13 8 12 9 13
m14_879 14 35 0 6 0 8 0 9 0 10 0 11 1 6 1 8 1 9 1 10 1 11 2 7 2 9 2 10 2 11 2 12 3 7 3 9 3 10 3 11 3 12 4 7 4 9 4 10 4 11 4 12 5 8 5 12 5 13 6 12 6 13 7 8 7 13 9 13 10 13 11 13
m14_880 14 32 0 6 0 8 0 9 0 12 1 6 1 8 1 9 1 12 2 7 2 8 2 9 2 10 3 7 3 9 3 10 3 11 4 10 4 11 4 12 4 13 5 10 5 11 5 12 5 13 6 7 6 10 6 11 7 12 7 13 8 11 8 13 9 13
m14_881 14 35 0 6 0 8 0 11 0 12 0 13 1 6 1 8 1 11 1 12 1 13 2 7 2 8 2 9 2 12 2 13 3 7 3 9 3 10 3 12 3 13 4 9 4 10 4 11 4 12 4 13 5 9 5 10 5 11 5 12 5 13 6 7 6 9 6 10 7 11 8 10
m14_882 14 34 0 6 0 8 0 11 0 12 0 13 1 6 1 8 1 11 1 12 1 13 2 7 2 8 2 9 2 13 3 7 3 9 3 10 3 13 4 9 4 10 4 11 4 12 4 13 5 9 5 10 5 11 5 12 5 13 6 7 6 9 6 10 7 11 7 12 8 10
m14_883 14 36 0 6 0 7 0 8 0 11 0 12 0 13 1 6 1 7 1 9 1 11 1 12 1 13 2 6 2 7 2 9 2 11 2 12 2 13 3 8 3 10 3 11 3 12 3 13 4 8 4 10 4 11 4 12 4 13 5 9 5 10 5 11 5 12 5 13 6 10 7 10 8 9
m14_884 14 35 0 6 0 7 0 8 0 12 0 13 1 6 1 7 1 9 1 12 1 13 2 6 2 7 2 9 2 12 2 13 3 8 3 10 3 11 3 12 3 13 4 8 4 10 4 11 4 12 4 13 5 9 5 10 5 11 5 12 5 13 6 10 6 11 7 10 7 11 8 9
m14_885 14 33 0 6 0 7 0 8 0 12 0 13 1 6 1 7 1 10 1 12 1 13 2 6 2 10 2 11 2 12 2 13 3 7 3 9 3 10 3 12 3 13 4 8 4 9 4 11 4 12 4 13 5 8 5 9 5 11 5 12 5 13 6 9 7 11 8 10
m14_886 14 30 0 5 0 8 0 11 0 12 1 6 1 8 1 9 1 11 2 7 2 9 2 11 2 13 3 7 3 11 3 12 3 13 4 10 4 11 4 12 4 13 5 9 5 10 5 13 6 10 6 12 6 13 7 8 7 10 8 13 9 12
m14_887 14 29 0 5 0 8 0 13 1 6 1 8 1 9 1 11 2 7 2 9 2 11 2 13 3 7 3 11 3 12 3 13 4 10 4 11 4 12 4 13 5 9 5 10 5 11 6 10 6 12 6 13 7 8 7 10 8 12 9 12
m14_888 14 32 0 5 0 8 0 10 0 12 1 6 1 8 1 10 1 11 2 7 2 10 2 11 2 12 2 13 3 7 3 10 3 11 3 12 3 13 4 9 4 10 4 11 4 12 4 13 5 9 5 11 5 13 6 9 6 12 6 13 7 8 7 9 8 13
m14_889 14 32 0 5 0 8 0 12 1 6 1 8 1 10 1 11 2 7 2 10 2 11 2 12 2 13 3 7 3 10 3 11 3 12 3 13 4 9 4 10 4 11 4 12 4 13 5 9 5 10 5 11 5 13 6 9 6 12 6 13 7 8 7 9 8 13
m14_890 14 33 0 5 0 8 0 11 1 6 1 8 1 10 2 7 2 10 2 11 2 12 2 13 3 7 3 10 3 11 3 12 3 13 4 9 4 10 4 11 4 12 4 13 5 9 5 10 5 12 5 13 6 9 6 11 6 12 6 13 7 8 7 9 8 12 8 13
m14_891 14 31 0 5 0 8 0 12 0 13 1 6 1 8 1 11 1 13 2 7 2 11 2 12 2 13 3 7 3 11 3 12 3 13 4 9 4 10 4 11 4 12 5 9 5 10 5 11 6 9 6 10 6 12 7 8 7 9 8 10 9 13 10 13
m14_892 14 32 0 5 0 8 0 10 0 12 1 6 1 8 1 10 1 11 2 7 2 10 2 11 2 12 2 13 3 7 3 10 3 11 3 12 3 13 4 9 4 11 4 12 4 13 5 9 5 11 5 13 6 9 6 12 6 13 7 8 7 9 8 13 9 10
m14_893 14 35 0 5 0 6 0 7 0 8 0 9 1 6 1 7 1 8 1 9 1 10 2 7 2 8 2 9 2 10 2 11 3 8 3 9 3 10 3 11 3 12 4 9 4 10 4 11 4 12 4 13 5 10 5 11 5 12 5 13 6 11 6 12 6 13 7 12 7 13 8 13
m14_894 14 30 0 5 0 8 0 11 0 12 1 6 1 7 1 12 1 13 2 6 2 9 2 11 2 12 3 7 3 10 3 12 3 13 4 8 4 10 4 11 4 12 5 9 5 10 5 13 6 8 6 10 7 9 7 11 8 9 8 13 11 13
m14_895 14 33 0 5 0 6 0 9 0 10 0 12 1 5 1 6 1 9 1 10 1 12 2 7 2 8 2 9 2 10 2 11 3 7 3 8 3 9 3 10 3 11 4 10 4 11 4 12 4 13 5 11 5 13 6 11 6 13 7 12 7 13 8 12 8 13 9 13
m14_896 14 33 0 5 0 6 0 9 0 12 1 5 1 6 1 9 1 12 2 7 2 8 2 9 2 10 2 11 3 7 3 8 3 9 3 10 3 11 4 10 4 11 4 12 4 13 5 10 5 11 5 13 6 10 6 11 6 13 7 12 7 13 8 12 8 13 9 13
m14_897 14 34 0 5 0 6 0 9 0 11 0 12 1 5 1 6 1 9 1 11 1 12 2 7 2 8 2 9 2 10 2 11 3 7 3 8 3 9 3 10 3 11 4 9 4 10 4 11 4 12 5 10 5 13 6 10 6 13 7 12 7 13 8 12 8 13 9 13 11 13
m14_898 14 33 0 5 0 6 0 9 0 12 0 13 1 5 1 6 1 9 1 12 1 13 2 7 2 8 2 9 2 11 2 13 3 7 3 8 3 9 3 11 3 13 4 9 4 10 4 11 4 12 4 13 5 10 5 11 6 10 6 11 7 10 7 12 8 10 8 12
m14_899 14 30 0 4 0 7 0 11 0 12 1 5 1 7 1 8 1 10 2 6 2 8 2 12 2 13 3 7 3 10 3 11 3 12 4 8 4 9 4 10 4 13 5 9 5 12 5 13 6 9 6 10 6 11 7 9 7 13 8 11 11 13
m14_900 14 31 0 8 0 9 0 10 0 13 1 9 1 10 1 12 1 13 2 9 2 10 2 12 2 13 3 11 3 12 3 13 4 11 4 12 4 13 5 11 5 12 5 13 6 11 6 12 6 13 7 11 7 12 7 13 8 11 8 12 9 11 10 11
m14_901 14 29 0 8 0 9 0 10 0 13 1 9 1 12 1 13 2 9 2 12 2 13 3 10 3 11 3 13 4 10 4 11 4 13 5 11 5 12 5 13 6 11 6 12 6 13 7 11 7 12 7 13 8 11 8 12 9 11 10 12
m14_902 14 29 0 8 0 9 0 10 0 13 1 9 1 11 1 13 2 9 2 11 2 13 3 10 3 12 3 13 4 10 4 12 4 13 5 10 5 12 5 13 6 11 6 12 6 13 7 11 7 12 7 13 8 11 8 12 9 12 10 11
m14_903 14 29 0 8 0 9 0 12 0 13 1 9 1 10 1 13 2 9 2 10 2 13 3 11 3 12 3 13 4 11 4 12 4 13 5 11 5 12 5 13 6 11 6 12 6 13 7 11 7 12 7 13 8 10 8 11 9 11 10 12
m14_904 14 30 0 8 0 9 0 12 1 9 1 10 1 12 1 13 2 9 2 10 2 12 2 13 3 11 3 12 3 13 4 11 4 12 4 13 5 11 5 12 5 13 6 11 6 12 6 13 7 11 7 12 7 13 8 10 8 13 9 11 10 11
m14_905 14 29 0 8 0 9 0 13 1 9 1 10 1 13 2 9 2 10 2 13 3 11 3 12 3 13 4 11 4 12 4 13 5 11 5 12 5 13 6 11 6 12 6 13 7 11 7 12 7 13 8 10 8 12 9 11 9 12 10 11
m14_906 14 29 0 8 0 9 0 11 0 13 1 9 1 10 1 13 2 9 2 10 2 13 3 10 3 12 3 13 4 11 4 12 4 13 5 11 5 12 5 13 6 11 6 12 6 13 7 11 7 12 7 13 8 10 8 12 9 12 10 11
m14_907 14 29 0 8 0 9 0 13 1 9 1 10 1 13 2 9 2 10 2 13 3 10 3 12 3 13 4 11 4 12 4 13 5 11 5 12 5 13 6 11 6 12 6 13 7 11 7 12 7 13 8 10 8 12 9 11 9 12 10 11
m14_908 14 35 0 8 0 9 0 12 0 13 1 9 1 11 1 12 1 13 2 9 2 11 2 12 2 13 3 10 3 11 3 12 3 13 4 10 4 11 4 12 4 13 5 10 5 11 5 12 5 13 6 10 6 11 6 12 6 13 7 10 7 11 7 12 7 13 8 10 8 11 9 10
m14_909 14 35 0 8 0 9 0 13 1 9 1 11 1 12 1 13 2 9 2 11 2 12 2 13 3 10 3 11 3 12 3 13 4 10 4 11 4 12 4 13 5 10 5 11 5 12 5 13 6 10 6 11 6 12 6 13 7 10 7 11 7 12 7 13 8 10 8 11 8 12 9 10
m14_910 14 34 0 8 0 9 0 13 1 9 1 12 1 13 2 9 2 12 2 13 3 10 3 11 3 12 3 13 4 10 4 11 4 12 4 13 5 10 5 11 5 12 5 13 6 10 6 11 6 12 6 13 7 10 7 11 7 12 7 13 8 10 8 11 8 12 9 10 9 11
m14_911 14 32 0 8 0 9 0 10 0 12 1 9 1 10 1 12 1 13 2 9 2 10 2 12 2 13 3 9 3 10 3 12 3 13 4 11 4 12 4 13 5 11 5 12 5 13 6 11 6 12 6 13 7 11 7 12 7 13 8 11 8 13 9 11 10 11
m14_912 14 29 0 8 0 9 0 10 0 13 1 9 1 12 1 13 2 9 2 12 2 13 3 9 3 12 3 13 4 10 4 11 4 13 5 10 5 11 5 13 6 10 6 11 6 13 7 11 7 12 7 13 8 11 8 12 9 11 10 12
m14_913 14 29 0 8 0 9 0 12 0 13 1 9 1 10 1 13 2 9 2 10 2 13 3 9 3 10 3 13 4 11 4 12 4 13 5 11 5 12 5 13 6 11 6 12 6 13 7 11 7 12 7 13 8 10 8 11 9 11 10 12
m14_914 14 29 0 8 0 9 0 13 1 9 1 10 1 13 2 9 2 10 2 13 3 9 3 10 3 13 4 11 4 12 4 13 5 11 5 12 5 13 6 11 6 12 6 13 7 11 7 12 7 13 8 10 8 11 9 11 9 12 10 12
m14_915 14 31 0 8 0 9 0 12 1 9 1 10 1 12 1 13 2 9 2 10 2 12 2 13 3 9 3 10 3 12 3 13 4 11 4 12 4 13 5 11 5 12 5 13 6 11 6 12 6 13 7 11 7 12 7 13 8 10 8 13 9 11 10 11
m14_916 14 35 0 8 0 9 0 12 0 13 1 9 1 11 1 12 1 13 2 9 2 11 2 12 2 13 3 9 3 11 3 12 3 13 4 10 4 11 4 12 4 13 5 10 5 11 5 12 5 13 6 10 6 11 6 12 6 13 7 10 7 11 7 12 7 13 8 10 8 11 9 10
m14_917 14 35 0 8 0 9 0 13 1 9 1 11 1 12 1 13 2 9 2 11 2 12 2 13 3 9 3 11 3 12 3 13 4 10 4 11 4 12 4 13 5 10 5 11 5 12 5 13 6 10 6 11 6 12 6 13 7 10 7 11 7 12 7 13 8 10 8 11 8 12 9 10
m14_918 14 33 0 8 0 9 0 13 1 9 1 12 1 13 2 9 2 12 2 13 3 9 3 12 3 13 4 10 4 11 4 12 4 13 5 10 5 11 5 12 5 13 6 10 6 11 6 12 6 13 7 10 7 11 7 12 7 13 8 10 8 11 8 12 9 10 9 11
m14_919 14 41 0 8 0 9 0 10 0 11 0 12 1 9 1 10 1 11 1 12 1 13 2 9 2 10 2 11 2 12 2 13 3 9 3 10 3 11 3 12 3 13 4 9 4 10 4 11 4 12 4 13 5 9 5 10 5 11 5 12 5 13 6 9 6 10 6 11 6 12 6 13 7 9 7 10 7 11 7 12 7 13 8 13
m14_920 14 41 0 8 0 9 0 10 0 11 1 9 1 10 1 11 1 12 1 13 2 9 2 10 2 11 2 12 2 13 3 9 3 10 3 11 3 12 3 13 4 9 4 10 4 11 4 12 4 13 5 9 5 10 5 11 5 12 5 13 6 9 6 10 6 11 6 12 6 13 7 9 7 10 7 11 7 12 7 13 8 12 8 13
m14_921 14 29 0 8 0 10 0 13 1 8 1 10 1 13 2 9 2 10 2 12 3 9 3 10 3 12 4 11 4 12 4 13 5 11 5 12 5 13 6 11 6 12 6 13 7 11 7 12 7 13 8 11 8 12 9 11 9 13 10 11
m14_922 14 29 0 8 0 12 0 13 1 8 1 12 1 13 2 9 2 10 2 13 3 9 3 10 3 13 4 11 4 12 4 13 5 11 5 12 5 13 6 11 6 12 6 13 7 11 7 12 7 13 8 10 8 11 9 11 9 12 10 12
m14_923 14 29 0 8 0 12 0 13 1 8 1 12 1 13 2 9 2 10 2 13 3 9 3 10 3 13 4 10 4 11 4 13 5 11 5 12 5 13 6 11 6 12 6 13 7 11 7 12 7 13 8 10 8 11 9 11 9 12 10 12
m14_924 14 29 0 8 0 11 0 13 1 8 1 11 1 13 2 9 2 10 2 13 3 9 3 10 3 13 4 10 4 12 4 13 5 10 5 12 5 13 6 11 6 12 6 13 7 11 7 12 7 13 8 10 8 12 9 11 9 12 10 11
m14_925 14 29 0 8 0 11 0 13 1 8 1 11 1 13 2 9 2 11 2 12 3 9 3 11 3 12 4 10 4 12 4 13 5 10 5 12 5 13 6 11 6 12 6 13 7 11 7 12 7 13 8 10 8 12 9 10 9 13 10 11
m14_926 14 29 0 8 0 11 0 13 1 8 1 11 1 13 2 9 2 11 2 12 3 9 3 11 3 12 4 10 4 12 4 13 5 10 5 12 5 13 6 10 6 12 6 13 7 11 7 12 7 13 8 10 8 12 9 10 9 13 10 11
m14_927 14 32 0 8 0 12 0 13 1 8 1 12 1 13 2 9 2 11 2 13 3 9 3 11 3 13 4 10 4 11 4 12 4 13 5 10 5 11 5 12 5 13 6 10 6 11 6 12 6 13 7 10 7 11 7 12 7 13 8 10 8 11 9 10 9 12
m14_928 14 31 0 8 0 9 0 10 0 13 1 8 1 11 1 13 2 9 2 10 2 12 2 13 3 9 3 10 3 12 3 13 4 9 4 10 4 12 4 13 5 11 5 12 5 13 6 11 6 12 6 13 7 11 7 12 7 13 8 12 9 11 10 11
m14_929 14 27 0 8 0 9 0 10 1 8 1 11 1 12 2 9 2 12 2 13 3 9 3 12 3 13 4 9 4 12 4 13 5 10 5 11 5 13 6 10 6 11 6 13 7 10 7 11 7 13 8 13 9 11 10 12
m14_930 14 34 0 8 0 9 0 12 0 13 1 8 1 10 1 12 1 13 2 9 2 11 2 12 2 13 3 9 3 11 3 12 3 13 4 9 4 11 4 12 4 13 5 10 5 11 5 12 5 13 6 10 6 11 6 12 6 13 7 10 7 11 7 12 7 13 8 11 9 10
m14_931 14 33 0 8 0 9 0 13 1 8 1 10 1 13 2 9 2 11 2 12 2 13 3 9 3 11 3 12 3 13 4 9 4 11 4 12 4 13 5 10 5 11 5 12 5 13 6 10 6 11 6 12 6 13 7 10 7 11 7 12 7 13 8 11 8 12 9 10
m14_932 14 30 0 8 0 9 0 10 0 13 1 8 1 9 1 10 1 13 2 8 2 10 2 11 2 13 3 9 3 12 3 13 4 11 4 12 4 13 5 11 5 12 5 13 6 11 6 12 6 13 7 11 7 12 7 13 8 12 9 11 10 12
m14_933 14 32 0 8 0 9 0 13 1 8 1 9 1 13 2 8 2 12 2 13 3 9 3 10 3 11 3 13 4 10 4 11 4 12 4 13 5 10 5 11 5 12 5 13 6 10 6 11 6 12 6 13 7 10 7 11 7 12 7 13 8 10 8 11 9 12
m14_934 14 34 0 8 0 9 0 12 0 13 1 8 1 9 1 12 1 13 2 8 2 11 2 12 2 13 3 9 3 10 3 12 3 13 4 10 4 11 4 12 4 13 5 10 5 11 5 12 5 13 6 10 6 11 6 12 6 13 7 10 7 11 7 12 7 13 8 10 9 11
m14_935 14 32 0 8 0 9 0 13 1 8 1 9 1 13 2 8 2 12 2 13 3 9 3 11 3 13 4 10 4 11 4 12 4 13 5 10 5 11 5 12 5 13 6 10 6 11 6 12 6 13 7 10 7 11 7 12 7 13 8 10 8 11 9 10 9 12
m14_936 14 27 0 8 0 9 0 10 1 8 1 11 1 13 2 8 2 11 2 13 3 9 3 11 3 12 4 9 4 11 4 12 5 10 5 12 5 13 6 10 6 12 6 13 7 10 7 12 7 13 8 12 9 13 10 11
m14_937 14 29 0 8 0 9 0 13 1 8 1 12 1 13 2 8 2 12 2 13 3 9 3 10 3 13 4 9 4 10 4 13 5 10 5 11 5 13 6 11 6 12 6 13 7 11 7 12 7 13 8 10 8 11 9 11 9 12 10 12
m14_938 14 34 0 8 0 9 0 12 0 13 1 8 1 11 1 12 1 13 2 8 2 11 2 12 2 13 3 9 3 10 3 12 3 13 4 9 4 10 4 12 4 13 5 10 5 11 5 12 5 13 6 10 6 11 6 12 6 13 7 10 7 11 7 12 7 13 8 10 9 11
m14_939 14 32 0 8 0 9 0 13 1 8 1 11 1 13 2 8 2 11 2 13 3 9 3 10 3 12 3 13 4 9 4 10 4 12 4 13 5 10 5 11 5 12 5 13 6 10 6 11 6 12 6 13 7 10 7 11 7 12 7 13 8 10 8 12 9 11
m14_940 14 31 0 8 0 9 0 13 1 8 1 12 1 13 2 8 2 12 2 13 3 9 3 11 3 13 4 9 4 11 4 13 5 10 5 11 5 12 5 13 6 10 6 11 6 12 6 13 7 10 7 11 7 12 7 13 8 10 8 11 9 10 9 12
m14_941 14 30 0 7 0 9 0 11 0 13 1 8 1 9 1 10 1 11 2 8 2 9 2 10 2 11 3 11 3 12 3 13 4 11 4 12 4 13 5 11 5 12 5 13 6 11 6 12 6 13 7 10 7 12 8 12 8 13 9 12 10 13
m14_942 14 30 0 7 0 9 0 11 0 13 1 8 1 9 1 10 1 13 2 8 2 9 2 10 2 13 3 10 3 12 3 13 4 11 4 12 4 13 5 11 5 12 5 13 6 11 6 12 6 13 7 10 7 12 8 11 8 12 9 12 10 11
m14_943 14 30 0 7 0 9 0 10 0 13 1 8 1 9 1 11 1 13 2 8 2 9 2 11 2 13 3 10 3 12 3 13 4 10 4 12 4 13 5 11 5 12 5 13 6 11 6 12 6 13 7 11 7 12 8 10 8 12 9 12 10 11
m14_944 14 32 0 7 0 9 0 10 0 11 1 8 1 9 1 13 2 8 2 9 2 13 3 10 3 11 3 12 3 13 4 10 4 11 4 12 4 13 5 10 5 11 5 12 5 13 6 10 6 11 6 12 6 13 7 12 7 13 8 10 8 11 8 12 9 12
m14_945 14 33 0 7 0 9 0 10 0 12 1 8 1 9 1 12 1 13 2 8 2 9 2 12 2 13 3 10 3 11 3 12 3 13 4 10 4 11 4 12 4 13 5 10 5 11 5 12 5 13 6 10 6 11 6 12 6 13 7 11 7 13 8 10 8 11 9 11
m14_946 14 33 0 7 0 9 0 10 1 8 1 9 1 12 1 13 2 8 2 9 2 12 2 13 3 10 3 11 3 12 3 13 4 10 4 11 4 12 4 13 5 10 5 11 5 12 5 13 6 10 6 11 6 12 6 13 7 11 7 12 7 13 8 10 8 11 9 11
m14_947 14 33 0 7 0 9 0 10 1 8 1 9 1 13 2 8 2 9 2 13 3 10 3 11 3 12 3 13 4 10 4 11 4 12 4 13 5 10 5 11 5 12 5 13 6 10 6 11 6 12 6 13 7 11 7 12 7 13 8 10 8 11 8 12 9 11 9 12
m14_948 14 38 0 7 0 8 0 11 0 12 0 13 1 8 1 10 1 11 1 12 1 13 2 8 2 10 2 11 2 12 2 13 3 9 3 10 3 11 3 12 3 13 4 9 4 10 4 11 4 12 4 13 5 9 5 10 5 11 5 12 5 13 6 9 6 10 6 11 6 12 6 13 7 9 7 10 8 9
m14_949 14 38 0 7 0 8 0 12 0 13 1 8 1 10 1 11 1 12 1 13 2 8 2 10 2 11 2 12 2 13 3 9 3 10 3 11 3 12 3 13 4 9 4 10 4 11 4 12 4 13 5 9 5 10 5 11 5 12 5 13 6 9 6 10 6 11 6 12 6 13 7 9 7 10 7 11 8 9
m14_950 14 38 0 7 0 8 0 13 1 8 1 10 1 11 1 12 1 13 2 8 2 10 2 11 2 12 2 13 3 9 3 10 3 11 3 12 3 13 4 9 4 10 4 11 4 12 4 13 5 9 5 10 5 11 5 12 5 13 6 9 6 10 6 11 6 12 6 13 7 9 7 10 7 11 7 12 8 9
m14_951 14 37 0 7 0 8 0 12 0 13 1 8 1 11 1 12 1 13 2 8 2 11 2 12 2 13 3 9 3 10 3 11 3 12 3 13 4 9 4 10 4 11 4 12 4 13 5 9 5 10 5 11 5 12 5 13 6 9 6 10 6 11 6 12 6 13 7 9 7 10 7 11 8 9 8 10
m14_952 14 37 0 7 0 8 0 13 1 8 1 11 1 12 1 13 2 8 2 11 2 12 2 13 3 9 3 10 3 11 3 12 3 13 4 9 4 10 4 11 4 12 4 13 5 9 5 10 5 11 5 12 5 13 6 9 6 10 6 11 6 12 6 13 7 9 7 10 7 11 7 12 8 9 8 10
m14_953 14 36 0 7 0 8 0 12 1 8 1 12 1 13 2 8 2 12 2 13 3 9 3 10 3 11 3 12 3 13 4 9 4 10 4 11 4 12 4 13 5 9 5 10 5 11 5 12 5 13 6 9 6 10 6 11 6 12 6 13 7 9 7 10 7 11 7 13 8 9 8 10 8 11
m14_954 14 31 0 7 0 9 0 10 0 13 1 8 1 10 1 11 1 13 2 8 2 10 2 11 2 13 3 8 3 10 3 11 3 13 4 9 4 12 4 13 5 9 5 12 5 13 6 11 6 12 6 13 7 11 7 12 8 9 8 12 9 11 10 12
m14_955 14 33 0 7 0 9 0 12 0 13 1 8 1 11 1 12 1 13 2 8 2 11 2 12 2 13 3 8 3 11 3 12 3 13 4 9 4 10 4 12 4 13 5 9 5 10 5 12 5 13 6 10 6 11 6 12 6 13 7 10 7 11 8 9 8 10 9 11
m14_956 14 33 0 7 0 9 0 13 1 8 1 11 1 12 1 13 2 8 2 11 2 12 2 13 3 8 3 11 3 12 3 13 4 9 4 10 4 12 4 13 5 9 5 10 5 12 5 13 6 10 6 11 6 12 6 13 7 10 7 11 7 12 8 9 8 10 9 11
m14_957 14 32 0 7 0 9 0 13 1 8 1 11 1 12 1 13 2 8 2 11 2 12 2 13 3 8 3 11 3 12 3 13 4 9 4 10 4 13 5 9 5 10 5 13 6 10 6 11 6 12 6 13 7 10 7 11 7 12 8 9 8 10 9 11 9 12
m14_958 14 33 0 7 0 8 0 9 0 12 1 8 1 9 1 12 1 13 2 8 2 9 2 12 2 13 3 8 3 11 3 12 3 13 4 9 4 10 4 12 4 13 5 10 5 11 5 12 5 13 6 10 6 11 6 12 6 13 7 10 7 11 7 13 8 10 9 11
m14_959 14 33 0 7 0 8 0 9 0 12 0 13 1 8 1 11 1 12 1 13 2 8 2 11 2 12 2 13 3 8 3 11 3 12 3 13 4 9 4 10 4 12 4 13 5 9 5 10 5 12 5 13 6 9 6 10 6 12 6 13 7 10 7 11 8 10 9 11
m14_960 14 33 0 7 0 8 0 9 0 12 1 8 1 11 1 12 1 13 2 8 2 11 2 12 2 13 3 8 3 11 3 12 3 13 4 9 4 10 4 12 4 13 5 9 5 10 5 12 5 13 6 9 6 10 6 12 6 13 7 10 7 11 7 13 8 10 9 11
m14_961 14 31 0 7 0 8 0 12 0 13 1 7 1 9 1 11 1 13 2 8 2 9 2 10 2 13 3 10 3 11 3 12 3 13 4 10 4 11 4 12 4 13 5 10 5 11 5 12 5 13 6 10 6 11 6 12 6 13 7 10 8 11 9 12
m14_962 14 30 0 7 0 8 0 12 1 7 1 9 1 11 2 8 2 9 2 10 2 13 3 10 3 11 3 12 3 13 4 10 4 11 4 12 4 13 5 10 5 11 5 12 5 13 6 10 6 11 6 12 6 13 7 10 7 13 8 11 9 12
m14_963 14 33 0 7 0 8 0 9 0 13 1 7 1 9 1 11 1 13 2 8 2 9 2 10 2 13 3 9 3 10 3 11 3 13 4 10 4 11 4 12 4 13 5 10 5 11 5 12 5 13 6 10 6 11 6 12 6 13 7 10 7 12 8 11 8 12 9 12
m14_964 14 30 0 7 0 8 0 10 0 12 1 7 1 10 1 11 1 12 2 8 2 9 2 10 2 12 3 9 3 12 3 13 4 11 4 12 4 13 5 11 5 12 5 13 6 11 6 12 6 13 7 9 7 13 8 11 8 13 9 11 10 13
m14_965 14 32 0 7 0 8 0 11 0 13 1 7 1 11 1 12 1 13 2 8 2 9 2 10 2 13 3 9 3 10 3 12 3 13 4 10 4 11 4 12 4 13 5 10 5 11 5 12 5 13 6 10 6 11 6 12 6 13 7 9 7 10 8 12 9 11
m14_966 14 29 0 7 0 8 0 12 0 13 1 7 1 10 1 13 2 8 2 9 2 13 3 9 3 10 3 11 3 13 4 11 4 12 4 13 5 11 5 12 5 13 6 11 6 12 6 13 7 9 7 11 8 10 8 11 9 12 10 12
m14_967 14 32 0 7 0 8 0 13 1 7 1 12 1 13 2 8 2 9 2 13 3 9 3 10 3 11 3 13 4 10 4 11 4 12 4 13 5 10 5 11 5 12 5 13 6 10 6 11 6 12 6 13 7 9 7 10 7 11 8 10 8 11 8 12 9 12
m14_968 14 32 0 7 0 8 0 11 0 13 1 7 1 11 1 12 1 13 2 8 2 9 2 13 3 9 3 10 3 12 3 13 4 10 4 11 4 12 4 13 5 10 5 11 5 12 5 13 6 10 6 11 6 12 6 13 7 9 7 10 8 10 8 12 9 11
m14_969 14 33 0 7 0 8 0 12 0 13 1 7 1 11 1 12 1 13 2 8 2 9 2 12 2 13 3 9 3 10 3 12 3 13 4 10 4 11 4 12 4 13 5 10 5 11 5 12 5 13 6 10 6 11 6 12 6 13 7 9 7 10 8 10 8 11 9 11
m14_970 14 32 0 7 0 8 0 13 1 7 1 11 1 13 2 8 2 9 2 12 2 13 3 9 3 10 3 12 3 13 4 10 4 11 4 12 4 13 5 10 5 11 5 12 5 13 6 10 6 11 6 12 6 13 7 9 7 10 7 12 8 10 8 11 9 11
m14_971 14 32 0 7 0 8 0 13 1 7 1 11 1 12 1 13 2 8 2 9 2 13 3 9 3 10 3 12 3 13 4 10 4 11 4 12 4 13 5 10 5 11 5 12 5 13 6 10 6 11 6 12 6 13 7 9 7 10 8 10 8 11 8 12 9 11
m14_972 14 34 0 7 0 8 0 9 0 13 1 7 1 8 1 9 1 13 2 8 2 9 2 11 2 13 3 9 3 10 3 11 3 13 4 10 4 11 4 12 4 13 5 10 5 11 5 12 5 13 6 10 6 11 6 12 6 13 7 10 7 11 7 12 8 10 8 12 9 12
m14_973 14 37 0 7 0 8 0 12 0 13 1 7 1 8 1 12 1 13 2 8 2 9 2 10 2 12 2 13 3 9 3 10 3 11 3 12 3 13 4 9 4 10 4 11 4 12 4 13 5 9 5 10 5 11 5 12 5 13 6 9 6 10 6 11 6 12 6 13 7 9 7 10 7 11 8 11
m14_974 14 36 0 7 0 8 0 13 1 7 1 8 1 13 2 8 2 9 2 10 2 12 2 13 3 9 3 10 3 11 3 12 3 13 4 9 4 10 4 11 4 12 4 13 5 9 5 10 5 11 5 12 5 13 6 9 6 10 6 11 6 12 6 13 7 9 7 10 7 11 7 12 8 11
m14_975 14 38 0 7 0 8 0 11 0 12 0 13 1 7 1 8 1 11 1 12 1 13 2 8 2 9 2 11 2 12 2 13 3 9 3 10 3 11 3 12 3 13 4 9 4 10 4 11 4 12 4 13 5 9 5 10 5 11 5 12 5 13 6 9 6 10 6 11 6 12 6 13 7 9 7 10 8 10
m14_976 14 37 0 7 0 8 0 12 0 13 1 7 1 8 1 12 1 13 2 8 2 9 2 12 2 13 3 9 3 10 3 11 3 12 3 13 4 9 4 10 4 11 4 12 4 13 5 9 5 10 5 11 5 12 5 13 6 9 6 10 6 11 6 12 6 13 7 9 7 10 7 11 8 10 8 11
m14_977 14 36 0 7 0 8 0 13 1 7 1 8 1 13 2 8 2 9 2 12 2 13 3 9 3 10 3 11 3 12 3 13 4 9 4 10 4 11 4 12 4 13 5 9 5 10 5 11 5 12 5 13 6 9 6 10 6 11 6 12 6 13 7 9 7 10 7 11 7 12 8 10 8 11
m14_978 14 35 0 7 0 11 0 12 0 13 1 7 1 11 1 12 1 13 2 8 2 10 2 12 2 13 3 8 3 10 3 12 3 13 4 9 4 10 4 11 4 12 4 13 5 9 5 10 5 11 5 12 5 13 6 9 6 10 6 11 6 12 6 13 7 9 7 10 8 9 8 11
m14_979 14 34 0 7 0 11 0 13 1 7 1 11 1 13 2 8 2 10 2 12 2 13 3 8 3 10 3 12 3 13 4 9 4 10 4 11 4 12 4 13 5 9 5 10 5 11 5 12 5 13 6 9 6 10 6 11 6 12 6 13 7 9 7 10 7 12 8 9 8 11
m14_980 14 33 0 7 0 12 0 13 1 7 1 12 1 13 2 8 2 11 2 13 3 8 3 11 3 13 4 9 4 10 4 11 4 12 4 13 5 9 5 10 5 11 5 12 5 13 6 9 6 10 6 11 6 12 6 13 7 9 7 10 7 11 8 9 8 10 8 12
m14_981 14 32 0 7 0 12 0 13 1 7 1 12 1 13 2 8 2 11 2 13 3 8 3 11 3 13 4 9 4 10 4 11 4 12 5 9 5 10 5 11 5 12 6 9 6 10 6 11 6 12 7 9 7 10 7 11 8 9 8 10 8 12 9 13 10 13
m14_982 14 31 0 7 0 8 0 11 0 13 1 7 1 9 1 10 1 13 2 8 2 9 2 12 2 13 3 8 3 11 3 12 3 13 4 9 4 10 4 12 4 13 5 10 5 11 5 12 5 13 6 10 6 11 6 12 6 13 7 12 8 10 9 11
m14_983 14 37 0 7 0 8 0 11 0 12 0 13 1 7 1 9 1 11 1 12 1 13 2 8 2 10 2 11 2 12 2 13 3 8 3 10 3 11 3 12 3 13 4 9 4 10 4 11 4 12 4 13 5 9 5 10 5 11 5 12 5 13 6 9 6 10 6 11 6 12 6 13 7 10 8 9
m14_984 14 36 0 7 0 8 0 12 0 13 1 7 1 9 1 12 1 13 2 8 2 10 2 11 2 12 2 13 3 8 3 10 3 11 3 12 3 13 4 9 4 10 4 11 4 12 4 13 5 9 5 10 5 11 5 12 5 13 6 9 6 10 6 11 6 12 6 13 7 10 7 11 8 9
m14_985 14 35 0 7 0 8 0 13 1 7 1 9 1 13 2 8 2 10 2 11 2 12 2 13 3 8 3 10 3 11 3 12 3 13 4 9 4 10 4 11 4 12 4 13 5 9 5 10 5 11 5 12 5 13 6 9 6 10 6 11 6 12 6 13 7 10 7 11 7 12 8 9
m14_986 14 35 0 7 0 8 0 12 0 13 1 7 1 9 1 10 1 12 1 13 2 8 2 11 2 12 2 13 3 8 3 11 3 12 3 13 4 9 4 10 4 11 4 12 4 13 5 9 5 10 5 11 5 12 5 13 6 9 6 10 6 11 6 12 6 13 7 11 8 9 8 10
m14_987 14 34 0 7 0 8 0 13 1 7 1 9 1 10 1 13 2 8 2 11 2 12 2 13 3 8 3 11 3 12 3 13 4 9 4 10 4 11 4 12 4 13 5 9 5 10 5 11 5 12 5 13 6 9 6 10 6 11 6 12 6 13 7 11 7 12 8 9 8 10
m14_988 14 34 0 7 0 8 0 9 0 10 0 13 1 7 1 8 1 9 1 10 1 13 2 8 2 9 2 10 2 11 2 13 3 8 3 9 3 10 3 11 3 13 4 11 4 12 4 13 5 11 5 12 5 13 6 11 6 12 6 13 7 11 7 12 8 12 9 12 10 12
m14_989 14 32 0 7 0 8 0 9 0 10 0 13 1 7 1 8 1 9 1 10 1 13 2 8 2 9 2 11 2 13 3 8 3 9 3 11 3 13 4 10 4 12 4 13 5 10 5 12 5 13 6 11 6 12 6 13 7 11 7 12 8 12 9 12 10 11
m14_990 14 36 0 7 0 8 0 9 0 12 0 13 1 7 1 8 1 9 1 12 1 13 2 8 2 9 2 11 2 12 2 13 3 8 3 9 3 11 3 12 3 13 4 10 4 11 4 12 4 13 5 10 5 11 5 12 5 13 6 10 6 11 6 12 6 13 7 10 7 11 8 10 9 10
m14_991 14 35 0 7 0 8 0 9 0 13 1 7 1 8 1 9 1 13 2 8 2 9 2 11 2 12 2 13 3 8 3 9 3 11 3 12 3 13 4 10 4 11 4 12 4 13 5 10 5 11 5 12 5 13 6 10 6 11 6 12 6 13 7 10 7 11 7 12 8 10 9 10
m14_992 14 33 0 7 0 11 0 12 0 13 1 7 1 11 1 12 1 13 2 8 2 11 2 12 2 13 3 8 3 11 3 12 3 13 4 9 4 10 4 12 4 13 5 9 5 10 5 12 5 13 6 9 6 10 6 12 6 13 7 8 7 9 8 10 9 11 10 11
m14_993 14 32 0 7 0 11 0 13 1 7 1 11 1 13 2 8 2 11 2 12 2 13 3 8 3 11 3 12 3 13 4 9 4 10 4 12 4 13 5 9 5 10 5 12 5 13 6 9 6 10 6 12 6 13 7 8 7 9 7 12 8 10 9 11 10 11
m14_994 14 31 0 7 0 11 0 13 1 7 1 11 1 13 2 8 2 11 2 12 3 8 3 11 3 12 4 9 4 10 4 12 4 13 5 9 5 10 5 12 5 13 6 9 6 10 6 12 6 13 7 8 7 9 7 12 8 10 8 13 9 11 10 11
m14_995 14 32 0 7 0 11 0 12 0 13 1 7 1 11 1 12 1 13 2 8 2 11 2 12 2 13 3 8 3 11 3 12 3 13 4 9 4 10 4 13 5 9 5 10 5 13 6 9 6 10 6 13 7 8 7 9 8 10 9 11 9 12 10 11 10 12
m14_996 14 34 0 7 0 10 0 11 0 12 0 13 1 7 1 10 1 11 1 12 1 13 2 8 2 10 2 12 2 13 3 8 3 10 3 12 3 13 4 9 4 11 4 12 4 13 5 9 5 11 5 12 5 13 6 9 6 11 6 12 6 13 7 8 7 9 8 11 9 10
m14_997 14 33 0 7 0 10 0 11 0 13 1 7 1 10 1 11 1 13 2 8 2 10 2 12 2 13 3 8 3 10 3 12 3 13 4 9 4 11 4 12 4 13 5 9 5 11 5 12 5 13 6 9 6 11 6 12 6 13 7 8 7 9 7 12 8 11 9 10
m14_998 14 33 0 7 0 10 0 11 0 12 0 13 1 7 1 10 1 11 1 12 1 13 2 8 2 10 2 13 3 8 3 10 3 13 4 9 4 11 4 12 4 13 5 9 5 11 5 12 5 13 6 9 6 11 6 12 6 13 7 8 7 9 8 11 8 12 9 10
m14_999 14 32 0 7 0 10 0 11 0 12 1 7 1 10 1 11 1 12 2 8 2 10 2 13 3 8 3 10 3 13 4 9 4 11 4 12 4 13 5 9 5 11 5 12 5 13 6 9 6 11 6 12 6 13 7 8 7 9 7 13 8 11 8 12 9 10
m14_1000 14 34 0 7 0 8 0 9 0 12 0 13 1 7 1 8 1 10 1 12 1 13 2 7 2 8 2 10 2 12 2 13 3 9 3 11 3 12 3 13 4 9 4 11 4 12 4 13 5 10 5 11 5 12 5 13 6 10 6 11 6 12 6 13 7 11 8 11 9 10
m14_1001 14 33 0 7 0 8 0 9 0 13 1 7 1 8 1 10 1 13 2 7 2 8 2 10 2 13 3 9 3 11 3 12 3 13 4 9 4 11 4 12 4 13 5 10 5 11 5 12 5 13 6 10 6 11 6 12 6 13 7 11 7 12 8 11 8 12 9 10
m14_1002 14 32 0 7 0 8 0 9 0 13 1 7 1 8 1 10 1 11 1 13 2 7 2 8 2 10 2 11 2 13 3 9 3 12 3 13 4 9 4 12 4 13 5 10 5 11 5 12 5 13 6 10 6 11 6 12 6 13 7 12 8 12 9 10 9 11
m14_1003 14 32 0 7 0 8 0 9 0 13 1 7 1 8 1 11 1 13 2 7 2 8 2 11 2 13 3 9 3 12 3 13 4 9 4 12 4 13 5 10 5 11 5 12 5 13 6 10 6 11 6 12 6 13 7 10 7 12 8 10 8 12 9 10 9 11
m14_1004 14 32 0 6 0 8 0 11 0 12 1 7 1 8 1 9 1 12 2 8 2 9 2 12 2 13 3 8 3 11 3 12 3 13 4 9 4 10 4 12 4 13 5 10 5 11 5 12 5 13 6 9 6 10 6 13 7 10 7 11 7 13 8 10 9 11
m14_1005 14 32 0 6 0 8 0 11 0 12 1 7 1 8 1 9 1 12 1 13 2 8 2 11 2 12 2 13 3 8 3 11 3 12 3 13 4 9 4 10 4 12 4 13 5 9 5 10 5 12 5 13 6 9 6 10 6 13 7 10 7 11 8 10 9 11
m14_1006 14 32 0 6 0 8 0 11 0 12 1 7 1 8 1 9 1 12 2 8 2 11 2 12 2 13 3 8 3 11 3 12 3 13 4 9 4 10 4 12 4 13 5 9 5 10 5 12 5 13 6 9 6 10 6 13 7 10 7 11 7 13 8 10 9 11
m14_1007 14 33 0 6 0 7 0 8 0 10 0 11 1 7 1 8 1 9 1 10 1 11 2 8 2 9 2 10 2 11 2 13 3 10 3 11 3 12 3 13 4 10 4 11 4 12 4 13 5 10 5 11 5 12 5 13 6 9 6 13 7 12 7 13 8 12 9 12
m14_1008 14 33 0 6 0 7 0 8 0 10 1 7 1 8 1 9 1 10 1 12 2 8 2 9 2 10 2 12 2 13 3 10 3 11 3 12 3 13 4 10 4 11 4 12 4 13 5 10 5 11 5 12 5 13 6 9 6 12 6 13 7 11 7 13 8 11 9 11
m14_1009 14 33 0 6 0 7 0 8 0 10 1 7 1 8 1 9 1 10 2 8 2 9 2 10 2 12 2 13 3 10 3 11 3 12 3 13 4 10 4 11 4 12 4 13 5 10 5 11 5 12 5 13 6 9 6 12 6 13 7 11 7 12 7 13 8 11 9 11
m14_1010 14 30 0 6 0 7 0 8 0 11 1 7 1 8 1 9 1 11 2 8 2 9 2 10 2 11 2 12 3 11 3 12 3 13 4 11 4 12 4 13 5 11 5 12 5 13 6 9 6 10 6 12 7 10 7 12 8 13 9 13 10 13
m14_1011 14 32 0 6 0 7 0 8 0 10 0 11 1 7 1 8 1 9 1 11 2 8 2 9 2 11 2 13 3 10 3 11 3 12 3 13 4 10 4 11 4 12 4 13 5 10 5 11 5 12 5 13 6 9 6 12 6 13 7 12 7 13 8 12 9 10
m14_1012 14 32 0 6 0 7 0 8 0 10 0 11 1 7 1 8 1 9 1 11 2 8 2 9 2 11 2 13 3 10 3 11 3 12 3 13 4 10 4 11 4 12 4 13 5 10 5 11 5 12 5 13 6 9 6 13 7 12 7 13 8 12 9 10 9 12
m14_1013 14 32 0 6 0 7 0 8 0 10 1 7 1 8 1 9 1 11 2 8 2 9 2 11 2 13 3 10 3 11 3 12 3 13 4 10 4 11 4 12 4 13 5 10 5 11 5 12 5 13 6 9 6 11 6 12 6 13 7 12 7 13 8 12 9 10
m14_1014 14 31 0 6 0 7 0 9 0 12 1 7 1 9 1 12 1 13 2 8 2 9 2 10 2 13 3 8 3 9 3 10 3 13 4 11 4 12 4 13 5 11 5 12 5 13 6 10 6 11 6 13 7 10 7 11 8 11 8 12 9 11 10 12
m14_1015 14 32 0 6 0 7 0 9 0 10 1 7 1 9 1 10 1 12 2 8 2 9 2 12 2 13 3 8 3 9 3 12 3 13 4 10 4 11 4 12 4 13 5 10 5 11 5 12 5 13 6 11 6 12 6 13 7 11 7 13 8 10 8 11 9 11
m14_1016 14 31 0 6 0 7 0 9 0 11 1 7 1 9 1 10 1 11 2 8 2 9 2 12 3 8 3 9 3 12 4 10 4 11 4 12 4 13 5 10 5 11 5 12 5 13 6 10 6 12 6 13 7 12 7 13 8 10 8 11 8 13 9 13
m14_1017 14 31 0 6 0 7 0 9 0 11 1 7 1 8 1 9 1 13 2 8 2 9 2 10 2 13 3 8 3 9 3 10 3 13 4 11 4 12 4 13 5 11 5 12 5 13 6 10 6 12 6 13 7 10 7 12 8 11 8 12 9 12 10 11
m14_1018 14 33 0 6 0 7 0 8 0 9 0 11 1 7 1 8 1 9 1 10 1 11 2 8 2 9 2 10 2 11 2 13 3 8 3 9 3 10 3 11 3 13 4 11 4 12 4 13 5 11 5 12 5 13 6 10 6 13 7 12 7 13 8 12 9 12 10 12
m14_1019 14 35 0 6 0 7 0 8 0 9 0 13 1 7 1 8 1 9 1 11 1 13 2 8 2 9 2 11 2 12 2 13 3 8 3 9 3 11 3 12 3 13 4 10 4 11 4 12 4 13 5 10 5 11 5 12 5 13 6 10 6 11 6 12 7 10 7 12 8 10 9 10
m14_1020 14 33 0 6 0 7 0 11 0 13 1 7 1 8 1 9 1 10 1 13 2 8 2 9 2 10 2 12 2 13 3 8 3 9 3 10 3 12 3 13 4 11 4 12 4 13 5 11 5 12 5 13 6 8 6 9 6 10 6 12 7 12 8 11 9 11 10 11
m14_1021 14 35 0 6 0 9 0 10 0 11 1 7 1 8 1 9 1 11 1 13 2 7 2 8 2 9 2 11 2 13 3 9 3 10 3 11 3 12 3 13 4 9 4 10 4 11 4 12 4 13 5 9 5 10 5 11 5 12 5 13 6 12 6 13 7 10 7 12 8 10 8 12
m14_1022 14 33 0 6 0 8 0 10 0 11 0 12 1 7 1 8 1 9 1 10 1 11 2 7 2 8 2 9 2 10 2 11 3 10 3 11 3 12 3 13 4 10 4 11 4 12 4 13 5 10 5 11 5 12 5 13 6 9 6 13 7 12 7 13 8 13 9 12
m14_1023 14 33 0 6 0 8 0 10 0 13 1 7 1 8 1 9 1 10 1 11 2 7 2 8 2 9 2 10 2 11 3 10 3 11 3 12 3 13 4 10 4 11 4 12 4 13 5 10 5 11 5 12 5 13 6 9 6 11 6 12 7 12 7 13 8 12 9 13
m14_1024 14 33 0 6 0 8 0 10 0 13 1 7 1 8 1 9 1 10 2 7 2 8 2 9 2 10 3 10 3 11 3 12 3 13 4 10 4 11 4 12 4 13 5 10 5 11 5 12 5 13 6 9 6 11 6 12 7 11 7 12 7 13 8 11 8 12 9 13
m14_1025 14 33 0 6 0 8 0 10 0 12 0 13 1 7 1 8 1 9 1 10 2 7 2 8 2 9 2 10 3 10 3 11 3 12 3 13 4 10 4 11 4 12 4 13 5 10 5 11 5 12 5 13 6 9 6 11 7 11 7 12 7 13 8 11 9 12 9 13
m14_1026 14 33 0 6 0 8 0 11 0 13 1 7 1 8 1 9 1 11 2 7 2 8 2 9 2 11 3 10 3 11 3 12 3 13 4 10 4 11 4 12 4 13 5 10 5 11 5 12 5 13 6 9 6 12 7 10 7 12 7 13 8 10 8 12 9 10 9 13
m14_1027 14 31 0 6 0 9 0 10 0 11 1 7 1 8 1 9 1 13 2 7 2 9 2 11 2 13 3 8 3 9 3 10 3 13 4 10 4 11 4 12 4 13 5 10 5 11 5 12 5 13 6 12 6 13 7 10 7 12 8 11 8 12 9 12
m14_1028 14 31 0 6 0 8 0 9 0 10 1 7 1 8 1 9 1 12 2 7 2 9 2 11 2 12 3 8 3 10 3 12 3 13 4 10 4 11 4 12 4 13 5 10 5 11 5 12 5 13 6 11 6 12 6 13 7 10 7 13 8 11 9 13
m14_1029 14 31 0 6 0 8 0 9 0 11 1 7 1 8 1 9 1 13 2 7 2 9 2 12 2 13 3 8 3 10 3 11 3 13 4 9 4 11 4 12 4 13 5 10 5 11 5 12 5 13 6 10 6 12 6 13 7 10 7 11 8 12 9 10
m14_1030 14 33 0 6 0 8 0 9 0 10 0 11 1 7 1 8 1 9 1 13 2 7 2 8 2 9 2 13 3 8 3 9 3 10 3 11 3 13 4 10 4 11 4 12 4 13 5 10 5 11 5 12 5 13 6 12 6 13 7 10 7 11 7 12 8 12 9 12
m14_1031 14 34 0 6 0 8 0 9 0 10 0 12 1 7 1 8 1 9 1 12 1 13 2 7 2 8 2 9 2 12 2 13 3 8 3 9 3 10 3 12 3 13 4 10 4 11 4 12 4 13 5 10 5 11 5 12 5 13 6 11 6 13 7 10 7 11 8 11 9 11
m14_1032 14 34 0 6 0 8 0 9 0 10 1 7 1 8 1 9 1 12 1 13 2 7 2 8 2 9 2 12 2 13 3 8 3 9 3 10 3 12 3 13 4 10 4 11 4 12 4 13 5 10 5 11 5 12 5 13 6 11 6 12 6 13 7 10 7 11 8 11 9 11
m14_1033 14 34 0 6 0 8 0 9 0 10 1 7 1 8 1 9 1 12 2 7 2 8 2 9 2 12 3 8 3 9 3 10 3 12 4 10 4 11 4 12 4 13 5 10 5 11 5 12 5 13 6 11 6 12 6 13 7 10 7 11 7 13 8 11 8 13 9 11 9 13
m14_1034 14 33 0 6 0 8 0 9 0 11 1 7 1 8 1 9 1 13 2 7 2 8 2 9 2 13 3 8 3 9 3 10 3 11 3 13 4 10 4 11 4 12 4 13 5 10 5 11 5 12 5 13 6 10 6 12 6 13 7 10 7 11 7 12 8 12 9 12
m14_1035 14 32 0 6 0 8 0 9 0 13 1 7 1 9 1 12 1 13 2 7 2 10 2 12 2 13 3 8 3 9 3 11 3 13 4 9 4 11 4 12 4 13 5 10 5 11 5 12 5 13 6 10 6 11 6 12 7 8 7 11 8 10 8 12 9 10
m14_1036 14 31 0 6 0 8 0 10 0 12 1 7 1 9 1 12 1 13 2 7 2 10 2 12 2 13 3 8 3 9 3 11 3 12 4 10 4 11 4 12 4 13 5 10 5 11 5 12 5 13 6 9 6 11 6 13 7 8 7 11 8 13 9 10
m14_1037 14 31 0 6 0 8 0 12 1 7 1 9 1 12 1 13 2 7 2 10 2 12 2 13 3 8 3 9 3 11 3 12 3 13 4 10 4 11 4 12 4 13 5 10 5 11 5 12 5 13 6 9 6 11 6 13 7 8 7 11 8 10 9 10
m14_1038 14 31 0 6 0 8 0 12 1 7 1 9 1 12 1 13 2 7 2 10 2 12 2 13 3 8 3 9 3 11 3 12 4 10 4 11 4 12 4 13 5 10 5 11 5 12 5 13 6 9 6 11 6 13 7 8 7 11 8 10 8 13 9 10
m14_1039 14 33 0 6 0 8 0 12 0 13 1 7 1 9 1 11 1 13 2 7 2 9 2 11 2 13 3 8 3 10 3 12 3 13 4 10 4 11 4 12 4 13 5 10 5 11 5 12 5 13 6 9 6 10 6 11 7 8 7 10 7 12 8 9 8 11 9 12
m14_1040 14 35 0 6 0 8 0 11 0 12 0 13 1 7 1 9 1 11 1 12 1 13 2 7 2 9 2 11 2 12 2 13 3 8 3 10 3 11 3 12 3 13 4 8 4 10 4 11 4 12 4 13 5 9 5 10 5 11 5 12 5 13 6 9 6 10 7 8 7 10 8 9
m14_1041 14 35 0 6 0 8 0 12 0 13 1 7 1 9 1 11 1 12 1 13 2 7 2 9 2 11 2 12 2 13 3 8 3 10 3 11 3 12 3 13 4 8 4 10 4 11 4 12 4 13 5 9 5 10 5 11 5 12 5 13 6 9 6 10 6 11 7 8 7 10 8 9
m14_1042 14 35 0 6 0 8 0 13 1 7 1 9 1 11 1 12 1 13 2 7 2 9 2 11 2 12 2 13 3 8 3 10 3 11 3 12 3 13 4 8 4 10 4 11 4 12 4 13 5 9 5 10 5 11 5 12 5 13 6 9 6 10 6 11 6 12 7 8 7 10 8 9
m14_1043 14 31 0 6 0 7 0 8 0 12 0 13 1 7 1 8 1 9 1 13 2 7 2 11 2 12 2 13 3 8 3 10 3 12 3 13 4 9 4 10 4 11 4 13 5 10 5 11 5 12 5 13 6 9 6 10 6 11 7 10 8 11 9 12
m14_1044 14 34 0 6 0 7 0 8 0 13 1 7 1 8 1 12 1 13 2 7 2 11 2 12 2 13 3 8 3 9 3 10 3 12 3 13 4 9 4 10 4 11 4 12 4 13 5 9 5 10 5 11 5 12 5 13 6 9 6 10 6 11 6 12 7 9 7 10 8 11
m14_1045 14 35 0 6 0 7 0 8 0 11 0 12 1 7 1 8 1 11 1 12 1 13 2 7 2 10 2 11 2 12 2 13 3 8 3 9 3 11 3 12 3 13 4 9 4 10 4 11 4 12 4 13 5 9 5 10 5 11 5 12 5 13 6 9 6 10 6 13 7 9 8 10
m14_1046 14 35 0 6 0 7 0 8 0 11 1 7 1 8 1 11 1 12 1 13 2 7 2 10 2 11 2 12 2 13 3 8 3 9 3 11 3 12 3 13 4 9 4 10 4 11 4 12 4 13 5 9 5 10 5 11 5 12 5 13 6 9 6 10 6 12 6 13 7 9 8 10
m14_1047 14 33 0 6 0 8 0 9 0 11 1 7 1 8 1 9 1 10 1 12 2 7 2 8 2 9 2 10 2 12 3 7 3 8 3 9 3 10 3 12 4 11 4 12 4 13 5 11 5 12 5 13 6 10 6 12 6 13 7 11 7 13 8 13 9 13 10 11
m14_1048 14 33 0 6 0 8 0 9 0 11 0 13 1 7 1 8 1 9 1 10 1 13 2 7 2 8 2 9 2 10 2 13 3 7 3 8 3 9 3 10 3 13 4 11 4 12 4 13 5 11 5 12 5 13 6 10 6 12 7 11 7 12 8 12 9 12 10 11
m14_1049 14 33 0 6 0 7 0 9 0 10 0 11 1 6 1 7 1 9 1 10 1 11 2 8 2 10 2 11 2 12 3 8 3 10 3 11 3 12 4 8 4 10 4 11 4 12 5 9 5 12 5 13 6 12 6 13 7 12 7 13 8 9 8 13 10 13 11 13
m14_1050 14 33 0 6 0 7 0 8 0 9 0 13 1 6 1 8 1 9 1 10 1 13 2 7 2 12 2 13 3 8 3 9 3 10 3 11 3 13 4 8 4 9 4 10 4 11 4 13 5 11 5 12 5 13 6 11 6 12 7 10 7 11 8 12 9 12 10 12
m14_1051 14 32 0 6 0 7 0 11 0 13 1 6 1 11 1 12 1 13 2 7 2 8 2 10 2 11 2 13 3 8 3 9 3 10 3 13 4 9 4 10 4 12 4 13 5 10 5 11 5 12 5 13 6 8 6 9 6 10 7 9 7 12 8 12 9 11
m14_1052 14 32 0 6 0 7 0 12 0 13 1 6 1 11 1 12 1 13 2 7 2 8 2 12 2 13 3 8 3 9 3 10 3 13 4 9 4 10 4 11 4 13 5 10 5 11 5 12 5 13 6 8 6 9 6 10 7 9 7 10 7 11 8 11 9 12
m14_1053 14 32 0 6 0 7 0 11 0 13 1 6 1 11 1 12 1 13 2 7 2 8 2 13 3 8 3 9 3 10 3 13 4 9 4 10 4 12 4 13 5 10 5 11 5 12 5 13 6 8 6 9 6 10 7 9 7 10 7 12 8 11 8 12 9 11
m14_1054 14 35 0 6 0 7 0 8 0 12 0 13 1 6 1 7 1 8 1 12 1 13 2 7 2 11 2 12 2 13 3 8 3 9 3 10 3 12 3 13 4 9 4 10 4 11 4 12 4 13 5 9 5 10 5 11 5 12 5 13 6 9 6 10 6 11 7 9 7 10 8 11
m14_1055 14 35 0 6 0 7 0 8 0 12 0 13 1 6 1 7 1 8 1 12 1 13 2 7 2 10 2 11 2 12 2 13 3 8 3 9 3 11 3 12 3 13 4 9 4 10 4 11 4 12 4 13 5 9 5 10 5 11 5 12 5 13 6 9 6 10 6 11 7 9 8 10
m14_1056 14 35 0 6 0 7 0 8 0 12 0 13 1 6 1 7 1 8 1 12 1 13 2 7 2 11 2 12 2 13 3 8 3 9 3 12 3 13 4 9 4 10 4 11 4 12 4 13 5 9 5 10 5 11 5 12 5 13 6 9 6 10 6 11 7 9 7 10 8 10 8 11
m14_1057 14 34 0 6 0 8 0 9 0 11 0 12 1 6 1 8 1 9 1 11 1 12 2 7 2 8 2 9 2 10 2 12 3 7 3 8 3 9 3 10 3 12 4 10 4 11 4 12 4 13 5 10 5 11 5 12 5 13 6 10 6 13 7 11 7 13 8 13 9 13
m14_1058 14 34 0 6 0 8 0 9 0 11 1 6 1 8 1 9 1 11 2 7 2 8 2 9 2 10 3 7 3 8 3 9 3 10 4 10 4 11 4 12 4 13 5 10 5 11 5 12 5 13 6 10 6 12 6 13 7 11 7 12 7 13 8 12 8 13 9 12 9 13
m14_1059 14 34 0 6 0 11 0 12 0 13 1 6 1 11 1 12 1 13 2 7 2 8 2 10 2 12 2 13 3 7 3 8 3 10 3 12 3 13 4 9 4 10 4 11 4 12 4 13 5 9 5 10 5 11 5 12 5 13 6 8 6 9 6 10 7 9 7 11 8 11
m14_1060 14 34 0 6 0 11 0 12 0 13 1 6 1 11 1 12 1 13 2 7 2 8 2 10 2 13 3 7 3 8 3 10 3 13 4 9 4 10 4 11 4 12 4 13 5 9 5 10 5 11 5 12 5 13 6 8 6 9 6 10 7 9 7 11 7 12 8 11 8 12
m14_1061 14 33 0 6 0 11 0 12 0 13 1 6 1 11 1 12 1 13 2 7 2 8 2 10 2 11 2 12 3 7 3 8 3 10 3 11 3 12 4 9 4 10 4 12 4 13 5 9 5 10 5 12 5 13 6 8 6 9 6 10 7 9 7 13 8 13 9 11
m14_1062 14 33 0 6 0 11 0 12 0 13 1 6 1 11 1 12 1 13 2 7 2 8 2 10 2 11 3 7 3 8 3 10 3 11 4 9 4 10 4 12 4 13 5 9 5 10 5 12 5 13 6 8 6 9 6 10 7 9 7 12 7 13 8 12 8 13 9 11
m14_1063 14 33 0 6 0 10 0 11 0 13 1 6 1 10 1 11 1 13 2 7 2 8 2 12 2 13 3 7 3 8 3 12 3 13 4 9 4 11 4 12 4 13 5 9 5 11 5 12 5 13 6 8 6 9 6 12 7 9 7 10 7 11 8 10 8 11 10 12
m14_1064 14 32 0 6 0 10 0 11 0 12 1 6 1 10 1 11 1 12 2 7 2 8 2 11 2 13 3 7 3 8 3 11 3 13 4 9 4 12 4 13 5 9 5 12 5 13 6 8 6 9 6 13 7 9 7 10 7 12 8 10 8 12 9 11 10 13
m14_1065 14 32 0 6 0 10 0 12 0 13 1 6 1 11 1 12 1 13 2 7 2 8 2 11 2 13 3 7 3 8 3 11 3 13 4 9 4 10 4 12 4 13 5 9 5 11 5 12 5 13 6 8 6 9 7 9 7 10 7 12 8 10 8 12 10 11
m14_1066 14 35 0 6 0 10 0 11 0 12 0 13 1 6 1 10 1 11 1 12 1 13 2 7 2 8 2 11 2 12 2 13 3 7 3 8 3 11 3 12 3 13 4 9 4 10 4 11 4 12 4 13 5 9 5 10 5 11 5 12 5 13 6 8 6 9 7 9 7 10 8 10
m14_1067 14 35 0 6 0 10 0 11 0 12 0 13 1 6 1 10 1 11 1 12 1 13 2 7 2 8 2 12 2 13 3 7 3 8 3 12 3 13 4 9 4 10 4 11 4 12 4 13 5 9 5 10 5 11 5 12 5 13 6 8 6 9 7 9 7 10 7 11 8 10 8 11
m14_1068 14 33 0 6 0 9 0 10 0 11 0 12 1 6 1 9 1 10 1 11 1 12 2 7 2 8 2 9 2 10 2 12 3 7 3 8 3 9 3 10 3 12 4 8 4 12 4 13 5 11 5 12 5 13 6 8 6 13 7 11 7 13 8 11 9 13 10 13
m14_1069 14 35 0 6 0 9 0 11 0 12 0 13 1 6 1 9 1 11 1 12 1 13 2 7 2 9 2 10 2 12 2 13 3 7 3 9 3 10 3 12 3 13 4 8 4 10 4 11 4 12 4 13 5 8 5 10 5 11 5 12 5 13 6 8 6 10 7 8 7 11 8 9
m14_1070 14 36 0 6 0 7 0 8 0 11 0 12 0 13 1 6 1 9 1 11 1 12 1 13 2 7 2 8 2 10 2 11 2 12 2 13 3 7 3 8 3 10 3 11 3 12 3 13 4 9 4 10 4 11 4 12 4 13 5 9 5 10 5 11 5 12 5 13 6 10 7 9 8 9
m14_1071 14 35 0 6 0 7 0 8 0 12 0 13 1 6 1 9 1 12 1 13 2 7 2 8 2 10 2 11 2 12 2 13 3 7 3 8 3 10 3 11 3 12 3 13 4 9 4 10 4 11 4 12 4 13 5 9 5 10 5 11 5 12 5 13 6 10 6 11 7 9 8 9
m14_1072 14 35 0 6 0 7 0 8 0 12 0 13 1 6 1 9 1 10 1 12 1 13 2 7 2 8 2 11 2 12 2 13 3 7 3 8 3 11 3 12 3 13 4 9 4 10 4 11 4 12 4 13 5 9 5 10 5 11 5 12 5 13 6 11 7 9 7 10 8 9 8 10
m14_1073 14 34 0 6 0 7 0 8 0 13 1 6 1 9 1 10 1 13 2 7 2 8 2 11 2 12 2 13 3 7 3 8 3 11 3 12 3 13 4 9 4 10 4 11 4 12 4 13 5 9 5 10 5 11 5 12 5 13 6 11 6 12 7 9 7 10 8 9 8 10
m14_1074 14 39 0 6 0 7 0 8 0 9 0 11 0 13 1 6 1 7 1 8 1 9 1 11 1 13 2 6 2 7 2 8 2 9 2 11 2 13 3 9 3 10 3 11 3 12 3 13 4 9 4 10 4 11 4 12 4 13 5 9 5 10 5 11 5 12 5 13 6 10 6 12 7 10 7 12 8 10 8 12
m14_1075 14 36 0 6 0 7 0 8 0 9 0 12 1 6 1 7 1 12 1 13 2 6 2 7 2 12 2 13 3 8 3 9 3 10 3 11 3 12 4 8 4 9 4 10 4 11 4 12 5 8 5 9 5 10 5 11 5 12 6 10 6 11 7 10 7 11 8 13 9 13 10 13 11 13
m14_1076 14 34 0 6 0 7 0 8 0 9 0 12 1 6 1 7 1 8 1 9 1 12 2 6 2 8 2 9 2 11 2 12 3 7 3 8 3 9 3 10 3 12 4 10 4 11 4 12 4 13 5 10 5 11 5 12 5 13 6 10 6 13 7 11 7 13 8 13 9 13
m14_1077 14 37 0 6 0 7 0 8 0 9 0 11 0 13 1 6 1 7 1 8 1 9 1 11 1 13 2 6 2 7 2 8 2 9 2 11 2 13 3 7 3 8 3 9 3 10 3 11 3 13 4 10 4 11 4 12 4 13 5 10 5 11 5 12 5 13 6 10 6 12 7 12 8 12 9 12
m14_1078 14 33 0 5 0 7 0 8 0 10 0 13 1 6 1 8 1 11 1 12 1 13 2 7 2 8 2 10 2 12 2 13 3 8 3 10 3 11 3 12 3 13 4 9 4 10 4 11 4 12 4 13 5 9 5 11 5 12 6 9 6 10 7 9 7 11 8 9
m14_1079 14 29 0 5 0 7 0 9 0 11 1 6 1 9 1 12 1 13 2 7 2 9 2 11 2 13 3 8 3 11 3 12 3 13 4 8 4 11 4 12 4 13 5 10 5 12 5 13 6 10 6 11 7 10 7 12 8 9 8 10
m14_1080 14 31 0 5 0 8 0 9 0 11 1 6 1 8 1 9 1 10 2 7 2 8 2 10 2 11 3 7 3 10 3 11 3 13 4 9 4 10 4 11 4 12 5 10 5 12 5 13 6 11 6 12 6 13 7 9 7 12 8 12 8 13 9 13
m14_1081 14 30 0 5 0 8 0 10 0 13 1 6 1 8 1 9 1 12 2 7 2 8 2 12 2 13 3 7 3 11 3 12 3 13 4 9 4 10 4 11 4 12 5 9 5 11 5 12 6 10 6 11 6 13 7 9 7 10 8 11 9 13
m14_1082 14 31 0 5 0 6 0 8 0 9 1 6 1 7 1 12 1 13 2 7 2 8 2 10 2 12 3 8 3 9 3 10 3 12 4 9 4 10 4 11 4 12 5 11 5 12 5 13 6 10 6 11 7 9 7 11 8 11 8 13 9 13 10 13
m14_1083 14 31 0 5 0 6 0 8 0 9 1 6 1 7 1 10 1 12 2 7 2 8 2 11 2 12 3 8 3 9 3 11 3 12 3 13 4 9 4 10 4 11 4 12 4 13 5 10 5 11 5 12 5 13 6 11 6 13 7 9 7 13 8 10
m14_1084 14 28 0 5 0 9 0 11 0 12 1 6 1 7 1 12 1 13 2 6 2 8 2 11 2 13 3 7 3 9 3 12 3 13 4 8 4 9 4 11 4 13 5 10 5 13 6 9 6 10 7 10 7 11 8 10 8 12
m14_1085 14 31 0 5 0 7 0 11 0 12 0 13 1 6 1 7 1 8 1 12 2 6 2 9 2 11 2 12 3 7 3 10 3 11 3 12 3 13 4 8 4 9 4 10 4 12 5 8 5 9 5 10 6 10 6 13 7 9 8 11 8 13 9 13
m14_1086 14 32 0 5 0 6 0 11 0 12 0 13 1 5 1 7 1 10 1 12 1 13 2 6 2 9 2 11 2 12 2 13 3 7 3 9 3 10 3 12 3 13 4 8 4 9 4 10 4 11 4 12 5 8 5 9 6 8 6 10 7 8 7 11 8 13
m14_1087 14 31 0 4 0 6 0 8 0 10 1 5 1 7 1 8 1 9 2 6 2 8 2 10 2 11 3 7 3 8 3 9 3 11 4 9 4 11 4 12 5 10 5 11 5 12 6 9 6 12 7 10 7 12 8 13 9 13 10 13 11 13 12 13
m14_1088 14 27 0 9 0 10 0 11 0 12 1 9 1 10 1 11 1 12 2 9 2 10 2 11 2 12 3 12 3 13 4 12 4 13 5 12 5 13 6 12 6 13 7 12 7 13 8 12 8 13 9 13 10 13 11 13
m14_1089 14 32 0 9 0 10 0 12 0 13 1 9 1 10 1 12 1 13 2 9 2 10 2 12 2 13 3 11 3 12 3 13 4 11 4 12 4 13 5 11 5 12 5 13 6 11 6 12 6 13 7 11 7 12 7 13 8 11 8 12 8 13 9 11 10 11
m14_1090 14 31 0 9 0 10 0 13 1 9 1 10 1 13 2 9 2 10 2 13 3 11 3 12 3 13 4 11 4 12 4 13 5 11 5 12 5 13 6 11 6 12 6 13 7 11 7 12 7 13 8 11 8 12 8 13 9 11 9 12 10 11 10 12
m14_1091 14 29 0 9 0 10 0 13 1 9 1 10 1 13 2 9 2 12 2 13 3 10 3 11 3 13 4 11 4 12 4 13 5 11 5 12 5 13 6 11 6 12 6 13 7 11 7 12 7 13 8 11 8 12 8 13 9 11 10 12
m14_1092 14 30 0 9 0 10 0 13 1 9 1 10 1 13 2 9 2 10 2 13 3 10 3 11 3 13 4 11 4 12 4 13 5 11 5 12 5 13 6 11 6 12 6 13 7 11 7 12 7 13 8 11 8 12 8 13 9 11 9 12 10 12
m14_1093 14 29 0 9 0 10 0 13 1 9 1 12 1 13 2 9 2 12 2 13 3 10 3 11 3 13 4 10 4 11 4 13 5 11 5 12 5 13 6 11 6 12 6 13 7 11 7 12 7 13 8 11 8 12 8 13 9 11 10 12
m14_1094 14 29 0 9 0 10 0 13 1 9 1 10 1 13 2 9 2 11 2 13 3 10 3 12 3 13 4 10 4 12 4 13 5 11 5 12 5 13 6 11 6 12 6 13 7 11 7 12 7 13 8 11 8 12 8 13 9 12 10 11
m14_1095 14 29 0 9 0 10 0 13 1 9 1 11 1 13 2 9 2 11 2 13 3 10 3 12 3 13 4 10 4 12 4 13 5 10 5 12 5 13 6 11 6 12 6 13 7 11 7 12 7 13 8 11 8 12 8 13 9 12 10 11
m14_1096 14 30 0 9 0 12 0 13 1 9 1 12 1 13 2 9 2 12 2 13 3 10 3 11 3 13 4 10 4 11 4 13 5 10 5 11 5 13 6 11 6 12 6 13 7 11 7 12 7 13 8 11 8 12 8 13 9 10 9 11 10 12
m14_1097 14 30 0 9 0 11 0 13 1 9 1 11 1 13 2 9 2 11 2 13 3 10 3 12 3 13 4 10 4 12 4 13 5 10 5 12 5 13 6 10 6 12 6 13 7 11 7 12 7 13 8 11 8 12 8 13 9 10 9 12 10 11
m14_1098 14 37 0 9 0 11 0 12 0 13 1 9 1 11 1 12 1 13 2 9 2 11 2 12 2 13 3 10 3 11 3 12 3 13 4 10 4 11 4 12 4 13 5 10 5 11 5 12 5 13 6 10 6 11 6 12 6 13 7 10 7 11 7 12 7 13 8 10 8 11 8 12 8 13 9 10
m14_1099 14 35 0 9 0 12 0 13 1 9 1 12 1 13 2 9 2 12 2 13 3 10 3 11 3 12 3 13 4 10 4 11 4 12 4 13 5 10 5 11 5 12 5 13 6 10 6 11 6 12 6 13 7 10 7 11 7 12 7 13 8 10 8 11 8 12 8 13 9 10 9 11
m14_1100 14 33 0 9 0 13 1 9 1 13 2 9 2 13 3 10 3 11 3 12 3 13 4 10 4 11 4 12 4 13 5 10 5 11 5 12 5 13 6 10 6 11 6 12 6 13 7 10 7 11 7 12 7 13 8 10 8 11 8 12 8 13 9 10 9 11 9 12
m14_1101 14 29 0 9 0 10 0 11 0 13 1 9 1 10 1 11 1 13 2 9 2 10 2 11 2 13 3 9 3 10 3 11 3 13 4 12 4 13 5 12 5 13 6 12 6 13 7 12 7 13 8 12 8 13 9 12 10 12 11 12
m14_1102 14 33 0 9 0 10 0 12 0 13 1 9 1 10 1 12 1 13 2 9 2 10 2 12 2 13 3 9 3 10 3 12 3 13 4 11 4 12 4 13 5 11 5 12 5 13 6 11 6 12 6 13 7 11 7 12 7 13 8 11 8 12 8 13 9 11 10 11
m14_1103 14 31 0 9 0 10 0 13 1 9 1 10 1 13 2 9 2 10 2 13 3 9 3 10 3 13 4 11 4 12 4 13 5 11 5 12 5 13 6 11 6 12 6 13 7 11 7 12 7 13 8 11 8 12 8 13 9 11 9 12 10 11 10 12
m14_1104 14 29 0 9 0 10 0 13 1 9 1 10 1 13 2 9 2 10 2 13 3 9 3 12 3 13 4 10 4 11 4 13 5 11 5 12 5 13 6 11 6 12 6 13 7 11 7 12 7 13 8 11 8 12 8 13 9 11 10 12
m14_1105 14 29 0 9 0 10 0 13 1 9 1 10 1 13 2 9 2 12 2 13 3 9 3 12 3 13 4 10 4 11 4 13 5 10 5 11 5 13 6 11 6 12 6 13 7 11 7 12 7 13 8 11 8 12 8 13 9 11 10 12
m14_1106 14 29 0 9 0 10 0 13 1 9 1 12 1 13 2 9 2 12 2 13 3 9 3 12 3 13 4 10 4 11 4 13 5 10 5 11 5 13 6 10 6 11 6 13 7 11 7 12 7 13 8 11 8 12 8 13 9 11 10 12
m14_1107 14 30 0 9 0 12 0 13 1 9 1 12 1 13 2 9 2 12 2 13 3 9 3 12 3 13 4 10 4 11 4 13 5 10 5 11 5 13 6 10 6 11 6 13 7 10 7 11 7 13 8 11 8 12 8 13 9 10 9 11 10 12
m14_1108 14 37 0 9 0 11 0 12 0 13 1 9 1 11 1 12 1 13 2 9 2 11 2 12 2 13 3 9 3 11 3 12 3 13 4 10 4 11 4 12 4 13 5 10 5 11 5 12 5 13 6 10 6 11 6 12 6 13 7 10 7 11 7 12 7 13 8 10 8 11 8 12 8 13 9 10
m14_1109 14 34 0 9 0 12 0 13 1 9 1 12 1 13 2 9 2 12 2 13 3 9 3 12 3 13 4 10 4 11 4 12 4 13 5 10 5 11 5 12 5 13 6 10 6 11 6 12 6 13 7 10 7 11 7 12 7 13 8 10 8 11 8 12 8 13 9 10 9 11
m14_1110 14 31 0 9 0 10 0 11 0 13 1 9 1 10 1 11 1 13 2 9 2 10 2 11 2 13 3 9 3 10 3 11 3 13 4 9 4 10 4 11 4 13 5 12 5 13 6 12 6 13 7 12 7 13 8 12 8 13 9 12 10 12 11 12
m14_1111 14 45 0 9 0 10 0 11 0 12 0 13 1 9 1 10 1 11 1 12 1 13 2 9 2 10 2 11 2 12 2 13 3 9 3 10 3 11 3 12 3 13 4 9 4 10 4 11 4 12 4 13 5 9 5 10 5 11 5 12 5 13 6 9 6 10 6 11 6 12 6 13 7 9 7 10 7 11 7 12 7 13 8 9 8 10 8 11 8 12 8 13
m14_1112 14 31 0 8 0 9 0 10 0 12 1 8 1 9 1 10 1 12 2 10 2 12 2 13 3 10 3 12 3 13 4 11 4 12 4 13 5 11 5 12 5 13 6 11 6 12 6 13 7 11 7 12 7 13 8 11 8 13 9 11 9 13 10 11
m14_1113 14 29 0 8 0 9 0 10 0 12 1 8 1 9 1 11 1 12 2 10 2 12 2 13 3 10 3 12 3 13 4 10 4 12 4 13 5 11 5 12 5 13 6 11 6 12 6 13 7 11 7 12 7 13 8 13 9 13 10 11
m14_1114 14 31 0 8 0 9 0 10 0 12 1 8 1 9 1 10 1 12 2 10 2 12 2 13 3 10 3 12 3 13 4 10 4 12 4 13 5 11 5 12 5 13 6 11 6 12 6 13 7 11 7 12 7 13 8 11 8 13 9 11 9 13 10 11
m14_1115 14 36 0 8 0 9 0 10 0 12 0 13 1 8 1 9 1 10 1 12 1 13 2 10 2 11 2 12 2 13 3 10 3 11 3 12 3 13 4 10 4 11 4 12 4 13 5 10 5 11 5 12 5 13 6 10 6 11 6 12 6 13 7 10 7 11 7 12 7 13 8 11 9 11
m14_1116 14 36 0 8 0 9 0 10 0 12 1 8 1 9 1 10 1 12 2 10 2 11 2 12 2 13 3 10 3 11 3 12 3 13 4 10 4 11 4 12 4 13 5 10 5 11 5 12 5 13 6 10 6 11 6 12 6 13 7 10 7 11 7 12 7 13 8 11 8 13 9 11 9 13
m14_1117 14 30 0 8 0 9 0 10 0 13 1 8 1 11 1 13 2 9 2 10 2 12 2 13 3 9 3 10 3 12 3 13 4 11 4 12 4 13 5 11 5 12 5 13 6 11 6 12 6 13 7 11 7 12 7 13 8 12 9 11 10 11
m14_1118 14 27 0 8 0 9 0 12 1 8 1 10 1 11 2 9 2 10 2 13 3 9 3 10 3 13 4 11 4 12 4 13 5 11 5 12 5 13 6 11 6 12 6 13 7 11 7 12 7 13 8 13 9 11 10 12
m14_1119 14 29 0 8 0 9 0 13 1 8 1 12 1 13 2 9 2 10 2 13 3 9 3 10 3 13 4 10 4 11 4 13 5 11 5 12 5 13 6 11 6 12 6 13 7 11 7 12 7 13 8 10 8 11 9 11 9 12 10 12
m14_1120 14 29 0 8 0 9 0 13 1 8 1 10 1 13 2 9 2 12 2 13 3 9 3 12 3 13 4 10 4 11 4 13 5 10 5 11 5 13 6 11 6 12 6 13 7 11 7 12 7 13 8 11 8 12 9 10 9 11 10 12
m14_1121 14 34 0 8 0 9 0 12 0 13 1 8 1 10 1 12 1 13 2 9 2 11 2 12 2 13 3 9 3 11 3 12 3 13 4 10 4 11 4 12 4 13 5 10 5 11 5 12 5 13 6 10 6 11 6 12 6 13 7 10 7 11 7 12 7 13 8 11 9 10
m14_1122 14 33 0 8 0 9 0 13 1 8 1 10 1 13 2 9 2 11 2 12 2 13 3 9 3 11 3 12 3 13 4 10 4 11 4 12 4 13 5 10 5 11 5 12 5 13 6 10 6 11 6 12 6 13 7 10 7 11 7 12 7 13 8 11 8 12 9 10
m14_1123 14 32 0 8 0 9 0 13 1 8 1 10 1 11 1 13 2 9 2 12 2 13 3 9 3 12 3 13 4 10 4 11 4 12 4 13 5 10 5 11 5 12 5 13 6 10 6 11 6 12 6 13 7 10 7 11 7 12 7 13 8 12 9 10 9 11
m14_1124 14 32 0 8 0 9 0 13 1 8 1 11 1 13 2 9 2 12 2 13 3 9 3 12 3 13 4 10 4 11 4 12 4 13 5 10 5 11 5 12 5 13 6 10 6 11 6 12 6 13 7 10 7 11 7 12 7 13 8 10 8 12 9 10 9 11
m14_1125 14 31 0 7 0 8 0 9 0 12 1 8 1 9 1 10 1 12 2 9 2 10 2 12 2 13 3 9 3 10 3 12 3 13 4 11 4 12 4 13 5 11 5 12 5 13 6 11 6 12 6 13 7 10 7 13 8 11 8 13 9 11 10 11
m14_1126 14 30 0 7 0 8 0 9 0 12 1 8 1 9 1 12 1 13 2 9 2 10 2 13 3 9 3 10 3 13 4 11 4 12 4 13 5 11 5 12 5 13 6 11 6 12 6 13 7 10 7 11 7 13 8 10 8 11 9 11 10 12
m14_1127 14 34 0 7 0 8 0 9 0 12 1 8 1 9 1 12 1 13 2 9 2 11 2 12 2 13 3 9 3 11 3 12 3 13 4 10 4 11 4 12 4 13 5 10 5 11 5 12 5 13 6 10 6 11 6 12 6 13 7 10 7 11 7 13 8 10 8 11 9 10
m14_1128 14 33 0 7 0 8 0 10 0 11 0 12 1 8 1 9 1 11 1 12 2 9 2 11 2 12 2 13 3 10 3 11 3 12 3 13 4 10 4 11 4 12 4 13 5 10 5 11 5 12 5 13 6 10 6 11 6 12 6 13 7 9 7 13 8 13 9 10
m14_1129 14 33 0 7 0 8 0 10 0 11 1 8 1 9 1 11 1 12 2 9 2 11 2 12 2 13 3 10 3 11 3 12 3 13 4 10 4 11 4 12 4 13 5 10 5 11 5 12 5 13 6 10 6 11 6 12 6 13 7 9 7 12 7 13 8 13 9 10
m14_1130 14 33 0 7 0 8 0 10 0 11 1 8 1 9 1 11 2 9 2 11 2 12 2 13 3 10 3 11 3 12 3 13 4 10 4 11 4 12 4 13 5 10 5 11 5 12 5 13 6 10 6 11 6 12 6 13 7 9 7 12 7 13 8 12 8 13 9 10
m14_1131 14 32 0 7 0 8 0 10 0 11 0 12 1 8 1 9 1 12 2 9 2 12 2 13 3 10 3 11 3 12 3 13 4 10 4 11 4 12 4 13 5 10 5 11 5 12 5 13 6 10 6 11 6 12 6 13 7 9 7 13 8 13 9 10 9 11
m14_1132 14 32 0 7 0 8 0 10 0 12 1 8 1 9 1 12 2 9 2 12 2 13 3 10 3 11 3 12 3 13 4 10 4 11 4 12 4 13 5 10 5 11 5 12 5 13 6 10 6 11 6 12 6 13 7 9 7 13 8 11 8 13 9 10 9 11
m14_1133 14 31 0 7 0 8 0 12 0 13 1 8 1 9 1 10 1 13 2 8 2 9 2 10 2 13 3 9 3 10 3 11 3 13 4 11 4 12 4 13 5 11 5 12 5 13 6 11 6 12 6 13 7 9 7 10 7 11 8 11 9 12 10 12
m14_1134 14 31 0 7 0 8 0 13 1 8 1 9 1 10 1 13 2 8 2 9 2 10 2 13 3 9 3 10 3 12 3 13 4 11 4 12 4 13 5 11 5 12 5 13 6 11 6 12 6 13 7 9 7 10 7 12 8 11 8 12 9 11 10 11
m14_1135 14 30 0 7 0 8 0 9 0 12 1 7 1 9 1 11 1 12 2 8 2 9 2 10 2 12 3 10 3 12 3 13 4 10 4 12 4 13 5 11 5 12 5 13 6 11 6 12 6 13 7 10 7 13 8 11 8 13 9 13 10 11
m14_1136 14 33 0 7 0 8 0 9 0 12 1 7 1 9 1 11 1 12 2 8 2 9 2 10 2 12 3 10 3 11 3 12 3 13 4 10 4 11 4 12 4 13 5 10 5 11 5 12 5 13 6 10 6 11 6 12 6 13 7 10 7 13 8 11 8 13 9 13
m14_1137 14 31 0 7 0 10 0 12 0 13 1 7 1 10 1 12 1 13 2 8 2 9 2 10 2 13 3 8 3 9 3 10 3 13 4 9 4 11 4 13 5 11 5 12 5 13 6 11 6 12 6 13 7 9 7 11 8 11 8 12 9 12 10 11
m14_1138 14 31 0 7 0 12 0 13 1 7 1 12 1 13 2 8 2 9 2 10 2 13 3 8 3 9 3 10 3 13 4 9 4 10 4 11 4 13 5 11 5 12 5 13 6 11 6 12 6 13 7 9 7 10 7 11 8 11 8 12 9 12 10 12
m14_1139 14 31 0 7 0 12 0 13 1 7 1 12 1 13 2 8 2 9 2 13 3 8 3 9 3 13 4 9 4 10 4 11 4 13 5 10 5 11 5 12 5 13 6 10 6 11 6 12 6 13 7 9 7 10 7 11 8 10 8 11 8 12 9 12
m14_1140 14 33 0 7 0 11 0 12 0 13 1 7 1 11 1 12 1 13 2 8 2 9 2 12 2 13 3 8 3 9 3 12 3 13 4 9 4 10 4 12 4 13 5 10 5 11 5 12 5 13 6 10 6 11 6 12 6 13 7 9 7 10 8 10 8 11 9 11
m14_1141 14 32 0 7 0 11 0 13 1 7 1 11 1 13 2 8 2 9 2 12 2 13 3 8 3 9 3 12 3 13 4 9 4 10 4 12 4 13 5 10 5 11 5 12 5 13 6 10 6 11 6 12 6 13 7 9 7 10 7 12 8 10 8 11 9 11
m14_1142 14 32 0 7 0 11 0 12 0 13 1 7 1 11 1 12 1 13 2 8 2 9 2 13 3 8 3 9 3 13 4 9 4 10 4 12 4 13 5 10 5 11 5 12 5 13 6 10 6 11 6 12 6 13 7 9 7 10 8 10 8 11 8 12 9 11
m14_1143 14 32 0 7 0 11 0 12 0 13 1 7 1 11 1 12 1 13 2 8 2 9 2 13 3 8 3 9 3 13 4 9 4 10 4 13 5 10 5 11 5 12 5 13 6 10 6 11 6 12 6 13 7 9 7 10 8 10 8 11 8 12 9 11 9 12
m14_1144 14 32 0 7 0 8 0 9 0 13 1 7 1 9 1 10 1 13 2 8 2 9 2 12 2 13 3 8 3 11 3 12 3 13 4 10 4 11 4 12 4 13 5 10 5 11 5 12 5 13 6 10 6 11 6 12 6 13 7 11 7 12 8 10 9 11
m14_1145 14 31 0 7 0 8 0 10 0 13 1 7 1 9 1 10 1 13 2 8 2 10 2 11 2 13 3 8 3 10 3 11 3 13 4 9 4 12 4 13 5 9 5 12 5 13 6 11 6 12 6 13 7 11 7 12 8 9 8 12 9 11 10 12
m14_1146 14 32 0 7 0 8 0 11 0 13 1 7 1 9 1 10 1 13 2 8 2 11 2 12 2 13 3 8 3 11 3 12 3 13 4 9 4 10 4 12 4 13 5 9 5 10 5 12 5 13 6 10 6 11 6 12 6 13 7 12 8 9 8 10 9 11
m14_1147 14 32 0 7 0 8 0 11 0 13 1 7 1 9 1 13 2 8 2 11 2 12 2 13 3 8 3 11 3 12 3 13 4 9 4 10 4 12 4 13 5 9 5 10 5 12 5 13 6 10 6 11 6 12 6 13 7 10 7 12 8 9 8 10 9 11
m14_1148 14 33 0 7 0 8 0 12 0 13 1 7 1 9 1 12 1 13 2 8 2 11 2 12 2 13 3 8 3 11 3 12 3 13 4 9 4 10 4 12 4 13 5 9 5 10 5 12 5 13 6 10 6 11 6 12 6 13 7 10 7 11 8 9 8 10 9 11
m14_1149 14 32 0 7 0 8 0 13 1 7 1 9 1 13 2 8 2 11 2 12 2 13 3 8 3 11 3 12 3 13 4 9 4 10 4 12 4 13 5 9 5 10 5 12 5 13 6 10 6 11 6 12 6 13 7 10 7 11 7 12 8 9 8 10 9 11
m14_1150 14 31 0 7 0 12 0 13 1 7 1 12 1 13 2 8 2 9 2 10 2 13 3 8 3 9 3 10 3 13 4 8 4 9 4 10 4 13 5 11 5 12 5 13 6 11 6 12 6 13 7 10 7 11 8 11 8 12 9 11 9 12 10 12
m14_1151 14 31 0 7 0 11 0 13 1 7 1 11 1 13 2 8 2 9 2 12 2 13 3 8 3 9 3 12 3 13 4 8 4 9 4 12 4 13 5 10 5 11 5 13 6 10 6 12 6 13 7 10 7 12 8 10 8 11 9 10 9 11 11 12
m14_1152 14 32 0 7 0 11 0 13 1 7 1 11 1 13 2 8 2 9 2 12 2 13 3 8 3 9 3 12 3 13 4 8 4 9 4 12 4 13 5 10 5 11 5 12 5 13 6 10 6 11 6 12 6 13 7 10 7 12 8 10 8 11 9 10 9 11
m14_1153 14 31 0 7 0 11 0 13 1 7 1 11 1 13 2 8 2 9 2 12 2 13 3 8 3 9 3 12 3 13 4 8 4 9 4 12 4 13 5 10 5 11 5 12 6 10 6 11 6 12 7 10 7 12 8 10 8 11 9 10 9 11 10 13
m14_1154 14 33 0 7 0 9 0 10 0 13 1 7 1 11 1 13 2 8 2 9 2 10 2 12 2 13 3 8 3 9 3 10 3 12 3 13 4 8 4 9 4 10 4 12 4 13 5 11 5 12 5 13 6 11 6 12 6 13 7 8 7 12 8 11 9 11 10 11
m14_1155 14 31 0 7 0 8 0 9 0 13 1 7 1 8 1 12 1 13 2 7 2 9 2 11 2 13 3 8 3 9 3 10 3 13 4 10 4 11 4 12 4 13 5 10 5 11 5 12 5 13 6 10 6 11 6 12 6 13 7 10 8 11 9 12
m14_1156 14 38 0 7 0 10 0 11 0 12 0 13 1 7 1 10 1 11 1 12 1 13 2 7 2 10 2 11 2 12 2 13 3 8 3 9 3 11 3 12 3 13 4 8 4 9 4 11 4 12 4 13 5 8 5 9 5 11 5 12 5 13 6 9 6 10 6 11 6 12 6 13 7 8 7 9 8 10
m14_1157 14 33 0 6 0 8 0 11 0 13 1 7 1 8 1 11 1 12 2 8 2 11 2 12 2 13 3 9 3 10 3 12 3 13 4 10 4 11 4 12 4 13 5 10 5 11 5 12 5 13 6 9 6 10 6 12 7 9 7 10 7 13 8 9 8 10 9 11
m14_1158 14 30 0 6 0 9 0 11 0 12 1 7 1 9 1 10 1 12 2 8 2 12 2 13 3 8 3 12 3 13 4 10 4 11 4 12 4 13 5 10 5 11 5 12 5 13 6 10 6 13 7 11 7 13 8 9 8 10 8 11 9 13
m14_1159 14 31 0 6 0 9 0 12 1 7 1 9 1 11 2 8 2 11 2 12 2 13 3 8 3 11 3 12 3 13 4 10 4 11 4 12 4 13 5 10 5 11 5 12 5 13 6 10 6 11 6 13 7 10 7 12 7 13 8 9 8 10 9 13
m14_1160 14 33 0 6 0 8 0 12 0 13 1 7 1 9 1 11 1 13 2 8 2 11 2 12 2 13 3 8 3 11 3 12 3 13 4 9 4 10 4 11 4 12 4 13 5 9 5 10 5 11 5 12 5 13 6 9 6 10 6 11 7 10 7 12 8 9 8 10
m14_1161 14 33 0 6 0 8 0 9 0 10 0 12 1 7 1 8 1 9 1 10 1 11 2 8 2 9 2 10 2 11 2 12 3 8 3 9 3 10 3 11 3 12 4 11 4 12 4 13 5 11 5 12 5 13 6 11 6 13 7 12 7 13 8 13 9 13 10 13
m14_1162 14 34 0 6 0 8 0 9 0 10 0 12 1 7 1 8 1 9 1 10 1 11 2 8 2 9 2 10 2 11 2 12 3 8 3 9 3 10 3 11 3 12 4 10 4 11 4 12 4 13 5 10 5 11 5 12 5 13 6 11 6 13 7 12 7 13 8 13 9 13
m14_1163 14 34 0 6 0 8 0 9 0 12 1 7 1 8 1 9 1 10 1 11 2 8 2 9 2 10 2 11 2 12 3 8 3 9 3 10 3 11 3 12 4 10 4 11 4 12 4 13 5 10 5 11 5 12 5 13 6 10 6 11 6 13 7 12 7 13 8 13 9 13
m14_1164 14 34 0 6 0 8 0 9 0 11 1 7 1 8 1 9 1 10 2 8 2 9 2 10 2 11 2 13 3 8 3 9 3 10 3 11 3 13 4 10 4 11 4 12 4 13 5 10 5 11 5 12 5 13 6 10 6 12 6 13 7 11 7 12 7 13 8 12 9 12
m14_1165 14 34 0 6 0 8 0 9 0 11 1 7 1 8 1 9 1 10 2 8 2 9 2 10 2 11 3 8 3 9 3 10 3 11 4 10 4 11 4 12 4 13 5 10 5 11 5 12 5 13 6 10 6 12 6 13 7 11 7 12 7 13 8 12 8 13 9 12 9 13
m14_1166 14 31 0 6 0 7 0 12 0 13 1 7 1 8 1 9 1 13 2 8 2 9 2 10 2 13 3 8 3 9 3 10 3 13 4 11 4 12 4 13 5 11 5 12 5 13 6 9 6 10 6 11 7 10 7 11 8 11 8 12 9 12 10 12
m14_1167 14 39 0 6 0 7 0 8 0 9 0 10 0 13 1 7 1 8 1 9 1 10 1 12 1 13 2 8 2 9 2 10 2 11 2 12 2 13 3 8 3 9 3 10 3 11 3 12 3 13 4 8 4 9 4 10 4 11 4 12 4 13 5 8 5 9 5 10 5 11 5 12 5 13 6 11 6 12 7 11
m14_1168 14 33 0 6 0 9 0 10 0 12 1 7 1 8 1 9 1 10 1 11 2 7 2 8 2 9 2 10 2 11 3 9 3 10 3 11 3 12 4 9 4 10 4 11 4 12 5 11 5 12 5 13 6 11 6 13 7 12 7 13 8 12 8 13 9 13 10 13
m14_1169 14 32 0 6 0 8 0 9 0 12 1 7 1 11 1 12 1 13 2 7 2 11 2 12 2 13 3 8 3 10 3 11 3 12 4 9 4 10 4 12 4 13 5 9 5 10 5 12 5 13 6 10 6 11 6 13 7 8 7 9 7 10 8 13 9 11
m14_1170 14 32 0 6 0 8 0 10 0 11 1 7 1 11 1 12 1 13 2 7 2 11 2 12 2 13 3 8 3 10 3 11 3 12 4 9 4 10 4 12 4 13 5 9 5 10 5 12 5 13 6 9 6 12 6 13 7 8 7 9 7 10 8 13 9 11
m14_1171 14 32 0 6 0 8 0 11 0 13 1 7 1 11 1 12 1 13 2 7 2 11 2 12 2 13 3 8 3 11 3 12 3 13 4 9 4 10 4 12 4 13 5 9 5 10 5 12 5 13 6 9 6 10 6 12 7 8 7 9 8 10 9 11 10 11
m14_1172 14 33 0 6 0 8 0 10 0 11 1 7 1 10 1 11 1 12 1 13 2 7 2 10 2 11 2 12 2 13 3 8 3 10 3 11 3 13 4 9 4 11 4 12 4 13 5 9 5 11 5 12 5 13 6 9 6 12 6 13 7 8 7 9 8 12 9 10
m14_1173 14 32 0 6 0 8 0 10 0 12 1 7 1 10 1 12 1 13 2 7 2 10 2 12 2 13 3 8 3 10 3 11 3 12 4 9 4 11 4 12 4 13 5 9 5 11 5 12 5 13 6 9 6 11 6 13 7 8 7 9 7 11 8 13 9 10
m14_1174 14 31 0 6 0 8 0 10 0 11 1 7 1 10 1 13 2 7 2 10 2 13 3 8 3 10 3 11 3 12 3 13 4 9 4 11 4 12 4 13 5 9 5 11 5 12 5 13 6 9 6 12 6 13 7 8 7 11 7 12 8 9 9 10
m14_1175 14 31 0 6 0 8 0 10 0 11 1 7 1 10 1 13 2 7 2 10 2 13 3 8 3 10 3 11 3 12 4 9 4 11 4 12 4 13 5 9 5 11 5 12 5 13 6 9 6 12 6 13 7 8 7 11 7 12 8 9 8 13 9 10
m14_1176 14 32 0 6 0 8 0 10 0 13 1 7 1 10 1 12 1 13 2 7 2 10 2 12 2 13 3 8 3 10 3 11 3 12 3 13 4 9 4 11 4 12 4 13 5 9 5 11 5 12 5 13 6 9 6 11 6 12 7 8 7 11 8 9 9 10
m14_1177 14 32 0 6 0 8 0 10 0 13 1 7 1 10 1 12 1 13 2 7 2 10 2 12 2 13 3 8 3 10 3 11 3 13 4 9 4 11 4 12 4 13 5 9 5 11 5 12 5 13 6 9 6 11 6 12 7 8 7 11 8 9 8 12 9 10
m14_1178 14 32 0 6 0 8 0 11 0 12 1 7 1 10 1 12 1 13 2 7 2 10 2 12 2 13 3 8 3 9 3 11 3 13 4 8 4 11 4 12 4 13 5 9 5 10 5 11 5 13 6 9 6 10 6 13 7 8 7 9 7 11 8 10 9 12
m14_1179 14 33 0 6 0 8 0 11 0 12 1 7 1 10 1 11 1 12 1 13 2 7 2 10 2 11 2 12 2 13 3 8 3 9 3 12 3 13 4 8 4 11 4 12 4 13 5 9 5 10 5 12 5 13 6 9 6 10 6 13 7 8 7 9 8 10 9 11
m14_1180 14 37 0 6 0 7 0 8 0 12 0 13 1 7 1 8 1 11 1 12 1 13 2 7 2 8 2 11 2 12 2 13 3 9 3 10 3 11 3 12 3 13 4 9 4 10 4 11 4 12 4 13 5 9 5 10 5 11 5 12 5 13 6 9 6 10 6 11 7 9 7 10 8 9 8 10
m14_1181 14 37 0 6 0 7 0 8 0 13 1 7 1 8 1 11 1 12 1 13 2 7 2 8 2 11 2 12 2 13 3 9 3 10 3 11 3 12 3 13 4 9 4 10 4 11 4 12 4 13 5 9 5 10 5 11 5 12 5 13 6 9 6 10 6 11 6 12 7 9 7 10 8 9 8 10
m14_1182 14 33 0 6 0 7 0 8 0 12 1 7 1 8 1 9 1 10 1 12 2 7 2 8 2 9 2 10 2 12 3 8 3 9 3 10 3 11 3 12 4 11 4 12 4 13 5 11 5 12 5 13 6 9 6 10 6 11 7 11 7 13 8 13 9 13 10 13
m14_1183 14 34 0 6 0 7 0 8 0 12 0 13 1 7 1 11 1 12 1 13 2 7 2 11 2 12 2 13 3 8 3 9 3 10 3 12 3 13 4 8 4 9 4 10 4 12 4 13 5 9 5 10 5 11 5 12 5 13 6 9 6 10 6 11 7 9 7 10 8 11
m14_1184 14 34 0 6 0 7 0 8 0 13 1 7 1 11 1 12 1 13 2 7 2 11 2 12 2 13 3 8 3 9 3 10 3 12 3 13 4 8 4 9 4 10 4 12 4 13 5 9 5 10 5 11 5 12 5 13 6 9 6 10 6 11 6 12 7 9 7 10 8 11
m14_1185 14 35 0 6 0 7 0 8 0 11 0 12 1 7 1 10 1 11 1 12 1 13 2 7 2 10 2 11 2 12 2 13 3 8 3 9 3 11 3 12 3 13 4 8 4 9 4 11 4 12 4 13 5 9 5 10 5 11 5 12 5 13 6 9 6 10 6 13 7 9 8 10
m14_1186 14 35 0 6 0 7 0 8 0 11 1 7 1 10 1 11 1 12 1 13 2 7 2 10 2 11 2 12 2 13 3 8 3 9 3 11 3 12 3 13 4 8 4 9 4 11 4 12 4 13 5 9 5 10 5 11 5 12 5 13 6 9 6 10 6 12 6 13 7 9 8 10
m14_1187 14 35 0 6 0 7 0 8 0 12 1 7 1 8 1 9 1 10 1 12 1 13 2 7 2 8 2 9 2 10 2 12 2 13 3 7 3 8 3 9 3 10 3 12 3 13 4 11 4 12 4 13 5 11 5 12 5 13 6 9 6 10 6 13 7 11 8 11 9 11 10 11
m14_1188 14 32 0 6 0 7 0 9 0 10 0 12 1 6 1 7 1 9 1 10 1 12 2 8 2 10 2 12 2 13 3 8 3 10 3 12 3 13 4 9 4 11 4 12 5 11 5 12 5 13 6 11 6 13 7 11 7 13 8 9 8 11 9 13 10 11
m14_1189 14 32 0 6 0 7 0 9 0 10 0 12 1 6 1 7 1 9 1 10 1 12 2 8 2 12 2 13 3 8 3 12 3 13 4 9 4 10 4 11 4 12 5 10 5 11 5 12 5 13 6 11 6 13 7 11 7 13 8 9 8 10 8 11 9 13
m14_1190 14 33 0 6 0 7 0 9 0 11 0 12 1 6 1 7 1 9 1 11 1 12 2 8 2 11 2 12 2 13 3 8 3 11 3 12 3 13 4 9 4 10 4 11 4 12 5 10 5 11 5 12 5 13 6 10 6 13 7 10 7 13 8 9 8 10 9 13
m14_1191 14 33 0 6 0 7 0 9 0 11 1 6 1 7 1 9 1 11 2 8 2 11 2 12 2 13 3 8 3 11 3 12 3 13 4 9 4 10 4 11 4 12 5 10 5 11 5 12 5 13 6 10 6 12 6 13 7 10 7 12 7 13 8 9 8 10 9 13
m14_1192 14 32 0 6 0 7 0 9 0 13 1 6 1 7 1 9 1 13 2 8 2 12 2 13 3 8 3 12 3 13 4 9 4 10 4 11 4 13 5 10 5 11 5 12 5 13 6 10 6 11 6 12 7 10 7 11 7 12 8 9 8 10 8 11 9 12
m14_1193 14 33 0 6 0 7 0 9 0 10 0 11 1 6 1 7 1 9 1 10 1 11 2 8 2 10 2 11 2 12 3 8 3 10 3 11 3 12 4 9 4 10 4 11 4 12 5 9 5 12 5 13 6 12 6 13 7 12 7 13 8 9 8 13 10 13 11 13
m14_1194 14 34 0 6 0 7 0 9 0 11 0 13 1 6 1 7 1 9 1 11 1 13 2 8 2 11 2 12 2 13 3 8 3 11 3 12 3 13 4 9 4 10 4 11 4 12 4 13 5 9 5 10 5 11 5 12 5 13 6 10 6 12 7 10 7 12 8 9 8 10
m14_1195 14 33 0 6 0 7 0 9 0 11 0 12 1 6 1 7 1 9 1 11 1 12 2 8 2 12 2 13 3 8 3 12 3 13 4 9 4 10 4 11 4 12 4 13 5 9 5 10 5 11 5 12 5 13 6 10 6 13 7 10 7 13 8 9 8 10 8 11
m14_1196 14 33 0 6 0 7 0 9 0 11 0 12 1 6 1 7 1 9 1 11 1 12 2 8 2 12 2 13 3 8 3 12 3 13 4 9 4 10 4 11 4 12 5 9 5 10 5 11 5 12 6 10 6 13 7 10 7 13 8 9 8 10 8 11 9 13 11 13
m14_1197 14 40 0 6 0 7 0 8 0 10 0 12 0 13 1 6 1 7 1 8 1 10 1 12 1 13 2 8 2 9 2 10 2 11 2 12 2 13 3 8 3 9 3 10 3 11 3 12 3 13 4 8 4 9 4 10 4 11 4 12 4 13 5 8 5 9 5 10 5 11 5 12 5 13 6 9 6 11 7 9 7 11
m14_1198 14 33 0 6 0 7 0 11 0 12 0 13 1 6 1 8 1 10 1 12 1 13 2 7 2 8 2 9 2 12 2 13 3 9 3 10 3 11 3 12 3 13 4 9 4 10 4 11 4 12 4 13 5 9 5 10 5 11 5 12 5 13 6 9 7 10 8 11
m14_1199 14 33 0 6 0 7 0 11 0 12 1 6 1 8 1 10 1 12 2 7 2 8 2 9 2 12 3 9 3 10 3 11 3 12 3 13 4 9 4 10 4 11 4 12 4 13 5 9 5 10 5 11 5 12 5 13 6 9 6 13 7 10 7 13 8 11 8 13
m14_1200 14 32 0 6 0 7 0 11 0 13 1 6 1 8 1 10 1 13 2 7 2 8 2 9 2 12 2 13 3 9 3 10 3 11 3 12 3 13 4 9 4 10 4 11 4 12 4 13 5 9 5 10 5 11 5 12 5 13 6 9 6 12 7 10 8 11
m14_1201 14 31 0 6 0 7 0 11 1 6 1 8 1 10 2 7 2 8 2 9 2 12 2 13 3 9 3 10 3 11 3 12 3 13 4 9 4 10 4 11 4 12 4 13 5 9 5 10 5 11 5 12 5 13 6 9 6 12 6 13 7 10 8 11
m14_1202 14 36 0 6 0 7 0 12 0 13 1 6 1 11 1 12 1 13 2 7 2 8 2 9 2 10 2 12 2 13 3 8 3 9 3 10 3 11 3 12 3 13 4 8 4 9 4 10 4 11 4 12 4 13 5 8 5 9 5 10 5 11 5 12 5 13 6 8 6 9 6 10 7 11
m14_1203 14 37 0 6 0 7 0 11 0 12 0 13 1 6 1 10 1 11 1 12 1 13 2 7 2 8 2 9 2 11 2 12 2 13 3 8 3 9 3 10 3 11 3 12 3 13 4 8 4 9 4 10 4 11 4 12 4 13 5 8 5 9 5 10 5 11 5 12 5 13 6 8 6 9 7 10
m14_1204 14 36 0 6 0 7 0 12 0 13 1 6 1 10 1 11 1 12 1 13 2 7 2 8 2 9 2 12 2 13 3 8 3 9 3 10 3 11 3 12 3 13 4 8 4 9 4 10 4 11 4 12 4 13 5 8 5 9 5 10 5 11 5 12 5 13 6 8 6 9 7 10 7 11
m14_1205 14 33 0 6 0 7 0 8 0 11 0 12 1 6 1 7 1 8 1 11 1 12 2 7 2 8 2 9 2 10 2 12 3 9 3 10 3 12 3 13 4 10 4 11 4 12 4 13 5 10 5 11 5 12 5 13 6 9 6 10 6 13 7 13 8 13 9 11
m14_1206 14 34 0 6 0 7 0 8 0 10 0 11 0 13 1 6 1 7 1 8 1 10 1 11 1 13 2 7 2 8 2 9 2 11 2 13 3 9 3 11 3 12 3 13 4 10 4 11 4 12 4 13 5 10 5 11 5 12 5 13 6 9 6 12 7 12 8 12 9 10
m14_1207 14 34 0 6 0 7 0 8 0 10 0 11 1 6 1 7 1 8 1 10 1 11 2 7 2 8 2 9 2 11 3 9 3 11 3 12 3 13 4 10 4 11 4 12 4 13 5 10 5 11 5 12 5 13 6 9 6 12 6 13 7 12 7 13 8 12 8 13 9 10
m14_1208 14 33 0 6 0 7 0 8 0 10 0 12 1 6 1 7 1 8 1 10 1 12 2 7 2 8 2 9 2 12 3 9 3 12 3 13 4 10 4 11 4 12 4 13 5 10 5 11 5 12 5 13 6 9 6 13 7 11 7 13 8 11 8 13 9 10 9 11
m14_1209 14 39 0 6 0 7 0 10 0 11 0 12 0 13 1 6 1 7 1 10 1 11 1 12 1 13 2 7 2 8 2 10 2 11 2 12 2 13 3 8 3 9 3 10 3 11 3 12 3 13 4 8 4 9 4 10 4 11 4 12 4 13 5 8 5 9 5 10 5 11 5 12 5 13 6 8 6 9 7 9
m14_1210 14 38 0 6 0 7 0 11 0 12 0 13 1 6 1 7 1 11 1 12 1 13 2 7 2 8 2 10 2 11 2 12 2 13 3 8 3 9 3 10 3 11 3 12 3 13 4 8 4 9 4 10 4 11 4 12 4 13 5 8 5 9 5 10 5 11 5 12 5 13 6 8 6 9 6 10 7 9
m14_1211 14 35 0 6 0 10 0 11 0 12 0 13 1 6 1 10 1 11 1 12 1 13 2 7 2 9 2 11 2 12 2 13 3 7 3 9 3 11 3 12 3 13 4 8 4 9 4 11 4 12 4 13 5 8 5 10 5 11 5 12 5 13 6 8 6 9 7 8 7 10 9 10
m14_1212 14 34 0 6 0 10 0 12 0 13 1 6 1 10 1 12 1 13 2 7 2 9 2 11 2 12 2 13 3 7 3 9 3 11 3 12 3 13 4 8 4 9 4 11 4 12 4 13 5 8 5 10 5 11 5 12 5 13 6 8 6 9 6 11 7 8 7 10 9 10
m14_1213 14 33 0 6 0 10 0 12 0 13 1 6 1 10 1 12 1 13 2 7 2 9 2 11 2 13 3 7 3 9 3 11 3 13 4 8 4 9 4 11 4 12 4 13 5 8 5 10 5 11 5 12 5 13 6 8 6 9 6 11 7 8 7 10 7 12 9 10
m14_1214 14 33 0 6 0 10 0 12 0 13 1 6 1 10 1 12 1 13 2 7 2 9 2 11 2 12 2 13 3 7 3 9 3 11 3 12 3 13 4 8 4 9 4 11 4 13 5 8 5 10 5 11 5 13 6 8 6 9 6 11 7 8 7 10 8 12 9 10
m14_1215 14 34 0 6 0 10 0 11 0 12 0 13 1 6 1 10 1 11 1 12 1 13 2 7 2 9 2 11 2 12 2 13 3 7 3 9 3 11 3 12 3 13 4 8 4 9 4 12 4 13 5 8 5 10 5 12 5 13 6 8 6 9 7 8 7 10 8 11 9 10
m14_1216 14 34 0 6 0 7 0 8 0 12 0 13 1 6 1 8 1 9 1 12 1 13 2 7 2 8 2 11 2 12 2 13 3 7 3 10 3 11 3 12 3 13 4 9 4 10 4 11 4 12 4 13 5 9 5 10 5 11 5 12 5 13 6 10 6 11 7 9 8 10
m14_1217 14 33 0 6 0 7 0 8 0 13 1 6 1 8 1 9 1 13 2 7 2 8 2 11 2 12 2 13 3 7 3 10 3 11 3 12 3 13 4 9 4 10 4 11 4 12 4 13 5 9 5 10 5 11 5 12 5 13 6 10 6 11 6 12 7 9 8 10
m14_1218 14 33 0 6 0 7 0 8 0 13 1 6 1 8 1 9 1 13 2 7 2 8 2 12 2 13 3 7 3 10 3 11 3 12 3 13 4 9 4 10 4 11 4 12 4 13 5 9 5 10 5 11 5 12 5 13 6 10 6 11 6 12 7 9 8 10 8 11
m14_1219 14 33 0 6 0 7 0 8 0 13 1 6 1 8 1 9 1 13 2 7 2 8 2 12 2 13 3 7 3 11 3 12 3 13 4 9 4 10 4 11 4 12 4 13 5 9 5 10 5 11 5 12 5 13 6 10 6 11 6 12 7 9 7 10 8 10 8 11
m14_1220 14 29 0 6 0 7 0 8 0 13 1 6 1 10 1 11 1 13 2 7 2 9 2 11 2 12 3 7 3 11 3 12 3 13 4 8 4 9 4 10 4 12 5 8 5 10 5 12 5 13 6 9 6 12 7 10 8 11 9 13
m14_1221 14 37 0 6 0 7 0 8 0 9 0 12 0 13 1 6 1 7 1 8 1 9 1 12 1 13 2 7 2 8 2 9 2 10 2 12 2 13 3 7 3 8 3 9 3 10 3 12 3 13 4 10 4 11 4 12 4 13 5 10 5 11 5 12 5 13 6 10 6 11 7 11 8 11 9 11
m14_1222 14 37 0 6 0 7 0 8 0 9 0 12 1 6 1 7 1 8 1 9 1 12 2 7 2 8 2 9 2 10 2 12 3 7 3 8 3 9 3 10 3 12 4 10 4 11 4 12 4 13 5 10 5 11 5 12 5 13 6 10 6 11 6 13 7 11 7 13 8 11 8 13 9 11 9 13
m14_1223 14 32 0 5 0 8 0 9 0 11 0 12 1 6 1 8 1 9 1 10 1 12 2 7 2 8 2 9 2 10 2 11 3 9 3 10 3 11 3 12 3 13 4 9 4 10 4 11 4 12 4 13 5 10 5 13 6 11 6 13 7 12 7 13 8 13
m14_1224 14 32 0 5 0 8 0 9 0 12 1 6 1 8 1 9 1 11 2 7 2 8 2 9 2 10 3 9 3 10 3 11 3 12 3 13 4 9 4 10 4 11 4 12 4 13 5 10 5 11 5 13 6 10 6 12 6 13 7 11 7 12 7 13 8 13
m14_1225 14 31 0 5 0 8 0 10 0 11 0 13 1 6 1 8 1 9 1 11 2 7 2 8 2 9 2 10 3 10 3 11 3 12 3 13 4 10 4 11 4 12 4 13 5 9 5 12 6 10 6 12 6 13 7 11 7 12 7 13 8 12 9 13
m14_1226 14 31 0 5 0 8 0 10 0 11 1 6 1 8 1 9 1 11 2 7 2 8 2 9 2 10 3 10 3 11 3 12 3 13 4 10 4 11 4 12 4 13 5 9 5 12 6 10 6 12 6 13 7 11 7 12 7 13 8 12 8 13 9 13
m14_1227 14 31 0 5 0 8 0 10 0 13 1 6 1 8 1 9 1 11 2 7 2 8 2 9 2 10 3 10 3 11 3 12 3 13 4 10 4 11 4 12 4 13 5 9 5 11 5 12 6 10 6 12 6 13 7 11 7 12 7 13 8 12 9 13
m14_1228 14 31 0 5 0 8 0 10 0 11 0 12 1 6 1 8 1 9 1 12 2 7 2 8 2 9 2 11 3 9 3 11 3 12 3 13 4 10 4 11 4 12 4 13 5 9 5 13 6 10 6 11 6 13 7 10 7 12 7 13 8 13 9 10
m14_1229 14 31 0 5 0 8 0 10 0 11 1 6 1 8 1 9 1 12 2 7 2 8 2 9 2 11 3 9 3 11 3 12 3 13 4 10 4 11 4 12 4 13 5 9 5 12 5 13 6 10 6 11 6 13 7 10 7 12 7 13 8 13 9 10
m14_1230 14 31 0 5 0 8 0 11 0 12 1 6 1 8 1 9 1 12 2 7 2 8 2 9 2 11 3 9 3 11 3 12 3 13 4 10 4 11 4 12 4 13 5 9 5 13 6 10 6 11 6 13 7 10 7 12 7 13 8 10 8 13 9 10
m14_1231 14 32 0 5 0 8 0 11 0 12 1 6 1 8 1 9 1 10 1 12 2 7 2 8 2 9 2 10 2 11 3 9 3 10 3 11 3 12 3 13 4 9 4 10 4 11 4 12 4 13 5 9 5 10 5 13 6 11 6 13 7 12 7 13 8 13
m14_1232 14 32 0 5 0 8 0 10 0 12 1 6 1 8 1 9 1 12 2 7 2 8 2 9 2 10 2 11 3 9 3 10 3 11 3 12 3 13 4 9 4 10 4 11 4 12 4 13 5 9 5 11 5 13 6 10 6 11 6 13 7 12 7 13 8 13
m14_1233 14 33 0 5 0 8 0 10 0 11 1 6 1 8 1 9 1 11 2 7 2 8 2 9 2 10 3 9 3 10 3 11 3 12 3 13 4 9 4 10 4 11 4 12 4 13 5 9 5 12 5 13 6 10 6 12 6 13 7 11 7 12 7 13 8 12 8 13
m14_1234 14 32 0 5 0 8 0 10 0 12 1 6 1 8 1 9 1 11 2 7 2 8 2 9 2 10 3 9 3 10 3 11 3 12 3 13 4 9 4 10 4 11 4 12 4 13 5 9 5 11 5 13 6 10 6 12 6 13 7 11 7 12 7 13 8 13
m14_1235 14 32 0 5 0 8 0 12 1 6 1 8 1 9 1 11 2 7 2 8 2 9 2 10 3 9 3 10 3 11 3 12 3 13 4 9 4 10 4 11 4 12 4 13 5 9 5 10 5 11 5 13 6 10 6 12 6 13 7 11 7 12 7 13 8 13
m14_1236 14 31 0 5 0 8 0 11 0 13 1 6 1 8 1 10 1 13 2 7 2 8 2 9 2 10 2 11 3 10 3 11 3 12 3 13 4 10 4 11 4 12 4 13 5 9 5 10 5 12 6 9 6 11 6 12 7 12 7 13 8 12 9 13
m14_1237 14 27 0 5 0 8 0 13 1 6 1 8 1 10 1 11 2 7 2 8 2 9 2 11 3 11 3 12 3 13 4 11 4 12 4 13 5 9 5 10 5 11 6 9 6 13 7 10 7 13 8 12 9 12 10 12
m14_1238 14 30 0 5 0 8 0 12 0 13 1 6 1 8 1 10 1 12 2 7 2 8 2 9 2 13 3 11 3 12 3 13 4 11 4 12 4 13 5 9 5 10 5 11 6 9 6 11 6 13 7 10 7 11 7 12 8 11 9 12 10 13
m14_1239 14 31 0 5 0 8 0 11 0 13 1 6 1 8 1 10 1 13 2 7 2 8 2 9 2 11 3 10 3 11 3 12 3 13 4 10 4 11 4 12 4 13 5 9 5 10 5 12 6 9 6 11 6 12 7 10 7 12 7 13 8 12 9 13
m14_1240 14 29 0 5 0 8 0 12 0 13 1 6 1 8 1 11 1 13 2 7 2 8 2 9 2 13 3 10 3 11 3 12 3 13 4 10 4 11 4 12 4 13 5 9 5 11 6 9 6 12 7 10 7 11 7 12 8 10 9 10
m14_1241 14 29 0 5 0 8 0 12 1 6 1 8 1 11 1 13 2 7 2 8 2 9 2 13 3 10 3 11 3 12 3 13 4 10 4 11 4 12 4 13 5 9 5 11 5 13 6 9 6 12 7 10 7 11 7 12 8 10 9 10
m14_1242 14 32 0 5 0 8 0 11 1 6 1 8 1 10 2 7 2 8 2 9 2 12 3 9 3 10 3 11 3 12 3 13 4 9 4 10 4 11 4 12 4 13 5 9 5 10 5 12 5 13 6 9 6 11 6 12 6 13 7 10 7 11 7 13 8 13
m14_1243 14 33 0 5 0 8 0 11 1 6 1 8 1 10 2 7 2 8 2 9 3 9 3 10 3 11 3 12 3 13 4 9 4 10 4 11 4 12 4 13 5 9 5 10 5 12 5 13 6 9 6 11 6 12 6 13 7 10 7 11 7 12 7 13 8 12 8 13
m14_1244 14 32 0 5 0 8 0 9 0 12 1 6 1 8 1 9 1 11 2 7 2 8 2 9 2 10 3 8 3 9 3 10 3 11 3 12 4 10 4 11 4 12 4 13 5 10 5 11 5 13 6 10 6 12 6 13 7 11 7 12 7 13 8 13 9 13
m14_1245 14 31 0 5 0 8 0 12 0 13 1 6 1 8 1 9 1 12 2 7 2 8 2 9 2 11 3 8 3 11 3 12 3 13 4 9 4 10 4 11 4 12 5 9 5 10 5 11 6 10 6 11 6 13 7 10 7 12 7 13 8 10 9 13
m14_1246 14 31 0 5 0 8 0 12 0 13 1 6 1 8 1 11 1 13 2 7 2 8 2 9 2 11 3 8 3 11 3 12 3 13 4 9 4 10 4 11 4 12 5 9 5 10 5 11 6 9 6 10 6 12 7 10 7 12 7 13 8 10 9 13
m14_1247 14 32 0 5 0 8 0 11 0 12 0 13 1 6 1 8 1 10 1 12 1 13 2 7 2 8 2 10 2 11 2 13 3 8 3 10 3 11 3 12 3 13 4 9 4 10 4 11 4 12 4 13 5 9 5 10 6 9 6 11 7 9 7 12 8 9
m14_1248 14 33 0 5 0 7 0 8 0 9 0 10 1 6 1 8 1 9 1 11 1 12 2 7 2 8 2 9 2 10 2 11 3 9 3 10 3 11 3 12 3 13 4 9 4 10 4 11 4 12 4 13 5 11 5 12 5 13 6 10 6 13 7 12 7 13 8 13
m14_1249 14 33 0 5 0 7 0 8 0 9 0 10 1 6 1 8 1 9 1 12 2 7 2 8 2 9 2 10 2 11 3 9 3 10 3 11 3 12 3 13 4 9 4 10 4 11 4 12 4 13 5 11 5 12 5 13 6 10 6 11 6 13 7 12 7 13 8 13
m14_1250 14 32 0 5 0 7 0 8 0 12 1 6 1 8 1 9 1 11 2 7 2 8 2 9 2 12 3 9 3 11 3 12 3 13 4 10 4 11 4 12 4 13 5 9 5 11 5 13 6 10 6 12 6 13 7 10 7 11 7 13 8 10 8 13 9 10
m14_1251 14 33 0 5 0 7 0 8 0 11 1 6 1 8 1 9 1 10 1 12 2 7 2 8 2 9 2 10 2 11 3 9 3 10 3 11 3 12 3 13 4 9 4 10 4 11 4 12 4 13 5 9 5 10 5 12 5 13 6 11 6 13 7 12 7 13 8 13
m14_1252 14 33 0 5 0 7 0 8 0 10 1 6 1 8 1 9 1 12 2 7 2 8 2 9 2 10 2 11 3 9 3 10 3 11 3 12 3 13 4 9 4 10 4 11 4 12 4 13 5 9 5 11 5 12 5 13 6 10 6 11 6 13 7 12 7 13 8 13
m14_1253 14 32 0 5 0 7 0 8 0 9 0 10 1 6 1 8 1 11 1 12 2 7 2 8 2 9 2 10 2 11 3 9 3 10 3 11 3 13 4 10 4 11 4 12 4 13 5 11 5 12 5 13 6 9 6 10 6 13 7 12 7 13 8 13 9 12
m14_1254 14 33 0 5 0 7 0 8 0 9 0 10 1 6 1 8 1 11 1 12 2 7 2 8 2 9 2 10 2 11 3 9 3 10 3 11 3 12 3 13 4 9 4 10 4 11 4 12 4 13 5 11 5 12 5 13 6 9 6 10 6 13 7 12 7 13 8 13
m14_1255 14 33 0 5 0 7 0 8 0 9 0 10 1 6 1 8 1 12 2 7 2 8 2 9 2 10 2 11 3 9 3 10 3 11 3 12 3 13 4 9 4 10 4 11 4 12 4 13 5 11 5 12 5 13 6 9 6 10 6 11 6 13 7 12 7 13 8 13
m14_1256 14 33 0 5 0 7 0 8 0 9 1 6 1 8 1 12 2 7 2 8 2 9 2 10 2 11 3 9 3 10 3 11 3 12 3 13 4 9 4 10 4 11 4 12 4 13 5 10 5 11 5 12 5 13 6 9 6 10 6 11 6 13 7 12 7 13 8 13
m14_1257 14 31 0 5 0 7 0 8 0 10 1 6 1 8 1 11 1 12 2 7 2 8 2 9 2 10 2 11 3 10 3 11 3 12 3 13 4 10 4 11 4 12 4 13 5 9 5 11 5 13 6 9 6 10 6 13 7 12 7 13 8 13 9 12
m14_1258 14 31 0 5 0 7 0 8 0 10 1 6 1 8 1 11 1 12 2 7 2 8 2 9 2 10 3 10 3 11 3 12 3 13 4 10 4 11 4 12 4 13 5 9 5 12 5 13 6 9 6 10 6 13 7 11 7 12 7 13 8 13 9 11
m14_1259 14 31 0 5 0 7 0 8 0 10 0 11 1 6 1 8 1 10 1 12 2 7 2 8 2 9 2 11 3 10 3 11 3 12 3 13 4 10 4 11 4 12 4 13 5 9 5 12 5 13 6 9 6 11 6 13 7 12 7 13 8 13 9 10
m14_1260 14 31 0 5 0 7 0 8 0 11 1 6 1 8 1 12 2 7 2 8 2 9 2 11 3 10 3 11 3 12 3 13 4 10 4 11 4 12 4 13 5 9 5 12 5 13 6 9 6 11 6 13 7 10 7 12 7 13 8 10 8 13 9 10
m14_1261 14 31 0 5 0 7 0 8 0 10 1 6 1 8 1 9 1 11 2 7 2 8 2 10 2 11 2 12 3 9 3 10 3 11 3 13 4 10 4 11 4 12 4 13 5 11 5 12 5 13 6 10 6 12 6 13 7 9 7 13 8 13 9 12
m14_1262 14 31 0 5 0 7 0 8 0 10 1 6 1 8 1 9 1 11 2 7 2 8 2 10 2 11 3 9 3 10 3 11 3 13 4 10 4 11 4 12 4 13 5 11 5 12 5 13 6 10 6 12 6 13 7 9 7 13 8 12 8 13 9 12
m14_1263 14 34 0 5 0 7 0 8 0 11 1 6 1 8 1 9 1 10 2 7 2 8 2 10 2 11 3 9 3 10 3 11 3 12 3 13 4 9 4 10 4 11 4 12 4 13 5 9 5 10 5 12 5 13 6 11 6 12 6 13 7 9 7 12 7 13 8 12 8 13
m14_1264 14 33 0 5 0 7 0 8 0 12 1 6 1 8 1 9 1 10 1 11 2 7 2 8 2 10 2 12 3 9 3 10 3 11 3 12 3 13 4 9 4 10 4 11 4 12 4 13 5 9 5 10 5 11 5 13 6 12 6 13 7 9 7 11 7 13 8 13
m14_1265 14 34 0 5 0 7 0 8 0 10 1 6 1 8 1 9 2 7 2 8 2 10 2 11 3 9 3 10 3 11 3 12 3 13 4 9 4 10 4 11 4 12 4 13 5 9 5 11 5 12 5 13 6 10 6 11 6 12 6 13 7 9 7 12 7 13 8 12 8 13
m14_1266 14 33 0 5 0 7 0 8 0 11 1 6 1 8 1 9 1 10 2 7 2 8 2 11 2 12 3 9 3 10 3 11 3 12 3 13 4 9 4 10 4 11 4 12 4 13 5 9 5 10 5 12 5 13 6 11 6 12 6 13 7 9 7 10 7 13 8 13
m14_1267 14 34 0 5 0 7 0 8 0 10 1 6 1 7 1 8 1 9 2 7 2 8 2 9 2 10 2 11 3 8 3 9 3 10 3 11 3 12 4 9 4 10 4 11 4 12 4 13 5 9 5 11 5 12 5 13 6 10 6 11 6 12 6 13 7 12 7 13 8 13
m14_1268 14 31 0 5 0 8 0 10 0 11 1 6 1 7 1 10 1 12 2 6 2 10 2 11 2 12 3 7 3 8 3 9 3 10 3 12 4 8 4 9 4 11 4 12 4 13 5 9 5 12 5 13 6 8 6 9 6 13 7 11 7 13 10 13
m14_1269 14 34 0 5 0 7 0 8 0 9 1 6 1 8 1 9 1 10 1 11 2 6 2 8 2 9 2 10 2 11 3 7 3 9 3 11 3 12 3 13 4 9 4 10 4 11 4 12 4 13 5 10 5 11 5 12 5 13 6 7 6 12 6 13 7 10 8 12 8 13
m14_1270 14 32 0 5 0 6 0 9 0 11 0 13 1 5 1 7 1 9 1 10 1 13 2 6 2 7 2 8 2 9 2 13 3 8 3 9 3 10 3 11 3 13 4 8 4 10 4 11 4 12 4 13 5 8 5 12 6 10 6 12 7 11 7 12 9 12
m14_1271 14 32 0 4 0 7 0 10 0 12 1 5 1 7 1 9 1 12 2 6 2 7 2 8 2 9 3 9 3 10 3 11 3 12 3 13 4 8 4 9 4 11 4 13 5 8 5 10 5 11 5 13 6 10 6 11 6 12 6 13 7 11 7 13 8 12
m14_1272 14 31 0 4 0 7 0 10 0 12 0 13 1 5 1 7 1 9 1 12 2 6 2 7 2 8 2 13 3 10 3 11 3 12 3 13 4 8 4 9 4 11 5 8 5 10 5 11 5 13 6 9 6 10 6 11 6 12 7 11 8 12 9 13
m14_1273 14 32 0 4 0 7 0 11 0 12 1 5 1 7 1 9 1 11 2 6 2 7 2 8 2 12 3 10 3 11 3 12 3 13 4 8 4 9 4 10 4 13 5 8 5 10 5 12 5 13 6 9 6 10 6 11 6 13 7 10 7 13 8 11 9 12
