rmtf15_0 15 41 0 5 0 6 0 8 0 9 0 13 1 5 1 8 1 9 1 12 1 13 2 8 2 9 2 10 2 11 2 12 2 13 3 4 3 9 3 10 3 11 3 12 4 5 4 6 4 8 4 13 5 10 5 11 5 14 6 10 6 11 6 12 7 8 7 9 7 10 7 11 7 12 7 13 8 14 9 14 12 14 13 14
rmtf15_1 15 39 0 2 0 4 0 7 0 8 0 9 0 11 1 2 1 4 1 7 1 8 1 9 1 11 2 3 2 12 2 13 3 4 3 5 3 7 3 11 3 14 4 6 4 10 5 6 5 8 5 9 6 7 6 11 6 12 6 13 6 14 7 10 8 10 8 13 8 14 9 10 9 13 9 14 10 11 10 12
rmtf15_2 15 42 0 5 0 7 0 9 0 11 0 13 1 2 1 7 1 8 1 9 1 10 1 11 1 13 2 4 2 5 2 12 2 14 3 4 3 5 3 7 3 9 4 6 4 8 4 10 4 11 4 13 5 6 5 8 5 10 6 7 6 9 7 12 7 14 8 12 8 14 9 12 9 14 10 12 10 14 11 12 11 14 12 13 13 14
rmtf15_3 15 42 0 1 0 2 0 6 0 10 1 3 1 4 1 9 1 12 1 14 2 3 2 4 2 8 2 9 2 12 3 5 3 6 3 11 3 13 4 5 4 7 4 11 4 13 5 9 5 10 5 12 5 14 6 7 6 8 6 9 7 10 7 12 7 14 8 10 8 14 9 11 9 13 10 11 10 13 11 12 11 14 12 13 13 14
rmtf15_4 15 40 0 2 0 3 0 5 0 9 0 14 1 3 1 4 1 6 1 7 1 12 1 13 2 7 2 8 2 10 2 11 2 12 3 8 3 10 3 11 4 8 4 10 4 11 4 14 5 6 5 7 5 10 5 11 5 12 6 8 6 9 6 14 7 9 7 14 8 13 9 10 9 12 9 13 11 13 12 14 13 14
rmtf15_5 15 45 0 1 0 2 0 9 0 10 0 12 0 13 0 14 1 4 1 5 1 7 1 8 1 11 2 5 2 6 2 8 2 11 3 4 3 5 3 7 3 8 3 13 4 6 4 9 4 10 4 12 4 14 5 9 5 10 5 12 5 14 6 7 6 13 7 9 7 10 7 12 7 14 8 9 8 10 8 12 8 14 9 11 10 11 11 12 11 13 11 14
rmtf15_6 15 36 0 1 0 2 0 3 0 7 0 10 1 4 1 6 1 8 1 9 2 8 2 12 2 13 2 14 3 4 3 5 3 14 4 11 4 12 4 13 5 6 5 8 5 9 5 11 6 12 6 13 6 14 7 8 7 9 7 13 7 14 8 10 9 12 10 11 10 12 10 13 11 14
rmtf15_7 15 43 0 1 0 4 0 10 0 11 0 13 0 14 1 2 1 3 1 6 1 8 1 9 2 5 2 13 3 5 3 7 3 12 4 5 4 6 4 7 4 9 4 12 5 8 5 10 5 11 5 14 6 10 6 11 6 13 6 14 7 8 7 10 7 11 7 13 7 14 8 12 9 10 9 11 9 13 9 14 10 12 11 12 12 13 12 14
rmtf15_8 15 37 0 1 0 5 0 6 0 7 0 11 0 13 1 2 1 9 1 10 1 12 2 7 2 13 2 14 3 4 3 5 3 10 3 11 3 13 4 7 4 9 4 12 4 14 5 8 5 9 5 14 6 9 6 10 6 12 6 14 7 10 8 10 8 12 8 13 9 11 9 13 11 12 11 14
rmtf15_9 15 45 0 5 0 6 0 8 0 12 1 2 1 5 1 7 1 9 1 12 1 13 2 4 2 6 2 8 2 11 2 14 3 5 3 7 3 8 3 9 3 12 3 13 4 5 4 7 4 9 4 12 4 13 5 10 5 11 5 14 6 7 6 9 6 13 7 10 7 11 7 14 8 10 9 10 9 11 9 14 10 12 10 13 11 12 11 13 12 14 13 14
rmtf15_10 15 39 0 2 0 5 0 6 0 8 0 12 1 2 1 6 1 8 1 12 1 14 2 3 2 4 2 9 2 10 3 5 3 6 3 8 3 13 4 5 4 6 4 8 4 13 5 9 5 10 5 14 6 9 6 10 7 8 7 9 7 13 7 14 8 10 8 11 9 11 9 12 10 12 11 13 11 14 12 13
rmtf15_11 15 47 0 1 0 2 0 3 0 4 0 5 0 6 0 7 0 8 1 11 1 12 1 13 1 14 2 9 2 10 2 11 2 12 2 13 3 9 3 10 3 11 3 12 3 13 4 9 4 10 4 11 4 12 4 13 5 9 5 10 5 11 5 12 5 13 6 11 6 12 6 13 6 14 7 11 7 12 7 13 7 14 8 9 8 10 8 11 8 12 8 13 9 14 10 14
rmtf15_12 15 39 0 1 0 8 0 9 0 11 0 12 1 2 1 5 1 7 1 14 2 4 2 6 2 8 2 12 3 4 3 5 3 7 3 12 3 14 4 10 4 11 4 13 5 6 5 10 5 11 5 13 6 9 6 14 7 8 7 9 7 11 8 10 8 13 9 10 9 13 10 12 10 14 11 14 12 13 13 14
rmtf15_13 15 40 0 3 0 5 0 8 0 9 0 10 0 11 1 3 1 5 1 7 1 9 1 10 1 12 1 13 2 3 2 6 2 8 2 9 2 10 2 11 3 4 3 14 4 6 4 8 4 9 4 10 4 12 5 6 5 14 6 7 6 13 7 8 7 11 7 14 8 13 9 14 10 14 11 12 11 13 12 14 13 14
rmtf15_14 15 47 0 2 0 5 0 6 0 8 0 9 0 13 0 14 1 3 1 7 1 8 1 12 2 3 2 4 2 7 2 10 2 12 3 5 3 6 3 9 3 11 3 13 3 14 4 5 4 6 4 8 4 9 4 13 4 14 5 7 5 10 5 12 6 7 6 10 6 12 7 9 7 11 7 13 7 14 8 10 8 11 9 10 9 12 10 13 10 14 11 12 12 13 12 14
rmtf15_15 15 40 0 1 0 6 0 9 0 14 1 2 1 3 1 4 1 8 1 10 1 11 2 5 2 9 2 12 2 14 3 5 3 12 3 13 4 5 4 9 4 12 4 14 5 6 5 7 5 10 5 11 6 8 6 12 7 8 7 9 7 12 7 14 8 13 9 10 9 11 9 13 10 12 10 14 11 12 11 14 13 14
rmtf15_16 15 39 0 1 0 3 0 4 0 9 0 11 1 6 1 8 1 10 1 13 1 14 2 4 2 5 2 6 2 14 3 5 3 7 3 8 3 14 4 7 4 8 4 12 5 10 5 11 5 13 6 7 6 9 6 12 7 10 7 11 7 13 8 9 8 11 9 10 9 13 9 14 10 12 11 14 12 13 12 14
rmtf15_17 15 36 0 1 0 3 0 4 0 10 0 14 1 5 1 12 1 13 2 3 2 7 2 11 2 12 2 14 3 5 3 6 3 8 3 13 4 7 4 8 4 11 5 10 5 11 5 14 6 10 6 11 6 12 6 14 7 10 7 13 8 9 8 12 8 14 9 10 9 11 9 13 13 14
rmtf15_18 15 36 0 2 0 6 0 8 0 10 1 2 1 6 1 8 1 11 2 4 2 5 2 9 2 13 3 7 3 8 3 10 3 13 4 6 4 10 4 14 5 6 5 8 5 11 6 7 6 13 7 9 7 12 7 14 8 9 8 12 8 14 9 10 10 11 10 12 11 14 12 13 13 14
rmtf15_19 15 40 0 1 0 2 0 3 0 4 0 7 0 10 1 5 1 8 1 12 1 14 2 5 2 8 2 9 2 13 2 14 3 6 3 8 3 9 3 14 4 5 4 8 4 11 4 12 5 6 5 7 5 10 6 11 6 13 7 8 7 9 7 13 7 14 8 10 9 10 9 11 9 12 10 13 10 14 11 14 12 13
rmtf15_20 15 38 0 1 0 2 0 4 0 5 0 8 0 10 1 3 1 6 1 7 2 9 2 11 2 12 2 14 3 4 3 5 3 8 3 10 3 14 4 7 4 11 4 12 5 9 5 11 5 12 6 8 6 10 6 11 6 12 6 14 7 9 7 13 8 9 8 13 9 10 10 13 11 13 12 13 13 14
rmtf15_21 15 40 0 1 0 3 0 4 0 5 0 13 1 9 1 11 1 12 1 14 2 7 2 11 2 12 2 13 3 7 3 8 3 11 3 12 4 9 4 11 4 12 4 14 5 9 5 11 5 12 5 14 6 9 6 11 6 12 6 13 6 14 7 9 7 14 8 9 8 13 8 14 9 10 10 11 10 12 10 13 10 14
rmtf15_22 15 38 0 2 0 6 0 10 0 12 1 6 1 9 1 10 1 12 1 14 2 5 2 9 2 11 2 14 3 4 3 6 3 10 3 11 3 14 4 9 4 12 4 13 5 6 5 7 5 12 6 8 6 13 7 9 7 10 7 11 7 14 8 9 8 10 8 11 8 14 10 13 11 12 11 13 13 14
rmtf15_23 15 50 0 2 0 5 0 8 0 9 0 10 0 13 0 14 1 2 1 5 1 8 1 9 1 10 1 13 1 14 2 3 2 6 2 7 2 11 2 12 3 5 3 8 3 9 3 10 3 13 3 14 4 6 4 7 4 10 5 6 5 7 5 11 5 12 6 8 6 9 6 13 6 14 7 8 7 9 7 13 7 14 8 11 8 12 9 11 9 12 10 11 10 12 11 13 11 14 12 13 12 14
rmtf15_24 15 41 0 1 0 3 0 5 0 10 0 13 1 2 1 6 1 7 1 9 1 12 2 5 2 8 2 10 2 13 2 14 3 8 3 11 3 14 4 8 4 9 4 10 4 11 5 6 5 7 5 9 5 12 6 8 6 10 6 11 6 14 7 8 7 10 7 11 7 14 8 12 9 13 9 14 10 12 11 13 12 13 12 14
rmtf15_25 15 39 0 3 0 4 0 5 0 10 0 13 1 3 1 4 1 6 1 10 1 12 2 3 2 7 2 9 2 12 2 13 3 8 3 11 3 14 4 7 4 8 4 9 4 11 4 14 5 6 5 7 5 9 5 11 5 12 5 14 6 8 6 13 7 10 8 10 8 12 9 10 10 11 10 14 11 13 13 14
rmtf15_26 15 41 0 6 0 7 0 8 0 12 0 13 0 14 1 6 1 7 1 8 1 9 1 12 1 14 2 6 2 7 2 8 2 10 2 12 2 13 3 6 3 7 3 8 3 10 3 12 3 13 4 6 4 7 4 8 4 10 4 12 4 13 5 7 5 11 5 13 5 14 6 11 8 11 9 10 9 11 9 13 10 14 11 12
rmtf15_27 15 50 0 1 0 2 0 3 0 5 0 9 0 10 0 11 1 4 1 6 1 7 1 12 1 13 1 14 2 4 2 6 2 7 2 12 2 13 2 14 3 4 3 7 3 8 3 12 3 13 3 14 4 5 4 9 4 10 4 11 5 6 5 7 5 12 5 13 5 14 6 8 6 9 6 11 7 9 7 10 7 11 8 10 9 12 9 13 9 14 10 12 10 13 10 14 11 12 11 13 11 14
rmtf15_28 15 39 0 2 0 5 0 7 0 8 0 12 0 14 1 4 1 9 1 10 1 12 1 13 2 4 2 6 2 9 2 11 2 13 3 4 3 8 3 9 3 11 3 12 4 5 4 7 4 14 5 6 5 9 5 11 5 13 6 8 6 10 6 12 7 9 7 10 7 13 8 13 9 14 10 11 10 14 13 14
rmtf15_29 15 42 0 1 0 2 0 6 0 9 0 10 0 11 0 14 1 3 1 8 1 12 1 13 2 3 2 4 2 7 2 12 2 13 3 6 3 9 3 10 3 11 3 14 4 6 4 8 4 11 4 14 5 9 5 10 5 13 5 14 6 7 6 12 6 13 7 8 7 11 7 14 8 9 8 10 9 12 10 12 11 12 11 13 12 14
rmtf15_30 15 44 0 2 0 3 0 4 0 5 0 11 0 12 0 13 1 2 1 3 1 10 1 11 1 13 2 6 2 7 2 9 2 14 3 6 3 7 3 9 3 14 4 6 4 7 4 8 4 10 4 14 5 6 5 7 5 9 5 10 5 14 6 11 6 12 6 13 7 11 7 12 7 13 8 9 8 11 8 13 9 12 10 12 11 14 12 14 13 14
rmtf15_31 15 45 0 5 0 6 0 7 0 9 0 11 0 12 1 5 1 6 1 7 1 8 1 9 1 11 2 5 2 6 2 7 2 9 2 11 2 12 3 5 3 6 3 7 3 9 3 11 3 12 4 5 4 6 4 7 4 8 4 9 4 11 5 13 5 14 6 13 6 14 7 13 7 14 8 12 8 14 9 10 9 13 10 12 10 14 11 13 11 14 12 13
rmtf15_32 15 42 0 1 0 2 0 4 0 6 0 9 0 13 0 14 1 3 1 5 1 8 1 10 2 5 2 8 2 10 2 12 3 4 3 9 3 12 3 13 3 14 4 5 4 7 4 10 4 11 5 6 5 9 5 13 5 14 6 10 6 11 6 12 7 8 7 9 7 12 7 13 8 11 8 14 9 10 9 11 10 13 10 14 11 13
rmtf15_33 15 39 0 5 0 6 0 8 0 11 1 2 1 3 1 5 1 10 1 13 2 7 2 8 2 11 2 14 3 7 3 8 3 11 3 12 4 5 4 7 4 8 4 11 4 12 5 9 5 14 6 7 6 10 6 12 6 13 7 9 8 10 8 13 9 10 9 12 9 13 10 11 10 14 11 13 12 14 13 14
rmtf15_34 15 40 0 4 0 5 0 7 0 11 0 12 0 14 1 4 1 5 1 7 1 11 1 12 1 14 2 5 2 7 2 8 2 13 2 14 3 4 3 5 3 6 3 12 3 14 4 8 4 13 5 9 5 10 6 7 6 9 6 11 7 10 8 9 8 10 8 11 8 12 9 13 9 14 10 13 10 14 11 13 12 13
rmtf15_35 15 37 0 1 0 3 0 5 0 8 0 11 1 2 1 4 1 6 1 12 2 7 2 11 2 13 2 14 3 4 3 7 3 9 3 10 4 8 4 11 4 13 4 14 5 7 5 12 5 13 5 14 6 8 6 9 6 13 6 14 7 8 8 10 9 11 9 12 10 11 10 12 10 13 10 14
rmtf15_36 15 43 0 1 0 2 0 4 0 5 0 7 1 8 1 9 1 10 1 11 1 13 2 3 2 6 2 9 2 10 2 11 2 12 2 14 3 4 3 7 3 8 3 13 4 6 4 9 4 10 4 11 4 12 4 14 5 6 5 9 5 10 5 11 5 13 5 14 6 7 6 8 7 9 7 10 7 11 7 12 7 14 8 12 8 14 12 13
rmtf15_37 15 38 0 2 0 3 0 4 0 9 0 11 0 14 1 2 1 3 1 4 1 11 1 12 1 14 2 7 2 8 2 13 3 6 3 7 3 8 4 7 4 8 4 13 5 6 5 8 5 11 5 12 6 9 6 10 6 13 7 10 7 12 8 9 8 14 9 12 10 11 10 14 11 13 12 13 13 14
rmtf15_38 15 40 0 1 0 2 0 8 0 9 0 12 1 6 1 7 1 11 1 14 2 4 2 5 2 6 2 10 2 13 3 4 3 8 3 9 3 10 3 11 3 12 4 7 4 14 5 8 5 9 5 11 5 12 6 8 6 9 6 12 7 8 7 9 7 10 7 12 7 13 8 14 9 14 10 14 11 13 12 14 13 14
rmtf15_39 15 41 0 1 0 3 0 4 0 11 0 12 0 14 1 6 1 9 1 10 1 13 2 3 2 6 2 7 2 8 3 5 3 9 3 10 3 13 4 5 4 7 4 8 4 9 4 10 5 6 5 14 6 11 6 12 7 11 7 12 7 13 7 14 8 11 8 12 8 13 8 14 9 11 9 12 9 14 10 11 10 12 10 14
rmtf15_40 15 45 0 1 0 2 0 3 0 9 0 11 0 13 1 6 1 7 1 8 1 10 1 12 1 14 2 6 2 7 2 8 2 10 2 12 2 14 3 5 3 7 3 10 3 12 4 6 4 8 4 11 4 12 4 14 5 6 5 8 5 11 5 14 6 9 6 13 7 9 7 11 7 13 8 9 8 13 9 10 9 12 9 14 10 11 10 13 12 13 13 14
rmtf15_41 15 41 0 1 0 2 0 3 0 6 0 8 0 10 1 5 1 12 1 14 2 4 2 5 2 9 2 12 3 7 3 11 3 12 3 13 3 14 4 8 4 11 4 14 5 7 5 11 5 13 6 7 6 11 6 12 6 13 6 14 7 8 7 9 7 10 8 12 8 13 9 11 9 13 9 14 10 11 10 12 10 13 10 14
rmtf15_42 15 40 0 1 0 7 0 8 0 13 1 10 1 11 1 14 2 7 2 8 2 10 2 13 2 14 3 7 3 9 3 13 3 14 4 7 4 8 4 10 4 13 4 14 5 7 5 9 5 13 5 14 6 7 6 8 6 10 6 13 6 14 7 11 7 12 8 9 8 12 9 10 9 11 10 12 11 13 12 13 12 14
rmtf15_43 15 47 0 2 0 3 0 5 0 8 0 9 0 11 0 12 0 14 1 2 1 5 1 8 1 9 1 10 1 14 2 4 2 6 2 7 2 13 3 4 3 7 3 10 3 13 4 5 4 8 4 9 4 11 4 12 4 14 5 6 5 7 5 13 6 8 6 9 6 10 6 14 7 8 7 9 7 11 7 12 7 14 8 13 9 13 10 11 10 12 11 13 12 13 13 14
rmtf15_44 15 39 0 1 0 5 0 7 0 9 0 12 0 14 1 3 1 4 1 10 1 13 2 3 2 4 2 6 2 8 2 12 2 14 3 5 3 7 3 11 4 5 4 7 4 9 5 6 5 10 6 11 6 13 7 8 7 13 8 10 8 11 9 10 9 11 9 13 10 12 10 14 11 12 11 14 12 13 13 14
rmtf15_45 15 42 0 2 0 6 0 12 0 14 1 7 1 10 1 13 1 14 2 3 2 8 2 9 2 10 2 11 3 4 3 6 3 7 3 13 3 14 4 8 4 9 4 10 4 11 4 12 5 7 5 10 5 13 5 14 6 8 6 9 6 10 6 11 7 8 7 9 7 11 7 12 8 13 8 14 9 13 9 14 11 13 11 14 12 13
rmtf15_46 15 41 0 5 0 7 0 8 0 10 0 13 1 5 1 6 1 9 1 11 1 12 1 14 2 5 2 7 2 10 2 11 2 14 3 5 3 6 3 7 3 11 3 12 3 14 4 5 4 7 4 8 4 10 4 13 6 8 6 10 6 13 7 9 8 9 8 11 8 12 8 14 9 10 9 13 10 12 11 13 12 13 13 14
rmtf15_47 15 42 0 1 0 5 0 6 0 7 0 12 0 14 1 2 1 4 1 9 1 10 1 11 1 13 2 3 2 7 2 8 2 14 3 5 3 9 3 12 3 13 4 5 4 6 4 7 4 12 4 14 5 10 5 11 6 8 6 13 7 9 7 10 7 11 7 13 8 9 8 10 8 11 9 14 10 12 10 14 11 12 11 14 13 14
rmtf15_48 15 41 0 1 0 2 0 4 0 5 0 11 0 14 1 7 1 9 1 10 1 12 1 13 2 3 2 9 2 10 2 12 2 13 3 5 3 7 3 11 3 14 4 6 4 7 4 10 4 12 4 13 5 9 5 10 5 12 5 13 6 8 6 9 6 11 7 8 8 10 8 12 8 13 8 14 9 14 10 11 11 12 11 13
rmtf15_49 15 39 0 2 0 3 0 6 0 8 0 10 0 11 0 13 1 2 1 6 1 8 1 11 1 12 2 4 2 5 2 9 3 5 3 9 3 12 3 14 4 7 4 10 4 13 4 14 5 7 5 8 5 10 5 13 6 7 6 14 7 9 7 11 7 12 8 9 8 14 9 10 9 13 10 12 11 14 12 13
rmtf15_50 15 37 0 2 0 7 0 8 0 11 0 12 1 3 1 8 1 10 1 12 2 3 2 9 2 10 3 4 3 5 3 6 3 7 3 13 3 14 4 8 4 9 4 10 5 8 5 9 5 11 6 8 6 11 6 12 7 9 7 10 8 13 8 14 9 12 9 14 10 11 10 13 10 14 12 13
rmtf15_51 15 40 0 2 0 3 0 5 0 12 0 13 1 2 1 5 1 6 1 7 1 10 1 11 1 12 2 4 2 9 2 14 3 6 3 7 3 10 3 11 4 5 4 7 4 10 4 11 4 12 4 13 5 8 5 14 6 9 6 13 6 14 7 9 7 14 8 9 8 11 8 12 8 13 9 10 10 14 11 14 12 14
rmtf15_52 15 40 0 1 0 5 0 7 0 11 0 13 1 2 1 4 1 8 1 9 1 12 2 3 2 7 2 11 2 13 2 14 3 4 3 5 3 8 3 9 4 6 4 11 4 13 4 14 5 6 5 12 5 14 6 7 6 10 7 8 7 9 7 12 8 11 8 13 8 14 9 10 9 11 10 12 10 13 10 14 11 12
rmtf15_53 15 42 0 2 0 5 0 6 0 11 0 12 0 13 1 2 1 7 1 8 1 9 2 3 2 4 2 10 2 14 3 7 3 9 3 12 4 5 4 6 4 9 4 11 4 12 5 7 5 8 5 10 5 14 6 7 6 8 6 10 6 14 7 11 7 13 8 11 8 12 8 13 9 10 9 13 9 14 10 11 10 12 11 14 12 14
rmtf15_54 15 38 0 2 0 3 0 4 0 9 0 13 0 14 1 2 1 3 1 8 1 9 1 10 1 14 2 7 2 11 2 12 3 7 3 11 3 12 4 7 4 8 4 11 4 12 5 8 5 9 5 12 6 8 6 9 6 12 7 9 7 13 7 14 8 13 9 11 10 12 10 13 11 13 11 14 12 14
rmtf15_55 15 41 0 2 0 8 0 9 0 13 0 14 1 3 1 4 1 10 1 12 1 14 2 4 2 5 2 6 2 7 2 10 2 11 3 6 3 7 3 8 3 11 4 8 4 9 4 13 5 8 5 9 5 13 5 14 6 9 6 12 6 14 7 9 7 13 7 14 8 10 8 12 9 10 9 11 10 13 11 13 11 14 12 13
rmtf15_56 15 37 0 2 0 6 0 11 0 12 0 14 1 2 1 5 1 6 1 8 1 9 1 11 1 12 2 3 2 7 2 13 3 6 3 10 3 14 4 7 4 12 4 14 5 7 5 10 5 14 6 7 6 13 7 8 7 9 7 11 8 10 8 14 9 10 9 14 10 11 10 12 10 13 13 14
rmtf15_57 15 41 0 3 0 4 0 6 0 7 0 14 1 2 1 7 1 11 1 12 1 14 2 3 2 4 2 6 2 10 3 5 3 8 3 9 3 11 3 13 4 5 4 11 4 12 4 13 5 6 5 10 5 14 6 8 6 9 6 11 6 13 7 8 7 9 7 10 8 12 8 14 9 12 9 14 10 11 10 12 10 13 13 14
rmtf15_58 15 39 0 4 0 5 0 6 0 7 0 8 0 9 0 11 1 2 1 3 1 8 1 9 2 4 2 5 2 6 2 7 2 11 3 7 3 10 3 11 4 10 4 13 4 14 5 10 5 13 5 14 6 10 6 13 6 14 7 12 7 13 8 10 8 12 8 13 9 10 9 13 9 14 11 13 11 14 12 14
rmtf15_59 15 36 0 2 0 3 0 8 0 12 1 4 1 10 1 12 1 14 2 6 2 9 2 10 2 13 3 5 3 7 3 9 3 11 3 14 4 5 4 7 4 8 4 9 4 11 4 13 5 10 5 12 6 8 6 11 6 12 6 14 7 10 7 12 8 10 9 12 10 11 12 13 13 14
rmtf15_60 15 42 0 1 0 3 0 8 0 9 0 10 0 12 0 14 1 2 1 4 1 11 1 13 2 3 2 5 2 8 2 9 3 6 3 7 3 11 3 13 4 6 4 7 4 10 5 7 5 10 5 12 5 14 6 8 6 9 6 12 6 14 7 8 7 9 8 11 8 13 9 11 9 13 10 11 10 13 11 12 11 14 12 13 13 14
rmtf15_61 15 41 0 2 0 3 0 6 0 9 0 10 0 11 1 3 1 4 1 5 1 9 1 10 1 11 2 4 2 5 2 8 2 13 2 14 3 7 3 8 3 13 4 6 4 7 4 12 5 6 5 7 5 12 6 8 6 13 6 14 7 9 7 10 7 14 8 11 8 12 9 12 9 13 10 12 10 13 11 13 11 14 12 14
rmtf15_62 15 45 0 1 0 2 0 5 0 9 0 10 0 12 0 14 1 3 1 4 1 6 1 8 1 11 2 3 2 4 2 6 2 7 2 11 3 5 3 9 3 10 3 12 3 14 4 5 4 9 4 10 4 12 4 14 5 6 5 8 5 11 6 12 6 13 7 8 7 9 7 10 7 12 7 14 8 13 9 11 9 13 10 11 10 13 11 12 11 14 13 14
rmtf15_63 15 39 0 3 0 4 0 6 0 8 0 12 0 13 1 3 1 6 1 9 1 13 1 14 2 3 2 4 2 6 2 8 2 12 2 13 3 5 3 7 3 11 4 10 4 11 4 14 5 10 5 12 5 13 6 7 6 10 6 11 7 9 7 13 7 14 8 9 8 10 8 14 9 11 9 12 11 13 12 14
rmtf15_64 15 38 0 7 0 9 0 12 0 13 1 3 1 4 1 7 1 8 1 11 2 6 2 7 2 8 2 11 2 12 2 13 3 6 3 12 3 13 3 14 4 5 4 9 4 13 4 14 5 6 5 7 5 8 5 11 5 12 6 9 6 10 7 14 8 9 8 10 9 11 10 12 10 13 10 14 11 14
rmtf15_65 15 41 0 3 0 6 0 11 0 12 0 14 1 2 1 6 1 8 1 9 1 12 2 4 2 7 2 10 2 13 2 14 3 4 3 7 3 8 3 10 3 13 4 5 4 9 4 11 4 12 5 6 5 7 5 8 5 10 5 14 6 13 7 9 7 11 7 12 8 11 9 10 9 13 9 14 10 11 10 12 11 13 12 13
rmtf15_66 15 40 0 2 0 5 0 7 0 10 0 13 1 2 1 3 1 5 1 7 1 8 1 10 2 4 2 11 2 12 3 6 3 9 3 11 3 13 4 8 4 9 4 14 5 6 5 9 5 11 5 14 6 7 6 8 6 10 6 12 7 9 7 11 7 14 8 11 8 13 9 10 9 12 10 11 10 14 12 14 13 14
rmtf15_67 15 45 0 2 0 3 0 11 0 14 1 2 1 6 1 7 1 8 1 11 1 13 1 14 2 4 2 12 3 4 3 6 3 7 3 8 3 13 4 5 4 9 4 10 5 6 5 7 5 8 5 11 5 13 5 14 6 9 6 10 6 12 7 9 7 10 7 12 8 9 8 10 8 12 9 11 9 13 9 14 10 11 10 13 10 14 11 12 12 13 12 14
rmtf15_68 15 44 0 3 0 5 0 7 0 10 0 13 0 14 1 3 1 5 1 7 1 10 1 13 1 14 2 5 2 7 2 8 2 14 3 4 3 8 3 9 3 11 3 12 4 5 4 7 4 10 4 13 4 14 5 6 5 11 6 7 6 8 6 9 6 12 7 11 8 10 8 13 9 10 9 13 9 14 10 11 10 12 11 13 11 14 12 13 12 14
rmtf15_69 15 39 0 3 0 5 0 6 0 10 0 13 1 6 1 7 1 8 1 9 1 11 2 10 2 11 2 12 2 14 3 7 3 11 3 12 4 6 4 7 4 8 4 9 4 11 5 7 5 8 5 9 5 11 6 12 6 14 7 10 7 14 8 10 8 12 8 14 9 10 9 12 9 14 11 13 12 13 13 14
rmtf15_70 15 37 0 4 0 8 0 10 0 12 0 13 1 4 1 8 1 9 1 10 1 13 1 14 2 4 2 5 2 11 3 4 3 6 3 7 3 8 3 11 3 12 5 6 5 7 5 8 5 12 5 13 6 9 6 10 6 14 7 9 7 10 7 14 9 11 9 12 10 11 11 13 11 14 12 14
rmtf15_71 15 45 0 1 0 3 0 4 0 10 0 12 0 13 0 14 1 2 1 5 1 6 1 7 1 9 2 3 2 8 2 10 2 12 3 6 3 7 3 9 3 11 4 5 4 6 4 7 4 8 4 9 5 11 5 12 5 13 5 14 6 10 6 12 6 13 6 14 7 10 7 12 7 13 7 14 8 11 8 13 8 14 9 10 9 12 9 13 9 14 10 11
rmtf15_72 15 41 0 1 0 4 0 10 0 11 0 13 0 14 1 2 1 3 1 6 1 8 1 9 2 4 2 5 2 7 2 10 2 13 3 4 3 10 3 11 3 13 3 14 4 8 4 9 4 12 5 6 5 9 5 14 6 10 6 11 6 12 7 9 7 11 7 14 8 10 8 11 8 13 8 14 9 10 9 13 12 13 12 14
rmtf15_73 15 41 0 1 0 2 0 9 0 10 0 11 0 13 1 3 1 4 1 7 1 14 2 3 2 4 2 5 2 6 2 12 3 9 3 10 3 11 3 13 4 8 4 9 4 10 4 11 5 9 5 10 5 11 5 13 5 14 6 8 6 9 6 10 6 11 6 14 7 8 7 9 7 10 7 12 8 13 11 12 12 13 12 14
rmtf15_74 15 45 0 2 0 3 0 5 0 7 0 8 0 9 0 12 1 4 1 6 1 7 1 11 1 13 2 4 2 6 2 10 2 11 2 13 3 6 3 10 3 11 3 13 3 14 4 5 4 8 4 14 5 6 5 10 5 11 5 13 6 8 6 9 6 12 7 10 7 14 8 10 8 11 8 13 9 10 9 11 9 13 9 14 10 12 11 12 12 13 12 14
rmtf15_75 15 39 0 3 0 7 0 8 0 10 0 11 0 12 1 2 1 4 1 6 1 10 1 12 1 13 2 3 2 7 2 8 2 11 3 4 3 5 4 9 4 11 4 14 5 6 5 8 5 10 5 12 5 13 6 9 6 11 6 14 7 9 7 13 8 9 8 14 9 10 9 12 10 14 11 13 12 14 13 14
rmtf15_76 15 41 0 1 0 6 0 7 0 10 0 11 0 12 1 5 1 8 1 9 1 14 2 5 2 6 2 7 2 12 2 13 3 5 3 6 3 7 3 12 3 13 4 5 4 7 4 8 4 13 5 10 5 11 6 8 6 9 6 14 7 9 7 14 8 10 8 11 8 12 9 10 9 12 9 13 10 14 11 13 12 14 13 14
rmtf15_77 15 40 0 5 0 7 0 9 0 10 0 11 1 2 1 6 1 7 1 12 1 13 2 5 2 8 2 9 2 10 2 11 3 5 3 7 3 9 3 10 3 11 4 5 4 6 4 7 4 11 4 13 5 12 5 14 6 9 6 10 6 14 7 8 8 12 8 14 9 12 9 13 10 12 10 13 11 12 11 14 13 14
rmtf15_78 15 42 0 5 0 6 0 7 0 11 0 12 1 9 1 11 1 14 2 3 2 6 2 8 2 13 2 14 3 5 3 7 3 9 3 10 3 11 3 12 4 5 4 6 4 7 4 11 4 12 5 8 5 13 5 14 6 9 6 10 7 8 7 13 7 14 8 9 8 10 8 11 8 12 9 13 10 13 10 14 11 13 12 13 12 14
rmtf15_79 15 40 0 1 0 2 0 4 0 10 0 11 0 13 1 3 1 7 1 8 1 9 1 14 2 3 2 7 2 8 2 9 2 12 3 6 3 10 3 11 4 6 4 7 4 9 4 12 5 8 5 10 5 11 5 12 5 13 6 8 6 13 7 10 7 11 7 13 9 10 9 11 9 13 10 14 11 14 12 14 13 14
rmtf15_80 15 41 0 3 0 5 0 6 0 10 0 13 0 14 1 4 1 7 1 9 1 10 1 13 2 5 2 10 2 12 3 4 3 7 3 8 3 9 3 12 4 5 4 6 4 11 4 14 5 7 5 8 5 9 6 7 6 8 6 9 6 12 7 11 7 14 8 10 8 13 8 14 9 11 9 14 10 11 11 13 12 13 12 14
rmtf15_81 15 34 0 1 0 4 0 5 0 14 1 6 1 8 1 10 1 11 2 5 2 7 2 8 2 14 3 5 3 7 3 10 3 12 4 7 4 11 4 12 4 13 5 11 5 13 6 7 6 12 6 13 6 14 7 9 8 9 8 12 9 11 9 13 9 14 10 13 10 14
rmtf15_82 15 37 0 3 0 4 0 7 0 11 0 12 1 4 1 5 1 8 1 12 1 13 2 3 2 4 2 8 2 11 2 12 3 5 3 9 3 14 4 6 4 9 4 14 5 6 5 11 6 7 6 12 6 13 7 8 7 9 7 10 8 14 9 12 9 13 10 11 10 12 10 14 11 13 13 14
rmtf15_83 15 37 0 4 0 5 0 7 0 8 0 11 1 4 1 7 1 8 1 11 1 12 2 3 2 5 2 6 2 7 2 11 2 14 3 8 3 10 3 12 4 10 4 14 5 9 5 12 6 8 6 10 6 12 7 9 7 13 8 13 8 14 9 10 9 11 9 14 10 13 11 13 12 13 12 14
rmtf15_84 15 45 0 3 0 4 0 5 0 6 0 8 0 11 0 12 1 3 1 4 1 5 1 6 1 8 1 11 1 12 2 3 2 9 2 10 2 14 3 7 3 13 4 7 4 10 4 13 4 14 5 7 5 10 5 13 5 14 6 9 6 10 6 13 6 14 7 8 7 9 7 12 8 10 8 13 8 14 9 11 10 11 10 12 11 13 11 14 12 13 12 14
rmtf15_85 15 42 0 2 0 5 0 6 0 12 0 14 1 3 1 5 1 6 1 8 1 12 1 14 2 3 2 7 2 8 2 10 3 4 3 9 3 11 3 13 4 5 4 6 4 8 4 10 4 14 5 7 5 11 6 9 6 11 6 13 7 9 7 12 7 13 8 9 8 11 8 13 9 10 9 14 10 12 10 13 11 12 11 14 13 14
rmtf15_86 15 45 0 1 0 5 0 7 0 8 0 9 0 12 0 13 1 2 1 3 1 6 1 10 1 11 2 5 2 7 2 8 2 9 2 12 2 13 3 5 3 7 3 9 3 12 3 13 3 14 4 5 4 7 4 8 4 9 4 10 5 6 5 11 6 7 6 9 6 12 6 13 6 14 7 11 8 14 9 11 10 12 10 13 10 14 11 12 11 13 11 14
rmtf15_87 15 43 0 1 0 3 0 5 0 6 0 7 1 2 1 4 1 9 1 10 1 11 1 13 1 14 2 3 2 5 2 6 2 12 3 4 3 9 3 10 3 11 3 13 3 14 4 5 4 6 4 7 5 8 5 9 5 10 5 11 5 13 6 8 6 9 6 10 6 11 6 13 7 8 7 12 8 14 9 12 10 12 11 12 12 13 12 14
rmtf15_88 15 44 0 1 0 8 0 9 0 11 0 12 0 14 1 4 1 6 1 10 1 13 2 3 2 5 2 6 2 9 2 10 2 13 3 4 3 7 3 8 3 11 3 14 4 5 4 9 4 12 5 7 5 8 5 11 5 14 6 7 6 8 6 11 6 12 6 14 7 9 7 10 7 13 8 10 8 13 10 11 10 12 10 14 11 13 12 13 13 14
rmtf15_89 15 43 0 5 0 9 0 10 0 11 0 14 1 4 1 7 1 9 1 12 1 13 2 5 2 7 2 9 2 10 2 11 3 4 3 7 3 9 3 12 3 13 4 5 4 10 4 11 4 14 5 6 5 8 5 12 5 13 6 7 6 9 6 10 6 11 7 8 7 14 8 9 8 10 8 11 10 12 10 13 11 12 11 13 12 14 13 14
rmtf15_90 15 37 0 1 0 4 0 8 0 9 0 11 0 13 1 2 1 6 1 10 1 14 2 3 2 4 2 8 2 11 2 13 3 6 3 9 3 12 4 5 4 7 4 12 5 6 5 8 5 9 5 11 5 14 6 7 6 13 7 8 7 9 7 10 7 14 8 12 10 11 10 12 12 13 12 14
rmtf15_91 15 38 0 3 0 4 0 9 0 10 0 11 0 13 0 14 1 2 1 3 1 4 1 6 1 9 1 10 1 13 2 5 2 8 2 11 3 7 3 12 4 7 4 12 5 7 5 9 5 10 5 12 5 14 6 7 6 12 6 14 7 8 7 11 7 13 8 9 8 10 8 12 8 14 11 12 12 13
rmtf15_92 15 39 0 4 0 6 0 7 0 13 1 2 1 6 1 7 1 8 1 9 1 14 2 10 2 11 2 12 2 13 3 6 3 7 3 10 3 13 4 9 4 10 4 11 5 6 5 7 5 10 5 13 6 11 6 12 7 11 7 12 8 10 8 11 8 12 8 13 9 12 9 13 10 14 11 14 12 14 13 14
rmtf15_93 15 40 0 3 0 4 0 13 0 14 1 4 1 7 1 8 1 10 1 11 1 12 2 4 2 7 2 8 2 10 2 11 2 12 3 5 3 7 3 8 3 9 3 11 4 6 5 6 5 10 5 12 6 7 6 8 6 9 6 11 7 13 7 14 8 13 8 14 9 10 9 14 10 13 11 13 11 14 12 13 12 14
rmtf15_94 15 37 0 1 0 2 0 6 0 7 0 9 0 14 1 3 1 4 1 10 2 3 2 4 2 5 3 7 3 8 3 9 3 11 3 13 4 7 4 9 4 11 4 12 4 13 5 8 5 10 5 11 5 13 6 8 6 10 6 11 6 13 7 10 8 12 9 10 10 12 11 14 12 14 13 14
rmtf15_95 15 45 0 1 0 4 0 6 0 8 0 9 0 11 0 14 1 2 1 3 1 5 1 10 1 12 2 4 2 6 2 7 2 8 2 9 3 4 3 6 3 8 3 9 3 11 3 14 4 5 4 10 4 12 5 6 5 8 5 9 5 11 5 14 6 10 6 13 7 11 7 12 7 14 8 10 8 12 9 10 9 12 10 11 10 14 11 13 12 13 13 14
rmtf15_96 15 37 0 2 0 6 0 8 0 10 0 13 1 3 1 4 1 9 1 10 1 14 2 3 2 4 2 5 2 7 2 12 3 8 3 11 4 8 4 11 5 6 5 8 5 10 5 13 6 9 6 11 6 14 7 8 7 9 7 11 8 14 9 12 9 13 10 11 11 12 11 13 12 14 13 14
rmtf15_97 15 36 0 4 0 5 0 7 0 9 0 11 0 13 1 3 1 4 1 8 1 10 2 4 2 6 2 7 2 12 2 13 3 5 3 7 3 13 3 14 4 14 5 6 5 12 6 8 6 14 7 8 7 10 8 9 8 11 8 13 9 12 9 14 10 12 10 13 10 14 11 12 11 14
rmtf15_98 15 41 0 6 0 9 0 10 0 11 0 12 1 3 1 4 1 12 1 14 2 6 2 7 2 9 2 11 2 12 2 14 3 6 3 7 3 9 3 11 4 6 4 9 4 10 4 11 5 6 5 9 5 10 5 11 5 12 6 8 6 13 7 8 7 10 8 9 8 11 8 12 8 14 9 13 10 13 10 14 11 13 12 13
rmtf15_99 15 41 0 1 0 2 0 4 0 7 0 11 0 12 0 13 1 3 1 6 1 8 2 3 2 5 2 8 2 14 3 9 3 10 3 12 4 5 4 9 4 10 4 14 5 6 5 7 5 11 5 12 5 13 6 9 6 10 6 14 7 8 7 10 7 14 8 9 8 12 8 13 9 11 10 11 10 13 11 14 12 14 13 14
rmtf15_100 15 43 0 1 0 3 0 5 0 7 0 8 0 9 0 14 1 2 1 4 1 10 1 12 1 13 2 3 2 5 2 7 2 8 2 9 2 14 3 6 3 11 4 5 4 6 4 7 4 8 4 14 5 10 5 11 6 9 6 10 6 12 6 13 7 10 7 12 7 13 8 10 8 12 8 13 9 11 10 14 11 12 11 13 12 14 13 14
rmtf15_101 15 41 0 3 0 5 0 11 0 13 0 14 1 3 1 5 1 7 1 8 1 14 2 4 2 5 2 11 2 13 3 4 3 6 3 9 3 10 3 12 4 7 4 8 4 14 5 6 5 9 5 10 5 12 6 11 6 13 6 14 7 11 7 12 7 13 8 9 8 10 8 12 8 13 9 11 9 14 10 11 10 14 12 14
rmtf15_102 15 39 0 1 0 2 0 6 0 11 0 14 1 4 1 7 1 8 1 9 1 10 1 13 2 5 2 7 2 8 2 9 2 12 3 5 3 6 3 7 3 9 3 12 4 5 4 6 4 14 5 11 5 13 6 8 6 10 6 13 7 11 7 14 8 11 8 14 9 11 9 14 10 11 10 12 12 13 12 14
rmtf15_103 15 39 0 3 0 7 0 9 0 10 0 11 0 12 1 3 1 4 1 5 1 9 1 10 2 3 2 4 2 5 2 10 2 14 3 6 3 8 3 13 4 6 4 7 4 8 4 11 4 13 5 7 5 8 5 11 5 12 6 10 6 12 6 14 7 14 8 10 8 14 9 13 9 14 10 13 11 14 12 13
rmtf15_104 15 40 0 1 0 6 0 7 0 10 0 11 0 12 0 14 1 2 1 4 1 8 1 9 2 3 2 5 2 10 2 13 3 4 3 6 3 8 3 9 3 14 4 7 4 10 4 11 4 12 5 6 5 7 5 11 5 12 5 14 6 13 7 8 7 13 8 10 8 11 8 12 9 10 9 12 9 13 11 13 13 14
rmtf15_105 15 36 0 1 0 2 0 5 0 6 0 9 1 3 1 12 1 13 2 10 2 13 2 14 3 6 3 7 3 8 3 10 3 14 4 6 4 9 4 12 4 13 4 14 5 7 5 8 5 12 5 14 6 11 7 9 7 13 8 9 8 13 9 10 9 11 10 12 11 12 11 13 11 14
rmtf15_106 15 38 0 3 0 7 0 11 0 13 1 3 1 5 1 7 1 8 1 12 2 3 2 5 2 7 2 8 2 12 3 6 3 10 4 7 4 8 4 10 4 13 5 6 5 10 5 11 5 13 6 7 6 8 6 12 7 9 7 14 8 9 8 11 8 14 9 10 9 12 10 14 11 12 12 13 12 14
rmtf15_107 15 38 0 2 0 4 0 5 0 8 0 10 1 3 1 5 1 7 1 8 2 3 2 6 2 9 2 12 2 14 3 4 3 11 3 13 4 6 4 7 4 9 4 12 5 6 5 9 5 12 5 13 5 14 6 8 6 10 7 10 7 13 7 14 8 9 8 11 8 13 8 14 9 10 10 11 11 12
rmtf15_108 15 43 0 2 0 4 0 5 0 8 0 12 0 13 1 3 1 6 1 7 1 8 1 10 1 13 2 6 2 7 2 14 3 4 3 5 3 9 3 11 3 12 3 14 4 6 4 7 4 10 5 6 5 7 5 10 6 9 6 11 6 12 7 9 7 11 7 12 8 9 8 11 8 14 9 10 9 13 10 11 10 12 10 14 11 13 13 14
rmtf15_109 15 41 0 4 0 6 0 8 0 10 0 11 0 12 1 6 1 7 1 8 1 12 1 13 2 6 2 8 2 9 2 10 2 11 2 12 3 6 3 8 3 9 3 10 3 11 3 12 4 7 4 9 4 14 5 6 5 7 5 8 5 9 5 10 5 12 6 14 7 11 8 14 9 13 10 13 10 14 11 13 11 14 12 14
rmtf15_110 15 37 0 5 0 6 0 7 0 10 0 11 0 12 1 2 1 7 1 8 1 9 1 13 2 5 2 6 2 10 2 11 2 12 3 4 3 5 3 6 3 7 3 8 3 11 4 10 4 12 4 13 5 9 5 13 6 14 7 14 8 10 8 12 9 10 9 11 9 14 11 13 12 14 13 14
rmtf15_111 15 41 0 3 0 4 0 6 0 8 0 9 0 11 1 3 1 8 1 12 1 13 1 14 2 3 2 4 2 8 2 14 3 5 3 7 3 10 4 5 4 10 4 12 4 13 5 6 5 8 5 9 5 11 6 7 6 10 6 13 6 14 7 8 7 9 7 12 8 10 9 10 9 13 9 14 10 11 11 12 11 13 11 14
rmtf15_112 15 50 0 9 0 10 0 11 1 2 1 5 1 6 1 7 1 11 1 13 1 14 2 3 2 4 2 8 2 9 2 10 2 12 3 5 3 6 3 7 3 11 3 13 3 14 4 5 4 6 4 7 4 11 4 13 4 14 5 8 5 9 5 10 5 12 6 8 6 9 6 10 6 12 7 8 7 9 7 10 7 12 8 11 8 13 8 14 9 13 9 14 10 13 10 14 11 12 12 13 12 14
rmtf15_113 15 43 0 2 0 4 0 6 0 10 0 12 1 2 1 5 1 8 1 9 1 10 1 13 2 3 2 7 2 11 2 14 3 4 3 5 3 8 3 10 3 13 4 9 4 11 4 14 5 6 5 7 5 12 5 14 6 8 6 9 6 11 6 13 7 8 7 9 7 10 7 13 8 12 8 14 9 12 10 11 10 14 11 12 12 13 13 14
rmtf15_114 15 40 0 6 0 7 0 8 0 11 0 14 1 3 1 6 1 9 1 11 1 14 2 4 2 6 2 9 2 11 2 14 3 4 3 5 3 8 3 10 4 7 4 13 5 6 5 9 5 11 5 14 6 10 6 12 6 13 7 9 7 10 7 12 8 9 8 12 9 13 10 11 10 14 11 12 11 13 12 14 13 14
rmtf15_115 15 42 0 1 0 2 0 6 0 10 0 11 0 13 1 3 1 5 1 7 1 9 1 14 2 3 2 4 2 5 2 7 2 12 2 14 3 6 3 8 3 10 3 13 4 8 4 9 4 10 5 6 5 8 5 10 5 13 6 7 6 9 6 14 7 8 7 10 7 13 8 11 9 12 9 13 10 12 10 14 11 12 11 14 13 14
rmtf15_116 15 41 0 1 0 5 0 6 0 9 0 12 0 13 0 14 1 4 1 8 1 10 1 11 2 4 2 5 2 6 2 9 2 12 2 14 3 4 3 5 3 9 3 10 3 12 3 14 4 7 4 13 5 7 5 8 6 8 6 10 6 11 7 9 7 10 7 11 7 12 8 9 8 12 8 13 8 14 10 13 11 13 11 14
rmtf15_117 15 39 0 1 0 5 0 6 0 7 0 11 0 13 1 8 1 9 1 10 1 14 2 3 2 5 2 8 2 9 2 10 3 6 3 7 3 11 3 13 3 14 4 5 4 6 4 9 4 13 4 14 5 12 6 12 7 8 7 9 7 10 8 11 8 12 8 13 9 11 9 12 10 11 10 12 10 13 12 14
rmtf15_118 15 39 0 1 0 4 0 6 0 7 0 10 0 14 1 2 1 8 1 12 1 13 2 3 2 4 2 10 2 11 3 6 3 7 3 8 3 13 3 14 4 5 4 12 4 13 5 8 5 9 5 11 6 9 6 11 6 12 7 9 7 11 7 12 8 10 9 10 9 13 9 14 10 12 11 13 11 14 12 14
rmtf15_119 15 43 0 1 0 3 0 4 0 6 0 7 0 11 0 14 1 2 1 8 1 9 1 12 1 13 2 4 2 5 2 7 2 10 2 14 3 5 3 8 3 9 3 13 4 8 4 9 4 12 4 13 5 12 6 8 6 10 6 12 6 13 7 8 7 9 7 12 7 13 8 11 8 14 9 10 9 14 10 11 11 12 11 13 12 14 13 14
rmtf15_120 15 49 0 5 0 9 0 10 0 12 0 13 0 14 1 5 1 8 1 9 1 10 1 13 1 14 2 5 2 9 2 10 2 12 2 13 2 14 3 5 3 8 3 9 3 10 3 13 3 14 4 5 4 8 4 9 4 10 4 13 4 14 5 6 5 7 5 11 6 9 6 10 6 12 6 13 6 14 7 9 7 10 7 12 7 13 7 14 8 12 9 11 10 11 11 12 11 13 11 14
rmtf15_121 15 44 0 5 0 7 0 8 0 9 0 10 0 11 0 14 1 5 1 7 1 8 1 9 1 10 1 11 1 14 2 5 2 9 2 10 2 11 2 13 2 14 3 5 3 6 3 13 3 14 4 5 4 9 4 10 4 11 4 13 4 14 5 12 6 7 6 8 6 9 6 10 6 11 7 12 7 13 8 12 8 13 9 12 10 12 11 12 12 14
rmtf15_122 15 40 0 4 0 5 0 8 0 10 0 11 0 13 1 5 1 6 1 8 1 10 1 14 2 3 2 6 2 10 2 14 3 5 3 8 3 9 3 11 3 13 4 6 4 7 4 9 4 12 4 14 5 7 5 12 6 11 6 13 7 8 7 10 7 11 7 13 8 12 9 10 10 12 11 12 11 14 12 13 13 14
rmtf15_123 15 37 0 1 0 2 0 8 0 10 0 11 1 3 1 5 1 7 1 12 1 13 2 3 2 4 2 12 2 14 3 6 3 8 3 9 4 5 4 8 4 10 4 13 5 6 5 9 6 7 6 10 6 13 7 8 7 11 7 14 8 12 9 10 9 11 9 14 10 12 11 12 11 13 13 14
rmtf15_124 15 40 0 3 0 6 0 7 0 11 0 12 1 7 1 8 1 9 1 14 2 3 2 7 2 9 2 11 3 4 3 5 3 8 3 13 3 14 4 6 4 7 4 11 4 12 5 7 5 9 5 11 6 8 6 9 6 14 7 10 7 13 8 10 8 11 8 12 9 10 9 12 9 13 10 14 11 13 11 14 12 14
rmtf15_125 15 41 0 1 0 4 0 5 0 6 0 8 0 9 0 11 1 3 1 10 1 12 1 14 2 4 2 10 2 12 2 13 2 14 3 4 3 5 3 6 3 8 3 9 3 13 4 7 5 10 5 12 5 14 6 10 6 12 6 14 7 9 7 12 7 13 8 10 8 12 8 14 9 10 9 14 10 11 11 12 11 13 11 14
rmtf15_126 15 37 0 1 0 3 0 4 0 6 0 14 1 5 1 9 1 11 1 13 2 3 2 4 2 11 2 14 3 10 3 12 3 13 4 5 4 9 4 10 4 13 5 6 5 12 5 14 6 9 6 11 6 13 7 12 7 13 7 14 8 12 8 13 8 14 9 12 9 14 10 11 10 14 11 12
rmtf15_127 15 45 0 1 0 2 0 4 0 5 0 10 0 11 0 14 1 3 1 6 1 7 1 8 1 9 2 6 2 7 2 9 2 12 2 13 3 5 3 10 3 12 3 14 4 6 4 7 4 9 4 12 4 13 5 6 5 7 5 9 5 13 6 10 6 11 6 14 7 10 7 11 7 14 8 10 8 12 8 13 9 10 9 11 9 14 11 12 11 13 13 14
rmtf15_128 15 43 0 2 0 5 0 7 0 8 0 11 0 12 1 2 1 3 1 7 1 9 1 11 1 14 2 4 2 6 2 10 2 13 3 4 3 5 3 10 3 12 4 7 4 8 4 11 5 6 5 9 5 13 5 14 6 7 6 8 6 11 6 12 7 10 7 13 8 9 8 13 8 14 9 10 9 12 10 11 10 14 11 13 12 13 12 14
rmtf15_129 15 37 0 1 0 2 0 6 0 8 0 10 0 12 1 3 1 4 1 7 1 13 2 3 2 4 2 7 2 13 3 8 3 10 3 11 3 12 4 5 4 11 4 12 4 14 5 6 5 8 5 10 6 11 6 13 6 14 7 9 7 10 7 11 8 9 9 12 9 13 9 14 10 13 10 14
rmtf15_130 15 49 0 1 0 2 0 6 0 7 0 8 0 9 0 10 0 13 1 3 1 4 1 11 1 12 1 14 2 3 2 4 2 11 2 12 2 14 3 6 3 7 3 8 3 9 3 10 3 13 4 6 4 7 4 8 4 9 4 10 4 13 5 8 5 9 5 10 5 11 5 13 6 11 6 12 6 14 7 11 7 12 7 14 8 12 8 14 9 12 9 14 10 12 10 14 12 13 13 14
rmtf15_131 15 38 0 1 0 4 0 5 0 7 0 11 0 13 1 3 1 8 1 12 1 14 2 3 2 5 2 7 2 11 2 14 3 4 3 9 3 10 3 13 4 8 4 12 4 14 5 6 5 8 5 12 6 9 6 10 6 14 7 9 7 10 7 12 8 10 8 11 8 13 9 11 11 12 12 13 13 14
rmtf15_132 15 39 0 1 0 4 0 5 0 8 0 9 0 11 0 12 1 3 1 7 1 10 1 14 2 3 2 4 2 8 2 9 2 11 2 12 3 5 3 6 3 13 4 6 4 10 4 14 5 7 5 10 5 14 6 7 6 8 6 9 7 11 7 12 8 10 8 14 9 13 10 12 10 13 11 13 12 14 13 14
rmtf15_133 15 38 0 3 0 4 0 5 0 6 0 11 0 13 1 2 1 3 1 6 2 4 2 5 2 10 2 11 2 13 3 7 3 9 3 10 4 7 4 8 4 9 5 8 5 12 5 14 6 8 6 12 6 14 7 11 7 12 7 14 8 10 8 11 8 13 9 11 9 13 9 14 10 12 10 14 12 13
rmtf15_134 15 43 0 1 0 4 0 6 0 8 0 12 0 13 1 2 1 3 1 7 1 10 1 11 1 14 2 9 2 12 2 13 3 4 3 6 3 8 3 12 3 13 4 5 4 7 4 9 4 10 5 6 5 8 5 11 5 12 5 13 6 7 6 9 6 10 7 8 7 12 7 13 8 9 8 10 9 11 9 14 10 12 10 13 12 14 13 14
rmtf15_135 15 39 0 3 0 4 0 6 0 10 0 11 1 3 1 4 1 6 1 10 1 11 2 3 2 5 2 10 2 12 2 14 3 8 3 9 3 13 4 5 4 7 5 8 5 9 5 13 6 8 6 9 6 12 6 13 6 14 7 8 7 9 7 10 7 12 7 14 8 11 9 11 10 13 11 12 11 13 11 14
rmtf15_136 15 48 0 4 0 5 0 6 0 7 0 8 0 11 0 13 1 4 1 5 1 6 1 7 1 8 1 11 1 13 2 4 2 5 2 6 2 7 2 8 2 11 2 13 3 4 3 5 3 6 3 7 3 8 3 11 3 13 4 10 4 12 4 14 5 10 5 12 5 14 6 9 7 9 8 10 8 12 8 14 9 10 9 12 9 14 10 11 10 13 11 12 11 14 12 13 13 14
rmtf15_137 15 45 0 5 0 7 0 9 0 10 0 11 0 12 1 2 1 5 1 9 1 10 1 11 1 12 2 3 2 6 2 7 3 4 3 8 3 10 3 14 4 5 4 7 4 9 4 11 4 12 5 6 5 8 5 13 5 14 6 9 6 10 6 11 6 12 7 8 7 13 7 14 8 9 8 11 8 12 9 13 9 14 10 13 11 13 11 14 12 13 12 14
rmtf15_138 15 40 0 7 0 9 0 12 0 13 0 14 1 4 1 5 1 7 1 8 1 11 1 14 2 4 2 6 2 12 2 13 3 4 3 5 3 7 3 8 3 11 3 14 4 9 4 10 5 6 5 9 5 12 5 13 6 7 6 8 6 10 6 11 6 14 8 9 8 12 8 13 9 11 10 12 10 13 11 12 11 13
rmtf15_139 15 38 0 2 0 5 0 6 0 12 0 14 1 3 1 4 1 6 1 11 1 12 1 14 2 3 2 4 2 8 2 10 2 11 2 13 3 5 3 9 4 5 4 9 5 7 5 8 5 11 5 13 6 8 6 9 6 10 7 9 7 10 7 14 8 12 8 14 9 11 9 12 9 13 10 12 13 14
rmtf15_140 15 39 0 1 0 5 0 8 0 9 0 14 1 2 1 4 1 10 1 11 1 12 2 6 2 7 2 8 2 9 2 14 3 6 3 8 3 10 3 11 3 12 4 6 4 7 4 8 4 9 4 14 5 6 5 7 5 10 6 13 7 11 7 12 8 13 9 10 9 13 10 14 11 13 11 14 12 13 12 14
rmtf15_141 15 41 0 2 0 3 0 6 0 12 0 14 1 3 1 4 1 8 1 10 1 14 2 4 2 7 2 10 2 11 2 13 3 5 3 7 3 11 3 13 4 5 4 6 4 9 4 12 5 8 5 10 5 14 6 7 6 10 6 11 6 13 7 9 7 12 8 9 8 11 8 12 9 10 9 13 9 14 10 12 11 14 12 13
rmtf15_142 15 39 0 1 0 9 0 10 0 13 0 14 1 3 1 4 1 6 1 8 2 6 2 8 2 11 2 13 2 14 3 11 3 12 3 13 3 14 4 11 4 12 4 13 4 14 5 8 5 11 5 12 5 13 5 14 6 7 6 10 6 12 7 8 7 11 7 13 7 14 8 9 8 10 9 11 9 12 10 11
rmtf15_143 15 37 0 1 0 2 0 3 0 9 0 10 0 14 1 4 1 5 1 12 2 6 2 7 2 11 3 4 3 5 3 7 4 8 4 11 4 13 5 6 5 9 5 10 5 14 6 8 6 12 6 13 7 8 7 12 7 13 7 14 8 9 8 10 9 11 9 13 10 12 10 13 11 12 11 14
rmtf15_144 15 37 0 1 0 7 0 8 0 12 0 14 1 3 1 6 1 9 1 10 1 13 2 3 2 7 2 9 2 10 2 13 2 14 3 4 3 8 3 12 4 9 4 11 4 13 4 14 5 7 5 8 5 12 5 13 5 14 6 8 6 11 6 14 7 11 8 9 8 10 9 12 10 11 11 12
rmtf15_145 15 36 0 2 0 4 0 5 0 14 1 2 1 4 1 5 1 14 2 3 2 6 2 7 2 11 2 12 3 4 3 5 3 8 4 6 4 10 4 13 5 6 5 7 5 9 5 10 5 12 6 8 7 13 7 14 8 9 8 10 8 12 8 14 9 11 9 13 10 11 11 14 12 13
rmtf15_146 15 41 0 2 0 3 0 6 0 7 0 11 0 13 1 2 1 6 1 7 1 11 1 13 1 14 2 5 2 8 2 9 2 10 3 10 3 12 3 14 4 6 4 7 4 10 4 14 5 11 5 12 5 14 6 8 6 9 6 12 7 8 7 9 7 12 8 11 8 13 8 14 9 11 9 13 9 14 10 11 10 13 12 13
rmtf15_147 15 38 0 3 0 6 0 7 0 10 0 12 1 3 1 5 1 12 1 13 2 3 2 7 2 10 2 12 2 13 3 8 3 11 4 5 4 6 4 8 4 12 5 7 5 10 5 11 6 9 6 13 6 14 7 9 7 14 8 9 8 13 8 14 9 10 9 11 9 12 10 14 11 13 11 14 12 14
rmtf15_148 15 40 0 1 0 2 0 6 0 7 0 12 1 5 1 9 1 10 1 11 2 3 2 4 2 13 2 14 3 5 3 6 3 10 3 12 4 5 4 6 4 9 4 10 4 11 5 7 5 13 5 14 6 8 6 14 7 9 7 10 7 11 8 10 8 12 8 13 9 12 9 13 9 14 10 14 11 12 11 13 11 14
rmtf15_149 15 41 0 6 0 8 0 11 0 13 0 14 1 6 1 8 1 11 1 13 1 14 2 3 2 4 2 11 2 12 2 13 3 5 3 6 3 8 3 14 4 5 4 6 4 7 4 9 4 10 5 11 5 12 5 13 6 12 7 8 7 11 7 13 7 14 8 10 8 12 9 11 9 12 9 13 9 14 10 11 10 13 10 14
rmtf15_150 15 40 0 2 0 3 0 4 0 8 0 14 1 2 1 4 1 5 1 8 1 12 1 13 2 6 2 10 2 11 3 5 3 6 3 11 3 12 3 13 4 6 4 7 4 9 4 10 5 7 5 9 5 10 6 8 6 14 7 8 7 11 7 12 7 13 8 9 8 10 9 11 9 12 9 14 10 12 10 14 13 14
rmtf15_151 15 41 0 3 0 5 0 6 0 9 0 12 0 13 0 14 1 4 1 5 1 7 1 11 2 3 2 4 2 5 2 9 2 12 2 13 3 7 3 8 3 10 4 6 4 8 4 14 5 8 5 10 6 7 6 10 6 11 7 9 7 12 7 13 7 14 8 9 8 11 9 10 10 12 10 13 10 14 11 12 11 13 11 14
rmtf15_152 15 40 0 2 0 3 0 7 0 9 0 13 1 3 1 4 1 6 1 11 1 13 2 5 2 6 2 12 2 14 3 5 3 8 3 10 3 12 3 14 4 5 4 7 4 9 4 10 4 12 5 11 5 13 6 8 6 9 6 10 7 8 7 11 7 14 8 13 9 11 9 14 10 11 10 13 11 12 12 13 13 14
rmtf15_153 15 44 0 2 0 3 0 6 0 9 0 12 0 13 1 2 1 3 1 6 1 9 1 11 1 12 2 4 2 5 2 7 2 8 2 14 3 4 3 5 3 7 3 8 3 14 4 6 4 10 4 12 4 13 5 6 5 9 5 11 5 12 6 7 6 8 6 14 7 10 7 11 7 12 8 10 8 12 8 13 9 10 10 14 11 13 12 14 13 14
rmtf15_154 15 38 0 3 0 4 0 7 0 8 0 11 1 7 1 10 1 11 1 12 1 14 2 5 2 7 2 8 2 11 2 14 3 10 3 12 3 13 3 14 4 5 4 6 4 12 4 14 5 10 5 13 6 7 6 8 6 10 6 11 7 9 7 13 8 12 8 13 9 10 9 11 9 12 9 14 11 13
rmtf15_155 15 50 0 2 0 5 0 8 0 10 0 11 0 12 0 14 1 2 1 5 1 8 1 10 1 11 1 12 1 14 2 3 2 4 2 7 2 9 2 13 3 5 3 8 3 10 3 11 3 12 3 14 4 5 4 8 4 10 4 11 4 12 4 14 5 6 5 9 5 13 6 7 6 11 6 12 6 14 7 8 7 10 8 9 8 13 9 10 9 11 9 12 9 14 10 13 11 13 12 13 13 14
rmtf15_156 15 43 0 1 0 2 0 3 0 4 0 5 0 7 0 11 0 13 1 8 1 9 1 10 1 14 2 8 2 10 2 12 2 14 3 6 3 9 3 10 3 14 4 6 4 9 4 10 4 14 5 8 5 10 5 12 5 14 6 8 6 12 7 8 7 10 7 12 7 14 8 11 8 13 9 11 9 12 10 11 10 13 11 14 12 13 13 14
rmtf15_157 15 42 0 2 0 3 0 4 0 6 0 7 0 11 0 14 1 2 1 6 1 7 1 11 1 12 1 14 2 5 2 8 2 13 3 8 3 9 3 12 4 5 4 8 4 12 5 9 5 10 6 8 6 9 6 10 6 13 7 8 7 9 7 10 7 13 8 11 8 14 9 11 9 14 10 11 10 12 10 14 11 13 12 13 13 14
rmtf15_158 15 39 0 3 0 4 0 5 0 7 0 8 0 11 1 4 1 5 1 7 1 9 1 13 2 4 2 5 2 10 2 11 2 13 3 6 3 10 3 13 3 14 4 6 4 12 4 14 5 6 5 12 5 14 6 7 6 9 7 10 7 14 8 9 8 12 8 13 8 14 9 10 9 11 10 12 11 12 11 14
rmtf15_159 15 40 0 2 0 9 0 12 0 13 0 14 1 3 1 7 1 9 1 11 1 12 1 13 1 14 2 3 2 4 2 7 2 10 2 11 3 6 3 8 4 9 4 12 4 13 4 14 5 7 5 8 5 9 5 10 6 7 6 9 6 11 6 12 6 13 6 14 8 11 8 12 8 13 8 14 10 12 10 13 10 14
rmtf15_160 15 49 0 3 0 4 0 6 0 10 0 11 0 13 0 14 1 2 1 7 1 11 1 13 2 3 2 4 2 6 2 10 2 14 3 5 3 7 3 8 3 9 3 12 4 5 4 7 4 8 4 9 4 12 5 6 5 10 5 11 5 13 5 14 6 7 6 8 6 9 6 12 7 10 7 14 8 10 8 11 8 13 8 14 9 10 9 11 9 13 9 14 10 12 11 12 12 13 12 14
rmtf15_161 15 43 0 3 0 5 0 7 0 8 0 9 0 11 1 3 1 5 1 7 1 8 1 9 1 11 2 5 2 6 2 9 2 12 2 13 3 4 3 6 3 10 3 14 4 5 4 9 4 11 4 12 4 13 5 10 5 14 6 7 6 8 6 11 7 10 7 12 7 13 8 10 8 12 8 13 9 10 9 14 10 11 11 14 12 14 13 14
rmtf15_162 15 40 0 3 0 6 0 8 0 9 0 14 1 4 1 5 1 6 1 13 1 14 2 3 2 8 2 12 2 14 3 4 3 5 3 7 3 10 3 13 4 8 4 9 4 11 5 8 5 9 5 11 6 7 6 10 6 11 6 12 7 8 7 9 7 14 8 10 8 13 9 10 9 12 10 14 11 13 11 14 12 13
rmtf15_163 15 40 0 1 0 2 0 4 0 9 0 10 1 5 1 8 1 12 1 13 1 14 2 3 2 7 2 8 2 12 2 13 2 14 3 5 3 6 3 9 3 10 4 5 4 6 4 12 4 14 5 7 5 11 6 7 6 8 6 13 7 9 7 10 8 9 8 10 9 12 9 13 9 14 10 11 10 14 11 12 11 13
rmtf15_164 15 45 0 1 0 7 0 8 0 11 0 13 0 14 1 2 1 4 1 6 1 9 1 10 1 12 2 3 2 8 2 11 2 13 2 14 3 7 3 9 3 10 3 12 4 7 4 8 4 11 4 13 4 14 5 7 5 8 5 9 5 12 6 7 6 8 6 11 6 13 6 14 8 10 9 11 9 13 9 14 10 11 10 13 10 14 11 12 12 13 12 14
rmtf15_165 15 42 0 5 0 12 0 14 1 2 1 3 1 4 1 11 1 14 2 6 2 7 2 9 2 10 2 12 3 5 3 7 3 8 3 9 3 10 3 12 3 13 4 5 4 7 4 8 4 9 4 10 4 12 4 13 5 6 5 11 6 8 6 13 7 11 7 14 8 11 8 14 9 11 9 14 10 11 10 14 11 12 11 13 13 14
rmtf15_166 15 44 0 1 0 2 0 11 0 12 0 13 1 4 1 6 1 7 1 8 1 9 1 10 1 14 2 3 2 5 2 6 2 14 3 4 3 7 3 8 3 9 3 10 3 13 4 5 4 11 4 12 5 7 5 8 5 9 5 10 5 13 6 11 6 12 6 13 7 11 7 12 8 11 8 12 9 11 9 12 10 11 10 12 11 14 12 14 13 14
rmtf15_167 15 38 0 3 0 5 0 6 0 10 1 2 1 3 1 6 1 8 1 14 2 4 2 5 2 9 2 10 2 11 3 4 3 9 3 12 4 7 4 13 5 8 5 12 5 14 6 7 6 9 6 11 6 13 7 10 7 12 7 14 8 9 8 10 8 11 8 13 9 14 11 12 11 14 12 13 13 14
rmtf15_168 15 40 0 2 0 3 0 10 0 14 1 2 1 10 1 11 1 13 1 14 2 4 2 6 2 7 2 8 2 9 2 12 3 6 3 11 3 12 3 13 4 10 4 11 4 13 4 14 5 9 5 10 5 11 5 14 6 10 6 14 7 10 7 11 7 13 7 14 8 10 8 11 8 13 8 14 9 13 10 12 12 14
rmtf15_169 15 39 0 2 0 3 0 7 0 8 0 10 0 14 1 6 1 7 1 8 1 10 1 11 1 12 2 5 2 6 2 11 2 13 3 4 3 5 3 6 3 11 4 10 4 12 4 13 5 7 5 8 5 10 5 12 6 9 6 14 7 9 7 13 8 9 8 13 9 10 9 11 9 12 11 14 12 14 13 14
rmtf15_170 15 41 0 5 0 7 0 8 0 10 0 11 0 12 1 5 1 6 1 7 1 8 1 12 2 5 2 7 2 10 2 11 2 12 2 13 3 4 3 5 3 6 3 7 3 8 4 9 4 10 4 11 4 12 4 13 5 9 5 14 6 9 6 10 6 11 6 13 7 9 7 14 8 9 8 13 10 14 11 14 12 14 13 14
rmtf15_171 15 36 0 2 0 5 0 6 0 10 0 11 1 2 1 3 1 6 1 8 1 9 2 7 2 12 2 13 3 5 3 7 3 13 4 6 4 7 4 8 4 12 4 13 5 8 5 12 5 14 6 14 7 10 7 11 7 14 8 10 8 11 9 10 9 12 9 13 11 12 11 13 13 14
rmtf15_172 15 40 0 2 0 5 0 7 0 8 0 9 1 2 1 5 1 7 1 8 1 9 2 3 2 4 2 6 2 10 2 13 3 9 3 11 3 14 4 5 4 7 4 8 4 9 5 10 5 11 5 13 5 14 6 7 6 8 6 9 6 14 7 10 7 11 7 13 8 10 8 11 8 12 9 10 9 12 12 13 12 14
rmtf15_173 15 44 0 2 0 4 0 5 0 7 0 8 0 13 1 2 1 3 1 5 1 7 1 10 1 12 1 13 2 6 2 9 2 11 2 14 3 4 3 8 3 9 3 11 4 6 4 10 4 12 5 6 5 9 5 11 5 14 6 7 6 8 6 13 7 9 7 11 7 14 8 14 9 10 9 12 9 13 10 11 10 14 11 12 11 13 12 14 13 14
rmtf15_174 15 42 0 1 0 2 0 4 0 5 0 7 0 8 0 14 1 6 1 9 1 11 1 12 1 13 2 6 2 9 2 11 2 12 2 13 3 4 3 7 3 8 3 12 3 13 3 14 4 6 4 10 5 6 5 9 5 11 5 12 5 13 6 7 6 8 6 14 7 10 8 9 8 11 9 10 9 14 10 11 10 12 10 13 11 14
rmtf15_175 15 43 0 1 0 2 0 3 0 4 0 6 0 10 0 13 1 7 1 8 1 11 1 12 2 7 2 8 2 9 2 11 2 14 3 7 3 8 3 9 3 11 3 14 4 7 4 8 4 9 4 11 4 14 5 7 5 10 5 11 5 12 6 7 6 8 6 11 6 12 7 13 8 10 8 13 9 10 9 12 10 14 11 13 12 13 12 14
rmtf15_176 15 45 0 1 0 6 0 9 0 11 0 12 0 13 1 2 1 3 1 4 1 7 1 8 1 14 2 6 2 9 2 11 2 12 2 13 3 5 3 6 3 9 3 10 4 5 4 6 4 9 4 12 5 11 5 13 6 7 6 8 6 14 7 9 7 11 7 12 7 13 8 9 8 11 8 12 8 13 9 14 10 11 10 12 10 13 11 14 12 14 13 14
rmtf15_177 15 37 0 3 0 5 0 6 0 8 0 11 1 3 1 6 1 8 1 13 1 14 2 3 2 5 2 8 2 9 2 13 3 4 3 10 3 12 4 5 4 7 4 9 4 13 5 10 5 12 5 14 6 9 6 10 7 8 7 10 7 12 7 14 9 11 9 12 10 11 11 13 11 14 12 13
rmtf15_178 15 49 0 1 0 2 0 6 0 7 0 8 0 13 1 4 1 5 1 9 1 10 1 11 1 12 1 14 2 4 2 5 2 9 2 10 2 11 2 12 2 14 3 4 3 5 3 7 3 10 3 11 3 12 4 6 4 8 4 13 5 6 5 8 5 13 6 9 6 10 6 11 6 12 6 14 7 9 7 14 8 9 8 10 8 11 8 12 8 14 9 13 10 13 11 13 12 13 13 14
rmtf15_179 15 40 0 1 0 2 0 7 0 11 0 13 1 5 1 6 1 8 1 9 1 14 2 4 2 9 2 10 2 12 2 14 3 4 3 5 3 6 3 9 3 11 3 14 4 7 4 8 4 13 5 7 5 10 5 13 6 7 6 10 6 13 7 9 7 12 7 14 8 10 8 12 9 13 10 11 11 12 12 13 13 14
rmtf15_180 15 41 0 2 0 3 0 6 0 12 0 14 1 2 1 4 1 6 1 14 2 5 2 7 2 11 2 13 3 4 3 7 3 10 4 5 4 11 4 12 4 13 5 6 5 8 5 9 5 10 6 7 6 11 6 13 7 8 7 9 8 11 8 12 8 13 8 14 9 11 9 12 9 13 9 14 10 11 10 12 10 13 10 14
rmtf15_181 15 44 0 2 0 4 0 6 0 10 0 11 0 14 1 2 1 4 1 6 1 10 1 11 1 14 2 3 2 7 2 9 2 12 2 13 3 4 3 5 3 8 4 7 4 9 4 12 4 13 5 6 5 7 5 10 5 11 5 12 5 14 6 8 6 9 6 13 7 8 8 10 8 11 8 12 8 14 9 10 9 11 9 14 10 13 11 13 13 14
rmtf15_182 15 45 0 1 0 4 0 8 0 9 0 11 0 12 0 14 1 3 1 5 1 7 1 10 1 13 2 4 2 5 2 9 2 14 3 4 3 8 3 9 3 11 3 12 3 14 4 7 4 10 4 13 5 6 5 8 5 11 5 12 6 13 6 14 7 8 7 9 7 11 7 12 7 14 8 10 8 13 9 10 9 13 10 11 10 12 10 14 11 13 12 13
rmtf15_183 15 40 0 5 0 8 0 9 0 10 0 13 1 2 1 6 1 9 1 10 1 11 1 14 2 3 2 7 2 12 2 13 3 5 3 8 3 9 3 10 3 11 4 6 4 9 4 10 4 11 4 12 4 14 5 6 5 7 5 12 5 14 6 8 6 13 7 8 7 9 7 10 7 11 8 12 8 14 11 13 13 14
rmtf15_184 15 40 0 3 0 5 0 6 0 9 0 10 1 3 1 6 1 9 1 12 2 3 2 5 2 6 2 9 2 10 3 7 3 8 3 11 3 13 4 5 4 9 4 10 4 13 5 7 5 8 5 11 5 12 6 7 6 8 6 11 6 13 7 9 7 10 8 10 8 14 9 11 9 14 10 11 10 12 12 13 13 14
rmtf15_185 15 35 0 1 0 3 0 4 0 11 1 6 1 13 1 14 2 3 2 6 2 13 2 14 3 7 3 8 3 10 3 12 4 5 4 6 4 8 4 9 4 13 5 12 5 14 6 7 6 10 6 12 7 13 7 14 8 11 8 14 9 12 9 14 10 11 10 14 11 12 11 13
rmtf15_186 15 40 0 4 0 5 0 6 0 10 0 12 0 14 1 2 1 3 1 5 1 10 1 13 2 4 2 6 2 12 2 14 3 6 3 7 3 8 3 9 4 8 4 9 4 11 4 13 5 7 5 8 5 9 6 11 6 13 7 11 7 13 7 14 8 10 8 12 8 14 9 10 9 12 9 14 10 11 11 12 12 13
rmtf15_187 15 39 0 4 0 9 0 10 0 11 0 13 0 14 1 2 1 6 1 7 1 9 2 4 2 5 2 11 2 12 2 14 3 4 3 7 3 9 3 10 3 11 3 14 4 6 4 8 5 8 5 9 5 10 5 13 6 10 6 11 6 13 6 14 7 8 7 13 8 11 8 12 8 14 9 12 10 12 12 13
rmtf15_188 15 37 0 5 0 9 0 12 0 14 1 3 1 5 1 10 1 11 2 3 2 8 2 9 3 4 3 7 3 12 3 13 3 14 4 5 4 10 4 11 5 6 5 7 5 8 5 13 6 9 6 12 6 14 7 10 7 11 8 10 8 11 9 10 9 11 9 13 10 12 10 14 11 12 11 14
rmtf15_189 15 40 0 2 0 7 0 9 0 10 0 12 0 14 1 7 1 8 1 11 1 12 2 4 2 5 2 11 2 13 3 4 3 6 3 7 3 8 3 11 4 9 4 10 4 12 4 14 5 7 5 9 5 10 5 12 5 14 6 9 6 12 6 13 6 14 7 13 8 9 8 13 8 14 9 11 10 11 10 13 11 14
rmtf15_190 15 39 0 5 0 8 0 9 0 10 0 12 0 13 0 14 1 2 1 5 1 6 1 7 1 12 2 3 2 8 2 9 2 13 2 14 3 5 3 6 3 10 3 12 4 5 4 8 4 9 4 10 4 12 4 13 4 14 5 11 6 8 6 11 6 13 7 8 7 10 7 11 7 13 9 11 11 12 11 14
rmtf15_191 15 41 0 5 0 7 0 8 0 9 0 12 1 3 1 5 1 6 1 9 1 10 2 3 2 5 2 6 2 9 2 12 3 4 3 7 3 13 3 14 4 5 4 8 4 9 4 12 5 11 5 13 5 14 6 7 6 8 6 13 7 10 7 11 8 10 8 11 8 14 9 11 9 13 9 14 10 12 11 12 12 13 12 14
rmtf15_192 15 38 0 2 0 7 0 8 0 12 0 13 1 2 1 3 1 5 1 9 1 11 1 13 2 4 2 6 2 10 2 14 3 7 3 8 3 12 4 5 4 8 4 11 4 13 5 12 5 14 6 7 6 9 6 12 6 13 7 10 7 11 7 14 8 9 9 10 9 14 10 12 10 13 11 12 13 14
rmtf15_193 15 40 0 1 0 6 0 8 0 10 0 13 0 14 1 2 1 3 1 7 1 11 2 5 2 12 2 14 3 5 3 6 3 10 3 13 3 14 4 6 4 7 4 8 4 13 4 14 5 7 5 8 5 11 6 9 6 11 6 12 7 9 7 10 8 9 8 12 9 13 9 14 10 11 10 12 11 13 11 14 12 13
rmtf15_194 15 48 0 1 0 2 0 5 0 9 0 11 0 13 0 14 1 4 1 6 1 8 1 10 1 12 2 4 2 6 2 8 2 10 2 12 3 6 3 8 3 10 3 12 3 14 4 5 4 9 4 11 4 13 4 14 5 6 5 8 5 10 5 12 6 7 6 9 6 11 6 13 7 8 7 10 7 12 7 14 8 9 8 11 8 13 9 10 9 12 10 11 10 13 11 12 12 13
rmtf15_195 15 49 0 3 0 4 0 6 0 8 0 10 0 11 1 3 1 4 1 5 1 6 1 10 1 11 2 3 2 4 2 6 2 8 2 10 2 11 3 7 3 9 3 12 3 13 3 14 4 7 4 9 4 12 4 13 4 14 5 8 5 12 5 14 6 7 6 9 6 12 6 13 6 14 7 8 7 10 7 11 8 9 8 13 9 10 9 11 10 12 10 13 10 14 11 12 11 13 11 14
rmtf15_196 15 46 0 3 0 6 0 7 0 8 0 9 1 4 1 5 1 9 1 13 1 14 2 3 2 6 2 7 2 8 2 9 3 4 3 5 3 13 3 14 4 6 4 7 4 8 4 10 4 11 4 12 5 6 5 7 5 8 5 10 5 11 5 12 6 13 6 14 7 13 7 14 8 13 8 14 9 10 9 11 9 12 10 13 10 14 11 13 11 14 12 13 12 14
rmtf15_197 15 43 0 5 0 8 0 11 0 12 0 14 1 4 1 6 1 7 1 13 1 14 2 5 2 8 2 11 2 12 2 14 3 4 3 8 3 11 3 12 3 13 3 14 4 5 4 9 4 10 5 6 5 7 5 13 6 8 6 11 6 12 7 8 7 11 7 12 8 9 8 10 9 11 9 12 9 13 9 14 10 11 10 12 10 13 10 14
rmtf15_198 15 41 0 5 0 7 0 8 0 10 0 13 0 14 1 5 1 7 1 8 1 10 1 13 1 14 2 4 2 5 2 7 2 8 2 11 2 14 3 6 3 7 3 8 3 9 3 10 3 12 3 13 4 6 4 9 4 10 4 12 4 13 5 6 5 9 5 12 6 11 6 14 9 11 9 14 10 11 11 12 11 13 12 14
rmtf15_199 15 43 0 1 0 3 0 4 0 8 0 11 0 14 1 2 1 6 1 7 1 9 1 13 2 3 2 10 2 11 2 12 2 14 3 5 3 6 3 7 3 9 4 6 4 10 4 12 4 13 5 10 5 12 5 13 5 14 6 8 6 11 6 14 7 10 7 11 7 12 7 14 8 10 8 12 8 13 9 10 9 11 9 12 9 14 11 13
rmtf15_200 15 41 0 4 0 8 0 9 0 11 0 12 1 2 1 3 1 6 1 9 1 13 2 4 2 5 2 7 2 14 3 4 3 8 3 11 3 12 4 6 4 10 4 13 5 6 5 9 5 12 5 13 6 8 6 11 7 8 7 9 7 11 7 12 8 10 8 13 8 14 9 10 9 14 10 11 10 12 11 13 11 14 12 14
rmtf15_201 15 54 0 5 0 7 0 8 0 9 0 10 0 13 1 5 1 7 1 8 1 9 1 10 1 13 2 5 2 7 2 8 2 9 2 10 2 13 3 5 3 7 3 8 3 9 3 10 3 13 4 5 4 7 4 8 4 9 4 10 4 13 5 6 5 11 5 12 5 14 6 7 6 8 6 9 6 10 6 13 7 11 7 12 7 14 8 11 8 12 8 14 9 11 9 12 9 14 10 11 10 12 10 14 11 13 12 13 13 14
rmtf15_202 15 38 0 7 0 8 0 9 0 11 1 5 1 6 1 9 1 10 1 12 1 13 2 3 2 6 2 9 2 10 2 14 3 5 3 8 3 11 3 13 4 5 4 8 4 9 4 10 4 12 4 13 5 7 5 14 6 7 6 8 6 11 7 10 7 12 7 13 8 14 10 11 11 12 12 14 13 14
rmtf15_203 15 45 0 1 0 6 0 8 0 11 0 12 0 13 0 14 1 2 1 3 1 5 1 9 1 10 2 6 2 7 2 8 2 11 2 12 2 13 3 6 3 7 3 8 3 11 3 12 3 13 4 7 4 9 4 11 4 12 4 13 5 6 5 8 5 11 5 12 5 13 5 14 6 9 6 10 7 10 7 14 8 9 8 10 9 14 10 11 10 12 10 13
rmtf15_204 15 40 0 3 0 5 0 6 0 7 0 8 0 10 0 11 0 14 1 4 1 5 1 7 1 8 1 10 1 11 1 14 2 3 2 12 2 13 2 14 3 4 4 6 4 9 4 13 5 9 5 12 5 13 6 12 7 9 7 12 7 13 8 9 8 12 8 13 9 10 9 11 9 14 10 12 10 13 11 12 11 13
rmtf15_205 15 39 0 5 0 7 0 11 0 13 0 14 1 2 1 5 1 7 1 8 1 12 1 13 2 6 2 9 2 11 2 14 3 5 3 7 3 8 3 9 3 12 4 5 4 7 4 11 4 13 4 14 5 6 5 10 6 7 6 8 6 12 6 13 7 10 8 10 8 14 9 13 10 11 10 13 11 12 12 14
rmtf15_206 15 41 0 1 0 2 0 4 0 5 0 9 0 14 1 3 1 6 1 7 1 8 1 12 1 13 2 3 2 6 2 7 2 8 2 12 2 13 3 4 3 5 3 9 3 14 4 6 4 7 4 8 4 10 5 8 5 11 5 12 5 13 6 11 6 14 7 11 7 14 8 9 8 14 9 10 9 11 10 12 10 13 10 14
rmtf15_207 15 42 0 1 0 3 0 7 0 9 0 10 0 11 1 2 1 5 1 6 1 8 1 12 2 3 2 7 2 10 2 11 2 14 3 5 3 6 3 8 3 12 4 7 4 10 4 11 4 12 4 14 5 7 5 10 5 11 5 14 6 9 6 11 6 13 7 8 7 13 8 9 8 10 8 11 9 12 9 14 10 13 12 13 13 14
rmtf15_208 15 41 0 9 0 11 0 12 0 13 1 2 1 3 1 5 1 7 1 11 2 4 2 6 2 8 2 9 2 12 3 4 3 8 3 9 3 12 3 13 4 5 4 7 4 11 5 8 5 9 5 12 5 13 6 11 6 13 7 8 7 9 7 12 7 13 8 11 9 10 9 14 10 11 10 12 10 13 11 14 12 14 13 14
rmtf15_209 15 40 0 1 0 2 0 3 0 5 0 9 0 13 0 14 1 4 1 7 1 10 1 12 2 6 2 8 2 11 2 12 3 7 3 10 3 11 3 12 4 5 4 9 4 11 5 6 5 8 5 12 6 7 6 9 6 10 6 13 6 14 7 8 8 9 8 10 8 13 8 14 9 12 11 13 11 14 12 13 12 14
rmtf15_210 15 37 0 7 0 13 0 14 1 3 1 8 1 9 1 11 1 13 2 3 2 8 2 9 2 11 2 13 3 4 3 6 3 10 3 14 4 7 4 13 5 8 5 10 5 13 5 14 6 8 6 9 6 11 6 13 7 8 7 9 7 10 7 11 8 12 9 14 10 12 11 14 12 13 12 14
rmtf15_211 15 43 0 1 0 4 0 10 0 12 0 14 1 2 1 3 1 5 1 7 1 8 1 9 2 4 2 10 2 11 2 13 2 14 3 6 3 10 3 11 3 13 4 6 4 8 4 9 5 6 5 10 5 11 5 13 6 7 6 12 6 14 7 10 7 11 7 13 8 10 8 11 8 13 8 14 9 10 9 11 9 13 9 14 11 12 12 13
rmtf15_212 15 47 0 1 0 4 0 7 0 10 0 11 0 13 1 2 1 3 1 5 1 8 1 9 1 12 1 14 2 4 2 6 2 13 3 4 3 7 3 10 3 11 3 13 4 5 4 8 4 9 4 12 4 14 5 7 5 10 5 11 5 13 6 7 6 8 6 10 6 11 7 9 7 12 7 14 8 13 9 10 9 11 9 13 10 12 10 14 11 12 11 14 12 13 13 14
rmtf15_213 15 44 0 3 0 5 0 8 0 9 0 10 1 3 1 5 1 8 1 9 1 10 2 4 2 6 2 7 2 10 2 12 2 14 3 4 3 7 3 12 3 13 3 14 4 5 4 8 4 9 4 11 5 7 5 12 5 13 5 14 6 8 6 11 6 13 7 8 7 9 7 11 8 12 8 14 9 12 9 13 9 14 10 11 10 13 11 12 11 14
rmtf15_214 15 41 0 1 0 2 0 3 0 11 0 13 1 6 1 7 1 9 1 10 1 14 2 6 2 7 2 8 2 10 2 14 3 6 3 7 3 9 3 10 3 14 4 6 4 7 4 9 4 10 4 11 4 14 5 6 5 7 5 9 5 11 5 13 6 12 7 12 8 9 8 11 8 13 9 12 10 13 11 12 12 13 13 14
rmtf15_215 15 41 0 2 0 6 0 7 0 8 0 11 1 3 1 4 1 5 1 6 1 12 1 13 2 4 2 5 2 9 2 13 3 8 3 9 3 10 3 14 4 7 4 8 4 11 4 14 5 8 5 10 5 11 5 14 6 9 6 10 6 14 7 9 7 10 8 12 8 13 9 11 9 12 10 12 10 13 11 13 12 14 13 14
rmtf15_216 15 45 0 2 0 3 0 7 0 8 0 10 0 12 0 14 1 2 1 9 1 10 1 12 1 14 2 4 2 6 2 11 2 13 3 4 3 5 3 9 3 11 3 13 4 7 4 8 4 10 4 12 4 14 5 6 5 7 5 8 5 14 6 9 6 10 6 12 7 9 7 11 7 13 8 9 8 11 8 13 10 11 10 13 11 12 11 14 12 13 13 14
rmtf15_217 15 40 0 1 0 3 0 9 0 13 0 14 1 4 1 5 1 6 1 7 1 12 2 3 2 5 2 6 2 7 2 9 2 12 2 14 3 4 3 8 3 11 4 9 4 13 4 14 5 8 5 10 5 13 6 8 6 10 6 13 7 8 7 10 7 13 8 9 8 12 8 14 9 11 10 11 10 14 11 12 11 13
rmtf15_218 15 45 0 2 0 3 0 11 0 12 0 13 1 2 1 3 1 6 1 13 2 4 2 7 2 10 2 14 3 4 3 7 3 10 3 14 4 5 4 8 4 9 4 11 4 12 5 6 5 7 5 10 5 13 5 14 6 8 6 9 6 11 6 12 7 8 7 9 7 11 7 12 8 10 8 13 8 14 9 10 9 13 9 14 10 11 10 12 11 14 12 14
rmtf15_219 15 41 0 2 0 4 0 5 0 10 0 12 0 14 1 4 1 5 1 8 1 10 1 12 1 14 2 6 2 8 2 13 3 4 3 5 3 8 3 10 3 12 3 14 4 6 4 9 4 11 5 6 5 9 5 13 6 7 6 10 6 14 7 8 7 12 8 9 8 11 9 10 9 12 9 14 10 13 11 13 12 13 13 14
rmtf15_220 15 43 0 1 0 3 0 4 0 8 0 10 0 11 1 2 1 6 1 9 1 12 1 14 2 5 2 7 2 11 2 13 3 6 3 7 3 9 3 12 3 14 4 5 4 7 4 12 4 13 4 14 5 6 5 8 5 9 6 10 6 11 6 13 7 8 7 10 8 12 8 13 8 14 9 10 9 11 9 13 10 12 10 14 11 12 11 14
rmtf15_221 15 40 0 4 0 5 0 7 0 8 0 10 1 3 1 8 1 11 1 12 1 13 2 4 2 5 2 7 2 8 2 10 3 4 3 5 3 7 3 10 3 14 4 11 4 12 4 13 5 6 5 12 5 13 6 8 6 10 6 11 7 9 7 11 7 12 8 9 8 14 9 13 10 12 10 13 11 14 12 14 13 14
rmtf15_222 15 41 0 3 0 4 0 6 0 9 0 10 0 12 1 3 1 5 1 6 1 7 1 11 2 3 2 5 2 6 2 7 2 9 2 12 2 14 3 8 3 13 4 5 4 7 4 14 5 8 5 10 5 13 6 8 6 13 7 8 7 10 7 13 8 9 8 12 8 14 9 11 9 13 10 11 11 12 11 14 12 13 13 14
rmtf15_223 15 39 0 3 0 7 0 10 0 13 1 2 1 3 1 4 1 5 1 12 2 6 2 7 2 9 2 10 3 6 3 9 3 14 4 8 4 11 4 13 4 14 5 6 5 9 5 10 5 14 6 8 6 11 6 13 7 8 7 11 7 14 8 9 8 10 8 12 9 11 9 13 10 11 11 12 12 13 12 14
rmtf15_224 15 38 0 6 0 7 0 10 1 5 1 7 1 9 1 10 1 13 2 3 2 5 2 7 2 9 2 13 3 4 3 6 3 10 3 11 3 12 4 5 4 7 4 9 4 13 5 6 5 11 5 12 6 8 6 9 6 13 7 8 7 11 7 12 8 10 9 11 9 14 10 14 11 13 12 14 13 14
rmtf15_225 15 50 0 3 0 6 0 7 0 9 0 10 0 11 0 14 1 3 1 6 1 7 1 9 1 10 1 11 1 14 2 3 2 5 2 10 2 11 3 4 3 8 3 12 3 13 4 6 4 7 4 9 4 10 4 11 4 14 5 6 5 7 5 9 5 14 6 8 6 12 6 13 7 8 7 12 7 13 8 9 8 10 8 11 8 14 9 12 9 13 10 12 10 13 11 12 11 13 12 14 13 14
rmtf15_226 15 40 0 2 0 5 0 8 0 9 0 14 1 3 1 5 1 6 1 8 1 9 1 10 1 11 1 14 2 3 2 6 2 10 2 11 3 7 3 12 3 13 4 7 4 8 4 10 4 11 4 12 5 7 5 12 5 13 6 7 6 12 6 13 7 9 7 14 8 13 9 12 9 13 10 13 11 13 12 14 13 14
rmtf15_227 15 40 0 2 0 5 0 6 0 9 0 11 0 12 1 3 1 4 1 7 1 11 1 14 2 3 2 8 2 10 2 14 3 5 3 6 3 9 3 12 3 13 4 5 4 8 4 9 4 12 4 13 5 7 5 14 6 7 6 8 6 14 7 9 7 10 7 13 8 11 9 14 10 11 10 12 11 13 12 14 13 14
rmtf15_228 15 39 0 9 0 11 0 12 0 13 0 14 1 6 1 8 1 11 1 13 1 14 2 4 2 8 2 9 2 10 2 11 2 14 3 4 3 6 3 8 3 10 3 11 3 14 4 12 4 13 5 9 5 11 5 12 5 13 5 14 6 9 6 12 7 9 7 11 7 12 7 13 7 14 8 12 10 12 10 13
rmtf15_229 15 38 0 1 0 4 0 6 0 13 0 14 1 3 1 7 1 8 1 11 2 4 2 7 2 8 2 12 3 4 3 6 3 13 3 14 4 5 4 9 4 10 5 7 5 8 5 12 6 8 6 9 6 12 7 9 7 10 7 13 8 10 8 13 8 14 9 11 9 14 10 11 11 12 11 13 12 14
rmtf15_230 15 38 0 3 0 8 0 10 0 11 0 12 0 14 1 2 1 8 1 10 1 11 1 12 1 13 2 3 2 4 2 7 2 14 3 5 3 13 4 5 4 10 4 13 5 8 5 11 5 12 5 14 6 8 6 10 6 11 6 12 6 13 6 14 7 9 7 10 7 12 8 9 9 11 9 13 9 14
rmtf15_231 15 46 0 1 0 2 0 5 0 6 0 7 0 12 1 3 1 4 1 8 1 9 1 10 1 13 2 3 2 4 2 8 2 9 2 10 2 13 3 5 3 6 3 11 3 14 4 5 4 6 4 11 4 14 5 8 5 9 5 10 5 13 6 8 6 9 6 10 6 13 7 9 7 11 7 13 7 14 8 11 8 14 9 12 10 11 10 14 11 12 12 13 12 14
rmtf15_232 15 42 0 1 0 4 0 7 0 10 0 12 0 13 1 5 1 6 1 8 1 11 1 14 2 4 2 7 2 10 2 11 2 12 2 13 3 5 3 7 3 11 3 14 4 6 4 8 4 9 4 14 5 9 5 12 6 7 6 10 6 12 6 13 7 8 7 9 8 10 8 12 8 13 9 10 9 11 9 13 10 14 12 14 13 14
rmtf15_233 15 40 0 1 0 4 0 7 0 11 0 13 0 14 1 2 1 3 1 6 1 8 1 9 2 5 2 11 2 12 2 14 3 5 3 10 3 12 4 5 4 10 4 12 5 6 5 8 5 9 6 7 6 11 6 13 6 14 7 9 7 10 7 12 8 10 8 12 9 11 9 13 9 14 10 11 10 13 10 14 12 13
rmtf15_234 15 38 0 1 0 3 0 7 0 8 0 12 0 13 1 2 1 5 1 10 1 11 2 3 2 7 2 8 2 12 2 13 3 4 3 9 3 11 4 8 4 10 4 12 4 14 5 7 5 8 5 9 5 13 6 8 6 9 6 10 6 14 7 10 7 14 8 11 9 12 10 13 11 12 11 13 11 14
rmtf15_235 15 37 0 4 0 5 0 9 0 11 0 12 0 13 1 3 1 4 1 5 1 6 1 11 2 3 2 4 2 7 2 9 2 11 3 8 3 13 3 14 4 10 4 14 5 7 5 8 6 9 6 10 6 12 6 13 6 14 7 10 7 12 7 13 7 14 8 9 8 10 8 11 8 12 11 14
rmtf15_236 15 41 0 1 0 5 0 7 0 10 0 13 1 2 1 3 1 4 1 11 1 12 2 5 2 7 2 10 2 13 3 7 3 8 3 9 3 10 3 14 4 6 4 9 4 13 5 8 5 9 5 14 6 7 6 8 6 10 6 14 7 11 7 12 8 11 8 12 8 13 9 11 9 12 10 11 10 12 11 14 12 14 13 14
rmtf15_237 15 37 0 2 0 3 0 8 0 14 1 3 1 8 1 10 1 11 2 5 2 6 2 9 2 11 2 12 3 4 3 9 3 12 3 13 4 8 4 10 4 11 5 8 5 13 5 14 6 8 6 13 6 14 7 8 7 9 7 10 7 11 8 12 9 14 10 12 10 13 10 14 11 13 11 14
rmtf15_238 15 41 0 2 0 5 0 9 0 11 0 14 1 3 1 4 1 5 1 7 1 10 1 13 1 14 2 3 2 6 2 7 2 10 2 13 3 8 3 11 3 12 4 6 4 8 4 11 4 12 5 6 5 8 5 12 6 9 6 14 7 8 7 9 7 11 8 10 8 13 8 14 9 12 9 13 10 11 10 12 11 13 12 14
rmtf15_239 15 44 0 5 0 8 0 14 1 3 1 4 1 5 1 6 1 10 1 13 2 3 2 8 2 9 3 7 3 11 3 12 3 14 4 7 4 8 4 9 4 11 4 12 4 14 5 7 5 9 5 11 5 12 6 7 6 8 6 9 6 11 6 12 6 14 7 10 7 13 8 10 8 13 9 10 9 13 10 11 10 12 10 14 11 13 12 13 13 14
rmtf15_240 15 40 0 3 0 4 0 5 0 6 0 12 0 13 1 2 1 4 1 6 1 9 1 11 2 5 2 7 2 8 2 10 2 14 3 8 3 9 3 11 4 7 4 8 4 10 4 14 5 9 5 11 6 7 6 8 6 10 6 14 7 11 7 12 8 12 8 13 9 12 9 13 9 14 10 11 10 12 11 13 11 14
rmtf15_241 15 45 0 2 0 9 0 10 0 11 0 12 0 14 1 2 1 5 1 6 1 7 2 3 2 4 2 8 2 13 3 9 3 10 3 11 3 12 3 14 4 7 4 9 4 11 4 12 4 14 5 9 5 10 5 11 5 12 5 14 6 9 6 10 6 11 6 12 6 14 7 10 7 13 8 9 8 10 8 11 8 12 8 14 9 13 11 13 12 13 13 14
rmtf15_242 15 40 0 7 0 8 0 9 0 11 0 14 1 3 1 6 1 9 1 11 1 12 1 14 2 3 2 6 2 9 2 11 2 12 2 14 3 4 3 8 3 13 4 6 4 7 4 9 4 10 4 14 5 8 5 9 5 11 5 12 5 14 6 8 6 13 7 12 7 13 8 10 9 13 10 11 10 12 10 13 13 14
rmtf15_243 15 39 0 3 0 4 0 8 0 9 0 13 1 3 1 8 1 10 1 13 2 3 2 4 2 8 2 9 2 13 3 5 3 6 3 11 3 12 3 14 4 6 4 7 4 10 5 8 5 10 5 13 6 8 6 9 6 13 7 8 7 12 7 14 8 11 9 10 9 12 9 14 10 11 11 13 12 13 13 14
rmtf15_244 15 41 0 3 0 5 0 12 0 13 0 14 1 3 1 5 1 6 1 10 1 11 1 13 1 14 2 5 2 6 2 8 2 10 2 11 2 13 2 14 3 8 3 9 4 6 4 8 4 9 4 10 4 11 4 13 4 14 5 7 5 9 6 7 6 12 7 8 7 10 7 11 7 13 7 14 8 12 9 12 10 12 11 12
rmtf15_245 15 40 0 3 0 4 0 6 0 8 0 13 0 14 1 4 1 5 1 10 1 12 2 4 2 5 2 10 2 12 3 7 3 9 3 10 3 11 4 7 4 9 4 11 5 9 5 11 5 13 6 7 6 9 6 10 6 12 7 8 7 13 7 14 8 9 8 10 8 11 9 14 10 13 10 14 11 12 12 13 12 14
rmtf15_246 15 38 0 1 0 2 0 5 0 9 0 13 1 7 1 10 1 11 1 12 1 14 2 4 2 8 2 10 2 12 2 14 3 4 3 5 3 6 3 9 3 11 4 7 4 13 5 8 5 10 5 12 5 14 6 7 6 13 6 14 7 8 7 9 8 11 8 13 9 10 9 12 9 14 10 13 12 13
rmtf15_247 15 37 0 2 0 3 0 4 0 5 0 13 1 2 1 3 1 9 1 11 1 13 2 6 2 10 2 12 3 7 3 8 3 14 4 7 4 8 4 9 4 11 4 12 5 6 5 11 5 12 6 7 6 8 6 9 6 14 7 10 7 13 8 10 8 13 9 10 10 11 10 14 12 13 12 14
rmtf15_248 15 37 0 2 0 5 0 6 0 12 1 2 1 3 1 6 1 7 1 12 2 4 2 10 2 11 3 4 3 5 3 11 4 7 4 8 4 12 4 13 4 14 5 7 5 10 6 8 6 9 6 13 6 14 7 9 8 10 8 11 9 10 9 11 10 12 10 13 10 14 11 12 11 13 11 14
rmtf15_249 15 38 0 3 0 4 0 5 0 7 0 12 1 3 1 4 1 7 1 10 1 14 2 3 2 4 2 5 2 9 2 10 3 8 3 11 3 13 4 8 4 11 4 13 5 6 5 14 6 8 6 10 6 11 6 13 7 8 7 9 8 12 8 14 9 11 9 13 10 12 11 12 11 14 12 13 13 14
rmtf16_0 16 44 0 1 0 2 0 6 0 9 0 10 0 13 1 4 1 5 1 12 1 14 1 15 2 4 2 5 2 12 2 14 2 15 3 6 3 10 3 13 3 14 4 6 4 7 4 9 4 11 5 6 5 7 5 9 5 11 6 8 6 15 7 12 7 13 7 14 8 11 8 12 8 13 8 14 9 12 9 14 9 15 10 11 10 12 11 15 13 15
rmtf16_1 16 50 0 2 0 5 0 6 0 10 0 12 0 13 1 2 1 3 1 4 1 5 1 13 2 7 2 8 2 9 2 11 2 14 2 15 3 6 3 10 3 12 3 14 4 6 4 8 4 9 4 11 4 14 4 15 5 7 5 8 5 9 5 11 5 14 5 15 6 7 7 10 7 12 7 13 8 10 8 12 8 13 9 10 9 12 9 13 10 11 10 15 11 12 11 13 12 15 13 14 13 15
rmtf16_2 16 43 0 1 0 2 0 3 0 7 0 12 0 14 0 15 1 8 1 9 1 11 2 4 2 6 2 9 2 13 3 5 3 6 3 10 4 5 4 7 4 8 4 10 4 12 4 15 5 9 5 11 5 13 6 8 6 11 6 12 7 9 7 11 7 13 8 13 8 14 9 12 9 14 9 15 10 11 10 13 10 14 11 15 12 13 13 15
rmtf16_3 16 47 0 2 0 3 0 5 0 10 0 12 0 14 0 15 1 2 1 7 1 9 1 10 1 12 1 14 1 15 2 6 2 8 2 11 2 13 3 6 3 9 3 11 3 13 4 6 4 7 4 9 4 10 4 13 4 15 5 6 5 7 5 9 5 13 6 12 6 14 7 8 7 11 8 9 8 10 8 12 8 14 8 15 10 11 11 12 11 14 11 15 12 13 13 14
rmtf16_4 16 40 0 1 0 2 0 3 0 14 0 15 1 4 1 9 1 12 1 13 2 7 2 8 2 9 2 10 3 4 3 6 3 10 3 12 4 8 4 14 4 15 5 9 5 12 5 13 5 15 6 8 6 9 6 14 6 15 7 12 7 14 7 15 8 12 8 13 9 11 10 13 10 15 11 12 11 14 11 15 13 14
rmtf16_5 16 45 0 6 0 7 0 10 0 11 0 12 0 14 1 6 1 7 1 9 1 10 1 12 1 14 2 5 2 7 2 8 2 9 2 10 2 12 3 5 3 7 3 8 3 9 3 10 3 15 4 6 4 7 4 8 4 10 4 11 4 12 5 6 5 11 5 14 6 13 6 15 7 13 8 13 8 14 9 11 9 13 10 13 11 15 12 13 12 15 14 15
rmtf16_6 16 41 0 6 0 9 0 12 1 2 1 4 1 8 1 9 1 13 1 14 2 5 2 6 2 7 2 15 3 4 3 7 3 8 3 9 3 13 3 14 4 5 4 6 4 15 5 8 5 9 5 10 5 13 6 11 6 13 6 14 7 11 7 12 8 11 8 12 9 15 10 11 10 12 10 14 11 15 12 13 12 15 14 15
rmtf16_7 16 48 0 3 0 4 0 6 0 7 0 9 0 13 1 3 1 4 1 7 1 9 1 10 1 13 2 3 2 4 2 6 2 7 2 9 2 13 3 5 3 11 3 12 3 14 3 15 4 5 4 11 4 12 4 14 4 15 5 7 5 9 5 10 5 13 6 10 6 14 6 15 7 8 7 12 7 15 8 9 8 11 8 13 8 14 9 12 9 15 10 11 10 12 12 13 13 15
rmtf16_8 16 44 0 6 0 8 0 12 0 14 0 15 1 6 1 7 1 8 1 12 1 13 1 14 2 6 2 8 2 12 2 14 2 15 3 6 3 7 3 8 3 12 3 13 3 14 4 5 4 7 4 8 4 12 4 13 4 14 5 6 5 10 5 15 6 9 6 11 7 11 7 15 8 10 9 10 9 14 9 15 10 11 10 12 11 13 11 14 13 15
rmtf16_9 16 43 0 1 0 2 0 4 0 5 0 6 0 9 1 3 1 7 1 12 1 13 1 14 2 8 2 10 2 14 2 15 3 6 3 8 3 10 3 11 4 7 4 8 4 13 4 14 5 7 5 8 5 13 5 14 6 7 6 12 6 13 6 14 7 10 7 11 8 9 8 12 9 10 9 11 9 13 10 12 11 14 11 15 12 15 13 15
rmtf16_10 16 46 0 3 0 4 0 5 0 8 0 11 0 12 0 13 0 15 1 3 1 4 1 5 1 8 1 11 1 12 1 13 1 15 2 3 2 4 2 5 2 8 2 11 2 12 2 13 2 15 3 6 3 14 4 6 4 14 5 10 5 14 6 10 6 12 6 15 7 8 7 11 7 12 7 14 8 9 8 10 9 11 9 12 9 14 10 11 10 13 13 14 14 15
rmtf16_11 16 45 0 2 0 7 0 11 0 13 0 14 1 4 1 6 1 7 1 9 1 10 2 5 2 6 2 8 2 15 3 6 3 7 3 9 3 14 4 5 4 8 4 11 4 12 4 13 4 14 5 7 5 9 5 10 6 11 6 12 6 13 7 8 7 12 7 15 8 9 8 10 9 11 9 12 9 13 10 11 10 12 10 13 10 14 11 15 13 15 14 15
rmtf16_12 16 44 0 1 0 4 0 9 0 10 0 11 0 15 1 3 1 6 1 13 1 14 2 5 2 6 2 7 2 8 2 15 3 4 3 5 3 9 3 10 3 15 4 6 4 13 4 14 5 11 5 12 5 13 6 10 6 11 6 12 7 9 7 10 7 11 7 13 8 9 8 10 8 11 8 13 9 12 9 14 10 14 11 14 12 15 13 15 14 15
rmtf16_13 16 50 0 3 0 4 0 5 0 8 0 9 0 10 1 3 1 4 1 5 1 8 1 9 1 10 2 4 2 8 2 9 2 10 2 13 3 6 3 11 3 12 3 13 3 15 4 6 4 7 4 11 4 14 4 15 5 6 5 11 5 12 5 13 5 15 6 8 6 9 6 10 7 8 7 9 7 10 7 13 8 11 8 14 8 15 9 11 9 14 9 15 10 11 10 12 10 15 12 14 13 14
rmtf16_14 16 41 0 3 0 9 0 12 0 14 0 15 1 7 1 8 1 12 1 13 1 14 2 6 2 7 2 10 2 11 2 15 3 6 3 7 3 10 3 13 4 6 4 9 4 12 4 13 5 6 5 7 5 10 5 12 5 13 6 8 6 14 7 9 8 10 8 11 8 15 9 10 9 11 10 14 11 12 11 13 11 14 13 15
rmtf16_15 16 45 0 2 0 8 0 10 0 11 0 13 0 15 1 2 1 6 1 9 1 10 1 15 2 3 2 7 2 12 3 4 3 5 3 6 3 9 3 14 3 15 4 10 4 11 4 12 5 8 5 10 5 11 5 13 6 8 6 11 6 13 7 8 7 10 7 11 7 13 7 15 8 9 8 12 8 14 9 11 9 13 10 14 11 14 12 13 12 15 13 14
rmtf16_16 16 44 0 1 0 4 0 5 0 9 0 12 1 6 1 7 1 8 1 10 1 11 1 14 2 5 2 6 2 7 2 8 2 10 2 11 3 4 3 5 3 7 3 11 3 12 4 6 4 8 4 10 4 14 5 13 5 14 6 9 6 12 6 13 7 9 7 13 8 9 8 12 8 13 9 10 9 11 9 14 10 15 11 15 12 14 12 15 13 15
rmtf16_17 16 42 0 5 0 7 0 8 0 9 0 11 1 4 1 5 1 9 1 10 1 11 2 3 2 5 2 6 2 7 2 8 2 11 3 9 3 13 3 14 4 6 4 7 4 13 4 14 5 13 5 14 5 15 6 9 6 10 7 10 7 12 7 15 8 10 8 14 8 15 9 12 9 15 10 13 11 13 11 14 11 15 12 13 12 14
rmtf16_18 16 44 0 6 0 7 0 10 0 12 0 15 1 2 1 4 1 5 1 7 1 8 1 12 1 13 2 6 2 9 2 10 2 15 3 4 3 11 3 12 3 14 3 15 4 6 4 9 4 10 5 9 5 11 5 14 5 15 6 8 6 11 6 14 7 9 7 11 7 14 8 9 8 10 8 15 9 12 9 13 10 11 10 14 11 13 13 14 13 15
rmtf16_19 16 46 0 2 0 7 0 9 0 13 0 14 0 15 1 2 1 3 1 6 1 8 1 13 1 15 2 4 2 10 2 11 2 12 3 4 3 5 3 7 3 9 3 12 3 14 4 6 4 8 4 13 4 15 5 8 5 11 5 13 5 15 6 7 6 11 6 12 6 14 7 8 7 10 8 9 8 12 8 14 9 10 9 11 10 13 10 14 10 15 12 13 12 15
rmtf16_20 16 51 0 4 0 5 0 6 0 8 0 9 0 13 1 4 1 5 1 9 1 10 1 13 1 14 2 4 2 5 2 6 2 8 2 9 2 13 3 4 3 5 3 6 3 9 3 10 3 13 4 7 4 11 4 12 4 15 5 7 5 11 5 12 5 15 6 7 6 11 6 14 6 15 7 8 7 9 7 13 8 10 8 11 8 14 9 11 9 12 9 15 10 12 10 15 11 13 12 13 12 14 13 15
rmtf16_21 16 47 0 2 0 3 0 6 0 10 0 11 1 2 1 3 1 6 1 11 1 14 2 4 2 5 2 9 2 12 2 13 3 7 3 8 3 9 3 12 3 13 3 15 4 7 4 8 4 10 4 11 4 15 5 7 5 8 5 10 5 11 5 15 6 7 6 8 6 9 6 12 6 13 6 15 7 14 8 14 9 10 9 11 10 12 10 13 10 14 11 12 11 13 14 15
rmtf16_22 16 52 0 1 0 2 0 6 0 11 0 12 1 3 1 7 1 8 1 10 1 13 1 15 2 3 2 7 2 8 2 10 2 13 2 15 3 4 3 5 3 6 3 9 3 14 4 7 4 8 4 11 4 12 4 13 4 15 5 7 5 8 5 11 5 12 5 13 5 15 6 7 6 8 6 10 6 13 6 15 7 9 7 14 8 9 8 14 9 10 9 12 9 13 9 15 10 11 11 14 12 14 13 14 14 15
rmtf16_23 16 48 0 2 0 5 0 6 0 8 0 10 0 11 0 14 1 2 1 6 1 8 1 11 1 12 1 14 2 4 2 7 2 9 2 15 3 9 3 11 3 12 3 14 4 5 4 6 4 8 4 10 4 13 4 14 5 7 5 9 5 12 5 15 6 7 6 9 6 15 7 8 7 10 7 11 7 14 8 9 8 15 9 10 9 13 10 12 10 15 11 13 12 13 13 15 14 15
rmtf16_24 16 46 0 1 0 2 0 3 0 11 0 13 1 4 1 6 1 7 1 12 1 14 2 4 2 5 2 8 2 9 2 10 2 14 3 4 3 5 3 8 3 9 3 10 3 14 4 11 4 15 5 6 5 11 5 12 5 13 6 8 6 9 6 10 7 9 7 10 7 13 8 11 8 12 8 13 9 11 9 12 9 15 10 11 10 12 10 15 11 14 13 15 14 15
rmtf16_25 16 47 0 4 0 6 0 8 0 11 0 13 0 14 0 15 1 3 1 4 1 8 1 11 1 13 1 14 2 4 2 9 2 11 2 13 2 15 3 6 3 7 3 15 4 7 4 10 4 12 5 6 5 7 5 8 5 14 5 15 6 9 6 10 6 12 7 9 7 11 7 13 8 9 8 10 8 12 9 14 10 11 10 13 10 14 10 15 11 12 12 13 12 14 12 15
rmtf16_26 16 48 0 1 0 2 0 6 0 9 1 4 1 7 1 10 1 13 2 3 2 5 2 7 2 8 2 14 2 15 3 4 3 9 3 10 3 13 4 5 4 6 4 8 4 11 4 12 4 14 4 15 5 9 5 10 5 13 6 7 6 10 6 13 7 11 7 12 8 9 8 10 8 13 9 11 9 12 9 14 9 15 10 11 10 12 10 14 10 15 11 13 12 13 13 14 13 15
rmtf16_27 16 44 0 6 0 7 0 10 0 12 0 13 1 4 1 5 1 6 1 7 1 13 1 15 2 4 2 7 2 8 2 13 2 14 2 15 3 4 3 5 3 7 3 13 3 14 3 15 4 10 4 11 4 12 5 8 5 11 5 12 6 8 6 9 6 14 7 9 7 11 8 10 9 12 9 13 9 15 10 14 10 15 11 13 11 14 11 15 12 14
rmtf16_28 16 50 0 4 0 5 0 6 0 8 0 9 0 12 0 13 0 14 1 4 1 5 1 6 1 7 1 8 1 9 1 10 1 13 2 4 2 5 2 6 2 7 2 8 2 9 2 10 2 13 3 4 3 5 3 6 3 7 3 8 3 9 3 13 3 14 4 11 4 15 5 11 5 15 6 11 6 15 7 11 7 12 8 11 8 15 9 11 9 15 10 14 10 15 11 13 11 14 12 15 13 15
rmtf16_29 16 43 0 1 0 2 0 3 0 5 0 6 0 9 0 11 1 4 1 10 1 14 1 15 2 10 2 12 2 14 2 15 3 4 3 7 3 8 3 14 4 5 4 6 4 11 4 12 4 13 5 7 5 8 5 14 6 8 6 10 6 14 7 10 7 11 7 12 7 15 8 9 8 11 8 15 9 10 9 12 9 13 11 14 13 14 13 15
rmtf16_30 16 47 0 2 0 5 0 8 0 9 0 10 0 12 0 13 1 5 1 6 1 7 1 14 1 15 2 4 2 6 2 7 2 11 2 15 3 5 3 6 3 8 3 9 3 12 3 13 4 5 4 12 4 14 5 11 6 10 7 8 7 9 7 10 7 12 7 13 8 11 8 14 8 15 9 11 9 14 9 15 10 11 10 14 10 15 11 12 11 13 12 15 13 14 13 15
rmtf16_31 16 48 0 2 0 5 0 6 0 7 1 4 1 6 1 8 1 10 1 11 1 12 1 15 2 8 2 10 2 11 2 12 2 13 3 4 3 6 3 8 3 10 3 11 3 12 3 15 4 5 4 9 4 13 4 14 5 8 5 10 5 11 5 12 5 15 6 9 6 13 6 14 7 9 7 10 7 12 7 13 8 9 8 14 9 11 9 15 10 14 11 14 12 14 13 15 14 15
rmtf16_32 16 43 0 2 0 8 0 9 0 11 0 15 1 2 1 8 1 9 1 11 1 15 2 5 2 7 2 10 2 14 3 6 3 7 3 8 3 14 4 7 4 8 4 10 4 15 5 8 5 9 5 11 5 15 6 10 6 11 6 15 7 9 7 11 7 13 8 12 8 13 9 10 9 14 10 12 10 13 11 12 11 14 12 15 13 15 14 15
rmtf16_33 16 44 0 1 0 2 0 4 0 7 0 12 1 5 1 8 1 11 1 14 2 3 2 5 2 10 2 11 2 15 3 7 3 8 3 9 3 12 3 14 4 5 4 8 4 9 4 14 5 6 5 12 5 13 6 7 6 8 6 11 6 14 7 10 7 13 8 10 8 15 9 10 9 11 9 15 10 12 10 14 11 12 11 13 12 15 13 14 13 15
rmtf16_34 16 42 0 1 0 3 0 6 0 7 0 9 0 12 1 10 1 11 1 13 2 3 2 6 2 9 2 11 2 13 3 4 3 10 3 14 4 5 4 6 4 11 4 13 5 7 5 9 5 10 5 12 6 8 6 14 6 15 7 11 7 13 8 9 8 10 8 12 8 13 9 14 9 15 10 15 11 12 11 15 12 14 13 14 13 15
rmtf16_35 16 44 0 1 0 2 0 5 0 9 0 12 1 6 1 7 1 8 1 11 1 14 2 3 2 6 2 7 2 10 2 11 2 13 2 14 3 5 3 8 3 15 4 5 4 6 4 9 4 12 4 13 5 7 5 10 5 11 5 14 6 15 7 9 7 12 8 9 8 10 8 12 8 13 9 11 9 14 9 15 10 15 11 12 12 14 12 15 13 15
rmtf16_36 16 47 0 2 0 4 0 6 0 10 0 11 0 13 1 8 1 9 1 10 1 11 1 12 1 14 2 8 2 9 2 12 2 14 3 4 3 8 3 10 3 11 3 12 3 13 4 5 4 7 4 9 4 15 5 8 5 10 5 11 5 12 5 14 6 8 6 9 6 12 6 14 7 8 7 10 7 11 7 12 7 13 8 15 9 13 10 15 11 15 12 15 13 14 14 15
rmtf16_37 16 43 0 1 0 3 0 4 0 10 1 2 1 6 1 8 1 13 1 15 2 3 2 5 2 11 2 14 3 7 3 9 3 12 4 7 4 9 4 12 4 14 5 9 5 10 5 12 5 15 6 7 6 9 6 12 6 14 7 10 7 13 7 15 8 9 8 10 8 12 9 11 9 13 10 11 10 14 11 12 11 15 12 13 13 14 14 15
rmtf16_38 16 48 0 1 0 5 0 6 0 7 0 12 0 13 0 14 0 15 1 2 1 3 1 4 1 9 2 8 2 10 2 11 2 13 2 14 2 15 3 10 3 11 3 12 3 13 3 14 3 15 4 5 4 6 4 7 4 12 4 13 4 14 4 15 5 8 5 9 5 10 5 11 6 8 6 9 6 10 6 11 7 8 7 9 7 10 7 11 8 12 9 12 9 13 9 14 9 15
rmtf16_39 16 52 0 7 0 10 0 12 0 14 1 2 1 4 1 6 1 8 1 13 1 14 1 15 2 3 2 7 2 9 2 10 2 11 2 12 3 4 3 6 3 8 3 13 3 14 3 15 4 7 4 9 4 10 4 11 4 12 5 6 5 10 5 13 5 14 6 7 6 9 6 11 6 12 7 8 7 13 7 15 8 9 8 10 8 11 8 12 9 13 9 14 9 15 10 15 11 13 11 14 11 15 12 13 12 15
rmtf16_40 16 41 0 1 0 2 0 8 0 10 0 11 0 12 1 3 1 4 1 6 1 15 2 5 2 7 2 14 2 15 3 5 3 9 3 12 3 14 4 5 4 7 4 9 4 10 4 13 5 8 5 11 6 9 6 11 6 12 6 14 7 8 7 11 7 12 8 9 8 13 9 15 10 14 10 15 11 13 12 13 13 14 13 15
rmtf16_41 16 51 0 2 0 4 0 6 0 7 0 13 0 15 1 4 1 6 1 7 1 8 1 13 1 15 2 5 2 8 2 9 2 14 3 4 3 6 3 7 3 8 3 13 3 15 4 9 4 10 4 11 4 12 5 6 5 7 5 11 5 13 5 15 6 9 6 10 6 12 6 14 7 9 7 10 7 12 7 14 8 10 8 11 8 12 9 13 9 15 10 13 10 15 11 14 12 13 12 15 13 14 14 15
rmtf16_42 16 46 0 6 0 11 0 15 1 9 1 10 1 11 1 14 1 15 2 4 2 5 2 6 2 7 2 13 2 15 3 4 3 5 3 7 3 10 3 13 3 15 4 9 4 11 4 12 4 14 5 9 5 11 5 12 5 14 6 9 6 10 6 14 7 9 7 11 7 12 7 14 8 9 8 10 8 11 8 14 8 15 9 13 10 12 11 13 12 13 12 15 13 14
rmtf16_43 16 43 0 3 0 7 0 9 0 15 1 5 1 9 1 10 1 12 1 14 1 15 2 5 2 7 2 9 2 12 2 13 3 5 3 6 3 12 3 13 4 5 4 9 4 10 4 12 4 14 4 15 5 8 5 11 6 9 6 10 6 11 6 14 7 8 7 10 7 11 7 14 8 9 8 12 8 13 10 13 11 12 11 15 13 14 13 15
rmtf16_44 16 47 0 9 0 10 0 11 0 12 0 14 0 15 1 5 1 8 1 11 1 14 1 15 2 9 2 10 2 11 2 12 2 14 2 15 3 5 3 6 3 7 3 13 3 15 4 9 4 10 4 11 4 12 4 14 4 15 5 9 5 10 5 12 6 8 6 9 6 10 6 11 6 14 7 8 7 9 7 10 7 11 7 14 8 12 8 13 9 13 10 13 11 13 13 14
rmtf16_45 16 45 0 2 0 4 0 5 0 7 1 3 1 7 1 13 1 14 2 3 2 9 2 10 2 11 2 12 2 15 3 4 3 5 4 9 4 11 4 12 4 14 4 15 5 6 5 8 5 13 6 9 6 11 6 12 6 14 6 15 7 9 7 10 7 11 7 12 7 15 8 9 8 11 8 12 8 14 8 15 9 13 10 13 10 14 11 13 12 13 13 15
rmtf16_46 16 46 0 4 0 6 0 8 0 11 0 12 0 14 1 4 1 6 1 8 1 9 1 10 1 13 1 14 2 4 2 6 2 8 2 9 2 10 2 11 2 14 3 4 3 6 3 8 3 11 3 12 3 14 4 5 4 15 5 7 5 8 5 9 5 10 5 11 6 7 6 15 7 12 7 14 8 15 9 12 9 15 10 12 10 15 11 13 12 13 13 15 14 15
rmtf16_47 16 47 0 2 0 3 0 8 0 11 0 12 0 14 1 2 1 3 1 4 1 7 1 11 1 12 1 13 2 5 2 6 2 10 2 15 3 5 3 6 3 10 3 15 4 5 4 6 4 8 4 10 4 14 5 7 5 9 5 11 5 13 6 7 6 11 6 12 6 13 7 8 7 10 7 14 8 13 8 15 9 10 9 12 9 14 9 15 10 11 10 13 11 15 13 14
rmtf16_48 16 47 0 2 0 3 0 4 0 8 0 11 1 2 1 7 1 8 1 10 1 11 1 13 1 14 2 5 2 9 2 12 2 15 3 5 3 9 3 10 3 12 3 13 4 7 4 9 4 10 4 13 4 14 5 7 5 8 5 11 5 14 6 7 6 8 6 9 6 10 6 11 6 13 6 14 7 12 7 15 8 12 8 15 10 15 11 12 11 15 12 14 13 15 14 15
rmtf16_49 16 47 0 1 0 6 0 9 0 13 0 15 1 2 1 3 1 4 1 5 1 8 1 14 2 6 2 11 2 12 2 13 2 15 3 6 3 7 3 11 3 12 3 13 4 6 4 9 4 10 4 15 5 6 5 11 5 12 5 13 5 15 6 8 6 14 7 9 7 10 7 15 8 9 8 10 8 15 9 11 9 12 10 11 10 12 10 13 11 14 12 14 13 14 14 15
rmtf16_50 16 43 0 2 0 6 0 11 0 13 0 15 1 2 1 4 1 5 1 8 2 3 2 7 2 10 2 12 3 8 3 11 3 13 3 15 4 7 4 10 4 12 4 13 4 15 5 6 5 11 5 12 5 13 5 15 6 7 6 8 6 10 7 11 7 14 8 9 8 14 9 10 9 11 9 12 9 13 9 15 10 14 12 14 13 14 14 15
rmtf16_51 16 41 0 1 0 8 0 9 0 13 1 2 1 6 1 7 1 12 1 15 2 5 2 9 2 11 2 14 3 7 3 9 3 10 3 13 3 14 3 15 4 6 4 7 4 9 4 11 4 14 4 15 5 7 5 10 5 13 5 15 6 10 6 13 7 8 8 10 8 11 8 14 8 15 9 12 10 12 11 12 11 13 12 14
rmtf16_52 16 47 0 4 0 5 0 6 0 8 0 9 0 13 1 4 1 5 1 6 1 8 1 9 1 13 2 4 2 5 2 7 2 8 2 9 2 13 3 5 3 6 3 8 3 9 3 10 3 13 4 10 4 11 4 15 5 11 5 12 5 14 6 7 6 14 6 15 7 11 7 12 8 11 8 12 8 14 9 11 9 12 9 14 10 12 10 14 11 13 12 13 12 15 13 14
rmtf16_53 16 47 0 2 0 3 0 9 0 10 0 11 0 12 1 2 1 3 1 9 1 10 1 11 1 12 2 6 2 7 2 13 2 15 3 4 3 5 3 6 3 8 3 14 4 7 4 9 4 11 4 12 4 13 5 7 5 9 5 10 5 11 5 15 6 9 6 10 6 11 6 12 7 8 7 14 8 9 8 11 8 13 8 15 9 14 10 13 10 14 11 14 12 14 12 15
rmtf16_54 16 42 0 1 0 3 0 5 0 9 0 10 0 11 0 14 1 2 1 6 1 12 1 15 2 4 2 5 2 11 2 13 2 14 3 4 3 6 3 12 4 8 4 10 4 15 5 6 5 12 5 15 6 8 6 11 6 13 6 14 7 9 7 10 7 11 7 12 8 9 8 12 9 13 9 15 10 13 11 15 12 13 12 14 14 15
rmtf16_55 16 48 0 1 0 5 0 7 0 13 0 14 1 4 1 6 1 10 1 12 2 4 2 5 2 6 2 10 2 12 2 13 3 5 3 6 3 10 3 12 3 13 3 14 4 7 4 8 4 9 4 14 5 8 5 9 5 11 5 15 6 7 6 8 6 9 6 15 7 11 7 12 8 10 8 12 8 13 9 10 9 12 9 13 10 11 10 15 11 13 11 14 12 15 13 15 14 15
rmtf16_56 16 49 0 3 0 6 0 8 0 9 0 13 0 14 0 15 1 3 1 4 1 9 1 11 1 13 1 14 1 15 2 3 2 4 2 5 2 9 2 11 2 14 2 15 3 7 3 10 3 12 4 6 4 8 4 10 4 12 5 6 5 8 5 13 6 7 6 11 7 8 7 9 7 13 7 14 7 15 8 11 9 10 9 12 10 11 10 13 10 14 10 15 11 12 12 13 12 14 12 15
rmtf16_57 16 45 0 2 0 4 0 11 0 13 0 14 1 2 1 8 1 9 1 11 1 12 1 14 2 5 2 7 2 10 2 15 3 8 3 10 3 12 3 13 3 15 4 8 4 9 4 10 4 12 5 8 5 9 5 11 5 12 5 14 6 8 6 10 6 12 6 13 6 15 7 8 7 11 7 12 7 13 7 14 9 13 9 15 10 11 10 14 11 15 14 15
rmtf16_58 16 51 0 3 0 6 0 7 0 9 0 10 0 14 1 3 1 7 1 11 1 14 2 3 2 4 2 6 2 7 2 9 2 10 3 5 3 8 3 12 3 13 3 15 4 11 4 14 4 15 5 6 5 7 5 9 5 10 5 14 6 8 6 11 6 12 6 13 6 15 7 8 7 12 7 13 7 15 8 9 8 10 8 14 9 11 9 12 9 13 9 15 10 11 10 12 10 13 10 15 12 14 13 14
rmtf16_59 16 44 0 1 0 3 0 5 0 11 1 2 1 4 1 6 1 8 1 10 1 12 1 14 2 3 2 5 2 7 3 4 3 6 3 9 3 10 3 15 4 11 4 13 5 6 5 9 5 13 5 15 6 7 7 9 7 11 7 13 7 15 8 9 8 11 8 13 8 15 9 12 9 14 10 11 10 13 11 12 11 14 12 13 12 15 13 14 14 15
rmtf16_60 16 43 0 5 0 7 0 9 0 10 0 12 1 3 1 5 1 7 1 9 1 11 1 12 2 4 2 8 2 10 2 12 2 13 3 4 3 10 3 13 3 15 4 5 4 7 4 9 4 11 4 14 5 8 5 13 6 7 6 9 6 10 6 12 6 13 7 8 8 9 8 11 8 14 8 15 10 11 10 14 11 13 12 14 12 15 13 14
rmtf16_61 16 44 0 1 0 4 0 9 0 10 0 11 0 13 0 14 1 3 1 8 1 12 1 15 2 8 2 9 2 12 2 15 3 4 3 9 3 10 3 11 3 13 3 14 4 5 4 7 4 12 5 8 5 9 5 14 5 15 6 7 6 9 6 10 6 12 7 8 7 14 7 15 8 10 8 11 8 13 10 15 11 12 11 15 12 13 12 14 13 15
rmtf16_62 16 44 0 5 0 6 0 7 0 11 0 13 0 14 0 15 1 3 1 4 1 6 1 8 1 9 2 3 2 5 2 6 2 7 2 11 2 13 2 15 3 12 3 14 4 11 4 12 4 14 5 8 5 9 5 12 6 10 7 8 7 9 7 12 8 10 8 11 8 13 8 14 8 15 9 10 9 11 9 13 9 14 9 15 10 12 12 13 12 15
rmtf16_63 16 47 0 1 0 2 0 7 0 11 0 12 0 14 0 15 1 5 1 6 1 8 1 9 2 4 2 6 2 8 2 9 2 13 3 5 3 8 3 9 3 11 4 5 4 11 4 12 4 14 4 15 5 7 5 10 5 13 6 7 6 11 6 12 6 14 6 15 7 8 7 9 8 12 8 14 8 15 9 10 9 12 10 11 10 14 10 15 11 13 12 13 13 14 13 15
rmtf16_64 16 47 0 1 0 2 0 3 0 9 0 10 0 11 0 13 1 6 1 8 1 12 1 14 1 15 2 4 2 6 2 7 2 8 2 14 3 6 3 8 3 12 3 14 3 15 4 9 4 12 4 15 5 7 5 8 5 10 5 12 6 9 6 10 6 11 6 13 7 9 7 15 8 9 8 11 8 13 9 14 10 14 10 15 11 12 11 14 11 15 12 13 13 14 13 15
rmtf16_65 16 47 0 8 0 9 0 10 0 12 0 13 0 14 1 8 1 9 1 10 1 12 1 13 1 14 2 5 2 6 2 9 2 11 2 15 3 4 3 5 3 13 3 14 4 6 4 9 4 12 4 15 5 8 5 10 5 12 6 8 6 10 6 13 6 14 7 8 7 9 7 10 7 12 7 13 7 14 8 11 8 15 10 11 10 15 11 12 11 13 11 14 13 15 14 15
rmtf16_66 16 47 0 4 0 8 0 9 0 10 0 13 0 14 0 15 1 5 1 9 1 10 1 12 2 3 2 9 2 13 2 15 3 4 3 7 3 8 3 10 3 14 4 5 4 6 4 11 4 12 5 7 5 8 5 13 5 14 5 15 6 7 6 8 6 10 6 13 6 14 6 15 7 9 7 12 8 11 8 12 9 11 10 11 11 13 11 14 11 15 12 13 12 14 12 15
rmtf16_67 16 47 0 2 0 6 0 7 0 8 0 13 0 14 1 2 1 7 1 8 1 10 1 13 1 14 2 3 2 4 2 5 2 11 2 12 3 6 3 7 3 8 3 13 3 14 4 7 4 8 4 10 4 13 4 15 5 7 5 8 5 10 5 13 5 14 6 10 6 11 6 12 7 11 7 12 8 9 8 11 9 10 9 12 9 14 11 13 11 15 12 13 12 15 14 15
rmtf16_68 16 46 0 1 0 7 0 8 0 14 0 15 1 2 1 3 1 4 1 5 1 10 1 13 2 7 2 8 2 14 2 15 3 6 3 9 3 11 3 12 4 9 4 11 4 12 4 14 5 9 5 11 5 12 5 14 6 7 6 8 6 14 6 15 7 9 7 11 7 12 8 12 8 13 9 10 9 13 9 15 10 11 10 12 10 14 11 13 11 15 12 15 13 14
rmtf16_69 16 43 0 2 0 4 0 7 0 9 0 15 1 6 1 7 1 10 1 11 1 12 1 13 1 14 2 5 2 6 2 8 2 10 2 11 2 12 3 5 3 7 3 9 3 12 4 6 4 10 4 11 4 12 4 13 4 14 5 13 5 14 6 9 6 15 7 8 8 9 8 14 8 15 9 10 9 11 9 13 10 15 11 15 12 15 13 15
rmtf16_70 16 44 0 2 0 6 0 7 0 9 0 13 0 15 1 6 1 8 1 12 1 14 1 15 2 3 2 5 2 10 2 11 2 14 3 6 3 8 3 12 3 13 3 15 4 5 4 6 4 12 4 13 5 7 5 8 5 15 6 10 6 11 7 10 7 12 7 14 8 9 8 11 9 10 9 12 9 14 10 13 10 15 11 12 11 13 11 15 13 14
rmtf16_71 16 42 0 2 0 3 0 6 0 7 0 8 0 9 0 12 0 13 1 2 1 5 1 7 1 9 2 11 2 15 3 4 3 5 3 10 3 11 4 7 4 8 4 13 4 14 4 15 5 6 5 8 5 12 5 13 5 14 6 11 6 15 7 10 7 11 8 10 8 11 9 10 9 14 10 13 10 15 11 12 11 13 11 14 12 15
rmtf16_72 16 43 0 4 0 5 0 8 0 10 0 14 0 15 1 5 1 10 1 12 1 14 2 3 2 8 2 10 2 14 3 4 3 5 3 13 3 15 4 7 4 9 4 11 4 12 5 7 5 9 5 11 6 8 6 11 6 14 6 15 7 8 7 10 7 13 7 15 8 9 8 12 9 10 9 13 9 15 10 11 11 13 12 13 12 15 13 14
rmtf16_73 16 45 0 3 0 5 0 7 0 11 0 14 1 3 1 4 1 5 1 7 1 8 1 11 1 12 1 13 2 3 2 4 2 5 2 7 2 8 2 10 3 6 3 9 3 15 4 6 4 9 4 14 5 6 5 9 5 15 6 7 6 8 6 10 7 9 7 15 8 9 8 14 9 11 9 12 9 13 10 11 10 12 10 13 11 15 12 14 13 14 14 15
rmtf16_74 16 47 0 2 0 4 0 8 0 9 0 12 0 15 1 2 1 9 1 11 1 12 1 14 1 15 2 3 2 5 2 6 2 7 2 10 3 9 3 11 3 12 3 14 3 15 4 6 4 11 4 14 5 11 5 12 5 13 5 14 5 15 6 8 6 12 6 13 6 15 7 9 7 11 7 12 7 14 7 15 8 11 8 14 9 13 10 11 10 12 10 13 10 14 10 15
rmtf16_75 16 41 0 4 0 9 0 10 0 12 0 13 1 2 1 4 1 5 1 6 1 9 1 14 2 3 2 8 2 12 2 13 3 6 3 9 3 15 4 8 4 11 4 15 5 8 5 12 5 13 5 15 6 7 6 10 7 8 7 12 7 13 7 15 8 9 8 10 8 14 9 11 10 11 10 15 11 13 11 14 12 14 14 15
rmtf16_76 16 44 0 1 0 6 0 8 0 9 0 10 1 2 1 3 1 4 1 5 1 7 1 15 2 6 2 8 2 9 2 10 3 8 3 9 3 12 3 14 4 6 4 9 4 11 4 14 5 8 5 9 5 12 5 14 6 12 6 13 7 8 7 9 7 10 7 12 8 11 8 15 9 13 10 11 10 14 10 15 11 12 11 13 12 15 13 14 13 15
rmtf16_77 16 49 0 4 0 8 0 10 0 11 0 13 0 15 1 2 1 4 1 5 1 8 1 13 1 15 2 3 2 7 2 9 2 10 2 11 2 14 3 4 3 5 3 8 3 13 3 15 4 6 4 7 4 12 4 14 5 7 5 9 5 10 5 11 5 14 6 8 6 9 6 10 6 11 6 13 7 8 7 13 7 15 8 12 8 14 9 15 10 12 11 12 12 13 12 15 13 14 14 15
rmtf16_78 16 41 0 7 0 10 0 11 0 12 0 14 0 15 1 4 1 7 1 9 1 11 1 12 1 15 2 4 2 5 2 10 2 12 2 13 3 6 3 12 3 13 3 14 3 15 4 6 4 14 5 7 5 9 5 11 5 15 6 7 6 10 6 11 7 8 8 10 8 12 8 13 8 14 8 15 9 10 9 13 9 14 11 13
rmtf16_79 16 46 0 2 0 4 0 5 0 7 0 8 0 10 0 15 1 2 1 4 1 7 1 8 1 14 2 3 2 6 2 9 3 10 3 11 3 12 3 13 3 15 4 9 4 11 4 12 4 13 5 6 5 9 5 13 5 14 6 10 6 11 6 12 6 15 7 9 7 11 7 12 7 13 8 9 8 11 8 12 8 13 9 10 9 15 10 14 11 14 12 14 14 15
rmtf16_80 16 46 0 1 0 3 0 4 0 8 0 9 0 10 0 14 1 5 1 7 1 11 1 12 1 15 2 7 2 12 2 13 2 14 3 7 3 11 3 12 3 13 3 15 4 5 4 7 4 11 4 12 4 15 5 6 5 9 5 13 5 14 6 8 6 10 6 11 6 12 7 8 7 9 7 10 8 13 8 15 9 11 9 12 9 15 10 13 10 15 11 14 14 15
rmtf16_81 16 43 0 1 0 5 0 7 0 8 0 9 0 14 1 4 1 6 1 10 1 11 1 15 2 8 2 9 2 10 2 11 2 15 3 5 3 9 3 11 3 13 4 5 4 9 4 13 4 14 5 6 5 10 5 12 6 7 6 8 6 9 6 14 7 10 7 11 7 13 8 12 8 13 9 12 10 14 11 12 11 14 12 15 13 15 14 15
rmtf16_82 16 43 0 1 0 3 0 6 0 11 0 13 0 14 1 2 1 7 1 10 1 12 2 5 2 8 2 9 3 4 3 7 3 8 3 9 3 10 4 5 4 6 4 12 4 15 5 7 5 11 5 14 6 7 6 8 6 9 6 10 7 13 7 15 8 11 8 13 8 14 9 12 9 14 9 15 10 13 10 14 10 15 11 12 11 15 12 13
rmtf16_83 16 45 0 3 0 8 0 11 0 12 0 14 1 4 1 6 1 9 1 11 1 15 2 6 2 9 2 11 2 12 2 15 3 4 3 5 3 6 3 7 3 9 3 10 4 8 4 12 4 13 4 14 5 11 5 12 5 14 5 15 6 8 6 13 6 14 7 12 7 13 7 14 7 15 8 9 8 15 9 13 9 14 10 12 10 13 10 14 10 15 11 13
rmtf16_84 16 42 0 1 0 4 0 6 0 7 0 8 0 10 0 14 1 3 1 9 1 12 2 3 2 4 2 5 2 8 2 9 2 14 3 6 3 7 3 10 3 11 4 11 4 12 4 15 5 6 5 11 5 12 6 13 6 15 7 9 7 12 8 12 8 13 8 15 9 13 9 15 10 12 10 13 10 15 11 13 11 14 12 14 14 15
rmtf16_85 16 44 0 1 0 3 0 4 0 7 0 8 0 10 1 5 1 6 1 9 1 11 1 12 1 13 2 6 2 10 2 14 2 15 3 5 3 6 3 14 3 15 4 5 4 6 4 14 4 15 5 7 5 8 5 10 6 7 6 8 7 14 7 15 8 13 8 14 9 10 9 14 9 15 10 11 10 12 10 13 11 14 11 15 12 14 12 15 13 15
rmtf16_86 16 41 0 1 0 2 0 7 0 9 0 12 0 14 0 15 1 5 1 10 1 13 2 3 2 6 2 8 3 4 3 10 3 13 4 5 4 9 4 12 4 14 4 15 5 6 5 7 5 8 6 10 6 12 6 13 6 15 7 10 7 13 8 9 8 11 8 12 8 14 9 10 9 13 10 11 10 14 11 13 11 15 13 14
rmtf16_87 16 41 0 2 0 3 0 7 0 9 0 13 1 3 1 8 1 12 1 13 1 14 2 4 2 8 2 11 2 12 3 5 3 10 3 11 4 5 4 7 4 9 4 10 4 13 5 6 5 14 5 15 6 7 6 11 6 12 7 8 7 14 8 9 8 10 8 15 9 12 9 14 10 12 10 14 11 13 11 14 12 15 13 15
rmtf16_88 16 45 0 3 0 8 0 9 0 13 0 14 1 2 1 8 1 10 1 12 1 13 1 14 2 3 2 6 2 11 2 15 3 4 3 5 3 7 3 10 4 8 4 9 4 13 4 14 5 8 5 12 5 13 5 14 6 8 6 10 6 12 6 13 6 14 7 11 7 12 7 15 8 11 8 15 9 10 9 11 9 12 9 15 11 13 11 14 13 15 14 15
rmtf16_89 16 45 0 7 0 8 0 10 0 15 1 4 1 5 1 10 1 11 1 13 2 4 2 5 2 7 2 8 2 9 2 13 2 14 3 4 3 5 3 7 3 8 3 9 3 13 3 14 4 6 4 12 4 15 5 6 5 12 5 15 6 7 6 8 6 10 6 13 7 11 7 12 8 11 8 12 9 10 9 15 10 12 10 14 11 14 11 15 12 13 13 15
rmtf16_90 16 46 0 1 0 2 0 4 0 10 0 15 1 6 1 7 1 8 1 9 1 13 1 14 2 6 2 7 2 8 2 9 2 13 2 14 3 8 3 10 3 12 3 14 3 15 4 6 4 7 4 8 4 12 4 14 5 6 5 7 5 8 5 9 5 13 5 14 5 15 6 10 6 11 7 10 7 11 8 11 9 10 9 12 10 13 11 12 11 14 11 15 12 13
rmtf16_91 16 45 0 5 0 6 0 9 0 10 0 13 1 3 1 5 1 9 1 10 1 11 1 13 2 4 2 6 2 9 2 10 2 15 3 4 3 6 3 8 3 15 4 5 4 11 4 13 4 14 5 7 5 8 5 12 5 15 6 7 6 11 6 12 7 9 7 10 7 13 8 9 8 11 8 13 8 14 9 12 10 14 11 15 12 13 12 14 13 15 14 15
rmtf16_92 16 49 0 2 0 5 0 7 0 9 0 11 1 2 1 5 1 7 1 9 1 11 2 6 2 10 2 12 2 14 2 15 3 7 3 9 3 10 3 11 3 12 3 14 3 15 4 7 4 9 4 10 4 11 4 12 4 14 4 15 5 6 5 10 5 12 5 14 5 15 6 9 6 13 7 8 7 13 8 9 8 10 8 11 8 12 8 14 8 15 10 13 11 13 12 13 13 14 13 15
rmtf16_93 16 45 0 1 0 2 0 3 0 4 0 9 0 12 1 8 1 10 1 11 1 14 1 15 2 5 2 6 2 11 2 13 2 14 3 8 3 10 3 11 3 14 3 15 4 7 4 10 4 11 4 13 5 7 5 10 5 15 6 8 6 10 6 15 7 8 7 14 8 9 8 12 8 13 9 10 9 11 9 14 9 15 10 12 11 12 12 14 12 15 13 15
rmtf16_94 16 42 0 2 0 6 0 10 0 11 0 13 1 4 1 10 1 11 1 13 1 15 2 4 2 5 2 8 2 9 2 14 3 8 3 9 3 11 3 12 3 13 3 15 4 6 4 12 5 6 5 7 5 10 5 11 6 8 6 9 6 15 7 8 7 9 7 12 7 13 7 15 8 10 9 10 10 12 11 14 12 14 13 14 14 15
rmtf16_95 16 44 0 1 0 8 0 9 0 10 0 14 1 2 1 4 1 5 1 7 1 12 1 15 2 9 2 10 2 11 3 5 3 8 3 9 3 13 3 14 4 8 4 9 4 10 4 14 5 6 5 10 5 11 6 8 6 9 6 13 6 15 7 8 7 9 7 10 7 14 8 11 8 12 9 12 10 13 10 15 11 13 11 14 12 13 12 14 14 15
rmtf16_96 16 48 0 1 0 5 0 6 0 7 0 9 0 10 1 2 1 4 1 11 1 13 1 14 1 15 2 5 2 8 2 10 3 6 3 7 3 9 3 10 3 11 4 5 4 6 4 7 4 9 4 10 5 11 5 13 5 14 5 15 6 8 6 12 6 13 6 15 7 8 7 12 7 13 7 15 8 9 8 11 8 14 9 12 9 13 9 15 10 12 10 13 10 14 10 15 11 12
rmtf16_97 16 48 0 2 0 4 0 12 0 14 1 4 1 5 1 6 1 7 1 9 1 13 1 15 2 5 2 6 2 9 2 11 2 13 3 4 3 5 3 6 3 7 3 9 3 13 3 15 4 8 4 10 4 11 5 8 5 10 5 14 6 8 6 10 6 14 7 8 7 10 7 11 7 14 8 12 8 15 9 10 9 12 9 14 10 13 10 15 11 12 11 15 12 13 13 14 14 15
rmtf16_98 16 48 0 6 0 7 0 11 0 13 0 14 1 4 1 5 1 7 1 12 1 14 2 3 2 4 2 6 2 7 2 13 2 14 3 8 3 9 3 10 3 11 3 12 3 15 4 8 4 9 4 10 4 11 4 15 5 6 5 11 5 13 6 8 6 9 6 10 6 12 6 15 7 8 7 9 7 10 7 15 8 13 8 14 9 13 9 14 10 13 10 14 12 13 13 15 14 15
rmtf16_99 16 45 0 5 0 7 0 11 0 13 0 15 1 2 1 6 1 7 1 10 1 11 1 13 2 3 2 4 2 5 2 12 2 14 3 7 3 8 3 9 3 11 3 13 3 15 4 6 4 7 4 10 4 11 4 13 5 8 5 9 5 10 6 8 6 9 6 14 6 15 7 12 7 14 8 12 9 12 10 14 10 15 11 12 11 14 12 13 12 15 13 14
rmtf16_100 16 47 0 6 0 8 0 9 0 11 0 13 1 3 1 5 1 7 1 11 1 14 1 15 2 3 2 5 2 7 2 8 2 11 2 15 3 6 3 9 3 10 3 13 4 5 4 6 4 8 4 11 4 13 5 9 5 10 5 12 6 7 6 12 6 14 6 15 7 9 7 10 7 13 8 10 8 12 8 14 9 14 9 15 10 11 10 15 11 12 12 13 13 14 13 15
rmtf16_101 16 42 0 3 0 4 0 5 0 6 0 11 1 3 1 4 1 5 1 6 1 11 2 5 2 10 2 11 2 15 3 7 3 9 3 13 3 15 4 7 4 8 4 9 4 10 4 15 5 7 5 8 5 14 6 7 6 8 6 9 6 10 6 15 7 12 8 11 8 13 9 11 9 14 10 12 10 13 10 14 11 12 12 15 14 15
rmtf16_102 16 43 0 1 0 2 0 6 0 10 0 12 1 7 1 9 1 11 1 13 1 14 1 15 2 5 2 7 2 8 2 9 2 11 2 15 3 7 3 8 3 9 3 10 3 11 3 14 4 5 4 7 4 8 4 9 4 10 4 12 5 6 5 14 6 7 6 9 6 11 6 13 6 15 8 13 10 13 10 15 11 12 12 13 12 14 12 15
rmtf16_103 16 43 0 2 0 5 0 7 0 8 0 13 1 3 1 4 1 5 1 6 1 9 1 14 2 3 2 4 2 10 2 12 2 14 2 15 3 7 3 11 3 13 4 7 4 11 4 13 5 10 5 11 5 15 6 7 6 8 6 10 6 12 7 9 7 14 7 15 8 11 8 14 8 15 9 10 9 11 10 13 11 12 12 13 13 14 13 15
rmtf16_104 16 47 0 5 0 7 0 8 0 9 0 11 0 15 1 3 1 4 1 8 1 11 1 12 1 14 2 4 2 7 2 8 2 9 2 11 2 12 2 14 3 5 3 7 3 9 3 13 3 15 4 6 4 10 4 13 4 15 5 6 5 10 5 14 6 7 6 8 6 9 6 11 6 12 7 10 8 10 8 13 9 10 10 11 10 12 11 13 12 13 12 15 13 14 14 15
rmtf16_105 16 43 0 2 0 6 0 7 0 8 0 9 0 13 1 3 1 5 1 6 1 7 2 4 2 5 2 11 2 12 2 15 3 4 3 8 3 9 3 11 4 7 4 10 4 13 5 8 5 10 5 13 6 10 6 11 6 12 6 15 7 12 7 14 7 15 8 12 8 14 8 15 9 10 9 12 9 15 10 14 11 13 11 14 12 13 13 15
rmtf16_106 16 51 0 2 0 4 0 7 0 8 0 9 0 15 1 3 1 4 1 7 1 8 1 9 1 15 2 3 2 6 2 10 2 12 2 13 2 14 3 5 3 11 4 6 4 10 4 11 4 12 4 13 4 14 5 6 5 9 5 10 5 12 5 13 5 14 6 7 6 8 6 15 7 10 7 11 7 12 7 13 7 14 8 10 8 11 8 12 8 13 8 14 9 11 10 15 11 15 12 15 13 15 14 15
rmtf16_107 16 47 0 1 0 5 0 6 0 9 0 10 0 12 1 2 1 11 1 13 1 15 2 5 2 7 2 9 2 12 2 14 3 5 3 7 3 9 3 12 3 14 3 15 4 5 4 7 4 9 4 12 4 14 4 15 5 8 5 11 5 13 6 7 6 8 6 11 6 13 7 10 8 9 8 12 8 14 8 15 9 11 9 13 10 13 10 14 10 15 11 12 11 14 12 13
rmtf16_108 16 44 0 9 0 10 0 12 0 13 1 2 1 4 1 6 1 8 1 10 1 12 2 3 2 5 2 7 2 9 2 14 3 4 3 6 3 8 3 10 3 12 4 5 4 7 4 9 4 14 5 6 5 8 5 10 5 12 6 7 6 9 6 13 7 10 7 11 7 15 8 9 8 13 8 15 9 11 10 14 11 12 11 14 12 15 13 14 14 15
rmtf16_109 16 45 0 3 0 4 0 9 0 13 0 14 0 15 1 4 1 7 1 10 1 11 2 3 2 5 2 6 2 7 2 8 2 12 3 10 3 11 4 5 4 6 4 8 4 12 5 9 5 11 5 13 5 14 6 10 6 11 7 9 7 13 7 14 7 15 8 9 8 13 8 14 8 15 9 10 9 12 10 13 10 14 10 15 11 12 11 15 12 13 12 14
rmtf16_110 16 43 0 4 0 5 0 8 0 12 0 13 0 14 1 2 1 8 1 9 1 10 1 11 1 14 2 4 2 5 2 12 2 13 3 4 3 8 3 10 3 13 3 15 4 6 4 7 5 7 5 10 5 15 6 8 6 9 6 10 6 11 6 13 6 14 7 8 7 9 7 11 7 13 7 14 9 12 9 15 10 12 11 12 11 15 14 15
rmtf16_111 16 44 0 3 0 5 0 12 0 15 1 5 1 6 1 7 1 9 1 10 1 13 2 4 2 6 2 7 2 9 2 10 2 12 3 4 3 6 3 7 3 9 3 10 3 11 3 13 3 14 4 5 4 15 5 8 5 11 5 14 6 8 6 15 7 8 7 15 8 9 8 10 8 12 9 15 10 15 11 12 11 15 12 13 12 14 13 15 14 15
rmtf16_112 16 42 0 2 0 4 0 11 0 12 0 15 1 3 1 5 1 8 1 10 1 12 2 7 2 9 2 10 2 13 2 14 3 4 3 7 3 14 3 15 4 9 4 10 4 13 5 6 5 7 5 9 5 13 5 15 6 8 6 10 6 12 6 14 7 8 7 12 8 9 8 11 8 15 9 12 10 11 10 15 11 13 11 14 12 13
rmtf16_113 16 45 0 1 0 4 0 5 0 11 0 12 1 3 1 7 1 8 1 9 1 13 1 14 2 3 2 5 2 7 2 10 2 11 2 13 3 4 3 6 3 12 4 7 4 8 4 10 4 13 4 14 5 6 5 8 5 9 5 14 5 15 6 7 6 10 6 11 6 13 7 15 8 11 8 12 9 10 9 11 10 12 11 14 11 15 12 13 12 14 12 15
rmtf16_114 16 43 0 4 0 8 0 9 0 11 1 3 1 4 1 7 1 9 1 11 1 14 2 5 2 6 2 7 2 11 2 12 2 14 2 15 3 8 3 10 3 12 3 13 3 15 4 5 4 6 4 10 4 12 4 15 5 8 5 13 6 8 6 9 7 8 7 10 7 13 8 14 9 10 9 12 9 13 9 15 10 11 10 14 11 13 13 14
rmtf16_115 16 45 0 3 0 5 0 7 0 12 0 14 1 4 1 5 1 6 1 8 1 10 1 11 1 15 2 3 2 7 2 9 2 11 2 14 3 4 3 6 3 8 3 10 3 15 4 7 4 9 4 12 4 14 5 9 5 13 6 7 6 9 6 12 6 14 7 8 7 13 8 9 8 12 8 14 9 10 9 15 10 13 10 14 11 12 12 13 13 15 14 15
rmtf16_116 16 49 0 1 0 2 0 5 0 9 0 14 0 15 1 3 1 7 1 8 1 12 1 13 2 3 2 7 2 8 2 12 2 13 3 4 3 5 3 6 3 11 4 8 4 9 4 10 4 13 4 14 4 15 5 8 5 10 5 12 5 13 6 8 6 9 6 10 6 13 6 14 6 15 7 9 7 10 7 14 7 15 8 11 9 11 9 12 10 11 11 13 11 14 11 15 12 14 12 15
rmtf16_117 16 51 0 1 0 2 0 8 0 10 0 11 0 12 1 4 1 6 1 15 2 4 2 6 2 9 2 13 2 14 3 4 3 6 3 8 3 9 3 13 3 14 4 5 4 7 4 10 4 11 4 12 5 6 5 8 5 9 5 13 5 14 6 7 6 10 6 11 6 12 7 8 7 9 7 13 7 14 8 15 9 10 9 11 9 12 9 15 10 13 10 14 11 13 11 14 12 13 12 14 13 15 14 15
rmtf16_118 16 46 0 6 0 7 0 8 0 9 0 14 0 15 1 3 1 6 1 7 1 8 1 14 1 15 2 3 2 4 2 8 2 13 2 15 3 5 3 9 3 10 3 11 4 7 4 9 4 11 4 14 5 7 5 8 5 13 5 14 5 15 6 11 6 12 6 13 7 10 7 12 8 10 8 11 8 12 9 12 9 13 10 13 10 14 10 15 11 15 12 14 12 15
rmtf16_119 16 45 0 4 0 5 0 7 0 9 0 10 0 11 1 4 1 5 1 7 1 9 1 10 1 11 2 3 2 5 2 11 2 13 3 4 3 7 3 9 3 10 3 12 4 6 4 8 4 15 5 8 5 12 5 14 6 7 6 9 6 11 6 12 6 14 7 13 7 15 8 10 8 11 8 13 9 13 9 15 10 14 10 15 11 15 12 13 12 15 13 14
rmtf16_120 16 43 0 4 0 7 0 8 0 12 0 14 1 5 1 10 1 13 1 14 2 9 2 10 2 12 2 13 3 4 3 5 3 7 3 10 3 14 4 6 4 9 4 11 4 13 4 15 5 6 5 8 5 9 5 12 5 15 6 7 6 10 6 14 7 9 7 11 7 13 7 15 8 10 8 13 9 14 10 11 10 15 11 12 11 14 14 15
rmtf16_121 16 51 0 2 0 3 0 11 0 14 0 15 1 3 1 4 1 5 1 7 1 9 1 13 2 4 2 5 2 7 2 9 2 13 3 6 3 8 3 10 3 12 4 6 4 8 4 10 4 12 5 6 5 8 5 11 5 12 5 14 5 15 6 7 6 9 6 13 7 8 7 11 7 12 7 14 7 15 8 9 8 13 9 11 9 12 9 14 9 15 10 11 10 14 10 15 11 13 12 13 13 14 13 15
rmtf16_122 16 46 0 4 0 9 0 10 0 12 0 13 1 2 1 3 1 9 1 11 2 7 2 10 2 12 2 13 3 4 3 10 3 12 3 13 3 15 4 6 4 7 4 11 4 14 5 7 5 9 5 10 5 12 5 13 6 9 6 10 6 12 6 13 7 8 7 15 8 9 8 10 8 12 8 13 9 14 9 15 10 11 10 14 11 12 11 13 11 15 12 14 13 14
rmtf16_123 16 49 0 1 0 3 0 4 0 7 0 9 0 11 1 6 1 8 1 10 1 12 1 14 1 15 2 4 2 8 2 9 2 11 2 12 2 15 3 6 3 8 3 10 3 12 3 14 3 15 4 5 4 6 4 13 5 8 5 9 5 11 5 12 5 15 6 7 6 9 6 11 7 8 7 10 7 12 7 14 7 15 8 13 9 10 9 14 10 11 10 13 11 14 12 13 13 14 13 15
rmtf16_124 16 51 0 1 0 5 0 6 0 9 0 11 0 14 1 3 1 7 1 10 1 12 1 13 1 15 2 3 2 9 2 10 2 12 2 13 2 15 3 5 3 6 3 8 3 11 3 14 4 6 4 9 4 14 4 15 5 7 5 10 5 12 5 13 5 15 6 7 6 10 6 12 6 13 7 9 7 11 7 14 8 9 8 10 8 12 8 13 8 15 10 11 10 14 11 12 11 13 11 15 12 14 13 14
rmtf16_125 16 45 0 2 0 7 0 9 0 14 0 15 1 2 1 3 1 5 1 10 1 13 2 4 2 6 2 11 2 12 3 4 3 6 3 7 3 8 3 12 4 9 4 14 4 15 5 6 5 7 5 8 5 9 5 14 6 10 6 13 7 10 7 11 7 13 8 10 8 11 8 15 9 10 9 11 9 12 9 13 10 14 11 14 12 14 12 15 13 14 13 15
rmtf16_126 16 41 0 3 0 7 0 8 0 11 0 14 0 15 1 2 1 6 1 10 1 11 2 5 2 7 2 14 2 15 3 5 3 6 4 5 4 6 4 7 4 11 5 8 5 9 5 10 5 13 6 8 6 12 6 14 6 15 7 9 7 12 7 13 9 11 9 14 9 15 10 12 10 14 10 15 11 12 11 13 13 14 13 15
rmtf16_127 16 57 0 5 0 6 0 7 0 10 0 11 0 12 0 15 1 5 1 6 1 7 1 10 1 11 1 12 1 15 2 3 2 7 2 8 2 9 3 5 3 6 3 10 3 11 3 12 3 15 4 5 4 6 4 7 4 10 4 11 4 12 4 15 5 8 5 9 5 13 5 14 6 8 6 9 6 13 6 14 7 13 7 14 8 10 8 11 8 12 8 15 9 10 9 11 9 12 9 15 10 13 10 14 11 13 11 14 12 13 12 14 13 15 14 15
rmtf16_128 16 45 0 2 0 6 0 8 0 10 0 11 0 12 0 14 1 2 1 6 1 8 1 10 1 11 1 12 1 14 2 5 2 7 2 9 3 4 3 9 3 10 3 11 3 14 4 5 4 7 4 12 5 6 5 8 5 10 5 13 5 15 6 7 6 9 7 8 7 10 7 11 7 14 8 9 9 13 9 15 11 13 11 15 12 13 12 15 13 14 14 15
rmtf16_129 16 48 0 4 0 6 0 7 0 11 0 12 0 14 1 4 1 6 1 7 1 11 1 12 1 14 2 6 2 7 2 12 2 14 2 15 3 4 3 6 3 7 3 10 3 11 3 14 4 5 4 9 4 13 4 15 5 6 5 7 5 11 5 12 5 14 6 8 6 9 7 8 7 9 8 12 8 13 8 15 9 11 9 12 9 14 10 12 10 13 10 15 11 13 11 15 13 14
rmtf16_130 16 41 0 1 0 3 0 5 0 6 0 13 0 14 1 2 1 4 1 7 1 15 2 6 2 8 2 9 2 14 3 8 3 10 3 12 4 8 4 11 4 12 5 7 5 9 5 11 5 15 6 7 6 11 6 15 7 10 7 13 7 14 8 13 8 15 9 10 9 12 10 11 10 15 11 13 11 14 12 13 12 15 14 15
rmtf16_131 16 41 0 2 0 7 0 8 0 9 0 10 0 13 0 15 1 7 1 10 1 13 1 14 1 15 2 3 2 6 2 14 3 4 3 5 3 8 3 9 3 10 3 15 4 6 4 13 4 14 5 7 5 11 5 12 6 7 6 8 6 11 6 12 8 14 9 12 9 14 10 11 10 12 11 13 11 14 11 15 12 13 12 15
rmtf16_132 16 45 0 1 0 5 0 8 0 10 1 6 1 7 1 12 1 13 1 14 1 15 2 5 2 8 2 10 2 13 2 15 3 5 3 8 3 10 3 13 3 15 4 5 4 8 4 10 4 13 4 15 5 6 5 7 5 9 5 12 5 14 6 8 6 11 7 8 7 11 8 9 8 12 8 14 9 10 9 13 9 15 10 11 10 14 11 12 11 13 11 15
rmtf16_133 16 53 0 2 0 3 0 5 0 9 0 14 1 2 1 3 1 4 1 7 1 8 1 9 1 10 2 6 2 11 2 12 2 13 2 15 3 6 3 11 3 12 3 13 3 15 4 5 4 6 4 11 4 12 4 13 4 14 5 7 5 8 5 10 5 15 6 7 6 8 6 9 6 10 7 11 7 12 7 13 7 14 8 11 8 12 8 13 8 14 9 11 9 12 9 13 9 15 10 11 10 12 10 13 10 14 14 15
rmtf16_134 16 43 0 2 0 3 0 5 0 8 0 13 1 2 1 8 1 12 1 13 1 15 2 4 2 7 2 10 2 11 2 14 3 4 3 10 3 12 3 15 4 5 4 8 4 13 5 7 5 9 5 11 5 15 6 7 6 10 6 11 6 13 6 15 7 8 7 12 8 9 8 11 8 14 9 10 9 12 9 13 11 12 12 14 13 14 14 15
rmtf16_135 16 45 0 1 0 2 0 7 0 8 0 9 0 14 1 3 1 4 1 5 1 6 1 12 1 15 2 3 2 4 2 5 2 6 2 12 2 15 3 8 3 13 3 14 4 10 4 11 4 13 5 7 5 8 5 9 5 14 6 11 6 13 6 14 7 11 7 12 7 13 7 15 8 10 8 11 8 12 9 11 9 12 9 13 9 15 10 14 10 15 12 14
rmtf16_136 16 45 0 5 0 8 0 10 0 11 0 14 1 3 1 4 1 13 1 14 1 15 2 5 2 8 2 10 2 11 2 14 3 6 3 8 3 9 3 10 3 11 3 12 4 5 4 6 4 7 4 10 4 11 4 12 5 9 5 15 6 13 6 14 6 15 7 8 7 9 7 15 8 13 9 13 9 14 10 13 10 15 11 13 11 15 12 13 12 14 12 15
rmtf16_137 16 47 0 2 0 4 0 5 0 6 0 10 0 14 1 2 1 4 1 5 1 6 1 10 1 14 2 3 2 8 2 11 3 6 3 7 3 12 3 13 3 14 4 7 4 8 4 12 4 13 5 7 5 8 5 12 5 13 6 9 6 11 6 15 7 9 7 11 7 15 8 9 8 10 8 15 9 12 9 13 9 14 10 11 10 12 10 13 11 14 12 15 13 15 14 15
rmtf16_138 16 45 0 8 0 13 0 14 0 15 1 8 1 10 1 11 1 14 1 15 2 4 2 8 2 10 2 11 2 15 3 8 3 10 3 11 3 14 3 15 4 5 4 6 4 12 4 14 5 8 5 9 5 13 5 15 6 8 6 9 6 13 6 15 7 8 7 10 7 11 7 14 7 15 8 12 9 10 9 11 9 14 10 12 10 13 11 12 11 13 12 15
rmtf16_139 16 52 0 1 0 3 0 4 0 5 0 7 0 8 0 15 1 2 1 6 1 9 1 10 1 12 1 14 2 3 2 4 2 5 2 7 2 8 2 13 3 6 3 9 3 10 3 12 3 14 4 6 4 10 4 11 4 12 4 14 5 6 5 10 5 11 5 12 5 14 6 7 6 8 6 15 7 10 7 11 7 12 7 14 8 9 8 10 8 12 8 14 9 11 9 15 10 13 11 13 12 13 13 14 13 15
rmtf16_140 16 45 0 1 0 2 0 3 0 6 0 7 0 14 1 4 1 8 1 12 1 15 2 4 2 5 2 10 2 11 2 12 2 13 3 5 3 9 3 10 3 12 3 13 4 6 4 7 4 9 5 8 5 14 5 15 6 8 6 11 6 12 6 13 7 8 7 11 7 12 7 13 8 9 8 10 9 11 9 14 10 14 10 15 11 15 12 14 13 14 13 15
rmtf16_141 16 49 0 1 0 4 0 11 0 12 0 13 0 14 0 15 1 3 1 5 1 6 1 7 1 8 2 5 2 6 2 8 2 12 3 4 3 11 3 12 3 13 3 14 3 15 4 5 4 6 4 7 4 8 5 9 5 10 5 11 5 13 5 14 6 11 6 13 6 14 6 15 7 11 7 12 7 13 7 14 7 15 8 9 8 10 8 11 8 13 8 14 9 12 9 15 10 12 10 15
rmtf16_142 16 47 0 2 0 8 0 10 0 12 0 14 0 15 1 2 1 6 1 8 1 10 1 12 1 14 2 3 2 5 2 7 2 9 2 11 3 8 3 10 3 12 3 14 3 15 4 5 4 8 4 10 4 13 4 14 5 12 5 15 6 13 6 15 7 8 7 10 7 13 7 14 7 15 8 9 8 11 9 10 9 12 9 14 9 15 10 11 11 13 11 14 11 15 12 13
rmtf16_143 16 44 0 6 0 7 0 8 0 9 0 14 0 15 1 3 1 7 1 8 1 9 1 14 2 6 2 7 2 8 2 9 2 14 2 15 3 5 3 6 3 15 4 5 4 6 4 8 4 13 4 14 5 7 5 9 5 11 6 10 6 12 7 10 7 12 7 13 8 10 8 12 9 10 9 12 9 13 10 11 11 14 11 15 12 14 12 15 13 15
rmtf16_144 16 45 0 2 0 3 0 5 0 6 0 7 1 3 1 10 1 11 1 13 1 15 2 4 2 11 2 12 2 14 2 15 3 4 3 8 3 12 3 14 4 5 4 7 4 9 4 13 5 10 5 11 5 14 5 15 6 9 6 10 6 13 7 10 7 11 7 14 7 15 8 10 8 11 8 13 8 15 9 11 9 12 9 14 9 15 10 12 12 13 13 14
rmtf16_145 16 51 0 4 0 5 0 6 0 9 0 10 0 11 0 14 1 3 1 5 1 8 1 9 1 10 1 14 2 3 2 5 2 8 2 9 2 10 2 14 3 11 3 15 4 7 4 8 4 12 4 13 4 15 5 7 5 12 5 13 5 15 6 7 6 8 6 12 6 13 6 15 7 9 7 10 7 11 7 14 8 11 9 12 9 13 9 15 10 12 10 13 10 15 11 12 11 13 12 14 13 14 14 15
rmtf16_146 16 44 0 1 0 5 0 7 0 8 0 9 0 15 1 3 1 4 1 6 1 11 1 14 2 5 2 6 2 9 2 10 2 13 2 14 3 5 3 7 3 9 3 10 3 13 3 15 4 9 4 10 4 12 4 13 4 15 5 11 5 12 6 7 6 8 6 15 7 11 7 12 8 10 8 13 8 14 9 11 10 11 11 13 11 15 12 14 14 15
rmtf16_147 16 44 0 1 0 7 0 9 0 10 0 12 0 13 1 3 1 5 1 6 1 8 1 14 2 3 2 10 2 13 2 15 3 4 3 7 3 11 4 9 4 12 4 13 4 14 5 7 5 9 5 10 5 12 5 13 6 7 6 9 6 10 6 12 6 13 7 8 7 14 8 10 8 11 8 12 8 13 9 11 9 15 10 14 11 14 12 15 14 15
rmtf16_148 16 45 0 2 0 3 0 5 0 6 0 7 0 10 1 2 1 4 1 6 1 10 1 11 2 9 2 12 2 13 2 14 2 15 3 9 3 11 3 12 3 14 3 15 4 5 4 7 4 8 4 9 5 12 5 13 5 14 5 15 6 8 6 9 7 11 7 12 7 14 7 15 8 12 8 13 8 14 8 15 9 10 10 12 10 13 10 14 10 15 11 13
rmtf16_149 16 46 0 1 0 2 0 6 0 7 0 8 0 12 1 4 1 5 1 11 1 15 2 3 2 4 2 5 2 9 2 11 3 6 3 12 3 13 3 14 3 15 4 6 4 8 4 12 4 13 4 14 5 8 5 10 5 12 5 13 5 14 6 10 6 11 7 10 7 13 7 14 7 15 8 11 8 15 9 10 9 12 9 13 9 14 9 15 11 12 11 13 11 14
rmtf16_150 16 47 0 4 0 5 0 6 0 9 0 11 0 12 0 15 1 4 1 5 1 6 1 9 1 11 1 12 1 13 2 6 2 7 2 9 2 11 2 12 2 15 3 6 3 7 3 9 3 11 3 12 3 15 4 7 4 10 4 14 5 7 5 10 5 14 6 10 6 14 7 8 7 13 8 12 8 14 8 15 9 10 9 14 10 11 10 12 10 15 11 14 13 14 13 15
rmtf16_151 16 41 0 1 0 8 0 9 0 11 0 12 0 14 1 3 1 7 1 13 2 3 2 10 2 11 2 13 2 14 3 12 3 15 4 10 4 12 4 13 4 15 5 7 5 8 5 11 5 12 5 13 5 14 6 7 6 8 6 9 6 11 6 12 6 14 7 10 7 15 8 10 8 15 9 10 9 13 9 15 11 15 14 15
rmtf16_152 16 47 0 1 0 2 0 3 0 8 0 10 1 4 1 7 1 11 1 12 1 13 1 15 2 4 2 7 2 11 2 12 2 13 2 15 3 5 3 6 3 7 3 11 3 12 3 13 4 5 4 6 4 9 4 14 5 8 5 10 5 15 6 8 6 10 6 15 7 9 7 10 7 14 8 9 8 11 8 12 8 14 9 13 9 15 10 11 10 12 10 13 13 14 14 15
rmtf16_153 16 48 0 3 0 6 0 7 0 8 0 9 0 12 0 14 1 3 1 6 1 7 1 8 1 9 1 12 1 14 2 3 2 4 2 5 2 10 2 13 3 11 3 15 4 6 4 7 4 8 4 9 4 12 4 14 5 6 5 7 5 8 5 9 5 12 5 15 6 10 6 11 7 10 7 13 8 10 8 11 9 10 9 11 10 12 10 15 11 12 11 13 11 14 13 15 14 15
rmtf16_154 16 46 0 7 0 8 0 9 0 11 0 12 0 15 1 5 1 7 1 9 1 11 1 12 2 6 2 7 2 8 2 11 2 12 3 5 3 7 3 9 3 11 3 12 4 5 4 6 4 7 4 13 4 14 5 8 5 15 6 9 6 15 7 10 8 10 8 13 8 14 9 10 9 13 9 14 10 11 10 12 10 15 11 13 11 14 12 13 12 14 13 15 14 15
rmtf16_155 16 43 0 2 0 5 0 6 0 7 0 8 0 11 0 13 1 8 1 9 1 10 1 15 2 4 2 10 2 12 2 14 3 6 3 8 3 9 3 10 4 5 4 7 4 8 4 13 4 15 5 9 5 10 5 14 6 14 6 15 7 9 7 10 7 14 8 12 8 14 9 11 9 12 9 13 10 11 10 13 11 14 11 15 12 15 13 14
rmtf16_156 16 45 0 5 0 8 0 10 0 12 0 13 0 14 1 2 1 10 1 13 1 14 2 3 2 5 2 8 2 12 2 15 3 7 3 10 3 11 3 14 4 5 4 7 4 8 4 10 4 11 4 12 4 14 5 6 5 9 6 7 6 8 6 10 6 11 6 12 6 14 7 13 7 15 8 9 9 10 9 12 9 13 9 14 10 15 11 13 11 15 14 15
rmtf16_157 16 52 0 3 0 4 0 5 0 6 0 11 0 12 0 15 1 3 1 4 1 5 1 6 1 11 1 12 1 15 2 3 2 4 2 5 2 6 2 11 2 12 2 15 3 7 3 9 3 10 3 14 4 7 4 8 4 9 4 13 5 7 5 9 5 10 5 14 6 7 6 9 6 10 6 14 7 11 7 12 7 15 8 10 8 11 8 14 8 15 9 11 9 12 9 15 10 13 11 13 12 13 12 14 13 15
rmtf16_158 16 46 0 1 0 7 0 9 0 10 0 11 0 13 0 14 1 2 1 3 1 4 1 8 1 15 2 5 2 7 2 9 2 11 2 13 2 14 3 6 3 7 3 9 3 10 3 13 3 14 4 6 4 7 4 9 4 10 4 13 4 14 5 6 5 8 5 10 6 11 6 12 7 12 8 11 8 12 8 13 8 14 9 12 10 15 11 15 12 15 13 15 14 15
rmtf16_159 16 47 0 1 0 3 0 8 0 10 0 11 0 12 0 14 1 4 1 6 1 9 1 13 1 15 2 3 2 6 2 11 2 12 2 13 2 14 3 4 3 5 3 9 3 15 4 7 4 10 4 11 4 12 4 14 5 6 5 8 5 10 5 11 5 12 5 14 6 7 7 8 7 9 7 15 8 13 9 10 9 11 9 12 9 14 10 13 10 15 11 15 12 15 14 15
rmtf16_160 16 51 0 3 0 4 0 9 0 10 0 11 0 15 1 2 1 3 1 4 1 7 1 9 1 10 1 15 2 5 2 6 2 8 2 11 2 12 3 5 3 6 3 8 3 13 3 14 4 5 4 6 4 8 4 12 4 14 5 7 5 9 5 10 5 15 6 7 6 9 6 10 6 15 7 8 7 11 7 12 8 9 8 10 8 15 9 13 9 14 10 12 10 14 11 13 11 14 12 13 12 15 14 15
rmtf16_161 16 42 0 4 0 6 0 9 0 13 0 14 0 15 1 4 1 7 1 8 1 11 1 14 2 5 2 7 2 10 2 12 2 15 3 4 3 5 3 6 3 7 3 15 4 10 4 12 5 8 5 11 5 14 6 8 6 10 6 12 7 9 7 13 8 9 8 13 8 15 9 10 9 11 10 13 10 14 11 12 11 15 12 13 12 14
rmtf16_162 16 43 0 2 0 3 0 5 0 7 0 8 0 12 0 14 1 2 1 3 1 5 1 7 1 8 1 12 1 14 2 4 2 6 2 10 3 4 3 11 3 15 4 5 4 7 4 8 4 13 5 11 5 15 6 7 6 9 6 12 6 14 6 15 7 10 8 9 8 10 8 15 9 11 9 13 10 11 10 12 11 14 12 13 13 14 13 15
rmtf16_163 16 44 0 3 0 4 0 8 0 11 0 12 1 5 1 9 1 10 1 12 2 3 2 5 2 6 2 11 2 13 2 14 3 7 3 9 3 10 4 5 4 6 4 10 4 13 4 14 5 7 5 8 5 15 6 7 6 8 6 9 6 15 7 11 7 12 7 14 8 10 8 13 8 14 9 11 9 13 9 14 10 11 10 15 12 13 12 15 14 15
rmtf16_164 16 45 0 4 0 5 0 7 0 8 0 12 0 15 1 2 1 4 1 7 1 8 1 12 1 15 2 5 2 10 2 11 2 14 3 4 3 5 3 7 3 8 3 12 3 15 4 10 4 11 4 14 5 9 5 13 6 8 6 9 6 10 6 12 6 13 7 10 7 11 7 13 8 11 8 14 9 11 9 14 9 15 10 15 11 12 12 14 13 14 13 15
rmtf16_165 16 44 0 3 0 6 0 8 0 10 0 14 0 15 1 3 1 5 1 8 1 14 1 15 2 3 2 4 2 5 2 7 2 8 2 14 3 9 3 12 3 13 4 6 4 10 4 11 4 12 4 15 5 6 5 10 5 11 5 12 6 7 6 13 7 9 7 12 7 15 8 9 8 12 8 13 9 10 9 11 10 13 11 13 11 14 12 14 13 15
rmtf16_166 16 49 0 2 0 3 0 4 0 10 0 12 0 15 1 3 1 7 1 12 1 14 1 15 2 5 2 6 2 7 2 8 2 13 2 14 3 5 3 6 3 8 3 11 3 13 4 5 4 6 4 7 4 8 4 13 4 14 5 10 5 12 5 15 6 10 6 12 6 15 7 9 7 10 7 11 8 10 8 12 8 15 9 12 9 13 9 14 10 13 10 14 11 12 11 14 11 15 13 15
rmtf16_167 16 44 0 3 0 7 0 9 0 12 0 13 0 15 1 3 1 4 1 7 1 9 1 12 2 6 2 8 2 9 2 11 2 15 3 5 3 6 3 8 3 11 4 10 4 13 4 15 5 7 5 9 5 12 5 13 5 15 6 10 6 13 6 14 7 8 7 10 7 14 8 12 8 13 9 10 9 14 10 11 10 12 11 13 11 14 12 14 14 15
rmtf16_168 16 47 0 1 0 2 0 3 0 9 0 10 0 12 1 4 1 6 1 8 1 11 1 14 1 15 2 4 2 7 2 8 3 4 3 5 3 6 3 11 3 15 4 9 4 10 4 13 5 8 5 13 5 14 6 7 6 9 6 10 6 12 7 11 7 13 7 14 7 15 8 9 8 10 8 12 9 11 9 14 9 15 10 11 10 14 10 15 11 12 12 13 12 14 12 15
rmtf16_169 16 42 0 7 0 8 0 11 0 12 0 14 0 15 1 7 1 8 1 9 1 12 1 15 2 4 2 6 2 8 2 11 2 15 3 7 3 8 3 11 3 12 3 14 3 15 4 9 4 10 4 12 5 7 5 8 5 9 5 12 5 15 6 7 6 12 6 14 7 10 8 10 9 11 9 14 10 13 10 14 10 15 11 13 12 13
rmtf16_170 16 46 0 1 0 4 0 5 0 6 0 8 0 10 0 15 1 2 1 7 1 12 1 13 1 14 2 3 2 4 2 5 2 6 2 8 2 15 3 9 3 10 3 14 4 7 4 12 4 13 4 14 5 9 5 11 5 12 6 9 6 11 6 12 7 9 7 10 7 11 7 15 8 9 8 12 8 13 8 14 10 12 10 13 11 13 11 14 12 15 13 15 14 15
rmtf16_171 16 47 0 3 0 4 0 9 0 11 0 13 1 2 1 4 1 7 1 8 1 10 1 14 2 3 2 5 2 9 2 11 2 13 2 15 3 6 3 8 3 14 4 5 4 12 4 15 5 7 5 8 5 10 5 14 6 7 6 10 6 12 7 9 7 11 7 13 7 15 8 9 8 11 8 13 8 15 9 10 9 14 10 11 10 13 10 15 11 14 12 13 12 14 14 15
rmtf16_172 16 44 0 6 0 8 0 9 0 13 0 14 1 4 1 6 1 8 1 9 1 12 1 15 2 6 2 8 2 10 2 11 2 12 2 15 3 4 3 6 3 8 3 9 3 12 3 14 4 7 4 10 4 13 5 6 5 8 5 9 5 10 5 12 5 15 6 7 7 8 7 9 7 12 7 14 9 11 10 14 11 13 11 14 12 13 13 15 14 15
rmtf16_173 16 45 0 2 0 5 0 8 0 10 0 12 0 14 1 3 1 4 1 8 1 9 1 15 2 3 2 7 2 9 2 15 3 5 3 10 3 11 3 12 4 5 4 7 4 10 4 12 4 14 5 9 5 13 5 15 6 7 6 8 6 9 6 10 6 14 7 11 7 13 8 11 8 13 9 11 9 12 10 13 10 15 11 14 12 13 12 15 13 14 14 15
rmtf16_174 16 46 0 1 0 2 0 4 0 6 0 9 0 10 0 11 1 7 1 8 1 12 1 13 1 14 2 5 2 7 2 12 2 13 2 14 3 6 3 11 3 13 3 14 4 5 4 7 4 12 4 13 4 15 5 6 5 8 6 7 6 12 6 15 7 9 7 10 7 11 8 9 8 10 8 11 9 12 9 13 9 14 10 12 10 13 10 15 11 12 11 15 14 15
rmtf16_175 16 44 0 1 0 2 0 4 0 5 0 6 0 7 0 9 0 10 1 3 1 11 1 12 1 13 2 3 2 8 2 11 2 14 3 4 3 5 3 6 3 7 3 9 3 10 4 8 4 15 5 12 5 13 5 15 6 8 6 11 6 14 7 11 7 13 7 14 8 10 8 12 8 13 9 11 9 12 9 13 10 11 10 14 11 15 12 14 14 15
rmtf16_176 16 43 0 6 0 9 0 10 0 12 0 15 1 2 1 5 1 6 1 9 1 14 1 15 2 3 2 4 2 11 2 12 3 6 3 9 3 10 3 15 4 6 4 7 4 8 4 10 4 13 5 10 5 11 5 12 6 11 7 9 7 11 7 12 7 15 8 9 8 11 8 12 8 15 9 13 10 14 11 13 11 14 12 13 12 14 13 15
rmtf16_177 16 42 0 7 0 9 0 11 0 13 0 15 1 7 1 8 1 9 1 13 1 15 2 6 2 9 2 11 2 14 2 15 3 4 3 8 3 10 3 13 3 15 4 7 4 9 4 11 4 12 4 14 5 7 5 9 5 11 5 12 5 14 5 15 6 7 6 8 6 10 6 12 8 11 8 14 9 10 10 11 10 14 12 13 13 14
rmtf16_178 16 47 0 3 0 6 0 7 0 9 0 10 0 11 0 12 1 3 1 6 1 7 1 9 1 11 1 12 1 15 2 6 2 7 2 11 2 13 2 14 2 15 3 4 3 8 3 13 3 14 4 5 4 6 4 9 4 10 4 12 5 7 5 11 5 13 5 14 5 15 6 8 7 8 8 9 8 11 8 12 8 15 9 13 9 14 10 13 10 14 10 15 12 13 12 14
rmtf16_179 16 47 0 1 0 3 0 6 0 10 0 11 0 13 1 5 1 7 1 8 1 9 1 12 1 15 2 3 2 4 2 5 2 9 2 15 3 7 3 8 3 12 3 14 4 6 4 10 4 12 4 13 5 6 5 10 5 11 5 13 6 7 6 8 6 9 6 14 7 10 7 11 7 13 8 10 8 11 8 13 9 10 9 11 9 13 10 14 11 12 11 15 13 15 14 15
rmtf16_180 16 56 0 1 0 2 0 5 0 6 0 7 0 8 0 12 0 15 1 3 1 4 1 9 1 10 1 13 1 14 2 3 2 4 2 9 2 10 2 13 2 14 3 5 3 6 3 7 3 8 3 12 3 15 4 5 4 6 4 8 4 11 4 12 5 9 5 10 5 13 5 14 6 9 6 10 6 13 6 14 7 10 7 11 7 13 7 14 8 9 8 10 8 13 8 14 9 11 9 12 10 12 10 15 11 15 12 13 12 14 13 15 14 15
rmtf16_181 16 45 0 2 0 4 0 5 0 13 0 14 1 2 1 4 1 6 1 7 1 8 1 14 2 9 2 10 2 15 3 4 3 5 3 10 3 14 3 15 4 9 4 11 4 12 5 6 5 7 5 8 6 9 6 11 6 12 6 13 7 9 7 10 7 15 8 9 8 11 8 12 8 13 9 14 10 11 10 12 10 13 11 14 11 15 12 14 12 15 13 15
rmtf16_182 16 47 0 2 0 5 0 7 0 9 0 10 0 13 1 5 1 10 1 11 1 14 1 15 2 6 2 8 2 11 2 14 2 15 3 8 3 10 3 11 3 14 3 15 4 8 4 10 4 11 4 14 4 15 5 6 5 8 5 12 6 7 6 9 6 10 6 13 7 8 7 11 7 14 7 15 8 9 8 13 9 11 9 14 9 15 10 12 11 13 12 13 12 14 12 15
rmtf16_183 16 52 0 2 0 6 0 7 0 9 0 10 0 14 0 15 1 2 1 5 1 6 1 7 1 9 1 10 1 15 2 3 2 4 2 8 2 11 2 13 3 5 3 6 3 7 3 9 3 10 3 12 4 5 4 6 4 7 4 9 4 10 4 15 5 13 5 14 6 8 6 11 6 13 7 8 7 11 7 13 8 9 8 10 8 14 8 15 9 11 9 13 10 11 10 13 11 14 11 15 12 14 12 15 13 15
rmtf16_184 16 48 0 2 0 6 0 8 0 9 0 10 0 11 0 12 1 3 1 6 1 7 1 10 1 11 1 12 1 14 2 4 2 5 2 13 2 14 2 15 3 4 3 5 3 8 3 13 3 15 4 6 4 9 4 10 4 11 4 12 5 6 5 9 5 10 5 11 5 12 6 13 6 15 7 8 7 9 7 13 8 14 9 14 9 15 10 13 10 15 11 13 11 15 12 13 12 15
rmtf16_185 16 49 0 3 0 5 0 8 0 9 0 10 0 11 0 12 0 13 1 4 1 7 1 11 1 14 2 3 2 6 2 13 2 14 3 4 3 7 3 15 4 5 4 8 4 9 4 10 4 12 4 13 5 6 5 7 5 14 5 15 6 8 6 9 6 10 6 11 6 12 7 8 7 9 7 10 7 12 7 13 8 14 8 15 9 14 9 15 10 14 10 15 11 15 12 14 12 15 13 15
rmtf16_186 16 47 0 3 0 4 0 5 0 6 0 10 0 13 1 2 1 4 1 6 1 12 1 13 1 14 2 3 2 5 2 7 2 10 2 11 2 15 3 8 3 12 3 14 4 7 4 9 4 11 4 15 5 8 5 9 5 14 6 8 6 9 6 11 6 15 7 8 7 12 7 14 8 10 8 13 9 12 9 13 10 12 10 14 11 12 11 13 11 14 12 15 13 15 14 15
rmtf16_187 16 44 0 2 0 4 0 10 0 11 1 3 1 4 1 9 1 10 1 12 1 13 2 3 2 9 2 13 2 14 3 5 3 6 3 7 3 11 3 15 4 5 4 6 4 7 4 15 5 8 5 10 5 13 5 14 6 9 6 10 6 12 6 13 7 9 7 10 7 12 7 13 8 9 8 11 8 15 10 15 11 12 11 13 12 14 13 15 14 15
rmtf16_188 16 43 0 9 0 11 0 12 0 13 1 4 1 7 1 9 1 13 1 14 2 6 2 9 2 10 2 12 3 7 3 9 3 11 3 13 3 14 4 5 4 6 4 11 4 12 4 15 5 7 5 8 5 9 5 14 6 7 6 13 6 14 7 10 7 12 7 15 8 11 8 12 8 13 8 15 9 15 10 11 10 13 10 14 12 14 14 15
rmtf16_189 16 48 0 1 0 2 0 9 0 10 0 11 0 12 0 13 1 3 1 4 1 6 1 7 2 3 2 6 2 7 2 14 3 9 3 10 3 11 3 12 3 13 4 9 4 10 4 11 4 12 4 14 5 6 5 7 5 10 5 11 5 12 5 14 6 8 6 9 6 13 6 15 7 8 7 9 7 13 7 15 8 10 8 11 8 12 8 14 10 15 11 15 12 15 13 14 14 15
rmtf16_190 16 45 0 4 0 5 0 8 0 9 0 10 0 11 0 14 1 4 1 6 1 8 1 9 1 14 2 5 2 8 2 10 2 11 2 13 2 14 3 4 3 5 3 7 3 9 3 10 3 14 4 12 4 13 4 15 5 6 5 12 6 10 6 11 6 13 6 15 7 8 7 11 7 13 7 15 8 12 9 12 9 13 9 15 10 12 11 12 12 14 14 15
rmtf16_191 16 41 0 2 0 3 0 6 0 8 0 12 1 4 1 6 1 7 1 11 2 5 2 7 2 9 2 11 3 5 3 7 3 9 3 11 4 5 4 10 4 12 4 13 4 14 5 6 5 8 6 9 6 15 7 12 7 13 7 14 7 15 8 10 8 11 8 13 8 14 9 10 9 12 9 13 9 14 10 15 11 12 11 15
rmtf16_192 16 44 0 1 0 2 0 5 0 6 0 8 1 4 1 7 1 9 1 10 1 14 2 3 2 10 2 11 2 13 2 14 2 15 3 4 3 5 3 6 3 8 4 11 4 12 4 13 4 15 5 9 5 11 5 12 5 13 5 14 6 7 6 9 6 10 6 11 6 14 7 8 7 12 7 13 7 15 8 9 8 10 8 11 8 14 9 15 10 12
rmtf16_193 16 47 0 4 0 7 0 8 0 11 0 14 0 15 1 4 1 10 1 11 1 12 1 13 2 5 2 10 2 11 2 12 2 13 3 4 3 7 3 8 3 11 3 14 3 15 4 5 4 9 5 6 5 14 5 15 6 7 6 8 6 11 7 9 7 10 7 12 7 13 8 9 8 10 8 12 8 13 9 11 9 14 9 15 10 14 10 15 12 14 12 15 13 14 13 15
rmtf16_194 16 50 0 3 0 6 0 10 0 12 0 13 0 15 1 2 1 3 1 6 1 9 1 11 2 4 2 5 2 7 2 12 3 4 3 5 3 7 3 8 3 14 4 6 4 10 4 13 4 15 5 6 5 10 5 13 5 15 6 7 6 8 6 14 7 10 7 13 7 15 8 10 8 12 8 13 8 15 9 10 9 12 9 13 9 15 10 11 10 14 11 12 11 13 11 15 12 14 13 14 14 15
rmtf16_195 16 50 0 4 0 8 0 9 0 10 0 13 1 2 1 3 1 6 1 7 1 8 1 12 1 15 2 4 2 9 2 10 2 13 2 14 3 4 3 9 3 10 3 13 3 14 4 6 4 7 4 12 4 15 5 6 5 8 5 12 5 13 5 15 6 9 6 10 6 11 6 14 7 9 7 10 7 13 7 14 8 11 8 14 9 12 9 15 10 12 10 15 11 12 11 13 11 15 12 14 14 15
rmtf16_196 16 43 0 7 0 8 0 10 0 12 0 13 0 14 1 3 1 6 1 8 1 13 1 15 2 6 2 7 2 8 2 11 2 12 3 4 3 10 3 12 3 14 4 5 4 6 4 7 4 8 4 11 5 10 5 12 5 13 5 14 6 9 6 14 7 9 7 15 8 9 9 10 9 12 9 13 10 11 10 15 11 13 11 14 12 15 14 15
rmtf16_197 16 43 0 2 0 5 0 13 0 14 0 15 1 4 1 7 1 10 1 14 2 4 2 6 2 7 2 8 2 12 3 7 3 8 3 11 3 12 3 15 4 5 4 9 4 11 4 15 5 6 5 7 5 8 5 12 6 11 6 14 6 15 7 9 7 13 8 10 8 13 8 14 9 10 9 14 10 11 10 12 10 15 11 13 12 13 12 14
rmtf16_198 16 46 0 2 0 4 0 10 0 15 1 6 1 9 1 11 1 14 1 15 2 3 2 6 2 8 2 9 2 13 2 14 3 4 3 5 3 7 3 11 3 15 4 6 4 8 4 9 4 13 4 14 5 6 5 8 5 9 5 10 5 13 6 7 6 12 7 8 7 9 7 10 7 13 8 11 8 15 9 12 10 11 10 14 11 12 11 13 12 14 12 15 13 15
rmtf16_199 16 46 0 2 0 3 0 7 0 10 0 13 0 15 1 3 1 4 1 6 1 7 1 15 2 4 2 9 2 11 2 12 2 14 3 5 3 8 3 11 4 5 4 8 4 10 4 13 5 6 5 9 5 12 5 15 6 8 6 11 6 13 7 9 7 11 7 12 7 14 8 9 8 12 8 14 9 10 9 13 10 11 10 12 10 14 11 15 12 13 13 14 14 15
rmtf16_200 16 43 0 4 0 5 0 9 0 12 0 15 1 2 1 5 1 7 1 11 1 14 2 3 2 4 2 12 2 13 2 15 3 5 3 7 3 11 3 14 4 6 4 8 4 10 4 14 5 6 5 13 6 7 6 11 7 9 7 12 7 15 8 11 8 12 8 13 8 15 9 11 9 13 9 14 10 11 10 12 10 13 10 15 12 14 14 15
rmtf16_201 16 44 0 4 0 8 0 10 0 11 0 14 1 4 1 6 1 8 1 11 1 14 2 3 2 4 2 6 2 9 2 15 3 7 3 8 3 10 3 11 3 14 4 5 4 7 4 12 4 13 5 6 5 8 5 9 6 7 6 10 6 12 7 9 7 15 8 13 8 15 9 10 9 11 9 14 10 13 10 15 11 13 11 15 12 14 12 15 13 14
rmtf16_202 16 48 0 2 0 4 0 6 0 13 0 14 1 6 1 7 1 10 1 11 1 12 1 14 2 7 2 8 2 10 2 11 2 12 3 6 3 7 3 10 3 11 3 12 3 14 4 5 4 7 4 8 4 9 4 11 5 6 5 10 5 12 5 14 6 8 6 9 6 15 7 13 7 15 8 13 8 14 9 10 9 12 9 14 10 13 10 15 11 13 11 15 12 13 12 15 14 15
rmtf16_203 16 46 0 2 0 8 0 10 0 12 0 14 1 2 1 3 1 5 1 9 1 10 1 13 2 6 2 7 2 11 2 15 3 6 3 7 3 8 3 12 3 15 4 5 4 6 4 7 4 8 4 11 5 12 5 14 5 15 6 9 6 10 6 13 6 14 7 9 7 10 7 13 7 14 8 9 8 13 9 11 9 15 10 11 10 15 11 12 11 14 12 13 13 15
rmtf16_204 16 44 0 1 0 2 0 3 0 5 0 8 0 11 0 15 1 4 1 9 1 10 1 14 2 7 2 10 2 12 2 14 3 7 3 10 3 12 3 14 4 5 4 8 4 11 4 12 4 15 5 6 5 9 5 13 6 7 6 10 6 12 6 14 7 8 7 9 8 10 8 13 9 11 9 12 9 15 10 11 10 15 11 14 12 13 13 14 13 15
rmtf16_205 16 44 0 1 0 3 0 4 0 5 0 14 0 15 1 2 1 6 1 7 1 8 1 9 2 3 2 4 2 5 2 11 2 14 3 6 3 12 3 13 4 6 4 7 4 9 4 13 5 8 5 9 5 10 6 10 6 14 6 15 7 10 7 12 7 14 7 15 8 11 8 13 9 12 9 14 9 15 10 11 10 13 11 12 11 15 13 14 13 15
rmtf16_206 16 43 0 3 0 10 0 11 0 13 1 5 1 7 1 12 1 13 1 14 1 15 2 7 2 10 2 11 2 13 2 15 3 4 3 7 3 14 3 15 4 5 4 8 4 12 4 13 5 6 5 9 5 10 6 7 6 11 6 13 6 14 6 15 7 8 7 9 8 10 8 11 8 15 9 11 9 13 9 14 9 15 10 12 10 14 11 12
rmtf16_207 16 48 0 3 0 6 0 8 0 9 0 10 0 14 1 5 1 8 1 9 1 10 1 12 1 14 2 5 2 8 2 9 2 10 2 12 2 14 3 5 3 11 3 13 3 15 4 5 4 9 4 11 4 12 4 13 5 6 5 7 6 11 6 12 6 13 7 8 7 9 7 10 7 12 7 14 8 11 8 13 8 15 9 15 10 11 10 13 10 15 11 14 12 15 13 14 14 15
rmtf16_208 16 46 0 2 0 4 0 6 0 10 0 13 0 14 0 15 1 2 1 3 1 7 1 10 1 13 1 15 2 5 2 8 2 11 3 4 3 5 3 6 3 8 3 11 3 14 4 7 4 9 4 12 5 7 5 9 5 12 6 7 6 9 6 12 7 8 7 11 7 14 8 10 8 13 8 15 9 10 9 13 9 14 9 15 10 11 11 12 12 13 12 14 12 15
rmtf16_209 16 45 0 1 0 3 0 7 0 8 0 10 0 15 1 4 1 5 1 13 1 14 2 4 2 6 2 8 2 11 2 13 3 6 3 9 3 11 3 13 4 7 4 9 4 10 4 12 4 15 5 6 5 8 5 9 5 11 6 7 6 10 6 12 6 14 6 15 7 11 7 13 8 12 8 14 9 14 10 11 10 13 11 12 11 14 11 15 12 13 13 15
rmtf16_210 16 41 0 4 0 6 0 9 0 10 0 14 1 3 1 8 1 11 1 14 2 3 2 9 2 12 2 13 2 15 3 4 3 6 3 7 3 10 4 5 4 8 5 6 5 7 5 11 5 15 6 12 6 13 7 9 7 12 7 13 8 9 8 12 8 13 8 15 9 11 10 11 10 13 10 15 11 12 12 14 13 14 14 15
rmtf16_211 16 46 0 2 0 6 0 12 0 13 0 14 1 3 1 5 1 6 1 8 1 11 1 14 2 3 2 5 2 8 2 11 3 4 3 10 3 12 3 13 3 15 4 5 4 6 4 8 4 11 4 14 5 7 5 10 5 13 5 15 6 7 6 10 6 15 7 8 7 11 7 12 7 14 8 10 8 13 8 15 9 10 9 11 9 12 9 13 9 14 11 15 14 15
rmtf16_212 16 43 0 4 0 9 0 10 0 11 0 13 0 14 1 4 1 7 1 9 1 11 1 13 1 14 2 5 2 8 2 10 2 11 2 12 2 14 3 6 3 9 3 10 3 11 3 13 3 15 4 5 4 6 4 8 5 7 5 9 5 13 5 15 6 12 6 14 7 8 7 10 7 12 8 9 8 13 8 15 9 12 12 13 12 15 14 15
rmtf16_213 16 47 0 4 0 5 0 10 0 11 0 13 0 14 1 4 1 5 1 6 1 7 2 4 2 5 2 7 2 11 2 13 3 4 3 9 3 10 3 11 3 12 3 13 3 14 4 8 4 15 5 8 5 9 5 12 6 9 6 10 6 11 6 12 6 13 6 14 7 9 7 10 7 12 7 14 8 10 8 11 8 13 8 14 9 15 10 15 11 15 12 15 13 15 14 15
rmtf16_214 16 46 0 2 0 3 0 5 0 7 0 10 0 12 0 13 1 2 1 4 1 13 1 15 2 8 2 11 2 14 3 4 3 11 3 14 3 15 4 5 4 6 4 7 4 9 4 10 4 12 5 11 5 14 5 15 6 11 6 13 6 14 6 15 7 8 7 11 7 14 8 12 8 13 8 15 9 11 9 13 9 14 9 15 10 11 10 14 10 15 11 12 12 14
rmtf16_215 16 45 0 1 0 2 0 4 0 6 0 11 1 5 1 8 1 10 1 12 1 15 2 3 2 8 2 9 2 12 2 15 3 4 3 5 3 6 3 10 3 11 4 8 4 9 4 12 4 15 5 7 5 13 5 14 6 9 6 12 6 13 6 14 7 8 7 9 7 11 7 12 7 15 8 13 8 14 9 10 10 13 10 14 11 13 11 14 13 15 14 15
rmtf16_216 16 43 0 2 0 5 0 6 0 11 1 2 1 4 1 7 1 8 1 15 2 9 2 10 2 13 2 14 3 4 3 6 3 9 3 13 3 14 3 15 4 5 4 10 4 12 5 9 5 13 5 14 5 15 6 7 6 8 6 12 7 9 7 10 7 13 7 14 8 11 8 13 9 11 9 12 10 11 10 15 11 14 12 13 12 14 12 15
rmtf16_217 16 48 0 2 0 4 0 7 0 8 0 9 0 15 1 2 1 3 1 4 1 8 1 9 1 10 1 15 2 11 2 12 2 13 2 14 3 5 3 7 3 11 3 12 3 13 4 11 4 12 4 13 4 14 5 6 5 9 5 10 5 14 6 7 6 8 6 13 6 15 7 10 7 14 8 11 8 12 8 14 9 11 9 12 9 13 10 11 10 12 10 13 11 15 12 15 14 15
rmtf16_218 16 51 0 1 0 2 0 3 0 6 0 9 0 12 0 14 0 15 1 4 1 5 1 7 1 8 1 10 2 4 2 5 2 7 2 8 2 11 3 5 3 7 3 11 3 13 4 6 4 9 4 12 4 13 4 14 4 15 5 6 5 9 5 12 5 14 5 15 6 7 6 8 6 11 7 9 7 12 7 14 7 15 8 9 8 12 8 13 8 14 8 15 9 10 10 11 10 12 10 13 10 14 11 15
rmtf16_219 16 47 0 1 0 3 0 5 0 9 0 14 1 4 1 10 1 11 1 12 1 13 1 15 2 4 2 7 2 11 2 14 2 15 3 4 3 10 3 11 3 12 3 13 3 15 4 6 4 8 4 9 5 6 5 7 5 8 5 12 6 10 6 11 6 13 6 15 7 10 7 13 8 10 8 11 8 13 8 15 9 10 9 11 9 12 9 13 9 15 10 14 12 14 13 14
rmtf16_220 16 48 0 1 0 2 0 5 0 7 0 10 0 15 1 3 1 4 1 6 1 11 2 3 2 4 2 8 2 11 2 13 2 14 3 7 3 9 3 10 3 12 3 15 4 5 4 7 4 10 4 15 5 8 5 9 5 11 5 12 6 8 6 13 6 14 7 8 7 11 7 13 7 14 8 10 8 15 9 13 9 14 10 11 10 13 10 14 11 15 12 13 12 14 13 15 14 15
rmtf16_221 16 56 0 1 0 3 0 6 0 8 0 10 0 12 0 14 1 2 1 4 1 5 1 7 1 9 1 11 1 13 2 3 2 6 2 8 2 10 2 12 2 14 3 4 3 5 3 7 3 9 3 11 3 13 4 6 4 10 4 12 4 15 5 6 5 8 5 10 5 12 5 14 6 7 6 9 6 11 6 13 7 8 7 10 7 12 7 14 8 11 8 13 8 15 9 10 9 12 9 15 10 11 10 13 11 12 11 14 12 13 13 14 14 15
rmtf16_222 16 41 0 2 0 3 0 5 0 9 0 12 0 15 1 2 1 6 1 7 1 12 1 14 2 4 2 8 2 11 2 13 3 6 3 7 3 14 4 9 4 12 4 14 5 8 5 11 5 13 5 14 6 8 6 9 6 11 6 13 7 9 7 10 7 13 7 15 8 10 8 15 10 11 10 12 10 14 11 15 12 13 14 15
rmtf16_223 16 52 0 4 0 5 0 9 0 11 0 12 0 14 0 15 1 3 1 4 1 5 1 9 1 11 1 12 1 15 2 4 2 5 2 9 2 11 2 12 2 14 2 15 3 6 3 7 3 10 3 13 3 14 4 6 4 7 4 10 4 13 5 6 5 7 5 10 5 13 6 9 6 11 6 12 6 15 7 8 7 11 7 12 7 15 8 9 8 13 8 14 9 10 10 11 10 12 10 15 11 13 12 13 13 15
rmtf16_224 16 52 0 1 0 2 0 8 0 9 0 13 0 15 1 3 1 4 1 5 1 6 1 10 1 11 2 3 2 4 2 5 2 6 2 10 2 11 3 7 3 8 3 9 3 12 3 14 4 8 4 9 4 12 4 13 4 14 5 7 5 8 5 9 5 12 5 14 6 8 6 9 6 12 6 13 6 14 7 11 7 13 7 15 8 10 8 11 9 10 9 11 10 12 10 13 10 14 11 12 11 14 12 15 14 15
rmtf16_225 16 50 0 1 0 3 0 5 0 10 0 12 1 2 1 7 1 11 1 14 1 15 2 4 2 6 2 8 2 12 2 13 3 4 3 6 3 7 3 8 3 13 3 15 4 5 4 9 4 10 4 11 4 14 5 6 5 7 5 8 5 13 5 15 6 9 6 10 6 11 6 14 7 9 7 10 8 9 8 10 8 11 8 14 9 12 9 13 9 15 10 13 10 15 11 12 11 13 12 14 13 14
rmtf16_226 16 44 0 11 0 12 0 13 0 14 0 15 1 9 1 10 1 11 1 12 1 13 1 15 2 3 2 5 2 7 2 9 2 11 2 15 3 6 3 8 3 10 3 12 3 13 4 8 4 11 4 12 4 13 4 14 5 6 5 8 5 10 5 12 5 13 6 7 6 9 6 11 6 15 7 8 7 12 7 13 7 14 8 9 8 15 9 14 10 14
rmtf16_227 16 49 0 3 0 8 0 9 0 10 0 11 0 12 1 3 1 8 1 9 1 10 1 11 1 12 2 3 2 8 2 9 2 10 2 11 2 12 3 4 3 6 3 7 3 13 3 15 4 8 4 9 4 10 4 11 4 12 5 6 5 7 5 9 5 10 5 13 5 15 6 8 6 12 6 14 7 8 7 11 7 12 8 13 8 15 9 14 10 14 11 14 12 13 12 15 13 14 14 15
rmtf16_228 16 42 0 1 0 6 0 10 0 12 0 13 1 3 1 4 1 14 2 5 2 7 2 9 2 11 2 13 2 14 3 5 3 7 3 9 3 11 3 13 4 5 4 6 4 11 4 13 5 10 5 12 6 7 6 8 6 9 7 12 7 15 8 10 8 11 8 13 8 14 9 12 9 15 10 15 11 12 11 15 12 14 13 15 14 15
rmtf16_229 16 46 0 1 0 3 0 5 0 9 0 14 1 2 1 6 1 8 1 11 1 12 1 15 2 3 2 4 2 5 2 9 2 13 3 6 3 7 3 10 3 11 3 12 4 7 4 10 4 12 4 14 5 6 5 8 5 11 5 12 5 15 6 9 6 14 7 8 7 9 7 13 8 10 8 14 9 11 9 12 9 15 10 13 10 15 11 14 12 13 13 14 14 15
rmtf16_230 16 49 0 3 0 9 0 13 0 14 0 15 1 5 1 7 1 10 1 11 1 12 1 13 2 5 2 7 2 10 2 11 2 12 2 13 3 5 3 7 3 8 3 10 3 11 3 12 4 5 4 7 4 10 4 11 4 12 4 13 5 9 5 14 5 15 6 8 6 11 6 14 7 9 7 14 7 15 8 9 8 13 8 15 9 10 9 11 9 12 10 14 10 15 11 15 12 14 12 15
rmtf16_231 16 43 0 3 0 5 0 6 0 12 1 3 1 6 1 7 1 10 1 12 2 9 2 10 2 12 3 4 3 8 3 9 3 11 3 14 3 15 4 6 4 7 4 10 4 12 5 7 5 8 5 10 5 15 6 8 6 9 6 11 6 14 6 15 7 9 7 11 7 14 8 12 9 13 10 11 10 13 10 14 11 12 12 13 12 14 12 15
rmtf16_232 16 43 0 1 0 4 0 11 0 12 0 13 0 15 1 3 1 7 1 8 1 10 2 3 2 7 2 9 2 11 3 12 3 13 3 14 3 15 4 6 4 9 4 14 5 7 5 11 5 12 5 13 5 14 5 15 6 7 6 8 6 11 6 12 6 13 6 15 8 9 8 14 9 12 9 13 9 15 10 11 10 12 10 13 10 14 10 15
rmtf16_233 16 41 0 3 0 6 0 8 0 10 0 14 1 5 1 6 1 8 1 10 2 5 2 8 2 10 2 11 2 12 3 4 3 5 3 13 3 15 4 8 4 10 4 12 4 14 5 9 5 14 6 11 6 12 7 10 7 12 7 14 7 15 8 9 8 13 8 15 9 10 9 11 9 12 10 13 11 14 11 15 12 13 13 14
rmtf16_234 16 49 0 1 0 3 0 5 0 7 0 8 0 13 0 15 1 9 1 10 1 11 1 12 1 14 2 3 2 7 2 10 2 11 2 12 2 13 3 4 3 6 3 9 4 10 4 11 4 12 4 14 5 9 5 10 5 11 5 12 5 14 6 7 6 10 6 11 6 12 6 13 7 9 7 14 8 9 8 10 8 11 8 12 8 14 9 13 9 15 10 15 11 15 12 15 13 14 14 15
rmtf16_235 16 46 0 1 0 2 0 3 0 4 0 7 0 8 0 12 0 15 1 5 1 9 1 10 1 14 2 6 2 10 2 11 2 13 3 5 3 6 3 10 3 11 4 5 4 9 4 10 4 11 5 7 5 8 5 12 5 13 5 15 6 9 6 14 7 9 7 10 7 11 8 9 8 10 8 14 9 12 9 13 9 15 10 12 10 15 11 12 11 14 11 15 13 14
rmtf16_236 16 47 0 3 0 6 0 8 0 10 0 15 1 2 1 3 1 9 1 12 1 14 2 6 2 8 2 10 2 11 2 15 3 5 3 7 3 11 3 13 4 5 4 7 4 8 4 12 4 13 4 14 5 6 5 10 5 15 6 7 6 9 6 12 6 13 6 14 7 10 7 15 8 9 9 10 9 11 9 15 10 12 10 13 10 14 11 12 11 14 12 15 13 15 14 15
rmtf16_237 16 50 0 2 0 4 0 5 0 6 0 8 0 12 1 4 1 5 1 6 1 8 1 12 1 13 2 10 2 13 2 14 3 4 3 5 3 6 3 8 3 12 3 13 4 9 4 10 4 11 4 14 4 15 5 9 5 10 5 11 5 14 5 15 6 9 6 10 6 11 6 14 6 15 7 10 7 11 7 12 7 14 8 9 8 10 8 11 8 14 8 15 9 12 9 13 11 13 12 15 13 15
rmtf16_238 16 47 0 5 0 6 0 9 0 11 0 12 0 13 1 5 1 6 1 9 1 10 1 11 1 12 2 6 2 7 2 10 2 11 2 12 3 5 3 6 3 9 3 10 3 11 3 14 4 5 4 6 4 9 4 10 4 11 4 14 5 7 5 8 5 15 6 8 6 15 7 9 7 13 7 14 8 9 8 11 8 13 8 14 9 15 10 13 11 15 12 14 13 15 14 15
rmtf16_239 16 44 0 12 0 13 0 14 0 15 1 2 1 6 1 14 1 15 2 7 2 8 2 10 2 13 3 5 3 8 3 10 3 11 3 12 3 15 4 8 4 10 4 12 4 13 4 15 5 6 5 7 5 9 5 13 5 14 6 8 6 10 6 11 6 12 7 11 7 12 7 15 8 9 8 14 9 10 9 11 9 12 9 15 10 14 11 13 11 14
rmtf16_240 16 48 0 2 0 5 0 6 0 8 0 12 0 13 0 14 1 2 1 5 1 6 1 8 1 12 1 13 1 14 2 9 2 10 2 15 3 5 3 6 3 9 3 10 3 12 3 13 3 14 4 5 4 6 4 8 4 9 4 12 4 13 4 14 5 11 5 15 6 7 6 11 7 9 7 10 7 12 7 14 7 15 8 10 8 15 9 11 10 11 11 12 11 13 11 14 13 15
rmtf16_241 16 44 0 1 0 8 0 9 0 11 0 13 0 14 1 4 1 6 1 12 1 15 2 5 2 6 2 8 2 12 2 15 3 4 3 6 3 8 3 12 3 13 3 15 4 5 4 9 4 10 5 7 5 11 5 13 5 14 6 9 6 10 6 11 6 14 7 8 7 9 7 15 8 10 9 12 10 12 10 13 10 15 11 12 11 15 12 14 14 15
rmtf16_242 16 43 0 2 0 3 0 4 0 6 0 8 0 15 1 2 1 3 1 6 1 9 1 11 1 15 2 5 2 10 2 12 3 5 3 7 4 7 4 9 4 13 5 9 5 13 5 14 6 10 6 12 6 13 6 14 7 8 7 10 7 12 7 14 8 9 8 11 9 10 9 12 10 11 10 15 11 12 11 13 11 14 12 15 13 15 14 15
rmtf16_243 16 50 0 1 0 4 0 6 0 8 0 13 0 14 1 2 1 3 1 7 1 9 1 11 1 12 2 5 2 6 2 10 2 15 3 4 3 5 3 6 3 8 3 13 3 15 4 9 4 10 4 11 4 12 5 7 5 9 5 11 5 12 5 14 6 7 6 9 6 11 6 12 7 10 7 15 8 9 8 10 8 11 8 12 9 13 9 15 10 13 10 14 11 13 11 15 12 13 12 15 14 15
rmtf16_244 16 44 0 2 0 3 0 4 0 5 0 7 0 14 1 2 1 4 1 5 1 7 1 8 2 9 2 11 2 12 2 15 3 8 3 9 3 10 3 11 3 12 4 6 4 9 4 13 4 15 5 9 5 10 5 11 5 12 6 10 6 11 6 14 7 9 7 11 7 12 7 15 8 13 8 14 8 15 9 14 10 13 10 15 11 13 12 13 12 14
rmtf16_245 16 43 0 1 0 2 0 6 0 9 1 3 1 5 1 8 1 11 1 13 2 3 2 5 2 8 2 11 2 13 3 4 3 10 3 12 3 14 4 6 4 8 4 9 5 7 5 9 5 14 5 15 6 7 6 10 6 11 6 14 6 15 7 8 7 12 7 13 8 10 8 14 8 15 9 10 9 12 9 13 11 12 12 15 13 14 13 15
rmtf16_246 16 46 0 2 0 5 0 6 0 8 0 11 0 15 1 3 1 5 1 8 1 9 1 11 2 3 2 4 2 7 2 9 2 13 2 14 3 10 3 12 3 15 4 6 4 8 4 10 4 11 4 15 5 7 5 10 5 12 6 7 6 9 6 12 6 13 7 8 7 11 7 15 8 13 8 14 9 10 9 15 10 13 10 14 11 13 11 14 12 14 13 15 14 15
rmtf16_247 16 50 0 3 0 10 0 12 0 13 0 14 0 15 1 3 1 4 1 7 1 10 1 12 1 14 1 15 2 3 2 5 2 12 2 13 2 14 2 15 3 6 3 8 3 9 3 11 4 5 4 6 4 11 4 13 5 7 5 9 5 10 6 7 6 10 6 12 6 14 6 15 7 11 7 13 8 10 8 12 8 13 8 14 8 15 9 12 9 13 9 14 9 15 10 11 11 12 11 14 11 15
rmtf16_248 16 46 0 2 0 4 0 5 0 8 0 9 0 10 1 2 1 5 1 8 1 13 2 3 2 6 2 12 2 14 2 15 3 4 3 8 3 9 3 10 3 11 4 6 4 12 4 13 4 14 4 15 5 6 5 11 5 12 5 15 6 7 6 9 7 8 7 10 7 11 7 12 8 14 8 15 9 12 9 13 9 14 9 15 10 13 10 14 10 15 11 13 11 14
rmtf16_249 16 49 0 5 0 6 0 10 0 12 0 13 0 15 1 5 1 6 1 10 1 12 1 13 1 15 2 4 2 7 2 8 2 10 2 13 3 5 3 6 3 10 3 12 3 13 3 15 4 6 4 9 4 14 5 7 5 9 5 11 5 14 6 7 6 8 6 11 7 12 7 15 8 9 8 14 9 10 9 12 9 13 9 15 10 11 10 14 11 12 11 13 11 15 12 14 13 14 14 15
rmtf17_0 17 48 0 1 0 3 0 7 0 10 0 15 1 2 1 8 1 9 1 12 1 14 2 4 2 11 2 13 2 15 3 4 3 11 3 13 4 7 4 9 4 10 4 12 4 14 5 7 5 10 5 11 5 12 5 15 6 7 6 10 6 11 6 12 6 15 7 8 7 13 8 10 8 11 8 15 9 11 9 13 9 15 10 16 11 14 11 16 12 16 13 14 13 16 14 15 15 16
rmtf17_1 17 55 0 3 0 7 0 12 0 13 0 14 1 2 1 4 1 5 1 7 1 10 1 11 1 15 1 16 2 3 2 6 2 12 2 13 2 14 3 4 3 5 3 10 3 11 3 15 3 16 4 6 4 12 4 13 4 14 5 6 5 8 5 9 5 13 6 7 6 10 6 11 6 15 6 16 7 8 7 9 8 11 8 12 8 14 8 15 8 16 9 11 9 12 9 14 9 15 9 16 10 12 10 13 10 14 11 13 13 15 13 16
rmtf17_2 17 53 0 4 0 6 0 7 0 8 0 12 0 15 1 4 1 6 1 7 1 8 1 12 1 15 2 3 2 5 2 11 2 12 2 13 2 16 3 4 3 6 3 7 3 8 3 15 4 9 4 11 4 13 4 14 4 16 5 6 5 10 5 14 5 15 6 9 6 11 6 13 6 16 7 10 7 11 7 13 7 14 8 9 8 11 8 13 8 14 8 16 9 10 9 12 9 15 10 16 11 15 12 14 13 15 15 16
rmtf17_3 17 52 0 1 0 7 0 10 0 12 0 15 1 6 1 8 1 11 1 13 1 14 1 16 2 6 2 8 2 11 2 12 2 13 3 6 3 11 3 12 3 13 3 15 4 6 4 11 4 13 4 14 4 15 5 6 5 11 5 13 5 14 5 15 6 7 6 9 6 10 7 8 7 11 7 13 7 14 7 16 8 10 8 15 9 11 9 12 9 13 9 15 10 11 10 13 10 14 10 16 12 14 12 16 15 16
rmtf17_4 17 51 0 3 0 4 0 7 0 12 0 13 0 14 0 15 1 2 1 3 1 5 1 8 1 13 1 14 2 4 2 7 2 12 2 16 3 6 3 10 3 11 3 16 4 6 4 9 4 10 4 11 5 7 5 10 5 12 5 16 6 7 6 12 6 13 6 14 6 15 7 8 7 9 7 11 8 10 8 12 8 15 9 12 9 14 9 16 10 13 10 14 11 12 11 13 11 14 11 15 13 16 15 16
rmtf17_5 17 50 0 2 0 9 0 10 0 11 0 13 1 2 1 8 1 9 1 11 1 12 2 3 2 4 2 5 2 14 2 15 2 16 3 8 3 9 3 11 3 12 4 9 4 11 4 12 4 13 5 6 5 7 5 8 5 11 5 12 6 9 6 10 6 14 6 16 7 9 7 10 7 14 7 16 8 10 8 13 8 14 8 15 9 15 10 12 11 14 11 15 11 16 12 14 12 15 12 16 13 16
rmtf17_6 17 47 0 1 0 2 0 3 0 4 0 6 0 8 0 13 1 5 1 11 1 15 1 16 2 10 2 11 2 14 2 16 3 5 3 11 3 14 3 16 4 7 4 9 4 11 4 15 5 7 5 9 5 10 5 13 6 7 6 9 6 12 6 15 7 8 7 14 7 16 8 9 8 11 8 15 9 14 9 16 10 12 10 15 11 12 12 13 12 14 13 15 13 16 14 15
rmtf17_7 17 51 0 3 0 8 0 10 0 11 0 12 0 15 0 16 1 3 1 8 1 10 1 11 1 12 1 15 1 16 2 3 2 8 2 11 2 14 2 15 2 16 3 4 3 7 3 9 3 13 4 6 4 8 4 14 4 15 4 16 5 7 5 8 5 10 5 11 5 13 6 7 6 10 6 11 6 12 7 14 7 15 7 16 8 9 9 11 9 14 9 15 9 16 10 14 12 13 12 14 13 15 13 16
rmtf17_8 17 53 0 2 0 10 0 11 0 13 0 16 1 3 1 6 1 7 1 8 1 9 1 10 1 12 1 14 2 3 2 6 2 7 2 8 2 9 2 12 2 14 3 4 3 11 3 13 3 15 4 6 4 7 4 8 4 9 4 10 4 12 4 14 5 6 5 10 5 12 5 13 6 11 6 16 7 11 7 13 7 15 8 11 8 13 8 15 9 11 9 13 9 16 10 15 11 12 11 14 12 15 13 14 14 15 15 16
rmtf17_9 17 55 0 1 0 2 0 3 0 6 0 8 0 13 0 14 0 15 1 7 1 9 1 10 1 11 1 12 1 16 2 7 2 9 2 10 2 11 2 12 2 16 3 4 3 9 3 10 3 11 3 12 4 6 4 7 4 13 4 15 4 16 5 6 5 7 5 9 5 10 5 11 5 15 5 16 6 12 7 8 7 14 8 9 8 10 8 11 8 12 8 16 9 13 9 14 10 13 10 14 11 13 11 14 12 13 12 14 12 15 14 16
rmtf17_10 17 48 0 1 0 6 0 7 0 8 0 9 0 12 1 4 1 5 1 11 1 14 2 7 2 11 2 12 2 14 2 15 2 16 3 4 3 7 3 8 3 9 3 11 3 12 4 6 4 15 4 16 5 6 5 7 5 12 5 15 5 16 6 11 6 14 7 10 7 13 8 14 8 15 8 16 9 10 9 14 9 15 10 11 10 12 10 16 11 13 12 13 13 14 13 15 13 16
rmtf17_11 17 54 0 1 0 4 0 6 0 7 0 11 0 12 0 13 1 2 1 3 1 9 1 10 1 14 1 16 2 6 2 7 2 11 2 12 2 13 2 15 3 4 3 6 3 8 3 11 3 12 3 13 4 5 4 9 4 14 4 15 5 8 5 10 5 11 6 9 6 10 6 14 6 16 7 8 7 9 7 10 8 14 8 16 9 11 9 12 9 13 10 12 10 13 10 15 11 14 11 16 12 14 12 16 13 14 13 16 15 16
rmtf17_12 17 54 0 4 0 5 0 6 0 10 0 12 0 13 0 14 0 15 1 4 1 5 1 6 1 10 1 12 1 13 1 14 1 15 2 5 2 7 2 10 2 11 2 14 3 4 3 5 3 6 3 10 3 12 3 13 3 14 3 15 4 7 4 9 4 11 4 16 5 9 5 16 6 7 6 9 6 11 6 16 7 12 7 13 7 15 8 9 8 12 8 13 8 14 8 16 9 10 9 15 10 16 11 12 11 13 11 15 15 16
rmtf17_13 17 50 0 1 0 2 0 3 0 6 0 9 0 11 0 16 1 4 1 5 1 10 1 13 1 14 2 5 2 10 2 12 2 13 2 14 3 7 3 8 3 12 3 13 3 14 4 7 4 8 4 11 4 12 4 16 5 7 5 8 5 11 5 15 6 7 6 8 6 14 6 15 7 9 7 10 8 9 8 10 9 12 9 13 9 14 10 11 10 16 11 13 11 14 12 15 13 15 14 16 15 16
rmtf17_14 17 49 0 3 0 4 0 9 0 13 0 14 0 16 1 2 1 3 1 6 1 9 1 11 1 16 2 4 2 5 2 7 2 8 2 10 2 14 3 5 3 7 3 15 4 6 4 11 4 15 5 6 5 9 5 11 5 16 6 7 6 8 6 10 6 14 7 12 7 13 7 16 8 9 8 11 8 15 9 10 9 12 10 11 10 15 11 12 11 13 11 14 12 15 13 15 14 15 15 16
rmtf17_15 17 46 0 3 0 4 0 6 0 9 0 12 1 3 1 4 1 9 1 12 1 15 2 4 2 11 2 12 2 13 2 16 3 5 3 7 3 10 3 14 3 16 4 5 4 7 4 10 4 14 5 12 5 13 5 15 6 7 6 13 6 15 7 8 7 11 8 9 8 12 8 14 8 15 9 11 9 13 9 16 10 12 10 13 10 15 11 14 11 15 13 14 15 16
rmtf17_16 17 46 0 3 0 6 0 11 0 15 0 16 1 3 1 7 1 10 1 11 1 14 1 16 2 3 2 5 2 9 2 11 2 13 2 14 3 4 3 8 3 12 4 5 4 6 4 9 4 11 4 15 5 7 5 10 5 16 6 10 6 12 6 14 7 8 7 12 7 15 8 9 8 10 8 11 8 14 9 12 9 16 10 13 11 12 12 13 13 15 13 16 14 15
rmtf17_17 17 49 0 1 0 3 0 8 0 11 0 12 0 14 1 4 1 5 1 9 1 10 1 15 2 5 2 7 2 12 2 15 2 16 3 5 3 13 3 15 3 16 4 6 4 13 4 14 4 16 5 6 5 8 5 11 5 14 6 7 6 9 6 12 6 15 7 10 7 13 7 14 8 9 8 10 8 13 8 15 9 11 9 14 9 16 10 11 10 12 10 16 11 13 11 15 12 13 14 15
rmtf17_18 17 48 0 8 0 10 0 12 0 15 0 16 1 2 1 6 1 13 1 14 1 15 2 8 2 10 2 12 2 16 3 4 3 6 3 9 3 11 3 15 3 16 4 5 4 7 4 8 4 12 4 14 5 6 5 9 5 10 5 13 5 15 5 16 6 7 6 8 6 12 7 9 7 10 7 13 7 15 7 16 8 9 8 13 9 12 9 14 10 11 11 12 11 13 11 14 14 16
rmtf17_19 17 55 0 2 0 4 0 5 0 6 0 8 0 14 0 16 1 2 1 4 1 11 1 13 1 14 1 16 2 3 2 7 2 9 2 10 2 12 2 15 3 4 3 11 3 13 3 14 3 16 4 7 4 9 4 10 4 12 4 15 5 7 5 9 5 13 5 15 6 7 6 9 6 11 6 13 7 8 7 14 7 16 8 9 8 10 8 11 8 12 9 14 9 16 10 13 10 14 10 16 11 15 12 13 12 14 12 16 14 15 15 16
rmtf17_20 17 53 0 3 0 10 0 11 0 12 0 13 0 15 1 3 1 4 1 5 1 6 1 9 1 12 1 13 1 15 2 3 2 4 2 5 2 6 2 9 2 12 2 13 2 15 3 7 3 14 3 16 4 7 4 11 4 14 4 16 5 8 5 10 5 11 5 14 6 7 6 11 6 14 6 16 7 9 7 10 7 12 7 13 7 15 8 12 8 16 9 11 9 14 9 16 10 16 12 14 13 14 13 16 14 15 15 16
rmtf17_21 17 48 0 1 0 2 0 9 0 13 0 14 1 3 1 4 1 5 1 8 1 15 1 16 2 5 2 8 2 11 2 12 3 6 3 7 3 9 3 10 3 11 4 7 4 9 4 12 4 14 5 9 5 13 5 14 6 8 6 12 6 13 6 14 6 15 7 8 7 13 7 15 8 9 8 10 9 15 9 16 10 12 10 13 10 14 10 15 11 14 11 15 11 16 12 16 13 16
rmtf17_22 17 49 0 1 0 4 0 8 0 11 0 15 0 16 1 2 1 3 1 5 1 9 1 14 2 4 2 8 2 10 2 11 2 12 3 6 3 11 3 13 3 15 4 5 4 6 4 9 4 13 4 14 5 7 5 10 5 12 6 8 6 10 6 16 7 8 7 11 7 15 7 16 8 9 8 13 8 14 9 10 9 11 9 12 10 13 10 15 11 14 12 15 12 16 13 16 14 15 14 16
rmtf17_23 17 48 0 1 0 3 0 5 0 9 0 16 1 7 1 8 1 10 1 12 1 13 2 3 2 4 2 5 2 8 2 9 3 6 3 10 3 14 4 7 4 11 4 12 4 13 4 15 4 16 5 6 5 10 5 11 5 12 5 13 5 15 6 7 6 8 7 9 7 14 8 11 8 15 8 16 9 10 9 11 9 12 9 13 9 15 10 16 11 14 12 14 13 14 14 15 14 16
rmtf17_24 17 53 0 2 0 4 0 7 0 8 0 9 0 13 0 16 1 2 1 4 1 7 1 8 1 9 1 13 1 16 2 3 2 5 2 6 2 11 3 4 3 9 3 12 3 13 3 16 4 10 4 14 4 15 5 7 5 8 5 10 5 14 5 15 6 7 6 8 6 10 6 14 6 15 7 11 7 12 8 11 8 12 9 10 9 14 9 15 10 11 10 12 10 16 11 13 11 14 12 14 12 15 13 15 14 16 15 16
rmtf17_25 17 50 0 1 0 5 0 10 0 13 0 16 1 3 1 6 1 9 1 11 2 9 2 10 2 11 2 12 2 13 2 16 3 5 3 7 3 14 3 16 4 6 4 9 4 10 4 11 4 13 4 16 5 9 5 11 5 12 5 15 6 8 6 12 6 14 6 15 7 9 7 10 7 11 7 12 7 13 8 9 8 10 8 11 8 13 8 16 9 14 10 14 10 15 11 14 13 14 13 15 15 16
rmtf17_26 17 49 0 3 0 4 0 5 0 9 0 10 0 15 1 3 1 4 1 5 1 8 1 10 1 12 1 15 2 3 2 7 2 8 2 14 2 16 3 6 3 11 3 13 4 7 4 14 4 16 5 6 5 13 5 14 6 7 6 8 6 10 6 12 6 16 7 9 7 11 7 13 8 9 8 11 8 13 9 12 9 16 10 13 10 14 11 14 11 16 12 13 12 14 13 15 14 15 15 16
rmtf17_27 17 48 0 3 0 4 0 7 0 10 0 11 0 12 1 6 1 7 1 11 1 15 1 16 2 3 2 4 2 7 2 8 2 16 3 5 3 6 3 9 3 13 3 14 4 5 4 6 4 9 4 13 4 15 5 7 5 8 5 16 6 8 6 10 6 12 7 9 7 13 7 14 8 11 8 13 8 15 9 11 9 16 10 13 10 15 10 16 11 14 12 13 12 14 12 16 14 15
rmtf17_28 17 48 0 4 0 8 0 10 0 12 0 14 0 16 1 2 1 5 1 7 1 12 1 13 2 6 2 8 2 9 2 15 3 4 3 7 3 8 3 9 3 12 3 14 4 6 4 11 4 13 4 15 5 6 5 8 5 16 6 7 6 10 6 12 6 14 7 16 8 11 8 13 9 10 9 16 10 11 10 13 10 15 11 12 11 14 11 16 12 15 13 14 13 16 14 15 15 16
rmtf17_29 17 50 0 2 0 3 0 8 0 10 0 13 1 2 1 4 1 12 1 13 1 16 2 5 2 7 2 11 2 14 2 15 3 5 3 9 3 12 4 5 4 6 4 7 4 8 4 9 4 10 4 11 4 15 5 13 5 16 6 12 6 13 6 14 6 16 7 12 7 13 7 16 8 12 8 14 8 16 9 13 9 14 9 16 10 12 10 14 10 16 11 12 11 13 11 16 12 15 13 15 15 16
rmtf17_30 17 46 0 4 0 5 0 6 0 10 0 11 0 13 0 15 1 3 1 6 1 9 1 13 1 16 2 9 2 12 2 14 2 15 3 4 3 5 3 10 3 11 3 15 4 7 4 8 4 14 5 9 5 12 5 14 6 7 6 8 6 14 7 9 7 11 7 13 7 15 7 16 8 9 8 10 8 11 8 12 8 13 8 15 10 14 10 16 11 14 12 16 13 14
rmtf17_31 17 51 0 1 0 2 0 5 0 8 0 11 0 15 1 7 1 9 1 10 1 13 1 16 2 4 2 6 2 12 2 14 3 7 3 8 3 9 3 12 3 13 4 5 4 8 4 9 4 11 4 15 5 7 5 10 5 13 5 16 6 7 6 9 6 10 6 13 6 16 7 11 7 14 7 15 8 10 8 16 9 14 10 11 10 12 10 14 10 15 11 13 11 16 12 16 13 14 13 15 14 16 15 16
rmtf17_32 17 49 0 1 0 4 0 5 0 12 0 15 1 2 1 6 1 8 1 9 1 13 2 3 2 4 2 7 2 14 2 15 3 5 3 6 3 9 3 12 3 16 4 9 4 11 4 13 4 16 5 7 5 8 5 10 5 13 5 14 6 7 6 10 6 11 6 14 7 9 7 12 7 16 8 11 8 16 9 10 9 14 10 12 10 15 10 16 11 12 11 15 12 13 12 14 13 15 14 16
rmtf17_33 17 44 0 3 0 4 0 7 0 8 0 11 0 12 0 14 1 2 1 4 1 7 1 8 1 12 2 3 2 10 2 11 2 14 2 15 3 5 3 9 4 6 4 10 4 15 5 6 5 8 5 10 5 13 5 14 6 11 6 12 6 16 7 10 7 13 7 16 8 9 8 15 9 10 9 11 9 16 10 12 11 13 12 13 13 15 14 16 15 16
rmtf17_34 17 58 0 1 0 2 0 6 0 8 0 9 0 11 0 13 1 3 1 4 1 5 1 7 1 10 1 16 2 3 2 4 2 5 2 7 2 12 2 15 2 16 3 6 3 8 3 9 3 13 3 14 4 6 4 8 4 9 4 11 4 13 5 6 5 8 5 9 5 11 5 13 6 7 6 12 6 15 6 16 7 8 7 9 7 11 7 13 8 12 8 15 8 16 9 10 9 16 10 11 10 12 10 15 11 14 11 16 12 13 12 14 13 15 13 16 14 15
rmtf17_35 17 48 0 2 0 3 0 4 0 8 0 16 1 2 1 3 1 4 1 8 1 16 2 5 2 11 2 12 2 14 2 15 3 5 3 11 3 13 3 14 3 15 4 5 4 6 4 10 4 11 4 12 4 14 5 7 5 9 6 9 6 13 6 15 6 16 7 8 7 11 7 13 7 16 8 9 8 12 8 14 8 15 9 10 9 11 10 13 10 15 10 16 12 13 12 16 14 16
rmtf17_36 17 50 0 1 0 8 0 9 0 11 0 12 1 5 1 7 1 13 1 14 2 7 2 9 2 13 2 14 2 15 2 16 3 7 3 9 3 13 3 14 3 15 3 16 4 5 4 7 4 12 4 13 4 14 5 8 5 9 5 15 5 16 6 7 6 9 6 13 6 14 6 15 6 16 7 10 7 11 8 10 8 13 8 14 9 10 10 15 10 16 11 13 11 14 11 15 11 16 12 15 12 16
rmtf17_37 17 52 0 1 0 4 0 6 0 7 0 8 0 9 0 11 0 15 1 2 1 3 1 13 1 16 2 5 2 6 2 8 2 10 2 11 3 5 3 6 3 8 3 9 3 12 3 14 4 5 4 10 4 12 4 13 4 14 4 16 5 7 5 15 6 13 6 16 7 10 7 12 7 13 7 14 7 16 8 13 8 16 9 10 9 13 9 16 10 15 11 12 11 13 11 14 11 16 12 15 13 15 14 15 15 16
rmtf17_38 17 52 0 5 0 9 0 11 0 13 0 14 0 15 0 16 1 3 1 8 1 10 1 12 1 14 1 15 2 3 2 11 2 13 2 14 2 15 3 5 3 7 3 9 3 16 4 5 4 9 4 11 4 13 4 14 4 15 4 16 5 8 5 10 5 12 6 9 6 10 6 12 6 14 6 15 7 8 7 10 7 12 7 14 7 15 8 9 8 11 8 13 8 16 10 11 10 13 10 16 11 12 12 13 12 16
rmtf17_39 17 46 0 5 0 7 0 10 0 12 1 2 1 7 1 8 1 9 2 4 2 5 2 10 2 12 2 16 3 7 3 9 3 10 3 11 3 12 4 7 4 8 4 14 5 6 5 9 5 11 5 13 6 8 6 10 6 14 6 16 7 13 7 15 7 16 8 11 8 12 8 13 9 14 9 15 9 16 10 13 10 15 11 14 11 15 11 16 12 14 12 15 13 14
rmtf17_40 17 50 0 2 0 4 0 7 0 10 0 11 0 13 1 2 1 4 1 7 1 10 1 12 1 14 2 3 2 5 2 6 2 16 3 7 3 8 3 9 3 12 3 15 4 8 4 9 4 15 5 7 5 8 5 10 5 12 5 14 6 7 6 8 6 9 6 12 6 15 7 16 8 11 8 13 8 16 9 10 9 13 9 14 9 16 10 15 11 12 11 14 11 15 12 13 12 16 13 15 15 16
rmtf17_41 17 45 0 2 0 4 0 5 0 10 0 11 0 12 1 2 1 3 1 7 1 11 1 13 2 6 2 8 2 16 3 4 3 8 3 9 3 10 3 12 3 15 4 13 4 14 4 16 5 9 5 13 5 15 6 7 6 11 6 13 6 15 7 9 7 10 7 12 7 14 8 13 8 14 9 11 9 16 10 13 10 16 11 14 12 13 12 16 14 15 15 16
rmtf17_42 17 53 0 6 0 7 0 8 0 9 0 12 0 14 0 15 1 2 1 7 1 8 1 11 1 12 1 13 2 6 2 9 2 10 2 16 3 6 3 7 3 8 3 9 3 12 3 13 3 15 4 6 4 7 4 8 4 9 4 12 4 13 4 15 5 6 5 7 5 8 5 9 5 12 5 14 5 15 6 11 7 10 7 16 8 10 8 16 9 11 10 12 10 14 10 15 11 14 11 15 11 16 12 16 13 14 13 16
rmtf17_43 17 48 0 1 0 6 0 8 0 11 0 16 1 2 1 3 1 12 1 13 1 15 2 5 2 9 2 10 2 11 2 14 3 5 3 8 3 10 3 11 3 16 4 5 4 8 4 9 4 10 4 15 5 6 5 7 5 13 6 9 6 10 6 14 6 15 7 8 7 9 7 12 7 15 8 14 9 13 9 16 10 12 10 13 11 12 11 13 11 15 12 14 12 16 13 14 15 16
rmtf17_44 17 52 0 1 0 2 0 4 0 5 0 9 0 11 0 12 0 15 1 3 1 6 1 7 1 10 1 16 2 3 2 6 2 7 2 10 2 16 3 4 3 5 3 9 3 11 3 12 3 15 4 6 4 10 4 14 5 7 5 8 5 13 6 8 6 11 6 12 6 13 7 9 7 12 7 14 7 15 8 9 8 14 8 15 9 10 9 16 10 11 10 12 10 13 10 15 11 14 12 16 13 16 14 16 15 16
rmtf17_45 17 46 0 3 0 7 0 9 0 14 1 3 1 6 1 10 1 13 1 15 1 16 2 3 2 4 2 8 2 10 2 15 3 5 3 11 3 12 4 5 4 6 4 12 4 13 4 14 5 8 5 9 5 10 6 7 6 9 6 11 7 10 7 13 7 15 7 16 8 11 8 13 8 14 8 16 9 12 9 13 9 15 10 11 10 12 10 14 11 15 12 16 14 15
rmtf17_46 17 52 0 5 0 9 0 10 0 11 0 12 0 13 0 15 1 4 1 10 1 11 1 12 1 15 1 16 2 3 2 5 2 8 2 9 2 10 3 4 3 6 3 7 3 15 3 16 4 5 4 9 4 13 5 6 5 7 5 14 5 16 6 9 6 10 6 11 6 12 6 13 7 9 7 10 7 11 7 12 7 13 8 11 8 12 8 13 8 15 9 14 9 16 10 14 11 14 12 14 13 14 13 16 14 15
rmtf17_47 17 47 0 6 0 7 0 11 0 14 0 15 0 16 1 6 1 7 1 11 1 14 1 15 1 16 2 4 2 5 2 6 2 7 2 11 2 12 2 14 3 6 3 8 3 11 3 14 3 16 4 13 4 15 4 16 5 13 5 15 5 16 6 9 6 13 7 8 7 9 7 13 8 10 8 15 9 10 9 14 9 15 10 11 10 13 10 16 12 13 12 15 12 16 13 14
rmtf17_48 17 47 0 1 0 2 0 3 0 10 0 16 1 5 1 7 1 8 1 13 1 14 1 15 2 5 2 6 2 7 2 11 2 12 2 15 3 7 3 8 3 9 3 13 4 8 4 11 4 14 4 16 5 9 5 10 5 16 6 8 6 9 6 10 6 13 6 16 7 10 7 16 8 12 9 11 9 14 9 15 10 11 10 14 10 15 11 13 12 13 12 14 12 16 15 16
rmtf17_49 17 53 0 3 0 11 0 12 0 13 0 14 1 3 1 11 1 12 1 13 1 14 2 4 2 8 2 9 2 11 2 12 2 14 3 4 3 7 3 8 3 9 4 5 4 13 4 15 5 7 5 8 5 9 5 12 6 8 6 9 6 11 6 12 6 13 6 14 7 11 7 13 7 14 8 10 8 15 8 16 9 10 9 15 9 16 10 11 10 12 10 13 10 14 11 15 11 16 12 15 12 16 13 16 14 15 14 16
rmtf17_50 17 52 0 1 0 2 0 4 0 13 0 16 1 6 1 7 1 8 1 11 1 15 2 3 2 9 2 10 2 12 2 14 3 5 3 6 3 13 4 6 4 7 4 8 4 11 4 15 5 7 5 8 5 15 5 16 6 9 6 10 6 12 6 14 7 9 7 10 7 12 7 14 8 9 8 10 8 12 8 14 9 11 9 15 10 13 10 15 10 16 11 13 11 16 12 13 12 15 12 16 13 14 14 15 14 16
rmtf17_51 17 49 0 7 0 9 0 12 0 13 0 15 0 16 1 5 1 7 1 8 1 13 1 15 2 5 2 7 2 8 2 13 2 15 3 4 3 7 3 12 3 15 3 16 4 5 4 9 4 10 4 13 5 6 5 11 5 14 5 16 6 7 6 9 6 10 6 12 6 13 7 11 7 14 8 9 8 12 8 16 9 11 9 14 10 15 10 16 11 12 11 13 11 15 12 14 13 14 14 15
rmtf17_52 17 54 0 3 0 7 0 13 0 14 0 16 1 7 1 9 1 11 1 13 1 14 1 16 2 3 2 4 2 7 2 8 2 15 2 16 3 6 3 9 3 11 3 12 4 6 4 9 4 11 4 12 4 13 4 14 5 7 5 9 5 11 5 13 5 14 5 16 6 7 6 8 6 15 6 16 7 10 8 9 8 11 8 12 8 13 8 14 9 10 9 15 10 11 10 12 10 13 10 14 11 15 12 15 12 16 13 15 14 15
rmtf17_53 17 47 0 1 0 6 0 7 0 8 0 9 0 10 1 2 1 5 1 12 1 13 1 16 2 6 2 7 2 8 2 9 2 10 3 5 3 7 3 12 3 14 4 5 4 6 4 8 4 11 4 14 5 10 5 15 6 12 6 13 6 15 6 16 7 11 7 13 7 15 7 16 8 12 8 13 8 15 8 16 9 11 9 14 9 15 10 12 10 14 11 12 13 14 14 16
rmtf17_54 17 48 0 2 0 6 0 14 0 15 0 16 1 6 1 8 1 9 1 12 2 4 2 5 2 8 2 9 2 12 2 13 3 5 3 7 3 11 3 12 3 16 4 6 4 11 4 14 4 16 5 6 5 14 5 15 6 7 6 10 6 13 7 8 7 9 7 15 8 10 8 11 8 14 8 16 9 10 9 11 9 14 9 16 10 12 11 15 12 14 12 15 13 14 13 15 13 16
rmtf17_55 17 50 0 1 0 3 0 4 0 11 0 12 0 15 0 16 1 2 1 5 1 6 1 10 1 14 2 3 2 4 2 11 2 12 2 15 2 16 3 6 3 9 3 10 3 14 4 5 4 6 4 10 4 13 5 8 5 9 5 11 5 12 6 7 6 8 6 12 6 15 7 9 7 10 7 11 8 10 8 13 8 16 9 13 9 15 9 16 10 12 10 15 11 14 12 14 13 14 14 15 14 16
rmtf17_56 17 48 0 3 0 4 0 5 0 7 0 11 0 16 1 2 1 3 1 5 1 7 1 10 1 11 1 13 1 15 2 4 2 9 2 14 2 16 3 9 3 12 3 14 4 8 4 12 5 9 5 12 5 14 6 7 6 8 6 12 6 14 6 16 7 9 8 9 8 11 8 15 9 10 9 13 10 12 10 14 10 16 11 12 11 14 12 13 12 15 13 14 13 16 14 15 15 16
rmtf17_57 17 47 0 1 0 3 0 4 0 12 0 14 0 16 1 7 1 10 1 13 2 3 2 4 2 7 2 12 2 14 2 16 3 10 3 11 3 13 4 5 4 6 4 8 4 9 5 7 5 10 5 13 5 14 6 7 6 10 6 13 6 14 7 9 7 11 7 15 8 10 8 11 8 12 8 15 9 13 9 14 9 16 10 16 11 14 11 16 12 13 13 15 14 15 15 16
rmtf17_58 17 48 0 3 0 8 0 13 0 14 0 16 1 2 1 3 1 7 1 8 1 14 1 16 2 5 2 9 2 13 3 4 3 6 3 10 3 11 3 12 3 15 4 5 4 8 4 13 4 16 5 6 5 10 5 11 5 12 5 14 6 8 6 9 6 13 7 11 7 13 8 10 8 11 8 12 8 15 9 10 9 11 9 14 9 16 10 13 12 13 12 16 13 15 14 15 15 16
rmtf17_59 17 49 0 2 0 4 0 11 0 13 0 14 0 15 1 2 1 3 1 5 1 8 1 16 2 6 2 7 2 9 2 12 3 4 3 6 3 11 3 13 3 14 3 15 4 5 4 8 4 12 4 16 5 6 5 11 5 13 5 14 5 15 6 8 6 16 7 8 7 10 7 11 8 13 8 14 8 15 9 13 9 14 9 15 9 16 10 12 10 13 10 14 10 16 11 12 11 16 12 15
rmtf17_60 17 51 0 2 0 4 0 5 0 7 0 11 0 12 0 13 1 4 1 5 1 7 1 8 1 11 1 12 1 13 2 8 2 14 2 15 2 16 3 4 3 5 3 6 3 7 3 8 3 9 4 10 4 14 4 15 4 16 5 10 5 14 5 15 5 16 6 11 6 12 6 13 6 14 6 16 7 10 7 14 7 15 7 16 8 10 9 10 9 12 9 14 9 15 9 16 10 11 10 13 11 15 13 15
rmtf17_61 17 58 0 4 0 10 0 11 0 13 0 15 0 16 1 6 1 9 1 11 1 12 1 13 1 14 1 15 1 16 2 9 2 10 2 11 2 13 2 14 2 15 2 16 3 9 3 10 3 11 3 13 3 14 3 15 3 16 4 6 4 9 4 12 4 14 5 6 5 9 5 11 5 12 5 13 5 14 5 15 5 16 6 7 6 8 6 10 7 9 7 11 7 12 7 13 7 14 7 15 7 16 8 9 8 11 8 12 8 13 8 14 8 15 8 16 10 12
rmtf17_62 17 53 0 2 0 10 0 12 0 15 0 16 1 4 1 5 1 10 1 11 1 14 1 15 1 16 2 4 2 8 3 4 3 8 3 10 3 12 3 15 3 16 4 6 4 7 4 9 4 13 5 6 5 7 5 8 5 9 5 12 6 10 6 11 6 14 6 15 6 16 7 10 7 11 7 14 7 15 7 16 8 11 8 13 8 14 9 10 9 11 9 14 9 15 9 16 10 13 11 12 12 13 12 14 13 15 13 16
rmtf17_63 17 58 0 4 0 5 0 6 0 11 0 12 0 14 0 15 0 16 1 4 1 5 1 7 1 8 1 14 1 15 1 16 2 4 2 5 2 6 2 7 2 11 2 14 2 15 2 16 3 4 3 5 3 6 3 11 3 12 3 14 3 15 3 16 4 9 4 10 4 13 5 9 5 10 5 13 6 8 6 10 6 13 7 9 7 10 7 12 8 9 8 11 8 12 9 14 9 15 9 16 10 11 10 14 10 15 10 16 11 13 12 13 13 14 13 15 13 16
rmtf17_64 17 51 0 9 0 10 0 11 0 12 0 14 0 15 1 2 1 3 1 12 1 13 2 4 2 5 2 7 2 8 2 10 2 16 3 9 3 10 3 11 3 14 3 15 3 16 4 9 4 11 4 12 4 14 4 15 5 9 5 11 5 12 5 14 5 15 6 8 6 10 6 11 6 12 6 14 7 9 7 11 7 12 7 14 7 15 8 9 8 15 9 13 10 13 11 13 12 16 13 14 13 15 13 16
rmtf17_65 17 52 0 1 0 3 0 5 0 6 0 12 0 14 0 15 1 2 1 7 1 10 1 11 1 16 2 3 2 5 2 6 2 12 2 14 2 15 3 7 3 10 3 11 3 16 4 5 4 6 4 7 4 11 4 15 5 8 5 10 5 13 5 16 6 9 6 10 6 13 6 16 7 8 7 13 7 14 8 9 8 12 9 11 9 15 10 12 10 14 10 15 11 12 11 13 11 14 12 16 13 15 14 16 15 16
rmtf17_66 17 55 0 4 0 7 0 11 0 12 0 14 0 15 1 4 1 7 1 11 1 12 1 14 1 15 2 4 2 5 2 7 2 9 2 15 2 16 3 4 3 5 3 7 3 9 3 15 3 16 4 6 4 8 4 10 4 13 5 8 5 10 5 11 5 13 5 14 6 7 6 11 6 12 6 14 6 15 7 8 7 10 7 13 8 9 8 15 8 16 9 10 9 11 9 12 9 14 10 15 10 16 11 16 12 13 13 15 13 16 14 16
rmtf17_67 17 55 0 2 0 3 0 4 0 8 0 13 0 15 1 2 1 3 1 4 1 8 1 9 1 11 2 5 2 6 2 7 2 12 2 14 2 16 3 5 3 6 3 7 3 12 3 14 3 16 4 5 4 6 4 7 4 12 4 14 4 16 5 10 5 13 5 15 6 8 6 9 6 11 7 8 7 9 7 11 8 10 8 12 8 16 9 10 9 13 9 15 9 16 10 11 10 14 11 13 11 15 11 16 12 13 12 15 13 14 14 15
rmtf17_68 17 50 0 1 0 3 0 8 0 12 0 16 1 4 1 7 1 9 1 13 1 14 2 3 2 4 2 7 2 13 2 14 2 15 3 5 3 6 3 10 4 5 4 10 4 11 4 12 5 8 5 14 5 15 5 16 6 7 6 9 6 11 6 13 6 14 7 8 7 10 7 12 7 16 8 9 8 11 8 13 9 15 9 16 10 13 10 14 10 15 11 15 11 16 12 13 12 14 12 15 13 16
rmtf17_69 17 55 0 1 0 2 0 5 0 9 0 10 0 13 0 14 1 3 1 4 1 8 1 11 1 12 1 16 2 3 2 4 2 7 2 11 2 12 2 16 3 5 3 9 3 10 3 13 3 14 4 5 4 9 4 10 4 13 4 14 5 6 5 8 5 12 5 15 5 16 6 7 6 9 6 11 7 8 7 10 8 9 8 13 8 14 9 12 9 15 9 16 10 12 10 15 10 16 11 13 11 14 11 15 12 13 12 14 13 16 14 16
rmtf17_70 17 52 0 2 0 4 0 10 0 12 0 16 1 6 1 8 1 10 1 11 1 14 1 15 2 3 2 6 2 7 2 8 2 11 2 14 2 15 3 4 3 10 3 12 3 16 4 6 4 7 4 8 4 11 4 14 4 15 5 10 5 12 5 14 5 15 5 16 6 9 6 12 6 13 7 10 7 12 7 16 8 9 8 12 8 16 9 10 9 11 9 14 9 15 10 13 11 12 11 13 13 14 13 15 13 16
rmtf17_71 17 52 0 2 0 3 0 9 0 10 0 13 0 14 0 16 1 2 1 9 1 10 1 11 1 13 1 16 2 4 2 7 2 8 2 12 2 15 3 4 3 6 3 11 3 15 4 9 4 10 4 13 4 14 4 16 5 9 5 11 5 13 5 15 5 16 6 7 6 10 6 13 6 14 7 9 7 11 7 16 8 9 8 10 8 11 8 13 8 16 9 12 10 12 10 15 11 12 11 14 12 13 12 16 14 15
rmtf17_72 17 56 0 1 0 5 0 7 0 8 0 9 0 10 0 13 1 3 1 11 1 12 1 15 1 16 2 7 2 8 2 9 2 10 2 11 2 13 2 16 3 5 3 7 3 8 3 9 3 10 3 13 4 7 4 8 4 9 4 10 4 11 4 13 4 16 5 11 5 12 5 15 5 16 6 7 6 9 6 10 6 11 6 12 6 13 6 16 7 14 7 15 8 12 8 15 9 14 9 15 10 14 10 15 11 14 12 14 13 14 13 15 14 16
rmtf17_73 17 50 0 1 0 4 0 5 0 12 0 14 1 6 1 7 1 10 1 15 2 3 2 8 2 10 2 12 2 14 2 15 2 16 3 4 3 5 3 7 3 9 3 11 4 6 4 8 4 13 4 15 4 16 5 6 5 8 5 10 5 15 5 16 6 9 6 14 7 8 7 12 7 13 7 16 8 9 8 11 9 12 9 13 9 15 9 16 10 11 10 13 11 12 11 14 11 15 11 16 13 14
rmtf17_74 17 53 0 1 0 3 0 5 0 13 0 14 0 16 1 2 1 4 1 7 1 10 1 11 1 12 2 3 2 6 2 9 2 14 2 16 3 4 3 7 3 10 3 11 3 12 4 9 4 13 4 14 4 16 5 6 5 7 5 9 5 11 6 8 6 12 6 13 6 15 7 8 7 13 7 15 7 16 8 9 8 11 8 14 9 10 9 12 9 15 10 13 10 14 10 16 11 13 11 15 11 16 12 14 12 16 14 15
rmtf17_75 17 58 0 1 0 2 0 3 0 8 0 15 1 5 1 6 1 9 1 11 1 16 2 5 2 6 2 9 2 11 2 16 3 6 3 10 3 12 3 13 3 14 4 6 4 8 4 10 4 12 4 13 4 14 4 15 5 8 5 10 5 12 5 13 5 14 5 15 6 7 7 8 7 10 7 12 7 13 7 14 7 15 8 9 8 11 8 16 9 10 9 12 9 13 9 14 9 15 10 11 10 16 11 12 11 13 11 14 11 15 12 16 13 16 14 16 15 16
rmtf17_76 17 54 0 3 0 5 0 6 0 8 0 11 0 12 1 2 1 3 1 9 1 10 1 14 1 16 2 7 2 8 2 11 2 12 2 15 3 4 3 7 3 13 3 15 4 5 4 6 4 8 4 9 4 10 4 16 5 7 5 13 5 14 5 15 6 7 6 13 6 14 6 15 7 9 7 10 7 16 8 13 8 14 9 11 9 12 9 13 9 15 10 11 10 12 10 13 10 15 11 14 11 16 12 14 12 16 13 16 15 16
rmtf17_77 17 49 0 1 0 4 0 5 0 15 0 16 1 3 1 6 1 9 1 11 1 12 2 3 2 5 2 6 2 9 2 10 2 14 3 7 3 8 3 13 3 15 4 7 4 8 4 10 4 13 4 14 5 7 5 8 5 12 6 7 6 13 6 15 6 16 7 9 7 11 8 9 8 11 8 16 9 13 9 15 10 11 10 15 10 16 11 13 11 14 12 13 12 15 12 16 14 15 14 16
rmtf17_78 17 57 0 1 0 2 0 4 0 5 0 6 0 9 0 12 1 10 1 14 1 15 1 16 2 3 2 7 2 8 2 11 2 13 2 16 3 4 3 5 3 6 3 9 3 12 3 15 4 7 4 8 4 10 4 13 4 14 4 16 5 7 5 8 5 11 5 13 5 16 6 7 6 8 6 10 6 13 6 14 6 16 7 9 7 12 7 15 8 9 8 12 8 15 9 11 9 13 9 16 10 11 10 12 11 14 11 15 12 13 12 14 12 16 13 15
rmtf17_79 17 43 0 4 0 9 0 12 0 15 0 16 1 3 1 7 1 8 1 10 1 15 2 3 2 8 2 9 2 10 2 15 3 13 3 14 3 16 4 5 4 10 4 11 4 13 5 7 5 8 5 14 6 8 6 9 6 10 6 13 6 16 7 9 7 13 7 16 8 11 8 12 9 14 10 14 11 14 11 16 12 13 12 14 13 15 14 15
rmtf17_80 17 49 0 1 0 5 0 11 0 12 0 14 0 16 1 2 1 4 1 6 1 8 1 15 2 3 2 7 2 9 2 12 2 13 2 14 3 4 3 6 3 8 3 16 4 7 4 9 4 12 4 13 4 14 5 8 5 9 5 10 5 15 6 9 6 10 6 11 7 10 7 11 7 15 8 11 8 12 8 14 9 16 10 12 10 13 10 14 10 16 11 13 12 15 13 15 14 15 15 16
rmtf17_81 17 51 0 4 0 5 0 10 0 11 0 13 0 15 1 2 1 4 1 8 1 10 2 14 2 15 2 16 3 4 3 5 3 10 3 11 3 13 3 15 4 6 4 9 4 12 4 16 5 6 5 8 5 9 5 14 5 16 6 10 6 11 6 13 6 15 7 8 7 14 7 15 7 16 8 11 8 12 8 13 9 10 9 11 9 13 9 15 10 12 10 16 11 14 11 16 12 14 12 15 13 14 13 16
rmtf17_82 17 49 0 2 0 5 0 6 0 7 0 9 0 10 0 11 0 14 1 9 1 12 1 15 2 3 2 12 2 13 2 15 3 5 3 6 3 7 3 9 3 10 3 11 3 14 4 7 4 9 4 10 4 11 4 12 5 12 5 13 5 15 6 12 6 13 6 15 7 13 7 15 8 9 8 12 8 15 9 13 9 16 10 13 10 15 11 13 11 15 12 14 12 16 13 14 14 15 15 16
rmtf17_83 17 46 0 4 0 7 0 12 0 14 0 15 1 3 1 6 1 9 1 13 1 15 1 16 2 7 2 8 2 9 2 11 2 12 3 4 3 5 3 10 3 12 3 14 4 6 4 9 4 13 4 16 5 6 5 7 5 9 5 11 6 8 6 12 7 13 7 16 8 10 8 14 8 16 9 10 9 14 10 13 10 15 11 13 11 14 11 15 11 16 12 13 12 16
rmtf17_84 17 50 0 6 0 8 0 9 0 10 0 14 0 16 1 6 1 8 1 9 1 13 1 14 2 4 2 9 2 10 2 14 2 15 2 16 3 6 3 7 3 8 3 9 3 13 4 6 4 7 4 8 4 11 4 12 4 13 5 9 5 13 5 14 5 15 6 15 7 10 7 14 7 15 7 16 8 15 9 11 9 12 10 11 10 12 10 13 11 14 11 15 11 16 12 14 12 15 12 16 13 16
rmtf17_85 17 49 0 4 0 6 0 7 0 9 1 4 1 8 1 10 1 11 1 12 1 13 2 8 2 9 2 16 3 4 3 8 3 10 3 11 3 12 3 13 4 5 4 14 4 15 4 16 5 8 5 10 5 11 5 12 5 13 6 8 6 10 6 11 6 12 6 13 6 14 6 15 7 8 7 11 7 12 7 14 7 15 7 16 9 10 9 11 9 12 9 13 9 14 9 15 10 16 13 16
rmtf17_86 17 53 0 2 0 3 0 5 0 9 0 12 1 3 1 4 1 7 1 9 1 10 1 11 1 15 2 4 2 7 2 10 2 11 2 15 2 16 3 6 3 8 3 13 3 14 3 16 4 6 4 12 4 13 4 14 5 7 5 8 5 13 5 15 5 16 6 7 6 9 6 10 6 11 6 15 7 12 7 14 8 9 8 11 8 12 9 13 9 14 9 16 10 12 10 13 10 14 11 13 11 14 12 15 12 16 14 15
rmtf17_87 17 55 0 4 0 6 0 10 0 14 0 15 1 4 1 5 1 7 1 11 1 14 1 15 2 4 2 5 2 10 2 14 2 15 3 6 3 8 3 9 3 10 3 12 3 15 3 16 4 8 4 9 4 12 4 16 5 6 5 8 5 9 5 12 5 16 6 7 6 11 6 13 7 8 7 9 7 10 7 12 7 16 8 11 8 13 8 14 9 11 9 13 9 14 10 11 10 13 11 12 11 16 12 13 12 14 13 15 13 16 14 16
rmtf17_88 17 48 0 3 0 5 0 7 0 10 0 12 0 14 1 2 1 3 1 7 1 9 1 12 1 14 2 5 2 10 2 11 2 13 3 4 3 8 3 15 3 16 4 7 4 9 4 10 4 11 4 14 5 8 5 9 5 15 5 16 6 9 6 10 6 12 6 16 7 8 7 15 7 16 8 10 8 11 8 13 9 13 10 15 11 12 11 16 12 13 12 15 13 14 14 15 14 16
rmtf17_89 17 51 0 2 0 3 0 5 0 9 0 10 0 11 0 12 0 16 1 2 1 3 1 5 1 9 1 10 1 11 1 12 1 16 2 4 2 14 2 15 3 7 3 8 3 14 3 15 4 7 4 8 4 9 4 10 4 11 4 12 5 7 5 8 5 14 5 15 6 7 6 8 6 10 6 11 6 15 7 13 7 16 8 13 8 16 9 13 9 15 10 14 11 13 12 14 12 15 13 14 14 16 15 16
rmtf17_90 17 55 0 1 0 2 0 4 0 5 0 6 0 9 0 12 1 7 1 10 1 11 1 14 1 15 2 7 2 10 2 11 2 14 2 15 3 5 3 6 3 7 3 10 3 11 3 12 3 14 4 7 4 10 4 11 4 14 4 15 5 8 5 13 5 15 5 16 6 8 6 13 6 15 6 16 7 8 7 13 7 16 8 9 8 11 8 12 9 10 9 14 9 15 10 13 10 16 11 13 11 16 12 13 12 15 12 16 13 14 14 16
rmtf17_91 17 48 0 1 0 6 0 9 0 10 0 12 0 14 1 2 1 3 1 4 1 8 1 13 1 15 2 5 2 7 2 10 2 14 3 9 3 11 3 16 4 6 4 9 4 10 4 12 4 16 5 6 5 9 5 12 5 16 6 8 6 11 6 13 6 15 7 8 7 9 7 12 7 15 8 10 8 16 9 13 10 11 10 13 10 15 11 12 11 14 12 13 13 14 14 16 15 16
rmtf17_92 17 52 0 1 0 5 0 6 0 8 0 10 0 11 0 12 0 14 1 2 1 7 1 9 1 13 1 15 2 4 2 5 2 6 2 8 2 10 2 11 2 14 3 4 3 5 3 6 3 7 3 9 3 13 3 15 4 12 4 16 5 16 6 16 7 8 7 11 7 12 7 14 7 16 8 9 8 13 8 15 9 11 9 12 9 14 9 16 10 13 10 16 11 13 11 15 12 13 12 15 13 14 14 15 15 16
rmtf17_93 17 47 0 4 0 5 0 6 0 11 0 15 1 3 1 6 1 7 1 10 1 13 1 15 2 8 2 11 2 12 2 13 2 16 3 4 3 8 3 11 3 12 4 9 4 10 4 13 4 14 4 16 5 8 5 12 5 13 5 16 6 9 6 14 6 16 7 8 7 11 7 12 7 16 8 10 8 14 8 15 9 11 9 12 9 15 10 11 10 12 11 14 12 14 15 16
rmtf17_94 17 54 0 3 0 4 0 5 0 10 0 13 0 15 1 2 1 8 1 9 1 13 1 14 2 4 2 6 2 10 2 12 3 6 3 7 3 8 3 9 3 11 3 12 3 16 4 7 4 8 4 9 4 11 4 16 5 6 5 7 5 8 5 9 5 11 5 12 5 16 6 13 6 14 6 15 7 10 7 13 7 15 8 10 8 15 9 10 9 15 10 11 10 14 11 13 11 15 12 13 12 14 12 15 13 16 14 16 15 16
rmtf17_95 17 52 0 3 0 8 0 10 0 11 0 12 0 14 0 16 1 5 1 8 1 10 1 11 1 14 1 15 1 16 2 4 2 5 2 7 2 8 2 13 2 14 2 15 2 16 3 4 3 5 3 7 3 13 3 15 4 9 4 10 4 11 4 12 5 6 5 9 5 12 6 7 6 8 6 10 6 13 6 14 6 15 6 16 7 9 7 11 7 12 8 9 9 13 9 14 9 15 9 16 11 13 12 13 12 15
rmtf17_96 17 50 0 1 0 3 0 9 0 12 1 2 1 6 1 8 1 11 1 15 1 16 2 4 2 5 2 10 2 13 3 4 3 5 3 8 3 13 4 6 4 7 4 9 4 11 4 14 4 15 4 16 5 6 5 7 5 9 5 11 5 14 5 15 5 16 6 10 6 13 7 8 7 12 7 13 8 9 8 10 8 14 9 13 10 12 11 12 11 13 12 14 12 15 12 16 13 14 13 15 13 16
rmtf17_97 17 48 0 4 0 8 0 12 0 13 0 14 1 3 1 8 1 9 1 12 1 13 2 3 2 5 2 6 2 10 2 12 2 15 3 4 3 7 3 14 3 16 4 6 4 10 4 11 4 15 5 8 5 11 5 14 5 16 6 8 6 9 6 13 7 8 7 9 7 12 7 13 8 10 8 15 9 10 9 11 9 14 9 16 10 13 11 12 11 13 12 16 13 15 13 16 14 15
rmtf17_98 17 45 0 4 0 9 0 11 0 12 0 13 1 2 1 3 1 4 1 12 1 14 2 6 2 7 2 9 2 10 3 6 3 11 3 15 3 16 4 5 4 7 4 8 4 10 5 6 5 11 5 12 5 14 5 16 6 8 6 13 7 11 7 13 7 15 8 9 8 11 8 12 9 14 9 15 9 16 10 11 10 14 10 15 10 16 12 15 13 14 13 16
rmtf17_99 17 44 0 1 0 4 0 11 0 12 0 13 0 15 1 2 1 8 1 9 2 3 2 5 2 7 2 10 2 13 3 4 3 12 3 14 3 16 4 6 4 7 4 9 5 6 5 9 5 15 6 8 6 11 6 12 7 8 7 12 7 15 7 16 8 10 8 13 8 14 9 10 9 13 9 14 9 16 10 11 10 12 10 15 11 14 11 16 14 15
rmtf17_100 17 48 0 6 0 8 0 10 0 13 0 14 0 16 1 3 1 6 1 8 1 13 1 14 1 16 2 5 2 8 2 10 2 13 2 14 2 15 3 5 3 9 3 10 4 8 4 10 4 13 4 14 4 15 4 16 5 6 5 12 5 16 6 7 6 11 6 15 7 9 7 10 7 12 7 16 8 9 8 11 9 13 9 14 9 15 10 11 11 12 11 14 11 16 12 13 12 15
rmtf17_101 17 50 0 1 0 3 0 6 0 7 0 9 0 13 1 2 1 4 1 11 1 12 1 14 1 16 2 3 2 5 2 7 2 8 2 15 3 10 3 11 3 12 3 14 3 16 4 9 4 10 4 15 5 6 5 9 5 11 5 12 5 13 6 8 6 14 6 15 7 10 7 11 7 12 7 14 7 16 8 10 8 11 8 12 8 16 9 14 9 16 10 13 11 15 12 15 13 14 13 16 15 16
rmtf17_102 17 48 0 1 0 7 0 12 0 13 0 14 1 5 1 6 1 9 1 10 2 4 2 6 2 8 2 9 2 12 2 15 2 16 3 4 3 9 3 12 3 13 3 16 4 5 4 7 4 10 4 14 5 8 5 12 5 15 5 16 6 7 6 11 6 13 7 8 7 9 7 15 7 16 8 10 8 11 8 13 9 11 10 12 10 15 10 16 11 12 11 14 11 16 13 15 14 15
rmtf17_103 17 45 0 1 0 5 0 6 0 7 0 9 0 14 1 3 1 8 1 10 1 15 2 3 2 5 2 8 2 10 2 15 3 6 3 7 3 9 3 13 3 14 3 16 4 5 4 6 4 7 4 8 4 9 4 14 5 13 5 16 6 11 6 12 7 11 7 12 8 11 8 16 9 11 9 12 10 12 10 13 10 14 11 13 11 15 12 16 14 15 15 16
rmtf17_104 17 54 0 3 0 7 0 8 0 11 0 15 1 5 1 7 1 8 1 9 1 11 1 15 2 4 2 5 2 8 2 9 2 12 2 14 2 15 3 4 3 5 3 9 3 12 3 14 4 6 4 7 4 10 4 13 5 6 5 10 5 13 5 16 6 8 6 9 6 11 6 12 6 15 7 12 7 14 7 16 8 10 8 13 8 16 9 10 9 13 9 16 10 12 10 14 10 15 11 13 11 14 11 16 12 13 13 15 15 16
rmtf17_105 17 54 0 3 0 6 0 7 0 12 0 14 0 15 0 16 1 4 1 6 1 7 1 12 1 14 1 15 1 16 2 3 2 6 2 7 2 12 2 14 2 15 2 16 3 4 3 8 3 10 3 13 4 5 4 9 4 11 5 6 5 8 5 10 5 13 6 9 6 11 7 8 7 9 7 11 8 12 8 14 8 15 8 16 9 10 9 13 9 14 10 12 10 15 10 16 11 12 11 14 11 15 11 16 12 13 13 15 13 16
rmtf17_106 17 47 0 2 0 7 0 9 0 10 0 12 0 14 1 2 1 7 1 9 1 10 1 12 1 14 2 8 2 11 2 13 2 16 3 10 3 12 3 14 3 15 3 16 4 7 4 8 4 9 4 10 4 11 4 13 5 7 5 8 5 9 5 10 5 13 5 14 6 10 6 11 6 12 6 15 6 16 7 15 7 16 8 12 8 15 9 15 9 16 11 14 12 13 13 15
rmtf17_107 17 53 0 3 0 5 0 6 0 8 0 10 0 16 1 4 1 8 1 12 1 13 1 16 2 3 2 5 2 6 2 8 2 10 2 16 3 7 3 9 3 11 3 12 3 14 3 15 4 10 4 15 5 9 5 12 5 13 5 15 6 7 6 9 6 11 6 12 6 14 6 15 7 8 7 10 7 13 7 16 8 9 8 11 8 14 8 15 9 10 9 16 10 11 10 12 10 14 11 13 11 16 13 14 14 16 15 16
rmtf17_108 17 48 0 3 0 4 0 5 0 9 0 16 1 2 1 11 1 13 1 14 1 16 2 6 2 7 2 8 2 9 2 10 3 7 3 8 3 10 3 12 3 13 4 8 4 10 4 12 4 13 4 14 5 7 5 8 5 10 5 12 5 13 6 12 6 13 6 14 6 16 7 11 7 14 7 15 8 11 8 15 9 11 9 14 9 15 10 11 10 16 11 12 12 15 13 15 15 16
rmtf17_109 17 55 0 1 0 7 0 10 0 11 0 12 0 13 0 15 0 16 1 2 1 4 1 5 1 6 1 14 2 3 2 8 2 9 2 10 2 13 2 16 3 4 3 5 3 6 3 7 3 14 4 9 4 10 4 11 4 12 4 13 4 15 4 16 5 9 5 10 5 11 5 12 5 13 5 15 5 16 6 9 6 10 6 11 6 12 6 13 6 15 6 16 7 8 7 9 8 11 8 12 8 14 8 15 9 14 10 14 13 14 14 16
rmtf17_110 17 51 0 1 0 2 0 5 0 7 0 11 0 12 1 4 1 6 1 8 1 9 1 10 1 13 1 16 2 4 2 9 2 10 2 13 2 14 3 7 3 9 3 11 3 13 3 14 4 5 4 7 4 11 4 12 5 8 5 9 5 10 5 15 5 16 6 11 6 12 6 14 6 15 7 8 7 10 7 15 7 16 8 11 8 12 8 14 9 12 10 11 10 12 11 16 12 13 12 16 13 15 14 16
rmtf17_111 17 54 0 3 0 6 0 12 0 13 0 15 1 4 1 7 1 8 1 9 1 11 1 13 1 14 2 3 2 6 2 12 2 13 2 15 3 4 3 7 3 8 3 9 3 11 3 14 4 5 4 6 4 12 4 15 5 7 5 8 5 9 5 11 5 13 5 14 6 7 6 8 6 10 6 11 6 16 7 12 7 15 8 12 8 15 9 10 9 15 9 16 10 12 10 13 10 14 11 12 11 15 12 16 13 16 14 15 14 16
rmtf17_112 17 45 0 1 0 7 0 9 0 12 0 16 1 2 1 5 1 6 1 8 1 13 2 3 2 4 2 9 2 16 3 5 3 7 3 11 3 14 3 15 4 5 4 7 4 12 4 14 4 15 5 9 5 16 6 7 6 10 6 12 6 14 6 16 7 8 7 13 8 9 8 11 8 16 9 10 9 13 9 14 10 11 10 15 11 12 12 13 13 15 15 16
rmtf17_113 17 45 0 1 0 2 0 4 0 5 0 7 0 9 0 15 1 8 1 10 1 12 1 13 1 16 2 3 2 6 2 14 3 5 3 7 3 11 3 12 3 16 4 6 4 11 4 12 4 16 5 8 5 10 5 13 6 8 6 10 6 13 7 13 7 14 8 11 8 14 9 11 9 13 9 14 9 16 10 11 10 14 11 15 12 14 13 15 14 15 15 16
rmtf17_114 17 47 0 2 0 4 0 11 0 15 0 16 1 6 1 7 1 8 1 11 1 14 2 3 2 5 2 8 2 13 3 7 3 11 3 12 3 14 3 15 4 6 4 7 4 9 4 10 5 6 5 7 5 11 5 16 6 12 6 13 6 15 7 13 8 9 8 10 8 16 9 11 9 12 9 13 9 14 9 15 10 11 10 12 10 13 10 14 10 15 12 16 13 16 14 16
rmtf17_115 17 47 0 1 0 2 0 5 0 12 0 15 1 3 1 9 1 11 1 14 2 4 2 7 2 8 2 9 2 10 3 4 3 8 3 10 3 13 3 16 4 5 4 6 4 11 4 12 5 8 5 10 5 13 5 16 6 8 6 9 6 10 6 14 6 15 7 11 7 13 7 14 8 11 8 12 9 12 9 13 9 16 10 11 10 12 11 15 11 16 12 14 13 15 14 16
rmtf17_116 17 54 0 3 0 4 0 6 0 8 0 10 0 13 0 14 1 3 1 4 1 5 1 7 1 12 1 15 2 3 2 4 2 5 2 7 2 11 2 15 3 9 3 16 4 9 4 16 5 6 5 8 5 10 5 13 5 14 6 7 6 9 6 12 6 15 6 16 7 8 7 10 7 13 7 14 8 9 8 12 8 15 8 16 9 10 9 11 9 14 10 12 10 15 10 16 11 12 11 13 11 16 12 14 13 15 14 15 14 16
rmtf17_117 17 52 0 3 0 5 0 10 0 11 0 12 1 2 1 3 1 4 1 5 1 8 1 14 1 15 1 16 2 6 2 9 2 10 2 11 2 13 3 6 3 7 3 9 4 6 4 9 4 10 4 11 4 12 5 6 5 9 5 13 6 8 6 14 6 15 6 16 7 10 7 13 7 15 7 16 8 9 8 10 8 11 8 12 9 14 9 15 9 16 10 14 11 14 11 15 11 16 12 13 12 15 12 16 13 14
rmtf17_118 17 51 0 3 0 4 0 6 0 11 0 14 1 3 1 4 1 6 1 9 1 11 1 13 2 4 2 5 2 10 2 11 2 12 3 5 3 8 3 10 3 12 4 7 4 8 4 15 4 16 5 6 5 9 5 13 6 8 6 12 6 16 7 9 7 10 7 11 7 12 7 13 8 9 8 11 8 13 9 14 9 15 9 16 10 14 10 15 10 16 11 15 11 16 12 14 12 15 13 14 13 15 13 16
rmtf17_119 17 50 0 5 0 6 0 11 0 12 0 13 0 14 1 3 1 6 1 11 1 12 1 14 1 16 2 5 2 6 2 11 2 12 2 13 2 15 3 5 3 8 3 13 3 15 4 5 4 6 4 11 4 12 4 15 4 16 5 7 5 9 5 10 6 7 6 8 6 9 7 11 7 12 7 15 7 16 8 10 8 11 8 14 9 11 9 12 9 13 9 14 10 12 10 15 10 16 13 16 14 15
rmtf17_120 17 49 0 2 0 4 0 11 0 12 0 14 0 15 1 2 1 4 1 6 1 8 1 13 1 14 2 3 2 7 2 9 2 10 2 16 3 4 3 8 3 11 3 13 3 14 4 7 4 9 4 10 4 16 5 6 5 10 5 12 5 13 6 7 6 11 6 16 7 8 7 13 7 14 8 10 8 12 8 15 9 11 9 12 9 13 9 14 10 11 10 14 12 16 13 15 14 16 15 16
rmtf17_121 17 51 0 2 0 4 0 5 0 9 0 13 0 14 0 16 1 4 1 7 1 10 1 14 2 6 2 7 2 8 2 10 2 12 2 15 3 6 3 9 3 10 3 11 3 15 4 6 4 8 4 12 4 15 5 6 5 10 5 11 5 12 5 15 6 13 6 14 6 16 7 9 7 11 7 16 8 9 8 11 8 16 9 12 10 13 10 16 11 13 11 14 12 13 12 14 12 16 13 15 14 15 15 16
rmtf17_122 17 53 0 1 0 2 0 3 0 12 0 16 1 4 1 10 1 11 1 13 1 14 2 5 2 6 2 7 2 8 2 15 3 4 3 10 3 11 3 13 3 14 4 5 4 6 4 7 4 8 4 15 5 11 5 12 5 13 5 14 5 16 6 10 6 11 6 13 6 14 6 16 7 10 7 11 7 13 7 14 7 16 8 11 8 12 8 13 8 14 8 16 9 12 9 13 9 14 9 15 10 12 10 15 11 15 15 16
rmtf17_123 17 53 0 1 0 2 0 3 0 4 0 8 0 11 1 5 1 6 1 7 1 9 1 12 1 15 1 16 2 5 2 6 2 7 2 9 2 12 2 15 2 16 3 5 3 6 3 7 3 9 3 12 3 15 3 16 4 6 4 9 4 13 4 16 5 8 5 11 5 13 6 10 6 11 7 8 7 13 7 14 8 9 8 10 8 12 8 15 8 16 9 14 10 13 10 14 11 12 11 14 12 13 13 15 14 15 14 16
rmtf17_124 17 48 0 1 0 6 0 15 0 16 1 2 1 5 1 11 1 12 1 13 2 3 2 4 2 6 2 8 3 5 3 12 3 13 3 15 3 16 4 5 4 12 4 13 4 15 4 16 5 7 5 9 5 10 5 14 6 7 6 10 6 13 6 14 7 12 7 15 7 16 8 9 8 10 8 15 9 11 9 12 9 13 9 16 10 11 10 12 10 16 11 15 12 14 14 15 14 16
rmtf17_125 17 50 0 1 0 3 0 4 0 12 0 15 0 16 1 6 1 7 1 8 1 9 1 10 1 11 1 13 2 3 2 4 2 9 2 12 3 5 3 6 3 10 3 13 3 14 4 5 4 6 4 7 4 10 4 11 4 13 5 8 5 9 6 12 6 15 6 16 7 14 7 15 8 12 8 15 8 16 9 15 9 16 10 12 10 15 10 16 11 14 11 15 12 13 12 14 13 15 13 16 14 16
rmtf17_126 17 54 0 3 0 6 0 7 0 11 0 13 0 14 0 15 1 3 1 7 1 8 1 13 1 14 1 15 1 16 2 7 2 9 2 11 2 13 2 14 2 15 2 16 3 5 3 9 3 10 4 7 4 9 4 11 4 13 4 14 4 15 4 16 5 6 5 7 5 11 5 13 5 14 5 15 6 8 6 9 6 16 7 10 7 12 8 10 8 11 8 12 9 12 10 13 10 14 10 15 10 16 12 13 12 14 12 15 12 16
rmtf17_127 17 53 0 2 0 3 0 6 0 12 0 16 1 3 1 4 1 5 1 6 1 9 1 13 1 15 2 4 2 5 2 9 2 13 2 15 3 7 3 8 3 10 3 11 3 14 4 7 4 8 4 10 4 12 4 14 5 7 5 8 5 10 5 11 5 14 6 7 6 8 6 10 6 11 6 14 7 9 7 16 8 9 8 13 8 15 9 10 9 12 9 14 10 16 11 12 11 13 12 15 13 14 13 16 14 15 15 16
rmtf17_128 17 56 0 1 0 8 0 10 0 12 0 13 0 14 0 16 1 2 1 4 1 5 1 6 1 9 1 15 2 3 2 7 2 10 2 11 2 16 3 8 3 12 3 13 3 14 4 7 4 10 4 11 4 14 4 16 5 8 5 10 5 12 5 13 5 14 5 16 6 8 6 10 6 12 6 13 6 14 6 16 7 8 7 12 7 13 7 15 8 9 8 11 9 10 9 12 9 13 9 14 9 16 10 15 11 12 11 13 11 15 14 15 15 16
rmtf17_129 17 47 0 2 0 5 0 7 0 9 0 10 0 11 0 13 1 2 1 4 1 9 1 12 1 13 1 16 2 6 2 14 2 15 3 4 3 9 3 10 3 14 3 15 3 16 4 5 4 6 4 11 5 8 5 12 5 15 5 16 6 7 6 9 6 10 6 13 6 16 7 8 7 12 7 15 8 9 8 10 8 13 8 14 10 12 11 14 11 15 11 16 12 14 13 15
rmtf17_130 17 59 0 1 0 3 0 5 0 6 0 13 0 14 0 15 1 7 1 8 1 9 1 10 1 11 1 16 2 3 2 5 2 6 2 11 2 13 2 14 2 15 3 7 3 8 3 9 3 10 3 16 4 5 4 6 4 10 4 11 4 13 4 14 4 15 5 7 5 8 5 9 5 12 5 16 6 7 6 8 6 9 6 12 6 16 7 13 7 14 7 15 8 13 8 14 8 15 9 13 9 14 9 15 10 12 11 12 12 13 12 14 12 15 13 16 14 16 15 16
rmtf17_131 17 51 0 1 0 7 0 8 0 11 0 13 0 15 1 3 1 5 1 6 1 12 1 14 2 5 2 6 2 7 2 11 2 12 2 13 2 14 3 7 3 8 3 11 3 13 3 15 4 5 4 6 4 7 4 10 4 11 4 13 4 14 5 9 5 15 5 16 6 8 6 15 6 16 7 9 7 16 8 9 8 10 8 14 9 11 9 12 9 13 10 12 10 15 10 16 11 16 13 16 14 15 14 16
rmtf17_132 17 51 0 3 0 5 0 7 0 10 0 15 0 16 1 4 1 5 1 6 1 8 1 9 1 10 1 14 2 4 2 5 2 6 2 8 2 9 2 10 2 14 3 4 3 8 3 11 3 13 3 14 4 7 4 15 4 16 5 11 5 12 5 13 6 7 6 13 6 15 7 9 7 11 7 12 7 14 8 12 8 15 8 16 9 13 9 15 10 11 10 12 10 13 11 15 11 16 13 16 14 15 14 16
rmtf17_133 17 54 0 2 0 4 0 5 0 7 0 13 0 15 0 16 1 2 1 4 1 5 1 7 1 13 1 15 1 16 2 9 2 10 2 11 3 4 3 5 3 7 3 9 3 11 3 13 3 16 4 10 4 12 4 14 5 10 5 12 5 14 6 7 6 9 6 10 6 11 6 16 7 8 7 12 7 14 8 9 8 10 8 11 8 16 9 12 9 14 9 15 10 13 10 15 11 12 11 14 11 15 12 13 12 16 13 14 14 16
rmtf17_134 17 54 0 1 0 4 0 12 0 14 0 15 0 16 1 2 1 3 1 8 1 11 2 9 2 14 2 15 2 16 3 6 3 7 3 9 3 10 3 14 4 5 4 6 4 7 4 9 4 10 4 13 5 11 5 12 5 14 5 15 5 16 6 8 6 11 6 12 6 15 6 16 7 8 7 11 7 12 7 15 7 16 8 9 8 10 8 14 9 11 9 12 10 11 10 12 10 15 10 16 11 13 12 13 13 14 13 15 13 16
rmtf17_135 17 50 0 2 0 5 0 6 0 9 0 11 0 15 1 4 1 5 1 6 1 9 1 12 1 13 1 15 2 4 2 8 2 12 2 13 2 14 3 4 3 5 3 6 3 12 3 13 3 15 3 16 4 7 4 10 4 11 5 7 5 10 6 8 6 10 6 14 7 8 7 9 7 12 7 13 7 14 8 11 8 15 9 16 10 12 10 13 10 15 10 16 11 12 11 13 11 16 14 15 14 16
rmtf17_136 17 50 0 2 0 5 0 7 0 9 0 12 1 6 1 10 1 11 1 12 1 13 2 6 2 10 2 11 2 13 2 14 2 15 3 5 3 6 3 11 3 12 3 13 4 5 4 6 4 11 4 13 4 15 5 8 5 10 5 14 5 16 6 7 6 8 6 16 7 10 7 11 7 13 7 14 7 15 8 11 8 12 8 13 9 10 9 13 9 14 9 15 9 16 11 16 12 14 12 15 12 16
rmtf17_137 17 49 0 2 0 4 0 12 0 13 0 15 1 7 1 8 1 10 1 11 1 12 1 14 1 15 2 6 2 7 2 8 2 9 2 14 3 4 3 5 3 6 3 7 3 9 4 8 4 10 4 11 4 14 5 8 5 10 5 11 5 12 5 14 5 15 6 10 6 11 6 12 6 15 7 13 7 16 8 13 8 16 9 10 9 16 10 13 11 13 11 16 12 16 13 14 14 16 15 16
rmtf17_138 17 55 0 2 0 6 0 7 0 12 0 14 0 16 1 2 1 5 1 8 1 10 1 11 1 13 2 3 2 4 2 9 2 15 3 6 3 7 3 12 3 14 3 16 4 6 4 7 4 12 4 14 4 16 5 6 5 9 5 12 5 16 6 8 6 10 6 11 6 13 6 15 7 8 7 9 7 11 7 15 8 12 8 14 8 16 9 10 9 13 9 14 10 12 10 16 11 12 11 14 11 16 12 13 12 15 13 16 14 15 15 16
rmtf17_139 17 48 0 1 0 7 0 10 0 12 0 15 1 2 1 5 1 6 1 13 2 3 2 4 2 8 2 10 2 14 2 16 3 6 3 9 3 12 3 13 3 15 4 5 4 7 4 11 4 15 5 9 5 10 5 12 6 7 6 8 6 10 6 14 6 16 7 9 7 13 8 11 8 12 8 15 9 11 9 14 9 16 10 11 11 13 12 14 12 16 13 14 13 16 14 15 15 16
rmtf17_140 17 52 0 1 0 2 0 4 0 7 0 16 1 5 1 8 1 10 1 11 1 13 1 15 2 8 2 9 2 10 2 14 3 7 3 10 3 13 3 16 4 5 4 8 4 10 4 11 4 13 4 15 5 6 5 9 5 12 5 14 5 16 6 7 6 10 6 11 6 13 6 15 7 8 7 9 7 12 7 14 8 16 9 11 9 13 9 15 10 12 11 12 11 14 11 16 12 13 12 15 13 14 14 15 15 16
rmtf17_141 17 46 0 1 0 9 0 10 0 11 0 12 0 14 0 16 1 3 1 6 1 7 2 3 2 6 2 7 2 9 2 12 3 4 3 5 3 11 3 13 3 14 3 15 4 9 4 10 4 12 4 16 5 6 5 8 5 12 6 10 6 11 6 14 6 15 6 16 7 8 7 10 7 11 7 14 7 15 7 16 8 9 8 13 9 15 10 13 12 13 12 15 13 16
rmtf17_142 17 50 0 5 0 6 0 7 0 13 0 16 1 5 1 8 1 12 1 13 1 16 2 4 2 5 2 6 2 8 2 9 2 13 2 15 3 5 3 7 3 9 3 12 3 13 4 7 4 10 4 11 4 12 4 16 5 10 5 11 5 14 6 10 6 11 6 12 7 8 7 14 7 15 8 10 8 11 9 10 9 11 9 16 10 13 10 15 11 13 11 15 12 14 12 15 13 14 14 16 15 16
rmtf17_143 17 51 0 1 0 3 0 5 0 10 0 11 0 14 0 16 1 6 1 7 1 8 1 9 1 12 2 5 2 8 2 10 2 11 2 14 3 4 3 6 3 8 3 9 3 12 4 7 4 10 4 11 4 14 4 16 5 6 5 7 5 9 5 12 6 11 6 13 6 14 6 16 7 13 7 15 8 13 8 15 8 16 9 10 9 11 9 14 9 16 10 13 10 15 11 12 12 13 12 15 12 16 14 15
rmtf17_144 17 46 0 8 0 9 0 10 0 12 0 13 0 14 1 4 1 5 1 8 1 12 1 16 2 5 2 8 2 9 2 10 2 14 2 15 3 4 3 5 3 8 3 9 3 12 3 14 4 6 4 10 4 13 4 15 5 6 5 11 5 13 6 7 6 9 6 14 7 8 7 10 7 12 7 16 8 11 9 16 10 11 11 12 11 16 12 15 13 16 14 16 15 16
rmtf17_145 17 46 0 1 0 3 0 4 0 6 1 8 1 9 1 11 1 15 1 16 2 3 2 8 2 10 2 11 2 14 2 16 3 7 3 9 3 13 3 15 4 5 4 7 4 11 4 12 5 6 5 8 5 9 5 13 5 15 5 16 6 10 6 11 6 14 7 8 7 10 7 14 7 16 8 12 9 10 9 14 10 13 10 15 11 13 12 13 12 14 12 16 14 15
rmtf17_146 17 53 0 4 0 7 0 11 0 12 0 13 0 15 1 3 1 5 1 7 1 11 1 12 1 13 2 3 2 5 2 7 2 10 2 12 2 13 3 4 3 8 3 9 3 14 3 15 4 5 4 6 4 10 4 16 5 8 5 9 5 14 5 15 6 8 6 11 6 12 6 13 6 14 6 15 7 8 7 9 7 14 8 10 8 16 9 10 9 12 9 13 10 11 10 14 10 15 11 16 12 16 13 16 14 16 15 16
rmtf17_147 17 51 0 1 0 5 0 6 0 7 0 10 0 13 1 2 1 8 1 9 1 12 1 16 2 5 2 6 2 7 2 10 2 13 3 6 3 9 3 14 3 16 4 6 4 8 4 9 4 12 4 16 5 8 5 9 5 12 5 16 6 11 6 15 7 8 7 9 7 12 7 16 8 11 8 14 8 15 9 10 9 13 9 15 10 11 10 14 10 16 11 12 11 13 12 14 12 15 13 14 13 16 15 16
rmtf17_148 17 56 0 1 0 2 0 5 0 6 0 14 0 15 0 16 1 3 1 4 1 7 1 8 1 12 1 13 2 3 2 4 2 7 2 8 2 11 2 13 3 5 3 6 3 14 3 15 3 16 4 5 4 6 4 14 4 15 4 16 5 7 5 8 5 12 5 13 6 8 6 9 6 10 6 12 7 9 7 10 7 16 8 14 8 15 8 16 9 11 9 13 9 14 9 15 10 11 10 13 10 14 10 15 11 12 11 16 12 14 12 15 13 16
rmtf17_149 17 50 0 5 0 7 0 10 0 14 0 15 0 16 1 7 1 10 1 12 1 13 1 14 2 3 2 8 2 10 2 11 2 12 3 5 3 9 3 14 4 5 4 7 4 10 4 14 4 15 4 16 5 6 5 8 5 12 5 13 6 7 6 10 6 14 6 15 6 16 7 8 7 9 7 11 8 14 8 15 8 16 9 10 9 13 9 15 9 16 11 13 11 14 11 15 11 16 12 15 12 16
rmtf17_150 17 48 0 4 0 8 0 9 0 13 1 3 1 6 1 9 1 11 1 14 2 4 2 9 2 11 2 13 3 4 3 5 3 12 3 13 3 15 4 6 4 7 4 10 4 14 4 16 5 6 5 7 5 8 5 9 5 10 6 12 6 13 6 15 7 11 7 12 7 13 8 11 8 12 8 14 8 16 9 12 9 15 9 16 10 11 10 12 10 13 11 15 13 14 13 16 14 15
rmtf17_151 17 52 0 2 0 3 0 4 0 6 0 8 0 9 0 14 1 3 1 8 1 10 1 11 1 14 2 10 2 12 2 13 2 15 2 16 3 5 3 7 3 12 3 15 3 16 4 5 4 10 4 11 4 12 4 15 5 8 5 9 5 13 6 10 6 12 6 13 6 15 6 16 7 8 7 10 7 11 7 14 8 12 8 15 8 16 9 10 9 11 9 12 9 15 11 13 11 16 12 14 13 14 14 15 14 16
rmtf17_152 17 46 0 2 0 3 0 8 0 10 0 11 1 2 1 3 1 4 1 5 1 10 1 11 2 6 2 9 2 14 2 16 3 6 3 7 3 13 4 6 4 8 4 9 4 15 4 16 5 6 5 7 5 8 5 14 6 11 6 12 7 9 7 10 7 15 7 16 8 12 8 13 9 11 9 12 10 12 10 13 11 13 11 15 11 16 12 14 12 16 13 14 14 15
rmtf17_153 17 48 0 1 0 4 0 5 0 8 0 9 0 13 1 6 1 7 1 10 1 11 1 14 2 4 2 5 2 9 2 10 2 13 2 15 3 4 3 9 3 10 3 12 3 14 4 6 4 7 4 11 5 6 5 7 5 11 5 14 6 8 6 9 6 12 7 8 7 12 7 16 8 10 8 14 8 15 9 11 9 16 10 16 11 13 11 15 12 13 12 15 13 14 14 16 15 16
rmtf17_154 17 46 0 3 0 8 0 10 0 13 0 15 0 16 1 8 1 10 1 12 1 13 1 15 1 16 2 6 2 8 2 10 2 11 2 12 2 15 3 9 3 11 3 12 3 14 4 5 4 7 4 9 4 10 4 11 4 15 5 8 5 12 5 13 5 16 6 7 6 9 6 16 7 8 7 12 7 14 8 9 9 13 10 14 11 13 11 16 13 14 14 15 14 16
rmtf17_155 17 49 0 4 0 5 0 8 0 9 0 10 0 15 1 2 1 5 1 7 1 10 1 13 1 15 2 3 2 4 2 12 2 16 3 6 3 9 3 10 3 11 3 13 3 15 4 6 4 11 4 13 4 14 5 6 5 11 5 14 6 7 6 8 6 16 7 9 7 11 7 14 8 12 8 13 8 14 9 12 9 16 10 12 10 14 10 16 11 12 11 16 12 15 13 16 14 15 15 16
rmtf17_156 17 49 0 1 0 2 0 9 0 12 0 15 0 16 1 4 1 6 1 10 1 13 2 3 2 10 2 11 2 13 3 5 3 6 3 12 3 14 3 15 4 9 4 11 4 12 4 14 5 7 5 8 5 9 5 13 5 16 6 7 6 8 6 9 6 16 7 10 7 11 7 12 7 14 8 10 8 11 8 12 8 14 9 10 10 15 10 16 11 15 11 16 12 13 13 14 13 15 14 16
rmtf17_157 17 53 0 1 0 2 0 3 0 4 0 11 0 15 0 16 1 5 1 6 1 8 1 9 1 12 1 13 2 6 2 10 2 14 3 5 3 6 3 8 3 9 3 12 3 13 4 5 4 6 4 8 4 9 4 12 4 13 5 7 5 11 5 14 5 15 6 11 6 15 6 16 7 8 7 9 7 10 7 16 8 11 8 14 8 15 9 11 9 14 9 15 10 12 10 13 10 15 11 12 11 13 12 16 13 16 14 16
rmtf17_158 17 51 0 6 0 8 0 9 0 13 0 14 1 5 1 6 1 9 1 13 1 14 1 15 2 3 2 7 2 8 2 9 2 12 2 14 3 4 3 11 3 13 3 15 3 16 4 6 4 8 4 9 4 12 4 14 5 7 5 8 5 10 5 12 5 16 6 7 6 10 6 11 6 16 7 13 7 15 8 11 8 15 9 10 9 11 9 16 10 13 10 14 10 15 11 12 11 14 12 13 12 15 14 16
rmtf17_159 17 51 0 1 0 2 0 4 0 6 0 9 0 16 1 10 1 11 1 13 2 3 2 5 2 7 2 12 2 14 2 15 3 4 3 6 3 9 3 10 3 11 3 16 4 5 4 7 4 12 4 14 4 15 5 6 5 9 5 10 5 11 5 16 6 12 6 13 6 14 7 10 7 11 7 13 8 10 8 14 8 15 8 16 9 12 9 13 9 14 10 12 11 12 11 14 11 15 12 16 13 15 13 16
rmtf17_160 17 55 0 2 0 4 0 8 0 12 0 16 1 2 1 4 1 7 1 14 1 15 1 16 2 5 2 9 2 11 2 13 3 5 3 8 3 9 3 11 3 12 3 13 3 16 4 5 4 9 4 10 4 13 5 6 5 7 5 14 5 15 6 8 6 9 6 11 6 12 6 13 6 16 7 8 7 9 7 11 7 12 7 13 8 10 8 14 8 15 9 14 9 15 10 11 10 12 10 16 11 14 11 15 12 14 12 15 13 14 13 15
rmtf17_161 17 52 0 3 0 6 0 11 0 13 1 4 1 7 1 8 1 13 1 15 1 16 2 4 2 7 2 8 2 13 2 15 2 16 3 4 3 7 3 8 3 15 3 16 4 5 4 9 4 10 4 12 4 14 5 7 5 8 5 13 5 15 5 16 6 8 6 12 6 15 6 16 7 9 7 10 7 12 7 14 8 11 9 11 9 13 9 15 10 11 10 13 10 15 11 12 11 14 11 16 12 13 13 14 14 15
rmtf17_162 17 50 0 5 0 8 0 11 0 13 0 15 0 16 1 2 1 3 1 6 1 11 1 12 2 4 2 7 2 13 2 14 2 16 3 5 3 8 3 10 3 15 4 5 4 6 4 9 4 10 4 12 5 7 5 14 6 8 6 13 6 14 6 15 6 16 7 8 7 10 7 11 7 15 8 9 8 12 9 11 9 13 9 15 9 16 10 13 10 14 10 16 11 14 12 13 12 14 12 15 12 16
rmtf17_163 17 52 0 1 0 3 0 4 0 6 0 7 0 10 0 11 1 2 1 8 1 12 1 13 1 15 2 3 2 4 2 6 2 7 2 10 2 11 3 5 3 9 3 12 3 15 3 16 4 5 4 9 4 14 4 16 5 6 5 8 5 10 6 12 6 13 6 15 6 16 7 8 7 12 7 13 7 15 8 11 8 14 8 16 9 11 9 13 10 12 10 13 10 15 10 16 11 12 11 15 12 14 13 14 14 15
rmtf17_164 17 53 0 1 0 3 0 12 0 13 0 15 0 16 1 2 1 4 1 5 1 9 1 14 2 6 2 7 2 8 2 10 2 11 2 16 3 5 3 6 3 8 3 9 3 14 4 6 4 7 4 8 4 10 4 11 4 16 5 11 5 12 5 13 5 16 6 12 6 13 6 15 7 9 7 13 7 14 7 15 8 12 8 13 8 15 9 10 9 11 9 12 9 16 10 13 10 14 10 15 11 14 11 15 12 14 14 16
rmtf17_165 17 45 0 1 0 2 0 6 0 10 0 11 1 4 1 7 1 8 1 12 1 13 1 16 2 5 2 8 2 9 2 15 2 16 3 6 3 7 3 8 3 9 3 11 4 5 4 6 4 14 5 7 5 10 5 11 5 12 5 13 6 12 6 13 6 15 6 16 7 15 8 10 8 14 9 10 9 12 9 14 10 15 10 16 11 14 13 14 14 15 14 16
rmtf17_166 17 55 0 1 0 3 0 4 0 5 0 9 0 11 0 15 1 6 1 10 1 12 1 16 2 4 2 5 2 10 2 12 2 15 3 6 3 7 3 8 3 10 3 13 3 16 4 6 4 7 4 8 4 13 4 14 4 16 5 6 5 7 5 8 5 13 5 14 5 16 6 9 6 11 6 15 7 11 7 12 7 15 8 11 8 12 8 15 9 10 9 12 9 16 10 11 10 14 11 13 11 16 12 13 12 14 13 15 14 15 15 16
rmtf17_167 17 49 0 1 0 2 0 7 0 9 0 10 0 11 0 12 1 5 1 8 1 14 1 15 1 16 2 3 2 5 2 14 2 15 2 16 3 4 3 6 3 7 3 8 4 5 4 10 4 12 4 14 5 7 5 9 5 11 6 9 6 10 6 12 6 14 7 14 7 15 7 16 8 10 8 11 8 13 9 13 9 15 10 15 10 16 11 14 11 15 11 16 12 13 12 15 13 14 13 16
rmtf17_168 17 50 0 2 0 3 0 6 0 7 0 8 0 9 0 16 1 4 1 10 1 13 1 15 1 16 2 4 2 10 2 12 2 13 2 15 3 5 3 12 3 13 3 15 4 5 4 6 4 8 4 14 5 7 5 9 5 10 5 11 6 10 6 12 6 13 6 15 7 12 7 13 7 15 8 10 8 12 8 13 8 15 9 12 9 13 9 14 10 14 11 13 11 15 11 16 12 16 14 15 14 16
rmtf17_169 17 45 0 1 0 4 0 7 0 9 0 10 0 12 0 15 1 2 1 8 1 11 2 5 2 6 2 12 2 13 2 16 3 8 3 9 3 11 3 13 4 5 4 8 4 13 5 7 5 11 5 14 5 15 6 7 6 8 6 9 6 10 6 15 7 13 7 16 8 12 8 14 8 16 9 14 9 16 10 11 10 13 10 14 11 12 11 16 13 15 15 16
rmtf17_170 17 47 0 3 0 10 0 11 0 13 0 14 0 15 1 3 1 7 1 11 1 13 1 14 1 15 2 4 2 5 2 6 2 11 2 14 2 15 3 4 3 5 3 6 3 8 4 7 4 9 4 13 5 9 5 12 5 13 6 10 6 12 6 13 6 16 7 10 7 12 7 16 8 10 8 12 8 13 8 14 8 16 9 10 9 14 9 15 9 16 11 12 11 16 12 15
rmtf17_171 17 54 0 4 0 8 0 9 0 10 0 14 0 15 1 5 1 8 1 10 1 11 1 14 1 15 1 16 2 5 2 8 2 10 2 11 2 14 2 15 2 16 3 4 3 6 3 9 3 10 3 14 3 15 4 5 4 7 4 11 4 16 5 6 5 12 5 13 6 8 6 11 6 16 7 8 7 9 7 10 7 14 7 15 8 12 8 13 9 11 9 12 9 13 10 12 10 13 12 14 12 15 12 16 13 14 13 15 13 16
rmtf17_172 17 52 0 4 0 5 0 6 0 10 0 12 0 13 0 14 1 3 1 4 1 6 1 10 1 11 1 12 1 13 2 3 2 6 2 9 2 10 2 12 2 16 3 5 3 14 4 7 4 8 4 9 4 15 4 16 5 7 5 8 5 9 5 15 5 16 6 7 6 8 6 15 7 10 7 12 7 13 7 14 8 10 8 11 8 12 8 13 9 11 9 13 10 15 11 14 11 15 11 16 12 15 13 15 13 16
rmtf17_173 17 47 0 1 0 7 0 10 0 12 0 13 0 14 1 2 1 5 1 6 1 11 1 15 2 7 2 9 2 10 2 12 2 13 3 5 3 6 3 9 3 10 3 12 3 15 4 7 4 10 4 11 4 12 4 14 5 7 5 8 5 16 6 7 6 8 6 16 7 15 8 9 8 10 8 12 8 13 9 11 9 14 10 16 11 13 11 16 12 16 13 15 14 16 15 16
rmtf17_174 17 51 0 4 0 5 0 9 0 13 1 2 1 9 1 10 1 11 1 12 1 14 1 15 1 16 2 3 2 4 2 5 2 6 2 13 3 9 3 10 3 11 3 12 3 14 3 15 3 16 4 10 4 11 4 12 4 14 4 15 4 16 5 7 5 8 5 11 5 12 5 15 6 7 6 9 6 11 6 12 6 15 7 10 7 14 7 16 8 9 8 13 8 16 10 13 11 13 12 13 13 14 13 15
rmtf17_175 17 51 0 2 0 3 0 8 0 13 0 15 0 16 1 7 1 10 1 13 1 15 1 16 2 4 2 5 2 6 2 7 2 10 2 12 3 4 3 5 3 6 3 7 3 10 3 12 4 8 4 13 4 15 4 16 5 8 5 13 5 15 5 16 6 8 6 9 6 14 6 16 7 8 7 9 7 11 8 10 8 12 9 10 9 13 9 15 10 14 11 13 11 14 11 16 12 13 12 15 12 16 14 15
rmtf17_176 17 59 0 2 0 5 0 9 0 10 0 14 1 3 1 6 1 8 1 11 1 12 1 13 1 14 1 16 2 3 2 6 2 8 2 11 2 12 2 13 2 16 3 4 3 5 3 7 3 9 3 10 4 6 4 8 4 11 4 12 4 13 4 14 4 16 5 6 5 8 5 11 5 12 5 13 5 16 6 7 6 9 6 10 7 8 7 11 7 12 7 13 7 14 7 16 8 9 8 10 9 11 9 12 9 15 9 16 10 11 10 12 10 15 10 16 13 15 14 15
rmtf17_177 17 53 0 2 0 4 0 6 0 7 0 8 1 3 1 4 1 5 1 6 1 10 1 12 2 9 2 10 2 13 2 14 3 7 3 8 3 9 3 11 3 13 3 14 4 9 4 11 4 13 4 14 4 15 4 16 5 7 5 9 5 11 5 13 5 14 5 15 5 16 6 9 6 11 6 13 6 14 6 15 6 16 7 10 7 12 8 15 8 16 9 12 10 11 10 15 10 16 11 12 12 13 12 14 12 15 12 16
rmtf17_178 17 52 0 1 0 3 0 10 0 11 0 13 0 14 1 2 1 7 1 9 1 12 1 15 2 3 2 6 2 8 2 10 2 13 2 14 3 7 3 9 3 12 3 15 4 6 4 8 4 9 4 12 4 14 4 15 5 6 5 8 5 12 5 13 5 14 5 15 6 7 6 11 6 16 7 8 7 10 7 13 7 14 8 11 8 16 9 10 9 11 9 13 10 12 10 16 11 12 11 15 13 16 14 16 15 16
rmtf17_179 17 53 0 2 0 4 0 9 0 10 0 11 0 14 1 2 1 6 1 9 1 11 1 12 1 13 1 14 1 15 2 5 2 7 2 8 2 16 3 4 3 6 3 9 3 12 3 14 3 16 4 5 4 8 4 13 5 6 5 9 5 11 5 12 5 14 5 15 6 7 6 8 6 10 7 9 7 11 7 12 7 13 7 14 7 15 8 9 8 11 8 12 8 14 8 15 10 12 10 13 10 15 11 16 13 16 15 16
rmtf17_180 17 51 0 1 0 9 0 10 0 13 0 15 1 2 1 4 1 5 1 6 1 7 1 12 1 16 2 3 2 8 2 10 2 11 2 14 3 4 3 5 3 9 3 12 3 15 4 8 4 10 4 11 4 14 5 8 5 10 5 13 6 8 6 10 6 13 6 15 7 8 7 10 7 14 7 15 8 9 8 12 8 16 9 11 9 14 10 12 10 16 11 12 11 13 11 15 12 14 13 14 14 16 15 16
rmtf17_181 17 48 0 2 0 9 0 10 0 14 0 15 0 16 1 6 1 9 1 11 1 13 1 14 2 3 2 6 2 7 2 12 2 13 3 9 3 10 3 11 3 14 3 16 4 7 4 8 4 9 4 15 4 16 5 7 5 9 5 13 5 14 5 15 5 16 6 8 6 10 6 15 6 16 7 10 7 11 8 11 8 13 8 14 9 12 10 12 10 13 11 15 12 14 12 15 12 16
rmtf17_182 17 47 0 8 0 9 0 11 0 13 0 15 0 16 1 3 1 4 1 7 1 11 1 15 1 16 2 8 2 9 2 10 2 12 2 15 3 6 3 8 3 13 4 8 4 9 4 10 4 12 5 8 5 9 5 10 5 12 5 15 6 7 6 9 6 10 6 15 6 16 7 8 7 12 8 14 9 14 10 11 10 13 11 12 11 14 12 13 12 16 13 14 14 15 14 16
rmtf17_183 17 49 0 4 0 10 0 12 0 15 0 16 1 8 1 10 1 11 1 12 2 3 2 5 2 7 2 8 2 11 2 12 3 4 3 10 3 14 3 15 3 16 4 5 4 7 4 9 4 11 4 13 5 10 5 14 5 15 5 16 6 11 6 12 6 13 6 15 6 16 7 10 7 14 7 15 7 16 8 13 8 15 8 16 9 10 9 12 9 15 9 16 10 13 11 14 12 14 13 14
rmtf17_184 17 50 0 2 0 4 0 7 0 9 0 10 0 15 1 4 1 7 1 9 1 10 1 11 1 14 1 15 2 6 2 8 2 11 2 13 2 14 3 5 3 9 3 11 3 13 3 14 3 15 4 6 4 8 4 12 4 13 5 6 5 7 5 8 5 10 6 9 6 15 6 16 7 12 7 13 7 16 8 9 8 15 8 16 9 12 10 12 10 13 10 16 11 12 11 16 12 14 12 15 14 16
rmtf17_185 17 45 0 4 0 8 0 9 0 13 0 15 1 3 1 6 1 8 1 9 1 12 1 13 1 14 2 4 2 8 2 9 2 11 2 12 2 14 2 16 3 4 3 7 3 11 3 16 4 5 4 6 4 10 5 7 5 8 5 12 5 13 6 7 6 11 6 16 7 9 7 10 7 14 8 10 10 12 10 13 11 13 11 15 12 15 13 16 14 15 15 16
rmtf17_186 17 47 0 3 0 6 0 7 0 8 1 3 1 6 1 7 1 8 2 3 2 4 2 6 2 10 2 13 2 14 2 15 3 11 3 12 3 16 4 7 4 8 4 9 4 16 5 8 5 10 5 12 5 16 6 9 6 11 6 16 7 10 7 12 7 13 7 14 7 15 8 11 8 13 8 14 8 15 9 10 9 12 9 13 9 14 9 15 10 11 13 16 14 16 15 16
rmtf17_187 17 53 0 7 0 8 0 9 0 11 0 13 0 16 1 3 1 4 1 6 1 11 1 13 1 15 2 3 2 4 2 6 2 11 2 13 2 15 3 7 3 8 3 9 3 14 3 16 4 5 4 12 4 16 5 7 5 8 5 9 5 11 5 13 6 7 6 8 6 9 6 14 6 16 7 10 7 12 7 15 8 10 8 12 8 15 9 10 9 12 9 15 10 11 10 13 10 16 11 14 12 14 13 14 14 15 15 16
rmtf17_188 17 49 0 3 0 4 0 7 0 9 0 13 1 3 1 5 1 9 1 10 1 13 1 16 2 3 2 5 2 6 2 9 2 10 2 16 3 11 3 12 3 14 3 15 4 5 4 8 4 10 4 12 5 7 5 11 5 14 5 15 6 11 6 12 6 13 7 10 7 12 7 16 8 11 8 13 8 16 9 11 9 12 9 14 9 15 10 11 10 14 10 15 13 14 13 15 14 16 15 16
rmtf17_189 17 50 0 2 0 3 0 5 0 6 1 2 1 6 1 7 1 8 1 15 2 4 2 10 2 12 3 7 3 14 3 15 4 8 4 9 4 11 4 13 4 15 4 16 5 8 5 9 5 10 5 11 5 13 5 15 5 16 6 9 6 10 6 11 6 13 6 16 7 9 7 10 7 11 7 13 7 16 8 12 8 14 9 12 9 14 10 14 11 12 11 14 12 13 12 15 12 16 13 14 14 16
rmtf17_190 17 47 0 1 0 8 0 10 0 16 1 3 1 6 1 9 1 14 2 5 2 7 2 9 2 10 2 11 2 16 3 4 3 5 3 7 3 11 3 13 4 8 4 10 4 16 5 6 5 8 5 12 5 15 6 7 6 10 6 11 6 16 7 8 7 12 7 14 8 9 8 11 9 12 9 13 9 15 10 12 10 13 10 14 11 12 11 14 12 16 13 16 14 15 15 16
rmtf17_191 17 47 0 1 0 3 0 5 0 8 0 15 0 16 1 9 1 13 1 14 2 3 2 5 2 8 2 14 2 16 3 4 3 7 3 11 3 12 3 13 4 6 4 10 4 14 4 16 5 6 5 7 5 11 5 12 6 9 6 13 6 15 7 9 7 10 7 15 7 16 8 9 8 10 9 11 9 12 10 11 10 12 10 13 11 14 11 16 12 14 12 16 13 16 14 15
rmtf17_192 17 52 0 1 0 2 0 6 0 8 0 10 0 15 1 5 1 9 1 11 1 12 1 13 1 14 2 3 2 5 2 7 2 11 2 12 2 13 2 14 3 4 3 6 3 8 3 9 3 15 4 5 4 7 4 10 4 12 4 14 5 6 5 8 5 15 6 7 6 11 6 14 6 16 7 8 7 9 7 15 8 11 8 14 8 16 9 10 9 16 10 11 10 13 11 15 12 15 12 16 13 15 13 16 14 15
rmtf17_193 17 57 0 1 0 8 0 9 0 10 0 14 0 15 1 3 1 4 1 5 1 7 1 11 2 3 2 4 2 7 2 8 2 9 2 10 2 11 2 15 3 6 3 13 3 14 3 16 4 6 4 13 4 14 4 16 5 8 5 9 5 10 5 14 5 15 6 7 6 8 6 9 6 10 6 11 6 15 7 13 7 14 7 16 8 12 8 13 8 16 9 12 9 13 9 16 10 12 10 13 10 16 11 12 11 13 11 16 12 14 12 15 13 15 15 16
rmtf17_194 17 52 0 3 0 8 0 9 0 10 0 12 0 13 0 14 1 3 1 5 1 6 1 8 1 9 1 12 1 13 1 14 2 3 2 4 2 10 2 12 2 13 2 14 3 7 3 11 3 15 4 5 4 6 4 8 4 9 4 16 5 10 5 11 5 15 6 10 6 11 6 15 7 8 7 9 7 10 7 12 7 13 7 16 8 11 8 15 9 11 9 15 11 12 11 13 11 14 12 15 13 15 14 15 14 16
rmtf17_195 17 49 0 2 0 3 0 12 0 13 0 14 1 2 1 4 1 6 1 8 1 14 1 15 2 7 2 9 2 10 3 4 3 7 3 8 3 11 3 16 4 5 4 9 4 10 4 12 4 13 5 7 5 8 5 11 5 14 5 16 6 11 6 13 6 16 7 12 7 13 8 9 8 10 8 12 8 13 9 11 9 14 9 16 10 11 10 14 10 16 11 12 11 15 12 16 13 15 15 16
rmtf17_196 17 65 0 6 0 7 0 10 0 11 0 14 1 2 1 3 1 5 1 7 1 10 1 11 1 14 1 15 2 4 2 6 2 8 2 9 2 12 2 13 2 16 3 4 3 6 3 8 3 9 3 12 3 13 3 16 4 5 4 7 4 10 4 11 4 14 4 15 5 6 5 8 5 9 5 12 5 13 5 16 6 15 7 8 7 9 7 12 7 13 7 16 8 10 8 11 8 14 8 15 9 10 9 11 9 14 9 15 10 12 10 13 10 16 11 12 11 13 11 16 12 14 12 15 13 14 13 15 14 16 15 16
rmtf17_197 17 52 0 2 0 5 0 6 0 7 0 12 0 15 1 2 1 4 1 5 1 8 1 13 2 3 2 9 2 10 2 14 3 4 3 7 3 13 3 16 4 6 4 9 4 10 4 12 4 14 4 15 5 10 5 11 5 16 6 8 6 11 6 13 6 16 7 8 7 11 8 9 8 10 8 12 8 14 8 15 9 11 9 13 9 16 10 13 11 12 11 14 11 15 12 13 12 16 13 14 13 15 14 16 15 16
rmtf17_198 17 46 0 1 0 5 0 6 0 8 0 12 0 16 1 3 1 13 1 14 2 5 2 7 2 8 2 9 2 14 2 15 2 16 3 6 3 9 3 11 4 5 4 7 4 8 4 9 4 14 4 15 4 16 5 10 5 11 6 7 6 10 6 14 6 15 7 12 7 13 8 11 8 13 9 12 9 13 10 12 10 13 10 16 11 12 11 16 12 14 12 15 13 15
rmtf17_199 17 54 0 2 0 3 0 12 0 13 0 14 0 15 0 16 1 6 1 9 1 10 1 14 2 4 2 5 2 7 2 8 2 10 2 11 3 4 3 5 3 6 3 8 3 10 4 12 4 13 4 14 4 15 4 16 5 9 5 13 5 14 5 15 5 16 6 7 6 11 6 12 6 15 7 9 7 13 7 14 7 16 8 12 8 13 8 14 8 15 8 16 9 11 9 12 10 12 10 13 10 15 10 16 11 13 11 14 11 16
rmtf17_200 17 55 0 1 0 2 0 4 0 8 0 9 0 13 0 14 1 3 1 5 1 7 1 10 1 11 1 16 2 3 2 5 2 7 2 11 2 12 2 16 3 4 3 8 3 9 3 13 3 14 4 6 4 7 4 10 4 11 4 16 5 6 5 8 5 9 5 13 5 14 6 12 6 15 7 8 7 9 7 13 7 14 8 11 8 12 8 15 9 11 9 12 9 16 10 12 10 13 10 15 11 13 11 14 12 14 13 16 14 16 15 16
rmtf17_201 17 52 0 3 0 4 0 6 0 8 0 13 0 14 0 15 1 3 1 4 1 9 1 13 1 14 1 15 2 3 2 6 2 8 2 13 2 14 2 16 3 7 3 10 3 11 3 12 4 5 4 12 4 16 5 6 5 8 5 10 5 14 5 15 6 7 6 9 6 11 6 12 7 8 7 13 7 14 7 16 8 9 8 11 8 12 9 16 10 13 10 16 11 13 11 14 11 16 12 13 12 14 12 15 15 16
rmtf17_202 17 49 0 1 0 9 0 10 0 13 0 14 1 2 1 3 1 6 1 7 1 8 1 12 2 5 2 9 2 10 2 13 3 9 3 10 3 14 3 15 4 5 4 10 4 11 4 12 4 13 4 16 5 6 5 14 5 15 6 10 6 11 6 13 6 16 7 9 7 10 7 14 7 15 8 10 8 11 8 13 8 14 9 11 9 12 9 16 11 15 12 14 12 15 13 15 14 16 15 16
rmtf17_203 17 47 0 2 0 4 0 7 0 11 0 13 0 14 1 4 1 9 1 11 1 12 1 14 2 5 2 12 2 16 3 5 3 6 3 10 3 11 3 13 4 5 4 8 4 15 4 16 5 9 5 14 6 7 6 12 6 14 6 16 7 8 7 9 7 10 7 15 8 11 8 12 8 13 8 14 9 13 10 12 10 14 10 16 11 15 11 16 12 15 13 15 13 16 14 15
rmtf17_204 17 51 0 1 0 8 0 12 0 13 0 15 0 16 1 2 1 4 1 6 1 7 1 10 1 11 2 3 2 8 2 12 2 14 2 16 3 4 3 5 3 6 3 7 3 9 3 15 4 8 4 12 4 13 4 16 5 10 5 11 5 13 6 8 6 12 6 14 6 16 7 8 7 12 7 13 7 16 8 10 8 11 9 10 9 13 9 16 10 12 10 14 10 15 11 12 11 14 11 15 11 16 13 14
rmtf17_205 17 45 0 4 0 6 0 10 0 11 0 14 1 2 1 4 1 6 1 14 1 16 2 7 2 8 2 9 2 10 2 13 3 6 3 7 3 12 3 14 3 16 4 5 4 12 4 13 5 7 5 8 5 9 5 10 5 14 5 15 6 8 6 9 6 15 7 11 8 11 8 12 9 11 9 12 10 12 10 16 11 13 11 16 12 15 13 14 13 15 15 16
rmtf17_206 17 54 0 1 0 3 0 4 0 5 0 6 0 9 0 12 1 2 1 7 1 8 1 11 1 13 1 16 2 3 2 4 2 5 2 6 2 9 2 12 3 7 3 11 3 13 3 14 3 15 4 7 4 11 4 13 4 14 4 16 5 7 5 11 5 13 5 14 5 15 6 7 6 8 6 11 6 13 6 16 7 9 7 12 8 14 8 15 9 11 9 13 9 14 9 16 10 12 10 14 10 16 11 12 12 13 12 15 15 16
rmtf17_207 17 48 0 1 0 4 0 7 0 10 0 11 0 16 1 2 1 5 1 6 1 8 1 13 1 15 2 4 2 7 2 10 2 11 2 16 3 4 3 6 3 7 3 10 3 11 4 5 4 8 4 13 4 14 5 9 5 10 5 11 5 16 6 12 6 16 7 8 7 9 7 13 7 15 8 12 8 16 9 12 9 14 10 12 10 15 11 12 11 14 12 13 13 16 14 15 14 16
rmtf17_208 17 50 0 3 0 6 0 8 0 10 0 12 0 14 1 3 1 6 1 10 1 12 1 13 1 16 2 3 2 6 2 10 2 12 2 13 2 16 3 5 3 7 3 9 3 11 4 6 4 9 4 12 4 13 4 16 5 6 5 14 5 15 5 16 6 7 6 11 7 10 7 12 7 14 7 16 8 9 8 15 8 16 9 10 9 14 10 11 10 15 11 12 11 13 11 16 12 15 13 14 13 15
rmtf17_209 17 55 0 3 0 9 0 11 0 14 1 2 1 4 1 5 1 6 1 7 1 9 1 11 1 13 2 3 2 10 2 12 2 15 2 16 3 4 3 5 3 6 3 7 3 8 3 13 4 12 4 14 4 15 4 16 5 10 5 12 5 15 5 16 6 10 6 12 6 15 6 16 7 12 7 14 7 15 7 16 8 9 8 11 8 14 9 10 9 12 9 15 9 16 10 11 10 14 11 12 11 15 11 16 12 13 13 14 13 15 13 16
rmtf17_210 17 48 0 2 0 3 0 7 0 12 1 3 1 7 1 8 1 12 1 15 2 5 2 8 2 9 2 11 2 15 3 4 3 6 3 10 3 11 3 14 4 5 4 7 4 8 4 9 4 15 5 6 5 10 5 12 5 14 5 16 6 9 6 13 7 10 7 13 7 16 8 10 8 13 8 16 9 10 9 12 9 14 9 16 10 15 11 12 11 16 12 13 13 14 13 15 15 16
rmtf17_211 17 48 0 2 0 5 0 8 0 10 0 11 0 13 1 2 1 4 1 5 1 8 1 10 1 13 1 15 2 6 2 12 2 14 2 16 3 7 3 8 3 10 3 11 3 12 3 14 4 7 4 9 4 11 4 12 5 6 5 7 5 9 5 12 6 8 6 10 6 11 6 13 7 13 7 15 7 16 8 9 9 10 9 13 9 14 9 16 11 15 11 16 12 13 12 15 14 15
rmtf17_212 17 48 0 3 0 5 0 7 0 8 0 11 0 16 1 5 1 6 1 7 1 11 1 12 1 15 2 7 2 10 2 12 2 13 2 14 2 15 2 16 3 4 3 9 3 10 3 12 3 13 4 5 4 7 4 14 4 15 4 16 5 9 5 10 5 13 6 10 6 13 6 14 6 16 7 9 8 10 8 12 8 13 8 14 8 15 9 11 9 15 9 16 10 11 11 13 11 14
rmtf17_213 17 49 0 3 0 4 0 5 0 10 0 13 0 15 1 3 1 4 1 5 1 10 1 13 1 15 2 3 2 4 2 5 2 10 2 13 2 15 3 6 3 11 3 12 3 14 4 8 4 9 4 14 4 16 5 7 5 8 5 9 5 16 6 7 6 8 6 9 6 10 7 13 7 14 8 13 8 15 9 11 9 12 10 12 10 14 10 16 11 13 11 15 11 16 12 13 12 15 14 15
rmtf17_214 17 46 0 1 0 2 0 6 0 13 0 16 1 4 1 10 1 11 1 12 2 5 2 7 2 9 2 12 2 15 3 11 3 13 3 14 3 15 4 5 4 7 4 9 4 15 5 8 5 13 5 14 6 7 6 9 6 14 6 15 7 10 7 11 7 13 7 16 8 10 8 11 8 12 8 15 8 16 9 10 9 11 9 13 9 16 10 14 12 13 12 14 14 16
rmtf17_215 17 52 0 9 0 10 0 11 0 13 0 14 0 15 0 16 1 9 1 10 1 11 1 13 1 14 1 15 1 16 2 9 2 10 2 11 2 12 2 13 2 14 2 15 3 6 3 9 3 12 3 13 3 14 3 15 4 5 4 7 4 8 4 15 4 16 5 9 5 10 5 11 5 12 5 13 5 14 6 7 6 8 6 10 6 11 6 16 7 9 7 12 7 13 7 14 8 9 8 12 8 13 8 14 12 16
rmtf17_216 17 50 0 3 0 9 0 10 0 12 0 16 1 3 1 5 1 9 1 11 1 12 1 16 2 5 2 7 2 11 2 12 2 15 2 16 3 7 3 8 3 13 3 14 3 15 4 7 4 11 4 13 4 15 4 16 5 6 5 8 5 10 5 13 6 9 6 11 6 12 6 15 6 16 7 9 7 10 8 9 8 11 8 12 8 16 9 13 9 14 10 11 10 14 10 15 12 13 12 14 14 16
rmtf17_217 17 52 0 2 0 3 0 5 0 6 0 12 0 14 1 2 1 3 1 5 1 6 1 11 1 14 2 7 2 9 2 10 2 15 2 16 3 4 3 8 3 15 4 5 4 7 4 9 4 10 4 11 5 8 5 13 6 7 6 9 6 10 6 15 6 16 7 8 7 12 7 13 7 14 8 9 8 10 8 16 9 12 9 13 9 14 10 12 10 13 10 14 11 12 11 15 11 16 13 15 13 16 14 15 14 16
rmtf17_218 17 50 0 2 0 5 0 6 0 11 0 13 0 14 1 6 1 7 1 13 1 16 2 3 2 4 2 7 2 10 2 16 3 5 3 6 3 8 3 11 3 14 4 5 4 6 4 8 4 11 4 12 5 7 5 9 5 10 5 15 6 9 6 10 6 15 7 8 7 11 7 14 8 9 8 10 8 13 8 15 9 11 9 14 9 16 10 11 10 12 11 15 12 13 12 14 12 16 14 15 15 16
rmtf17_219 17 64 0 2 0 3 0 4 0 6 0 7 0 10 0 11 1 2 1 3 1 4 1 6 1 7 1 10 1 11 2 5 2 8 2 9 2 12 2 13 2 14 2 15 3 8 3 9 3 12 3 13 3 14 3 15 3 16 4 8 4 9 4 12 4 13 4 14 4 15 4 16 5 6 5 10 5 11 5 16 6 8 6 9 6 12 6 13 6 14 6 15 7 8 7 9 7 12 7 13 7 14 7 15 7 16 8 10 8 11 9 10 9 11 10 12 10 13 10 14 10 15 11 12 11 13 11 14 11 15
rmtf17_220 17 49 0 1 0 4 0 6 0 12 0 16 1 5 1 8 1 10 1 11 1 14 1 15 2 4 2 6 2 12 2 15 2 16 3 4 3 5 3 7 3 9 3 10 3 13 4 8 4 11 4 14 5 6 5 12 5 16 6 10 6 11 6 13 6 14 7 8 7 12 7 14 7 15 7 16 8 9 8 13 9 11 9 12 9 14 9 15 10 12 10 16 11 16 12 13 13 15 13 16
rmtf17_221 17 55 0 2 0 3 0 7 0 9 0 13 0 14 1 2 1 8 1 9 1 11 1 14 1 15 2 4 2 6 2 10 2 12 2 16 3 5 3 6 3 8 3 10 3 11 3 15 4 8 4 9 4 11 4 14 4 15 5 7 5 9 5 13 5 14 5 16 6 7 6 9 6 13 6 14 7 8 7 10 7 11 7 15 8 12 8 13 8 16 9 10 9 12 10 13 10 14 11 12 11 13 11 16 12 14 12 15 13 15 15 16
rmtf17_222 17 53 0 4 0 7 0 8 0 9 0 10 0 14 0 16 1 3 1 4 1 5 1 8 1 10 1 13 1 15 1 16 2 3 2 4 2 5 2 8 2 10 2 13 2 15 2 16 3 7 3 9 3 11 3 14 4 6 4 11 4 12 5 9 5 11 5 12 5 14 6 8 6 9 6 10 6 14 6 15 6 16 7 12 7 15 8 11 8 12 9 13 10 11 10 12 11 13 11 15 11 16 12 13 12 16 13 14
rmtf17_223 17 48 0 1 0 2 0 4 0 5 0 6 0 13 1 8 1 9 1 10 1 16 2 3 2 7 2 8 2 10 2 12 2 15 3 4 3 9 3 13 3 14 3 16 4 10 4 11 4 12 5 9 5 11 5 14 5 16 6 7 6 8 6 10 6 16 7 9 7 11 7 14 8 11 8 14 9 12 9 15 10 13 10 14 11 13 11 15 12 13 12 14 12 16 14 15 15 16
rmtf17_224 17 47 0 2 0 3 0 7 0 8 0 9 0 10 1 3 1 6 1 9 1 10 1 13 2 4 2 6 2 12 2 15 3 5 3 11 3 12 3 14 3 15 4 11 4 13 4 14 5 6 5 9 5 10 5 13 6 7 6 14 6 16 7 11 7 12 7 15 8 13 8 14 8 16 9 14 9 15 9 16 10 11 10 12 10 14 10 15 11 16 12 13 12 16 13 15
rmtf17_225 17 52 0 1 0 2 0 3 0 4 0 6 0 10 0 16 1 8 1 9 1 11 1 14 1 15 2 9 2 11 2 12 2 14 2 15 3 7 3 11 3 12 3 14 3 15 4 7 4 11 4 12 4 14 4 15 5 9 5 10 5 11 5 12 5 14 5 16 6 7 6 8 6 11 6 14 6 15 7 9 7 10 7 16 8 10 8 12 8 16 9 13 10 13 10 15 11 13 12 13 13 14 13 16 15 16
rmtf17_226 17 51 0 3 0 6 0 8 0 10 0 15 0 16 1 2 1 3 1 6 1 9 1 15 1 16 2 7 2 8 2 11 2 14 3 4 3 5 3 7 3 11 3 12 3 13 4 8 4 10 4 14 4 15 4 16 5 9 5 14 5 15 5 16 6 7 6 11 6 12 6 14 7 10 7 15 7 16 8 9 8 12 9 10 9 11 9 13 10 12 11 15 11 16 12 15 12 16 13 14 13 15 13 16
rmtf17_227 17 45 0 1 0 4 0 5 0 8 0 14 1 2 1 9 1 10 1 12 1 15 2 5 2 7 2 11 3 4 3 11 3 12 3 15 3 16 4 7 4 10 5 6 5 13 5 16 6 7 6 10 6 11 6 12 7 8 7 9 7 15 8 10 8 11 8 12 8 16 9 13 9 16 10 13 10 14 11 13 11 14 12 13 12 14 13 15 14 15 14 16
rmtf17_228 17 58 0 3 0 4 0 7 0 8 0 11 0 12 0 13 1 2 1 4 1 5 1 8 1 11 1 12 1 13 2 7 2 10 2 14 2 15 3 5 3 6 3 9 3 10 3 14 4 6 4 9 4 10 4 14 4 15 4 16 5 15 5 16 6 7 6 8 6 11 6 12 6 13 7 9 7 16 8 9 8 10 8 14 8 15 8 16 9 11 9 12 9 13 10 11 10 12 10 13 11 14 11 15 11 16 12 14 12 15 12 16 13 14 13 15 13 16
rmtf17_229 17 52 0 4 0 8 0 9 0 12 0 13 0 15 1 2 1 4 1 10 1 12 1 14 1 15 2 3 2 8 2 9 2 11 2 16 3 4 3 7 3 10 3 12 3 14 4 5 4 6 4 16 5 8 5 9 5 11 5 13 5 15 6 8 6 9 6 11 6 13 6 15 7 8 7 9 7 11 7 13 7 15 8 10 8 14 9 10 9 14 10 11 10 16 11 12 11 14 12 16 13 14 13 16 15 16
rmtf17_230 17 59 0 1 0 2 0 3 0 4 0 6 0 8 0 11 0 16 1 5 1 7 1 10 1 12 1 13 1 15 2 5 2 7 2 10 2 12 2 13 2 15 3 5 3 7 3 9 3 10 3 12 3 14 4 5 4 7 4 9 4 10 4 12 4 15 5 6 5 8 5 11 5 16 6 7 6 10 6 12 6 13 6 15 7 8 7 11 7 16 8 10 8 12 8 13 8 15 9 13 9 16 10 11 10 16 11 12 11 13 11 15 12 16 13 14 14 15 14 16
rmtf17_231 17 46 0 2 0 6 0 9 0 12 0 14 1 2 1 3 1 5 1 10 1 15 2 4 2 7 2 11 2 13 3 4 3 7 3 11 3 13 3 14 4 6 4 9 4 12 4 16 5 8 5 9 5 11 5 12 5 14 6 8 6 11 6 15 7 8 7 9 7 12 7 16 8 10 9 13 10 11 10 12 10 13 10 14 11 16 12 15 13 15 14 16 15 16
rmtf17_232 17 49 0 2 0 11 0 13 0 15 1 4 1 8 1 9 1 12 1 13 1 14 2 3 2 6 2 8 2 12 2 14 3 4 3 5 3 9 3 10 4 6 4 7 4 11 4 16 5 6 5 7 5 11 5 14 6 13 6 15 7 8 7 9 7 12 7 13 8 10 8 11 8 15 8 16 9 11 9 15 9 16 10 12 10 13 10 14 11 12 12 15 12 16 13 16 14 15 14 16
rmtf17_233 17 55 0 1 0 2 0 3 0 6 0 7 0 8 0 10 0 11 0 14 1 9 1 12 1 13 1 15 1 16 2 9 2 12 2 13 2 15 2 16 3 4 3 9 3 12 3 16 4 5 4 6 4 7 4 13 4 15 5 8 5 14 5 16 6 9 6 12 6 16 7 9 7 12 7 16 8 9 8 12 8 13 8 15 9 10 9 11 9 14 10 12 10 13 10 15 10 16 11 12 11 13 11 15 11 16 12 14 13 14 14 15
rmtf17_234 17 54 0 2 0 4 0 5 0 7 0 9 0 11 0 13 1 2 1 5 1 7 1 10 1 12 1 16 2 3 2 6 2 8 2 14 2 15 3 5 3 7 3 10 3 12 3 16 4 10 4 12 4 15 4 16 5 6 5 8 5 14 5 15 6 7 6 9 6 10 6 11 6 12 7 8 7 14 7 15 8 9 8 10 8 11 8 12 9 15 9 16 10 13 10 14 11 15 11 16 12 13 12 14 13 15 13 16 14 16
rmtf17_235 17 46 0 7 0 10 0 11 0 12 0 13 0 16 1 6 1 10 1 14 1 16 2 4 2 6 2 11 2 12 2 15 2 16 3 6 3 8 3 9 3 11 3 15 4 9 4 10 4 13 4 14 5 6 5 8 5 9 5 11 5 15 6 7 6 13 7 8 7 9 7 15 8 10 8 12 8 13 8 16 9 12 9 16 10 15 11 14 12 14 13 15 14 15
rmtf17_236 17 49 0 1 0 2 0 8 0 9 0 11 0 14 0 15 1 4 1 7 1 10 1 12 1 16 2 4 2 7 2 12 2 13 2 16 3 4 3 6 3 7 3 11 3 13 4 8 4 9 4 14 4 15 5 7 5 9 5 11 5 16 6 9 6 10 6 12 6 15 6 16 7 8 7 14 7 15 8 10 8 12 8 16 9 13 10 11 10 13 11 12 12 14 13 14 13 15 14 16
rmtf17_237 17 49 0 1 0 5 0 7 0 8 0 12 1 4 1 10 1 11 1 13 1 16 2 5 2 8 2 10 2 11 2 14 2 16 3 4 3 5 3 7 3 10 3 11 3 13 3 16 4 6 4 8 4 14 5 6 5 9 5 15 6 7 6 12 6 13 6 16 7 14 7 15 8 9 8 15 9 10 9 11 9 14 9 16 10 12 10 15 11 12 11 15 12 14 13 14 13 15 15 16
rmtf17_238 17 54 0 3 0 4 0 5 0 6 0 8 0 9 0 16 1 3 1 4 1 5 1 6 1 8 1 9 1 16 2 3 2 4 2 6 2 8 2 9 2 15 2 16 3 7 3 11 3 13 4 7 4 11 4 13 5 10 5 11 5 13 5 15 6 10 6 11 6 12 6 14 7 10 7 12 7 14 8 10 8 11 8 12 8 14 9 10 9 11 9 12 9 14 10 16 11 16 12 13 12 15 12 16 13 14 14 15 14 16
rmtf17_239 17 50 0 7 0 8 0 9 0 12 0 13 1 2 1 5 1 6 1 7 1 9 1 13 2 4 2 10 2 12 2 14 3 7 3 8 3 10 3 11 3 12 3 16 4 6 4 7 4 8 4 9 4 11 4 16 5 8 5 10 5 11 5 12 5 16 6 10 6 12 6 14 7 14 7 15 8 14 8 15 9 10 9 14 9 15 10 13 11 13 11 14 11 15 12 15 13 16 14 16 15 16
rmtf17_240 17 49 0 7 0 9 0 11 0 13 0 15 0 16 1 3 1 6 1 7 1 8 1 9 1 13 2 6 2 7 2 9 2 11 2 13 2 16 3 10 3 11 3 14 4 6 4 7 4 8 4 9 4 10 5 7 5 9 5 11 5 13 5 15 5 16 6 12 6 15 7 12 7 14 8 11 8 15 8 16 9 12 9 14 10 12 10 13 10 15 11 12 12 16 13 14 14 15 14 16
rmtf17_241 17 48 0 4 0 9 0 13 0 14 0 16 1 2 1 6 1 7 1 8 1 9 1 13 2 4 2 5 2 11 2 12 3 4 3 6 3 7 3 8 3 9 3 13 4 10 4 15 5 6 5 7 5 8 5 9 5 13 6 14 6 15 6 16 7 10 7 12 7 14 7 15 8 14 8 15 8 16 9 11 9 12 9 15 10 11 10 16 11 13 11 14 12 13 12 16 13 15
rmtf17_242 17 45 0 8 0 9 0 10 0 15 0 16 1 4 1 9 1 13 1 16 2 3 2 7 2 10 2 13 2 16 3 6 3 9 3 11 3 14 4 6 4 7 4 8 4 10 5 6 5 7 5 10 5 13 6 12 6 15 6 16 7 9 7 11 7 14 8 11 8 13 8 14 9 12 10 11 10 12 10 14 11 15 11 16 12 13 13 15 14 15 14 16
rmtf17_243 17 49 0 1 0 5 0 10 0 11 0 12 0 16 1 3 1 7 1 14 1 15 2 7 2 10 2 11 2 12 2 14 2 15 3 4 3 5 3 10 3 11 3 16 4 9 4 12 4 14 4 15 5 7 5 8 5 14 6 7 6 10 6 11 6 12 6 14 6 15 7 9 7 13 8 10 8 11 8 12 8 15 9 10 9 11 9 16 10 13 11 13 12 13 13 14 13 16 15 16
rmtf17_244 17 50 0 2 0 4 0 6 0 7 0 8 0 12 1 9 1 12 1 15 2 3 2 5 2 9 2 11 2 13 2 16 3 6 3 8 3 12 3 14 3 15 4 9 4 11 4 13 4 15 5 6 5 8 5 12 5 14 5 15 6 9 6 11 6 13 6 16 7 11 7 13 7 14 7 15 8 9 8 10 8 16 9 14 10 11 10 13 10 14 10 15 11 12 12 13 12 16 14 16 15 16
rmtf17_245 17 48 0 4 0 5 0 9 0 10 0 14 1 5 1 7 1 9 1 13 1 14 2 4 2 8 2 10 2 12 2 14 2 15 3 4 3 8 3 9 3 11 4 6 4 7 4 13 4 16 5 8 5 11 5 15 6 8 6 9 6 10 6 14 7 8 7 10 7 12 7 15 8 13 8 16 9 12 9 15 9 16 10 11 10 13 10 16 11 12 11 14 12 13 13 15 14 16
rmtf17_246 17 57 0 2 0 3 0 9 0 10 0 11 0 12 0 14 1 2 1 3 1 6 1 7 1 9 1 11 1 12 1 14 2 4 2 5 2 8 2 13 2 16 3 4 3 5 3 8 3 13 3 16 4 6 4 7 4 9 4 11 4 12 4 15 5 6 5 7 5 9 5 11 5 12 5 15 6 10 6 13 6 16 7 10 7 13 7 16 8 9 8 10 8 11 8 12 8 15 9 13 9 16 11 13 11 16 12 13 12 16 13 15 14 15 15 16
rmtf17_247 17 49 0 8 0 10 0 11 0 13 0 16 1 2 1 3 1 7 1 11 1 12 1 13 1 14 1 15 2 5 2 8 2 10 2 16 3 4 3 5 3 8 3 9 3 16 4 6 4 10 4 13 4 15 5 7 5 11 5 12 5 13 5 14 5 15 6 7 6 8 6 11 6 16 7 10 8 12 8 14 8 15 9 10 9 11 9 13 9 15 10 12 10 14 12 16 14 16 15 16
rmtf17_248 17 49 0 6 0 8 0 9 0 12 0 16 1 2 1 6 1 8 1 9 1 12 1 14 2 5 2 7 2 13 2 15 2 16 3 8 3 9 3 12 3 13 3 15 3 16 4 8 4 11 4 12 4 15 5 6 5 10 5 11 5 12 5 14 6 7 6 13 6 15 7 8 7 9 7 12 7 14 8 10 9 10 9 11 10 13 10 15 10 16 11 13 11 16 13 14 14 15 14 16
rmtf17_249 17 50 0 3 0 6 0 7 0 8 0 13 0 15 0 16 1 3 1 6 1 8 1 9 1 13 1 15 2 5 2 9 2 11 2 15 3 5 3 10 3 11 3 12 4 6 4 7 4 11 4 15 4 16 5 6 5 7 5 8 5 13 5 16 6 10 6 12 6 14 7 9 7 14 8 10 8 11 8 12 9 10 9 12 9 16 10 13 10 15 11 13 11 14 12 13 12 15 14 15 14 16
rmtf18_0 18 57 0 1 0 6 0 8 0 9 0 10 0 16 1 3 1 5 1 7 1 14 1 17 2 7 2 8 2 9 2 10 2 15 3 8 3 9 3 10 3 15 4 5 4 6 4 7 4 8 4 14 4 16 4 17 5 10 5 11 5 12 5 13 5 15 6 11 6 12 6 13 6 15 7 11 7 12 7 13 8 11 8 12 8 13 9 11 9 13 9 17 10 14 10 17 11 14 11 16 12 14 12 16 12 17 13 14 13 16 14 15 15 16 15 17
rmtf18_1 18 52 0 1 0 5 0 10 0 11 0 17 1 2 1 8 1 12 1 13 2 4 2 5 2 10 2 11 2 14 3 5 3 8 3 10 3 11 3 13 4 7 4 9 4 12 4 13 4 16 4 17 5 6 5 7 5 12 5 16 6 9 6 10 6 13 6 17 7 8 7 10 7 11 7 14 8 9 8 15 8 16 8 17 9 11 9 14 10 15 10 16 11 15 11 16 12 15 13 14 14 15 14 16 14 17
rmtf18_2 18 55 0 3 0 5 0 6 0 8 0 10 0 13 0 14 0 17 1 4 1 6 1 8 1 9 1 14 1 17 2 3 2 5 2 8 2 10 2 14 2 16 2 17 3 9 3 11 3 12 3 15 4 5 4 10 4 12 4 16 5 9 5 11 5 15 6 12 6 15 6 16 7 8 7 9 7 12 7 14 7 16 7 17 8 11 8 15 9 10 9 13 10 11 10 15 11 14 11 16 11 17 12 13 13 15 13 16 14 15 15 17
rmtf18_3 18 56 0 1 0 2 0 4 0 7 0 10 0 11 0 15 1 8 1 9 1 12 1 14 1 16 2 3 2 5 2 6 2 12 2 14 2 16 3 8 3 11 3 13 3 17 4 8 4 9 4 12 4 13 4 16 5 7 5 8 5 9 5 11 5 13 6 7 6 8 6 9 6 11 6 13 7 12 7 14 7 16 7 17 8 10 8 15 9 15 9 17 10 12 10 13 10 16 10 17 11 12 11 14 11 16 12 15 13 14 14 15 15 16
rmtf18_4 18 53 0 1 0 4 0 10 0 12 0 13 0 16 1 2 1 5 1 6 1 9 1 11 1 17 2 3 2 4 2 13 2 14 3 7 3 11 3 12 3 15 3 16 4 6 4 7 4 8 5 7 5 13 5 14 5 15 5 16 6 13 6 14 6 15 6 16 7 9 7 10 7 17 8 10 8 11 8 12 8 16 8 17 9 12 9 13 9 15 9 16 10 14 10 15 11 13 11 14 12 14 13 17 14 17 15 17
rmtf18_5 18 53 0 2 0 7 0 11 0 16 1 5 1 9 1 10 1 13 1 16 2 3 2 5 2 6 2 8 2 10 3 4 3 7 3 9 3 16 4 5 4 6 4 8 4 10 4 11 5 7 5 12 5 14 5 15 5 17 6 7 6 9 6 14 6 15 7 10 7 13 8 9 8 13 8 14 9 11 9 12 9 17 10 12 10 14 10 15 10 17 11 13 11 14 12 13 12 16 13 15 13 17 14 16 15 16 16 17
rmtf18_6 18 55 0 1 0 2 0 3 0 4 0 5 0 7 0 10 0 17 1 6 1 9 1 12 1 15 2 6 2 8 2 13 2 14 2 16 3 6 3 9 3 12 3 15 4 6 4 9 4 12 4 15 5 6 5 9 5 11 5 13 5 16 6 7 6 10 6 17 7 9 7 11 7 12 7 16 8 9 8 12 8 15 9 10 9 14 9 17 10 11 10 12 10 16 11 14 11 15 11 17 12 13 12 14 13 15 13 17 15 16 16 17
rmtf18_7 18 55 0 1 0 2 0 5 0 7 0 8 0 9 1 3 1 10 1 11 1 12 1 14 1 15 2 6 2 11 2 14 2 15 3 5 3 6 3 7 3 8 3 9 4 7 4 8 4 13 4 15 4 16 5 10 5 12 5 13 5 14 5 15 5 16 6 10 6 12 6 13 6 16 6 17 7 10 7 11 7 12 7 14 8 10 8 11 8 12 8 14 9 10 9 12 9 13 9 14 9 16 9 17 11 13 11 16 11 17 15 17
rmtf18_8 18 55 0 4 0 7 0 8 0 12 0 16 1 5 1 7 1 12 1 15 1 16 2 5 2 6 2 7 2 12 3 4 3 6 3 7 3 8 3 12 3 17 4 5 4 10 4 11 4 15 5 8 5 9 5 13 5 14 5 17 6 10 6 11 6 15 6 16 7 10 7 11 7 14 8 10 8 11 8 15 9 11 9 12 9 15 9 16 10 12 10 17 11 13 11 17 12 13 12 14 13 15 13 16 14 15 14 16 15 17 16 17
rmtf18_9 18 52 0 1 0 2 0 3 0 7 0 11 0 14 0 16 1 4 1 6 1 10 1 13 1 17 2 5 2 9 2 10 2 17 3 5 3 8 3 12 3 15 3 17 4 5 4 8 4 9 4 12 4 14 5 7 5 13 6 7 6 9 6 12 6 14 7 8 7 15 7 17 8 10 8 13 9 11 9 15 9 16 10 11 10 12 10 15 10 16 11 13 11 17 12 13 13 14 13 16 14 15 14 17 16 17
rmtf18_10 18 57 0 3 0 5 0 9 0 10 0 11 0 15 1 2 1 7 1 9 1 13 1 14 1 17 2 3 2 5 2 6 2 15 2 16 3 7 3 12 3 13 3 14 3 17 4 5 4 7 4 9 4 14 4 17 5 8 5 12 5 13 6 9 6 10 6 11 6 17 7 10 7 11 7 15 7 16 8 9 8 10 8 11 8 17 9 12 9 16 10 12 10 13 10 14 11 12 11 13 11 14 12 15 13 15 13 16 14 15 14 16 15 17 16 17
rmtf18_11 18 55 0 1 0 3 0 4 0 7 0 8 0 15 1 5 1 6 1 9 1 13 1 14 2 7 2 9 2 10 2 12 3 5 3 10 3 11 3 13 3 16 3 17 4 5 4 9 4 10 4 11 4 13 4 17 5 7 5 8 5 15 6 8 6 10 6 11 6 15 6 16 6 17 7 11 7 13 7 16 7 17 8 9 8 12 8 14 9 15 9 16 10 14 11 12 11 14 12 13 12 15 12 16 12 17 14 15 14 16 14 17
rmtf18_12 18 56 0 1 0 4 0 6 0 10 0 11 0 13 0 16 1 3 1 7 1 14 1 15 1 17 2 4 2 6 2 7 2 10 2 11 2 13 2 16 3 5 3 8 3 9 3 13 3 16 4 8 4 12 4 15 4 17 5 7 5 10 5 17 6 8 6 9 6 12 6 17 7 8 7 9 7 12 8 11 8 14 9 14 9 15 10 12 10 14 10 15 11 12 11 15 11 17 12 13 12 16 13 14 13 15 13 17 14 16 15 16 16 17
rmtf18_13 18 54 0 1 0 2 0 5 0 7 0 9 0 11 1 6 1 12 1 14 1 16 2 3 2 6 2 8 2 12 2 16 2 17 3 4 3 5 3 7 3 11 3 14 3 15 4 6 4 8 4 9 4 16 4 17 5 6 5 8 5 12 5 16 5 17 6 10 6 11 6 15 7 8 7 10 7 13 8 11 8 14 8 15 9 10 9 12 9 15 10 14 10 16 11 12 11 16 11 17 12 13 13 15 13 16 13 17 14 17
rmtf18_14 18 56 0 1 0 2 0 3 0 4 0 6 0 10 0 14 1 5 1 7 1 8 1 13 1 16 1 17 2 5 2 7 2 8 2 11 2 16 2 17 3 7 3 8 3 9 3 11 3 15 3 16 4 5 4 7 4 8 4 9 4 11 4 16 5 12 5 15 6 7 6 8 6 9 6 11 6 15 6 16 7 10 7 14 8 10 8 14 9 12 9 17 10 11 10 12 10 15 10 16 10 17 11 13 12 13 13 14 14 15 14 16 14 17
rmtf18_15 18 69 0 1 0 2 0 5 0 6 0 8 0 9 0 13 0 16 1 4 1 7 1 10 1 11 1 12 1 14 1 15 1 17 2 3 2 4 2 14 2 17 3 7 3 10 3 11 3 12 3 15 3 16 4 5 4 6 4 8 4 9 4 13 4 16 5 7 5 10 5 11 5 12 5 14 5 15 5 17 6 7 6 10 6 11 6 12 6 14 6 15 6 17 7 8 7 9 7 13 8 10 8 11 8 12 8 14 8 15 8 17 9 10 9 11 9 12 9 14 9 15 9 17 10 13 11 13 12 13 13 14 13 15 13 17 14 16 16 17
rmtf18_16 18 52 0 1 0 2 0 9 0 16 1 3 1 5 1 8 1 14 1 17 2 4 2 6 2 10 2 11 2 15 3 4 3 6 3 9 3 10 3 13 4 8 4 12 4 14 4 17 5 7 5 9 5 10 5 12 5 15 6 7 6 8 6 12 6 17 7 11 7 14 7 16 8 9 8 10 8 15 8 16 9 11 9 14 10 14 10 17 11 12 11 13 11 17 12 16 13 15 13 16 14 15 15 17 16 17
rmtf18_17 18 62 0 1 0 3 0 8 0 10 0 11 0 14 0 15 1 4 1 5 1 6 1 9 1 12 1 16 2 5 2 7 2 12 2 13 2 14 2 17 3 4 3 5 3 6 3 7 3 12 3 13 3 17 4 8 4 10 4 11 4 14 4 15 5 8 5 10 5 11 5 15 6 8 6 10 6 11 6 14 6 15 7 8 7 9 7 15 7 16 8 12 8 13 8 17 9 10 9 11 9 13 9 14 9 17 10 12 10 16 11 12 11 16 12 15 13 15 13 16 14 16 15 17 16 17
rmtf18_18 18 55 0 4 0 5 0 10 0 13 0 15 0 16 1 4 1 10 1 13 1 15 1 16 1 17 2 5 2 7 2 8 2 9 2 10 2 14 3 4 3 5 3 7 3 9 3 10 3 14 4 6 4 8 4 11 4 12 5 6 5 17 6 10 6 13 6 15 6 16 7 11 7 12 7 13 7 15 8 13 8 15 8 16 8 17 9 12 9 13 9 15 9 16 10 11 10 12 11 14 11 16 11 17 12 14 12 17 13 14 14 15
rmtf18_19 18 56 0 8 0 10 0 11 0 13 0 15 1 2 1 5 1 8 1 9 1 10 1 13 2 4 2 7 2 11 2 12 2 14 2 16 3 8 3 10 3 11 3 15 3 16 4 5 4 8 4 9 4 10 4 13 5 6 5 7 5 15 5 16 5 17 6 9 6 11 6 12 6 14 7 8 7 9 7 10 7 13 8 12 8 14 8 17 9 15 9 16 9 17 10 12 10 14 10 17 11 17 12 13 12 15 13 14 13 16 13 17 14 15
rmtf18_20 18 53 0 9 0 11 0 12 0 14 0 16 1 2 1 5 1 7 1 8 1 15 1 16 2 9 2 11 2 12 2 14 3 7 3 8 3 11 3 12 3 14 3 15 3 17 4 5 4 7 4 8 4 11 4 14 4 15 4 16 5 9 5 10 5 12 5 13 6 7 6 10 6 12 6 13 6 16 7 9 8 9 8 10 8 13 9 15 9 17 10 11 10 14 10 15 10 17 11 13 13 14 13 15 13 17 16 17
rmtf18_21 18 53 0 2 0 7 0 9 0 12 0 15 0 17 1 5 1 6 1 7 1 14 1 15 2 5 2 8 2 10 2 11 2 14 2 16 3 5 3 7 3 10 3 13 3 14 3 16 4 5 4 7 4 8 4 12 4 15 4 17 5 9 6 8 6 10 6 12 6 17 7 11 8 9 8 13 9 10 9 11 9 14 9 16 10 15 11 12 11 15 11 17 12 13 12 14 12 16 13 15 13 17 14 17 15 16 16 17
rmtf18_22 18 57 0 5 0 6 0 10 0 11 0 12 0 15 1 3 1 6 1 8 1 17 2 5 2 6 2 10 2 11 2 14 2 15 3 5 3 10 3 14 3 15 3 16 4 5 4 6 4 10 4 12 4 15 4 16 5 7 5 8 5 9 5 13 5 17 6 7 6 9 6 13 7 10 7 11 7 14 7 15 8 10 8 11 8 12 8 15 9 10 9 12 9 15 9 16 10 13 10 17 11 16 12 13 12 14 13 15 13 16 14 17 15 17 16 17
rmtf18_23 18 55 0 1 0 9 0 11 0 12 0 13 0 15 1 4 1 5 1 6 1 7 1 8 1 14 2 5 2 6 2 7 2 9 2 10 3 7 3 8 3 12 3 14 4 9 4 10 4 11 4 12 4 13 4 17 5 11 5 12 5 13 5 16 5 17 6 11 6 12 6 13 6 16 6 17 7 11 7 13 7 15 7 16 8 9 8 10 8 11 8 13 8 17 9 14 9 16 10 14 10 15 10 16 11 14 13 14 14 17 15 17
rmtf18_24 18 56 0 1 0 3 0 5 0 8 0 9 0 13 1 2 1 4 1 6 1 7 1 11 1 15 2 5 2 9 2 10 2 13 2 14 3 7 3 14 3 15 3 16 3 17 4 5 4 9 4 10 4 13 4 14 5 6 5 7 5 15 5 16 5 17 6 8 6 9 6 13 6 14 7 8 7 9 7 13 8 10 8 12 8 16 8 17 9 12 9 16 9 17 10 11 10 15 11 14 11 16 11 17 12 13 12 14 12 15 13 16 13 17
rmtf18_25 18 53 0 3 0 8 0 9 0 10 0 11 0 15 0 16 1 10 1 12 1 13 1 14 1 15 2 3 2 9 2 10 2 11 2 13 2 15 3 12 3 14 3 17 4 10 4 11 4 13 4 14 4 15 5 8 5 10 5 11 5 14 5 15 6 10 6 12 6 13 6 14 6 15 7 11 7 13 7 14 7 17 8 12 8 13 8 17 9 12 9 14 9 17 10 17 11 12 12 16 13 16 14 16 15 17 16 17
rmtf18_26 18 55 0 1 0 2 0 3 0 10 0 12 0 13 0 17 1 5 1 6 1 7 1 8 1 11 1 16 2 5 2 7 2 8 2 11 2 14 2 16 3 5 3 8 3 11 3 14 3 15 3 16 4 5 4 7 4 11 4 13 4 16 4 17 5 10 5 12 6 10 6 12 6 13 6 14 6 15 7 10 7 12 7 15 8 10 8 12 8 13 8 17 9 12 9 13 9 14 9 15 9 16 10 11 10 16 11 12 14 17 15 17
rmtf18_27 18 57 0 3 0 4 0 6 0 8 0 13 0 16 0 17 1 3 1 4 1 8 1 9 1 13 1 16 1 17 2 3 2 5 2 8 2 9 2 13 2 17 3 10 3 11 3 12 3 14 4 5 4 10 4 11 4 14 5 6 5 7 5 12 5 16 6 9 6 10 6 11 6 14 7 8 7 9 7 10 7 11 7 14 8 12 8 15 9 12 9 15 10 13 10 15 10 17 11 13 11 16 11 17 12 13 12 17 13 14 14 16 14 17 15 16
rmtf18_28 18 55 0 7 0 9 0 10 0 11 0 17 1 3 1 5 1 9 1 10 1 11 1 13 2 3 2 5 2 9 2 10 2 11 2 13 3 6 3 7 3 14 3 15 3 17 4 6 4 7 4 9 4 17 5 7 5 12 5 14 5 15 6 10 6 11 6 12 6 13 7 8 7 13 7 16 8 9 8 10 8 11 8 17 9 12 9 14 9 15 10 14 10 15 10 16 11 14 11 15 11 16 12 16 12 17 13 14 13 15 13 17
rmtf18_29 18 60 0 3 0 4 0 6 0 10 0 14 0 15 1 3 1 4 1 9 1 10 1 14 1 15 2 4 2 6 2 8 2 12 2 13 2 16 3 5 3 7 3 11 3 12 3 13 3 17 4 5 4 7 4 11 4 17 5 6 5 8 5 16 6 9 6 11 7 9 7 10 7 14 7 15 8 9 8 10 8 14 8 15 9 12 9 13 9 16 9 17 10 11 10 12 10 13 10 16 10 17 11 14 11 15 12 14 12 15 13 14 13 15 14 16 14 17 15 16 15 17
rmtf18_30 18 50 0 2 0 3 0 7 0 14 0 16 1 4 1 11 1 15 1 16 1 17 2 5 2 11 2 12 2 15 2 17 3 4 3 6 3 8 3 12 3 15 3 17 4 5 4 9 4 13 5 6 5 7 5 10 5 14 6 9 6 11 7 8 7 9 7 12 7 13 7 17 8 10 8 11 8 14 9 15 9 16 10 15 10 16 10 17 11 13 12 14 12 16 13 15 13 16 14 15 14 17
rmtf18_31 18 53 0 4 0 7 0 8 0 11 0 16 1 4 1 5 1 9 1 13 1 15 2 3 2 4 2 6 2 7 2 11 2 15 3 5 3 10 3 12 3 13 3 16 3 17 4 10 4 12 4 14 4 17 5 7 5 8 5 11 5 14 6 8 6 9 6 12 6 13 6 16 6 17 7 9 7 12 7 13 7 17 8 10 8 15 9 10 9 14 10 11 11 12 11 13 11 17 12 15 13 14 14 15 15 16 15 17
rmtf18_32 18 59 0 2 0 7 0 8 0 11 0 12 0 14 0 15 1 2 1 7 1 8 1 11 1 12 1 14 1 15 2 3 2 6 2 16 2 17 3 5 3 7 3 8 3 10 3 11 3 13 3 14 4 5 4 6 4 7 4 8 4 10 4 13 4 14 4 16 5 9 5 12 5 15 6 9 6 11 6 12 6 15 7 9 7 17 8 9 8 17 9 10 9 13 9 14 9 16 10 12 10 15 11 16 11 17 12 13 12 16 12 17 13 15 14 17 15 16 15 17
rmtf18_33 18 61 0 2 0 4 0 5 0 8 0 13 0 15 0 16 0 17 1 2 1 9 1 11 1 13 2 3 2 6 2 10 2 12 2 14 3 5 3 7 3 8 3 15 3 16 3 17 4 6 4 7 4 9 4 10 4 12 4 14 5 6 5 9 5 10 5 11 5 12 6 8 6 13 6 15 6 16 6 17 7 11 7 13 8 9 8 10 8 11 8 12 9 15 9 16 9 17 10 13 10 15 10 16 10 17 11 14 11 17 12 13 12 15 12 16 12 17 13 14 14 15 14 16
rmtf18_34 18 56 0 5 0 6 0 7 0 10 0 13 1 3 1 4 1 5 1 6 1 10 1 15 1 16 2 3 2 4 2 5 2 6 2 10 2 15 2 16 3 9 3 11 3 12 3 13 3 17 4 7 4 13 4 14 5 8 5 12 5 14 5 17 6 8 6 11 6 12 6 17 7 8 7 11 7 12 7 17 8 9 8 15 8 16 9 10 9 14 10 11 10 12 10 17 11 14 11 16 12 15 12 16 13 15 13 16 14 15 15 17 16 17
rmtf18_35 18 58 0 2 0 4 0 7 0 12 0 13 0 14 0 15 1 2 1 4 1 7 1 11 1 12 1 14 2 5 2 6 2 8 2 10 2 17 3 4 3 5 3 9 3 15 3 17 4 6 4 8 4 10 4 16 5 7 5 12 5 13 5 14 5 16 6 7 6 12 6 13 6 14 6 15 7 8 7 10 7 17 8 12 8 13 8 14 8 15 9 10 9 11 9 12 9 16 10 13 10 14 10 15 11 13 11 15 11 17 12 17 14 17 15 16 16 17
rmtf18_36 18 58 0 4 0 6 0 7 0 8 0 10 0 11 0 16 1 5 1 8 1 10 1 11 1 16 1 17 2 4 2 6 2 8 2 9 2 15 2 16 3 4 3 6 3 7 3 8 3 10 3 11 3 16 4 5 4 12 4 13 4 14 5 6 5 7 5 9 6 12 6 13 6 17 7 13 7 14 7 15 8 12 8 13 8 14 9 10 9 11 9 12 9 17 10 13 10 14 10 15 11 13 11 14 11 15 12 15 12 16 13 16 14 16 14 17 15 17
rmtf18_37 18 53 0 4 0 10 0 11 0 14 0 16 0 17 1 2 1 3 1 5 1 7 1 17 2 4 2 8 2 9 2 11 2 14 3 4 3 9 3 10 3 11 3 15 4 5 4 7 4 12 4 13 5 6 5 10 5 14 5 16 6 8 6 9 6 11 6 17 7 8 7 11 7 14 7 16 8 10 8 15 9 12 9 13 9 16 10 12 10 13 11 12 11 13 12 14 12 17 13 14 13 17 14 15 15 16 15 17
rmtf18_38 18 50 0 3 0 6 0 10 0 11 0 13 0 15 1 5 1 7 1 9 1 11 1 12 1 13 1 16 2 4 2 6 2 10 2 11 2 17 3 5 3 8 3 17 4 8 4 12 4 14 4 15 5 10 5 14 5 15 6 9 6 12 6 14 6 16 7 10 7 14 7 15 7 17 8 9 8 10 8 11 8 13 8 16 9 15 9 17 10 12 11 14 12 17 13 14 13 17 15 16 16 17
rmtf18_39 18 54 0 6 0 8 0 10 0 13 0 14 1 5 1 10 1 11 1 12 1 14 2 6 2 8 2 10 2 11 2 14 2 15 3 6 3 10 3 12 3 13 3 16 4 6 4 8 4 10 4 11 4 14 4 15 5 6 5 8 5 15 5 16 6 7 6 9 6 17 7 10 7 11 7 12 7 14 7 15 8 12 9 10 9 11 9 12 9 14 9 15 10 17 11 13 11 16 11 17 12 17 13 15 14 16 14 17 15 17
rmtf18_40 18 53 0 3 0 4 0 10 0 12 0 15 0 17 1 4 1 8 1 11 1 13 1 15 1 16 2 3 2 4 2 7 2 8 2 9 2 13 2 16 2 17 3 5 3 6 3 11 3 14 4 5 4 6 4 14 5 7 5 8 5 9 5 13 5 16 5 17 6 8 6 12 6 15 6 16 6 17 7 11 7 14 7 15 8 10 9 10 9 12 9 15 10 11 10 14 10 16 11 12 11 17 12 13 13 14 14 17
rmtf18_41 18 55 0 2 0 4 0 10 0 12 0 13 0 14 1 3 1 6 1 9 1 10 1 15 1 16 2 3 2 6 2 9 2 15 2 16 3 5 3 11 3 14 4 8 4 9 4 11 4 15 4 16 4 17 5 6 5 9 5 10 5 13 6 7 6 8 6 11 6 17 7 10 7 14 7 15 8 10 8 12 8 13 8 14 9 12 9 14 10 11 10 17 11 12 11 13 12 15 12 16 12 17 13 15 13 16 13 17 14 16 14 17
rmtf18_42 18 56 0 2 0 4 0 6 0 10 0 13 0 17 1 2 1 3 1 4 1 10 1 13 1 16 1 17 2 5 2 9 2 11 2 14 2 15 3 5 3 6 3 7 3 8 4 5 4 7 4 11 4 12 4 14 4 15 5 10 5 13 5 16 5 17 6 12 6 14 6 16 7 9 7 10 7 13 7 17 8 9 8 10 8 11 8 15 8 17 9 12 9 16 10 12 10 14 11 13 11 16 12 13 12 17 13 14 13 15 14 17 15 16
rmtf18_43 18 53 0 1 0 5 0 9 0 10 0 13 0 14 0 15 1 2 1 3 1 11 1 12 1 16 2 6 2 9 2 10 2 13 2 14 2 15 3 6 3 9 3 10 3 13 3 14 3 15 4 5 4 8 4 9 4 12 4 14 4 15 5 6 5 7 5 11 6 8 6 12 7 9 7 10 7 12 7 13 7 16 8 10 8 13 8 16 8 17 9 17 10 11 11 13 11 15 11 17 12 17 14 16 14 17 15 16
rmtf18_44 18 56 0 3 0 10 0 11 0 14 0 16 1 3 1 9 1 11 1 14 1 16 2 3 2 8 2 10 2 11 2 16 2 17 3 5 3 6 3 7 3 13 3 15 4 6 4 8 4 11 4 13 4 15 4 17 5 9 5 11 5 14 5 16 6 9 6 12 6 14 6 16 7 8 7 10 7 11 7 16 7 17 8 9 8 12 8 14 9 10 9 13 9 17 10 12 10 15 11 12 12 13 12 17 13 14 13 16 14 15 14 17 15 16
rmtf18_45 18 60 0 3 0 5 0 6 0 7 0 8 0 10 0 15 1 4 1 6 1 7 1 8 1 10 1 11 1 15 1 17 2 6 2 7 2 10 2 11 2 13 2 15 2 17 3 4 3 11 3 16 3 17 4 9 4 12 4 13 4 14 5 9 5 11 5 13 5 16 6 9 6 12 6 14 6 16 7 9 7 12 7 14 7 16 8 9 8 12 8 13 8 14 8 16 9 10 9 15 9 17 10 12 10 14 10 16 11 12 11 14 12 15 12 17 14 15 14 17 15 16
rmtf18_46 18 51 0 1 0 2 0 7 0 11 1 6 1 9 1 10 1 13 1 16 1 17 2 4 2 5 2 8 2 9 3 4 3 5 3 7 3 9 3 10 3 11 3 16 4 12 4 14 4 15 4 17 5 6 5 13 5 15 5 17 6 12 6 14 7 12 7 14 7 15 7 17 8 10 8 12 8 15 8 16 8 17 9 12 9 14 9 15 10 14 11 12 11 14 11 15 11 17 12 13 13 14 14 16
rmtf18_47 18 62 0 1 0 2 0 7 0 9 0 10 0 12 0 14 0 15 1 3 1 5 1 6 1 11 1 16 1 17 2 3 2 5 2 6 2 11 2 16 2 17 3 4 3 7 3 8 3 12 3 14 3 15 4 5 4 6 4 10 4 11 4 16 4 17 5 7 5 9 5 12 5 14 5 15 6 7 6 8 6 13 6 14 6 15 7 11 7 16 7 17 8 9 8 10 8 11 9 13 9 16 9 17 10 13 11 13 11 14 11 15 12 13 12 16 12 17 14 16 14 17 15 16 15 17
rmtf18_48 18 58 0 2 0 5 0 10 0 12 0 13 0 14 1 2 1 10 1 12 1 16 2 4 2 6 2 7 2 8 2 9 2 17 3 5 3 6 3 8 3 10 3 13 3 14 4 5 4 10 4 12 4 13 4 14 5 9 5 11 5 15 5 16 5 17 6 11 6 12 6 15 6 16 7 11 7 12 7 13 7 14 8 11 8 12 8 15 8 16 9 10 9 12 9 13 9 14 10 11 10 15 10 17 12 17 13 15 13 16 13 17 14 15 14 16 14 17
rmtf18_49 18 54 0 3 0 6 0 9 0 10 0 13 0 17 1 2 1 7 1 13 1 15 1 16 2 3 2 5 2 8 2 10 2 11 2 12 2 17 3 4 3 14 3 15 3 16 4 7 4 9 4 12 4 13 4 17 5 6 5 9 5 13 5 15 6 7 6 8 6 12 6 16 7 10 7 11 8 9 8 13 8 15 9 14 9 16 10 14 10 15 10 16 11 13 11 15 11 16 12 14 12 15 13 14 14 17 15 17 16 17
rmtf18_50 18 49 0 3 0 6 0 7 0 10 0 15 1 2 1 3 1 6 1 7 1 15 2 5 2 10 2 13 2 17 3 5 3 8 3 12 3 13 3 14 4 5 4 6 4 9 4 10 4 13 4 15 5 11 5 16 6 11 6 16 6 17 7 9 7 11 7 12 7 13 7 16 8 9 8 10 8 11 8 15 8 16 9 17 10 12 10 14 11 14 12 15 12 17 14 15 14 16 14 17
rmtf18_51 18 54 0 4 0 5 0 9 0 11 0 12 0 14 1 3 1 7 1 8 1 10 1 12 1 16 2 3 2 5 2 6 2 11 2 12 2 17 3 13 3 14 3 15 4 6 4 8 4 13 4 15 4 16 4 17 5 8 5 10 5 13 5 15 5 16 6 9 6 10 6 14 7 13 7 14 7 15 7 17 8 9 8 11 8 14 9 13 9 15 9 16 9 17 10 11 10 17 11 13 11 15 11 16 12 13 12 15 14 16
rmtf18_52 18 60 0 1 0 2 0 3 0 8 0 10 0 13 1 4 1 5 1 7 1 11 1 15 1 17 2 4 2 5 2 7 2 11 2 15 2 17 3 6 3 9 3 12 3 14 3 16 4 6 4 9 4 13 4 14 5 6 5 9 5 12 5 14 5 16 6 7 6 8 6 10 6 17 7 9 7 12 7 14 7 16 8 11 8 12 8 15 8 16 9 11 9 15 9 17 10 11 10 12 10 15 10 16 11 13 11 14 12 13 12 17 13 15 13 16 14 15 14 17 16 17
rmtf18_53 18 54 0 1 0 5 0 9 0 11 0 13 0 16 1 2 1 4 1 7 1 8 1 14 1 17 2 6 2 10 2 11 2 13 2 15 3 6 3 7 3 10 3 13 3 15 4 5 4 6 4 9 4 11 4 13 5 7 5 8 5 15 5 17 6 12 6 14 6 16 6 17 7 11 7 12 7 16 8 10 8 11 8 12 9 10 9 12 10 14 10 16 10 17 11 14 11 17 12 13 12 15 13 14 13 17 14 15 15 16
rmtf18_54 18 63 0 1 0 3 0 9 0 10 0 11 0 13 1 4 1 6 1 7 1 8 1 15 1 16 1 17 2 7 2 9 2 11 2 13 3 4 3 6 3 7 3 8 3 15 3 16 3 17 4 9 4 10 4 11 4 13 5 7 5 8 5 11 5 15 5 16 5 17 6 9 6 10 6 11 6 13 7 10 7 12 7 14 8 9 8 10 8 12 8 13 8 14 9 15 9 16 9 17 10 15 10 16 10 17 11 12 11 14 12 15 12 16 12 17 13 15 13 16 13 17 14 15 14 16 14 17
rmtf18_55 18 49 0 1 0 5 0 6 0 12 0 13 0 15 1 8 1 10 1 16 1 17 2 8 2 9 2 11 2 12 2 15 2 16 3 7 3 8 3 10 3 12 3 14 4 6 4 8 4 10 4 12 4 16 5 8 5 9 5 10 5 14 6 9 6 11 6 14 7 9 7 11 7 13 7 15 7 16 8 13 9 17 10 11 10 13 10 15 11 17 12 17 13 17 14 15 14 16 14 17
rmtf18_56 18 52 0 4 0 6 0 7 0 8 0 17 1 3 1 4 1 7 1 8 1 17 2 4 2 5 2 6 2 13 2 17 3 5 3 6 3 10 3 13 3 15 3 16 4 9 4 10 4 11 4 14 4 16 5 8 5 9 5 12 5 14 6 9 6 12 6 14 7 12 7 13 7 15 8 10 8 13 8 15 8 16 9 13 9 15 10 12 10 17 11 12 11 13 11 17 12 16 13 14 14 15 15 17 16 17
rmtf18_57 18 53 0 2 0 5 0 10 0 11 0 14 0 15 1 5 1 6 1 7 1 10 1 11 1 15 2 7 2 8 2 9 2 16 3 4 3 6 3 9 3 10 3 11 4 5 4 7 4 12 4 15 5 8 5 9 5 16 5 17 6 13 6 14 6 16 6 17 7 13 7 14 7 17 8 10 8 11 8 14 8 15 9 13 9 14 10 12 11 13 11 16 11 17 12 13 12 14 12 16 12 17 13 15 15 16 15 17
rmtf18_58 18 53 0 4 0 5 0 7 0 10 0 11 0 15 0 17 1 5 1 8 1 12 1 14 2 4 2 6 2 7 2 8 2 11 2 14 3 4 3 5 3 11 3 13 3 17 4 9 4 12 4 16 5 6 5 9 5 16 6 12 6 13 6 17 7 9 7 12 7 13 7 16 8 10 8 15 8 17 9 10 9 11 9 14 9 15 10 12 10 13 10 16 11 12 11 16 12 15 13 14 13 15 14 17 15 16 16 17
rmtf18_59 18 51 0 2 0 4 0 5 0 6 0 8 0 10 0 11 0 13 1 2 1 4 1 7 1 8 1 12 1 15 1 16 2 3 2 14 3 4 3 6 3 8 3 12 3 15 3 16 4 9 4 17 5 9 5 15 5 16 6 7 6 14 7 9 7 10 7 13 7 17 8 14 9 11 9 12 9 14 10 12 10 14 10 15 10 16 11 15 11 17 12 13 12 17 13 14 13 15 13 16 14 17 16 17
rmtf18_60 18 57 0 2 0 5 0 6 0 8 0 9 0 11 0 13 0 14 1 4 1 5 1 8 1 9 1 11 1 12 1 13 2 7 2 10 2 12 2 15 3 4 3 8 3 10 3 12 3 13 3 15 4 6 4 7 4 17 5 7 5 10 5 15 5 16 6 10 6 15 6 16 7 8 7 9 7 11 7 13 7 14 8 16 8 17 9 10 9 15 9 16 10 11 10 14 10 17 11 15 11 16 12 14 12 16 12 17 13 16 13 17 14 15 15 17
rmtf18_61 18 55 0 2 0 7 0 11 0 14 0 15 0 16 1 2 1 3 1 7 1 8 1 12 1 17 2 5 2 6 2 13 3 4 3 9 3 10 3 11 3 14 3 15 4 6 4 7 4 13 4 16 4 17 5 7 5 11 5 15 5 16 5 17 6 8 6 12 7 9 7 10 8 9 8 10 8 11 8 14 8 15 8 16 9 12 9 13 9 17 10 12 10 13 10 17 11 12 11 13 12 14 12 15 12 16 13 14 13 15 14 17
rmtf18_62 18 49 0 5 0 7 0 8 0 13 0 14 0 15 0 16 1 6 1 8 1 11 1 16 2 5 2 8 2 11 2 13 2 16 3 6 3 7 3 8 3 9 3 14 3 15 3 16 4 5 4 7 4 8 4 12 4 13 5 6 5 10 5 17 6 12 6 13 7 10 7 11 8 10 8 17 9 10 9 11 9 13 10 12 11 14 11 15 11 17 12 14 12 15 12 16 13 17 16 17
rmtf18_63 18 52 0 7 0 9 0 11 0 14 0 15 0 17 1 7 1 11 1 14 1 15 1 16 1 17 2 3 2 5 2 9 2 15 3 4 3 7 3 11 3 12 3 16 4 5 4 9 4 15 5 7 5 10 5 11 5 14 5 16 5 17 6 7 6 9 6 11 6 12 6 15 7 8 7 13 8 11 8 12 8 15 8 16 9 10 9 13 9 16 10 12 10 15 11 13 12 14 12 17 13 14 13 15 13 17
rmtf18_64 18 54 0 1 0 4 0 5 0 13 0 14 0 16 0 17 1 3 1 8 1 9 1 12 1 15 2 6 2 8 2 9 2 12 2 13 2 14 3 5 3 6 3 7 3 11 3 13 3 16 4 6 4 8 4 9 4 12 5 8 5 9 5 12 5 15 6 15 6 17 7 8 7 9 7 12 7 14 7 15 8 11 8 16 8 17 9 10 9 11 10 12 10 13 10 14 10 16 10 17 11 12 11 14 11 15 13 15 15 16
rmtf18_65 18 55 0 5 0 7 0 8 0 11 0 13 0 14 1 4 1 9 1 10 1 11 1 14 1 16 1 17 2 3 2 9 2 10 2 11 2 16 2 17 3 4 3 5 3 8 3 13 3 14 4 6 4 7 4 15 5 6 5 9 5 12 6 10 6 11 6 14 6 16 6 17 7 9 7 10 7 16 7 17 8 9 8 10 8 15 8 16 8 17 9 13 10 12 10 13 11 15 12 14 12 15 12 16 12 17 13 15 13 16 13 17
rmtf18_66 18 53 0 4 0 9 0 11 0 14 0 15 0 16 1 4 1 9 1 10 1 14 1 15 1 16 2 10 2 12 2 13 2 15 3 5 3 6 3 8 3 13 3 15 3 17 4 8 4 12 4 13 5 9 5 11 5 12 5 14 5 16 6 9 6 11 6 12 6 14 6 16 7 8 7 9 7 11 7 12 7 14 7 15 8 10 8 16 9 13 9 17 10 11 10 17 11 13 12 17 13 14 13 16 14 17 16 17
rmtf18_67 18 54 0 1 0 4 0 13 0 14 0 16 1 6 1 8 1 10 1 11 1 12 2 4 2 6 2 7 2 10 2 11 2 12 3 6 3 7 3 9 3 10 3 13 3 17 4 9 4 15 4 17 5 7 5 9 5 10 5 13 5 15 5 17 6 15 6 16 7 8 7 14 7 16 8 9 8 13 8 15 8 17 9 12 9 14 9 16 10 14 10 16 11 13 11 14 11 16 12 13 12 15 12 17 14 15 14 17 16 17
rmtf18_68 18 57 0 2 0 4 0 8 0 9 0 11 0 17 1 2 1 4 1 8 1 9 1 11 1 17 2 6 2 13 2 14 3 4 3 8 3 9 3 11 3 13 3 17 4 7 4 10 4 12 4 14 4 16 5 9 5 11 5 13 5 14 5 17 6 7 6 8 6 10 6 11 6 15 7 9 7 13 7 17 8 12 8 14 8 16 9 10 9 12 9 15 9 16 10 13 10 17 11 12 11 16 12 13 12 17 13 15 13 16 14 15 15 17 16 17
rmtf18_69 18 55 0 2 0 4 0 5 0 6 0 10 0 12 0 13 1 4 1 5 1 6 1 8 1 9 1 11 2 8 2 9 2 11 2 14 2 17 3 4 3 6 3 8 3 10 3 12 3 13 3 17 4 7 4 14 4 15 4 16 5 14 5 15 5 16 5 17 6 7 6 14 6 15 6 16 7 8 7 11 7 13 7 17 8 15 8 16 9 10 9 12 9 13 9 15 10 11 10 14 11 12 11 15 11 16 12 14 13 14 13 16
rmtf18_70 18 55 0 1 0 2 0 3 0 4 0 5 0 7 0 14 1 6 1 10 1 13 1 16 1 17 2 6 2 10 2 13 2 16 2 17 3 6 3 11 3 12 4 9 4 12 4 15 5 8 5 10 5 11 5 13 5 16 6 7 6 8 6 9 7 10 7 11 7 13 7 16 8 14 8 15 8 17 9 10 9 11 9 13 9 16 10 12 10 14 10 15 11 14 11 15 11 17 12 13 12 16 12 17 13 14 13 15 14 16 15 16
rmtf18_71 18 59 0 2 0 5 0 6 0 8 0 14 0 15 0 16 1 2 1 5 1 7 1 8 1 11 1 14 1 15 1 16 2 3 2 4 2 10 2 13 2 17 3 6 3 8 3 12 3 15 3 16 4 5 4 7 4 8 4 9 4 11 4 14 5 12 5 13 5 17 6 7 6 9 6 10 6 11 6 13 7 12 7 17 8 10 8 13 8 17 9 12 9 15 9 16 10 12 10 15 10 16 11 12 11 17 12 14 13 14 13 15 13 16 14 17 15 17 16 17
rmtf18_72 18 56 0 1 0 6 0 7 0 8 0 9 0 17 1 4 1 5 1 10 1 11 1 12 1 13 1 14 2 7 2 10 2 12 2 14 2 17 3 6 3 9 3 10 3 16 3 17 4 6 4 7 4 8 4 9 4 17 5 6 5 7 5 8 5 9 5 17 6 11 6 12 6 13 6 14 7 11 7 13 7 15 7 16 8 10 8 11 8 13 8 14 8 15 8 16 9 11 9 13 9 14 9 15 11 17 12 15 12 16 13 17 15 17
rmtf18_73 18 53 0 1 0 2 0 4 0 6 0 7 0 10 0 12 1 5 1 8 1 11 1 15 1 16 1 17 2 5 2 8 2 11 2 13 2 16 3 7 3 11 3 12 3 13 3 14 3 16 4 5 4 9 4 11 4 15 4 16 5 6 5 7 5 12 5 14 6 9 6 11 6 13 6 16 7 9 7 15 8 9 8 10 8 12 9 14 9 17 10 11 10 13 10 14 10 16 12 15 12 17 13 15 13 17 14 15
rmtf18_74 18 59 0 2 0 4 0 5 0 10 0 12 0 13 0 16 1 4 1 5 1 8 1 10 1 12 1 13 1 16 2 8 2 9 2 17 3 4 3 5 3 8 3 14 3 15 3 16 4 6 4 7 4 9 4 11 4 17 5 6 5 7 5 9 5 11 5 17 6 8 6 10 6 12 6 13 6 16 7 8 7 10 7 12 7 13 7 16 8 11 9 14 9 15 9 16 10 11 10 14 10 17 11 13 11 15 11 16 12 14 12 15 12 17 13 14 13 17 16 17
rmtf18_75 18 51 0 1 0 2 0 5 0 13 0 15 0 17 1 6 1 8 1 10 1 14 2 7 2 8 2 9 2 12 2 16 3 5 3 6 3 9 3 10 3 13 4 6 4 8 4 9 4 10 4 13 5 8 5 12 5 14 6 7 6 11 6 16 6 17 7 10 7 13 7 14 7 15 8 11 8 17 9 14 9 15 10 12 10 16 11 12 11 13 11 14 11 15 12 17 13 16 14 16 14 17 15 16
rmtf18_76 18 56 0 1 0 2 0 4 0 10 0 11 0 14 0 17 1 5 1 7 1 8 1 13 1 16 2 7 2 8 2 13 2 15 3 4 3 7 3 13 3 14 3 15 4 6 4 8 4 9 4 12 5 6 5 9 5 10 5 11 5 12 5 15 6 7 6 13 6 14 6 17 7 9 7 10 7 11 7 12 8 10 8 11 8 14 8 17 9 13 9 14 9 17 10 13 10 16 11 13 11 16 12 13 12 16 12 17 14 16 15 16 15 17
rmtf18_77 18 63 0 1 0 4 0 6 0 7 0 8 0 9 0 13 1 2 1 5 1 11 1 16 2 3 2 10 2 14 2 15 2 17 3 4 3 5 3 6 3 7 3 8 3 9 3 11 3 13 4 12 4 14 4 15 4 16 4 17 5 12 5 14 5 15 5 17 6 12 6 14 6 15 6 16 6 17 7 10 7 14 7 15 7 16 7 17 8 12 8 14 8 15 8 16 8 17 9 12 9 14 9 15 9 16 9 17 10 11 10 12 10 13 11 14 11 15 11 17 13 14 13 15 13 16 13 17
rmtf18_78 18 59 0 6 0 7 0 8 0 9 0 11 0 16 1 7 1 10 1 11 1 12 1 16 2 3 2 6 2 11 2 12 2 16 3 7 3 8 3 9 4 6 4 7 4 8 4 9 4 11 4 16 5 7 5 10 5 11 5 12 5 16 6 10 6 13 6 14 6 15 6 17 7 13 7 14 7 15 7 17 8 10 8 12 8 13 8 14 8 15 8 17 9 10 9 12 9 13 9 14 9 15 9 17 11 13 11 14 11 15 11 17 13 16 14 16 15 16 16 17
rmtf18_79 18 57 0 3 0 4 0 9 0 10 0 11 0 13 1 2 1 4 1 6 1 7 1 9 1 13 1 17 2 3 2 8 2 10 2 11 2 15 2 16 3 5 3 7 3 14 3 17 4 8 4 12 4 14 4 15 4 16 5 8 5 9 5 10 5 11 5 13 5 15 6 8 6 10 6 11 6 14 6 15 6 16 7 8 7 10 7 12 7 15 7 16 8 17 9 12 9 14 9 16 10 17 11 12 11 17 12 13 13 14 13 16 15 17 16 17
rmtf18_80 18 52 0 1 0 3 0 11 0 17 1 2 1 4 1 7 1 8 1 9 1 13 2 3 2 5 2 6 2 10 2 12 2 15 3 4 3 7 3 8 3 9 3 13 4 11 4 17 5 9 5 11 5 13 5 14 5 16 6 7 6 8 6 13 6 17 7 11 7 14 7 16 8 10 8 12 8 14 8 15 8 16 9 17 10 11 10 13 10 17 11 12 11 15 12 13 12 17 13 15 14 17 15 17 16 17
rmtf18_81 18 60 0 1 0 3 0 6 0 9 0 11 1 4 1 7 1 12 1 14 1 15 1 16 1 17 2 4 2 9 2 11 2 12 2 14 2 16 2 17 3 4 3 5 3 7 3 14 3 15 3 16 3 17 4 6 4 8 4 10 4 13 5 6 5 10 5 11 5 12 6 7 6 14 6 15 6 16 6 17 7 10 7 11 7 13 8 9 8 11 8 12 8 14 8 16 8 17 9 10 9 13 10 14 10 15 10 16 10 17 11 15 12 13 13 14 13 15 13 16 13 17
rmtf18_82 18 64 0 1 0 2 0 7 0 10 0 11 0 12 0 16 0 17 1 3 1 4 1 5 1 8 1 13 1 15 2 3 2 4 2 5 2 8 2 13 2 15 3 7 3 10 3 11 3 12 3 16 3 17 4 7 4 10 4 11 4 12 4 16 4 17 5 6 5 9 5 11 5 14 6 7 6 10 6 12 6 13 7 8 7 9 7 14 7 15 8 10 8 11 8 12 8 16 8 17 9 10 9 12 9 13 10 14 10 15 11 13 11 15 12 14 12 15 13 16 13 17 14 16 14 17 15 16 15 17
rmtf18_83 18 64 0 1 0 3 0 4 0 6 0 7 0 14 1 5 1 9 1 11 1 12 1 15 1 16 1 17 2 7 2 11 2 12 2 14 2 16 2 17 3 5 3 9 3 11 3 12 3 15 3 16 3 17 4 5 4 9 4 11 4 12 4 15 4 16 4 17 5 6 5 7 5 14 6 9 6 11 6 12 6 15 6 16 6 17 7 8 7 9 7 10 7 13 7 15 8 11 8 12 8 14 8 16 8 17 9 14 10 11 10 12 10 14 10 16 10 17 11 13 12 13 13 14 13 16 13 17 14 15
rmtf18_84 18 59 0 4 0 6 0 8 0 9 0 11 0 16 1 6 1 7 1 10 1 11 1 12 1 14 2 4 2 6 2 8 2 9 2 11 2 16 3 4 3 6 3 8 3 9 3 11 3 16 4 5 4 7 4 12 4 13 4 15 4 17 5 6 5 8 5 9 5 11 5 16 6 13 6 15 6 17 7 8 7 9 7 16 8 12 8 14 8 15 8 17 9 10 9 12 9 14 9 17 10 13 10 15 10 16 11 13 11 15 11 17 12 16 13 14 14 16 16 17
rmtf18_85 18 66 0 4 0 9 0 10 0 13 0 17 1 3 1 6 1 8 1 9 1 10 1 11 1 13 2 3 2 6 2 8 2 9 2 10 2 11 2 13 3 4 3 5 3 7 3 12 3 14 3 15 3 16 4 6 4 8 4 11 5 6 5 8 5 9 5 10 5 11 5 13 6 7 6 14 6 15 6 16 6 17 7 8 7 9 7 10 7 11 7 13 8 14 8 15 8 16 8 17 9 12 9 14 9 15 9 16 10 12 10 14 10 15 10 16 11 14 11 15 11 16 11 17 12 13 12 17 13 14 13 15 13 16
rmtf18_86 18 55 0 1 0 2 0 6 0 8 0 9 0 10 0 13 1 4 1 7 1 16 1 17 2 4 2 7 2 11 2 12 3 4 3 8 3 9 3 14 3 15 4 5 4 6 4 10 4 13 5 9 5 11 5 12 5 14 5 15 6 7 6 11 6 17 7 8 7 9 7 14 7 15 8 11 8 12 9 16 9 17 10 11 10 12 10 14 10 15 11 13 11 16 12 13 12 16 12 17 13 14 13 15 14 16 14 17 15 16 15 17
rmtf18_87 18 54 0 3 0 4 0 10 0 13 0 14 0 17 1 3 1 8 1 9 1 10 1 12 1 14 1 15 2 3 2 8 2 10 2 12 2 13 2 14 2 15 3 6 3 7 3 11 3 16 4 6 4 7 4 11 4 12 4 15 5 10 5 11 5 12 5 15 5 17 6 8 6 9 6 10 6 14 7 10 7 13 7 14 7 17 8 11 8 17 9 13 9 17 10 16 11 13 11 14 12 16 13 16 14 16 15 16 16 17
rmtf18_88 18 56 0 1 0 6 0 8 0 10 0 11 0 12 1 2 1 5 1 9 1 14 1 15 2 6 2 8 2 10 2 11 2 12 3 4 3 5 3 6 3 7 3 10 3 12 3 13 3 17 4 9 4 11 4 14 4 15 5 8 5 11 5 16 6 9 6 14 6 15 7 9 7 11 7 14 7 15 8 9 8 14 8 15 9 10 9 12 9 13 9 17 10 15 10 16 11 13 11 17 12 15 12 16 13 14 13 15 14 16 15 17 16 17
rmtf18_89 18 52 0 6 0 7 0 10 0 12 0 13 0 14 0 16 1 3 1 4 1 10 1 12 1 14 2 4 2 5 2 8 2 10 2 15 3 5 3 6 3 8 3 9 4 6 4 7 4 13 4 16 5 7 5 12 5 13 5 14 5 16 6 11 6 15 6 17 7 8 7 9 8 11 8 12 8 17 9 10 9 12 9 13 9 15 9 16 10 11 10 17 11 13 11 14 11 16 13 17 14 15 14 17 16 17
rmtf18_90 18 64 0 2 0 3 0 4 0 8 0 10 0 15 0 17 1 2 1 3 1 4 1 8 1 10 1 15 1 17 2 7 2 11 2 13 2 16 3 5 3 7 3 11 3 14 3 16 4 6 4 9 4 11 4 12 4 13 4 16 5 6 5 9 5 12 5 13 6 7 6 8 6 10 6 14 6 15 6 17 7 9 7 12 8 9 8 11 8 12 8 13 8 16 9 10 9 14 9 15 9 17 10 11 10 12 10 13 10 16 11 15 11 17 12 14 12 15 12 17 13 14 13 15 13 17 15 16 16 17
rmtf18_91 18 54 0 2 0 6 0 11 0 12 0 15 0 17 1 4 1 6 1 8 1 9 1 11 1 13 1 16 1 17 2 4 2 5 2 8 2 10 2 14 3 4 3 6 3 8 3 9 3 11 3 15 3 16 3 17 4 7 4 12 5 6 5 9 5 11 5 15 5 16 5 17 6 10 6 14 7 8 7 10 7 11 7 15 8 12 9 10 9 12 10 13 10 16 10 17 11 14 12 13 12 14 12 16 13 15 14 15 14 17
rmtf18_92 18 55 0 4 0 8 0 9 0 11 0 12 0 14 1 4 1 8 1 9 1 11 1 12 1 14 2 3 2 5 2 11 2 16 2 17 3 4 3 6 3 10 3 12 3 14 4 5 4 15 4 16 4 17 5 6 5 7 5 13 6 8 6 9 6 11 6 16 7 8 7 9 7 11 7 12 7 14 7 16 8 10 8 15 8 17 9 13 9 15 9 17 10 13 10 16 11 13 11 15 12 13 12 15 12 17 13 14 14 15 14 17
rmtf18_93 18 56 0 3 0 5 0 7 0 9 0 11 1 2 1 6 1 7 1 8 1 15 2 3 2 10 2 11 2 12 2 13 2 14 3 4 3 15 3 16 3 17 4 6 4 7 4 8 4 10 4 14 5 6 5 8 5 10 5 14 6 11 6 12 6 13 7 16 7 17 8 9 8 16 8 17 9 10 9 12 9 13 9 14 10 15 10 16 10 17 11 15 11 16 11 17 12 15 12 16 12 17 13 15 13 16 13 17 14 15 14 16 14 17
rmtf18_94 18 55 0 2 0 5 0 8 0 10 0 12 0 13 0 14 0 15 1 2 1 3 1 6 1 10 1 11 2 4 2 9 2 16 2 17 3 7 3 8 3 13 3 14 3 17 4 7 4 8 4 10 4 13 4 14 4 15 5 6 5 7 5 9 5 17 6 8 6 12 6 13 6 14 6 15 7 11 7 12 7 16 8 11 8 16 9 10 9 11 9 12 9 14 10 16 10 17 11 13 11 15 12 17 13 16 14 16 15 16 15 17
rmtf18_95 18 53 0 1 0 2 0 3 0 5 0 9 0 14 0 16 1 4 1 8 1 12 1 15 2 6 2 12 2 15 2 17 3 4 3 8 3 12 3 15 4 6 4 10 4 11 4 14 4 17 5 8 5 11 5 15 5 17 6 8 6 9 6 16 7 8 7 9 7 12 7 15 7 17 8 10 8 13 8 14 9 10 9 11 9 13 10 12 10 15 11 12 12 13 12 14 12 16 13 15 13 17 14 15 15 16 16 17
rmtf18_96 18 54 0 2 0 4 0 5 0 6 0 13 0 15 1 2 1 4 1 6 1 10 1 13 1 15 2 7 2 8 2 9 2 11 2 17 3 4 3 9 3 10 3 13 3 15 3 17 4 7 4 11 4 12 4 14 5 7 5 9 5 10 5 11 5 14 5 17 6 7 6 11 6 12 6 14 6 17 7 13 7 15 8 12 8 13 8 14 9 12 9 16 10 12 10 16 11 13 11 15 12 15 13 16 14 16 15 16 16 17
rmtf18_97 18 54 0 3 0 5 0 6 0 11 0 14 0 15 1 3 1 4 1 7 1 10 1 12 1 13 1 16 2 4 2 7 2 14 2 15 2 16 2 17 3 9 3 17 4 6 4 8 4 9 4 11 5 8 5 10 5 12 5 13 5 16 6 7 6 10 6 12 6 13 6 16 7 8 7 9 7 11 8 14 8 15 8 17 9 10 9 13 9 15 9 16 10 14 10 17 11 12 11 16 11 17 12 14 12 15 13 14 13 17
rmtf18_98 18 56 0 2 0 3 0 7 0 8 0 11 0 14 0 16 1 4 1 7 1 8 1 11 1 12 1 16 2 5 2 6 2 9 2 12 2 13 3 5 3 6 3 9 3 12 3 13 4 5 4 9 4 13 4 14 4 17 5 7 5 8 5 10 5 16 6 7 6 8 6 11 6 14 6 16 7 13 7 15 7 17 8 9 8 13 8 17 9 10 9 15 10 11 10 13 10 14 10 17 11 15 12 15 12 17 13 16 14 15 15 16 16 17
rmtf18_99 18 55 0 2 0 7 0 9 0 13 0 14 0 16 1 2 1 4 1 7 1 8 1 9 1 13 2 5 2 6 2 12 2 15 2 17 3 6 3 9 3 10 3 14 3 15 3 16 4 5 4 6 4 10 4 14 4 15 4 16 5 8 5 9 5 11 5 13 6 7 6 8 6 13 7 10 7 11 7 17 8 10 8 14 8 15 8 16 9 12 9 17 10 12 11 12 11 15 11 16 12 13 12 14 13 15 13 17 14 17 16 17
rmtf18_100 18 55 0 7 0 8 0 10 0 13 0 15 0 17 1 4 1 5 1 6 1 9 1 11 1 13 2 7 2 11 2 12 2 15 2 17 3 5 3 7 3 9 3 10 3 11 3 13 4 7 4 8 4 10 4 15 4 17 5 8 5 12 5 14 5 15 5 17 6 7 6 8 6 12 6 14 6 15 6 17 7 16 8 9 8 11 9 12 9 14 9 16 9 17 10 12 10 14 10 16 11 14 11 16 12 13 13 14 13 16 15 16
rmtf18_101 18 53 0 2 0 7 0 10 0 13 0 15 0 16 1 3 1 5 1 13 1 14 1 15 1 16 2 8 2 9 2 11 2 12 2 14 3 7 3 9 3 10 3 11 3 17 4 8 4 9 4 10 4 11 4 14 4 15 5 7 5 9 5 10 5 11 5 17 6 7 6 9 6 10 6 11 6 13 6 14 6 15 7 8 7 12 8 13 8 17 9 16 10 12 11 16 12 13 12 15 12 16 14 17 15 17 16 17
rmtf18_102 18 49 0 3 0 6 0 12 0 16 0 17 1 5 1 12 1 13 1 16 1 17 2 7 2 13 2 14 2 16 3 5 3 9 3 10 3 14 3 15 4 7 4 13 4 14 4 16 5 7 5 8 5 11 6 7 6 8 6 11 6 13 6 14 6 15 7 9 7 10 8 10 8 16 8 17 9 11 9 13 9 17 10 12 10 13 11 12 11 16 12 14 12 15 14 17 15 16 15 17
rmtf18_103 18 54 0 6 0 9 0 11 0 14 0 15 1 2 1 4 1 11 1 12 1 15 1 16 2 6 2 7 2 8 2 13 2 14 2 17 3 6 3 8 3 9 3 10 3 15 4 6 4 7 4 8 4 13 4 14 4 17 5 6 5 7 5 8 5 13 5 14 5 15 6 12 6 16 7 9 7 10 7 12 8 11 8 12 8 16 9 13 9 16 10 11 10 14 11 13 11 17 12 13 12 14 12 17 14 16 15 17 16 17
rmtf18_104 18 59 0 1 0 2 0 4 0 11 0 12 0 14 0 17 1 8 1 9 1 16 2 3 2 5 2 6 2 7 2 10 2 16 3 8 3 12 3 13 3 15 3 17 4 5 4 6 4 7 4 8 4 13 4 15 4 16 5 9 5 11 5 12 5 14 5 17 6 9 6 11 6 12 6 14 6 17 7 9 7 11 7 12 7 14 7 17 8 10 8 11 8 14 9 10 9 13 9 15 10 12 10 17 11 13 11 15 11 16 12 16 13 14 14 15 14 16 16 17
rmtf18_105 18 53 0 2 0 6 0 7 0 11 0 12 0 14 0 16 1 2 1 3 1 8 1 11 1 16 1 17 2 4 2 9 2 13 2 15 3 6 3 7 3 12 3 14 4 5 4 7 4 10 4 12 5 6 5 13 5 14 5 16 6 8 6 9 6 17 7 8 7 9 7 13 7 17 8 10 8 12 8 15 9 11 9 12 9 14 9 16 10 11 10 14 10 16 11 13 11 15 12 13 12 17 14 15 14 17 15 16
rmtf18_106 18 67 0 1 0 3 0 4 0 7 0 11 0 14 0 15 0 16 1 2 1 5 1 6 1 8 1 12 1 17 2 3 2 4 2 7 2 11 2 13 2 14 2 15 3 5 3 6 3 8 3 9 3 10 3 12 4 5 4 6 4 8 4 9 4 10 4 12 5 7 5 11 5 13 5 14 5 15 6 7 6 11 6 13 6 14 6 15 7 8 7 9 7 10 7 12 8 11 8 14 8 15 8 16 9 11 9 13 9 14 9 15 9 17 10 11 10 13 10 14 10 15 10 17 11 12 12 14 12 15 12 16 13 16 16 17
rmtf18_107 18 54 0 1 0 2 0 7 0 8 0 10 0 15 1 4 1 5 1 6 1 12 1 14 1 17 2 11 2 13 2 14 2 16 3 4 3 8 3 10 3 11 3 12 3 15 4 7 4 9 4 13 4 16 5 7 5 8 5 9 5 11 5 13 5 15 6 7 6 10 6 11 6 16 7 12 7 14 7 17 8 14 8 16 8 17 9 10 9 12 9 14 9 17 10 13 11 17 12 13 12 16 13 17 14 15 15 16 15 17
rmtf18_108 18 56 0 1 0 3 0 5 0 9 0 14 1 2 1 8 1 12 1 13 1 16 1 17 2 6 2 7 2 10 2 14 3 6 3 7 3 10 3 11 3 15 4 5 4 9 4 10 4 14 4 16 5 6 5 7 5 8 5 11 5 15 5 17 6 9 6 12 6 13 6 16 7 9 7 12 7 13 7 16 8 9 8 10 8 14 9 11 9 15 9 17 10 12 10 13 10 17 11 13 11 14 11 16 12 14 13 15 14 15 14 17 15 16
rmtf18_109 18 62 0 1 0 4 0 5 0 9 0 10 0 11 1 2 1 3 1 6 1 13 1 14 1 15 1 16 1 17 2 4 2 5 2 7 2 8 2 10 2 11 3 4 3 5 3 7 3 8 3 10 3 11 4 6 4 13 4 14 4 15 4 16 4 17 5 6 5 13 5 14 5 15 5 16 5 17 6 7 6 8 6 10 6 12 7 9 7 13 7 16 8 9 8 13 8 16 9 14 9 15 9 17 10 13 10 14 10 15 10 16 10 17 11 12 11 15 11 17 12 13 12 14 12 16
rmtf18_110 18 51 0 1 0 7 0 10 0 15 0 17 1 3 1 4 1 6 1 11 1 13 2 4 2 5 2 7 2 9 2 10 2 16 3 8 3 10 3 14 3 17 4 15 4 17 5 6 5 8 5 11 5 14 5 17 6 9 6 12 6 16 7 8 7 11 7 12 7 14 8 13 8 15 8 16 9 11 9 13 9 14 9 17 10 11 10 12 11 15 11 16 12 13 12 15 12 17 14 15 14 16 16 17
rmtf18_111 18 51 0 2 0 7 0 9 0 12 0 15 1 3 1 7 1 9 1 10 1 15 2 3 2 4 2 10 2 11 3 5 3 6 3 12 3 13 3 14 4 6 4 7 4 8 4 13 4 16 5 7 5 8 5 16 5 17 6 9 6 17 7 11 7 14 8 9 8 11 8 12 8 14 8 15 9 13 9 16 10 12 10 13 10 14 10 17 11 13 11 16 11 17 12 16 13 15 14 16 15 16 15 17
rmtf18_112 18 65 0 1 0 3 0 12 0 16 1 2 1 4 1 5 1 6 1 8 1 10 1 13 1 17 2 3 2 7 2 11 2 14 2 15 2 16 3 4 3 5 3 6 3 8 3 10 3 13 3 17 4 7 4 11 4 14 4 15 4 16 5 7 5 11 5 14 5 15 5 16 6 7 6 11 6 14 6 15 6 16 7 8 7 10 7 12 7 13 7 17 8 11 8 14 8 15 8 16 9 11 9 13 9 15 9 16 10 11 10 14 10 15 10 16 11 12 11 17 12 14 12 15 13 14 14 17 15 17 16 17
rmtf18_113 18 58 0 2 0 6 0 7 0 10 0 11 0 12 0 17 1 2 1 9 1 10 1 11 1 12 1 16 1 17 2 3 2 4 2 8 2 13 2 15 3 9 3 10 3 11 3 12 3 16 3 17 4 7 4 10 4 11 4 12 4 14 4 16 5 6 5 7 5 10 5 11 5 15 5 17 6 9 6 14 6 16 7 8 7 9 8 10 8 11 8 12 8 16 8 17 9 13 9 15 10 13 11 13 12 13 12 15 13 16 13 17 14 15 14 17 15 16
rmtf18_114 18 60 0 2 0 4 0 12 0 13 0 15 0 16 1 2 1 4 1 5 1 8 1 13 1 15 2 7 2 9 2 10 2 11 2 14 2 17 3 4 3 5 3 8 3 11 3 13 3 15 4 6 4 7 4 9 4 10 4 14 4 17 5 6 5 12 5 16 5 17 6 8 6 11 6 13 6 15 7 12 7 13 7 15 7 16 8 12 8 14 8 17 9 12 9 13 9 15 9 16 10 12 10 13 10 15 10 16 11 12 11 16 13 14 13 17 14 15 14 16 15 17
rmtf18_115 18 55 0 1 0 2 0 4 0 12 0 15 1 5 1 7 1 10 1 11 1 16 1 17 2 6 2 8 2 13 2 14 2 17 3 5 3 6 3 8 3 9 3 15 4 5 4 6 4 8 4 9 5 13 5 14 6 7 6 10 6 11 6 12 6 16 7 8 7 9 7 13 7 14 8 10 8 11 8 12 8 16 9 10 9 11 9 16 9 17 10 15 11 13 11 14 12 13 12 14 12 17 13 15 13 16 14 15 14 16 15 17
rmtf18_116 18 53 0 1 0 3 0 6 0 9 0 11 0 14 1 2 1 5 1 8 1 17 2 7 2 11 2 12 2 13 2 15 2 16 3 4 3 5 3 7 3 12 3 13 4 6 4 8 4 10 4 11 4 15 4 17 5 6 5 10 5 11 5 14 5 16 6 7 6 12 6 13 7 8 7 9 7 14 7 17 8 12 8 13 8 16 9 10 9 13 9 15 9 16 10 12 12 14 12 17 13 14 13 17 14 15 16 17
rmtf18_117 18 54 0 3 0 5 0 6 0 12 0 14 0 16 0 17 1 3 1 5 1 6 1 8 1 12 1 13 2 3 2 4 2 6 2 10 2 13 2 17 3 7 3 9 3 11 3 15 4 5 4 8 4 9 4 12 4 15 4 16 5 7 5 11 6 7 6 9 6 11 6 15 7 10 7 13 7 17 8 11 8 14 8 17 9 10 9 13 9 17 10 11 10 12 10 14 10 15 10 16 11 13 13 14 13 15 13 16 15 17
rmtf18_118 18 54 0 1 0 2 0 3 0 7 0 12 0 15 0 16 1 4 1 9 1 10 1 11 2 4 2 6 2 9 2 10 2 17 3 4 3 6 3 13 3 14 3 17 4 5 4 7 4 15 4 16 5 6 5 9 5 10 5 12 6 8 6 11 7 8 7 13 7 14 7 17 8 9 8 10 8 12 9 13 9 14 9 15 9 16 10 13 10 14 10 15 10 16 11 13 11 14 11 15 11 16 11 17 12 13 12 14 12 17
rmtf18_119 18 59 0 3 0 4 0 8 0 9 0 11 0 15 0 17 1 2 1 4 1 5 1 7 1 8 2 3 2 9 2 11 2 13 2 15 2 17 3 5 3 6 3 10 3 12 3 16 4 6 4 10 4 13 4 14 4 16 5 9 5 11 5 13 5 14 5 15 6 8 6 9 6 11 6 15 6 17 7 9 7 10 7 13 7 14 8 10 8 12 8 14 8 16 9 12 9 16 10 11 10 15 10 17 11 12 11 16 12 13 12 15 12 17 14 17 15 16 16 17
rmtf18_120 18 57 0 1 0 2 0 4 0 12 0 13 0 16 1 3 1 11 1 14 1 15 2 3 2 11 2 14 2 17 3 5 3 6 3 7 3 8 3 9 3 10 3 12 4 5 4 7 4 8 4 9 4 11 4 17 5 13 5 14 5 15 5 16 6 11 6 13 6 14 6 17 7 13 7 14 7 15 7 16 8 13 8 14 8 15 8 16 9 13 9 14 9 15 9 16 10 11 10 13 10 14 10 17 11 12 11 16 12 14 12 17 15 17 16 17
rmtf18_121 18 59 0 2 0 5 0 6 0 8 0 11 0 14 1 2 1 5 1 6 1 9 1 14 1 15 2 3 2 4 2 10 2 12 2 13 2 17 3 5 3 6 3 7 3 8 3 11 3 16 4 5 4 6 4 8 4 11 4 14 5 10 5 12 5 13 5 17 6 10 6 12 6 13 6 17 7 10 7 12 7 13 7 14 8 9 8 10 8 12 8 15 9 11 9 13 9 16 9 17 10 11 10 16 11 12 11 15 12 16 13 15 14 16 14 17 15 16 15 17
rmtf18_122 18 62 0 2 0 3 0 5 0 6 0 7 0 14 0 15 1 3 1 5 1 6 1 8 1 11 1 14 1 15 2 8 2 9 2 11 2 12 2 13 3 4 3 10 3 12 3 13 3 16 3 17 4 5 4 6 4 8 4 9 4 11 4 14 5 10 5 12 5 13 5 16 5 17 6 10 6 12 6 13 6 16 6 17 7 8 7 9 7 10 7 12 7 13 8 16 8 17 9 15 10 11 10 14 10 15 11 16 11 17 12 14 12 15 13 14 13 15 14 16 14 17 15 16 15 17
rmtf18_123 18 50 0 3 0 8 0 10 0 15 0 16 1 3 1 5 1 9 1 11 1 13 1 17 2 3 2 5 2 9 2 10 2 15 2 17 3 4 3 7 3 14 4 6 4 8 4 10 4 17 5 6 5 8 5 12 5 14 6 9 6 11 6 15 6 16 7 9 7 10 7 12 7 16 8 9 8 11 8 13 9 14 10 11 10 13 11 12 11 14 12 15 12 17 13 14 13 15 14 16 16 17
rmtf18_124 18 54 0 1 0 8 0 10 0 13 0 14 0 16 0 17 1 3 1 5 1 6 1 7 1 9 2 3 2 4 2 6 2 8 2 15 3 10 3 13 3 14 3 16 3 17 4 7 4 10 4 12 4 14 4 17 5 11 5 12 5 13 5 15 5 17 6 10 6 13 6 14 6 16 6 17 7 8 7 13 7 15 7 16 8 9 8 11 8 12 9 13 9 15 9 16 9 17 10 11 10 15 11 14 11 16 12 16 14 15
rmtf18_125 18 60 0 6 0 8 0 11 0 16 1 3 1 5 1 8 1 12 1 13 1 15 1 16 2 3 2 5 2 6 2 8 2 12 2 16 3 4 3 7 3 10 3 11 3 14 3 17 4 5 4 8 4 12 4 13 4 15 4 16 5 9 5 10 5 11 5 14 5 17 6 9 6 10 6 13 6 15 7 8 7 9 7 12 7 13 7 15 8 10 8 14 8 17 9 16 10 12 10 16 11 12 11 13 11 15 12 14 12 17 13 14 13 17 14 15 14 16 15 17 16 17
rmtf18_126 18 50 0 3 0 5 0 9 0 11 0 15 0 16 1 4 1 5 1 8 1 15 1 17 2 4 2 6 2 11 2 15 2 16 3 6 3 7 3 8 3 13 4 7 4 9 4 10 4 12 4 13 5 6 5 7 5 12 5 13 6 9 6 10 7 11 7 14 7 16 8 11 8 12 8 14 8 16 9 14 9 17 10 11 10 15 10 16 11 13 12 15 12 17 13 14 13 17 14 15 16 17
rmtf18_127 18 57 0 2 0 7 0 8 0 9 0 13 0 16 1 4 1 9 1 10 1 12 1 13 1 14 1 16 2 3 2 4 2 5 2 6 2 11 2 17 3 8 3 9 3 12 3 13 3 14 3 16 4 7 4 8 5 7 5 8 5 9 5 13 5 16 6 8 6 9 6 12 6 13 6 14 6 16 7 10 7 12 7 14 7 15 8 10 8 15 9 11 9 15 10 11 10 17 11 12 11 13 11 14 11 16 12 17 13 15 14 17 15 17 16 17
rmtf18_128 18 51 0 3 0 4 0 7 0 12 0 16 0 17 1 3 1 4 1 6 1 8 1 12 1 13 1 16 2 4 2 7 2 8 2 12 2 13 2 14 2 16 3 9 3 14 3 15 4 5 4 11 5 7 5 8 5 10 5 12 5 13 5 14 6 7 6 9 6 17 7 15 8 9 8 15 8 17 9 11 9 12 9 13 9 16 10 15 10 16 10 17 11 15 11 17 12 15 13 15 13 17 14 17
rmtf18_129 18 55 0 2 0 3 0 9 0 12 0 13 0 15 0 17 1 4 1 7 1 9 1 13 1 14 1 15 2 4 2 7 2 11 2 14 3 4 3 5 3 6 3 10 3 11 3 16 4 8 4 12 4 17 5 7 5 9 5 13 5 15 5 17 6 9 6 12 6 13 6 14 6 15 7 10 7 12 7 16 8 10 8 14 8 15 9 10 9 11 9 16 10 13 10 17 11 12 11 13 11 15 11 17 13 16 14 17 15 16 16 17
rmtf18_130 18 61 0 1 0 2 0 7 0 8 0 9 0 10 0 14 1 4 1 5 1 6 1 15 1 16 1 17 2 4 2 5 2 6 2 12 2 13 2 15 2 16 3 4 3 5 3 7 3 15 3 16 3 17 4 8 4 9 4 10 4 14 5 8 5 9 5 10 5 14 6 7 6 8 6 9 6 10 6 11 7 12 7 13 8 12 8 13 8 15 8 16 9 12 9 13 9 15 9 16 10 12 10 13 10 15 10 16 11 12 11 13 11 14 11 15 12 17 13 17 14 16 14 17
rmtf18_131 18 64 0 5 0 8 0 10 0 11 0 12 0 13 0 14 0 15 0 17 1 3 1 5 1 8 1 10 1 11 1 12 1 14 1 15 2 5 2 8 2 10 2 11 2 12 2 13 2 14 2 15 2 17 3 7 3 13 3 17 4 5 4 8 4 10 4 11 4 12 4 13 4 14 4 15 4 17 5 7 5 9 5 16 6 7 6 8 6 16 7 10 7 11 7 12 7 14 7 15 8 9 9 10 9 11 9 12 9 13 9 14 9 15 9 17 10 16 11 16 12 16 13 16 14 16 15 16 16 17
rmtf18_132 18 52 0 2 0 6 0 7 0 8 0 10 0 15 1 2 1 6 1 7 1 10 1 15 1 16 2 4 2 12 2 17 3 4 3 7 3 8 3 10 3 14 3 15 4 5 4 6 4 9 4 11 4 16 5 7 5 8 5 13 5 17 6 13 6 14 7 9 7 11 7 12 8 9 8 11 8 12 8 16 9 13 9 14 10 13 10 17 11 13 11 17 12 13 12 14 13 15 13 16 14 16 14 17 15 17
rmtf18_133 18 60 0 1 0 4 0 5 0 8 0 9 0 15 0 16 1 2 1 3 1 6 1 7 1 11 1 12 1 17 2 4 2 5 2 8 2 9 2 10 2 15 3 4 3 5 3 8 3 9 3 15 3 16 4 6 4 7 4 11 4 12 4 17 5 6 5 13 5 14 6 8 6 9 6 10 6 15 7 9 7 10 7 13 7 15 8 13 8 14 9 14 9 17 10 11 10 12 10 16 10 17 11 13 11 14 11 15 12 13 12 14 12 15 13 16 13 17 14 16 15 17
rmtf18_134 18 64 0 5 0 6 0 7 0 9 0 11 0 15 0 16 0 17 1 2 1 5 1 10 1 14 2 4 2 6 2 7 2 9 2 11 2 17 3 5 3 6 3 7 3 9 3 11 3 15 3 16 3 17 4 8 4 10 4 15 4 16 5 8 5 12 5 13 6 8 6 10 6 12 6 13 6 14 7 8 7 10 7 12 7 13 7 14 8 9 8 11 8 17 9 10 9 12 9 13 9 14 10 11 10 17 11 12 11 13 11 14 12 15 12 16 12 17 13 15 13 16 13 17 14 15 14 16 14 17
rmtf18_135 18 53 0 3 0 6 0 8 0 16 0 17 1 3 1 5 1 6 1 9 1 12 1 17 2 3 2 6 2 7 2 8 2 16 3 4 3 10 3 11 3 13 3 15 4 9 4 14 4 16 4 17 5 7 5 8 5 10 5 16 6 10 6 11 6 13 6 14 6 15 7 9 7 12 7 14 7 17 8 9 8 11 8 13 8 14 9 10 9 15 10 12 10 17 11 16 11 17 12 13 12 16 13 17 15 16 15 17
rmtf18_136 18 55 0 2 0 3 0 6 0 9 0 15 0 16 1 4 1 6 1 9 1 12 1 15 1 16 2 4 2 7 2 8 2 13 2 17 3 4 3 7 3 12 3 13 3 17 4 5 4 10 4 11 5 6 5 8 5 9 5 16 6 11 6 14 7 9 7 14 7 15 7 16 8 12 8 14 8 15 9 10 9 11 9 13 9 17 10 12 10 14 10 15 10 16 11 12 11 15 11 16 13 14 13 15 13 16 14 17 15 17 16 17
rmtf18_137 18 56 0 2 0 3 0 8 0 12 0 15 0 17 1 2 1 4 1 7 1 8 1 11 1 15 1 17 2 5 2 10 2 14 2 16 3 7 3 10 3 11 3 13 3 16 4 5 4 9 4 10 4 12 4 14 5 7 5 8 5 11 5 13 5 17 6 7 6 8 6 10 6 11 6 13 6 16 6 17 7 9 7 12 7 14 8 9 8 14 9 11 9 15 9 16 9 17 10 15 11 12 11 14 12 13 12 16 13 14 13 15 14 17
rmtf18_138 18 64 0 1 0 2 0 4 0 5 0 9 0 13 0 16 1 3 1 6 1 7 1 8 1 11 1 12 1 14 1 15 2 6 2 14 2 17 3 4 3 5 3 9 3 13 3 16 3 17 4 6 4 7 4 8 4 11 4 12 4 14 4 15 5 6 5 7 5 10 5 11 5 12 5 15 6 9 6 13 6 16 7 9 7 13 7 16 7 17 8 9 8 10 8 16 8 17 9 11 9 12 9 14 9 15 10 13 10 14 11 13 11 16 11 17 12 13 12 16 12 17 13 15 14 16 15 16 15 17
rmtf18_139 18 54 0 3 0 8 0 9 0 10 0 12 0 15 0 17 1 3 1 4 1 5 1 6 1 10 2 3 2 8 2 12 2 14 2 15 3 7 3 11 3 13 3 16 4 8 4 9 4 12 4 13 4 15 4 17 5 8 5 12 5 13 5 14 5 16 6 9 6 11 6 12 6 13 6 15 6 17 7 8 7 9 7 10 7 12 7 15 7 17 8 11 9 14 9 16 10 11 10 13 10 14 10 16 14 17 15 16 16 17
rmtf18_140 18 52 0 6 0 9 0 12 0 13 0 15 0 17 1 5 1 6 1 7 1 9 1 11 1 15 2 3 2 6 2 11 2 13 2 17 3 5 3 7 3 9 3 12 3 15 3 16 4 6 4 9 4 11 4 13 4 15 4 17 5 13 5 14 6 10 6 14 6 16 7 8 7 10 7 17 8 12 8 13 8 14 8 16 9 10 9 14 10 11 10 13 10 15 11 12 11 14 11 16 14 15 14 17 16 17
rmtf18_141 18 65 0 4 0 5 0 6 0 8 0 9 0 10 0 11 0 13 0 15 1 4 1 5 1 6 1 8 1 9 1 10 1 12 1 13 1 15 2 5 2 9 2 12 2 14 2 16 3 4 3 5 3 6 3 8 3 9 3 10 3 11 3 13 3 15 4 7 4 14 4 16 4 17 5 7 5 17 6 7 6 14 6 16 6 17 7 8 7 9 7 10 7 11 7 13 7 15 8 14 8 16 8 17 9 17 10 14 10 16 10 17 11 12 11 14 11 16 12 17 13 14 13 16 13 17 14 15 15 16 15 17
rmtf18_142 18 52 0 1 0 4 0 11 0 14 0 17 1 2 1 6 1 9 1 10 1 15 1 16 2 7 2 8 2 14 2 17 3 7 3 8 3 10 3 15 3 17 4 7 4 8 4 10 4 15 4 16 5 6 5 8 5 9 5 10 5 15 5 17 6 7 6 13 6 14 7 9 7 11 7 12 8 12 8 13 9 13 9 14 10 11 10 12 10 14 11 13 12 15 12 17 13 15 13 16 14 15 14 16 16 17
rmtf18_143 18 57 0 1 0 2 0 5 0 6 0 8 0 10 0 12 0 13 1 3 1 4 1 9 1 15 1 16 2 3 2 4 2 7 2 9 2 16 3 6 3 11 3 12 3 13 3 14 3 17 4 6 4 11 4 12 4 13 4 14 4 17 5 7 5 11 5 16 6 7 6 9 6 16 7 13 7 14 7 15 7 17 8 11 8 14 8 15 8 17 9 11 9 12 9 13 9 14 9 17 10 11 10 15 10 16 12 15 12 16 13 16 14 16 16 17
rmtf18_144 18 60 0 1 0 2 0 5 0 7 0 8 0 11 0 13 1 3 1 4 1 12 1 14 1 15 1 16 2 3 2 4 2 10 2 12 2 15 2 16 3 6 3 8 3 13 4 5 4 7 4 8 4 11 4 13 5 6 5 9 5 10 5 12 5 16 5 17 6 7 6 11 6 14 6 15 7 9 7 10 7 12 7 16 7 17 8 9 8 12 8 14 8 16 8 17 9 11 9 13 9 15 10 11 10 13 10 14 11 12 11 16 11 17 12 13 13 16 13 17 15 17
rmtf18_145 18 53 0 1 0 2 0 6 0 12 0 15 1 4 1 7 1 8 1 10 2 3 2 4 2 5 2 10 2 13 3 8 3 14 3 15 3 16 3 17 4 9 4 11 4 14 4 16 4 17 5 7 5 8 5 12 5 15 5 16 5 17 6 8 6 9 6 10 6 14 6 16 6 17 7 9 7 11 7 13 7 14 8 11 8 13 9 12 9 15 10 12 10 15 11 12 11 15 12 13 12 14 13 15 13 16 13 17
rmtf18_146 18 58 0 1 0 3 0 6 0 8 0 13 0 14 0 17 1 2 1 7 1 9 1 10 1 11 1 16 2 3 2 5 2 6 2 13 2 15 2 17 3 7 3 9 3 10 3 11 3 16 4 5 4 9 4 12 4 13 4 17 5 8 5 14 5 16 6 9 6 10 6 12 6 16 7 8 7 12 7 13 7 14 7 17 8 9 8 10 8 11 8 15 9 14 10 13 10 14 10 17 11 12 11 13 11 14 11 17 12 15 13 16 14 15 15 16 16 17
rmtf18_147 18 64 0 3 0 4 0 7 0 9 0 10 0 11 0 12 0 17 1 3 1 4 1 6 1 7 1 9 1 10 1 12 1 17 2 3 2 8 2 9 2 10 2 11 2 12 2 17 3 5 3 13 3 14 3 15 3 16 4 8 4 14 4 15 4 16 5 6 5 8 5 9 5 10 5 12 5 17 6 11 6 13 6 16 7 8 7 14 7 15 7 16 8 13 9 13 9 14 9 15 9 16 10 13 10 14 10 15 10 16 11 14 11 15 12 13 12 14 12 15 12 16 13 17 14 17 15 17 16 17
rmtf18_148 18 53 0 1 0 7 0 8 0 9 0 10 0 11 0 12 1 3 1 6 1 13 1 14 2 4 2 7 2 10 2 11 2 14 2 15 3 4 3 7 3 10 3 11 3 15 4 5 4 8 4 9 4 12 5 7 5 10 5 13 5 14 5 15 6 7 6 8 6 12 6 17 7 16 8 13 8 14 8 15 9 13 9 16 9 17 10 16 10 17 11 13 11 16 11 17 12 13 12 16 14 16 14 17 15 16 15 17
rmtf18_149 18 57 0 2 0 3 0 7 0 9 0 10 0 14 0 17 1 2 1 3 1 7 1 9 1 12 1 13 1 17 2 4 2 6 2 8 2 11 3 6 3 15 3 16 4 7 4 9 4 12 4 13 4 15 4 16 4 17 5 6 5 7 5 12 5 13 5 15 5 16 6 9 6 10 6 14 6 17 7 8 7 11 8 9 8 10 8 14 8 16 8 17 9 11 10 12 10 13 10 15 11 12 11 13 11 15 11 16 11 17 12 14 13 14 14 15
rmtf18_150 18 61 0 2 0 6 0 9 0 10 0 15 0 16 1 3 1 6 1 7 1 11 1 15 1 16 1 17 2 3 2 7 2 11 2 17 3 4 3 8 3 9 3 10 3 12 3 14 4 6 4 7 4 11 4 15 4 16 4 17 5 6 5 10 5 11 5 15 5 16 5 17 6 8 6 12 6 13 6 14 7 8 7 10 7 12 7 13 7 14 8 11 8 15 8 16 8 17 9 11 9 13 11 12 11 14 12 15 12 16 12 17 13 15 13 16 13 17 14 15 14 16 14 17
rmtf18_151 18 55 0 1 0 2 0 7 0 9 0 14 0 15 1 3 1 6 1 8 1 12 1 16 2 3 2 11 2 13 2 16 3 4 3 5 3 9 3 15 3 17 4 6 4 7 4 12 4 16 5 6 5 7 5 10 5 12 5 14 6 9 6 11 6 13 6 15 6 17 7 8 7 13 8 9 8 11 8 15 8 17 9 10 9 12 10 11 10 13 10 16 10 17 11 12 11 14 12 13 12 15 12 17 13 14 14 16 14 17 15 16
rmtf18_152 18 64 0 2 0 5 0 13 0 16 0 17 1 4 1 5 1 7 1 9 1 10 1 13 1 16 2 3 2 4 2 7 2 9 2 10 3 5 3 13 3 16 3 17 4 6 4 14 4 17 5 6 5 8 5 11 5 12 5 14 5 15 6 7 6 9 6 10 6 13 6 16 7 8 7 11 7 12 7 14 7 15 8 9 8 10 8 13 8 16 8 17 9 11 9 12 9 14 9 15 10 11 10 12 10 14 10 15 11 13 11 16 11 17 12 13 12 16 12 17 13 14 13 15 14 16 15 16 15 17
rmtf18_153 18 59 0 2 0 3 0 5 0 6 0 7 0 8 0 15 0 16 1 4 1 7 1 12 1 13 1 14 1 15 2 4 2 9 2 13 2 14 2 17 3 4 3 9 3 13 3 14 3 17 4 5 4 6 4 8 4 10 4 16 5 12 5 13 5 14 6 9 6 13 6 14 6 17 7 9 7 10 7 11 7 17 8 9 8 13 8 14 8 17 9 12 9 15 9 16 10 12 10 13 10 14 10 15 11 12 11 13 11 15 11 16 12 17 14 16 15 17 16 17
rmtf18_154 18 59 0 1 0 3 0 6 0 9 0 10 0 13 0 17 1 4 1 5 1 7 1 8 1 12 1 15 2 3 2 5 2 8 2 12 2 13 2 15 3 4 3 11 3 14 4 6 4 10 4 13 4 16 4 17 5 6 5 10 5 11 5 16 5 17 6 7 6 8 6 12 6 15 7 9 7 10 7 13 7 14 7 17 8 9 8 10 8 11 8 14 8 17 9 12 9 15 9 16 10 12 10 15 11 12 11 13 11 15 12 14 12 17 14 15 14 16 15 17
rmtf18_155 18 54 0 2 0 4 0 7 0 8 0 11 0 15 0 17 1 2 1 4 1 7 1 8 1 11 1 14 1 17 2 6 2 9 2 10 2 12 2 13 3 5 3 6 3 8 3 10 3 14 3 17 4 5 4 6 4 10 4 12 4 13 5 7 5 9 5 11 6 7 6 11 6 15 7 13 7 16 8 13 8 16 9 15 9 16 9 17 10 15 10 16 11 13 11 16 12 15 12 16 12 17 13 14 13 17 14 15 14 16
rmtf18_156 18 55 0 2 0 4 0 11 0 14 0 16 1 6 1 7 1 10 1 16 1 17 2 5 2 7 2 9 2 10 2 17 3 4 3 5 3 9 3 11 3 16 3 17 4 6 4 7 4 8 4 10 4 12 4 13 5 6 5 8 5 12 5 13 6 9 6 11 6 14 6 15 7 11 7 14 7 15 8 9 8 11 8 15 8 17 9 12 9 13 10 11 10 14 10 15 11 12 11 13 12 15 12 17 13 14 13 16 14 17 15 16
rmtf18_157 18 55 0 1 0 2 0 3 0 11 0 16 1 4 1 5 1 8 1 13 1 14 2 6 2 7 2 8 2 9 2 15 2 17 3 5 3 9 3 12 3 17 4 6 4 7 4 10 4 15 4 17 5 6 5 7 5 10 5 15 6 11 6 13 6 14 6 16 7 11 7 12 7 13 7 16 8 11 8 12 8 16 9 10 9 14 9 16 10 11 10 12 10 13 11 15 11 17 12 14 13 15 13 17 14 15 14 17 15 16 16 17
rmtf18_158 18 59 0 1 0 2 0 4 0 5 0 7 0 11 0 17 1 3 1 6 1 12 1 13 1 14 2 6 2 10 2 14 2 15 3 4 3 5 3 8 3 9 3 11 3 15 3 16 3 17 4 6 4 12 4 13 4 14 5 6 5 12 5 13 5 14 6 8 6 9 6 11 6 16 6 17 7 8 7 9 7 12 7 16 8 10 8 13 8 14 9 10 9 13 9 14 10 12 10 16 11 12 11 13 11 14 12 15 12 17 13 15 13 16 13 17 14 16 14 17
rmtf18_159 18 58 0 4 0 5 0 7 0 8 0 12 1 4 1 6 1 8 1 9 1 11 1 12 1 15 2 4 2 6 2 8 2 9 2 11 2 12 2 15 3 4 3 6 3 9 3 11 3 12 3 15 3 16 4 14 4 17 5 6 5 9 5 10 5 13 5 16 6 7 6 14 6 17 7 9 7 11 7 15 7 16 8 10 8 13 8 16 8 17 9 14 9 17 10 11 10 12 10 14 10 15 11 13 11 17 12 13 12 17 13 14 13 15 14 16 15 17
rmtf18_160 18 53 0 1 0 3 0 4 0 9 0 12 1 7 1 13 1 16 1 17 2 4 2 10 2 11 2 15 2 16 3 10 3 11 3 15 3 16 4 5 4 6 4 8 4 14 4 17 5 9 5 11 5 13 5 15 5 16 6 7 6 10 6 11 6 16 7 9 7 12 7 15 8 9 8 11 8 13 8 15 8 16 9 10 9 14 9 17 10 13 11 14 11 17 12 13 12 16 12 17 13 14 14 15 14 16 15 17
rmtf18_161 18 62 0 1 0 2 0 3 0 4 0 9 0 12 0 17 1 5 1 6 1 7 1 8 1 10 1 11 1 14 2 5 2 6 2 8 2 10 2 11 2 14 2 16 3 7 3 11 3 13 3 15 4 5 4 6 4 8 4 10 4 11 4 14 4 16 5 9 5 12 5 13 5 17 6 9 6 12 6 13 6 17 7 12 7 16 8 9 8 12 8 13 8 17 9 10 9 11 9 14 9 16 10 12 10 13 10 17 11 12 11 17 12 15 13 14 13 16 14 15 14 17 15 16 16 17
rmtf18_162 18 52 0 2 0 4 0 5 0 7 0 8 0 12 0 13 0 16 1 2 1 3 1 5 1 7 1 13 1 16 2 14 2 15 2 17 3 4 3 8 3 10 3 12 3 15 4 6 4 9 4 17 5 6 5 9 5 11 6 7 6 8 6 13 6 14 6 16 7 10 7 11 7 15 8 9 8 17 9 10 9 12 9 15 10 13 10 14 10 16 10 17 11 12 11 13 11 16 11 17 12 14 13 15 15 16
rmtf18_163 18 55 0 1 0 6 0 7 0 8 0 11 0 12 0 14 1 4 1 5 1 10 1 16 2 5 2 6 2 7 2 8 2 11 2 12 3 4 3 6 3 8 3 12 3 13 4 11 4 14 4 15 4 17 5 9 5 13 5 14 5 15 5 17 6 9 6 10 6 15 6 17 7 9 7 10 7 13 7 15 7 17 8 9 8 10 8 16 8 17 9 11 9 12 10 11 10 12 10 14 11 13 12 16 12 17 13 16 14 16 15 16
rmtf18_164 18 56 0 1 0 2 0 4 0 6 0 9 0 11 0 15 1 5 1 8 1 12 1 13 1 17 2 5 2 7 2 8 2 13 2 17 3 5 3 7 3 8 3 9 3 17 4 10 4 12 4 13 4 17 5 10 5 11 5 14 5 15 5 16 6 8 6 12 6 13 6 14 6 16 7 10 7 11 7 12 7 14 7 16 8 10 8 11 8 15 9 10 9 12 9 13 9 14 9 16 11 13 11 17 12 15 13 15 14 17 15 17 16 17
rmtf18_165 18 55 0 1 0 6 0 9 0 12 0 13 0 16 1 2 1 3 1 4 1 14 1 17 2 5 2 9 2 10 2 11 2 13 2 16 3 6 3 8 3 10 3 11 3 15 4 6 4 7 4 8 4 10 4 15 5 6 5 7 5 8 5 15 6 14 6 17 7 9 7 11 7 13 7 16 8 9 8 12 8 13 8 17 9 14 9 15 10 12 10 14 10 17 11 12 11 14 11 17 12 15 13 14 13 15 14 16 15 16 16 17
rmtf18_166 18 59 0 2 0 3 0 4 0 6 0 8 0 14 0 17 1 8 1 11 1 14 1 15 1 16 1 17 2 5 2 7 2 9 2 10 2 13 2 15 3 5 3 9 3 10 3 11 3 13 3 15 4 5 4 7 4 9 4 10 4 13 4 15 5 8 5 14 5 16 5 17 6 9 6 10 6 11 6 13 6 15 6 16 7 8 7 11 7 14 7 16 7 17 8 12 9 12 9 14 9 17 10 12 10 14 10 17 11 12 12 13 12 15 12 16 13 14 13 17
rmtf18_167 18 60 0 3 0 5 0 7 0 9 0 11 0 12 0 14 0 15 1 2 1 4 1 9 1 13 1 15 1 16 1 17 2 5 2 6 2 7 2 11 2 12 2 14 3 4 3 6 3 8 3 10 3 13 3 16 4 5 4 7 4 11 4 12 4 14 5 8 5 10 5 13 5 16 6 9 6 15 6 17 7 10 7 13 7 16 7 17 8 9 8 12 8 15 8 17 9 10 10 11 10 12 10 14 10 15 11 13 11 16 11 17 12 13 12 16 13 14 14 16 14 17
rmtf18_168 18 53 0 10 0 12 0 13 0 16 0 17 1 8 1 9 1 12 1 17 2 6 2 9 2 11 2 13 2 14 2 15 3 4 3 6 3 11 3 13 3 14 3 16 3 17 4 7 4 8 4 9 4 12 5 11 5 12 5 13 5 16 5 17 6 7 6 8 6 10 6 12 7 11 7 13 7 14 7 16 7 17 8 11 8 13 8 14 8 15 8 16 9 10 9 16 10 11 10 14 10 15 12 14 12 15 15 17
rmtf18_169 18 53 0 3 0 7 0 8 0 9 0 11 0 17 1 2 1 4 1 5 1 8 1 13 1 16 2 3 2 11 2 12 2 14 2 17 3 5 3 13 3 15 3 16 4 10 4 11 4 12 4 14 4 15 5 6 5 9 5 17 6 7 6 11 6 15 6 16 7 10 7 12 7 13 7 14 8 10 8 12 8 14 8 15 9 10 9 12 9 13 9 14 9 15 10 16 10 17 11 13 12 16 13 17 14 16 15 17
rmtf18_170 18 53 0 2 0 5 0 14 0 15 0 17 1 2 1 4 1 6 1 7 1 11 1 13 2 8 2 9 2 10 2 12 2 16 3 4 3 7 3 8 3 12 3 16 3 17 4 5 4 14 4 15 5 6 5 7 5 11 5 13 5 16 6 9 6 10 6 12 6 15 7 9 7 10 7 15 8 11 8 14 8 15 9 11 9 13 9 14 10 14 10 17 11 12 11 17 12 13 12 14 13 15 13 17 14 16 15 16
rmtf18_171 18 51 0 1 0 9 0 13 0 14 0 15 0 17 1 3 1 6 1 12 1 16 2 6 2 9 2 11 2 12 2 17 3 5 3 7 3 11 3 15 3 17 4 8 4 9 4 11 4 12 4 15 4 17 5 8 5 9 5 12 5 14 5 16 6 7 6 8 6 15 7 9 7 12 7 14 7 16 8 10 8 13 9 10 10 11 10 12 10 15 10 17 11 13 11 14 12 13 13 16 15 16 16 17
rmtf18_172 18 59 0 3 0 4 0 5 0 7 0 8 1 2 1 5 1 7 1 9 1 10 1 15 1 16 2 4 2 6 2 11 2 12 2 13 2 17 3 6 3 9 3 10 3 14 3 16 4 9 4 10 4 14 4 15 4 16 5 6 5 11 5 12 5 13 5 17 6 7 6 8 6 15 7 11 7 12 7 14 7 17 8 11 8 14 8 16 9 11 9 12 9 13 9 17 10 11 10 12 10 13 10 17 11 15 12 15 12 16 13 14 13 15 13 16 15 17 16 17
rmtf18_173 18 50 0 4 0 9 0 10 0 12 1 4 1 12 1 13 1 14 1 17 2 3 2 6 2 7 2 10 2 14 2 15 2 17 3 4 3 9 3 11 3 16 4 5 4 6 4 8 4 15 5 7 5 11 5 14 5 16 6 9 6 11 6 16 7 9 7 12 7 13 8 12 8 13 8 14 8 17 9 14 9 15 9 17 10 13 10 16 11 12 11 13 11 17 12 16 13 15 15 16 16 17
rmtf18_174 18 53 0 4 0 7 0 10 0 11 0 17 1 2 1 5 1 10 1 11 1 12 1 14 1 16 2 3 2 4 2 6 2 9 2 15 3 5 3 8 3 10 3 14 3 16 3 17 4 5 4 12 4 14 4 16 5 7 5 13 6 7 6 8 6 13 6 14 6 16 6 17 7 9 7 12 7 15 8 9 8 11 8 12 9 13 9 14 9 16 9 17 10 13 11 15 12 13 12 17 13 15 14 15 15 16 15 17
rmtf18_175 18 59 0 6 0 8 0 9 0 11 0 13 0 15 0 16 1 8 1 9 1 11 1 13 1 15 1 16 1 17 2 3 2 5 2 6 2 11 2 12 2 15 2 16 3 7 3 8 3 9 3 10 3 13 3 17 4 5 4 11 4 12 4 15 4 16 4 17 5 7 5 8 5 9 5 10 5 13 6 7 6 10 6 14 6 17 7 11 7 12 7 15 7 16 8 12 8 14 9 12 9 14 10 11 10 12 10 15 10 16 11 14 12 13 13 14 14 15 14 16
rmtf18_176 18 56 0 1 0 3 0 4 0 5 0 7 0 13 0 16 1 9 1 11 1 14 1 15 1 17 2 7 2 9 2 11 2 12 2 14 2 17 3 6 3 10 3 14 3 15 3 17 4 6 4 10 4 14 4 15 4 17 5 9 5 11 5 12 5 14 5 17 6 7 6 11 6 16 7 8 7 10 7 15 8 9 8 11 8 12 8 14 8 17 9 10 9 16 10 12 10 13 11 13 12 15 12 16 13 14 13 15 13 17 14 16 16 17
rmtf18_177 18 57 0 1 0 3 0 5 0 6 0 8 0 12 1 10 1 13 1 14 2 3 2 6 2 9 2 11 2 12 2 13 2 16 3 4 3 10 3 15 3 17 4 6 4 9 4 11 4 12 4 13 4 16 5 7 5 9 5 11 5 13 5 14 5 16 6 7 6 15 6 17 7 8 7 10 8 9 8 11 8 13 8 14 8 16 9 10 9 15 9 17 10 11 10 12 10 16 11 15 11 17 12 14 13 15 13 17 14 15 14 17 15 16 16 17
rmtf18_178 18 53 0 2 0 3 0 4 0 7 0 13 0 14 0 15 1 4 1 6 1 9 1 14 1 15 1 16 2 5 2 6 2 9 2 11 3 5 3 8 3 12 3 16 3 17 4 5 4 8 4 11 5 7 5 10 5 13 6 8 6 10 6 12 6 17 7 8 7 12 7 16 7 17 8 9 8 14 8 15 9 10 9 12 9 13 10 14 10 15 10 16 11 12 11 14 11 16 11 17 12 15 13 16 13 17 15 17
rmtf18_179 18 53 0 4 0 7 0 8 0 11 0 13 0 16 1 4 1 6 1 11 1 13 1 14 1 16 1 17 2 4 2 7 2 8 2 10 2 11 2 13 3 4 3 6 3 8 3 11 3 13 3 16 4 9 4 15 5 7 5 8 5 10 5 13 5 15 6 7 6 12 7 9 7 14 8 12 8 14 8 17 9 11 9 13 9 16 9 17 10 12 10 14 10 16 10 17 11 15 12 13 12 15 14 15 15 16 15 17
rmtf18_180 18 58 0 1 0 2 0 5 0 8 0 10 0 11 0 13 1 3 1 6 1 9 1 14 1 15 1 16 2 3 2 4 2 7 2 12 2 15 2 16 3 5 3 10 3 11 3 13 3 17 4 5 4 8 4 13 4 14 5 6 5 9 5 15 5 16 6 7 6 10 6 11 6 12 6 17 7 8 7 13 7 14 8 9 8 16 8 17 9 10 9 11 9 12 10 14 10 15 10 16 11 14 11 15 11 16 12 13 12 14 13 15 13 16 14 17 15 17
rmtf18_181 18 54 0 2 0 4 0 6 0 9 0 15 0 16 1 3 1 7 1 16 1 17 2 3 2 8 2 12 2 13 3 4 3 5 3 6 3 10 3 14 3 15 4 7 4 12 4 13 5 8 5 9 5 11 5 13 5 16 6 8 6 11 6 13 7 8 7 9 7 11 7 15 8 10 8 14 8 17 9 10 9 12 9 14 9 17 10 11 10 13 10 16 11 12 11 14 11 17 12 15 12 16 13 14 13 15 13 17 14 16
rmtf18_182 18 67 0 2 0 5 0 6 0 9 0 12 0 13 0 14 0 16 1 2 1 5 1 6 1 8 1 12 1 13 1 16 2 3 2 4 2 7 2 10 2 11 2 15 3 9 3 12 3 13 3 14 3 17 4 5 4 6 4 9 4 12 4 13 4 14 4 16 5 7 5 10 5 11 5 15 5 17 6 7 6 10 6 11 6 15 6 17 7 9 7 12 7 13 7 14 7 16 8 9 8 14 8 17 9 10 9 11 9 15 10 12 10 13 10 14 10 16 11 12 11 13 11 14 11 16 12 15 13 15 14 15 15 16 16 17
rmtf18_183 18 59 0 3 0 7 0 9 0 12 0 13 0 16 0 17 1 3 1 8 1 10 1 12 1 13 1 16 2 6 2 7 2 10 2 12 2 13 3 4 3 5 3 6 3 11 3 14 3 15 4 7 4 9 4 12 4 13 4 16 4 17 5 7 5 9 5 10 5 12 5 13 5 16 6 9 6 16 6 17 7 8 7 15 8 9 8 11 8 14 8 17 9 15 10 11 10 14 10 15 10 17 11 12 11 13 11 16 12 14 12 15 13 14 13 15 14 16 15 16
rmtf18_184 18 56 0 1 0 2 0 4 0 5 0 7 0 8 0 15 1 6 1 10 1 13 1 14 1 17 2 9 2 10 2 12 2 16 3 5 3 10 3 13 3 14 3 17 4 6 4 9 4 10 4 11 4 13 4 16 5 6 5 9 5 11 5 16 6 7 6 8 6 12 6 15 7 9 7 10 7 11 7 13 7 16 8 10 8 13 8 14 8 17 9 14 9 17 10 15 11 12 11 17 12 13 12 14 13 15 14 15 14 16 15 17 16 17
rmtf18_185 18 56 0 1 0 3 0 6 0 7 0 15 1 5 1 8 1 11 1 12 1 14 2 4 2 6 2 7 2 8 2 13 2 17 3 5 3 8 3 11 3 13 4 5 4 11 4 12 4 14 4 15 5 7 5 9 5 10 5 16 5 17 6 10 6 11 6 12 7 11 7 12 7 14 8 9 8 10 8 16 9 11 9 12 9 14 9 15 10 14 10 15 11 16 11 17 12 13 12 16 12 17 13 14 13 15 14 16 14 17 15 16 15 17
rmtf18_186 18 58 0 2 0 3 0 9 0 12 0 16 1 3 1 4 1 8 1 9 1 10 1 15 1 16 2 4 2 8 2 11 2 13 2 14 2 15 3 5 3 6 3 7 3 17 4 5 4 6 4 7 4 12 4 17 5 8 5 9 5 10 5 13 5 15 6 8 6 9 6 10 6 15 6 16 7 8 7 11 7 13 7 14 7 15 8 12 8 17 9 11 9 14 9 17 10 11 10 12 10 17 11 16 12 13 12 14 12 15 13 16 13 17 14 16 15 17
rmtf18_187 18 56 0 6 0 7 0 8 0 9 0 10 0 15 0 17 1 2 1 5 1 6 1 9 1 10 1 15 2 7 2 8 2 13 2 16 3 6 3 7 3 8 3 10 3 16 3 17 4 6 4 7 4 8 4 9 4 10 4 15 4 17 5 12 5 16 5 17 6 11 6 12 6 14 7 11 7 12 7 14 8 11 8 12 8 14 9 12 9 14 9 16 10 11 10 12 10 14 11 16 11 17 12 13 12 15 13 17 14 15 14 17 15 16
rmtf18_188 18 58 0 2 0 4 0 5 0 10 0 11 0 13 0 17 1 2 1 4 1 5 1 9 1 11 1 13 2 3 2 8 2 12 2 15 2 16 3 4 3 6 3 7 3 10 3 11 3 17 4 8 4 12 4 15 4 16 5 6 5 8 5 14 5 16 6 9 6 12 6 13 7 8 7 9 7 12 7 13 7 14 7 16 8 10 8 11 8 17 9 10 9 15 9 17 10 12 10 14 10 16 11 12 11 14 11 16 12 17 13 15 14 15 14 17 16 17
rmtf18_189 18 61 0 2 0 3 0 9 0 11 0 13 0 14 0 17 1 2 1 3 1 9 1 11 1 13 1 14 1 17 2 4 2 6 2 7 2 8 2 10 2 12 3 4 3 7 3 8 3 10 3 12 3 16 4 9 4 11 4 13 4 14 4 17 5 8 5 11 5 13 5 14 5 17 6 9 6 11 6 13 6 16 6 17 7 9 7 11 7 14 7 15 7 17 8 9 8 15 9 10 9 12 10 11 10 13 10 14 10 17 11 12 12 13 12 14 12 17 13 15 14 16 15 16
rmtf18_190 18 58 0 2 0 3 0 5 0 6 0 7 0 12 0 13 0 16 1 2 1 5 1 6 1 7 1 14 1 15 1 16 2 4 2 9 2 11 2 17 3 4 3 9 3 11 3 14 3 15 3 17 4 6 4 8 4 10 4 12 5 8 5 10 5 11 5 17 6 9 6 11 6 17 7 8 7 9 7 11 7 17 8 13 8 14 8 16 9 10 9 12 9 13 10 14 10 15 10 16 11 12 11 13 11 16 12 14 12 15 12 17 13 15 13 17 16 17
rmtf18_191 18 57 0 2 0 3 0 4 0 7 0 10 0 13 0 15 0 17 1 2 1 3 1 7 1 8 1 10 1 13 1 17 2 11 2 12 2 14 2 16 3 5 3 6 3 12 3 14 3 16 4 5 4 6 4 8 4 12 4 14 4 16 5 10 5 11 5 13 5 17 6 9 6 10 6 11 6 13 7 9 7 11 7 14 7 16 8 15 9 12 9 15 9 17 10 12 10 14 10 16 11 15 12 13 13 14 13 16 14 15 14 17 15 16 16 17
rmtf18_192 18 59 0 6 0 7 0 11 0 14 0 15 0 16 1 2 1 4 1 6 1 7 1 11 1 12 1 14 2 3 2 13 2 15 2 16 2 17 3 5 3 7 3 8 3 10 3 12 4 9 4 10 4 13 4 15 4 17 5 6 5 11 5 14 5 15 5 16 6 8 6 9 6 10 6 13 6 17 7 9 7 13 7 17 8 11 8 14 8 15 8 16 9 11 9 14 9 16 10 11 10 14 10 16 11 13 11 17 12 13 12 15 12 16 12 17 13 14 14 17
rmtf18_193 18 54 0 4 0 7 0 10 0 11 0 15 0 17 1 2 1 3 1 7 1 8 1 15 1 16 1 17 2 4 2 10 2 11 2 13 2 14 3 6 3 11 3 13 3 14 4 5 4 6 4 12 4 16 5 7 5 10 5 11 5 13 5 15 6 8 6 9 6 10 6 15 7 9 7 12 7 14 8 11 8 13 8 14 9 11 9 16 9 17 10 12 10 16 11 12 12 15 12 17 13 16 13 17 14 15 14 16 14 17
rmtf18_194 18 54 0 5 0 6 0 10 0 12 0 14 0 17 1 2 1 4 1 7 1 11 1 13 1 15 1 17 2 5 2 6 2 9 2 10 2 12 3 5 3 7 3 10 3 11 3 13 3 15 3 17 4 5 4 6 4 12 4 14 4 16 5 8 6 7 6 11 6 13 6 15 7 12 7 14 7 16 8 10 8 13 8 14 8 15 8 17 9 13 9 14 9 16 9 17 10 16 11 12 11 14 11 16 12 13 12 15 15 16
rmtf18_195 18 49 0 2 0 3 0 11 0 16 1 2 1 3 1 7 1 8 2 4 2 10 2 12 2 13 3 5 3 6 3 9 3 14 3 15 4 6 4 9 4 11 4 16 5 11 5 13 5 17 6 7 6 8 6 10 6 12 7 9 7 11 7 16 8 11 8 13 8 17 9 10 9 12 9 13 10 11 10 16 11 14 11 15 12 14 12 15 12 17 13 14 13 15 14 16 15 16 16 17
rmtf18_196 18 63 0 4 0 7 0 8 0 9 0 12 0 13 0 16 0 17 1 5 1 9 1 10 1 12 1 13 1 14 2 4 2 7 2 8 2 9 2 12 2 13 2 16 2 17 3 4 3 5 3 7 3 9 3 12 3 13 3 16 4 10 4 11 4 14 4 15 5 6 5 8 5 17 6 9 6 10 6 12 6 13 6 14 7 10 7 11 7 14 7 15 8 10 8 11 8 14 8 15 9 11 9 15 10 16 10 17 11 12 11 13 11 16 11 17 12 15 13 15 14 16 14 17 15 16 15 17
rmtf18_197 18 53 0 1 0 5 0 6 0 12 0 16 1 2 1 3 1 4 1 8 1 9 2 6 2 10 2 12 2 14 2 16 3 5 3 6 3 12 3 15 3 17 4 5 4 7 4 11 4 15 4 17 5 10 5 13 5 14 6 7 6 11 6 13 7 8 7 12 7 14 7 16 8 10 8 15 8 17 9 10 9 13 9 14 9 16 10 11 11 12 11 14 11 16 12 13 13 15 13 17 14 15 14 17 15 16 16 17
rmtf18_198 18 57 0 1 0 3 0 7 0 11 0 13 0 16 1 5 1 9 1 10 1 12 1 15 1 17 2 5 2 11 2 12 2 13 2 16 2 17 3 8 3 9 3 10 3 12 3 15 4 5 4 9 4 10 4 12 4 13 4 17 5 6 5 8 5 14 6 7 6 11 6 12 6 13 6 16 7 9 7 10 7 15 7 17 8 11 8 13 8 16 8 17 9 11 9 14 9 16 10 11 10 14 10 16 11 15 12 14 13 14 13 15 14 17 15 16
rmtf18_199 18 54 0 1 0 2 0 3 0 13 0 16 0 17 1 5 1 6 1 11 1 15 2 4 2 9 2 10 2 11 2 12 2 14 3 5 3 6 3 7 3 15 4 5 4 7 4 15 4 16 4 17 5 8 5 9 5 13 5 14 6 9 6 10 6 12 6 16 7 9 7 10 7 11 7 12 7 14 8 10 8 11 8 15 8 16 9 15 9 17 10 13 10 17 11 13 11 17 12 13 12 15 12 17 14 15 14 16 14 17
rmtf18_200 18 53 0 8 0 9 0 14 0 15 0 17 1 6 1 8 1 10 1 13 1 14 1 17 2 5 2 6 2 8 2 13 2 14 2 17 3 4 3 8 3 10 3 11 3 13 3 17 4 9 4 12 4 14 4 15 4 16 5 9 5 10 5 11 5 12 6 9 6 11 6 12 6 15 7 8 7 9 7 14 7 15 7 17 8 12 8 16 9 13 10 15 10 16 11 14 11 16 12 13 12 17 13 15 13 16 16 17
rmtf18_201 18 60 0 2 0 5 0 8 0 9 0 13 0 17 1 7 1 9 1 11 1 13 1 14 2 10 2 11 2 12 2 14 2 16 3 5 3 8 3 9 3 10 3 11 3 13 3 14 3 16 4 5 4 8 4 9 4 10 4 11 4 13 4 14 4 16 5 6 5 7 5 12 5 15 6 8 6 9 6 10 6 11 6 13 6 14 6 16 7 8 7 10 7 16 7 17 8 12 8 15 9 12 9 15 10 15 11 15 11 17 12 13 12 17 13 15 14 15 14 17 15 16
rmtf18_202 18 53 0 1 0 4 0 5 0 13 0 14 0 16 0 17 1 2 1 7 1 8 1 12 1 15 2 3 2 4 2 6 2 11 2 16 3 5 3 7 3 8 3 13 3 14 4 8 4 9 4 10 4 15 5 9 5 11 5 12 5 15 6 8 6 9 6 10 6 14 6 17 7 9 7 11 7 17 8 11 8 16 9 13 9 16 10 11 10 12 10 13 11 14 12 14 12 16 12 17 13 15 14 15 15 16 15 17
rmtf18_203 18 57 0 3 0 5 0 6 0 8 0 14 0 15 0 16 1 4 1 6 1 10 1 11 1 17 2 4 2 9 2 12 2 13 2 15 3 4 3 7 3 11 3 12 3 17 4 5 4 8 4 14 4 16 5 7 5 9 5 10 5 11 5 13 6 7 6 9 6 12 6 13 7 8 7 14 7 15 7 16 8 9 8 10 8 11 8 13 9 14 9 16 9 17 10 12 10 14 10 15 10 16 11 14 11 15 11 16 13 14 13 16 13 17 15 17
rmtf18_204 18 57 0 3 0 6 0 8 0 11 0 12 1 4 1 5 1 8 1 11 1 12 1 17 2 3 2 4 2 5 2 8 2 11 2 15 2 16 3 7 3 9 3 10 3 13 3 17 4 6 4 7 4 9 4 10 4 13 5 6 5 7 5 10 5 13 5 14 6 15 6 16 7 8 7 11 7 15 7 16 8 10 8 13 8 14 9 11 9 14 9 15 9 16 10 11 10 12 10 15 11 13 12 13 12 14 12 16 13 15 14 17 15 17 16 17
rmtf18_205 18 60 0 3 0 5 0 7 0 8 0 9 0 12 0 14 0 17 1 3 1 6 1 8 1 12 1 16 1 17 2 3 2 5 2 7 2 8 2 9 2 12 2 14 2 17 3 4 3 10 3 11 3 13 4 8 4 9 4 12 4 16 4 17 5 6 5 10 5 11 5 13 5 16 6 9 6 14 6 15 7 10 7 11 7 15 7 16 8 10 8 11 8 13 9 10 9 11 9 13 10 12 10 14 10 17 11 12 11 14 11 17 12 15 13 14 13 15 14 16 15 17
rmtf18_206 18 50 0 2 0 7 0 13 0 16 1 3 1 5 1 12 1 13 1 14 1 16 2 5 2 10 2 11 2 12 2 15 3 7 3 10 3 11 3 15 3 17 4 5 4 7 4 8 4 11 4 12 4 15 5 9 5 17 6 7 6 10 6 11 6 12 6 15 6 16 6 17 7 14 8 10 8 16 8 17 9 10 9 12 9 14 9 15 9 16 10 13 11 13 11 14 13 15 13 17 14 17
rmtf18_207 18 52 0 3 0 5 0 10 0 11 0 12 0 15 0 17 1 3 1 6 1 7 1 8 1 12 2 6 2 7 2 10 2 11 2 13 2 16 3 4 3 13 3 16 4 5 4 9 4 10 4 12 4 15 5 6 5 7 5 13 5 16 6 15 6 17 7 9 7 14 7 15 8 10 8 11 8 13 8 15 8 16 8 17 9 11 9 13 9 16 9 17 10 14 11 14 12 13 12 16 13 14 14 16 14 17
rmtf18_208 18 57 0 3 0 5 0 7 0 8 0 11 0 12 0 17 1 2 1 3 1 7 1 8 1 11 1 12 1 17 2 4 2 5 2 6 2 16 3 4 3 6 3 13 3 16 4 8 4 9 4 10 4 15 5 9 5 10 5 13 5 15 6 7 6 8 6 11 6 12 6 14 7 9 7 10 7 13 7 15 8 13 8 16 9 11 9 12 9 16 9 17 10 11 10 12 10 16 10 17 11 13 11 15 12 13 12 15 13 14 14 15 14 16 14 17
rmtf18_209 18 51 0 4 0 6 0 8 0 11 0 12 1 2 1 4 1 8 1 13 2 5 2 7 2 10 2 11 2 15 3 5 3 6 3 8 3 10 3 14 3 15 4 5 4 7 4 9 4 10 4 14 4 15 5 13 5 16 6 7 6 9 6 13 7 12 7 16 7 17 8 16 8 17 9 11 9 12 9 17 10 12 10 16 10 17 11 13 11 14 11 16 12 13 12 14 13 15 13 17 14 17 15 16
rmtf18_210 18 53 0 1 0 6 0 8 0 11 0 13 0 16 1 4 1 5 1 9 1 12 1 15 1 17 2 4 2 5 2 6 2 9 2 11 3 8 3 9 3 10 3 11 3 12 3 16 4 8 4 10 4 13 4 16 5 7 5 8 5 10 5 13 5 14 6 10 6 12 6 15 7 9 7 12 7 15 7 16 7 17 8 15 8 17 9 13 9 14 10 17 11 14 11 15 11 17 12 13 12 14 13 15 13 17 14 16
rmtf18_211 18 54 0 1 0 3 0 8 0 11 0 13 0 17 1 6 1 7 1 10 1 12 1 14 1 15 1 16 2 4 2 8 2 13 2 15 2 16 3 4 3 6 3 9 3 10 3 12 3 16 4 7 4 11 5 6 5 7 5 13 5 15 5 16 6 8 6 11 6 17 7 9 7 17 8 9 8 10 8 12 9 14 9 15 10 11 10 13 10 17 11 12 11 14 11 15 11 16 12 13 12 17 13 14 14 17 15 17 16 17
rmtf18_212 18 61 0 6 0 9 0 10 0 11 0 12 0 13 0 17 1 6 1 9 1 10 1 11 1 12 1 13 1 17 2 6 2 8 2 9 2 10 2 11 3 4 3 8 3 9 3 15 4 11 4 12 4 13 4 16 5 6 5 9 5 10 5 11 5 12 5 13 5 17 6 7 6 14 6 15 6 16 7 9 7 10 7 11 7 12 7 13 7 17 8 12 8 13 8 17 9 14 9 16 10 14 10 15 10 16 11 14 11 15 12 14 12 15 13 14 13 15 14 17 15 17 16 17
rmtf18_213 18 56 0 1 0 3 0 6 0 7 0 8 0 12 0 15 1 2 1 4 1 5 1 11 1 14 1 17 2 3 2 6 2 7 2 8 2 12 2 15 3 4 3 10 3 13 3 14 4 6 4 8 4 9 4 12 4 15 4 16 5 6 5 9 5 13 5 15 6 11 6 14 6 17 7 9 7 10 7 11 7 16 8 10 8 13 8 14 9 14 9 17 10 15 10 17 11 13 11 15 12 13 12 14 12 17 13 16 14 15 14 16 16 17
rmtf18_214 18 62 0 2 0 5 0 9 0 10 0 14 1 2 1 5 1 6 1 10 1 13 1 14 1 15 2 4 2 7 2 8 2 12 2 16 2 17 3 4 3 8 3 9 3 10 3 12 3 16 3 17 4 5 4 6 4 11 4 13 4 15 5 7 5 8 5 12 5 16 5 17 6 7 6 8 6 9 6 12 6 16 6 17 7 10 7 13 7 14 7 15 8 11 8 13 8 15 9 11 9 13 9 15 10 11 11 12 11 14 11 16 12 13 12 15 13 16 13 17 14 17 15 16 15 17
rmtf18_215 18 56 0 3 0 10 0 11 0 12 0 14 0 16 0 17 1 3 1 5 1 10 1 11 1 12 1 16 1 17 2 3 2 7 2 9 2 11 2 13 2 15 3 4 3 6 3 8 4 5 4 10 4 11 4 12 4 13 4 17 5 7 5 9 5 14 6 10 6 11 6 12 6 14 6 16 6 17 7 8 7 16 8 10 8 11 8 12 8 13 8 17 9 10 9 12 9 16 9 17 10 15 12 15 13 14 13 16 14 15 15 16 15 17
rmtf18_216 18 51 0 6 0 10 0 11 0 17 1 2 1 4 1 8 1 9 1 13 1 14 1 17 2 3 2 5 2 6 2 7 3 4 3 9 3 10 3 13 3 14 3 17 4 5 4 11 4 15 4 16 5 9 5 10 5 13 5 14 5 17 6 12 6 13 6 14 6 15 6 16 7 8 7 11 7 14 7 17 8 10 8 12 8 15 8 16 9 11 9 15 9 16 11 12 11 13 12 17 15 17 16 17
rmtf18_217 18 64 0 2 0 3 0 6 0 7 0 11 0 12 1 2 1 3 1 9 1 10 1 13 1 16 2 4 2 5 2 8 2 14 2 15 2 17 3 4 3 5 3 8 3 14 3 15 3 17 4 6 4 7 4 11 4 12 5 9 5 10 5 13 5 16 6 8 6 9 6 10 6 13 6 14 6 16 7 8 7 9 7 10 7 13 7 14 7 16 8 11 8 12 9 11 9 12 9 15 9 17 10 11 10 12 10 15 10 17 11 13 11 14 11 16 12 13 12 14 12 16 13 15 13 17 15 16 16 17
rmtf18_218 18 58 0 4 0 5 0 8 0 9 0 11 0 14 0 17 1 5 1 7 1 9 1 11 1 13 1 17 2 3 2 5 2 7 2 9 2 13 2 16 3 4 3 6 3 8 3 10 3 11 3 14 4 12 4 13 4 15 4 16 5 6 5 10 5 12 5 15 6 7 6 9 6 13 6 17 7 8 7 10 7 12 7 14 8 13 8 15 8 16 9 10 9 12 9 15 10 13 10 17 11 12 11 15 11 16 12 17 13 14 14 15 14 16 15 17 16 17
rmtf18_219 18 55 0 3 0 4 0 6 0 10 0 12 0 13 1 3 1 9 1 11 1 12 1 13 1 15 2 4 2 5 2 8 2 9 2 10 2 14 3 5 3 7 3 16 3 17 4 7 4 11 4 16 4 17 5 11 5 12 5 13 5 15 6 7 6 9 6 11 6 15 6 16 7 8 7 10 7 14 8 11 8 12 8 13 8 15 9 17 10 11 10 16 10 17 11 14 12 14 12 16 12 17 13 14 13 16 13 17 14 15 15 17
rmtf18_220 18 54 0 3 0 4 0 5 0 7 0 11 0 12 0 15 1 3 1 4 1 5 1 7 1 8 1 11 1 12 2 4 2 7 2 8 2 9 2 11 2 12 3 6 3 9 3 14 4 6 4 14 4 17 5 9 5 10 5 14 5 16 6 10 6 13 6 16 7 10 7 14 7 16 7 17 8 10 8 14 8 15 8 16 8 17 9 15 9 17 10 11 10 12 11 14 11 16 11 17 12 13 12 16 13 14 13 15 13 17
rmtf18_221 18 52 0 1 0 3 0 6 0 8 0 9 0 13 0 16 1 5 1 10 1 11 1 12 1 15 2 3 2 6 2 9 2 10 2 13 2 15 3 4 3 12 3 17 4 5 4 10 4 11 4 13 4 14 4 15 5 6 5 7 6 12 6 17 7 8 7 9 7 13 7 16 7 17 8 10 8 11 8 14 8 15 9 11 9 14 10 16 10 17 11 16 11 17 12 13 12 14 12 16 14 17 15 16 15 17
rmtf18_222 18 56 0 1 0 3 0 5 0 9 0 11 0 15 0 16 1 2 1 4 1 10 1 12 1 17 2 3 2 5 2 7 2 9 2 11 2 13 2 16 3 6 3 10 3 12 3 17 4 5 4 6 4 7 4 13 5 8 5 10 5 12 5 14 6 9 6 11 6 15 6 16 7 8 7 10 7 12 7 15 8 16 8 17 9 10 9 12 9 17 10 11 10 13 10 16 11 12 11 17 12 13 12 16 13 15 13 17 14 15 14 16 14 17
rmtf18_223 18 54 0 4 0 7 0 8 0 10 0 11 0 12 0 14 1 2 1 8 1 9 1 10 1 13 1 15 2 4 2 11 2 12 2 16 3 4 3 8 3 10 3 11 3 12 3 13 3 15 4 6 4 9 5 8 5 9 5 10 5 11 5 12 5 14 6 7 6 8 6 10 6 11 6 12 6 14 7 9 7 13 7 15 7 16 8 16 8 17 9 17 10 16 10 17 11 17 12 17 13 14 13 17 14 15 14 16 15 17
rmtf18_224 18 55 0 2 0 6 0 10 0 14 0 16 0 17 1 2 1 3 1 6 1 14 1 16 2 8 2 9 2 11 2 12 2 13 2 15 3 9 3 10 3 13 3 15 3 17 4 9 4 10 4 14 4 15 4 17 5 10 5 13 5 16 5 17 6 8 6 9 6 11 6 12 6 13 6 15 7 9 7 11 7 14 7 15 7 17 8 10 8 14 8 16 8 17 9 16 10 11 10 12 11 16 12 14 12 16 12 17 13 14 15 16
rmtf18_225 18 54 0 1 0 6 0 7 0 9 0 11 0 14 0 17 1 3 1 8 1 10 1 12 1 16 2 3 2 11 2 12 2 16 2 17 3 6 3 7 3 9 3 14 4 5 4 7 4 8 4 9 4 11 4 13 5 6 5 10 5 12 5 16 5 17 6 8 6 13 6 15 7 10 7 12 7 16 8 14 8 17 9 10 9 12 9 15 10 11 10 13 10 14 11 15 12 13 12 14 13 16 13 17 14 15 15 16 15 17
rmtf18_226 18 55 0 2 0 4 0 7 0 8 0 9 0 10 0 15 1 3 1 4 1 5 1 9 1 12 1 13 2 3 2 6 2 11 2 12 2 13 3 8 3 10 3 14 3 16 3 17 4 6 4 11 4 14 4 17 5 6 5 8 5 14 5 15 6 7 6 9 6 10 6 16 7 11 7 12 7 14 8 11 8 12 8 13 9 11 9 14 9 17 10 11 10 12 10 13 11 16 12 16 12 17 13 14 13 16 13 17 15 16 15 17
rmtf18_227 18 60 0 2 0 3 0 4 0 13 0 15 1 3 1 4 1 10 1 12 1 14 1 16 1 17 2 6 2 10 2 12 2 17 3 5 3 7 3 8 3 9 3 11 4 5 4 7 4 8 4 9 4 11 5 10 5 12 5 13 5 16 5 17 6 7 6 8 6 9 6 11 6 14 6 16 7 10 7 12 7 13 7 15 7 17 8 10 8 12 8 13 8 15 8 17 9 10 9 12 9 13 9 15 9 17 10 11 11 12 11 13 11 15 11 17 13 14 14 15 15 16
rmtf18_228 18 58 0 1 0 2 0 4 0 9 0 12 0 13 0 14 1 3 1 5 1 8 1 10 1 16 1 17 2 5 2 7 2 11 2 15 2 17 3 4 3 7 3 9 3 11 3 12 3 15 4 5 4 6 4 8 4 16 4 17 5 9 5 12 5 13 5 14 6 10 6 11 6 12 6 14 7 8 7 10 7 13 7 14 8 9 8 11 8 12 8 15 9 10 9 16 9 17 10 15 11 13 11 16 12 16 12 17 13 15 13 17 14 16 14 17 15 16
rmtf18_229 18 59 0 4 0 5 0 10 0 11 0 12 0 13 0 15 0 16 1 5 1 6 1 10 1 11 1 16 1 17 2 3 2 4 2 5 2 7 3 6 3 10 3 11 3 16 3 17 4 6 4 8 4 17 5 8 5 9 5 14 6 7 6 9 6 14 7 10 7 11 7 12 7 13 7 15 7 16 8 10 8 11 8 12 8 13 8 15 8 16 9 10 9 11 9 12 9 13 9 15 9 16 10 14 11 14 12 14 12 17 13 14 13 17 14 15 14 16 15 17
rmtf18_230 18 52 0 10 0 11 0 13 0 14 0 15 0 16 1 3 1 11 1 13 1 15 1 17 2 6 2 12 2 13 2 14 2 16 2 17 3 6 3 8 3 10 3 14 3 16 4 5 4 6 4 8 4 14 4 17 5 10 5 11 5 13 5 15 5 16 6 9 6 11 6 15 7 11 7 13 7 14 7 15 7 16 7 17 8 12 8 13 9 12 9 13 9 14 9 16 9 17 10 12 10 17 11 12 12 15
rmtf18_231 18 59 0 4 0 8 0 9 0 12 0 15 0 16 0 17 1 6 1 8 1 9 1 12 1 15 1 16 1 17 2 6 2 8 2 9 2 12 2 15 2 16 2 17 3 5 3 6 3 7 3 8 3 9 3 12 3 16 4 5 4 6 4 7 4 13 4 14 5 10 5 11 5 15 5 17 6 10 6 11 7 10 7 11 7 15 7 17 8 10 8 11 8 14 9 10 9 11 9 14 10 13 11 13 12 13 12 14 13 15 13 16 13 17 14 15 14 16 14 17
rmtf18_232 18 56 0 2 0 4 0 6 0 7 0 9 0 17 1 2 1 6 1 7 1 9 1 16 1 17 2 5 2 10 2 11 2 12 2 13 2 15 3 5 3 11 3 12 3 14 3 17 4 10 4 12 4 13 4 15 4 16 5 6 5 7 5 9 5 16 6 8 6 10 6 11 6 13 6 15 7 8 7 10 7 11 7 14 8 12 8 16 8 17 9 10 9 11 9 12 9 13 9 15 10 17 11 16 13 14 13 17 14 15 14 16 15 17
rmtf18_233 18 57 0 1 0 2 0 4 0 6 0 7 0 10 0 11 1 3 1 5 1 9 1 12 1 13 1 17 2 3 2 5 2 9 2 12 2 13 2 17 3 4 3 6 3 7 3 10 3 11 4 8 4 9 4 14 4 16 4 17 5 15 5 16 6 9 6 13 6 14 6 16 6 17 7 9 7 12 7 13 7 16 7 17 8 11 8 12 8 13 8 15 9 10 9 11 10 12 10 13 10 15 10 16 11 14 11 16 11 17 12 14 14 15 15 17
rmtf18_234 18 47 0 1 0 2 0 4 0 5 0 10 1 8 1 12 1 13 1 14 2 7 2 11 2 15 2 17 3 8 3 10 3 13 3 17 4 8 4 11 4 12 4 17 5 6 5 8 5 9 5 14 6 12 6 13 6 16 6 17 7 12 7 13 7 14 7 16 8 15 8 16 9 10 9 13 9 15 9 17 10 11 10 12 10 16 11 13 11 14 12 15 14 15 14 17
rmtf18_235 18 58 0 1 0 5 0 8 0 10 0 11 0 14 1 2 1 3 1 4 1 6 1 12 1 13 1 15 1 17 2 8 2 10 2 11 2 14 2 16 3 5 3 7 3 8 3 9 3 11 4 5 4 8 4 9 4 10 4 11 5 6 5 16 6 8 6 9 6 10 6 11 7 10 7 14 7 17 8 12 8 13 8 15 8 17 9 14 9 16 10 12 10 13 10 15 11 12 11 13 11 15 11 17 12 14 12 16 13 14 13 16 14 15 15 16 16 17
rmtf18_236 18 52 0 3 0 4 0 6 0 9 0 10 0 13 1 3 1 4 1 6 1 9 1 10 1 13 2 4 2 5 2 12 2 13 2 14 2 15 3 5 3 7 3 11 3 12 3 14 4 8 4 16 5 6 5 8 5 9 5 17 6 7 6 11 6 12 6 14 7 8 7 15 7 17 8 11 8 12 8 13 8 14 9 15 9 16 10 12 10 14 10 15 10 17 11 15 11 17 12 16 13 17 14 16 16 17
rmtf18_237 18 55 0 9 0 12 0 13 0 14 0 15 1 2 1 5 1 6 1 9 1 13 1 14 2 7 2 11 2 12 2 15 3 5 3 6 3 9 3 11 3 13 3 15 4 5 4 6 4 9 4 11 4 13 4 15 5 7 5 8 5 12 5 16 6 7 6 8 6 12 6 16 7 9 7 13 7 17 8 9 8 11 8 13 8 17 9 10 9 16 10 12 10 13 10 14 10 15 11 14 12 17 13 16 14 16 14 17 15 16 15 17
rmtf18_238 18 56 0 4 0 6 0 9 0 13 0 14 0 15 1 4 1 8 1 10 1 11 1 17 2 3 2 6 2 7 2 12 2 16 2 17 3 4 3 8 3 10 3 11 3 14 4 5 4 7 4 12 4 16 5 6 5 11 5 13 5 14 5 15 6 8 6 10 7 10 7 11 7 13 7 14 7 15 8 9 8 13 8 15 8 16 9 10 9 11 9 17 10 12 10 16 11 12 11 16 12 13 12 14 12 15 13 17 14 16 14 17 15 17
rmtf18_239 18 57 0 4 0 5 0 6 0 7 0 10 0 16 1 7 1 8 1 10 1 12 1 16 1 17 2 4 2 6 2 7 2 9 2 11 2 14 2 16 3 7 3 8 3 11 3 14 3 16 3 17 4 8 4 12 4 13 4 15 4 17 5 8 5 11 5 14 5 17 6 8 6 12 6 13 6 15 6 17 7 13 7 15 8 9 9 10 9 12 9 13 9 15 9 17 10 11 10 14 11 12 11 13 11 15 12 14 13 14 13 16 14 15 15 16
rmtf18_240 18 61 0 1 0 2 0 5 0 9 0 10 0 11 1 4 1 6 1 7 1 8 1 15 1 16 1 17 2 4 2 6 2 7 2 8 2 15 2 16 2 17 3 4 3 8 3 9 3 10 3 11 3 15 3 17 4 5 4 12 4 13 4 14 5 6 5 7 5 8 5 15 5 16 5 17 6 10 6 12 6 13 7 9 7 10 7 12 8 12 8 13 8 14 9 13 9 14 9 16 10 14 10 16 11 12 11 13 11 14 11 16 12 15 12 17 13 15 13 17 14 15 14 17
rmtf18_241 18 53 0 2 0 9 0 14 0 15 0 16 0 17 1 2 1 8 1 9 1 13 1 15 1 16 2 3 2 7 2 12 3 5 3 8 3 9 3 13 4 9 4 12 4 14 4 15 4 16 4 17 5 7 5 12 5 15 5 16 6 7 6 8 6 9 6 13 6 15 6 16 7 14 7 17 8 12 8 14 8 17 9 10 9 11 10 12 10 13 10 15 10 16 10 17 11 12 11 14 11 15 11 16 11 17 13 14
rmtf18_242 18 55 0 1 0 8 0 10 0 11 0 15 0 16 1 2 1 3 1 4 1 6 1 7 1 14 1 17 2 5 2 8 2 9 2 10 2 12 3 5 3 10 3 12 3 13 3 16 4 5 4 8 4 10 4 15 4 16 5 7 5 11 5 14 6 8 6 9 6 10 6 11 6 12 7 10 7 12 7 13 7 16 8 13 8 14 8 17 9 13 9 14 9 15 9 16 10 14 10 17 11 13 11 17 12 14 12 15 12 17 16 17
rmtf18_243 18 53 0 2 0 4 0 9 0 10 0 11 1 2 1 7 1 9 1 10 1 11 1 13 1 15 1 17 2 5 2 6 2 14 2 16 3 6 3 7 3 8 3 9 3 10 3 13 3 17 4 7 4 8 4 13 4 15 4 17 5 7 5 9 5 11 5 12 5 13 5 15 6 11 6 12 6 15 7 14 7 16 8 11 8 14 9 14 9 16 10 12 11 16 12 14 12 16 12 17 13 14 13 16 14 15 15 16
rmtf18_244 18 58 0 1 0 3 0 4 0 12 0 13 0 14 0 16 1 5 1 8 1 9 1 17 2 3 2 4 2 5 2 8 2 9 2 17 3 6 3 7 3 10 3 11 3 15 4 6 4 7 4 10 4 11 4 15 5 6 5 7 5 12 5 13 5 14 5 16 6 8 6 9 6 17 7 8 7 9 7 17 8 10 8 12 8 15 8 16 9 10 9 12 9 15 9 16 10 13 10 14 10 17 11 12 11 13 11 14 11 16 11 17 13 15 14 15 15 17
rmtf18_245 18 57 0 1 0 2 0 3 0 6 0 8 0 11 0 12 1 4 1 5 1 7 1 15 1 16 2 4 2 7 2 10 2 14 2 15 2 16 3 4 3 5 3 9 3 13 3 15 3 17 4 6 4 8 4 11 4 12 5 10 5 11 5 12 5 14 6 10 6 13 6 14 6 15 7 8 7 9 7 13 7 17 8 10 8 14 8 15 8 16 9 10 9 11 9 12 9 14 10 17 11 13 11 15 11 17 12 15 12 16 13 16 14 17 16 17
rmtf18_246 18 53 0 2 0 3 0 8 0 12 0 14 0 15 0 17 1 2 1 3 1 8 1 9 1 12 1 14 1 15 2 4 2 5 2 7 2 10 3 6 3 7 3 10 3 11 4 9 4 11 4 13 4 15 5 6 5 12 5 14 5 15 5 16 5 17 6 8 6 9 7 8 7 12 7 14 7 15 7 17 8 13 8 16 9 10 9 16 9 17 10 12 10 13 10 15 11 12 11 14 11 16 11 17 13 14 13 17
rmtf18_247 18 53 0 4 0 5 0 6 0 9 0 12 0 17 1 5 1 6 1 7 1 9 1 12 1 14 2 4 2 5 2 6 2 12 2 15 2 17 3 5 3 7 3 14 3 15 3 16 4 11 4 14 4 16 5 10 5 11 5 13 6 8 6 10 6 13 6 16 7 10 7 11 7 13 7 17 8 11 8 12 8 14 8 15 8 17 9 10 9 11 9 13 9 15 9 16 10 12 10 14 12 13 12 16 13 14 16 17
rmtf18_248 18 54 0 2 0 5 0 7 0 10 0 13 0 16 1 2 1 5 1 6 1 7 1 14 1 16 1 17 2 3 2 9 2 15 3 8 3 10 3 11 3 12 3 13 4 5 4 7 4 9 4 10 4 13 4 16 5 8 5 11 5 12 6 8 6 10 6 11 6 12 6 13 7 8 7 11 7 12 8 14 8 15 8 16 9 12 9 14 9 17 10 14 10 17 11 14 11 15 11 16 12 15 12 16 13 14 13 15 15 17
rmtf18_249 18 56 0 5 0 7 0 8 0 10 0 11 0 14 0 17 1 3 1 4 1 5 1 8 1 13 2 7 2 8 2 9 2 10 2 11 2 14 2 17 3 7 3 11 3 14 3 16 4 6 4 9 4 15 4 17 5 6 5 9 5 15 6 7 6 8 6 10 6 11 6 14 7 12 7 13 7 15 8 12 8 15 9 12 9 13 9 16 10 12 10 13 10 16 11 12 11 13 11 15 12 14 12 17 13 14 13 17 14 15 15 16 16 17
