rmtf15_0 15 41 0 5 0 6 0 8 0 9 0 13 1 5 1 8 1 9 1 12 1 13 2 8 2 9 2 10 2 11 2 12 2 13 3 4 3 9 3 10 3 11 3 12 4 5 4 6 4 8 4 13 5 10 5 11 5 14 6 10 6 11 6 12 7 8 7 9 7 10 7 11 7 12 7 13 8 14 9 14 12 14 13 14
rmtf15_1 15 39 0 2 0 4 0 7 0 8 0 9 0 11 1 2 1 4 1 7 1 8 1 9 1 11 2 3 2 12 2 13 3 4 3 5 3 7 3 11 3 14 4 6 4 10 5 6 5 8 5 9 6 7 6 11 6 12 6 13 6 14 7 10 8 10 8 13 8 14 9 10 9 13 9 14 10 11 10 12
rmtf15_2 15 42 0 5 0 7 0 9 0 11 0 13 1 2 1 7 1 8 1 9 1 10 1 11 1 13 2 4 2 5 2 12 2 14 3 4 3 5 3 7 3 9 4 6 4 8 4 10 4 11 4 13 5 6 5 8 5 10 6 7 6 9 7 12 7 14 8 12 8 14 9 12 9 14 10 12 10 14 11 12 11 14 12 13 13 14
rmtf15_3 15 42 0 1 0 2 0 6 0 10 1 3 1 4 1 9 1 12 1 14 2 3 2 4 2 8 2 9 2 12 3 5 3 6 3 11 3 13 4 5 4 7 4 11 4 13 5 9 5 10 5 12 5 14 6 7 6 8 6 9 7 10 7 12 7 14 8 10 8 14 9 11 9 13 10 11 10 13 11 12 11 14 12 13 13 14
rmtf15_4 15 40 0 2 0 3 0 5 0 9 0 14 1 3 1 4 1 6 1 7 1 12 1 13 2 7 2 8 2 10 2 11 2 12 3 8 3 10 3 11 4 8 4 10 4 11 4 14 5 6 5 7 5 10 5 11 5 12 6 8 6 9 6 14 7 9 7 14 8 13 9 10 9 12 9 13 11 13 12 14 13 14
rmtf15_5 15 45 0 1 0 2 0 9 0 10 0 12 0 13 0 14 1 4 1 5 1 7 1 8 1 11 2 5 2 6 2 8 2 11 3 4 3 5 3 7 3 8 3 13 4 6 4 9 4 10 4 12 4 14 5 9 5 10 5 12 5 14 6 7 6 13 7 9 7 10 7 12 7 14 8 9 8 10 8 12 8 14 9 11 10 11 11 12 11 13 11 14
rmtf15_6 15 36 0 1 0 2 0 3 0 7 0 10 1 4 1 6 1 8 1 9 2 8 2 12 2 13 2 14 3 4 3 5 3 14 4 11 4 12 4 13 5 6 5 8 5 9 5 11 6 12 6 13 6 14 7 8 7 9 7 13 7 14 8 10 9 12 10 11 10 12 10 13 11 14
rmtf15_7 15 43 0 1 0 4 0 10 0 11 0 13 0 14 1 2 1 3 1 6 1 8 1 9 2 5 2 13 3 5 3 7 3 12 4 5 4 6 4 7 4 9 4 12 5 8 5 10 5 11 5 14 6 10 6 11 6 13 6 14 7 8 7 10 7 11 7 13 7 14 8 12 9 10 9 11 9 13 9 14 10 12 11 12 12 13 12 14
rmtf15_8 15 37 0 1 0 5 0 6 0 7 0 11 0 13 1 2 1 9 1 10 1 12 2 7 2 13 2 14 3 4 3 5 3 10 3 11 3 13 4 7 4 9 4 12 4 14 5 8 5 9 5 14 6 9 6 10 6 12 6 14 7 10 8 10 8 12 8 13 9 11 9 13 11 12 11 14
rmtf15_9 15 45 0 5 0 6 0 8 0 12 1 2 1 5 1 7 1 9 1 12 1 13 2 4 2 6 2 8 2 11 2 14 3 5 3 7 3 8 3 9 3 12 3 13 4 5 4 7 4 9 4 12 4 13 5 10 5 11 5 14 6 7 6 9 6 13 7 10 7 11 7 14 8 10 9 10 9 11 9 14 10 12 10 13 11 12 11 13 12 14 13 14
rmtf15_10 15 39 0 2 0 5 0 6 0 8 0 12 1 2 1 6 1 8 1 12 1 14 2 3 2 4 2 9 2 10 3 5 3 6 3 8 3 13 4 5 4 6 4 8 4 13 5 9 5 10 5 14 6 9 6 10 7 8 7 9 7 13 7 14 8 10 8 11 9 11 9 12 10 12 11 13 11 14 12 13
rmtf15_11 15 47 0 1 0 2 0 3 0 4 0 5 0 6 0 7 0 8 1 11 1 12 1 13 1 14 2 9 2 10 2 11 2 12 2 13 3 9 3 10 3 11 3 12 3 13 4 9 4 10 4 11 4 12 4 13 5 9 5 10 5 11 5 12 5 13 6 11 6 12 6 13 6 14 7 11 7 12 7 13 7 14 8 9 8 10 8 11 8 12 8 13 9 14 10 14
rmtf15_12 15 39 0 1 0 8 0 9 0 11 0 12 1 2 1 5 1 7 1 14 2 4 2 6 2 8 2 12 3 4 3 5 3 7 3 12 3 14 4 10 4 11 4 13 5 6 5 10 5 11 5 13 6 9 6 14 7 8 7 9 7 11 8 10 8 13 9 10 9 13 10 12 10 14 11 14 12 13 13 14
rmtf15_13 15 40 0 3 0 5 0 8 0 9 0 10 0 11 1 3 1 5 1 7 1 9 1 10 1 12 1 13 2 3 2 6 2 8 2 9 2 10 2 11 3 4 3 14 4 6 4 8 4 9 4 10 4 12 5 6 5 14 6 7 6 13 7 8 7 11 7 14 8 13 9 14 10 14 11 12 11 13 12 14 13 14
rmtf15_14 15 47 0 2 0 5 0 6 0 8 0 9 0 13 0 14 1 3 1 7 1 8 1 12 2 3 2 4 2 7 2 10 2 12 3 5 3 6 3 9 3 11 3 13 3 14 4 5 4 6 4 8 4 9 4 13 4 14 5 7 5 10 5 12 6 7 6 10 6 12 7 9 7 11 7 13 7 14 8 10 8 11 9 10 9 12 10 13 10 14 11 12 12 13 12 14
rmtf15_15 15 40 0 1 0 6 0 9 0 14 1 2 1 3 1 4 1 8 1 10 1 11 2 5 2 9 2 12 2 14 3 5 3 12 3 13 4 5 4 9 4 12 4 14 5 6 5 7 5 10 5 11 6 8 6 12 7 8 7 9 7 12 7 14 8 13 9 10 9 11 9 13 10 12 10 14 11 12 11 14 13 14
rmtf15_16 15 39 0 1 0 3 0 4 0 9 0 11 1 6 1 8 1 10 1 13 1 14 2 4 2 5 2 6 2 14 3 5 3 7 3 8 3 14 4 7 4 8 4 12 5 10 5 11 5 13 6 7 6 9 6 12 7 10 7 11 7 13 8 9 8 11 9 10 9 13 9 14 10 12 11 14 12 13 12 14
rmtf15_17 15 36 0 1 0 3 0 4 0 10 0 14 1 5 1 12 1 13 2 3 2 7 2 11 2 12 2 14 3 5 3 6 3 8 3 13 4 7 4 8 4 11 5 10 5 11 5 14 6 10 6 11 6 12 6 14 7 10 7 13 8 9 8 12 8 14 9 10 9 11 9 13 13 14
rmtf15_18 15 36 0 2 0 6 0 8 0 10 1 2 1 6 1 8 1 11 2 4 2 5 2 9 2 13 3 7 3 8 3 10 3 13 4 6 4 10 4 14 5 6 5 8 5 11 6 7 6 13 7 9 7 12 7 14 8 9 8 12 8 14 9 10 10 11 10 12 11 14 12 13 13 14
rmtf15_19 15 40 0 1 0 2 0 3 0 4 0 7 0 10 1 5 1 8 1 12 1 14 2 5 2 8 2 9 2 13 2 14 3 6 3 8 3 9 3 14 4 5 4 8 4 11 4 12 5 6 5 7 5 10 6 11 6 13 7 8 7 9 7 13 7 14 8 10 9 10 9 11 9 12 10 13 10 14 11 14 12 13
rmtf15_20 15 38 0 1 0 2 0 4 0 5 0 8 0 10 1 3 1 6 1 7 2 9 2 11 2 12 2 14 3 4 3 5 3 8 3 10 3 14 4 7 4 11 4 12 5 9 5 11 5 12 6 8 6 10 6 11 6 12 6 14 7 9 7 13 8 9 8 13 9 10 10 13 11 13 12 13 13 14
rmtf15_21 15 40 0 1 0 3 0 4 0 5 0 13 1 9 1 11 1 12 1 14 2 7 2 11 2 12 2 13 3 7 3 8 3 11 3 12 4 9 4 11 4 12 4 14 5 9 5 11 5 12 5 14 6 9 6 11 6 12 6 13 6 14 7 9 7 14 8 9 8 13 8 14 9 10 10 11 10 12 10 13 10 14
rmtf15_22 15 38 0 2 0 6 0 10 0 12 1 6 1 9 1 10 1 12 1 14 2 5 2 9 2 11 2 14 3 4 3 6 3 10 3 11 3 14 4 9 4 12 4 13 5 6 5 7 5 12 6 8 6 13 7 9 7 10 7 11 7 14 8 9 8 10 8 11 8 14 10 13 11 12 11 13 13 14
rmtf15_23 15 50 0 2 0 5 0 8 0 9 0 10 0 13 0 14 1 2 1 5 1 8 1 9 1 10 1 13 1 14 2 3 2 6 2 7 2 11 2 12 3 5 3 8 3 9 3 10 3 13 3 14 4 6 4 7 4 10 5 6 5 7 5 11 5 12 6 8 6 9 6 13 6 14 7 8 7 9 7 13 7 14 8 11 8 12 9 11 9 12 10 11 10 12 11 13 11 14 12 13 12 14
rmtf15_24 15 41 0 1 0 3 0 5 0 10 0 13 1 2 1 6 1 7 1 9 1 12 2 5 2 8 2 10 2 13 2 14 3 8 3 11 3 14 4 8 4 9 4 10 4 11 5 6 5 7 5 9 5 12 6 8 6 10 6 11 6 14 7 8 7 10 7 11 7 14 8 12 9 13 9 14 10 12 11 13 12 13 12 14
rmtf15_25 15 39 0 3 0 4 0 5 0 10 0 13 1 3 1 4 1 6 1 10 1 12 2 3 2 7 2 9 2 12 2 13 3 8 3 11 3 14 4 7 4 8 4 9 4 11 4 14 5 6 5 7 5 9 5 11 5 12 5 14 6 8 6 13 7 10 8 10 8 12 9 10 10 11 10 14 11 13 13 14
rmtf15_26 15 41 0 6 0 7 0 8 0 12 0 13 0 14 1 6 1 7 1 8 1 9 1 12 1 14 2 6 2 7 2 8 2 10 2 12 2 13 3 6 3 7 3 8 3 10 3 12 3 13 4 6 4 7 4 8 4 10 4 12 4 13 5 7 5 11 5 13 5 14 6 11 8 11 9 10 9 11 9 13 10 14 11 12
rmtf15_27 15 50 0 1 0 2 0 3 0 5 0 9 0 10 0 11 1 4 1 6 1 7 1 12 1 13 1 14 2 4 2 6 2 7 2 12 2 13 2 14 3 4 3 7 3 8 3 12 3 13 3 14 4 5 4 9 4 10 4 11 5 6 5 7 5 12 5 13 5 14 6 8 6 9 6 11 7 9 7 10 7 11 8 10 9 12 9 13 9 14 10 12 10 13 10 14 11 12 11 13 11 14
rmtf15_28 15 39 0 2 0 5 0 7 0 8 0 12 0 14 1 4 1 9 1 10 1 12 1 13 2 4 2 6 2 9 2 11 2 13 3 4 3 8 3 9 3 11 3 12 4 5 4 7 4 14 5 6 5 9 5 11 5 13 6 8 6 10 6 12 7 9 7 10 7 13 8 13 9 14 10 11 10 14 13 14
rmtf15_29 15 42 0 1 0 2 0 6 0 9 0 10 0 11 0 14 1 3 1 8 1 12 1 13 2 3 2 4 2 7 2 12 2 13 3 6 3 9 3 10 3 11 3 14 4 6 4 8 4 11 4 14 5 9 5 10 5 13 5 14 6 7 6 12 6 13 7 8 7 11 7 14 8 9 8 10 9 12 10 12 11 12 11 13 12 14
rmtf15_30 15 44 0 2 0 3 0 4 0 5 0 11 0 12 0 13 1 2 1 3 1 10 1 11 1 13 2 6 2 7 2 9 2 14 3 6 3 7 3 9 3 14 4 6 4 7 4 8 4 10 4 14 5 6 5 7 5 9 5 10 5 14 6 11 6 12 6 13 7 11 7 12 7 13 8 9 8 11 8 13 9 12 10 12 11 14 12 14 13 14
rmtf15_31 15 45 0 5 0 6 0 7 0 9 0 11 0 12 1 5 1 6 1 7 1 8 1 9 1 11 2 5 2 6 2 7 2 9 2 11 2 12 3 5 3 6 3 7 3 9 3 11 3 12 4 5 4 6 4 7 4 8 4 9 4 11 5 13 5 14 6 13 6 14 7 13 7 14 8 12 8 14 9 10 9 13 10 12 10 14 11 13 11 14 12 13
rmtf15_32 15 42 0 1 0 2 0 4 0 6 0 9 0 13 0 14 1 3 1 5 1 8 1 10 2 5 2 8 2 10 2 12 3 4 3 9 3 12 3 13 3 14 4 5 4 7 4 10 4 11 5 6 5 9 5 13 5 14 6 10 6 11 6 12 7 8 7 9 7 12 7 13 8 11 8 14 9 10 9 11 10 13 10 14 11 13
rmtf15_33 15 39 0 5 0 6 0 8 0 11 1 2 1 3 1 5 1 10 1 13 2 7 2 8 2 11 2 14 3 7 3 8 3 11 3 12 4 5 4 7 4 8 4 11 4 12 5 9 5 14 6 7 6 10 6 12 6 13 7 9 8 10 8 13 9 10 9 12 9 13 10 11 10 14 11 13 12 14 13 14
rmtf15_34 15 40 0 4 0 5 0 7 0 11 0 12 0 14 1 4 1 5 1 7 1 11 1 12 1 14 2 5 2 7 2 8 2 13 2 14 3 4 3 5 3 6 3 12 3 14 4 8 4 13 5 9 5 10 6 7 6 9 6 11 7 10 8 9 8 10 8 11 8 12 9 13 9 14 10 13 10 14 11 13 12 13
rmtf15_35 15 37 0 1 0 3 0 5 0 8 0 11 1 2 1 4 1 6 1 12 2 7 2 11 2 13 2 14 3 4 3 7 3 9 3 10 4 8 4 11 4 13 4 14 5 7 5 12 5 13 5 14 6 8 6 9 6 13 6 14 7 8 8 10 9 11 9 12 10 11 10 12 10 13 10 14
rmtf15_36 15 43 0 1 0 2 0 4 0 5 0 7 1 8 1 9 1 10 1 11 1 13 2 3 2 6 2 9 2 10 2 11 2 12 2 14 3 4 3 7 3 8 3 13 4 6 4 9 4 10 4 11 4 12 4 14 5 6 5 9 5 10 5 11 5 13 5 14 6 7 6 8 7 9 7 10 7 11 7 12 7 14 8 12 8 14 12 13
rmtf15_37 15 38 0 2 0 3 0 4 0 9 0 11 0 14 1 2 1 3 1 4 1 11 1 12 1 14 2 7 2 8 2 13 3 6 3 7 3 8 4 7 4 8 4 13 5 6 5 8 5 11 5 12 6 9 6 10 6 13 7 10 7 12 8 9 8 14 9 12 10 11 10 14 11 13 12 13 13 14
rmtf15_38 15 40 0 1 0 2 0 8 0 9 0 12 1 6 1 7 1 11 1 14 2 4 2 5 2 6 2 10 2 13 3 4 3 8 3 9 3 10 3 11 3 12 4 7 4 14 5 8 5 9 5 11 5 12 6 8 6 9 6 12 7 8 7 9 7 10 7 12 7 13 8 14 9 14 10 14 11 13 12 14 13 14
rmtf15_39 15 41 0 1 0 3 0 4 0 11 0 12 0 14 1 6 1 9 1 10 1 13 2 3 2 6 2 7 2 8 3 5 3 9 3 10 3 13 4 5 4 7 4 8 4 9 4 10 5 6 5 14 6 11 6 12 7 11 7 12 7 13 7 14 8 11 8 12 8 13 8 14 9 11 9 12 9 14 10 11 10 12 10 14
rmtf15_40 15 45 0 1 0 2 0 3 0 9 0 11 0 13 1 6 1 7 1 8 1 10 1 12 1 14 2 6 2 7 2 8 2 10 2 12 2 14 3 5 3 7 3 10 3 12 4 6 4 8 4 11 4 12 4 14 5 6 5 8 5 11 5 14 6 9 6 13 7 9 7 11 7 13 8 9 8 13 9 10 9 12 9 14 10 11 10 13 12 13 13 14
rmtf15_41 15 41 0 1 0 2 0 3 0 6 0 8 0 10 1 5 1 12 1 14 2 4 2 5 2 9 2 12 3 7 3 11 3 12 3 13 3 14 4 8 4 11 4 14 5 7 5 11 5 13 6 7 6 11 6 12 6 13 6 14 7 8 7 9 7 10 8 12 8 13 9 11 9 13 9 14 10 11 10 12 10 13 10 14
rmtf15_42 15 40 0 1 0 7 0 8 0 13 1 10 1 11 1 14 2 7 2 8 2 10 2 13 2 14 3 7 3 9 3 13 3 14 4 7 4 8 4 10 4 13 4 14 5 7 5 9 5 13 5 14 6 7 6 8 6 10 6 13 6 14 7 11 7 12 8 9 8 12 9 10 9 11 10 12 11 13 12 13 12 14
rmtf15_43 15 47 0 2 0 3 0 5 0 8 0 9 0 11 0 12 0 14 1 2 1 5 1 8 1 9 1 10 1 14 2 4 2 6 2 7 2 13 3 4 3 7 3 10 3 13 4 5 4 8 4 9 4 11 4 12 4 14 5 6 5 7 5 13 6 8 6 9 6 10 6 14 7 8 7 9 7 11 7 12 7 14 8 13 9 13 10 11 10 12 11 13 12 13 13 14
rmtf15_44 15 39 0 1 0 5 0 7 0 9 0 12 0 14 1 3 1 4 1 10 1 13 2 3 2 4 2 6 2 8 2 12 2 14 3 5 3 7 3 11 4 5 4 7 4 9 5 6 5 10 6 11 6 13 7 8 7 13 8 10 8 11 9 10 9 11 9 13 10 12 10 14 11 12 11 14 12 13 13 14
rmtf15_45 15 42 0 2 0 6 0 12 0 14 1 7 1 10 1 13 1 14 2 3 2 8 2 9 2 10 2 11 3 4 3 6 3 7 3 13 3 14 4 8 4 9 4 10 4 11 4 12 5 7 5 10 5 13 5 14 6 8 6 9 6 10 6 11 7 8 7 9 7 11 7 12 8 13 8 14 9 13 9 14 11 13 11 14 12 13
rmtf15_46 15 41 0 5 0 7 0 8 0 10 0 13 1 5 1 6 1 9 1 11 1 12 1 14 2 5 2 7 2 10 2 11 2 14 3 5 3 6 3 7 3 11 3 12 3 14 4 5 4 7 4 8 4 10 4 13 6 8 6 10 6 13 7 9 8 9 8 11 8 12 8 14 9 10 9 13 10 12 11 13 12 13 13 14
rmtf15_47 15 42 0 1 0 5 0 6 0 7 0 12 0 14 1 2 1 4 1 9 1 10 1 11 1 13 2 3 2 7 2 8 2 14 3 5 3 9 3 12 3 13 4 5 4 6 4 7 4 12 4 14 5 10 5 11 6 8 6 13 7 9 7 10 7 11 7 13 8 9 8 10 8 11 9 14 10 12 10 14 11 12 11 14 13 14
rmtf15_48 15 41 0 1 0 2 0 4 0 5 0 11 0 14 1 7 1 9 1 10 1 12 1 13 2 3 2 9 2 10 2 12 2 13 3 5 3 7 3 11 3 14 4 6 4 7 4 10 4 12 4 13 5 9 5 10 5 12 5 13 6 8 6 9 6 11 7 8 8 10 8 12 8 13 8 14 9 14 10 11 11 12 11 13
rmtf15_49 15 39 0 2 0 3 0 6 0 8 0 10 0 11 0 13 1 2 1 6 1 8 1 11 1 12 2 4 2 5 2 9 3 5 3 9 3 12 3 14 4 7 4 10 4 13 4 14 5 7 5 8 5 10 5 13 6 7 6 14 7 9 7 11 7 12 8 9 8 14 9 10 9 13 10 12 11 14 12 13
rmtf15_50 15 37 0 2 0 7 0 8 0 11 0 12 1 3 1 8 1 10 1 12 2 3 2 9 2 10 3 4 3 5 3 6 3 7 3 13 3 14 4 8 4 9 4 10 5 8 5 9 5 11 6 8 6 11 6 12 7 9 7 10 8 13 8 14 9 12 9 14 10 11 10 13 10 14 12 13
rmtf15_51 15 40 0 2 0 3 0 5 0 12 0 13 1 2 1 5 1 6 1 7 1 10 1 11 1 12 2 4 2 9 2 14 3 6 3 7 3 10 3 11 4 5 4 7 4 10 4 11 4 12 4 13 5 8 5 14 6 9 6 13 6 14 7 9 7 14 8 9 8 11 8 12 8 13 9 10 10 14 11 14 12 14
rmtf15_52 15 40 0 1 0 5 0 7 0 11 0 13 1 2 1 4 1 8 1 9 1 12 2 3 2 7 2 11 2 13 2 14 3 4 3 5 3 8 3 9 4 6 4 11 4 13 4 14 5 6 5 12 5 14 6 7 6 10 7 8 7 9 7 12 8 11 8 13 8 14 9 10 9 11 10 12 10 13 10 14 11 12
rmtf15_53 15 42 0 2 0 5 0 6 0 11 0 12 0 13 1 2 1 7 1 8 1 9 2 3 2 4 2 10 2 14 3 7 3 9 3 12 4 5 4 6 4 9 4 11 4 12 5 7 5 8 5 10 5 14 6 7 6 8 6 10 6 14 7 11 7 13 8 11 8 12 8 13 9 10 9 13 9 14 10 11 10 12 11 14 12 14
rmtf15_54 15 38 0 2 0 3 0 4 0 9 0 13 0 14 1 2 1 3 1 8 1 9 1 10 1 14 2 7 2 11 2 12 3 7 3 11 3 12 4 7 4 8 4 11 4 12 5 8 5 9 5 12 6 8 6 9 6 12 7 9 7 13 7 14 8 13 9 11 10 12 10 13 11 13 11 14 12 14
rmtf15_55 15 41 0 2 0 8 0 9 0 13 0 14 1 3 1 4 1 10 1 12 1 14 2 4 2 5 2 6 2 7 2 10 2 11 3 6 3 7 3 8 3 11 4 8 4 9 4 13 5 8 5 9 5 13 5 14 6 9 6 12 6 14 7 9 7 13 7 14 8 10 8 12 9 10 9 11 10 13 11 13 11 14 12 13
rmtf15_56 15 37 0 2 0 6 0 11 0 12 0 14 1 2 1 5 1 6 1 8 1 9 1 11 1 12 2 3 2 7 2 13 3 6 3 10 3 14 4 7 4 12 4 14 5 7 5 10 5 14 6 7 6 13 7 8 7 9 7 11 8 10 8 14 9 10 9 14 10 11 10 12 10 13 13 14
rmtf15_57 15 41 0 3 0 4 0 6 0 7 0 14 1 2 1 7 1 11 1 12 1 14 2 3 2 4 2 6 2 10 3 5 3 8 3 9 3 11 3 13 4 5 4 11 4 12 4 13 5 6 5 10 5 14 6 8 6 9 6 11 6 13 7 8 7 9 7 10 8 12 8 14 9 12 9 14 10 11 10 12 10 13 13 14
rmtf15_58 15 39 0 4 0 5 0 6 0 7 0 8 0 9 0 11 1 2 1 3 1 8 1 9 2 4 2 5 2 6 2 7 2 11 3 7 3 10 3 11 4 10 4 13 4 14 5 10 5 13 5 14 6 10 6 13 6 14 7 12 7 13 8 10 8 12 8 13 9 10 9 13 9 14 11 13 11 14 12 14
rmtf15_59 15 36 0 2 0 3 0 8 0 12 1 4 1 10 1 12 1 14 2 6 2 9 2 10 2 13 3 5 3 7 3 9 3 11 3 14 4 5 4 7 4 8 4 9 4 11 4 13 5 10 5 12 6 8 6 11 6 12 6 14 7 10 7 12 8 10 9 12 10 11 12 13 13 14
rmtf15_60 15 42 0 1 0 3 0 8 0 9 0 10 0 12 0 14 1 2 1 4 1 11 1 13 2 3 2 5 2 8 2 9 3 6 3 7 3 11 3 13 4 6 4 7 4 10 5 7 5 10 5 12 5 14 6 8 6 9 6 12 6 14 7 8 7 9 8 11 8 13 9 11 9 13 10 11 10 13 11 12 11 14 12 13 13 14
rmtf15_61 15 41 0 2 0 3 0 6 0 9 0 10 0 11 1 3 1 4 1 5 1 9 1 10 1 11 2 4 2 5 2 8 2 13 2 14 3 7 3 8 3 13 4 6 4 7 4 12 5 6 5 7 5 12 6 8 6 13 6 14 7 9 7 10 7 14 8 11 8 12 9 12 9 13 10 12 10 13 11 13 11 14 12 14
rmtf15_62 15 45 0 1 0 2 0 5 0 9 0 10 0 12 0 14 1 3 1 4 1 6 1 8 1 11 2 3 2 4 2 6 2 7 2 11 3 5 3 9 3 10 3 12 3 14 4 5 4 9 4 10 4 12 4 14 5 6 5 8 5 11 6 12 6 13 7 8 7 9 7 10 7 12 7 14 8 13 9 11 9 13 10 11 10 13 11 12 11 14 13 14
rmtf15_63 15 39 0 3 0 4 0 6 0 8 0 12 0 13 1 3 1 6 1 9 1 13 1 14 2 3 2 4 2 6 2 8 2 12 2 13 3 5 3 7 3 11 4 10 4 11 4 14 5 10 5 12 5 13 6 7 6 10 6 11 7 9 7 13 7 14 8 9 8 10 8 14 9 11 9 12 11 13 12 14
rmtf15_64 15 38 0 7 0 9 0 12 0 13 1 3 1 4 1 7 1 8 1 11 2 6 2 7 2 8 2 11 2 12 2 13 3 6 3 12 3 13 3 14 4 5 4 9 4 13 4 14 5 6 5 7 5 8 5 11 5 12 6 9 6 10 7 14 8 9 8 10 9 11 10 12 10 13 10 14 11 14
rmtf15_65 15 41 0 3 0 6 0 11 0 12 0 14 1 2 1 6 1 8 1 9 1 12 2 4 2 7 2 10 2 13 2 14 3 4 3 7 3 8 3 10 3 13 4 5 4 9 4 11 4 12 5 6 5 7 5 8 5 10 5 14 6 13 7 9 7 11 7 12 8 11 9 10 9 13 9 14 10 11 10 12 11 13 12 13
rmtf15_66 15 40 0 2 0 5 0 7 0 10 0 13 1 2 1 3 1 5 1 7 1 8 1 10 2 4 2 11 2 12 3 6 3 9 3 11 3 13 4 8 4 9 4 14 5 6 5 9 5 11 5 14 6 7 6 8 6 10 6 12 7 9 7 11 7 14 8 11 8 13 9 10 9 12 10 11 10 14 12 14 13 14
rmtf15_67 15 45 0 2 0 3 0 11 0 14 1 2 1 6 1 7 1 8 1 11 1 13 1 14 2 4 2 12 3 4 3 6 3 7 3 8 3 13 4 5 4 9 4 10 5 6 5 7 5 8 5 11 5 13 5 14 6 9 6 10 6 12 7 9 7 10 7 12 8 9 8 10 8 12 9 11 9 13 9 14 10 11 10 13 10 14 11 12 12 13 12 14
rmtf15_68 15 44 0 3 0 5 0 7 0 10 0 13 0 14 1 3 1 5 1 7 1 10 1 13 1 14 2 5 2 7 2 8 2 14 3 4 3 8 3 9 3 11 3 12 4 5 4 7 4 10 4 13 4 14 5 6 5 11 6 7 6 8 6 9 6 12 7 11 8 10 8 13 9 10 9 13 9 14 10 11 10 12 11 13 11 14 12 13 12 14
rmtf15_69 15 39 0 3 0 5 0 6 0 10 0 13 1 6 1 7 1 8 1 9 1 11 2 10 2 11 2 12 2 14 3 7 3 11 3 12 4 6 4 7 4 8 4 9 4 11 5 7 5 8 5 9 5 11 6 12 6 14 7 10 7 14 8 10 8 12 8 14 9 10 9 12 9 14 11 13 12 13 13 14
rmtf15_70 15 37 0 4 0 8 0 10 0 12 0 13 1 4 1 8 1 9 1 10 1 13 1 14 2 4 2 5 2 11 3 4 3 6 3 7 3 8 3 11 3 12 5 6 5 7 5 8 5 12 5 13 6 9 6 10 6 14 7 9 7 10 7 14 9 11 9 12 10 11 11 13 11 14 12 14
rmtf15_71 15 45 0 1 0 3 0 4 0 10 0 12 0 13 0 14 1 2 1 5 1 6 1 7 1 9 2 3 2 8 2 10 2 12 3 6 3 7 3 9 3 11 4 5 4 6 4 7 4 8 4 9 5 11 5 12 5 13 5 14 6 10 6 12 6 13 6 14 7 10 7 12 7 13 7 14 8 11 8 13 8 14 9 10 9 12 9 13 9 14 10 11
rmtf15_72 15 41 0 1 0 4 0 10 0 11 0 13 0 14 1 2 1 3 1 6 1 8 1 9 2 4 2 5 2 7 2 10 2 13 3 4 3 10 3 11 3 13 3 14 4 8 4 9 4 12 5 6 5 9 5 14 6 10 6 11 6 12 7 9 7 11 7 14 8 10 8 11 8 13 8 14 9 10 9 13 12 13 12 14
rmtf15_73 15 41 0 1 0 2 0 9 0 10 0 11 0 13 1 3 1 4 1 7 1 14 2 3 2 4 2 5 2 6 2 12 3 9 3 10 3 11 3 13 4 8 4 9 4 10 4 11 5 9 5 10 5 11 5 13 5 14 6 8 6 9 6 10 6 11 6 14 7 8 7 9 7 10 7 12 8 13 11 12 12 13 12 14
rmtf15_74 15 45 0 2 0 3 0 5 0 7 0 8 0 9 0 12 1 4 1 6 1 7 1 11 1 13 2 4 2 6 2 10 2 11 2 13 3 6 3 10 3 11 3 13 3 14 4 5 4 8 4 14 5 6 5 10 5 11 5 13 6 8 6 9 6 12 7 10 7 14 8 10 8 11 8 13 9 10 9 11 9 13 9 14 10 12 11 12 12 13 12 14
rmtf15_75 15 39 0 3 0 7 0 8 0 10 0 11 0 12 1 2 1 4 1 6 1 10 1 12 1 13 2 3 2 7 2 8 2 11 3 4 3 5 4 9 4 11 4 14 5 6 5 8 5 10 5 12 5 13 6 9 6 11 6 14 7 9 7 13 8 9 8 14 9 10 9 12 10 14 11 13 12 14 13 14
rmtf15_76 15 41 0 1 0 6 0 7 0 10 0 11 0 12 1 5 1 8 1 9 1 14 2 5 2 6 2 7 2 12 2 13 3 5 3 6 3 7 3 12 3 13 4 5 4 7 4 8 4 13 5 10 5 11 6 8 6 9 6 14 7 9 7 14 8 10 8 11 8 12 9 10 9 12 9 13 10 14 11 13 12 14 13 14
rmtf15_77 15 40 0 5 0 7 0 9 0 10 0 11 1 2 1 6 1 7 1 12 1 13 2 5 2 8 2 9 2 10 2 11 3 5 3 7 3 9 3 10 3 11 4 5 4 6 4 7 4 11 4 13 5 12 5 14 6 9 6 10 6 14 7 8 8 12 8 14 9 12 9 13 10 12 10 13 11 12 11 14 13 14
rmtf15_78 15 42 0 5 0 6 0 7 0 11 0 12 1 9 1 11 1 14 2 3 2 6 2 8 2 13 2 14 3 5 3 7 3 9 3 10 3 11 3 12 4 5 4 6 4 7 4 11 4 12 5 8 5 13 5 14 6 9 6 10 7 8 7 13 7 14 8 9 8 10 8 11 8 12 9 13 10 13 10 14 11 13 12 13 12 14
rmtf15_79 15 40 0 1 0 2 0 4 0 10 0 11 0 13 1 3 1 7 1 8 1 9 1 14 2 3 2 7 2 8 2 9 2 12 3 6 3 10 3 11 4 6 4 7 4 9 4 12 5 8 5 10 5 11 5 12 5 13 6 8 6 13 7 10 7 11 7 13 9 10 9 11 9 13 10 14 11 14 12 14 13 14
rmtf15_80 15 41 0 3 0 5 0 6 0 10 0 13 0 14 1 4 1 7 1 9 1 10 1 13 2 5 2 10 2 12 3 4 3 7 3 8 3 9 3 12 4 5 4 6 4 11 4 14 5 7 5 8 5 9 6 7 6 8 6 9 6 12 7 11 7 14 8 10 8 13 8 14 9 11 9 14 10 11 11 13 12 13 12 14
rmtf15_81 15 34 0 1 0 4 0 5 0 14 1 6 1 8 1 10 1 11 2 5 2 7 2 8 2 14 3 5 3 7 3 10 3 12 4 7 4 11 4 12 4 13 5 11 5 13 6 7 6 12 6 13 6 14 7 9 8 9 8 12 9 11 9 13 9 14 10 13 10 14
rmtf15_82 15 37 0 3 0 4 0 7 0 11 0 12 1 4 1 5 1 8 1 12 1 13 2 3 2 4 2 8 2 11 2 12 3 5 3 9 3 14 4 6 4 9 4 14 5 6 5 11 6 7 6 12 6 13 7 8 7 9 7 10 8 14 9 12 9 13 10 11 10 12 10 14 11 13 13 14
rmtf15_83 15 37 0 4 0 5 0 7 0 8 0 11 1 4 1 7 1 8 1 11 1 12 2 3 2 5 2 6 2 7 2 11 2 14 3 8 3 10 3 12 4 10 4 14 5 9 5 12 6 8 6 10 6 12 7 9 7 13 8 13 8 14 9 10 9 11 9 14 10 13 11 13 12 13 12 14
rmtf15_84 15 45 0 3 0 4 0 5 0 6 0 8 0 11 0 12 1 3 1 4 1 5 1 6 1 8 1 11 1 12 2 3 2 9 2 10 2 14 3 7 3 13 4 7 4 10 4 13 4 14 5 7 5 10 5 13 5 14 6 9 6 10 6 13 6 14 7 8 7 9 7 12 8 10 8 13 8 14 9 11 10 11 10 12 11 13 11 14 12 13 12 14
rmtf15_85 15 42 0 2 0 5 0 6 0 12 0 14 1 3 1 5 1 6 1 8 1 12 1 14 2 3 2 7 2 8 2 10 3 4 3 9 3 11 3 13 4 5 4 6 4 8 4 10 4 14 5 7 5 11 6 9 6 11 6 13 7 9 7 12 7 13 8 9 8 11 8 13 9 10 9 14 10 12 10 13 11 12 11 14 13 14
rmtf15_86 15 45 0 1 0 5 0 7 0 8 0 9 0 12 0 13 1 2 1 3 1 6 1 10 1 11 2 5 2 7 2 8 2 9 2 12 2 13 3 5 3 7 3 9 3 12 3 13 3 14 4 5 4 7 4 8 4 9 4 10 5 6 5 11 6 7 6 9 6 12 6 13 6 14 7 11 8 14 9 11 10 12 10 13 10 14 11 12 11 13 11 14
rmtf15_87 15 43 0 1 0 3 0 5 0 6 0 7 1 2 1 4 1 9 1 10 1 11 1 13 1 14 2 3 2 5 2 6 2 12 3 4 3 9 3 10 3 11 3 13 3 14 4 5 4 6 4 7 5 8 5 9 5 10 5 11 5 13 6 8 6 9 6 10 6 11 6 13 7 8 7 12 8 14 9 12 10 12 11 12 12 13 12 14
rmtf15_88 15 44 0 1 0 8 0 9 0 11 0 12 0 14 1 4 1 6 1 10 1 13 2 3 2 5 2 6 2 9 2 10 2 13 3 4 3 7 3 8 3 11 3 14 4 5 4 9 4 12 5 7 5 8 5 11 5 14 6 7 6 8 6 11 6 12 6 14 7 9 7 10 7 13 8 10 8 13 10 11 10 12 10 14 11 13 12 13 13 14
rmtf15_89 15 43 0 5 0 9 0 10 0 11 0 14 1 4 1 7 1 9 1 12 1 13 2 5 2 7 2 9 2 10 2 11 3 4 3 7 3 9 3 12 3 13 4 5 4 10 4 11 4 14 5 6 5 8 5 12 5 13 6 7 6 9 6 10 6 11 7 8 7 14 8 9 8 10 8 11 10 12 10 13 11 12 11 13 12 14 13 14
rmtf15_90 15 37 0 1 0 4 0 8 0 9 0 11 0 13 1 2 1 6 1 10 1 14 2 3 2 4 2 8 2 11 2 13 3 6 3 9 3 12 4 5 4 7 4 12 5 6 5 8 5 9 5 11 5 14 6 7 6 13 7 8 7 9 7 10 7 14 8 12 10 11 10 12 12 13 12 14
rmtf15_91 15 38 0 3 0 4 0 9 0 10 0 11 0 13 0 14 1 2 1 3 1 4 1 6 1 9 1 10 1 13 2 5 2 8 2 11 3 7 3 12 4 7 4 12 5 7 5 9 5 10 5 12 5 14 6 7 6 12 6 14 7 8 7 11 7 13 8 9 8 10 8 12 8 14 11 12 12 13
rmtf15_92 15 39 0 4 0 6 0 7 0 13 1 2 1 6 1 7 1 8 1 9 1 14 2 10 2 11 2 12 2 13 3 6 3 7 3 10 3 13 4 9 4 10 4 11 5 6 5 7 5 10 5 13 6 11 6 12 7 11 7 12 8 10 8 11 8 12 8 13 9 12 9 13 10 14 11 14 12 14 13 14
rmtf15_93 15 40 0 3 0 4 0 13 0 14 1 4 1 7 1 8 1 10 1 11 1 12 2 4 2 7 2 8 2 10 2 11 2 12 3 5 3 7 3 8 3 9 3 11 4 6 5 6 5 10 5 12 6 7 6 8 6 9 6 11 7 13 7 14 8 13 8 14 9 10 9 14 10 13 11 13 11 14 12 13 12 14
rmtf15_94 15 37 0 1 0 2 0 6 0 7 0 9 0 14 1 3 1 4 1 10 2 3 2 4 2 5 3 7 3 8 3 9 3 11 3 13 4 7 4 9 4 11 4 12 4 13 5 8 5 10 5 11 5 13 6 8 6 10 6 11 6 13 7 10 8 12 9 10 10 12 11 14 12 14 13 14
rmtf15_95 15 45 0 1 0 4 0 6 0 8 0 9 0 11 0 14 1 2 1 3 1 5 1 10 1 12 2 4 2 6 2 7 2 8 2 9 3 4 3 6 3 8 3 9 3 11 3 14 4 5 4 10 4 12 5 6 5 8 5 9 5 11 5 14 6 10 6 13 7 11 7 12 7 14 8 10 8 12 9 10 9 12 10 11 10 14 11 13 12 13 13 14
rmtf15_96 15 37 0 2 0 6 0 8 0 10 0 13 1 3 1 4 1 9 1 10 1 14 2 3 2 4 2 5 2 7 2 12 3 8 3 11 4 8 4 11 5 6 5 8 5 10 5 13 6 9 6 11 6 14 7 8 7 9 7 11 8 14 9 12 9 13 10 11 11 12 11 13 12 14 13 14
rmtf15_97 15 36 0 4 0 5 0 7 0 9 0 11 0 13 1 3 1 4 1 8 1 10 2 4 2 6 2 7 2 12 2 13 3 5 3 7 3 13 3 14 4 14 5 6 5 12 6 8 6 14 7 8 7 10 8 9 8 11 8 13 9 12 9 14 10 12 10 13 10 14 11 12 11 14
rmtf15_98 15 41 0 6 0 9 0 10 0 11 0 12 1 3 1 4 1 12 1 14 2 6 2 7 2 9 2 11 2 12 2 14 3 6 3 7 3 9 3 11 4 6 4 9 4 10 4 11 5 6 5 9 5 10 5 11 5 12 6 8 6 13 7 8 7 10 8 9 8 11 8 12 8 14 9 13 10 13 10 14 11 13 12 13
rmtf15_99 15 41 0 1 0 2 0 4 0 7 0 11 0 12 0 13 1 3 1 6 1 8 2 3 2 5 2 8 2 14 3 9 3 10 3 12 4 5 4 9 4 10 4 14 5 6 5 7 5 11 5 12 5 13 6 9 6 10 6 14 7 8 7 10 7 14 8 9 8 12 8 13 9 11 10 11 10 13 11 14 12 14 13 14
rmtf15_100 15 43 0 1 0 3 0 5 0 7 0 8 0 9 0 14 1 2 1 4 1 10 1 12 1 13 2 3 2 5 2 7 2 8 2 9 2 14 3 6 3 11 4 5 4 6 4 7 4 8 4 14 5 10 5 11 6 9 6 10 6 12 6 13 7 10 7 12 7 13 8 10 8 12 8 13 9 11 10 14 11 12 11 13 12 14 13 14
rmtf15_101 15 41 0 3 0 5 0 11 0 13 0 14 1 3 1 5 1 7 1 8 1 14 2 4 2 5 2 11 2 13 3 4 3 6 3 9 3 10 3 12 4 7 4 8 4 14 5 6 5 9 5 10 5 12 6 11 6 13 6 14 7 11 7 12 7 13 8 9 8 10 8 12 8 13 9 11 9 14 10 11 10 14 12 14
rmtf15_102 15 39 0 1 0 2 0 6 0 11 0 14 1 4 1 7 1 8 1 9 1 10 1 13 2 5 2 7 2 8 2 9 2 12 3 5 3 6 3 7 3 9 3 12 4 5 4 6 4 14 5 11 5 13 6 8 6 10 6 13 7 11 7 14 8 11 8 14 9 11 9 14 10 11 10 12 12 13 12 14
rmtf15_103 15 39 0 3 0 7 0 9 0 10 0 11 0 12 1 3 1 4 1 5 1 9 1 10 2 3 2 4 2 5 2 10 2 14 3 6 3 8 3 13 4 6 4 7 4 8 4 11 4 13 5 7 5 8 5 11 5 12 6 10 6 12 6 14 7 14 8 10 8 14 9 13 9 14 10 13 11 14 12 13
rmtf15_104 15 40 0 1 0 6 0 7 0 10 0 11 0 12 0 14 1 2 1 4 1 8 1 9 2 3 2 5 2 10 2 13 3 4 3 6 3 8 3 9 3 14 4 7 4 10 4 11 4 12 5 6 5 7 5 11 5 12 5 14 6 13 7 8 7 13 8 10 8 11 8 12 9 10 9 12 9 13 11 13 13 14
rmtf15_105 15 36 0 1 0 2 0 5 0 6 0 9 1 3 1 12 1 13 2 10 2 13 2 14 3 6 3 7 3 8 3 10 3 14 4 6 4 9 4 12 4 13 4 14 5 7 5 8 5 12 5 14 6 11 7 9 7 13 8 9 8 13 9 10 9 11 10 12 11 12 11 13 11 14
rmtf15_106 15 38 0 3 0 7 0 11 0 13 1 3 1 5 1 7 1 8 1 12 2 3 2 5 2 7 2 8 2 12 3 6 3 10 4 7 4 8 4 10 4 13 5 6 5 10 5 11 5 13 6 7 6 8 6 12 7 9 7 14 8 9 8 11 8 14 9 10 9 12 10 14 11 12 12 13 12 14
rmtf15_107 15 38 0 2 0 4 0 5 0 8 0 10 1 3 1 5 1 7 1 8 2 3 2 6 2 9 2 12 2 14 3 4 3 11 3 13 4 6 4 7 4 9 4 12 5 6 5 9 5 12 5 13 5 14 6 8 6 10 7 10 7 13 7 14 8 9 8 11 8 13 8 14 9 10 10 11 11 12
rmtf15_108 15 43 0 2 0 4 0 5 0 8 0 12 0 13 1 3 1 6 1 7 1 8 1 10 1 13 2 6 2 7 2 14 3 4 3 5 3 9 3 11 3 12 3 14 4 6 4 7 4 10 5 6 5 7 5 10 6 9 6 11 6 12 7 9 7 11 7 12 8 9 8 11 8 14 9 10 9 13 10 11 10 12 10 14 11 13 13 14
rmtf15_109 15 41 0 4 0 6 0 8 0 10 0 11 0 12 1 6 1 7 1 8 1 12 1 13 2 6 2 8 2 9 2 10 2 11 2 12 3 6 3 8 3 9 3 10 3 11 3 12 4 7 4 9 4 14 5 6 5 7 5 8 5 9 5 10 5 12 6 14 7 11 8 14 9 13 10 13 10 14 11 13 11 14 12 14
rmtf15_110 15 37 0 5 0 6 0 7 0 10 0 11 0 12 1 2 1 7 1 8 1 9 1 13 2 5 2 6 2 10 2 11 2 12 3 4 3 5 3 6 3 7 3 8 3 11 4 10 4 12 4 13 5 9 5 13 6 14 7 14 8 10 8 12 9 10 9 11 9 14 11 13 12 14 13 14
rmtf15_111 15 41 0 3 0 4 0 6 0 8 0 9 0 11 1 3 1 8 1 12 1 13 1 14 2 3 2 4 2 8 2 14 3 5 3 7 3 10 4 5 4 10 4 12 4 13 5 6 5 8 5 9 5 11 6 7 6 10 6 13 6 14 7 8 7 9 7 12 8 10 9 10 9 13 9 14 10 11 11 12 11 13 11 14
rmtf15_112 15 50 0 9 0 10 0 11 1 2 1 5 1 6 1 7 1 11 1 13 1 14 2 3 2 4 2 8 2 9 2 10 2 12 3 5 3 6 3 7 3 11 3 13 3 14 4 5 4 6 4 7 4 11 4 13 4 14 5 8 5 9 5 10 5 12 6 8 6 9 6 10 6 12 7 8 7 9 7 10 7 12 8 11 8 13 8 14 9 13 9 14 10 13 10 14 11 12 12 13 12 14
rmtf15_113 15 43 0 2 0 4 0 6 0 10 0 12 1 2 1 5 1 8 1 9 1 10 1 13 2 3 2 7 2 11 2 14 3 4 3 5 3 8 3 10 3 13 4 9 4 11 4 14 5 6 5 7 5 12 5 14 6 8 6 9 6 11 6 13 7 8 7 9 7 10 7 13 8 12 8 14 9 12 10 11 10 14 11 12 12 13 13 14
rmtf15_114 15 40 0 6 0 7 0 8 0 11 0 14 1 3 1 6 1 9 1 11 1 14 2 4 2 6 2 9 2 11 2 14 3 4 3 5 3 8 3 10 4 7 4 13 5 6 5 9 5 11 5 14 6 10 6 12 6 13 7 9 7 10 7 12 8 9 8 12 9 13 10 11 10 14 11 12 11 13 12 14 13 14
rmtf15_115 15 42 0 1 0 2 0 6 0 10 0 11 0 13 1 3 1 5 1 7 1 9 1 14 2 3 2 4 2 5 2 7 2 12 2 14 3 6 3 8 3 10 3 13 4 8 4 9 4 10 5 6 5 8 5 10 5 13 6 7 6 9 6 14 7 8 7 10 7 13 8 11 9 12 9 13 10 12 10 14 11 12 11 14 13 14
rmtf15_116 15 41 0 1 0 5 0 6 0 9 0 12 0 13 0 14 1 4 1 8 1 10 1 11 2 4 2 5 2 6 2 9 2 12 2 14 3 4 3 5 3 9 3 10 3 12 3 14 4 7 4 13 5 7 5 8 6 8 6 10 6 11 7 9 7 10 7 11 7 12 8 9 8 12 8 13 8 14 10 13 11 13 11 14
rmtf15_117 15 39 0 1 0 5 0 6 0 7 0 11 0 13 1 8 1 9 1 10 1 14 2 3 2 5 2 8 2 9 2 10 3 6 3 7 3 11 3 13 3 14 4 5 4 6 4 9 4 13 4 14 5 12 6 12 7 8 7 9 7 10 8 11 8 12 8 13 9 11 9 12 10 11 10 12 10 13 12 14
rmtf15_118 15 39 0 1 0 4 0 6 0 7 0 10 0 14 1 2 1 8 1 12 1 13 2 3 2 4 2 10 2 11 3 6 3 7 3 8 3 13 3 14 4 5 4 12 4 13 5 8 5 9 5 11 6 9 6 11 6 12 7 9 7 11 7 12 8 10 9 10 9 13 9 14 10 12 11 13 11 14 12 14
rmtf15_119 15 43 0 1 0 3 0 4 0 6 0 7 0 11 0 14 1 2 1 8 1 9 1 12 1 13 2 4 2 5 2 7 2 10 2 14 3 5 3 8 3 9 3 13 4 8 4 9 4 12 4 13 5 12 6 8 6 10 6 12 6 13 7 8 7 9 7 12 7 13 8 11 8 14 9 10 9 14 10 11 11 12 11 13 12 14 13 14
rmtf15_120 15 49 0 5 0 9 0 10 0 12 0 13 0 14 1 5 1 8 1 9 1 10 1 13 1 14 2 5 2 9 2 10 2 12 2 13 2 14 3 5 3 8 3 9 3 10 3 13 3 14 4 5 4 8 4 9 4 10 4 13 4 14 5 6 5 7 5 11 6 9 6 10 6 12 6 13 6 14 7 9 7 10 7 12 7 13 7 14 8 12 9 11 10 11 11 12 11 13 11 14
rmtf15_121 15 44 0 5 0 7 0 8 0 9 0 10 0 11 0 14 1 5 1 7 1 8 1 9 1 10 1 11 1 14 2 5 2 9 2 10 2 11 2 13 2 14 3 5 3 6 3 13 3 14 4 5 4 9 4 10 4 11 4 13 4 14 5 12 6 7 6 8 6 9 6 10 6 11 7 12 7 13 8 12 8 13 9 12 10 12 11 12 12 14
rmtf15_122 15 40 0 4 0 5 0 8 0 10 0 11 0 13 1 5 1 6 1 8 1 10 1 14 2 3 2 6 2 10 2 14 3 5 3 8 3 9 3 11 3 13 4 6 4 7 4 9 4 12 4 14 5 7 5 12 6 11 6 13 7 8 7 10 7 11 7 13 8 12 9 10 10 12 11 12 11 14 12 13 13 14
rmtf15_123 15 37 0 1 0 2 0 8 0 10 0 11 1 3 1 5 1 7 1 12 1 13 2 3 2 4 2 12 2 14 3 6 3 8 3 9 4 5 4 8 4 10 4 13 5 6 5 9 6 7 6 10 6 13 7 8 7 11 7 14 8 12 9 10 9 11 9 14 10 12 11 12 11 13 13 14
rmtf15_124 15 40 0 3 0 6 0 7 0 11 0 12 1 7 1 8 1 9 1 14 2 3 2 7 2 9 2 11 3 4 3 5 3 8 3 13 3 14 4 6 4 7 4 11 4 12 5 7 5 9 5 11 6 8 6 9 6 14 7 10 7 13 8 10 8 11 8 12 9 10 9 12 9 13 10 14 11 13 11 14 12 14
rmtf15_125 15 41 0 1 0 4 0 5 0 6 0 8 0 9 0 11 1 3 1 10 1 12 1 14 2 4 2 10 2 12 2 13 2 14 3 4 3 5 3 6 3 8 3 9 3 13 4 7 5 10 5 12 5 14 6 10 6 12 6 14 7 9 7 12 7 13 8 10 8 12 8 14 9 10 9 14 10 11 11 12 11 13 11 14
rmtf15_126 15 37 0 1 0 3 0 4 0 6 0 14 1 5 1 9 1 11 1 13 2 3 2 4 2 11 2 14 3 10 3 12 3 13 4 5 4 9 4 10 4 13 5 6 5 12 5 14 6 9 6 11 6 13 7 12 7 13 7 14 8 12 8 13 8 14 9 12 9 14 10 11 10 14 11 12
rmtf15_127 15 45 0 1 0 2 0 4 0 5 0 10 0 11 0 14 1 3 1 6 1 7 1 8 1 9 2 6 2 7 2 9 2 12 2 13 3 5 3 10 3 12 3 14 4 6 4 7 4 9 4 12 4 13 5 6 5 7 5 9 5 13 6 10 6 11 6 14 7 10 7 11 7 14 8 10 8 12 8 13 9 10 9 11 9 14 11 12 11 13 13 14
rmtf15_128 15 43 0 2 0 5 0 7 0 8 0 11 0 12 1 2 1 3 1 7 1 9 1 11 1 14 2 4 2 6 2 10 2 13 3 4 3 5 3 10 3 12 4 7 4 8 4 11 5 6 5 9 5 13 5 14 6 7 6 8 6 11 6 12 7 10 7 13 8 9 8 13 8 14 9 10 9 12 10 11 10 14 11 13 12 13 12 14
rmtf15_129 15 37 0 1 0 2 0 6 0 8 0 10 0 12 1 3 1 4 1 7 1 13 2 3 2 4 2 7 2 13 3 8 3 10 3 11 3 12 4 5 4 11 4 12 4 14 5 6 5 8 5 10 6 11 6 13 6 14 7 9 7 10 7 11 8 9 9 12 9 13 9 14 10 13 10 14
rmtf15_130 15 49 0 1 0 2 0 6 0 7 0 8 0 9 0 10 0 13 1 3 1 4 1 11 1 12 1 14 2 3 2 4 2 11 2 12 2 14 3 6 3 7 3 8 3 9 3 10 3 13 4 6 4 7 4 8 4 9 4 10 4 13 5 8 5 9 5 10 5 11 5 13 6 11 6 12 6 14 7 11 7 12 7 14 8 12 8 14 9 12 9 14 10 12 10 14 12 13 13 14
rmtf15_131 15 38 0 1 0 4 0 5 0 7 0 11 0 13 1 3 1 8 1 12 1 14 2 3 2 5 2 7 2 11 2 14 3 4 3 9 3 10 3 13 4 8 4 12 4 14 5 6 5 8 5 12 6 9 6 10 6 14 7 9 7 10 7 12 8 10 8 11 8 13 9 11 11 12 12 13 13 14
rmtf15_132 15 39 0 1 0 4 0 5 0 8 0 9 0 11 0 12 1 3 1 7 1 10 1 14 2 3 2 4 2 8 2 9 2 11 2 12 3 5 3 6 3 13 4 6 4 10 4 14 5 7 5 10 5 14 6 7 6 8 6 9 7 11 7 12 8 10 8 14 9 13 10 12 10 13 11 13 12 14 13 14
rmtf15_133 15 38 0 3 0 4 0 5 0 6 0 11 0 13 1 2 1 3 1 6 2 4 2 5 2 10 2 11 2 13 3 7 3 9 3 10 4 7 4 8 4 9 5 8 5 12 5 14 6 8 6 12 6 14 7 11 7 12 7 14 8 10 8 11 8 13 9 11 9 13 9 14 10 12 10 14 12 13
rmtf15_134 15 43 0 1 0 4 0 6 0 8 0 12 0 13 1 2 1 3 1 7 1 10 1 11 1 14 2 9 2 12 2 13 3 4 3 6 3 8 3 12 3 13 4 5 4 7 4 9 4 10 5 6 5 8 5 11 5 12 5 13 6 7 6 9 6 10 7 8 7 12 7 13 8 9 8 10 9 11 9 14 10 12 10 13 12 14 13 14
rmtf15_135 15 39 0 3 0 4 0 6 0 10 0 11 1 3 1 4 1 6 1 10 1 11 2 3 2 5 2 10 2 12 2 14 3 8 3 9 3 13 4 5 4 7 5 8 5 9 5 13 6 8 6 9 6 12 6 13 6 14 7 8 7 9 7 10 7 12 7 14 8 11 9 11 10 13 11 12 11 13 11 14
rmtf15_136 15 48 0 4 0 5 0 6 0 7 0 8 0 11 0 13 1 4 1 5 1 6 1 7 1 8 1 11 1 13 2 4 2 5 2 6 2 7 2 8 2 11 2 13 3 4 3 5 3 6 3 7 3 8 3 11 3 13 4 10 4 12 4 14 5 10 5 12 5 14 6 9 7 9 8 10 8 12 8 14 9 10 9 12 9 14 10 11 10 13 11 12 11 14 12 13 13 14
rmtf15_137 15 45 0 5 0 7 0 9 0 10 0 11 0 12 1 2 1 5 1 9 1 10 1 11 1 12 2 3 2 6 2 7 3 4 3 8 3 10 3 14 4 5 4 7 4 9 4 11 4 12 5 6 5 8 5 13 5 14 6 9 6 10 6 11 6 12 7 8 7 13 7 14 8 9 8 11 8 12 9 13 9 14 10 13 11 13 11 14 12 13 12 14
rmtf15_138 15 40 0 7 0 9 0 12 0 13 0 14 1 4 1 5 1 7 1 8 1 11 1 14 2 4 2 6 2 12 2 13 3 4 3 5 3 7 3 8 3 11 3 14 4 9 4 10 5 6 5 9 5 12 5 13 6 7 6 8 6 10 6 11 6 14 8 9 8 12 8 13 9 11 10 12 10 13 11 12 11 13
rmtf15_139 15 38 0 2 0 5 0 6 0 12 0 14 1 3 1 4 1 6 1 11 1 12 1 14 2 3 2 4 2 8 2 10 2 11 2 13 3 5 3 9 4 5 4 9 5 7 5 8 5 11 5 13 6 8 6 9 6 10 7 9 7 10 7 14 8 12 8 14 9 11 9 12 9 13 10 12 13 14
rmtf15_140 15 39 0 1 0 5 0 8 0 9 0 14 1 2 1 4 1 10 1 11 1 12 2 6 2 7 2 8 2 9 2 14 3 6 3 8 3 10 3 11 3 12 4 6 4 7 4 8 4 9 4 14 5 6 5 7 5 10 6 13 7 11 7 12 8 13 9 10 9 13 10 14 11 13 11 14 12 13 12 14
rmtf15_141 15 41 0 2 0 3 0 6 0 12 0 14 1 3 1 4 1 8 1 10 1 14 2 4 2 7 2 10 2 11 2 13 3 5 3 7 3 11 3 13 4 5 4 6 4 9 4 12 5 8 5 10 5 14 6 7 6 10 6 11 6 13 7 9 7 12 8 9 8 11 8 12 9 10 9 13 9 14 10 12 11 14 12 13
rmtf15_142 15 39 0 1 0 9 0 10 0 13 0 14 1 3 1 4 1 6 1 8 2 6 2 8 2 11 2 13 2 14 3 11 3 12 3 13 3 14 4 11 4 12 4 13 4 14 5 8 5 11 5 12 5 13 5 14 6 7 6 10 6 12 7 8 7 11 7 13 7 14 8 9 8 10 9 11 9 12 10 11
rmtf15_143 15 37 0 1 0 2 0 3 0 9 0 10 0 14 1 4 1 5 1 12 2 6 2 7 2 11 3 4 3 5 3 7 4 8 4 11 4 13 5 6 5 9 5 10 5 14 6 8 6 12 6 13 7 8 7 12 7 13 7 14 8 9 8 10 9 11 9 13 10 12 10 13 11 12 11 14
rmtf15_144 15 37 0 1 0 7 0 8 0 12 0 14 1 3 1 6 1 9 1 10 1 13 2 3 2 7 2 9 2 10 2 13 2 14 3 4 3 8 3 12 4 9 4 11 4 13 4 14 5 7 5 8 5 12 5 13 5 14 6 8 6 11 6 14 7 11 8 9 8 10 9 12 10 11 11 12
rmtf15_145 15 36 0 2 0 4 0 5 0 14 1 2 1 4 1 5 1 14 2 3 2 6 2 7 2 11 2 12 3 4 3 5 3 8 4 6 4 10 4 13 5 6 5 7 5 9 5 10 5 12 6 8 7 13 7 14 8 9 8 10 8 12 8 14 9 11 9 13 10 11 11 14 12 13
rmtf15_146 15 41 0 2 0 3 0 6 0 7 0 11 0 13 1 2 1 6 1 7 1 11 1 13 1 14 2 5 2 8 2 9 2 10 3 10 3 12 3 14 4 6 4 7 4 10 4 14 5 11 5 12 5 14 6 8 6 9 6 12 7 8 7 9 7 12 8 11 8 13 8 14 9 11 9 13 9 14 10 11 10 13 12 13
rmtf15_147 15 38 0 3 0 6 0 7 0 10 0 12 1 3 1 5 1 12 1 13 2 3 2 7 2 10 2 12 2 13 3 8 3 11 4 5 4 6 4 8 4 12 5 7 5 10 5 11 6 9 6 13 6 14 7 9 7 14 8 9 8 13 8 14 9 10 9 11 9 12 10 14 11 13 11 14 12 14
rmtf15_148 15 40 0 1 0 2 0 6 0 7 0 12 1 5 1 9 1 10 1 11 2 3 2 4 2 13 2 14 3 5 3 6 3 10 3 12 4 5 4 6 4 9 4 10 4 11 5 7 5 13 5 14 6 8 6 14 7 9 7 10 7 11 8 10 8 12 8 13 9 12 9 13 9 14 10 14 11 12 11 13 11 14
rmtf15_149 15 41 0 6 0 8 0 11 0 13 0 14 1 6 1 8 1 11 1 13 1 14 2 3 2 4 2 11 2 12 2 13 3 5 3 6 3 8 3 14 4 5 4 6 4 7 4 9 4 10 5 11 5 12 5 13 6 12 7 8 7 11 7 13 7 14 8 10 8 12 9 11 9 12 9 13 9 14 10 11 10 13 10 14
rmtf15_150 15 40 0 2 0 3 0 4 0 8 0 14 1 2 1 4 1 5 1 8 1 12 1 13 2 6 2 10 2 11 3 5 3 6 3 11 3 12 3 13 4 6 4 7 4 9 4 10 5 7 5 9 5 10 6 8 6 14 7 8 7 11 7 12 7 13 8 9 8 10 9 11 9 12 9 14 10 12 10 14 13 14
rmtf15_151 15 41 0 3 0 5 0 6 0 9 0 12 0 13 0 14 1 4 1 5 1 7 1 11 2 3 2 4 2 5 2 9 2 12 2 13 3 7 3 8 3 10 4 6 4 8 4 14 5 8 5 10 6 7 6 10 6 11 7 9 7 12 7 13 7 14 8 9 8 11 9 10 10 12 10 13 10 14 11 12 11 13 11 14
rmtf15_152 15 40 0 2 0 3 0 7 0 9 0 13 1 3 1 4 1 6 1 11 1 13 2 5 2 6 2 12 2 14 3 5 3 8 3 10 3 12 3 14 4 5 4 7 4 9 4 10 4 12 5 11 5 13 6 8 6 9 6 10 7 8 7 11 7 14 8 13 9 11 9 14 10 11 10 13 11 12 12 13 13 14
rmtf15_153 15 44 0 2 0 3 0 6 0 9 0 12 0 13 1 2 1 3 1 6 1 9 1 11 1 12 2 4 2 5 2 7 2 8 2 14 3 4 3 5 3 7 3 8 3 14 4 6 4 10 4 12 4 13 5 6 5 9 5 11 5 12 6 7 6 8 6 14 7 10 7 11 7 12 8 10 8 12 8 13 9 10 10 14 11 13 12 14 13 14
rmtf15_154 15 38 0 3 0 4 0 7 0 8 0 11 1 7 1 10 1 11 1 12 1 14 2 5 2 7 2 8 2 11 2 14 3 10 3 12 3 13 3 14 4 5 4 6 4 12 4 14 5 10 5 13 6 7 6 8 6 10 6 11 7 9 7 13 8 12 8 13 9 10 9 11 9 12 9 14 11 13
rmtf15_155 15 50 0 2 0 5 0 8 0 10 0 11 0 12 0 14 1 2 1 5 1 8 1 10 1 11 1 12 1 14 2 3 2 4 2 7 2 9 2 13 3 5 3 8 3 10 3 11 3 12 3 14 4 5 4 8 4 10 4 11 4 12 4 14 5 6 5 9 5 13 6 7 6 11 6 12 6 14 7 8 7 10 8 9 8 13 9 10 9 11 9 12 9 14 10 13 11 13 12 13 13 14
rmtf15_156 15 43 0 1 0 2 0 3 0 4 0 5 0 7 0 11 0 13 1 8 1 9 1 10 1 14 2 8 2 10 2 12 2 14 3 6 3 9 3 10 3 14 4 6 4 9 4 10 4 14 5 8 5 10 5 12 5 14 6 8 6 12 7 8 7 10 7 12 7 14 8 11 8 13 9 11 9 12 10 11 10 13 11 14 12 13 13 14
rmtf15_157 15 42 0 2 0 3 0 4 0 6 0 7 0 11 0 14 1 2 1 6 1 7 1 11 1 12 1 14 2 5 2 8 2 13 3 8 3 9 3 12 4 5 4 8 4 12 5 9 5 10 6 8 6 9 6 10 6 13 7 8 7 9 7 10 7 13 8 11 8 14 9 11 9 14 10 11 10 12 10 14 11 13 12 13 13 14
rmtf15_158 15 39 0 3 0 4 0 5 0 7 0 8 0 11 1 4 1 5 1 7 1 9 1 13 2 4 2 5 2 10 2 11 2 13 3 6 3 10 3 13 3 14 4 6 4 12 4 14 5 6 5 12 5 14 6 7 6 9 7 10 7 14 8 9 8 12 8 13 8 14 9 10 9 11 10 12 11 12 11 14
rmtf15_159 15 40 0 2 0 9 0 12 0 13 0 14 1 3 1 7 1 9 1 11 1 12 1 13 1 14 2 3 2 4 2 7 2 10 2 11 3 6 3 8 4 9 4 12 4 13 4 14 5 7 5 8 5 9 5 10 6 7 6 9 6 11 6 12 6 13 6 14 8 11 8 12 8 13 8 14 10 12 10 13 10 14
rmtf15_160 15 49 0 3 0 4 0 6 0 10 0 11 0 13 0 14 1 2 1 7 1 11 1 13 2 3 2 4 2 6 2 10 2 14 3 5 3 7 3 8 3 9 3 12 4 5 4 7 4 8 4 9 4 12 5 6 5 10 5 11 5 13 5 14 6 7 6 8 6 9 6 12 7 10 7 14 8 10 8 11 8 13 8 14 9 10 9 11 9 13 9 14 10 12 11 12 12 13 12 14
rmtf15_161 15 43 0 3 0 5 0 7 0 8 0 9 0 11 1 3 1 5 1 7 1 8 1 9 1 11 2 5 2 6 2 9 2 12 2 13 3 4 3 6 3 10 3 14 4 5 4 9 4 11 4 12 4 13 5 10 5 14 6 7 6 8 6 11 7 10 7 12 7 13 8 10 8 12 8 13 9 10 9 14 10 11 11 14 12 14 13 14
rmtf15_162 15 40 0 3 0 6 0 8 0 9 0 14 1 4 1 5 1 6 1 13 1 14 2 3 2 8 2 12 2 14 3 4 3 5 3 7 3 10 3 13 4 8 4 9 4 11 5 8 5 9 5 11 6 7 6 10 6 11 6 12 7 8 7 9 7 14 8 10 8 13 9 10 9 12 10 14 11 13 11 14 12 13
rmtf15_163 15 40 0 1 0 2 0 4 0 9 0 10 1 5 1 8 1 12 1 13 1 14 2 3 2 7 2 8 2 12 2 13 2 14 3 5 3 6 3 9 3 10 4 5 4 6 4 12 4 14 5 7 5 11 6 7 6 8 6 13 7 9 7 10 8 9 8 10 9 12 9 13 9 14 10 11 10 14 11 12 11 13
rmtf15_164 15 45 0 1 0 7 0 8 0 11 0 13 0 14 1 2 1 4 1 6 1 9 1 10 1 12 2 3 2 8 2 11 2 13 2 14 3 7 3 9 3 10 3 12 4 7 4 8 4 11 4 13 4 14 5 7 5 8 5 9 5 12 6 7 6 8 6 11 6 13 6 14 8 10 9 11 9 13 9 14 10 11 10 13 10 14 11 12 12 13 12 14
rmtf15_165 15 42 0 5 0 12 0 14 1 2 1 3 1 4 1 11 1 14 2 6 2 7 2 9 2 10 2 12 3 5 3 7 3 8 3 9 3 10 3 12 3 13 4 5 4 7 4 8 4 9 4 10 4 12 4 13 5 6 5 11 6 8 6 13 7 11 7 14 8 11 8 14 9 11 9 14 10 11 10 14 11 12 11 13 13 14
rmtf15_166 15 44 0 1 0 2 0 11 0 12 0 13 1 4 1 6 1 7 1 8 1 9 1 10 1 14 2 3 2 5 2 6 2 14 3 4 3 7 3 8 3 9 3 10 3 13 4 5 4 11 4 12 5 7 5 8 5 9 5 10 5 13 6 11 6 12 6 13 7 11 7 12 8 11 8 12 9 11 9 12 10 11 10 12 11 14 12 14 13 14
rmtf15_167 15 38 0 3 0 5 0 6 0 10 1 2 1 3 1 6 1 8 1 14 2 4 2 5 2 9 2 10 2 11 3 4 3 9 3 12 4 7 4 13 5 8 5 12 5 14 6 7 6 9 6 11 6 13 7 10 7 12 7 14 8 9 8 10 8 11 8 13 9 14 11 12 11 14 12 13 13 14
rmtf15_168 15 40 0 2 0 3 0 10 0 14 1 2 1 10 1 11 1 13 1 14 2 4 2 6 2 7 2 8 2 9 2 12 3 6 3 11 3 12 3 13 4 10 4 11 4 13 4 14 5 9 5 10 5 11 5 14 6 10 6 14 7 10 7 11 7 13 7 14 8 10 8 11 8 13 8 14 9 13 10 12 12 14
rmtf15_169 15 39 0 2 0 3 0 7 0 8 0 10 0 14 1 6 1 7 1 8 1 10 1 11 1 12 2 5 2 6 2 11 2 13 3 4 3 5 3 6 3 11 4 10 4 12 4 13 5 7 5 8 5 10 5 12 6 9 6 14 7 9 7 13 8 9 8 13 9 10 9 11 9 12 11 14 12 14 13 14
rmtf15_170 15 41 0 5 0 7 0 8 0 10 0 11 0 12 1 5 1 6 1 7 1 8 1 12 2 5 2 7 2 10 2 11 2 12 2 13 3 4 3 5 3 6 3 7 3 8 4 9 4 10 4 11 4 12 4 13 5 9 5 14 6 9 6 10 6 11 6 13 7 9 7 14 8 9 8 13 10 14 11 14 12 14 13 14
rmtf15_171 15 36 0 2 0 5 0 6 0 10 0 11 1 2 1 3 1 6 1 8 1 9 2 7 2 12 2 13 3 5 3 7 3 13 4 6 4 7 4 8 4 12 4 13 5 8 5 12 5 14 6 14 7 10 7 11 7 14 8 10 8 11 9 10 9 12 9 13 11 12 11 13 13 14
rmtf15_172 15 40 0 2 0 5 0 7 0 8 0 9 1 2 1 5 1 7 1 8 1 9 2 3 2 4 2 6 2 10 2 13 3 9 3 11 3 14 4 5 4 7 4 8 4 9 5 10 5 11 5 13 5 14 6 7 6 8 6 9 6 14 7 10 7 11 7 13 8 10 8 11 8 12 9 10 9 12 12 13 12 14
rmtf15_173 15 44 0 2 0 4 0 5 0 7 0 8 0 13 1 2 1 3 1 5 1 7 1 10 1 12 1 13 2 6 2 9 2 11 2 14 3 4 3 8 3 9 3 11 4 6 4 10 4 12 5 6 5 9 5 11 5 14 6 7 6 8 6 13 7 9 7 11 7 14 8 14 9 10 9 12 9 13 10 11 10 14 11 12 11 13 12 14 13 14
rmtf15_174 15 42 0 1 0 2 0 4 0 5 0 7 0 8 0 14 1 6 1 9 1 11 1 12 1 13 2 6 2 9 2 11 2 12 2 13 3 4 3 7 3 8 3 12 3 13 3 14 4 6 4 10 5 6 5 9 5 11 5 12 5 13 6 7 6 8 6 14 7 10 8 9 8 11 9 10 9 14 10 11 10 12 10 13 11 14
rmtf15_175 15 43 0 1 0 2 0 3 0 4 0 6 0 10 0 13 1 7 1 8 1 11 1 12 2 7 2 8 2 9 2 11 2 14 3 7 3 8 3 9 3 11 3 14 4 7 4 8 4 9 4 11 4 14 5 7 5 10 5 11 5 12 6 7 6 8 6 11 6 12 7 13 8 10 8 13 9 10 9 12 10 14 11 13 12 13 12 14
rmtf15_176 15 45 0 1 0 6 0 9 0 11 0 12 0 13 1 2 1 3 1 4 1 7 1 8 1 14 2 6 2 9 2 11 2 12 2 13 3 5 3 6 3 9 3 10 4 5 4 6 4 9 4 12 5 11 5 13 6 7 6 8 6 14 7 9 7 11 7 12 7 13 8 9 8 11 8 12 8 13 9 14 10 11 10 12 10 13 11 14 12 14 13 14
rmtf15_177 15 37 0 3 0 5 0 6 0 8 0 11 1 3 1 6 1 8 1 13 1 14 2 3 2 5 2 8 2 9 2 13 3 4 3 10 3 12 4 5 4 7 4 9 4 13 5 10 5 12 5 14 6 9 6 10 7 8 7 10 7 12 7 14 9 11 9 12 10 11 11 13 11 14 12 13
rmtf15_178 15 49 0 1 0 2 0 6 0 7 0 8 0 13 1 4 1 5 1 9 1 10 1 11 1 12 1 14 2 4 2 5 2 9 2 10 2 11 2 12 2 14 3 4 3 5 3 7 3 10 3 11 3 12 4 6 4 8 4 13 5 6 5 8 5 13 6 9 6 10 6 11 6 12 6 14 7 9 7 14 8 9 8 10 8 11 8 12 8 14 9 13 10 13 11 13 12 13 13 14
rmtf15_179 15 40 0 1 0 2 0 7 0 11 0 13 1 5 1 6 1 8 1 9 1 14 2 4 2 9 2 10 2 12 2 14 3 4 3 5 3 6 3 9 3 11 3 14 4 7 4 8 4 13 5 7 5 10 5 13 6 7 6 10 6 13 7 9 7 12 7 14 8 10 8 12 9 13 10 11 11 12 12 13 13 14
rmtf15_180 15 41 0 2 0 3 0 6 0 12 0 14 1 2 1 4 1 6 1 14 2 5 2 7 2 11 2 13 3 4 3 7 3 10 4 5 4 11 4 12 4 13 5 6 5 8 5 9 5 10 6 7 6 11 6 13 7 8 7 9 8 11 8 12 8 13 8 14 9 11 9 12 9 13 9 14 10 11 10 12 10 13 10 14
rmtf15_181 15 44 0 2 0 4 0 6 0 10 0 11 0 14 1 2 1 4 1 6 1 10 1 11 1 14 2 3 2 7 2 9 2 12 2 13 3 4 3 5 3 8 4 7 4 9 4 12 4 13 5 6 5 7 5 10 5 11 5 12 5 14 6 8 6 9 6 13 7 8 8 10 8 11 8 12 8 14 9 10 9 11 9 14 10 13 11 13 13 14
rmtf15_182 15 45 0 1 0 4 0 8 0 9 0 11 0 12 0 14 1 3 1 5 1 7 1 10 1 13 2 4 2 5 2 9 2 14 3 4 3 8 3 9 3 11 3 12 3 14 4 7 4 10 4 13 5 6 5 8 5 11 5 12 6 13 6 14 7 8 7 9 7 11 7 12 7 14 8 10 8 13 9 10 9 13 10 11 10 12 10 14 11 13 12 13
rmtf15_183 15 40 0 5 0 8 0 9 0 10 0 13 1 2 1 6 1 9 1 10 1 11 1 14 2 3 2 7 2 12 2 13 3 5 3 8 3 9 3 10 3 11 4 6 4 9 4 10 4 11 4 12 4 14 5 6 5 7 5 12 5 14 6 8 6 13 7 8 7 9 7 10 7 11 8 12 8 14 11 13 13 14
rmtf15_184 15 40 0 3 0 5 0 6 0 9 0 10 1 3 1 6 1 9 1 12 2 3 2 5 2 6 2 9 2 10 3 7 3 8 3 11 3 13 4 5 4 9 4 10 4 13 5 7 5 8 5 11 5 12 6 7 6 8 6 11 6 13 7 9 7 10 8 10 8 14 9 11 9 14 10 11 10 12 12 13 13 14
rmtf15_185 15 35 0 1 0 3 0 4 0 11 1 6 1 13 1 14 2 3 2 6 2 13 2 14 3 7 3 8 3 10 3 12 4 5 4 6 4 8 4 9 4 13 5 12 5 14 6 7 6 10 6 12 7 13 7 14 8 11 8 14 9 12 9 14 10 11 10 14 11 12 11 13
rmtf15_186 15 40 0 4 0 5 0 6 0 10 0 12 0 14 1 2 1 3 1 5 1 10 1 13 2 4 2 6 2 12 2 14 3 6 3 7 3 8 3 9 4 8 4 9 4 11 4 13 5 7 5 8 5 9 6 11 6 13 7 11 7 13 7 14 8 10 8 12 8 14 9 10 9 12 9 14 10 11 11 12 12 13
rmtf15_187 15 39 0 4 0 9 0 10 0 11 0 13 0 14 1 2 1 6 1 7 1 9 2 4 2 5 2 11 2 12 2 14 3 4 3 7 3 9 3 10 3 11 3 14 4 6 4 8 5 8 5 9 5 10 5 13 6 10 6 11 6 13 6 14 7 8 7 13 8 11 8 12 8 14 9 12 10 12 12 13
rmtf15_188 15 37 0 5 0 9 0 12 0 14 1 3 1 5 1 10 1 11 2 3 2 8 2 9 3 4 3 7 3 12 3 13 3 14 4 5 4 10 4 11 5 6 5 7 5 8 5 13 6 9 6 12 6 14 7 10 7 11 8 10 8 11 9 10 9 11 9 13 10 12 10 14 11 12 11 14
rmtf15_189 15 40 0 2 0 7 0 9 0 10 0 12 0 14 1 7 1 8 1 11 1 12 2 4 2 5 2 11 2 13 3 4 3 6 3 7 3 8 3 11 4 9 4 10 4 12 4 14 5 7 5 9 5 10 5 12 5 14 6 9 6 12 6 13 6 14 7 13 8 9 8 13 8 14 9 11 10 11 10 13 11 14
rmtf15_190 15 39 0 5 0 8 0 9 0 10 0 12 0 13 0 14 1 2 1 5 1 6 1 7 1 12 2 3 2 8 2 9 2 13 2 14 3 5 3 6 3 10 3 12 4 5 4 8 4 9 4 10 4 12 4 13 4 14 5 11 6 8 6 11 6 13 7 8 7 10 7 11 7 13 9 11 11 12 11 14
rmtf15_191 15 41 0 5 0 7 0 8 0 9 0 12 1 3 1 5 1 6 1 9 1 10 2 3 2 5 2 6 2 9 2 12 3 4 3 7 3 13 3 14 4 5 4 8 4 9 4 12 5 11 5 13 5 14 6 7 6 8 6 13 7 10 7 11 8 10 8 11 8 14 9 11 9 13 9 14 10 12 11 12 12 13 12 14
rmtf15_192 15 38 0 2 0 7 0 8 0 12 0 13 1 2 1 3 1 5 1 9 1 11 1 13 2 4 2 6 2 10 2 14 3 7 3 8 3 12 4 5 4 8 4 11 4 13 5 12 5 14 6 7 6 9 6 12 6 13 7 10 7 11 7 14 8 9 9 10 9 14 10 12 10 13 11 12 13 14
rmtf15_193 15 40 0 1 0 6 0 8 0 10 0 13 0 14 1 2 1 3 1 7 1 11 2 5 2 12 2 14 3 5 3 6 3 10 3 13 3 14 4 6 4 7 4 8 4 13 4 14 5 7 5 8 5 11 6 9 6 11 6 12 7 9 7 10 8 9 8 12 9 13 9 14 10 11 10 12 11 13 11 14 12 13
rmtf15_194 15 48 0 1 0 2 0 5 0 9 0 11 0 13 0 14 1 4 1 6 1 8 1 10 1 12 2 4 2 6 2 8 2 10 2 12 3 6 3 8 3 10 3 12 3 14 4 5 4 9 4 11 4 13 4 14 5 6 5 8 5 10 5 12 6 7 6 9 6 11 6 13 7 8 7 10 7 12 7 14 8 9 8 11 8 13 9 10 9 12 10 11 10 13 11 12 12 13
rmtf15_195 15 49 0 3 0 4 0 6 0 8 0 10 0 11 1 3 1 4 1 5 1 6 1 10 1 11 2 3 2 4 2 6 2 8 2 10 2 11 3 7 3 9 3 12 3 13 3 14 4 7 4 9 4 12 4 13 4 14 5 8 5 12 5 14 6 7 6 9 6 12 6 13 6 14 7 8 7 10 7 11 8 9 8 13 9 10 9 11 10 12 10 13 10 14 11 12 11 13 11 14
rmtf15_196 15 46 0 3 0 6 0 7 0 8 0 9 1 4 1 5 1 9 1 13 1 14 2 3 2 6 2 7 2 8 2 9 3 4 3 5 3 13 3 14 4 6 4 7 4 8 4 10 4 11 4 12 5 6 5 7 5 8 5 10 5 11 5 12 6 13 6 14 7 13 7 14 8 13 8 14 9 10 9 11 9 12 10 13 10 14 11 13 11 14 12 13 12 14
rmtf15_197 15 43 0 5 0 8 0 11 0 12 0 14 1 4 1 6 1 7 1 13 1 14 2 5 2 8 2 11 2 12 2 14 3 4 3 8 3 11 3 12 3 13 3 14 4 5 4 9 4 10 5 6 5 7 5 13 6 8 6 11 6 12 7 8 7 11 7 12 8 9 8 10 9 11 9 12 9 13 9 14 10 11 10 12 10 13 10 14
rmtf15_198 15 41 0 5 0 7 0 8 0 10 0 13 0 14 1 5 1 7 1 8 1 10 1 13 1 14 2 4 2 5 2 7 2 8 2 11 2 14 3 6 3 7 3 8 3 9 3 10 3 12 3 13 4 6 4 9 4 10 4 12 4 13 5 6 5 9 5 12 6 11 6 14 9 11 9 14 10 11 11 12 11 13 12 14
rmtf15_199 15 43 0 1 0 3 0 4 0 8 0 11 0 14 1 2 1 6 1 7 1 9 1 13 2 3 2 10 2 11 2 12 2 14 3 5 3 6 3 7 3 9 4 6 4 10 4 12 4 13 5 10 5 12 5 13 5 14 6 8 6 11 6 14 7 10 7 11 7 12 7 14 8 10 8 12 8 13 9 10 9 11 9 12 9 14 11 13
rmtf15_200 15 41 0 4 0 8 0 9 0 11 0 12 1 2 1 3 1 6 1 9 1 13 2 4 2 5 2 7 2 14 3 4 3 8 3 11 3 12 4 6 4 10 4 13 5 6 5 9 5 12 5 13 6 8 6 11 7 8 7 9 7 11 7 12 8 10 8 13 8 14 9 10 9 14 10 11 10 12 11 13 11 14 12 14
rmtf15_201 15 54 0 5 0 7 0 8 0 9 0 10 0 13 1 5 1 7 1 8 1 9 1 10 1 13 2 5 2 7 2 8 2 9 2 10 2 13 3 5 3 7 3 8 3 9 3 10 3 13 4 5 4 7 4 8 4 9 4 10 4 13 5 6 5 11 5 12 5 14 6 7 6 8 6 9 6 10 6 13 7 11 7 12 7 14 8 11 8 12 8 14 9 11 9 12 9 14 10 11 10 12 10 14 11 13 12 13 13 14
rmtf15_202 15 38 0 7 0 8 0 9 0 11 1 5 1 6 1 9 1 10 1 12 1 13 2 3 2 6 2 9 2 10 2 14 3 5 3 8 3 11 3 13 4 5 4 8 4 9 4 10 4 12 4 13 5 7 5 14 6 7 6 8 6 11 7 10 7 12 7 13 8 14 10 11 11 12 12 14 13 14
rmtf15_203 15 45 0 1 0 6 0 8 0 11 0 12 0 13 0 14 1 2 1 3 1 5 1 9 1 10 2 6 2 7 2 8 2 11 2 12 2 13 3 6 3 7 3 8 3 11 3 12 3 13 4 7 4 9 4 11 4 12 4 13 5 6 5 8 5 11 5 12 5 13 5 14 6 9 6 10 7 10 7 14 8 9 8 10 9 14 10 11 10 12 10 13
rmtf15_204 15 40 0 3 0 5 0 6 0 7 0 8 0 10 0 11 0 14 1 4 1 5 1 7 1 8 1 10 1 11 1 14 2 3 2 12 2 13 2 14 3 4 4 6 4 9 4 13 5 9 5 12 5 13 6 12 7 9 7 12 7 13 8 9 8 12 8 13 9 10 9 11 9 14 10 12 10 13 11 12 11 13
rmtf15_205 15 39 0 5 0 7 0 11 0 13 0 14 1 2 1 5 1 7 1 8 1 12 1 13 2 6 2 9 2 11 2 14 3 5 3 7 3 8 3 9 3 12 4 5 4 7 4 11 4 13 4 14 5 6 5 10 6 7 6 8 6 12 6 13 7 10 8 10 8 14 9 13 10 11 10 13 11 12 12 14
rmtf15_206 15 41 0 1 0 2 0 4 0 5 0 9 0 14 1 3 1 6 1 7 1 8 1 12 1 13 2 3 2 6 2 7 2 8 2 12 2 13 3 4 3 5 3 9 3 14 4 6 4 7 4 8 4 10 5 8 5 11 5 12 5 13 6 11 6 14 7 11 7 14 8 9 8 14 9 10 9 11 10 12 10 13 10 14
rmtf15_207 15 42 0 1 0 3 0 7 0 9 0 10 0 11 1 2 1 5 1 6 1 8 1 12 2 3 2 7 2 10 2 11 2 14 3 5 3 6 3 8 3 12 4 7 4 10 4 11 4 12 4 14 5 7 5 10 5 11 5 14 6 9 6 11 6 13 7 8 7 13 8 9 8 10 8 11 9 12 9 14 10 13 12 13 13 14
rmtf15_208 15 41 0 9 0 11 0 12 0 13 1 2 1 3 1 5 1 7 1 11 2 4 2 6 2 8 2 9 2 12 3 4 3 8 3 9 3 12 3 13 4 5 4 7 4 11 5 8 5 9 5 12 5 13 6 11 6 13 7 8 7 9 7 12 7 13 8 11 9 10 9 14 10 11 10 12 10 13 11 14 12 14 13 14
rmtf15_209 15 40 0 1 0 2 0 3 0 5 0 9 0 13 0 14 1 4 1 7 1 10 1 12 2 6 2 8 2 11 2 12 3 7 3 10 3 11 3 12 4 5 4 9 4 11 5 6 5 8 5 12 6 7 6 9 6 10 6 13 6 14 7 8 8 9 8 10 8 13 8 14 9 12 11 13 11 14 12 13 12 14
rmtf15_210 15 37 0 7 0 13 0 14 1 3 1 8 1 9 1 11 1 13 2 3 2 8 2 9 2 11 2 13 3 4 3 6 3 10 3 14 4 7 4 13 5 8 5 10 5 13 5 14 6 8 6 9 6 11 6 13 7 8 7 9 7 10 7 11 8 12 9 14 10 12 11 14 12 13 12 14
rmtf15_211 15 43 0 1 0 4 0 10 0 12 0 14 1 2 1 3 1 5 1 7 1 8 1 9 2 4 2 10 2 11 2 13 2 14 3 6 3 10 3 11 3 13 4 6 4 8 4 9 5 6 5 10 5 11 5 13 6 7 6 12 6 14 7 10 7 11 7 13 8 10 8 11 8 13 8 14 9 10 9 11 9 13 9 14 11 12 12 13
rmtf15_212 15 47 0 1 0 4 0 7 0 10 0 11 0 13 1 2 1 3 1 5 1 8 1 9 1 12 1 14 2 4 2 6 2 13 3 4 3 7 3 10 3 11 3 13 4 5 4 8 4 9 4 12 4 14 5 7 5 10 5 11 5 13 6 7 6 8 6 10 6 11 7 9 7 12 7 14 8 13 9 10 9 11 9 13 10 12 10 14 11 12 11 14 12 13 13 14
rmtf15_213 15 44 0 3 0 5 0 8 0 9 0 10 1 3 1 5 1 8 1 9 1 10 2 4 2 6 2 7 2 10 2 12 2 14 3 4 3 7 3 12 3 13 3 14 4 5 4 8 4 9 4 11 5 7 5 12 5 13 5 14 6 8 6 11 6 13 7 8 7 9 7 11 8 12 8 14 9 12 9 13 9 14 10 11 10 13 11 12 11 14
rmtf15_214 15 41 0 1 0 2 0 3 0 11 0 13 1 6 1 7 1 9 1 10 1 14 2 6 2 7 2 8 2 10 2 14 3 6 3 7 3 9 3 10 3 14 4 6 4 7 4 9 4 10 4 11 4 14 5 6 5 7 5 9 5 11 5 13 6 12 7 12 8 9 8 11 8 13 9 12 10 13 11 12 12 13 13 14
rmtf15_215 15 41 0 2 0 6 0 7 0 8 0 11 1 3 1 4 1 5 1 6 1 12 1 13 2 4 2 5 2 9 2 13 3 8 3 9 3 10 3 14 4 7 4 8 4 11 4 14 5 8 5 10 5 11 5 14 6 9 6 10 6 14 7 9 7 10 8 12 8 13 9 11 9 12 10 12 10 13 11 13 12 14 13 14
rmtf15_216 15 45 0 2 0 3 0 7 0 8 0 10 0 12 0 14 1 2 1 9 1 10 1 12 1 14 2 4 2 6 2 11 2 13 3 4 3 5 3 9 3 11 3 13 4 7 4 8 4 10 4 12 4 14 5 6 5 7 5 8 5 14 6 9 6 10 6 12 7 9 7 11 7 13 8 9 8 11 8 13 10 11 10 13 11 12 11 14 12 13 13 14
rmtf15_217 15 40 0 1 0 3 0 9 0 13 0 14 1 4 1 5 1 6 1 7 1 12 2 3 2 5 2 6 2 7 2 9 2 12 2 14 3 4 3 8 3 11 4 9 4 13 4 14 5 8 5 10 5 13 6 8 6 10 6 13 7 8 7 10 7 13 8 9 8 12 8 14 9 11 10 11 10 14 11 12 11 13
rmtf15_218 15 45 0 2 0 3 0 11 0 12 0 13 1 2 1 3 1 6 1 13 2 4 2 7 2 10 2 14 3 4 3 7 3 10 3 14 4 5 4 8 4 9 4 11 4 12 5 6 5 7 5 10 5 13 5 14 6 8 6 9 6 11 6 12 7 8 7 9 7 11 7 12 8 10 8 13 8 14 9 10 9 13 9 14 10 11 10 12 11 14 12 14
rmtf15_219 15 41 0 2 0 4 0 5 0 10 0 12 0 14 1 4 1 5 1 8 1 10 1 12 1 14 2 6 2 8 2 13 3 4 3 5 3 8 3 10 3 12 3 14 4 6 4 9 4 11 5 6 5 9 5 13 6 7 6 10 6 14 7 8 7 12 8 9 8 11 9 10 9 12 9 14 10 13 11 13 12 13 13 14
rmtf15_220 15 43 0 1 0 3 0 4 0 8 0 10 0 11 1 2 1 6 1 9 1 12 1 14 2 5 2 7 2 11 2 13 3 6 3 7 3 9 3 12 3 14 4 5 4 7 4 12 4 13 4 14 5 6 5 8 5 9 6 10 6 11 6 13 7 8 7 10 8 12 8 13 8 14 9 10 9 11 9 13 10 12 10 14 11 12 11 14
rmtf15_221 15 40 0 4 0 5 0 7 0 8 0 10 1 3 1 8 1 11 1 12 1 13 2 4 2 5 2 7 2 8 2 10 3 4 3 5 3 7 3 10 3 14 4 11 4 12 4 13 5 6 5 12 5 13 6 8 6 10 6 11 7 9 7 11 7 12 8 9 8 14 9 13 10 12 10 13 11 14 12 14 13 14
rmtf15_222 15 41 0 3 0 4 0 6 0 9 0 10 0 12 1 3 1 5 1 6 1 7 1 11 2 3 2 5 2 6 2 7 2 9 2 12 2 14 3 8 3 13 4 5 4 7 4 14 5 8 5 10 5 13 6 8 6 13 7 8 7 10 7 13 8 9 8 12 8 14 9 11 9 13 10 11 11 12 11 14 12 13 13 14
rmtf15_223 15 39 0 3 0 7 0 10 0 13 1 2 1 3 1 4 1 5 1 12 2 6 2 7 2 9 2 10 3 6 3 9 3 14 4 8 4 11 4 13 4 14 5 6 5 9 5 10 5 14 6 8 6 11 6 13 7 8 7 11 7 14 8 9 8 10 8 12 9 11 9 13 10 11 11 12 12 13 12 14
rmtf15_224 15 38 0 6 0 7 0 10 1 5 1 7 1 9 1 10 1 13 2 3 2 5 2 7 2 9 2 13 3 4 3 6 3 10 3 11 3 12 4 5 4 7 4 9 4 13 5 6 5 11 5 12 6 8 6 9 6 13 7 8 7 11 7 12 8 10 9 11 9 14 10 14 11 13 12 14 13 14
rmtf15_225 15 50 0 3 0 6 0 7 0 9 0 10 0 11 0 14 1 3 1 6 1 7 1 9 1 10 1 11 1 14 2 3 2 5 2 10 2 11 3 4 3 8 3 12 3 13 4 6 4 7 4 9 4 10 4 11 4 14 5 6 5 7 5 9 5 14 6 8 6 12 6 13 7 8 7 12 7 13 8 9 8 10 8 11 8 14 9 12 9 13 10 12 10 13 11 12 11 13 12 14 13 14
rmtf15_226 15 40 0 2 0 5 0 8 0 9 0 14 1 3 1 5 1 6 1 8 1 9 1 10 1 11 1 14 2 3 2 6 2 10 2 11 3 7 3 12 3 13 4 7 4 8 4 10 4 11 4 12 5 7 5 12 5 13 6 7 6 12 6 13 7 9 7 14 8 13 9 12 9 13 10 13 11 13 12 14 13 14
rmtf15_227 15 40 0 2 0 5 0 6 0 9 0 11 0 12 1 3 1 4 1 7 1 11 1 14 2 3 2 8 2 10 2 14 3 5 3 6 3 9 3 12 3 13 4 5 4 8 4 9 4 12 4 13 5 7 5 14 6 7 6 8 6 14 7 9 7 10 7 13 8 11 9 14 10 11 10 12 11 13 12 14 13 14
rmtf15_228 15 39 0 9 0 11 0 12 0 13 0 14 1 6 1 8 1 11 1 13 1 14 2 4 2 8 2 9 2 10 2 11 2 14 3 4 3 6 3 8 3 10 3 11 3 14 4 12 4 13 5 9 5 11 5 12 5 13 5 14 6 9 6 12 7 9 7 11 7 12 7 13 7 14 8 12 10 12 10 13
rmtf15_229 15 38 0 1 0 4 0 6 0 13 0 14 1 3 1 7 1 8 1 11 2 4 2 7 2 8 2 12 3 4 3 6 3 13 3 14 4 5 4 9 4 10 5 7 5 8 5 12 6 8 6 9 6 12 7 9 7 10 7 13 8 10 8 13 8 14 9 11 9 14 10 11 11 12 11 13 12 14
rmtf15_230 15 38 0 3 0 8 0 10 0 11 0 12 0 14 1 2 1 8 1 10 1 11 1 12 1 13 2 3 2 4 2 7 2 14 3 5 3 13 4 5 4 10 4 13 5 8 5 11 5 12 5 14 6 8 6 10 6 11 6 12 6 13 6 14 7 9 7 10 7 12 8 9 9 11 9 13 9 14
rmtf15_231 15 46 0 1 0 2 0 5 0 6 0 7 0 12 1 3 1 4 1 8 1 9 1 10 1 13 2 3 2 4 2 8 2 9 2 10 2 13 3 5 3 6 3 11 3 14 4 5 4 6 4 11 4 14 5 8 5 9 5 10 5 13 6 8 6 9 6 10 6 13 7 9 7 11 7 13 7 14 8 11 8 14 9 12 10 11 10 14 11 12 12 13 12 14
rmtf15_232 15 42 0 1 0 4 0 7 0 10 0 12 0 13 1 5 1 6 1 8 1 11 1 14 2 4 2 7 2 10 2 11 2 12 2 13 3 5 3 7 3 11 3 14 4 6 4 8 4 9 4 14 5 9 5 12 6 7 6 10 6 12 6 13 7 8 7 9 8 10 8 12 8 13 9 10 9 11 9 13 10 14 12 14 13 14
rmtf15_233 15 40 0 1 0 4 0 7 0 11 0 13 0 14 1 2 1 3 1 6 1 8 1 9 2 5 2 11 2 12 2 14 3 5 3 10 3 12 4 5 4 10 4 12 5 6 5 8 5 9 6 7 6 11 6 13 6 14 7 9 7 10 7 12 8 10 8 12 9 11 9 13 9 14 10 11 10 13 10 14 12 13
rmtf15_234 15 38 0 1 0 3 0 7 0 8 0 12 0 13 1 2 1 5 1 10 1 11 2 3 2 7 2 8 2 12 2 13 3 4 3 9 3 11 4 8 4 10 4 12 4 14 5 7 5 8 5 9 5 13 6 8 6 9 6 10 6 14 7 10 7 14 8 11 9 12 10 13 11 12 11 13 11 14
rmtf15_235 15 37 0 4 0 5 0 9 0 11 0 12 0 13 1 3 1 4 1 5 1 6 1 11 2 3 2 4 2 7 2 9 2 11 3 8 3 13 3 14 4 10 4 14 5 7 5 8 6 9 6 10 6 12 6 13 6 14 7 10 7 12 7 13 7 14 8 9 8 10 8 11 8 12 11 14
rmtf15_236 15 41 0 1 0 5 0 7 0 10 0 13 1 2 1 3 1 4 1 11 1 12 2 5 2 7 2 10 2 13 3 7 3 8 3 9 3 10 3 14 4 6 4 9 4 13 5 8 5 9 5 14 6 7 6 8 6 10 6 14 7 11 7 12 8 11 8 12 8 13 9 11 9 12 10 11 10 12 11 14 12 14 13 14
rmtf15_237 15 37 0 2 0 3 0 8 0 14 1 3 1 8 1 10 1 11 2 5 2 6 2 9 2 11 2 12 3 4 3 9 3 12 3 13 4 8 4 10 4 11 5 8 5 13 5 14 6 8 6 13 6 14 7 8 7 9 7 10 7 11 8 12 9 14 10 12 10 13 10 14 11 13 11 14
rmtf15_238 15 41 0 2 0 5 0 9 0 11 0 14 1 3 1 4 1 5 1 7 1 10 1 13 1 14 2 3 2 6 2 7 2 10 2 13 3 8 3 11 3 12 4 6 4 8 4 11 4 12 5 6 5 8 5 12 6 9 6 14 7 8 7 9 7 11 8 10 8 13 8 14 9 12 9 13 10 11 10 12 11 13 12 14
rmtf15_239 15 44 0 5 0 8 0 14 1 3 1 4 1 5 1 6 1 10 1 13 2 3 2 8 2 9 3 7 3 11 3 12 3 14 4 7 4 8 4 9 4 11 4 12 4 14 5 7 5 9 5 11 5 12 6 7 6 8 6 9 6 11 6 12 6 14 7 10 7 13 8 10 8 13 9 10 9 13 10 11 10 12 10 14 11 13 12 13 13 14
rmtf15_240 15 40 0 3 0 4 0 5 0 6 0 12 0 13 1 2 1 4 1 6 1 9 1 11 2 5 2 7 2 8 2 10 2 14 3 8 3 9 3 11 4 7 4 8 4 10 4 14 5 9 5 11 6 7 6 8 6 10 6 14 7 11 7 12 8 12 8 13 9 12 9 13 9 14 10 11 10 12 11 13 11 14
rmtf15_241 15 45 0 2 0 9 0 10 0 11 0 12 0 14 1 2 1 5 1 6 1 7 2 3 2 4 2 8 2 13 3 9 3 10 3 11 3 12 3 14 4 7 4 9 4 11 4 12 4 14 5 9 5 10 5 11 5 12 5 14 6 9 6 10 6 11 6 12 6 14 7 10 7 13 8 9 8 10 8 11 8 12 8 14 9 13 11 13 12 13 13 14
rmtf15_242 15 40 0 7 0 8 0 9 0 11 0 14 1 3 1 6 1 9 1 11 1 12 1 14 2 3 2 6 2 9 2 11 2 12 2 14 3 4 3 8 3 13 4 6 4 7 4 9 4 10 4 14 5 8 5 9 5 11 5 12 5 14 6 8 6 13 7 12 7 13 8 10 9 13 10 11 10 12 10 13 13 14
rmtf15_243 15 39 0 3 0 4 0 8 0 9 0 13 1 3 1 8 1 10 1 13 2 3 2 4 2 8 2 9 2 13 3 5 3 6 3 11 3 12 3 14 4 6 4 7 4 10 5 8 5 10 5 13 6 8 6 9 6 13 7 8 7 12 7 14 8 11 9 10 9 12 9 14 10 11 11 13 12 13 13 14
rmtf15_244 15 41 0 3 0 5 0 12 0 13 0 14 1 3 1 5 1 6 1 10 1 11 1 13 1 14 2 5 2 6 2 8 2 10 2 11 2 13 2 14 3 8 3 9 4 6 4 8 4 9 4 10 4 11 4 13 4 14 5 7 5 9 6 7 6 12 7 8 7 10 7 11 7 13 7 14 8 12 9 12 10 12 11 12
rmtf15_245 15 40 0 3 0 4 0 6 0 8 0 13 0 14 1 4 1 5 1 10 1 12 2 4 2 5 2 10 2 12 3 7 3 9 3 10 3 11 4 7 4 9 4 11 5 9 5 11 5 13 6 7 6 9 6 10 6 12 7 8 7 13 7 14 8 9 8 10 8 11 9 14 10 13 10 14 11 12 12 13 12 14
rmtf15_246 15 38 0 1 0 2 0 5 0 9 0 13 1 7 1 10 1 11 1 12 1 14 2 4 2 8 2 10 2 12 2 14 3 4 3 5 3 6 3 9 3 11 4 7 4 13 5 8 5 10 5 12 5 14 6 7 6 13 6 14 7 8 7 9 8 11 8 13 9 10 9 12 9 14 10 13 12 13
rmtf15_247 15 37 0 2 0 3 0 4 0 5 0 13 1 2 1 3 1 9 1 11 1 13 2 6 2 10 2 12 3 7 3 8 3 14 4 7 4 8 4 9 4 11 4 12 5 6 5 11 5 12 6 7 6 8 6 9 6 14 7 10 7 13 8 10 8 13 9 10 10 11 10 14 12 13 12 14
rmtf15_248 15 37 0 2 0 5 0 6 0 12 1 2 1 3 1 6 1 7 1 12 2 4 2 10 2 11 3 4 3 5 3 11 4 7 4 8 4 12 4 13 4 14 5 7 5 10 6 8 6 9 6 13 6 14 7 9 8 10 8 11 9 10 9 11 10 12 10 13 10 14 11 12 11 13 11 14
rmtf15_249 15 38 0 3 0 4 0 5 0 7 0 12 1 3 1 4 1 7 1 10 1 14 2 3 2 4 2 5 2 9 2 10 3 8 3 11 3 13 4 8 4 11 4 13 5 6 5 14 6 8 6 10 6 11 6 13 7 8 7 9 8 12 8 14 9 11 9 13 10 12 11 12 11 14 12 13 13 14
rmtf16_0 16 44 0 1 0 2 0 6 0 9 0 10 0 13 1 4 1 5 1 12 1 14 1 15 2 4 2 5 2 12 2 14 2 15 3 6 3 10 3 13 3 14 4 6 4 7 4 9 4 11 5 6 5 7 5 9 5 11 6 8 6 15 7 12 7 13 7 14 8 11 8 12 8 13 8 14 9 12 9 14 9 15 10 11 10 12 11 15 13 15
rmtf16_1 16 50 0 2 0 5 0 6 0 10 0 12 0 13 1 2 1 3 1 4 1 5 1 13 2 7 2 8 2 9 2 11 2 14 2 15 3 6 3 10 3 12 3 14 4 6 4 8 4 9 4 11 4 14 4 15 5 7 5 8 5 9 5 11 5 14 5 15 6 7 7 10 7 12 7 13 8 10 8 12 8 13 9 10 9 12 9 13 10 11 10 15 11 12 11 13 12 15 13 14 13 15
rmtf16_2 16 43 0 1 0 2 0 3 0 7 0 12 0 14 0 15 1 8 1 9 1 11 2 4 2 6 2 9 2 13 3 5 3 6 3 10 4 5 4 7 4 8 4 10 4 12 4 15 5 9 5 11 5 13 6 8 6 11 6 12 7 9 7 11 7 13 8 13 8 14 9 12 9 14 9 15 10 11 10 13 10 14 11 15 12 13 13 15
rmtf16_3 16 47 0 2 0 3 0 5 0 10 0 12 0 14 0 15 1 2 1 7 1 9 1 10 1 12 1 14 1 15 2 6 2 8 2 11 2 13 3 6 3 9 3 11 3 13 4 6 4 7 4 9 4 10 4 13 4 15 5 6 5 7 5 9 5 13 6 12 6 14 7 8 7 11 8 9 8 10 8 12 8 14 8 15 10 11 11 12 11 14 11 15 12 13 13 14
rmtf16_4 16 40 0 1 0 2 0 3 0 14 0 15 1 4 1 9 1 12 1 13 2 7 2 8 2 9 2 10 3 4 3 6 3 10 3 12 4 8 4 14 4 15 5 9 5 12 5 13 5 15 6 8 6 9 6 14 6 15 7 12 7 14 7 15 8 12 8 13 9 11 10 13 10 15 11 12 11 14 11 15 13 14
rmtf16_5 16 45 0 6 0 7 0 10 0 11 0 12 0 14 1 6 1 7 1 9 1 10 1 12 1 14 2 5 2 7 2 8 2 9 2 10 2 12 3 5 3 7 3 8 3 9 3 10 3 15 4 6 4 7 4 8 4 10 4 11 4 12 5 6 5 11 5 14 6 13 6 15 7 13 8 13 8 14 9 11 9 13 10 13 11 15 12 13 12 15 14 15
rmtf16_6 16 41 0 6 0 9 0 12 1 2 1 4 1 8 1 9 1 13 1 14 2 5 2 6 2 7 2 15 3 4 3 7 3 8 3 9 3 13 3 14 4 5 4 6 4 15 5 8 5 9 5 10 5 13 6 11 6 13 6 14 7 11 7 12 8 11 8 12 9 15 10 11 10 12 10 14 11 15 12 13 12 15 14 15
rmtf16_7 16 48 0 3 0 4 0 6 0 7 0 9 0 13 1 3 1 4 1 7 1 9 1 10 1 13 2 3 2 4 2 6 2 7 2 9 2 13 3 5 3 11 3 12 3 14 3 15 4 5 4 11 4 12 4 14 4 15 5 7 5 9 5 10 5 13 6 10 6 14 6 15 7 8 7 12 7 15 8 9 8 11 8 13 8 14 9 12 9 15 10 11 10 12 12 13 13 15
rmtf16_8 16 44 0 6 0 8 0 12 0 14 0 15 1 6 1 7 1 8 1 12 1 13 1 14 2 6 2 8 2 12 2 14 2 15 3 6 3 7 3 8 3 12 3 13 3 14 4 5 4 7 4 8 4 12 4 13 4 14 5 6 5 10 5 15 6 9 6 11 7 11 7 15 8 10 9 10 9 14 9 15 10 11 10 12 11 13 11 14 13 15
rmtf16_9 16 43 0 1 0 2 0 4 0 5 0 6 0 9 1 3 1 7 1 12 1 13 1 14 2 8 2 10 2 14 2 15 3 6 3 8 3 10 3 11 4 7 4 8 4 13 4 14 5 7 5 8 5 13 5 14 6 7 6 12 6 13 6 14 7 10 7 11 8 9 8 12 9 10 9 11 9 13 10 12 11 14 11 15 12 15 13 15
rmtf16_10 16 46 0 3 0 4 0 5 0 8 0 11 0 12 0 13 0 15 1 3 1 4 1 5 1 8 1 11 1 12 1 13 1 15 2 3 2 4 2 5 2 8 2 11 2 12 2 13 2 15 3 6 3 14 4 6 4 14 5 10 5 14 6 10 6 12 6 15 7 8 7 11 7 12 7 14 8 9 8 10 9 11 9 12 9 14 10 11 10 13 13 14 14 15
rmtf16_11 16 45 0 2 0 7 0 11 0 13 0 14 1 4 1 6 1 7 1 9 1 10 2 5 2 6 2 8 2 15 3 6 3 7 3 9 3 14 4 5 4 8 4 11 4 12 4 13 4 14 5 7 5 9 5 10 6 11 6 12 6 13 7 8 7 12 7 15 8 9 8 10 9 11 9 12 9 13 10 11 10 12 10 13 10 14 11 15 13 15 14 15
rmtf16_12 16 44 0 1 0 4 0 9 0 10 0 11 0 15 1 3 1 6 1 13 1 14 2 5 2 6 2 7 2 8 2 15 3 4 3 5 3 9 3 10 3 15 4 6 4 13 4 14 5 11 5 12 5 13 6 10 6 11 6 12 7 9 7 10 7 11 7 13 8 9 8 10 8 11 8 13 9 12 9 14 10 14 11 14 12 15 13 15 14 15
rmtf16_13 16 50 0 3 0 4 0 5 0 8 0 9 0 10 1 3 1 4 1 5 1 8 1 9 1 10 2 4 2 8 2 9 2 10 2 13 3 6 3 11 3 12 3 13 3 15 4 6 4 7 4 11 4 14 4 15 5 6 5 11 5 12 5 13 5 15 6 8 6 9 6 10 7 8 7 9 7 10 7 13 8 11 8 14 8 15 9 11 9 14 9 15 10 11 10 12 10 15 12 14 13 14
rmtf16_14 16 41 0 3 0 9 0 12 0 14 0 15 1 7 1 8 1 12 1 13 1 14 2 6 2 7 2 10 2 11 2 15 3 6 3 7 3 10 3 13 4 6 4 9 4 12 4 13 5 6 5 7 5 10 5 12 5 13 6 8 6 14 7 9 8 10 8 11 8 15 9 10 9 11 10 14 11 12 11 13 11 14 13 15
rmtf16_15 16 45 0 2 0 8 0 10 0 11 0 13 0 15 1 2 1 6 1 9 1 10 1 15 2 3 2 7 2 12 3 4 3 5 3 6 3 9 3 14 3 15 4 10 4 11 4 12 5 8 5 10 5 11 5 13 6 8 6 11 6 13 7 8 7 10 7 11 7 13 7 15 8 9 8 12 8 14 9 11 9 13 10 14 11 14 12 13 12 15 13 14
rmtf16_16 16 44 0 1 0 4 0 5 0 9 0 12 1 6 1 7 1 8 1 10 1 11 1 14 2 5 2 6 2 7 2 8 2 10 2 11 3 4 3 5 3 7 3 11 3 12 4 6 4 8 4 10 4 14 5 13 5 14 6 9 6 12 6 13 7 9 7 13 8 9 8 12 8 13 9 10 9 11 9 14 10 15 11 15 12 14 12 15 13 15
rmtf16_17 16 42 0 5 0 7 0 8 0 9 0 11 1 4 1 5 1 9 1 10 1 11 2 3 2 5 2 6 2 7 2 8 2 11 3 9 3 13 3 14 4 6 4 7 4 13 4 14 5 13 5 14 5 15 6 9 6 10 7 10 7 12 7 15 8 10 8 14 8 15 9 12 9 15 10 13 11 13 11 14 11 15 12 13 12 14
rmtf16_18 16 44 0 6 0 7 0 10 0 12 0 15 1 2 1 4 1 5 1 7 1 8 1 12 1 13 2 6 2 9 2 10 2 15 3 4 3 11 3 12 3 14 3 15 4 6 4 9 4 10 5 9 5 11 5 14 5 15 6 8 6 11 6 14 7 9 7 11 7 14 8 9 8 10 8 15 9 12 9 13 10 11 10 14 11 13 13 14 13 15
rmtf16_19 16 46 0 2 0 7 0 9 0 13 0 14 0 15 1 2 1 3 1 6 1 8 1 13 1 15 2 4 2 10 2 11 2 12 3 4 3 5 3 7 3 9 3 12 3 14 4 6 4 8 4 13 4 15 5 8 5 11 5 13 5 15 6 7 6 11 6 12 6 14 7 8 7 10 8 9 8 12 8 14 9 10 9 11 10 13 10 14 10 15 12 13 12 15
rmtf16_20 16 51 0 4 0 5 0 6 0 8 0 9 0 13 1 4 1 5 1 9 1 10 1 13 1 14 2 4 2 5 2 6 2 8 2 9 2 13 3 4 3 5 3 6 3 9 3 10 3 13 4 7 4 11 4 12 4 15 5 7 5 11 5 12 5 15 6 7 6 11 6 14 6 15 7 8 7 9 7 13 8 10 8 11 8 14 9 11 9 12 9 15 10 12 10 15 11 13 12 13 12 14 13 15
rmtf16_21 16 47 0 2 0 3 0 6 0 10 0 11 1 2 1 3 1 6 1 11 1 14 2 4 2 5 2 9 2 12 2 13 3 7 3 8 3 9 3 12 3 13 3 15 4 7 4 8 4 10 4 11 4 15 5 7 5 8 5 10 5 11 5 15 6 7 6 8 6 9 6 12 6 13 6 15 7 14 8 14 9 10 9 11 10 12 10 13 10 14 11 12 11 13 14 15
rmtf16_22 16 52 0 1 0 2 0 6 0 11 0 12 1 3 1 7 1 8 1 10 1 13 1 15 2 3 2 7 2 8 2 10 2 13 2 15 3 4 3 5 3 6 3 9 3 14 4 7 4 8 4 11 4 12 4 13 4 15 5 7 5 8 5 11 5 12 5 13 5 15 6 7 6 8 6 10 6 13 6 15 7 9 7 14 8 9 8 14 9 10 9 12 9 13 9 15 10 11 11 14 12 14 13 14 14 15
rmtf16_23 16 48 0 2 0 5 0 6 0 8 0 10 0 11 0 14 1 2 1 6 1 8 1 11 1 12 1 14 2 4 2 7 2 9 2 15 3 9 3 11 3 12 3 14 4 5 4 6 4 8 4 10 4 13 4 14 5 7 5 9 5 12 5 15 6 7 6 9 6 15 7 8 7 10 7 11 7 14 8 9 8 15 9 10 9 13 10 12 10 15 11 13 12 13 13 15 14 15
rmtf16_24 16 46 0 1 0 2 0 3 0 11 0 13 1 4 1 6 1 7 1 12 1 14 2 4 2 5 2 8 2 9 2 10 2 14 3 4 3 5 3 8 3 9 3 10 3 14 4 11 4 15 5 6 5 11 5 12 5 13 6 8 6 9 6 10 7 9 7 10 7 13 8 11 8 12 8 13 9 11 9 12 9 15 10 11 10 12 10 15 11 14 13 15 14 15
rmtf16_25 16 47 0 4 0 6 0 8 0 11 0 13 0 14 0 15 1 3 1 4 1 8 1 11 1 13 1 14 2 4 2 9 2 11 2 13 2 15 3 6 3 7 3 15 4 7 4 10 4 12 5 6 5 7 5 8 5 14 5 15 6 9 6 10 6 12 7 9 7 11 7 13 8 9 8 10 8 12 9 14 10 11 10 13 10 14 10 15 11 12 12 13 12 14 12 15
rmtf16_26 16 48 0 1 0 2 0 6 0 9 1 4 1 7 1 10 1 13 2 3 2 5 2 7 2 8 2 14 2 15 3 4 3 9 3 10 3 13 4 5 4 6 4 8 4 11 4 12 4 14 4 15 5 9 5 10 5 13 6 7 6 10 6 13 7 11 7 12 8 9 8 10 8 13 9 11 9 12 9 14 9 15 10 11 10 12 10 14 10 15 11 13 12 13 13 14 13 15
rmtf16_27 16 44 0 6 0 7 0 10 0 12 0 13 1 4 1 5 1 6 1 7 1 13 1 15 2 4 2 7 2 8 2 13 2 14 2 15 3 4 3 5 3 7 3 13 3 14 3 15 4 10 4 11 4 12 5 8 5 11 5 12 6 8 6 9 6 14 7 9 7 11 8 10 9 12 9 13 9 15 10 14 10 15 11 13 11 14 11 15 12 14
rmtf16_28 16 50 0 4 0 5 0 6 0 8 0 9 0 12 0 13 0 14 1 4 1 5 1 6 1 7 1 8 1 9 1 10 1 13 2 4 2 5 2 6 2 7 2 8 2 9 2 10 2 13 3 4 3 5 3 6 3 7 3 8 3 9 3 13 3 14 4 11 4 15 5 11 5 15 6 11 6 15 7 11 7 12 8 11 8 15 9 11 9 15 10 14 10 15 11 13 11 14 12 15 13 15
rmtf16_29 16 43 0 1 0 2 0 3 0 5 0 6 0 9 0 11 1 4 1 10 1 14 1 15 2 10 2 12 2 14 2 15 3 4 3 7 3 8 3 14 4 5 4 6 4 11 4 12 4 13 5 7 5 8 5 14 6 8 6 10 6 14 7 10 7 11 7 12 7 15 8 9 8 11 8 15 9 10 9 12 9 13 11 14 13 14 13 15
rmtf16_30 16 47 0 2 0 5 0 8 0 9 0 10 0 12 0 13 1 5 1 6 1 7 1 14 1 15 2 4 2 6 2 7 2 11 2 15 3 5 3 6 3 8 3 9 3 12 3 13 4 5 4 12 4 14 5 11 6 10 7 8 7 9 7 10 7 12 7 13 8 11 8 14 8 15 9 11 9 14 9 15 10 11 10 14 10 15 11 12 11 13 12 15 13 14 13 15
rmtf16_31 16 48 0 2 0 5 0 6 0 7 1 4 1 6 1 8 1 10 1 11 1 12 1 15 2 8 2 10 2 11 2 12 2 13 3 4 3 6 3 8 3 10 3 11 3 12 3 15 4 5 4 9 4 13 4 14 5 8 5 10 5 11 5 12 5 15 6 9 6 13 6 14 7 9 7 10 7 12 7 13 8 9 8 14 9 11 9 15 10 14 11 14 12 14 13 15 14 15
rmtf16_32 16 43 0 2 0 8 0 9 0 11 0 15 1 2 1 8 1 9 1 11 1 15 2 5 2 7 2 10 2 14 3 6 3 7 3 8 3 14 4 7 4 8 4 10 4 15 5 8 5 9 5 11 5 15 6 10 6 11 6 15 7 9 7 11 7 13 8 12 8 13 9 10 9 14 10 12 10 13 11 12 11 14 12 15 13 15 14 15
rmtf16_33 16 44 0 1 0 2 0 4 0 7 0 12 1 5 1 8 1 11 1 14 2 3 2 5 2 10 2 11 2 15 3 7 3 8 3 9 3 12 3 14 4 5 4 8 4 9 4 14 5 6 5 12 5 13 6 7 6 8 6 11 6 14 7 10 7 13 8 10 8 15 9 10 9 11 9 15 10 12 10 14 11 12 11 13 12 15 13 14 13 15
rmtf16_34 16 42 0 1 0 3 0 6 0 7 0 9 0 12 1 10 1 11 1 13 2 3 2 6 2 9 2 11 2 13 3 4 3 10 3 14 4 5 4 6 4 11 4 13 5 7 5 9 5 10 5 12 6 8 6 14 6 15 7 11 7 13 8 9 8 10 8 12 8 13 9 14 9 15 10 15 11 12 11 15 12 14 13 14 13 15
rmtf16_35 16 44 0 1 0 2 0 5 0 9 0 12 1 6 1 7 1 8 1 11 1 14 2 3 2 6 2 7 2 10 2 11 2 13 2 14 3 5 3 8 3 15 4 5 4 6 4 9 4 12 4 13 5 7 5 10 5 11 5 14 6 15 7 9 7 12 8 9 8 10 8 12 8 13 9 11 9 14 9 15 10 15 11 12 12 14 12 15 13 15
rmtf16_36 16 47 0 2 0 4 0 6 0 10 0 11 0 13 1 8 1 9 1 10 1 11 1 12 1 14 2 8 2 9 2 12 2 14 3 4 3 8 3 10 3 11 3 12 3 13 4 5 4 7 4 9 4 15 5 8 5 10 5 11 5 12 5 14 6 8 6 9 6 12 6 14 7 8 7 10 7 11 7 12 7 13 8 15 9 13 10 15 11 15 12 15 13 14 14 15
rmtf16_37 16 43 0 1 0 3 0 4 0 10 1 2 1 6 1 8 1 13 1 15 2 3 2 5 2 11 2 14 3 7 3 9 3 12 4 7 4 9 4 12 4 14 5 9 5 10 5 12 5 15 6 7 6 9 6 12 6 14 7 10 7 13 7 15 8 9 8 10 8 12 9 11 9 13 10 11 10 14 11 12 11 15 12 13 13 14 14 15
rmtf16_38 16 48 0 1 0 5 0 6 0 7 0 12 0 13 0 14 0 15 1 2 1 3 1 4 1 9 2 8 2 10 2 11 2 13 2 14 2 15 3 10 3 11 3 12 3 13 3 14 3 15 4 5 4 6 4 7 4 12 4 13 4 14 4 15 5 8 5 9 5 10 5 11 6 8 6 9 6 10 6 11 7 8 7 9 7 10 7 11 8 12 9 12 9 13 9 14 9 15
rmtf16_39 16 52 0 7 0 10 0 12 0 14 1 2 1 4 1 6 1 8 1 13 1 14 1 15 2 3 2 7 2 9 2 10 2 11 2 12 3 4 3 6 3 8 3 13 3 14 3 15 4 7 4 9 4 10 4 11 4 12 5 6 5 10 5 13 5 14 6 7 6 9 6 11 6 12 7 8 7 13 7 15 8 9 8 10 8 11 8 12 9 13 9 14 9 15 10 15 11 13 11 14 11 15 12 13 12 15
rmtf16_40 16 41 0 1 0 2 0 8 0 10 0 11 0 12 1 3 1 4 1 6 1 15 2 5 2 7 2 14 2 15 3 5 3 9 3 12 3 14 4 5 4 7 4 9 4 10 4 13 5 8 5 11 6 9 6 11 6 12 6 14 7 8 7 11 7 12 8 9 8 13 9 15 10 14 10 15 11 13 12 13 13 14 13 15
rmtf16_41 16 51 0 2 0 4 0 6 0 7 0 13 0 15 1 4 1 6 1 7 1 8 1 13 1 15 2 5 2 8 2 9 2 14 3 4 3 6 3 7 3 8 3 13 3 15 4 9 4 10 4 11 4 12 5 6 5 7 5 11 5 13 5 15 6 9 6 10 6 12 6 14 7 9 7 10 7 12 7 14 8 10 8 11 8 12 9 13 9 15 10 13 10 15 11 14 12 13 12 15 13 14 14 15
rmtf16_42 16 46 0 6 0 11 0 15 1 9 1 10 1 11 1 14 1 15 2 4 2 5 2 6 2 7 2 13 2 15 3 4 3 5 3 7 3 10 3 13 3 15 4 9 4 11 4 12 4 14 5 9 5 11 5 12 5 14 6 9 6 10 6 14 7 9 7 11 7 12 7 14 8 9 8 10 8 11 8 14 8 15 9 13 10 12 11 13 12 13 12 15 13 14
rmtf16_43 16 43 0 3 0 7 0 9 0 15 1 5 1 9 1 10 1 12 1 14 1 15 2 5 2 7 2 9 2 12 2 13 3 5 3 6 3 12 3 13 4 5 4 9 4 10 4 12 4 14 4 15 5 8 5 11 6 9 6 10 6 11 6 14 7 8 7 10 7 11 7 14 8 9 8 12 8 13 10 13 11 12 11 15 13 14 13 15
rmtf16_44 16 47 0 9 0 10 0 11 0 12 0 14 0 15 1 5 1 8 1 11 1 14 1 15 2 9 2 10 2 11 2 12 2 14 2 15 3 5 3 6 3 7 3 13 3 15 4 9 4 10 4 11 4 12 4 14 4 15 5 9 5 10 5 12 6 8 6 9 6 10 6 11 6 14 7 8 7 9 7 10 7 11 7 14 8 12 8 13 9 13 10 13 11 13 13 14
rmtf16_45 16 45 0 2 0 4 0 5 0 7 1 3 1 7 1 13 1 14 2 3 2 9 2 10 2 11 2 12 2 15 3 4 3 5 4 9 4 11 4 12 4 14 4 15 5 6 5 8 5 13 6 9 6 11 6 12 6 14 6 15 7 9 7 10 7 11 7 12 7 15 8 9 8 11 8 12 8 14 8 15 9 13 10 13 10 14 11 13 12 13 13 15
rmtf16_46 16 46 0 4 0 6 0 8 0 11 0 12 0 14 1 4 1 6 1 8 1 9 1 10 1 13 1 14 2 4 2 6 2 8 2 9 2 10 2 11 2 14 3 4 3 6 3 8 3 11 3 12 3 14 4 5 4 15 5 7 5 8 5 9 5 10 5 11 6 7 6 15 7 12 7 14 8 15 9 12 9 15 10 12 10 15 11 13 12 13 13 15 14 15
rmtf16_47 16 47 0 2 0 3 0 8 0 11 0 12 0 14 1 2 1 3 1 4 1 7 1 11 1 12 1 13 2 5 2 6 2 10 2 15 3 5 3 6 3 10 3 15 4 5 4 6 4 8 4 10 4 14 5 7 5 9 5 11 5 13 6 7 6 11 6 12 6 13 7 8 7 10 7 14 8 13 8 15 9 10 9 12 9 14 9 15 10 11 10 13 11 15 13 14
rmtf16_48 16 47 0 2 0 3 0 4 0 8 0 11 1 2 1 7 1 8 1 10 1 11 1 13 1 14 2 5 2 9 2 12 2 15 3 5 3 9 3 10 3 12 3 13 4 7 4 9 4 10 4 13 4 14 5 7 5 8 5 11 5 14 6 7 6 8 6 9 6 10 6 11 6 13 6 14 7 12 7 15 8 12 8 15 10 15 11 12 11 15 12 14 13 15 14 15
rmtf16_49 16 47 0 1 0 6 0 9 0 13 0 15 1 2 1 3 1 4 1 5 1 8 1 14 2 6 2 11 2 12 2 13 2 15 3 6 3 7 3 11 3 12 3 13 4 6 4 9 4 10 4 15 5 6 5 11 5 12 5 13 5 15 6 8 6 14 7 9 7 10 7 15 8 9 8 10 8 15 9 11 9 12 10 11 10 12 10 13 11 14 12 14 13 14 14 15
rmtf16_50 16 43 0 2 0 6 0 11 0 13 0 15 1 2 1 4 1 5 1 8 2 3 2 7 2 10 2 12 3 8 3 11 3 13 3 15 4 7 4 10 4 12 4 13 4 15 5 6 5 11 5 12 5 13 5 15 6 7 6 8 6 10 7 11 7 14 8 9 8 14 9 10 9 11 9 12 9 13 9 15 10 14 12 14 13 14 14 15
rmtf16_51 16 41 0 1 0 8 0 9 0 13 1 2 1 6 1 7 1 12 1 15 2 5 2 9 2 11 2 14 3 7 3 9 3 10 3 13 3 14 3 15 4 6 4 7 4 9 4 11 4 14 4 15 5 7 5 10 5 13 5 15 6 10 6 13 7 8 8 10 8 11 8 14 8 15 9 12 10 12 11 12 11 13 12 14
rmtf16_52 16 47 0 4 0 5 0 6 0 8 0 9 0 13 1 4 1 5 1 6 1 8 1 9 1 13 2 4 2 5 2 7 2 8 2 9 2 13 3 5 3 6 3 8 3 9 3 10 3 13 4 10 4 11 4 15 5 11 5 12 5 14 6 7 6 14 6 15 7 11 7 12 8 11 8 12 8 14 9 11 9 12 9 14 10 12 10 14 11 13 12 13 12 15 13 14
rmtf16_53 16 47 0 2 0 3 0 9 0 10 0 11 0 12 1 2 1 3 1 9 1 10 1 11 1 12 2 6 2 7 2 13 2 15 3 4 3 5 3 6 3 8 3 14 4 7 4 9 4 11 4 12 4 13 5 7 5 9 5 10 5 11 5 15 6 9 6 10 6 11 6 12 7 8 7 14 8 9 8 11 8 13 8 15 9 14 10 13 10 14 11 14 12 14 12 15
rmtf16_54 16 42 0 1 0 3 0 5 0 9 0 10 0 11 0 14 1 2 1 6 1 12 1 15 2 4 2 5 2 11 2 13 2 14 3 4 3 6 3 12 4 8 4 10 4 15 5 6 5 12 5 15 6 8 6 11 6 13 6 14 7 9 7 10 7 11 7 12 8 9 8 12 9 13 9 15 10 13 11 15 12 13 12 14 14 15
rmtf16_55 16 48 0 1 0 5 0 7 0 13 0 14 1 4 1 6 1 10 1 12 2 4 2 5 2 6 2 10 2 12 2 13 3 5 3 6 3 10 3 12 3 13 3 14 4 7 4 8 4 9 4 14 5 8 5 9 5 11 5 15 6 7 6 8 6 9 6 15 7 11 7 12 8 10 8 12 8 13 9 10 9 12 9 13 10 11 10 15 11 13 11 14 12 15 13 15 14 15
rmtf16_56 16 49 0 3 0 6 0 8 0 9 0 13 0 14 0 15 1 3 1 4 1 9 1 11 1 13 1 14 1 15 2 3 2 4 2 5 2 9 2 11 2 14 2 15 3 7 3 10 3 12 4 6 4 8 4 10 4 12 5 6 5 8 5 13 6 7 6 11 7 8 7 9 7 13 7 14 7 15 8 11 9 10 9 12 10 11 10 13 10 14 10 15 11 12 12 13 12 14 12 15
rmtf16_57 16 45 0 2 0 4 0 11 0 13 0 14 1 2 1 8 1 9 1 11 1 12 1 14 2 5 2 7 2 10 2 15 3 8 3 10 3 12 3 13 3 15 4 8 4 9 4 10 4 12 5 8 5 9 5 11 5 12 5 14 6 8 6 10 6 12 6 13 6 15 7 8 7 11 7 12 7 13 7 14 9 13 9 15 10 11 10 14 11 15 14 15
rmtf16_58 16 51 0 3 0 6 0 7 0 9 0 10 0 14 1 3 1 7 1 11 1 14 2 3 2 4 2 6 2 7 2 9 2 10 3 5 3 8 3 12 3 13 3 15 4 11 4 14 4 15 5 6 5 7 5 9 5 10 5 14 6 8 6 11 6 12 6 13 6 15 7 8 7 12 7 13 7 15 8 9 8 10 8 14 9 11 9 12 9 13 9 15 10 11 10 12 10 13 10 15 12 14 13 14
rmtf16_59 16 44 0 1 0 3 0 5 0 11 1 2 1 4 1 6 1 8 1 10 1 12 1 14 2 3 2 5 2 7 3 4 3 6 3 9 3 10 3 15 4 11 4 13 5 6 5 9 5 13 5 15 6 7 7 9 7 11 7 13 7 15 8 9 8 11 8 13 8 15 9 12 9 14 10 11 10 13 11 12 11 14 12 13 12 15 13 14 14 15
rmtf16_60 16 43 0 5 0 7 0 9 0 10 0 12 1 3 1 5 1 7 1 9 1 11 1 12 2 4 2 8 2 10 2 12 2 13 3 4 3 10 3 13 3 15 4 5 4 7 4 9 4 11 4 14 5 8 5 13 6 7 6 9 6 10 6 12 6 13 7 8 8 9 8 11 8 14 8 15 10 11 10 14 11 13 12 14 12 15 13 14
rmtf16_61 16 44 0 1 0 4 0 9 0 10 0 11 0 13 0 14 1 3 1 8 1 12 1 15 2 8 2 9 2 12 2 15 3 4 3 9 3 10 3 11 3 13 3 14 4 5 4 7 4 12 5 8 5 9 5 14 5 15 6 7 6 9 6 10 6 12 7 8 7 14 7 15 8 10 8 11 8 13 10 15 11 12 11 15 12 13 12 14 13 15
rmtf16_62 16 44 0 5 0 6 0 7 0 11 0 13 0 14 0 15 1 3 1 4 1 6 1 8 1 9 2 3 2 5 2 6 2 7 2 11 2 13 2 15 3 12 3 14 4 11 4 12 4 14 5 8 5 9 5 12 6 10 7 8 7 9 7 12 8 10 8 11 8 13 8 14 8 15 9 10 9 11 9 13 9 14 9 15 10 12 12 13 12 15
rmtf16_63 16 47 0 1 0 2 0 7 0 11 0 12 0 14 0 15 1 5 1 6 1 8 1 9 2 4 2 6 2 8 2 9 2 13 3 5 3 8 3 9 3 11 4 5 4 11 4 12 4 14 4 15 5 7 5 10 5 13 6 7 6 11 6 12 6 14 6 15 7 8 7 9 8 12 8 14 8 15 9 10 9 12 10 11 10 14 10 15 11 13 12 13 13 14 13 15
rmtf16_64 16 47 0 1 0 2 0 3 0 9 0 10 0 11 0 13 1 6 1 8 1 12 1 14 1 15 2 4 2 6 2 7 2 8 2 14 3 6 3 8 3 12 3 14 3 15 4 9 4 12 4 15 5 7 5 8 5 10 5 12 6 9 6 10 6 11 6 13 7 9 7 15 8 9 8 11 8 13 9 14 10 14 10 15 11 12 11 14 11 15 12 13 13 14 13 15
rmtf16_65 16 47 0 8 0 9 0 10 0 12 0 13 0 14 1 8 1 9 1 10 1 12 1 13 1 14 2 5 2 6 2 9 2 11 2 15 3 4 3 5 3 13 3 14 4 6 4 9 4 12 4 15 5 8 5 10 5 12 6 8 6 10 6 13 6 14 7 8 7 9 7 10 7 12 7 13 7 14 8 11 8 15 10 11 10 15 11 12 11 13 11 14 13 15 14 15
rmtf16_66 16 47 0 4 0 8 0 9 0 10 0 13 0 14 0 15 1 5 1 9 1 10 1 12 2 3 2 9 2 13 2 15 3 4 3 7 3 8 3 10 3 14 4 5 4 6 4 11 4 12 5 7 5 8 5 13 5 14 5 15 6 7 6 8 6 10 6 13 6 14 6 15 7 9 7 12 8 11 8 12 9 11 10 11 11 13 11 14 11 15 12 13 12 14 12 15
rmtf16_67 16 47 0 2 0 6 0 7 0 8 0 13 0 14 1 2 1 7 1 8 1 10 1 13 1 14 2 3 2 4 2 5 2 11 2 12 3 6 3 7 3 8 3 13 3 14 4 7 4 8 4 10 4 13 4 15 5 7 5 8 5 10 5 13 5 14 6 10 6 11 6 12 7 11 7 12 8 9 8 11 9 10 9 12 9 14 11 13 11 15 12 13 12 15 14 15
rmtf16_68 16 46 0 1 0 7 0 8 0 14 0 15 1 2 1 3 1 4 1 5 1 10 1 13 2 7 2 8 2 14 2 15 3 6 3 9 3 11 3 12 4 9 4 11 4 12 4 14 5 9 5 11 5 12 5 14 6 7 6 8 6 14 6 15 7 9 7 11 7 12 8 12 8 13 9 10 9 13 9 15 10 11 10 12 10 14 11 13 11 15 12 15 13 14
rmtf16_69 16 43 0 2 0 4 0 7 0 9 0 15 1 6 1 7 1 10 1 11 1 12 1 13 1 14 2 5 2 6 2 8 2 10 2 11 2 12 3 5 3 7 3 9 3 12 4 6 4 10 4 11 4 12 4 13 4 14 5 13 5 14 6 9 6 15 7 8 8 9 8 14 8 15 9 10 9 11 9 13 10 15 11 15 12 15 13 15
rmtf16_70 16 44 0 2 0 6 0 7 0 9 0 13 0 15 1 6 1 8 1 12 1 14 1 15 2 3 2 5 2 10 2 11 2 14 3 6 3 8 3 12 3 13 3 15 4 5 4 6 4 12 4 13 5 7 5 8 5 15 6 10 6 11 7 10 7 12 7 14 8 9 8 11 9 10 9 12 9 14 10 13 10 15 11 12 11 13 11 15 13 14
rmtf16_71 16 42 0 2 0 3 0 6 0 7 0 8 0 9 0 12 0 13 1 2 1 5 1 7 1 9 2 11 2 15 3 4 3 5 3 10 3 11 4 7 4 8 4 13 4 14 4 15 5 6 5 8 5 12 5 13 5 14 6 11 6 15 7 10 7 11 8 10 8 11 9 10 9 14 10 13 10 15 11 12 11 13 11 14 12 15
rmtf16_72 16 43 0 4 0 5 0 8 0 10 0 14 0 15 1 5 1 10 1 12 1 14 2 3 2 8 2 10 2 14 3 4 3 5 3 13 3 15 4 7 4 9 4 11 4 12 5 7 5 9 5 11 6 8 6 11 6 14 6 15 7 8 7 10 7 13 7 15 8 9 8 12 9 10 9 13 9 15 10 11 11 13 12 13 12 15 13 14
rmtf16_73 16 45 0 3 0 5 0 7 0 11 0 14 1 3 1 4 1 5 1 7 1 8 1 11 1 12 1 13 2 3 2 4 2 5 2 7 2 8 2 10 3 6 3 9 3 15 4 6 4 9 4 14 5 6 5 9 5 15 6 7 6 8 6 10 7 9 7 15 8 9 8 14 9 11 9 12 9 13 10 11 10 12 10 13 11 15 12 14 13 14 14 15
rmtf16_74 16 47 0 2 0 4 0 8 0 9 0 12 0 15 1 2 1 9 1 11 1 12 1 14 1 15 2 3 2 5 2 6 2 7 2 10 3 9 3 11 3 12 3 14 3 15 4 6 4 11 4 14 5 11 5 12 5 13 5 14 5 15 6 8 6 12 6 13 6 15 7 9 7 11 7 12 7 14 7 15 8 11 8 14 9 13 10 11 10 12 10 13 10 14 10 15
rmtf16_75 16 41 0 4 0 9 0 10 0 12 0 13 1 2 1 4 1 5 1 6 1 9 1 14 2 3 2 8 2 12 2 13 3 6 3 9 3 15 4 8 4 11 4 15 5 8 5 12 5 13 5 15 6 7 6 10 7 8 7 12 7 13 7 15 8 9 8 10 8 14 9 11 10 11 10 15 11 13 11 14 12 14 14 15
rmtf16_76 16 44 0 1 0 6 0 8 0 9 0 10 1 2 1 3 1 4 1 5 1 7 1 15 2 6 2 8 2 9 2 10 3 8 3 9 3 12 3 14 4 6 4 9 4 11 4 14 5 8 5 9 5 12 5 14 6 12 6 13 7 8 7 9 7 10 7 12 8 11 8 15 9 13 10 11 10 14 10 15 11 12 11 13 12 15 13 14 13 15
rmtf16_77 16 49 0 4 0 8 0 10 0 11 0 13 0 15 1 2 1 4 1 5 1 8 1 13 1 15 2 3 2 7 2 9 2 10 2 11 2 14 3 4 3 5 3 8 3 13 3 15 4 6 4 7 4 12 4 14 5 7 5 9 5 10 5 11 5 14 6 8 6 9 6 10 6 11 6 13 7 8 7 13 7 15 8 12 8 14 9 15 10 12 11 12 12 13 12 15 13 14 14 15
rmtf16_78 16 41 0 7 0 10 0 11 0 12 0 14 0 15 1 4 1 7 1 9 1 11 1 12 1 15 2 4 2 5 2 10 2 12 2 13 3 6 3 12 3 13 3 14 3 15 4 6 4 14 5 7 5 9 5 11 5 15 6 7 6 10 6 11 7 8 8 10 8 12 8 13 8 14 8 15 9 10 9 13 9 14 11 13
rmtf16_79 16 46 0 2 0 4 0 5 0 7 0 8 0 10 0 15 1 2 1 4 1 7 1 8 1 14 2 3 2 6 2 9 3 10 3 11 3 12 3 13 3 15 4 9 4 11 4 12 4 13 5 6 5 9 5 13 5 14 6 10 6 11 6 12 6 15 7 9 7 11 7 12 7 13 8 9 8 11 8 12 8 13 9 10 9 15 10 14 11 14 12 14 14 15
rmtf16_80 16 46 0 1 0 3 0 4 0 8 0 9 0 10 0 14 1 5 1 7 1 11 1 12 1 15 2 7 2 12 2 13 2 14 3 7 3 11 3 12 3 13 3 15 4 5 4 7 4 11 4 12 4 15 5 6 5 9 5 13 5 14 6 8 6 10 6 11 6 12 7 8 7 9 7 10 8 13 8 15 9 11 9 12 9 15 10 13 10 15 11 14 14 15
rmtf16_81 16 43 0 1 0 5 0 7 0 8 0 9 0 14 1 4 1 6 1 10 1 11 1 15 2 8 2 9 2 10 2 11 2 15 3 5 3 9 3 11 3 13 4 5 4 9 4 13 4 14 5 6 5 10 5 12 6 7 6 8 6 9 6 14 7 10 7 11 7 13 8 12 8 13 9 12 10 14 11 12 11 14 12 15 13 15 14 15
rmtf16_82 16 43 0 1 0 3 0 6 0 11 0 13 0 14 1 2 1 7 1 10 1 12 2 5 2 8 2 9 3 4 3 7 3 8 3 9 3 10 4 5 4 6 4 12 4 15 5 7 5 11 5 14 6 7 6 8 6 9 6 10 7 13 7 15 8 11 8 13 8 14 9 12 9 14 9 15 10 13 10 14 10 15 11 12 11 15 12 13
rmtf16_83 16 45 0 3 0 8 0 11 0 12 0 14 1 4 1 6 1 9 1 11 1 15 2 6 2 9 2 11 2 12 2 15 3 4 3 5 3 6 3 7 3 9 3 10 4 8 4 12 4 13 4 14 5 11 5 12 5 14 5 15 6 8 6 13 6 14 7 12 7 13 7 14 7 15 8 9 8 15 9 13 9 14 10 12 10 13 10 14 10 15 11 13
rmtf16_84 16 42 0 1 0 4 0 6 0 7 0 8 0 10 0 14 1 3 1 9 1 12 2 3 2 4 2 5 2 8 2 9 2 14 3 6 3 7 3 10 3 11 4 11 4 12 4 15 5 6 5 11 5 12 6 13 6 15 7 9 7 12 8 12 8 13 8 15 9 13 9 15 10 12 10 13 10 15 11 13 11 14 12 14 14 15
rmtf16_85 16 44 0 1 0 3 0 4 0 7 0 8 0 10 1 5 1 6 1 9 1 11 1 12 1 13 2 6 2 10 2 14 2 15 3 5 3 6 3 14 3 15 4 5 4 6 4 14 4 15 5 7 5 8 5 10 6 7 6 8 7 14 7 15 8 13 8 14 9 10 9 14 9 15 10 11 10 12 10 13 11 14 11 15 12 14 12 15 13 15
rmtf16_86 16 41 0 1 0 2 0 7 0 9 0 12 0 14 0 15 1 5 1 10 1 13 2 3 2 6 2 8 3 4 3 10 3 13 4 5 4 9 4 12 4 14 4 15 5 6 5 7 5 8 6 10 6 12 6 13 6 15 7 10 7 13 8 9 8 11 8 12 8 14 9 10 9 13 10 11 10 14 11 13 11 15 13 14
rmtf16_87 16 41 0 2 0 3 0 7 0 9 0 13 1 3 1 8 1 12 1 13 1 14 2 4 2 8 2 11 2 12 3 5 3 10 3 11 4 5 4 7 4 9 4 10 4 13 5 6 5 14 5 15 6 7 6 11 6 12 7 8 7 14 8 9 8 10 8 15 9 12 9 14 10 12 10 14 11 13 11 14 12 15 13 15
rmtf16_88 16 45 0 3 0 8 0 9 0 13 0 14 1 2 1 8 1 10 1 12 1 13 1 14 2 3 2 6 2 11 2 15 3 4 3 5 3 7 3 10 4 8 4 9 4 13 4 14 5 8 5 12 5 13 5 14 6 8 6 10 6 12 6 13 6 14 7 11 7 12 7 15 8 11 8 15 9 10 9 11 9 12 9 15 11 13 11 14 13 15 14 15
rmtf16_89 16 45 0 7 0 8 0 10 0 15 1 4 1 5 1 10 1 11 1 13 2 4 2 5 2 7 2 8 2 9 2 13 2 14 3 4 3 5 3 7 3 8 3 9 3 13 3 14 4 6 4 12 4 15 5 6 5 12 5 15 6 7 6 8 6 10 6 13 7 11 7 12 8 11 8 12 9 10 9 15 10 12 10 14 11 14 11 15 12 13 13 15
rmtf16_90 16 46 0 1 0 2 0 4 0 10 0 15 1 6 1 7 1 8 1 9 1 13 1 14 2 6 2 7 2 8 2 9 2 13 2 14 3 8 3 10 3 12 3 14 3 15 4 6 4 7 4 8 4 12 4 14 5 6 5 7 5 8 5 9 5 13 5 14 5 15 6 10 6 11 7 10 7 11 8 11 9 10 9 12 10 13 11 12 11 14 11 15 12 13
rmtf16_91 16 45 0 5 0 6 0 9 0 10 0 13 1 3 1 5 1 9 1 10 1 11 1 13 2 4 2 6 2 9 2 10 2 15 3 4 3 6 3 8 3 15 4 5 4 11 4 13 4 14 5 7 5 8 5 12 5 15 6 7 6 11 6 12 7 9 7 10 7 13 8 9 8 11 8 13 8 14 9 12 10 14 11 15 12 13 12 14 13 15 14 15
rmtf16_92 16 49 0 2 0 5 0 7 0 9 0 11 1 2 1 5 1 7 1 9 1 11 2 6 2 10 2 12 2 14 2 15 3 7 3 9 3 10 3 11 3 12 3 14 3 15 4 7 4 9 4 10 4 11 4 12 4 14 4 15 5 6 5 10 5 12 5 14 5 15 6 9 6 13 7 8 7 13 8 9 8 10 8 11 8 12 8 14 8 15 10 13 11 13 12 13 13 14 13 15
rmtf16_93 16 45 0 1 0 2 0 3 0 4 0 9 0 12 1 8 1 10 1 11 1 14 1 15 2 5 2 6 2 11 2 13 2 14 3 8 3 10 3 11 3 14 3 15 4 7 4 10 4 11 4 13 5 7 5 10 5 15 6 8 6 10 6 15 7 8 7 14 8 9 8 12 8 13 9 10 9 11 9 14 9 15 10 12 11 12 12 14 12 15 13 15
rmtf16_94 16 42 0 2 0 6 0 10 0 11 0 13 1 4 1 10 1 11 1 13 1 15 2 4 2 5 2 8 2 9 2 14 3 8 3 9 3 11 3 12 3 13 3 15 4 6 4 12 5 6 5 7 5 10 5 11 6 8 6 9 6 15 7 8 7 9 7 12 7 13 7 15 8 10 9 10 10 12 11 14 12 14 13 14 14 15
rmtf16_95 16 44 0 1 0 8 0 9 0 10 0 14 1 2 1 4 1 5 1 7 1 12 1 15 2 9 2 10 2 11 3 5 3 8 3 9 3 13 3 14 4 8 4 9 4 10 4 14 5 6 5 10 5 11 6 8 6 9 6 13 6 15 7 8 7 9 7 10 7 14 8 11 8 12 9 12 10 13 10 15 11 13 11 14 12 13 12 14 14 15
rmtf16_96 16 48 0 1 0 5 0 6 0 7 0 9 0 10 1 2 1 4 1 11 1 13 1 14 1 15 2 5 2 8 2 10 3 6 3 7 3 9 3 10 3 11 4 5 4 6 4 7 4 9 4 10 5 11 5 13 5 14 5 15 6 8 6 12 6 13 6 15 7 8 7 12 7 13 7 15 8 9 8 11 8 14 9 12 9 13 9 15 10 12 10 13 10 14 10 15 11 12
rmtf16_97 16 48 0 2 0 4 0 12 0 14 1 4 1 5 1 6 1 7 1 9 1 13 1 15 2 5 2 6 2 9 2 11 2 13 3 4 3 5 3 6 3 7 3 9 3 13 3 15 4 8 4 10 4 11 5 8 5 10 5 14 6 8 6 10 6 14 7 8 7 10 7 11 7 14 8 12 8 15 9 10 9 12 9 14 10 13 10 15 11 12 11 15 12 13 13 14 14 15
rmtf16_98 16 48 0 6 0 7 0 11 0 13 0 14 1 4 1 5 1 7 1 12 1 14 2 3 2 4 2 6 2 7 2 13 2 14 3 8 3 9 3 10 3 11 3 12 3 15 4 8 4 9 4 10 4 11 4 15 5 6 5 11 5 13 6 8 6 9 6 10 6 12 6 15 7 8 7 9 7 10 7 15 8 13 8 14 9 13 9 14 10 13 10 14 12 13 13 15 14 15
rmtf16_99 16 45 0 5 0 7 0 11 0 13 0 15 1 2 1 6 1 7 1 10 1 11 1 13 2 3 2 4 2 5 2 12 2 14 3 7 3 8 3 9 3 11 3 13 3 15 4 6 4 7 4 10 4 11 4 13 5 8 5 9 5 10 6 8 6 9 6 14 6 15 7 12 7 14 8 12 9 12 10 14 10 15 11 12 11 14 12 13 12 15 13 14
rmtf16_100 16 47 0 6 0 8 0 9 0 11 0 13 1 3 1 5 1 7 1 11 1 14 1 15 2 3 2 5 2 7 2 8 2 11 2 15 3 6 3 9 3 10 3 13 4 5 4 6 4 8 4 11 4 13 5 9 5 10 5 12 6 7 6 12 6 14 6 15 7 9 7 10 7 13 8 10 8 12 8 14 9 14 9 15 10 11 10 15 11 12 12 13 13 14 13 15
rmtf16_101 16 42 0 3 0 4 0 5 0 6 0 11 1 3 1 4 1 5 1 6 1 11 2 5 2 10 2 11 2 15 3 7 3 9 3 13 3 15 4 7 4 8 4 9 4 10 4 15 5 7 5 8 5 14 6 7 6 8 6 9 6 10 6 15 7 12 8 11 8 13 9 11 9 14 10 12 10 13 10 14 11 12 12 15 14 15
rmtf16_102 16 43 0 1 0 2 0 6 0 10 0 12 1 7 1 9 1 11 1 13 1 14 1 15 2 5 2 7 2 8 2 9 2 11 2 15 3 7 3 8 3 9 3 10 3 11 3 14 4 5 4 7 4 8 4 9 4 10 4 12 5 6 5 14 6 7 6 9 6 11 6 13 6 15 8 13 10 13 10 15 11 12 12 13 12 14 12 15
rmtf16_103 16 43 0 2 0 5 0 7 0 8 0 13 1 3 1 4 1 5 1 6 1 9 1 14 2 3 2 4 2 10 2 12 2 14 2 15 3 7 3 11 3 13 4 7 4 11 4 13 5 10 5 11 5 15 6 7 6 8 6 10 6 12 7 9 7 14 7 15 8 11 8 14 8 15 9 10 9 11 10 13 11 12 12 13 13 14 13 15
rmtf16_104 16 47 0 5 0 7 0 8 0 9 0 11 0 15 1 3 1 4 1 8 1 11 1 12 1 14 2 4 2 7 2 8 2 9 2 11 2 12 2 14 3 5 3 7 3 9 3 13 3 15 4 6 4 10 4 13 4 15 5 6 5 10 5 14 6 7 6 8 6 9 6 11 6 12 7 10 8 10 8 13 9 10 10 11 10 12 11 13 12 13 12 15 13 14 14 15
rmtf16_105 16 43 0 2 0 6 0 7 0 8 0 9 0 13 1 3 1 5 1 6 1 7 2 4 2 5 2 11 2 12 2 15 3 4 3 8 3 9 3 11 4 7 4 10 4 13 5 8 5 10 5 13 6 10 6 11 6 12 6 15 7 12 7 14 7 15 8 12 8 14 8 15 9 10 9 12 9 15 10 14 11 13 11 14 12 13 13 15
rmtf16_106 16 51 0 2 0 4 0 7 0 8 0 9 0 15 1 3 1 4 1 7 1 8 1 9 1 15 2 3 2 6 2 10 2 12 2 13 2 14 3 5 3 11 4 6 4 10 4 11 4 12 4 13 4 14 5 6 5 9 5 10 5 12 5 13 5 14 6 7 6 8 6 15 7 10 7 11 7 12 7 13 7 14 8 10 8 11 8 12 8 13 8 14 9 11 10 15 11 15 12 15 13 15 14 15
rmtf16_107 16 47 0 1 0 5 0 6 0 9 0 10 0 12 1 2 1 11 1 13 1 15 2 5 2 7 2 9 2 12 2 14 3 5 3 7 3 9 3 12 3 14 3 15 4 5 4 7 4 9 4 12 4 14 4 15 5 8 5 11 5 13 6 7 6 8 6 11 6 13 7 10 8 9 8 12 8 14 8 15 9 11 9 13 10 13 10 14 10 15 11 12 11 14 12 13
rmtf16_108 16 44 0 9 0 10 0 12 0 13 1 2 1 4 1 6 1 8 1 10 1 12 2 3 2 5 2 7 2 9 2 14 3 4 3 6 3 8 3 10 3 12 4 5 4 7 4 9 4 14 5 6 5 8 5 10 5 12 6 7 6 9 6 13 7 10 7 11 7 15 8 9 8 13 8 15 9 11 10 14 11 12 11 14 12 15 13 14 14 15
rmtf16_109 16 45 0 3 0 4 0 9 0 13 0 14 0 15 1 4 1 7 1 10 1 11 2 3 2 5 2 6 2 7 2 8 2 12 3 10 3 11 4 5 4 6 4 8 4 12 5 9 5 11 5 13 5 14 6 10 6 11 7 9 7 13 7 14 7 15 8 9 8 13 8 14 8 15 9 10 9 12 10 13 10 14 10 15 11 12 11 15 12 13 12 14
rmtf16_110 16 43 0 4 0 5 0 8 0 12 0 13 0 14 1 2 1 8 1 9 1 10 1 11 1 14 2 4 2 5 2 12 2 13 3 4 3 8 3 10 3 13 3 15 4 6 4 7 5 7 5 10 5 15 6 8 6 9 6 10 6 11 6 13 6 14 7 8 7 9 7 11 7 13 7 14 9 12 9 15 10 12 11 12 11 15 14 15
rmtf16_111 16 44 0 3 0 5 0 12 0 15 1 5 1 6 1 7 1 9 1 10 1 13 2 4 2 6 2 7 2 9 2 10 2 12 3 4 3 6 3 7 3 9 3 10 3 11 3 13 3 14 4 5 4 15 5 8 5 11 5 14 6 8 6 15 7 8 7 15 8 9 8 10 8 12 9 15 10 15 11 12 11 15 12 13 12 14 13 15 14 15
rmtf16_112 16 42 0 2 0 4 0 11 0 12 0 15 1 3 1 5 1 8 1 10 1 12 2 7 2 9 2 10 2 13 2 14 3 4 3 7 3 14 3 15 4 9 4 10 4 13 5 6 5 7 5 9 5 13 5 15 6 8 6 10 6 12 6 14 7 8 7 12 8 9 8 11 8 15 9 12 10 11 10 15 11 13 11 14 12 13
rmtf16_113 16 45 0 1 0 4 0 5 0 11 0 12 1 3 1 7 1 8 1 9 1 13 1 14 2 3 2 5 2 7 2 10 2 11 2 13 3 4 3 6 3 12 4 7 4 8 4 10 4 13 4 14 5 6 5 8 5 9 5 14 5 15 6 7 6 10 6 11 6 13 7 15 8 11 8 12 9 10 9 11 10 12 11 14 11 15 12 13 12 14 12 15
rmtf16_114 16 43 0 4 0 8 0 9 0 11 1 3 1 4 1 7 1 9 1 11 1 14 2 5 2 6 2 7 2 11 2 12 2 14 2 15 3 8 3 10 3 12 3 13 3 15 4 5 4 6 4 10 4 12 4 15 5 8 5 13 6 8 6 9 7 8 7 10 7 13 8 14 9 10 9 12 9 13 9 15 10 11 10 14 11 13 13 14
rmtf16_115 16 45 0 3 0 5 0 7 0 12 0 14 1 4 1 5 1 6 1 8 1 10 1 11 1 15 2 3 2 7 2 9 2 11 2 14 3 4 3 6 3 8 3 10 3 15 4 7 4 9 4 12 4 14 5 9 5 13 6 7 6 9 6 12 6 14 7 8 7 13 8 9 8 12 8 14 9 10 9 15 10 13 10 14 11 12 12 13 13 15 14 15
rmtf16_116 16 49 0 1 0 2 0 5 0 9 0 14 0 15 1 3 1 7 1 8 1 12 1 13 2 3 2 7 2 8 2 12 2 13 3 4 3 5 3 6 3 11 4 8 4 9 4 10 4 13 4 14 4 15 5 8 5 10 5 12 5 13 6 8 6 9 6 10 6 13 6 14 6 15 7 9 7 10 7 14 7 15 8 11 9 11 9 12 10 11 11 13 11 14 11 15 12 14 12 15
rmtf16_117 16 51 0 1 0 2 0 8 0 10 0 11 0 12 1 4 1 6 1 15 2 4 2 6 2 9 2 13 2 14 3 4 3 6 3 8 3 9 3 13 3 14 4 5 4 7 4 10 4 11 4 12 5 6 5 8 5 9 5 13 5 14 6 7 6 10 6 11 6 12 7 8 7 9 7 13 7 14 8 15 9 10 9 11 9 12 9 15 10 13 10 14 11 13 11 14 12 13 12 14 13 15 14 15
rmtf16_118 16 46 0 6 0 7 0 8 0 9 0 14 0 15 1 3 1 6 1 7 1 8 1 14 1 15 2 3 2 4 2 8 2 13 2 15 3 5 3 9 3 10 3 11 4 7 4 9 4 11 4 14 5 7 5 8 5 13 5 14 5 15 6 11 6 12 6 13 7 10 7 12 8 10 8 11 8 12 9 12 9 13 10 13 10 14 10 15 11 15 12 14 12 15
rmtf16_119 16 45 0 4 0 5 0 7 0 9 0 10 0 11 1 4 1 5 1 7 1 9 1 10 1 11 2 3 2 5 2 11 2 13 3 4 3 7 3 9 3 10 3 12 4 6 4 8 4 15 5 8 5 12 5 14 6 7 6 9 6 11 6 12 6 14 7 13 7 15 8 10 8 11 8 13 9 13 9 15 10 14 10 15 11 15 12 13 12 15 13 14
rmtf16_120 16 43 0 4 0 7 0 8 0 12 0 14 1 5 1 10 1 13 1 14 2 9 2 10 2 12 2 13 3 4 3 5 3 7 3 10 3 14 4 6 4 9 4 11 4 13 4 15 5 6 5 8 5 9 5 12 5 15 6 7 6 10 6 14 7 9 7 11 7 13 7 15 8 10 8 13 9 14 10 11 10 15 11 12 11 14 14 15
rmtf16_121 16 51 0 2 0 3 0 11 0 14 0 15 1 3 1 4 1 5 1 7 1 9 1 13 2 4 2 5 2 7 2 9 2 13 3 6 3 8 3 10 3 12 4 6 4 8 4 10 4 12 5 6 5 8 5 11 5 12 5 14 5 15 6 7 6 9 6 13 7 8 7 11 7 12 7 14 7 15 8 9 8 13 9 11 9 12 9 14 9 15 10 11 10 14 10 15 11 13 12 13 13 14 13 15
rmtf16_122 16 46 0 4 0 9 0 10 0 12 0 13 1 2 1 3 1 9 1 11 2 7 2 10 2 12 2 13 3 4 3 10 3 12 3 13 3 15 4 6 4 7 4 11 4 14 5 7 5 9 5 10 5 12 5 13 6 9 6 10 6 12 6 13 7 8 7 15 8 9 8 10 8 12 8 13 9 14 9 15 10 11 10 14 11 12 11 13 11 15 12 14 13 14
rmtf16_123 16 49 0 1 0 3 0 4 0 7 0 9 0 11 1 6 1 8 1 10 1 12 1 14 1 15 2 4 2 8 2 9 2 11 2 12 2 15 3 6 3 8 3 10 3 12 3 14 3 15 4 5 4 6 4 13 5 8 5 9 5 11 5 12 5 15 6 7 6 9 6 11 7 8 7 10 7 12 7 14 7 15 8 13 9 10 9 14 10 11 10 13 11 14 12 13 13 14 13 15
rmtf16_124 16 51 0 1 0 5 0 6 0 9 0 11 0 14 1 3 1 7 1 10 1 12 1 13 1 15 2 3 2 9 2 10 2 12 2 13 2 15 3 5 3 6 3 8 3 11 3 14 4 6 4 9 4 14 4 15 5 7 5 10 5 12 5 13 5 15 6 7 6 10 6 12 6 13 7 9 7 11 7 14 8 9 8 10 8 12 8 13 8 15 10 11 10 14 11 12 11 13 11 15 12 14 13 14
rmtf16_125 16 45 0 2 0 7 0 9 0 14 0 15 1 2 1 3 1 5 1 10 1 13 2 4 2 6 2 11 2 12 3 4 3 6 3 7 3 8 3 12 4 9 4 14 4 15 5 6 5 7 5 8 5 9 5 14 6 10 6 13 7 10 7 11 7 13 8 10 8 11 8 15 9 10 9 11 9 12 9 13 10 14 11 14 12 14 12 15 13 14 13 15
rmtf16_126 16 41 0 3 0 7 0 8 0 11 0 14 0 15 1 2 1 6 1 10 1 11 2 5 2 7 2 14 2 15 3 5 3 6 4 5 4 6 4 7 4 11 5 8 5 9 5 10 5 13 6 8 6 12 6 14 6 15 7 9 7 12 7 13 9 11 9 14 9 15 10 12 10 14 10 15 11 12 11 13 13 14 13 15
rmtf16_127 16 57 0 5 0 6 0 7 0 10 0 11 0 12 0 15 1 5 1 6 1 7 1 10 1 11 1 12 1 15 2 3 2 7 2 8 2 9 3 5 3 6 3 10 3 11 3 12 3 15 4 5 4 6 4 7 4 10 4 11 4 12 4 15 5 8 5 9 5 13 5 14 6 8 6 9 6 13 6 14 7 13 7 14 8 10 8 11 8 12 8 15 9 10 9 11 9 12 9 15 10 13 10 14 11 13 11 14 12 13 12 14 13 15 14 15
rmtf16_128 16 45 0 2 0 6 0 8 0 10 0 11 0 12 0 14 1 2 1 6 1 8 1 10 1 11 1 12 1 14 2 5 2 7 2 9 3 4 3 9 3 10 3 11 3 14 4 5 4 7 4 12 5 6 5 8 5 10 5 13 5 15 6 7 6 9 7 8 7 10 7 11 7 14 8 9 9 13 9 15 11 13 11 15 12 13 12 15 13 14 14 15
rmtf16_129 16 48 0 4 0 6 0 7 0 11 0 12 0 14 1 4 1 6 1 7 1 11 1 12 1 14 2 6 2 7 2 12 2 14 2 15 3 4 3 6 3 7 3 10 3 11 3 14 4 5 4 9 4 13 4 15 5 6 5 7 5 11 5 12 5 14 6 8 6 9 7 8 7 9 8 12 8 13 8 15 9 11 9 12 9 14 10 12 10 13 10 15 11 13 11 15 13 14
rmtf16_130 16 41 0 1 0 3 0 5 0 6 0 13 0 14 1 2 1 4 1 7 1 15 2 6 2 8 2 9 2 14 3 8 3 10 3 12 4 8 4 11 4 12 5 7 5 9 5 11 5 15 6 7 6 11 6 15 7 10 7 13 7 14 8 13 8 15 9 10 9 12 10 11 10 15 11 13 11 14 12 13 12 15 14 15
rmtf16_131 16 41 0 2 0 7 0 8 0 9 0 10 0 13 0 15 1 7 1 10 1 13 1 14 1 15 2 3 2 6 2 14 3 4 3 5 3 8 3 9 3 10 3 15 4 6 4 13 4 14 5 7 5 11 5 12 6 7 6 8 6 11 6 12 8 14 9 12 9 14 10 11 10 12 11 13 11 14 11 15 12 13 12 15
rmtf16_132 16 45 0 1 0 5 0 8 0 10 1 6 1 7 1 12 1 13 1 14 1 15 2 5 2 8 2 10 2 13 2 15 3 5 3 8 3 10 3 13 3 15 4 5 4 8 4 10 4 13 4 15 5 6 5 7 5 9 5 12 5 14 6 8 6 11 7 8 7 11 8 9 8 12 8 14 9 10 9 13 9 15 10 11 10 14 11 12 11 13 11 15
rmtf16_133 16 53 0 2 0 3 0 5 0 9 0 14 1 2 1 3 1 4 1 7 1 8 1 9 1 10 2 6 2 11 2 12 2 13 2 15 3 6 3 11 3 12 3 13 3 15 4 5 4 6 4 11 4 12 4 13 4 14 5 7 5 8 5 10 5 15 6 7 6 8 6 9 6 10 7 11 7 12 7 13 7 14 8 11 8 12 8 13 8 14 9 11 9 12 9 13 9 15 10 11 10 12 10 13 10 14 14 15
rmtf16_134 16 43 0 2 0 3 0 5 0 8 0 13 1 2 1 8 1 12 1 13 1 15 2 4 2 7 2 10 2 11 2 14 3 4 3 10 3 12 3 15 4 5 4 8 4 13 5 7 5 9 5 11 5 15 6 7 6 10 6 11 6 13 6 15 7 8 7 12 8 9 8 11 8 14 9 10 9 12 9 13 11 12 12 14 13 14 14 15
rmtf16_135 16 45 0 1 0 2 0 7 0 8 0 9 0 14 1 3 1 4 1 5 1 6 1 12 1 15 2 3 2 4 2 5 2 6 2 12 2 15 3 8 3 13 3 14 4 10 4 11 4 13 5 7 5 8 5 9 5 14 6 11 6 13 6 14 7 11 7 12 7 13 7 15 8 10 8 11 8 12 9 11 9 12 9 13 9 15 10 14 10 15 12 14
rmtf16_136 16 45 0 5 0 8 0 10 0 11 0 14 1 3 1 4 1 13 1 14 1 15 2 5 2 8 2 10 2 11 2 14 3 6 3 8 3 9 3 10 3 11 3 12 4 5 4 6 4 7 4 10 4 11 4 12 5 9 5 15 6 13 6 14 6 15 7 8 7 9 7 15 8 13 9 13 9 14 10 13 10 15 11 13 11 15 12 13 12 14 12 15
rmtf16_137 16 47 0 2 0 4 0 5 0 6 0 10 0 14 1 2 1 4 1 5 1 6 1 10 1 14 2 3 2 8 2 11 3 6 3 7 3 12 3 13 3 14 4 7 4 8 4 12 4 13 5 7 5 8 5 12 5 13 6 9 6 11 6 15 7 9 7 11 7 15 8 9 8 10 8 15 9 12 9 13 9 14 10 11 10 12 10 13 11 14 12 15 13 15 14 15
rmtf16_138 16 45 0 8 0 13 0 14 0 15 1 8 1 10 1 11 1 14 1 15 2 4 2 8 2 10 2 11 2 15 3 8 3 10 3 11 3 14 3 15 4 5 4 6 4 12 4 14 5 8 5 9 5 13 5 15 6 8 6 9 6 13 6 15 7 8 7 10 7 11 7 14 7 15 8 12 9 10 9 11 9 14 10 12 10 13 11 12 11 13 12 15
rmtf16_139 16 52 0 1 0 3 0 4 0 5 0 7 0 8 0 15 1 2 1 6 1 9 1 10 1 12 1 14 2 3 2 4 2 5 2 7 2 8 2 13 3 6 3 9 3 10 3 12 3 14 4 6 4 10 4 11 4 12 4 14 5 6 5 10 5 11 5 12 5 14 6 7 6 8 6 15 7 10 7 11 7 12 7 14 8 9 8 10 8 12 8 14 9 11 9 15 10 13 11 13 12 13 13 14 13 15
rmtf16_140 16 45 0 1 0 2 0 3 0 6 0 7 0 14 1 4 1 8 1 12 1 15 2 4 2 5 2 10 2 11 2 12 2 13 3 5 3 9 3 10 3 12 3 13 4 6 4 7 4 9 5 8 5 14 5 15 6 8 6 11 6 12 6 13 7 8 7 11 7 12 7 13 8 9 8 10 9 11 9 14 10 14 10 15 11 15 12 14 13 14 13 15
rmtf16_141 16 49 0 1 0 4 0 11 0 12 0 13 0 14 0 15 1 3 1 5 1 6 1 7 1 8 2 5 2 6 2 8 2 12 3 4 3 11 3 12 3 13 3 14 3 15 4 5 4 6 4 7 4 8 5 9 5 10 5 11 5 13 5 14 6 11 6 13 6 14 6 15 7 11 7 12 7 13 7 14 7 15 8 9 8 10 8 11 8 13 8 14 9 12 9 15 10 12 10 15
rmtf16_142 16 47 0 2 0 8 0 10 0 12 0 14 0 15 1 2 1 6 1 8 1 10 1 12 1 14 2 3 2 5 2 7 2 9 2 11 3 8 3 10 3 12 3 14 3 15 4 5 4 8 4 10 4 13 4 14 5 12 5 15 6 13 6 15 7 8 7 10 7 13 7 14 7 15 8 9 8 11 9 10 9 12 9 14 9 15 10 11 11 13 11 14 11 15 12 13
rmtf16_143 16 44 0 6 0 7 0 8 0 9 0 14 0 15 1 3 1 7 1 8 1 9 1 14 2 6 2 7 2 8 2 9 2 14 2 15 3 5 3 6 3 15 4 5 4 6 4 8 4 13 4 14 5 7 5 9 5 11 6 10 6 12 7 10 7 12 7 13 8 10 8 12 9 10 9 12 9 13 10 11 11 14 11 15 12 14 12 15 13 15
rmtf16_144 16 45 0 2 0 3 0 5 0 6 0 7 1 3 1 10 1 11 1 13 1 15 2 4 2 11 2 12 2 14 2 15 3 4 3 8 3 12 3 14 4 5 4 7 4 9 4 13 5 10 5 11 5 14 5 15 6 9 6 10 6 13 7 10 7 11 7 14 7 15 8 10 8 11 8 13 8 15 9 11 9 12 9 14 9 15 10 12 12 13 13 14
rmtf16_145 16 51 0 4 0 5 0 6 0 9 0 10 0 11 0 14 1 3 1 5 1 8 1 9 1 10 1 14 2 3 2 5 2 8 2 9 2 10 2 14 3 11 3 15 4 7 4 8 4 12 4 13 4 15 5 7 5 12 5 13 5 15 6 7 6 8 6 12 6 13 6 15 7 9 7 10 7 11 7 14 8 11 9 12 9 13 9 15 10 12 10 13 10 15 11 12 11 13 12 14 13 14 14 15
rmtf16_146 16 44 0 1 0 5 0 7 0 8 0 9 0 15 1 3 1 4 1 6 1 11 1 14 2 5 2 6 2 9 2 10 2 13 2 14 3 5 3 7 3 9 3 10 3 13 3 15 4 9 4 10 4 12 4 13 4 15 5 11 5 12 6 7 6 8 6 15 7 11 7 12 8 10 8 13 8 14 9 11 10 11 11 13 11 15 12 14 14 15
rmtf16_147 16 44 0 1 0 7 0 9 0 10 0 12 0 13 1 3 1 5 1 6 1 8 1 14 2 3 2 10 2 13 2 15 3 4 3 7 3 11 4 9 4 12 4 13 4 14 5 7 5 9 5 10 5 12 5 13 6 7 6 9 6 10 6 12 6 13 7 8 7 14 8 10 8 11 8 12 8 13 9 11 9 15 10 14 11 14 12 15 14 15
rmtf16_148 16 45 0 2 0 3 0 5 0 6 0 7 0 10 1 2 1 4 1 6 1 10 1 11 2 9 2 12 2 13 2 14 2 15 3 9 3 11 3 12 3 14 3 15 4 5 4 7 4 8 4 9 5 12 5 13 5 14 5 15 6 8 6 9 7 11 7 12 7 14 7 15 8 12 8 13 8 14 8 15 9 10 10 12 10 13 10 14 10 15 11 13
rmtf16_149 16 46 0 1 0 2 0 6 0 7 0 8 0 12 1 4 1 5 1 11 1 15 2 3 2 4 2 5 2 9 2 11 3 6 3 12 3 13 3 14 3 15 4 6 4 8 4 12 4 13 4 14 5 8 5 10 5 12 5 13 5 14 6 10 6 11 7 10 7 13 7 14 7 15 8 11 8 15 9 10 9 12 9 13 9 14 9 15 11 12 11 13 11 14
rmtf16_150 16 47 0 4 0 5 0 6 0 9 0 11 0 12 0 15 1 4 1 5 1 6 1 9 1 11 1 12 1 13 2 6 2 7 2 9 2 11 2 12 2 15 3 6 3 7 3 9 3 11 3 12 3 15 4 7 4 10 4 14 5 7 5 10 5 14 6 10 6 14 7 8 7 13 8 12 8 14 8 15 9 10 9 14 10 11 10 12 10 15 11 14 13 14 13 15
rmtf16_151 16 41 0 1 0 8 0 9 0 11 0 12 0 14 1 3 1 7 1 13 2 3 2 10 2 11 2 13 2 14 3 12 3 15 4 10 4 12 4 13 4 15 5 7 5 8 5 11 5 12 5 13 5 14 6 7 6 8 6 9 6 11 6 12 6 14 7 10 7 15 8 10 8 15 9 10 9 13 9 15 11 15 14 15
rmtf16_152 16 47 0 1 0 2 0 3 0 8 0 10 1 4 1 7 1 11 1 12 1 13 1 15 2 4 2 7 2 11 2 12 2 13 2 15 3 5 3 6 3 7 3 11 3 12 3 13 4 5 4 6 4 9 4 14 5 8 5 10 5 15 6 8 6 10 6 15 7 9 7 10 7 14 8 9 8 11 8 12 8 14 9 13 9 15 10 11 10 12 10 13 13 14 14 15
rmtf16_153 16 48 0 3 0 6 0 7 0 8 0 9 0 12 0 14 1 3 1 6 1 7 1 8 1 9 1 12 1 14 2 3 2 4 2 5 2 10 2 13 3 11 3 15 4 6 4 7 4 8 4 9 4 12 4 14 5 6 5 7 5 8 5 9 5 12 5 15 6 10 6 11 7 10 7 13 8 10 8 11 9 10 9 11 10 12 10 15 11 12 11 13 11 14 13 15 14 15
rmtf16_154 16 46 0 7 0 8 0 9 0 11 0 12 0 15 1 5 1 7 1 9 1 11 1 12 2 6 2 7 2 8 2 11 2 12 3 5 3 7 3 9 3 11 3 12 4 5 4 6 4 7 4 13 4 14 5 8 5 15 6 9 6 15 7 10 8 10 8 13 8 14 9 10 9 13 9 14 10 11 10 12 10 15 11 13 11 14 12 13 12 14 13 15 14 15
rmtf16_155 16 43 0 2 0 5 0 6 0 7 0 8 0 11 0 13 1 8 1 9 1 10 1 15 2 4 2 10 2 12 2 14 3 6 3 8 3 9 3 10 4 5 4 7 4 8 4 13 4 15 5 9 5 10 5 14 6 14 6 15 7 9 7 10 7 14 8 12 8 14 9 11 9 12 9 13 10 11 10 13 11 14 11 15 12 15 13 14
rmtf16_156 16 45 0 5 0 8 0 10 0 12 0 13 0 14 1 2 1 10 1 13 1 14 2 3 2 5 2 8 2 12 2 15 3 7 3 10 3 11 3 14 4 5 4 7 4 8 4 10 4 11 4 12 4 14 5 6 5 9 6 7 6 8 6 10 6 11 6 12 6 14 7 13 7 15 8 9 9 10 9 12 9 13 9 14 10 15 11 13 11 15 14 15
rmtf16_157 16 52 0 3 0 4 0 5 0 6 0 11 0 12 0 15 1 3 1 4 1 5 1 6 1 11 1 12 1 15 2 3 2 4 2 5 2 6 2 11 2 12 2 15 3 7 3 9 3 10 3 14 4 7 4 8 4 9 4 13 5 7 5 9 5 10 5 14 6 7 6 9 6 10 6 14 7 11 7 12 7 15 8 10 8 11 8 14 8 15 9 11 9 12 9 15 10 13 11 13 12 13 12 14 13 15
rmtf16_158 16 46 0 1 0 7 0 9 0 10 0 11 0 13 0 14 1 2 1 3 1 4 1 8 1 15 2 5 2 7 2 9 2 11 2 13 2 14 3 6 3 7 3 9 3 10 3 13 3 14 4 6 4 7 4 9 4 10 4 13 4 14 5 6 5 8 5 10 6 11 6 12 7 12 8 11 8 12 8 13 8 14 9 12 10 15 11 15 12 15 13 15 14 15
rmtf16_159 16 47 0 1 0 3 0 8 0 10 0 11 0 12 0 14 1 4 1 6 1 9 1 13 1 15 2 3 2 6 2 11 2 12 2 13 2 14 3 4 3 5 3 9 3 15 4 7 4 10 4 11 4 12 4 14 5 6 5 8 5 10 5 11 5 12 5 14 6 7 7 8 7 9 7 15 8 13 9 10 9 11 9 12 9 14 10 13 10 15 11 15 12 15 14 15
rmtf16_160 16 51 0 3 0 4 0 9 0 10 0 11 0 15 1 2 1 3 1 4 1 7 1 9 1 10 1 15 2 5 2 6 2 8 2 11 2 12 3 5 3 6 3 8 3 13 3 14 4 5 4 6 4 8 4 12 4 14 5 7 5 9 5 10 5 15 6 7 6 9 6 10 6 15 7 8 7 11 7 12 8 9 8 10 8 15 9 13 9 14 10 12 10 14 11 13 11 14 12 13 12 15 14 15
rmtf16_161 16 42 0 4 0 6 0 9 0 13 0 14 0 15 1 4 1 7 1 8 1 11 1 14 2 5 2 7 2 10 2 12 2 15 3 4 3 5 3 6 3 7 3 15 4 10 4 12 5 8 5 11 5 14 6 8 6 10 6 12 7 9 7 13 8 9 8 13 8 15 9 10 9 11 10 13 10 14 11 12 11 15 12 13 12 14
rmtf16_162 16 43 0 2 0 3 0 5 0 7 0 8 0 12 0 14 1 2 1 3 1 5 1 7 1 8 1 12 1 14 2 4 2 6 2 10 3 4 3 11 3 15 4 5 4 7 4 8 4 13 5 11 5 15 6 7 6 9 6 12 6 14 6 15 7 10 8 9 8 10 8 15 9 11 9 13 10 11 10 12 11 14 12 13 13 14 13 15
rmtf16_163 16 44 0 3 0 4 0 8 0 11 0 12 1 5 1 9 1 10 1 12 2 3 2 5 2 6 2 11 2 13 2 14 3 7 3 9 3 10 4 5 4 6 4 10 4 13 4 14 5 7 5 8 5 15 6 7 6 8 6 9 6 15 7 11 7 12 7 14 8 10 8 13 8 14 9 11 9 13 9 14 10 11 10 15 12 13 12 15 14 15
rmtf16_164 16 45 0 4 0 5 0 7 0 8 0 12 0 15 1 2 1 4 1 7 1 8 1 12 1 15 2 5 2 10 2 11 2 14 3 4 3 5 3 7 3 8 3 12 3 15 4 10 4 11 4 14 5 9 5 13 6 8 6 9 6 10 6 12 6 13 7 10 7 11 7 13 8 11 8 14 9 11 9 14 9 15 10 15 11 12 12 14 13 14 13 15
rmtf16_165 16 44 0 3 0 6 0 8 0 10 0 14 0 15 1 3 1 5 1 8 1 14 1 15 2 3 2 4 2 5 2 7 2 8 2 14 3 9 3 12 3 13 4 6 4 10 4 11 4 12 4 15 5 6 5 10 5 11 5 12 6 7 6 13 7 9 7 12 7 15 8 9 8 12 8 13 9 10 9 11 10 13 11 13 11 14 12 14 13 15
rmtf16_166 16 49 0 2 0 3 0 4 0 10 0 12 0 15 1 3 1 7 1 12 1 14 1 15 2 5 2 6 2 7 2 8 2 13 2 14 3 5 3 6 3 8 3 11 3 13 4 5 4 6 4 7 4 8 4 13 4 14 5 10 5 12 5 15 6 10 6 12 6 15 7 9 7 10 7 11 8 10 8 12 8 15 9 12 9 13 9 14 10 13 10 14 11 12 11 14 11 15 13 15
rmtf16_167 16 44 0 3 0 7 0 9 0 12 0 13 0 15 1 3 1 4 1 7 1 9 1 12 2 6 2 8 2 9 2 11 2 15 3 5 3 6 3 8 3 11 4 10 4 13 4 15 5 7 5 9 5 12 5 13 5 15 6 10 6 13 6 14 7 8 7 10 7 14 8 12 8 13 9 10 9 14 10 11 10 12 11 13 11 14 12 14 14 15
rmtf16_168 16 47 0 1 0 2 0 3 0 9 0 10 0 12 1 4 1 6 1 8 1 11 1 14 1 15 2 4 2 7 2 8 3 4 3 5 3 6 3 11 3 15 4 9 4 10 4 13 5 8 5 13 5 14 6 7 6 9 6 10 6 12 7 11 7 13 7 14 7 15 8 9 8 10 8 12 9 11 9 14 9 15 10 11 10 14 10 15 11 12 12 13 12 14 12 15
rmtf16_169 16 42 0 7 0 8 0 11 0 12 0 14 0 15 1 7 1 8 1 9 1 12 1 15 2 4 2 6 2 8 2 11 2 15 3 7 3 8 3 11 3 12 3 14 3 15 4 9 4 10 4 12 5 7 5 8 5 9 5 12 5 15 6 7 6 12 6 14 7 10 8 10 9 11 9 14 10 13 10 14 10 15 11 13 12 13
rmtf16_170 16 46 0 1 0 4 0 5 0 6 0 8 0 10 0 15 1 2 1 7 1 12 1 13 1 14 2 3 2 4 2 5 2 6 2 8 2 15 3 9 3 10 3 14 4 7 4 12 4 13 4 14 5 9 5 11 5 12 6 9 6 11 6 12 7 9 7 10 7 11 7 15 8 9 8 12 8 13 8 14 10 12 10 13 11 13 11 14 12 15 13 15 14 15
rmtf16_171 16 47 0 3 0 4 0 9 0 11 0 13 1 2 1 4 1 7 1 8 1 10 1 14 2 3 2 5 2 9 2 11 2 13 2 15 3 6 3 8 3 14 4 5 4 12 4 15 5 7 5 8 5 10 5 14 6 7 6 10 6 12 7 9 7 11 7 13 7 15 8 9 8 11 8 13 8 15 9 10 9 14 10 11 10 13 10 15 11 14 12 13 12 14 14 15
rmtf16_172 16 44 0 6 0 8 0 9 0 13 0 14 1 4 1 6 1 8 1 9 1 12 1 15 2 6 2 8 2 10 2 11 2 12 2 15 3 4 3 6 3 8 3 9 3 12 3 14 4 7 4 10 4 13 5 6 5 8 5 9 5 10 5 12 5 15 6 7 7 8 7 9 7 12 7 14 9 11 10 14 11 13 11 14 12 13 13 15 14 15
rmtf16_173 16 45 0 2 0 5 0 8 0 10 0 12 0 14 1 3 1 4 1 8 1 9 1 15 2 3 2 7 2 9 2 15 3 5 3 10 3 11 3 12 4 5 4 7 4 10 4 12 4 14 5 9 5 13 5 15 6 7 6 8 6 9 6 10 6 14 7 11 7 13 8 11 8 13 9 11 9 12 10 13 10 15 11 14 12 13 12 15 13 14 14 15
rmtf16_174 16 46 0 1 0 2 0 4 0 6 0 9 0 10 0 11 1 7 1 8 1 12 1 13 1 14 2 5 2 7 2 12 2 13 2 14 3 6 3 11 3 13 3 14 4 5 4 7 4 12 4 13 4 15 5 6 5 8 6 7 6 12 6 15 7 9 7 10 7 11 8 9 8 10 8 11 9 12 9 13 9 14 10 12 10 13 10 15 11 12 11 15 14 15
rmtf16_175 16 44 0 1 0 2 0 4 0 5 0 6 0 7 0 9 0 10 1 3 1 11 1 12 1 13 2 3 2 8 2 11 2 14 3 4 3 5 3 6 3 7 3 9 3 10 4 8 4 15 5 12 5 13 5 15 6 8 6 11 6 14 7 11 7 13 7 14 8 10 8 12 8 13 9 11 9 12 9 13 10 11 10 14 11 15 12 14 14 15
rmtf16_176 16 43 0 6 0 9 0 10 0 12 0 15 1 2 1 5 1 6 1 9 1 14 1 15 2 3 2 4 2 11 2 12 3 6 3 9 3 10 3 15 4 6 4 7 4 8 4 10 4 13 5 10 5 11 5 12 6 11 7 9 7 11 7 12 7 15 8 9 8 11 8 12 8 15 9 13 10 14 11 13 11 14 12 13 12 14 13 15
rmtf16_177 16 42 0 7 0 9 0 11 0 13 0 15 1 7 1 8 1 9 1 13 1 15 2 6 2 9 2 11 2 14 2 15 3 4 3 8 3 10 3 13 3 15 4 7 4 9 4 11 4 12 4 14 5 7 5 9 5 11 5 12 5 14 5 15 6 7 6 8 6 10 6 12 8 11 8 14 9 10 10 11 10 14 12 13 13 14
rmtf16_178 16 47 0 3 0 6 0 7 0 9 0 10 0 11 0 12 1 3 1 6 1 7 1 9 1 11 1 12 1 15 2 6 2 7 2 11 2 13 2 14 2 15 3 4 3 8 3 13 3 14 4 5 4 6 4 9 4 10 4 12 5 7 5 11 5 13 5 14 5 15 6 8 7 8 8 9 8 11 8 12 8 15 9 13 9 14 10 13 10 14 10 15 12 13 12 14
rmtf16_179 16 47 0 1 0 3 0 6 0 10 0 11 0 13 1 5 1 7 1 8 1 9 1 12 1 15 2 3 2 4 2 5 2 9 2 15 3 7 3 8 3 12 3 14 4 6 4 10 4 12 4 13 5 6 5 10 5 11 5 13 6 7 6 8 6 9 6 14 7 10 7 11 7 13 8 10 8 11 8 13 9 10 9 11 9 13 10 14 11 12 11 15 13 15 14 15
rmtf16_180 16 56 0 1 0 2 0 5 0 6 0 7 0 8 0 12 0 15 1 3 1 4 1 9 1 10 1 13 1 14 2 3 2 4 2 9 2 10 2 13 2 14 3 5 3 6 3 7 3 8 3 12 3 15 4 5 4 6 4 8 4 11 4 12 5 9 5 10 5 13 5 14 6 9 6 10 6 13 6 14 7 10 7 11 7 13 7 14 8 9 8 10 8 13 8 14 9 11 9 12 10 12 10 15 11 15 12 13 12 14 13 15 14 15
rmtf16_181 16 45 0 2 0 4 0 5 0 13 0 14 1 2 1 4 1 6 1 7 1 8 1 14 2 9 2 10 2 15 3 4 3 5 3 10 3 14 3 15 4 9 4 11 4 12 5 6 5 7 5 8 6 9 6 11 6 12 6 13 7 9 7 10 7 15 8 9 8 11 8 12 8 13 9 14 10 11 10 12 10 13 11 14 11 15 12 14 12 15 13 15
rmtf16_182 16 47 0 2 0 5 0 7 0 9 0 10 0 13 1 5 1 10 1 11 1 14 1 15 2 6 2 8 2 11 2 14 2 15 3 8 3 10 3 11 3 14 3 15 4 8 4 10 4 11 4 14 4 15 5 6 5 8 5 12 6 7 6 9 6 10 6 13 7 8 7 11 7 14 7 15 8 9 8 13 9 11 9 14 9 15 10 12 11 13 12 13 12 14 12 15
rmtf16_183 16 52 0 2 0 6 0 7 0 9 0 10 0 14 0 15 1 2 1 5 1 6 1 7 1 9 1 10 1 15 2 3 2 4 2 8 2 11 2 13 3 5 3 6 3 7 3 9 3 10 3 12 4 5 4 6 4 7 4 9 4 10 4 15 5 13 5 14 6 8 6 11 6 13 7 8 7 11 7 13 8 9 8 10 8 14 8 15 9 11 9 13 10 11 10 13 11 14 11 15 12 14 12 15 13 15
rmtf16_184 16 48 0 2 0 6 0 8 0 9 0 10 0 11 0 12 1 3 1 6 1 7 1 10 1 11 1 12 1 14 2 4 2 5 2 13 2 14 2 15 3 4 3 5 3 8 3 13 3 15 4 6 4 9 4 10 4 11 4 12 5 6 5 9 5 10 5 11 5 12 6 13 6 15 7 8 7 9 7 13 8 14 9 14 9 15 10 13 10 15 11 13 11 15 12 13 12 15
rmtf16_185 16 49 0 3 0 5 0 8 0 9 0 10 0 11 0 12 0 13 1 4 1 7 1 11 1 14 2 3 2 6 2 13 2 14 3 4 3 7 3 15 4 5 4 8 4 9 4 10 4 12 4 13 5 6 5 7 5 14 5 15 6 8 6 9 6 10 6 11 6 12 7 8 7 9 7 10 7 12 7 13 8 14 8 15 9 14 9 15 10 14 10 15 11 15 12 14 12 15 13 15
rmtf16_186 16 47 0 3 0 4 0 5 0 6 0 10 0 13 1 2 1 4 1 6 1 12 1 13 1 14 2 3 2 5 2 7 2 10 2 11 2 15 3 8 3 12 3 14 4 7 4 9 4 11 4 15 5 8 5 9 5 14 6 8 6 9 6 11 6 15 7 8 7 12 7 14 8 10 8 13 9 12 9 13 10 12 10 14 11 12 11 13 11 14 12 15 13 15 14 15
rmtf16_187 16 44 0 2 0 4 0 10 0 11 1 3 1 4 1 9 1 10 1 12 1 13 2 3 2 9 2 13 2 14 3 5 3 6 3 7 3 11 3 15 4 5 4 6 4 7 4 15 5 8 5 10 5 13 5 14 6 9 6 10 6 12 6 13 7 9 7 10 7 12 7 13 8 9 8 11 8 15 10 15 11 12 11 13 12 14 13 15 14 15
rmtf16_188 16 43 0 9 0 11 0 12 0 13 1 4 1 7 1 9 1 13 1 14 2 6 2 9 2 10 2 12 3 7 3 9 3 11 3 13 3 14 4 5 4 6 4 11 4 12 4 15 5 7 5 8 5 9 5 14 6 7 6 13 6 14 7 10 7 12 7 15 8 11 8 12 8 13 8 15 9 15 10 11 10 13 10 14 12 14 14 15
rmtf16_189 16 48 0 1 0 2 0 9 0 10 0 11 0 12 0 13 1 3 1 4 1 6 1 7 2 3 2 6 2 7 2 14 3 9 3 10 3 11 3 12 3 13 4 9 4 10 4 11 4 12 4 14 5 6 5 7 5 10 5 11 5 12 5 14 6 8 6 9 6 13 6 15 7 8 7 9 7 13 7 15 8 10 8 11 8 12 8 14 10 15 11 15 12 15 13 14 14 15
rmtf16_190 16 45 0 4 0 5 0 8 0 9 0 10 0 11 0 14 1 4 1 6 1 8 1 9 1 14 2 5 2 8 2 10 2 11 2 13 2 14 3 4 3 5 3 7 3 9 3 10 3 14 4 12 4 13 4 15 5 6 5 12 6 10 6 11 6 13 6 15 7 8 7 11 7 13 7 15 8 12 9 12 9 13 9 15 10 12 11 12 12 14 14 15
rmtf16_191 16 41 0 2 0 3 0 6 0 8 0 12 1 4 1 6 1 7 1 11 2 5 2 7 2 9 2 11 3 5 3 7 3 9 3 11 4 5 4 10 4 12 4 13 4 14 5 6 5 8 6 9 6 15 7 12 7 13 7 14 7 15 8 10 8 11 8 13 8 14 9 10 9 12 9 13 9 14 10 15 11 12 11 15
rmtf16_192 16 44 0 1 0 2 0 5 0 6 0 8 1 4 1 7 1 9 1 10 1 14 2 3 2 10 2 11 2 13 2 14 2 15 3 4 3 5 3 6 3 8 4 11 4 12 4 13 4 15 5 9 5 11 5 12 5 13 5 14 6 7 6 9 6 10 6 11 6 14 7 8 7 12 7 13 7 15 8 9 8 10 8 11 8 14 9 15 10 12
rmtf16_193 16 47 0 4 0 7 0 8 0 11 0 14 0 15 1 4 1 10 1 11 1 12 1 13 2 5 2 10 2 11 2 12 2 13 3 4 3 7 3 8 3 11 3 14 3 15 4 5 4 9 5 6 5 14 5 15 6 7 6 8 6 11 7 9 7 10 7 12 7 13 8 9 8 10 8 12 8 13 9 11 9 14 9 15 10 14 10 15 12 14 12 15 13 14 13 15
rmtf16_194 16 50 0 3 0 6 0 10 0 12 0 13 0 15 1 2 1 3 1 6 1 9 1 11 2 4 2 5 2 7 2 12 3 4 3 5 3 7 3 8 3 14 4 6 4 10 4 13 4 15 5 6 5 10 5 13 5 15 6 7 6 8 6 14 7 10 7 13 7 15 8 10 8 12 8 13 8 15 9 10 9 12 9 13 9 15 10 11 10 14 11 12 11 13 11 15 12 14 13 14 14 15
rmtf16_195 16 50 0 4 0 8 0 9 0 10 0 13 1 2 1 3 1 6 1 7 1 8 1 12 1 15 2 4 2 9 2 10 2 13 2 14 3 4 3 9 3 10 3 13 3 14 4 6 4 7 4 12 4 15 5 6 5 8 5 12 5 13 5 15 6 9 6 10 6 11 6 14 7 9 7 10 7 13 7 14 8 11 8 14 9 12 9 15 10 12 10 15 11 12 11 13 11 15 12 14 14 15
rmtf16_196 16 43 0 7 0 8 0 10 0 12 0 13 0 14 1 3 1 6 1 8 1 13 1 15 2 6 2 7 2 8 2 11 2 12 3 4 3 10 3 12 3 14 4 5 4 6 4 7 4 8 4 11 5 10 5 12 5 13 5 14 6 9 6 14 7 9 7 15 8 9 9 10 9 12 9 13 10 11 10 15 11 13 11 14 12 15 14 15
rmtf16_197 16 43 0 2 0 5 0 13 0 14 0 15 1 4 1 7 1 10 1 14 2 4 2 6 2 7 2 8 2 12 3 7 3 8 3 11 3 12 3 15 4 5 4 9 4 11 4 15 5 6 5 7 5 8 5 12 6 11 6 14 6 15 7 9 7 13 8 10 8 13 8 14 9 10 9 14 10 11 10 12 10 15 11 13 12 13 12 14
rmtf16_198 16 46 0 2 0 4 0 10 0 15 1 6 1 9 1 11 1 14 1 15 2 3 2 6 2 8 2 9 2 13 2 14 3 4 3 5 3 7 3 11 3 15 4 6 4 8 4 9 4 13 4 14 5 6 5 8 5 9 5 10 5 13 6 7 6 12 7 8 7 9 7 10 7 13 8 11 8 15 9 12 10 11 10 14 11 12 11 13 12 14 12 15 13 15
rmtf16_199 16 46 0 2 0 3 0 7 0 10 0 13 0 15 1 3 1 4 1 6 1 7 1 15 2 4 2 9 2 11 2 12 2 14 3 5 3 8 3 11 4 5 4 8 4 10 4 13 5 6 5 9 5 12 5 15 6 8 6 11 6 13 7 9 7 11 7 12 7 14 8 9 8 12 8 14 9 10 9 13 10 11 10 12 10 14 11 15 12 13 13 14 14 15
rmtf16_200 16 43 0 4 0 5 0 9 0 12 0 15 1 2 1 5 1 7 1 11 1 14 2 3 2 4 2 12 2 13 2 15 3 5 3 7 3 11 3 14 4 6 4 8 4 10 4 14 5 6 5 13 6 7 6 11 7 9 7 12 7 15 8 11 8 12 8 13 8 15 9 11 9 13 9 14 10 11 10 12 10 13 10 15 12 14 14 15
rmtf16_201 16 44 0 4 0 8 0 10 0 11 0 14 1 4 1 6 1 8 1 11 1 14 2 3 2 4 2 6 2 9 2 15 3 7 3 8 3 10 3 11 3 14 4 5 4 7 4 12 4 13 5 6 5 8 5 9 6 7 6 10 6 12 7 9 7 15 8 13 8 15 9 10 9 11 9 14 10 13 10 15 11 13 11 15 12 14 12 15 13 14
rmtf16_202 16 48 0 2 0 4 0 6 0 13 0 14 1 6 1 7 1 10 1 11 1 12 1 14 2 7 2 8 2 10 2 11 2 12 3 6 3 7 3 10 3 11 3 12 3 14 4 5 4 7 4 8 4 9 4 11 5 6 5 10 5 12 5 14 6 8 6 9 6 15 7 13 7 15 8 13 8 14 9 10 9 12 9 14 10 13 10 15 11 13 11 15 12 13 12 15 14 15
rmtf16_203 16 46 0 2 0 8 0 10 0 12 0 14 1 2 1 3 1 5 1 9 1 10 1 13 2 6 2 7 2 11 2 15 3 6 3 7 3 8 3 12 3 15 4 5 4 6 4 7 4 8 4 11 5 12 5 14 5 15 6 9 6 10 6 13 6 14 7 9 7 10 7 13 7 14 8 9 8 13 9 11 9 15 10 11 10 15 11 12 11 14 12 13 13 15
rmtf16_204 16 44 0 1 0 2 0 3 0 5 0 8 0 11 0 15 1 4 1 9 1 10 1 14 2 7 2 10 2 12 2 14 3 7 3 10 3 12 3 14 4 5 4 8 4 11 4 12 4 15 5 6 5 9 5 13 6 7 6 10 6 12 6 14 7 8 7 9 8 10 8 13 9 11 9 12 9 15 10 11 10 15 11 14 12 13 13 14 13 15
rmtf16_205 16 44 0 1 0 3 0 4 0 5 0 14 0 15 1 2 1 6 1 7 1 8 1 9 2 3 2 4 2 5 2 11 2 14 3 6 3 12 3 13 4 6 4 7 4 9 4 13 5 8 5 9 5 10 6 10 6 14 6 15 7 10 7 12 7 14 7 15 8 11 8 13 9 12 9 14 9 15 10 11 10 13 11 12 11 15 13 14 13 15
rmtf16_206 16 43 0 3 0 10 0 11 0 13 1 5 1 7 1 12 1 13 1 14 1 15 2 7 2 10 2 11 2 13 2 15 3 4 3 7 3 14 3 15 4 5 4 8 4 12 4 13 5 6 5 9 5 10 6 7 6 11 6 13 6 14 6 15 7 8 7 9 8 10 8 11 8 15 9 11 9 13 9 14 9 15 10 12 10 14 11 12
rmtf16_207 16 48 0 3 0 6 0 8 0 9 0 10 0 14 1 5 1 8 1 9 1 10 1 12 1 14 2 5 2 8 2 9 2 10 2 12 2 14 3 5 3 11 3 13 3 15 4 5 4 9 4 11 4 12 4 13 5 6 5 7 6 11 6 12 6 13 7 8 7 9 7 10 7 12 7 14 8 11 8 13 8 15 9 15 10 11 10 13 10 15 11 14 12 15 13 14 14 15
rmtf16_208 16 46 0 2 0 4 0 6 0 10 0 13 0 14 0 15 1 2 1 3 1 7 1 10 1 13 1 15 2 5 2 8 2 11 3 4 3 5 3 6 3 8 3 11 3 14 4 7 4 9 4 12 5 7 5 9 5 12 6 7 6 9 6 12 7 8 7 11 7 14 8 10 8 13 8 15 9 10 9 13 9 14 9 15 10 11 11 12 12 13 12 14 12 15
rmtf16_209 16 45 0 1 0 3 0 7 0 8 0 10 0 15 1 4 1 5 1 13 1 14 2 4 2 6 2 8 2 11 2 13 3 6 3 9 3 11 3 13 4 7 4 9 4 10 4 12 4 15 5 6 5 8 5 9 5 11 6 7 6 10 6 12 6 14 6 15 7 11 7 13 8 12 8 14 9 14 10 11 10 13 11 12 11 14 11 15 12 13 13 15
rmtf16_210 16 41 0 4 0 6 0 9 0 10 0 14 1 3 1 8 1 11 1 14 2 3 2 9 2 12 2 13 2 15 3 4 3 6 3 7 3 10 4 5 4 8 5 6 5 7 5 11 5 15 6 12 6 13 7 9 7 12 7 13 8 9 8 12 8 13 8 15 9 11 10 11 10 13 10 15 11 12 12 14 13 14 14 15
rmtf16_211 16 46 0 2 0 6 0 12 0 13 0 14 1 3 1 5 1 6 1 8 1 11 1 14 2 3 2 5 2 8 2 11 3 4 3 10 3 12 3 13 3 15 4 5 4 6 4 8 4 11 4 14 5 7 5 10 5 13 5 15 6 7 6 10 6 15 7 8 7 11 7 12 7 14 8 10 8 13 8 15 9 10 9 11 9 12 9 13 9 14 11 15 14 15
rmtf16_212 16 43 0 4 0 9 0 10 0 11 0 13 0 14 1 4 1 7 1 9 1 11 1 13 1 14 2 5 2 8 2 10 2 11 2 12 2 14 3 6 3 9 3 10 3 11 3 13 3 15 4 5 4 6 4 8 5 7 5 9 5 13 5 15 6 12 6 14 7 8 7 10 7 12 8 9 8 13 8 15 9 12 12 13 12 15 14 15
rmtf16_213 16 47 0 4 0 5 0 10 0 11 0 13 0 14 1 4 1 5 1 6 1 7 2 4 2 5 2 7 2 11 2 13 3 4 3 9 3 10 3 11 3 12 3 13 3 14 4 8 4 15 5 8 5 9 5 12 6 9 6 10 6 11 6 12 6 13 6 14 7 9 7 10 7 12 7 14 8 10 8 11 8 13 8 14 9 15 10 15 11 15 12 15 13 15 14 15
rmtf16_214 16 46 0 2 0 3 0 5 0 7 0 10 0 12 0 13 1 2 1 4 1 13 1 15 2 8 2 11 2 14 3 4 3 11 3 14 3 15 4 5 4 6 4 7 4 9 4 10 4 12 5 11 5 14 5 15 6 11 6 13 6 14 6 15 7 8 7 11 7 14 8 12 8 13 8 15 9 11 9 13 9 14 9 15 10 11 10 14 10 15 11 12 12 14
rmtf16_215 16 45 0 1 0 2 0 4 0 6 0 11 1 5 1 8 1 10 1 12 1 15 2 3 2 8 2 9 2 12 2 15 3 4 3 5 3 6 3 10 3 11 4 8 4 9 4 12 4 15 5 7 5 13 5 14 6 9 6 12 6 13 6 14 7 8 7 9 7 11 7 12 7 15 8 13 8 14 9 10 10 13 10 14 11 13 11 14 13 15 14 15
rmtf16_216 16 43 0 2 0 5 0 6 0 11 1 2 1 4 1 7 1 8 1 15 2 9 2 10 2 13 2 14 3 4 3 6 3 9 3 13 3 14 3 15 4 5 4 10 4 12 5 9 5 13 5 14 5 15 6 7 6 8 6 12 7 9 7 10 7 13 7 14 8 11 8 13 9 11 9 12 10 11 10 15 11 14 12 13 12 14 12 15
rmtf16_217 16 48 0 2 0 4 0 7 0 8 0 9 0 15 1 2 1 3 1 4 1 8 1 9 1 10 1 15 2 11 2 12 2 13 2 14 3 5 3 7 3 11 3 12 3 13 4 11 4 12 4 13 4 14 5 6 5 9 5 10 5 14 6 7 6 8 6 13 6 15 7 10 7 14 8 11 8 12 8 14 9 11 9 12 9 13 10 11 10 12 10 13 11 15 12 15 14 15
rmtf16_218 16 51 0 1 0 2 0 3 0 6 0 9 0 12 0 14 0 15 1 4 1 5 1 7 1 8 1 10 2 4 2 5 2 7 2 8 2 11 3 5 3 7 3 11 3 13 4 6 4 9 4 12 4 13 4 14 4 15 5 6 5 9 5 12 5 14 5 15 6 7 6 8 6 11 7 9 7 12 7 14 7 15 8 9 8 12 8 13 8 14 8 15 9 10 10 11 10 12 10 13 10 14 11 15
rmtf16_219 16 47 0 1 0 3 0 5 0 9 0 14 1 4 1 10 1 11 1 12 1 13 1 15 2 4 2 7 2 11 2 14 2 15 3 4 3 10 3 11 3 12 3 13 3 15 4 6 4 8 4 9 5 6 5 7 5 8 5 12 6 10 6 11 6 13 6 15 7 10 7 13 8 10 8 11 8 13 8 15 9 10 9 11 9 12 9 13 9 15 10 14 12 14 13 14
rmtf16_220 16 48 0 1 0 2 0 5 0 7 0 10 0 15 1 3 1 4 1 6 1 11 2 3 2 4 2 8 2 11 2 13 2 14 3 7 3 9 3 10 3 12 3 15 4 5 4 7 4 10 4 15 5 8 5 9 5 11 5 12 6 8 6 13 6 14 7 8 7 11 7 13 7 14 8 10 8 15 9 13 9 14 10 11 10 13 10 14 11 15 12 13 12 14 13 15 14 15
rmtf16_221 16 56 0 1 0 3 0 6 0 8 0 10 0 12 0 14 1 2 1 4 1 5 1 7 1 9 1 11 1 13 2 3 2 6 2 8 2 10 2 12 2 14 3 4 3 5 3 7 3 9 3 11 3 13 4 6 4 10 4 12 4 15 5 6 5 8 5 10 5 12 5 14 6 7 6 9 6 11 6 13 7 8 7 10 7 12 7 14 8 11 8 13 8 15 9 10 9 12 9 15 10 11 10 13 11 12 11 14 12 13 13 14 14 15
rmtf16_222 16 41 0 2 0 3 0 5 0 9 0 12 0 15 1 2 1 6 1 7 1 12 1 14 2 4 2 8 2 11 2 13 3 6 3 7 3 14 4 9 4 12 4 14 5 8 5 11 5 13 5 14 6 8 6 9 6 11 6 13 7 9 7 10 7 13 7 15 8 10 8 15 10 11 10 12 10 14 11 15 12 13 14 15
rmtf16_223 16 52 0 4 0 5 0 9 0 11 0 12 0 14 0 15 1 3 1 4 1 5 1 9 1 11 1 12 1 15 2 4 2 5 2 9 2 11 2 12 2 14 2 15 3 6 3 7 3 10 3 13 3 14 4 6 4 7 4 10 4 13 5 6 5 7 5 10 5 13 6 9 6 11 6 12 6 15 7 8 7 11 7 12 7 15 8 9 8 13 8 14 9 10 10 11 10 12 10 15 11 13 12 13 13 15
rmtf16_224 16 52 0 1 0 2 0 8 0 9 0 13 0 15 1 3 1 4 1 5 1 6 1 10 1 11 2 3 2 4 2 5 2 6 2 10 2 11 3 7 3 8 3 9 3 12 3 14 4 8 4 9 4 12 4 13 4 14 5 7 5 8 5 9 5 12 5 14 6 8 6 9 6 12 6 13 6 14 7 11 7 13 7 15 8 10 8 11 9 10 9 11 10 12 10 13 10 14 11 12 11 14 12 15 14 15
rmtf16_225 16 50 0 1 0 3 0 5 0 10 0 12 1 2 1 7 1 11 1 14 1 15 2 4 2 6 2 8 2 12 2 13 3 4 3 6 3 7 3 8 3 13 3 15 4 5 4 9 4 10 4 11 4 14 5 6 5 7 5 8 5 13 5 15 6 9 6 10 6 11 6 14 7 9 7 10 8 9 8 10 8 11 8 14 9 12 9 13 9 15 10 13 10 15 11 12 11 13 12 14 13 14
rmtf16_226 16 44 0 11 0 12 0 13 0 14 0 15 1 9 1 10 1 11 1 12 1 13 1 15 2 3 2 5 2 7 2 9 2 11 2 15 3 6 3 8 3 10 3 12 3 13 4 8 4 11 4 12 4 13 4 14 5 6 5 8 5 10 5 12 5 13 6 7 6 9 6 11 6 15 7 8 7 12 7 13 7 14 8 9 8 15 9 14 10 14
rmtf16_227 16 49 0 3 0 8 0 9 0 10 0 11 0 12 1 3 1 8 1 9 1 10 1 11 1 12 2 3 2 8 2 9 2 10 2 11 2 12 3 4 3 6 3 7 3 13 3 15 4 8 4 9 4 10 4 11 4 12 5 6 5 7 5 9 5 10 5 13 5 15 6 8 6 12 6 14 7 8 7 11 7 12 8 13 8 15 9 14 10 14 11 14 12 13 12 15 13 14 14 15
rmtf16_228 16 42 0 1 0 6 0 10 0 12 0 13 1 3 1 4 1 14 2 5 2 7 2 9 2 11 2 13 2 14 3 5 3 7 3 9 3 11 3 13 4 5 4 6 4 11 4 13 5 10 5 12 6 7 6 8 6 9 7 12 7 15 8 10 8 11 8 13 8 14 9 12 9 15 10 15 11 12 11 15 12 14 13 15 14 15
rmtf16_229 16 46 0 1 0 3 0 5 0 9 0 14 1 2 1 6 1 8 1 11 1 12 1 15 2 3 2 4 2 5 2 9 2 13 3 6 3 7 3 10 3 11 3 12 4 7 4 10 4 12 4 14 5 6 5 8 5 11 5 12 5 15 6 9 6 14 7 8 7 9 7 13 8 10 8 14 9 11 9 12 9 15 10 13 10 15 11 14 12 13 13 14 14 15
rmtf16_230 16 49 0 3 0 9 0 13 0 14 0 15 1 5 1 7 1 10 1 11 1 12 1 13 2 5 2 7 2 10 2 11 2 12 2 13 3 5 3 7 3 8 3 10 3 11 3 12 4 5 4 7 4 10 4 11 4 12 4 13 5 9 5 14 5 15 6 8 6 11 6 14 7 9 7 14 7 15 8 9 8 13 8 15 9 10 9 11 9 12 10 14 10 15 11 15 12 14 12 15
rmtf16_231 16 43 0 3 0 5 0 6 0 12 1 3 1 6 1 7 1 10 1 12 2 9 2 10 2 12 3 4 3 8 3 9 3 11 3 14 3 15 4 6 4 7 4 10 4 12 5 7 5 8 5 10 5 15 6 8 6 9 6 11 6 14 6 15 7 9 7 11 7 14 8 12 9 13 10 11 10 13 10 14 11 12 12 13 12 14 12 15
rmtf16_232 16 43 0 1 0 4 0 11 0 12 0 13 0 15 1 3 1 7 1 8 1 10 2 3 2 7 2 9 2 11 3 12 3 13 3 14 3 15 4 6 4 9 4 14 5 7 5 11 5 12 5 13 5 14 5 15 6 7 6 8 6 11 6 12 6 13 6 15 8 9 8 14 9 12 9 13 9 15 10 11 10 12 10 13 10 14 10 15
rmtf16_233 16 41 0 3 0 6 0 8 0 10 0 14 1 5 1 6 1 8 1 10 2 5 2 8 2 10 2 11 2 12 3 4 3 5 3 13 3 15 4 8 4 10 4 12 4 14 5 9 5 14 6 11 6 12 7 10 7 12 7 14 7 15 8 9 8 13 8 15 9 10 9 11 9 12 10 13 11 14 11 15 12 13 13 14
rmtf16_234 16 49 0 1 0 3 0 5 0 7 0 8 0 13 0 15 1 9 1 10 1 11 1 12 1 14 2 3 2 7 2 10 2 11 2 12 2 13 3 4 3 6 3 9 4 10 4 11 4 12 4 14 5 9 5 10 5 11 5 12 5 14 6 7 6 10 6 11 6 12 6 13 7 9 7 14 8 9 8 10 8 11 8 12 8 14 9 13 9 15 10 15 11 15 12 15 13 14 14 15
rmtf16_235 16 46 0 1 0 2 0 3 0 4 0 7 0 8 0 12 0 15 1 5 1 9 1 10 1 14 2 6 2 10 2 11 2 13 3 5 3 6 3 10 3 11 4 5 4 9 4 10 4 11 5 7 5 8 5 12 5 13 5 15 6 9 6 14 7 9 7 10 7 11 8 9 8 10 8 14 9 12 9 13 9 15 10 12 10 15 11 12 11 14 11 15 13 14
rmtf16_236 16 47 0 3 0 6 0 8 0 10 0 15 1 2 1 3 1 9 1 12 1 14 2 6 2 8 2 10 2 11 2 15 3 5 3 7 3 11 3 13 4 5 4 7 4 8 4 12 4 13 4 14 5 6 5 10 5 15 6 7 6 9 6 12 6 13 6 14 7 10 7 15 8 9 9 10 9 11 9 15 10 12 10 13 10 14 11 12 11 14 12 15 13 15 14 15
rmtf16_237 16 50 0 2 0 4 0 5 0 6 0 8 0 12 1 4 1 5 1 6 1 8 1 12 1 13 2 10 2 13 2 14 3 4 3 5 3 6 3 8 3 12 3 13 4 9 4 10 4 11 4 14 4 15 5 9 5 10 5 11 5 14 5 15 6 9 6 10 6 11 6 14 6 15 7 10 7 11 7 12 7 14 8 9 8 10 8 11 8 14 8 15 9 12 9 13 11 13 12 15 13 15
rmtf16_238 16 47 0 5 0 6 0 9 0 11 0 12 0 13 1 5 1 6 1 9 1 10 1 11 1 12 2 6 2 7 2 10 2 11 2 12 3 5 3 6 3 9 3 10 3 11 3 14 4 5 4 6 4 9 4 10 4 11 4 14 5 7 5 8 5 15 6 8 6 15 7 9 7 13 7 14 8 9 8 11 8 13 8 14 9 15 10 13 11 15 12 14 13 15 14 15
rmtf16_239 16 44 0 12 0 13 0 14 0 15 1 2 1 6 1 14 1 15 2 7 2 8 2 10 2 13 3 5 3 8 3 10 3 11 3 12 3 15 4 8 4 10 4 12 4 13 4 15 5 6 5 7 5 9 5 13 5 14 6 8 6 10 6 11 6 12 7 11 7 12 7 15 8 9 8 14 9 10 9 11 9 12 9 15 10 14 11 13 11 14
rmtf16_240 16 48 0 2 0 5 0 6 0 8 0 12 0 13 0 14 1 2 1 5 1 6 1 8 1 12 1 13 1 14 2 9 2 10 2 15 3 5 3 6 3 9 3 10 3 12 3 13 3 14 4 5 4 6 4 8 4 9 4 12 4 13 4 14 5 11 5 15 6 7 6 11 7 9 7 10 7 12 7 14 7 15 8 10 8 15 9 11 10 11 11 12 11 13 11 14 13 15
rmtf16_241 16 44 0 1 0 8 0 9 0 11 0 13 0 14 1 4 1 6 1 12 1 15 2 5 2 6 2 8 2 12 2 15 3 4 3 6 3 8 3 12 3 13 3 15 4 5 4 9 4 10 5 7 5 11 5 13 5 14 6 9 6 10 6 11 6 14 7 8 7 9 7 15 8 10 9 12 10 12 10 13 10 15 11 12 11 15 12 14 14 15
rmtf16_242 16 43 0 2 0 3 0 4 0 6 0 8 0 15 1 2 1 3 1 6 1 9 1 11 1 15 2 5 2 10 2 12 3 5 3 7 4 7 4 9 4 13 5 9 5 13 5 14 6 10 6 12 6 13 6 14 7 8 7 10 7 12 7 14 8 9 8 11 9 10 9 12 10 11 10 15 11 12 11 13 11 14 12 15 13 15 14 15
rmtf16_243 16 50 0 1 0 4 0 6 0 8 0 13 0 14 1 2 1 3 1 7 1 9 1 11 1 12 2 5 2 6 2 10 2 15 3 4 3 5 3 6 3 8 3 13 3 15 4 9 4 10 4 11 4 12 5 7 5 9 5 11 5 12 5 14 6 7 6 9 6 11 6 12 7 10 7 15 8 9 8 10 8 11 8 12 9 13 9 15 10 13 10 14 11 13 11 15 12 13 12 15 14 15
rmtf16_244 16 44 0 2 0 3 0 4 0 5 0 7 0 14 1 2 1 4 1 5 1 7 1 8 2 9 2 11 2 12 2 15 3 8 3 9 3 10 3 11 3 12 4 6 4 9 4 13 4 15 5 9 5 10 5 11 5 12 6 10 6 11 6 14 7 9 7 11 7 12 7 15 8 13 8 14 8 15 9 14 10 13 10 15 11 13 12 13 12 14
rmtf16_245 16 43 0 1 0 2 0 6 0 9 1 3 1 5 1 8 1 11 1 13 2 3 2 5 2 8 2 11 2 13 3 4 3 10 3 12 3 14 4 6 4 8 4 9 5 7 5 9 5 14 5 15 6 7 6 10 6 11 6 14 6 15 7 8 7 12 7 13 8 10 8 14 8 15 9 10 9 12 9 13 11 12 12 15 13 14 13 15
rmtf16_246 16 46 0 2 0 5 0 6 0 8 0 11 0 15 1 3 1 5 1 8 1 9 1 11 2 3 2 4 2 7 2 9 2 13 2 14 3 10 3 12 3 15 4 6 4 8 4 10 4 11 4 15 5 7 5 10 5 12 6 7 6 9 6 12 6 13 7 8 7 11 7 15 8 13 8 14 9 10 9 15 10 13 10 14 11 13 11 14 12 14 13 15 14 15
rmtf16_247 16 50 0 3 0 10 0 12 0 13 0 14 0 15 1 3 1 4 1 7 1 10 1 12 1 14 1 15 2 3 2 5 2 12 2 13 2 14 2 15 3 6 3 8 3 9 3 11 4 5 4 6 4 11 4 13 5 7 5 9 5 10 6 7 6 10 6 12 6 14 6 15 7 11 7 13 8 10 8 12 8 13 8 14 8 15 9 12 9 13 9 14 9 15 10 11 11 12 11 14 11 15
rmtf16_248 16 46 0 2 0 4 0 5 0 8 0 9 0 10 1 2 1 5 1 8 1 13 2 3 2 6 2 12 2 14 2 15 3 4 3 8 3 9 3 10 3 11 4 6 4 12 4 13 4 14 4 15 5 6 5 11 5 12 5 15 6 7 6 9 7 8 7 10 7 11 7 12 8 14 8 15 9 12 9 13 9 14 9 15 10 13 10 14 10 15 11 13 11 14
rmtf16_249 16 49 0 5 0 6 0 10 0 12 0 13 0 15 1 5 1 6 1 10 1 12 1 13 1 15 2 4 2 7 2 8 2 10 2 13 3 5 3 6 3 10 3 12 3 13 3 15 4 6 4 9 4 14 5 7 5 9 5 11 5 14 6 7 6 8 6 11 7 12 7 15 8 9 8 14 9 10 9 12 9 13 9 15 10 11 10 14 11 12 11 13 11 15 12 14 13 14 14 15
