C5 5 5 0 1 0 4 1 2 2 3 3 4
C7 7 7 0 1 0 6 1 2 2 3 3 4 4 5 5 6
C9 9 9 0 1 0 8 1 2 2 3 3 4 4 5 5 6 6 7 7 8
C11 11 11 0 1 0 10 1 2 2 3 3 4 4 5 5 6 6 7 7 8 8 9 9 10
C13 13 13 0 1 0 12 1 2 2 3 3 4 4 5 5 6 6 7 7 8 8 9 9 10 10 11 11 12
C15 15 15 0 1 0 14 1 2 2 3 3 4 4 5 5 6 6 7 7 8 8 9 9 10 10 11 11 12 12 13 13 14
C17 17 17 0 1 0 16 1 2 2 3 3 4 4 5 5 6 6 7 7 8 8 9 9 10 10 11 11 12 12 13 13 14 14 15 15 16
C19 19 19 0 1 0 18 1 2 2 3 3 4 4 5 5 6 6 7 7 8 8 9 9 10 10 11 11 12 12 13 13 14 14 15 15 16 16 17 17 18
C21 21 21 0 1 0 20 1 2 2 3 3 4 4 5 5 6 6 7 7 8 8 9 9 10 10 11 11 12 12 13 13 14 14 15 15 16 16 17 17 18 18 19 19 20
C23 23 23 0 1 0 22 1 2 2 3 3 4 4 5 5 6 6 7 7 8 8 9 9 10 10 11 11 12 12 13 13 14 14 15 15 16 16 17 17 18 18 19 19 20 20 21 21 22
Petersen 10 15 0 1 0 4 0 5 1 2 1 6 2 3 2 7 3 4 3 8 4 9 5 7 5 8 6 8 6 9 7 9
Grotzsch 11 20 0 1 0 4 0 6 0 9 1 2 1 5 1 7 2 3 2 6 2 8 3 4 3 7 3 9 4 5 4 8 5 10 6 10 7 10 8 10 9 10
Chvatal 12 24 0 1 0 4 0 6 0 9 1 2 1 5 1 7 2 3 2 6 2 8 3 4 3 7 3 9 4 5 4 8 5 10 5 11 6 10 6 11 7 8 7 11 8 10 9 10 9 11
Mycielski_C7 15 28 0 1 0 6 0 8 0 13 1 2 1 7 1 9 2 3 2 8 2 10 3 4 3 9 3 11 4 5 4 10 4 12 5 6 5 11 5 13 6 7 6 12 7 14 8 14 9 14 10 14 11 14 12 14 13 14
Mycielski_P 21 55 0 1 0 4 0 5 0 11 0 14 0 15 1 2 1 6 1 10 1 12 1 16 2 3 2 7 2 11 2 13 2 17 3 4 3 8 3 12 3 14 3 18 4 9 4 10 4 13 4 19 5 7 5 8 5 10 5 17 5 18 6 8 6 9 6 11 6 18 6 19 7 9 7 12 7 15 7 19 8 13 8 15 8 16 9 14 9 16 9 17 10 20 11 20 12 20 13 20 14 20 15 20 16 20 17 20 18 20 19 20
And3 8 12 0 1 0 4 0 7 1 2 1 5 2 3 2 6 3 4 3 7 4 5 5 6 6 7
And4 11 22 0 1 0 4 0 7 0 10 1 2 1 5 1 8 2 3 2 6 2 9 3 4 3 7 3 10 4 5 4 8 5 6 5 9 6 7 6 10 7 8 8 9 9 10
And5 14 35 0 1 0 4 0 7 0 10 0 13 1 2 1 5 1 8 1 11 2 3 2 6 2 9 2 12 3 4 3 7 3 10 3 13 4 5 4 8 4 11 5 6 5 9 5 12 6 7 6 10 6 13 7 8 7 11 8 9 8 12 9 10 9 13 10 11 11 12 12 13
And6 17 51 0 1 0 4 0 7 0 10 0 13 0 16 1 2 1 5 1 8 1 11 1 14 2 3 2 6 2 9 2 12 2 15 3 4 3 7 3 10 3 13 3 16 4 5 4 8 4 11 4 14 5 6 5 9 5 12 5 15 6 7 6 10 6 13 6 16 7 8 7 11 7 14 8 9 8 12 8 15 9 10 9 13 9 16 10 11 10 14 11 12 11 15 12 13 12 16 13 14 14 15 15 16
And7 20 70 0 1 0 4 0 7 0 10 0 13 0 16 0 19 1 2 1 5 1 8 1 11 1 14 1 17 2 3 2 6 2 9 2 12 2 15 2 18 3 4 3 7 3 10 3 13 3 16 3 19 4 5 4 8 4 11 4 14 4 17 5 6 5 9 5 12 5 15 5 18 6 7 6 10 6 13 6 16 6 19 7 8 7 11 7 14 7 17 8 9 8 12 8 15 8 18 9 10 9 13 9 16 9 19 10 11 10 14 10 17 11 12 11 15 11 18 12 13 12 16 12 19 13 14 13 17 14 15 14 18 15 16 15 19 16 17 17 18 18 19
And8 23 92 0 1 0 4 0 7 0 10 0 13 0 16 0 19 0 22 1 2 1 5 1 8 1 11 1 14 1 17 1 20 2 3 2 6 2 9 2 12 2 15 2 18 2 21 3 4 3 7 3 10 3 13 3 16 3 19 3 22 4 5 4 8 4 11 4 14 4 17 4 20 5 6 5 9 5 12 5 15 5 18 5 21 6 7 6 10 6 13 6 16 6 19 6 22 7 8 7 11 7 14 7 17 7 20 8 9 8 12 8 15 8 18 8 21 9 10 9 13 9 16 9 19 9 22 10 11 10 14 10 17 10 20 11 12 11 15 11 18 11 21 12 13 12 16 12 19 12 22 13 14 13 17 13 20 14 15 14 18 14 21 15 16 15 19 15 22 16 17 16 20 17 18 17 21 18 19 18 22 19 20 20 21 21 22
Kneser52 10 15 0 7 0 8 0 9 1 5 1 6 1 9 2 4 2 6 2 8 3 4 3 5 3 7 4 9 5 8 6 7
Circ5_2 5 5 0 2 0 3 1 3 1 4 2 4
Circ6_1 6 6 0 1 0 5 1 2 2 3 3 4 4 5
Circ6_3 6 3 0 3 1 4 2 5
Circ6_1-3 6 9 0 1 0 3 0 5 1 2 1 4 2 3 2 5 3 4 4 5
Circ7_2 7 7 0 2 0 5 1 3 1 6 2 4 3 5 4 6
Circ7_3 7 7 0 3 0 4 1 4 1 5 2 5 2 6 3 6
Circ8_1 8 8 0 1 0 7 1 2 2 3 3 4 4 5 5 6 6 7
Circ8_2 8 8 0 2 0 6 1 3 1 7 2 4 3 5 4 6 5 7
Circ8_3 8 8 0 3 0 5 1 4 1 6 2 5 2 7 3 6 4 7
Circ8_4 8 4 0 4 1 5 2 6 3 7
Circ8_1-3 8 16 0 1 0 3 0 5 0 7 1 2 1 4 1 6 2 3 2 5 2 7 3 4 3 6 4 5 4 7 5 6 6 7
Circ8_3-4 8 12 0 3 0 4 0 5 1 4 1 5 1 6 2 5 2 6 2 7 3 6 3 7 4 7
Circ9_2 9 9 0 2 0 7 1 3 1 8 2 4 3 5 4 6 5 7 6 8
Circ9_4 9 9 0 4 0 5 1 5 1 6 2 6 2 7 3 7 3 8 4 8
Circ10_1 10 10 0 1 0 9 1 2 2 3 3 4 4 5 5 6 6 7 7 8 8 9
Circ10_2 10 10 0 2 0 8 1 3 1 9 2 4 3 5 4 6 5 7 6 8 7 9
Circ10_3 10 10 0 3 0 7 1 4 1 8 2 5 2 9 3 6 4 7 5 8 6 9
Circ10_4 10 10 0 4 0 6 1 5 1 7 2 6 2 8 3 7 3 9 4 8 5 9
Circ10_5 10 5 0 5 1 6 2 7 3 8 4 9
Circ10_1-3 10 20 0 1 0 3 0 7 0 9 1 2 1 4 1 8 2 3 2 5 2 9 3 4 3 6 4 5 4 7 5 6 5 8 6 7 6 9 7 8 8 9
Circ10_1-4 10 20 0 1 0 4 0 6 0 9 1 2 1 5 1 7 2 3 2 6 2 8 3 4 3 7 3 9 4 5 4 8 5 6 5 9 6 7 7 8 8 9
Circ10_1-5 10 15 0 1 0 5 0 9 1 2 1 6 2 3 2 7 3 4 3 8 4 5 4 9 5 6 6 7 7 8 8 9
Circ10_2-3 10 20 0 2 0 3 0 7 0 8 1 3 1 4 1 8 1 9 2 4 2 5 2 9 3 5 3 6 4 6 4 7 5 7 5 8 6 8 6 9 7 9
Circ10_2-5 10 15 0 2 0 5 0 8 1 3 1 6 1 9 2 4 2 7 3 5 3 8 4 6 4 9 5 7 6 8 7 9
Circ10_3-5 10 15 0 3 0 5 0 7 1 4 1 6 1 8 2 5 2 7 2 9 3 6 3 8 4 7 4 9 5 8 6 9
Circ10_4-5 10 15 0 4 0 5 0 6 1 5 1 6 1 7 2 6 2 7 2 8 3 7 3 8 3 9 4 8 4 9 5 9
Circ10_1-3-5 10 25 0 1 0 3 0 5 0 7 0 9 1 2 1 4 1 6 1 8 2 3 2 5 2 7 2 9 3 4 3 6 3 8 4 5 4 7 4 9 5 6 5 8 6 7 6 9 7 8 8 9
Circ11_2 11 11 0 2 0 9 1 3 1 10 2 4 3 5 4 6 5 7 6 8 7 9 8 10
Circ11_3 11 11 0 3 0 8 1 4 1 9 2 5 2 10 3 6 4 7 5 8 6 9 7 10
Circ11_4 11 11 0 4 0 7 1 5 1 8 2 6 2 9 3 7 3 10 4 8 5 9 6 10
Circ11_5 11 11 0 5 0 6 1 6 1 7 2 7 2 8 3 8 3 9 4 9 4 10 5 10
Circ11_1-3 11 22 0 1 0 3 0 8 0 10 1 2 1 4 1 9 2 3 2 5 2 10 3 4 3 6 4 5 4 7 5 6 5 8 6 7 6 9 7 8 7 10 8 9 9 10
Circ11_2-3 11 22 0 2 0 3 0 8 0 9 1 3 1 4 1 9 1 10 2 4 2 5 2 10 3 5 3 6 4 6 4 7 5 7 5 8 6 8 6 9 7 9 7 10 8 10
Circ11_2-5 11 22 0 2 0 5 0 6 0 9 1 3 1 6 1 7 1 10 2 4 2 7 2 8 3 5 3 8 3 9 4 6 4 9 4 10 5 7 5 10 6 8 7 9 8 10
Circ11_4-5 11 22 0 4 0 5 0 6 0 7 1 5 1 6 1 7 1 8 2 6 2 7 2 8 2 9 3 7 3 8 3 9 3 10 4 8 4 9 4 10 5 9 5 10 6 10
Circ12_1 12 12 0 1 0 11 1 2 2 3 3 4 4 5 5 6 6 7 7 8 8 9 9 10 10 11
Circ12_2 12 12 0 2 0 10 1 3 1 11 2 4 3 5 4 6 5 7 6 8 7 9 8 10 9 11
Circ12_3 12 12 0 3 0 9 1 4 1 10 2 5 2 11 3 6 4 7 5 8 6 9 7 10 8 11
Circ12_5 12 12 0 5 0 7 1 6 1 8 2 7 2 9 3 8 3 10 4 9 4 11 5 10 6 11
Circ12_6 12 6 0 6 1 7 2 8 3 9 4 10 5 11
Circ12_1-3 12 24 0 1 0 3 0 9 0 11 1 2 1 4 1 10 2 3 2 5 2 11 3 4 3 6 4 5 4 7 5 6 5 8 6 7 6 9 7 8 7 10 8 9 8 11 9 10 10 11
Circ12_1-5 12 24 0 1 0 5 0 7 0 11 1 2 1 6 1 8 2 3 2 7 2 9 3 4 3 8 3 10 4 5 4 9 4 11 5 6 5 10 6 7 6 11 7 8 8 9 9 10 10 11
Circ12_1-6 12 18 0 1 0 6 0 11 1 2 1 7 2 3 2 8 3 4 3 9 4 5 4 10 5 6 5 11 6 7 7 8 8 9 9 10 10 11
Circ12_2-3 12 24 0 2 0 3 0 9 0 10 1 3 1 4 1 10 1 11 2 4 2 5 2 11 3 5 3 6 4 6 4 7 5 7 5 8 6 8 6 9 7 9 7 10 8 10 8 11 9 11
Circ12_2-6 12 18 0 2 0 6 0 10 1 3 1 7 1 11 2 4 2 8 3 5 3 9 4 6 4 10 5 7 5 11 6 8 7 9 8 10 9 11
Circ12_3-5 12 24 0 3 0 5 0 7 0 9 1 4 1 6 1 8 1 10 2 5 2 7 2 9 2 11 3 6 3 8 3 10 4 7 4 9 4 11 5 8 5 10 6 9 6 11 7 10 8 11
Circ12_5-6 12 18 0 5 0 6 0 7 1 6 1 7 1 8 2 7 2 8 2 9 3 8 3 9 3 10 4 9 4 10 4 11 5 10 5 11 6 11
Circ12_1-3-5 12 36 0 1 0 3 0 5 0 7 0 9 0 11 1 2 1 4 1 6 1 8 1 10 2 3 2 5 2 7 2 9 2 11 3 4 3 6 3 8 3 10 4 5 4 7 4 9 4 11 5 6 5 8 5 10 6 7 6 9 6 11 7 8 7 10 8 9 8 11 9 10 10 11
Circ13_2 13 13 0 2 0 11 1 3 1 12 2 4 3 5 4 6 5 7 6 8 7 9 8 10 9 11 10 12
Circ13_3 13 13 0 3 0 10 1 4 1 11 2 5 2 12 3 6 4 7 5 8 6 9 7 10 8 11 9 12
Circ13_4 13 13 0 4 0 9 1 5 1 10 2 6 2 11 3 7 3 12 4 8 5 9 6 10 7 11 8 12
Circ13_5 13 13 0 5 0 8 1 6 1 9 2 7 2 10 3 8 3 11 4 9 4 12 5 10 6 11 7 12
Circ13_6 13 13 0 6 0 7 1 7 1 8 2 8 2 9 3 9 3 10 4 10 4 11 5 11 5 12 6 12
Circ13_1-3 13 26 0 1 0 3 0 10 0 12 1 2 1 4 1 11 2 3 2 5 2 12 3 4 3 6 4 5 4 7 5 6 5 8 6 7 6 9 7 8 7 10 8 9 8 11 9 10 9 12 10 11 11 12
Circ13_1-4 13 26 0 1 0 4 0 9 0 12 1 2 1 5 1 10 2 3 2 6 2 11 3 4 3 7 3 12 4 5 4 8 5 6 5 9 6 7 6 10 7 8 7 11 8 9 8 12 9 10 10 11 11 12
Circ13_1-5 13 26 0 1 0 5 0 8 0 12 1 2 1 6 1 9 2 3 2 7 2 10 3 4 3 8 3 11 4 5 4 9 4 12 5 6 5 10 6 7 6 11 7 8 7 12 8 9 9 10 10 11 11 12
Circ13_2-3 13 26 0 2 0 3 0 10 0 11 1 3 1 4 1 11 1 12 2 4 2 5 2 12 3 5 3 6 4 6 4 7 5 7 5 8 6 8 6 9 7 9 7 10 8 10 8 11 9 11 9 12 10 12
Circ13_2-5 13 26 0 2 0 5 0 8 0 11 1 3 1 6 1 9 1 12 2 4 2 7 2 10 3 5 3 8 3 11 4 6 4 9 4 12 5 7 5 10 6 8 6 11 7 9 7 12 8 10 9 11 10 12
Circ13_2-6 13 26 0 2 0 6 0 7 0 11 1 3 1 7 1 8 1 12 2 4 2 8 2 9 3 5 3 9 3 10 4 6 4 10 4 11 5 7 5 11 5 12 6 8 6 12 7 9 8 10 9 11 10 12
Circ13_3-4 13 26 0 3 0 4 0 9 0 10 1 4 1 5 1 10 1 11 2 5 2 6 2 11 2 12 3 6 3 7 3 12 4 7 4 8 5 8 5 9 6 9 6 10 7 10 7 11 8 11 8 12 9 12
Circ13_4-6 13 26 0 4 0 6 0 7 0 9 1 5 1 7 1 8 1 10 2 6 2 8 2 9 2 11 3 7 3 9 3 10 3 12 4 8 4 10 4 11 5 9 5 11 5 12 6 10 6 12 7 11 8 12
Circ13_5-6 13 26 0 5 0 6 0 7 0 8 1 6 1 7 1 8 1 9 2 7 2 8 2 9 2 10 3 8 3 9 3 10 3 11 4 9 4 10 4 11 4 12 5 10 5 11 5 12 6 11 6 12 7 12
Circ14_1 14 14 0 1 0 13 1 2 2 3 3 4 4 5 5 6 6 7 7 8 8 9 9 10 10 11 11 12 12 13
Circ14_2 14 14 0 2 0 12 1 3 1 13 2 4 3 5 4 6 5 7 6 8 7 9 8 10 9 11 10 12 11 13
Circ14_3 14 14 0 3 0 11 1 4 1 12 2 5 2 13 3 6 4 7 5 8 6 9 7 10 8 11 9 12 10 13
Circ14_4 14 14 0 4 0 10 1 5 1 11 2 6 2 12 3 7 3 13 4 8 5 9 6 10 7 11 8 12 9 13
Circ14_5 14 14 0 5 0 9 1 6 1 10 2 7 2 11 3 8 3 12 4 9 4 13 5 10 6 11 7 12 8 13
Circ14_6 14 14 0 6 0 8 1 7 1 9 2 8 2 10 3 9 3 11 4 10 4 12 5 11 5 13 6 12 7 13
Circ14_7 14 7 0 7 1 8 2 9 3 10 4 11 5 12 6 13
Circ14_1-3 14 28 0 1 0 3 0 11 0 13 1 2 1 4 1 12 2 3 2 5 2 13 3 4 3 6 4 5 4 7 5 6 5 8 6 7 6 9 7 8 7 10 8 9 8 11 9 10 9 12 10 11 10 13 11 12 12 13
Circ14_1-4 14 28 0 1 0 4 0 10 0 13 1 2 1 5 1 11 2 3 2 6 2 12 3 4 3 7 3 13 4 5 4 8 5 6 5 9 6 7 6 10 7 8 7 11 8 9 8 12 9 10 9 13 10 11 11 12 12 13
Circ14_1-5 14 28 0 1 0 5 0 9 0 13 1 2 1 6 1 10 2 3 2 7 2 11 3 4 3 8 3 12 4 5 4 9 4 13 5 6 5 10 6 7 6 11 7 8 7 12 8 9 8 13 9 10 10 11 11 12 12 13
Circ14_1-6 14 28 0 1 0 6 0 8 0 13 1 2 1 7 1 9 2 3 2 8 2 10 3 4 3 9 3 11 4 5 4 10 4 12 5 6 5 11 5 13 6 7 6 12 7 8 7 13 8 9 9 10 10 11 11 12 12 13
Circ14_1-7 14 21 0 1 0 7 0 13 1 2 1 8 2 3 2 9 3 4 3 10 4 5 4 11 5 6 5 12 6 7 6 13 7 8 8 9 9 10 10 11 11 12 12 13
Circ14_2-3 14 28 0 2 0 3 0 11 0 12 1 3 1 4 1 12 1 13 2 4 2 5 2 13 3 5 3 6 4 6 4 7 5 7 5 8 6 8 6 9 7 9 7 10 8 10 8 11 9 11 9 12 10 12 10 13 11 13
Circ14_2-5 14 28 0 2 0 5 0 9 0 12 1 3 1 6 1 10 1 13 2 4 2 7 2 11 3 5 3 8 3 12 4 6 4 9 4 13 5 7 5 10 6 8 6 11 7 9 7 12 8 10 8 13 9 11 10 12 11 13
Circ14_2-7 14 21 0 2 0 7 0 12 1 3 1 8 1 13 2 4 2 9 3 5 3 10 4 6 4 11 5 7 5 12 6 8 6 13 7 9 8 10 9 11 10 12 11 13
Circ14_3-4 14 28 0 3 0 4 0 10 0 11 1 4 1 5 1 11 1 12 2 5 2 6 2 12 2 13 3 6 3 7 3 13 4 7 4 8 5 8 5 9 6 9 6 10 7 10 7 11 8 11 8 12 9 12 9 13 10 13
Circ14_3-5 14 28 0 3 0 5 0 9 0 11 1 4 1 6 1 10 1 12 2 5 2 7 2 11 2 13 3 6 3 8 3 12 4 7 4 9 4 13 5 8 5 10 6 9 6 11 7 10 7 12 8 11 8 13 9 12 10 13
Circ14_3-7 14 21 0 3 0 7 0 11 1 4 1 8 1 12 2 5 2 9 2 13 3 6 3 10 4 7 4 11 5 8 5 12 6 9 6 13 7 10 8 11 9 12 10 13
Circ14_4-7 14 21 0 4 0 7 0 10 1 5 1 8 1 11 2 6 2 9 2 12 3 7 3 10 3 13 4 8 4 11 5 9 5 12 6 10 6 13 7 11 8 12 9 13
Circ14_5-6 14 28 0 5 0 6 0 8 0 9 1 6 1 7 1 9 1 10 2 7 2 8 2 10 2 11 3 8 3 9 3 11 3 12 4 9 4 10 4 12 4 13 5 10 5 11 5 13 6 11 6 12 7 12 7 13 8 13
Circ14_5-7 14 21 0 5 0 7 0 9 1 6 1 8 1 10 2 7 2 9 2 11 3 8 3 10 3 12 4 9 4 11 4 13 5 10 5 12 6 11 6 13 7 12 8 13
Circ14_6-7 14 21 0 6 0 7 0 8 1 7 1 8 1 9 2 8 2 9 2 10 3 9 3 10 3 11 4 10 4 11 4 12 5 11 5 12 5 13 6 12 6 13 7 13
Circ14_1-3-5 14 42 0 1 0 3 0 5 0 9 0 11 0 13 1 2 1 4 1 6 1 10 1 12 2 3 2 5 2 7 2 11 2 13 3 4 3 6 3 8 3 12 4 5 4 7 4 9 4 13 5 6 5 8 5 10 6 7 6 9 6 11 7 8 7 10 7 12 8 9 8 11 8 13 9 10 9 12 10 11 10 13 11 12 12 13
Circ14_1-3-7 14 35 0 1 0 3 0 7 0 11 0 13 1 2 1 4 1 8 1 12 2 3 2 5 2 9 2 13 3 4 3 6 3 10 4 5 4 7 4 11 5 6 5 8 5 12 6 7 6 9 6 13 7 8 7 10 8 9 8 11 9 10 9 12 10 11 10 13 11 12 12 13
Circ14_1-5-7 14 35 0 1 0 5 0 7 0 9 0 13 1 2 1 6 1 8 1 10 2 3 2 7 2 9 2 11 3 4 3 8 3 10 3 12 4 5 4 9 4 11 4 13 5 6 5 10 5 12 6 7 6 11 6 13 7 8 7 12 8 9 8 13 9 10 10 11 11 12 12 13
Circ14_2-3-7 14 35 0 2 0 3 0 7 0 11 0 12 1 3 1 4 1 8 1 12 1 13 2 4 2 5 2 9 2 13 3 5 3 6 3 10 4 6 4 7 4 11 5 7 5 8 5 12 6 8 6 9 6 13 7 9 7 10 8 10 8 11 9 11 9 12 10 12 10 13 11 13
Circ14_3-5-7 14 35 0 3 0 5 0 7 0 9 0 11 1 4 1 6 1 8 1 10 1 12 2 5 2 7 2 9 2 11 2 13 3 6 3 8 3 10 3 12 4 7 4 9 4 11 4 13 5 8 5 10 5 12 6 9 6 11 6 13 7 10 7 12 8 11 8 13 9 12 10 13
Circ14_5-6-7 14 35 0 5 0 6 0 7 0 8 0 9 1 6 1 7 1 8 1 9 1 10 2 7 2 8 2 9 2 10 2 11 3 8 3 9 3 10 3 11 3 12 4 9 4 10 4 11 4 12 4 13 5 10 5 11 5 12 5 13 6 11 6 12 6 13 7 12 7 13 8 13
Circ14_1-3-5-7 14 49 0 1 0 3 0 5 0 7 0 9 0 11 0 13 1 2 1 4 1 6 1 8 1 10 1 12 2 3 2 5 2 7 2 9 2 11 2 13 3 4 3 6 3 8 3 10 3 12 4 5 4 7 4 9 4 11 4 13 5 6 5 8 5 10 5 12 6 7 6 9 6 11 6 13 7 8 7 10 7 12 8 9 8 11 8 13 9 10 9 12 10 11 10 13 11 12 12 13
Circ15_2 15 15 0 2 0 13 1 3 1 14 2 4 3 5 4 6 5 7 6 8 7 9 8 10 9 11 10 12 11 13 12 14
Circ15_3 15 15 0 3 0 12 1 4 1 13 2 5 2 14 3 6 4 7 5 8 6 9 7 10 8 11 9 12 10 13 11 14
Circ15_4 15 15 0 4 0 11 1 5 1 12 2 6 2 13 3 7 3 14 4 8 5 9 6 10 7 11 8 12 9 13 10 14
Circ15_6 15 15 0 6 0 9 1 7 1 10 2 8 2 11 3 9 3 12 4 10 4 13 5 11 5 14 6 12 7 13 8 14
Circ15_7 15 15 0 7 0 8 1 8 1 9 2 9 2 10 3 10 3 11 4 11 4 12 5 12 5 13 6 13 6 14 7 14
Circ15_1-3 15 30 0 1 0 3 0 12 0 14 1 2 1 4 1 13 2 3 2 5 2 14 3 4 3 6 4 5 4 7 5 6 5 8 6 7 6 9 7 8 7 10 8 9 8 11 9 10 9 12 10 11 10 13 11 12 11 14 12 13 13 14
Circ15_1-4 15 30 0 1 0 4 0 11 0 14 1 2 1 5 1 12 2 3 2 6 2 13 3 4 3 7 3 14 4 5 4 8 5 6 5 9 6 7 6 10 7 8 7 11 8 9 8 12 9 10 9 13 10 11 10 14 11 12 12 13 13 14
Circ15_1-6 15 30 0 1 0 6 0 9 0 14 1 2 1 7 1 10 2 3 2 8 2 11 3 4 3 9 3 12 4 5 4 10 4 13 5 6 5 11 5 14 6 7 6 12 7 8 7 13 8 9 8 14 9 10 10 11 11 12 12 13 13 14
Circ15_2-3 15 30 0 2 0 3 0 12 0 13 1 3 1 4 1 13 1 14 2 4 2 5 2 14 3 5 3 6 4 6 4 7 5 7 5 8 6 8 6 9 7 9 7 10 8 10 8 11 9 11 9 12 10 12 10 13 11 13 11 14 12 14
Circ15_2-6 15 30 0 2 0 6 0 9 0 13 1 3 1 7 1 10 1 14 2 4 2 8 2 11 3 5 3 9 3 12 4 6 4 10 4 13 5 7 5 11 5 14 6 8 6 12 7 9 7 13 8 10 8 14 9 11 10 12 11 13 12 14
Circ15_2-7 15 30 0 2 0 7 0 8 0 13 1 3 1 8 1 9 1 14 2 4 2 9 2 10 3 5 3 10 3 11 4 6 4 11 4 12 5 7 5 12 5 13 6 8 6 13 6 14 7 9 7 14 8 10 9 11 10 12 11 13 12 14
Circ15_3-4 15 30 0 3 0 4 0 11 0 12 1 4 1 5 1 12 1 13 2 5 2 6 2 13 2 14 3 6 3 7 3 14 4 7 4 8 5 8 5 9 6 9 6 10 7 10 7 11 8 11 8 12 9 12 9 13 10 13 10 14 11 14
Circ15_3-7 15 30 0 3 0 7 0 8 0 12 1 4 1 8 1 9 1 13 2 5 2 9 2 10 2 14 3 6 3 10 3 11 4 7 4 11 4 12 5 8 5 12 5 13 6 9 6 13 6 14 7 10 7 14 8 11 9 12 10 13 11 14
Circ15_4-6 15 30 0 4 0 6 0 9 0 11 1 5 1 7 1 10 1 12 2 6 2 8 2 11 2 13 3 7 3 9 3 12 3 14 4 8 4 10 4 13 5 9 5 11 5 14 6 10 6 12 7 11 7 13 8 12 8 14 9 13 10 14
Circ15_6-7 15 30 0 6 0 7 0 8 0 9 1 7 1 8 1 9 1 10 2 8 2 9 2 10 2 11 3 9 3 10 3 11 3 12 4 10 4 11 4 12 4 13 5 11 5 12 5 13 5 14 6 12 6 13 6 14 7 13 7 14 8 14
Circ15_1-4-6 15 45 0 1 0 4 0 6 0 9 0 11 0 14 1 2 1 5 1 7 1 10 1 12 2 3 2 6 2 8 2 11 2 13 3 4 3 7 3 9 3 12 3 14 4 5 4 8 4 10 4 13 5 6 5 9 5 11 5 14 6 7 6 10 6 12 7 8 7 11 7 13 8 9 8 12 8 14 9 10 9 13 10 11 10 14 11 12 12 13 13 14
Circ15_2-3-7 15 45 0 2 0 3 0 7 0 8 0 12 0 13 1 3 1 4 1 8 1 9 1 13 1 14 2 4 2 5 2 9 2 10 2 14 3 5 3 6 3 10 3 11 4 6 4 7 4 11 4 12 5 7 5 8 5 12 5 13 6 8 6 9 6 13 6 14 7 9 7 10 7 14 8 10 8 11 9 11 9 12 10 12 10 13 11 13 11 14 12 14
Circ16_1 16 16 0 1 0 15 1 2 2 3 3 4 4 5 5 6 6 7 7 8 8 9 9 10 10 11 11 12 12 13 13 14 14 15
Circ16_2 16 16 0 2 0 14 1 3 1 15 2 4 3 5 4 6 5 7 6 8 7 9 8 10 9 11 10 12 11 13 12 14 13 15
Circ16_3 16 16 0 3 0 13 1 4 1 14 2 5 2 15 3 6 4 7 5 8 6 9 7 10 8 11 9 12 10 13 11 14 12 15
Circ16_4 16 16 0 4 0 12 1 5 1 13 2 6 2 14 3 7 3 15 4 8 5 9 6 10 7 11 8 12 9 13 10 14 11 15
Circ16_5 16 16 0 5 0 11 1 6 1 12 2 7 2 13 3 8 3 14 4 9 4 15 5 10 6 11 7 12 8 13 9 14 10 15
Circ16_6 16 16 0 6 0 10 1 7 1 11 2 8 2 12 3 9 3 13 4 10 4 14 5 11 5 15 6 12 7 13 8 14 9 15
Circ16_7 16 16 0 7 0 9 1 8 1 10 2 9 2 11 3 10 3 12 4 11 4 13 5 12 5 14 6 13 6 15 7 14 8 15
Circ16_8 16 8 0 8 1 9 2 10 3 11 4 12 5 13 6 14 7 15
Circ16_1-3 16 32 0 1 0 3 0 13 0 15 1 2 1 4 1 14 2 3 2 5 2 15 3 4 3 6 4 5 4 7 5 6 5 8 6 7 6 9 7 8 7 10 8 9 8 11 9 10 9 12 10 11 10 13 11 12 11 14 12 13 12 15 13 14 14 15
Circ16_1-4 16 32 0 1 0 4 0 12 0 15 1 2 1 5 1 13 2 3 2 6 2 14 3 4 3 7 3 15 4 5 4 8 5 6 5 9 6 7 6 10 7 8 7 11 8 9 8 12 9 10 9 13 10 11 10 14 11 12 11 15 12 13 13 14 14 15
Circ16_1-5 16 32 0 1 0 5 0 11 0 15 1 2 1 6 1 12 2 3 2 7 2 13 3 4 3 8 3 14 4 5 4 9 4 15 5 6 5 10 6 7 6 11 7 8 7 12 8 9 8 13 9 10 9 14 10 11 10 15 11 12 12 13 13 14 14 15
Circ16_1-6 16 32 0 1 0 6 0 10 0 15 1 2 1 7 1 11 2 3 2 8 2 12 3 4 3 9 3 13 4 5 4 10 4 14 5 6 5 11 5 15 6 7 6 12 7 8 7 13 8 9 8 14 9 10 9 15 10 11 11 12 12 13 13 14 14 15
Circ16_1-7 16 32 0 1 0 7 0 9 0 15 1 2 1 8 1 10 2 3 2 9 2 11 3 4 3 10 3 12 4 5 4 11 4 13 5 6 5 12 5 14 6 7 6 13 6 15 7 8 7 14 8 9 8 15 9 10 10 11 11 12 12 13 13 14 14 15
Circ16_1-8 16 24 0 1 0 8 0 15 1 2 1 9 2 3 2 10 3 4 3 11 4 5 4 12 5 6 5 13 6 7 6 14 7 8 7 15 8 9 9 10 10 11 11 12 12 13 13 14 14 15
Circ16_2-3 16 32 0 2 0 3 0 13 0 14 1 3 1 4 1 14 1 15 2 4 2 5 2 15 3 5 3 6 4 6 4 7 5 7 5 8 6 8 6 9 7 9 7 10 8 10 8 11 9 11 9 12 10 12 10 13 11 13 11 14 12 14 12 15 13 15
Circ16_2-5 16 32 0 2 0 5 0 11 0 14 1 3 1 6 1 12 1 15 2 4 2 7 2 13 3 5 3 8 3 14 4 6 4 9 4 15 5 7 5 10 6 8 6 11 7 9 7 12 8 10 8 13 9 11 9 14 10 12 10 15 11 13 12 14 13 15
Circ16_2-6 16 32 0 2 0 6 0 10 0 14 1 3 1 7 1 11 1 15 2 4 2 8 2 12 3 5 3 9 3 13 4 6 4 10 4 14 5 7 5 11 5 15 6 8 6 12 7 9 7 13 8 10 8 14 9 11 9 15 10 12 11 13 12 14 13 15
Circ16_2-8 16 24 0 2 0 8 0 14 1 3 1 9 1 15 2 4 2 10 3 5 3 11 4 6 4 12 5 7 5 13 6 8 6 14 7 9 7 15 8 10 9 11 10 12 11 13 12 14 13 15
Circ16_3-4 16 32 0 3 0 4 0 12 0 13 1 4 1 5 1 13 1 14 2 5 2 6 2 14 2 15 3 6 3 7 3 15 4 7 4 8 5 8 5 9 6 9 6 10 7 10 7 11 8 11 8 12 9 12 9 13 10 13 10 14 11 14 11 15 12 15
Circ16_3-5 16 32 0 3 0 5 0 11 0 13 1 4 1 6 1 12 1 14 2 5 2 7 2 13 2 15 3 6 3 8 3 14 4 7 4 9 4 15 5 8 5 10 6 9 6 11 7 10 7 12 8 11 8 13 9 12 9 14 10 13 10 15 11 14 12 15
Circ16_3-7 16 32 0 3 0 7 0 9 0 13 1 4 1 8 1 10 1 14 2 5 2 9 2 11 2 15 3 6 3 10 3 12 4 7 4 11 4 13 5 8 5 12 5 14 6 9 6 13 6 15 7 10 7 14 8 11 8 15 9 12 10 13 11 14 12 15
Circ16_3-8 16 24 0 3 0 8 0 13 1 4 1 9 1 14 2 5 2 10 2 15 3 6 3 11 4 7 4 12 5 8 5 13 6 9 6 14 7 10 7 15 8 11 9 12 10 13 11 14 12 15
Circ16_4-5 16 32 0 4 0 5 0 11 0 12 1 5 1 6 1 12 1 13 2 6 2 7 2 13 2 14 3 7 3 8 3 14 3 15 4 8 4 9 4 15 5 9 5 10 6 10 6 11 7 11 7 12 8 12 8 13 9 13 9 14 10 14 10 15 11 15
Circ16_4-7 16 32 0 4 0 7 0 9 0 12 1 5 1 8 1 10 1 13 2 6 2 9 2 11 2 14 3 7 3 10 3 12 3 15 4 8 4 11 4 13 5 9 5 12 5 14 6 10 6 13 6 15 7 11 7 14 8 12 8 15 9 13 10 14 11 15
Circ16_5-7 16 32 0 5 0 7 0 9 0 11 1 6 1 8 1 10 1 12 2 7 2 9 2 11 2 13 3 8 3 10 3 12 3 14 4 9 4 11 4 13 4 15 5 10 5 12 5 14 6 11 6 13 6 15 7 12 7 14 8 13 8 15 9 14 10 15
Circ16_5-8 16 24 0 5 0 8 0 11 1 6 1 9 1 12 2 7 2 10 2 13 3 8 3 11 3 14 4 9 4 12 4 15 5 10 5 13 6 11 6 14 7 12 7 15 8 13 9 14 10 15
Circ16_6-7 16 32 0 6 0 7 0 9 0 10 1 7 1 8 1 10 1 11 2 8 2 9 2 11 2 12 3 9 3 10 3 12 3 13 4 10 4 11 4 13 4 14 5 11 5 12 5 14 5 15 6 12 6 13 6 15 7 13 7 14 8 14 8 15 9 15
Circ16_6-8 16 24 0 6 0 8 0 10 1 7 1 9 1 11 2 8 2 10 2 12 3 9 3 11 3 13 4 10 4 12 4 14 5 11 5 13 5 15 6 12 6 14 7 13 7 15 8 14 9 15
Circ16_7-8 16 24 0 7 0 8 0 9 1 8 1 9 1 10 2 9 2 10 2 11 3 10 3 11 3 12 4 11 4 12 4 13 5 12 5 13 5 14 6 13 6 14 6 15 7 14 7 15 8 15
Circ16_1-3-5 16 48 0 1 0 3 0 5 0 11 0 13 0 15 1 2 1 4 1 6 1 12 1 14 2 3 2 5 2 7 2 13 2 15 3 4 3 6 3 8 3 14 4 5 4 7 4 9 4 15 5 6 5 8 5 10 6 7 6 9 6 11 7 8 7 10 7 12 8 9 8 11 8 13 9 10 9 12 9 14 10 11 10 13 10 15 11 12 11 14 12 13 12 15 13 14 14 15
Circ16_1-3-7 16 48 0 1 0 3 0 7 0 9 0 13 0 15 1 2 1 4 1 8 1 10 1 14 2 3 2 5 2 9 2 11 2 15 3 4 3 6 3 10 3 12 4 5 4 7 4 11 4 13 5 6 5 8 5 12 5 14 6 7 6 9 6 13 6 15 7 8 7 10 7 14 8 9 8 11 8 15 9 10 9 12 10 11 10 13 11 12 11 14 12 13 12 15 13 14 14 15
Circ16_1-3-8 16 40 0 1 0 3 0 8 0 13 0 15 1 2 1 4 1 9 1 14 2 3 2 5 2 10 2 15 3 4 3 6 3 11 4 5 4 7 4 12 5 6 5 8 5 13 6 7 6 9 6 14 7 8 7 10 7 15 8 9 8 11 9 10 9 12 10 11 10 13 11 12 11 14 12 13 12 15 13 14 14 15
Circ16_1-4-7 16 48 0 1 0 4 0 7 0 9 0 12 0 15 1 2 1 5 1 8 1 10 1 13 2 3 2 6 2 9 2 11 2 14 3 4 3 7 3 10 3 12 3 15 4 5 4 8 4 11 4 13 5 6 5 9 5 12 5 14 6 7 6 10 6 13 6 15 7 8 7 11 7 14 8 9 8 12 8 15 9 10 9 13 10 11 10 14 11 12 11 15 12 13 13 14 14 15
Circ16_1-5-7 16 48 0 1 0 5 0 7 0 9 0 11 0 15 1 2 1 6 1 8 1 10 1 12 2 3 2 7 2 9 2 11 2 13 3 4 3 8 3 10 3 12 3 14 4 5 4 9 4 11 4 13 4 15 5 6 5 10 5 12 5 14 6 7 6 11 6 13 6 15 7 8 7 12 7 14 8 9 8 13 8 15 9 10 9 14 10 11 10 15 11 12 12 13 13 14 14 15
Circ16_1-5-8 16 40 0 1 0 5 0 8 0 11 0 15 1 2 1 6 1 9 1 12 2 3 2 7 2 10 2 13 3 4 3 8 3 11 3 14 4 5 4 9 4 12 4 15 5 6 5 10 5 13 6 7 6 11 6 14 7 8 7 12 7 15 8 9 8 13 9 10 9 14 10 11 10 15 11 12 12 13 13 14 14 15
Circ16_1-6-8 16 40 0 1 0 6 0 8 0 10 0 15 1 2 1 7 1 9 1 11 2 3 2 8 2 10 2 12 3 4 3 9 3 11 3 13 4 5 4 10 4 12 4 14 5 6 5 11 5 13 5 15 6 7 6 12 6 14 7 8 7 13 7 15 8 9 8 14 9 10 9 15 10 11 11 12 12 13 13 14 14 15
Circ16_2-3-8 16 40 0 2 0 3 0 8 0 13 0 14 1 3 1 4 1 9 1 14 1 15 2 4 2 5 2 10 2 15 3 5 3 6 3 11 4 6 4 7 4 12 5 7 5 8 5 13 6 8 6 9 6 14 7 9 7 10 7 15 8 10 8 11 9 11 9 12 10 12 10 13 11 13 11 14 12 14 12 15 13 15
Circ16_2-5-8 16 40 0 2 0 5 0 8 0 11 0 14 1 3 1 6 1 9 1 12 1 15 2 4 2 7 2 10 2 13 3 5 3 8 3 11 3 14 4 6 4 9 4 12 4 15 5 7 5 10 5 13 6 8 6 11 6 14 7 9 7 12 7 15 8 10 8 13 9 11 9 14 10 12 10 15 11 13 12 14 13 15
Circ16_3-4-5 16 48 0 3 0 4 0 5 0 11 0 12 0 13 1 4 1 5 1 6 1 12 1 13 1 14 2 5 2 6 2 7 2 13 2 14 2 15 3 6 3 7 3 8 3 14 3 15 4 7 4 8 4 9 4 15 5 8 5 9 5 10 6 9 6 10 6 11 7 10 7 11 7 12 8 11 8 12 8 13 9 12 9 13 9 14 10 13 10 14 10 15 11 14 11 15 12 15
Circ16_3-5-7 16 48 0 3 0 5 0 7 0 9 0 11 0 13 1 4 1 6 1 8 1 10 1 12 1 14 2 5 2 7 2 9 2 11 2 13 2 15 3 6 3 8 3 10 3 12 3 14 4 7 4 9 4 11 4 13 4 15 5 8 5 10 5 12 5 14 6 9 6 11 6 13 6 15 7 10 7 12 7 14 8 11 8 13 8 15 9 12 9 14 10 13 10 15 11 14 12 15
Circ16_3-7-8 16 40 0 3 0 7 0 8 0 9 0 13 1 4 1 8 1 9 1 10 1 14 2 5 2 9 2 10 2 11 2 15 3 6 3 10 3 11 3 12 4 7 4 11 4 12 4 13 5 8 5 12 5 13 5 14 6 9 6 13 6 14 6 15 7 10 7 14 7 15 8 11 8 15 9 12 10 13 11 14 12 15
Circ16_5-7-8 16 40 0 5 0 7 0 8 0 9 0 11 1 6 1 8 1 9 1 10 1 12 2 7 2 9 2 10 2 11 2 13 3 8 3 10 3 11 3 12 3 14 4 9 4 11 4 12 4 13 4 15 5 10 5 12 5 13 5 14 6 11 6 13 6 14 6 15 7 12 7 14 7 15 8 13 8 15 9 14 10 15
Circ16_6-7-8 16 40 0 6 0 7 0 8 0 9 0 10 1 7 1 8 1 9 1 10 1 11 2 8 2 9 2 10 2 11 2 12 3 9 3 10 3 11 3 12 3 13 4 10 4 11 4 12 4 13 4 14 5 11 5 12 5 13 5 14 5 15 6 12 6 13 6 14 6 15 7 13 7 14 7 15 8 14 8 15 9 15
Circ16_1-3-5-7 16 64 0 1 0 3 0 5 0 7 0 9 0 11 0 13 0 15 1 2 1 4 1 6 1 8 1 10 1 12 1 14 2 3 2 5 2 7 2 9 2 11 2 13 2 15 3 4 3 6 3 8 3 10 3 12 3 14 4 5 4 7 4 9 4 11 4 13 4 15 5 6 5 8 5 10 5 12 5 14 6 7 6 9 6 11 6 13 6 15 7 8 7 10 7 12 7 14 8 9 8 11 8 13 8 15 9 10 9 12 9 14 10 11 10 13 10 15 11 12 11 14 12 13 12 15 13 14 14 15
Circ17_2 17 17 0 2 0 15 1 3 1 16 2 4 3 5 4 6 5 7 6 8 7 9 8 10 9 11 10 12 11 13 12 14 13 15 14 16
Circ17_3 17 17 0 3 0 14 1 4 1 15 2 5 2 16 3 6 4 7 5 8 6 9 7 10 8 11 9 12 10 13 11 14 12 15 13 16
Circ17_4 17 17 0 4 0 13 1 5 1 14 2 6 2 15 3 7 3 16 4 8 5 9 6 10 7 11 8 12 9 13 10 14 11 15 12 16
Circ17_5 17 17 0 5 0 12 1 6 1 13 2 7 2 14 3 8 3 15 4 9 4 16 5 10 6 11 7 12 8 13 9 14 10 15 11 16
Circ17_6 17 17 0 6 0 11 1 7 1 12 2 8 2 13 3 9 3 14 4 10 4 15 5 11 5 16 6 12 7 13 8 14 9 15 10 16
Circ17_7 17 17 0 7 0 10 1 8 1 11 2 9 2 12 3 10 3 13 4 11 4 14 5 12 5 15 6 13 6 16 7 14 8 15 9 16
Circ17_8 17 17 0 8 0 9 1 9 1 10 2 10 2 11 3 11 3 12 4 12 4 13 5 13 5 14 6 14 6 15 7 15 7 16 8 16
Circ17_1-3 17 34 0 1 0 3 0 14 0 16 1 2 1 4 1 15 2 3 2 5 2 16 3 4 3 6 4 5 4 7 5 6 5 8 6 7 6 9 7 8 7 10 8 9 8 11 9 10 9 12 10 11 10 13 11 12 11 14 12 13 12 15 13 14 13 16 14 15 15 16
Circ17_1-4 17 34 0 1 0 4 0 13 0 16 1 2 1 5 1 14 2 3 2 6 2 15 3 4 3 7 3 16 4 5 4 8 5 6 5 9 6 7 6 10 7 8 7 11 8 9 8 12 9 10 9 13 10 11 10 14 11 12 11 15 12 13 12 16 13 14 14 15 15 16
Circ17_1-5 17 34 0 1 0 5 0 12 0 16 1 2 1 6 1 13 2 3 2 7 2 14 3 4 3 8 3 15 4 5 4 9 4 16 5 6 5 10 6 7 6 11 7 8 7 12 8 9 8 13 9 10 9 14 10 11 10 15 11 12 11 16 12 13 13 14 14 15 15 16
Circ17_1-6 17 34 0 1 0 6 0 11 0 16 1 2 1 7 1 12 2 3 2 8 2 13 3 4 3 9 3 14 4 5 4 10 4 15 5 6 5 11 5 16 6 7 6 12 7 8 7 13 8 9 8 14 9 10 9 15 10 11 10 16 11 12 12 13 13 14 14 15 15 16
Circ17_1-7 17 34 0 1 0 7 0 10 0 16 1 2 1 8 1 11 2 3 2 9 2 12 3 4 3 10 3 13 4 5 4 11 4 14 5 6 5 12 5 15 6 7 6 13 6 16 7 8 7 14 8 9 8 15 9 10 9 16 10 11 11 12 12 13 13 14 14 15 15 16
Circ17_2-3 17 34 0 2 0 3 0 14 0 15 1 3 1 4 1 15 1 16 2 4 2 5 2 16 3 5 3 6 4 6 4 7 5 7 5 8 6 8 6 9 7 9 7 10 8 10 8 11 9 11 9 12 10 12 10 13 11 13 11 14 12 14 12 15 13 15 13 16 14 16
Circ17_2-5 17 34 0 2 0 5 0 12 0 15 1 3 1 6 1 13 1 16 2 4 2 7 2 14 3 5 3 8 3 15 4 6 4 9 4 16 5 7 5 10 6 8 6 11 7 9 7 12 8 10 8 13 9 11 9 14 10 12 10 15 11 13 11 16 12 14 13 15 14 16
Circ17_2-6 17 34 0 2 0 6 0 11 0 15 1 3 1 7 1 12 1 16 2 4 2 8 2 13 3 5 3 9 3 14 4 6 4 10 4 15 5 7 5 11 5 16 6 8 6 12 7 9 7 13 8 10 8 14 9 11 9 15 10 12 10 16 11 13 12 14 13 15 14 16
Circ17_2-7 17 34 0 2 0 7 0 10 0 15 1 3 1 8 1 11 1 16 2 4 2 9 2 12 3 5 3 10 3 13 4 6 4 11 4 14 5 7 5 12 5 15 6 8 6 13 6 16 7 9 7 14 8 10 8 15 9 11 9 16 10 12 11 13 12 14 13 15 14 16
Circ17_2-8 17 34 0 2 0 8 0 9 0 15 1 3 1 9 1 10 1 16 2 4 2 10 2 11 3 5 3 11 3 12 4 6 4 12 4 13 5 7 5 13 5 14 6 8 6 14 6 15 7 9 7 15 7 16 8 10 8 16 9 11 10 12 11 13 12 14 13 15 14 16
Circ17_3-4 17 34 0 3 0 4 0 13 0 14 1 4 1 5 1 14 1 15 2 5 2 6 2 15 2 16 3 6 3 7 3 16 4 7 4 8 5 8 5 9 6 9 6 10 7 10 7 11 8 11 8 12 9 12 9 13 10 13 10 14 11 14 11 15 12 15 12 16 13 16
Circ17_3-5 17 34 0 3 0 5 0 12 0 14 1 4 1 6 1 13 1 15 2 5 2 7 2 14 2 16 3 6 3 8 3 15 4 7 4 9 4 16 5 8 5 10 6 9 6 11 7 10 7 12 8 11 8 13 9 12 9 14 10 13 10 15 11 14 11 16 12 15 13 16
Circ17_3-8 17 34 0 3 0 8 0 9 0 14 1 4 1 9 1 10 1 15 2 5 2 10 2 11 2 16 3 6 3 11 3 12 4 7 4 12 4 13 5 8 5 13 5 14 6 9 6 14 6 15 7 10 7 15 7 16 8 11 8 16 9 12 10 13 11 14 12 15 13 16
Circ17_4-5 17 34 0 4 0 5 0 12 0 13 1 5 1 6 1 13 1 14 2 6 2 7 2 14 2 15 3 7 3 8 3 15 3 16 4 8 4 9 4 16 5 9 5 10 6 10 6 11 7 11 7 12 8 12 8 13 9 13 9 14 10 14 10 15 11 15 11 16 12 16
Circ17_4-6 17 34 0 4 0 6 0 11 0 13 1 5 1 7 1 12 1 14 2 6 2 8 2 13 2 15 3 7 3 9 3 14 3 16 4 8 4 10 4 15 5 9 5 11 5 16 6 10 6 12 7 11 7 13 8 12 8 14 9 13 9 15 10 14 10 16 11 15 12 16
Circ17_4-7 17 34 0 4 0 7 0 10 0 13 1 5 1 8 1 11 1 14 2 6 2 9 2 12 2 15 3 7 3 10 3 13 3 16 4 8 4 11 4 14 5 9 5 12 5 15 6 10 6 13 6 16 7 11 7 14 8 12 8 15 9 13 9 16 10 14 11 15 12 16
Circ17_5-8 17 34 0 5 0 8 0 9 0 12 1 6 1 9 1 10 1 13 2 7 2 10 2 11 2 14 3 8 3 11 3 12 3 15 4 9 4 12 4 13 4 16 5 10 5 13 5 14 6 11 6 14 6 15 7 12 7 15 7 16 8 13 8 16 9 14 10 15 11 16
Circ17_6-7 17 34 0 6 0 7 0 10 0 11 1 7 1 8 1 11 1 12 2 8 2 9 2 12 2 13 3 9 3 10 3 13 3 14 4 10 4 11 4 14 4 15 5 11 5 12 5 15 5 16 6 12 6 13 6 16 7 13 7 14 8 14 8 15 9 15 9 16 10 16
Circ17_6-8 17 34 0 6 0 8 0 9 0 11 1 7 1 9 1 10 1 12 2 8 2 10 2 11 2 13 3 9 3 11 3 12 3 14 4 10 4 12 4 13 4 15 5 11 5 13 5 14 5 16 6 12 6 14 6 15 7 13 7 15 7 16 8 14 8 16 9 15 10 16
Circ17_7-8 17 34 0 7 0 8 0 9 0 10 1 8 1 9 1 10 1 11 2 9 2 10 2 11 2 12 3 10 3 11 3 12 3 13 4 11 4 12 4 13 4 14 5 12 5 13 5 14 5 15 6 13 6 14 6 15 6 16 7 14 7 15 7 16 8 15 8 16 9 16
Circ17_1-3-5 17 51 0 1 0 3 0 5 0 12 0 14 0 16 1 2 1 4 1 6 1 13 1 15 2 3 2 5 2 7 2 14 2 16 3 4 3 6 3 8 3 15 4 5 4 7 4 9 4 16 5 6 5 8 5 10 6 7 6 9 6 11 7 8 7 10 7 12 8 9 8 11 8 13 9 10 9 12 9 14 10 11 10 13 10 15 11 12 11 14 11 16 12 13 12 15 13 14 13 16 14 15 15 16
Circ17_1-4-6 17 51 0 1 0 4 0 6 0 11 0 13 0 16 1 2 1 5 1 7 1 12 1 14 2 3 2 6 2 8 2 13 2 15 3 4 3 7 3 9 3 14 3 16 4 5 4 8 4 10 4 15 5 6 5 9 5 11 5 16 6 7 6 10 6 12 7 8 7 11 7 13 8 9 8 12 8 14 9 10 9 13 9 15 10 11 10 14 10 16 11 12 11 15 12 13 12 16 13 14 14 15 15 16
Circ17_2-3-8 17 51 0 2 0 3 0 8 0 9 0 14 0 15 1 3 1 4 1 9 1 10 1 15 1 16 2 4 2 5 2 10 2 11 2 16 3 5 3 6 3 11 3 12 4 6 4 7 4 12 4 13 5 7 5 8 5 13 5 14 6 8 6 9 6 14 6 15 7 9 7 10 7 15 7 16 8 10 8 11 8 16 9 11 9 12 10 12 10 13 11 13 11 14 12 14 12 15 13 15 13 16 14 16
Circ17_2-5-8 17 51 0 2 0 5 0 8 0 9 0 12 0 15 1 3 1 6 1 9 1 10 1 13 1 16 2 4 2 7 2 10 2 11 2 14 3 5 3 8 3 11 3 12 3 15 4 6 4 9 4 12 4 13 4 16 5 7 5 10 5 13 5 14 6 8 6 11 6 14 6 15 7 9 7 12 7 15 7 16 8 10 8 13 8 16 9 11 9 14 10 12 10 15 11 13 11 16 12 14 13 15 14 16
Circ17_2-6-7 17 51 0 2 0 6 0 7 0 10 0 11 0 15 1 3 1 7 1 8 1 11 1 12 1 16 2 4 2 8 2 9 2 12 2 13 3 5 3 9 3 10 3 13 3 14 4 6 4 10 4 11 4 14 4 15 5 7 5 11 5 12 5 15 5 16 6 8 6 12 6 13 6 16 7 9 7 13 7 14 8 10 8 14 8 15 9 11 9 15 9 16 10 12 10 16 11 13 12 14 13 15 14 16
Circ17_3-4-5 17 51 0 3 0 4 0 5 0 12 0 13 0 14 1 4 1 5 1 6 1 13 1 14 1 15 2 5 2 6 2 7 2 14 2 15 2 16 3 6 3 7 3 8 3 15 3 16 4 7 4 8 4 9 4 16 5 8 5 9 5 10 6 9 6 10 6 11 7 10 7 11 7 12 8 11 8 12 8 13 9 12 9 13 9 14 10 13 10 14 10 15 11 14 11 15 11 16 12 15 12 16 13 16
Circ17_6-7-8 17 51 0 6 0 7 0 8 0 9 0 10 0 11 1 7 1 8 1 9 1 10 1 11 1 12 2 8 2 9 2 10 2 11 2 12 2 13 3 9 3 10 3 11 3 12 3 13 3 14 4 10 4 11 4 12 4 13 4 14 4 15 5 11 5 12 5 13 5 14 5 15 5 16 6 12 6 13 6 14 6 15 6 16 7 13 7 14 7 15 7 16 8 14 8 15 8 16 9 15 9 16 10 16
Circ18_1 18 18 0 1 0 17 1 2 2 3 3 4 4 5 5 6 6 7 7 8 8 9 9 10 10 11 11 12 12 13 13 14 14 15 15 16 16 17
Circ18_2 18 18 0 2 0 16 1 3 1 17 2 4 3 5 4 6 5 7 6 8 7 9 8 10 9 11 10 12 11 13 12 14 13 15 14 16 15 17
Circ18_3 18 18 0 3 0 15 1 4 1 16 2 5 2 17 3 6 4 7 5 8 6 9 7 10 8 11 9 12 10 13 11 14 12 15 13 16 14 17
Circ18_4 18 18 0 4 0 14 1 5 1 15 2 6 2 16 3 7 3 17 4 8 5 9 6 10 7 11 8 12 9 13 10 14 11 15 12 16 13 17
Circ18_5 18 18 0 5 0 13 1 6 1 14 2 7 2 15 3 8 3 16 4 9 4 17 5 10 6 11 7 12 8 13 9 14 10 15 11 16 12 17
Circ18_7 18 18 0 7 0 11 1 8 1 12 2 9 2 13 3 10 3 14 4 11 4 15 5 12 5 16 6 13 6 17 7 14 8 15 9 16 10 17
Circ18_8 18 18 0 8 0 10 1 9 1 11 2 10 2 12 3 11 3 13 4 12 4 14 5 13 5 15 6 14 6 16 7 15 7 17 8 16 9 17
Circ18_9 18 9 0 9 1 10 2 11 3 12 4 13 5 14 6 15 7 16 8 17
Circ18_1-3 18 36 0 1 0 3 0 15 0 17 1 2 1 4 1 16 2 3 2 5 2 17 3 4 3 6 4 5 4 7 5 6 5 8 6 7 6 9 7 8 7 10 8 9 8 11 9 10 9 12 10 11 10 13 11 12 11 14 12 13 12 15 13 14 13 16 14 15 14 17 15 16 16 17
Circ18_1-4 18 36 0 1 0 4 0 14 0 17 1 2 1 5 1 15 2 3 2 6 2 16 3 4 3 7 3 17 4 5 4 8 5 6 5 9 6 7 6 10 7 8 7 11 8 9 8 12 9 10 9 13 10 11 10 14 11 12 11 15 12 13 12 16 13 14 13 17 14 15 15 16 16 17
Circ18_1-5 18 36 0 1 0 5 0 13 0 17 1 2 1 6 1 14 2 3 2 7 2 15 3 4 3 8 3 16 4 5 4 9 4 17 5 6 5 10 6 7 6 11 7 8 7 12 8 9 8 13 9 10 9 14 10 11 10 15 11 12 11 16 12 13 12 17 13 14 14 15 15 16 16 17
Circ18_1-7 18 36 0 1 0 7 0 11 0 17 1 2 1 8 1 12 2 3 2 9 2 13 3 4 3 10 3 14 4 5 4 11 4 15 5 6 5 12 5 16 6 7 6 13 6 17 7 8 7 14 8 9 8 15 9 10 9 16 10 11 10 17 11 12 12 13 13 14 14 15 15 16 16 17
Circ18_1-8 18 36 0 1 0 8 0 10 0 17 1 2 1 9 1 11 2 3 2 10 2 12 3 4 3 11 3 13 4 5 4 12 4 14 5 6 5 13 5 15 6 7 6 14 6 16 7 8 7 15 7 17 8 9 8 16 9 10 9 17 10 11 11 12 12 13 13 14 14 15 15 16 16 17
Circ18_1-9 18 27 0 1 0 9 0 17 1 2 1 10 2 3 2 11 3 4 3 12 4 5 4 13 5 6 5 14 6 7 6 15 7 8 7 16 8 9 8 17 9 10 10 11 11 12 12 13 13 14 14 15 15 16 16 17
Circ18_2-3 18 36 0 2 0 3 0 15 0 16 1 3 1 4 1 16 1 17 2 4 2 5 2 17 3 5 3 6 4 6 4 7 5 7 5 8 6 8 6 9 7 9 7 10 8 10 8 11 9 11 9 12 10 12 10 13 11 13 11 14 12 14 12 15 13 15 13 16 14 16 14 17 15 17
Circ18_2-5 18 36 0 2 0 5 0 13 0 16 1 3 1 6 1 14 1 17 2 4 2 7 2 15 3 5 3 8 3 16 4 6 4 9 4 17 5 7 5 10 6 8 6 11 7 9 7 12 8 10 8 13 9 11 9 14 10 12 10 15 11 13 11 16 12 14 12 17 13 15 14 16 15 17
Circ18_2-7 18 36 0 2 0 7 0 11 0 16 1 3 1 8 1 12 1 17 2 4 2 9 2 13 3 5 3 10 3 14 4 6 4 11 4 15 5 7 5 12 5 16 6 8 6 13 6 17 7 9 7 14 8 10 8 15 9 11 9 16 10 12 10 17 11 13 12 14 13 15 14 16 15 17
Circ18_2-9 18 27 0 2 0 9 0 16 1 3 1 10 1 17 2 4 2 11 3 5 3 12 4 6 4 13 5 7 5 14 6 8 6 15 7 9 7 16 8 10 8 17 9 11 10 12 11 13 12 14 13 15 14 16 15 17
Circ18_3-4 18 36 0 3 0 4 0 14 0 15 1 4 1 5 1 15 1 16 2 5 2 6 2 16 2 17 3 6 3 7 3 17 4 7 4 8 5 8 5 9 6 9 6 10 7 10 7 11 8 11 8 12 9 12 9 13 10 13 10 14 11 14 11 15 12 15 12 16 13 16 13 17 14 17
Circ18_3-5 18 36 0 3 0 5 0 13 0 15 1 4 1 6 1 14 1 16 2 5 2 7 2 15 2 17 3 6 3 8 3 16 4 7 4 9 4 17 5 8 5 10 6 9 6 11 7 10 7 12 8 11 8 13 9 12 9 14 10 13 10 15 11 14 11 16 12 15 12 17 13 16 14 17
Circ18_3-7 18 36 0 3 0 7 0 11 0 15 1 4 1 8 1 12 1 16 2 5 2 9 2 13 2 17 3 6 3 10 3 14 4 7 4 11 4 15 5 8 5 12 5 16 6 9 6 13 6 17 7 10 7 14 8 11 8 15 9 12 9 16 10 13 10 17 11 14 12 15 13 16 14 17
Circ18_3-8 18 36 0 3 0 8 0 10 0 15 1 4 1 9 1 11 1 16 2 5 2 10 2 12 2 17 3 6 3 11 3 13 4 7 4 12 4 14 5 8 5 13 5 15 6 9 6 14 6 16 7 10 7 15 7 17 8 11 8 16 9 12 9 17 10 13 11 14 12 15 13 16 14 17
Circ18_3-9 18 27 0 3 0 9 0 15 1 4 1 10 1 16 2 5 2 11 2 17 3 6 3 12 4 7 4 13 5 8 5 14 6 9 6 15 7 10 7 16 8 11 8 17 9 12 10 13 11 14 12 15 13 16 14 17
Circ18_4-5 18 36 0 4 0 5 0 13 0 14 1 5 1 6 1 14 1 15 2 6 2 7 2 15 2 16 3 7 3 8 3 16 3 17 4 8 4 9 4 17 5 9 5 10 6 10 6 11 7 11 7 12 8 12 8 13 9 13 9 14 10 14 10 15 11 15 11 16 12 16 12 17 13 17
Circ18_4-9 18 27 0 4 0 9 0 14 1 5 1 10 1 15 2 6 2 11 2 16 3 7 3 12 3 17 4 8 4 13 5 9 5 14 6 10 6 15 7 11 7 16 8 12 8 17 9 13 10 14 11 15 12 16 13 17
Circ18_5-7 18 36 0 5 0 7 0 11 0 13 1 6 1 8 1 12 1 14 2 7 2 9 2 13 2 15 3 8 3 10 3 14 3 16 4 9 4 11 4 15 4 17 5 10 5 12 5 16 6 11 6 13 6 17 7 12 7 14 8 13 8 15 9 14 9 16 10 15 10 17 11 16 12 17
Circ18_5-9 18 27 0 5 0 9 0 13 1 6 1 10 1 14 2 7 2 11 2 15 3 8 3 12 3 16 4 9 4 13 4 17 5 10 5 14 6 11 6 15 7 12 7 16 8 13 8 17 9 14 10 15 11 16 12 17
Circ18_7-8 18 36 0 7 0 8 0 10 0 11 1 8 1 9 1 11 1 12 2 9 2 10 2 12 2 13 3 10 3 11 3 13 3 14 4 11 4 12 4 14 4 15 5 12 5 13 5 15 5 16 6 13 6 14 6 16 6 17 7 14 7 15 7 17 8 15 8 16 9 16 9 17 10 17
Circ18_7-9 18 27 0 7 0 9 0 11 1 8 1 10 1 12 2 9 2 11 2 13 3 10 3 12 3 14 4 11 4 13 4 15 5 12 5 14 5 16 6 13 6 15 6 17 7 14 7 16 8 15 8 17 9 16 10 17
Circ18_8-9 18 27 0 8 0 9 0 10 1 9 1 10 1 11 2 10 2 11 2 12 3 11 3 12 3 13 4 12 4 13 4 14 5 13 5 14 5 15 6 14 6 15 6 16 7 15 7 16 7 17 8 16 8 17 9 17
Circ18_1-3-5 18 54 0 1 0 3 0 5 0 13 0 15 0 17 1 2 1 4 1 6 1 14 1 16 2 3 2 5 2 7 2 15 2 17 3 4 3 6 3 8 3 16 4 5 4 7 4 9 4 17 5 6 5 8 5 10 6 7 6 9 6 11 7 8 7 10 7 12 8 9 8 11 8 13 9 10 9 12 9 14 10 11 10 13 10 15 11 12 11 14 11 16 12 13 12 15 12 17 13 14 13 16 14 15 14 17 15 16 16 17
Circ18_1-3-7 18 54 0 1 0 3 0 7 0 11 0 15 0 17 1 2 1 4 1 8 1 12 1 16 2 3 2 5 2 9 2 13 2 17 3 4 3 6 3 10 3 14 4 5 4 7 4 11 4 15 5 6 5 8 5 12 5 16 6 7 6 9 6 13 6 17 7 8 7 10 7 14 8 9 8 11 8 15 9 10 9 12 9 16 10 11 10 13 10 17 11 12 11 14 12 13 12 15 13 14 13 16 14 15 14 17 15 16 16 17
Circ18_1-3-8 18 54 0 1 0 3 0 8 0 10 0 15 0 17 1 2 1 4 1 9 1 11 1 16 2 3 2 5 2 10 2 12 2 17 3 4 3 6 3 11 3 13 4 5 4 7 4 12 4 14 5 6 5 8 5 13 5 15 6 7 6 9 6 14 6 16 7 8 7 10 7 15 7 17 8 9 8 11 8 16 9 10 9 12 9 17 10 11 10 13 11 12 11 14 12 13 12 15 13 14 13 16 14 15 14 17 15 16 16 17
Circ18_1-3-9 18 45 0 1 0 3 0 9 0 15 0 17 1 2 1 4 1 10 1 16 2 3 2 5 2 11 2 17 3 4 3 6 3 12 4 5 4 7 4 13 5 6 5 8 5 14 6 7 6 9 6 15 7 8 7 10 7 16 8 9 8 11 8 17 9 10 9 12 10 11 10 13 11 12 11 14 12 13 12 15 13 14 13 16 14 15 14 17 15 16 16 17
Circ18_1-4-9 18 45 0 1 0 4 0 9 0 14 0 17 1 2 1 5 1 10 1 15 2 3 2 6 2 11 2 16 3 4 3 7 3 12 3 17 4 5 4 8 4 13 5 6 5 9 5 14 6 7 6 10 6 15 7 8 7 11 7 16 8 9 8 12 8 17 9 10 9 13 10 11 10 14 11 12 11 15 12 13 12 16 13 14 13 17 14 15 15 16 16 17
Circ18_1-5-7 18 54 0 1 0 5 0 7 0 11 0 13 0 17 1 2 1 6 1 8 1 12 1 14 2 3 2 7 2 9 2 13 2 15 3 4 3 8 3 10 3 14 3 16 4 5 4 9 4 11 4 15 4 17 5 6 5 10 5 12 5 16 6 7 6 11 6 13 6 17 7 8 7 12 7 14 8 9 8 13 8 15 9 10 9 14 9 16 10 11 10 15 10 17 11 12 11 16 12 13 12 17 13 14 14 15 15 16 16 17
Circ18_1-5-9 18 45 0 1 0 5 0 9 0 13 0 17 1 2 1 6 1 10 1 14 2 3 2 7 2 11 2 15 3 4 3 8 3 12 3 16 4 5 4 9 4 13 4 17 5 6 5 10 5 14 6 7 6 11 6 15 7 8 7 12 7 16 8 9 8 13 8 17 9 10 9 14 10 11 10 15 11 12 11 16 12 13 12 17 13 14 14 15 15 16 16 17
Circ18_1-7-9 18 45 0 1 0 7 0 9 0 11 0 17 1 2 1 8 1 10 1 12 2 3 2 9 2 11 2 13 3 4 3 10 3 12 3 14 4 5 4 11 4 13 4 15 5 6 5 12 5 14 5 16 6 7 6 13 6 15 6 17 7 8 7 14 7 16 8 9 8 15 8 17 9 10 9 16 10 11 10 17 11 12 12 13 13 14 14 15 15 16 16 17
Circ18_2-3-7 18 54 0 2 0 3 0 7 0 11 0 15 0 16 1 3 1 4 1 8 1 12 1 16 1 17 2 4 2 5 2 9 2 13 2 17 3 5 3 6 3 10 3 14 4 6 4 7 4 11 4 15 5 7 5 8 5 12 5 16 6 8 6 9 6 13 6 17 7 9 7 10 7 14 8 10 8 11 8 15 9 11 9 12 9 16 10 12 10 13 10 17 11 13 11 14 12 14 12 15 13 15 13 16 14 16 14 17 15 17
Circ18_2-3-9 18 45 0 2 0 3 0 9 0 15 0 16 1 3 1 4 1 10 1 16 1 17 2 4 2 5 2 11 2 17 3 5 3 6 3 12 4 6 4 7 4 13 5 7 5 8 5 14 6 8 6 9 6 15 7 9 7 10 7 16 8 10 8 11 8 17 9 11 9 12 10 12 10 13 11 13 11 14 12 14 12 15 13 15 13 16 14 16 14 17 15 17
Circ18_2-5-9 18 45 0 2 0 5 0 9 0 13 0 16 1 3 1 6 1 10 1 14 1 17 2 4 2 7 2 11 2 15 3 5 3 8 3 12 3 16 4 6 4 9 4 13 4 17 5 7 5 10 5 14 6 8 6 11 6 15 7 9 7 12 7 16 8 10 8 13 8 17 9 11 9 14 10 12 10 15 11 13 11 16 12 14 12 17 13 15 14 16 15 17
Circ18_3-4-5 18 54 0 3 0 4 0 5 0 13 0 14 0 15 1 4 1 5 1 6 1 14 1 15 1 16 2 5 2 6 2 7 2 15 2 16 2 17 3 6 3 7 3 8 3 16 3 17 4 7 4 8 4 9 4 17 5 8 5 9 5 10 6 9 6 10 6 11 7 10 7 11 7 12 8 11 8 12 8 13 9 12 9 13 9 14 10 13 10 14 10 15 11 14 11 15 11 16 12 15 12 16 12 17 13 16 13 17 14 17
Circ18_3-4-9 18 45 0 3 0 4 0 9 0 14 0 15 1 4 1 5 1 10 1 15 1 16 2 5 2 6 2 11 2 16 2 17 3 6 3 7 3 12 3 17 4 7 4 8 4 13 5 8 5 9 5 14 6 9 6 10 6 15 7 10 7 11 7 16 8 11 8 12 8 17 9 12 9 13 10 13 10 14 11 14 11 15 12 15 12 16 13 16 13 17 14 17
Circ18_3-5-7 18 54 0 3 0 5 0 7 0 11 0 13 0 15 1 4 1 6 1 8 1 12 1 14 1 16 2 5 2 7 2 9 2 13 2 15 2 17 3 6 3 8 3 10 3 14 3 16 4 7 4 9 4 11 4 15 4 17 5 8 5 10 5 12 5 16 6 9 6 11 6 13 6 17 7 10 7 12 7 14 8 11 8 13 8 15 9 12 9 14 9 16 10 13 10 15 10 17 11 14 11 16 12 15 12 17 13 16 14 17
Circ18_3-5-9 18 45 0 3 0 5 0 9 0 13 0 15 1 4 1 6 1 10 1 14 1 16 2 5 2 7 2 11 2 15 2 17 3 6 3 8 3 12 3 16 4 7 4 9 4 13 4 17 5 8 5 10 5 14 6 9 6 11 6 15 7 10 7 12 7 16 8 11 8 13 8 17 9 12 9 14 10 13 10 15 11 14 11 16 12 15 12 17 13 16 14 17
Circ18_3-7-9 18 45 0 3 0 7 0 9 0 11 0 15 1 4 1 8 1 10 1 12 1 16 2 5 2 9 2 11 2 13 2 17 3 6 3 10 3 12 3 14 4 7 4 11 4 13 4 15 5 8 5 12 5 14 5 16 6 9 6 13 6 15 6 17 7 10 7 14 7 16 8 11 8 15 8 17 9 12 9 16 10 13 10 17 11 14 12 15 13 16 14 17
Circ18_3-8-9 18 45 0 3 0 8 0 9 0 10 0 15 1 4 1 9 1 10 1 11 1 16 2 5 2 10 2 11 2 12 2 17 3 6 3 11 3 12 3 13 4 7 4 12 4 13 4 14 5 8 5 13 5 14 5 15 6 9 6 14 6 15 6 16 7 10 7 15 7 16 7 17 8 11 8 16 8 17 9 12 9 17 10 13 11 14 12 15 13 16 14 17
Circ18_5-7-9 18 45 0 5 0 7 0 9 0 11 0 13 1 6 1 8 1 10 1 12 1 14 2 7 2 9 2 11 2 13 2 15 3 8 3 10 3 12 3 14 3 16 4 9 4 11 4 13 4 15 4 17 5 10 5 12 5 14 5 16 6 11 6 13 6 15 6 17 7 12 7 14 7 16 8 13 8 15 8 17 9 14 9 16 10 15 10 17 11 16 12 17
Circ18_7-8-9 18 45 0 7 0 8 0 9 0 10 0 11 1 8 1 9 1 10 1 11 1 12 2 9 2 10 2 11 2 12 2 13 3 10 3 11 3 12 3 13 3 14 4 11 4 12 4 13 4 14 4 15 5 12 5 13 5 14 5 15 5 16 6 13 6 14 6 15 6 16 6 17 7 14 7 15 7 16 7 17 8 15 8 16 8 17 9 16 9 17 10 17
Circ18_1-3-5-7 18 72 0 1 0 3 0 5 0 7 0 11 0 13 0 15 0 17 1 2 1 4 1 6 1 8 1 12 1 14 1 16 2 3 2 5 2 7 2 9 2 13 2 15 2 17 3 4 3 6 3 8 3 10 3 14 3 16 4 5 4 7 4 9 4 11 4 15 4 17 5 6 5 8 5 10 5 12 5 16 6 7 6 9 6 11 6 13 6 17 7 8 7 10 7 12 7 14 8 9 8 11 8 13 8 15 9 10 9 12 9 14 9 16 10 11 10 13 10 15 10 17 11 12 11 14 11 16 12 13 12 15 12 17 13 14 13 16 14 15 14 17 15 16 16 17
Circ18_1-3-5-9 18 63 0 1 0 3 0 5 0 9 0 13 0 15 0 17 1 2 1 4 1 6 1 10 1 14 1 16 2 3 2 5 2 7 2 11 2 15 2 17 3 4 3 6 3 8 3 12 3 16 4 5 4 7 4 9 4 13 4 17 5 6 5 8 5 10 5 14 6 7 6 9 6 11 6 15 7 8 7 10 7 12 7 16 8 9 8 11 8 13 8 17 9 10 9 12 9 14 10 11 10 13 10 15 11 12 11 14 11 16 12 13 12 15 12 17 13 14 13 16 14 15 14 17 15 16 16 17
Circ18_1-3-7-9 18 63 0 1 0 3 0 7 0 9 0 11 0 15 0 17 1 2 1 4 1 8 1 10 1 12 1 16 2 3 2 5 2 9 2 11 2 13 2 17 3 4 3 6 3 10 3 12 3 14 4 5 4 7 4 11 4 13 4 15 5 6 5 8 5 12 5 14 5 16 6 7 6 9 6 13 6 15 6 17 7 8 7 10 7 14 7 16 8 9 8 11 8 15 8 17 9 10 9 12 9 16 10 11 10 13 10 17 11 12 11 14 12 13 12 15 13 14 13 16 14 15 14 17 15 16 16 17
Circ18_1-5-7-9 18 63 0 1 0 5 0 7 0 9 0 11 0 13 0 17 1 2 1 6 1 8 1 10 1 12 1 14 2 3 2 7 2 9 2 11 2 13 2 15 3 4 3 8 3 10 3 12 3 14 3 16 4 5 4 9 4 11 4 13 4 15 4 17 5 6 5 10 5 12 5 14 5 16 6 7 6 11 6 13 6 15 6 17 7 8 7 12 7 14 7 16 8 9 8 13 8 15 8 17 9 10 9 14 9 16 10 11 10 15 10 17 11 12 11 16 12 13 12 17 13 14 14 15 15 16 16 17
Circ18_3-5-7-9 18 63 0 3 0 5 0 7 0 9 0 11 0 13 0 15 1 4 1 6 1 8 1 10 1 12 1 14 1 16 2 5 2 7 2 9 2 11 2 13 2 15 2 17 3 6 3 8 3 10 3 12 3 14 3 16 4 7 4 9 4 11 4 13 4 15 4 17 5 8 5 10 5 12 5 14 5 16 6 9 6 11 6 13 6 15 6 17 7 10 7 12 7 14 7 16 8 11 8 13 8 15 8 17 9 12 9 14 9 16 10 13 10 15 10 17 11 14 11 16 12 15 12 17 13 16 14 17
Circ19_2 19 19 0 2 0 17 1 3 1 18 2 4 3 5 4 6 5 7 6 8 7 9 8 10 9 11 10 12 11 13 12 14 13 15 14 16 15 17 16 18
Circ19_3 19 19 0 3 0 16 1 4 1 17 2 5 2 18 3 6 4 7 5 8 6 9 7 10 8 11 9 12 10 13 11 14 12 15 13 16 14 17 15 18
Circ19_4 19 19 0 4 0 15 1 5 1 16 2 6 2 17 3 7 3 18 4 8 5 9 6 10 7 11 8 12 9 13 10 14 11 15 12 16 13 17 14 18
Circ19_5 19 19 0 5 0 14 1 6 1 15 2 7 2 16 3 8 3 17 4 9 4 18 5 10 6 11 7 12 8 13 9 14 10 15 11 16 12 17 13 18
Circ19_6 19 19 0 6 0 13 1 7 1 14 2 8 2 15 3 9 3 16 4 10 4 17 5 11 5 18 6 12 7 13 8 14 9 15 10 16 11 17 12 18
Circ19_7 19 19 0 7 0 12 1 8 1 13 2 9 2 14 3 10 3 15 4 11 4 16 5 12 5 17 6 13 6 18 7 14 8 15 9 16 10 17 11 18
Circ19_8 19 19 0 8 0 11 1 9 1 12 2 10 2 13 3 11 3 14 4 12 4 15 5 13 5 16 6 14 6 17 7 15 7 18 8 16 9 17 10 18
Circ19_9 19 19 0 9 0 10 1 10 1 11 2 11 2 12 3 12 3 13 4 13 4 14 5 14 5 15 6 15 6 16 7 16 7 17 8 17 8 18 9 18
Circ19_1-3 19 38 0 1 0 3 0 16 0 18 1 2 1 4 1 17 2 3 2 5 2 18 3 4 3 6 4 5 4 7 5 6 5 8 6 7 6 9 7 8 7 10 8 9 8 11 9 10 9 12 10 11 10 13 11 12 11 14 12 13 12 15 13 14 13 16 14 15 14 17 15 16 15 18 16 17 17 18
Circ19_1-4 19 38 0 1 0 4 0 15 0 18 1 2 1 5 1 16 2 3 2 6 2 17 3 4 3 7 3 18 4 5 4 8 5 6 5 9 6 7 6 10 7 8 7 11 8 9 8 12 9 10 9 13 10 11 10 14 11 12 11 15 12 13 12 16 13 14 13 17 14 15 14 18 15 16 16 17 17 18
Circ19_1-5 19 38 0 1 0 5 0 14 0 18 1 2 1 6 1 15 2 3 2 7 2 16 3 4 3 8 3 17 4 5 4 9 4 18 5 6 5 10 6 7 6 11 7 8 7 12 8 9 8 13 9 10 9 14 10 11 10 15 11 12 11 16 12 13 12 17 13 14 13 18 14 15 15 16 16 17 17 18
Circ19_1-6 19 38 0 1 0 6 0 13 0 18 1 2 1 7 1 14 2 3 2 8 2 15 3 4 3 9 3 16 4 5 4 10 4 17 5 6 5 11 5 18 6 7 6 12 7 8 7 13 8 9 8 14 9 10 9 15 10 11 10 16 11 12 11 17 12 13 12 18 13 14 14 15 15 16 16 17 17 18
Circ19_1-7 19 38 0 1 0 7 0 12 0 18 1 2 1 8 1 13 2 3 2 9 2 14 3 4 3 10 3 15 4 5 4 11 4 16 5 6 5 12 5 17 6 7 6 13 6 18 7 8 7 14 8 9 8 15 9 10 9 16 10 11 10 17 11 12 11 18 12 13 13 14 14 15 15 16 16 17 17 18
Circ19_1-8 19 38 0 1 0 8 0 11 0 18 1 2 1 9 1 12 2 3 2 10 2 13 3 4 3 11 3 14 4 5 4 12 4 15 5 6 5 13 5 16 6 7 6 14 6 17 7 8 7 15 7 18 8 9 8 16 9 10 9 17 10 11 10 18 11 12 12 13 13 14 14 15 15 16 16 17 17 18
Circ19_2-3 19 38 0 2 0 3 0 16 0 17 1 3 1 4 1 17 1 18 2 4 2 5 2 18 3 5 3 6 4 6 4 7 5 7 5 8 6 8 6 9 7 9 7 10 8 10 8 11 9 11 9 12 10 12 10 13 11 13 11 14 12 14 12 15 13 15 13 16 14 16 14 17 15 17 15 18 16 18
Circ19_2-5 19 38 0 2 0 5 0 14 0 17 1 3 1 6 1 15 1 18 2 4 2 7 2 16 3 5 3 8 3 17 4 6 4 9 4 18 5 7 5 10 6 8 6 11 7 9 7 12 8 10 8 13 9 11 9 14 10 12 10 15 11 13 11 16 12 14 12 17 13 15 13 18 14 16 15 17 16 18
Circ19_2-6 19 38 0 2 0 6 0 13 0 17 1 3 1 7 1 14 1 18 2 4 2 8 2 15 3 5 3 9 3 16 4 6 4 10 4 17 5 7 5 11 5 18 6 8 6 12 7 9 7 13 8 10 8 14 9 11 9 15 10 12 10 16 11 13 11 17 12 14 12 18 13 15 14 16 15 17 16 18
Circ19_2-7 19 38 0 2 0 7 0 12 0 17 1 3 1 8 1 13 1 18 2 4 2 9 2 14 3 5 3 10 3 15 4 6 4 11 4 16 5 7 5 12 5 17 6 8 6 13 6 18 7 9 7 14 8 10 8 15 9 11 9 16 10 12 10 17 11 13 11 18 12 14 13 15 14 16 15 17 16 18
Circ19_2-8 19 38 0 2 0 8 0 11 0 17 1 3 1 9 1 12 1 18 2 4 2 10 2 13 3 5 3 11 3 14 4 6 4 12 4 15 5 7 5 13 5 16 6 8 6 14 6 17 7 9 7 15 7 18 8 10 8 16 9 11 9 17 10 12 10 18 11 13 12 14 13 15 14 16 15 17 16 18
Circ19_2-9 19 38 0 2 0 9 0 10 0 17 1 3 1 10 1 11 1 18 2 4 2 11 2 12 3 5 3 12 3 13 4 6 4 13 4 14 5 7 5 14 5 15 6 8 6 15 6 16 7 9 7 16 7 17 8 10 8 17 8 18 9 11 9 18 10 12 11 13 12 14 13 15 14 16 15 17 16 18
Circ19_3-4 19 38 0 3 0 4 0 15 0 16 1 4 1 5 1 16 1 17 2 5 2 6 2 17 2 18 3 6 3 7 3 18 4 7 4 8 5 8 5 9 6 9 6 10 7 10 7 11 8 11 8 12 9 12 9 13 10 13 10 14 11 14 11 15 12 15 12 16 13 16 13 17 14 17 14 18 15 18
Circ19_3-5 19 38 0 3 0 5 0 14 0 16 1 4 1 6 1 15 1 17 2 5 2 7 2 16 2 18 3 6 3 8 3 17 4 7 4 9 4 18 5 8 5 10 6 9 6 11 7 10 7 12 8 11 8 13 9 12 9 14 10 13 10 15 11 14 11 16 12 15 12 17 13 16 13 18 14 17 15 18
Circ19_3-7 19 38 0 3 0 7 0 12 0 16 1 4 1 8 1 13 1 17 2 5 2 9 2 14 2 18 3 6 3 10 3 15 4 7 4 11 4 16 5 8 5 12 5 17 6 9 6 13 6 18 7 10 7 14 8 11 8 15 9 12 9 16 10 13 10 17 11 14 11 18 12 15 13 16 14 17 15 18
Circ19_3-9 19 38 0 3 0 9 0 10 0 16 1 4 1 10 1 11 1 17 2 5 2 11 2 12 2 18 3 6 3 12 3 13 4 7 4 13 4 14 5 8 5 14 5 15 6 9 6 15 6 16 7 10 7 16 7 17 8 11 8 17 8 18 9 12 9 18 10 13 11 14 12 15 13 16 14 17 15 18
Circ19_4-5 19 38 0 4 0 5 0 14 0 15 1 5 1 6 1 15 1 16 2 6 2 7 2 16 2 17 3 7 3 8 3 17 3 18 4 8 4 9 4 18 5 9 5 10 6 10 6 11 7 11 7 12 8 12 8 13 9 13 9 14 10 14 10 15 11 15 11 16 12 16 12 17 13 17 13 18 14 18
Circ19_4-6 19 38 0 4 0 6 0 13 0 15 1 5 1 7 1 14 1 16 2 6 2 8 2 15 2 17 3 7 3 9 3 16 3 18 4 8 4 10 4 17 5 9 5 11 5 18 6 10 6 12 7 11 7 13 8 12 8 14 9 13 9 15 10 14 10 16 11 15 11 17 12 16 12 18 13 17 14 18
Circ19_4-7 19 38 0 4 0 7 0 12 0 15 1 5 1 8 1 13 1 16 2 6 2 9 2 14 2 17 3 7 3 10 3 15 3 18 4 8 4 11 4 16 5 9 5 12 5 17 6 10 6 13 6 18 7 11 7 14 8 12 8 15 9 13 9 16 10 14 10 17 11 15 11 18 12 16 13 17 14 18
Circ19_4-9 19 38 0 4 0 9 0 10 0 15 1 5 1 10 1 11 1 16 2 6 2 11 2 12 2 17 3 7 3 12 3 13 3 18 4 8 4 13 4 14 5 9 5 14 5 15 6 10 6 15 6 16 7 11 7 16 7 17 8 12 8 17 8 18 9 13 9 18 10 14 11 15 12 16 13 17 14 18
Circ19_5-6 19 38 0 5 0 6 0 13 0 14 1 6 1 7 1 14 1 15 2 7 2 8 2 15 2 16 3 8 3 9 3 16 3 17 4 9 4 10 4 17 4 18 5 10 5 11 5 18 6 11 6 12 7 12 7 13 8 13 8 14 9 14 9 15 10 15 10 16 11 16 11 17 12 17 12 18 13 18
Circ19_5-8 19 38 0 5 0 8 0 11 0 14 1 6 1 9 1 12 1 15 2 7 2 10 2 13 2 16 3 8 3 11 3 14 3 17 4 9 4 12 4 15 4 18 5 10 5 13 5 16 6 11 6 14 6 17 7 12 7 15 7 18 8 13 8 16 9 14 9 17 10 15 10 18 11 16 12 17 13 18
Circ19_6-8 19 38 0 6 0 8 0 11 0 13 1 7 1 9 1 12 1 14 2 8 2 10 2 13 2 15 3 9 3 11 3 14 3 16 4 10 4 12 4 15 4 17 5 11 5 13 5 16 5 18 6 12 6 14 6 17 7 13 7 15 7 18 8 14 8 16 9 15 9 17 10 16 10 18 11 17 12 18
Circ19_6-9 19 38 0 6 0 9 0 10 0 13 1 7 1 10 1 11 1 14 2 8 2 11 2 12 2 15 3 9 3 12 3 13 3 16 4 10 4 13 4 14 4 17 5 11 5 14 5 15 5 18 6 12 6 15 6 16 7 13 7 16 7 17 8 14 8 17 8 18 9 15 9 18 10 16 11 17 12 18
Circ19_7-8 19 38 0 7 0 8 0 11 0 12 1 8 1 9 1 12 1 13 2 9 2 10 2 13 2 14 3 10 3 11 3 14 3 15 4 11 4 12 4 15 4 16 5 12 5 13 5 16 5 17 6 13 6 14 6 17 6 18 7 14 7 15 7 18 8 15 8 16 9 16 9 17 10 17 10 18 11 18
Circ19_7-9 19 38 0 7 0 9 0 10 0 12 1 8 1 10 1 11 1 13 2 9 2 11 2 12 2 14 3 10 3 12 3 13 3 15 4 11 4 13 4 14 4 16 5 12 5 14 5 15 5 17 6 13 6 15 6 16 6 18 7 14 7 16 7 17 8 15 8 17 8 18 9 16 9 18 10 17 11 18
Circ19_8-9 19 38 0 8 0 9 0 10 0 11 1 9 1 10 1 11 1 12 2 10 2 11 2 12 2 13 3 11 3 12 3 13 3 14 4 12 4 13 4 14 4 15 5 13 5 14 5 15 5 16 6 14 6 15 6 16 6 17 7 15 7 16 7 17 7 18 8 16 8 17 8 18 9 17 9 18 10 18
Circ19_1-3-5 19 57 0 1 0 3 0 5 0 14 0 16 0 18 1 2 1 4 1 6 1 15 1 17 2 3 2 5 2 7 2 16 2 18 3 4 3 6 3 8 3 17 4 5 4 7 4 9 4 18 5 6 5 8 5 10 6 7 6 9 6 11 7 8 7 10 7 12 8 9 8 11 8 13 9 10 9 12 9 14 10 11 10 13 10 15 11 12 11 14 11 16 12 13 12 15 12 17 13 14 13 16 13 18 14 15 14 17 15 16 15 18 16 17 17 18
Circ19_1-3-7 19 57 0 1 0 3 0 7 0 12 0 16 0 18 1 2 1 4 1 8 1 13 1 17 2 3 2 5 2 9 2 14 2 18 3 4 3 6 3 10 3 15 4 5 4 7 4 11 4 16 5 6 5 8 5 12 5 17 6 7 6 9 6 13 6 18 7 8 7 10 7 14 8 9 8 11 8 15 9 10 9 12 9 16 10 11 10 13 10 17 11 12 11 14 11 18 12 13 12 15 13 14 13 16 14 15 14 17 15 16 15 18 16 17 17 18
Circ19_1-4-6 19 57 0 1 0 4 0 6 0 13 0 15 0 18 1 2 1 5 1 7 1 14 1 16 2 3 2 6 2 8 2 15 2 17 3 4 3 7 3 9 3 16 3 18 4 5 4 8 4 10 4 17 5 6 5 9 5 11 5 18 6 7 6 10 6 12 7 8 7 11 7 13 8 9 8 12 8 14 9 10 9 13 9 15 10 11 10 14 10 16 11 12 11 15 11 17 12 13 12 16 12 18 13 14 13 17 14 15 14 18 15 16 16 17 17 18
Circ19_1-4-7 19 57 0 1 0 4 0 7 0 12 0 15 0 18 1 2 1 5 1 8 1 13 1 16 2 3 2 6 2 9 2 14 2 17 3 4 3 7 3 10 3 15 3 18 4 5 4 8 4 11 4 16 5 6 5 9 5 12 5 17 6 7 6 10 6 13 6 18 7 8 7 11 7 14 8 9 8 12 8 15 9 10 9 13 9 16 10 11 10 14 10 17 11 12 11 15 11 18 12 13 12 16 13 14 13 17 14 15 14 18 15 16 16 17 17 18
Circ19_1-5-8 19 57 0 1 0 5 0 8 0 11 0 14 0 18 1 2 1 6 1 9 1 12 1 15 2 3 2 7 2 10 2 13 2 16 3 4 3 8 3 11 3 14 3 17 4 5 4 9 4 12 4 15 4 18 5 6 5 10 5 13 5 16 6 7 6 11 6 14 6 17 7 8 7 12 7 15 7 18 8 9 8 13 8 16 9 10 9 14 9 17 10 11 10 15 10 18 11 12 11 16 12 13 12 17 13 14 13 18 14 15 15 16 16 17 17 18
Circ19_1-6-8 19 57 0 1 0 6 0 8 0 11 0 13 0 18 1 2 1 7 1 9 1 12 1 14 2 3 2 8 2 10 2 13 2 15 3 4 3 9 3 11 3 14 3 16 4 5 4 10 4 12 4 15 4 17 5 6 5 11 5 13 5 16 5 18 6 7 6 12 6 14 6 17 7 8 7 13 7 15 7 18 8 9 8 14 8 16 9 10 9 15 9 17 10 11 10 16 10 18 11 12 11 17 12 13 12 18 13 14 14 15 15 16 16 17 17 18
Circ19_2-3-7 19 57 0 2 0 3 0 7 0 12 0 16 0 17 1 3 1 4 1 8 1 13 1 17 1 18 2 4 2 5 2 9 2 14 2 18 3 5 3 6 3 10 3 15 4 6 4 7 4 11 4 16 5 7 5 8 5 12 5 17 6 8 6 9 6 13 6 18 7 9 7 10 7 14 8 10 8 11 8 15 9 11 9 12 9 16 10 12 10 13 10 17 11 13 11 14 11 18 12 14 12 15 13 15 13 16 14 16 14 17 15 17 15 18 16 18
Circ19_2-3-9 19 57 0 2 0 3 0 9 0 10 0 16 0 17 1 3 1 4 1 10 1 11 1 17 1 18 2 4 2 5 2 11 2 12 2 18 3 5 3 6 3 12 3 13 4 6 4 7 4 13 4 14 5 7 5 8 5 14 5 15 6 8 6 9 6 15 6 16 7 9 7 10 7 16 7 17 8 10 8 11 8 17 8 18 9 11 9 12 9 18 10 12 10 13 11 13 11 14 12 14 12 15 13 15 13 16 14 16 14 17 15 17 15 18 16 18
Circ19_2-5-6 19 57 0 2 0 5 0 6 0 13 0 14 0 17 1 3 1 6 1 7 1 14 1 15 1 18 2 4 2 7 2 8 2 15 2 16 3 5 3 8 3 9 3 16 3 17 4 6 4 9 4 10 4 17 4 18 5 7 5 10 5 11 5 18 6 8 6 11 6 12 7 9 7 12 7 13 8 10 8 13 8 14 9 11 9 14 9 15 10 12 10 15 10 16 11 13 11 16 11 17 12 14 12 17 12 18 13 15 13 18 14 16 15 17 16 18
Circ19_2-5-8 19 57 0 2 0 5 0 8 0 11 0 14 0 17 1 3 1 6 1 9 1 12 1 15 1 18 2 4 2 7 2 10 2 13 2 16 3 5 3 8 3 11 3 14 3 17 4 6 4 9 4 12 4 15 4 18 5 7 5 10 5 13 5 16 6 8 6 11 6 14 6 17 7 9 7 12 7 15 7 18 8 10 8 13 8 16 9 11 9 14 9 17 10 12 10 15 10 18 11 13 11 16 12 14 12 17 13 15 13 18 14 16 15 17 16 18
Circ19_2-6-9 19 57 0 2 0 6 0 9 0 10 0 13 0 17 1 3 1 7 1 10 1 11 1 14 1 18 2 4 2 8 2 11 2 12 2 15 3 5 3 9 3 12 3 13 3 16 4 6 4 10 4 13 4 14 4 17 5 7 5 11 5 14 5 15 5 18 6 8 6 12 6 15 6 16 7 9 7 13 7 16 7 17 8 10 8 14 8 17 8 18 9 11 9 15 9 18 10 12 10 16 11 13 11 17 12 14 12 18 13 15 14 16 15 17 16 18
Circ19_2-7-8 19 57 0 2 0 7 0 8 0 11 0 12 0 17 1 3 1 8 1 9 1 12 1 13 1 18 2 4 2 9 2 10 2 13 2 14 3 5 3 10 3 11 3 14 3 15 4 6 4 11 4 12 4 15 4 16 5 7 5 12 5 13 5 16 5 17 6 8 6 13 6 14 6 17 6 18 7 9 7 14 7 15 7 18 8 10 8 15 8 16 9 11 9 16 9 17 10 12 10 17 10 18 11 13 11 18 12 14 13 15 14 16 15 17 16 18
Circ19_3-4-5 19 57 0 3 0 4 0 5 0 14 0 15 0 16 1 4 1 5 1 6 1 15 1 16 1 17 2 5 2 6 2 7 2 16 2 17 2 18 3 6 3 7 3 8 3 17 3 18 4 7 4 8 4 9 4 18 5 8 5 9 5 10 6 9 6 10 6 11 7 10 7 11 7 12 8 11 8 12 8 13 9 12 9 13 9 14 10 13 10 14 10 15 11 14 11 15 11 16 12 15 12 16 12 17 13 16 13 17 13 18 14 17 14 18 15 18
Circ19_3-4-9 19 57 0 3 0 4 0 9 0 10 0 15 0 16 1 4 1 5 1 10 1 11 1 16 1 17 2 5 2 6 2 11 2 12 2 17 2 18 3 6 3 7 3 12 3 13 3 18 4 7 4 8 4 13 4 14 5 8 5 9 5 14 5 15 6 9 6 10 6 15 6 16 7 10 7 11 7 16 7 17 8 11 8 12 8 17 8 18 9 12 9 13 9 18 10 13 10 14 11 14 11 15 12 15 12 16 13 16 13 17 14 17 14 18 15 18
Circ19_4-5-6 19 57 0 4 0 5 0 6 0 13 0 14 0 15 1 5 1 6 1 7 1 14 1 15 1 16 2 6 2 7 2 8 2 15 2 16 2 17 3 7 3 8 3 9 3 16 3 17 3 18 4 8 4 9 4 10 4 17 4 18 5 9 5 10 5 11 5 18 6 10 6 11 6 12 7 11 7 12 7 13 8 12 8 13 8 14 9 13 9 14 9 15 10 14 10 15 10 16 11 15 11 16 11 17 12 16 12 17 12 18 13 17 13 18 14 18
Circ19_4-7-9 19 57 0 4 0 7 0 9 0 10 0 12 0 15 1 5 1 8 1 10 1 11 1 13 1 16 2 6 2 9 2 11 2 12 2 14 2 17 3 7 3 10 3 12 3 13 3 15 3 18 4 8 4 11 4 13 4 14 4 16 5 9 5 12 5 14 5 15 5 17 6 10 6 13 6 15 6 16 6 18 7 11 7 14 7 16 7 17 8 12 8 15 8 17 8 18 9 13 9 16 9 18 10 14 10 17 11 15 11 18 12 16 13 17 14 18
Circ19_6-8-9 19 57 0 6 0 8 0 9 0 10 0 11 0 13 1 7 1 9 1 10 1 11 1 12 1 14 2 8 2 10 2 11 2 12 2 13 2 15 3 9 3 11 3 12 3 13 3 14 3 16 4 10 4 12 4 13 4 14 4 15 4 17 5 11 5 13 5 14 5 15 5 16 5 18 6 12 6 14 6 15 6 16 6 17 7 13 7 15 7 16 7 17 7 18 8 14 8 16 8 17 8 18 9 15 9 17 9 18 10 16 10 18 11 17 12 18
Circ19_7-8-9 19 57 0 7 0 8 0 9 0 10 0 11 0 12 1 8 1 9 1 10 1 11 1 12 1 13 2 9 2 10 2 11 2 12 2 13 2 14 3 10 3 11 3 12 3 13 3 14 3 15 4 11 4 12 4 13 4 14 4 15 4 16 5 12 5 13 5 14 5 15 5 16 5 17 6 13 6 14 6 15 6 16 6 17 6 18 7 14 7 15 7 16 7 17 7 18 8 15 8 16 8 17 8 18 9 16 9 17 9 18 10 17 10 18 11 18
Circ20_1 20 20 0 1 0 19 1 2 2 3 3 4 4 5 5 6 6 7 7 8 8 9 9 10 10 11 11 12 12 13 13 14 14 15 15 16 16 17 17 18 18 19
Circ20_2 20 20 0 2 0 18 1 3 1 19 2 4 3 5 4 6 5 7 6 8 7 9 8 10 9 11 10 12 11 13 12 14 13 15 14 16 15 17 16 18 17 19
Circ20_3 20 20 0 3 0 17 1 4 1 18 2 5 2 19 3 6 4 7 5 8 6 9 7 10 8 11 9 12 10 13 11 14 12 15 13 16 14 17 15 18 16 19
Circ20_4 20 20 0 4 0 16 1 5 1 17 2 6 2 18 3 7 3 19 4 8 5 9 6 10 7 11 8 12 9 13 10 14 11 15 12 16 13 17 14 18 15 19
Circ20_5 20 20 0 5 0 15 1 6 1 16 2 7 2 17 3 8 3 18 4 9 4 19 5 10 6 11 7 12 8 13 9 14 10 15 11 16 12 17 13 18 14 19
Circ20_6 20 20 0 6 0 14 1 7 1 15 2 8 2 16 3 9 3 17 4 10 4 18 5 11 5 19 6 12 7 13 8 14 9 15 10 16 11 17 12 18 13 19
Circ20_7 20 20 0 7 0 13 1 8 1 14 2 9 2 15 3 10 3 16 4 11 4 17 5 12 5 18 6 13 6 19 7 14 8 15 9 16 10 17 11 18 12 19
Circ20_8 20 20 0 8 0 12 1 9 1 13 2 10 2 14 3 11 3 15 4 12 4 16 5 13 5 17 6 14 6 18 7 15 7 19 8 16 9 17 10 18 11 19
Circ20_9 20 20 0 9 0 11 1 10 1 12 2 11 2 13 3 12 3 14 4 13 4 15 5 14 5 16 6 15 6 17 7 16 7 18 8 17 8 19 9 18 10 19
Circ20_10 20 10 0 10 1 11 2 12 3 13 4 14 5 15 6 16 7 17 8 18 9 19
Circ20_1-3 20 40 0 1 0 3 0 17 0 19 1 2 1 4 1 18 2 3 2 5 2 19 3 4 3 6 4 5 4 7 5 6 5 8 6 7 6 9 7 8 7 10 8 9 8 11 9 10 9 12 10 11 10 13 11 12 11 14 12 13 12 15 13 14 13 16 14 15 14 17 15 16 15 18 16 17 16 19 17 18 18 19
Circ20_1-4 20 40 0 1 0 4 0 16 0 19 1 2 1 5 1 17 2 3 2 6 2 18 3 4 3 7 3 19 4 5 4 8 5 6 5 9 6 7 6 10 7 8 7 11 8 9 8 12 9 10 9 13 10 11 10 14 11 12 11 15 12 13 12 16 13 14 13 17 14 15 14 18 15 16 15 19 16 17 17 18 18 19
Circ20_1-5 20 40 0 1 0 5 0 15 0 19 1 2 1 6 1 16 2 3 2 7 2 17 3 4 3 8 3 18 4 5 4 9 4 19 5 6 5 10 6 7 6 11 7 8 7 12 8 9 8 13 9 10 9 14 10 11 10 15 11 12 11 16 12 13 12 17 13 14 13 18 14 15 14 19 15 16 16 17 17 18 18 19
Circ20_1-6 20 40 0 1 0 6 0 14 0 19 1 2 1 7 1 15 2 3 2 8 2 16 3 4 3 9 3 17 4 5 4 10 4 18 5 6 5 11 5 19 6 7 6 12 7 8 7 13 8 9 8 14 9 10 9 15 10 11 10 16 11 12 11 17 12 13 12 18 13 14 13 19 14 15 15 16 16 17 17 18 18 19
Circ20_1-7 20 40 0 1 0 7 0 13 0 19 1 2 1 8 1 14 2 3 2 9 2 15 3 4 3 10 3 16 4 5 4 11 4 17 5 6 5 12 5 18 6 7 6 13 6 19 7 8 7 14 8 9 8 15 9 10 9 16 10 11 10 17 11 12 11 18 12 13 12 19 13 14 14 15 15 16 16 17 17 18 18 19
Circ20_1-8 20 40 0 1 0 8 0 12 0 19 1 2 1 9 1 13 2 3 2 10 2 14 3 4 3 11 3 15 4 5 4 12 4 16 5 6 5 13 5 17 6 7 6 14 6 18 7 8 7 15 7 19 8 9 8 16 9 10 9 17 10 11 10 18 11 12 11 19 12 13 13 14 14 15 15 16 16 17 17 18 18 19
Circ20_1-9 20 40 0 1 0 9 0 11 0 19 1 2 1 10 1 12 2 3 2 11 2 13 3 4 3 12 3 14 4 5 4 13 4 15 5 6 5 14 5 16 6 7 6 15 6 17 7 8 7 16 7 18 8 9 8 17 8 19 9 10 9 18 10 11 10 19 11 12 12 13 13 14 14 15 15 16 16 17 17 18 18 19
Circ20_1-10 20 30 0 1 0 10 0 19 1 2 1 11 2 3 2 12 3 4 3 13 4 5 4 14 5 6 5 15 6 7 6 16 7 8 7 17 8 9 8 18 9 10 9 19 10 11 11 12 12 13 13 14 14 15 15 16 16 17 17 18 18 19
Circ20_2-3 20 40 0 2 0 3 0 17 0 18 1 3 1 4 1 18 1 19 2 4 2 5 2 19 3 5 3 6 4 6 4 7 5 7 5 8 6 8 6 9 7 9 7 10 8 10 8 11 9 11 9 12 10 12 10 13 11 13 11 14 12 14 12 15 13 15 13 16 14 16 14 17 15 17 15 18 16 18 16 19 17 19
Circ20_2-5 20 40 0 2 0 5 0 15 0 18 1 3 1 6 1 16 1 19 2 4 2 7 2 17 3 5 3 8 3 18 4 6 4 9 4 19 5 7 5 10 6 8 6 11 7 9 7 12 8 10 8 13 9 11 9 14 10 12 10 15 11 13 11 16 12 14 12 17 13 15 13 18 14 16 14 19 15 17 16 18 17 19
Circ20_2-6 20 40 0 2 0 6 0 14 0 18 1 3 1 7 1 15 1 19 2 4 2 8 2 16 3 5 3 9 3 17 4 6 4 10 4 18 5 7 5 11 5 19 6 8 6 12 7 9 7 13 8 10 8 14 9 11 9 15 10 12 10 16 11 13 11 17 12 14 12 18 13 15 13 19 14 16 15 17 16 18 17 19
Circ20_2-7 20 40 0 2 0 7 0 13 0 18 1 3 1 8 1 14 1 19 2 4 2 9 2 15 3 5 3 10 3 16 4 6 4 11 4 17 5 7 5 12 5 18 6 8 6 13 6 19 7 9 7 14 8 10 8 15 9 11 9 16 10 12 10 17 11 13 11 18 12 14 12 19 13 15 14 16 15 17 16 18 17 19
Circ20_2-8 20 40 0 2 0 8 0 12 0 18 1 3 1 9 1 13 1 19 2 4 2 10 2 14 3 5 3 11 3 15 4 6 4 12 4 16 5 7 5 13 5 17 6 8 6 14 6 18 7 9 7 15 7 19 8 10 8 16 9 11 9 17 10 12 10 18 11 13 11 19 12 14 13 15 14 16 15 17 16 18 17 19
Circ20_2-10 20 30 0 2 0 10 0 18 1 3 1 11 1 19 2 4 2 12 3 5 3 13 4 6 4 14 5 7 5 15 6 8 6 16 7 9 7 17 8 10 8 18 9 11 9 19 10 12 11 13 12 14 13 15 14 16 15 17 16 18 17 19
Circ20_3-4 20 40 0 3 0 4 0 16 0 17 1 4 1 5 1 17 1 18 2 5 2 6 2 18 2 19 3 6 3 7 3 19 4 7 4 8 5 8 5 9 6 9 6 10 7 10 7 11 8 11 8 12 9 12 9 13 10 13 10 14 11 14 11 15 12 15 12 16 13 16 13 17 14 17 14 18 15 18 15 19 16 19
Circ20_3-5 20 40 0 3 0 5 0 15 0 17 1 4 1 6 1 16 1 18 2 5 2 7 2 17 2 19 3 6 3 8 3 18 4 7 4 9 4 19 5 8 5 10 6 9 6 11 7 10 7 12 8 11 8 13 9 12 9 14 10 13 10 15 11 14 11 16 12 15 12 17 13 16 13 18 14 17 14 19 15 18 16 19
Circ20_3-7 20 40 0 3 0 7 0 13 0 17 1 4 1 8 1 14 1 18 2 5 2 9 2 15 2 19 3 6 3 10 3 16 4 7 4 11 4 17 5 8 5 12 5 18 6 9 6 13 6 19 7 10 7 14 8 11 8 15 9 12 9 16 10 13 10 17 11 14 11 18 12 15 12 19 13 16 14 17 15 18 16 19
Circ20_3-8 20 40 0 3 0 8 0 12 0 17 1 4 1 9 1 13 1 18 2 5 2 10 2 14 2 19 3 6 3 11 3 15 4 7 4 12 4 16 5 8 5 13 5 17 6 9 6 14 6 18 7 10 7 15 7 19 8 11 8 16 9 12 9 17 10 13 10 18 11 14 11 19 12 15 13 16 14 17 15 18 16 19
Circ20_3-9 20 40 0 3 0 9 0 11 0 17 1 4 1 10 1 12 1 18 2 5 2 11 2 13 2 19 3 6 3 12 3 14 4 7 4 13 4 15 5 8 5 14 5 16 6 9 6 15 6 17 7 10 7 16 7 18 8 11 8 17 8 19 9 12 9 18 10 13 10 19 11 14 12 15 13 16 14 17 15 18 16 19
Circ20_3-10 20 30 0 3 0 10 0 17 1 4 1 11 1 18 2 5 2 12 2 19 3 6 3 13 4 7 4 14 5 8 5 15 6 9 6 16 7 10 7 17 8 11 8 18 9 12 9 19 10 13 11 14 12 15 13 16 14 17 15 18 16 19
Circ20_4-5 20 40 0 4 0 5 0 15 0 16 1 5 1 6 1 16 1 17 2 6 2 7 2 17 2 18 3 7 3 8 3 18 3 19 4 8 4 9 4 19 5 9 5 10 6 10 6 11 7 11 7 12 8 12 8 13 9 13 9 14 10 14 10 15 11 15 11 16 12 16 12 17 13 17 13 18 14 18 14 19 15 19
Circ20_4-6 20 40 0 4 0 6 0 14 0 16 1 5 1 7 1 15 1 17 2 6 2 8 2 16 2 18 3 7 3 9 3 17 3 19 4 8 4 10 4 18 5 9 5 11 5 19 6 10 6 12 7 11 7 13 8 12 8 14 9 13 9 15 10 14 10 16 11 15 11 17 12 16 12 18 13 17 13 19 14 18 15 19
Circ20_4-7 20 40 0 4 0 7 0 13 0 16 1 5 1 8 1 14 1 17 2 6 2 9 2 15 2 18 3 7 3 10 3 16 3 19 4 8 4 11 4 17 5 9 5 12 5 18 6 10 6 13 6 19 7 11 7 14 8 12 8 15 9 13 9 16 10 14 10 17 11 15 11 18 12 16 12 19 13 17 14 18 15 19
Circ20_4-9 20 40 0 4 0 9 0 11 0 16 1 5 1 10 1 12 1 17 2 6 2 11 2 13 2 18 3 7 3 12 3 14 3 19 4 8 4 13 4 15 5 9 5 14 5 16 6 10 6 15 6 17 7 11 7 16 7 18 8 12 8 17 8 19 9 13 9 18 10 14 10 19 11 15 12 16 13 17 14 18 15 19
Circ20_4-10 20 30 0 4 0 10 0 16 1 5 1 11 1 17 2 6 2 12 2 18 3 7 3 13 3 19 4 8 4 14 5 9 5 15 6 10 6 16 7 11 7 17 8 12 8 18 9 13 9 19 10 14 11 15 12 16 13 17 14 18 15 19
Circ20_5-6 20 40 0 5 0 6 0 14 0 15 1 6 1 7 1 15 1 16 2 7 2 8 2 16 2 17 3 8 3 9 3 17 3 18 4 9 4 10 4 18 4 19 5 10 5 11 5 19 6 11 6 12 7 12 7 13 8 13 8 14 9 14 9 15 10 15 10 16 11 16 11 17 12 17 12 18 13 18 13 19 14 19
Circ20_5-7 20 40 0 5 0 7 0 13 0 15 1 6 1 8 1 14 1 16 2 7 2 9 2 15 2 17 3 8 3 10 3 16 3 18 4 9 4 11 4 17 4 19 5 10 5 12 5 18 6 11 6 13 6 19 7 12 7 14 8 13 8 15 9 14 9 16 10 15 10 17 11 16 11 18 12 17 12 19 13 18 14 19
Circ20_5-8 20 40 0 5 0 8 0 12 0 15 1 6 1 9 1 13 1 16 2 7 2 10 2 14 2 17 3 8 3 11 3 15 3 18 4 9 4 12 4 16 4 19 5 10 5 13 5 17 6 11 6 14 6 18 7 12 7 15 7 19 8 13 8 16 9 14 9 17 10 15 10 18 11 16 11 19 12 17 13 18 14 19
Circ20_5-9 20 40 0 5 0 9 0 11 0 15 1 6 1 10 1 12 1 16 2 7 2 11 2 13 2 17 3 8 3 12 3 14 3 18 4 9 4 13 4 15 4 19 5 10 5 14 5 16 6 11 6 15 6 17 7 12 7 16 7 18 8 13 8 17 8 19 9 14 9 18 10 15 10 19 11 16 12 17 13 18 14 19
Circ20_6-9 20 40 0 6 0 9 0 11 0 14 1 7 1 10 1 12 1 15 2 8 2 11 2 13 2 16 3 9 3 12 3 14 3 17 4 10 4 13 4 15 4 18 5 11 5 14 5 16 5 19 6 12 6 15 6 17 7 13 7 16 7 18 8 14 8 17 8 19 9 15 9 18 10 16 10 19 11 17 12 18 13 19
Circ20_6-10 20 30 0 6 0 10 0 14 1 7 1 11 1 15 2 8 2 12 2 16 3 9 3 13 3 17 4 10 4 14 4 18 5 11 5 15 5 19 6 12 6 16 7 13 7 17 8 14 8 18 9 15 9 19 10 16 11 17 12 18 13 19
Circ20_7-8 20 40 0 7 0 8 0 12 0 13 1 8 1 9 1 13 1 14 2 9 2 10 2 14 2 15 3 10 3 11 3 15 3 16 4 11 4 12 4 16 4 17 5 12 5 13 5 17 5 18 6 13 6 14 6 18 6 19 7 14 7 15 7 19 8 15 8 16 9 16 9 17 10 17 10 18 11 18 11 19 12 19
Circ20_7-9 20 40 0 7 0 9 0 11 0 13 1 8 1 10 1 12 1 14 2 9 2 11 2 13 2 15 3 10 3 12 3 14 3 16 4 11 4 13 4 15 4 17 5 12 5 14 5 16 5 18 6 13 6 15 6 17 6 19 7 14 7 16 7 18 8 15 8 17 8 19 9 16 9 18 10 17 10 19 11 18 12 19
Circ20_7-10 20 30 0 7 0 10 0 13 1 8 1 11 1 14 2 9 2 12 2 15 3 10 3 13 3 16 4 11 4 14 4 17 5 12 5 15 5 18 6 13 6 16 6 19 7 14 7 17 8 15 8 18 9 16 9 19 10 17 11 18 12 19
Circ20_8-9 20 40 0 8 0 9 0 11 0 12 1 9 1 10 1 12 1 13 2 10 2 11 2 13 2 14 3 11 3 12 3 14 3 15 4 12 4 13 4 15 4 16 5 13 5 14 5 16 5 17 6 14 6 15 6 17 6 18 7 15 7 16 7 18 7 19 8 16 8 17 8 19 9 17 9 18 10 18 10 19 11 19
Circ20_8-10 20 30 0 8 0 10 0 12 1 9 1 11 1 13 2 10 2 12 2 14 3 11 3 13 3 15 4 12 4 14 4 16 5 13 5 15 5 17 6 14 6 16 6 18 7 15 7 17 7 19 8 16 8 18 9 17 9 19 10 18 11 19
Circ20_9-10 20 30 0 9 0 10 0 11 1 10 1 11 1 12 2 11 2 12 2 13 3 12 3 13 3 14 4 13 4 14 4 15 5 14 5 15 5 16 6 15 6 16 6 17 7 16 7 17 7 18 8 17 8 18 8 19 9 18 9 19 10 19
Circ20_1-3-5 20 60 0 1 0 3 0 5 0 15 0 17 0 19 1 2 1 4 1 6 1 16 1 18 2 3 2 5 2 7 2 17 2 19 3 4 3 6 3 8 3 18 4 5 4 7 4 9 4 19 5 6 5 8 5 10 6 7 6 9 6 11 7 8 7 10 7 12 8 9 8 11 8 13 9 10 9 12 9 14 10 11 10 13 10 15 11 12 11 14 11 16 12 13 12 15 12 17 13 14 13 16 13 18 14 15 14 17 14 19 15 16 15 18 16 17 16 19 17 18 18 19
Circ20_1-3-7 20 60 0 1 0 3 0 7 0 13 0 17 0 19 1 2 1 4 1 8 1 14 1 18 2 3 2 5 2 9 2 15 2 19 3 4 3 6 3 10 3 16 4 5 4 7 4 11 4 17 5 6 5 8 5 12 5 18 6 7 6 9 6 13 6 19 7 8 7 10 7 14 8 9 8 11 8 15 9 10 9 12 9 16 10 11 10 13 10 17 11 12 11 14 11 18 12 13 12 15 12 19 13 14 13 16 14 15 14 17 15 16 15 18 16 17 16 19 17 18 18 19
Circ20_1-3-8 20 60 0 1 0 3 0 8 0 12 0 17 0 19 1 2 1 4 1 9 1 13 1 18 2 3 2 5 2 10 2 14 2 19 3 4 3 6 3 11 3 15 4 5 4 7 4 12 4 16 5 6 5 8 5 13 5 17 6 7 6 9 6 14 6 18 7 8 7 10 7 15 7 19 8 9 8 11 8 16 9 10 9 12 9 17 10 11 10 13 10 18 11 12 11 14 11 19 12 13 12 15 13 14 13 16 14 15 14 17 15 16 15 18 16 17 16 19 17 18 18 19
Circ20_1-3-9 20 60 0 1 0 3 0 9 0 11 0 17 0 19 1 2 1 4 1 10 1 12 1 18 2 3 2 5 2 11 2 13 2 19 3 4 3 6 3 12 3 14 4 5 4 7 4 13 4 15 5 6 5 8 5 14 5 16 6 7 6 9 6 15 6 17 7 8 7 10 7 16 7 18 8 9 8 11 8 17 8 19 9 10 9 12 9 18 10 11 10 13 10 19 11 12 11 14 12 13 12 15 13 14 13 16 14 15 14 17 15 16 15 18 16 17 16 19 17 18 18 19
Circ20_1-3-10 20 50 0 1 0 3 0 10 0 17 0 19 1 2 1 4 1 11 1 18 2 3 2 5 2 12 2 19 3 4 3 6 3 13 4 5 4 7 4 14 5 6 5 8 5 15 6 7 6 9 6 16 7 8 7 10 7 17 8 9 8 11 8 18 9 10 9 12 9 19 10 11 10 13 11 12 11 14 12 13 12 15 13 14 13 16 14 15 14 17 15 16 15 18 16 17 16 19 17 18 18 19
Circ20_1-4-6 20 60 0 1 0 4 0 6 0 14 0 16 0 19 1 2 1 5 1 7 1 15 1 17 2 3 2 6 2 8 2 16 2 18 3 4 3 7 3 9 3 17 3 19 4 5 4 8 4 10 4 18 5 6 5 9 5 11 5 19 6 7 6 10 6 12 7 8 7 11 7 13 8 9 8 12 8 14 9 10 9 13 9 15 10 11 10 14 10 16 11 12 11 15 11 17 12 13 12 16 12 18 13 14 13 17 13 19 14 15 14 18 15 16 15 19 16 17 17 18 18 19
Circ20_1-4-7 20 60 0 1 0 4 0 7 0 13 0 16 0 19 1 2 1 5 1 8 1 14 1 17 2 3 2 6 2 9 2 15 2 18 3 4 3 7 3 10 3 16 3 19 4 5 4 8 4 11 4 17 5 6 5 9 5 12 5 18 6 7 6 10 6 13 6 19 7 8 7 11 7 14 8 9 8 12 8 15 9 10 9 13 9 16 10 11 10 14 10 17 11 12 11 15 11 18 12 13 12 16 12 19 13 14 13 17 14 15 14 18 15 16 15 19 16 17 17 18 18 19
Circ20_1-4-9 20 60 0 1 0 4 0 9 0 11 0 16 0 19 1 2 1 5 1 10 1 12 1 17 2 3 2 6 2 11 2 13 2 18 3 4 3 7 3 12 3 14 3 19 4 5 4 8 4 13 4 15 5 6 5 9 5 14 5 16 6 7 6 10 6 15 6 17 7 8 7 11 7 16 7 18 8 9 8 12 8 17 8 19 9 10 9 13 9 18 10 11 10 14 10 19 11 12 11 15 12 13 12 16 13 14 13 17 14 15 14 18 15 16 15 19 16 17 17 18 18 19
Circ20_1-4-10 20 50 0 1 0 4 0 10 0 16 0 19 1 2 1 5 1 11 1 17 2 3 2 6 2 12 2 18 3 4 3 7 3 13 3 19 4 5 4 8 4 14 5 6 5 9 5 15 6 7 6 10 6 16 7 8 7 11 7 17 8 9 8 12 8 18 9 10 9 13 9 19 10 11 10 14 11 12 11 15 12 13 12 16 13 14 13 17 14 15 14 18 15 16 15 19 16 17 17 18 18 19
Circ20_1-5-7 20 60 0 1 0 5 0 7 0 13 0 15 0 19 1 2 1 6 1 8 1 14 1 16 2 3 2 7 2 9 2 15 2 17 3 4 3 8 3 10 3 16 3 18 4 5 4 9 4 11 4 17 4 19 5 6 5 10 5 12 5 18 6 7 6 11 6 13 6 19 7 8 7 12 7 14 8 9 8 13 8 15 9 10 9 14 9 16 10 11 10 15 10 17 11 12 11 16 11 18 12 13 12 17 12 19 13 14 13 18 14 15 14 19 15 16 16 17 17 18 18 19
Circ20_1-5-8 20 60 0 1 0 5 0 8 0 12 0 15 0 19 1 2 1 6 1 9 1 13 1 16 2 3 2 7 2 10 2 14 2 17 3 4 3 8 3 11 3 15 3 18 4 5 4 9 4 12 4 16 4 19 5 6 5 10 5 13 5 17 6 7 6 11 6 14 6 18 7 8 7 12 7 15 7 19 8 9 8 13 8 16 9 10 9 14 9 17 10 11 10 15 10 18 11 12 11 16 11 19 12 13 12 17 13 14 13 18 14 15 14 19 15 16 16 17 17 18 18 19
Circ20_1-5-9 20 60 0 1 0 5 0 9 0 11 0 15 0 19 1 2 1 6 1 10 1 12 1 16 2 3 2 7 2 11 2 13 2 17 3 4 3 8 3 12 3 14 3 18 4 5 4 9 4 13 4 15 4 19 5 6 5 10 5 14 5 16 6 7 6 11 6 15 6 17 7 8 7 12 7 16 7 18 8 9 8 13 8 17 8 19 9 10 9 14 9 18 10 11 10 15 10 19 11 12 11 16 12 13 12 17 13 14 13 18 14 15 14 19 15 16 16 17 17 18 18 19
Circ20_1-6-9 20 60 0 1 0 6 0 9 0 11 0 14 0 19 1 2 1 7 1 10 1 12 1 15 2 3 2 8 2 11 2 13 2 16 3 4 3 9 3 12 3 14 3 17 4 5 4 10 4 13 4 15 4 18 5 6 5 11 5 14 5 16 5 19 6 7 6 12 6 15 6 17 7 8 7 13 7 16 7 18 8 9 8 14 8 17 8 19 9 10 9 15 9 18 10 11 10 16 10 19 11 12 11 17 12 13 12 18 13 14 13 19 14 15 15 16 16 17 17 18 18 19
Circ20_1-6-10 20 50 0 1 0 6 0 10 0 14 0 19 1 2 1 7 1 11 1 15 2 3 2 8 2 12 2 16 3 4 3 9 3 13 3 17 4 5 4 10 4 14 4 18 5 6 5 11 5 15 5 19 6 7 6 12 6 16 7 8 7 13 7 17 8 9 8 14 8 18 9 10 9 15 9 19 10 11 10 16 11 12 11 17 12 13 12 18 13 14 13 19 14 15 15 16 16 17 17 18 18 19
Circ20_1-7-9 20 60 0 1 0 7 0 9 0 11 0 13 0 19 1 2 1 8 1 10 1 12 1 14 2 3 2 9 2 11 2 13 2 15 3 4 3 10 3 12 3 14 3 16 4 5 4 11 4 13 4 15 4 17 5 6 5 12 5 14 5 16 5 18 6 7 6 13 6 15 6 17 6 19 7 8 7 14 7 16 7 18 8 9 8 15 8 17 8 19 9 10 9 16 9 18 10 11 10 17 10 19 11 12 11 18 12 13 12 19 13 14 14 15 15 16 16 17 17 18 18 19
Circ20_1-7-10 20 50 0 1 0 7 0 10 0 13 0 19 1 2 1 8 1 11 1 14 2 3 2 9 2 12 2 15 3 4 3 10 3 13 3 16 4 5 4 11 4 14 4 17 5 6 5 12 5 15 5 18 6 7 6 13 6 16 6 19 7 8 7 14 7 17 8 9 8 15 8 18 9 10 9 16 9 19 10 11 10 17 11 12 11 18 12 13 12 19 13 14 14 15 15 16 16 17 17 18 18 19
Circ20_1-8-10 20 50 0 1 0 8 0 10 0 12 0 19 1 2 1 9 1 11 1 13 2 3 2 10 2 12 2 14 3 4 3 11 3 13 3 15 4 5 4 12 4 14 4 16 5 6 5 13 5 15 5 17 6 7 6 14 6 16 6 18 7 8 7 15 7 17 7 19 8 9 8 16 8 18 9 10 9 17 9 19 10 11 10 18 11 12 11 19 12 13 13 14 14 15 15 16 16 17 17 18 18 19
Circ20_2-3-7 20 60 0 2 0 3 0 7 0 13 0 17 0 18 1 3 1 4 1 8 1 14 1 18 1 19 2 4 2 5 2 9 2 15 2 19 3 5 3 6 3 10 3 16 4 6 4 7 4 11 4 17 5 7 5 8 5 12 5 18 6 8 6 9 6 13 6 19 7 9 7 10 7 14 8 10 8 11 8 15 9 11 9 12 9 16 10 12 10 13 10 17 11 13 11 14 11 18 12 14 12 15 12 19 13 15 13 16 14 16 14 17 15 17 15 18 16 18 16 19 17 19
Circ20_2-3-8 20 60 0 2 0 3 0 8 0 12 0 17 0 18 1 3 1 4 1 9 1 13 1 18 1 19 2 4 2 5 2 10 2 14 2 19 3 5 3 6 3 11 3 15 4 6 4 7 4 12 4 16 5 7 5 8 5 13 5 17 6 8 6 9 6 14 6 18 7 9 7 10 7 15 7 19 8 10 8 11 8 16 9 11 9 12 9 17 10 12 10 13 10 18 11 13 11 14 11 19 12 14 12 15 13 15 13 16 14 16 14 17 15 17 15 18 16 18 16 19 17 19
Circ20_2-3-10 20 50 0 2 0 3 0 10 0 17 0 18 1 3 1 4 1 11 1 18 1 19 2 4 2 5 2 12 2 19 3 5 3 6 3 13 4 6 4 7 4 14 5 7 5 8 5 15 6 8 6 9 6 16 7 9 7 10 7 17 8 10 8 11 8 18 9 11 9 12 9 19 10 12 10 13 11 13 11 14 12 14 12 15 13 15 13 16 14 16 14 17 15 17 15 18 16 18 16 19 17 19
Circ20_2-5-6 20 60 0 2 0 5 0 6 0 14 0 15 0 18 1 3 1 6 1 7 1 15 1 16 1 19 2 4 2 7 2 8 2 16 2 17 3 5 3 8 3 9 3 17 3 18 4 6 4 9 4 10 4 18 4 19 5 7 5 10 5 11 5 19 6 8 6 11 6 12 7 9 7 12 7 13 8 10 8 13 8 14 9 11 9 14 9 15 10 12 10 15 10 16 11 13 11 16 11 17 12 14 12 17 12 18 13 15 13 18 13 19 14 16 14 19 15 17 16 18 17 19
Circ20_2-5-8 20 60 0 2 0 5 0 8 0 12 0 15 0 18 1 3 1 6 1 9 1 13 1 16 1 19 2 4 2 7 2 10 2 14 2 17 3 5 3 8 3 11 3 15 3 18 4 6 4 9 4 12 4 16 4 19 5 7 5 10 5 13 5 17 6 8 6 11 6 14 6 18 7 9 7 12 7 15 7 19 8 10 8 13 8 16 9 11 9 14 9 17 10 12 10 15 10 18 11 13 11 16 11 19 12 14 12 17 13 15 13 18 14 16 14 19 15 17 16 18 17 19
Circ20_2-6-10 20 50 0 2 0 6 0 10 0 14 0 18 1 3 1 7 1 11 1 15 1 19 2 4 2 8 2 12 2 16 3 5 3 9 3 13 3 17 4 6 4 10 4 14 4 18 5 7 5 11 5 15 5 19 6 8 6 12 6 16 7 9 7 13 7 17 8 10 8 14 8 18 9 11 9 15 9 19 10 12 10 16 11 13 11 17 12 14 12 18 13 15 13 19 14 16 15 17 16 18 17 19
Circ20_2-7-8 20 60 0 2 0 7 0 8 0 12 0 13 0 18 1 3 1 8 1 9 1 13 1 14 1 19 2 4 2 9 2 10 2 14 2 15 3 5 3 10 3 11 3 15 3 16 4 6 4 11 4 12 4 16 4 17 5 7 5 12 5 13 5 17 5 18 6 8 6 13 6 14 6 18 6 19 7 9 7 14 7 15 7 19 8 10 8 15 8 16 9 11 9 16 9 17 10 12 10 17 10 18 11 13 11 18 11 19 12 14 12 19 13 15 14 16 15 17 16 18 17 19
Circ20_2-7-10 20 50 0 2 0 7 0 10 0 13 0 18 1 3 1 8 1 11 1 14 1 19 2 4 2 9 2 12 2 15 3 5 3 10 3 13 3 16 4 6 4 11 4 14 4 17 5 7 5 12 5 15 5 18 6 8 6 13 6 16 6 19 7 9 7 14 7 17 8 10 8 15 8 18 9 11 9 16 9 19 10 12 10 17 11 13 11 18 12 14 12 19 13 15 14 16 15 17 16 18 17 19
Circ20_3-4-5 20 60 0 3 0 4 0 5 0 15 0 16 0 17 1 4 1 5 1 6 1 16 1 17 1 18 2 5 2 6 2 7 2 17 2 18 2 19 3 6 3 7 3 8 3 18 3 19 4 7 4 8 4 9 4 19 5 8 5 9 5 10 6 9 6 10 6 11 7 10 7 11 7 12 8 11 8 12 8 13 9 12 9 13 9 14 10 13 10 14 10 15 11 14 11 15 11 16 12 15 12 16 12 17 13 16 13 17 13 18 14 17 14 18 14 19 15 18 15 19 16 19
Circ20_3-4-9 20 60 0 3 0 4 0 9 0 11 0 16 0 17 1 4 1 5 1 10 1 12 1 17 1 18 2 5 2 6 2 11 2 13 2 18 2 19 3 6 3 7 3 12 3 14 3 19 4 7 4 8 4 13 4 15 5 8 5 9 5 14 5 16 6 9 6 10 6 15 6 17 7 10 7 11 7 16 7 18 8 11 8 12 8 17 8 19 9 12 9 13 9 18 10 13 10 14 10 19 11 14 11 15 12 15 12 16 13 16 13 17 14 17 14 18 15 18 15 19 16 19
Circ20_3-4-10 20 50 0 3 0 4 0 10 0 16 0 17 1 4 1 5 1 11 1 17 1 18 2 5 2 6 2 12 2 18 2 19 3 6 3 7 3 13 3 19 4 7 4 8 4 14 5 8 5 9 5 15 6 9 6 10 6 16 7 10 7 11 7 17 8 11 8 12 8 18 9 12 9 13 9 19 10 13 10 14 11 14 11 15 12 15 12 16 13 16 13 17 14 17 14 18 15 18 15 19 16 19
Circ20_3-5-7 20 60 0 3 0 5 0 7 0 13 0 15 0 17 1 4 1 6 1 8 1 14 1 16 1 18 2 5 2 7 2 9 2 15 2 17 2 19 3 6 3 8 3 10 3 16 3 18 4 7 4 9 4 11 4 17 4 19 5 8 5 10 5 12 5 18 6 9 6 11 6 13 6 19 7 10 7 12 7 14 8 11 8 13 8 15 9 12 9 14 9 16 10 13 10 15 10 17 11 14 11 16 11 18 12 15 12 17 12 19 13 16 13 18 14 17 14 19 15 18 16 19
Circ20_3-5-9 20 60 0 3 0 5 0 9 0 11 0 15 0 17 1 4 1 6 1 10 1 12 1 16 1 18 2 5 2 7 2 11 2 13 2 17 2 19 3 6 3 8 3 12 3 14 3 18 4 7 4 9 4 13 4 15 4 19 5 8 5 10 5 14 5 16 6 9 6 11 6 15 6 17 7 10 7 12 7 16 7 18 8 11 8 13 8 17 8 19 9 12 9 14 9 18 10 13 10 15 10 19 11 14 11 16 12 15 12 17 13 16 13 18 14 17 14 19 15 18 16 19
Circ20_3-7-8 20 60 0 3 0 7 0 8 0 12 0 13 0 17 1 4 1 8 1 9 1 13 1 14 1 18 2 5 2 9 2 10 2 14 2 15 2 19 3 6 3 10 3 11 3 15 3 16 4 7 4 11 4 12 4 16 4 17 5 8 5 12 5 13 5 17 5 18 6 9 6 13 6 14 6 18 6 19 7 10 7 14 7 15 7 19 8 11 8 15 8 16 9 12 9 16 9 17 10 13 10 17 10 18 11 14 11 18 11 19 12 15 12 19 13 16 14 17 15 18 16 19
Circ20_3-7-9 20 60 0 3 0 7 0 9 0 11 0 13 0 17 1 4 1 8 1 10 1 12 1 14 1 18 2 5 2 9 2 11 2 13 2 15 2 19 3 6 3 10 3 12 3 14 3 16 4 7 4 11 4 13 4 15 4 17 5 8 5 12 5 14 5 16 5 18 6 9 6 13 6 15 6 17 6 19 7 10 7 14 7 16 7 18 8 11 8 15 8 17 8 19 9 12 9 16 9 18 10 13 10 17 10 19 11 14 11 18 12 15 12 19 13 16 14 17 15 18 16 19
Circ20_3-8-10 20 50 0 3 0 8 0 10 0 12 0 17 1 4 1 9 1 11 1 13 1 18 2 5 2 10 2 12 2 14 2 19 3 6 3 11 3 13 3 15 4 7 4 12 4 14 4 16 5 8 5 13 5 15 5 17 6 9 6 14 6 16 6 18 7 10 7 15 7 17 7 19 8 11 8 16 8 18 9 12 9 17 9 19 10 13 10 18 11 14 11 19 12 15 13 16 14 17 15 18 16 19
Circ20_3-9-10 20 50 0 3 0 9 0 10 0 11 0 17 1 4 1 10 1 11 1 12 1 18 2 5 2 11 2 12 2 13 2 19 3 6 3 12 3 13 3 14 4 7 4 13 4 14 4 15 5 8 5 14 5 15 5 16 6 9 6 15 6 16 6 17 7 10 7 16 7 17 7 18 8 11 8 17 8 18 8 19 9 12 9 18 9 19 10 13 10 19 11 14 12 15 13 16 14 17 15 18 16 19
Circ20_4-5-6 20 60 0 4 0 5 0 6 0 14 0 15 0 16 1 5 1 6 1 7 1 15 1 16 1 17 2 6 2 7 2 8 2 16 2 17 2 18 3 7 3 8 3 9 3 17 3 18 3 19 4 8 4 9 4 10 4 18 4 19 5 9 5 10 5 11 5 19 6 10 6 11 6 12 7 11 7 12 7 13 8 12 8 13 8 14 9 13 9 14 9 15 10 14 10 15 10 16 11 15 11 16 11 17 12 16 12 17 12 18 13 17 13 18 13 19 14 18 14 19 15 19
Circ20_4-5-7 20 60 0 4 0 5 0 7 0 13 0 15 0 16 1 5 1 6 1 8 1 14 1 16 1 17 2 6 2 7 2 9 2 15 2 17 2 18 3 7 3 8 3 10 3 16 3 18 3 19 4 8 4 9 4 11 4 17 4 19 5 9 5 10 5 12 5 18 6 10 6 11 6 13 6 19 7 11 7 12 7 14 8 12 8 13 8 15 9 13 9 14 9 16 10 14 10 15 10 17 11 15 11 16 11 18 12 16 12 17 12 19 13 17 13 18 14 18 14 19 15 19
Circ20_4-6-9 20 60 0 4 0 6 0 9 0 11 0 14 0 16 1 5 1 7 1 10 1 12 1 15 1 17 2 6 2 8 2 11 2 13 2 16 2 18 3 7 3 9 3 12 3 14 3 17 3 19 4 8 4 10 4 13 4 15 4 18 5 9 5 11 5 14 5 16 5 19 6 10 6 12 6 15 6 17 7 11 7 13 7 16 7 18 8 12 8 14 8 17 8 19 9 13 9 15 9 18 10 14 10 16 10 19 11 15 11 17 12 16 12 18 13 17 13 19 14 18 15 19
Circ20_4-7-10 20 50 0 4 0 7 0 10 0 13 0 16 1 5 1 8 1 11 1 14 1 17 2 6 2 9 2 12 2 15 2 18 3 7 3 10 3 13 3 16 3 19 4 8 4 11 4 14 4 17 5 9 5 12 5 15 5 18 6 10 6 13 6 16 6 19 7 11 7 14 7 17 8 12 8 15 8 18 9 13 9 16 9 19 10 14 10 17 11 15 11 18 12 16 12 19 13 17 14 18 15 19
Circ20_4-9-10 20 50 0 4 0 9 0 10 0 11 0 16 1 5 1 10 1 11 1 12 1 17 2 6 2 11 2 12 2 13 2 18 3 7 3 12 3 13 3 14 3 19 4 8 4 13 4 14 4 15 5 9 5 14 5 15 5 16 6 10 6 15 6 16 6 17 7 11 7 16 7 17 7 18 8 12 8 17 8 18 8 19 9 13 9 18 9 19 10 14 10 19 11 15 12 16 13 17 14 18 15 19
Circ20_5-7-9 20 60 0 5 0 7 0 9 0 11 0 13 0 15 1 6 1 8 1 10 1 12 1 14 1 16 2 7 2 9 2 11 2 13 2 15 2 17 3 8 3 10 3 12 3 14 3 16 3 18 4 9 4 11 4 13 4 15 4 17 4 19 5 10 5 12 5 14 5 16 5 18 6 11 6 13 6 15 6 17 6 19 7 12 7 14 7 16 7 18 8 13 8 15 8 17 8 19 9 14 9 16 9 18 10 15 10 17 10 19 11 16 11 18 12 17 12 19 13 18 14 19
Circ20_5-8-9 20 60 0 5 0 8 0 9 0 11 0 12 0 15 1 6 1 9 1 10 1 12 1 13 1 16 2 7 2 10 2 11 2 13 2 14 2 17 3 8 3 11 3 12 3 14 3 15 3 18 4 9 4 12 4 13 4 15 4 16 4 19 5 10 5 13 5 14 5 16 5 17 6 11 6 14 6 15 6 17 6 18 7 12 7 15 7 16 7 18 7 19 8 13 8 16 8 17 8 19 9 14 9 17 9 18 10 15 10 18 10 19 11 16 11 19 12 17 13 18 14 19
Circ20_6-9-10 20 50 0 6 0 9 0 10 0 11 0 14 1 7 1 10 1 11 1 12 1 15 2 8 2 11 2 12 2 13 2 16 3 9 3 12 3 13 3 14 3 17 4 10 4 13 4 14 4 15 4 18 5 11 5 14 5 15 5 16 5 19 6 12 6 15 6 16 6 17 7 13 7 16 7 17 7 18 8 14 8 17 8 18 8 19 9 15 9 18 9 19 10 16 10 19 11 17 12 18 13 19
Circ20_7-8-9 20 60 0 7 0 8 0 9 0 11 0 12 0 13 1 8 1 9 1 10 1 12 1 13 1 14 2 9 2 10 2 11 2 13 2 14 2 15 3 10 3 11 3 12 3 14 3 15 3 16 4 11 4 12 4 13 4 15 4 16 4 17 5 12 5 13 5 14 5 16 5 17 5 18 6 13 6 14 6 15 6 17 6 18 6 19 7 14 7 15 7 16 7 18 7 19 8 15 8 16 8 17 8 19 9 16 9 17 9 18 10 17 10 18 10 19 11 18 11 19 12 19
Circ20_7-8-10 20 50 0 7 0 8 0 10 0 12 0 13 1 8 1 9 1 11 1 13 1 14 2 9 2 10 2 12 2 14 2 15 3 10 3 11 3 13 3 15 3 16 4 11 4 12 4 14 4 16 4 17 5 12 5 13 5 15 5 17 5 18 6 13 6 14 6 16 6 18 6 19 7 14 7 15 7 17 7 19 8 15 8 16 8 18 9 16 9 17 9 19 10 17 10 18 11 18 11 19 12 19
Circ20_7-9-10 20 50 0 7 0 9 0 10 0 11 0 13 1 8 1 10 1 11 1 12 1 14 2 9 2 11 2 12 2 13 2 15 3 10 3 12 3 13 3 14 3 16 4 11 4 13 4 14 4 15 4 17 5 12 5 14 5 15 5 16 5 18 6 13 6 15 6 16 6 17 6 19 7 14 7 16 7 17 7 18 8 15 8 17 8 18 8 19 9 16 9 18 9 19 10 17 10 19 11 18 12 19
Circ20_8-9-10 20 50 0 8 0 9 0 10 0 11 0 12 1 9 1 10 1 11 1 12 1 13 2 10 2 11 2 12 2 13 2 14 3 11 3 12 3 13 3 14 3 15 4 12 4 13 4 14 4 15 4 16 5 13 5 14 5 15 5 16 5 17 6 14 6 15 6 16 6 17 6 18 7 15 7 16 7 17 7 18 7 19 8 16 8 17 8 18 8 19 9 17 9 18 9 19 10 18 10 19 11 19
Circ20_1-3-5-7 20 80 0 1 0 3 0 5 0 7 0 13 0 15 0 17 0 19 1 2 1 4 1 6 1 8 1 14 1 16 1 18 2 3 2 5 2 7 2 9 2 15 2 17 2 19 3 4 3 6 3 8 3 10 3 16 3 18 4 5 4 7 4 9 4 11 4 17 4 19 5 6 5 8 5 10 5 12 5 18 6 7 6 9 6 11 6 13 6 19 7 8 7 10 7 12 7 14 8 9 8 11 8 13 8 15 9 10 9 12 9 14 9 16 10 11 10 13 10 15 10 17 11 12 11 14 11 16 11 18 12 13 12 15 12 17 12 19 13 14 13 16 13 18 14 15 14 17 14 19 15 16 15 18 16 17 16 19 17 18 18 19
Circ20_1-3-5-9 20 80 0 1 0 3 0 5 0 9 0 11 0 15 0 17 0 19 1 2 1 4 1 6 1 10 1 12 1 16 1 18 2 3 2 5 2 7 2 11 2 13 2 17 2 19 3 4 3 6 3 8 3 12 3 14 3 18 4 5 4 7 4 9 4 13 4 15 4 19 5 6 5 8 5 10 5 14 5 16 6 7 6 9 6 11 6 15 6 17 7 8 7 10 7 12 7 16 7 18 8 9 8 11 8 13 8 17 8 19 9 10 9 12 9 14 9 18 10 11 10 13 10 15 10 19 11 12 11 14 11 16 12 13 12 15 12 17 13 14 13 16 13 18 14 15 14 17 14 19 15 16 15 18 16 17 16 19 17 18 18 19
Circ20_1-3-7-9 20 80 0 1 0 3 0 7 0 9 0 11 0 13 0 17 0 19 1 2 1 4 1 8 1 10 1 12 1 14 1 18 2 3 2 5 2 9 2 11 2 13 2 15 2 19 3 4 3 6 3 10 3 12 3 14 3 16 4 5 4 7 4 11 4 13 4 15 4 17 5 6 5 8 5 12 5 14 5 16 5 18 6 7 6 9 6 13 6 15 6 17 6 19 7 8 7 10 7 14 7 16 7 18 8 9 8 11 8 15 8 17 8 19 9 10 9 12 9 16 9 18 10 11 10 13 10 17 10 19 11 12 11 14 11 18 12 13 12 15 12 19 13 14 13 16 14 15 14 17 15 16 15 18 16 17 16 19 17 18 18 19
Circ20_1-3-8-10 20 70 0 1 0 3 0 8 0 10 0 12 0 17 0 19 1 2 1 4 1 9 1 11 1 13 1 18 2 3 2 5 2 10 2 12 2 14 2 19 3 4 3 6 3 11 3 13 3 15 4 5 4 7 4 12 4 14 4 16 5 6 5 8 5 13 5 15 5 17 6 7 6 9 6 14 6 16 6 18 7 8 7 10 7 15 7 17 7 19 8 9 8 11 8 16 8 18 9 10 9 12 9 17 9 19 10 11 10 13 10 18 11 12 11 14 11 19 12 13 12 15 13 14 13 16 14 15 14 17 15 16 15 18 16 17 16 19 17 18 18 19
Circ20_1-4-6-9 20 80 0 1 0 4 0 6 0 9 0 11 0 14 0 16 0 19 1 2 1 5 1 7 1 10 1 12 1 15 1 17 2 3 2 6 2 8 2 11 2 13 2 16 2 18 3 4 3 7 3 9 3 12 3 14 3 17 3 19 4 5 4 8 4 10 4 13 4 15 4 18 5 6 5 9 5 11 5 14 5 16 5 19 6 7 6 10 6 12 6 15 6 17 7 8 7 11 7 13 7 16 7 18 8 9 8 12 8 14 8 17 8 19 9 10 9 13 9 15 9 18 10 11 10 14 10 16 10 19 11 12 11 15 11 17 12 13 12 16 12 18 13 14 13 17 13 19 14 15 14 18 15 16 15 19 16 17 17 18 18 19
Circ20_1-5-7-9 20 80 0 1 0 5 0 7 0 9 0 11 0 13 0 15 0 19 1 2 1 6 1 8 1 10 1 12 1 14 1 16 2 3 2 7 2 9 2 11 2 13 2 15 2 17 3 4 3 8 3 10 3 12 3 14 3 16 3 18 4 5 4 9 4 11 4 13 4 15 4 17 4 19 5 6 5 10 5 12 5 14 5 16 5 18 6 7 6 11 6 13 6 15 6 17 6 19 7 8 7 12 7 14 7 16 7 18 8 9 8 13 8 15 8 17 8 19 9 10 9 14 9 16 9 18 10 11 10 15 10 17 10 19 11 12 11 16 11 18 12 13 12 17 12 19 13 14 13 18 14 15 14 19 15 16 16 17 17 18 18 19
Circ20_2-3-7-8 20 80 0 2 0 3 0 7 0 8 0 12 0 13 0 17 0 18 1 3 1 4 1 8 1 9 1 13 1 14 1 18 1 19 2 4 2 5 2 9 2 10 2 14 2 15 2 19 3 5 3 6 3 10 3 11 3 15 3 16 4 6 4 7 4 11 4 12 4 16 4 17 5 7 5 8 5 12 5 13 5 17 5 18 6 8 6 9 6 13 6 14 6 18 6 19 7 9 7 10 7 14 7 15 7 19 8 10 8 11 8 15 8 16 9 11 9 12 9 16 9 17 10 12 10 13 10 17 10 18 11 13 11 14 11 18 11 19 12 14 12 15 12 19 13 15 13 16 14 16 14 17 15 17 15 18 16 18 16 19 17 19
Circ20_3-4-9-10 20 70 0 3 0 4 0 9 0 10 0 11 0 16 0 17 1 4 1 5 1 10 1 11 1 12 1 17 1 18 2 5 2 6 2 11 2 12 2 13 2 18 2 19 3 6 3 7 3 12 3 13 3 14 3 19 4 7 4 8 4 13 4 14 4 15 5 8 5 9 5 14 5 15 5 16 6 9 6 10 6 15 6 16 6 17 7 10 7 11 7 16 7 17 7 18 8 11 8 12 8 17 8 18 8 19 9 12 9 13 9 18 9 19 10 13 10 14 10 19 11 14 11 15 12 15 12 16 13 16 13 17 14 17 14 18 15 18 15 19 16 19
Circ20_3-5-7-9 20 80 0 3 0 5 0 7 0 9 0 11 0 13 0 15 0 17 1 4 1 6 1 8 1 10 1 12 1 14 1 16 1 18 2 5 2 7 2 9 2 11 2 13 2 15 2 17 2 19 3 6 3 8 3 10 3 12 3 14 3 16 3 18 4 7 4 9 4 11 4 13 4 15 4 17 4 19 5 8 5 10 5 12 5 14 5 16 5 18 6 9 6 11 6 13 6 15 6 17 6 19 7 10 7 12 7 14 7 16 7 18 8 11 8 13 8 15 8 17 8 19 9 12 9 14 9 16 9 18 10 13 10 15 10 17 10 19 11 14 11 16 11 18 12 15 12 17 12 19 13 16 13 18 14 17 14 19 15 18 16 19
Circ20_7-8-9-10 20 70 0 7 0 8 0 9 0 10 0 11 0 12 0 13 1 8 1 9 1 10 1 11 1 12 1 13 1 14 2 9 2 10 2 11 2 12 2 13 2 14 2 15 3 10 3 11 3 12 3 13 3 14 3 15 3 16 4 11 4 12 4 13 4 14 4 15 4 16 4 17 5 12 5 13 5 14 5 15 5 16 5 17 5 18 6 13 6 14 6 15 6 16 6 17 6 18 6 19 7 14 7 15 7 16 7 17 7 18 7 19 8 15 8 16 8 17 8 18 8 19 9 16 9 17 9 18 9 19 10 17 10 18 10 19 11 18 11 19 12 19
Circ21_2 21 21 0 2 0 19 1 3 1 20 2 4 3 5 4 6 5 7 6 8 7 9 8 10 9 11 10 12 11 13 12 14 13 15 14 16 15 17 16 18 17 19 18 20
Circ21_3 21 21 0 3 0 18 1 4 1 19 2 5 2 20 3 6 4 7 5 8 6 9 7 10 8 11 9 12 10 13 11 14 12 15 13 16 14 17 15 18 16 19 17 20
Circ21_4 21 21 0 4 0 17 1 5 1 18 2 6 2 19 3 7 3 20 4 8 5 9 6 10 7 11 8 12 9 13 10 14 11 15 12 16 13 17 14 18 15 19 16 20
Circ21_5 21 21 0 5 0 16 1 6 1 17 2 7 2 18 3 8 3 19 4 9 4 20 5 10 6 11 7 12 8 13 9 14 10 15 11 16 12 17 13 18 14 19 15 20
Circ21_6 21 21 0 6 0 15 1 7 1 16 2 8 2 17 3 9 3 18 4 10 4 19 5 11 5 20 6 12 7 13 8 14 9 15 10 16 11 17 12 18 13 19 14 20
Circ21_8 21 21 0 8 0 13 1 9 1 14 2 10 2 15 3 11 3 16 4 12 4 17 5 13 5 18 6 14 6 19 7 15 7 20 8 16 9 17 10 18 11 19 12 20
Circ21_9 21 21 0 9 0 12 1 10 1 13 2 11 2 14 3 12 3 15 4 13 4 16 5 14 5 17 6 15 6 18 7 16 7 19 8 17 8 20 9 18 10 19 11 20
Circ21_10 21 21 0 10 0 11 1 11 1 12 2 12 2 13 3 13 3 14 4 14 4 15 5 15 5 16 6 16 6 17 7 17 7 18 8 18 8 19 9 19 9 20 10 20
Circ21_1-3 21 42 0 1 0 3 0 18 0 20 1 2 1 4 1 19 2 3 2 5 2 20 3 4 3 6 4 5 4 7 5 6 5 8 6 7 6 9 7 8 7 10 8 9 8 11 9 10 9 12 10 11 10 13 11 12 11 14 12 13 12 15 13 14 13 16 14 15 14 17 15 16 15 18 16 17 16 19 17 18 17 20 18 19 19 20
Circ21_1-4 21 42 0 1 0 4 0 17 0 20 1 2 1 5 1 18 2 3 2 6 2 19 3 4 3 7 3 20 4 5 4 8 5 6 5 9 6 7 6 10 7 8 7 11 8 9 8 12 9 10 9 13 10 11 10 14 11 12 11 15 12 13 12 16 13 14 13 17 14 15 14 18 15 16 15 19 16 17 16 20 17 18 18 19 19 20
Circ21_1-5 21 42 0 1 0 5 0 16 0 20 1 2 1 6 1 17 2 3 2 7 2 18 3 4 3 8 3 19 4 5 4 9 4 20 5 6 5 10 6 7 6 11 7 8 7 12 8 9 8 13 9 10 9 14 10 11 10 15 11 12 11 16 12 13 12 17 13 14 13 18 14 15 14 19 15 16 15 20 16 17 17 18 18 19 19 20
Circ21_1-6 21 42 0 1 0 6 0 15 0 20 1 2 1 7 1 16 2 3 2 8 2 17 3 4 3 9 3 18 4 5 4 10 4 19 5 6 5 11 5 20 6 7 6 12 7 8 7 13 8 9 8 14 9 10 9 15 10 11 10 16 11 12 11 17 12 13 12 18 13 14 13 19 14 15 14 20 15 16 16 17 17 18 18 19 19 20
Circ21_1-8 21 42 0 1 0 8 0 13 0 20 1 2 1 9 1 14 2 3 2 10 2 15 3 4 3 11 3 16 4 5 4 12 4 17 5 6 5 13 5 18 6 7 6 14 6 19 7 8 7 15 7 20 8 9 8 16 9 10 9 17 10 11 10 18 11 12 11 19 12 13 12 20 13 14 14 15 15 16 16 17 17 18 18 19 19 20
Circ21_1-9 21 42 0 1 0 9 0 12 0 20 1 2 1 10 1 13 2 3 2 11 2 14 3 4 3 12 3 15 4 5 4 13 4 16 5 6 5 14 5 17 6 7 6 15 6 18 7 8 7 16 7 19 8 9 8 17 8 20 9 10 9 18 10 11 10 19 11 12 11 20 12 13 13 14 14 15 15 16 16 17 17 18 18 19 19 20
Circ21_2-3 21 42 0 2 0 3 0 18 0 19 1 3 1 4 1 19 1 20 2 4 2 5 2 20 3 5 3 6 4 6 4 7 5 7 5 8 6 8 6 9 7 9 7 10 8 10 8 11 9 11 9 12 10 12 10 13 11 13 11 14 12 14 12 15 13 15 13 16 14 16 14 17 15 17 15 18 16 18 16 19 17 19 17 20 18 20
Circ21_2-5 21 42 0 2 0 5 0 16 0 19 1 3 1 6 1 17 1 20 2 4 2 7 2 18 3 5 3 8 3 19 4 6 4 9 4 20 5 7 5 10 6 8 6 11 7 9 7 12 8 10 8 13 9 11 9 14 10 12 10 15 11 13 11 16 12 14 12 17 13 15 13 18 14 16 14 19 15 17 15 20 16 18 17 19 18 20
Circ21_2-6 21 42 0 2 0 6 0 15 0 19 1 3 1 7 1 16 1 20 2 4 2 8 2 17 3 5 3 9 3 18 4 6 4 10 4 19 5 7 5 11 5 20 6 8 6 12 7 9 7 13 8 10 8 14 9 11 9 15 10 12 10 16 11 13 11 17 12 14 12 18 13 15 13 19 14 16 14 20 15 17 16 18 17 19 18 20
Circ21_2-8 21 42 0 2 0 8 0 13 0 19 1 3 1 9 1 14 1 20 2 4 2 10 2 15 3 5 3 11 3 16 4 6 4 12 4 17 5 7 5 13 5 18 6 8 6 14 6 19 7 9 7 15 7 20 8 10 8 16 9 11 9 17 10 12 10 18 11 13 11 19 12 14 12 20 13 15 14 16 15 17 16 18 17 19 18 20
Circ21_2-9 21 42 0 2 0 9 0 12 0 19 1 3 1 10 1 13 1 20 2 4 2 11 2 14 3 5 3 12 3 15 4 6 4 13 4 16 5 7 5 14 5 17 6 8 6 15 6 18 7 9 7 16 7 19 8 10 8 17 8 20 9 11 9 18 10 12 10 19 11 13 11 20 12 14 13 15 14 16 15 17 16 18 17 19 18 20
Circ21_2-10 21 42 0 2 0 10 0 11 0 19 1 3 1 11 1 12 1 20 2 4 2 12 2 13 3 5 3 13 3 14 4 6 4 14 4 15 5 7 5 15 5 16 6 8 6 16 6 17 7 9 7 17 7 18 8 10 8 18 8 19 9 11 9 19 9 20 10 12 10 20 11 13 12 14 13 15 14 16 15 17 16 18 17 19 18 20
Circ21_3-4 21 42 0 3 0 4 0 17 0 18 1 4 1 5 1 18 1 19 2 5 2 6 2 19 2 20 3 6 3 7 3 20 4 7 4 8 5 8 5 9 6 9 6 10 7 10 7 11 8 11 8 12 9 12 9 13 10 13 10 14 11 14 11 15 12 15 12 16 13 16 13 17 14 17 14 18 15 18 15 19 16 19 16 20 17 20
Circ21_3-5 21 42 0 3 0 5 0 16 0 18 1 4 1 6 1 17 1 19 2 5 2 7 2 18 2 20 3 6 3 8 3 19 4 7 4 9 4 20 5 8 5 10 6 9 6 11 7 10 7 12 8 11 8 13 9 12 9 14 10 13 10 15 11 14 11 16 12 15 12 17 13 16 13 18 14 17 14 19 15 18 15 20 16 19 17 20
Circ21_3-8 21 42 0 3 0 8 0 13 0 18 1 4 1 9 1 14 1 19 2 5 2 10 2 15 2 20 3 6 3 11 3 16 4 7 4 12 4 17 5 8 5 13 5 18 6 9 6 14 6 19 7 10 7 15 7 20 8 11 8 16 9 12 9 17 10 13 10 18 11 14 11 19 12 15 12 20 13 16 14 17 15 18 16 19 17 20
Circ21_3-10 21 42 0 3 0 10 0 11 0 18 1 4 1 11 1 12 1 19 2 5 2 12 2 13 2 20 3 6 3 13 3 14 4 7 4 14 4 15 5 8 5 15 5 16 6 9 6 16 6 17 7 10 7 17 7 18 8 11 8 18 8 19 9 12 9 19 9 20 10 13 10 20 11 14 12 15 13 16 14 17 15 18 16 19 17 20
Circ21_4-5 21 42 0 4 0 5 0 16 0 17 1 5 1 6 1 17 1 18 2 6 2 7 2 18 2 19 3 7 3 8 3 19 3 20 4 8 4 9 4 20 5 9 5 10 6 10 6 11 7 11 7 12 8 12 8 13 9 13 9 14 10 14 10 15 11 15 11 16 12 16 12 17 13 17 13 18 14 18 14 19 15 19 15 20 16 20
Circ21_4-6 21 42 0 4 0 6 0 15 0 17 1 5 1 7 1 16 1 18 2 6 2 8 2 17 2 19 3 7 3 9 3 18 3 20 4 8 4 10 4 19 5 9 5 11 5 20 6 10 6 12 7 11 7 13 8 12 8 14 9 13 9 15 10 14 10 16 11 15 11 17 12 16 12 18 13 17 13 19 14 18 14 20 15 19 16 20
Circ21_4-9 21 42 0 4 0 9 0 12 0 17 1 5 1 10 1 13 1 18 2 6 2 11 2 14 2 19 3 7 3 12 3 15 3 20 4 8 4 13 4 16 5 9 5 14 5 17 6 10 6 15 6 18 7 11 7 16 7 19 8 12 8 17 8 20 9 13 9 18 10 14 10 19 11 15 11 20 12 16 13 17 14 18 15 19 16 20
Circ21_4-10 21 42 0 4 0 10 0 11 0 17 1 5 1 11 1 12 1 18 2 6 2 12 2 13 2 19 3 7 3 13 3 14 3 20 4 8 4 14 4 15 5 9 5 15 5 16 6 10 6 16 6 17 7 11 7 17 7 18 8 12 8 18 8 19 9 13 9 19 9 20 10 14 10 20 11 15 12 16 13 17 14 18 15 19 16 20
Circ21_5-6 21 42 0 5 0 6 0 15 0 16 1 6 1 7 1 16 1 17 2 7 2 8 2 17 2 18 3 8 3 9 3 18 3 19 4 9 4 10 4 19 4 20 5 10 5 11 5 20 6 11 6 12 7 12 7 13 8 13 8 14 9 14 9 15 10 15 10 16 11 16 11 17 12 17 12 18 13 18 13 19 14 19 14 20 15 20
Circ21_5-9 21 42 0 5 0 9 0 12 0 16 1 6 1 10 1 13 1 17 2 7 2 11 2 14 2 18 3 8 3 12 3 15 3 19 4 9 4 13 4 16 4 20 5 10 5 14 5 17 6 11 6 15 6 18 7 12 7 16 7 19 8 13 8 17 8 20 9 14 9 18 10 15 10 19 11 16 11 20 12 17 13 18 14 19 15 20
Circ21_6-8 21 42 0 6 0 8 0 13 0 15 1 7 1 9 1 14 1 16 2 8 2 10 2 15 2 17 3 9 3 11 3 16 3 18 4 10 4 12 4 17 4 19 5 11 5 13 5 18 5 20 6 12 6 14 6 19 7 13 7 15 7 20 8 14 8 16 9 15 9 17 10 16 10 18 11 17 11 19 12 18 12 20 13 19 14 20
Circ21_6-10 21 42 0 6 0 10 0 11 0 15 1 7 1 11 1 12 1 16 2 8 2 12 2 13 2 17 3 9 3 13 3 14 3 18 4 10 4 14 4 15 4 19 5 11 5 15 5 16 5 20 6 12 6 16 6 17 7 13 7 17 7 18 8 14 8 18 8 19 9 15 9 19 9 20 10 16 10 20 11 17 12 18 13 19 14 20
Circ21_8-9 21 42 0 8 0 9 0 12 0 13 1 9 1 10 1 13 1 14 2 10 2 11 2 14 2 15 3 11 3 12 3 15 3 16 4 12 4 13 4 16 4 17 5 13 5 14 5 17 5 18 6 14 6 15 6 18 6 19 7 15 7 16 7 19 7 20 8 16 8 17 8 20 9 17 9 18 10 18 10 19 11 19 11 20 12 20
Circ21_8-10 21 42 0 8 0 10 0 11 0 13 1 9 1 11 1 12 1 14 2 10 2 12 2 13 2 15 3 11 3 13 3 14 3 16 4 12 4 14 4 15 4 17 5 13 5 15 5 16 5 18 6 14 6 16 6 17 6 19 7 15 7 17 7 18 7 20 8 16 8 18 8 19 9 17 9 19 9 20 10 18 10 20 11 19 12 20
Circ21_9-10 21 42 0 9 0 10 0 11 0 12 1 10 1 11 1 12 1 13 2 11 2 12 2 13 2 14 3 12 3 13 3 14 3 15 4 13 4 14 4 15 4 16 5 14 5 15 5 16 5 17 6 15 6 16 6 17 6 18 7 16 7 17 7 18 7 19 8 17 8 18 8 19 8 20 9 18 9 19 9 20 10 19 10 20 11 20
Circ21_1-3-5 21 63 0 1 0 3 0 5 0 16 0 18 0 20 1 2 1 4 1 6 1 17 1 19 2 3 2 5 2 7 2 18 2 20 3 4 3 6 3 8 3 19 4 5 4 7 4 9 4 20 5 6 5 8 5 10 6 7 6 9 6 11 7 8 7 10 7 12 8 9 8 11 8 13 9 10 9 12 9 14 10 11 10 13 10 15 11 12 11 14 11 16 12 13 12 15 12 17 13 14 13 16 13 18 14 15 14 17 14 19 15 16 15 18 15 20 16 17 16 19 17 18 17 20 18 19 19 20
Circ21_1-3-8 21 63 0 1 0 3 0 8 0 13 0 18 0 20 1 2 1 4 1 9 1 14 1 19 2 3 2 5 2 10 2 15 2 20 3 4 3 6 3 11 3 16 4 5 4 7 4 12 4 17 5 6 5 8 5 13 5 18 6 7 6 9 6 14 6 19 7 8 7 10 7 15 7 20 8 9 8 11 8 16 9 10 9 12 9 17 10 11 10 13 10 18 11 12 11 14 11 19 12 13 12 15 12 20 13 14 13 16 14 15 14 17 15 16 15 18 16 17 16 19 17 18 17 20 18 19 19 20
Circ21_1-4-6 21 63 0 1 0 4 0 6 0 15 0 17 0 20 1 2 1 5 1 7 1 16 1 18 2 3 2 6 2 8 2 17 2 19 3 4 3 7 3 9 3 18 3 20 4 5 4 8 4 10 4 19 5 6 5 9 5 11 5 20 6 7 6 10 6 12 7 8 7 11 7 13 8 9 8 12 8 14 9 10 9 13 9 15 10 11 10 14 10 16 11 12 11 15 11 17 12 13 12 16 12 18 13 14 13 17 13 19 14 15 14 18 14 20 15 16 15 19 16 17 16 20 17 18 18 19 19 20
Circ21_1-4-9 21 63 0 1 0 4 0 9 0 12 0 17 0 20 1 2 1 5 1 10 1 13 1 18 2 3 2 6 2 11 2 14 2 19 3 4 3 7 3 12 3 15 3 20 4 5 4 8 4 13 4 16 5 6 5 9 5 14 5 17 6 7 6 10 6 15 6 18 7 8 7 11 7 16 7 19 8 9 8 12 8 17 8 20 9 10 9 13 9 18 10 11 10 14 10 19 11 12 11 15 11 20 12 13 12 16 13 14 13 17 14 15 14 18 15 16 15 19 16 17 16 20 17 18 18 19 19 20
Circ21_1-5-9 21 63 0 1 0 5 0 9 0 12 0 16 0 20 1 2 1 6 1 10 1 13 1 17 2 3 2 7 2 11 2 14 2 18 3 4 3 8 3 12 3 15 3 19 4 5 4 9 4 13 4 16 4 20 5 6 5 10 5 14 5 17 6 7 6 11 6 15 6 18 7 8 7 12 7 16 7 19 8 9 8 13 8 17 8 20 9 10 9 14 9 18 10 11 10 15 10 19 11 12 11 16 11 20 12 13 12 17 13 14 13 18 14 15 14 19 15 16 15 20 16 17 17 18 18 19 19 20
Circ21_1-6-8 21 63 0 1 0 6 0 8 0 13 0 15 0 20 1 2 1 7 1 9 1 14 1 16 2 3 2 8 2 10 2 15 2 17 3 4 3 9 3 11 3 16 3 18 4 5 4 10 4 12 4 17 4 19 5 6 5 11 5 13 5 18 5 20 6 7 6 12 6 14 6 19 7 8 7 13 7 15 7 20 8 9 8 14 8 16 9 10 9 15 9 17 10 11 10 16 10 18 11 12 11 17 11 19 12 13 12 18 12 20 13 14 13 19 14 15 14 20 15 16 16 17 17 18 18 19 19 20
Circ21_2-3-8 21 63 0 2 0 3 0 8 0 13 0 18 0 19 1 3 1 4 1 9 1 14 1 19 1 20 2 4 2 5 2 10 2 15 2 20 3 5 3 6 3 11 3 16 4 6 4 7 4 12 4 17 5 7 5 8 5 13 5 18 6 8 6 9 6 14 6 19 7 9 7 10 7 15 7 20 8 10 8 11 8 16 9 11 9 12 9 17 10 12 10 13 10 18 11 13 11 14 11 19 12 14 12 15 12 20 13 15 13 16 14 16 14 17 15 17 15 18 16 18 16 19 17 19 17 20 18 20
Circ21_2-3-10 21 63 0 2 0 3 0 10 0 11 0 18 0 19 1 3 1 4 1 11 1 12 1 19 1 20 2 4 2 5 2 12 2 13 2 20 3 5 3 6 3 13 3 14 4 6 4 7 4 14 4 15 5 7 5 8 5 15 5 16 6 8 6 9 6 16 6 17 7 9 7 10 7 17 7 18 8 10 8 11 8 18 8 19 9 11 9 12 9 19 9 20 10 12 10 13 10 20 11 13 11 14 12 14 12 15 13 15 13 16 14 16 14 17 15 17 15 18 16 18 16 19 17 19 17 20 18 20
Circ21_2-5-6 21 63 0 2 0 5 0 6 0 15 0 16 0 19 1 3 1 6 1 7 1 16 1 17 1 20 2 4 2 7 2 8 2 17 2 18 3 5 3 8 3 9 3 18 3 19 4 6 4 9 4 10 4 19 4 20 5 7 5 10 5 11 5 20 6 8 6 11 6 12 7 9 7 12 7 13 8 10 8 13 8 14 9 11 9 14 9 15 10 12 10 15 10 16 11 13 11 16 11 17 12 14 12 17 12 18 13 15 13 18 13 19 14 16 14 19 14 20 15 17 15 20 16 18 17 19 18 20
Circ21_2-5-9 21 63 0 2 0 5 0 9 0 12 0 16 0 19 1 3 1 6 1 10 1 13 1 17 1 20 2 4 2 7 2 11 2 14 2 18 3 5 3 8 3 12 3 15 3 19 4 6 4 9 4 13 4 16 4 20 5 7 5 10 5 14 5 17 6 8 6 11 6 15 6 18 7 9 7 12 7 16 7 19 8 10 8 13 8 17 8 20 9 11 9 14 9 18 10 12 10 15 10 19 11 13 11 16 11 20 12 14 12 17 13 15 13 18 14 16 14 19 15 17 15 20 16 18 17 19 18 20
Circ21_2-6-10 21 63 0 2 0 6 0 10 0 11 0 15 0 19 1 3 1 7 1 11 1 12 1 16 1 20 2 4 2 8 2 12 2 13 2 17 3 5 3 9 3 13 3 14 3 18 4 6 4 10 4 14 4 15 4 19 5 7 5 11 5 15 5 16 5 20 6 8 6 12 6 16 6 17 7 9 7 13 7 17 7 18 8 10 8 14 8 18 8 19 9 11 9 15 9 19 9 20 10 12 10 16 10 20 11 13 11 17 12 14 12 18 13 15 13 19 14 16 14 20 15 17 16 18 17 19 18 20
Circ21_2-8-9 21 63 0 2 0 8 0 9 0 12 0 13 0 19 1 3 1 9 1 10 1 13 1 14 1 20 2 4 2 10 2 11 2 14 2 15 3 5 3 11 3 12 3 15 3 16 4 6 4 12 4 13 4 16 4 17 5 7 5 13 5 14 5 17 5 18 6 8 6 14 6 15 6 18 6 19 7 9 7 15 7 16 7 19 7 20 8 10 8 16 8 17 8 20 9 11 9 17 9 18 10 12 10 18 10 19 11 13 11 19 11 20 12 14 12 20 13 15 14 16 15 17 16 18 17 19 18 20
Circ21_3-4-5 21 63 0 3 0 4 0 5 0 16 0 17 0 18 1 4 1 5 1 6 1 17 1 18 1 19 2 5 2 6 2 7 2 18 2 19 2 20 3 6 3 7 3 8 3 19 3 20 4 7 4 8 4 9 4 20 5 8 5 9 5 10 6 9 6 10 6 11 7 10 7 11 7 12 8 11 8 12 8 13 9 12 9 13 9 14 10 13 10 14 10 15 11 14 11 15 11 16 12 15 12 16 12 17 13 16 13 17 13 18 14 17 14 18 14 19 15 18 15 19 15 20 16 19 16 20 17 20
Circ21_3-4-10 21 63 0 3 0 4 0 10 0 11 0 17 0 18 1 4 1 5 1 11 1 12 1 18 1 19 2 5 2 6 2 12 2 13 2 19 2 20 3 6 3 7 3 13 3 14 3 20 4 7 4 8 4 14 4 15 5 8 5 9 5 15 5 16 6 9 6 10 6 16 6 17 7 10 7 11 7 17 7 18 8 11 8 12 8 18 8 19 9 12 9 13 9 19 9 20 10 13 10 14 10 20 11 14 11 15 12 15 12 16 13 16 13 17 14 17 14 18 15 18 15 19 16 19 16 20 17 20
Circ21_4-5-6 21 63 0 4 0 5 0 6 0 15 0 16 0 17 1 5 1 6 1 7 1 16 1 17 1 18 2 6 2 7 2 8 2 17 2 18 2 19 3 7 3 8 3 9 3 18 3 19 3 20 4 8 4 9 4 10 4 19 4 20 5 9 5 10 5 11 5 20 6 10 6 11 6 12 7 11 7 12 7 13 8 12 8 13 8 14 9 13 9 14 9 15 10 14 10 15 10 16 11 15 11 16 11 17 12 16 12 17 12 18 13 17 13 18 13 19 14 18 14 19 14 20 15 19 15 20 16 20
Circ21_4-9-10 21 63 0 4 0 9 0 10 0 11 0 12 0 17 1 5 1 10 1 11 1 12 1 13 1 18 2 6 2 11 2 12 2 13 2 14 2 19 3 7 3 12 3 13 3 14 3 15 3 20 4 8 4 13 4 14 4 15 4 16 5 9 5 14 5 15 5 16 5 17 6 10 6 15 6 16 6 17 6 18 7 11 7 16 7 17 7 18 7 19 8 12 8 17 8 18 8 19 8 20 9 13 9 18 9 19 9 20 10 14 10 19 10 20 11 15 11 20 12 16 13 17 14 18 15 19 16 20
Circ21_6-8-10 21 63 0 6 0 8 0 10 0 11 0 13 0 15 1 7 1 9 1 11 1 12 1 14 1 16 2 8 2 10 2 12 2 13 2 15 2 17 3 9 3 11 3 13 3 14 3 16 3 18 4 10 4 12 4 14 4 15 4 17 4 19 5 11 5 13 5 15 5 16 5 18 5 20 6 12 6 14 6 16 6 17 6 19 7 13 7 15 7 17 7 18 7 20 8 14 8 16 8 18 8 19 9 15 9 17 9 19 9 20 10 16 10 18 10 20 11 17 11 19 12 18 12 20 13 19 14 20
Circ21_8-9-10 21 63 0 8 0 9 0 10 0 11 0 12 0 13 1 9 1 10 1 11 1 12 1 13 1 14 2 10 2 11 2 12 2 13 2 14 2 15 3 11 3 12 3 13 3 14 3 15 3 16 4 12 4 13 4 14 4 15 4 16 4 17 5 13 5 14 5 15 5 16 5 17 5 18 6 14 6 15 6 16 6 17 6 18 6 19 7 15 7 16 7 17 7 18 7 19 7 20 8 16 8 17 8 18 8 19 8 20 9 17 9 18 9 19 9 20 10 18 10 19 10 20 11 19 11 20 12 20
Circ22_1 22 22 0 1 0 21 1 2 2 3 3 4 4 5 5 6 6 7 7 8 8 9 9 10 10 11 11 12 12 13 13 14 14 15 15 16 16 17 17 18 18 19 19 20 20 21
Circ22_2 22 22 0 2 0 20 1 3 1 21 2 4 3 5 4 6 5 7 6 8 7 9 8 10 9 11 10 12 11 13 12 14 13 15 14 16 15 17 16 18 17 19 18 20 19 21
Circ22_3 22 22 0 3 0 19 1 4 1 20 2 5 2 21 3 6 4 7 5 8 6 9 7 10 8 11 9 12 10 13 11 14 12 15 13 16 14 17 15 18 16 19 17 20 18 21
Circ22_4 22 22 0 4 0 18 1 5 1 19 2 6 2 20 3 7 3 21 4 8 5 9 6 10 7 11 8 12 9 13 10 14 11 15 12 16 13 17 14 18 15 19 16 20 17 21
Circ22_5 22 22 0 5 0 17 1 6 1 18 2 7 2 19 3 8 3 20 4 9 4 21 5 10 6 11 7 12 8 13 9 14 10 15 11 16 12 17 13 18 14 19 15 20 16 21
Circ22_6 22 22 0 6 0 16 1 7 1 17 2 8 2 18 3 9 3 19 4 10 4 20 5 11 5 21 6 12 7 13 8 14 9 15 10 16 11 17 12 18 13 19 14 20 15 21
Circ22_7 22 22 0 7 0 15 1 8 1 16 2 9 2 17 3 10 3 18 4 11 4 19 5 12 5 20 6 13 6 21 7 14 8 15 9 16 10 17 11 18 12 19 13 20 14 21
Circ22_8 22 22 0 8 0 14 1 9 1 15 2 10 2 16 3 11 3 17 4 12 4 18 5 13 5 19 6 14 6 20 7 15 7 21 8 16 9 17 10 18 11 19 12 20 13 21
Circ22_9 22 22 0 9 0 13 1 10 1 14 2 11 2 15 3 12 3 16 4 13 4 17 5 14 5 18 6 15 6 19 7 16 7 20 8 17 8 21 9 18 10 19 11 20 12 21
Circ22_10 22 22 0 10 0 12 1 11 1 13 2 12 2 14 3 13 3 15 4 14 4 16 5 15 5 17 6 16 6 18 7 17 7 19 8 18 8 20 9 19 9 21 10 20 11 21
Circ22_11 22 11 0 11 1 12 2 13 3 14 4 15 5 16 6 17 7 18 8 19 9 20 10 21
Circ22_1-3 22 44 0 1 0 3 0 19 0 21 1 2 1 4 1 20 2 3 2 5 2 21 3 4 3 6 4 5 4 7 5 6 5 8 6 7 6 9 7 8 7 10 8 9 8 11 9 10 9 12 10 11 10 13 11 12 11 14 12 13 12 15 13 14 13 16 14 15 14 17 15 16 15 18 16 17 16 19 17 18 17 20 18 19 18 21 19 20 20 21
Circ22_1-4 22 44 0 1 0 4 0 18 0 21 1 2 1 5 1 19 2 3 2 6 2 20 3 4 3 7 3 21 4 5 4 8 5 6 5 9 6 7 6 10 7 8 7 11 8 9 8 12 9 10 9 13 10 11 10 14 11 12 11 15 12 13 12 16 13 14 13 17 14 15 14 18 15 16 15 19 16 17 16 20 17 18 17 21 18 19 19 20 20 21
Circ22_1-5 22 44 0 1 0 5 0 17 0 21 1 2 1 6 1 18 2 3 2 7 2 19 3 4 3 8 3 20 4 5 4 9 4 21 5 6 5 10 6 7 6 11 7 8 7 12 8 9 8 13 9 10 9 14 10 11 10 15 11 12 11 16 12 13 12 17 13 14 13 18 14 15 14 19 15 16 15 20 16 17 16 21 17 18 18 19 19 20 20 21
Circ22_1-6 22 44 0 1 0 6 0 16 0 21 1 2 1 7 1 17 2 3 2 8 2 18 3 4 3 9 3 19 4 5 4 10 4 20 5 6 5 11 5 21 6 7 6 12 7 8 7 13 8 9 8 14 9 10 9 15 10 11 10 16 11 12 11 17 12 13 12 18 13 14 13 19 14 15 14 20 15 16 15 21 16 17 17 18 18 19 19 20 20 21
Circ22_1-7 22 44 0 1 0 7 0 15 0 21 1 2 1 8 1 16 2 3 2 9 2 17 3 4 3 10 3 18 4 5 4 11 4 19 5 6 5 12 5 20 6 7 6 13 6 21 7 8 7 14 8 9 8 15 9 10 9 16 10 11 10 17 11 12 11 18 12 13 12 19 13 14 13 20 14 15 14 21 15 16 16 17 17 18 18 19 19 20 20 21
Circ22_1-8 22 44 0 1 0 8 0 14 0 21 1 2 1 9 1 15 2 3 2 10 2 16 3 4 3 11 3 17 4 5 4 12 4 18 5 6 5 13 5 19 6 7 6 14 6 20 7 8 7 15 7 21 8 9 8 16 9 10 9 17 10 11 10 18 11 12 11 19 12 13 12 20 13 14 13 21 14 15 15 16 16 17 17 18 18 19 19 20 20 21
Circ22_1-9 22 44 0 1 0 9 0 13 0 21 1 2 1 10 1 14 2 3 2 11 2 15 3 4 3 12 3 16 4 5 4 13 4 17 5 6 5 14 5 18 6 7 6 15 6 19 7 8 7 16 7 20 8 9 8 17 8 21 9 10 9 18 10 11 10 19 11 12 11 20 12 13 12 21 13 14 14 15 15 16 16 17 17 18 18 19 19 20 20 21
Circ22_1-10 22 44 0 1 0 10 0 12 0 21 1 2 1 11 1 13 2 3 2 12 2 14 3 4 3 13 3 15 4 5 4 14 4 16 5 6 5 15 5 17 6 7 6 16 6 18 7 8 7 17 7 19 8 9 8 18 8 20 9 10 9 19 9 21 10 11 10 20 11 12 11 21 12 13 13 14 14 15 15 16 16 17 17 18 18 19 19 20 20 21
Circ22_1-11 22 33 0 1 0 11 0 21 1 2 1 12 2 3 2 13 3 4 3 14 4 5 4 15 5 6 5 16 6 7 6 17 7 8 7 18 8 9 8 19 9 10 9 20 10 11 10 21 11 12 12 13 13 14 14 15 15 16 16 17 17 18 18 19 19 20 20 21
Circ22_2-3 22 44 0 2 0 3 0 19 0 20 1 3 1 4 1 20 1 21 2 4 2 5 2 21 3 5 3 6 4 6 4 7 5 7 5 8 6 8 6 9 7 9 7 10 8 10 8 11 9 11 9 12 10 12 10 13 11 13 11 14 12 14 12 15 13 15 13 16 14 16 14 17 15 17 15 18 16 18 16 19 17 19 17 20 18 20 18 21 19 21
Circ22_2-5 22 44 0 2 0 5 0 17 0 20 1 3 1 6 1 18 1 21 2 4 2 7 2 19 3 5 3 8 3 20 4 6 4 9 4 21 5 7 5 10 6 8 6 11 7 9 7 12 8 10 8 13 9 11 9 14 10 12 10 15 11 13 11 16 12 14 12 17 13 15 13 18 14 16 14 19 15 17 15 20 16 18 16 21 17 19 18 20 19 21
Circ22_2-6 22 44 0 2 0 6 0 16 0 20 1 3 1 7 1 17 1 21 2 4 2 8 2 18 3 5 3 9 3 19 4 6 4 10 4 20 5 7 5 11 5 21 6 8 6 12 7 9 7 13 8 10 8 14 9 11 9 15 10 12 10 16 11 13 11 17 12 14 12 18 13 15 13 19 14 16 14 20 15 17 15 21 16 18 17 19 18 20 19 21
Circ22_2-7 22 44 0 2 0 7 0 15 0 20 1 3 1 8 1 16 1 21 2 4 2 9 2 17 3 5 3 10 3 18 4 6 4 11 4 19 5 7 5 12 5 20 6 8 6 13 6 21 7 9 7 14 8 10 8 15 9 11 9 16 10 12 10 17 11 13 11 18 12 14 12 19 13 15 13 20 14 16 14 21 15 17 16 18 17 19 18 20 19 21
Circ22_2-8 22 44 0 2 0 8 0 14 0 20 1 3 1 9 1 15 1 21 2 4 2 10 2 16 3 5 3 11 3 17 4 6 4 12 4 18 5 7 5 13 5 19 6 8 6 14 6 20 7 9 7 15 7 21 8 10 8 16 9 11 9 17 10 12 10 18 11 13 11 19 12 14 12 20 13 15 13 21 14 16 15 17 16 18 17 19 18 20 19 21
Circ22_2-9 22 44 0 2 0 9 0 13 0 20 1 3 1 10 1 14 1 21 2 4 2 11 2 15 3 5 3 12 3 16 4 6 4 13 4 17 5 7 5 14 5 18 6 8 6 15 6 19 7 9 7 16 7 20 8 10 8 17 8 21 9 11 9 18 10 12 10 19 11 13 11 20 12 14 12 21 13 15 14 16 15 17 16 18 17 19 18 20 19 21
Circ22_2-11 22 33 0 2 0 11 0 20 1 3 1 12 1 21 2 4 2 13 3 5 3 14 4 6 4 15 5 7 5 16 6 8 6 17 7 9 7 18 8 10 8 19 9 11 9 20 10 12 10 21 11 13 12 14 13 15 14 16 15 17 16 18 17 19 18 20 19 21
Circ22_3-4 22 44 0 3 0 4 0 18 0 19 1 4 1 5 1 19 1 20 2 5 2 6 2 20 2 21 3 6 3 7 3 21 4 7 4 8 5 8 5 9 6 9 6 10 7 10 7 11 8 11 8 12 9 12 9 13 10 13 10 14 11 14 11 15 12 15 12 16 13 16 13 17 14 17 14 18 15 18 15 19 16 19 16 20 17 20 17 21 18 21
Circ22_3-5 22 44 0 3 0 5 0 17 0 19 1 4 1 6 1 18 1 20 2 5 2 7 2 19 2 21 3 6 3 8 3 20 4 7 4 9 4 21 5 8 5 10 6 9 6 11 7 10 7 12 8 11 8 13 9 12 9 14 10 13 10 15 11 14 11 16 12 15 12 17 13 16 13 18 14 17 14 19 15 18 15 20 16 19 16 21 17 20 18 21
Circ22_3-7 22 44 0 3 0 7 0 15 0 19 1 4 1 8 1 16 1 20 2 5 2 9 2 17 2 21 3 6 3 10 3 18 4 7 4 11 4 19 5 8 5 12 5 20 6 9 6 13 6 21 7 10 7 14 8 11 8 15 9 12 9 16 10 13 10 17 11 14 11 18 12 15 12 19 13 16 13 20 14 17 14 21 15 18 16 19 17 20 18 21
Circ22_3-8 22 44 0 3 0 8 0 14 0 19 1 4 1 9 1 15 1 20 2 5 2 10 2 16 2 21 3 6 3 11 3 17 4 7 4 12 4 18 5 8 5 13 5 19 6 9 6 14 6 20 7 10 7 15 7 21 8 11 8 16 9 12 9 17 10 13 10 18 11 14 11 19 12 15 12 20 13 16 13 21 14 17 15 18 16 19 17 20 18 21
Circ22_3-9 22 44 0 3 0 9 0 13 0 19 1 4 1 10 1 14 1 20 2 5 2 11 2 15 2 21 3 6 3 12 3 16 4 7 4 13 4 17 5 8 5 14 5 18 6 9 6 15 6 19 7 10 7 16 7 20 8 11 8 17 8 21 9 12 9 18 10 13 10 19 11 14 11 20 12 15 12 21 13 16 14 17 15 18 16 19 17 20 18 21
Circ22_3-10 22 44 0 3 0 10 0 12 0 19 1 4 1 11 1 13 1 20 2 5 2 12 2 14 2 21 3 6 3 13 3 15 4 7 4 14 4 16 5 8 5 15 5 17 6 9 6 16 6 18 7 10 7 17 7 19 8 11 8 18 8 20 9 12 9 19 9 21 10 13 10 20 11 14 11 21 12 15 13 16 14 17 15 18 16 19 17 20 18 21
Circ22_3-11 22 33 0 3 0 11 0 19 1 4 1 12 1 20 2 5 2 13 2 21 3 6 3 14 4 7 4 15 5 8 5 16 6 9 6 17 7 10 7 18 8 11 8 19 9 12 9 20 10 13 10 21 11 14 12 15 13 16 14 17 15 18 16 19 17 20 18 21
Circ22_4-5 22 44 0 4 0 5 0 17 0 18 1 5 1 6 1 18 1 19 2 6 2 7 2 19 2 20 3 7 3 8 3 20 3 21 4 8 4 9 4 21 5 9 5 10 6 10 6 11 7 11 7 12 8 12 8 13 9 13 9 14 10 14 10 15 11 15 11 16 12 16 12 17 13 17 13 18 14 18 14 19 15 19 15 20 16 20 16 21 17 21
Circ22_4-6 22 44 0 4 0 6 0 16 0 18 1 5 1 7 1 17 1 19 2 6 2 8 2 18 2 20 3 7 3 9 3 19 3 21 4 8 4 10 4 20 5 9 5 11 5 21 6 10 6 12 7 11 7 13 8 12 8 14 9 13 9 15 10 14 10 16 11 15 11 17 12 16 12 18 13 17 13 19 14 18 14 20 15 19 15 21 16 20 17 21
Circ22_4-7 22 44 0 4 0 7 0 15 0 18 1 5 1 8 1 16 1 19 2 6 2 9 2 17 2 20 3 7 3 10 3 18 3 21 4 8 4 11 4 19 5 9 5 12 5 20 6 10 6 13 6 21 7 11 7 14 8 12 8 15 9 13 9 16 10 14 10 17 11 15 11 18 12 16 12 19 13 17 13 20 14 18 14 21 15 19 16 20 17 21
Circ22_4-10 22 44 0 4 0 10 0 12 0 18 1 5 1 11 1 13 1 19 2 6 2 12 2 14 2 20 3 7 3 13 3 15 3 21 4 8 4 14 4 16 5 9 5 15 5 17 6 10 6 16 6 18 7 11 7 17 7 19 8 12 8 18 8 20 9 13 9 19 9 21 10 14 10 20 11 15 11 21 12 16 13 17 14 18 15 19 16 20 17 21
Circ22_4-11 22 33 0 4 0 11 0 18 1 5 1 12 1 19 2 6 2 13 2 20 3 7 3 14 3 21 4 8 4 15 5 9 5 16 6 10 6 17 7 11 7 18 8 12 8 19 9 13 9 20 10 14 10 21 11 15 12 16 13 17 14 18 15 19 16 20 17 21
Circ22_5-6 22 44 0 5 0 6 0 16 0 17 1 6 1 7 1 17 1 18 2 7 2 8 2 18 2 19 3 8 3 9 3 19 3 20 4 9 4 10 4 20 4 21 5 10 5 11 5 21 6 11 6 12 7 12 7 13 8 13 8 14 9 14 9 15 10 15 10 16 11 16 11 17 12 17 12 18 13 18 13 19 14 19 14 20 15 20 15 21 16 21
Circ22_5-7 22 44 0 5 0 7 0 15 0 17 1 6 1 8 1 16 1 18 2 7 2 9 2 17 2 19 3 8 3 10 3 18 3 20 4 9 4 11 4 19 4 21 5 10 5 12 5 20 6 11 6 13 6 21 7 12 7 14 8 13 8 15 9 14 9 16 10 15 10 17 11 16 11 18 12 17 12 19 13 18 13 20 14 19 14 21 15 20 16 21
Circ22_5-8 22 44 0 5 0 8 0 14 0 17 1 6 1 9 1 15 1 18 2 7 2 10 2 16 2 19 3 8 3 11 3 17 3 20 4 9 4 12 4 18 4 21 5 10 5 13 5 19 6 11 6 14 6 20 7 12 7 15 7 21 8 13 8 16 9 14 9 17 10 15 10 18 11 16 11 19 12 17 12 20 13 18 13 21 14 19 15 20 16 21
Circ22_5-9 22 44 0 5 0 9 0 13 0 17 1 6 1 10 1 14 1 18 2 7 2 11 2 15 2 19 3 8 3 12 3 16 3 20 4 9 4 13 4 17 4 21 5 10 5 14 5 18 6 11 6 15 6 19 7 12 7 16 7 20 8 13 8 17 8 21 9 14 9 18 10 15 10 19 11 16 11 20 12 17 12 21 13 18 14 19 15 20 16 21
Circ22_5-11 22 33 0 5 0 11 0 17 1 6 1 12 1 18 2 7 2 13 2 19 3 8 3 14 3 20 4 9 4 15 4 21 5 10 5 16 6 11 6 17 7 12 7 18 8 13 8 19 9 14 9 20 10 15 10 21 11 16 12 17 13 18 14 19 15 20 16 21
Circ22_6-7 22 44 0 6 0 7 0 15 0 16 1 7 1 8 1 16 1 17 2 8 2 9 2 17 2 18 3 9 3 10 3 18 3 19 4 10 4 11 4 19 4 20 5 11 5 12 5 20 5 21 6 12 6 13 6 21 7 13 7 14 8 14 8 15 9 15 9 16 10 16 10 17 11 17 11 18 12 18 12 19 13 19 13 20 14 20 14 21 15 21
Circ22_6-9 22 44 0 6 0 9 0 13 0 16 1 7 1 10 1 14 1 17 2 8 2 11 2 15 2 18 3 9 3 12 3 16 3 19 4 10 4 13 4 17 4 20 5 11 5 14 5 18 5 21 6 12 6 15 6 19 7 13 7 16 7 20 8 14 8 17 8 21 9 15 9 18 10 16 10 19 11 17 11 20 12 18 12 21 13 19 14 20 15 21
Circ22_6-11 22 33 0 6 0 11 0 16 1 7 1 12 1 17 2 8 2 13 2 18 3 9 3 14 3 19 4 10 4 15 4 20 5 11 5 16 5 21 6 12 6 17 7 13 7 18 8 14 8 19 9 15 9 20 10 16 10 21 11 17 12 18 13 19 14 20 15 21
Circ22_7-9 22 44 0 7 0 9 0 13 0 15 1 8 1 10 1 14 1 16 2 9 2 11 2 15 2 17 3 10 3 12 3 16 3 18 4 11 4 13 4 17 4 19 5 12 5 14 5 18 5 20 6 13 6 15 6 19 6 21 7 14 7 16 7 20 8 15 8 17 8 21 9 16 9 18 10 17 10 19 11 18 11 20 12 19 12 21 13 20 14 21
Circ22_7-10 22 44 0 7 0 10 0 12 0 15 1 8 1 11 1 13 1 16 2 9 2 12 2 14 2 17 3 10 3 13 3 15 3 18 4 11 4 14 4 16 4 19 5 12 5 15 5 17 5 20 6 13 6 16 6 18 6 21 7 14 7 17 7 19 8 15 8 18 8 20 9 16 9 19 9 21 10 17 10 20 11 18 11 21 12 19 13 20 14 21
Circ22_7-11 22 33 0 7 0 11 0 15 1 8 1 12 1 16 2 9 2 13 2 17 3 10 3 14 3 18 4 11 4 15 4 19 5 12 5 16 5 20 6 13 6 17 6 21 7 14 7 18 8 15 8 19 9 16 9 20 10 17 10 21 11 18 12 19 13 20 14 21
Circ22_8-9 22 44 0 8 0 9 0 13 0 14 1 9 1 10 1 14 1 15 2 10 2 11 2 15 2 16 3 11 3 12 3 16 3 17 4 12 4 13 4 17 4 18 5 13 5 14 5 18 5 19 6 14 6 15 6 19 6 20 7 15 7 16 7 20 7 21 8 16 8 17 8 21 9 17 9 18 10 18 10 19 11 19 11 20 12 20 12 21 13 21
Circ22_8-10 22 44 0 8 0 10 0 12 0 14 1 9 1 11 1 13 1 15 2 10 2 12 2 14 2 16 3 11 3 13 3 15 3 17 4 12 4 14 4 16 4 18 5 13 5 15 5 17 5 19 6 14 6 16 6 18 6 20 7 15 7 17 7 19 7 21 8 16 8 18 8 20 9 17 9 19 9 21 10 18 10 20 11 19 11 21 12 20 13 21
Circ22_8-11 22 33 0 8 0 11 0 14 1 9 1 12 1 15 2 10 2 13 2 16 3 11 3 14 3 17 4 12 4 15 4 18 5 13 5 16 5 19 6 14 6 17 6 20 7 15 7 18 7 21 8 16 8 19 9 17 9 20 10 18 10 21 11 19 12 20 13 21
Circ22_9-10 22 44 0 9 0 10 0 12 0 13 1 10 1 11 1 13 1 14 2 11 2 12 2 14 2 15 3 12 3 13 3 15 3 16 4 13 4 14 4 16 4 17 5 14 5 15 5 17 5 18 6 15 6 16 6 18 6 19 7 16 7 17 7 19 7 20 8 17 8 18 8 20 8 21 9 18 9 19 9 21 10 19 10 20 11 20 11 21 12 21
Circ22_9-11 22 33 0 9 0 11 0 13 1 10 1 12 1 14 2 11 2 13 2 15 3 12 3 14 3 16 4 13 4 15 4 17 5 14 5 16 5 18 6 15 6 17 6 19 7 16 7 18 7 20 8 17 8 19 8 21 9 18 9 20 10 19 10 21 11 20 12 21
Circ22_10-11 22 33 0 10 0 11 0 12 1 11 1 12 1 13 2 12 2 13 2 14 3 13 3 14 3 15 4 14 4 15 4 16 5 15 5 16 5 17 6 16 6 17 6 18 7 17 7 18 7 19 8 18 8 19 8 20 9 19 9 20 9 21 10 20 10 21 11 21
Circ22_1-3-5 22 66 0 1 0 3 0 5 0 17 0 19 0 21 1 2 1 4 1 6 1 18 1 20 2 3 2 5 2 7 2 19 2 21 3 4 3 6 3 8 3 20 4 5 4 7 4 9 4 21 5 6 5 8 5 10 6 7 6 9 6 11 7 8 7 10 7 12 8 9 8 11 8 13 9 10 9 12 9 14 10 11 10 13 10 15 11 12 11 14 11 16 12 13 12 15 12 17 13 14 13 16 13 18 14 15 14 17 14 19 15 16 15 18 15 20 16 17 16 19 16 21 17 18 17 20 18 19 18 21 19 20 20 21
Circ22_1-3-7 22 66 0 1 0 3 0 7 0 15 0 19 0 21 1 2 1 4 1 8 1 16 1 20 2 3 2 5 2 9 2 17 2 21 3 4 3 6 3 10 3 18 4 5 4 7 4 11 4 19 5 6 5 8 5 12 5 20 6 7 6 9 6 13 6 21 7 8 7 10 7 14 8 9 8 11 8 15 9 10 9 12 9 16 10 11 10 13 10 17 11 12 11 14 11 18 12 13 12 15 12 19 13 14 13 16 13 20 14 15 14 17 14 21 15 16 15 18 16 17 16 19 17 18 17 20 18 19 18 21 19 20 20 21
Circ22_1-3-8 22 66 0 1 0 3 0 8 0 14 0 19 0 21 1 2 1 4 1 9 1 15 1 20 2 3 2 5 2 10 2 16 2 21 3 4 3 6 3 11 3 17 4 5 4 7 4 12 4 18 5 6 5 8 5 13 5 19 6 7 6 9 6 14 6 20 7 8 7 10 7 15 7 21 8 9 8 11 8 16 9 10 9 12 9 17 10 11 10 13 10 18 11 12 11 14 11 19 12 13 12 15 12 20 13 14 13 16 13 21 14 15 14 17 15 16 15 18 16 17 16 19 17 18 17 20 18 19 18 21 19 20 20 21
Circ22_1-3-9 22 66 0 1 0 3 0 9 0 13 0 19 0 21 1 2 1 4 1 10 1 14 1 20 2 3 2 5 2 11 2 15 2 21 3 4 3 6 3 12 3 16 4 5 4 7 4 13 4 17 5 6 5 8 5 14 5 18 6 7 6 9 6 15 6 19 7 8 7 10 7 16 7 20 8 9 8 11 8 17 8 21 9 10 9 12 9 18 10 11 10 13 10 19 11 12 11 14 11 20 12 13 12 15 12 21 13 14 13 16 14 15 14 17 15 16 15 18 16 17 16 19 17 18 17 20 18 19 18 21 19 20 20 21
Circ22_1-3-10 22 66 0 1 0 3 0 10 0 12 0 19 0 21 1 2 1 4 1 11 1 13 1 20 2 3 2 5 2 12 2 14 2 21 3 4 3 6 3 13 3 15 4 5 4 7 4 14 4 16 5 6 5 8 5 15 5 17 6 7 6 9 6 16 6 18 7 8 7 10 7 17 7 19 8 9 8 11 8 18 8 20 9 10 9 12 9 19 9 21 10 11 10 13 10 20 11 12 11 14 11 21 12 13 12 15 13 14 13 16 14 15 14 17 15 16 15 18 16 17 16 19 17 18 17 20 18 19 18 21 19 20 20 21
Circ22_1-3-11 22 55 0 1 0 3 0 11 0 19 0 21 1 2 1 4 1 12 1 20 2 3 2 5 2 13 2 21 3 4 3 6 3 14 4 5 4 7 4 15 5 6 5 8 5 16 6 7 6 9 6 17 7 8 7 10 7 18 8 9 8 11 8 19 9 10 9 12 9 20 10 11 10 13 10 21 11 12 11 14 12 13 12 15 13 14 13 16 14 15 14 17 15 16 15 18 16 17 16 19 17 18 17 20 18 19 18 21 19 20 20 21
Circ22_1-4-6 22 66 0 1 0 4 0 6 0 16 0 18 0 21 1 2 1 5 1 7 1 17 1 19 2 3 2 6 2 8 2 18 2 20 3 4 3 7 3 9 3 19 3 21 4 5 4 8 4 10 4 20 5 6 5 9 5 11 5 21 6 7 6 10 6 12 7 8 7 11 7 13 8 9 8 12 8 14 9 10 9 13 9 15 10 11 10 14 10 16 11 12 11 15 11 17 12 13 12 16 12 18 13 14 13 17 13 19 14 15 14 18 14 20 15 16 15 19 15 21 16 17 16 20 17 18 17 21 18 19 19 20 20 21
Circ22_1-4-7 22 66 0 1 0 4 0 7 0 15 0 18 0 21 1 2 1 5 1 8 1 16 1 19 2 3 2 6 2 9 2 17 2 20 3 4 3 7 3 10 3 18 3 21 4 5 4 8 4 11 4 19 5 6 5 9 5 12 5 20 6 7 6 10 6 13 6 21 7 8 7 11 7 14 8 9 8 12 8 15 9 10 9 13 9 16 10 11 10 14 10 17 11 12 11 15 11 18 12 13 12 16 12 19 13 14 13 17 13 20 14 15 14 18 14 21 15 16 15 19 16 17 16 20 17 18 17 21 18 19 19 20 20 21
Circ22_1-4-10 22 66 0 1 0 4 0 10 0 12 0 18 0 21 1 2 1 5 1 11 1 13 1 19 2 3 2 6 2 12 2 14 2 20 3 4 3 7 3 13 3 15 3 21 4 5 4 8 4 14 4 16 5 6 5 9 5 15 5 17 6 7 6 10 6 16 6 18 7 8 7 11 7 17 7 19 8 9 8 12 8 18 8 20 9 10 9 13 9 19 9 21 10 11 10 14 10 20 11 12 11 15 11 21 12 13 12 16 13 14 13 17 14 15 14 18 15 16 15 19 16 17 16 20 17 18 17 21 18 19 19 20 20 21
Circ22_1-4-11 22 55 0 1 0 4 0 11 0 18 0 21 1 2 1 5 1 12 1 19 2 3 2 6 2 13 2 20 3 4 3 7 3 14 3 21 4 5 4 8 4 15 5 6 5 9 5 16 6 7 6 10 6 17 7 8 7 11 7 18 8 9 8 12 8 19 9 10 9 13 9 20 10 11 10 14 10 21 11 12 11 15 12 13 12 16 13 14 13 17 14 15 14 18 15 16 15 19 16 17 16 20 17 18 17 21 18 19 19 20 20 21
Circ22_1-5-7 22 66 0 1 0 5 0 7 0 15 0 17 0 21 1 2 1 6 1 8 1 16 1 18 2 3 2 7 2 9 2 17 2 19 3 4 3 8 3 10 3 18 3 20 4 5 4 9 4 11 4 19 4 21 5 6 5 10 5 12 5 20 6 7 6 11 6 13 6 21 7 8 7 12 7 14 8 9 8 13 8 15 9 10 9 14 9 16 10 11 10 15 10 17 11 12 11 16 11 18 12 13 12 17 12 19 13 14 13 18 13 20 14 15 14 19 14 21 15 16 15 20 16 17 16 21 17 18 18 19 19 20 20 21
Circ22_1-5-8 22 66 0 1 0 5 0 8 0 14 0 17 0 21 1 2 1 6 1 9 1 15 1 18 2 3 2 7 2 10 2 16 2 19 3 4 3 8 3 11 3 17 3 20 4 5 4 9 4 12 4 18 4 21 5 6 5 10 5 13 5 19 6 7 6 11 6 14 6 20 7 8 7 12 7 15 7 21 8 9 8 13 8 16 9 10 9 14 9 17 10 11 10 15 10 18 11 12 11 16 11 19 12 13 12 17 12 20 13 14 13 18 13 21 14 15 14 19 15 16 15 20 16 17 16 21 17 18 18 19 19 20 20 21
Circ22_1-5-9 22 66 0 1 0 5 0 9 0 13 0 17 0 21 1 2 1 6 1 10 1 14 1 18 2 3 2 7 2 11 2 15 2 19 3 4 3 8 3 12 3 16 3 20 4 5 4 9 4 13 4 17 4 21 5 6 5 10 5 14 5 18 6 7 6 11 6 15 6 19 7 8 7 12 7 16 7 20 8 9 8 13 8 17 8 21 9 10 9 14 9 18 10 11 10 15 10 19 11 12 11 16 11 20 12 13 12 17 12 21 13 14 13 18 14 15 14 19 15 16 15 20 16 17 16 21 17 18 18 19 19 20 20 21
Circ22_1-5-11 22 55 0 1 0 5 0 11 0 17 0 21 1 2 1 6 1 12 1 18 2 3 2 7 2 13 2 19 3 4 3 8 3 14 3 20 4 5 4 9 4 15 4 21 5 6 5 10 5 16 6 7 6 11 6 17 7 8 7 12 7 18 8 9 8 13 8 19 9 10 9 14 9 20 10 11 10 15 10 21 11 12 11 16 12 13 12 17 13 14 13 18 14 15 14 19 15 16 15 20 16 17 16 21 17 18 18 19 19 20 20 21
Circ22_1-6-9 22 66 0 1 0 6 0 9 0 13 0 16 0 21 1 2 1 7 1 10 1 14 1 17 2 3 2 8 2 11 2 15 2 18 3 4 3 9 3 12 3 16 3 19 4 5 4 10 4 13 4 17 4 20 5 6 5 11 5 14 5 18 5 21 6 7 6 12 6 15 6 19 7 8 7 13 7 16 7 20 8 9 8 14 8 17 8 21 9 10 9 15 9 18 10 11 10 16 10 19 11 12 11 17 11 20 12 13 12 18 12 21 13 14 13 19 14 15 14 20 15 16 15 21 16 17 17 18 18 19 19 20 20 21
Circ22_1-6-11 22 55 0 1 0 6 0 11 0 16 0 21 1 2 1 7 1 12 1 17 2 3 2 8 2 13 2 18 3 4 3 9 3 14 3 19 4 5 4 10 4 15 4 20 5 6 5 11 5 16 5 21 6 7 6 12 6 17 7 8 7 13 7 18 8 9 8 14 8 19 9 10 9 15 9 20 10 11 10 16 10 21 11 12 11 17 12 13 12 18 13 14 13 19 14 15 14 20 15 16 15 21 16 17 17 18 18 19 19 20 20 21
Circ22_1-7-9 22 66 0 1 0 7 0 9 0 13 0 15 0 21 1 2 1 8 1 10 1 14 1 16 2 3 2 9 2 11 2 15 2 17 3 4 3 10 3 12 3 16 3 18 4 5 4 11 4 13 4 17 4 19 5 6 5 12 5 14 5 18 5 20 6 7 6 13 6 15 6 19 6 21 7 8 7 14 7 16 7 20 8 9 8 15 8 17 8 21 9 10 9 16 9 18 10 11 10 17 10 19 11 12 11 18 11 20 12 13 12 19 12 21 13 14 13 20 14 15 14 21 15 16 16 17 17 18 18 19 19 20 20 21
Circ22_1-7-10 22 66 0 1 0 7 0 10 0 12 0 15 0 21 1 2 1 8 1 11 1 13 1 16 2 3 2 9 2 12 2 14 2 17 3 4 3 10 3 13 3 15 3 18 4 5 4 11 4 14 4 16 4 19 5 6 5 12 5 15 5 17 5 20 6 7 6 13 6 16 6 18 6 21 7 8 7 14 7 17 7 19 8 9 8 15 8 18 8 20 9 10 9 16 9 19 9 21 10 11 10 17 10 20 11 12 11 18 11 21 12 13 12 19 13 14 13 20 14 15 14 21 15 16 16 17 17 18 18 19 19 20 20 21
Circ22_1-7-11 22 55 0 1 0 7 0 11 0 15 0 21 1 2 1 8 1 12 1 16 2 3 2 9 2 13 2 17 3 4 3 10 3 14 3 18 4 5 4 11 4 15 4 19 5 6 5 12 5 16 5 20 6 7 6 13 6 17 6 21 7 8 7 14 7 18 8 9 8 15 8 19 9 10 9 16 9 20 10 11 10 17 10 21 11 12 11 18 12 13 12 19 13 14 13 20 14 15 14 21 15 16 16 17 17 18 18 19 19 20 20 21
Circ22_1-8-10 22 66 0 1 0 8 0 10 0 12 0 14 0 21 1 2 1 9 1 11 1 13 1 15 2 3 2 10 2 12 2 14 2 16 3 4 3 11 3 13 3 15 3 17 4 5 4 12 4 14 4 16 4 18 5 6 5 13 5 15 5 17 5 19 6 7 6 14 6 16 6 18 6 20 7 8 7 15 7 17 7 19 7 21 8 9 8 16 8 18 8 20 9 10 9 17 9 19 9 21 10 11 10 18 10 20 11 12 11 19 11 21 12 13 12 20 13 14 13 21 14 15 15 16 16 17 17 18 18 19 19 20 20 21
Circ22_1-8-11 22 55 0 1 0 8 0 11 0 14 0 21 1 2 1 9 1 12 1 15 2 3 2 10 2 13 2 16 3 4 3 11 3 14 3 17 4 5 4 12 4 15 4 18 5 6 5 13 5 16 5 19 6 7 6 14 6 17 6 20 7 8 7 15 7 18 7 21 8 9 8 16 8 19 9 10 9 17 9 20 10 11 10 18 10 21 11 12 11 19 12 13 12 20 13 14 13 21 14 15 15 16 16 17 17 18 18 19 19 20 20 21
Circ22_1-9-11 22 55 0 1 0 9 0 11 0 13 0 21 1 2 1 10 1 12 1 14 2 3 2 11 2 13 2 15 3 4 3 12 3 14 3 16 4 5 4 13 4 15 4 17 5 6 5 14 5 16 5 18 6 7 6 15 6 17 6 19 7 8 7 16 7 18 7 20 8 9 8 17 8 19 8 21 9 10 9 18 9 20 10 11 10 19 10 21 11 12 11 20 12 13 12 21 13 14 14 15 15 16 16 17 17 18 18 19 19 20 20 21
Circ22_2-3-7 22 66 0 2 0 3 0 7 0 15 0 19 0 20 1 3 1 4 1 8 1 16 1 20 1 21 2 4 2 5 2 9 2 17 2 21 3 5 3 6 3 10 3 18 4 6 4 7 4 11 4 19 5 7 5 8 5 12 5 20 6 8 6 9 6 13 6 21 7 9 7 10 7 14 8 10 8 11 8 15 9 11 9 12 9 16 10 12 10 13 10 17 11 13 11 14 11 18 12 14 12 15 12 19 13 15 13 16 13 20 14 16 14 17 14 21 15 17 15 18 16 18 16 19 17 19 17 20 18 20 18 21 19 21
Circ22_2-3-8 22 66 0 2 0 3 0 8 0 14 0 19 0 20 1 3 1 4 1 9 1 15 1 20 1 21 2 4 2 5 2 10 2 16 2 21 3 5 3 6 3 11 3 17 4 6 4 7 4 12 4 18 5 7 5 8 5 13 5 19 6 8 6 9 6 14 6 20 7 9 7 10 7 15 7 21 8 10 8 11 8 16 9 11 9 12 9 17 10 12 10 13 10 18 11 13 11 14 11 19 12 14 12 15 12 20 13 15 13 16 13 21 14 16 14 17 15 17 15 18 16 18 16 19 17 19 17 20 18 20 18 21 19 21
Circ22_2-3-9 22 66 0 2 0 3 0 9 0 13 0 19 0 20 1 3 1 4 1 10 1 14 1 20 1 21 2 4 2 5 2 11 2 15 2 21 3 5 3 6 3 12 3 16 4 6 4 7 4 13 4 17 5 7 5 8 5 14 5 18 6 8 6 9 6 15 6 19 7 9 7 10 7 16 7 20 8 10 8 11 8 17 8 21 9 11 9 12 9 18 10 12 10 13 10 19 11 13 11 14 11 20 12 14 12 15 12 21 13 15 13 16 14 16 14 17 15 17 15 18 16 18 16 19 17 19 17 20 18 20 18 21 19 21
Circ22_2-3-11 22 55 0 2 0 3 0 11 0 19 0 20 1 3 1 4 1 12 1 20 1 21 2 4 2 5 2 13 2 21 3 5 3 6 3 14 4 6 4 7 4 15 5 7 5 8 5 16 6 8 6 9 6 17 7 9 7 10 7 18 8 10 8 11 8 19 9 11 9 12 9 20 10 12 10 13 10 21 11 13 11 14 12 14 12 15 13 15 13 16 14 16 14 17 15 17 15 18 16 18 16 19 17 19 17 20 18 20 18 21 19 21
Circ22_2-5-6 22 66 0 2 0 5 0 6 0 16 0 17 0 20 1 3 1 6 1 7 1 17 1 18 1 21 2 4 2 7 2 8 2 18 2 19 3 5 3 8 3 9 3 19 3 20 4 6 4 9 4 10 4 20 4 21 5 7 5 10 5 11 5 21 6 8 6 11 6 12 7 9 7 12 7 13 8 10 8 13 8 14 9 11 9 14 9 15 10 12 10 15 10 16 11 13 11 16 11 17 12 14 12 17 12 18 13 15 13 18 13 19 14 16 14 19 14 20 15 17 15 20 15 21 16 18 16 21 17 19 18 20 19 21
Circ22_2-5-8 22 66 0 2 0 5 0 8 0 14 0 17 0 20 1 3 1 6 1 9 1 15 1 18 1 21 2 4 2 7 2 10 2 16 2 19 3 5 3 8 3 11 3 17 3 20 4 6 4 9 4 12 4 18 4 21 5 7 5 10 5 13 5 19 6 8 6 11 6 14 6 20 7 9 7 12 7 15 7 21 8 10 8 13 8 16 9 11 9 14 9 17 10 12 10 15 10 18 11 13 11 16 11 19 12 14 12 17 12 20 13 15 13 18 13 21 14 16 14 19 15 17 15 20 16 18 16 21 17 19 18 20 19 21
Circ22_2-5-9 22 66 0 2 0 5 0 9 0 13 0 17 0 20 1 3 1 6 1 10 1 14 1 18 1 21 2 4 2 7 2 11 2 15 2 19 3 5 3 8 3 12 3 16 3 20 4 6 4 9 4 13 4 17 4 21 5 7 5 10 5 14 5 18 6 8 6 11 6 15 6 19 7 9 7 12 7 16 7 20 8 10 8 13 8 17 8 21 9 11 9 14 9 18 10 12 10 15 10 19 11 13 11 16 11 20 12 14 12 17 12 21 13 15 13 18 14 16 14 19 15 17 15 20 16 18 16 21 17 19 18 20 19 21
Circ22_2-5-11 22 55 0 2 0 5 0 11 0 17 0 20 1 3 1 6 1 12 1 18 1 21 2 4 2 7 2 13 2 19 3 5 3 8 3 14 3 20 4 6 4 9 4 15 4 21 5 7 5 10 5 16 6 8 6 11 6 17 7 9 7 12 7 18 8 10 8 13 8 19 9 11 9 14 9 20 10 12 10 15 10 21 11 13 11 16 12 14 12 17 13 15 13 18 14 16 14 19 15 17 15 20 16 18 16 21 17 19 18 20 19 21
Circ22_2-6-7 22 66 0 2 0 6 0 7 0 15 0 16 0 20 1 3 1 7 1 8 1 16 1 17 1 21 2 4 2 8 2 9 2 17 2 18 3 5 3 9 3 10 3 18 3 19 4 6 4 10 4 11 4 19 4 20 5 7 5 11 5 12 5 20 5 21 6 8 6 12 6 13 6 21 7 9 7 13 7 14 8 10 8 14 8 15 9 11 9 15 9 16 10 12 10 16 10 17 11 13 11 17 11 18 12 14 12 18 12 19 13 15 13 19 13 20 14 16 14 20 14 21 15 17 15 21 16 18 17 19 18 20 19 21
Circ22_2-6-9 22 66 0 2 0 6 0 9 0 13 0 16 0 20 1 3 1 7 1 10 1 14 1 17 1 21 2 4 2 8 2 11 2 15 2 18 3 5 3 9 3 12 3 16 3 19 4 6 4 10 4 13 4 17 4 20 5 7 5 11 5 14 5 18 5 21 6 8 6 12 6 15 6 19 7 9 7 13 7 16 7 20 8 10 8 14 8 17 8 21 9 11 9 15 9 18 10 12 10 16 10 19 11 13 11 17 11 20 12 14 12 18 12 21 13 15 13 19 14 16 14 20 15 17 15 21 16 18 17 19 18 20 19 21
Circ22_2-6-11 22 55 0 2 0 6 0 11 0 16 0 20 1 3 1 7 1 12 1 17 1 21 2 4 2 8 2 13 2 18 3 5 3 9 3 14 3 19 4 6 4 10 4 15 4 20 5 7 5 11 5 16 5 21 6 8 6 12 6 17 7 9 7 13 7 18 8 10 8 14 8 19 9 11 9 15 9 20 10 12 10 16 10 21 11 13 11 17 12 14 12 18 13 15 13 19 14 16 14 20 15 17 15 21 16 18 17 19 18 20 19 21
Circ22_2-7-11 22 55 0 2 0 7 0 11 0 15 0 20 1 3 1 8 1 12 1 16 1 21 2 4 2 9 2 13 2 17 3 5 3 10 3 14 3 18 4 6 4 11 4 15 4 19 5 7 5 12 5 16 5 20 6 8 6 13 6 17 6 21 7 9 7 14 7 18 8 10 8 15 8 19 9 11 9 16 9 20 10 12 10 17 10 21 11 13 11 18 12 14 12 19 13 15 13 20 14 16 14 21 15 17 16 18 17 19 18 20 19 21
Circ22_2-8-9 22 66 0 2 0 8 0 9 0 13 0 14 0 20 1 3 1 9 1 10 1 14 1 15 1 21 2 4 2 10 2 11 2 15 2 16 3 5 3 11 3 12 3 16 3 17 4 6 4 12 4 13 4 17 4 18 5 7 5 13 5 14 5 18 5 19 6 8 6 14 6 15 6 19 6 20 7 9 7 15 7 16 7 20 7 21 8 10 8 16 8 17 8 21 9 11 9 17 9 18 10 12 10 18 10 19 11 13 11 19 11 20 12 14 12 20 12 21 13 15 13 21 14 16 15 17 16 18 17 19 18 20 19 21
Circ22_2-8-11 22 55 0 2 0 8 0 11 0 14 0 20 1 3 1 9 1 12 1 15 1 21 2 4 2 10 2 13 2 16 3 5 3 11 3 14 3 17 4 6 4 12 4 15 4 18 5 7 5 13 5 16 5 19 6 8 6 14 6 17 6 20 7 9 7 15 7 18 7 21 8 10 8 16 8 19 9 11 9 17 9 20 10 12 10 18 10 21 11 13 11 19 12 14 12 20 13 15 13 21 14 16 15 17 16 18 17 19 18 20 19 21
Circ22_3-4-5 22 66 0 3 0 4 0 5 0 17 0 18 0 19 1 4 1 5 1 6 1 18 1 19 1 20 2 5 2 6 2 7 2 19 2 20 2 21 3 6 3 7 3 8 3 20 3 21 4 7 4 8 4 9 4 21 5 8 5 9 5 10 6 9 6 10 6 11 7 10 7 11 7 12 8 11 8 12 8 13 9 12 9 13 9 14 10 13 10 14 10 15 11 14 11 15 11 16 12 15 12 16 12 17 13 16 13 17 13 18 14 17 14 18 14 19 15 18 15 19 15 20 16 19 16 20 16 21 17 20 17 21 18 21
Circ22_3-4-10 22 66 0 3 0 4 0 10 0 12 0 18 0 19 1 4 1 5 1 11 1 13 1 19 1 20 2 5 2 6 2 12 2 14 2 20 2 21 3 6 3 7 3 13 3 15 3 21 4 7 4 8 4 14 4 16 5 8 5 9 5 15 5 17 6 9 6 10 6 16 6 18 7 10 7 11 7 17 7 19 8 11 8 12 8 18 8 20 9 12 9 13 9 19 9 21 10 13 10 14 10 20 11 14 11 15 11 21 12 15 12 16 13 16 13 17 14 17 14 18 15 18 15 19 16 19 16 20 17 20 17 21 18 21
Circ22_3-4-11 22 55 0 3 0 4 0 11 0 18 0 19 1 4 1 5 1 12 1 19 1 20 2 5 2 6 2 13 2 20 2 21 3 6 3 7 3 14 3 21 4 7 4 8 4 15 5 8 5 9 5 16 6 9 6 10 6 17 7 10 7 11 7 18 8 11 8 12 8 19 9 12 9 13 9 20 10 13 10 14 10 21 11 14 11 15 12 15 12 16 13 16 13 17 14 17 14 18 15 18 15 19 16 19 16 20 17 20 17 21 18 21
Circ22_3-5-7 22 66 0 3 0 5 0 7 0 15 0 17 0 19 1 4 1 6 1 8 1 16 1 18 1 20 2 5 2 7 2 9 2 17 2 19 2 21 3 6 3 8 3 10 3 18 3 20 4 7 4 9 4 11 4 19 4 21 5 8 5 10 5 12 5 20 6 9 6 11 6 13 6 21 7 10 7 12 7 14 8 11 8 13 8 15 9 12 9 14 9 16 10 13 10 15 10 17 11 14 11 16 11 18 12 15 12 17 12 19 13 16 13 18 13 20 14 17 14 19 14 21 15 18 15 20 16 19 16 21 17 20 18 21
Circ22_3-5-9 22 66 0 3 0 5 0 9 0 13 0 17 0 19 1 4 1 6 1 10 1 14 1 18 1 20 2 5 2 7 2 11 2 15 2 19 2 21 3 6 3 8 3 12 3 16 3 20 4 7 4 9 4 13 4 17 4 21 5 8 5 10 5 14 5 18 6 9 6 11 6 15 6 19 7 10 7 12 7 16 7 20 8 11 8 13 8 17 8 21 9 12 9 14 9 18 10 13 10 15 10 19 11 14 11 16 11 20 12 15 12 17 12 21 13 16 13 18 14 17 14 19 15 18 15 20 16 19 16 21 17 20 18 21
Circ22_3-5-11 22 55 0 3 0 5 0 11 0 17 0 19 1 4 1 6 1 12 1 18 1 20 2 5 2 7 2 13 2 19 2 21 3 6 3 8 3 14 3 20 4 7 4 9 4 15 4 21 5 8 5 10 5 16 6 9 6 11 6 17 7 10 7 12 7 18 8 11 8 13 8 19 9 12 9 14 9 20 10 13 10 15 10 21 11 14 11 16 12 15 12 17 13 16 13 18 14 17 14 19 15 18 15 20 16 19 16 21 17 20 18 21
Circ22_3-7-9 22 66 0 3 0 7 0 9 0 13 0 15 0 19 1 4 1 8 1 10 1 14 1 16 1 20 2 5 2 9 2 11 2 15 2 17 2 21 3 6 3 10 3 12 3 16 3 18 4 7 4 11 4 13 4 17 4 19 5 8 5 12 5 14 5 18 5 20 6 9 6 13 6 15 6 19 6 21 7 10 7 14 7 16 7 20 8 11 8 15 8 17 8 21 9 12 9 16 9 18 10 13 10 17 10 19 11 14 11 18 11 20 12 15 12 19 12 21 13 16 13 20 14 17 14 21 15 18 16 19 17 20 18 21
Circ22_3-7-11 22 55 0 3 0 7 0 11 0 15 0 19 1 4 1 8 1 12 1 16 1 20 2 5 2 9 2 13 2 17 2 21 3 6 3 10 3 14 3 18 4 7 4 11 4 15 4 19 5 8 5 12 5 16 5 20 6 9 6 13 6 17 6 21 7 10 7 14 7 18 8 11 8 15 8 19 9 12 9 16 9 20 10 13 10 17 10 21 11 14 11 18 12 15 12 19 13 16 13 20 14 17 14 21 15 18 16 19 17 20 18 21
Circ22_3-8-9 22 66 0 3 0 8 0 9 0 13 0 14 0 19 1 4 1 9 1 10 1 14 1 15 1 20 2 5 2 10 2 11 2 15 2 16 2 21 3 6 3 11 3 12 3 16 3 17 4 7 4 12 4 13 4 17 4 18 5 8 5 13 5 14 5 18 5 19 6 9 6 14 6 15 6 19 6 20 7 10 7 15 7 16 7 20 7 21 8 11 8 16 8 17 8 21 9 12 9 17 9 18 10 13 10 18 10 19 11 14 11 19 11 20 12 15 12 20 12 21 13 16 13 21 14 17 15 18 16 19 17 20 18 21
Circ22_3-8-10 22 66 0 3 0 8 0 10 0 12 0 14 0 19 1 4 1 9 1 11 1 13 1 15 1 20 2 5 2 10 2 12 2 14 2 16 2 21 3 6 3 11 3 13 3 15 3 17 4 7 4 12 4 14 4 16 4 18 5 8 5 13 5 15 5 17 5 19 6 9 6 14 6 16 6 18 6 20 7 10 7 15 7 17 7 19 7 21 8 11 8 16 8 18 8 20 9 12 9 17 9 19 9 21 10 13 10 18 10 20 11 14 11 19 11 21 12 15 12 20 13 16 13 21 14 17 15 18 16 19 17 20 18 21
Circ22_3-9-11 22 55 0 3 0 9 0 11 0 13 0 19 1 4 1 10 1 12 1 14 1 20 2 5 2 11 2 13 2 15 2 21 3 6 3 12 3 14 3 16 4 7 4 13 4 15 4 17 5 8 5 14 5 16 5 18 6 9 6 15 6 17 6 19 7 10 7 16 7 18 7 20 8 11 8 17 8 19 8 21 9 12 9 18 9 20 10 13 10 19 10 21 11 14 11 20 12 15 12 21 13 16 14 17 15 18 16 19 17 20 18 21
Circ22_3-10-11 22 55 0 3 0 10 0 11 0 12 0 19 1 4 1 11 1 12 1 13 1 20 2 5 2 12 2 13 2 14 2 21 3 6 3 13 3 14 3 15 4 7 4 14 4 15 4 16 5 8 5 15 5 16 5 17 6 9 6 16 6 17 6 18 7 10 7 17 7 18 7 19 8 11 8 18 8 19 8 20 9 12 9 19 9 20 9 21 10 13 10 20 10 21 11 14 11 21 12 15 13 16 14 17 15 18 16 19 17 20 18 21
Circ22_4-5-6 22 66 0 4 0 5 0 6 0 16 0 17 0 18 1 5 1 6 1 7 1 17 1 18 1 19 2 6 2 7 2 8 2 18 2 19 2 20 3 7 3 8 3 9 3 19 3 20 3 21 4 8 4 9 4 10 4 20 4 21 5 9 5 10 5 11 5 21 6 10 6 11 6 12 7 11 7 12 7 13 8 12 8 13 8 14 9 13 9 14 9 15 10 14 10 15 10 16 11 15 11 16 11 17 12 16 12 17 12 18 13 17 13 18 13 19 14 18 14 19 14 20 15 19 15 20 15 21 16 20 16 21 17 21
Circ22_4-5-7 22 66 0 4 0 5 0 7 0 15 0 17 0 18 1 5 1 6 1 8 1 16 1 18 1 19 2 6 2 7 2 9 2 17 2 19 2 20 3 7 3 8 3 10 3 18 3 20 3 21 4 8 4 9 4 11 4 19 4 21 5 9 5 10 5 12 5 20 6 10 6 11 6 13 6 21 7 11 7 12 7 14 8 12 8 13 8 15 9 13 9 14 9 16 10 14 10 15 10 17 11 15 11 16 11 18 12 16 12 17 12 19 13 17 13 18 13 20 14 18 14 19 14 21 15 19 15 20 16 20 16 21 17 21
Circ22_4-5-11 22 55 0 4 0 5 0 11 0 17 0 18 1 5 1 6 1 12 1 18 1 19 2 6 2 7 2 13 2 19 2 20 3 7 3 8 3 14 3 20 3 21 4 8 4 9 4 15 4 21 5 9 5 10 5 16 6 10 6 11 6 17 7 11 7 12 7 18 8 12 8 13 8 19 9 13 9 14 9 20 10 14 10 15 10 21 11 15 11 16 12 16 12 17 13 17 13 18 14 18 14 19 15 19 15 20 16 20 16 21 17 21
Circ22_4-6-7 22 66 0 4 0 6 0 7 0 15 0 16 0 18 1 5 1 7 1 8 1 16 1 17 1 19 2 6 2 8 2 9 2 17 2 18 2 20 3 7 3 9 3 10 3 18 3 19 3 21 4 8 4 10 4 11 4 19 4 20 5 9 5 11 5 12 5 20 5 21 6 10 6 12 6 13 6 21 7 11 7 13 7 14 8 12 8 14 8 15 9 13 9 15 9 16 10 14 10 16 10 17 11 15 11 17 11 18 12 16 12 18 12 19 13 17 13 19 13 20 14 18 14 20 14 21 15 19 15 21 16 20 17 21
Circ22_4-6-11 22 55 0 4 0 6 0 11 0 16 0 18 1 5 1 7 1 12 1 17 1 19 2 6 2 8 2 13 2 18 2 20 3 7 3 9 3 14 3 19 3 21 4 8 4 10 4 15 4 20 5 9 5 11 5 16 5 21 6 10 6 12 6 17 7 11 7 13 7 18 8 12 8 14 8 19 9 13 9 15 9 20 10 14 10 16 10 21 11 15 11 17 12 16 12 18 13 17 13 19 14 18 14 20 15 19 15 21 16 20 17 21
Circ22_4-7-10 22 66 0 4 0 7 0 10 0 12 0 15 0 18 1 5 1 8 1 11 1 13 1 16 1 19 2 6 2 9 2 12 2 14 2 17 2 20 3 7 3 10 3 13 3 15 3 18 3 21 4 8 4 11 4 14 4 16 4 19 5 9 5 12 5 15 5 17 5 20 6 10 6 13 6 16 6 18 6 21 7 11 7 14 7 17 7 19 8 12 8 15 8 18 8 20 9 13 9 16 9 19 9 21 10 14 10 17 10 20 11 15 11 18 11 21 12 16 12 19 13 17 13 20 14 18 14 21 15 19 16 20 17 21
Circ22_4-10-11 22 55 0 4 0 10 0 11 0 12 0 18 1 5 1 11 1 12 1 13 1 19 2 6 2 12 2 13 2 14 2 20 3 7 3 13 3 14 3 15 3 21 4 8 4 14 4 15 4 16 5 9 5 15 5 16 5 17 6 10 6 16 6 17 6 18 7 11 7 17 7 18 7 19 8 12 8 18 8 19 8 20 9 13 9 19 9 20 9 21 10 14 10 20 10 21 11 15 11 21 12 16 13 17 14 18 15 19 16 20 17 21
Circ22_5-6-7 22 66 0 5 0 6 0 7 0 15 0 16 0 17 1 6 1 7 1 8 1 16 1 17 1 18 2 7 2 8 2 9 2 17 2 18 2 19 3 8 3 9 3 10 3 18 3 19 3 20 4 9 4 10 4 11 4 19 4 20 4 21 5 10 5 11 5 12 5 20 5 21 6 11 6 12 6 13 6 21 7 12 7 13 7 14 8 13 8 14 8 15 9 14 9 15 9 16 10 15 10 16 10 17 11 16 11 17 11 18 12 17 12 18 12 19 13 18 13 19 13 20 14 19 14 20 14 21 15 20 15 21 16 21
Circ22_5-6-9 22 66 0 5 0 6 0 9 0 13 0 16 0 17 1 6 1 7 1 10 1 14 1 17 1 18 2 7 2 8 2 11 2 15 2 18 2 19 3 8 3 9 3 12 3 16 3 19 3 20 4 9 4 10 4 13 4 17 4 20 4 21 5 10 5 11 5 14 5 18 5 21 6 11 6 12 6 15 6 19 7 12 7 13 7 16 7 20 8 13 8 14 8 17 8 21 9 14 9 15 9 18 10 15 10 16 10 19 11 16 11 17 11 20 12 17 12 18 12 21 13 18 13 19 14 19 14 20 15 20 15 21 16 21
Circ22_5-7-9 22 66 0 5 0 7 0 9 0 13 0 15 0 17 1 6 1 8 1 10 1 14 1 16 1 18 2 7 2 9 2 11 2 15 2 17 2 19 3 8 3 10 3 12 3 16 3 18 3 20 4 9 4 11 4 13 4 17 4 19 4 21 5 10 5 12 5 14 5 18 5 20 6 11 6 13 6 15 6 19 6 21 7 12 7 14 7 16 7 20 8 13 8 15 8 17 8 21 9 14 9 16 9 18 10 15 10 17 10 19 11 16 11 18 11 20 12 17 12 19 12 21 13 18 13 20 14 19 14 21 15 20 16 21
Circ22_5-7-11 22 55 0 5 0 7 0 11 0 15 0 17 1 6 1 8 1 12 1 16 1 18 2 7 2 9 2 13 2 17 2 19 3 8 3 10 3 14 3 18 3 20 4 9 4 11 4 15 4 19 4 21 5 10 5 12 5 16 5 20 6 11 6 13 6 17 6 21 7 12 7 14 7 18 8 13 8 15 8 19 9 14 9 16 9 20 10 15 10 17 10 21 11 16 11 18 12 17 12 19 13 18 13 20 14 19 14 21 15 20 16 21
Circ22_5-8-11 22 55 0 5 0 8 0 11 0 14 0 17 1 6 1 9 1 12 1 15 1 18 2 7 2 10 2 13 2 16 2 19 3 8 3 11 3 14 3 17 3 20 4 9 4 12 4 15 4 18 4 21 5 10 5 13 5 16 5 19 6 11 6 14 6 17 6 20 7 12 7 15 7 18 7 21 8 13 8 16 8 19 9 14 9 17 9 20 10 15 10 18 10 21 11 16 11 19 12 17 12 20 13 18 13 21 14 19 15 20 16 21
Circ22_5-9-11 22 55 0 5 0 9 0 11 0 13 0 17 1 6 1 10 1 12 1 14 1 18 2 7 2 11 2 13 2 15 2 19 3 8 3 12 3 14 3 16 3 20 4 9 4 13 4 15 4 17 4 21 5 10 5 14 5 16 5 18 6 11 6 15 6 17 6 19 7 12 7 16 7 18 7 20 8 13 8 17 8 19 8 21 9 14 9 18 9 20 10 15 10 19 10 21 11 16 11 20 12 17 12 21 13 18 14 19 15 20 16 21
Circ22_6-7-11 22 55 0 6 0 7 0 11 0 15 0 16 1 7 1 8 1 12 1 16 1 17 2 8 2 9 2 13 2 17 2 18 3 9 3 10 3 14 3 18 3 19 4 10 4 11 4 15 4 19 4 20 5 11 5 12 5 16 5 20 5 21 6 12 6 13 6 17 6 21 7 13 7 14 7 18 8 14 8 15 8 19 9 15 9 16 9 20 10 16 10 17 10 21 11 17 11 18 12 18 12 19 13 19 13 20 14 20 14 21 15 21
Circ22_6-9-11 22 55 0 6 0 9 0 11 0 13 0 16 1 7 1 10 1 12 1 14 1 17 2 8 2 11 2 13 2 15 2 18 3 9 3 12 3 14 3 16 3 19 4 10 4 13 4 15 4 17 4 20 5 11 5 14 5 16 5 18 5 21 6 12 6 15 6 17 6 19 7 13 7 16 7 18 7 20 8 14 8 17 8 19 8 21 9 15 9 18 9 20 10 16 10 19 10 21 11 17 11 20 12 18 12 21 13 19 14 20 15 21
Circ22_7-9-10 22 66 0 7 0 9 0 10 0 12 0 13 0 15 1 8 1 10 1 11 1 13 1 14 1 16 2 9 2 11 2 12 2 14 2 15 2 17 3 10 3 12 3 13 3 15 3 16 3 18 4 11 4 13 4 14 4 16 4 17 4 19 5 12 5 14 5 15 5 17 5 18 5 20 6 13 6 15 6 16 6 18 6 19 6 21 7 14 7 16 7 17 7 19 7 20 8 15 8 17 8 18 8 20 8 21 9 16 9 18 9 19 9 21 10 17 10 19 10 20 11 18 11 20 11 21 12 19 12 21 13 20 14 21
Circ22_7-9-11 22 55 0 7 0 9 0 11 0 13 0 15 1 8 1 10 1 12 1 14 1 16 2 9 2 11 2 13 2 15 2 17 3 10 3 12 3 14 3 16 3 18 4 11 4 13 4 15 4 17 4 19 5 12 5 14 5 16 5 18 5 20 6 13 6 15 6 17 6 19 6 21 7 14 7 16 7 18 7 20 8 15 8 17 8 19 8 21 9 16 9 18 9 20 10 17 10 19 10 21 11 18 11 20 12 19 12 21 13 20 14 21
Circ22_7-10-11 22 55 0 7 0 10 0 11 0 12 0 15 1 8 1 11 1 12 1 13 1 16 2 9 2 12 2 13 2 14 2 17 3 10 3 13 3 14 3 15 3 18 4 11 4 14 4 15 4 16 4 19 5 12 5 15 5 16 5 17 5 20 6 13 6 16 6 17 6 18 6 21 7 14 7 17 7 18 7 19 8 15 8 18 8 19 8 20 9 16 9 19 9 20 9 21 10 17 10 20 10 21 11 18 11 21 12 19 13 20 14 21
Circ22_8-9-10 22 66 0 8 0 9 0 10 0 12 0 13 0 14 1 9 1 10 1 11 1 13 1 14 1 15 2 10 2 11 2 12 2 14 2 15 2 16 3 11 3 12 3 13 3 15 3 16 3 17 4 12 4 13 4 14 4 16 4 17 4 18 5 13 5 14 5 15 5 17 5 18 5 19 6 14 6 15 6 16 6 18 6 19 6 20 7 15 7 16 7 17 7 19 7 20 7 21 8 16 8 17 8 18 8 20 8 21 9 17 9 18 9 19 9 21 10 18 10 19 10 20 11 19 11 20 11 21 12 20 12 21 13 21
Circ22_8-9-11 22 55 0 8 0 9 0 11 0 13 0 14 1 9 1 10 1 12 1 14 1 15 2 10 2 11 2 13 2 15 2 16 3 11 3 12 3 14 3 16 3 17 4 12 4 13 4 15 4 17 4 18 5 13 5 14 5 16 5 18 5 19 6 14 6 15 6 17 6 19 6 20 7 15 7 16 7 18 7 20 7 21 8 16 8 17 8 19 8 21 9 17 9 18 9 20 10 18 10 19 10 21 11 19 11 20 12 20 12 21 13 21
Circ22_8-10-11 22 55 0 8 0 10 0 11 0 12 0 14 1 9 1 11 1 12 1 13 1 15 2 10 2 12 2 13 2 14 2 16 3 11 3 13 3 14 3 15 3 17 4 12 4 14 4 15 4 16 4 18 5 13 5 15 5 16 5 17 5 19 6 14 6 16 6 17 6 18 6 20 7 15 7 17 7 18 7 19 7 21 8 16 8 18 8 19 8 20 9 17 9 19 9 20 9 21 10 18 10 20 10 21 11 19 11 21 12 20 13 21
Circ22_9-10-11 22 55 0 9 0 10 0 11 0 12 0 13 1 10 1 11 1 12 1 13 1 14 2 11 2 12 2 13 2 14 2 15 3 12 3 13 3 14 3 15 3 16 4 13 4 14 4 15 4 16 4 17 5 14 5 15 5 16 5 17 5 18 6 15 6 16 6 17 6 18 6 19 7 16 7 17 7 18 7 19 7 20 8 17 8 18 8 19 8 20 8 21 9 18 9 19 9 20 9 21 10 19 10 20 10 21 11 20 11 21 12 21
Circ22_1-3-5-7 22 88 0 1 0 3 0 5 0 7 0 15 0 17 0 19 0 21 1 2 1 4 1 6 1 8 1 16 1 18 1 20 2 3 2 5 2 7 2 9 2 17 2 19 2 21 3 4 3 6 3 8 3 10 3 18 3 20 4 5 4 7 4 9 4 11 4 19 4 21 5 6 5 8 5 10 5 12 5 20 6 7 6 9 6 11 6 13 6 21 7 8 7 10 7 12 7 14 8 9 8 11 8 13 8 15 9 10 9 12 9 14 9 16 10 11 10 13 10 15 10 17 11 12 11 14 11 16 11 18 12 13 12 15 12 17 12 19 13 14 13 16 13 18 13 20 14 15 14 17 14 19 14 21 15 16 15 18 15 20 16 17 16 19 16 21 17 18 17 20 18 19 18 21 19 20 20 21
Circ22_1-3-5-9 22 88 0 1 0 3 0 5 0 9 0 13 0 17 0 19 0 21 1 2 1 4 1 6 1 10 1 14 1 18 1 20 2 3 2 5 2 7 2 11 2 15 2 19 2 21 3 4 3 6 3 8 3 12 3 16 3 20 4 5 4 7 4 9 4 13 4 17 4 21 5 6 5 8 5 10 5 14 5 18 6 7 6 9 6 11 6 15 6 19 7 8 7 10 7 12 7 16 7 20 8 9 8 11 8 13 8 17 8 21 9 10 9 12 9 14 9 18 10 11 10 13 10 15 10 19 11 12 11 14 11 16 11 20 12 13 12 15 12 17 12 21 13 14 13 16 13 18 14 15 14 17 14 19 15 16 15 18 15 20 16 17 16 19 16 21 17 18 17 20 18 19 18 21 19 20 20 21
Circ22_1-3-5-11 22 77 0 1 0 3 0 5 0 11 0 17 0 19 0 21 1 2 1 4 1 6 1 12 1 18 1 20 2 3 2 5 2 7 2 13 2 19 2 21 3 4 3 6 3 8 3 14 3 20 4 5 4 7 4 9 4 15 4 21 5 6 5 8 5 10 5 16 6 7 6 9 6 11 6 17 7 8 7 10 7 12 7 18 8 9 8 11 8 13 8 19 9 10 9 12 9 14 9 20 10 11 10 13 10 15 10 21 11 12 11 14 11 16 12 13 12 15 12 17 13 14 13 16 13 18 14 15 14 17 14 19 15 16 15 18 15 20 16 17 16 19 16 21 17 18 17 20 18 19 18 21 19 20 20 21
Circ22_1-3-7-9 22 88 0 1 0 3 0 7 0 9 0 13 0 15 0 19 0 21 1 2 1 4 1 8 1 10 1 14 1 16 1 20 2 3 2 5 2 9 2 11 2 15 2 17 2 21 3 4 3 6 3 10 3 12 3 16 3 18 4 5 4 7 4 11 4 13 4 17 4 19 5 6 5 8 5 12 5 14 5 18 5 20 6 7 6 9 6 13 6 15 6 19 6 21 7 8 7 10 7 14 7 16 7 20 8 9 8 11 8 15 8 17 8 21 9 10 9 12 9 16 9 18 10 11 10 13 10 17 10 19 11 12 11 14 11 18 11 20 12 13 12 15 12 19 12 21 13 14 13 16 13 20 14 15 14 17 14 21 15 16 15 18 16 17 16 19 17 18 17 20 18 19 18 21 19 20 20 21
Circ22_1-3-7-11 22 77 0 1 0 3 0 7 0 11 0 15 0 19 0 21 1 2 1 4 1 8 1 12 1 16 1 20 2 3 2 5 2 9 2 13 2 17 2 21 3 4 3 6 3 10 3 14 3 18 4 5 4 7 4 11 4 15 4 19 5 6 5 8 5 12 5 16 5 20 6 7 6 9 6 13 6 17 6 21 7 8 7 10 7 14 7 18 8 9 8 11 8 15 8 19 9 10 9 12 9 16 9 20 10 11 10 13 10 17 10 21 11 12 11 14 11 18 12 13 12 15 12 19 13 14 13 16 13 20 14 15 14 17 14 21 15 16 15 18 16 17 16 19 17 18 17 20 18 19 18 21 19 20 20 21
Circ22_1-3-8-10 22 88 0 1 0 3 0 8 0 10 0 12 0 14 0 19 0 21 1 2 1 4 1 9 1 11 1 13 1 15 1 20 2 3 2 5 2 10 2 12 2 14 2 16 2 21 3 4 3 6 3 11 3 13 3 15 3 17 4 5 4 7 4 12 4 14 4 16 4 18 5 6 5 8 5 13 5 15 5 17 5 19 6 7 6 9 6 14 6 16 6 18 6 20 7 8 7 10 7 15 7 17 7 19 7 21 8 9 8 11 8 16 8 18 8 20 9 10 9 12 9 17 9 19 9 21 10 11 10 13 10 18 10 20 11 12 11 14 11 19 11 21 12 13 12 15 12 20 13 14 13 16 13 21 14 15 14 17 15 16 15 18 16 17 16 19 17 18 17 20 18 19 18 21 19 20 20 21
Circ22_1-3-9-11 22 77 0 1 0 3 0 9 0 11 0 13 0 19 0 21 1 2 1 4 1 10 1 12 1 14 1 20 2 3 2 5 2 11 2 13 2 15 2 21 3 4 3 6 3 12 3 14 3 16 4 5 4 7 4 13 4 15 4 17 5 6 5 8 5 14 5 16 5 18 6 7 6 9 6 15 6 17 6 19 7 8 7 10 7 16 7 18 7 20 8 9 8 11 8 17 8 19 8 21 9 10 9 12 9 18 9 20 10 11 10 13 10 19 10 21 11 12 11 14 11 20 12 13 12 15 12 21 13 14 13 16 14 15 14 17 15 16 15 18 16 17 16 19 17 18 17 20 18 19 18 21 19 20 20 21
Circ22_1-4-6-11 22 77 0 1 0 4 0 6 0 11 0 16 0 18 0 21 1 2 1 5 1 7 1 12 1 17 1 19 2 3 2 6 2 8 2 13 2 18 2 20 3 4 3 7 3 9 3 14 3 19 3 21 4 5 4 8 4 10 4 15 4 20 5 6 5 9 5 11 5 16 5 21 6 7 6 10 6 12 6 17 7 8 7 11 7 13 7 18 8 9 8 12 8 14 8 19 9 10 9 13 9 15 9 20 10 11 10 14 10 16 10 21 11 12 11 15 11 17 12 13 12 16 12 18 13 14 13 17 13 19 14 15 14 18 14 20 15 16 15 19 15 21 16 17 16 20 17 18 17 21 18 19 19 20 20 21
Circ22_1-4-7-10 22 88 0 1 0 4 0 7 0 10 0 12 0 15 0 18 0 21 1 2 1 5 1 8 1 11 1 13 1 16 1 19 2 3 2 6 2 9 2 12 2 14 2 17 2 20 3 4 3 7 3 10 3 13 3 15 3 18 3 21 4 5 4 8 4 11 4 14 4 16 4 19 5 6 5 9 5 12 5 15 5 17 5 20 6 7 6 10 6 13 6 16 6 18 6 21 7 8 7 11 7 14 7 17 7 19 8 9 8 12 8 15 8 18 8 20 9 10 9 13 9 16 9 19 9 21 10 11 10 14 10 17 10 20 11 12 11 15 11 18 11 21 12 13 12 16 12 19 13 14 13 17 13 20 14 15 14 18 14 21 15 16 15 19 16 17 16 20 17 18 17 21 18 19 19 20 20 21
Circ22_1-5-7-9 22 88 0 1 0 5 0 7 0 9 0 13 0 15 0 17 0 21 1 2 1 6 1 8 1 10 1 14 1 16 1 18 2 3 2 7 2 9 2 11 2 15 2 17 2 19 3 4 3 8 3 10 3 12 3 16 3 18 3 20 4 5 4 9 4 11 4 13 4 17 4 19 4 21 5 6 5 10 5 12 5 14 5 18 5 20 6 7 6 11 6 13 6 15 6 19 6 21 7 8 7 12 7 14 7 16 7 20 8 9 8 13 8 15 8 17 8 21 9 10 9 14 9 16 9 18 10 11 10 15 10 17 10 19 11 12 11 16 11 18 11 20 12 13 12 17 12 19 12 21 13 14 13 18 13 20 14 15 14 19 14 21 15 16 15 20 16 17 16 21 17 18 18 19 19 20 20 21
Circ22_1-5-7-11 22 77 0 1 0 5 0 7 0 11 0 15 0 17 0 21 1 2 1 6 1 8 1 12 1 16 1 18 2 3 2 7 2 9 2 13 2 17 2 19 3 4 3 8 3 10 3 14 3 18 3 20 4 5 4 9 4 11 4 15 4 19 4 21 5 6 5 10 5 12 5 16 5 20 6 7 6 11 6 13 6 17 6 21 7 8 7 12 7 14 7 18 8 9 8 13 8 15 8 19 9 10 9 14 9 16 9 20 10 11 10 15 10 17 10 21 11 12 11 16 11 18 12 13 12 17 12 19 13 14 13 18 13 20 14 15 14 19 14 21 15 16 15 20 16 17 16 21 17 18 18 19 19 20 20 21
Circ22_1-5-8-11 22 77 0 1 0 5 0 8 0 11 0 14 0 17 0 21 1 2 1 6 1 9 1 12 1 15 1 18 2 3 2 7 2 10 2 13 2 16 2 19 3 4 3 8 3 11 3 14 3 17 3 20 4 5 4 9 4 12 4 15 4 18 4 21 5 6 5 10 5 13 5 16 5 19 6 7 6 11 6 14 6 17 6 20 7 8 7 12 7 15 7 18 7 21 8 9 8 13 8 16 8 19 9 10 9 14 9 17 9 20 10 11 10 15 10 18 10 21 11 12 11 16 11 19 12 13 12 17 12 20 13 14 13 18 13 21 14 15 14 19 15 16 15 20 16 17 16 21 17 18 18 19 19 20 20 21
Circ22_1-5-9-11 22 77 0 1 0 5 0 9 0 11 0 13 0 17 0 21 1 2 1 6 1 10 1 12 1 14 1 18 2 3 2 7 2 11 2 13 2 15 2 19 3 4 3 8 3 12 3 14 3 16 3 20 4 5 4 9 4 13 4 15 4 17 4 21 5 6 5 10 5 14 5 16 5 18 6 7 6 11 6 15 6 17 6 19 7 8 7 12 7 16 7 18 7 20 8 9 8 13 8 17 8 19 8 21 9 10 9 14 9 18 9 20 10 11 10 15 10 19 10 21 11 12 11 16 11 20 12 13 12 17 12 21 13 14 13 18 14 15 14 19 15 16 15 20 16 17 16 21 17 18 18 19 19 20 20 21
Circ22_1-6-9-11 22 77 0 1 0 6 0 9 0 11 0 13 0 16 0 21 1 2 1 7 1 10 1 12 1 14 1 17 2 3 2 8 2 11 2 13 2 15 2 18 3 4 3 9 3 12 3 14 3 16 3 19 4 5 4 10 4 13 4 15 4 17 4 20 5 6 5 11 5 14 5 16 5 18 5 21 6 7 6 12 6 15 6 17 6 19 7 8 7 13 7 16 7 18 7 20 8 9 8 14 8 17 8 19 8 21 9 10 9 15 9 18 9 20 10 11 10 16 10 19 10 21 11 12 11 17 11 20 12 13 12 18 12 21 13 14 13 19 14 15 14 20 15 16 15 21 16 17 17 18 18 19 19 20 20 21
Circ22_1-7-9-11 22 77 0 1 0 7 0 9 0 11 0 13 0 15 0 21 1 2 1 8 1 10 1 12 1 14 1 16 2 3 2 9 2 11 2 13 2 15 2 17 3 4 3 10 3 12 3 14 3 16 3 18 4 5 4 11 4 13 4 15 4 17 4 19 5 6 5 12 5 14 5 16 5 18 5 20 6 7 6 13 6 15 6 17 6 19 6 21 7 8 7 14 7 16 7 18 7 20 8 9 8 15 8 17 8 19 8 21 9 10 9 16 9 18 9 20 10 11 10 17 10 19 10 21 11 12 11 18 11 20 12 13 12 19 12 21 13 14 13 20 14 15 14 21 15 16 16 17 17 18 18 19 19 20 20 21
Circ22_2-3-7-11 22 77 0 2 0 3 0 7 0 11 0 15 0 19 0 20 1 3 1 4 1 8 1 12 1 16 1 20 1 21 2 4 2 5 2 9 2 13 2 17 2 21 3 5 3 6 3 10 3 14 3 18 4 6 4 7 4 11 4 15 4 19 5 7 5 8 5 12 5 16 5 20 6 8 6 9 6 13 6 17 6 21 7 9 7 10 7 14 7 18 8 10 8 11 8 15 8 19 9 11 9 12 9 16 9 20 10 12 10 13 10 17 10 21 11 13 11 14 11 18 12 14 12 15 12 19 13 15 13 16 13 20 14 16 14 17 14 21 15 17 15 18 16 18 16 19 17 19 17 20 18 20 18 21 19 21
Circ22_2-3-8-9 22 88 0 2 0 3 0 8 0 9 0 13 0 14 0 19 0 20 1 3 1 4 1 9 1 10 1 14 1 15 1 20 1 21 2 4 2 5 2 10 2 11 2 15 2 16 2 21 3 5 3 6 3 11 3 12 3 16 3 17 4 6 4 7 4 12 4 13 4 17 4 18 5 7 5 8 5 13 5 14 5 18 5 19 6 8 6 9 6 14 6 15 6 19 6 20 7 9 7 10 7 15 7 16 7 20 7 21 8 10 8 11 8 16 8 17 8 21 9 11 9 12 9 17 9 18 10 12 10 13 10 18 10 19 11 13 11 14 11 19 11 20 12 14 12 15 12 20 12 21 13 15 13 16 13 21 14 16 14 17 15 17 15 18 16 18 16 19 17 19 17 20 18 20 18 21 19 21
Circ22_2-5-6-9 22 88 0 2 0 5 0 6 0 9 0 13 0 16 0 17 0 20 1 3 1 6 1 7 1 10 1 14 1 17 1 18 1 21 2 4 2 7 2 8 2 11 2 15 2 18 2 19 3 5 3 8 3 9 3 12 3 16 3 19 3 20 4 6 4 9 4 10 4 13 4 17 4 20 4 21 5 7 5 10 5 11 5 14 5 18 5 21 6 8 6 11 6 12 6 15 6 19 7 9 7 12 7 13 7 16 7 20 8 10 8 13 8 14 8 17 8 21 9 11 9 14 9 15 9 18 10 12 10 15 10 16 10 19 11 13 11 16 11 17 11 20 12 14 12 17 12 18 12 21 13 15 13 18 13 19 14 16 14 19 14 20 15 17 15 20 15 21 16 18 16 21 17 19 18 20 19 21
Circ22_2-5-8-11 22 77 0 2 0 5 0 8 0 11 0 14 0 17 0 20 1 3 1 6 1 9 1 12 1 15 1 18 1 21 2 4 2 7 2 10 2 13 2 16 2 19 3 5 3 8 3 11 3 14 3 17 3 20 4 6 4 9 4 12 4 15 4 18 4 21 5 7 5 10 5 13 5 16 5 19 6 8 6 11 6 14 6 17 6 20 7 9 7 12 7 15 7 18 7 21 8 10 8 13 8 16 8 19 9 11 9 14 9 17 9 20 10 12 10 15 10 18 10 21 11 13 11 16 11 19 12 14 12 17 12 20 13 15 13 18 13 21 14 16 14 19 15 17 15 20 16 18 16 21 17 19 18 20 19 21
Circ22_2-6-7-11 22 77 0 2 0 6 0 7 0 11 0 15 0 16 0 20 1 3 1 7 1 8 1 12 1 16 1 17 1 21 2 4 2 8 2 9 2 13 2 17 2 18 3 5 3 9 3 10 3 14 3 18 3 19 4 6 4 10 4 11 4 15 4 19 4 20 5 7 5 11 5 12 5 16 5 20 5 21 6 8 6 12 6 13 6 17 6 21 7 9 7 13 7 14 7 18 8 10 8 14 8 15 8 19 9 11 9 15 9 16 9 20 10 12 10 16 10 17 10 21 11 13 11 17 11 18 12 14 12 18 12 19 13 15 13 19 13 20 14 16 14 20 14 21 15 17 15 21 16 18 17 19 18 20 19 21
Circ22_3-4-5-11 22 77 0 3 0 4 0 5 0 11 0 17 0 18 0 19 1 4 1 5 1 6 1 12 1 18 1 19 1 20 2 5 2 6 2 7 2 13 2 19 2 20 2 21 3 6 3 7 3 8 3 14 3 20 3 21 4 7 4 8 4 9 4 15 4 21 5 8 5 9 5 10 5 16 6 9 6 10 6 11 6 17 7 10 7 11 7 12 7 18 8 11 8 12 8 13 8 19 9 12 9 13 9 14 9 20 10 13 10 14 10 15 10 21 11 14 11 15 11 16 12 15 12 16 12 17 13 16 13 17 13 18 14 17 14 18 14 19 15 18 15 19 15 20 16 19 16 20 16 21 17 20 17 21 18 21
Circ22_3-4-10-11 22 77 0 3 0 4 0 10 0 11 0 12 0 18 0 19 1 4 1 5 1 11 1 12 1 13 1 19 1 20 2 5 2 6 2 12 2 13 2 14 2 20 2 21 3 6 3 7 3 13 3 14 3 15 3 21 4 7 4 8 4 14 4 15 4 16 5 8 5 9 5 15 5 16 5 17 6 9 6 10 6 16 6 17 6 18 7 10 7 11 7 17 7 18 7 19 8 11 8 12 8 18 8 19 8 20 9 12 9 13 9 19 9 20 9 21 10 13 10 14 10 20 10 21 11 14 11 15 11 21 12 15 12 16 13 16 13 17 14 17 14 18 15 18 15 19 16 19 16 20 17 20 17 21 18 21
Circ22_3-5-7-9 22 88 0 3 0 5 0 7 0 9 0 13 0 15 0 17 0 19 1 4 1 6 1 8 1 10 1 14 1 16 1 18 1 20 2 5 2 7 2 9 2 11 2 15 2 17 2 19 2 21 3 6 3 8 3 10 3 12 3 16 3 18 3 20 4 7 4 9 4 11 4 13 4 17 4 19 4 21 5 8 5 10 5 12 5 14 5 18 5 20 6 9 6 11 6 13 6 15 6 19 6 21 7 10 7 12 7 14 7 16 7 20 8 11 8 13 8 15 8 17 8 21 9 12 9 14 9 16 9 18 10 13 10 15 10 17 10 19 11 14 11 16 11 18 11 20 12 15 12 17 12 19 12 21 13 16 13 18 13 20 14 17 14 19 14 21 15 18 15 20 16 19 16 21 17 20 18 21
Circ22_3-5-7-11 22 77 0 3 0 5 0 7 0 11 0 15 0 17 0 19 1 4 1 6 1 8 1 12 1 16 1 18 1 20 2 5 2 7 2 9 2 13 2 17 2 19 2 21 3 6 3 8 3 10 3 14 3 18 3 20 4 7 4 9 4 11 4 15 4 19 4 21 5 8 5 10 5 12 5 16 5 20 6 9 6 11 6 13 6 17 6 21 7 10 7 12 7 14 7 18 8 11 8 13 8 15 8 19 9 12 9 14 9 16 9 20 10 13 10 15 10 17 10 21 11 14 11 16 11 18 12 15 12 17 12 19 13 16 13 18 13 20 14 17 14 19 14 21 15 18 15 20 16 19 16 21 17 20 18 21
Circ22_3-5-9-11 22 77 0 3 0 5 0 9 0 11 0 13 0 17 0 19 1 4 1 6 1 10 1 12 1 14 1 18 1 20 2 5 2 7 2 11 2 13 2 15 2 19 2 21 3 6 3 8 3 12 3 14 3 16 3 20 4 7 4 9 4 13 4 15 4 17 4 21 5 8 5 10 5 14 5 16 5 18 6 9 6 11 6 15 6 17 6 19 7 10 7 12 7 16 7 18 7 20 8 11 8 13 8 17 8 19 8 21 9 12 9 14 9 18 9 20 10 13 10 15 10 19 10 21 11 14 11 16 11 20 12 15 12 17 12 21 13 16 13 18 14 17 14 19 15 18 15 20 16 19 16 21 17 20 18 21
Circ22_3-7-9-11 22 77 0 3 0 7 0 9 0 11 0 13 0 15 0 19 1 4 1 8 1 10 1 12 1 14 1 16 1 20 2 5 2 9 2 11 2 13 2 15 2 17 2 21 3 6 3 10 3 12 3 14 3 16 3 18 4 7 4 11 4 13 4 15 4 17 4 19 5 8 5 12 5 14 5 16 5 18 5 20 6 9 6 13 6 15 6 17 6 19 6 21 7 10 7 14 7 16 7 18 7 20 8 11 8 15 8 17 8 19 8 21 9 12 9 16 9 18 9 20 10 13 10 17 10 19 10 21 11 14 11 18 11 20 12 15 12 19 12 21 13 16 13 20 14 17 14 21 15 18 16 19 17 20 18 21
Circ22_4-5-6-7 22 88 0 4 0 5 0 6 0 7 0 15 0 16 0 17 0 18 1 5 1 6 1 7 1 8 1 16 1 17 1 18 1 19 2 6 2 7 2 8 2 9 2 17 2 18 2 19 2 20 3 7 3 8 3 9 3 10 3 18 3 19 3 20 3 21 4 8 4 9 4 10 4 11 4 19 4 20 4 21 5 9 5 10 5 11 5 12 5 20 5 21 6 10 6 11 6 12 6 13 6 21 7 11 7 12 7 13 7 14 8 12 8 13 8 14 8 15 9 13 9 14 9 15 9 16 10 14 10 15 10 16 10 17 11 15 11 16 11 17 11 18 12 16 12 17 12 18 12 19 13 17 13 18 13 19 13 20 14 18 14 19 14 20 14 21 15 19 15 20 15 21 16 20 16 21 17 21
Circ22_5-7-9-11 22 77 0 5 0 7 0 9 0 11 0 13 0 15 0 17 1 6 1 8 1 10 1 12 1 14 1 16 1 18 2 7 2 9 2 11 2 13 2 15 2 17 2 19 3 8 3 10 3 12 3 14 3 16 3 18 3 20 4 9 4 11 4 13 4 15 4 17 4 19 4 21 5 10 5 12 5 14 5 16 5 18 5 20 6 11 6 13 6 15 6 17 6 19 6 21 7 12 7 14 7 16 7 18 7 20 8 13 8 15 8 17 8 19 8 21 9 14 9 16 9 18 9 20 10 15 10 17 10 19 10 21 11 16 11 18 11 20 12 17 12 19 12 21 13 18 13 20 14 19 14 21 15 20 16 21
Circ22_7-9-10-11 22 77 0 7 0 9 0 10 0 11 0 12 0 13 0 15 1 8 1 10 1 11 1 12 1 13 1 14 1 16 2 9 2 11 2 12 2 13 2 14 2 15 2 17 3 10 3 12 3 13 3 14 3 15 3 16 3 18 4 11 4 13 4 14 4 15 4 16 4 17 4 19 5 12 5 14 5 15 5 16 5 17 5 18 5 20 6 13 6 15 6 16 6 17 6 18 6 19 6 21 7 14 7 16 7 17 7 18 7 19 7 20 8 15 8 17 8 18 8 19 8 20 8 21 9 16 9 18 9 19 9 20 9 21 10 17 10 19 10 20 10 21 11 18 11 20 11 21 12 19 12 21 13 20 14 21
Circ22_8-9-10-11 22 77 0 8 0 9 0 10 0 11 0 12 0 13 0 14 1 9 1 10 1 11 1 12 1 13 1 14 1 15 2 10 2 11 2 12 2 13 2 14 2 15 2 16 3 11 3 12 3 13 3 14 3 15 3 16 3 17 4 12 4 13 4 14 4 15 4 16 4 17 4 18 5 13 5 14 5 15 5 16 5 17 5 18 5 19 6 14 6 15 6 16 6 17 6 18 6 19 6 20 7 15 7 16 7 17 7 18 7 19 7 20 7 21 8 16 8 17 8 18 8 19 8 20 8 21 9 17 9 18 9 19 9 20 9 21 10 18 10 19 10 20 10 21 11 19 11 20 11 21 12 20 12 21 13 21
Circ23_2 23 23 0 2 0 21 1 3 1 22 2 4 3 5 4 6 5 7 6 8 7 9 8 10 9 11 10 12 11 13 12 14 13 15 14 16 15 17 16 18 17 19 18 20 19 21 20 22
Circ23_3 23 23 0 3 0 20 1 4 1 21 2 5 2 22 3 6 4 7 5 8 6 9 7 10 8 11 9 12 10 13 11 14 12 15 13 16 14 17 15 18 16 19 17 20 18 21 19 22
Circ23_4 23 23 0 4 0 19 1 5 1 20 2 6 2 21 3 7 3 22 4 8 5 9 6 10 7 11 8 12 9 13 10 14 11 15 12 16 13 17 14 18 15 19 16 20 17 21 18 22
Circ23_5 23 23 0 5 0 18 1 6 1 19 2 7 2 20 3 8 3 21 4 9 4 22 5 10 6 11 7 12 8 13 9 14 10 15 11 16 12 17 13 18 14 19 15 20 16 21 17 22
Circ23_6 23 23 0 6 0 17 1 7 1 18 2 8 2 19 3 9 3 20 4 10 4 21 5 11 5 22 6 12 7 13 8 14 9 15 10 16 11 17 12 18 13 19 14 20 15 21 16 22
Circ23_7 23 23 0 7 0 16 1 8 1 17 2 9 2 18 3 10 3 19 4 11 4 20 5 12 5 21 6 13 6 22 7 14 8 15 9 16 10 17 11 18 12 19 13 20 14 21 15 22
Circ23_8 23 23 0 8 0 15 1 9 1 16 2 10 2 17 3 11 3 18 4 12 4 19 5 13 5 20 6 14 6 21 7 15 7 22 8 16 9 17 10 18 11 19 12 20 13 21 14 22
Circ23_9 23 23 0 9 0 14 1 10 1 15 2 11 2 16 3 12 3 17 4 13 4 18 5 14 5 19 6 15 6 20 7 16 7 21 8 17 8 22 9 18 10 19 11 20 12 21 13 22
Circ23_10 23 23 0 10 0 13 1 11 1 14 2 12 2 15 3 13 3 16 4 14 4 17 5 15 5 18 6 16 6 19 7 17 7 20 8 18 8 21 9 19 9 22 10 20 11 21 12 22
Circ23_11 23 23 0 11 0 12 1 12 1 13 2 13 2 14 3 14 3 15 4 15 4 16 5 16 5 17 6 17 6 18 7 18 7 19 8 19 8 20 9 20 9 21 10 21 10 22 11 22
Circ23_1-3 23 46 0 1 0 3 0 20 0 22 1 2 1 4 1 21 2 3 2 5 2 22 3 4 3 6 4 5 4 7 5 6 5 8 6 7 6 9 7 8 7 10 8 9 8 11 9 10 9 12 10 11 10 13 11 12 11 14 12 13 12 15 13 14 13 16 14 15 14 17 15 16 15 18 16 17 16 19 17 18 17 20 18 19 18 21 19 20 19 22 20 21 21 22
Circ23_1-4 23 46 0 1 0 4 0 19 0 22 1 2 1 5 1 20 2 3 2 6 2 21 3 4 3 7 3 22 4 5 4 8 5 6 5 9 6 7 6 10 7 8 7 11 8 9 8 12 9 10 9 13 10 11 10 14 11 12 11 15 12 13 12 16 13 14 13 17 14 15 14 18 15 16 15 19 16 17 16 20 17 18 17 21 18 19 18 22 19 20 20 21 21 22
Circ23_1-5 23 46 0 1 0 5 0 18 0 22 1 2 1 6 1 19 2 3 2 7 2 20 3 4 3 8 3 21 4 5 4 9 4 22 5 6 5 10 6 7 6 11 7 8 7 12 8 9 8 13 9 10 9 14 10 11 10 15 11 12 11 16 12 13 12 17 13 14 13 18 14 15 14 19 15 16 15 20 16 17 16 21 17 18 17 22 18 19 19 20 20 21 21 22
Circ23_1-6 23 46 0 1 0 6 0 17 0 22 1 2 1 7 1 18 2 3 2 8 2 19 3 4 3 9 3 20 4 5 4 10 4 21 5 6 5 11 5 22 6 7 6 12 7 8 7 13 8 9 8 14 9 10 9 15 10 11 10 16 11 12 11 17 12 13 12 18 13 14 13 19 14 15 14 20 15 16 15 21 16 17 16 22 17 18 18 19 19 20 20 21 21 22
Circ23_1-7 23 46 0 1 0 7 0 16 0 22 1 2 1 8 1 17 2 3 2 9 2 18 3 4 3 10 3 19 4 5 4 11 4 20 5 6 5 12 5 21 6 7 6 13 6 22 7 8 7 14 8 9 8 15 9 10 9 16 10 11 10 17 11 12 11 18 12 13 12 19 13 14 13 20 14 15 14 21 15 16 15 22 16 17 17 18 18 19 19 20 20 21 21 22
Circ23_1-8 23 46 0 1 0 8 0 15 0 22 1 2 1 9 1 16 2 3 2 10 2 17 3 4 3 11 3 18 4 5 4 12 4 19 5 6 5 13 5 20 6 7 6 14 6 21 7 8 7 15 7 22 8 9 8 16 9 10 9 17 10 11 10 18 11 12 11 19 12 13 12 20 13 14 13 21 14 15 14 22 15 16 16 17 17 18 18 19 19 20 20 21 21 22
Circ23_1-9 23 46 0 1 0 9 0 14 0 22 1 2 1 10 1 15 2 3 2 11 2 16 3 4 3 12 3 17 4 5 4 13 4 18 5 6 5 14 5 19 6 7 6 15 6 20 7 8 7 16 7 21 8 9 8 17 8 22 9 10 9 18 10 11 10 19 11 12 11 20 12 13 12 21 13 14 13 22 14 15 15 16 16 17 17 18 18 19 19 20 20 21 21 22
Circ23_1-10 23 46 0 1 0 10 0 13 0 22 1 2 1 11 1 14 2 3 2 12 2 15 3 4 3 13 3 16 4 5 4 14 4 17 5 6 5 15 5 18 6 7 6 16 6 19 7 8 7 17 7 20 8 9 8 18 8 21 9 10 9 19 9 22 10 11 10 20 11 12 11 21 12 13 12 22 13 14 14 15 15 16 16 17 17 18 18 19 19 20 20 21 21 22
Circ23_2-3 23 46 0 2 0 3 0 20 0 21 1 3 1 4 1 21 1 22 2 4 2 5 2 22 3 5 3 6 4 6 4 7 5 7 5 8 6 8 6 9 7 9 7 10 8 10 8 11 9 11 9 12 10 12 10 13 11 13 11 14 12 14 12 15 13 15 13 16 14 16 14 17 15 17 15 18 16 18 16 19 17 19 17 20 18 20 18 21 19 21 19 22 20 22
Circ23_2-5 23 46 0 2 0 5 0 18 0 21 1 3 1 6 1 19 1 22 2 4 2 7 2 20 3 5 3 8 3 21 4 6 4 9 4 22 5 7 5 10 6 8 6 11 7 9 7 12 8 10 8 13 9 11 9 14 10 12 10 15 11 13 11 16 12 14 12 17 13 15 13 18 14 16 14 19 15 17 15 20 16 18 16 21 17 19 17 22 18 20 19 21 20 22
Circ23_2-6 23 46 0 2 0 6 0 17 0 21 1 3 1 7 1 18 1 22 2 4 2 8 2 19 3 5 3 9 3 20 4 6 4 10 4 21 5 7 5 11 5 22 6 8 6 12 7 9 7 13 8 10 8 14 9 11 9 15 10 12 10 16 11 13 11 17 12 14 12 18 13 15 13 19 14 16 14 20 15 17 15 21 16 18 16 22 17 19 18 20 19 21 20 22
Circ23_2-7 23 46 0 2 0 7 0 16 0 21 1 3 1 8 1 17 1 22 2 4 2 9 2 18 3 5 3 10 3 19 4 6 4 11 4 20 5 7 5 12 5 21 6 8 6 13 6 22 7 9 7 14 8 10 8 15 9 11 9 16 10 12 10 17 11 13 11 18 12 14 12 19 13 15 13 20 14 16 14 21 15 17 15 22 16 18 17 19 18 20 19 21 20 22
Circ23_2-8 23 46 0 2 0 8 0 15 0 21 1 3 1 9 1 16 1 22 2 4 2 10 2 17 3 5 3 11 3 18 4 6 4 12 4 19 5 7 5 13 5 20 6 8 6 14 6 21 7 9 7 15 7 22 8 10 8 16 9 11 9 17 10 12 10 18 11 13 11 19 12 14 12 20 13 15 13 21 14 16 14 22 15 17 16 18 17 19 18 20 19 21 20 22
Circ23_2-9 23 46 0 2 0 9 0 14 0 21 1 3 1 10 1 15 1 22 2 4 2 11 2 16 3 5 3 12 3 17 4 6 4 13 4 18 5 7 5 14 5 19 6 8 6 15 6 20 7 9 7 16 7 21 8 10 8 17 8 22 9 11 9 18 10 12 10 19 11 13 11 20 12 14 12 21 13 15 13 22 14 16 15 17 16 18 17 19 18 20 19 21 20 22
Circ23_2-10 23 46 0 2 0 10 0 13 0 21 1 3 1 11 1 14 1 22 2 4 2 12 2 15 3 5 3 13 3 16 4 6 4 14 4 17 5 7 5 15 5 18 6 8 6 16 6 19 7 9 7 17 7 20 8 10 8 18 8 21 9 11 9 19 9 22 10 12 10 20 11 13 11 21 12 14 12 22 13 15 14 16 15 17 16 18 17 19 18 20 19 21 20 22
Circ23_2-11 23 46 0 2 0 11 0 12 0 21 1 3 1 12 1 13 1 22 2 4 2 13 2 14 3 5 3 14 3 15 4 6 4 15 4 16 5 7 5 16 5 17 6 8 6 17 6 18 7 9 7 18 7 19 8 10 8 19 8 20 9 11 9 20 9 21 10 12 10 21 10 22 11 13 11 22 12 14 13 15 14 16 15 17 16 18 17 19 18 20 19 21 20 22
Circ23_3-4 23 46 0 3 0 4 0 19 0 20 1 4 1 5 1 20 1 21 2 5 2 6 2 21 2 22 3 6 3 7 3 22 4 7 4 8 5 8 5 9 6 9 6 10 7 10 7 11 8 11 8 12 9 12 9 13 10 13 10 14 11 14 11 15 12 15 12 16 13 16 13 17 14 17 14 18 15 18 15 19 16 19 16 20 17 20 17 21 18 21 18 22 19 22
Circ23_3-5 23 46 0 3 0 5 0 18 0 20 1 4 1 6 1 19 1 21 2 5 2 7 2 20 2 22 3 6 3 8 3 21 4 7 4 9 4 22 5 8 5 10 6 9 6 11 7 10 7 12 8 11 8 13 9 12 9 14 10 13 10 15 11 14 11 16 12 15 12 17 13 16 13 18 14 17 14 19 15 18 15 20 16 19 16 21 17 20 17 22 18 21 19 22
Circ23_3-7 23 46 0 3 0 7 0 16 0 20 1 4 1 8 1 17 1 21 2 5 2 9 2 18 2 22 3 6 3 10 3 19 4 7 4 11 4 20 5 8 5 12 5 21 6 9 6 13 6 22 7 10 7 14 8 11 8 15 9 12 9 16 10 13 10 17 11 14 11 18 12 15 12 19 13 16 13 20 14 17 14 21 15 18 15 22 16 19 17 20 18 21 19 22
Circ23_3-8 23 46 0 3 0 8 0 15 0 20 1 4 1 9 1 16 1 21 2 5 2 10 2 17 2 22 3 6 3 11 3 18 4 7 4 12 4 19 5 8 5 13 5 20 6 9 6 14 6 21 7 10 7 15 7 22 8 11 8 16 9 12 9 17 10 13 10 18 11 14 11 19 12 15 12 20 13 16 13 21 14 17 14 22 15 18 16 19 17 20 18 21 19 22
Circ23_3-9 23 46 0 3 0 9 0 14 0 20 1 4 1 10 1 15 1 21 2 5 2 11 2 16 2 22 3 6 3 12 3 17 4 7 4 13 4 18 5 8 5 14 5 19 6 9 6 15 6 20 7 10 7 16 7 21 8 11 8 17 8 22 9 12 9 18 10 13 10 19 11 14 11 20 12 15 12 21 13 16 13 22 14 17 15 18 16 19 17 20 18 21 19 22
Circ23_3-11 23 46 0 3 0 11 0 12 0 20 1 4 1 12 1 13 1 21 2 5 2 13 2 14 2 22 3 6 3 14 3 15 4 7 4 15 4 16 5 8 5 16 5 17 6 9 6 17 6 18 7 10 7 18 7 19 8 11 8 19 8 20 9 12 9 20 9 21 10 13 10 21 10 22 11 14 11 22 12 15 13 16 14 17 15 18 16 19 17 20 18 21 19 22
Circ23_4-5 23 46 0 4 0 5 0 18 0 19 1 5 1 6 1 19 1 20 2 6 2 7 2 20 2 21 3 7 3 8 3 21 3 22 4 8 4 9 4 22 5 9 5 10 6 10 6 11 7 11 7 12 8 12 8 13 9 13 9 14 10 14 10 15 11 15 11 16 12 16 12 17 13 17 13 18 14 18 14 19 15 19 15 20 16 20 16 21 17 21 17 22 18 22
Circ23_4-6 23 46 0 4 0 6 0 17 0 19 1 5 1 7 1 18 1 20 2 6 2 8 2 19 2 21 3 7 3 9 3 20 3 22 4 8 4 10 4 21 5 9 5 11 5 22 6 10 6 12 7 11 7 13 8 12 8 14 9 13 9 15 10 14 10 16 11 15 11 17 12 16 12 18 13 17 13 19 14 18 14 20 15 19 15 21 16 20 16 22 17 21 18 22
Circ23_4-7 23 46 0 4 0 7 0 16 0 19 1 5 1 8 1 17 1 20 2 6 2 9 2 18 2 21 3 7 3 10 3 19 3 22 4 8 4 11 4 20 5 9 5 12 5 21 6 10 6 13 6 22 7 11 7 14 8 12 8 15 9 13 9 16 10 14 10 17 11 15 11 18 12 16 12 19 13 17 13 20 14 18 14 21 15 19 15 22 16 20 17 21 18 22
Circ23_4-9 23 46 0 4 0 9 0 14 0 19 1 5 1 10 1 15 1 20 2 6 2 11 2 16 2 21 3 7 3 12 3 17 3 22 4 8 4 13 4 18 5 9 5 14 5 19 6 10 6 15 6 20 7 11 7 16 7 21 8 12 8 17 8 22 9 13 9 18 10 14 10 19 11 15 11 20 12 16 12 21 13 17 13 22 14 18 15 19 16 20 17 21 18 22
Circ23_4-10 23 46 0 4 0 10 0 13 0 19 1 5 1 11 1 14 1 20 2 6 2 12 2 15 2 21 3 7 3 13 3 16 3 22 4 8 4 14 4 17 5 9 5 15 5 18 6 10 6 16 6 19 7 11 7 17 7 20 8 12 8 18 8 21 9 13 9 19 9 22 10 14 10 20 11 15 11 21 12 16 12 22 13 17 14 18 15 19 16 20 17 21 18 22
Circ23_4-11 23 46 0 4 0 11 0 12 0 19 1 5 1 12 1 13 1 20 2 6 2 13 2 14 2 21 3 7 3 14 3 15 3 22 4 8 4 15 4 16 5 9 5 16 5 17 6 10 6 17 6 18 7 11 7 18 7 19 8 12 8 19 8 20 9 13 9 20 9 21 10 14 10 21 10 22 11 15 11 22 12 16 13 17 14 18 15 19 16 20 17 21 18 22
Circ23_5-6 23 46 0 5 0 6 0 17 0 18 1 6 1 7 1 18 1 19 2 7 2 8 2 19 2 20 3 8 3 9 3 20 3 21 4 9 4 10 4 21 4 22 5 10 5 11 5 22 6 11 6 12 7 12 7 13 8 13 8 14 9 14 9 15 10 15 10 16 11 16 11 17 12 17 12 18 13 18 13 19 14 19 14 20 15 20 15 21 16 21 16 22 17 22
Circ23_5-7 23 46 0 5 0 7 0 16 0 18 1 6 1 8 1 17 1 19 2 7 2 9 2 18 2 20 3 8 3 10 3 19 3 21 4 9 4 11 4 20 4 22 5 10 5 12 5 21 6 11 6 13 6 22 7 12 7 14 8 13 8 15 9 14 9 16 10 15 10 17 11 16 11 18 12 17 12 19 13 18 13 20 14 19 14 21 15 20 15 22 16 21 17 22
Circ23_5-8 23 46 0 5 0 8 0 15 0 18 1 6 1 9 1 16 1 19 2 7 2 10 2 17 2 20 3 8 3 11 3 18 3 21 4 9 4 12 4 19 4 22 5 10 5 13 5 20 6 11 6 14 6 21 7 12 7 15 7 22 8 13 8 16 9 14 9 17 10 15 10 18 11 16 11 19 12 17 12 20 13 18 13 21 14 19 14 22 15 20 16 21 17 22
Circ23_5-11 23 46 0 5 0 11 0 12 0 18 1 6 1 12 1 13 1 19 2 7 2 13 2 14 2 20 3 8 3 14 3 15 3 21 4 9 4 15 4 16 4 22 5 10 5 16 5 17 6 11 6 17 6 18 7 12 7 18 7 19 8 13 8 19 8 20 9 14 9 20 9 21 10 15 10 21 10 22 11 16 11 22 12 17 13 18 14 19 15 20 16 21 17 22
Circ23_6-7 23 46 0 6 0 7 0 16 0 17 1 7 1 8 1 17 1 18 2 8 2 9 2 18 2 19 3 9 3 10 3 19 3 20 4 10 4 11 4 20 4 21 5 11 5 12 5 21 5 22 6 12 6 13 6 22 7 13 7 14 8 14 8 15 9 15 9 16 10 16 10 17 11 17 11 18 12 18 12 19 13 19 13 20 14 20 14 21 15 21 15 22 16 22
Circ23_6-8 23 46 0 6 0 8 0 15 0 17 1 7 1 9 1 16 1 18 2 8 2 10 2 17 2 19 3 9 3 11 3 18 3 20 4 10 4 12 4 19 4 21 5 11 5 13 5 20 5 22 6 12 6 14 6 21 7 13 7 15 7 22 8 14 8 16 9 15 9 17 10 16 10 18 11 17 11 19 12 18 12 20 13 19 13 21 14 20 14 22 15 21 16 22
Circ23_6-9 23 46 0 6 0 9 0 14 0 17 1 7 1 10 1 15 1 18 2 8 2 11 2 16 2 19 3 9 3 12 3 17 3 20 4 10 4 13 4 18 4 21 5 11 5 14 5 19 5 22 6 12 6 15 6 20 7 13 7 16 7 21 8 14 8 17 8 22 9 15 9 18 10 16 10 19 11 17 11 20 12 18 12 21 13 19 13 22 14 20 15 21 16 22
Circ23_6-10 23 46 0 6 0 10 0 13 0 17 1 7 1 11 1 14 1 18 2 8 2 12 2 15 2 19 3 9 3 13 3 16 3 20 4 10 4 14 4 17 4 21 5 11 5 15 5 18 5 22 6 12 6 16 6 19 7 13 7 17 7 20 8 14 8 18 8 21 9 15 9 19 9 22 10 16 10 20 11 17 11 21 12 18 12 22 13 19 14 20 15 21 16 22
Circ23_7-10 23 46 0 7 0 10 0 13 0 16 1 8 1 11 1 14 1 17 2 9 2 12 2 15 2 18 3 10 3 13 3 16 3 19 4 11 4 14 4 17 4 20 5 12 5 15 5 18 5 21 6 13 6 16 6 19 6 22 7 14 7 17 7 20 8 15 8 18 8 21 9 16 9 19 9 22 10 17 10 20 11 18 11 21 12 19 12 22 13 20 14 21 15 22
Circ23_7-11 23 46 0 7 0 11 0 12 0 16 1 8 1 12 1 13 1 17 2 9 2 13 2 14 2 18 3 10 3 14 3 15 3 19 4 11 4 15 4 16 4 20 5 12 5 16 5 17 5 21 6 13 6 17 6 18 6 22 7 14 7 18 7 19 8 15 8 19 8 20 9 16 9 20 9 21 10 17 10 21 10 22 11 18 11 22 12 19 13 20 14 21 15 22
Circ23_8-9 23 46 0 8 0 9 0 14 0 15 1 9 1 10 1 15 1 16 2 10 2 11 2 16 2 17 3 11 3 12 3 17 3 18 4 12 4 13 4 18 4 19 5 13 5 14 5 19 5 20 6 14 6 15 6 20 6 21 7 15 7 16 7 21 7 22 8 16 8 17 8 22 9 17 9 18 10 18 10 19 11 19 11 20 12 20 12 21 13 21 13 22 14 22
Circ23_8-10 23 46 0 8 0 10 0 13 0 15 1 9 1 11 1 14 1 16 2 10 2 12 2 15 2 17 3 11 3 13 3 16 3 18 4 12 4 14 4 17 4 19 5 13 5 15 5 18 5 20 6 14 6 16 6 19 6 21 7 15 7 17 7 20 7 22 8 16 8 18 8 21 9 17 9 19 9 22 10 18 10 20 11 19 11 21 12 20 12 22 13 21 14 22
Circ23_8-11 23 46 0 8 0 11 0 12 0 15 1 9 1 12 1 13 1 16 2 10 2 13 2 14 2 17 3 11 3 14 3 15 3 18 4 12 4 15 4 16 4 19 5 13 5 16 5 17 5 20 6 14 6 17 6 18 6 21 7 15 7 18 7 19 7 22 8 16 8 19 8 20 9 17 9 20 9 21 10 18 10 21 10 22 11 19 11 22 12 20 13 21 14 22
Circ23_9-10 23 46 0 9 0 10 0 13 0 14 1 10 1 11 1 14 1 15 2 11 2 12 2 15 2 16 3 12 3 13 3 16 3 17 4 13 4 14 4 17 4 18 5 14 5 15 5 18 5 19 6 15 6 16 6 19 6 20 7 16 7 17 7 20 7 21 8 17 8 18 8 21 8 22 9 18 9 19 9 22 10 19 10 20 11 20 11 21 12 21 12 22 13 22
Circ23_9-11 23 46 0 9 0 11 0 12 0 14 1 10 1 12 1 13 1 15 2 11 2 13 2 14 2 16 3 12 3 14 3 15 3 17 4 13 4 15 4 16 4 18 5 14 5 16 5 17 5 19 6 15 6 17 6 18 6 20 7 16 7 18 7 19 7 21 8 17 8 19 8 20 8 22 9 18 9 20 9 21 10 19 10 21 10 22 11 20 11 22 12 21 13 22
Circ23_10-11 23 46 0 10 0 11 0 12 0 13 1 11 1 12 1 13 1 14 2 12 2 13 2 14 2 15 3 13 3 14 3 15 3 16 4 14 4 15 4 16 4 17 5 15 5 16 5 17 5 18 6 16 6 17 6 18 6 19 7 17 7 18 7 19 7 20 8 18 8 19 8 20 8 21 9 19 9 20 9 21 9 22 10 20 10 21 10 22 11 21 11 22 12 22
Circ23_1-3-5 23 69 0 1 0 3 0 5 0 18 0 20 0 22 1 2 1 4 1 6 1 19 1 21 2 3 2 5 2 7 2 20 2 22 3 4 3 6 3 8 3 21 4 5 4 7 4 9 4 22 5 6 5 8 5 10 6 7 6 9 6 11 7 8 7 10 7 12 8 9 8 11 8 13 9 10 9 12 9 14 10 11 10 13 10 15 11 12 11 14 11 16 12 13 12 15 12 17 13 14 13 16 13 18 14 15 14 17 14 19 15 16 15 18 15 20 16 17 16 19 16 21 17 18 17 20 17 22 18 19 18 21 19 20 19 22 20 21 21 22
Circ23_1-3-7 23 69 0 1 0 3 0 7 0 16 0 20 0 22 1 2 1 4 1 8 1 17 1 21 2 3 2 5 2 9 2 18 2 22 3 4 3 6 3 10 3 19 4 5 4 7 4 11 4 20 5 6 5 8 5 12 5 21 6 7 6 9 6 13 6 22 7 8 7 10 7 14 8 9 8 11 8 15 9 10 9 12 9 16 10 11 10 13 10 17 11 12 11 14 11 18 12 13 12 15 12 19 13 14 13 16 13 20 14 15 14 17 14 21 15 16 15 18 15 22 16 17 16 19 17 18 17 20 18 19 18 21 19 20 19 22 20 21 21 22
Circ23_1-3-8 23 69 0 1 0 3 0 8 0 15 0 20 0 22 1 2 1 4 1 9 1 16 1 21 2 3 2 5 2 10 2 17 2 22 3 4 3 6 3 11 3 18 4 5 4 7 4 12 4 19 5 6 5 8 5 13 5 20 6 7 6 9 6 14 6 21 7 8 7 10 7 15 7 22 8 9 8 11 8 16 9 10 9 12 9 17 10 11 10 13 10 18 11 12 11 14 11 19 12 13 12 15 12 20 13 14 13 16 13 21 14 15 14 17 14 22 15 16 15 18 16 17 16 19 17 18 17 20 18 19 18 21 19 20 19 22 20 21 21 22
Circ23_1-3-9 23 69 0 1 0 3 0 9 0 14 0 20 0 22 1 2 1 4 1 10 1 15 1 21 2 3 2 5 2 11 2 16 2 22 3 4 3 6 3 12 3 17 4 5 4 7 4 13 4 18 5 6 5 8 5 14 5 19 6 7 6 9 6 15 6 20 7 8 7 10 7 16 7 21 8 9 8 11 8 17 8 22 9 10 9 12 9 18 10 11 10 13 10 19 11 12 11 14 11 20 12 13 12 15 12 21 13 14 13 16 13 22 14 15 14 17 15 16 15 18 16 17 16 19 17 18 17 20 18 19 18 21 19 20 19 22 20 21 21 22
Circ23_1-4-6 23 69 0 1 0 4 0 6 0 17 0 19 0 22 1 2 1 5 1 7 1 18 1 20 2 3 2 6 2 8 2 19 2 21 3 4 3 7 3 9 3 20 3 22 4 5 4 8 4 10 4 21 5 6 5 9 5 11 5 22 6 7 6 10 6 12 7 8 7 11 7 13 8 9 8 12 8 14 9 10 9 13 9 15 10 11 10 14 10 16 11 12 11 15 11 17 12 13 12 16 12 18 13 14 13 17 13 19 14 15 14 18 14 20 15 16 15 19 15 21 16 17 16 20 16 22 17 18 17 21 18 19 18 22 19 20 20 21 21 22
Circ23_1-4-7 23 69 0 1 0 4 0 7 0 16 0 19 0 22 1 2 1 5 1 8 1 17 1 20 2 3 2 6 2 9 2 18 2 21 3 4 3 7 3 10 3 19 3 22 4 5 4 8 4 11 4 20 5 6 5 9 5 12 5 21 6 7 6 10 6 13 6 22 7 8 7 11 7 14 8 9 8 12 8 15 9 10 9 13 9 16 10 11 10 14 10 17 11 12 11 15 11 18 12 13 12 16 12 19 13 14 13 17 13 20 14 15 14 18 14 21 15 16 15 19 15 22 16 17 16 20 17 18 17 21 18 19 18 22 19 20 20 21 21 22
Circ23_1-4-9 23 69 0 1 0 4 0 9 0 14 0 19 0 22 1 2 1 5 1 10 1 15 1 20 2 3 2 6 2 11 2 16 2 21 3 4 3 7 3 12 3 17 3 22 4 5 4 8 4 13 4 18 5 6 5 9 5 14 5 19 6 7 6 10 6 15 6 20 7 8 7 11 7 16 7 21 8 9 8 12 8 17 8 22 9 10 9 13 9 18 10 11 10 14 10 19 11 12 11 15 11 20 12 13 12 16 12 21 13 14 13 17 13 22 14 15 14 18 15 16 15 19 16 17 16 20 17 18 17 21 18 19 18 22 19 20 20 21 21 22
Circ23_1-4-10 23 69 0 1 0 4 0 10 0 13 0 19 0 22 1 2 1 5 1 11 1 14 1 20 2 3 2 6 2 12 2 15 2 21 3 4 3 7 3 13 3 16 3 22 4 5 4 8 4 14 4 17 5 6 5 9 5 15 5 18 6 7 6 10 6 16 6 19 7 8 7 11 7 17 7 20 8 9 8 12 8 18 8 21 9 10 9 13 9 19 9 22 10 11 10 14 10 20 11 12 11 15 11 21 12 13 12 16 12 22 13 14 13 17 14 15 14 18 15 16 15 19 16 17 16 20 17 18 17 21 18 19 18 22 19 20 20 21 21 22
Circ23_1-5-7 23 69 0 1 0 5 0 7 0 16 0 18 0 22 1 2 1 6 1 8 1 17 1 19 2 3 2 7 2 9 2 18 2 20 3 4 3 8 3 10 3 19 3 21 4 5 4 9 4 11 4 20 4 22 5 6 5 10 5 12 5 21 6 7 6 11 6 13 6 22 7 8 7 12 7 14 8 9 8 13 8 15 9 10 9 14 9 16 10 11 10 15 10 17 11 12 11 16 11 18 12 13 12 17 12 19 13 14 13 18 13 20 14 15 14 19 14 21 15 16 15 20 15 22 16 17 16 21 17 18 17 22 18 19 19 20 20 21 21 22
Circ23_1-5-8 23 69 0 1 0 5 0 8 0 15 0 18 0 22 1 2 1 6 1 9 1 16 1 19 2 3 2 7 2 10 2 17 2 20 3 4 3 8 3 11 3 18 3 21 4 5 4 9 4 12 4 19 4 22 5 6 5 10 5 13 5 20 6 7 6 11 6 14 6 21 7 8 7 12 7 15 7 22 8 9 8 13 8 16 9 10 9 14 9 17 10 11 10 15 10 18 11 12 11 16 11 19 12 13 12 17 12 20 13 14 13 18 13 21 14 15 14 19 14 22 15 16 15 20 16 17 16 21 17 18 17 22 18 19 19 20 20 21 21 22
Circ23_1-6-8 23 69 0 1 0 6 0 8 0 15 0 17 0 22 1 2 1 7 1 9 1 16 1 18 2 3 2 8 2 10 2 17 2 19 3 4 3 9 3 11 3 18 3 20 4 5 4 10 4 12 4 19 4 21 5 6 5 11 5 13 5 20 5 22 6 7 6 12 6 14 6 21 7 8 7 13 7 15 7 22 8 9 8 14 8 16 9 10 9 15 9 17 10 11 10 16 10 18 11 12 11 17 11 19 12 13 12 18 12 20 13 14 13 19 13 21 14 15 14 20 14 22 15 16 15 21 16 17 16 22 17 18 18 19 19 20 20 21 21 22
Circ23_1-6-9 23 69 0 1 0 6 0 9 0 14 0 17 0 22 1 2 1 7 1 10 1 15 1 18 2 3 2 8 2 11 2 16 2 19 3 4 3 9 3 12 3 17 3 20 4 5 4 10 4 13 4 18 4 21 5 6 5 11 5 14 5 19 5 22 6 7 6 12 6 15 6 20 7 8 7 13 7 16 7 21 8 9 8 14 8 17 8 22 9 10 9 15 9 18 10 11 10 16 10 19 11 12 11 17 11 20 12 13 12 18 12 21 13 14 13 19 13 22 14 15 14 20 15 16 15 21 16 17 16 22 17 18 18 19 19 20 20 21 21 22
Circ23_1-6-10 23 69 0 1 0 6 0 10 0 13 0 17 0 22 1 2 1 7 1 11 1 14 1 18 2 3 2 8 2 12 2 15 2 19 3 4 3 9 3 13 3 16 3 20 4 5 4 10 4 14 4 17 4 21 5 6 5 11 5 15 5 18 5 22 6 7 6 12 6 16 6 19 7 8 7 13 7 17 7 20 8 9 8 14 8 18 8 21 9 10 9 15 9 19 9 22 10 11 10 16 10 20 11 12 11 17 11 21 12 13 12 18 12 22 13 14 13 19 14 15 14 20 15 16 15 21 16 17 16 22 17 18 18 19 19 20 20 21 21 22
Circ23_1-7-10 23 69 0 1 0 7 0 10 0 13 0 16 0 22 1 2 1 8 1 11 1 14 1 17 2 3 2 9 2 12 2 15 2 18 3 4 3 10 3 13 3 16 3 19 4 5 4 11 4 14 4 17 4 20 5 6 5 12 5 15 5 18 5 21 6 7 6 13 6 16 6 19 6 22 7 8 7 14 7 17 7 20 8 9 8 15 8 18 8 21 9 10 9 16 9 19 9 22 10 11 10 17 10 20 11 12 11 18 11 21 12 13 12 19 12 22 13 14 13 20 14 15 14 21 15 16 15 22 16 17 17 18 18 19 19 20 20 21 21 22
Circ23_1-8-10 23 69 0 1 0 8 0 10 0 13 0 15 0 22 1 2 1 9 1 11 1 14 1 16 2 3 2 10 2 12 2 15 2 17 3 4 3 11 3 13 3 16 3 18 4 5 4 12 4 14 4 17 4 19 5 6 5 13 5 15 5 18 5 20 6 7 6 14 6 16 6 19 6 21 7 8 7 15 7 17 7 20 7 22 8 9 8 16 8 18 8 21 9 10 9 17 9 19 9 22 10 11 10 18 10 20 11 12 11 19 11 21 12 13 12 20 12 22 13 14 13 21 14 15 14 22 15 16 16 17 17 18 18 19 19 20 20 21 21 22
Circ23_2-3-7 23 69 0 2 0 3 0 7 0 16 0 20 0 21 1 3 1 4 1 8 1 17 1 21 1 22 2 4 2 5 2 9 2 18 2 22 3 5 3 6 3 10 3 19 4 6 4 7 4 11 4 20 5 7 5 8 5 12 5 21 6 8 6 9 6 13 6 22 7 9 7 10 7 14 8 10 8 11 8 15 9 11 9 12 9 16 10 12 10 13 10 17 11 13 11 14 11 18 12 14 12 15 12 19 13 15 13 16 13 20 14 16 14 17 14 21 15 17 15 18 15 22 16 18 16 19 17 19 17 20 18 20 18 21 19 21 19 22 20 22
Circ23_2-3-8 23 69 0 2 0 3 0 8 0 15 0 20 0 21 1 3 1 4 1 9 1 16 1 21 1 22 2 4 2 5 2 10 2 17 2 22 3 5 3 6 3 11 3 18 4 6 4 7 4 12 4 19 5 7 5 8 5 13 5 20 6 8 6 9 6 14 6 21 7 9 7 10 7 15 7 22 8 10 8 11 8 16 9 11 9 12 9 17 10 12 10 13 10 18 11 13 11 14 11 19 12 14 12 15 12 20 13 15 13 16 13 21 14 16 14 17 14 22 15 17 15 18 16 18 16 19 17 19 17 20 18 20 18 21 19 21 19 22 20 22
Circ23_2-3-9 23 69 0 2 0 3 0 9 0 14 0 20 0 21 1 3 1 4 1 10 1 15 1 21 1 22 2 4 2 5 2 11 2 16 2 22 3 5 3 6 3 12 3 17 4 6 4 7 4 13 4 18 5 7 5 8 5 14 5 19 6 8 6 9 6 15 6 20 7 9 7 10 7 16 7 21 8 10 8 11 8 17 8 22 9 11 9 12 9 18 10 12 10 13 10 19 11 13 11 14 11 20 12 14 12 15 12 21 13 15 13 16 13 22 14 16 14 17 15 17 15 18 16 18 16 19 17 19 17 20 18 20 18 21 19 21 19 22 20 22
Circ23_2-3-11 23 69 0 2 0 3 0 11 0 12 0 20 0 21 1 3 1 4 1 12 1 13 1 21 1 22 2 4 2 5 2 13 2 14 2 22 3 5 3 6 3 14 3 15 4 6 4 7 4 15 4 16 5 7 5 8 5 16 5 17 6 8 6 9 6 17 6 18 7 9 7 10 7 18 7 19 8 10 8 11 8 19 8 20 9 11 9 12 9 20 9 21 10 12 10 13 10 21 10 22 11 13 11 14 11 22 12 14 12 15 13 15 13 16 14 16 14 17 15 17 15 18 16 18 16 19 17 19 17 20 18 20 18 21 19 21 19 22 20 22
Circ23_2-5-6 23 69 0 2 0 5 0 6 0 17 0 18 0 21 1 3 1 6 1 7 1 18 1 19 1 22 2 4 2 7 2 8 2 19 2 20 3 5 3 8 3 9 3 20 3 21 4 6 4 9 4 10 4 21 4 22 5 7 5 10 5 11 5 22 6 8 6 11 6 12 7 9 7 12 7 13 8 10 8 13 8 14 9 11 9 14 9 15 10 12 10 15 10 16 11 13 11 16 11 17 12 14 12 17 12 18 13 15 13 18 13 19 14 16 14 19 14 20 15 17 15 20 15 21 16 18 16 21 16 22 17 19 17 22 18 20 19 21 20 22
Circ23_2-5-8 23 69 0 2 0 5 0 8 0 15 0 18 0 21 1 3 1 6 1 9 1 16 1 19 1 22 2 4 2 7 2 10 2 17 2 20 3 5 3 8 3 11 3 18 3 21 4 6 4 9 4 12 4 19 4 22 5 7 5 10 5 13 5 20 6 8 6 11 6 14 6 21 7 9 7 12 7 15 7 22 8 10 8 13 8 16 9 11 9 14 9 17 10 12 10 15 10 18 11 13 11 16 11 19 12 14 12 17 12 20 13 15 13 18 13 21 14 16 14 19 14 22 15 17 15 20 16 18 16 21 17 19 17 22 18 20 19 21 20 22
Circ23_2-5-11 23 69 0 2 0 5 0 11 0 12 0 18 0 21 1 3 1 6 1 12 1 13 1 19 1 22 2 4 2 7 2 13 2 14 2 20 3 5 3 8 3 14 3 15 3 21 4 6 4 9 4 15 4 16 4 22 5 7 5 10 5 16 5 17 6 8 6 11 6 17 6 18 7 9 7 12 7 18 7 19 8 10 8 13 8 19 8 20 9 11 9 14 9 20 9 21 10 12 10 15 10 21 10 22 11 13 11 16 11 22 12 14 12 17 13 15 13 18 14 16 14 19 15 17 15 20 16 18 16 21 17 19 17 22 18 20 19 21 20 22
Circ23_2-6-7 23 69 0 2 0 6 0 7 0 16 0 17 0 21 1 3 1 7 1 8 1 17 1 18 1 22 2 4 2 8 2 9 2 18 2 19 3 5 3 9 3 10 3 19 3 20 4 6 4 10 4 11 4 20 4 21 5 7 5 11 5 12 5 21 5 22 6 8 6 12 6 13 6 22 7 9 7 13 7 14 8 10 8 14 8 15 9 11 9 15 9 16 10 12 10 16 10 17 11 13 11 17 11 18 12 14 12 18 12 19 13 15 13 19 13 20 14 16 14 20 14 21 15 17 15 21 15 22 16 18 16 22 17 19 18 20 19 21 20 22
Circ23_2-6-9 23 69 0 2 0 6 0 9 0 14 0 17 0 21 1 3 1 7 1 10 1 15 1 18 1 22 2 4 2 8 2 11 2 16 2 19 3 5 3 9 3 12 3 17 3 20 4 6 4 10 4 13 4 18 4 21 5 7 5 11 5 14 5 19 5 22 6 8 6 12 6 15 6 20 7 9 7 13 7 16 7 21 8 10 8 14 8 17 8 22 9 11 9 15 9 18 10 12 10 16 10 19 11 13 11 17 11 20 12 14 12 18 12 21 13 15 13 19 13 22 14 16 14 20 15 17 15 21 16 18 16 22 17 19 18 20 19 21 20 22
Circ23_2-6-10 23 69 0 2 0 6 0 10 0 13 0 17 0 21 1 3 1 7 1 11 1 14 1 18 1 22 2 4 2 8 2 12 2 15 2 19 3 5 3 9 3 13 3 16 3 20 4 6 4 10 4 14 4 17 4 21 5 7 5 11 5 15 5 18 5 22 6 8 6 12 6 16 6 19 7 9 7 13 7 17 7 20 8 10 8 14 8 18 8 21 9 11 9 15 9 19 9 22 10 12 10 16 10 20 11 13 11 17 11 21 12 14 12 18 12 22 13 15 13 19 14 16 14 20 15 17 15 21 16 18 16 22 17 19 18 20 19 21 20 22
Circ23_2-7-10 23 69 0 2 0 7 0 10 0 13 0 16 0 21 1 3 1 8 1 11 1 14 1 17 1 22 2 4 2 9 2 12 2 15 2 18 3 5 3 10 3 13 3 16 3 19 4 6 4 11 4 14 4 17 4 20 5 7 5 12 5 15 5 18 5 21 6 8 6 13 6 16 6 19 6 22 7 9 7 14 7 17 7 20 8 10 8 15 8 18 8 21 9 11 9 16 9 19 9 22 10 12 10 17 10 20 11 13 11 18 11 21 12 14 12 19 12 22 13 15 13 20 14 16 14 21 15 17 15 22 16 18 17 19 18 20 19 21 20 22
Circ23_2-7-11 23 69 0 2 0 7 0 11 0 12 0 16 0 21 1 3 1 8 1 12 1 13 1 17 1 22 2 4 2 9 2 13 2 14 2 18 3 5 3 10 3 14 3 15 3 19 4 6 4 11 4 15 4 16 4 20 5 7 5 12 5 16 5 17 5 21 6 8 6 13 6 17 6 18 6 22 7 9 7 14 7 18 7 19 8 10 8 15 8 19 8 20 9 11 9 16 9 20 9 21 10 12 10 17 10 21 10 22 11 13 11 18 11 22 12 14 12 19 13 15 13 20 14 16 14 21 15 17 15 22 16 18 17 19 18 20 19 21 20 22
Circ23_2-8-9 23 69 0 2 0 8 0 9 0 14 0 15 0 21 1 3 1 9 1 10 1 15 1 16 1 22 2 4 2 10 2 11 2 16 2 17 3 5 3 11 3 12 3 17 3 18 4 6 4 12 4 13 4 18 4 19 5 7 5 13 5 14 5 19 5 20 6 8 6 14 6 15 6 20 6 21 7 9 7 15 7 16 7 21 7 22 8 10 8 16 8 17 8 22 9 11 9 17 9 18 10 12 10 18 10 19 11 13 11 19 11 20 12 14 12 20 12 21 13 15 13 21 13 22 14 16 14 22 15 17 16 18 17 19 18 20 19 21 20 22
Circ23_2-8-11 23 69 0 2 0 8 0 11 0 12 0 15 0 21 1 3 1 9 1 12 1 13 1 16 1 22 2 4 2 10 2 13 2 14 2 17 3 5 3 11 3 14 3 15 3 18 4 6 4 12 4 15 4 16 4 19 5 7 5 13 5 16 5 17 5 20 6 8 6 14 6 17 6 18 6 21 7 9 7 15 7 18 7 19 7 22 8 10 8 16 8 19 8 20 9 11 9 17 9 20 9 21 10 12 10 18 10 21 10 22 11 13 11 19 11 22 12 14 12 20 13 15 13 21 14 16 14 22 15 17 16 18 17 19 18 20 19 21 20 22
Circ23_2-9-10 23 69 0 2 0 9 0 10 0 13 0 14 0 21 1 3 1 10 1 11 1 14 1 15 1 22 2 4 2 11 2 12 2 15 2 16 3 5 3 12 3 13 3 16 3 17 4 6 4 13 4 14 4 17 4 18 5 7 5 14 5 15 5 18 5 19 6 8 6 15 6 16 6 19 6 20 7 9 7 16 7 17 7 20 7 21 8 10 8 17 8 18 8 21 8 22 9 11 9 18 9 19 9 22 10 12 10 19 10 20 11 13 11 20 11 21 12 14 12 21 12 22 13 15 13 22 14 16 15 17 16 18 17 19 18 20 19 21 20 22
Circ23_3-4-5 23 69 0 3 0 4 0 5 0 18 0 19 0 20 1 4 1 5 1 6 1 19 1 20 1 21 2 5 2 6 2 7 2 20 2 21 2 22 3 6 3 7 3 8 3 21 3 22 4 7 4 8 4 9 4 22 5 8 5 9 5 10 6 9 6 10 6 11 7 10 7 11 7 12 8 11 8 12 8 13 9 12 9 13 9 14 10 13 10 14 10 15 11 14 11 15 11 16 12 15 12 16 12 17 13 16 13 17 13 18 14 17 14 18 14 19 15 18 15 19 15 20 16 19 16 20 16 21 17 20 17 21 17 22 18 21 18 22 19 22
Circ23_3-4-9 23 69 0 3 0 4 0 9 0 14 0 19 0 20 1 4 1 5 1 10 1 15 1 20 1 21 2 5 2 6 2 11 2 16 2 21 2 22 3 6 3 7 3 12 3 17 3 22 4 7 4 8 4 13 4 18 5 8 5 9 5 14 5 19 6 9 6 10 6 15 6 20 7 10 7 11 7 16 7 21 8 11 8 12 8 17 8 22 9 12 9 13 9 18 10 13 10 14 10 19 11 14 11 15 11 20 12 15 12 16 12 21 13 16 13 17 13 22 14 17 14 18 15 18 15 19 16 19 16 20 17 20 17 21 18 21 18 22 19 22
Circ23_3-4-11 23 69 0 3 0 4 0 11 0 12 0 19 0 20 1 4 1 5 1 12 1 13 1 20 1 21 2 5 2 6 2 13 2 14 2 21 2 22 3 6 3 7 3 14 3 15 3 22 4 7 4 8 4 15 4 16 5 8 5 9 5 16 5 17 6 9 6 10 6 17 6 18 7 10 7 11 7 18 7 19 8 11 8 12 8 19 8 20 9 12 9 13 9 20 9 21 10 13 10 14 10 21 10 22 11 14 11 15 11 22 12 15 12 16 13 16 13 17 14 17 14 18 15 18 15 19 16 19 16 20 17 20 17 21 18 21 18 22 19 22
Circ23_3-5-7 23 69 0 3 0 5 0 7 0 16 0 18 0 20 1 4 1 6 1 8 1 17 1 19 1 21 2 5 2 7 2 9 2 18 2 20 2 22 3 6 3 8 3 10 3 19 3 21 4 7 4 9 4 11 4 20 4 22 5 8 5 10 5 12 5 21 6 9 6 11 6 13 6 22 7 10 7 12 7 14 8 11 8 13 8 15 9 12 9 14 9 16 10 13 10 15 10 17 11 14 11 16 11 18 12 15 12 17 12 19 13 16 13 18 13 20 14 17 14 19 14 21 15 18 15 20 15 22 16 19 16 21 17 20 17 22 18 21 19 22
Circ23_3-5-11 23 69 0 3 0 5 0 11 0 12 0 18 0 20 1 4 1 6 1 12 1 13 1 19 1 21 2 5 2 7 2 13 2 14 2 20 2 22 3 6 3 8 3 14 3 15 3 21 4 7 4 9 4 15 4 16 4 22 5 8 5 10 5 16 5 17 6 9 6 11 6 17 6 18 7 10 7 12 7 18 7 19 8 11 8 13 8 19 8 20 9 12 9 14 9 20 9 21 10 13 10 15 10 21 10 22 11 14 11 16 11 22 12 15 12 17 13 16 13 18 14 17 14 19 15 18 15 20 16 19 16 21 17 20 17 22 18 21 19 22
Circ23_3-7-11 23 69 0 3 0 7 0 11 0 12 0 16 0 20 1 4 1 8 1 12 1 13 1 17 1 21 2 5 2 9 2 13 2 14 2 18 2 22 3 6 3 10 3 14 3 15 3 19 4 7 4 11 4 15 4 16 4 20 5 8 5 12 5 16 5 17 5 21 6 9 6 13 6 17 6 18 6 22 7 10 7 14 7 18 7 19 8 11 8 15 8 19 8 20 9 12 9 16 9 20 9 21 10 13 10 17 10 21 10 22 11 14 11 18 11 22 12 15 12 19 13 16 13 20 14 17 14 21 15 18 15 22 16 19 17 20 18 21 19 22
Circ23_3-8-9 23 69 0 3 0 8 0 9 0 14 0 15 0 20 1 4 1 9 1 10 1 15 1 16 1 21 2 5 2 10 2 11 2 16 2 17 2 22 3 6 3 11 3 12 3 17 3 18 4 7 4 12 4 13 4 18 4 19 5 8 5 13 5 14 5 19 5 20 6 9 6 14 6 15 6 20 6 21 7 10 7 15 7 16 7 21 7 22 8 11 8 16 8 17 8 22 9 12 9 17 9 18 10 13 10 18 10 19 11 14 11 19 11 20 12 15 12 20 12 21 13 16 13 21 13 22 14 17 14 22 15 18 16 19 17 20 18 21 19 22
Circ23_4-5-6 23 69 0 4 0 5 0 6 0 17 0 18 0 19 1 5 1 6 1 7 1 18 1 19 1 20 2 6 2 7 2 8 2 19 2 20 2 21 3 7 3 8 3 9 3 20 3 21 3 22 4 8 4 9 4 10 4 21 4 22 5 9 5 10 5 11 5 22 6 10 6 11 6 12 7 11 7 12 7 13 8 12 8 13 8 14 9 13 9 14 9 15 10 14 10 15 10 16 11 15 11 16 11 17 12 16 12 17 12 18 13 17 13 18 13 19 14 18 14 19 14 20 15 19 15 20 15 21 16 20 16 21 16 22 17 21 17 22 18 22
Circ23_4-5-7 23 69 0 4 0 5 0 7 0 16 0 18 0 19 1 5 1 6 1 8 1 17 1 19 1 20 2 6 2 7 2 9 2 18 2 20 2 21 3 7 3 8 3 10 3 19 3 21 3 22 4 8 4 9 4 11 4 20 4 22 5 9 5 10 5 12 5 21 6 10 6 11 6 13 6 22 7 11 7 12 7 14 8 12 8 13 8 15 9 13 9 14 9 16 10 14 10 15 10 17 11 15 11 16 11 18 12 16 12 17 12 19 13 17 13 18 13 20 14 18 14 19 14 21 15 19 15 20 15 22 16 20 16 21 17 21 17 22 18 22
Circ23_4-5-11 23 69 0 4 0 5 0 11 0 12 0 18 0 19 1 5 1 6 1 12 1 13 1 19 1 20 2 6 2 7 2 13 2 14 2 20 2 21 3 7 3 8 3 14 3 15 3 21 3 22 4 8 4 9 4 15 4 16 4 22 5 9 5 10 5 16 5 17 6 10 6 11 6 17 6 18 7 11 7 12 7 18 7 19 8 12 8 13 8 19 8 20 9 13 9 14 9 20 9 21 10 14 10 15 10 21 10 22 11 15 11 16 11 22 12 16 12 17 13 17 13 18 14 18 14 19 15 19 15 20 16 20 16 21 17 21 17 22 18 22
Circ23_4-6-7 23 69 0 4 0 6 0 7 0 16 0 17 0 19 1 5 1 7 1 8 1 17 1 18 1 20 2 6 2 8 2 9 2 18 2 19 2 21 3 7 3 9 3 10 3 19 3 20 3 22 4 8 4 10 4 11 4 20 4 21 5 9 5 11 5 12 5 21 5 22 6 10 6 12 6 13 6 22 7 11 7 13 7 14 8 12 8 14 8 15 9 13 9 15 9 16 10 14 10 16 10 17 11 15 11 17 11 18 12 16 12 18 12 19 13 17 13 19 13 20 14 18 14 20 14 21 15 19 15 21 15 22 16 20 16 22 17 21 18 22
Circ23_4-6-9 23 69 0 4 0 6 0 9 0 14 0 17 0 19 1 5 1 7 1 10 1 15 1 18 1 20 2 6 2 8 2 11 2 16 2 19 2 21 3 7 3 9 3 12 3 17 3 20 3 22 4 8 4 10 4 13 4 18 4 21 5 9 5 11 5 14 5 19 5 22 6 10 6 12 6 15 6 20 7 11 7 13 7 16 7 21 8 12 8 14 8 17 8 22 9 13 9 15 9 18 10 14 10 16 10 19 11 15 11 17 11 20 12 16 12 18 12 21 13 17 13 19 13 22 14 18 14 20 15 19 15 21 16 20 16 22 17 21 18 22
Circ23_4-7-10 23 69 0 4 0 7 0 10 0 13 0 16 0 19 1 5 1 8 1 11 1 14 1 17 1 20 2 6 2 9 2 12 2 15 2 18 2 21 3 7 3 10 3 13 3 16 3 19 3 22 4 8 4 11 4 14 4 17 4 20 5 9 5 12 5 15 5 18 5 21 6 10 6 13 6 16 6 19 6 22 7 11 7 14 7 17 7 20 8 12 8 15 8 18 8 21 9 13 9 16 9 19 9 22 10 14 10 17 10 20 11 15 11 18 11 21 12 16 12 19 12 22 13 17 13 20 14 18 14 21 15 19 15 22 16 20 17 21 18 22
Circ23_4-9-11 23 69 0 4 0 9 0 11 0 12 0 14 0 19 1 5 1 10 1 12 1 13 1 15 1 20 2 6 2 11 2 13 2 14 2 16 2 21 3 7 3 12 3 14 3 15 3 17 3 22 4 8 4 13 4 15 4 16 4 18 5 9 5 14 5 16 5 17 5 19 6 10 6 15 6 17 6 18 6 20 7 11 7 16 7 18 7 19 7 21 8 12 8 17 8 19 8 20 8 22 9 13 9 18 9 20 9 21 10 14 10 19 10 21 10 22 11 15 11 20 11 22 12 16 12 21 13 17 13 22 14 18 15 19 16 20 17 21 18 22
Circ23_4-10-11 23 69 0 4 0 10 0 11 0 12 0 13 0 19 1 5 1 11 1 12 1 13 1 14 1 20 2 6 2 12 2 13 2 14 2 15 2 21 3 7 3 13 3 14 3 15 3 16 3 22 4 8 4 14 4 15 4 16 4 17 5 9 5 15 5 16 5 17 5 18 6 10 6 16 6 17 6 18 6 19 7 11 7 17 7 18 7 19 7 20 8 12 8 18 8 19 8 20 8 21 9 13 9 19 9 20 9 21 9 22 10 14 10 20 10 21 10 22 11 15 11 21 11 22 12 16 12 22 13 17 14 18 15 19 16 20 17 21 18 22
Circ23_5-6-7 23 69 0 5 0 6 0 7 0 16 0 17 0 18 1 6 1 7 1 8 1 17 1 18 1 19 2 7 2 8 2 9 2 18 2 19 2 20 3 8 3 9 3 10 3 19 3 20 3 21 4 9 4 10 4 11 4 20 4 21 4 22 5 10 5 11 5 12 5 21 5 22 6 11 6 12 6 13 6 22 7 12 7 13 7 14 8 13 8 14 8 15 9 14 9 15 9 16 10 15 10 16 10 17 11 16 11 17 11 18 12 17 12 18 12 19 13 18 13 19 13 20 14 19 14 20 14 21 15 20 15 21 15 22 16 21 16 22 17 22
Circ23_5-6-8 23 69 0 5 0 6 0 8 0 15 0 17 0 18 1 6 1 7 1 9 1 16 1 18 1 19 2 7 2 8 2 10 2 17 2 19 2 20 3 8 3 9 3 11 3 18 3 20 3 21 4 9 4 10 4 12 4 19 4 21 4 22 5 10 5 11 5 13 5 20 5 22 6 11 6 12 6 14 6 21 7 12 7 13 7 15 7 22 8 13 8 14 8 16 9 14 9 15 9 17 10 15 10 16 10 18 11 16 11 17 11 19 12 17 12 18 12 20 13 18 13 19 13 21 14 19 14 20 14 22 15 20 15 21 16 21 16 22 17 22
Circ23_5-8-11 23 69 0 5 0 8 0 11 0 12 0 15 0 18 1 6 1 9 1 12 1 13 1 16 1 19 2 7 2 10 2 13 2 14 2 17 2 20 3 8 3 11 3 14 3 15 3 18 3 21 4 9 4 12 4 15 4 16 4 19 4 22 5 10 5 13 5 16 5 17 5 20 6 11 6 14 6 17 6 18 6 21 7 12 7 15 7 18 7 19 7 22 8 13 8 16 8 19 8 20 9 14 9 17 9 20 9 21 10 15 10 18 10 21 10 22 11 16 11 19 11 22 12 17 12 20 13 18 13 21 14 19 14 22 15 20 16 21 17 22
Circ23_6-8-10 23 69 0 6 0 8 0 10 0 13 0 15 0 17 1 7 1 9 1 11 1 14 1 16 1 18 2 8 2 10 2 12 2 15 2 17 2 19 3 9 3 11 3 13 3 16 3 18 3 20 4 10 4 12 4 14 4 17 4 19 4 21 5 11 5 13 5 15 5 18 5 20 5 22 6 12 6 14 6 16 6 19 6 21 7 13 7 15 7 17 7 20 7 22 8 14 8 16 8 18 8 21 9 15 9 17 9 19 9 22 10 16 10 18 10 20 11 17 11 19 11 21 12 18 12 20 12 22 13 19 13 21 14 20 14 22 15 21 16 22
Circ23_6-9-10 23 69 0 6 0 9 0 10 0 13 0 14 0 17 1 7 1 10 1 11 1 14 1 15 1 18 2 8 2 11 2 12 2 15 2 16 2 19 3 9 3 12 3 13 3 16 3 17 3 20 4 10 4 13 4 14 4 17 4 18 4 21 5 11 5 14 5 15 5 18 5 19 5 22 6 12 6 15 6 16 6 19 6 20 7 13 7 16 7 17 7 20 7 21 8 14 8 17 8 18 8 21 8 22 9 15 9 18 9 19 9 22 10 16 10 19 10 20 11 17 11 20 11 21 12 18 12 21 12 22 13 19 13 22 14 20 15 21 16 22
Circ23_7-10-11 23 69 0 7 0 10 0 11 0 12 0 13 0 16 1 8 1 11 1 12 1 13 1 14 1 17 2 9 2 12 2 13 2 14 2 15 2 18 3 10 3 13 3 14 3 15 3 16 3 19 4 11 4 14 4 15 4 16 4 17 4 20 5 12 5 15 5 16 5 17 5 18 5 21 6 13 6 16 6 17 6 18 6 19 6 22 7 14 7 17 7 18 7 19 7 20 8 15 8 18 8 19 8 20 8 21 9 16 9 19 9 20 9 21 9 22 10 17 10 20 10 21 10 22 11 18 11 21 11 22 12 19 12 22 13 20 14 21 15 22
Circ23_8-9-10 23 69 0 8 0 9 0 10 0 13 0 14 0 15 1 9 1 10 1 11 1 14 1 15 1 16 2 10 2 11 2 12 2 15 2 16 2 17 3 11 3 12 3 13 3 16 3 17 3 18 4 12 4 13 4 14 4 17 4 18 4 19 5 13 5 14 5 15 5 18 5 19 5 20 6 14 6 15 6 16 6 19 6 20 6 21 7 15 7 16 7 17 7 20 7 21 7 22 8 16 8 17 8 18 8 21 8 22 9 17 9 18 9 19 9 22 10 18 10 19 10 20 11 19 11 20 11 21 12 20 12 21 12 22 13 21 13 22 14 22
Circ23_8-9-11 23 69 0 8 0 9 0 11 0 12 0 14 0 15 1 9 1 10 1 12 1 13 1 15 1 16 2 10 2 11 2 13 2 14 2 16 2 17 3 11 3 12 3 14 3 15 3 17 3 18 4 12 4 13 4 15 4 16 4 18 4 19 5 13 5 14 5 16 5 17 5 19 5 20 6 14 6 15 6 17 6 18 6 20 6 21 7 15 7 16 7 18 7 19 7 21 7 22 8 16 8 17 8 19 8 20 8 22 9 17 9 18 9 20 9 21 10 18 10 19 10 21 10 22 11 19 11 20 11 22 12 20 12 21 13 21 13 22 14 22
Circ23_8-10-11 23 69 0 8 0 10 0 11 0 12 0 13 0 15 1 9 1 11 1 12 1 13 1 14 1 16 2 10 2 12 2 13 2 14 2 15 2 17 3 11 3 13 3 14 3 15 3 16 3 18 4 12 4 14 4 15 4 16 4 17 4 19 5 13 5 15 5 16 5 17 5 18 5 20 6 14 6 16 6 17 6 18 6 19 6 21 7 15 7 17 7 18 7 19 7 20 7 22 8 16 8 18 8 19 8 20 8 21 9 17 9 19 9 20 9 21 9 22 10 18 10 20 10 21 10 22 11 19 11 21 11 22 12 20 12 22 13 21 14 22
Circ23_9-10-11 23 69 0 9 0 10 0 11 0 12 0 13 0 14 1 10 1 11 1 12 1 13 1 14 1 15 2 11 2 12 2 13 2 14 2 15 2 16 3 12 3 13 3 14 3 15 3 16 3 17 4 13 4 14 4 15 4 16 4 17 4 18 5 14 5 15 5 16 5 17 5 18 5 19 6 15 6 16 6 17 6 18 6 19 6 20 7 16 7 17 7 18 7 19 7 20 7 21 8 17 8 18 8 19 8 20 8 21 8 22 9 18 9 19 9 20 9 21 9 22 10 19 10 20 10 21 10 22 11 20 11 21 11 22 12 21 12 22 13 22
Circ23_1-3-5-7 23 92 0 1 0 3 0 5 0 7 0 16 0 18 0 20 0 22 1 2 1 4 1 6 1 8 1 17 1 19 1 21 2 3 2 5 2 7 2 9 2 18 2 20 2 22 3 4 3 6 3 8 3 10 3 19 3 21 4 5 4 7 4 9 4 11 4 20 4 22 5 6 5 8 5 10 5 12 5 21 6 7 6 9 6 11 6 13 6 22 7 8 7 10 7 12 7 14 8 9 8 11 8 13 8 15 9 10 9 12 9 14 9 16 10 11 10 13 10 15 10 17 11 12 11 14 11 16 11 18 12 13 12 15 12 17 12 19 13 14 13 16 13 18 13 20 14 15 14 17 14 19 14 21 15 16 15 18 15 20 15 22 16 17 16 19 16 21 17 18 17 20 17 22 18 19 18 21 19 20 19 22 20 21 21 22
Circ23_1-4-6-9 23 92 0 1 0 4 0 6 0 9 0 14 0 17 0 19 0 22 1 2 1 5 1 7 1 10 1 15 1 18 1 20 2 3 2 6 2 8 2 11 2 16 2 19 2 21 3 4 3 7 3 9 3 12 3 17 3 20 3 22 4 5 4 8 4 10 4 13 4 18 4 21 5 6 5 9 5 11 5 14 5 19 5 22 6 7 6 10 6 12 6 15 6 20 7 8 7 11 7 13 7 16 7 21 8 9 8 12 8 14 8 17 8 22 9 10 9 13 9 15 9 18 10 11 10 14 10 16 10 19 11 12 11 15 11 17 11 20 12 13 12 16 12 18 12 21 13 14 13 17 13 19 13 22 14 15 14 18 14 20 15 16 15 19 15 21 16 17 16 20 16 22 17 18 17 21 18 19 18 22 19 20 20 21 21 22
Circ23_1-6-8-10 23 92 0 1 0 6 0 8 0 10 0 13 0 15 0 17 0 22 1 2 1 7 1 9 1 11 1 14 1 16 1 18 2 3 2 8 2 10 2 12 2 15 2 17 2 19 3 4 3 9 3 11 3 13 3 16 3 18 3 20 4 5 4 10 4 12 4 14 4 17 4 19 4 21 5 6 5 11 5 13 5 15 5 18 5 20 5 22 6 7 6 12 6 14 6 16 6 19 6 21 7 8 7 13 7 15 7 17 7 20 7 22 8 9 8 14 8 16 8 18 8 21 9 10 9 15 9 17 9 19 9 22 10 11 10 16 10 18 10 20 11 12 11 17 11 19 11 21 12 13 12 18 12 20 12 22 13 14 13 19 13 21 14 15 14 20 14 22 15 16 15 21 16 17 16 22 17 18 18 19 19 20 20 21 21 22
Circ23_2-3-7-11 23 92 0 2 0 3 0 7 0 11 0 12 0 16 0 20 0 21 1 3 1 4 1 8 1 12 1 13 1 17 1 21 1 22 2 4 2 5 2 9 2 13 2 14 2 18 2 22 3 5 3 6 3 10 3 14 3 15 3 19 4 6 4 7 4 11 4 15 4 16 4 20 5 7 5 8 5 12 5 16 5 17 5 21 6 8 6 9 6 13 6 17 6 18 6 22 7 9 7 10 7 14 7 18 7 19 8 10 8 11 8 15 8 19 8 20 9 11 9 12 9 16 9 20 9 21 10 12 10 13 10 17 10 21 10 22 11 13 11 14 11 18 11 22 12 14 12 15 12 19 13 15 13 16 13 20 14 16 14 17 14 21 15 17 15 18 15 22 16 18 16 19 17 19 17 20 18 20 18 21 19 21 19 22 20 22
Circ23_2-3-8-9 23 92 0 2 0 3 0 8 0 9 0 14 0 15 0 20 0 21 1 3 1 4 1 9 1 10 1 15 1 16 1 21 1 22 2 4 2 5 2 10 2 11 2 16 2 17 2 22 3 5 3 6 3 11 3 12 3 17 3 18 4 6 4 7 4 12 4 13 4 18 4 19 5 7 5 8 5 13 5 14 5 19 5 20 6 8 6 9 6 14 6 15 6 20 6 21 7 9 7 10 7 15 7 16 7 21 7 22 8 10 8 11 8 16 8 17 8 22 9 11 9 12 9 17 9 18 10 12 10 13 10 18 10 19 11 13 11 14 11 19 11 20 12 14 12 15 12 20 12 21 13 15 13 16 13 21 13 22 14 16 14 17 14 22 15 17 15 18 16 18 16 19 17 19 17 20 18 20 18 21 19 21 19 22 20 22
Circ23_2-5-8-11 23 92 0 2 0 5 0 8 0 11 0 12 0 15 0 18 0 21 1 3 1 6 1 9 1 12 1 13 1 16 1 19 1 22 2 4 2 7 2 10 2 13 2 14 2 17 2 20 3 5 3 8 3 11 3 14 3 15 3 18 3 21 4 6 4 9 4 12 4 15 4 16 4 19 4 22 5 7 5 10 5 13 5 16 5 17 5 20 6 8 6 11 6 14 6 17 6 18 6 21 7 9 7 12 7 15 7 18 7 19 7 22 8 10 8 13 8 16 8 19 8 20 9 11 9 14 9 17 9 20 9 21 10 12 10 15 10 18 10 21 10 22 11 13 11 16 11 19 11 22 12 14 12 17 12 20 13 15 13 18 13 21 14 16 14 19 14 22 15 17 15 20 16 18 16 21 17 19 17 22 18 20 19 21 20 22
Circ23_2-6-9-10 23 92 0 2 0 6 0 9 0 10 0 13 0 14 0 17 0 21 1 3 1 7 1 10 1 11 1 14 1 15 1 18 1 22 2 4 2 8 2 11 2 12 2 15 2 16 2 19 3 5 3 9 3 12 3 13 3 16 3 17 3 20 4 6 4 10 4 13 4 14 4 17 4 18 4 21 5 7 5 11 5 14 5 15 5 18 5 19 5 22 6 8 6 12 6 15 6 16 6 19 6 20 7 9 7 13 7 16 7 17 7 20 7 21 8 10 8 14 8 17 8 18 8 21 8 22 9 11 9 15 9 18 9 19 9 22 10 12 10 16 10 19 10 20 11 13 11 17 11 20 11 21 12 14 12 18 12 21 12 22 13 15 13 19 13 22 14 16 14 20 15 17 15 21 16 18 16 22 17 19 18 20 19 21 20 22
Circ23_3-4-5-11 23 92 0 3 0 4 0 5 0 11 0 12 0 18 0 19 0 20 1 4 1 5 1 6 1 12 1 13 1 19 1 20 1 21 2 5 2 6 2 7 2 13 2 14 2 20 2 21 2 22 3 6 3 7 3 8 3 14 3 15 3 21 3 22 4 7 4 8 4 9 4 15 4 16 4 22 5 8 5 9 5 10 5 16 5 17 6 9 6 10 6 11 6 17 6 18 7 10 7 11 7 12 7 18 7 19 8 11 8 12 8 13 8 19 8 20 9 12 9 13 9 14 9 20 9 21 10 13 10 14 10 15 10 21 10 22 11 14 11 15 11 16 11 22 12 15 12 16 12 17 13 16 13 17 13 18 14 17 14 18 14 19 15 18 15 19 15 20 16 19 16 20 16 21 17 20 17 21 17 22 18 21 18 22 19 22
Circ23_4-5-6-7 23 92 0 4 0 5 0 6 0 7 0 16 0 17 0 18 0 19 1 5 1 6 1 7 1 8 1 17 1 18 1 19 1 20 2 6 2 7 2 8 2 9 2 18 2 19 2 20 2 21 3 7 3 8 3 9 3 10 3 19 3 20 3 21 3 22 4 8 4 9 4 10 4 11 4 20 4 21 4 22 5 9 5 10 5 11 5 12 5 21 5 22 6 10 6 11 6 12 6 13 6 22 7 11 7 12 7 13 7 14 8 12 8 13 8 14 8 15 9 13 9 14 9 15 9 16 10 14 10 15 10 16 10 17 11 15 11 16 11 17 11 18 12 16 12 17 12 18 12 19 13 17 13 18 13 19 13 20 14 18 14 19 14 20 14 21 15 19 15 20 15 21 15 22 16 20 16 21 16 22 17 21 17 22 18 22
Circ23_8-9-10-11 23 92 0 8 0 9 0 10 0 11 0 12 0 13 0 14 0 15 1 9 1 10 1 11 1 12 1 13 1 14 1 15 1 16 2 10 2 11 2 12 2 13 2 14 2 15 2 16 2 17 3 11 3 12 3 13 3 14 3 15 3 16 3 17 3 18 4 12 4 13 4 14 4 15 4 16 4 17 4 18 4 19 5 13 5 14 5 15 5 16 5 17 5 18 5 19 5 20 6 14 6 15 6 16 6 17 6 18 6 19 6 20 6 21 7 15 7 16 7 17 7 18 7 19 7 20 7 21 7 22 8 16 8 17 8 18 8 19 8 20 8 21 8 22 9 17 9 18 9 19 9 20 9 21 9 22 10 18 10 19 10 20 10 21 10 22 11 19 11 20 11 21 11 22 12 20 12 21 12 22 13 21 13 22 14 22
Circ24_1 24 24 0 1 0 23 1 2 2 3 3 4 4 5 5 6 6 7 7 8 8 9 9 10 10 11 11 12 12 13 13 14 14 15 15 16 16 17 17 18 18 19 19 20 20 21 21 22 22 23
Circ24_2 24 24 0 2 0 22 1 3 1 23 2 4 3 5 4 6 5 7 6 8 7 9 8 10 9 11 10 12 11 13 12 14 13 15 14 16 15 17 16 18 17 19 18 20 19 21 20 22 21 23
Circ24_3 24 24 0 3 0 21 1 4 1 22 2 5 2 23 3 6 4 7 5 8 6 9 7 10 8 11 9 12 10 13 11 14 12 15 13 16 14 17 15 18 16 19 17 20 18 21 19 22 20 23
Circ24_4 24 24 0 4 0 20 1 5 1 21 2 6 2 22 3 7 3 23 4 8 5 9 6 10 7 11 8 12 9 13 10 14 11 15 12 16 13 17 14 18 15 19 16 20 17 21 18 22 19 23
Circ24_5 24 24 0 5 0 19 1 6 1 20 2 7 2 21 3 8 3 22 4 9 4 23 5 10 6 11 7 12 8 13 9 14 10 15 11 16 12 17 13 18 14 19 15 20 16 21 17 22 18 23
Circ24_6 24 24 0 6 0 18 1 7 1 19 2 8 2 20 3 9 3 21 4 10 4 22 5 11 5 23 6 12 7 13 8 14 9 15 10 16 11 17 12 18 13 19 14 20 15 21 16 22 17 23
Circ24_7 24 24 0 7 0 17 1 8 1 18 2 9 2 19 3 10 3 20 4 11 4 21 5 12 5 22 6 13 6 23 7 14 8 15 9 16 10 17 11 18 12 19 13 20 14 21 15 22 16 23
Circ24_9 24 24 0 9 0 15 1 10 1 16 2 11 2 17 3 12 3 18 4 13 4 19 5 14 5 20 6 15 6 21 7 16 7 22 8 17 8 23 9 18 10 19 11 20 12 21 13 22 14 23
Circ24_10 24 24 0 10 0 14 1 11 1 15 2 12 2 16 3 13 3 17 4 14 4 18 5 15 5 19 6 16 6 20 7 17 7 21 8 18 8 22 9 19 9 23 10 20 11 21 12 22 13 23
Circ24_11 24 24 0 11 0 13 1 12 1 14 2 13 2 15 3 14 3 16 4 15 4 17 5 16 5 18 6 17 6 19 7 18 7 20 8 19 8 21 9 20 9 22 10 21 10 23 11 22 12 23
Circ24_12 24 12 0 12 1 13 2 14 3 15 4 16 5 17 6 18 7 19 8 20 9 21 10 22 11 23
Circ24_1-3 24 48 0 1 0 3 0 21 0 23 1 2 1 4 1 22 2 3 2 5 2 23 3 4 3 6 4 5 4 7 5 6 5 8 6 7 6 9 7 8 7 10 8 9 8 11 9 10 9 12 10 11 10 13 11 12 11 14 12 13 12 15 13 14 13 16 14 15 14 17 15 16 15 18 16 17 16 19 17 18 17 20 18 19 18 21 19 20 19 22 20 21 20 23 21 22 22 23
Circ24_1-4 24 48 0 1 0 4 0 20 0 23 1 2 1 5 1 21 2 3 2 6 2 22 3 4 3 7 3 23 4 5 4 8 5 6 5 9 6 7 6 10 7 8 7 11 8 9 8 12 9 10 9 13 10 11 10 14 11 12 11 15 12 13 12 16 13 14 13 17 14 15 14 18 15 16 15 19 16 17 16 20 17 18 17 21 18 19 18 22 19 20 19 23 20 21 21 22 22 23
Circ24_1-5 24 48 0 1 0 5 0 19 0 23 1 2 1 6 1 20 2 3 2 7 2 21 3 4 3 8 3 22 4 5 4 9 4 23 5 6 5 10 6 7 6 11 7 8 7 12 8 9 8 13 9 10 9 14 10 11 10 15 11 12 11 16 12 13 12 17 13 14 13 18 14 15 14 19 15 16 15 20 16 17 16 21 17 18 17 22 18 19 18 23 19 20 20 21 21 22 22 23
Circ24_1-6 24 48 0 1 0 6 0 18 0 23 1 2 1 7 1 19 2 3 2 8 2 20 3 4 3 9 3 21 4 5 4 10 4 22 5 6 5 11 5 23 6 7 6 12 7 8 7 13 8 9 8 14 9 10 9 15 10 11 10 16 11 12 11 17 12 13 12 18 13 14 13 19 14 15 14 20 15 16 15 21 16 17 16 22 17 18 17 23 18 19 19 20 20 21 21 22 22 23
Circ24_1-7 24 48 0 1 0 7 0 17 0 23 1 2 1 8 1 18 2 3 2 9 2 19 3 4 3 10 3 20 4 5 4 11 4 21 5 6 5 12 5 22 6 7 6 13 6 23 7 8 7 14 8 9 8 15 9 10 9 16 10 11 10 17 11 12 11 18 12 13 12 19 13 14 13 20 14 15 14 21 15 16 15 22 16 17 16 23 17 18 18 19 19 20 20 21 21 22 22 23
Circ24_1-9 24 48 0 1 0 9 0 15 0 23 1 2 1 10 1 16 2 3 2 11 2 17 3 4 3 12 3 18 4 5 4 13 4 19 5 6 5 14 5 20 6 7 6 15 6 21 7 8 7 16 7 22 8 9 8 17 8 23 9 10 9 18 10 11 10 19 11 12 11 20 12 13 12 21 13 14 13 22 14 15 14 23 15 16 16 17 17 18 18 19 19 20 20 21 21 22 22 23
Circ24_1-10 24 48 0 1 0 10 0 14 0 23 1 2 1 11 1 15 2 3 2 12 2 16 3 4 3 13 3 17 4 5 4 14 4 18 5 6 5 15 5 19 6 7 6 16 6 20 7 8 7 17 7 21 8 9 8 18 8 22 9 10 9 19 9 23 10 11 10 20 11 12 11 21 12 13 12 22 13 14 13 23 14 15 15 16 16 17 17 18 18 19 19 20 20 21 21 22 22 23
Circ24_1-11 24 48 0 1 0 11 0 13 0 23 1 2 1 12 1 14 2 3 2 13 2 15 3 4 3 14 3 16 4 5 4 15 4 17 5 6 5 16 5 18 6 7 6 17 6 19 7 8 7 18 7 20 8 9 8 19 8 21 9 10 9 20 9 22 10 11 10 21 10 23 11 12 11 22 12 13 12 23 13 14 14 15 15 16 16 17 17 18 18 19 19 20 20 21 21 22 22 23
Circ24_1-12 24 36 0 1 0 12 0 23 1 2 1 13 2 3 2 14 3 4 3 15 4 5 4 16 5 6 5 17 6 7 6 18 7 8 7 19 8 9 8 20 9 10 9 21 10 11 10 22 11 12 11 23 12 13 13 14 14 15 15 16 16 17 17 18 18 19 19 20 20 21 21 22 22 23
Circ24_2-3 24 48 0 2 0 3 0 21 0 22 1 3 1 4 1 22 1 23 2 4 2 5 2 23 3 5 3 6 4 6 4 7 5 7 5 8 6 8 6 9 7 9 7 10 8 10 8 11 9 11 9 12 10 12 10 13 11 13 11 14 12 14 12 15 13 15 13 16 14 16 14 17 15 17 15 18 16 18 16 19 17 19 17 20 18 20 18 21 19 21 19 22 20 22 20 23 21 23
Circ24_2-5 24 48 0 2 0 5 0 19 0 22 1 3 1 6 1 20 1 23 2 4 2 7 2 21 3 5 3 8 3 22 4 6 4 9 4 23 5 7 5 10 6 8 6 11 7 9 7 12 8 10 8 13 9 11 9 14 10 12 10 15 11 13 11 16 12 14 12 17 13 15 13 18 14 16 14 19 15 17 15 20 16 18 16 21 17 19 17 22 18 20 18 23 19 21 20 22 21 23
Circ24_2-6 24 48 0 2 0 6 0 18 0 22 1 3 1 7 1 19 1 23 2 4 2 8 2 20 3 5 3 9 3 21 4 6 4 10 4 22 5 7 5 11 5 23 6 8 6 12 7 9 7 13 8 10 8 14 9 11 9 15 10 12 10 16 11 13 11 17 12 14 12 18 13 15 13 19 14 16 14 20 15 17 15 21 16 18 16 22 17 19 17 23 18 20 19 21 20 22 21 23
Circ24_2-7 24 48 0 2 0 7 0 17 0 22 1 3 1 8 1 18 1 23 2 4 2 9 2 19 3 5 3 10 3 20 4 6 4 11 4 21 5 7 5 12 5 22 6 8 6 13 6 23 7 9 7 14 8 10 8 15 9 11 9 16 10 12 10 17 11 13 11 18 12 14 12 19 13 15 13 20 14 16 14 21 15 17 15 22 16 18 16 23 17 19 18 20 19 21 20 22 21 23
Circ24_2-9 24 48 0 2 0 9 0 15 0 22 1 3 1 10 1 16 1 23 2 4 2 11 2 17 3 5 3 12 3 18 4 6 4 13 4 19 5 7 5 14 5 20 6 8 6 15 6 21 7 9 7 16 7 22 8 10 8 17 8 23 9 11 9 18 10 12 10 19 11 13 11 20 12 14 12 21 13 15 13 22 14 16 14 23 15 17 16 18 17 19 18 20 19 21 20 22 21 23
Circ24_2-10 24 48 0 2 0 10 0 14 0 22 1 3 1 11 1 15 1 23 2 4 2 12 2 16 3 5 3 13 3 17 4 6 4 14 4 18 5 7 5 15 5 19 6 8 6 16 6 20 7 9 7 17 7 21 8 10 8 18 8 22 9 11 9 19 9 23 10 12 10 20 11 13 11 21 12 14 12 22 13 15 13 23 14 16 15 17 16 18 17 19 18 20 19 21 20 22 21 23
Circ24_2-12 24 36 0 2 0 12 0 22 1 3 1 13 1 23 2 4 2 14 3 5 3 15 4 6 4 16 5 7 5 17 6 8 6 18 7 9 7 19 8 10 8 20 9 11 9 21 10 12 10 22 11 13 11 23 12 14 13 15 14 16 15 17 16 18 17 19 18 20 19 21 20 22 21 23
Circ24_3-4 24 48 0 3 0 4 0 20 0 21 1 4 1 5 1 21 1 22 2 5 2 6 2 22 2 23 3 6 3 7 3 23 4 7 4 8 5 8 5 9 6 9 6 10 7 10 7 11 8 11 8 12 9 12 9 13 10 13 10 14 11 14 11 15 12 15 12 16 13 16 13 17 14 17 14 18 15 18 15 19 16 19 16 20 17 20 17 21 18 21 18 22 19 22 19 23 20 23
Circ24_3-5 24 48 0 3 0 5 0 19 0 21 1 4 1 6 1 20 1 22 2 5 2 7 2 21 2 23 3 6 3 8 3 22 4 7 4 9 4 23 5 8 5 10 6 9 6 11 7 10 7 12 8 11 8 13 9 12 9 14 10 13 10 15 11 14 11 16 12 15 12 17 13 16 13 18 14 17 14 19 15 18 15 20 16 19 16 21 17 20 17 22 18 21 18 23 19 22 20 23
Circ24_3-7 24 48 0 3 0 7 0 17 0 21 1 4 1 8 1 18 1 22 2 5 2 9 2 19 2 23 3 6 3 10 3 20 4 7 4 11 4 21 5 8 5 12 5 22 6 9 6 13 6 23 7 10 7 14 8 11 8 15 9 12 9 16 10 13 10 17 11 14 11 18 12 15 12 19 13 16 13 20 14 17 14 21 15 18 15 22 16 19 16 23 17 20 18 21 19 22 20 23
Circ24_3-9 24 48 0 3 0 9 0 15 0 21 1 4 1 10 1 16 1 22 2 5 2 11 2 17 2 23 3 6 3 12 3 18 4 7 4 13 4 19 5 8 5 14 5 20 6 9 6 15 6 21 7 10 7 16 7 22 8 11 8 17 8 23 9 12 9 18 10 13 10 19 11 14 11 20 12 15 12 21 13 16 13 22 14 17 14 23 15 18 16 19 17 20 18 21 19 22 20 23
Circ24_3-10 24 48 0 3 0 10 0 14 0 21 1 4 1 11 1 15 1 22 2 5 2 12 2 16 2 23 3 6 3 13 3 17 4 7 4 14 4 18 5 8 5 15 5 19 6 9 6 16 6 20 7 10 7 17 7 21 8 11 8 18 8 22 9 12 9 19 9 23 10 13 10 20 11 14 11 21 12 15 12 22 13 16 13 23 14 17 15 18 16 19 17 20 18 21 19 22 20 23
Circ24_3-11 24 48 0 3 0 11 0 13 0 21 1 4 1 12 1 14 1 22 2 5 2 13 2 15 2 23 3 6 3 14 3 16 4 7 4 15 4 17 5 8 5 16 5 18 6 9 6 17 6 19 7 10 7 18 7 20 8 11 8 19 8 21 9 12 9 20 9 22 10 13 10 21 10 23 11 14 11 22 12 15 12 23 13 16 14 17 15 18 16 19 17 20 18 21 19 22 20 23
Circ24_3-12 24 36 0 3 0 12 0 21 1 4 1 13 1 22 2 5 2 14 2 23 3 6 3 15 4 7 4 16 5 8 5 17 6 9 6 18 7 10 7 19 8 11 8 20 9 12 9 21 10 13 10 22 11 14 11 23 12 15 13 16 14 17 15 18 16 19 17 20 18 21 19 22 20 23
Circ24_4-5 24 48 0 4 0 5 0 19 0 20 1 5 1 6 1 20 1 21 2 6 2 7 2 21 2 22 3 7 3 8 3 22 3 23 4 8 4 9 4 23 5 9 5 10 6 10 6 11 7 11 7 12 8 12 8 13 9 13 9 14 10 14 10 15 11 15 11 16 12 16 12 17 13 17 13 18 14 18 14 19 15 19 15 20 16 20 16 21 17 21 17 22 18 22 18 23 19 23
Circ24_4-6 24 48 0 4 0 6 0 18 0 20 1 5 1 7 1 19 1 21 2 6 2 8 2 20 2 22 3 7 3 9 3 21 3 23 4 8 4 10 4 22 5 9 5 11 5 23 6 10 6 12 7 11 7 13 8 12 8 14 9 13 9 15 10 14 10 16 11 15 11 17 12 16 12 18 13 17 13 19 14 18 14 20 15 19 15 21 16 20 16 22 17 21 17 23 18 22 19 23
Circ24_4-7 24 48 0 4 0 7 0 17 0 20 1 5 1 8 1 18 1 21 2 6 2 9 2 19 2 22 3 7 3 10 3 20 3 23 4 8 4 11 4 21 5 9 5 12 5 22 6 10 6 13 6 23 7 11 7 14 8 12 8 15 9 13 9 16 10 14 10 17 11 15 11 18 12 16 12 19 13 17 13 20 14 18 14 21 15 19 15 22 16 20 16 23 17 21 18 22 19 23
Circ24_4-9 24 48 0 4 0 9 0 15 0 20 1 5 1 10 1 16 1 21 2 6 2 11 2 17 2 22 3 7 3 12 3 18 3 23 4 8 4 13 4 19 5 9 5 14 5 20 6 10 6 15 6 21 7 11 7 16 7 22 8 12 8 17 8 23 9 13 9 18 10 14 10 19 11 15 11 20 12 16 12 21 13 17 13 22 14 18 14 23 15 19 16 20 17 21 18 22 19 23
Circ24_4-11 24 48 0 4 0 11 0 13 0 20 1 5 1 12 1 14 1 21 2 6 2 13 2 15 2 22 3 7 3 14 3 16 3 23 4 8 4 15 4 17 5 9 5 16 5 18 6 10 6 17 6 19 7 11 7 18 7 20 8 12 8 19 8 21 9 13 9 20 9 22 10 14 10 21 10 23 11 15 11 22 12 16 12 23 13 17 14 18 15 19 16 20 17 21 18 22 19 23
Circ24_4-12 24 36 0 4 0 12 0 20 1 5 1 13 1 21 2 6 2 14 2 22 3 7 3 15 3 23 4 8 4 16 5 9 5 17 6 10 6 18 7 11 7 19 8 12 8 20 9 13 9 21 10 14 10 22 11 15 11 23 12 16 13 17 14 18 15 19 16 20 17 21 18 22 19 23
Circ24_5-6 24 48 0 5 0 6 0 18 0 19 1 6 1 7 1 19 1 20 2 7 2 8 2 20 2 21 3 8 3 9 3 21 3 22 4 9 4 10 4 22 4 23 5 10 5 11 5 23 6 11 6 12 7 12 7 13 8 13 8 14 9 14 9 15 10 15 10 16 11 16 11 17 12 17 12 18 13 18 13 19 14 19 14 20 15 20 15 21 16 21 16 22 17 22 17 23 18 23
Circ24_5-7 24 48 0 5 0 7 0 17 0 19 1 6 1 8 1 18 1 20 2 7 2 9 2 19 2 21 3 8 3 10 3 20 3 22 4 9 4 11 4 21 4 23 5 10 5 12 5 22 6 11 6 13 6 23 7 12 7 14 8 13 8 15 9 14 9 16 10 15 10 17 11 16 11 18 12 17 12 19 13 18 13 20 14 19 14 21 15 20 15 22 16 21 16 23 17 22 18 23
Circ24_5-9 24 48 0 5 0 9 0 15 0 19 1 6 1 10 1 16 1 20 2 7 2 11 2 17 2 21 3 8 3 12 3 18 3 22 4 9 4 13 4 19 4 23 5 10 5 14 5 20 6 11 6 15 6 21 7 12 7 16 7 22 8 13 8 17 8 23 9 14 9 18 10 15 10 19 11 16 11 20 12 17 12 21 13 18 13 22 14 19 14 23 15 20 16 21 17 22 18 23
Circ24_5-11 24 48 0 5 0 11 0 13 0 19 1 6 1 12 1 14 1 20 2 7 2 13 2 15 2 21 3 8 3 14 3 16 3 22 4 9 4 15 4 17 4 23 5 10 5 16 5 18 6 11 6 17 6 19 7 12 7 18 7 20 8 13 8 19 8 21 9 14 9 20 9 22 10 15 10 21 10 23 11 16 11 22 12 17 12 23 13 18 14 19 15 20 16 21 17 22 18 23
Circ24_5-12 24 36 0 5 0 12 0 19 1 6 1 13 1 20 2 7 2 14 2 21 3 8 3 15 3 22 4 9 4 16 4 23 5 10 5 17 6 11 6 18 7 12 7 19 8 13 8 20 9 14 9 21 10 15 10 22 11 16 11 23 12 17 13 18 14 19 15 20 16 21 17 22 18 23
Circ24_6-7 24 48 0 6 0 7 0 17 0 18 1 7 1 8 1 18 1 19 2 8 2 9 2 19 2 20 3 9 3 10 3 20 3 21 4 10 4 11 4 21 4 22 5 11 5 12 5 22 5 23 6 12 6 13 6 23 7 13 7 14 8 14 8 15 9 15 9 16 10 16 10 17 11 17 11 18 12 18 12 19 13 19 13 20 14 20 14 21 15 21 15 22 16 22 16 23 17 23
Circ24_6-10 24 48 0 6 0 10 0 14 0 18 1 7 1 11 1 15 1 19 2 8 2 12 2 16 2 20 3 9 3 13 3 17 3 21 4 10 4 14 4 18 4 22 5 11 5 15 5 19 5 23 6 12 6 16 6 20 7 13 7 17 7 21 8 14 8 18 8 22 9 15 9 19 9 23 10 16 10 20 11 17 11 21 12 18 12 22 13 19 13 23 14 20 15 21 16 22 17 23
Circ24_6-11 24 48 0 6 0 11 0 13 0 18 1 7 1 12 1 14 1 19 2 8 2 13 2 15 2 20 3 9 3 14 3 16 3 21 4 10 4 15 4 17 4 22 5 11 5 16 5 18 5 23 6 12 6 17 6 19 7 13 7 18 7 20 8 14 8 19 8 21 9 15 9 20 9 22 10 16 10 21 10 23 11 17 11 22 12 18 12 23 13 19 14 20 15 21 16 22 17 23
Circ24_7-9 24 48 0 7 0 9 0 15 0 17 1 8 1 10 1 16 1 18 2 9 2 11 2 17 2 19 3 10 3 12 3 18 3 20 4 11 4 13 4 19 4 21 5 12 5 14 5 20 5 22 6 13 6 15 6 21 6 23 7 14 7 16 7 22 8 15 8 17 8 23 9 16 9 18 10 17 10 19 11 18 11 20 12 19 12 21 13 20 13 22 14 21 14 23 15 22 16 23
Circ24_7-11 24 48 0 7 0 11 0 13 0 17 1 8 1 12 1 14 1 18 2 9 2 13 2 15 2 19 3 10 3 14 3 16 3 20 4 11 4 15 4 17 4 21 5 12 5 16 5 18 5 22 6 13 6 17 6 19 6 23 7 14 7 18 7 20 8 15 8 19 8 21 9 16 9 20 9 22 10 17 10 21 10 23 11 18 11 22 12 19 12 23 13 20 14 21 15 22 16 23
Circ24_7-12 24 36 0 7 0 12 0 17 1 8 1 13 1 18 2 9 2 14 2 19 3 10 3 15 3 20 4 11 4 16 4 21 5 12 5 17 5 22 6 13 6 18 6 23 7 14 7 19 8 15 8 20 9 16 9 21 10 17 10 22 11 18 11 23 12 19 13 20 14 21 15 22 16 23
Circ24_9-10 24 48 0 9 0 10 0 14 0 15 1 10 1 11 1 15 1 16 2 11 2 12 2 16 2 17 3 12 3 13 3 17 3 18 4 13 4 14 4 18 4 19 5 14 5 15 5 19 5 20 6 15 6 16 6 20 6 21 7 16 7 17 7 21 7 22 8 17 8 18 8 22 8 23 9 18 9 19 9 23 10 19 10 20 11 20 11 21 12 21 12 22 13 22 13 23 14 23
Circ24_9-11 24 48 0 9 0 11 0 13 0 15 1 10 1 12 1 14 1 16 2 11 2 13 2 15 2 17 3 12 3 14 3 16 3 18 4 13 4 15 4 17 4 19 5 14 5 16 5 18 5 20 6 15 6 17 6 19 6 21 7 16 7 18 7 20 7 22 8 17 8 19 8 21 8 23 9 18 9 20 9 22 10 19 10 21 10 23 11 20 11 22 12 21 12 23 13 22 14 23
Circ24_9-12 24 36 0 9 0 12 0 15 1 10 1 13 1 16 2 11 2 14 2 17 3 12 3 15 3 18 4 13 4 16 4 19 5 14 5 17 5 20 6 15 6 18 6 21 7 16 7 19 7 22 8 17 8 20 8 23 9 18 9 21 10 19 10 22 11 20 11 23 12 21 13 22 14 23
Circ24_10-11 24 48 0 10 0 11 0 13 0 14 1 11 1 12 1 14 1 15 2 12 2 13 2 15 2 16 3 13 3 14 3 16 3 17 4 14 4 15 4 17 4 18 5 15 5 16 5 18 5 19 6 16 6 17 6 19 6 20 7 17 7 18 7 20 7 21 8 18 8 19 8 21 8 22 9 19 9 20 9 22 9 23 10 20 10 21 10 23 11 21 11 22 12 22 12 23 13 23
Circ24_10-12 24 36 0 10 0 12 0 14 1 11 1 13 1 15 2 12 2 14 2 16 3 13 3 15 3 17 4 14 4 16 4 18 5 15 5 17 5 19 6 16 6 18 6 20 7 17 7 19 7 21 8 18 8 20 8 22 9 19 9 21 9 23 10 20 10 22 11 21 11 23 12 22 13 23
Circ24_11-12 24 36 0 11 0 12 0 13 1 12 1 13 1 14 2 13 2 14 2 15 3 14 3 15 3 16 4 15 4 16 4 17 5 16 5 17 5 18 6 17 6 18 6 19 7 18 7 19 7 20 8 19 8 20 8 21 9 20 9 21 9 22 10 21 10 22 10 23 11 22 11 23 12 23
Circ24_1-3-5 24 72 0 1 0 3 0 5 0 19 0 21 0 23 1 2 1 4 1 6 1 20 1 22 2 3 2 5 2 7 2 21 2 23 3 4 3 6 3 8 3 22 4 5 4 7 4 9 4 23 5 6 5 8 5 10 6 7 6 9 6 11 7 8 7 10 7 12 8 9 8 11 8 13 9 10 9 12 9 14 10 11 10 13 10 15 11 12 11 14 11 16 12 13 12 15 12 17 13 14 13 16 13 18 14 15 14 17 14 19 15 16 15 18 15 20 16 17 16 19 16 21 17 18 17 20 17 22 18 19 18 21 18 23 19 20 19 22 20 21 20 23 21 22 22 23
Circ24_1-3-7 24 72 0 1 0 3 0 7 0 17 0 21 0 23 1 2 1 4 1 8 1 18 1 22 2 3 2 5 2 9 2 19 2 23 3 4 3 6 3 10 3 20 4 5 4 7 4 11 4 21 5 6 5 8 5 12 5 22 6 7 6 9 6 13 6 23 7 8 7 10 7 14 8 9 8 11 8 15 9 10 9 12 9 16 10 11 10 13 10 17 11 12 11 14 11 18 12 13 12 15 12 19 13 14 13 16 13 20 14 15 14 17 14 21 15 16 15 18 15 22 16 17 16 19 16 23 17 18 17 20 18 19 18 21 19 20 19 22 20 21 20 23 21 22 22 23
Circ24_1-3-9 24 72 0 1 0 3 0 9 0 15 0 21 0 23 1 2 1 4 1 10 1 16 1 22 2 3 2 5 2 11 2 17 2 23 3 4 3 6 3 12 3 18 4 5 4 7 4 13 4 19 5 6 5 8 5 14 5 20 6 7 6 9 6 15 6 21 7 8 7 10 7 16 7 22 8 9 8 11 8 17 8 23 9 10 9 12 9 18 10 11 10 13 10 19 11 12 11 14 11 20 12 13 12 15 12 21 13 14 13 16 13 22 14 15 14 17 14 23 15 16 15 18 16 17 16 19 17 18 17 20 18 19 18 21 19 20 19 22 20 21 20 23 21 22 22 23
Circ24_1-3-10 24 72 0 1 0 3 0 10 0 14 0 21 0 23 1 2 1 4 1 11 1 15 1 22 2 3 2 5 2 12 2 16 2 23 3 4 3 6 3 13 3 17 4 5 4 7 4 14 4 18 5 6 5 8 5 15 5 19 6 7 6 9 6 16 6 20 7 8 7 10 7 17 7 21 8 9 8 11 8 18 8 22 9 10 9 12 9 19 9 23 10 11 10 13 10 20 11 12 11 14 11 21 12 13 12 15 12 22 13 14 13 16 13 23 14 15 14 17 15 16 15 18 16 17 16 19 17 18 17 20 18 19 18 21 19 20 19 22 20 21 20 23 21 22 22 23
Circ24_1-3-11 24 72 0 1 0 3 0 11 0 13 0 21 0 23 1 2 1 4 1 12 1 14 1 22 2 3 2 5 2 13 2 15 2 23 3 4 3 6 3 14 3 16 4 5 4 7 4 15 4 17 5 6 5 8 5 16 5 18 6 7 6 9 6 17 6 19 7 8 7 10 7 18 7 20 8 9 8 11 8 19 8 21 9 10 9 12 9 20 9 22 10 11 10 13 10 21 10 23 11 12 11 14 11 22 12 13 12 15 12 23 13 14 13 16 14 15 14 17 15 16 15 18 16 17 16 19 17 18 17 20 18 19 18 21 19 20 19 22 20 21 20 23 21 22 22 23
Circ24_1-3-12 24 60 0 1 0 3 0 12 0 21 0 23 1 2 1 4 1 13 1 22 2 3 2 5 2 14 2 23 3 4 3 6 3 15 4 5 4 7 4 16 5 6 5 8 5 17 6 7 6 9 6 18 7 8 7 10 7 19 8 9 8 11 8 20 9 10 9 12 9 21 10 11 10 13 10 22 11 12 11 14 11 23 12 13 12 15 13 14 13 16 14 15 14 17 15 16 15 18 16 17 16 19 17 18 17 20 18 19 18 21 19 20 19 22 20 21 20 23 21 22 22 23
Circ24_1-4-6 24 72 0 1 0 4 0 6 0 18 0 20 0 23 1 2 1 5 1 7 1 19 1 21 2 3 2 6 2 8 2 20 2 22 3 4 3 7 3 9 3 21 3 23 4 5 4 8 4 10 4 22 5 6 5 9 5 11 5 23 6 7 6 10 6 12 7 8 7 11 7 13 8 9 8 12 8 14 9 10 9 13 9 15 10 11 10 14 10 16 11 12 11 15 11 17 12 13 12 16 12 18 13 14 13 17 13 19 14 15 14 18 14 20 15 16 15 19 15 21 16 17 16 20 16 22 17 18 17 21 17 23 18 19 18 22 19 20 19 23 20 21 21 22 22 23
Circ24_1-4-7 24 72 0 1 0 4 0 7 0 17 0 20 0 23 1 2 1 5 1 8 1 18 1 21 2 3 2 6 2 9 2 19 2 22 3 4 3 7 3 10 3 20 3 23 4 5 4 8 4 11 4 21 5 6 5 9 5 12 5 22 6 7 6 10 6 13 6 23 7 8 7 11 7 14 8 9 8 12 8 15 9 10 9 13 9 16 10 11 10 14 10 17 11 12 11 15 11 18 12 13 12 16 12 19 13 14 13 17 13 20 14 15 14 18 14 21 15 16 15 19 15 22 16 17 16 20 16 23 17 18 17 21 18 19 18 22 19 20 19 23 20 21 21 22 22 23
Circ24_1-4-9 24 72 0 1 0 4 0 9 0 15 0 20 0 23 1 2 1 5 1 10 1 16 1 21 2 3 2 6 2 11 2 17 2 22 3 4 3 7 3 12 3 18 3 23 4 5 4 8 4 13 4 19 5 6 5 9 5 14 5 20 6 7 6 10 6 15 6 21 7 8 7 11 7 16 7 22 8 9 8 12 8 17 8 23 9 10 9 13 9 18 10 11 10 14 10 19 11 12 11 15 11 20 12 13 12 16 12 21 13 14 13 17 13 22 14 15 14 18 14 23 15 16 15 19 16 17 16 20 17 18 17 21 18 19 18 22 19 20 19 23 20 21 21 22 22 23
Circ24_1-4-11 24 72 0 1 0 4 0 11 0 13 0 20 0 23 1 2 1 5 1 12 1 14 1 21 2 3 2 6 2 13 2 15 2 22 3 4 3 7 3 14 3 16 3 23 4 5 4 8 4 15 4 17 5 6 5 9 5 16 5 18 6 7 6 10 6 17 6 19 7 8 7 11 7 18 7 20 8 9 8 12 8 19 8 21 9 10 9 13 9 20 9 22 10 11 10 14 10 21 10 23 11 12 11 15 11 22 12 13 12 16 12 23 13 14 13 17 14 15 14 18 15 16 15 19 16 17 16 20 17 18 17 21 18 19 18 22 19 20 19 23 20 21 21 22 22 23
Circ24_1-4-12 24 60 0 1 0 4 0 12 0 20 0 23 1 2 1 5 1 13 1 21 2 3 2 6 2 14 2 22 3 4 3 7 3 15 3 23 4 5 4 8 4 16 5 6 5 9 5 17 6 7 6 10 6 18 7 8 7 11 7 19 8 9 8 12 8 20 9 10 9 13 9 21 10 11 10 14 10 22 11 12 11 15 11 23 12 13 12 16 13 14 13 17 14 15 14 18 15 16 15 19 16 17 16 20 17 18 17 21 18 19 18 22 19 20 19 23 20 21 21 22 22 23
Circ24_1-5-7 24 72 0 1 0 5 0 7 0 17 0 19 0 23 1 2 1 6 1 8 1 18 1 20 2 3 2 7 2 9 2 19 2 21 3 4 3 8 3 10 3 20 3 22 4 5 4 9 4 11 4 21 4 23 5 6 5 10 5 12 5 22 6 7 6 11 6 13 6 23 7 8 7 12 7 14 8 9 8 13 8 15 9 10 9 14 9 16 10 11 10 15 10 17 11 12 11 16 11 18 12 13 12 17 12 19 13 14 13 18 13 20 14 15 14 19 14 21 15 16 15 20 15 22 16 17 16 21 16 23 17 18 17 22 18 19 18 23 19 20 20 21 21 22 22 23
Circ24_1-5-9 24 72 0 1 0 5 0 9 0 15 0 19 0 23 1 2 1 6 1 10 1 16 1 20 2 3 2 7 2 11 2 17 2 21 3 4 3 8 3 12 3 18 3 22 4 5 4 9 4 13 4 19 4 23 5 6 5 10 5 14 5 20 6 7 6 11 6 15 6 21 7 8 7 12 7 16 7 22 8 9 8 13 8 17 8 23 9 10 9 14 9 18 10 11 10 15 10 19 11 12 11 16 11 20 12 13 12 17 12 21 13 14 13 18 13 22 14 15 14 19 14 23 15 16 15 20 16 17 16 21 17 18 17 22 18 19 18 23 19 20 20 21 21 22 22 23
Circ24_1-5-11 24 72 0 1 0 5 0 11 0 13 0 19 0 23 1 2 1 6 1 12 1 14 1 20 2 3 2 7 2 13 2 15 2 21 3 4 3 8 3 14 3 16 3 22 4 5 4 9 4 15 4 17 4 23 5 6 5 10 5 16 5 18 6 7 6 11 6 17 6 19 7 8 7 12 7 18 7 20 8 9 8 13 8 19 8 21 9 10 9 14 9 20 9 22 10 11 10 15 10 21 10 23 11 12 11 16 11 22 12 13 12 17 12 23 13 14 13 18 14 15 14 19 15 16 15 20 16 17 16 21 17 18 17 22 18 19 18 23 19 20 20 21 21 22 22 23
Circ24_1-5-12 24 60 0 1 0 5 0 12 0 19 0 23 1 2 1 6 1 13 1 20 2 3 2 7 2 14 2 21 3 4 3 8 3 15 3 22 4 5 4 9 4 16 4 23 5 6 5 10 5 17 6 7 6 11 6 18 7 8 7 12 7 19 8 9 8 13 8 20 9 10 9 14 9 21 10 11 10 15 10 22 11 12 11 16 11 23 12 13 12 17 13 14 13 18 14 15 14 19 15 16 15 20 16 17 16 21 17 18 17 22 18 19 18 23 19 20 20 21 21 22 22 23
Circ24_1-6-10 24 72 0 1 0 6 0 10 0 14 0 18 0 23 1 2 1 7 1 11 1 15 1 19 2 3 2 8 2 12 2 16 2 20 3 4 3 9 3 13 3 17 3 21 4 5 4 10 4 14 4 18 4 22 5 6 5 11 5 15 5 19 5 23 6 7 6 12 6 16 6 20 7 8 7 13 7 17 7 21 8 9 8 14 8 18 8 22 9 10 9 15 9 19 9 23 10 11 10 16 10 20 11 12 11 17 11 21 12 13 12 18 12 22 13 14 13 19 13 23 14 15 14 20 15 16 15 21 16 17 16 22 17 18 17 23 18 19 19 20 20 21 21 22 22 23
Circ24_1-6-11 24 72 0 1 0 6 0 11 0 13 0 18 0 23 1 2 1 7 1 12 1 14 1 19 2 3 2 8 2 13 2 15 2 20 3 4 3 9 3 14 3 16 3 21 4 5 4 10 4 15 4 17 4 22 5 6 5 11 5 16 5 18 5 23 6 7 6 12 6 17 6 19 7 8 7 13 7 18 7 20 8 9 8 14 8 19 8 21 9 10 9 15 9 20 9 22 10 11 10 16 10 21 10 23 11 12 11 17 11 22 12 13 12 18 12 23 13 14 13 19 14 15 14 20 15 16 15 21 16 17 16 22 17 18 17 23 18 19 19 20 20 21 21 22 22 23
Circ24_1-7-9 24 72 0 1 0 7 0 9 0 15 0 17 0 23 1 2 1 8 1 10 1 16 1 18 2 3 2 9 2 11 2 17 2 19 3 4 3 10 3 12 3 18 3 20 4 5 4 11 4 13 4 19 4 21 5 6 5 12 5 14 5 20 5 22 6 7 6 13 6 15 6 21 6 23 7 8 7 14 7 16 7 22 8 9 8 15 8 17 8 23 9 10 9 16 9 18 10 11 10 17 10 19 11 12 11 18 11 20 12 13 12 19 12 21 13 14 13 20 13 22 14 15 14 21 14 23 15 16 15 22 16 17 16 23 17 18 18 19 19 20 20 21 21 22 22 23
Circ24_1-7-11 24 72 0 1 0 7 0 11 0 13 0 17 0 23 1 2 1 8 1 12 1 14 1 18 2 3 2 9 2 13 2 15 2 19 3 4 3 10 3 14 3 16 3 20 4 5 4 11 4 15 4 17 4 21 5 6 5 12 5 16 5 18 5 22 6 7 6 13 6 17 6 19 6 23 7 8 7 14 7 18 7 20 8 9 8 15 8 19 8 21 9 10 9 16 9 20 9 22 10 11 10 17 10 21 10 23 11 12 11 18 11 22 12 13 12 19 12 23 13 14 13 20 14 15 14 21 15 16 15 22 16 17 16 23 17 18 18 19 19 20 20 21 21 22 22 23
Circ24_1-7-12 24 60 0 1 0 7 0 12 0 17 0 23 1 2 1 8 1 13 1 18 2 3 2 9 2 14 2 19 3 4 3 10 3 15 3 20 4 5 4 11 4 16 4 21 5 6 5 12 5 17 5 22 6 7 6 13 6 18 6 23 7 8 7 14 7 19 8 9 8 15 8 20 9 10 9 16 9 21 10 11 10 17 10 22 11 12 11 18 11 23 12 13 12 19 13 14 13 20 14 15 14 21 15 16 15 22 16 17 16 23 17 18 18 19 19 20 20 21 21 22 22 23
Circ24_1-9-11 24 72 0 1 0 9 0 11 0 13 0 15 0 23 1 2 1 10 1 12 1 14 1 16 2 3 2 11 2 13 2 15 2 17 3 4 3 12 3 14 3 16 3 18 4 5 4 13 4 15 4 17 4 19 5 6 5 14 5 16 5 18 5 20 6 7 6 15 6 17 6 19 6 21 7 8 7 16 7 18 7 20 7 22 8 9 8 17 8 19 8 21 8 23 9 10 9 18 9 20 9 22 10 11 10 19 10 21 10 23 11 12 11 20 11 22 12 13 12 21 12 23 13 14 13 22 14 15 14 23 15 16 16 17 17 18 18 19 19 20 20 21 21 22 22 23
Circ24_1-9-12 24 60 0 1 0 9 0 12 0 15 0 23 1 2 1 10 1 13 1 16 2 3 2 11 2 14 2 17 3 4 3 12 3 15 3 18 4 5 4 13 4 16 4 19 5 6 5 14 5 17 5 20 6 7 6 15 6 18 6 21 7 8 7 16 7 19 7 22 8 9 8 17 8 20 8 23 9 10 9 18 9 21 10 11 10 19 10 22 11 12 11 20 11 23 12 13 12 21 13 14 13 22 14 15 14 23 15 16 16 17 17 18 18 19 19 20 20 21 21 22 22 23
Circ24_1-10-12 24 60 0 1 0 10 0 12 0 14 0 23 1 2 1 11 1 13 1 15 2 3 2 12 2 14 2 16 3 4 3 13 3 15 3 17 4 5 4 14 4 16 4 18 5 6 5 15 5 17 5 19 6 7 6 16 6 18 6 20 7 8 7 17 7 19 7 21 8 9 8 18 8 20 8 22 9 10 9 19 9 21 9 23 10 11 10 20 10 22 11 12 11 21 11 23 12 13 12 22 13 14 13 23 14 15 15 16 16 17 17 18 18 19 19 20 20 21 21 22 22 23
Circ24_2-3-7 24 72 0 2 0 3 0 7 0 17 0 21 0 22 1 3 1 4 1 8 1 18 1 22 1 23 2 4 2 5 2 9 2 19 2 23 3 5 3 6 3 10 3 20 4 6 4 7 4 11 4 21 5 7 5 8 5 12 5 22 6 8 6 9 6 13 6 23 7 9 7 10 7 14 8 10 8 11 8 15 9 11 9 12 9 16 10 12 10 13 10 17 11 13 11 14 11 18 12 14 12 15 12 19 13 15 13 16 13 20 14 16 14 17 14 21 15 17 15 18 15 22 16 18 16 19 16 23 17 19 17 20 18 20 18 21 19 21 19 22 20 22 20 23 21 23
Circ24_2-3-9 24 72 0 2 0 3 0 9 0 15 0 21 0 22 1 3 1 4 1 10 1 16 1 22 1 23 2 4 2 5 2 11 2 17 2 23 3 5 3 6 3 12 3 18 4 6 4 7 4 13 4 19 5 7 5 8 5 14 5 20 6 8 6 9 6 15 6 21 7 9 7 10 7 16 7 22 8 10 8 11 8 17 8 23 9 11 9 12 9 18 10 12 10 13 10 19 11 13 11 14 11 20 12 14 12 15 12 21 13 15 13 16 13 22 14 16 14 17 14 23 15 17 15 18 16 18 16 19 17 19 17 20 18 20 18 21 19 21 19 22 20 22 20 23 21 23
Circ24_2-3-10 24 72 0 2 0 3 0 10 0 14 0 21 0 22 1 3 1 4 1 11 1 15 1 22 1 23 2 4 2 5 2 12 2 16 2 23 3 5 3 6 3 13 3 17 4 6 4 7 4 14 4 18 5 7 5 8 5 15 5 19 6 8 6 9 6 16 6 20 7 9 7 10 7 17 7 21 8 10 8 11 8 18 8 22 9 11 9 12 9 19 9 23 10 12 10 13 10 20 11 13 11 14 11 21 12 14 12 15 12 22 13 15 13 16 13 23 14 16 14 17 15 17 15 18 16 18 16 19 17 19 17 20 18 20 18 21 19 21 19 22 20 22 20 23 21 23
Circ24_2-3-12 24 60 0 2 0 3 0 12 0 21 0 22 1 3 1 4 1 13 1 22 1 23 2 4 2 5 2 14 2 23 3 5 3 6 3 15 4 6 4 7 4 16 5 7 5 8 5 17 6 8 6 9 6 18 7 9 7 10 7 19 8 10 8 11 8 20 9 11 9 12 9 21 10 12 10 13 10 22 11 13 11 14 11 23 12 14 12 15 13 15 13 16 14 16 14 17 15 17 15 18 16 18 16 19 17 19 17 20 18 20 18 21 19 21 19 22 20 22 20 23 21 23
Circ24_2-5-6 24 72 0 2 0 5 0 6 0 18 0 19 0 22 1 3 1 6 1 7 1 19 1 20 1 23 2 4 2 7 2 8 2 20 2 21 3 5 3 8 3 9 3 21 3 22 4 6 4 9 4 10 4 22 4 23 5 7 5 10 5 11 5 23 6 8 6 11 6 12 7 9 7 12 7 13 8 10 8 13 8 14 9 11 9 14 9 15 10 12 10 15 10 16 11 13 11 16 11 17 12 14 12 17 12 18 13 15 13 18 13 19 14 16 14 19 14 20 15 17 15 20 15 21 16 18 16 21 16 22 17 19 17 22 17 23 18 20 18 23 19 21 20 22 21 23
Circ24_2-5-9 24 72 0 2 0 5 0 9 0 15 0 19 0 22 1 3 1 6 1 10 1 16 1 20 1 23 2 4 2 7 2 11 2 17 2 21 3 5 3 8 3 12 3 18 3 22 4 6 4 9 4 13 4 19 4 23 5 7 5 10 5 14 5 20 6 8 6 11 6 15 6 21 7 9 7 12 7 16 7 22 8 10 8 13 8 17 8 23 9 11 9 14 9 18 10 12 10 15 10 19 11 13 11 16 11 20 12 14 12 17 12 21 13 15 13 18 13 22 14 16 14 19 14 23 15 17 15 20 16 18 16 21 17 19 17 22 18 20 18 23 19 21 20 22 21 23
Circ24_2-5-12 24 60 0 2 0 5 0 12 0 19 0 22 1 3 1 6 1 13 1 20 1 23 2 4 2 7 2 14 2 21 3 5 3 8 3 15 3 22 4 6 4 9 4 16 4 23 5 7 5 10 5 17 6 8 6 11 6 18 7 9 7 12 7 19 8 10 8 13 8 20 9 11 9 14 9 21 10 12 10 15 10 22 11 13 11 16 11 23 12 14 12 17 13 15 13 18 14 16 14 19 15 17 15 20 16 18 16 21 17 19 17 22 18 20 18 23 19 21 20 22 21 23
Circ24_2-6-7 24 72 0 2 0 6 0 7 0 17 0 18 0 22 1 3 1 7 1 8 1 18 1 19 1 23 2 4 2 8 2 9 2 19 2 20 3 5 3 9 3 10 3 20 3 21 4 6 4 10 4 11 4 21 4 22 5 7 5 11 5 12 5 22 5 23 6 8 6 12 6 13 6 23 7 9 7 13 7 14 8 10 8 14 8 15 9 11 9 15 9 16 10 12 10 16 10 17 11 13 11 17 11 18 12 14 12 18 12 19 13 15 13 19 13 20 14 16 14 20 14 21 15 17 15 21 15 22 16 18 16 22 16 23 17 19 17 23 18 20 19 21 20 22 21 23
Circ24_2-6-10 24 72 0 2 0 6 0 10 0 14 0 18 0 22 1 3 1 7 1 11 1 15 1 19 1 23 2 4 2 8 2 12 2 16 2 20 3 5 3 9 3 13 3 17 3 21 4 6 4 10 4 14 4 18 4 22 5 7 5 11 5 15 5 19 5 23 6 8 6 12 6 16 6 20 7 9 7 13 7 17 7 21 8 10 8 14 8 18 8 22 9 11 9 15 9 19 9 23 10 12 10 16 10 20 11 13 11 17 11 21 12 14 12 18 12 22 13 15 13 19 13 23 14 16 14 20 15 17 15 21 16 18 16 22 17 19 17 23 18 20 19 21 20 22 21 23
Circ24_2-7-12 24 60 0 2 0 7 0 12 0 17 0 22 1 3 1 8 1 13 1 18 1 23 2 4 2 9 2 14 2 19 3 5 3 10 3 15 3 20 4 6 4 11 4 16 4 21 5 7 5 12 5 17 5 22 6 8 6 13 6 18 6 23 7 9 7 14 7 19 8 10 8 15 8 20 9 11 9 16 9 21 10 12 10 17 10 22 11 13 11 18 11 23 12 14 12 19 13 15 13 20 14 16 14 21 15 17 15 22 16 18 16 23 17 19 18 20 19 21 20 22 21 23
Circ24_2-9-10 24 72 0 2 0 9 0 10 0 14 0 15 0 22 1 3 1 10 1 11 1 15 1 16 1 23 2 4 2 11 2 12 2 16 2 17 3 5 3 12 3 13 3 17 3 18 4 6 4 13 4 14 4 18 4 19 5 7 5 14 5 15 5 19 5 20 6 8 6 15 6 16 6 20 6 21 7 9 7 16 7 17 7 21 7 22 8 10 8 17 8 18 8 22 8 23 9 11 9 18 9 19 9 23 10 12 10 19 10 20 11 13 11 20 11 21 12 14 12 21 12 22 13 15 13 22 13 23 14 16 14 23 15 17 16 18 17 19 18 20 19 21 20 22 21 23
Circ24_2-9-12 24 60 0 2 0 9 0 12 0 15 0 22 1 3 1 10 1 13 1 16 1 23 2 4 2 11 2 14 2 17 3 5 3 12 3 15 3 18 4 6 4 13 4 16 4 19 5 7 5 14 5 17 5 20 6 8 6 15 6 18 6 21 7 9 7 16 7 19 7 22 8 10 8 17 8 20 8 23 9 11 9 18 9 21 10 12 10 19 10 22 11 13 11 20 11 23 12 14 12 21 13 15 13 22 14 16 14 23 15 17 16 18 17 19 18 20 19 21 20 22 21 23
Circ24_3-4-5 24 72 0 3 0 4 0 5 0 19 0 20 0 21 1 4 1 5 1 6 1 20 1 21 1 22 2 5 2 6 2 7 2 21 2 22 2 23 3 6 3 7 3 8 3 22 3 23 4 7 4 8 4 9 4 23 5 8 5 9 5 10 6 9 6 10 6 11 7 10 7 11 7 12 8 11 8 12 8 13 9 12 9 13 9 14 10 13 10 14 10 15 11 14 11 15 11 16 12 15 12 16 12 17 13 16 13 17 13 18 14 17 14 18 14 19 15 18 15 19 15 20 16 19 16 20 16 21 17 20 17 21 17 22 18 21 18 22 18 23 19 22 19 23 20 23
Circ24_3-4-9 24 72 0 3 0 4 0 9 0 15 0 20 0 21 1 4 1 5 1 10 1 16 1 21 1 22 2 5 2 6 2 11 2 17 2 22 2 23 3 6 3 7 3 12 3 18 3 23 4 7 4 8 4 13 4 19 5 8 5 9 5 14 5 20 6 9 6 10 6 15 6 21 7 10 7 11 7 16 7 22 8 11 8 12 8 17 8 23 9 12 9 13 9 18 10 13 10 14 10 19 11 14 11 15 11 20 12 15 12 16 12 21 13 16 13 17 13 22 14 17 14 18 14 23 15 18 15 19 16 19 16 20 17 20 17 21 18 21 18 22 19 22 19 23 20 23
Circ24_3-4-11 24 72 0 3 0 4 0 11 0 13 0 20 0 21 1 4 1 5 1 12 1 14 1 21 1 22 2 5 2 6 2 13 2 15 2 22 2 23 3 6 3 7 3 14 3 16 3 23 4 7 4 8 4 15 4 17 5 8 5 9 5 16 5 18 6 9 6 10 6 17 6 19 7 10 7 11 7 18 7 20 8 11 8 12 8 19 8 21 9 12 9 13 9 20 9 22 10 13 10 14 10 21 10 23 11 14 11 15 11 22 12 15 12 16 12 23 13 16 13 17 14 17 14 18 15 18 15 19 16 19 16 20 17 20 17 21 18 21 18 22 19 22 19 23 20 23
Circ24_3-4-12 24 60 0 3 0 4 0 12 0 20 0 21 1 4 1 5 1 13 1 21 1 22 2 5 2 6 2 14 2 22 2 23 3 6 3 7 3 15 3 23 4 7 4 8 4 16 5 8 5 9 5 17 6 9 6 10 6 18 7 10 7 11 7 19 8 11 8 12 8 20 9 12 9 13 9 21 10 13 10 14 10 22 11 14 11 15 11 23 12 15 12 16 13 16 13 17 14 17 14 18 15 18 15 19 16 19 16 20 17 20 17 21 18 21 18 22 19 22 19 23 20 23
Circ24_3-5-7 24 72 0 3 0 5 0 7 0 17 0 19 0 21 1 4 1 6 1 8 1 18 1 20 1 22 2 5 2 7 2 9 2 19 2 21 2 23 3 6 3 8 3 10 3 20 3 22 4 7 4 9 4 11 4 21 4 23 5 8 5 10 5 12 5 22 6 9 6 11 6 13 6 23 7 10 7 12 7 14 8 11 8 13 8 15 9 12 9 14 9 16 10 13 10 15 10 17 11 14 11 16 11 18 12 15 12 17 12 19 13 16 13 18 13 20 14 17 14 19 14 21 15 18 15 20 15 22 16 19 16 21 16 23 17 20 17 22 18 21 18 23 19 22 20 23
Circ24_3-5-9 24 72 0 3 0 5 0 9 0 15 0 19 0 21 1 4 1 6 1 10 1 16 1 20 1 22 2 5 2 7 2 11 2 17 2 21 2 23 3 6 3 8 3 12 3 18 3 22 4 7 4 9 4 13 4 19 4 23 5 8 5 10 5 14 5 20 6 9 6 11 6 15 6 21 7 10 7 12 7 16 7 22 8 11 8 13 8 17 8 23 9 12 9 14 9 18 10 13 10 15 10 19 11 14 11 16 11 20 12 15 12 17 12 21 13 16 13 18 13 22 14 17 14 19 14 23 15 18 15 20 16 19 16 21 17 20 17 22 18 21 18 23 19 22 20 23
Circ24_3-5-11 24 72 0 3 0 5 0 11 0 13 0 19 0 21 1 4 1 6 1 12 1 14 1 20 1 22 2 5 2 7 2 13 2 15 2 21 2 23 3 6 3 8 3 14 3 16 3 22 4 7 4 9 4 15 4 17 4 23 5 8 5 10 5 16 5 18 6 9 6 11 6 17 6 19 7 10 7 12 7 18 7 20 8 11 8 13 8 19 8 21 9 12 9 14 9 20 9 22 10 13 10 15 10 21 10 23 11 14 11 16 11 22 12 15 12 17 12 23 13 16 13 18 14 17 14 19 15 18 15 20 16 19 16 21 17 20 17 22 18 21 18 23 19 22 20 23
Circ24_3-5-12 24 60 0 3 0 5 0 12 0 19 0 21 1 4 1 6 1 13 1 20 1 22 2 5 2 7 2 14 2 21 2 23 3 6 3 8 3 15 3 22 4 7 4 9 4 16 4 23 5 8 5 10 5 17 6 9 6 11 6 18 7 10 7 12 7 19 8 11 8 13 8 20 9 12 9 14 9 21 10 13 10 15 10 22 11 14 11 16 11 23 12 15 12 17 13 16 13 18 14 17 14 19 15 18 15 20 16 19 16 21 17 20 17 22 18 21 18 23 19 22 20 23
Circ24_3-7-9 24 72 0 3 0 7 0 9 0 15 0 17 0 21 1 4 1 8 1 10 1 16 1 18 1 22 2 5 2 9 2 11 2 17 2 19 2 23 3 6 3 10 3 12 3 18 3 20 4 7 4 11 4 13 4 19 4 21 5 8 5 12 5 14 5 20 5 22 6 9 6 13 6 15 6 21 6 23 7 10 7 14 7 16 7 22 8 11 8 15 8 17 8 23 9 12 9 16 9 18 10 13 10 17 10 19 11 14 11 18 11 20 12 15 12 19 12 21 13 16 13 20 13 22 14 17 14 21 14 23 15 18 15 22 16 19 16 23 17 20 18 21 19 22 20 23
Circ24_3-7-11 24 72 0 3 0 7 0 11 0 13 0 17 0 21 1 4 1 8 1 12 1 14 1 18 1 22 2 5 2 9 2 13 2 15 2 19 2 23 3 6 3 10 3 14 3 16 3 20 4 7 4 11 4 15 4 17 4 21 5 8 5 12 5 16 5 18 5 22 6 9 6 13 6 17 6 19 6 23 7 10 7 14 7 18 7 20 8 11 8 15 8 19 8 21 9 12 9 16 9 20 9 22 10 13 10 17 10 21 10 23 11 14 11 18 11 22 12 15 12 19 12 23 13 16 13 20 14 17 14 21 15 18 15 22 16 19 16 23 17 20 18 21 19 22 20 23
Circ24_3-7-12 24 60 0 3 0 7 0 12 0 17 0 21 1 4 1 8 1 13 1 18 1 22 2 5 2 9 2 14 2 19 2 23 3 6 3 10 3 15 3 20 4 7 4 11 4 16 4 21 5 8 5 12 5 17 5 22 6 9 6 13 6 18 6 23 7 10 7 14 7 19 8 11 8 15 8 20 9 12 9 16 9 21 10 13 10 17 10 22 11 14 11 18 11 23 12 15 12 19 13 16 13 20 14 17 14 21 15 18 15 22 16 19 16 23 17 20 18 21 19 22 20 23
Circ24_3-9-10 24 72 0 3 0 9 0 10 0 14 0 15 0 21 1 4 1 10 1 11 1 15 1 16 1 22 2 5 2 11 2 12 2 16 2 17 2 23 3 6 3 12 3 13 3 17 3 18 4 7 4 13 4 14 4 18 4 19 5 8 5 14 5 15 5 19 5 20 6 9 6 15 6 16 6 20 6 21 7 10 7 16 7 17 7 21 7 22 8 11 8 17 8 18 8 22 8 23 9 12 9 18 9 19 9 23 10 13 10 19 10 20 11 14 11 20 11 21 12 15 12 21 12 22 13 16 13 22 13 23 14 17 14 23 15 18 16 19 17 20 18 21 19 22 20 23
Circ24_3-9-11 24 72 0 3 0 9 0 11 0 13 0 15 0 21 1 4 1 10 1 12 1 14 1 16 1 22 2 5 2 11 2 13 2 15 2 17 2 23 3 6 3 12 3 14 3 16 3 18 4 7 4 13 4 15 4 17 4 19 5 8 5 14 5 16 5 18 5 20 6 9 6 15 6 17 6 19 6 21 7 10 7 16 7 18 7 20 7 22 8 11 8 17 8 19 8 21 8 23 9 12 9 18 9 20 9 22 10 13 10 19 10 21 10 23 11 14 11 20 11 22 12 15 12 21 12 23 13 16 13 22 14 17 14 23 15 18 16 19 17 20 18 21 19 22 20 23
Circ24_3-10-12 24 60 0 3 0 10 0 12 0 14 0 21 1 4 1 11 1 13 1 15 1 22 2 5 2 12 2 14 2 16 2 23 3 6 3 13 3 15 3 17 4 7 4 14 4 16 4 18 5 8 5 15 5 17 5 19 6 9 6 16 6 18 6 20 7 10 7 17 7 19 7 21 8 11 8 18 8 20 8 22 9 12 9 19 9 21 9 23 10 13 10 20 10 22 11 14 11 21 11 23 12 15 12 22 13 16 13 23 14 17 15 18 16 19 17 20 18 21 19 22 20 23
Circ24_3-11-12 24 60 0 3 0 11 0 12 0 13 0 21 1 4 1 12 1 13 1 14 1 22 2 5 2 13 2 14 2 15 2 23 3 6 3 14 3 15 3 16 4 7 4 15 4 16 4 17 5 8 5 16 5 17 5 18 6 9 6 17 6 18 6 19 7 10 7 18 7 19 7 20 8 11 8 19 8 20 8 21 9 12 9 20 9 21 9 22 10 13 10 21 10 22 10 23 11 14 11 22 11 23 12 15 12 23 13 16 14 17 15 18 16 19 17 20 18 21 19 22 20 23
Circ24_4-5-6 24 72 0 4 0 5 0 6 0 18 0 19 0 20 1 5 1 6 1 7 1 19 1 20 1 21 2 6 2 7 2 8 2 20 2 21 2 22 3 7 3 8 3 9 3 21 3 22 3 23 4 8 4 9 4 10 4 22 4 23 5 9 5 10 5 11 5 23 6 10 6 11 6 12 7 11 7 12 7 13 8 12 8 13 8 14 9 13 9 14 9 15 10 14 10 15 10 16 11 15 11 16 11 17 12 16 12 17 12 18 13 17 13 18 13 19 14 18 14 19 14 20 15 19 15 20 15 21 16 20 16 21 16 22 17 21 17 22 17 23 18 22 18 23 19 23
Circ24_4-5-7 24 72 0 4 0 5 0 7 0 17 0 19 0 20 1 5 1 6 1 8 1 18 1 20 1 21 2 6 2 7 2 9 2 19 2 21 2 22 3 7 3 8 3 10 3 20 3 22 3 23 4 8 4 9 4 11 4 21 4 23 5 9 5 10 5 12 5 22 6 10 6 11 6 13 6 23 7 11 7 12 7 14 8 12 8 13 8 15 9 13 9 14 9 16 10 14 10 15 10 17 11 15 11 16 11 18 12 16 12 17 12 19 13 17 13 18 13 20 14 18 14 19 14 21 15 19 15 20 15 22 16 20 16 21 16 23 17 21 17 22 18 22 18 23 19 23
Circ24_4-5-11 24 72 0 4 0 5 0 11 0 13 0 19 0 20 1 5 1 6 1 12 1 14 1 20 1 21 2 6 2 7 2 13 2 15 2 21 2 22 3 7 3 8 3 14 3 16 3 22 3 23 4 8 4 9 4 15 4 17 4 23 5 9 5 10 5 16 5 18 6 10 6 11 6 17 6 19 7 11 7 12 7 18 7 20 8 12 8 13 8 19 8 21 9 13 9 14 9 20 9 22 10 14 10 15 10 21 10 23 11 15 11 16 11 22 12 16 12 17 12 23 13 17 13 18 14 18 14 19 15 19 15 20 16 20 16 21 17 21 17 22 18 22 18 23 19 23
Circ24_4-5-12 24 60 0 4 0 5 0 12 0 19 0 20 1 5 1 6 1 13 1 20 1 21 2 6 2 7 2 14 2 21 2 22 3 7 3 8 3 15 3 22 3 23 4 8 4 9 4 16 4 23 5 9 5 10 5 17 6 10 6 11 6 18 7 11 7 12 7 19 8 12 8 13 8 20 9 13 9 14 9 21 10 14 10 15 10 22 11 15 11 16 11 23 12 16 12 17 13 17 13 18 14 18 14 19 15 19 15 20 16 20 16 21 17 21 17 22 18 22 18 23 19 23
Circ24_4-6-7 24 72 0 4 0 6 0 7 0 17 0 18 0 20 1 5 1 7 1 8 1 18 1 19 1 21 2 6 2 8 2 9 2 19 2 20 2 22 3 7 3 9 3 10 3 20 3 21 3 23 4 8 4 10 4 11 4 21 4 22 5 9 5 11 5 12 5 22 5 23 6 10 6 12 6 13 6 23 7 11 7 13 7 14 8 12 8 14 8 15 9 13 9 15 9 16 10 14 10 16 10 17 11 15 11 17 11 18 12 16 12 18 12 19 13 17 13 19 13 20 14 18 14 20 14 21 15 19 15 21 15 22 16 20 16 22 16 23 17 21 17 23 18 22 19 23
Circ24_4-6-11 24 72 0 4 0 6 0 11 0 13 0 18 0 20 1 5 1 7 1 12 1 14 1 19 1 21 2 6 2 8 2 13 2 15 2 20 2 22 3 7 3 9 3 14 3 16 3 21 3 23 4 8 4 10 4 15 4 17 4 22 5 9 5 11 5 16 5 18 5 23 6 10 6 12 6 17 6 19 7 11 7 13 7 18 7 20 8 12 8 14 8 19 8 21 9 13 9 15 9 20 9 22 10 14 10 16 10 21 10 23 11 15 11 17 11 22 12 16 12 18 12 23 13 17 13 19 14 18 14 20 15 19 15 21 16 20 16 22 17 21 17 23 18 22 19 23
Circ24_4-7-9 24 72 0 4 0 7 0 9 0 15 0 17 0 20 1 5 1 8 1 10 1 16 1 18 1 21 2 6 2 9 2 11 2 17 2 19 2 22 3 7 3 10 3 12 3 18 3 20 3 23 4 8 4 11 4 13 4 19 4 21 5 9 5 12 5 14 5 20 5 22 6 10 6 13 6 15 6 21 6 23 7 11 7 14 7 16 7 22 8 12 8 15 8 17 8 23 9 13 9 16 9 18 10 14 10 17 10 19 11 15 11 18 11 20 12 16 12 19 12 21 13 17 13 20 13 22 14 18 14 21 14 23 15 19 15 22 16 20 16 23 17 21 18 22 19 23
Circ24_4-7-12 24 60 0 4 0 7 0 12 0 17 0 20 1 5 1 8 1 13 1 18 1 21 2 6 2 9 2 14 2 19 2 22 3 7 3 10 3 15 3 20 3 23 4 8 4 11 4 16 4 21 5 9 5 12 5 17 5 22 6 10 6 13 6 18 6 23 7 11 7 14 7 19 8 12 8 15 8 20 9 13 9 16 9 21 10 14 10 17 10 22 11 15 11 18 11 23 12 16 12 19 13 17 13 20 14 18 14 21 15 19 15 22 16 20 16 23 17 21 18 22 19 23
Circ24_4-9-12 24 60 0 4 0 9 0 12 0 15 0 20 1 5 1 10 1 13 1 16 1 21 2 6 2 11 2 14 2 17 2 22 3 7 3 12 3 15 3 18 3 23 4 8 4 13 4 16 4 19 5 9 5 14 5 17 5 20 6 10 6 15 6 18 6 21 7 11 7 16 7 19 7 22 8 12 8 17 8 20 8 23 9 13 9 18 9 21 10 14 10 19 10 22 11 15 11 20 11 23 12 16 12 21 13 17 13 22 14 18 14 23 15 19 16 20 17 21 18 22 19 23
Circ24_4-11-12 24 60 0 4 0 11 0 12 0 13 0 20 1 5 1 12 1 13 1 14 1 21 2 6 2 13 2 14 2 15 2 22 3 7 3 14 3 15 3 16 3 23 4 8 4 15 4 16 4 17 5 9 5 16 5 17 5 18 6 10 6 17 6 18 6 19 7 11 7 18 7 19 7 20 8 12 8 19 8 20 8 21 9 13 9 20 9 21 9 22 10 14 10 21 10 22 10 23 11 15 11 22 11 23 12 16 12 23 13 17 14 18 15 19 16 20 17 21 18 22 19 23
Circ24_5-6-7 24 72 0 5 0 6 0 7 0 17 0 18 0 19 1 6 1 7 1 8 1 18 1 19 1 20 2 7 2 8 2 9 2 19 2 20 2 21 3 8 3 9 3 10 3 20 3 21 3 22 4 9 4 10 4 11 4 21 4 22 4 23 5 10 5 11 5 12 5 22 5 23 6 11 6 12 6 13 6 23 7 12 7 13 7 14 8 13 8 14 8 15 9 14 9 15 9 16 10 15 10 16 10 17 11 16 11 17 11 18 12 17 12 18 12 19 13 18 13 19 13 20 14 19 14 20 14 21 15 20 15 21 15 22 16 21 16 22 16 23 17 22 17 23 18 23
Circ24_5-7-9 24 72 0 5 0 7 0 9 0 15 0 17 0 19 1 6 1 8 1 10 1 16 1 18 1 20 2 7 2 9 2 11 2 17 2 19 2 21 3 8 3 10 3 12 3 18 3 20 3 22 4 9 4 11 4 13 4 19 4 21 4 23 5 10 5 12 5 14 5 20 5 22 6 11 6 13 6 15 6 21 6 23 7 12 7 14 7 16 7 22 8 13 8 15 8 17 8 23 9 14 9 16 9 18 10 15 10 17 10 19 11 16 11 18 11 20 12 17 12 19 12 21 13 18 13 20 13 22 14 19 14 21 14 23 15 20 15 22 16 21 16 23 17 22 18 23
Circ24_5-7-11 24 72 0 5 0 7 0 11 0 13 0 17 0 19 1 6 1 8 1 12 1 14 1 18 1 20 2 7 2 9 2 13 2 15 2 19 2 21 3 8 3 10 3 14 3 16 3 20 3 22 4 9 4 11 4 15 4 17 4 21 4 23 5 10 5 12 5 16 5 18 5 22 6 11 6 13 6 17 6 19 6 23 7 12 7 14 7 18 7 20 8 13 8 15 8 19 8 21 9 14 9 16 9 20 9 22 10 15 10 17 10 21 10 23 11 16 11 18 11 22 12 17 12 19 12 23 13 18 13 20 14 19 14 21 15 20 15 22 16 21 16 23 17 22 18 23
Circ24_5-9-11 24 72 0 5 0 9 0 11 0 13 0 15 0 19 1 6 1 10 1 12 1 14 1 16 1 20 2 7 2 11 2 13 2 15 2 17 2 21 3 8 3 12 3 14 3 16 3 18 3 22 4 9 4 13 4 15 4 17 4 19 4 23 5 10 5 14 5 16 5 18 5 20 6 11 6 15 6 17 6 19 6 21 7 12 7 16 7 18 7 20 7 22 8 13 8 17 8 19 8 21 8 23 9 14 9 18 9 20 9 22 10 15 10 19 10 21 10 23 11 16 11 20 11 22 12 17 12 21 12 23 13 18 13 22 14 19 14 23 15 20 16 21 17 22 18 23
Circ24_5-9-12 24 60 0 5 0 9 0 12 0 15 0 19 1 6 1 10 1 13 1 16 1 20 2 7 2 11 2 14 2 17 2 21 3 8 3 12 3 15 3 18 3 22 4 9 4 13 4 16 4 19 4 23 5 10 5 14 5 17 5 20 6 11 6 15 6 18 6 21 7 12 7 16 7 19 7 22 8 13 8 17 8 20 8 23 9 14 9 18 9 21 10 15 10 19 10 22 11 16 11 20 11 23 12 17 12 21 13 18 13 22 14 19 14 23 15 20 16 21 17 22 18 23
Circ24_5-11-12 24 60 0 5 0 11 0 12 0 13 0 19 1 6 1 12 1 13 1 14 1 20 2 7 2 13 2 14 2 15 2 21 3 8 3 14 3 15 3 16 3 22 4 9 4 15 4 16 4 17 4 23 5 10 5 16 5 17 5 18 6 11 6 17 6 18 6 19 7 12 7 18 7 19 7 20 8 13 8 19 8 20 8 21 9 14 9 20 9 21 9 22 10 15 10 21 10 22 10 23 11 16 11 22 11 23 12 17 12 23 13 18 14 19 15 20 16 21 17 22 18 23
Circ24_6-10-11 24 72 0 6 0 10 0 11 0 13 0 14 0 18 1 7 1 11 1 12 1 14 1 15 1 19 2 8 2 12 2 13 2 15 2 16 2 20 3 9 3 13 3 14 3 16 3 17 3 21 4 10 4 14 4 15 4 17 4 18 4 22 5 11 5 15 5 16 5 18 5 19 5 23 6 12 6 16 6 17 6 19 6 20 7 13 7 17 7 18 7 20 7 21 8 14 8 18 8 19 8 21 8 22 9 15 9 19 9 20 9 22 9 23 10 16 10 20 10 21 10 23 11 17 11 21 11 22 12 18 12 22 12 23 13 19 13 23 14 20 15 21 16 22 17 23
Circ24_7-9-11 24 72 0 7 0 9 0 11 0 13 0 15 0 17 1 8 1 10 1 12 1 14 1 16 1 18 2 9 2 11 2 13 2 15 2 17 2 19 3 10 3 12 3 14 3 16 3 18 3 20 4 11 4 13 4 15 4 17 4 19 4 21 5 12 5 14 5 16 5 18 5 20 5 22 6 13 6 15 6 17 6 19 6 21 6 23 7 14 7 16 7 18 7 20 7 22 8 15 8 17 8 19 8 21 8 23 9 16 9 18 9 20 9 22 10 17 10 19 10 21 10 23 11 18 11 20 11 22 12 19 12 21 12 23 13 20 13 22 14 21 14 23 15 22 16 23
Circ24_7-9-12 24 60 0 7 0 9 0 12 0 15 0 17 1 8 1 10 1 13 1 16 1 18 2 9 2 11 2 14 2 17 2 19 3 10 3 12 3 15 3 18 3 20 4 11 4 13 4 16 4 19 4 21 5 12 5 14 5 17 5 20 5 22 6 13 6 15 6 18 6 21 6 23 7 14 7 16 7 19 7 22 8 15 8 17 8 20 8 23 9 16 9 18 9 21 10 17 10 19 10 22 11 18 11 20 11 23 12 19 12 21 13 20 13 22 14 21 14 23 15 22 16 23
Circ24_7-11-12 24 60 0 7 0 11 0 12 0 13 0 17 1 8 1 12 1 13 1 14 1 18 2 9 2 13 2 14 2 15 2 19 3 10 3 14 3 15 3 16 3 20 4 11 4 15 4 16 4 17 4 21 5 12 5 16 5 17 5 18 5 22 6 13 6 17 6 18 6 19 6 23 7 14 7 18 7 19 7 20 8 15 8 19 8 20 8 21 9 16 9 20 9 21 9 22 10 17 10 21 10 22 10 23 11 18 11 22 11 23 12 19 12 23 13 20 14 21 15 22 16 23
Circ24_9-10-11 24 72 0 9 0 10 0 11 0 13 0 14 0 15 1 10 1 11 1 12 1 14 1 15 1 16 2 11 2 12 2 13 2 15 2 16 2 17 3 12 3 13 3 14 3 16 3 17 3 18 4 13 4 14 4 15 4 17 4 18 4 19 5 14 5 15 5 16 5 18 5 19 5 20 6 15 6 16 6 17 6 19 6 20 6 21 7 16 7 17 7 18 7 20 7 21 7 22 8 17 8 18 8 19 8 21 8 22 8 23 9 18 9 19 9 20 9 22 9 23 10 19 10 20 10 21 10 23 11 20 11 21 11 22 12 21 12 22 12 23 13 22 13 23 14 23
Circ24_9-10-12 24 60 0 9 0 10 0 12 0 14 0 15 1 10 1 11 1 13 1 15 1 16 2 11 2 12 2 14 2 16 2 17 3 12 3 13 3 15 3 17 3 18 4 13 4 14 4 16 4 18 4 19 5 14 5 15 5 17 5 19 5 20 6 15 6 16 6 18 6 20 6 21 7 16 7 17 7 19 7 21 7 22 8 17 8 18 8 20 8 22 8 23 9 18 9 19 9 21 9 23 10 19 10 20 10 22 11 20 11 21 11 23 12 21 12 22 13 22 13 23 14 23
Circ24_9-11-12 24 60 0 9 0 11 0 12 0 13 0 15 1 10 1 12 1 13 1 14 1 16 2 11 2 13 2 14 2 15 2 17 3 12 3 14 3 15 3 16 3 18 4 13 4 15 4 16 4 17 4 19 5 14 5 16 5 17 5 18 5 20 6 15 6 17 6 18 6 19 6 21 7 16 7 18 7 19 7 20 7 22 8 17 8 19 8 20 8 21 8 23 9 18 9 20 9 21 9 22 10 19 10 21 10 22 10 23 11 20 11 22 11 23 12 21 12 23 13 22 14 23
Circ24_10-11-12 24 60 0 10 0 11 0 12 0 13 0 14 1 11 1 12 1 13 1 14 1 15 2 12 2 13 2 14 2 15 2 16 3 13 3 14 3 15 3 16 3 17 4 14 4 15 4 16 4 17 4 18 5 15 5 16 5 17 5 18 5 19 6 16 6 17 6 18 6 19 6 20 7 17 7 18 7 19 7 20 7 21 8 18 8 19 8 20 8 21 8 22 9 19 9 20 9 21 9 22 9 23 10 20 10 21 10 22 10 23 11 21 11 22 11 23 12 22 12 23 13 23
Circ24_1-3-5-7 24 96 0 1 0 3 0 5 0 7 0 17 0 19 0 21 0 23 1 2 1 4 1 6 1 8 1 18 1 20 1 22 2 3 2 5 2 7 2 9 2 19 2 21 2 23 3 4 3 6 3 8 3 10 3 20 3 22 4 5 4 7 4 9 4 11 4 21 4 23 5 6 5 8 5 10 5 12 5 22 6 7 6 9 6 11 6 13 6 23 7 8 7 10 7 12 7 14 8 9 8 11 8 13 8 15 9 10 9 12 9 14 9 16 10 11 10 13 10 15 10 17 11 12 11 14 11 16 11 18 12 13 12 15 12 17 12 19 13 14 13 16 13 18 13 20 14 15 14 17 14 19 14 21 15 16 15 18 15 20 15 22 16 17 16 19 16 21 16 23 17 18 17 20 17 22 18 19 18 21 18 23 19 20 19 22 20 21 20 23 21 22 22 23
Circ24_1-3-5-9 24 96 0 1 0 3 0 5 0 9 0 15 0 19 0 21 0 23 1 2 1 4 1 6 1 10 1 16 1 20 1 22 2 3 2 5 2 7 2 11 2 17 2 21 2 23 3 4 3 6 3 8 3 12 3 18 3 22 4 5 4 7 4 9 4 13 4 19 4 23 5 6 5 8 5 10 5 14 5 20 6 7 6 9 6 11 6 15 6 21 7 8 7 10 7 12 7 16 7 22 8 9 8 11 8 13 8 17 8 23 9 10 9 12 9 14 9 18 10 11 10 13 10 15 10 19 11 12 11 14 11 16 11 20 12 13 12 15 12 17 12 21 13 14 13 16 13 18 13 22 14 15 14 17 14 19 14 23 15 16 15 18 15 20 16 17 16 19 16 21 17 18 17 20 17 22 18 19 18 21 18 23 19 20 19 22 20 21 20 23 21 22 22 23
Circ24_1-3-5-11 24 96 0 1 0 3 0 5 0 11 0 13 0 19 0 21 0 23 1 2 1 4 1 6 1 12 1 14 1 20 1 22 2 3 2 5 2 7 2 13 2 15 2 21 2 23 3 4 3 6 3 8 3 14 3 16 3 22 4 5 4 7 4 9 4 15 4 17 4 23 5 6 5 8 5 10 5 16 5 18 6 7 6 9 6 11 6 17 6 19 7 8 7 10 7 12 7 18 7 20 8 9 8 11 8 13 8 19 8 21 9 10 9 12 9 14 9 20 9 22 10 11 10 13 10 15 10 21 10 23 11 12 11 14 11 16 11 22 12 13 12 15 12 17 12 23 13 14 13 16 13 18 14 15 14 17 14 19 15 16 15 18 15 20 16 17 16 19 16 21 17 18 17 20 17 22 18 19 18 21 18 23 19 20 19 22 20 21 20 23 21 22 22 23
Circ24_1-3-5-12 24 84 0 1 0 3 0 5 0 12 0 19 0 21 0 23 1 2 1 4 1 6 1 13 1 20 1 22 2 3 2 5 2 7 2 14 2 21 2 23 3 4 3 6 3 8 3 15 3 22 4 5 4 7 4 9 4 16 4 23 5 6 5 8 5 10 5 17 6 7 6 9 6 11 6 18 7 8 7 10 7 12 7 19 8 9 8 11 8 13 8 20 9 10 9 12 9 14 9 21 10 11 10 13 10 15 10 22 11 12 11 14 11 16 11 23 12 13 12 15 12 17 13 14 13 16 13 18 14 15 14 17 14 19 15 16 15 18 15 20 16 17 16 19 16 21 17 18 17 20 17 22 18 19 18 21 18 23 19 20 19 22 20 21 20 23 21 22 22 23
Circ24_1-3-7-9 24 96 0 1 0 3 0 7 0 9 0 15 0 17 0 21 0 23 1 2 1 4 1 8 1 10 1 16 1 18 1 22 2 3 2 5 2 9 2 11 2 17 2 19 2 23 3 4 3 6 3 10 3 12 3 18 3 20 4 5 4 7 4 11 4 13 4 19 4 21 5 6 5 8 5 12 5 14 5 20 5 22 6 7 6 9 6 13 6 15 6 21 6 23 7 8 7 10 7 14 7 16 7 22 8 9 8 11 8 15 8 17 8 23 9 10 9 12 9 16 9 18 10 11 10 13 10 17 10 19 11 12 11 14 11 18 11 20 12 13 12 15 12 19 12 21 13 14 13 16 13 20 13 22 14 15 14 17 14 21 14 23 15 16 15 18 15 22 16 17 16 19 16 23 17 18 17 20 18 19 18 21 19 20 19 22 20 21 20 23 21 22 22 23
Circ24_1-3-7-11 24 96 0 1 0 3 0 7 0 11 0 13 0 17 0 21 0 23 1 2 1 4 1 8 1 12 1 14 1 18 1 22 2 3 2 5 2 9 2 13 2 15 2 19 2 23 3 4 3 6 3 10 3 14 3 16 3 20 4 5 4 7 4 11 4 15 4 17 4 21 5 6 5 8 5 12 5 16 5 18 5 22 6 7 6 9 6 13 6 17 6 19 6 23 7 8 7 10 7 14 7 18 7 20 8 9 8 11 8 15 8 19 8 21 9 10 9 12 9 16 9 20 9 22 10 11 10 13 10 17 10 21 10 23 11 12 11 14 11 18 11 22 12 13 12 15 12 19 12 23 13 14 13 16 13 20 14 15 14 17 14 21 15 16 15 18 15 22 16 17 16 19 16 23 17 18 17 20 18 19 18 21 19 20 19 22 20 21 20 23 21 22 22 23
Circ24_1-3-7-12 24 84 0 1 0 3 0 7 0 12 0 17 0 21 0 23 1 2 1 4 1 8 1 13 1 18 1 22 2 3 2 5 2 9 2 14 2 19 2 23 3 4 3 6 3 10 3 15 3 20 4 5 4 7 4 11 4 16 4 21 5 6 5 8 5 12 5 17 5 22 6 7 6 9 6 13 6 18 6 23 7 8 7 10 7 14 7 19 8 9 8 11 8 15 8 20 9 10 9 12 9 16 9 21 10 11 10 13 10 17 10 22 11 12 11 14 11 18 11 23 12 13 12 15 12 19 13 14 13 16 13 20 14 15 14 17 14 21 15 16 15 18 15 22 16 17 16 19 16 23 17 18 17 20 18 19 18 21 19 20 19 22 20 21 20 23 21 22 22 23
Circ24_1-3-9-11 24 96 0 1 0 3 0 9 0 11 0 13 0 15 0 21 0 23 1 2 1 4 1 10 1 12 1 14 1 16 1 22 2 3 2 5 2 11 2 13 2 15 2 17 2 23 3 4 3 6 3 12 3 14 3 16 3 18 4 5 4 7 4 13 4 15 4 17 4 19 5 6 5 8 5 14 5 16 5 18 5 20 6 7 6 9 6 15 6 17 6 19 6 21 7 8 7 10 7 16 7 18 7 20 7 22 8 9 8 11 8 17 8 19 8 21 8 23 9 10 9 12 9 18 9 20 9 22 10 11 10 13 10 19 10 21 10 23 11 12 11 14 11 20 11 22 12 13 12 15 12 21 12 23 13 14 13 16 13 22 14 15 14 17 14 23 15 16 15 18 16 17 16 19 17 18 17 20 18 19 18 21 19 20 19 22 20 21 20 23 21 22 22 23
Circ24_1-3-10-12 24 84 0 1 0 3 0 10 0 12 0 14 0 21 0 23 1 2 1 4 1 11 1 13 1 15 1 22 2 3 2 5 2 12 2 14 2 16 2 23 3 4 3 6 3 13 3 15 3 17 4 5 4 7 4 14 4 16 4 18 5 6 5 8 5 15 5 17 5 19 6 7 6 9 6 16 6 18 6 20 7 8 7 10 7 17 7 19 7 21 8 9 8 11 8 18 8 20 8 22 9 10 9 12 9 19 9 21 9 23 10 11 10 13 10 20 10 22 11 12 11 14 11 21 11 23 12 13 12 15 12 22 13 14 13 16 13 23 14 15 14 17 15 16 15 18 16 17 16 19 17 18 17 20 18 19 18 21 19 20 19 22 20 21 20 23 21 22 22 23
Circ24_1-4-6-11 24 96 0 1 0 4 0 6 0 11 0 13 0 18 0 20 0 23 1 2 1 5 1 7 1 12 1 14 1 19 1 21 2 3 2 6 2 8 2 13 2 15 2 20 2 22 3 4 3 7 3 9 3 14 3 16 3 21 3 23 4 5 4 8 4 10 4 15 4 17 4 22 5 6 5 9 5 11 5 16 5 18 5 23 6 7 6 10 6 12 6 17 6 19 7 8 7 11 7 13 7 18 7 20 8 9 8 12 8 14 8 19 8 21 9 10 9 13 9 15 9 20 9 22 10 11 10 14 10 16 10 21 10 23 11 12 11 15 11 17 11 22 12 13 12 16 12 18 12 23 13 14 13 17 13 19 14 15 14 18 14 20 15 16 15 19 15 21 16 17 16 20 16 22 17 18 17 21 17 23 18 19 18 22 19 20 19 23 20 21 21 22 22 23
Circ24_1-4-7-9 24 96 0 1 0 4 0 7 0 9 0 15 0 17 0 20 0 23 1 2 1 5 1 8 1 10 1 16 1 18 1 21 2 3 2 6 2 9 2 11 2 17 2 19 2 22 3 4 3 7 3 10 3 12 3 18 3 20 3 23 4 5 4 8 4 11 4 13 4 19 4 21 5 6 5 9 5 12 5 14 5 20 5 22 6 7 6 10 6 13 6 15 6 21 6 23 7 8 7 11 7 14 7 16 7 22 8 9 8 12 8 15 8 17 8 23 9 10 9 13 9 16 9 18 10 11 10 14 10 17 10 19 11 12 11 15 11 18 11 20 12 13 12 16 12 19 12 21 13 14 13 17 13 20 13 22 14 15 14 18 14 21 14 23 15 16 15 19 15 22 16 17 16 20 16 23 17 18 17 21 18 19 18 22 19 20 19 23 20 21 21 22 22 23
Circ24_1-4-7-12 24 84 0 1 0 4 0 7 0 12 0 17 0 20 0 23 1 2 1 5 1 8 1 13 1 18 1 21 2 3 2 6 2 9 2 14 2 19 2 22 3 4 3 7 3 10 3 15 3 20 3 23 4 5 4 8 4 11 4 16 4 21 5 6 5 9 5 12 5 17 5 22 6 7 6 10 6 13 6 18 6 23 7 8 7 11 7 14 7 19 8 9 8 12 8 15 8 20 9 10 9 13 9 16 9 21 10 11 10 14 10 17 10 22 11 12 11 15 11 18 11 23 12 13 12 16 12 19 13 14 13 17 13 20 14 15 14 18 14 21 15 16 15 19 15 22 16 17 16 20 16 23 17 18 17 21 18 19 18 22 19 20 19 23 20 21 21 22 22 23
Circ24_1-4-9-12 24 84 0 1 0 4 0 9 0 12 0 15 0 20 0 23 1 2 1 5 1 10 1 13 1 16 1 21 2 3 2 6 2 11 2 14 2 17 2 22 3 4 3 7 3 12 3 15 3 18 3 23 4 5 4 8 4 13 4 16 4 19 5 6 5 9 5 14 5 17 5 20 6 7 6 10 6 15 6 18 6 21 7 8 7 11 7 16 7 19 7 22 8 9 8 12 8 17 8 20 8 23 9 10 9 13 9 18 9 21 10 11 10 14 10 19 10 22 11 12 11 15 11 20 11 23 12 13 12 16 12 21 13 14 13 17 13 22 14 15 14 18 14 23 15 16 15 19 16 17 16 20 17 18 17 21 18 19 18 22 19 20 19 23 20 21 21 22 22 23
Circ24_1-5-7-9 24 96 0 1 0 5 0 7 0 9 0 15 0 17 0 19 0 23 1 2 1 6 1 8 1 10 1 16 1 18 1 20 2 3 2 7 2 9 2 11 2 17 2 19 2 21 3 4 3 8 3 10 3 12 3 18 3 20 3 22 4 5 4 9 4 11 4 13 4 19 4 21 4 23 5 6 5 10 5 12 5 14 5 20 5 22 6 7 6 11 6 13 6 15 6 21 6 23 7 8 7 12 7 14 7 16 7 22 8 9 8 13 8 15 8 17 8 23 9 10 9 14 9 16 9 18 10 11 10 15 10 17 10 19 11 12 11 16 11 18 11 20 12 13 12 17 12 19 12 21 13 14 13 18 13 20 13 22 14 15 14 19 14 21 14 23 15 16 15 20 15 22 16 17 16 21 16 23 17 18 17 22 18 19 18 23 19 20 20 21 21 22 22 23
Circ24_1-5-7-11 24 96 0 1 0 5 0 7 0 11 0 13 0 17 0 19 0 23 1 2 1 6 1 8 1 12 1 14 1 18 1 20 2 3 2 7 2 9 2 13 2 15 2 19 2 21 3 4 3 8 3 10 3 14 3 16 3 20 3 22 4 5 4 9 4 11 4 15 4 17 4 21 4 23 5 6 5 10 5 12 5 16 5 18 5 22 6 7 6 11 6 13 6 17 6 19 6 23 7 8 7 12 7 14 7 18 7 20 8 9 8 13 8 15 8 19 8 21 9 10 9 14 9 16 9 20 9 22 10 11 10 15 10 17 10 21 10 23 11 12 11 16 11 18 11 22 12 13 12 17 12 19 12 23 13 14 13 18 13 20 14 15 14 19 14 21 15 16 15 20 15 22 16 17 16 21 16 23 17 18 17 22 18 19 18 23 19 20 20 21 21 22 22 23
Circ24_1-5-9-11 24 96 0 1 0 5 0 9 0 11 0 13 0 15 0 19 0 23 1 2 1 6 1 10 1 12 1 14 1 16 1 20 2 3 2 7 2 11 2 13 2 15 2 17 2 21 3 4 3 8 3 12 3 14 3 16 3 18 3 22 4 5 4 9 4 13 4 15 4 17 4 19 4 23 5 6 5 10 5 14 5 16 5 18 5 20 6 7 6 11 6 15 6 17 6 19 6 21 7 8 7 12 7 16 7 18 7 20 7 22 8 9 8 13 8 17 8 19 8 21 8 23 9 10 9 14 9 18 9 20 9 22 10 11 10 15 10 19 10 21 10 23 11 12 11 16 11 20 11 22 12 13 12 17 12 21 12 23 13 14 13 18 13 22 14 15 14 19 14 23 15 16 15 20 16 17 16 21 17 18 17 22 18 19 18 23 19 20 20 21 21 22 22 23
Circ24_1-5-9-12 24 84 0 1 0 5 0 9 0 12 0 15 0 19 0 23 1 2 1 6 1 10 1 13 1 16 1 20 2 3 2 7 2 11 2 14 2 17 2 21 3 4 3 8 3 12 3 15 3 18 3 22 4 5 4 9 4 13 4 16 4 19 4 23 5 6 5 10 5 14 5 17 5 20 6 7 6 11 6 15 6 18 6 21 7 8 7 12 7 16 7 19 7 22 8 9 8 13 8 17 8 20 8 23 9 10 9 14 9 18 9 21 10 11 10 15 10 19 10 22 11 12 11 16 11 20 11 23 12 13 12 17 12 21 13 14 13 18 13 22 14 15 14 19 14 23 15 16 15 20 16 17 16 21 17 18 17 22 18 19 18 23 19 20 20 21 21 22 22 23
Circ24_1-7-9-11 24 96 0 1 0 7 0 9 0 11 0 13 0 15 0 17 0 23 1 2 1 8 1 10 1 12 1 14 1 16 1 18 2 3 2 9 2 11 2 13 2 15 2 17 2 19 3 4 3 10 3 12 3 14 3 16 3 18 3 20 4 5 4 11 4 13 4 15 4 17 4 19 4 21 5 6 5 12 5 14 5 16 5 18 5 20 5 22 6 7 6 13 6 15 6 17 6 19 6 21 6 23 7 8 7 14 7 16 7 18 7 20 7 22 8 9 8 15 8 17 8 19 8 21 8 23 9 10 9 16 9 18 9 20 9 22 10 11 10 17 10 19 10 21 10 23 11 12 11 18 11 20 11 22 12 13 12 19 12 21 12 23 13 14 13 20 13 22 14 15 14 21 14 23 15 16 15 22 16 17 16 23 17 18 18 19 19 20 20 21 21 22 22 23
Circ24_1-7-9-12 24 84 0 1 0 7 0 9 0 12 0 15 0 17 0 23 1 2 1 8 1 10 1 13 1 16 1 18 2 3 2 9 2 11 2 14 2 17 2 19 3 4 3 10 3 12 3 15 3 18 3 20 4 5 4 11 4 13 4 16 4 19 4 21 5 6 5 12 5 14 5 17 5 20 5 22 6 7 6 13 6 15 6 18 6 21 6 23 7 8 7 14 7 16 7 19 7 22 8 9 8 15 8 17 8 20 8 23 9 10 9 16 9 18 9 21 10 11 10 17 10 19 10 22 11 12 11 18 11 20 11 23 12 13 12 19 12 21 13 14 13 20 13 22 14 15 14 21 14 23 15 16 15 22 16 17 16 23 17 18 18 19 19 20 20 21 21 22 22 23
Circ24_2-3-7-12 24 84 0 2 0 3 0 7 0 12 0 17 0 21 0 22 1 3 1 4 1 8 1 13 1 18 1 22 1 23 2 4 2 5 2 9 2 14 2 19 2 23 3 5 3 6 3 10 3 15 3 20 4 6 4 7 4 11 4 16 4 21 5 7 5 8 5 12 5 17 5 22 6 8 6 9 6 13 6 18 6 23 7 9 7 10 7 14 7 19 8 10 8 11 8 15 8 20 9 11 9 12 9 16 9 21 10 12 10 13 10 17 10 22 11 13 11 14 11 18 11 23 12 14 12 15 12 19 13 15 13 16 13 20 14 16 14 17 14 21 15 17 15 18 15 22 16 18 16 19 16 23 17 19 17 20 18 20 18 21 19 21 19 22 20 22 20 23 21 23
Circ24_2-3-9-10 24 96 0 2 0 3 0 9 0 10 0 14 0 15 0 21 0 22 1 3 1 4 1 10 1 11 1 15 1 16 1 22 1 23 2 4 2 5 2 11 2 12 2 16 2 17 2 23 3 5 3 6 3 12 3 13 3 17 3 18 4 6 4 7 4 13 4 14 4 18 4 19 5 7 5 8 5 14 5 15 5 19 5 20 6 8 6 9 6 15 6 16 6 20 6 21 7 9 7 10 7 16 7 17 7 21 7 22 8 10 8 11 8 17 8 18 8 22 8 23 9 11 9 12 9 18 9 19 9 23 10 12 10 13 10 19 10 20 11 13 11 14 11 20 11 21 12 14 12 15 12 21 12 22 13 15 13 16 13 22 13 23 14 16 14 17 14 23 15 17 15 18 16 18 16 19 17 19 17 20 18 20 18 21 19 21 19 22 20 22 20 23 21 23
Circ24_2-5-9-12 24 84 0 2 0 5 0 9 0 12 0 15 0 19 0 22 1 3 1 6 1 10 1 13 1 16 1 20 1 23 2 4 2 7 2 11 2 14 2 17 2 21 3 5 3 8 3 12 3 15 3 18 3 22 4 6 4 9 4 13 4 16 4 19 4 23 5 7 5 10 5 14 5 17 5 20 6 8 6 11 6 15 6 18 6 21 7 9 7 12 7 16 7 19 7 22 8 10 8 13 8 17 8 20 8 23 9 11 9 14 9 18 9 21 10 12 10 15 10 19 10 22 11 13 11 16 11 20 11 23 12 14 12 17 12 21 13 15 13 18 13 22 14 16 14 19 14 23 15 17 15 20 16 18 16 21 17 19 17 22 18 20 18 23 19 21 20 22 21 23
Circ24_3-4-5-11 24 96 0 3 0 4 0 5 0 11 0 13 0 19 0 20 0 21 1 4 1 5 1 6 1 12 1 14 1 20 1 21 1 22 2 5 2 6 2 7 2 13 2 15 2 21 2 22 2 23 3 6 3 7 3 8 3 14 3 16 3 22 3 23 4 7 4 8 4 9 4 15 4 17 4 23 5 8 5 9 5 10 5 16 5 18 6 9 6 10 6 11 6 17 6 19 7 10 7 11 7 12 7 18 7 20 8 11 8 12 8 13 8 19 8 21 9 12 9 13 9 14 9 20 9 22 10 13 10 14 10 15 10 21 10 23 11 14 11 15 11 16 11 22 12 15 12 16 12 17 12 23 13 16 13 17 13 18 14 17 14 18 14 19 15 18 15 19 15 20 16 19 16 20 16 21 17 20 17 21 17 22 18 21 18 22 18 23 19 22 19 23 20 23
Circ24_3-4-5-12 24 84 0 3 0 4 0 5 0 12 0 19 0 20 0 21 1 4 1 5 1 6 1 13 1 20 1 21 1 22 2 5 2 6 2 7 2 14 2 21 2 22 2 23 3 6 3 7 3 8 3 15 3 22 3 23 4 7 4 8 4 9 4 16 4 23 5 8 5 9 5 10 5 17 6 9 6 10 6 11 6 18 7 10 7 11 7 12 7 19 8 11 8 12 8 13 8 20 9 12 9 13 9 14 9 21 10 13 10 14 10 15 10 22 11 14 11 15 11 16 11 23 12 15 12 16 12 17 13 16 13 17 13 18 14 17 14 18 14 19 15 18 15 19 15 20 16 19 16 20 16 21 17 20 17 21 17 22 18 21 18 22 18 23 19 22 19 23 20 23
Circ24_3-4-11-12 24 84 0 3 0 4 0 11 0 12 0 13 0 20 0 21 1 4 1 5 1 12 1 13 1 14 1 21 1 22 2 5 2 6 2 13 2 14 2 15 2 22 2 23 3 6 3 7 3 14 3 15 3 16 3 23 4 7 4 8 4 15 4 16 4 17 5 8 5 9 5 16 5 17 5 18 6 9 6 10 6 17 6 18 6 19 7 10 7 11 7 18 7 19 7 20 8 11 8 12 8 19 8 20 8 21 9 12 9 13 9 20 9 21 9 22 10 13 10 14 10 21 10 22 10 23 11 14 11 15 11 22 11 23 12 15 12 16 12 23 13 16 13 17 14 17 14 18 15 18 15 19 16 19 16 20 17 20 17 21 18 21 18 22 19 22 19 23 20 23
Circ24_3-5-7-9 24 96 0 3 0 5 0 7 0 9 0 15 0 17 0 19 0 21 1 4 1 6 1 8 1 10 1 16 1 18 1 20 1 22 2 5 2 7 2 9 2 11 2 17 2 19 2 21 2 23 3 6 3 8 3 10 3 12 3 18 3 20 3 22 4 7 4 9 4 11 4 13 4 19 4 21 4 23 5 8 5 10 5 12 5 14 5 20 5 22 6 9 6 11 6 13 6 15 6 21 6 23 7 10 7 12 7 14 7 16 7 22 8 11 8 13 8 15 8 17 8 23 9 12 9 14 9 16 9 18 10 13 10 15 10 17 10 19 11 14 11 16 11 18 11 20 12 15 12 17 12 19 12 21 13 16 13 18 13 20 13 22 14 17 14 19 14 21 14 23 15 18 15 20 15 22 16 19 16 21 16 23 17 20 17 22 18 21 18 23 19 22 20 23
Circ24_3-5-7-11 24 96 0 3 0 5 0 7 0 11 0 13 0 17 0 19 0 21 1 4 1 6 1 8 1 12 1 14 1 18 1 20 1 22 2 5 2 7 2 9 2 13 2 15 2 19 2 21 2 23 3 6 3 8 3 10 3 14 3 16 3 20 3 22 4 7 4 9 4 11 4 15 4 17 4 21 4 23 5 8 5 10 5 12 5 16 5 18 5 22 6 9 6 11 6 13 6 17 6 19 6 23 7 10 7 12 7 14 7 18 7 20 8 11 8 13 8 15 8 19 8 21 9 12 9 14 9 16 9 20 9 22 10 13 10 15 10 17 10 21 10 23 11 14 11 16 11 18 11 22 12 15 12 17 12 19 12 23 13 16 13 18 13 20 14 17 14 19 14 21 15 18 15 20 15 22 16 19 16 21 16 23 17 20 17 22 18 21 18 23 19 22 20 23
Circ24_3-5-9-11 24 96 0 3 0 5 0 9 0 11 0 13 0 15 0 19 0 21 1 4 1 6 1 10 1 12 1 14 1 16 1 20 1 22 2 5 2 7 2 11 2 13 2 15 2 17 2 21 2 23 3 6 3 8 3 12 3 14 3 16 3 18 3 22 4 7 4 9 4 13 4 15 4 17 4 19 4 23 5 8 5 10 5 14 5 16 5 18 5 20 6 9 6 11 6 15 6 17 6 19 6 21 7 10 7 12 7 16 7 18 7 20 7 22 8 11 8 13 8 17 8 19 8 21 8 23 9 12 9 14 9 18 9 20 9 22 10 13 10 15 10 19 10 21 10 23 11 14 11 16 11 20 11 22 12 15 12 17 12 21 12 23 13 16 13 18 13 22 14 17 14 19 14 23 15 18 15 20 16 19 16 21 17 20 17 22 18 21 18 23 19 22 20 23
Circ24_3-5-11-12 24 84 0 3 0 5 0 11 0 12 0 13 0 19 0 21 1 4 1 6 1 12 1 13 1 14 1 20 1 22 2 5 2 7 2 13 2 14 2 15 2 21 2 23 3 6 3 8 3 14 3 15 3 16 3 22 4 7 4 9 4 15 4 16 4 17 4 23 5 8 5 10 5 16 5 17 5 18 6 9 6 11 6 17 6 18 6 19 7 10 7 12 7 18 7 19 7 20 8 11 8 13 8 19 8 20 8 21 9 12 9 14 9 20 9 21 9 22 10 13 10 15 10 21 10 22 10 23 11 14 11 16 11 22 11 23 12 15 12 17 12 23 13 16 13 18 14 17 14 19 15 18 15 20 16 19 16 21 17 20 17 22 18 21 18 23 19 22 20 23
Circ24_3-7-9-11 24 96 0 3 0 7 0 9 0 11 0 13 0 15 0 17 0 21 1 4 1 8 1 10 1 12 1 14 1 16 1 18 1 22 2 5 2 9 2 11 2 13 2 15 2 17 2 19 2 23 3 6 3 10 3 12 3 14 3 16 3 18 3 20 4 7 4 11 4 13 4 15 4 17 4 19 4 21 5 8 5 12 5 14 5 16 5 18 5 20 5 22 6 9 6 13 6 15 6 17 6 19 6 21 6 23 7 10 7 14 7 16 7 18 7 20 7 22 8 11 8 15 8 17 8 19 8 21 8 23 9 12 9 16 9 18 9 20 9 22 10 13 10 17 10 19 10 21 10 23 11 14 11 18 11 20 11 22 12 15 12 19 12 21 12 23 13 16 13 20 13 22 14 17 14 21 14 23 15 18 15 22 16 19 16 23 17 20 18 21 19 22 20 23
Circ24_3-7-11-12 24 84 0 3 0 7 0 11 0 12 0 13 0 17 0 21 1 4 1 8 1 12 1 13 1 14 1 18 1 22 2 5 2 9 2 13 2 14 2 15 2 19 2 23 3 6 3 10 3 14 3 15 3 16 3 20 4 7 4 11 4 15 4 16 4 17 4 21 5 8 5 12 5 16 5 17 5 18 5 22 6 9 6 13 6 17 6 18 6 19 6 23 7 10 7 14 7 18 7 19 7 20 8 11 8 15 8 19 8 20 8 21 9 12 9 16 9 20 9 21 9 22 10 13 10 17 10 21 10 22 10 23 11 14 11 18 11 22 11 23 12 15 12 19 12 23 13 16 13 20 14 17 14 21 15 18 15 22 16 19 16 23 17 20 18 21 19 22 20 23
Circ24_4-5-6-7 24 96 0 4 0 5 0 6 0 7 0 17 0 18 0 19 0 20 1 5 1 6 1 7 1 8 1 18 1 19 1 20 1 21 2 6 2 7 2 8 2 9 2 19 2 20 2 21 2 22 3 7 3 8 3 9 3 10 3 20 3 21 3 22 3 23 4 8 4 9 4 10 4 11 4 21 4 22 4 23 5 9 5 10 5 11 5 12 5 22 5 23 6 10 6 11 6 12 6 13 6 23 7 11 7 12 7 13 7 14 8 12 8 13 8 14 8 15 9 13 9 14 9 15 9 16 10 14 10 15 10 16 10 17 11 15 11 16 11 17 11 18 12 16 12 17 12 18 12 19 13 17 13 18 13 19 13 20 14 18 14 19 14 20 14 21 15 19 15 20 15 21 15 22 16 20 16 21 16 22 16 23 17 21 17 22 17 23 18 22 18 23 19 23
Circ24_4-5-11-12 24 84 0 4 0 5 0 11 0 12 0 13 0 19 0 20 1 5 1 6 1 12 1 13 1 14 1 20 1 21 2 6 2 7 2 13 2 14 2 15 2 21 2 22 3 7 3 8 3 14 3 15 3 16 3 22 3 23 4 8 4 9 4 15 4 16 4 17 4 23 5 9 5 10 5 16 5 17 5 18 6 10 6 11 6 17 6 18 6 19 7 11 7 12 7 18 7 19 7 20 8 12 8 13 8 19 8 20 8 21 9 13 9 14 9 20 9 21 9 22 10 14 10 15 10 21 10 22 10 23 11 15 11 16 11 22 11 23 12 16 12 17 12 23 13 17 13 18 14 18 14 19 15 19 15 20 16 20 16 21 17 21 17 22 18 22 18 23 19 23
Circ24_4-7-9-12 24 84 0 4 0 7 0 9 0 12 0 15 0 17 0 20 1 5 1 8 1 10 1 13 1 16 1 18 1 21 2 6 2 9 2 11 2 14 2 17 2 19 2 22 3 7 3 10 3 12 3 15 3 18 3 20 3 23 4 8 4 11 4 13 4 16 4 19 4 21 5 9 5 12 5 14 5 17 5 20 5 22 6 10 6 13 6 15 6 18 6 21 6 23 7 11 7 14 7 16 7 19 7 22 8 12 8 15 8 17 8 20 8 23 9 13 9 16 9 18 9 21 10 14 10 17 10 19 10 22 11 15 11 18 11 20 11 23 12 16 12 19 12 21 13 17 13 20 13 22 14 18 14 21 14 23 15 19 15 22 16 20 16 23 17 21 18 22 19 23
Circ24_5-7-9-11 24 96 0 5 0 7 0 9 0 11 0 13 0 15 0 17 0 19 1 6 1 8 1 10 1 12 1 14 1 16 1 18 1 20 2 7 2 9 2 11 2 13 2 15 2 17 2 19 2 21 3 8 3 10 3 12 3 14 3 16 3 18 3 20 3 22 4 9 4 11 4 13 4 15 4 17 4 19 4 21 4 23 5 10 5 12 5 14 5 16 5 18 5 20 5 22 6 11 6 13 6 15 6 17 6 19 6 21 6 23 7 12 7 14 7 16 7 18 7 20 7 22 8 13 8 15 8 17 8 19 8 21 8 23 9 14 9 16 9 18 9 20 9 22 10 15 10 17 10 19 10 21 10 23 11 16 11 18 11 20 11 22 12 17 12 19 12 21 12 23 13 18 13 20 13 22 14 19 14 21 14 23 15 20 15 22 16 21 16 23 17 22 18 23
Circ24_5-9-11-12 24 84 0 5 0 9 0 11 0 12 0 13 0 15 0 19 1 6 1 10 1 12 1 13 1 14 1 16 1 20 2 7 2 11 2 13 2 14 2 15 2 17 2 21 3 8 3 12 3 14 3 15 3 16 3 18 3 22 4 9 4 13 4 15 4 16 4 17 4 19 4 23 5 10 5 14 5 16 5 17 5 18 5 20 6 11 6 15 6 17 6 18 6 19 6 21 7 12 7 16 7 18 7 19 7 20 7 22 8 13 8 17 8 19 8 20 8 21 8 23 9 14 9 18 9 20 9 21 9 22 10 15 10 19 10 21 10 22 10 23 11 16 11 20 11 22 11 23 12 17 12 21 12 23 13 18 13 22 14 19 14 23 15 20 16 21 17 22 18 23
Circ24_7-9-11-12 24 84 0 7 0 9 0 11 0 12 0 13 0 15 0 17 1 8 1 10 1 12 1 13 1 14 1 16 1 18 2 9 2 11 2 13 2 14 2 15 2 17 2 19 3 10 3 12 3 14 3 15 3 16 3 18 3 20 4 11 4 13 4 15 4 16 4 17 4 19 4 21 5 12 5 14 5 16 5 17 5 18 5 20 5 22 6 13 6 15 6 17 6 18 6 19 6 21 6 23 7 14 7 16 7 18 7 19 7 20 7 22 8 15 8 17 8 19 8 20 8 21 8 23 9 16 9 18 9 20 9 21 9 22 10 17 10 19 10 21 10 22 10 23 11 18 11 20 11 22 11 23 12 19 12 21 12 23 13 20 13 22 14 21 14 23 15 22 16 23
Circ24_9-10-11-12 24 84 0 9 0 10 0 11 0 12 0 13 0 14 0 15 1 10 1 11 1 12 1 13 1 14 1 15 1 16 2 11 2 12 2 13 2 14 2 15 2 16 2 17 3 12 3 13 3 14 3 15 3 16 3 17 3 18 4 13 4 14 4 15 4 16 4 17 4 18 4 19 5 14 5 15 5 16 5 17 5 18 5 19 5 20 6 15 6 16 6 17 6 18 6 19 6 20 6 21 7 16 7 17 7 18 7 19 7 20 7 21 7 22 8 17 8 18 8 19 8 20 8 21 8 22 8 23 9 18 9 19 9 20 9 21 9 22 9 23 10 19 10 20 10 21 10 22 10 23 11 20 11 21 11 22 11 23 12 21 12 22 12 23 13 22 13 23 14 23
D3_1 6 3 0 4 1 5 2 3
D3_2 6 3 0 5 1 3 2 4
D3_3 6 6 0 3 0 4 1 4 1 5 2 3 2 5
D3_4 6 6 0 3 0 5 1 3 1 4 2 4 2 5
D3_5 6 6 0 4 0 5 1 3 1 5 2 3 2 4
D3_6 6 9 0 3 0 4 0 5 1 3 1 4 1 5 2 3 2 4 2 5
D4_8 8 4 0 5 1 6 2 7 3 4
D4_9 8 4 0 6 1 7 2 4 3 5
D4_10 8 4 0 7 1 4 2 5 3 6
D4_11 8 8 0 1 0 3 1 2 2 3 4 5 4 7 5 6 6 7
D4_12 8 4 0 2 1 3 4 6 5 7
D4_14 8 8 0 4 0 5 1 5 1 6 2 6 2 7 3 4 3 7
D4_15 8 8 0 4 0 6 1 5 1 7 2 4 2 6 3 5 3 7
D4_16 8 8 0 4 0 7 1 4 1 5 2 5 2 6 3 6 3 7
D4_17 8 12 0 1 0 3 0 4 1 2 1 5 2 3 2 6 3 7 4 5 4 7 5 6 6 7
D4_18 8 8 0 2 0 4 1 3 1 5 2 6 3 7 4 6 5 7
D4_20 8 8 0 5 0 6 1 6 1 7 2 4 2 7 3 4 3 5
D4_21 8 8 0 5 0 7 1 4 1 6 2 5 2 7 3 4 3 6
D4_22 8 12 0 1 0 3 0 5 1 2 1 6 2 3 2 7 3 4 4 5 4 7 5 6 6 7
D4_23 8 8 0 2 0 5 1 3 1 6 2 7 3 4 4 6 5 7
D4_25 8 8 0 6 0 7 1 4 1 7 2 4 2 5 3 5 3 6
D4_26 8 12 0 1 0 3 0 6 1 2 1 7 2 3 2 4 3 5 4 5 4 7 5 6 6 7
D4_29 8 12 0 1 0 3 0 7 1 2 1 4 2 3 2 5 3 6 4 5 4 7 5 6 6 7
D4_30 8 8 0 2 0 7 1 3 1 4 2 5 3 6 4 6 5 7
D4_33 8 12 0 4 0 5 0 6 1 5 1 6 1 7 2 4 2 6 2 7 3 4 3 5 3 7
D4_34 8 12 0 4 0 5 0 7 1 4 1 5 1 6 2 5 2 6 2 7 3 4 3 6 3 7
D4_35 8 12 0 2 0 4 0 5 1 3 1 5 1 6 2 6 2 7 3 4 3 7 4 6 5 7
D4_36 8 12 0 4 0 6 0 7 1 4 1 5 1 7 2 4 2 5 2 6 3 5 3 6 3 7
D4_37 8 16 0 1 0 3 0 4 0 6 1 2 1 5 1 7 2 3 2 4 2 6 3 5 3 7 4 5 4 7 5 6 6 7
D4_39 8 12 0 2 0 4 0 7 1 3 1 4 1 5 2 5 2 6 3 6 3 7 4 6 5 7
D4_41 8 12 0 5 0 6 0 7 1 4 1 6 1 7 2 4 2 5 2 7 3 4 3 5 3 6
D4_42 8 12 0 2 0 5 0 6 1 3 1 6 1 7 2 4 2 7 3 4 3 5 4 6 5 7
D4_46 8 12 0 2 0 6 0 7 1 3 1 4 1 7 2 4 2 5 3 5 3 6 4 6 5 7
D5_50 10 5 0 6 1 7 2 8 3 9 4 5
D5_51 10 5 0 7 1 8 2 9 3 5 4 6
D5_52 10 5 0 8 1 9 2 5 3 6 4 7
D5_53 10 5 0 9 1 5 2 6 3 7 4 8
D5_54 10 10 0 1 0 4 1 2 2 3 3 4 5 6 5 9 6 7 7 8 8 9
D5_55 10 10 0 2 0 3 1 3 1 4 2 4 5 7 5 8 6 8 6 9 7 9
D5_58 10 10 0 5 0 6 1 6 1 7 2 7 2 8 3 8 3 9 4 5 4 9
D5_59 10 10 0 5 0 7 1 6 1 8 2 7 2 9 3 5 3 8 4 6 4 9
D5_60 10 10 0 5 0 8 1 6 1 9 2 5 2 7 3 6 3 8 4 7 4 9
D5_61 10 10 0 5 0 9 1 5 1 6 2 6 2 7 3 7 3 8 4 8 4 9
D5_62 10 15 0 1 0 4 0 5 1 2 1 6 2 3 2 7 3 4 3 8 4 9 5 6 5 9 6 7 7 8 8 9
D5_63 10 15 0 2 0 3 0 5 1 3 1 4 1 6 2 4 2 7 3 8 4 9 5 7 5 8 6 8 6 9 7 9
D5_66 10 10 0 6 0 7 1 7 1 8 2 8 2 9 3 5 3 9 4 5 4 6
D5_67 10 10 0 6 0 8 1 7 1 9 2 5 2 8 3 6 3 9 4 5 4 7
D5_68 10 10 0 6 0 9 1 5 1 7 2 6 2 8 3 7 3 9 4 5 4 8
D5_69 10 15 0 1 0 4 0 6 1 2 1 7 2 3 2 8 3 4 3 9 4 5 5 6 5 9 6 7 7 8 8 9
D5_70 10 15 0 2 0 3 0 6 1 3 1 4 1 7 2 4 2 8 3 9 4 5 5 7 5 8 6 8 6 9 7 9
D5_73 10 10 0 7 0 8 1 8 1 9 2 5 2 9 3 5 3 6 4 6 4 7
D5_74 10 10 0 7 0 9 1 5 1 8 2 6 2 9 3 5 3 7 4 6 4 8
D5_75 10 15 0 1 0 4 0 7 1 2 1 8 2 3 2 9 3 4 3 5 4 6 5 6 5 9 6 7 7 8 8 9
D5_76 10 15 0 2 0 3 0 7 1 3 1 4 1 8 2 4 2 9 3 5 4 6 5 7 5 8 6 8 6 9 7 9
D5_79 10 10 0 8 0 9 1 5 1 9 2 5 2 6 3 6 3 7 4 7 4 8
D5_80 10 15 0 1 0 4 0 8 1 2 1 9 2 3 2 5 3 4 3 6 4 7 5 6 5 9 6 7 7 8 8 9
D5_81 10 15 0 2 0 3 0 8 1 3 1 4 1 9 2 4 2 5 3 6 4 7 5 7 5 8 6 8 6 9 7 9
D5_84 10 15 0 1 0 4 0 9 1 2 1 5 2 3 2 6 3 4 3 7 4 8 5 6 5 9 6 7 7 8 8 9
D5_85 10 15 0 2 0 3 0 9 1 3 1 4 1 5 2 4 2 6 3 7 4 8 5 7 5 8 6 8 6 9 7 9
D5_90 10 15 0 5 0 6 0 7 1 6 1 7 1 8 2 7 2 8 2 9 3 5 3 8 3 9 4 5 4 6 4 9
D5_91 10 15 0 5 0 6 0 8 1 6 1 7 1 9 2 5 2 7 2 8 3 6 3 8 3 9 4 5 4 7 4 9
D5_92 10 15 0 5 0 6 0 9 1 5 1 6 1 7 2 6 2 7 2 8 3 7 3 8 3 9 4 5 4 8 4 9
D5_93 10 20 0 2 0 3 0 5 0 6 1 3 1 4 1 6 1 7 2 4 2 7 2 8 3 8 3 9 4 5 4 9 5 7 5 8 6 8 6 9 7 9
D5_95 10 15 0 5 0 7 0 8 1 6 1 8 1 9 2 5 2 7 2 9 3 5 3 6 3 8 4 6 4 7 4 9
D5_96 10 15 0 5 0 7 0 9 1 5 1 6 1 8 2 6 2 7 2 9 3 5 3 7 3 8 4 6 4 8 4 9
D5_97 10 20 0 1 0 4 0 5 0 7 1 2 1 6 1 8 2 3 2 7 2 9 3 4 3 5 3 8 4 6 4 9 5 6 5 9 6 7 7 8 8 9
D5_99 10 15 0 5 0 8 0 9 1 5 1 6 1 9 2 5 2 6 2 7 3 6 3 7 3 8 4 7 4 8 4 9
D5_100 10 20 0 1 0 4 0 5 0 8 1 2 1 6 1 9 2 3 2 5 2 7 3 4 3 6 3 8 4 7 4 9 5 6 5 9 6 7 7 8 8 9
D5_102 10 20 0 2 0 3 0 5 0 9 1 3 1 4 1 5 1 6 2 4 2 6 2 7 3 7 3 8 4 8 4 9 5 7 5 8 6 8 6 9 7 9
D5_106 10 15 0 6 0 7 0 8 1 7 1 8 1 9 2 5 2 8 2 9 3 5 3 6 3 9 4 5 4 6 4 7
D5_107 10 15 0 6 0 7 0 9 1 5 1 7 1 8 2 6 2 8 2 9 3 5 3 7 3 9 4 5 4 6 4 8
D5_108 10 20 0 2 0 3 0 6 0 7 1 3 1 4 1 7 1 8 2 4 2 8 2 9 3 5 3 9 4 5 4 6 5 7 5 8 6 8 6 9 7 9
D5_110 10 15 0 6 0 8 0 9 1 5 1 7 1 9 2 5 2 6 2 8 3 6 3 7 3 9 4 5 4 7 4 8
D5_111 10 20 0 1 0 4 0 6 0 8 1 2 1 7 1 9 2 3 2 5 2 8 3 4 3 6 3 9 4 5 4 7 5 6 5 9 6 7 7 8 8 9
D5_117 10 15 0 7 0 8 0 9 1 5 1 8 1 9 2 5 2 6 2 9 3 5 3 6 3 7 4 6 4 7 4 8
D5_120 10 20 0 1 0 4 0 7 0 9 1 2 1 5 1 8 2 3 2 6 2 9 3 4 3 5 3 7 4 6 4 8 5 6 5 9 6 7 7 8 8 9
D5_124 10 20 0 2 0 3 0 8 0 9 1 3 1 4 1 5 1 9 2 4 2 5 2 6 3 6 3 7 4 7 4 8 5 7 5 8 6 8 6 9 7 9
D6_131 12 6 0 7 1 8 2 9 3 10 4 11 5 6
D6_132 12 6 0 8 1 9 2 10 3 11 4 6 5 7
D6_133 12 6 0 9 1 10 2 11 3 6 4 7 5 8
D6_134 12 6 0 10 1 11 2 6 3 7 4 8 5 9
D6_135 12 6 0 11 1 6 2 7 3 8 4 9 5 10
D6_136 12 12 0 1 0 5 1 2 2 3 3 4 4 5 6 7 6 11 7 8 8 9 9 10 10 11
D6_137 12 6 0 3 1 4 2 5 6 9 7 10 8 11
D6_139 12 12 0 6 0 7 1 7 1 8 2 8 2 9 3 9 3 10 4 10 4 11 5 6 5 11
D6_140 12 12 0 6 0 8 1 7 1 9 2 8 2 10 3 9 3 11 4 6 4 10 5 7 5 11
D6_141 12 12 0 6 0 9 1 7 1 10 2 8 2 11 3 6 3 9 4 7 4 10 5 8 5 11
D6_142 12 12 0 6 0 10 1 7 1 11 2 6 2 8 3 7 3 9 4 8 4 10 5 9 5 11
D6_143 12 12 0 6 0 11 1 6 1 7 2 7 2 8 3 8 3 9 4 9 4 10 5 10 5 11
D6_144 12 18 0 1 0 5 0 6 1 2 1 7 2 3 2 8 3 4 3 9 4 5 4 10 5 11 6 7 6 11 7 8 8 9 9 10 10 11
D6_145 12 12 0 3 0 6 1 4 1 7 2 5 2 8 3 9 4 10 5 11 6 9 7 10 8 11
D6_147 12 12 0 7 0 8 1 8 1 9 2 9 2 10 3 10 3 11 4 6 4 11 5 6 5 7
D6_148 12 12 0 7 0 9 1 8 1 10 2 9 2 11 3 6 3 10 4 7 4 11 5 6 5 8
D6_149 12 12 0 7 0 10 1 8 1 11 2 6 2 9 3 7 3 10 4 8 4 11 5 6 5 9
D6_150 12 12 0 7 0 11 1 6 1 8 2 7 2 9 3 8 3 10 4 9 4 11 5 6 5 10
D6_151 12 18 0 1 0 5 0 7 1 2 1 8 2 3 2 9 3 4 3 10 4 5 4 11 5 6 6 7 6 11 7 8 8 9 9 10 10 11
D6_152 12 12 0 3 0 7 1 4 1 8 2 5 2 9 3 10 4 11 5 6 6 9 7 10 8 11
D6_154 12 12 0 8 0 9 1 9 1 10 2 10 2 11 3 6 3 11 4 6 4 7 5 7 5 8
D6_155 12 12 0 8 0 10 1 9 1 11 2 6 2 10 3 7 3 11 4 6 4 8 5 7 5 9
D6_156 12 12 0 8 0 11 1 6 1 9 2 7 2 10 3 8 3 11 4 6 4 9 5 7 5 10
D6_157 12 18 0 1 0 5 0 8 1 2 1 9 2 3 2 10 3 4 3 11 4 5 4 6 5 7 6 7 6 11 7 8 8 9 9 10 10 11
D6_158 12 12 0 3 0 8 1 4 1 9 2 5 2 10 3 11 4 6 5 7 6 9 7 10 8 11
D6_160 12 12 0 9 0 10 1 10 1 11 2 6 2 11 3 6 3 7 4 7 4 8 5 8 5 9
D6_161 12 12 0 9 0 11 1 6 1 10 2 7 2 11 3 6 3 8 4 7 4 9 5 8 5 10
D6_162 12 18 0 1 0 5 0 9 1 2 1 10 2 3 2 11 3 4 3 6 4 5 4 7 5 8 6 7 6 11 7 8 8 9 9 10 10 11
D6_165 12 12 0 10 0 11 1 6 1 11 2 6 2 7 3 7 3 8 4 8 4 9 5 9 5 10
D6_166 12 18 0 1 0 5 0 10 1 2 1 11 2 3 2 6 3 4 3 7 4 5 4 8 5 9 6 7 6 11 7 8 8 9 9 10 10 11
D6_167 12 12 0 3 0 10 1 4 1 11 2 5 2 6 3 7 4 8 5 9 6 9 7 10 8 11
D6_169 12 18 0 1 0 5 0 11 1 2 1 6 2 3 2 7 3 4 3 8 4 5 4 9 5 10 6 7 6 11 7 8 8 9 9 10 10 11
D6_170 12 12 0 3 0 11 1 4 1 6 2 5 2 7 3 8 4 9 5 10 6 9 7 10 8 11
D6_172 12 18 0 1 0 3 0 5 1 2 1 4 2 3 2 5 3 4 4 5 6 7 6 9 6 11 7 8 7 10 8 9 8 11 9 10 10 11
D6_175 12 18 0 6 0 7 0 8 1 7 1 8 1 9 2 8 2 9 2 10 3 9 3 10 3 11 4 6 4 10 4 11 5 6 5 7 5 11
D6_176 12 18 0 6 0 7 0 9 1 7 1 8 1 10 2 8 2 9 2 11 3 6 3 9 3 10 4 7 4 10 4 11 5 6 5 8 5 11
D6_177 12 18 0 6 0 7 0 10 1 7 1 8 1 11 2 6 2 8 2 9 3 7 3 9 3 10 4 8 4 10 4 11 5 6 5 9 5 11
D6_178 12 18 0 6 0 7 0 11 1 6 1 7 1 8 2 7 2 8 2 9 3 8 3 9 3 10 4 9 4 10 4 11 5 6 5 10 5 11
D6_179 12 18 0 3 0 6 0 7 1 4 1 7 1 8 2 5 2 8 2 9 3 9 3 10 4 10 4 11 5 6 5 11 6 9 7 10 8 11
D6_180 12 18 0 6 0 8 0 9 1 7 1 9 1 10 2 8 2 10 2 11 3 6 3 9 3 11 4 6 4 7 4 10 5 7 5 8 5 11
D6_181 12 18 0 6 0 8 0 10 1 7 1 9 1 11 2 6 2 8 2 10 3 7 3 9 3 11 4 6 4 8 4 10 5 7 5 9 5 11
D6_182 12 18 0 6 0 8 0 11 1 6 1 7 1 9 2 7 2 8 2 10 3 8 3 9 3 11 4 6 4 9 4 10 5 7 5 10 5 11
D6_183 12 24 0 1 0 5 0 6 0 8 1 2 1 7 1 9 2 3 2 8 2 10 3 4 3 9 3 11 4 5 4 6 4 10 5 7 5 11 6 7 6 11 7 8 8 9 9 10 10 11
D6_184 12 18 0 3 0 6 0 8 1 4 1 7 1 9 2 5 2 8 2 10 3 9 3 11 4 6 4 10 5 7 5 11 6 9 7 10 8 11
D6_186 12 18 0 6 0 9 0 10 1 7 1 10 1 11 2 6 2 8 2 11 3 6 3 7 3 9 4 7 4 8 4 10 5 8 5 9 5 11
D6_187 12 18 0 6 0 9 0 11 1 6 1 7 1 10 2 7 2 8 2 11 3 6 3 8 3 9 4 7 4 9 4 10 5 8 5 10 5 11
D6_188 12 24 0 1 0 5 0 6 0 9 1 2 1 7 1 10 2 3 2 8 2 11 3 4 3 6 3 9 4 5 4 7 4 10 5 8 5 11 6 7 6 11 7 8 8 9 9 10 10 11
D6_190 12 18 0 6 0 10 0 11 1 6 1 7 1 11 2 6 2 7 2 8 3 7 3 8 3 9 4 8 4 9 4 10 5 9 5 10 5 11
D6_191 12 24 0 1 0 5 0 6 0 10 1 2 1 7 1 11 2 3 2 6 2 8 3 4 3 7 3 9 4 5 4 8 4 10 5 9 5 11 6 7 6 11 7 8 8 9 9 10 10 11
D6_192 12 18 0 3 0 6 0 10 1 4 1 7 1 11 2 5 2 6 2 8 3 7 3 9 4 8 4 10 5 9 5 11 6 9 7 10 8 11
D6_194 12 18 0 3 0 6 0 11 1 4 1 6 1 7 2 5 2 7 2 8 3 8 3 9 4 9 4 10 5 10 5 11 6 9 7 10 8 11
D6_195 12 24 0 1 0 3 0 5 0 6 1 2 1 4 1 7 2 3 2 5 2 8 3 4 3 9 4 5 4 10 5 11 6 7 6 9 6 11 7 8 7 10 8 9 8 11 9 10 10 11
D6_198 12 18 0 7 0 8 0 9 1 8 1 9 1 10 2 9 2 10 2 11 3 6 3 10 3 11 4 6 4 7 4 11 5 6 5 7 5 8
D6_199 12 18 0 7 0 8 0 10 1 8 1 9 1 11 2 6 2 9 2 10 3 7 3 10 3 11 4 6 4 8 4 11 5 6 5 7 5 9
D6_200 12 18 0 7 0 8 0 11 1 6 1 8 1 9 2 7 2 9 2 10 3 8 3 10 3 11 4 6 4 9 4 11 5 6 5 7 5 10
D6_201 12 18 0 3 0 7 0 8 1 4 1 8 1 9 2 5 2 9 2 10 3 10 3 11 4 6 4 11 5 6 5 7 6 9 7 10 8 11
D6_202 12 18 0 7 0 9 0 10 1 8 1 10 1 11 2 6 2 9 2 11 3 6 3 7 3 10 4 7 4 8 4 11 5 6 5 8 5 9
D6_203 12 18 0 7 0 9 0 11 1 6 1 8 1 10 2 7 2 9 2 11 3 6 3 8 3 10 4 7 4 9 4 11 5 6 5 8 5 10
D6_204 12 24 0 1 0 5 0 7 0 9 1 2 1 8 1 10 2 3 2 9 2 11 3 4 3 6 3 10 4 5 4 7 4 11 5 6 5 8 6 7 6 11 7 8 8 9 9 10 10 11
D6_205 12 18 0 3 0 7 0 9 1 4 1 8 1 10 2 5 2 9 2 11 3 6 3 10 4 7 4 11 5 6 5 8 6 9 7 10 8 11
D6_207 12 18 0 7 0 10 0 11 1 6 1 8 1 11 2 6 2 7 2 9 3 7 3 8 3 10 4 8 4 9 4 11 5 6 5 9 5 10
D6_208 12 24 0 1 0 5 0 7 0 10 1 2 1 8 1 11 2 3 2 6 2 9 3 4 3 7 3 10 4 5 4 8 4 11 5 6 5 9 6 7 6 11 7 8 8 9 9 10 10 11
D6_211 12 18 0 3 0 7 0 11 1 4 1 6 1 8 2 5 2 7 2 9 3 8 3 10 4 9 4 11 5 6 5 10 6 9 7 10 8 11
D6_213 12 24 0 1 0 3 0 5 0 7 1 2 1 4 1 8 2 3 2 5 2 9 3 4 3 10 4 5 4 11 5 6 6 7 6 9 6 11 7 8 7 10 8 9 8 11 9 10 10 11
D6_216 12 18 0 8 0 9 0 10 1 9 1 10 1 11 2 6 2 10 2 11 3 6 3 7 3 11 4 6 4 7 4 8 5 7 5 8 5 9
D6_217 12 18 0 8 0 9 0 11 1 6 1 9 1 10 2 7 2 10 2 11 3 6 3 8 3 11 4 6 4 7 4 9 5 7 5 8 5 10
D6_218 12 18 0 3 0 8 0 9 1 4 1 9 1 10 2 5 2 10 2 11 3 6 3 11 4 6 4 7 5 7 5 8 6 9 7 10 8 11
D6_219 12 18 0 8 0 10 0 11 1 6 1 9 1 11 2 6 2 7 2 10 3 7 3 8 3 11 4 6 4 8 4 9 5 7 5 9 5 10
D6_220 12 24 0 1 0 5 0 8 0 10 1 2 1 9 1 11 2 3 2 6 2 10 3 4 3 7 3 11 4 5 4 6 4 8 5 7 5 9 6 7 6 11 7 8 8 9 9 10 10 11
D6_221 12 18 0 3 0 8 0 10 1 4 1 9 1 11 2 5 2 6 2 10 3 7 3 11 4 6 4 8 5 7 5 9 6 9 7 10 8 11
D6_223 12 24 0 1 0 5 0 8 0 11 1 2 1 6 1 9 2 3 2 7 2 10 3 4 3 8 3 11 4 5 4 6 4 9 5 7 5 10 6 7 6 11 7 8 8 9 9 10 10 11
D6_225 12 24 0 1 0 3 0 5 0 8 1 2 1 4 1 9 2 3 2 5 2 10 3 4 3 11 4 5 4 6 5 7 6 7 6 9 6 11 7 8 7 10 8 9 8 11 9 10 10 11
D6_228 12 18 0 9 0 10 0 11 1 6 1 10 1 11 2 6 2 7 2 11 3 6 3 7 3 8 4 7 4 8 4 9 5 8 5 9 5 10
D6_229 12 18 0 3 0 9 0 10 1 4 1 10 1 11 2 5 2 6 2 11 3 6 3 7 4 7 4 8 5 8 5 9 6 9 7 10 8 11
D6_230 12 24 0 1 0 5 0 9 0 11 1 2 1 6 1 10 2 3 2 7 2 11 3 4 3 6 3 8 4 5 4 7 4 9 5 8 5 10 6 7 6 11 7 8 8 9 9 10 10 11
D6_231 12 18 0 3 0 9 0 11 1 4 1 6 1 10 2 5 2 7 2 11 3 6 3 8 4 7 4 9 5 8 5 10 6 9 7 10 8 11
D6_233 12 24 0 1 0 3 0 5 0 9 1 2 1 4 1 10 2 3 2 5 2 11 3 4 3 6 4 5 4 7 5 8 6 7 6 9 6 11 7 8 7 10 8 9 8 11 9 10 10 11
D6_236 12 18 0 3 0 10 0 11 1 4 1 6 1 11 2 5 2 6 2 7 3 7 3 8 4 8 4 9 5 9 5 10 6 9 7 10 8 11
D6_237 12 24 0 1 0 3 0 5 0 10 1 2 1 4 1 11 2 3 2 5 2 6 3 4 3 7 4 5 4 8 5 9 6 7 6 9 6 11 7 8 7 10 8 9 8 11 9 10 10 11
D6_240 12 24 0 1 0 3 0 5 0 11 1 2 1 4 1 6 2 3 2 5 2 7 3 4 3 8 4 5 4 9 5 10 6 7 6 9 6 11 7 8 7 10 8 9 8 11 9 10 10 11
D7_245 14 7 0 8 1 9 2 10 3 11 4 12 5 13 6 7
D7_246 14 7 0 9 1 10 2 11 3 12 4 13 5 7 6 8
D7_247 14 7 0 10 1 11 2 12 3 13 4 7 5 8 6 9
D7_248 14 7 0 11 1 12 2 13 3 7 4 8 5 9 6 10
D7_249 14 7 0 12 1 13 2 7 3 8 4 9 5 10 6 11
D7_250 14 7 0 13 1 7 2 8 3 9 4 10 5 11 6 12
D7_251 14 14 0 1 0 6 1 2 2 3 3 4 4 5 5 6 7 8 7 13 8 9 9 10 10 11 11 12 12 13
D7_252 14 14 0 2 0 5 1 3 1 6 2 4 3 5 4 6 7 9 7 12 8 10 8 13 9 11 10 12 11 13
D7_253 14 14 0 3 0 4 1 4 1 5 2 5 2 6 3 6 7 10 7 11 8 11 8 12 9 12 9 13 10 13
D7_257 14 14 0 7 0 8 1 8 1 9 2 9 2 10 3 10 3 11 4 11 4 12 5 12 5 13 6 7 6 13
D7_258 14 14 0 7 0 9 1 8 1 10 2 9 2 11 3 10 3 12 4 11 4 13 5 7 5 12 6 8 6 13
D7_259 14 14 0 7 0 10 1 8 1 11 2 9 2 12 3 10 3 13 4 7 4 11 5 8 5 12 6 9 6 13
D7_260 14 14 0 7 0 11 1 8 1 12 2 9 2 13 3 7 3 10 4 8 4 11 5 9 5 12 6 10 6 13
D7_261 14 14 0 7 0 12 1 8 1 13 2 7 2 9 3 8 3 10 4 9 4 11 5 10 5 12 6 11 6 13
D7_262 14 14 0 7 0 13 1 7 1 8 2 8 2 9 3 9 3 10 4 10 4 11 5 11 5 12 6 12 6 13
D7_263 14 21 0 1 0 6 0 7 1 2 1 8 2 3 2 9 3 4 3 10 4 5 4 11 5 6 5 12 6 13 7 8 7 13 8 9 9 10 10 11 11 12 12 13
D7_264 14 21 0 2 0 5 0 7 1 3 1 6 1 8 2 4 2 9 3 5 3 10 4 6 4 11 5 12 6 13 7 9 7 12 8 10 8 13 9 11 10 12 11 13
D7_265 14 21 0 3 0 4 0 7 1 4 1 5 1 8 2 5 2 6 2 9 3 6 3 10 4 11 5 12 6 13 7 10 7 11 8 11 8 12 9 12 9 13 10 13
D7_269 14 14 0 8 0 9 1 9 1 10 2 10 2 11 3 11 3 12 4 12 4 13 5 7 5 13 6 7 6 8
D7_270 14 14 0 8 0 10 1 9 1 11 2 10 2 12 3 11 3 13 4 7 4 12 5 8 5 13 6 7 6 9
D7_271 14 14 0 8 0 11 1 9 1 12 2 10 2 13 3 7 3 11 4 8 4 12 5 9 5 13 6 7 6 10
D7_272 14 14 0 8 0 12 1 9 1 13 2 7 2 10 3 8 3 11 4 9 4 12 5 10 5 13 6 7 6 11
D7_273 14 14 0 8 0 13 1 7 1 9 2 8 2 10 3 9 3 11 4 10 4 12 5 11 5 13 6 7 6 12
D7_274 14 21 0 1 0 6 0 8 1 2 1 9 2 3 2 10 3 4 3 11 4 5 4 12 5 6 5 13 6 7 7 8 7 13 8 9 9 10 10 11 11 12 12 13
D7_275 14 21 0 2 0 5 0 8 1 3 1 6 1 9 2 4 2 10 3 5 3 11 4 6 4 12 5 13 6 7 7 9 7 12 8 10 8 13 9 11 10 12 11 13
D7_276 14 21 0 3 0 4 0 8 1 4 1 5 1 9 2 5 2 6 2 10 3 6 3 11 4 12 5 13 6 7 7 10 7 11 8 11 8 12 9 12 9 13 10 13
D7_280 14 14 0 9 0 10 1 10 1 11 2 11 2 12 3 12 3 13 4 7 4 13 5 7 5 8 6 8 6 9
D7_281 14 14 0 9 0 11 1 10 1 12 2 11 2 13 3 7 3 12 4 8 4 13 5 7 5 9 6 8 6 10
D7_282 14 14 0 9 0 12 1 10 1 13 2 7 2 11 3 8 3 12 4 9 4 13 5 7 5 10 6 8 6 11
D7_283 14 14 0 9 0 13 1 7 1 10 2 8 2 11 3 9 3 12 4 10 4 13 5 7 5 11 6 8 6 12
D7_284 14 21 0 1 0 6 0 9 1 2 1 10 2 3 2 11 3 4 3 12 4 5 4 13 5 6 5 7 6 8 7 8 7 13 8 9 9 10 10 11 11 12 12 13
D7_285 14 21 0 2 0 5 0 9 1 3 1 6 1 10 2 4 2 11 3 5 3 12 4 6 4 13 5 7 6 8 7 9 7 12 8 10 8 13 9 11 10 12 11 13
D7_286 14 21 0 3 0 4 0 9 1 4 1 5 1 10 2 5 2 6 2 11 3 6 3 12 4 13 5 7 6 8 7 10 7 11 8 11 8 12 9 12 9 13 10 13
D7_290 14 14 0 10 0 11 1 11 1 12 2 12 2 13 3 7 3 13 4 7 4 8 5 8 5 9 6 9 6 10
D7_291 14 14 0 10 0 12 1 11 1 13 2 7 2 12 3 8 3 13 4 7 4 9 5 8 5 10 6 9 6 11
D7_292 14 14 0 10 0 13 1 7 1 11 2 8 2 12 3 9 3 13 4 7 4 10 5 8 5 11 6 9 6 12
D7_293 14 21 0 1 0 6 0 10 1 2 1 11 2 3 2 12 3 4 3 13 4 5 4 7 5 6 5 8 6 9 7 8 7 13 8 9 9 10 10 11 11 12 12 13
D7_294 14 21 0 2 0 5 0 10 1 3 1 6 1 11 2 4 2 12 3 5 3 13 4 6 4 7 5 8 6 9 7 9 7 12 8 10 8 13 9 11 10 12 11 13
D7_295 14 21 0 3 0 4 0 10 1 4 1 5 1 11 2 5 2 6 2 12 3 6 3 13 4 7 5 8 6 9 7 10 7 11 8 11 8 12 9 12 9 13 10 13
D7_299 14 14 0 11 0 12 1 12 1 13 2 7 2 13 3 7 3 8 4 8 4 9 5 9 5 10 6 10 6 11
D7_300 14 14 0 11 0 13 1 7 1 12 2 8 2 13 3 7 3 9 4 8 4 10 5 9 5 11 6 10 6 12
D7_301 14 21 0 1 0 6 0 11 1 2 1 12 2 3 2 13 3 4 3 7 4 5 4 8 5 6 5 9 6 10 7 8 7 13 8 9 9 10 10 11 11 12 12 13
D7_302 14 21 0 2 0 5 0 11 1 3 1 6 1 12 2 4 2 13 3 5 3 7 4 6 4 8 5 9 6 10 7 9 7 12 8 10 8 13 9 11 10 12 11 13
D7_303 14 21 0 3 0 4 0 11 1 4 1 5 1 12 2 5 2 6 2 13 3 6 3 7 4 8 5 9 6 10 7 10 7 11 8 11 8 12 9 12 9 13 10 13
D7_307 14 14 0 12 0 13 1 7 1 13 2 7 2 8 3 8 3 9 4 9 4 10 5 10 5 11 6 11 6 12
D7_308 14 21 0 1 0 6 0 12 1 2 1 13 2 3 2 7 3 4 3 8 4 5 4 9 5 6 5 10 6 11 7 8 7 13 8 9 9 10 10 11 11 12 12 13
D7_309 14 21 0 2 0 5 0 12 1 3 1 6 1 13 2 4 2 7 3 5 3 8 4 6 4 9 5 10 6 11 7 9 7 12 8 10 8 13 9 11 10 12 11 13
D7_310 14 21 0 3 0 4 0 12 1 4 1 5 1 13 2 5 2 6 2 7 3 6 3 8 4 9 5 10 6 11 7 10 7 11 8 11 8 12 9 12 9 13 10 13
D7_314 14 21 0 1 0 6 0 13 1 2 1 7 2 3 2 8 3 4 3 9 4 5 4 10 5 6 5 11 6 12 7 8 7 13 8 9 9 10 10 11 11 12 12 13
D7_315 14 21 0 2 0 5 0 13 1 3 1 6 1 7 2 4 2 8 3 5 3 9 4 6 4 10 5 11 6 12 7 9 7 12 8 10 8 13 9 11 10 12 11 13
D7_316 14 21 0 3 0 4 0 13 1 4 1 5 1 7 2 5 2 6 2 8 3 6 3 9 4 10 5 11 6 12 7 10 7 11 8 11 8 12 9 12 9 13 10 13
D7_323 14 21 0 7 0 8 0 9 1 8 1 9 1 10 2 9 2 10 2 11 3 10 3 11 3 12 4 11 4 12 4 13 5 7 5 12 5 13 6 7 6 8 6 13
D7_324 14 21 0 7 0 8 0 10 1 8 1 9 1 11 2 9 2 10 2 12 3 10 3 11 3 13 4 7 4 11 4 12 5 8 5 12 5 13 6 7 6 9 6 13
D7_325 14 21 0 7 0 8 0 11 1 8 1 9 1 12 2 9 2 10 2 13 3 7 3 10 3 11 4 8 4 11 4 12 5 9 5 12 5 13 6 7 6 10 6 13
D7_326 14 21 0 7 0 8 0 12 1 8 1 9 1 13 2 7 2 9 2 10 3 8 3 10 3 11 4 9 4 11 4 12 5 10 5 12 5 13 6 7 6 11 6 13
D7_327 14 21 0 7 0 8 0 13 1 7 1 8 1 9 2 8 2 9 2 10 3 9 3 10 3 11 4 10 4 11 4 12 5 11 5 12 5 13 6 7 6 12 6 13
D7_328 14 28 0 2 0 5 0 7 0 8 1 3 1 6 1 8 1 9 2 4 2 9 2 10 3 5 3 10 3 11 4 6 4 11 4 12 5 12 5 13 6 7 6 13 7 9 7 12 8 10 8 13 9 11 10 12 11 13
D7_329 14 28 0 3 0 4 0 7 0 8 1 4 1 5 1 8 1 9 2 5 2 6 2 9 2 10 3 6 3 10 3 11 4 11 4 12 5 12 5 13 6 7 6 13 7 10 7 11 8 11 8 12 9 12 9 13 10 13
D7_332 14 21 0 7 0 9 0 10 1 8 1 10 1 11 2 9 2 11 2 12 3 10 3 12 3 13 4 7 4 11 4 13 5 7 5 8 5 12 6 8 6 9 6 13
D7_333 14 21 0 7 0 9 0 11 1 8 1 10 1 12 2 9 2 11 2 13 3 7 3 10 3 12 4 8 4 11 4 13 5 7 5 9 5 12 6 8 6 10 6 13
D7_334 14 21 0 7 0 9 0 12 1 8 1 10 1 13 2 7 2 9 2 11 3 8 3 10 3 12 4 9 4 11 4 13 5 7 5 10 5 12 6 8 6 11 6 13
D7_335 14 21 0 7 0 9 0 13 1 7 1 8 1 10 2 8 2 9 2 11 3 9 3 10 3 12 4 10 4 11 4 13 5 7 5 11 5 12 6 8 6 12 6 13
D7_336 14 28 0 1 0 6 0 7 0 9 1 2 1 8 1 10 2 3 2 9 2 11 3 4 3 10 3 12 4 5 4 11 4 13 5 6 5 7 5 12 6 8 6 13 7 8 7 13 8 9 9 10 10 11 11 12 12 13
D7_337 14 28 0 3 0 4 0 7 0 9 1 4 1 5 1 8 1 10 2 5 2 6 2 9 2 11 3 6 3 10 3 12 4 11 4 13 5 7 5 12 6 8 6 13 7 10 7 11 8 11 8 12 9 12 9 13 10 13
D7_340 14 21 0 7 0 10 0 11 1 8 1 11 1 12 2 9 2 12 2 13 3 7 3 10 3 13 4 7 4 8 4 11 5 8 5 9 5 12 6 9 6 10 6 13
D7_341 14 21 0 7 0 10 0 12 1 8 1 11 1 13 2 7 2 9 2 12 3 8 3 10 3 13 4 7 4 9 4 11 5 8 5 10 5 12 6 9 6 11 6 13
D7_342 14 21 0 7 0 10 0 13 1 7 1 8 1 11 2 8 2 9 2 12 3 9 3 10 3 13 4 7 4 10 4 11 5 8 5 11 5 12 6 9 6 12 6 13
D7_343 14 28 0 1 0 6 0 7 0 10 1 2 1 8 1 11 2 3 2 9 2 12 3 4 3 10 3 13 4 5 4 7 4 11 5 6 5 8 5 12 6 9 6 13 7 8 7 13 8 9 9 10 10 11 11 12 12 13
D7_344 14 28 0 2 0 5 0 7 0 10 1 3 1 6 1 8 1 11 2 4 2 9 2 12 3 5 3 10 3 13 4 6 4 7 4 11 5 8 5 12 6 9 6 13 7 9 7 12 8 10 8 13 9 11 10 12 11 13
D7_347 14 21 0 7 0 11 0 12 1 8 1 12 1 13 2 7 2 9 2 13 3 7 3 8 3 10 4 8 4 9 4 11 5 9 5 10 5 12 6 10 6 11 6 13
D7_348 14 21 0 7 0 11 0 13 1 7 1 8 1 12 2 8 2 9 2 13 3 7 3 9 3 10 4 8 4 10 4 11 5 9 5 11 5 12 6 10 6 12 6 13
D7_349 14 28 0 1 0 6 0 7 0 11 1 2 1 8 1 12 2 3 2 9 2 13 3 4 3 7 3 10 4 5 4 8 4 11 5 6 5 9 5 12 6 10 6 13 7 8 7 13 8 9 9 10 10 11 11 12 12 13
D7_350 14 28 0 2 0 5 0 7 0 11 1 3 1 6 1 8 1 12 2 4 2 9 2 13 3 5 3 7 3 10 4 6 4 8 4 11 5 9 5 12 6 10 6 13 7 9 7 12 8 10 8 13 9 11 10 12 11 13
D7_353 14 21 0 7 0 12 0 13 1 7 1 8 1 13 2 7 2 8 2 9 3 8 3 9 3 10 4 9 4 10 4 11 5 10 5 11 5 12 6 11 6 12 6 13
D7_354 14 28 0 1 0 6 0 7 0 12 1 2 1 8 1 13 2 3 2 7 2 9 3 4 3 8 3 10 4 5 4 9 4 11 5 6 5 10 5 12 6 11 6 13 7 8 7 13 8 9 9 10 10 11 11 12 12 13
D7_355 14 28 0 3 0 4 0 7 0 12 1 4 1 5 1 8 1 13 2 5 2 6 2 7 2 9 3 6 3 8 3 10 4 9 4 11 5 10 5 12 6 11 6 13 7 10 7 11 8 11 8 12 9 12 9 13 10 13
D7_358 14 28 0 2 0 5 0 7 0 13 1 3 1 6 1 7 1 8 2 4 2 8 2 9 3 5 3 9 3 10 4 6 4 10 4 11 5 11 5 12 6 12 6 13 7 9 7 12 8 10 8 13 9 11 10 12 11 13
D7_359 14 28 0 3 0 4 0 7 0 13 1 4 1 5 1 7 1 8 2 5 2 6 2 8 2 9 3 6 3 9 3 10 4 10 4 11 5 11 5 12 6 12 6 13 7 10 7 11 8 11 8 12 9 12 9 13 10 13
D7_365 14 21 0 8 0 9 0 10 1 9 1 10 1 11 2 10 2 11 2 12 3 11 3 12 3 13 4 7 4 12 4 13 5 7 5 8 5 13 6 7 6 8 6 9
D7_366 14 21 0 8 0 9 0 11 1 9 1 10 1 12 2 10 2 11 2 13 3 7 3 11 3 12 4 8 4 12 4 13 5 7 5 9 5 13 6 7 6 8 6 10
D7_367 14 21 0 8 0 9 0 12 1 9 1 10 1 13 2 7 2 10 2 11 3 8 3 11 3 12 4 9 4 12 4 13 5 7 5 10 5 13 6 7 6 8 6 11
D7_368 14 21 0 8 0 9 0 13 1 7 1 9 1 10 2 8 2 10 2 11 3 9 3 11 3 12 4 10 4 12 4 13 5 7 5 11 5 13 6 7 6 8 6 12
D7_369 14 28 0 2 0 5 0 8 0 9 1 3 1 6 1 9 1 10 2 4 2 10 2 11 3 5 3 11 3 12 4 6 4 12 4 13 5 7 5 13 6 7 6 8 7 9 7 12 8 10 8 13 9 11 10 12 11 13
D7_370 14 28 0 3 0 4 0 8 0 9 1 4 1 5 1 9 1 10 2 5 2 6 2 10 2 11 3 6 3 11 3 12 4 12 4 13 5 7 5 13 6 7 6 8 7 10 7 11 8 11 8 12 9 12 9 13 10 13
D7_373 14 21 0 8 0 10 0 11 1 9 1 11 1 12 2 10 2 12 2 13 3 7 3 11 3 13 4 7 4 8 4 12 5 8 5 9 5 13 6 7 6 9 6 10
D7_374 14 21 0 8 0 10 0 12 1 9 1 11 1 13 2 7 2 10 2 12 3 8 3 11 3 13 4 7 4 9 4 12 5 8 5 10 5 13 6 7 6 9 6 11
D7_375 14 21 0 8 0 10 0 13 1 7 1 9 1 11 2 8 2 10 2 12 3 9 3 11 3 13 4 7 4 10 4 12 5 8 5 11 5 13 6 7 6 9 6 12
D7_376 14 28 0 1 0 6 0 8 0 10 1 2 1 9 1 11 2 3 2 10 2 12 3 4 3 11 3 13 4 5 4 7 4 12 5 6 5 8 5 13 6 7 6 9 7 8 7 13 8 9 9 10 10 11 11 12 12 13
D7_377 14 28 0 3 0 4 0 8 0 10 1 4 1 5 1 9 1 11 2 5 2 6 2 10 2 12 3 6 3 11 3 13 4 7 4 12 5 8 5 13 6 7 6 9 7 10 7 11 8 11 8 12 9 12 9 13 10 13
D7_380 14 21 0 8 0 11 0 12 1 9 1 12 1 13 2 7 2 10 2 13 3 7 3 8 3 11 4 8 4 9 4 12 5 9 5 10 5 13 6 7 6 10 6 11
D7_381 14 21 0 8 0 11 0 13 1 7 1 9 1 12 2 8 2 10 2 13 3 7 3 9 3 11 4 8 4 10 4 12 5 9 5 11 5 13 6 7 6 10 6 12
D7_382 14 28 0 1 0 6 0 8 0 11 1 2 1 9 1 12 2 3 2 10 2 13 3 4 3 7 3 11 4 5 4 8 4 12 5 6 5 9 5 13 6 7 6 10 7 8 7 13 8 9 9 10 10 11 11 12 12 13
D7_383 14 28 0 2 0 5 0 8 0 11 1 3 1 6 1 9 1 12 2 4 2 10 2 13 3 5 3 7 3 11 4 6 4 8 4 12 5 9 5 13 6 7 6 10 7 9 7 12 8 10 8 13 9 11 10 12 11 13
D7_386 14 21 0 8 0 12 0 13 1 7 1 9 1 13 2 7 2 8 2 10 3 8 3 9 3 11 4 9 4 10 4 12 5 10 5 11 5 13 6 7 6 11 6 12
D7_387 14 28 0 1 0 6 0 8 0 12 1 2 1 9 1 13 2 3 2 7 2 10 3 4 3 8 3 11 4 5 4 9 4 12 5 6 5 10 5 13 6 7 6 11 7 8 7 13 8 9 9 10 10 11 11 12 12 13
D7_388 14 28 0 2 0 5 0 8 0 12 1 3 1 6 1 9 1 13 2 4 2 7 2 10 3 5 3 8 3 11 4 6 4 9 4 12 5 10 5 13 6 7 6 11 7 9 7 12 8 10 8 13 9 11 10 12 11 13
D7_392 14 28 0 3 0 4 0 8 0 13 1 4 1 5 1 7 1 9 2 5 2 6 2 8 2 10 3 6 3 9 3 11 4 10 4 12 5 11 5 13 6 7 6 12 7 10 7 11 8 11 8 12 9 12 9 13 10 13
D7_398 14 21 0 9 0 10 0 11 1 10 1 11 1 12 2 11 2 12 2 13 3 7 3 12 3 13 4 7 4 8 4 13 5 7 5 8 5 9 6 8 6 9 6 10
D7_399 14 21 0 9 0 10 0 12 1 10 1 11 1 13 2 7 2 11 2 12 3 8 3 12 3 13 4 7 4 9 4 13 5 7 5 8 5 10 6 8 6 9 6 11
D7_400 14 21 0 9 0 10 0 13 1 7 1 10 1 11 2 8 2 11 2 12 3 9 3 12 3 13 4 7 4 10 4 13 5 7 5 8 5 11 6 8 6 9 6 12
D7_401 14 28 0 2 0 5 0 9 0 10 1 3 1 6 1 10 1 11 2 4 2 11 2 12 3 5 3 12 3 13 4 6 4 7 4 13 5 7 5 8 6 8 6 9 7 9 7 12 8 10 8 13 9 11 10 12 11 13
D7_402 14 28 0 3 0 4 0 9 0 10 1 4 1 5 1 10 1 11 2 5 2 6 2 11 2 12 3 6 3 12 3 13 4 7 4 13 5 7 5 8 6 8 6 9 7 10 7 11 8 11 8 12 9 12 9 13 10 13
D7_405 14 21 0 9 0 11 0 12 1 10 1 12 1 13 2 7 2 11 2 13 3 7 3 8 3 12 4 8 4 9 4 13 5 7 5 9 5 10 6 8 6 10 6 11
D7_406 14 21 0 9 0 11 0 13 1 7 1 10 1 12 2 8 2 11 2 13 3 7 3 9 3 12 4 8 4 10 4 13 5 7 5 9 5 11 6 8 6 10 6 12
D7_407 14 28 0 1 0 6 0 9 0 11 1 2 1 10 1 12 2 3 2 11 2 13 3 4 3 7 3 12 4 5 4 8 4 13 5 6 5 7 5 9 6 8 6 10 7 8 7 13 8 9 9 10 10 11 11 12 12 13
D7_408 14 28 0 3 0 4 0 9 0 11 1 4 1 5 1 10 1 12 2 5 2 6 2 11 2 13 3 6 3 7 3 12 4 8 4 13 5 7 5 9 6 8 6 10 7 10 7 11 8 11 8 12 9 12 9 13 10 13
D7_411 14 21 0 9 0 12 0 13 1 7 1 10 1 13 2 7 2 8 2 11 3 8 3 9 3 12 4 9 4 10 4 13 5 7 5 10 5 11 6 8 6 11 6 12
D7_412 14 28 0 1 0 6 0 9 0 12 1 2 1 10 1 13 2 3 2 7 2 11 3 4 3 8 3 12 4 5 4 9 4 13 5 6 5 7 5 10 6 8 6 11 7 8 7 13 8 9 9 10 10 11 11 12 12 13
D7_416 14 28 0 1 0 6 0 9 0 13 1 2 1 7 1 10 2 3 2 8 2 11 3 4 3 9 3 12 4 5 4 10 4 13 5 6 5 7 5 11 6 8 6 12 7 8 7 13 8 9 9 10 10 11 11 12 12 13
D7_417 14 28 0 2 0 5 0 9 0 13 1 3 1 6 1 7 1 10 2 4 2 8 2 11 3 5 3 9 3 12 4 6 4 10 4 13 5 7 5 11 6 8 6 12 7 9 7 12 8 10 8 13 9 11 10 12 11 13
D7_423 14 21 0 10 0 11 0 12 1 11 1 12 1 13 2 7 2 12 2 13 3 7 3 8 3 13 4 7 4 8 4 9 5 8 5 9 5 10 6 9 6 10 6 11
D7_424 14 21 0 10 0 11 0 13 1 7 1 11 1 12 2 8 2 12 2 13 3 7 3 9 3 13 4 7 4 8 4 10 5 8 5 9 5 11 6 9 6 10 6 12
D7_425 14 28 0 2 0 5 0 10 0 11 1 3 1 6 1 11 1 12 2 4 2 12 2 13 3 5 3 7 3 13 4 6 4 7 4 8 5 8 5 9 6 9 6 10 7 9 7 12 8 10 8 13 9 11 10 12 11 13
D7_429 14 21 0 10 0 12 0 13 1 7 1 11 1 13 2 7 2 8 2 12 3 8 3 9 3 13 4 7 4 9 4 10 5 8 5 10 5 11 6 9 6 11 6 12
D7_430 14 28 0 1 0 6 0 10 0 12 1 2 1 11 1 13 2 3 2 7 2 12 3 4 3 8 3 13 4 5 4 7 4 9 5 6 5 8 5 10 6 9 6 11 7 8 7 13 8 9 9 10 10 11 11 12 12 13
D7_431 14 28 0 3 0 4 0 10 0 12 1 4 1 5 1 11 1 13 2 5 2 6 2 7 2 12 3 6 3 8 3 13 4 7 4 9 5 8 5 10 6 9 6 11 7 10 7 11 8 11 8 12 9 12 9 13 10 13
D7_434 14 28 0 1 0 6 0 10 0 13 1 2 1 7 1 11 2 3 2 8 2 12 3 4 3 9 3 13 4 5 4 7 4 10 5 6 5 8 5 11 6 9 6 12 7 8 7 13 8 9 9 10 10 11 11 12 12 13
D7_435 14 28 0 2 0 5 0 10 0 13 1 3 1 6 1 7 1 11 2 4 2 8 2 12 3 5 3 9 3 13 4 6 4 7 4 10 5 8 5 11 6 9 6 12 7 9 7 12 8 10 8 13 9 11 10 12 11 13
D7_441 14 21 0 11 0 12 0 13 1 7 1 12 1 13 2 7 2 8 2 13 3 7 3 8 3 9 4 8 4 9 4 10 5 9 5 10 5 11 6 10 6 11 6 12
D7_442 14 28 0 2 0 5 0 11 0 12 1 3 1 6 1 12 1 13 2 4 2 7 2 13 3 5 3 7 3 8 4 6 4 8 4 9 5 9 5 10 6 10 6 11 7 9 7 12 8 10 8 13 9 11 10 12 11 13
D7_443 14 28 0 3 0 4 0 11 0 12 1 4 1 5 1 12 1 13 2 5 2 6 2 7 2 13 3 6 3 7 3 8 4 8 4 9 5 9 5 10 6 10 6 11 7 10 7 11 8 11 8 12 9 12 9 13 10 13
D7_446 14 28 0 1 0 6 0 11 0 13 1 2 1 7 1 12 2 3 2 8 2 13 3 4 3 7 3 9 4 5 4 8 4 10 5 6 5 9 5 11 6 10 6 12 7 8 7 13 8 9 9 10 10 11 11 12 12 13
D7_447 14 28 0 3 0 4 0 11 0 13 1 4 1 5 1 7 1 12 2 5 2 6 2 8 2 13 3 6 3 7 3 9 4 8 4 10 5 9 5 11 6 10 6 12 7 10 7 11 8 11 8 12 9 12 9 13 10 13
D7_453 14 28 0 2 0 5 0 12 0 13 1 3 1 6 1 7 1 13 2 4 2 7 2 8 3 5 3 8 3 9 4 6 4 9 4 10 5 10 5 11 6 11 6 12 7 9 7 12 8 10 8 13 9 11 10 12 11 13
D7_454 14 28 0 3 0 4 0 12 0 13 1 4 1 5 1 7 1 13 2 5 2 6 2 7 2 8 3 6 3 8 3 9 4 9 4 10 5 10 5 11 6 11 6 12 7 10 7 11 8 11 8 12 9 12 9 13 10 13
D8_464 16 8 0 9 1 10 2 11 3 12 4 13 5 14 6 15 7 8
D8_465 16 8 0 10 1 11 2 12 3 13 4 14 5 15 6 8 7 9
D8_466 16 8 0 11 1 12 2 13 3 14 4 15 5 8 6 9 7 10
D8_467 16 8 0 12 1 13 2 14 3 15 4 8 5 9 6 10 7 11
D8_468 16 8 0 13 1 14 2 15 3 8 4 9 5 10 6 11 7 12
D8_469 16 8 0 14 1 15 2 8 3 9 4 10 5 11 6 12 7 13
D8_470 16 8 0 15 1 8 2 9 3 10 4 11 5 12 6 13 7 14
D8_471 16 16 0 1 0 7 1 2 2 3 3 4 4 5 5 6 6 7 8 9 8 15 9 10 10 11 11 12 12 13 13 14 14 15
D8_472 16 16 0 2 0 6 1 3 1 7 2 4 3 5 4 6 5 7 8 10 8 14 9 11 9 15 10 12 11 13 12 14 13 15
D8_473 16 16 0 3 0 5 1 4 1 6 2 5 2 7 3 6 4 7 8 11 8 13 9 12 9 14 10 13 10 15 11 14 12 15
D8_474 16 8 0 4 1 5 2 6 3 7 8 12 9 13 10 14 11 15
D8_478 16 16 0 8 0 9 1 9 1 10 2 10 2 11 3 11 3 12 4 12 4 13 5 13 5 14 6 14 6 15 7 8 7 15
D8_479 16 16 0 8 0 10 1 9 1 11 2 10 2 12 3 11 3 13 4 12 4 14 5 13 5 15 6 8 6 14 7 9 7 15
D8_480 16 16 0 8 0 11 1 9 1 12 2 10 2 13 3 11 3 14 4 12 4 15 5 8 5 13 6 9 6 14 7 10 7 15
D8_481 16 16 0 8 0 12 1 9 1 13 2 10 2 14 3 11 3 15 4 8 4 12 5 9 5 13 6 10 6 14 7 11 7 15
D8_482 16 16 0 8 0 13 1 9 1 14 2 10 2 15 3 8 3 11 4 9 4 12 5 10 5 13 6 11 6 14 7 12 7 15
D8_483 16 16 0 8 0 14 1 9 1 15 2 8 2 10 3 9 3 11 4 10 4 12 5 11 5 13 6 12 6 14 7 13 7 15
D8_484 16 16 0 8 0 15 1 8 1 9 2 9 2 10 3 10 3 11 4 11 4 12 5 12 5 13 6 13 6 14 7 14 7 15
D8_485 16 24 0 1 0 7 0 8 1 2 1 9 2 3 2 10 3 4 3 11 4 5 4 12 5 6 5 13 6 7 6 14 7 15 8 9 8 15 9 10 10 11 11 12 12 13 13 14 14 15
D8_486 16 24 0 2 0 6 0 8 1 3 1 7 1 9 2 4 2 10 3 5 3 11 4 6 4 12 5 7 5 13 6 14 7 15 8 10 8 14 9 11 9 15 10 12 11 13 12 14 13 15
D8_487 16 24 0 3 0 5 0 8 1 4 1 6 1 9 2 5 2 7 2 10 3 6 3 11 4 7 4 12 5 13 6 14 7 15 8 11 8 13 9 12 9 14 10 13 10 15 11 14 12 15
D8_488 16 16 0 4 0 8 1 5 1 9 2 6 2 10 3 7 3 11 4 12 5 13 6 14 7 15 8 12 9 13 10 14 11 15
D8_492 16 16 0 9 0 10 1 10 1 11 2 11 2 12 3 12 3 13 4 13 4 14 5 14 5 15 6 8 6 15 7 8 7 9
D8_493 16 16 0 9 0 11 1 10 1 12 2 11 2 13 3 12 3 14 4 13 4 15 5 8 5 14 6 9 6 15 7 8 7 10
D8_494 16 16 0 9 0 12 1 10 1 13 2 11 2 14 3 12 3 15 4 8 4 13 5 9 5 14 6 10 6 15 7 8 7 11
D8_495 16 16 0 9 0 13 1 10 1 14 2 11 2 15 3 8 3 12 4 9 4 13 5 10 5 14 6 11 6 15 7 8 7 12
D8_496 16 16 0 9 0 14 1 10 1 15 2 8 2 11 3 9 3 12 4 10 4 13 5 11 5 14 6 12 6 15 7 8 7 13
D8_497 16 16 0 9 0 15 1 8 1 10 2 9 2 11 3 10 3 12 4 11 4 13 5 12 5 14 6 13 6 15 7 8 7 14
D8_498 16 24 0 1 0 7 0 9 1 2 1 10 2 3 2 11 3 4 3 12 4 5 4 13 5 6 5 14 6 7 6 15 7 8 8 9 8 15 9 10 10 11 11 12 12 13 13 14 14 15
D8_499 16 24 0 2 0 6 0 9 1 3 1 7 1 10 2 4 2 11 3 5 3 12 4 6 4 13 5 7 5 14 6 15 7 8 8 10 8 14 9 11 9 15 10 12 11 13 12 14 13 15
D8_500 16 24 0 3 0 5 0 9 1 4 1 6 1 10 2 5 2 7 2 11 3 6 3 12 4 7 4 13 5 14 6 15 7 8 8 11 8 13 9 12 9 14 10 13 10 15 11 14 12 15
D8_501 16 16 0 4 0 9 1 5 1 10 2 6 2 11 3 7 3 12 4 13 5 14 6 15 7 8 8 12 9 13 10 14 11 15
D8_505 16 16 0 10 0 11 1 11 1 12 2 12 2 13 3 13 3 14 4 14 4 15 5 8 5 15 6 8 6 9 7 9 7 10
D8_506 16 16 0 10 0 12 1 11 1 13 2 12 2 14 3 13 3 15 4 8 4 14 5 9 5 15 6 8 6 10 7 9 7 11
D8_507 16 16 0 10 0 13 1 11 1 14 2 12 2 15 3 8 3 13 4 9 4 14 5 10 5 15 6 8 6 11 7 9 7 12
D8_508 16 16 0 10 0 14 1 11 1 15 2 8 2 12 3 9 3 13 4 10 4 14 5 11 5 15 6 8 6 12 7 9 7 13
D8_509 16 16 0 10 0 15 1 8 1 11 2 9 2 12 3 10 3 13 4 11 4 14 5 12 5 15 6 8 6 13 7 9 7 14
D8_510 16 24 0 1 0 7 0 10 1 2 1 11 2 3 2 12 3 4 3 13 4 5 4 14 5 6 5 15 6 7 6 8 7 9 8 9 8 15 9 10 10 11 11 12 12 13 13 14 14 15
D8_511 16 24 0 2 0 6 0 10 1 3 1 7 1 11 2 4 2 12 3 5 3 13 4 6 4 14 5 7 5 15 6 8 7 9 8 10 8 14 9 11 9 15 10 12 11 13 12 14 13 15
D8_512 16 24 0 3 0 5 0 10 1 4 1 6 1 11 2 5 2 7 2 12 3 6 3 13 4 7 4 14 5 15 6 8 7 9 8 11 8 13 9 12 9 14 10 13 10 15 11 14 12 15
D8_513 16 16 0 4 0 10 1 5 1 11 2 6 2 12 3 7 3 13 4 14 5 15 6 8 7 9 8 12 9 13 10 14 11 15
D8_517 16 16 0 11 0 12 1 12 1 13 2 13 2 14 3 14 3 15 4 8 4 15 5 8 5 9 6 9 6 10 7 10 7 11
D8_518 16 16 0 11 0 13 1 12 1 14 2 13 2 15 3 8 3 14 4 9 4 15 5 8 5 10 6 9 6 11 7 10 7 12
D8_519 16 16 0 11 0 14 1 12 1 15 2 8 2 13 3 9 3 14 4 10 4 15 5 8 5 11 6 9 6 12 7 10 7 13
D8_520 16 16 0 11 0 15 1 8 1 12 2 9 2 13 3 10 3 14 4 11 4 15 5 8 5 12 6 9 6 13 7 10 7 14
D8_521 16 24 0 1 0 7 0 11 1 2 1 12 2 3 2 13 3 4 3 14 4 5 4 15 5 6 5 8 6 7 6 9 7 10 8 9 8 15 9 10 10 11 11 12 12 13 13 14 14 15
D8_522 16 24 0 2 0 6 0 11 1 3 1 7 1 12 2 4 2 13 3 5 3 14 4 6 4 15 5 7 5 8 6 9 7 10 8 10 8 14 9 11 9 15 10 12 11 13 12 14 13 15
D8_523 16 24 0 3 0 5 0 11 1 4 1 6 1 12 2 5 2 7 2 13 3 6 3 14 4 7 4 15 5 8 6 9 7 10 8 11 8 13 9 12 9 14 10 13 10 15 11 14 12 15
D8_524 16 16 0 4 0 11 1 5 1 12 2 6 2 13 3 7 3 14 4 15 5 8 6 9 7 10 8 12 9 13 10 14 11 15
D8_528 16 16 0 12 0 13 1 13 1 14 2 14 2 15 3 8 3 15 4 8 4 9 5 9 5 10 6 10 6 11 7 11 7 12
D8_529 16 16 0 12 0 14 1 13 1 15 2 8 2 14 3 9 3 15 4 8 4 10 5 9 5 11 6 10 6 12 7 11 7 13
D8_530 16 16 0 12 0 15 1 8 1 13 2 9 2 14 3 10 3 15 4 8 4 11 5 9 5 12 6 10 6 13 7 11 7 14
D8_531 16 24 0 1 0 7 0 12 1 2 1 13 2 3 2 14 3 4 3 15 4 5 4 8 5 6 5 9 6 7 6 10 7 11 8 9 8 15 9 10 10 11 11 12 12 13 13 14 14 15
D8_532 16 24 0 2 0 6 0 12 1 3 1 7 1 13 2 4 2 14 3 5 3 15 4 6 4 8 5 7 5 9 6 10 7 11 8 10 8 14 9 11 9 15 10 12 11 13 12 14 13 15
D8_533 16 24 0 3 0 5 0 12 1 4 1 6 1 13 2 5 2 7 2 14 3 6 3 15 4 7 4 8 5 9 6 10 7 11 8 11 8 13 9 12 9 14 10 13 10 15 11 14 12 15
D8_538 16 16 0 13 0 14 1 14 1 15 2 8 2 15 3 8 3 9 4 9 4 10 5 10 5 11 6 11 6 12 7 12 7 13
D8_539 16 16 0 13 0 15 1 8 1 14 2 9 2 15 3 8 3 10 4 9 4 11 5 10 5 12 6 11 6 13 7 12 7 14
D8_540 16 24 0 1 0 7 0 13 1 2 1 14 2 3 2 15 3 4 3 8 4 5 4 9 5 6 5 10 6 7 6 11 7 12 8 9 8 15 9 10 10 11 11 12 12 13 13 14 14 15
D8_541 16 24 0 2 0 6 0 13 1 3 1 7 1 14 2 4 2 15 3 5 3 8 4 6 4 9 5 7 5 10 6 11 7 12 8 10 8 14 9 11 9 15 10 12 11 13 12 14 13 15
D8_542 16 24 0 3 0 5 0 13 1 4 1 6 1 14 2 5 2 7 2 15 3 6 3 8 4 7 4 9 5 10 6 11 7 12 8 11 8 13 9 12 9 14 10 13 10 15 11 14 12 15
D8_543 16 16 0 4 0 13 1 5 1 14 2 6 2 15 3 7 3 8 4 9 5 10 6 11 7 12 8 12 9 13 10 14 11 15
D8_547 16 16 0 14 0 15 1 8 1 15 2 8 2 9 3 9 3 10 4 10 4 11 5 11 5 12 6 12 6 13 7 13 7 14
D8_548 16 24 0 1 0 7 0 14 1 2 1 15 2 3 2 8 3 4 3 9 4 5 4 10 5 6 5 11 6 7 6 12 7 13 8 9 8 15 9 10 10 11 11 12 12 13 13 14 14 15
D8_549 16 24 0 2 0 6 0 14 1 3 1 7 1 15 2 4 2 8 3 5 3 9 4 6 4 10 5 7 5 11 6 12 7 13 8 10 8 14 9 11 9 15 10 12 11 13 12 14 13 15
D8_550 16 24 0 3 0 5 0 14 1 4 1 6 1 15 2 5 2 7 2 8 3 6 3 9 4 7 4 10 5 11 6 12 7 13 8 11 8 13 9 12 9 14 10 13 10 15 11 14 12 15
D8_551 16 16 0 4 0 14 1 5 1 15 2 6 2 8 3 7 3 9 4 10 5 11 6 12 7 13 8 12 9 13 10 14 11 15
D8_555 16 24 0 1 0 7 0 15 1 2 1 8 2 3 2 9 3 4 3 10 4 5 4 11 5 6 5 12 6 7 6 13 7 14 8 9 8 15 9 10 10 11 11 12 12 13 13 14 14 15
D8_556 16 24 0 2 0 6 0 15 1 3 1 7 1 8 2 4 2 9 3 5 3 10 4 6 4 11 5 7 5 12 6 13 7 14 8 10 8 14 9 11 9 15 10 12 11 13 12 14 13 15
D8_557 16 24 0 3 0 5 0 15 1 4 1 6 1 8 2 5 2 7 2 9 3 6 3 10 4 7 4 11 5 12 6 13 7 14 8 11 8 13 9 12 9 14 10 13 10 15 11 14 12 15
D8_558 16 16 0 4 0 15 1 5 1 8 2 6 2 9 3 7 3 10 4 11 5 12 6 13 7 14 8 12 9 13 10 14 11 15
D8_562 16 32 0 1 0 3 0 5 0 7 1 2 1 4 1 6 2 3 2 5 2 7 3 4 3 6 4 5 4 7 5 6 6 7 8 9 8 11 8 13 8 15 9 10 9 12 9 14 10 11 10 13 10 15 11 12 11 14 12 13 12 15 13 14 14 15
D8_563 16 24 0 1 0 4 0 7 1 2 1 5 2 3 2 6 3 4 3 7 4 5 5 6 6 7 8 9 8 12 8 15 9 10 9 13 10 11 10 14 11 12 11 15 12 13 13 14 14 15
D8_567 16 24 0 3 0 4 0 5 1 4 1 5 1 6 2 5 2 6 2 7 3 6 3 7 4 7 8 11 8 12 8 13 9 12 9 13 9 14 10 13 10 14 10 15 11 14 11 15 12 15
D8_573 16 24 0 8 0 9 0 10 1 9 1 10 1 11 2 10 2 11 2 12 3 11 3 12 3 13 4 12 4 13 4 14 5 13 5 14 5 15 6 8 6 14 6 15 7 8 7 9 7 15
D8_574 16 24 0 8 0 9 0 11 1 9 1 10 1 12 2 10 2 11 2 13 3 11 3 12 3 14 4 12 4 13 4 15 5 8 5 13 5 14 6 9 6 14 6 15 7 8 7 10 7 15
D8_575 16 24 0 8 0 9 0 12 1 9 1 10 1 13 2 10 2 11 2 14 3 11 3 12 3 15 4 8 4 12 4 13 5 9 5 13 5 14 6 10 6 14 6 15 7 8 7 11 7 15
D8_576 16 24 0 8 0 9 0 13 1 9 1 10 1 14 2 10 2 11 2 15 3 8 3 11 3 12 4 9 4 12 4 13 5 10 5 13 5 14 6 11 6 14 6 15 7 8 7 12 7 15
D8_577 16 24 0 8 0 9 0 14 1 9 1 10 1 15 2 8 2 10 2 11 3 9 3 11 3 12 4 10 4 12 4 13 5 11 5 13 5 14 6 12 6 14 6 15 7 8 7 13 7 15
D8_578 16 24 0 8 0 9 0 15 1 8 1 9 1 10 2 9 2 10 2 11 3 10 3 11 3 12 4 11 4 12 4 13 5 12 5 13 5 14 6 13 6 14 6 15 7 8 7 14 7 15
D8_579 16 32 0 2 0 6 0 8 0 9 1 3 1 7 1 9 1 10 2 4 2 10 2 11 3 5 3 11 3 12 4 6 4 12 4 13 5 7 5 13 5 14 6 14 6 15 7 8 7 15 8 10 8 14 9 11 9 15 10 12 11 13 12 14 13 15
D8_580 16 32 0 3 0 5 0 8 0 9 1 4 1 6 1 9 1 10 2 5 2 7 2 10 2 11 3 6 3 11 3 12 4 7 4 12 4 13 5 13 5 14 6 14 6 15 7 8 7 15 8 11 8 13 9 12 9 14 10 13 10 15 11 14 12 15
D8_581 16 24 0 4 0 8 0 9 1 5 1 9 1 10 2 6 2 10 2 11 3 7 3 11 3 12 4 12 4 13 5 13 5 14 6 14 6 15 7 8 7 15 8 12 9 13 10 14 11 15
D8_584 16 24 0 8 0 10 0 11 1 9 1 11 1 12 2 10 2 12 2 13 3 11 3 13 3 14 4 12 4 14 4 15 5 8 5 13 5 15 6 8 6 9 6 14 7 9 7 10 7 15
D8_585 16 24 0 8 0 10 0 12 1 9 1 11 1 13 2 10 2 12 2 14 3 11 3 13 3 15 4 8 4 12 4 14 5 9 5 13 5 15 6 8 6 10 6 14 7 9 7 11 7 15
D8_586 16 24 0 8 0 10 0 13 1 9 1 11 1 14 2 10 2 12 2 15 3 8 3 11 3 13 4 9 4 12 4 14 5 10 5 13 5 15 6 8 6 11 6 14 7 9 7 12 7 15
D8_587 16 24 0 8 0 10 0 14 1 9 1 11 1 15 2 8 2 10 2 12 3 9 3 11 3 13 4 10 4 12 4 14 5 11 5 13 5 15 6 8 6 12 6 14 7 9 7 13 7 15
D8_588 16 24 0 8 0 10 0 15 1 8 1 9 1 11 2 9 2 10 2 12 3 10 3 11 3 13 4 11 4 12 4 14 5 12 5 13 5 15 6 8 6 13 6 14 7 9 7 14 7 15
D8_589 16 32 0 1 0 7 0 8 0 10 1 2 1 9 1 11 2 3 2 10 2 12 3 4 3 11 3 13 4 5 4 12 4 14 5 6 5 13 5 15 6 7 6 8 6 14 7 9 7 15 8 9 8 15 9 10 10 11 11 12 12 13 13 14 14 15
D8_590 16 32 0 3 0 5 0 8 0 10 1 4 1 6 1 9 1 11 2 5 2 7 2 10 2 12 3 6 3 11 3 13 4 7 4 12 4 14 5 13 5 15 6 8 6 14 7 9 7 15 8 11 8 13 9 12 9 14 10 13 10 15 11 14 12 15
D8_591 16 24 0 4 0 8 0 10 1 5 1 9 1 11 2 6 2 10 2 12 3 7 3 11 3 13 4 12 4 14 5 13 5 15 6 8 6 14 7 9 7 15 8 12 9 13 10 14 11 15
D8_594 16 24 0 8 0 11 0 12 1 9 1 12 1 13 2 10 2 13 2 14 3 11 3 14 3 15 4 8 4 12 4 15 5 8 5 9 5 13 6 9 6 10 6 14 7 10 7 11 7 15
D8_595 16 24 0 8 0 11 0 13 1 9 1 12 1 14 2 10 2 13 2 15 3 8 3 11 3 14 4 9 4 12 4 15 5 8 5 10 5 13 6 9 6 11 6 14 7 10 7 12 7 15
D8_596 16 24 0 8 0 11 0 14 1 9 1 12 1 15 2 8 2 10 2 13 3 9 3 11 3 14 4 10 4 12 4 15 5 8 5 11 5 13 6 9 6 12 6 14 7 10 7 13 7 15
D8_597 16 24 0 8 0 11 0 15 1 8 1 9 1 12 2 9 2 10 2 13 3 10 3 11 3 14 4 11 4 12 4 15 5 8 5 12 5 13 6 9 6 13 6 14 7 10 7 14 7 15
D8_598 16 32 0 1 0 7 0 8 0 11 1 2 1 9 1 12 2 3 2 10 2 13 3 4 3 11 3 14 4 5 4 12 4 15 5 6 5 8 5 13 6 7 6 9 6 14 7 10 7 15 8 9 8 15 9 10 10 11 11 12 12 13 13 14 14 15
D8_599 16 32 0 2 0 6 0 8 0 11 1 3 1 7 1 9 1 12 2 4 2 10 2 13 3 5 3 11 3 14 4 6 4 12 4 15 5 7 5 8 5 13 6 9 6 14 7 10 7 15 8 10 8 14 9 11 9 15 10 12 11 13 12 14 13 15
D8_600 16 24 0 4 0 8 0 11 1 5 1 9 1 12 2 6 2 10 2 13 3 7 3 11 3 14 4 12 4 15 5 8 5 13 6 9 6 14 7 10 7 15 8 12 9 13 10 14 11 15
D8_603 16 24 0 8 0 12 0 13 1 9 1 13 1 14 2 10 2 14 2 15 3 8 3 11 3 15 4 8 4 9 4 12 5 9 5 10 5 13 6 10 6 11 6 14 7 11 7 12 7 15
D8_604 16 24 0 8 0 12 0 14 1 9 1 13 1 15 2 8 2 10 2 14 3 9 3 11 3 15 4 8 4 10 4 12 5 9 5 11 5 13 6 10 6 12 6 14 7 11 7 13 7 15
D8_605 16 24 0 8 0 12 0 15 1 8 1 9 1 13 2 9 2 10 2 14 3 10 3 11 3 15 4 8 4 11 4 12 5 9 5 12 5 13 6 10 6 13 6 14 7 11 7 14 7 15
D8_606 16 32 0 1 0 7 0 8 0 12 1 2 1 9 1 13 2 3 2 10 2 14 3 4 3 11 3 15 4 5 4 8 4 12 5 6 5 9 5 13 6 7 6 10 6 14 7 11 7 15 8 9 8 15 9 10 10 11 11 12 12 13 13 14 14 15
D8_607 16 32 0 2 0 6 0 8 0 12 1 3 1 7 1 9 1 13 2 4 2 10 2 14 3 5 3 11 3 15 4 6 4 8 4 12 5 7 5 9 5 13 6 10 6 14 7 11 7 15 8 10 8 14 9 11 9 15 10 12 11 13 12 14 13 15
D8_608 16 32 0 3 0 5 0 8 0 12 1 4 1 6 1 9 1 13 2 5 2 7 2 10 2 14 3 6 3 11 3 15 4 7 4 8 4 12 5 9 5 13 6 10 6 14 7 11 7 15 8 11 8 13 9 12 9 14 10 13 10 15 11 14 12 15
D8_612 16 24 0 8 0 13 0 14 1 9 1 14 1 15 2 8 2 10 2 15 3 8 3 9 3 11 4 9 4 10 4 12 5 10 5 11 5 13 6 11 6 12 6 14 7 12 7 13 7 15
D8_613 16 24 0 8 0 13 0 15 1 8 1 9 1 14 2 9 2 10 2 15 3 8 3 10 3 11 4 9 4 11 4 12 5 10 5 12 5 13 6 11 6 13 6 14 7 12 7 14 7 15
D8_614 16 32 0 1 0 7 0 8 0 13 1 2 1 9 1 14 2 3 2 10 2 15 3 4 3 8 3 11 4 5 4 9 4 12 5 6 5 10 5 13 6 7 6 11 6 14 7 12 7 15 8 9 8 15 9 10 10 11 11 12 12 13 13 14 14 15
D8_615 16 32 0 2 0 6 0 8 0 13 1 3 1 7 1 9 1 14 2 4 2 10 2 15 3 5 3 8 3 11 4 6 4 9 4 12 5 7 5 10 5 13 6 11 6 14 7 12 7 15 8 10 8 14 9 11 9 15 10 12 11 13 12 14 13 15
D8_616 16 24 0 4 0 8 0 13 1 5 1 9 1 14 2 6 2 10 2 15 3 7 3 8 3 11 4 9 4 12 5 10 5 13 6 11 6 14 7 12 7 15 8 12 9 13 10 14 11 15
D8_619 16 24 0 8 0 14 0 15 1 8 1 9 1 15 2 8 2 9 2 10 3 9 3 10 3 11 4 10 4 11 4 12 5 11 5 12 5 13 6 12 6 13 6 14 7 13 7 14 7 15
D8_620 16 32 0 1 0 7 0 8 0 14 1 2 1 9 1 15 2 3 2 8 2 10 3 4 3 9 3 11 4 5 4 10 4 12 5 6 5 11 5 13 6 7 6 12 6 14 7 13 7 15 8 9 8 15 9 10 10 11 11 12 12 13 13 14 14 15
D8_621 16 32 0 3 0 5 0 8 0 14 1 4 1 6 1 9 1 15 2 5 2 7 2 8 2 10 3 6 3 9 3 11 4 7 4 10 4 12 5 11 5 13 6 12 6 14 7 13 7 15 8 11 8 13 9 12 9 14 10 13 10 15 11 14 12 15
D8_622 16 24 0 4 0 8 0 14 1 5 1 9 1 15 2 6 2 8 2 10 3 7 3 9 3 11 4 10 4 12 5 11 5 13 6 12 6 14 7 13 7 15 8 12 9 13 10 14 11 15
D8_625 16 32 0 2 0 6 0 8 0 15 1 3 1 7 1 8 1 9 2 4 2 9 2 10 3 5 3 10 3 11 4 6 4 11 4 12 5 7 5 12 5 13 6 13 6 14 7 14 7 15 8 10 8 14 9 11 9 15 10 12 11 13 12 14 13 15
D8_626 16 32 0 3 0 5 0 8 0 15 1 4 1 6 1 8 1 9 2 5 2 7 2 9 2 10 3 6 3 10 3 11 4 7 4 11 4 12 5 12 5 13 6 13 6 14 7 14 7 15 8 11 8 13 9 12 9 14 10 13 10 15 11 14 12 15
D8_627 16 24 0 4 0 8 0 15 1 5 1 8 1 9 2 6 2 9 2 10 3 7 3 10 3 11 4 11 4 12 5 12 5 13 6 13 6 14 7 14 7 15 8 12 9 13 10 14 11 15
D8_630 16 40 0 1 0 3 0 5 0 7 0 8 1 2 1 4 1 6 1 9 2 3 2 5 2 7 2 10 3 4 3 6 3 11 4 5 4 7 4 12 5 6 5 13 6 7 6 14 7 15 8 9 8 11 8 13 8 15 9 10 9 12 9 14 10 11 10 13 10 15 11 12 11 14 12 13 12 15 13 14 14 15
D8_631 16 32 0 1 0 4 0 7 0 8 1 2 1 5 1 9 2 3 2 6 2 10 3 4 3 7 3 11 4 5 4 12 5 6 5 13 6 7 6 14 7 15 8 9 8 12 8 15 9 10 9 13 10 11 10 14 11 12 11 15 12 13 13 14 14 15
D8_635 16 32 0 3 0 4 0 5 0 8 1 4 1 5 1 6 1 9 2 5 2 6 2 7 2 10 3 6 3 7 3 11 4 7 4 12 5 13 6 14 7 15 8 11 8 12 8 13 9 12 9 13 9 14 10 13 10 14 10 15 11 14 11 15 12 15
D8_641 16 24 0 9 0 10 0 11 1 10 1 11 1 12 2 11 2 12 2 13 3 12 3 13 3 14 4 13 4 14 4 15 5 8 5 14 5 15 6 8 6 9 6 15 7 8 7 9 7 10
D8_642 16 24 0 9 0 10 0 12 1 10 1 11 1 13 2 11 2 12 2 14 3 12 3 13 3 15 4 8 4 13 4 14 5 9 5 14 5 15 6 8 6 10 6 15 7 8 7 9 7 11
D8_643 16 24 0 9 0 10 0 13 1 10 1 11 1 14 2 11 2 12 2 15 3 8 3 12 3 13 4 9 4 13 4 14 5 10 5 14 5 15 6 8 6 11 6 15 7 8 7 9 7 12
D8_644 16 24 0 9 0 10 0 14 1 10 1 11 1 15 2 8 2 11 2 12 3 9 3 12 3 13 4 10 4 13 4 14 5 11 5 14 5 15 6 8 6 12 6 15 7 8 7 9 7 13
D8_645 16 24 0 9 0 10 0 15 1 8 1 10 1 11 2 9 2 11 2 12 3 10 3 12 3 13 4 11 4 13 4 14 5 12 5 14 5 15 6 8 6 13 6 15 7 8 7 9 7 14
D8_646 16 32 0 2 0 6 0 9 0 10 1 3 1 7 1 10 1 11 2 4 2 11 2 12 3 5 3 12 3 13 4 6 4 13 4 14 5 7 5 14 5 15 6 8 6 15 7 8 7 9 8 10 8 14 9 11 9 15 10 12 11 13 12 14 13 15
D8_647 16 32 0 3 0 5 0 9 0 10 1 4 1 6 1 10 1 11 2 5 2 7 2 11 2 12 3 6 3 12 3 13 4 7 4 13 4 14 5 14 5 15 6 8 6 15 7 8 7 9 8 11 8 13 9 12 9 14 10 13 10 15 11 14 12 15
D8_648 16 24 0 4 0 9 0 10 1 5 1 10 1 11 2 6 2 11 2 12 3 7 3 12 3 13 4 13 4 14 5 14 5 15 6 8 6 15 7 8 7 9 8 12 9 13 10 14 11 15
D8_651 16 24 0 9 0 11 0 12 1 10 1 12 1 13 2 11 2 13 2 14 3 12 3 14 3 15 4 8 4 13 4 15 5 8 5 9 5 14 6 9 6 10 6 15 7 8 7 10 7 11
D8_652 16 24 0 9 0 11 0 13 1 10 1 12 1 14 2 11 2 13 2 15 3 8 3 12 3 14 4 9 4 13 4 15 5 8 5 10 5 14 6 9 6 11 6 15 7 8 7 10 7 12
D8_653 16 24 0 9 0 11 0 14 1 10 1 12 1 15 2 8 2 11 2 13 3 9 3 12 3 14 4 10 4 13 4 15 5 8 5 11 5 14 6 9 6 12 6 15 7 8 7 10 7 13
D8_654 16 24 0 9 0 11 0 15 1 8 1 10 1 12 2 9 2 11 2 13 3 10 3 12 3 14 4 11 4 13 4 15 5 8 5 12 5 14 6 9 6 13 6 15 7 8 7 10 7 14
D8_655 16 32 0 1 0 7 0 9 0 11 1 2 1 10 1 12 2 3 2 11 2 13 3 4 3 12 3 14 4 5 4 13 4 15 5 6 5 8 5 14 6 7 6 9 6 15 7 8 7 10 8 9 8 15 9 10 10 11 11 12 12 13 13 14 14 15
D8_656 16 32 0 3 0 5 0 9 0 11 1 4 1 6 1 10 1 12 2 5 2 7 2 11 2 13 3 6 3 12 3 14 4 7 4 13 4 15 5 8 5 14 6 9 6 15 7 8 7 10 8 11 8 13 9 12 9 14 10 13 10 15 11 14 12 15
D8_657 16 24 0 4 0 9 0 11 1 5 1 10 1 12 2 6 2 11 2 13 3 7 3 12 3 14 4 13 4 15 5 8 5 14 6 9 6 15 7 8 7 10 8 12 9 13 10 14 11 15
D8_660 16 24 0 9 0 12 0 13 1 10 1 13 1 14 2 11 2 14 2 15 3 8 3 12 3 15 4 8 4 9 4 13 5 9 5 10 5 14 6 10 6 11 6 15 7 8 7 11 7 12
D8_661 16 24 0 9 0 12 0 14 1 10 1 13 1 15 2 8 2 11 2 14 3 9 3 12 3 15 4 8 4 10 4 13 5 9 5 11 5 14 6 10 6 12 6 15 7 8 7 11 7 13
D8_662 16 24 0 9 0 12 0 15 1 8 1 10 1 13 2 9 2 11 2 14 3 10 3 12 3 15 4 8 4 11 4 13 5 9 5 12 5 14 6 10 6 13 6 15 7 8 7 11 7 14
D8_663 16 32 0 1 0 7 0 9 0 12 1 2 1 10 1 13 2 3 2 11 2 14 3 4 3 12 3 15 4 5 4 8 4 13 5 6 5 9 5 14 6 7 6 10 6 15 7 8 7 11 8 9 8 15 9 10 10 11 11 12 12 13 13 14 14 15
D8_664 16 32 0 2 0 6 0 9 0 12 1 3 1 7 1 10 1 13 2 4 2 11 2 14 3 5 3 12 3 15 4 6 4 8 4 13 5 7 5 9 5 14 6 10 6 15 7 8 7 11 8 10 8 14 9 11 9 15 10 12 11 13 12 14 13 15
D8_665 16 24 0 4 0 9 0 12 1 5 1 10 1 13 2 6 2 11 2 14 3 7 3 12 3 15 4 8 4 13 5 9 5 14 6 10 6 15 7 8 7 11 8 12 9 13 10 14 11 15
D8_668 16 24 0 9 0 13 0 14 1 10 1 14 1 15 2 8 2 11 2 15 3 8 3 9 3 12 4 9 4 10 4 13 5 10 5 11 5 14 6 11 6 12 6 15 7 8 7 12 7 13
D8_669 16 24 0 9 0 13 0 15 1 8 1 10 1 14 2 9 2 11 2 15 3 8 3 10 3 12 4 9 4 11 4 13 5 10 5 12 5 14 6 11 6 13 6 15 7 8 7 12 7 14
D8_670 16 32 0 1 0 7 0 9 0 13 1 2 1 10 1 14 2 3 2 11 2 15 3 4 3 8 3 12 4 5 4 9 4 13 5 6 5 10 5 14 6 7 6 11 6 15 7 8 7 12 8 9 8 15 9 10 10 11 11 12 12 13 13 14 14 15
D8_671 16 32 0 2 0 6 0 9 0 13 1 3 1 7 1 10 1 14 2 4 2 11 2 15 3 5 3 8 3 12 4 6 4 9 4 13 5 7 5 10 5 14 6 11 6 15 7 8 7 12 8 10 8 14 9 11 9 15 10 12 11 13 12 14 13 15
D8_672 16 32 0 3 0 5 0 9 0 13 1 4 1 6 1 10 1 14 2 5 2 7 2 11 2 15 3 6 3 8 3 12 4 7 4 9 4 13 5 10 5 14 6 11 6 15 7 8 7 12 8 11 8 13 9 12 9 14 10 13 10 15 11 14 12 15
D8_676 16 24 0 9 0 14 0 15 1 8 1 10 1 15 2 8 2 9 2 11 3 9 3 10 3 12 4 10 4 11 4 13 5 11 5 12 5 14 6 12 6 13 6 15 7 8 7 13 7 14
D8_677 16 32 0 1 0 7 0 9 0 14 1 2 1 10 1 15 2 3 2 8 2 11 3 4 3 9 3 12 4 5 4 10 4 13 5 6 5 11 5 14 6 7 6 12 6 15 7 8 7 13 8 9 8 15 9 10 10 11 11 12 12 13 13 14 14 15
D8_678 16 32 0 2 0 6 0 9 0 14 1 3 1 7 1 10 1 15 2 4 2 8 2 11 3 5 3 9 3 12 4 6 4 10 4 13 5 7 5 11 5 14 6 12 6 15 7 8 7 13 8 10 8 14 9 11 9 15 10 12 11 13 12 14 13 15
D8_679 16 24 0 4 0 9 0 14 1 5 1 10 1 15 2 6 2 8 2 11 3 7 3 9 3 12 4 10 4 13 5 11 5 14 6 12 6 15 7 8 7 13 8 12 9 13 10 14 11 15
D8_683 16 32 0 3 0 5 0 9 0 15 1 4 1 6 1 8 1 10 2 5 2 7 2 9 2 11 3 6 3 10 3 12 4 7 4 11 4 13 5 12 5 14 6 13 6 15 7 8 7 14 8 11 8 13 9 12 9 14 10 13 10 15 11 14 12 15
D8_684 16 24 0 4 0 9 0 15 1 5 1 8 1 10 2 6 2 9 2 11 3 7 3 10 3 12 4 11 4 13 5 12 5 14 6 13 6 15 7 8 7 14 8 12 9 13 10 14 11 15
D8_687 16 40 0 1 0 3 0 5 0 7 0 9 1 2 1 4 1 6 1 10 2 3 2 5 2 7 2 11 3 4 3 6 3 12 4 5 4 7 4 13 5 6 5 14 6 7 6 15 7 8 8 9 8 11 8 13 8 15 9 10 9 12 9 14 10 11 10 13 10 15 11 12 11 14 12 13 12 15 13 14 14 15
D8_688 16 32 0 1 0 4 0 7 0 9 1 2 1 5 1 10 2 3 2 6 2 11 3 4 3 7 3 12 4 5 4 13 5 6 5 14 6 7 6 15 7 8 8 9 8 12 8 15 9 10 9 13 10 11 10 14 11 12 11 15 12 13 13 14 14 15
D8_692 16 32 0 3 0 4 0 5 0 9 1 4 1 5 1 6 1 10 2 5 2 6 2 7 2 11 3 6 3 7 3 12 4 7 4 13 5 14 6 15 7 8 8 11 8 12 8 13 9 12 9 13 9 14 10 13 10 14 10 15 11 14 11 15 12 15
D8_698 16 24 0 10 0 11 0 12 1 11 1 12 1 13 2 12 2 13 2 14 3 13 3 14 3 15 4 8 4 14 4 15 5 8 5 9 5 15 6 8 6 9 6 10 7 9 7 10 7 11
D8_699 16 24 0 10 0 11 0 13 1 11 1 12 1 14 2 12 2 13 2 15 3 8 3 13 3 14 4 9 4 14 4 15 5 8 5 10 5 15 6 8 6 9 6 11 7 9 7 10 7 12
D8_700 16 24 0 10 0 11 0 14 1 11 1 12 1 15 2 8 2 12 2 13 3 9 3 13 3 14 4 10 4 14 4 15 5 8 5 11 5 15 6 8 6 9 6 12 7 9 7 10 7 13
D8_701 16 24 0 10 0 11 0 15 1 8 1 11 1 12 2 9 2 12 2 13 3 10 3 13 3 14 4 11 4 14 4 15 5 8 5 12 5 15 6 8 6 9 6 13 7 9 7 10 7 14
D8_702 16 32 0 2 0 6 0 10 0 11 1 3 1 7 1 11 1 12 2 4 2 12 2 13 3 5 3 13 3 14 4 6 4 14 4 15 5 7 5 8 5 15 6 8 6 9 7 9 7 10 8 10 8 14 9 11 9 15 10 12 11 13 12 14 13 15
D8_703 16 32 0 3 0 5 0 10 0 11 1 4 1 6 1 11 1 12 2 5 2 7 2 12 2 13 3 6 3 13 3 14 4 7 4 14 4 15 5 8 5 15 6 8 6 9 7 9 7 10 8 11 8 13 9 12 9 14 10 13 10 15 11 14 12 15
D8_704 16 24 0 4 0 10 0 11 1 5 1 11 1 12 2 6 2 12 2 13 3 7 3 13 3 14 4 14 4 15 5 8 5 15 6 8 6 9 7 9 7 10 8 12 9 13 10 14 11 15
D8_707 16 24 0 10 0 12 0 13 1 11 1 13 1 14 2 12 2 14 2 15 3 8 3 13 3 15 4 8 4 9 4 14 5 9 5 10 5 15 6 8 6 10 6 11 7 9 7 11 7 12
D8_708 16 24 0 10 0 12 0 14 1 11 1 13 1 15 2 8 2 12 2 14 3 9 3 13 3 15 4 8 4 10 4 14 5 9 5 11 5 15 6 8 6 10 6 12 7 9 7 11 7 13
D8_709 16 24 0 10 0 12 0 15 1 8 1 11 1 13 2 9 2 12 2 14 3 10 3 13 3 15 4 8 4 11 4 14 5 9 5 12 5 15 6 8 6 10 6 13 7 9 7 11 7 14
D8_710 16 32 0 1 0 7 0 10 0 12 1 2 1 11 1 13 2 3 2 12 2 14 3 4 3 13 3 15 4 5 4 8 4 14 5 6 5 9 5 15 6 7 6 8 6 10 7 9 7 11 8 9 8 15 9 10 10 11 11 12 12 13 13 14 14 15
D8_711 16 32 0 3 0 5 0 10 0 12 1 4 1 6 1 11 1 13 2 5 2 7 2 12 2 14 3 6 3 13 3 15 4 7 4 8 4 14 5 9 5 15 6 8 6 10 7 9 7 11 8 11 8 13 9 12 9 14 10 13 10 15 11 14 12 15
D8_712 16 24 0 4 0 10 0 12 1 5 1 11 1 13 2 6 2 12 2 14 3 7 3 13 3 15 4 8 4 14 5 9 5 15 6 8 6 10 7 9 7 11 8 12 9 13 10 14 11 15
D8_715 16 24 0 10 0 13 0 14 1 11 1 14 1 15 2 8 2 12 2 15 3 8 3 9 3 13 4 9 4 10 4 14 5 10 5 11 5 15 6 8 6 11 6 12 7 9 7 12 7 13
D8_716 16 24 0 10 0 13 0 15 1 8 1 11 1 14 2 9 2 12 2 15 3 8 3 10 3 13 4 9 4 11 4 14 5 10 5 12 5 15 6 8 6 11 6 13 7 9 7 12 7 14
D8_717 16 32 0 1 0 7 0 10 0 13 1 2 1 11 1 14 2 3 2 12 2 15 3 4 3 8 3 13 4 5 4 9 4 14 5 6 5 10 5 15 6 7 6 8 6 11 7 9 7 12 8 9 8 15 9 10 10 11 11 12 12 13 13 14 14 15
D8_718 16 32 0 2 0 6 0 10 0 13 1 3 1 7 1 11 1 14 2 4 2 12 2 15 3 5 3 8 3 13 4 6 4 9 4 14 5 7 5 10 5 15 6 8 6 11 7 9 7 12 8 10 8 14 9 11 9 15 10 12 11 13 12 14 13 15
D8_719 16 24 0 4 0 10 0 13 1 5 1 11 1 14 2 6 2 12 2 15 3 7 3 8 3 13 4 9 4 14 5 10 5 15 6 8 6 11 7 9 7 12 8 12 9 13 10 14 11 15
D8_722 16 24 0 10 0 14 0 15 1 8 1 11 1 15 2 8 2 9 2 12 3 9 3 10 3 13 4 10 4 11 4 14 5 11 5 12 5 15 6 8 6 12 6 13 7 9 7 13 7 14
D8_723 16 32 0 1 0 7 0 10 0 14 1 2 1 11 1 15 2 3 2 8 2 12 3 4 3 9 3 13 4 5 4 10 4 14 5 6 5 11 5 15 6 7 6 8 6 12 7 9 7 13 8 9 8 15 9 10 10 11 11 12 12 13 13 14 14 15
D8_725 16 32 0 3 0 5 0 10 0 14 1 4 1 6 1 11 1 15 2 5 2 7 2 8 2 12 3 6 3 9 3 13 4 7 4 10 4 14 5 11 5 15 6 8 6 12 7 9 7 13 8 11 8 13 9 12 9 14 10 13 10 15 11 14 12 15
D8_729 16 32 0 1 0 7 0 10 0 15 1 2 1 8 1 11 2 3 2 9 2 12 3 4 3 10 3 13 4 5 4 11 4 14 5 6 5 12 5 15 6 7 6 8 6 13 7 9 7 14 8 9 8 15 9 10 10 11 11 12 12 13 13 14 14 15
D8_730 16 32 0 2 0 6 0 10 0 15 1 3 1 7 1 8 1 11 2 4 2 9 2 12 3 5 3 10 3 13 4 6 4 11 4 14 5 7 5 12 5 15 6 8 6 13 7 9 7 14 8 10 8 14 9 11 9 15 10 12 11 13 12 14 13 15
D8_731 16 24 0 4 0 10 0 15 1 5 1 8 1 11 2 6 2 9 2 12 3 7 3 10 3 13 4 11 4 14 5 12 5 15 6 8 6 13 7 9 7 14 8 12 9 13 10 14 11 15
D8_734 16 40 0 1 0 3 0 5 0 7 0 10 1 2 1 4 1 6 1 11 2 3 2 5 2 7 2 12 3 4 3 6 3 13 4 5 4 7 4 14 5 6 5 15 6 7 6 8 7 9 8 9 8 11 8 13 8 15 9 10 9 12 9 14 10 11 10 13 10 15 11 12 11 14 12 13 12 15 13 14 14 15
D8_735 16 32 0 1 0 4 0 7 0 10 1 2 1 5 1 11 2 3 2 6 2 12 3 4 3 7 3 13 4 5 4 14 5 6 5 15 6 7 6 8 7 9 8 9 8 12 8 15 9 10 9 13 10 11 10 14 11 12 11 15 12 13 13 14 14 15
D8_739 16 32 0 3 0 4 0 5 0 10 1 4 1 5 1 6 1 11 2 5 2 6 2 7 2 12 3 6 3 7 3 13 4 7 4 14 5 15 6 8 7 9 8 11 8 12 8 13 9 12 9 13 9 14 10 13 10 14 10 15 11 14 11 15 12 15
D8_745 16 24 0 11 0 12 0 13 1 12 1 13 1 14 2 13 2 14 2 15 3 8 3 14 3 15 4 8 4 9 4 15 5 8 5 9 5 10 6 9 6 10 6 11 7 10 7 11 7 12
D8_746 16 24 0 11 0 12 0 14 1 12 1 13 1 15 2 8 2 13 2 14 3 9 3 14 3 15 4 8 4 10 4 15 5 8 5 9 5 11 6 9 6 10 6 12 7 10 7 11 7 13
D8_747 16 24 0 11 0 12 0 15 1 8 1 12 1 13 2 9 2 13 2 14 3 10 3 14 3 15 4 8 4 11 4 15 5 8 5 9 5 12 6 9 6 10 6 13 7 10 7 11 7 14
D8_748 16 32 0 2 0 6 0 11 0 12 1 3 1 7 1 12 1 13 2 4 2 13 2 14 3 5 3 14 3 15 4 6 4 8 4 15 5 7 5 8 5 9 6 9 6 10 7 10 7 11 8 10 8 14 9 11 9 15 10 12 11 13 12 14 13 15
D8_749 16 32 0 3 0 5 0 11 0 12 1 4 1 6 1 12 1 13 2 5 2 7 2 13 2 14 3 6 3 14 3 15 4 7 4 8 4 15 5 8 5 9 6 9 6 10 7 10 7 11 8 11 8 13 9 12 9 14 10 13 10 15 11 14 12 15
D8_750 16 24 0 4 0 11 0 12 1 5 1 12 1 13 2 6 2 13 2 14 3 7 3 14 3 15 4 8 4 15 5 8 5 9 6 9 6 10 7 10 7 11 8 12 9 13 10 14 11 15
D8_753 16 24 0 11 0 13 0 14 1 12 1 14 1 15 2 8 2 13 2 15 3 8 3 9 3 14 4 9 4 10 4 15 5 8 5 10 5 11 6 9 6 11 6 12 7 10 7 12 7 13
D8_754 16 24 0 11 0 13 0 15 1 8 1 12 1 14 2 9 2 13 2 15 3 8 3 10 3 14 4 9 4 11 4 15 5 8 5 10 5 12 6 9 6 11 6 13 7 10 7 12 7 14
D8_755 16 32 0 1 0 7 0 11 0 13 1 2 1 12 1 14 2 3 2 13 2 15 3 4 3 8 3 14 4 5 4 9 4 15 5 6 5 8 5 10 6 7 6 9 6 11 7 10 7 12 8 9 8 15 9 10 10 11 11 12 12 13 13 14 14 15
D8_757 16 24 0 4 0 11 0 13 1 5 1 12 1 14 2 6 2 13 2 15 3 7 3 8 3 14 4 9 4 15 5 8 5 10 6 9 6 11 7 10 7 12 8 12 9 13 10 14 11 15
D8_760 16 24 0 11 0 14 0 15 1 8 1 12 1 15 2 8 2 9 2 13 3 9 3 10 3 14 4 10 4 11 4 15 5 8 5 11 5 12 6 9 6 12 6 13 7 10 7 13 7 14
D8_761 16 32 0 1 0 7 0 11 0 14 1 2 1 12 1 15 2 3 2 8 2 13 3 4 3 9 3 14 4 5 4 10 4 15 5 6 5 8 5 11 6 7 6 9 6 12 7 10 7 13 8 9 8 15 9 10 10 11 11 12 12 13 13 14 14 15
D8_762 16 32 0 2 0 6 0 11 0 14 1 3 1 7 1 12 1 15 2 4 2 8 2 13 3 5 3 9 3 14 4 6 4 10 4 15 5 7 5 8 5 11 6 9 6 12 7 10 7 13 8 10 8 14 9 11 9 15 10 12 11 13 12 14 13 15
D8_763 16 24 0 4 0 11 0 14 1 5 1 12 1 15 2 6 2 8 2 13 3 7 3 9 3 14 4 10 4 15 5 8 5 11 6 9 6 12 7 10 7 13 8 12 9 13 10 14 11 15
D8_766 16 32 0 1 0 7 0 11 0 15 1 2 1 8 1 12 2 3 2 9 2 13 3 4 3 10 3 14 4 5 4 11 4 15 5 6 5 8 5 12 6 7 6 9 6 13 7 10 7 14 8 9 8 15 9 10 10 11 11 12 12 13 13 14 14 15
D8_767 16 32 0 2 0 6 0 11 0 15 1 3 1 7 1 8 1 12 2 4 2 9 2 13 3 5 3 10 3 14 4 6 4 11 4 15 5 7 5 8 5 12 6 9 6 13 7 10 7 14 8 10 8 14 9 11 9 15 10 12 11 13 12 14 13 15
D8_768 16 32 0 3 0 5 0 11 0 15 1 4 1 6 1 8 1 12 2 5 2 7 2 9 2 13 3 6 3 10 3 14 4 7 4 11 4 15 5 8 5 12 6 9 6 13 7 10 7 14 8 11 8 13 9 12 9 14 10 13 10 15 11 14 12 15
D8_772 16 40 0 1 0 3 0 5 0 7 0 11 1 2 1 4 1 6 1 12 2 3 2 5 2 7 2 13 3 4 3 6 3 14 4 5 4 7 4 15 5 6 5 8 6 7 6 9 7 10 8 9 8 11 8 13 8 15 9 10 9 12 9 14 10 11 10 13 10 15 11 12 11 14 12 13 12 15 13 14 14 15
D8_773 16 32 0 1 0 4 0 7 0 11 1 2 1 5 1 12 2 3 2 6 2 13 3 4 3 7 3 14 4 5 4 15 5 6 5 8 6 7 6 9 7 10 8 9 8 12 8 15 9 10 9 13 10 11 10 14 11 12 11 15 12 13 13 14 14 15
D8_777 16 32 0 3 0 4 0 5 0 11 1 4 1 5 1 6 1 12 2 5 2 6 2 7 2 13 3 6 3 7 3 14 4 7 4 15 5 8 6 9 7 10 8 11 8 12 8 13 9 12 9 13 9 14 10 13 10 14 10 15 11 14 11 15 12 15
D8_783 16 24 0 12 0 13 0 14 1 13 1 14 1 15 2 8 2 14 2 15 3 8 3 9 3 15 4 8 4 9 4 10 5 9 5 10 5 11 6 10 6 11 6 12 7 11 7 12 7 13
D8_784 16 24 0 12 0 13 0 15 1 8 1 13 1 14 2 9 2 14 2 15 3 8 3 10 3 15 4 8 4 9 4 11 5 9 5 10 5 12 6 10 6 11 6 13 7 11 7 12 7 14
D8_785 16 32 0 2 0 6 0 12 0 13 1 3 1 7 1 13 1 14 2 4 2 14 2 15 3 5 3 8 3 15 4 6 4 8 4 9 5 7 5 9 5 10 6 10 6 11 7 11 7 12 8 10 8 14 9 11 9 15 10 12 11 13 12 14 13 15
D8_786 16 32 0 3 0 5 0 12 0 13 1 4 1 6 1 13 1 14 2 5 2 7 2 14 2 15 3 6 3 8 3 15 4 7 4 8 4 9 5 9 5 10 6 10 6 11 7 11 7 12 8 11 8 13 9 12 9 14 10 13 10 15 11 14 12 15
D8_787 16 24 0 4 0 12 0 13 1 5 1 13 1 14 2 6 2 14 2 15 3 7 3 8 3 15 4 8 4 9 5 9 5 10 6 10 6 11 7 11 7 12 8 12 9 13 10 14 11 15
D8_790 16 24 0 12 0 14 0 15 1 8 1 13 1 15 2 8 2 9 2 14 3 9 3 10 3 15 4 8 4 10 4 11 5 9 5 11 5 12 6 10 6 12 6 13 7 11 7 13 7 14
D8_791 16 32 0 1 0 7 0 12 0 14 1 2 1 13 1 15 2 3 2 8 2 14 3 4 3 9 3 15 4 5 4 8 4 10 5 6 5 9 5 11 6 7 6 10 6 12 7 11 7 13 8 9 8 15 9 10 10 11 11 12 12 13 13 14 14 15
D8_792 16 32 0 3 0 5 0 12 0 14 1 4 1 6 1 13 1 15 2 5 2 7 2 8 2 14 3 6 3 9 3 15 4 7 4 8 4 10 5 9 5 11 6 10 6 12 7 11 7 13 8 11 8 13 9 12 9 14 10 13 10 15 11 14 12 15
D8_793 16 24 0 4 0 12 0 14 1 5 1 13 1 15 2 6 2 8 2 14 3 7 3 9 3 15 4 8 4 10 5 9 5 11 6 10 6 12 7 11 7 13 8 12 9 13 10 14 11 15
D8_796 16 32 0 1 0 7 0 12 0 15 1 2 1 8 1 13 2 3 2 9 2 14 3 4 3 10 3 15 4 5 4 8 4 11 5 6 5 9 5 12 6 7 6 10 6 13 7 11 7 14 8 9 8 15 9 10 10 11 11 12 12 13 13 14 14 15
D8_797 16 32 0 2 0 6 0 12 0 15 1 3 1 7 1 8 1 13 2 4 2 9 2 14 3 5 3 10 3 15 4 6 4 8 4 11 5 7 5 9 5 12 6 10 6 13 7 11 7 14 8 10 8 14 9 11 9 15 10 12 11 13 12 14 13 15
D8_798 16 24 0 4 0 12 0 15 1 5 1 8 1 13 2 6 2 9 2 14 3 7 3 10 3 15 4 8 4 11 5 9 5 12 6 10 6 13 7 11 7 14 8 12 9 13 10 14 11 15
D8_801 16 40 0 1 0 3 0 5 0 7 0 12 1 2 1 4 1 6 1 13 2 3 2 5 2 7 2 14 3 4 3 6 3 15 4 5 4 7 4 8 5 6 5 9 6 7 6 10 7 11 8 9 8 11 8 13 8 15 9 10 9 12 9 14 10 11 10 13 10 15 11 12 11 14 12 13 12 15 13 14 14 15
D8_802 16 32 0 1 0 4 0 7 0 12 1 2 1 5 1 13 2 3 2 6 2 14 3 4 3 7 3 15 4 5 4 8 5 6 5 9 6 7 6 10 7 11 8 9 8 12 8 15 9 10 9 13 10 11 10 14 11 12 11 15 12 13 13 14 14 15
D8_806 16 32 0 3 0 4 0 5 0 12 1 4 1 5 1 6 1 13 2 5 2 6 2 7 2 14 3 6 3 7 3 15 4 7 4 8 5 9 6 10 7 11 8 11 8 12 8 13 9 12 9 13 9 14 10 13 10 14 10 15 11 14 11 15 12 15
D8_812 16 24 0 13 0 14 0 15 1 8 1 14 1 15 2 8 2 9 2 15 3 8 3 9 3 10 4 9 4 10 4 11 5 10 5 11 5 12 6 11 6 12 6 13 7 12 7 13 7 14
D8_813 16 32 0 2 0 6 0 13 0 14 1 3 1 7 1 14 1 15 2 4 2 8 2 15 3 5 3 8 3 9 4 6 4 9 4 10 5 7 5 10 5 11 6 11 6 12 7 12 7 13 8 10 8 14 9 11 9 15 10 12 11 13 12 14 13 15
D8_814 16 32 0 3 0 5 0 13 0 14 1 4 1 6 1 14 1 15 2 5 2 7 2 8 2 15 3 6 3 8 3 9 4 7 4 9 4 10 5 10 5 11 6 11 6 12 7 12 7 13 8 11 8 13 9 12 9 14 10 13 10 15 11 14 12 15
D8_815 16 24 0 4 0 13 0 14 1 5 1 14 1 15 2 6 2 8 2 15 3 7 3 8 3 9 4 9 4 10 5 10 5 11 6 11 6 12 7 12 7 13 8 12 9 13 10 14 11 15
D8_818 16 32 0 1 0 7 0 13 0 15 1 2 1 8 1 14 2 3 2 9 2 15 3 4 3 8 3 10 4 5 4 9 4 11 5 6 5 10 5 12 6 7 6 11 6 13 7 12 7 14 8 9 8 15 9 10 10 11 11 12 12 13 13 14 14 15
D8_819 16 32 0 3 0 5 0 13 0 15 1 4 1 6 1 8 1 14 2 5 2 7 2 9 2 15 3 6 3 8 3 10 4 7 4 9 4 11 5 10 5 12 6 11 6 13 7 12 7 14 8 11 8 13 9 12 9 14 10 13 10 15 11 14 12 15
D8_820 16 24 0 4 0 13 0 15 1 5 1 8 1 14 2 6 2 9 2 15 3 7 3 8 3 10 4 9 4 11 5 10 5 12 6 11 6 13 7 12 7 14 8 12 9 13 10 14 11 15
D8_823 16 40 0 1 0 3 0 5 0 7 0 13 1 2 1 4 1 6 1 14 2 3 2 5 2 7 2 15 3 4 3 6 3 8 4 5 4 7 4 9 5 6 5 10 6 7 6 11 7 12 8 9 8 11 8 13 8 15 9 10 9 12 9 14 10 11 10 13 10 15 11 12 11 14 12 13 12 15 13 14 14 15
D8_824 16 32 0 1 0 4 0 7 0 13 1 2 1 5 1 14 2 3 2 6 2 15 3 4 3 7 3 8 4 5 4 9 5 6 5 10 6 7 6 11 7 12 8 9 8 12 8 15 9 10 9 13 10 11 10 14 11 12 11 15 12 13 13 14 14 15
D8_828 16 32 0 3 0 4 0 5 0 13 1 4 1 5 1 6 1 14 2 5 2 6 2 7 2 15 3 6 3 7 3 8 4 7 4 9 5 10 6 11 7 12 8 11 8 12 8 13 9 12 9 13 9 14 10 13 10 14 10 15 11 14 11 15 12 15
D8_834 16 32 0 2 0 6 0 14 0 15 1 3 1 7 1 8 1 15 2 4 2 8 2 9 3 5 3 9 3 10 4 6 4 10 4 11 5 7 5 11 5 12 6 12 6 13 7 13 7 14 8 10 8 14 9 11 9 15 10 12 11 13 12 14 13 15
D8_835 16 32 0 3 0 5 0 14 0 15 1 4 1 6 1 8 1 15 2 5 2 7 2 8 2 9 3 6 3 9 3 10 4 7 4 10 4 11 5 11 5 12 6 12 6 13 7 13 7 14 8 11 8 13 9 12 9 14 10 13 10 15 11 14 12 15
D8_836 16 24 0 4 0 14 0 15 1 5 1 8 1 15 2 6 2 8 2 9 3 7 3 9 3 10 4 10 4 11 5 11 5 12 6 12 6 13 7 13 7 14 8 12 9 13 10 14 11 15
D8_839 16 40 0 1 0 3 0 5 0 7 0 14 1 2 1 4 1 6 1 15 2 3 2 5 2 7 2 8 3 4 3 6 3 9 4 5 4 7 4 10 5 6 5 11 6 7 6 12 7 13 8 9 8 11 8 13 8 15 9 10 9 12 9 14 10 11 10 13 10 15 11 12 11 14 12 13 12 15 13 14 14 15
D8_840 16 32 0 1 0 4 0 7 0 14 1 2 1 5 1 15 2 3 2 6 2 8 3 4 3 7 3 9 4 5 4 10 5 6 5 11 6 7 6 12 7 13 8 9 8 12 8 15 9 10 9 13 10 11 10 14 11 12 11 15 12 13 13 14 14 15
D8_844 16 32 0 3 0 4 0 5 0 14 1 4 1 5 1 6 1 15 2 5 2 6 2 7 2 8 3 6 3 7 3 9 4 7 4 10 5 11 6 12 7 13 8 11 8 12 8 13 9 12 9 13 9 14 10 13 10 14 10 15 11 14 11 15 12 15
D8_850 16 40 0 1 0 3 0 5 0 7 0 15 1 2 1 4 1 6 1 8 2 3 2 5 2 7 2 9 3 4 3 6 3 10 4 5 4 7 4 11 5 6 5 12 6 7 6 13 7 14 8 9 8 11 8 13 8 15 9 10 9 12 9 14 10 11 10 13 10 15 11 12 11 14 12 13 12 15 13 14 14 15
D8_851 16 32 0 1 0 4 0 7 0 15 1 2 1 5 1 8 2 3 2 6 2 9 3 4 3 7 3 10 4 5 4 11 5 6 5 12 6 7 6 13 7 14 8 9 8 12 8 15 9 10 9 13 10 11 10 14 11 12 11 15 12 13 13 14 14 15
D8_855 16 32 0 3 0 4 0 5 0 15 1 4 1 5 1 6 1 8 2 5 2 6 2 7 2 9 3 6 3 7 3 10 4 7 4 11 5 12 6 13 7 14 8 11 8 12 8 13 9 12 9 13 9 14 10 13 10 14 10 15 11 14 11 15 12 15
D9_868 18 9 0 10 1 11 2 12 3 13 4 14 5 15 6 16 7 17 8 9
D9_869 18 9 0 11 1 12 2 13 3 14 4 15 5 16 6 17 7 9 8 10
D9_870 18 9 0 12 1 13 2 14 3 15 4 16 5 17 6 9 7 10 8 11
D9_871 18 9 0 13 1 14 2 15 3 16 4 17 5 9 6 10 7 11 8 12
D9_872 18 9 0 14 1 15 2 16 3 17 4 9 5 10 6 11 7 12 8 13
D9_873 18 9 0 15 1 16 2 17 3 9 4 10 5 11 6 12 7 13 8 14
D9_874 18 9 0 16 1 17 2 9 3 10 4 11 5 12 6 13 7 14 8 15
D9_875 18 9 0 17 1 9 2 10 3 11 4 12 5 13 6 14 7 15 8 16
D9_876 18 18 0 1 0 8 1 2 2 3 3 4 4 5 5 6 6 7 7 8 9 10 9 17 10 11 11 12 12 13 13 14 14 15 15 16 16 17
D9_877 18 18 0 2 0 7 1 3 1 8 2 4 3 5 4 6 5 7 6 8 9 11 9 16 10 12 10 17 11 13 12 14 13 15 14 16 15 17
D9_878 18 18 0 4 0 5 1 5 1 6 2 6 2 7 3 7 3 8 4 8 9 13 9 14 10 14 10 15 11 15 11 16 12 16 12 17 13 17
D9_882 18 18 0 9 0 10 1 10 1 11 2 11 2 12 3 12 3 13 4 13 4 14 5 14 5 15 6 15 6 16 7 16 7 17 8 9 8 17
D9_883 18 18 0 9 0 11 1 10 1 12 2 11 2 13 3 12 3 14 4 13 4 15 5 14 5 16 6 15 6 17 7 9 7 16 8 10 8 17
D9_884 18 18 0 9 0 12 1 10 1 13 2 11 2 14 3 12 3 15 4 13 4 16 5 14 5 17 6 9 6 15 7 10 7 16 8 11 8 17
D9_885 18 18 0 9 0 13 1 10 1 14 2 11 2 15 3 12 3 16 4 13 4 17 5 9 5 14 6 10 6 15 7 11 7 16 8 12 8 17
D9_886 18 18 0 9 0 14 1 10 1 15 2 11 2 16 3 12 3 17 4 9 4 13 5 10 5 14 6 11 6 15 7 12 7 16 8 13 8 17
D9_887 18 18 0 9 0 15 1 10 1 16 2 11 2 17 3 9 3 12 4 10 4 13 5 11 5 14 6 12 6 15 7 13 7 16 8 14 8 17
D9_888 18 18 0 9 0 16 1 10 1 17 2 9 2 11 3 10 3 12 4 11 4 13 5 12 5 14 6 13 6 15 7 14 7 16 8 15 8 17
D9_889 18 18 0 9 0 17 1 9 1 10 2 10 2 11 3 11 3 12 4 12 4 13 5 13 5 14 6 14 6 15 7 15 7 16 8 16 8 17
D9_890 18 27 0 1 0 8 0 9 1 2 1 10 2 3 2 11 3 4 3 12 4 5 4 13 5 6 5 14 6 7 6 15 7 8 7 16 8 17 9 10 9 17 10 11 11 12 12 13 13 14 14 15 15 16 16 17
D9_891 18 27 0 2 0 7 0 9 1 3 1 8 1 10 2 4 2 11 3 5 3 12 4 6 4 13 5 7 5 14 6 8 6 15 7 16 8 17 9 11 9 16 10 12 10 17 11 13 12 14 13 15 14 16 15 17
D9_892 18 27 0 4 0 5 0 9 1 5 1 6 1 10 2 6 2 7 2 11 3 7 3 8 3 12 4 8 4 13 5 14 6 15 7 16 8 17 9 13 9 14 10 14 10 15 11 15 11 16 12 16 12 17 13 17
D9_896 18 18 0 10 0 11 1 11 1 12 2 12 2 13 3 13 3 14 4 14 4 15 5 15 5 16 6 16 6 17 7 9 7 17 8 9 8 10
D9_897 18 18 0 10 0 12 1 11 1 13 2 12 2 14 3 13 3 15 4 14 4 16 5 15 5 17 6 9 6 16 7 10 7 17 8 9 8 11
D9_898 18 18 0 10 0 13 1 11 1 14 2 12 2 15 3 13 3 16 4 14 4 17 5 9 5 15 6 10 6 16 7 11 7 17 8 9 8 12
D9_899 18 18 0 10 0 14 1 11 1 15 2 12 2 16 3 13 3 17 4 9 4 14 5 10 5 15 6 11 6 16 7 12 7 17 8 9 8 13
D9_900 18 18 0 10 0 15 1 11 1 16 2 12 2 17 3 9 3 13 4 10 4 14 5 11 5 15 6 12 6 16 7 13 7 17 8 9 8 14
D9_901 18 18 0 10 0 16 1 11 1 17 2 9 2 12 3 10 3 13 4 11 4 14 5 12 5 15 6 13 6 16 7 14 7 17 8 9 8 15
D9_902 18 18 0 10 0 17 1 9 1 11 2 10 2 12 3 11 3 13 4 12 4 14 5 13 5 15 6 14 6 16 7 15 7 17 8 9 8 16
D9_903 18 27 0 1 0 8 0 10 1 2 1 11 2 3 2 12 3 4 3 13 4 5 4 14 5 6 5 15 6 7 6 16 7 8 7 17 8 9 9 10 9 17 10 11 11 12 12 13 13 14 14 15 15 16 16 17
D9_904 18 27 0 2 0 7 0 10 1 3 1 8 1 11 2 4 2 12 3 5 3 13 4 6 4 14 5 7 5 15 6 8 6 16 7 17 8 9 9 11 9 16 10 12 10 17 11 13 12 14 13 15 14 16 15 17
D9_905 18 27 0 4 0 5 0 10 1 5 1 6 1 11 2 6 2 7 2 12 3 7 3 8 3 13 4 8 4 14 5 15 6 16 7 17 8 9 9 13 9 14 10 14 10 15 11 15 11 16 12 16 12 17 13 17
D9_909 18 18 0 11 0 12 1 12 1 13 2 13 2 14 3 14 3 15 4 15 4 16 5 16 5 17 6 9 6 17 7 9 7 10 8 10 8 11
D9_910 18 18 0 11 0 13 1 12 1 14 2 13 2 15 3 14 3 16 4 15 4 17 5 9 5 16 6 10 6 17 7 9 7 11 8 10 8 12
D9_911 18 18 0 11 0 14 1 12 1 15 2 13 2 16 3 14 3 17 4 9 4 15 5 10 5 16 6 11 6 17 7 9 7 12 8 10 8 13
D9_912 18 18 0 11 0 15 1 12 1 16 2 13 2 17 3 9 3 14 4 10 4 15 5 11 5 16 6 12 6 17 7 9 7 13 8 10 8 14
D9_913 18 18 0 11 0 16 1 12 1 17 2 9 2 13 3 10 3 14 4 11 4 15 5 12 5 16 6 13 6 17 7 9 7 14 8 10 8 15
D9_914 18 18 0 11 0 17 1 9 1 12 2 10 2 13 3 11 3 14 4 12 4 15 5 13 5 16 6 14 6 17 7 9 7 15 8 10 8 16
D9_915 18 27 0 1 0 8 0 11 1 2 1 12 2 3 2 13 3 4 3 14 4 5 4 15 5 6 5 16 6 7 6 17 7 8 7 9 8 10 9 10 9 17 10 11 11 12 12 13 13 14 14 15 15 16 16 17
D9_916 18 27 0 2 0 7 0 11 1 3 1 8 1 12 2 4 2 13 3 5 3 14 4 6 4 15 5 7 5 16 6 8 6 17 7 9 8 10 9 11 9 16 10 12 10 17 11 13 12 14 13 15 14 16 15 17
D9_917 18 27 0 4 0 5 0 11 1 5 1 6 1 12 2 6 2 7 2 13 3 7 3 8 3 14 4 8 4 15 5 16 6 17 7 9 8 10 9 13 9 14 10 14 10 15 11 15 11 16 12 16 12 17 13 17
D9_921 18 18 0 12 0 13 1 13 1 14 2 14 2 15 3 15 3 16 4 16 4 17 5 9 5 17 6 9 6 10 7 10 7 11 8 11 8 12
D9_922 18 18 0 12 0 14 1 13 1 15 2 14 2 16 3 15 3 17 4 9 4 16 5 10 5 17 6 9 6 11 7 10 7 12 8 11 8 13
D9_923 18 18 0 12 0 15 1 13 1 16 2 14 2 17 3 9 3 15 4 10 4 16 5 11 5 17 6 9 6 12 7 10 7 13 8 11 8 14
D9_924 18 18 0 12 0 16 1 13 1 17 2 9 2 14 3 10 3 15 4 11 4 16 5 12 5 17 6 9 6 13 7 10 7 14 8 11 8 15
D9_925 18 18 0 12 0 17 1 9 1 13 2 10 2 14 3 11 3 15 4 12 4 16 5 13 5 17 6 9 6 14 7 10 7 15 8 11 8 16
D9_926 18 27 0 1 0 8 0 12 1 2 1 13 2 3 2 14 3 4 3 15 4 5 4 16 5 6 5 17 6 7 6 9 7 8 7 10 8 11 9 10 9 17 10 11 11 12 12 13 13 14 14 15 15 16 16 17
D9_927 18 27 0 2 0 7 0 12 1 3 1 8 1 13 2 4 2 14 3 5 3 15 4 6 4 16 5 7 5 17 6 8 6 9 7 10 8 11 9 11 9 16 10 12 10 17 11 13 12 14 13 15 14 16 15 17
D9_928 18 27 0 4 0 5 0 12 1 5 1 6 1 13 2 6 2 7 2 14 3 7 3 8 3 15 4 8 4 16 5 17 6 9 7 10 8 11 9 13 9 14 10 14 10 15 11 15 11 16 12 16 12 17 13 17
D9_932 18 18 0 13 0 14 1 14 1 15 2 15 2 16 3 16 3 17 4 9 4 17 5 9 5 10 6 10 6 11 7 11 7 12 8 12 8 13
D9_933 18 18 0 13 0 15 1 14 1 16 2 15 2 17 3 9 3 16 4 10 4 17 5 9 5 11 6 10 6 12 7 11 7 13 8 12 8 14
D9_934 18 18 0 13 0 16 1 14 1 17 2 9 2 15 3 10 3 16 4 11 4 17 5 9 5 12 6 10 6 13 7 11 7 14 8 12 8 15
D9_935 18 18 0 13 0 17 1 9 1 14 2 10 2 15 3 11 3 16 4 12 4 17 5 9 5 13 6 10 6 14 7 11 7 15 8 12 8 16
D9_936 18 27 0 1 0 8 0 13 1 2 1 14 2 3 2 15 3 4 3 16 4 5 4 17 5 6 5 9 6 7 6 10 7 8 7 11 8 12 9 10 9 17 10 11 11 12 12 13 13 14 14 15 15 16 16 17
D9_937 18 27 0 2 0 7 0 13 1 3 1 8 1 14 2 4 2 15 3 5 3 16 4 6 4 17 5 7 5 9 6 8 6 10 7 11 8 12 9 11 9 16 10 12 10 17 11 13 12 14 13 15 14 16 15 17
D9_938 18 27 0 4 0 5 0 13 1 5 1 6 1 14 2 6 2 7 2 15 3 7 3 8 3 16 4 8 4 17 5 9 6 10 7 11 8 12 9 13 9 14 10 14 10 15 11 15 11 16 12 16 12 17 13 17
D9_942 18 18 0 14 0 15 1 15 1 16 2 16 2 17 3 9 3 17 4 9 4 10 5 10 5 11 6 11 6 12 7 12 7 13 8 13 8 14
D9_943 18 18 0 14 0 16 1 15 1 17 2 9 2 16 3 10 3 17 4 9 4 11 5 10 5 12 6 11 6 13 7 12 7 14 8 13 8 15
D9_944 18 18 0 14 0 17 1 9 1 15 2 10 2 16 3 11 3 17 4 9 4 12 5 10 5 13 6 11 6 14 7 12 7 15 8 13 8 16
D9_945 18 27 0 1 0 8 0 14 1 2 1 15 2 3 2 16 3 4 3 17 4 5 4 9 5 6 5 10 6 7 6 11 7 8 7 12 8 13 9 10 9 17 10 11 11 12 12 13 13 14 14 15 15 16 16 17
D9_946 18 27 0 2 0 7 0 14 1 3 1 8 1 15 2 4 2 16 3 5 3 17 4 6 4 9 5 7 5 10 6 8 6 11 7 12 8 13 9 11 9 16 10 12 10 17 11 13 12 14 13 15 14 16 15 17
D9_947 18 27 0 4 0 5 0 14 1 5 1 6 1 15 2 6 2 7 2 16 3 7 3 8 3 17 4 8 4 9 5 10 6 11 7 12 8 13 9 13 9 14 10 14 10 15 11 15 11 16 12 16 12 17 13 17
D9_951 18 18 0 15 0 16 1 16 1 17 2 9 2 17 3 9 3 10 4 10 4 11 5 11 5 12 6 12 6 13 7 13 7 14 8 14 8 15
D9_952 18 18 0 15 0 17 1 9 1 16 2 10 2 17 3 9 3 11 4 10 4 12 5 11 5 13 6 12 6 14 7 13 7 15 8 14 8 16
D9_953 18 27 0 1 0 8 0 15 1 2 1 16 2 3 2 17 3 4 3 9 4 5 4 10 5 6 5 11 6 7 6 12 7 8 7 13 8 14 9 10 9 17 10 11 11 12 12 13 13 14 14 15 15 16 16 17
D9_954 18 27 0 2 0 7 0 15 1 3 1 8 1 16 2 4 2 17 3 5 3 9 4 6 4 10 5 7 5 11 6 8 6 12 7 13 8 14 9 11 9 16 10 12 10 17 11 13 12 14 13 15 14 16 15 17
D9_955 18 27 0 4 0 5 0 15 1 5 1 6 1 16 2 6 2 7 2 17 3 7 3 8 3 9 4 8 4 10 5 11 6 12 7 13 8 14 9 13 9 14 10 14 10 15 11 15 11 16 12 16 12 17 13 17
D9_959 18 18 0 16 0 17 1 9 1 17 2 9 2 10 3 10 3 11 4 11 4 12 5 12 5 13 6 13 6 14 7 14 7 15 8 15 8 16
D9_960 18 27 0 1 0 8 0 16 1 2 1 17 2 3 2 9 3 4 3 10 4 5 4 11 5 6 5 12 6 7 6 13 7 8 7 14 8 15 9 10 9 17 10 11 11 12 12 13 13 14 14 15 15 16 16 17
D9_961 18 27 0 2 0 7 0 16 1 3 1 8 1 17 2 4 2 9 3 5 3 10 4 6 4 11 5 7 5 12 6 8 6 13 7 14 8 15 9 11 9 16 10 12 10 17 11 13 12 14 13 15 14 16 15 17
D9_962 18 27 0 4 0 5 0 16 1 5 1 6 1 17 2 6 2 7 2 9 3 7 3 8 3 10 4 8 4 11 5 12 6 13 7 14 8 15 9 13 9 14 10 14 10 15 11 15 11 16 12 16 12 17 13 17
D9_966 18 27 0 1 0 8 0 17 1 2 1 9 2 3 2 10 3 4 3 11 4 5 4 12 5 6 5 13 6 7 6 14 7 8 7 15 8 16 9 10 9 17 10 11 11 12 12 13 13 14 14 15 15 16 16 17
D9_967 18 27 0 2 0 7 0 17 1 3 1 8 1 9 2 4 2 10 3 5 3 11 4 6 4 12 5 7 5 13 6 8 6 14 7 15 8 16 9 11 9 16 10 12 10 17 11 13 12 14 13 15 14 16 15 17
D9_968 18 27 0 4 0 5 0 17 1 5 1 6 1 9 2 6 2 7 2 10 3 7 3 8 3 11 4 8 4 12 5 13 6 14 7 15 8 16 9 13 9 14 10 14 10 15 11 15 11 16 12 16 12 17 13 17
D9_975 18 27 0 9 0 10 0 11 1 10 1 11 1 12 2 11 2 12 2 13 3 12 3 13 3 14 4 13 4 14 4 15 5 14 5 15 5 16 6 15 6 16 6 17 7 9 7 16 7 17 8 9 8 10 8 17
D9_976 18 27 0 9 0 10 0 12 1 10 1 11 1 13 2 11 2 12 2 14 3 12 3 13 3 15 4 13 4 14 4 16 5 14 5 15 5 17 6 9 6 15 6 16 7 10 7 16 7 17 8 9 8 11 8 17
D9_977 18 27 0 9 0 10 0 13 1 10 1 11 1 14 2 11 2 12 2 15 3 12 3 13 3 16 4 13 4 14 4 17 5 9 5 14 5 15 6 10 6 15 6 16 7 11 7 16 7 17 8 9 8 12 8 17
D9_978 18 27 0 9 0 10 0 14 1 10 1 11 1 15 2 11 2 12 2 16 3 12 3 13 3 17 4 9 4 13 4 14 5 10 5 14 5 15 6 11 6 15 6 16 7 12 7 16 7 17 8 9 8 13 8 17
D9_979 18 27 0 9 0 10 0 15 1 10 1 11 1 16 2 11 2 12 2 17 3 9 3 12 3 13 4 10 4 13 4 14 5 11 5 14 5 15 6 12 6 15 6 16 7 13 7 16 7 17 8 9 8 14 8 17
D9_980 18 27 0 9 0 10 0 16 1 10 1 11 1 17 2 9 2 11 2 12 3 10 3 12 3 13 4 11 4 13 4 14 5 12 5 14 5 15 6 13 6 15 6 16 7 14 7 16 7 17 8 9 8 15 8 17
D9_981 18 27 0 9 0 10 0 17 1 9 1 10 1 11 2 10 2 11 2 12 3 11 3 12 3 13 4 12 4 13 4 14 5 13 5 14 5 15 6 14 6 15 6 16 7 15 7 16 7 17 8 9 8 16 8 17
D9_982 18 36 0 2 0 7 0 9 0 10 1 3 1 8 1 10 1 11 2 4 2 11 2 12 3 5 3 12 3 13 4 6 4 13 4 14 5 7 5 14 5 15 6 8 6 15 6 16 7 16 7 17 8 9 8 17 9 11 9 16 10 12 10 17 11 13 12 14 13 15 14 16 15 17
D9_983 18 36 0 4 0 5 0 9 0 10 1 5 1 6 1 10 1 11 2 6 2 7 2 11 2 12 3 7 3 8 3 12 3 13 4 8 4 13 4 14 5 14 5 15 6 15 6 16 7 16 7 17 8 9 8 17 9 13 9 14 10 14 10 15 11 15 11 16 12 16 12 17 13 17
D9_986 18 27 0 9 0 11 0 12 1 10 1 12 1 13 2 11 2 13 2 14 3 12 3 14 3 15 4 13 4 15 4 16 5 14 5 16 5 17 6 9 6 15 6 17 7 9 7 10 7 16 8 10 8 11 8 17
D9_987 18 27 0 9 0 11 0 13 1 10 1 12 1 14 2 11 2 13 2 15 3 12 3 14 3 16 4 13 4 15 4 17 5 9 5 14 5 16 6 10 6 15 6 17 7 9 7 11 7 16 8 10 8 12 8 17
D9_988 18 27 0 9 0 11 0 14 1 10 1 12 1 15 2 11 2 13 2 16 3 12 3 14 3 17 4 9 4 13 4 15 5 10 5 14 5 16 6 11 6 15 6 17 7 9 7 12 7 16 8 10 8 13 8 17
D9_989 18 27 0 9 0 11 0 15 1 10 1 12 1 16 2 11 2 13 2 17 3 9 3 12 3 14 4 10 4 13 4 15 5 11 5 14 5 16 6 12 6 15 6 17 7 9 7 13 7 16 8 10 8 14 8 17
D9_990 18 27 0 9 0 11 0 16 1 10 1 12 1 17 2 9 2 11 2 13 3 10 3 12 3 14 4 11 4 13 4 15 5 12 5 14 5 16 6 13 6 15 6 17 7 9 7 14 7 16 8 10 8 15 8 17
D9_991 18 27 0 9 0 11 0 17 1 9 1 10 1 12 2 10 2 11 2 13 3 11 3 12 3 14 4 12 4 13 4 15 5 13 5 14 5 16 6 14 6 15 6 17 7 9 7 15 7 16 8 10 8 16 8 17
D9_992 18 36 0 1 0 8 0 9 0 11 1 2 1 10 1 12 2 3 2 11 2 13 3 4 3 12 3 14 4 5 4 13 4 15 5 6 5 14 5 16 6 7 6 15 6 17 7 8 7 9 7 16 8 10 8 17 9 10 9 17 10 11 11 12 12 13 13 14 14 15 15 16 16 17
D9_993 18 36 0 4 0 5 0 9 0 11 1 5 1 6 1 10 1 12 2 6 2 7 2 11 2 13 3 7 3 8 3 12 3 14 4 8 4 13 4 15 5 14 5 16 6 15 6 17 7 9 7 16 8 10 8 17 9 13 9 14 10 14 10 15 11 15 11 16 12 16 12 17 13 17
D9_996 18 27 0 9 0 12 0 13 1 10 1 13 1 14 2 11 2 14 2 15 3 12 3 15 3 16 4 13 4 16 4 17 5 9 5 14 5 17 6 9 6 10 6 15 7 10 7 11 7 16 8 11 8 12 8 17
D9_997 18 27 0 9 0 12 0 14 1 10 1 13 1 15 2 11 2 14 2 16 3 12 3 15 3 17 4 9 4 13 4 16 5 10 5 14 5 17 6 9 6 11 6 15 7 10 7 12 7 16 8 11 8 13 8 17
D9_998 18 27 0 9 0 12 0 15 1 10 1 13 1 16 2 11 2 14 2 17 3 9 3 12 3 15 4 10 4 13 4 16 5 11 5 14 5 17 6 9 6 12 6 15 7 10 7 13 7 16 8 11 8 14 8 17
D9_999 18 27 0 9 0 12 0 16 1 10 1 13 1 17 2 9 2 11 2 14 3 10 3 12 3 15 4 11 4 13 4 16 5 12 5 14 5 17 6 9 6 13 6 15 7 10 7 14 7 16 8 11 8 15 8 17
D9_1000 18 27 0 9 0 12 0 17 1 9 1 10 1 13 2 10 2 11 2 14 3 11 3 12 3 15 4 12 4 13 4 16 5 13 5 14 5 17 6 9 6 14 6 15 7 10 7 15 7 16 8 11 8 16 8 17
D9_1001 18 36 0 1 0 8 0 9 0 12 1 2 1 10 1 13 2 3 2 11 2 14 3 4 3 12 3 15 4 5 4 13 4 16 5 6 5 14 5 17 6 7 6 9 6 15 7 8 7 10 7 16 8 11 8 17 9 10 9 17 10 11 11 12 12 13 13 14 14 15 15 16 16 17
D9_1002 18 36 0 2 0 7 0 9 0 12 1 3 1 8 1 10 1 13 2 4 2 11 2 14 3 5 3 12 3 15 4 6 4 13 4 16 5 7 5 14 5 17 6 8 6 9 6 15 7 10 7 16 8 11 8 17 9 11 9 16 10 12 10 17 11 13 12 14 13 15 14 16 15 17
D9_1003 18 36 0 4 0 5 0 9 0 12 1 5 1 6 1 10 1 13 2 6 2 7 2 11 2 14 3 7 3 8 3 12 3 15 4 8 4 13 4 16 5 14 5 17 6 9 6 15 7 10 7 16 8 11 8 17 9 13 9 14 10 14 10 15 11 15 11 16 12 16 12 17 13 17
D9_1007 18 27 0 9 0 13 0 14 1 10 1 14 1 15 2 11 2 15 2 16 3 12 3 16 3 17 4 9 4 13 4 17 5 9 5 10 5 14 6 10 6 11 6 15 7 11 7 12 7 16 8 12 8 13 8 17
D9_1008 18 27 0 9 0 13 0 15 1 10 1 14 1 16 2 11 2 15 2 17 3 9 3 12 3 16 4 10 4 13 4 17 5 9 5 11 5 14 6 10 6 12 6 15 7 11 7 13 7 16 8 12 8 14 8 17
D9_1009 18 27 0 9 0 13 0 16 1 10 1 14 1 17 2 9 2 11 2 15 3 10 3 12 3 16 4 11 4 13 4 17 5 9 5 12 5 14 6 10 6 13 6 15 7 11 7 14 7 16 8 12 8 15 8 17
D9_1010 18 27 0 9 0 13 0 17 1 9 1 10 1 14 2 10 2 11 2 15 3 11 3 12 3 16 4 12 4 13 4 17 5 9 5 13 5 14 6 10 6 14 6 15 7 11 7 15 7 16 8 12 8 16 8 17
D9_1011 18 36 0 1 0 8 0 9 0 13 1 2 1 10 1 14 2 3 2 11 2 15 3 4 3 12 3 16 4 5 4 13 4 17 5 6 5 9 5 14 6 7 6 10 6 15 7 8 7 11 7 16 8 12 8 17 9 10 9 17 10 11 11 12 12 13 13 14 14 15 15 16 16 17
D9_1012 18 36 0 2 0 7 0 9 0 13 1 3 1 8 1 10 1 14 2 4 2 11 2 15 3 5 3 12 3 16 4 6 4 13 4 17 5 7 5 9 5 14 6 8 6 10 6 15 7 11 7 16 8 12 8 17 9 11 9 16 10 12 10 17 11 13 12 14 13 15 14 16 15 17
D9_1015 18 27 0 9 0 14 0 15 1 10 1 15 1 16 2 11 2 16 2 17 3 9 3 12 3 17 4 9 4 10 4 13 5 10 5 11 5 14 6 11 6 12 6 15 7 12 7 13 7 16 8 13 8 14 8 17
D9_1016 18 27 0 9 0 14 0 16 1 10 1 15 1 17 2 9 2 11 2 16 3 10 3 12 3 17 4 9 4 11 4 13 5 10 5 12 5 14 6 11 6 13 6 15 7 12 7 14 7 16 8 13 8 15 8 17
D9_1017 18 27 0 9 0 14 0 17 1 9 1 10 1 15 2 10 2 11 2 16 3 11 3 12 3 17 4 9 4 12 4 13 5 10 5 13 5 14 6 11 6 14 6 15 7 12 7 15 7 16 8 13 8 16 8 17
D9_1018 18 36 0 1 0 8 0 9 0 14 1 2 1 10 1 15 2 3 2 11 2 16 3 4 3 12 3 17 4 5 4 9 4 13 5 6 5 10 5 14 6 7 6 11 6 15 7 8 7 12 7 16 8 13 8 17 9 10 9 17 10 11 11 12 12 13 13 14 14 15 15 16 16 17
D9_1019 18 36 0 2 0 7 0 9 0 14 1 3 1 8 1 10 1 15 2 4 2 11 2 16 3 5 3 12 3 17 4 6 4 9 4 13 5 7 5 10 5 14 6 8 6 11 6 15 7 12 7 16 8 13 8 17 9 11 9 16 10 12 10 17 11 13 12 14 13 15 14 16 15 17
D9_1022 18 27 0 9 0 15 0 16 1 10 1 16 1 17 2 9 2 11 2 17 3 9 3 10 3 12 4 10 4 11 4 13 5 11 5 12 5 14 6 12 6 13 6 15 7 13 7 14 7 16 8 14 8 15 8 17
D9_1023 18 27 0 9 0 15 0 17 1 9 1 10 1 16 2 10 2 11 2 17 3 9 3 11 3 12 4 10 4 12 4 13 5 11 5 13 5 14 6 12 6 14 6 15 7 13 7 15 7 16 8 14 8 16 8 17
D9_1024 18 36 0 1 0 8 0 9 0 15 1 2 1 10 1 16 2 3 2 11 2 17 3 4 3 9 3 12 4 5 4 10 4 13 5 6 5 11 5 14 6 7 6 12 6 15 7 8 7 13 7 16 8 14 8 17 9 10 9 17 10 11 11 12 12 13 13 14 14 15 15 16 16 17
D9_1025 18 36 0 2 0 7 0 9 0 15 1 3 1 8 1 10 1 16 2 4 2 11 2 17 3 5 3 9 3 12 4 6 4 10 4 13 5 7 5 11 5 14 6 8 6 12 6 15 7 13 7 16 8 14 8 17 9 11 9 16 10 12 10 17 11 13 12 14 13 15 14 16 15 17
D9_1026 18 36 0 4 0 5 0 9 0 15 1 5 1 6 1 10 1 16 2 6 2 7 2 11 2 17 3 7 3 8 3 9 3 12 4 8 4 10 4 13 5 11 5 14 6 12 6 15 7 13 7 16 8 14 8 17 9 13 9 14 10 14 10 15 11 15 11 16 12 16 12 17 13 17
D9_1030 18 27 0 9 0 16 0 17 1 9 1 10 1 17 2 9 2 10 2 11 3 10 3 11 3 12 4 11 4 12 4 13 5 12 5 13 5 14 6 13 6 14 6 15 7 14 7 15 7 16 8 15 8 16 8 17
D9_1031 18 36 0 1 0 8 0 9 0 16 1 2 1 10 1 17 2 3 2 9 2 11 3 4 3 10 3 12 4 5 4 11 4 13 5 6 5 12 5 14 6 7 6 13 6 15 7 8 7 14 7 16 8 15 8 17 9 10 9 17 10 11 11 12 12 13 13 14 14 15 15 16 16 17
D9_1032 18 36 0 4 0 5 0 9 0 16 1 5 1 6 1 10 1 17 2 6 2 7 2 9 2 11 3 7 3 8 3 10 3 12 4 8 4 11 4 13 5 12 5 14 6 13 6 15 7 14 7 16 8 15 8 17 9 13 9 14 10 14 10 15 11 15 11 16 12 16 12 17 13 17
D9_1035 18 36 0 2 0 7 0 9 0 17 1 3 1 8 1 9 1 10 2 4 2 10 2 11 3 5 3 11 3 12 4 6 4 12 4 13 5 7 5 13 5 14 6 8 6 14 6 15 7 15 7 16 8 16 8 17 9 11 9 16 10 12 10 17 11 13 12 14 13 15 14 16 15 17
D9_1036 18 36 0 4 0 5 0 9 0 17 1 5 1 6 1 9 1 10 2 6 2 7 2 10 2 11 3 7 3 8 3 11 3 12 4 8 4 12 4 13 5 13 5 14 6 14 6 15 7 15 7 16 8 16 8 17 9 13 9 14 10 14 10 15 11 15 11 16 12 16 12 17 13 17
D9_1042 18 27 0 10 0 11 0 12 1 11 1 12 1 13 2 12 2 13 2 14 3 13 3 14 3 15 4 14 4 15 4 16 5 15 5 16 5 17 6 9 6 16 6 17 7 9 7 10 7 17 8 9 8 10 8 11
D9_1043 18 27 0 10 0 11 0 13 1 11 1 12 1 14 2 12 2 13 2 15 3 13 3 14 3 16 4 14 4 15 4 17 5 9 5 15 5 16 6 10 6 16 6 17 7 9 7 11 7 17 8 9 8 10 8 12
D9_1044 18 27 0 10 0 11 0 14 1 11 1 12 1 15 2 12 2 13 2 16 3 13 3 14 3 17 4 9 4 14 4 15 5 10 5 15 5 16 6 11 6 16 6 17 7 9 7 12 7 17 8 9 8 10 8 13
D9_1045 18 27 0 10 0 11 0 15 1 11 1 12 1 16 2 12 2 13 2 17 3 9 3 13 3 14 4 10 4 14 4 15 5 11 5 15 5 16 6 12 6 16 6 17 7 9 7 13 7 17 8 9 8 10 8 14
D9_1046 18 27 0 10 0 11 0 16 1 11 1 12 1 17 2 9 2 12 2 13 3 10 3 13 3 14 4 11 4 14 4 15 5 12 5 15 5 16 6 13 6 16 6 17 7 9 7 14 7 17 8 9 8 10 8 15
D9_1047 18 27 0 10 0 11 0 17 1 9 1 11 1 12 2 10 2 12 2 13 3 11 3 13 3 14 4 12 4 14 4 15 5 13 5 15 5 16 6 14 6 16 6 17 7 9 7 15 7 17 8 9 8 10 8 16
D9_1048 18 36 0 2 0 7 0 10 0 11 1 3 1 8 1 11 1 12 2 4 2 12 2 13 3 5 3 13 3 14 4 6 4 14 4 15 5 7 5 15 5 16 6 8 6 16 6 17 7 9 7 17 8 9 8 10 9 11 9 16 10 12 10 17 11 13 12 14 13 15 14 16 15 17
D9_1049 18 36 0 4 0 5 0 10 0 11 1 5 1 6 1 11 1 12 2 6 2 7 2 12 2 13 3 7 3 8 3 13 3 14 4 8 4 14 4 15 5 15 5 16 6 16 6 17 7 9 7 17 8 9 8 10 9 13 9 14 10 14 10 15 11 15 11 16 12 16 12 17 13 17
D9_1052 18 27 0 10 0 12 0 13 1 11 1 13 1 14 2 12 2 14 2 15 3 13 3 15 3 16 4 14 4 16 4 17 5 9 5 15 5 17 6 9 6 10 6 16 7 10 7 11 7 17 8 9 8 11 8 12
D9_1053 18 27 0 10 0 12 0 14 1 11 1 13 1 15 2 12 2 14 2 16 3 13 3 15 3 17 4 9 4 14 4 16 5 10 5 15 5 17 6 9 6 11 6 16 7 10 7 12 7 17 8 9 8 11 8 13
D9_1054 18 27 0 10 0 12 0 15 1 11 1 13 1 16 2 12 2 14 2 17 3 9 3 13 3 15 4 10 4 14 4 16 5 11 5 15 5 17 6 9 6 12 6 16 7 10 7 13 7 17 8 9 8 11 8 14
D9_1055 18 27 0 10 0 12 0 16 1 11 1 13 1 17 2 9 2 12 2 14 3 10 3 13 3 15 4 11 4 14 4 16 5 12 5 15 5 17 6 9 6 13 6 16 7 10 7 14 7 17 8 9 8 11 8 15
D9_1056 18 27 0 10 0 12 0 17 1 9 1 11 1 13 2 10 2 12 2 14 3 11 3 13 3 15 4 12 4 14 4 16 5 13 5 15 5 17 6 9 6 14 6 16 7 10 7 15 7 17 8 9 8 11 8 16
D9_1057 18 36 0 1 0 8 0 10 0 12 1 2 1 11 1 13 2 3 2 12 2 14 3 4 3 13 3 15 4 5 4 14 4 16 5 6 5 15 5 17 6 7 6 9 6 16 7 8 7 10 7 17 8 9 8 11 9 10 9 17 10 11 11 12 12 13 13 14 14 15 15 16 16 17
D9_1058 18 36 0 4 0 5 0 10 0 12 1 5 1 6 1 11 1 13 2 6 2 7 2 12 2 14 3 7 3 8 3 13 3 15 4 8 4 14 4 16 5 15 5 17 6 9 6 16 7 10 7 17 8 9 8 11 9 13 9 14 10 14 10 15 11 15 11 16 12 16 12 17 13 17
D9_1061 18 27 0 10 0 13 0 14 1 11 1 14 1 15 2 12 2 15 2 16 3 13 3 16 3 17 4 9 4 14 4 17 5 9 5 10 5 15 6 10 6 11 6 16 7 11 7 12 7 17 8 9 8 12 8 13
D9_1062 18 27 0 10 0 13 0 15 1 11 1 14 1 16 2 12 2 15 2 17 3 9 3 13 3 16 4 10 4 14 4 17 5 9 5 11 5 15 6 10 6 12 6 16 7 11 7 13 7 17 8 9 8 12 8 14
D9_1063 18 27 0 10 0 13 0 16 1 11 1 14 1 17 2 9 2 12 2 15 3 10 3 13 3 16 4 11 4 14 4 17 5 9 5 12 5 15 6 10 6 13 6 16 7 11 7 14 7 17 8 9 8 12 8 15
D9_1064 18 27 0 10 0 13 0 17 1 9 1 11 1 14 2 10 2 12 2 15 3 11 3 13 3 16 4 12 4 14 4 17 5 9 5 13 5 15 6 10 6 14 6 16 7 11 7 15 7 17 8 9 8 12 8 16
D9_1065 18 36 0 1 0 8 0 10 0 13 1 2 1 11 1 14 2 3 2 12 2 15 3 4 3 13 3 16 4 5 4 14 4 17 5 6 5 9 5 15 6 7 6 10 6 16 7 8 7 11 7 17 8 9 8 12 9 10 9 17 10 11 11 12 12 13 13 14 14 15 15 16 16 17
D9_1066 18 36 0 2 0 7 0 10 0 13 1 3 1 8 1 11 1 14 2 4 2 12 2 15 3 5 3 13 3 16 4 6 4 14 4 17 5 7 5 9 5 15 6 8 6 10 6 16 7 11 7 17 8 9 8 12 9 11 9 16 10 12 10 17 11 13 12 14 13 15 14 16 15 17
D9_1067 18 36 0 4 0 5 0 10 0 13 1 5 1 6 1 11 1 14 2 6 2 7 2 12 2 15 3 7 3 8 3 13 3 16 4 8 4 14 4 17 5 9 5 15 6 10 6 16 7 11 7 17 8 9 8 12 9 13 9 14 10 14 10 15 11 15 11 16 12 16 12 17 13 17
D9_1071 18 27 0 10 0 14 0 15 1 11 1 15 1 16 2 12 2 16 2 17 3 9 3 13 3 17 4 9 4 10 4 14 5 10 5 11 5 15 6 11 6 12 6 16 7 12 7 13 7 17 8 9 8 13 8 14
D9_1072 18 27 0 10 0 14 0 16 1 11 1 15 1 17 2 9 2 12 2 16 3 10 3 13 3 17 4 9 4 11 4 14 5 10 5 12 5 15 6 11 6 13 6 16 7 12 7 14 7 17 8 9 8 13 8 15
D9_1073 18 27 0 10 0 14 0 17 1 9 1 11 1 15 2 10 2 12 2 16 3 11 3 13 3 17 4 9 4 12 4 14 5 10 5 13 5 15 6 11 6 14 6 16 7 12 7 15 7 17 8 9 8 13 8 16
D9_1074 18 36 0 1 0 8 0 10 0 14 1 2 1 11 1 15 2 3 2 12 2 16 3 4 3 13 3 17 4 5 4 9 4 14 5 6 5 10 5 15 6 7 6 11 6 16 7 8 7 12 7 17 8 9 8 13 9 10 9 17 10 11 11 12 12 13 13 14 14 15 15 16 16 17
D9_1075 18 36 0 2 0 7 0 10 0 14 1 3 1 8 1 11 1 15 2 4 2 12 2 16 3 5 3 13 3 17 4 6 4 9 4 14 5 7 5 10 5 15 6 8 6 11 6 16 7 12 7 17 8 9 8 13 9 11 9 16 10 12 10 17 11 13 12 14 13 15 14 16 15 17
D9_1078 18 27 0 10 0 15 0 16 1 11 1 16 1 17 2 9 2 12 2 17 3 9 3 10 3 13 4 10 4 11 4 14 5 11 5 12 5 15 6 12 6 13 6 16 7 13 7 14 7 17 8 9 8 14 8 15
D9_1079 18 27 0 10 0 15 0 17 1 9 1 11 1 16 2 10 2 12 2 17 3 9 3 11 3 13 4 10 4 12 4 14 5 11 5 13 5 15 6 12 6 14 6 16 7 13 7 15 7 17 8 9 8 14 8 16
D9_1080 18 36 0 1 0 8 0 10 0 15 1 2 1 11 1 16 2 3 2 12 2 17 3 4 3 9 3 13 4 5 4 10 4 14 5 6 5 11 5 15 6 7 6 12 6 16 7 8 7 13 7 17 8 9 8 14 9 10 9 17 10 11 11 12 12 13 13 14 14 15 15 16 16 17
D9_1081 18 36 0 2 0 7 0 10 0 15 1 3 1 8 1 11 1 16 2 4 2 12 2 17 3 5 3 9 3 13 4 6 4 10 4 14 5 7 5 11 5 15 6 8 6 12 6 16 7 13 7 17 8 9 8 14 9 11 9 16 10 12 10 17 11 13 12 14 13 15 14 16 15 17
D9_1084 18 27 0 10 0 16 0 17 1 9 1 11 1 17 2 9 2 10 2 12 3 10 3 11 3 13 4 11 4 12 4 14 5 12 5 13 5 15 6 13 6 14 6 16 7 14 7 15 7 17 8 9 8 15 8 16
D9_1085 18 36 0 1 0 8 0 10 0 16 1 2 1 11 1 17 2 3 2 9 2 12 3 4 3 10 3 13 4 5 4 11 4 14 5 6 5 12 5 15 6 7 6 13 6 16 7 8 7 14 7 17 8 9 8 15 9 10 9 17 10 11 11 12 12 13 13 14 14 15 15 16 16 17
D9_1086 18 36 0 2 0 7 0 10 0 16 1 3 1 8 1 11 1 17 2 4 2 9 2 12 3 5 3 10 3 13 4 6 4 11 4 14 5 7 5 12 5 15 6 8 6 13 6 16 7 14 7 17 8 9 8 15 9 11 9 16 10 12 10 17 11 13 12 14 13 15 14 16 15 17
D9_1087 18 36 0 4 0 5 0 10 0 16 1 5 1 6 1 11 1 17 2 6 2 7 2 9 2 12 3 7 3 8 3 10 3 13 4 8 4 11 4 14 5 12 5 15 6 13 6 16 7 14 7 17 8 9 8 15 9 13 9 14 10 14 10 15 11 15 11 16 12 16 12 17 13 17
D9_1092 18 36 0 4 0 5 0 10 0 17 1 5 1 6 1 9 1 11 2 6 2 7 2 10 2 12 3 7 3 8 3 11 3 13 4 8 4 12 4 14 5 13 5 15 6 14 6 16 7 15 7 17 8 9 8 16 9 13 9 14 10 14 10 15 11 15 11 16 12 16 12 17 13 17
D9_1098 18 27 0 11 0 12 0 13 1 12 1 13 1 14 2 13 2 14 2 15 3 14 3 15 3 16 4 15 4 16 4 17 5 9 5 16 5 17 6 9 6 10 6 17 7 9 7 10 7 11 8 10 8 11 8 12
D9_1099 18 27 0 11 0 12 0 14 1 12 1 13 1 15 2 13 2 14 2 16 3 14 3 15 3 17 4 9 4 15 4 16 5 10 5 16 5 17 6 9 6 11 6 17 7 9 7 10 7 12 8 10 8 11 8 13
D9_1100 18 27 0 11 0 12 0 15 1 12 1 13 1 16 2 13 2 14 2 17 3 9 3 14 3 15 4 10 4 15 4 16 5 11 5 16 5 17 6 9 6 12 6 17 7 9 7 10 7 13 8 10 8 11 8 14
D9_1101 18 27 0 11 0 12 0 16 1 12 1 13 1 17 2 9 2 13 2 14 3 10 3 14 3 15 4 11 4 15 4 16 5 12 5 16 5 17 6 9 6 13 6 17 7 9 7 10 7 14 8 10 8 11 8 15
D9_1102 18 27 0 11 0 12 0 17 1 9 1 12 1 13 2 10 2 13 2 14 3 11 3 14 3 15 4 12 4 15 4 16 5 13 5 16 5 17 6 9 6 14 6 17 7 9 7 10 7 15 8 10 8 11 8 16
D9_1103 18 36 0 2 0 7 0 11 0 12 1 3 1 8 1 12 1 13 2 4 2 13 2 14 3 5 3 14 3 15 4 6 4 15 4 16 5 7 5 16 5 17 6 8 6 9 6 17 7 9 7 10 8 10 8 11 9 11 9 16 10 12 10 17 11 13 12 14 13 15 14 16 15 17
D9_1104 18 36 0 4 0 5 0 11 0 12 1 5 1 6 1 12 1 13 2 6 2 7 2 13 2 14 3 7 3 8 3 14 3 15 4 8 4 15 4 16 5 16 5 17 6 9 6 17 7 9 7 10 8 10 8 11 9 13 9 14 10 14 10 15 11 15 11 16 12 16 12 17 13 17
D9_1107 18 27 0 11 0 13 0 14 1 12 1 14 1 15 2 13 2 15 2 16 3 14 3 16 3 17 4 9 4 15 4 17 5 9 5 10 5 16 6 10 6 11 6 17 7 9 7 11 7 12 8 10 8 12 8 13
D9_1108 18 27 0 11 0 13 0 15 1 12 1 14 1 16 2 13 2 15 2 17 3 9 3 14 3 16 4 10 4 15 4 17 5 9 5 11 5 16 6 10 6 12 6 17 7 9 7 11 7 13 8 10 8 12 8 14
D9_1109 18 27 0 11 0 13 0 16 1 12 1 14 1 17 2 9 2 13 2 15 3 10 3 14 3 16 4 11 4 15 4 17 5 9 5 12 5 16 6 10 6 13 6 17 7 9 7 11 7 14 8 10 8 12 8 15
D9_1110 18 27 0 11 0 13 0 17 1 9 1 12 1 14 2 10 2 13 2 15 3 11 3 14 3 16 4 12 4 15 4 17 5 9 5 13 5 16 6 10 6 14 6 17 7 9 7 11 7 15 8 10 8 12 8 16
D9_1111 18 36 0 1 0 8 0 11 0 13 1 2 1 12 1 14 2 3 2 13 2 15 3 4 3 14 3 16 4 5 4 15 4 17 5 6 5 9 5 16 6 7 6 10 6 17 7 8 7 9 7 11 8 10 8 12 9 10 9 17 10 11 11 12 12 13 13 14 14 15 15 16 16 17
D9_1112 18 36 0 4 0 5 0 11 0 13 1 5 1 6 1 12 1 14 2 6 2 7 2 13 2 15 3 7 3 8 3 14 3 16 4 8 4 15 4 17 5 9 5 16 6 10 6 17 7 9 7 11 8 10 8 12 9 13 9 14 10 14 10 15 11 15 11 16 12 16 12 17 13 17
D9_1115 18 27 0 11 0 14 0 15 1 12 1 15 1 16 2 13 2 16 2 17 3 9 3 14 3 17 4 9 4 10 4 15 5 10 5 11 5 16 6 11 6 12 6 17 7 9 7 12 7 13 8 10 8 13 8 14
D9_1116 18 27 0 11 0 14 0 16 1 12 1 15 1 17 2 9 2 13 2 16 3 10 3 14 3 17 4 9 4 11 4 15 5 10 5 12 5 16 6 11 6 13 6 17 7 9 7 12 7 14 8 10 8 13 8 15
D9_1117 18 27 0 11 0 14 0 17 1 9 1 12 1 15 2 10 2 13 2 16 3 11 3 14 3 17 4 9 4 12 4 15 5 10 5 13 5 16 6 11 6 14 6 17 7 9 7 12 7 15 8 10 8 13 8 16
D9_1118 18 36 0 1 0 8 0 11 0 14 1 2 1 12 1 15 2 3 2 13 2 16 3 4 3 14 3 17 4 5 4 9 4 15 5 6 5 10 5 16 6 7 6 11 6 17 7 8 7 9 7 12 8 10 8 13 9 10 9 17 10 11 11 12 12 13 13 14 14 15 15 16 16 17
D9_1119 18 36 0 2 0 7 0 11 0 14 1 3 1 8 1 12 1 15 2 4 2 13 2 16 3 5 3 14 3 17 4 6 4 9 4 15 5 7 5 10 5 16 6 8 6 11 6 17 7 9 7 12 8 10 8 13 9 11 9 16 10 12 10 17 11 13 12 14 13 15 14 16 15 17
D9_1120 18 36 0 4 0 5 0 11 0 14 1 5 1 6 1 12 1 15 2 6 2 7 2 13 2 16 3 7 3 8 3 14 3 17 4 8 4 9 4 15 5 10 5 16 6 11 6 17 7 9 7 12 8 10 8 13 9 13 9 14 10 14 10 15 11 15 11 16 12 16 12 17 13 17
D9_1124 18 27 0 11 0 15 0 16 1 12 1 16 1 17 2 9 2 13 2 17 3 9 3 10 3 14 4 10 4 11 4 15 5 11 5 12 5 16 6 12 6 13 6 17 7 9 7 13 7 14 8 10 8 14 8 15
D9_1125 18 27 0 11 0 15 0 17 1 9 1 12 1 16 2 10 2 13 2 17 3 9 3 11 3 14 4 10 4 12 4 15 5 11 5 13 5 16 6 12 6 14 6 17 7 9 7 13 7 15 8 10 8 14 8 16
D9_1126 18 36 0 1 0 8 0 11 0 15 1 2 1 12 1 16 2 3 2 13 2 17 3 4 3 9 3 14 4 5 4 10 4 15 5 6 5 11 5 16 6 7 6 12 6 17 7 8 7 9 7 13 8 10 8 14 9 10 9 17 10 11 11 12 12 13 13 14 14 15 15 16 16 17
D9_1127 18 36 0 2 0 7 0 11 0 15 1 3 1 8 1 12 1 16 2 4 2 13 2 17 3 5 3 9 3 14 4 6 4 10 4 15 5 7 5 11 5 16 6 8 6 12 6 17 7 9 7 13 8 10 8 14 9 11 9 16 10 12 10 17 11 13 12 14 13 15 14 16 15 17
D9_1130 18 27 0 11 0 16 0 17 1 9 1 12 1 17 2 9 2 10 2 13 3 10 3 11 3 14 4 11 4 12 4 15 5 12 5 13 5 16 6 13 6 14 6 17 7 9 7 14 7 15 8 10 8 15 8 16
D9_1131 18 36 0 1 0 8 0 11 0 16 1 2 1 12 1 17 2 3 2 9 2 13 3 4 3 10 3 14 4 5 4 11 4 15 5 6 5 12 5 16 6 7 6 13 6 17 7 8 7 9 7 14 8 10 8 15 9 10 9 17 10 11 11 12 12 13 13 14 14 15 15 16 16 17
D9_1135 18 36 0 1 0 8 0 11 0 17 1 2 1 9 1 12 2 3 2 10 2 13 3 4 3 11 3 14 4 5 4 12 4 15 5 6 5 13 5 16 6 7 6 14 6 17 7 8 7 9 7 15 8 10 8 16 9 10 9 17 10 11 11 12 12 13 13 14 14 15 15 16 16 17
D9_1136 18 36 0 2 0 7 0 11 0 17 1 3 1 8 1 9 1 12 2 4 2 10 2 13 3 5 3 11 3 14 4 6 4 12 4 15 5 7 5 13 5 16 6 8 6 14 6 17 7 9 7 15 8 10 8 16 9 11 9 16 10 12 10 17 11 13 12 14 13 15 14 16 15 17
D9_1137 18 36 0 4 0 5 0 11 0 17 1 5 1 6 1 9 1 12 2 6 2 7 2 10 2 13 3 7 3 8 3 11 3 14 4 8 4 12 4 15 5 13 5 16 6 14 6 17 7 9 7 15 8 10 8 16 9 13 9 14 10 14 10 15 11 15 11 16 12 16 12 17 13 17
D9_1144 18 27 0 12 0 13 0 14 1 13 1 14 1 15 2 14 2 15 2 16 3 15 3 16 3 17 4 9 4 16 4 17 5 9 5 10 5 17 6 9 6 10 6 11 7 10 7 11 7 12 8 11 8 12 8 13
D9_1145 18 27 0 12 0 13 0 15 1 13 1 14 1 16 2 14 2 15 2 17 3 9 3 15 3 16 4 10 4 16 4 17 5 9 5 11 5 17 6 9 6 10 6 12 7 10 7 11 7 13 8 11 8 12 8 14
D9_1146 18 27 0 12 0 13 0 16 1 13 1 14 1 17 2 9 2 14 2 15 3 10 3 15 3 16 4 11 4 16 4 17 5 9 5 12 5 17 6 9 6 10 6 13 7 10 7 11 7 14 8 11 8 12 8 15
D9_1147 18 27 0 12 0 13 0 17 1 9 1 13 1 14 2 10 2 14 2 15 3 11 3 15 3 16 4 12 4 16 4 17 5 9 5 13 5 17 6 9 6 10 6 14 7 10 7 11 7 15 8 11 8 12 8 16
D9_1148 18 36 0 2 0 7 0 12 0 13 1 3 1 8 1 13 1 14 2 4 2 14 2 15 3 5 3 15 3 16 4 6 4 16 4 17 5 7 5 9 5 17 6 8 6 9 6 10 7 10 7 11 8 11 8 12 9 11 9 16 10 12 10 17 11 13 12 14 13 15 14 16 15 17
D9_1149 18 36 0 4 0 5 0 12 0 13 1 5 1 6 1 13 1 14 2 6 2 7 2 14 2 15 3 7 3 8 3 15 3 16 4 8 4 16 4 17 5 9 5 17 6 9 6 10 7 10 7 11 8 11 8 12 9 13 9 14 10 14 10 15 11 15 11 16 12 16 12 17 13 17
D9_1152 18 27 0 12 0 14 0 15 1 13 1 15 1 16 2 14 2 16 2 17 3 9 3 15 3 17 4 9 4 10 4 16 5 10 5 11 5 17 6 9 6 11 6 12 7 10 7 12 7 13 8 11 8 13 8 14
D9_1153 18 27 0 12 0 14 0 16 1 13 1 15 1 17 2 9 2 14 2 16 3 10 3 15 3 17 4 9 4 11 4 16 5 10 5 12 5 17 6 9 6 11 6 13 7 10 7 12 7 14 8 11 8 13 8 15
D9_1154 18 27 0 12 0 14 0 17 1 9 1 13 1 15 2 10 2 14 2 16 3 11 3 15 3 17 4 9 4 12 4 16 5 10 5 13 5 17 6 9 6 11 6 14 7 10 7 12 7 15 8 11 8 13 8 16
D9_1155 18 36 0 1 0 8 0 12 0 14 1 2 1 13 1 15 2 3 2 14 2 16 3 4 3 15 3 17 4 5 4 9 4 16 5 6 5 10 5 17 6 7 6 9 6 11 7 8 7 10 7 12 8 11 8 13 9 10 9 17 10 11 11 12 12 13 13 14 14 15 15 16 16 17
D9_1156 18 36 0 4 0 5 0 12 0 14 1 5 1 6 1 13 1 15 2 6 2 7 2 14 2 16 3 7 3 8 3 15 3 17 4 8 4 9 4 16 5 10 5 17 6 9 6 11 7 10 7 12 8 11 8 13 9 13 9 14 10 14 10 15 11 15 11 16 12 16 12 17 13 17
D9_1159 18 27 0 12 0 15 0 16 1 13 1 16 1 17 2 9 2 14 2 17 3 9 3 10 3 15 4 10 4 11 4 16 5 11 5 12 5 17 6 9 6 12 6 13 7 10 7 13 7 14 8 11 8 14 8 15
D9_1160 18 27 0 12 0 15 0 17 1 9 1 13 1 16 2 10 2 14 2 17 3 9 3 11 3 15 4 10 4 12 4 16 5 11 5 13 5 17 6 9 6 12 6 14 7 10 7 13 7 15 8 11 8 14 8 16
D9_1161 18 36 0 1 0 8 0 12 0 15 1 2 1 13 1 16 2 3 2 14 2 17 3 4 3 9 3 15 4 5 4 10 4 16 5 6 5 11 5 17 6 7 6 9 6 12 7 8 7 10 7 13 8 11 8 14 9 10 9 17 10 11 11 12 12 13 13 14 14 15 15 16 16 17
D9_1162 18 36 0 2 0 7 0 12 0 15 1 3 1 8 1 13 1 16 2 4 2 14 2 17 3 5 3 9 3 15 4 6 4 10 4 16 5 7 5 11 5 17 6 8 6 9 6 12 7 10 7 13 8 11 8 14 9 11 9 16 10 12 10 17 11 13 12 14 13 15 14 16 15 17
D9_1163 18 36 0 4 0 5 0 12 0 15 1 5 1 6 1 13 1 16 2 6 2 7 2 14 2 17 3 7 3 8 3 9 3 15 4 8 4 10 4 16 5 11 5 17 6 9 6 12 7 10 7 13 8 11 8 14 9 13 9 14 10 14 10 15 11 15 11 16 12 16 12 17 13 17
D9_1167 18 27 0 12 0 16 0 17 1 9 1 13 1 17 2 9 2 10 2 14 3 10 3 11 3 15 4 11 4 12 4 16 5 12 5 13 5 17 6 9 6 13 6 14 7 10 7 14 7 15 8 11 8 15 8 16
D9_1168 18 36 0 1 0 8 0 12 0 16 1 2 1 13 1 17 2 3 2 9 2 14 3 4 3 10 3 15 4 5 4 11 4 16 5 6 5 12 5 17 6 7 6 9 6 13 7 8 7 10 7 14 8 11 8 15 9 10 9 17 10 11 11 12 12 13 13 14 14 15 15 16 16 17
D9_1169 18 36 0 2 0 7 0 12 0 16 1 3 1 8 1 13 1 17 2 4 2 9 2 14 3 5 3 10 3 15 4 6 4 11 4 16 5 7 5 12 5 17 6 8 6 9 6 13 7 10 7 14 8 11 8 15 9 11 9 16 10 12 10 17 11 13 12 14 13 15 14 16 15 17
D9_1172 18 36 0 1 0 8 0 12 0 17 1 2 1 9 1 13 2 3 2 10 2 14 3 4 3 11 3 15 4 5 4 12 4 16 5 6 5 13 5 17 6 7 6 9 6 14 7 8 7 10 7 15 8 11 8 16 9 10 9 17 10 11 11 12 12 13 13 14 14 15 15 16 16 17
D9_1173 18 36 0 2 0 7 0 12 0 17 1 3 1 8 1 9 1 13 2 4 2 10 2 14 3 5 3 11 3 15 4 6 4 12 4 16 5 7 5 13 5 17 6 8 6 9 6 14 7 10 7 15 8 11 8 16 9 11 9 16 10 12 10 17 11 13 12 14 13 15 14 16 15 17
D9_1179 18 27 0 13 0 14 0 15 1 14 1 15 1 16 2 15 2 16 2 17 3 9 3 16 3 17 4 9 4 10 4 17 5 9 5 10 5 11 6 10 6 11 6 12 7 11 7 12 7 13 8 12 8 13 8 14
D9_1180 18 27 0 13 0 14 0 16 1 14 1 15 1 17 2 9 2 15 2 16 3 10 3 16 3 17 4 9 4 11 4 17 5 9 5 10 5 12 6 10 6 11 6 13 7 11 7 12 7 14 8 12 8 13 8 15
D9_1181 18 27 0 13 0 14 0 17 1 9 1 14 1 15 2 10 2 15 2 16 3 11 3 16 3 17 4 9 4 12 4 17 5 9 5 10 5 13 6 10 6 11 6 14 7 11 7 12 7 15 8 12 8 13 8 16
D9_1182 18 36 0 2 0 7 0 13 0 14 1 3 1 8 1 14 1 15 2 4 2 15 2 16 3 5 3 16 3 17 4 6 4 9 4 17 5 7 5 9 5 10 6 8 6 10 6 11 7 11 7 12 8 12 8 13 9 11 9 16 10 12 10 17 11 13 12 14 13 15 14 16 15 17
D9_1186 18 27 0 13 0 15 0 16 1 14 1 16 1 17 2 9 2 15 2 17 3 9 3 10 3 16 4 10 4 11 4 17 5 9 5 11 5 12 6 10 6 12 6 13 7 11 7 13 7 14 8 12 8 14 8 15
D9_1187 18 27 0 13 0 15 0 17 1 9 1 14 1 16 2 10 2 15 2 17 3 9 3 11 3 16 4 10 4 12 4 17 5 9 5 11 5 13 6 10 6 12 6 14 7 11 7 13 7 15 8 12 8 14 8 16
D9_1188 18 36 0 1 0 8 0 13 0 15 1 2 1 14 1 16 2 3 2 15 2 17 3 4 3 9 3 16 4 5 4 10 4 17 5 6 5 9 5 11 6 7 6 10 6 12 7 8 7 11 7 13 8 12 8 14 9 10 9 17 10 11 11 12 12 13 13 14 14 15 15 16 16 17
D9_1189 18 36 0 4 0 5 0 13 0 15 1 5 1 6 1 14 1 16 2 6 2 7 2 15 2 17 3 7 3 8 3 9 3 16 4 8 4 10 4 17 5 9 5 11 6 10 6 12 7 11 7 13 8 12 8 14 9 13 9 14 10 14 10 15 11 15 11 16 12 16 12 17 13 17
D9_1192 18 27 0 13 0 16 0 17 1 9 1 14 1 17 2 9 2 10 2 15 3 10 3 11 3 16 4 11 4 12 4 17 5 9 5 12 5 13 6 10 6 13 6 14 7 11 7 14 7 15 8 12 8 15 8 16
D9_1193 18 36 0 1 0 8 0 13 0 16 1 2 1 14 1 17 2 3 2 9 2 15 3 4 3 10 3 16 4 5 4 11 4 17 5 6 5 9 5 12 6 7 6 10 6 13 7 8 7 11 7 14 8 12 8 15 9 10 9 17 10 11 11 12 12 13 13 14 14 15 15 16 16 17
D9_1194 18 36 0 2 0 7 0 13 0 16 1 3 1 8 1 14 1 17 2 4 2 9 2 15 3 5 3 10 3 16 4 6 4 11 4 17 5 7 5 9 5 12 6 8 6 10 6 13 7 11 7 14 8 12 8 15 9 11 9 16 10 12 10 17 11 13 12 14 13 15 14 16 15 17
D9_1195 18 36 0 4 0 5 0 13 0 16 1 5 1 6 1 14 1 17 2 6 2 7 2 9 2 15 3 7 3 8 3 10 3 16 4 8 4 11 4 17 5 9 5 12 6 10 6 13 7 11 7 14 8 12 8 15 9 13 9 14 10 14 10 15 11 15 11 16 12 16 12 17 13 17
D9_1199 18 36 0 1 0 8 0 13 0 17 1 2 1 9 1 14 2 3 2 10 2 15 3 4 3 11 3 16 4 5 4 12 4 17 5 6 5 9 5 13 6 7 6 10 6 14 7 8 7 11 7 15 8 12 8 16 9 10 9 17 10 11 11 12 12 13 13 14 14 15 15 16 16 17
D9_1200 18 36 0 2 0 7 0 13 0 17 1 3 1 8 1 9 1 14 2 4 2 10 2 15 3 5 3 11 3 16 4 6 4 12 4 17 5 7 5 9 5 13 6 8 6 10 6 14 7 11 7 15 8 12 8 16 9 11 9 16 10 12 10 17 11 13 12 14 13 15 14 16 15 17
D9_1206 18 27 0 14 0 15 0 16 1 15 1 16 1 17 2 9 2 16 2 17 3 9 3 10 3 17 4 9 4 10 4 11 5 10 5 11 5 12 6 11 6 12 6 13 7 12 7 13 7 14 8 13 8 14 8 15
D9_1207 18 27 0 14 0 15 0 17 1 9 1 15 1 16 2 10 2 16 2 17 3 9 3 11 3 17 4 9 4 10 4 12 5 10 5 11 5 13 6 11 6 12 6 14 7 12 7 13 7 15 8 13 8 14 8 16
D9_1208 18 36 0 2 0 7 0 14 0 15 1 3 1 8 1 15 1 16 2 4 2 16 2 17 3 5 3 9 3 17 4 6 4 9 4 10 5 7 5 10 5 11 6 8 6 11 6 12 7 12 7 13 8 13 8 14 9 11 9 16 10 12 10 17 11 13 12 14 13 15 14 16 15 17
D9_1209 18 36 0 4 0 5 0 14 0 15 1 5 1 6 1 15 1 16 2 6 2 7 2 16 2 17 3 7 3 8 3 9 3 17 4 8 4 9 4 10 5 10 5 11 6 11 6 12 7 12 7 13 8 13 8 14 9 13 9 14 10 14 10 15 11 15 11 16 12 16 12 17 13 17
D9_1212 18 27 0 14 0 16 0 17 1 9 1 15 1 17 2 9 2 10 2 16 3 10 3 11 3 17 4 9 4 11 4 12 5 10 5 12 5 13 6 11 6 13 6 14 7 12 7 14 7 15 8 13 8 15 8 16
D9_1213 18 36 0 1 0 8 0 14 0 16 1 2 1 15 1 17 2 3 2 9 2 16 3 4 3 10 3 17 4 5 4 9 4 11 5 6 5 10 5 12 6 7 6 11 6 13 7 8 7 12 7 14 8 13 8 15 9 10 9 17 10 11 11 12 12 13 13 14 14 15 15 16 16 17
D9_1214 18 36 0 4 0 5 0 14 0 16 1 5 1 6 1 15 1 17 2 6 2 7 2 9 2 16 3 7 3 8 3 10 3 17 4 8 4 9 4 11 5 10 5 12 6 11 6 13 7 12 7 14 8 13 8 15 9 13 9 14 10 14 10 15 11 15 11 16 12 16 12 17 13 17
D9_1217 18 36 0 1 0 8 0 14 0 17 1 2 1 9 1 15 2 3 2 10 2 16 3 4 3 11 3 17 4 5 4 9 4 12 5 6 5 10 5 13 6 7 6 11 6 14 7 8 7 12 7 15 8 13 8 16 9 10 9 17 10 11 11 12 12 13 13 14 14 15 15 16 16 17
D9_1218 18 36 0 2 0 7 0 14 0 17 1 3 1 8 1 9 1 15 2 4 2 10 2 16 3 5 3 11 3 17 4 6 4 9 4 12 5 7 5 10 5 13 6 8 6 11 6 14 7 12 7 15 8 13 8 16 9 11 9 16 10 12 10 17 11 13 12 14 13 15 14 16 15 17
D9_1219 18 36 0 4 0 5 0 14 0 17 1 5 1 6 1 9 1 15 2 6 2 7 2 10 2 16 3 7 3 8 3 11 3 17 4 8 4 9 4 12 5 10 5 13 6 11 6 14 7 12 7 15 8 13 8 16 9 13 9 14 10 14 10 15 11 15 11 16 12 16 12 17 13 17
D9_1226 18 27 0 15 0 16 0 17 1 9 1 16 1 17 2 9 2 10 2 17 3 9 3 10 3 11 4 10 4 11 4 12 5 11 5 12 5 13 6 12 6 13 6 14 7 13 7 14 7 15 8 14 8 15 8 16
D9_1227 18 36 0 2 0 7 0 15 0 16 1 3 1 8 1 16 1 17 2 4 2 9 2 17 3 5 3 9 3 10 4 6 4 10 4 11 5 7 5 11 5 12 6 8 6 12 6 13 7 13 7 14 8 14 8 15 9 11 9 16 10 12 10 17 11 13 12 14 13 15 14 16 15 17
D9_1228 18 36 0 4 0 5 0 15 0 16 1 5 1 6 1 16 1 17 2 6 2 7 2 9 2 17 3 7 3 8 3 9 3 10 4 8 4 10 4 11 5 11 5 12 6 12 6 13 7 13 7 14 8 14 8 15 9 13 9 14 10 14 10 15 11 15 11 16 12 16 12 17 13 17
D9_1231 18 36 0 1 0 8 0 15 0 17 1 2 1 9 1 16 2 3 2 10 2 17 3 4 3 9 3 11 4 5 4 10 4 12 5 6 5 11 5 13 6 7 6 12 6 14 7 8 7 13 7 15 8 14 8 16 9 10 9 17 10 11 11 12 12 13 13 14 14 15 15 16 16 17
D9_1232 18 36 0 4 0 5 0 15 0 17 1 5 1 6 1 9 1 16 2 6 2 7 2 10 2 17 3 7 3 8 3 9 3 11 4 8 4 10 4 12 5 11 5 13 6 12 6 14 7 13 7 15 8 14 8 16 9 13 9 14 10 14 10 15 11 15 11 16 12 16 12 17 13 17
D9_1238 18 36 0 2 0 7 0 16 0 17 1 3 1 8 1 9 1 17 2 4 2 9 2 10 3 5 3 10 3 11 4 6 4 11 4 12 5 7 5 12 5 13 6 8 6 13 6 14 7 14 7 15 8 15 8 16 9 11 9 16 10 12 10 17 11 13 12 14 13 15 14 16 15 17
D9_1239 18 36 0 4 0 5 0 16 0 17 1 5 1 6 1 9 1 17 2 6 2 7 2 9 2 10 3 7 3 8 3 10 3 11 4 8 4 11 4 12 5 12 5 13 6 13 6 14 7 14 7 15 8 15 8 16 9 13 9 14 10 14 10 15 11 15 11 16 12 16 12 17 13 17
D10_1249 20 10 0 11 1 12 2 13 3 14 4 15 5 16 6 17 7 18 8 19 9 10
D10_1250 20 10 0 12 1 13 2 14 3 15 4 16 5 17 6 18 7 19 8 10 9 11
D10_1251 20 10 0 13 1 14 2 15 3 16 4 17 5 18 6 19 7 10 8 11 9 12
D10_1252 20 10 0 14 1 15 2 16 3 17 4 18 5 19 6 10 7 11 8 12 9 13
D10_1253 20 10 0 15 1 16 2 17 3 18 4 19 5 10 6 11 7 12 8 13 9 14
D10_1254 20 10 0 16 1 17 2 18 3 19 4 10 5 11 6 12 7 13 8 14 9 15
D10_1255 20 10 0 17 1 18 2 19 3 10 4 11 5 12 6 13 7 14 8 15 9 16
D10_1256 20 10 0 18 1 19 2 10 3 11 4 12 5 13 6 14 7 15 8 16 9 17
D10_1257 20 10 0 19 1 10 2 11 3 12 4 13 5 14 6 15 7 16 8 17 9 18
D10_1258 20 20 0 1 0 9 1 2 2 3 3 4 4 5 5 6 6 7 7 8 8 9 10 11 10 19 11 12 12 13 13 14 14 15 15 16 16 17 17 18 18 19
D10_1259 20 20 0 2 0 8 1 3 1 9 2 4 3 5 4 6 5 7 6 8 7 9 10 12 10 18 11 13 11 19 12 14 13 15 14 16 15 17 16 18 17 19
D10_1260 20 20 0 3 0 7 1 4 1 8 2 5 2 9 3 6 4 7 5 8 6 9 10 13 10 17 11 14 11 18 12 15 12 19 13 16 14 17 15 18 16 19
D10_1261 20 20 0 4 0 6 1 5 1 7 2 6 2 8 3 7 3 9 4 8 5 9 10 14 10 16 11 15 11 17 12 16 12 18 13 17 13 19 14 18 15 19
D10_1262 20 10 0 5 1 6 2 7 3 8 4 9 10 15 11 16 12 17 13 18 14 19
D10_1267 20 20 0 10 0 11 1 11 1 12 2 12 2 13 3 13 3 14 4 14 4 15 5 15 5 16 6 16 6 17 7 17 7 18 8 18 8 19 9 10 9 19
D10_1268 20 20 0 10 0 12 1 11 1 13 2 12 2 14 3 13 3 15 4 14 4 16 5 15 5 17 6 16 6 18 7 17 7 19 8 10 8 18 9 11 9 19
D10_1269 20 20 0 10 0 13 1 11 1 14 2 12 2 15 3 13 3 16 4 14 4 17 5 15 5 18 6 16 6 19 7 10 7 17 8 11 8 18 9 12 9 19
D10_1270 20 20 0 10 0 14 1 11 1 15 2 12 2 16 3 13 3 17 4 14 4 18 5 15 5 19 6 10 6 16 7 11 7 17 8 12 8 18 9 13 9 19
D10_1271 20 20 0 10 0 15 1 11 1 16 2 12 2 17 3 13 3 18 4 14 4 19 5 10 5 15 6 11 6 16 7 12 7 17 8 13 8 18 9 14 9 19
D10_1272 20 20 0 10 0 16 1 11 1 17 2 12 2 18 3 13 3 19 4 10 4 14 5 11 5 15 6 12 6 16 7 13 7 17 8 14 8 18 9 15 9 19
D10_1273 20 20 0 10 0 17 1 11 1 18 2 12 2 19 3 10 3 13 4 11 4 14 5 12 5 15 6 13 6 16 7 14 7 17 8 15 8 18 9 16 9 19
D10_1274 20 20 0 10 0 18 1 11 1 19 2 10 2 12 3 11 3 13 4 12 4 14 5 13 5 15 6 14 6 16 7 15 7 17 8 16 8 18 9 17 9 19
D10_1275 20 20 0 10 0 19 1 10 1 11 2 11 2 12 3 12 3 13 4 13 4 14 5 14 5 15 6 15 6 16 7 16 7 17 8 17 8 18 9 18 9 19
D10_1276 20 30 0 1 0 9 0 10 1 2 1 11 2 3 2 12 3 4 3 13 4 5 4 14 5 6 5 15 6 7 6 16 7 8 7 17 8 9 8 18 9 19 10 11 10 19 11 12 12 13 13 14 14 15 15 16 16 17 17 18 18 19
D10_1277 20 30 0 2 0 8 0 10 1 3 1 9 1 11 2 4 2 12 3 5 3 13 4 6 4 14 5 7 5 15 6 8 6 16 7 9 7 17 8 18 9 19 10 12 10 18 11 13 11 19 12 14 13 15 14 16 15 17 16 18 17 19
D10_1278 20 30 0 3 0 7 0 10 1 4 1 8 1 11 2 5 2 9 2 12 3 6 3 13 4 7 4 14 5 8 5 15 6 9 6 16 7 17 8 18 9 19 10 13 10 17 11 14 11 18 12 15 12 19 13 16 14 17 15 18 16 19
D10_1279 20 30 0 4 0 6 0 10 1 5 1 7 1 11 2 6 2 8 2 12 3 7 3 9 3 13 4 8 4 14 5 9 5 15 6 16 7 17 8 18 9 19 10 14 10 16 11 15 11 17 12 16 12 18 13 17 13 19 14 18 15 19
D10_1280 20 20 0 5 0 10 1 6 1 11 2 7 2 12 3 8 3 13 4 9 4 14 5 15 6 16 7 17 8 18 9 19 10 15 11 16 12 17 13 18 14 19
D10_1285 20 20 0 11 0 12 1 12 1 13 2 13 2 14 3 14 3 15 4 15 4 16 5 16 5 17 6 17 6 18 7 18 7 19 8 10 8 19 9 10 9 11
D10_1286 20 20 0 11 0 13 1 12 1 14 2 13 2 15 3 14 3 16 4 15 4 17 5 16 5 18 6 17 6 19 7 10 7 18 8 11 8 19 9 10 9 12
D10_1287 20 20 0 11 0 14 1 12 1 15 2 13 2 16 3 14 3 17 4 15 4 18 5 16 5 19 6 10 6 17 7 11 7 18 8 12 8 19 9 10 9 13
D10_1288 20 20 0 11 0 15 1 12 1 16 2 13 2 17 3 14 3 18 4 15 4 19 5 10 5 16 6 11 6 17 7 12 7 18 8 13 8 19 9 10 9 14
D10_1289 20 20 0 11 0 16 1 12 1 17 2 13 2 18 3 14 3 19 4 10 4 15 5 11 5 16 6 12 6 17 7 13 7 18 8 14 8 19 9 10 9 15
D10_1290 20 20 0 11 0 17 1 12 1 18 2 13 2 19 3 10 3 14 4 11 4 15 5 12 5 16 6 13 6 17 7 14 7 18 8 15 8 19 9 10 9 16
D10_1291 20 20 0 11 0 18 1 12 1 19 2 10 2 13 3 11 3 14 4 12 4 15 5 13 5 16 6 14 6 17 7 15 7 18 8 16 8 19 9 10 9 17
D10_1292 20 20 0 11 0 19 1 10 1 12 2 11 2 13 3 12 3 14 4 13 4 15 5 14 5 16 6 15 6 17 7 16 7 18 8 17 8 19 9 10 9 18
D10_1293 20 30 0 1 0 9 0 11 1 2 1 12 2 3 2 13 3 4 3 14 4 5 4 15 5 6 5 16 6 7 6 17 7 8 7 18 8 9 8 19 9 10 10 11 10 19 11 12 12 13 13 14 14 15 15 16 16 17 17 18 18 19
D10_1294 20 30 0 2 0 8 0 11 1 3 1 9 1 12 2 4 2 13 3 5 3 14 4 6 4 15 5 7 5 16 6 8 6 17 7 9 7 18 8 19 9 10 10 12 10 18 11 13 11 19 12 14 13 15 14 16 15 17 16 18 17 19
D10_1295 20 30 0 3 0 7 0 11 1 4 1 8 1 12 2 5 2 9 2 13 3 6 3 14 4 7 4 15 5 8 5 16 6 9 6 17 7 18 8 19 9 10 10 13 10 17 11 14 11 18 12 15 12 19 13 16 14 17 15 18 16 19
D10_1296 20 30 0 4 0 6 0 11 1 5 1 7 1 12 2 6 2 8 2 13 3 7 3 9 3 14 4 8 4 15 5 9 5 16 6 17 7 18 8 19 9 10 10 14 10 16 11 15 11 17 12 16 12 18 13 17 13 19 14 18 15 19
D10_1297 20 20 0 5 0 11 1 6 1 12 2 7 2 13 3 8 3 14 4 9 4 15 5 16 6 17 7 18 8 19 9 10 10 15 11 16 12 17 13 18 14 19
D10_1302 20 20 0 12 0 13 1 13 1 14 2 14 2 15 3 15 3 16 4 16 4 17 5 17 5 18 6 18 6 19 7 10 7 19 8 10 8 11 9 11 9 12
D10_1303 20 20 0 12 0 14 1 13 1 15 2 14 2 16 3 15 3 17 4 16 4 18 5 17 5 19 6 10 6 18 7 11 7 19 8 10 8 12 9 11 9 13
D10_1304 20 20 0 12 0 15 1 13 1 16 2 14 2 17 3 15 3 18 4 16 4 19 5 10 5 17 6 11 6 18 7 12 7 19 8 10 8 13 9 11 9 14
D10_1305 20 20 0 12 0 16 1 13 1 17 2 14 2 18 3 15 3 19 4 10 4 16 5 11 5 17 6 12 6 18 7 13 7 19 8 10 8 14 9 11 9 15
D10_1306 20 20 0 12 0 17 1 13 1 18 2 14 2 19 3 10 3 15 4 11 4 16 5 12 5 17 6 13 6 18 7 14 7 19 8 10 8 15 9 11 9 16
D10_1307 20 20 0 12 0 18 1 13 1 19 2 10 2 14 3 11 3 15 4 12 4 16 5 13 5 17 6 14 6 18 7 15 7 19 8 10 8 16 9 11 9 17
D10_1308 20 20 0 12 0 19 1 10 1 13 2 11 2 14 3 12 3 15 4 13 4 16 5 14 5 17 6 15 6 18 7 16 7 19 8 10 8 17 9 11 9 18
D10_1309 20 30 0 1 0 9 0 12 1 2 1 13 2 3 2 14 3 4 3 15 4 5 4 16 5 6 5 17 6 7 6 18 7 8 7 19 8 9 8 10 9 11 10 11 10 19 11 12 12 13 13 14 14 15 15 16 16 17 17 18 18 19
D10_1310 20 30 0 2 0 8 0 12 1 3 1 9 1 13 2 4 2 14 3 5 3 15 4 6 4 16 5 7 5 17 6 8 6 18 7 9 7 19 8 10 9 11 10 12 10 18 11 13 11 19 12 14 13 15 14 16 15 17 16 18 17 19
D10_1311 20 30 0 3 0 7 0 12 1 4 1 8 1 13 2 5 2 9 2 14 3 6 3 15 4 7 4 16 5 8 5 17 6 9 6 18 7 19 8 10 9 11 10 13 10 17 11 14 11 18 12 15 12 19 13 16 14 17 15 18 16 19
D10_1312 20 30 0 4 0 6 0 12 1 5 1 7 1 13 2 6 2 8 2 14 3 7 3 9 3 15 4 8 4 16 5 9 5 17 6 18 7 19 8 10 9 11 10 14 10 16 11 15 11 17 12 16 12 18 13 17 13 19 14 18 15 19
D10_1313 20 20 0 5 0 12 1 6 1 13 2 7 2 14 3 8 3 15 4 9 4 16 5 17 6 18 7 19 8 10 9 11 10 15 11 16 12 17 13 18 14 19
D10_1318 20 20 0 13 0 14 1 14 1 15 2 15 2 16 3 16 3 17 4 17 4 18 5 18 5 19 6 10 6 19 7 10 7 11 8 11 8 12 9 12 9 13
D10_1319 20 20 0 13 0 15 1 14 1 16 2 15 2 17 3 16 3 18 4 17 4 19 5 10 5 18 6 11 6 19 7 10 7 12 8 11 8 13 9 12 9 14
D10_1320 20 20 0 13 0 16 1 14 1 17 2 15 2 18 3 16 3 19 4 10 4 17 5 11 5 18 6 12 6 19 7 10 7 13 8 11 8 14 9 12 9 15
D10_1321 20 20 0 13 0 17 1 14 1 18 2 15 2 19 3 10 3 16 4 11 4 17 5 12 5 18 6 13 6 19 7 10 7 14 8 11 8 15 9 12 9 16
D10_1322 20 20 0 13 0 18 1 14 1 19 2 10 2 15 3 11 3 16 4 12 4 17 5 13 5 18 6 14 6 19 7 10 7 15 8 11 8 16 9 12 9 17
D10_1323 20 20 0 13 0 19 1 10 1 14 2 11 2 15 3 12 3 16 4 13 4 17 5 14 5 18 6 15 6 19 7 10 7 16 8 11 8 17 9 12 9 18
D10_1324 20 30 0 1 0 9 0 13 1 2 1 14 2 3 2 15 3 4 3 16 4 5 4 17 5 6 5 18 6 7 6 19 7 8 7 10 8 9 8 11 9 12 10 11 10 19 11 12 12 13 13 14 14 15 15 16 16 17 17 18 18 19
D10_1325 20 30 0 2 0 8 0 13 1 3 1 9 1 14 2 4 2 15 3 5 3 16 4 6 4 17 5 7 5 18 6 8 6 19 7 9 7 10 8 11 9 12 10 12 10 18 11 13 11 19 12 14 13 15 14 16 15 17 16 18 17 19
D10_1326 20 30 0 3 0 7 0 13 1 4 1 8 1 14 2 5 2 9 2 15 3 6 3 16 4 7 4 17 5 8 5 18 6 9 6 19 7 10 8 11 9 12 10 13 10 17 11 14 11 18 12 15 12 19 13 16 14 17 15 18 16 19
D10_1327 20 30 0 4 0 6 0 13 1 5 1 7 1 14 2 6 2 8 2 15 3 7 3 9 3 16 4 8 4 17 5 9 5 18 6 19 7 10 8 11 9 12 10 14 10 16 11 15 11 17 12 16 12 18 13 17 13 19 14 18 15 19
D10_1328 20 20 0 5 0 13 1 6 1 14 2 7 2 15 3 8 3 16 4 9 4 17 5 18 6 19 7 10 8 11 9 12 10 15 11 16 12 17 13 18 14 19
D10_1333 20 20 0 14 0 15 1 15 1 16 2 16 2 17 3 17 3 18 4 18 4 19 5 10 5 19 6 10 6 11 7 11 7 12 8 12 8 13 9 13 9 14
D10_1334 20 20 0 14 0 16 1 15 1 17 2 16 2 18 3 17 3 19 4 10 4 18 5 11 5 19 6 10 6 12 7 11 7 13 8 12 8 14 9 13 9 15
D10_1335 20 20 0 14 0 17 1 15 1 18 2 16 2 19 3 10 3 17 4 11 4 18 5 12 5 19 6 10 6 13 7 11 7 14 8 12 8 15 9 13 9 16
D10_1336 20 20 0 14 0 18 1 15 1 19 2 10 2 16 3 11 3 17 4 12 4 18 5 13 5 19 6 10 6 14 7 11 7 15 8 12 8 16 9 13 9 17
D10_1337 20 20 0 14 0 19 1 10 1 15 2 11 2 16 3 12 3 17 4 13 4 18 5 14 5 19 6 10 6 15 7 11 7 16 8 12 8 17 9 13 9 18
D10_1338 20 30 0 1 0 9 0 14 1 2 1 15 2 3 2 16 3 4 3 17 4 5 4 18 5 6 5 19 6 7 6 10 7 8 7 11 8 9 8 12 9 13 10 11 10 19 11 12 12 13 13 14 14 15 15 16 16 17 17 18 18 19
D10_1339 20 30 0 2 0 8 0 14 1 3 1 9 1 15 2 4 2 16 3 5 3 17 4 6 4 18 5 7 5 19 6 8 6 10 7 9 7 11 8 12 9 13 10 12 10 18 11 13 11 19 12 14 13 15 14 16 15 17 16 18 17 19
D10_1340 20 30 0 3 0 7 0 14 1 4 1 8 1 15 2 5 2 9 2 16 3 6 3 17 4 7 4 18 5 8 5 19 6 9 6 10 7 11 8 12 9 13 10 13 10 17 11 14 11 18 12 15 12 19 13 16 14 17 15 18 16 19
D10_1341 20 30 0 4 0 6 0 14 1 5 1 7 1 15 2 6 2 8 2 16 3 7 3 9 3 17 4 8 4 18 5 9 5 19 6 10 7 11 8 12 9 13 10 14 10 16 11 15 11 17 12 16 12 18 13 17 13 19 14 18 15 19
D10_1342 20 20 0 5 0 14 1 6 1 15 2 7 2 16 3 8 3 17 4 9 4 18 5 19 6 10 7 11 8 12 9 13 10 15 11 16 12 17 13 18 14 19
D10_1347 20 20 0 15 0 16 1 16 1 17 2 17 2 18 3 18 3 19 4 10 4 19 5 10 5 11 6 11 6 12 7 12 7 13 8 13 8 14 9 14 9 15
D10_1348 20 20 0 15 0 17 1 16 1 18 2 17 2 19 3 10 3 18 4 11 4 19 5 10 5 12 6 11 6 13 7 12 7 14 8 13 8 15 9 14 9 16
D10_1349 20 20 0 15 0 18 1 16 1 19 2 10 2 17 3 11 3 18 4 12 4 19 5 10 5 13 6 11 6 14 7 12 7 15 8 13 8 16 9 14 9 17
D10_1350 20 20 0 15 0 19 1 10 1 16 2 11 2 17 3 12 3 18 4 13 4 19 5 10 5 14 6 11 6 15 7 12 7 16 8 13 8 17 9 14 9 18
D10_1351 20 30 0 1 0 9 0 15 1 2 1 16 2 3 2 17 3 4 3 18 4 5 4 19 5 6 5 10 6 7 6 11 7 8 7 12 8 9 8 13 9 14 10 11 10 19 11 12 12 13 13 14 14 15 15 16 16 17 17 18 18 19
D10_1352 20 30 0 2 0 8 0 15 1 3 1 9 1 16 2 4 2 17 3 5 3 18 4 6 4 19 5 7 5 10 6 8 6 11 7 9 7 12 8 13 9 14 10 12 10 18 11 13 11 19 12 14 13 15 14 16 15 17 16 18 17 19
D10_1353 20 30 0 3 0 7 0 15 1 4 1 8 1 16 2 5 2 9 2 17 3 6 3 18 4 7 4 19 5 8 5 10 6 9 6 11 7 12 8 13 9 14 10 13 10 17 11 14 11 18 12 15 12 19 13 16 14 17 15 18 16 19
D10_1354 20 30 0 4 0 6 0 15 1 5 1 7 1 16 2 6 2 8 2 17 3 7 3 9 3 18 4 8 4 19 5 9 5 10 6 11 7 12 8 13 9 14 10 14 10 16 11 15 11 17 12 16 12 18 13 17 13 19 14 18 15 19
D10_1360 20 20 0 16 0 17 1 17 1 18 2 18 2 19 3 10 3 19 4 10 4 11 5 11 5 12 6 12 6 13 7 13 7 14 8 14 8 15 9 15 9 16
D10_1361 20 20 0 16 0 18 1 17 1 19 2 10 2 18 3 11 3 19 4 10 4 12 5 11 5 13 6 12 6 14 7 13 7 15 8 14 8 16 9 15 9 17
D10_1362 20 20 0 16 0 19 1 10 1 17 2 11 2 18 3 12 3 19 4 10 4 13 5 11 5 14 6 12 6 15 7 13 7 16 8 14 8 17 9 15 9 18
D10_1363 20 30 0 1 0 9 0 16 1 2 1 17 2 3 2 18 3 4 3 19 4 5 4 10 5 6 5 11 6 7 6 12 7 8 7 13 8 9 8 14 9 15 10 11 10 19 11 12 12 13 13 14 14 15 15 16 16 17 17 18 18 19
D10_1364 20 30 0 2 0 8 0 16 1 3 1 9 1 17 2 4 2 18 3 5 3 19 4 6 4 10 5 7 5 11 6 8 6 12 7 9 7 13 8 14 9 15 10 12 10 18 11 13 11 19 12 14 13 15 14 16 15 17 16 18 17 19
D10_1365 20 30 0 3 0 7 0 16 1 4 1 8 1 17 2 5 2 9 2 18 3 6 3 19 4 7 4 10 5 8 5 11 6 9 6 12 7 13 8 14 9 15 10 13 10 17 11 14 11 18 12 15 12 19 13 16 14 17 15 18 16 19
D10_1366 20 30 0 4 0 6 0 16 1 5 1 7 1 17 2 6 2 8 2 18 3 7 3 9 3 19 4 8 4 10 5 9 5 11 6 12 7 13 8 14 9 15 10 14 10 16 11 15 11 17 12 16 12 18 13 17 13 19 14 18 15 19
D10_1367 20 20 0 5 0 16 1 6 1 17 2 7 2 18 3 8 3 19 4 9 4 10 5 11 6 12 7 13 8 14 9 15 10 15 11 16 12 17 13 18 14 19
D10_1372 20 20 0 17 0 18 1 18 1 19 2 10 2 19 3 10 3 11 4 11 4 12 5 12 5 13 6 13 6 14 7 14 7 15 8 15 8 16 9 16 9 17
D10_1373 20 20 0 17 0 19 1 10 1 18 2 11 2 19 3 10 3 12 4 11 4 13 5 12 5 14 6 13 6 15 7 14 7 16 8 15 8 17 9 16 9 18
D10_1374 20 30 0 1 0 9 0 17 1 2 1 18 2 3 2 19 3 4 3 10 4 5 4 11 5 6 5 12 6 7 6 13 7 8 7 14 8 9 8 15 9 16 10 11 10 19 11 12 12 13 13 14 14 15 15 16 16 17 17 18 18 19
D10_1375 20 30 0 2 0 8 0 17 1 3 1 9 1 18 2 4 2 19 3 5 3 10 4 6 4 11 5 7 5 12 6 8 6 13 7 9 7 14 8 15 9 16 10 12 10 18 11 13 11 19 12 14 13 15 14 16 15 17 16 18 17 19
D10_1376 20 30 0 3 0 7 0 17 1 4 1 8 1 18 2 5 2 9 2 19 3 6 3 10 4 7 4 11 5 8 5 12 6 9 6 13 7 14 8 15 9 16 10 13 10 17 11 14 11 18 12 15 12 19 13 16 14 17 15 18 16 19
D10_1377 20 30 0 4 0 6 0 17 1 5 1 7 1 18 2 6 2 8 2 19 3 7 3 9 3 10 4 8 4 11 5 9 5 12 6 13 7 14 8 15 9 16 10 14 10 16 11 15 11 17 12 16 12 18 13 17 13 19 14 18 15 19
D10_1378 20 20 0 5 0 17 1 6 1 18 2 7 2 19 3 8 3 10 4 9 4 11 5 12 6 13 7 14 8 15 9 16 10 15 11 16 12 17 13 18 14 19
D10_1383 20 20 0 18 0 19 1 10 1 19 2 10 2 11 3 11 3 12 4 12 4 13 5 13 5 14 6 14 6 15 7 15 7 16 8 16 8 17 9 17 9 18
D10_1384 20 30 0 1 0 9 0 18 1 2 1 19 2 3 2 10 3 4 3 11 4 5 4 12 5 6 5 13 6 7 6 14 7 8 7 15 8 9 8 16 9 17 10 11 10 19 11 12 12 13 13 14 14 15 15 16 16 17 17 18 18 19
D10_1385 20 30 0 2 0 8 0 18 1 3 1 9 1 19 2 4 2 10 3 5 3 11 4 6 4 12 5 7 5 13 6 8 6 14 7 9 7 15 8 16 9 17 10 12 10 18 11 13 11 19 12 14 13 15 14 16 15 17 16 18 17 19
D10_1386 20 30 0 3 0 7 0 18 1 4 1 8 1 19 2 5 2 9 2 10 3 6 3 11 4 7 4 12 5 8 5 13 6 9 6 14 7 15 8 16 9 17 10 13 10 17 11 14 11 18 12 15 12 19 13 16 14 17 15 18 16 19
D10_1387 20 30 0 4 0 6 0 18 1 5 1 7 1 19 2 6 2 8 2 10 3 7 3 9 3 11 4 8 4 12 5 9 5 13 6 14 7 15 8 16 9 17 10 14 10 16 11 15 11 17 12 16 12 18 13 17 13 19 14 18 15 19
D10_1388 20 20 0 5 0 18 1 6 1 19 2 7 2 10 3 8 3 11 4 9 4 12 5 13 6 14 7 15 8 16 9 17 10 15 11 16 12 17 13 18 14 19
D10_1393 20 30 0 1 0 9 0 19 1 2 1 10 2 3 2 11 3 4 3 12 4 5 4 13 5 6 5 14 6 7 6 15 7 8 7 16 8 9 8 17 9 18 10 11 10 19 11 12 12 13 13 14 14 15 15 16 16 17 17 18 18 19
D10_1394 20 30 0 2 0 8 0 19 1 3 1 9 1 10 2 4 2 11 3 5 3 12 4 6 4 13 5 7 5 14 6 8 6 15 7 9 7 16 8 17 9 18 10 12 10 18 11 13 11 19 12 14 13 15 14 16 15 17 16 18 17 19
D10_1395 20 30 0 3 0 7 0 19 1 4 1 8 1 10 2 5 2 9 2 11 3 6 3 12 4 7 4 13 5 8 5 14 6 9 6 15 7 16 8 17 9 18 10 13 10 17 11 14 11 18 12 15 12 19 13 16 14 17 15 18 16 19
D10_1396 20 30 0 4 0 6 0 19 1 5 1 7 1 10 2 6 2 8 2 11 3 7 3 9 3 12 4 8 4 13 5 9 5 14 6 15 7 16 8 17 9 18 10 14 10 16 11 15 11 17 12 16 12 18 13 17 13 19 14 18 15 19
D10_1397 20 20 0 5 0 19 1 6 1 10 2 7 2 11 3 8 3 12 4 9 4 13 5 14 6 15 7 16 8 17 9 18 10 15 11 16 12 17 13 18 14 19
D10_1402 20 40 0 1 0 3 0 7 0 9 1 2 1 4 1 8 2 3 2 5 2 9 3 4 3 6 4 5 4 7 5 6 5 8 6 7 6 9 7 8 8 9 10 11 10 13 10 17 10 19 11 12 11 14 11 18 12 13 12 15 12 19 13 14 13 16 14 15 14 17 15 16 15 18 16 17 16 19 17 18 18 19
D10_1403 20 40 0 1 0 4 0 6 0 9 1 2 1 5 1 7 2 3 2 6 2 8 3 4 3 7 3 9 4 5 4 8 5 6 5 9 6 7 7 8 8 9 10 11 10 14 10 16 10 19 11 12 11 15 11 17 12 13 12 16 12 18 13 14 13 17 13 19 14 15 14 18 15 16 15 19 16 17 17 18 18 19
D10_1404 20 30 0 1 0 5 0 9 1 2 1 6 2 3 2 7 3 4 3 8 4 5 4 9 5 6 6 7 7 8 8 9 10 11 10 15 10 19 11 12 11 16 12 13 12 17 13 14 13 18 14 15 14 19 15 16 16 17 17 18 18 19
D10_1408 20 40 0 2 0 3 0 7 0 8 1 3 1 4 1 8 1 9 2 4 2 5 2 9 3 5 3 6 4 6 4 7 5 7 5 8 6 8 6 9 7 9 10 12 10 13 10 17 10 18 11 13 11 14 11 18 11 19 12 14 12 15 12 19 13 15 13 16 14 16 14 17 15 17 15 18 16 18 16 19 17 19
D10_1409 20 30 0 2 0 5 0 8 1 3 1 6 1 9 2 4 2 7 3 5 3 8 4 6 4 9 5 7 6 8 7 9 10 12 10 15 10 18 11 13 11 16 11 19 12 14 12 17 13 15 13 18 14 16 14 19 15 17 16 18 17 19
D10_1412 20 30 0 3 0 5 0 7 1 4 1 6 1 8 2 5 2 7 2 9 3 6 3 8 4 7 4 9 5 8 6 9 10 13 10 15 10 17 11 14 11 16 11 18 12 15 12 17 12 19 13 16 13 18 14 17 14 19 15 18 16 19
D10_1416 20 30 0 4 0 5 0 6 1 5 1 6 1 7 2 6 2 7 2 8 3 7 3 8 3 9 4 8 4 9 5 9 10 14 10 15 10 16 11 15 11 16 11 17 12 16 12 17 12 18 13 17 13 18 13 19 14 18 14 19 15 19
D10_1426 20 30 0 10 0 11 0 12 1 11 1 12 1 13 2 12 2 13 2 14 3 13 3 14 3 15 4 14 4 15 4 16 5 15 5 16 5 17 6 16 6 17 6 18 7 17 7 18 7 19 8 10 8 18 8 19 9 10 9 11 9 19
D10_1427 20 30 0 10 0 11 0 13 1 11 1 12 1 14 2 12 2 13 2 15 3 13 3 14 3 16 4 14 4 15 4 17 5 15 5 16 5 18 6 16 6 17 6 19 7 10 7 17 7 18 8 11 8 18 8 19 9 10 9 12 9 19
D10_1428 20 30 0 10 0 11 0 14 1 11 1 12 1 15 2 12 2 13 2 16 3 13 3 14 3 17 4 14 4 15 4 18 5 15 5 16 5 19 6 10 6 16 6 17 7 11 7 17 7 18 8 12 8 18 8 19 9 10 9 13 9 19
D10_1429 20 30 0 10 0 11 0 15 1 11 1 12 1 16 2 12 2 13 2 17 3 13 3 14 3 18 4 14 4 15 4 19 5 10 5 15 5 16 6 11 6 16 6 17 7 12 7 17 7 18 8 13 8 18 8 19 9 10 9 14 9 19
D10_1430 20 30 0 10 0 11 0 16 1 11 1 12 1 17 2 12 2 13 2 18 3 13 3 14 3 19 4 10 4 14 4 15 5 11 5 15 5 16 6 12 6 16 6 17 7 13 7 17 7 18 8 14 8 18 8 19 9 10 9 15 9 19
D10_1431 20 30 0 10 0 11 0 17 1 11 1 12 1 18 2 12 2 13 2 19 3 10 3 13 3 14 4 11 4 14 4 15 5 12 5 15 5 16 6 13 6 16 6 17 7 14 7 17 7 18 8 15 8 18 8 19 9 10 9 16 9 19
D10_1432 20 30 0 10 0 11 0 18 1 11 1 12 1 19 2 10 2 12 2 13 3 11 3 13 3 14 4 12 4 14 4 15 5 13 5 15 5 16 6 14 6 16 6 17 7 15 7 17 7 18 8 16 8 18 8 19 9 10 9 17 9 19
D10_1433 20 30 0 10 0 11 0 19 1 10 1 11 1 12 2 11 2 12 2 13 3 12 3 13 3 14 4 13 4 14 4 15 5 14 5 15 5 16 6 15 6 16 6 17 7 16 7 17 7 18 8 17 8 18 8 19 9 10 9 18 9 19
D10_1434 20 40 0 2 0 8 0 10 0 11 1 3 1 9 1 11 1 12 2 4 2 12 2 13 3 5 3 13 3 14 4 6 4 14 4 15 5 7 5 15 5 16 6 8 6 16 6 17 7 9 7 17 7 18 8 18 8 19 9 10 9 19 10 12 10 18 11 13 11 19 12 14 13 15 14 16 15 17 16 18 17 19
D10_1435 20 40 0 3 0 7 0 10 0 11 1 4 1 8 1 11 1 12 2 5 2 9 2 12 2 13 3 6 3 13 3 14 4 7 4 14 4 15 5 8 5 15 5 16 6 9 6 16 6 17 7 17 7 18 8 18 8 19 9 10 9 19 10 13 10 17 11 14 11 18 12 15 12 19 13 16 14 17 15 18 16 19
D10_1436 20 40 0 4 0 6 0 10 0 11 1 5 1 7 1 11 1 12 2 6 2 8 2 12 2 13 3 7 3 9 3 13 3 14 4 8 4 14 4 15 5 9 5 15 5 16 6 16 6 17 7 17 7 18 8 18 8 19 9 10 9 19 10 14 10 16 11 15 11 17 12 16 12 18 13 17 13 19 14 18 15 19
D10_1437 20 30 0 5 0 10 0 11 1 6 1 11 1 12 2 7 2 12 2 13 3 8 3 13 3 14 4 9 4 14 4 15 5 15 5 16 6 16 6 17 7 17 7 18 8 18 8 19 9 10 9 19 10 15 11 16 12 17 13 18 14 19
D10_1441 20 30 0 10 0 12 0 13 1 11 1 13 1 14 2 12 2 14 2 15 3 13 3 15 3 16 4 14 4 16 4 17 5 15 5 17 5 18 6 16 6 18 6 19 7 10 7 17 7 19 8 10 8 11 8 18 9 11 9 12 9 19
D10_1442 20 30 0 10 0 12 0 14 1 11 1 13 1 15 2 12 2 14 2 16 3 13 3 15 3 17 4 14 4 16 4 18 5 15 5 17 5 19 6 10 6 16 6 18 7 11 7 17 7 19 8 10 8 12 8 18 9 11 9 13 9 19
D10_1443 20 30 0 10 0 12 0 15 1 11 1 13 1 16 2 12 2 14 2 17 3 13 3 15 3 18 4 14 4 16 4 19 5 10 5 15 5 17 6 11 6 16 6 18 7 12 7 17 7 19 8 10 8 13 8 18 9 11 9 14 9 19
D10_1444 20 30 0 10 0 12 0 16 1 11 1 13 1 17 2 12 2 14 2 18 3 13 3 15 3 19 4 10 4 14 4 16 5 11 5 15 5 17 6 12 6 16 6 18 7 13 7 17 7 19 8 10 8 14 8 18 9 11 9 15 9 19
D10_1445 20 30 0 10 0 12 0 17 1 11 1 13 1 18 2 12 2 14 2 19 3 10 3 13 3 15 4 11 4 14 4 16 5 12 5 15 5 17 6 13 6 16 6 18 7 14 7 17 7 19 8 10 8 15 8 18 9 11 9 16 9 19
D10_1446 20 30 0 10 0 12 0 18 1 11 1 13 1 19 2 10 2 12 2 14 3 11 3 13 3 15 4 12 4 14 4 16 5 13 5 15 5 17 6 14 6 16 6 18 7 15 7 17 7 19 8 10 8 16 8 18 9 11 9 17 9 19
D10_1447 20 30 0 10 0 12 0 19 1 10 1 11 1 13 2 11 2 12 2 14 3 12 3 13 3 15 4 13 4 14 4 16 5 14 5 15 5 17 6 15 6 16 6 18 7 16 7 17 7 19 8 10 8 17 8 18 9 11 9 18 9 19
D10_1448 20 40 0 1 0 9 0 10 0 12 1 2 1 11 1 13 2 3 2 12 2 14 3 4 3 13 3 15 4 5 4 14 4 16 5 6 5 15 5 17 6 7 6 16 6 18 7 8 7 17 7 19 8 9 8 10 8 18 9 11 9 19 10 11 10 19 11 12 12 13 13 14 14 15 15 16 16 17 17 18 18 19
D10_1449 20 40 0 3 0 7 0 10 0 12 1 4 1 8 1 11 1 13 2 5 2 9 2 12 2 14 3 6 3 13 3 15 4 7 4 14 4 16 5 8 5 15 5 17 6 9 6 16 6 18 7 17 7 19 8 10 8 18 9 11 9 19 10 13 10 17 11 14 11 18 12 15 12 19 13 16 14 17 15 18 16 19
D10_1450 20 40 0 4 0 6 0 10 0 12 1 5 1 7 1 11 1 13 2 6 2 8 2 12 2 14 3 7 3 9 3 13 3 15 4 8 4 14 4 16 5 9 5 15 5 17 6 16 6 18 7 17 7 19 8 10 8 18 9 11 9 19 10 14 10 16 11 15 11 17 12 16 12 18 13 17 13 19 14 18 15 19
D10_1451 20 30 0 5 0 10 0 12 1 6 1 11 1 13 2 7 2 12 2 14 3 8 3 13 3 15 4 9 4 14 4 16 5 15 5 17 6 16 6 18 7 17 7 19 8 10 8 18 9 11 9 19 10 15 11 16 12 17 13 18 14 19
D10_1455 20 30 0 10 0 13 0 14 1 11 1 14 1 15 2 12 2 15 2 16 3 13 3 16 3 17 4 14 4 17 4 18 5 15 5 18 5 19 6 10 6 16 6 19 7 10 7 11 7 17 8 11 8 12 8 18 9 12 9 13 9 19
D10_1456 20 30 0 10 0 13 0 15 1 11 1 14 1 16 2 12 2 15 2 17 3 13 3 16 3 18 4 14 4 17 4 19 5 10 5 15 5 18 6 11 6 16 6 19 7 10 7 12 7 17 8 11 8 13 8 18 9 12 9 14 9 19
D10_1457 20 30 0 10 0 13 0 16 1 11 1 14 1 17 2 12 2 15 2 18 3 13 3 16 3 19 4 10 4 14 4 17 5 11 5 15 5 18 6 12 6 16 6 19 7 10 7 13 7 17 8 11 8 14 8 18 9 12 9 15 9 19
D10_1458 20 30 0 10 0 13 0 17 1 11 1 14 1 18 2 12 2 15 2 19 3 10 3 13 3 16 4 11 4 14 4 17 5 12 5 15 5 18 6 13 6 16 6 19 7 10 7 14 7 17 8 11 8 15 8 18 9 12 9 16 9 19
D10_1459 20 30 0 10 0 13 0 18 1 11 1 14 1 19 2 10 2 12 2 15 3 11 3 13 3 16 4 12 4 14 4 17 5 13 5 15 5 18 6 14 6 16 6 19 7 10 7 15 7 17 8 11 8 16 8 18 9 12 9 17 9 19
D10_1460 20 30 0 10 0 13 0 19 1 10 1 11 1 14 2 11 2 12 2 15 3 12 3 13 3 16 4 13 4 14 4 17 5 14 5 15 5 18 6 15 6 16 6 19 7 10 7 16 7 17 8 11 8 17 8 18 9 12 9 18 9 19
D10_1461 20 40 0 1 0 9 0 10 0 13 1 2 1 11 1 14 2 3 2 12 2 15 3 4 3 13 3 16 4 5 4 14 4 17 5 6 5 15 5 18 6 7 6 16 6 19 7 8 7 10 7 17 8 9 8 11 8 18 9 12 9 19 10 11 10 19 11 12 12 13 13 14 14 15 15 16 16 17 17 18 18 19
D10_1462 20 40 0 2 0 8 0 10 0 13 1 3 1 9 1 11 1 14 2 4 2 12 2 15 3 5 3 13 3 16 4 6 4 14 4 17 5 7 5 15 5 18 6 8 6 16 6 19 7 9 7 10 7 17 8 11 8 18 9 12 9 19 10 12 10 18 11 13 11 19 12 14 13 15 14 16 15 17 16 18 17 19
D10_1463 20 40 0 4 0 6 0 10 0 13 1 5 1 7 1 11 1 14 2 6 2 8 2 12 2 15 3 7 3 9 3 13 3 16 4 8 4 14 4 17 5 9 5 15 5 18 6 16 6 19 7 10 7 17 8 11 8 18 9 12 9 19 10 14 10 16 11 15 11 17 12 16 12 18 13 17 13 19 14 18 15 19
D10_1464 20 30 0 5 0 10 0 13 1 6 1 11 1 14 2 7 2 12 2 15 3 8 3 13 3 16 4 9 4 14 4 17 5 15 5 18 6 16 6 19 7 10 7 17 8 11 8 18 9 12 9 19 10 15 11 16 12 17 13 18 14 19
D10_1468 20 30 0 10 0 14 0 15 1 11 1 15 1 16 2 12 2 16 2 17 3 13 3 17 3 18 4 14 4 18 4 19 5 10 5 15 5 19 6 10 6 11 6 16 7 11 7 12 7 17 8 12 8 13 8 18 9 13 9 14 9 19
D10_1469 20 30 0 10 0 14 0 16 1 11 1 15 1 17 2 12 2 16 2 18 3 13 3 17 3 19 4 10 4 14 4 18 5 11 5 15 5 19 6 10 6 12 6 16 7 11 7 13 7 17 8 12 8 14 8 18 9 13 9 15 9 19
D10_1470 20 30 0 10 0 14 0 17 1 11 1 15 1 18 2 12 2 16 2 19 3 10 3 13 3 17 4 11 4 14 4 18 5 12 5 15 5 19 6 10 6 13 6 16 7 11 7 14 7 17 8 12 8 15 8 18 9 13 9 16 9 19
D10_1471 20 30 0 10 0 14 0 18 1 11 1 15 1 19 2 10 2 12 2 16 3 11 3 13 3 17 4 12 4 14 4 18 5 13 5 15 5 19 6 10 6 14 6 16 7 11 7 15 7 17 8 12 8 16 8 18 9 13 9 17 9 19
D10_1472 20 30 0 10 0 14 0 19 1 10 1 11 1 15 2 11 2 12 2 16 3 12 3 13 3 17 4 13 4 14 4 18 5 14 5 15 5 19 6 10 6 15 6 16 7 11 7 16 7 17 8 12 8 17 8 18 9 13 9 18 9 19
D10_1473 20 40 0 1 0 9 0 10 0 14 1 2 1 11 1 15 2 3 2 12 2 16 3 4 3 13 3 17 4 5 4 14 4 18 5 6 5 15 5 19 6 7 6 10 6 16 7 8 7 11 7 17 8 9 8 12 8 18 9 13 9 19 10 11 10 19 11 12 12 13 13 14 14 15 15 16 16 17 17 18 18 19
D10_1474 20 40 0 2 0 8 0 10 0 14 1 3 1 9 1 11 1 15 2 4 2 12 2 16 3 5 3 13 3 17 4 6 4 14 4 18 5 7 5 15 5 19 6 8 6 10 6 16 7 9 7 11 7 17 8 12 8 18 9 13 9 19 10 12 10 18 11 13 11 19 12 14 13 15 14 16 15 17 16 18 17 19
D10_1475 20 40 0 3 0 7 0 10 0 14 1 4 1 8 1 11 1 15 2 5 2 9 2 12 2 16 3 6 3 13 3 17 4 7 4 14 4 18 5 8 5 15 5 19 6 9 6 10 6 16 7 11 7 17 8 12 8 18 9 13 9 19 10 13 10 17 11 14 11 18 12 15 12 19 13 16 14 17 15 18 16 19
D10_1476 20 30 0 5 0 10 0 14 1 6 1 11 1 15 2 7 2 12 2 16 3 8 3 13 3 17 4 9 4 14 4 18 5 15 5 19 6 10 6 16 7 11 7 17 8 12 8 18 9 13 9 19 10 15 11 16 12 17 13 18 14 19
D10_1480 20 30 0 10 0 15 0 16 1 11 1 16 1 17 2 12 2 17 2 18 3 13 3 18 3 19 4 10 4 14 4 19 5 10 5 11 5 15 6 11 6 12 6 16 7 12 7 13 7 17 8 13 8 14 8 18 9 14 9 15 9 19
D10_1481 20 30 0 10 0 15 0 17 1 11 1 16 1 18 2 12 2 17 2 19 3 10 3 13 3 18 4 11 4 14 4 19 5 10 5 12 5 15 6 11 6 13 6 16 7 12 7 14 7 17 8 13 8 15 8 18 9 14 9 16 9 19
D10_1482 20 30 0 10 0 15 0 18 1 11 1 16 1 19 2 10 2 12 2 17 3 11 3 13 3 18 4 12 4 14 4 19 5 10 5 13 5 15 6 11 6 14 6 16 7 12 7 15 7 17 8 13 8 16 8 18 9 14 9 17 9 19
D10_1483 20 30 0 10 0 15 0 19 1 10 1 11 1 16 2 11 2 12 2 17 3 12 3 13 3 18 4 13 4 14 4 19 5 10 5 14 5 15 6 11 6 15 6 16 7 12 7 16 7 17 8 13 8 17 8 18 9 14 9 18 9 19
D10_1484 20 40 0 1 0 9 0 10 0 15 1 2 1 11 1 16 2 3 2 12 2 17 3 4 3 13 3 18 4 5 4 14 4 19 5 6 5 10 5 15 6 7 6 11 6 16 7 8 7 12 7 17 8 9 8 13 8 18 9 14 9 19 10 11 10 19 11 12 12 13 13 14 14 15 15 16 16 17 17 18 18 19
D10_1485 20 40 0 2 0 8 0 10 0 15 1 3 1 9 1 11 1 16 2 4 2 12 2 17 3 5 3 13 3 18 4 6 4 14 4 19 5 7 5 10 5 15 6 8 6 11 6 16 7 9 7 12 7 17 8 13 8 18 9 14 9 19 10 12 10 18 11 13 11 19 12 14 13 15 14 16 15 17 16 18 17 19
D10_1486 20 40 0 3 0 7 0 10 0 15 1 4 1 8 1 11 1 16 2 5 2 9 2 12 2 17 3 6 3 13 3 18 4 7 4 14 4 19 5 8 5 10 5 15 6 9 6 11 6 16 7 12 7 17 8 13 8 18 9 14 9 19 10 13 10 17 11 14 11 18 12 15 12 19 13 16 14 17 15 18 16 19
D10_1487 20 40 0 4 0 6 0 10 0 15 1 5 1 7 1 11 1 16 2 6 2 8 2 12 2 17 3 7 3 9 3 13 3 18 4 8 4 14 4 19 5 9 5 10 5 15 6 11 6 16 7 12 7 17 8 13 8 18 9 14 9 19 10 14 10 16 11 15 11 17 12 16 12 18 13 17 13 19 14 18 15 19
D10_1492 20 30 0 10 0 16 0 17 1 11 1 17 1 18 2 12 2 18 2 19 3 10 3 13 3 19 4 10 4 11 4 14 5 11 5 12 5 15 6 12 6 13 6 16 7 13 7 14 7 17 8 14 8 15 8 18 9 15 9 16 9 19
D10_1493 20 30 0 10 0 16 0 18 1 11 1 17 1 19 2 10 2 12 2 18 3 11 3 13 3 19 4 10 4 12 4 14 5 11 5 13 5 15 6 12 6 14 6 16 7 13 7 15 7 17 8 14 8 16 8 18 9 15 9 17 9 19
D10_1494 20 30 0 10 0 16 0 19 1 10 1 11 1 17 2 11 2 12 2 18 3 12 3 13 3 19 4 10 4 13 4 14 5 11 5 14 5 15 6 12 6 15 6 16 7 13 7 16 7 17 8 14 8 17 8 18 9 15 9 18 9 19
D10_1495 20 40 0 1 0 9 0 10 0 16 1 2 1 11 1 17 2 3 2 12 2 18 3 4 3 13 3 19 4 5 4 10 4 14 5 6 5 11 5 15 6 7 6 12 6 16 7 8 7 13 7 17 8 9 8 14 8 18 9 15 9 19 10 11 10 19 11 12 12 13 13 14 14 15 15 16 16 17 17 18 18 19
D10_1496 20 40 0 2 0 8 0 10 0 16 1 3 1 9 1 11 1 17 2 4 2 12 2 18 3 5 3 13 3 19 4 6 4 10 4 14 5 7 5 11 5 15 6 8 6 12 6 16 7 9 7 13 7 17 8 14 8 18 9 15 9 19 10 12 10 18 11 13 11 19 12 14 13 15 14 16 15 17 16 18 17 19
D10_1497 20 40 0 3 0 7 0 10 0 16 1 4 1 8 1 11 1 17 2 5 2 9 2 12 2 18 3 6 3 13 3 19 4 7 4 10 4 14 5 8 5 11 5 15 6 9 6 12 6 16 7 13 7 17 8 14 8 18 9 15 9 19 10 13 10 17 11 14 11 18 12 15 12 19 13 16 14 17 15 18 16 19
D10_1498 20 30 0 5 0 10 0 16 1 6 1 11 1 17 2 7 2 12 2 18 3 8 3 13 3 19 4 9 4 10 4 14 5 11 5 15 6 12 6 16 7 13 7 17 8 14 8 18 9 15 9 19 10 15 11 16 12 17 13 18 14 19
D10_1502 20 30 0 10 0 17 0 18 1 11 1 18 1 19 2 10 2 12 2 19 3 10 3 11 3 13 4 11 4 12 4 14 5 12 5 13 5 15 6 13 6 14 6 16 7 14 7 15 7 17 8 15 8 16 8 18 9 16 9 17 9 19
D10_1503 20 30 0 10 0 17 0 19 1 10 1 11 1 18 2 11 2 12 2 19 3 10 3 12 3 13 4 11 4 13 4 14 5 12 5 14 5 15 6 13 6 15 6 16 7 14 7 16 7 17 8 15 8 17 8 18 9 16 9 18 9 19
D10_1504 20 40 0 1 0 9 0 10 0 17 1 2 1 11 1 18 2 3 2 12 2 19 3 4 3 10 3 13 4 5 4 11 4 14 5 6 5 12 5 15 6 7 6 13 6 16 7 8 7 14 7 17 8 9 8 15 8 18 9 16 9 19 10 11 10 19 11 12 12 13 13 14 14 15 15 16 16 17 17 18 18 19
D10_1505 20 40 0 2 0 8 0 10 0 17 1 3 1 9 1 11 1 18 2 4 2 12 2 19 3 5 3 10 3 13 4 6 4 11 4 14 5 7 5 12 5 15 6 8 6 13 6 16 7 9 7 14 7 17 8 15 8 18 9 16 9 19 10 12 10 18 11 13 11 19 12 14 13 15 14 16 15 17 16 18 17 19
D10_1506 20 40 0 4 0 6 0 10 0 17 1 5 1 7 1 11 1 18 2 6 2 8 2 12 2 19 3 7 3 9 3 10 3 13 4 8 4 11 4 14 5 9 5 12 5 15 6 13 6 16 7 14 7 17 8 15 8 18 9 16 9 19 10 14 10 16 11 15 11 17 12 16 12 18 13 17 13 19 14 18 15 19
D10_1507 20 30 0 5 0 10 0 17 1 6 1 11 1 18 2 7 2 12 2 19 3 8 3 10 3 13 4 9 4 11 4 14 5 12 5 15 6 13 6 16 7 14 7 17 8 15 8 18 9 16 9 19 10 15 11 16 12 17 13 18 14 19
D10_1511 20 30 0 10 0 18 0 19 1 10 1 11 1 19 2 10 2 11 2 12 3 11 3 12 3 13 4 12 4 13 4 14 5 13 5 14 5 15 6 14 6 15 6 16 7 15 7 16 7 17 8 16 8 17 8 18 9 17 9 18 9 19
D10_1512 20 40 0 1 0 9 0 10 0 18 1 2 1 11 1 19 2 3 2 10 2 12 3 4 3 11 3 13 4 5 4 12 4 14 5 6 5 13 5 15 6 7 6 14 6 16 7 8 7 15 7 17 8 9 8 16 8 18 9 17 9 19 10 11 10 19 11 12 12 13 13 14 14 15 15 16 16 17 17 18 18 19
D10_1513 20 40 0 3 0 7 0 10 0 18 1 4 1 8 1 11 1 19 2 5 2 9 2 10 2 12 3 6 3 11 3 13 4 7 4 12 4 14 5 8 5 13 5 15 6 9 6 14 6 16 7 15 7 17 8 16 8 18 9 17 9 19 10 13 10 17 11 14 11 18 12 15 12 19 13 16 14 17 15 18 16 19
D10_1514 20 40 0 4 0 6 0 10 0 18 1 5 1 7 1 11 1 19 2 6 2 8 2 10 2 12 3 7 3 9 3 11 3 13 4 8 4 12 4 14 5 9 5 13 5 15 6 14 6 16 7 15 7 17 8 16 8 18 9 17 9 19 10 14 10 16 11 15 11 17 12 16 12 18 13 17 13 19 14 18 15 19
D10_1515 20 30 0 5 0 10 0 18 1 6 1 11 1 19 2 7 2 10 2 12 3 8 3 11 3 13 4 9 4 12 4 14 5 13 5 15 6 14 6 16 7 15 7 17 8 16 8 18 9 17 9 19 10 15 11 16 12 17 13 18 14 19
D10_1519 20 40 0 2 0 8 0 10 0 19 1 3 1 9 1 10 1 11 2 4 2 11 2 12 3 5 3 12 3 13 4 6 4 13 4 14 5 7 5 14 5 15 6 8 6 15 6 16 7 9 7 16 7 17 8 17 8 18 9 18 9 19 10 12 10 18 11 13 11 19 12 14 13 15 14 16 15 17 16 18 17 19
D10_1520 20 40 0 3 0 7 0 10 0 19 1 4 1 8 1 10 1 11 2 5 2 9 2 11 2 12 3 6 3 12 3 13 4 7 4 13 4 14 5 8 5 14 5 15 6 9 6 15 6 16 7 16 7 17 8 17 8 18 9 18 9 19 10 13 10 17 11 14 11 18 12 15 12 19 13 16 14 17 15 18 16 19
D10_1521 20 40 0 4 0 6 0 10 0 19 1 5 1 7 1 10 1 11 2 6 2 8 2 11 2 12 3 7 3 9 3 12 3 13 4 8 4 13 4 14 5 9 5 14 5 15 6 15 6 16 7 16 7 17 8 17 8 18 9 18 9 19 10 14 10 16 11 15 11 17 12 16 12 18 13 17 13 19 14 18 15 19
D10_1522 20 30 0 5 0 10 0 19 1 6 1 10 1 11 2 7 2 11 2 12 3 8 3 12 3 13 4 9 4 13 4 14 5 14 5 15 6 15 6 16 7 16 7 17 8 17 8 18 9 18 9 19 10 15 11 16 12 17 13 18 14 19
D10_1526 20 50 0 1 0 3 0 7 0 9 0 10 1 2 1 4 1 8 1 11 2 3 2 5 2 9 2 12 3 4 3 6 3 13 4 5 4 7 4 14 5 6 5 8 5 15 6 7 6 9 6 16 7 8 7 17 8 9 8 18 9 19 10 11 10 13 10 17 10 19 11 12 11 14 11 18 12 13 12 15 12 19 13 14 13 16 14 15 14 17 15 16 15 18 16 17 16 19 17 18 18 19
D10_1527 20 50 0 1 0 4 0 6 0 9 0 10 1 2 1 5 1 7 1 11 2 3 2 6 2 8 2 12 3 4 3 7 3 9 3 13 4 5 4 8 4 14 5 6 5 9 5 15 6 7 6 16 7 8 7 17 8 9 8 18 9 19 10 11 10 14 10 16 10 19 11 12 11 15 11 17 12 13 12 16 12 18 13 14 13 17 13 19 14 15 14 18 15 16 15 19 16 17 17 18 18 19
D10_1528 20 40 0 1 0 5 0 9 0 10 1 2 1 6 1 11 2 3 2 7 2 12 3 4 3 8 3 13 4 5 4 9 4 14 5 6 5 15 6 7 6 16 7 8 7 17 8 9 8 18 9 19 10 11 10 15 10 19 11 12 11 16 12 13 12 17 13 14 13 18 14 15 14 19 15 16 16 17 17 18 18 19
D10_1532 20 50 0 2 0 3 0 7 0 8 0 10 1 3 1 4 1 8 1 9 1 11 2 4 2 5 2 9 2 12 3 5 3 6 3 13 4 6 4 7 4 14 5 7 5 8 5 15 6 8 6 9 6 16 7 9 7 17 8 18 9 19 10 12 10 13 10 17 10 18 11 13 11 14 11 18 11 19 12 14 12 15 12 19 13 15 13 16 14 16 14 17 15 17 15 18 16 18 16 19 17 19
D10_1533 20 40 0 2 0 5 0 8 0 10 1 3 1 6 1 9 1 11 2 4 2 7 2 12 3 5 3 8 3 13 4 6 4 9 4 14 5 7 5 15 6 8 6 16 7 9 7 17 8 18 9 19 10 12 10 15 10 18 11 13 11 16 11 19 12 14 12 17 13 15 13 18 14 16 14 19 15 17 16 18 17 19
D10_1536 20 40 0 3 0 5 0 7 0 10 1 4 1 6 1 8 1 11 2 5 2 7 2 9 2 12 3 6 3 8 3 13 4 7 4 9 4 14 5 8 5 15 6 9 6 16 7 17 8 18 9 19 10 13 10 15 10 17 11 14 11 16 11 18 12 15 12 17 12 19 13 16 13 18 14 17 14 19 15 18 16 19
D10_1540 20 40 0 4 0 5 0 6 0 10 1 5 1 6 1 7 1 11 2 6 2 7 2 8 2 12 3 7 3 8 3 9 3 13 4 8 4 9 4 14 5 9 5 15 6 16 7 17 8 18 9 19 10 14 10 15 10 16 11 15 11 16 11 17 12 16 12 17 12 18 13 17 13 18 13 19 14 18 14 19 15 19
D10_1550 20 30 0 11 0 12 0 13 1 12 1 13 1 14 2 13 2 14 2 15 3 14 3 15 3 16 4 15 4 16 4 17 5 16 5 17 5 18 6 17 6 18 6 19 7 10 7 18 7 19 8 10 8 11 8 19 9 10 9 11 9 12
D10_1551 20 30 0 11 0 12 0 14 1 12 1 13 1 15 2 13 2 14 2 16 3 14 3 15 3 17 4 15 4 16 4 18 5 16 5 17 5 19 6 10 6 17 6 18 7 11 7 18 7 19 8 10 8 12 8 19 9 10 9 11 9 13
D10_1552 20 30 0 11 0 12 0 15 1 12 1 13 1 16 2 13 2 14 2 17 3 14 3 15 3 18 4 15 4 16 4 19 5 10 5 16 5 17 6 11 6 17 6 18 7 12 7 18 7 19 8 10 8 13 8 19 9 10 9 11 9 14
D10_1553 20 30 0 11 0 12 0 16 1 12 1 13 1 17 2 13 2 14 2 18 3 14 3 15 3 19 4 10 4 15 4 16 5 11 5 16 5 17 6 12 6 17 6 18 7 13 7 18 7 19 8 10 8 14 8 19 9 10 9 11 9 15
D10_1554 20 30 0 11 0 12 0 17 1 12 1 13 1 18 2 13 2 14 2 19 3 10 3 14 3 15 4 11 4 15 4 16 5 12 5 16 5 17 6 13 6 17 6 18 7 14 7 18 7 19 8 10 8 15 8 19 9 10 9 11 9 16
D10_1555 20 30 0 11 0 12 0 18 1 12 1 13 1 19 2 10 2 13 2 14 3 11 3 14 3 15 4 12 4 15 4 16 5 13 5 16 5 17 6 14 6 17 6 18 7 15 7 18 7 19 8 10 8 16 8 19 9 10 9 11 9 17
D10_1556 20 30 0 11 0 12 0 19 1 10 1 12 1 13 2 11 2 13 2 14 3 12 3 14 3 15 4 13 4 15 4 16 5 14 5 16 5 17 6 15 6 17 6 18 7 16 7 18 7 19 8 10 8 17 8 19 9 10 9 11 9 18
D10_1557 20 40 0 2 0 8 0 11 0 12 1 3 1 9 1 12 1 13 2 4 2 13 2 14 3 5 3 14 3 15 4 6 4 15 4 16 5 7 5 16 5 17 6 8 6 17 6 18 7 9 7 18 7 19 8 10 8 19 9 10 9 11 10 12 10 18 11 13 11 19 12 14 13 15 14 16 15 17 16 18 17 19
D10_1558 20 40 0 3 0 7 0 11 0 12 1 4 1 8 1 12 1 13 2 5 2 9 2 13 2 14 3 6 3 14 3 15 4 7 4 15 4 16 5 8 5 16 5 17 6 9 6 17 6 18 7 18 7 19 8 10 8 19 9 10 9 11 10 13 10 17 11 14 11 18 12 15 12 19 13 16 14 17 15 18 16 19
D10_1559 20 40 0 4 0 6 0 11 0 12 1 5 1 7 1 12 1 13 2 6 2 8 2 13 2 14 3 7 3 9 3 14 3 15 4 8 4 15 4 16 5 9 5 16 5 17 6 17 6 18 7 18 7 19 8 10 8 19 9 10 9 11 10 14 10 16 11 15 11 17 12 16 12 18 13 17 13 19 14 18 15 19
D10_1560 20 30 0 5 0 11 0 12 1 6 1 12 1 13 2 7 2 13 2 14 3 8 3 14 3 15 4 9 4 15 4 16 5 16 5 17 6 17 6 18 7 18 7 19 8 10 8 19 9 10 9 11 10 15 11 16 12 17 13 18 14 19
D10_1564 20 30 0 11 0 13 0 14 1 12 1 14 1 15 2 13 2 15 2 16 3 14 3 16 3 17 4 15 4 17 4 18 5 16 5 18 5 19 6 10 6 17 6 19 7 10 7 11 7 18 8 11 8 12 8 19 9 10 9 12 9 13
D10_1565 20 30 0 11 0 13 0 15 1 12 1 14 1 16 2 13 2 15 2 17 3 14 3 16 3 18 4 15 4 17 4 19 5 10 5 16 5 18 6 11 6 17 6 19 7 10 7 12 7 18 8 11 8 13 8 19 9 10 9 12 9 14
D10_1566 20 30 0 11 0 13 0 16 1 12 1 14 1 17 2 13 2 15 2 18 3 14 3 16 3 19 4 10 4 15 4 17 5 11 5 16 5 18 6 12 6 17 6 19 7 10 7 13 7 18 8 11 8 14 8 19 9 10 9 12 9 15
D10_1567 20 30 0 11 0 13 0 17 1 12 1 14 1 18 2 13 2 15 2 19 3 10 3 14 3 16 4 11 4 15 4 17 5 12 5 16 5 18 6 13 6 17 6 19 7 10 7 14 7 18 8 11 8 15 8 19 9 10 9 12 9 16
D10_1568 20 30 0 11 0 13 0 18 1 12 1 14 1 19 2 10 2 13 2 15 3 11 3 14 3 16 4 12 4 15 4 17 5 13 5 16 5 18 6 14 6 17 6 19 7 10 7 15 7 18 8 11 8 16 8 19 9 10 9 12 9 17
D10_1569 20 30 0 11 0 13 0 19 1 10 1 12 1 14 2 11 2 13 2 15 3 12 3 14 3 16 4 13 4 15 4 17 5 14 5 16 5 18 6 15 6 17 6 19 7 10 7 16 7 18 8 11 8 17 8 19 9 10 9 12 9 18
D10_1570 20 40 0 1 0 9 0 11 0 13 1 2 1 12 1 14 2 3 2 13 2 15 3 4 3 14 3 16 4 5 4 15 4 17 5 6 5 16 5 18 6 7 6 17 6 19 7 8 7 10 7 18 8 9 8 11 8 19 9 10 9 12 10 11 10 19 11 12 12 13 13 14 14 15 15 16 16 17 17 18 18 19
D10_1571 20 40 0 3 0 7 0 11 0 13 1 4 1 8 1 12 1 14 2 5 2 9 2 13 2 15 3 6 3 14 3 16 4 7 4 15 4 17 5 8 5 16 5 18 6 9 6 17 6 19 7 10 7 18 8 11 8 19 9 10 9 12 10 13 10 17 11 14 11 18 12 15 12 19 13 16 14 17 15 18 16 19
D10_1572 20 40 0 4 0 6 0 11 0 13 1 5 1 7 1 12 1 14 2 6 2 8 2 13 2 15 3 7 3 9 3 14 3 16 4 8 4 15 4 17 5 9 5 16 5 18 6 17 6 19 7 10 7 18 8 11 8 19 9 10 9 12 10 14 10 16 11 15 11 17 12 16 12 18 13 17 13 19 14 18 15 19
D10_1573 20 30 0 5 0 11 0 13 1 6 1 12 1 14 2 7 2 13 2 15 3 8 3 14 3 16 4 9 4 15 4 17 5 16 5 18 6 17 6 19 7 10 7 18 8 11 8 19 9 10 9 12 10 15 11 16 12 17 13 18 14 19
D10_1577 20 30 0 11 0 14 0 15 1 12 1 15 1 16 2 13 2 16 2 17 3 14 3 17 3 18 4 15 4 18 4 19 5 10 5 16 5 19 6 10 6 11 6 17 7 11 7 12 7 18 8 12 8 13 8 19 9 10 9 13 9 14
D10_1578 20 30 0 11 0 14 0 16 1 12 1 15 1 17 2 13 2 16 2 18 3 14 3 17 3 19 4 10 4 15 4 18 5 11 5 16 5 19 6 10 6 12 6 17 7 11 7 13 7 18 8 12 8 14 8 19 9 10 9 13 9 15
D10_1579 20 30 0 11 0 14 0 17 1 12 1 15 1 18 2 13 2 16 2 19 3 10 3 14 3 17 4 11 4 15 4 18 5 12 5 16 5 19 6 10 6 13 6 17 7 11 7 14 7 18 8 12 8 15 8 19 9 10 9 13 9 16
D10_1580 20 30 0 11 0 14 0 18 1 12 1 15 1 19 2 10 2 13 2 16 3 11 3 14 3 17 4 12 4 15 4 18 5 13 5 16 5 19 6 10 6 14 6 17 7 11 7 15 7 18 8 12 8 16 8 19 9 10 9 13 9 17
D10_1581 20 30 0 11 0 14 0 19 1 10 1 12 1 15 2 11 2 13 2 16 3 12 3 14 3 17 4 13 4 15 4 18 5 14 5 16 5 19 6 10 6 15 6 17 7 11 7 16 7 18 8 12 8 17 8 19 9 10 9 13 9 18
D10_1582 20 40 0 1 0 9 0 11 0 14 1 2 1 12 1 15 2 3 2 13 2 16 3 4 3 14 3 17 4 5 4 15 4 18 5 6 5 16 5 19 6 7 6 10 6 17 7 8 7 11 7 18 8 9 8 12 8 19 9 10 9 13 10 11 10 19 11 12 12 13 13 14 14 15 15 16 16 17 17 18 18 19
D10_1583 20 40 0 2 0 8 0 11 0 14 1 3 1 9 1 12 1 15 2 4 2 13 2 16 3 5 3 14 3 17 4 6 4 15 4 18 5 7 5 16 5 19 6 8 6 10 6 17 7 9 7 11 7 18 8 12 8 19 9 10 9 13 10 12 10 18 11 13 11 19 12 14 13 15 14 16 15 17 16 18 17 19
D10_1584 20 40 0 4 0 6 0 11 0 14 1 5 1 7 1 12 1 15 2 6 2 8 2 13 2 16 3 7 3 9 3 14 3 17 4 8 4 15 4 18 5 9 5 16 5 19 6 10 6 17 7 11 7 18 8 12 8 19 9 10 9 13 10 14 10 16 11 15 11 17 12 16 12 18 13 17 13 19 14 18 15 19
D10_1585 20 30 0 5 0 11 0 14 1 6 1 12 1 15 2 7 2 13 2 16 3 8 3 14 3 17 4 9 4 15 4 18 5 16 5 19 6 10 6 17 7 11 7 18 8 12 8 19 9 10 9 13 10 15 11 16 12 17 13 18 14 19
D10_1589 20 30 0 11 0 15 0 16 1 12 1 16 1 17 2 13 2 17 2 18 3 14 3 18 3 19 4 10 4 15 4 19 5 10 5 11 5 16 6 11 6 12 6 17 7 12 7 13 7 18 8 13 8 14 8 19 9 10 9 14 9 15
D10_1590 20 30 0 11 0 15 0 17 1 12 1 16 1 18 2 13 2 17 2 19 3 10 3 14 3 18 4 11 4 15 4 19 5 10 5 12 5 16 6 11 6 13 6 17 7 12 7 14 7 18 8 13 8 15 8 19 9 10 9 14 9 16
D10_1591 20 30 0 11 0 15 0 18 1 12 1 16 1 19 2 10 2 13 2 17 3 11 3 14 3 18 4 12 4 15 4 19 5 10 5 13 5 16 6 11 6 14 6 17 7 12 7 15 7 18 8 13 8 16 8 19 9 10 9 14 9 17
D10_1592 20 30 0 11 0 15 0 19 1 10 1 12 1 16 2 11 2 13 2 17 3 12 3 14 3 18 4 13 4 15 4 19 5 10 5 14 5 16 6 11 6 15 6 17 7 12 7 16 7 18 8 13 8 17 8 19 9 10 9 14 9 18
D10_1593 20 40 0 1 0 9 0 11 0 15 1 2 1 12 1 16 2 3 2 13 2 17 3 4 3 14 3 18 4 5 4 15 4 19 5 6 5 10 5 16 6 7 6 11 6 17 7 8 7 12 7 18 8 9 8 13 8 19 9 10 9 14 10 11 10 19 11 12 12 13 13 14 14 15 15 16 16 17 17 18 18 19
D10_1594 20 40 0 2 0 8 0 11 0 15 1 3 1 9 1 12 1 16 2 4 2 13 2 17 3 5 3 14 3 18 4 6 4 15 4 19 5 7 5 10 5 16 6 8 6 11 6 17 7 9 7 12 7 18 8 13 8 19 9 10 9 14 10 12 10 18 11 13 11 19 12 14 13 15 14 16 15 17 16 18 17 19
D10_1595 20 40 0 3 0 7 0 11 0 15 1 4 1 8 1 12 1 16 2 5 2 9 2 13 2 17 3 6 3 14 3 18 4 7 4 15 4 19 5 8 5 10 5 16 6 9 6 11 6 17 7 12 7 18 8 13 8 19 9 10 9 14 10 13 10 17 11 14 11 18 12 15 12 19 13 16 14 17 15 18 16 19
D10_1596 20 30 0 5 0 11 0 15 1 6 1 12 1 16 2 7 2 13 2 17 3 8 3 14 3 18 4 9 4 15 4 19 5 10 5 16 6 11 6 17 7 12 7 18 8 13 8 19 9 10 9 14 10 15 11 16 12 17 13 18 14 19
D10_1600 20 30 0 11 0 16 0 17 1 12 1 17 1 18 2 13 2 18 2 19 3 10 3 14 3 19 4 10 4 11 4 15 5 11 5 12 5 16 6 12 6 13 6 17 7 13 7 14 7 18 8 14 8 15 8 19 9 10 9 15 9 16
D10_1601 20 30 0 11 0 16 0 18 1 12 1 17 1 19 2 10 2 13 2 18 3 11 3 14 3 19 4 10 4 12 4 15 5 11 5 13 5 16 6 12 6 14 6 17 7 13 7 15 7 18 8 14 8 16 8 19 9 10 9 15 9 17
D10_1602 20 30 0 11 0 16 0 19 1 10 1 12 1 17 2 11 2 13 2 18 3 12 3 14 3 19 4 10 4 13 4 15 5 11 5 14 5 16 6 12 6 15 6 17 7 13 7 16 7 18 8 14 8 17 8 19 9 10 9 15 9 18
D10_1603 20 40 0 1 0 9 0 11 0 16 1 2 1 12 1 17 2 3 2 13 2 18 3 4 3 14 3 19 4 5 4 10 4 15 5 6 5 11 5 16 6 7 6 12 6 17 7 8 7 13 7 18 8 9 8 14 8 19 9 10 9 15 10 11 10 19 11 12 12 13 13 14 14 15 15 16 16 17 17 18 18 19
D10_1604 20 40 0 2 0 8 0 11 0 16 1 3 1 9 1 12 1 17 2 4 2 13 2 18 3 5 3 14 3 19 4 6 4 10 4 15 5 7 5 11 5 16 6 8 6 12 6 17 7 9 7 13 7 18 8 14 8 19 9 10 9 15 10 12 10 18 11 13 11 19 12 14 13 15 14 16 15 17 16 18 17 19
D10_1605 20 40 0 3 0 7 0 11 0 16 1 4 1 8 1 12 1 17 2 5 2 9 2 13 2 18 3 6 3 14 3 19 4 7 4 10 4 15 5 8 5 11 5 16 6 9 6 12 6 17 7 13 7 18 8 14 8 19 9 10 9 15 10 13 10 17 11 14 11 18 12 15 12 19 13 16 14 17 15 18 16 19
D10_1606 20 40 0 4 0 6 0 11 0 16 1 5 1 7 1 12 1 17 2 6 2 8 2 13 2 18 3 7 3 9 3 14 3 19 4 8 4 10 4 15 5 9 5 11 5 16 6 12 6 17 7 13 7 18 8 14 8 19 9 10 9 15 10 14 10 16 11 15 11 17 12 16 12 18 13 17 13 19 14 18 15 19
D10_1611 20 30 0 11 0 17 0 18 1 12 1 18 1 19 2 10 2 13 2 19 3 10 3 11 3 14 4 11 4 12 4 15 5 12 5 13 5 16 6 13 6 14 6 17 7 14 7 15 7 18 8 15 8 16 8 19 9 10 9 16 9 17
D10_1612 20 30 0 11 0 17 0 19 1 10 1 12 1 18 2 11 2 13 2 19 3 10 3 12 3 14 4 11 4 13 4 15 5 12 5 14 5 16 6 13 6 15 6 17 7 14 7 16 7 18 8 15 8 17 8 19 9 10 9 16 9 18
D10_1613 20 40 0 1 0 9 0 11 0 17 1 2 1 12 1 18 2 3 2 13 2 19 3 4 3 10 3 14 4 5 4 11 4 15 5 6 5 12 5 16 6 7 6 13 6 17 7 8 7 14 7 18 8 9 8 15 8 19 9 10 9 16 10 11 10 19 11 12 12 13 13 14 14 15 15 16 16 17 17 18 18 19
D10_1614 20 40 0 2 0 8 0 11 0 17 1 3 1 9 1 12 1 18 2 4 2 13 2 19 3 5 3 10 3 14 4 6 4 11 4 15 5 7 5 12 5 16 6 8 6 13 6 17 7 9 7 14 7 18 8 15 8 19 9 10 9 16 10 12 10 18 11 13 11 19 12 14 13 15 14 16 15 17 16 18 17 19
D10_1615 20 40 0 3 0 7 0 11 0 17 1 4 1 8 1 12 1 18 2 5 2 9 2 13 2 19 3 6 3 10 3 14 4 7 4 11 4 15 5 8 5 12 5 16 6 9 6 13 6 17 7 14 7 18 8 15 8 19 9 10 9 16 10 13 10 17 11 14 11 18 12 15 12 19 13 16 14 17 15 18 16 19
D10_1616 20 30 0 5 0 11 0 17 1 6 1 12 1 18 2 7 2 13 2 19 3 8 3 10 3 14 4 9 4 11 4 15 5 12 5 16 6 13 6 17 7 14 7 18 8 15 8 19 9 10 9 16 10 15 11 16 12 17 13 18 14 19
D10_1620 20 30 0 11 0 18 0 19 1 10 1 12 1 19 2 10 2 11 2 13 3 11 3 12 3 14 4 12 4 13 4 15 5 13 5 14 5 16 6 14 6 15 6 17 7 15 7 16 7 18 8 16 8 17 8 19 9 10 9 17 9 18
D10_1621 20 40 0 1 0 9 0 11 0 18 1 2 1 12 1 19 2 3 2 10 2 13 3 4 3 11 3 14 4 5 4 12 4 15 5 6 5 13 5 16 6 7 6 14 6 17 7 8 7 15 7 18 8 9 8 16 8 19 9 10 9 17 10 11 10 19 11 12 12 13 13 14 14 15 15 16 16 17 17 18 18 19
D10_1622 20 40 0 2 0 8 0 11 0 18 1 3 1 9 1 12 1 19 2 4 2 10 2 13 3 5 3 11 3 14 4 6 4 12 4 15 5 7 5 13 5 16 6 8 6 14 6 17 7 9 7 15 7 18 8 16 8 19 9 10 9 17 10 12 10 18 11 13 11 19 12 14 13 15 14 16 15 17 16 18 17 19
D10_1623 20 40 0 4 0 6 0 11 0 18 1 5 1 7 1 12 1 19 2 6 2 8 2 10 2 13 3 7 3 9 3 11 3 14 4 8 4 12 4 15 5 9 5 13 5 16 6 14 6 17 7 15 7 18 8 16 8 19 9 10 9 17 10 14 10 16 11 15 11 17 12 16 12 18 13 17 13 19 14 18 15 19
D10_1624 20 30 0 5 0 11 0 18 1 6 1 12 1 19 2 7 2 10 2 13 3 8 3 11 3 14 4 9 4 12 4 15 5 13 5 16 6 14 6 17 7 15 7 18 8 16 8 19 9 10 9 17 10 15 11 16 12 17 13 18 14 19
D10_1629 20 40 0 3 0 7 0 11 0 19 1 4 1 8 1 10 1 12 2 5 2 9 2 11 2 13 3 6 3 12 3 14 4 7 4 13 4 15 5 8 5 14 5 16 6 9 6 15 6 17 7 16 7 18 8 17 8 19 9 10 9 18 10 13 10 17 11 14 11 18 12 15 12 19 13 16 14 17 15 18 16 19
D10_1630 20 40 0 4 0 6 0 11 0 19 1 5 1 7 1 10 1 12 2 6 2 8 2 11 2 13 3 7 3 9 3 12 3 14 4 8 4 13 4 15 5 9 5 14 5 16 6 15 6 17 7 16 7 18 8 17 8 19 9 10 9 18 10 14 10 16 11 15 11 17 12 16 12 18 13 17 13 19 14 18 15 19
D10_1631 20 30 0 5 0 11 0 19 1 6 1 10 1 12 2 7 2 11 2 13 3 8 3 12 3 14 4 9 4 13 4 15 5 14 5 16 6 15 6 17 7 16 7 18 8 17 8 19 9 10 9 18 10 15 11 16 12 17 13 18 14 19
D10_1635 20 50 0 1 0 3 0 7 0 9 0 11 1 2 1 4 1 8 1 12 2 3 2 5 2 9 2 13 3 4 3 6 3 14 4 5 4 7 4 15 5 6 5 8 5 16 6 7 6 9 6 17 7 8 7 18 8 9 8 19 9 10 10 11 10 13 10 17 10 19 11 12 11 14 11 18 12 13 12 15 12 19 13 14 13 16 14 15 14 17 15 16 15 18 16 17 16 19 17 18 18 19
D10_1636 20 50 0 1 0 4 0 6 0 9 0 11 1 2 1 5 1 7 1 12 2 3 2 6 2 8 2 13 3 4 3 7 3 9 3 14 4 5 4 8 4 15 5 6 5 9 5 16 6 7 6 17 7 8 7 18 8 9 8 19 9 10 10 11 10 14 10 16 10 19 11 12 11 15 11 17 12 13 12 16 12 18 13 14 13 17 13 19 14 15 14 18 15 16 15 19 16 17 17 18 18 19
D10_1637 20 40 0 1 0 5 0 9 0 11 1 2 1 6 1 12 2 3 2 7 2 13 3 4 3 8 3 14 4 5 4 9 4 15 5 6 5 16 6 7 6 17 7 8 7 18 8 9 8 19 9 10 10 11 10 15 10 19 11 12 11 16 12 13 12 17 13 14 13 18 14 15 14 19 15 16 16 17 17 18 18 19
D10_1641 20 50 0 2 0 3 0 7 0 8 0 11 1 3 1 4 1 8 1 9 1 12 2 4 2 5 2 9 2 13 3 5 3 6 3 14 4 6 4 7 4 15 5 7 5 8 5 16 6 8 6 9 6 17 7 9 7 18 8 19 9 10 10 12 10 13 10 17 10 18 11 13 11 14 11 18 11 19 12 14 12 15 12 19 13 15 13 16 14 16 14 17 15 17 15 18 16 18 16 19 17 19
D10_1642 20 40 0 2 0 5 0 8 0 11 1 3 1 6 1 9 1 12 2 4 2 7 2 13 3 5 3 8 3 14 4 6 4 9 4 15 5 7 5 16 6 8 6 17 7 9 7 18 8 19 9 10 10 12 10 15 10 18 11 13 11 16 11 19 12 14 12 17 13 15 13 18 14 16 14 19 15 17 16 18 17 19
D10_1645 20 40 0 3 0 5 0 7 0 11 1 4 1 6 1 8 1 12 2 5 2 7 2 9 2 13 3 6 3 8 3 14 4 7 4 9 4 15 5 8 5 16 6 9 6 17 7 18 8 19 9 10 10 13 10 15 10 17 11 14 11 16 11 18 12 15 12 17 12 19 13 16 13 18 14 17 14 19 15 18 16 19
D10_1649 20 40 0 4 0 5 0 6 0 11 1 5 1 6 1 7 1 12 2 6 2 7 2 8 2 13 3 7 3 8 3 9 3 14 4 8 4 9 4 15 5 9 5 16 6 17 7 18 8 19 9 10 10 14 10 15 10 16 11 15 11 16 11 17 12 16 12 17 12 18 13 17 13 18 13 19 14 18 14 19 15 19
D10_1659 20 30 0 12 0 13 0 14 1 13 1 14 1 15 2 14 2 15 2 16 3 15 3 16 3 17 4 16 4 17 4 18 5 17 5 18 5 19 6 10 6 18 6 19 7 10 7 11 7 19 8 10 8 11 8 12 9 11 9 12 9 13
D10_1660 20 30 0 12 0 13 0 15 1 13 1 14 1 16 2 14 2 15 2 17 3 15 3 16 3 18 4 16 4 17 4 19 5 10 5 17 5 18 6 11 6 18 6 19 7 10 7 12 7 19 8 10 8 11 8 13 9 11 9 12 9 14
D10_1661 20 30 0 12 0 13 0 16 1 13 1 14 1 17 2 14 2 15 2 18 3 15 3 16 3 19 4 10 4 16 4 17 5 11 5 17 5 18 6 12 6 18 6 19 7 10 7 13 7 19 8 10 8 11 8 14 9 11 9 12 9 15
D10_1662 20 30 0 12 0 13 0 17 1 13 1 14 1 18 2 14 2 15 2 19 3 10 3 15 3 16 4 11 4 16 4 17 5 12 5 17 5 18 6 13 6 18 6 19 7 10 7 14 7 19 8 10 8 11 8 15 9 11 9 12 9 16
D10_1663 20 30 0 12 0 13 0 18 1 13 1 14 1 19 2 10 2 14 2 15 3 11 3 15 3 16 4 12 4 16 4 17 5 13 5 17 5 18 6 14 6 18 6 19 7 10 7 15 7 19 8 10 8 11 8 16 9 11 9 12 9 17
D10_1664 20 30 0 12 0 13 0 19 1 10 1 13 1 14 2 11 2 14 2 15 3 12 3 15 3 16 4 13 4 16 4 17 5 14 5 17 5 18 6 15 6 18 6 19 7 10 7 16 7 19 8 10 8 11 8 17 9 11 9 12 9 18
D10_1665 20 40 0 2 0 8 0 12 0 13 1 3 1 9 1 13 1 14 2 4 2 14 2 15 3 5 3 15 3 16 4 6 4 16 4 17 5 7 5 17 5 18 6 8 6 18 6 19 7 9 7 10 7 19 8 10 8 11 9 11 9 12 10 12 10 18 11 13 11 19 12 14 13 15 14 16 15 17 16 18 17 19
D10_1666 20 40 0 3 0 7 0 12 0 13 1 4 1 8 1 13 1 14 2 5 2 9 2 14 2 15 3 6 3 15 3 16 4 7 4 16 4 17 5 8 5 17 5 18 6 9 6 18 6 19 7 10 7 19 8 10 8 11 9 11 9 12 10 13 10 17 11 14 11 18 12 15 12 19 13 16 14 17 15 18 16 19
D10_1667 20 40 0 4 0 6 0 12 0 13 1 5 1 7 1 13 1 14 2 6 2 8 2 14 2 15 3 7 3 9 3 15 3 16 4 8 4 16 4 17 5 9 5 17 5 18 6 18 6 19 7 10 7 19 8 10 8 11 9 11 9 12 10 14 10 16 11 15 11 17 12 16 12 18 13 17 13 19 14 18 15 19
D10_1668 20 30 0 5 0 12 0 13 1 6 1 13 1 14 2 7 2 14 2 15 3 8 3 15 3 16 4 9 4 16 4 17 5 17 5 18 6 18 6 19 7 10 7 19 8 10 8 11 9 11 9 12 10 15 11 16 12 17 13 18 14 19
D10_1672 20 30 0 12 0 14 0 15 1 13 1 15 1 16 2 14 2 16 2 17 3 15 3 17 3 18 4 16 4 18 4 19 5 10 5 17 5 19 6 10 6 11 6 18 7 11 7 12 7 19 8 10 8 12 8 13 9 11 9 13 9 14
D10_1673 20 30 0 12 0 14 0 16 1 13 1 15 1 17 2 14 2 16 2 18 3 15 3 17 3 19 4 10 4 16 4 18 5 11 5 17 5 19 6 10 6 12 6 18 7 11 7 13 7 19 8 10 8 12 8 14 9 11 9 13 9 15
D10_1674 20 30 0 12 0 14 0 17 1 13 1 15 1 18 2 14 2 16 2 19 3 10 3 15 3 17 4 11 4 16 4 18 5 12 5 17 5 19 6 10 6 13 6 18 7 11 7 14 7 19 8 10 8 12 8 15 9 11 9 13 9 16
D10_1675 20 30 0 12 0 14 0 18 1 13 1 15 1 19 2 10 2 14 2 16 3 11 3 15 3 17 4 12 4 16 4 18 5 13 5 17 5 19 6 10 6 14 6 18 7 11 7 15 7 19 8 10 8 12 8 16 9 11 9 13 9 17
D10_1676 20 30 0 12 0 14 0 19 1 10 1 13 1 15 2 11 2 14 2 16 3 12 3 15 3 17 4 13 4 16 4 18 5 14 5 17 5 19 6 10 6 15 6 18 7 11 7 16 7 19 8 10 8 12 8 17 9 11 9 13 9 18
D10_1677 20 40 0 1 0 9 0 12 0 14 1 2 1 13 1 15 2 3 2 14 2 16 3 4 3 15 3 17 4 5 4 16 4 18 5 6 5 17 5 19 6 7 6 10 6 18 7 8 7 11 7 19 8 9 8 10 8 12 9 11 9 13 10 11 10 19 11 12 12 13 13 14 14 15 15 16 16 17 17 18 18 19
D10_1678 20 40 0 3 0 7 0 12 0 14 1 4 1 8 1 13 1 15 2 5 2 9 2 14 2 16 3 6 3 15 3 17 4 7 4 16 4 18 5 8 5 17 5 19 6 9 6 10 6 18 7 11 7 19 8 10 8 12 9 11 9 13 10 13 10 17 11 14 11 18 12 15 12 19 13 16 14 17 15 18 16 19
D10_1679 20 40 0 4 0 6 0 12 0 14 1 5 1 7 1 13 1 15 2 6 2 8 2 14 2 16 3 7 3 9 3 15 3 17 4 8 4 16 4 18 5 9 5 17 5 19 6 10 6 18 7 11 7 19 8 10 8 12 9 11 9 13 10 14 10 16 11 15 11 17 12 16 12 18 13 17 13 19 14 18 15 19
D10_1680 20 30 0 5 0 12 0 14 1 6 1 13 1 15 2 7 2 14 2 16 3 8 3 15 3 17 4 9 4 16 4 18 5 17 5 19 6 10 6 18 7 11 7 19 8 10 8 12 9 11 9 13 10 15 11 16 12 17 13 18 14 19
D10_1684 20 30 0 12 0 15 0 16 1 13 1 16 1 17 2 14 2 17 2 18 3 15 3 18 3 19 4 10 4 16 4 19 5 10 5 11 5 17 6 11 6 12 6 18 7 12 7 13 7 19 8 10 8 13 8 14 9 11 9 14 9 15
D10_1685 20 30 0 12 0 15 0 17 1 13 1 16 1 18 2 14 2 17 2 19 3 10 3 15 3 18 4 11 4 16 4 19 5 10 5 12 5 17 6 11 6 13 6 18 7 12 7 14 7 19 8 10 8 13 8 15 9 11 9 14 9 16
D10_1686 20 30 0 12 0 15 0 18 1 13 1 16 1 19 2 10 2 14 2 17 3 11 3 15 3 18 4 12 4 16 4 19 5 10 5 13 5 17 6 11 6 14 6 18 7 12 7 15 7 19 8 10 8 13 8 16 9 11 9 14 9 17
D10_1687 20 30 0 12 0 15 0 19 1 10 1 13 1 16 2 11 2 14 2 17 3 12 3 15 3 18 4 13 4 16 4 19 5 10 5 14 5 17 6 11 6 15 6 18 7 12 7 16 7 19 8 10 8 13 8 17 9 11 9 14 9 18
D10_1688 20 40 0 1 0 9 0 12 0 15 1 2 1 13 1 16 2 3 2 14 2 17 3 4 3 15 3 18 4 5 4 16 4 19 5 6 5 10 5 17 6 7 6 11 6 18 7 8 7 12 7 19 8 9 8 10 8 13 9 11 9 14 10 11 10 19 11 12 12 13 13 14 14 15 15 16 16 17 17 18 18 19
D10_1689 20 40 0 2 0 8 0 12 0 15 1 3 1 9 1 13 1 16 2 4 2 14 2 17 3 5 3 15 3 18 4 6 4 16 4 19 5 7 5 10 5 17 6 8 6 11 6 18 7 9 7 12 7 19 8 10 8 13 9 11 9 14 10 12 10 18 11 13 11 19 12 14 13 15 14 16 15 17 16 18 17 19
D10_1690 20 40 0 4 0 6 0 12 0 15 1 5 1 7 1 13 1 16 2 6 2 8 2 14 2 17 3 7 3 9 3 15 3 18 4 8 4 16 4 19 5 9 5 10 5 17 6 11 6 18 7 12 7 19 8 10 8 13 9 11 9 14 10 14 10 16 11 15 11 17 12 16 12 18 13 17 13 19 14 18 15 19
D10_1691 20 30 0 5 0 12 0 15 1 6 1 13 1 16 2 7 2 14 2 17 3 8 3 15 3 18 4 9 4 16 4 19 5 10 5 17 6 11 6 18 7 12 7 19 8 10 8 13 9 11 9 14 10 15 11 16 12 17 13 18 14 19
D10_1695 20 30 0 12 0 16 0 17 1 13 1 17 1 18 2 14 2 18 2 19 3 10 3 15 3 19 4 10 4 11 4 16 5 11 5 12 5 17 6 12 6 13 6 18 7 13 7 14 7 19 8 10 8 14 8 15 9 11 9 15 9 16
D10_1696 20 30 0 12 0 16 0 18 1 13 1 17 1 19 2 10 2 14 2 18 3 11 3 15 3 19 4 10 4 12 4 16 5 11 5 13 5 17 6 12 6 14 6 18 7 13 7 15 7 19 8 10 8 14 8 16 9 11 9 15 9 17
D10_1697 20 30 0 12 0 16 0 19 1 10 1 13 1 17 2 11 2 14 2 18 3 12 3 15 3 19 4 10 4 13 4 16 5 11 5 14 5 17 6 12 6 15 6 18 7 13 7 16 7 19 8 10 8 14 8 17 9 11 9 15 9 18
D10_1698 20 40 0 1 0 9 0 12 0 16 1 2 1 13 1 17 2 3 2 14 2 18 3 4 3 15 3 19 4 5 4 10 4 16 5 6 5 11 5 17 6 7 6 12 6 18 7 8 7 13 7 19 8 9 8 10 8 14 9 11 9 15 10 11 10 19 11 12 12 13 13 14 14 15 15 16 16 17 17 18 18 19
D10_1699 20 40 0 2 0 8 0 12 0 16 1 3 1 9 1 13 1 17 2 4 2 14 2 18 3 5 3 15 3 19 4 6 4 10 4 16 5 7 5 11 5 17 6 8 6 12 6 18 7 9 7 13 7 19 8 10 8 14 9 11 9 15 10 12 10 18 11 13 11 19 12 14 13 15 14 16 15 17 16 18 17 19
D10_1700 20 40 0 3 0 7 0 12 0 16 1 4 1 8 1 13 1 17 2 5 2 9 2 14 2 18 3 6 3 15 3 19 4 7 4 10 4 16 5 8 5 11 5 17 6 9 6 12 6 18 7 13 7 19 8 10 8 14 9 11 9 15 10 13 10 17 11 14 11 18 12 15 12 19 13 16 14 17 15 18 16 19
D10_1701 20 30 0 5 0 12 0 16 1 6 1 13 1 17 2 7 2 14 2 18 3 8 3 15 3 19 4 9 4 10 4 16 5 11 5 17 6 12 6 18 7 13 7 19 8 10 8 14 9 11 9 15 10 15 11 16 12 17 13 18 14 19
D10_1705 20 30 0 12 0 17 0 18 1 13 1 18 1 19 2 10 2 14 2 19 3 10 3 11 3 15 4 11 4 12 4 16 5 12 5 13 5 17 6 13 6 14 6 18 7 14 7 15 7 19 8 10 8 15 8 16 9 11 9 16 9 17
D10_1706 20 30 0 12 0 17 0 19 1 10 1 13 1 18 2 11 2 14 2 19 3 10 3 12 3 15 4 11 4 13 4 16 5 12 5 14 5 17 6 13 6 15 6 18 7 14 7 16 7 19 8 10 8 15 8 17 9 11 9 16 9 18
D10_1707 20 40 0 1 0 9 0 12 0 17 1 2 1 13 1 18 2 3 2 14 2 19 3 4 3 10 3 15 4 5 4 11 4 16 5 6 5 12 5 17 6 7 6 13 6 18 7 8 7 14 7 19 8 9 8 10 8 15 9 11 9 16 10 11 10 19 11 12 12 13 13 14 14 15 15 16 16 17 17 18 18 19
D10_1708 20 40 0 2 0 8 0 12 0 17 1 3 1 9 1 13 1 18 2 4 2 14 2 19 3 5 3 10 3 15 4 6 4 11 4 16 5 7 5 12 5 17 6 8 6 13 6 18 7 9 7 14 7 19 8 10 8 15 9 11 9 16 10 12 10 18 11 13 11 19 12 14 13 15 14 16 15 17 16 18 17 19
D10_1709 20 40 0 3 0 7 0 12 0 17 1 4 1 8 1 13 1 18 2 5 2 9 2 14 2 19 3 6 3 10 3 15 4 7 4 11 4 16 5 8 5 12 5 17 6 9 6 13 6 18 7 14 7 19 8 10 8 15 9 11 9 16 10 13 10 17 11 14 11 18 12 15 12 19 13 16 14 17 15 18 16 19
D10_1710 20 40 0 4 0 6 0 12 0 17 1 5 1 7 1 13 1 18 2 6 2 8 2 14 2 19 3 7 3 9 3 10 3 15 4 8 4 11 4 16 5 9 5 12 5 17 6 13 6 18 7 14 7 19 8 10 8 15 9 11 9 16 10 14 10 16 11 15 11 17 12 16 12 18 13 17 13 19 14 18 15 19
D10_1715 20 30 0 12 0 18 0 19 1 10 1 13 1 19 2 10 2 11 2 14 3 11 3 12 3 15 4 12 4 13 4 16 5 13 5 14 5 17 6 14 6 15 6 18 7 15 7 16 7 19 8 10 8 16 8 17 9 11 9 17 9 18
D10_1716 20 40 0 1 0 9 0 12 0 18 1 2 1 13 1 19 2 3 2 10 2 14 3 4 3 11 3 15 4 5 4 12 4 16 5 6 5 13 5 17 6 7 6 14 6 18 7 8 7 15 7 19 8 9 8 10 8 16 9 11 9 17 10 11 10 19 11 12 12 13 13 14 14 15 15 16 16 17 17 18 18 19
D10_1718 20 40 0 3 0 7 0 12 0 18 1 4 1 8 1 13 1 19 2 5 2 9 2 10 2 14 3 6 3 11 3 15 4 7 4 12 4 16 5 8 5 13 5 17 6 9 6 14 6 18 7 15 7 19 8 10 8 16 9 11 9 17 10 13 10 17 11 14 11 18 12 15 12 19 13 16 14 17 15 18 16 19
D10_1719 20 30 0 5 0 12 0 18 1 6 1 13 1 19 2 7 2 10 2 14 3 8 3 11 3 15 4 9 4 12 4 16 5 13 5 17 6 14 6 18 7 15 7 19 8 10 8 16 9 11 9 17 10 15 11 16 12 17 13 18 14 19
D10_1723 20 40 0 1 0 9 0 12 0 19 1 2 1 10 1 13 2 3 2 11 2 14 3 4 3 12 3 15 4 5 4 13 4 16 5 6 5 14 5 17 6 7 6 15 6 18 7 8 7 16 7 19 8 9 8 10 8 17 9 11 9 18 10 11 10 19 11 12 12 13 13 14 14 15 15 16 16 17 17 18 18 19
D10_1724 20 40 0 2 0 8 0 12 0 19 1 3 1 9 1 10 1 13 2 4 2 11 2 14 3 5 3 12 3 15 4 6 4 13 4 16 5 7 5 14 5 17 6 8 6 15 6 18 7 9 7 16 7 19 8 10 8 17 9 11 9 18 10 12 10 18 11 13 11 19 12 14 13 15 14 16 15 17 16 18 17 19
D10_1725 20 40 0 4 0 6 0 12 0 19 1 5 1 7 1 10 1 13 2 6 2 8 2 11 2 14 3 7 3 9 3 12 3 15 4 8 4 13 4 16 5 9 5 14 5 17 6 15 6 18 7 16 7 19 8 10 8 17 9 11 9 18 10 14 10 16 11 15 11 17 12 16 12 18 13 17 13 19 14 18 15 19
D10_1726 20 30 0 5 0 12 0 19 1 6 1 10 1 13 2 7 2 11 2 14 3 8 3 12 3 15 4 9 4 13 4 16 5 14 5 17 6 15 6 18 7 16 7 19 8 10 8 17 9 11 9 18 10 15 11 16 12 17 13 18 14 19
D10_1730 20 50 0 1 0 3 0 7 0 9 0 12 1 2 1 4 1 8 1 13 2 3 2 5 2 9 2 14 3 4 3 6 3 15 4 5 4 7 4 16 5 6 5 8 5 17 6 7 6 9 6 18 7 8 7 19 8 9 8 10 9 11 10 11 10 13 10 17 10 19 11 12 11 14 11 18 12 13 12 15 12 19 13 14 13 16 14 15 14 17 15 16 15 18 16 17 16 19 17 18 18 19
D10_1731 20 50 0 1 0 4 0 6 0 9 0 12 1 2 1 5 1 7 1 13 2 3 2 6 2 8 2 14 3 4 3 7 3 9 3 15 4 5 4 8 4 16 5 6 5 9 5 17 6 7 6 18 7 8 7 19 8 9 8 10 9 11 10 11 10 14 10 16 10 19 11 12 11 15 11 17 12 13 12 16 12 18 13 14 13 17 13 19 14 15 14 18 15 16 15 19 16 17 17 18 18 19
D10_1732 20 40 0 1 0 5 0 9 0 12 1 2 1 6 1 13 2 3 2 7 2 14 3 4 3 8 3 15 4 5 4 9 4 16 5 6 5 17 6 7 6 18 7 8 7 19 8 9 8 10 9 11 10 11 10 15 10 19 11 12 11 16 12 13 12 17 13 14 13 18 14 15 14 19 15 16 16 17 17 18 18 19
D10_1736 20 50 0 2 0 3 0 7 0 8 0 12 1 3 1 4 1 8 1 9 1 13 2 4 2 5 2 9 2 14 3 5 3 6 3 15 4 6 4 7 4 16 5 7 5 8 5 17 6 8 6 9 6 18 7 9 7 19 8 10 9 11 10 12 10 13 10 17 10 18 11 13 11 14 11 18 11 19 12 14 12 15 12 19 13 15 13 16 14 16 14 17 15 17 15 18 16 18 16 19 17 19
D10_1737 20 40 0 2 0 5 0 8 0 12 1 3 1 6 1 9 1 13 2 4 2 7 2 14 3 5 3 8 3 15 4 6 4 9 4 16 5 7 5 17 6 8 6 18 7 9 7 19 8 10 9 11 10 12 10 15 10 18 11 13 11 16 11 19 12 14 12 17 13 15 13 18 14 16 14 19 15 17 16 18 17 19
D10_1740 20 40 0 3 0 5 0 7 0 12 1 4 1 6 1 8 1 13 2 5 2 7 2 9 2 14 3 6 3 8 3 15 4 7 4 9 4 16 5 8 5 17 6 9 6 18 7 19 8 10 9 11 10 13 10 15 10 17 11 14 11 16 11 18 12 15 12 17 12 19 13 16 13 18 14 17 14 19 15 18 16 19
D10_1744 20 40 0 4 0 5 0 6 0 12 1 5 1 6 1 7 1 13 2 6 2 7 2 8 2 14 3 7 3 8 3 9 3 15 4 8 4 9 4 16 5 9 5 17 6 18 7 19 8 10 9 11 10 14 10 15 10 16 11 15 11 16 11 17 12 16 12 17 12 18 13 17 13 18 13 19 14 18 14 19 15 19
D10_1754 20 30 0 13 0 14 0 15 1 14 1 15 1 16 2 15 2 16 2 17 3 16 3 17 3 18 4 17 4 18 4 19 5 10 5 18 5 19 6 10 6 11 6 19 7 10 7 11 7 12 8 11 8 12 8 13 9 12 9 13 9 14
D10_1755 20 30 0 13 0 14 0 16 1 14 1 15 1 17 2 15 2 16 2 18 3 16 3 17 3 19 4 10 4 17 4 18 5 11 5 18 5 19 6 10 6 12 6 19 7 10 7 11 7 13 8 11 8 12 8 14 9 12 9 13 9 15
D10_1756 20 30 0 13 0 14 0 17 1 14 1 15 1 18 2 15 2 16 2 19 3 10 3 16 3 17 4 11 4 17 4 18 5 12 5 18 5 19 6 10 6 13 6 19 7 10 7 11 7 14 8 11 8 12 8 15 9 12 9 13 9 16
D10_1757 20 30 0 13 0 14 0 18 1 14 1 15 1 19 2 10 2 15 2 16 3 11 3 16 3 17 4 12 4 17 4 18 5 13 5 18 5 19 6 10 6 14 6 19 7 10 7 11 7 15 8 11 8 12 8 16 9 12 9 13 9 17
D10_1758 20 30 0 13 0 14 0 19 1 10 1 14 1 15 2 11 2 15 2 16 3 12 3 16 3 17 4 13 4 17 4 18 5 14 5 18 5 19 6 10 6 15 6 19 7 10 7 11 7 16 8 11 8 12 8 17 9 12 9 13 9 18
D10_1759 20 40 0 2 0 8 0 13 0 14 1 3 1 9 1 14 1 15 2 4 2 15 2 16 3 5 3 16 3 17 4 6 4 17 4 18 5 7 5 18 5 19 6 8 6 10 6 19 7 9 7 10 7 11 8 11 8 12 9 12 9 13 10 12 10 18 11 13 11 19 12 14 13 15 14 16 15 17 16 18 17 19
D10_1760 20 40 0 3 0 7 0 13 0 14 1 4 1 8 1 14 1 15 2 5 2 9 2 15 2 16 3 6 3 16 3 17 4 7 4 17 4 18 5 8 5 18 5 19 6 9 6 10 6 19 7 10 7 11 8 11 8 12 9 12 9 13 10 13 10 17 11 14 11 18 12 15 12 19 13 16 14 17 15 18 16 19
D10_1761 20 40 0 4 0 6 0 13 0 14 1 5 1 7 1 14 1 15 2 6 2 8 2 15 2 16 3 7 3 9 3 16 3 17 4 8 4 17 4 18 5 9 5 18 5 19 6 10 6 19 7 10 7 11 8 11 8 12 9 12 9 13 10 14 10 16 11 15 11 17 12 16 12 18 13 17 13 19 14 18 15 19
D10_1762 20 30 0 5 0 13 0 14 1 6 1 14 1 15 2 7 2 15 2 16 3 8 3 16 3 17 4 9 4 17 4 18 5 18 5 19 6 10 6 19 7 10 7 11 8 11 8 12 9 12 9 13 10 15 11 16 12 17 13 18 14 19
D10_1766 20 30 0 13 0 15 0 16 1 14 1 16 1 17 2 15 2 17 2 18 3 16 3 18 3 19 4 10 4 17 4 19 5 10 5 11 5 18 6 11 6 12 6 19 7 10 7 12 7 13 8 11 8 13 8 14 9 12 9 14 9 15
D10_1767 20 30 0 13 0 15 0 17 1 14 1 16 1 18 2 15 2 17 2 19 3 10 3 16 3 18 4 11 4 17 4 19 5 10 5 12 5 18 6 11 6 13 6 19 7 10 7 12 7 14 8 11 8 13 8 15 9 12 9 14 9 16
D10_1768 20 30 0 13 0 15 0 18 1 14 1 16 1 19 2 10 2 15 2 17 3 11 3 16 3 18 4 12 4 17 4 19 5 10 5 13 5 18 6 11 6 14 6 19 7 10 7 12 7 15 8 11 8 13 8 16 9 12 9 14 9 17
D10_1769 20 30 0 13 0 15 0 19 1 10 1 14 1 16 2 11 2 15 2 17 3 12 3 16 3 18 4 13 4 17 4 19 5 10 5 14 5 18 6 11 6 15 6 19 7 10 7 12 7 16 8 11 8 13 8 17 9 12 9 14 9 18
D10_1770 20 40 0 1 0 9 0 13 0 15 1 2 1 14 1 16 2 3 2 15 2 17 3 4 3 16 3 18 4 5 4 17 4 19 5 6 5 10 5 18 6 7 6 11 6 19 7 8 7 10 7 12 8 9 8 11 8 13 9 12 9 14 10 11 10 19 11 12 12 13 13 14 14 15 15 16 16 17 17 18 18 19
D10_1771 20 40 0 3 0 7 0 13 0 15 1 4 1 8 1 14 1 16 2 5 2 9 2 15 2 17 3 6 3 16 3 18 4 7 4 17 4 19 5 8 5 10 5 18 6 9 6 11 6 19 7 10 7 12 8 11 8 13 9 12 9 14 10 13 10 17 11 14 11 18 12 15 12 19 13 16 14 17 15 18 16 19
D10_1772 20 40 0 4 0 6 0 13 0 15 1 5 1 7 1 14 1 16 2 6 2 8 2 15 2 17 3 7 3 9 3 16 3 18 4 8 4 17 4 19 5 9 5 10 5 18 6 11 6 19 7 10 7 12 8 11 8 13 9 12 9 14 10 14 10 16 11 15 11 17 12 16 12 18 13 17 13 19 14 18 15 19
D10_1773 20 30 0 5 0 13 0 15 1 6 1 14 1 16 2 7 2 15 2 17 3 8 3 16 3 18 4 9 4 17 4 19 5 10 5 18 6 11 6 19 7 10 7 12 8 11 8 13 9 12 9 14 10 15 11 16 12 17 13 18 14 19
D10_1777 20 30 0 13 0 16 0 17 1 14 1 17 1 18 2 15 2 18 2 19 3 10 3 16 3 19 4 10 4 11 4 17 5 11 5 12 5 18 6 12 6 13 6 19 7 10 7 13 7 14 8 11 8 14 8 15 9 12 9 15 9 16
D10_1778 20 30 0 13 0 16 0 18 1 14 1 17 1 19 2 10 2 15 2 18 3 11 3 16 3 19 4 10 4 12 4 17 5 11 5 13 5 18 6 12 6 14 6 19 7 10 7 13 7 15 8 11 8 14 8 16 9 12 9 15 9 17
D10_1779 20 30 0 13 0 16 0 19 1 10 1 14 1 17 2 11 2 15 2 18 3 12 3 16 3 19 4 10 4 13 4 17 5 11 5 14 5 18 6 12 6 15 6 19 7 10 7 13 7 16 8 11 8 14 8 17 9 12 9 15 9 18
D10_1780 20 40 0 1 0 9 0 13 0 16 1 2 1 14 1 17 2 3 2 15 2 18 3 4 3 16 3 19 4 5 4 10 4 17 5 6 5 11 5 18 6 7 6 12 6 19 7 8 7 10 7 13 8 9 8 11 8 14 9 12 9 15 10 11 10 19 11 12 12 13 13 14 14 15 15 16 16 17 17 18 18 19
D10_1781 20 40 0 2 0 8 0 13 0 16 1 3 1 9 1 14 1 17 2 4 2 15 2 18 3 5 3 16 3 19 4 6 4 10 4 17 5 7 5 11 5 18 6 8 6 12 6 19 7 9 7 10 7 13 8 11 8 14 9 12 9 15 10 12 10 18 11 13 11 19 12 14 13 15 14 16 15 17 16 18 17 19
D10_1782 20 40 0 4 0 6 0 13 0 16 1 5 1 7 1 14 1 17 2 6 2 8 2 15 2 18 3 7 3 9 3 16 3 19 4 8 4 10 4 17 5 9 5 11 5 18 6 12 6 19 7 10 7 13 8 11 8 14 9 12 9 15 10 14 10 16 11 15 11 17 12 16 12 18 13 17 13 19 14 18 15 19
D10_1783 20 30 0 5 0 13 0 16 1 6 1 14 1 17 2 7 2 15 2 18 3 8 3 16 3 19 4 9 4 10 4 17 5 11 5 18 6 12 6 19 7 10 7 13 8 11 8 14 9 12 9 15 10 15 11 16 12 17 13 18 14 19
D10_1787 20 30 0 13 0 17 0 18 1 14 1 18 1 19 2 10 2 15 2 19 3 10 3 11 3 16 4 11 4 12 4 17 5 12 5 13 5 18 6 13 6 14 6 19 7 10 7 14 7 15 8 11 8 15 8 16 9 12 9 16 9 17
D10_1788 20 30 0 13 0 17 0 19 1 10 1 14 1 18 2 11 2 15 2 19 3 10 3 12 3 16 4 11 4 13 4 17 5 12 5 14 5 18 6 13 6 15 6 19 7 10 7 14 7 16 8 11 8 15 8 17 9 12 9 16 9 18
D10_1789 20 40 0 1 0 9 0 13 0 17 1 2 1 14 1 18 2 3 2 15 2 19 3 4 3 10 3 16 4 5 4 11 4 17 5 6 5 12 5 18 6 7 6 13 6 19 7 8 7 10 7 14 8 9 8 11 8 15 9 12 9 16 10 11 10 19 11 12 12 13 13 14 14 15 15 16 16 17 17 18 18 19
D10_1790 20 40 0 2 0 8 0 13 0 17 1 3 1 9 1 14 1 18 2 4 2 15 2 19 3 5 3 10 3 16 4 6 4 11 4 17 5 7 5 12 5 18 6 8 6 13 6 19 7 9 7 10 7 14 8 11 8 15 9 12 9 16 10 12 10 18 11 13 11 19 12 14 13 15 14 16 15 17 16 18 17 19
D10_1792 20 30 0 5 0 13 0 17 1 6 1 14 1 18 2 7 2 15 2 19 3 8 3 10 3 16 4 9 4 11 4 17 5 12 5 18 6 13 6 19 7 10 7 14 8 11 8 15 9 12 9 16 10 15 11 16 12 17 13 18 14 19
D10_1796 20 30 0 13 0 18 0 19 1 10 1 14 1 19 2 10 2 11 2 15 3 11 3 12 3 16 4 12 4 13 4 17 5 13 5 14 5 18 6 14 6 15 6 19 7 10 7 15 7 16 8 11 8 16 8 17 9 12 9 17 9 18
D10_1797 20 40 0 1 0 9 0 13 0 18 1 2 1 14 1 19 2 3 2 10 2 15 3 4 3 11 3 16 4 5 4 12 4 17 5 6 5 13 5 18 6 7 6 14 6 19 7 8 7 10 7 15 8 9 8 11 8 16 9 12 9 17 10 11 10 19 11 12 12 13 13 14 14 15 15 16 16 17 17 18 18 19
D10_1798 20 40 0 2 0 8 0 13 0 18 1 3 1 9 1 14 1 19 2 4 2 10 2 15 3 5 3 11 3 16 4 6 4 12 4 17 5 7 5 13 5 18 6 8 6 14 6 19 7 9 7 10 7 15 8 11 8 16 9 12 9 17 10 12 10 18 11 13 11 19 12 14 13 15 14 16 15 17 16 18 17 19
D10_1799 20 40 0 3 0 7 0 13 0 18 1 4 1 8 1 14 1 19 2 5 2 9 2 10 2 15 3 6 3 11 3 16 4 7 4 12 4 17 5 8 5 13 5 18 6 9 6 14 6 19 7 10 7 15 8 11 8 16 9 12 9 17 10 13 10 17 11 14 11 18 12 15 12 19 13 16 14 17 15 18 16 19
D10_1800 20 40 0 4 0 6 0 13 0 18 1 5 1 7 1 14 1 19 2 6 2 8 2 10 2 15 3 7 3 9 3 11 3 16 4 8 4 12 4 17 5 9 5 13 5 18 6 14 6 19 7 10 7 15 8 11 8 16 9 12 9 17 10 14 10 16 11 15 11 17 12 16 12 18 13 17 13 19 14 18 15 19
D10_1805 20 40 0 1 0 9 0 13 0 19 1 2 1 10 1 14 2 3 2 11 2 15 3 4 3 12 3 16 4 5 4 13 4 17 5 6 5 14 5 18 6 7 6 15 6 19 7 8 7 10 7 16 8 9 8 11 8 17 9 12 9 18 10 11 10 19 11 12 12 13 13 14 14 15 15 16 16 17 17 18 18 19
D10_1806 20 40 0 2 0 8 0 13 0 19 1 3 1 9 1 10 1 14 2 4 2 11 2 15 3 5 3 12 3 16 4 6 4 13 4 17 5 7 5 14 5 18 6 8 6 15 6 19 7 9 7 10 7 16 8 11 8 17 9 12 9 18 10 12 10 18 11 13 11 19 12 14 13 15 14 16 15 17 16 18 17 19
D10_1807 20 40 0 3 0 7 0 13 0 19 1 4 1 8 1 10 1 14 2 5 2 9 2 11 2 15 3 6 3 12 3 16 4 7 4 13 4 17 5 8 5 14 5 18 6 9 6 15 6 19 7 10 7 16 8 11 8 17 9 12 9 18 10 13 10 17 11 14 11 18 12 15 12 19 13 16 14 17 15 18 16 19
D10_1808 20 30 0 5 0 13 0 19 1 6 1 10 1 14 2 7 2 11 2 15 3 8 3 12 3 16 4 9 4 13 4 17 5 14 5 18 6 15 6 19 7 10 7 16 8 11 8 17 9 12 9 18 10 15 11 16 12 17 13 18 14 19
D10_1812 20 50 0 1 0 3 0 7 0 9 0 13 1 2 1 4 1 8 1 14 2 3 2 5 2 9 2 15 3 4 3 6 3 16 4 5 4 7 4 17 5 6 5 8 5 18 6 7 6 9 6 19 7 8 7 10 8 9 8 11 9 12 10 11 10 13 10 17 10 19 11 12 11 14 11 18 12 13 12 15 12 19 13 14 13 16 14 15 14 17 15 16 15 18 16 17 16 19 17 18 18 19
D10_1813 20 50 0 1 0 4 0 6 0 9 0 13 1 2 1 5 1 7 1 14 2 3 2 6 2 8 2 15 3 4 3 7 3 9 3 16 4 5 4 8 4 17 5 6 5 9 5 18 6 7 6 19 7 8 7 10 8 9 8 11 9 12 10 11 10 14 10 16 10 19 11 12 11 15 11 17 12 13 12 16 12 18 13 14 13 17 13 19 14 15 14 18 15 16 15 19 16 17 17 18 18 19
D10_1814 20 40 0 1 0 5 0 9 0 13 1 2 1 6 1 14 2 3 2 7 2 15 3 4 3 8 3 16 4 5 4 9 4 17 5 6 5 18 6 7 6 19 7 8 7 10 8 9 8 11 9 12 10 11 10 15 10 19 11 12 11 16 12 13 12 17 13 14 13 18 14 15 14 19 15 16 16 17 17 18 18 19
D10_1818 20 50 0 2 0 3 0 7 0 8 0 13 1 3 1 4 1 8 1 9 1 14 2 4 2 5 2 9 2 15 3 5 3 6 3 16 4 6 4 7 4 17 5 7 5 8 5 18 6 8 6 9 6 19 7 9 7 10 8 11 9 12 10 12 10 13 10 17 10 18 11 13 11 14 11 18 11 19 12 14 12 15 12 19 13 15 13 16 14 16 14 17 15 17 15 18 16 18 16 19 17 19
D10_1819 20 40 0 2 0 5 0 8 0 13 1 3 1 6 1 9 1 14 2 4 2 7 2 15 3 5 3 8 3 16 4 6 4 9 4 17 5 7 5 18 6 8 6 19 7 9 7 10 8 11 9 12 10 12 10 15 10 18 11 13 11 16 11 19 12 14 12 17 13 15 13 18 14 16 14 19 15 17 16 18 17 19
D10_1822 20 40 0 3 0 5 0 7 0 13 1 4 1 6 1 8 1 14 2 5 2 7 2 9 2 15 3 6 3 8 3 16 4 7 4 9 4 17 5 8 5 18 6 9 6 19 7 10 8 11 9 12 10 13 10 15 10 17 11 14 11 16 11 18 12 15 12 17 12 19 13 16 13 18 14 17 14 19 15 18 16 19
D10_1826 20 40 0 4 0 5 0 6 0 13 1 5 1 6 1 7 1 14 2 6 2 7 2 8 2 15 3 7 3 8 3 9 3 16 4 8 4 9 4 17 5 9 5 18 6 19 7 10 8 11 9 12 10 14 10 15 10 16 11 15 11 16 11 17 12 16 12 17 12 18 13 17 13 18 13 19 14 18 14 19 15 19
D10_1836 20 30 0 14 0 15 0 16 1 15 1 16 1 17 2 16 2 17 2 18 3 17 3 18 3 19 4 10 4 18 4 19 5 10 5 11 5 19 6 10 6 11 6 12 7 11 7 12 7 13 8 12 8 13 8 14 9 13 9 14 9 15
D10_1837 20 30 0 14 0 15 0 17 1 15 1 16 1 18 2 16 2 17 2 19 3 10 3 17 3 18 4 11 4 18 4 19 5 10 5 12 5 19 6 10 6 11 6 13 7 11 7 12 7 14 8 12 8 13 8 15 9 13 9 14 9 16
D10_1838 20 30 0 14 0 15 0 18 1 15 1 16 1 19 2 10 2 16 2 17 3 11 3 17 3 18 4 12 4 18 4 19 5 10 5 13 5 19 6 10 6 11 6 14 7 11 7 12 7 15 8 12 8 13 8 16 9 13 9 14 9 17
D10_1839 20 30 0 14 0 15 0 19 1 10 1 15 1 16 2 11 2 16 2 17 3 12 3 17 3 18 4 13 4 18 4 19 5 10 5 14 5 19 6 10 6 11 6 15 7 11 7 12 7 16 8 12 8 13 8 17 9 13 9 14 9 18
D10_1840 20 40 0 2 0 8 0 14 0 15 1 3 1 9 1 15 1 16 2 4 2 16 2 17 3 5 3 17 3 18 4 6 4 18 4 19 5 7 5 10 5 19 6 8 6 10 6 11 7 9 7 11 7 12 8 12 8 13 9 13 9 14 10 12 10 18 11 13 11 19 12 14 13 15 14 16 15 17 16 18 17 19
D10_1841 20 40 0 3 0 7 0 14 0 15 1 4 1 8 1 15 1 16 2 5 2 9 2 16 2 17 3 6 3 17 3 18 4 7 4 18 4 19 5 8 5 10 5 19 6 9 6 10 6 11 7 11 7 12 8 12 8 13 9 13 9 14 10 13 10 17 11 14 11 18 12 15 12 19 13 16 14 17 15 18 16 19
D10_1842 20 40 0 4 0 6 0 14 0 15 1 5 1 7 1 15 1 16 2 6 2 8 2 16 2 17 3 7 3 9 3 17 3 18 4 8 4 18 4 19 5 9 5 10 5 19 6 10 6 11 7 11 7 12 8 12 8 13 9 13 9 14 10 14 10 16 11 15 11 17 12 16 12 18 13 17 13 19 14 18 15 19
D10_1843 20 30 0 5 0 14 0 15 1 6 1 15 1 16 2 7 2 16 2 17 3 8 3 17 3 18 4 9 4 18 4 19 5 10 5 19 6 10 6 11 7 11 7 12 8 12 8 13 9 13 9 14 10 15 11 16 12 17 13 18 14 19
D10_1847 20 30 0 14 0 16 0 17 1 15 1 17 1 18 2 16 2 18 2 19 3 10 3 17 3 19 4 10 4 11 4 18 5 11 5 12 5 19 6 10 6 12 6 13 7 11 7 13 7 14 8 12 8 14 8 15 9 13 9 15 9 16
D10_1848 20 30 0 14 0 16 0 18 1 15 1 17 1 19 2 10 2 16 2 18 3 11 3 17 3 19 4 10 4 12 4 18 5 11 5 13 5 19 6 10 6 12 6 14 7 11 7 13 7 15 8 12 8 14 8 16 9 13 9 15 9 17
D10_1849 20 30 0 14 0 16 0 19 1 10 1 15 1 17 2 11 2 16 2 18 3 12 3 17 3 19 4 10 4 13 4 18 5 11 5 14 5 19 6 10 6 12 6 15 7 11 7 13 7 16 8 12 8 14 8 17 9 13 9 15 9 18
D10_1850 20 40 0 1 0 9 0 14 0 16 1 2 1 15 1 17 2 3 2 16 2 18 3 4 3 17 3 19 4 5 4 10 4 18 5 6 5 11 5 19 6 7 6 10 6 12 7 8 7 11 7 13 8 9 8 12 8 14 9 13 9 15 10 11 10 19 11 12 12 13 13 14 14 15 15 16 16 17 17 18 18 19
D10_1851 20 40 0 3 0 7 0 14 0 16 1 4 1 8 1 15 1 17 2 5 2 9 2 16 2 18 3 6 3 17 3 19 4 7 4 10 4 18 5 8 5 11 5 19 6 9 6 10 6 12 7 11 7 13 8 12 8 14 9 13 9 15 10 13 10 17 11 14 11 18 12 15 12 19 13 16 14 17 15 18 16 19
D10_1853 20 30 0 5 0 14 0 16 1 6 1 15 1 17 2 7 2 16 2 18 3 8 3 17 3 19 4 9 4 10 4 18 5 11 5 19 6 10 6 12 7 11 7 13 8 12 8 14 9 13 9 15 10 15 11 16 12 17 13 18 14 19
D10_1857 20 30 0 14 0 17 0 18 1 15 1 18 1 19 2 10 2 16 2 19 3 10 3 11 3 17 4 11 4 12 4 18 5 12 5 13 5 19 6 10 6 13 6 14 7 11 7 14 7 15 8 12 8 15 8 16 9 13 9 16 9 17
D10_1858 20 30 0 14 0 17 0 19 1 10 1 15 1 18 2 11 2 16 2 19 3 10 3 12 3 17 4 11 4 13 4 18 5 12 5 14 5 19 6 10 6 13 6 15 7 11 7 14 7 16 8 12 8 15 8 17 9 13 9 16 9 18
D10_1859 20 40 0 1 0 9 0 14 0 17 1 2 1 15 1 18 2 3 2 16 2 19 3 4 3 10 3 17 4 5 4 11 4 18 5 6 5 12 5 19 6 7 6 10 6 13 7 8 7 11 7 14 8 9 8 12 8 15 9 13 9 16 10 11 10 19 11 12 12 13 13 14 14 15 15 16 16 17 17 18 18 19
D10_1860 20 40 0 2 0 8 0 14 0 17 1 3 1 9 1 15 1 18 2 4 2 16 2 19 3 5 3 10 3 17 4 6 4 11 4 18 5 7 5 12 5 19 6 8 6 10 6 13 7 9 7 11 7 14 8 12 8 15 9 13 9 16 10 12 10 18 11 13 11 19 12 14 13 15 14 16 15 17 16 18 17 19
D10_1861 20 40 0 4 0 6 0 14 0 17 1 5 1 7 1 15 1 18 2 6 2 8 2 16 2 19 3 7 3 9 3 10 3 17 4 8 4 11 4 18 5 9 5 12 5 19 6 10 6 13 7 11 7 14 8 12 8 15 9 13 9 16 10 14 10 16 11 15 11 17 12 16 12 18 13 17 13 19 14 18 15 19
D10_1862 20 30 0 5 0 14 0 17 1 6 1 15 1 18 2 7 2 16 2 19 3 8 3 10 3 17 4 9 4 11 4 18 5 12 5 19 6 10 6 13 7 11 7 14 8 12 8 15 9 13 9 16 10 15 11 16 12 17 13 18 14 19
D10_1866 20 30 0 14 0 18 0 19 1 10 1 15 1 19 2 10 2 11 2 16 3 11 3 12 3 17 4 12 4 13 4 18 5 13 5 14 5 19 6 10 6 14 6 15 7 11 7 15 7 16 8 12 8 16 8 17 9 13 9 17 9 18
D10_1867 20 40 0 1 0 9 0 14 0 18 1 2 1 15 1 19 2 3 2 10 2 16 3 4 3 11 3 17 4 5 4 12 4 18 5 6 5 13 5 19 6 7 6 10 6 14 7 8 7 11 7 15 8 9 8 12 8 16 9 13 9 17 10 11 10 19 11 12 12 13 13 14 14 15 15 16 16 17 17 18 18 19
D10_1868 20 40 0 2 0 8 0 14 0 18 1 3 1 9 1 15 1 19 2 4 2 10 2 16 3 5 3 11 3 17 4 6 4 12 4 18 5 7 5 13 5 19 6 8 6 10 6 14 7 9 7 11 7 15 8 12 8 16 9 13 9 17 10 12 10 18 11 13 11 19 12 14 13 15 14 16 15 17 16 18 17 19
D10_1869 20 40 0 3 0 7 0 14 0 18 1 4 1 8 1 15 1 19 2 5 2 9 2 10 2 16 3 6 3 11 3 17 4 7 4 12 4 18 5 8 5 13 5 19 6 9 6 10 6 14 7 11 7 15 8 12 8 16 9 13 9 17 10 13 10 17 11 14 11 18 12 15 12 19 13 16 14 17 15 18 16 19
D10_1870 20 30 0 5 0 14 0 18 1 6 1 15 1 19 2 7 2 10 2 16 3 8 3 11 3 17 4 9 4 12 4 18 5 13 5 19 6 10 6 14 7 11 7 15 8 12 8 16 9 13 9 17 10 15 11 16 12 17 13 18 14 19
D10_1874 20 40 0 1 0 9 0 14 0 19 1 2 1 10 1 15 2 3 2 11 2 16 3 4 3 12 3 17 4 5 4 13 4 18 5 6 5 14 5 19 6 7 6 10 6 15 7 8 7 11 7 16 8 9 8 12 8 17 9 13 9 18 10 11 10 19 11 12 12 13 13 14 14 15 15 16 16 17 17 18 18 19
D10_1875 20 40 0 2 0 8 0 14 0 19 1 3 1 9 1 10 1 15 2 4 2 11 2 16 3 5 3 12 3 17 4 6 4 13 4 18 5 7 5 14 5 19 6 8 6 10 6 15 7 9 7 11 7 16 8 12 8 17 9 13 9 18 10 12 10 18 11 13 11 19 12 14 13 15 14 16 15 17 16 18 17 19
D10_1876 20 40 0 3 0 7 0 14 0 19 1 4 1 8 1 10 1 15 2 5 2 9 2 11 2 16 3 6 3 12 3 17 4 7 4 13 4 18 5 8 5 14 5 19 6 9 6 10 6 15 7 11 7 16 8 12 8 17 9 13 9 18 10 13 10 17 11 14 11 18 12 15 12 19 13 16 14 17 15 18 16 19
D10_1877 20 40 0 4 0 6 0 14 0 19 1 5 1 7 1 10 1 15 2 6 2 8 2 11 2 16 3 7 3 9 3 12 3 17 4 8 4 13 4 18 5 9 5 14 5 19 6 10 6 15 7 11 7 16 8 12 8 17 9 13 9 18 10 14 10 16 11 15 11 17 12 16 12 18 13 17 13 19 14 18 15 19
D10_1882 20 50 0 1 0 3 0 7 0 9 0 14 1 2 1 4 1 8 1 15 2 3 2 5 2 9 2 16 3 4 3 6 3 17 4 5 4 7 4 18 5 6 5 8 5 19 6 7 6 9 6 10 7 8 7 11 8 9 8 12 9 13 10 11 10 13 10 17 10 19 11 12 11 14 11 18 12 13 12 15 12 19 13 14 13 16 14 15 14 17 15 16 15 18 16 17 16 19 17 18 18 19
D10_1883 20 50 0 1 0 4 0 6 0 9 0 14 1 2 1 5 1 7 1 15 2 3 2 6 2 8 2 16 3 4 3 7 3 9 3 17 4 5 4 8 4 18 5 6 5 9 5 19 6 7 6 10 7 8 7 11 8 9 8 12 9 13 10 11 10 14 10 16 10 19 11 12 11 15 11 17 12 13 12 16 12 18 13 14 13 17 13 19 14 15 14 18 15 16 15 19 16 17 17 18 18 19
D10_1884 20 40 0 1 0 5 0 9 0 14 1 2 1 6 1 15 2 3 2 7 2 16 3 4 3 8 3 17 4 5 4 9 4 18 5 6 5 19 6 7 6 10 7 8 7 11 8 9 8 12 9 13 10 11 10 15 10 19 11 12 11 16 12 13 12 17 13 14 13 18 14 15 14 19 15 16 16 17 17 18 18 19
D10_1888 20 50 0 2 0 3 0 7 0 8 0 14 1 3 1 4 1 8 1 9 1 15 2 4 2 5 2 9 2 16 3 5 3 6 3 17 4 6 4 7 4 18 5 7 5 8 5 19 6 8 6 9 6 10 7 9 7 11 8 12 9 13 10 12 10 13 10 17 10 18 11 13 11 14 11 18 11 19 12 14 12 15 12 19 13 15 13 16 14 16 14 17 15 17 15 18 16 18 16 19 17 19
D10_1889 20 40 0 2 0 5 0 8 0 14 1 3 1 6 1 9 1 15 2 4 2 7 2 16 3 5 3 8 3 17 4 6 4 9 4 18 5 7 5 19 6 8 6 10 7 9 7 11 8 12 9 13 10 12 10 15 10 18 11 13 11 16 11 19 12 14 12 17 13 15 13 18 14 16 14 19 15 17 16 18 17 19
D10_1892 20 40 0 3 0 5 0 7 0 14 1 4 1 6 1 8 1 15 2 5 2 7 2 9 2 16 3 6 3 8 3 17 4 7 4 9 4 18 5 8 5 19 6 9 6 10 7 11 8 12 9 13 10 13 10 15 10 17 11 14 11 16 11 18 12 15 12 17 12 19 13 16 13 18 14 17 14 19 15 18 16 19
D10_1896 20 40 0 4 0 5 0 6 0 14 1 5 1 6 1 7 1 15 2 6 2 7 2 8 2 16 3 7 3 8 3 9 3 17 4 8 4 9 4 18 5 9 5 19 6 10 7 11 8 12 9 13 10 14 10 15 10 16 11 15 11 16 11 17 12 16 12 17 12 18 13 17 13 18 13 19 14 18 14 19 15 19
D10_1906 20 30 0 15 0 16 0 17 1 16 1 17 1 18 2 17 2 18 2 19 3 10 3 18 3 19 4 10 4 11 4 19 5 10 5 11 5 12 6 11 6 12 6 13 7 12 7 13 7 14 8 13 8 14 8 15 9 14 9 15 9 16
D10_1907 20 30 0 15 0 16 0 18 1 16 1 17 1 19 2 10 2 17 2 18 3 11 3 18 3 19 4 10 4 12 4 19 5 10 5 11 5 13 6 11 6 12 6 14 7 12 7 13 7 15 8 13 8 14 8 16 9 14 9 15 9 17
D10_1908 20 30 0 15 0 16 0 19 1 10 1 16 1 17 2 11 2 17 2 18 3 12 3 18 3 19 4 10 4 13 4 19 5 10 5 11 5 14 6 11 6 12 6 15 7 12 7 13 7 16 8 13 8 14 8 17 9 14 9 15 9 18
D10_1909 20 40 0 2 0 8 0 15 0 16 1 3 1 9 1 16 1 17 2 4 2 17 2 18 3 5 3 18 3 19 4 6 4 10 4 19 5 7 5 10 5 11 6 8 6 11 6 12 7 9 7 12 7 13 8 13 8 14 9 14 9 15 10 12 10 18 11 13 11 19 12 14 13 15 14 16 15 17 16 18 17 19
D10_1910 20 40 0 3 0 7 0 15 0 16 1 4 1 8 1 16 1 17 2 5 2 9 2 17 2 18 3 6 3 18 3 19 4 7 4 10 4 19 5 8 5 10 5 11 6 9 6 11 6 12 7 12 7 13 8 13 8 14 9 14 9 15 10 13 10 17 11 14 11 18 12 15 12 19 13 16 14 17 15 18 16 19
D10_1911 20 40 0 4 0 6 0 15 0 16 1 5 1 7 1 16 1 17 2 6 2 8 2 17 2 18 3 7 3 9 3 18 3 19 4 8 4 10 4 19 5 9 5 10 5 11 6 11 6 12 7 12 7 13 8 13 8 14 9 14 9 15 10 14 10 16 11 15 11 17 12 16 12 18 13 17 13 19 14 18 15 19
D10_1912 20 30 0 5 0 15 0 16 1 6 1 16 1 17 2 7 2 17 2 18 3 8 3 18 3 19 4 9 4 10 4 19 5 10 5 11 6 11 6 12 7 12 7 13 8 13 8 14 9 14 9 15 10 15 11 16 12 17 13 18 14 19
D10_1916 20 30 0 15 0 17 0 18 1 16 1 18 1 19 2 10 2 17 2 19 3 10 3 11 3 18 4 11 4 12 4 19 5 10 5 12 5 13 6 11 6 13 6 14 7 12 7 14 7 15 8 13 8 15 8 16 9 14 9 16 9 17
D10_1917 20 30 0 15 0 17 0 19 1 10 1 16 1 18 2 11 2 17 2 19 3 10 3 12 3 18 4 11 4 13 4 19 5 10 5 12 5 14 6 11 6 13 6 15 7 12 7 14 7 16 8 13 8 15 8 17 9 14 9 16 9 18
D10_1918 20 40 0 1 0 9 0 15 0 17 1 2 1 16 1 18 2 3 2 17 2 19 3 4 3 10 3 18 4 5 4 11 4 19 5 6 5 10 5 12 6 7 6 11 6 13 7 8 7 12 7 14 8 9 8 13 8 15 9 14 9 16 10 11 10 19 11 12 12 13 13 14 14 15 15 16 16 17 17 18 18 19
D10_1919 20 40 0 3 0 7 0 15 0 17 1 4 1 8 1 16 1 18 2 5 2 9 2 17 2 19 3 6 3 10 3 18 4 7 4 11 4 19 5 8 5 10 5 12 6 9 6 11 6 13 7 12 7 14 8 13 8 15 9 14 9 16 10 13 10 17 11 14 11 18 12 15 12 19 13 16 14 17 15 18 16 19
D10_1920 20 40 0 4 0 6 0 15 0 17 1 5 1 7 1 16 1 18 2 6 2 8 2 17 2 19 3 7 3 9 3 10 3 18 4 8 4 11 4 19 5 9 5 10 5 12 6 11 6 13 7 12 7 14 8 13 8 15 9 14 9 16 10 14 10 16 11 15 11 17 12 16 12 18 13 17 13 19 14 18 15 19
D10_1921 20 30 0 5 0 15 0 17 1 6 1 16 1 18 2 7 2 17 2 19 3 8 3 10 3 18 4 9 4 11 4 19 5 10 5 12 6 11 6 13 7 12 7 14 8 13 8 15 9 14 9 16 10 15 11 16 12 17 13 18 14 19
D10_1925 20 30 0 15 0 18 0 19 1 10 1 16 1 19 2 10 2 11 2 17 3 11 3 12 3 18 4 12 4 13 4 19 5 10 5 13 5 14 6 11 6 14 6 15 7 12 7 15 7 16 8 13 8 16 8 17 9 14 9 17 9 18
D10_1926 20 40 0 1 0 9 0 15 0 18 1 2 1 16 1 19 2 3 2 10 2 17 3 4 3 11 3 18 4 5 4 12 4 19 5 6 5 10 5 13 6 7 6 11 6 14 7 8 7 12 7 15 8 9 8 13 8 16 9 14 9 17 10 11 10 19 11 12 12 13 13 14 14 15 15 16 16 17 17 18 18 19
D10_1927 20 40 0 2 0 8 0 15 0 18 1 3 1 9 1 16 1 19 2 4 2 10 2 17 3 5 3 11 3 18 4 6 4 12 4 19 5 7 5 10 5 13 6 8 6 11 6 14 7 9 7 12 7 15 8 13 8 16 9 14 9 17 10 12 10 18 11 13 11 19 12 14 13 15 14 16 15 17 16 18 17 19
D10_1928 20 40 0 4 0 6 0 15 0 18 1 5 1 7 1 16 1 19 2 6 2 8 2 10 2 17 3 7 3 9 3 11 3 18 4 8 4 12 4 19 5 9 5 10 5 13 6 11 6 14 7 12 7 15 8 13 8 16 9 14 9 17 10 14 10 16 11 15 11 17 12 16 12 18 13 17 13 19 14 18 15 19
D10_1929 20 30 0 5 0 15 0 18 1 6 1 16 1 19 2 7 2 10 2 17 3 8 3 11 3 18 4 9 4 12 4 19 5 10 5 13 6 11 6 14 7 12 7 15 8 13 8 16 9 14 9 17 10 15 11 16 12 17 13 18 14 19
D10_1933 20 40 0 1 0 9 0 15 0 19 1 2 1 10 1 16 2 3 2 11 2 17 3 4 3 12 3 18 4 5 4 13 4 19 5 6 5 10 5 14 6 7 6 11 6 15 7 8 7 12 7 16 8 9 8 13 8 17 9 14 9 18 10 11 10 19 11 12 12 13 13 14 14 15 15 16 16 17 17 18 18 19
D10_1934 20 40 0 2 0 8 0 15 0 19 1 3 1 9 1 10 1 16 2 4 2 11 2 17 3 5 3 12 3 18 4 6 4 13 4 19 5 7 5 10 5 14 6 8 6 11 6 15 7 9 7 12 7 16 8 13 8 17 9 14 9 18 10 12 10 18 11 13 11 19 12 14 13 15 14 16 15 17 16 18 17 19
D10_1935 20 40 0 3 0 7 0 15 0 19 1 4 1 8 1 10 1 16 2 5 2 9 2 11 2 17 3 6 3 12 3 18 4 7 4 13 4 19 5 8 5 10 5 14 6 9 6 11 6 15 7 12 7 16 8 13 8 17 9 14 9 18 10 13 10 17 11 14 11 18 12 15 12 19 13 16 14 17 15 18 16 19
D10_1936 20 30 0 5 0 15 0 19 1 6 1 10 1 16 2 7 2 11 2 17 3 8 3 12 3 18 4 9 4 13 4 19 5 10 5 14 6 11 6 15 7 12 7 16 8 13 8 17 9 14 9 18 10 15 11 16 12 17 13 18 14 19
D10_1940 20 50 0 1 0 3 0 7 0 9 0 15 1 2 1 4 1 8 1 16 2 3 2 5 2 9 2 17 3 4 3 6 3 18 4 5 4 7 4 19 5 6 5 8 5 10 6 7 6 9 6 11 7 8 7 12 8 9 8 13 9 14 10 11 10 13 10 17 10 19 11 12 11 14 11 18 12 13 12 15 12 19 13 14 13 16 14 15 14 17 15 16 15 18 16 17 16 19 17 18 18 19
D10_1941 20 50 0 1 0 4 0 6 0 9 0 15 1 2 1 5 1 7 1 16 2 3 2 6 2 8 2 17 3 4 3 7 3 9 3 18 4 5 4 8 4 19 5 6 5 9 5 10 6 7 6 11 7 8 7 12 8 9 8 13 9 14 10 11 10 14 10 16 10 19 11 12 11 15 11 17 12 13 12 16 12 18 13 14 13 17 13 19 14 15 14 18 15 16 15 19 16 17 17 18 18 19
D10_1942 20 40 0 1 0 5 0 9 0 15 1 2 1 6 1 16 2 3 2 7 2 17 3 4 3 8 3 18 4 5 4 9 4 19 5 6 5 10 6 7 6 11 7 8 7 12 8 9 8 13 9 14 10 11 10 15 10 19 11 12 11 16 12 13 12 17 13 14 13 18 14 15 14 19 15 16 16 17 17 18 18 19
D10_1946 20 50 0 2 0 3 0 7 0 8 0 15 1 3 1 4 1 8 1 9 1 16 2 4 2 5 2 9 2 17 3 5 3 6 3 18 4 6 4 7 4 19 5 7 5 8 5 10 6 8 6 9 6 11 7 9 7 12 8 13 9 14 10 12 10 13 10 17 10 18 11 13 11 14 11 18 11 19 12 14 12 15 12 19 13 15 13 16 14 16 14 17 15 17 15 18 16 18 16 19 17 19
D10_1947 20 40 0 2 0 5 0 8 0 15 1 3 1 6 1 9 1 16 2 4 2 7 2 17 3 5 3 8 3 18 4 6 4 9 4 19 5 7 5 10 6 8 6 11 7 9 7 12 8 13 9 14 10 12 10 15 10 18 11 13 11 16 11 19 12 14 12 17 13 15 13 18 14 16 14 19 15 17 16 18 17 19
D10_1950 20 40 0 3 0 5 0 7 0 15 1 4 1 6 1 8 1 16 2 5 2 7 2 9 2 17 3 6 3 8 3 18 4 7 4 9 4 19 5 8 5 10 6 9 6 11 7 12 8 13 9 14 10 13 10 15 10 17 11 14 11 16 11 18 12 15 12 17 12 19 13 16 13 18 14 17 14 19 15 18 16 19
D10_1954 20 40 0 4 0 5 0 6 0 15 1 5 1 6 1 7 1 16 2 6 2 7 2 8 2 17 3 7 3 8 3 9 3 18 4 8 4 9 4 19 5 9 5 10 6 11 7 12 8 13 9 14 10 14 10 15 10 16 11 15 11 16 11 17 12 16 12 17 12 18 13 17 13 18 13 19 14 18 14 19 15 19
D10_1964 20 30 0 16 0 17 0 18 1 17 1 18 1 19 2 10 2 18 2 19 3 10 3 11 3 19 4 10 4 11 4 12 5 11 5 12 5 13 6 12 6 13 6 14 7 13 7 14 7 15 8 14 8 15 8 16 9 15 9 16 9 17
D10_1965 20 30 0 16 0 17 0 19 1 10 1 17 1 18 2 11 2 18 2 19 3 10 3 12 3 19 4 10 4 11 4 13 5 11 5 12 5 14 6 12 6 13 6 15 7 13 7 14 7 16 8 14 8 15 8 17 9 15 9 16 9 18
D10_1966 20 40 0 2 0 8 0 16 0 17 1 3 1 9 1 17 1 18 2 4 2 18 2 19 3 5 3 10 3 19 4 6 4 10 4 11 5 7 5 11 5 12 6 8 6 12 6 13 7 9 7 13 7 14 8 14 8 15 9 15 9 16 10 12 10 18 11 13 11 19 12 14 13 15 14 16 15 17 16 18 17 19
D10_1967 20 40 0 3 0 7 0 16 0 17 1 4 1 8 1 17 1 18 2 5 2 9 2 18 2 19 3 6 3 10 3 19 4 7 4 10 4 11 5 8 5 11 5 12 6 9 6 12 6 13 7 13 7 14 8 14 8 15 9 15 9 16 10 13 10 17 11 14 11 18 12 15 12 19 13 16 14 17 15 18 16 19
D10_1968 20 40 0 4 0 6 0 16 0 17 1 5 1 7 1 17 1 18 2 6 2 8 2 18 2 19 3 7 3 9 3 10 3 19 4 8 4 10 4 11 5 9 5 11 5 12 6 12 6 13 7 13 7 14 8 14 8 15 9 15 9 16 10 14 10 16 11 15 11 17 12 16 12 18 13 17 13 19 14 18 15 19
D10_1969 20 30 0 5 0 16 0 17 1 6 1 17 1 18 2 7 2 18 2 19 3 8 3 10 3 19 4 9 4 10 4 11 5 11 5 12 6 12 6 13 7 13 7 14 8 14 8 15 9 15 9 16 10 15 11 16 12 17 13 18 14 19
D10_1973 20 30 0 16 0 18 0 19 1 10 1 17 1 19 2 10 2 11 2 18 3 11 3 12 3 19 4 10 4 12 4 13 5 11 5 13 5 14 6 12 6 14 6 15 7 13 7 15 7 16 8 14 8 16 8 17 9 15 9 17 9 18
D10_1974 20 40 0 1 0 9 0 16 0 18 1 2 1 17 1 19 2 3 2 10 2 18 3 4 3 11 3 19 4 5 4 10 4 12 5 6 5 11 5 13 6 7 6 12 6 14 7 8 7 13 7 15 8 9 8 14 8 16 9 15 9 17 10 11 10 19 11 12 12 13 13 14 14 15 15 16 16 17 17 18 18 19
D10_1975 20 40 0 3 0 7 0 16 0 18 1 4 1 8 1 17 1 19 2 5 2 9 2 10 2 18 3 6 3 11 3 19 4 7 4 10 4 12 5 8 5 11 5 13 6 9 6 12 6 14 7 13 7 15 8 14 8 16 9 15 9 17 10 13 10 17 11 14 11 18 12 15 12 19 13 16 14 17 15 18 16 19
D10_1976 20 40 0 4 0 6 0 16 0 18 1 5 1 7 1 17 1 19 2 6 2 8 2 10 2 18 3 7 3 9 3 11 3 19 4 8 4 10 4 12 5 9 5 11 5 13 6 12 6 14 7 13 7 15 8 14 8 16 9 15 9 17 10 14 10 16 11 15 11 17 12 16 12 18 13 17 13 19 14 18 15 19
D10_1977 20 30 0 5 0 16 0 18 1 6 1 17 1 19 2 7 2 10 2 18 3 8 3 11 3 19 4 9 4 10 4 12 5 11 5 13 6 12 6 14 7 13 7 15 8 14 8 16 9 15 9 17 10 15 11 16 12 17 13 18 14 19
D10_1981 20 40 0 1 0 9 0 16 0 19 1 2 1 10 1 17 2 3 2 11 2 18 3 4 3 12 3 19 4 5 4 10 4 13 5 6 5 11 5 14 6 7 6 12 6 15 7 8 7 13 7 16 8 9 8 14 8 17 9 15 9 18 10 11 10 19 11 12 12 13 13 14 14 15 15 16 16 17 17 18 18 19
D10_1982 20 40 0 2 0 8 0 16 0 19 1 3 1 9 1 10 1 17 2 4 2 11 2 18 3 5 3 12 3 19 4 6 4 10 4 13 5 7 5 11 5 14 6 8 6 12 6 15 7 9 7 13 7 16 8 14 8 17 9 15 9 18 10 12 10 18 11 13 11 19 12 14 13 15 14 16 15 17 16 18 17 19
D10_1983 20 40 0 4 0 6 0 16 0 19 1 5 1 7 1 10 1 17 2 6 2 8 2 11 2 18 3 7 3 9 3 12 3 19 4 8 4 10 4 13 5 9 5 11 5 14 6 12 6 15 7 13 7 16 8 14 8 17 9 15 9 18 10 14 10 16 11 15 11 17 12 16 12 18 13 17 13 19 14 18 15 19
D10_1984 20 30 0 5 0 16 0 19 1 6 1 10 1 17 2 7 2 11 2 18 3 8 3 12 3 19 4 9 4 10 4 13 5 11 5 14 6 12 6 15 7 13 7 16 8 14 8 17 9 15 9 18 10 15 11 16 12 17 13 18 14 19
D10_1988 20 50 0 1 0 3 0 7 0 9 0 16 1 2 1 4 1 8 1 17 2 3 2 5 2 9 2 18 3 4 3 6 3 19 4 5 4 7 4 10 5 6 5 8 5 11 6 7 6 9 6 12 7 8 7 13 8 9 8 14 9 15 10 11 10 13 10 17 10 19 11 12 11 14 11 18 12 13 12 15 12 19 13 14 13 16 14 15 14 17 15 16 15 18 16 17 16 19 17 18 18 19
D10_1989 20 50 0 1 0 4 0 6 0 9 0 16 1 2 1 5 1 7 1 17 2 3 2 6 2 8 2 18 3 4 3 7 3 9 3 19 4 5 4 8 4 10 5 6 5 9 5 11 6 7 6 12 7 8 7 13 8 9 8 14 9 15 10 11 10 14 10 16 10 19 11 12 11 15 11 17 12 13 12 16 12 18 13 14 13 17 13 19 14 15 14 18 15 16 15 19 16 17 17 18 18 19
D10_1990 20 40 0 1 0 5 0 9 0 16 1 2 1 6 1 17 2 3 2 7 2 18 3 4 3 8 3 19 4 5 4 9 4 10 5 6 5 11 6 7 6 12 7 8 7 13 8 9 8 14 9 15 10 11 10 15 10 19 11 12 11 16 12 13 12 17 13 14 13 18 14 15 14 19 15 16 16 17 17 18 18 19
D10_1994 20 50 0 2 0 3 0 7 0 8 0 16 1 3 1 4 1 8 1 9 1 17 2 4 2 5 2 9 2 18 3 5 3 6 3 19 4 6 4 7 4 10 5 7 5 8 5 11 6 8 6 9 6 12 7 9 7 13 8 14 9 15 10 12 10 13 10 17 10 18 11 13 11 14 11 18 11 19 12 14 12 15 12 19 13 15 13 16 14 16 14 17 15 17 15 18 16 18 16 19 17 19
D10_1995 20 40 0 2 0 5 0 8 0 16 1 3 1 6 1 9 1 17 2 4 2 7 2 18 3 5 3 8 3 19 4 6 4 9 4 10 5 7 5 11 6 8 6 12 7 9 7 13 8 14 9 15 10 12 10 15 10 18 11 13 11 16 11 19 12 14 12 17 13 15 13 18 14 16 14 19 15 17 16 18 17 19
D10_1998 20 40 0 3 0 5 0 7 0 16 1 4 1 6 1 8 1 17 2 5 2 7 2 9 2 18 3 6 3 8 3 19 4 7 4 9 4 10 5 8 5 11 6 9 6 12 7 13 8 14 9 15 10 13 10 15 10 17 11 14 11 16 11 18 12 15 12 17 12 19 13 16 13 18 14 17 14 19 15 18 16 19
D10_2002 20 40 0 4 0 5 0 6 0 16 1 5 1 6 1 7 1 17 2 6 2 7 2 8 2 18 3 7 3 8 3 9 3 19 4 8 4 9 4 10 5 9 5 11 6 12 7 13 8 14 9 15 10 14 10 15 10 16 11 15 11 16 11 17 12 16 12 17 12 18 13 17 13 18 13 19 14 18 14 19 15 19
D10_2012 20 30 0 17 0 18 0 19 1 10 1 18 1 19 2 10 2 11 2 19 3 10 3 11 3 12 4 11 4 12 4 13 5 12 5 13 5 14 6 13 6 14 6 15 7 14 7 15 7 16 8 15 8 16 8 17 9 16 9 17 9 18
D10_2013 20 40 0 2 0 8 0 17 0 18 1 3 1 9 1 18 1 19 2 4 2 10 2 19 3 5 3 10 3 11 4 6 4 11 4 12 5 7 5 12 5 13 6 8 6 13 6 14 7 9 7 14 7 15 8 15 8 16 9 16 9 17 10 12 10 18 11 13 11 19 12 14 13 15 14 16 15 17 16 18 17 19
D10_2014 20 40 0 3 0 7 0 17 0 18 1 4 1 8 1 18 1 19 2 5 2 9 2 10 2 19 3 6 3 10 3 11 4 7 4 11 4 12 5 8 5 12 5 13 6 9 6 13 6 14 7 14 7 15 8 15 8 16 9 16 9 17 10 13 10 17 11 14 11 18 12 15 12 19 13 16 14 17 15 18 16 19
D10_2015 20 40 0 4 0 6 0 17 0 18 1 5 1 7 1 18 1 19 2 6 2 8 2 10 2 19 3 7 3 9 3 10 3 11 4 8 4 11 4 12 5 9 5 12 5 13 6 13 6 14 7 14 7 15 8 15 8 16 9 16 9 17 10 14 10 16 11 15 11 17 12 16 12 18 13 17 13 19 14 18 15 19
D10_2016 20 30 0 5 0 17 0 18 1 6 1 18 1 19 2 7 2 10 2 19 3 8 3 10 3 11 4 9 4 11 4 12 5 12 5 13 6 13 6 14 7 14 7 15 8 15 8 16 9 16 9 17 10 15 11 16 12 17 13 18 14 19
D10_2020 20 40 0 1 0 9 0 17 0 19 1 2 1 10 1 18 2 3 2 11 2 19 3 4 3 10 3 12 4 5 4 11 4 13 5 6 5 12 5 14 6 7 6 13 6 15 7 8 7 14 7 16 8 9 8 15 8 17 9 16 9 18 10 11 10 19 11 12 12 13 13 14 14 15 15 16 16 17 17 18 18 19
D10_2021 20 40 0 3 0 7 0 17 0 19 1 4 1 8 1 10 1 18 2 5 2 9 2 11 2 19 3 6 3 10 3 12 4 7 4 11 4 13 5 8 5 12 5 14 6 9 6 13 6 15 7 14 7 16 8 15 8 17 9 16 9 18 10 13 10 17 11 14 11 18 12 15 12 19 13 16 14 17 15 18 16 19
D10_2022 20 40 0 4 0 6 0 17 0 19 1 5 1 7 1 10 1 18 2 6 2 8 2 11 2 19 3 7 3 9 3 10 3 12 4 8 4 11 4 13 5 9 5 12 5 14 6 13 6 15 7 14 7 16 8 15 8 17 9 16 9 18 10 14 10 16 11 15 11 17 12 16 12 18 13 17 13 19 14 18 15 19
D10_2023 20 30 0 5 0 17 0 19 1 6 1 10 1 18 2 7 2 11 2 19 3 8 3 10 3 12 4 9 4 11 4 13 5 12 5 14 6 13 6 15 7 14 7 16 8 15 8 17 9 16 9 18 10 15 11 16 12 17 13 18 14 19
D10_2027 20 50 0 1 0 3 0 7 0 9 0 17 1 2 1 4 1 8 1 18 2 3 2 5 2 9 2 19 3 4 3 6 3 10 4 5 4 7 4 11 5 6 5 8 5 12 6 7 6 9 6 13 7 8 7 14 8 9 8 15 9 16 10 11 10 13 10 17 10 19 11 12 11 14 11 18 12 13 12 15 12 19 13 14 13 16 14 15 14 17 15 16 15 18 16 17 16 19 17 18 18 19
D10_2028 20 50 0 1 0 4 0 6 0 9 0 17 1 2 1 5 1 7 1 18 2 3 2 6 2 8 2 19 3 4 3 7 3 9 3 10 4 5 4 8 4 11 5 6 5 9 5 12 6 7 6 13 7 8 7 14 8 9 8 15 9 16 10 11 10 14 10 16 10 19 11 12 11 15 11 17 12 13 12 16 12 18 13 14 13 17 13 19 14 15 14 18 15 16 15 19 16 17 17 18 18 19
D10_2029 20 40 0 1 0 5 0 9 0 17 1 2 1 6 1 18 2 3 2 7 2 19 3 4 3 8 3 10 4 5 4 9 4 11 5 6 5 12 6 7 6 13 7 8 7 14 8 9 8 15 9 16 10 11 10 15 10 19 11 12 11 16 12 13 12 17 13 14 13 18 14 15 14 19 15 16 16 17 17 18 18 19
D10_2033 20 50 0 2 0 3 0 7 0 8 0 17 1 3 1 4 1 8 1 9 1 18 2 4 2 5 2 9 2 19 3 5 3 6 3 10 4 6 4 7 4 11 5 7 5 8 5 12 6 8 6 9 6 13 7 9 7 14 8 15 9 16 10 12 10 13 10 17 10 18 11 13 11 14 11 18 11 19 12 14 12 15 12 19 13 15 13 16 14 16 14 17 15 17 15 18 16 18 16 19 17 19
D10_2034 20 40 0 2 0 5 0 8 0 17 1 3 1 6 1 9 1 18 2 4 2 7 2 19 3 5 3 8 3 10 4 6 4 9 4 11 5 7 5 12 6 8 6 13 7 9 7 14 8 15 9 16 10 12 10 15 10 18 11 13 11 16 11 19 12 14 12 17 13 15 13 18 14 16 14 19 15 17 16 18 17 19
D10_2037 20 40 0 3 0 5 0 7 0 17 1 4 1 6 1 8 1 18 2 5 2 7 2 9 2 19 3 6 3 8 3 10 4 7 4 9 4 11 5 8 5 12 6 9 6 13 7 14 8 15 9 16 10 13 10 15 10 17 11 14 11 16 11 18 12 15 12 17 12 19 13 16 13 18 14 17 14 19 15 18 16 19
D10_2041 20 40 0 4 0 5 0 6 0 17 1 5 1 6 1 7 1 18 2 6 2 7 2 8 2 19 3 7 3 8 3 9 3 10 4 8 4 9 4 11 5 9 5 12 6 13 7 14 8 15 9 16 10 14 10 15 10 16 11 15 11 16 11 17 12 16 12 17 12 18 13 17 13 18 13 19 14 18 14 19 15 19
D10_2051 20 40 0 2 0 8 0 18 0 19 1 3 1 9 1 10 1 19 2 4 2 10 2 11 3 5 3 11 3 12 4 6 4 12 4 13 5 7 5 13 5 14 6 8 6 14 6 15 7 9 7 15 7 16 8 16 8 17 9 17 9 18 10 12 10 18 11 13 11 19 12 14 13 15 14 16 15 17 16 18 17 19
D10_2052 20 40 0 3 0 7 0 18 0 19 1 4 1 8 1 10 1 19 2 5 2 9 2 10 2 11 3 6 3 11 3 12 4 7 4 12 4 13 5 8 5 13 5 14 6 9 6 14 6 15 7 15 7 16 8 16 8 17 9 17 9 18 10 13 10 17 11 14 11 18 12 15 12 19 13 16 14 17 15 18 16 19
D10_2053 20 40 0 4 0 6 0 18 0 19 1 5 1 7 1 10 1 19 2 6 2 8 2 10 2 11 3 7 3 9 3 11 3 12 4 8 4 12 4 13 5 9 5 13 5 14 6 14 6 15 7 15 7 16 8 16 8 17 9 17 9 18 10 14 10 16 11 15 11 17 12 16 12 18 13 17 13 19 14 18 15 19
D10_2054 20 30 0 5 0 18 0 19 1 6 1 10 1 19 2 7 2 10 2 11 3 8 3 11 3 12 4 9 4 12 4 13 5 13 5 14 6 14 6 15 7 15 7 16 8 16 8 17 9 17 9 18 10 15 11 16 12 17 13 18 14 19
D10_2058 20 50 0 1 0 3 0 7 0 9 0 18 1 2 1 4 1 8 1 19 2 3 2 5 2 9 2 10 3 4 3 6 3 11 4 5 4 7 4 12 5 6 5 8 5 13 6 7 6 9 6 14 7 8 7 15 8 9 8 16 9 17 10 11 10 13 10 17 10 19 11 12 11 14 11 18 12 13 12 15 12 19 13 14 13 16 14 15 14 17 15 16 15 18 16 17 16 19 17 18 18 19
D10_2059 20 50 0 1 0 4 0 6 0 9 0 18 1 2 1 5 1 7 1 19 2 3 2 6 2 8 2 10 3 4 3 7 3 9 3 11 4 5 4 8 4 12 5 6 5 9 5 13 6 7 6 14 7 8 7 15 8 9 8 16 9 17 10 11 10 14 10 16 10 19 11 12 11 15 11 17 12 13 12 16 12 18 13 14 13 17 13 19 14 15 14 18 15 16 15 19 16 17 17 18 18 19
D10_2060 20 40 0 1 0 5 0 9 0 18 1 2 1 6 1 19 2 3 2 7 2 10 3 4 3 8 3 11 4 5 4 9 4 12 5 6 5 13 6 7 6 14 7 8 7 15 8 9 8 16 9 17 10 11 10 15 10 19 11 12 11 16 12 13 12 17 13 14 13 18 14 15 14 19 15 16 16 17 17 18 18 19
D10_2064 20 50 0 2 0 3 0 7 0 8 0 18 1 3 1 4 1 8 1 9 1 19 2 4 2 5 2 9 2 10 3 5 3 6 3 11 4 6 4 7 4 12 5 7 5 8 5 13 6 8 6 9 6 14 7 9 7 15 8 16 9 17 10 12 10 13 10 17 10 18 11 13 11 14 11 18 11 19 12 14 12 15 12 19 13 15 13 16 14 16 14 17 15 17 15 18 16 18 16 19 17 19
D10_2065 20 40 0 2 0 5 0 8 0 18 1 3 1 6 1 9 1 19 2 4 2 7 2 10 3 5 3 8 3 11 4 6 4 9 4 12 5 7 5 13 6 8 6 14 7 9 7 15 8 16 9 17 10 12 10 15 10 18 11 13 11 16 11 19 12 14 12 17 13 15 13 18 14 16 14 19 15 17 16 18 17 19
D10_2068 20 40 0 3 0 5 0 7 0 18 1 4 1 6 1 8 1 19 2 5 2 7 2 9 2 10 3 6 3 8 3 11 4 7 4 9 4 12 5 8 5 13 6 9 6 14 7 15 8 16 9 17 10 13 10 15 10 17 11 14 11 16 11 18 12 15 12 17 12 19 13 16 13 18 14 17 14 19 15 18 16 19
D10_2072 20 40 0 4 0 5 0 6 0 18 1 5 1 6 1 7 1 19 2 6 2 7 2 8 2 10 3 7 3 8 3 9 3 11 4 8 4 9 4 12 5 9 5 13 6 14 7 15 8 16 9 17 10 14 10 15 10 16 11 15 11 16 11 17 12 16 12 17 12 18 13 17 13 18 13 19 14 18 14 19 15 19
D10_2082 20 50 0 1 0 3 0 7 0 9 0 19 1 2 1 4 1 8 1 10 2 3 2 5 2 9 2 11 3 4 3 6 3 12 4 5 4 7 4 13 5 6 5 8 5 14 6 7 6 9 6 15 7 8 7 16 8 9 8 17 9 18 10 11 10 13 10 17 10 19 11 12 11 14 11 18 12 13 12 15 12 19 13 14 13 16 14 15 14 17 15 16 15 18 16 17 16 19 17 18 18 19
D10_2083 20 50 0 1 0 4 0 6 0 9 0 19 1 2 1 5 1 7 1 10 2 3 2 6 2 8 2 11 3 4 3 7 3 9 3 12 4 5 4 8 4 13 5 6 5 9 5 14 6 7 6 15 7 8 7 16 8 9 8 17 9 18 10 11 10 14 10 16 10 19 11 12 11 15 11 17 12 13 12 16 12 18 13 14 13 17 13 19 14 15 14 18 15 16 15 19 16 17 17 18 18 19
D10_2084 20 40 0 1 0 5 0 9 0 19 1 2 1 6 1 10 2 3 2 7 2 11 3 4 3 8 3 12 4 5 4 9 4 13 5 6 5 14 6 7 6 15 7 8 7 16 8 9 8 17 9 18 10 11 10 15 10 19 11 12 11 16 12 13 12 17 13 14 13 18 14 15 14 19 15 16 16 17 17 18 18 19
D10_2088 20 50 0 2 0 3 0 7 0 8 0 19 1 3 1 4 1 8 1 9 1 10 2 4 2 5 2 9 2 11 3 5 3 6 3 12 4 6 4 7 4 13 5 7 5 8 5 14 6 8 6 9 6 15 7 9 7 16 8 17 9 18 10 12 10 13 10 17 10 18 11 13 11 14 11 18 11 19 12 14 12 15 12 19 13 15 13 16 14 16 14 17 15 17 15 18 16 18 16 19 17 19
D10_2089 20 40 0 2 0 5 0 8 0 19 1 3 1 6 1 9 1 10 2 4 2 7 2 11 3 5 3 8 3 12 4 6 4 9 4 13 5 7 5 14 6 8 6 15 7 9 7 16 8 17 9 18 10 12 10 15 10 18 11 13 11 16 11 19 12 14 12 17 13 15 13 18 14 16 14 19 15 17 16 18 17 19
D10_2092 20 40 0 3 0 5 0 7 0 19 1 4 1 6 1 8 1 10 2 5 2 7 2 9 2 11 3 6 3 8 3 12 4 7 4 9 4 13 5 8 5 14 6 9 6 15 7 16 8 17 9 18 10 13 10 15 10 17 11 14 11 16 11 18 12 15 12 17 12 19 13 16 13 18 14 17 14 19 15 18 16 19
D10_2096 20 40 0 4 0 5 0 6 0 19 1 5 1 6 1 7 1 10 2 6 2 7 2 8 2 11 3 7 3 8 3 9 3 12 4 8 4 9 4 13 5 9 5 14 6 15 7 16 8 17 9 18 10 14 10 15 10 16 11 15 11 16 11 17 12 16 12 17 12 18 13 17 13 18 13 19 14 18 14 19 15 19
D10_2106 20 50 0 1 0 3 0 5 0 7 0 9 1 2 1 4 1 6 1 8 2 3 2 5 2 7 2 9 3 4 3 6 3 8 4 5 4 7 4 9 5 6 5 8 6 7 6 9 7 8 8 9 10 11 10 13 10 15 10 17 10 19 11 12 11 14 11 16 11 18 12 13 12 15 12 17 12 19 13 14 13 16 13 18 14 15 14 17 14 19 15 16 15 18 16 17 16 19 17 18 18 19
D11_2127 22 11 0 12 1 13 2 14 3 15 4 16 5 17 6 18 7 19 8 20 9 21 10 11
D11_2128 22 11 0 13 1 14 2 15 3 16 4 17 5 18 6 19 7 20 8 21 9 11 10 12
D11_2129 22 11 0 14 1 15 2 16 3 17 4 18 5 19 6 20 7 21 8 11 9 12 10 13
D11_2130 22 11 0 15 1 16 2 17 3 18 4 19 5 20 6 21 7 11 8 12 9 13 10 14
D11_2131 22 11 0 16 1 17 2 18 3 19 4 20 5 21 6 11 7 12 8 13 9 14 10 15
D11_2132 22 11 0 17 1 18 2 19 3 20 4 21 5 11 6 12 7 13 8 14 9 15 10 16
D11_2133 22 11 0 18 1 19 2 20 3 21 4 11 5 12 6 13 7 14 8 15 9 16 10 17
D11_2134 22 11 0 19 1 20 2 21 3 11 4 12 5 13 6 14 7 15 8 16 9 17 10 18
D11_2135 22 11 0 20 1 21 2 11 3 12 4 13 5 14 6 15 7 16 8 17 9 18 10 19
D11_2136 22 11 0 21 1 11 2 12 3 13 4 14 5 15 6 16 7 17 8 18 9 19 10 20
D11_2137 22 22 0 1 0 10 1 2 2 3 3 4 4 5 5 6 6 7 7 8 8 9 9 10 11 12 11 21 12 13 13 14 14 15 15 16 16 17 17 18 18 19 19 20 20 21
D11_2138 22 22 0 2 0 9 1 3 1 10 2 4 3 5 4 6 5 7 6 8 7 9 8 10 11 13 11 20 12 14 12 21 13 15 14 16 15 17 16 18 17 19 18 20 19 21
D11_2139 22 22 0 3 0 8 1 4 1 9 2 5 2 10 3 6 4 7 5 8 6 9 7 10 11 14 11 19 12 15 12 20 13 16 13 21 14 17 15 18 16 19 17 20 18 21
D11_2140 22 22 0 4 0 7 1 5 1 8 2 6 2 9 3 7 3 10 4 8 5 9 6 10 11 15 11 18 12 16 12 19 13 17 13 20 14 18 14 21 15 19 16 20 17 21
D11_2141 22 22 0 5 0 6 1 6 1 7 2 7 2 8 3 8 3 9 4 9 4 10 5 10 11 16 11 17 12 17 12 18 13 18 13 19 14 19 14 20 15 20 15 21 16 21
D11_2147 22 22 0 11 0 12 1 12 1 13 2 13 2 14 3 14 3 15 4 15 4 16 5 16 5 17 6 17 6 18 7 18 7 19 8 19 8 20 9 20 9 21 10 11 10 21
D11_2148 22 22 0 11 0 13 1 12 1 14 2 13 2 15 3 14 3 16 4 15 4 17 5 16 5 18 6 17 6 19 7 18 7 20 8 19 8 21 9 11 9 20 10 12 10 21
D11_2149 22 22 0 11 0 14 1 12 1 15 2 13 2 16 3 14 3 17 4 15 4 18 5 16 5 19 6 17 6 20 7 18 7 21 8 11 8 19 9 12 9 20 10 13 10 21
D11_2150 22 22 0 11 0 15 1 12 1 16 2 13 2 17 3 14 3 18 4 15 4 19 5 16 5 20 6 17 6 21 7 11 7 18 8 12 8 19 9 13 9 20 10 14 10 21
D11_2151 22 22 0 11 0 16 1 12 1 17 2 13 2 18 3 14 3 19 4 15 4 20 5 16 5 21 6 11 6 17 7 12 7 18 8 13 8 19 9 14 9 20 10 15 10 21
D11_2152 22 22 0 11 0 17 1 12 1 18 2 13 2 19 3 14 3 20 4 15 4 21 5 11 5 16 6 12 6 17 7 13 7 18 8 14 8 19 9 15 9 20 10 16 10 21
D11_2153 22 22 0 11 0 18 1 12 1 19 2 13 2 20 3 14 3 21 4 11 4 15 5 12 5 16 6 13 6 17 7 14 7 18 8 15 8 19 9 16 9 20 10 17 10 21
D11_2154 22 22 0 11 0 19 1 12 1 20 2 13 2 21 3 11 3 14 4 12 4 15 5 13 5 16 6 14 6 17 7 15 7 18 8 16 8 19 9 17 9 20 10 18 10 21
D11_2155 22 22 0 11 0 20 1 12 1 21 2 11 2 13 3 12 3 14 4 13 4 15 5 14 5 16 6 15 6 17 7 16 7 18 8 17 8 19 9 18 9 20 10 19 10 21
D11_2156 22 22 0 11 0 21 1 11 1 12 2 12 2 13 3 13 3 14 4 14 4 15 5 15 5 16 6 16 6 17 7 17 7 18 8 18 8 19 9 19 9 20 10 20 10 21
D11_2157 22 33 0 1 0 10 0 11 1 2 1 12 2 3 2 13 3 4 3 14 4 5 4 15 5 6 5 16 6 7 6 17 7 8 7 18 8 9 8 19 9 10 9 20 10 21 11 12 11 21 12 13 13 14 14 15 15 16 16 17 17 18 18 19 19 20 20 21
D11_2158 22 33 0 2 0 9 0 11 1 3 1 10 1 12 2 4 2 13 3 5 3 14 4 6 4 15 5 7 5 16 6 8 6 17 7 9 7 18 8 10 8 19 9 20 10 21 11 13 11 20 12 14 12 21 13 15 14 16 15 17 16 18 17 19 18 20 19 21
D11_2159 22 33 0 3 0 8 0 11 1 4 1 9 1 12 2 5 2 10 2 13 3 6 3 14 4 7 4 15 5 8 5 16 6 9 6 17 7 10 7 18 8 19 9 20 10 21 11 14 11 19 12 15 12 20 13 16 13 21 14 17 15 18 16 19 17 20 18 21
D11_2160 22 33 0 4 0 7 0 11 1 5 1 8 1 12 2 6 2 9 2 13 3 7 3 10 3 14 4 8 4 15 5 9 5 16 6 10 6 17 7 18 8 19 9 20 10 21 11 15 11 18 12 16 12 19 13 17 13 20 14 18 14 21 15 19 16 20 17 21
D11_2161 22 33 0 5 0 6 0 11 1 6 1 7 1 12 2 7 2 8 2 13 3 8 3 9 3 14 4 9 4 10 4 15 5 10 5 16 6 17 7 18 8 19 9 20 10 21 11 16 11 17 12 17 12 18 13 18 13 19 14 19 14 20 15 20 15 21 16 21
D11_2167 22 22 0 12 0 13 1 13 1 14 2 14 2 15 3 15 3 16 4 16 4 17 5 17 5 18 6 18 6 19 7 19 7 20 8 20 8 21 9 11 9 21 10 11 10 12
D11_2168 22 22 0 12 0 14 1 13 1 15 2 14 2 16 3 15 3 17 4 16 4 18 5 17 5 19 6 18 6 20 7 19 7 21 8 11 8 20 9 12 9 21 10 11 10 13
D11_2169 22 22 0 12 0 15 1 13 1 16 2 14 2 17 3 15 3 18 4 16 4 19 5 17 5 20 6 18 6 21 7 11 7 19 8 12 8 20 9 13 9 21 10 11 10 14
D11_2170 22 22 0 12 0 16 1 13 1 17 2 14 2 18 3 15 3 19 4 16 4 20 5 17 5 21 6 11 6 18 7 12 7 19 8 13 8 20 9 14 9 21 10 11 10 15
D11_2171 22 22 0 12 0 17 1 13 1 18 2 14 2 19 3 15 3 20 4 16 4 21 5 11 5 17 6 12 6 18 7 13 7 19 8 14 8 20 9 15 9 21 10 11 10 16
D11_2172 22 22 0 12 0 18 1 13 1 19 2 14 2 20 3 15 3 21 4 11 4 16 5 12 5 17 6 13 6 18 7 14 7 19 8 15 8 20 9 16 9 21 10 11 10 17
D11_2173 22 22 0 12 0 19 1 13 1 20 2 14 2 21 3 11 3 15 4 12 4 16 5 13 5 17 6 14 6 18 7 15 7 19 8 16 8 20 9 17 9 21 10 11 10 18
D11_2174 22 22 0 12 0 20 1 13 1 21 2 11 2 14 3 12 3 15 4 13 4 16 5 14 5 17 6 15 6 18 7 16 7 19 8 17 8 20 9 18 9 21 10 11 10 19
D11_2175 22 22 0 12 0 21 1 11 1 13 2 12 2 14 3 13 3 15 4 14 4 16 5 15 5 17 6 16 6 18 7 17 7 19 8 18 8 20 9 19 9 21 10 11 10 20
D11_2176 22 33 0 1 0 10 0 12 1 2 1 13 2 3 2 14 3 4 3 15 4 5 4 16 5 6 5 17 6 7 6 18 7 8 7 19 8 9 8 20 9 10 9 21 10 11 11 12 11 21 12 13 13 14 14 15 15 16 16 17 17 18 18 19 19 20 20 21
D11_2177 22 33 0 2 0 9 0 12 1 3 1 10 1 13 2 4 2 14 3 5 3 15 4 6 4 16 5 7 5 17 6 8 6 18 7 9 7 19 8 10 8 20 9 21 10 11 11 13 11 20 12 14 12 21 13 15 14 16 15 17 16 18 17 19 18 20 19 21
D11_2178 22 33 0 3 0 8 0 12 1 4 1 9 1 13 2 5 2 10 2 14 3 6 3 15 4 7 4 16 5 8 5 17 6 9 6 18 7 10 7 19 8 20 9 21 10 11 11 14 11 19 12 15 12 20 13 16 13 21 14 17 15 18 16 19 17 20 18 21
D11_2179 22 33 0 4 0 7 0 12 1 5 1 8 1 13 2 6 2 9 2 14 3 7 3 10 3 15 4 8 4 16 5 9 5 17 6 10 6 18 7 19 8 20 9 21 10 11 11 15 11 18 12 16 12 19 13 17 13 20 14 18 14 21 15 19 16 20 17 21
D11_2180 22 33 0 5 0 6 0 12 1 6 1 7 1 13 2 7 2 8 2 14 3 8 3 9 3 15 4 9 4 10 4 16 5 10 5 17 6 18 7 19 8 20 9 21 10 11 11 16 11 17 12 17 12 18 13 18 13 19 14 19 14 20 15 20 15 21 16 21
D11_2186 22 22 0 13 0 14 1 14 1 15 2 15 2 16 3 16 3 17 4 17 4 18 5 18 5 19 6 19 6 20 7 20 7 21 8 11 8 21 9 11 9 12 10 12 10 13
D11_2187 22 22 0 13 0 15 1 14 1 16 2 15 2 17 3 16 3 18 4 17 4 19 5 18 5 20 6 19 6 21 7 11 7 20 8 12 8 21 9 11 9 13 10 12 10 14
D11_2188 22 22 0 13 0 16 1 14 1 17 2 15 2 18 3 16 3 19 4 17 4 20 5 18 5 21 6 11 6 19 7 12 7 20 8 13 8 21 9 11 9 14 10 12 10 15
D11_2189 22 22 0 13 0 17 1 14 1 18 2 15 2 19 3 16 3 20 4 17 4 21 5 11 5 18 6 12 6 19 7 13 7 20 8 14 8 21 9 11 9 15 10 12 10 16
D11_2190 22 22 0 13 0 18 1 14 1 19 2 15 2 20 3 16 3 21 4 11 4 17 5 12 5 18 6 13 6 19 7 14 7 20 8 15 8 21 9 11 9 16 10 12 10 17
D11_2191 22 22 0 13 0 19 1 14 1 20 2 15 2 21 3 11 3 16 4 12 4 17 5 13 5 18 6 14 6 19 7 15 7 20 8 16 8 21 9 11 9 17 10 12 10 18
D11_2192 22 22 0 13 0 20 1 14 1 21 2 11 2 15 3 12 3 16 4 13 4 17 5 14 5 18 6 15 6 19 7 16 7 20 8 17 8 21 9 11 9 18 10 12 10 19
D11_2193 22 22 0 13 0 21 1 11 1 14 2 12 2 15 3 13 3 16 4 14 4 17 5 15 5 18 6 16 6 19 7 17 7 20 8 18 8 21 9 11 9 19 10 12 10 20
D11_2194 22 33 0 1 0 10 0 13 1 2 1 14 2 3 2 15 3 4 3 16 4 5 4 17 5 6 5 18 6 7 6 19 7 8 7 20 8 9 8 21 9 10 9 11 10 12 11 12 11 21 12 13 13 14 14 15 15 16 16 17 17 18 18 19 19 20 20 21
D11_2195 22 33 0 2 0 9 0 13 1 3 1 10 1 14 2 4 2 15 3 5 3 16 4 6 4 17 5 7 5 18 6 8 6 19 7 9 7 20 8 10 8 21 9 11 10 12 11 13 11 20 12 14 12 21 13 15 14 16 15 17 16 18 17 19 18 20 19 21
D11_2196 22 33 0 3 0 8 0 13 1 4 1 9 1 14 2 5 2 10 2 15 3 6 3 16 4 7 4 17 5 8 5 18 6 9 6 19 7 10 7 20 8 21 9 11 10 12 11 14 11 19 12 15 12 20 13 16 13 21 14 17 15 18 16 19 17 20 18 21
D11_2197 22 33 0 4 0 7 0 13 1 5 1 8 1 14 2 6 2 9 2 15 3 7 3 10 3 16 4 8 4 17 5 9 5 18 6 10 6 19 7 20 8 21 9 11 10 12 11 15 11 18 12 16 12 19 13 17 13 20 14 18 14 21 15 19 16 20 17 21
D11_2198 22 33 0 5 0 6 0 13 1 6 1 7 1 14 2 7 2 8 2 15 3 8 3 9 3 16 4 9 4 10 4 17 5 10 5 18 6 19 7 20 8 21 9 11 10 12 11 16 11 17 12 17 12 18 13 18 13 19 14 19 14 20 15 20 15 21 16 21
D11_2204 22 22 0 14 0 15 1 15 1 16 2 16 2 17 3 17 3 18 4 18 4 19 5 19 5 20 6 20 6 21 7 11 7 21 8 11 8 12 9 12 9 13 10 13 10 14
D11_2205 22 22 0 14 0 16 1 15 1 17 2 16 2 18 3 17 3 19 4 18 4 20 5 19 5 21 6 11 6 20 7 12 7 21 8 11 8 13 9 12 9 14 10 13 10 15
D11_2206 22 22 0 14 0 17 1 15 1 18 2 16 2 19 3 17 3 20 4 18 4 21 5 11 5 19 6 12 6 20 7 13 7 21 8 11 8 14 9 12 9 15 10 13 10 16
D11_2207 22 22 0 14 0 18 1 15 1 19 2 16 2 20 3 17 3 21 4 11 4 18 5 12 5 19 6 13 6 20 7 14 7 21 8 11 8 15 9 12 9 16 10 13 10 17
D11_2208 22 22 0 14 0 19 1 15 1 20 2 16 2 21 3 11 3 17 4 12 4 18 5 13 5 19 6 14 6 20 7 15 7 21 8 11 8 16 9 12 9 17 10 13 10 18
D11_2209 22 22 0 14 0 20 1 15 1 21 2 11 2 16 3 12 3 17 4 13 4 18 5 14 5 19 6 15 6 20 7 16 7 21 8 11 8 17 9 12 9 18 10 13 10 19
D11_2210 22 22 0 14 0 21 1 11 1 15 2 12 2 16 3 13 3 17 4 14 4 18 5 15 5 19 6 16 6 20 7 17 7 21 8 11 8 18 9 12 9 19 10 13 10 20
D11_2211 22 33 0 1 0 10 0 14 1 2 1 15 2 3 2 16 3 4 3 17 4 5 4 18 5 6 5 19 6 7 6 20 7 8 7 21 8 9 8 11 9 10 9 12 10 13 11 12 11 21 12 13 13 14 14 15 15 16 16 17 17 18 18 19 19 20 20 21
D11_2212 22 33 0 2 0 9 0 14 1 3 1 10 1 15 2 4 2 16 3 5 3 17 4 6 4 18 5 7 5 19 6 8 6 20 7 9 7 21 8 10 8 11 9 12 10 13 11 13 11 20 12 14 12 21 13 15 14 16 15 17 16 18 17 19 18 20 19 21
D11_2213 22 33 0 3 0 8 0 14 1 4 1 9 1 15 2 5 2 10 2 16 3 6 3 17 4 7 4 18 5 8 5 19 6 9 6 20 7 10 7 21 8 11 9 12 10 13 11 14 11 19 12 15 12 20 13 16 13 21 14 17 15 18 16 19 17 20 18 21
D11_2214 22 33 0 4 0 7 0 14 1 5 1 8 1 15 2 6 2 9 2 16 3 7 3 10 3 17 4 8 4 18 5 9 5 19 6 10 6 20 7 21 8 11 9 12 10 13 11 15 11 18 12 16 12 19 13 17 13 20 14 18 14 21 15 19 16 20 17 21
D11_2215 22 33 0 5 0 6 0 14 1 6 1 7 1 15 2 7 2 8 2 16 3 8 3 9 3 17 4 9 4 10 4 18 5 10 5 19 6 20 7 21 8 11 9 12 10 13 11 16 11 17 12 17 12 18 13 18 13 19 14 19 14 20 15 20 15 21 16 21
D11_2221 22 22 0 15 0 16 1 16 1 17 2 17 2 18 3 18 3 19 4 19 4 20 5 20 5 21 6 11 6 21 7 11 7 12 8 12 8 13 9 13 9 14 10 14 10 15
D11_2222 22 22 0 15 0 17 1 16 1 18 2 17 2 19 3 18 3 20 4 19 4 21 5 11 5 20 6 12 6 21 7 11 7 13 8 12 8 14 9 13 9 15 10 14 10 16
D11_2223 22 22 0 15 0 18 1 16 1 19 2 17 2 20 3 18 3 21 4 11 4 19 5 12 5 20 6 13 6 21 7 11 7 14 8 12 8 15 9 13 9 16 10 14 10 17
D11_2224 22 22 0 15 0 19 1 16 1 20 2 17 2 21 3 11 3 18 4 12 4 19 5 13 5 20 6 14 6 21 7 11 7 15 8 12 8 16 9 13 9 17 10 14 10 18
D11_2225 22 22 0 15 0 20 1 16 1 21 2 11 2 17 3 12 3 18 4 13 4 19 5 14 5 20 6 15 6 21 7 11 7 16 8 12 8 17 9 13 9 18 10 14 10 19
D11_2226 22 22 0 15 0 21 1 11 1 16 2 12 2 17 3 13 3 18 4 14 4 19 5 15 5 20 6 16 6 21 7 11 7 17 8 12 8 18 9 13 9 19 10 14 10 20
D11_2227 22 33 0 1 0 10 0 15 1 2 1 16 2 3 2 17 3 4 3 18 4 5 4 19 5 6 5 20 6 7 6 21 7 8 7 11 8 9 8 12 9 10 9 13 10 14 11 12 11 21 12 13 13 14 14 15 15 16 16 17 17 18 18 19 19 20 20 21
D11_2228 22 33 0 2 0 9 0 15 1 3 1 10 1 16 2 4 2 17 3 5 3 18 4 6 4 19 5 7 5 20 6 8 6 21 7 9 7 11 8 10 8 12 9 13 10 14 11 13 11 20 12 14 12 21 13 15 14 16 15 17 16 18 17 19 18 20 19 21
D11_2229 22 33 0 3 0 8 0 15 1 4 1 9 1 16 2 5 2 10 2 17 3 6 3 18 4 7 4 19 5 8 5 20 6 9 6 21 7 10 7 11 8 12 9 13 10 14 11 14 11 19 12 15 12 20 13 16 13 21 14 17 15 18 16 19 17 20 18 21
D11_2230 22 33 0 4 0 7 0 15 1 5 1 8 1 16 2 6 2 9 2 17 3 7 3 10 3 18 4 8 4 19 5 9 5 20 6 10 6 21 7 11 8 12 9 13 10 14 11 15 11 18 12 16 12 19 13 17 13 20 14 18 14 21 15 19 16 20 17 21
D11_2231 22 33 0 5 0 6 0 15 1 6 1 7 1 16 2 7 2 8 2 17 3 8 3 9 3 18 4 9 4 10 4 19 5 10 5 20 6 21 7 11 8 12 9 13 10 14 11 16 11 17 12 17 12 18 13 18 13 19 14 19 14 20 15 20 15 21 16 21
D11_2237 22 22 0 16 0 17 1 17 1 18 2 18 2 19 3 19 3 20 4 20 4 21 5 11 5 21 6 11 6 12 7 12 7 13 8 13 8 14 9 14 9 15 10 15 10 16
D11_2238 22 22 0 16 0 18 1 17 1 19 2 18 2 20 3 19 3 21 4 11 4 20 5 12 5 21 6 11 6 13 7 12 7 14 8 13 8 15 9 14 9 16 10 15 10 17
D11_2239 22 22 0 16 0 19 1 17 1 20 2 18 2 21 3 11 3 19 4 12 4 20 5 13 5 21 6 11 6 14 7 12 7 15 8 13 8 16 9 14 9 17 10 15 10 18
D11_2240 22 22 0 16 0 20 1 17 1 21 2 11 2 18 3 12 3 19 4 13 4 20 5 14 5 21 6 11 6 15 7 12 7 16 8 13 8 17 9 14 9 18 10 15 10 19
D11_2241 22 22 0 16 0 21 1 11 1 17 2 12 2 18 3 13 3 19 4 14 4 20 5 15 5 21 6 11 6 16 7 12 7 17 8 13 8 18 9 14 9 19 10 15 10 20
D11_2242 22 33 0 1 0 10 0 16 1 2 1 17 2 3 2 18 3 4 3 19 4 5 4 20 5 6 5 21 6 7 6 11 7 8 7 12 8 9 8 13 9 10 9 14 10 15 11 12 11 21 12 13 13 14 14 15 15 16 16 17 17 18 18 19 19 20 20 21
D11_2243 22 33 0 2 0 9 0 16 1 3 1 10 1 17 2 4 2 18 3 5 3 19 4 6 4 20 5 7 5 21 6 8 6 11 7 9 7 12 8 10 8 13 9 14 10 15 11 13 11 20 12 14 12 21 13 15 14 16 15 17 16 18 17 19 18 20 19 21
D11_2244 22 33 0 3 0 8 0 16 1 4 1 9 1 17 2 5 2 10 2 18 3 6 3 19 4 7 4 20 5 8 5 21 6 9 6 11 7 10 7 12 8 13 9 14 10 15 11 14 11 19 12 15 12 20 13 16 13 21 14 17 15 18 16 19 17 20 18 21
D11_2245 22 33 0 4 0 7 0 16 1 5 1 8 1 17 2 6 2 9 2 18 3 7 3 10 3 19 4 8 4 20 5 9 5 21 6 10 6 11 7 12 8 13 9 14 10 15 11 15 11 18 12 16 12 19 13 17 13 20 14 18 14 21 15 19 16 20 17 21
D11_2246 22 33 0 5 0 6 0 16 1 6 1 7 1 17 2 7 2 8 2 18 3 8 3 9 3 19 4 9 4 10 4 20 5 10 5 21 6 11 7 12 8 13 9 14 10 15 11 16 11 17 12 17 12 18 13 18 13 19 14 19 14 20 15 20 15 21 16 21
D11_2252 22 22 0 17 0 18 1 18 1 19 2 19 2 20 3 20 3 21 4 11 4 21 5 11 5 12 6 12 6 13 7 13 7 14 8 14 8 15 9 15 9 16 10 16 10 17
D11_2253 22 22 0 17 0 19 1 18 1 20 2 19 2 21 3 11 3 20 4 12 4 21 5 11 5 13 6 12 6 14 7 13 7 15 8 14 8 16 9 15 9 17 10 16 10 18
D11_2254 22 22 0 17 0 20 1 18 1 21 2 11 2 19 3 12 3 20 4 13 4 21 5 11 5 14 6 12 6 15 7 13 7 16 8 14 8 17 9 15 9 18 10 16 10 19
D11_2255 22 22 0 17 0 21 1 11 1 18 2 12 2 19 3 13 3 20 4 14 4 21 5 11 5 15 6 12 6 16 7 13 7 17 8 14 8 18 9 15 9 19 10 16 10 20
D11_2256 22 33 0 1 0 10 0 17 1 2 1 18 2 3 2 19 3 4 3 20 4 5 4 21 5 6 5 11 6 7 6 12 7 8 7 13 8 9 8 14 9 10 9 15 10 16 11 12 11 21 12 13 13 14 14 15 15 16 16 17 17 18 18 19 19 20 20 21
D11_2257 22 33 0 2 0 9 0 17 1 3 1 10 1 18 2 4 2 19 3 5 3 20 4 6 4 21 5 7 5 11 6 8 6 12 7 9 7 13 8 10 8 14 9 15 10 16 11 13 11 20 12 14 12 21 13 15 14 16 15 17 16 18 17 19 18 20 19 21
D11_2258 22 33 0 3 0 8 0 17 1 4 1 9 1 18 2 5 2 10 2 19 3 6 3 20 4 7 4 21 5 8 5 11 6 9 6 12 7 10 7 13 8 14 9 15 10 16 11 14 11 19 12 15 12 20 13 16 13 21 14 17 15 18 16 19 17 20 18 21
D11_2259 22 33 0 4 0 7 0 17 1 5 1 8 1 18 2 6 2 9 2 19 3 7 3 10 3 20 4 8 4 21 5 9 5 11 6 10 6 12 7 13 8 14 9 15 10 16 11 15 11 18 12 16 12 19 13 17 13 20 14 18 14 21 15 19 16 20 17 21
D11_2260 22 33 0 5 0 6 0 17 1 6 1 7 1 18 2 7 2 8 2 19 3 8 3 9 3 20 4 9 4 10 4 21 5 10 5 11 6 12 7 13 8 14 9 15 10 16 11 16 11 17 12 17 12 18 13 18 13 19 14 19 14 20 15 20 15 21 16 21
D11_2266 22 22 0 18 0 19 1 19 1 20 2 20 2 21 3 11 3 21 4 11 4 12 5 12 5 13 6 13 6 14 7 14 7 15 8 15 8 16 9 16 9 17 10 17 10 18
D11_2267 22 22 0 18 0 20 1 19 1 21 2 11 2 20 3 12 3 21 4 11 4 13 5 12 5 14 6 13 6 15 7 14 7 16 8 15 8 17 9 16 9 18 10 17 10 19
D11_2268 22 22 0 18 0 21 1 11 1 19 2 12 2 20 3 13 3 21 4 11 4 14 5 12 5 15 6 13 6 16 7 14 7 17 8 15 8 18 9 16 9 19 10 17 10 20
D11_2269 22 33 0 1 0 10 0 18 1 2 1 19 2 3 2 20 3 4 3 21 4 5 4 11 5 6 5 12 6 7 6 13 7 8 7 14 8 9 8 15 9 10 9 16 10 17 11 12 11 21 12 13 13 14 14 15 15 16 16 17 17 18 18 19 19 20 20 21
D11_2270 22 33 0 2 0 9 0 18 1 3 1 10 1 19 2 4 2 20 3 5 3 21 4 6 4 11 5 7 5 12 6 8 6 13 7 9 7 14 8 10 8 15 9 16 10 17 11 13 11 20 12 14 12 21 13 15 14 16 15 17 16 18 17 19 18 20 19 21
D11_2271 22 33 0 3 0 8 0 18 1 4 1 9 1 19 2 5 2 10 2 20 3 6 3 21 4 7 4 11 5 8 5 12 6 9 6 13 7 10 7 14 8 15 9 16 10 17 11 14 11 19 12 15 12 20 13 16 13 21 14 17 15 18 16 19 17 20 18 21
D11_2272 22 33 0 4 0 7 0 18 1 5 1 8 1 19 2 6 2 9 2 20 3 7 3 10 3 21 4 8 4 11 5 9 5 12 6 10 6 13 7 14 8 15 9 16 10 17 11 15 11 18 12 16 12 19 13 17 13 20 14 18 14 21 15 19 16 20 17 21
D11_2273 22 33 0 5 0 6 0 18 1 6 1 7 1 19 2 7 2 8 2 20 3 8 3 9 3 21 4 9 4 10 4 11 5 10 5 12 6 13 7 14 8 15 9 16 10 17 11 16 11 17 12 17 12 18 13 18 13 19 14 19 14 20 15 20 15 21 16 21
D11_2279 22 22 0 19 0 20 1 20 1 21 2 11 2 21 3 11 3 12 4 12 4 13 5 13 5 14 6 14 6 15 7 15 7 16 8 16 8 17 9 17 9 18 10 18 10 19
D11_2280 22 22 0 19 0 21 1 11 1 20 2 12 2 21 3 11 3 13 4 12 4 14 5 13 5 15 6 14 6 16 7 15 7 17 8 16 8 18 9 17 9 19 10 18 10 20
D11_2281 22 33 0 1 0 10 0 19 1 2 1 20 2 3 2 21 3 4 3 11 4 5 4 12 5 6 5 13 6 7 6 14 7 8 7 15 8 9 8 16 9 10 9 17 10 18 11 12 11 21 12 13 13 14 14 15 15 16 16 17 17 18 18 19 19 20 20 21
D11_2282 22 33 0 2 0 9 0 19 1 3 1 10 1 20 2 4 2 21 3 5 3 11 4 6 4 12 5 7 5 13 6 8 6 14 7 9 7 15 8 10 8 16 9 17 10 18 11 13 11 20 12 14 12 21 13 15 14 16 15 17 16 18 17 19 18 20 19 21
D11_2283 22 33 0 3 0 8 0 19 1 4 1 9 1 20 2 5 2 10 2 21 3 6 3 11 4 7 4 12 5 8 5 13 6 9 6 14 7 10 7 15 8 16 9 17 10 18 11 14 11 19 12 15 12 20 13 16 13 21 14 17 15 18 16 19 17 20 18 21
D11_2284 22 33 0 4 0 7 0 19 1 5 1 8 1 20 2 6 2 9 2 21 3 7 3 10 3 11 4 8 4 12 5 9 5 13 6 10 6 14 7 15 8 16 9 17 10 18 11 15 11 18 12 16 12 19 13 17 13 20 14 18 14 21 15 19 16 20 17 21
D11_2285 22 33 0 5 0 6 0 19 1 6 1 7 1 20 2 7 2 8 2 21 3 8 3 9 3 11 4 9 4 10 4 12 5 10 5 13 6 14 7 15 8 16 9 17 10 18 11 16 11 17 12 17 12 18 13 18 13 19 14 19 14 20 15 20 15 21 16 21
D11_2291 22 22 0 20 0 21 1 11 1 21 2 11 2 12 3 12 3 13 4 13 4 14 5 14 5 15 6 15 6 16 7 16 7 17 8 17 8 18 9 18 9 19 10 19 10 20
D11_2292 22 33 0 1 0 10 0 20 1 2 1 21 2 3 2 11 3 4 3 12 4 5 4 13 5 6 5 14 6 7 6 15 7 8 7 16 8 9 8 17 9 10 9 18 10 19 11 12 11 21 12 13 13 14 14 15 15 16 16 17 17 18 18 19 19 20 20 21
D11_2293 22 33 0 2 0 9 0 20 1 3 1 10 1 21 2 4 2 11 3 5 3 12 4 6 4 13 5 7 5 14 6 8 6 15 7 9 7 16 8 10 8 17 9 18 10 19 11 13 11 20 12 14 12 21 13 15 14 16 15 17 16 18 17 19 18 20 19 21
D11_2294 22 33 0 3 0 8 0 20 1 4 1 9 1 21 2 5 2 10 2 11 3 6 3 12 4 7 4 13 5 8 5 14 6 9 6 15 7 10 7 16 8 17 9 18 10 19 11 14 11 19 12 15 12 20 13 16 13 21 14 17 15 18 16 19 17 20 18 21
D11_2295 22 33 0 4 0 7 0 20 1 5 1 8 1 21 2 6 2 9 2 11 3 7 3 10 3 12 4 8 4 13 5 9 5 14 6 10 6 15 7 16 8 17 9 18 10 19 11 15 11 18 12 16 12 19 13 17 13 20 14 18 14 21 15 19 16 20 17 21
D11_2296 22 33 0 5 0 6 0 20 1 6 1 7 1 21 2 7 2 8 2 11 3 8 3 9 3 12 4 9 4 10 4 13 5 10 5 14 6 15 7 16 8 17 9 18 10 19 11 16 11 17 12 17 12 18 13 18 13 19 14 19 14 20 15 20 15 21 16 21
D11_2302 22 33 0 1 0 10 0 21 1 2 1 11 2 3 2 12 3 4 3 13 4 5 4 14 5 6 5 15 6 7 6 16 7 8 7 17 8 9 8 18 9 10 9 19 10 20 11 12 11 21 12 13 13 14 14 15 15 16 16 17 17 18 18 19 19 20 20 21
D11_2303 22 33 0 2 0 9 0 21 1 3 1 10 1 11 2 4 2 12 3 5 3 13 4 6 4 14 5 7 5 15 6 8 6 16 7 9 7 17 8 10 8 18 9 19 10 20 11 13 11 20 12 14 12 21 13 15 14 16 15 17 16 18 17 19 18 20 19 21
D11_2304 22 33 0 3 0 8 0 21 1 4 1 9 1 11 2 5 2 10 2 12 3 6 3 13 4 7 4 14 5 8 5 15 6 9 6 16 7 10 7 17 8 18 9 19 10 20 11 14 11 19 12 15 12 20 13 16 13 21 14 17 15 18 16 19 17 20 18 21
D11_2305 22 33 0 4 0 7 0 21 1 5 1 8 1 11 2 6 2 9 2 12 3 7 3 10 3 13 4 8 4 14 5 9 5 15 6 10 6 16 7 17 8 18 9 19 10 20 11 15 11 18 12 16 12 19 13 17 13 20 14 18 14 21 15 19 16 20 17 21
D11_2306 22 33 0 5 0 6 0 21 1 6 1 7 1 11 2 7 2 8 2 12 3 8 3 9 3 13 4 9 4 10 4 14 5 10 5 15 6 16 7 17 8 18 9 19 10 20 11 16 11 17 12 17 12 18 13 18 13 19 14 19 14 20 15 20 15 21 16 21
D11_2312 22 44 0 1 0 3 0 8 0 10 1 2 1 4 1 9 2 3 2 5 2 10 3 4 3 6 4 5 4 7 5 6 5 8 6 7 6 9 7 8 7 10 8 9 9 10 11 12 11 14 11 19 11 21 12 13 12 15 12 20 13 14 13 16 13 21 14 15 14 17 15 16 15 18 16 17 16 19 17 18 17 20 18 19 18 21 19 20 20 21
D11_2313 22 44 0 1 0 4 0 7 0 10 1 2 1 5 1 8 2 3 2 6 2 9 3 4 3 7 3 10 4 5 4 8 5 6 5 9 6 7 6 10 7 8 8 9 9 10 11 12 11 15 11 18 11 21 12 13 12 16 12 19 13 14 13 17 13 20 14 15 14 18 14 21 15 16 15 19 16 17 16 20 17 18 17 21 18 19 19 20 20 21
D11_2317 22 44 0 2 0 3 0 8 0 9 1 3 1 4 1 9 1 10 2 4 2 5 2 10 3 5 3 6 4 6 4 7 5 7 5 8 6 8 6 9 7 9 7 10 8 10 11 13 11 14 11 19 11 20 12 14 12 15 12 20 12 21 13 15 13 16 13 21 14 16 14 17 15 17 15 18 16 18 16 19 17 19 17 20 18 20 18 21 19 21
D11_2318 22 44 0 2 0 5 0 6 0 9 1 3 1 6 1 7 1 10 2 4 2 7 2 8 3 5 3 8 3 9 4 6 4 9 4 10 5 7 5 10 6 8 7 9 8 10 11 13 11 16 11 17 11 20 12 14 12 17 12 18 12 21 13 15 13 18 13 19 14 16 14 19 14 20 15 17 15 20 15 21 16 18 16 21 17 19 18 20 19 21
D11_2325 22 44 0 4 0 5 0 6 0 7 1 5 1 6 1 7 1 8 2 6 2 7 2 8 2 9 3 7 3 8 3 9 3 10 4 8 4 9 4 10 5 9 5 10 6 10 11 15 11 16 11 17 11 18 12 16 12 17 12 18 12 19 13 17 13 18 13 19 13 20 14 18 14 19 14 20 14 21 15 19 15 20 15 21 16 20 16 21 17 21
D11_2337 22 33 0 11 0 12 0 13 1 12 1 13 1 14 2 13 2 14 2 15 3 14 3 15 3 16 4 15 4 16 4 17 5 16 5 17 5 18 6 17 6 18 6 19 7 18 7 19 7 20 8 19 8 20 8 21 9 11 9 20 9 21 10 11 10 12 10 21
D11_2338 22 33 0 11 0 12 0 14 1 12 1 13 1 15 2 13 2 14 2 16 3 14 3 15 3 17 4 15 4 16 4 18 5 16 5 17 5 19 6 17 6 18 6 20 7 18 7 19 7 21 8 11 8 19 8 20 9 12 9 20 9 21 10 11 10 13 10 21
D11_2339 22 33 0 11 0 12 0 15 1 12 1 13 1 16 2 13 2 14 2 17 3 14 3 15 3 18 4 15 4 16 4 19 5 16 5 17 5 20 6 17 6 18 6 21 7 11 7 18 7 19 8 12 8 19 8 20 9 13 9 20 9 21 10 11 10 14 10 21
D11_2340 22 33 0 11 0 12 0 16 1 12 1 13 1 17 2 13 2 14 2 18 3 14 3 15 3 19 4 15 4 16 4 20 5 16 5 17 5 21 6 11 6 17 6 18 7 12 7 18 7 19 8 13 8 19 8 20 9 14 9 20 9 21 10 11 10 15 10 21
D11_2341 22 33 0 11 0 12 0 17 1 12 1 13 1 18 2 13 2 14 2 19 3 14 3 15 3 20 4 15 4 16 4 21 5 11 5 16 5 17 6 12 6 17 6 18 7 13 7 18 7 19 8 14 8 19 8 20 9 15 9 20 9 21 10 11 10 16 10 21
D11_2342 22 33 0 11 0 12 0 18 1 12 1 13 1 19 2 13 2 14 2 20 3 14 3 15 3 21 4 11 4 15 4 16 5 12 5 16 5 17 6 13 6 17 6 18 7 14 7 18 7 19 8 15 8 19 8 20 9 16 9 20 9 21 10 11 10 17 10 21
D11_2343 22 33 0 11 0 12 0 19 1 12 1 13 1 20 2 13 2 14 2 21 3 11 3 14 3 15 4 12 4 15 4 16 5 13 5 16 5 17 6 14 6 17 6 18 7 15 7 18 7 19 8 16 8 19 8 20 9 17 9 20 9 21 10 11 10 18 10 21
D11_2344 22 33 0 11 0 12 0 20 1 12 1 13 1 21 2 11 2 13 2 14 3 12 3 14 3 15 4 13 4 15 4 16 5 14 5 16 5 17 6 15 6 17 6 18 7 16 7 18 7 19 8 17 8 19 8 20 9 18 9 20 9 21 10 11 10 19 10 21
D11_2345 22 33 0 11 0 12 0 21 1 11 1 12 1 13 2 12 2 13 2 14 3 13 3 14 3 15 4 14 4 15 4 16 5 15 5 16 5 17 6 16 6 17 6 18 7 17 7 18 7 19 8 18 8 19 8 20 9 19 9 20 9 21 10 11 10 20 10 21
D11_2346 22 44 0 2 0 9 0 11 0 12 1 3 1 10 1 12 1 13 2 4 2 13 2 14 3 5 3 14 3 15 4 6 4 15 4 16 5 7 5 16 5 17 6 8 6 17 6 18 7 9 7 18 7 19 8 10 8 19 8 20 9 20 9 21 10 11 10 21 11 13 11 20 12 14 12 21 13 15 14 16 15 17 16 18 17 19 18 20 19 21
D11_2347 22 44 0 3 0 8 0 11 0 12 1 4 1 9 1 12 1 13 2 5 2 10 2 13 2 14 3 6 3 14 3 15 4 7 4 15 4 16 5 8 5 16 5 17 6 9 6 17 6 18 7 10 7 18 7 19 8 19 8 20 9 20 9 21 10 11 10 21 11 14 11 19 12 15 12 20 13 16 13 21 14 17 15 18 16 19 17 20 18 21
D11_2348 22 44 0 4 0 7 0 11 0 12 1 5 1 8 1 12 1 13 2 6 2 9 2 13 2 14 3 7 3 10 3 14 3 15 4 8 4 15 4 16 5 9 5 16 5 17 6 10 6 17 6 18 7 18 7 19 8 19 8 20 9 20 9 21 10 11 10 21 11 15 11 18 12 16 12 19 13 17 13 20 14 18 14 21 15 19 16 20 17 21
D11_2349 22 44 0 5 0 6 0 11 0 12 1 6 1 7 1 12 1 13 2 7 2 8 2 13 2 14 3 8 3 9 3 14 3 15 4 9 4 10 4 15 4 16 5 10 5 16 5 17 6 17 6 18 7 18 7 19 8 19 8 20 9 20 9 21 10 11 10 21 11 16 11 17 12 17 12 18 13 18 13 19 14 19 14 20 15 20 15 21 16 21
D11_2354 22 33 0 11 0 13 0 14 1 12 1 14 1 15 2 13 2 15 2 16 3 14 3 16 3 17 4 15 4 17 4 18 5 16 5 18 5 19 6 17 6 19 6 20 7 18 7 20 7 21 8 11 8 19 8 21 9 11 9 12 9 20 10 12 10 13 10 21
D11_2355 22 33 0 11 0 13 0 15 1 12 1 14 1 16 2 13 2 15 2 17 3 14 3 16 3 18 4 15 4 17 4 19 5 16 5 18 5 20 6 17 6 19 6 21 7 11 7 18 7 20 8 12 8 19 8 21 9 11 9 13 9 20 10 12 10 14 10 21
D11_2356 22 33 0 11 0 13 0 16 1 12 1 14 1 17 2 13 2 15 2 18 3 14 3 16 3 19 4 15 4 17 4 20 5 16 5 18 5 21 6 11 6 17 6 19 7 12 7 18 7 20 8 13 8 19 8 21 9 11 9 14 9 20 10 12 10 15 10 21
D11_2357 22 33 0 11 0 13 0 17 1 12 1 14 1 18 2 13 2 15 2 19 3 14 3 16 3 20 4 15 4 17 4 21 5 11 5 16 5 18 6 12 6 17 6 19 7 13 7 18 7 20 8 14 8 19 8 21 9 11 9 15 9 20 10 12 10 16 10 21
D11_2358 22 33 0 11 0 13 0 18 1 12 1 14 1 19 2 13 2 15 2 20 3 14 3 16 3 21 4 11 4 15 4 17 5 12 5 16 5 18 6 13 6 17 6 19 7 14 7 18 7 20 8 15 8 19 8 21 9 11 9 16 9 20 10 12 10 17 10 21
D11_2359 22 33 0 11 0 13 0 19 1 12 1 14 1 20 2 13 2 15 2 21 3 11 3 14 3 16 4 12 4 15 4 17 5 13 5 16 5 18 6 14 6 17 6 19 7 15 7 18 7 20 8 16 8 19 8 21 9 11 9 17 9 20 10 12 10 18 10 21
D11_2360 22 33 0 11 0 13 0 20 1 12 1 14 1 21 2 11 2 13 2 15 3 12 3 14 3 16 4 13 4 15 4 17 5 14 5 16 5 18 6 15 6 17 6 19 7 16 7 18 7 20 8 17 8 19 8 21 9 11 9 18 9 20 10 12 10 19 10 21
D11_2361 22 33 0 11 0 13 0 21 1 11 1 12 1 14 2 12 2 13 2 15 3 13 3 14 3 16 4 14 4 15 4 17 5 15 5 16 5 18 6 16 6 17 6 19 7 17 7 18 7 20 8 18 8 19 8 21 9 11 9 19 9 20 10 12 10 20 10 21
D11_2362 22 44 0 1 0 10 0 11 0 13 1 2 1 12 1 14 2 3 2 13 2 15 3 4 3 14 3 16 4 5 4 15 4 17 5 6 5 16 5 18 6 7 6 17 6 19 7 8 7 18 7 20 8 9 8 19 8 21 9 10 9 11 9 20 10 12 10 21 11 12 11 21 12 13 13 14 14 15 15 16 16 17 17 18 18 19 19 20 20 21
D11_2363 22 44 0 3 0 8 0 11 0 13 1 4 1 9 1 12 1 14 2 5 2 10 2 13 2 15 3 6 3 14 3 16 4 7 4 15 4 17 5 8 5 16 5 18 6 9 6 17 6 19 7 10 7 18 7 20 8 19 8 21 9 11 9 20 10 12 10 21 11 14 11 19 12 15 12 20 13 16 13 21 14 17 15 18 16 19 17 20 18 21
D11_2364 22 44 0 4 0 7 0 11 0 13 1 5 1 8 1 12 1 14 2 6 2 9 2 13 2 15 3 7 3 10 3 14 3 16 4 8 4 15 4 17 5 9 5 16 5 18 6 10 6 17 6 19 7 18 7 20 8 19 8 21 9 11 9 20 10 12 10 21 11 15 11 18 12 16 12 19 13 17 13 20 14 18 14 21 15 19 16 20 17 21
D11_2365 22 44 0 5 0 6 0 11 0 13 1 6 1 7 1 12 1 14 2 7 2 8 2 13 2 15 3 8 3 9 3 14 3 16 4 9 4 10 4 15 4 17 5 10 5 16 5 18 6 17 6 19 7 18 7 20 8 19 8 21 9 11 9 20 10 12 10 21 11 16 11 17 12 17 12 18 13 18 13 19 14 19 14 20 15 20 15 21 16 21
D11_2370 22 33 0 11 0 14 0 15 1 12 1 15 1 16 2 13 2 16 2 17 3 14 3 17 3 18 4 15 4 18 4 19 5 16 5 19 5 20 6 17 6 20 6 21 7 11 7 18 7 21 8 11 8 12 8 19 9 12 9 13 9 20 10 13 10 14 10 21
D11_2371 22 33 0 11 0 14 0 16 1 12 1 15 1 17 2 13 2 16 2 18 3 14 3 17 3 19 4 15 4 18 4 20 5 16 5 19 5 21 6 11 6 17 6 20 7 12 7 18 7 21 8 11 8 13 8 19 9 12 9 14 9 20 10 13 10 15 10 21
D11_2372 22 33 0 11 0 14 0 17 1 12 1 15 1 18 2 13 2 16 2 19 3 14 3 17 3 20 4 15 4 18 4 21 5 11 5 16 5 19 6 12 6 17 6 20 7 13 7 18 7 21 8 11 8 14 8 19 9 12 9 15 9 20 10 13 10 16 10 21
D11_2373 22 33 0 11 0 14 0 18 1 12 1 15 1 19 2 13 2 16 2 20 3 14 3 17 3 21 4 11 4 15 4 18 5 12 5 16 5 19 6 13 6 17 6 20 7 14 7 18 7 21 8 11 8 15 8 19 9 12 9 16 9 20 10 13 10 17 10 21
D11_2374 22 33 0 11 0 14 0 19 1 12 1 15 1 20 2 13 2 16 2 21 3 11 3 14 3 17 4 12 4 15 4 18 5 13 5 16 5 19 6 14 6 17 6 20 7 15 7 18 7 21 8 11 8 16 8 19 9 12 9 17 9 20 10 13 10 18 10 21
D11_2375 22 33 0 11 0 14 0 20 1 12 1 15 1 21 2 11 2 13 2 16 3 12 3 14 3 17 4 13 4 15 4 18 5 14 5 16 5 19 6 15 6 17 6 20 7 16 7 18 7 21 8 11 8 17 8 19 9 12 9 18 9 20 10 13 10 19 10 21
D11_2376 22 33 0 11 0 14 0 21 1 11 1 12 1 15 2 12 2 13 2 16 3 13 3 14 3 17 4 14 4 15 4 18 5 15 5 16 5 19 6 16 6 17 6 20 7 17 7 18 7 21 8 11 8 18 8 19 9 12 9 19 9 20 10 13 10 20 10 21
D11_2377 22 44 0 1 0 10 0 11 0 14 1 2 1 12 1 15 2 3 2 13 2 16 3 4 3 14 3 17 4 5 4 15 4 18 5 6 5 16 5 19 6 7 6 17 6 20 7 8 7 18 7 21 8 9 8 11 8 19 9 10 9 12 9 20 10 13 10 21 11 12 11 21 12 13 13 14 14 15 15 16 16 17 17 18 18 19 19 20 20 21
D11_2378 22 44 0 2 0 9 0 11 0 14 1 3 1 10 1 12 1 15 2 4 2 13 2 16 3 5 3 14 3 17 4 6 4 15 4 18 5 7 5 16 5 19 6 8 6 17 6 20 7 9 7 18 7 21 8 10 8 11 8 19 9 12 9 20 10 13 10 21 11 13 11 20 12 14 12 21 13 15 14 16 15 17 16 18 17 19 18 20 19 21
D11_2379 22 44 0 4 0 7 0 11 0 14 1 5 1 8 1 12 1 15 2 6 2 9 2 13 2 16 3 7 3 10 3 14 3 17 4 8 4 15 4 18 5 9 5 16 5 19 6 10 6 17 6 20 7 18 7 21 8 11 8 19 9 12 9 20 10 13 10 21 11 15 11 18 12 16 12 19 13 17 13 20 14 18 14 21 15 19 16 20 17 21
D11_2380 22 44 0 5 0 6 0 11 0 14 1 6 1 7 1 12 1 15 2 7 2 8 2 13 2 16 3 8 3 9 3 14 3 17 4 9 4 10 4 15 4 18 5 10 5 16 5 19 6 17 6 20 7 18 7 21 8 11 8 19 9 12 9 20 10 13 10 21 11 16 11 17 12 17 12 18 13 18 13 19 14 19 14 20 15 20 15 21 16 21
D11_2385 22 33 0 11 0 15 0 16 1 12 1 16 1 17 2 13 2 17 2 18 3 14 3 18 3 19 4 15 4 19 4 20 5 16 5 20 5 21 6 11 6 17 6 21 7 11 7 12 7 18 8 12 8 13 8 19 9 13 9 14 9 20 10 14 10 15 10 21
D11_2386 22 33 0 11 0 15 0 17 1 12 1 16 1 18 2 13 2 17 2 19 3 14 3 18 3 20 4 15 4 19 4 21 5 11 5 16 5 20 6 12 6 17 6 21 7 11 7 13 7 18 8 12 8 14 8 19 9 13 9 15 9 20 10 14 10 16 10 21
D11_2387 22 33 0 11 0 15 0 18 1 12 1 16 1 19 2 13 2 17 2 20 3 14 3 18 3 21 4 11 4 15 4 19 5 12 5 16 5 20 6 13 6 17 6 21 7 11 7 14 7 18 8 12 8 15 8 19 9 13 9 16 9 20 10 14 10 17 10 21
D11_2388 22 33 0 11 0 15 0 19 1 12 1 16 1 20 2 13 2 17 2 21 3 11 3 14 3 18 4 12 4 15 4 19 5 13 5 16 5 20 6 14 6 17 6 21 7 11 7 15 7 18 8 12 8 16 8 19 9 13 9 17 9 20 10 14 10 18 10 21
D11_2389 22 33 0 11 0 15 0 20 1 12 1 16 1 21 2 11 2 13 2 17 3 12 3 14 3 18 4 13 4 15 4 19 5 14 5 16 5 20 6 15 6 17 6 21 7 11 7 16 7 18 8 12 8 17 8 19 9 13 9 18 9 20 10 14 10 19 10 21
D11_2390 22 33 0 11 0 15 0 21 1 11 1 12 1 16 2 12 2 13 2 17 3 13 3 14 3 18 4 14 4 15 4 19 5 15 5 16 5 20 6 16 6 17 6 21 7 11 7 17 7 18 8 12 8 18 8 19 9 13 9 19 9 20 10 14 10 20 10 21
D11_2391 22 44 0 1 0 10 0 11 0 15 1 2 1 12 1 16 2 3 2 13 2 17 3 4 3 14 3 18 4 5 4 15 4 19 5 6 5 16 5 20 6 7 6 17 6 21 7 8 7 11 7 18 8 9 8 12 8 19 9 10 9 13 9 20 10 14 10 21 11 12 11 21 12 13 13 14 14 15 15 16 16 17 17 18 18 19 19 20 20 21
D11_2392 22 44 0 2 0 9 0 11 0 15 1 3 1 10 1 12 1 16 2 4 2 13 2 17 3 5 3 14 3 18 4 6 4 15 4 19 5 7 5 16 5 20 6 8 6 17 6 21 7 9 7 11 7 18 8 10 8 12 8 19 9 13 9 20 10 14 10 21 11 13 11 20 12 14 12 21 13 15 14 16 15 17 16 18 17 19 18 20 19 21
D11_2393 22 44 0 3 0 8 0 11 0 15 1 4 1 9 1 12 1 16 2 5 2 10 2 13 2 17 3 6 3 14 3 18 4 7 4 15 4 19 5 8 5 16 5 20 6 9 6 17 6 21 7 10 7 11 7 18 8 12 8 19 9 13 9 20 10 14 10 21 11 14 11 19 12 15 12 20 13 16 13 21 14 17 15 18 16 19 17 20 18 21
D11_2394 22 44 0 5 0 6 0 11 0 15 1 6 1 7 1 12 1 16 2 7 2 8 2 13 2 17 3 8 3 9 3 14 3 18 4 9 4 10 4 15 4 19 5 10 5 16 5 20 6 17 6 21 7 11 7 18 8 12 8 19 9 13 9 20 10 14 10 21 11 16 11 17 12 17 12 18 13 18 13 19 14 19 14 20 15 20 15 21 16 21
D11_2399 22 33 0 11 0 16 0 17 1 12 1 17 1 18 2 13 2 18 2 19 3 14 3 19 3 20 4 15 4 20 4 21 5 11 5 16 5 21 6 11 6 12 6 17 7 12 7 13 7 18 8 13 8 14 8 19 9 14 9 15 9 20 10 15 10 16 10 21
D11_2400 22 33 0 11 0 16 0 18 1 12 1 17 1 19 2 13 2 18 2 20 3 14 3 19 3 21 4 11 4 15 4 20 5 12 5 16 5 21 6 11 6 13 6 17 7 12 7 14 7 18 8 13 8 15 8 19 9 14 9 16 9 20 10 15 10 17 10 21
D11_2401 22 33 0 11 0 16 0 19 1 12 1 17 1 20 2 13 2 18 2 21 3 11 3 14 3 19 4 12 4 15 4 20 5 13 5 16 5 21 6 11 6 14 6 17 7 12 7 15 7 18 8 13 8 16 8 19 9 14 9 17 9 20 10 15 10 18 10 21
D11_2402 22 33 0 11 0 16 0 20 1 12 1 17 1 21 2 11 2 13 2 18 3 12 3 14 3 19 4 13 4 15 4 20 5 14 5 16 5 21 6 11 6 15 6 17 7 12 7 16 7 18 8 13 8 17 8 19 9 14 9 18 9 20 10 15 10 19 10 21
D11_2403 22 33 0 11 0 16 0 21 1 11 1 12 1 17 2 12 2 13 2 18 3 13 3 14 3 19 4 14 4 15 4 20 5 15 5 16 5 21 6 11 6 16 6 17 7 12 7 17 7 18 8 13 8 18 8 19 9 14 9 19 9 20 10 15 10 20 10 21
D11_2404 22 44 0 1 0 10 0 11 0 16 1 2 1 12 1 17 2 3 2 13 2 18 3 4 3 14 3 19 4 5 4 15 4 20 5 6 5 16 5 21 6 7 6 11 6 17 7 8 7 12 7 18 8 9 8 13 8 19 9 10 9 14 9 20 10 15 10 21 11 12 11 21 12 13 13 14 14 15 15 16 16 17 17 18 18 19 19 20 20 21
D11_2405 22 44 0 2 0 9 0 11 0 16 1 3 1 10 1 12 1 17 2 4 2 13 2 18 3 5 3 14 3 19 4 6 4 15 4 20 5 7 5 16 5 21 6 8 6 11 6 17 7 9 7 12 7 18 8 10 8 13 8 19 9 14 9 20 10 15 10 21 11 13 11 20 12 14 12 21 13 15 14 16 15 17 16 18 17 19 18 20 19 21
D11_2406 22 44 0 3 0 8 0 11 0 16 1 4 1 9 1 12 1 17 2 5 2 10 2 13 2 18 3 6 3 14 3 19 4 7 4 15 4 20 5 8 5 16 5 21 6 9 6 11 6 17 7 10 7 12 7 18 8 13 8 19 9 14 9 20 10 15 10 21 11 14 11 19 12 15 12 20 13 16 13 21 14 17 15 18 16 19 17 20 18 21
D11_2407 22 44 0 4 0 7 0 11 0 16 1 5 1 8 1 12 1 17 2 6 2 9 2 13 2 18 3 7 3 10 3 14 3 19 4 8 4 15 4 20 5 9 5 16 5 21 6 10 6 11 6 17 7 12 7 18 8 13 8 19 9 14 9 20 10 15 10 21 11 15 11 18 12 16 12 19 13 17 13 20 14 18 14 21 15 19 16 20 17 21
D11_2412 22 33 0 11 0 17 0 18 1 12 1 18 1 19 2 13 2 19 2 20 3 14 3 20 3 21 4 11 4 15 4 21 5 11 5 12 5 16 6 12 6 13 6 17 7 13 7 14 7 18 8 14 8 15 8 19 9 15 9 16 9 20 10 16 10 17 10 21
D11_2413 22 33 0 11 0 17 0 19 1 12 1 18 1 20 2 13 2 19 2 21 3 11 3 14 3 20 4 12 4 15 4 21 5 11 5 13 5 16 6 12 6 14 6 17 7 13 7 15 7 18 8 14 8 16 8 19 9 15 9 17 9 20 10 16 10 18 10 21
D11_2414 22 33 0 11 0 17 0 20 1 12 1 18 1 21 2 11 2 13 2 19 3 12 3 14 3 20 4 13 4 15 4 21 5 11 5 14 5 16 6 12 6 15 6 17 7 13 7 16 7 18 8 14 8 17 8 19 9 15 9 18 9 20 10 16 10 19 10 21
D11_2415 22 33 0 11 0 17 0 21 1 11 1 12 1 18 2 12 2 13 2 19 3 13 3 14 3 20 4 14 4 15 4 21 5 11 5 15 5 16 6 12 6 16 6 17 7 13 7 17 7 18 8 14 8 18 8 19 9 15 9 19 9 20 10 16 10 20 10 21
D11_2416 22 44 0 1 0 10 0 11 0 17 1 2 1 12 1 18 2 3 2 13 2 19 3 4 3 14 3 20 4 5 4 15 4 21 5 6 5 11 5 16 6 7 6 12 6 17 7 8 7 13 7 18 8 9 8 14 8 19 9 10 9 15 9 20 10 16 10 21 11 12 11 21 12 13 13 14 14 15 15 16 16 17 17 18 18 19 19 20 20 21
D11_2417 22 44 0 2 0 9 0 11 0 17 1 3 1 10 1 12 1 18 2 4 2 13 2 19 3 5 3 14 3 20 4 6 4 15 4 21 5 7 5 11 5 16 6 8 6 12 6 17 7 9 7 13 7 18 8 10 8 14 8 19 9 15 9 20 10 16 10 21 11 13 11 20 12 14 12 21 13 15 14 16 15 17 16 18 17 19 18 20 19 21
D11_2418 22 44 0 3 0 8 0 11 0 17 1 4 1 9 1 12 1 18 2 5 2 10 2 13 2 19 3 6 3 14 3 20 4 7 4 15 4 21 5 8 5 11 5 16 6 9 6 12 6 17 7 10 7 13 7 18 8 14 8 19 9 15 9 20 10 16 10 21 11 14 11 19 12 15 12 20 13 16 13 21 14 17 15 18 16 19 17 20 18 21
D11_2419 22 44 0 4 0 7 0 11 0 17 1 5 1 8 1 12 1 18 2 6 2 9 2 13 2 19 3 7 3 10 3 14 3 20 4 8 4 15 4 21 5 9 5 11 5 16 6 10 6 12 6 17 7 13 7 18 8 14 8 19 9 15 9 20 10 16 10 21 11 15 11 18 12 16 12 19 13 17 13 20 14 18 14 21 15 19 16 20 17 21
D11_2424 22 33 0 11 0 18 0 19 1 12 1 19 1 20 2 13 2 20 2 21 3 11 3 14 3 21 4 11 4 12 4 15 5 12 5 13 5 16 6 13 6 14 6 17 7 14 7 15 7 18 8 15 8 16 8 19 9 16 9 17 9 20 10 17 10 18 10 21
D11_2425 22 33 0 11 0 18 0 20 1 12 1 19 1 21 2 11 2 13 2 20 3 12 3 14 3 21 4 11 4 13 4 15 5 12 5 14 5 16 6 13 6 15 6 17 7 14 7 16 7 18 8 15 8 17 8 19 9 16 9 18 9 20 10 17 10 19 10 21
D11_2426 22 33 0 11 0 18 0 21 1 11 1 12 1 19 2 12 2 13 2 20 3 13 3 14 3 21 4 11 4 14 4 15 5 12 5 15 5 16 6 13 6 16 6 17 7 14 7 17 7 18 8 15 8 18 8 19 9 16 9 19 9 20 10 17 10 20 10 21
D11_2427 22 44 0 1 0 10 0 11 0 18 1 2 1 12 1 19 2 3 2 13 2 20 3 4 3 14 3 21 4 5 4 11 4 15 5 6 5 12 5 16 6 7 6 13 6 17 7 8 7 14 7 18 8 9 8 15 8 19 9 10 9 16 9 20 10 17 10 21 11 12 11 21 12 13 13 14 14 15 15 16 16 17 17 18 18 19 19 20 20 21
D11_2428 22 44 0 2 0 9 0 11 0 18 1 3 1 10 1 12 1 19 2 4 2 13 2 20 3 5 3 14 3 21 4 6 4 11 4 15 5 7 5 12 5 16 6 8 6 13 6 17 7 9 7 14 7 18 8 10 8 15 8 19 9 16 9 20 10 17 10 21 11 13 11 20 12 14 12 21 13 15 14 16 15 17 16 18 17 19 18 20 19 21
D11_2429 22 44 0 3 0 8 0 11 0 18 1 4 1 9 1 12 1 19 2 5 2 10 2 13 2 20 3 6 3 14 3 21 4 7 4 11 4 15 5 8 5 12 5 16 6 9 6 13 6 17 7 10 7 14 7 18 8 15 8 19 9 16 9 20 10 17 10 21 11 14 11 19 12 15 12 20 13 16 13 21 14 17 15 18 16 19 17 20 18 21
D11_2430 22 44 0 5 0 6 0 11 0 18 1 6 1 7 1 12 1 19 2 7 2 8 2 13 2 20 3 8 3 9 3 14 3 21 4 9 4 10 4 11 4 15 5 10 5 12 5 16 6 13 6 17 7 14 7 18 8 15 8 19 9 16 9 20 10 17 10 21 11 16 11 17 12 17 12 18 13 18 13 19 14 19 14 20 15 20 15 21 16 21
D11_2435 22 33 0 11 0 19 0 20 1 12 1 20 1 21 2 11 2 13 2 21 3 11 3 12 3 14 4 12 4 13 4 15 5 13 5 14 5 16 6 14 6 15 6 17 7 15 7 16 7 18 8 16 8 17 8 19 9 17 9 18 9 20 10 18 10 19 10 21
D11_2436 22 33 0 11 0 19 0 21 1 11 1 12 1 20 2 12 2 13 2 21 3 11 3 13 3 14 4 12 4 14 4 15 5 13 5 15 5 16 6 14 6 16 6 17 7 15 7 17 7 18 8 16 8 18 8 19 9 17 9 19 9 20 10 18 10 20 10 21
D11_2437 22 44 0 1 0 10 0 11 0 19 1 2 1 12 1 20 2 3 2 13 2 21 3 4 3 11 3 14 4 5 4 12 4 15 5 6 5 13 5 16 6 7 6 14 6 17 7 8 7 15 7 18 8 9 8 16 8 19 9 10 9 17 9 20 10 18 10 21 11 12 11 21 12 13 13 14 14 15 15 16 16 17 17 18 18 19 19 20 20 21
D11_2438 22 44 0 2 0 9 0 11 0 19 1 3 1 10 1 12 1 20 2 4 2 13 2 21 3 5 3 11 3 14 4 6 4 12 4 15 5 7 5 13 5 16 6 8 6 14 6 17 7 9 7 15 7 18 8 10 8 16 8 19 9 17 9 20 10 18 10 21 11 13 11 20 12 14 12 21 13 15 14 16 15 17 16 18 17 19 18 20 19 21
D11_2439 22 44 0 4 0 7 0 11 0 19 1 5 1 8 1 12 1 20 2 6 2 9 2 13 2 21 3 7 3 10 3 11 3 14 4 8 4 12 4 15 5 9 5 13 5 16 6 10 6 14 6 17 7 15 7 18 8 16 8 19 9 17 9 20 10 18 10 21 11 15 11 18 12 16 12 19 13 17 13 20 14 18 14 21 15 19 16 20 17 21
D11_2440 22 44 0 5 0 6 0 11 0 19 1 6 1 7 1 12 1 20 2 7 2 8 2 13 2 21 3 8 3 9 3 11 3 14 4 9 4 10 4 12 4 15 5 10 5 13 5 16 6 14 6 17 7 15 7 18 8 16 8 19 9 17 9 20 10 18 10 21 11 16 11 17 12 17 12 18 13 18 13 19 14 19 14 20 15 20 15 21 16 21
D11_2445 22 33 0 11 0 20 0 21 1 11 1 12 1 21 2 11 2 12 2 13 3 12 3 13 3 14 4 13 4 14 4 15 5 14 5 15 5 16 6 15 6 16 6 17 7 16 7 17 7 18 8 17 8 18 8 19 9 18 9 19 9 20 10 19 10 20 10 21
D11_2446 22 44 0 1 0 10 0 11 0 20 1 2 1 12 1 21 2 3 2 11 2 13 3 4 3 12 3 14 4 5 4 13 4 15 5 6 5 14 5 16 6 7 6 15 6 17 7 8 7 16 7 18 8 9 8 17 8 19 9 10 9 18 9 20 10 19 10 21 11 12 11 21 12 13 13 14 14 15 15 16 16 17 17 18 18 19 19 20 20 21
D11_2447 22 44 0 3 0 8 0 11 0 20 1 4 1 9 1 12 1 21 2 5 2 10 2 11 2 13 3 6 3 12 3 14 4 7 4 13 4 15 5 8 5 14 5 16 6 9 6 15 6 17 7 10 7 16 7 18 8 17 8 19 9 18 9 20 10 19 10 21 11 14 11 19 12 15 12 20 13 16 13 21 14 17 15 18 16 19 17 20 18 21
D11_2448 22 44 0 4 0 7 0 11 0 20 1 5 1 8 1 12 1 21 2 6 2 9 2 11 2 13 3 7 3 10 3 12 3 14 4 8 4 13 4 15 5 9 5 14 5 16 6 10 6 15 6 17 7 16 7 18 8 17 8 19 9 18 9 20 10 19 10 21 11 15 11 18 12 16 12 19 13 17 13 20 14 18 14 21 15 19 16 20 17 21
D11_2449 22 44 0 5 0 6 0 11 0 20 1 6 1 7 1 12 1 21 2 7 2 8 2 11 2 13 3 8 3 9 3 12 3 14 4 9 4 10 4 13 4 15 5 10 5 14 5 16 6 15 6 17 7 16 7 18 8 17 8 19 9 18 9 20 10 19 10 21 11 16 11 17 12 17 12 18 13 18 13 19 14 19 14 20 15 20 15 21 16 21
D11_2454 22 44 0 2 0 9 0 11 0 21 1 3 1 10 1 11 1 12 2 4 2 12 2 13 3 5 3 13 3 14 4 6 4 14 4 15 5 7 5 15 5 16 6 8 6 16 6 17 7 9 7 17 7 18 8 10 8 18 8 19 9 19 9 20 10 20 10 21 11 13 11 20 12 14 12 21 13 15 14 16 15 17 16 18 17 19 18 20 19 21
D11_2455 22 44 0 3 0 8 0 11 0 21 1 4 1 9 1 11 1 12 2 5 2 10 2 12 2 13 3 6 3 13 3 14 4 7 4 14 4 15 5 8 5 15 5 16 6 9 6 16 6 17 7 10 7 17 7 18 8 18 8 19 9 19 9 20 10 20 10 21 11 14 11 19 12 15 12 20 13 16 13 21 14 17 15 18 16 19 17 20 18 21
D11_2456 22 44 0 4 0 7 0 11 0 21 1 5 1 8 1 11 1 12 2 6 2 9 2 12 2 13 3 7 3 10 3 13 3 14 4 8 4 14 4 15 5 9 5 15 5 16 6 10 6 16 6 17 7 17 7 18 8 18 8 19 9 19 9 20 10 20 10 21 11 15 11 18 12 16 12 19 13 17 13 20 14 18 14 21 15 19 16 20 17 21
D11_2457 22 44 0 5 0 6 0 11 0 21 1 6 1 7 1 11 1 12 2 7 2 8 2 12 2 13 3 8 3 9 3 13 3 14 4 9 4 10 4 14 4 15 5 10 5 15 5 16 6 16 6 17 7 17 7 18 8 18 8 19 9 19 9 20 10 20 10 21 11 16 11 17 12 17 12 18 13 18 13 19 14 19 14 20 15 20 15 21 16 21
D11_2462 22 55 0 1 0 3 0 8 0 10 0 11 1 2 1 4 1 9 1 12 2 3 2 5 2 10 2 13 3 4 3 6 3 14 4 5 4 7 4 15 5 6 5 8 5 16 6 7 6 9 6 17 7 8 7 10 7 18 8 9 8 19 9 10 9 20 10 21 11 12 11 14 11 19 11 21 12 13 12 15 12 20 13 14 13 16 13 21 14 15 14 17 15 16 15 18 16 17 16 19 17 18 17 20 18 19 18 21 19 20 20 21
D11_2463 22 55 0 1 0 4 0 7 0 10 0 11 1 2 1 5 1 8 1 12 2 3 2 6 2 9 2 13 3 4 3 7 3 10 3 14 4 5 4 8 4 15 5 6 5 9 5 16 6 7 6 10 6 17 7 8 7 18 8 9 8 19 9 10 9 20 10 21 11 12 11 15 11 18 11 21 12 13 12 16 12 19 13 14 13 17 13 20 14 15 14 18 14 21 15 16 15 19 16 17 16 20 17 18 17 21 18 19 19 20 20 21
D11_2467 22 55 0 2 0 3 0 8 0 9 0 11 1 3 1 4 1 9 1 10 1 12 2 4 2 5 2 10 2 13 3 5 3 6 3 14 4 6 4 7 4 15 5 7 5 8 5 16 6 8 6 9 6 17 7 9 7 10 7 18 8 10 8 19 9 20 10 21 11 13 11 14 11 19 11 20 12 14 12 15 12 20 12 21 13 15 13 16 13 21 14 16 14 17 15 17 15 18 16 18 16 19 17 19 17 20 18 20 18 21 19 21
D11_2468 22 55 0 2 0 5 0 6 0 9 0 11 1 3 1 6 1 7 1 10 1 12 2 4 2 7 2 8 2 13 3 5 3 8 3 9 3 14 4 6 4 9 4 10 4 15 5 7 5 10 5 16 6 8 6 17 7 9 7 18 8 10 8 19 9 20 10 21 11 13 11 16 11 17 11 20 12 14 12 17 12 18 12 21 13 15 13 18 13 19 14 16 14 19 14 20 15 17 15 20 15 21 16 18 16 21 17 19 18 20 19 21
D11_2475 22 55 0 4 0 5 0 6 0 7 0 11 1 5 1 6 1 7 1 8 1 12 2 6 2 7 2 8 2 9 2 13 3 7 3 8 3 9 3 10 3 14 4 8 4 9 4 10 4 15 5 9 5 10 5 16 6 10 6 17 7 18 8 19 9 20 10 21 11 15 11 16 11 17 11 18 12 16 12 17 12 18 12 19 13 17 13 18 13 19 13 20 14 18 14 19 14 20 14 21 15 19 15 20 15 21 16 20 16 21 17 21
D11_2487 22 33 0 12 0 13 0 14 1 13 1 14 1 15 2 14 2 15 2 16 3 15 3 16 3 17 4 16 4 17 4 18 5 17 5 18 5 19 6 18 6 19 6 20 7 19 7 20 7 21 8 11 8 20 8 21 9 11 9 12 9 21 10 11 10 12 10 13
D11_2488 22 33 0 12 0 13 0 15 1 13 1 14 1 16 2 14 2 15 2 17 3 15 3 16 3 18 4 16 4 17 4 19 5 17 5 18 5 20 6 18 6 19 6 21 7 11 7 19 7 20 8 12 8 20 8 21 9 11 9 13 9 21 10 11 10 12 10 14
D11_2489 22 33 0 12 0 13 0 16 1 13 1 14 1 17 2 14 2 15 2 18 3 15 3 16 3 19 4 16 4 17 4 20 5 17 5 18 5 21 6 11 6 18 6 19 7 12 7 19 7 20 8 13 8 20 8 21 9 11 9 14 9 21 10 11 10 12 10 15
D11_2490 22 33 0 12 0 13 0 17 1 13 1 14 1 18 2 14 2 15 2 19 3 15 3 16 3 20 4 16 4 17 4 21 5 11 5 17 5 18 6 12 6 18 6 19 7 13 7 19 7 20 8 14 8 20 8 21 9 11 9 15 9 21 10 11 10 12 10 16
D11_2491 22 33 0 12 0 13 0 18 1 13 1 14 1 19 2 14 2 15 2 20 3 15 3 16 3 21 4 11 4 16 4 17 5 12 5 17 5 18 6 13 6 18 6 19 7 14 7 19 7 20 8 15 8 20 8 21 9 11 9 16 9 21 10 11 10 12 10 17
D11_2492 22 33 0 12 0 13 0 19 1 13 1 14 1 20 2 14 2 15 2 21 3 11 3 15 3 16 4 12 4 16 4 17 5 13 5 17 5 18 6 14 6 18 6 19 7 15 7 19 7 20 8 16 8 20 8 21 9 11 9 17 9 21 10 11 10 12 10 18
D11_2493 22 33 0 12 0 13 0 20 1 13 1 14 1 21 2 11 2 14 2 15 3 12 3 15 3 16 4 13 4 16 4 17 5 14 5 17 5 18 6 15 6 18 6 19 7 16 7 19 7 20 8 17 8 20 8 21 9 11 9 18 9 21 10 11 10 12 10 19
D11_2494 22 33 0 12 0 13 0 21 1 11 1 13 1 14 2 12 2 14 2 15 3 13 3 15 3 16 4 14 4 16 4 17 5 15 5 17 5 18 6 16 6 18 6 19 7 17 7 19 7 20 8 18 8 20 8 21 9 11 9 19 9 21 10 11 10 12 10 20
D11_2495 22 44 0 2 0 9 0 12 0 13 1 3 1 10 1 13 1 14 2 4 2 14 2 15 3 5 3 15 3 16 4 6 4 16 4 17 5 7 5 17 5 18 6 8 6 18 6 19 7 9 7 19 7 20 8 10 8 20 8 21 9 11 9 21 10 11 10 12 11 13 11 20 12 14 12 21 13 15 14 16 15 17 16 18 17 19 18 20 19 21
D11_2496 22 44 0 3 0 8 0 12 0 13 1 4 1 9 1 13 1 14 2 5 2 10 2 14 2 15 3 6 3 15 3 16 4 7 4 16 4 17 5 8 5 17 5 18 6 9 6 18 6 19 7 10 7 19 7 20 8 20 8 21 9 11 9 21 10 11 10 12 11 14 11 19 12 15 12 20 13 16 13 21 14 17 15 18 16 19 17 20 18 21
D11_2497 22 44 0 4 0 7 0 12 0 13 1 5 1 8 1 13 1 14 2 6 2 9 2 14 2 15 3 7 3 10 3 15 3 16 4 8 4 16 4 17 5 9 5 17 5 18 6 10 6 18 6 19 7 19 7 20 8 20 8 21 9 11 9 21 10 11 10 12 11 15 11 18 12 16 12 19 13 17 13 20 14 18 14 21 15 19 16 20 17 21
D11_2498 22 44 0 5 0 6 0 12 0 13 1 6 1 7 1 13 1 14 2 7 2 8 2 14 2 15 3 8 3 9 3 15 3 16 4 9 4 10 4 16 4 17 5 10 5 17 5 18 6 18 6 19 7 19 7 20 8 20 8 21 9 11 9 21 10 11 10 12 11 16 11 17 12 17 12 18 13 18 13 19 14 19 14 20 15 20 15 21 16 21
D11_2503 22 33 0 12 0 14 0 15 1 13 1 15 1 16 2 14 2 16 2 17 3 15 3 17 3 18 4 16 4 18 4 19 5 17 5 19 5 20 6 18 6 20 6 21 7 11 7 19 7 21 8 11 8 12 8 20 9 12 9 13 9 21 10 11 10 13 10 14
D11_2504 22 33 0 12 0 14 0 16 1 13 1 15 1 17 2 14 2 16 2 18 3 15 3 17 3 19 4 16 4 18 4 20 5 17 5 19 5 21 6 11 6 18 6 20 7 12 7 19 7 21 8 11 8 13 8 20 9 12 9 14 9 21 10 11 10 13 10 15
D11_2505 22 33 0 12 0 14 0 17 1 13 1 15 1 18 2 14 2 16 2 19 3 15 3 17 3 20 4 16 4 18 4 21 5 11 5 17 5 19 6 12 6 18 6 20 7 13 7 19 7 21 8 11 8 14 8 20 9 12 9 15 9 21 10 11 10 13 10 16
D11_2506 22 33 0 12 0 14 0 18 1 13 1 15 1 19 2 14 2 16 2 20 3 15 3 17 3 21 4 11 4 16 4 18 5 12 5 17 5 19 6 13 6 18 6 20 7 14 7 19 7 21 8 11 8 15 8 20 9 12 9 16 9 21 10 11 10 13 10 17
D11_2507 22 33 0 12 0 14 0 19 1 13 1 15 1 20 2 14 2 16 2 21 3 11 3 15 3 17 4 12 4 16 4 18 5 13 5 17 5 19 6 14 6 18 6 20 7 15 7 19 7 21 8 11 8 16 8 20 9 12 9 17 9 21 10 11 10 13 10 18
D11_2508 22 33 0 12 0 14 0 20 1 13 1 15 1 21 2 11 2 14 2 16 3 12 3 15 3 17 4 13 4 16 4 18 5 14 5 17 5 19 6 15 6 18 6 20 7 16 7 19 7 21 8 11 8 17 8 20 9 12 9 18 9 21 10 11 10 13 10 19
D11_2509 22 33 0 12 0 14 0 21 1 11 1 13 1 15 2 12 2 14 2 16 3 13 3 15 3 17 4 14 4 16 4 18 5 15 5 17 5 19 6 16 6 18 6 20 7 17 7 19 7 21 8 11 8 18 8 20 9 12 9 19 9 21 10 11 10 13 10 20
D11_2510 22 44 0 1 0 10 0 12 0 14 1 2 1 13 1 15 2 3 2 14 2 16 3 4 3 15 3 17 4 5 4 16 4 18 5 6 5 17 5 19 6 7 6 18 6 20 7 8 7 19 7 21 8 9 8 11 8 20 9 10 9 12 9 21 10 11 10 13 11 12 11 21 12 13 13 14 14 15 15 16 16 17 17 18 18 19 19 20 20 21
D11_2511 22 44 0 3 0 8 0 12 0 14 1 4 1 9 1 13 1 15 2 5 2 10 2 14 2 16 3 6 3 15 3 17 4 7 4 16 4 18 5 8 5 17 5 19 6 9 6 18 6 20 7 10 7 19 7 21 8 11 8 20 9 12 9 21 10 11 10 13 11 14 11 19 12 15 12 20 13 16 13 21 14 17 15 18 16 19 17 20 18 21
D11_2512 22 44 0 4 0 7 0 12 0 14 1 5 1 8 1 13 1 15 2 6 2 9 2 14 2 16 3 7 3 10 3 15 3 17 4 8 4 16 4 18 5 9 5 17 5 19 6 10 6 18 6 20 7 19 7 21 8 11 8 20 9 12 9 21 10 11 10 13 11 15 11 18 12 16 12 19 13 17 13 20 14 18 14 21 15 19 16 20 17 21
D11_2513 22 44 0 5 0 6 0 12 0 14 1 6 1 7 1 13 1 15 2 7 2 8 2 14 2 16 3 8 3 9 3 15 3 17 4 9 4 10 4 16 4 18 5 10 5 17 5 19 6 18 6 20 7 19 7 21 8 11 8 20 9 12 9 21 10 11 10 13 11 16 11 17 12 17 12 18 13 18 13 19 14 19 14 20 15 20 15 21 16 21
D11_2518 22 33 0 12 0 15 0 16 1 13 1 16 1 17 2 14 2 17 2 18 3 15 3 18 3 19 4 16 4 19 4 20 5 17 5 20 5 21 6 11 6 18 6 21 7 11 7 12 7 19 8 12 8 13 8 20 9 13 9 14 9 21 10 11 10 14 10 15
D11_2519 22 33 0 12 0 15 0 17 1 13 1 16 1 18 2 14 2 17 2 19 3 15 3 18 3 20 4 16 4 19 4 21 5 11 5 17 5 20 6 12 6 18 6 21 7 11 7 13 7 19 8 12 8 14 8 20 9 13 9 15 9 21 10 11 10 14 10 16
D11_2520 22 33 0 12 0 15 0 18 1 13 1 16 1 19 2 14 2 17 2 20 3 15 3 18 3 21 4 11 4 16 4 19 5 12 5 17 5 20 6 13 6 18 6 21 7 11 7 14 7 19 8 12 8 15 8 20 9 13 9 16 9 21 10 11 10 14 10 17
D11_2521 22 33 0 12 0 15 0 19 1 13 1 16 1 20 2 14 2 17 2 21 3 11 3 15 3 18 4 12 4 16 4 19 5 13 5 17 5 20 6 14 6 18 6 21 7 11 7 15 7 19 8 12 8 16 8 20 9 13 9 17 9 21 10 11 10 14 10 18
D11_2522 22 33 0 12 0 15 0 20 1 13 1 16 1 21 2 11 2 14 2 17 3 12 3 15 3 18 4 13 4 16 4 19 5 14 5 17 5 20 6 15 6 18 6 21 7 11 7 16 7 19 8 12 8 17 8 20 9 13 9 18 9 21 10 11 10 14 10 19
D11_2523 22 33 0 12 0 15 0 21 1 11 1 13 1 16 2 12 2 14 2 17 3 13 3 15 3 18 4 14 4 16 4 19 5 15 5 17 5 20 6 16 6 18 6 21 7 11 7 17 7 19 8 12 8 18 8 20 9 13 9 19 9 21 10 11 10 14 10 20
D11_2524 22 44 0 1 0 10 0 12 0 15 1 2 1 13 1 16 2 3 2 14 2 17 3 4 3 15 3 18 4 5 4 16 4 19 5 6 5 17 5 20 6 7 6 18 6 21 7 8 7 11 7 19 8 9 8 12 8 20 9 10 9 13 9 21 10 11 10 14 11 12 11 21 12 13 13 14 14 15 15 16 16 17 17 18 18 19 19 20 20 21
D11_2525 22 44 0 2 0 9 0 12 0 15 1 3 1 10 1 13 1 16 2 4 2 14 2 17 3 5 3 15 3 18 4 6 4 16 4 19 5 7 5 17 5 20 6 8 6 18 6 21 7 9 7 11 7 19 8 10 8 12 8 20 9 13 9 21 10 11 10 14 11 13 11 20 12 14 12 21 13 15 14 16 15 17 16 18 17 19 18 20 19 21
D11_2526 22 44 0 4 0 7 0 12 0 15 1 5 1 8 1 13 1 16 2 6 2 9 2 14 2 17 3 7 3 10 3 15 3 18 4 8 4 16 4 19 5 9 5 17 5 20 6 10 6 18 6 21 7 11 7 19 8 12 8 20 9 13 9 21 10 11 10 14 11 15 11 18 12 16 12 19 13 17 13 20 14 18 14 21 15 19 16 20 17 21
D11_2527 22 44 0 5 0 6 0 12 0 15 1 6 1 7 1 13 1 16 2 7 2 8 2 14 2 17 3 8 3 9 3 15 3 18 4 9 4 10 4 16 4 19 5 10 5 17 5 20 6 18 6 21 7 11 7 19 8 12 8 20 9 13 9 21 10 11 10 14 11 16 11 17 12 17 12 18 13 18 13 19 14 19 14 20 15 20 15 21 16 21
D11_2532 22 33 0 12 0 16 0 17 1 13 1 17 1 18 2 14 2 18 2 19 3 15 3 19 3 20 4 16 4 20 4 21 5 11 5 17 5 21 6 11 6 12 6 18 7 12 7 13 7 19 8 13 8 14 8 20 9 14 9 15 9 21 10 11 10 15 10 16
D11_2533 22 33 0 12 0 16 0 18 1 13 1 17 1 19 2 14 2 18 2 20 3 15 3 19 3 21 4 11 4 16 4 20 5 12 5 17 5 21 6 11 6 13 6 18 7 12 7 14 7 19 8 13 8 15 8 20 9 14 9 16 9 21 10 11 10 15 10 17
D11_2534 22 33 0 12 0 16 0 19 1 13 1 17 1 20 2 14 2 18 2 21 3 11 3 15 3 19 4 12 4 16 4 20 5 13 5 17 5 21 6 11 6 14 6 18 7 12 7 15 7 19 8 13 8 16 8 20 9 14 9 17 9 21 10 11 10 15 10 18
D11_2535 22 33 0 12 0 16 0 20 1 13 1 17 1 21 2 11 2 14 2 18 3 12 3 15 3 19 4 13 4 16 4 20 5 14 5 17 5 21 6 11 6 15 6 18 7 12 7 16 7 19 8 13 8 17 8 20 9 14 9 18 9 21 10 11 10 15 10 19
D11_2536 22 33 0 12 0 16 0 21 1 11 1 13 1 17 2 12 2 14 2 18 3 13 3 15 3 19 4 14 4 16 4 20 5 15 5 17 5 21 6 11 6 16 6 18 7 12 7 17 7 19 8 13 8 18 8 20 9 14 9 19 9 21 10 11 10 15 10 20
D11_2537 22 44 0 1 0 10 0 12 0 16 1 2 1 13 1 17 2 3 2 14 2 18 3 4 3 15 3 19 4 5 4 16 4 20 5 6 5 17 5 21 6 7 6 11 6 18 7 8 7 12 7 19 8 9 8 13 8 20 9 10 9 14 9 21 10 11 10 15 11 12 11 21 12 13 13 14 14 15 15 16 16 17 17 18 18 19 19 20 20 21
D11_2538 22 44 0 2 0 9 0 12 0 16 1 3 1 10 1 13 1 17 2 4 2 14 2 18 3 5 3 15 3 19 4 6 4 16 4 20 5 7 5 17 5 21 6 8 6 11 6 18 7 9 7 12 7 19 8 10 8 13 8 20 9 14 9 21 10 11 10 15 11 13 11 20 12 14 12 21 13 15 14 16 15 17 16 18 17 19 18 20 19 21
D11_2539 22 44 0 3 0 8 0 12 0 16 1 4 1 9 1 13 1 17 2 5 2 10 2 14 2 18 3 6 3 15 3 19 4 7 4 16 4 20 5 8 5 17 5 21 6 9 6 11 6 18 7 10 7 12 7 19 8 13 8 20 9 14 9 21 10 11 10 15 11 14 11 19 12 15 12 20 13 16 13 21 14 17 15 18 16 19 17 20 18 21
D11_2540 22 44 0 5 0 6 0 12 0 16 1 6 1 7 1 13 1 17 2 7 2 8 2 14 2 18 3 8 3 9 3 15 3 19 4 9 4 10 4 16 4 20 5 10 5 17 5 21 6 11 6 18 7 12 7 19 8 13 8 20 9 14 9 21 10 11 10 15 11 16 11 17 12 17 12 18 13 18 13 19 14 19 14 20 15 20 15 21 16 21
D11_2545 22 33 0 12 0 17 0 18 1 13 1 18 1 19 2 14 2 19 2 20 3 15 3 20 3 21 4 11 4 16 4 21 5 11 5 12 5 17 6 12 6 13 6 18 7 13 7 14 7 19 8 14 8 15 8 20 9 15 9 16 9 21 10 11 10 16 10 17
D11_2546 22 33 0 12 0 17 0 19 1 13 1 18 1 20 2 14 2 19 2 21 3 11 3 15 3 20 4 12 4 16 4 21 5 11 5 13 5 17 6 12 6 14 6 18 7 13 7 15 7 19 8 14 8 16 8 20 9 15 9 17 9 21 10 11 10 16 10 18
D11_2547 22 33 0 12 0 17 0 20 1 13 1 18 1 21 2 11 2 14 2 19 3 12 3 15 3 20 4 13 4 16 4 21 5 11 5 14 5 17 6 12 6 15 6 18 7 13 7 16 7 19 8 14 8 17 8 20 9 15 9 18 9 21 10 11 10 16 10 19
D11_2548 22 33 0 12 0 17 0 21 1 11 1 13 1 18 2 12 2 14 2 19 3 13 3 15 3 20 4 14 4 16 4 21 5 11 5 15 5 17 6 12 6 16 6 18 7 13 7 17 7 19 8 14 8 18 8 20 9 15 9 19 9 21 10 11 10 16 10 20
D11_2549 22 44 0 1 0 10 0 12 0 17 1 2 1 13 1 18 2 3 2 14 2 19 3 4 3 15 3 20 4 5 4 16 4 21 5 6 5 11 5 17 6 7 6 12 6 18 7 8 7 13 7 19 8 9 8 14 8 20 9 10 9 15 9 21 10 11 10 16 11 12 11 21 12 13 13 14 14 15 15 16 16 17 17 18 18 19 19 20 20 21
D11_2550 22 44 0 2 0 9 0 12 0 17 1 3 1 10 1 13 1 18 2 4 2 14 2 19 3 5 3 15 3 20 4 6 4 16 4 21 5 7 5 11 5 17 6 8 6 12 6 18 7 9 7 13 7 19 8 10 8 14 8 20 9 15 9 21 10 11 10 16 11 13 11 20 12 14 12 21 13 15 14 16 15 17 16 18 17 19 18 20 19 21
D11_2551 22 44 0 3 0 8 0 12 0 17 1 4 1 9 1 13 1 18 2 5 2 10 2 14 2 19 3 6 3 15 3 20 4 7 4 16 4 21 5 8 5 11 5 17 6 9 6 12 6 18 7 10 7 13 7 19 8 14 8 20 9 15 9 21 10 11 10 16 11 14 11 19 12 15 12 20 13 16 13 21 14 17 15 18 16 19 17 20 18 21
D11_2552 22 44 0 4 0 7 0 12 0 17 1 5 1 8 1 13 1 18 2 6 2 9 2 14 2 19 3 7 3 10 3 15 3 20 4 8 4 16 4 21 5 9 5 11 5 17 6 10 6 12 6 18 7 13 7 19 8 14 8 20 9 15 9 21 10 11 10 16 11 15 11 18 12 16 12 19 13 17 13 20 14 18 14 21 15 19 16 20 17 21
D11_2557 22 33 0 12 0 18 0 19 1 13 1 19 1 20 2 14 2 20 2 21 3 11 3 15 3 21 4 11 4 12 4 16 5 12 5 13 5 17 6 13 6 14 6 18 7 14 7 15 7 19 8 15 8 16 8 20 9 16 9 17 9 21 10 11 10 17 10 18
D11_2558 22 33 0 12 0 18 0 20 1 13 1 19 1 21 2 11 2 14 2 20 3 12 3 15 3 21 4 11 4 13 4 16 5 12 5 14 5 17 6 13 6 15 6 18 7 14 7 16 7 19 8 15 8 17 8 20 9 16 9 18 9 21 10 11 10 17 10 19
D11_2559 22 33 0 12 0 18 0 21 1 11 1 13 1 19 2 12 2 14 2 20 3 13 3 15 3 21 4 11 4 14 4 16 5 12 5 15 5 17 6 13 6 16 6 18 7 14 7 17 7 19 8 15 8 18 8 20 9 16 9 19 9 21 10 11 10 17 10 20
D11_2560 22 44 0 1 0 10 0 12 0 18 1 2 1 13 1 19 2 3 2 14 2 20 3 4 3 15 3 21 4 5 4 11 4 16 5 6 5 12 5 17 6 7 6 13 6 18 7 8 7 14 7 19 8 9 8 15 8 20 9 10 9 16 9 21 10 11 10 17 11 12 11 21 12 13 13 14 14 15 15 16 16 17 17 18 18 19 19 20 20 21
D11_2561 22 44 0 2 0 9 0 12 0 18 1 3 1 10 1 13 1 19 2 4 2 14 2 20 3 5 3 15 3 21 4 6 4 11 4 16 5 7 5 12 5 17 6 8 6 13 6 18 7 9 7 14 7 19 8 10 8 15 8 20 9 16 9 21 10 11 10 17 11 13 11 20 12 14 12 21 13 15 14 16 15 17 16 18 17 19 18 20 19 21
D11_2562 22 44 0 3 0 8 0 12 0 18 1 4 1 9 1 13 1 19 2 5 2 10 2 14 2 20 3 6 3 15 3 21 4 7 4 11 4 16 5 8 5 12 5 17 6 9 6 13 6 18 7 10 7 14 7 19 8 15 8 20 9 16 9 21 10 11 10 17 11 14 11 19 12 15 12 20 13 16 13 21 14 17 15 18 16 19 17 20 18 21
D11_2563 22 44 0 4 0 7 0 12 0 18 1 5 1 8 1 13 1 19 2 6 2 9 2 14 2 20 3 7 3 10 3 15 3 21 4 8 4 11 4 16 5 9 5 12 5 17 6 10 6 13 6 18 7 14 7 19 8 15 8 20 9 16 9 21 10 11 10 17 11 15 11 18 12 16 12 19 13 17 13 20 14 18 14 21 15 19 16 20 17 21
D11_2568 22 33 0 12 0 19 0 20 1 13 1 20 1 21 2 11 2 14 2 21 3 11 3 12 3 15 4 12 4 13 4 16 5 13 5 14 5 17 6 14 6 15 6 18 7 15 7 16 7 19 8 16 8 17 8 20 9 17 9 18 9 21 10 11 10 18 10 19
D11_2569 22 33 0 12 0 19 0 21 1 11 1 13 1 20 2 12 2 14 2 21 3 11 3 13 3 15 4 12 4 14 4 16 5 13 5 15 5 17 6 14 6 16 6 18 7 15 7 17 7 19 8 16 8 18 8 20 9 17 9 19 9 21 10 11 10 18 10 20
D11_2570 22 44 0 1 0 10 0 12 0 19 1 2 1 13 1 20 2 3 2 14 2 21 3 4 3 11 3 15 4 5 4 12 4 16 5 6 5 13 5 17 6 7 6 14 6 18 7 8 7 15 7 19 8 9 8 16 8 20 9 10 9 17 9 21 10 11 10 18 11 12 11 21 12 13 13 14 14 15 15 16 16 17 17 18 18 19 19 20 20 21
D11_2571 22 44 0 2 0 9 0 12 0 19 1 3 1 10 1 13 1 20 2 4 2 14 2 21 3 5 3 11 3 15 4 6 4 12 4 16 5 7 5 13 5 17 6 8 6 14 6 18 7 9 7 15 7 19 8 10 8 16 8 20 9 17 9 21 10 11 10 18 11 13 11 20 12 14 12 21 13 15 14 16 15 17 16 18 17 19 18 20 19 21
D11_2572 22 44 0 3 0 8 0 12 0 19 1 4 1 9 1 13 1 20 2 5 2 10 2 14 2 21 3 6 3 11 3 15 4 7 4 12 4 16 5 8 5 13 5 17 6 9 6 14 6 18 7 10 7 15 7 19 8 16 8 20 9 17 9 21 10 11 10 18 11 14 11 19 12 15 12 20 13 16 13 21 14 17 15 18 16 19 17 20 18 21
D11_2573 22 44 0 5 0 6 0 12 0 19 1 6 1 7 1 13 1 20 2 7 2 8 2 14 2 21 3 8 3 9 3 11 3 15 4 9 4 10 4 12 4 16 5 10 5 13 5 17 6 14 6 18 7 15 7 19 8 16 8 20 9 17 9 21 10 11 10 18 11 16 11 17 12 17 12 18 13 18 13 19 14 19 14 20 15 20 15 21 16 21
D11_2578 22 33 0 12 0 20 0 21 1 11 1 13 1 21 2 11 2 12 2 14 3 12 3 13 3 15 4 13 4 14 4 16 5 14 5 15 5 17 6 15 6 16 6 18 7 16 7 17 7 19 8 17 8 18 8 20 9 18 9 19 9 21 10 11 10 19 10 20
D11_2579 22 44 0 1 0 10 0 12 0 20 1 2 1 13 1 21 2 3 2 11 2 14 3 4 3 12 3 15 4 5 4 13 4 16 5 6 5 14 5 17 6 7 6 15 6 18 7 8 7 16 7 19 8 9 8 17 8 20 9 10 9 18 9 21 10 11 10 19 11 12 11 21 12 13 13 14 14 15 15 16 16 17 17 18 18 19 19 20 20 21
D11_2580 22 44 0 2 0 9 0 12 0 20 1 3 1 10 1 13 1 21 2 4 2 11 2 14 3 5 3 12 3 15 4 6 4 13 4 16 5 7 5 14 5 17 6 8 6 15 6 18 7 9 7 16 7 19 8 10 8 17 8 20 9 18 9 21 10 11 10 19 11 13 11 20 12 14 12 21 13 15 14 16 15 17 16 18 17 19 18 20 19 21
D11_2581 22 44 0 4 0 7 0 12 0 20 1 5 1 8 1 13 1 21 2 6 2 9 2 11 2 14 3 7 3 10 3 12 3 15 4 8 4 13 4 16 5 9 5 14 5 17 6 10 6 15 6 18 7 16 7 19 8 17 8 20 9 18 9 21 10 11 10 19 11 15 11 18 12 16 12 19 13 17 13 20 14 18 14 21 15 19 16 20 17 21
D11_2582 22 44 0 5 0 6 0 12 0 20 1 6 1 7 1 13 1 21 2 7 2 8 2 11 2 14 3 8 3 9 3 12 3 15 4 9 4 10 4 13 4 16 5 10 5 14 5 17 6 15 6 18 7 16 7 19 8 17 8 20 9 18 9 21 10 11 10 19 11 16 11 17 12 17 12 18 13 18 13 19 14 19 14 20 15 20 15 21 16 21
D11_2588 22 44 0 3 0 8 0 12 0 21 1 4 1 9 1 11 1 13 2 5 2 10 2 12 2 14 3 6 3 13 3 15 4 7 4 14 4 16 5 8 5 15 5 17 6 9 6 16 6 18 7 10 7 17 7 19 8 18 8 20 9 19 9 21 10 11 10 20 11 14 11 19 12 15 12 20 13 16 13 21 14 17 15 18 16 19 17 20 18 21
D11_2589 22 44 0 4 0 7 0 12 0 21 1 5 1 8 1 11 1 13 2 6 2 9 2 12 2 14 3 7 3 10 3 13 3 15 4 8 4 14 4 16 5 9 5 15 5 17 6 10 6 16 6 18 7 17 7 19 8 18 8 20 9 19 9 21 10 11 10 20 11 15 11 18 12 16 12 19 13 17 13 20 14 18 14 21 15 19 16 20 17 21
D11_2590 22 44 0 5 0 6 0 12 0 21 1 6 1 7 1 11 1 13 2 7 2 8 2 12 2 14 3 8 3 9 3 13 3 15 4 9 4 10 4 14 4 16 5 10 5 15 5 17 6 16 6 18 7 17 7 19 8 18 8 20 9 19 9 21 10 11 10 20 11 16 11 17 12 17 12 18 13 18 13 19 14 19 14 20 15 20 15 21 16 21
D11_2595 22 55 0 1 0 3 0 8 0 10 0 12 1 2 1 4 1 9 1 13 2 3 2 5 2 10 2 14 3 4 3 6 3 15 4 5 4 7 4 16 5 6 5 8 5 17 6 7 6 9 6 18 7 8 7 10 7 19 8 9 8 20 9 10 9 21 10 11 11 12 11 14 11 19 11 21 12 13 12 15 12 20 13 14 13 16 13 21 14 15 14 17 15 16 15 18 16 17 16 19 17 18 17 20 18 19 18 21 19 20 20 21
D11_2596 22 55 0 1 0 4 0 7 0 10 0 12 1 2 1 5 1 8 1 13 2 3 2 6 2 9 2 14 3 4 3 7 3 10 3 15 4 5 4 8 4 16 5 6 5 9 5 17 6 7 6 10 6 18 7 8 7 19 8 9 8 20 9 10 9 21 10 11 11 12 11 15 11 18 11 21 12 13 12 16 12 19 13 14 13 17 13 20 14 15 14 18 14 21 15 16 15 19 16 17 16 20 17 18 17 21 18 19 19 20 20 21
D11_2600 22 55 0 2 0 3 0 8 0 9 0 12 1 3 1 4 1 9 1 10 1 13 2 4 2 5 2 10 2 14 3 5 3 6 3 15 4 6 4 7 4 16 5 7 5 8 5 17 6 8 6 9 6 18 7 9 7 10 7 19 8 10 8 20 9 21 10 11 11 13 11 14 11 19 11 20 12 14 12 15 12 20 12 21 13 15 13 16 13 21 14 16 14 17 15 17 15 18 16 18 16 19 17 19 17 20 18 20 18 21 19 21
D11_2601 22 55 0 2 0 5 0 6 0 9 0 12 1 3 1 6 1 7 1 10 1 13 2 4 2 7 2 8 2 14 3 5 3 8 3 9 3 15 4 6 4 9 4 10 4 16 5 7 5 10 5 17 6 8 6 18 7 9 7 19 8 10 8 20 9 21 10 11 11 13 11 16 11 17 11 20 12 14 12 17 12 18 12 21 13 15 13 18 13 19 14 16 14 19 14 20 15 17 15 20 15 21 16 18 16 21 17 19 18 20 19 21
D11_2608 22 55 0 4 0 5 0 6 0 7 0 12 1 5 1 6 1 7 1 8 1 13 2 6 2 7 2 8 2 9 2 14 3 7 3 8 3 9 3 10 3 15 4 8 4 9 4 10 4 16 5 9 5 10 5 17 6 10 6 18 7 19 8 20 9 21 10 11 11 15 11 16 11 17 11 18 12 16 12 17 12 18 12 19 13 17 13 18 13 19 13 20 14 18 14 19 14 20 14 21 15 19 15 20 15 21 16 20 16 21 17 21
D11_2620 22 33 0 13 0 14 0 15 1 14 1 15 1 16 2 15 2 16 2 17 3 16 3 17 3 18 4 17 4 18 4 19 5 18 5 19 5 20 6 19 6 20 6 21 7 11 7 20 7 21 8 11 8 12 8 21 9 11 9 12 9 13 10 12 10 13 10 14
D11_2621 22 33 0 13 0 14 0 16 1 14 1 15 1 17 2 15 2 16 2 18 3 16 3 17 3 19 4 17 4 18 4 20 5 18 5 19 5 21 6 11 6 19 6 20 7 12 7 20 7 21 8 11 8 13 8 21 9 11 9 12 9 14 10 12 10 13 10 15
D11_2622 22 33 0 13 0 14 0 17 1 14 1 15 1 18 2 15 2 16 2 19 3 16 3 17 3 20 4 17 4 18 4 21 5 11 5 18 5 19 6 12 6 19 6 20 7 13 7 20 7 21 8 11 8 14 8 21 9 11 9 12 9 15 10 12 10 13 10 16
D11_2623 22 33 0 13 0 14 0 18 1 14 1 15 1 19 2 15 2 16 2 20 3 16 3 17 3 21 4 11 4 17 4 18 5 12 5 18 5 19 6 13 6 19 6 20 7 14 7 20 7 21 8 11 8 15 8 21 9 11 9 12 9 16 10 12 10 13 10 17
D11_2624 22 33 0 13 0 14 0 19 1 14 1 15 1 20 2 15 2 16 2 21 3 11 3 16 3 17 4 12 4 17 4 18 5 13 5 18 5 19 6 14 6 19 6 20 7 15 7 20 7 21 8 11 8 16 8 21 9 11 9 12 9 17 10 12 10 13 10 18
D11_2625 22 33 0 13 0 14 0 20 1 14 1 15 1 21 2 11 2 15 2 16 3 12 3 16 3 17 4 13 4 17 4 18 5 14 5 18 5 19 6 15 6 19 6 20 7 16 7 20 7 21 8 11 8 17 8 21 9 11 9 12 9 18 10 12 10 13 10 19
D11_2626 22 33 0 13 0 14 0 21 1 11 1 14 1 15 2 12 2 15 2 16 3 13 3 16 3 17 4 14 4 17 4 18 5 15 5 18 5 19 6 16 6 19 6 20 7 17 7 20 7 21 8 11 8 18 8 21 9 11 9 12 9 19 10 12 10 13 10 20
D11_2627 22 44 0 2 0 9 0 13 0 14 1 3 1 10 1 14 1 15 2 4 2 15 2 16 3 5 3 16 3 17 4 6 4 17 4 18 5 7 5 18 5 19 6 8 6 19 6 20 7 9 7 20 7 21 8 10 8 11 8 21 9 11 9 12 10 12 10 13 11 13 11 20 12 14 12 21 13 15 14 16 15 17 16 18 17 19 18 20 19 21
D11_2628 22 44 0 3 0 8 0 13 0 14 1 4 1 9 1 14 1 15 2 5 2 10 2 15 2 16 3 6 3 16 3 17 4 7 4 17 4 18 5 8 5 18 5 19 6 9 6 19 6 20 7 10 7 20 7 21 8 11 8 21 9 11 9 12 10 12 10 13 11 14 11 19 12 15 12 20 13 16 13 21 14 17 15 18 16 19 17 20 18 21
D11_2629 22 44 0 4 0 7 0 13 0 14 1 5 1 8 1 14 1 15 2 6 2 9 2 15 2 16 3 7 3 10 3 16 3 17 4 8 4 17 4 18 5 9 5 18 5 19 6 10 6 19 6 20 7 20 7 21 8 11 8 21 9 11 9 12 10 12 10 13 11 15 11 18 12 16 12 19 13 17 13 20 14 18 14 21 15 19 16 20 17 21
D11_2630 22 44 0 5 0 6 0 13 0 14 1 6 1 7 1 14 1 15 2 7 2 8 2 15 2 16 3 8 3 9 3 16 3 17 4 9 4 10 4 17 4 18 5 10 5 18 5 19 6 19 6 20 7 20 7 21 8 11 8 21 9 11 9 12 10 12 10 13 11 16 11 17 12 17 12 18 13 18 13 19 14 19 14 20 15 20 15 21 16 21
D11_2635 22 33 0 13 0 15 0 16 1 14 1 16 1 17 2 15 2 17 2 18 3 16 3 18 3 19 4 17 4 19 4 20 5 18 5 20 5 21 6 11 6 19 6 21 7 11 7 12 7 20 8 12 8 13 8 21 9 11 9 13 9 14 10 12 10 14 10 15
D11_2636 22 33 0 13 0 15 0 17 1 14 1 16 1 18 2 15 2 17 2 19 3 16 3 18 3 20 4 17 4 19 4 21 5 11 5 18 5 20 6 12 6 19 6 21 7 11 7 13 7 20 8 12 8 14 8 21 9 11 9 13 9 15 10 12 10 14 10 16
D11_2637 22 33 0 13 0 15 0 18 1 14 1 16 1 19 2 15 2 17 2 20 3 16 3 18 3 21 4 11 4 17 4 19 5 12 5 18 5 20 6 13 6 19 6 21 7 11 7 14 7 20 8 12 8 15 8 21 9 11 9 13 9 16 10 12 10 14 10 17
D11_2638 22 33 0 13 0 15 0 19 1 14 1 16 1 20 2 15 2 17 2 21 3 11 3 16 3 18 4 12 4 17 4 19 5 13 5 18 5 20 6 14 6 19 6 21 7 11 7 15 7 20 8 12 8 16 8 21 9 11 9 13 9 17 10 12 10 14 10 18
D11_2639 22 33 0 13 0 15 0 20 1 14 1 16 1 21 2 11 2 15 2 17 3 12 3 16 3 18 4 13 4 17 4 19 5 14 5 18 5 20 6 15 6 19 6 21 7 11 7 16 7 20 8 12 8 17 8 21 9 11 9 13 9 18 10 12 10 14 10 19
D11_2640 22 33 0 13 0 15 0 21 1 11 1 14 1 16 2 12 2 15 2 17 3 13 3 16 3 18 4 14 4 17 4 19 5 15 5 18 5 20 6 16 6 19 6 21 7 11 7 17 7 20 8 12 8 18 8 21 9 11 9 13 9 19 10 12 10 14 10 20
D11_2641 22 44 0 1 0 10 0 13 0 15 1 2 1 14 1 16 2 3 2 15 2 17 3 4 3 16 3 18 4 5 4 17 4 19 5 6 5 18 5 20 6 7 6 19 6 21 7 8 7 11 7 20 8 9 8 12 8 21 9 10 9 11 9 13 10 12 10 14 11 12 11 21 12 13 13 14 14 15 15 16 16 17 17 18 18 19 19 20 20 21
D11_2642 22 44 0 3 0 8 0 13 0 15 1 4 1 9 1 14 1 16 2 5 2 10 2 15 2 17 3 6 3 16 3 18 4 7 4 17 4 19 5 8 5 18 5 20 6 9 6 19 6 21 7 10 7 11 7 20 8 12 8 21 9 11 9 13 10 12 10 14 11 14 11 19 12 15 12 20 13 16 13 21 14 17 15 18 16 19 17 20 18 21
D11_2643 22 44 0 4 0 7 0 13 0 15 1 5 1 8 1 14 1 16 2 6 2 9 2 15 2 17 3 7 3 10 3 16 3 18 4 8 4 17 4 19 5 9 5 18 5 20 6 10 6 19 6 21 7 11 7 20 8 12 8 21 9 11 9 13 10 12 10 14 11 15 11 18 12 16 12 19 13 17 13 20 14 18 14 21 15 19 16 20 17 21
D11_2644 22 44 0 5 0 6 0 13 0 15 1 6 1 7 1 14 1 16 2 7 2 8 2 15 2 17 3 8 3 9 3 16 3 18 4 9 4 10 4 17 4 19 5 10 5 18 5 20 6 19 6 21 7 11 7 20 8 12 8 21 9 11 9 13 10 12 10 14 11 16 11 17 12 17 12 18 13 18 13 19 14 19 14 20 15 20 15 21 16 21
D11_2649 22 33 0 13 0 16 0 17 1 14 1 17 1 18 2 15 2 18 2 19 3 16 3 19 3 20 4 17 4 20 4 21 5 11 5 18 5 21 6 11 6 12 6 19 7 12 7 13 7 20 8 13 8 14 8 21 9 11 9 14 9 15 10 12 10 15 10 16
D11_2650 22 33 0 13 0 16 0 18 1 14 1 17 1 19 2 15 2 18 2 20 3 16 3 19 3 21 4 11 4 17 4 20 5 12 5 18 5 21 6 11 6 13 6 19 7 12 7 14 7 20 8 13 8 15 8 21 9 11 9 14 9 16 10 12 10 15 10 17
D11_2651 22 33 0 13 0 16 0 19 1 14 1 17 1 20 2 15 2 18 2 21 3 11 3 16 3 19 4 12 4 17 4 20 5 13 5 18 5 21 6 11 6 14 6 19 7 12 7 15 7 20 8 13 8 16 8 21 9 11 9 14 9 17 10 12 10 15 10 18
D11_2652 22 33 0 13 0 16 0 20 1 14 1 17 1 21 2 11 2 15 2 18 3 12 3 16 3 19 4 13 4 17 4 20 5 14 5 18 5 21 6 11 6 15 6 19 7 12 7 16 7 20 8 13 8 17 8 21 9 11 9 14 9 18 10 12 10 15 10 19
D11_2653 22 33 0 13 0 16 0 21 1 11 1 14 1 17 2 12 2 15 2 18 3 13 3 16 3 19 4 14 4 17 4 20 5 15 5 18 5 21 6 11 6 16 6 19 7 12 7 17 7 20 8 13 8 18 8 21 9 11 9 14 9 19 10 12 10 15 10 20
D11_2654 22 44 0 1 0 10 0 13 0 16 1 2 1 14 1 17 2 3 2 15 2 18 3 4 3 16 3 19 4 5 4 17 4 20 5 6 5 18 5 21 6 7 6 11 6 19 7 8 7 12 7 20 8 9 8 13 8 21 9 10 9 11 9 14 10 12 10 15 11 12 11 21 12 13 13 14 14 15 15 16 16 17 17 18 18 19 19 20 20 21
D11_2655 22 44 0 2 0 9 0 13 0 16 1 3 1 10 1 14 1 17 2 4 2 15 2 18 3 5 3 16 3 19 4 6 4 17 4 20 5 7 5 18 5 21 6 8 6 11 6 19 7 9 7 12 7 20 8 10 8 13 8 21 9 11 9 14 10 12 10 15 11 13 11 20 12 14 12 21 13 15 14 16 15 17 16 18 17 19 18 20 19 21
D11_2656 22 44 0 4 0 7 0 13 0 16 1 5 1 8 1 14 1 17 2 6 2 9 2 15 2 18 3 7 3 10 3 16 3 19 4 8 4 17 4 20 5 9 5 18 5 21 6 10 6 11 6 19 7 12 7 20 8 13 8 21 9 11 9 14 10 12 10 15 11 15 11 18 12 16 12 19 13 17 13 20 14 18 14 21 15 19 16 20 17 21
D11_2657 22 44 0 5 0 6 0 13 0 16 1 6 1 7 1 14 1 17 2 7 2 8 2 15 2 18 3 8 3 9 3 16 3 19 4 9 4 10 4 17 4 20 5 10 5 18 5 21 6 11 6 19 7 12 7 20 8 13 8 21 9 11 9 14 10 12 10 15 11 16 11 17 12 17 12 18 13 18 13 19 14 19 14 20 15 20 15 21 16 21
D11_2662 22 33 0 13 0 17 0 18 1 14 1 18 1 19 2 15 2 19 2 20 3 16 3 20 3 21 4 11 4 17 4 21 5 11 5 12 5 18 6 12 6 13 6 19 7 13 7 14 7 20 8 14 8 15 8 21 9 11 9 15 9 16 10 12 10 16 10 17
D11_2663 22 33 0 13 0 17 0 19 1 14 1 18 1 20 2 15 2 19 2 21 3 11 3 16 3 20 4 12 4 17 4 21 5 11 5 13 5 18 6 12 6 14 6 19 7 13 7 15 7 20 8 14 8 16 8 21 9 11 9 15 9 17 10 12 10 16 10 18
D11_2664 22 33 0 13 0 17 0 20 1 14 1 18 1 21 2 11 2 15 2 19 3 12 3 16 3 20 4 13 4 17 4 21 5 11 5 14 5 18 6 12 6 15 6 19 7 13 7 16 7 20 8 14 8 17 8 21 9 11 9 15 9 18 10 12 10 16 10 19
D11_2665 22 33 0 13 0 17 0 21 1 11 1 14 1 18 2 12 2 15 2 19 3 13 3 16 3 20 4 14 4 17 4 21 5 11 5 15 5 18 6 12 6 16 6 19 7 13 7 17 7 20 8 14 8 18 8 21 9 11 9 15 9 19 10 12 10 16 10 20
D11_2666 22 44 0 1 0 10 0 13 0 17 1 2 1 14 1 18 2 3 2 15 2 19 3 4 3 16 3 20 4 5 4 17 4 21 5 6 5 11 5 18 6 7 6 12 6 19 7 8 7 13 7 20 8 9 8 14 8 21 9 10 9 11 9 15 10 12 10 16 11 12 11 21 12 13 13 14 14 15 15 16 16 17 17 18 18 19 19 20 20 21
D11_2667 22 44 0 2 0 9 0 13 0 17 1 3 1 10 1 14 1 18 2 4 2 15 2 19 3 5 3 16 3 20 4 6 4 17 4 21 5 7 5 11 5 18 6 8 6 12 6 19 7 9 7 13 7 20 8 10 8 14 8 21 9 11 9 15 10 12 10 16 11 13 11 20 12 14 12 21 13 15 14 16 15 17 16 18 17 19 18 20 19 21
D11_2668 22 44 0 3 0 8 0 13 0 17 1 4 1 9 1 14 1 18 2 5 2 10 2 15 2 19 3 6 3 16 3 20 4 7 4 17 4 21 5 8 5 11 5 18 6 9 6 12 6 19 7 10 7 13 7 20 8 14 8 21 9 11 9 15 10 12 10 16 11 14 11 19 12 15 12 20 13 16 13 21 14 17 15 18 16 19 17 20 18 21
D11_2669 22 44 0 5 0 6 0 13 0 17 1 6 1 7 1 14 1 18 2 7 2 8 2 15 2 19 3 8 3 9 3 16 3 20 4 9 4 10 4 17 4 21 5 10 5 11 5 18 6 12 6 19 7 13 7 20 8 14 8 21 9 11 9 15 10 12 10 16 11 16 11 17 12 17 12 18 13 18 13 19 14 19 14 20 15 20 15 21 16 21
D11_2674 22 33 0 13 0 18 0 19 1 14 1 19 1 20 2 15 2 20 2 21 3 11 3 16 3 21 4 11 4 12 4 17 5 12 5 13 5 18 6 13 6 14 6 19 7 14 7 15 7 20 8 15 8 16 8 21 9 11 9 16 9 17 10 12 10 17 10 18
D11_2675 22 33 0 13 0 18 0 20 1 14 1 19 1 21 2 11 2 15 2 20 3 12 3 16 3 21 4 11 4 13 4 17 5 12 5 14 5 18 6 13 6 15 6 19 7 14 7 16 7 20 8 15 8 17 8 21 9 11 9 16 9 18 10 12 10 17 10 19
D11_2676 22 33 0 13 0 18 0 21 1 11 1 14 1 19 2 12 2 15 2 20 3 13 3 16 3 21 4 11 4 14 4 17 5 12 5 15 5 18 6 13 6 16 6 19 7 14 7 17 7 20 8 15 8 18 8 21 9 11 9 16 9 19 10 12 10 17 10 20
D11_2677 22 44 0 1 0 10 0 13 0 18 1 2 1 14 1 19 2 3 2 15 2 20 3 4 3 16 3 21 4 5 4 11 4 17 5 6 5 12 5 18 6 7 6 13 6 19 7 8 7 14 7 20 8 9 8 15 8 21 9 10 9 11 9 16 10 12 10 17 11 12 11 21 12 13 13 14 14 15 15 16 16 17 17 18 18 19 19 20 20 21
D11_2678 22 44 0 2 0 9 0 13 0 18 1 3 1 10 1 14 1 19 2 4 2 15 2 20 3 5 3 16 3 21 4 6 4 11 4 17 5 7 5 12 5 18 6 8 6 13 6 19 7 9 7 14 7 20 8 10 8 15 8 21 9 11 9 16 10 12 10 17 11 13 11 20 12 14 12 21 13 15 14 16 15 17 16 18 17 19 18 20 19 21
D11_2679 22 44 0 3 0 8 0 13 0 18 1 4 1 9 1 14 1 19 2 5 2 10 2 15 2 20 3 6 3 16 3 21 4 7 4 11 4 17 5 8 5 12 5 18 6 9 6 13 6 19 7 10 7 14 7 20 8 15 8 21 9 11 9 16 10 12 10 17 11 14 11 19 12 15 12 20 13 16 13 21 14 17 15 18 16 19 17 20 18 21
D11_2680 22 44 0 4 0 7 0 13 0 18 1 5 1 8 1 14 1 19 2 6 2 9 2 15 2 20 3 7 3 10 3 16 3 21 4 8 4 11 4 17 5 9 5 12 5 18 6 10 6 13 6 19 7 14 7 20 8 15 8 21 9 11 9 16 10 12 10 17 11 15 11 18 12 16 12 19 13 17 13 20 14 18 14 21 15 19 16 20 17 21
D11_2685 22 33 0 13 0 19 0 20 1 14 1 20 1 21 2 11 2 15 2 21 3 11 3 12 3 16 4 12 4 13 4 17 5 13 5 14 5 18 6 14 6 15 6 19 7 15 7 16 7 20 8 16 8 17 8 21 9 11 9 17 9 18 10 12 10 18 10 19
D11_2686 22 33 0 13 0 19 0 21 1 11 1 14 1 20 2 12 2 15 2 21 3 11 3 13 3 16 4 12 4 14 4 17 5 13 5 15 5 18 6 14 6 16 6 19 7 15 7 17 7 20 8 16 8 18 8 21 9 11 9 17 9 19 10 12 10 18 10 20
D11_2687 22 44 0 1 0 10 0 13 0 19 1 2 1 14 1 20 2 3 2 15 2 21 3 4 3 11 3 16 4 5 4 12 4 17 5 6 5 13 5 18 6 7 6 14 6 19 7 8 7 15 7 20 8 9 8 16 8 21 9 10 9 11 9 17 10 12 10 18 11 12 11 21 12 13 13 14 14 15 15 16 16 17 17 18 18 19 19 20 20 21
D11_2688 22 44 0 2 0 9 0 13 0 19 1 3 1 10 1 14 1 20 2 4 2 15 2 21 3 5 3 11 3 16 4 6 4 12 4 17 5 7 5 13 5 18 6 8 6 14 6 19 7 9 7 15 7 20 8 10 8 16 8 21 9 11 9 17 10 12 10 18 11 13 11 20 12 14 12 21 13 15 14 16 15 17 16 18 17 19 18 20 19 21
D11_2689 22 44 0 3 0 8 0 13 0 19 1 4 1 9 1 14 1 20 2 5 2 10 2 15 2 21 3 6 3 11 3 16 4 7 4 12 4 17 5 8 5 13 5 18 6 9 6 14 6 19 7 10 7 15 7 20 8 16 8 21 9 11 9 17 10 12 10 18 11 14 11 19 12 15 12 20 13 16 13 21 14 17 15 18 16 19 17 20 18 21
D11_2690 22 44 0 4 0 7 0 13 0 19 1 5 1 8 1 14 1 20 2 6 2 9 2 15 2 21 3 7 3 10 3 11 3 16 4 8 4 12 4 17 5 9 5 13 5 18 6 10 6 14 6 19 7 15 7 20 8 16 8 21 9 11 9 17 10 12 10 18 11 15 11 18 12 16 12 19 13 17 13 20 14 18 14 21 15 19 16 20 17 21
D11_2695 22 33 0 13 0 20 0 21 1 11 1 14 1 21 2 11 2 12 2 15 3 12 3 13 3 16 4 13 4 14 4 17 5 14 5 15 5 18 6 15 6 16 6 19 7 16 7 17 7 20 8 17 8 18 8 21 9 11 9 18 9 19 10 12 10 19 10 20
D11_2696 22 44 0 1 0 10 0 13 0 20 1 2 1 14 1 21 2 3 2 11 2 15 3 4 3 12 3 16 4 5 4 13 4 17 5 6 5 14 5 18 6 7 6 15 6 19 7 8 7 16 7 20 8 9 8 17 8 21 9 10 9 11 9 18 10 12 10 19 11 12 11 21 12 13 13 14 14 15 15 16 16 17 17 18 18 19 19 20 20 21
D11_2698 22 44 0 3 0 8 0 13 0 20 1 4 1 9 1 14 1 21 2 5 2 10 2 11 2 15 3 6 3 12 3 16 4 7 4 13 4 17 5 8 5 14 5 18 6 9 6 15 6 19 7 10 7 16 7 20 8 17 8 21 9 11 9 18 10 12 10 19 11 14 11 19 12 15 12 20 13 16 13 21 14 17 15 18 16 19 17 20 18 21
D11_2699 22 44 0 5 0 6 0 13 0 20 1 6 1 7 1 14 1 21 2 7 2 8 2 11 2 15 3 8 3 9 3 12 3 16 4 9 4 10 4 13 4 17 5 10 5 14 5 18 6 15 6 19 7 16 7 20 8 17 8 21 9 11 9 18 10 12 10 19 11 16 11 17 12 17 12 18 13 18 13 19 14 19 14 20 15 20 15 21 16 21
D11_2704 22 44 0 1 0 10 0 13 0 21 1 2 1 11 1 14 2 3 2 12 2 15 3 4 3 13 3 16 4 5 4 14 4 17 5 6 5 15 5 18 6 7 6 16 6 19 7 8 7 17 7 20 8 9 8 18 8 21 9 10 9 11 9 19 10 12 10 20 11 12 11 21 12 13 13 14 14 15 15 16 16 17 17 18 18 19 19 20 20 21
D11_2705 22 44 0 2 0 9 0 13 0 21 1 3 1 10 1 11 1 14 2 4 2 12 2 15 3 5 3 13 3 16 4 6 4 14 4 17 5 7 5 15 5 18 6 8 6 16 6 19 7 9 7 17 7 20 8 10 8 18 8 21 9 11 9 19 10 12 10 20 11 13 11 20 12 14 12 21 13 15 14 16 15 17 16 18 17 19 18 20 19 21
D11_2706 22 44 0 4 0 7 0 13 0 21 1 5 1 8 1 11 1 14 2 6 2 9 2 12 2 15 3 7 3 10 3 13 3 16 4 8 4 14 4 17 5 9 5 15 5 18 6 10 6 16 6 19 7 17 7 20 8 18 8 21 9 11 9 19 10 12 10 20 11 15 11 18 12 16 12 19 13 17 13 20 14 18 14 21 15 19 16 20 17 21
D11_2707 22 44 0 5 0 6 0 13 0 21 1 6 1 7 1 11 1 14 2 7 2 8 2 12 2 15 3 8 3 9 3 13 3 16 4 9 4 10 4 14 4 17 5 10 5 15 5 18 6 16 6 19 7 17 7 20 8 18 8 21 9 11 9 19 10 12 10 20 11 16 11 17 12 17 12 18 13 18 13 19 14 19 14 20 15 20 15 21 16 21
D11_2712 22 55 0 1 0 3 0 8 0 10 0 13 1 2 1 4 1 9 1 14 2 3 2 5 2 10 2 15 3 4 3 6 3 16 4 5 4 7 4 17 5 6 5 8 5 18 6 7 6 9 6 19 7 8 7 10 7 20 8 9 8 21 9 10 9 11 10 12 11 12 11 14 11 19 11 21 12 13 12 15 12 20 13 14 13 16 13 21 14 15 14 17 15 16 15 18 16 17 16 19 17 18 17 20 18 19 18 21 19 20 20 21
D11_2713 22 55 0 1 0 4 0 7 0 10 0 13 1 2 1 5 1 8 1 14 2 3 2 6 2 9 2 15 3 4 3 7 3 10 3 16 4 5 4 8 4 17 5 6 5 9 5 18 6 7 6 10 6 19 7 8 7 20 8 9 8 21 9 10 9 11 10 12 11 12 11 15 11 18 11 21 12 13 12 16 12 19 13 14 13 17 13 20 14 15 14 18 14 21 15 16 15 19 16 17 16 20 17 18 17 21 18 19 19 20 20 21
D11_2717 22 55 0 2 0 3 0 8 0 9 0 13 1 3 1 4 1 9 1 10 1 14 2 4 2 5 2 10 2 15 3 5 3 6 3 16 4 6 4 7 4 17 5 7 5 8 5 18 6 8 6 9 6 19 7 9 7 10 7 20 8 10 8 21 9 11 10 12 11 13 11 14 11 19 11 20 12 14 12 15 12 20 12 21 13 15 13 16 13 21 14 16 14 17 15 17 15 18 16 18 16 19 17 19 17 20 18 20 18 21 19 21
D11_2718 22 55 0 2 0 5 0 6 0 9 0 13 1 3 1 6 1 7 1 10 1 14 2 4 2 7 2 8 2 15 3 5 3 8 3 9 3 16 4 6 4 9 4 10 4 17 5 7 5 10 5 18 6 8 6 19 7 9 7 20 8 10 8 21 9 11 10 12 11 13 11 16 11 17 11 20 12 14 12 17 12 18 12 21 13 15 13 18 13 19 14 16 14 19 14 20 15 17 15 20 15 21 16 18 16 21 17 19 18 20 19 21
D11_2725 22 55 0 4 0 5 0 6 0 7 0 13 1 5 1 6 1 7 1 8 1 14 2 6 2 7 2 8 2 9 2 15 3 7 3 8 3 9 3 10 3 16 4 8 4 9 4 10 4 17 5 9 5 10 5 18 6 10 6 19 7 20 8 21 9 11 10 12 11 15 11 16 11 17 11 18 12 16 12 17 12 18 12 19 13 17 13 18 13 19 13 20 14 18 14 19 14 20 14 21 15 19 15 20 15 21 16 20 16 21 17 21
D11_2737 22 33 0 14 0 15 0 16 1 15 1 16 1 17 2 16 2 17 2 18 3 17 3 18 3 19 4 18 4 19 4 20 5 19 5 20 5 21 6 11 6 20 6 21 7 11 7 12 7 21 8 11 8 12 8 13 9 12 9 13 9 14 10 13 10 14 10 15
D11_2738 22 33 0 14 0 15 0 17 1 15 1 16 1 18 2 16 2 17 2 19 3 17 3 18 3 20 4 18 4 19 4 21 5 11 5 19 5 20 6 12 6 20 6 21 7 11 7 13 7 21 8 11 8 12 8 14 9 12 9 13 9 15 10 13 10 14 10 16
D11_2739 22 33 0 14 0 15 0 18 1 15 1 16 1 19 2 16 2 17 2 20 3 17 3 18 3 21 4 11 4 18 4 19 5 12 5 19 5 20 6 13 6 20 6 21 7 11 7 14 7 21 8 11 8 12 8 15 9 12 9 13 9 16 10 13 10 14 10 17
D11_2740 22 33 0 14 0 15 0 19 1 15 1 16 1 20 2 16 2 17 2 21 3 11 3 17 3 18 4 12 4 18 4 19 5 13 5 19 5 20 6 14 6 20 6 21 7 11 7 15 7 21 8 11 8 12 8 16 9 12 9 13 9 17 10 13 10 14 10 18
D11_2741 22 33 0 14 0 15 0 20 1 15 1 16 1 21 2 11 2 16 2 17 3 12 3 17 3 18 4 13 4 18 4 19 5 14 5 19 5 20 6 15 6 20 6 21 7 11 7 16 7 21 8 11 8 12 8 17 9 12 9 13 9 18 10 13 10 14 10 19
D11_2742 22 33 0 14 0 15 0 21 1 11 1 15 1 16 2 12 2 16 2 17 3 13 3 17 3 18 4 14 4 18 4 19 5 15 5 19 5 20 6 16 6 20 6 21 7 11 7 17 7 21 8 11 8 12 8 18 9 12 9 13 9 19 10 13 10 14 10 20
D11_2743 22 44 0 2 0 9 0 14 0 15 1 3 1 10 1 15 1 16 2 4 2 16 2 17 3 5 3 17 3 18 4 6 4 18 4 19 5 7 5 19 5 20 6 8 6 20 6 21 7 9 7 11 7 21 8 10 8 11 8 12 9 12 9 13 10 13 10 14 11 13 11 20 12 14 12 21 13 15 14 16 15 17 16 18 17 19 18 20 19 21
D11_2744 22 44 0 3 0 8 0 14 0 15 1 4 1 9 1 15 1 16 2 5 2 10 2 16 2 17 3 6 3 17 3 18 4 7 4 18 4 19 5 8 5 19 5 20 6 9 6 20 6 21 7 10 7 11 7 21 8 11 8 12 9 12 9 13 10 13 10 14 11 14 11 19 12 15 12 20 13 16 13 21 14 17 15 18 16 19 17 20 18 21
D11_2745 22 44 0 4 0 7 0 14 0 15 1 5 1 8 1 15 1 16 2 6 2 9 2 16 2 17 3 7 3 10 3 17 3 18 4 8 4 18 4 19 5 9 5 19 5 20 6 10 6 20 6 21 7 11 7 21 8 11 8 12 9 12 9 13 10 13 10 14 11 15 11 18 12 16 12 19 13 17 13 20 14 18 14 21 15 19 16 20 17 21
D11_2746 22 44 0 5 0 6 0 14 0 15 1 6 1 7 1 15 1 16 2 7 2 8 2 16 2 17 3 8 3 9 3 17 3 18 4 9 4 10 4 18 4 19 5 10 5 19 5 20 6 20 6 21 7 11 7 21 8 11 8 12 9 12 9 13 10 13 10 14 11 16 11 17 12 17 12 18 13 18 13 19 14 19 14 20 15 20 15 21 16 21
D11_2751 22 33 0 14 0 16 0 17 1 15 1 17 1 18 2 16 2 18 2 19 3 17 3 19 3 20 4 18 4 20 4 21 5 11 5 19 5 21 6 11 6 12 6 20 7 12 7 13 7 21 8 11 8 13 8 14 9 12 9 14 9 15 10 13 10 15 10 16
D11_2752 22 33 0 14 0 16 0 18 1 15 1 17 1 19 2 16 2 18 2 20 3 17 3 19 3 21 4 11 4 18 4 20 5 12 5 19 5 21 6 11 6 13 6 20 7 12 7 14 7 21 8 11 8 13 8 15 9 12 9 14 9 16 10 13 10 15 10 17
D11_2753 22 33 0 14 0 16 0 19 1 15 1 17 1 20 2 16 2 18 2 21 3 11 3 17 3 19 4 12 4 18 4 20 5 13 5 19 5 21 6 11 6 14 6 20 7 12 7 15 7 21 8 11 8 13 8 16 9 12 9 14 9 17 10 13 10 15 10 18
D11_2754 22 33 0 14 0 16 0 20 1 15 1 17 1 21 2 11 2 16 2 18 3 12 3 17 3 19 4 13 4 18 4 20 5 14 5 19 5 21 6 11 6 15 6 20 7 12 7 16 7 21 8 11 8 13 8 17 9 12 9 14 9 18 10 13 10 15 10 19
D11_2755 22 33 0 14 0 16 0 21 1 11 1 15 1 17 2 12 2 16 2 18 3 13 3 17 3 19 4 14 4 18 4 20 5 15 5 19 5 21 6 11 6 16 6 20 7 12 7 17 7 21 8 11 8 13 8 18 9 12 9 14 9 19 10 13 10 15 10 20
D11_2756 22 44 0 1 0 10 0 14 0 16 1 2 1 15 1 17 2 3 2 16 2 18 3 4 3 17 3 19 4 5 4 18 4 20 5 6 5 19 5 21 6 7 6 11 6 20 7 8 7 12 7 21 8 9 8 11 8 13 9 10 9 12 9 14 10 13 10 15 11 12 11 21 12 13 13 14 14 15 15 16 16 17 17 18 18 19 19 20 20 21
D11_2757 22 44 0 3 0 8 0 14 0 16 1 4 1 9 1 15 1 17 2 5 2 10 2 16 2 18 3 6 3 17 3 19 4 7 4 18 4 20 5 8 5 19 5 21 6 9 6 11 6 20 7 10 7 12 7 21 8 11 8 13 9 12 9 14 10 13 10 15 11 14 11 19 12 15 12 20 13 16 13 21 14 17 15 18 16 19 17 20 18 21
D11_2758 22 44 0 4 0 7 0 14 0 16 1 5 1 8 1 15 1 17 2 6 2 9 2 16 2 18 3 7 3 10 3 17 3 19 4 8 4 18 4 20 5 9 5 19 5 21 6 10 6 11 6 20 7 12 7 21 8 11 8 13 9 12 9 14 10 13 10 15 11 15 11 18 12 16 12 19 13 17 13 20 14 18 14 21 15 19 16 20 17 21
D11_2759 22 44 0 5 0 6 0 14 0 16 1 6 1 7 1 15 1 17 2 7 2 8 2 16 2 18 3 8 3 9 3 17 3 19 4 9 4 10 4 18 4 20 5 10 5 19 5 21 6 11 6 20 7 12 7 21 8 11 8 13 9 12 9 14 10 13 10 15 11 16 11 17 12 17 12 18 13 18 13 19 14 19 14 20 15 20 15 21 16 21
D11_2764 22 33 0 14 0 17 0 18 1 15 1 18 1 19 2 16 2 19 2 20 3 17 3 20 3 21 4 11 4 18 4 21 5 11 5 12 5 19 6 12 6 13 6 20 7 13 7 14 7 21 8 11 8 14 8 15 9 12 9 15 9 16 10 13 10 16 10 17
D11_2765 22 33 0 14 0 17 0 19 1 15 1 18 1 20 2 16 2 19 2 21 3 11 3 17 3 20 4 12 4 18 4 21 5 11 5 13 5 19 6 12 6 14 6 20 7 13 7 15 7 21 8 11 8 14 8 16 9 12 9 15 9 17 10 13 10 16 10 18
D11_2766 22 33 0 14 0 17 0 20 1 15 1 18 1 21 2 11 2 16 2 19 3 12 3 17 3 20 4 13 4 18 4 21 5 11 5 14 5 19 6 12 6 15 6 20 7 13 7 16 7 21 8 11 8 14 8 17 9 12 9 15 9 18 10 13 10 16 10 19
D11_2767 22 33 0 14 0 17 0 21 1 11 1 15 1 18 2 12 2 16 2 19 3 13 3 17 3 20 4 14 4 18 4 21 5 11 5 15 5 19 6 12 6 16 6 20 7 13 7 17 7 21 8 11 8 14 8 18 9 12 9 15 9 19 10 13 10 16 10 20
D11_2768 22 44 0 1 0 10 0 14 0 17 1 2 1 15 1 18 2 3 2 16 2 19 3 4 3 17 3 20 4 5 4 18 4 21 5 6 5 11 5 19 6 7 6 12 6 20 7 8 7 13 7 21 8 9 8 11 8 14 9 10 9 12 9 15 10 13 10 16 11 12 11 21 12 13 13 14 14 15 15 16 16 17 17 18 18 19 19 20 20 21
D11_2769 22 44 0 2 0 9 0 14 0 17 1 3 1 10 1 15 1 18 2 4 2 16 2 19 3 5 3 17 3 20 4 6 4 18 4 21 5 7 5 11 5 19 6 8 6 12 6 20 7 9 7 13 7 21 8 10 8 11 8 14 9 12 9 15 10 13 10 16 11 13 11 20 12 14 12 21 13 15 14 16 15 17 16 18 17 19 18 20 19 21
D11_2770 22 44 0 4 0 7 0 14 0 17 1 5 1 8 1 15 1 18 2 6 2 9 2 16 2 19 3 7 3 10 3 17 3 20 4 8 4 18 4 21 5 9 5 11 5 19 6 10 6 12 6 20 7 13 7 21 8 11 8 14 9 12 9 15 10 13 10 16 11 15 11 18 12 16 12 19 13 17 13 20 14 18 14 21 15 19 16 20 17 21
D11_2771 22 44 0 5 0 6 0 14 0 17 1 6 1 7 1 15 1 18 2 7 2 8 2 16 2 19 3 8 3 9 3 17 3 20 4 9 4 10 4 18 4 21 5 10 5 11 5 19 6 12 6 20 7 13 7 21 8 11 8 14 9 12 9 15 10 13 10 16 11 16 11 17 12 17 12 18 13 18 13 19 14 19 14 20 15 20 15 21 16 21
D11_2776 22 33 0 14 0 18 0 19 1 15 1 19 1 20 2 16 2 20 2 21 3 11 3 17 3 21 4 11 4 12 4 18 5 12 5 13 5 19 6 13 6 14 6 20 7 14 7 15 7 21 8 11 8 15 8 16 9 12 9 16 9 17 10 13 10 17 10 18
D11_2777 22 33 0 14 0 18 0 20 1 15 1 19 1 21 2 11 2 16 2 20 3 12 3 17 3 21 4 11 4 13 4 18 5 12 5 14 5 19 6 13 6 15 6 20 7 14 7 16 7 21 8 11 8 15 8 17 9 12 9 16 9 18 10 13 10 17 10 19
D11_2778 22 33 0 14 0 18 0 21 1 11 1 15 1 19 2 12 2 16 2 20 3 13 3 17 3 21 4 11 4 14 4 18 5 12 5 15 5 19 6 13 6 16 6 20 7 14 7 17 7 21 8 11 8 15 8 18 9 12 9 16 9 19 10 13 10 17 10 20
D11_2779 22 44 0 1 0 10 0 14 0 18 1 2 1 15 1 19 2 3 2 16 2 20 3 4 3 17 3 21 4 5 4 11 4 18 5 6 5 12 5 19 6 7 6 13 6 20 7 8 7 14 7 21 8 9 8 11 8 15 9 10 9 12 9 16 10 13 10 17 11 12 11 21 12 13 13 14 14 15 15 16 16 17 17 18 18 19 19 20 20 21
D11_2780 22 44 0 2 0 9 0 14 0 18 1 3 1 10 1 15 1 19 2 4 2 16 2 20 3 5 3 17 3 21 4 6 4 11 4 18 5 7 5 12 5 19 6 8 6 13 6 20 7 9 7 14 7 21 8 10 8 11 8 15 9 12 9 16 10 13 10 17 11 13 11 20 12 14 12 21 13 15 14 16 15 17 16 18 17 19 18 20 19 21
D11_2781 22 44 0 3 0 8 0 14 0 18 1 4 1 9 1 15 1 19 2 5 2 10 2 16 2 20 3 6 3 17 3 21 4 7 4 11 4 18 5 8 5 12 5 19 6 9 6 13 6 20 7 10 7 14 7 21 8 11 8 15 9 12 9 16 10 13 10 17 11 14 11 19 12 15 12 20 13 16 13 21 14 17 15 18 16 19 17 20 18 21
D11_2782 22 44 0 5 0 6 0 14 0 18 1 6 1 7 1 15 1 19 2 7 2 8 2 16 2 20 3 8 3 9 3 17 3 21 4 9 4 10 4 11 4 18 5 10 5 12 5 19 6 13 6 20 7 14 7 21 8 11 8 15 9 12 9 16 10 13 10 17 11 16 11 17 12 17 12 18 13 18 13 19 14 19 14 20 15 20 15 21 16 21
D11_2787 22 33 0 14 0 19 0 20 1 15 1 20 1 21 2 11 2 16 2 21 3 11 3 12 3 17 4 12 4 13 4 18 5 13 5 14 5 19 6 14 6 15 6 20 7 15 7 16 7 21 8 11 8 16 8 17 9 12 9 17 9 18 10 13 10 18 10 19
D11_2788 22 33 0 14 0 19 0 21 1 11 1 15 1 20 2 12 2 16 2 21 3 11 3 13 3 17 4 12 4 14 4 18 5 13 5 15 5 19 6 14 6 16 6 20 7 15 7 17 7 21 8 11 8 16 8 18 9 12 9 17 9 19 10 13 10 18 10 20
D11_2789 22 44 0 1 0 10 0 14 0 19 1 2 1 15 1 20 2 3 2 16 2 21 3 4 3 11 3 17 4 5 4 12 4 18 5 6 5 13 5 19 6 7 6 14 6 20 7 8 7 15 7 21 8 9 8 11 8 16 9 10 9 12 9 17 10 13 10 18 11 12 11 21 12 13 13 14 14 15 15 16 16 17 17 18 18 19 19 20 20 21
D11_2790 22 44 0 2 0 9 0 14 0 19 1 3 1 10 1 15 1 20 2 4 2 16 2 21 3 5 3 11 3 17 4 6 4 12 4 18 5 7 5 13 5 19 6 8 6 14 6 20 7 9 7 15 7 21 8 10 8 11 8 16 9 12 9 17 10 13 10 18 11 13 11 20 12 14 12 21 13 15 14 16 15 17 16 18 17 19 18 20 19 21
D11_2792 22 44 0 4 0 7 0 14 0 19 1 5 1 8 1 15 1 20 2 6 2 9 2 16 2 21 3 7 3 10 3 11 3 17 4 8 4 12 4 18 5 9 5 13 5 19 6 10 6 14 6 20 7 15 7 21 8 11 8 16 9 12 9 17 10 13 10 18 11 15 11 18 12 16 12 19 13 17 13 20 14 18 14 21 15 19 16 20 17 21
D11_2797 22 33 0 14 0 20 0 21 1 11 1 15 1 21 2 11 2 12 2 16 3 12 3 13 3 17 4 13 4 14 4 18 5 14 5 15 5 19 6 15 6 16 6 20 7 16 7 17 7 21 8 11 8 17 8 18 9 12 9 18 9 19 10 13 10 19 10 20
D11_2798 22 44 0 1 0 10 0 14 0 20 1 2 1 15 1 21 2 3 2 11 2 16 3 4 3 12 3 17 4 5 4 13 4 18 5 6 5 14 5 19 6 7 6 15 6 20 7 8 7 16 7 21 8 9 8 11 8 17 9 10 9 12 9 18 10 13 10 19 11 12 11 21 12 13 13 14 14 15 15 16 16 17 17 18 18 19 19 20 20 21
D11_2799 22 44 0 2 0 9 0 14 0 20 1 3 1 10 1 15 1 21 2 4 2 11 2 16 3 5 3 12 3 17 4 6 4 13 4 18 5 7 5 14 5 19 6 8 6 15 6 20 7 9 7 16 7 21 8 10 8 11 8 17 9 12 9 18 10 13 10 19 11 13 11 20 12 14 12 21 13 15 14 16 15 17 16 18 17 19 18 20 19 21
D11_2800 22 44 0 3 0 8 0 14 0 20 1 4 1 9 1 15 1 21 2 5 2 10 2 11 2 16 3 6 3 12 3 17 4 7 4 13 4 18 5 8 5 14 5 19 6 9 6 15 6 20 7 10 7 16 7 21 8 11 8 17 9 12 9 18 10 13 10 19 11 14 11 19 12 15 12 20 13 16 13 21 14 17 15 18 16 19 17 20 18 21
D11_2801 22 44 0 4 0 7 0 14 0 20 1 5 1 8 1 15 1 21 2 6 2 9 2 11 2 16 3 7 3 10 3 12 3 17 4 8 4 13 4 18 5 9 5 14 5 19 6 10 6 15 6 20 7 16 7 21 8 11 8 17 9 12 9 18 10 13 10 19 11 15 11 18 12 16 12 19 13 17 13 20 14 18 14 21 15 19 16 20 17 21
D11_2806 22 44 0 1 0 10 0 14 0 21 1 2 1 11 1 15 2 3 2 12 2 16 3 4 3 13 3 17 4 5 4 14 4 18 5 6 5 15 5 19 6 7 6 16 6 20 7 8 7 17 7 21 8 9 8 11 8 18 9 10 9 12 9 19 10 13 10 20 11 12 11 21 12 13 13 14 14 15 15 16 16 17 17 18 18 19 19 20 20 21
D11_2807 22 44 0 2 0 9 0 14 0 21 1 3 1 10 1 11 1 15 2 4 2 12 2 16 3 5 3 13 3 17 4 6 4 14 4 18 5 7 5 15 5 19 6 8 6 16 6 20 7 9 7 17 7 21 8 10 8 11 8 18 9 12 9 19 10 13 10 20 11 13 11 20 12 14 12 21 13 15 14 16 15 17 16 18 17 19 18 20 19 21
D11_2808 22 44 0 3 0 8 0 14 0 21 1 4 1 9 1 11 1 15 2 5 2 10 2 12 2 16 3 6 3 13 3 17 4 7 4 14 4 18 5 8 5 15 5 19 6 9 6 16 6 20 7 10 7 17 7 21 8 11 8 18 9 12 9 19 10 13 10 20 11 14 11 19 12 15 12 20 13 16 13 21 14 17 15 18 16 19 17 20 18 21
D11_2809 22 44 0 5 0 6 0 14 0 21 1 6 1 7 1 11 1 15 2 7 2 8 2 12 2 16 3 8 3 9 3 13 3 17 4 9 4 10 4 14 4 18 5 10 5 15 5 19 6 16 6 20 7 17 7 21 8 11 8 18 9 12 9 19 10 13 10 20 11 16 11 17 12 17 12 18 13 18 13 19 14 19 14 20 15 20 15 21 16 21
D11_2814 22 55 0 1 0 3 0 8 0 10 0 14 1 2 1 4 1 9 1 15 2 3 2 5 2 10 2 16 3 4 3 6 3 17 4 5 4 7 4 18 5 6 5 8 5 19 6 7 6 9 6 20 7 8 7 10 7 21 8 9 8 11 9 10 9 12 10 13 11 12 11 14 11 19 11 21 12 13 12 15 12 20 13 14 13 16 13 21 14 15 14 17 15 16 15 18 16 17 16 19 17 18 17 20 18 19 18 21 19 20 20 21
D11_2815 22 55 0 1 0 4 0 7 0 10 0 14 1 2 1 5 1 8 1 15 2 3 2 6 2 9 2 16 3 4 3 7 3 10 3 17 4 5 4 8 4 18 5 6 5 9 5 19 6 7 6 10 6 20 7 8 7 21 8 9 8 11 9 10 9 12 10 13 11 12 11 15 11 18 11 21 12 13 12 16 12 19 13 14 13 17 13 20 14 15 14 18 14 21 15 16 15 19 16 17 16 20 17 18 17 21 18 19 19 20 20 21
D11_2819 22 55 0 2 0 3 0 8 0 9 0 14 1 3 1 4 1 9 1 10 1 15 2 4 2 5 2 10 2 16 3 5 3 6 3 17 4 6 4 7 4 18 5 7 5 8 5 19 6 8 6 9 6 20 7 9 7 10 7 21 8 10 8 11 9 12 10 13 11 13 11 14 11 19 11 20 12 14 12 15 12 20 12 21 13 15 13 16 13 21 14 16 14 17 15 17 15 18 16 18 16 19 17 19 17 20 18 20 18 21 19 21
D11_2820 22 55 0 2 0 5 0 6 0 9 0 14 1 3 1 6 1 7 1 10 1 15 2 4 2 7 2 8 2 16 3 5 3 8 3 9 3 17 4 6 4 9 4 10 4 18 5 7 5 10 5 19 6 8 6 20 7 9 7 21 8 10 8 11 9 12 10 13 11 13 11 16 11 17 11 20 12 14 12 17 12 18 12 21 13 15 13 18 13 19 14 16 14 19 14 20 15 17 15 20 15 21 16 18 16 21 17 19 18 20 19 21
D11_2827 22 55 0 4 0 5 0 6 0 7 0 14 1 5 1 6 1 7 1 8 1 15 2 6 2 7 2 8 2 9 2 16 3 7 3 8 3 9 3 10 3 17 4 8 4 9 4 10 4 18 5 9 5 10 5 19 6 10 6 20 7 21 8 11 9 12 10 13 11 15 11 16 11 17 11 18 12 16 12 17 12 18 12 19 13 17 13 18 13 19 13 20 14 18 14 19 14 20 14 21 15 19 15 20 15 21 16 20 16 21 17 21
D11_2839 22 33 0 15 0 16 0 17 1 16 1 17 1 18 2 17 2 18 2 19 3 18 3 19 3 20 4 19 4 20 4 21 5 11 5 20 5 21 6 11 6 12 6 21 7 11 7 12 7 13 8 12 8 13 8 14 9 13 9 14 9 15 10 14 10 15 10 16
D11_2840 22 33 0 15 0 16 0 18 1 16 1 17 1 19 2 17 2 18 2 20 3 18 3 19 3 21 4 11 4 19 4 20 5 12 5 20 5 21 6 11 6 13 6 21 7 11 7 12 7 14 8 12 8 13 8 15 9 13 9 14 9 16 10 14 10 15 10 17
D11_2841 22 33 0 15 0 16 0 19 1 16 1 17 1 20 2 17 2 18 2 21 3 11 3 18 3 19 4 12 4 19 4 20 5 13 5 20 5 21 6 11 6 14 6 21 7 11 7 12 7 15 8 12 8 13 8 16 9 13 9 14 9 17 10 14 10 15 10 18
D11_2842 22 33 0 15 0 16 0 20 1 16 1 17 1 21 2 11 2 17 2 18 3 12 3 18 3 19 4 13 4 19 4 20 5 14 5 20 5 21 6 11 6 15 6 21 7 11 7 12 7 16 8 12 8 13 8 17 9 13 9 14 9 18 10 14 10 15 10 19
D11_2843 22 33 0 15 0 16 0 21 1 11 1 16 1 17 2 12 2 17 2 18 3 13 3 18 3 19 4 14 4 19 4 20 5 15 5 20 5 21 6 11 6 16 6 21 7 11 7 12 7 17 8 12 8 13 8 18 9 13 9 14 9 19 10 14 10 15 10 20
D11_2844 22 44 0 2 0 9 0 15 0 16 1 3 1 10 1 16 1 17 2 4 2 17 2 18 3 5 3 18 3 19 4 6 4 19 4 20 5 7 5 20 5 21 6 8 6 11 6 21 7 9 7 11 7 12 8 10 8 12 8 13 9 13 9 14 10 14 10 15 11 13 11 20 12 14 12 21 13 15 14 16 15 17 16 18 17 19 18 20 19 21
D11_2845 22 44 0 3 0 8 0 15 0 16 1 4 1 9 1 16 1 17 2 5 2 10 2 17 2 18 3 6 3 18 3 19 4 7 4 19 4 20 5 8 5 20 5 21 6 9 6 11 6 21 7 10 7 11 7 12 8 12 8 13 9 13 9 14 10 14 10 15 11 14 11 19 12 15 12 20 13 16 13 21 14 17 15 18 16 19 17 20 18 21
D11_2846 22 44 0 4 0 7 0 15 0 16 1 5 1 8 1 16 1 17 2 6 2 9 2 17 2 18 3 7 3 10 3 18 3 19 4 8 4 19 4 20 5 9 5 20 5 21 6 10 6 11 6 21 7 11 7 12 8 12 8 13 9 13 9 14 10 14 10 15 11 15 11 18 12 16 12 19 13 17 13 20 14 18 14 21 15 19 16 20 17 21
D11_2847 22 44 0 5 0 6 0 15 0 16 1 6 1 7 1 16 1 17 2 7 2 8 2 17 2 18 3 8 3 9 3 18 3 19 4 9 4 10 4 19 4 20 5 10 5 20 5 21 6 11 6 21 7 11 7 12 8 12 8 13 9 13 9 14 10 14 10 15 11 16 11 17 12 17 12 18 13 18 13 19 14 19 14 20 15 20 15 21 16 21
D11_2852 22 33 0 15 0 17 0 18 1 16 1 18 1 19 2 17 2 19 2 20 3 18 3 20 3 21 4 11 4 19 4 21 5 11 5 12 5 20 6 12 6 13 6 21 7 11 7 13 7 14 8 12 8 14 8 15 9 13 9 15 9 16 10 14 10 16 10 17
D11_2853 22 33 0 15 0 17 0 19 1 16 1 18 1 20 2 17 2 19 2 21 3 11 3 18 3 20 4 12 4 19 4 21 5 11 5 13 5 20 6 12 6 14 6 21 7 11 7 13 7 15 8 12 8 14 8 16 9 13 9 15 9 17 10 14 10 16 10 18
D11_2854 22 33 0 15 0 17 0 20 1 16 1 18 1 21 2 11 2 17 2 19 3 12 3 18 3 20 4 13 4 19 4 21 5 11 5 14 5 20 6 12 6 15 6 21 7 11 7 13 7 16 8 12 8 14 8 17 9 13 9 15 9 18 10 14 10 16 10 19
D11_2855 22 33 0 15 0 17 0 21 1 11 1 16 1 18 2 12 2 17 2 19 3 13 3 18 3 20 4 14 4 19 4 21 5 11 5 15 5 20 6 12 6 16 6 21 7 11 7 13 7 17 8 12 8 14 8 18 9 13 9 15 9 19 10 14 10 16 10 20
D11_2856 22 44 0 1 0 10 0 15 0 17 1 2 1 16 1 18 2 3 2 17 2 19 3 4 3 18 3 20 4 5 4 19 4 21 5 6 5 11 5 20 6 7 6 12 6 21 7 8 7 11 7 13 8 9 8 12 8 14 9 10 9 13 9 15 10 14 10 16 11 12 11 21 12 13 13 14 14 15 15 16 16 17 17 18 18 19 19 20 20 21
D11_2857 22 44 0 3 0 8 0 15 0 17 1 4 1 9 1 16 1 18 2 5 2 10 2 17 2 19 3 6 3 18 3 20 4 7 4 19 4 21 5 8 5 11 5 20 6 9 6 12 6 21 7 10 7 11 7 13 8 12 8 14 9 13 9 15 10 14 10 16 11 14 11 19 12 15 12 20 13 16 13 21 14 17 15 18 16 19 17 20 18 21
D11_2858 22 44 0 4 0 7 0 15 0 17 1 5 1 8 1 16 1 18 2 6 2 9 2 17 2 19 3 7 3 10 3 18 3 20 4 8 4 19 4 21 5 9 5 11 5 20 6 10 6 12 6 21 7 11 7 13 8 12 8 14 9 13 9 15 10 14 10 16 11 15 11 18 12 16 12 19 13 17 13 20 14 18 14 21 15 19 16 20 17 21
D11_2859 22 44 0 5 0 6 0 15 0 17 1 6 1 7 1 16 1 18 2 7 2 8 2 17 2 19 3 8 3 9 3 18 3 20 4 9 4 10 4 19 4 21 5 10 5 11 5 20 6 12 6 21 7 11 7 13 8 12 8 14 9 13 9 15 10 14 10 16 11 16 11 17 12 17 12 18 13 18 13 19 14 19 14 20 15 20 15 21 16 21
D11_2864 22 33 0 15 0 18 0 19 1 16 1 19 1 20 2 17 2 20 2 21 3 11 3 18 3 21 4 11 4 12 4 19 5 12 5 13 5 20 6 13 6 14 6 21 7 11 7 14 7 15 8 12 8 15 8 16 9 13 9 16 9 17 10 14 10 17 10 18
D11_2865 22 33 0 15 0 18 0 20 1 16 1 19 1 21 2 11 2 17 2 20 3 12 3 18 3 21 4 11 4 13 4 19 5 12 5 14 5 20 6 13 6 15 6 21 7 11 7 14 7 16 8 12 8 15 8 17 9 13 9 16 9 18 10 14 10 17 10 19
D11_2866 22 33 0 15 0 18 0 21 1 11 1 16 1 19 2 12 2 17 2 20 3 13 3 18 3 21 4 11 4 14 4 19 5 12 5 15 5 20 6 13 6 16 6 21 7 11 7 14 7 17 8 12 8 15 8 18 9 13 9 16 9 19 10 14 10 17 10 20
D11_2867 22 44 0 1 0 10 0 15 0 18 1 2 1 16 1 19 2 3 2 17 2 20 3 4 3 18 3 21 4 5 4 11 4 19 5 6 5 12 5 20 6 7 6 13 6 21 7 8 7 11 7 14 8 9 8 12 8 15 9 10 9 13 9 16 10 14 10 17 11 12 11 21 12 13 13 14 14 15 15 16 16 17 17 18 18 19 19 20 20 21
D11_2868 22 44 0 2 0 9 0 15 0 18 1 3 1 10 1 16 1 19 2 4 2 17 2 20 3 5 3 18 3 21 4 6 4 11 4 19 5 7 5 12 5 20 6 8 6 13 6 21 7 9 7 11 7 14 8 10 8 12 8 15 9 13 9 16 10 14 10 17 11 13 11 20 12 14 12 21 13 15 14 16 15 17 16 18 17 19 18 20 19 21
D11_2870 22 44 0 5 0 6 0 15 0 18 1 6 1 7 1 16 1 19 2 7 2 8 2 17 2 20 3 8 3 9 3 18 3 21 4 9 4 10 4 11 4 19 5 10 5 12 5 20 6 13 6 21 7 11 7 14 8 12 8 15 9 13 9 16 10 14 10 17 11 16 11 17 12 17 12 18 13 18 13 19 14 19 14 20 15 20 15 21 16 21
D11_2875 22 33 0 15 0 19 0 20 1 16 1 20 1 21 2 11 2 17 2 21 3 11 3 12 3 18 4 12 4 13 4 19 5 13 5 14 5 20 6 14 6 15 6 21 7 11 7 15 7 16 8 12 8 16 8 17 9 13 9 17 9 18 10 14 10 18 10 19
D11_2876 22 33 0 15 0 19 0 21 1 11 1 16 1 20 2 12 2 17 2 21 3 11 3 13 3 18 4 12 4 14 4 19 5 13 5 15 5 20 6 14 6 16 6 21 7 11 7 15 7 17 8 12 8 16 8 18 9 13 9 17 9 19 10 14 10 18 10 20
D11_2877 22 44 0 1 0 10 0 15 0 19 1 2 1 16 1 20 2 3 2 17 2 21 3 4 3 11 3 18 4 5 4 12 4 19 5 6 5 13 5 20 6 7 6 14 6 21 7 8 7 11 7 15 8 9 8 12 8 16 9 10 9 13 9 17 10 14 10 18 11 12 11 21 12 13 13 14 14 15 15 16 16 17 17 18 18 19 19 20 20 21
D11_2878 22 44 0 2 0 9 0 15 0 19 1 3 1 10 1 16 1 20 2 4 2 17 2 21 3 5 3 11 3 18 4 6 4 12 4 19 5 7 5 13 5 20 6 8 6 14 6 21 7 9 7 11 7 15 8 10 8 12 8 16 9 13 9 17 10 14 10 18 11 13 11 20 12 14 12 21 13 15 14 16 15 17 16 18 17 19 18 20 19 21
D11_2879 22 44 0 3 0 8 0 15 0 19 1 4 1 9 1 16 1 20 2 5 2 10 2 17 2 21 3 6 3 11 3 18 4 7 4 12 4 19 5 8 5 13 5 20 6 9 6 14 6 21 7 10 7 11 7 15 8 12 8 16 9 13 9 17 10 14 10 18 11 14 11 19 12 15 12 20 13 16 13 21 14 17 15 18 16 19 17 20 18 21
D11_2880 22 44 0 5 0 6 0 15 0 19 1 6 1 7 1 16 1 20 2 7 2 8 2 17 2 21 3 8 3 9 3 11 3 18 4 9 4 10 4 12 4 19 5 10 5 13 5 20 6 14 6 21 7 11 7 15 8 12 8 16 9 13 9 17 10 14 10 18 11 16 11 17 12 17 12 18 13 18 13 19 14 19 14 20 15 20 15 21 16 21
D11_2885 22 33 0 15 0 20 0 21 1 11 1 16 1 21 2 11 2 12 2 17 3 12 3 13 3 18 4 13 4 14 4 19 5 14 5 15 5 20 6 15 6 16 6 21 7 11 7 16 7 17 8 12 8 17 8 18 9 13 9 18 9 19 10 14 10 19 10 20
D11_2886 22 44 0 1 0 10 0 15 0 20 1 2 1 16 1 21 2 3 2 11 2 17 3 4 3 12 3 18 4 5 4 13 4 19 5 6 5 14 5 20 6 7 6 15 6 21 7 8 7 11 7 16 8 9 8 12 8 17 9 10 9 13 9 18 10 14 10 19 11 12 11 21 12 13 13 14 14 15 15 16 16 17 17 18 18 19 19 20 20 21
D11_2887 22 44 0 2 0 9 0 15 0 20 1 3 1 10 1 16 1 21 2 4 2 11 2 17 3 5 3 12 3 18 4 6 4 13 4 19 5 7 5 14 5 20 6 8 6 15 6 21 7 9 7 11 7 16 8 10 8 12 8 17 9 13 9 18 10 14 10 19 11 13 11 20 12 14 12 21 13 15 14 16 15 17 16 18 17 19 18 20 19 21
D11_2888 22 44 0 3 0 8 0 15 0 20 1 4 1 9 1 16 1 21 2 5 2 10 2 11 2 17 3 6 3 12 3 18 4 7 4 13 4 19 5 8 5 14 5 20 6 9 6 15 6 21 7 10 7 11 7 16 8 12 8 17 9 13 9 18 10 14 10 19 11 14 11 19 12 15 12 20 13 16 13 21 14 17 15 18 16 19 17 20 18 21
D11_2889 22 44 0 4 0 7 0 15 0 20 1 5 1 8 1 16 1 21 2 6 2 9 2 11 2 17 3 7 3 10 3 12 3 18 4 8 4 13 4 19 5 9 5 14 5 20 6 10 6 15 6 21 7 11 7 16 8 12 8 17 9 13 9 18 10 14 10 19 11 15 11 18 12 16 12 19 13 17 13 20 14 18 14 21 15 19 16 20 17 21
D11_2894 22 44 0 1 0 10 0 15 0 21 1 2 1 11 1 16 2 3 2 12 2 17 3 4 3 13 3 18 4 5 4 14 4 19 5 6 5 15 5 20 6 7 6 16 6 21 7 8 7 11 7 17 8 9 8 12 8 18 9 10 9 13 9 19 10 14 10 20 11 12 11 21 12 13 13 14 14 15 15 16 16 17 17 18 18 19 19 20 20 21
D11_2895 22 44 0 2 0 9 0 15 0 21 1 3 1 10 1 11 1 16 2 4 2 12 2 17 3 5 3 13 3 18 4 6 4 14 4 19 5 7 5 15 5 20 6 8 6 16 6 21 7 9 7 11 7 17 8 10 8 12 8 18 9 13 9 19 10 14 10 20 11 13 11 20 12 14 12 21 13 15 14 16 15 17 16 18 17 19 18 20 19 21
D11_2896 22 44 0 3 0 8 0 15 0 21 1 4 1 9 1 11 1 16 2 5 2 10 2 12 2 17 3 6 3 13 3 18 4 7 4 14 4 19 5 8 5 15 5 20 6 9 6 16 6 21 7 10 7 11 7 17 8 12 8 18 9 13 9 19 10 14 10 20 11 14 11 19 12 15 12 20 13 16 13 21 14 17 15 18 16 19 17 20 18 21
D11_2897 22 44 0 4 0 7 0 15 0 21 1 5 1 8 1 11 1 16 2 6 2 9 2 12 2 17 3 7 3 10 3 13 3 18 4 8 4 14 4 19 5 9 5 15 5 20 6 10 6 16 6 21 7 11 7 17 8 12 8 18 9 13 9 19 10 14 10 20 11 15 11 18 12 16 12 19 13 17 13 20 14 18 14 21 15 19 16 20 17 21
D11_2902 22 55 0 1 0 3 0 8 0 10 0 15 1 2 1 4 1 9 1 16 2 3 2 5 2 10 2 17 3 4 3 6 3 18 4 5 4 7 4 19 5 6 5 8 5 20 6 7 6 9 6 21 7 8 7 10 7 11 8 9 8 12 9 10 9 13 10 14 11 12 11 14 11 19 11 21 12 13 12 15 12 20 13 14 13 16 13 21 14 15 14 17 15 16 15 18 16 17 16 19 17 18 17 20 18 19 18 21 19 20 20 21
D11_2903 22 55 0 1 0 4 0 7 0 10 0 15 1 2 1 5 1 8 1 16 2 3 2 6 2 9 2 17 3 4 3 7 3 10 3 18 4 5 4 8 4 19 5 6 5 9 5 20 6 7 6 10 6 21 7 8 7 11 8 9 8 12 9 10 9 13 10 14 11 12 11 15 11 18 11 21 12 13 12 16 12 19 13 14 13 17 13 20 14 15 14 18 14 21 15 16 15 19 16 17 16 20 17 18 17 21 18 19 19 20 20 21
D11_2907 22 55 0 2 0 3 0 8 0 9 0 15 1 3 1 4 1 9 1 10 1 16 2 4 2 5 2 10 2 17 3 5 3 6 3 18 4 6 4 7 4 19 5 7 5 8 5 20 6 8 6 9 6 21 7 9 7 10 7 11 8 10 8 12 9 13 10 14 11 13 11 14 11 19 11 20 12 14 12 15 12 20 12 21 13 15 13 16 13 21 14 16 14 17 15 17 15 18 16 18 16 19 17 19 17 20 18 20 18 21 19 21
D11_2908 22 55 0 2 0 5 0 6 0 9 0 15 1 3 1 6 1 7 1 10 1 16 2 4 2 7 2 8 2 17 3 5 3 8 3 9 3 18 4 6 4 9 4 10 4 19 5 7 5 10 5 20 6 8 6 21 7 9 7 11 8 10 8 12 9 13 10 14 11 13 11 16 11 17 11 20 12 14 12 17 12 18 12 21 13 15 13 18 13 19 14 16 14 19 14 20 15 17 15 20 15 21 16 18 16 21 17 19 18 20 19 21
D11_2915 22 55 0 4 0 5 0 6 0 7 0 15 1 5 1 6 1 7 1 8 1 16 2 6 2 7 2 8 2 9 2 17 3 7 3 8 3 9 3 10 3 18 4 8 4 9 4 10 4 19 5 9 5 10 5 20 6 10 6 21 7 11 8 12 9 13 10 14 11 15 11 16 11 17 11 18 12 16 12 17 12 18 12 19 13 17 13 18 13 19 13 20 14 18 14 19 14 20 14 21 15 19 15 20 15 21 16 20 16 21 17 21
D11_2927 22 33 0 16 0 17 0 18 1 17 1 18 1 19 2 18 2 19 2 20 3 19 3 20 3 21 4 11 4 20 4 21 5 11 5 12 5 21 6 11 6 12 6 13 7 12 7 13 7 14 8 13 8 14 8 15 9 14 9 15 9 16 10 15 10 16 10 17
D11_2928 22 33 0 16 0 17 0 19 1 17 1 18 1 20 2 18 2 19 2 21 3 11 3 19 3 20 4 12 4 20 4 21 5 11 5 13 5 21 6 11 6 12 6 14 7 12 7 13 7 15 8 13 8 14 8 16 9 14 9 15 9 17 10 15 10 16 10 18
D11_2929 22 33 0 16 0 17 0 20 1 17 1 18 1 21 2 11 2 18 2 19 3 12 3 19 3 20 4 13 4 20 4 21 5 11 5 14 5 21 6 11 6 12 6 15 7 12 7 13 7 16 8 13 8 14 8 17 9 14 9 15 9 18 10 15 10 16 10 19
D11_2930 22 33 0 16 0 17 0 21 1 11 1 17 1 18 2 12 2 18 2 19 3 13 3 19 3 20 4 14 4 20 4 21 5 11 5 15 5 21 6 11 6 12 6 16 7 12 7 13 7 17 8 13 8 14 8 18 9 14 9 15 9 19 10 15 10 16 10 20
D11_2931 22 44 0 2 0 9 0 16 0 17 1 3 1 10 1 17 1 18 2 4 2 18 2 19 3 5 3 19 3 20 4 6 4 20 4 21 5 7 5 11 5 21 6 8 6 11 6 12 7 9 7 12 7 13 8 10 8 13 8 14 9 14 9 15 10 15 10 16 11 13 11 20 12 14 12 21 13 15 14 16 15 17 16 18 17 19 18 20 19 21
D11_2932 22 44 0 3 0 8 0 16 0 17 1 4 1 9 1 17 1 18 2 5 2 10 2 18 2 19 3 6 3 19 3 20 4 7 4 20 4 21 5 8 5 11 5 21 6 9 6 11 6 12 7 10 7 12 7 13 8 13 8 14 9 14 9 15 10 15 10 16 11 14 11 19 12 15 12 20 13 16 13 21 14 17 15 18 16 19 17 20 18 21
D11_2933 22 44 0 4 0 7 0 16 0 17 1 5 1 8 1 17 1 18 2 6 2 9 2 18 2 19 3 7 3 10 3 19 3 20 4 8 4 20 4 21 5 9 5 11 5 21 6 10 6 11 6 12 7 12 7 13 8 13 8 14 9 14 9 15 10 15 10 16 11 15 11 18 12 16 12 19 13 17 13 20 14 18 14 21 15 19 16 20 17 21
D11_2939 22 33 0 16 0 18 0 19 1 17 1 19 1 20 2 18 2 20 2 21 3 11 3 19 3 21 4 11 4 12 4 20 5 12 5 13 5 21 6 11 6 13 6 14 7 12 7 14 7 15 8 13 8 15 8 16 9 14 9 16 9 17 10 15 10 17 10 18
D11_2940 22 33 0 16 0 18 0 20 1 17 1 19 1 21 2 11 2 18 2 20 3 12 3 19 3 21 4 11 4 13 4 20 5 12 5 14 5 21 6 11 6 13 6 15 7 12 7 14 7 16 8 13 8 15 8 17 9 14 9 16 9 18 10 15 10 17 10 19
D11_2941 22 33 0 16 0 18 0 21 1 11 1 17 1 19 2 12 2 18 2 20 3 13 3 19 3 21 4 11 4 14 4 20 5 12 5 15 5 21 6 11 6 13 6 16 7 12 7 14 7 17 8 13 8 15 8 18 9 14 9 16 9 19 10 15 10 17 10 20
D11_2942 22 44 0 1 0 10 0 16 0 18 1 2 1 17 1 19 2 3 2 18 2 20 3 4 3 19 3 21 4 5 4 11 4 20 5 6 5 12 5 21 6 7 6 11 6 13 7 8 7 12 7 14 8 9 8 13 8 15 9 10 9 14 9 16 10 15 10 17 11 12 11 21 12 13 13 14 14 15 15 16 16 17 17 18 18 19 19 20 20 21
D11_2943 22 44 0 3 0 8 0 16 0 18 1 4 1 9 1 17 1 19 2 5 2 10 2 18 2 20 3 6 3 19 3 21 4 7 4 11 4 20 5 8 5 12 5 21 6 9 6 11 6 13 7 10 7 12 7 14 8 13 8 15 9 14 9 16 10 15 10 17 11 14 11 19 12 15 12 20 13 16 13 21 14 17 15 18 16 19 17 20 18 21
D11_2944 22 44 0 4 0 7 0 16 0 18 1 5 1 8 1 17 1 19 2 6 2 9 2 18 2 20 3 7 3 10 3 19 3 21 4 8 4 11 4 20 5 9 5 12 5 21 6 10 6 11 6 13 7 12 7 14 8 13 8 15 9 14 9 16 10 15 10 17 11 15 11 18 12 16 12 19 13 17 13 20 14 18 14 21 15 19 16 20 17 21
D11_2945 22 44 0 5 0 6 0 16 0 18 1 6 1 7 1 17 1 19 2 7 2 8 2 18 2 20 3 8 3 9 3 19 3 21 4 9 4 10 4 11 4 20 5 10 5 12 5 21 6 11 6 13 7 12 7 14 8 13 8 15 9 14 9 16 10 15 10 17 11 16 11 17 12 17 12 18 13 18 13 19 14 19 14 20 15 20 15 21 16 21
D11_2950 22 33 0 16 0 19 0 20 1 17 1 20 1 21 2 11 2 18 2 21 3 11 3 12 3 19 4 12 4 13 4 20 5 13 5 14 5 21 6 11 6 14 6 15 7 12 7 15 7 16 8 13 8 16 8 17 9 14 9 17 9 18 10 15 10 18 10 19
D11_2951 22 33 0 16 0 19 0 21 1 11 1 17 1 20 2 12 2 18 2 21 3 11 3 13 3 19 4 12 4 14 4 20 5 13 5 15 5 21 6 11 6 14 6 16 7 12 7 15 7 17 8 13 8 16 8 18 9 14 9 17 9 19 10 15 10 18 10 20
D11_2952 22 44 0 1 0 10 0 16 0 19 1 2 1 17 1 20 2 3 2 18 2 21 3 4 3 11 3 19 4 5 4 12 4 20 5 6 5 13 5 21 6 7 6 11 6 14 7 8 7 12 7 15 8 9 8 13 8 16 9 10 9 14 9 17 10 15 10 18 11 12 11 21 12 13 13 14 14 15 15 16 16 17 17 18 18 19 19 20 20 21
D11_2953 22 44 0 2 0 9 0 16 0 19 1 3 1 10 1 17 1 20 2 4 2 18 2 21 3 5 3 11 3 19 4 6 4 12 4 20 5 7 5 13 5 21 6 8 6 11 6 14 7 9 7 12 7 15 8 10 8 13 8 16 9 14 9 17 10 15 10 18 11 13 11 20 12 14 12 21 13 15 14 16 15 17 16 18 17 19 18 20 19 21
D11_2954 22 44 0 4 0 7 0 16 0 19 1 5 1 8 1 17 1 20 2 6 2 9 2 18 2 21 3 7 3 10 3 11 3 19 4 8 4 12 4 20 5 9 5 13 5 21 6 10 6 11 6 14 7 12 7 15 8 13 8 16 9 14 9 17 10 15 10 18 11 15 11 18 12 16 12 19 13 17 13 20 14 18 14 21 15 19 16 20 17 21
D11_2955 22 44 0 5 0 6 0 16 0 19 1 6 1 7 1 17 1 20 2 7 2 8 2 18 2 21 3 8 3 9 3 11 3 19 4 9 4 10 4 12 4 20 5 10 5 13 5 21 6 11 6 14 7 12 7 15 8 13 8 16 9 14 9 17 10 15 10 18 11 16 11 17 12 17 12 18 13 18 13 19 14 19 14 20 15 20 15 21 16 21
D11_2960 22 33 0 16 0 20 0 21 1 11 1 17 1 21 2 11 2 12 2 18 3 12 3 13 3 19 4 13 4 14 4 20 5 14 5 15 5 21 6 11 6 15 6 16 7 12 7 16 7 17 8 13 8 17 8 18 9 14 9 18 9 19 10 15 10 19 10 20
D11_2961 22 44 0 1 0 10 0 16 0 20 1 2 1 17 1 21 2 3 2 11 2 18 3 4 3 12 3 19 4 5 4 13 4 20 5 6 5 14 5 21 6 7 6 11 6 15 7 8 7 12 7 16 8 9 8 13 8 17 9 10 9 14 9 18 10 15 10 19 11 12 11 21 12 13 13 14 14 15 15 16 16 17 17 18 18 19 19 20 20 21
D11_2962 22 44 0 2 0 9 0 16 0 20 1 3 1 10 1 17 1 21 2 4 2 11 2 18 3 5 3 12 3 19 4 6 4 13 4 20 5 7 5 14 5 21 6 8 6 11 6 15 7 9 7 12 7 16 8 10 8 13 8 17 9 14 9 18 10 15 10 19 11 13 11 20 12 14 12 21 13 15 14 16 15 17 16 18 17 19 18 20 19 21
D11_2963 22 44 0 3 0 8 0 16 0 20 1 4 1 9 1 17 1 21 2 5 2 10 2 11 2 18 3 6 3 12 3 19 4 7 4 13 4 20 5 8 5 14 5 21 6 9 6 11 6 15 7 10 7 12 7 16 8 13 8 17 9 14 9 18 10 15 10 19 11 14 11 19 12 15 12 20 13 16 13 21 14 17 15 18 16 19 17 20 18 21
D11_2964 22 44 0 5 0 6 0 16 0 20 1 6 1 7 1 17 1 21 2 7 2 8 2 11 2 18 3 8 3 9 3 12 3 19 4 9 4 10 4 13 4 20 5 10 5 14 5 21 6 11 6 15 7 12 7 16 8 13 8 17 9 14 9 18 10 15 10 19 11 16 11 17 12 17 12 18 13 18 13 19 14 19 14 20 15 20 15 21 16 21
D11_2969 22 44 0 1 0 10 0 16 0 21 1 2 1 11 1 17 2 3 2 12 2 18 3 4 3 13 3 19 4 5 4 14 4 20 5 6 5 15 5 21 6 7 6 11 6 16 7 8 7 12 7 17 8 9 8 13 8 18 9 10 9 14 9 19 10 15 10 20 11 12 11 21 12 13 13 14 14 15 15 16 16 17 17 18 18 19 19 20 20 21
D11_2970 22 44 0 2 0 9 0 16 0 21 1 3 1 10 1 11 1 17 2 4 2 12 2 18 3 5 3 13 3 19 4 6 4 14 4 20 5 7 5 15 5 21 6 8 6 11 6 16 7 9 7 12 7 17 8 10 8 13 8 18 9 14 9 19 10 15 10 20 11 13 11 20 12 14 12 21 13 15 14 16 15 17 16 18 17 19 18 20 19 21
D11_2971 22 44 0 3 0 8 0 16 0 21 1 4 1 9 1 11 1 17 2 5 2 10 2 12 2 18 3 6 3 13 3 19 4 7 4 14 4 20 5 8 5 15 5 21 6 9 6 11 6 16 7 10 7 12 7 17 8 13 8 18 9 14 9 19 10 15 10 20 11 14 11 19 12 15 12 20 13 16 13 21 14 17 15 18 16 19 17 20 18 21
D11_2972 22 44 0 4 0 7 0 16 0 21 1 5 1 8 1 11 1 17 2 6 2 9 2 12 2 18 3 7 3 10 3 13 3 19 4 8 4 14 4 20 5 9 5 15 5 21 6 10 6 11 6 16 7 12 7 17 8 13 8 18 9 14 9 19 10 15 10 20 11 15 11 18 12 16 12 19 13 17 13 20 14 18 14 21 15 19 16 20 17 21
D11_2977 22 55 0 1 0 3 0 8 0 10 0 16 1 2 1 4 1 9 1 17 2 3 2 5 2 10 2 18 3 4 3 6 3 19 4 5 4 7 4 20 5 6 5 8 5 21 6 7 6 9 6 11 7 8 7 10 7 12 8 9 8 13 9 10 9 14 10 15 11 12 11 14 11 19 11 21 12 13 12 15 12 20 13 14 13 16 13 21 14 15 14 17 15 16 15 18 16 17 16 19 17 18 17 20 18 19 18 21 19 20 20 21
D11_2978 22 55 0 1 0 4 0 7 0 10 0 16 1 2 1 5 1 8 1 17 2 3 2 6 2 9 2 18 3 4 3 7 3 10 3 19 4 5 4 8 4 20 5 6 5 9 5 21 6 7 6 10 6 11 7 8 7 12 8 9 8 13 9 10 9 14 10 15 11 12 11 15 11 18 11 21 12 13 12 16 12 19 13 14 13 17 13 20 14 15 14 18 14 21 15 16 15 19 16 17 16 20 17 18 17 21 18 19 19 20 20 21
D11_2982 22 55 0 2 0 3 0 8 0 9 0 16 1 3 1 4 1 9 1 10 1 17 2 4 2 5 2 10 2 18 3 5 3 6 3 19 4 6 4 7 4 20 5 7 5 8 5 21 6 8 6 9 6 11 7 9 7 10 7 12 8 10 8 13 9 14 10 15 11 13 11 14 11 19 11 20 12 14 12 15 12 20 12 21 13 15 13 16 13 21 14 16 14 17 15 17 15 18 16 18 16 19 17 19 17 20 18 20 18 21 19 21
D11_2983 22 55 0 2 0 5 0 6 0 9 0 16 1 3 1 6 1 7 1 10 1 17 2 4 2 7 2 8 2 18 3 5 3 8 3 9 3 19 4 6 4 9 4 10 4 20 5 7 5 10 5 21 6 8 6 11 7 9 7 12 8 10 8 13 9 14 10 15 11 13 11 16 11 17 11 20 12 14 12 17 12 18 12 21 13 15 13 18 13 19 14 16 14 19 14 20 15 17 15 20 15 21 16 18 16 21 17 19 18 20 19 21
D11_2990 22 55 0 4 0 5 0 6 0 7 0 16 1 5 1 6 1 7 1 8 1 17 2 6 2 7 2 8 2 9 2 18 3 7 3 8 3 9 3 10 3 19 4 8 4 9 4 10 4 20 5 9 5 10 5 21 6 10 6 11 7 12 8 13 9 14 10 15 11 15 11 16 11 17 11 18 12 16 12 17 12 18 12 19 13 17 13 18 13 19 13 20 14 18 14 19 14 20 14 21 15 19 15 20 15 21 16 20 16 21 17 21
D11_3002 22 33 0 17 0 18 0 19 1 18 1 19 1 20 2 19 2 20 2 21 3 11 3 20 3 21 4 11 4 12 4 21 5 11 5 12 5 13 6 12 6 13 6 14 7 13 7 14 7 15 8 14 8 15 8 16 9 15 9 16 9 17 10 16 10 17 10 18
D11_3003 22 33 0 17 0 18 0 20 1 18 1 19 1 21 2 11 2 19 2 20 3 12 3 20 3 21 4 11 4 13 4 21 5 11 5 12 5 14 6 12 6 13 6 15 7 13 7 14 7 16 8 14 8 15 8 17 9 15 9 16 9 18 10 16 10 17 10 19
D11_3004 22 33 0 17 0 18 0 21 1 11 1 18 1 19 2 12 2 19 2 20 3 13 3 20 3 21 4 11 4 14 4 21 5 11 5 12 5 15 6 12 6 13 6 16 7 13 7 14 7 17 8 14 8 15 8 18 9 15 9 16 9 19 10 16 10 17 10 20
D11_3005 22 44 0 2 0 9 0 17 0 18 1 3 1 10 1 18 1 19 2 4 2 19 2 20 3 5 3 20 3 21 4 6 4 11 4 21 5 7 5 11 5 12 6 8 6 12 6 13 7 9 7 13 7 14 8 10 8 14 8 15 9 15 9 16 10 16 10 17 11 13 11 20 12 14 12 21 13 15 14 16 15 17 16 18 17 19 18 20 19 21
D11_3006 22 44 0 3 0 8 0 17 0 18 1 4 1 9 1 18 1 19 2 5 2 10 2 19 2 20 3 6 3 20 3 21 4 7 4 11 4 21 5 8 5 11 5 12 6 9 6 12 6 13 7 10 7 13 7 14 8 14 8 15 9 15 9 16 10 16 10 17 11 14 11 19 12 15 12 20 13 16 13 21 14 17 15 18 16 19 17 20 18 21
D11_3007 22 44 0 4 0 7 0 17 0 18 1 5 1 8 1 18 1 19 2 6 2 9 2 19 2 20 3 7 3 10 3 20 3 21 4 8 4 11 4 21 5 9 5 11 5 12 6 10 6 12 6 13 7 13 7 14 8 14 8 15 9 15 9 16 10 16 10 17 11 15 11 18 12 16 12 19 13 17 13 20 14 18 14 21 15 19 16 20 17 21
D11_3008 22 44 0 5 0 6 0 17 0 18 1 6 1 7 1 18 1 19 2 7 2 8 2 19 2 20 3 8 3 9 3 20 3 21 4 9 4 10 4 11 4 21 5 10 5 11 5 12 6 12 6 13 7 13 7 14 8 14 8 15 9 15 9 16 10 16 10 17 11 16 11 17 12 17 12 18 13 18 13 19 14 19 14 20 15 20 15 21 16 21
D11_3013 22 33 0 17 0 19 0 20 1 18 1 20 1 21 2 11 2 19 2 21 3 11 3 12 3 20 4 12 4 13 4 21 5 11 5 13 5 14 6 12 6 14 6 15 7 13 7 15 7 16 8 14 8 16 8 17 9 15 9 17 9 18 10 16 10 18 10 19
D11_3014 22 33 0 17 0 19 0 21 1 11 1 18 1 20 2 12 2 19 2 21 3 11 3 13 3 20 4 12 4 14 4 21 5 11 5 13 5 15 6 12 6 14 6 16 7 13 7 15 7 17 8 14 8 16 8 18 9 15 9 17 9 19 10 16 10 18 10 20
D11_3015 22 44 0 1 0 10 0 17 0 19 1 2 1 18 1 20 2 3 2 19 2 21 3 4 3 11 3 20 4 5 4 12 4 21 5 6 5 11 5 13 6 7 6 12 6 14 7 8 7 13 7 15 8 9 8 14 8 16 9 10 9 15 9 17 10 16 10 18 11 12 11 21 12 13 13 14 14 15 15 16 16 17 17 18 18 19 19 20 20 21
D11_3016 22 44 0 3 0 8 0 17 0 19 1 4 1 9 1 18 1 20 2 5 2 10 2 19 2 21 3 6 3 11 3 20 4 7 4 12 4 21 5 8 5 11 5 13 6 9 6 12 6 14 7 10 7 13 7 15 8 14 8 16 9 15 9 17 10 16 10 18 11 14 11 19 12 15 12 20 13 16 13 21 14 17 15 18 16 19 17 20 18 21
D11_3017 22 44 0 4 0 7 0 17 0 19 1 5 1 8 1 18 1 20 2 6 2 9 2 19 2 21 3 7 3 10 3 11 3 20 4 8 4 12 4 21 5 9 5 11 5 13 6 10 6 12 6 14 7 13 7 15 8 14 8 16 9 15 9 17 10 16 10 18 11 15 11 18 12 16 12 19 13 17 13 20 14 18 14 21 15 19 16 20 17 21
D11_3018 22 44 0 5 0 6 0 17 0 19 1 6 1 7 1 18 1 20 2 7 2 8 2 19 2 21 3 8 3 9 3 11 3 20 4 9 4 10 4 12 4 21 5 10 5 11 5 13 6 12 6 14 7 13 7 15 8 14 8 16 9 15 9 17 10 16 10 18 11 16 11 17 12 17 12 18 13 18 13 19 14 19 14 20 15 20 15 21 16 21
D11_3023 22 33 0 17 0 20 0 21 1 11 1 18 1 21 2 11 2 12 2 19 3 12 3 13 3 20 4 13 4 14 4 21 5 11 5 14 5 15 6 12 6 15 6 16 7 13 7 16 7 17 8 14 8 17 8 18 9 15 9 18 9 19 10 16 10 19 10 20
D11_3024 22 44 0 1 0 10 0 17 0 20 1 2 1 18 1 21 2 3 2 11 2 19 3 4 3 12 3 20 4 5 4 13 4 21 5 6 5 11 5 14 6 7 6 12 6 15 7 8 7 13 7 16 8 9 8 14 8 17 9 10 9 15 9 18 10 16 10 19 11 12 11 21 12 13 13 14 14 15 15 16 16 17 17 18 18 19 19 20 20 21
D11_3025 22 44 0 2 0 9 0 17 0 20 1 3 1 10 1 18 1 21 2 4 2 11 2 19 3 5 3 12 3 20 4 6 4 13 4 21 5 7 5 11 5 14 6 8 6 12 6 15 7 9 7 13 7 16 8 10 8 14 8 17 9 15 9 18 10 16 10 19 11 13 11 20 12 14 12 21 13 15 14 16 15 17 16 18 17 19 18 20 19 21
D11_3026 22 44 0 4 0 7 0 17 0 20 1 5 1 8 1 18 1 21 2 6 2 9 2 11 2 19 3 7 3 10 3 12 3 20 4 8 4 13 4 21 5 9 5 11 5 14 6 10 6 12 6 15 7 13 7 16 8 14 8 17 9 15 9 18 10 16 10 19 11 15 11 18 12 16 12 19 13 17 13 20 14 18 14 21 15 19 16 20 17 21
D11_3027 22 44 0 5 0 6 0 17 0 20 1 6 1 7 1 18 1 21 2 7 2 8 2 11 2 19 3 8 3 9 3 12 3 20 4 9 4 10 4 13 4 21 5 10 5 11 5 14 6 12 6 15 7 13 7 16 8 14 8 17 9 15 9 18 10 16 10 19 11 16 11 17 12 17 12 18 13 18 13 19 14 19 14 20 15 20 15 21 16 21
D11_3032 22 44 0 1 0 10 0 17 0 21 1 2 1 11 1 18 2 3 2 12 2 19 3 4 3 13 3 20 4 5 4 14 4 21 5 6 5 11 5 15 6 7 6 12 6 16 7 8 7 13 7 17 8 9 8 14 8 18 9 10 9 15 9 19 10 16 10 20 11 12 11 21 12 13 13 14 14 15 15 16 16 17 17 18 18 19 19 20 20 21
D11_3033 22 44 0 2 0 9 0 17 0 21 1 3 1 10 1 11 1 18 2 4 2 12 2 19 3 5 3 13 3 20 4 6 4 14 4 21 5 7 5 11 5 15 6 8 6 12 6 16 7 9 7 13 7 17 8 10 8 14 8 18 9 15 9 19 10 16 10 20 11 13 11 20 12 14 12 21 13 15 14 16 15 17 16 18 17 19 18 20 19 21
D11_3034 22 44 0 3 0 8 0 17 0 21 1 4 1 9 1 11 1 18 2 5 2 10 2 12 2 19 3 6 3 13 3 20 4 7 4 14 4 21 5 8 5 11 5 15 6 9 6 12 6 16 7 10 7 13 7 17 8 14 8 18 9 15 9 19 10 16 10 20 11 14 11 19 12 15 12 20 13 16 13 21 14 17 15 18 16 19 17 20 18 21
D11_3035 22 44 0 5 0 6 0 17 0 21 1 6 1 7 1 11 1 18 2 7 2 8 2 12 2 19 3 8 3 9 3 13 3 20 4 9 4 10 4 14 4 21 5 10 5 11 5 15 6 12 6 16 7 13 7 17 8 14 8 18 9 15 9 19 10 16 10 20 11 16 11 17 12 17 12 18 13 18 13 19 14 19 14 20 15 20 15 21 16 21
D11_3040 22 55 0 1 0 3 0 8 0 10 0 17 1 2 1 4 1 9 1 18 2 3 2 5 2 10 2 19 3 4 3 6 3 20 4 5 4 7 4 21 5 6 5 8 5 11 6 7 6 9 6 12 7 8 7 10 7 13 8 9 8 14 9 10 9 15 10 16 11 12 11 14 11 19 11 21 12 13 12 15 12 20 13 14 13 16 13 21 14 15 14 17 15 16 15 18 16 17 16 19 17 18 17 20 18 19 18 21 19 20 20 21
D11_3041 22 55 0 1 0 4 0 7 0 10 0 17 1 2 1 5 1 8 1 18 2 3 2 6 2 9 2 19 3 4 3 7 3 10 3 20 4 5 4 8 4 21 5 6 5 9 5 11 6 7 6 10 6 12 7 8 7 13 8 9 8 14 9 10 9 15 10 16 11 12 11 15 11 18 11 21 12 13 12 16 12 19 13 14 13 17 13 20 14 15 14 18 14 21 15 16 15 19 16 17 16 20 17 18 17 21 18 19 19 20 20 21
D11_3045 22 55 0 2 0 3 0 8 0 9 0 17 1 3 1 4 1 9 1 10 1 18 2 4 2 5 2 10 2 19 3 5 3 6 3 20 4 6 4 7 4 21 5 7 5 8 5 11 6 8 6 9 6 12 7 9 7 10 7 13 8 10 8 14 9 15 10 16 11 13 11 14 11 19 11 20 12 14 12 15 12 20 12 21 13 15 13 16 13 21 14 16 14 17 15 17 15 18 16 18 16 19 17 19 17 20 18 20 18 21 19 21
D11_3046 22 55 0 2 0 5 0 6 0 9 0 17 1 3 1 6 1 7 1 10 1 18 2 4 2 7 2 8 2 19 3 5 3 8 3 9 3 20 4 6 4 9 4 10 4 21 5 7 5 10 5 11 6 8 6 12 7 9 7 13 8 10 8 14 9 15 10 16 11 13 11 16 11 17 11 20 12 14 12 17 12 18 12 21 13 15 13 18 13 19 14 16 14 19 14 20 15 17 15 20 15 21 16 18 16 21 17 19 18 20 19 21
D11_3053 22 55 0 4 0 5 0 6 0 7 0 17 1 5 1 6 1 7 1 8 1 18 2 6 2 7 2 8 2 9 2 19 3 7 3 8 3 9 3 10 3 20 4 8 4 9 4 10 4 21 5 9 5 10 5 11 6 10 6 12 7 13 8 14 9 15 10 16 11 15 11 16 11 17 11 18 12 16 12 17 12 18 12 19 13 17 13 18 13 19 13 20 14 18 14 19 14 20 14 21 15 19 15 20 15 21 16 20 16 21 17 21
D11_3065 22 33 0 18 0 19 0 20 1 19 1 20 1 21 2 11 2 20 2 21 3 11 3 12 3 21 4 11 4 12 4 13 5 12 5 13 5 14 6 13 6 14 6 15 7 14 7 15 7 16 8 15 8 16 8 17 9 16 9 17 9 18 10 17 10 18 10 19
D11_3066 22 33 0 18 0 19 0 21 1 11 1 19 1 20 2 12 2 20 2 21 3 11 3 13 3 21 4 11 4 12 4 14 5 12 5 13 5 15 6 13 6 14 6 16 7 14 7 15 7 17 8 15 8 16 8 18 9 16 9 17 9 19 10 17 10 18 10 20
D11_3067 22 44 0 2 0 9 0 18 0 19 1 3 1 10 1 19 1 20 2 4 2 20 2 21 3 5 3 11 3 21 4 6 4 11 4 12 5 7 5 12 5 13 6 8 6 13 6 14 7 9 7 14 7 15 8 10 8 15 8 16 9 16 9 17 10 17 10 18 11 13 11 20 12 14 12 21 13 15 14 16 15 17 16 18 17 19 18 20 19 21
D11_3068 22 44 0 3 0 8 0 18 0 19 1 4 1 9 1 19 1 20 2 5 2 10 2 20 2 21 3 6 3 11 3 21 4 7 4 11 4 12 5 8 5 12 5 13 6 9 6 13 6 14 7 10 7 14 7 15 8 15 8 16 9 16 9 17 10 17 10 18 11 14 11 19 12 15 12 20 13 16 13 21 14 17 15 18 16 19 17 20 18 21
D11_3069 22 44 0 4 0 7 0 18 0 19 1 5 1 8 1 19 1 20 2 6 2 9 2 20 2 21 3 7 3 10 3 11 3 21 4 8 4 11 4 12 5 9 5 12 5 13 6 10 6 13 6 14 7 14 7 15 8 15 8 16 9 16 9 17 10 17 10 18 11 15 11 18 12 16 12 19 13 17 13 20 14 18 14 21 15 19 16 20 17 21
D11_3070 22 44 0 5 0 6 0 18 0 19 1 6 1 7 1 19 1 20 2 7 2 8 2 20 2 21 3 8 3 9 3 11 3 21 4 9 4 10 4 11 4 12 5 10 5 12 5 13 6 13 6 14 7 14 7 15 8 15 8 16 9 16 9 17 10 17 10 18 11 16 11 17 12 17 12 18 13 18 13 19 14 19 14 20 15 20 15 21 16 21
D11_3075 22 33 0 18 0 20 0 21 1 11 1 19 1 21 2 11 2 12 2 20 3 12 3 13 3 21 4 11 4 13 4 14 5 12 5 14 5 15 6 13 6 15 6 16 7 14 7 16 7 17 8 15 8 17 8 18 9 16 9 18 9 19 10 17 10 19 10 20
D11_3076 22 44 0 1 0 10 0 18 0 20 1 2 1 19 1 21 2 3 2 11 2 20 3 4 3 12 3 21 4 5 4 11 4 13 5 6 5 12 5 14 6 7 6 13 6 15 7 8 7 14 7 16 8 9 8 15 8 17 9 10 9 16 9 18 10 17 10 19 11 12 11 21 12 13 13 14 14 15 15 16 16 17 17 18 18 19 19 20 20 21
D11_3077 22 44 0 3 0 8 0 18 0 20 1 4 1 9 1 19 1 21 2 5 2 10 2 11 2 20 3 6 3 12 3 21 4 7 4 11 4 13 5 8 5 12 5 14 6 9 6 13 6 15 7 10 7 14 7 16 8 15 8 17 9 16 9 18 10 17 10 19 11 14 11 19 12 15 12 20 13 16 13 21 14 17 15 18 16 19 17 20 18 21
D11_3078 22 44 0 4 0 7 0 18 0 20 1 5 1 8 1 19 1 21 2 6 2 9 2 11 2 20 3 7 3 10 3 12 3 21 4 8 4 11 4 13 5 9 5 12 5 14 6 10 6 13 6 15 7 14 7 16 8 15 8 17 9 16 9 18 10 17 10 19 11 15 11 18 12 16 12 19 13 17 13 20 14 18 14 21 15 19 16 20 17 21
D11_3079 22 44 0 5 0 6 0 18 0 20 1 6 1 7 1 19 1 21 2 7 2 8 2 11 2 20 3 8 3 9 3 12 3 21 4 9 4 10 4 11 4 13 5 10 5 12 5 14 6 13 6 15 7 14 7 16 8 15 8 17 9 16 9 18 10 17 10 19 11 16 11 17 12 17 12 18 13 18 13 19 14 19 14 20 15 20 15 21 16 21
D11_3084 22 44 0 1 0 10 0 18 0 21 1 2 1 11 1 19 2 3 2 12 2 20 3 4 3 13 3 21 4 5 4 11 4 14 5 6 5 12 5 15 6 7 6 13 6 16 7 8 7 14 7 17 8 9 8 15 8 18 9 10 9 16 9 19 10 17 10 20 11 12 11 21 12 13 13 14 14 15 15 16 16 17 17 18 18 19 19 20 20 21
D11_3085 22 44 0 2 0 9 0 18 0 21 1 3 1 10 1 11 1 19 2 4 2 12 2 20 3 5 3 13 3 21 4 6 4 11 4 14 5 7 5 12 5 15 6 8 6 13 6 16 7 9 7 14 7 17 8 10 8 15 8 18 9 16 9 19 10 17 10 20 11 13 11 20 12 14 12 21 13 15 14 16 15 17 16 18 17 19 18 20 19 21
D11_3086 22 44 0 4 0 7 0 18 0 21 1 5 1 8 1 11 1 19 2 6 2 9 2 12 2 20 3 7 3 10 3 13 3 21 4 8 4 11 4 14 5 9 5 12 5 15 6 10 6 13 6 16 7 14 7 17 8 15 8 18 9 16 9 19 10 17 10 20 11 15 11 18 12 16 12 19 13 17 13 20 14 18 14 21 15 19 16 20 17 21
D11_3087 22 44 0 5 0 6 0 18 0 21 1 6 1 7 1 11 1 19 2 7 2 8 2 12 2 20 3 8 3 9 3 13 3 21 4 9 4 10 4 11 4 14 5 10 5 12 5 15 6 13 6 16 7 14 7 17 8 15 8 18 9 16 9 19 10 17 10 20 11 16 11 17 12 17 12 18 13 18 13 19 14 19 14 20 15 20 15 21 16 21
D11_3092 22 55 0 1 0 3 0 8 0 10 0 18 1 2 1 4 1 9 1 19 2 3 2 5 2 10 2 20 3 4 3 6 3 21 4 5 4 7 4 11 5 6 5 8 5 12 6 7 6 9 6 13 7 8 7 10 7 14 8 9 8 15 9 10 9 16 10 17 11 12 11 14 11 19 11 21 12 13 12 15 12 20 13 14 13 16 13 21 14 15 14 17 15 16 15 18 16 17 16 19 17 18 17 20 18 19 18 21 19 20 20 21
D11_3093 22 55 0 1 0 4 0 7 0 10 0 18 1 2 1 5 1 8 1 19 2 3 2 6 2 9 2 20 3 4 3 7 3 10 3 21 4 5 4 8 4 11 5 6 5 9 5 12 6 7 6 10 6 13 7 8 7 14 8 9 8 15 9 10 9 16 10 17 11 12 11 15 11 18 11 21 12 13 12 16 12 19 13 14 13 17 13 20 14 15 14 18 14 21 15 16 15 19 16 17 16 20 17 18 17 21 18 19 19 20 20 21
D11_3097 22 55 0 2 0 3 0 8 0 9 0 18 1 3 1 4 1 9 1 10 1 19 2 4 2 5 2 10 2 20 3 5 3 6 3 21 4 6 4 7 4 11 5 7 5 8 5 12 6 8 6 9 6 13 7 9 7 10 7 14 8 10 8 15 9 16 10 17 11 13 11 14 11 19 11 20 12 14 12 15 12 20 12 21 13 15 13 16 13 21 14 16 14 17 15 17 15 18 16 18 16 19 17 19 17 20 18 20 18 21 19 21
D11_3098 22 55 0 2 0 5 0 6 0 9 0 18 1 3 1 6 1 7 1 10 1 19 2 4 2 7 2 8 2 20 3 5 3 8 3 9 3 21 4 6 4 9 4 10 4 11 5 7 5 10 5 12 6 8 6 13 7 9 7 14 8 10 8 15 9 16 10 17 11 13 11 16 11 17 11 20 12 14 12 17 12 18 12 21 13 15 13 18 13 19 14 16 14 19 14 20 15 17 15 20 15 21 16 18 16 21 17 19 18 20 19 21
D11_3105 22 55 0 4 0 5 0 6 0 7 0 18 1 5 1 6 1 7 1 8 1 19 2 6 2 7 2 8 2 9 2 20 3 7 3 8 3 9 3 10 3 21 4 8 4 9 4 10 4 11 5 9 5 10 5 12 6 10 6 13 7 14 8 15 9 16 10 17 11 15 11 16 11 17 11 18 12 16 12 17 12 18 12 19 13 17 13 18 13 19 13 20 14 18 14 19 14 20 14 21 15 19 15 20 15 21 16 20 16 21 17 21
D11_3117 22 33 0 19 0 20 0 21 1 11 1 20 1 21 2 11 2 12 2 21 3 11 3 12 3 13 4 12 4 13 4 14 5 13 5 14 5 15 6 14 6 15 6 16 7 15 7 16 7 17 8 16 8 17 8 18 9 17 9 18 9 19 10 18 10 19 10 20
D11_3118 22 44 0 2 0 9 0 19 0 20 1 3 1 10 1 20 1 21 2 4 2 11 2 21 3 5 3 11 3 12 4 6 4 12 4 13 5 7 5 13 5 14 6 8 6 14 6 15 7 9 7 15 7 16 8 10 8 16 8 17 9 17 9 18 10 18 10 19 11 13 11 20 12 14 12 21 13 15 14 16 15 17 16 18 17 19 18 20 19 21
D11_3119 22 44 0 3 0 8 0 19 0 20 1 4 1 9 1 20 1 21 2 5 2 10 2 11 2 21 3 6 3 11 3 12 4 7 4 12 4 13 5 8 5 13 5 14 6 9 6 14 6 15 7 10 7 15 7 16 8 16 8 17 9 17 9 18 10 18 10 19 11 14 11 19 12 15 12 20 13 16 13 21 14 17 15 18 16 19 17 20 18 21
D11_3120 22 44 0 4 0 7 0 19 0 20 1 5 1 8 1 20 1 21 2 6 2 9 2 11 2 21 3 7 3 10 3 11 3 12 4 8 4 12 4 13 5 9 5 13 5 14 6 10 6 14 6 15 7 15 7 16 8 16 8 17 9 17 9 18 10 18 10 19 11 15 11 18 12 16 12 19 13 17 13 20 14 18 14 21 15 19 16 20 17 21
D11_3121 22 44 0 5 0 6 0 19 0 20 1 6 1 7 1 20 1 21 2 7 2 8 2 11 2 21 3 8 3 9 3 11 3 12 4 9 4 10 4 12 4 13 5 10 5 13 5 14 6 14 6 15 7 15 7 16 8 16 8 17 9 17 9 18 10 18 10 19 11 16 11 17 12 17 12 18 13 18 13 19 14 19 14 20 15 20 15 21 16 21
D11_3126 22 44 0 1 0 10 0 19 0 21 1 2 1 11 1 20 2 3 2 12 2 21 3 4 3 11 3 13 4 5 4 12 4 14 5 6 5 13 5 15 6 7 6 14 6 16 7 8 7 15 7 17 8 9 8 16 8 18 9 10 9 17 9 19 10 18 10 20 11 12 11 21 12 13 13 14 14 15 15 16 16 17 17 18 18 19 19 20 20 21
D11_3127 22 44 0 3 0 8 0 19 0 21 1 4 1 9 1 11 1 20 2 5 2 10 2 12 2 21 3 6 3 11 3 13 4 7 4 12 4 14 5 8 5 13 5 15 6 9 6 14 6 16 7 10 7 15 7 17 8 16 8 18 9 17 9 19 10 18 10 20 11 14 11 19 12 15 12 20 13 16 13 21 14 17 15 18 16 19 17 20 18 21
D11_3128 22 44 0 4 0 7 0 19 0 21 1 5 1 8 1 11 1 20 2 6 2 9 2 12 2 21 3 7 3 10 3 11 3 13 4 8 4 12 4 14 5 9 5 13 5 15 6 10 6 14 6 16 7 15 7 17 8 16 8 18 9 17 9 19 10 18 10 20 11 15 11 18 12 16 12 19 13 17 13 20 14 18 14 21 15 19 16 20 17 21
D11_3129 22 44 0 5 0 6 0 19 0 21 1 6 1 7 1 11 1 20 2 7 2 8 2 12 2 21 3 8 3 9 3 11 3 13 4 9 4 10 4 12 4 14 5 10 5 13 5 15 6 14 6 16 7 15 7 17 8 16 8 18 9 17 9 19 10 18 10 20 11 16 11 17 12 17 12 18 13 18 13 19 14 19 14 20 15 20 15 21 16 21
D11_3134 22 55 0 1 0 3 0 8 0 10 0 19 1 2 1 4 1 9 1 20 2 3 2 5 2 10 2 21 3 4 3 6 3 11 4 5 4 7 4 12 5 6 5 8 5 13 6 7 6 9 6 14 7 8 7 10 7 15 8 9 8 16 9 10 9 17 10 18 11 12 11 14 11 19 11 21 12 13 12 15 12 20 13 14 13 16 13 21 14 15 14 17 15 16 15 18 16 17 16 19 17 18 17 20 18 19 18 21 19 20 20 21
D11_3135 22 55 0 1 0 4 0 7 0 10 0 19 1 2 1 5 1 8 1 20 2 3 2 6 2 9 2 21 3 4 3 7 3 10 3 11 4 5 4 8 4 12 5 6 5 9 5 13 6 7 6 10 6 14 7 8 7 15 8 9 8 16 9 10 9 17 10 18 11 12 11 15 11 18 11 21 12 13 12 16 12 19 13 14 13 17 13 20 14 15 14 18 14 21 15 16 15 19 16 17 16 20 17 18 17 21 18 19 19 20 20 21
D11_3139 22 55 0 2 0 3 0 8 0 9 0 19 1 3 1 4 1 9 1 10 1 20 2 4 2 5 2 10 2 21 3 5 3 6 3 11 4 6 4 7 4 12 5 7 5 8 5 13 6 8 6 9 6 14 7 9 7 10 7 15 8 10 8 16 9 17 10 18 11 13 11 14 11 19 11 20 12 14 12 15 12 20 12 21 13 15 13 16 13 21 14 16 14 17 15 17 15 18 16 18 16 19 17 19 17 20 18 20 18 21 19 21
D11_3140 22 55 0 2 0 5 0 6 0 9 0 19 1 3 1 6 1 7 1 10 1 20 2 4 2 7 2 8 2 21 3 5 3 8 3 9 3 11 4 6 4 9 4 10 4 12 5 7 5 10 5 13 6 8 6 14 7 9 7 15 8 10 8 16 9 17 10 18 11 13 11 16 11 17 11 20 12 14 12 17 12 18 12 21 13 15 13 18 13 19 14 16 14 19 14 20 15 17 15 20 15 21 16 18 16 21 17 19 18 20 19 21
D11_3147 22 55 0 4 0 5 0 6 0 7 0 19 1 5 1 6 1 7 1 8 1 20 2 6 2 7 2 8 2 9 2 21 3 7 3 8 3 9 3 10 3 11 4 8 4 9 4 10 4 12 5 9 5 10 5 13 6 10 6 14 7 15 8 16 9 17 10 18 11 15 11 16 11 17 11 18 12 16 12 17 12 18 12 19 13 17 13 18 13 19 13 20 14 18 14 19 14 20 14 21 15 19 15 20 15 21 16 20 16 21 17 21
D11_3159 22 44 0 2 0 9 0 20 0 21 1 3 1 10 1 11 1 21 2 4 2 11 2 12 3 5 3 12 3 13 4 6 4 13 4 14 5 7 5 14 5 15 6 8 6 15 6 16 7 9 7 16 7 17 8 10 8 17 8 18 9 18 9 19 10 19 10 20 11 13 11 20 12 14 12 21 13 15 14 16 15 17 16 18 17 19 18 20 19 21
D11_3160 22 44 0 3 0 8 0 20 0 21 1 4 1 9 1 11 1 21 2 5 2 10 2 11 2 12 3 6 3 12 3 13 4 7 4 13 4 14 5 8 5 14 5 15 6 9 6 15 6 16 7 10 7 16 7 17 8 17 8 18 9 18 9 19 10 19 10 20 11 14 11 19 12 15 12 20 13 16 13 21 14 17 15 18 16 19 17 20 18 21
D11_3161 22 44 0 4 0 7 0 20 0 21 1 5 1 8 1 11 1 21 2 6 2 9 2 11 2 12 3 7 3 10 3 12 3 13 4 8 4 13 4 14 5 9 5 14 5 15 6 10 6 15 6 16 7 16 7 17 8 17 8 18 9 18 9 19 10 19 10 20 11 15 11 18 12 16 12 19 13 17 13 20 14 18 14 21 15 19 16 20 17 21
D11_3162 22 44 0 5 0 6 0 20 0 21 1 6 1 7 1 11 1 21 2 7 2 8 2 11 2 12 3 8 3 9 3 12 3 13 4 9 4 10 4 13 4 14 5 10 5 14 5 15 6 15 6 16 7 16 7 17 8 17 8 18 9 18 9 19 10 19 10 20 11 16 11 17 12 17 12 18 13 18 13 19 14 19 14 20 15 20 15 21 16 21
D11_3167 22 55 0 1 0 3 0 8 0 10 0 20 1 2 1 4 1 9 1 21 2 3 2 5 2 10 2 11 3 4 3 6 3 12 4 5 4 7 4 13 5 6 5 8 5 14 6 7 6 9 6 15 7 8 7 10 7 16 8 9 8 17 9 10 9 18 10 19 11 12 11 14 11 19 11 21 12 13 12 15 12 20 13 14 13 16 13 21 14 15 14 17 15 16 15 18 16 17 16 19 17 18 17 20 18 19 18 21 19 20 20 21
D11_3168 22 55 0 1 0 4 0 7 0 10 0 20 1 2 1 5 1 8 1 21 2 3 2 6 2 9 2 11 3 4 3 7 3 10 3 12 4 5 4 8 4 13 5 6 5 9 5 14 6 7 6 10 6 15 7 8 7 16 8 9 8 17 9 10 9 18 10 19 11 12 11 15 11 18 11 21 12 13 12 16 12 19 13 14 13 17 13 20 14 15 14 18 14 21 15 16 15 19 16 17 16 20 17 18 17 21 18 19 19 20 20 21
D11_3172 22 55 0 2 0 3 0 8 0 9 0 20 1 3 1 4 1 9 1 10 1 21 2 4 2 5 2 10 2 11 3 5 3 6 3 12 4 6 4 7 4 13 5 7 5 8 5 14 6 8 6 9 6 15 7 9 7 10 7 16 8 10 8 17 9 18 10 19 11 13 11 14 11 19 11 20 12 14 12 15 12 20 12 21 13 15 13 16 13 21 14 16 14 17 15 17 15 18 16 18 16 19 17 19 17 20 18 20 18 21 19 21
D11_3173 22 55 0 2 0 5 0 6 0 9 0 20 1 3 1 6 1 7 1 10 1 21 2 4 2 7 2 8 2 11 3 5 3 8 3 9 3 12 4 6 4 9 4 10 4 13 5 7 5 10 5 14 6 8 6 15 7 9 7 16 8 10 8 17 9 18 10 19 11 13 11 16 11 17 11 20 12 14 12 17 12 18 12 21 13 15 13 18 13 19 14 16 14 19 14 20 15 17 15 20 15 21 16 18 16 21 17 19 18 20 19 21
D11_3180 22 55 0 4 0 5 0 6 0 7 0 20 1 5 1 6 1 7 1 8 1 21 2 6 2 7 2 8 2 9 2 11 3 7 3 8 3 9 3 10 3 12 4 8 4 9 4 10 4 13 5 9 5 10 5 14 6 10 6 15 7 16 8 17 9 18 10 19 11 15 11 16 11 17 11 18 12 16 12 17 12 18 12 19 13 17 13 18 13 19 13 20 14 18 14 19 14 20 14 21 15 19 15 20 15 21 16 20 16 21 17 21
D11_3192 22 55 0 1 0 3 0 8 0 10 0 21 1 2 1 4 1 9 1 11 2 3 2 5 2 10 2 12 3 4 3 6 3 13 4 5 4 7 4 14 5 6 5 8 5 15 6 7 6 9 6 16 7 8 7 10 7 17 8 9 8 18 9 10 9 19 10 20 11 12 11 14 11 19 11 21 12 13 12 15 12 20 13 14 13 16 13 21 14 15 14 17 15 16 15 18 16 17 16 19 17 18 17 20 18 19 18 21 19 20 20 21
D11_3193 22 55 0 1 0 4 0 7 0 10 0 21 1 2 1 5 1 8 1 11 2 3 2 6 2 9 2 12 3 4 3 7 3 10 3 13 4 5 4 8 4 14 5 6 5 9 5 15 6 7 6 10 6 16 7 8 7 17 8 9 8 18 9 10 9 19 10 20 11 12 11 15 11 18 11 21 12 13 12 16 12 19 13 14 13 17 13 20 14 15 14 18 14 21 15 16 15 19 16 17 16 20 17 18 17 21 18 19 19 20 20 21
D11_3197 22 55 0 2 0 3 0 8 0 9 0 21 1 3 1 4 1 9 1 10 1 11 2 4 2 5 2 10 2 12 3 5 3 6 3 13 4 6 4 7 4 14 5 7 5 8 5 15 6 8 6 9 6 16 7 9 7 10 7 17 8 10 8 18 9 19 10 20 11 13 11 14 11 19 11 20 12 14 12 15 12 20 12 21 13 15 13 16 13 21 14 16 14 17 15 17 15 18 16 18 16 19 17 19 17 20 18 20 18 21 19 21
D11_3198 22 55 0 2 0 5 0 6 0 9 0 21 1 3 1 6 1 7 1 10 1 11 2 4 2 7 2 8 2 12 3 5 3 8 3 9 3 13 4 6 4 9 4 10 4 14 5 7 5 10 5 15 6 8 6 16 7 9 7 17 8 10 8 18 9 19 10 20 11 13 11 16 11 17 11 20 12 14 12 17 12 18 12 21 13 15 13 18 13 19 14 16 14 19 14 20 15 17 15 20 15 21 16 18 16 21 17 19 18 20 19 21
D11_3205 22 55 0 4 0 5 0 6 0 7 0 21 1 5 1 6 1 7 1 8 1 11 2 6 2 7 2 8 2 9 2 12 3 7 3 8 3 9 3 10 3 13 4 8 4 9 4 10 4 14 5 9 5 10 5 15 6 10 6 16 7 17 8 18 9 19 10 20 11 15 11 16 11 17 11 18 12 16 12 17 12 18 12 19 13 17 13 18 13 19 13 20 14 18 14 19 14 20 14 21 15 19 15 20 15 21 16 20 16 21 17 21
D12_3238 24 12 0 13 1 14 2 15 3 16 4 17 5 18 6 19 7 20 8 21 9 22 10 23 11 12
D12_3239 24 12 0 14 1 15 2 16 3 17 4 18 5 19 6 20 7 21 8 22 9 23 10 12 11 13
D12_3240 24 12 0 15 1 16 2 17 3 18 4 19 5 20 6 21 7 22 8 23 9 12 10 13 11 14
D12_3241 24 12 0 16 1 17 2 18 3 19 4 20 5 21 6 22 7 23 8 12 9 13 10 14 11 15
D12_3242 24 12 0 17 1 18 2 19 3 20 4 21 5 22 6 23 7 12 8 13 9 14 10 15 11 16
D12_3243 24 12 0 18 1 19 2 20 3 21 4 22 5 23 6 12 7 13 8 14 9 15 10 16 11 17
D12_3244 24 12 0 19 1 20 2 21 3 22 4 23 5 12 6 13 7 14 8 15 9 16 10 17 11 18
D12_3245 24 12 0 20 1 21 2 22 3 23 4 12 5 13 6 14 7 15 8 16 9 17 10 18 11 19
D12_3246 24 12 0 21 1 22 2 23 3 12 4 13 5 14 6 15 7 16 8 17 9 18 10 19 11 20
D12_3247 24 12 0 22 1 23 2 12 3 13 4 14 5 15 6 16 7 17 8 18 9 19 10 20 11 21
D12_3248 24 12 0 23 1 12 2 13 3 14 4 15 5 16 6 17 7 18 8 19 9 20 10 21 11 22
D12_3249 24 24 0 1 0 11 1 2 2 3 3 4 4 5 5 6 6 7 7 8 8 9 9 10 10 11 12 13 12 23 13 14 14 15 15 16 16 17 17 18 18 19 19 20 20 21 21 22 22 23
D12_3250 24 24 0 2 0 10 1 3 1 11 2 4 3 5 4 6 5 7 6 8 7 9 8 10 9 11 12 14 12 22 13 15 13 23 14 16 15 17 16 18 17 19 18 20 19 21 20 22 21 23
D12_3251 24 24 0 3 0 9 1 4 1 10 2 5 2 11 3 6 4 7 5 8 6 9 7 10 8 11 12 15 12 21 13 16 13 22 14 17 14 23 15 18 16 19 17 20 18 21 19 22 20 23
D12_3252 24 24 0 5 0 7 1 6 1 8 2 7 2 9 3 8 3 10 4 9 4 11 5 10 6 11 12 17 12 19 13 18 13 20 14 19 14 21 15 20 15 22 16 21 16 23 17 22 18 23
D12_3253 24 12 0 6 1 7 2 8 3 9 4 10 5 11 12 18 13 19 14 20 15 21 16 22 17 23
D12_3258 24 24 0 12 0 13 1 13 1 14 2 14 2 15 3 15 3 16 4 16 4 17 5 17 5 18 6 18 6 19 7 19 7 20 8 20 8 21 9 21 9 22 10 22 10 23 11 12 11 23
D12_3259 24 24 0 12 0 14 1 13 1 15 2 14 2 16 3 15 3 17 4 16 4 18 5 17 5 19 6 18 6 20 7 19 7 21 8 20 8 22 9 21 9 23 10 12 10 22 11 13 11 23
D12_3260 24 24 0 12 0 15 1 13 1 16 2 14 2 17 3 15 3 18 4 16 4 19 5 17 5 20 6 18 6 21 7 19 7 22 8 20 8 23 9 12 9 21 10 13 10 22 11 14 11 23
D12_3261 24 24 0 12 0 16 1 13 1 17 2 14 2 18 3 15 3 19 4 16 4 20 5 17 5 21 6 18 6 22 7 19 7 23 8 12 8 20 9 13 9 21 10 14 10 22 11 15 11 23
D12_3262 24 24 0 12 0 17 1 13 1 18 2 14 2 19 3 15 3 20 4 16 4 21 5 17 5 22 6 18 6 23 7 12 7 19 8 13 8 20 9 14 9 21 10 15 10 22 11 16 11 23
D12_3263 24 24 0 12 0 18 1 13 1 19 2 14 2 20 3 15 3 21 4 16 4 22 5 17 5 23 6 12 6 18 7 13 7 19 8 14 8 20 9 15 9 21 10 16 10 22 11 17 11 23
D12_3264 24 24 0 12 0 19 1 13 1 20 2 14 2 21 3 15 3 22 4 16 4 23 5 12 5 17 6 13 6 18 7 14 7 19 8 15 8 20 9 16 9 21 10 17 10 22 11 18 11 23
D12_3265 24 24 0 12 0 20 1 13 1 21 2 14 2 22 3 15 3 23 4 12 4 16 5 13 5 17 6 14 6 18 7 15 7 19 8 16 8 20 9 17 9 21 10 18 10 22 11 19 11 23
D12_3266 24 24 0 12 0 21 1 13 1 22 2 14 2 23 3 12 3 15 4 13 4 16 5 14 5 17 6 15 6 18 7 16 7 19 8 17 8 20 9 18 9 21 10 19 10 22 11 20 11 23
D12_3267 24 24 0 12 0 22 1 13 1 23 2 12 2 14 3 13 3 15 4 14 4 16 5 15 5 17 6 16 6 18 7 17 7 19 8 18 8 20 9 19 9 21 10 20 10 22 11 21 11 23
D12_3268 24 24 0 12 0 23 1 12 1 13 2 13 2 14 3 14 3 15 4 15 4 16 5 16 5 17 6 17 6 18 7 18 7 19 8 19 8 20 9 20 9 21 10 21 10 22 11 22 11 23
D12_3269 24 36 0 1 0 11 0 12 1 2 1 13 2 3 2 14 3 4 3 15 4 5 4 16 5 6 5 17 6 7 6 18 7 8 7 19 8 9 8 20 9 10 9 21 10 11 10 22 11 23 12 13 12 23 13 14 14 15 15 16 16 17 17 18 18 19 19 20 20 21 21 22 22 23
D12_3270 24 36 0 2 0 10 0 12 1 3 1 11 1 13 2 4 2 14 3 5 3 15 4 6 4 16 5 7 5 17 6 8 6 18 7 9 7 19 8 10 8 20 9 11 9 21 10 22 11 23 12 14 12 22 13 15 13 23 14 16 15 17 16 18 17 19 18 20 19 21 20 22 21 23
D12_3271 24 36 0 3 0 9 0 12 1 4 1 10 1 13 2 5 2 11 2 14 3 6 3 15 4 7 4 16 5 8 5 17 6 9 6 18 7 10 7 19 8 11 8 20 9 21 10 22 11 23 12 15 12 21 13 16 13 22 14 17 14 23 15 18 16 19 17 20 18 21 19 22 20 23
D12_3272 24 36 0 5 0 7 0 12 1 6 1 8 1 13 2 7 2 9 2 14 3 8 3 10 3 15 4 9 4 11 4 16 5 10 5 17 6 11 6 18 7 19 8 20 9 21 10 22 11 23 12 17 12 19 13 18 13 20 14 19 14 21 15 20 15 22 16 21 16 23 17 22 18 23
D12_3273 24 24 0 6 0 12 1 7 1 13 2 8 2 14 3 9 3 15 4 10 4 16 5 11 5 17 6 18 7 19 8 20 9 21 10 22 11 23 12 18 13 19 14 20 15 21 16 22 17 23
D12_3278 24 24 0 13 0 14 1 14 1 15 2 15 2 16 3 16 3 17 4 17 4 18 5 18 5 19 6 19 6 20 7 20 7 21 8 21 8 22 9 22 9 23 10 12 10 23 11 12 11 13
D12_3279 24 24 0 13 0 15 1 14 1 16 2 15 2 17 3 16 3 18 4 17 4 19 5 18 5 20 6 19 6 21 7 20 7 22 8 21 8 23 9 12 9 22 10 13 10 23 11 12 11 14
D12_3280 24 24 0 13 0 16 1 14 1 17 2 15 2 18 3 16 3 19 4 17 4 20 5 18 5 21 6 19 6 22 7 20 7 23 8 12 8 21 9 13 9 22 10 14 10 23 11 12 11 15
D12_3281 24 24 0 13 0 17 1 14 1 18 2 15 2 19 3 16 3 20 4 17 4 21 5 18 5 22 6 19 6 23 7 12 7 20 8 13 8 21 9 14 9 22 10 15 10 23 11 12 11 16
D12_3282 24 24 0 13 0 18 1 14 1 19 2 15 2 20 3 16 3 21 4 17 4 22 5 18 5 23 6 12 6 19 7 13 7 20 8 14 8 21 9 15 9 22 10 16 10 23 11 12 11 17
D12_3283 24 24 0 13 0 19 1 14 1 20 2 15 2 21 3 16 3 22 4 17 4 23 5 12 5 18 6 13 6 19 7 14 7 20 8 15 8 21 9 16 9 22 10 17 10 23 11 12 11 18
D12_3284 24 24 0 13 0 20 1 14 1 21 2 15 2 22 3 16 3 23 4 12 4 17 5 13 5 18 6 14 6 19 7 15 7 20 8 16 8 21 9 17 9 22 10 18 10 23 11 12 11 19
D12_3285 24 24 0 13 0 21 1 14 1 22 2 15 2 23 3 12 3 16 4 13 4 17 5 14 5 18 6 15 6 19 7 16 7 20 8 17 8 21 9 18 9 22 10 19 10 23 11 12 11 20
D12_3286 24 24 0 13 0 22 1 14 1 23 2 12 2 15 3 13 3 16 4 14 4 17 5 15 5 18 6 16 6 19 7 17 7 20 8 18 8 21 9 19 9 22 10 20 10 23 11 12 11 21
D12_3287 24 24 0 13 0 23 1 12 1 14 2 13 2 15 3 14 3 16 4 15 4 17 5 16 5 18 6 17 6 19 7 18 7 20 8 19 8 21 9 20 9 22 10 21 10 23 11 12 11 22
D12_3288 24 36 0 1 0 11 0 13 1 2 1 14 2 3 2 15 3 4 3 16 4 5 4 17 5 6 5 18 6 7 6 19 7 8 7 20 8 9 8 21 9 10 9 22 10 11 10 23 11 12 12 13 12 23 13 14 14 15 15 16 16 17 17 18 18 19 19 20 20 21 21 22 22 23
D12_3289 24 36 0 2 0 10 0 13 1 3 1 11 1 14 2 4 2 15 3 5 3 16 4 6 4 17 5 7 5 18 6 8 6 19 7 9 7 20 8 10 8 21 9 11 9 22 10 23 11 12 12 14 12 22 13 15 13 23 14 16 15 17 16 18 17 19 18 20 19 21 20 22 21 23
D12_3290 24 36 0 3 0 9 0 13 1 4 1 10 1 14 2 5 2 11 2 15 3 6 3 16 4 7 4 17 5 8 5 18 6 9 6 19 7 10 7 20 8 11 8 21 9 22 10 23 11 12 12 15 12 21 13 16 13 22 14 17 14 23 15 18 16 19 17 20 18 21 19 22 20 23
D12_3291 24 36 0 5 0 7 0 13 1 6 1 8 1 14 2 7 2 9 2 15 3 8 3 10 3 16 4 9 4 11 4 17 5 10 5 18 6 11 6 19 7 20 8 21 9 22 10 23 11 12 12 17 12 19 13 18 13 20 14 19 14 21 15 20 15 22 16 21 16 23 17 22 18 23
D12_3292 24 24 0 6 0 13 1 7 1 14 2 8 2 15 3 9 3 16 4 10 4 17 5 11 5 18 6 19 7 20 8 21 9 22 10 23 11 12 12 18 13 19 14 20 15 21 16 22 17 23
D12_3297 24 24 0 14 0 15 1 15 1 16 2 16 2 17 3 17 3 18 4 18 4 19 5 19 5 20 6 20 6 21 7 21 7 22 8 22 8 23 9 12 9 23 10 12 10 13 11 13 11 14
D12_3298 24 24 0 14 0 16 1 15 1 17 2 16 2 18 3 17 3 19 4 18 4 20 5 19 5 21 6 20 6 22 7 21 7 23 8 12 8 22 9 13 9 23 10 12 10 14 11 13 11 15
D12_3299 24 24 0 14 0 17 1 15 1 18 2 16 2 19 3 17 3 20 4 18 4 21 5 19 5 22 6 20 6 23 7 12 7 21 8 13 8 22 9 14 9 23 10 12 10 15 11 13 11 16
D12_3300 24 24 0 14 0 18 1 15 1 19 2 16 2 20 3 17 3 21 4 18 4 22 5 19 5 23 6 12 6 20 7 13 7 21 8 14 8 22 9 15 9 23 10 12 10 16 11 13 11 17
D12_3301 24 24 0 14 0 19 1 15 1 20 2 16 2 21 3 17 3 22 4 18 4 23 5 12 5 19 6 13 6 20 7 14 7 21 8 15 8 22 9 16 9 23 10 12 10 17 11 13 11 18
D12_3302 24 24 0 14 0 20 1 15 1 21 2 16 2 22 3 17 3 23 4 12 4 18 5 13 5 19 6 14 6 20 7 15 7 21 8 16 8 22 9 17 9 23 10 12 10 18 11 13 11 19
D12_3303 24 24 0 14 0 21 1 15 1 22 2 16 2 23 3 12 3 17 4 13 4 18 5 14 5 19 6 15 6 20 7 16 7 21 8 17 8 22 9 18 9 23 10 12 10 19 11 13 11 20
D12_3304 24 24 0 14 0 22 1 15 1 23 2 12 2 16 3 13 3 17 4 14 4 18 5 15 5 19 6 16 6 20 7 17 7 21 8 18 8 22 9 19 9 23 10 12 10 20 11 13 11 21
D12_3305 24 24 0 14 0 23 1 12 1 15 2 13 2 16 3 14 3 17 4 15 4 18 5 16 5 19 6 17 6 20 7 18 7 21 8 19 8 22 9 20 9 23 10 12 10 21 11 13 11 22
D12_3306 24 36 0 1 0 11 0 14 1 2 1 15 2 3 2 16 3 4 3 17 4 5 4 18 5 6 5 19 6 7 6 20 7 8 7 21 8 9 8 22 9 10 9 23 10 11 10 12 11 13 12 13 12 23 13 14 14 15 15 16 16 17 17 18 18 19 19 20 20 21 21 22 22 23
D12_3307 24 36 0 2 0 10 0 14 1 3 1 11 1 15 2 4 2 16 3 5 3 17 4 6 4 18 5 7 5 19 6 8 6 20 7 9 7 21 8 10 8 22 9 11 9 23 10 12 11 13 12 14 12 22 13 15 13 23 14 16 15 17 16 18 17 19 18 20 19 21 20 22 21 23
D12_3308 24 36 0 3 0 9 0 14 1 4 1 10 1 15 2 5 2 11 2 16 3 6 3 17 4 7 4 18 5 8 5 19 6 9 6 20 7 10 7 21 8 11 8 22 9 23 10 12 11 13 12 15 12 21 13 16 13 22 14 17 14 23 15 18 16 19 17 20 18 21 19 22 20 23
D12_3309 24 36 0 5 0 7 0 14 1 6 1 8 1 15 2 7 2 9 2 16 3 8 3 10 3 17 4 9 4 11 4 18 5 10 5 19 6 11 6 20 7 21 8 22 9 23 10 12 11 13 12 17 12 19 13 18 13 20 14 19 14 21 15 20 15 22 16 21 16 23 17 22 18 23
D12_3310 24 24 0 6 0 14 1 7 1 15 2 8 2 16 3 9 3 17 4 10 4 18 5 11 5 19 6 20 7 21 8 22 9 23 10 12 11 13 12 18 13 19 14 20 15 21 16 22 17 23
D12_3315 24 24 0 15 0 16 1 16 1 17 2 17 2 18 3 18 3 19 4 19 4 20 5 20 5 21 6 21 6 22 7 22 7 23 8 12 8 23 9 12 9 13 10 13 10 14 11 14 11 15
D12_3316 24 24 0 15 0 17 1 16 1 18 2 17 2 19 3 18 3 20 4 19 4 21 5 20 5 22 6 21 6 23 7 12 7 22 8 13 8 23 9 12 9 14 10 13 10 15 11 14 11 16
D12_3317 24 24 0 15 0 18 1 16 1 19 2 17 2 20 3 18 3 21 4 19 4 22 5 20 5 23 6 12 6 21 7 13 7 22 8 14 8 23 9 12 9 15 10 13 10 16 11 14 11 17
D12_3318 24 24 0 15 0 19 1 16 1 20 2 17 2 21 3 18 3 22 4 19 4 23 5 12 5 20 6 13 6 21 7 14 7 22 8 15 8 23 9 12 9 16 10 13 10 17 11 14 11 18
D12_3319 24 24 0 15 0 20 1 16 1 21 2 17 2 22 3 18 3 23 4 12 4 19 5 13 5 20 6 14 6 21 7 15 7 22 8 16 8 23 9 12 9 17 10 13 10 18 11 14 11 19
D12_3320 24 24 0 15 0 21 1 16 1 22 2 17 2 23 3 12 3 18 4 13 4 19 5 14 5 20 6 15 6 21 7 16 7 22 8 17 8 23 9 12 9 18 10 13 10 19 11 14 11 20
D12_3321 24 24 0 15 0 22 1 16 1 23 2 12 2 17 3 13 3 18 4 14 4 19 5 15 5 20 6 16 6 21 7 17 7 22 8 18 8 23 9 12 9 19 10 13 10 20 11 14 11 21
D12_3322 24 24 0 15 0 23 1 12 1 16 2 13 2 17 3 14 3 18 4 15 4 19 5 16 5 20 6 17 6 21 7 18 7 22 8 19 8 23 9 12 9 20 10 13 10 21 11 14 11 22
D12_3323 24 36 0 1 0 11 0 15 1 2 1 16 2 3 2 17 3 4 3 18 4 5 4 19 5 6 5 20 6 7 6 21 7 8 7 22 8 9 8 23 9 10 9 12 10 11 10 13 11 14 12 13 12 23 13 14 14 15 15 16 16 17 17 18 18 19 19 20 20 21 21 22 22 23
D12_3324 24 36 0 2 0 10 0 15 1 3 1 11 1 16 2 4 2 17 3 5 3 18 4 6 4 19 5 7 5 20 6 8 6 21 7 9 7 22 8 10 8 23 9 11 9 12 10 13 11 14 12 14 12 22 13 15 13 23 14 16 15 17 16 18 17 19 18 20 19 21 20 22 21 23
D12_3325 24 36 0 3 0 9 0 15 1 4 1 10 1 16 2 5 2 11 2 17 3 6 3 18 4 7 4 19 5 8 5 20 6 9 6 21 7 10 7 22 8 11 8 23 9 12 10 13 11 14 12 15 12 21 13 16 13 22 14 17 14 23 15 18 16 19 17 20 18 21 19 22 20 23
D12_3326 24 36 0 5 0 7 0 15 1 6 1 8 1 16 2 7 2 9 2 17 3 8 3 10 3 18 4 9 4 11 4 19 5 10 5 20 6 11 6 21 7 22 8 23 9 12 10 13 11 14 12 17 12 19 13 18 13 20 14 19 14 21 15 20 15 22 16 21 16 23 17 22 18 23
D12_3327 24 24 0 6 0 15 1 7 1 16 2 8 2 17 3 9 3 18 4 10 4 19 5 11 5 20 6 21 7 22 8 23 9 12 10 13 11 14 12 18 13 19 14 20 15 21 16 22 17 23
D12_3332 24 24 0 16 0 17 1 17 1 18 2 18 2 19 3 19 3 20 4 20 4 21 5 21 5 22 6 22 6 23 7 12 7 23 8 12 8 13 9 13 9 14 10 14 10 15 11 15 11 16
D12_3333 24 24 0 16 0 18 1 17 1 19 2 18 2 20 3 19 3 21 4 20 4 22 5 21 5 23 6 12 6 22 7 13 7 23 8 12 8 14 9 13 9 15 10 14 10 16 11 15 11 17
D12_3334 24 24 0 16 0 19 1 17 1 20 2 18 2 21 3 19 3 22 4 20 4 23 5 12 5 21 6 13 6 22 7 14 7 23 8 12 8 15 9 13 9 16 10 14 10 17 11 15 11 18
D12_3335 24 24 0 16 0 20 1 17 1 21 2 18 2 22 3 19 3 23 4 12 4 20 5 13 5 21 6 14 6 22 7 15 7 23 8 12 8 16 9 13 9 17 10 14 10 18 11 15 11 19
D12_3336 24 24 0 16 0 21 1 17 1 22 2 18 2 23 3 12 3 19 4 13 4 20 5 14 5 21 6 15 6 22 7 16 7 23 8 12 8 17 9 13 9 18 10 14 10 19 11 15 11 20
D12_3337 24 24 0 16 0 22 1 17 1 23 2 12 2 18 3 13 3 19 4 14 4 20 5 15 5 21 6 16 6 22 7 17 7 23 8 12 8 18 9 13 9 19 10 14 10 20 11 15 11 21
D12_3338 24 24 0 16 0 23 1 12 1 17 2 13 2 18 3 14 3 19 4 15 4 20 5 16 5 21 6 17 6 22 7 18 7 23 8 12 8 19 9 13 9 20 10 14 10 21 11 15 11 22
D12_3339 24 36 0 1 0 11 0 16 1 2 1 17 2 3 2 18 3 4 3 19 4 5 4 20 5 6 5 21 6 7 6 22 7 8 7 23 8 9 8 12 9 10 9 13 10 11 10 14 11 15 12 13 12 23 13 14 14 15 15 16 16 17 17 18 18 19 19 20 20 21 21 22 22 23
D12_3340 24 36 0 2 0 10 0 16 1 3 1 11 1 17 2 4 2 18 3 5 3 19 4 6 4 20 5 7 5 21 6 8 6 22 7 9 7 23 8 10 8 12 9 11 9 13 10 14 11 15 12 14 12 22 13 15 13 23 14 16 15 17 16 18 17 19 18 20 19 21 20 22 21 23
D12_3341 24 36 0 3 0 9 0 16 1 4 1 10 1 17 2 5 2 11 2 18 3 6 3 19 4 7 4 20 5 8 5 21 6 9 6 22 7 10 7 23 8 11 8 12 9 13 10 14 11 15 12 15 12 21 13 16 13 22 14 17 14 23 15 18 16 19 17 20 18 21 19 22 20 23
D12_3342 24 36 0 5 0 7 0 16 1 6 1 8 1 17 2 7 2 9 2 18 3 8 3 10 3 19 4 9 4 11 4 20 5 10 5 21 6 11 6 22 7 23 8 12 9 13 10 14 11 15 12 17 12 19 13 18 13 20 14 19 14 21 15 20 15 22 16 21 16 23 17 22 18 23
D12_3343 24 24 0 6 0 16 1 7 1 17 2 8 2 18 3 9 3 19 4 10 4 20 5 11 5 21 6 22 7 23 8 12 9 13 10 14 11 15 12 18 13 19 14 20 15 21 16 22 17 23
D12_3348 24 24 0 17 0 18 1 18 1 19 2 19 2 20 3 20 3 21 4 21 4 22 5 22 5 23 6 12 6 23 7 12 7 13 8 13 8 14 9 14 9 15 10 15 10 16 11 16 11 17
D12_3349 24 24 0 17 0 19 1 18 1 20 2 19 2 21 3 20 3 22 4 21 4 23 5 12 5 22 6 13 6 23 7 12 7 14 8 13 8 15 9 14 9 16 10 15 10 17 11 16 11 18
D12_3350 24 24 0 17 0 20 1 18 1 21 2 19 2 22 3 20 3 23 4 12 4 21 5 13 5 22 6 14 6 23 7 12 7 15 8 13 8 16 9 14 9 17 10 15 10 18 11 16 11 19
D12_3351 24 24 0 17 0 21 1 18 1 22 2 19 2 23 3 12 3 20 4 13 4 21 5 14 5 22 6 15 6 23 7 12 7 16 8 13 8 17 9 14 9 18 10 15 10 19 11 16 11 20
D12_3352 24 24 0 17 0 22 1 18 1 23 2 12 2 19 3 13 3 20 4 14 4 21 5 15 5 22 6 16 6 23 7 12 7 17 8 13 8 18 9 14 9 19 10 15 10 20 11 16 11 21
D12_3353 24 24 0 17 0 23 1 12 1 18 2 13 2 19 3 14 3 20 4 15 4 21 5 16 5 22 6 17 6 23 7 12 7 18 8 13 8 19 9 14 9 20 10 15 10 21 11 16 11 22
D12_3354 24 36 0 1 0 11 0 17 1 2 1 18 2 3 2 19 3 4 3 20 4 5 4 21 5 6 5 22 6 7 6 23 7 8 7 12 8 9 8 13 9 10 9 14 10 11 10 15 11 16 12 13 12 23 13 14 14 15 15 16 16 17 17 18 18 19 19 20 20 21 21 22 22 23
D12_3355 24 36 0 2 0 10 0 17 1 3 1 11 1 18 2 4 2 19 3 5 3 20 4 6 4 21 5 7 5 22 6 8 6 23 7 9 7 12 8 10 8 13 9 11 9 14 10 15 11 16 12 14 12 22 13 15 13 23 14 16 15 17 16 18 17 19 18 20 19 21 20 22 21 23
D12_3356 24 36 0 3 0 9 0 17 1 4 1 10 1 18 2 5 2 11 2 19 3 6 3 20 4 7 4 21 5 8 5 22 6 9 6 23 7 10 7 12 8 11 8 13 9 14 10 15 11 16 12 15 12 21 13 16 13 22 14 17 14 23 15 18 16 19 17 20 18 21 19 22 20 23
D12_3357 24 36 0 5 0 7 0 17 1 6 1 8 1 18 2 7 2 9 2 19 3 8 3 10 3 20 4 9 4 11 4 21 5 10 5 22 6 11 6 23 7 12 8 13 9 14 10 15 11 16 12 17 12 19 13 18 13 20 14 19 14 21 15 20 15 22 16 21 16 23 17 22 18 23
D12_3358 24 24 0 6 0 17 1 7 1 18 2 8 2 19 3 9 3 20 4 10 4 21 5 11 5 22 6 23 7 12 8 13 9 14 10 15 11 16 12 18 13 19 14 20 15 21 16 22 17 23
D12_3363 24 24 0 18 0 19 1 19 1 20 2 20 2 21 3 21 3 22 4 22 4 23 5 12 5 23 6 12 6 13 7 13 7 14 8 14 8 15 9 15 9 16 10 16 10 17 11 17 11 18
D12_3364 24 24 0 18 0 20 1 19 1 21 2 20 2 22 3 21 3 23 4 12 4 22 5 13 5 23 6 12 6 14 7 13 7 15 8 14 8 16 9 15 9 17 10 16 10 18 11 17 11 19
D12_3365 24 24 0 18 0 21 1 19 1 22 2 20 2 23 3 12 3 21 4 13 4 22 5 14 5 23 6 12 6 15 7 13 7 16 8 14 8 17 9 15 9 18 10 16 10 19 11 17 11 20
D12_3366 24 24 0 18 0 22 1 19 1 23 2 12 2 20 3 13 3 21 4 14 4 22 5 15 5 23 6 12 6 16 7 13 7 17 8 14 8 18 9 15 9 19 10 16 10 20 11 17 11 21
D12_3367 24 24 0 18 0 23 1 12 1 19 2 13 2 20 3 14 3 21 4 15 4 22 5 16 5 23 6 12 6 17 7 13 7 18 8 14 8 19 9 15 9 20 10 16 10 21 11 17 11 22
D12_3368 24 36 0 1 0 11 0 18 1 2 1 19 2 3 2 20 3 4 3 21 4 5 4 22 5 6 5 23 6 7 6 12 7 8 7 13 8 9 8 14 9 10 9 15 10 11 10 16 11 17 12 13 12 23 13 14 14 15 15 16 16 17 17 18 18 19 19 20 20 21 21 22 22 23
D12_3369 24 36 0 2 0 10 0 18 1 3 1 11 1 19 2 4 2 20 3 5 3 21 4 6 4 22 5 7 5 23 6 8 6 12 7 9 7 13 8 10 8 14 9 11 9 15 10 16 11 17 12 14 12 22 13 15 13 23 14 16 15 17 16 18 17 19 18 20 19 21 20 22 21 23
D12_3370 24 36 0 3 0 9 0 18 1 4 1 10 1 19 2 5 2 11 2 20 3 6 3 21 4 7 4 22 5 8 5 23 6 9 6 12 7 10 7 13 8 11 8 14 9 15 10 16 11 17 12 15 12 21 13 16 13 22 14 17 14 23 15 18 16 19 17 20 18 21 19 22 20 23
D12_3371 24 36 0 5 0 7 0 18 1 6 1 8 1 19 2 7 2 9 2 20 3 8 3 10 3 21 4 9 4 11 4 22 5 10 5 23 6 11 6 12 7 13 8 14 9 15 10 16 11 17 12 17 12 19 13 18 13 20 14 19 14 21 15 20 15 22 16 21 16 23 17 22 18 23
D12_3377 24 24 0 19 0 20 1 20 1 21 2 21 2 22 3 22 3 23 4 12 4 23 5 12 5 13 6 13 6 14 7 14 7 15 8 15 8 16 9 16 9 17 10 17 10 18 11 18 11 19
D12_3378 24 24 0 19 0 21 1 20 1 22 2 21 2 23 3 12 3 22 4 13 4 23 5 12 5 14 6 13 6 15 7 14 7 16 8 15 8 17 9 16 9 18 10 17 10 19 11 18 11 20
D12_3379 24 24 0 19 0 22 1 20 1 23 2 12 2 21 3 13 3 22 4 14 4 23 5 12 5 15 6 13 6 16 7 14 7 17 8 15 8 18 9 16 9 19 10 17 10 20 11 18 11 21
D12_3380 24 24 0 19 0 23 1 12 1 20 2 13 2 21 3 14 3 22 4 15 4 23 5 12 5 16 6 13 6 17 7 14 7 18 8 15 8 19 9 16 9 20 10 17 10 21 11 18 11 22
D12_3381 24 36 0 1 0 11 0 19 1 2 1 20 2 3 2 21 3 4 3 22 4 5 4 23 5 6 5 12 6 7 6 13 7 8 7 14 8 9 8 15 9 10 9 16 10 11 10 17 11 18 12 13 12 23 13 14 14 15 15 16 16 17 17 18 18 19 19 20 20 21 21 22 22 23
D12_3382 24 36 0 2 0 10 0 19 1 3 1 11 1 20 2 4 2 21 3 5 3 22 4 6 4 23 5 7 5 12 6 8 6 13 7 9 7 14 8 10 8 15 9 11 9 16 10 17 11 18 12 14 12 22 13 15 13 23 14 16 15 17 16 18 17 19 18 20 19 21 20 22 21 23
D12_3383 24 36 0 3 0 9 0 19 1 4 1 10 1 20 2 5 2 11 2 21 3 6 3 22 4 7 4 23 5 8 5 12 6 9 6 13 7 10 7 14 8 11 8 15 9 16 10 17 11 18 12 15 12 21 13 16 13 22 14 17 14 23 15 18 16 19 17 20 18 21 19 22 20 23
D12_3384 24 36 0 5 0 7 0 19 1 6 1 8 1 20 2 7 2 9 2 21 3 8 3 10 3 22 4 9 4 11 4 23 5 10 5 12 6 11 6 13 7 14 8 15 9 16 10 17 11 18 12 17 12 19 13 18 13 20 14 19 14 21 15 20 15 22 16 21 16 23 17 22 18 23
D12_3385 24 24 0 6 0 19 1 7 1 20 2 8 2 21 3 9 3 22 4 10 4 23 5 11 5 12 6 13 7 14 8 15 9 16 10 17 11 18 12 18 13 19 14 20 15 21 16 22 17 23
D12_3390 24 24 0 20 0 21 1 21 1 22 2 22 2 23 3 12 3 23 4 12 4 13 5 13 5 14 6 14 6 15 7 15 7 16 8 16 8 17 9 17 9 18 10 18 10 19 11 19 11 20
D12_3391 24 24 0 20 0 22 1 21 1 23 2 12 2 22 3 13 3 23 4 12 4 14 5 13 5 15 6 14 6 16 7 15 7 17 8 16 8 18 9 17 9 19 10 18 10 20 11 19 11 21
D12_3392 24 24 0 20 0 23 1 12 1 21 2 13 2 22 3 14 3 23 4 12 4 15 5 13 5 16 6 14 6 17 7 15 7 18 8 16 8 19 9 17 9 20 10 18 10 21 11 19 11 22
D12_3393 24 36 0 1 0 11 0 20 1 2 1 21 2 3 2 22 3 4 3 23 4 5 4 12 5 6 5 13 6 7 6 14 7 8 7 15 8 9 8 16 9 10 9 17 10 11 10 18 11 19 12 13 12 23 13 14 14 15 15 16 16 17 17 18 18 19 19 20 20 21 21 22 22 23
D12_3394 24 36 0 2 0 10 0 20 1 3 1 11 1 21 2 4 2 22 3 5 3 23 4 6 4 12 5 7 5 13 6 8 6 14 7 9 7 15 8 10 8 16 9 11 9 17 10 18 11 19 12 14 12 22 13 15 13 23 14 16 15 17 16 18 17 19 18 20 19 21 20 22 21 23
D12_3395 24 36 0 3 0 9 0 20 1 4 1 10 1 21 2 5 2 11 2 22 3 6 3 23 4 7 4 12 5 8 5 13 6 9 6 14 7 10 7 15 8 11 8 16 9 17 10 18 11 19 12 15 12 21 13 16 13 22 14 17 14 23 15 18 16 19 17 20 18 21 19 22 20 23
D12_3396 24 36 0 5 0 7 0 20 1 6 1 8 1 21 2 7 2 9 2 22 3 8 3 10 3 23 4 9 4 11 4 12 5 10 5 13 6 11 6 14 7 15 8 16 9 17 10 18 11 19 12 17 12 19 13 18 13 20 14 19 14 21 15 20 15 22 16 21 16 23 17 22 18 23
D12_3397 24 24 0 6 0 20 1 7 1 21 2 8 2 22 3 9 3 23 4 10 4 12 5 11 5 13 6 14 7 15 8 16 9 17 10 18 11 19 12 18 13 19 14 20 15 21 16 22 17 23
D12_3402 24 24 0 21 0 22 1 22 1 23 2 12 2 23 3 12 3 13 4 13 4 14 5 14 5 15 6 15 6 16 7 16 7 17 8 17 8 18 9 18 9 19 10 19 10 20 11 20 11 21
D12_3403 24 24 0 21 0 23 1 12 1 22 2 13 2 23 3 12 3 14 4 13 4 15 5 14 5 16 6 15 6 17 7 16 7 18 8 17 8 19 9 18 9 20 10 19 10 21 11 20 11 22
D12_3404 24 36 0 1 0 11 0 21 1 2 1 22 2 3 2 23 3 4 3 12 4 5 4 13 5 6 5 14 6 7 6 15 7 8 7 16 8 9 8 17 9 10 9 18 10 11 10 19 11 20 12 13 12 23 13 14 14 15 15 16 16 17 17 18 18 19 19 20 20 21 21 22 22 23
D12_3405 24 36 0 2 0 10 0 21 1 3 1 11 1 22 2 4 2 23 3 5 3 12 4 6 4 13 5 7 5 14 6 8 6 15 7 9 7 16 8 10 8 17 9 11 9 18 10 19 11 20 12 14 12 22 13 15 13 23 14 16 15 17 16 18 17 19 18 20 19 21 20 22 21 23
D12_3406 24 36 0 3 0 9 0 21 1 4 1 10 1 22 2 5 2 11 2 23 3 6 3 12 4 7 4 13 5 8 5 14 6 9 6 15 7 10 7 16 8 11 8 17 9 18 10 19 11 20 12 15 12 21 13 16 13 22 14 17 14 23 15 18 16 19 17 20 18 21 19 22 20 23
D12_3407 24 36 0 5 0 7 0 21 1 6 1 8 1 22 2 7 2 9 2 23 3 8 3 10 3 12 4 9 4 11 4 13 5 10 5 14 6 11 6 15 7 16 8 17 9 18 10 19 11 20 12 17 12 19 13 18 13 20 14 19 14 21 15 20 15 22 16 21 16 23 17 22 18 23
D12_3408 24 24 0 6 0 21 1 7 1 22 2 8 2 23 3 9 3 12 4 10 4 13 5 11 5 14 6 15 7 16 8 17 9 18 10 19 11 20 12 18 13 19 14 20 15 21 16 22 17 23
D12_3413 24 24 0 22 0 23 1 12 1 23 2 12 2 13 3 13 3 14 4 14 4 15 5 15 5 16 6 16 6 17 7 17 7 18 8 18 8 19 9 19 9 20 10 20 10 21 11 21 11 22
D12_3414 24 36 0 1 0 11 0 22 1 2 1 23 2 3 2 12 3 4 3 13 4 5 4 14 5 6 5 15 6 7 6 16 7 8 7 17 8 9 8 18 9 10 9 19 10 11 10 20 11 21 12 13 12 23 13 14 14 15 15 16 16 17 17 18 18 19 19 20 20 21 21 22 22 23
D12_3415 24 36 0 2 0 10 0 22 1 3 1 11 1 23 2 4 2 12 3 5 3 13 4 6 4 14 5 7 5 15 6 8 6 16 7 9 7 17 8 10 8 18 9 11 9 19 10 20 11 21 12 14 12 22 13 15 13 23 14 16 15 17 16 18 17 19 18 20 19 21 20 22 21 23
D12_3416 24 36 0 3 0 9 0 22 1 4 1 10 1 23 2 5 2 11 2 12 3 6 3 13 4 7 4 14 5 8 5 15 6 9 6 16 7 10 7 17 8 11 8 18 9 19 10 20 11 21 12 15 12 21 13 16 13 22 14 17 14 23 15 18 16 19 17 20 18 21 19 22 20 23
D12_3417 24 36 0 5 0 7 0 22 1 6 1 8 1 23 2 7 2 9 2 12 3 8 3 10 3 13 4 9 4 11 4 14 5 10 5 15 6 11 6 16 7 17 8 18 9 19 10 20 11 21 12 17 12 19 13 18 13 20 14 19 14 21 15 20 15 22 16 21 16 23 17 22 18 23
D12_3418 24 24 0 6 0 22 1 7 1 23 2 8 2 12 3 9 3 13 4 10 4 14 5 11 5 15 6 16 7 17 8 18 9 19 10 20 11 21 12 18 13 19 14 20 15 21 16 22 17 23
D12_3423 24 36 0 1 0 11 0 23 1 2 1 12 2 3 2 13 3 4 3 14 4 5 4 15 5 6 5 16 6 7 6 17 7 8 7 18 8 9 8 19 9 10 9 20 10 11 10 21 11 22 12 13 12 23 13 14 14 15 15 16 16 17 17 18 18 19 19 20 20 21 21 22 22 23
D12_3424 24 36 0 2 0 10 0 23 1 3 1 11 1 12 2 4 2 13 3 5 3 14 4 6 4 15 5 7 5 16 6 8 6 17 7 9 7 18 8 10 8 19 9 11 9 20 10 21 11 22 12 14 12 22 13 15 13 23 14 16 15 17 16 18 17 19 18 20 19 21 20 22 21 23
D12_3425 24 36 0 3 0 9 0 23 1 4 1 10 1 12 2 5 2 11 2 13 3 6 3 14 4 7 4 15 5 8 5 16 6 9 6 17 7 10 7 18 8 11 8 19 9 20 10 21 11 22 12 15 12 21 13 16 13 22 14 17 14 23 15 18 16 19 17 20 18 21 19 22 20 23
D12_3426 24 36 0 5 0 7 0 23 1 6 1 8 1 12 2 7 2 9 2 13 3 8 3 10 3 14 4 9 4 11 4 15 5 10 5 16 6 11 6 17 7 18 8 19 9 20 10 21 11 22 12 17 12 19 13 18 13 20 14 19 14 21 15 20 15 22 16 21 16 23 17 22 18 23
D12_3427 24 24 0 6 0 23 1 7 1 12 2 8 2 13 3 9 3 14 4 10 4 15 5 11 5 16 6 17 7 18 8 19 9 20 10 21 11 22 12 18 13 19 14 20 15 21 16 22 17 23
D12_3432 24 48 0 1 0 3 0 9 0 11 1 2 1 4 1 10 2 3 2 5 2 11 3 4 3 6 4 5 4 7 5 6 5 8 6 7 6 9 7 8 7 10 8 9 8 11 9 10 10 11 12 13 12 15 12 21 12 23 13 14 13 16 13 22 14 15 14 17 14 23 15 16 15 18 16 17 16 19 17 18 17 20 18 19 18 21 19 20 19 22 20 21 20 23 21 22 22 23
D12_3433 24 48 0 1 0 5 0 7 0 11 1 2 1 6 1 8 2 3 2 7 2 9 3 4 3 8 3 10 4 5 4 9 4 11 5 6 5 10 6 7 6 11 7 8 8 9 9 10 10 11 12 13 12 17 12 19 12 23 13 14 13 18 13 20 14 15 14 19 14 21 15 16 15 20 15 22 16 17 16 21 16 23 17 18 17 22 18 19 18 23 19 20 20 21 21 22 22 23
D12_3434 24 36 0 1 0 6 0 11 1 2 1 7 2 3 2 8 3 4 3 9 4 5 4 10 5 6 5 11 6 7 7 8 8 9 9 10 10 11 12 13 12 18 12 23 13 14 13 19 14 15 14 20 15 16 15 21 16 17 16 22 17 18 17 23 18 19 19 20 20 21 21 22 22 23
D12_3438 24 48 0 2 0 3 0 9 0 10 1 3 1 4 1 10 1 11 2 4 2 5 2 11 3 5 3 6 4 6 4 7 5 7 5 8 6 8 6 9 7 9 7 10 8 10 8 11 9 11 12 14 12 15 12 21 12 22 13 15 13 16 13 22 13 23 14 16 14 17 14 23 15 17 15 18 16 18 16 19 17 19 17 20 18 20 18 21 19 21 19 22 20 22 20 23 21 23
D12_3439 24 36 0 2 0 6 0 10 1 3 1 7 1 11 2 4 2 8 3 5 3 9 4 6 4 10 5 7 5 11 6 8 7 9 8 10 9 11 12 14 12 18 12 22 13 15 13 19 13 23 14 16 14 20 15 17 15 21 16 18 16 22 17 19 17 23 18 20 19 21 20 22 21 23
D12_3442 24 48 0 3 0 5 0 7 0 9 1 4 1 6 1 8 1 10 2 5 2 7 2 9 2 11 3 6 3 8 3 10 4 7 4 9 4 11 5 8 5 10 6 9 6 11 7 10 8 11 12 15 12 17 12 19 12 21 13 16 13 18 13 20 13 22 14 17 14 19 14 21 14 23 15 18 15 20 15 22 16 19 16 21 16 23 17 20 17 22 18 21 18 23 19 22 20 23
D12_3447 24 36 0 5 0 6 0 7 1 6 1 7 1 8 2 7 2 8 2 9 3 8 3 9 3 10 4 9 4 10 4 11 5 10 5 11 6 11 12 17 12 18 12 19 13 18 13 19 13 20 14 19 14 20 14 21 15 20 15 21 15 22 16 21 16 22 16 23 17 22 17 23 18 23
D12_3458 24 36 0 12 0 13 0 14 1 13 1 14 1 15 2 14 2 15 2 16 3 15 3 16 3 17 4 16 4 17 4 18 5 17 5 18 5 19 6 18 6 19 6 20 7 19 7 20 7 21 8 20 8 21 8 22 9 21 9 22 9 23 10 12 10 22 10 23 11 12 11 13 11 23
D12_3459 24 36 0 12 0 13 0 15 1 13 1 14 1 16 2 14 2 15 2 17 3 15 3 16 3 18 4 16 4 17 4 19 5 17 5 18 5 20 6 18 6 19 6 21 7 19 7 20 7 22 8 20 8 21 8 23 9 12 9 21 9 22 10 13 10 22 10 23 11 12 11 14 11 23
D12_3460 24 36 0 12 0 13 0 16 1 13 1 14 1 17 2 14 2 15 2 18 3 15 3 16 3 19 4 16 4 17 4 20 5 17 5 18 5 21 6 18 6 19 6 22 7 19 7 20 7 23 8 12 8 20 8 21 9 13 9 21 9 22 10 14 10 22 10 23 11 12 11 15 11 23
D12_3461 24 36 0 12 0 13 0 17 1 13 1 14 1 18 2 14 2 15 2 19 3 15 3 16 3 20 4 16 4 17 4 21 5 17 5 18 5 22 6 18 6 19 6 23 7 12 7 19 7 20 8 13 8 20 8 21 9 14 9 21 9 22 10 15 10 22 10 23 11 12 11 16 11 23
D12_3462 24 36 0 12 0 13 0 18 1 13 1 14 1 19 2 14 2 15 2 20 3 15 3 16 3 21 4 16 4 17 4 22 5 17 5 18 5 23 6 12 6 18 6 19 7 13 7 19 7 20 8 14 8 20 8 21 9 15 9 21 9 22 10 16 10 22 10 23 11 12 11 17 11 23
D12_3463 24 36 0 12 0 13 0 19 1 13 1 14 1 20 2 14 2 15 2 21 3 15 3 16 3 22 4 16 4 17 4 23 5 12 5 17 5 18 6 13 6 18 6 19 7 14 7 19 7 20 8 15 8 20 8 21 9 16 9 21 9 22 10 17 10 22 10 23 11 12 11 18 11 23
D12_3464 24 36 0 12 0 13 0 20 1 13 1 14 1 21 2 14 2 15 2 22 3 15 3 16 3 23 4 12 4 16 4 17 5 13 5 17 5 18 6 14 6 18 6 19 7 15 7 19 7 20 8 16 8 20 8 21 9 17 9 21 9 22 10 18 10 22 10 23 11 12 11 19 11 23
D12_3465 24 36 0 12 0 13 0 21 1 13 1 14 1 22 2 14 2 15 2 23 3 12 3 15 3 16 4 13 4 16 4 17 5 14 5 17 5 18 6 15 6 18 6 19 7 16 7 19 7 20 8 17 8 20 8 21 9 18 9 21 9 22 10 19 10 22 10 23 11 12 11 20 11 23
D12_3466 24 36 0 12 0 13 0 22 1 13 1 14 1 23 2 12 2 14 2 15 3 13 3 15 3 16 4 14 4 16 4 17 5 15 5 17 5 18 6 16 6 18 6 19 7 17 7 19 7 20 8 18 8 20 8 21 9 19 9 21 9 22 10 20 10 22 10 23 11 12 11 21 11 23
D12_3467 24 36 0 12 0 13 0 23 1 12 1 13 1 14 2 13 2 14 2 15 3 14 3 15 3 16 4 15 4 16 4 17 5 16 5 17 5 18 6 17 6 18 6 19 7 18 7 19 7 20 8 19 8 20 8 21 9 20 9 21 9 22 10 21 10 22 10 23 11 12 11 22 11 23
D12_3468 24 48 0 2 0 10 0 12 0 13 1 3 1 11 1 13 1 14 2 4 2 14 2 15 3 5 3 15 3 16 4 6 4 16 4 17 5 7 5 17 5 18 6 8 6 18 6 19 7 9 7 19 7 20 8 10 8 20 8 21 9 11 9 21 9 22 10 22 10 23 11 12 11 23 12 14 12 22 13 15 13 23 14 16 15 17 16 18 17 19 18 20 19 21 20 22 21 23
D12_3469 24 48 0 3 0 9 0 12 0 13 1 4 1 10 1 13 1 14 2 5 2 11 2 14 2 15 3 6 3 15 3 16 4 7 4 16 4 17 5 8 5 17 5 18 6 9 6 18 6 19 7 10 7 19 7 20 8 11 8 20 8 21 9 21 9 22 10 22 10 23 11 12 11 23 12 15 12 21 13 16 13 22 14 17 14 23 15 18 16 19 17 20 18 21 19 22 20 23
D12_3470 24 48 0 5 0 7 0 12 0 13 1 6 1 8 1 13 1 14 2 7 2 9 2 14 2 15 3 8 3 10 3 15 3 16 4 9 4 11 4 16 4 17 5 10 5 17 5 18 6 11 6 18 6 19 7 19 7 20 8 20 8 21 9 21 9 22 10 22 10 23 11 12 11 23 12 17 12 19 13 18 13 20 14 19 14 21 15 20 15 22 16 21 16 23 17 22 18 23
D12_3471 24 36 0 6 0 12 0 13 1 7 1 13 1 14 2 8 2 14 2 15 3 9 3 15 3 16 4 10 4 16 4 17 5 11 5 17 5 18 6 18 6 19 7 19 7 20 8 20 8 21 9 21 9 22 10 22 10 23 11 12 11 23 12 18 13 19 14 20 15 21 16 22 17 23
D12_3475 24 36 0 12 0 14 0 15 1 13 1 15 1 16 2 14 2 16 2 17 3 15 3 17 3 18 4 16 4 18 4 19 5 17 5 19 5 20 6 18 6 20 6 21 7 19 7 21 7 22 8 20 8 22 8 23 9 12 9 21 9 23 10 12 10 13 10 22 11 13 11 14 11 23
D12_3476 24 36 0 12 0 14 0 16 1 13 1 15 1 17 2 14 2 16 2 18 3 15 3 17 3 19 4 16 4 18 4 20 5 17 5 19 5 21 6 18 6 20 6 22 7 19 7 21 7 23 8 12 8 20 8 22 9 13 9 21 9 23 10 12 10 14 10 22 11 13 11 15 11 23
D12_3477 24 36 0 12 0 14 0 17 1 13 1 15 1 18 2 14 2 16 2 19 3 15 3 17 3 20 4 16 4 18 4 21 5 17 5 19 5 22 6 18 6 20 6 23 7 12 7 19 7 21 8 13 8 20 8 22 9 14 9 21 9 23 10 12 10 15 10 22 11 13 11 16 11 23
D12_3478 24 36 0 12 0 14 0 18 1 13 1 15 1 19 2 14 2 16 2 20 3 15 3 17 3 21 4 16 4 18 4 22 5 17 5 19 5 23 6 12 6 18 6 20 7 13 7 19 7 21 8 14 8 20 8 22 9 15 9 21 9 23 10 12 10 16 10 22 11 13 11 17 11 23
D12_3479 24 36 0 12 0 14 0 19 1 13 1 15 1 20 2 14 2 16 2 21 3 15 3 17 3 22 4 16 4 18 4 23 5 12 5 17 5 19 6 13 6 18 6 20 7 14 7 19 7 21 8 15 8 20 8 22 9 16 9 21 9 23 10 12 10 17 10 22 11 13 11 18 11 23
D12_3480 24 36 0 12 0 14 0 20 1 13 1 15 1 21 2 14 2 16 2 22 3 15 3 17 3 23 4 12 4 16 4 18 5 13 5 17 5 19 6 14 6 18 6 20 7 15 7 19 7 21 8 16 8 20 8 22 9 17 9 21 9 23 10 12 10 18 10 22 11 13 11 19 11 23
D12_3481 24 36 0 12 0 14 0 21 1 13 1 15 1 22 2 14 2 16 2 23 3 12 3 15 3 17 4 13 4 16 4 18 5 14 5 17 5 19 6 15 6 18 6 20 7 16 7 19 7 21 8 17 8 20 8 22 9 18 9 21 9 23 10 12 10 19 10 22 11 13 11 20 11 23
D12_3482 24 36 0 12 0 14 0 22 1 13 1 15 1 23 2 12 2 14 2 16 3 13 3 15 3 17 4 14 4 16 4 18 5 15 5 17 5 19 6 16 6 18 6 20 7 17 7 19 7 21 8 18 8 20 8 22 9 19 9 21 9 23 10 12 10 20 10 22 11 13 11 21 11 23
D12_3483 24 36 0 12 0 14 0 23 1 12 1 13 1 15 2 13 2 14 2 16 3 14 3 15 3 17 4 15 4 16 4 18 5 16 5 17 5 19 6 17 6 18 6 20 7 18 7 19 7 21 8 19 8 20 8 22 9 20 9 21 9 23 10 12 10 21 10 22 11 13 11 22 11 23
D12_3484 24 48 0 1 0 11 0 12 0 14 1 2 1 13 1 15 2 3 2 14 2 16 3 4 3 15 3 17 4 5 4 16 4 18 5 6 5 17 5 19 6 7 6 18 6 20 7 8 7 19 7 21 8 9 8 20 8 22 9 10 9 21 9 23 10 11 10 12 10 22 11 13 11 23 12 13 12 23 13 14 14 15 15 16 16 17 17 18 18 19 19 20 20 21 21 22 22 23
D12_3485 24 48 0 3 0 9 0 12 0 14 1 4 1 10 1 13 1 15 2 5 2 11 2 14 2 16 3 6 3 15 3 17 4 7 4 16 4 18 5 8 5 17 5 19 6 9 6 18 6 20 7 10 7 19 7 21 8 11 8 20 8 22 9 21 9 23 10 12 10 22 11 13 11 23 12 15 12 21 13 16 13 22 14 17 14 23 15 18 16 19 17 20 18 21 19 22 20 23
D12_3486 24 48 0 5 0 7 0 12 0 14 1 6 1 8 1 13 1 15 2 7 2 9 2 14 2 16 3 8 3 10 3 15 3 17 4 9 4 11 4 16 4 18 5 10 5 17 5 19 6 11 6 18 6 20 7 19 7 21 8 20 8 22 9 21 9 23 10 12 10 22 11 13 11 23 12 17 12 19 13 18 13 20 14 19 14 21 15 20 15 22 16 21 16 23 17 22 18 23
D12_3487 24 36 0 6 0 12 0 14 1 7 1 13 1 15 2 8 2 14 2 16 3 9 3 15 3 17 4 10 4 16 4 18 5 11 5 17 5 19 6 18 6 20 7 19 7 21 8 20 8 22 9 21 9 23 10 12 10 22 11 13 11 23 12 18 13 19 14 20 15 21 16 22 17 23
D12_3491 24 36 0 12 0 15 0 16 1 13 1 16 1 17 2 14 2 17 2 18 3 15 3 18 3 19 4 16 4 19 4 20 5 17 5 20 5 21 6 18 6 21 6 22 7 19 7 22 7 23 8 12 8 20 8 23 9 12 9 13 9 21 10 13 10 14 10 22 11 14 11 15 11 23
D12_3492 24 36 0 12 0 15 0 17 1 13 1 16 1 18 2 14 2 17 2 19 3 15 3 18 3 20 4 16 4 19 4 21 5 17 5 20 5 22 6 18 6 21 6 23 7 12 7 19 7 22 8 13 8 20 8 23 9 12 9 14 9 21 10 13 10 15 10 22 11 14 11 16 11 23
D12_3493 24 36 0 12 0 15 0 18 1 13 1 16 1 19 2 14 2 17 2 20 3 15 3 18 3 21 4 16 4 19 4 22 5 17 5 20 5 23 6 12 6 18 6 21 7 13 7 19 7 22 8 14 8 20 8 23 9 12 9 15 9 21 10 13 10 16 10 22 11 14 11 17 11 23
D12_3494 24 36 0 12 0 15 0 19 1 13 1 16 1 20 2 14 2 17 2 21 3 15 3 18 3 22 4 16 4 19 4 23 5 12 5 17 5 20 6 13 6 18 6 21 7 14 7 19 7 22 8 15 8 20 8 23 9 12 9 16 9 21 10 13 10 17 10 22 11 14 11 18 11 23
D12_3495 24 36 0 12 0 15 0 20 1 13 1 16 1 21 2 14 2 17 2 22 3 15 3 18 3 23 4 12 4 16 4 19 5 13 5 17 5 20 6 14 6 18 6 21 7 15 7 19 7 22 8 16 8 20 8 23 9 12 9 17 9 21 10 13 10 18 10 22 11 14 11 19 11 23
D12_3496 24 36 0 12 0 15 0 21 1 13 1 16 1 22 2 14 2 17 2 23 3 12 3 15 3 18 4 13 4 16 4 19 5 14 5 17 5 20 6 15 6 18 6 21 7 16 7 19 7 22 8 17 8 20 8 23 9 12 9 18 9 21 10 13 10 19 10 22 11 14 11 20 11 23
D12_3497 24 36 0 12 0 15 0 22 1 13 1 16 1 23 2 12 2 14 2 17 3 13 3 15 3 18 4 14 4 16 4 19 5 15 5 17 5 20 6 16 6 18 6 21 7 17 7 19 7 22 8 18 8 20 8 23 9 12 9 19 9 21 10 13 10 20 10 22 11 14 11 21 11 23
D12_3498 24 36 0 12 0 15 0 23 1 12 1 13 1 16 2 13 2 14 2 17 3 14 3 15 3 18 4 15 4 16 4 19 5 16 5 17 5 20 6 17 6 18 6 21 7 18 7 19 7 22 8 19 8 20 8 23 9 12 9 20 9 21 10 13 10 21 10 22 11 14 11 22 11 23
D12_3499 24 48 0 1 0 11 0 12 0 15 1 2 1 13 1 16 2 3 2 14 2 17 3 4 3 15 3 18 4 5 4 16 4 19 5 6 5 17 5 20 6 7 6 18 6 21 7 8 7 19 7 22 8 9 8 20 8 23 9 10 9 12 9 21 10 11 10 13 10 22 11 14 11 23 12 13 12 23 13 14 14 15 15 16 16 17 17 18 18 19 19 20 20 21 21 22 22 23
D12_3500 24 48 0 2 0 10 0 12 0 15 1 3 1 11 1 13 1 16 2 4 2 14 2 17 3 5 3 15 3 18 4 6 4 16 4 19 5 7 5 17 5 20 6 8 6 18 6 21 7 9 7 19 7 22 8 10 8 20 8 23 9 11 9 12 9 21 10 13 10 22 11 14 11 23 12 14 12 22 13 15 13 23 14 16 15 17 16 18 17 19 18 20 19 21 20 22 21 23
D12_3501 24 48 0 5 0 7 0 12 0 15 1 6 1 8 1 13 1 16 2 7 2 9 2 14 2 17 3 8 3 10 3 15 3 18 4 9 4 11 4 16 4 19 5 10 5 17 5 20 6 11 6 18 6 21 7 19 7 22 8 20 8 23 9 12 9 21 10 13 10 22 11 14 11 23 12 17 12 19 13 18 13 20 14 19 14 21 15 20 15 22 16 21 16 23 17 22 18 23
D12_3502 24 36 0 6 0 12 0 15 1 7 1 13 1 16 2 8 2 14 2 17 3 9 3 15 3 18 4 10 4 16 4 19 5 11 5 17 5 20 6 18 6 21 7 19 7 22 8 20 8 23 9 12 9 21 10 13 10 22 11 14 11 23 12 18 13 19 14 20 15 21 16 22 17 23
D12_3506 24 36 0 12 0 16 0 17 1 13 1 17 1 18 2 14 2 18 2 19 3 15 3 19 3 20 4 16 4 20 4 21 5 17 5 21 5 22 6 18 6 22 6 23 7 12 7 19 7 23 8 12 8 13 8 20 9 13 9 14 9 21 10 14 10 15 10 22 11 15 11 16 11 23
D12_3507 24 36 0 12 0 16 0 18 1 13 1 17 1 19 2 14 2 18 2 20 3 15 3 19 3 21 4 16 4 20 4 22 5 17 5 21 5 23 6 12 6 18 6 22 7 13 7 19 7 23 8 12 8 14 8 20 9 13 9 15 9 21 10 14 10 16 10 22 11 15 11 17 11 23
D12_3508 24 36 0 12 0 16 0 19 1 13 1 17 1 20 2 14 2 18 2 21 3 15 3 19 3 22 4 16 4 20 4 23 5 12 5 17 5 21 6 13 6 18 6 22 7 14 7 19 7 23 8 12 8 15 8 20 9 13 9 16 9 21 10 14 10 17 10 22 11 15 11 18 11 23
D12_3509 24 36 0 12 0 16 0 20 1 13 1 17 1 21 2 14 2 18 2 22 3 15 3 19 3 23 4 12 4 16 4 20 5 13 5 17 5 21 6 14 6 18 6 22 7 15 7 19 7 23 8 12 8 16 8 20 9 13 9 17 9 21 10 14 10 18 10 22 11 15 11 19 11 23
D12_3510 24 36 0 12 0 16 0 21 1 13 1 17 1 22 2 14 2 18 2 23 3 12 3 15 3 19 4 13 4 16 4 20 5 14 5 17 5 21 6 15 6 18 6 22 7 16 7 19 7 23 8 12 8 17 8 20 9 13 9 18 9 21 10 14 10 19 10 22 11 15 11 20 11 23
D12_3511 24 36 0 12 0 16 0 22 1 13 1 17 1 23 2 12 2 14 2 18 3 13 3 15 3 19 4 14 4 16 4 20 5 15 5 17 5 21 6 16 6 18 6 22 7 17 7 19 7 23 8 12 8 18 8 20 9 13 9 19 9 21 10 14 10 20 10 22 11 15 11 21 11 23
D12_3512 24 36 0 12 0 16 0 23 1 12 1 13 1 17 2 13 2 14 2 18 3 14 3 15 3 19 4 15 4 16 4 20 5 16 5 17 5 21 6 17 6 18 6 22 7 18 7 19 7 23 8 12 8 19 8 20 9 13 9 20 9 21 10 14 10 21 10 22 11 15 11 22 11 23
D12_3513 24 48 0 1 0 11 0 12 0 16 1 2 1 13 1 17 2 3 2 14 2 18 3 4 3 15 3 19 4 5 4 16 4 20 5 6 5 17 5 21 6 7 6 18 6 22 7 8 7 19 7 23 8 9 8 12 8 20 9 10 9 13 9 21 10 11 10 14 10 22 11 15 11 23 12 13 12 23 13 14 14 15 15 16 16 17 17 18 18 19 19 20 20 21 21 22 22 23
D12_3514 24 48 0 2 0 10 0 12 0 16 1 3 1 11 1 13 1 17 2 4 2 14 2 18 3 5 3 15 3 19 4 6 4 16 4 20 5 7 5 17 5 21 6 8 6 18 6 22 7 9 7 19 7 23 8 10 8 12 8 20 9 11 9 13 9 21 10 14 10 22 11 15 11 23 12 14 12 22 13 15 13 23 14 16 15 17 16 18 17 19 18 20 19 21 20 22 21 23
D12_3515 24 48 0 3 0 9 0 12 0 16 1 4 1 10 1 13 1 17 2 5 2 11 2 14 2 18 3 6 3 15 3 19 4 7 4 16 4 20 5 8 5 17 5 21 6 9 6 18 6 22 7 10 7 19 7 23 8 11 8 12 8 20 9 13 9 21 10 14 10 22 11 15 11 23 12 15 12 21 13 16 13 22 14 17 14 23 15 18 16 19 17 20 18 21 19 22 20 23
D12_3516 24 48 0 5 0 7 0 12 0 16 1 6 1 8 1 13 1 17 2 7 2 9 2 14 2 18 3 8 3 10 3 15 3 19 4 9 4 11 4 16 4 20 5 10 5 17 5 21 6 11 6 18 6 22 7 19 7 23 8 12 8 20 9 13 9 21 10 14 10 22 11 15 11 23 12 17 12 19 13 18 13 20 14 19 14 21 15 20 15 22 16 21 16 23 17 22 18 23
D12_3517 24 36 0 6 0 12 0 16 1 7 1 13 1 17 2 8 2 14 2 18 3 9 3 15 3 19 4 10 4 16 4 20 5 11 5 17 5 21 6 18 6 22 7 19 7 23 8 12 8 20 9 13 9 21 10 14 10 22 11 15 11 23 12 18 13 19 14 20 15 21 16 22 17 23
D12_3522 24 36 0 12 0 17 0 18 1 13 1 18 1 19 2 14 2 19 2 20 3 15 3 20 3 21 4 16 4 21 4 22 5 17 5 22 5 23 6 12 6 18 6 23 7 12 7 13 7 19 8 13 8 14 8 20 9 14 9 15 9 21 10 15 10 16 10 22 11 16 11 17 11 23
D12_3523 24 36 0 12 0 17 0 19 1 13 1 18 1 20 2 14 2 19 2 21 3 15 3 20 3 22 4 16 4 21 4 23 5 12 5 17 5 22 6 13 6 18 6 23 7 12 7 14 7 19 8 13 8 15 8 20 9 14 9 16 9 21 10 15 10 17 10 22 11 16 11 18 11 23
D12_3524 24 36 0 12 0 17 0 20 1 13 1 18 1 21 2 14 2 19 2 22 3 15 3 20 3 23 4 12 4 16 4 21 5 13 5 17 5 22 6 14 6 18 6 23 7 12 7 15 7 19 8 13 8 16 8 20 9 14 9 17 9 21 10 15 10 18 10 22 11 16 11 19 11 23
D12_3525 24 36 0 12 0 17 0 21 1 13 1 18 1 22 2 14 2 19 2 23 3 12 3 15 3 20 4 13 4 16 4 21 5 14 5 17 5 22 6 15 6 18 6 23 7 12 7 16 7 19 8 13 8 17 8 20 9 14 9 18 9 21 10 15 10 19 10 22 11 16 11 20 11 23
D12_3526 24 36 0 12 0 17 0 22 1 13 1 18 1 23 2 12 2 14 2 19 3 13 3 15 3 20 4 14 4 16 4 21 5 15 5 17 5 22 6 16 6 18 6 23 7 12 7 17 7 19 8 13 8 18 8 20 9 14 9 19 9 21 10 15 10 20 10 22 11 16 11 21 11 23
D12_3527 24 36 0 12 0 17 0 23 1 12 1 13 1 18 2 13 2 14 2 19 3 14 3 15 3 20 4 15 4 16 4 21 5 16 5 17 5 22 6 17 6 18 6 23 7 12 7 18 7 19 8 13 8 19 8 20 9 14 9 20 9 21 10 15 10 21 10 22 11 16 11 22 11 23
D12_3528 24 48 0 1 0 11 0 12 0 17 1 2 1 13 1 18 2 3 2 14 2 19 3 4 3 15 3 20 4 5 4 16 4 21 5 6 5 17 5 22 6 7 6 18 6 23 7 8 7 12 7 19 8 9 8 13 8 20 9 10 9 14 9 21 10 11 10 15 10 22 11 16 11 23 12 13 12 23 13 14 14 15 15 16 16 17 17 18 18 19 19 20 20 21 21 22 22 23
D12_3529 24 48 0 2 0 10 0 12 0 17 1 3 1 11 1 13 1 18 2 4 2 14 2 19 3 5 3 15 3 20 4 6 4 16 4 21 5 7 5 17 5 22 6 8 6 18 6 23 7 9 7 12 7 19 8 10 8 13 8 20 9 11 9 14 9 21 10 15 10 22 11 16 11 23 12 14 12 22 13 15 13 23 14 16 15 17 16 18 17 19 18 20 19 21 20 22 21 23
D12_3530 24 48 0 3 0 9 0 12 0 17 1 4 1 10 1 13 1 18 2 5 2 11 2 14 2 19 3 6 3 15 3 20 4 7 4 16 4 21 5 8 5 17 5 22 6 9 6 18 6 23 7 10 7 12 7 19 8 11 8 13 8 20 9 14 9 21 10 15 10 22 11 16 11 23 12 15 12 21 13 16 13 22 14 17 14 23 15 18 16 19 17 20 18 21 19 22 20 23
D12_3531 24 36 0 6 0 12 0 17 1 7 1 13 1 18 2 8 2 14 2 19 3 9 3 15 3 20 4 10 4 16 4 21 5 11 5 17 5 22 6 18 6 23 7 12 7 19 8 13 8 20 9 14 9 21 10 15 10 22 11 16 11 23 12 18 13 19 14 20 15 21 16 22 17 23
D12_3535 24 36 0 12 0 18 0 19 1 13 1 19 1 20 2 14 2 20 2 21 3 15 3 21 3 22 4 16 4 22 4 23 5 12 5 17 5 23 6 12 6 13 6 18 7 13 7 14 7 19 8 14 8 15 8 20 9 15 9 16 9 21 10 16 10 17 10 22 11 17 11 18 11 23
D12_3536 24 36 0 12 0 18 0 20 1 13 1 19 1 21 2 14 2 20 2 22 3 15 3 21 3 23 4 12 4 16 4 22 5 13 5 17 5 23 6 12 6 14 6 18 7 13 7 15 7 19 8 14 8 16 8 20 9 15 9 17 9 21 10 16 10 18 10 22 11 17 11 19 11 23
D12_3537 24 36 0 12 0 18 0 21 1 13 1 19 1 22 2 14 2 20 2 23 3 12 3 15 3 21 4 13 4 16 4 22 5 14 5 17 5 23 6 12 6 15 6 18 7 13 7 16 7 19 8 14 8 17 8 20 9 15 9 18 9 21 10 16 10 19 10 22 11 17 11 20 11 23
D12_3538 24 36 0 12 0 18 0 22 1 13 1 19 1 23 2 12 2 14 2 20 3 13 3 15 3 21 4 14 4 16 4 22 5 15 5 17 5 23 6 12 6 16 6 18 7 13 7 17 7 19 8 14 8 18 8 20 9 15 9 19 9 21 10 16 10 20 10 22 11 17 11 21 11 23
D12_3539 24 36 0 12 0 18 0 23 1 12 1 13 1 19 2 13 2 14 2 20 3 14 3 15 3 21 4 15 4 16 4 22 5 16 5 17 5 23 6 12 6 17 6 18 7 13 7 18 7 19 8 14 8 19 8 20 9 15 9 20 9 21 10 16 10 21 10 22 11 17 11 22 11 23
D12_3540 24 48 0 1 0 11 0 12 0 18 1 2 1 13 1 19 2 3 2 14 2 20 3 4 3 15 3 21 4 5 4 16 4 22 5 6 5 17 5 23 6 7 6 12 6 18 7 8 7 13 7 19 8 9 8 14 8 20 9 10 9 15 9 21 10 11 10 16 10 22 11 17 11 23 12 13 12 23 13 14 14 15 15 16 16 17 17 18 18 19 19 20 20 21 21 22 22 23
D12_3541 24 48 0 2 0 10 0 12 0 18 1 3 1 11 1 13 1 19 2 4 2 14 2 20 3 5 3 15 3 21 4 6 4 16 4 22 5 7 5 17 5 23 6 8 6 12 6 18 7 9 7 13 7 19 8 10 8 14 8 20 9 11 9 15 9 21 10 16 10 22 11 17 11 23 12 14 12 22 13 15 13 23 14 16 15 17 16 18 17 19 18 20 19 21 20 22 21 23
D12_3542 24 48 0 3 0 9 0 12 0 18 1 4 1 10 1 13 1 19 2 5 2 11 2 14 2 20 3 6 3 15 3 21 4 7 4 16 4 22 5 8 5 17 5 23 6 9 6 12 6 18 7 10 7 13 7 19 8 11 8 14 8 20 9 15 9 21 10 16 10 22 11 17 11 23 12 15 12 21 13 16 13 22 14 17 14 23 15 18 16 19 17 20 18 21 19 22 20 23
D12_3543 24 48 0 5 0 7 0 12 0 18 1 6 1 8 1 13 1 19 2 7 2 9 2 14 2 20 3 8 3 10 3 15 3 21 4 9 4 11 4 16 4 22 5 10 5 17 5 23 6 11 6 12 6 18 7 13 7 19 8 14 8 20 9 15 9 21 10 16 10 22 11 17 11 23 12 17 12 19 13 18 13 20 14 19 14 21 15 20 15 22 16 21 16 23 17 22 18 23
D12_3548 24 36 0 12 0 19 0 20 1 13 1 20 1 21 2 14 2 21 2 22 3 15 3 22 3 23 4 12 4 16 4 23 5 12 5 13 5 17 6 13 6 14 6 18 7 14 7 15 7 19 8 15 8 16 8 20 9 16 9 17 9 21 10 17 10 18 10 22 11 18 11 19 11 23
D12_3549 24 36 0 12 0 19 0 21 1 13 1 20 1 22 2 14 2 21 2 23 3 12 3 15 3 22 4 13 4 16 4 23 5 12 5 14 5 17 6 13 6 15 6 18 7 14 7 16 7 19 8 15 8 17 8 20 9 16 9 18 9 21 10 17 10 19 10 22 11 18 11 20 11 23
D12_3550 24 36 0 12 0 19 0 22 1 13 1 20 1 23 2 12 2 14 2 21 3 13 3 15 3 22 4 14 4 16 4 23 5 12 5 15 5 17 6 13 6 16 6 18 7 14 7 17 7 19 8 15 8 18 8 20 9 16 9 19 9 21 10 17 10 20 10 22 11 18 11 21 11 23
D12_3551 24 36 0 12 0 19 0 23 1 12 1 13 1 20 2 13 2 14 2 21 3 14 3 15 3 22 4 15 4 16 4 23 5 12 5 16 5 17 6 13 6 17 6 18 7 14 7 18 7 19 8 15 8 19 8 20 9 16 9 20 9 21 10 17 10 21 10 22 11 18 11 22 11 23
D12_3552 24 48 0 1 0 11 0 12 0 19 1 2 1 13 1 20 2 3 2 14 2 21 3 4 3 15 3 22 4 5 4 16 4 23 5 6 5 12 5 17 6 7 6 13 6 18 7 8 7 14 7 19 8 9 8 15 8 20 9 10 9 16 9 21 10 11 10 17 10 22 11 18 11 23 12 13 12 23 13 14 14 15 15 16 16 17 17 18 18 19 19 20 20 21 21 22 22 23
D12_3553 24 48 0 2 0 10 0 12 0 19 1 3 1 11 1 13 1 20 2 4 2 14 2 21 3 5 3 15 3 22 4 6 4 16 4 23 5 7 5 12 5 17 6 8 6 13 6 18 7 9 7 14 7 19 8 10 8 15 8 20 9 11 9 16 9 21 10 17 10 22 11 18 11 23 12 14 12 22 13 15 13 23 14 16 15 17 16 18 17 19 18 20 19 21 20 22 21 23
D12_3554 24 48 0 3 0 9 0 12 0 19 1 4 1 10 1 13 1 20 2 5 2 11 2 14 2 21 3 6 3 15 3 22 4 7 4 16 4 23 5 8 5 12 5 17 6 9 6 13 6 18 7 10 7 14 7 19 8 11 8 15 8 20 9 16 9 21 10 17 10 22 11 18 11 23 12 15 12 21 13 16 13 22 14 17 14 23 15 18 16 19 17 20 18 21 19 22 20 23
D12_3555 24 36 0 6 0 12 0 19 1 7 1 13 1 20 2 8 2 14 2 21 3 9 3 15 3 22 4 10 4 16 4 23 5 11 5 12 5 17 6 13 6 18 7 14 7 19 8 15 8 20 9 16 9 21 10 17 10 22 11 18 11 23 12 18 13 19 14 20 15 21 16 22 17 23
D12_3559 24 36 0 12 0 20 0 21 1 13 1 21 1 22 2 14 2 22 2 23 3 12 3 15 3 23 4 12 4 13 4 16 5 13 5 14 5 17 6 14 6 15 6 18 7 15 7 16 7 19 8 16 8 17 8 20 9 17 9 18 9 21 10 18 10 19 10 22 11 19 11 20 11 23
D12_3560 24 36 0 12 0 20 0 22 1 13 1 21 1 23 2 12 2 14 2 22 3 13 3 15 3 23 4 12 4 14 4 16 5 13 5 15 5 17 6 14 6 16 6 18 7 15 7 17 7 19 8 16 8 18 8 20 9 17 9 19 9 21 10 18 10 20 10 22 11 19 11 21 11 23
D12_3561 24 36 0 12 0 20 0 23 1 12 1 13 1 21 2 13 2 14 2 22 3 14 3 15 3 23 4 12 4 15 4 16 5 13 5 16 5 17 6 14 6 17 6 18 7 15 7 18 7 19 8 16 8 19 8 20 9 17 9 20 9 21 10 18 10 21 10 22 11 19 11 22 11 23
D12_3562 24 48 0 1 0 11 0 12 0 20 1 2 1 13 1 21 2 3 2 14 2 22 3 4 3 15 3 23 4 5 4 12 4 16 5 6 5 13 5 17 6 7 6 14 6 18 7 8 7 15 7 19 8 9 8 16 8 20 9 10 9 17 9 21 10 11 10 18 10 22 11 19 11 23 12 13 12 23 13 14 14 15 15 16 16 17 17 18 18 19 19 20 20 21 21 22 22 23
D12_3563 24 48 0 2 0 10 0 12 0 20 1 3 1 11 1 13 1 21 2 4 2 14 2 22 3 5 3 15 3 23 4 6 4 12 4 16 5 7 5 13 5 17 6 8 6 14 6 18 7 9 7 15 7 19 8 10 8 16 8 20 9 11 9 17 9 21 10 18 10 22 11 19 11 23 12 14 12 22 13 15 13 23 14 16 15 17 16 18 17 19 18 20 19 21 20 22 21 23
D12_3564 24 48 0 3 0 9 0 12 0 20 1 4 1 10 1 13 1 21 2 5 2 11 2 14 2 22 3 6 3 15 3 23 4 7 4 12 4 16 5 8 5 13 5 17 6 9 6 14 6 18 7 10 7 15 7 19 8 11 8 16 8 20 9 17 9 21 10 18 10 22 11 19 11 23 12 15 12 21 13 16 13 22 14 17 14 23 15 18 16 19 17 20 18 21 19 22 20 23
D12_3565 24 48 0 5 0 7 0 12 0 20 1 6 1 8 1 13 1 21 2 7 2 9 2 14 2 22 3 8 3 10 3 15 3 23 4 9 4 11 4 12 4 16 5 10 5 13 5 17 6 11 6 14 6 18 7 15 7 19 8 16 8 20 9 17 9 21 10 18 10 22 11 19 11 23 12 17 12 19 13 18 13 20 14 19 14 21 15 20 15 22 16 21 16 23 17 22 18 23
D12_3566 24 36 0 6 0 12 0 20 1 7 1 13 1 21 2 8 2 14 2 22 3 9 3 15 3 23 4 10 4 12 4 16 5 11 5 13 5 17 6 14 6 18 7 15 7 19 8 16 8 20 9 17 9 21 10 18 10 22 11 19 11 23 12 18 13 19 14 20 15 21 16 22 17 23
D12_3571 24 36 0 12 0 21 0 22 1 13 1 22 1 23 2 12 2 14 2 23 3 12 3 13 3 15 4 13 4 14 4 16 5 14 5 15 5 17 6 15 6 16 6 18 7 16 7 17 7 19 8 17 8 18 8 20 9 18 9 19 9 21 10 19 10 20 10 22 11 20 11 21 11 23
D12_3572 24 36 0 12 0 21 0 23 1 12 1 13 1 22 2 13 2 14 2 23 3 12 3 14 3 15 4 13 4 15 4 16 5 14 5 16 5 17 6 15 6 17 6 18 7 16 7 18 7 19 8 17 8 19 8 20 9 18 9 20 9 21 10 19 10 21 10 22 11 20 11 22 11 23
D12_3573 24 48 0 1 0 11 0 12 0 21 1 2 1 13 1 22 2 3 2 14 2 23 3 4 3 12 3 15 4 5 4 13 4 16 5 6 5 14 5 17 6 7 6 15 6 18 7 8 7 16 7 19 8 9 8 17 8 20 9 10 9 18 9 21 10 11 10 19 10 22 11 20 11 23 12 13 12 23 13 14 14 15 15 16 16 17 17 18 18 19 19 20 20 21 21 22 22 23
D12_3574 24 48 0 2 0 10 0 12 0 21 1 3 1 11 1 13 1 22 2 4 2 14 2 23 3 5 3 12 3 15 4 6 4 13 4 16 5 7 5 14 5 17 6 8 6 15 6 18 7 9 7 16 7 19 8 10 8 17 8 20 9 11 9 18 9 21 10 19 10 22 11 20 11 23 12 14 12 22 13 15 13 23 14 16 15 17 16 18 17 19 18 20 19 21 20 22 21 23
D12_3575 24 48 0 5 0 7 0 12 0 21 1 6 1 8 1 13 1 22 2 7 2 9 2 14 2 23 3 8 3 10 3 12 3 15 4 9 4 11 4 13 4 16 5 10 5 14 5 17 6 11 6 15 6 18 7 16 7 19 8 17 8 20 9 18 9 21 10 19 10 22 11 20 11 23 12 17 12 19 13 18 13 20 14 19 14 21 15 20 15 22 16 21 16 23 17 22 18 23
D12_3576 24 36 0 6 0 12 0 21 1 7 1 13 1 22 2 8 2 14 2 23 3 9 3 12 3 15 4 10 4 13 4 16 5 11 5 14 5 17 6 15 6 18 7 16 7 19 8 17 8 20 9 18 9 21 10 19 10 22 11 20 11 23 12 18 13 19 14 20 15 21 16 22 17 23
D12_3580 24 36 0 12 0 22 0 23 1 12 1 13 1 23 2 12 2 13 2 14 3 13 3 14 3 15 4 14 4 15 4 16 5 15 5 16 5 17 6 16 6 17 6 18 7 17 7 18 7 19 8 18 8 19 8 20 9 19 9 20 9 21 10 20 10 21 10 22 11 21 11 22 11 23
D12_3581 24 48 0 1 0 11 0 12 0 22 1 2 1 13 1 23 2 3 2 12 2 14 3 4 3 13 3 15 4 5 4 14 4 16 5 6 5 15 5 17 6 7 6 16 6 18 7 8 7 17 7 19 8 9 8 18 8 20 9 10 9 19 9 21 10 11 10 20 10 22 11 21 11 23 12 13 12 23 13 14 14 15 15 16 16 17 17 18 18 19 19 20 20 21 21 22 22 23
D12_3582 24 48 0 3 0 9 0 12 0 22 1 4 1 10 1 13 1 23 2 5 2 11 2 12 2 14 3 6 3 13 3 15 4 7 4 14 4 16 5 8 5 15 5 17 6 9 6 16 6 18 7 10 7 17 7 19 8 11 8 18 8 20 9 19 9 21 10 20 10 22 11 21 11 23 12 15 12 21 13 16 13 22 14 17 14 23 15 18 16 19 17 20 18 21 19 22 20 23
D12_3583 24 48 0 5 0 7 0 12 0 22 1 6 1 8 1 13 1 23 2 7 2 9 2 12 2 14 3 8 3 10 3 13 3 15 4 9 4 11 4 14 4 16 5 10 5 15 5 17 6 11 6 16 6 18 7 17 7 19 8 18 8 20 9 19 9 21 10 20 10 22 11 21 11 23 12 17 12 19 13 18 13 20 14 19 14 21 15 20 15 22 16 21 16 23 17 22 18 23
D12_3584 24 36 0 6 0 12 0 22 1 7 1 13 1 23 2 8 2 12 2 14 3 9 3 13 3 15 4 10 4 14 4 16 5 11 5 15 5 17 6 16 6 18 7 17 7 19 8 18 8 20 9 19 9 21 10 20 10 22 11 21 11 23 12 18 13 19 14 20 15 21 16 22 17 23
D12_3588 24 48 0 2 0 10 0 12 0 23 1 3 1 11 1 12 1 13 2 4 2 13 2 14 3 5 3 14 3 15 4 6 4 15 4 16 5 7 5 16 5 17 6 8 6 17 6 18 7 9 7 18 7 19 8 10 8 19 8 20 9 11 9 20 9 21 10 21 10 22 11 22 11 23 12 14 12 22 13 15 13 23 14 16 15 17 16 18 17 19 18 20 19 21 20 22 21 23
D12_3589 24 48 0 3 0 9 0 12 0 23 1 4 1 10 1 12 1 13 2 5 2 11 2 13 2 14 3 6 3 14 3 15 4 7 4 15 4 16 5 8 5 16 5 17 6 9 6 17 6 18 7 10 7 18 7 19 8 11 8 19 8 20 9 20 9 21 10 21 10 22 11 22 11 23 12 15 12 21 13 16 13 22 14 17 14 23 15 18 16 19 17 20 18 21 19 22 20 23
D12_3590 24 48 0 5 0 7 0 12 0 23 1 6 1 8 1 12 1 13 2 7 2 9 2 13 2 14 3 8 3 10 3 14 3 15 4 9 4 11 4 15 4 16 5 10 5 16 5 17 6 11 6 17 6 18 7 18 7 19 8 19 8 20 9 20 9 21 10 21 10 22 11 22 11 23 12 17 12 19 13 18 13 20 14 19 14 21 15 20 15 22 16 21 16 23 17 22 18 23
D12_3591 24 36 0 6 0 12 0 23 1 7 1 12 1 13 2 8 2 13 2 14 3 9 3 14 3 15 4 10 4 15 4 16 5 11 5 16 5 17 6 17 6 18 7 18 7 19 8 19 8 20 9 20 9 21 10 21 10 22 11 22 11 23 12 18 13 19 14 20 15 21 16 22 17 23
D12_3595 24 60 0 1 0 3 0 9 0 11 0 12 1 2 1 4 1 10 1 13 2 3 2 5 2 11 2 14 3 4 3 6 3 15 4 5 4 7 4 16 5 6 5 8 5 17 6 7 6 9 6 18 7 8 7 10 7 19 8 9 8 11 8 20 9 10 9 21 10 11 10 22 11 23 12 13 12 15 12 21 12 23 13 14 13 16 13 22 14 15 14 17 14 23 15 16 15 18 16 17 16 19 17 18 17 20 18 19 18 21 19 20 19 22 20 21 20 23 21 22 22 23
D12_3596 24 60 0 1 0 5 0 7 0 11 0 12 1 2 1 6 1 8 1 13 2 3 2 7 2 9 2 14 3 4 3 8 3 10 3 15 4 5 4 9 4 11 4 16 5 6 5 10 5 17 6 7 6 11 6 18 7 8 7 19 8 9 8 20 9 10 9 21 10 11 10 22 11 23 12 13 12 17 12 19 12 23 13 14 13 18 13 20 14 15 14 19 14 21 15 16 15 20 15 22 16 17 16 21 16 23 17 18 17 22 18 19 18 23 19 20 20 21 21 22 22 23
D12_3597 24 48 0 1 0 6 0 11 0 12 1 2 1 7 1 13 2 3 2 8 2 14 3 4 3 9 3 15 4 5 4 10 4 16 5 6 5 11 5 17 6 7 6 18 7 8 7 19 8 9 8 20 9 10 9 21 10 11 10 22 11 23 12 13 12 18 12 23 13 14 13 19 14 15 14 20 15 16 15 21 16 17 16 22 17 18 17 23 18 19 19 20 20 21 21 22 22 23
D12_3601 24 60 0 2 0 3 0 9 0 10 0 12 1 3 1 4 1 10 1 11 1 13 2 4 2 5 2 11 2 14 3 5 3 6 3 15 4 6 4 7 4 16 5 7 5 8 5 17 6 8 6 9 6 18 7 9 7 10 7 19 8 10 8 11 8 20 9 11 9 21 10 22 11 23 12 14 12 15 12 21 12 22 13 15 13 16 13 22 13 23 14 16 14 17 14 23 15 17 15 18 16 18 16 19 17 19 17 20 18 20 18 21 19 21 19 22 20 22 20 23 21 23
D12_3602 24 48 0 2 0 6 0 10 0 12 1 3 1 7 1 11 1 13 2 4 2 8 2 14 3 5 3 9 3 15 4 6 4 10 4 16 5 7 5 11 5 17 6 8 6 18 7 9 7 19 8 10 8 20 9 11 9 21 10 22 11 23 12 14 12 18 12 22 13 15 13 19 13 23 14 16 14 20 15 17 15 21 16 18 16 22 17 19 17 23 18 20 19 21 20 22 21 23
D12_3605 24 60 0 3 0 5 0 7 0 9 0 12 1 4 1 6 1 8 1 10 1 13 2 5 2 7 2 9 2 11 2 14 3 6 3 8 3 10 3 15 4 7 4 9 4 11 4 16 5 8 5 10 5 17 6 9 6 11 6 18 7 10 7 19 8 11 8 20 9 21 10 22 11 23 12 15 12 17 12 19 12 21 13 16 13 18 13 20 13 22 14 17 14 19 14 21 14 23 15 18 15 20 15 22 16 19 16 21 16 23 17 20 17 22 18 21 18 23 19 22 20 23
D12_3610 24 48 0 5 0 6 0 7 0 12 1 6 1 7 1 8 1 13 2 7 2 8 2 9 2 14 3 8 3 9 3 10 3 15 4 9 4 10 4 11 4 16 5 10 5 11 5 17 6 11 6 18 7 19 8 20 9 21 10 22 11 23 12 17 12 18 12 19 13 18 13 19 13 20 14 19 14 20 14 21 15 20 15 21 15 22 16 21 16 22 16 23 17 22 17 23 18 23
D12_3621 24 36 0 13 0 14 0 15 1 14 1 15 1 16 2 15 2 16 2 17 3 16 3 17 3 18 4 17 4 18 4 19 5 18 5 19 5 20 6 19 6 20 6 21 7 20 7 21 7 22 8 21 8 22 8 23 9 12 9 22 9 23 10 12 10 13 10 23 11 12 11 13 11 14
D12_3622 24 36 0 13 0 14 0 16 1 14 1 15 1 17 2 15 2 16 2 18 3 16 3 17 3 19 4 17 4 18 4 20 5 18 5 19 5 21 6 19 6 20 6 22 7 20 7 21 7 23 8 12 8 21 8 22 9 13 9 22 9 23 10 12 10 14 10 23 11 12 11 13 11 15
D12_3623 24 36 0 13 0 14 0 17 1 14 1 15 1 18 2 15 2 16 2 19 3 16 3 17 3 20 4 17 4 18 4 21 5 18 5 19 5 22 6 19 6 20 6 23 7 12 7 20 7 21 8 13 8 21 8 22 9 14 9 22 9 23 10 12 10 15 10 23 11 12 11 13 11 16
D12_3624 24 36 0 13 0 14 0 18 1 14 1 15 1 19 2 15 2 16 2 20 3 16 3 17 3 21 4 17 4 18 4 22 5 18 5 19 5 23 6 12 6 19 6 20 7 13 7 20 7 21 8 14 8 21 8 22 9 15 9 22 9 23 10 12 10 16 10 23 11 12 11 13 11 17
D12_3625 24 36 0 13 0 14 0 19 1 14 1 15 1 20 2 15 2 16 2 21 3 16 3 17 3 22 4 17 4 18 4 23 5 12 5 18 5 19 6 13 6 19 6 20 7 14 7 20 7 21 8 15 8 21 8 22 9 16 9 22 9 23 10 12 10 17 10 23 11 12 11 13 11 18
D12_3626 24 36 0 13 0 14 0 20 1 14 1 15 1 21 2 15 2 16 2 22 3 16 3 17 3 23 4 12 4 17 4 18 5 13 5 18 5 19 6 14 6 19 6 20 7 15 7 20 7 21 8 16 8 21 8 22 9 17 9 22 9 23 10 12 10 18 10 23 11 12 11 13 11 19
D12_3627 24 36 0 13 0 14 0 21 1 14 1 15 1 22 2 15 2 16 2 23 3 12 3 16 3 17 4 13 4 17 4 18 5 14 5 18 5 19 6 15 6 19 6 20 7 16 7 20 7 21 8 17 8 21 8 22 9 18 9 22 9 23 10 12 10 19 10 23 11 12 11 13 11 20
D12_3628 24 36 0 13 0 14 0 22 1 14 1 15 1 23 2 12 2 15 2 16 3 13 3 16 3 17 4 14 4 17 4 18 5 15 5 18 5 19 6 16 6 19 6 20 7 17 7 20 7 21 8 18 8 21 8 22 9 19 9 22 9 23 10 12 10 20 10 23 11 12 11 13 11 21
D12_3629 24 36 0 13 0 14 0 23 1 12 1 14 1 15 2 13 2 15 2 16 3 14 3 16 3 17 4 15 4 17 4 18 5 16 5 18 5 19 6 17 6 19 6 20 7 18 7 20 7 21 8 19 8 21 8 22 9 20 9 22 9 23 10 12 10 21 10 23 11 12 11 13 11 22
D12_3630 24 48 0 2 0 10 0 13 0 14 1 3 1 11 1 14 1 15 2 4 2 15 2 16 3 5 3 16 3 17 4 6 4 17 4 18 5 7 5 18 5 19 6 8 6 19 6 20 7 9 7 20 7 21 8 10 8 21 8 22 9 11 9 22 9 23 10 12 10 23 11 12 11 13 12 14 12 22 13 15 13 23 14 16 15 17 16 18 17 19 18 20 19 21 20 22 21 23
D12_3631 24 48 0 3 0 9 0 13 0 14 1 4 1 10 1 14 1 15 2 5 2 11 2 15 2 16 3 6 3 16 3 17 4 7 4 17 4 18 5 8 5 18 5 19 6 9 6 19 6 20 7 10 7 20 7 21 8 11 8 21 8 22 9 22 9 23 10 12 10 23 11 12 11 13 12 15 12 21 13 16 13 22 14 17 14 23 15 18 16 19 17 20 18 21 19 22 20 23
D12_3632 24 48 0 5 0 7 0 13 0 14 1 6 1 8 1 14 1 15 2 7 2 9 2 15 2 16 3 8 3 10 3 16 3 17 4 9 4 11 4 17 4 18 5 10 5 18 5 19 6 11 6 19 6 20 7 20 7 21 8 21 8 22 9 22 9 23 10 12 10 23 11 12 11 13 12 17 12 19 13 18 13 20 14 19 14 21 15 20 15 22 16 21 16 23 17 22 18 23
D12_3633 24 36 0 6 0 13 0 14 1 7 1 14 1 15 2 8 2 15 2 16 3 9 3 16 3 17 4 10 4 17 4 18 5 11 5 18 5 19 6 19 6 20 7 20 7 21 8 21 8 22 9 22 9 23 10 12 10 23 11 12 11 13 12 18 13 19 14 20 15 21 16 22 17 23
D12_3637 24 36 0 13 0 15 0 16 1 14 1 16 1 17 2 15 2 17 2 18 3 16 3 18 3 19 4 17 4 19 4 20 5 18 5 20 5 21 6 19 6 21 6 22 7 20 7 22 7 23 8 12 8 21 8 23 9 12 9 13 9 22 10 13 10 14 10 23 11 12 11 14 11 15
D12_3638 24 36 0 13 0 15 0 17 1 14 1 16 1 18 2 15 2 17 2 19 3 16 3 18 3 20 4 17 4 19 4 21 5 18 5 20 5 22 6 19 6 21 6 23 7 12 7 20 7 22 8 13 8 21 8 23 9 12 9 14 9 22 10 13 10 15 10 23 11 12 11 14 11 16
D12_3639 24 36 0 13 0 15 0 18 1 14 1 16 1 19 2 15 2 17 2 20 3 16 3 18 3 21 4 17 4 19 4 22 5 18 5 20 5 23 6 12 6 19 6 21 7 13 7 20 7 22 8 14 8 21 8 23 9 12 9 15 9 22 10 13 10 16 10 23 11 12 11 14 11 17
D12_3640 24 36 0 13 0 15 0 19 1 14 1 16 1 20 2 15 2 17 2 21 3 16 3 18 3 22 4 17 4 19 4 23 5 12 5 18 5 20 6 13 6 19 6 21 7 14 7 20 7 22 8 15 8 21 8 23 9 12 9 16 9 22 10 13 10 17 10 23 11 12 11 14 11 18
D12_3641 24 36 0 13 0 15 0 20 1 14 1 16 1 21 2 15 2 17 2 22 3 16 3 18 3 23 4 12 4 17 4 19 5 13 5 18 5 20 6 14 6 19 6 21 7 15 7 20 7 22 8 16 8 21 8 23 9 12 9 17 9 22 10 13 10 18 10 23 11 12 11 14 11 19
D12_3642 24 36 0 13 0 15 0 21 1 14 1 16 1 22 2 15 2 17 2 23 3 12 3 16 3 18 4 13 4 17 4 19 5 14 5 18 5 20 6 15 6 19 6 21 7 16 7 20 7 22 8 17 8 21 8 23 9 12 9 18 9 22 10 13 10 19 10 23 11 12 11 14 11 20
D12_3643 24 36 0 13 0 15 0 22 1 14 1 16 1 23 2 12 2 15 2 17 3 13 3 16 3 18 4 14 4 17 4 19 5 15 5 18 5 20 6 16 6 19 6 21 7 17 7 20 7 22 8 18 8 21 8 23 9 12 9 19 9 22 10 13 10 20 10 23 11 12 11 14 11 21
D12_3644 24 36 0 13 0 15 0 23 1 12 1 14 1 16 2 13 2 15 2 17 3 14 3 16 3 18 4 15 4 17 4 19 5 16 5 18 5 20 6 17 6 19 6 21 7 18 7 20 7 22 8 19 8 21 8 23 9 12 9 20 9 22 10 13 10 21 10 23 11 12 11 14 11 22
D12_3645 24 48 0 1 0 11 0 13 0 15 1 2 1 14 1 16 2 3 2 15 2 17 3 4 3 16 3 18 4 5 4 17 4 19 5 6 5 18 5 20 6 7 6 19 6 21 7 8 7 20 7 22 8 9 8 21 8 23 9 10 9 12 9 22 10 11 10 13 10 23 11 12 11 14 12 13 12 23 13 14 14 15 15 16 16 17 17 18 18 19 19 20 20 21 21 22 22 23
D12_3646 24 48 0 3 0 9 0 13 0 15 1 4 1 10 1 14 1 16 2 5 2 11 2 15 2 17 3 6 3 16 3 18 4 7 4 17 4 19 5 8 5 18 5 20 6 9 6 19 6 21 7 10 7 20 7 22 8 11 8 21 8 23 9 12 9 22 10 13 10 23 11 12 11 14 12 15 12 21 13 16 13 22 14 17 14 23 15 18 16 19 17 20 18 21 19 22 20 23
D12_3647 24 48 0 5 0 7 0 13 0 15 1 6 1 8 1 14 1 16 2 7 2 9 2 15 2 17 3 8 3 10 3 16 3 18 4 9 4 11 4 17 4 19 5 10 5 18 5 20 6 11 6 19 6 21 7 20 7 22 8 21 8 23 9 12 9 22 10 13 10 23 11 12 11 14 12 17 12 19 13 18 13 20 14 19 14 21 15 20 15 22 16 21 16 23 17 22 18 23
D12_3648 24 36 0 6 0 13 0 15 1 7 1 14 1 16 2 8 2 15 2 17 3 9 3 16 3 18 4 10 4 17 4 19 5 11 5 18 5 20 6 19 6 21 7 20 7 22 8 21 8 23 9 12 9 22 10 13 10 23 11 12 11 14 12 18 13 19 14 20 15 21 16 22 17 23
D12_3652 24 36 0 13 0 16 0 17 1 14 1 17 1 18 2 15 2 18 2 19 3 16 3 19 3 20 4 17 4 20 4 21 5 18 5 21 5 22 6 19 6 22 6 23 7 12 7 20 7 23 8 12 8 13 8 21 9 13 9 14 9 22 10 14 10 15 10 23 11 12 11 15 11 16
D12_3653 24 36 0 13 0 16 0 18 1 14 1 17 1 19 2 15 2 18 2 20 3 16 3 19 3 21 4 17 4 20 4 22 5 18 5 21 5 23 6 12 6 19 6 22 7 13 7 20 7 23 8 12 8 14 8 21 9 13 9 15 9 22 10 14 10 16 10 23 11 12 11 15 11 17
D12_3654 24 36 0 13 0 16 0 19 1 14 1 17 1 20 2 15 2 18 2 21 3 16 3 19 3 22 4 17 4 20 4 23 5 12 5 18 5 21 6 13 6 19 6 22 7 14 7 20 7 23 8 12 8 15 8 21 9 13 9 16 9 22 10 14 10 17 10 23 11 12 11 15 11 18
D12_3655 24 36 0 13 0 16 0 20 1 14 1 17 1 21 2 15 2 18 2 22 3 16 3 19 3 23 4 12 4 17 4 20 5 13 5 18 5 21 6 14 6 19 6 22 7 15 7 20 7 23 8 12 8 16 8 21 9 13 9 17 9 22 10 14 10 18 10 23 11 12 11 15 11 19
D12_3656 24 36 0 13 0 16 0 21 1 14 1 17 1 22 2 15 2 18 2 23 3 12 3 16 3 19 4 13 4 17 4 20 5 14 5 18 5 21 6 15 6 19 6 22 7 16 7 20 7 23 8 12 8 17 8 21 9 13 9 18 9 22 10 14 10 19 10 23 11 12 11 15 11 20
D12_3657 24 36 0 13 0 16 0 22 1 14 1 17 1 23 2 12 2 15 2 18 3 13 3 16 3 19 4 14 4 17 4 20 5 15 5 18 5 21 6 16 6 19 6 22 7 17 7 20 7 23 8 12 8 18 8 21 9 13 9 19 9 22 10 14 10 20 10 23 11 12 11 15 11 21
D12_3658 24 36 0 13 0 16 0 23 1 12 1 14 1 17 2 13 2 15 2 18 3 14 3 16 3 19 4 15 4 17 4 20 5 16 5 18 5 21 6 17 6 19 6 22 7 18 7 20 7 23 8 12 8 19 8 21 9 13 9 20 9 22 10 14 10 21 10 23 11 12 11 15 11 22
D12_3659 24 48 0 1 0 11 0 13 0 16 1 2 1 14 1 17 2 3 2 15 2 18 3 4 3 16 3 19 4 5 4 17 4 20 5 6 5 18 5 21 6 7 6 19 6 22 7 8 7 20 7 23 8 9 8 12 8 21 9 10 9 13 9 22 10 11 10 14 10 23 11 12 11 15 12 13 12 23 13 14 14 15 15 16 16 17 17 18 18 19 19 20 20 21 21 22 22 23
D12_3660 24 48 0 2 0 10 0 13 0 16 1 3 1 11 1 14 1 17 2 4 2 15 2 18 3 5 3 16 3 19 4 6 4 17 4 20 5 7 5 18 5 21 6 8 6 19 6 22 7 9 7 20 7 23 8 10 8 12 8 21 9 11 9 13 9 22 10 14 10 23 11 12 11 15 12 14 12 22 13 15 13 23 14 16 15 17 16 18 17 19 18 20 19 21 20 22 21 23
D12_3661 24 48 0 5 0 7 0 13 0 16 1 6 1 8 1 14 1 17 2 7 2 9 2 15 2 18 3 8 3 10 3 16 3 19 4 9 4 11 4 17 4 20 5 10 5 18 5 21 6 11 6 19 6 22 7 20 7 23 8 12 8 21 9 13 9 22 10 14 10 23 11 12 11 15 12 17 12 19 13 18 13 20 14 19 14 21 15 20 15 22 16 21 16 23 17 22 18 23
D12_3662 24 36 0 6 0 13 0 16 1 7 1 14 1 17 2 8 2 15 2 18 3 9 3 16 3 19 4 10 4 17 4 20 5 11 5 18 5 21 6 19 6 22 7 20 7 23 8 12 8 21 9 13 9 22 10 14 10 23 11 12 11 15 12 18 13 19 14 20 15 21 16 22 17 23
D12_3666 24 36 0 13 0 17 0 18 1 14 1 18 1 19 2 15 2 19 2 20 3 16 3 20 3 21 4 17 4 21 4 22 5 18 5 22 5 23 6 12 6 19 6 23 7 12 7 13 7 20 8 13 8 14 8 21 9 14 9 15 9 22 10 15 10 16 10 23 11 12 11 16 11 17
D12_3667 24 36 0 13 0 17 0 19 1 14 1 18 1 20 2 15 2 19 2 21 3 16 3 20 3 22 4 17 4 21 4 23 5 12 5 18 5 22 6 13 6 19 6 23 7 12 7 14 7 20 8 13 8 15 8 21 9 14 9 16 9 22 10 15 10 17 10 23 11 12 11 16 11 18
D12_3668 24 36 0 13 0 17 0 20 1 14 1 18 1 21 2 15 2 19 2 22 3 16 3 20 3 23 4 12 4 17 4 21 5 13 5 18 5 22 6 14 6 19 6 23 7 12 7 15 7 20 8 13 8 16 8 21 9 14 9 17 9 22 10 15 10 18 10 23 11 12 11 16 11 19
D12_3669 24 36 0 13 0 17 0 21 1 14 1 18 1 22 2 15 2 19 2 23 3 12 3 16 3 20 4 13 4 17 4 21 5 14 5 18 5 22 6 15 6 19 6 23 7 12 7 16 7 20 8 13 8 17 8 21 9 14 9 18 9 22 10 15 10 19 10 23 11 12 11 16 11 20
D12_3670 24 36 0 13 0 17 0 22 1 14 1 18 1 23 2 12 2 15 2 19 3 13 3 16 3 20 4 14 4 17 4 21 5 15 5 18 5 22 6 16 6 19 6 23 7 12 7 17 7 20 8 13 8 18 8 21 9 14 9 19 9 22 10 15 10 20 10 23 11 12 11 16 11 21
D12_3671 24 36 0 13 0 17 0 23 1 12 1 14 1 18 2 13 2 15 2 19 3 14 3 16 3 20 4 15 4 17 4 21 5 16 5 18 5 22 6 17 6 19 6 23 7 12 7 18 7 20 8 13 8 19 8 21 9 14 9 20 9 22 10 15 10 21 10 23 11 12 11 16 11 22
D12_3672 24 48 0 1 0 11 0 13 0 17 1 2 1 14 1 18 2 3 2 15 2 19 3 4 3 16 3 20 4 5 4 17 4 21 5 6 5 18 5 22 6 7 6 19 6 23 7 8 7 12 7 20 8 9 8 13 8 21 9 10 9 14 9 22 10 11 10 15 10 23 11 12 11 16 12 13 12 23 13 14 14 15 15 16 16 17 17 18 18 19 19 20 20 21 21 22 22 23
D12_3673 24 48 0 2 0 10 0 13 0 17 1 3 1 11 1 14 1 18 2 4 2 15 2 19 3 5 3 16 3 20 4 6 4 17 4 21 5 7 5 18 5 22 6 8 6 19 6 23 7 9 7 12 7 20 8 10 8 13 8 21 9 11 9 14 9 22 10 15 10 23 11 12 11 16 12 14 12 22 13 15 13 23 14 16 15 17 16 18 17 19 18 20 19 21 20 22 21 23
D12_3674 24 48 0 3 0 9 0 13 0 17 1 4 1 10 1 14 1 18 2 5 2 11 2 15 2 19 3 6 3 16 3 20 4 7 4 17 4 21 5 8 5 18 5 22 6 9 6 19 6 23 7 10 7 12 7 20 8 11 8 13 8 21 9 14 9 22 10 15 10 23 11 12 11 16 12 15 12 21 13 16 13 22 14 17 14 23 15 18 16 19 17 20 18 21 19 22 20 23
D12_3675 24 48 0 5 0 7 0 13 0 17 1 6 1 8 1 14 1 18 2 7 2 9 2 15 2 19 3 8 3 10 3 16 3 20 4 9 4 11 4 17 4 21 5 10 5 18 5 22 6 11 6 19 6 23 7 12 7 20 8 13 8 21 9 14 9 22 10 15 10 23 11 12 11 16 12 17 12 19 13 18 13 20 14 19 14 21 15 20 15 22 16 21 16 23 17 22 18 23
D12_3676 24 36 0 6 0 13 0 17 1 7 1 14 1 18 2 8 2 15 2 19 3 9 3 16 3 20 4 10 4 17 4 21 5 11 5 18 5 22 6 19 6 23 7 12 7 20 8 13 8 21 9 14 9 22 10 15 10 23 11 12 11 16 12 18 13 19 14 20 15 21 16 22 17 23
D12_3681 24 36 0 13 0 18 0 19 1 14 1 19 1 20 2 15 2 20 2 21 3 16 3 21 3 22 4 17 4 22 4 23 5 12 5 18 5 23 6 12 6 13 6 19 7 13 7 14 7 20 8 14 8 15 8 21 9 15 9 16 9 22 10 16 10 17 10 23 11 12 11 17 11 18
D12_3682 24 36 0 13 0 18 0 20 1 14 1 19 1 21 2 15 2 20 2 22 3 16 3 21 3 23 4 12 4 17 4 22 5 13 5 18 5 23 6 12 6 14 6 19 7 13 7 15 7 20 8 14 8 16 8 21 9 15 9 17 9 22 10 16 10 18 10 23 11 12 11 17 11 19
D12_3683 24 36 0 13 0 18 0 21 1 14 1 19 1 22 2 15 2 20 2 23 3 12 3 16 3 21 4 13 4 17 4 22 5 14 5 18 5 23 6 12 6 15 6 19 7 13 7 16 7 20 8 14 8 17 8 21 9 15 9 18 9 22 10 16 10 19 10 23 11 12 11 17 11 20
D12_3684 24 36 0 13 0 18 0 22 1 14 1 19 1 23 2 12 2 15 2 20 3 13 3 16 3 21 4 14 4 17 4 22 5 15 5 18 5 23 6 12 6 16 6 19 7 13 7 17 7 20 8 14 8 18 8 21 9 15 9 19 9 22 10 16 10 20 10 23 11 12 11 17 11 21
D12_3685 24 36 0 13 0 18 0 23 1 12 1 14 1 19 2 13 2 15 2 20 3 14 3 16 3 21 4 15 4 17 4 22 5 16 5 18 5 23 6 12 6 17 6 19 7 13 7 18 7 20 8 14 8 19 8 21 9 15 9 20 9 22 10 16 10 21 10 23 11 12 11 17 11 22
D12_3686 24 48 0 1 0 11 0 13 0 18 1 2 1 14 1 19 2 3 2 15 2 20 3 4 3 16 3 21 4 5 4 17 4 22 5 6 5 18 5 23 6 7 6 12 6 19 7 8 7 13 7 20 8 9 8 14 8 21 9 10 9 15 9 22 10 11 10 16 10 23 11 12 11 17 12 13 12 23 13 14 14 15 15 16 16 17 17 18 18 19 19 20 20 21 21 22 22 23
D12_3687 24 48 0 2 0 10 0 13 0 18 1 3 1 11 1 14 1 19 2 4 2 15 2 20 3 5 3 16 3 21 4 6 4 17 4 22 5 7 5 18 5 23 6 8 6 12 6 19 7 9 7 13 7 20 8 10 8 14 8 21 9 11 9 15 9 22 10 16 10 23 11 12 11 17 12 14 12 22 13 15 13 23 14 16 15 17 16 18 17 19 18 20 19 21 20 22 21 23
D12_3688 24 48 0 3 0 9 0 13 0 18 1 4 1 10 1 14 1 19 2 5 2 11 2 15 2 20 3 6 3 16 3 21 4 7 4 17 4 22 5 8 5 18 5 23 6 9 6 12 6 19 7 10 7 13 7 20 8 11 8 14 8 21 9 15 9 22 10 16 10 23 11 12 11 17 12 15 12 21 13 16 13 22 14 17 14 23 15 18 16 19 17 20 18 21 19 22 20 23
D12_3689 24 36 0 6 0 13 0 18 1 7 1 14 1 19 2 8 2 15 2 20 3 9 3 16 3 21 4 10 4 17 4 22 5 11 5 18 5 23 6 12 6 19 7 13 7 20 8 14 8 21 9 15 9 22 10 16 10 23 11 12 11 17 12 18 13 19 14 20 15 21 16 22 17 23
D12_3693 24 36 0 13 0 19 0 20 1 14 1 20 1 21 2 15 2 21 2 22 3 16 3 22 3 23 4 12 4 17 4 23 5 12 5 13 5 18 6 13 6 14 6 19 7 14 7 15 7 20 8 15 8 16 8 21 9 16 9 17 9 22 10 17 10 18 10 23 11 12 11 18 11 19
D12_3694 24 36 0 13 0 19 0 21 1 14 1 20 1 22 2 15 2 21 2 23 3 12 3 16 3 22 4 13 4 17 4 23 5 12 5 14 5 18 6 13 6 15 6 19 7 14 7 16 7 20 8 15 8 17 8 21 9 16 9 18 9 22 10 17 10 19 10 23 11 12 11 18 11 20
D12_3695 24 36 0 13 0 19 0 22 1 14 1 20 1 23 2 12 2 15 2 21 3 13 3 16 3 22 4 14 4 17 4 23 5 12 5 15 5 18 6 13 6 16 6 19 7 14 7 17 7 20 8 15 8 18 8 21 9 16 9 19 9 22 10 17 10 20 10 23 11 12 11 18 11 21
D12_3696 24 36 0 13 0 19 0 23 1 12 1 14 1 20 2 13 2 15 2 21 3 14 3 16 3 22 4 15 4 17 4 23 5 12 5 16 5 18 6 13 6 17 6 19 7 14 7 18 7 20 8 15 8 19 8 21 9 16 9 20 9 22 10 17 10 21 10 23 11 12 11 18 11 22
D12_3697 24 48 0 1 0 11 0 13 0 19 1 2 1 14 1 20 2 3 2 15 2 21 3 4 3 16 3 22 4 5 4 17 4 23 5 6 5 12 5 18 6 7 6 13 6 19 7 8 7 14 7 20 8 9 8 15 8 21 9 10 9 16 9 22 10 11 10 17 10 23 11 12 11 18 12 13 12 23 13 14 14 15 15 16 16 17 17 18 18 19 19 20 20 21 21 22 22 23
D12_3698 24 48 0 2 0 10 0 13 0 19 1 3 1 11 1 14 1 20 2 4 2 15 2 21 3 5 3 16 3 22 4 6 4 17 4 23 5 7 5 12 5 18 6 8 6 13 6 19 7 9 7 14 7 20 8 10 8 15 8 21 9 11 9 16 9 22 10 17 10 23 11 12 11 18 12 14 12 22 13 15 13 23 14 16 15 17 16 18 17 19 18 20 19 21 20 22 21 23
D12_3699 24 48 0 3 0 9 0 13 0 19 1 4 1 10 1 14 1 20 2 5 2 11 2 15 2 21 3 6 3 16 3 22 4 7 4 17 4 23 5 8 5 12 5 18 6 9 6 13 6 19 7 10 7 14 7 20 8 11 8 15 8 21 9 16 9 22 10 17 10 23 11 12 11 18 12 15 12 21 13 16 13 22 14 17 14 23 15 18 16 19 17 20 18 21 19 22 20 23
D12_3700 24 48 0 5 0 7 0 13 0 19 1 6 1 8 1 14 1 20 2 7 2 9 2 15 2 21 3 8 3 10 3 16 3 22 4 9 4 11 4 17 4 23 5 10 5 12 5 18 6 11 6 13 6 19 7 14 7 20 8 15 8 21 9 16 9 22 10 17 10 23 11 12 11 18 12 17 12 19 13 18 13 20 14 19 14 21 15 20 15 22 16 21 16 23 17 22 18 23
D12_3705 24 36 0 13 0 20 0 21 1 14 1 21 1 22 2 15 2 22 2 23 3 12 3 16 3 23 4 12 4 13 4 17 5 13 5 14 5 18 6 14 6 15 6 19 7 15 7 16 7 20 8 16 8 17 8 21 9 17 9 18 9 22 10 18 10 19 10 23 11 12 11 19 11 20
D12_3706 24 36 0 13 0 20 0 22 1 14 1 21 1 23 2 12 2 15 2 22 3 13 3 16 3 23 4 12 4 14 4 17 5 13 5 15 5 18 6 14 6 16 6 19 7 15 7 17 7 20 8 16 8 18 8 21 9 17 9 19 9 22 10 18 10 20 10 23 11 12 11 19 11 21
D12_3707 24 36 0 13 0 20 0 23 1 12 1 14 1 21 2 13 2 15 2 22 3 14 3 16 3 23 4 12 4 15 4 17 5 13 5 16 5 18 6 14 6 17 6 19 7 15 7 18 7 20 8 16 8 19 8 21 9 17 9 20 9 22 10 18 10 21 10 23 11 12 11 19 11 22
D12_3708 24 48 0 1 0 11 0 13 0 20 1 2 1 14 1 21 2 3 2 15 2 22 3 4 3 16 3 23 4 5 4 12 4 17 5 6 5 13 5 18 6 7 6 14 6 19 7 8 7 15 7 20 8 9 8 16 8 21 9 10 9 17 9 22 10 11 10 18 10 23 11 12 11 19 12 13 12 23 13 14 14 15 15 16 16 17 17 18 18 19 19 20 20 21 21 22 22 23
D12_3709 24 48 0 2 0 10 0 13 0 20 1 3 1 11 1 14 1 21 2 4 2 15 2 22 3 5 3 16 3 23 4 6 4 12 4 17 5 7 5 13 5 18 6 8 6 14 6 19 7 9 7 15 7 20 8 10 8 16 8 21 9 11 9 17 9 22 10 18 10 23 11 12 11 19 12 14 12 22 13 15 13 23 14 16 15 17 16 18 17 19 18 20 19 21 20 22 21 23
D12_3710 24 48 0 3 0 9 0 13 0 20 1 4 1 10 1 14 1 21 2 5 2 11 2 15 2 22 3 6 3 16 3 23 4 7 4 12 4 17 5 8 5 13 5 18 6 9 6 14 6 19 7 10 7 15 7 20 8 11 8 16 8 21 9 17 9 22 10 18 10 23 11 12 11 19 12 15 12 21 13 16 13 22 14 17 14 23 15 18 16 19 17 20 18 21 19 22 20 23
D12_3711 24 36 0 6 0 13 0 20 1 7 1 14 1 21 2 8 2 15 2 22 3 9 3 16 3 23 4 10 4 12 4 17 5 11 5 13 5 18 6 14 6 19 7 15 7 20 8 16 8 21 9 17 9 22 10 18 10 23 11 12 11 19 12 18 13 19 14 20 15 21 16 22 17 23
D12_3715 24 36 0 13 0 21 0 22 1 14 1 22 1 23 2 12 2 15 2 23 3 12 3 13 3 16 4 13 4 14 4 17 5 14 5 15 5 18 6 15 6 16 6 19 7 16 7 17 7 20 8 17 8 18 8 21 9 18 9 19 9 22 10 19 10 20 10 23 11 12 11 20 11 21
D12_3716 24 36 0 13 0 21 0 23 1 12 1 14 1 22 2 13 2 15 2 23 3 12 3 14 3 16 4 13 4 15 4 17 5 14 5 16 5 18 6 15 6 17 6 19 7 16 7 18 7 20 8 17 8 19 8 21 9 18 9 20 9 22 10 19 10 21 10 23 11 12 11 20 11 22
D12_3717 24 48 0 1 0 11 0 13 0 21 1 2 1 14 1 22 2 3 2 15 2 23 3 4 3 12 3 16 4 5 4 13 4 17 5 6 5 14 5 18 6 7 6 15 6 19 7 8 7 16 7 20 8 9 8 17 8 21 9 10 9 18 9 22 10 11 10 19 10 23 11 12 11 20 12 13 12 23 13 14 14 15 15 16 16 17 17 18 18 19 19 20 20 21 21 22 22 23
D12_3718 24 48 0 2 0 10 0 13 0 21 1 3 1 11 1 14 1 22 2 4 2 15 2 23 3 5 3 12 3 16 4 6 4 13 4 17 5 7 5 14 5 18 6 8 6 15 6 19 7 9 7 16 7 20 8 10 8 17 8 21 9 11 9 18 9 22 10 19 10 23 11 12 11 20 12 14 12 22 13 15 13 23 14 16 15 17 16 18 17 19 18 20 19 21 20 22 21 23
D12_3719 24 48 0 3 0 9 0 13 0 21 1 4 1 10 1 14 1 22 2 5 2 11 2 15 2 23 3 6 3 12 3 16 4 7 4 13 4 17 5 8 5 14 5 18 6 9 6 15 6 19 7 10 7 16 7 20 8 11 8 17 8 21 9 18 9 22 10 19 10 23 11 12 11 20 12 15 12 21 13 16 13 22 14 17 14 23 15 18 16 19 17 20 18 21 19 22 20 23
D12_3720 24 48 0 5 0 7 0 13 0 21 1 6 1 8 1 14 1 22 2 7 2 9 2 15 2 23 3 8 3 10 3 12 3 16 4 9 4 11 4 13 4 17 5 10 5 14 5 18 6 11 6 15 6 19 7 16 7 20 8 17 8 21 9 18 9 22 10 19 10 23 11 12 11 20 12 17 12 19 13 18 13 20 14 19 14 21 15 20 15 22 16 21 16 23 17 22 18 23
D12_3721 24 36 0 6 0 13 0 21 1 7 1 14 1 22 2 8 2 15 2 23 3 9 3 12 3 16 4 10 4 13 4 17 5 11 5 14 5 18 6 15 6 19 7 16 7 20 8 17 8 21 9 18 9 22 10 19 10 23 11 12 11 20 12 18 13 19 14 20 15 21 16 22 17 23
D12_3726 24 36 0 13 0 22 0 23 1 12 1 14 1 23 2 12 2 13 2 15 3 13 3 14 3 16 4 14 4 15 4 17 5 15 5 16 5 18 6 16 6 17 6 19 7 17 7 18 7 20 8 18 8 19 8 21 9 19 9 20 9 22 10 20 10 21 10 23 11 12 11 21 11 22
D12_3727 24 48 0 1 0 11 0 13 0 22 1 2 1 14 1 23 2 3 2 12 2 15 3 4 3 13 3 16 4 5 4 14 4 17 5 6 5 15 5 18 6 7 6 16 6 19 7 8 7 17 7 20 8 9 8 18 8 21 9 10 9 19 9 22 10 11 10 20 10 23 11 12 11 21 12 13 12 23 13 14 14 15 15 16 16 17 17 18 18 19 19 20 20 21 21 22 22 23
D12_3728 24 48 0 2 0 10 0 13 0 22 1 3 1 11 1 14 1 23 2 4 2 12 2 15 3 5 3 13 3 16 4 6 4 14 4 17 5 7 5 15 5 18 6 8 6 16 6 19 7 9 7 17 7 20 8 10 8 18 8 21 9 11 9 19 9 22 10 20 10 23 11 12 11 21 12 14 12 22 13 15 13 23 14 16 15 17 16 18 17 19 18 20 19 21 20 22 21 23
D12_3729 24 48 0 5 0 7 0 13 0 22 1 6 1 8 1 14 1 23 2 7 2 9 2 12 2 15 3 8 3 10 3 13 3 16 4 9 4 11 4 14 4 17 5 10 5 15 5 18 6 11 6 16 6 19 7 17 7 20 8 18 8 21 9 19 9 22 10 20 10 23 11 12 11 21 12 17 12 19 13 18 13 20 14 19 14 21 15 20 15 22 16 21 16 23 17 22 18 23
D12_3730 24 36 0 6 0 13 0 22 1 7 1 14 1 23 2 8 2 12 2 15 3 9 3 13 3 16 4 10 4 14 4 17 5 11 5 15 5 18 6 16 6 19 7 17 7 20 8 18 8 21 9 19 9 22 10 20 10 23 11 12 11 21 12 18 13 19 14 20 15 21 16 22 17 23
D12_3735 24 48 0 3 0 9 0 13 0 23 1 4 1 10 1 12 1 14 2 5 2 11 2 13 2 15 3 6 3 14 3 16 4 7 4 15 4 17 5 8 5 16 5 18 6 9 6 17 6 19 7 10 7 18 7 20 8 11 8 19 8 21 9 20 9 22 10 21 10 23 11 12 11 22 12 15 12 21 13 16 13 22 14 17 14 23 15 18 16 19 17 20 18 21 19 22 20 23
D12_3736 24 48 0 5 0 7 0 13 0 23 1 6 1 8 1 12 1 14 2 7 2 9 2 13 2 15 3 8 3 10 3 14 3 16 4 9 4 11 4 15 4 17 5 10 5 16 5 18 6 11 6 17 6 19 7 18 7 20 8 19 8 21 9 20 9 22 10 21 10 23 11 12 11 22 12 17 12 19 13 18 13 20 14 19 14 21 15 20 15 22 16 21 16 23 17 22 18 23
D12_3737 24 36 0 6 0 13 0 23 1 7 1 12 1 14 2 8 2 13 2 15 3 9 3 14 3 16 4 10 4 15 4 17 5 11 5 16 5 18 6 17 6 19 7 18 7 20 8 19 8 21 9 20 9 22 10 21 10 23 11 12 11 22 12 18 13 19 14 20 15 21 16 22 17 23
D12_3741 24 60 0 1 0 3 0 9 0 11 0 13 1 2 1 4 1 10 1 14 2 3 2 5 2 11 2 15 3 4 3 6 3 16 4 5 4 7 4 17 5 6 5 8 5 18 6 7 6 9 6 19 7 8 7 10 7 20 8 9 8 11 8 21 9 10 9 22 10 11 10 23 11 12 12 13 12 15 12 21 12 23 13 14 13 16 13 22 14 15 14 17 14 23 15 16 15 18 16 17 16 19 17 18 17 20 18 19 18 21 19 20 19 22 20 21 20 23 21 22 22 23
D12_3742 24 60 0 1 0 5 0 7 0 11 0 13 1 2 1 6 1 8 1 14 2 3 2 7 2 9 2 15 3 4 3 8 3 10 3 16 4 5 4 9 4 11 4 17 5 6 5 10 5 18 6 7 6 11 6 19 7 8 7 20 8 9 8 21 9 10 9 22 10 11 10 23 11 12 12 13 12 17 12 19 12 23 13 14 13 18 13 20 14 15 14 19 14 21 15 16 15 20 15 22 16 17 16 21 16 23 17 18 17 22 18 19 18 23 19 20 20 21 21 22 22 23
D12_3743 24 48 0 1 0 6 0 11 0 13 1 2 1 7 1 14 2 3 2 8 2 15 3 4 3 9 3 16 4 5 4 10 4 17 5 6 5 11 5 18 6 7 6 19 7 8 7 20 8 9 8 21 9 10 9 22 10 11 10 23 11 12 12 13 12 18 12 23 13 14 13 19 14 15 14 20 15 16 15 21 16 17 16 22 17 18 17 23 18 19 19 20 20 21 21 22 22 23
D12_3747 24 60 0 2 0 3 0 9 0 10 0 13 1 3 1 4 1 10 1 11 1 14 2 4 2 5 2 11 2 15 3 5 3 6 3 16 4 6 4 7 4 17 5 7 5 8 5 18 6 8 6 9 6 19 7 9 7 10 7 20 8 10 8 11 8 21 9 11 9 22 10 23 11 12 12 14 12 15 12 21 12 22 13 15 13 16 13 22 13 23 14 16 14 17 14 23 15 17 15 18 16 18 16 19 17 19 17 20 18 20 18 21 19 21 19 22 20 22 20 23 21 23
D12_3748 24 48 0 2 0 6 0 10 0 13 1 3 1 7 1 11 1 14 2 4 2 8 2 15 3 5 3 9 3 16 4 6 4 10 4 17 5 7 5 11 5 18 6 8 6 19 7 9 7 20 8 10 8 21 9 11 9 22 10 23 11 12 12 14 12 18 12 22 13 15 13 19 13 23 14 16 14 20 15 17 15 21 16 18 16 22 17 19 17 23 18 20 19 21 20 22 21 23
D12_3751 24 60 0 3 0 5 0 7 0 9 0 13 1 4 1 6 1 8 1 10 1 14 2 5 2 7 2 9 2 11 2 15 3 6 3 8 3 10 3 16 4 7 4 9 4 11 4 17 5 8 5 10 5 18 6 9 6 11 6 19 7 10 7 20 8 11 8 21 9 22 10 23 11 12 12 15 12 17 12 19 12 21 13 16 13 18 13 20 13 22 14 17 14 19 14 21 14 23 15 18 15 20 15 22 16 19 16 21 16 23 17 20 17 22 18 21 18 23 19 22 20 23
D12_3756 24 48 0 5 0 6 0 7 0 13 1 6 1 7 1 8 1 14 2 7 2 8 2 9 2 15 3 8 3 9 3 10 3 16 4 9 4 10 4 11 4 17 5 10 5 11 5 18 6 11 6 19 7 20 8 21 9 22 10 23 11 12 12 17 12 18 12 19 13 18 13 19 13 20 14 19 14 20 14 21 15 20 15 21 15 22 16 21 16 22 16 23 17 22 17 23 18 23
D12_3767 24 36 0 14 0 15 0 16 1 15 1 16 1 17 2 16 2 17 2 18 3 17 3 18 3 19 4 18 4 19 4 20 5 19 5 20 5 21 6 20 6 21 6 22 7 21 7 22 7 23 8 12 8 22 8 23 9 12 9 13 9 23 10 12 10 13 10 14 11 13 11 14 11 15
D12_3768 24 36 0 14 0 15 0 17 1 15 1 16 1 18 2 16 2 17 2 19 3 17 3 18 3 20 4 18 4 19 4 21 5 19 5 20 5 22 6 20 6 21 6 23 7 12 7 21 7 22 8 13 8 22 8 23 9 12 9 14 9 23 10 12 10 13 10 15 11 13 11 14 11 16
D12_3769 24 36 0 14 0 15 0 18 1 15 1 16 1 19 2 16 2 17 2 20 3 17 3 18 3 21 4 18 4 19 4 22 5 19 5 20 5 23 6 12 6 20 6 21 7 13 7 21 7 22 8 14 8 22 8 23 9 12 9 15 9 23 10 12 10 13 10 16 11 13 11 14 11 17
D12_3770 24 36 0 14 0 15 0 19 1 15 1 16 1 20 2 16 2 17 2 21 3 17 3 18 3 22 4 18 4 19 4 23 5 12 5 19 5 20 6 13 6 20 6 21 7 14 7 21 7 22 8 15 8 22 8 23 9 12 9 16 9 23 10 12 10 13 10 17 11 13 11 14 11 18
D12_3771 24 36 0 14 0 15 0 20 1 15 1 16 1 21 2 16 2 17 2 22 3 17 3 18 3 23 4 12 4 18 4 19 5 13 5 19 5 20 6 14 6 20 6 21 7 15 7 21 7 22 8 16 8 22 8 23 9 12 9 17 9 23 10 12 10 13 10 18 11 13 11 14 11 19
D12_3772 24 36 0 14 0 15 0 21 1 15 1 16 1 22 2 16 2 17 2 23 3 12 3 17 3 18 4 13 4 18 4 19 5 14 5 19 5 20 6 15 6 20 6 21 7 16 7 21 7 22 8 17 8 22 8 23 9 12 9 18 9 23 10 12 10 13 10 19 11 13 11 14 11 20
D12_3773 24 36 0 14 0 15 0 22 1 15 1 16 1 23 2 12 2 16 2 17 3 13 3 17 3 18 4 14 4 18 4 19 5 15 5 19 5 20 6 16 6 20 6 21 7 17 7 21 7 22 8 18 8 22 8 23 9 12 9 19 9 23 10 12 10 13 10 20 11 13 11 14 11 21
D12_3774 24 36 0 14 0 15 0 23 1 12 1 15 1 16 2 13 2 16 2 17 3 14 3 17 3 18 4 15 4 18 4 19 5 16 5 19 5 20 6 17 6 20 6 21 7 18 7 21 7 22 8 19 8 22 8 23 9 12 9 20 9 23 10 12 10 13 10 21 11 13 11 14 11 22
D12_3775 24 48 0 2 0 10 0 14 0 15 1 3 1 11 1 15 1 16 2 4 2 16 2 17 3 5 3 17 3 18 4 6 4 18 4 19 5 7 5 19 5 20 6 8 6 20 6 21 7 9 7 21 7 22 8 10 8 22 8 23 9 11 9 12 9 23 10 12 10 13 11 13 11 14 12 14 12 22 13 15 13 23 14 16 15 17 16 18 17 19 18 20 19 21 20 22 21 23
D12_3776 24 48 0 3 0 9 0 14 0 15 1 4 1 10 1 15 1 16 2 5 2 11 2 16 2 17 3 6 3 17 3 18 4 7 4 18 4 19 5 8 5 19 5 20 6 9 6 20 6 21 7 10 7 21 7 22 8 11 8 22 8 23 9 12 9 23 10 12 10 13 11 13 11 14 12 15 12 21 13 16 13 22 14 17 14 23 15 18 16 19 17 20 18 21 19 22 20 23
D12_3777 24 48 0 5 0 7 0 14 0 15 1 6 1 8 1 15 1 16 2 7 2 9 2 16 2 17 3 8 3 10 3 17 3 18 4 9 4 11 4 18 4 19 5 10 5 19 5 20 6 11 6 20 6 21 7 21 7 22 8 22 8 23 9 12 9 23 10 12 10 13 11 13 11 14 12 17 12 19 13 18 13 20 14 19 14 21 15 20 15 22 16 21 16 23 17 22 18 23
D12_3778 24 36 0 6 0 14 0 15 1 7 1 15 1 16 2 8 2 16 2 17 3 9 3 17 3 18 4 10 4 18 4 19 5 11 5 19 5 20 6 20 6 21 7 21 7 22 8 22 8 23 9 12 9 23 10 12 10 13 11 13 11 14 12 18 13 19 14 20 15 21 16 22 17 23
D12_3782 24 36 0 14 0 16 0 17 1 15 1 17 1 18 2 16 2 18 2 19 3 17 3 19 3 20 4 18 4 20 4 21 5 19 5 21 5 22 6 20 6 22 6 23 7 12 7 21 7 23 8 12 8 13 8 22 9 13 9 14 9 23 10 12 10 14 10 15 11 13 11 15 11 16
D12_3783 24 36 0 14 0 16 0 18 1 15 1 17 1 19 2 16 2 18 2 20 3 17 3 19 3 21 4 18 4 20 4 22 5 19 5 21 5 23 6 12 6 20 6 22 7 13 7 21 7 23 8 12 8 14 8 22 9 13 9 15 9 23 10 12 10 14 10 16 11 13 11 15 11 17
D12_3784 24 36 0 14 0 16 0 19 1 15 1 17 1 20 2 16 2 18 2 21 3 17 3 19 3 22 4 18 4 20 4 23 5 12 5 19 5 21 6 13 6 20 6 22 7 14 7 21 7 23 8 12 8 15 8 22 9 13 9 16 9 23 10 12 10 14 10 17 11 13 11 15 11 18
D12_3785 24 36 0 14 0 16 0 20 1 15 1 17 1 21 2 16 2 18 2 22 3 17 3 19 3 23 4 12 4 18 4 20 5 13 5 19 5 21 6 14 6 20 6 22 7 15 7 21 7 23 8 12 8 16 8 22 9 13 9 17 9 23 10 12 10 14 10 18 11 13 11 15 11 19
D12_3786 24 36 0 14 0 16 0 21 1 15 1 17 1 22 2 16 2 18 2 23 3 12 3 17 3 19 4 13 4 18 4 20 5 14 5 19 5 21 6 15 6 20 6 22 7 16 7 21 7 23 8 12 8 17 8 22 9 13 9 18 9 23 10 12 10 14 10 19 11 13 11 15 11 20
D12_3787 24 36 0 14 0 16 0 22 1 15 1 17 1 23 2 12 2 16 2 18 3 13 3 17 3 19 4 14 4 18 4 20 5 15 5 19 5 21 6 16 6 20 6 22 7 17 7 21 7 23 8 12 8 18 8 22 9 13 9 19 9 23 10 12 10 14 10 20 11 13 11 15 11 21
D12_3788 24 36 0 14 0 16 0 23 1 12 1 15 1 17 2 13 2 16 2 18 3 14 3 17 3 19 4 15 4 18 4 20 5 16 5 19 5 21 6 17 6 20 6 22 7 18 7 21 7 23 8 12 8 19 8 22 9 13 9 20 9 23 10 12 10 14 10 21 11 13 11 15 11 22
D12_3789 24 48 0 1 0 11 0 14 0 16 1 2 1 15 1 17 2 3 2 16 2 18 3 4 3 17 3 19 4 5 4 18 4 20 5 6 5 19 5 21 6 7 6 20 6 22 7 8 7 21 7 23 8 9 8 12 8 22 9 10 9 13 9 23 10 11 10 12 10 14 11 13 11 15 12 13 12 23 13 14 14 15 15 16 16 17 17 18 18 19 19 20 20 21 21 22 22 23
D12_3790 24 48 0 3 0 9 0 14 0 16 1 4 1 10 1 15 1 17 2 5 2 11 2 16 2 18 3 6 3 17 3 19 4 7 4 18 4 20 5 8 5 19 5 21 6 9 6 20 6 22 7 10 7 21 7 23 8 11 8 12 8 22 9 13 9 23 10 12 10 14 11 13 11 15 12 15 12 21 13 16 13 22 14 17 14 23 15 18 16 19 17 20 18 21 19 22 20 23
D12_3791 24 48 0 5 0 7 0 14 0 16 1 6 1 8 1 15 1 17 2 7 2 9 2 16 2 18 3 8 3 10 3 17 3 19 4 9 4 11 4 18 4 20 5 10 5 19 5 21 6 11 6 20 6 22 7 21 7 23 8 12 8 22 9 13 9 23 10 12 10 14 11 13 11 15 12 17 12 19 13 18 13 20 14 19 14 21 15 20 15 22 16 21 16 23 17 22 18 23
D12_3792 24 36 0 6 0 14 0 16 1 7 1 15 1 17 2 8 2 16 2 18 3 9 3 17 3 19 4 10 4 18 4 20 5 11 5 19 5 21 6 20 6 22 7 21 7 23 8 12 8 22 9 13 9 23 10 12 10 14 11 13 11 15 12 18 13 19 14 20 15 21 16 22 17 23
D12_3796 24 36 0 14 0 17 0 18 1 15 1 18 1 19 2 16 2 19 2 20 3 17 3 20 3 21 4 18 4 21 4 22 5 19 5 22 5 23 6 12 6 20 6 23 7 12 7 13 7 21 8 13 8 14 8 22 9 14 9 15 9 23 10 12 10 15 10 16 11 13 11 16 11 17
D12_3797 24 36 0 14 0 17 0 19 1 15 1 18 1 20 2 16 2 19 2 21 3 17 3 20 3 22 4 18 4 21 4 23 5 12 5 19 5 22 6 13 6 20 6 23 7 12 7 14 7 21 8 13 8 15 8 22 9 14 9 16 9 23 10 12 10 15 10 17 11 13 11 16 11 18
D12_3798 24 36 0 14 0 17 0 20 1 15 1 18 1 21 2 16 2 19 2 22 3 17 3 20 3 23 4 12 4 18 4 21 5 13 5 19 5 22 6 14 6 20 6 23 7 12 7 15 7 21 8 13 8 16 8 22 9 14 9 17 9 23 10 12 10 15 10 18 11 13 11 16 11 19
D12_3799 24 36 0 14 0 17 0 21 1 15 1 18 1 22 2 16 2 19 2 23 3 12 3 17 3 20 4 13 4 18 4 21 5 14 5 19 5 22 6 15 6 20 6 23 7 12 7 16 7 21 8 13 8 17 8 22 9 14 9 18 9 23 10 12 10 15 10 19 11 13 11 16 11 20
D12_3800 24 36 0 14 0 17 0 22 1 15 1 18 1 23 2 12 2 16 2 19 3 13 3 17 3 20 4 14 4 18 4 21 5 15 5 19 5 22 6 16 6 20 6 23 7 12 7 17 7 21 8 13 8 18 8 22 9 14 9 19 9 23 10 12 10 15 10 20 11 13 11 16 11 21
D12_3801 24 36 0 14 0 17 0 23 1 12 1 15 1 18 2 13 2 16 2 19 3 14 3 17 3 20 4 15 4 18 4 21 5 16 5 19 5 22 6 17 6 20 6 23 7 12 7 18 7 21 8 13 8 19 8 22 9 14 9 20 9 23 10 12 10 15 10 21 11 13 11 16 11 22
D12_3802 24 48 0 1 0 11 0 14 0 17 1 2 1 15 1 18 2 3 2 16 2 19 3 4 3 17 3 20 4 5 4 18 4 21 5 6 5 19 5 22 6 7 6 20 6 23 7 8 7 12 7 21 8 9 8 13 8 22 9 10 9 14 9 23 10 11 10 12 10 15 11 13 11 16 12 13 12 23 13 14 14 15 15 16 16 17 17 18 18 19 19 20 20 21 21 22 22 23
D12_3803 24 48 0 2 0 10 0 14 0 17 1 3 1 11 1 15 1 18 2 4 2 16 2 19 3 5 3 17 3 20 4 6 4 18 4 21 5 7 5 19 5 22 6 8 6 20 6 23 7 9 7 12 7 21 8 10 8 13 8 22 9 11 9 14 9 23 10 12 10 15 11 13 11 16 12 14 12 22 13 15 13 23 14 16 15 17 16 18 17 19 18 20 19 21 20 22 21 23
D12_3804 24 48 0 5 0 7 0 14 0 17 1 6 1 8 1 15 1 18 2 7 2 9 2 16 2 19 3 8 3 10 3 17 3 20 4 9 4 11 4 18 4 21 5 10 5 19 5 22 6 11 6 20 6 23 7 12 7 21 8 13 8 22 9 14 9 23 10 12 10 15 11 13 11 16 12 17 12 19 13 18 13 20 14 19 14 21 15 20 15 22 16 21 16 23 17 22 18 23
D12_3805 24 36 0 6 0 14 0 17 1 7 1 15 1 18 2 8 2 16 2 19 3 9 3 17 3 20 4 10 4 18 4 21 5 11 5 19 5 22 6 20 6 23 7 12 7 21 8 13 8 22 9 14 9 23 10 12 10 15 11 13 11 16 12 18 13 19 14 20 15 21 16 22 17 23
D12_3809 24 36 0 14 0 18 0 19 1 15 1 19 1 20 2 16 2 20 2 21 3 17 3 21 3 22 4 18 4 22 4 23 5 12 5 19 5 23 6 12 6 13 6 20 7 13 7 14 7 21 8 14 8 15 8 22 9 15 9 16 9 23 10 12 10 16 10 17 11 13 11 17 11 18
D12_3810 24 36 0 14 0 18 0 20 1 15 1 19 1 21 2 16 2 20 2 22 3 17 3 21 3 23 4 12 4 18 4 22 5 13 5 19 5 23 6 12 6 14 6 20 7 13 7 15 7 21 8 14 8 16 8 22 9 15 9 17 9 23 10 12 10 16 10 18 11 13 11 17 11 19
D12_3811 24 36 0 14 0 18 0 21 1 15 1 19 1 22 2 16 2 20 2 23 3 12 3 17 3 21 4 13 4 18 4 22 5 14 5 19 5 23 6 12 6 15 6 20 7 13 7 16 7 21 8 14 8 17 8 22 9 15 9 18 9 23 10 12 10 16 10 19 11 13 11 17 11 20
D12_3812 24 36 0 14 0 18 0 22 1 15 1 19 1 23 2 12 2 16 2 20 3 13 3 17 3 21 4 14 4 18 4 22 5 15 5 19 5 23 6 12 6 16 6 20 7 13 7 17 7 21 8 14 8 18 8 22 9 15 9 19 9 23 10 12 10 16 10 20 11 13 11 17 11 21
D12_3813 24 36 0 14 0 18 0 23 1 12 1 15 1 19 2 13 2 16 2 20 3 14 3 17 3 21 4 15 4 18 4 22 5 16 5 19 5 23 6 12 6 17 6 20 7 13 7 18 7 21 8 14 8 19 8 22 9 15 9 20 9 23 10 12 10 16 10 21 11 13 11 17 11 22
D12_3814 24 48 0 1 0 11 0 14 0 18 1 2 1 15 1 19 2 3 2 16 2 20 3 4 3 17 3 21 4 5 4 18 4 22 5 6 5 19 5 23 6 7 6 12 6 20 7 8 7 13 7 21 8 9 8 14 8 22 9 10 9 15 9 23 10 11 10 12 10 16 11 13 11 17 12 13 12 23 13 14 14 15 15 16 16 17 17 18 18 19 19 20 20 21 21 22 22 23
D12_3815 24 48 0 2 0 10 0 14 0 18 1 3 1 11 1 15 1 19 2 4 2 16 2 20 3 5 3 17 3 21 4 6 4 18 4 22 5 7 5 19 5 23 6 8 6 12 6 20 7 9 7 13 7 21 8 10 8 14 8 22 9 11 9 15 9 23 10 12 10 16 11 13 11 17 12 14 12 22 13 15 13 23 14 16 15 17 16 18 17 19 18 20 19 21 20 22 21 23
D12_3816 24 48 0 3 0 9 0 14 0 18 1 4 1 10 1 15 1 19 2 5 2 11 2 16 2 20 3 6 3 17 3 21 4 7 4 18 4 22 5 8 5 19 5 23 6 9 6 12 6 20 7 10 7 13 7 21 8 11 8 14 8 22 9 15 9 23 10 12 10 16 11 13 11 17 12 15 12 21 13 16 13 22 14 17 14 23 15 18 16 19 17 20 18 21 19 22 20 23
D12_3817 24 48 0 5 0 7 0 14 0 18 1 6 1 8 1 15 1 19 2 7 2 9 2 16 2 20 3 8 3 10 3 17 3 21 4 9 4 11 4 18 4 22 5 10 5 19 5 23 6 11 6 12 6 20 7 13 7 21 8 14 8 22 9 15 9 23 10 12 10 16 11 13 11 17 12 17 12 19 13 18 13 20 14 19 14 21 15 20 15 22 16 21 16 23 17 22 18 23
D12_3818 24 36 0 6 0 14 0 18 1 7 1 15 1 19 2 8 2 16 2 20 3 9 3 17 3 21 4 10 4 18 4 22 5 11 5 19 5 23 6 12 6 20 7 13 7 21 8 14 8 22 9 15 9 23 10 12 10 16 11 13 11 17 12 18 13 19 14 20 15 21 16 22 17 23
D12_3823 24 36 0 14 0 19 0 20 1 15 1 20 1 21 2 16 2 21 2 22 3 17 3 22 3 23 4 12 4 18 4 23 5 12 5 13 5 19 6 13 6 14 6 20 7 14 7 15 7 21 8 15 8 16 8 22 9 16 9 17 9 23 10 12 10 17 10 18 11 13 11 18 11 19
D12_3824 24 36 0 14 0 19 0 21 1 15 1 20 1 22 2 16 2 21 2 23 3 12 3 17 3 22 4 13 4 18 4 23 5 12 5 14 5 19 6 13 6 15 6 20 7 14 7 16 7 21 8 15 8 17 8 22 9 16 9 18 9 23 10 12 10 17 10 19 11 13 11 18 11 20
D12_3825 24 36 0 14 0 19 0 22 1 15 1 20 1 23 2 12 2 16 2 21 3 13 3 17 3 22 4 14 4 18 4 23 5 12 5 15 5 19 6 13 6 16 6 20 7 14 7 17 7 21 8 15 8 18 8 22 9 16 9 19 9 23 10 12 10 17 10 20 11 13 11 18 11 21
D12_3826 24 36 0 14 0 19 0 23 1 12 1 15 1 20 2 13 2 16 2 21 3 14 3 17 3 22 4 15 4 18 4 23 5 12 5 16 5 19 6 13 6 17 6 20 7 14 7 18 7 21 8 15 8 19 8 22 9 16 9 20 9 23 10 12 10 17 10 21 11 13 11 18 11 22
D12_3827 24 48 0 1 0 11 0 14 0 19 1 2 1 15 1 20 2 3 2 16 2 21 3 4 3 17 3 22 4 5 4 18 4 23 5 6 5 12 5 19 6 7 6 13 6 20 7 8 7 14 7 21 8 9 8 15 8 22 9 10 9 16 9 23 10 11 10 12 10 17 11 13 11 18 12 13 12 23 13 14 14 15 15 16 16 17 17 18 18 19 19 20 20 21 21 22 22 23
D12_3828 24 48 0 2 0 10 0 14 0 19 1 3 1 11 1 15 1 20 2 4 2 16 2 21 3 5 3 17 3 22 4 6 4 18 4 23 5 7 5 12 5 19 6 8 6 13 6 20 7 9 7 14 7 21 8 10 8 15 8 22 9 11 9 16 9 23 10 12 10 17 11 13 11 18 12 14 12 22 13 15 13 23 14 16 15 17 16 18 17 19 18 20 19 21 20 22 21 23
D12_3829 24 48 0 3 0 9 0 14 0 19 1 4 1 10 1 15 1 20 2 5 2 11 2 16 2 21 3 6 3 17 3 22 4 7 4 18 4 23 5 8 5 12 5 19 6 9 6 13 6 20 7 10 7 14 7 21 8 11 8 15 8 22 9 16 9 23 10 12 10 17 11 13 11 18 12 15 12 21 13 16 13 22 14 17 14 23 15 18 16 19 17 20 18 21 19 22 20 23
D12_3830 24 36 0 6 0 14 0 19 1 7 1 15 1 20 2 8 2 16 2 21 3 9 3 17 3 22 4 10 4 18 4 23 5 11 5 12 5 19 6 13 6 20 7 14 7 21 8 15 8 22 9 16 9 23 10 12 10 17 11 13 11 18 12 18 13 19 14 20 15 21 16 22 17 23
D12_3834 24 36 0 14 0 20 0 21 1 15 1 21 1 22 2 16 2 22 2 23 3 12 3 17 3 23 4 12 4 13 4 18 5 13 5 14 5 19 6 14 6 15 6 20 7 15 7 16 7 21 8 16 8 17 8 22 9 17 9 18 9 23 10 12 10 18 10 19 11 13 11 19 11 20
D12_3835 24 36 0 14 0 20 0 22 1 15 1 21 1 23 2 12 2 16 2 22 3 13 3 17 3 23 4 12 4 14 4 18 5 13 5 15 5 19 6 14 6 16 6 20 7 15 7 17 7 21 8 16 8 18 8 22 9 17 9 19 9 23 10 12 10 18 10 20 11 13 11 19 11 21
D12_3836 24 36 0 14 0 20 0 23 1 12 1 15 1 21 2 13 2 16 2 22 3 14 3 17 3 23 4 12 4 15 4 18 5 13 5 16 5 19 6 14 6 17 6 20 7 15 7 18 7 21 8 16 8 19 8 22 9 17 9 20 9 23 10 12 10 18 10 21 11 13 11 19 11 22
D12_3837 24 48 0 1 0 11 0 14 0 20 1 2 1 15 1 21 2 3 2 16 2 22 3 4 3 17 3 23 4 5 4 12 4 18 5 6 5 13 5 19 6 7 6 14 6 20 7 8 7 15 7 21 8 9 8 16 8 22 9 10 9 17 9 23 10 11 10 12 10 18 11 13 11 19 12 13 12 23 13 14 14 15 15 16 16 17 17 18 18 19 19 20 20 21 21 22 22 23
D12_3838 24 48 0 2 0 10 0 14 0 20 1 3 1 11 1 15 1 21 2 4 2 16 2 22 3 5 3 17 3 23 4 6 4 12 4 18 5 7 5 13 5 19 6 8 6 14 6 20 7 9 7 15 7 21 8 10 8 16 8 22 9 11 9 17 9 23 10 12 10 18 11 13 11 19 12 14 12 22 13 15 13 23 14 16 15 17 16 18 17 19 18 20 19 21 20 22 21 23
D12_3839 24 48 0 3 0 9 0 14 0 20 1 4 1 10 1 15 1 21 2 5 2 11 2 16 2 22 3 6 3 17 3 23 4 7 4 12 4 18 5 8 5 13 5 19 6 9 6 14 6 20 7 10 7 15 7 21 8 11 8 16 8 22 9 17 9 23 10 12 10 18 11 13 11 19 12 15 12 21 13 16 13 22 14 17 14 23 15 18 16 19 17 20 18 21 19 22 20 23
D12_3840 24 48 0 5 0 7 0 14 0 20 1 6 1 8 1 15 1 21 2 7 2 9 2 16 2 22 3 8 3 10 3 17 3 23 4 9 4 11 4 12 4 18 5 10 5 13 5 19 6 11 6 14 6 20 7 15 7 21 8 16 8 22 9 17 9 23 10 12 10 18 11 13 11 19 12 17 12 19 13 18 13 20 14 19 14 21 15 20 15 22 16 21 16 23 17 22 18 23
D12_3845 24 36 0 14 0 21 0 22 1 15 1 22 1 23 2 12 2 16 2 23 3 12 3 13 3 17 4 13 4 14 4 18 5 14 5 15 5 19 6 15 6 16 6 20 7 16 7 17 7 21 8 17 8 18 8 22 9 18 9 19 9 23 10 12 10 19 10 20 11 13 11 20 11 21
D12_3846 24 36 0 14 0 21 0 23 1 12 1 15 1 22 2 13 2 16 2 23 3 12 3 14 3 17 4 13 4 15 4 18 5 14 5 16 5 19 6 15 6 17 6 20 7 16 7 18 7 21 8 17 8 19 8 22 9 18 9 20 9 23 10 12 10 19 10 21 11 13 11 20 11 22
D12_3847 24 48 0 1 0 11 0 14 0 21 1 2 1 15 1 22 2 3 2 16 2 23 3 4 3 12 3 17 4 5 4 13 4 18 5 6 5 14 5 19 6 7 6 15 6 20 7 8 7 16 7 21 8 9 8 17 8 22 9 10 9 18 9 23 10 11 10 12 10 19 11 13 11 20 12 13 12 23 13 14 14 15 15 16 16 17 17 18 18 19 19 20 20 21 21 22 22 23
D12_3848 24 48 0 2 0 10 0 14 0 21 1 3 1 11 1 15 1 22 2 4 2 16 2 23 3 5 3 12 3 17 4 6 4 13 4 18 5 7 5 14 5 19 6 8 6 15 6 20 7 9 7 16 7 21 8 10 8 17 8 22 9 11 9 18 9 23 10 12 10 19 11 13 11 20 12 14 12 22 13 15 13 23 14 16 15 17 16 18 17 19 18 20 19 21 20 22 21 23
D12_3849 24 48 0 3 0 9 0 14 0 21 1 4 1 10 1 15 1 22 2 5 2 11 2 16 2 23 3 6 3 12 3 17 4 7 4 13 4 18 5 8 5 14 5 19 6 9 6 15 6 20 7 10 7 16 7 21 8 11 8 17 8 22 9 18 9 23 10 12 10 19 11 13 11 20 12 15 12 21 13 16 13 22 14 17 14 23 15 18 16 19 17 20 18 21 19 22 20 23
D12_3850 24 36 0 6 0 14 0 21 1 7 1 15 1 22 2 8 2 16 2 23 3 9 3 12 3 17 4 10 4 13 4 18 5 11 5 14 5 19 6 15 6 20 7 16 7 21 8 17 8 22 9 18 9 23 10 12 10 19 11 13 11 20 12 18 13 19 14 20 15 21 16 22 17 23
D12_3854 24 36 0 14 0 22 0 23 1 12 1 15 1 23 2 12 2 13 2 16 3 13 3 14 3 17 4 14 4 15 4 18 5 15 5 16 5 19 6 16 6 17 6 20 7 17 7 18 7 21 8 18 8 19 8 22 9 19 9 20 9 23 10 12 10 20 10 21 11 13 11 21 11 22
D12_3855 24 48 0 1 0 11 0 14 0 22 1 2 1 15 1 23 2 3 2 12 2 16 3 4 3 13 3 17 4 5 4 14 4 18 5 6 5 15 5 19 6 7 6 16 6 20 7 8 7 17 7 21 8 9 8 18 8 22 9 10 9 19 9 23 10 11 10 12 10 20 11 13 11 21 12 13 12 23 13 14 14 15 15 16 16 17 17 18 18 19 19 20 20 21 21 22 22 23
D12_3857 24 48 0 3 0 9 0 14 0 22 1 4 1 10 1 15 1 23 2 5 2 11 2 12 2 16 3 6 3 13 3 17 4 7 4 14 4 18 5 8 5 15 5 19 6 9 6 16 6 20 7 10 7 17 7 21 8 11 8 18 8 22 9 19 9 23 10 12 10 20 11 13 11 21 12 15 12 21 13 16 13 22 14 17 14 23 15 18 16 19 17 20 18 21 19 22 20 23
D12_3858 24 48 0 5 0 7 0 14 0 22 1 6 1 8 1 15 1 23 2 7 2 9 2 12 2 16 3 8 3 10 3 13 3 17 4 9 4 11 4 14 4 18 5 10 5 15 5 19 6 11 6 16 6 20 7 17 7 21 8 18 8 22 9 19 9 23 10 12 10 20 11 13 11 21 12 17 12 19 13 18 13 20 14 19 14 21 15 20 15 22 16 21 16 23 17 22 18 23
D12_3859 24 36 0 6 0 14 0 22 1 7 1 15 1 23 2 8 2 12 2 16 3 9 3 13 3 17 4 10 4 14 4 18 5 11 5 15 5 19 6 16 6 20 7 17 7 21 8 18 8 22 9 19 9 23 10 12 10 20 11 13 11 21 12 18 13 19 14 20 15 21 16 22 17 23
D12_3864 24 48 0 1 0 11 0 14 0 23 1 2 1 12 1 15 2 3 2 13 2 16 3 4 3 14 3 17 4 5 4 15 4 18 5 6 5 16 5 19 6 7 6 17 6 20 7 8 7 18 7 21 8 9 8 19 8 22 9 10 9 20 9 23 10 11 10 12 10 21 11 13 11 22 12 13 12 23 13 14 14 15 15 16 16 17 17 18 18 19 19 20 20 21 21 22 22 23
D12_3865 24 48 0 2 0 10 0 14 0 23 1 3 1 11 1 12 1 15 2 4 2 13 2 16 3 5 3 14 3 17 4 6 4 15 4 18 5 7 5 16 5 19 6 8 6 17 6 20 7 9 7 18 7 21 8 10 8 19 8 22 9 11 9 20 9 23 10 12 10 21 11 13 11 22 12 14 12 22 13 15 13 23 14 16 15 17 16 18 17 19 18 20 19 21 20 22 21 23
D12_3866 24 48 0 5 0 7 0 14 0 23 1 6 1 8 1 12 1 15 2 7 2 9 2 13 2 16 3 8 3 10 3 14 3 17 4 9 4 11 4 15 4 18 5 10 5 16 5 19 6 11 6 17 6 20 7 18 7 21 8 19 8 22 9 20 9 23 10 12 10 21 11 13 11 22 12 17 12 19 13 18 13 20 14 19 14 21 15 20 15 22 16 21 16 23 17 22 18 23
D12_3867 24 36 0 6 0 14 0 23 1 7 1 12 1 15 2 8 2 13 2 16 3 9 3 14 3 17 4 10 4 15 4 18 5 11 5 16 5 19 6 17 6 20 7 18 7 21 8 19 8 22 9 20 9 23 10 12 10 21 11 13 11 22 12 18 13 19 14 20 15 21 16 22 17 23
D12_3871 24 60 0 1 0 3 0 9 0 11 0 14 1 2 1 4 1 10 1 15 2 3 2 5 2 11 2 16 3 4 3 6 3 17 4 5 4 7 4 18 5 6 5 8 5 19 6 7 6 9 6 20 7 8 7 10 7 21 8 9 8 11 8 22 9 10 9 23 10 11 10 12 11 13 12 13 12 15 12 21 12 23 13 14 13 16 13 22 14 15 14 17 14 23 15 16 15 18 16 17 16 19 17 18 17 20 18 19 18 21 19 20 19 22 20 21 20 23 21 22 22 23
D12_3872 24 60 0 1 0 5 0 7 0 11 0 14 1 2 1 6 1 8 1 15 2 3 2 7 2 9 2 16 3 4 3 8 3 10 3 17 4 5 4 9 4 11 4 18 5 6 5 10 5 19 6 7 6 11 6 20 7 8 7 21 8 9 8 22 9 10 9 23 10 11 10 12 11 13 12 13 12 17 12 19 12 23 13 14 13 18 13 20 14 15 14 19 14 21 15 16 15 20 15 22 16 17 16 21 16 23 17 18 17 22 18 19 18 23 19 20 20 21 21 22 22 23
D12_3873 24 48 0 1 0 6 0 11 0 14 1 2 1 7 1 15 2 3 2 8 2 16 3 4 3 9 3 17 4 5 4 10 4 18 5 6 5 11 5 19 6 7 6 20 7 8 7 21 8 9 8 22 9 10 9 23 10 11 10 12 11 13 12 13 12 18 12 23 13 14 13 19 14 15 14 20 15 16 15 21 16 17 16 22 17 18 17 23 18 19 19 20 20 21 21 22 22 23
D12_3877 24 60 0 2 0 3 0 9 0 10 0 14 1 3 1 4 1 10 1 11 1 15 2 4 2 5 2 11 2 16 3 5 3 6 3 17 4 6 4 7 4 18 5 7 5 8 5 19 6 8 6 9 6 20 7 9 7 10 7 21 8 10 8 11 8 22 9 11 9 23 10 12 11 13 12 14 12 15 12 21 12 22 13 15 13 16 13 22 13 23 14 16 14 17 14 23 15 17 15 18 16 18 16 19 17 19 17 20 18 20 18 21 19 21 19 22 20 22 20 23 21 23
D12_3878 24 48 0 2 0 6 0 10 0 14 1 3 1 7 1 11 1 15 2 4 2 8 2 16 3 5 3 9 3 17 4 6 4 10 4 18 5 7 5 11 5 19 6 8 6 20 7 9 7 21 8 10 8 22 9 11 9 23 10 12 11 13 12 14 12 18 12 22 13 15 13 19 13 23 14 16 14 20 15 17 15 21 16 18 16 22 17 19 17 23 18 20 19 21 20 22 21 23
D12_3881 24 60 0 3 0 5 0 7 0 9 0 14 1 4 1 6 1 8 1 10 1 15 2 5 2 7 2 9 2 11 2 16 3 6 3 8 3 10 3 17 4 7 4 9 4 11 4 18 5 8 5 10 5 19 6 9 6 11 6 20 7 10 7 21 8 11 8 22 9 23 10 12 11 13 12 15 12 17 12 19 12 21 13 16 13 18 13 20 13 22 14 17 14 19 14 21 14 23 15 18 15 20 15 22 16 19 16 21 16 23 17 20 17 22 18 21 18 23 19 22 20 23
D12_3886 24 48 0 5 0 6 0 7 0 14 1 6 1 7 1 8 1 15 2 7 2 8 2 9 2 16 3 8 3 9 3 10 3 17 4 9 4 10 4 11 4 18 5 10 5 11 5 19 6 11 6 20 7 21 8 22 9 23 10 12 11 13 12 17 12 18 12 19 13 18 13 19 13 20 14 19 14 20 14 21 15 20 15 21 15 22 16 21 16 22 16 23 17 22 17 23 18 23
D12_3897 24 36 0 15 0 16 0 17 1 16 1 17 1 18 2 17 2 18 2 19 3 18 3 19 3 20 4 19 4 20 4 21 5 20 5 21 5 22 6 21 6 22 6 23 7 12 7 22 7 23 8 12 8 13 8 23 9 12 9 13 9 14 10 13 10 14 10 15 11 14 11 15 11 16
D12_3898 24 36 0 15 0 16 0 18 1 16 1 17 1 19 2 17 2 18 2 20 3 18 3 19 3 21 4 19 4 20 4 22 5 20 5 21 5 23 6 12 6 21 6 22 7 13 7 22 7 23 8 12 8 14 8 23 9 12 9 13 9 15 10 13 10 14 10 16 11 14 11 15 11 17
D12_3899 24 36 0 15 0 16 0 19 1 16 1 17 1 20 2 17 2 18 2 21 3 18 3 19 3 22 4 19 4 20 4 23 5 12 5 20 5 21 6 13 6 21 6 22 7 14 7 22 7 23 8 12 8 15 8 23 9 12 9 13 9 16 10 13 10 14 10 17 11 14 11 15 11 18
D12_3900 24 36 0 15 0 16 0 20 1 16 1 17 1 21 2 17 2 18 2 22 3 18 3 19 3 23 4 12 4 19 4 20 5 13 5 20 5 21 6 14 6 21 6 22 7 15 7 22 7 23 8 12 8 16 8 23 9 12 9 13 9 17 10 13 10 14 10 18 11 14 11 15 11 19
D12_3901 24 36 0 15 0 16 0 21 1 16 1 17 1 22 2 17 2 18 2 23 3 12 3 18 3 19 4 13 4 19 4 20 5 14 5 20 5 21 6 15 6 21 6 22 7 16 7 22 7 23 8 12 8 17 8 23 9 12 9 13 9 18 10 13 10 14 10 19 11 14 11 15 11 20
D12_3902 24 36 0 15 0 16 0 22 1 16 1 17 1 23 2 12 2 17 2 18 3 13 3 18 3 19 4 14 4 19 4 20 5 15 5 20 5 21 6 16 6 21 6 22 7 17 7 22 7 23 8 12 8 18 8 23 9 12 9 13 9 19 10 13 10 14 10 20 11 14 11 15 11 21
D12_3903 24 36 0 15 0 16 0 23 1 12 1 16 1 17 2 13 2 17 2 18 3 14 3 18 3 19 4 15 4 19 4 20 5 16 5 20 5 21 6 17 6 21 6 22 7 18 7 22 7 23 8 12 8 19 8 23 9 12 9 13 9 20 10 13 10 14 10 21 11 14 11 15 11 22
D12_3904 24 48 0 2 0 10 0 15 0 16 1 3 1 11 1 16 1 17 2 4 2 17 2 18 3 5 3 18 3 19 4 6 4 19 4 20 5 7 5 20 5 21 6 8 6 21 6 22 7 9 7 22 7 23 8 10 8 12 8 23 9 11 9 12 9 13 10 13 10 14 11 14 11 15 12 14 12 22 13 15 13 23 14 16 15 17 16 18 17 19 18 20 19 21 20 22 21 23
D12_3905 24 48 0 3 0 9 0 15 0 16 1 4 1 10 1 16 1 17 2 5 2 11 2 17 2 18 3 6 3 18 3 19 4 7 4 19 4 20 5 8 5 20 5 21 6 9 6 21 6 22 7 10 7 22 7 23 8 11 8 12 8 23 9 12 9 13 10 13 10 14 11 14 11 15 12 15 12 21 13 16 13 22 14 17 14 23 15 18 16 19 17 20 18 21 19 22 20 23
D12_3906 24 48 0 5 0 7 0 15 0 16 1 6 1 8 1 16 1 17 2 7 2 9 2 17 2 18 3 8 3 10 3 18 3 19 4 9 4 11 4 19 4 20 5 10 5 20 5 21 6 11 6 21 6 22 7 22 7 23 8 12 8 23 9 12 9 13 10 13 10 14 11 14 11 15 12 17 12 19 13 18 13 20 14 19 14 21 15 20 15 22 16 21 16 23 17 22 18 23
D12_3907 24 36 0 6 0 15 0 16 1 7 1 16 1 17 2 8 2 17 2 18 3 9 3 18 3 19 4 10 4 19 4 20 5 11 5 20 5 21 6 21 6 22 7 22 7 23 8 12 8 23 9 12 9 13 10 13 10 14 11 14 11 15 12 18 13 19 14 20 15 21 16 22 17 23
D12_3911 24 36 0 15 0 17 0 18 1 16 1 18 1 19 2 17 2 19 2 20 3 18 3 20 3 21 4 19 4 21 4 22 5 20 5 22 5 23 6 12 6 21 6 23 7 12 7 13 7 22 8 13 8 14 8 23 9 12 9 14 9 15 10 13 10 15 10 16 11 14 11 16 11 17
D12_3912 24 36 0 15 0 17 0 19 1 16 1 18 1 20 2 17 2 19 2 21 3 18 3 20 3 22 4 19 4 21 4 23 5 12 5 20 5 22 6 13 6 21 6 23 7 12 7 14 7 22 8 13 8 15 8 23 9 12 9 14 9 16 10 13 10 15 10 17 11 14 11 16 11 18
D12_3913 24 36 0 15 0 17 0 20 1 16 1 18 1 21 2 17 2 19 2 22 3 18 3 20 3 23 4 12 4 19 4 21 5 13 5 20 5 22 6 14 6 21 6 23 7 12 7 15 7 22 8 13 8 16 8 23 9 12 9 14 9 17 10 13 10 15 10 18 11 14 11 16 11 19
D12_3914 24 36 0 15 0 17 0 21 1 16 1 18 1 22 2 17 2 19 2 23 3 12 3 18 3 20 4 13 4 19 4 21 5 14 5 20 5 22 6 15 6 21 6 23 7 12 7 16 7 22 8 13 8 17 8 23 9 12 9 14 9 18 10 13 10 15 10 19 11 14 11 16 11 20
D12_3915 24 36 0 15 0 17 0 22 1 16 1 18 1 23 2 12 2 17 2 19 3 13 3 18 3 20 4 14 4 19 4 21 5 15 5 20 5 22 6 16 6 21 6 23 7 12 7 17 7 22 8 13 8 18 8 23 9 12 9 14 9 19 10 13 10 15 10 20 11 14 11 16 11 21
D12_3916 24 36 0 15 0 17 0 23 1 12 1 16 1 18 2 13 2 17 2 19 3 14 3 18 3 20 4 15 4 19 4 21 5 16 5 20 5 22 6 17 6 21 6 23 7 12 7 18 7 22 8 13 8 19 8 23 9 12 9 14 9 20 10 13 10 15 10 21 11 14 11 16 11 22
D12_3917 24 48 0 1 0 11 0 15 0 17 1 2 1 16 1 18 2 3 2 17 2 19 3 4 3 18 3 20 4 5 4 19 4 21 5 6 5 20 5 22 6 7 6 21 6 23 7 8 7 12 7 22 8 9 8 13 8 23 9 10 9 12 9 14 10 11 10 13 10 15 11 14 11 16 12 13 12 23 13 14 14 15 15 16 16 17 17 18 18 19 19 20 20 21 21 22 22 23
D12_3918 24 48 0 3 0 9 0 15 0 17 1 4 1 10 1 16 1 18 2 5 2 11 2 17 2 19 3 6 3 18 3 20 4 7 4 19 4 21 5 8 5 20 5 22 6 9 6 21 6 23 7 10 7 12 7 22 8 11 8 13 8 23 9 12 9 14 10 13 10 15 11 14 11 16 12 15 12 21 13 16 13 22 14 17 14 23 15 18 16 19 17 20 18 21 19 22 20 23
D12_3919 24 48 0 5 0 7 0 15 0 17 1 6 1 8 1 16 1 18 2 7 2 9 2 17 2 19 3 8 3 10 3 18 3 20 4 9 4 11 4 19 4 21 5 10 5 20 5 22 6 11 6 21 6 23 7 12 7 22 8 13 8 23 9 12 9 14 10 13 10 15 11 14 11 16 12 17 12 19 13 18 13 20 14 19 14 21 15 20 15 22 16 21 16 23 17 22 18 23
D12_3920 24 36 0 6 0 15 0 17 1 7 1 16 1 18 2 8 2 17 2 19 3 9 3 18 3 20 4 10 4 19 4 21 5 11 5 20 5 22 6 21 6 23 7 12 7 22 8 13 8 23 9 12 9 14 10 13 10 15 11 14 11 16 12 18 13 19 14 20 15 21 16 22 17 23
D12_3924 24 36 0 15 0 18 0 19 1 16 1 19 1 20 2 17 2 20 2 21 3 18 3 21 3 22 4 19 4 22 4 23 5 12 5 20 5 23 6 12 6 13 6 21 7 13 7 14 7 22 8 14 8 15 8 23 9 12 9 15 9 16 10 13 10 16 10 17 11 14 11 17 11 18
D12_3925 24 36 0 15 0 18 0 20 1 16 1 19 1 21 2 17 2 20 2 22 3 18 3 21 3 23 4 12 4 19 4 22 5 13 5 20 5 23 6 12 6 14 6 21 7 13 7 15 7 22 8 14 8 16 8 23 9 12 9 15 9 17 10 13 10 16 10 18 11 14 11 17 11 19
D12_3926 24 36 0 15 0 18 0 21 1 16 1 19 1 22 2 17 2 20 2 23 3 12 3 18 3 21 4 13 4 19 4 22 5 14 5 20 5 23 6 12 6 15 6 21 7 13 7 16 7 22 8 14 8 17 8 23 9 12 9 15 9 18 10 13 10 16 10 19 11 14 11 17 11 20
D12_3927 24 36 0 15 0 18 0 22 1 16 1 19 1 23 2 12 2 17 2 20 3 13 3 18 3 21 4 14 4 19 4 22 5 15 5 20 5 23 6 12 6 16 6 21 7 13 7 17 7 22 8 14 8 18 8 23 9 12 9 15 9 19 10 13 10 16 10 20 11 14 11 17 11 21
D12_3928 24 36 0 15 0 18 0 23 1 12 1 16 1 19 2 13 2 17 2 20 3 14 3 18 3 21 4 15 4 19 4 22 5 16 5 20 5 23 6 12 6 17 6 21 7 13 7 18 7 22 8 14 8 19 8 23 9 12 9 15 9 20 10 13 10 16 10 21 11 14 11 17 11 22
D12_3929 24 48 0 1 0 11 0 15 0 18 1 2 1 16 1 19 2 3 2 17 2 20 3 4 3 18 3 21 4 5 4 19 4 22 5 6 5 20 5 23 6 7 6 12 6 21 7 8 7 13 7 22 8 9 8 14 8 23 9 10 9 12 9 15 10 11 10 13 10 16 11 14 11 17 12 13 12 23 13 14 14 15 15 16 16 17 17 18 18 19 19 20 20 21 21 22 22 23
D12_3930 24 48 0 2 0 10 0 15 0 18 1 3 1 11 1 16 1 19 2 4 2 17 2 20 3 5 3 18 3 21 4 6 4 19 4 22 5 7 5 20 5 23 6 8 6 12 6 21 7 9 7 13 7 22 8 10 8 14 8 23 9 11 9 12 9 15 10 13 10 16 11 14 11 17 12 14 12 22 13 15 13 23 14 16 15 17 16 18 17 19 18 20 19 21 20 22 21 23
D12_3931 24 48 0 5 0 7 0 15 0 18 1 6 1 8 1 16 1 19 2 7 2 9 2 17 2 20 3 8 3 10 3 18 3 21 4 9 4 11 4 19 4 22 5 10 5 20 5 23 6 11 6 12 6 21 7 13 7 22 8 14 8 23 9 12 9 15 10 13 10 16 11 14 11 17 12 17 12 19 13 18 13 20 14 19 14 21 15 20 15 22 16 21 16 23 17 22 18 23
D12_3932 24 36 0 6 0 15 0 18 1 7 1 16 1 19 2 8 2 17 2 20 3 9 3 18 3 21 4 10 4 19 4 22 5 11 5 20 5 23 6 12 6 21 7 13 7 22 8 14 8 23 9 12 9 15 10 13 10 16 11 14 11 17 12 18 13 19 14 20 15 21 16 22 17 23
D12_3936 24 36 0 15 0 19 0 20 1 16 1 20 1 21 2 17 2 21 2 22 3 18 3 22 3 23 4 12 4 19 4 23 5 12 5 13 5 20 6 13 6 14 6 21 7 14 7 15 7 22 8 15 8 16 8 23 9 12 9 16 9 17 10 13 10 17 10 18 11 14 11 18 11 19
D12_3937 24 36 0 15 0 19 0 21 1 16 1 20 1 22 2 17 2 21 2 23 3 12 3 18 3 22 4 13 4 19 4 23 5 12 5 14 5 20 6 13 6 15 6 21 7 14 7 16 7 22 8 15 8 17 8 23 9 12 9 16 9 18 10 13 10 17 10 19 11 14 11 18 11 20
D12_3938 24 36 0 15 0 19 0 22 1 16 1 20 1 23 2 12 2 17 2 21 3 13 3 18 3 22 4 14 4 19 4 23 5 12 5 15 5 20 6 13 6 16 6 21 7 14 7 17 7 22 8 15 8 18 8 23 9 12 9 16 9 19 10 13 10 17 10 20 11 14 11 18 11 21
D12_3939 24 36 0 15 0 19 0 23 1 12 1 16 1 20 2 13 2 17 2 21 3 14 3 18 3 22 4 15 4 19 4 23 5 12 5 16 5 20 6 13 6 17 6 21 7 14 7 18 7 22 8 15 8 19 8 23 9 12 9 16 9 20 10 13 10 17 10 21 11 14 11 18 11 22
D12_3940 24 48 0 1 0 11 0 15 0 19 1 2 1 16 1 20 2 3 2 17 2 21 3 4 3 18 3 22 4 5 4 19 4 23 5 6 5 12 5 20 6 7 6 13 6 21 7 8 7 14 7 22 8 9 8 15 8 23 9 10 9 12 9 16 10 11 10 13 10 17 11 14 11 18 12 13 12 23 13 14 14 15 15 16 16 17 17 18 18 19 19 20 20 21 21 22 22 23
D12_3941 24 48 0 2 0 10 0 15 0 19 1 3 1 11 1 16 1 20 2 4 2 17 2 21 3 5 3 18 3 22 4 6 4 19 4 23 5 7 5 12 5 20 6 8 6 13 6 21 7 9 7 14 7 22 8 10 8 15 8 23 9 11 9 12 9 16 10 13 10 17 11 14 11 18 12 14 12 22 13 15 13 23 14 16 15 17 16 18 17 19 18 20 19 21 20 22 21 23
D12_3942 24 48 0 3 0 9 0 15 0 19 1 4 1 10 1 16 1 20 2 5 2 11 2 17 2 21 3 6 3 18 3 22 4 7 4 19 4 23 5 8 5 12 5 20 6 9 6 13 6 21 7 10 7 14 7 22 8 11 8 15 8 23 9 12 9 16 10 13 10 17 11 14 11 18 12 15 12 21 13 16 13 22 14 17 14 23 15 18 16 19 17 20 18 21 19 22 20 23
D12_3943 24 48 0 5 0 7 0 15 0 19 1 6 1 8 1 16 1 20 2 7 2 9 2 17 2 21 3 8 3 10 3 18 3 22 4 9 4 11 4 19 4 23 5 10 5 12 5 20 6 11 6 13 6 21 7 14 7 22 8 15 8 23 9 12 9 16 10 13 10 17 11 14 11 18 12 17 12 19 13 18 13 20 14 19 14 21 15 20 15 22 16 21 16 23 17 22 18 23
D12_3944 24 36 0 6 0 15 0 19 1 7 1 16 1 20 2 8 2 17 2 21 3 9 3 18 3 22 4 10 4 19 4 23 5 11 5 12 5 20 6 13 6 21 7 14 7 22 8 15 8 23 9 12 9 16 10 13 10 17 11 14 11 18 12 18 13 19 14 20 15 21 16 22 17 23
D12_3949 24 36 0 15 0 20 0 21 1 16 1 21 1 22 2 17 2 22 2 23 3 12 3 18 3 23 4 12 4 13 4 19 5 13 5 14 5 20 6 14 6 15 6 21 7 15 7 16 7 22 8 16 8 17 8 23 9 12 9 17 9 18 10 13 10 18 10 19 11 14 11 19 11 20
D12_3950 24 36 0 15 0 20 0 22 1 16 1 21 1 23 2 12 2 17 2 22 3 13 3 18 3 23 4 12 4 14 4 19 5 13 5 15 5 20 6 14 6 16 6 21 7 15 7 17 7 22 8 16 8 18 8 23 9 12 9 17 9 19 10 13 10 18 10 20 11 14 11 19 11 21
D12_3951 24 36 0 15 0 20 0 23 1 12 1 16 1 21 2 13 2 17 2 22 3 14 3 18 3 23 4 12 4 15 4 19 5 13 5 16 5 20 6 14 6 17 6 21 7 15 7 18 7 22 8 16 8 19 8 23 9 12 9 17 9 20 10 13 10 18 10 21 11 14 11 19 11 22
D12_3952 24 48 0 1 0 11 0 15 0 20 1 2 1 16 1 21 2 3 2 17 2 22 3 4 3 18 3 23 4 5 4 12 4 19 5 6 5 13 5 20 6 7 6 14 6 21 7 8 7 15 7 22 8 9 8 16 8 23 9 10 9 12 9 17 10 11 10 13 10 18 11 14 11 19 12 13 12 23 13 14 14 15 15 16 16 17 17 18 18 19 19 20 20 21 21 22 22 23
D12_3953 24 48 0 2 0 10 0 15 0 20 1 3 1 11 1 16 1 21 2 4 2 17 2 22 3 5 3 18 3 23 4 6 4 12 4 19 5 7 5 13 5 20 6 8 6 14 6 21 7 9 7 15 7 22 8 10 8 16 8 23 9 11 9 12 9 17 10 13 10 18 11 14 11 19 12 14 12 22 13 15 13 23 14 16 15 17 16 18 17 19 18 20 19 21 20 22 21 23
D12_3954 24 48 0 3 0 9 0 15 0 20 1 4 1 10 1 16 1 21 2 5 2 11 2 17 2 22 3 6 3 18 3 23 4 7 4 12 4 19 5 8 5 13 5 20 6 9 6 14 6 21 7 10 7 15 7 22 8 11 8 16 8 23 9 12 9 17 10 13 10 18 11 14 11 19 12 15 12 21 13 16 13 22 14 17 14 23 15 18 16 19 17 20 18 21 19 22 20 23
D12_3955 24 36 0 6 0 15 0 20 1 7 1 16 1 21 2 8 2 17 2 22 3 9 3 18 3 23 4 10 4 12 4 19 5 11 5 13 5 20 6 14 6 21 7 15 7 22 8 16 8 23 9 12 9 17 10 13 10 18 11 14 11 19 12 18 13 19 14 20 15 21 16 22 17 23
D12_3959 24 36 0 15 0 21 0 22 1 16 1 22 1 23 2 12 2 17 2 23 3 12 3 13 3 18 4 13 4 14 4 19 5 14 5 15 5 20 6 15 6 16 6 21 7 16 7 17 7 22 8 17 8 18 8 23 9 12 9 18 9 19 10 13 10 19 10 20 11 14 11 20 11 21
D12_3960 24 36 0 15 0 21 0 23 1 12 1 16 1 22 2 13 2 17 2 23 3 12 3 14 3 18 4 13 4 15 4 19 5 14 5 16 5 20 6 15 6 17 6 21 7 16 7 18 7 22 8 17 8 19 8 23 9 12 9 18 9 20 10 13 10 19 10 21 11 14 11 20 11 22
D12_3961 24 48 0 1 0 11 0 15 0 21 1 2 1 16 1 22 2 3 2 17 2 23 3 4 3 12 3 18 4 5 4 13 4 19 5 6 5 14 5 20 6 7 6 15 6 21 7 8 7 16 7 22 8 9 8 17 8 23 9 10 9 12 9 18 10 11 10 13 10 19 11 14 11 20 12 13 12 23 13 14 14 15 15 16 16 17 17 18 18 19 19 20 20 21 21 22 22 23
D12_3962 24 48 0 2 0 10 0 15 0 21 1 3 1 11 1 16 1 22 2 4 2 17 2 23 3 5 3 12 3 18 4 6 4 13 4 19 5 7 5 14 5 20 6 8 6 15 6 21 7 9 7 16 7 22 8 10 8 17 8 23 9 11 9 12 9 18 10 13 10 19 11 14 11 20 12 14 12 22 13 15 13 23 14 16 15 17 16 18 17 19 18 20 19 21 20 22 21 23
D12_3964 24 48 0 5 0 7 0 15 0 21 1 6 1 8 1 16 1 22 2 7 2 9 2 17 2 23 3 8 3 10 3 12 3 18 4 9 4 11 4 13 4 19 5 10 5 14 5 20 6 11 6 15 6 21 7 16 7 22 8 17 8 23 9 12 9 18 10 13 10 19 11 14 11 20 12 17 12 19 13 18 13 20 14 19 14 21 15 20 15 22 16 21 16 23 17 22 18 23
D12_3969 24 36 0 15 0 22 0 23 1 12 1 16 1 23 2 12 2 13 2 17 3 13 3 14 3 18 4 14 4 15 4 19 5 15 5 16 5 20 6 16 6 17 6 21 7 17 7 18 7 22 8 18 8 19 8 23 9 12 9 19 9 20 10 13 10 20 10 21 11 14 11 21 11 22
D12_3970 24 48 0 1 0 11 0 15 0 22 1 2 1 16 1 23 2 3 2 12 2 17 3 4 3 13 3 18 4 5 4 14 4 19 5 6 5 15 5 20 6 7 6 16 6 21 7 8 7 17 7 22 8 9 8 18 8 23 9 10 9 12 9 19 10 11 10 13 10 20 11 14 11 21 12 13 12 23 13 14 14 15 15 16 16 17 17 18 18 19 19 20 20 21 21 22 22 23
D12_3971 24 48 0 2 0 10 0 15 0 22 1 3 1 11 1 16 1 23 2 4 2 12 2 17 3 5 3 13 3 18 4 6 4 14 4 19 5 7 5 15 5 20 6 8 6 16 6 21 7 9 7 17 7 22 8 10 8 18 8 23 9 11 9 12 9 19 10 13 10 20 11 14 11 21 12 14 12 22 13 15 13 23 14 16 15 17 16 18 17 19 18 20 19 21 20 22 21 23
D12_3972 24 48 0 3 0 9 0 15 0 22 1 4 1 10 1 16 1 23 2 5 2 11 2 12 2 17 3 6 3 13 3 18 4 7 4 14 4 19 5 8 5 15 5 20 6 9 6 16 6 21 7 10 7 17 7 22 8 11 8 18 8 23 9 12 9 19 10 13 10 20 11 14 11 21 12 15 12 21 13 16 13 22 14 17 14 23 15 18 16 19 17 20 18 21 19 22 20 23
D12_3973 24 36 0 6 0 15 0 22 1 7 1 16 1 23 2 8 2 12 2 17 3 9 3 13 3 18 4 10 4 14 4 19 5 11 5 15 5 20 6 16 6 21 7 17 7 22 8 18 8 23 9 12 9 19 10 13 10 20 11 14 11 21 12 18 13 19 14 20 15 21 16 22 17 23
D12_3977 24 48 0 1 0 11 0 15 0 23 1 2 1 12 1 16 2 3 2 13 2 17 3 4 3 14 3 18 4 5 4 15 4 19 5 6 5 16 5 20 6 7 6 17 6 21 7 8 7 18 7 22 8 9 8 19 8 23 9 10 9 12 9 20 10 11 10 13 10 21 11 14 11 22 12 13 12 23 13 14 14 15 15 16 16 17 17 18 18 19 19 20 20 21 21 22 22 23
D12_3978 24 48 0 2 0 10 0 15 0 23 1 3 1 11 1 12 1 16 2 4 2 13 2 17 3 5 3 14 3 18 4 6 4 15 4 19 5 7 5 16 5 20 6 8 6 17 6 21 7 9 7 18 7 22 8 10 8 19 8 23 9 11 9 12 9 20 10 13 10 21 11 14 11 22 12 14 12 22 13 15 13 23 14 16 15 17 16 18 17 19 18 20 19 21 20 22 21 23
D12_3979 24 48 0 3 0 9 0 15 0 23 1 4 1 10 1 12 1 16 2 5 2 11 2 13 2 17 3 6 3 14 3 18 4 7 4 15 4 19 5 8 5 16 5 20 6 9 6 17 6 21 7 10 7 18 7 22 8 11 8 19 8 23 9 12 9 20 10 13 10 21 11 14 11 22 12 15 12 21 13 16 13 22 14 17 14 23 15 18 16 19 17 20 18 21 19 22 20 23
D12_3980 24 48 0 5 0 7 0 15 0 23 1 6 1 8 1 12 1 16 2 7 2 9 2 13 2 17 3 8 3 10 3 14 3 18 4 9 4 11 4 15 4 19 5 10 5 16 5 20 6 11 6 17 6 21 7 18 7 22 8 19 8 23 9 12 9 20 10 13 10 21 11 14 11 22 12 17 12 19 13 18 13 20 14 19 14 21 15 20 15 22 16 21 16 23 17 22 18 23
D12_3981 24 36 0 6 0 15 0 23 1 7 1 12 1 16 2 8 2 13 2 17 3 9 3 14 3 18 4 10 4 15 4 19 5 11 5 16 5 20 6 17 6 21 7 18 7 22 8 19 8 23 9 12 9 20 10 13 10 21 11 14 11 22 12 18 13 19 14 20 15 21 16 22 17 23
D12_3986 24 60 0 1 0 3 0 9 0 11 0 15 1 2 1 4 1 10 1 16 2 3 2 5 2 11 2 17 3 4 3 6 3 18 4 5 4 7 4 19 5 6 5 8 5 20 6 7 6 9 6 21 7 8 7 10 7 22 8 9 8 11 8 23 9 10 9 12 10 11 10 13 11 14 12 13 12 15 12 21 12 23 13 14 13 16 13 22 14 15 14 17 14 23 15 16 15 18 16 17 16 19 17 18 17 20 18 19 18 21 19 20 19 22 20 21 20 23 21 22 22 23
D12_3987 24 60 0 1 0 5 0 7 0 11 0 15 1 2 1 6 1 8 1 16 2 3 2 7 2 9 2 17 3 4 3 8 3 10 3 18 4 5 4 9 4 11 4 19 5 6 5 10 5 20 6 7 6 11 6 21 7 8 7 22 8 9 8 23 9 10 9 12 10 11 10 13 11 14 12 13 12 17 12 19 12 23 13 14 13 18 13 20 14 15 14 19 14 21 15 16 15 20 15 22 16 17 16 21 16 23 17 18 17 22 18 19 18 23 19 20 20 21 21 22 22 23
D12_3988 24 48 0 1 0 6 0 11 0 15 1 2 1 7 1 16 2 3 2 8 2 17 3 4 3 9 3 18 4 5 4 10 4 19 5 6 5 11 5 20 6 7 6 21 7 8 7 22 8 9 8 23 9 10 9 12 10 11 10 13 11 14 12 13 12 18 12 23 13 14 13 19 14 15 14 20 15 16 15 21 16 17 16 22 17 18 17 23 18 19 19 20 20 21 21 22 22 23
D12_3992 24 60 0 2 0 3 0 9 0 10 0 15 1 3 1 4 1 10 1 11 1 16 2 4 2 5 2 11 2 17 3 5 3 6 3 18 4 6 4 7 4 19 5 7 5 8 5 20 6 8 6 9 6 21 7 9 7 10 7 22 8 10 8 11 8 23 9 11 9 12 10 13 11 14 12 14 12 15 12 21 12 22 13 15 13 16 13 22 13 23 14 16 14 17 14 23 15 17 15 18 16 18 16 19 17 19 17 20 18 20 18 21 19 21 19 22 20 22 20 23 21 23
D12_3993 24 48 0 2 0 6 0 10 0 15 1 3 1 7 1 11 1 16 2 4 2 8 2 17 3 5 3 9 3 18 4 6 4 10 4 19 5 7 5 11 5 20 6 8 6 21 7 9 7 22 8 10 8 23 9 11 9 12 10 13 11 14 12 14 12 18 12 22 13 15 13 19 13 23 14 16 14 20 15 17 15 21 16 18 16 22 17 19 17 23 18 20 19 21 20 22 21 23
D12_3996 24 60 0 3 0 5 0 7 0 9 0 15 1 4 1 6 1 8 1 10 1 16 2 5 2 7 2 9 2 11 2 17 3 6 3 8 3 10 3 18 4 7 4 9 4 11 4 19 5 8 5 10 5 20 6 9 6 11 6 21 7 10 7 22 8 11 8 23 9 12 10 13 11 14 12 15 12 17 12 19 12 21 13 16 13 18 13 20 13 22 14 17 14 19 14 21 14 23 15 18 15 20 15 22 16 19 16 21 16 23 17 20 17 22 18 21 18 23 19 22 20 23
D12_4001 24 48 0 5 0 6 0 7 0 15 1 6 1 7 1 8 1 16 2 7 2 8 2 9 2 17 3 8 3 9 3 10 3 18 4 9 4 10 4 11 4 19 5 10 5 11 5 20 6 11 6 21 7 22 8 23 9 12 10 13 11 14 12 17 12 18 12 19 13 18 13 19 13 20 14 19 14 20 14 21 15 20 15 21 15 22 16 21 16 22 16 23 17 22 17 23 18 23
D12_4012 24 36 0 16 0 17 0 18 1 17 1 18 1 19 2 18 2 19 2 20 3 19 3 20 3 21 4 20 4 21 4 22 5 21 5 22 5 23 6 12 6 22 6 23 7 12 7 13 7 23 8 12 8 13 8 14 9 13 9 14 9 15 10 14 10 15 10 16 11 15 11 16 11 17
D12_4013 24 36 0 16 0 17 0 19 1 17 1 18 1 20 2 18 2 19 2 21 3 19 3 20 3 22 4 20 4 21 4 23 5 12 5 21 5 22 6 13 6 22 6 23 7 12 7 14 7 23 8 12 8 13 8 15 9 13 9 14 9 16 10 14 10 15 10 17 11 15 11 16 11 18
D12_4014 24 36 0 16 0 17 0 20 1 17 1 18 1 21 2 18 2 19 2 22 3 19 3 20 3 23 4 12 4 20 4 21 5 13 5 21 5 22 6 14 6 22 6 23 7 12 7 15 7 23 8 12 8 13 8 16 9 13 9 14 9 17 10 14 10 15 10 18 11 15 11 16 11 19
D12_4015 24 36 0 16 0 17 0 21 1 17 1 18 1 22 2 18 2 19 2 23 3 12 3 19 3 20 4 13 4 20 4 21 5 14 5 21 5 22 6 15 6 22 6 23 7 12 7 16 7 23 8 12 8 13 8 17 9 13 9 14 9 18 10 14 10 15 10 19 11 15 11 16 11 20
D12_4016 24 36 0 16 0 17 0 22 1 17 1 18 1 23 2 12 2 18 2 19 3 13 3 19 3 20 4 14 4 20 4 21 5 15 5 21 5 22 6 16 6 22 6 23 7 12 7 17 7 23 8 12 8 13 8 18 9 13 9 14 9 19 10 14 10 15 10 20 11 15 11 16 11 21
D12_4017 24 36 0 16 0 17 0 23 1 12 1 17 1 18 2 13 2 18 2 19 3 14 3 19 3 20 4 15 4 20 4 21 5 16 5 21 5 22 6 17 6 22 6 23 7 12 7 18 7 23 8 12 8 13 8 19 9 13 9 14 9 20 10 14 10 15 10 21 11 15 11 16 11 22
D12_4018 24 48 0 2 0 10 0 16 0 17 1 3 1 11 1 17 1 18 2 4 2 18 2 19 3 5 3 19 3 20 4 6 4 20 4 21 5 7 5 21 5 22 6 8 6 22 6 23 7 9 7 12 7 23 8 10 8 12 8 13 9 11 9 13 9 14 10 14 10 15 11 15 11 16 12 14 12 22 13 15 13 23 14 16 15 17 16 18 17 19 18 20 19 21 20 22 21 23
D12_4019 24 48 0 3 0 9 0 16 0 17 1 4 1 10 1 17 1 18 2 5 2 11 2 18 2 19 3 6 3 19 3 20 4 7 4 20 4 21 5 8 5 21 5 22 6 9 6 22 6 23 7 10 7 12 7 23 8 11 8 12 8 13 9 13 9 14 10 14 10 15 11 15 11 16 12 15 12 21 13 16 13 22 14 17 14 23 15 18 16 19 17 20 18 21 19 22 20 23
D12_4020 24 48 0 5 0 7 0 16 0 17 1 6 1 8 1 17 1 18 2 7 2 9 2 18 2 19 3 8 3 10 3 19 3 20 4 9 4 11 4 20 4 21 5 10 5 21 5 22 6 11 6 22 6 23 7 12 7 23 8 12 8 13 9 13 9 14 10 14 10 15 11 15 11 16 12 17 12 19 13 18 13 20 14 19 14 21 15 20 15 22 16 21 16 23 17 22 18 23
D12_4021 24 36 0 6 0 16 0 17 1 7 1 17 1 18 2 8 2 18 2 19 3 9 3 19 3 20 4 10 4 20 4 21 5 11 5 21 5 22 6 22 6 23 7 12 7 23 8 12 8 13 9 13 9 14 10 14 10 15 11 15 11 16 12 18 13 19 14 20 15 21 16 22 17 23
D12_4025 24 36 0 16 0 18 0 19 1 17 1 19 1 20 2 18 2 20 2 21 3 19 3 21 3 22 4 20 4 22 4 23 5 12 5 21 5 23 6 12 6 13 6 22 7 13 7 14 7 23 8 12 8 14 8 15 9 13 9 15 9 16 10 14 10 16 10 17 11 15 11 17 11 18
D12_4026 24 36 0 16 0 18 0 20 1 17 1 19 1 21 2 18 2 20 2 22 3 19 3 21 3 23 4 12 4 20 4 22 5 13 5 21 5 23 6 12 6 14 6 22 7 13 7 15 7 23 8 12 8 14 8 16 9 13 9 15 9 17 10 14 10 16 10 18 11 15 11 17 11 19
D12_4027 24 36 0 16 0 18 0 21 1 17 1 19 1 22 2 18 2 20 2 23 3 12 3 19 3 21 4 13 4 20 4 22 5 14 5 21 5 23 6 12 6 15 6 22 7 13 7 16 7 23 8 12 8 14 8 17 9 13 9 15 9 18 10 14 10 16 10 19 11 15 11 17 11 20
D12_4028 24 36 0 16 0 18 0 22 1 17 1 19 1 23 2 12 2 18 2 20 3 13 3 19 3 21 4 14 4 20 4 22 5 15 5 21 5 23 6 12 6 16 6 22 7 13 7 17 7 23 8 12 8 14 8 18 9 13 9 15 9 19 10 14 10 16 10 20 11 15 11 17 11 21
D12_4029 24 36 0 16 0 18 0 23 1 12 1 17 1 19 2 13 2 18 2 20 3 14 3 19 3 21 4 15 4 20 4 22 5 16 5 21 5 23 6 12 6 17 6 22 7 13 7 18 7 23 8 12 8 14 8 19 9 13 9 15 9 20 10 14 10 16 10 21 11 15 11 17 11 22
D12_4030 24 48 0 1 0 11 0 16 0 18 1 2 1 17 1 19 2 3 2 18 2 20 3 4 3 19 3 21 4 5 4 20 4 22 5 6 5 21 5 23 6 7 6 12 6 22 7 8 7 13 7 23 8 9 8 12 8 14 9 10 9 13 9 15 10 11 10 14 10 16 11 15 11 17 12 13 12 23 13 14 14 15 15 16 16 17 17 18 18 19 19 20 20 21 21 22 22 23
D12_4031 24 48 0 3 0 9 0 16 0 18 1 4 1 10 1 17 1 19 2 5 2 11 2 18 2 20 3 6 3 19 3 21 4 7 4 20 4 22 5 8 5 21 5 23 6 9 6 12 6 22 7 10 7 13 7 23 8 11 8 12 8 14 9 13 9 15 10 14 10 16 11 15 11 17 12 15 12 21 13 16 13 22 14 17 14 23 15 18 16 19 17 20 18 21 19 22 20 23
D12_4032 24 48 0 5 0 7 0 16 0 18 1 6 1 8 1 17 1 19 2 7 2 9 2 18 2 20 3 8 3 10 3 19 3 21 4 9 4 11 4 20 4 22 5 10 5 21 5 23 6 11 6 12 6 22 7 13 7 23 8 12 8 14 9 13 9 15 10 14 10 16 11 15 11 17 12 17 12 19 13 18 13 20 14 19 14 21 15 20 15 22 16 21 16 23 17 22 18 23
D12_4033 24 36 0 6 0 16 0 18 1 7 1 17 1 19 2 8 2 18 2 20 3 9 3 19 3 21 4 10 4 20 4 22 5 11 5 21 5 23 6 12 6 22 7 13 7 23 8 12 8 14 9 13 9 15 10 14 10 16 11 15 11 17 12 18 13 19 14 20 15 21 16 22 17 23
D12_4037 24 36 0 16 0 19 0 20 1 17 1 20 1 21 2 18 2 21 2 22 3 19 3 22 3 23 4 12 4 20 4 23 5 12 5 13 5 21 6 13 6 14 6 22 7 14 7 15 7 23 8 12 8 15 8 16 9 13 9 16 9 17 10 14 10 17 10 18 11 15 11 18 11 19
D12_4038 24 36 0 16 0 19 0 21 1 17 1 20 1 22 2 18 2 21 2 23 3 12 3 19 3 22 4 13 4 20 4 23 5 12 5 14 5 21 6 13 6 15 6 22 7 14 7 16 7 23 8 12 8 15 8 17 9 13 9 16 9 18 10 14 10 17 10 19 11 15 11 18 11 20
D12_4039 24 36 0 16 0 19 0 22 1 17 1 20 1 23 2 12 2 18 2 21 3 13 3 19 3 22 4 14 4 20 4 23 5 12 5 15 5 21 6 13 6 16 6 22 7 14 7 17 7 23 8 12 8 15 8 18 9 13 9 16 9 19 10 14 10 17 10 20 11 15 11 18 11 21
D12_4040 24 36 0 16 0 19 0 23 1 12 1 17 1 20 2 13 2 18 2 21 3 14 3 19 3 22 4 15 4 20 4 23 5 12 5 16 5 21 6 13 6 17 6 22 7 14 7 18 7 23 8 12 8 15 8 19 9 13 9 16 9 20 10 14 10 17 10 21 11 15 11 18 11 22
D12_4041 24 48 0 1 0 11 0 16 0 19 1 2 1 17 1 20 2 3 2 18 2 21 3 4 3 19 3 22 4 5 4 20 4 23 5 6 5 12 5 21 6 7 6 13 6 22 7 8 7 14 7 23 8 9 8 12 8 15 9 10 9 13 9 16 10 11 10 14 10 17 11 15 11 18 12 13 12 23 13 14 14 15 15 16 16 17 17 18 18 19 19 20 20 21 21 22 22 23
D12_4042 24 48 0 2 0 10 0 16 0 19 1 3 1 11 1 17 1 20 2 4 2 18 2 21 3 5 3 19 3 22 4 6 4 20 4 23 5 7 5 12 5 21 6 8 6 13 6 22 7 9 7 14 7 23 8 10 8 12 8 15 9 11 9 13 9 16 10 14 10 17 11 15 11 18 12 14 12 22 13 15 13 23 14 16 15 17 16 18 17 19 18 20 19 21 20 22 21 23
D12_4043 24 48 0 5 0 7 0 16 0 19 1 6 1 8 1 17 1 20 2 7 2 9 2 18 2 21 3 8 3 10 3 19 3 22 4 9 4 11 4 20 4 23 5 10 5 12 5 21 6 11 6 13 6 22 7 14 7 23 8 12 8 15 9 13 9 16 10 14 10 17 11 15 11 18 12 17 12 19 13 18 13 20 14 19 14 21 15 20 15 22 16 21 16 23 17 22 18 23
D12_4044 24 36 0 6 0 16 0 19 1 7 1 17 1 20 2 8 2 18 2 21 3 9 3 19 3 22 4 10 4 20 4 23 5 11 5 12 5 21 6 13 6 22 7 14 7 23 8 12 8 15 9 13 9 16 10 14 10 17 11 15 11 18 12 18 13 19 14 20 15 21 16 22 17 23
D12_4048 24 36 0 16 0 20 0 21 1 17 1 21 1 22 2 18 2 22 2 23 3 12 3 19 3 23 4 12 4 13 4 20 5 13 5 14 5 21 6 14 6 15 6 22 7 15 7 16 7 23 8 12 8 16 8 17 9 13 9 17 9 18 10 14 10 18 10 19 11 15 11 19 11 20
D12_4049 24 36 0 16 0 20 0 22 1 17 1 21 1 23 2 12 2 18 2 22 3 13 3 19 3 23 4 12 4 14 4 20 5 13 5 15 5 21 6 14 6 16 6 22 7 15 7 17 7 23 8 12 8 16 8 18 9 13 9 17 9 19 10 14 10 18 10 20 11 15 11 19 11 21
D12_4050 24 36 0 16 0 20 0 23 1 12 1 17 1 21 2 13 2 18 2 22 3 14 3 19 3 23 4 12 4 15 4 20 5 13 5 16 5 21 6 14 6 17 6 22 7 15 7 18 7 23 8 12 8 16 8 19 9 13 9 17 9 20 10 14 10 18 10 21 11 15 11 19 11 22
D12_4051 24 48 0 1 0 11 0 16 0 20 1 2 1 17 1 21 2 3 2 18 2 22 3 4 3 19 3 23 4 5 4 12 4 20 5 6 5 13 5 21 6 7 6 14 6 22 7 8 7 15 7 23 8 9 8 12 8 16 9 10 9 13 9 17 10 11 10 14 10 18 11 15 11 19 12 13 12 23 13 14 14 15 15 16 16 17 17 18 18 19 19 20 20 21 21 22 22 23
D12_4052 24 48 0 2 0 10 0 16 0 20 1 3 1 11 1 17 1 21 2 4 2 18 2 22 3 5 3 19 3 23 4 6 4 12 4 20 5 7 5 13 5 21 6 8 6 14 6 22 7 9 7 15 7 23 8 10 8 12 8 16 9 11 9 13 9 17 10 14 10 18 11 15 11 19 12 14 12 22 13 15 13 23 14 16 15 17 16 18 17 19 18 20 19 21 20 22 21 23
D12_4053 24 48 0 3 0 9 0 16 0 20 1 4 1 10 1 17 1 21 2 5 2 11 2 18 2 22 3 6 3 19 3 23 4 7 4 12 4 20 5 8 5 13 5 21 6 9 6 14 6 22 7 10 7 15 7 23 8 11 8 12 8 16 9 13 9 17 10 14 10 18 11 15 11 19 12 15 12 21 13 16 13 22 14 17 14 23 15 18 16 19 17 20 18 21 19 22 20 23
D12_4054 24 48 0 5 0 7 0 16 0 20 1 6 1 8 1 17 1 21 2 7 2 9 2 18 2 22 3 8 3 10 3 19 3 23 4 9 4 11 4 12 4 20 5 10 5 13 5 21 6 11 6 14 6 22 7 15 7 23 8 12 8 16 9 13 9 17 10 14 10 18 11 15 11 19 12 17 12 19 13 18 13 20 14 19 14 21 15 20 15 22 16 21 16 23 17 22 18 23
D12_4055 24 36 0 6 0 16 0 20 1 7 1 17 1 21 2 8 2 18 2 22 3 9 3 19 3 23 4 10 4 12 4 20 5 11 5 13 5 21 6 14 6 22 7 15 7 23 8 12 8 16 9 13 9 17 10 14 10 18 11 15 11 19 12 18 13 19 14 20 15 21 16 22 17 23
D12_4060 24 36 0 16 0 21 0 22 1 17 1 22 1 23 2 12 2 18 2 23 3 12 3 13 3 19 4 13 4 14 4 20 5 14 5 15 5 21 6 15 6 16 6 22 7 16 7 17 7 23 8 12 8 17 8 18 9 13 9 18 9 19 10 14 10 19 10 20 11 15 11 20 11 21
D12_4061 24 36 0 16 0 21 0 23 1 12 1 17 1 22 2 13 2 18 2 23 3 12 3 14 3 19 4 13 4 15 4 20 5 14 5 16 5 21 6 15 6 17 6 22 7 16 7 18 7 23 8 12 8 17 8 19 9 13 9 18 9 20 10 14 10 19 10 21 11 15 11 20 11 22
D12_4062 24 48 0 1 0 11 0 16 0 21 1 2 1 17 1 22 2 3 2 18 2 23 3 4 3 12 3 19 4 5 4 13 4 20 5 6 5 14 5 21 6 7 6 15 6 22 7 8 7 16 7 23 8 9 8 12 8 17 9 10 9 13 9 18 10 11 10 14 10 19 11 15 11 20 12 13 12 23 13 14 14 15 15 16 16 17 17 18 18 19 19 20 20 21 21 22 22 23
D12_4063 24 48 0 2 0 10 0 16 0 21 1 3 1 11 1 17 1 22 2 4 2 18 2 23 3 5 3 12 3 19 4 6 4 13 4 20 5 7 5 14 5 21 6 8 6 15 6 22 7 9 7 16 7 23 8 10 8 12 8 17 9 11 9 13 9 18 10 14 10 19 11 15 11 20 12 14 12 22 13 15 13 23 14 16 15 17 16 18 17 19 18 20 19 21 20 22 21 23
D12_4064 24 48 0 3 0 9 0 16 0 21 1 4 1 10 1 17 1 22 2 5 2 11 2 18 2 23 3 6 3 12 3 19 4 7 4 13 4 20 5 8 5 14 5 21 6 9 6 15 6 22 7 10 7 16 7 23 8 11 8 12 8 17 9 13 9 18 10 14 10 19 11 15 11 20 12 15 12 21 13 16 13 22 14 17 14 23 15 18 16 19 17 20 18 21 19 22 20 23
D12_4065 24 36 0 6 0 16 0 21 1 7 1 17 1 22 2 8 2 18 2 23 3 9 3 12 3 19 4 10 4 13 4 20 5 11 5 14 5 21 6 15 6 22 7 16 7 23 8 12 8 17 9 13 9 18 10 14 10 19 11 15 11 20 12 18 13 19 14 20 15 21 16 22 17 23
D12_4069 24 36 0 16 0 22 0 23 1 12 1 17 1 23 2 12 2 13 2 18 3 13 3 14 3 19 4 14 4 15 4 20 5 15 5 16 5 21 6 16 6 17 6 22 7 17 7 18 7 23 8 12 8 18 8 19 9 13 9 19 9 20 10 14 10 20 10 21 11 15 11 21 11 22
D12_4070 24 48 0 1 0 11 0 16 0 22 1 2 1 17 1 23 2 3 2 12 2 18 3 4 3 13 3 19 4 5 4 14 4 20 5 6 5 15 5 21 6 7 6 16 6 22 7 8 7 17 7 23 8 9 8 12 8 18 9 10 9 13 9 19 10 11 10 14 10 20 11 15 11 21 12 13 12 23 13 14 14 15 15 16 16 17 17 18 18 19 19 20 20 21 21 22 22 23
D12_4071 24 48 0 2 0 10 0 16 0 22 1 3 1 11 1 17 1 23 2 4 2 12 2 18 3 5 3 13 3 19 4 6 4 14 4 20 5 7 5 15 5 21 6 8 6 16 6 22 7 9 7 17 7 23 8 10 8 12 8 18 9 11 9 13 9 19 10 14 10 20 11 15 11 21 12 14 12 22 13 15 13 23 14 16 15 17 16 18 17 19 18 20 19 21 20 22 21 23
D12_4072 24 48 0 3 0 9 0 16 0 22 1 4 1 10 1 17 1 23 2 5 2 11 2 12 2 18 3 6 3 13 3 19 4 7 4 14 4 20 5 8 5 15 5 21 6 9 6 16 6 22 7 10 7 17 7 23 8 11 8 12 8 18 9 13 9 19 10 14 10 20 11 15 11 21 12 15 12 21 13 16 13 22 14 17 14 23 15 18 16 19 17 20 18 21 19 22 20 23
D12_4073 24 48 0 5 0 7 0 16 0 22 1 6 1 8 1 17 1 23 2 7 2 9 2 12 2 18 3 8 3 10 3 13 3 19 4 9 4 11 4 14 4 20 5 10 5 15 5 21 6 11 6 16 6 22 7 17 7 23 8 12 8 18 9 13 9 19 10 14 10 20 11 15 11 21 12 17 12 19 13 18 13 20 14 19 14 21 15 20 15 22 16 21 16 23 17 22 18 23
D12_4078 24 48 0 1 0 11 0 16 0 23 1 2 1 12 1 17 2 3 2 13 2 18 3 4 3 14 3 19 4 5 4 15 4 20 5 6 5 16 5 21 6 7 6 17 6 22 7 8 7 18 7 23 8 9 8 12 8 19 9 10 9 13 9 20 10 11 10 14 10 21 11 15 11 22 12 13 12 23 13 14 14 15 15 16 16 17 17 18 18 19 19 20 20 21 21 22 22 23
D12_4079 24 48 0 2 0 10 0 16 0 23 1 3 1 11 1 12 1 17 2 4 2 13 2 18 3 5 3 14 3 19 4 6 4 15 4 20 5 7 5 16 5 21 6 8 6 17 6 22 7 9 7 18 7 23 8 10 8 12 8 19 9 11 9 13 9 20 10 14 10 21 11 15 11 22 12 14 12 22 13 15 13 23 14 16 15 17 16 18 17 19 18 20 19 21 20 22 21 23
D12_4080 24 48 0 3 0 9 0 16 0 23 1 4 1 10 1 12 1 17 2 5 2 11 2 13 2 18 3 6 3 14 3 19 4 7 4 15 4 20 5 8 5 16 5 21 6 9 6 17 6 22 7 10 7 18 7 23 8 11 8 12 8 19 9 13 9 20 10 14 10 21 11 15 11 22 12 15 12 21 13 16 13 22 14 17 14 23 15 18 16 19 17 20 18 21 19 22 20 23
D12_4081 24 36 0 6 0 16 0 23 1 7 1 12 1 17 2 8 2 13 2 18 3 9 3 14 3 19 4 10 4 15 4 20 5 11 5 16 5 21 6 17 6 22 7 18 7 23 8 12 8 19 9 13 9 20 10 14 10 21 11 15 11 22 12 18 13 19 14 20 15 21 16 22 17 23
D12_4085 24 60 0 1 0 3 0 9 0 11 0 16 1 2 1 4 1 10 1 17 2 3 2 5 2 11 2 18 3 4 3 6 3 19 4 5 4 7 4 20 5 6 5 8 5 21 6 7 6 9 6 22 7 8 7 10 7 23 8 9 8 11 8 12 9 10 9 13 10 11 10 14 11 15 12 13 12 15 12 21 12 23 13 14 13 16 13 22 14 15 14 17 14 23 15 16 15 18 16 17 16 19 17 18 17 20 18 19 18 21 19 20 19 22 20 21 20 23 21 22 22 23
D12_4086 24 60 0 1 0 5 0 7 0 11 0 16 1 2 1 6 1 8 1 17 2 3 2 7 2 9 2 18 3 4 3 8 3 10 3 19 4 5 4 9 4 11 4 20 5 6 5 10 5 21 6 7 6 11 6 22 7 8 7 23 8 9 8 12 9 10 9 13 10 11 10 14 11 15 12 13 12 17 12 19 12 23 13 14 13 18 13 20 14 15 14 19 14 21 15 16 15 20 15 22 16 17 16 21 16 23 17 18 17 22 18 19 18 23 19 20 20 21 21 22 22 23
D12_4087 24 48 0 1 0 6 0 11 0 16 1 2 1 7 1 17 2 3 2 8 2 18 3 4 3 9 3 19 4 5 4 10 4 20 5 6 5 11 5 21 6 7 6 22 7 8 7 23 8 9 8 12 9 10 9 13 10 11 10 14 11 15 12 13 12 18 12 23 13 14 13 19 14 15 14 20 15 16 15 21 16 17 16 22 17 18 17 23 18 19 19 20 20 21 21 22 22 23
D12_4091 24 60 0 2 0 3 0 9 0 10 0 16 1 3 1 4 1 10 1 11 1 17 2 4 2 5 2 11 2 18 3 5 3 6 3 19 4 6 4 7 4 20 5 7 5 8 5 21 6 8 6 9 6 22 7 9 7 10 7 23 8 10 8 11 8 12 9 11 9 13 10 14 11 15 12 14 12 15 12 21 12 22 13 15 13 16 13 22 13 23 14 16 14 17 14 23 15 17 15 18 16 18 16 19 17 19 17 20 18 20 18 21 19 21 19 22 20 22 20 23 21 23
D12_4092 24 48 0 2 0 6 0 10 0 16 1 3 1 7 1 11 1 17 2 4 2 8 2 18 3 5 3 9 3 19 4 6 4 10 4 20 5 7 5 11 5 21 6 8 6 22 7 9 7 23 8 10 8 12 9 11 9 13 10 14 11 15 12 14 12 18 12 22 13 15 13 19 13 23 14 16 14 20 15 17 15 21 16 18 16 22 17 19 17 23 18 20 19 21 20 22 21 23
D12_4095 24 60 0 3 0 5 0 7 0 9 0 16 1 4 1 6 1 8 1 10 1 17 2 5 2 7 2 9 2 11 2 18 3 6 3 8 3 10 3 19 4 7 4 9 4 11 4 20 5 8 5 10 5 21 6 9 6 11 6 22 7 10 7 23 8 11 8 12 9 13 10 14 11 15 12 15 12 17 12 19 12 21 13 16 13 18 13 20 13 22 14 17 14 19 14 21 14 23 15 18 15 20 15 22 16 19 16 21 16 23 17 20 17 22 18 21 18 23 19 22 20 23
D12_4100 24 48 0 5 0 6 0 7 0 16 1 6 1 7 1 8 1 17 2 7 2 8 2 9 2 18 3 8 3 9 3 10 3 19 4 9 4 10 4 11 4 20 5 10 5 11 5 21 6 11 6 22 7 23 8 12 9 13 10 14 11 15 12 17 12 18 12 19 13 18 13 19 13 20 14 19 14 20 14 21 15 20 15 21 15 22 16 21 16 22 16 23 17 22 17 23 18 23
D12_4111 24 36 0 17 0 18 0 19 1 18 1 19 1 20 2 19 2 20 2 21 3 20 3 21 3 22 4 21 4 22 4 23 5 12 5 22 5 23 6 12 6 13 6 23 7 12 7 13 7 14 8 13 8 14 8 15 9 14 9 15 9 16 10 15 10 16 10 17 11 16 11 17 11 18
D12_4112 24 36 0 17 0 18 0 20 1 18 1 19 1 21 2 19 2 20 2 22 3 20 3 21 3 23 4 12 4 21 4 22 5 13 5 22 5 23 6 12 6 14 6 23 7 12 7 13 7 15 8 13 8 14 8 16 9 14 9 15 9 17 10 15 10 16 10 18 11 16 11 17 11 19
D12_4113 24 36 0 17 0 18 0 21 1 18 1 19 1 22 2 19 2 20 2 23 3 12 3 20 3 21 4 13 4 21 4 22 5 14 5 22 5 23 6 12 6 15 6 23 7 12 7 13 7 16 8 13 8 14 8 17 9 14 9 15 9 18 10 15 10 16 10 19 11 16 11 17 11 20
D12_4114 24 36 0 17 0 18 0 22 1 18 1 19 1 23 2 12 2 19 2 20 3 13 3 20 3 21 4 14 4 21 4 22 5 15 5 22 5 23 6 12 6 16 6 23 7 12 7 13 7 17 8 13 8 14 8 18 9 14 9 15 9 19 10 15 10 16 10 20 11 16 11 17 11 21
D12_4115 24 36 0 17 0 18 0 23 1 12 1 18 1 19 2 13 2 19 2 20 3 14 3 20 3 21 4 15 4 21 4 22 5 16 5 22 5 23 6 12 6 17 6 23 7 12 7 13 7 18 8 13 8 14 8 19 9 14 9 15 9 20 10 15 10 16 10 21 11 16 11 17 11 22
D12_4116 24 48 0 2 0 10 0 17 0 18 1 3 1 11 1 18 1 19 2 4 2 19 2 20 3 5 3 20 3 21 4 6 4 21 4 22 5 7 5 22 5 23 6 8 6 12 6 23 7 9 7 12 7 13 8 10 8 13 8 14 9 11 9 14 9 15 10 15 10 16 11 16 11 17 12 14 12 22 13 15 13 23 14 16 15 17 16 18 17 19 18 20 19 21 20 22 21 23
D12_4117 24 48 0 3 0 9 0 17 0 18 1 4 1 10 1 18 1 19 2 5 2 11 2 19 2 20 3 6 3 20 3 21 4 7 4 21 4 22 5 8 5 22 5 23 6 9 6 12 6 23 7 10 7 12 7 13 8 11 8 13 8 14 9 14 9 15 10 15 10 16 11 16 11 17 12 15 12 21 13 16 13 22 14 17 14 23 15 18 16 19 17 20 18 21 19 22 20 23
D12_4118 24 48 0 5 0 7 0 17 0 18 1 6 1 8 1 18 1 19 2 7 2 9 2 19 2 20 3 8 3 10 3 20 3 21 4 9 4 11 4 21 4 22 5 10 5 22 5 23 6 11 6 12 6 23 7 12 7 13 8 13 8 14 9 14 9 15 10 15 10 16 11 16 11 17 12 17 12 19 13 18 13 20 14 19 14 21 15 20 15 22 16 21 16 23 17 22 18 23
D12_4119 24 36 0 6 0 17 0 18 1 7 1 18 1 19 2 8 2 19 2 20 3 9 3 20 3 21 4 10 4 21 4 22 5 11 5 22 5 23 6 12 6 23 7 12 7 13 8 13 8 14 9 14 9 15 10 15 10 16 11 16 11 17 12 18 13 19 14 20 15 21 16 22 17 23
D12_4123 24 36 0 17 0 19 0 20 1 18 1 20 1 21 2 19 2 21 2 22 3 20 3 22 3 23 4 12 4 21 4 23 5 12 5 13 5 22 6 13 6 14 6 23 7 12 7 14 7 15 8 13 8 15 8 16 9 14 9 16 9 17 10 15 10 17 10 18 11 16 11 18 11 19
D12_4124 24 36 0 17 0 19 0 21 1 18 1 20 1 22 2 19 2 21 2 23 3 12 3 20 3 22 4 13 4 21 4 23 5 12 5 14 5 22 6 13 6 15 6 23 7 12 7 14 7 16 8 13 8 15 8 17 9 14 9 16 9 18 10 15 10 17 10 19 11 16 11 18 11 20
D12_4125 24 36 0 17 0 19 0 22 1 18 1 20 1 23 2 12 2 19 2 21 3 13 3 20 3 22 4 14 4 21 4 23 5 12 5 15 5 22 6 13 6 16 6 23 7 12 7 14 7 17 8 13 8 15 8 18 9 14 9 16 9 19 10 15 10 17 10 20 11 16 11 18 11 21
D12_4126 24 36 0 17 0 19 0 23 1 12 1 18 1 20 2 13 2 19 2 21 3 14 3 20 3 22 4 15 4 21 4 23 5 12 5 16 5 22 6 13 6 17 6 23 7 12 7 14 7 18 8 13 8 15 8 19 9 14 9 16 9 20 10 15 10 17 10 21 11 16 11 18 11 22
D12_4127 24 48 0 1 0 11 0 17 0 19 1 2 1 18 1 20 2 3 2 19 2 21 3 4 3 20 3 22 4 5 4 21 4 23 5 6 5 12 5 22 6 7 6 13 6 23 7 8 7 12 7 14 8 9 8 13 8 15 9 10 9 14 9 16 10 11 10 15 10 17 11 16 11 18 12 13 12 23 13 14 14 15 15 16 16 17 17 18 18 19 19 20 20 21 21 22 22 23
D12_4128 24 48 0 3 0 9 0 17 0 19 1 4 1 10 1 18 1 20 2 5 2 11 2 19 2 21 3 6 3 20 3 22 4 7 4 21 4 23 5 8 5 12 5 22 6 9 6 13 6 23 7 10 7 12 7 14 8 11 8 13 8 15 9 14 9 16 10 15 10 17 11 16 11 18 12 15 12 21 13 16 13 22 14 17 14 23 15 18 16 19 17 20 18 21 19 22 20 23
D12_4130 24 36 0 6 0 17 0 19 1 7 1 18 1 20 2 8 2 19 2 21 3 9 3 20 3 22 4 10 4 21 4 23 5 11 5 12 5 22 6 13 6 23 7 12 7 14 8 13 8 15 9 14 9 16 10 15 10 17 11 16 11 18 12 18 13 19 14 20 15 21 16 22 17 23
D12_4134 24 36 0 17 0 20 0 21 1 18 1 21 1 22 2 19 2 22 2 23 3 12 3 20 3 23 4 12 4 13 4 21 5 13 5 14 5 22 6 14 6 15 6 23 7 12 7 15 7 16 8 13 8 16 8 17 9 14 9 17 9 18 10 15 10 18 10 19 11 16 11 19 11 20
D12_4135 24 36 0 17 0 20 0 22 1 18 1 21 1 23 2 12 2 19 2 22 3 13 3 20 3 23 4 12 4 14 4 21 5 13 5 15 5 22 6 14 6 16 6 23 7 12 7 15 7 17 8 13 8 16 8 18 9 14 9 17 9 19 10 15 10 18 10 20 11 16 11 19 11 21
D12_4136 24 36 0 17 0 20 0 23 1 12 1 18 1 21 2 13 2 19 2 22 3 14 3 20 3 23 4 12 4 15 4 21 5 13 5 16 5 22 6 14 6 17 6 23 7 12 7 15 7 18 8 13 8 16 8 19 9 14 9 17 9 20 10 15 10 18 10 21 11 16 11 19 11 22
D12_4137 24 48 0 1 0 11 0 17 0 20 1 2 1 18 1 21 2 3 2 19 2 22 3 4 3 20 3 23 4 5 4 12 4 21 5 6 5 13 5 22 6 7 6 14 6 23 7 8 7 12 7 15 8 9 8 13 8 16 9 10 9 14 9 17 10 11 10 15 10 18 11 16 11 19 12 13 12 23 13 14 14 15 15 16 16 17 17 18 18 19 19 20 20 21 21 22 22 23
D12_4138 24 48 0 2 0 10 0 17 0 20 1 3 1 11 1 18 1 21 2 4 2 19 2 22 3 5 3 20 3 23 4 6 4 12 4 21 5 7 5 13 5 22 6 8 6 14 6 23 7 9 7 12 7 15 8 10 8 13 8 16 9 11 9 14 9 17 10 15 10 18 11 16 11 19 12 14 12 22 13 15 13 23 14 16 15 17 16 18 17 19 18 20 19 21 20 22 21 23
D12_4139 24 48 0 5 0 7 0 17 0 20 1 6 1 8 1 18 1 21 2 7 2 9 2 19 2 22 3 8 3 10 3 20 3 23 4 9 4 11 4 12 4 21 5 10 5 13 5 22 6 11 6 14 6 23 7 12 7 15 8 13 8 16 9 14 9 17 10 15 10 18 11 16 11 19 12 17 12 19 13 18 13 20 14 19 14 21 15 20 15 22 16 21 16 23 17 22 18 23
D12_4140 24 36 0 6 0 17 0 20 1 7 1 18 1 21 2 8 2 19 2 22 3 9 3 20 3 23 4 10 4 12 4 21 5 11 5 13 5 22 6 14 6 23 7 12 7 15 8 13 8 16 9 14 9 17 10 15 10 18 11 16 11 19 12 18 13 19 14 20 15 21 16 22 17 23
D12_4144 24 36 0 17 0 21 0 22 1 18 1 22 1 23 2 12 2 19 2 23 3 12 3 13 3 20 4 13 4 14 4 21 5 14 5 15 5 22 6 15 6 16 6 23 7 12 7 16 7 17 8 13 8 17 8 18 9 14 9 18 9 19 10 15 10 19 10 20 11 16 11 20 11 21
D12_4145 24 36 0 17 0 21 0 23 1 12 1 18 1 22 2 13 2 19 2 23 3 12 3 14 3 20 4 13 4 15 4 21 5 14 5 16 5 22 6 15 6 17 6 23 7 12 7 16 7 18 8 13 8 17 8 19 9 14 9 18 9 20 10 15 10 19 10 21 11 16 11 20 11 22
D12_4146 24 48 0 1 0 11 0 17 0 21 1 2 1 18 1 22 2 3 2 19 2 23 3 4 3 12 3 20 4 5 4 13 4 21 5 6 5 14 5 22 6 7 6 15 6 23 7 8 7 12 7 16 8 9 8 13 8 17 9 10 9 14 9 18 10 11 10 15 10 19 11 16 11 20 12 13 12 23 13 14 14 15 15 16 16 17 17 18 18 19 19 20 20 21 21 22 22 23
D12_4147 24 48 0 2 0 10 0 17 0 21 1 3 1 11 1 18 1 22 2 4 2 19 2 23 3 5 3 12 3 20 4 6 4 13 4 21 5 7 5 14 5 22 6 8 6 15 6 23 7 9 7 12 7 16 8 10 8 13 8 17 9 11 9 14 9 18 10 15 10 19 11 16 11 20 12 14 12 22 13 15 13 23 14 16 15 17 16 18 17 19 18 20 19 21 20 22 21 23
D12_4148 24 48 0 3 0 9 0 17 0 21 1 4 1 10 1 18 1 22 2 5 2 11 2 19 2 23 3 6 3 12 3 20 4 7 4 13 4 21 5 8 5 14 5 22 6 9 6 15 6 23 7 10 7 12 7 16 8 11 8 13 8 17 9 14 9 18 10 15 10 19 11 16 11 20 12 15 12 21 13 16 13 22 14 17 14 23 15 18 16 19 17 20 18 21 19 22 20 23
D12_4149 24 48 0 5 0 7 0 17 0 21 1 6 1 8 1 18 1 22 2 7 2 9 2 19 2 23 3 8 3 10 3 12 3 20 4 9 4 11 4 13 4 21 5 10 5 14 5 22 6 11 6 15 6 23 7 12 7 16 8 13 8 17 9 14 9 18 10 15 10 19 11 16 11 20 12 17 12 19 13 18 13 20 14 19 14 21 15 20 15 22 16 21 16 23 17 22 18 23
D12_4150 24 36 0 6 0 17 0 21 1 7 1 18 1 22 2 8 2 19 2 23 3 9 3 12 3 20 4 10 4 13 4 21 5 11 5 14 5 22 6 15 6 23 7 12 7 16 8 13 8 17 9 14 9 18 10 15 10 19 11 16 11 20 12 18 13 19 14 20 15 21 16 22 17 23
D12_4155 24 36 0 17 0 22 0 23 1 12 1 18 1 23 2 12 2 13 2 19 3 13 3 14 3 20 4 14 4 15 4 21 5 15 5 16 5 22 6 16 6 17 6 23 7 12 7 17 7 18 8 13 8 18 8 19 9 14 9 19 9 20 10 15 10 20 10 21 11 16 11 21 11 22
D12_4156 24 48 0 1 0 11 0 17 0 22 1 2 1 18 1 23 2 3 2 12 2 19 3 4 3 13 3 20 4 5 4 14 4 21 5 6 5 15 5 22 6 7 6 16 6 23 7 8 7 12 7 17 8 9 8 13 8 18 9 10 9 14 9 19 10 11 10 15 10 20 11 16 11 21 12 13 12 23 13 14 14 15 15 16 16 17 17 18 18 19 19 20 20 21 21 22 22 23
D12_4157 24 48 0 2 0 10 0 17 0 22 1 3 1 11 1 18 1 23 2 4 2 12 2 19 3 5 3 13 3 20 4 6 4 14 4 21 5 7 5 15 5 22 6 8 6 16 6 23 7 9 7 12 7 17 8 10 8 13 8 18 9 11 9 14 9 19 10 15 10 20 11 16 11 21 12 14 12 22 13 15 13 23 14 16 15 17 16 18 17 19 18 20 19 21 20 22 21 23
D12_4158 24 48 0 3 0 9 0 17 0 22 1 4 1 10 1 18 1 23 2 5 2 11 2 12 2 19 3 6 3 13 3 20 4 7 4 14 4 21 5 8 5 15 5 22 6 9 6 16 6 23 7 10 7 12 7 17 8 11 8 13 8 18 9 14 9 19 10 15 10 20 11 16 11 21 12 15 12 21 13 16 13 22 14 17 14 23 15 18 16 19 17 20 18 21 19 22 20 23
D12_4159 24 36 0 6 0 17 0 22 1 7 1 18 1 23 2 8 2 12 2 19 3 9 3 13 3 20 4 10 4 14 4 21 5 11 5 15 5 22 6 16 6 23 7 12 7 17 8 13 8 18 9 14 9 19 10 15 10 20 11 16 11 21 12 18 13 19 14 20 15 21 16 22 17 23
D12_4163 24 48 0 1 0 11 0 17 0 23 1 2 1 12 1 18 2 3 2 13 2 19 3 4 3 14 3 20 4 5 4 15 4 21 5 6 5 16 5 22 6 7 6 17 6 23 7 8 7 12 7 18 8 9 8 13 8 19 9 10 9 14 9 20 10 11 10 15 10 21 11 16 11 22 12 13 12 23 13 14 14 15 15 16 16 17 17 18 18 19 19 20 20 21 21 22 22 23
D12_4164 24 48 0 2 0 10 0 17 0 23 1 3 1 11 1 12 1 18 2 4 2 13 2 19 3 5 3 14 3 20 4 6 4 15 4 21 5 7 5 16 5 22 6 8 6 17 6 23 7 9 7 12 7 18 8 10 8 13 8 19 9 11 9 14 9 20 10 15 10 21 11 16 11 22 12 14 12 22 13 15 13 23 14 16 15 17 16 18 17 19 18 20 19 21 20 22 21 23
D12_4165 24 48 0 3 0 9 0 17 0 23 1 4 1 10 1 12 1 18 2 5 2 11 2 13 2 19 3 6 3 14 3 20 4 7 4 15 4 21 5 8 5 16 5 22 6 9 6 17 6 23 7 10 7 12 7 18 8 11 8 13 8 19 9 14 9 20 10 15 10 21 11 16 11 22 12 15 12 21 13 16 13 22 14 17 14 23 15 18 16 19 17 20 18 21 19 22 20 23
D12_4166 24 48 0 5 0 7 0 17 0 23 1 6 1 8 1 12 1 18 2 7 2 9 2 13 2 19 3 8 3 10 3 14 3 20 4 9 4 11 4 15 4 21 5 10 5 16 5 22 6 11 6 17 6 23 7 12 7 18 8 13 8 19 9 14 9 20 10 15 10 21 11 16 11 22 12 17 12 19 13 18 13 20 14 19 14 21 15 20 15 22 16 21 16 23 17 22 18 23
D12_4171 24 60 0 1 0 3 0 9 0 11 0 17 1 2 1 4 1 10 1 18 2 3 2 5 2 11 2 19 3 4 3 6 3 20 4 5 4 7 4 21 5 6 5 8 5 22 6 7 6 9 6 23 7 8 7 10 7 12 8 9 8 11 8 13 9 10 9 14 10 11 10 15 11 16 12 13 12 15 12 21 12 23 13 14 13 16 13 22 14 15 14 17 14 23 15 16 15 18 16 17 16 19 17 18 17 20 18 19 18 21 19 20 19 22 20 21 20 23 21 22 22 23
D12_4172 24 60 0 1 0 5 0 7 0 11 0 17 1 2 1 6 1 8 1 18 2 3 2 7 2 9 2 19 3 4 3 8 3 10 3 20 4 5 4 9 4 11 4 21 5 6 5 10 5 22 6 7 6 11 6 23 7 8 7 12 8 9 8 13 9 10 9 14 10 11 10 15 11 16 12 13 12 17 12 19 12 23 13 14 13 18 13 20 14 15 14 19 14 21 15 16 15 20 15 22 16 17 16 21 16 23 17 18 17 22 18 19 18 23 19 20 20 21 21 22 22 23
D12_4173 24 48 0 1 0 6 0 11 0 17 1 2 1 7 1 18 2 3 2 8 2 19 3 4 3 9 3 20 4 5 4 10 4 21 5 6 5 11 5 22 6 7 6 23 7 8 7 12 8 9 8 13 9 10 9 14 10 11 10 15 11 16 12 13 12 18 12 23 13 14 13 19 14 15 14 20 15 16 15 21 16 17 16 22 17 18 17 23 18 19 19 20 20 21 21 22 22 23
D12_4177 24 60 0 2 0 3 0 9 0 10 0 17 1 3 1 4 1 10 1 11 1 18 2 4 2 5 2 11 2 19 3 5 3 6 3 20 4 6 4 7 4 21 5 7 5 8 5 22 6 8 6 9 6 23 7 9 7 10 7 12 8 10 8 11 8 13 9 11 9 14 10 15 11 16 12 14 12 15 12 21 12 22 13 15 13 16 13 22 13 23 14 16 14 17 14 23 15 17 15 18 16 18 16 19 17 19 17 20 18 20 18 21 19 21 19 22 20 22 20 23 21 23
D12_4178 24 48 0 2 0 6 0 10 0 17 1 3 1 7 1 11 1 18 2 4 2 8 2 19 3 5 3 9 3 20 4 6 4 10 4 21 5 7 5 11 5 22 6 8 6 23 7 9 7 12 8 10 8 13 9 11 9 14 10 15 11 16 12 14 12 18 12 22 13 15 13 19 13 23 14 16 14 20 15 17 15 21 16 18 16 22 17 19 17 23 18 20 19 21 20 22 21 23
D12_4181 24 60 0 3 0 5 0 7 0 9 0 17 1 4 1 6 1 8 1 10 1 18 2 5 2 7 2 9 2 11 2 19 3 6 3 8 3 10 3 20 4 7 4 9 4 11 4 21 5 8 5 10 5 22 6 9 6 11 6 23 7 10 7 12 8 11 8 13 9 14 10 15 11 16 12 15 12 17 12 19 12 21 13 16 13 18 13 20 13 22 14 17 14 19 14 21 14 23 15 18 15 20 15 22 16 19 16 21 16 23 17 20 17 22 18 21 18 23 19 22 20 23
D12_4186 24 48 0 5 0 6 0 7 0 17 1 6 1 7 1 8 1 18 2 7 2 8 2 9 2 19 3 8 3 9 3 10 3 20 4 9 4 10 4 11 4 21 5 10 5 11 5 22 6 11 6 23 7 12 8 13 9 14 10 15 11 16 12 17 12 18 12 19 13 18 13 19 13 20 14 19 14 20 14 21 15 20 15 21 15 22 16 21 16 22 16 23 17 22 17 23 18 23
D12_4197 24 36 0 18 0 19 0 20 1 19 1 20 1 21 2 20 2 21 2 22 3 21 3 22 3 23 4 12 4 22 4 23 5 12 5 13 5 23 6 12 6 13 6 14 7 13 7 14 7 15 8 14 8 15 8 16 9 15 9 16 9 17 10 16 10 17 10 18 11 17 11 18 11 19
D12_4198 24 36 0 18 0 19 0 21 1 19 1 20 1 22 2 20 2 21 2 23 3 12 3 21 3 22 4 13 4 22 4 23 5 12 5 14 5 23 6 12 6 13 6 15 7 13 7 14 7 16 8 14 8 15 8 17 9 15 9 16 9 18 10 16 10 17 10 19 11 17 11 18 11 20
D12_4199 24 36 0 18 0 19 0 22 1 19 1 20 1 23 2 12 2 20 2 21 3 13 3 21 3 22 4 14 4 22 4 23 5 12 5 15 5 23 6 12 6 13 6 16 7 13 7 14 7 17 8 14 8 15 8 18 9 15 9 16 9 19 10 16 10 17 10 20 11 17 11 18 11 21
D12_4200 24 36 0 18 0 19 0 23 1 12 1 19 1 20 2 13 2 20 2 21 3 14 3 21 3 22 4 15 4 22 4 23 5 12 5 16 5 23 6 12 6 13 6 17 7 13 7 14 7 18 8 14 8 15 8 19 9 15 9 16 9 20 10 16 10 17 10 21 11 17 11 18 11 22
D12_4201 24 48 0 2 0 10 0 18 0 19 1 3 1 11 1 19 1 20 2 4 2 20 2 21 3 5 3 21 3 22 4 6 4 22 4 23 5 7 5 12 5 23 6 8 6 12 6 13 7 9 7 13 7 14 8 10 8 14 8 15 9 11 9 15 9 16 10 16 10 17 11 17 11 18 12 14 12 22 13 15 13 23 14 16 15 17 16 18 17 19 18 20 19 21 20 22 21 23
D12_4202 24 48 0 3 0 9 0 18 0 19 1 4 1 10 1 19 1 20 2 5 2 11 2 20 2 21 3 6 3 21 3 22 4 7 4 22 4 23 5 8 5 12 5 23 6 9 6 12 6 13 7 10 7 13 7 14 8 11 8 14 8 15 9 15 9 16 10 16 10 17 11 17 11 18 12 15 12 21 13 16 13 22 14 17 14 23 15 18 16 19 17 20 18 21 19 22 20 23
D12_4203 24 48 0 5 0 7 0 18 0 19 1 6 1 8 1 19 1 20 2 7 2 9 2 20 2 21 3 8 3 10 3 21 3 22 4 9 4 11 4 22 4 23 5 10 5 12 5 23 6 11 6 12 6 13 7 13 7 14 8 14 8 15 9 15 9 16 10 16 10 17 11 17 11 18 12 17 12 19 13 18 13 20 14 19 14 21 15 20 15 22 16 21 16 23 17 22 18 23
D12_4204 24 36 0 6 0 18 0 19 1 7 1 19 1 20 2 8 2 20 2 21 3 9 3 21 3 22 4 10 4 22 4 23 5 11 5 12 5 23 6 12 6 13 7 13 7 14 8 14 8 15 9 15 9 16 10 16 10 17 11 17 11 18 12 18 13 19 14 20 15 21 16 22 17 23
D12_4208 24 36 0 18 0 20 0 21 1 19 1 21 1 22 2 20 2 22 2 23 3 12 3 21 3 23 4 12 4 13 4 22 5 13 5 14 5 23 6 12 6 14 6 15 7 13 7 15 7 16 8 14 8 16 8 17 9 15 9 17 9 18 10 16 10 18 10 19 11 17 11 19 11 20
D12_4209 24 36 0 18 0 20 0 22 1 19 1 21 1 23 2 12 2 20 2 22 3 13 3 21 3 23 4 12 4 14 4 22 5 13 5 15 5 23 6 12 6 14 6 16 7 13 7 15 7 17 8 14 8 16 8 18 9 15 9 17 9 19 10 16 10 18 10 20 11 17 11 19 11 21
D12_4210 24 36 0 18 0 20 0 23 1 12 1 19 1 21 2 13 2 20 2 22 3 14 3 21 3 23 4 12 4 15 4 22 5 13 5 16 5 23 6 12 6 14 6 17 7 13 7 15 7 18 8 14 8 16 8 19 9 15 9 17 9 20 10 16 10 18 10 21 11 17 11 19 11 22
D12_4211 24 48 0 1 0 11 0 18 0 20 1 2 1 19 1 21 2 3 2 20 2 22 3 4 3 21 3 23 4 5 4 12 4 22 5 6 5 13 5 23 6 7 6 12 6 14 7 8 7 13 7 15 8 9 8 14 8 16 9 10 9 15 9 17 10 11 10 16 10 18 11 17 11 19 12 13 12 23 13 14 14 15 15 16 16 17 17 18 18 19 19 20 20 21 21 22 22 23
D12_4212 24 48 0 3 0 9 0 18 0 20 1 4 1 10 1 19 1 21 2 5 2 11 2 20 2 22 3 6 3 21 3 23 4 7 4 12 4 22 5 8 5 13 5 23 6 9 6 12 6 14 7 10 7 13 7 15 8 11 8 14 8 16 9 15 9 17 10 16 10 18 11 17 11 19 12 15 12 21 13 16 13 22 14 17 14 23 15 18 16 19 17 20 18 21 19 22 20 23
D12_4213 24 48 0 5 0 7 0 18 0 20 1 6 1 8 1 19 1 21 2 7 2 9 2 20 2 22 3 8 3 10 3 21 3 23 4 9 4 11 4 12 4 22 5 10 5 13 5 23 6 11 6 12 6 14 7 13 7 15 8 14 8 16 9 15 9 17 10 16 10 18 11 17 11 19 12 17 12 19 13 18 13 20 14 19 14 21 15 20 15 22 16 21 16 23 17 22 18 23
D12_4214 24 36 0 6 0 18 0 20 1 7 1 19 1 21 2 8 2 20 2 22 3 9 3 21 3 23 4 10 4 12 4 22 5 11 5 13 5 23 6 12 6 14 7 13 7 15 8 14 8 16 9 15 9 17 10 16 10 18 11 17 11 19 12 18 13 19 14 20 15 21 16 22 17 23
D12_4218 24 36 0 18 0 21 0 22 1 19 1 22 1 23 2 12 2 20 2 23 3 12 3 13 3 21 4 13 4 14 4 22 5 14 5 15 5 23 6 12 6 15 6 16 7 13 7 16 7 17 8 14 8 17 8 18 9 15 9 18 9 19 10 16 10 19 10 20 11 17 11 20 11 21
D12_4219 24 36 0 18 0 21 0 23 1 12 1 19 1 22 2 13 2 20 2 23 3 12 3 14 3 21 4 13 4 15 4 22 5 14 5 16 5 23 6 12 6 15 6 17 7 13 7 16 7 18 8 14 8 17 8 19 9 15 9 18 9 20 10 16 10 19 10 21 11 17 11 20 11 22
D12_4220 24 48 0 1 0 11 0 18 0 21 1 2 1 19 1 22 2 3 2 20 2 23 3 4 3 12 3 21 4 5 4 13 4 22 5 6 5 14 5 23 6 7 6 12 6 15 7 8 7 13 7 16 8 9 8 14 8 17 9 10 9 15 9 18 10 11 10 16 10 19 11 17 11 20 12 13 12 23 13 14 14 15 15 16 16 17 17 18 18 19 19 20 20 21 21 22 22 23
D12_4221 24 48 0 2 0 10 0 18 0 21 1 3 1 11 1 19 1 22 2 4 2 20 2 23 3 5 3 12 3 21 4 6 4 13 4 22 5 7 5 14 5 23 6 8 6 12 6 15 7 9 7 13 7 16 8 10 8 14 8 17 9 11 9 15 9 18 10 16 10 19 11 17 11 20 12 14 12 22 13 15 13 23 14 16 15 17 16 18 17 19 18 20 19 21 20 22 21 23
D12_4222 24 48 0 5 0 7 0 18 0 21 1 6 1 8 1 19 1 22 2 7 2 9 2 20 2 23 3 8 3 10 3 12 3 21 4 9 4 11 4 13 4 22 5 10 5 14 5 23 6 11 6 12 6 15 7 13 7 16 8 14 8 17 9 15 9 18 10 16 10 19 11 17 11 20 12 17 12 19 13 18 13 20 14 19 14 21 15 20 15 22 16 21 16 23 17 22 18 23
D12_4223 24 36 0 6 0 18 0 21 1 7 1 19 1 22 2 8 2 20 2 23 3 9 3 12 3 21 4 10 4 13 4 22 5 11 5 14 5 23 6 12 6 15 7 13 7 16 8 14 8 17 9 15 9 18 10 16 10 19 11 17 11 20 12 18 13 19 14 20 15 21 16 22 17 23
D12_4227 24 36 0 18 0 22 0 23 1 12 1 19 1 23 2 12 2 13 2 20 3 13 3 14 3 21 4 14 4 15 4 22 5 15 5 16 5 23 6 12 6 16 6 17 7 13 7 17 7 18 8 14 8 18 8 19 9 15 9 19 9 20 10 16 10 20 10 21 11 17 11 21 11 22
D12_4228 24 48 0 1 0 11 0 18 0 22 1 2 1 19 1 23 2 3 2 12 2 20 3 4 3 13 3 21 4 5 4 14 4 22 5 6 5 15 5 23 6 7 6 12 6 16 7 8 7 13 7 17 8 9 8 14 8 18 9 10 9 15 9 19 10 11 10 16 10 20 11 17 11 21 12 13 12 23 13 14 14 15 15 16 16 17 17 18 18 19 19 20 20 21 21 22 22 23
D12_4229 24 48 0 2 0 10 0 18 0 22 1 3 1 11 1 19 1 23 2 4 2 12 2 20 3 5 3 13 3 21 4 6 4 14 4 22 5 7 5 15 5 23 6 8 6 12 6 16 7 9 7 13 7 17 8 10 8 14 8 18 9 11 9 15 9 19 10 16 10 20 11 17 11 21 12 14 12 22 13 15 13 23 14 16 15 17 16 18 17 19 18 20 19 21 20 22 21 23
D12_4230 24 48 0 3 0 9 0 18 0 22 1 4 1 10 1 19 1 23 2 5 2 11 2 12 2 20 3 6 3 13 3 21 4 7 4 14 4 22 5 8 5 15 5 23 6 9 6 12 6 16 7 10 7 13 7 17 8 11 8 14 8 18 9 15 9 19 10 16 10 20 11 17 11 21 12 15 12 21 13 16 13 22 14 17 14 23 15 18 16 19 17 20 18 21 19 22 20 23
D12_4231 24 48 0 5 0 7 0 18 0 22 1 6 1 8 1 19 1 23 2 7 2 9 2 12 2 20 3 8 3 10 3 13 3 21 4 9 4 11 4 14 4 22 5 10 5 15 5 23 6 11 6 12 6 16 7 13 7 17 8 14 8 18 9 15 9 19 10 16 10 20 11 17 11 21 12 17 12 19 13 18 13 20 14 19 14 21 15 20 15 22 16 21 16 23 17 22 18 23
D12_4232 24 36 0 6 0 18 0 22 1 7 1 19 1 23 2 8 2 12 2 20 3 9 3 13 3 21 4 10 4 14 4 22 5 11 5 15 5 23 6 12 6 16 7 13 7 17 8 14 8 18 9 15 9 19 10 16 10 20 11 17 11 21 12 18 13 19 14 20 15 21 16 22 17 23
D12_4237 24 48 0 1 0 11 0 18 0 23 1 2 1 12 1 19 2 3 2 13 2 20 3 4 3 14 3 21 4 5 4 15 4 22 5 6 5 16 5 23 6 7 6 12 6 17 7 8 7 13 7 18 8 9 8 14 8 19 9 10 9 15 9 20 10 11 10 16 10 21 11 17 11 22 12 13 12 23 13 14 14 15 15 16 16 17 17 18 18 19 19 20 20 21 21 22 22 23
D12_4238 24 48 0 2 0 10 0 18 0 23 1 3 1 11 1 12 1 19 2 4 2 13 2 20 3 5 3 14 3 21 4 6 4 15 4 22 5 7 5 16 5 23 6 8 6 12 6 17 7 9 7 13 7 18 8 10 8 14 8 19 9 11 9 15 9 20 10 16 10 21 11 17 11 22 12 14 12 22 13 15 13 23 14 16 15 17 16 18 17 19 18 20 19 21 20 22 21 23
D12_4239 24 48 0 3 0 9 0 18 0 23 1 4 1 10 1 12 1 19 2 5 2 11 2 13 2 20 3 6 3 14 3 21 4 7 4 15 4 22 5 8 5 16 5 23 6 9 6 12 6 17 7 10 7 13 7 18 8 11 8 14 8 19 9 15 9 20 10 16 10 21 11 17 11 22 12 15 12 21 13 16 13 22 14 17 14 23 15 18 16 19 17 20 18 21 19 22 20 23
D12_4240 24 36 0 6 0 18 0 23 1 7 1 12 1 19 2 8 2 13 2 20 3 9 3 14 3 21 4 10 4 15 4 22 5 11 5 16 5 23 6 12 6 17 7 13 7 18 8 14 8 19 9 15 9 20 10 16 10 21 11 17 11 22 12 18 13 19 14 20 15 21 16 22 17 23
D12_4244 24 60 0 1 0 3 0 9 0 11 0 18 1 2 1 4 1 10 1 19 2 3 2 5 2 11 2 20 3 4 3 6 3 21 4 5 4 7 4 22 5 6 5 8 5 23 6 7 6 9 6 12 7 8 7 10 7 13 8 9 8 11 8 14 9 10 9 15 10 11 10 16 11 17 12 13 12 15 12 21 12 23 13 14 13 16 13 22 14 15 14 17 14 23 15 16 15 18 16 17 16 19 17 18 17 20 18 19 18 21 19 20 19 22 20 21 20 23 21 22 22 23
D12_4245 24 60 0 1 0 5 0 7 0 11 0 18 1 2 1 6 1 8 1 19 2 3 2 7 2 9 2 20 3 4 3 8 3 10 3 21 4 5 4 9 4 11 4 22 5 6 5 10 5 23 6 7 6 11 6 12 7 8 7 13 8 9 8 14 9 10 9 15 10 11 10 16 11 17 12 13 12 17 12 19 12 23 13 14 13 18 13 20 14 15 14 19 14 21 15 16 15 20 15 22 16 17 16 21 16 23 17 18 17 22 18 19 18 23 19 20 20 21 21 22 22 23
D12_4246 24 48 0 1 0 6 0 11 0 18 1 2 1 7 1 19 2 3 2 8 2 20 3 4 3 9 3 21 4 5 4 10 4 22 5 6 5 11 5 23 6 7 6 12 7 8 7 13 8 9 8 14 9 10 9 15 10 11 10 16 11 17 12 13 12 18 12 23 13 14 13 19 14 15 14 20 15 16 15 21 16 17 16 22 17 18 17 23 18 19 19 20 20 21 21 22 22 23
D12_4250 24 60 0 2 0 3 0 9 0 10 0 18 1 3 1 4 1 10 1 11 1 19 2 4 2 5 2 11 2 20 3 5 3 6 3 21 4 6 4 7 4 22 5 7 5 8 5 23 6 8 6 9 6 12 7 9 7 10 7 13 8 10 8 11 8 14 9 11 9 15 10 16 11 17 12 14 12 15 12 21 12 22 13 15 13 16 13 22 13 23 14 16 14 17 14 23 15 17 15 18 16 18 16 19 17 19 17 20 18 20 18 21 19 21 19 22 20 22 20 23 21 23
D12_4251 24 48 0 2 0 6 0 10 0 18 1 3 1 7 1 11 1 19 2 4 2 8 2 20 3 5 3 9 3 21 4 6 4 10 4 22 5 7 5 11 5 23 6 8 6 12 7 9 7 13 8 10 8 14 9 11 9 15 10 16 11 17 12 14 12 18 12 22 13 15 13 19 13 23 14 16 14 20 15 17 15 21 16 18 16 22 17 19 17 23 18 20 19 21 20 22 21 23
D12_4254 24 60 0 3 0 5 0 7 0 9 0 18 1 4 1 6 1 8 1 10 1 19 2 5 2 7 2 9 2 11 2 20 3 6 3 8 3 10 3 21 4 7 4 9 4 11 4 22 5 8 5 10 5 23 6 9 6 11 6 12 7 10 7 13 8 11 8 14 9 15 10 16 11 17 12 15 12 17 12 19 12 21 13 16 13 18 13 20 13 22 14 17 14 19 14 21 14 23 15 18 15 20 15 22 16 19 16 21 16 23 17 20 17 22 18 21 18 23 19 22 20 23
D12_4259 24 48 0 5 0 6 0 7 0 18 1 6 1 7 1 8 1 19 2 7 2 8 2 9 2 20 3 8 3 9 3 10 3 21 4 9 4 10 4 11 4 22 5 10 5 11 5 23 6 11 6 12 7 13 8 14 9 15 10 16 11 17 12 17 12 18 12 19 13 18 13 19 13 20 14 19 14 20 14 21 15 20 15 21 15 22 16 21 16 22 16 23 17 22 17 23 18 23
D12_4270 24 36 0 19 0 20 0 21 1 20 1 21 1 22 2 21 2 22 2 23 3 12 3 22 3 23 4 12 4 13 4 23 5 12 5 13 5 14 6 13 6 14 6 15 7 14 7 15 7 16 8 15 8 16 8 17 9 16 9 17 9 18 10 17 10 18 10 19 11 18 11 19 11 20
D12_4271 24 36 0 19 0 20 0 22 1 20 1 21 1 23 2 12 2 21 2 22 3 13 3 22 3 23 4 12 4 14 4 23 5 12 5 13 5 15 6 13 6 14 6 16 7 14 7 15 7 17 8 15 8 16 8 18 9 16 9 17 9 19 10 17 10 18 10 20 11 18 11 19 11 21
D12_4272 24 36 0 19 0 20 0 23 1 12 1 20 1 21 2 13 2 21 2 22 3 14 3 22 3 23 4 12 4 15 4 23 5 12 5 13 5 16 6 13 6 14 6 17 7 14 7 15 7 18 8 15 8 16 8 19 9 16 9 17 9 20 10 17 10 18 10 21 11 18 11 19 11 22
D12_4273 24 48 0 2 0 10 0 19 0 20 1 3 1 11 1 20 1 21 2 4 2 21 2 22 3 5 3 22 3 23 4 6 4 12 4 23 5 7 5 12 5 13 6 8 6 13 6 14 7 9 7 14 7 15 8 10 8 15 8 16 9 11 9 16 9 17 10 17 10 18 11 18 11 19 12 14 12 22 13 15 13 23 14 16 15 17 16 18 17 19 18 20 19 21 20 22 21 23
D12_4274 24 48 0 3 0 9 0 19 0 20 1 4 1 10 1 20 1 21 2 5 2 11 2 21 2 22 3 6 3 22 3 23 4 7 4 12 4 23 5 8 5 12 5 13 6 9 6 13 6 14 7 10 7 14 7 15 8 11 8 15 8 16 9 16 9 17 10 17 10 18 11 18 11 19 12 15 12 21 13 16 13 22 14 17 14 23 15 18 16 19 17 20 18 21 19 22 20 23
D12_4275 24 48 0 5 0 7 0 19 0 20 1 6 1 8 1 20 1 21 2 7 2 9 2 21 2 22 3 8 3 10 3 22 3 23 4 9 4 11 4 12 4 23 5 10 5 12 5 13 6 11 6 13 6 14 7 14 7 15 8 15 8 16 9 16 9 17 10 17 10 18 11 18 11 19 12 17 12 19 13 18 13 20 14 19 14 21 15 20 15 22 16 21 16 23 17 22 18 23
D12_4276 24 36 0 6 0 19 0 20 1 7 1 20 1 21 2 8 2 21 2 22 3 9 3 22 3 23 4 10 4 12 4 23 5 11 5 12 5 13 6 13 6 14 7 14 7 15 8 15 8 16 9 16 9 17 10 17 10 18 11 18 11 19 12 18 13 19 14 20 15 21 16 22 17 23
D12_4280 24 36 0 19 0 21 0 22 1 20 1 22 1 23 2 12 2 21 2 23 3 12 3 13 3 22 4 13 4 14 4 23 5 12 5 14 5 15 6 13 6 15 6 16 7 14 7 16 7 17 8 15 8 17 8 18 9 16 9 18 9 19 10 17 10 19 10 20 11 18 11 20 11 21
D12_4281 24 36 0 19 0 21 0 23 1 12 1 20 1 22 2 13 2 21 2 23 3 12 3 14 3 22 4 13 4 15 4 23 5 12 5 14 5 16 6 13 6 15 6 17 7 14 7 16 7 18 8 15 8 17 8 19 9 16 9 18 9 20 10 17 10 19 10 21 11 18 11 20 11 22
D12_4282 24 48 0 1 0 11 0 19 0 21 1 2 1 20 1 22 2 3 2 21 2 23 3 4 3 12 3 22 4 5 4 13 4 23 5 6 5 12 5 14 6 7 6 13 6 15 7 8 7 14 7 16 8 9 8 15 8 17 9 10 9 16 9 18 10 11 10 17 10 19 11 18 11 20 12 13 12 23 13 14 14 15 15 16 16 17 17 18 18 19 19 20 20 21 21 22 22 23
D12_4283 24 48 0 3 0 9 0 19 0 21 1 4 1 10 1 20 1 22 2 5 2 11 2 21 2 23 3 6 3 12 3 22 4 7 4 13 4 23 5 8 5 12 5 14 6 9 6 13 6 15 7 10 7 14 7 16 8 11 8 15 8 17 9 16 9 18 10 17 10 19 11 18 11 20 12 15 12 21 13 16 13 22 14 17 14 23 15 18 16 19 17 20 18 21 19 22 20 23
D12_4284 24 48 0 5 0 7 0 19 0 21 1 6 1 8 1 20 1 22 2 7 2 9 2 21 2 23 3 8 3 10 3 12 3 22 4 9 4 11 4 13 4 23 5 10 5 12 5 14 6 11 6 13 6 15 7 14 7 16 8 15 8 17 9 16 9 18 10 17 10 19 11 18 11 20 12 17 12 19 13 18 13 20 14 19 14 21 15 20 15 22 16 21 16 23 17 22 18 23
D12_4285 24 36 0 6 0 19 0 21 1 7 1 20 1 22 2 8 2 21 2 23 3 9 3 12 3 22 4 10 4 13 4 23 5 11 5 12 5 14 6 13 6 15 7 14 7 16 8 15 8 17 9 16 9 18 10 17 10 19 11 18 11 20 12 18 13 19 14 20 15 21 16 22 17 23
D12_4289 24 36 0 19 0 22 0 23 1 12 1 20 1 23 2 12 2 13 2 21 3 13 3 14 3 22 4 14 4 15 4 23 5 12 5 15 5 16 6 13 6 16 6 17 7 14 7 17 7 18 8 15 8 18 8 19 9 16 9 19 9 20 10 17 10 20 10 21 11 18 11 21 11 22
D12_4290 24 48 0 1 0 11 0 19 0 22 1 2 1 20 1 23 2 3 2 12 2 21 3 4 3 13 3 22 4 5 4 14 4 23 5 6 5 12 5 15 6 7 6 13 6 16 7 8 7 14 7 17 8 9 8 15 8 18 9 10 9 16 9 19 10 11 10 17 10 20 11 18 11 21 12 13 12 23 13 14 14 15 15 16 16 17 17 18 18 19 19 20 20 21 21 22 22 23
D12_4291 24 48 0 2 0 10 0 19 0 22 1 3 1 11 1 20 1 23 2 4 2 12 2 21 3 5 3 13 3 22 4 6 4 14 4 23 5 7 5 12 5 15 6 8 6 13 6 16 7 9 7 14 7 17 8 10 8 15 8 18 9 11 9 16 9 19 10 17 10 20 11 18 11 21 12 14 12 22 13 15 13 23 14 16 15 17 16 18 17 19 18 20 19 21 20 22 21 23
D12_4292 24 48 0 5 0 7 0 19 0 22 1 6 1 8 1 20 1 23 2 7 2 9 2 12 2 21 3 8 3 10 3 13 3 22 4 9 4 11 4 14 4 23 5 10 5 12 5 15 6 11 6 13 6 16 7 14 7 17 8 15 8 18 9 16 9 19 10 17 10 20 11 18 11 21 12 17 12 19 13 18 13 20 14 19 14 21 15 20 15 22 16 21 16 23 17 22 18 23
D12_4293 24 36 0 6 0 19 0 22 1 7 1 20 1 23 2 8 2 12 2 21 3 9 3 13 3 22 4 10 4 14 4 23 5 11 5 12 5 15 6 13 6 16 7 14 7 17 8 15 8 18 9 16 9 19 10 17 10 20 11 18 11 21 12 18 13 19 14 20 15 21 16 22 17 23
D12_4297 24 48 0 1 0 11 0 19 0 23 1 2 1 12 1 20 2 3 2 13 2 21 3 4 3 14 3 22 4 5 4 15 4 23 5 6 5 12 5 16 6 7 6 13 6 17 7 8 7 14 7 18 8 9 8 15 8 19 9 10 9 16 9 20 10 11 10 17 10 21 11 18 11 22 12 13 12 23 13 14 14 15 15 16 16 17 17 18 18 19 19 20 20 21 21 22 22 23
D12_4298 24 48 0 2 0 10 0 19 0 23 1 3 1 11 1 12 1 20 2 4 2 13 2 21 3 5 3 14 3 22 4 6 4 15 4 23 5 7 5 12 5 16 6 8 6 13 6 17 7 9 7 14 7 18 8 10 8 15 8 19 9 11 9 16 9 20 10 17 10 21 11 18 11 22 12 14 12 22 13 15 13 23 14 16 15 17 16 18 17 19 18 20 19 21 20 22 21 23
D12_4299 24 48 0 3 0 9 0 19 0 23 1 4 1 10 1 12 1 20 2 5 2 11 2 13 2 21 3 6 3 14 3 22 4 7 4 15 4 23 5 8 5 12 5 16 6 9 6 13 6 17 7 10 7 14 7 18 8 11 8 15 8 19 9 16 9 20 10 17 10 21 11 18 11 22 12 15 12 21 13 16 13 22 14 17 14 23 15 18 16 19 17 20 18 21 19 22 20 23
D12_4300 24 48 0 5 0 7 0 19 0 23 1 6 1 8 1 12 1 20 2 7 2 9 2 13 2 21 3 8 3 10 3 14 3 22 4 9 4 11 4 15 4 23 5 10 5 12 5 16 6 11 6 13 6 17 7 14 7 18 8 15 8 19 9 16 9 20 10 17 10 21 11 18 11 22 12 17 12 19 13 18 13 20 14 19 14 21 15 20 15 22 16 21 16 23 17 22 18 23
D12_4301 24 36 0 6 0 19 0 23 1 7 1 12 1 20 2 8 2 13 2 21 3 9 3 14 3 22 4 10 4 15 4 23 5 11 5 12 5 16 6 13 6 17 7 14 7 18 8 15 8 19 9 16 9 20 10 17 10 21 11 18 11 22 12 18 13 19 14 20 15 21 16 22 17 23
D12_4306 24 60 0 1 0 3 0 9 0 11 0 19 1 2 1 4 1 10 1 20 2 3 2 5 2 11 2 21 3 4 3 6 3 22 4 5 4 7 4 23 5 6 5 8 5 12 6 7 6 9 6 13 7 8 7 10 7 14 8 9 8 11 8 15 9 10 9 16 10 11 10 17 11 18 12 13 12 15 12 21 12 23 13 14 13 16 13 22 14 15 14 17 14 23 15 16 15 18 16 17 16 19 17 18 17 20 18 19 18 21 19 20 19 22 20 21 20 23 21 22 22 23
D12_4307 24 60 0 1 0 5 0 7 0 11 0 19 1 2 1 6 1 8 1 20 2 3 2 7 2 9 2 21 3 4 3 8 3 10 3 22 4 5 4 9 4 11 4 23 5 6 5 10 5 12 6 7 6 11 6 13 7 8 7 14 8 9 8 15 9 10 9 16 10 11 10 17 11 18 12 13 12 17 12 19 12 23 13 14 13 18 13 20 14 15 14 19 14 21 15 16 15 20 15 22 16 17 16 21 16 23 17 18 17 22 18 19 18 23 19 20 20 21 21 22 22 23
D12_4308 24 48 0 1 0 6 0 11 0 19 1 2 1 7 1 20 2 3 2 8 2 21 3 4 3 9 3 22 4 5 4 10 4 23 5 6 5 11 5 12 6 7 6 13 7 8 7 14 8 9 8 15 9 10 9 16 10 11 10 17 11 18 12 13 12 18 12 23 13 14 13 19 14 15 14 20 15 16 15 21 16 17 16 22 17 18 17 23 18 19 19 20 20 21 21 22 22 23
D12_4312 24 60 0 2 0 3 0 9 0 10 0 19 1 3 1 4 1 10 1 11 1 20 2 4 2 5 2 11 2 21 3 5 3 6 3 22 4 6 4 7 4 23 5 7 5 8 5 12 6 8 6 9 6 13 7 9 7 10 7 14 8 10 8 11 8 15 9 11 9 16 10 17 11 18 12 14 12 15 12 21 12 22 13 15 13 16 13 22 13 23 14 16 14 17 14 23 15 17 15 18 16 18 16 19 17 19 17 20 18 20 18 21 19 21 19 22 20 22 20 23 21 23
D12_4313 24 48 0 2 0 6 0 10 0 19 1 3 1 7 1 11 1 20 2 4 2 8 2 21 3 5 3 9 3 22 4 6 4 10 4 23 5 7 5 11 5 12 6 8 6 13 7 9 7 14 8 10 8 15 9 11 9 16 10 17 11 18 12 14 12 18 12 22 13 15 13 19 13 23 14 16 14 20 15 17 15 21 16 18 16 22 17 19 17 23 18 20 19 21 20 22 21 23
D12_4316 24 60 0 3 0 5 0 7 0 9 0 19 1 4 1 6 1 8 1 10 1 20 2 5 2 7 2 9 2 11 2 21 3 6 3 8 3 10 3 22 4 7 4 9 4 11 4 23 5 8 5 10 5 12 6 9 6 11 6 13 7 10 7 14 8 11 8 15 9 16 10 17 11 18 12 15 12 17 12 19 12 21 13 16 13 18 13 20 13 22 14 17 14 19 14 21 14 23 15 18 15 20 15 22 16 19 16 21 16 23 17 20 17 22 18 21 18 23 19 22 20 23
D12_4321 24 48 0 5 0 6 0 7 0 19 1 6 1 7 1 8 1 20 2 7 2 8 2 9 2 21 3 8 3 9 3 10 3 22 4 9 4 10 4 11 4 23 5 10 5 11 5 12 6 11 6 13 7 14 8 15 9 16 10 17 11 18 12 17 12 18 12 19 13 18 13 19 13 20 14 19 14 20 14 21 15 20 15 21 15 22 16 21 16 22 16 23 17 22 17 23 18 23
D12_4332 24 36 0 20 0 21 0 22 1 21 1 22 1 23 2 12 2 22 2 23 3 12 3 13 3 23 4 12 4 13 4 14 5 13 5 14 5 15 6 14 6 15 6 16 7 15 7 16 7 17 8 16 8 17 8 18 9 17 9 18 9 19 10 18 10 19 10 20 11 19 11 20 11 21
D12_4333 24 36 0 20 0 21 0 23 1 12 1 21 1 22 2 13 2 22 2 23 3 12 3 14 3 23 4 12 4 13 4 15 5 13 5 14 5 16 6 14 6 15 6 17 7 15 7 16 7 18 8 16 8 17 8 19 9 17 9 18 9 20 10 18 10 19 10 21 11 19 11 20 11 22
D12_4334 24 48 0 2 0 10 0 20 0 21 1 3 1 11 1 21 1 22 2 4 2 22 2 23 3 5 3 12 3 23 4 6 4 12 4 13 5 7 5 13 5 14 6 8 6 14 6 15 7 9 7 15 7 16 8 10 8 16 8 17 9 11 9 17 9 18 10 18 10 19 11 19 11 20 12 14 12 22 13 15 13 23 14 16 15 17 16 18 17 19 18 20 19 21 20 22 21 23
D12_4335 24 48 0 3 0 9 0 20 0 21 1 4 1 10 1 21 1 22 2 5 2 11 2 22 2 23 3 6 3 12 3 23 4 7 4 12 4 13 5 8 5 13 5 14 6 9 6 14 6 15 7 10 7 15 7 16 8 11 8 16 8 17 9 17 9 18 10 18 10 19 11 19 11 20 12 15 12 21 13 16 13 22 14 17 14 23 15 18 16 19 17 20 18 21 19 22 20 23
D12_4336 24 48 0 5 0 7 0 20 0 21 1 6 1 8 1 21 1 22 2 7 2 9 2 22 2 23 3 8 3 10 3 12 3 23 4 9 4 11 4 12 4 13 5 10 5 13 5 14 6 11 6 14 6 15 7 15 7 16 8 16 8 17 9 17 9 18 10 18 10 19 11 19 11 20 12 17 12 19 13 18 13 20 14 19 14 21 15 20 15 22 16 21 16 23 17 22 18 23
D12_4337 24 36 0 6 0 20 0 21 1 7 1 21 1 22 2 8 2 22 2 23 3 9 3 12 3 23 4 10 4 12 4 13 5 11 5 13 5 14 6 14 6 15 7 15 7 16 8 16 8 17 9 17 9 18 10 18 10 19 11 19 11 20 12 18 13 19 14 20 15 21 16 22 17 23
D12_4341 24 36 0 20 0 22 0 23 1 12 1 21 1 23 2 12 2 13 2 22 3 13 3 14 3 23 4 12 4 14 4 15 5 13 5 15 5 16 6 14 6 16 6 17 7 15 7 17 7 18 8 16 8 18 8 19 9 17 9 19 9 20 10 18 10 20 10 21 11 19 11 21 11 22
D12_4342 24 48 0 1 0 11 0 20 0 22 1 2 1 21 1 23 2 3 2 12 2 22 3 4 3 13 3 23 4 5 4 12 4 14 5 6 5 13 5 15 6 7 6 14 6 16 7 8 7 15 7 17 8 9 8 16 8 18 9 10 9 17 9 19 10 11 10 18 10 20 11 19 11 21 12 13 12 23 13 14 14 15 15 16 16 17 17 18 18 19 19 20 20 21 21 22 22 23
D12_4343 24 48 0 3 0 9 0 20 0 22 1 4 1 10 1 21 1 23 2 5 2 11 2 12 2 22 3 6 3 13 3 23 4 7 4 12 4 14 5 8 5 13 5 15 6 9 6 14 6 16 7 10 7 15 7 17 8 11 8 16 8 18 9 17 9 19 10 18 10 20 11 19 11 21 12 15 12 21 13 16 13 22 14 17 14 23 15 18 16 19 17 20 18 21 19 22 20 23
D12_4344 24 48 0 5 0 7 0 20 0 22 1 6 1 8 1 21 1 23 2 7 2 9 2 12 2 22 3 8 3 10 3 13 3 23 4 9 4 11 4 12 4 14 5 10 5 13 5 15 6 11 6 14 6 16 7 15 7 17 8 16 8 18 9 17 9 19 10 18 10 20 11 19 11 21 12 17 12 19 13 18 13 20 14 19 14 21 15 20 15 22 16 21 16 23 17 22 18 23
D12_4345 24 36 0 6 0 20 0 22 1 7 1 21 1 23 2 8 2 12 2 22 3 9 3 13 3 23 4 10 4 12 4 14 5 11 5 13 5 15 6 14 6 16 7 15 7 17 8 16 8 18 9 17 9 19 10 18 10 20 11 19 11 21 12 18 13 19 14 20 15 21 16 22 17 23
D12_4349 24 48 0 1 0 11 0 20 0 23 1 2 1 12 1 21 2 3 2 13 2 22 3 4 3 14 3 23 4 5 4 12 4 15 5 6 5 13 5 16 6 7 6 14 6 17 7 8 7 15 7 18 8 9 8 16 8 19 9 10 9 17 9 20 10 11 10 18 10 21 11 19 11 22 12 13 12 23 13 14 14 15 15 16 16 17 17 18 18 19 19 20 20 21 21 22 22 23
D12_4350 24 48 0 2 0 10 0 20 0 23 1 3 1 11 1 12 1 21 2 4 2 13 2 22 3 5 3 14 3 23 4 6 4 12 4 15 5 7 5 13 5 16 6 8 6 14 6 17 7 9 7 15 7 18 8 10 8 16 8 19 9 11 9 17 9 20 10 18 10 21 11 19 11 22 12 14 12 22 13 15 13 23 14 16 15 17 16 18 17 19 18 20 19 21 20 22 21 23
D12_4351 24 48 0 5 0 7 0 20 0 23 1 6 1 8 1 12 1 21 2 7 2 9 2 13 2 22 3 8 3 10 3 14 3 23 4 9 4 11 4 12 4 15 5 10 5 13 5 16 6 11 6 14 6 17 7 15 7 18 8 16 8 19 9 17 9 20 10 18 10 21 11 19 11 22 12 17 12 19 13 18 13 20 14 19 14 21 15 20 15 22 16 21 16 23 17 22 18 23
D12_4352 24 36 0 6 0 20 0 23 1 7 1 12 1 21 2 8 2 13 2 22 3 9 3 14 3 23 4 10 4 12 4 15 5 11 5 13 5 16 6 14 6 17 7 15 7 18 8 16 8 19 9 17 9 20 10 18 10 21 11 19 11 22 12 18 13 19 14 20 15 21 16 22 17 23
D12_4356 24 60 0 1 0 3 0 9 0 11 0 20 1 2 1 4 1 10 1 21 2 3 2 5 2 11 2 22 3 4 3 6 3 23 4 5 4 7 4 12 5 6 5 8 5 13 6 7 6 9 6 14 7 8 7 10 7 15 8 9 8 11 8 16 9 10 9 17 10 11 10 18 11 19 12 13 12 15 12 21 12 23 13 14 13 16 13 22 14 15 14 17 14 23 15 16 15 18 16 17 16 19 17 18 17 20 18 19 18 21 19 20 19 22 20 21 20 23 21 22 22 23
D12_4357 24 60 0 1 0 5 0 7 0 11 0 20 1 2 1 6 1 8 1 21 2 3 2 7 2 9 2 22 3 4 3 8 3 10 3 23 4 5 4 9 4 11 4 12 5 6 5 10 5 13 6 7 6 11 6 14 7 8 7 15 8 9 8 16 9 10 9 17 10 11 10 18 11 19 12 13 12 17 12 19 12 23 13 14 13 18 13 20 14 15 14 19 14 21 15 16 15 20 15 22 16 17 16 21 16 23 17 18 17 22 18 19 18 23 19 20 20 21 21 22 22 23
D12_4358 24 48 0 1 0 6 0 11 0 20 1 2 1 7 1 21 2 3 2 8 2 22 3 4 3 9 3 23 4 5 4 10 4 12 5 6 5 11 5 13 6 7 6 14 7 8 7 15 8 9 8 16 9 10 9 17 10 11 10 18 11 19 12 13 12 18 12 23 13 14 13 19 14 15 14 20 15 16 15 21 16 17 16 22 17 18 17 23 18 19 19 20 20 21 21 22 22 23
D12_4362 24 60 0 2 0 3 0 9 0 10 0 20 1 3 1 4 1 10 1 11 1 21 2 4 2 5 2 11 2 22 3 5 3 6 3 23 4 6 4 7 4 12 5 7 5 8 5 13 6 8 6 9 6 14 7 9 7 10 7 15 8 10 8 11 8 16 9 11 9 17 10 18 11 19 12 14 12 15 12 21 12 22 13 15 13 16 13 22 13 23 14 16 14 17 14 23 15 17 15 18 16 18 16 19 17 19 17 20 18 20 18 21 19 21 19 22 20 22 20 23 21 23
D12_4363 24 48 0 2 0 6 0 10 0 20 1 3 1 7 1 11 1 21 2 4 2 8 2 22 3 5 3 9 3 23 4 6 4 10 4 12 5 7 5 11 5 13 6 8 6 14 7 9 7 15 8 10 8 16 9 11 9 17 10 18 11 19 12 14 12 18 12 22 13 15 13 19 13 23 14 16 14 20 15 17 15 21 16 18 16 22 17 19 17 23 18 20 19 21 20 22 21 23
D12_4366 24 60 0 3 0 5 0 7 0 9 0 20 1 4 1 6 1 8 1 10 1 21 2 5 2 7 2 9 2 11 2 22 3 6 3 8 3 10 3 23 4 7 4 9 4 11 4 12 5 8 5 10 5 13 6 9 6 11 6 14 7 10 7 15 8 11 8 16 9 17 10 18 11 19 12 15 12 17 12 19 12 21 13 16 13 18 13 20 13 22 14 17 14 19 14 21 14 23 15 18 15 20 15 22 16 19 16 21 16 23 17 20 17 22 18 21 18 23 19 22 20 23
D12_4371 24 48 0 5 0 6 0 7 0 20 1 6 1 7 1 8 1 21 2 7 2 8 2 9 2 22 3 8 3 9 3 10 3 23 4 9 4 10 4 11 4 12 5 10 5 11 5 13 6 11 6 14 7 15 8 16 9 17 10 18 11 19 12 17 12 18 12 19 13 18 13 19 13 20 14 19 14 20 14 21 15 20 15 21 15 22 16 21 16 22 16 23 17 22 17 23 18 23
D12_4382 24 36 0 21 0 22 0 23 1 12 1 22 1 23 2 12 2 13 2 23 3 12 3 13 3 14 4 13 4 14 4 15 5 14 5 15 5 16 6 15 6 16 6 17 7 16 7 17 7 18 8 17 8 18 8 19 9 18 9 19 9 20 10 19 10 20 10 21 11 20 11 21 11 22
D12_4383 24 48 0 2 0 10 0 21 0 22 1 3 1 11 1 22 1 23 2 4 2 12 2 23 3 5 3 12 3 13 4 6 4 13 4 14 5 7 5 14 5 15 6 8 6 15 6 16 7 9 7 16 7 17 8 10 8 17 8 18 9 11 9 18 9 19 10 19 10 20 11 20 11 21 12 14 12 22 13 15 13 23 14 16 15 17 16 18 17 19 18 20 19 21 20 22 21 23
D12_4384 24 48 0 3 0 9 0 21 0 22 1 4 1 10 1 22 1 23 2 5 2 11 2 12 2 23 3 6 3 12 3 13 4 7 4 13 4 14 5 8 5 14 5 15 6 9 6 15 6 16 7 10 7 16 7 17 8 11 8 17 8 18 9 18 9 19 10 19 10 20 11 20 11 21 12 15 12 21 13 16 13 22 14 17 14 23 15 18 16 19 17 20 18 21 19 22 20 23
D12_4385 24 48 0 5 0 7 0 21 0 22 1 6 1 8 1 22 1 23 2 7 2 9 2 12 2 23 3 8 3 10 3 12 3 13 4 9 4 11 4 13 4 14 5 10 5 14 5 15 6 11 6 15 6 16 7 16 7 17 8 17 8 18 9 18 9 19 10 19 10 20 11 20 11 21 12 17 12 19 13 18 13 20 14 19 14 21 15 20 15 22 16 21 16 23 17 22 18 23
D12_4386 24 36 0 6 0 21 0 22 1 7 1 22 1 23 2 8 2 12 2 23 3 9 3 12 3 13 4 10 4 13 4 14 5 11 5 14 5 15 6 15 6 16 7 16 7 17 8 17 8 18 9 18 9 19 10 19 10 20 11 20 11 21 12 18 13 19 14 20 15 21 16 22 17 23
D12_4390 24 48 0 1 0 11 0 21 0 23 1 2 1 12 1 22 2 3 2 13 2 23 3 4 3 12 3 14 4 5 4 13 4 15 5 6 5 14 5 16 6 7 6 15 6 17 7 8 7 16 7 18 8 9 8 17 8 19 9 10 9 18 9 20 10 11 10 19 10 21 11 20 11 22 12 13 12 23 13 14 14 15 15 16 16 17 17 18 18 19 19 20 20 21 21 22 22 23
D12_4391 24 48 0 3 0 9 0 21 0 23 1 4 1 10 1 12 1 22 2 5 2 11 2 13 2 23 3 6 3 12 3 14 4 7 4 13 4 15 5 8 5 14 5 16 6 9 6 15 6 17 7 10 7 16 7 18 8 11 8 17 8 19 9 18 9 20 10 19 10 21 11 20 11 22 12 15 12 21 13 16 13 22 14 17 14 23 15 18 16 19 17 20 18 21 19 22 20 23
D12_4392 24 48 0 5 0 7 0 21 0 23 1 6 1 8 1 12 1 22 2 7 2 9 2 13 2 23 3 8 3 10 3 12 3 14 4 9 4 11 4 13 4 15 5 10 5 14 5 16 6 11 6 15 6 17 7 16 7 18 8 17 8 19 9 18 9 20 10 19 10 21 11 20 11 22 12 17 12 19 13 18 13 20 14 19 14 21 15 20 15 22 16 21 16 23 17 22 18 23
D12_4393 24 36 0 6 0 21 0 23 1 7 1 12 1 22 2 8 2 13 2 23 3 9 3 12 3 14 4 10 4 13 4 15 5 11 5 14 5 16 6 15 6 17 7 16 7 18 8 17 8 19 9 18 9 20 10 19 10 21 11 20 11 22 12 18 13 19 14 20 15 21 16 22 17 23
D12_4397 24 60 0 1 0 3 0 9 0 11 0 21 1 2 1 4 1 10 1 22 2 3 2 5 2 11 2 23 3 4 3 6 3 12 4 5 4 7 4 13 5 6 5 8 5 14 6 7 6 9 6 15 7 8 7 10 7 16 8 9 8 11 8 17 9 10 9 18 10 11 10 19 11 20 12 13 12 15 12 21 12 23 13 14 13 16 13 22 14 15 14 17 14 23 15 16 15 18 16 17 16 19 17 18 17 20 18 19 18 21 19 20 19 22 20 21 20 23 21 22 22 23
D12_4398 24 60 0 1 0 5 0 7 0 11 0 21 1 2 1 6 1 8 1 22 2 3 2 7 2 9 2 23 3 4 3 8 3 10 3 12 4 5 4 9 4 11 4 13 5 6 5 10 5 14 6 7 6 11 6 15 7 8 7 16 8 9 8 17 9 10 9 18 10 11 10 19 11 20 12 13 12 17 12 19 12 23 13 14 13 18 13 20 14 15 14 19 14 21 15 16 15 20 15 22 16 17 16 21 16 23 17 18 17 22 18 19 18 23 19 20 20 21 21 22 22 23
D12_4399 24 48 0 1 0 6 0 11 0 21 1 2 1 7 1 22 2 3 2 8 2 23 3 4 3 9 3 12 4 5 4 10 4 13 5 6 5 11 5 14 6 7 6 15 7 8 7 16 8 9 8 17 9 10 9 18 10 11 10 19 11 20 12 13 12 18 12 23 13 14 13 19 14 15 14 20 15 16 15 21 16 17 16 22 17 18 17 23 18 19 19 20 20 21 21 22 22 23
D12_4403 24 60 0 2 0 3 0 9 0 10 0 21 1 3 1 4 1 10 1 11 1 22 2 4 2 5 2 11 2 23 3 5 3 6 3 12 4 6 4 7 4 13 5 7 5 8 5 14 6 8 6 9 6 15 7 9 7 10 7 16 8 10 8 11 8 17 9 11 9 18 10 19 11 20 12 14 12 15 12 21 12 22 13 15 13 16 13 22 13 23 14 16 14 17 14 23 15 17 15 18 16 18 16 19 17 19 17 20 18 20 18 21 19 21 19 22 20 22 20 23 21 23
D12_4404 24 48 0 2 0 6 0 10 0 21 1 3 1 7 1 11 1 22 2 4 2 8 2 23 3 5 3 9 3 12 4 6 4 10 4 13 5 7 5 11 5 14 6 8 6 15 7 9 7 16 8 10 8 17 9 11 9 18 10 19 11 20 12 14 12 18 12 22 13 15 13 19 13 23 14 16 14 20 15 17 15 21 16 18 16 22 17 19 17 23 18 20 19 21 20 22 21 23
D12_4407 24 60 0 3 0 5 0 7 0 9 0 21 1 4 1 6 1 8 1 10 1 22 2 5 2 7 2 9 2 11 2 23 3 6 3 8 3 10 3 12 4 7 4 9 4 11 4 13 5 8 5 10 5 14 6 9 6 11 6 15 7 10 7 16 8 11 8 17 9 18 10 19 11 20 12 15 12 17 12 19 12 21 13 16 13 18 13 20 13 22 14 17 14 19 14 21 14 23 15 18 15 20 15 22 16 19 16 21 16 23 17 20 17 22 18 21 18 23 19 22 20 23
D12_4412 24 48 0 5 0 6 0 7 0 21 1 6 1 7 1 8 1 22 2 7 2 8 2 9 2 23 3 8 3 9 3 10 3 12 4 9 4 10 4 11 4 13 5 10 5 11 5 14 6 11 6 15 7 16 8 17 9 18 10 19 11 20 12 17 12 18 12 19 13 18 13 19 13 20 14 19 14 20 14 21 15 20 15 21 15 22 16 21 16 22 16 23 17 22 17 23 18 23
D12_4423 24 48 0 2 0 10 0 22 0 23 1 3 1 11 1 12 1 23 2 4 2 12 2 13 3 5 3 13 3 14 4 6 4 14 4 15 5 7 5 15 5 16 6 8 6 16 6 17 7 9 7 17 7 18 8 10 8 18 8 19 9 11 9 19 9 20 10 20 10 21 11 21 11 22 12 14 12 22 13 15 13 23 14 16 15 17 16 18 17 19 18 20 19 21 20 22 21 23
D12_4424 24 48 0 3 0 9 0 22 0 23 1 4 1 10 1 12 1 23 2 5 2 11 2 12 2 13 3 6 3 13 3 14 4 7 4 14 4 15 5 8 5 15 5 16 6 9 6 16 6 17 7 10 7 17 7 18 8 11 8 18 8 19 9 19 9 20 10 20 10 21 11 21 11 22 12 15 12 21 13 16 13 22 14 17 14 23 15 18 16 19 17 20 18 21 19 22 20 23
D12_4425 24 48 0 5 0 7 0 22 0 23 1 6 1 8 1 12 1 23 2 7 2 9 2 12 2 13 3 8 3 10 3 13 3 14 4 9 4 11 4 14 4 15 5 10 5 15 5 16 6 11 6 16 6 17 7 17 7 18 8 18 8 19 9 19 9 20 10 20 10 21 11 21 11 22 12 17 12 19 13 18 13 20 14 19 14 21 15 20 15 22 16 21 16 23 17 22 18 23
D12_4426 24 36 0 6 0 22 0 23 1 7 1 12 1 23 2 8 2 12 2 13 3 9 3 13 3 14 4 10 4 14 4 15 5 11 5 15 5 16 6 16 6 17 7 17 7 18 8 18 8 19 9 19 9 20 10 20 10 21 11 21 11 22 12 18 13 19 14 20 15 21 16 22 17 23
D12_4430 24 60 0 1 0 3 0 9 0 11 0 22 1 2 1 4 1 10 1 23 2 3 2 5 2 11 2 12 3 4 3 6 3 13 4 5 4 7 4 14 5 6 5 8 5 15 6 7 6 9 6 16 7 8 7 10 7 17 8 9 8 11 8 18 9 10 9 19 10 11 10 20 11 21 12 13 12 15 12 21 12 23 13 14 13 16 13 22 14 15 14 17 14 23 15 16 15 18 16 17 16 19 17 18 17 20 18 19 18 21 19 20 19 22 20 21 20 23 21 22 22 23
D12_4431 24 60 0 1 0 5 0 7 0 11 0 22 1 2 1 6 1 8 1 23 2 3 2 7 2 9 2 12 3 4 3 8 3 10 3 13 4 5 4 9 4 11 4 14 5 6 5 10 5 15 6 7 6 11 6 16 7 8 7 17 8 9 8 18 9 10 9 19 10 11 10 20 11 21 12 13 12 17 12 19 12 23 13 14 13 18 13 20 14 15 14 19 14 21 15 16 15 20 15 22 16 17 16 21 16 23 17 18 17 22 18 19 18 23 19 20 20 21 21 22 22 23
D12_4432 24 48 0 1 0 6 0 11 0 22 1 2 1 7 1 23 2 3 2 8 2 12 3 4 3 9 3 13 4 5 4 10 4 14 5 6 5 11 5 15 6 7 6 16 7 8 7 17 8 9 8 18 9 10 9 19 10 11 10 20 11 21 12 13 12 18 12 23 13 14 13 19 14 15 14 20 15 16 15 21 16 17 16 22 17 18 17 23 18 19 19 20 20 21 21 22 22 23
D12_4436 24 60 0 2 0 3 0 9 0 10 0 22 1 3 1 4 1 10 1 11 1 23 2 4 2 5 2 11 2 12 3 5 3 6 3 13 4 6 4 7 4 14 5 7 5 8 5 15 6 8 6 9 6 16 7 9 7 10 7 17 8 10 8 11 8 18 9 11 9 19 10 20 11 21 12 14 12 15 12 21 12 22 13 15 13 16 13 22 13 23 14 16 14 17 14 23 15 17 15 18 16 18 16 19 17 19 17 20 18 20 18 21 19 21 19 22 20 22 20 23 21 23
D12_4437 24 48 0 2 0 6 0 10 0 22 1 3 1 7 1 11 1 23 2 4 2 8 2 12 3 5 3 9 3 13 4 6 4 10 4 14 5 7 5 11 5 15 6 8 6 16 7 9 7 17 8 10 8 18 9 11 9 19 10 20 11 21 12 14 12 18 12 22 13 15 13 19 13 23 14 16 14 20 15 17 15 21 16 18 16 22 17 19 17 23 18 20 19 21 20 22 21 23
D12_4440 24 60 0 3 0 5 0 7 0 9 0 22 1 4 1 6 1 8 1 10 1 23 2 5 2 7 2 9 2 11 2 12 3 6 3 8 3 10 3 13 4 7 4 9 4 11 4 14 5 8 5 10 5 15 6 9 6 11 6 16 7 10 7 17 8 11 8 18 9 19 10 20 11 21 12 15 12 17 12 19 12 21 13 16 13 18 13 20 13 22 14 17 14 19 14 21 14 23 15 18 15 20 15 22 16 19 16 21 16 23 17 20 17 22 18 21 18 23 19 22 20 23
D12_4445 24 48 0 5 0 6 0 7 0 22 1 6 1 7 1 8 1 23 2 7 2 8 2 9 2 12 3 8 3 9 3 10 3 13 4 9 4 10 4 11 4 14 5 10 5 11 5 15 6 11 6 16 7 17 8 18 9 19 10 20 11 21 12 17 12 18 12 19 13 18 13 19 13 20 14 19 14 20 14 21 15 20 15 21 15 22 16 21 16 22 16 23 17 22 17 23 18 23
D12_4456 24 60 0 1 0 3 0 9 0 11 0 23 1 2 1 4 1 10 1 12 2 3 2 5 2 11 2 13 3 4 3 6 3 14 4 5 4 7 4 15 5 6 5 8 5 16 6 7 6 9 6 17 7 8 7 10 7 18 8 9 8 11 8 19 9 10 9 20 10 11 10 21 11 22 12 13 12 15 12 21 12 23 13 14 13 16 13 22 14 15 14 17 14 23 15 16 15 18 16 17 16 19 17 18 17 20 18 19 18 21 19 20 19 22 20 21 20 23 21 22 22 23
D12_4457 24 60 0 1 0 5 0 7 0 11 0 23 1 2 1 6 1 8 1 12 2 3 2 7 2 9 2 13 3 4 3 8 3 10 3 14 4 5 4 9 4 11 4 15 5 6 5 10 5 16 6 7 6 11 6 17 7 8 7 18 8 9 8 19 9 10 9 20 10 11 10 21 11 22 12 13 12 17 12 19 12 23 13 14 13 18 13 20 14 15 14 19 14 21 15 16 15 20 15 22 16 17 16 21 16 23 17 18 17 22 18 19 18 23 19 20 20 21 21 22 22 23
D12_4458 24 48 0 1 0 6 0 11 0 23 1 2 1 7 1 12 2 3 2 8 2 13 3 4 3 9 3 14 4 5 4 10 4 15 5 6 5 11 5 16 6 7 6 17 7 8 7 18 8 9 8 19 9 10 9 20 10 11 10 21 11 22 12 13 12 18 12 23 13 14 13 19 14 15 14 20 15 16 15 21 16 17 16 22 17 18 17 23 18 19 19 20 20 21 21 22 22 23
D12_4462 24 60 0 2 0 3 0 9 0 10 0 23 1 3 1 4 1 10 1 11 1 12 2 4 2 5 2 11 2 13 3 5 3 6 3 14 4 6 4 7 4 15 5 7 5 8 5 16 6 8 6 9 6 17 7 9 7 10 7 18 8 10 8 11 8 19 9 11 9 20 10 21 11 22 12 14 12 15 12 21 12 22 13 15 13 16 13 22 13 23 14 16 14 17 14 23 15 17 15 18 16 18 16 19 17 19 17 20 18 20 18 21 19 21 19 22 20 22 20 23 21 23
D12_4463 24 48 0 2 0 6 0 10 0 23 1 3 1 7 1 11 1 12 2 4 2 8 2 13 3 5 3 9 3 14 4 6 4 10 4 15 5 7 5 11 5 16 6 8 6 17 7 9 7 18 8 10 8 19 9 11 9 20 10 21 11 22 12 14 12 18 12 22 13 15 13 19 13 23 14 16 14 20 15 17 15 21 16 18 16 22 17 19 17 23 18 20 19 21 20 22 21 23
D12_4466 24 60 0 3 0 5 0 7 0 9 0 23 1 4 1 6 1 8 1 10 1 12 2 5 2 7 2 9 2 11 2 13 3 6 3 8 3 10 3 14 4 7 4 9 4 11 4 15 5 8 5 10 5 16 6 9 6 11 6 17 7 10 7 18 8 11 8 19 9 20 10 21 11 22 12 15 12 17 12 19 12 21 13 16 13 18 13 20 13 22 14 17 14 19 14 21 14 23 15 18 15 20 15 22 16 19 16 21 16 23 17 20 17 22 18 21 18 23 19 22 20 23
D12_4471 24 48 0 5 0 6 0 7 0 23 1 6 1 7 1 8 1 12 2 7 2 8 2 9 2 13 3 8 3 9 3 10 3 14 4 9 4 10 4 11 4 15 5 10 5 11 5 16 6 11 6 17 7 18 8 19 9 20 10 21 11 22 12 17 12 18 12 19 13 18 13 19 13 20 14 19 14 20 14 21 15 20 15 21 15 22 16 21 16 22 16 23 17 22 17 23 18 23
D12_4482 24 72 0 1 0 3 0 5 0 7 0 9 0 11 1 2 1 4 1 6 1 8 1 10 2 3 2 5 2 7 2 9 2 11 3 4 3 6 3 8 3 10 4 5 4 7 4 9 4 11 5 6 5 8 5 10 6 7 6 9 6 11 7 8 7 10 8 9 8 11 9 10 10 11 12 13 12 15 12 17 12 19 12 21 12 23 13 14 13 16 13 18 13 20 13 22 14 15 14 17 14 19 14 21 14 23 15 16 15 18 15 20 15 22 16 17 16 19 16 21 16 23 17 18 17 20 17 22 18 19 18 21 18 23 19 20 19 22 20 21 20 23 21 22 22 23
