# graph n m q M 25M q^2 ratio verdict elapsed_ms
Gamma_1 2 1 1 0 0 1 0 OK 34
Gamma_1 2 1 2 0 0 4 0 OK 31
Gamma_1 2 1 3 0 0 9 0 OK 17
Gamma_1 2 1 4 0 0 16 0 OK 16
Gamma_1 2 1 5 0 0 25 0 OK 17
Gamma_1 2 1 6 0 0 36 0 OK 16
Gamma_1 2 1 7 0 0 49 0 OK 18
Gamma_1 2 1 8 0 0 64 0 OK 16
Gamma_1 2 1 9 0 0 81 0 OK 16
Gamma_1 2 1 10 0 0 100 0 OK 15
Gamma_1 2 1 11 0 0 121 0 OK 17
Gamma_1 2 1 12 0 0 144 0 OK 15
Gamma_1 2 1 13 0 0 169 0 OK 16
Gamma_1 2 1 14 0 0 196 0 OK 15
Gamma_1 2 1 15 0 0 225 0 OK 16
Gamma_1 2 1 16 0 0 256 0 OK 15
Gamma_1 2 1 17 0 0 289 0 OK 31
Gamma_1 2 1 18 0 0 324 0 OK 18
Gamma_1 2 1 19 0 0 361 0 OK 15
Gamma_1 2 1 20 0 0 400 0 OK 17
Gamma_1 2 1 21 0 0 441 0 OK 16
Gamma_1 2 1 22 0 0 484 0 OK 17
Gamma_1 2 1 23 0 0 529 0 OK 17
Gamma_1 2 1 24 0 0 576 0 OK 31
Gamma_1 2 1 25 0 0 625 0 OK 16
Gamma_1 2 1 26 0 0 676 0 OK 17
Gamma_1 2 1 27 0 0 729 0 OK 15
Gamma_1 2 1 28 0 0 784 0 OK 17
Gamma_1 2 1 29 0 0 841 0 OK 15
Gamma_1 2 1 30 0 0 900 0 OK 16
Gamma_1 2 1 31 0 0 961 0 OK 14
Gamma_1 2 1 32 0 0 1024 0 OK 17
Gamma_1 2 1 33 0 0 1089 0 OK 15
Gamma_1 2 1 34 0 0 1156 0 OK 16
Gamma_1 2 1 35 0 0 1225 0 OK 16
Gamma_1 2 1 36 0 0 1296 0 OK 15
Gamma_1 2 1 37 0 0 1369 0 OK 15
Gamma_1 2 1 38 0 0 1444 0 OK 31
Gamma_1 2 1 39 0 0 1521 0 OK 15
Gamma_1 2 1 40 0 0 1600 0 OK 29
Gamma_1 2 1 41 0 0 1681 0 OK 16
Gamma_1 2 1 42 0 0 1764 0 OK 31
Gamma_1 2 1 43 0 0 1849 0 OK 16
Gamma_1 2 1 44 0 0 1936 0 OK 16
Gamma_1 2 1 45 0 0 2025 0 OK 16
Gamma_1 2 1 46 0 0 2116 0 OK 16
Gamma_1 2 1 47 0 0 2209 0 OK 29
Gamma_1 2 1 48 0 0 2304 0 OK 16
Gamma_1 2 1 49 0 0 2401 0 OK 30
Gamma_1 2 1 50 0 0 2500 0 OK 17
Gamma_1 2 1 51 0 0 2601 0 OK 15
Gamma_1 2 1 52 0 0 2704 0 OK 30
Gamma_1 2 1 53 0 0 2809 0 OK 19
Gamma_1 2 1 54 0 0 2916 0 OK 30
Gamma_1 2 1 55 0 0 3025 0 OK 32
Gamma_1 2 1 56 0 0 3136 0 OK 30
Gamma_1 2 1 57 0 0 3249 0 OK 16
Gamma_1 2 1 58 0 0 3364 0 OK 16
Gamma_1 2 1 59 0 0 3481 0 OK 16
Gamma_1 2 1 60 0 0 3600 0 OK 41
Gamma_1 2 1 61 0 0 3721 0 OK 18
Gamma_1 2 1 62 0 0 3844 0 OK 16
Gamma_1 2 1 63 0 0 3969 0 OK 17
Gamma_1 2 1 64 0 0 4096 0 OK 16
Gamma_1 2 1 65 0 0 4225 0 OK 16
Gamma_1 2 1 66 0 0 4356 0 OK 15
Gamma_1 2 1 67 0 0 4489 0 OK 16
Gamma_1 2 1 68 0 0 4624 0 OK 14
Gamma_1 2 1 69 0 0 4761 0 OK 31
Gamma_1 2 1 70 0 0 4900 0 OK 15
Gamma_1 2 1 71 0 0 5041 0 OK 15
Gamma_1 2 1 72 0 0 5184 0 OK 16
Gamma_1 2 1 73 0 0 5329 0 OK 16
Gamma_1 2 1 74 0 0 5476 0 OK 31
Gamma_1 2 1 75 0 0 5625 0 OK 16
Gamma_1 2 1 76 0 0 5776 0 OK 14
Gamma_1 2 1 77 0 0 5929 0 OK 31
Gamma_1 2 1 78 0 0 6084 0 OK 18
Gamma_1 2 1 79 0 0 6241 0 OK 32
Gamma_1 2 1 80 0 0 6400 0 OK 29
Gamma_1 2 1 81 0 0 6561 0 OK 17
Gamma_1 2 1 82 0 0 6724 0 OK 15
Gamma_1 2 1 83 0 0 6889 0 OK 30
Gamma_1 2 1 84 0 0 7056 0 OK 17
Gamma_1 2 1 85 0 0 7225 0 OK 16
Gamma_1 2 1 86 0 0 7396 0 OK 31
Gamma_1 2 1 87 0 0 7569 0 OK 16
Gamma_1 2 1 88 0 0 7744 0 OK 17
Gamma_1 2 1 89 0 0 7921 0 OK 16
Gamma_1 2 1 90 0 0 8100 0 OK 29
Gamma_1 2 1 91 0 0 8281 0 OK 15
Gamma_1 2 1 92 0 0 8464 0 OK 16
Gamma_1 2 1 93 0 0 8649 0 OK 15
Gamma_1 2 1 94 0 0 8836 0 OK 15
Gamma_1 2 1 95 0 0 9025 0 OK 16
Gamma_1 2 1 96 0 0 9216 0 OK 16
Gamma_1 2 1 97 0 0 9409 0 OK 14
Gamma_1 2 1 98 0 0 9604 0 OK 16
Gamma_1 2 1 99 0 0 9801 0 OK 41
Gamma_1 2 1 100 0 0 10000 0 OK 15
Gamma_1 2 1 101 0 0 10201 0 OK 14
Gamma_1 2 1 102 0 0 10404 0 OK 40
Gamma_1 2 1 103 0 0 10609 0 OK 18
Gamma_1 2 1 104 0 0 10816 0 OK 15
Gamma_1 2 1 105 0 0 11025 0 OK 31
Gamma_1 2 1 106 0 0 11236 0 OK 16
Gamma_1 2 1 107 0 0 11449 0 OK 32
Gamma_1 2 1 108 0 0 11664 0 OK 14
Gamma_1 2 1 109 0 0 11881 0 OK 16
Gamma_1 2 1 110 0 0 12100 0 OK 17
Gamma_1 2 1 111 0 0 12321 0 OK 16
Gamma_1 2 1 112 0 0 12544 0 OK 15
Gamma_1 2 1 113 0 0 12769 0 OK 30
Gamma_1 2 1 114 0 0 12996 0 OK 16
Gamma_1 2 1 115 0 0 13225 0 OK 17
Gamma_1 2 1 116 0 0 13456 0 OK 14
Gamma_1 2 1 117 0 0 13689 0 OK 31
Gamma_1 2 1 118 0 0 13924 0 OK 18
Gamma_1 2 1 119 0 0 14161 0 OK 16
Gamma_1 2 1 120 0 0 14400 0 OK 16
Gamma_1 2 1 121 0 0 14641 0 OK 30
Gamma_1 2 1 122 0 0 14884 0 OK 18
Gamma_1 2 1 123 0 0 15129 0 OK 30
Gamma_1 2 1 124 0 0 15376 0 OK 16
Gamma_1 2 1 125 0 0 15625 0 OK 16
Gamma_1 2 1 126 0 0 15876 0 OK 31
Gamma_1 2 1 127 0 0 16129 0 OK 31
Gamma_1 2 1 128 0 0 16384 0 OK 29
Gamma_1 2 1 129 0 0 16641 0 OK 29
Gamma_1 2 1 130 0 0 16900 0 OK 31
Gamma_1 2 1 131 0 0 17161 0 OK 16
Gamma_1 2 1 132 0 0 17424 0 OK 14
Gamma_1 2 1 133 0 0 17689 0 OK 30
Gamma_1 2 1 134 0 0 17956 0 OK 16
Gamma_1 2 1 135 0 0 18225 0 OK 17
Gamma_1 2 1 136 0 0 18496 0 OK 40
Gamma_1 2 1 137 0 0 18769 0 OK 16
Gamma_1 2 1 138 0 0 19044 0 OK 16
Gamma_1 2 1 139 0 0 19321 0 OK 30
Gamma_1 2 1 140 0 0 19600 0 OK 31
Gamma_1 2 1 141 0 0 19881 0 OK 15
Gamma_1 2 1 142 0 0 20164 0 OK 30
Gamma_1 2 1 143 0 0 20449 0 OK 32
Gamma_1 2 1 144 0 0 20736 0 OK 40
Gamma_1 2 1 145 0 0 21025 0 OK 30
Gamma_1 2 1 146 0 0 21316 0 OK 42
Gamma_1 2 1 147 0 0 21609 0 OK 32
Gamma_1 2 1 148 0 0 21904 0 OK 17
Gamma_1 2 1 149 0 0 22201 0 OK 15
Gamma_1 2 1 150 0 0 22500 0 OK 33
Gamma_1 2 1 151 0 0 22801 0 OK 32
Gamma_1 2 1 152 0 0 23104 0 OK 18
Gamma_1 2 1 153 0 0 23409 0 OK 31
Gamma_1 2 1 154 0 0 23716 0 OK 19
Gamma_1 2 1 155 0 0 24025 0 OK 16
Gamma_1 2 1 156 0 0 24336 0 OK 17
Gamma_1 2 1 157 0 0 24649 0 OK 14
Gamma_1 2 1 158 0 0 24964 0 OK 16
Gamma_1 2 1 159 0 0 25281 0 OK 15
Gamma_1 2 1 160 0 0 25600 0 OK 31
Gamma_1 2 1 161 0 0 25921 0 OK 43
Gamma_1 2 1 162 0 0 26244 0 OK 16
Gamma_1 2 1 163 0 0 26569 0 OK 16
Gamma_1 2 1 164 0 0 26896 0 OK 16
Gamma_1 2 1 165 0 0 27225 0 OK 16
Gamma_1 2 1 166 0 0 27556 0 OK 31
Gamma_1 2 1 167 0 0 27889 0 OK 43
Gamma_1 2 1 168 0 0 28224 0 OK 16
Gamma_1 2 1 169 0 0 28561 0 OK 32
Gamma_1 2 1 170 0 0 28900 0 OK 32
Gamma_1 2 1 171 0 0 29241 0 OK 42
Gamma_1 2 1 172 0 0 29584 0 OK 17
Gamma_1 2 1 173 0 0 29929 0 OK 30
Gamma_1 2 1 174 0 0 30276 0 OK 16
Gamma_1 2 1 175 0 0 30625 0 OK 17
Gamma_1 2 1 176 0 0 30976 0 OK 16
Gamma_1 2 1 177 0 0 31329 0 OK 17
Gamma_1 2 1 178 0 0 31684 0 OK 41
Gamma_1 2 1 179 0 0 32041 0 OK 19
Gamma_1 2 1 180 0 0 32400 0 OK 33
Gamma_1 2 1 181 0 0 32761 0 OK 17
Gamma_1 2 1 182 0 0 33124 0 OK 39
Gamma_1 2 1 183 0 0 33489 0 OK 30
Gamma_1 2 1 184 0 0 33856 0 OK 18
Gamma_1 2 1 185 0 0 34225 0 OK 40
Gamma_1 2 1 186 0 0 34596 0 OK 40
Gamma_1 2 1 187 0 0 34969 0 OK 16
Gamma_1 2 1 188 0 0 35344 0 OK 16
Gamma_1 2 1 189 0 0 35721 0 OK 15
Gamma_1 2 1 190 0 0 36100 0 OK 15
Gamma_1 2 1 191 0 0 36481 0 OK 17
Gamma_1 2 1 192 0 0 36864 0 OK 16
Gamma_1 2 1 193 0 0 37249 0 OK 32
Gamma_1 2 1 194 0 0 37636 0 OK 16
Gamma_1 2 1 195 0 0 38025 0 OK 16
Gamma_1 2 1 196 0 0 38416 0 OK 15
Gamma_1 2 1 197 0 0 38809 0 OK 41
Gamma_1 2 1 198 0 0 39204 0 OK 43
Gamma_1 2 1 199 0 0 39601 0 OK 17
Gamma_1 2 1 200 0 0 40000 0 OK 15
Gamma_1 2 1 201 0 0 40401 0 OK 15
Gamma_1 2 1 202 0 0 40804 0 OK 31
Gamma_1 2 1 203 0 0 41209 0 OK 31
Gamma_1 2 1 204 0 0 41616 0 OK 29
Gamma_1 2 1 205 0 0 42025 0 OK 17
Gamma_1 2 1 206 0 0 42436 0 OK 29
Gamma_1 2 1 207 0 0 42849 0 OK 16
Gamma_1 2 1 208 0 0 43264 0 OK 16
Gamma_1 2 1 209 0 0 43681 0 OK 17
Gamma_1 2 1 210 0 0 44100 0 OK 31
Gamma_1 2 1 211 0 0 44521 0 OK 30
Gamma_1 2 1 212 0 0 44944 0 OK 15
Gamma_1 2 1 213 0 0 45369 0 OK 30
Gamma_1 2 1 214 0 0 45796 0 OK 17
Gamma_1 2 1 215 0 0 46225 0 OK 16
Gamma_1 2 1 216 0 0 46656 0 OK 30
Gamma_1 2 1 217 0 0 47089 0 OK 15
Gamma_1 2 1 218 0 0 47524 0 OK 16
Gamma_1 2 1 219 0 0 47961 0 OK 17
Gamma_1 2 1 220 0 0 48400 0 OK 28
Gamma_1 2 1 221 0 0 48841 0 OK 18
Gamma_1 2 1 222 0 0 49284 0 OK 17
Gamma_1 2 1 223 0 0 49729 0 OK 17
Gamma_1 2 1 224 0 0 50176 0 OK 29
Gamma_1 2 1 225 0 0 50625 0 OK 31
Gamma_1 2 1 226 0 0 51076 0 OK 29
Gamma_1 2 1 227 0 0 51529 0 OK 30
Gamma_1 2 1 228 0 0 51984 0 OK 31
Gamma_1 2 1 229 0 0 52441 0 OK 18
Gamma_1 2 1 230 0 0 52900 0 OK 16
Gamma_1 2 1 231 0 0 53361 0 OK 32
Gamma_1 2 1 232 0 0 53824 0 OK 16
Gamma_1 2 1 233 0 0 54289 0 OK 16
Gamma_1 2 1 234 0 0 54756 0 OK 18
Gamma_1 2 1 235 0 0 55225 0 OK 17
Gamma_1 2 1 236 0 0 55696 0 OK 28
Gamma_1 2 1 237 0 0 56169 0 OK 30
Gamma_1 2 1 238 0 0 56644 0 OK 15
Gamma_1 2 1 239 0 0 57121 0 OK 29
Gamma_1 2 1 240 0 0 57600 0 OK 17
Gamma_1 2 1 241 0 0 58081 0 OK 30
Gamma_1 2 1 242 0 0 58564 0 OK 17
Gamma_1 2 1 243 0 0 59049 0 OK 29
Gamma_1 2 1 244 0 0 59536 0 OK 31
Gamma_1 2 1 245 0 0 60025 0 OK 17
Gamma_1 2 1 246 0 0 60516 0 OK 16
Gamma_1 2 1 247 0 0 61009 0 OK 16
Gamma_1 2 1 248 0 0 61504 0 OK 15
Gamma_1 2 1 249 0 0 62001 0 OK 30
Gamma_1 2 1 250 0 0 62500 0 OK 15
Gamma_1 2 1 251 0 0 63001 0 OK 16
Gamma_1 2 1 252 0 0 63504 0 OK 17
Gamma_1 2 1 253 0 0 64009 0 OK 15
Gamma_1 2 1 254 0 0 64516 0 OK 30
Gamma_1 2 1 255 0 0 65025 0 OK 16
Gamma_1 2 1 256 0 0 65536 0 OK 14
Gamma_1 2 1 257 0 0 66049 0 OK 15
Gamma_1 2 1 258 0 0 66564 0 OK 16
Gamma_1 2 1 259 0 0 67081 0 OK 15
Gamma_1 2 1 260 0 0 67600 0 OK 15
Gamma_1 2 1 261 0 0 68121 0 OK 16
Gamma_1 2 1 262 0 0 68644 0 OK 14
Gamma_1 2 1 263 0 0 69169 0 OK 13
Gamma_1 2 1 264 0 0 69696 0 OK 14
Gamma_1 2 1 265 0 0 70225 0 OK 16
Gamma_1 2 1 266 0 0 70756 0 OK 29
Gamma_1 2 1 267 0 0 71289 0 OK 18
Gamma_1 2 1 268 0 0 71824 0 OK 31
Gamma_1 2 1 269 0 0 72361 0 OK 15
Gamma_1 2 1 270 0 0 72900 0 OK 31
Gamma_1 2 1 271 0 0 73441 0 OK 16
Gamma_1 2 1 272 0 0 73984 0 OK 30
Gamma_1 2 1 273 0 0 74529 0 OK 32
Gamma_1 2 1 274 0 0 75076 0 OK 31
Gamma_1 2 1 275 0 0 75625 0 OK 18
Gamma_1 2 1 276 0 0 76176 0 OK 14
Gamma_1 2 1 277 0 0 76729 0 OK 17
Gamma_1 2 1 278 0 0 77284 0 OK 28
Gamma_1 2 1 279 0 0 77841 0 OK 30
Gamma_1 2 1 280 0 0 78400 0 OK 30
Gamma_1 2 1 281 0 0 78961 0 OK 15
Gamma_1 2 1 282 0 0 79524 0 OK 16
Gamma_1 2 1 283 0 0 80089 0 OK 29
Gamma_1 2 1 284 0 0 80656 0 OK 30
Gamma_1 2 1 285 0 0 81225 0 OK 17
Gamma_1 2 1 286 0 0 81796 0 OK 18
Gamma_1 2 1 287 0 0 82369 0 OK 15
Gamma_1 2 1 288 0 0 82944 0 OK 31
Gamma_1 2 1 289 0 0 83521 0 OK 17
Gamma_1 2 1 290 0 0 84100 0 OK 30
Gamma_1 2 1 291 0 0 84681 0 OK 17
Gamma_1 2 1 292 0 0 85264 0 OK 32
Gamma_1 2 1 293 0 0 85849 0 OK 16
Gamma_1 2 1 294 0 0 86436 0 OK 15
Gamma_1 2 1 295 0 0 87025 0 OK 16
Gamma_1 2 1 296 0 0 87616 0 OK 16
Gamma_1 2 1 297 0 0 88209 0 OK 16
Gamma_1 2 1 298 0 0 88804 0 OK 15
Gamma_1 2 1 299 0 0 89401 0 OK 16
Gamma_1 2 1 300 0 0 90000 0 OK 30
Gamma_1 2 1 301 0 0 90601 0 OK 17
Gamma_1 2 1 302 0 0 91204 0 OK 16
Gamma_1 2 1 303 0 0 91809 0 OK 15
Gamma_1 2 1 304 0 0 92416 0 OK 29
Gamma_1 2 1 305 0 0 93025 0 OK 31
Gamma_1 2 1 306 0 0 93636 0 OK 16
Gamma_1 2 1 307 0 0 94249 0 OK 16
Gamma_1 2 1 308 0 0 94864 0 OK 16
Gamma_1 2 1 309 0 0 95481 0 OK 15
Gamma_1 2 1 310 0 0 96100 0 OK 17
Gamma_1 2 1 311 0 0 96721 0 OK 17
Gamma_1 2 1 312 0 0 97344 0 OK 16
Gamma_1 2 1 313 0 0 97969 0 OK 28
Gamma_1 2 1 314 0 0 98596 0 OK 16
Gamma_1 2 1 315 0 0 99225 0 OK 28
Gamma_1 2 1 316 0 0 99856 0 OK 16
Gamma_1 2 1 317 0 0 100489 0 OK 16
Gamma_1 2 1 318 0 0 101124 0 OK 18
Gamma_1 2 1 319 0 0 101761 0 OK 15
Gamma_1 2 1 320 0 0 102400 0 OK 15
Gamma_1 2 1 321 0 0 103041 0 OK 30
Gamma_1 2 1 322 0 0 103684 0 OK 29
Gamma_1 2 1 323 0 0 104329 0 OK 30
Gamma_1 2 1 324 0 0 104976 0 OK 30
Gamma_1 2 1 325 0 0 105625 0 OK 16
Gamma_1 2 1 326 0 0 106276 0 OK 30
Gamma_1 2 1 327 0 0 106929 0 OK 16
Gamma_1 2 1 328 0 0 107584 0 OK 16
Gamma_1 2 1 329 0 0 108241 0 OK 32
Gamma_1 2 1 330 0 0 108900 0 OK 16
Gamma_1 2 1 331 0 0 109561 0 OK 17
Gamma_1 2 1 332 0 0 110224 0 OK 17
Gamma_1 2 1 333 0 0 110889 0 OK 16
Gamma_1 2 1 334 0 0 111556 0 OK 32
Gamma_1 2 1 335 0 0 112225 0 OK 29
Gamma_1 2 1 336 0 0 112896 0 OK 32
Gamma_1 2 1 337 0 0 113569 0 OK 31
Gamma_1 2 1 338 0 0 114244 0 OK 32
Gamma_1 2 1 339 0 0 114921 0 OK 16
Gamma_1 2 1 340 0 0 115600 0 OK 31
Gamma_1 2 1 341 0 0 116281 0 OK 41
Gamma_1 2 1 342 0 0 116964 0 OK 17
Gamma_1 2 1 343 0 0 117649 0 OK 16
Gamma_1 2 1 344 0 0 118336 0 OK 16
Gamma_1 2 1 345 0 0 119025 0 OK 17
Gamma_1 2 1 346 0 0 119716 0 OK 15
Gamma_1 2 1 347 0 0 120409 0 OK 16
Gamma_1 2 1 348 0 0 121104 0 OK 16
Gamma_1 2 1 349 0 0 121801 0 OK 16
Gamma_1 2 1 350 0 0 122500 0 OK 15
Gamma_1 2 1 351 0 0 123201 0 OK 30
Gamma_1 2 1 352 0 0 123904 0 OK 28
Gamma_1 2 1 353 0 0 124609 0 OK 17
Gamma_1 2 1 354 0 0 125316 0 OK 16
Gamma_1 2 1 355 0 0 126025 0 OK 16
Gamma_1 2 1 356 0 0 126736 0 OK 18
Gamma_1 2 1 357 0 0 127449 0 OK 31
Gamma_1 2 1 358 0 0 128164 0 OK 15
Gamma_1 2 1 359 0 0 128881 0 OK 16
Gamma_1 2 1 360 0 0 129600 0 OK 16
Gamma_1 2 1 361 0 0 130321 0 OK 16
Gamma_1 2 1 362 0 0 131044 0 OK 16
Gamma_1 2 1 363 0 0 131769 0 OK 16
Gamma_1 2 1 364 0 0 132496 0 OK 15
Gamma_1 2 1 365 0 0 133225 0 OK 16
Gamma_1 2 1 366 0 0 133956 0 OK 16
Gamma_1 2 1 367 0 0 134689 0 OK 15
Gamma_1 2 1 368 0 0 135424 0 OK 27
Gamma_1 2 1 369 0 0 136161 0 OK 17
Gamma_1 2 1 370 0 0 136900 0 OK 31
Gamma_1 2 1 371 0 0 137641 0 OK 15
Gamma_1 2 1 372 0 0 138384 0 OK 14
Gamma_1 2 1 373 0 0 139129 0 OK 17
Gamma_1 2 1 374 0 0 139876 0 OK 16
Gamma_1 2 1 375 0 0 140625 0 OK 29
Gamma_1 2 1 376 0 0 141376 0 OK 16
Gamma_1 2 1 377 0 0 142129 0 OK 16
Gamma_1 2 1 378 0 0 142884 0 OK 16
Gamma_1 2 1 379 0 0 143641 0 OK 16
Gamma_1 2 1 380 0 0 144400 0 OK 29
Gamma_1 2 1 381 0 0 145161 0 OK 16
Gamma_1 2 1 382 0 0 145924 0 OK 32
Gamma_1 2 1 383 0 0 146689 0 OK 18
Gamma_1 2 1 384 0 0 147456 0 OK 15
Gamma_1 2 1 385 0 0 148225 0 OK 16
Gamma_1 2 1 386 0 0 148996 0 OK 31
Gamma_1 2 1 387 0 0 149769 0 OK 18
Gamma_1 2 1 388 0 0 150544 0 OK 29
Gamma_1 2 1 389 0 0 151321 0 OK 30
Gamma_1 2 1 390 0 0 152100 0 OK 17
Gamma_1 2 1 391 0 0 152881 0 OK 16
Gamma_1 2 1 392 0 0 153664 0 OK 17
Gamma_1 2 1 393 0 0 154449 0 OK 31
Gamma_1 2 1 394 0 0 155236 0 OK 30
Gamma_1 2 1 395 0 0 156025 0 OK 15
Gamma_1 2 1 396 0 0 156816 0 OK 28
Gamma_1 2 1 397 0 0 157609 0 OK 15
Gamma_1 2 1 398 0 0 158404 0 OK 28
Gamma_1 2 1 399 0 0 159201 0 OK 15
Gamma_1 2 1 400 0 0 160000 0 OK 16
Gamma_1 2 1 401 0 0 160801 0 OK 16
Gamma_1 2 1 402 0 0 161604 0 OK 15
Gamma_1 2 1 403 0 0 162409 0 OK 16
Gamma_1 2 1 404 0 0 163216 0 OK 28
Gamma_1 2 1 405 0 0 164025 0 OK 32
Gamma_1 2 1 406 0 0 164836 0 OK 16
Gamma_1 2 1 407 0 0 165649 0 OK 15
Gamma_1 2 1 408 0 0 166464 0 OK 15
Gamma_1 2 1 409 0 0 167281 0 OK 16
Gamma_1 2 1 410 0 0 168100 0 OK 15
Gamma_1 2 1 411 0 0 168921 0 OK 16
Gamma_1 2 1 412 0 0 169744 0 OK 16
Gamma_1 2 1 413 0 0 170569 0 OK 16
Gamma_1 2 1 414 0 0 171396 0 OK 30
Gamma_1 2 1 415 0 0 172225 0 OK 16
Gamma_1 2 1 416 0 0 173056 0 OK 15
Gamma_1 2 1 417 0 0 173889 0 OK 16
Gamma_1 2 1 418 0 0 174724 0 OK 15
Gamma_1 2 1 419 0 0 175561 0 OK 16
Gamma_1 2 1 420 0 0 176400 0 OK 15
Gamma_1 2 1 421 0 0 177241 0 OK 14
Gamma_1 2 1 422 0 0 178084 0 OK 16
Gamma_1 2 1 423 0 0 178929 0 OK 31
Gamma_1 2 1 424 0 0 179776 0 OK 17
Gamma_1 2 1 425 0 0 180625 0 OK 15
Gamma_1 2 1 426 0 0 181476 0 OK 16
Gamma_1 2 1 427 0 0 182329 0 OK 17
Gamma_1 2 1 428 0 0 183184 0 OK 29
Gamma_1 2 1 429 0 0 184041 0 OK 17
Gamma_1 2 1 430 0 0 184900 0 OK 29
Gamma_1 2 1 431 0 0 185761 0 OK 17
Gamma_1 2 1 432 0 0 186624 0 OK 16
Gamma_1 2 1 433 0 0 187489 0 OK 16
Gamma_1 2 1 434 0 0 188356 0 OK 16
Gamma_1 2 1 435 0 0 189225 0 OK 30
Gamma_1 2 1 436 0 0 190096 0 OK 30
Gamma_1 2 1 437 0 0 190969 0 OK 30
Gamma_1 2 1 438 0 0 191844 0 OK 15
Gamma_1 2 1 439 0 0 192721 0 OK 17
Gamma_1 2 1 440 0 0 193600 0 OK 15
Gamma_1 2 1 441 0 0 194481 0 OK 31
Gamma_1 2 1 442 0 0 195364 0 OK 41
Gamma_1 2 1 443 0 0 196249 0 OK 16
Gamma_1 2 1 444 0 0 197136 0 OK 42
Gamma_1 2 1 445 0 0 198025 0 OK 15
Gamma_1 2 1 446 0 0 198916 0 OK 17
Gamma_1 2 1 447 0 0 199809 0 OK 16
Gamma_1 2 1 448 0 0 200704 0 OK 15
Gamma_1 2 1 449 0 0 201601 0 OK 16
Gamma_1 2 1 450 0 0 202500 0 OK 29
Gamma_1 2 1 451 0 0 203401 0 OK 17
Gamma_1 2 1 452 0 0 204304 0 OK 30
Gamma_1 2 1 453 0 0 205209 0 OK 30
Gamma_1 2 1 454 0 0 206116 0 OK 16
Gamma_1 2 1 455 0 0 207025 0 OK 15
Gamma_1 2 1 456 0 0 207936 0 OK 15
Gamma_1 2 1 457 0 0 208849 0 OK 15
Gamma_1 2 1 458 0 0 209764 0 OK 16
Gamma_1 2 1 459 0 0 210681 0 OK 16
Gamma_1 2 1 460 0 0 211600 0 OK 15
Gamma_1 2 1 461 0 0 212521 0 OK 30
Gamma_1 2 1 462 0 0 213444 0 OK 32
Gamma_1 2 1 463 0 0 214369 0 OK 31
Gamma_1 2 1 464 0 0 215296 0 OK 14
Gamma_1 2 1 465 0 0 216225 0 OK 16
Gamma_1 2 1 466 0 0 217156 0 OK 16
Gamma_1 2 1 467 0 0 218089 0 OK 31
Gamma_1 2 1 468 0 0 219024 0 OK 17
Gamma_1 2 1 469 0 0 219961 0 OK 16
Gamma_1 2 1 470 0 0 220900 0 OK 16
Gamma_1 2 1 471 0 0 221841 0 OK 41
Gamma_1 2 1 472 0 0 222784 0 OK 30
Gamma_1 2 1 473 0 0 223729 0 OK 29
Gamma_1 2 1 474 0 0 224676 0 OK 29
Gamma_1 2 1 475 0 0 225625 0 OK 30
Gamma_1 2 1 476 0 0 226576 0 OK 42
Gamma_1 2 1 477 0 0 227529 0 OK 17
Gamma_1 2 1 478 0 0 228484 0 OK 15
Gamma_1 2 1 479 0 0 229441 0 OK 16
Gamma_1 2 1 480 0 0 230400 0 OK 31
Gamma_1 2 1 481 0 0 231361 0 OK 16
Gamma_1 2 1 482 0 0 232324 0 OK 41
Gamma_1 2 1 483 0 0 233289 0 OK 17
Gamma_1 2 1 484 0 0 234256 0 OK 20
Gamma_1 2 1 485 0 0 235225 0 OK 28
Gamma_1 2 1 486 0 0 236196 0 OK 28
Gamma_1 2 1 487 0 0 237169 0 OK 30
Gamma_1 2 1 488 0 0 238144 0 OK 31
Gamma_1 2 1 489 0 0 239121 0 OK 16
Gamma_1 2 1 490 0 0 240100 0 OK 41
Gamma_1 2 1 491 0 0 241081 0 OK 16
Gamma_1 2 1 492 0 0 242064 0 OK 31
Gamma_1 2 1 493 0 0 243049 0 OK 17
Gamma_1 2 1 494 0 0 244036 0 OK 16
Gamma_1 2 1 495 0 0 245025 0 OK 15
Gamma_1 2 1 496 0 0 246016 0 OK 13
Gamma_1 2 1 497 0 0 247009 0 OK 30
Gamma_1 2 1 498 0 0 248004 0 OK 30
Gamma_1 2 1 499 0 0 249001 0 OK 29
Gamma_1 2 1 500 0 0 250000 0 OK 14
Gamma_1 2 1 501 0 0 251001 0 OK 16
Gamma_1 2 1 502 0 0 252004 0 OK 29
Gamma_1 2 1 503 0 0 253009 0 OK 17
Gamma_1 2 1 504 0 0 254016 0 OK 15
Gamma_1 2 1 505 0 0 255025 0 OK 28
Gamma_1 2 1 506 0 0 256036 0 OK 18
Gamma_1 2 1 507 0 0 257049 0 OK 41
Gamma_1 2 1 508 0 0 258064 0 OK 15
Gamma_1 2 1 509 0 0 259081 0 OK 16
Gamma_1 2 1 510 0 0 260100 0 OK 16
Gamma_1 2 1 511 0 0 261121 0 OK 14
Gamma_1 2 1 512 0 0 262144 0 OK 17
Gamma_1 2 1 513 0 0 263169 0 OK 16
Gamma_1 2 1 514 0 0 264196 0 OK 30
Gamma_1 2 1 515 0 0 265225 0 OK 16
Gamma_1 2 1 516 0 0 266256 0 OK 16
Gamma_1 2 1 517 0 0 267289 0 OK 15
Gamma_1 2 1 518 0 0 268324 0 OK 42
Gamma_1 2 1 519 0 0 269361 0 OK 17
Gamma_1 2 1 520 0 0 270400 0 OK 33
Gamma_1 2 1 521 0 0 271441 0 OK 16
Gamma_1 2 1 522 0 0 272484 0 OK 31
Gamma_1 2 1 523 0 0 273529 0 OK 16
Gamma_1 2 1 524 0 0 274576 0 OK 30
Gamma_1 2 1 525 0 0 275625 0 OK 15
Gamma_1 2 1 526 0 0 276676 0 OK 29
Gamma_1 2 1 527 0 0 277729 0 OK 31
Gamma_1 2 1 528 0 0 278784 0 OK 30
Gamma_1 2 1 529 0 0 279841 0 OK 17
Gamma_1 2 1 530 0 0 280900 0 OK 16
Gamma_1 2 1 531 0 0 281961 0 OK 16
Gamma_1 2 1 532 0 0 283024 0 OK 16
Gamma_1 2 1 533 0 0 284089 0 OK 17
Gamma_1 2 1 534 0 0 285156 0 OK 15
Gamma_1 2 1 535 0 0 286225 0 OK 30
Gamma_1 2 1 536 0 0 287296 0 OK 32
Gamma_1 2 1 537 0 0 288369 0 OK 31
Gamma_1 2 1 538 0 0 289444 0 OK 31
Gamma_1 2 1 539 0 0 290521 0 OK 41
Gamma_1 2 1 540 0 0 291600 0 OK 29
Gamma_1 2 1 541 0 0 292681 0 OK 29
Gamma_1 2 1 542 0 0 293764 0 OK 17
Gamma_1 2 1 543 0 0 294849 0 OK 16
Gamma_1 2 1 544 0 0 295936 0 OK 40
Gamma_1 2 1 545 0 0 297025 0 OK 16
Gamma_1 2 1 546 0 0 298116 0 OK 16
Gamma_1 2 1 547 0 0 299209 0 OK 14
Gamma_1 2 1 548 0 0 300304 0 OK 15
Gamma_1 2 1 549 0 0 301401 0 OK 16
Gamma_1 2 1 550 0 0 302500 0 OK 16
Gamma_1 2 1 551 0 0 303601 0 OK 16
Gamma_1 2 1 552 0 0 304704 0 OK 16
Gamma_1 2 1 553 0 0 305809 0 OK 31
Gamma_1 2 1 554 0 0 306916 0 OK 16
Gamma_1 2 1 555 0 0 308025 0 OK 31
Gamma_1 2 1 556 0 0 309136 0 OK 15
Gamma_1 2 1 557 0 0 310249 0 OK 30
Gamma_1 2 1 558 0 0 311364 0 OK 30
Gamma_1 2 1 559 0 0 312481 0 OK 17
Gamma_1 2 1 560 0 0 313600 0 OK 15
Gamma_1 2 1 561 0 0 314721 0 OK 17
Gamma_1 2 1 562 0 0 315844 0 OK 30
Gamma_1 2 1 563 0 0 316969 0 OK 15
Gamma_1 2 1 564 0 0 318096 0 OK 30
Gamma_1 2 1 565 0 0 319225 0 OK 30
Gamma_1 2 1 566 0 0 320356 0 OK 30
Gamma_1 2 1 567 0 0 321489 0 OK 17
Gamma_1 2 1 568 0 0 322624 0 OK 16
Gamma_1 2 1 569 0 0 323761 0 OK 17
Gamma_1 2 1 570 0 0 324900 0 OK 16
Gamma_1 2 1 571 0 0 326041 0 OK 14
Gamma_1 2 1 572 0 0 327184 0 OK 17
Gamma_1 2 1 573 0 0 328329 0 OK 15
Gamma_1 2 1 574 0 0 329476 0 OK 36
Gamma_1 2 1 575 0 0 330625 0 OK 16
Gamma_1 2 1 576 0 0 331776 0 OK 29
Gamma_1 2 1 577 0 0 332929 0 OK 16
Gamma_1 2 1 578 0 0 334084 0 OK 29
Gamma_1 2 1 579 0 0 335241 0 OK 16
Gamma_1 2 1 580 0 0 336400 0 OK 15
Gamma_1 2 1 581 0 0 337561 0 OK 32
Gamma_1 2 1 582 0 0 338724 0 OK 16
Gamma_1 2 1 583 0 0 339889 0 OK 31
Gamma_1 2 1 584 0 0 341056 0 OK 15
Gamma_1 2 1 585 0 0 342225 0 OK 16
Gamma_1 2 1 586 0 0 343396 0 OK 31
Gamma_1 2 1 587 0 0 344569 0 OK 16
Gamma_1 2 1 588 0 0 345744 0 OK 39
Gamma_1 2 1 589 0 0 346921 0 OK 18
Gamma_1 2 1 590 0 0 348100 0 OK 16
Gamma_1 2 1 591 0 0 349281 0 OK 29
Gamma_1 2 1 592 0 0 350464 0 OK 16
Gamma_1 2 1 593 0 0 351649 0 OK 16
Gamma_1 2 1 594 0 0 352836 0 OK 16
Gamma_1 2 1 595 0 0 354025 0 OK 29
Gamma_1 2 1 596 0 0 355216 0 OK 15
Gamma_1 2 1 597 0 0 356409 0 OK 16
Gamma_1 2 1 598 0 0 357604 0 OK 17
Gamma_1 2 1 599 0 0 358801 0 OK 15
Gamma_1 2 1 600 0 0 360000 0 OK 16
Gamma_1 2 1 601 0 0 361201 0 OK 31
Gamma_1 2 1 602 0 0 362404 0 OK 17
Gamma_1 2 1 603 0 0 363609 0 OK 15
Gamma_1 2 1 604 0 0 364816 0 OK 31
Gamma_1 2 1 605 0 0 366025 0 OK 30
Gamma_1 2 1 606 0 0 367236 0 OK 17
Gamma_1 2 1 607 0 0 368449 0 OK 16
Gamma_1 2 1 608 0 0 369664 0 OK 32
Gamma_1 2 1 609 0 0 370881 0 OK 17
Gamma_1 2 1 610 0 0 372100 0 OK 31
Gamma_1 2 1 611 0 0 373321 0 OK 16
Gamma_1 2 1 612 0 0 374544 0 OK 18
Gamma_1 2 1 613 0 0 375769 0 OK 43
Gamma_1 2 1 614 0 0 376996 0 OK 18
Gamma_1 2 1 615 0 0 378225 0 OK 42
Gamma_1 2 1 616 0 0 379456 0 OK 17
Gamma_1 2 1 617 0 0 380689 0 OK 42
Gamma_1 2 1 618 0 0 381924 0 OK 32
Gamma_1 2 1 619 0 0 383161 0 OK 21
Gamma_1 2 1 620 0 0 384400 0 OK 31
Gamma_1 2 1 621 0 0 385641 0 OK 17
Gamma_1 2 1 622 0 0 386884 0 OK 33
Gamma_1 2 1 623 0 0 388129 0 OK 16
Gamma_1 2 1 624 0 0 389376 0 OK 18
Gamma_1 2 1 625 0 0 390625 0 OK 15
Gamma_1 2 1 626 0 0 391876 0 OK 35
Gamma_1 2 1 627 0 0 393129 0 OK 18
Gamma_1 2 1 628 0 0 394384 0 OK 19
Gamma_1 2 1 629 0 0 395641 0 OK 16
Gamma_1 2 1 630 0 0 396900 0 OK 33
Gamma_1 2 1 631 0 0 398161 0 OK 16
Gamma_1 2 1 632 0 0 399424 0 OK 17
Gamma_1 2 1 633 0 0 400689 0 OK 32
Gamma_1 2 1 634 0 0 401956 0 OK 19
Gamma_1 2 1 635 0 0 403225 0 OK 31
Gamma_1 2 1 636 0 0 404496 0 OK 17
Gamma_1 2 1 637 0 0 405769 0 OK 31
Gamma_1 2 1 638 0 0 407044 0 OK 18
Gamma_1 2 1 639 0 0 408321 0 OK 16
Gamma_1 2 1 640 0 0 409600 0 OK 16
Gamma_1 2 1 641 0 0 410881 0 OK 16
Gamma_1 2 1 642 0 0 412164 0 OK 16
Gamma_1 2 1 643 0 0 413449 0 OK 16
Gamma_1 2 1 644 0 0 414736 0 OK 32
Gamma_1 2 1 645 0 0 416025 0 OK 17
Gamma_1 2 1 646 0 0 417316 0 OK 31
Gamma_1 2 1 647 0 0 418609 0 OK 32
Gamma_1 2 1 648 0 0 419904 0 OK 15
Gamma_1 2 1 649 0 0 421201 0 OK 33
Gamma_1 2 1 650 0 0 422500 0 OK 17
Gamma_1 2 1 651 0 0 423801 0 OK 32
Gamma_1 2 1 652 0 0 425104 0 OK 16
Gamma_1 2 1 653 0 0 426409 0 OK 29
Gamma_1 2 1 654 0 0 427716 0 OK 17
Gamma_1 2 1 655 0 0 429025 0 OK 28
Gamma_1 2 1 656 0 0 430336 0 OK 16
Gamma_1 2 1 657 0 0 431649 0 OK 16
Gamma_1 2 1 658 0 0 432964 0 OK 32
Gamma_1 2 1 659 0 0 434281 0 OK 33
Gamma_1 2 1 660 0 0 435600 0 OK 16
Gamma_1 2 1 661 0 0 436921 0 OK 14
Gamma_1 2 1 662 0 0 438244 0 OK 32
Gamma_1 2 1 663 0 0 439569 0 OK 16
Gamma_1 2 1 664 0 0 440896 0 OK 16
Gamma_1 2 1 665 0 0 442225 0 OK 31
Gamma_1 2 1 666 0 0 443556 0 OK 16
Gamma_1 2 1 667 0 0 444889 0 OK 15
Gamma_1 2 1 668 0 0 446224 0 OK 16
Gamma_1 2 1 669 0 0 447561 0 OK 30
Gamma_1 2 1 670 0 0 448900 0 OK 31
Gamma_1 2 1 671 0 0 450241 0 OK 16
Gamma_1 2 1 672 0 0 451584 0 OK 16
Gamma_1 2 1 673 0 0 452929 0 OK 15
Gamma_1 2 1 674 0 0 454276 0 OK 30
Gamma_1 2 1 675 0 0 455625 0 OK 31
Gamma_1 2 1 676 0 0 456976 0 OK 16
Gamma_1 2 1 677 0 0 458329 0 OK 30
Gamma_1 2 1 678 0 0 459684 0 OK 18
Gamma_1 2 1 679 0 0 461041 0 OK 16
Gamma_1 2 1 680 0 0 462400 0 OK 32
Gamma_1 2 1 681 0 0 463761 0 OK 18
Gamma_1 2 1 682 0 0 465124 0 OK 16
Gamma_1 2 1 683 0 0 466489 0 OK 17
Gamma_1 2 1 684 0 0 467856 0 OK 16
Gamma_1 2 1 685 0 0 469225 0 OK 17
Gamma_1 2 1 686 0 0 470596 0 OK 15
Gamma_1 2 1 687 0 0 471969 0 OK 18
Gamma_1 2 1 688 0 0 473344 0 OK 32
Gamma_1 2 1 689 0 0 474721 0 OK 16
Gamma_1 2 1 690 0 0 476100 0 OK 16
Gamma_1 2 1 691 0 0 477481 0 OK 16
Gamma_1 2 1 692 0 0 478864 0 OK 15
Gamma_1 2 1 693 0 0 480249 0 OK 30
Gamma_1 2 1 694 0 0 481636 0 OK 34
Gamma_1 2 1 695 0 0 483025 0 OK 31
Gamma_1 2 1 696 0 0 484416 0 OK 17
Gamma_1 2 1 697 0 0 485809 0 OK 15
Gamma_1 2 1 698 0 0 487204 0 OK 16
Gamma_1 2 1 699 0 0 488601 0 OK 31
Gamma_1 2 1 700 0 0 490000 0 OK 17
Gamma_1 2 1 701 0 0 491401 0 OK 15
Gamma_1 2 1 702 0 0 492804 0 OK 16
Gamma_1 2 1 703 0 0 494209 0 OK 32
Gamma_1 2 1 704 0 0 495616 0 OK 17
Gamma_1 2 1 705 0 0 497025 0 OK 14
Gamma_1 2 1 706 0 0 498436 0 OK 32
Gamma_1 2 1 707 0 0 499849 0 OK 31
Gamma_1 2 1 708 0 0 501264 0 OK 17
Gamma_1 2 1 709 0 0 502681 0 OK 14
Gamma_1 2 1 710 0 0 504100 0 OK 31
Gamma_1 2 1 711 0 0 505521 0 OK 32
Gamma_1 2 1 712 0 0 506944 0 OK 19
Gamma_1 2 1 713 0 0 508369 0 OK 31
Gamma_1 2 1 714 0 0 509796 0 OK 16
Gamma_1 2 1 715 0 0 511225 0 OK 16
Gamma_1 2 1 716 0 0 512656 0 OK 17
Gamma_1 2 1 717 0 0 514089 0 OK 16
Gamma_1 2 1 718 0 0 515524 0 OK 16
Gamma_1 2 1 719 0 0 516961 0 OK 16
Gamma_1 2 1 720 0 0 518400 0 OK 17
Gamma_1 2 1 721 0 0 519841 0 OK 17
Gamma_1 2 1 722 0 0 521284 0 OK 30
Gamma_1 2 1 723 0 0 522729 0 OK 16
Gamma_1 2 1 724 0 0 524176 0 OK 15
Gamma_1 2 1 725 0 0 525625 0 OK 16
Gamma_1 2 1 726 0 0 527076 0 OK 17
Gamma_1 2 1 727 0 0 528529 0 OK 16
Gamma_1 2 1 728 0 0 529984 0 OK 29
Gamma_1 2 1 729 0 0 531441 0 OK 29
Gamma_1 2 1 730 0 0 532900 0 OK 29
Gamma_1 2 1 731 0 0 534361 0 OK 19
Gamma_1 2 1 732 0 0 535824 0 OK 16
Gamma_1 2 1 733 0 0 537289 0 OK 15
Gamma_1 2 1 734 0 0 538756 0 OK 15
Gamma_1 2 1 735 0 0 540225 0 OK 16
Gamma_1 2 1 736 0 0 541696 0 OK 16
Gamma_1 2 1 737 0 0 543169 0 OK 16
Gamma_1 2 1 738 0 0 544644 0 OK 28
Gamma_1 2 1 739 0 0 546121 0 OK 16
Gamma_1 2 1 740 0 0 547600 0 OK 15
Gamma_1 2 1 741 0 0 549081 0 OK 16
Gamma_1 2 1 742 0 0 550564 0 OK 29
Gamma_1 2 1 743 0 0 552049 0 OK 17
Gamma_1 2 1 744 0 0 553536 0 OK 15
Gamma_1 2 1 745 0 0 555025 0 OK 16
Gamma_1 2 1 746 0 0 556516 0 OK 33
Gamma_1 2 1 747 0 0 558009 0 OK 17
Gamma_1 2 1 748 0 0 559504 0 OK 16
Gamma_1 2 1 749 0 0 561001 0 OK 16
Gamma_1 2 1 750 0 0 562500 0 OK 18
Gamma_1 2 1 751 0 0 564001 0 OK 31
Gamma_1 2 1 752 0 0 565504 0 OK 33
Gamma_1 2 1 753 0 0 567009 0 OK 15
Gamma_1 2 1 754 0 0 568516 0 OK 31
Gamma_1 2 1 755 0 0 570025 0 OK 29
Gamma_1 2 1 756 0 0 571536 0 OK 29
Gamma_1 2 1 757 0 0 573049 0 OK 28
Gamma_1 2 1 758 0 0 574564 0 OK 30
Gamma_1 2 1 759 0 0 576081 0 OK 15
Gamma_1 2 1 760 0 0 577600 0 OK 30
Gamma_1 2 1 761 0 0 579121 0 OK 18
Gamma_1 2 1 762 0 0 580644 0 OK 30
Gamma_1 2 1 763 0 0 582169 0 OK 19
Gamma_1 2 1 764 0 0 583696 0 OK 28
Gamma_1 2 1 765 0 0 585225 0 OK 16
Gamma_1 2 1 766 0 0 586756 0 OK 40
Gamma_1 2 1 767 0 0 588289 0 OK 30
Gamma_1 2 1 768 0 0 589824 0 OK 29
Gamma_1 2 1 769 0 0 591361 0 OK 16
Gamma_1 2 1 770 0 0 592900 0 OK 28
Gamma_1 2 1 771 0 0 594441 0 OK 17
Gamma_1 2 1 772 0 0 595984 0 OK 32
Gamma_1 2 1 773 0 0 597529 0 OK 31
Gamma_1 2 1 774 0 0 599076 0 OK 17
Gamma_1 2 1 775 0 0 600625 0 OK 31
Gamma_1 2 1 776 0 0 602176 0 OK 29
Gamma_1 2 1 777 0 0 603729 0 OK 15
Gamma_1 2 1 778 0 0 605284 0 OK 29
Gamma_1 2 1 779 0 0 606841 0 OK 17
Gamma_1 2 1 780 0 0 608400 0 OK 16
Gamma_1 2 1 781 0 0 609961 0 OK 28
Gamma_1 2 1 782 0 0 611524 0 OK 29
Gamma_1 2 1 783 0 0 613089 0 OK 33
Gamma_1 2 1 784 0 0 614656 0 OK 17
Gamma_1 2 1 785 0 0 616225 0 OK 15
Gamma_1 2 1 786 0 0 617796 0 OK 30
Gamma_1 2 1 787 0 0 619369 0 OK 16
Gamma_1 2 1 788 0 0 620944 0 OK 15
Gamma_1 2 1 789 0 0 622521 0 OK 15
Gamma_1 2 1 790 0 0 624100 0 OK 15
Gamma_1 2 1 791 0 0 625681 0 OK 30
Gamma_1 2 1 792 0 0 627264 0 OK 16
Gamma_1 2 1 793 0 0 628849 0 OK 16
Gamma_1 2 1 794 0 0 630436 0 OK 28
Gamma_1 2 1 795 0 0 632025 0 OK 29
Gamma_1 2 1 796 0 0 633616 0 OK 29
Gamma_1 2 1 797 0 0 635209 0 OK 15
Gamma_1 2 1 798 0 0 636804 0 OK 16
Gamma_1 2 1 799 0 0 638401 0 OK 31
Gamma_1 2 1 800 0 0 640000 0 OK 17
Gamma_1 2 1 801 0 0 641601 0 OK 31
Gamma_1 2 1 802 0 0 643204 0 OK 18
Gamma_1 2 1 803 0 0 644809 0 OK 30
Gamma_1 2 1 804 0 0 646416 0 OK 14
Gamma_1 2 1 805 0 0 648025 0 OK 31
Gamma_1 2 1 806 0 0 649636 0 OK 17
Gamma_1 2 1 807 0 0 651249 0 OK 31
Gamma_1 2 1 808 0 0 652864 0 OK 17
Gamma_1 2 1 809 0 0 654481 0 OK 14
Gamma_1 2 1 810 0 0 656100 0 OK 17
Gamma_1 2 1 811 0 0 657721 0 OK 31
Gamma_1 2 1 812 0 0 659344 0 OK 29
Gamma_1 2 1 813 0 0 660969 0 OK 16
Gamma_1 2 1 814 0 0 662596 0 OK 16
Gamma_1 2 1 815 0 0 664225 0 OK 15
Gamma_1 2 1 816 0 0 665856 0 OK 28
Gamma_1 2 1 817 0 0 667489 0 OK 27
Gamma_1 2 1 818 0 0 669124 0 OK 16
Gamma_1 2 1 819 0 0 670761 0 OK 32
Gamma_1 2 1 820 0 0 672400 0 OK 17
Gamma_1 2 1 821 0 0 674041 0 OK 31
Gamma_1 2 1 822 0 0 675684 0 OK 16
Gamma_1 2 1 823 0 0 677329 0 OK 31
Gamma_1 2 1 824 0 0 678976 0 OK 27
Gamma_1 2 1 825 0 0 680625 0 OK 16
Gamma_1 2 1 826 0 0 682276 0 OK 29
Gamma_1 2 1 827 0 0 683929 0 OK 29
Gamma_1 2 1 828 0 0 685584 0 OK 16
Gamma_1 2 1 829 0 0 687241 0 OK 29
Gamma_1 2 1 830 0 0 688900 0 OK 17
Gamma_1 2 1 831 0 0 690561 0 OK 30
Gamma_1 2 1 832 0 0 692224 0 OK 16
Gamma_1 2 1 833 0 0 693889 0 OK 28
Gamma_1 2 1 834 0 0 695556 0 OK 16
Gamma_1 2 1 835 0 0 697225 0 OK 30
Gamma_1 2 1 836 0 0 698896 0 OK 15
Gamma_1 2 1 837 0 0 700569 0 OK 29
Gamma_1 2 1 838 0 0 702244 0 OK 17
Gamma_1 2 1 839 0 0 703921 0 OK 15
Gamma_1 2 1 840 0 0 705600 0 OK 16
Gamma_1 2 1 841 0 0 707281 0 OK 14
Gamma_1 2 1 842 0 0 708964 0 OK 15
Gamma_1 2 1 843 0 0 710649 0 OK 30
Gamma_1 2 1 844 0 0 712336 0 OK 15
Gamma_1 2 1 845 0 0 714025 0 OK 15
Gamma_1 2 1 846 0 0 715716 0 OK 15
Gamma_1 2 1 847 0 0 717409 0 OK 29
Gamma_1 2 1 848 0 0 719104 0 OK 32
Gamma_1 2 1 849 0 0 720801 0 OK 15
Gamma_1 2 1 850 0 0 722500 0 OK 31
Gamma_1 2 1 851 0 0 724201 0 OK 19
Gamma_1 2 1 852 0 0 725904 0 OK 29
Gamma_1 2 1 853 0 0 727609 0 OK 16
Gamma_1 2 1 854 0 0 729316 0 OK 31
Gamma_1 2 1 855 0 0 731025 0 OK 16
Gamma_1 2 1 856 0 0 732736 0 OK 30
Gamma_1 2 1 857 0 0 734449 0 OK 16
Gamma_1 2 1 858 0 0 736164 0 OK 16
Gamma_1 2 1 859 0 0 737881 0 OK 13
Gamma_1 2 1 860 0 0 739600 0 OK 18
Gamma_1 2 1 861 0 0 741321 0 OK 16
Gamma_1 2 1 862 0 0 743044 0 OK 15
Gamma_1 2 1 863 0 0 744769 0 OK 31
Gamma_1 2 1 864 0 0 746496 0 OK 15
Gamma_1 2 1 865 0 0 748225 0 OK 32
Gamma_1 2 1 866 0 0 749956 0 OK 29
Gamma_1 2 1 867 0 0 751689 0 OK 31
Gamma_1 2 1 868 0 0 753424 0 OK 30
Gamma_1 2 1 869 0 0 755161 0 OK 16
Gamma_1 2 1 870 0 0 756900 0 OK 15
Gamma_1 2 1 871 0 0 758641 0 OK 31
Gamma_1 2 1 872 0 0 760384 0 OK 16
Gamma_1 2 1 873 0 0 762129 0 OK 30
Gamma_1 2 1 874 0 0 763876 0 OK 19
Gamma_1 2 1 875 0 0 765625 0 OK 30
Gamma_1 2 1 876 0 0 767376 0 OK 32
Gamma_1 2 1 877 0 0 769129 0 OK 31
Gamma_1 2 1 878 0 0 770884 0 OK 16
Gamma_1 2 1 879 0 0 772641 0 OK 30
Gamma_1 2 1 880 0 0 774400 0 OK 18
Gamma_1 2 1 881 0 0 776161 0 OK 29
Gamma_1 2 1 882 0 0 777924 0 OK 17
Gamma_1 2 1 883 0 0 779689 0 OK 16
Gamma_1 2 1 884 0 0 781456 0 OK 17
Gamma_1 2 1 885 0 0 783225 0 OK 30
Gamma_1 2 1 886 0 0 784996 0 OK 17
Gamma_1 2 1 887 0 0 786769 0 OK 15
Gamma_1 2 1 888 0 0 788544 0 OK 29
Gamma_1 2 1 889 0 0 790321 0 OK 30
Gamma_1 2 1 890 0 0 792100 0 OK 16
Gamma_1 2 1 891 0 0 793881 0 OK 15
Gamma_1 2 1 892 0 0 795664 0 OK 15
Gamma_1 2 1 893 0 0 797449 0 OK 15
Gamma_1 2 1 894 0 0 799236 0 OK 18
Gamma_1 2 1 895 0 0 801025 0 OK 14
Gamma_1 2 1 896 0 0 802816 0 OK 31
Gamma_1 2 1 897 0 0 804609 0 OK 32
Gamma_1 2 1 898 0 0 806404 0 OK 30
Gamma_1 2 1 899 0 0 808201 0 OK 17
Gamma_1 2 1 900 0 0 810000 0 OK 29
Gamma_1 2 1 901 0 0 811801 0 OK 14
Gamma_1 2 1 902 0 0 813604 0 OK 15
Gamma_1 2 1 903 0 0 815409 0 OK 17
Gamma_1 2 1 904 0 0 817216 0 OK 30
Gamma_1 2 1 905 0 0 819025 0 OK 31
Gamma_1 2 1 906 0 0 820836 0 OK 17
Gamma_1 2 1 907 0 0 822649 0 OK 29
Gamma_1 2 1 908 0 0 824464 0 OK 29
Gamma_1 2 1 909 0 0 826281 0 OK 32
Gamma_1 2 1 910 0 0 828100 0 OK 29
Gamma_1 2 1 911 0 0 829921 0 OK 17
Gamma_1 2 1 912 0 0 831744 0 OK 15
Gamma_1 2 1 913 0 0 833569 0 OK 14
Gamma_1 2 1 914 0 0 835396 0 OK 17
Gamma_1 2 1 915 0 0 837225 0 OK 15
Gamma_1 2 1 916 0 0 839056 0 OK 30
Gamma_1 2 1 917 0 0 840889 0 OK 15
Gamma_1 2 1 918 0 0 842724 0 OK 16
Gamma_1 2 1 919 0 0 844561 0 OK 16
Gamma_1 2 1 920 0 0 846400 0 OK 30
Gamma_1 2 1 921 0 0 848241 0 OK 30
Gamma_1 2 1 922 0 0 850084 0 OK 30
Gamma_1 2 1 923 0 0 851929 0 OK 17
Gamma_1 2 1 924 0 0 853776 0 OK 31
Gamma_1 2 1 925 0 0 855625 0 OK 17
Gamma_1 2 1 926 0 0 857476 0 OK 15
Gamma_1 2 1 927 0 0 859329 0 OK 16
Gamma_1 2 1 928 0 0 861184 0 OK 14
Gamma_1 2 1 929 0 0 863041 0 OK 16
Gamma_1 2 1 930 0 0 864900 0 OK 17
Gamma_1 2 1 931 0 0 866761 0 OK 31
Gamma_1 2 1 932 0 0 868624 0 OK 16
Gamma_1 2 1 933 0 0 870489 0 OK 16
Gamma_1 2 1 934 0 0 872356 0 OK 29
Gamma_1 2 1 935 0 0 874225 0 OK 16
Gamma_1 2 1 936 0 0 876096 0 OK 15
Gamma_1 2 1 937 0 0 877969 0 OK 16
Gamma_1 2 1 938 0 0 879844 0 OK 15
Gamma_1 2 1 939 0 0 881721 0 OK 14
Gamma_1 2 1 940 0 0 883600 0 OK 29
Gamma_1 2 1 941 0 0 885481 0 OK 16
Gamma_1 2 1 942 0 0 887364 0 OK 15
Gamma_1 2 1 943 0 0 889249 0 OK 17
Gamma_1 2 1 944 0 0 891136 0 OK 16
Gamma_1 2 1 945 0 0 893025 0 OK 30
Gamma_1 2 1 946 0 0 894916 0 OK 16
Gamma_1 2 1 947 0 0 896809 0 OK 16
Gamma_1 2 1 948 0 0 898704 0 OK 18
Gamma_1 2 1 949 0 0 900601 0 OK 15
Gamma_1 2 1 950 0 0 902500 0 OK 30
Gamma_1 2 1 951 0 0 904401 0 OK 17
Gamma_1 2 1 952 0 0 906304 0 OK 17
Gamma_1 2 1 953 0 0 908209 0 OK 30
Gamma_1 2 1 954 0 0 910116 0 OK 17
Gamma_1 2 1 955 0 0 912025 0 OK 15
Gamma_1 2 1 956 0 0 913936 0 OK 16
Gamma_1 2 1 957 0 0 915849 0 OK 31
Gamma_1 2 1 958 0 0 917764 0 OK 29
Gamma_1 2 1 959 0 0 919681 0 OK 31
Gamma_1 2 1 960 0 0 921600 0 OK 15
Gamma_1 2 1 961 0 0 923521 0 OK 14
Gamma_1 2 1 962 0 0 925444 0 OK 15
Gamma_1 2 1 963 0 0 927369 0 OK 30
Gamma_1 2 1 964 0 0 929296 0 OK 30
Gamma_1 2 1 965 0 0 931225 0 OK 16
Gamma_1 2 1 966 0 0 933156 0 OK 30
Gamma_1 2 1 967 0 0 935089 0 OK 31
Gamma_1 2 1 968 0 0 937024 0 OK 31
Gamma_1 2 1 969 0 0 938961 0 OK 15
Gamma_1 2 1 970 0 0 940900 0 OK 30
Gamma_1 2 1 971 0 0 942841 0 OK 16
Gamma_1 2 1 972 0 0 944784 0 OK 31
Gamma_1 2 1 973 0 0 946729 0 OK 16
Gamma_1 2 1 974 0 0 948676 0 OK 31
Gamma_1 2 1 975 0 0 950625 0 OK 16
Gamma_1 2 1 976 0 0 952576 0 OK 15
Gamma_1 2 1 977 0 0 954529 0 OK 30
Gamma_1 2 1 978 0 0 956484 0 OK 15
Gamma_1 2 1 979 0 0 958441 0 OK 30
Gamma_1 2 1 980 0 0 960400 0 OK 14
Gamma_1 2 1 981 0 0 962361 0 OK 32
Gamma_1 2 1 982 0 0 964324 0 OK 30
Gamma_1 2 1 983 0 0 966289 0 OK 29
Gamma_1 2 1 984 0 0 968256 0 OK 16
Gamma_1 2 1 985 0 0 970225 0 OK 30
Gamma_1 2 1 986 0 0 972196 0 OK 17
Gamma_1 2 1 987 0 0 974169 0 OK 14
Gamma_1 2 1 988 0 0 976144 0 OK 16
Gamma_1 2 1 989 0 0 978121 0 OK 31
Gamma_1 2 1 990 0 0 980100 0 OK 34
Gamma_1 2 1 991 0 0 982081 0 OK 17
Gamma_1 2 1 992 0 0 984064 0 OK 30
Gamma_1 2 1 993 0 0 986049 0 OK 40
Gamma_1 2 1 994 0 0 988036 0 OK 41
Gamma_1 2 1 995 0 0 990025 0 OK 17
Gamma_1 2 1 996 0 0 992016 0 OK 17
Gamma_1 2 1 997 0 0 994009 0 OK 30
Gamma_1 2 1 998 0 0 996004 0 OK 29
Gamma_1 2 1 999 0 0 998001 0 OK 16
Gamma_1 2 1 1000 0 0 1000000 0 OK 31
Gamma_1 2 1 1001 0 0 1002001 0 OK 17
Gamma_1 2 1 1002 0 0 1004004 0 OK 15
Gamma_1 2 1 1003 0 0 1006009 0 OK 31
Gamma_1 2 1 1004 0 0 1008016 0 OK 16
Gamma_1 2 1 1005 0 0 1010025 0 OK 15
Gamma_1 2 1 1006 0 0 1012036 0 OK 30
Gamma_1 2 1 1007 0 0 1014049 0 OK 16
Gamma_1 2 1 1008 0 0 1016064 0 OK 16
Gamma_1 2 1 1009 0 0 1018081 0 OK 32
Gamma_1 2 1 1010 0 0 1020100 0 OK 31
Gamma_1 2 1 1011 0 0 1022121 0 OK 16
Gamma_1 2 1 1012 0 0 1024144 0 OK 16
Gamma_1 2 1 1013 0 0 1026169 0 OK 14
Gamma_1 2 1 1014 0 0 1028196 0 OK 16
Gamma_1 2 1 1015 0 0 1030225 0 OK 14
Gamma_1 2 1 1016 0 0 1032256 0 OK 17
Gamma_1 2 1 1017 0 0 1034289 0 OK 16
Gamma_1 2 1 1018 0 0 1036324 0 OK 31
Gamma_1 2 1 1019 0 0 1038361 0 OK 31
Gamma_1 2 1 1020 0 0 1040400 0 OK 15
Gamma_1 2 1 1021 0 0 1042441 0 OK 16
Gamma_1 2 1 1022 0 0 1044484 0 OK 15
Gamma_1 2 1 1023 0 0 1046529 0 OK 32
Gamma_1 2 1 1024 0 0 1048576 0 OK 31
Gamma_1 2 1 1025 0 0 1050625 0 OK 15
Gamma_1 2 1 1026 0 0 1052676 0 OK 32
Gamma_1 2 1 1027 0 0 1054729 0 OK 30
Gamma_1 2 1 1028 0 0 1056784 0 OK 17
Gamma_1 2 1 1029 0 0 1058841 0 OK 16
Gamma_1 2 1 1030 0 0 1060900 0 OK 16
Gamma_1 2 1 1031 0 0 1062961 0 OK 16
Gamma_1 2 1 1032 0 0 1065024 0 OK 16
Gamma_1 2 1 1033 0 0 1067089 0 OK 29
Gamma_1 2 1 1034 0 0 1069156 0 OK 31
Gamma_1 2 1 1035 0 0 1071225 0 OK 17
Gamma_1 2 1 1036 0 0 1073296 0 OK 33
Gamma_1 2 1 1037 0 0 1075369 0 OK 30
Gamma_1 2 1 1038 0 0 1077444 0 OK 17
Gamma_1 2 1 1039 0 0 1079521 0 OK 15
Gamma_1 2 1 1040 0 0 1081600 0 OK 29
Gamma_1 2 1 1041 0 0 1083681 0 OK 30
Gamma_1 2 1 1042 0 0 1085764 0 OK 17
Gamma_1 2 1 1043 0 0 1087849 0 OK 16
Gamma_1 2 1 1044 0 0 1089936 0 OK 29
Gamma_1 2 1 1045 0 0 1092025 0 OK 16
Gamma_1 2 1 1046 0 0 1094116 0 OK 17
Gamma_1 2 1 1047 0 0 1096209 0 OK 29
Gamma_1 2 1 1048 0 0 1098304 0 OK 30
Gamma_1 2 1 1049 0 0 1100401 0 OK 17
Gamma_1 2 1 1050 0 0 1102500 0 OK 33
Gamma_1 2 1 1051 0 0 1104601 0 OK 17
Gamma_1 2 1 1052 0 0 1106704 0 OK 17
Gamma_1 2 1 1053 0 0 1108809 0 OK 30
Gamma_1 2 1 1054 0 0 1110916 0 OK 18
Gamma_1 2 1 1055 0 0 1113025 0 OK 31
Gamma_1 2 1 1056 0 0 1115136 0 OK 14
Gamma_1 2 1 1057 0 0 1117249 0 OK 17
Gamma_1 2 1 1058 0 0 1119364 0 OK 16
Gamma_1 2 1 1059 0 0 1121481 0 OK 32
Gamma_1 2 1 1060 0 0 1123600 0 OK 16
Gamma_1 2 1 1061 0 0 1125721 0 OK 33
Gamma_1 2 1 1062 0 0 1127844 0 OK 31
Gamma_1 2 1 1063 0 0 1129969 0 OK 18
Gamma_1 2 1 1064 0 0 1132096 0 OK 15
Gamma_1 2 1 1065 0 0 1134225 0 OK 17
Gamma_1 2 1 1066 0 0 1136356 0 OK 17
Gamma_1 2 1 1067 0 0 1138489 0 OK 16
Gamma_1 2 1 1068 0 0 1140624 0 OK 31
Gamma_1 2 1 1069 0 0 1142761 0 OK 31
Gamma_1 2 1 1070 0 0 1144900 0 OK 17
Gamma_1 2 1 1071 0 0 1147041 0 OK 15
Gamma_1 2 1 1072 0 0 1149184 0 OK 30
Gamma_1 2 1 1073 0 0 1151329 0 OK 19
Gamma_1 2 1 1074 0 0 1153476 0 OK 15
Gamma_1 2 1 1075 0 0 1155625 0 OK 17
Gamma_1 2 1 1076 0 0 1157776 0 OK 17
Gamma_1 2 1 1077 0 0 1159929 0 OK 16
Gamma_1 2 1 1078 0 0 1162084 0 OK 16
Gamma_1 2 1 1079 0 0 1164241 0 OK 16
Gamma_1 2 1 1080 0 0 1166400 0 OK 16
Gamma_1 2 1 1081 0 0 1168561 0 OK 15
Gamma_1 2 1 1082 0 0 1170724 0 OK 15
Gamma_1 2 1 1083 0 0 1172889 0 OK 31
Gamma_1 2 1 1084 0 0 1175056 0 OK 30
Gamma_1 2 1 1085 0 0 1177225 0 OK 17
Gamma_1 2 1 1086 0 0 1179396 0 OK 16
Gamma_1 2 1 1087 0 0 1181569 0 OK 16
Gamma_1 2 1 1088 0 0 1183744 0 OK 32
Gamma_1 2 1 1089 0 0 1185921 0 OK 15
Gamma_1 2 1 1090 0 0 1188100 0 OK 16
Gamma_1 2 1 1091 0 0 1190281 0 OK 15
Gamma_1 2 1 1092 0 0 1192464 0 OK 14
Gamma_1 2 1 1093 0 0 1194649 0 OK 16
Gamma_1 2 1 1094 0 0 1196836 0 OK 30
Gamma_1 2 1 1095 0 0 1199025 0 OK 18
Gamma_1 2 1 1096 0 0 1201216 0 OK 15
Gamma_1 2 1 1097 0 0 1203409 0 OK 16
Gamma_1 2 1 1098 0 0 1205604 0 OK 16
Gamma_1 2 1 1099 0 0 1207801 0 OK 30
Gamma_1 2 1 1100 0 0 1210000 0 OK 30
Gamma_1 2 1 1101 0 0 1212201 0 OK 17
Gamma_1 2 1 1102 0 0 1214404 0 OK 15
Gamma_1 2 1 1103 0 0 1216609 0 OK 16
Gamma_1 2 1 1104 0 0 1218816 0 OK 32
Gamma_1 2 1 1105 0 0 1221025 0 OK 16
Gamma_1 2 1 1106 0 0 1223236 0 OK 30
Gamma_1 2 1 1107 0 0 1225449 0 OK 31
Gamma_1 2 1 1108 0 0 1227664 0 OK 15
Gamma_1 2 1 1109 0 0 1229881 0 OK 17
Gamma_1 2 1 1110 0 0 1232100 0 OK 16
Gamma_1 2 1 1111 0 0 1234321 0 OK 16
Gamma_1 2 1 1112 0 0 1236544 0 OK 30
Gamma_1 2 1 1113 0 0 1238769 0 OK 30
Gamma_1 2 1 1114 0 0 1240996 0 OK 16
Gamma_1 2 1 1115 0 0 1243225 0 OK 31
Gamma_1 2 1 1116 0 0 1245456 0 OK 15
Gamma_1 2 1 1117 0 0 1247689 0 OK 30
Gamma_1 2 1 1118 0 0 1249924 0 OK 18
Gamma_1 2 1 1119 0 0 1252161 0 OK 15
Gamma_1 2 1 1120 0 0 1254400 0 OK 16
Gamma_1 2 1 1121 0 0 1256641 0 OK 16
Gamma_1 2 1 1122 0 0 1258884 0 OK 29
Gamma_1 2 1 1123 0 0 1261129 0 OK 19
Gamma_1 2 1 1124 0 0 1263376 0 OK 30
Gamma_1 2 1 1125 0 0 1265625 0 OK 16
Gamma_1 2 1 1126 0 0 1267876 0 OK 16
Gamma_1 2 1 1127 0 0 1270129 0 OK 16
Gamma_1 2 1 1128 0 0 1272384 0 OK 30
Gamma_1 2 1 1129 0 0 1274641 0 OK 30
Gamma_1 2 1 1130 0 0 1276900 0 OK 30
Gamma_1 2 1 1131 0 0 1279161 0 OK 19
Gamma_1 2 1 1132 0 0 1281424 0 OK 31
Gamma_1 2 1 1133 0 0 1283689 0 OK 16
Gamma_1 2 1 1134 0 0 1285956 0 OK 32
Gamma_1 2 1 1135 0 0 1288225 0 OK 42
Gamma_1 2 1 1136 0 0 1290496 0 OK 44
Gamma_1 2 1 1137 0 0 1292769 0 OK 41
Gamma_1 2 1 1138 0 0 1295044 0 OK 16
Gamma_1 2 1 1139 0 0 1297321 0 OK 16
Gamma_1 2 1 1140 0 0 1299600 0 OK 31
Gamma_1 2 1 1141 0 0 1301881 0 OK 17
Gamma_1 2 1 1142 0 0 1304164 0 OK 14
Gamma_1 2 1 1143 0 0 1306449 0 OK 16
Gamma_1 2 1 1144 0 0 1308736 0 OK 31
Gamma_1 2 1 1145 0 0 1311025 0 OK 17
Gamma_1 2 1 1146 0 0 1313316 0 OK 16
Gamma_1 2 1 1147 0 0 1315609 0 OK 16
Gamma_1 2 1 1148 0 0 1317904 0 OK 16
Gamma_1 2 1 1149 0 0 1320201 0 OK 16
Gamma_1 2 1 1150 0 0 1322500 0 OK 16
Gamma_1 2 1 1151 0 0 1324801 0 OK 29
Gamma_1 2 1 1152 0 0 1327104 0 OK 16
Gamma_1 2 1 1153 0 0 1329409 0 OK 16
Gamma_1 2 1 1154 0 0 1331716 0 OK 29
Gamma_1 2 1 1155 0 0 1334025 0 OK 31
Gamma_1 2 1 1156 0 0 1336336 0 OK 15
Gamma_1 2 1 1157 0 0 1338649 0 OK 15
Gamma_1 2 1 1158 0 0 1340964 0 OK 15
Gamma_1 2 1 1159 0 0 1343281 0 OK 30
Gamma_1 2 1 1160 0 0 1345600 0 OK 16
Gamma_1 2 1 1161 0 0 1347921 0 OK 29
Gamma_1 2 1 1162 0 0 1350244 0 OK 16
Gamma_1 2 1 1163 0 0 1352569 0 OK 30
Gamma_1 2 1 1164 0 0 1354896 0 OK 16
Gamma_1 2 1 1165 0 0 1357225 0 OK 32
Gamma_1 2 1 1166 0 0 1359556 0 OK 15
Gamma_1 2 1 1167 0 0 1361889 0 OK 16
Gamma_1 2 1 1168 0 0 1364224 0 OK 16
Gamma_1 2 1 1169 0 0 1366561 0 OK 15
Gamma_1 2 1 1170 0 0 1368900 0 OK 15
Gamma_1 2 1 1171 0 0 1371241 0 OK 16
Gamma_1 2 1 1172 0 0 1373584 0 OK 30
Gamma_1 2 1 1173 0 0 1375929 0 OK 17
Gamma_1 2 1 1174 0 0 1378276 0 OK 14
Gamma_1 2 1 1175 0 0 1380625 0 OK 16
Gamma_1 2 1 1176 0 0 1382976 0 OK 16
Gamma_1 2 1 1177 0 0 1385329 0 OK 16
Gamma_1 2 1 1178 0 0 1387684 0 OK 16
Gamma_1 2 1 1179 0 0 1390041 0 OK 32
Gamma_1 2 1 1180 0 0 1392400 0 OK 31
Gamma_1 2 1 1181 0 0 1394761 0 OK 18
Gamma_1 2 1 1182 0 0 1397124 0 OK 16
Gamma_1 2 1 1183 0 0 1399489 0 OK 16
Gamma_1 2 1 1184 0 0 1401856 0 OK 15
Gamma_1 2 1 1185 0 0 1404225 0 OK 31
Gamma_1 2 1 1186 0 0 1406596 0 OK 16
Gamma_1 2 1 1187 0 0 1408969 0 OK 16
Gamma_1 2 1 1188 0 0 1411344 0 OK 30
Gamma_1 2 1 1189 0 0 1413721 0 OK 19
Gamma_1 2 1 1190 0 0 1416100 0 OK 14
Gamma_1 2 1 1191 0 0 1418481 0 OK 15
Gamma_1 2 1 1192 0 0 1420864 0 OK 31
Gamma_1 2 1 1193 0 0 1423249 0 OK 15
Gamma_1 2 1 1194 0 0 1425636 0 OK 17
Gamma_1 2 1 1195 0 0 1428025 0 OK 15
Gamma_1 2 1 1196 0 0 1430416 0 OK 16
Gamma_1 2 1 1197 0 0 1432809 0 OK 30
Gamma_1 2 1 1198 0 0 1435204 0 OK 31
Gamma_1 2 1 1199 0 0 1437601 0 OK 16
Gamma_1 2 1 1200 0 0 1440000 0 OK 30
Gamma_1 2 1 1201 0 0 1442401 0 OK 29
Gamma_1 2 1 1202 0 0 1444804 0 OK 16
Gamma_1 2 1 1203 0 0 1447209 0 OK 29
Gamma_1 2 1 1204 0 0 1449616 0 OK 18
Gamma_1 2 1 1205 0 0 1452025 0 OK 30
Gamma_1 2 1 1206 0 0 1454436 0 OK 30
Gamma_1 2 1 1207 0 0 1456849 0 OK 32
Gamma_1 2 1 1208 0 0 1459264 0 OK 29
Gamma_1 2 1 1209 0 0 1461681 0 OK 17
Gamma_1 2 1 1210 0 0 1464100 0 OK 15
Gamma_1 2 1 1211 0 0 1466521 0 OK 28
Gamma_1 2 1 1212 0 0 1468944 0 OK 16
Gamma_1 2 1 1213 0 0 1471369 0 OK 30
Gamma_1 2 1 1214 0 0 1473796 0 OK 17
Gamma_1 2 1 1215 0 0 1476225 0 OK 29
Gamma_1 2 1 1216 0 0 1478656 0 OK 17
Gamma_1 2 1 1217 0 0 1481089 0 OK 16
Gamma_1 2 1 1218 0 0 1483524 0 OK 16
Gamma_1 2 1 1219 0 0 1485961 0 OK 17
Gamma_1 2 1 1220 0 0 1488400 0 OK 32
Gamma_1 2 1 1221 0 0 1490841 0 OK 31
Gamma_1 2 1 1222 0 0 1493284 0 OK 15
Gamma_1 2 1 1223 0 0 1495729 0 OK 14
Gamma_1 2 1 1224 0 0 1498176 0 OK 17
Gamma_1 2 1 1225 0 0 1500625 0 OK 19
Gamma_1 2 1 1226 0 0 1503076 0 OK 31
Gamma_1 2 1 1227 0 0 1505529 0 OK 18
Gamma_1 2 1 1228 0 0 1507984 0 OK 16
Gamma_1 2 1 1229 0 0 1510441 0 OK 16
Gamma_1 2 1 1230 0 0 1512900 0 OK 31
Gamma_1 2 1 1231 0 0 1515361 0 OK 14
Gamma_1 2 1 1232 0 0 1517824 0 OK 16
Gamma_1 2 1 1233 0 0 1520289 0 OK 16
Gamma_1 2 1 1234 0 0 1522756 0 OK 29
Gamma_1 2 1 1235 0 0 1525225 0 OK 31
Gamma_1 2 1 1236 0 0 1527696 0 OK 16
Gamma_1 2 1 1237 0 0 1530169 0 OK 16
Gamma_1 2 1 1238 0 0 1532644 0 OK 31
Gamma_1 2 1 1239 0 0 1535121 0 OK 29
Gamma_1 2 1 1240 0 0 1537600 0 OK 29
Gamma_1 2 1 1241 0 0 1540081 0 OK 31
Gamma_1 2 1 1242 0 0 1542564 0 OK 16
Gamma_1 2 1 1243 0 0 1545049 0 OK 16
Gamma_1 2 1 1244 0 0 1547536 0 OK 29
Gamma_1 2 1 1245 0 0 1550025 0 OK 18
Gamma_1 2 1 1246 0 0 1552516 0 OK 28
Gamma_1 2 1 1247 0 0 1555009 0 OK 30
Gamma_1 2 1 1248 0 0 1557504 0 OK 16
Gamma_1 2 1 1249 0 0 1560001 0 OK 16
Gamma_1 2 1 1250 0 0 1562500 0 OK 14
Gamma_1 2 1 1251 0 0 1565001 0 OK 15
Gamma_1 2 1 1252 0 0 1567504 0 OK 16
Gamma_1 2 1 1253 0 0 1570009 0 OK 16
Gamma_1 2 1 1254 0 0 1572516 0 OK 31
Gamma_1 2 1 1255 0 0 1575025 0 OK 18
Gamma_1 2 1 1256 0 0 1577536 0 OK 16
Gamma_1 2 1 1257 0 0 1580049 0 OK 17
Gamma_1 2 1 1258 0 0 1582564 0 OK 15
Gamma_1 2 1 1259 0 0 1585081 0 OK 14
Gamma_1 2 1 1260 0 0 1587600 0 OK 16
Gamma_1 2 1 1261 0 0 1590121 0 OK 17
Gamma_1 2 1 1262 0 0 1592644 0 OK 15
Gamma_1 2 1 1263 0 0 1595169 0 OK 30
Gamma_1 2 1 1264 0 0 1597696 0 OK 17
Gamma_1 2 1 1265 0 0 1600225 0 OK 18
Gamma_1 2 1 1266 0 0 1602756 0 OK 28
Gamma_1 2 1 1267 0 0 1605289 0 OK 14
Gamma_1 2 1 1268 0 0 1607824 0 OK 16
Gamma_1 2 1 1269 0 0 1610361 0 OK 17
Gamma_1 2 1 1270 0 0 1612900 0 OK 14
Gamma_1 2 1 1271 0 0 1615441 0 OK 15
Gamma_1 2 1 1272 0 0 1617984 0 OK 32
Gamma_1 2 1 1273 0 0 1620529 0 OK 18
Gamma_1 2 1 1274 0 0 1623076 0 OK 35
Gamma_1 2 1 1275 0 0 1625625 0 OK 17
Gamma_1 2 1 1276 0 0 1628176 0 OK 29
Gamma_1 2 1 1277 0 0 1630729 0 OK 18
Gamma_1 2 1 1278 0 0 1633284 0 OK 14
Gamma_1 2 1 1279 0 0 1635841 0 OK 15
Gamma_1 2 1 1280 0 0 1638400 0 OK 41
Gamma_1 2 1 1281 0 0 1640961 0 OK 31
Gamma_1 2 1 1282 0 0 1643524 0 OK 29
Gamma_1 2 1 1283 0 0 1646089 0 OK 28
Gamma_1 2 1 1284 0 0 1648656 0 OK 17
Gamma_1 2 1 1285 0 0 1651225 0 OK 31
Gamma_1 2 1 1286 0 0 1653796 0 OK 17
Gamma_1 2 1 1287 0 0 1656369 0 OK 32
Gamma_1 2 1 1288 0 0 1658944 0 OK 16
Gamma_1 2 1 1289 0 0 1661521 0 OK 16
Gamma_1 2 1 1290 0 0 1664100 0 OK 13
Gamma_1 2 1 1291 0 0 1666681 0 OK 30
Gamma_1 2 1 1292 0 0 1669264 0 OK 18
Gamma_1 2 1 1293 0 0 1671849 0 OK 16
Gamma_1 2 1 1294 0 0 1674436 0 OK 15
Gamma_1 2 1 1295 0 0 1677025 0 OK 17
Gamma_1 2 1 1296 0 0 1679616 0 OK 30
Gamma_1 2 1 1297 0 0 1682209 0 OK 16
Gamma_1 2 1 1298 0 0 1684804 0 OK 30
Gamma_1 2 1 1299 0 0 1687401 0 OK 16
Gamma_1 2 1 1300 0 0 1690000 0 OK 16
Gamma_1 2 1 1301 0 0 1692601 0 OK 16
Gamma_1 2 1 1302 0 0 1695204 0 OK 31
Gamma_1 2 1 1303 0 0 1697809 0 OK 16
Gamma_1 2 1 1304 0 0 1700416 0 OK 16
Gamma_1 2 1 1305 0 0 1703025 0 OK 16
Gamma_1 2 1 1306 0 0 1705636 0 OK 31
Gamma_1 2 1 1307 0 0 1708249 0 OK 30
Gamma_1 2 1 1308 0 0 1710864 0 OK 29
Gamma_1 2 1 1309 0 0 1713481 0 OK 28
Gamma_1 2 1 1310 0 0 1716100 0 OK 27
Gamma_1 2 1 1311 0 0 1718721 0 OK 16
Gamma_1 2 1 1312 0 0 1721344 0 OK 29
Gamma_1 2 1 1313 0 0 1723969 0 OK 30
Gamma_1 2 1 1314 0 0 1726596 0 OK 16
Gamma_1 2 1 1315 0 0 1729225 0 OK 17
Gamma_1 2 1 1316 0 0 1731856 0 OK 16
Gamma_1 2 1 1317 0 0 1734489 0 OK 30
Gamma_1 2 1 1318 0 0 1737124 0 OK 16
Gamma_1 2 1 1319 0 0 1739761 0 OK 29
Gamma_1 2 1 1320 0 0 1742400 0 OK 16
Gamma_1 2 1 1321 0 0 1745041 0 OK 16
Gamma_1 2 1 1322 0 0 1747684 0 OK 16
Gamma_1 2 1 1323 0 0 1750329 0 OK 28
Gamma_1 2 1 1324 0 0 1752976 0 OK 16
Gamma_1 2 1 1325 0 0 1755625 0 OK 15
Gamma_1 2 1 1326 0 0 1758276 0 OK 15
Gamma_1 2 1 1327 0 0 1760929 0 OK 17
Gamma_1 2 1 1328 0 0 1763584 0 OK 14
Gamma_1 2 1 1329 0 0 1766241 0 OK 16
Gamma_1 2 1 1330 0 0 1768900 0 OK 29
Gamma_1 2 1 1331 0 0 1771561 0 OK 16
Gamma_1 2 1 1332 0 0 1774224 0 OK 30
Gamma_1 2 1 1333 0 0 1776889 0 OK 16
Gamma_1 2 1 1334 0 0 1779556 0 OK 30
Gamma_1 2 1 1335 0 0 1782225 0 OK 29
Gamma_1 2 1 1336 0 0 1784896 0 OK 29
Gamma_1 2 1 1337 0 0 1787569 0 OK 18
Gamma_1 2 1 1338 0 0 1790244 0 OK 16
Gamma_1 2 1 1339 0 0 1792921 0 OK 16
Gamma_1 2 1 1340 0 0 1795600 0 OK 41
Gamma_1 2 1 1341 0 0 1798281 0 OK 17
Gamma_1 2 1 1342 0 0 1800964 0 OK 31
Gamma_1 2 1 1343 0 0 1803649 0 OK 17
Gamma_1 2 1 1344 0 0 1806336 0 OK 29
Gamma_1 2 1 1345 0 0 1809025 0 OK 16
Gamma_1 2 1 1346 0 0 1811716 0 OK 17
Gamma_1 2 1 1347 0 0 1814409 0 OK 31
Gamma_1 2 1 1348 0 0 1817104 0 OK 16
Gamma_1 2 1 1349 0 0 1819801 0 OK 31
Gamma_1 2 1 1350 0 0 1822500 0 OK 16
Gamma_1 2 1 1351 0 0 1825201 0 OK 15
Gamma_1 2 1 1352 0 0 1827904 0 OK 28
Gamma_1 2 1 1353 0 0 1830609 0 OK 17
Gamma_1 2 1 1354 0 0 1833316 0 OK 29
Gamma_1 2 1 1355 0 0 1836025 0 OK 16
Gamma_1 2 1 1356 0 0 1838736 0 OK 16
Gamma_1 2 1 1357 0 0 1841449 0 OK 30
Gamma_1 2 1 1358 0 0 1844164 0 OK 16
Gamma_1 2 1 1359 0 0 1846881 0 OK 31
Gamma_1 2 1 1360 0 0 1849600 0 OK 15
Gamma_1 2 1 1361 0 0 1852321 0 OK 14
Gamma_1 2 1 1362 0 0 1855044 0 OK 29
Gamma_1 2 1 1363 0 0 1857769 0 OK 17
Gamma_1 2 1 1364 0 0 1860496 0 OK 30
Gamma_1 2 1 1365 0 0 1863225 0 OK 15
Gamma_1 2 1 1366 0 0 1865956 0 OK 17
Gamma_1 2 1 1367 0 0 1868689 0 OK 18
Gamma_1 2 1 1368 0 0 1871424 0 OK 16
Gamma_1 2 1 1369 0 0 1874161 0 OK 15
Gamma_1 2 1 1370 0 0 1876900 0 OK 30
Gamma_1 2 1 1371 0 0 1879641 0 OK 15
Gamma_1 2 1 1372 0 0 1882384 0 OK 16
Gamma_1 2 1 1373 0 0 1885129 0 OK 15
Gamma_1 2 1 1374 0 0 1887876 0 OK 14
Gamma_1 2 1 1375 0 0 1890625 0 OK 15
Gamma_1 2 1 1376 0 0 1893376 0 OK 32
Gamma_1 2 1 1377 0 0 1896129 0 OK 16
Gamma_1 2 1 1378 0 0 1898884 0 OK 30
Gamma_1 2 1 1379 0 0 1901641 0 OK 16
Gamma_1 2 1 1380 0 0 1904400 0 OK 29
Gamma_1 2 1 1381 0 0 1907161 0 OK 30
Gamma_1 2 1 1382 0 0 1909924 0 OK 18
Gamma_1 2 1 1383 0 0 1912689 0 OK 16
Gamma_1 2 1 1384 0 0 1915456 0 OK 14
Gamma_1 2 1 1385 0 0 1918225 0 OK 16
Gamma_1 2 1 1386 0 0 1920996 0 OK 15
Gamma_1 2 1 1387 0 0 1923769 0 OK 16
Gamma_1 2 1 1388 0 0 1926544 0 OK 30
Gamma_1 2 1 1389 0 0 1929321 0 OK 16
Gamma_1 2 1 1390 0 0 1932100 0 OK 30
Gamma_1 2 1 1391 0 0 1934881 0 OK 16
Gamma_1 2 1 1392 0 0 1937664 0 OK 16
Gamma_1 2 1 1393 0 0 1940449 0 OK 15
Gamma_1 2 1 1394 0 0 1943236 0 OK 30
Gamma_1 2 1 1395 0 0 1946025 0 OK 18
Gamma_1 2 1 1396 0 0 1948816 0 OK 16
Gamma_1 2 1 1397 0 0 1951609 0 OK 17
Gamma_1 2 1 1398 0 0 1954404 0 OK 29
Gamma_1 2 1 1399 0 0 1957201 0 OK 15
Gamma_1 2 1 1400 0 0 1960000 0 OK 15
Gamma_1 2 1 1401 0 0 1962801 0 OK 30
Gamma_1 2 1 1402 0 0 1965604 0 OK 16
Gamma_1 2 1 1403 0 0 1968409 0 OK 15
Gamma_1 2 1 1404 0 0 1971216 0 OK 16
Gamma_1 2 1 1405 0 0 1974025 0 OK 31
Gamma_1 2 1 1406 0 0 1976836 0 OK 16
Gamma_1 2 1 1407 0 0 1979649 0 OK 16
Gamma_1 2 1 1408 0 0 1982464 0 OK 15
Gamma_1 2 1 1409 0 0 1985281 0 OK 16
Gamma_1 2 1 1410 0 0 1988100 0 OK 14
Gamma_1 2 1 1411 0 0 1990921 0 OK 30
Gamma_1 2 1 1412 0 0 1993744 0 OK 16
Gamma_1 2 1 1413 0 0 1996569 0 OK 15
Gamma_1 2 1 1414 0 0 1999396 0 OK 28
Gamma_1 2 1 1415 0 0 2002225 0 OK 17
Gamma_1 2 1 1416 0 0 2005056 0 OK 15
Gamma_1 2 1 1417 0 0 2007889 0 OK 15
Gamma_1 2 1 1418 0 0 2010724 0 OK 29
Gamma_1 2 1 1419 0 0 2013561 0 OK 16
Gamma_1 2 1 1420 0 0 2016400 0 OK 16
Gamma_1 2 1 1421 0 0 2019241 0 OK 17
Gamma_1 2 1 1422 0 0 2022084 0 OK 32
Gamma_1 2 1 1423 0 0 2024929 0 OK 32
Gamma_1 2 1 1424 0 0 2027776 0 OK 31
Gamma_1 2 1 1425 0 0 2030625 0 OK 20
Gamma_1 2 1 1426 0 0 2033476 0 OK 32
Gamma_1 2 1 1427 0 0 2036329 0 OK 16
Gamma_1 2 1 1428 0 0 2039184 0 OK 29
Gamma_1 2 1 1429 0 0 2042041 0 OK 30
Gamma_1 2 1 1430 0 0 2044900 0 OK 29
Gamma_1 2 1 1431 0 0 2047761 0 OK 15
Gamma_1 2 1 1432 0 0 2050624 0 OK 40
Gamma_1 2 1 1433 0 0 2053489 0 OK 15
Gamma_1 2 1 1434 0 0 2056356 0 OK 16
Gamma_1 2 1 1435 0 0 2059225 0 OK 29
Gamma_1 2 1 1436 0 0 2062096 0 OK 16
Gamma_1 2 1 1437 0 0 2064969 0 OK 14
Gamma_1 2 1 1438 0 0 2067844 0 OK 16
Gamma_1 2 1 1439 0 0 2070721 0 OK 16
Gamma_1 2 1 1440 0 0 2073600 0 OK 16
Gamma_1 2 1 1441 0 0 2076481 0 OK 29
Gamma_1 2 1 1442 0 0 2079364 0 OK 16
Gamma_1 2 1 1443 0 0 2082249 0 OK 16
Gamma_1 2 1 1444 0 0 2085136 0 OK 30
Gamma_1 2 1 1445 0 0 2088025 0 OK 29
Gamma_1 2 1 1446 0 0 2090916 0 OK 16
Gamma_1 2 1 1447 0 0 2093809 0 OK 28
Gamma_1 2 1 1448 0 0 2096704 0 OK 28
Gamma_1 2 1 1449 0 0 2099601 0 OK 16
Gamma_1 2 1 1450 0 0 2102500 0 OK 39
Gamma_1 2 1 1451 0 0 2105401 0 OK 15
Gamma_1 2 1 1452 0 0 2108304 0 OK 17
Gamma_1 2 1 1453 0 0 2111209 0 OK 18
Gamma_1 2 1 1454 0 0 2114116 0 OK 17
Gamma_1 2 1 1455 0 0 2117025 0 OK 15
Gamma_1 2 1 1456 0 0 2119936 0 OK 16
Gamma_1 2 1 1457 0 0 2122849 0 OK 16
Gamma_1 2 1 1458 0 0 2125764 0 OK 14
Gamma_1 2 1 1459 0 0 2128681 0 OK 16
Gamma_1 2 1 1460 0 0 2131600 0 OK 16
Gamma_1 2 1 1461 0 0 2134521 0 OK 16
Gamma_1 2 1 1462 0 0 2137444 0 OK 31
Gamma_1 2 1 1463 0 0 2140369 0 OK 33
Gamma_1 2 1 1464 0 0 2143296 0 OK 15
Gamma_1 2 1 1465 0 0 2146225 0 OK 20
Gamma_1 2 1 1466 0 0 2149156 0 OK 41
Gamma_1 2 1 1467 0 0 2152089 0 OK 17
Gamma_1 2 1 1468 0 0 2155024 0 OK 15
Gamma_1 2 1 1469 0 0 2157961 0 OK 17
Gamma_1 2 1 1470 0 0 2160900 0 OK 17
Gamma_1 2 1 1471 0 0 2163841 0 OK 16
Gamma_1 2 1 1472 0 0 2166784 0 OK 31
Gamma_1 2 1 1473 0 0 2169729 0 OK 17
Gamma_1 2 1 1474 0 0 2172676 0 OK 32
Gamma_1 2 1 1475 0 0 2175625 0 OK 17
Gamma_1 2 1 1476 0 0 2178576 0 OK 19
Gamma_1 2 1 1477 0 0 2181529 0 OK 42
Gamma_1 2 1 1478 0 0 2184484 0 OK 15
Gamma_1 2 1 1479 0 0 2187441 0 OK 15
Gamma_1 2 1 1480 0 0 2190400 0 OK 14
Gamma_1 2 1 1481 0 0 2193361 0 OK 30
Gamma_1 2 1 1482 0 0 2196324 0 OK 30
Gamma_1 2 1 1483 0 0 2199289 0 OK 15
Gamma_1 2 1 1484 0 0 2202256 0 OK 16
Gamma_1 2 1 1485 0 0 2205225 0 OK 14
Gamma_1 2 1 1486 0 0 2208196 0 OK 15
Gamma_1 2 1 1487 0 0 2211169 0 OK 30
Gamma_1 2 1 1488 0 0 2214144 0 OK 15
Gamma_1 2 1 1489 0 0 2217121 0 OK 16
Gamma_1 2 1 1490 0 0 2220100 0 OK 18
Gamma_1 2 1 1491 0 0 2223081 0 OK 16
Gamma_1 2 1 1492 0 0 2226064 0 OK 32
Gamma_1 2 1 1493 0 0 2229049 0 OK 15
Gamma_1 2 1 1494 0 0 2232036 0 OK 15
Gamma_1 2 1 1495 0 0 2235025 0 OK 31
Gamma_1 2 1 1496 0 0 2238016 0 OK 16
Gamma_1 2 1 1497 0 0 2241009 0 OK 16
Gamma_1 2 1 1498 0 0 2244004 0 OK 15
Gamma_1 2 1 1499 0 0 2247001 0 OK 30
Gamma_1 2 1 1500 0 0 2250000 0 OK 16
Gamma_1 2 1 1501 0 0 2253001 0 OK 15
Gamma_1 2 1 1502 0 0 2256004 0 OK 18
Gamma_1 2 1 1503 0 0 2259009 0 OK 16
Gamma_1 2 1 1504 0 0 2262016 0 OK 15
Gamma_1 2 1 1505 0 0 2265025 0 OK 32
Gamma_1 2 1 1506 0 0 2268036 0 OK 18
Gamma_1 2 1 1507 0 0 2271049 0 OK 15
Gamma_1 2 1 1508 0 0 2274064 0 OK 32
Gamma_1 2 1 1509 0 0 2277081 0 OK 17
Gamma_1 2 1 1510 0 0 2280100 0 OK 17
Gamma_1 2 1 1511 0 0 2283121 0 OK 15
Gamma_1 2 1 1512 0 0 2286144 0 OK 16
Gamma_1 2 1 1513 0 0 2289169 0 OK 31
Gamma_1 2 1 1514 0 0 2292196 0 OK 33
Gamma_1 2 1 1515 0 0 2295225 0 OK 17
Gamma_1 2 1 1516 0 0 2298256 0 OK 15
Gamma_1 2 1 1517 0 0 2301289 0 OK 31
Gamma_1 2 1 1518 0 0 2304324 0 OK 16
Gamma_1 2 1 1519 0 0 2307361 0 OK 32
Gamma_1 2 1 1520 0 0 2310400 0 OK 30
Gamma_1 2 1 1521 0 0 2313441 0 OK 33
Gamma_1 2 1 1522 0 0 2316484 0 OK 32
Gamma_1 2 1 1523 0 0 2319529 0 OK 16
Gamma_1 2 1 1524 0 0 2322576 0 OK 16
Gamma_1 2 1 1525 0 0 2325625 0 OK 31
Gamma_1 2 1 1526 0 0 2328676 0 OK 18
Gamma_1 2 1 1527 0 0 2331729 0 OK 31
Gamma_1 2 1 1528 0 0 2334784 0 OK 16
Gamma_1 2 1 1529 0 0 2337841 0 OK 18
Gamma_1 2 1 1530 0 0 2340900 0 OK 34
Gamma_1 2 1 1531 0 0 2343961 0 OK 32
Gamma_1 2 1 1532 0 0 2347024 0 OK 17
Gamma_1 2 1 1533 0 0 2350089 0 OK 30
Gamma_1 2 1 1534 0 0 2353156 0 OK 19
Gamma_1 2 1 1535 0 0 2356225 0 OK 16
Gamma_1 2 1 1536 0 0 2359296 0 OK 15
Gamma_1 2 1 1537 0 0 2362369 0 OK 17
Gamma_1 2 1 1538 0 0 2365444 0 OK 32
Gamma_1 2 1 1539 0 0 2368521 0 OK 32
Gamma_1 2 1 1540 0 0 2371600 0 OK 31
Gamma_1 2 1 1541 0 0 2374681 0 OK 17
Gamma_1 2 1 1542 0 0 2377764 0 OK 30
Gamma_1 2 1 1543 0 0 2380849 0 OK 33
Gamma_1 2 1 1544 0 0 2383936 0 OK 17
Gamma_1 2 1 1545 0 0 2387025 0 OK 15
Gamma_1 2 1 1546 0 0 2390116 0 OK 17
Gamma_1 2 1 1547 0 0 2393209 0 OK 14
Gamma_1 2 1 1548 0 0 2396304 0 OK 18
Gamma_1 2 1 1549 0 0 2399401 0 OK 16
Gamma_1 2 1 1550 0 0 2402500 0 OK 17
Gamma_1 2 1 1551 0 0 2405601 0 OK 17
Gamma_1 2 1 1552 0 0 2408704 0 OK 39
Gamma_1 2 1 1553 0 0 2411809 0 OK 17
Gamma_1 2 1 1554 0 0 2414916 0 OK 31
Gamma_1 2 1 1555 0 0 2418025 0 OK 17
Gamma_1 2 1 1556 0 0 2421136 0 OK 18
Gamma_1 2 1 1557 0 0 2424249 0 OK 16
Gamma_1 2 1 1558 0 0 2427364 0 OK 17
Gamma_1 2 1 1559 0 0 2430481 0 OK 19
Gamma_1 2 1 1560 0 0 2433600 0 OK 18
Gamma_1 2 1 1561 0 0 2436721 0 OK 15
Gamma_1 2 1 1562 0 0 2439844 0 OK 16
Gamma_1 2 1 1563 0 0 2442969 0 OK 15
Gamma_1 2 1 1564 0 0 2446096 0 OK 31
Gamma_1 2 1 1565 0 0 2449225 0 OK 16
Gamma_1 2 1 1566 0 0 2452356 0 OK 32
Gamma_1 2 1 1567 0 0 2455489 0 OK 15
Gamma_1 2 1 1568 0 0 2458624 0 OK 16
Gamma_1 2 1 1569 0 0 2461761 0 OK 16
Gamma_1 2 1 1570 0 0 2464900 0 OK 32
Gamma_1 2 1 1571 0 0 2468041 0 OK 30
Gamma_1 2 1 1572 0 0 2471184 0 OK 17
Gamma_1 2 1 1573 0 0 2474329 0 OK 31
Gamma_1 2 1 1574 0 0 2477476 0 OK 30
Gamma_1 2 1 1575 0 0 2480625 0 OK 30
Gamma_1 2 1 1576 0 0 2483776 0 OK 33
Gamma_1 2 1 1577 0 0 2486929 0 OK 17
Gamma_1 2 1 1578 0 0 2490084 0 OK 30
Gamma_1 2 1 1579 0 0 2493241 0 OK 30
Gamma_1 2 1 1580 0 0 2496400 0 OK 18
Gamma_1 2 1 1581 0 0 2499561 0 OK 29
Gamma_1 2 1 1582 0 0 2502724 0 OK 16
Gamma_1 2 1 1583 0 0 2505889 0 OK 31
Gamma_1 2 1 1584 0 0 2509056 0 OK 41
Gamma_1 2 1 1585 0 0 2512225 0 OK 31
Gamma_1 2 1 1586 0 0 2515396 0 OK 15
Gamma_1 2 1 1587 0 0 2518569 0 OK 15
Gamma_1 2 1 1588 0 0 2521744 0 OK 18
Gamma_1 2 1 1589 0 0 2524921 0 OK 16
Gamma_1 2 1 1590 0 0 2528100 0 OK 16
Gamma_1 2 1 1591 0 0 2531281 0 OK 17
Gamma_1 2 1 1592 0 0 2534464 0 OK 19
Gamma_1 2 1 1593 0 0 2537649 0 OK 16
Gamma_1 2 1 1594 0 0 2540836 0 OK 16
Gamma_1 2 1 1595 0 0 2544025 0 OK 17
Gamma_1 2 1 1596 0 0 2547216 0 OK 42
Gamma_1 2 1 1597 0 0 2550409 0 OK 18
Gamma_1 2 1 1598 0 0 2553604 0 OK 17
Gamma_1 2 1 1599 0 0 2556801 0 OK 17
Gamma_1 2 1 1600 0 0 2560000 0 OK 15
Gamma_1 2 1 1601 0 0 2563201 0 OK 42
Gamma_1 2 1 1602 0 0 2566404 0 OK 16
Gamma_1 2 1 1603 0 0 2569609 0 OK 16
Gamma_1 2 1 1604 0 0 2572816 0 OK 16
Gamma_1 2 1 1605 0 0 2576025 0 OK 30
Gamma_1 2 1 1606 0 0 2579236 0 OK 17
Gamma_1 2 1 1607 0 0 2582449 0 OK 16
Gamma_1 2 1 1608 0 0 2585664 0 OK 16
Gamma_1 2 1 1609 0 0 2588881 0 OK 42
Gamma_1 2 1 1610 0 0 2592100 0 OK 15
Gamma_1 2 1 1611 0 0 2595321 0 OK 15
Gamma_1 2 1 1612 0 0 2598544 0 OK 32
Gamma_1 2 1 1613 0 0 2601769 0 OK 16
Gamma_1 2 1 1614 0 0 2604996 0 OK 16
Gamma_1 2 1 1615 0 0 2608225 0 OK 17
Gamma_1 2 1 1616 0 0 2611456 0 OK 15
Gamma_1 2 1 1617 0 0 2614689 0 OK 41
Gamma_1 2 1 1618 0 0 2617924 0 OK 16
Gamma_1 2 1 1619 0 0 2621161 0 OK 15
Gamma_1 2 1 1620 0 0 2624400 0 OK 17
Gamma_1 2 1 1621 0 0 2627641 0 OK 16
Gamma_1 2 1 1622 0 0 2630884 0 OK 42
Gamma_1 2 1 1623 0 0 2634129 0 OK 43
Gamma_1 2 1 1624 0 0 2637376 0 OK 44
Gamma_1 2 1 1625 0 0 2640625 0 OK 43
Gamma_1 2 1 1626 0 0 2643876 0 OK 43
Gamma_1 2 1 1627 0 0 2647129 0 OK 17
Gamma_1 2 1 1628 0 0 2650384 0 OK 16
Gamma_1 2 1 1629 0 0 2653641 0 OK 16
Gamma_1 2 1 1630 0 0 2656900 0 OK 16
Gamma_1 2 1 1631 0 0 2660161 0 OK 18
Gamma_1 2 1 1632 0 0 2663424 0 OK 17
Gamma_1 2 1 1633 0 0 2666689 0 OK 31
Gamma_1 2 1 1634 0 0 2669956 0 OK 17
Gamma_1 2 1 1635 0 0 2673225 0 OK 17
Gamma_1 2 1 1636 0 0 2676496 0 OK 16
Gamma_1 2 1 1637 0 0 2679769 0 OK 16
Gamma_1 2 1 1638 0 0 2683044 0 OK 16
Gamma_1 2 1 1639 0 0 2686321 0 OK 15
Gamma_1 2 1 1640 0 0 2689600 0 OK 15
Gamma_1 2 1 1641 0 0 2692881 0 OK 16
Gamma_1 2 1 1642 0 0 2696164 0 OK 16
Gamma_1 2 1 1643 0 0 2699449 0 OK 32
Gamma_1 2 1 1644 0 0 2702736 0 OK 17
Gamma_1 2 1 1645 0 0 2706025 0 OK 18
Gamma_1 2 1 1646 0 0 2709316 0 OK 29
Gamma_1 2 1 1647 0 0 2712609 0 OK 32
Gamma_1 2 1 1648 0 0 2715904 0 OK 18
Gamma_1 2 1 1649 0 0 2719201 0 OK 16
Gamma_1 2 1 1650 0 0 2722500 0 OK 29
Gamma_1 2 1 1651 0 0 2725801 0 OK 19
Gamma_1 2 1 1652 0 0 2729104 0 OK 16
Gamma_1 2 1 1653 0 0 2732409 0 OK 15
Gamma_1 2 1 1654 0 0 2735716 0 OK 14
Gamma_1 2 1 1655 0 0 2739025 0 OK 16
Gamma_1 2 1 1656 0 0 2742336 0 OK 30
Gamma_1 2 1 1657 0 0 2745649 0 OK 18
Gamma_1 2 1 1658 0 0 2748964 0 OK 17
Gamma_1 2 1 1659 0 0 2752281 0 OK 30
Gamma_1 2 1 1660 0 0 2755600 0 OK 17
Gamma_1 2 1 1661 0 0 2758921 0 OK 16
Gamma_1 2 1 1662 0 0 2762244 0 OK 17
Gamma_1 2 1 1663 0 0 2765569 0 OK 17
Gamma_1 2 1 1664 0 0 2768896 0 OK 15
Gamma_1 2 1 1665 0 0 2772225 0 OK 16
Gamma_1 2 1 1666 0 0 2775556 0 OK 16
Gamma_1 2 1 1667 0 0 2778889 0 OK 16
Gamma_1 2 1 1668 0 0 2782224 0 OK 16
Gamma_1 2 1 1669 0 0 2785561 0 OK 14
Gamma_1 2 1 1670 0 0 2788900 0 OK 15
Gamma_1 2 1 1671 0 0 2792241 0 OK 17
Gamma_1 2 1 1672 0 0 2795584 0 OK 30
Gamma_1 2 1 1673 0 0 2798929 0 OK 31
Gamma_1 2 1 1674 0 0 2802276 0 OK 16
Gamma_1 2 1 1675 0 0 2805625 0 OK 30
Gamma_1 2 1 1676 0 0 2808976 0 OK 32
Gamma_1 2 1 1677 0 0 2812329 0 OK 30
Gamma_1 2 1 1678 0 0 2815684 0 OK 16
Gamma_1 2 1 1679 0 0 2819041 0 OK 17
Gamma_1 2 1 1680 0 0 2822400 0 OK 31
Gamma_1 2 1 1681 0 0 2825761 0 OK 15
Gamma_1 2 1 1682 0 0 2829124 0 OK 17
Gamma_1 2 1 1683 0 0 2832489 0 OK 16
Gamma_1 2 1 1684 0 0 2835856 0 OK 33
Gamma_1 2 1 1685 0 0 2839225 0 OK 17
Gamma_1 2 1 1686 0 0 2842596 0 OK 30
Gamma_1 2 1 1687 0 0 2845969 0 OK 16
Gamma_1 2 1 1688 0 0 2849344 0 OK 18
Gamma_1 2 1 1689 0 0 2852721 0 OK 15
Gamma_1 2 1 1690 0 0 2856100 0 OK 18
Gamma_1 2 1 1691 0 0 2859481 0 OK 16
Gamma_1 2 1 1692 0 0 2862864 0 OK 31
Gamma_1 2 1 1693 0 0 2866249 0 OK 16
Gamma_1 2 1 1694 0 0 2869636 0 OK 15
Gamma_1 2 1 1695 0 0 2873025 0 OK 17
Gamma_1 2 1 1696 0 0 2876416 0 OK 16
Gamma_1 2 1 1697 0 0 2879809 0 OK 14
Gamma_1 2 1 1698 0 0 2883204 0 OK 16
Gamma_1 2 1 1699 0 0 2886601 0 OK 15
Gamma_1 2 1 1700 0 0 2890000 0 OK 30
Gamma_1 2 1 1701 0 0 2893401 0 OK 35
Gamma_1 2 1 1702 0 0 2896804 0 OK 29
Gamma_1 2 1 1703 0 0 2900209 0 OK 32
Gamma_1 2 1 1704 0 0 2903616 0 OK 18
Gamma_1 2 1 1705 0 0 2907025 0 OK 16
Gamma_1 2 1 1706 0 0 2910436 0 OK 15
Gamma_1 2 1 1707 0 0 2913849 0 OK 16
Gamma_1 2 1 1708 0 0 2917264 0 OK 32
Gamma_1 2 1 1709 0 0 2920681 0 OK 16
Gamma_1 2 1 1710 0 0 2924100 0 OK 31
Gamma_1 2 1 1711 0 0 2927521 0 OK 15
Gamma_1 2 1 1712 0 0 2930944 0 OK 29
Gamma_1 2 1 1713 0 0 2934369 0 OK 30
Gamma_1 2 1 1714 0 0 2937796 0 OK 16
Gamma_1 2 1 1715 0 0 2941225 0 OK 33
Gamma_1 2 1 1716 0 0 2944656 0 OK 31
Gamma_1 2 1 1717 0 0 2948089 0 OK 16
Gamma_1 2 1 1718 0 0 2951524 0 OK 14
Gamma_1 2 1 1719 0 0 2954961 0 OK 31
Gamma_1 2 1 1720 0 0 2958400 0 OK 15
Gamma_1 2 1 1721 0 0 2961841 0 OK 16
Gamma_1 2 1 1722 0 0 2965284 0 OK 29
Gamma_1 2 1 1723 0 0 2968729 0 OK 32
Gamma_1 2 1 1724 0 0 2972176 0 OK 17
Gamma_1 2 1 1725 0 0 2975625 0 OK 16
Gamma_1 2 1 1726 0 0 2979076 0 OK 14
Gamma_1 2 1 1727 0 0 2982529 0 OK 16
Gamma_1 2 1 1728 0 0 2985984 0 OK 15
Gamma_1 2 1 1729 0 0 2989441 0 OK 29
Gamma_1 2 1 1730 0 0 2992900 0 OK 31
Gamma_1 2 1 1731 0 0 2996361 0 OK 16
Gamma_1 2 1 1732 0 0 2999824 0 OK 16
Gamma_1 2 1 1733 0 0 3003289 0 OK 15
Gamma_1 2 1 1734 0 0 3006756 0 OK 16
Gamma_1 2 1 1735 0 0 3010225 0 OK 30
Gamma_1 2 1 1736 0 0 3013696 0 OK 31
Gamma_1 2 1 1737 0 0 3017169 0 OK 16
Gamma_1 2 1 1738 0 0 3020644 0 OK 14
Gamma_1 2 1 1739 0 0 3024121 0 OK 30
Gamma_1 2 1 1740 0 0 3027600 0 OK 17
Gamma_1 2 1 1741 0 0 3031081 0 OK 33
Gamma_1 2 1 1742 0 0 3034564 0 OK 32
Gamma_1 2 1 1743 0 0 3038049 0 OK 32
Gamma_1 2 1 1744 0 0 3041536 0 OK 33
Gamma_1 2 1 1745 0 0 3045025 0 OK 16
Gamma_1 2 1 1746 0 0 3048516 0 OK 16
Gamma_1 2 1 1747 0 0 3052009 0 OK 17
Gamma_1 2 1 1748 0 0 3055504 0 OK 16
Gamma_1 2 1 1749 0 0 3059001 0 OK 17
Gamma_1 2 1 1750 0 0 3062500 0 OK 16
Gamma_1 2 1 1751 0 0 3066001 0 OK 15
Gamma_1 2 1 1752 0 0 3069504 0 OK 16
Gamma_1 2 1 1753 0 0 3073009 0 OK 16
Gamma_1 2 1 1754 0 0 3076516 0 OK 15
Gamma_1 2 1 1755 0 0 3080025 0 OK 16
Gamma_1 2 1 1756 0 0 3083536 0 OK 16
Gamma_1 2 1 1757 0 0 3087049 0 OK 15
Gamma_1 2 1 1758 0 0 3090564 0 OK 14
Gamma_1 2 1 1759 0 0 3094081 0 OK 29
Gamma_1 2 1 1760 0 0 3097600 0 OK 18
Gamma_1 2 1 1761 0 0 3101121 0 OK 14
Gamma_1 2 1 1762 0 0 3104644 0 OK 16
Gamma_1 2 1 1763 0 0 3108169 0 OK 17
Gamma_1 2 1 1764 0 0 3111696 0 OK 17
Gamma_1 2 1 1765 0 0 3115225 0 OK 29
Gamma_1 2 1 1766 0 0 3118756 0 OK 29
Gamma_1 2 1 1767 0 0 3122289 0 OK 14
Gamma_1 2 1 1768 0 0 3125824 0 OK 16
Gamma_1 2 1 1769 0 0 3129361 0 OK 15
Gamma_1 2 1 1770 0 0 3132900 0 OK 14
Gamma_1 2 1 1771 0 0 3136441 0 OK 17
Gamma_1 2 1 1772 0 0 3139984 0 OK 30
Gamma_1 2 1 1773 0 0 3143529 0 OK 16
Gamma_1 2 1 1774 0 0 3147076 0 OK 16
Gamma_1 2 1 1775 0 0 3150625 0 OK 16
Gamma_1 2 1 1776 0 0 3154176 0 OK 29
Gamma_1 2 1 1777 0 0 3157729 0 OK 16
Gamma_1 2 1 1778 0 0 3161284 0 OK 29
Gamma_1 2 1 1779 0 0 3164841 0 OK 17
Gamma_1 2 1 1780 0 0 3168400 0 OK 30
Gamma_1 2 1 1781 0 0 3171961 0 OK 31
Gamma_1 2 1 1782 0 0 3175524 0 OK 15
Gamma_1 2 1 1783 0 0 3179089 0 OK 30
Gamma_1 2 1 1784 0 0 3182656 0 OK 31
Gamma_1 2 1 1785 0 0 3186225 0 OK 15
Gamma_1 2 1 1786 0 0 3189796 0 OK 17
Gamma_1 2 1 1787 0 0 3193369 0 OK 30
Gamma_1 2 1 1788 0 0 3196944 0 OK 33
Gamma_1 2 1 1789 0 0 3200521 0 OK 19
Gamma_1 2 1 1790 0 0 3204100 0 OK 16
Gamma_1 2 1 1791 0 0 3207681 0 OK 15
Gamma_1 2 1 1792 0 0 3211264 0 OK 17
Gamma_1 2 1 1793 0 0 3214849 0 OK 30
Gamma_1 2 1 1794 0 0 3218436 0 OK 29
Gamma_1 2 1 1795 0 0 3222025 0 OK 17
Gamma_1 2 1 1796 0 0 3225616 0 OK 20
Gamma_1 2 1 1797 0 0 3229209 0 OK 16
Gamma_1 2 1 1798 0 0 3232804 0 OK 29
Gamma_1 2 1 1799 0 0 3236401 0 OK 30
Gamma_1 2 1 1800 0 0 3240000 0 OK 16
Gamma_1 2 1 1801 0 0 3243601 0 OK 15
Gamma_1 2 1 1802 0 0 3247204 0 OK 15
Gamma_1 2 1 1803 0 0 3250809 0 OK 15
Gamma_1 2 1 1804 0 0 3254416 0 OK 15
Gamma_1 2 1 1805 0 0 3258025 0 OK 16
Gamma_1 2 1 1806 0 0 3261636 0 OK 14
Gamma_1 2 1 1807 0 0 3265249 0 OK 15
Gamma_1 2 1 1808 0 0 3268864 0 OK 16
Gamma_1 2 1 1809 0 0 3272481 0 OK 29
Gamma_1 2 1 1810 0 0 3276100 0 OK 31
Gamma_1 2 1 1811 0 0 3279721 0 OK 16
Gamma_1 2 1 1812 0 0 3283344 0 OK 16
Gamma_1 2 1 1813 0 0 3286969 0 OK 15
Gamma_1 2 1 1814 0 0 3290596 0 OK 16
Gamma_1 2 1 1815 0 0 3294225 0 OK 31
Gamma_1 2 1 1816 0 0 3297856 0 OK 16
Gamma_1 2 1 1817 0 0 3301489 0 OK 17
Gamma_1 2 1 1818 0 0 3305124 0 OK 16
Gamma_1 2 1 1819 0 0 3308761 0 OK 30
Gamma_1 2 1 1820 0 0 3312400 0 OK 16
Gamma_1 2 1 1821 0 0 3316041 0 OK 16
Gamma_1 2 1 1822 0 0 3319684 0 OK 29
Gamma_1 2 1 1823 0 0 3323329 0 OK 16
Gamma_1 2 1 1824 0 0 3326976 0 OK 16
Gamma_1 2 1 1825 0 0 3330625 0 OK 30
Gamma_1 2 1 1826 0 0 3334276 0 OK 30
Gamma_1 2 1 1827 0 0 3337929 0 OK 18
Gamma_1 2 1 1828 0 0 3341584 0 OK 16
Gamma_1 2 1 1829 0 0 3345241 0 OK 30
Gamma_1 2 1 1830 0 0 3348900 0 OK 17
Gamma_1 2 1 1831 0 0 3352561 0 OK 16
Gamma_1 2 1 1832 0 0 3356224 0 OK 15
Gamma_1 2 1 1833 0 0 3359889 0 OK 17
Gamma_1 2 1 1834 0 0 3363556 0 OK 15
Gamma_1 2 1 1835 0 0 3367225 0 OK 16
Gamma_1 2 1 1836 0 0 3370896 0 OK 16
Gamma_1 2 1 1837 0 0 3374569 0 OK 30
Gamma_1 2 1 1838 0 0 3378244 0 OK 15
Gamma_1 2 1 1839 0 0 3381921 0 OK 17
Gamma_1 2 1 1840 0 0 3385600 0 OK 17
Gamma_1 2 1 1841 0 0 3389281 0 OK 18
Gamma_1 2 1 1842 0 0 3392964 0 OK 30
Gamma_1 2 1 1843 0 0 3396649 0 OK 17
Gamma_1 2 1 1844 0 0 3400336 0 OK 28
Gamma_1 2 1 1845 0 0 3404025 0 OK 15
Gamma_1 2 1 1846 0 0 3407716 0 OK 16
Gamma_1 2 1 1847 0 0 3411409 0 OK 32
Gamma_1 2 1 1848 0 0 3415104 0 OK 16
Gamma_1 2 1 1849 0 0 3418801 0 OK 16
Gamma_1 2 1 1850 0 0 3422500 0 OK 15
Gamma_1 2 1 1851 0 0 3426201 0 OK 16
Gamma_1 2 1 1852 0 0 3429904 0 OK 30
Gamma_1 2 1 1853 0 0 3433609 0 OK 16
Gamma_1 2 1 1854 0 0 3437316 0 OK 15
Gamma_1 2 1 1855 0 0 3441025 0 OK 16
Gamma_1 2 1 1856 0 0 3444736 0 OK 29
Gamma_1 2 1 1857 0 0 3448449 0 OK 29
Gamma_1 2 1 1858 0 0 3452164 0 OK 18
Gamma_1 2 1 1859 0 0 3455881 0 OK 16
Gamma_1 2 1 1860 0 0 3459600 0 OK 16
Gamma_1 2 1 1861 0 0 3463321 0 OK 15
Gamma_1 2 1 1862 0 0 3467044 0 OK 15
Gamma_1 2 1 1863 0 0 3470769 0 OK 30
Gamma_1 2 1 1864 0 0 3474496 0 OK 17
Gamma_1 2 1 1865 0 0 3478225 0 OK 15
Gamma_1 2 1 1866 0 0 3481956 0 OK 15
Gamma_1 2 1 1867 0 0 3485689 0 OK 16
Gamma_1 2 1 1868 0 0 3489424 0 OK 30
Gamma_1 2 1 1869 0 0 3493161 0 OK 32
Gamma_1 2 1 1870 0 0 3496900 0 OK 17
Gamma_1 2 1 1871 0 0 3500641 0 OK 16
Gamma_1 2 1 1872 0 0 3504384 0 OK 16
Gamma_1 2 1 1873 0 0 3508129 0 OK 15
Gamma_1 2 1 1874 0 0 3511876 0 OK 31
Gamma_1 2 1 1875 0 0 3515625 0 OK 32
Gamma_1 2 1 1876 0 0 3519376 0 OK 32
Gamma_1 2 1 1877 0 0 3523129 0 OK 16
Gamma_1 2 1 1878 0 0 3526884 0 OK 15
Gamma_1 2 1 1879 0 0 3530641 0 OK 31
Gamma_1 2 1 1880 0 0 3534400 0 OK 16
Gamma_1 2 1 1881 0 0 3538161 0 OK 32
Gamma_1 2 1 1882 0 0 3541924 0 OK 15
Gamma_1 2 1 1883 0 0 3545689 0 OK 32
Gamma_1 2 1 1884 0 0 3549456 0 OK 18
Gamma_1 2 1 1885 0 0 3553225 0 OK 31
Gamma_1 2 1 1886 0 0 3556996 0 OK 17
Gamma_1 2 1 1887 0 0 3560769 0 OK 15
Gamma_1 2 1 1888 0 0 3564544 0 OK 32
Gamma_1 2 1 1889 0 0 3568321 0 OK 30
Gamma_1 2 1 1890 0 0 3572100 0 OK 16
Gamma_1 2 1 1891 0 0 3575881 0 OK 31
Gamma_1 2 1 1892 0 0 3579664 0 OK 16
Gamma_1 2 1 1893 0 0 3583449 0 OK 16
Gamma_1 2 1 1894 0 0 3587236 0 OK 29
Gamma_1 2 1 1895 0 0 3591025 0 OK 32
Gamma_1 2 1 1896 0 0 3594816 0 OK 15
Gamma_1 2 1 1897 0 0 3598609 0 OK 16
Gamma_1 2 1 1898 0 0 3602404 0 OK 17
Gamma_1 2 1 1899 0 0 3606201 0 OK 15
Gamma_1 2 1 1900 0 0 3610000 0 OK 14
Gamma_1 2 1 1901 0 0 3613801 0 OK 16
Gamma_1 2 1 1902 0 0 3617604 0 OK 30
Gamma_1 2 1 1903 0 0 3621409 0 OK 17
Gamma_1 2 1 1904 0 0 3625216 0 OK 16
Gamma_1 2 1 1905 0 0 3629025 0 OK 16
Gamma_1 2 1 1906 0 0 3632836 0 OK 16
Gamma_1 2 1 1907 0 0 3636649 0 OK 14
Gamma_1 2 1 1908 0 0 3640464 0 OK 16
Gamma_1 2 1 1909 0 0 3644281 0 OK 18
Gamma_1 2 1 1910 0 0 3648100 0 OK 16
Gamma_1 2 1 1911 0 0 3651921 0 OK 16
Gamma_1 2 1 1912 0 0 3655744 0 OK 32
Gamma_1 2 1 1913 0 0 3659569 0 OK 16
Gamma_1 2 1 1914 0 0 3663396 0 OK 30
Gamma_1 2 1 1915 0 0 3667225 0 OK 16
Gamma_1 2 1 1916 0 0 3671056 0 OK 17
Gamma_1 2 1 1917 0 0 3674889 0 OK 34
Gamma_1 2 1 1918 0 0 3678724 0 OK 16
Gamma_1 2 1 1919 0 0 3682561 0 OK 16
Gamma_1 2 1 1920 0 0 3686400 0 OK 16
Gamma_1 2 1 1921 0 0 3690241 0 OK 16
Gamma_1 2 1 1922 0 0 3694084 0 OK 41
Gamma_1 2 1 1923 0 0 3697929 0 OK 18
Gamma_1 2 1 1924 0 0 3701776 0 OK 17
Gamma_1 2 1 1925 0 0 3705625 0 OK 17
Gamma_1 2 1 1926 0 0 3709476 0 OK 17
Gamma_1 2 1 1927 0 0 3713329 0 OK 16
Gamma_1 2 1 1928 0 0 3717184 0 OK 15
Gamma_1 2 1 1929 0 0 3721041 0 OK 15
Gamma_1 2 1 1930 0 0 3724900 0 OK 16
Gamma_1 2 1 1931 0 0 3728761 0 OK 17
Gamma_1 2 1 1932 0 0 3732624 0 OK 16
Gamma_1 2 1 1933 0 0 3736489 0 OK 31
Gamma_1 2 1 1934 0 0 3740356 0 OK 17
Gamma_1 2 1 1935 0 0 3744225 0 OK 30
Gamma_1 2 1 1936 0 0 3748096 0 OK 30
Gamma_1 2 1 1937 0 0 3751969 0 OK 32
Gamma_1 2 1 1938 0 0 3755844 0 OK 16
Gamma_1 2 1 1939 0 0 3759721 0 OK 15
Gamma_1 2 1 1940 0 0 3763600 0 OK 30
Gamma_1 2 1 1941 0 0 3767481 0 OK 31
Gamma_1 2 1 1942 0 0 3771364 0 OK 17
Gamma_1 2 1 1943 0 0 3775249 0 OK 15
Gamma_1 2 1 1944 0 0 3779136 0 OK 16
Gamma_1 2 1 1945 0 0 3783025 0 OK 20
Gamma_1 2 1 1946 0 0 3786916 0 OK 16
Gamma_1 2 1 1947 0 0 3790809 0 OK 16
Gamma_1 2 1 1948 0 0 3794704 0 OK 29
Gamma_1 2 1 1949 0 0 3798601 0 OK 39
Gamma_1 2 1 1950 0 0 3802500 0 OK 30
Gamma_1 2 1 1951 0 0 3806401 0 OK 29
Gamma_1 2 1 1952 0 0 3810304 0 OK 16
Gamma_1 2 1 1953 0 0 3814209 0 OK 17
Gamma_1 2 1 1954 0 0 3818116 0 OK 16
Gamma_1 2 1 1955 0 0 3822025 0 OK 16
Gamma_1 2 1 1956 0 0 3825936 0 OK 29
Gamma_1 2 1 1957 0 0 3829849 0 OK 18
Gamma_1 2 1 1958 0 0 3833764 0 OK 16
Gamma_1 2 1 1959 0 0 3837681 0 OK 16
Gamma_1 2 1 1960 0 0 3841600 0 OK 15
Gamma_1 2 1 1961 0 0 3845521 0 OK 15
Gamma_1 2 1 1962 0 0 3849444 0 OK 16
Gamma_1 2 1 1963 0 0 3853369 0 OK 15
Gamma_1 2 1 1964 0 0 3857296 0 OK 31
Gamma_1 2 1 1965 0 0 3861225 0 OK 15
Gamma_1 2 1 1966 0 0 3865156 0 OK 16
Gamma_1 2 1 1967 0 0 3869089 0 OK 16
Gamma_1 2 1 1968 0 0 3873024 0 OK 16
Gamma_1 2 1 1969 0 0 3876961 0 OK 29
Gamma_1 2 1 1970 0 0 3880900 0 OK 16
Gamma_1 2 1 1971 0 0 3884841 0 OK 15
Gamma_1 2 1 1972 0 0 3888784 0 OK 30
Gamma_1 2 1 1973 0 0 3892729 0 OK 29
Gamma_1 2 1 1974 0 0 3896676 0 OK 30
Gamma_1 2 1 1975 0 0 3900625 0 OK 33
Gamma_1 2 1 1976 0 0 3904576 0 OK 16
Gamma_1 2 1 1977 0 0 3908529 0 OK 29
Gamma_1 2 1 1978 0 0 3912484 0 OK 17
Gamma_1 2 1 1979 0 0 3916441 0 OK 16
Gamma_1 2 1 1980 0 0 3920400 0 OK 15
Gamma_1 2 1 1981 0 0 3924361 0 OK 38
Gamma_1 2 1 1982 0 0 3928324 0 OK 30
Gamma_1 2 1 1983 0 0 3932289 0 OK 15
Gamma_1 2 1 1984 0 0 3936256 0 OK 16
Gamma_1 2 1 1985 0 0 3940225 0 OK 17
Gamma_1 2 1 1986 0 0 3944196 0 OK 31
Gamma_1 2 1 1987 0 0 3948169 0 OK 41
Gamma_1 2 1 1988 0 0 3952144 0 OK 18
Gamma_1 2 1 1989 0 0 3956121 0 OK 15
Gamma_1 2 1 1990 0 0 3960100 0 OK 16
Gamma_1 2 1 1991 0 0 3964081 0 OK 32
Gamma_1 2 1 1992 0 0 3968064 0 OK 30
Gamma_1 2 1 1993 0 0 3972049 0 OK 17
Gamma_1 2 1 1994 0 0 3976036 0 OK 15
Gamma_1 2 1 1995 0 0 3980025 0 OK 15
Gamma_1 2 1 1996 0 0 3984016 0 OK 31
Gamma_1 2 1 1997 0 0 3988009 0 OK 17
Gamma_1 2 1 1998 0 0 3992004 0 OK 15
Gamma_1 2 1 1999 0 0 3996001 0 OK 16
Gamma_1 2 1 2000 0 0 4000000 0 OK 33
Gamma_1 2 1 2001 0 0 4004001 0 OK 16
Gamma_1 2 1 2002 0 0 4008004 0 OK 16
Gamma_1 2 1 2003 0 0 4012009 0 OK 16
Gamma_1 2 1 2004 0 0 4016016 0 OK 17
Gamma_1 2 1 2005 0 0 4020025 0 OK 16
Gamma_1 2 1 2006 0 0 4024036 0 OK 16
Gamma_1 2 1 2007 0 0 4028049 0 OK 32
Gamma_1 2 1 2008 0 0 4032064 0 OK 31
Gamma_1 2 1 2009 0 0 4036081 0 OK 16
Gamma_1 2 1 2010 0 0 4040100 0 OK 16
Gamma_1 2 1 2011 0 0 4044121 0 OK 33
Gamma_1 2 1 2012 0 0 4048144 0 OK 16
Gamma_1 2 1 2013 0 0 4052169 0 OK 31
Gamma_1 2 1 2014 0 0 4056196 0 OK 33
Gamma_1 2 1 2015 0 0 4060225 0 OK 17
Gamma_1 2 1 2016 0 0 4064256 0 OK 18
Gamma_1 2 1 2017 0 0 4068289 0 OK 16
Gamma_1 2 1 2018 0 0 4072324 0 OK 16
Gamma_1 2 1 2019 0 0 4076361 0 OK 16
Gamma_1 2 1 2020 0 0 4080400 0 OK 30
Gamma_1 2 1 2021 0 0 4084441 0 OK 31
Gamma_1 2 1 2022 0 0 4088484 0 OK 16
Gamma_1 2 1 2023 0 0 4092529 0 OK 16
Gamma_1 2 1 2024 0 0 4096576 0 OK 29
Gamma_1 2 1 2025 0 0 4100625 0 OK 17
Gamma_1 2 1 2026 0 0 4104676 0 OK 16
Gamma_1 2 1 2027 0 0 4108729 0 OK 15
Gamma_1 2 1 2028 0 0 4112784 0 OK 17
Gamma_1 2 1 2029 0 0 4116841 0 OK 32
Gamma_1 2 1 2030 0 0 4120900 0 OK 32
Gamma_1 2 1 2031 0 0 4124961 0 OK 14
Gamma_1 2 1 2032 0 0 4129024 0 OK 16
Gamma_1 2 1 2033 0 0 4133089 0 OK 17
Gamma_1 2 1 2034 0 0 4137156 0 OK 16
Gamma_1 2 1 2035 0 0 4141225 0 OK 16
Gamma_1 2 1 2036 0 0 4145296 0 OK 15
Gamma_1 2 1 2037 0 0 4149369 0 OK 16
Gamma_1 2 1 2038 0 0 4153444 0 OK 31
Gamma_1 2 1 2039 0 0 4157521 0 OK 16
Gamma_1 2 1 2040 0 0 4161600 0 OK 34
Gamma_1 2 1 2041 0 0 4165681 0 OK 15
Gamma_1 2 1 2042 0 0 4169764 0 OK 14
Gamma_1 2 1 2043 0 0 4173849 0 OK 16
Gamma_1 2 1 2044 0 0 4177936 0 OK 30
Gamma_1 2 1 2045 0 0 4182025 0 OK 16
Gamma_1 2 1 2046 0 0 4186116 0 OK 16
Gamma_1 2 1 2047 0 0 4190209 0 OK 15
Gamma_1 2 1 2048 0 0 4194304 0 OK 16
Gamma_1 2 1 2049 0 0 4198401 0 OK 16
Gamma_1 2 1 2050 0 0 4202500 0 OK 16
Gamma_1 2 1 2051 0 0 4206601 0 OK 15
Gamma_1 2 1 2052 0 0 4210704 0 OK 29
Gamma_1 2 1 2053 0 0 4214809 0 OK 16
Gamma_1 2 1 2054 0 0 4218916 0 OK 15
Gamma_1 2 1 2055 0 0 4223025 0 OK 29
Gamma_1 2 1 2056 0 0 4227136 0 OK 15
Gamma_1 2 1 2057 0 0 4231249 0 OK 30
Gamma_1 2 1 2058 0 0 4235364 0 OK 16
Gamma_1 2 1 2059 0 0 4239481 0 OK 15
Gamma_1 2 1 2060 0 0 4243600 0 OK 29
Gamma_1 2 1 2061 0 0 4247721 0 OK 15
Gamma_1 2 1 2062 0 0 4251844 0 OK 16
Gamma_1 2 1 2063 0 0 4255969 0 OK 16
Gamma_1 2 1 2064 0 0 4260096 0 OK 16
Gamma_1 2 1 2065 0 0 4264225 0 OK 15
Gamma_1 2 1 2066 0 0 4268356 0 OK 13
Gamma_1 2 1 2067 0 0 4272489 0 OK 15
Gamma_1 2 1 2068 0 0 4276624 0 OK 17
Gamma_1 2 1 2069 0 0 4280761 0 OK 16
Gamma_1 2 1 2070 0 0 4284900 0 OK 17
Gamma_1 2 1 2071 0 0 4289041 0 OK 16
Gamma_1 2 1 2072 0 0 4293184 0 OK 31
Gamma_1 2 1 2073 0 0 4297329 0 OK 16
Gamma_1 2 1 2074 0 0 4301476 0 OK 18
Gamma_1 2 1 2075 0 0 4305625 0 OK 18
Gamma_1 2 1 2076 0 0 4309776 0 OK 16
Gamma_1 2 1 2077 0 0 4313929 0 OK 18
Gamma_1 2 1 2078 0 0 4318084 0 OK 16
Gamma_1 2 1 2079 0 0 4322241 0 OK 14
Gamma_1 2 1 2080 0 0 4326400 0 OK 15
Gamma_1 2 1 2081 0 0 4330561 0 OK 44
Gamma_1 2 1 2082 0 0 4334724 0 OK 29
Gamma_1 2 1 2083 0 0 4338889 0 OK 16
Gamma_1 2 1 2084 0 0 4343056 0 OK 17
Gamma_1 2 1 2085 0 0 4347225 0 OK 16
Gamma_1 2 1 2086 0 0 4351396 0 OK 29
Gamma_1 2 1 2087 0 0 4355569 0 OK 28
Gamma_1 2 1 2088 0 0 4359744 0 OK 16
Gamma_1 2 1 2089 0 0 4363921 0 OK 16
Gamma_1 2 1 2090 0 0 4368100 0 OK 16
Gamma_1 2 1 2091 0 0 4372281 0 OK 15
Gamma_1 2 1 2092 0 0 4376464 0 OK 15
Gamma_1 2 1 2093 0 0 4380649 0 OK 15
Gamma_1 2 1 2094 0 0 4384836 0 OK 19
Gamma_1 2 1 2095 0 0 4389025 0 OK 15
Gamma_1 2 1 2096 0 0 4393216 0 OK 15
Gamma_1 2 1 2097 0 0 4397409 0 OK 31
Gamma_1 2 1 2098 0 0 4401604 0 OK 29
Gamma_1 2 1 2099 0 0 4405801 0 OK 15
Gamma_1 2 1 2100 0 0 4410000 0 OK 16
Gamma_1 2 1 2101 0 0 4414201 0 OK 29
Gamma_1 2 1 2102 0 0 4418404 0 OK 18
Gamma_1 2 1 2103 0 0 4422609 0 OK 15
Gamma_1 2 1 2104 0 0 4426816 0 OK 17
Gamma_1 2 1 2105 0 0 4431025 0 OK 28
Gamma_1 2 1 2106 0 0 4435236 0 OK 16
Gamma_1 2 1 2107 0 0 4439449 0 OK 29
Gamma_1 2 1 2108 0 0 4443664 0 OK 32
Gamma_1 2 1 2109 0 0 4447881 0 OK 16
Gamma_1 2 1 2110 0 0 4452100 0 OK 30
Gamma_1 2 1 2111 0 0 4456321 0 OK 27
Gamma_1 2 1 2112 0 0 4460544 0 OK 29
Gamma_1 2 1 2113 0 0 4464769 0 OK 17
Gamma_1 2 1 2114 0 0 4468996 0 OK 29
Gamma_1 2 1 2115 0 0 4473225 0 OK 29
Gamma_1 2 1 2116 0 0 4477456 0 OK 31
Gamma_1 2 1 2117 0 0 4481689 0 OK 32
Gamma_1 2 1 2118 0 0 4485924 0 OK 31
Gamma_1 2 1 2119 0 0 4490161 0 OK 16
Gamma_1 2 1 2120 0 0 4494400 0 OK 16
Gamma_1 2 1 2121 0 0 4498641 0 OK 29
Gamma_1 2 1 2122 0 0 4502884 0 OK 15
Gamma_1 2 1 2123 0 0 4507129 0 OK 16
Gamma_1 2 1 2124 0 0 4511376 0 OK 30
Gamma_1 2 1 2125 0 0 4515625 0 OK 17
Gamma_1 2 1 2126 0 0 4519876 0 OK 15
Gamma_1 2 1 2127 0 0 4524129 0 OK 29
Gamma_1 2 1 2128 0 0 4528384 0 OK 16
Gamma_1 2 1 2129 0 0 4532641 0 OK 15
Gamma_1 2 1 2130 0 0 4536900 0 OK 32
Gamma_1 2 1 2131 0 0 4541161 0 OK 16
Gamma_1 2 1 2132 0 0 4545424 0 OK 30
Gamma_1 2 1 2133 0 0 4549689 0 OK 29
Gamma_1 2 1 2134 0 0 4553956 0 OK 16
Gamma_1 2 1 2135 0 0 4558225 0 OK 15
Gamma_1 2 1 2136 0 0 4562496 0 OK 15
Gamma_1 2 1 2137 0 0 4566769 0 OK 15
Gamma_1 2 1 2138 0 0 4571044 0 OK 16
Gamma_1 2 1 2139 0 0 4575321 0 OK 15
Gamma_1 2 1 2140 0 0 4579600 0 OK 19
Gamma_1 2 1 2141 0 0 4583881 0 OK 30
Gamma_1 2 1 2142 0 0 4588164 0 OK 31
Gamma_1 2 1 2143 0 0 4592449 0 OK 16
Gamma_1 2 1 2144 0 0 4596736 0 OK 30
Gamma_1 2 1 2145 0 0 4601025 0 OK 17
Gamma_1 2 1 2146 0 0 4605316 0 OK 31
Gamma_1 2 1 2147 0 0 4609609 0 OK 16
Gamma_1 2 1 2148 0 0 4613904 0 OK 16
Gamma_1 2 1 2149 0 0 4618201 0 OK 17
Gamma_1 2 1 2150 0 0 4622500 0 OK 15
Gamma_1 2 1 2151 0 0 4626801 0 OK 14
Gamma_1 2 1 2152 0 0 4631104 0 OK 30
Gamma_1 2 1 2153 0 0 4635409 0 OK 31
Gamma_1 2 1 2154 0 0 4639716 0 OK 17
Gamma_1 2 1 2155 0 0 4644025 0 OK 17
Gamma_1 2 1 2156 0 0 4648336 0 OK 15
Gamma_1 2 1 2157 0 0 4652649 0 OK 32
Gamma_1 2 1 2158 0 0 4656964 0 OK 16
Gamma_1 2 1 2159 0 0 4661281 0 OK 16
Gamma_1 2 1 2160 0 0 4665600 0 OK 15
Gamma_1 2 1 2161 0 0 4669921 0 OK 16
Gamma_1 2 1 2162 0 0 4674244 0 OK 15
Gamma_1 2 1 2163 0 0 4678569 0 OK 15
Gamma_1 2 1 2164 0 0 4682896 0 OK 16
Gamma_1 2 1 2165 0 0 4687225 0 OK 17
Gamma_1 2 1 2166 0 0 4691556 0 OK 16
Gamma_1 2 1 2167 0 0 4695889 0 OK 31
Gamma_1 2 1 2168 0 0 4700224 0 OK 30
Gamma_1 2 1 2169 0 0 4704561 0 OK 31
Gamma_1 2 1 2170 0 0 4708900 0 OK 16
Gamma_1 2 1 2171 0 0 4713241 0 OK 16
Gamma_1 2 1 2172 0 0 4717584 0 OK 31
Gamma_1 2 1 2173 0 0 4721929 0 OK 16
Gamma_1 2 1 2174 0 0 4726276 0 OK 16
Gamma_1 2 1 2175 0 0 4730625 0 OK 13
Gamma_1 2 1 2176 0 0 4734976 0 OK 16
Gamma_1 2 1 2177 0 0 4739329 0 OK 31
Gamma_1 2 1 2178 0 0 4743684 0 OK 16
Gamma_1 2 1 2179 0 0 4748041 0 OK 16
Gamma_1 2 1 2180 0 0 4752400 0 OK 29
Gamma_1 2 1 2181 0 0 4756761 0 OK 29
Gamma_1 2 1 2182 0 0 4761124 0 OK 29
Gamma_1 2 1 2183 0 0 4765489 0 OK 15
Gamma_1 2 1 2184 0 0 4769856 0 OK 30
Gamma_1 2 1 2185 0 0 4774225 0 OK 16
Gamma_1 2 1 2186 0 0 4778596 0 OK 16
Gamma_1 2 1 2187 0 0 4782969 0 OK 15
Gamma_1 2 1 2188 0 0 4787344 0 OK 15
Gamma_1 2 1 2189 0 0 4791721 0 OK 20
Gamma_1 2 1 2190 0 0 4796100 0 OK 16
Gamma_1 2 1 2191 0 0 4800481 0 OK 16
Gamma_1 2 1 2192 0 0 4804864 0 OK 30
Gamma_1 2 1 2193 0 0 4809249 0 OK 28
Gamma_1 2 1 2194 0 0 4813636 0 OK 16
Gamma_1 2 1 2195 0 0 4818025 0 OK 16
Gamma_1 2 1 2196 0 0 4822416 0 OK 15
Gamma_1 2 1 2197 0 0 4826809 0 OK 15
Gamma_1 2 1 2198 0 0 4831204 0 OK 16
Gamma_1 2 1 2199 0 0 4835601 0 OK 29
Gamma_1 2 1 2200 0 0 4840000 0 OK 15
Gamma_1 2 1 2201 0 0 4844401 0 OK 16
Gamma_1 2 1 2202 0 0 4848804 0 OK 29
Gamma_1 2 1 2203 0 0 4853209 0 OK 16
Gamma_1 2 1 2204 0 0 4857616 0 OK 15
Gamma_1 2 1 2205 0 0 4862025 0 OK 15
Gamma_1 2 1 2206 0 0 4866436 0 OK 16
Gamma_1 2 1 2207 0 0 4870849 0 OK 30
Gamma_1 2 1 2208 0 0 4875264 0 OK 30
Gamma_1 2 1 2209 0 0 4879681 0 OK 19
Gamma_1 2 1 2210 0 0 4884100 0 OK 28
Gamma_1 2 1 2211 0 0 4888521 0 OK 16
Gamma_1 2 1 2212 0 0 4892944 0 OK 16
Gamma_1 2 1 2213 0 0 4897369 0 OK 28
Gamma_1 2 1 2214 0 0 4901796 0 OK 30
Gamma_1 2 1 2215 0 0 4906225 0 OK 17
Gamma_1 2 1 2216 0 0 4910656 0 OK 31
Gamma_1 2 1 2217 0 0 4915089 0 OK 16
Gamma_1 2 1 2218 0 0 4919524 0 OK 17
Gamma_1 2 1 2219 0 0 4923961 0 OK 13
Gamma_1 2 1 2220 0 0 4928400 0 OK 16
Gamma_1 2 1 2221 0 0 4932841 0 OK 29
Gamma_1 2 1 2222 0 0 4937284 0 OK 32
Gamma_1 2 1 2223 0 0 4941729 0 OK 15
Gamma_1 2 1 2224 0 0 4946176 0 OK 30
Gamma_1 2 1 2225 0 0 4950625 0 OK 16
Gamma_1 2 1 2226 0 0 4955076 0 OK 16
Gamma_1 2 1 2227 0 0 4959529 0 OK 29
Gamma_1 2 1 2228 0 0 4963984 0 OK 17
Gamma_1 2 1 2229 0 0 4968441 0 OK 15
Gamma_1 2 1 2230 0 0 4972900 0 OK 30
Gamma_1 2 1 2231 0 0 4977361 0 OK 17
Gamma_1 2 1 2232 0 0 4981824 0 OK 30
Gamma_1 2 1 2233 0 0 4986289 0 OK 17
Gamma_1 2 1 2234 0 0 4990756 0 OK 29
Gamma_1 2 1 2235 0 0 4995225 0 OK 29
Gamma_1 2 1 2236 0 0 4999696 0 OK 31
Gamma_1 2 1 2237 0 0 5004169 0 OK 17
Gamma_1 2 1 2238 0 0 5008644 0 OK 15
Gamma_1 2 1 2239 0 0 5013121 0 OK 31
Gamma_1 2 1 2240 0 0 5017600 0 OK 16
Gamma_1 2 1 2241 0 0 5022081 0 OK 17
Gamma_1 2 1 2242 0 0 5026564 0 OK 16
Gamma_1 2 1 2243 0 0 5031049 0 OK 29
Gamma_1 2 1 2244 0 0 5035536 0 OK 29
Gamma_1 2 1 2245 0 0 5040025 0 OK 17
Gamma_1 2 1 2246 0 0 5044516 0 OK 30
Gamma_1 2 1 2247 0 0 5049009 0 OK 30
Gamma_1 2 1 2248 0 0 5053504 0 OK 29
Gamma_1 2 1 2249 0 0 5058001 0 OK 18
Gamma_1 2 1 2250 0 0 5062500 0 OK 28
Gamma_1 2 1 2251 0 0 5067001 0 OK 29
Gamma_1 2 1 2252 0 0 5071504 0 OK 16
Gamma_1 2 1 2253 0 0 5076009 0 OK 16
Gamma_1 2 1 2254 0 0 5080516 0 OK 16
Gamma_1 2 1 2255 0 0 5085025 0 OK 14
Gamma_1 2 1 2256 0 0 5089536 0 OK 17
Gamma_1 2 1 2257 0 0 5094049 0 OK 16
Gamma_1 2 1 2258 0 0 5098564 0 OK 17
Gamma_1 2 1 2259 0 0 5103081 0 OK 40
Gamma_1 2 1 2260 0 0 5107600 0 OK 16
Gamma_1 2 1 2261 0 0 5112121 0 OK 32
Gamma_1 2 1 2262 0 0 5116644 0 OK 31
Gamma_1 2 1 2263 0 0 5121169 0 OK 16
Gamma_1 2 1 2264 0 0 5125696 0 OK 15
Gamma_1 2 1 2265 0 0 5130225 0 OK 18
Gamma_1 2 1 2266 0 0 5134756 0 OK 16
Gamma_1 2 1 2267 0 0 5139289 0 OK 31
Gamma_1 2 1 2268 0 0 5143824 0 OK 15
Gamma_1 2 1 2269 0 0 5148361 0 OK 17
Gamma_1 2 1 2270 0 0 5152900 0 OK 15
Gamma_1 2 1 2271 0 0 5157441 0 OK 18
Gamma_1 2 1 2272 0 0 5161984 0 OK 29
Gamma_1 2 1 2273 0 0 5166529 0 OK 30
Gamma_1 2 1 2274 0 0 5171076 0 OK 30
Gamma_1 2 1 2275 0 0 5175625 0 OK 14
Gamma_1 2 1 2276 0 0 5180176 0 OK 28
Gamma_1 2 1 2277 0 0 5184729 0 OK 17
Gamma_1 2 1 2278 0 0 5189284 0 OK 29
Gamma_1 2 1 2279 0 0 5193841 0 OK 16
Gamma_1 2 1 2280 0 0 5198400 0 OK 16
Gamma_1 2 1 2281 0 0 5202961 0 OK 29
Gamma_1 2 1 2282 0 0 5207524 0 OK 17
Gamma_1 2 1 2283 0 0 5212089 0 OK 16
Gamma_1 2 1 2284 0 0 5216656 0 OK 16
Gamma_1 2 1 2285 0 0 5221225 0 OK 17
Gamma_1 2 1 2286 0 0 5225796 0 OK 28
Gamma_1 2 1 2287 0 0 5230369 0 OK 16
Gamma_1 2 1 2288 0 0 5234944 0 OK 28
Gamma_1 2 1 2289 0 0 5239521 0 OK 16
Gamma_1 2 1 2290 0 0 5244100 0 OK 29
Gamma_1 2 1 2291 0 0 5248681 0 OK 27
Gamma_1 2 1 2292 0 0 5253264 0 OK 16
Gamma_1 2 1 2293 0 0 5257849 0 OK 16
Gamma_1 2 1 2294 0 0 5262436 0 OK 15
Gamma_1 2 1 2295 0 0 5267025 0 OK 29
Gamma_1 2 1 2296 0 0 5271616 0 OK 16
Gamma_1 2 1 2297 0 0 5276209 0 OK 28
Gamma_1 2 1 2298 0 0 5280804 0 OK 16
Gamma_1 2 1 2299 0 0 5285401 0 OK 30
Gamma_1 2 1 2300 0 0 5290000 0 OK 15
Gamma_1 2 1 2301 0 0 5294601 0 OK 29
Gamma_1 2 1 2302 0 0 5299204 0 OK 17
Gamma_1 2 1 2303 0 0 5303809 0 OK 15
Gamma_1 2 1 2304 0 0 5308416 0 OK 28
Gamma_1 2 1 2305 0 0 5313025 0 OK 17
Gamma_1 2 1 2306 0 0 5317636 0 OK 16
Gamma_1 2 1 2307 0 0 5322249 0 OK 14
Gamma_1 2 1 2308 0 0 5326864 0 OK 15
Gamma_1 2 1 2309 0 0 5331481 0 OK 31
Gamma_1 2 1 2310 0 0 5336100 0 OK 17
Gamma_1 2 1 2311 0 0 5340721 0 OK 15
Gamma_1 2 1 2312 0 0 5345344 0 OK 15
Gamma_1 2 1 2313 0 0 5349969 0 OK 30
Gamma_1 2 1 2314 0 0 5354596 0 OK 15
Gamma_1 2 1 2315 0 0 5359225 0 OK 16
Gamma_1 2 1 2316 0 0 5363856 0 OK 15
Gamma_1 2 1 2317 0 0 5368489 0 OK 16
Gamma_1 2 1 2318 0 0 5373124 0 OK 29
Gamma_1 2 1 2319 0 0 5377761 0 OK 15
Gamma_1 2 1 2320 0 0 5382400 0 OK 16
Gamma_1 2 1 2321 0 0 5387041 0 OK 16
Gamma_1 2 1 2322 0 0 5391684 0 OK 16
Gamma_1 2 1 2323 0 0 5396329 0 OK 15
Gamma_1 2 1 2324 0 0 5400976 0 OK 30
Gamma_1 2 1 2325 0 0 5405625 0 OK 17
Gamma_1 2 1 2326 0 0 5410276 0 OK 15
Gamma_1 2 1 2327 0 0 5414929 0 OK 16
Gamma_1 2 1 2328 0 0 5419584 0 OK 16
Gamma_1 2 1 2329 0 0 5424241 0 OK 15
Gamma_1 2 1 2330 0 0 5428900 0 OK 28
Gamma_1 2 1 2331 0 0 5433561 0 OK 15
Gamma_1 2 1 2332 0 0 5438224 0 OK 32
Gamma_1 2 1 2333 0 0 5442889 0 OK 30
Gamma_1 2 1 2334 0 0 5447556 0 OK 30
Gamma_1 2 1 2335 0 0 5452225 0 OK 29
Gamma_1 2 1 2336 0 0 5456896 0 OK 16
Gamma_1 2 1 2337 0 0 5461569 0 OK 29
Gamma_1 2 1 2338 0 0 5466244 0 OK 17
Gamma_1 2 1 2339 0 0 5470921 0 OK 27
Gamma_1 2 1 2340 0 0 5475600 0 OK 30
Gamma_1 2 1 2341 0 0 5480281 0 OK 17
Gamma_1 2 1 2342 0 0 5484964 0 OK 28
Gamma_1 2 1 2343 0 0 5489649 0 OK 15
Gamma_1 2 1 2344 0 0 5494336 0 OK 30
Gamma_1 2 1 2345 0 0 5499025 0 OK 30
Gamma_1 2 1 2346 0 0 5503716 0 OK 17
Gamma_1 2 1 2347 0 0 5508409 0 OK 15
Gamma_1 2 1 2348 0 0 5513104 0 OK 29
Gamma_1 2 1 2349 0 0 5517801 0 OK 16
Gamma_1 2 1 2350 0 0 5522500 0 OK 32
Gamma_1 2 1 2351 0 0 5527201 0 OK 15
Gamma_1 2 1 2352 0 0 5531904 0 OK 17
Gamma_1 2 1 2353 0 0 5536609 0 OK 30
Gamma_1 2 1 2354 0 0 5541316 0 OK 16
Gamma_1 2 1 2355 0 0 5546025 0 OK 15
Gamma_1 2 1 2356 0 0 5550736 0 OK 29
Gamma_1 2 1 2357 0 0 5555449 0 OK 16
Gamma_1 2 1 2358 0 0 5560164 0 OK 17
Gamma_1 2 1 2359 0 0 5564881 0 OK 16
Gamma_1 2 1 2360 0 0 5569600 0 OK 29
Gamma_1 2 1 2361 0 0 5574321 0 OK 31
Gamma_1 2 1 2362 0 0 5579044 0 OK 30
Gamma_1 2 1 2363 0 0 5583769 0 OK 16
Gamma_1 2 1 2364 0 0 5588496 0 OK 15
Gamma_1 2 1 2365 0 0 5593225 0 OK 17
Gamma_1 2 1 2366 0 0 5597956 0 OK 15
Gamma_1 2 1 2367 0 0 5602689 0 OK 16
Gamma_1 2 1 2368 0 0 5607424 0 OK 41
Gamma_1 2 1 2369 0 0 5612161 0 OK 31
Gamma_1 2 1 2370 0 0 5616900 0 OK 15
Gamma_1 2 1 2371 0 0 5621641 0 OK 29
Gamma_1 2 1 2372 0 0 5626384 0 OK 31
Gamma_1 2 1 2373 0 0 5631129 0 OK 16
Gamma_1 2 1 2374 0 0 5635876 0 OK 16
Gamma_1 2 1 2375 0 0 5640625 0 OK 29
Gamma_1 2 1 2376 0 0 5645376 0 OK 16
Gamma_1 2 1 2377 0 0 5650129 0 OK 33
Gamma_1 2 1 2378 0 0 5654884 0 OK 16
Gamma_1 2 1 2379 0 0 5659641 0 OK 15
Gamma_1 2 1 2380 0 0 5664400 0 OK 16
Gamma_1 2 1 2381 0 0 5669161 0 OK 16
Gamma_1 2 1 2382 0 0 5673924 0 OK 16
Gamma_1 2 1 2383 0 0 5678689 0 OK 15
Gamma_1 2 1 2384 0 0 5683456 0 OK 16
Gamma_1 2 1 2385 0 0 5688225 0 OK 17
Gamma_1 2 1 2386 0 0 5692996 0 OK 17
Gamma_1 2 1 2387 0 0 5697769 0 OK 29
Gamma_1 2 1 2388 0 0 5702544 0 OK 17
Gamma_1 2 1 2389 0 0 5707321 0 OK 41
Gamma_1 2 1 2390 0 0 5712100 0 OK 29
Gamma_1 2 1 2391 0 0 5716881 0 OK 42
Gamma_1 2 1 2392 0 0 5721664 0 OK 16
Gamma_1 2 1 2393 0 0 5726449 0 OK 30
Gamma_1 2 1 2394 0 0 5731236 0 OK 31
Gamma_1 2 1 2395 0 0 5736025 0 OK 18
Gamma_1 2 1 2396 0 0 5740816 0 OK 17
Gamma_1 2 1 2397 0 0 5745609 0 OK 15
Gamma_1 2 1 2398 0 0 5750404 0 OK 42
Gamma_1 2 1 2399 0 0 5755201 0 OK 16
Gamma_1 2 1 2400 0 0 5760000 0 OK 16
Gamma_1 2 1 2401 0 0 5764801 0 OK 17
Gamma_1 2 1 2402 0 0 5769604 0 OK 13
Gamma_1 2 1 2403 0 0 5774409 0 OK 15
Gamma_1 2 1 2404 0 0 5779216 0 OK 16
Gamma_1 2 1 2405 0 0 5784025 0 OK 16
Gamma_1 2 1 2406 0 0 5788836 0 OK 29
Gamma_1 2 1 2407 0 0 5793649 0 OK 16
Gamma_1 2 1 2408 0 0 5798464 0 OK 14
Gamma_1 2 1 2409 0 0 5803281 0 OK 30
Gamma_1 2 1 2410 0 0 5808100 0 OK 31
Gamma_1 2 1 2411 0 0 5812921 0 OK 17
Gamma_1 2 1 2412 0 0 5817744 0 OK 17
Gamma_1 2 1 2413 0 0 5822569 0 OK 15
Gamma_1 2 1 2414 0 0 5827396 0 OK 16
Gamma_1 2 1 2415 0 0 5832225 0 OK 16
Gamma_1 2 1 2416 0 0 5837056 0 OK 16
Gamma_1 2 1 2417 0 0 5841889 0 OK 17
Gamma_1 2 1 2418 0 0 5846724 0 OK 29
Gamma_1 2 1 2419 0 0 5851561 0 OK 18
Gamma_1 2 1 2420 0 0 5856400 0 OK 29
Gamma_1 2 1 2421 0 0 5861241 0 OK 30
Gamma_1 2 1 2422 0 0 5866084 0 OK 16
Gamma_1 2 1 2423 0 0 5870929 0 OK 28
Gamma_1 2 1 2424 0 0 5875776 0 OK 16
Gamma_1 2 1 2425 0 0 5880625 0 OK 40
Gamma_1 2 1 2426 0 0 5885476 0 OK 16
Gamma_1 2 1 2427 0 0 5890329 0 OK 16
Gamma_1 2 1 2428 0 0 5895184 0 OK 29
Gamma_1 2 1 2429 0 0 5900041 0 OK 29
Gamma_1 2 1 2430 0 0 5904900 0 OK 32
Gamma_1 2 1 2431 0 0 5909761 0 OK 16
Gamma_1 2 1 2432 0 0 5914624 0 OK 16
Gamma_1 2 1 2433 0 0 5919489 0 OK 32
Gamma_1 2 1 2434 0 0 5924356 0 OK 17
Gamma_1 2 1 2435 0 0 5929225 0 OK 30
Gamma_1 2 1 2436 0 0 5934096 0 OK 16
Gamma_1 2 1 2437 0 0 5938969 0 OK 16
Gamma_1 2 1 2438 0 0 5943844 0 OK 15
Gamma_1 2 1 2439 0 0 5948721 0 OK 15
Gamma_1 2 1 2440 0 0 5953600 0 OK 30
Gamma_1 2 1 2441 0 0 5958481 0 OK 30
Gamma_1 2 1 2442 0 0 5963364 0 OK 14
Gamma_1 2 1 2443 0 0 5968249 0 OK 15
Gamma_1 2 1 2444 0 0 5973136 0 OK 16
Gamma_1 2 1 2445 0 0 5978025 0 OK 30
Gamma_1 2 1 2446 0 0 5982916 0 OK 16
Gamma_1 2 1 2447 0 0 5987809 0 OK 31
Gamma_1 2 1 2448 0 0 5992704 0 OK 17
Gamma_1 2 1 2449 0 0 5997601 0 OK 16
Gamma_1 2 1 2450 0 0 6002500 0 OK 16
Gamma_1 2 1 2451 0 0 6007401 0 OK 29
Gamma_1 2 1 2452 0 0 6012304 0 OK 17
Gamma_1 2 1 2453 0 0 6017209 0 OK 16
Gamma_1 2 1 2454 0 0 6022116 0 OK 16
Gamma_1 2 1 2455 0 0 6027025 0 OK 15
Gamma_1 2 1 2456 0 0 6031936 0 OK 15
Gamma_1 2 1 2457 0 0 6036849 0 OK 17
Gamma_1 2 1 2458 0 0 6041764 0 OK 16
Gamma_1 2 1 2459 0 0 6046681 0 OK 29
Gamma_1 2 1 2460 0 0 6051600 0 OK 30
Gamma_1 2 1 2461 0 0 6056521 0 OK 16
Gamma_1 2 1 2462 0 0 6061444 0 OK 17
Gamma_1 2 1 2463 0 0 6066369 0 OK 16
Gamma_1 2 1 2464 0 0 6071296 0 OK 16
Gamma_1 2 1 2465 0 0 6076225 0 OK 32
Gamma_1 2 1 2466 0 0 6081156 0 OK 30
Gamma_1 2 1 2467 0 0 6086089 0 OK 32
Gamma_1 2 1 2468 0 0 6091024 0 OK 30
Gamma_1 2 1 2469 0 0 6095961 0 OK 30
Gamma_1 2 1 2470 0 0 6100900 0 OK 17
Gamma_1 2 1 2471 0 0 6105841 0 OK 20
Gamma_1 2 1 2472 0 0 6110784 0 OK 16
Gamma_1 2 1 2473 0 0 6115729 0 OK 18
Gamma_1 2 1 2474 0 0 6120676 0 OK 32
Gamma_1 2 1 2475 0 0 6125625 0 OK 19
Gamma_1 2 1 2476 0 0 6130576 0 OK 15
Gamma_1 2 1 2477 0 0 6135529 0 OK 17
Gamma_1 2 1 2478 0 0 6140484 0 OK 17
Gamma_1 2 1 2479 0 0 6145441 0 OK 17
Gamma_1 2 1 2480 0 0 6150400 0 OK 17
Gamma_1 2 1 2481 0 0 6155361 0 OK 16
Gamma_1 2 1 2482 0 0 6160324 0 OK 16
Gamma_1 2 1 2483 0 0 6165289 0 OK 31
Gamma_1 2 1 2484 0 0 6170256 0 OK 16
Gamma_1 2 1 2485 0 0 6175225 0 OK 31
Gamma_1 2 1 2486 0 0 6180196 0 OK 16
Gamma_1 2 1 2487 0 0 6185169 0 OK 32
Gamma_1 2 1 2488 0 0 6190144 0 OK 32
Gamma_1 2 1 2489 0 0 6195121 0 OK 31
Gamma_1 2 1 2490 0 0 6200100 0 OK 30
Gamma_1 2 1 2491 0 0 6205081 0 OK 16
Gamma_1 2 1 2492 0 0 6210064 0 OK 19
Gamma_1 2 1 2493 0 0 6215049 0 OK 27
Gamma_1 2 1 2494 0 0 6220036 0 OK 18
Gamma_1 2 1 2495 0 0 6225025 0 OK 17
Gamma_1 2 1 2496 0 0 6230016 0 OK 15
Gamma_1 2 1 2497 0 0 6235009 0 OK 18
Gamma_1 2 1 2498 0 0 6240004 0 OK 17
Gamma_1 2 1 2499 0 0 6245001 0 OK 28
Gamma_1 2 1 2500 0 0 6250000 0 OK 15
Gamma_1 2 1 2501 0 0 6255001 0 OK 15
Gamma_1 2 1 2502 0 0 6260004 0 OK 17
Gamma_1 2 1 2503 0 0 6265009 0 OK 16
Gamma_1 2 1 2504 0 0 6270016 0 OK 32
Gamma_1 2 1 2505 0 0 6275025 0 OK 16
Gamma_1 2 1 2506 0 0 6280036 0 OK 31
Gamma_1 2 1 2507 0 0 6285049 0 OK 16
Gamma_1 2 1 2508 0 0 6290064 0 OK 15
Gamma_1 2 1 2509 0 0 6295081 0 OK 15
Gamma_1 2 1 2510 0 0 6300100 0 OK 31
Gamma_1 2 1 2511 0 0 6305121 0 OK 14
Gamma_1 2 1 2512 0 0 6310144 0 OK 17
Gamma_1 2 1 2513 0 0 6315169 0 OK 29
Gamma_1 2 1 2514 0 0 6320196 0 OK 16
Gamma_1 2 1 2515 0 0 6325225 0 OK 18
Gamma_1 2 1 2516 0 0 6330256 0 OK 16
Gamma_1 2 1 2517 0 0 6335289 0 OK 16
Gamma_1 2 1 2518 0 0 6340324 0 OK 16
Gamma_1 2 1 2519 0 0 6345361 0 OK 15
Gamma_1 2 1 2520 0 0 6350400 0 OK 17
Gamma_1 2 1 2521 0 0 6355441 0 OK 19
Gamma_1 2 1 2522 0 0 6360484 0 OK 17
Gamma_1 2 1 2523 0 0 6365529 0 OK 30
Gamma_1 2 1 2524 0 0 6370576 0 OK 17
Gamma_1 2 1 2525 0 0 6375625 0 OK 16
Gamma_1 2 1 2526 0 0 6380676 0 OK 16
Gamma_1 2 1 2527 0 0 6385729 0 OK 15
Gamma_1 2 1 2528 0 0 6390784 0 OK 15
Gamma_1 2 1 2529 0 0 6395841 0 OK 16
Gamma_1 2 1 2530 0 0 6400900 0 OK 18
Gamma_1 2 1 2531 0 0 6405961 0 OK 30
Gamma_1 2 1 2532 0 0 6411024 0 OK 14
Gamma_1 2 1 2533 0 0 6416089 0 OK 16
Gamma_1 2 1 2534 0 0 6421156 0 OK 32
Gamma_1 2 1 2535 0 0 6426225 0 OK 16
Gamma_1 2 1 2536 0 0 6431296 0 OK 32
Gamma_1 2 1 2537 0 0 6436369 0 OK 16
Gamma_1 2 1 2538 0 0 6441444 0 OK 43
Gamma_1 2 1 2539 0 0 6446521 0 OK 16
Gamma_1 2 1 2540 0 0 6451600 0 OK 32
Gamma_1 2 1 2541 0 0 6456681 0 OK 16
Gamma_1 2 1 2542 0 0 6461764 0 OK 17
Gamma_1 2 1 2543 0 0 6466849 0 OK 17
Gamma_1 2 1 2544 0 0 6471936 0 OK 15
Gamma_1 2 1 2545 0 0 6477025 0 OK 17
Gamma_1 2 1 2546 0 0 6482116 0 OK 15
Gamma_1 2 1 2547 0 0 6487209 0 OK 16
Gamma_1 2 1 2548 0 0 6492304 0 OK 30
Gamma_1 2 1 2549 0 0 6497401 0 OK 19
Gamma_1 2 1 2550 0 0 6502500 0 OK 33
Gamma_1 2 1 2551 0 0 6507601 0 OK 17
Gamma_1 2 1 2552 0 0 6512704 0 OK 18
Gamma_1 2 1 2553 0 0 6517809 0 OK 32
Gamma_1 2 1 2554 0 0 6522916 0 OK 31
Gamma_1 2 1 2555 0 0 6528025 0 OK 16
Gamma_1 2 1 2556 0 0 6533136 0 OK 15
Gamma_1 2 1 2557 0 0 6538249 0 OK 16
Gamma_1 2 1 2558 0 0 6543364 0 OK 15
Gamma_1 2 1 2559 0 0 6548481 0 OK 15
Gamma_1 2 1 2560 0 0 6553600 0 OK 15
Gamma_1 2 1 2561 0 0 6558721 0 OK 16
Gamma_1 2 1 2562 0 0 6563844 0 OK 15
Gamma_1 2 1 2563 0 0 6568969 0 OK 31
Gamma_1 2 1 2564 0 0 6574096 0 OK 32
Gamma_1 2 1 2565 0 0 6579225 0 OK 16
Gamma_1 2 1 2566 0 0 6584356 0 OK 32
Gamma_1 2 1 2567 0 0 6589489 0 OK 14
Gamma_1 2 1 2568 0 0 6594624 0 OK 16
Gamma_1 2 1 2569 0 0 6599761 0 OK 15
Gamma_1 2 1 2570 0 0 6604900 0 OK 35
Gamma_1 2 1 2571 0 0 6610041 0 OK 29
Gamma_1 2 1 2572 0 0 6615184 0 OK 16
Gamma_1 2 1 2573 0 0 6620329 0 OK 17
Gamma_1 2 1 2574 0 0 6625476 0 OK 15
Gamma_1 2 1 2575 0 0 6630625 0 OK 15
Gamma_1 2 1 2576 0 0 6635776 0 OK 30
Gamma_1 2 1 2577 0 0 6640929 0 OK 31
Gamma_1 2 1 2578 0 0 6646084 0 OK 31
Gamma_1 2 1 2579 0 0 6651241 0 OK 42
Gamma_1 2 1 2580 0 0 6656400 0 OK 15
Gamma_1 2 1 2581 0 0 6661561 0 OK 15
Gamma_1 2 1 2582 0 0 6666724 0 OK 16
Gamma_1 2 1 2583 0 0 6671889 0 OK 16
Gamma_1 2 1 2584 0 0 6677056 0 OK 31
Gamma_1 2 1 2585 0 0 6682225 0 OK 17
Gamma_1 2 1 2586 0 0 6687396 0 OK 30
Gamma_1 2 1 2587 0 0 6692569 0 OK 30
Gamma_1 2 1 2588 0 0 6697744 0 OK 16
Gamma_1 2 1 2589 0 0 6702921 0 OK 16
Gamma_1 2 1 2590 0 0 6708100 0 OK 30
Gamma_1 2 1 2591 0 0 6713281 0 OK 15
Gamma_1 2 1 2592 0 0 6718464 0 OK 30
Gamma_1 2 1 2593 0 0 6723649 0 OK 16
Gamma_1 2 1 2594 0 0 6728836 0 OK 16
Gamma_1 2 1 2595 0 0 6734025 0 OK 15
Gamma_1 2 1 2596 0 0 6739216 0 OK 17
Gamma_1 2 1 2597 0 0 6744409 0 OK 15
Gamma_1 2 1 2598 0 0 6749604 0 OK 31
Gamma_1 2 1 2599 0 0 6754801 0 OK 18
Gamma_1 2 1 2600 0 0 6760000 0 OK 17
Gamma_1 2 1 2601 0 0 6765201 0 OK 17
Gamma_1 2 1 2602 0 0 6770404 0 OK 16
Gamma_1 2 1 2603 0 0 6775609 0 OK 16
Gamma_1 2 1 2604 0 0 6780816 0 OK 14
Gamma_1 2 1 2605 0 0 6786025 0 OK 16
Gamma_1 2 1 2606 0 0 6791236 0 OK 16
Gamma_1 2 1 2607 0 0 6796449 0 OK 15
Gamma_1 2 1 2608 0 0 6801664 0 OK 16
Gamma_1 2 1 2609 0 0 6806881 0 OK 16
Gamma_1 2 1 2610 0 0 6812100 0 OK 16
Gamma_1 2 1 2611 0 0 6817321 0 OK 16
Gamma_1 2 1 2612 0 0 6822544 0 OK 15
Gamma_1 2 1 2613 0 0 6827769 0 OK 15
Gamma_1 2 1 2614 0 0 6832996 0 OK 17
Gamma_1 2 1 2615 0 0 6838225 0 OK 15
Gamma_1 2 1 2616 0 0 6843456 0 OK 30
Gamma_1 2 1 2617 0 0 6848689 0 OK 17
Gamma_1 2 1 2618 0 0 6853924 0 OK 30
Gamma_1 2 1 2619 0 0 6859161 0 OK 41
Gamma_1 2 1 2620 0 0 6864400 0 OK 16
Gamma_1 2 1 2621 0 0 6869641 0 OK 17
Gamma_1 2 1 2622 0 0 6874884 0 OK 17
Gamma_1 2 1 2623 0 0 6880129 0 OK 15
Gamma_1 2 1 2624 0 0 6885376 0 OK 15
Gamma_1 2 1 2625 0 0 6890625 0 OK 14
Gamma_1 2 1 2626 0 0 6895876 0 OK 31
Gamma_1 2 1 2627 0 0 6901129 0 OK 16
Gamma_1 2 1 2628 0 0 6906384 0 OK 32
Gamma_1 2 1 2629 0 0 6911641 0 OK 16
Gamma_1 2 1 2630 0 0 6916900 0 OK 16
Gamma_1 2 1 2631 0 0 6922161 0 OK 13
Gamma_1 2 1 2632 0 0 6927424 0 OK 16
Gamma_1 2 1 2633 0 0 6932689 0 OK 17
Gamma_1 2 1 2634 0 0 6937956 0 OK 16
Gamma_1 2 1 2635 0 0 6943225 0 OK 16
Gamma_1 2 1 2636 0 0 6948496 0 OK 16
Gamma_1 2 1 2637 0 0 6953769 0 OK 16
Gamma_1 2 1 2638 0 0 6959044 0 OK 16
Gamma_1 2 1 2639 0 0 6964321 0 OK 16
Gamma_1 2 1 2640 0 0 6969600 0 OK 14
Gamma_1 2 1 2641 0 0 6974881 0 OK 29
Gamma_1 2 1 2642 0 0 6980164 0 OK 29
Gamma_1 2 1 2643 0 0 6985449 0 OK 18
Gamma_1 2 1 2644 0 0 6990736 0 OK 14
Gamma_1 2 1 2645 0 0 6996025 0 OK 32
Gamma_1 2 1 2646 0 0 7001316 0 OK 16
Gamma_1 2 1 2647 0 0 7006609 0 OK 29
Gamma_1 2 1 2648 0 0 7011904 0 OK 16
Gamma_1 2 1 2649 0 0 7017201 0 OK 16
Gamma_1 2 1 2650 0 0 7022500 0 OK 17
Gamma_1 2 1 2651 0 0 7027801 0 OK 28
Gamma_1 2 1 2652 0 0 7033104 0 OK 16
Gamma_1 2 1 2653 0 0 7038409 0 OK 17
Gamma_1 2 1 2654 0 0 7043716 0 OK 30
Gamma_1 2 1 2655 0 0 7049025 0 OK 16
Gamma_1 2 1 2656 0 0 7054336 0 OK 32
Gamma_1 2 1 2657 0 0 7059649 0 OK 17
Gamma_1 2 1 2658 0 0 7064964 0 OK 15
Gamma_1 2 1 2659 0 0 7070281 0 OK 16
Gamma_1 2 1 2660 0 0 7075600 0 OK 17
Gamma_1 2 1 2661 0 0 7080921 0 OK 16
Gamma_1 2 1 2662 0 0 7086244 0 OK 16
Gamma_1 2 1 2663 0 0 7091569 0 OK 16
Gamma_1 2 1 2664 0 0 7096896 0 OK 14
Gamma_1 2 1 2665 0 0 7102225 0 OK 30
Gamma_1 2 1 2666 0 0 7107556 0 OK 18
Gamma_1 2 1 2667 0 0 7112889 0 OK 32
Gamma_1 2 1 2668 0 0 7118224 0 OK 17
Gamma_1 2 1 2669 0 0 7123561 0 OK 32
Gamma_1 2 1 2670 0 0 7128900 0 OK 32
Gamma_1 2 1 2671 0 0 7134241 0 OK 15
Gamma_1 2 1 2672 0 0 7139584 0 OK 16
Gamma_1 2 1 2673 0 0 7144929 0 OK 15
Gamma_1 2 1 2674 0 0 7150276 0 OK 29
Gamma_1 2 1 2675 0 0 7155625 0 OK 31
Gamma_1 2 1 2676 0 0 7160976 0 OK 16
Gamma_1 2 1 2677 0 0 7166329 0 OK 16
Gamma_1 2 1 2678 0 0 7171684 0 OK 17
Gamma_1 2 1 2679 0 0 7177041 0 OK 16
Gamma_1 2 1 2680 0 0 7182400 0 OK 40
Gamma_1 2 1 2681 0 0 7187761 0 OK 32
Gamma_1 2 1 2682 0 0 7193124 0 OK 18
Gamma_1 2 1 2683 0 0 7198489 0 OK 43
Gamma_1 2 1 2684 0 0 7203856 0 OK 32
Gamma_1 2 1 2685 0 0 7209225 0 OK 42
Gamma_1 2 1 2686 0 0 7214596 0 OK 15
Gamma_1 2 1 2687 0 0 7219969 0 OK 16
Gamma_1 2 1 2688 0 0 7225344 0 OK 17
Gamma_1 2 1 2689 0 0 7230721 0 OK 14
Gamma_1 2 1 2690 0 0 7236100 0 OK 31
Gamma_1 2 1 2691 0 0 7241481 0 OK 17
Gamma_1 2 1 2692 0 0 7246864 0 OK 17
Gamma_1 2 1 2693 0 0 7252249 0 OK 29
Gamma_1 2 1 2694 0 0 7257636 0 OK 31
Gamma_1 2 1 2695 0 0 7263025 0 OK 30
Gamma_1 2 1 2696 0 0 7268416 0 OK 16
Gamma_1 2 1 2697 0 0 7273809 0 OK 18
Gamma_1 2 1 2698 0 0 7279204 0 OK 14
Gamma_1 2 1 2699 0 0 7284601 0 OK 16
Gamma_1 2 1 2700 0 0 7290000 0 OK 16
Gamma_1 2 1 2701 0 0 7295401 0 OK 15
Gamma_1 2 1 2702 0 0 7300804 0 OK 16
Gamma_1 2 1 2703 0 0 7306209 0 OK 30
Gamma_1 2 1 2704 0 0 7311616 0 OK 16
Gamma_1 2 1 2705 0 0 7317025 0 OK 31
Gamma_1 2 1 2706 0 0 7322436 0 OK 15
Gamma_1 2 1 2707 0 0 7327849 0 OK 15
Gamma_1 2 1 2708 0 0 7333264 0 OK 15
Gamma_1 2 1 2709 0 0 7338681 0 OK 43
Gamma_1 2 1 2710 0 0 7344100 0 OK 16
Gamma_1 2 1 2711 0 0 7349521 0 OK 40
Gamma_1 2 1 2712 0 0 7354944 0 OK 19
Gamma_1 2 1 2713 0 0 7360369 0 OK 16
Gamma_1 2 1 2714 0 0 7365796 0 OK 32
Gamma_1 2 1 2715 0 0 7371225 0 OK 32
Gamma_1 2 1 2716 0 0 7376656 0 OK 16
Gamma_1 2 1 2717 0 0 7382089 0 OK 16
Gamma_1 2 1 2718 0 0 7387524 0 OK 17
Gamma_1 2 1 2719 0 0 7392961 0 OK 17
Gamma_1 2 1 2720 0 0 7398400 0 OK 17
Gamma_1 2 1 2721 0 0 7403841 0 OK 16
Gamma_1 2 1 2722 0 0 7409284 0 OK 15
Gamma_1 2 1 2723 0 0 7414729 0 OK 14
Gamma_1 2 1 2724 0 0 7420176 0 OK 15
Gamma_1 2 1 2725 0 0 7425625 0 OK 17
Gamma_1 2 1 2726 0 0 7431076 0 OK 30
Gamma_1 2 1 2727 0 0 7436529 0 OK 31
Gamma_1 2 1 2728 0 0 7441984 0 OK 16
Gamma_1 2 1 2729 0 0 7447441 0 OK 16
Gamma_1 2 1 2730 0 0 7452900 0 OK 32
Gamma_1 2 1 2731 0 0 7458361 0 OK 31
Gamma_1 2 1 2732 0 0 7463824 0 OK 30
Gamma_1 2 1 2733 0 0 7469289 0 OK 17
Gamma_1 2 1 2734 0 0 7474756 0 OK 17
Gamma_1 2 1 2735 0 0 7480225 0 OK 15
Gamma_1 2 1 2736 0 0 7485696 0 OK 31
Gamma_1 2 1 2737 0 0 7491169 0 OK 16
Gamma_1 2 1 2738 0 0 7496644 0 OK 17
Gamma_1 2 1 2739 0 0 7502121 0 OK 31
Gamma_1 2 1 2740 0 0 7507600 0 OK 17
Gamma_1 2 1 2741 0 0 7513081 0 OK 15
Gamma_1 2 1 2742 0 0 7518564 0 OK 30
Gamma_1 2 1 2743 0 0 7524049 0 OK 16
Gamma_1 2 1 2744 0 0 7529536 0 OK 32
Gamma_1 2 1 2745 0 0 7535025 0 OK 16
Gamma_1 2 1 2746 0 0 7540516 0 OK 16
Gamma_1 2 1 2747 0 0 7546009 0 OK 16
Gamma_1 2 1 2748 0 0 7551504 0 OK 16
Gamma_1 2 1 2749 0 0 7557001 0 OK 31
Gamma_1 2 1 2750 0 0 7562500 0 OK 31
Gamma_1 2 1 2751 0 0 7568001 0 OK 30
Gamma_1 2 1 2752 0 0 7573504 0 OK 31
Gamma_1 2 1 2753 0 0 7579009 0 OK 31
Gamma_1 2 1 2754 0 0 7584516 0 OK 17
Gamma_1 2 1 2755 0 0 7590025 0 OK 30
Gamma_1 2 1 2756 0 0 7595536 0 OK 36
Gamma_1 2 1 2757 0 0 7601049 0 OK 29
Gamma_1 2 1 2758 0 0 7606564 0 OK 31
Gamma_1 2 1 2759 0 0 7612081 0 OK 17
Gamma_1 2 1 2760 0 0 7617600 0 OK 15
Gamma_1 2 1 2761 0 0 7623121 0 OK 17
Gamma_1 2 1 2762 0 0 7628644 0 OK 16
Gamma_1 2 1 2763 0 0 7634169 0 OK 32
Gamma_1 2 1 2764 0 0 7639696 0 OK 31
Gamma_1 2 1 2765 0 0 7645225 0 OK 17
Gamma_1 2 1 2766 0 0 7650756 0 OK 31
Gamma_1 2 1 2767 0 0 7656289 0 OK 30
Gamma_1 2 1 2768 0 0 7661824 0 OK 16
Gamma_1 2 1 2769 0 0 7667361 0 OK 16
Gamma_1 2 1 2770 0 0 7672900 0 OK 16
Gamma_1 2 1 2771 0 0 7678441 0 OK 32
Gamma_1 2 1 2772 0 0 7683984 0 OK 16
Gamma_1 2 1 2773 0 0 7689529 0 OK 16
Gamma_1 2 1 2774 0 0 7695076 0 OK 19
Gamma_1 2 1 2775 0 0 7700625 0 OK 15
Gamma_1 2 1 2776 0 0 7706176 0 OK 16
Gamma_1 2 1 2777 0 0 7711729 0 OK 15
Gamma_1 2 1 2778 0 0 7717284 0 OK 16
Gamma_1 2 1 2779 0 0 7722841 0 OK 29
Gamma_1 2 1 2780 0 0 7728400 0 OK 16
Gamma_1 2 1 2781 0 0 7733961 0 OK 29
Gamma_1 2 1 2782 0 0 7739524 0 OK 29
Gamma_1 2 1 2783 0 0 7745089 0 OK 16
Gamma_1 2 1 2784 0 0 7750656 0 OK 29
Gamma_1 2 1 2785 0 0 7756225 0 OK 31
Gamma_1 2 1 2786 0 0 7761796 0 OK 30
Gamma_1 2 1 2787 0 0 7767369 0 OK 16
Gamma_1 2 1 2788 0 0 7772944 0 OK 30
Gamma_1 2 1 2789 0 0 7778521 0 OK 31
Gamma_1 2 1 2790 0 0 7784100 0 OK 18
Gamma_1 2 1 2791 0 0 7789681 0 OK 16
Gamma_1 2 1 2792 0 0 7795264 0 OK 15
Gamma_1 2 1 2793 0 0 7800849 0 OK 16
Gamma_1 2 1 2794 0 0 7806436 0 OK 18
Gamma_1 2 1 2795 0 0 7812025 0 OK 30
Gamma_1 2 1 2796 0 0 7817616 0 OK 15
Gamma_1 2 1 2797 0 0 7823209 0 OK 17
Gamma_1 2 1 2798 0 0 7828804 0 OK 16
Gamma_1 2 1 2799 0 0 7834401 0 OK 15
Gamma_1 2 1 2800 0 0 7840000 0 OK 30
Gamma_1 2 1 2801 0 0 7845601 0 OK 31
Gamma_1 2 1 2802 0 0 7851204 0 OK 16
Gamma_1 2 1 2803 0 0 7856809 0 OK 32
Gamma_1 2 1 2804 0 0 7862416 0 OK 15
Gamma_1 2 1 2805 0 0 7868025 0 OK 15
Gamma_1 2 1 2806 0 0 7873636 0 OK 16
Gamma_1 2 1 2807 0 0 7879249 0 OK 16
Gamma_1 2 1 2808 0 0 7884864 0 OK 18
Gamma_1 2 1 2809 0 0 7890481 0 OK 15
Gamma_1 2 1 2810 0 0 7896100 0 OK 15
Gamma_1 2 1 2811 0 0 7901721 0 OK 14
Gamma_1 2 1 2812 0 0 7907344 0 OK 16
Gamma_1 2 1 2813 0 0 7912969 0 OK 16
Gamma_1 2 1 2814 0 0 7918596 0 OK 17
Gamma_1 2 1 2815 0 0 7924225 0 OK 29
Gamma_1 2 1 2816 0 0 7929856 0 OK 16
Gamma_1 2 1 2817 0 0 7935489 0 OK 18
Gamma_1 2 1 2818 0 0 7941124 0 OK 18
Gamma_1 2 1 2819 0 0 7946761 0 OK 32
Gamma_1 2 1 2820 0 0 7952400 0 OK 17
Gamma_1 2 1 2821 0 0 7958041 0 OK 17
Gamma_1 2 1 2822 0 0 7963684 0 OK 15
Gamma_1 2 1 2823 0 0 7969329 0 OK 17
Gamma_1 2 1 2824 0 0 7974976 0 OK 14
Gamma_1 2 1 2825 0 0 7980625 0 OK 32
Gamma_1 2 1 2826 0 0 7986276 0 OK 18
Gamma_1 2 1 2827 0 0 7991929 0 OK 15
Gamma_1 2 1 2828 0 0 7997584 0 OK 16
Gamma_1 2 1 2829 0 0 8003241 0 OK 30
Gamma_1 2 1 2830 0 0 8008900 0 OK 17
Gamma_1 2 1 2831 0 0 8014561 0 OK 30
Gamma_1 2 1 2832 0 0 8020224 0 OK 15
Gamma_1 2 1 2833 0 0 8025889 0 OK 30
Gamma_1 2 1 2834 0 0 8031556 0 OK 17
Gamma_1 2 1 2835 0 0 8037225 0 OK 16
Gamma_1 2 1 2836 0 0 8042896 0 OK 30
Gamma_1 2 1 2837 0 0 8048569 0 OK 17
Gamma_1 2 1 2838 0 0 8054244 0 OK 17
Gamma_1 2 1 2839 0 0 8059921 0 OK 14
Gamma_1 2 1 2840 0 0 8065600 0 OK 32
Gamma_1 2 1 2841 0 0 8071281 0 OK 30
Gamma_1 2 1 2842 0 0 8076964 0 OK 18
Gamma_1 2 1 2843 0 0 8082649 0 OK 17
Gamma_1 2 1 2844 0 0 8088336 0 OK 32
Gamma_1 2 1 2845 0 0 8094025 0 OK 16
Gamma_1 2 1 2846 0 0 8099716 0 OK 33
Gamma_1 2 1 2847 0 0 8105409 0 OK 19
Gamma_1 2 1 2848 0 0 8111104 0 OK 16
Gamma_1 2 1 2849 0 0 8116801 0 OK 16
Gamma_1 2 1 2850 0 0 8122500 0 OK 16
Gamma_1 2 1 2851 0 0 8128201 0 OK 17
Gamma_1 2 1 2852 0 0 8133904 0 OK 16
Gamma_1 2 1 2853 0 0 8139609 0 OK 16
Gamma_1 2 1 2854 0 0 8145316 0 OK 16
Gamma_1 2 1 2855 0 0 8151025 0 OK 30
Gamma_1 2 1 2856 0 0 8156736 0 OK 32
Gamma_1 2 1 2857 0 0 8162449 0 OK 18
Gamma_1 2 1 2858 0 0 8168164 0 OK 31
Gamma_1 2 1 2859 0 0 8173881 0 OK 44
Gamma_1 2 1 2860 0 0 8179600 0 OK 16
Gamma_1 2 1 2861 0 0 8185321 0 OK 30
Gamma_1 2 1 2862 0 0 8191044 0 OK 18
Gamma_1 2 1 2863 0 0 8196769 0 OK 17
Gamma_1 2 1 2864 0 0 8202496 0 OK 16
Gamma_1 2 1 2865 0 0 8208225 0 OK 16
Gamma_1 2 1 2866 0 0 8213956 0 OK 18
Gamma_1 2 1 2867 0 0 8219689 0 OK 41
Gamma_1 2 1 2868 0 0 8225424 0 OK 30
Gamma_1 2 1 2869 0 0 8231161 0 OK 17
Gamma_1 2 1 2870 0 0 8236900 0 OK 30
Gamma_1 2 1 2871 0 0 8242641 0 OK 17
Gamma_1 2 1 2872 0 0 8248384 0 OK 17
Gamma_1 2 1 2873 0 0 8254129 0 OK 31
Gamma_1 2 1 2874 0 0 8259876 0 OK 17
Gamma_1 2 1 2875 0 0 8265625 0 OK 16
Gamma_1 2 1 2876 0 0 8271376 0 OK 16
Gamma_1 2 1 2877 0 0 8277129 0 OK 16
Gamma_1 2 1 2878 0 0 8282884 0 OK 15
Gamma_1 2 1 2879 0 0 8288641 0 OK 31
Gamma_1 2 1 2880 0 0 8294400 0 OK 15
Gamma_1 2 1 2881 0 0 8300161 0 OK 32
Gamma_1 2 1 2882 0 0 8305924 0 OK 15
Gamma_1 2 1 2883 0 0 8311689 0 OK 16
Gamma_1 2 1 2884 0 0 8317456 0 OK 17
Gamma_1 2 1 2885 0 0 8323225 0 OK 17
Gamma_1 2 1 2886 0 0 8328996 0 OK 31
Gamma_1 2 1 2887 0 0 8334769 0 OK 33
Gamma_1 2 1 2888 0 0 8340544 0 OK 18
Gamma_1 2 1 2889 0 0 8346321 0 OK 28
Gamma_1 2 1 2890 0 0 8352100 0 OK 31
Gamma_1 2 1 2891 0 0 8357881 0 OK 16
Gamma_1 2 1 2892 0 0 8363664 0 OK 17
Gamma_1 2 1 2893 0 0 8369449 0 OK 31
Gamma_1 2 1 2894 0 0 8375236 0 OK 14
Gamma_1 2 1 2895 0 0 8381025 0 OK 31
Gamma_1 2 1 2896 0 0 8386816 0 OK 16
Gamma_1 2 1 2897 0 0 8392609 0 OK 14
Gamma_1 2 1 2898 0 0 8398404 0 OK 31
Gamma_1 2 1 2899 0 0 8404201 0 OK 30
Gamma_1 2 1 2900 0 0 8410000 0 OK 17
Gamma_1 2 1 2901 0 0 8415801 0 OK 32
Gamma_1 2 1 2902 0 0 8421604 0 OK 17
Gamma_1 2 1 2903 0 0 8427409 0 OK 19
Gamma_1 2 1 2904 0 0 8433216 0 OK 16
Gamma_1 2 1 2905 0 0 8439025 0 OK 14
Gamma_1 2 1 2906 0 0 8444836 0 OK 15
Gamma_1 2 1 2907 0 0 8450649 0 OK 31
Gamma_1 2 1 2908 0 0 8456464 0 OK 15
Gamma_1 2 1 2909 0 0 8462281 0 OK 16
Gamma_1 2 1 2910 0 0 8468100 0 OK 30
Gamma_1 2 1 2911 0 0 8473921 0 OK 18
Gamma_1 2 1 2912 0 0 8479744 0 OK 14
Gamma_1 2 1 2913 0 0 8485569 0 OK 16
Gamma_1 2 1 2914 0 0 8491396 0 OK 31
Gamma_1 2 1 2915 0 0 8497225 0 OK 16
Gamma_1 2 1 2916 0 0 8503056 0 OK 16
Gamma_1 2 1 2917 0 0 8508889 0 OK 15
Gamma_1 2 1 2918 0 0 8514724 0 OK 15
Gamma_1 2 1 2919 0 0 8520561 0 OK 17
Gamma_1 2 1 2920 0 0 8526400 0 OK 15
Gamma_1 2 1 2921 0 0 8532241 0 OK 33
Gamma_1 2 1 2922 0 0 8538084 0 OK 16
Gamma_1 2 1 2923 0 0 8543929 0 OK 16
Gamma_1 2 1 2924 0 0 8549776 0 OK 32
Gamma_1 2 1 2925 0 0 8555625 0 OK 32
Gamma_1 2 1 2926 0 0 8561476 0 OK 16
Gamma_1 2 1 2927 0 0 8567329 0 OK 17
Gamma_1 2 1 2928 0 0 8573184 0 OK 16
Gamma_1 2 1 2929 0 0 8579041 0 OK 16
Gamma_1 2 1 2930 0 0 8584900 0 OK 16
Gamma_1 2 1 2931 0 0 8590761 0 OK 16
Gamma_1 2 1 2932 0 0 8596624 0 OK 16
Gamma_1 2 1 2933 0 0 8602489 0 OK 15
Gamma_1 2 1 2934 0 0 8608356 0 OK 15
Gamma_1 2 1 2935 0 0 8614225 0 OK 16
Gamma_1 2 1 2936 0 0 8620096 0 OK 31
Gamma_1 2 1 2937 0 0 8625969 0 OK 18
Gamma_1 2 1 2938 0 0 8631844 0 OK 32
Gamma_1 2 1 2939 0 0 8637721 0 OK 18
Gamma_1 2 1 2940 0 0 8643600 0 OK 16
Gamma_1 2 1 2941 0 0 8649481 0 OK 16
Gamma_1 2 1 2942 0 0 8655364 0 OK 32
Gamma_1 2 1 2943 0 0 8661249 0 OK 18
Gamma_1 2 1 2944 0 0 8667136 0 OK 31
Gamma_1 2 1 2945 0 0 8673025 0 OK 32
Gamma_1 2 1 2946 0 0 8678916 0 OK 16
Gamma_1 2 1 2947 0 0 8684809 0 OK 16
Gamma_1 2 1 2948 0 0 8690704 0 OK 15
Gamma_1 2 1 2949 0 0 8696601 0 OK 17
Gamma_1 2 1 2950 0 0 8702500 0 OK 18
Gamma_1 2 1 2951 0 0 8708401 0 OK 16
Gamma_1 2 1 2952 0 0 8714304 0 OK 18
Gamma_1 2 1 2953 0 0 8720209 0 OK 16
Gamma_1 2 1 2954 0 0 8726116 0 OK 15
Gamma_1 2 1 2955 0 0 8732025 0 OK 20
Gamma_1 2 1 2956 0 0 8737936 0 OK 18
Gamma_1 2 1 2957 0 0 8743849 0 OK 17
Gamma_1 2 1 2958 0 0 8749764 0 OK 16
Gamma_1 2 1 2959 0 0 8755681 0 OK 18
Gamma_1 2 1 2960 0 0 8761600 0 OK 16
Gamma_1 2 1 2961 0 0 8767521 0 OK 16
Gamma_1 2 1 2962 0 0 8773444 0 OK 16
Gamma_1 2 1 2963 0 0 8779369 0 OK 17
Gamma_1 2 1 2964 0 0 8785296 0 OK 32
Gamma_1 2 1 2965 0 0 8791225 0 OK 31
Gamma_1 2 1 2966 0 0 8797156 0 OK 32
Gamma_1 2 1 2967 0 0 8803089 0 OK 17
Gamma_1 2 1 2968 0 0 8809024 0 OK 43
Gamma_1 2 1 2969 0 0 8814961 0 OK 31
Gamma_1 2 1 2970 0 0 8820900 0 OK 19
Gamma_1 2 1 2971 0 0 8826841 0 OK 16
Gamma_1 2 1 2972 0 0 8832784 0 OK 16
Gamma_1 2 1 2973 0 0 8838729 0 OK 15
Gamma_1 2 1 2974 0 0 8844676 0 OK 16
Gamma_1 2 1 2975 0 0 8850625 0 OK 16
Gamma_1 2 1 2976 0 0 8856576 0 OK 32
Gamma_1 2 1 2977 0 0 8862529 0 OK 32
Gamma_1 2 1 2978 0 0 8868484 0 OK 16
Gamma_1 2 1 2979 0 0 8874441 0 OK 17
Gamma_1 2 1 2980 0 0 8880400 0 OK 15
Gamma_1 2 1 2981 0 0 8886361 0 OK 17
Gamma_1 2 1 2982 0 0 8892324 0 OK 15
Gamma_1 2 1 2983 0 0 8898289 0 OK 30
Gamma_1 2 1 2984 0 0 8904256 0 OK 30
Gamma_1 2 1 2985 0 0 8910225 0 OK 16
Gamma_1 2 1 2986 0 0 8916196 0 OK 29
Gamma_1 2 1 2987 0 0 8922169 0 OK 31
Gamma_1 2 1 2988 0 0 8928144 0 OK 31
Gamma_1 2 1 2989 0 0 8934121 0 OK 16
Gamma_1 2 1 2990 0 0 8940100 0 OK 15
Gamma_1 2 1 2991 0 0 8946081 0 OK 16
Gamma_1 2 1 2992 0 0 8952064 0 OK 16
Gamma_1 2 1 2993 0 0 8958049 0 OK 15
Gamma_1 2 1 2994 0 0 8964036 0 OK 14
Gamma_1 2 1 2995 0 0 8970025 0 OK 16
Gamma_1 2 1 2996 0 0 8976016 0 OK 15
Gamma_1 2 1 2997 0 0 8982009 0 OK 16
Gamma_1 2 1 2998 0 0 8988004 0 OK 14
Gamma_1 2 1 2999 0 0 8994001 0 OK 16
Gamma_1 2 1 3000 0 0 9000000 0 OK 16
Gamma_1 2 1 3001 0 0 9006001 0 OK 32
Gamma_1 2 1 3002 0 0 9012004 0 OK 16
Gamma_1 2 1 3003 0 0 9018009 0 OK 16
Gamma_1 2 1 3004 0 0 9024016 0 OK 18
Gamma_1 2 1 3005 0 0 9030025 0 OK 32
Gamma_1 2 1 3006 0 0 9036036 0 OK 16
Gamma_1 2 1 3007 0 0 9042049 0 OK 17
Gamma_1 2 1 3008 0 0 9048064 0 OK 18
Gamma_1 2 1 3009 0 0 9054081 0 OK 16
Gamma_1 2 1 3010 0 0 9060100 0 OK 30
Gamma_1 2 1 3011 0 0 9066121 0 OK 16
Gamma_1 2 1 3012 0 0 9072144 0 OK 16
Gamma_1 2 1 3013 0 0 9078169 0 OK 14
Gamma_1 2 1 3014 0 0 9084196 0 OK 17
Gamma_1 2 1 3015 0 0 9090225 0 OK 16
Gamma_1 2 1 3016 0 0 9096256 0 OK 31
Gamma_1 2 1 3017 0 0 9102289 0 OK 32
Gamma_1 2 1 3018 0 0 9108324 0 OK 34
Gamma_1 2 1 3019 0 0 9114361 0 OK 18
Gamma_1 2 1 3020 0 0 9120400 0 OK 30
Gamma_1 2 1 3021 0 0 9126441 0 OK 16
Gamma_1 2 1 3022 0 0 9132484 0 OK 16
Gamma_1 2 1 3023 0 0 9138529 0 OK 17
Gamma_1 2 1 3024 0 0 9144576 0 OK 17
Gamma_1 2 1 3025 0 0 9150625 0 OK 14
Gamma_1 2 1 3026 0 0 9156676 0 OK 17
Gamma_1 2 1 3027 0 0 9162729 0 OK 31
Gamma_1 2 1 3028 0 0 9168784 0 OK 33
Gamma_1 2 1 3029 0 0 9174841 0 OK 31
Gamma_1 2 1 3030 0 0 9180900 0 OK 18
Gamma_1 2 1 3031 0 0 9186961 0 OK 16
Gamma_1 2 1 3032 0 0 9193024 0 OK 15
Gamma_1 2 1 3033 0 0 9199089 0 OK 16
Gamma_1 2 1 3034 0 0 9205156 0 OK 15
Gamma_1 2 1 3035 0 0 9211225 0 OK 16
Gamma_1 2 1 3036 0 0 9217296 0 OK 32
Gamma_1 2 1 3037 0 0 9223369 0 OK 32
Gamma_1 2 1 3038 0 0 9229444 0 OK 16
Gamma_1 2 1 3039 0 0 9235521 0 OK 31
Gamma_1 2 1 3040 0 0 9241600 0 OK 16
Gamma_1 2 1 3041 0 0 9247681 0 OK 31
Gamma_1 2 1 3042 0 0 9253764 0 OK 32
Gamma_1 2 1 3043 0 0 9259849 0 OK 31
Gamma_1 2 1 3044 0 0 9265936 0 OK 34
Gamma_1 2 1 3045 0 0 9272025 0 OK 16
Gamma_1 2 1 3046 0 0 9278116 0 OK 17
Gamma_1 2 1 3047 0 0 9284209 0 OK 16
Gamma_1 2 1 3048 0 0 9290304 0 OK 14
Gamma_1 2 1 3049 0 0 9296401 0 OK 32
Gamma_1 2 1 3050 0 0 9302500 0 OK 33
Gamma_1 2 1 3051 0 0 9308601 0 OK 19
Gamma_1 2 1 3052 0 0 9314704 0 OK 31
Gamma_1 2 1 3053 0 0 9320809 0 OK 15
Gamma_1 2 1 3054 0 0 9326916 0 OK 16
Gamma_1 2 1 3055 0 0 9333025 0 OK 15
Gamma_1 2 1 3056 0 0 9339136 0 OK 32
Gamma_1 2 1 3057 0 0 9345249 0 OK 14
Gamma_1 2 1 3058 0 0 9351364 0 OK 16
Gamma_1 2 1 3059 0 0 9357481 0 OK 16
Gamma_1 2 1 3060 0 0 9363600 0 OK 15
Gamma_1 2 1 3061 0 0 9369721 0 OK 16
Gamma_1 2 1 3062 0 0 9375844 0 OK 15
Gamma_1 2 1 3063 0 0 9381969 0 OK 15
Gamma_1 2 1 3064 0 0 9388096 0 OK 15
Gamma_1 2 1 3065 0 0 9394225 0 OK 31
Gamma_1 2 1 3066 0 0 9400356 0 OK 30
Gamma_1 2 1 3067 0 0 9406489 0 OK 32
Gamma_1 2 1 3068 0 0 9412624 0 OK 17
Gamma_1 2 1 3069 0 0 9418761 0 OK 16
Gamma_1 2 1 3070 0 0 9424900 0 OK 16
Gamma_1 2 1 3071 0 0 9431041 0 OK 16
Gamma_1 2 1 3072 0 0 9437184 0 OK 16
Gamma_1 2 1 3073 0 0 9443329 0 OK 31
Gamma_1 2 1 3074 0 0 9449476 0 OK 29
Gamma_1 2 1 3075 0 0 9455625 0 OK 16
Gamma_1 2 1 3076 0 0 9461776 0 OK 17
Gamma_1 2 1 3077 0 0 9467929 0 OK 15
Gamma_1 2 1 3078 0 0 9474084 0 OK 29
Gamma_1 2 1 3079 0 0 9480241 0 OK 15
Gamma_1 2 1 3080 0 0 9486400 0 OK 16
Gamma_1 2 1 3081 0 0 9492561 0 OK 30
Gamma_1 2 1 3082 0 0 9498724 0 OK 30
Gamma_1 2 1 3083 0 0 9504889 0 OK 29
Gamma_1 2 1 3084 0 0 9511056 0 OK 17
Gamma_1 2 1 3085 0 0 9517225 0 OK 14
Gamma_1 2 1 3086 0 0 9523396 0 OK 15
Gamma_1 2 1 3087 0 0 9529569 0 OK 15
Gamma_1 2 1 3088 0 0 9535744 0 OK 15
Gamma_1 2 1 3089 0 0 9541921 0 OK 15
Gamma_1 2 1 3090 0 0 9548100 0 OK 31
Gamma_1 2 1 3091 0 0 9554281 0 OK 17
Gamma_1 2 1 3092 0 0 9560464 0 OK 15
Gamma_1 2 1 3093 0 0 9566649 0 OK 14
Gamma_1 2 1 3094 0 0 9572836 0 OK 18
Gamma_1 2 1 3095 0 0 9579025 0 OK 30
Gamma_1 2 1 3096 0 0 9585216 0 OK 30
Gamma_1 2 1 3097 0 0 9591409 0 OK 41
Gamma_1 2 1 3098 0 0 9597604 0 OK 17
Gamma_1 2 1 3099 0 0 9603801 0 OK 32
Gamma_1 2 1 3100 0 0 9610000 0 OK 18
Gamma_1 2 1 3101 0 0 9616201 0 OK 16
Gamma_1 2 1 3102 0 0 9622404 0 OK 18
Gamma_1 2 1 3103 0 0 9628609 0 OK 15
Gamma_1 2 1 3104 0 0 9634816 0 OK 17
Gamma_1 2 1 3105 0 0 9641025 0 OK 15
Gamma_1 2 1 3106 0 0 9647236 0 OK 32
Gamma_1 2 1 3107 0 0 9653449 0 OK 30
Gamma_1 2 1 3108 0 0 9659664 0 OK 15
Gamma_1 2 1 3109 0 0 9665881 0 OK 31
Gamma_1 2 1 3110 0 0 9672100 0 OK 15
Gamma_1 2 1 3111 0 0 9678321 0 OK 17
Gamma_1 2 1 3112 0 0 9684544 0 OK 17
Gamma_1 2 1 3113 0 0 9690769 0 OK 15
Gamma_1 2 1 3114 0 0 9696996 0 OK 29
Gamma_1 2 1 3115 0 0 9703225 0 OK 18
Gamma_1 2 1 3116 0 0 9709456 0 OK 31
Gamma_1 2 1 3117 0 0 9715689 0 OK 16
Gamma_1 2 1 3118 0 0 9721924 0 OK 29
Gamma_1 2 1 3119 0 0 9728161 0 OK 29
Gamma_1 2 1 3120 0 0 9734400 0 OK 16
Gamma_1 2 1 3121 0 0 9740641 0 OK 16
Gamma_1 2 1 3122 0 0 9746884 0 OK 16
Gamma_1 2 1 3123 0 0 9753129 0 OK 18
Gamma_1 2 1 3124 0 0 9759376 0 OK 41
Gamma_1 2 1 3125 0 0 9765625 0 OK 40
Gamma_1 2 1 3126 0 0 9771876 0 OK 29
Gamma_1 2 1 3127 0 0 9778129 0 OK 16
Gamma_1 2 1 3128 0 0 9784384 0 OK 17
Gamma_1 2 1 3129 0 0 9790641 0 OK 16
Gamma_1 2 1 3130 0 0 9796900 0 OK 32
Gamma_1 2 1 3131 0 0 9803161 0 OK 17
Gamma_1 2 1 3132 0 0 9809424 0 OK 16
Gamma_1 2 1 3133 0 0 9815689 0 OK 40
Gamma_1 2 1 3134 0 0 9821956 0 OK 43
Gamma_1 2 1 3135 0 0 9828225 0 OK 42
Gamma_1 2 1 3136 0 0 9834496 0 OK 30
Gamma_1 2 1 3137 0 0 9840769 0 OK 15
Gamma_1 2 1 3138 0 0 9847044 0 OK 43
Gamma_1 2 1 3139 0 0 9853321 0 OK 18
Gamma_1 2 1 3140 0 0 9859600 0 OK 15
Gamma_1 2 1 3141 0 0 9865881 0 OK 17
Gamma_1 2 1 3142 0 0 9872164 0 OK 15
Gamma_1 2 1 3143 0 0 9878449 0 OK 16
Gamma_1 2 1 3144 0 0 9884736 0 OK 18
Gamma_1 2 1 3145 0 0 9891025 0 OK 15
Gamma_1 2 1 3146 0 0 9897316 0 OK 17
Gamma_1 2 1 3147 0 0 9903609 0 OK 16
Gamma_1 2 1 3148 0 0 9909904 0 OK 19
Gamma_1 2 1 3149 0 0 9916201 0 OK 32
Gamma_1 2 1 3150 0 0 9922500 0 OK 40
Gamma_1 2 1 3151 0 0 9928801 0 OK 31
Gamma_1 2 1 3152 0 0 9935104 0 OK 42
Gamma_1 2 1 3153 0 0 9941409 0 OK 31
Gamma_1 2 1 3154 0 0 9947716 0 OK 17
Gamma_1 2 1 3155 0 0 9954025 0 OK 42
Gamma_1 2 1 3156 0 0 9960336 0 OK 19
Gamma_1 2 1 3157 0 0 9966649 0 OK 17
Gamma_1 2 1 3158 0 0 9972964 0 OK 42
Gamma_1 2 1 3159 0 0 9979281 0 OK 15
Gamma_1 2 1 3160 0 0 9985600 0 OK 16
Gamma_1 2 1 3161 0 0 9991921 0 OK 17
Gamma_1 2 1 3162 0 0 9998244 0 OK 17
Gamma_1 2 1 3163 0 0 10004569 0 OK 16
Gamma_1 2 1 3164 0 0 10010896 0 OK 15
Gamma_1 2 1 3165 0 0 10017225 0 OK 33
Gamma_1 2 1 3166 0 0 10023556 0 OK 16
Gamma_1 2 1 3167 0 0 10029889 0 OK 16
Gamma_1 2 1 3168 0 0 10036224 0 OK 18
Gamma_1 2 1 3169 0 0 10042561 0 OK 16
Gamma_1 2 1 3170 0 0 10048900 0 OK 17
Gamma_1 2 1 3171 0 0 10055241 0 OK 15
Gamma_1 2 1 3172 0 0 10061584 0 OK 16
Gamma_1 2 1 3173 0 0 10067929 0 OK 15
Gamma_1 2 1 3174 0 0 10074276 0 OK 17
Gamma_1 2 1 3175 0 0 10080625 0 OK 17
Gamma_1 2 1 3176 0 0 10086976 0 OK 30
Gamma_1 2 1 3177 0 0 10093329 0 OK 32
Gamma_1 2 1 3178 0 0 10099684 0 OK 16
Gamma_1 2 1 3179 0 0 10106041 0 OK 16
Gamma_1 2 1 3180 0 0 10112400 0 OK 16
Gamma_1 2 1 3181 0 0 10118761 0 OK 18
Gamma_1 2 1 3182 0 0 10125124 0 OK 33
Gamma_1 2 1 3183 0 0 10131489 0 OK 16
Gamma_1 2 1 3184 0 0 10137856 0 OK 16
Gamma_1 2 1 3185 0 0 10144225 0 OK 17
Gamma_1 2 1 3186 0 0 10150596 0 OK 30
Gamma_1 2 1 3187 0 0 10156969 0 OK 30
Gamma_1 2 1 3188 0 0 10163344 0 OK 30
Gamma_1 2 1 3189 0 0 10169721 0 OK 31
Gamma_1 2 1 3190 0 0 10176100 0 OK 18
Gamma_1 2 1 3191 0 0 10182481 0 OK 31
Gamma_1 2 1 3192 0 0 10188864 0 OK 32
Gamma_1 2 1 3193 0 0 10195249 0 OK 16
Gamma_1 2 1 3194 0 0 10201636 0 OK 16
Gamma_1 2 1 3195 0 0 10208025 0 OK 29
Gamma_1 2 1 3196 0 0 10214416 0 OK 32
Gamma_1 2 1 3197 0 0 10220809 0 OK 17
Gamma_1 2 1 3198 0 0 10227204 0 OK 17
Gamma_1 2 1 3199 0 0 10233601 0 OK 30
Gamma_1 2 1 3200 0 0 10240000 0 OK 17
Gamma_1 2 1 3201 0 0 10246401 0 OK 17
Gamma_1 2 1 3202 0 0 10252804 0 OK 16
Gamma_1 2 1 3203 0 0 10259209 0 OK 14
Gamma_1 2 1 3204 0 0 10265616 0 OK 29
Gamma_1 2 1 3205 0 0 10272025 0 OK 33
Gamma_1 2 1 3206 0 0 10278436 0 OK 30
Gamma_1 2 1 3207 0 0 10284849 0 OK 17
Gamma_1 2 1 3208 0 0 10291264 0 OK 32
Gamma_1 2 1 3209 0 0 10297681 0 OK 32
Gamma_1 2 1 3210 0 0 10304100 0 OK 16
Gamma_1 2 1 3211 0 0 10310521 0 OK 15
Gamma_1 2 1 3212 0 0 10316944 0 OK 30
Gamma_1 2 1 3213 0 0 10323369 0 OK 16
Gamma_1 2 1 3214 0 0 10329796 0 OK 16
Gamma_1 2 1 3215 0 0 10336225 0 OK 31
Gamma_1 2 1 3216 0 0 10342656 0 OK 30
Gamma_1 2 1 3217 0 0 10349089 0 OK 33
Gamma_1 2 1 3218 0 0 10355524 0 OK 18
Gamma_1 2 1 3219 0 0 10361961 0 OK 30
Gamma_1 2 1 3220 0 0 10368400 0 OK 17
Gamma_1 2 1 3221 0 0 10374841 0 OK 31
Gamma_1 2 1 3222 0 0 10381284 0 OK 17
Gamma_1 2 1 3223 0 0 10387729 0 OK 18
Gamma_1 2 1 3224 0 0 10394176 0 OK 17
Gamma_1 2 1 3225 0 0 10400625 0 OK 15
Gamma_1 2 1 3226 0 0 10407076 0 OK 14
Gamma_1 2 1 3227 0 0 10413529 0 OK 31
Gamma_1 2 1 3228 0 0 10419984 0 OK 17
Gamma_1 2 1 3229 0 0 10426441 0 OK 33
Gamma_1 2 1 3230 0 0 10432900 0 OK 29
Gamma_1 2 1 3231 0 0 10439361 0 OK 16
Gamma_1 2 1 3232 0 0 10445824 0 OK 18
Gamma_1 2 1 3233 0 0 10452289 0 OK 17
Gamma_1 2 1 3234 0 0 10458756 0 OK 30
Gamma_1 2 1 3235 0 0 10465225 0 OK 16
Gamma_1 2 1 3236 0 0 10471696 0 OK 32
Gamma_1 2 1 3237 0 0 10478169 0 OK 33
Gamma_1 2 1 3238 0 0 10484644 0 OK 16
Gamma_1 2 1 3239 0 0 10491121 0 OK 29
Gamma_1 2 1 3240 0 0 10497600 0 OK 31
Gamma_1 2 1 3241 0 0 10504081 0 OK 30
Gamma_1 2 1 3242 0 0 10510564 0 OK 19
Gamma_1 2 1 3243 0 0 10517049 0 OK 15
Gamma_1 2 1 3244 0 0 10523536 0 OK 16
Gamma_1 2 1 3245 0 0 10530025 0 OK 16
Gamma_1 2 1 3246 0 0 10536516 0 OK 16
Gamma_1 2 1 3247 0 0 10543009 0 OK 16
Gamma_1 2 1 3248 0 0 10549504 0 OK 16
Gamma_1 2 1 3249 0 0 10556001 0 OK 17
Gamma_1 2 1 3250 0 0 10562500 0 OK 15
Gamma_1 2 1 3251 0 0 10569001 0 OK 17
Gamma_1 2 1 3252 0 0 10575504 0 OK 18
Gamma_1 2 1 3253 0 0 10582009 0 OK 18
Gamma_1 2 1 3254 0 0 10588516 0 OK 31
Gamma_1 2 1 3255 0 0 10595025 0 OK 16
Gamma_1 2 1 3256 0 0 10601536 0 OK 16
Gamma_1 2 1 3257 0 0 10608049 0 OK 18
Gamma_1 2 1 3258 0 0 10614564 0 OK 31
Gamma_1 2 1 3259 0 0 10621081 0 OK 16
Gamma_1 2 1 3260 0 0 10627600 0 OK 19
Gamma_1 2 1 3261 0 0 10634121 0 OK 17
Gamma_1 2 1 3262 0 0 10640644 0 OK 16
Gamma_1 2 1 3263 0 0 10647169 0 OK 30
Gamma_1 2 1 3264 0 0 10653696 0 OK 17
Gamma_1 2 1 3265 0 0 10660225 0 OK 16
Gamma_1 2 1 3266 0 0 10666756 0 OK 16
Gamma_1 2 1 3267 0 0 10673289 0 OK 16
Gamma_1 2 1 3268 0 0 10679824 0 OK 16
Gamma_1 2 1 3269 0 0 10686361 0 OK 15
Gamma_1 2 1 3270 0 0 10692900 0 OK 17
Gamma_1 2 1 3271 0 0 10699441 0 OK 30
Gamma_1 2 1 3272 0 0 10705984 0 OK 34
Gamma_1 2 1 3273 0 0 10712529 0 OK 31
Gamma_1 2 1 3274 0 0 10719076 0 OK 17
Gamma_1 2 1 3275 0 0 10725625 0 OK 18
Gamma_1 2 1 3276 0 0 10732176 0 OK 32
Gamma_1 2 1 3277 0 0 10738729 0 OK 16
Gamma_1 2 1 3278 0 0 10745284 0 OK 18
Gamma_1 2 1 3279 0 0 10751841 0 OK 29
Gamma_1 2 1 3280 0 0 10758400 0 OK 31
Gamma_1 2 1 3281 0 0 10764961 0 OK 17
Gamma_1 2 1 3282 0 0 10771524 0 OK 31
Gamma_1 2 1 3283 0 0 10778089 0 OK 17
Gamma_1 2 1 3284 0 0 10784656 0 OK 16
Gamma_1 2 1 3285 0 0 10791225 0 OK 32
Gamma_1 2 1 3286 0 0 10797796 0 OK 31
Gamma_1 2 1 3287 0 0 10804369 0 OK 16
Gamma_1 2 1 3288 0 0 10810944 0 OK 17
Gamma_1 2 1 3289 0 0 10817521 0 OK 16
Gamma_1 2 1 3290 0 0 10824100 0 OK 18
Gamma_1 2 1 3291 0 0 10830681 0 OK 32
Gamma_1 2 1 3292 0 0 10837264 0 OK 32
Gamma_1 2 1 3293 0 0 10843849 0 OK 44
Gamma_1 2 1 3294 0 0 10850436 0 OK 32
Gamma_1 2 1 3295 0 0 10857025 0 OK 17
Gamma_1 2 1 3296 0 0 10863616 0 OK 17
Gamma_1 2 1 3297 0 0 10870209 0 OK 17
Gamma_1 2 1 3298 0 0 10876804 0 OK 17
Gamma_1 2 1 3299 0 0 10883401 0 OK 18
Gamma_1 2 1 3300 0 0 10890000 0 OK 16
Gamma_1 2 1 3301 0 0 10896601 0 OK 18
Gamma_1 2 1 3302 0 0 10903204 0 OK 17
Gamma_1 2 1 3303 0 0 10909809 0 OK 18
Gamma_1 2 1 3304 0 0 10916416 0 OK 34
Gamma_1 2 1 3305 0 0 10923025 0 OK 31
Gamma_1 2 1 3306 0 0 10929636 0 OK 32
Gamma_1 2 1 3307 0 0 10936249 0 OK 32
Gamma_1 2 1 3308 0 0 10942864 0 OK 17
Gamma_1 2 1 3309 0 0 10949481 0 OK 17
Gamma_1 2 1 3310 0 0 10956100 0 OK 32
Gamma_1 2 1 3311 0 0 10962721 0 OK 18
Gamma_1 2 1 3312 0 0 10969344 0 OK 32
Gamma_1 2 1 3313 0 0 10975969 0 OK 20
Gamma_1 2 1 3314 0 0 10982596 0 OK 16
Gamma_1 2 1 3315 0 0 10989225 0 OK 16
Gamma_1 2 1 3316 0 0 10995856 0 OK 42
Gamma_1 2 1 3317 0 0 11002489 0 OK 31
Gamma_1 2 1 3318 0 0 11009124 0 OK 31
Gamma_1 2 1 3319 0 0 11015761 0 OK 16
Gamma_1 2 1 3320 0 0 11022400 0 OK 42
Gamma_1 2 1 3321 0 0 11029041 0 OK 16
Gamma_1 2 1 3322 0 0 11035684 0 OK 16
Gamma_1 2 1 3323 0 0 11042329 0 OK 16
Gamma_1 2 1 3324 0 0 11048976 0 OK 32
Gamma_1 2 1 3325 0 0 11055625 0 OK 32
Gamma_1 2 1 3326 0 0 11062276 0 OK 16
Gamma_1 2 1 3327 0 0 11068929 0 OK 16
Gamma_1 2 1 3328 0 0 11075584 0 OK 16
Gamma_1 2 1 3329 0 0 11082241 0 OK 16
Gamma_1 2 1 3330 0 0 11088900 0 OK 16
Gamma_1 2 1 3331 0 0 11095561 0 OK 16
Gamma_1 2 1 3332 0 0 11102224 0 OK 16
Gamma_1 2 1 3333 0 0 11108889 0 OK 16
Gamma_1 2 1 3334 0 0 11115556 0 OK 16
Gamma_1 2 1 3335 0 0 11122225 0 OK 16
Gamma_1 2 1 3336 0 0 11128896 0 OK 16
Gamma_1 2 1 3337 0 0 11135569 0 OK 32
Gamma_1 2 1 3338 0 0 11142244 0 OK 15
Gamma_1 2 1 3339 0 0 11148921 0 OK 31
Gamma_1 2 1 3340 0 0 11155600 0 OK 18
Gamma_1 2 1 3341 0 0 11162281 0 OK 16
Gamma_1 2 1 3342 0 0 11168964 0 OK 17
Gamma_1 2 1 3343 0 0 11175649 0 OK 15
Gamma_1 2 1 3344 0 0 11182336 0 OK 16
Gamma_1 2 1 3345 0 0 11189025 0 OK 17
Gamma_1 2 1 3346 0 0 11195716 0 OK 15
Gamma_1 2 1 3347 0 0 11202409 0 OK 17
Gamma_1 2 1 3348 0 0 11209104 0 OK 16
Gamma_1 2 1 3349 0 0 11215801 0 OK 33
Gamma_1 2 1 3350 0 0 11222500 0 OK 15
Gamma_1 2 1 3351 0 0 11229201 0 OK 16
Gamma_1 2 1 3352 0 0 11235904 0 OK 16
Gamma_1 2 1 3353 0 0 11242609 0 OK 16
Gamma_1 2 1 3354 0 0 11249316 0 OK 32
Gamma_1 2 1 3355 0 0 11256025 0 OK 18
Gamma_1 2 1 3356 0 0 11262736 0 OK 17
Gamma_1 2 1 3357 0 0 11269449 0 OK 16
Gamma_1 2 1 3358 0 0 11276164 0 OK 31
Gamma_1 2 1 3359 0 0 11282881 0 OK 31
Gamma_1 2 1 3360 0 0 11289600 0 OK 16
Gamma_1 2 1 3361 0 0 11296321 0 OK 43
Gamma_1 2 1 3362 0 0 11303044 0 OK 17
Gamma_1 2 1 3363 0 0 11309769 0 OK 31
Gamma_1 2 1 3364 0 0 11316496 0 OK 17
Gamma_1 2 1 3365 0 0 11323225 0 OK 16
Gamma_1 2 1 3366 0 0 11329956 0 OK 16
Gamma_1 2 1 3367 0 0 11336689 0 OK 30
Gamma_1 2 1 3368 0 0 11343424 0 OK 30
Gamma_1 2 1 3369 0 0 11350161 0 OK 17
Gamma_1 2 1 3370 0 0 11356900 0 OK 16
Gamma_1 2 1 3371 0 0 11363641 0 OK 29
Gamma_1 2 1 3372 0 0 11370384 0 OK 32
Gamma_1 2 1 3373 0 0 11377129 0 OK 16
Gamma_1 2 1 3374 0 0 11383876 0 OK 16
Gamma_1 2 1 3375 0 0 11390625 0 OK 31
Gamma_1 2 1 3376 0 0 11397376 0 OK 31
Gamma_1 2 1 3377 0 0 11404129 0 OK 16
Gamma_1 2 1 3378 0 0 11410884 0 OK 15
Gamma_1 2 1 3379 0 0 11417641 0 OK 42
Gamma_1 2 1 3380 0 0 11424400 0 OK 17
Gamma_1 2 1 3381 0 0 11431161 0 OK 16
Gamma_1 2 1 3382 0 0 11437924 0 OK 18
Gamma_1 2 1 3383 0 0 11444689 0 OK 16
Gamma_1 2 1 3384 0 0 11451456 0 OK 17
Gamma_1 2 1 3385 0 0 11458225 0 OK 33
Gamma_1 2 1 3386 0 0 11464996 0 OK 16
Gamma_1 2 1 3387 0 0 11471769 0 OK 34
Gamma_1 2 1 3388 0 0 11478544 0 OK 31
Gamma_1 2 1 3389 0 0 11485321 0 OK 17
Gamma_1 2 1 3390 0 0 11492100 0 OK 17
Gamma_1 2 1 3391 0 0 11498881 0 OK 18
Gamma_1 2 1 3392 0 0 11505664 0 OK 33
Gamma_1 2 1 3393 0 0 11512449 0 OK 17
Gamma_1 2 1 3394 0 0 11519236 0 OK 32
Gamma_1 2 1 3395 0 0 11526025 0 OK 32
Gamma_1 2 1 3396 0 0 11532816 0 OK 19
Gamma_1 2 1 3397 0 0 11539609 0 OK 17
Gamma_1 2 1 3398 0 0 11546404 0 OK 15
Gamma_1 2 1 3399 0 0 11553201 0 OK 18
Gamma_1 2 1 3400 0 0 11560000 0 OK 17
Gamma_1 2 1 3401 0 0 11566801 0 OK 17
Gamma_1 2 1 3402 0 0 11573604 0 OK 32
Gamma_1 2 1 3403 0 0 11580409 0 OK 16
Gamma_1 2 1 3404 0 0 11587216 0 OK 18
Gamma_1 2 1 3405 0 0 11594025 0 OK 32
Gamma_1 2 1 3406 0 0 11600836 0 OK 32
Gamma_1 2 1 3407 0 0 11607649 0 OK 32
Gamma_1 2 1 3408 0 0 11614464 0 OK 19
Gamma_1 2 1 3409 0 0 11621281 0 OK 32
Gamma_1 2 1 3410 0 0 11628100 0 OK 16
Gamma_1 2 1 3411 0 0 11634921 0 OK 16
Gamma_1 2 1 3412 0 0 11641744 0 OK 32
Gamma_1 2 1 3413 0 0 11648569 0 OK 19
Gamma_1 2 1 3414 0 0 11655396 0 OK 16
Gamma_1 2 1 3415 0 0 11662225 0 OK 17
Gamma_1 2 1 3416 0 0 11669056 0 OK 16
Gamma_1 2 1 3417 0 0 11675889 0 OK 19
Gamma_1 2 1 3418 0 0 11682724 0 OK 16
Gamma_1 2 1 3419 0 0 11689561 0 OK 17
Gamma_1 2 1 3420 0 0 11696400 0 OK 16
Gamma_1 2 1 3421 0 0 11703241 0 OK 18
Gamma_1 2 1 3422 0 0 11710084 0 OK 18
Gamma_1 2 1 3423 0 0 11716929 0 OK 18
Gamma_1 2 1 3424 0 0 11723776 0 OK 18
Gamma_1 2 1 3425 0 0 11730625 0 OK 31
Gamma_1 2 1 3426 0 0 11737476 0 OK 19
Gamma_1 2 1 3427 0 0 11744329 0 OK 17
Gamma_1 2 1 3428 0 0 11751184 0 OK 16
Gamma_1 2 1 3429 0 0 11758041 0 OK 16
Gamma_1 2 1 3430 0 0 11764900 0 OK 30
Gamma_1 2 1 3431 0 0 11771761 0 OK 17
Gamma_1 2 1 3432 0 0 11778624 0 OK 17
Gamma_1 2 1 3433 0 0 11785489 0 OK 32
Gamma_1 2 1 3434 0 0 11792356 0 OK 14
Gamma_1 2 1 3435 0 0 11799225 0 OK 30
Gamma_1 2 1 3436 0 0 11806096 0 OK 18
Gamma_1 2 1 3437 0 0 11812969 0 OK 16
Gamma_1 2 1 3438 0 0 11819844 0 OK 17
Gamma_1 2 1 3439 0 0 11826721 0 OK 17
Gamma_1 2 1 3440 0 0 11833600 0 OK 17
Gamma_1 2 1 3441 0 0 11840481 0 OK 16
Gamma_1 2 1 3442 0 0 11847364 0 OK 16
Gamma_1 2 1 3443 0 0 11854249 0 OK 30
Gamma_1 2 1 3444 0 0 11861136 0 OK 16
Gamma_1 2 1 3445 0 0 11868025 0 OK 18
Gamma_1 2 1 3446 0 0 11874916 0 OK 28
Gamma_1 2 1 3447 0 0 11881809 0 OK 17
Gamma_1 2 1 3448 0 0 11888704 0 OK 17
Gamma_1 2 1 3449 0 0 11895601 0 OK 16
Gamma_1 2 1 3450 0 0 11902500 0 OK 29
Gamma_1 2 1 3451 0 0 11909401 0 OK 18
Gamma_1 2 1 3452 0 0 11916304 0 OK 16
Gamma_1 2 1 3453 0 0 11923209 0 OK 30
Gamma_1 2 1 3454 0 0 11930116 0 OK 17
Gamma_1 2 1 3455 0 0 11937025 0 OK 17
Gamma_1 2 1 3456 0 0 11943936 0 OK 16
Gamma_1 2 1 3457 0 0 11950849 0 OK 16
Gamma_1 2 1 3458 0 0 11957764 0 OK 30
Gamma_1 2 1 3459 0 0 11964681 0 OK 17
Gamma_1 2 1 3460 0 0 11971600 0 OK 31
Gamma_1 2 1 3461 0 0 11978521 0 OK 32
Gamma_1 2 1 3462 0 0 11985444 0 OK 17
Gamma_1 2 1 3463 0 0 11992369 0 OK 17
Gamma_1 2 1 3464 0 0 11999296 0 OK 32
Gamma_1 2 1 3465 0 0 12006225 0 OK 17
Gamma_1 2 1 3466 0 0 12013156 0 OK 17
Gamma_1 2 1 3467 0 0 12020089 0 OK 20
Gamma_1 2 1 3468 0 0 12027024 0 OK 18
Gamma_1 2 1 3469 0 0 12033961 0 OK 15
Gamma_1 2 1 3470 0 0 12040900 0 OK 30
Gamma_1 2 1 3471 0 0 12047841 0 OK 34
Gamma_1 2 1 3472 0 0 12054784 0 OK 17
Gamma_1 2 1 3473 0 0 12061729 0 OK 19
Gamma_1 2 1 3474 0 0 12068676 0 OK 32
Gamma_1 2 1 3475 0 0 12075625 0 OK 19
Gamma_1 2 1 3476 0 0 12082576 0 OK 33
Gamma_1 2 1 3477 0 0 12089529 0 OK 31
Gamma_1 2 1 3478 0 0 12096484 0 OK 29
Gamma_1 2 1 3479 0 0 12103441 0 OK 17
Gamma_1 2 1 3480 0 0 12110400 0 OK 17
Gamma_1 2 1 3481 0 0 12117361 0 OK 31
Gamma_1 2 1 3482 0 0 12124324 0 OK 15
Gamma_1 2 1 3483 0 0 12131289 0 OK 16
Gamma_1 2 1 3484 0 0 12138256 0 OK 31
Gamma_1 2 1 3485 0 0 12145225 0 OK 32
Gamma_1 2 1 3486 0 0 12152196 0 OK 18
Gamma_1 2 1 3487 0 0 12159169 0 OK 18
Gamma_1 2 1 3488 0 0 12166144 0 OK 31
Gamma_1 2 1 3489 0 0 12173121 0 OK 30
Gamma_1 2 1 3490 0 0 12180100 0 OK 16
Gamma_1 2 1 3491 0 0 12187081 0 OK 16
Gamma_1 2 1 3492 0 0 12194064 0 OK 16
Gamma_1 2 1 3493 0 0 12201049 0 OK 17
Gamma_1 2 1 3494 0 0 12208036 0 OK 31
Gamma_1 2 1 3495 0 0 12215025 0 OK 16
Gamma_1 2 1 3496 0 0 12222016 0 OK 31
Gamma_1 2 1 3497 0 0 12229009 0 OK 18
Gamma_1 2 1 3498 0 0 12236004 0 OK 32
Gamma_1 2 1 3499 0 0 12243001 0 OK 18
Gamma_1 2 1 3500 0 0 12250000 0 OK 31
Gamma_1 2 1 3501 0 0 12257001 0 OK 31
Gamma_1 2 1 3502 0 0 12264004 0 OK 16
Gamma_1 2 1 3503 0 0 12271009 0 OK 17
Gamma_1 2 1 3504 0 0 12278016 0 OK 17
Gamma_1 2 1 3505 0 0 12285025 0 OK 16
Gamma_1 2 1 3506 0 0 12292036 0 OK 14
Gamma_1 2 1 3507 0 0 12299049 0 OK 32
Gamma_1 2 1 3508 0 0 12306064 0 OK 18
Gamma_1 2 1 3509 0 0 12313081 0 OK 43
Gamma_1 2 1 3510 0 0 12320100 0 OK 32
Gamma_1 2 1 3511 0 0 12327121 0 OK 19
Gamma_1 2 1 3512 0 0 12334144 0 OK 32
Gamma_1 2 1 3513 0 0 12341169 0 OK 17
Gamma_1 2 1 3514 0 0 12348196 0 OK 17
Gamma_1 2 1 3515 0 0 12355225 0 OK 16
Gamma_1 2 1 3516 0 0 12362256 0 OK 18
Gamma_1 2 1 3517 0 0 12369289 0 OK 17
Gamma_1 2 1 3518 0 0 12376324 0 OK 16
Gamma_1 2 1 3519 0 0 12383361 0 OK 16
Gamma_1 2 1 3520 0 0 12390400 0 OK 33
Gamma_1 2 1 3521 0 0 12397441 0 OK 19
Gamma_1 2 1 3522 0 0 12404484 0 OK 30
Gamma_1 2 1 3523 0 0 12411529 0 OK 18
Gamma_1 2 1 3524 0 0 12418576 0 OK 32
Gamma_1 2 1 3525 0 0 12425625 0 OK 31
Gamma_1 2 1 3526 0 0 12432676 0 OK 31
Gamma_1 2 1 3527 0 0 12439729 0 OK 32
Gamma_1 2 1 3528 0 0 12446784 0 OK 17
Gamma_1 2 1 3529 0 0 12453841 0 OK 16
Gamma_1 2 1 3530 0 0 12460900 0 OK 15
Gamma_1 2 1 3531 0 0 12467961 0 OK 32
Gamma_1 2 1 3532 0 0 12475024 0 OK 32
Gamma_1 2 1 3533 0 0 12482089 0 OK 29
Gamma_1 2 1 3534 0 0 12489156 0 OK 18
Gamma_1 2 1 3535 0 0 12496225 0 OK 17
Gamma_1 2 1 3536 0 0 12503296 0 OK 15
Gamma_1 2 1 3537 0 0 12510369 0 OK 31
Gamma_1 2 1 3538 0 0 12517444 0 OK 17
Gamma_1 2 1 3539 0 0 12524521 0 OK 16
Gamma_1 2 1 3540 0 0 12531600 0 OK 19
Gamma_1 2 1 3541 0 0 12538681 0 OK 31
Gamma_1 2 1 3542 0 0 12545764 0 OK 17
Gamma_1 2 1 3543 0 0 12552849 0 OK 15
Gamma_1 2 1 3544 0 0 12559936 0 OK 41
Gamma_1 2 1 3545 0 0 12567025 0 OK 30
Gamma_1 2 1 3546 0 0 12574116 0 OK 31
Gamma_1 2 1 3547 0 0 12581209 0 OK 31
Gamma_1 2 1 3548 0 0 12588304 0 OK 18
Gamma_1 2 1 3549 0 0 12595401 0 OK 30
Gamma_1 2 1 3550 0 0 12602500 0 OK 16
Gamma_1 2 1 3551 0 0 12609601 0 OK 43
Gamma_1 2 1 3552 0 0 12616704 0 OK 33
Gamma_1 2 1 3553 0 0 12623809 0 OK 17
Gamma_1 2 1 3554 0 0 12630916 0 OK 16
Gamma_1 2 1 3555 0 0 12638025 0 OK 19
Gamma_1 2 1 3556 0 0 12645136 0 OK 16
Gamma_1 2 1 3557 0 0 12652249 0 OK 31
Gamma_1 2 1 3558 0 0 12659364 0 OK 17
Gamma_1 2 1 3559 0 0 12666481 0 OK 16
Gamma_1 2 1 3560 0 0 12673600 0 OK 30
Gamma_1 2 1 3561 0 0 12680721 0 OK 16
Gamma_1 2 1 3562 0 0 12687844 0 OK 31
Gamma_1 2 1 3563 0 0 12694969 0 OK 31
Gamma_1 2 1 3564 0 0 12702096 0 OK 33
Gamma_1 2 1 3565 0 0 12709225 0 OK 18
Gamma_1 2 1 3566 0 0 12716356 0 OK 14
Gamma_1 2 1 3567 0 0 12723489 0 OK 16
Gamma_1 2 1 3568 0 0 12730624 0 OK 30
Gamma_1 2 1 3569 0 0 12737761 0 OK 17
Gamma_1 2 1 3570 0 0 12744900 0 OK 31
Gamma_1 2 1 3571 0 0 12752041 0 OK 31
Gamma_1 2 1 3572 0 0 12759184 0 OK 31
Gamma_1 2 1 3573 0 0 12766329 0 OK 18
Gamma_1 2 1 3574 0 0 12773476 0 OK 16
Gamma_1 2 1 3575 0 0 12780625 0 OK 31
Gamma_1 2 1 3576 0 0 12787776 0 OK 16
Gamma_1 2 1 3577 0 0 12794929 0 OK 30
Gamma_1 2 1 3578 0 0 12802084 0 OK 17
Gamma_1 2 1 3579 0 0 12809241 0 OK 16
Gamma_1 2 1 3580 0 0 12816400 0 OK 16
Gamma_1 2 1 3581 0 0 12823561 0 OK 30
Gamma_1 2 1 3582 0 0 12830724 0 OK 16
Gamma_1 2 1 3583 0 0 12837889 0 OK 32
Gamma_1 2 1 3584 0 0 12845056 0 OK 16
Gamma_1 2 1 3585 0 0 12852225 0 OK 17
Gamma_1 2 1 3586 0 0 12859396 0 OK 15
Gamma_1 2 1 3587 0 0 12866569 0 OK 33
Gamma_1 2 1 3588 0 0 12873744 0 OK 16
Gamma_1 2 1 3589 0 0 12880921 0 OK 32
Gamma_1 2 1 3590 0 0 12888100 0 OK 32
Gamma_1 2 1 3591 0 0 12895281 0 OK 33
Gamma_1 2 1 3592 0 0 12902464 0 OK 32
Gamma_1 2 1 3593 0 0 12909649 0 OK 16
Gamma_1 2 1 3594 0 0 12916836 0 OK 17
Gamma_1 2 1 3595 0 0 12924025 0 OK 29
Gamma_1 2 1 3596 0 0 12931216 0 OK 30
Gamma_1 2 1 3597 0 0 12938409 0 OK 29
Gamma_1 2 1 3598 0 0 12945604 0 OK 16
Gamma_1 2 1 3599 0 0 12952801 0 OK 18
Gamma_1 2 1 3600 0 0 12960000 0 OK 17
Gamma_1 2 1 3601 0 0 12967201 0 OK 30
Gamma_1 2 1 3602 0 0 12974404 0 OK 16
Gamma_1 2 1 3603 0 0 12981609 0 OK 29
Gamma_1 2 1 3604 0 0 12988816 0 OK 16
Gamma_1 2 1 3605 0 0 12996025 0 OK 31
Gamma_1 2 1 3606 0 0 13003236 0 OK 15
Gamma_1 2 1 3607 0 0 13010449 0 OK 19
Gamma_1 2 1 3608 0 0 13017664 0 OK 16
Gamma_1 2 1 3609 0 0 13024881 0 OK 32
Gamma_1 2 1 3610 0 0 13032100 0 OK 30
Gamma_1 2 1 3611 0 0 13039321 0 OK 17
Gamma_1 2 1 3612 0 0 13046544 0 OK 17
Gamma_1 2 1 3613 0 0 13053769 0 OK 29
Gamma_1 2 1 3614 0 0 13060996 0 OK 16
Gamma_1 2 1 3615 0 0 13068225 0 OK 18
Gamma_1 2 1 3616 0 0 13075456 0 OK 17
Gamma_1 2 1 3617 0 0 13082689 0 OK 29
Gamma_1 2 1 3618 0 0 13089924 0 OK 32
Gamma_1 2 1 3619 0 0 13097161 0 OK 31
Gamma_1 2 1 3620 0 0 13104400 0 OK 16
Gamma_1 2 1 3621 0 0 13111641 0 OK 16
Gamma_1 2 1 3622 0 0 13118884 0 OK 31
Gamma_1 2 1 3623 0 0 13126129 0 OK 17
Gamma_1 2 1 3624 0 0 13133376 0 OK 32
Gamma_1 2 1 3625 0 0 13140625 0 OK 17
Gamma_1 2 1 3626 0 0 13147876 0 OK 17
Gamma_1 2 1 3627 0 0 13155129 0 OK 17
Gamma_1 2 1 3628 0 0 13162384 0 OK 42
Gamma_1 2 1 3629 0 0 13169641 0 OK 33
Gamma_1 2 1 3630 0 0 13176900 0 OK 16
Gamma_1 2 1 3631 0 0 13184161 0 OK 17
Gamma_1 2 1 3632 0 0 13191424 0 OK 17
Gamma_1 2 1 3633 0 0 13198689 0 OK 30
Gamma_1 2 1 3634 0 0 13205956 0 OK 32
Gamma_1 2 1 3635 0 0 13213225 0 OK 17
Gamma_1 2 1 3636 0 0 13220496 0 OK 30
Gamma_1 2 1 3637 0 0 13227769 0 OK 29
Gamma_1 2 1 3638 0 0 13235044 0 OK 17
Gamma_1 2 1 3639 0 0 13242321 0 OK 15
Gamma_1 2 1 3640 0 0 13249600 0 OK 17
Gamma_1 2 1 3641 0 0 13256881 0 OK 16
Gamma_1 2 1 3642 0 0 13264164 0 OK 16
Gamma_1 2 1 3643 0 0 13271449 0 OK 18
Gamma_1 2 1 3644 0 0 13278736 0 OK 19
Gamma_1 2 1 3645 0 0 13286025 0 OK 17
Gamma_1 2 1 3646 0 0 13293316 0 OK 16
Gamma_1 2 1 3647 0 0 13300609 0 OK 16
Gamma_1 2 1 3648 0 0 13307904 0 OK 16
Gamma_1 2 1 3649 0 0 13315201 0 OK 16
Gamma_1 2 1 3650 0 0 13322500 0 OK 30
Gamma_1 2 1 3651 0 0 13329801 0 OK 32
Gamma_1 2 1 3652 0 0 13337104 0 OK 31
Gamma_1 2 1 3653 0 0 13344409 0 OK 33
Gamma_1 2 1 3654 0 0 13351716 0 OK 30
Gamma_1 2 1 3655 0 0 13359025 0 OK 29
Gamma_1 2 1 3656 0 0 13366336 0 OK 19
Gamma_1 2 1 3657 0 0 13373649 0 OK 17
Gamma_1 2 1 3658 0 0 13380964 0 OK 15
Gamma_1 2 1 3659 0 0 13388281 0 OK 14
Gamma_1 2 1 3660 0 0 13395600 0 OK 29
Gamma_1 2 1 3661 0 0 13402921 0 OK 17
Gamma_1 2 1 3662 0 0 13410244 0 OK 16
Gamma_1 2 1 3663 0 0 13417569 0 OK 31
Gamma_1 2 1 3664 0 0 13424896 0 OK 17
Gamma_1 2 1 3665 0 0 13432225 0 OK 17
Gamma_1 2 1 3666 0 0 13439556 0 OK 16
Gamma_1 2 1 3667 0 0 13446889 0 OK 15
Gamma_1 2 1 3668 0 0 13454224 0 OK 16
Gamma_1 2 1 3669 0 0 13461561 0 OK 16
Gamma_1 2 1 3670 0 0 13468900 0 OK 15
Gamma_1 2 1 3671 0 0 13476241 0 OK 16
Gamma_1 2 1 3672 0 0 13483584 0 OK 32
Gamma_1 2 1 3673 0 0 13490929 0 OK 16
Gamma_1 2 1 3674 0 0 13498276 0 OK 32
Gamma_1 2 1 3675 0 0 13505625 0 OK 16
Gamma_1 2 1 3676 0 0 13512976 0 OK 17
Gamma_1 2 1 3677 0 0 13520329 0 OK 29
Gamma_1 2 1 3678 0 0 13527684 0 OK 29
Gamma_1 2 1 3679 0 0 13535041 0 OK 16
Gamma_1 2 1 3680 0 0 13542400 0 OK 17
Gamma_1 2 1 3681 0 0 13549761 0 OK 16
Gamma_1 2 1 3682 0 0 13557124 0 OK 16
Gamma_1 2 1 3683 0 0 13564489 0 OK 33
Gamma_1 2 1 3684 0 0 13571856 0 OK 16
Gamma_1 2 1 3685 0 0 13579225 0 OK 17
Gamma_1 2 1 3686 0 0 13586596 0 OK 33
Gamma_1 2 1 3687 0 0 13593969 0 OK 18
Gamma_1 2 1 3688 0 0 13601344 0 OK 18
Gamma_1 2 1 3689 0 0 13608721 0 OK 16
Gamma_1 2 1 3690 0 0 13616100 0 OK 32
Gamma_1 2 1 3691 0 0 13623481 0 OK 32
Gamma_1 2 1 3692 0 0 13630864 0 OK 35
Gamma_1 2 1 3693 0 0 13638249 0 OK 19
Gamma_1 2 1 3694 0 0 13645636 0 OK 17
Gamma_1 2 1 3695 0 0 13653025 0 OK 31
Gamma_1 2 1 3696 0 0 13660416 0 OK 16
Gamma_1 2 1 3697 0 0 13667809 0 OK 18
Gamma_1 2 1 3698 0 0 13675204 0 OK 16
Gamma_1 2 1 3699 0 0 13682601 0 OK 18
Gamma_1 2 1 3700 0 0 13690000 0 OK 16
Gamma_1 2 1 3701 0 0 13697401 0 OK 33
Gamma_1 2 1 3702 0 0 13704804 0 OK 16
Gamma_1 2 1 3703 0 0 13712209 0 OK 30
Gamma_1 2 1 3704 0 0 13719616 0 OK 16
Gamma_1 2 1 3705 0 0 13727025 0 OK 17
Gamma_1 2 1 3706 0 0 13734436 0 OK 15
Gamma_1 2 1 3707 0 0 13741849 0 OK 29
Gamma_1 2 1 3708 0 0 13749264 0 OK 17
Gamma_1 2 1 3709 0 0 13756681 0 OK 32
Gamma_1 2 1 3710 0 0 13764100 0 OK 15
Gamma_1 2 1 3711 0 0 13771521 0 OK 17
Gamma_1 2 1 3712 0 0 13778944 0 OK 32
Gamma_1 2 1 3713 0 0 13786369 0 OK 17
Gamma_1 2 1 3714 0 0 13793796 0 OK 31
Gamma_1 2 1 3715 0 0 13801225 0 OK 31
Gamma_1 2 1 3716 0 0 13808656 0 OK 17
Gamma_1 2 1 3717 0 0 13816089 0 OK 17
Gamma_1 2 1 3718 0 0 13823524 0 OK 31
Gamma_1 2 1 3719 0 0 13830961 0 OK 17
Gamma_1 2 1 3720 0 0 13838400 0 OK 33
Gamma_1 2 1 3721 0 0 13845841 0 OK 17
Gamma_1 2 1 3722 0 0 13853284 0 OK 16
Gamma_1 2 1 3723 0 0 13860729 0 OK 16
Gamma_1 2 1 3724 0 0 13868176 0 OK 17
Gamma_1 2 1 3725 0 0 13875625 0 OK 16
Gamma_1 2 1 3726 0 0 13883076 0 OK 31
Gamma_1 2 1 3727 0 0 13890529 0 OK 17
Gamma_1 2 1 3728 0 0 13897984 0 OK 16
Gamma_1 2 1 3729 0 0 13905441 0 OK 19
Gamma_1 2 1 3730 0 0 13912900 0 OK 16
Gamma_1 2 1 3731 0 0 13920361 0 OK 17
Gamma_1 2 1 3732 0 0 13927824 0 OK 16
Gamma_1 2 1 3733 0 0 13935289 0 OK 18
Gamma_1 2 1 3734 0 0 13942756 0 OK 30
Gamma_1 2 1 3735 0 0 13950225 0 OK 16
Gamma_1 2 1 3736 0 0 13957696 0 OK 31
Gamma_1 2 1 3737 0 0 13965169 0 OK 31
Gamma_1 2 1 3738 0 0 13972644 0 OK 15
Gamma_1 2 1 3739 0 0 13980121 0 OK 30
Gamma_1 2 1 3740 0 0 13987600 0 OK 17
Gamma_1 2 1 3741 0 0 13995081 0 OK 15
Gamma_1 2 1 3742 0 0 14002564 0 OK 15
Gamma_1 2 1 3743 0 0 14010049 0 OK 17
Gamma_1 2 1 3744 0 0 14017536 0 OK 15
Gamma_1 2 1 3745 0 0 14025025 0 OK 15
Gamma_1 2 1 3746 0 0 14032516 0 OK 15
Gamma_1 2 1 3747 0 0 14040009 0 OK 31
Gamma_1 2 1 3748 0 0 14047504 0 OK 29
Gamma_1 2 1 3749 0 0 14055001 0 OK 30
Gamma_1 2 1 3750 0 0 14062500 0 OK 31
Gamma_1 2 1 3751 0 0 14070001 0 OK 16
Gamma_1 2 1 3752 0 0 14077504 0 OK 30
Gamma_1 2 1 3753 0 0 14085009 0 OK 31
Gamma_1 2 1 3754 0 0 14092516 0 OK 31
Gamma_1 2 1 3755 0 0 14100025 0 OK 16
Gamma_1 2 1 3756 0 0 14107536 0 OK 16
Gamma_1 2 1 3757 0 0 14115049 0 OK 32
Gamma_1 2 1 3758 0 0 14122564 0 OK 33
Gamma_1 2 1 3759 0 0 14130081 0 OK 31
Gamma_1 2 1 3760 0 0 14137600 0 OK 21
Gamma_1 2 1 3761 0 0 14145121 0 OK 15
Gamma_1 2 1 3762 0 0 14152644 0 OK 33
Gamma_1 2 1 3763 0 0 14160169 0 OK 29
Gamma_1 2 1 3764 0 0 14167696 0 OK 32
Gamma_1 2 1 3765 0 0 14175225 0 OK 17
Gamma_1 2 1 3766 0 0 14182756 0 OK 32
Gamma_1 2 1 3767 0 0 14190289 0 OK 43
Gamma_1 2 1 3768 0 0 14197824 0 OK 18
Gamma_1 2 1 3769 0 0 14205361 0 OK 16
Gamma_1 2 1 3770 0 0 14212900 0 OK 16
Gamma_1 2 1 3771 0 0 14220441 0 OK 16
Gamma_1 2 1 3772 0 0 14227984 0 OK 17
Gamma_1 2 1 3773 0 0 14235529 0 OK 41
Gamma_1 2 1 3774 0 0 14243076 0 OK 32
Gamma_1 2 1 3775 0 0 14250625 0 OK 18
Gamma_1 2 1 3776 0 0 14258176 0 OK 32
Gamma_1 2 1 3777 0 0 14265729 0 OK 16
Gamma_1 2 1 3778 0 0 14273284 0 OK 17
Gamma_1 2 1 3779 0 0 14280841 0 OK 18
Gamma_1 2 1 3780 0 0 14288400 0 OK 31
Gamma_1 2 1 3781 0 0 14295961 0 OK 16
Gamma_1 2 1 3782 0 0 14303524 0 OK 15
Gamma_1 2 1 3783 0 0 14311089 0 OK 18
Gamma_1 2 1 3784 0 0 14318656 0 OK 17
Gamma_1 2 1 3785 0 0 14326225 0 OK 32
Gamma_1 2 1 3786 0 0 14333796 0 OK 16
Gamma_1 2 1 3787 0 0 14341369 0 OK 32
Gamma_1 2 1 3788 0 0 14348944 0 OK 30
Gamma_1 2 1 3789 0 0 14356521 0 OK 32
Gamma_1 2 1 3790 0 0 14364100 0 OK 30
Gamma_1 2 1 3791 0 0 14371681 0 OK 18
Gamma_1 2 1 3792 0 0 14379264 0 OK 17
Gamma_1 2 1 3793 0 0 14386849 0 OK 30
Gamma_1 2 1 3794 0 0 14394436 0 OK 19
Gamma_1 2 1 3795 0 0 14402025 0 OK 16
Gamma_1 2 1 3796 0 0 14409616 0 OK 16
Gamma_1 2 1 3797 0 0 14417209 0 OK 31
Gamma_1 2 1 3798 0 0 14424804 0 OK 33
Gamma_1 2 1 3799 0 0 14432401 0 OK 17
Gamma_1 2 1 3800 0 0 14440000 0 OK 33
Gamma_1 2 1 3801 0 0 14447601 0 OK 17
Gamma_1 2 1 3802 0 0 14455204 0 OK 18
Gamma_1 2 1 3803 0 0 14462809 0 OK 15
Gamma_1 2 1 3804 0 0 14470416 0 OK 16
Gamma_1 2 1 3805 0 0 14478025 0 OK 42
Gamma_1 2 1 3806 0 0 14485636 0 OK 17
Gamma_1 2 1 3807 0 0 14493249 0 OK 16
Gamma_1 2 1 3808 0 0 14500864 0 OK 30
Gamma_1 2 1 3809 0 0 14508481 0 OK 16
Gamma_1 2 1 3810 0 0 14516100 0 OK 18
Gamma_1 2 1 3811 0 0 14523721 0 OK 16
Gamma_1 2 1 3812 0 0 14531344 0 OK 16
Gamma_1 2 1 3813 0 0 14538969 0 OK 16
Gamma_1 2 1 3814 0 0 14546596 0 OK 16
Gamma_1 2 1 3815 0 0 14554225 0 OK 15
Gamma_1 2 1 3816 0 0 14561856 0 OK 29
Gamma_1 2 1 3817 0 0 14569489 0 OK 31
Gamma_1 2 1 3818 0 0 14577124 0 OK 32
Gamma_1 2 1 3819 0 0 14584761 0 OK 18
Gamma_1 2 1 3820 0 0 14592400 0 OK 30
Gamma_1 2 1 3821 0 0 14600041 0 OK 17
Gamma_1 2 1 3822 0 0 14607684 0 OK 15
Gamma_1 2 1 3823 0 0 14615329 0 OK 17
Gamma_1 2 1 3824 0 0 14622976 0 OK 30
Gamma_1 2 1 3825 0 0 14630625 0 OK 31
Gamma_1 2 1 3826 0 0 14638276 0 OK 16
Gamma_1 2 1 3827 0 0 14645929 0 OK 16
Gamma_1 2 1 3828 0 0 14653584 0 OK 20
Gamma_1 2 1 3829 0 0 14661241 0 OK 17
Gamma_1 2 1 3830 0 0 14668900 0 OK 18
Gamma_1 2 1 3831 0 0 14676561 0 OK 16
Gamma_1 2 1 3832 0 0 14684224 0 OK 17
Gamma_1 2 1 3833 0 0 14691889 0 OK 32
Gamma_1 2 1 3834 0 0 14699556 0 OK 15
Gamma_1 2 1 3835 0 0 14707225 0 OK 19
Gamma_1 2 1 3836 0 0 14714896 0 OK 16
Gamma_1 2 1 3837 0 0 14722569 0 OK 31
Gamma_1 2 1 3838 0 0 14730244 0 OK 16
Gamma_1 2 1 3839 0 0 14737921 0 OK 32
Gamma_1 2 1 3840 0 0 14745600 0 OK 31
Gamma_1 2 1 3841 0 0 14753281 0 OK 31
Gamma_1 2 1 3842 0 0 14760964 0 OK 18
Gamma_1 2 1 3843 0 0 14768649 0 OK 32
Gamma_1 2 1 3844 0 0 14776336 0 OK 32
Gamma_1 2 1 3845 0 0 14784025 0 OK 42
Gamma_1 2 1 3846 0 0 14791716 0 OK 19
Gamma_1 2 1 3847 0 0 14799409 0 OK 16
Gamma_1 2 1 3848 0 0 14807104 0 OK 33
Gamma_1 2 1 3849 0 0 14814801 0 OK 16
Gamma_1 2 1 3850 0 0 14822500 0 OK 33
Gamma_1 2 1 3851 0 0 14830201 0 OK 31
Gamma_1 2 1 3852 0 0 14837904 0 OK 32
Gamma_1 2 1 3853 0 0 14845609 0 OK 16
Gamma_1 2 1 3854 0 0 14853316 0 OK 17
Gamma_1 2 1 3855 0 0 14861025 0 OK 17
Gamma_1 2 1 3856 0 0 14868736 0 OK 15
Gamma_1 2 1 3857 0 0 14876449 0 OK 17
Gamma_1 2 1 3858 0 0 14884164 0 OK 32
Gamma_1 2 1 3859 0 0 14891881 0 OK 17
Gamma_1 2 1 3860 0 0 14899600 0 OK 17
Gamma_1 2 1 3861 0 0 14907321 0 OK 18
Gamma_1 2 1 3862 0 0 14915044 0 OK 41
Gamma_1 2 1 3863 0 0 14922769 0 OK 17
Gamma_1 2 1 3864 0 0 14930496 0 OK 17
Gamma_1 2 1 3865 0 0 14938225 0 OK 14
Gamma_1 2 1 3866 0 0 14945956 0 OK 34
Gamma_1 2 1 3867 0 0 14953689 0 OK 15
Gamma_1 2 1 3868 0 0 14961424 0 OK 29
Gamma_1 2 1 3869 0 0 14969161 0 OK 30
Gamma_1 2 1 3870 0 0 14976900 0 OK 16
Gamma_1 2 1 3871 0 0 14984641 0 OK 34
Gamma_1 2 1 3872 0 0 14992384 0 OK 18
Gamma_1 2 1 3873 0 0 15000129 0 OK 30
Gamma_1 2 1 3874 0 0 15007876 0 OK 16
Gamma_1 2 1 3875 0 0 15015625 0 OK 31
Gamma_1 2 1 3876 0 0 15023376 0 OK 19
Gamma_1 2 1 3877 0 0 15031129 0 OK 17
Gamma_1 2 1 3878 0 0 15038884 0 OK 16
Gamma_1 2 1 3879 0 0 15046641 0 OK 31
Gamma_1 2 1 3880 0 0 15054400 0 OK 18
Gamma_1 2 1 3881 0 0 15062161 0 OK 18
Gamma_1 2 1 3882 0 0 15069924 0 OK 30
Gamma_1 2 1 3883 0 0 15077689 0 OK 16
Gamma_1 2 1 3884 0 0 15085456 0 OK 16
Gamma_1 2 1 3885 0 0 15093225 0 OK 16
Gamma_1 2 1 3886 0 0 15100996 0 OK 17
Gamma_1 2 1 3887 0 0 15108769 0 OK 31
Gamma_1 2 1 3888 0 0 15116544 0 OK 32
Gamma_1 2 1 3889 0 0 15124321 0 OK 17
Gamma_1 2 1 3890 0 0 15132100 0 OK 18
Gamma_1 2 1 3891 0 0 15139881 0 OK 16
Gamma_1 2 1 3892 0 0 15147664 0 OK 16
Gamma_1 2 1 3893 0 0 15155449 0 OK 32
Gamma_1 2 1 3894 0 0 15163236 0 OK 31
Gamma_1 2 1 3895 0 0 15171025 0 OK 30
Gamma_1 2 1 3896 0 0 15178816 0 OK 18
Gamma_1 2 1 3897 0 0 15186609 0 OK 18
Gamma_1 2 1 3898 0 0 15194404 0 OK 17
Gamma_1 2 1 3899 0 0 15202201 0 OK 44
Gamma_1 2 1 3900 0 0 15210000 0 OK 31
Gamma_1 2 1 3901 0 0 15217801 0 OK 16
Gamma_1 2 1 3902 0 0 15225604 0 OK 17
Gamma_1 2 1 3903 0 0 15233409 0 OK 18
Gamma_1 2 1 3904 0 0 15241216 0 OK 32
Gamma_1 2 1 3905 0 0 15249025 0 OK 30
Gamma_1 2 1 3906 0 0 15256836 0 OK 33
Gamma_1 2 1 3907 0 0 15264649 0 OK 33
Gamma_1 2 1 3908 0 0 15272464 0 OK 15
Gamma_1 2 1 3909 0 0 15280281 0 OK 15
Gamma_1 2 1 3910 0 0 15288100 0 OK 16
Gamma_1 2 1 3911 0 0 15295921 0 OK 30
Gamma_1 2 1 3912 0 0 15303744 0 OK 32
Gamma_1 2 1 3913 0 0 15311569 0 OK 31
Gamma_1 2 1 3914 0 0 15319396 0 OK 35
Gamma_1 2 1 3915 0 0 15327225 0 OK 14
Gamma_1 2 1 3916 0 0 15335056 0 OK 18
Gamma_1 2 1 3917 0 0 15342889 0 OK 33
Gamma_1 2 1 3918 0 0 15350724 0 OK 16
Gamma_1 2 1 3919 0 0 15358561 0 OK 15
Gamma_1 2 1 3920 0 0 15366400 0 OK 14
Gamma_1 2 1 3921 0 0 15374241 0 OK 15
Gamma_1 2 1 3922 0 0 15382084 0 OK 43
Gamma_1 2 1 3923 0 0 15389929 0 OK 32
Gamma_1 2 1 3924 0 0 15397776 0 OK 32
Gamma_1 2 1 3925 0 0 15405625 0 OK 17
Gamma_1 2 1 3926 0 0 15413476 0 OK 32
Gamma_1 2 1 3927 0 0 15421329 0 OK 30
Gamma_1 2 1 3928 0 0 15429184 0 OK 16
Gamma_1 2 1 3929 0 0 15437041 0 OK 16
Gamma_1 2 1 3930 0 0 15444900 0 OK 16
Gamma_1 2 1 3931 0 0 15452761 0 OK 19
Gamma_1 2 1 3932 0 0 15460624 0 OK 17
Gamma_1 2 1 3933 0 0 15468489 0 OK 31
Gamma_1 2 1 3934 0 0 15476356 0 OK 33
Gamma_1 2 1 3935 0 0 15484225 0 OK 17
Gamma_1 2 1 3936 0 0 15492096 0 OK 17
Gamma_1 2 1 3937 0 0 15499969 0 OK 30
Gamma_1 2 1 3938 0 0 15507844 0 OK 18
Gamma_1 2 1 3939 0 0 15515721 0 OK 17
Gamma_1 2 1 3940 0 0 15523600 0 OK 17
Gamma_1 2 1 3941 0 0 15531481 0 OK 14
Gamma_1 2 1 3942 0 0 15539364 0 OK 34
Gamma_1 2 1 3943 0 0 15547249 0 OK 15
Gamma_1 2 1 3944 0 0 15555136 0 OK 16
Gamma_1 2 1 3945 0 0 15563025 0 OK 33
Gamma_1 2 1 3946 0 0 15570916 0 OK 18
Gamma_1 2 1 3947 0 0 15578809 0 OK 31
Gamma_1 2 1 3948 0 0 15586704 0 OK 31
Gamma_1 2 1 3949 0 0 15594601 0 OK 16
Gamma_1 2 1 3950 0 0 15602500 0 OK 16
Gamma_1 2 1 3951 0 0 15610401 0 OK 16
Gamma_1 2 1 3952 0 0 15618304 0 OK 16
Gamma_1 2 1 3953 0 0 15626209 0 OK 16
Gamma_1 2 1 3954 0 0 15634116 0 OK 16
Gamma_1 2 1 3955 0 0 15642025 0 OK 32
Gamma_1 2 1 3956 0 0 15649936 0 OK 18
Gamma_1 2 1 3957 0 0 15657849 0 OK 30
Gamma_1 2 1 3958 0 0 15665764 0 OK 31
Gamma_1 2 1 3959 0 0 15673681 0 OK 33
Gamma_1 2 1 3960 0 0 15681600 0 OK 17
Gamma_1 2 1 3961 0 0 15689521 0 OK 17
Gamma_1 2 1 3962 0 0 15697444 0 OK 32
Gamma_1 2 1 3963 0 0 15705369 0 OK 17
Gamma_1 2 1 3964 0 0 15713296 0 OK 16
Gamma_1 2 1 3965 0 0 15721225 0 OK 14
Gamma_1 2 1 3966 0 0 15729156 0 OK 18
Gamma_1 2 1 3967 0 0 15737089 0 OK 16
Gamma_1 2 1 3968 0 0 15745024 0 OK 16
Gamma_1 2 1 3969 0 0 15752961 0 OK 29
Gamma_1 2 1 3970 0 0 15760900 0 OK 31
Gamma_1 2 1 3971 0 0 15768841 0 OK 32
Gamma_1 2 1 3972 0 0 15776784 0 OK 16
Gamma_1 2 1 3973 0 0 15784729 0 OK 16
Gamma_1 2 1 3974 0 0 15792676 0 OK 32
Gamma_1 2 1 3975 0 0 15800625 0 OK 31
Gamma_1 2 1 3976 0 0 15808576 0 OK 17
Gamma_1 2 1 3977 0 0 15816529 0 OK 16
Gamma_1 2 1 3978 0 0 15824484 0 OK 30
Gamma_1 2 1 3979 0 0 15832441 0 OK 31
Gamma_1 2 1 3980 0 0 15840400 0 OK 17
Gamma_1 2 1 3981 0 0 15848361 0 OK 32
Gamma_1 2 1 3982 0 0 15856324 0 OK 32
Gamma_1 2 1 3983 0 0 15864289 0 OK 18
Gamma_1 2 1 3984 0 0 15872256 0 OK 17
Gamma_1 2 1 3985 0 0 15880225 0 OK 16
Gamma_1 2 1 3986 0 0 15888196 0 OK 33
Gamma_1 2 1 3987 0 0 15896169 0 OK 17
Gamma_1 2 1 3988 0 0 15904144 0 OK 30
Gamma_1 2 1 3989 0 0 15912121 0 OK 16
Gamma_1 2 1 3990 0 0 15920100 0 OK 32
Gamma_1 2 1 3991 0 0 15928081 0 OK 17
Gamma_1 2 1 3992 0 0 15936064 0 OK 31
Gamma_1 2 1 3993 0 0 15944049 0 OK 17
Gamma_1 2 1 3994 0 0 15952036 0 OK 17
Gamma_1 2 1 3995 0 0 15960025 0 OK 31
Gamma_1 2 1 3996 0 0 15968016 0 OK 31
Gamma_1 2 1 3997 0 0 15976009 0 OK 17
Gamma_1 2 1 3998 0 0 15984004 0 OK 31
Gamma_1 2 1 3999 0 0 15992001 0 OK 17
Gamma_1 2 1 4000 0 0 16000000 0 OK 15
Gamma_1 2 1 4001 0 0 16008001 0 OK 16
Gamma_1 2 1 4002 0 0 16016004 0 OK 16
Gamma_1 2 1 4003 0 0 16024009 0 OK 20
Gamma_1 2 1 4004 0 0 16032016 0 OK 15
Gamma_1 2 1 4005 0 0 16040025 0 OK 32
Gamma_1 2 1 4006 0 0 16048036 0 OK 18
Gamma_1 2 1 4007 0 0 16056049 0 OK 32
Gamma_1 2 1 4008 0 0 16064064 0 OK 32
Gamma_1 2 1 4009 0 0 16072081 0 OK 16
Gamma_1 2 1 4010 0 0 16080100 0 OK 16
Gamma_1 2 1 4011 0 0 16088121 0 OK 16
Gamma_1 2 1 4012 0 0 16096144 0 OK 17
Gamma_1 2 1 4013 0 0 16104169 0 OK 14
Gamma_1 2 1 4014 0 0 16112196 0 OK 17
Gamma_1 2 1 4015 0 0 16120225 0 OK 31
Gamma_1 2 1 4016 0 0 16128256 0 OK 17
Gamma_1 2 1 4017 0 0 16136289 0 OK 17
Gamma_1 2 1 4018 0 0 16144324 0 OK 17
Gamma_1 2 1 4019 0 0 16152361 0 OK 17
Gamma_1 2 1 4020 0 0 16160400 0 OK 19
Gamma_1 2 1 4021 0 0 16168441 0 OK 30
Gamma_1 2 1 4022 0 0 16176484 0 OK 19
Gamma_1 2 1 4023 0 0 16184529 0 OK 17
Gamma_1 2 1 4024 0 0 16192576 0 OK 30
Gamma_1 2 1 4025 0 0 16200625 0 OK 17
Gamma_1 2 1 4026 0 0 16208676 0 OK 16
Gamma_1 2 1 4027 0 0 16216729 0 OK 17
Gamma_1 2 1 4028 0 0 16224784 0 OK 16
Gamma_1 2 1 4029 0 0 16232841 0 OK 15
Gamma_1 2 1 4030 0 0 16240900 0 OK 29
Gamma_1 2 1 4031 0 0 16248961 0 OK 32
Gamma_1 2 1 4032 0 0 16257024 0 OK 16
Gamma_1 2 1 4033 0 0 16265089 0 OK 31
Gamma_1 2 1 4034 0 0 16273156 0 OK 33
Gamma_1 2 1 4035 0 0 16281225 0 OK 18
Gamma_1 2 1 4036 0 0 16289296 0 OK 16
Gamma_1 2 1 4037 0 0 16297369 0 OK 16
Gamma_1 2 1 4038 0 0 16305444 0 OK 17
Gamma_1 2 1 4039 0 0 16313521 0 OK 17
Gamma_1 2 1 4040 0 0 16321600 0 OK 32
Gamma_1 2 1 4041 0 0 16329681 0 OK 29
Gamma_1 2 1 4042 0 0 16337764 0 OK 15
Gamma_1 2 1 4043 0 0 16345849 0 OK 16
Gamma_1 2 1 4044 0 0 16353936 0 OK 17
Gamma_1 2 1 4045 0 0 16362025 0 OK 15
Gamma_1 2 1 4046 0 0 16370116 0 OK 16
Gamma_1 2 1 4047 0 0 16378209 0 OK 29
Gamma_1 2 1 4048 0 0 16386304 0 OK 29
Gamma_1 2 1 4049 0 0 16394401 0 OK 15
Gamma_1 2 1 4050 0 0 16402500 0 OK 16
Gamma_1 2 1 4051 0 0 16410601 0 OK 29
Gamma_1 2 1 4052 0 0 16418704 0 OK 23
Gamma_1 2 1 4053 0 0 16426809 0 OK 16
Gamma_1 2 1 4054 0 0 16434916 0 OK 17
Gamma_1 2 1 4055 0 0 16443025 0 OK 31
Gamma_1 2 1 4056 0 0 16451136 0 OK 17
Gamma_1 2 1 4057 0 0 16459249 0 OK 31
Gamma_1 2 1 4058 0 0 16467364 0 OK 15
Gamma_1 2 1 4059 0 0 16475481 0 OK 19
Gamma_1 2 1 4060 0 0 16483600 0 OK 32
Gamma_1 2 1 4061 0 0 16491721 0 OK 31
Gamma_1 2 1 4062 0 0 16499844 0 OK 31
Gamma_1 2 1 4063 0 0 16507969 0 OK 16
Gamma_1 2 1 4064 0 0 16516096 0 OK 17
Gamma_1 2 1 4065 0 0 16524225 0 OK 16
Gamma_1 2 1 4066 0 0 16532356 0 OK 33
Gamma_1 2 1 4067 0 0 16540489 0 OK 18
Gamma_1 2 1 4068 0 0 16548624 0 OK 32
Gamma_1 2 1 4069 0 0 16556761 0 OK 16
Gamma_1 2 1 4070 0 0 16564900 0 OK 17
Gamma_1 2 1 4071 0 0 16573041 0 OK 30
Gamma_1 2 1 4072 0 0 16581184 0 OK 17
Gamma_1 2 1 4073 0 0 16589329 0 OK 15
Gamma_1 2 1 4074 0 0 16597476 0 OK 30
Gamma_1 2 1 4075 0 0 16605625 0 OK 18
Gamma_1 2 1 4076 0 0 16613776 0 OK 30
Gamma_1 2 1 4077 0 0 16621929 0 OK 17
Gamma_1 2 1 4078 0 0 16630084 0 OK 17
Gamma_1 2 1 4079 0 0 16638241 0 OK 17
Gamma_1 2 1 4080 0 0 16646400 0 OK 30
Gamma_1 2 1 4081 0 0 16654561 0 OK 17
Gamma_1 2 1 4082 0 0 16662724 0 OK 30
Gamma_1 2 1 4083 0 0 16670889 0 OK 18
Gamma_1 2 1 4084 0 0 16679056 0 OK 17
Gamma_1 2 1 4085 0 0 16687225 0 OK 16
Gamma_1 2 1 4086 0 0 16695396 0 OK 30
Gamma_1 2 1 4087 0 0 16703569 0 OK 32
Gamma_1 2 1 4088 0 0 16711744 0 OK 16
Gamma_1 2 1 4089 0 0 16719921 0 OK 15
Gamma_1 2 1 4090 0 0 16728100 0 OK 17
Gamma_1 2 1 4091 0 0 16736281 0 OK 30
Gamma_1 2 1 4092 0 0 16744464 0 OK 18
Gamma_1 2 1 4093 0 0 16752649 0 OK 15
Gamma_1 2 1 4094 0 0 16760836 0 OK 31
Gamma_1 2 1 4095 0 0 16769025 0 OK 30
Gamma_1 2 1 4096 0 0 16777216 0 OK 17
Gamma_1 2 1 4097 0 0 16785409 0 OK 35
Gamma_1 2 1 4098 0 0 16793604 0 OK 16
Gamma_1 2 1 4099 0 0 16801801 0 OK 15
Gamma_1 2 1 4100 0 0 16810000 0 OK 15
Gamma_1 2 1 4101 0 0 16818201 0 OK 31
Gamma_1 2 1 4102 0 0 16826404 0 OK 16
Gamma_1 2 1 4103 0 0 16834609 0 OK 17
Gamma_1 2 1 4104 0 0 16842816 0 OK 17
Gamma_1 2 1 4105 0 0 16851025 0 OK 15
Gamma_1 2 1 4106 0 0 16859236 0 OK 32
Gamma_1 2 1 4107 0 0 16867449 0 OK 16
Gamma_1 2 1 4108 0 0 16875664 0 OK 33
Gamma_1 2 1 4109 0 0 16883881 0 OK 16
Gamma_1 2 1 4110 0 0 16892100 0 OK 16
Gamma_1 2 1 4111 0 0 16900321 0 OK 30
Gamma_1 2 1 4112 0 0 16908544 0 OK 17
Gamma_1 2 1 4113 0 0 16916769 0 OK 17
Gamma_1 2 1 4114 0 0 16924996 0 OK 16
Gamma_1 2 1 4115 0 0 16933225 0 OK 18
Gamma_1 2 1 4116 0 0 16941456 0 OK 31
Gamma_1 2 1 4117 0 0 16949689 0 OK 30
Gamma_1 2 1 4118 0 0 16957924 0 OK 16
Gamma_1 2 1 4119 0 0 16966161 0 OK 31
Gamma_1 2 1 4120 0 0 16974400 0 OK 16
Gamma_1 2 1 4121 0 0 16982641 0 OK 15
Gamma_1 2 1 4122 0 0 16990884 0 OK 19
Gamma_1 2 1 4123 0 0 16999129 0 OK 14
Gamma_1 2 1 4124 0 0 17007376 0 OK 30
Gamma_1 2 1 4125 0 0 17015625 0 OK 16
Gamma_1 2 1 4126 0 0 17023876 0 OK 31
Gamma_1 2 1 4127 0 0 17032129 0 OK 30
Gamma_1 2 1 4128 0 0 17040384 0 OK 32
Gamma_1 2 1 4129 0 0 17048641 0 OK 33
Gamma_1 2 1 4130 0 0 17056900 0 OK 16
Gamma_1 2 1 4131 0 0 17065161 0 OK 17
Gamma_1 2 1 4132 0 0 17073424 0 OK 16
Gamma_1 2 1 4133 0 0 17081689 0 OK 30
Gamma_1 2 1 4134 0 0 17089956 0 OK 18
Gamma_1 2 1 4135 0 0 17098225 0 OK 17
Gamma_1 2 1 4136 0 0 17106496 0 OK 30
Gamma_1 2 1 4137 0 0 17114769 0 OK 17
Gamma_1 2 1 4138 0 0 17123044 0 OK 41
Gamma_1 2 1 4139 0 0 17131321 0 OK 16
Gamma_1 2 1 4140 0 0 17139600 0 OK 17
Gamma_1 2 1 4141 0 0 17147881 0 OK 30
Gamma_1 2 1 4142 0 0 17156164 0 OK 19
Gamma_1 2 1 4143 0 0 17164449 0 OK 18
Gamma_1 2 1 4144 0 0 17172736 0 OK 17
Gamma_1 2 1 4145 0 0 17181025 0 OK 32
Gamma_1 2 1 4146 0 0 17189316 0 OK 33
Gamma_1 2 1 4147 0 0 17197609 0 OK 16
Gamma_1 2 1 4148 0 0 17205904 0 OK 17
Gamma_1 2 1 4149 0 0 17214201 0 OK 15
Gamma_1 2 1 4150 0 0 17222500 0 OK 35
Gamma_1 2 1 4151 0 0 17230801 0 OK 32
Gamma_1 2 1 4152 0 0 17239104 0 OK 18
Gamma_1 2 1 4153 0 0 17247409 0 OK 15
Gamma_1 2 1 4154 0 0 17255716 0 OK 16
Gamma_1 2 1 4155 0 0 17264025 0 OK 32
Gamma_1 2 1 4156 0 0 17272336 0 OK 18
Gamma_1 2 1 4157 0 0 17280649 0 OK 28
Gamma_1 2 1 4158 0 0 17288964 0 OK 31
Gamma_1 2 1 4159 0 0 17297281 0 OK 31
Gamma_1 2 1 4160 0 0 17305600 0 OK 30
Gamma_1 2 1 4161 0 0 17313921 0 OK 17
Gamma_1 2 1 4162 0 0 17322244 0 OK 18
Gamma_1 2 1 4163 0 0 17330569 0 OK 17
Gamma_1 2 1 4164 0 0 17338896 0 OK 17
Gamma_1 2 1 4165 0 0 17347225 0 OK 16
Gamma_1 2 1 4166 0 0 17355556 0 OK 18
Gamma_1 2 1 4167 0 0 17363889 0 OK 35
Gamma_1 2 1 4168 0 0 17372224 0 OK 32
Gamma_1 2 1 4169 0 0 17380561 0 OK 31
Gamma_1 2 1 4170 0 0 17388900 0 OK 32
Gamma_1 2 1 4171 0 0 17397241 0 OK 18
Gamma_1 2 1 4172 0 0 17405584 0 OK 17
Gamma_1 2 1 4173 0 0 17413929 0 OK 17
Gamma_1 2 1 4174 0 0 17422276 0 OK 17
Gamma_1 2 1 4175 0 0 17430625 0 OK 18
Gamma_1 2 1 4176 0 0 17438976 0 OK 42
Gamma_1 2 1 4177 0 0 17447329 0 OK 18
Gamma_1 2 1 4178 0 0 17455684 0 OK 16
Gamma_1 2 1 4179 0 0 17464041 0 OK 30
Gamma_1 2 1 4180 0 0 17472400 0 OK 40
Gamma_1 2 1 4181 0 0 17480761 0 OK 51
Gamma_1 2 1 4182 0 0 17489124 0 OK 18
Gamma_1 2 1 4183 0 0 17497489 0 OK 18
Gamma_1 2 1 4184 0 0 17505856 0 OK 17
Gamma_1 2 1 4185 0 0 17514225 0 OK 20
Gamma_1 2 1 4186 0 0 17522596 0 OK 17
Gamma_1 2 1 4187 0 0 17530969 0 OK 17
Gamma_1 2 1 4188 0 0 17539344 0 OK 29
Gamma_1 2 1 4189 0 0 17547721 0 OK 19
Gamma_1 2 1 4190 0 0 17556100 0 OK 19
Gamma_1 2 1 4191 0 0 17564481 0 OK 16
Gamma_1 2 1 4192 0 0 17572864 0 OK 16
Gamma_1 2 1 4193 0 0 17581249 0 OK 17
Gamma_1 2 1 4194 0 0 17589636 0 OK 17
Gamma_1 2 1 4195 0 0 17598025 0 OK 32
Gamma_1 2 1 4196 0 0 17606416 0 OK 17
Gamma_1 2 1 4197 0 0 17614809 0 OK 30
Gamma_1 2 1 4198 0 0 17623204 0 OK 17
Gamma_1 2 1 4199 0 0 17631601 0 OK 30
Gamma_1 2 1 4200 0 0 17640000 0 OK 31
Gamma_1 2 1 4201 0 0 17648401 0 OK 30
Gamma_1 2 1 4202 0 0 17656804 0 OK 17
Gamma_1 2 1 4203 0 0 17665209 0 OK 16
Gamma_1 2 1 4204 0 0 17673616 0 OK 17
Gamma_1 2 1 4205 0 0 17682025 0 OK 17
Gamma_1 2 1 4206 0 0 17690436 0 OK 31
Gamma_1 2 1 4207 0 0 17698849 0 OK 31
Gamma_1 2 1 4208 0 0 17707264 0 OK 16
Gamma_1 2 1 4209 0 0 17715681 0 OK 45
Gamma_1 2 1 4210 0 0 17724100 0 OK 30
Gamma_1 2 1 4211 0 0 17732521 0 OK 33
Gamma_1 2 1 4212 0 0 17740944 0 OK 16
Gamma_1 2 1 4213 0 0 17749369 0 OK 32
Gamma_1 2 1 4214 0 0 17757796 0 OK 43
Gamma_1 2 1 4215 0 0 17766225 0 OK 18
Gamma_1 2 1 4216 0 0 17774656 0 OK 16
Gamma_1 2 1 4217 0 0 17783089 0 OK 17
Gamma_1 2 1 4218 0 0 17791524 0 OK 15
Gamma_1 2 1 4219 0 0 17799961 0 OK 18
Gamma_1 2 1 4220 0 0 17808400 0 OK 17
Gamma_1 2 1 4221 0 0 17816841 0 OK 30
Gamma_1 2 1 4222 0 0 17825284 0 OK 15
Gamma_1 2 1 4223 0 0 17833729 0 OK 16
Gamma_1 2 1 4224 0 0 17842176 0 OK 16
Gamma_1 2 1 4225 0 0 17850625 0 OK 30
Gamma_1 2 1 4226 0 0 17859076 0 OK 17
Gamma_1 2 1 4227 0 0 17867529 0 OK 15
Gamma_1 2 1 4228 0 0 17875984 0 OK 17
Gamma_1 2 1 4229 0 0 17884441 0 OK 15
Gamma_1 2 1 4230 0 0 17892900 0 OK 17
Gamma_1 2 1 4231 0 0 17901361 0 OK 17
Gamma_1 2 1 4232 0 0 17909824 0 OK 31
Gamma_1 2 1 4233 0 0 17918289 0 OK 18
Gamma_1 2 1 4234 0 0 17926756 0 OK 16
Gamma_1 2 1 4235 0 0 17935225 0 OK 17
Gamma_1 2 1 4236 0 0 17943696 0 OK 17
Gamma_1 2 1 4237 0 0 17952169 0 OK 33
Gamma_1 2 1 4238 0 0 17960644 0 OK 16
Gamma_1 2 1 4239 0 0 17969121 0 OK 15
Gamma_1 2 1 4240 0 0 17977600 0 OK 17
Gamma_1 2 1 4241 0 0 17986081 0 OK 30
Gamma_1 2 1 4242 0 0 17994564 0 OK 18
Gamma_1 2 1 4243 0 0 18003049 0 OK 33
Gamma_1 2 1 4244 0 0 18011536 0 OK 16
Gamma_1 2 1 4245 0 0 18020025 0 OK 17
Gamma_1 2 1 4246 0 0 18028516 0 OK 17
Gamma_1 2 1 4247 0 0 18037009 0 OK 15
Gamma_1 2 1 4248 0 0 18045504 0 OK 16
Gamma_1 2 1 4249 0 0 18054001 0 OK 16
Gamma_1 2 1 4250 0 0 18062500 0 OK 30
Gamma_1 2 1 4251 0 0 18071001 0 OK 17
Gamma_1 2 1 4252 0 0 18079504 0 OK 30
Gamma_1 2 1 4253 0 0 18088009 0 OK 34
Gamma_1 2 1 4254 0 0 18096516 0 OK 31
Gamma_1 2 1 4255 0 0 18105025 0 OK 16
Gamma_1 2 1 4256 0 0 18113536 0 OK 42
Gamma_1 2 1 4257 0 0 18122049 0 OK 18
Gamma_1 2 1 4258 0 0 18130564 0 OK 16
Gamma_1 2 1 4259 0 0 18139081 0 OK 16
Gamma_1 2 1 4260 0 0 18147600 0 OK 30
Gamma_1 2 1 4261 0 0 18156121 0 OK 16
Gamma_1 2 1 4262 0 0 18164644 0 OK 16
Gamma_1 2 1 4263 0 0 18173169 0 OK 18
Gamma_1 2 1 4264 0 0 18181696 0 OK 17
Gamma_1 2 1 4265 0 0 18190225 0 OK 16
Gamma_1 2 1 4266 0 0 18198756 0 OK 34
Gamma_1 2 1 4267 0 0 18207289 0 OK 17
Gamma_1 2 1 4268 0 0 18215824 0 OK 32
Gamma_1 2 1 4269 0 0 18224361 0 OK 16
Gamma_1 2 1 4270 0 0 18232900 0 OK 17
Gamma_1 2 1 4271 0 0 18241441 0 OK 35
Gamma_1 2 1 4272 0 0 18249984 0 OK 32
Gamma_1 2 1 4273 0 0 18258529 0 OK 19
Gamma_1 2 1 4274 0 0 18267076 0 OK 32
Gamma_1 2 1 4275 0 0 18275625 0 OK 18
Gamma_1 2 1 4276 0 0 18284176 0 OK 17
Gamma_1 2 1 4277 0 0 18292729 0 OK 17
Gamma_1 2 1 4278 0 0 18301284 0 OK 37
Gamma_1 2 1 4279 0 0 18309841 0 OK 32
Gamma_1 2 1 4280 0 0 18318400 0 OK 17
Gamma_1 2 1 4281 0 0 18326961 0 OK 17
Gamma_1 2 1 4282 0 0 18335524 0 OK 17
Gamma_1 2 1 4283 0 0 18344089 0 OK 17
Gamma_1 2 1 4284 0 0 18352656 0 OK 18
Gamma_1 2 1 4285 0 0 18361225 0 OK 15
Gamma_1 2 1 4286 0 0 18369796 0 OK 16
Gamma_1 2 1 4287 0 0 18378369 0 OK 32
Gamma_1 2 1 4288 0 0 18386944 0 OK 19
Gamma_1 2 1 4289 0 0 18395521 0 OK 16
Gamma_1 2 1 4290 0 0 18404100 0 OK 16
Gamma_1 2 1 4291 0 0 18412681 0 OK 17
Gamma_1 2 1 4292 0 0 18421264 0 OK 16
Gamma_1 2 1 4293 0 0 18429849 0 OK 19
Gamma_1 2 1 4294 0 0 18438436 0 OK 18
Gamma_1 2 1 4295 0 0 18447025 0 OK 32
Gamma_1 2 1 4296 0 0 18455616 0 OK 17
Gamma_1 2 1 4297 0 0 18464209 0 OK 18
Gamma_1 2 1 4298 0 0 18472804 0 OK 33
Gamma_1 2 1 4299 0 0 18481401 0 OK 19
Gamma_1 2 1 4300 0 0 18490000 0 OK 18
Gamma_1 2 1 4301 0 0 18498601 0 OK 29
Gamma_1 2 1 4302 0 0 18507204 0 OK 17
Gamma_1 2 1 4303 0 0 18515809 0 OK 16
Gamma_1 2 1 4304 0 0 18524416 0 OK 18
Gamma_1 2 1 4305 0 0 18533025 0 OK 17
Gamma_1 2 1 4306 0 0 18541636 0 OK 15
Gamma_1 2 1 4307 0 0 18550249 0 OK 19
Gamma_1 2 1 4308 0 0 18558864 0 OK 29
Gamma_1 2 1 4309 0 0 18567481 0 OK 17
Gamma_1 2 1 4310 0 0 18576100 0 OK 17
Gamma_1 2 1 4311 0 0 18584721 0 OK 17
Gamma_1 2 1 4312 0 0 18593344 0 OK 17
Gamma_1 2 1 4313 0 0 18601969 0 OK 31
Gamma_1 2 1 4314 0 0 18610596 0 OK 17
Gamma_1 2 1 4315 0 0 18619225 0 OK 17
Gamma_1 2 1 4316 0 0 18627856 0 OK 16
Gamma_1 2 1 4317 0 0 18636489 0 OK 16
Gamma_1 2 1 4318 0 0 18645124 0 OK 17
Gamma_1 2 1 4319 0 0 18653761 0 OK 17
Gamma_1 2 1 4320 0 0 18662400 0 OK 15
Gamma_1 2 1 4321 0 0 18671041 0 OK 18
Gamma_1 2 1 4322 0 0 18679684 0 OK 16
Gamma_1 2 1 4323 0 0 18688329 0 OK 30
Gamma_1 2 1 4324 0 0 18696976 0 OK 29
Gamma_1 2 1 4325 0 0 18705625 0 OK 31
Gamma_1 2 1 4326 0 0 18714276 0 OK 18
Gamma_1 2 1 4327 0 0 18722929 0 OK 16
Gamma_1 2 1 4328 0 0 18731584 0 OK 17
Gamma_1 2 1 4329 0 0 18740241 0 OK 36
Gamma_1 2 1 4330 0 0 18748900 0 OK 16
Gamma_1 2 1 4331 0 0 18757561 0 OK 16
Gamma_1 2 1 4332 0 0 18766224 0 OK 14
Gamma_1 2 1 4333 0 0 18774889 0 OK 16
Gamma_1 2 1 4334 0 0 18783556 0 OK 16
Gamma_1 2 1 4335 0 0 18792225 0 OK 16
Gamma_1 2 1 4336 0 0 18800896 0 OK 17
Gamma_1 2 1 4337 0 0 18809569 0 OK 30
Gamma_1 2 1 4338 0 0 18818244 0 OK 18
Gamma_1 2 1 4339 0 0 18826921 0 OK 31
Gamma_1 2 1 4340 0 0 18835600 0 OK 29
Gamma_1 2 1 4341 0 0 18844281 0 OK 29
Gamma_1 2 1 4342 0 0 18852964 0 OK 29
Gamma_1 2 1 4343 0 0 18861649 0 OK 16
Gamma_1 2 1 4344 0 0 18870336 0 OK 16
Gamma_1 2 1 4345 0 0 18879025 0 OK 15
Gamma_1 2 1 4346 0 0 18887716 0 OK 17
Gamma_1 2 1 4347 0 0 18896409 0 OK 17
Gamma_1 2 1 4348 0 0 18905104 0 OK 17
Gamma_1 2 1 4349 0 0 18913801 0 OK 17
Gamma_1 2 1 4350 0 0 18922500 0 OK 16
Gamma_1 2 1 4351 0 0 18931201 0 OK 32
Gamma_1 2 1 4352 0 0 18939904 0 OK 16
Gamma_1 2 1 4353 0 0 18948609 0 OK 32
Gamma_1 2 1 4354 0 0 18957316 0 OK 17
Gamma_1 2 1 4355 0 0 18966025 0 OK 18
Gamma_1 2 1 4356 0 0 18974736 0 OK 17
Gamma_1 2 1 4357 0 0 18983449 0 OK 19
Gamma_1 2 1 4358 0 0 18992164 0 OK 31
Gamma_1 2 1 4359 0 0 19000881 0 OK 17
Gamma_1 2 1 4360 0 0 19009600 0 OK 29
Gamma_1 2 1 4361 0 0 19018321 0 OK 32
Gamma_1 2 1 4362 0 0 19027044 0 OK 16
Gamma_1 2 1 4363 0 0 19035769 0 OK 32
Gamma_1 2 1 4364 0 0 19044496 0 OK 31
Gamma_1 2 1 4365 0 0 19053225 0 OK 16
Gamma_1 2 1 4366 0 0 19061956 0 OK 30
Gamma_1 2 1 4367 0 0 19070689 0 OK 15
Gamma_1 2 1 4368 0 0 19079424 0 OK 31
Gamma_1 2 1 4369 0 0 19088161 0 OK 32
Gamma_1 2 1 4370 0 0 19096900 0 OK 17
Gamma_1 2 1 4371 0 0 19105641 0 OK 32
Gamma_1 2 1 4372 0 0 19114384 0 OK 31
Gamma_1 2 1 4373 0 0 19123129 0 OK 17
Gamma_1 2 1 4374 0 0 19131876 0 OK 17
Gamma_1 2 1 4375 0 0 19140625 0 OK 21
Gamma_1 2 1 4376 0 0 19149376 0 OK 33
Gamma_1 2 1 4377 0 0 19158129 0 OK 16
Gamma_1 2 1 4378 0 0 19166884 0 OK 15
Gamma_1 2 1 4379 0 0 19175641 0 OK 19
Gamma_1 2 1 4380 0 0 19184400 0 OK 15
Gamma_1 2 1 4381 0 0 19193161 0 OK 16
Gamma_1 2 1 4382 0 0 19201924 0 OK 16
Gamma_1 2 1 4383 0 0 19210689 0 OK 31
Gamma_1 2 1 4384 0 0 19219456 0 OK 16
Gamma_1 2 1 4385 0 0 19228225 0 OK 18
Gamma_1 2 1 4386 0 0 19236996 0 OK 15
Gamma_1 2 1 4387 0 0 19245769 0 OK 16
Gamma_1 2 1 4388 0 0 19254544 0 OK 16
Gamma_1 2 1 4389 0 0 19263321 0 OK 17
Gamma_1 2 1 4390 0 0 19272100 0 OK 16
Gamma_1 2 1 4391 0 0 19280881 0 OK 29
Gamma_1 2 1 4392 0 0 19289664 0 OK 16
Gamma_1 2 1 4393 0 0 19298449 0 OK 17
Gamma_1 2 1 4394 0 0 19307236 0 OK 16
Gamma_1 2 1 4395 0 0 19316025 0 OK 16
Gamma_1 2 1 4396 0 0 19324816 0 OK 31
Gamma_1 2 1 4397 0 0 19333609 0 OK 16
Gamma_1 2 1 4398 0 0 19342404 0 OK 30
Gamma_1 2 1 4399 0 0 19351201 0 OK 33
Gamma_1 2 1 4400 0 0 19360000 0 OK 17
Gamma_1 2 1 4401 0 0 19368801 0 OK 33
Gamma_1 2 1 4402 0 0 19377604 0 OK 16
Gamma_1 2 1 4403 0 0 19386409 0 OK 32
Gamma_1 2 1 4404 0 0 19395216 0 OK 31
Gamma_1 2 1 4405 0 0 19404025 0 OK 31
Gamma_1 2 1 4406 0 0 19412836 0 OK 16
Gamma_1 2 1 4407 0 0 19421649 0 OK 16
Gamma_1 2 1 4408 0 0 19430464 0 OK 15
Gamma_1 2 1 4409 0 0 19439281 0 OK 16
Gamma_1 2 1 4410 0 0 19448100 0 OK 29
Gamma_1 2 1 4411 0 0 19456921 0 OK 33
Gamma_1 2 1 4412 0 0 19465744 0 OK 16
Gamma_1 2 1 4413 0 0 19474569 0 OK 18
Gamma_1 2 1 4414 0 0 19483396 0 OK 31
Gamma_1 2 1 4415 0 0 19492225 0 OK 17
Gamma_1 2 1 4416 0 0 19501056 0 OK 30
Gamma_1 2 1 4417 0 0 19509889 0 OK 32
Gamma_1 2 1 4418 0 0 19518724 0 OK 17
Gamma_1 2 1 4419 0 0 19527561 0 OK 32
Gamma_1 2 1 4420 0 0 19536400 0 OK 32
Gamma_1 2 1 4421 0 0 19545241 0 OK 19
Gamma_1 2 1 4422 0 0 19554084 0 OK 30
Gamma_1 2 1 4423 0 0 19562929 0 OK 31
Gamma_1 2 1 4424 0 0 19571776 0 OK 31
Gamma_1 2 1 4425 0 0 19580625 0 OK 18
Gamma_1 2 1 4426 0 0 19589476 0 OK 30
Gamma_1 2 1 4427 0 0 19598329 0 OK 43
Gamma_1 2 1 4428 0 0 19607184 0 OK 16
Gamma_1 2 1 4429 0 0 19616041 0 OK 18
Gamma_1 2 1 4430 0 0 19624900 0 OK 30
Gamma_1 2 1 4431 0 0 19633761 0 OK 16
Gamma_1 2 1 4432 0 0 19642624 0 OK 31
Gamma_1 2 1 4433 0 0 19651489 0 OK 16
Gamma_1 2 1 4434 0 0 19660356 0 OK 32
Gamma_1 2 1 4435 0 0 19669225 0 OK 19
Gamma_1 2 1 4436 0 0 19678096 0 OK 31
Gamma_1 2 1 4437 0 0 19686969 0 OK 17
Gamma_1 2 1 4438 0 0 19695844 0 OK 15
Gamma_1 2 1 4439 0 0 19704721 0 OK 17
Gamma_1 2 1 4440 0 0 19713600 0 OK 32
Gamma_1 2 1 4441 0 0 19722481 0 OK 17
Gamma_1 2 1 4442 0 0 19731364 0 OK 16
Gamma_1 2 1 4443 0 0 19740249 0 OK 16
Gamma_1 2 1 4444 0 0 19749136 0 OK 16
Gamma_1 2 1 4445 0 0 19758025 0 OK 16
Gamma_1 2 1 4446 0 0 19766916 0 OK 16
Gamma_1 2 1 4447 0 0 19775809 0 OK 17
Gamma_1 2 1 4448 0 0 19784704 0 OK 31
Gamma_1 2 1 4449 0 0 19793601 0 OK 34
Gamma_1 2 1 4450 0 0 19802500 0 OK 16
Gamma_1 2 1 4451 0 0 19811401 0 OK 29
Gamma_1 2 1 4452 0 0 19820304 0 OK 17
Gamma_1 2 1 4453 0 0 19829209 0 OK 17
Gamma_1 2 1 4454 0 0 19838116 0 OK 17
Gamma_1 2 1 4455 0 0 19847025 0 OK 15
Gamma_1 2 1 4456 0 0 19855936 0 OK 16
Gamma_1 2 1 4457 0 0 19864849 0 OK 16
Gamma_1 2 1 4458 0 0 19873764 0 OK 16
Gamma_1 2 1 4459 0 0 19882681 0 OK 16
Gamma_1 2 1 4460 0 0 19891600 0 OK 16
Gamma_1 2 1 4461 0 0 19900521 0 OK 30
Gamma_1 2 1 4462 0 0 19909444 0 OK 18
Gamma_1 2 1 4463 0 0 19918369 0 OK 18
Gamma_1 2 1 4464 0 0 19927296 0 OK 17
Gamma_1 2 1 4465 0 0 19936225 0 OK 32
Gamma_1 2 1 4466 0 0 19945156 0 OK 17
Gamma_1 2 1 4467 0 0 19954089 0 OK 30
Gamma_1 2 1 4468 0 0 19963024 0 OK 17
Gamma_1 2 1 4469 0 0 19971961 0 OK 18
Gamma_1 2 1 4470 0 0 19980900 0 OK 33
Gamma_1 2 1 4471 0 0 19989841 0 OK 31
Gamma_1 2 1 4472 0 0 19998784 0 OK 18
Gamma_1 2 1 4473 0 0 20007729 0 OK 15
Gamma_1 2 1 4474 0 0 20016676 0 OK 16
Gamma_1 2 1 4475 0 0 20025625 0 OK 20
Gamma_1 2 1 4476 0 0 20034576 0 OK 46
Gamma_1 2 1 4477 0 0 20043529 0 OK 17
Gamma_1 2 1 4478 0 0 20052484 0 OK 16
Gamma_1 2 1 4479 0 0 20061441 0 OK 31
Gamma_1 2 1 4480 0 0 20070400 0 OK 15
Gamma_1 2 1 4481 0 0 20079361 0 OK 17
Gamma_1 2 1 4482 0 0 20088324 0 OK 16
Gamma_1 2 1 4483 0 0 20097289 0 OK 17
Gamma_1 2 1 4484 0 0 20106256 0 OK 18
Gamma_1 2 1 4485 0 0 20115225 0 OK 15
Gamma_1 2 1 4486 0 0 20124196 0 OK 16
Gamma_1 2 1 4487 0 0 20133169 0 OK 17
Gamma_1 2 1 4488 0 0 20142144 0 OK 16
Gamma_1 2 1 4489 0 0 20151121 0 OK 16
Gamma_1 2 1 4490 0 0 20160100 0 OK 31
Gamma_1 2 1 4491 0 0 20169081 0 OK 16
Gamma_1 2 1 4492 0 0 20178064 0 OK 16
Gamma_1 2 1 4493 0 0 20187049 0 OK 16
Gamma_1 2 1 4494 0 0 20196036 0 OK 16
Gamma_1 2 1 4495 0 0 20205025 0 OK 17
Gamma_1 2 1 4496 0 0 20214016 0 OK 18
Gamma_1 2 1 4497 0 0 20223009 0 OK 17
Gamma_1 2 1 4498 0 0 20232004 0 OK 32
Gamma_1 2 1 4499 0 0 20241001 0 OK 31
Gamma_1 2 1 4500 0 0 20250000 0 OK 18
Gamma_1 2 1 4501 0 0 20259001 0 OK 31
Gamma_1 2 1 4502 0 0 20268004 0 OK 17
Gamma_1 2 1 4503 0 0 20277009 0 OK 16
Gamma_1 2 1 4504 0 0 20286016 0 OK 16
Gamma_1 2 1 4505 0 0 20295025 0 OK 17
Gamma_1 2 1 4506 0 0 20304036 0 OK 30
Gamma_1 2 1 4507 0 0 20313049 0 OK 31
Gamma_1 2 1 4508 0 0 20322064 0 OK 16
Gamma_1 2 1 4509 0 0 20331081 0 OK 18
Gamma_1 2 1 4510 0 0 20340100 0 OK 18
Gamma_1 2 1 4511 0 0 20349121 0 OK 16
Gamma_1 2 1 4512 0 0 20358144 0 OK 17
Gamma_1 2 1 4513 0 0 20367169 0 OK 16
Gamma_1 2 1 4514 0 0 20376196 0 OK 16
Gamma_1 2 1 4515 0 0 20385225 0 OK 32
Gamma_1 2 1 4516 0 0 20394256 0 OK 17
Gamma_1 2 1 4517 0 0 20403289 0 OK 16
Gamma_1 2 1 4518 0 0 20412324 0 OK 36
Gamma_1 2 1 4519 0 0 20421361 0 OK 16
Gamma_1 2 1 4520 0 0 20430400 0 OK 16
Gamma_1 2 1 4521 0 0 20439441 0 OK 32
Gamma_1 2 1 4522 0 0 20448484 0 OK 17
Gamma_1 2 1 4523 0 0 20457529 0 OK 17
Gamma_1 2 1 4524 0 0 20466576 0 OK 15
Gamma_1 2 1 4525 0 0 20475625 0 OK 32
Gamma_1 2 1 4526 0 0 20484676 0 OK 40
Gamma_1 2 1 4527 0 0 20493729 0 OK 16
Gamma_1 2 1 4528 0 0 20502784 0 OK 31
Gamma_1 2 1 4529 0 0 20511841 0 OK 31
Gamma_1 2 1 4530 0 0 20520900 0 OK 30
Gamma_1 2 1 4531 0 0 20529961 0 OK 17
Gamma_1 2 1 4532 0 0 20539024 0 OK 31
Gamma_1 2 1 4533 0 0 20548089 0 OK 19
Gamma_1 2 1 4534 0 0 20557156 0 OK 42
Gamma_1 2 1 4535 0 0 20566225 0 OK 17
Gamma_1 2 1 4536 0 0 20575296 0 OK 15
Gamma_1 2 1 4537 0 0 20584369 0 OK 17
Gamma_1 2 1 4538 0 0 20593444 0 OK 16
Gamma_1 2 1 4539 0 0 20602521 0 OK 16
Gamma_1 2 1 4540 0 0 20611600 0 OK 18
Gamma_1 2 1 4541 0 0 20620681 0 OK 18
Gamma_1 2 1 4542 0 0 20629764 0 OK 17
Gamma_1 2 1 4543 0 0 20638849 0 OK 16
Gamma_1 2 1 4544 0 0 20647936 0 OK 17
Gamma_1 2 1 4545 0 0 20657025 0 OK 32
Gamma_1 2 1 4546 0 0 20666116 0 OK 16
Gamma_1 2 1 4547 0 0 20675209 0 OK 43
Gamma_1 2 1 4548 0 0 20684304 0 OK 45
Gamma_1 2 1 4549 0 0 20693401 0 OK 17
Gamma_1 2 1 4550 0 0 20702500 0 OK 42
Gamma_1 2 1 4551 0 0 20711601 0 OK 30
Gamma_1 2 1 4552 0 0 20720704 0 OK 42
Gamma_1 2 1 4553 0 0 20729809 0 OK 17
Gamma_1 2 1 4554 0 0 20738916 0 OK 43
Gamma_1 2 1 4555 0 0 20748025 0 OK 18
Gamma_1 2 1 4556 0 0 20757136 0 OK 32
Gamma_1 2 1 4557 0 0 20766249 0 OK 17
Gamma_1 2 1 4558 0 0 20775364 0 OK 33
Gamma_1 2 1 4559 0 0 20784481 0 OK 42
Gamma_1 2 1 4560 0 0 20793600 0 OK 43
Gamma_1 2 1 4561 0 0 20802721 0 OK 19
Gamma_1 2 1 4562 0 0 20811844 0 OK 17
Gamma_1 2 1 4563 0 0 20820969 0 OK 18
Gamma_1 2 1 4564 0 0 20830096 0 OK 16
Gamma_1 2 1 4565 0 0 20839225 0 OK 17
Gamma_1 2 1 4566 0 0 20848356 0 OK 18
Gamma_1 2 1 4567 0 0 20857489 0 OK 19
Gamma_1 2 1 4568 0 0 20866624 0 OK 18
Gamma_1 2 1 4569 0 0 20875761 0 OK 16
Gamma_1 2 1 4570 0 0 20884900 0 OK 18
Gamma_1 2 1 4571 0 0 20894041 0 OK 17
Gamma_1 2 1 4572 0 0 20903184 0 OK 17
Gamma_1 2 1 4573 0 0 20912329 0 OK 16
Gamma_1 2 1 4574 0 0 20921476 0 OK 32
Gamma_1 2 1 4575 0 0 20930625 0 OK 18
Gamma_1 2 1 4576 0 0 20939776 0 OK 17
Gamma_1 2 1 4577 0 0 20948929 0 OK 18
Gamma_1 2 1 4578 0 0 20958084 0 OK 16
Gamma_1 2 1 4579 0 0 20967241 0 OK 18
Gamma_1 2 1 4580 0 0 20976400 0 OK 42
Gamma_1 2 1 4581 0 0 20985561 0 OK 42
Gamma_1 2 1 4582 0 0 20994724 0 OK 17
Gamma_1 2 1 4583 0 0 21003889 0 OK 30
Gamma_1 2 1 4584 0 0 21013056 0 OK 45
Gamma_1 2 1 4585 0 0 21022225 0 OK 17
Gamma_1 2 1 4586 0 0 21031396 0 OK 17
Gamma_1 2 1 4587 0 0 21040569 0 OK 17
Gamma_1 2 1 4588 0 0 21049744 0 OK 16
Gamma_1 2 1 4589 0 0 21058921 0 OK 31
Gamma_1 2 1 4590 0 0 21068100 0 OK 16
Gamma_1 2 1 4591 0 0 21077281 0 OK 16
Gamma_1 2 1 4592 0 0 21086464 0 OK 16
Gamma_1 2 1 4593 0 0 21095649 0 OK 28
Gamma_1 2 1 4594 0 0 21104836 0 OK 17
Gamma_1 2 1 4595 0 0 21114025 0 OK 16
Gamma_1 2 1 4596 0 0 21123216 0 OK 17
Gamma_1 2 1 4597 0 0 21132409 0 OK 17
Gamma_1 2 1 4598 0 0 21141604 0 OK 16
Gamma_1 2 1 4599 0 0 21150801 0 OK 15
Gamma_1 2 1 4600 0 0 21160000 0 OK 17
Gamma_1 2 1 4601 0 0 21169201 0 OK 30
Gamma_1 2 1 4602 0 0 21178404 0 OK 16
Gamma_1 2 1 4603 0 0 21187609 0 OK 16
Gamma_1 2 1 4604 0 0 21196816 0 OK 15
Gamma_1 2 1 4605 0 0 21206025 0 OK 17
Gamma_1 2 1 4606 0 0 21215236 0 OK 15
Gamma_1 2 1 4607 0 0 21224449 0 OK 31
Gamma_1 2 1 4608 0 0 21233664 0 OK 17
Gamma_1 2 1 4609 0 0 21242881 0 OK 31
Gamma_1 2 1 4610 0 0 21252100 0 OK 18
Gamma_1 2 1 4611 0 0 21261321 0 OK 15
Gamma_1 2 1 4612 0 0 21270544 0 OK 16
Gamma_1 2 1 4613 0 0 21279769 0 OK 14
Gamma_1 2 1 4614 0 0 21288996 0 OK 16
Gamma_1 2 1 4615 0 0 21298225 0 OK 15
Gamma_1 2 1 4616 0 0 21307456 0 OK 30
Gamma_1 2 1 4617 0 0 21316689 0 OK 30
Gamma_1 2 1 4618 0 0 21325924 0 OK 34
Gamma_1 2 1 4619 0 0 21335161 0 OK 16
Gamma_1 2 1 4620 0 0 21344400 0 OK 16
Gamma_1 2 1 4621 0 0 21353641 0 OK 31
Gamma_1 2 1 4622 0 0 21362884 0 OK 17
Gamma_1 2 1 4623 0 0 21372129 0 OK 16
Gamma_1 2 1 4624 0 0 21381376 0 OK 16
Gamma_1 2 1 4625 0 0 21390625 0 OK 17
Gamma_1 2 1 4626 0 0 21399876 0 OK 18
Gamma_1 2 1 4627 0 0 21409129 0 OK 31
Gamma_1 2 1 4628 0 0 21418384 0 OK 17
Gamma_1 2 1 4629 0 0 21427641 0 OK 16
Gamma_1 2 1 4630 0 0 21436900 0 OK 32
Gamma_1 2 1 4631 0 0 21446161 0 OK 30
Gamma_1 2 1 4632 0 0 21455424 0 OK 16
Gamma_1 2 1 4633 0 0 21464689 0 OK 16
Gamma_1 2 1 4634 0 0 21473956 0 OK 16
Gamma_1 2 1 4635 0 0 21483225 0 OK 41
Gamma_1 2 1 4636 0 0 21492496 0 OK 19
Gamma_1 2 1 4637 0 0 21501769 0 OK 15
Gamma_1 2 1 4638 0 0 21511044 0 OK 31
Gamma_1 2 1 4639 0 0 21520321 0 OK 16
Gamma_1 2 1 4640 0 0 21529600 0 OK 32
Gamma_1 2 1 4641 0 0 21538881 0 OK 30
Gamma_1 2 1 4642 0 0 21548164 0 OK 32
Gamma_1 2 1 4643 0 0 21557449 0 OK 16
Gamma_1 2 1 4644 0 0 21566736 0 OK 30
Gamma_1 2 1 4645 0 0 21576025 0 OK 17
Gamma_1 2 1 4646 0 0 21585316 0 OK 17
Gamma_1 2 1 4647 0 0 21594609 0 OK 16
Gamma_1 2 1 4648 0 0 21603904 0 OK 30
Gamma_1 2 1 4649 0 0 21613201 0 OK 17
Gamma_1 2 1 4650 0 0 21622500 0 OK 17
Gamma_1 2 1 4651 0 0 21631801 0 OK 15
Gamma_1 2 1 4652 0 0 21641104 0 OK 34
Gamma_1 2 1 4653 0 0 21650409 0 OK 34
Gamma_1 2 1 4654 0 0 21659716 0 OK 20
Gamma_1 2 1 4655 0 0 21669025 0 OK 17
Gamma_1 2 1 4656 0 0 21678336 0 OK 29
Gamma_1 2 1 4657 0 0 21687649 0 OK 16
Gamma_1 2 1 4658 0 0 21696964 0 OK 41
Gamma_1 2 1 4659 0 0 21706281 0 OK 32
Gamma_1 2 1 4660 0 0 21715600 0 OK 32
Gamma_1 2 1 4661 0 0 21724921 0 OK 16
Gamma_1 2 1 4662 0 0 21734244 0 OK 42
Gamma_1 2 1 4663 0 0 21743569 0 OK 31
Gamma_1 2 1 4664 0 0 21752896 0 OK 17
Gamma_1 2 1 4665 0 0 21762225 0 OK 16
Gamma_1 2 1 4666 0 0 21771556 0 OK 17
Gamma_1 2 1 4667 0 0 21780889 0 OK 17
Gamma_1 2 1 4668 0 0 21790224 0 OK 17
Gamma_1 2 1 4669 0 0 21799561 0 OK 32
Gamma_1 2 1 4670 0 0 21808900 0 OK 16
Gamma_1 2 1 4671 0 0 21818241 0 OK 30
Gamma_1 2 1 4672 0 0 21827584 0 OK 18
Gamma_1 2 1 4673 0 0 21836929 0 OK 16
Gamma_1 2 1 4674 0 0 21846276 0 OK 15
Gamma_1 2 1 4675 0 0 21855625 0 OK 42
Gamma_1 2 1 4676 0 0 21864976 0 OK 16
Gamma_1 2 1 4677 0 0 21874329 0 OK 18
Gamma_1 2 1 4678 0 0 21883684 0 OK 15
Gamma_1 2 1 4679 0 0 21893041 0 OK 16
Gamma_1 2 1 4680 0 0 21902400 0 OK 16
Gamma_1 2 1 4681 0 0 21911761 0 OK 14
Gamma_1 2 1 4682 0 0 21921124 0 OK 30
Gamma_1 2 1 4683 0 0 21930489 0 OK 15
Gamma_1 2 1 4684 0 0 21939856 0 OK 17
Gamma_1 2 1 4685 0 0 21949225 0 OK 17
Gamma_1 2 1 4686 0 0 21958596 0 OK 32
Gamma_1 2 1 4687 0 0 21967969 0 OK 17
Gamma_1 2 1 4688 0 0 21977344 0 OK 17
Gamma_1 2 1 4689 0 0 21986721 0 OK 15
Gamma_1 2 1 4690 0 0 21996100 0 OK 16
Gamma_1 2 1 4691 0 0 22005481 0 OK 28
Gamma_1 2 1 4692 0 0 22014864 0 OK 32
Gamma_1 2 1 4693 0 0 22024249 0 OK 30
Gamma_1 2 1 4694 0 0 22033636 0 OK 30
Gamma_1 2 1 4695 0 0 22043025 0 OK 30
Gamma_1 2 1 4696 0 0 22052416 0 OK 19
Gamma_1 2 1 4697 0 0 22061809 0 OK 17
Gamma_1 2 1 4698 0 0 22071204 0 OK 16
Gamma_1 2 1 4699 0 0 22080601 0 OK 17
Gamma_1 2 1 4700 0 0 22090000 0 OK 19
Gamma_1 2 1 4701 0 0 22099401 0 OK 31
Gamma_1 2 1 4702 0 0 22108804 0 OK 15
Gamma_1 2 1 4703 0 0 22118209 0 OK 32
Gamma_1 2 1 4704 0 0 22127616 0 OK 17
Gamma_1 2 1 4705 0 0 22137025 0 OK 16
Gamma_1 2 1 4706 0 0 22146436 0 OK 16
Gamma_1 2 1 4707 0 0 22155849 0 OK 15
Gamma_1 2 1 4708 0 0 22165264 0 OK 17
Gamma_1 2 1 4709 0 0 22174681 0 OK 16
Gamma_1 2 1 4710 0 0 22184100 0 OK 16
Gamma_1 2 1 4711 0 0 22193521 0 OK 29
Gamma_1 2 1 4712 0 0 22202944 0 OK 16
Gamma_1 2 1 4713 0 0 22212369 0 OK 30
Gamma_1 2 1 4714 0 0 22221796 0 OK 16
Gamma_1 2 1 4715 0 0 22231225 0 OK 16
Gamma_1 2 1 4716 0 0 22240656 0 OK 17
Gamma_1 2 1 4717 0 0 22250089 0 OK 18
Gamma_1 2 1 4718 0 0 22259524 0 OK 29
Gamma_1 2 1 4719 0 0 22268961 0 OK 16
Gamma_1 2 1 4720 0 0 22278400 0 OK 16
Gamma_1 2 1 4721 0 0 22287841 0 OK 31
Gamma_1 2 1 4722 0 0 22297284 0 OK 17
Gamma_1 2 1 4723 0 0 22306729 0 OK 15
Gamma_1 2 1 4724 0 0 22316176 0 OK 16
Gamma_1 2 1 4725 0 0 22325625 0 OK 17
Gamma_1 2 1 4726 0 0 22335076 0 OK 16
Gamma_1 2 1 4727 0 0 22344529 0 OK 18
Gamma_1 2 1 4728 0 0 22353984 0 OK 17
Gamma_1 2 1 4729 0 0 22363441 0 OK 33
Gamma_1 2 1 4730 0 0 22372900 0 OK 17
Gamma_1 2 1 4731 0 0 22382361 0 OK 32
Gamma_1 2 1 4732 0 0 22391824 0 OK 17
Gamma_1 2 1 4733 0 0 22401289 0 OK 19
Gamma_1 2 1 4734 0 0 22410756 0 OK 31
Gamma_1 2 1 4735 0 0 22420225 0 OK 16
Gamma_1 2 1 4736 0 0 22429696 0 OK 18
Gamma_1 2 1 4737 0 0 22439169 0 OK 18
Gamma_1 2 1 4738 0 0 22448644 0 OK 16
Gamma_1 2 1 4739 0 0 22458121 0 OK 19
Gamma_1 2 1 4740 0 0 22467600 0 OK 17
Gamma_1 2 1 4741 0 0 22477081 0 OK 18
Gamma_1 2 1 4742 0 0 22486564 0 OK 16
Gamma_1 2 1 4743 0 0 22496049 0 OK 18
Gamma_1 2 1 4744 0 0 22505536 0 OK 16
Gamma_1 2 1 4745 0 0 22515025 0 OK 18
Gamma_1 2 1 4746 0 0 22524516 0 OK 17
Gamma_1 2 1 4747 0 0 22534009 0 OK 35
Gamma_1 2 1 4748 0 0 22543504 0 OK 33
Gamma_1 2 1 4749 0 0 22553001 0 OK 36
Gamma_1 2 1 4750 0 0 22562500 0 OK 18
Gamma_1 2 1 4751 0 0 22572001 0 OK 30
Gamma_1 2 1 4752 0 0 22581504 0 OK 19
Gamma_1 2 1 4753 0 0 22591009 0 OK 32
Gamma_1 2 1 4754 0 0 22600516 0 OK 18
Gamma_1 2 1 4755 0 0 22610025 0 OK 17
Gamma_1 2 1 4756 0 0 22619536 0 OK 17
Gamma_1 2 1 4757 0 0 22629049 0 OK 32
Gamma_1 2 1 4758 0 0 22638564 0 OK 16
Gamma_1 2 1 4759 0 0 22648081 0 OK 17
Gamma_1 2 1 4760 0 0 22657600 0 OK 35
Gamma_1 2 1 4761 0 0 22667121 0 OK 16
Gamma_1 2 1 4762 0 0 22676644 0 OK 16
Gamma_1 2 1 4763 0 0 22686169 0 OK 15
Gamma_1 2 1 4764 0 0 22695696 0 OK 18
Gamma_1 2 1 4765 0 0 22705225 0 OK 30
Gamma_1 2 1 4766 0 0 22714756 0 OK 17
Gamma_1 2 1 4767 0 0 22724289 0 OK 16
Gamma_1 2 1 4768 0 0 22733824 0 OK 16
Gamma_1 2 1 4769 0 0 22743361 0 OK 17
Gamma_1 2 1 4770 0 0 22752900 0 OK 17
Gamma_1 2 1 4771 0 0 22762441 0 OK 15
Gamma_1 2 1 4772 0 0 22771984 0 OK 14
Gamma_1 2 1 4773 0 0 22781529 0 OK 16
Gamma_1 2 1 4774 0 0 22791076 0 OK 32
Gamma_1 2 1 4775 0 0 22800625 0 OK 16
Gamma_1 2 1 4776 0 0 22810176 0 OK 17
Gamma_1 2 1 4777 0 0 22819729 0 OK 30
Gamma_1 2 1 4778 0 0 22829284 0 OK 18
Gamma_1 2 1 4779 0 0 22838841 0 OK 16
Gamma_1 2 1 4780 0 0 22848400 0 OK 15
Gamma_1 2 1 4781 0 0 22857961 0 OK 18
Gamma_1 2 1 4782 0 0 22867524 0 OK 17
Gamma_1 2 1 4783 0 0 22877089 0 OK 30
Gamma_1 2 1 4784 0 0 22886656 0 OK 18
Gamma_1 2 1 4785 0 0 22896225 0 OK 30
Gamma_1 2 1 4786 0 0 22905796 0 OK 16
Gamma_1 2 1 4787 0 0 22915369 0 OK 17
Gamma_1 2 1 4788 0 0 22924944 0 OK 30
Gamma_1 2 1 4789 0 0 22934521 0 OK 16
Gamma_1 2 1 4790 0 0 22944100 0 OK 15
Gamma_1 2 1 4791 0 0 22953681 0 OK 16
Gamma_1 2 1 4792 0 0 22963264 0 OK 17
Gamma_1 2 1 4793 0 0 22972849 0 OK 30
Gamma_1 2 1 4794 0 0 22982436 0 OK 17
Gamma_1 2 1 4795 0 0 22992025 0 OK 16
Gamma_1 2 1 4796 0 0 23001616 0 OK 31
Gamma_1 2 1 4797 0 0 23011209 0 OK 15
Gamma_1 2 1 4798 0 0 23020804 0 OK 33
Gamma_1 2 1 4799 0 0 23030401 0 OK 17
Gamma_1 2 1 4800 0 0 23040000 0 OK 16
Gamma_1 2 1 4801 0 0 23049601 0 OK 17
Gamma_1 2 1 4802 0 0 23059204 0 OK 31
Gamma_1 2 1 4803 0 0 23068809 0 OK 16
Gamma_1 2 1 4804 0 0 23078416 0 OK 18
Gamma_1 2 1 4805 0 0 23088025 0 OK 42
Gamma_1 2 1 4806 0 0 23097636 0 OK 16
Gamma_1 2 1 4807 0 0 23107249 0 OK 17
Gamma_1 2 1 4808 0 0 23116864 0 OK 18
Gamma_1 2 1 4809 0 0 23126481 0 OK 29
Gamma_1 2 1 4810 0 0 23136100 0 OK 32
Gamma_1 2 1 4811 0 0 23145721 0 OK 15
Gamma_1 2 1 4812 0 0 23155344 0 OK 18
Gamma_1 2 1 4813 0 0 23164969 0 OK 19
Gamma_1 2 1 4814 0 0 23174596 0 OK 16
Gamma_1 2 1 4815 0 0 23184225 0 OK 15
Gamma_1 2 1 4816 0 0 23193856 0 OK 17
Gamma_1 2 1 4817 0 0 23203489 0 OK 15
Gamma_1 2 1 4818 0 0 23213124 0 OK 30
Gamma_1 2 1 4819 0 0 23222761 0 OK 30
Gamma_1 2 1 4820 0 0 23232400 0 OK 31
Gamma_1 2 1 4821 0 0 23242041 0 OK 16
Gamma_1 2 1 4822 0 0 23251684 0 OK 15
Gamma_1 2 1 4823 0 0 23261329 0 OK 16
Gamma_1 2 1 4824 0 0 23270976 0 OK 16
Gamma_1 2 1 4825 0 0 23280625 0 OK 16
Gamma_1 2 1 4826 0 0 23290276 0 OK 16
Gamma_1 2 1 4827 0 0 23299929 0 OK 16
Gamma_1 2 1 4828 0 0 23309584 0 OK 16
Gamma_1 2 1 4829 0 0 23319241 0 OK 16
Gamma_1 2 1 4830 0 0 23328900 0 OK 30
Gamma_1 2 1 4831 0 0 23338561 0 OK 17
Gamma_1 2 1 4832 0 0 23348224 0 OK 29
Gamma_1 2 1 4833 0 0 23357889 0 OK 18
Gamma_1 2 1 4834 0 0 23367556 0 OK 18
Gamma_1 2 1 4835 0 0 23377225 0 OK 29
Gamma_1 2 1 4836 0 0 23386896 0 OK 17
Gamma_1 2 1 4837 0 0 23396569 0 OK 31
Gamma_1 2 1 4838 0 0 23406244 0 OK 19
Gamma_1 2 1 4839 0 0 23415921 0 OK 15
Gamma_1 2 1 4840 0 0 23425600 0 OK 16
Gamma_1 2 1 4841 0 0 23435281 0 OK 16
Gamma_1 2 1 4842 0 0 23444964 0 OK 17
Gamma_1 2 1 4843 0 0 23454649 0 OK 16
Gamma_1 2 1 4844 0 0 23464336 0 OK 30
Gamma_1 2 1 4845 0 0 23474025 0 OK 15
Gamma_1 2 1 4846 0 0 23483716 0 OK 16
Gamma_1 2 1 4847 0 0 23493409 0 OK 18
Gamma_1 2 1 4848 0 0 23503104 0 OK 16
Gamma_1 2 1 4849 0 0 23512801 0 OK 21
Gamma_1 2 1 4850 0 0 23522500 0 OK 16
Gamma_1 2 1 4851 0 0 23532201 0 OK 17
Gamma_1 2 1 4852 0 0 23541904 0 OK 19
Gamma_1 2 1 4853 0 0 23551609 0 OK 16
Gamma_1 2 1 4854 0 0 23561316 0 OK 17
Gamma_1 2 1 4855 0 0 23571025 0 OK 29
Gamma_1 2 1 4856 0 0 23580736 0 OK 31
Gamma_1 2 1 4857 0 0 23590449 0 OK 32
Gamma_1 2 1 4858 0 0 23600164 0 OK 17
Gamma_1 2 1 4859 0 0 23609881 0 OK 31
Gamma_1 2 1 4860 0 0 23619600 0 OK 17
Gamma_1 2 1 4861 0 0 23629321 0 OK 15
Gamma_1 2 1 4862 0 0 23639044 0 OK 18
Gamma_1 2 1 4863 0 0 23648769 0 OK 14
Gamma_1 2 1 4864 0 0 23658496 0 OK 32
Gamma_1 2 1 4865 0 0 23668225 0 OK 31
Gamma_1 2 1 4866 0 0 23677956 0 OK 29
Gamma_1 2 1 4867 0 0 23687689 0 OK 16
Gamma_1 2 1 4868 0 0 23697424 0 OK 30
Gamma_1 2 1 4869 0 0 23707161 0 OK 16
Gamma_1 2 1 4870 0 0 23716900 0 OK 18
Gamma_1 2 1 4871 0 0 23726641 0 OK 16
Gamma_1 2 1 4872 0 0 23736384 0 OK 18
Gamma_1 2 1 4873 0 0 23746129 0 OK 18
Gamma_1 2 1 4874 0 0 23755876 0 OK 37
Gamma_1 2 1 4875 0 0 23765625 0 OK 17
Gamma_1 2 1 4876 0 0 23775376 0 OK 15
Gamma_1 2 1 4877 0 0 23785129 0 OK 16
Gamma_1 2 1 4878 0 0 23794884 0 OK 15
Gamma_1 2 1 4879 0 0 23804641 0 OK 16
Gamma_1 2 1 4880 0 0 23814400 0 OK 32
Gamma_1 2 1 4881 0 0 23824161 0 OK 17
Gamma_1 2 1 4882 0 0 23833924 0 OK 17
Gamma_1 2 1 4883 0 0 23843689 0 OK 15
Gamma_1 2 1 4884 0 0 23853456 0 OK 30
Gamma_1 2 1 4885 0 0 23863225 0 OK 28
Gamma_1 2 1 4886 0 0 23872996 0 OK 17
Gamma_1 2 1 4887 0 0 23882769 0 OK 16
Gamma_1 2 1 4888 0 0 23892544 0 OK 15
Gamma_1 2 1 4889 0 0 23902321 0 OK 16
Gamma_1 2 1 4890 0 0 23912100 0 OK 29
Gamma_1 2 1 4891 0 0 23921881 0 OK 16
Gamma_1 2 1 4892 0 0 23931664 0 OK 14
Gamma_1 2 1 4893 0 0 23941449 0 OK 16
Gamma_1 2 1 4894 0 0 23951236 0 OK 16
Gamma_1 2 1 4895 0 0 23961025 0 OK 15
Gamma_1 2 1 4896 0 0 23970816 0 OK 14
Gamma_1 2 1 4897 0 0 23980609 0 OK 32
Gamma_1 2 1 4898 0 0 23990404 0 OK 18
Gamma_1 2 1 4899 0 0 24000201 0 OK 20
Gamma_1 2 1 4900 0 0 24010000 0 OK 32
Gamma_1 2 1 4901 0 0 24019801 0 OK 16
Gamma_1 2 1 4902 0 0 24029604 0 OK 30
Gamma_1 2 1 4903 0 0 24039409 0 OK 32
Gamma_1 2 1 4904 0 0 24049216 0 OK 32
Gamma_1 2 1 4905 0 0 24059025 0 OK 32
Gamma_1 2 1 4906 0 0 24068836 0 OK 18
Gamma_1 2 1 4907 0 0 24078649 0 OK 16
Gamma_1 2 1 4908 0 0 24088464 0 OK 15
Gamma_1 2 1 4909 0 0 24098281 0 OK 16
Gamma_1 2 1 4910 0 0 24108100 0 OK 16
Gamma_1 2 1 4911 0 0 24117921 0 OK 15
Gamma_1 2 1 4912 0 0 24127744 0 OK 17
Gamma_1 2 1 4913 0 0 24137569 0 OK 30
Gamma_1 2 1 4914 0 0 24147396 0 OK 17
Gamma_1 2 1 4915 0 0 24157225 0 OK 16
Gamma_1 2 1 4916 0 0 24167056 0 OK 31
Gamma_1 2 1 4917 0 0 24176889 0 OK 16
Gamma_1 2 1 4918 0 0 24186724 0 OK 16
Gamma_1 2 1 4919 0 0 24196561 0 OK 16
Gamma_1 2 1 4920 0 0 24206400 0 OK 16
Gamma_1 2 1 4921 0 0 24216241 0 OK 31
Gamma_1 2 1 4922 0 0 24226084 0 OK 16
Gamma_1 2 1 4923 0 0 24235929 0 OK 30
Gamma_1 2 1 4924 0 0 24245776 0 OK 17
Gamma_1 2 1 4925 0 0 24255625 0 OK 17
Gamma_1 2 1 4926 0 0 24265476 0 OK 30
Gamma_1 2 1 4927 0 0 24275329 0 OK 32
Gamma_1 2 1 4928 0 0 24285184 0 OK 15
Gamma_1 2 1 4929 0 0 24295041 0 OK 16
Gamma_1 2 1 4930 0 0 24304900 0 OK 18
Gamma_1 2 1 4931 0 0 24314761 0 OK 16
Gamma_1 2 1 4932 0 0 24324624 0 OK 16
Gamma_1 2 1 4933 0 0 24334489 0 OK 16
Gamma_1 2 1 4934 0 0 24344356 0 OK 16
Gamma_1 2 1 4935 0 0 24354225 0 OK 15
Gamma_1 2 1 4936 0 0 24364096 0 OK 18
Gamma_1 2 1 4937 0 0 24373969 0 OK 17
Gamma_1 2 1 4938 0 0 24383844 0 OK 18
Gamma_1 2 1 4939 0 0 24393721 0 OK 29
Gamma_1 2 1 4940 0 0 24403600 0 OK 17
Gamma_1 2 1 4941 0 0 24413481 0 OK 16
Gamma_1 2 1 4942 0 0 24423364 0 OK 16
Gamma_1 2 1 4943 0 0 24433249 0 OK 16
Gamma_1 2 1 4944 0 0 24443136 0 OK 17
Gamma_1 2 1 4945 0 0 24453025 0 OK 16
Gamma_1 2 1 4946 0 0 24462916 0 OK 16
Gamma_1 2 1 4947 0 0 24472809 0 OK 16
Gamma_1 2 1 4948 0 0 24482704 0 OK 29
Gamma_1 2 1 4949 0 0 24492601 0 OK 22
Gamma_1 2 1 4950 0 0 24502500 0 OK 16
Gamma_1 2 1 4951 0 0 24512401 0 OK 31
Gamma_1 2 1 4952 0 0 24522304 0 OK 33
Gamma_1 2 1 4953 0 0 24532209 0 OK 15
Gamma_1 2 1 4954 0 0 24542116 0 OK 16
Gamma_1 2 1 4955 0 0 24552025 0 OK 15
Gamma_1 2 1 4956 0 0 24561936 0 OK 30
Gamma_1 2 1 4957 0 0 24571849 0 OK 16
Gamma_1 2 1 4958 0 0 24581764 0 OK 29
Gamma_1 2 1 4959 0 0 24591681 0 OK 15
Gamma_1 2 1 4960 0 0 24601600 0 OK 31
Gamma_1 2 1 4961 0 0 24611521 0 OK 16
Gamma_1 2 1 4962 0 0 24621444 0 OK 31
Gamma_1 2 1 4963 0 0 24631369 0 OK 16
Gamma_1 2 1 4964 0 0 24641296 0 OK 16
Gamma_1 2 1 4965 0 0 24651225 0 OK 14
Gamma_1 2 1 4966 0 0 24661156 0 OK 16
Gamma_1 2 1 4967 0 0 24671089 0 OK 31
Gamma_1 2 1 4968 0 0 24681024 0 OK 17
Gamma_1 2 1 4969 0 0 24690961 0 OK 15
Gamma_1 2 1 4970 0 0 24700900 0 OK 31
Gamma_1 2 1 4971 0 0 24710841 0 OK 16
Gamma_1 2 1 4972 0 0 24720784 0 OK 17
Gamma_1 2 1 4973 0 0 24730729 0 OK 18
Gamma_1 2 1 4974 0 0 24740676 0 OK 15
Gamma_1 2 1 4975 0 0 24750625 0 OK 30
Gamma_1 2 1 4976 0 0 24760576 0 OK 29
Gamma_1 2 1 4977 0 0 24770529 0 OK 29
Gamma_1 2 1 4978 0 0 24780484 0 OK 30
Gamma_1 2 1 4979 0 0 24790441 0 OK 17
Gamma_1 2 1 4980 0 0 24800400 0 OK 31
Gamma_1 2 1 4981 0 0 24810361 0 OK 16
Gamma_1 2 1 4982 0 0 24820324 0 OK 18
Gamma_1 2 1 4983 0 0 24830289 0 OK 14
Gamma_1 2 1 4984 0 0 24840256 0 OK 16
Gamma_1 2 1 4985 0 0 24850225 0 OK 15
Gamma_1 2 1 4986 0 0 24860196 0 OK 17
Gamma_1 2 1 4987 0 0 24870169 0 OK 14
Gamma_1 2 1 4988 0 0 24880144 0 OK 16
Gamma_1 2 1 4989 0 0 24890121 0 OK 17
Gamma_1 2 1 4990 0 0 24900100 0 OK 16
Gamma_1 2 1 4991 0 0 24910081 0 OK 16
Gamma_1 2 1 4992 0 0 24920064 0 OK 30
Gamma_1 2 1 4993 0 0 24930049 0 OK 30
Gamma_1 2 1 4994 0 0 24940036 0 OK 16
Gamma_1 2 1 4995 0 0 24950025 0 OK 30
Gamma_1 2 1 4996 0 0 24960016 0 OK 15
Gamma_1 2 1 4997 0 0 24970009 0 OK 18
Gamma_1 2 1 4998 0 0 24980004 0 OK 16
Gamma_1 2 1 4999 0 0 24990001 0 OK 14
Gamma_1 2 1 5000 0 0 25000000 0 OK 20
Gamma_1 2 1 5001 0 0 25010001 0 OK 16
Gamma_1 2 1 5002 0 0 25020004 0 OK 30
Gamma_1 2 1 5003 0 0 25030009 0 OK 30
Gamma_1 2 1 5004 0 0 25040016 0 OK 31
Gamma_1 2 1 5005 0 0 25050025 0 OK 19
Gamma_1 2 1 5006 0 0 25060036 0 OK 17
Gamma_1 2 1 5007 0 0 25070049 0 OK 29
Gamma_1 2 1 5008 0 0 25080064 0 OK 17
Gamma_1 2 1 5009 0 0 25090081 0 OK 16
Gamma_1 2 1 5010 0 0 25100100 0 OK 15
Gamma_1 2 1 5011 0 0 25110121 0 OK 30
Gamma_1 2 1 5012 0 0 25120144 0 OK 16
Gamma_1 2 1 5013 0 0 25130169 0 OK 16
Gamma_1 2 1 5014 0 0 25140196 0 OK 16
Gamma_1 2 1 5015 0 0 25150225 0 OK 16
Gamma_1 2 1 5016 0 0 25160256 0 OK 28
Gamma_1 2 1 5017 0 0 25170289 0 OK 18
Gamma_1 2 1 5018 0 0 25180324 0 OK 16
Gamma_1 2 1 5019 0 0 25190361 0 OK 16
Gamma_1 2 1 5020 0 0 25200400 0 OK 15
Gamma_1 2 1 5021 0 0 25210441 0 OK 30
Gamma_1 2 1 5022 0 0 25220484 0 OK 17
Gamma_1 2 1 5023 0 0 25230529 0 OK 16
Gamma_1 2 1 5024 0 0 25240576 0 OK 31
Gamma_1 2 1 5025 0 0 25250625 0 OK 16
Gamma_1 2 1 5026 0 0 25260676 0 OK 31
Gamma_1 2 1 5027 0 0 25270729 0 OK 31
Gamma_1 2 1 5028 0 0 25280784 0 OK 17
Gamma_1 2 1 5029 0 0 25290841 0 OK 16
Gamma_1 2 1 5030 0 0 25300900 0 OK 16
Gamma_1 2 1 5031 0 0 25310961 0 OK 30
Gamma_1 2 1 5032 0 0 25321024 0 OK 33
Gamma_1 2 1 5033 0 0 25331089 0 OK 30
Gamma_1 2 1 5034 0 0 25341156 0 OK 15
Gamma_1 2 1 5035 0 0 25351225 0 OK 16
Gamma_1 2 1 5036 0 0 25361296 0 OK 31
Gamma_1 2 1 5037 0 0 25371369 0 OK 16
Gamma_1 2 1 5038 0 0 25381444 0 OK 16
Gamma_1 2 1 5039 0 0 25391521 0 OK 16
Gamma_1 2 1 5040 0 0 25401600 0 OK 16
Gamma_1 2 1 5041 0 0 25411681 0 OK 29
Gamma_1 2 1 5042 0 0 25421764 0 OK 17
Gamma_1 2 1 5043 0 0 25431849 0 OK 17
Gamma_1 2 1 5044 0 0 25441936 0 OK 15
Gamma_1 2 1 5045 0 0 25452025 0 OK 16
Gamma_1 2 1 5046 0 0 25462116 0 OK 22
Gamma_1 2 1 5047 0 0 25472209 0 OK 16
Gamma_1 2 1 5048 0 0 25482304 0 OK 18
Gamma_1 2 1 5049 0 0 25492401 0 OK 16
Gamma_1 2 1 5050 0 0 25502500 0 OK 15
Gamma_1 2 1 5051 0 0 25512601 0 OK 17
Gamma_1 2 1 5052 0 0 25522704 0 OK 33
Gamma_1 2 1 5053 0 0 25532809 0 OK 32
Gamma_1 2 1 5054 0 0 25542916 0 OK 32
Gamma_1 2 1 5055 0 0 25553025 0 OK 17
Gamma_1 2 1 5056 0 0 25563136 0 OK 31
Gamma_1 2 1 5057 0 0 25573249 0 OK 17
Gamma_1 2 1 5058 0 0 25583364 0 OK 17
Gamma_1 2 1 5059 0 0 25593481 0 OK 30
Gamma_1 2 1 5060 0 0 25603600 0 OK 31
Gamma_1 2 1 5061 0 0 25613721 0 OK 30
Gamma_1 2 1 5062 0 0 25623844 0 OK 31
Gamma_1 2 1 5063 0 0 25633969 0 OK 17
Gamma_1 2 1 5064 0 0 25644096 0 OK 18
Gamma_1 2 1 5065 0 0 25654225 0 OK 16
Gamma_1 2 1 5066 0 0 25664356 0 OK 31
Gamma_1 2 1 5067 0 0 25674489 0 OK 17
Gamma_1 2 1 5068 0 0 25684624 0 OK 16
Gamma_1 2 1 5069 0 0 25694761 0 OK 17
Gamma_1 2 1 5070 0 0 25704900 0 OK 31
Gamma_1 2 1 5071 0 0 25715041 0 OK 16
Gamma_1 2 1 5072 0 0 25725184 0 OK 32
Gamma_1 2 1 5073 0 0 25735329 0 OK 19
Gamma_1 2 1 5074 0 0 25745476 0 OK 16
Gamma_1 2 1 5075 0 0 25755625 0 OK 29
Gamma_1 2 1 5076 0 0 25765776 0 OK 19
Gamma_1 2 1 5077 0 0 25775929 0 OK 31
Gamma_1 2 1 5078 0 0 25786084 0 OK 16
Gamma_1 2 1 5079 0 0 25796241 0 OK 16
Gamma_1 2 1 5080 0 0 25806400 0 OK 17
Gamma_1 2 1 5081 0 0 25816561 0 OK 17
Gamma_1 2 1 5082 0 0 25826724 0 OK 30
Gamma_1 2 1 5083 0 0 25836889 0 OK 29
Gamma_1 2 1 5084 0 0 25847056 0 OK 15
Gamma_1 2 1 5085 0 0 25857225 0 OK 17
Gamma_1 2 1 5086 0 0 25867396 0 OK 15
Gamma_1 2 1 5087 0 0 25877569 0 OK 16
Gamma_1 2 1 5088 0 0 25887744 0 OK 31
Gamma_1 2 1 5089 0 0 25897921 0 OK 17
Gamma_1 2 1 5090 0 0 25908100 0 OK 16
Gamma_1 2 1 5091 0 0 25918281 0 OK 29
Gamma_1 2 1 5092 0 0 25928464 0 OK 23
Gamma_1 2 1 5093 0 0 25938649 0 OK 19
Gamma_1 2 1 5094 0 0 25948836 0 OK 31
Gamma_1 2 1 5095 0 0 25959025 0 OK 31
Gamma_1 2 1 5096 0 0 25969216 0 OK 16
Gamma_1 2 1 5097 0 0 25979409 0 OK 31
Gamma_1 2 1 5098 0 0 25989604 0 OK 16
Gamma_1 2 1 5099 0 0 25999801 0 OK 16
Gamma_1 2 1 5100 0 0 26010000 0 OK 16
Gamma_1 2 1 5101 0 0 26020201 0 OK 17
Gamma_1 2 1 5102 0 0 26030404 0 OK 30
Gamma_1 2 1 5103 0 0 26040609 0 OK 30
Gamma_1 2 1 5104 0 0 26050816 0 OK 18
Gamma_1 2 1 5105 0 0 26061025 0 OK 17
Gamma_1 2 1 5106 0 0 26071236 0 OK 17
Gamma_1 2 1 5107 0 0 26081449 0 OK 15
Gamma_1 2 1 5108 0 0 26091664 0 OK 42
Gamma_1 2 1 5109 0 0 26101881 0 OK 16
Gamma_1 2 1 5110 0 0 26112100 0 OK 17
Gamma_1 2 1 5111 0 0 26122321 0 OK 16
Gamma_1 2 1 5112 0 0 26132544 0 OK 31
Gamma_1 2 1 5113 0 0 26142769 0 OK 34
Gamma_1 2 1 5114 0 0 26152996 0 OK 17
Gamma_1 2 1 5115 0 0 26163225 0 OK 17
Gamma_1 2 1 5116 0 0 26173456 0 OK 30
Gamma_1 2 1 5117 0 0 26183689 0 OK 32
Gamma_1 2 1 5118 0 0 26193924 0 OK 30
Gamma_1 2 1 5119 0 0 26204161 0 OK 17
Gamma_1 2 1 5120 0 0 26214400 0 OK 30
Gamma_1 2 1 5121 0 0 26224641 0 OK 17
Gamma_1 2 1 5122 0 0 26234884 0 OK 31
Gamma_1 2 1 5123 0 0 26245129 0 OK 17
Gamma_1 2 1 5124 0 0 26255376 0 OK 15
Gamma_1 2 1 5125 0 0 26265625 0 OK 32
Gamma_1 2 1 5126 0 0 26275876 0 OK 28
Gamma_1 2 1 5127 0 0 26286129 0 OK 31
Gamma_1 2 1 5128 0 0 26296384 0 OK 30
Gamma_1 2 1 5129 0 0 26306641 0 OK 19
Gamma_1 2 1 5130 0 0 26316900 0 OK 16
Gamma_1 2 1 5131 0 0 26327161 0 OK 16
Gamma_1 2 1 5132 0 0 26337424 0 OK 17
Gamma_1 2 1 5133 0 0 26347689 0 OK 15
Gamma_1 2 1 5134 0 0 26357956 0 OK 32
Gamma_1 2 1 5135 0 0 26368225 0 OK 41
Gamma_1 2 1 5136 0 0 26378496 0 OK 17
Gamma_1 2 1 5137 0 0 26388769 0 OK 30
Gamma_1 2 1 5138 0 0 26399044 0 OK 16
Gamma_1 2 1 5139 0 0 26409321 0 OK 32
Gamma_1 2 1 5140 0 0 26419600 0 OK 17
Gamma_1 2 1 5141 0 0 26429881 0 OK 18
Gamma_1 2 1 5142 0 0 26440164 0 OK 16
Gamma_1 2 1 5143 0 0 26450449 0 OK 17
Gamma_1 2 1 5144 0 0 26460736 0 OK 16
Gamma_1 2 1 5145 0 0 26471025 0 OK 32
Gamma_1 2 1 5146 0 0 26481316 0 OK 16
Gamma_1 2 1 5147 0 0 26491609 0 OK 16
Gamma_1 2 1 5148 0 0 26501904 0 OK 30
Gamma_1 2 1 5149 0 0 26512201 0 OK 18
Gamma_1 2 1 5150 0 0 26522500 0 OK 16
Gamma_1 2 1 5151 0 0 26532801 0 OK 17
Gamma_1 2 1 5152 0 0 26543104 0 OK 31
Gamma_1 2 1 5153 0 0 26553409 0 OK 17
Gamma_1 2 1 5154 0 0 26563716 0 OK 16
Gamma_1 2 1 5155 0 0 26574025 0 OK 16
Gamma_1 2 1 5156 0 0 26584336 0 OK 17
Gamma_1 2 1 5157 0 0 26594649 0 OK 16
Gamma_1 2 1 5158 0 0 26604964 0 OK 30
Gamma_1 2 1 5159 0 0 26615281 0 OK 31
Gamma_1 2 1 5160 0 0 26625600 0 OK 16
Gamma_1 2 1 5161 0 0 26635921 0 OK 17
Gamma_1 2 1 5162 0 0 26646244 0 OK 32
Gamma_1 2 1 5163 0 0 26656569 0 OK 18
Gamma_1 2 1 5164 0 0 26666896 0 OK 29
Gamma_1 2 1 5165 0 0 26677225 0 OK 16
Gamma_1 2 1 5166 0 0 26687556 0 OK 17
Gamma_1 2 1 5167 0 0 26697889 0 OK 16
Gamma_1 2 1 5168 0 0 26708224 0 OK 30
Gamma_1 2 1 5169 0 0 26718561 0 OK 30
Gamma_1 2 1 5170 0 0 26728900 0 OK 16
Gamma_1 2 1 5171 0 0 26739241 0 OK 31
Gamma_1 2 1 5172 0 0 26749584 0 OK 16
Gamma_1 2 1 5173 0 0 26759929 0 OK 17
Gamma_1 2 1 5174 0 0 26770276 0 OK 31
Gamma_1 2 1 5175 0 0 26780625 0 OK 16
Gamma_1 2 1 5176 0 0 26790976 0 OK 32
Gamma_1 2 1 5177 0 0 26801329 0 OK 30
Gamma_1 2 1 5178 0 0 26811684 0 OK 18
Gamma_1 2 1 5179 0 0 26822041 0 OK 18
Gamma_1 2 1 5180 0 0 26832400 0 OK 17
Gamma_1 2 1 5181 0 0 26842761 0 OK 17
Gamma_1 2 1 5182 0 0 26853124 0 OK 31
Gamma_1 2 1 5183 0 0 26863489 0 OK 19
Gamma_1 2 1 5184 0 0 26873856 0 OK 18
Gamma_1 2 1 5185 0 0 26884225 0 OK 15
Gamma_1 2 1 5186 0 0 26894596 0 OK 15
Gamma_1 2 1 5187 0 0 26904969 0 OK 32
Gamma_1 2 1 5188 0 0 26915344 0 OK 17
Gamma_1 2 1 5189 0 0 26925721 0 OK 17
Gamma_1 2 1 5190 0 0 26936100 0 OK 29
Gamma_1 2 1 5191 0 0 26946481 0 OK 16
Gamma_1 2 1 5192 0 0 26956864 0 OK 29
Gamma_1 2 1 5193 0 0 26967249 0 OK 18
Gamma_1 2 1 5194 0 0 26977636 0 OK 16
Gamma_1 2 1 5195 0 0 26988025 0 OK 32
Gamma_1 2 1 5196 0 0 26998416 0 OK 31
Gamma_1 2 1 5197 0 0 27008809 0 OK 32
Gamma_1 2 1 5198 0 0 27019204 0 OK 18
Gamma_1 2 1 5199 0 0 27029601 0 OK 32
Gamma_1 2 1 5200 0 0 27040000 0 OK 33
Gamma_1 2 1 5201 0 0 27050401 0 OK 17
Gamma_1 2 1 5202 0 0 27060804 0 OK 34
Gamma_1 2 1 5203 0 0 27071209 0 OK 33
Gamma_1 2 1 5204 0 0 27081616 0 OK 16
Gamma_1 2 1 5205 0 0 27092025 0 OK 18
Gamma_1 2 1 5206 0 0 27102436 0 OK 17
Gamma_1 2 1 5207 0 0 27112849 0 OK 18
Gamma_1 2 1 5208 0 0 27123264 0 OK 32
Gamma_1 2 1 5209 0 0 27133681 0 OK 20
Gamma_1 2 1 5210 0 0 27144100 0 OK 17
Gamma_1 2 1 5211 0 0 27154521 0 OK 19
Gamma_1 2 1 5212 0 0 27164944 0 OK 17
Gamma_1 2 1 5213 0 0 27175369 0 OK 30
Gamma_1 2 1 5214 0 0 27185796 0 OK 33
Gamma_1 2 1 5215 0 0 27196225 0 OK 17
Gamma_1 2 1 5216 0 0 27206656 0 OK 16
Gamma_1 2 1 5217 0 0 27217089 0 OK 42
Gamma_1 2 1 5218 0 0 27227524 0 OK 17
Gamma_1 2 1 5219 0 0 27237961 0 OK 18
Gamma_1 2 1 5220 0 0 27248400 0 OK 31
Gamma_1 2 1 5221 0 0 27258841 0 OK 19
Gamma_1 2 1 5222 0 0 27269284 0 OK 18
Gamma_1 2 1 5223 0 0 27279729 0 OK 17
Gamma_1 2 1 5224 0 0 27290176 0 OK 20
Gamma_1 2 1 5225 0 0 27300625 0 OK 31
Gamma_1 2 1 5226 0 0 27311076 0 OK 21
Gamma_1 2 1 5227 0 0 27321529 0 OK 18
Gamma_1 2 1 5228 0 0 27331984 0 OK 31
Gamma_1 2 1 5229 0 0 27342441 0 OK 31
Gamma_1 2 1 5230 0 0 27352900 0 OK 16
Gamma_1 2 1 5231 0 0 27363361 0 OK 30
Gamma_1 2 1 5232 0 0 27373824 0 OK 44
Gamma_1 2 1 5233 0 0 27384289 0 OK 33
Gamma_1 2 1 5234 0 0 27394756 0 OK 17
Gamma_1 2 1 5235 0 0 27405225 0 OK 16
Gamma_1 2 1 5236 0 0 27415696 0 OK 18
Gamma_1 2 1 5237 0 0 27426169 0 OK 15
Gamma_1 2 1 5238 0 0 27436644 0 OK 17
Gamma_1 2 1 5239 0 0 27447121 0 OK 31
Gamma_1 2 1 5240 0 0 27457600 0 OK 18
Gamma_1 2 1 5241 0 0 27468081 0 OK 17
Gamma_1 2 1 5242 0 0 27478564 0 OK 16
Gamma_1 2 1 5243 0 0 27489049 0 OK 16
Gamma_1 2 1 5244 0 0 27499536 0 OK 18
Gamma_1 2 1 5245 0 0 27510025 0 OK 16
Gamma_1 2 1 5246 0 0 27520516 0 OK 15
Gamma_1 2 1 5247 0 0 27531009 0 OK 17
Gamma_1 2 1 5248 0 0 27541504 0 OK 17
Gamma_1 2 1 5249 0 0 27552001 0 OK 17
Gamma_1 2 1 5250 0 0 27562500 0 OK 30
Gamma_1 2 1 5251 0 0 27573001 0 OK 15
Gamma_1 2 1 5252 0 0 27583504 0 OK 17
Gamma_1 2 1 5253 0 0 27594009 0 OK 17
Gamma_1 2 1 5254 0 0 27604516 0 OK 32
Gamma_1 2 1 5255 0 0 27615025 0 OK 16
Gamma_1 2 1 5256 0 0 27625536 0 OK 16
Gamma_1 2 1 5257 0 0 27636049 0 OK 16
Gamma_1 2 1 5258 0 0 27646564 0 OK 41
Gamma_1 2 1 5259 0 0 27657081 0 OK 17
Gamma_1 2 1 5260 0 0 27667600 0 OK 32
Gamma_1 2 1 5261 0 0 27678121 0 OK 31
Gamma_1 2 1 5262 0 0 27688644 0 OK 17
Gamma_1 2 1 5263 0 0 27699169 0 OK 16
Gamma_1 2 1 5264 0 0 27709696 0 OK 15
Gamma_1 2 1 5265 0 0 27720225 0 OK 31
Gamma_1 2 1 5266 0 0 27730756 0 OK 18
Gamma_1 2 1 5267 0 0 27741289 0 OK 30
Gamma_1 2 1 5268 0 0 27751824 0 OK 19
Gamma_1 2 1 5269 0 0 27762361 0 OK 32
Gamma_1 2 1 5270 0 0 27772900 0 OK 19
Gamma_1 2 1 5271 0 0 27783441 0 OK 17
Gamma_1 2 1 5272 0 0 27793984 0 OK 19
Gamma_1 2 1 5273 0 0 27804529 0 OK 33
Gamma_1 2 1 5274 0 0 27815076 0 OK 17
Gamma_1 2 1 5275 0 0 27825625 0 OK 32
Gamma_1 2 1 5276 0 0 27836176 0 OK 30
Gamma_1 2 1 5277 0 0 27846729 0 OK 31
Gamma_1 2 1 5278 0 0 27857284 0 OK 32
Gamma_1 2 1 5279 0 0 27867841 0 OK 16
Gamma_1 2 1 5280 0 0 27878400 0 OK 33
Gamma_1 2 1 5281 0 0 27888961 0 OK 17
Gamma_1 2 1 5282 0 0 27899524 0 OK 16
Gamma_1 2 1 5283 0 0 27910089 0 OK 17
Gamma_1 2 1 5284 0 0 27920656 0 OK 17
Gamma_1 2 1 5285 0 0 27931225 0 OK 17
Gamma_1 2 1 5286 0 0 27941796 0 OK 30
Gamma_1 2 1 5287 0 0 27952369 0 OK 31
Gamma_1 2 1 5288 0 0 27962944 0 OK 17
Gamma_1 2 1 5289 0 0 27973521 0 OK 16
Gamma_1 2 1 5290 0 0 27984100 0 OK 30
Gamma_1 2 1 5291 0 0 27994681 0 OK 15
Gamma_1 2 1 5292 0 0 28005264 0 OK 17
Gamma_1 2 1 5293 0 0 28015849 0 OK 18
Gamma_1 2 1 5294 0 0 28026436 0 OK 15
Gamma_1 2 1 5295 0 0 28037025 0 OK 15
Gamma_1 2 1 5296 0 0 28047616 0 OK 16
Gamma_1 2 1 5297 0 0 28058209 0 OK 17
Gamma_1 2 1 5298 0 0 28068804 0 OK 32
Gamma_1 2 1 5299 0 0 28079401 0 OK 15
Gamma_1 2 1 5300 0 0 28090000 0 OK 17
Gamma_1 2 1 5301 0 0 28100601 0 OK 29
Gamma_1 2 1 5302 0 0 28111204 0 OK 18
Gamma_1 2 1 5303 0 0 28121809 0 OK 30
Gamma_1 2 1 5304 0 0 28132416 0 OK 33
Gamma_1 2 1 5305 0 0 28143025 0 OK 19
Gamma_1 2 1 5306 0 0 28153636 0 OK 17
Gamma_1 2 1 5307 0 0 28164249 0 OK 16
Gamma_1 2 1 5308 0 0 28174864 0 OK 16
Gamma_1 2 1 5309 0 0 28185481 0 OK 17
Gamma_1 2 1 5310 0 0 28196100 0 OK 16
Gamma_1 2 1 5311 0 0 28206721 0 OK 15
Gamma_1 2 1 5312 0 0 28217344 0 OK 33
Gamma_1 2 1 5313 0 0 28227969 0 OK 17
Gamma_1 2 1 5314 0 0 28238596 0 OK 18
Gamma_1 2 1 5315 0 0 28249225 0 OK 33
Gamma_1 2 1 5316 0 0 28259856 0 OK 32
Gamma_1 2 1 5317 0 0 28270489 0 OK 32
Gamma_1 2 1 5318 0 0 28281124 0 OK 17
Gamma_1 2 1 5319 0 0 28291761 0 OK 15
Gamma_1 2 1 5320 0 0 28302400 0 OK 33
Gamma_1 2 1 5321 0 0 28313041 0 OK 18
Gamma_1 2 1 5322 0 0 28323684 0 OK 16
Gamma_1 2 1 5323 0 0 28334329 0 OK 16
Gamma_1 2 1 5324 0 0 28344976 0 OK 16
Gamma_1 2 1 5325 0 0 28355625 0 OK 30
Gamma_1 2 1 5326 0 0 28366276 0 OK 16
Gamma_1 2 1 5327 0 0 28376929 0 OK 15
Gamma_1 2 1 5328 0 0 28387584 0 OK 16
Gamma_1 2 1 5329 0 0 28398241 0 OK 16
Gamma_1 2 1 5330 0 0 28408900 0 OK 17
Gamma_1 2 1 5331 0 0 28419561 0 OK 30
Gamma_1 2 1 5332 0 0 28430224 0 OK 31
Gamma_1 2 1 5333 0 0 28440889 0 OK 17
Gamma_1 2 1 5334 0 0 28451556 0 OK 17
Gamma_1 2 1 5335 0 0 28462225 0 OK 16
Gamma_1 2 1 5336 0 0 28472896 0 OK 18
Gamma_1 2 1 5337 0 0 28483569 0 OK 15
Gamma_1 2 1 5338 0 0 28494244 0 OK 17
Gamma_1 2 1 5339 0 0 28504921 0 OK 30
Gamma_1 2 1 5340 0 0 28515600 0 OK 16
Gamma_1 2 1 5341 0 0 28526281 0 OK 18
Gamma_1 2 1 5342 0 0 28536964 0 OK 31
Gamma_1 2 1 5343 0 0 28547649 0 OK 16
Gamma_1 2 1 5344 0 0 28558336 0 OK 17
Gamma_1 2 1 5345 0 0 28569025 0 OK 16
Gamma_1 2 1 5346 0 0 28579716 0 OK 16
Gamma_1 2 1 5347 0 0 28590409 0 OK 15
Gamma_1 2 1 5348 0 0 28601104 0 OK 18
Gamma_1 2 1 5349 0 0 28611801 0 OK 17
Gamma_1 2 1 5350 0 0 28622500 0 OK 16
Gamma_1 2 1 5351 0 0 28633201 0 OK 29
Gamma_1 2 1 5352 0 0 28643904 0 OK 32
Gamma_1 2 1 5353 0 0 28654609 0 OK 29
Gamma_1 2 1 5354 0 0 28665316 0 OK 17
Gamma_1 2 1 5355 0 0 28676025 0 OK 32
Gamma_1 2 1 5356 0 0 28686736 0 OK 16
Gamma_1 2 1 5357 0 0 28697449 0 OK 32
Gamma_1 2 1 5358 0 0 28708164 0 OK 33
Gamma_1 2 1 5359 0 0 28718881 0 OK 16
Gamma_1 2 1 5360 0 0 28729600 0 OK 16
Gamma_1 2 1 5361 0 0 28740321 0 OK 32
Gamma_1 2 1 5362 0 0 28751044 0 OK 31
Gamma_1 2 1 5363 0 0 28761769 0 OK 33
Gamma_1 2 1 5364 0 0 28772496 0 OK 17
Gamma_1 2 1 5365 0 0 28783225 0 OK 30
Gamma_1 2 1 5366 0 0 28793956 0 OK 19
Gamma_1 2 1 5367 0 0 28804689 0 OK 34
Gamma_1 2 1 5368 0 0 28815424 0 OK 32
Gamma_1 2 1 5369 0 0 28826161 0 OK 16
Gamma_1 2 1 5370 0 0 28836900 0 OK 17
Gamma_1 2 1 5371 0 0 28847641 0 OK 16
Gamma_1 2 1 5372 0 0 28858384 0 OK 43
Gamma_1 2 1 5373 0 0 28869129 0 OK 30
Gamma_1 2 1 5374 0 0 28879876 0 OK 18
Gamma_1 2 1 5375 0 0 28890625 0 OK 16
Gamma_1 2 1 5376 0 0 28901376 0 OK 18
Gamma_1 2 1 5377 0 0 28912129 0 OK 17
Gamma_1 2 1 5378 0 0 28922884 0 OK 31
Gamma_1 2 1 5379 0 0 28933641 0 OK 33
Gamma_1 2 1 5380 0 0 28944400 0 OK 32
Gamma_1 2 1 5381 0 0 28955161 0 OK 18
Gamma_1 2 1 5382 0 0 28965924 0 OK 17
Gamma_1 2 1 5383 0 0 28976689 0 OK 31
Gamma_1 2 1 5384 0 0 28987456 0 OK 17
Gamma_1 2 1 5385 0 0 28998225 0 OK 31
Gamma_1 2 1 5386 0 0 29008996 0 OK 19
Gamma_1 2 1 5387 0 0 29019769 0 OK 31
Gamma_1 2 1 5388 0 0 29030544 0 OK 16
Gamma_1 2 1 5389 0 0 29041321 0 OK 16
Gamma_1 2 1 5390 0 0 29052100 0 OK 18
Gamma_1 2 1 5391 0 0 29062881 0 OK 31
Gamma_1 2 1 5392 0 0 29073664 0 OK 16
Gamma_1 2 1 5393 0 0 29084449 0 OK 29
Gamma_1 2 1 5394 0 0 29095236 0 OK 31
Gamma_1 2 1 5395 0 0 29106025 0 OK 14
Gamma_1 2 1 5396 0 0 29116816 0 OK 16
Gamma_1 2 1 5397 0 0 29127609 0 OK 17
Gamma_1 2 1 5398 0 0 29138404 0 OK 29
Gamma_1 2 1 5399 0 0 29149201 0 OK 17
Gamma_1 2 1 5400 0 0 29160000 0 OK 17
Gamma_1 2 1 5401 0 0 29170801 0 OK 30
Gamma_1 2 1 5402 0 0 29181604 0 OK 18
Gamma_1 2 1 5403 0 0 29192409 0 OK 17
Gamma_1 2 1 5404 0 0 29203216 0 OK 29
Gamma_1 2 1 5405 0 0 29214025 0 OK 18
Gamma_1 2 1 5406 0 0 29224836 0 OK 30
Gamma_1 2 1 5407 0 0 29235649 0 OK 16
Gamma_1 2 1 5408 0 0 29246464 0 OK 16
Gamma_1 2 1 5409 0 0 29257281 0 OK 30
Gamma_1 2 1 5410 0 0 29268100 0 OK 16
Gamma_1 2 1 5411 0 0 29278921 0 OK 16
Gamma_1 2 1 5412 0 0 29289744 0 OK 31
Gamma_1 2 1 5413 0 0 29300569 0 OK 18
Gamma_1 2 1 5414 0 0 29311396 0 OK 29
Gamma_1 2 1 5415 0 0 29322225 0 OK 30
Gamma_1 2 1 5416 0 0 29333056 0 OK 17
Gamma_1 2 1 5417 0 0 29343889 0 OK 29
Gamma_1 2 1 5418 0 0 29354724 0 OK 17
Gamma_1 2 1 5419 0 0 29365561 0 OK 16
Gamma_1 2 1 5420 0 0 29376400 0 OK 16
Gamma_1 2 1 5421 0 0 29387241 0 OK 32
Gamma_1 2 1 5422 0 0 29398084 0 OK 17
Gamma_1 2 1 5423 0 0 29408929 0 OK 16
Gamma_1 2 1 5424 0 0 29419776 0 OK 32
Gamma_1 2 1 5425 0 0 29430625 0 OK 32
Gamma_1 2 1 5426 0 0 29441476 0 OK 32
Gamma_1 2 1 5427 0 0 29452329 0 OK 17
Gamma_1 2 1 5428 0 0 29463184 0 OK 19
Gamma_1 2 1 5429 0 0 29474041 0 OK 32
Gamma_1 2 1 5430 0 0 29484900 0 OK 17
Gamma_1 2 1 5431 0 0 29495761 0 OK 16
Gamma_1 2 1 5432 0 0 29506624 0 OK 31
Gamma_1 2 1 5433 0 0 29517489 0 OK 18
Gamma_1 2 1 5434 0 0 29528356 0 OK 41
Gamma_1 2 1 5435 0 0 29539225 0 OK 16
Gamma_1 2 1 5436 0 0 29550096 0 OK 16
Gamma_1 2 1 5437 0 0 29560969 0 OK 18
Gamma_1 2 1 5438 0 0 29571844 0 OK 18
Gamma_1 2 1 5439 0 0 29582721 0 OK 15
Gamma_1 2 1 5440 0 0 29593600 0 OK 17
Gamma_1 2 1 5441 0 0 29604481 0 OK 31
Gamma_1 2 1 5442 0 0 29615364 0 OK 18
Gamma_1 2 1 5443 0 0 29626249 0 OK 30
Gamma_1 2 1 5444 0 0 29637136 0 OK 16
Gamma_1 2 1 5445 0 0 29648025 0 OK 32
Gamma_1 2 1 5446 0 0 29658916 0 OK 17
Gamma_1 2 1 5447 0 0 29669809 0 OK 17
Gamma_1 2 1 5448 0 0 29680704 0 OK 32
Gamma_1 2 1 5449 0 0 29691601 0 OK 18
Gamma_1 2 1 5450 0 0 29702500 0 OK 19
Gamma_1 2 1 5451 0 0 29713401 0 OK 17
Gamma_1 2 1 5452 0 0 29724304 0 OK 19
Gamma_1 2 1 5453 0 0 29735209 0 OK 16
Gamma_1 2 1 5454 0 0 29746116 0 OK 16
Gamma_1 2 1 5455 0 0 29757025 0 OK 32
Gamma_1 2 1 5456 0 0 29767936 0 OK 18
Gamma_1 2 1 5457 0 0 29778849 0 OK 17
Gamma_1 2 1 5458 0 0 29789764 0 OK 19
Gamma_1 2 1 5459 0 0 29800681 0 OK 17
Gamma_1 2 1 5460 0 0 29811600 0 OK 17
Gamma_1 2 1 5461 0 0 29822521 0 OK 31
Gamma_1 2 1 5462 0 0 29833444 0 OK 17
Gamma_1 2 1 5463 0 0 29844369 0 OK 15
Gamma_1 2 1 5464 0 0 29855296 0 OK 17
Gamma_1 2 1 5465 0 0 29866225 0 OK 15
Gamma_1 2 1 5466 0 0 29877156 0 OK 16
Gamma_1 2 1 5467 0 0 29888089 0 OK 32
Gamma_1 2 1 5468 0 0 29899024 0 OK 17
Gamma_1 2 1 5469 0 0 29909961 0 OK 17
Gamma_1 2 1 5470 0 0 29920900 0 OK 18
Gamma_1 2 1 5471 0 0 29931841 0 OK 16
Gamma_1 2 1 5472 0 0 29942784 0 OK 31
Gamma_1 2 1 5473 0 0 29953729 0 OK 19
Gamma_1 2 1 5474 0 0 29964676 0 OK 32
Gamma_1 2 1 5475 0 0 29975625 0 OK 15
Gamma_1 2 1 5476 0 0 29986576 0 OK 29
Gamma_1 2 1 5477 0 0 29997529 0 OK 17
Gamma_1 2 1 5478 0 0 30008484 0 OK 32
Gamma_1 2 1 5479 0 0 30019441 0 OK 32
Gamma_1 2 1 5480 0 0 30030400 0 OK 16
Gamma_1 2 1 5481 0 0 30041361 0 OK 18
Gamma_1 2 1 5482 0 0 30052324 0 OK 17
Gamma_1 2 1 5483 0 0 30063289 0 OK 30
Gamma_1 2 1 5484 0 0 30074256 0 OK 30
Gamma_1 2 1 5485 0 0 30085225 0 OK 35
Gamma_1 2 1 5486 0 0 30096196 0 OK 30
Gamma_1 2 1 5487 0 0 30107169 0 OK 16
Gamma_1 2 1 5488 0 0 30118144 0 OK 16
Gamma_1 2 1 5489 0 0 30129121 0 OK 16
Gamma_1 2 1 5490 0 0 30140100 0 OK 17
Gamma_1 2 1 5491 0 0 30151081 0 OK 17
Gamma_1 2 1 5492 0 0 30162064 0 OK 17
Gamma_1 2 1 5493 0 0 30173049 0 OK 18
Gamma_1 2 1 5494 0 0 30184036 0 OK 16
Gamma_1 2 1 5495 0 0 30195025 0 OK 16
Gamma_1 2 1 5496 0 0 30206016 0 OK 17
Gamma_1 2 1 5497 0 0 30217009 0 OK 15
Gamma_1 2 1 5498 0 0 30228004 0 OK 19
Gamma_1 2 1 5499 0 0 30239001 0 OK 30
Gamma_1 2 1 5500 0 0 30250000 0 OK 18
Gamma_1 2 1 5501 0 0 30261001 0 OK 31
Gamma_1 2 1 5502 0 0 30272004 0 OK 16
Gamma_1 2 1 5503 0 0 30283009 0 OK 18
Gamma_1 2 1 5504 0 0 30294016 0 OK 32
Gamma_1 2 1 5505 0 0 30305025 0 OK 29
Gamma_1 2 1 5506 0 0 30316036 0 OK 31
Gamma_1 2 1 5507 0 0 30327049 0 OK 15
Gamma_1 2 1 5508 0 0 30338064 0 OK 32
Gamma_1 2 1 5509 0 0 30349081 0 OK 29
Gamma_1 2 1 5510 0 0 30360100 0 OK 32
Gamma_1 2 1 5511 0 0 30371121 0 OK 16
Gamma_1 2 1 5512 0 0 30382144 0 OK 16
Gamma_1 2 1 5513 0 0 30393169 0 OK 30
Gamma_1 2 1 5514 0 0 30404196 0 OK 30
Gamma_1 2 1 5515 0 0 30415225 0 OK 17
Gamma_1 2 1 5516 0 0 30426256 0 OK 17
Gamma_1 2 1 5517 0 0 30437289 0 OK 17
Gamma_1 2 1 5518 0 0 30448324 0 OK 17
Gamma_1 2 1 5519 0 0 30459361 0 OK 16
Gamma_1 2 1 5520 0 0 30470400 0 OK 17
Gamma_1 2 1 5521 0 0 30481441 0 OK 32
Gamma_1 2 1 5522 0 0 30492484 0 OK 19
Gamma_1 2 1 5523 0 0 30503529 0 OK 30
Gamma_1 2 1 5524 0 0 30514576 0 OK 19
Gamma_1 2 1 5525 0 0 30525625 0 OK 16
Gamma_1 2 1 5526 0 0 30536676 0 OK 42
Gamma_1 2 1 5527 0 0 30547729 0 OK 17
Gamma_1 2 1 5528 0 0 30558784 0 OK 16
Gamma_1 2 1 5529 0 0 30569841 0 OK 16
Gamma_1 2 1 5530 0 0 30580900 0 OK 43
Gamma_1 2 1 5531 0 0 30591961 0 OK 20
Gamma_1 2 1 5532 0 0 30603024 0 OK 17
Gamma_1 2 1 5533 0 0 30614089 0 OK 32
Gamma_1 2 1 5534 0 0 30625156 0 OK 32
Gamma_1 2 1 5535 0 0 30636225 0 OK 17
Gamma_1 2 1 5536 0 0 30647296 0 OK 17
Gamma_1 2 1 5537 0 0 30658369 0 OK 31
Gamma_1 2 1 5538 0 0 30669444 0 OK 30
Gamma_1 2 1 5539 0 0 30680521 0 OK 32
Gamma_1 2 1 5540 0 0 30691600 0 OK 32
Gamma_1 2 1 5541 0 0 30702681 0 OK 17
Gamma_1 2 1 5542 0 0 30713764 0 OK 32
Gamma_1 2 1 5543 0 0 30724849 0 OK 32
Gamma_1 2 1 5544 0 0 30735936 0 OK 42
Gamma_1 2 1 5545 0 0 30747025 0 OK 17
Gamma_1 2 1 5546 0 0 30758116 0 OK 17
Gamma_1 2 1 5547 0 0 30769209 0 OK 17
Gamma_1 2 1 5548 0 0 30780304 0 OK 17
Gamma_1 2 1 5549 0 0 30791401 0 OK 16
Gamma_1 2 1 5550 0 0 30802500 0 OK 18
Gamma_1 2 1 5551 0 0 30813601 0 OK 17
Gamma_1 2 1 5552 0 0 30824704 0 OK 16
Gamma_1 2 1 5553 0 0 30835809 0 OK 16
Gamma_1 2 1 5554 0 0 30846916 0 OK 16
Gamma_1 2 1 5555 0 0 30858025 0 OK 16
Gamma_1 2 1 5556 0 0 30869136 0 OK 15
Gamma_1 2 1 5557 0 0 30880249 0 OK 16
Gamma_1 2 1 5558 0 0 30891364 0 OK 16
Gamma_1 2 1 5559 0 0 30902481 0 OK 18
Gamma_1 2 1 5560 0 0 30913600 0 OK 31
Gamma_1 2 1 5561 0 0 30924721 0 OK 42
Gamma_1 2 1 5562 0 0 30935844 0 OK 30
Gamma_1 2 1 5563 0 0 30946969 0 OK 18
Gamma_1 2 1 5564 0 0 30958096 0 OK 16
Gamma_1 2 1 5565 0 0 30969225 0 OK 17
Gamma_1 2 1 5566 0 0 30980356 0 OK 17
Gamma_1 2 1 5567 0 0 30991489 0 OK 17
Gamma_1 2 1 5568 0 0 31002624 0 OK 17
Gamma_1 2 1 5569 0 0 31013761 0 OK 16
Gamma_1 2 1 5570 0 0 31024900 0 OK 16
Gamma_1 2 1 5571 0 0 31036041 0 OK 32
Gamma_1 2 1 5572 0 0 31047184 0 OK 17
Gamma_1 2 1 5573 0 0 31058329 0 OK 30
Gamma_1 2 1 5574 0 0 31069476 0 OK 17
Gamma_1 2 1 5575 0 0 31080625 0 OK 16
Gamma_1 2 1 5576 0 0 31091776 0 OK 16
Gamma_1 2 1 5577 0 0 31102929 0 OK 32
Gamma_1 2 1 5578 0 0 31114084 0 OK 17
Gamma_1 2 1 5579 0 0 31125241 0 OK 16
Gamma_1 2 1 5580 0 0 31136400 0 OK 18
Gamma_1 2 1 5581 0 0 31147561 0 OK 18
Gamma_1 2 1 5582 0 0 31158724 0 OK 41
Gamma_1 2 1 5583 0 0 31169889 0 OK 31
Gamma_1 2 1 5584 0 0 31181056 0 OK 32
Gamma_1 2 1 5585 0 0 31192225 0 OK 42
Gamma_1 2 1 5586 0 0 31203396 0 OK 16
Gamma_1 2 1 5587 0 0 31214569 0 OK 15
Gamma_1 2 1 5588 0 0 31225744 0 OK 16
Gamma_1 2 1 5589 0 0 31236921 0 OK 32
Gamma_1 2 1 5590 0 0 31248100 0 OK 32
Gamma_1 2 1 5591 0 0 31259281 0 OK 16
Gamma_1 2 1 5592 0 0 31270464 0 OK 17
Gamma_1 2 1 5593 0 0 31281649 0 OK 18
Gamma_1 2 1 5594 0 0 31292836 0 OK 18
Gamma_1 2 1 5595 0 0 31304025 0 OK 16
Gamma_1 2 1 5596 0 0 31315216 0 OK 17
Gamma_1 2 1 5597 0 0 31326409 0 OK 17
Gamma_1 2 1 5598 0 0 31337604 0 OK 15
Gamma_1 2 1 5599 0 0 31348801 0 OK 16
Gamma_1 2 1 5600 0 0 31360000 0 OK 17
Gamma_1 2 1 5601 0 0 31371201 0 OK 17
Gamma_1 2 1 5602 0 0 31382404 0 OK 17
Gamma_1 2 1 5603 0 0 31393609 0 OK 15
Gamma_1 2 1 5604 0 0 31404816 0 OK 31
Gamma_1 2 1 5605 0 0 31416025 0 OK 17
Gamma_1 2 1 5606 0 0 31427236 0 OK 15
Gamma_1 2 1 5607 0 0 31438449 0 OK 16
Gamma_1 2 1 5608 0 0 31449664 0 OK 17
Gamma_1 2 1 5609 0 0 31460881 0 OK 31
Gamma_1 2 1 5610 0 0 31472100 0 OK 15
Gamma_1 2 1 5611 0 0 31483321 0 OK 16
Gamma_1 2 1 5612 0 0 31494544 0 OK 17
Gamma_1 2 1 5613 0 0 31505769 0 OK 29
Gamma_1 2 1 5614 0 0 31516996 0 OK 17
Gamma_1 2 1 5615 0 0 31528225 0 OK 29
Gamma_1 2 1 5616 0 0 31539456 0 OK 19
Gamma_1 2 1 5617 0 0 31550689 0 OK 16
Gamma_1 2 1 5618 0 0 31561924 0 OK 15
Gamma_1 2 1 5619 0 0 31573161 0 OK 16
Gamma_1 2 1 5620 0 0 31584400 0 OK 16
Gamma_1 2 1 5621 0 0 31595641 0 OK 31
Gamma_1 2 1 5622 0 0 31606884 0 OK 16
Gamma_1 2 1 5623 0 0 31618129 0 OK 30
Gamma_1 2 1 5624 0 0 31629376 0 OK 16
Gamma_1 2 1 5625 0 0 31640625 0 OK 16
Gamma_1 2 1 5626 0 0 31651876 0 OK 30
Gamma_1 2 1 5627 0 0 31663129 0 OK 16
Gamma_1 2 1 5628 0 0 31674384 0 OK 16
Gamma_1 2 1 5629 0 0 31685641 0 OK 18
Gamma_1 2 1 5630 0 0 31696900 0 OK 29
Gamma_1 2 1 5631 0 0 31708161 0 OK 32
Gamma_1 2 1 5632 0 0 31719424 0 OK 18
Gamma_1 2 1 5633 0 0 31730689 0 OK 30
Gamma_1 2 1 5634 0 0 31741956 0 OK 17
Gamma_1 2 1 5635 0 0 31753225 0 OK 17
Gamma_1 2 1 5636 0 0 31764496 0 OK 15
Gamma_1 2 1 5637 0 0 31775769 0 OK 16
Gamma_1 2 1 5638 0 0 31787044 0 OK 16
Gamma_1 2 1 5639 0 0 31798321 0 OK 16
Gamma_1 2 1 5640 0 0 31809600 0 OK 15
Gamma_1 2 1 5641 0 0 31820881 0 OK 30
Gamma_1 2 1 5642 0 0 31832164 0 OK 30
Gamma_1 2 1 5643 0 0 31843449 0 OK 19
Gamma_1 2 1 5644 0 0 31854736 0 OK 30
Gamma_1 2 1 5645 0 0 31866025 0 OK 17
Gamma_1 2 1 5646 0 0 31877316 0 OK 32
Gamma_1 2 1 5647 0 0 31888609 0 OK 18
Gamma_1 2 1 5648 0 0 31899904 0 OK 30
Gamma_1 2 1 5649 0 0 31911201 0 OK 32
Gamma_1 2 1 5650 0 0 31922500 0 OK 16
Gamma_1 2 1 5651 0 0 31933801 0 OK 18
Gamma_1 2 1 5652 0 0 31945104 0 OK 16
Gamma_1 2 1 5653 0 0 31956409 0 OK 31
Gamma_1 2 1 5654 0 0 31967716 0 OK 17
Gamma_1 2 1 5655 0 0 31979025 0 OK 18
Gamma_1 2 1 5656 0 0 31990336 0 OK 17
Gamma_1 2 1 5657 0 0 32001649 0 OK 16
Gamma_1 2 1 5658 0 0 32012964 0 OK 18
Gamma_1 2 1 5659 0 0 32024281 0 OK 17
Gamma_1 2 1 5660 0 0 32035600 0 OK 17
Gamma_1 2 1 5661 0 0 32046921 0 OK 32
Gamma_1 2 1 5662 0 0 32058244 0 OK 17
Gamma_1 2 1 5663 0 0 32069569 0 OK 18
Gamma_1 2 1 5664 0 0 32080896 0 OK 18
Gamma_1 2 1 5665 0 0 32092225 0 OK 18
Gamma_1 2 1 5666 0 0 32103556 0 OK 31
Gamma_1 2 1 5667 0 0 32114889 0 OK 17
Gamma_1 2 1 5668 0 0 32126224 0 OK 17
Gamma_1 2 1 5669 0 0 32137561 0 OK 18
Gamma_1 2 1 5670 0 0 32148900 0 OK 32
Gamma_1 2 1 5671 0 0 32160241 0 OK 17
Gamma_1 2 1 5672 0 0 32171584 0 OK 17
Gamma_1 2 1 5673 0 0 32182929 0 OK 15
Gamma_1 2 1 5674 0 0 32194276 0 OK 18
Gamma_1 2 1 5675 0 0 32205625 0 OK 18
Gamma_1 2 1 5676 0 0 32216976 0 OK 18
Gamma_1 2 1 5677 0 0 32228329 0 OK 30
Gamma_1 2 1 5678 0 0 32239684 0 OK 17
Gamma_1 2 1 5679 0 0 32251041 0 OK 17
Gamma_1 2 1 5680 0 0 32262400 0 OK 16
Gamma_1 2 1 5681 0 0 32273761 0 OK 31
Gamma_1 2 1 5682 0 0 32285124 0 OK 16
Gamma_1 2 1 5683 0 0 32296489 0 OK 32
Gamma_1 2 1 5684 0 0 32307856 0 OK 35
Gamma_1 2 1 5685 0 0 32319225 0 OK 16
Gamma_1 2 1 5686 0 0 32330596 0 OK 30
Gamma_1 2 1 5687 0 0 32341969 0 OK 17
Gamma_1 2 1 5688 0 0 32353344 0 OK 16
Gamma_1 2 1 5689 0 0 32364721 0 OK 30
Gamma_1 2 1 5690 0 0 32376100 0 OK 16
Gamma_1 2 1 5691 0 0 32387481 0 OK 16
Gamma_1 2 1 5692 0 0 32398864 0 OK 18
Gamma_1 2 1 5693 0 0 32410249 0 OK 31
Gamma_1 2 1 5694 0 0 32421636 0 OK 19
Gamma_1 2 1 5695 0 0 32433025 0 OK 16
Gamma_1 2 1 5696 0 0 32444416 0 OK 16
Gamma_1 2 1 5697 0 0 32455809 0 OK 17
Gamma_1 2 1 5698 0 0 32467204 0 OK 16
Gamma_1 2 1 5699 0 0 32478601 0 OK 15
Gamma_1 2 1 5700 0 0 32490000 0 OK 16
Gamma_1 2 1 5701 0 0 32501401 0 OK 31
Gamma_1 2 1 5702 0 0 32512804 0 OK 30
Gamma_1 2 1 5703 0 0 32524209 0 OK 17
Gamma_1 2 1 5704 0 0 32535616 0 OK 17
Gamma_1 2 1 5705 0 0 32547025 0 OK 16
Gamma_1 2 1 5706 0 0 32558436 0 OK 29
Gamma_1 2 1 5707 0 0 32569849 0 OK 31
Gamma_1 2 1 5708 0 0 32581264 0 OK 17
Gamma_1 2 1 5709 0 0 32592681 0 OK 17
Gamma_1 2 1 5710 0 0 32604100 0 OK 31
Gamma_1 2 1 5711 0 0 32615521 0 OK 17
Gamma_1 2 1 5712 0 0 32626944 0 OK 16
Gamma_1 2 1 5713 0 0 32638369 0 OK 18
Gamma_1 2 1 5714 0 0 32649796 0 OK 15
Gamma_1 2 1 5715 0 0 32661225 0 OK 16
Gamma_1 2 1 5716 0 0 32672656 0 OK 15
Gamma_1 2 1 5717 0 0 32684089 0 OK 31
Gamma_1 2 1 5718 0 0 32695524 0 OK 16
Gamma_1 2 1 5719 0 0 32706961 0 OK 33
Gamma_1 2 1 5720 0 0 32718400 0 OK 18
Gamma_1 2 1 5721 0 0 32729841 0 OK 30
Gamma_1 2 1 5722 0 0 32741284 0 OK 16
Gamma_1 2 1 5723 0 0 32752729 0 OK 17
Gamma_1 2 1 5724 0 0 32764176 0 OK 18
Gamma_1 2 1 5725 0 0 32775625 0 OK 16
Gamma_1 2 1 5726 0 0 32787076 0 OK 30
Gamma_1 2 1 5727 0 0 32798529 0 OK 17
Gamma_1 2 1 5728 0 0 32809984 0 OK 16
Gamma_1 2 1 5729 0 0 32821441 0 OK 46
Gamma_1 2 1 5730 0 0 32832900 0 OK 17
Gamma_1 2 1 5731 0 0 32844361 0 OK 17
Gamma_1 2 1 5732 0 0 32855824 0 OK 18
Gamma_1 2 1 5733 0 0 32867289 0 OK 17
Gamma_1 2 1 5734 0 0 32878756 0 OK 16
Gamma_1 2 1 5735 0 0 32890225 0 OK 31
Gamma_1 2 1 5736 0 0 32901696 0 OK 32
Gamma_1 2 1 5737 0 0 32913169 0 OK 31
Gamma_1 2 1 5738 0 0 32924644 0 OK 32
Gamma_1 2 1 5739 0 0 32936121 0 OK 18
Gamma_1 2 1 5740 0 0 32947600 0 OK 33
Gamma_1 2 1 5741 0 0 32959081 0 OK 21
Gamma_1 2 1 5742 0 0 32970564 0 OK 16
Gamma_1 2 1 5743 0 0 32982049 0 OK 16
Gamma_1 2 1 5744 0 0 32993536 0 OK 16
Gamma_1 2 1 5745 0 0 33005025 0 OK 16
Gamma_1 2 1 5746 0 0 33016516 0 OK 32
Gamma_1 2 1 5747 0 0 33028009 0 OK 16
Gamma_1 2 1 5748 0 0 33039504 0 OK 31
Gamma_1 2 1 5749 0 0 33051001 0 OK 16
Gamma_1 2 1 5750 0 0 33062500 0 OK 31
Gamma_1 2 1 5751 0 0 33074001 0 OK 17
Gamma_1 2 1 5752 0 0 33085504 0 OK 17
Gamma_1 2 1 5753 0 0 33097009 0 OK 29
Gamma_1 2 1 5754 0 0 33108516 0 OK 15
Gamma_1 2 1 5755 0 0 33120025 0 OK 16
Gamma_1 2 1 5756 0 0 33131536 0 OK 17
Gamma_1 2 1 5757 0 0 33143049 0 OK 17
Gamma_1 2 1 5758 0 0 33154564 0 OK 15
Gamma_1 2 1 5759 0 0 33166081 0 OK 16
Gamma_1 2 1 5760 0 0 33177600 0 OK 33
Gamma_1 2 1 5761 0 0 33189121 0 OK 18
Gamma_1 2 1 5762 0 0 33200644 0 OK 16
Gamma_1 2 1 5763 0 0 33212169 0 OK 17
Gamma_1 2 1 5764 0 0 33223696 0 OK 16
Gamma_1 2 1 5765 0 0 33235225 0 OK 16
Gamma_1 2 1 5766 0 0 33246756 0 OK 32
Gamma_1 2 1 5767 0 0 33258289 0 OK 16
Gamma_1 2 1 5768 0 0 33269824 0 OK 17
Gamma_1 2 1 5769 0 0 33281361 0 OK 17
Gamma_1 2 1 5770 0 0 33292900 0 OK 15
Gamma_1 2 1 5771 0 0 33304441 0 OK 16
Gamma_1 2 1 5772 0 0 33315984 0 OK 30
Gamma_1 2 1 5773 0 0 33327529 0 OK 17
Gamma_1 2 1 5774 0 0 33339076 0 OK 16
Gamma_1 2 1 5775 0 0 33350625 0 OK 17
Gamma_1 2 1 5776 0 0 33362176 0 OK 16
Gamma_1 2 1 5777 0 0 33373729 0 OK 16
Gamma_1 2 1 5778 0 0 33385284 0 OK 16
Gamma_1 2 1 5779 0 0 33396841 0 OK 33
Gamma_1 2 1 5780 0 0 33408400 0 OK 18
Gamma_1 2 1 5781 0 0 33419961 0 OK 32
Gamma_1 2 1 5782 0 0 33431524 0 OK 16
Gamma_1 2 1 5783 0 0 33443089 0 OK 32
Gamma_1 2 1 5784 0 0 33454656 0 OK 30
Gamma_1 2 1 5785 0 0 33466225 0 OK 18
Gamma_1 2 1 5786 0 0 33477796 0 OK 16
Gamma_1 2 1 5787 0 0 33489369 0 OK 17
Gamma_1 2 1 5788 0 0 33500944 0 OK 17
Gamma_1 2 1 5789 0 0 33512521 0 OK 31
Gamma_1 2 1 5790 0 0 33524100 0 OK 32
Gamma_1 2 1 5791 0 0 33535681 0 OK 31
Gamma_1 2 1 5792 0 0 33547264 0 OK 18
Gamma_1 2 1 5793 0 0 33558849 0 OK 16
Gamma_1 2 1 5794 0 0 33570436 0 OK 16
Gamma_1 2 1 5795 0 0 33582025 0 OK 17
Gamma_1 2 1 5796 0 0 33593616 0 OK 17
Gamma_1 2 1 5797 0 0 33605209 0 OK 16
Gamma_1 2 1 5798 0 0 33616804 0 OK 16
Gamma_1 2 1 5799 0 0 33628401 0 OK 16
Gamma_1 2 1 5800 0 0 33640000 0 OK 34
Gamma_1 2 1 5801 0 0 33651601 0 OK 32
Gamma_1 2 1 5802 0 0 33663204 0 OK 16
Gamma_1 2 1 5803 0 0 33674809 0 OK 17
Gamma_1 2 1 5804 0 0 33686416 0 OK 17
Gamma_1 2 1 5805 0 0 33698025 0 OK 31
Gamma_1 2 1 5806 0 0 33709636 0 OK 18
Gamma_1 2 1 5807 0 0 33721249 0 OK 17
Gamma_1 2 1 5808 0 0 33732864 0 OK 18
Gamma_1 2 1 5809 0 0 33744481 0 OK 29
Gamma_1 2 1 5810 0 0 33756100 0 OK 30
Gamma_1 2 1 5811 0 0 33767721 0 OK 31
Gamma_1 2 1 5812 0 0 33779344 0 OK 19
Gamma_1 2 1 5813 0 0 33790969 0 OK 31
Gamma_1 2 1 5814 0 0 33802596 0 OK 16
Gamma_1 2 1 5815 0 0 33814225 0 OK 17
Gamma_1 2 1 5816 0 0 33825856 0 OK 18
Gamma_1 2 1 5817 0 0 33837489 0 OK 16
Gamma_1 2 1 5818 0 0 33849124 0 OK 32
Gamma_1 2 1 5819 0 0 33860761 0 OK 16
Gamma_1 2 1 5820 0 0 33872400 0 OK 30
Gamma_1 2 1 5821 0 0 33884041 0 OK 31
Gamma_1 2 1 5822 0 0 33895684 0 OK 17
Gamma_1 2 1 5823 0 0 33907329 0 OK 18
Gamma_1 2 1 5824 0 0 33918976 0 OK 17
Gamma_1 2 1 5825 0 0 33930625 0 OK 17
Gamma_1 2 1 5826 0 0 33942276 0 OK 15
Gamma_1 2 1 5827 0 0 33953929 0 OK 31
Gamma_1 2 1 5828 0 0 33965584 0 OK 32
Gamma_1 2 1 5829 0 0 33977241 0 OK 32
Gamma_1 2 1 5830 0 0 33988900 0 OK 16
Gamma_1 2 1 5831 0 0 34000561 0 OK 18
Gamma_1 2 1 5832 0 0 34012224 0 OK 17
Gamma_1 2 1 5833 0 0 34023889 0 OK 32
Gamma_1 2 1 5834 0 0 34035556 0 OK 15
Gamma_1 2 1 5835 0 0 34047225 0 OK 33
Gamma_1 2 1 5836 0 0 34058896 0 OK 16
Gamma_1 2 1 5837 0 0 34070569 0 OK 16
Gamma_1 2 1 5838 0 0 34082244 0 OK 18
Gamma_1 2 1 5839 0 0 34093921 0 OK 17
Gamma_1 2 1 5840 0 0 34105600 0 OK 43
Gamma_1 2 1 5841 0 0 34117281 0 OK 18
Gamma_1 2 1 5842 0 0 34128964 0 OK 15
Gamma_1 2 1 5843 0 0 34140649 0 OK 33
Gamma_1 2 1 5844 0 0 34152336 0 OK 18
Gamma_1 2 1 5845 0 0 34164025 0 OK 17
Gamma_1 2 1 5846 0 0 34175716 0 OK 16
Gamma_1 2 1 5847 0 0 34187409 0 OK 17
Gamma_1 2 1 5848 0 0 34199104 0 OK 16
Gamma_1 2 1 5849 0 0 34210801 0 OK 16
Gamma_1 2 1 5850 0 0 34222500 0 OK 15
Gamma_1 2 1 5851 0 0 34234201 0 OK 18
Gamma_1 2 1 5852 0 0 34245904 0 OK 17
Gamma_1 2 1 5853 0 0 34257609 0 OK 18
Gamma_1 2 1 5854 0 0 34269316 0 OK 30
Gamma_1 2 1 5855 0 0 34281025 0 OK 16
Gamma_1 2 1 5856 0 0 34292736 0 OK 17
Gamma_1 2 1 5857 0 0 34304449 0 OK 15
Gamma_1 2 1 5858 0 0 34316164 0 OK 30
Gamma_1 2 1 5859 0 0 34327881 0 OK 29
Gamma_1 2 1 5860 0 0 34339600 0 OK 16
Gamma_1 2 1 5861 0 0 34351321 0 OK 17
Gamma_1 2 1 5862 0 0 34363044 0 OK 16
Gamma_1 2 1 5863 0 0 34374769 0 OK 17
Gamma_1 2 1 5864 0 0 34386496 0 OK 18
Gamma_1 2 1 5865 0 0 34398225 0 OK 31
Gamma_1 2 1 5866 0 0 34409956 0 OK 31
Gamma_1 2 1 5867 0 0 34421689 0 OK 32
Gamma_1 2 1 5868 0 0 34433424 0 OK 17
Gamma_1 2 1 5869 0 0 34445161 0 OK 16
Gamma_1 2 1 5870 0 0 34456900 0 OK 15
Gamma_1 2 1 5871 0 0 34468641 0 OK 16
Gamma_1 2 1 5872 0 0 34480384 0 OK 31
Gamma_1 2 1 5873 0 0 34492129 0 OK 15
Gamma_1 2 1 5874 0 0 34503876 0 OK 16
Gamma_1 2 1 5875 0 0 34515625 0 OK 32
Gamma_1 2 1 5876 0 0 34527376 0 OK 18
Gamma_1 2 1 5877 0 0 34539129 0 OK 15
Gamma_1 2 1 5878 0 0 34550884 0 OK 16
Gamma_1 2 1 5879 0 0 34562641 0 OK 17
Gamma_1 2 1 5880 0 0 34574400 0 OK 17
Gamma_1 2 1 5881 0 0 34586161 0 OK 16
Gamma_1 2 1 5882 0 0 34597924 0 OK 29
Gamma_1 2 1 5883 0 0 34609689 0 OK 32
Gamma_1 2 1 5884 0 0 34621456 0 OK 31
Gamma_1 2 1 5885 0 0 34633225 0 OK 31
Gamma_1 2 1 5886 0 0 34644996 0 OK 21
Gamma_1 2 1 5887 0 0 34656769 0 OK 31
Gamma_1 2 1 5888 0 0 34668544 0 OK 18
Gamma_1 2 1 5889 0 0 34680321 0 OK 32
Gamma_1 2 1 5890 0 0 34692100 0 OK 16
Gamma_1 2 1 5891 0 0 34703881 0 OK 31
Gamma_1 2 1 5892 0 0 34715664 0 OK 16
Gamma_1 2 1 5893 0 0 34727449 0 OK 32
Gamma_1 2 1 5894 0 0 34739236 0 OK 16
Gamma_1 2 1 5895 0 0 34751025 0 OK 30
Gamma_1 2 1 5896 0 0 34762816 0 OK 30
Gamma_1 2 1 5897 0 0 34774609 0 OK 17
Gamma_1 2 1 5898 0 0 34786404 0 OK 17
Gamma_1 2 1 5899 0 0 34798201 0 OK 31
Gamma_1 2 1 5900 0 0 34810000 0 OK 16
Gamma_1 2 1 5901 0 0 34821801 0 OK 18
Gamma_1 2 1 5902 0 0 34833604 0 OK 16
Gamma_1 2 1 5903 0 0 34845409 0 OK 29
Gamma_1 2 1 5904 0 0 34857216 0 OK 16
Gamma_1 2 1 5905 0 0 34869025 0 OK 15
Gamma_1 2 1 5906 0 0 34880836 0 OK 16
Gamma_1 2 1 5907 0 0 34892649 0 OK 16
Gamma_1 2 1 5908 0 0 34904464 0 OK 16
Gamma_1 2 1 5909 0 0 34916281 0 OK 16
Gamma_1 2 1 5910 0 0 34928100 0 OK 18
Gamma_1 2 1 5911 0 0 34939921 0 OK 32
Gamma_1 2 1 5912 0 0 34951744 0 OK 17
Gamma_1 2 1 5913 0 0 34963569 0 OK 16
Gamma_1 2 1 5914 0 0 34975396 0 OK 17
Gamma_1 2 1 5915 0 0 34987225 0 OK 16
Gamma_1 2 1 5916 0 0 34999056 0 OK 16
Gamma_1 2 1 5917 0 0 35010889 0 OK 16
Gamma_1 2 1 5918 0 0 35022724 0 OK 15
Gamma_1 2 1 5919 0 0 35034561 0 OK 16
Gamma_1 2 1 5920 0 0 35046400 0 OK 15
Gamma_1 2 1 5921 0 0 35058241 0 OK 17
Gamma_1 2 1 5922 0 0 35070084 0 OK 29
Gamma_1 2 1 5923 0 0 35081929 0 OK 20
Gamma_1 2 1 5924 0 0 35093776 0 OK 30
Gamma_1 2 1 5925 0 0 35105625 0 OK 17
Gamma_1 2 1 5926 0 0 35117476 0 OK 30
Gamma_1 2 1 5927 0 0 35129329 0 OK 34
Gamma_1 2 1 5928 0 0 35141184 0 OK 42
Gamma_1 2 1 5929 0 0 35153041 0 OK 17
Gamma_1 2 1 5930 0 0 35164900 0 OK 17
Gamma_1 2 1 5931 0 0 35176761 0 OK 16
Gamma_1 2 1 5932 0 0 35188624 0 OK 31
Gamma_1 2 1 5933 0 0 35200489 0 OK 32
Gamma_1 2 1 5934 0 0 35212356 0 OK 16
Gamma_1 2 1 5935 0 0 35224225 0 OK 17
Gamma_1 2 1 5936 0 0 35236096 0 OK 18
Gamma_1 2 1 5937 0 0 35247969 0 OK 15
Gamma_1 2 1 5938 0 0 35259844 0 OK 17
Gamma_1 2 1 5939 0 0 35271721 0 OK 32
Gamma_1 2 1 5940 0 0 35283600 0 OK 17
Gamma_1 2 1 5941 0 0 35295481 0 OK 17
Gamma_1 2 1 5942 0 0 35307364 0 OK 17
Gamma_1 2 1 5943 0 0 35319249 0 OK 31
Gamma_1 2 1 5944 0 0 35331136 0 OK 15
Gamma_1 2 1 5945 0 0 35343025 0 OK 32
Gamma_1 2 1 5946 0 0 35354916 0 OK 17
Gamma_1 2 1 5947 0 0 35366809 0 OK 17
Gamma_1 2 1 5948 0 0 35378704 0 OK 30
Gamma_1 2 1 5949 0 0 35390601 0 OK 31
Gamma_1 2 1 5950 0 0 35402500 0 OK 17
Gamma_1 2 1 5951 0 0 35414401 0 OK 16
Gamma_1 2 1 5952 0 0 35426304 0 OK 17
Gamma_1 2 1 5953 0 0 35438209 0 OK 31
Gamma_1 2 1 5954 0 0 35450116 0 OK 18
Gamma_1 2 1 5955 0 0 35462025 0 OK 16
Gamma_1 2 1 5956 0 0 35473936 0 OK 16
Gamma_1 2 1 5957 0 0 35485849 0 OK 17
Gamma_1 2 1 5958 0 0 35497764 0 OK 16
Gamma_1 2 1 5959 0 0 35509681 0 OK 16
Gamma_1 2 1 5960 0 0 35521600 0 OK 16
Gamma_1 2 1 5961 0 0 35533521 0 OK 15
Gamma_1 2 1 5962 0 0 35545444 0 OK 17
Gamma_1 2 1 5963 0 0 35557369 0 OK 30
Gamma_1 2 1 5964 0 0 35569296 0 OK 17
Gamma_1 2 1 5965 0 0 35581225 0 OK 16
Gamma_1 2 1 5966 0 0 35593156 0 OK 17
Gamma_1 2 1 5967 0 0 35605089 0 OK 30
Gamma_1 2 1 5968 0 0 35617024 0 OK 17
Gamma_1 2 1 5969 0 0 35628961 0 OK 16
Gamma_1 2 1 5970 0 0 35640900 0 OK 15
Gamma_1 2 1 5971 0 0 35652841 0 OK 17
Gamma_1 2 1 5972 0 0 35664784 0 OK 16
Gamma_1 2 1 5973 0 0 35676729 0 OK 18
Gamma_1 2 1 5974 0 0 35688676 0 OK 16
Gamma_1 2 1 5975 0 0 35700625 0 OK 29
Gamma_1 2 1 5976 0 0 35712576 0 OK 31
Gamma_1 2 1 5977 0 0 35724529 0 OK 30
Gamma_1 2 1 5978 0 0 35736484 0 OK 17
Gamma_1 2 1 5979 0 0 35748441 0 OK 18
Gamma_1 2 1 5980 0 0 35760400 0 OK 29
Gamma_1 2 1 5981 0 0 35772361 0 OK 16
Gamma_1 2 1 5982 0 0 35784324 0 OK 15
Gamma_1 2 1 5983 0 0 35796289 0 OK 21
Gamma_1 2 1 5984 0 0 35808256 0 OK 32
Gamma_1 2 1 5985 0 0 35820225 0 OK 32
Gamma_1 2 1 5986 0 0 35832196 0 OK 18
Gamma_1 2 1 5987 0 0 35844169 0 OK 32
Gamma_1 2 1 5988 0 0 35856144 0 OK 17
Gamma_1 2 1 5989 0 0 35868121 0 OK 32
Gamma_1 2 1 5990 0 0 35880100 0 OK 31
Gamma_1 2 1 5991 0 0 35892081 0 OK 18
Gamma_1 2 1 5992 0 0 35904064 0 OK 32
Gamma_1 2 1 5993 0 0 35916049 0 OK 18
Gamma_1 2 1 5994 0 0 35928036 0 OK 17
Gamma_1 2 1 5995 0 0 35940025 0 OK 18
Gamma_1 2 1 5996 0 0 35952016 0 OK 16
Gamma_1 2 1 5997 0 0 35964009 0 OK 17
Gamma_1 2 1 5998 0 0 35976004 0 OK 17
Gamma_1 2 1 5999 0 0 35988001 0 OK 18
Gamma_1 2 1 6000 0 0 36000000 0 OK 17
Gamma_1 2 1 6001 0 0 36012001 0 OK 15
Gamma_1 2 1 6002 0 0 36024004 0 OK 16
Gamma_1 2 1 6003 0 0 36036009 0 OK 18
Gamma_1 2 1 6004 0 0 36048016 0 OK 17
Gamma_1 2 1 6005 0 0 36060025 0 OK 15
Gamma_1 2 1 6006 0 0 36072036 0 OK 16
Gamma_1 2 1 6007 0 0 36084049 0 OK 17
Gamma_1 2 1 6008 0 0 36096064 0 OK 16
Gamma_1 2 1 6009 0 0 36108081 0 OK 17
Gamma_1 2 1 6010 0 0 36120100 0 OK 16
Gamma_1 2 1 6011 0 0 36132121 0 OK 30
Gamma_1 2 1 6012 0 0 36144144 0 OK 31
Gamma_1 2 1 6013 0 0 36156169 0 OK 18
Gamma_1 2 1 6014 0 0 36168196 0 OK 16
Gamma_1 2 1 6015 0 0 36180225 0 OK 16
Gamma_1 2 1 6016 0 0 36192256 0 OK 31
Gamma_1 2 1 6017 0 0 36204289 0 OK 33
Gamma_1 2 1 6018 0 0 36216324 0 OK 17
Gamma_1 2 1 6019 0 0 36228361 0 OK 18
Gamma_1 2 1 6020 0 0 36240400 0 OK 29
Gamma_1 2 1 6021 0 0 36252441 0 OK 17
Gamma_1 2 1 6022 0 0 36264484 0 OK 15
Gamma_1 2 1 6023 0 0 36276529 0 OK 16
Gamma_1 2 1 6024 0 0 36288576 0 OK 16
Gamma_1 2 1 6025 0 0 36300625 0 OK 17
Gamma_1 2 1 6026 0 0 36312676 0 OK 15
Gamma_1 2 1 6027 0 0 36324729 0 OK 17
Gamma_1 2 1 6028 0 0 36336784 0 OK 16
Gamma_1 2 1 6029 0 0 36348841 0 OK 31
Gamma_1 2 1 6030 0 0 36360900 0 OK 29
Gamma_1 2 1 6031 0 0 36372961 0 OK 18
Gamma_1 2 1 6032 0 0 36385024 0 OK 31
Gamma_1 2 1 6033 0 0 36397089 0 OK 30
Gamma_1 2 1 6034 0 0 36409156 0 OK 18
Gamma_1 2 1 6035 0 0 36421225 0 OK 16
Gamma_1 2 1 6036 0 0 36433296 0 OK 16
Gamma_1 2 1 6037 0 0 36445369 0 OK 15
Gamma_1 2 1 6038 0 0 36457444 0 OK 41
Gamma_1 2 1 6039 0 0 36469521 0 OK 18
Gamma_1 2 1 6040 0 0 36481600 0 OK 19
Gamma_1 2 1 6041 0 0 36493681 0 OK 42
Gamma_1 2 1 6042 0 0 36505764 0 OK 30
Gamma_1 2 1 6043 0 0 36517849 0 OK 43
Gamma_1 2 1 6044 0 0 36529936 0 OK 31
Gamma_1 2 1 6045 0 0 36542025 0 OK 17
Gamma_1 2 1 6046 0 0 36554116 0 OK 17
Gamma_1 2 1 6047 0 0 36566209 0 OK 16
Gamma_1 2 1 6048 0 0 36578304 0 OK 16
Gamma_1 2 1 6049 0 0 36590401 0 OK 17
Gamma_1 2 1 6050 0 0 36602500 0 OK 33
Gamma_1 2 1 6051 0 0 36614601 0 OK 18
Gamma_1 2 1 6052 0 0 36626704 0 OK 43
Gamma_1 2 1 6053 0 0 36638809 0 OK 18
Gamma_1 2 1 6054 0 0 36650916 0 OK 33
Gamma_1 2 1 6055 0 0 36663025 0 OK 42
Gamma_1 2 1 6056 0 0 36675136 0 OK 18
Gamma_1 2 1 6057 0 0 36687249 0 OK 17
Gamma_1 2 1 6058 0 0 36699364 0 OK 30
Gamma_1 2 1 6059 0 0 36711481 0 OK 17
Gamma_1 2 1 6060 0 0 36723600 0 OK 31
Gamma_1 2 1 6061 0 0 36735721 0 OK 18
Gamma_1 2 1 6062 0 0 36747844 0 OK 32
Gamma_1 2 1 6063 0 0 36759969 0 OK 19
Gamma_1 2 1 6064 0 0 36772096 0 OK 16
Gamma_1 2 1 6065 0 0 36784225 0 OK 42
Gamma_1 2 1 6066 0 0 36796356 0 OK 15
Gamma_1 2 1 6067 0 0 36808489 0 OK 43
Gamma_1 2 1 6068 0 0 36820624 0 OK 42
Gamma_1 2 1 6069 0 0 36832761 0 OK 18
Gamma_1 2 1 6070 0 0 36844900 0 OK 18
Gamma_1 2 1 6071 0 0 36857041 0 OK 18
Gamma_1 2 1 6072 0 0 36869184 0 OK 17
Gamma_1 2 1 6073 0 0 36881329 0 OK 18
Gamma_1 2 1 6074 0 0 36893476 0 OK 19
Gamma_1 2 1 6075 0 0 36905625 0 OK 16
Gamma_1 2 1 6076 0 0 36917776 0 OK 16
Gamma_1 2 1 6077 0 0 36929929 0 OK 43
Gamma_1 2 1 6078 0 0 36942084 0 OK 17
Gamma_1 2 1 6079 0 0 36954241 0 OK 17
Gamma_1 2 1 6080 0 0 36966400 0 OK 41
Gamma_1 2 1 6081 0 0 36978561 0 OK 17
Gamma_1 2 1 6082 0 0 36990724 0 OK 45
Gamma_1 2 1 6083 0 0 37002889 0 OK 18
Gamma_1 2 1 6084 0 0 37015056 0 OK 17
Gamma_1 2 1 6085 0 0 37027225 0 OK 30
Gamma_1 2 1 6086 0 0 37039396 0 OK 17
Gamma_1 2 1 6087 0 0 37051569 0 OK 43
Gamma_1 2 1 6088 0 0 37063744 0 OK 30
Gamma_1 2 1 6089 0 0 37075921 0 OK 30
Gamma_1 2 1 6090 0 0 37088100 0 OK 31
Gamma_1 2 1 6091 0 0 37100281 0 OK 32
Gamma_1 2 1 6092 0 0 37112464 0 OK 18
Gamma_1 2 1 6093 0 0 37124649 0 OK 32
Gamma_1 2 1 6094 0 0 37136836 0 OK 31
Gamma_1 2 1 6095 0 0 37149025 0 OK 17
Gamma_1 2 1 6096 0 0 37161216 0 OK 16
Gamma_1 2 1 6097 0 0 37173409 0 OK 16
Gamma_1 2 1 6098 0 0 37185604 0 OK 18
Gamma_1 2 1 6099 0 0 37197801 0 OK 16
Gamma_1 2 1 6100 0 0 37210000 0 OK 16
Gamma_1 2 1 6101 0 0 37222201 0 OK 32
Gamma_1 2 1 6102 0 0 37234404 0 OK 31
Gamma_1 2 1 6103 0 0 37246609 0 OK 17
Gamma_1 2 1 6104 0 0 37258816 0 OK 32
Gamma_1 2 1 6105 0 0 37271025 0 OK 18
Gamma_1 2 1 6106 0 0 37283236 0 OK 16
Gamma_1 2 1 6107 0 0 37295449 0 OK 16
Gamma_1 2 1 6108 0 0 37307664 0 OK 17
Gamma_1 2 1 6109 0 0 37319881 0 OK 17
Gamma_1 2 1 6110 0 0 37332100 0 OK 16
Gamma_1 2 1 6111 0 0 37344321 0 OK 30
Gamma_1 2 1 6112 0 0 37356544 0 OK 17
Gamma_1 2 1 6113 0 0 37368769 0 OK 18
Gamma_1 2 1 6114 0 0 37380996 0 OK 17
Gamma_1 2 1 6115 0 0 37393225 0 OK 18
Gamma_1 2 1 6116 0 0 37405456 0 OK 33
Gamma_1 2 1 6117 0 0 37417689 0 OK 16
Gamma_1 2 1 6118 0 0 37429924 0 OK 31
Gamma_1 2 1 6119 0 0 37442161 0 OK 17
Gamma_1 2 1 6120 0 0 37454400 0 OK 17
Gamma_1 2 1 6121 0 0 37466641 0 OK 18
Gamma_1 2 1 6122 0 0 37478884 0 OK 31
Gamma_1 2 1 6123 0 0 37491129 0 OK 16
Gamma_1 2 1 6124 0 0 37503376 0 OK 19
Gamma_1 2 1 6125 0 0 37515625 0 OK 17
Gamma_1 2 1 6126 0 0 37527876 0 OK 31
Gamma_1 2 1 6127 0 0 37540129 0 OK 17
Gamma_1 2 1 6128 0 0 37552384 0 OK 16
Gamma_1 2 1 6129 0 0 37564641 0 OK 16
Gamma_1 2 1 6130 0 0 37576900 0 OK 32
Gamma_1 2 1 6131 0 0 37589161 0 OK 18
Gamma_1 2 1 6132 0 0 37601424 0 OK 17
Gamma_1 2 1 6133 0 0 37613689 0 OK 16
Gamma_1 2 1 6134 0 0 37625956 0 OK 16
Gamma_1 2 1 6135 0 0 37638225 0 OK 33
Gamma_1 2 1 6136 0 0 37650496 0 OK 31
Gamma_1 2 1 6137 0 0 37662769 0 OK 30
Gamma_1 2 1 6138 0 0 37675044 0 OK 31
Gamma_1 2 1 6139 0 0 37687321 0 OK 16
Gamma_1 2 1 6140 0 0 37699600 0 OK 18
Gamma_1 2 1 6141 0 0 37711881 0 OK 42
Gamma_1 2 1 6142 0 0 37724164 0 OK 17
Gamma_1 2 1 6143 0 0 37736449 0 OK 15
Gamma_1 2 1 6144 0 0 37748736 0 OK 17
Gamma_1 2 1 6145 0 0 37761025 0 OK 16
Gamma_1 2 1 6146 0 0 37773316 0 OK 30
Gamma_1 2 1 6147 0 0 37785609 0 OK 16
Gamma_1 2 1 6148 0 0 37797904 0 OK 16
Gamma_1 2 1 6149 0 0 37810201 0 OK 16
Gamma_1 2 1 6150 0 0 37822500 0 OK 17
Gamma_1 2 1 6151 0 0 37834801 0 OK 15
Gamma_1 2 1 6152 0 0 37847104 0 OK 31
Gamma_1 2 1 6153 0 0 37859409 0 OK 17
Gamma_1 2 1 6154 0 0 37871716 0 OK 30
Gamma_1 2 1 6155 0 0 37884025 0 OK 16
Gamma_1 2 1 6156 0 0 37896336 0 OK 16
Gamma_1 2 1 6157 0 0 37908649 0 OK 31
Gamma_1 2 1 6158 0 0 37920964 0 OK 17
Gamma_1 2 1 6159 0 0 37933281 0 OK 15
Gamma_1 2 1 6160 0 0 37945600 0 OK 17
Gamma_1 2 1 6161 0 0 37957921 0 OK 16
Gamma_1 2 1 6162 0 0 37970244 0 OK 17
Gamma_1 2 1 6163 0 0 37982569 0 OK 17
Gamma_1 2 1 6164 0 0 37994896 0 OK 16
Gamma_1 2 1 6165 0 0 38007225 0 OK 31
Gamma_1 2 1 6166 0 0 38019556 0 OK 33
Gamma_1 2 1 6167 0 0 38031889 0 OK 31
Gamma_1 2 1 6168 0 0 38044224 0 OK 31
Gamma_1 2 1 6169 0 0 38056561 0 OK 17
Gamma_1 2 1 6170 0 0 38068900 0 OK 16
Gamma_1 2 1 6171 0 0 38081241 0 OK 16
Gamma_1 2 1 6172 0 0 38093584 0 OK 18
Gamma_1 2 1 6173 0 0 38105929 0 OK 31
Gamma_1 2 1 6174 0 0 38118276 0 OK 17
Gamma_1 2 1 6175 0 0 38130625 0 OK 29
Gamma_1 2 1 6176 0 0 38142976 0 OK 17
Gamma_1 2 1 6177 0 0 38155329 0 OK 31
Gamma_1 2 1 6178 0 0 38167684 0 OK 31
Gamma_1 2 1 6179 0 0 38180041 0 OK 29
Gamma_1 2 1 6180 0 0 38192400 0 OK 17
Gamma_1 2 1 6181 0 0 38204761 0 OK 32
Gamma_1 2 1 6182 0 0 38217124 0 OK 18
Gamma_1 2 1 6183 0 0 38229489 0 OK 31
Gamma_1 2 1 6184 0 0 38241856 0 OK 17
Gamma_1 2 1 6185 0 0 38254225 0 OK 17
Gamma_1 2 1 6186 0 0 38266596 0 OK 16
Gamma_1 2 1 6187 0 0 38278969 0 OK 18
Gamma_1 2 1 6188 0 0 38291344 0 OK 18
Gamma_1 2 1 6189 0 0 38303721 0 OK 31
Gamma_1 2 1 6190 0 0 38316100 0 OK 32
Gamma_1 2 1 6191 0 0 38328481 0 OK 31
Gamma_1 2 1 6192 0 0 38340864 0 OK 16
Gamma_1 2 1 6193 0 0 38353249 0 OK 17
Gamma_1 2 1 6194 0 0 38365636 0 OK 31
Gamma_1 2 1 6195 0 0 38378025 0 OK 16
Gamma_1 2 1 6196 0 0 38390416 0 OK 30
Gamma_1 2 1 6197 0 0 38402809 0 OK 19
Gamma_1 2 1 6198 0 0 38415204 0 OK 16
Gamma_1 2 1 6199 0 0 38427601 0 OK 14
Gamma_1 2 1 6200 0 0 38440000 0 OK 17
Gamma_1 2 1 6201 0 0 38452401 0 OK 31
Gamma_1 2 1 6202 0 0 38464804 0 OK 30
Gamma_1 2 1 6203 0 0 38477209 0 OK 30
Gamma_1 2 1 6204 0 0 38489616 0 OK 29
Gamma_1 2 1 6205 0 0 38502025 0 OK 16
Gamma_1 2 1 6206 0 0 38514436 0 OK 16
Gamma_1 2 1 6207 0 0 38526849 0 OK 30
Gamma_1 2 1 6208 0 0 38539264 0 OK 16
Gamma_1 2 1 6209 0 0 38551681 0 OK 30
Gamma_1 2 1 6210 0 0 38564100 0 OK 21
Gamma_1 2 1 6211 0 0 38576521 0 OK 15
Gamma_1 2 1 6212 0 0 38588944 0 OK 16
Gamma_1 2 1 6213 0 0 38601369 0 OK 15
Gamma_1 2 1 6214 0 0 38613796 0 OK 17
Gamma_1 2 1 6215 0 0 38626225 0 OK 16
Gamma_1 2 1 6216 0 0 38638656 0 OK 17
Gamma_1 2 1 6217 0 0 38651089 0 OK 16
Gamma_1 2 1 6218 0 0 38663524 0 OK 18
Gamma_1 2 1 6219 0 0 38675961 0 OK 18
Gamma_1 2 1 6220 0 0 38688400 0 OK 17
Gamma_1 2 1 6221 0 0 38700841 0 OK 16
Gamma_1 2 1 6222 0 0 38713284 0 OK 32
Gamma_1 2 1 6223 0 0 38725729 0 OK 16
Gamma_1 2 1 6224 0 0 38738176 0 OK 17
Gamma_1 2 1 6225 0 0 38750625 0 OK 18
Gamma_1 2 1 6226 0 0 38763076 0 OK 31
Gamma_1 2 1 6227 0 0 38775529 0 OK 15
Gamma_1 2 1 6228 0 0 38787984 0 OK 17
Gamma_1 2 1 6229 0 0 38800441 0 OK 16
Gamma_1 2 1 6230 0 0 38812900 0 OK 15
Gamma_1 2 1 6231 0 0 38825361 0 OK 31
Gamma_1 2 1 6232 0 0 38837824 0 OK 18
Gamma_1 2 1 6233 0 0 38850289 0 OK 31
Gamma_1 2 1 6234 0 0 38862756 0 OK 17
Gamma_1 2 1 6235 0 0 38875225 0 OK 15
Gamma_1 2 1 6236 0 0 38887696 0 OK 32
Gamma_1 2 1 6237 0 0 38900169 0 OK 32
Gamma_1 2 1 6238 0 0 38912644 0 OK 17
Gamma_1 2 1 6239 0 0 38925121 0 OK 17
Gamma_1 2 1 6240 0 0 38937600 0 OK 32
Gamma_1 2 1 6241 0 0 38950081 0 OK 17
Gamma_1 2 1 6242 0 0 38962564 0 OK 16
Gamma_1 2 1 6243 0 0 38975049 0 OK 15
Gamma_1 2 1 6244 0 0 38987536 0 OK 17
Gamma_1 2 1 6245 0 0 39000025 0 OK 17
Gamma_1 2 1 6246 0 0 39012516 0 OK 16
Gamma_1 2 1 6247 0 0 39025009 0 OK 16
Gamma_1 2 1 6248 0 0 39037504 0 OK 30
Gamma_1 2 1 6249 0 0 39050001 0 OK 32
Gamma_1 2 1 6250 0 0 39062500 0 OK 17
Gamma_1 2 1 6251 0 0 39075001 0 OK 32
Gamma_1 2 1 6252 0 0 39087504 0 OK 16
Gamma_1 2 1 6253 0 0 39100009 0 OK 17
Gamma_1 2 1 6254 0 0 39112516 0 OK 17
Gamma_1 2 1 6255 0 0 39125025 0 OK 31
Gamma_1 2 1 6256 0 0 39137536 0 OK 32
Gamma_1 2 1 6257 0 0 39150049 0 OK 18
Gamma_1 2 1 6258 0 0 39162564 0 OK 31
Gamma_1 2 1 6259 0 0 39175081 0 OK 19
Gamma_1 2 1 6260 0 0 39187600 0 OK 33
Gamma_1 2 1 6261 0 0 39200121 0 OK 17
Gamma_1 2 1 6262 0 0 39212644 0 OK 17
Gamma_1 2 1 6263 0 0 39225169 0 OK 17
Gamma_1 2 1 6264 0 0 39237696 0 OK 16
Gamma_1 2 1 6265 0 0 39250225 0 OK 15
Gamma_1 2 1 6266 0 0 39262756 0 OK 19
Gamma_1 2 1 6267 0 0 39275289 0 OK 16
Gamma_1 2 1 6268 0 0 39287824 0 OK 16
Gamma_1 2 1 6269 0 0 39300361 0 OK 17
Gamma_1 2 1 6270 0 0 39312900 0 OK 15
Gamma_1 2 1 6271 0 0 39325441 0 OK 15
Gamma_1 2 1 6272 0 0 39337984 0 OK 32
Gamma_1 2 1 6273 0 0 39350529 0 OK 31
Gamma_1 2 1 6274 0 0 39363076 0 OK 31
Gamma_1 2 1 6275 0 0 39375625 0 OK 31
Gamma_1 2 1 6276 0 0 39388176 0 OK 16
Gamma_1 2 1 6277 0 0 39400729 0 OK 16
Gamma_1 2 1 6278 0 0 39413284 0 OK 16
Gamma_1 2 1 6279 0 0 39425841 0 OK 16
Gamma_1 2 1 6280 0 0 39438400 0 OK 32
Gamma_1 2 1 6281 0 0 39450961 0 OK 16
Gamma_1 2 1 6282 0 0 39463524 0 OK 16
Gamma_1 2 1 6283 0 0 39476089 0 OK 18
Gamma_1 2 1 6284 0 0 39488656 0 OK 17
Gamma_1 2 1 6285 0 0 39501225 0 OK 30
Gamma_1 2 1 6286 0 0 39513796 0 OK 32
Gamma_1 2 1 6287 0 0 39526369 0 OK 17
Gamma_1 2 1 6288 0 0 39538944 0 OK 30
Gamma_1 2 1 6289 0 0 39551521 0 OK 17
Gamma_1 2 1 6290 0 0 39564100 0 OK 15
Gamma_1 2 1 6291 0 0 39576681 0 OK 14
Gamma_1 2 1 6292 0 0 39589264 0 OK 15
Gamma_1 2 1 6293 0 0 39601849 0 OK 16
Gamma_1 2 1 6294 0 0 39614436 0 OK 31
Gamma_1 2 1 6295 0 0 39627025 0 OK 14
Gamma_1 2 1 6296 0 0 39639616 0 OK 30
Gamma_1 2 1 6297 0 0 39652209 0 OK 17
Gamma_1 2 1 6298 0 0 39664804 0 OK 16
Gamma_1 2 1 6299 0 0 39677401 0 OK 16
Gamma_1 2 1 6300 0 0 39690000 0 OK 15
Gamma_1 2 1 6301 0 0 39702601 0 OK 17
Gamma_1 2 1 6302 0 0 39715204 0 OK 16
Gamma_1 2 1 6303 0 0 39727809 0 OK 32
Gamma_1 2 1 6304 0 0 39740416 0 OK 16
Gamma_1 2 1 6305 0 0 39753025 0 OK 17
Gamma_1 2 1 6306 0 0 39765636 0 OK 17
Gamma_1 2 1 6307 0 0 39778249 0 OK 32
Gamma_1 2 1 6308 0 0 39790864 0 OK 17
Gamma_1 2 1 6309 0 0 39803481 0 OK 21
Gamma_1 2 1 6310 0 0 39816100 0 OK 16
Gamma_1 2 1 6311 0 0 39828721 0 OK 15
Gamma_1 2 1 6312 0 0 39841344 0 OK 16
Gamma_1 2 1 6313 0 0 39853969 0 OK 17
Gamma_1 2 1 6314 0 0 39866596 0 OK 16
Gamma_1 2 1 6315 0 0 39879225 0 OK 16
Gamma_1 2 1 6316 0 0 39891856 0 OK 17
Gamma_1 2 1 6317 0 0 39904489 0 OK 31
Gamma_1 2 1 6318 0 0 39917124 0 OK 17
Gamma_1 2 1 6319 0 0 39929761 0 OK 16
Gamma_1 2 1 6320 0 0 39942400 0 OK 32
Gamma_1 2 1 6321 0 0 39955041 0 OK 16
Gamma_1 2 1 6322 0 0 39967684 0 OK 17
Gamma_1 2 1 6323 0 0 39980329 0 OK 16
Gamma_1 2 1 6324 0 0 39992976 0 OK 16
Gamma_1 2 1 6325 0 0 40005625 0 OK 32
Gamma_1 2 1 6326 0 0 40018276 0 OK 17
Gamma_1 2 1 6327 0 0 40030929 0 OK 30
Gamma_1 2 1 6328 0 0 40043584 0 OK 30
Gamma_1 2 1 6329 0 0 40056241 0 OK 18
Gamma_1 2 1 6330 0 0 40068900 0 OK 16
Gamma_1 2 1 6331 0 0 40081561 0 OK 15
Gamma_1 2 1 6332 0 0 40094224 0 OK 31
Gamma_1 2 1 6333 0 0 40106889 0 OK 30
Gamma_1 2 1 6334 0 0 40119556 0 OK 17
Gamma_1 2 1 6335 0 0 40132225 0 OK 17
Gamma_1 2 1 6336 0 0 40144896 0 OK 32
Gamma_1 2 1 6337 0 0 40157569 0 OK 32
Gamma_1 2 1 6338 0 0 40170244 0 OK 17
Gamma_1 2 1 6339 0 0 40182921 0 OK 15
Gamma_1 2 1 6340 0 0 40195600 0 OK 18
Gamma_1 2 1 6341 0 0 40208281 0 OK 15
Gamma_1 2 1 6342 0 0 40220964 0 OK 17
Gamma_1 2 1 6343 0 0 40233649 0 OK 32
Gamma_1 2 1 6344 0 0 40246336 0 OK 18
Gamma_1 2 1 6345 0 0 40259025 0 OK 30
Gamma_1 2 1 6346 0 0 40271716 0 OK 30
Gamma_1 2 1 6347 0 0 40284409 0 OK 17
Gamma_1 2 1 6348 0 0 40297104 0 OK 17
Gamma_1 2 1 6349 0 0 40309801 0 OK 17
Gamma_1 2 1 6350 0 0 40322500 0 OK 31
Gamma_1 2 1 6351 0 0 40335201 0 OK 33
Gamma_1 2 1 6352 0 0 40347904 0 OK 18
Gamma_1 2 1 6353 0 0 40360609 0 OK 16
Gamma_1 2 1 6354 0 0 40373316 0 OK 15
Gamma_1 2 1 6355 0 0 40386025 0 OK 16
Gamma_1 2 1 6356 0 0 40398736 0 OK 18
Gamma_1 2 1 6357 0 0 40411449 0 OK 21
Gamma_1 2 1 6358 0 0 40424164 0 OK 17
Gamma_1 2 1 6359 0 0 40436881 0 OK 15
Gamma_1 2 1 6360 0 0 40449600 0 OK 16
Gamma_1 2 1 6361 0 0 40462321 0 OK 17
Gamma_1 2 1 6362 0 0 40475044 0 OK 32
Gamma_1 2 1 6363 0 0 40487769 0 OK 31
Gamma_1 2 1 6364 0 0 40500496 0 OK 31
Gamma_1 2 1 6365 0 0 40513225 0 OK 32
Gamma_1 2 1 6366 0 0 40525956 0 OK 16
Gamma_1 2 1 6367 0 0 40538689 0 OK 30
Gamma_1 2 1 6368 0 0 40551424 0 OK 17
Gamma_1 2 1 6369 0 0 40564161 0 OK 31
Gamma_1 2 1 6370 0 0 40576900 0 OK 17
Gamma_1 2 1 6371 0 0 40589641 0 OK 31
Gamma_1 2 1 6372 0 0 40602384 0 OK 17
Gamma_1 2 1 6373 0 0 40615129 0 OK 16
Gamma_1 2 1 6374 0 0 40627876 0 OK 16
Gamma_1 2 1 6375 0 0 40640625 0 OK 17
Gamma_1 2 1 6376 0 0 40653376 0 OK 32
Gamma_1 2 1 6377 0 0 40666129 0 OK 30
Gamma_1 2 1 6378 0 0 40678884 0 OK 31
Gamma_1 2 1 6379 0 0 40691641 0 OK 17
Gamma_1 2 1 6380 0 0 40704400 0 OK 17
Gamma_1 2 1 6381 0 0 40717161 0 OK 16
Gamma_1 2 1 6382 0 0 40729924 0 OK 31
Gamma_1 2 1 6383 0 0 40742689 0 OK 16
Gamma_1 2 1 6384 0 0 40755456 0 OK 17
Gamma_1 2 1 6385 0 0 40768225 0 OK 16
Gamma_1 2 1 6386 0 0 40780996 0 OK 17
Gamma_1 2 1 6387 0 0 40793769 0 OK 17
Gamma_1 2 1 6388 0 0 40806544 0 OK 16
Gamma_1 2 1 6389 0 0 40819321 0 OK 17
Gamma_1 2 1 6390 0 0 40832100 0 OK 34
Gamma_1 2 1 6391 0 0 40844881 0 OK 19
Gamma_1 2 1 6392 0 0 40857664 0 OK 16
Gamma_1 2 1 6393 0 0 40870449 0 OK 16
Gamma_1 2 1 6394 0 0 40883236 0 OK 16
Gamma_1 2 1 6395 0 0 40896025 0 OK 31
Gamma_1 2 1 6396 0 0 40908816 0 OK 18
Gamma_1 2 1 6397 0 0 40921609 0 OK 31
Gamma_1 2 1 6398 0 0 40934404 0 OK 31
Gamma_1 2 1 6399 0 0 40947201 0 OK 29
Gamma_1 2 1 6400 0 0 40960000 0 OK 16
Gamma_1 2 1 6401 0 0 40972801 0 OK 30
Gamma_1 2 1 6402 0 0 40985604 0 OK 18
Gamma_1 2 1 6403 0 0 40998409 0 OK 30
Gamma_1 2 1 6404 0 0 41011216 0 OK 17
Gamma_1 2 1 6405 0 0 41024025 0 OK 31
Gamma_1 2 1 6406 0 0 41036836 0 OK 31
Gamma_1 2 1 6407 0 0 41049649 0 OK 32
Gamma_1 2 1 6408 0 0 41062464 0 OK 17
Gamma_1 2 1 6409 0 0 41075281 0 OK 30
Gamma_1 2 1 6410 0 0 41088100 0 OK 30
Gamma_1 2 1 6411 0 0 41100921 0 OK 18
Gamma_1 2 1 6412 0 0 41113744 0 OK 17
Gamma_1 2 1 6413 0 0 41126569 0 OK 31
Gamma_1 2 1 6414 0 0 41139396 0 OK 17
Gamma_1 2 1 6415 0 0 41152225 0 OK 16
Gamma_1 2 1 6416 0 0 41165056 0 OK 17
Gamma_1 2 1 6417 0 0 41177889 0 OK 18
Gamma_1 2 1 6418 0 0 41190724 0 OK 31
Gamma_1 2 1 6419 0 0 41203561 0 OK 33
Gamma_1 2 1 6420 0 0 41216400 0 OK 18
Gamma_1 2 1 6421 0 0 41229241 0 OK 18
Gamma_1 2 1 6422 0 0 41242084 0 OK 16
Gamma_1 2 1 6423 0 0 41254929 0 OK 17
Gamma_1 2 1 6424 0 0 41267776 0 OK 17
Gamma_1 2 1 6425 0 0 41280625 0 OK 16
Gamma_1 2 1 6426 0 0 41293476 0 OK 17
Gamma_1 2 1 6427 0 0 41306329 0 OK 15
Gamma_1 2 1 6428 0 0 41319184 0 OK 35
Gamma_1 2 1 6429 0 0 41332041 0 OK 33
Gamma_1 2 1 6430 0 0 41344900 0 OK 29
Gamma_1 2 1 6431 0 0 41357761 0 OK 17
Gamma_1 2 1 6432 0 0 41370624 0 OK 17
Gamma_1 2 1 6433 0 0 41383489 0 OK 16
Gamma_1 2 1 6434 0 0 41396356 0 OK 18
Gamma_1 2 1 6435 0 0 41409225 0 OK 31
Gamma_1 2 1 6436 0 0 41422096 0 OK 18
Gamma_1 2 1 6437 0 0 41434969 0 OK 17
Gamma_1 2 1 6438 0 0 41447844 0 OK 32
Gamma_1 2 1 6439 0 0 41460721 0 OK 15
Gamma_1 2 1 6440 0 0 41473600 0 OK 17
Gamma_1 2 1 6441 0 0 41486481 0 OK 16
Gamma_1 2 1 6442 0 0 41499364 0 OK 30
Gamma_1 2 1 6443 0 0 41512249 0 OK 31
Gamma_1 2 1 6444 0 0 41525136 0 OK 18
Gamma_1 2 1 6445 0 0 41538025 0 OK 15
Gamma_1 2 1 6446 0 0 41550916 0 OK 32
Gamma_1 2 1 6447 0 0 41563809 0 OK 15
Gamma_1 2 1 6448 0 0 41576704 0 OK 18
Gamma_1 2 1 6449 0 0 41589601 0 OK 32
Gamma_1 2 1 6450 0 0 41602500 0 OK 16
Gamma_1 2 1 6451 0 0 41615401 0 OK 15
Gamma_1 2 1 6452 0 0 41628304 0 OK 16
Gamma_1 2 1 6453 0 0 41641209 0 OK 29
Gamma_1 2 1 6454 0 0 41654116 0 OK 16
Gamma_1 2 1 6455 0 0 41667025 0 OK 33
Gamma_1 2 1 6456 0 0 41679936 0 OK 17
Gamma_1 2 1 6457 0 0 41692849 0 OK 41
Gamma_1 2 1 6458 0 0 41705764 0 OK 16
Gamma_1 2 1 6459 0 0 41718681 0 OK 15
Gamma_1 2 1 6460 0 0 41731600 0 OK 31
Gamma_1 2 1 6461 0 0 41744521 0 OK 31
Gamma_1 2 1 6462 0 0 41757444 0 OK 18
Gamma_1 2 1 6463 0 0 41770369 0 OK 16
Gamma_1 2 1 6464 0 0 41783296 0 OK 31
Gamma_1 2 1 6465 0 0 41796225 0 OK 33
Gamma_1 2 1 6466 0 0 41809156 0 OK 17
Gamma_1 2 1 6467 0 0 41822089 0 OK 15
Gamma_1 2 1 6468 0 0 41835024 0 OK 16
Gamma_1 2 1 6469 0 0 41847961 0 OK 16
Gamma_1 2 1 6470 0 0 41860900 0 OK 31
Gamma_1 2 1 6471 0 0 41873841 0 OK 30
Gamma_1 2 1 6472 0 0 41886784 0 OK 29
Gamma_1 2 1 6473 0 0 41899729 0 OK 30
Gamma_1 2 1 6474 0 0 41912676 0 OK 31
Gamma_1 2 1 6475 0 0 41925625 0 OK 16
Gamma_1 2 1 6476 0 0 41938576 0 OK 17
Gamma_1 2 1 6477 0 0 41951529 0 OK 16
Gamma_1 2 1 6478 0 0 41964484 0 OK 30
Gamma_1 2 1 6479 0 0 41977441 0 OK 43
Gamma_1 2 1 6480 0 0 41990400 0 OK 30
Gamma_1 2 1 6481 0 0 42003361 0 OK 17
Gamma_1 2 1 6482 0 0 42016324 0 OK 16
Gamma_1 2 1 6483 0 0 42029289 0 OK 17
Gamma_1 2 1 6484 0 0 42042256 0 OK 17
Gamma_1 2 1 6485 0 0 42055225 0 OK 16
Gamma_1 2 1 6486 0 0 42068196 0 OK 16
Gamma_1 2 1 6487 0 0 42081169 0 OK 32
Gamma_1 2 1 6488 0 0 42094144 0 OK 17
Gamma_1 2 1 6489 0 0 42107121 0 OK 15
Gamma_1 2 1 6490 0 0 42120100 0 OK 17
Gamma_1 2 1 6491 0 0 42133081 0 OK 17
Gamma_1 2 1 6492 0 0 42146064 0 OK 16
Gamma_1 2 1 6493 0 0 42159049 0 OK 16
Gamma_1 2 1 6494 0 0 42172036 0 OK 31
Gamma_1 2 1 6495 0 0 42185025 0 OK 31
Gamma_1 2 1 6496 0 0 42198016 0 OK 16
Gamma_1 2 1 6497 0 0 42211009 0 OK 16
Gamma_1 2 1 6498 0 0 42224004 0 OK 15
Gamma_1 2 1 6499 0 0 42237001 0 OK 17
Gamma_1 2 1 6500 0 0 42250000 0 OK 29
Gamma_1 2 1 6501 0 0 42263001 0 OK 31
Gamma_1 2 1 6502 0 0 42276004 0 OK 29
Gamma_1 2 1 6503 0 0 42289009 0 OK 41
Gamma_1 2 1 6504 0 0 42302016 0 OK 30
Gamma_1 2 1 6505 0 0 42315025 0 OK 32
Gamma_1 2 1 6506 0 0 42328036 0 OK 17
Gamma_1 2 1 6507 0 0 42341049 0 OK 39
Gamma_1 2 1 6508 0 0 42354064 0 OK 17
Gamma_1 2 1 6509 0 0 42367081 0 OK 16
Gamma_1 2 1 6510 0 0 42380100 0 OK 29
Gamma_1 2 1 6511 0 0 42393121 0 OK 17
Gamma_1 2 1 6512 0 0 42406144 0 OK 18
Gamma_1 2 1 6513 0 0 42419169 0 OK 30
Gamma_1 2 1 6514 0 0 42432196 0 OK 17
Gamma_1 2 1 6515 0 0 42445225 0 OK 34
Gamma_1 2 1 6516 0 0 42458256 0 OK 32
Gamma_1 2 1 6517 0 0 42471289 0 OK 16
Gamma_1 2 1 6518 0 0 42484324 0 OK 16
Gamma_1 2 1 6519 0 0 42497361 0 OK 29
Gamma_1 2 1 6520 0 0 42510400 0 OK 31
Gamma_1 2 1 6521 0 0 42523441 0 OK 16
Gamma_1 2 1 6522 0 0 42536484 0 OK 29
Gamma_1 2 1 6523 0 0 42549529 0 OK 16
Gamma_1 2 1 6524 0 0 42562576 0 OK 31
Gamma_1 2 1 6525 0 0 42575625 0 OK 18
Gamma_1 2 1 6526 0 0 42588676 0 OK 16
Gamma_1 2 1 6527 0 0 42601729 0 OK 16
Gamma_1 2 1 6528 0 0 42614784 0 OK 17
Gamma_1 2 1 6529 0 0 42627841 0 OK 16
Gamma_1 2 1 6530 0 0 42640900 0 OK 17
Gamma_1 2 1 6531 0 0 42653961 0 OK 15
Gamma_1 2 1 6532 0 0 42667024 0 OK 16
Gamma_1 2 1 6533 0 0 42680089 0 OK 18
Gamma_1 2 1 6534 0 0 42693156 0 OK 33
Gamma_1 2 1 6535 0 0 42706225 0 OK 17
Gamma_1 2 1 6536 0 0 42719296 0 OK 18
Gamma_1 2 1 6537 0 0 42732369 0 OK 31
Gamma_1 2 1 6538 0 0 42745444 0 OK 16
Gamma_1 2 1 6539 0 0 42758521 0 OK 19
Gamma_1 2 1 6540 0 0 42771600 0 OK 31
Gamma_1 2 1 6541 0 0 42784681 0 OK 16
Gamma_1 2 1 6542 0 0 42797764 0 OK 30
Gamma_1 2 1 6543 0 0 42810849 0 OK 31
Gamma_1 2 1 6544 0 0 42823936 0 OK 18
Gamma_1 2 1 6545 0 0 42837025 0 OK 15
Gamma_1 2 1 6546 0 0 42850116 0 OK 15
Gamma_1 2 1 6547 0 0 42863209 0 OK 31
Gamma_1 2 1 6548 0 0 42876304 0 OK 17
Gamma_1 2 1 6549 0 0 42889401 0 OK 15
Gamma_1 2 1 6550 0 0 42902500 0 OK 16
Gamma_1 2 1 6551 0 0 42915601 0 OK 19
Gamma_1 2 1 6552 0 0 42928704 0 OK 16
Gamma_1 2 1 6553 0 0 42941809 0 OK 31
Gamma_1 2 1 6554 0 0 42954916 0 OK 16
Gamma_1 2 1 6555 0 0 42968025 0 OK 18
Gamma_1 2 1 6556 0 0 42981136 0 OK 18
Gamma_1 2 1 6557 0 0 42994249 0 OK 17
Gamma_1 2 1 6558 0 0 43007364 0 OK 32
Gamma_1 2 1 6559 0 0 43020481 0 OK 32
Gamma_1 2 1 6560 0 0 43033600 0 OK 17
Gamma_1 2 1 6561 0 0 43046721 0 OK 16
Gamma_1 2 1 6562 0 0 43059844 0 OK 16
Gamma_1 2 1 6563 0 0 43072969 0 OK 17
Gamma_1 2 1 6564 0 0 43086096 0 OK 17
Gamma_1 2 1 6565 0 0 43099225 0 OK 17
Gamma_1 2 1 6566 0 0 43112356 0 OK 31
Gamma_1 2 1 6567 0 0 43125489 0 OK 18
Gamma_1 2 1 6568 0 0 43138624 0 OK 16
Gamma_1 2 1 6569 0 0 43151761 0 OK 16
Gamma_1 2 1 6570 0 0 43164900 0 OK 17
Gamma_1 2 1 6571 0 0 43178041 0 OK 41
Gamma_1 2 1 6572 0 0 43191184 0 OK 17
Gamma_1 2 1 6573 0 0 43204329 0 OK 18
Gamma_1 2 1 6574 0 0 43217476 0 OK 15
Gamma_1 2 1 6575 0 0 43230625 0 OK 16
Gamma_1 2 1 6576 0 0 43243776 0 OK 16
Gamma_1 2 1 6577 0 0 43256929 0 OK 32
Gamma_1 2 1 6578 0 0 43270084 0 OK 30
Gamma_1 2 1 6579 0 0 43283241 0 OK 31
Gamma_1 2 1 6580 0 0 43296400 0 OK 16
Gamma_1 2 1 6581 0 0 43309561 0 OK 18
Gamma_1 2 1 6582 0 0 43322724 0 OK 30
Gamma_1 2 1 6583 0 0 43335889 0 OK 16
Gamma_1 2 1 6584 0 0 43349056 0 OK 31
Gamma_1 2 1 6585 0 0 43362225 0 OK 33
Gamma_1 2 1 6586 0 0 43375396 0 OK 22
Gamma_1 2 1 6587 0 0 43388569 0 OK 17
Gamma_1 2 1 6588 0 0 43401744 0 OK 31
Gamma_1 2 1 6589 0 0 43414921 0 OK 19
Gamma_1 2 1 6590 0 0 43428100 0 OK 16
Gamma_1 2 1 6591 0 0 43441281 0 OK 18
Gamma_1 2 1 6592 0 0 43454464 0 OK 18
Gamma_1 2 1 6593 0 0 43467649 0 OK 18
Gamma_1 2 1 6594 0 0 43480836 0 OK 31
Gamma_1 2 1 6595 0 0 43494025 0 OK 18
Gamma_1 2 1 6596 0 0 43507216 0 OK 32
Gamma_1 2 1 6597 0 0 43520409 0 OK 42
Gamma_1 2 1 6598 0 0 43533604 0 OK 18
Gamma_1 2 1 6599 0 0 43546801 0 OK 17
Gamma_1 2 1 6600 0 0 43560000 0 OK 31
Gamma_1 2 1 6601 0 0 43573201 0 OK 32
Gamma_1 2 1 6602 0 0 43586404 0 OK 31
Gamma_1 2 1 6603 0 0 43599609 0 OK 19
Gamma_1 2 1 6604 0 0 43612816 0 OK 42
Gamma_1 2 1 6605 0 0 43626025 0 OK 31
Gamma_1 2 1 6606 0 0 43639236 0 OK 17
Gamma_1 2 1 6607 0 0 43652449 0 OK 18
Gamma_1 2 1 6608 0 0 43665664 0 OK 31
Gamma_1 2 1 6609 0 0 43678881 0 OK 33
Gamma_1 2 1 6610 0 0 43692100 0 OK 32
Gamma_1 2 1 6611 0 0 43705321 0 OK 32
Gamma_1 2 1 6612 0 0 43718544 0 OK 16
Gamma_1 2 1 6613 0 0 43731769 0 OK 17
Gamma_1 2 1 6614 0 0 43744996 0 OK 16
Gamma_1 2 1 6615 0 0 43758225 0 OK 31
Gamma_1 2 1 6616 0 0 43771456 0 OK 16
Gamma_1 2 1 6617 0 0 43784689 0 OK 17
Gamma_1 2 1 6618 0 0 43797924 0 OK 17
Gamma_1 2 1 6619 0 0 43811161 0 OK 16
Gamma_1 2 1 6620 0 0 43824400 0 OK 16
Gamma_1 2 1 6621 0 0 43837641 0 OK 17
Gamma_1 2 1 6622 0 0 43850884 0 OK 15
Gamma_1 2 1 6623 0 0 43864129 0 OK 34
Gamma_1 2 1 6624 0 0 43877376 0 OK 30
Gamma_1 2 1 6625 0 0 43890625 0 OK 19
Gamma_1 2 1 6626 0 0 43903876 0 OK 30
Gamma_1 2 1 6627 0 0 43917129 0 OK 17
Gamma_1 2 1 6628 0 0 43930384 0 OK 31
Gamma_1 2 1 6629 0 0 43943641 0 OK 34
Gamma_1 2 1 6630 0 0 43956900 0 OK 17
Gamma_1 2 1 6631 0 0 43970161 0 OK 17
Gamma_1 2 1 6632 0 0 43983424 0 OK 33
Gamma_1 2 1 6633 0 0 43996689 0 OK 31
Gamma_1 2 1 6634 0 0 44009956 0 OK 17
Gamma_1 2 1 6635 0 0 44023225 0 OK 31
Gamma_1 2 1 6636 0 0 44036496 0 OK 18
Gamma_1 2 1 6637 0 0 44049769 0 OK 32
Gamma_1 2 1 6638 0 0 44063044 0 OK 31
Gamma_1 2 1 6639 0 0 44076321 0 OK 16
Gamma_1 2 1 6640 0 0 44089600 0 OK 31
Gamma_1 2 1 6641 0 0 44102881 0 OK 16
Gamma_1 2 1 6642 0 0 44116164 0 OK 31
Gamma_1 2 1 6643 0 0 44129449 0 OK 34
Gamma_1 2 1 6644 0 0 44142736 0 OK 33
Gamma_1 2 1 6645 0 0 44156025 0 OK 34
Gamma_1 2 1 6646 0 0 44169316 0 OK 17
Gamma_1 2 1 6647 0 0 44182609 0 OK 31
Gamma_1 2 1 6648 0 0 44195904 0 OK 17
Gamma_1 2 1 6649 0 0 44209201 0 OK 16
Gamma_1 2 1 6650 0 0 44222500 0 OK 30
Gamma_1 2 1 6651 0 0 44235801 0 OK 31
Gamma_1 2 1 6652 0 0 44249104 0 OK 17
Gamma_1 2 1 6653 0 0 44262409 0 OK 30
Gamma_1 2 1 6654 0 0 44275716 0 OK 16
Gamma_1 2 1 6655 0 0 44289025 0 OK 17
Gamma_1 2 1 6656 0 0 44302336 0 OK 31
Gamma_1 2 1 6657 0 0 44315649 0 OK 31
Gamma_1 2 1 6658 0 0 44328964 0 OK 17
Gamma_1 2 1 6659 0 0 44342281 0 OK 17
Gamma_1 2 1 6660 0 0 44355600 0 OK 30
Gamma_1 2 1 6661 0 0 44368921 0 OK 17
Gamma_1 2 1 6662 0 0 44382244 0 OK 16
Gamma_1 2 1 6663 0 0 44395569 0 OK 31
Gamma_1 2 1 6664 0 0 44408896 0 OK 16
Gamma_1 2 1 6665 0 0 44422225 0 OK 31
Gamma_1 2 1 6666 0 0 44435556 0 OK 16
Gamma_1 2 1 6667 0 0 44448889 0 OK 31
Gamma_1 2 1 6668 0 0 44462224 0 OK 31
Gamma_1 2 1 6669 0 0 44475561 0 OK 30
Gamma_1 2 1 6670 0 0 44488900 0 OK 16
Gamma_1 2 1 6671 0 0 44502241 0 OK 17
Gamma_1 2 1 6672 0 0 44515584 0 OK 16
Gamma_1 2 1 6673 0 0 44528929 0 OK 19
Gamma_1 2 1 6674 0 0 44542276 0 OK 30
Gamma_1 2 1 6675 0 0 44555625 0 OK 16
Gamma_1 2 1 6676 0 0 44568976 0 OK 31
Gamma_1 2 1 6677 0 0 44582329 0 OK 17
Gamma_1 2 1 6678 0 0 44595684 0 OK 16
Gamma_1 2 1 6679 0 0 44609041 0 OK 16
Gamma_1 2 1 6680 0 0 44622400 0 OK 29
Gamma_1 2 1 6681 0 0 44635761 0 OK 17
Gamma_1 2 1 6682 0 0 44649124 0 OK 18
Gamma_1 2 1 6683 0 0 44662489 0 OK 18
Gamma_1 2 1 6684 0 0 44675856 0 OK 19
Gamma_1 2 1 6685 0 0 44689225 0 OK 17
Gamma_1 2 1 6686 0 0 44702596 0 OK 32
Gamma_1 2 1 6687 0 0 44715969 0 OK 31
Gamma_1 2 1 6688 0 0 44729344 0 OK 32
Gamma_1 2 1 6689 0 0 44742721 0 OK 18
Gamma_1 2 1 6690 0 0 44756100 0 OK 16
Gamma_1 2 1 6691 0 0 44769481 0 OK 17
Gamma_1 2 1 6692 0 0 44782864 0 OK 17
Gamma_1 2 1 6693 0 0 44796249 0 OK 16
Gamma_1 2 1 6694 0 0 44809636 0 OK 16
Gamma_1 2 1 6695 0 0 44823025 0 OK 18
Gamma_1 2 1 6696 0 0 44836416 0 OK 16
Gamma_1 2 1 6697 0 0 44849809 0 OK 16
Gamma_1 2 1 6698 0 0 44863204 0 OK 17
Gamma_1 2 1 6699 0 0 44876601 0 OK 18
Gamma_1 2 1 6700 0 0 44890000 0 OK 31
Gamma_1 2 1 6701 0 0 44903401 0 OK 17
Gamma_1 2 1 6702 0 0 44916804 0 OK 16
Gamma_1 2 1 6703 0 0 44930209 0 OK 29
Gamma_1 2 1 6704 0 0 44943616 0 OK 17
Gamma_1 2 1 6705 0 0 44957025 0 OK 32
Gamma_1 2 1 6706 0 0 44970436 0 OK 17
Gamma_1 2 1 6707 0 0 44983849 0 OK 32
Gamma_1 2 1 6708 0 0 44997264 0 OK 31
Gamma_1 2 1 6709 0 0 45010681 0 OK 19
Gamma_1 2 1 6710 0 0 45024100 0 OK 17
Gamma_1 2 1 6711 0 0 45037521 0 OK 17
Gamma_1 2 1 6712 0 0 45050944 0 OK 16
Gamma_1 2 1 6713 0 0 45064369 0 OK 16
Gamma_1 2 1 6714 0 0 45077796 0 OK 16
Gamma_1 2 1 6715 0 0 45091225 0 OK 32
Gamma_1 2 1 6716 0 0 45104656 0 OK 17
Gamma_1 2 1 6717 0 0 45118089 0 OK 32
Gamma_1 2 1 6718 0 0 45131524 0 OK 31
Gamma_1 2 1 6719 0 0 45144961 0 OK 19
Gamma_1 2 1 6720 0 0 45158400 0 OK 32
Gamma_1 2 1 6721 0 0 45171841 0 OK 31
Gamma_1 2 1 6722 0 0 45185284 0 OK 17
Gamma_1 2 1 6723 0 0 45198729 0 OK 16
Gamma_1 2 1 6724 0 0 45212176 0 OK 31
Gamma_1 2 1 6725 0 0 45225625 0 OK 18
Gamma_1 2 1 6726 0 0 45239076 0 OK 15
Gamma_1 2 1 6727 0 0 45252529 0 OK 16
Gamma_1 2 1 6728 0 0 45265984 0 OK 29
Gamma_1 2 1 6729 0 0 45279441 0 OK 17
Gamma_1 2 1 6730 0 0 45292900 0 OK 31
Gamma_1 2 1 6731 0 0 45306361 0 OK 18
Gamma_1 2 1 6732 0 0 45319824 0 OK 16
Gamma_1 2 1 6733 0 0 45333289 0 OK 15
Gamma_1 2 1 6734 0 0 45346756 0 OK 16
Gamma_1 2 1 6735 0 0 45360225 0 OK 16
Gamma_1 2 1 6736 0 0 45373696 0 OK 17
Gamma_1 2 1 6737 0 0 45387169 0 OK 14
Gamma_1 2 1 6738 0 0 45400644 0 OK 16
Gamma_1 2 1 6739 0 0 45414121 0 OK 16
Gamma_1 2 1 6740 0 0 45427600 0 OK 30
Gamma_1 2 1 6741 0 0 45441081 0 OK 29
Gamma_1 2 1 6742 0 0 45454564 0 OK 14
Gamma_1 2 1 6743 0 0 45468049 0 OK 15
Gamma_1 2 1 6744 0 0 45481536 0 OK 16
Gamma_1 2 1 6745 0 0 45495025 0 OK 15
Gamma_1 2 1 6746 0 0 45508516 0 OK 29
Gamma_1 2 1 6747 0 0 45522009 0 OK 32
Gamma_1 2 1 6748 0 0 45535504 0 OK 16
Gamma_1 2 1 6749 0 0 45549001 0 OK 16
Gamma_1 2 1 6750 0 0 45562500 0 OK 16
Gamma_1 2 1 6751 0 0 45576001 0 OK 30
Gamma_1 2 1 6752 0 0 45589504 0 OK 17
Gamma_1 2 1 6753 0 0 45603009 0 OK 30
Gamma_1 2 1 6754 0 0 45616516 0 OK 31
Gamma_1 2 1 6755 0 0 45630025 0 OK 32
Gamma_1 2 1 6756 0 0 45643536 0 OK 16
Gamma_1 2 1 6757 0 0 45657049 0 OK 15
Gamma_1 2 1 6758 0 0 45670564 0 OK 30
Gamma_1 2 1 6759 0 0 45684081 0 OK 32
Gamma_1 2 1 6760 0 0 45697600 0 OK 16
Gamma_1 2 1 6761 0 0 45711121 0 OK 15
Gamma_1 2 1 6762 0 0 45724644 0 OK 30
Gamma_1 2 1 6763 0 0 45738169 0 OK 31
Gamma_1 2 1 6764 0 0 45751696 0 OK 30
Gamma_1 2 1 6765 0 0 45765225 0 OK 18
Gamma_1 2 1 6766 0 0 45778756 0 OK 32
Gamma_1 2 1 6767 0 0 45792289 0 OK 17
Gamma_1 2 1 6768 0 0 45805824 0 OK 31
Gamma_1 2 1 6769 0 0 45819361 0 OK 34
Gamma_1 2 1 6770 0 0 45832900 0 OK 17
Gamma_1 2 1 6771 0 0 45846441 0 OK 31
Gamma_1 2 1 6772 0 0 45859984 0 OK 17
Gamma_1 2 1 6773 0 0 45873529 0 OK 15
Gamma_1 2 1 6774 0 0 45887076 0 OK 30
Gamma_1 2 1 6775 0 0 45900625 0 OK 19
Gamma_1 2 1 6776 0 0 45914176 0 OK 31
Gamma_1 2 1 6777 0 0 45927729 0 OK 16
Gamma_1 2 1 6778 0 0 45941284 0 OK 35
Gamma_1 2 1 6779 0 0 45954841 0 OK 17
Gamma_1 2 1 6780 0 0 45968400 0 OK 16
Gamma_1 2 1 6781 0 0 45981961 0 OK 17
Gamma_1 2 1 6782 0 0 45995524 0 OK 17
Gamma_1 2 1 6783 0 0 46009089 0 OK 32
Gamma_1 2 1 6784 0 0 46022656 0 OK 19
Gamma_1 2 1 6785 0 0 46036225 0 OK 17
Gamma_1 2 1 6786 0 0 46049796 0 OK 17
Gamma_1 2 1 6787 0 0 46063369 0 OK 18
Gamma_1 2 1 6788 0 0 46076944 0 OK 16
Gamma_1 2 1 6789 0 0 46090521 0 OK 18
Gamma_1 2 1 6790 0 0 46104100 0 OK 15
Gamma_1 2 1 6791 0 0 46117681 0 OK 32
Gamma_1 2 1 6792 0 0 46131264 0 OK 31
Gamma_1 2 1 6793 0 0 46144849 0 OK 29
Gamma_1 2 1 6794 0 0 46158436 0 OK 17
Gamma_1 2 1 6795 0 0 46172025 0 OK 18
Gamma_1 2 1 6796 0 0 46185616 0 OK 16
Gamma_1 2 1 6797 0 0 46199209 0 OK 18
Gamma_1 2 1 6798 0 0 46212804 0 OK 17
Gamma_1 2 1 6799 0 0 46226401 0 OK 18
Gamma_1 2 1 6800 0 0 46240000 0 OK 32
Gamma_1 2 1 6801 0 0 46253601 0 OK 31
Gamma_1 2 1 6802 0 0 46267204 0 OK 32
Gamma_1 2 1 6803 0 0 46280809 0 OK 17
Gamma_1 2 1 6804 0 0 46294416 0 OK 18
Gamma_1 2 1 6805 0 0 46308025 0 OK 16
Gamma_1 2 1 6806 0 0 46321636 0 OK 17
Gamma_1 2 1 6807 0 0 46335249 0 OK 18
Gamma_1 2 1 6808 0 0 46348864 0 OK 16
Gamma_1 2 1 6809 0 0 46362481 0 OK 16
Gamma_1 2 1 6810 0 0 46376100 0 OK 29
Gamma_1 2 1 6811 0 0 46389721 0 OK 32
Gamma_1 2 1 6812 0 0 46403344 0 OK 17
Gamma_1 2 1 6813 0 0 46416969 0 OK 30
Gamma_1 2 1 6814 0 0 46430596 0 OK 33
Gamma_1 2 1 6815 0 0 46444225 0 OK 32
Gamma_1 2 1 6816 0 0 46457856 0 OK 30
Gamma_1 2 1 6817 0 0 46471489 0 OK 33
Gamma_1 2 1 6818 0 0 46485124 0 OK 16
Gamma_1 2 1 6819 0 0 46498761 0 OK 31
Gamma_1 2 1 6820 0 0 46512400 0 OK 16
Gamma_1 2 1 6821 0 0 46526041 0 OK 32
Gamma_1 2 1 6822 0 0 46539684 0 OK 17
Gamma_1 2 1 6823 0 0 46553329 0 OK 30
Gamma_1 2 1 6824 0 0 46566976 0 OK 17
Gamma_1 2 1 6825 0 0 46580625 0 OK 17
Gamma_1 2 1 6826 0 0 46594276 0 OK 29
Gamma_1 2 1 6827 0 0 46607929 0 OK 17
Gamma_1 2 1 6828 0 0 46621584 0 OK 18
Gamma_1 2 1 6829 0 0 46635241 0 OK 18
Gamma_1 2 1 6830 0 0 46648900 0 OK 31
Gamma_1 2 1 6831 0 0 46662561 0 OK 17
Gamma_1 2 1 6832 0 0 46676224 0 OK 16
Gamma_1 2 1 6833 0 0 46689889 0 OK 30
Gamma_1 2 1 6834 0 0 46703556 0 OK 17
Gamma_1 2 1 6835 0 0 46717225 0 OK 17
Gamma_1 2 1 6836 0 0 46730896 0 OK 15
Gamma_1 2 1 6837 0 0 46744569 0 OK 17
Gamma_1 2 1 6838 0 0 46758244 0 OK 16
Gamma_1 2 1 6839 0 0 46771921 0 OK 16
Gamma_1 2 1 6840 0 0 46785600 0 OK 16
Gamma_1 2 1 6841 0 0 46799281 0 OK 16
Gamma_1 2 1 6842 0 0 46812964 0 OK 15
Gamma_1 2 1 6843 0 0 46826649 0 OK 17
Gamma_1 2 1 6844 0 0 46840336 0 OK 17
Gamma_1 2 1 6845 0 0 46854025 0 OK 15
Gamma_1 2 1 6846 0 0 46867716 0 OK 15
Gamma_1 2 1 6847 0 0 46881409 0 OK 16
Gamma_1 2 1 6848 0 0 46895104 0 OK 29
Gamma_1 2 1 6849 0 0 46908801 0 OK 31
Gamma_1 2 1 6850 0 0 46922500 0 OK 31
Gamma_1 2 1 6851 0 0 46936201 0 OK 31
Gamma_1 2 1 6852 0 0 46949904 0 OK 29
Gamma_1 2 1 6853 0 0 46963609 0 OK 18
Gamma_1 2 1 6854 0 0 46977316 0 OK 31
Gamma_1 2 1 6855 0 0 46991025 0 OK 17
Gamma_1 2 1 6856 0 0 47004736 0 OK 18
Gamma_1 2 1 6857 0 0 47018449 0 OK 32
Gamma_1 2 1 6858 0 0 47032164 0 OK 16
Gamma_1 2 1 6859 0 0 47045881 0 OK 18
Gamma_1 2 1 6860 0 0 47059600 0 OK 17
Gamma_1 2 1 6861 0 0 47073321 0 OK 18
Gamma_1 2 1 6862 0 0 47087044 0 OK 18
Gamma_1 2 1 6863 0 0 47100769 0 OK 16
Gamma_1 2 1 6864 0 0 47114496 0 OK 16
Gamma_1 2 1 6865 0 0 47128225 0 OK 16
Gamma_1 2 1 6866 0 0 47141956 0 OK 18
Gamma_1 2 1 6867 0 0 47155689 0 OK 16
Gamma_1 2 1 6868 0 0 47169424 0 OK 16
Gamma_1 2 1 6869 0 0 47183161 0 OK 16
Gamma_1 2 1 6870 0 0 47196900 0 OK 15
Gamma_1 2 1 6871 0 0 47210641 0 OK 16
Gamma_1 2 1 6872 0 0 47224384 0 OK 17
Gamma_1 2 1 6873 0 0 47238129 0 OK 15
Gamma_1 2 1 6874 0 0 47251876 0 OK 16
Gamma_1 2 1 6875 0 0 47265625 0 OK 29
Gamma_1 2 1 6876 0 0 47279376 0 OK 30
Gamma_1 2 1 6877 0 0 47293129 0 OK 31
Gamma_1 2 1 6878 0 0 47306884 0 OK 16
Gamma_1 2 1 6879 0 0 47320641 0 OK 15
Gamma_1 2 1 6880 0 0 47334400 0 OK 18
Gamma_1 2 1 6881 0 0 47348161 0 OK 17
Gamma_1 2 1 6882 0 0 47361924 0 OK 16
Gamma_1 2 1 6883 0 0 47375689 0 OK 16
Gamma_1 2 1 6884 0 0 47389456 0 OK 17
Gamma_1 2 1 6885 0 0 47403225 0 OK 31
Gamma_1 2 1 6886 0 0 47416996 0 OK 17
Gamma_1 2 1 6887 0 0 47430769 0 OK 17
Gamma_1 2 1 6888 0 0 47444544 0 OK 16
Gamma_1 2 1 6889 0 0 47458321 0 OK 16
Gamma_1 2 1 6890 0 0 47472100 0 OK 30
Gamma_1 2 1 6891 0 0 47485881 0 OK 16
Gamma_1 2 1 6892 0 0 47499664 0 OK 16
Gamma_1 2 1 6893 0 0 47513449 0 OK 31
Gamma_1 2 1 6894 0 0 47527236 0 OK 33
Gamma_1 2 1 6895 0 0 47541025 0 OK 17
Gamma_1 2 1 6896 0 0 47554816 0 OK 30
Gamma_1 2 1 6897 0 0 47568609 0 OK 41
Gamma_1 2 1 6898 0 0 47582404 0 OK 30
Gamma_1 2 1 6899 0 0 47596201 0 OK 16
Gamma_1 2 1 6900 0 0 47610000 0 OK 15
Gamma_1 2 1 6901 0 0 47623801 0 OK 15
Gamma_1 2 1 6902 0 0 47637604 0 OK 31
Gamma_1 2 1 6903 0 0 47651409 0 OK 16
Gamma_1 2 1 6904 0 0 47665216 0 OK 17
Gamma_1 2 1 6905 0 0 47679025 0 OK 15
Gamma_1 2 1 6906 0 0 47692836 0 OK 16
Gamma_1 2 1 6907 0 0 47706649 0 OK 15
Gamma_1 2 1 6908 0 0 47720464 0 OK 15
Gamma_1 2 1 6909 0 0 47734281 0 OK 15
Gamma_1 2 1 6910 0 0 47748100 0 OK 32
Gamma_1 2 1 6911 0 0 47761921 0 OK 16
Gamma_1 2 1 6912 0 0 47775744 0 OK 31
Gamma_1 2 1 6913 0 0 47789569 0 OK 16
Gamma_1 2 1 6914 0 0 47803396 0 OK 17
Gamma_1 2 1 6915 0 0 47817225 0 OK 15
Gamma_1 2 1 6916 0 0 47831056 0 OK 16
Gamma_1 2 1 6917 0 0 47844889 0 OK 29
Gamma_1 2 1 6918 0 0 47858724 0 OK 16
Gamma_1 2 1 6919 0 0 47872561 0 OK 29
Gamma_1 2 1 6920 0 0 47886400 0 OK 15
Gamma_1 2 1 6921 0 0 47900241 0 OK 17
Gamma_1 2 1 6922 0 0 47914084 0 OK 15
Gamma_1 2 1 6923 0 0 47927929 0 OK 32
Gamma_1 2 1 6924 0 0 47941776 0 OK 17
Gamma_1 2 1 6925 0 0 47955625 0 OK 31
Gamma_1 2 1 6926 0 0 47969476 0 OK 17
Gamma_1 2 1 6927 0 0 47983329 0 OK 41
Gamma_1 2 1 6928 0 0 47997184 0 OK 41
Gamma_1 2 1 6929 0 0 48011041 0 OK 17
Gamma_1 2 1 6930 0 0 48024900 0 OK 14
Gamma_1 2 1 6931 0 0 48038761 0 OK 15
Gamma_1 2 1 6932 0 0 48052624 0 OK 15
Gamma_1 2 1 6933 0 0 48066489 0 OK 30
Gamma_1 2 1 6934 0 0 48080356 0 OK 17
Gamma_1 2 1 6935 0 0 48094225 0 OK 29
Gamma_1 2 1 6936 0 0 48108096 0 OK 34
Gamma_1 2 1 6937 0 0 48121969 0 OK 16
Gamma_1 2 1 6938 0 0 48135844 0 OK 17
Gamma_1 2 1 6939 0 0 48149721 0 OK 31
Gamma_1 2 1 6940 0 0 48163600 0 OK 17
Gamma_1 2 1 6941 0 0 48177481 0 OK 30
Gamma_1 2 1 6942 0 0 48191364 0 OK 17
Gamma_1 2 1 6943 0 0 48205249 0 OK 31
Gamma_1 2 1 6944 0 0 48219136 0 OK 18
Gamma_1 2 1 6945 0 0 48233025 0 OK 16
Gamma_1 2 1 6946 0 0 48246916 0 OK 30
Gamma_1 2 1 6947 0 0 48260809 0 OK 16
Gamma_1 2 1 6948 0 0 48274704 0 OK 31
Gamma_1 2 1 6949 0 0 48288601 0 OK 42
Gamma_1 2 1 6950 0 0 48302500 0 OK 16
Gamma_1 2 1 6951 0 0 48316401 0 OK 16
Gamma_1 2 1 6952 0 0 48330304 0 OK 16
Gamma_1 2 1 6953 0 0 48344209 0 OK 16
Gamma_1 2 1 6954 0 0 48358116 0 OK 15
Gamma_1 2 1 6955 0 0 48372025 0 OK 19
Gamma_1 2 1 6956 0 0 48385936 0 OK 43
Gamma_1 2 1 6957 0 0 48399849 0 OK 16
Gamma_1 2 1 6958 0 0 48413764 0 OK 32
Gamma_1 2 1 6959 0 0 48427681 0 OK 18
Gamma_1 2 1 6960 0 0 48441600 0 OK 17
Gamma_1 2 1 6961 0 0 48455521 0 OK 32
Gamma_1 2 1 6962 0 0 48469444 0 OK 18
Gamma_1 2 1 6963 0 0 48483369 0 OK 19
Gamma_1 2 1 6964 0 0 48497296 0 OK 18
Gamma_1 2 1 6965 0 0 48511225 0 OK 16
Gamma_1 2 1 6966 0 0 48525156 0 OK 31
Gamma_1 2 1 6967 0 0 48539089 0 OK 17
Gamma_1 2 1 6968 0 0 48553024 0 OK 16
Gamma_1 2 1 6969 0 0 48566961 0 OK 17
Gamma_1 2 1 6970 0 0 48580900 0 OK 34
Gamma_1 2 1 6971 0 0 48594841 0 OK 18
Gamma_1 2 1 6972 0 0 48608784 0 OK 18
Gamma_1 2 1 6973 0 0 48622729 0 OK 32
Gamma_1 2 1 6974 0 0 48636676 0 OK 17
Gamma_1 2 1 6975 0 0 48650625 0 OK 18
Gamma_1 2 1 6976 0 0 48664576 0 OK 18
Gamma_1 2 1 6977 0 0 48678529 0 OK 30
Gamma_1 2 1 6978 0 0 48692484 0 OK 19
Gamma_1 2 1 6979 0 0 48706441 0 OK 30
Gamma_1 2 1 6980 0 0 48720400 0 OK 33
Gamma_1 2 1 6981 0 0 48734361 0 OK 30
Gamma_1 2 1 6982 0 0 48748324 0 OK 17
Gamma_1 2 1 6983 0 0 48762289 0 OK 31
Gamma_1 2 1 6984 0 0 48776256 0 OK 19
Gamma_1 2 1 6985 0 0 48790225 0 OK 16
Gamma_1 2 1 6986 0 0 48804196 0 OK 17
Gamma_1 2 1 6987 0 0 48818169 0 OK 18
Gamma_1 2 1 6988 0 0 48832144 0 OK 17
Gamma_1 2 1 6989 0 0 48846121 0 OK 17
Gamma_1 2 1 6990 0 0 48860100 0 OK 33
Gamma_1 2 1 6991 0 0 48874081 0 OK 31
Gamma_1 2 1 6992 0 0 48888064 0 OK 18
Gamma_1 2 1 6993 0 0 48902049 0 OK 17
Gamma_1 2 1 6994 0 0 48916036 0 OK 16
Gamma_1 2 1 6995 0 0 48930025 0 OK 16
Gamma_1 2 1 6996 0 0 48944016 0 OK 17
Gamma_1 2 1 6997 0 0 48958009 0 OK 16
Gamma_1 2 1 6998 0 0 48972004 0 OK 17
Gamma_1 2 1 6999 0 0 48986001 0 OK 32
Gamma_1 2 1 7000 0 0 49000000 0 OK 17
Gamma_1 2 1 7001 0 0 49014001 0 OK 19
Gamma_1 2 1 7002 0 0 49028004 0 OK 18
Gamma_1 2 1 7003 0 0 49042009 0 OK 17
Gamma_1 2 1 7004 0 0 49056016 0 OK 17
Gamma_1 2 1 7005 0 0 49070025 0 OK 17
Gamma_1 2 1 7006 0 0 49084036 0 OK 16
Gamma_1 2 1 7007 0 0 49098049 0 OK 16
Gamma_1 2 1 7008 0 0 49112064 0 OK 30
Gamma_1 2 1 7009 0 0 49126081 0 OK 34
Gamma_1 2 1 7010 0 0 49140100 0 OK 17
Gamma_1 2 1 7011 0 0 49154121 0 OK 33
Gamma_1 2 1 7012 0 0 49168144 0 OK 17
Gamma_1 2 1 7013 0 0 49182169 0 OK 30
Gamma_1 2 1 7014 0 0 49196196 0 OK 31
Gamma_1 2 1 7015 0 0 49210225 0 OK 17
Gamma_1 2 1 7016 0 0 49224256 0 OK 17
Gamma_1 2 1 7017 0 0 49238289 0 OK 31
Gamma_1 2 1 7018 0 0 49252324 0 OK 32
Gamma_1 2 1 7019 0 0 49266361 0 OK 17
Gamma_1 2 1 7020 0 0 49280400 0 OK 16
Gamma_1 2 1 7021 0 0 49294441 0 OK 29
Gamma_1 2 1 7022 0 0 49308484 0 OK 18
Gamma_1 2 1 7023 0 0 49322529 0 OK 18
Gamma_1 2 1 7024 0 0 49336576 0 OK 17
Gamma_1 2 1 7025 0 0 49350625 0 OK 16
Gamma_1 2 1 7026 0 0 49364676 0 OK 18
Gamma_1 2 1 7027 0 0 49378729 0 OK 31
Gamma_1 2 1 7028 0 0 49392784 0 OK 18
Gamma_1 2 1 7029 0 0 49406841 0 OK 42
Gamma_1 2 1 7030 0 0 49420900 0 OK 34
Gamma_1 2 1 7031 0 0 49434961 0 OK 31
Gamma_1 2 1 7032 0 0 49449024 0 OK 18
Gamma_1 2 1 7033 0 0 49463089 0 OK 31
Gamma_1 2 1 7034 0 0 49477156 0 OK 20
Gamma_1 2 1 7035 0 0 49491225 0 OK 17
Gamma_1 2 1 7036 0 0 49505296 0 OK 34
Gamma_1 2 1 7037 0 0 49519369 0 OK 17
Gamma_1 2 1 7038 0 0 49533444 0 OK 18
Gamma_1 2 1 7039 0 0 49547521 0 OK 16
Gamma_1 2 1 7040 0 0 49561600 0 OK 17
Gamma_1 2 1 7041 0 0 49575681 0 OK 16
Gamma_1 2 1 7042 0 0 49589764 0 OK 18
Gamma_1 2 1 7043 0 0 49603849 0 OK 43
Gamma_1 2 1 7044 0 0 49617936 0 OK 34
Gamma_1 2 1 7045 0 0 49632025 0 OK 17
Gamma_1 2 1 7046 0 0 49646116 0 OK 17
Gamma_1 2 1 7047 0 0 49660209 0 OK 16
Gamma_1 2 1 7048 0 0 49674304 0 OK 18
Gamma_1 2 1 7049 0 0 49688401 0 OK 17
Gamma_1 2 1 7050 0 0 49702500 0 OK 17
Gamma_1 2 1 7051 0 0 49716601 0 OK 16
Gamma_1 2 1 7052 0 0 49730704 0 OK 42
Gamma_1 2 1 7053 0 0 49744809 0 OK 32
Gamma_1 2 1 7054 0 0 49758916 0 OK 31
Gamma_1 2 1 7055 0 0 49773025 0 OK 31
Gamma_1 2 1 7056 0 0 49787136 0 OK 16
Gamma_1 2 1 7057 0 0 49801249 0 OK 31
Gamma_1 2 1 7058 0 0 49815364 0 OK 17
Gamma_1 2 1 7059 0 0 49829481 0 OK 31
Gamma_1 2 1 7060 0 0 49843600 0 OK 18
Gamma_1 2 1 7061 0 0 49857721 0 OK 15
Gamma_1 2 1 7062 0 0 49871844 0 OK 17
Gamma_1 2 1 7063 0 0 49885969 0 OK 30
Gamma_1 2 1 7064 0 0 49900096 0 OK 32
Gamma_1 2 1 7065 0 0 49914225 0 OK 16
Gamma_1 2 1 7066 0 0 49928356 0 OK 16
Gamma_1 2 1 7067 0 0 49942489 0 OK 16
Gamma_1 2 1 7068 0 0 49956624 0 OK 16
Gamma_1 2 1 7069 0 0 49970761 0 OK 31
Gamma_1 2 1 7070 0 0 49984900 0 OK 19
Gamma_1 2 1 7071 0 0 49999041 0 OK 16
Gamma_1 2 1 7072 0 0 50013184 0 OK 17
Gamma_1 2 1 7073 0 0 50027329 0 OK 17
Gamma_1 2 1 7074 0 0 50041476 0 OK 32
Gamma_1 2 1 7075 0 0 50055625 0 OK 16
Gamma_1 2 1 7076 0 0 50069776 0 OK 18
Gamma_1 2 1 7077 0 0 50083929 0 OK 31
Gamma_1 2 1 7078 0 0 50098084 0 OK 18
Gamma_1 2 1 7079 0 0 50112241 0 OK 17
Gamma_1 2 1 7080 0 0 50126400 0 OK 30
Gamma_1 2 1 7081 0 0 50140561 0 OK 16
Gamma_1 2 1 7082 0 0 50154724 0 OK 17
Gamma_1 2 1 7083 0 0 50168889 0 OK 31
Gamma_1 2 1 7084 0 0 50183056 0 OK 17
Gamma_1 2 1 7085 0 0 50197225 0 OK 17
Gamma_1 2 1 7086 0 0 50211396 0 OK 16
Gamma_1 2 1 7087 0 0 50225569 0 OK 14
Gamma_1 2 1 7088 0 0 50239744 0 OK 42
Gamma_1 2 1 7089 0 0 50253921 0 OK 17
Gamma_1 2 1 7090 0 0 50268100 0 OK 16
Gamma_1 2 1 7091 0 0 50282281 0 OK 29
Gamma_1 2 1 7092 0 0 50296464 0 OK 22
Gamma_1 2 1 7093 0 0 50310649 0 OK 16
Gamma_1 2 1 7094 0 0 50324836 0 OK 17
Gamma_1 2 1 7095 0 0 50339025 0 OK 33
Gamma_1 2 1 7096 0 0 50353216 0 OK 32
Gamma_1 2 1 7097 0 0 50367409 0 OK 17
Gamma_1 2 1 7098 0 0 50381604 0 OK 16
Gamma_1 2 1 7099 0 0 50395801 0 OK 16
Gamma_1 2 1 7100 0 0 50410000 0 OK 17
Gamma_1 2 1 7101 0 0 50424201 0 OK 32
Gamma_1 2 1 7102 0 0 50438404 0 OK 16
Gamma_1 2 1 7103 0 0 50452609 0 OK 17
Gamma_1 2 1 7104 0 0 50466816 0 OK 16
Gamma_1 2 1 7105 0 0 50481025 0 OK 17
Gamma_1 2 1 7106 0 0 50495236 0 OK 19
Gamma_1 2 1 7107 0 0 50509449 0 OK 16
Gamma_1 2 1 7108 0 0 50523664 0 OK 31
Gamma_1 2 1 7109 0 0 50537881 0 OK 18
Gamma_1 2 1 7110 0 0 50552100 0 OK 18
Gamma_1 2 1 7111 0 0 50566321 0 OK 17
Gamma_1 2 1 7112 0 0 50580544 0 OK 18
Gamma_1 2 1 7113 0 0 50594769 0 OK 30
Gamma_1 2 1 7114 0 0 50608996 0 OK 17
Gamma_1 2 1 7115 0 0 50623225 0 OK 16
Gamma_1 2 1 7116 0 0 50637456 0 OK 18
Gamma_1 2 1 7117 0 0 50651689 0 OK 15
Gamma_1 2 1 7118 0 0 50665924 0 OK 17
Gamma_1 2 1 7119 0 0 50680161 0 OK 30
Gamma_1 2 1 7120 0 0 50694400 0 OK 15
Gamma_1 2 1 7121 0 0 50708641 0 OK 19
Gamma_1 2 1 7122 0 0 50722884 0 OK 16
Gamma_1 2 1 7123 0 0 50737129 0 OK 32
Gamma_1 2 1 7124 0 0 50751376 0 OK 15
Gamma_1 2 1 7125 0 0 50765625 0 OK 17
Gamma_1 2 1 7126 0 0 50779876 0 OK 18
Gamma_1 2 1 7127 0 0 50794129 0 OK 18
Gamma_1 2 1 7128 0 0 50808384 0 OK 17
Gamma_1 2 1 7129 0 0 50822641 0 OK 17
Gamma_1 2 1 7130 0 0 50836900 0 OK 16
Gamma_1 2 1 7131 0 0 50851161 0 OK 40
Gamma_1 2 1 7132 0 0 50865424 0 OK 31
Gamma_1 2 1 7133 0 0 50879689 0 OK 17
Gamma_1 2 1 7134 0 0 50893956 0 OK 30
Gamma_1 2 1 7135 0 0 50908225 0 OK 17
Gamma_1 2 1 7136 0 0 50922496 0 OK 32
Gamma_1 2 1 7137 0 0 50936769 0 OK 17
Gamma_1 2 1 7138 0 0 50951044 0 OK 16
Gamma_1 2 1 7139 0 0 50965321 0 OK 16
Gamma_1 2 1 7140 0 0 50979600 0 OK 16
Gamma_1 2 1 7141 0 0 50993881 0 OK 16
Gamma_1 2 1 7142 0 0 51008164 0 OK 34
Gamma_1 2 1 7143 0 0 51022449 0 OK 17
Gamma_1 2 1 7144 0 0 51036736 0 OK 31
Gamma_1 2 1 7145 0 0 51051025 0 OK 17
Gamma_1 2 1 7146 0 0 51065316 0 OK 15
Gamma_1 2 1 7147 0 0 51079609 0 OK 17
Gamma_1 2 1 7148 0 0 51093904 0 OK 33
Gamma_1 2 1 7149 0 0 51108201 0 OK 18
Gamma_1 2 1 7150 0 0 51122500 0 OK 17
Gamma_1 2 1 7151 0 0 51136801 0 OK 31
Gamma_1 2 1 7152 0 0 51151104 0 OK 34
Gamma_1 2 1 7153 0 0 51165409 0 OK 18
Gamma_1 2 1 7154 0 0 51179716 0 OK 32
Gamma_1 2 1 7155 0 0 51194025 0 OK 33
Gamma_1 2 1 7156 0 0 51208336 0 OK 15
Gamma_1 2 1 7157 0 0 51222649 0 OK 31
Gamma_1 2 1 7158 0 0 51236964 0 OK 17
Gamma_1 2 1 7159 0 0 51251281 0 OK 31
Gamma_1 2 1 7160 0 0 51265600 0 OK 17
Gamma_1 2 1 7161 0 0 51279921 0 OK 17
Gamma_1 2 1 7162 0 0 51294244 0 OK 17
Gamma_1 2 1 7163 0 0 51308569 0 OK 17
Gamma_1 2 1 7164 0 0 51322896 0 OK 16
Gamma_1 2 1 7165 0 0 51337225 0 OK 17
Gamma_1 2 1 7166 0 0 51351556 0 OK 18
Gamma_1 2 1 7167 0 0 51365889 0 OK 16
Gamma_1 2 1 7168 0 0 51380224 0 OK 18
Gamma_1 2 1 7169 0 0 51394561 0 OK 17
Gamma_1 2 1 7170 0 0 51408900 0 OK 43
Gamma_1 2 1 7171 0 0 51423241 0 OK 18
Gamma_1 2 1 7172 0 0 51437584 0 OK 16
Gamma_1 2 1 7173 0 0 51451929 0 OK 17
Gamma_1 2 1 7174 0 0 51466276 0 OK 18
Gamma_1 2 1 7175 0 0 51480625 0 OK 16
Gamma_1 2 1 7176 0 0 51494976 0 OK 16
Gamma_1 2 1 7177 0 0 51509329 0 OK 15
Gamma_1 2 1 7178 0 0 51523684 0 OK 17
Gamma_1 2 1 7179 0 0 51538041 0 OK 16
Gamma_1 2 1 7180 0 0 51552400 0 OK 17
Gamma_1 2 1 7181 0 0 51566761 0 OK 43
Gamma_1 2 1 7182 0 0 51581124 0 OK 17
Gamma_1 2 1 7183 0 0 51595489 0 OK 17
Gamma_1 2 1 7184 0 0 51609856 0 OK 33
Gamma_1 2 1 7185 0 0 51624225 0 OK 18
Gamma_1 2 1 7186 0 0 51638596 0 OK 16
Gamma_1 2 1 7187 0 0 51652969 0 OK 16
Gamma_1 2 1 7188 0 0 51667344 0 OK 18
Gamma_1 2 1 7189 0 0 51681721 0 OK 17
Gamma_1 2 1 7190 0 0 51696100 0 OK 16
Gamma_1 2 1 7191 0 0 51710481 0 OK 19
Gamma_1 2 1 7192 0 0 51724864 0 OK 16
Gamma_1 2 1 7193 0 0 51739249 0 OK 32
Gamma_1 2 1 7194 0 0 51753636 0 OK 15
Gamma_1 2 1 7195 0 0 51768025 0 OK 15
Gamma_1 2 1 7196 0 0 51782416 0 OK 15
Gamma_1 2 1 7197 0 0 51796809 0 OK 31
Gamma_1 2 1 7198 0 0 51811204 0 OK 17
Gamma_1 2 1 7199 0 0 51825601 0 OK 17
Gamma_1 2 1 7200 0 0 51840000 0 OK 31
Gamma_1 2 1 7201 0 0 51854401 0 OK 17
Gamma_1 2 1 7202 0 0 51868804 0 OK 16
Gamma_1 2 1 7203 0 0 51883209 0 OK 16
Gamma_1 2 1 7204 0 0 51897616 0 OK 16
Gamma_1 2 1 7205 0 0 51912025 0 OK 33
Gamma_1 2 1 7206 0 0 51926436 0 OK 16
Gamma_1 2 1 7207 0 0 51940849 0 OK 31
Gamma_1 2 1 7208 0 0 51955264 0 OK 17
Gamma_1 2 1 7209 0 0 51969681 0 OK 16
Gamma_1 2 1 7210 0 0 51984100 0 OK 30
Gamma_1 2 1 7211 0 0 51998521 0 OK 19
Gamma_1 2 1 7212 0 0 52012944 0 OK 17
Gamma_1 2 1 7213 0 0 52027369 0 OK 31
Gamma_1 2 1 7214 0 0 52041796 0 OK 16
Gamma_1 2 1 7215 0 0 52056225 0 OK 16
Gamma_1 2 1 7216 0 0 52070656 0 OK 15
Gamma_1 2 1 7217 0 0 52085089 0 OK 17
Gamma_1 2 1 7218 0 0 52099524 0 OK 17
Gamma_1 2 1 7219 0 0 52113961 0 OK 32
Gamma_1 2 1 7220 0 0 52128400 0 OK 31
Gamma_1 2 1 7221 0 0 52142841 0 OK 17
Gamma_1 2 1 7222 0 0 52157284 0 OK 17
Gamma_1 2 1 7223 0 0 52171729 0 OK 17
Gamma_1 2 1 7224 0 0 52186176 0 OK 17
Gamma_1 2 1 7225 0 0 52200625 0 OK 31
Gamma_1 2 1 7226 0 0 52215076 0 OK 30
Gamma_1 2 1 7227 0 0 52229529 0 OK 17
Gamma_1 2 1 7228 0 0 52243984 0 OK 16
Gamma_1 2 1 7229 0 0 52258441 0 OK 16
Gamma_1 2 1 7230 0 0 52272900 0 OK 29
Gamma_1 2 1 7231 0 0 52287361 0 OK 30
Gamma_1 2 1 7232 0 0 52301824 0 OK 16
Gamma_1 2 1 7233 0 0 52316289 0 OK 18
Gamma_1 2 1 7234 0 0 52330756 0 OK 31
Gamma_1 2 1 7235 0 0 52345225 0 OK 17
Gamma_1 2 1 7236 0 0 52359696 0 OK 17
Gamma_1 2 1 7237 0 0 52374169 0 OK 17
Gamma_1 2 1 7238 0 0 52388644 0 OK 15
Gamma_1 2 1 7239 0 0 52403121 0 OK 33
Gamma_1 2 1 7240 0 0 52417600 0 OK 31
Gamma_1 2 1 7241 0 0 52432081 0 OK 16
Gamma_1 2 1 7242 0 0 52446564 0 OK 15
Gamma_1 2 1 7243 0 0 52461049 0 OK 28
Gamma_1 2 1 7244 0 0 52475536 0 OK 31
Gamma_1 2 1 7245 0 0 52490025 0 OK 16
Gamma_1 2 1 7246 0 0 52504516 0 OK 29
Gamma_1 2 1 7247 0 0 52519009 0 OK 16
Gamma_1 2 1 7248 0 0 52533504 0 OK 33
Gamma_1 2 1 7249 0 0 52548001 0 OK 17
Gamma_1 2 1 7250 0 0 52562500 0 OK 18
Gamma_1 2 1 7251 0 0 52577001 0 OK 30
Gamma_1 2 1 7252 0 0 52591504 0 OK 17
Gamma_1 2 1 7253 0 0 52606009 0 OK 29
Gamma_1 2 1 7254 0 0 52620516 0 OK 30
Gamma_1 2 1 7255 0 0 52635025 0 OK 18
Gamma_1 2 1 7256 0 0 52649536 0 OK 29
Gamma_1 2 1 7257 0 0 52664049 0 OK 30
Gamma_1 2 1 7258 0 0 52678564 0 OK 32
Gamma_1 2 1 7259 0 0 52693081 0 OK 18
Gamma_1 2 1 7260 0 0 52707600 0 OK 17
Gamma_1 2 1 7261 0 0 52722121 0 OK 16
Gamma_1 2 1 7262 0 0 52736644 0 OK 17
Gamma_1 2 1 7263 0 0 52751169 0 OK 19
Gamma_1 2 1 7264 0 0 52765696 0 OK 30
Gamma_1 2 1 7265 0 0 52780225 0 OK 19
Gamma_1 2 1 7266 0 0 52794756 0 OK 16
Gamma_1 2 1 7267 0 0 52809289 0 OK 31
Gamma_1 2 1 7268 0 0 52823824 0 OK 31
Gamma_1 2 1 7269 0 0 52838361 0 OK 31
Gamma_1 2 1 7270 0 0 52852900 0 OK 15
Gamma_1 2 1 7271 0 0 52867441 0 OK 30
Gamma_1 2 1 7272 0 0 52881984 0 OK 17
Gamma_1 2 1 7273 0 0 52896529 0 OK 17
Gamma_1 2 1 7274 0 0 52911076 0 OK 17
Gamma_1 2 1 7275 0 0 52925625 0 OK 16
Gamma_1 2 1 7276 0 0 52940176 0 OK 31
Gamma_1 2 1 7277 0 0 52954729 0 OK 18
Gamma_1 2 1 7278 0 0 52969284 0 OK 30
Gamma_1 2 1 7279 0 0 52983841 0 OK 32
Gamma_1 2 1 7280 0 0 52998400 0 OK 17
Gamma_1 2 1 7281 0 0 53012961 0 OK 17
Gamma_1 2 1 7282 0 0 53027524 0 OK 16
Gamma_1 2 1 7283 0 0 53042089 0 OK 18
Gamma_1 2 1 7284 0 0 53056656 0 OK 17
Gamma_1 2 1 7285 0 0 53071225 0 OK 42
Gamma_1 2 1 7286 0 0 53085796 0 OK 32
Gamma_1 2 1 7287 0 0 53100369 0 OK 32
Gamma_1 2 1 7288 0 0 53114944 0 OK 16
Gamma_1 2 1 7289 0 0 53129521 0 OK 16
Gamma_1 2 1 7290 0 0 53144100 0 OK 16
Gamma_1 2 1 7291 0 0 53158681 0 OK 31
Gamma_1 2 1 7292 0 0 53173264 0 OK 17
Gamma_1 2 1 7293 0 0 53187849 0 OK 16
Gamma_1 2 1 7294 0 0 53202436 0 OK 16
Gamma_1 2 1 7295 0 0 53217025 0 OK 18
Gamma_1 2 1 7296 0 0 53231616 0 OK 32
Gamma_1 2 1 7297 0 0 53246209 0 OK 17
Gamma_1 2 1 7298 0 0 53260804 0 OK 16
Gamma_1 2 1 7299 0 0 53275401 0 OK 31
Gamma_1 2 1 7300 0 0 53290000 0 OK 31
Gamma_1 2 1 7301 0 0 53304601 0 OK 17
Gamma_1 2 1 7302 0 0 53319204 0 OK 31
Gamma_1 2 1 7303 0 0 53333809 0 OK 32
Gamma_1 2 1 7304 0 0 53348416 0 OK 30
Gamma_1 2 1 7305 0 0 53363025 0 OK 18
Gamma_1 2 1 7306 0 0 53377636 0 OK 31
Gamma_1 2 1 7307 0 0 53392249 0 OK 17
Gamma_1 2 1 7308 0 0 53406864 0 OK 16
Gamma_1 2 1 7309 0 0 53421481 0 OK 30
Gamma_1 2 1 7310 0 0 53436100 0 OK 16
Gamma_1 2 1 7311 0 0 53450721 0 OK 17
Gamma_1 2 1 7312 0 0 53465344 0 OK 18
Gamma_1 2 1 7313 0 0 53479969 0 OK 15
Gamma_1 2 1 7314 0 0 53494596 0 OK 16
Gamma_1 2 1 7315 0 0 53509225 0 OK 16
Gamma_1 2 1 7316 0 0 53523856 0 OK 17
Gamma_1 2 1 7317 0 0 53538489 0 OK 17
Gamma_1 2 1 7318 0 0 53553124 0 OK 17
Gamma_1 2 1 7319 0 0 53567761 0 OK 17
Gamma_1 2 1 7320 0 0 53582400 0 OK 15
Gamma_1 2 1 7321 0 0 53597041 0 OK 31
Gamma_1 2 1 7322 0 0 53611684 0 OK 17
Gamma_1 2 1 7323 0 0 53626329 0 OK 16
Gamma_1 2 1 7324 0 0 53640976 0 OK 31
Gamma_1 2 1 7325 0 0 53655625 0 OK 29
Gamma_1 2 1 7326 0 0 53670276 0 OK 17
Gamma_1 2 1 7327 0 0 53684929 0 OK 18
Gamma_1 2 1 7328 0 0 53699584 0 OK 15
Gamma_1 2 1 7329 0 0 53714241 0 OK 17
Gamma_1 2 1 7330 0 0 53728900 0 OK 34
Gamma_1 2 1 7331 0 0 53743561 0 OK 15
Gamma_1 2 1 7332 0 0 53758224 0 OK 29
Gamma_1 2 1 7333 0 0 53772889 0 OK 17
Gamma_1 2 1 7334 0 0 53787556 0 OK 17
Gamma_1 2 1 7335 0 0 53802225 0 OK 15
Gamma_1 2 1 7336 0 0 53816896 0 OK 16
Gamma_1 2 1 7337 0 0 53831569 0 OK 17
Gamma_1 2 1 7338 0 0 53846244 0 OK 31
Gamma_1 2 1 7339 0 0 53860921 0 OK 16
Gamma_1 2 1 7340 0 0 53875600 0 OK 31
Gamma_1 2 1 7341 0 0 53890281 0 OK 32
Gamma_1 2 1 7342 0 0 53904964 0 OK 30
Gamma_1 2 1 7343 0 0 53919649 0 OK 31
Gamma_1 2 1 7344 0 0 53934336 0 OK 17
Gamma_1 2 1 7345 0 0 53949025 0 OK 31
Gamma_1 2 1 7346 0 0 53963716 0 OK 32
Gamma_1 2 1 7347 0 0 53978409 0 OK 18
Gamma_1 2 1 7348 0 0 53993104 0 OK 18
Gamma_1 2 1 7349 0 0 54007801 0 OK 15
Gamma_1 2 1 7350 0 0 54022500 0 OK 31
Gamma_1 2 1 7351 0 0 54037201 0 OK 17
Gamma_1 2 1 7352 0 0 54051904 0 OK 17
Gamma_1 2 1 7353 0 0 54066609 0 OK 31
Gamma_1 2 1 7354 0 0 54081316 0 OK 19
Gamma_1 2 1 7355 0 0 54096025 0 OK 17
Gamma_1 2 1 7356 0 0 54110736 0 OK 17
Gamma_1 2 1 7357 0 0 54125449 0 OK 31
Gamma_1 2 1 7358 0 0 54140164 0 OK 18
Gamma_1 2 1 7359 0 0 54154881 0 OK 17
Gamma_1 2 1 7360 0 0 54169600 0 OK 31
Gamma_1 2 1 7361 0 0 54184321 0 OK 30
Gamma_1 2 1 7362 0 0 54199044 0 OK 30
Gamma_1 2 1 7363 0 0 54213769 0 OK 17
Gamma_1 2 1 7364 0 0 54228496 0 OK 17
Gamma_1 2 1 7365 0 0 54243225 0 OK 17
Gamma_1 2 1 7366 0 0 54257956 0 OK 42
Gamma_1 2 1 7367 0 0 54272689 0 OK 18
Gamma_1 2 1 7368 0 0 54287424 0 OK 17
Gamma_1 2 1 7369 0 0 54302161 0 OK 16
Gamma_1 2 1 7370 0 0 54316900 0 OK 17
Gamma_1 2 1 7371 0 0 54331641 0 OK 30
Gamma_1 2 1 7372 0 0 54346384 0 OK 32
Gamma_1 2 1 7373 0 0 54361129 0 OK 18
Gamma_1 2 1 7374 0 0 54375876 0 OK 17
Gamma_1 2 1 7375 0 0 54390625 0 OK 20
Gamma_1 2 1 7376 0 0 54405376 0 OK 29
Gamma_1 2 1 7377 0 0 54420129 0 OK 30
Gamma_1 2 1 7378 0 0 54434884 0 OK 18
Gamma_1 2 1 7379 0 0 54449641 0 OK 29
Gamma_1 2 1 7380 0 0 54464400 0 OK 40
Gamma_1 2 1 7381 0 0 54479161 0 OK 17
Gamma_1 2 1 7382 0 0 54493924 0 OK 17
Gamma_1 2 1 7383 0 0 54508689 0 OK 30
Gamma_1 2 1 7384 0 0 54523456 0 OK 31
Gamma_1 2 1 7385 0 0 54538225 0 OK 31
Gamma_1 2 1 7386 0 0 54552996 0 OK 16
Gamma_1 2 1 7387 0 0 54567769 0 OK 16
Gamma_1 2 1 7388 0 0 54582544 0 OK 31
Gamma_1 2 1 7389 0 0 54597321 0 OK 18
Gamma_1 2 1 7390 0 0 54612100 0 OK 17
Gamma_1 2 1 7391 0 0 54626881 0 OK 18
Gamma_1 2 1 7392 0 0 54641664 0 OK 15
Gamma_1 2 1 7393 0 0 54656449 0 OK 18
Gamma_1 2 1 7394 0 0 54671236 0 OK 17
Gamma_1 2 1 7395 0 0 54686025 0 OK 17
Gamma_1 2 1 7396 0 0 54700816 0 OK 16
Gamma_1 2 1 7397 0 0 54715609 0 OK 18
Gamma_1 2 1 7398 0 0 54730404 0 OK 17
Gamma_1 2 1 7399 0 0 54745201 0 OK 17
Gamma_1 2 1 7400 0 0 54760000 0 OK 17
Gamma_1 2 1 7401 0 0 54774801 0 OK 17
Gamma_1 2 1 7402 0 0 54789604 0 OK 15
Gamma_1 2 1 7403 0 0 54804409 0 OK 16
Gamma_1 2 1 7404 0 0 54819216 0 OK 17
Gamma_1 2 1 7405 0 0 54834025 0 OK 17
Gamma_1 2 1 7406 0 0 54848836 0 OK 16
Gamma_1 2 1 7407 0 0 54863649 0 OK 17
Gamma_1 2 1 7408 0 0 54878464 0 OK 18
Gamma_1 2 1 7409 0 0 54893281 0 OK 16
Gamma_1 2 1 7410 0 0 54908100 0 OK 17
Gamma_1 2 1 7411 0 0 54922921 0 OK 17
Gamma_1 2 1 7412 0 0 54937744 0 OK 16
Gamma_1 2 1 7413 0 0 54952569 0 OK 45
Gamma_1 2 1 7414 0 0 54967396 0 OK 18
Gamma_1 2 1 7415 0 0 54982225 0 OK 17
Gamma_1 2 1 7416 0 0 54997056 0 OK 17
Gamma_1 2 1 7417 0 0 55011889 0 OK 19
Gamma_1 2 1 7418 0 0 55026724 0 OK 17
Gamma_1 2 1 7419 0 0 55041561 0 OK 16
Gamma_1 2 1 7420 0 0 55056400 0 OK 17
Gamma_1 2 1 7421 0 0 55071241 0 OK 17
Gamma_1 2 1 7422 0 0 55086084 0 OK 17
Gamma_1 2 1 7423 0 0 55100929 0 OK 16
Gamma_1 2 1 7424 0 0 55115776 0 OK 46
Gamma_1 2 1 7425 0 0 55130625 0 OK 17
Gamma_1 2 1 7426 0 0 55145476 0 OK 18
Gamma_1 2 1 7427 0 0 55160329 0 OK 31
Gamma_1 2 1 7428 0 0 55175184 0 OK 17
Gamma_1 2 1 7429 0 0 55190041 0 OK 17
Gamma_1 2 1 7430 0 0 55204900 0 OK 33
Gamma_1 2 1 7431 0 0 55219761 0 OK 17
Gamma_1 2 1 7432 0 0 55234624 0 OK 17
Gamma_1 2 1 7433 0 0 55249489 0 OK 31
Gamma_1 2 1 7434 0 0 55264356 0 OK 18
Gamma_1 2 1 7435 0 0 55279225 0 OK 31
Gamma_1 2 1 7436 0 0 55294096 0 OK 17
Gamma_1 2 1 7437 0 0 55308969 0 OK 17
Gamma_1 2 1 7438 0 0 55323844 0 OK 16
Gamma_1 2 1 7439 0 0 55338721 0 OK 33
Gamma_1 2 1 7440 0 0 55353600 0 OK 18
Gamma_1 2 1 7441 0 0 55368481 0 OK 17
Gamma_1 2 1 7442 0 0 55383364 0 OK 16
Gamma_1 2 1 7443 0 0 55398249 0 OK 30
Gamma_1 2 1 7444 0 0 55413136 0 OK 34
Gamma_1 2 1 7445 0 0 55428025 0 OK 18
Gamma_1 2 1 7446 0 0 55442916 0 OK 17
Gamma_1 2 1 7447 0 0 55457809 0 OK 30
Gamma_1 2 1 7448 0 0 55472704 0 OK 32
Gamma_1 2 1 7449 0 0 55487601 0 OK 18
Gamma_1 2 1 7450 0 0 55502500 0 OK 18
Gamma_1 2 1 7451 0 0 55517401 0 OK 15
Gamma_1 2 1 7452 0 0 55532304 0 OK 16
Gamma_1 2 1 7453 0 0 55547209 0 OK 16
Gamma_1 2 1 7454 0 0 55562116 0 OK 17
Gamma_1 2 1 7455 0 0 55577025 0 OK 30
Gamma_1 2 1 7456 0 0 55591936 0 OK 17
Gamma_1 2 1 7457 0 0 55606849 0 OK 16
Gamma_1 2 1 7458 0 0 55621764 0 OK 18
Gamma_1 2 1 7459 0 0 55636681 0 OK 17
Gamma_1 2 1 7460 0 0 55651600 0 OK 17
Gamma_1 2 1 7461 0 0 55666521 0 OK 17
Gamma_1 2 1 7462 0 0 55681444 0 OK 16
Gamma_1 2 1 7463 0 0 55696369 0 OK 28
Gamma_1 2 1 7464 0 0 55711296 0 OK 17
Gamma_1 2 1 7465 0 0 55726225 0 OK 33
Gamma_1 2 1 7466 0 0 55741156 0 OK 17
Gamma_1 2 1 7467 0 0 55756089 0 OK 32
Gamma_1 2 1 7468 0 0 55771024 0 OK 17
Gamma_1 2 1 7469 0 0 55785961 0 OK 17
Gamma_1 2 1 7470 0 0 55800900 0 OK 16
Gamma_1 2 1 7471 0 0 55815841 0 OK 32
Gamma_1 2 1 7472 0 0 55830784 0 OK 16
Gamma_1 2 1 7473 0 0 55845729 0 OK 15
Gamma_1 2 1 7474 0 0 55860676 0 OK 15
Gamma_1 2 1 7475 0 0 55875625 0 OK 15
Gamma_1 2 1 7476 0 0 55890576 0 OK 31
Gamma_1 2 1 7477 0 0 55905529 0 OK 31
Gamma_1 2 1 7478 0 0 55920484 0 OK 17
Gamma_1 2 1 7479 0 0 55935441 0 OK 18
Gamma_1 2 1 7480 0 0 55950400 0 OK 17
Gamma_1 2 1 7481 0 0 55965361 0 OK 33
Gamma_1 2 1 7482 0 0 55980324 0 OK 17
Gamma_1 2 1 7483 0 0 55995289 0 OK 17
Gamma_1 2 1 7484 0 0 56010256 0 OK 16
Gamma_1 2 1 7485 0 0 56025225 0 OK 18
Gamma_1 2 1 7486 0 0 56040196 0 OK 17
Gamma_1 2 1 7487 0 0 56055169 0 OK 17
Gamma_1 2 1 7488 0 0 56070144 0 OK 31
Gamma_1 2 1 7489 0 0 56085121 0 OK 31
Gamma_1 2 1 7490 0 0 56100100 0 OK 33
Gamma_1 2 1 7491 0 0 56115081 0 OK 18
Gamma_1 2 1 7492 0 0 56130064 0 OK 18
Gamma_1 2 1 7493 0 0 56145049 0 OK 33
Gamma_1 2 1 7494 0 0 56160036 0 OK 17
Gamma_1 2 1 7495 0 0 56175025 0 OK 17
Gamma_1 2 1 7496 0 0 56190016 0 OK 18
Gamma_1 2 1 7497 0 0 56205009 0 OK 17
Gamma_1 2 1 7498 0 0 56220004 0 OK 32
Gamma_1 2 1 7499 0 0 56235001 0 OK 17
Gamma_1 2 1 7500 0 0 56250000 0 OK 33
Gamma_1 2 1 7501 0 0 56265001 0 OK 18
Gamma_1 2 1 7502 0 0 56280004 0 OK 17
Gamma_1 2 1 7503 0 0 56295009 0 OK 18
Gamma_1 2 1 7504 0 0 56310016 0 OK 29
Gamma_1 2 1 7505 0 0 56325025 0 OK 32
Gamma_1 2 1 7506 0 0 56340036 0 OK 35
Gamma_1 2 1 7507 0 0 56355049 0 OK 16
Gamma_1 2 1 7508 0 0 56370064 0 OK 17
Gamma_1 2 1 7509 0 0 56385081 0 OK 17
Gamma_1 2 1 7510 0 0 56400100 0 OK 43
Gamma_1 2 1 7511 0 0 56415121 0 OK 31
Gamma_1 2 1 7512 0 0 56430144 0 OK 15
Gamma_1 2 1 7513 0 0 56445169 0 OK 17
Gamma_1 2 1 7514 0 0 56460196 0 OK 16
Gamma_1 2 1 7515 0 0 56475225 0 OK 16
Gamma_1 2 1 7516 0 0 56490256 0 OK 18
Gamma_1 2 1 7517 0 0 56505289 0 OK 43
Gamma_1 2 1 7518 0 0 56520324 0 OK 17
Gamma_1 2 1 7519 0 0 56535361 0 OK 41
Gamma_1 2 1 7520 0 0 56550400 0 OK 44
Gamma_1 2 1 7521 0 0 56565441 0 OK 17
Gamma_1 2 1 7522 0 0 56580484 0 OK 17
Gamma_1 2 1 7523 0 0 56595529 0 OK 43
Gamma_1 2 1 7524 0 0 56610576 0 OK 18
Gamma_1 2 1 7525 0 0 56625625 0 OK 42
Gamma_1 2 1 7526 0 0 56640676 0 OK 17
Gamma_1 2 1 7527 0 0 56655729 0 OK 41
Gamma_1 2 1 7528 0 0 56670784 0 OK 31
Gamma_1 2 1 7529 0 0 56685841 0 OK 45
Gamma_1 2 1 7530 0 0 56700900 0 OK 18
Gamma_1 2 1 7531 0 0 56715961 0 OK 18
Gamma_1 2 1 7532 0 0 56731024 0 OK 18
Gamma_1 2 1 7533 0 0 56746089 0 OK 31
Gamma_1 2 1 7534 0 0 56761156 0 OK 18
Gamma_1 2 1 7535 0 0 56776225 0 OK 18
Gamma_1 2 1 7536 0 0 56791296 0 OK 17
Gamma_1 2 1 7537 0 0 56806369 0 OK 15
Gamma_1 2 1 7538 0 0 56821444 0 OK 30
Gamma_1 2 1 7539 0 0 56836521 0 OK 17
Gamma_1 2 1 7540 0 0 56851600 0 OK 31
Gamma_1 2 1 7541 0 0 56866681 0 OK 43
Gamma_1 2 1 7542 0 0 56881764 0 OK 19
Gamma_1 2 1 7543 0 0 56896849 0 OK 18
Gamma_1 2 1 7544 0 0 56911936 0 OK 18
Gamma_1 2 1 7545 0 0 56927025 0 OK 21
Gamma_1 2 1 7546 0 0 56942116 0 OK 18
Gamma_1 2 1 7547 0 0 56957209 0 OK 19
Gamma_1 2 1 7548 0 0 56972304 0 OK 17
Gamma_1 2 1 7549 0 0 56987401 0 OK 16
Gamma_1 2 1 7550 0 0 57002500 0 OK 17
Gamma_1 2 1 7551 0 0 57017601 0 OK 44
Gamma_1 2 1 7552 0 0 57032704 0 OK 17
Gamma_1 2 1 7553 0 0 57047809 0 OK 17
Gamma_1 2 1 7554 0 0 57062916 0 OK 17
Gamma_1 2 1 7555 0 0 57078025 0 OK 16
Gamma_1 2 1 7556 0 0 57093136 0 OK 17
Gamma_1 2 1 7557 0 0 57108249 0 OK 41
Gamma_1 2 1 7558 0 0 57123364 0 OK 18
Gamma_1 2 1 7559 0 0 57138481 0 OK 20
Gamma_1 2 1 7560 0 0 57153600 0 OK 31
Gamma_1 2 1 7561 0 0 57168721 0 OK 17
Gamma_1 2 1 7562 0 0 57183844 0 OK 16
Gamma_1 2 1 7563 0 0 57198969 0 OK 18
Gamma_1 2 1 7564 0 0 57214096 0 OK 15
Gamma_1 2 1 7565 0 0 57229225 0 OK 19
Gamma_1 2 1 7566 0 0 57244356 0 OK 17
Gamma_1 2 1 7567 0 0 57259489 0 OK 16
Gamma_1 2 1 7568 0 0 57274624 0 OK 18
Gamma_1 2 1 7569 0 0 57289761 0 OK 17
Gamma_1 2 1 7570 0 0 57304900 0 OK 32
Gamma_1 2 1 7571 0 0 57320041 0 OK 17
Gamma_1 2 1 7572 0 0 57335184 0 OK 31
Gamma_1 2 1 7573 0 0 57350329 0 OK 18
Gamma_1 2 1 7574 0 0 57365476 0 OK 16
Gamma_1 2 1 7575 0 0 57380625 0 OK 18
Gamma_1 2 1 7576 0 0 57395776 0 OK 18
Gamma_1 2 1 7577 0 0 57410929 0 OK 16
Gamma_1 2 1 7578 0 0 57426084 0 OK 18
Gamma_1 2 1 7579 0 0 57441241 0 OK 32
Gamma_1 2 1 7580 0 0 57456400 0 OK 17
Gamma_1 2 1 7581 0 0 57471561 0 OK 18
Gamma_1 2 1 7582 0 0 57486724 0 OK 16
Gamma_1 2 1 7583 0 0 57501889 0 OK 18
Gamma_1 2 1 7584 0 0 57517056 0 OK 17
Gamma_1 2 1 7585 0 0 57532225 0 OK 31
Gamma_1 2 1 7586 0 0 57547396 0 OK 34
Gamma_1 2 1 7587 0 0 57562569 0 OK 31
Gamma_1 2 1 7588 0 0 57577744 0 OK 17
Gamma_1 2 1 7589 0 0 57592921 0 OK 30
Gamma_1 2 1 7590 0 0 57608100 0 OK 14
Gamma_1 2 1 7591 0 0 57623281 0 OK 17
Gamma_1 2 1 7592 0 0 57638464 0 OK 17
Gamma_1 2 1 7593 0 0 57653649 0 OK 16
Gamma_1 2 1 7594 0 0 57668836 0 OK 16
Gamma_1 2 1 7595 0 0 57684025 0 OK 16
Gamma_1 2 1 7596 0 0 57699216 0 OK 31
Gamma_1 2 1 7597 0 0 57714409 0 OK 16
Gamma_1 2 1 7598 0 0 57729604 0 OK 31
Gamma_1 2 1 7599 0 0 57744801 0 OK 32
Gamma_1 2 1 7600 0 0 57760000 0 OK 18
Gamma_1 2 1 7601 0 0 57775201 0 OK 32
Gamma_1 2 1 7602 0 0 57790404 0 OK 17
Gamma_1 2 1 7603 0 0 57805609 0 OK 31
Gamma_1 2 1 7604 0 0 57820816 0 OK 18
Gamma_1 2 1 7605 0 0 57836025 0 OK 33
Gamma_1 2 1 7606 0 0 57851236 0 OK 17
Gamma_1 2 1 7607 0 0 57866449 0 OK 31
Gamma_1 2 1 7608 0 0 57881664 0 OK 31
Gamma_1 2 1 7609 0 0 57896881 0 OK 17
Gamma_1 2 1 7610 0 0 57912100 0 OK 18
Gamma_1 2 1 7611 0 0 57927321 0 OK 17
Gamma_1 2 1 7612 0 0 57942544 0 OK 31
Gamma_1 2 1 7613 0 0 57957769 0 OK 33
Gamma_1 2 1 7614 0 0 57972996 0 OK 17
Gamma_1 2 1 7615 0 0 57988225 0 OK 17
Gamma_1 2 1 7616 0 0 58003456 0 OK 16
Gamma_1 2 1 7617 0 0 58018689 0 OK 18
Gamma_1 2 1 7618 0 0 58033924 0 OK 17
Gamma_1 2 1 7619 0 0 58049161 0 OK 17
Gamma_1 2 1 7620 0 0 58064400 0 OK 33
Gamma_1 2 1 7621 0 0 58079641 0 OK 32
Gamma_1 2 1 7622 0 0 58094884 0 OK 34
Gamma_1 2 1 7623 0 0 58110129 0 OK 17
Gamma_1 2 1 7624 0 0 58125376 0 OK 34
Gamma_1 2 1 7625 0 0 58140625 0 OK 31
Gamma_1 2 1 7626 0 0 58155876 0 OK 30
Gamma_1 2 1 7627 0 0 58171129 0 OK 15
Gamma_1 2 1 7628 0 0 58186384 0 OK 18
Gamma_1 2 1 7629 0 0 58201641 0 OK 17
Gamma_1 2 1 7630 0 0 58216900 0 OK 40
Gamma_1 2 1 7631 0 0 58232161 0 OK 32
Gamma_1 2 1 7632 0 0 58247424 0 OK 17
Gamma_1 2 1 7633 0 0 58262689 0 OK 32
Gamma_1 2 1 7634 0 0 58277956 0 OK 16
Gamma_1 2 1 7635 0 0 58293225 0 OK 18
Gamma_1 2 1 7636 0 0 58308496 0 OK 16
Gamma_1 2 1 7637 0 0 58323769 0 OK 16
Gamma_1 2 1 7638 0 0 58339044 0 OK 15
Gamma_1 2 1 7639 0 0 58354321 0 OK 17
Gamma_1 2 1 7640 0 0 58369600 0 OK 16
Gamma_1 2 1 7641 0 0 58384881 0 OK 17
Gamma_1 2 1 7642 0 0 58400164 0 OK 16
Gamma_1 2 1 7643 0 0 58415449 0 OK 17
Gamma_1 2 1 7644 0 0 58430736 0 OK 16
Gamma_1 2 1 7645 0 0 58446025 0 OK 32
Gamma_1 2 1 7646 0 0 58461316 0 OK 31
Gamma_1 2 1 7647 0 0 58476609 0 OK 32
Gamma_1 2 1 7648 0 0 58491904 0 OK 32
Gamma_1 2 1 7649 0 0 58507201 0 OK 31
Gamma_1 2 1 7650 0 0 58522500 0 OK 17
Gamma_1 2 1 7651 0 0 58537801 0 OK 19
Gamma_1 2 1 7652 0 0 58553104 0 OK 31
Gamma_1 2 1 7653 0 0 58568409 0 OK 18
Gamma_1 2 1 7654 0 0 58583716 0 OK 16
Gamma_1 2 1 7655 0 0 58599025 0 OK 16
Gamma_1 2 1 7656 0 0 58614336 0 OK 15
Gamma_1 2 1 7657 0 0 58629649 0 OK 30
Gamma_1 2 1 7658 0 0 58644964 0 OK 31
Gamma_1 2 1 7659 0 0 58660281 0 OK 16
Gamma_1 2 1 7660 0 0 58675600 0 OK 31
Gamma_1 2 1 7661 0 0 58690921 0 OK 17
Gamma_1 2 1 7662 0 0 58706244 0 OK 18
Gamma_1 2 1 7663 0 0 58721569 0 OK 15
Gamma_1 2 1 7664 0 0 58736896 0 OK 15
Gamma_1 2 1 7665 0 0 58752225 0 OK 16
Gamma_1 2 1 7666 0 0 58767556 0 OK 31
Gamma_1 2 1 7667 0 0 58782889 0 OK 17
Gamma_1 2 1 7668 0 0 58798224 0 OK 31
Gamma_1 2 1 7669 0 0 58813561 0 OK 31
Gamma_1 2 1 7670 0 0 58828900 0 OK 30
Gamma_1 2 1 7671 0 0 58844241 0 OK 17
Gamma_1 2 1 7672 0 0 58859584 0 OK 17
Gamma_1 2 1 7673 0 0 58874929 0 OK 16
Gamma_1 2 1 7674 0 0 58890276 0 OK 32
Gamma_1 2 1 7675 0 0 58905625 0 OK 16
Gamma_1 2 1 7676 0 0 58920976 0 OK 16
Gamma_1 2 1 7677 0 0 58936329 0 OK 17
Gamma_1 2 1 7678 0 0 58951684 0 OK 30
Gamma_1 2 1 7679 0 0 58967041 0 OK 16
Gamma_1 2 1 7680 0 0 58982400 0 OK 17
Gamma_1 2 1 7681 0 0 58997761 0 OK 15
Gamma_1 2 1 7682 0 0 59013124 0 OK 17
Gamma_1 2 1 7683 0 0 59028489 0 OK 32
Gamma_1 2 1 7684 0 0 59043856 0 OK 18
Gamma_1 2 1 7685 0 0 59059225 0 OK 30
Gamma_1 2 1 7686 0 0 59074596 0 OK 16
Gamma_1 2 1 7687 0 0 59089969 0 OK 17
Gamma_1 2 1 7688 0 0 59105344 0 OK 31
Gamma_1 2 1 7689 0 0 59120721 0 OK 31
Gamma_1 2 1 7690 0 0 59136100 0 OK 17
Gamma_1 2 1 7691 0 0 59151481 0 OK 32
Gamma_1 2 1 7692 0 0 59166864 0 OK 17
Gamma_1 2 1 7693 0 0 59182249 0 OK 17
Gamma_1 2 1 7694 0 0 59197636 0 OK 30
Gamma_1 2 1 7695 0 0 59213025 0 OK 17
Gamma_1 2 1 7696 0 0 59228416 0 OK 17
Gamma_1 2 1 7697 0 0 59243809 0 OK 32
Gamma_1 2 1 7698 0 0 59259204 0 OK 19
Gamma_1 2 1 7699 0 0 59274601 0 OK 35
Gamma_1 2 1 7700 0 0 59290000 0 OK 18
Gamma_1 2 1 7701 0 0 59305401 0 OK 31
Gamma_1 2 1 7702 0 0 59320804 0 OK 17
Gamma_1 2 1 7703 0 0 59336209 0 OK 30
Gamma_1 2 1 7704 0 0 59351616 0 OK 16
Gamma_1 2 1 7705 0 0 59367025 0 OK 16
Gamma_1 2 1 7706 0 0 59382436 0 OK 34
Gamma_1 2 1 7707 0 0 59397849 0 OK 17
Gamma_1 2 1 7708 0 0 59413264 0 OK 30
Gamma_1 2 1 7709 0 0 59428681 0 OK 31
Gamma_1 2 1 7710 0 0 59444100 0 OK 18
Gamma_1 2 1 7711 0 0 59459521 0 OK 17
Gamma_1 2 1 7712 0 0 59474944 0 OK 16
Gamma_1 2 1 7713 0 0 59490369 0 OK 18
Gamma_1 2 1 7714 0 0 59505796 0 OK 17
Gamma_1 2 1 7715 0 0 59521225 0 OK 17
Gamma_1 2 1 7716 0 0 59536656 0 OK 32
Gamma_1 2 1 7717 0 0 59552089 0 OK 31
Gamma_1 2 1 7718 0 0 59567524 0 OK 16
Gamma_1 2 1 7719 0 0 59582961 0 OK 30
Gamma_1 2 1 7720 0 0 59598400 0 OK 16
Gamma_1 2 1 7721 0 0 59613841 0 OK 18
Gamma_1 2 1 7722 0 0 59629284 0 OK 17
Gamma_1 2 1 7723 0 0 59644729 0 OK 31
Gamma_1 2 1 7724 0 0 59660176 0 OK 16
Gamma_1 2 1 7725 0 0 59675625 0 OK 17
Gamma_1 2 1 7726 0 0 59691076 0 OK 17
Gamma_1 2 1 7727 0 0 59706529 0 OK 19
Gamma_1 2 1 7728 0 0 59721984 0 OK 30
Gamma_1 2 1 7729 0 0 59737441 0 OK 17
Gamma_1 2 1 7730 0 0 59752900 0 OK 17
Gamma_1 2 1 7731 0 0 59768361 0 OK 16
Gamma_1 2 1 7732 0 0 59783824 0 OK 17
Gamma_1 2 1 7733 0 0 59799289 0 OK 16
Gamma_1 2 1 7734 0 0 59814756 0 OK 17
Gamma_1 2 1 7735 0 0 59830225 0 OK 17
Gamma_1 2 1 7736 0 0 59845696 0 OK 15
Gamma_1 2 1 7737 0 0 59861169 0 OK 30
Gamma_1 2 1 7738 0 0 59876644 0 OK 30
Gamma_1 2 1 7739 0 0 59892121 0 OK 18
Gamma_1 2 1 7740 0 0 59907600 0 OK 16
Gamma_1 2 1 7741 0 0 59923081 0 OK 16
Gamma_1 2 1 7742 0 0 59938564 0 OK 17
Gamma_1 2 1 7743 0 0 59954049 0 OK 14
Gamma_1 2 1 7744 0 0 59969536 0 OK 17
Gamma_1 2 1 7745 0 0 59985025 0 OK 15
Gamma_1 2 1 7746 0 0 60000516 0 OK 18
Gamma_1 2 1 7747 0 0 60016009 0 OK 16
Gamma_1 2 1 7748 0 0 60031504 0 OK 15
Gamma_1 2 1 7749 0 0 60047001 0 OK 15
Gamma_1 2 1 7750 0 0 60062500 0 OK 29
Gamma_1 2 1 7751 0 0 60078001 0 OK 17
Gamma_1 2 1 7752 0 0 60093504 0 OK 16
Gamma_1 2 1 7753 0 0 60109009 0 OK 31
Gamma_1 2 1 7754 0 0 60124516 0 OK 16
Gamma_1 2 1 7755 0 0 60140025 0 OK 17
Gamma_1 2 1 7756 0 0 60155536 0 OK 16
Gamma_1 2 1 7757 0 0 60171049 0 OK 32
Gamma_1 2 1 7758 0 0 60186564 0 OK 33
Gamma_1 2 1 7759 0 0 60202081 0 OK 16
Gamma_1 2 1 7760 0 0 60217600 0 OK 16
Gamma_1 2 1 7761 0 0 60233121 0 OK 16
Gamma_1 2 1 7762 0 0 60248644 0 OK 15
Gamma_1 2 1 7763 0 0 60264169 0 OK 17
Gamma_1 2 1 7764 0 0 60279696 0 OK 16
Gamma_1 2 1 7765 0 0 60295225 0 OK 31
Gamma_1 2 1 7766 0 0 60310756 0 OK 30
Gamma_1 2 1 7767 0 0 60326289 0 OK 31
Gamma_1 2 1 7768 0 0 60341824 0 OK 16
Gamma_1 2 1 7769 0 0 60357361 0 OK 29
Gamma_1 2 1 7770 0 0 60372900 0 OK 16
Gamma_1 2 1 7771 0 0 60388441 0 OK 16
Gamma_1 2 1 7772 0 0 60403984 0 OK 29
Gamma_1 2 1 7773 0 0 60419529 0 OK 16
Gamma_1 2 1 7774 0 0 60435076 0 OK 17
Gamma_1 2 1 7775 0 0 60450625 0 OK 15
Gamma_1 2 1 7776 0 0 60466176 0 OK 17
Gamma_1 2 1 7777 0 0 60481729 0 OK 16
Gamma_1 2 1 7778 0 0 60497284 0 OK 28
Gamma_1 2 1 7779 0 0 60512841 0 OK 17
Gamma_1 2 1 7780 0 0 60528400 0 OK 17
Gamma_1 2 1 7781 0 0 60543961 0 OK 16
Gamma_1 2 1 7782 0 0 60559524 0 OK 17
Gamma_1 2 1 7783 0 0 60575089 0 OK 16
Gamma_1 2 1 7784 0 0 60590656 0 OK 29
Gamma_1 2 1 7785 0 0 60606225 0 OK 43
Gamma_1 2 1 7786 0 0 60621796 0 OK 15
Gamma_1 2 1 7787 0 0 60637369 0 OK 17
Gamma_1 2 1 7788 0 0 60652944 0 OK 31
Gamma_1 2 1 7789 0 0 60668521 0 OK 16
Gamma_1 2 1 7790 0 0 60684100 0 OK 17
Gamma_1 2 1 7791 0 0 60699681 0 OK 17
Gamma_1 2 1 7792 0 0 60715264 0 OK 17
Gamma_1 2 1 7793 0 0 60730849 0 OK 16
Gamma_1 2 1 7794 0 0 60746436 0 OK 16
Gamma_1 2 1 7795 0 0 60762025 0 OK 30
Gamma_1 2 1 7796 0 0 60777616 0 OK 30
Gamma_1 2 1 7797 0 0 60793209 0 OK 31
Gamma_1 2 1 7798 0 0 60808804 0 OK 30
Gamma_1 2 1 7799 0 0 60824401 0 OK 17
Gamma_1 2 1 7800 0 0 60840000 0 OK 30
Gamma_1 2 1 7801 0 0 60855601 0 OK 17
Gamma_1 2 1 7802 0 0 60871204 0 OK 14
Gamma_1 2 1 7803 0 0 60886809 0 OK 33
Gamma_1 2 1 7804 0 0 60902416 0 OK 17
Gamma_1 2 1 7805 0 0 60918025 0 OK 16
Gamma_1 2 1 7806 0 0 60933636 0 OK 32
Gamma_1 2 1 7807 0 0 60949249 0 OK 33
Gamma_1 2 1 7808 0 0 60964864 0 OK 19
Gamma_1 2 1 7809 0 0 60980481 0 OK 33
Gamma_1 2 1 7810 0 0 60996100 0 OK 16
Gamma_1 2 1 7811 0 0 61011721 0 OK 16
Gamma_1 2 1 7812 0 0 61027344 0 OK 33
Gamma_1 2 1 7813 0 0 61042969 0 OK 16
Gamma_1 2 1 7814 0 0 61058596 0 OK 32
Gamma_1 2 1 7815 0 0 61074225 0 OK 17
Gamma_1 2 1 7816 0 0 61089856 0 OK 31
Gamma_1 2 1 7817 0 0 61105489 0 OK 16
Gamma_1 2 1 7818 0 0 61121124 0 OK 32
Gamma_1 2 1 7819 0 0 61136761 0 OK 16
Gamma_1 2 1 7820 0 0 61152400 0 OK 30
Gamma_1 2 1 7821 0 0 61168041 0 OK 18
Gamma_1 2 1 7822 0 0 61183684 0 OK 32
Gamma_1 2 1 7823 0 0 61199329 0 OK 34
Gamma_1 2 1 7824 0 0 61214976 0 OK 17
Gamma_1 2 1 7825 0 0 61230625 0 OK 17
Gamma_1 2 1 7826 0 0 61246276 0 OK 16
Gamma_1 2 1 7827 0 0 61261929 0 OK 17
Gamma_1 2 1 7828 0 0 61277584 0 OK 32
Gamma_1 2 1 7829 0 0 61293241 0 OK 32
Gamma_1 2 1 7830 0 0 61308900 0 OK 44
Gamma_1 2 1 7831 0 0 61324561 0 OK 17
Gamma_1 2 1 7832 0 0 61340224 0 OK 17
Gamma_1 2 1 7833 0 0 61355889 0 OK 33
Gamma_1 2 1 7834 0 0 61371556 0 OK 18
Gamma_1 2 1 7835 0 0 61387225 0 OK 18
Gamma_1 2 1 7836 0 0 61402896 0 OK 31
Gamma_1 2 1 7837 0 0 61418569 0 OK 16
Gamma_1 2 1 7838 0 0 61434244 0 OK 31
Gamma_1 2 1 7839 0 0 61449921 0 OK 17
Gamma_1 2 1 7840 0 0 61465600 0 OK 17
Gamma_1 2 1 7841 0 0 61481281 0 OK 19
Gamma_1 2 1 7842 0 0 61496964 0 OK 16
Gamma_1 2 1 7843 0 0 61512649 0 OK 17
Gamma_1 2 1 7844 0 0 61528336 0 OK 16
Gamma_1 2 1 7845 0 0 61544025 0 OK 31
Gamma_1 2 1 7846 0 0 61559716 0 OK 19
Gamma_1 2 1 7847 0 0 61575409 0 OK 32
Gamma_1 2 1 7848 0 0 61591104 0 OK 18
Gamma_1 2 1 7849 0 0 61606801 0 OK 20
Gamma_1 2 1 7850 0 0 61622500 0 OK 32
Gamma_1 2 1 7851 0 0 61638201 0 OK 31
Gamma_1 2 1 7852 0 0 61653904 0 OK 16
Gamma_1 2 1 7853 0 0 61669609 0 OK 16
Gamma_1 2 1 7854 0 0 61685316 0 OK 17
Gamma_1 2 1 7855 0 0 61701025 0 OK 16
Gamma_1 2 1 7856 0 0 61716736 0 OK 17
Gamma_1 2 1 7857 0 0 61732449 0 OK 32
Gamma_1 2 1 7858 0 0 61748164 0 OK 33
Gamma_1 2 1 7859 0 0 61763881 0 OK 42
Gamma_1 2 1 7860 0 0 61779600 0 OK 15
Gamma_1 2 1 7861 0 0 61795321 0 OK 32
Gamma_1 2 1 7862 0 0 61811044 0 OK 16
Gamma_1 2 1 7863 0 0 61826769 0 OK 32
Gamma_1 2 1 7864 0 0 61842496 0 OK 41
Gamma_1 2 1 7865 0 0 61858225 0 OK 17
Gamma_1 2 1 7866 0 0 61873956 0 OK 19
Gamma_1 2 1 7867 0 0 61889689 0 OK 32
Gamma_1 2 1 7868 0 0 61905424 0 OK 16
Gamma_1 2 1 7869 0 0 61921161 0 OK 33
Gamma_1 2 1 7870 0 0 61936900 0 OK 32
Gamma_1 2 1 7871 0 0 61952641 0 OK 18
Gamma_1 2 1 7872 0 0 61968384 0 OK 18
Gamma_1 2 1 7873 0 0 61984129 0 OK 15
Gamma_1 2 1 7874 0 0 61999876 0 OK 17
Gamma_1 2 1 7875 0 0 62015625 0 OK 17
Gamma_1 2 1 7876 0 0 62031376 0 OK 17
Gamma_1 2 1 7877 0 0 62047129 0 OK 17
Gamma_1 2 1 7878 0 0 62062884 0 OK 17
Gamma_1 2 1 7879 0 0 62078641 0 OK 31
Gamma_1 2 1 7880 0 0 62094400 0 OK 31
Gamma_1 2 1 7881 0 0 62110161 0 OK 17
Gamma_1 2 1 7882 0 0 62125924 0 OK 33
Gamma_1 2 1 7883 0 0 62141689 0 OK 17
Gamma_1 2 1 7884 0 0 62157456 0 OK 17
Gamma_1 2 1 7885 0 0 62173225 0 OK 16
Gamma_1 2 1 7886 0 0 62188996 0 OK 30
Gamma_1 2 1 7887 0 0 62204769 0 OK 31
Gamma_1 2 1 7888 0 0 62220544 0 OK 19
Gamma_1 2 1 7889 0 0 62236321 0 OK 17
Gamma_1 2 1 7890 0 0 62252100 0 OK 32
Gamma_1 2 1 7891 0 0 62267881 0 OK 17
Gamma_1 2 1 7892 0 0 62283664 0 OK 17
Gamma_1 2 1 7893 0 0 62299449 0 OK 17
Gamma_1 2 1 7894 0 0 62315236 0 OK 16
Gamma_1 2 1 7895 0 0 62331025 0 OK 30
Gamma_1 2 1 7896 0 0 62346816 0 OK 17
Gamma_1 2 1 7897 0 0 62362609 0 OK 16
Gamma_1 2 1 7898 0 0 62378404 0 OK 16
Gamma_1 2 1 7899 0 0 62394201 0 OK 16
Gamma_1 2 1 7900 0 0 62410000 0 OK 17
Gamma_1 2 1 7901 0 0 62425801 0 OK 16
Gamma_1 2 1 7902 0 0 62441604 0 OK 15
Gamma_1 2 1 7903 0 0 62457409 0 OK 32
Gamma_1 2 1 7904 0 0 62473216 0 OK 32
Gamma_1 2 1 7905 0 0 62489025 0 OK 32
Gamma_1 2 1 7906 0 0 62504836 0 OK 17
Gamma_1 2 1 7907 0 0 62520649 0 OK 31
Gamma_1 2 1 7908 0 0 62536464 0 OK 18
Gamma_1 2 1 7909 0 0 62552281 0 OK 18
Gamma_1 2 1 7910 0 0 62568100 0 OK 17
Gamma_1 2 1 7911 0 0 62583921 0 OK 17
Gamma_1 2 1 7912 0 0 62599744 0 OK 17
Gamma_1 2 1 7913 0 0 62615569 0 OK 31
Gamma_1 2 1 7914 0 0 62631396 0 OK 18
Gamma_1 2 1 7915 0 0 62647225 0 OK 32
Gamma_1 2 1 7916 0 0 62663056 0 OK 34
Gamma_1 2 1 7917 0 0 62678889 0 OK 17
Gamma_1 2 1 7918 0 0 62694724 0 OK 17
Gamma_1 2 1 7919 0 0 62710561 0 OK 16
Gamma_1 2 1 7920 0 0 62726400 0 OK 33
Gamma_1 2 1 7921 0 0 62742241 0 OK 31
Gamma_1 2 1 7922 0 0 62758084 0 OK 17
Gamma_1 2 1 7923 0 0 62773929 0 OK 17
Gamma_1 2 1 7924 0 0 62789776 0 OK 30
Gamma_1 2 1 7925 0 0 62805625 0 OK 18
Gamma_1 2 1 7926 0 0 62821476 0 OK 17
Gamma_1 2 1 7927 0 0 62837329 0 OK 19
Gamma_1 2 1 7928 0 0 62853184 0 OK 31
Gamma_1 2 1 7929 0 0 62869041 0 OK 31
Gamma_1 2 1 7930 0 0 62884900 0 OK 17
Gamma_1 2 1 7931 0 0 62900761 0 OK 32
Gamma_1 2 1 7932 0 0 62916624 0 OK 20
Gamma_1 2 1 7933 0 0 62932489 0 OK 16
Gamma_1 2 1 7934 0 0 62948356 0 OK 31
Gamma_1 2 1 7935 0 0 62964225 0 OK 18
Gamma_1 2 1 7936 0 0 62980096 0 OK 33
Gamma_1 2 1 7937 0 0 62995969 0 OK 17
Gamma_1 2 1 7938 0 0 63011844 0 OK 19
Gamma_1 2 1 7939 0 0 63027721 0 OK 17
Gamma_1 2 1 7940 0 0 63043600 0 OK 19
Gamma_1 2 1 7941 0 0 63059481 0 OK 31
Gamma_1 2 1 7942 0 0 63075364 0 OK 30
Gamma_1 2 1 7943 0 0 63091249 0 OK 17
Gamma_1 2 1 7944 0 0 63107136 0 OK 18
Gamma_1 2 1 7945 0 0 63123025 0 OK 17
Gamma_1 2 1 7946 0 0 63138916 0 OK 32
Gamma_1 2 1 7947 0 0 63154809 0 OK 17
Gamma_1 2 1 7948 0 0 63170704 0 OK 32
Gamma_1 2 1 7949 0 0 63186601 0 OK 29
Gamma_1 2 1 7950 0 0 63202500 0 OK 30
Gamma_1 2 1 7951 0 0 63218401 0 OK 18
Gamma_1 2 1 7952 0 0 63234304 0 OK 42
Gamma_1 2 1 7953 0 0 63250209 0 OK 17
Gamma_1 2 1 7954 0 0 63266116 0 OK 18
Gamma_1 2 1 7955 0 0 63282025 0 OK 17
Gamma_1 2 1 7956 0 0 63297936 0 OK 18
Gamma_1 2 1 7957 0 0 63313849 0 OK 31
Gamma_1 2 1 7958 0 0 63329764 0 OK 30
Gamma_1 2 1 7959 0 0 63345681 0 OK 32
Gamma_1 2 1 7960 0 0 63361600 0 OK 33
Gamma_1 2 1 7961 0 0 63377521 0 OK 32
Gamma_1 2 1 7962 0 0 63393444 0 OK 16
Gamma_1 2 1 7963 0 0 63409369 0 OK 16
Gamma_1 2 1 7964 0 0 63425296 0 OK 17
Gamma_1 2 1 7965 0 0 63441225 0 OK 16
Gamma_1 2 1 7966 0 0 63457156 0 OK 18
Gamma_1 2 1 7967 0 0 63473089 0 OK 16
Gamma_1 2 1 7968 0 0 63489024 0 OK 17
Gamma_1 2 1 7969 0 0 63504961 0 OK 16
Gamma_1 2 1 7970 0 0 63520900 0 OK 32
Gamma_1 2 1 7971 0 0 63536841 0 OK 32
Gamma_1 2 1 7972 0 0 63552784 0 OK 17
Gamma_1 2 1 7973 0 0 63568729 0 OK 17
Gamma_1 2 1 7974 0 0 63584676 0 OK 31
Gamma_1 2 1 7975 0 0 63600625 0 OK 18
Gamma_1 2 1 7976 0 0 63616576 0 OK 16
Gamma_1 2 1 7977 0 0 63632529 0 OK 21
Gamma_1 2 1 7978 0 0 63648484 0 OK 17
Gamma_1 2 1 7979 0 0 63664441 0 OK 17
Gamma_1 2 1 7980 0 0 63680400 0 OK 17
Gamma_1 2 1 7981 0 0 63696361 0 OK 17
Gamma_1 2 1 7982 0 0 63712324 0 OK 20
Gamma_1 2 1 7983 0 0 63728289 0 OK 17
Gamma_1 2 1 7984 0 0 63744256 0 OK 32
Gamma_1 2 1 7985 0 0 63760225 0 OK 33
Gamma_1 2 1 7986 0 0 63776196 0 OK 18
Gamma_1 2 1 7987 0 0 63792169 0 OK 18
Gamma_1 2 1 7988 0 0 63808144 0 OK 17
Gamma_1 2 1 7989 0 0 63824121 0 OK 16
Gamma_1 2 1 7990 0 0 63840100 0 OK 33
Gamma_1 2 1 7991 0 0 63856081 0 OK 16
Gamma_1 2 1 7992 0 0 63872064 0 OK 17
Gamma_1 2 1 7993 0 0 63888049 0 OK 31
Gamma_1 2 1 7994 0 0 63904036 0 OK 30
Gamma_1 2 1 7995 0 0 63920025 0 OK 17
Gamma_1 2 1 7996 0 0 63936016 0 OK 31
Gamma_1 2 1 7997 0 0 63952009 0 OK 17
Gamma_1 2 1 7998 0 0 63968004 0 OK 18
Gamma_1 2 1 7999 0 0 63984001 0 OK 17
Gamma_1 2 1 8000 0 0 64000000 0 OK 17
Gamma_1 2 1 8001 0 0 64016001 0 OK 16
Gamma_1 2 1 8002 0 0 64032004 0 OK 18
Gamma_1 2 1 8003 0 0 64048009 0 OK 32
Gamma_1 2 1 8004 0 0 64064016 0 OK 17
Gamma_1 2 1 8005 0 0 64080025 0 OK 18
Gamma_1 2 1 8006 0 0 64096036 0 OK 16
Gamma_1 2 1 8007 0 0 64112049 0 OK 31
Gamma_1 2 1 8008 0 0 64128064 0 OK 34
Gamma_1 2 1 8009 0 0 64144081 0 OK 19
Gamma_1 2 1 8010 0 0 64160100 0 OK 16
Gamma_1 2 1 8011 0 0 64176121 0 OK 18
Gamma_1 2 1 8012 0 0 64192144 0 OK 33
Gamma_1 2 1 8013 0 0 64208169 0 OK 17
Gamma_1 2 1 8014 0 0 64224196 0 OK 18
Gamma_1 2 1 8015 0 0 64240225 0 OK 18
Gamma_1 2 1 8016 0 0 64256256 0 OK 18
Gamma_1 2 1 8017 0 0 64272289 0 OK 32
Gamma_1 2 1 8018 0 0 64288324 0 OK 17
Gamma_1 2 1 8019 0 0 64304361 0 OK 18
Gamma_1 2 1 8020 0 0 64320400 0 OK 18
Gamma_1 2 1 8021 0 0 64336441 0 OK 32
Gamma_1 2 1 8022 0 0 64352484 0 OK 16
Gamma_1 2 1 8023 0 0 64368529 0 OK 19
Gamma_1 2 1 8024 0 0 64384576 0 OK 37
Gamma_1 2 1 8025 0 0 64400625 0 OK 17
Gamma_1 2 1 8026 0 0 64416676 0 OK 32
Gamma_1 2 1 8027 0 0 64432729 0 OK 33
Gamma_1 2 1 8028 0 0 64448784 0 OK 31
Gamma_1 2 1 8029 0 0 64464841 0 OK 19
Gamma_1 2 1 8030 0 0 64480900 0 OK 17
Gamma_1 2 1 8031 0 0 64496961 0 OK 17
Gamma_1 2 1 8032 0 0 64513024 0 OK 18
Gamma_1 2 1 8033 0 0 64529089 0 OK 15
Gamma_1 2 1 8034 0 0 64545156 0 OK 18
Gamma_1 2 1 8035 0 0 64561225 0 OK 16
Gamma_1 2 1 8036 0 0 64577296 0 OK 17
Gamma_1 2 1 8037 0 0 64593369 0 OK 32
Gamma_1 2 1 8038 0 0 64609444 0 OK 15
Gamma_1 2 1 8039 0 0 64625521 0 OK 15
Gamma_1 2 1 8040 0 0 64641600 0 OK 31
Gamma_1 2 1 8041 0 0 64657681 0 OK 19
Gamma_1 2 1 8042 0 0 64673764 0 OK 31
Gamma_1 2 1 8043 0 0 64689849 0 OK 16
Gamma_1 2 1 8044 0 0 64705936 0 OK 17
Gamma_1 2 1 8045 0 0 64722025 0 OK 17
Gamma_1 2 1 8046 0 0 64738116 0 OK 17
Gamma_1 2 1 8047 0 0 64754209 0 OK 18
Gamma_1 2 1 8048 0 0 64770304 0 OK 17
Gamma_1 2 1 8049 0 0 64786401 0 OK 32
Gamma_1 2 1 8050 0 0 64802500 0 OK 32
Gamma_1 2 1 8051 0 0 64818601 0 OK 18
Gamma_1 2 1 8052 0 0 64834704 0 OK 32
Gamma_1 2 1 8053 0 0 64850809 0 OK 32
Gamma_1 2 1 8054 0 0 64866916 0 OK 31
Gamma_1 2 1 8055 0 0 64883025 0 OK 18
Gamma_1 2 1 8056 0 0 64899136 0 OK 16
Gamma_1 2 1 8057 0 0 64915249 0 OK 31
Gamma_1 2 1 8058 0 0 64931364 0 OK 17
Gamma_1 2 1 8059 0 0 64947481 0 OK 31
Gamma_1 2 1 8060 0 0 64963600 0 OK 31
Gamma_1 2 1 8061 0 0 64979721 0 OK 18
Gamma_1 2 1 8062 0 0 64995844 0 OK 30
Gamma_1 2 1 8063 0 0 65011969 0 OK 44
Gamma_1 2 1 8064 0 0 65028096 0 OK 18
Gamma_1 2 1 8065 0 0 65044225 0 OK 33
Gamma_1 2 1 8066 0 0 65060356 0 OK 31
Gamma_1 2 1 8067 0 0 65076489 0 OK 20
Gamma_1 2 1 8068 0 0 65092624 0 OK 17
Gamma_1 2 1 8069 0 0 65108761 0 OK 31
Gamma_1 2 1 8070 0 0 65124900 0 OK 18
Gamma_1 2 1 8071 0 0 65141041 0 OK 31
Gamma_1 2 1 8072 0 0 65157184 0 OK 16
Gamma_1 2 1 8073 0 0 65173329 0 OK 16
Gamma_1 2 1 8074 0 0 65189476 0 OK 17
Gamma_1 2 1 8075 0 0 65205625 0 OK 30
Gamma_1 2 1 8076 0 0 65221776 0 OK 16
Gamma_1 2 1 8077 0 0 65237929 0 OK 16
Gamma_1 2 1 8078 0 0 65254084 0 OK 16
Gamma_1 2 1 8079 0 0 65270241 0 OK 16
Gamma_1 2 1 8080 0 0 65286400 0 OK 30
Gamma_1 2 1 8081 0 0 65302561 0 OK 17
Gamma_1 2 1 8082 0 0 65318724 0 OK 15
Gamma_1 2 1 8083 0 0 65334889 0 OK 17
Gamma_1 2 1 8084 0 0 65351056 0 OK 16
Gamma_1 2 1 8085 0 0 65367225 0 OK 16
Gamma_1 2 1 8086 0 0 65383396 0 OK 31
Gamma_1 2 1 8087 0 0 65399569 0 OK 32
Gamma_1 2 1 8088 0 0 65415744 0 OK 16
Gamma_1 2 1 8089 0 0 65431921 0 OK 31
Gamma_1 2 1 8090 0 0 65448100 0 OK 16
Gamma_1 2 1 8091 0 0 65464281 0 OK 18
Gamma_1 2 1 8092 0 0 65480464 0 OK 18
Gamma_1 2 1 8093 0 0 65496649 0 OK 16
Gamma_1 2 1 8094 0 0 65512836 0 OK 32
Gamma_1 2 1 8095 0 0 65529025 0 OK 32
Gamma_1 2 1 8096 0 0 65545216 0 OK 18
Gamma_1 2 1 8097 0 0 65561409 0 OK 18
Gamma_1 2 1 8098 0 0 65577604 0 OK 16
Gamma_1 2 1 8099 0 0 65593801 0 OK 16
Gamma_1 2 1 8100 0 0 65610000 0 OK 16
Gamma_1 2 1 8101 0 0 65626201 0 OK 17
Gamma_1 2 1 8102 0 0 65642404 0 OK 17
Gamma_1 2 1 8103 0 0 65658609 0 OK 32
Gamma_1 2 1 8104 0 0 65674816 0 OK 17
Gamma_1 2 1 8105 0 0 65691025 0 OK 17
Gamma_1 2 1 8106 0 0 65707236 0 OK 17
Gamma_1 2 1 8107 0 0 65723449 0 OK 42
Gamma_1 2 1 8108 0 0 65739664 0 OK 19
Gamma_1 2 1 8109 0 0 65755881 0 OK 17
Gamma_1 2 1 8110 0 0 65772100 0 OK 16
Gamma_1 2 1 8111 0 0 65788321 0 OK 32
Gamma_1 2 1 8112 0 0 65804544 0 OK 19
Gamma_1 2 1 8113 0 0 65820769 0 OK 17
Gamma_1 2 1 8114 0 0 65836996 0 OK 32
Gamma_1 2 1 8115 0 0 65853225 0 OK 33
Gamma_1 2 1 8116 0 0 65869456 0 OK 16
Gamma_1 2 1 8117 0 0 65885689 0 OK 17
Gamma_1 2 1 8118 0 0 65901924 0 OK 31
Gamma_1 2 1 8119 0 0 65918161 0 OK 17
Gamma_1 2 1 8120 0 0 65934400 0 OK 17
Gamma_1 2 1 8121 0 0 65950641 0 OK 32
Gamma_1 2 1 8122 0 0 65966884 0 OK 17
Gamma_1 2 1 8123 0 0 65983129 0 OK 32
Gamma_1 2 1 8124 0 0 65999376 0 OK 17
Gamma_1 2 1 8125 0 0 66015625 0 OK 31
Gamma_1 2 1 8126 0 0 66031876 0 OK 17
Gamma_1 2 1 8127 0 0 66048129 0 OK 33
Gamma_1 2 1 8128 0 0 66064384 0 OK 17
Gamma_1 2 1 8129 0 0 66080641 0 OK 32
Gamma_1 2 1 8130 0 0 66096900 0 OK 17
Gamma_1 2 1 8131 0 0 66113161 0 OK 18
Gamma_1 2 1 8132 0 0 66129424 0 OK 18
Gamma_1 2 1 8133 0 0 66145689 0 OK 31
Gamma_1 2 1 8134 0 0 66161956 0 OK 18
Gamma_1 2 1 8135 0 0 66178225 0 OK 33
Gamma_1 2 1 8136 0 0 66194496 0 OK 17
Gamma_1 2 1 8137 0 0 66210769 0 OK 32
Gamma_1 2 1 8138 0 0 66227044 0 OK 18
Gamma_1 2 1 8139 0 0 66243321 0 OK 17
Gamma_1 2 1 8140 0 0 66259600 0 OK 32
Gamma_1 2 1 8141 0 0 66275881 0 OK 19
Gamma_1 2 1 8142 0 0 66292164 0 OK 16
Gamma_1 2 1 8143 0 0 66308449 0 OK 31
Gamma_1 2 1 8144 0 0 66324736 0 OK 18
Gamma_1 2 1 8145 0 0 66341025 0 OK 31
Gamma_1 2 1 8146 0 0 66357316 0 OK 17
Gamma_1 2 1 8147 0 0 66373609 0 OK 32
Gamma_1 2 1 8148 0 0 66389904 0 OK 32
Gamma_1 2 1 8149 0 0 66406201 0 OK 18
Gamma_1 2 1 8150 0 0 66422500 0 OK 17
Gamma_1 2 1 8151 0 0 66438801 0 OK 17
Gamma_1 2 1 8152 0 0 66455104 0 OK 17
Gamma_1 2 1 8153 0 0 66471409 0 OK 18
Gamma_1 2 1 8154 0 0 66487716 0 OK 17
Gamma_1 2 1 8155 0 0 66504025 0 OK 32
Gamma_1 2 1 8156 0 0 66520336 0 OK 31
Gamma_1 2 1 8157 0 0 66536649 0 OK 18
Gamma_1 2 1 8158 0 0 66552964 0 OK 32
Gamma_1 2 1 8159 0 0 66569281 0 OK 19
Gamma_1 2 1 8160 0 0 66585600 0 OK 21
Gamma_1 2 1 8161 0 0 66601921 0 OK 18
Gamma_1 2 1 8162 0 0 66618244 0 OK 31
Gamma_1 2 1 8163 0 0 66634569 0 OK 17
Gamma_1 2 1 8164 0 0 66650896 0 OK 18
Gamma_1 2 1 8165 0 0 66667225 0 OK 31
Gamma_1 2 1 8166 0 0 66683556 0 OK 30
Gamma_1 2 1 8167 0 0 66699889 0 OK 17
Gamma_1 2 1 8168 0 0 66716224 0 OK 18
Gamma_1 2 1 8169 0 0 66732561 0 OK 17
Gamma_1 2 1 8170 0 0 66748900 0 OK 16
Gamma_1 2 1 8171 0 0 66765241 0 OK 33
Gamma_1 2 1 8172 0 0 66781584 0 OK 31
Gamma_1 2 1 8173 0 0 66797929 0 OK 17
Gamma_1 2 1 8174 0 0 66814276 0 OK 31
Gamma_1 2 1 8175 0 0 66830625 0 OK 16
Gamma_1 2 1 8176 0 0 66846976 0 OK 32
Gamma_1 2 1 8177 0 0 66863329 0 OK 30
Gamma_1 2 1 8178 0 0 66879684 0 OK 18
Gamma_1 2 1 8179 0 0 66896041 0 OK 18
Gamma_1 2 1 8180 0 0 66912400 0 OK 16
Gamma_1 2 1 8181 0 0 66928761 0 OK 17
Gamma_1 2 1 8182 0 0 66945124 0 OK 16
Gamma_1 2 1 8183 0 0 66961489 0 OK 17
Gamma_1 2 1 8184 0 0 66977856 0 OK 16
Gamma_1 2 1 8185 0 0 66994225 0 OK 18
Gamma_1 2 1 8186 0 0 67010596 0 OK 17
Gamma_1 2 1 8187 0 0 67026969 0 OK 16
Gamma_1 2 1 8188 0 0 67043344 0 OK 18
Gamma_1 2 1 8189 0 0 67059721 0 OK 18
Gamma_1 2 1 8190 0 0 67076100 0 OK 31
Gamma_1 2 1 8191 0 0 67092481 0 OK 19
Gamma_1 2 1 8192 0 0 67108864 0 OK 18
Gamma_1 2 1 8193 0 0 67125249 0 OK 17
Gamma_1 2 1 8194 0 0 67141636 0 OK 17
Gamma_1 2 1 8195 0 0 67158025 0 OK 16
Gamma_1 2 1 8196 0 0 67174416 0 OK 17
Gamma_1 2 1 8197 0 0 67190809 0 OK 16
Gamma_1 2 1 8198 0 0 67207204 0 OK 17
Gamma_1 2 1 8199 0 0 67223601 0 OK 30
Gamma_1 2 1 8200 0 0 67240000 0 OK 32
Gamma_1 2 1 8201 0 0 67256401 0 OK 17
Gamma_1 2 1 8202 0 0 67272804 0 OK 31
Gamma_1 2 1 8203 0 0 67289209 0 OK 33
Gamma_1 2 1 8204 0 0 67305616 0 OK 18
Gamma_1 2 1 8205 0 0 67322025 0 OK 17
Gamma_1 2 1 8206 0 0 67338436 0 OK 16
Gamma_1 2 1 8207 0 0 67354849 0 OK 17
Gamma_1 2 1 8208 0 0 67371264 0 OK 20
Gamma_1 2 1 8209 0 0 67387681 0 OK 21
Gamma_1 2 1 8210 0 0 67404100 0 OK 17
Gamma_1 2 1 8211 0 0 67420521 0 OK 17
Gamma_1 2 1 8212 0 0 67436944 0 OK 18
Gamma_1 2 1 8213 0 0 67453369 0 OK 17
Gamma_1 2 1 8214 0 0 67469796 0 OK 17
Gamma_1 2 1 8215 0 0 67486225 0 OK 32
Gamma_1 2 1 8216 0 0 67502656 0 OK 30
Gamma_1 2 1 8217 0 0 67519089 0 OK 18
Gamma_1 2 1 8218 0 0 67535524 0 OK 17
Gamma_1 2 1 8219 0 0 67551961 0 OK 15
Gamma_1 2 1 8220 0 0 67568400 0 OK 17
Gamma_1 2 1 8221 0 0 67584841 0 OK 17
Gamma_1 2 1 8222 0 0 67601284 0 OK 17
Gamma_1 2 1 8223 0 0 67617729 0 OK 17
Gamma_1 2 1 8224 0 0 67634176 0 OK 18
Gamma_1 2 1 8225 0 0 67650625 0 OK 19
Gamma_1 2 1 8226 0 0 67667076 0 OK 18
Gamma_1 2 1 8227 0 0 67683529 0 OK 45
Gamma_1 2 1 8228 0 0 67699984 0 OK 17
Gamma_1 2 1 8229 0 0 67716441 0 OK 32
Gamma_1 2 1 8230 0 0 67732900 0 OK 18
Gamma_1 2 1 8231 0 0 67749361 0 OK 18
Gamma_1 2 1 8232 0 0 67765824 0 OK 42
Gamma_1 2 1 8233 0 0 67782289 0 OK 33
Gamma_1 2 1 8234 0 0 67798756 0 OK 16
Gamma_1 2 1 8235 0 0 67815225 0 OK 17
Gamma_1 2 1 8236 0 0 67831696 0 OK 33
Gamma_1 2 1 8237 0 0 67848169 0 OK 18
Gamma_1 2 1 8238 0 0 67864644 0 OK 18
Gamma_1 2 1 8239 0 0 67881121 0 OK 18
Gamma_1 2 1 8240 0 0 67897600 0 OK 17
Gamma_1 2 1 8241 0 0 67914081 0 OK 19
Gamma_1 2 1 8242 0 0 67930564 0 OK 18
Gamma_1 2 1 8243 0 0 67947049 0 OK 18
Gamma_1 2 1 8244 0 0 67963536 0 OK 33
Gamma_1 2 1 8245 0 0 67980025 0 OK 17
Gamma_1 2 1 8246 0 0 67996516 0 OK 32
Gamma_1 2 1 8247 0 0 68013009 0 OK 33
Gamma_1 2 1 8248 0 0 68029504 0 OK 32
Gamma_1 2 1 8249 0 0 68046001 0 OK 18
Gamma_1 2 1 8250 0 0 68062500 0 OK 17
Gamma_1 2 1 8251 0 0 68079001 0 OK 32
Gamma_1 2 1 8252 0 0 68095504 0 OK 18
Gamma_1 2 1 8253 0 0 68112009 0 OK 18
Gamma_1 2 1 8254 0 0 68128516 0 OK 17
Gamma_1 2 1 8255 0 0 68145025 0 OK 19
Gamma_1 2 1 8256 0 0 68161536 0 OK 30
Gamma_1 2 1 8257 0 0 68178049 0 OK 18
Gamma_1 2 1 8258 0 0 68194564 0 OK 17
Gamma_1 2 1 8259 0 0 68211081 0 OK 16
Gamma_1 2 1 8260 0 0 68227600 0 OK 16
Gamma_1 2 1 8261 0 0 68244121 0 OK 18
Gamma_1 2 1 8262 0 0 68260644 0 OK 17
Gamma_1 2 1 8263 0 0 68277169 0 OK 33
Gamma_1 2 1 8264 0 0 68293696 0 OK 17
Gamma_1 2 1 8265 0 0 68310225 0 OK 32
Gamma_1 2 1 8266 0 0 68326756 0 OK 18
Gamma_1 2 1 8267 0 0 68343289 0 OK 17
Gamma_1 2 1 8268 0 0 68359824 0 OK 32
Gamma_1 2 1 8269 0 0 68376361 0 OK 33
Gamma_1 2 1 8270 0 0 68392900 0 OK 18
Gamma_1 2 1 8271 0 0 68409441 0 OK 16
Gamma_1 2 1 8272 0 0 68425984 0 OK 16
Gamma_1 2 1 8273 0 0 68442529 0 OK 16
Gamma_1 2 1 8274 0 0 68459076 0 OK 17
Gamma_1 2 1 8275 0 0 68475625 0 OK 17
Gamma_1 2 1 8276 0 0 68492176 0 OK 18
Gamma_1 2 1 8277 0 0 68508729 0 OK 19
Gamma_1 2 1 8278 0 0 68525284 0 OK 17
Gamma_1 2 1 8279 0 0 68541841 0 OK 16
Gamma_1 2 1 8280 0 0 68558400 0 OK 16
Gamma_1 2 1 8281 0 0 68574961 0 OK 35
Gamma_1 2 1 8282 0 0 68591524 0 OK 17
Gamma_1 2 1 8283 0 0 68608089 0 OK 17
Gamma_1 2 1 8284 0 0 68624656 0 OK 17
Gamma_1 2 1 8285 0 0 68641225 0 OK 16
Gamma_1 2 1 8286 0 0 68657796 0 OK 32
Gamma_1 2 1 8287 0 0 68674369 0 OK 18
Gamma_1 2 1 8288 0 0 68690944 0 OK 34
Gamma_1 2 1 8289 0 0 68707521 0 OK 17
Gamma_1 2 1 8290 0 0 68724100 0 OK 17
Gamma_1 2 1 8291 0 0 68740681 0 OK 16
Gamma_1 2 1 8292 0 0 68757264 0 OK 33
Gamma_1 2 1 8293 0 0 68773849 0 OK 18
Gamma_1 2 1 8294 0 0 68790436 0 OK 17
Gamma_1 2 1 8295 0 0 68807025 0 OK 17
Gamma_1 2 1 8296 0 0 68823616 0 OK 32
Gamma_1 2 1 8297 0 0 68840209 0 OK 33
Gamma_1 2 1 8298 0 0 68856804 0 OK 18
Gamma_1 2 1 8299 0 0 68873401 0 OK 17
Gamma_1 2 1 8300 0 0 68890000 0 OK 18
Gamma_1 2 1 8301 0 0 68906601 0 OK 17
Gamma_1 2 1 8302 0 0 68923204 0 OK 17
Gamma_1 2 1 8303 0 0 68939809 0 OK 16
Gamma_1 2 1 8304 0 0 68956416 0 OK 17
Gamma_1 2 1 8305 0 0 68973025 0 OK 36
Gamma_1 2 1 8306 0 0 68989636 0 OK 17
Gamma_1 2 1 8307 0 0 69006249 0 OK 43
Gamma_1 2 1 8308 0 0 69022864 0 OK 18
Gamma_1 2 1 8309 0 0 69039481 0 OK 31
Gamma_1 2 1 8310 0 0 69056100 0 OK 17
Gamma_1 2 1 8311 0 0 69072721 0 OK 17
Gamma_1 2 1 8312 0 0 69089344 0 OK 19
Gamma_1 2 1 8313 0 0 69105969 0 OK 41
Gamma_1 2 1 8314 0 0 69122596 0 OK 18
Gamma_1 2 1 8315 0 0 69139225 0 OK 31
Gamma_1 2 1 8316 0 0 69155856 0 OK 33
Gamma_1 2 1 8317 0 0 69172489 0 OK 17
Gamma_1 2 1 8318 0 0 69189124 0 OK 17
Gamma_1 2 1 8319 0 0 69205761 0 OK 17
Gamma_1 2 1 8320 0 0 69222400 0 OK 19
Gamma_1 2 1 8321 0 0 69239041 0 OK 17
Gamma_1 2 1 8322 0 0 69255684 0 OK 18
Gamma_1 2 1 8323 0 0 69272329 0 OK 16
Gamma_1 2 1 8324 0 0 69288976 0 OK 19
Gamma_1 2 1 8325 0 0 69305625 0 OK 17
Gamma_1 2 1 8326 0 0 69322276 0 OK 18
Gamma_1 2 1 8327 0 0 69338929 0 OK 17
Gamma_1 2 1 8328 0 0 69355584 0 OK 20
Gamma_1 2 1 8329 0 0 69372241 0 OK 17
Gamma_1 2 1 8330 0 0 69388900 0 OK 17
Gamma_1 2 1 8331 0 0 69405561 0 OK 32
Gamma_1 2 1 8332 0 0 69422224 0 OK 32
Gamma_1 2 1 8333 0 0 69438889 0 OK 19
Gamma_1 2 1 8334 0 0 69455556 0 OK 31
Gamma_1 2 1 8335 0 0 69472225 0 OK 16
Gamma_1 2 1 8336 0 0 69488896 0 OK 19
Gamma_1 2 1 8337 0 0 69505569 0 OK 17
Gamma_1 2 1 8338 0 0 69522244 0 OK 17
Gamma_1 2 1 8339 0 0 69538921 0 OK 17
Gamma_1 2 1 8340 0 0 69555600 0 OK 32
Gamma_1 2 1 8341 0 0 69572281 0 OK 17
Gamma_1 2 1 8342 0 0 69588964 0 OK 18
Gamma_1 2 1 8343 0 0 69605649 0 OK 15
Gamma_1 2 1 8344 0 0 69622336 0 OK 18
Gamma_1 2 1 8345 0 0 69639025 0 OK 18
Gamma_1 2 1 8346 0 0 69655716 0 OK 32
Gamma_1 2 1 8347 0 0 69672409 0 OK 18
Gamma_1 2 1 8348 0 0 69689104 0 OK 17
Gamma_1 2 1 8349 0 0 69705801 0 OK 17
Gamma_1 2 1 8350 0 0 69722500 0 OK 32
Gamma_1 2 1 8351 0 0 69739201 0 OK 17
Gamma_1 2 1 8352 0 0 69755904 0 OK 32
Gamma_1 2 1 8353 0 0 69772609 0 OK 34
Gamma_1 2 1 8354 0 0 69789316 0 OK 32
Gamma_1 2 1 8355 0 0 69806025 0 OK 17
Gamma_1 2 1 8356 0 0 69822736 0 OK 19
Gamma_1 2 1 8357 0 0 69839449 0 OK 17
Gamma_1 2 1 8358 0 0 69856164 0 OK 17
Gamma_1 2 1 8359 0 0 69872881 0 OK 33
Gamma_1 2 1 8360 0 0 69889600 0 OK 18
Gamma_1 2 1 8361 0 0 69906321 0 OK 33
Gamma_1 2 1 8362 0 0 69923044 0 OK 35
Gamma_1 2 1 8363 0 0 69939769 0 OK 33
Gamma_1 2 1 8364 0 0 69956496 0 OK 18
Gamma_1 2 1 8365 0 0 69973225 0 OK 32
Gamma_1 2 1 8366 0 0 69989956 0 OK 17
Gamma_1 2 1 8367 0 0 70006689 0 OK 33
Gamma_1 2 1 8368 0 0 70023424 0 OK 44
Gamma_1 2 1 8369 0 0 70040161 0 OK 16
Gamma_1 2 1 8370 0 0 70056900 0 OK 33
Gamma_1 2 1 8371 0 0 70073641 0 OK 33
Gamma_1 2 1 8372 0 0 70090384 0 OK 18
Gamma_1 2 1 8373 0 0 70107129 0 OK 17
Gamma_1 2 1 8374 0 0 70123876 0 OK 18
Gamma_1 2 1 8375 0 0 70140625 0 OK 16
Gamma_1 2 1 8376 0 0 70157376 0 OK 33
Gamma_1 2 1 8377 0 0 70174129 0 OK 35
Gamma_1 2 1 8378 0 0 70190884 0 OK 34
Gamma_1 2 1 8379 0 0 70207641 0 OK 19
Gamma_1 2 1 8380 0 0 70224400 0 OK 17
Gamma_1 2 1 8381 0 0 70241161 0 OK 33
Gamma_1 2 1 8382 0 0 70257924 0 OK 20
Gamma_1 2 1 8383 0 0 70274689 0 OK 18
Gamma_1 2 1 8384 0 0 70291456 0 OK 18
Gamma_1 2 1 8385 0 0 70308225 0 OK 18
Gamma_1 2 1 8386 0 0 70324996 0 OK 18
Gamma_1 2 1 8387 0 0 70341769 0 OK 17
Gamma_1 2 1 8388 0 0 70358544 0 OK 35
Gamma_1 2 1 8389 0 0 70375321 0 OK 18
Gamma_1 2 1 8390 0 0 70392100 0 OK 18
Gamma_1 2 1 8391 0 0 70408881 0 OK 32
Gamma_1 2 1 8392 0 0 70425664 0 OK 18
Gamma_1 2 1 8393 0 0 70442449 0 OK 32
Gamma_1 2 1 8394 0 0 70459236 0 OK 31
Gamma_1 2 1 8395 0 0 70476025 0 OK 16
Gamma_1 2 1 8396 0 0 70492816 0 OK 19
Gamma_1 2 1 8397 0 0 70509609 0 OK 32
Gamma_1 2 1 8398 0 0 70526404 0 OK 18
Gamma_1 2 1 8399 0 0 70543201 0 OK 18
Gamma_1 2 1 8400 0 0 70560000 0 OK 20
Gamma_1 2 1 8401 0 0 70576801 0 OK 30
Gamma_1 2 1 8402 0 0 70593604 0 OK 17
Gamma_1 2 1 8403 0 0 70610409 0 OK 17
Gamma_1 2 1 8404 0 0 70627216 0 OK 18
Gamma_1 2 1 8405 0 0 70644025 0 OK 16
Gamma_1 2 1 8406 0 0 70660836 0 OK 30
Gamma_1 2 1 8407 0 0 70677649 0 OK 17
Gamma_1 2 1 8408 0 0 70694464 0 OK 17
Gamma_1 2 1 8409 0 0 70711281 0 OK 17
Gamma_1 2 1 8410 0 0 70728100 0 OK 18
Gamma_1 2 1 8411 0 0 70744921 0 OK 32
Gamma_1 2 1 8412 0 0 70761744 0 OK 18
Gamma_1 2 1 8413 0 0 70778569 0 OK 17
Gamma_1 2 1 8414 0 0 70795396 0 OK 33
Gamma_1 2 1 8415 0 0 70812225 0 OK 16
Gamma_1 2 1 8416 0 0 70829056 0 OK 18
Gamma_1 2 1 8417 0 0 70845889 0 OK 17
Gamma_1 2 1 8418 0 0 70862724 0 OK 17
Gamma_1 2 1 8419 0 0 70879561 0 OK 31
Gamma_1 2 1 8420 0 0 70896400 0 OK 19
Gamma_1 2 1 8421 0 0 70913241 0 OK 17
Gamma_1 2 1 8422 0 0 70930084 0 OK 17
Gamma_1 2 1 8423 0 0 70946929 0 OK 31
Gamma_1 2 1 8424 0 0 70963776 0 OK 17
Gamma_1 2 1 8425 0 0 70980625 0 OK 31
Gamma_1 2 1 8426 0 0 70997476 0 OK 18
Gamma_1 2 1 8427 0 0 71014329 0 OK 29
Gamma_1 2 1 8428 0 0 71031184 0 OK 17
Gamma_1 2 1 8429 0 0 71048041 0 OK 17
Gamma_1 2 1 8430 0 0 71064900 0 OK 31
Gamma_1 2 1 8431 0 0 71081761 0 OK 16
Gamma_1 2 1 8432 0 0 71098624 0 OK 17
Gamma_1 2 1 8433 0 0 71115489 0 OK 16
Gamma_1 2 1 8434 0 0 71132356 0 OK 31
Gamma_1 2 1 8435 0 0 71149225 0 OK 32
Gamma_1 2 1 8436 0 0 71166096 0 OK 17
Gamma_1 2 1 8437 0 0 71182969 0 OK 32
Gamma_1 2 1 8438 0 0 71199844 0 OK 19
Gamma_1 2 1 8439 0 0 71216721 0 OK 17
Gamma_1 2 1 8440 0 0 71233600 0 OK 31
Gamma_1 2 1 8441 0 0 71250481 0 OK 18
Gamma_1 2 1 8442 0 0 71267364 0 OK 18
Gamma_1 2 1 8443 0 0 71284249 0 OK 17
Gamma_1 2 1 8444 0 0 71301136 0 OK 18
Gamma_1 2 1 8445 0 0 71318025 0 OK 32
Gamma_1 2 1 8446 0 0 71334916 0 OK 34
Gamma_1 2 1 8447 0 0 71351809 0 OK 18
Gamma_1 2 1 8448 0 0 71368704 0 OK 33
Gamma_1 2 1 8449 0 0 71385601 0 OK 18
Gamma_1 2 1 8450 0 0 71402500 0 OK 30
Gamma_1 2 1 8451 0 0 71419401 0 OK 17
Gamma_1 2 1 8452 0 0 71436304 0 OK 18
Gamma_1 2 1 8453 0 0 71453209 0 OK 18
Gamma_1 2 1 8454 0 0 71470116 0 OK 19
Gamma_1 2 1 8455 0 0 71487025 0 OK 17
Gamma_1 2 1 8456 0 0 71503936 0 OK 18
Gamma_1 2 1 8457 0 0 71520849 0 OK 16
Gamma_1 2 1 8458 0 0 71537764 0 OK 17
Gamma_1 2 1 8459 0 0 71554681 0 OK 16
Gamma_1 2 1 8460 0 0 71571600 0 OK 31
Gamma_1 2 1 8461 0 0 71588521 0 OK 32
Gamma_1 2 1 8462 0 0 71605444 0 OK 17
Gamma_1 2 1 8463 0 0 71622369 0 OK 17
Gamma_1 2 1 8464 0 0 71639296 0 OK 17
Gamma_1 2 1 8465 0 0 71656225 0 OK 19
Gamma_1 2 1 8466 0 0 71673156 0 OK 31
Gamma_1 2 1 8467 0 0 71690089 0 OK 31
Gamma_1 2 1 8468 0 0 71707024 0 OK 17
Gamma_1 2 1 8469 0 0 71723961 0 OK 31
Gamma_1 2 1 8470 0 0 71740900 0 OK 18
Gamma_1 2 1 8471 0 0 71757841 0 OK 18
Gamma_1 2 1 8472 0 0 71774784 0 OK 33
Gamma_1 2 1 8473 0 0 71791729 0 OK 19
Gamma_1 2 1 8474 0 0 71808676 0 OK 16
Gamma_1 2 1 8475 0 0 71825625 0 OK 42
Gamma_1 2 1 8476 0 0 71842576 0 OK 33
Gamma_1 2 1 8477 0 0 71859529 0 OK 17
Gamma_1 2 1 8478 0 0 71876484 0 OK 15
Gamma_1 2 1 8479 0 0 71893441 0 OK 32
Gamma_1 2 1 8480 0 0 71910400 0 OK 32
Gamma_1 2 1 8481 0 0 71927361 0 OK 33
Gamma_1 2 1 8482 0 0 71944324 0 OK 32
Gamma_1 2 1 8483 0 0 71961289 0 OK 34
Gamma_1 2 1 8484 0 0 71978256 0 OK 17
Gamma_1 2 1 8485 0 0 71995225 0 OK 17
Gamma_1 2 1 8486 0 0 72012196 0 OK 33
Gamma_1 2 1 8487 0 0 72029169 0 OK 17
Gamma_1 2 1 8488 0 0 72046144 0 OK 18
Gamma_1 2 1 8489 0 0 72063121 0 OK 17
Gamma_1 2 1 8490 0 0 72080100 0 OK 19
Gamma_1 2 1 8491 0 0 72097081 0 OK 32
Gamma_1 2 1 8492 0 0 72114064 0 OK 18
Gamma_1 2 1 8493 0 0 72131049 0 OK 32
Gamma_1 2 1 8494 0 0 72148036 0 OK 19
Gamma_1 2 1 8495 0 0 72165025 0 OK 17
Gamma_1 2 1 8496 0 0 72182016 0 OK 18
Gamma_1 2 1 8497 0 0 72199009 0 OK 18
Gamma_1 2 1 8498 0 0 72216004 0 OK 19
Gamma_1 2 1 8499 0 0 72233001 0 OK 31
Gamma_1 2 1 8500 0 0 72250000 0 OK 31
Gamma_1 2 1 8501 0 0 72267001 0 OK 17
Gamma_1 2 1 8502 0 0 72284004 0 OK 17
Gamma_1 2 1 8503 0 0 72301009 0 OK 17
Gamma_1 2 1 8504 0 0 72318016 0 OK 17
Gamma_1 2 1 8505 0 0 72335025 0 OK 18
Gamma_1 2 1 8506 0 0 72352036 0 OK 17
Gamma_1 2 1 8507 0 0 72369049 0 OK 18
Gamma_1 2 1 8508 0 0 72386064 0 OK 17
Gamma_1 2 1 8509 0 0 72403081 0 OK 16
Gamma_1 2 1 8510 0 0 72420100 0 OK 17
Gamma_1 2 1 8511 0 0 72437121 0 OK 16
Gamma_1 2 1 8512 0 0 72454144 0 OK 18
Gamma_1 2 1 8513 0 0 72471169 0 OK 17
Gamma_1 2 1 8514 0 0 72488196 0 OK 33
Gamma_1 2 1 8515 0 0 72505225 0 OK 33
Gamma_1 2 1 8516 0 0 72522256 0 OK 20
Gamma_1 2 1 8517 0 0 72539289 0 OK 17
Gamma_1 2 1 8518 0 0 72556324 0 OK 18
Gamma_1 2 1 8519 0 0 72573361 0 OK 18
Gamma_1 2 1 8520 0 0 72590400 0 OK 18
Gamma_1 2 1 8521 0 0 72607441 0 OK 17
Gamma_1 2 1 8522 0 0 72624484 0 OK 18
Gamma_1 2 1 8523 0 0 72641529 0 OK 31
Gamma_1 2 1 8524 0 0 72658576 0 OK 19
Gamma_1 2 1 8525 0 0 72675625 0 OK 17
Gamma_1 2 1 8526 0 0 72692676 0 OK 17
Gamma_1 2 1 8527 0 0 72709729 0 OK 45
Gamma_1 2 1 8528 0 0 72726784 0 OK 17
Gamma_1 2 1 8529 0 0 72743841 0 OK 32
Gamma_1 2 1 8530 0 0 72760900 0 OK 33
Gamma_1 2 1 8531 0 0 72777961 0 OK 18
Gamma_1 2 1 8532 0 0 72795024 0 OK 17
Gamma_1 2 1 8533 0 0 72812089 0 OK 31
Gamma_1 2 1 8534 0 0 72829156 0 OK 18
Gamma_1 2 1 8535 0 0 72846225 0 OK 16
Gamma_1 2 1 8536 0 0 72863296 0 OK 17
Gamma_1 2 1 8537 0 0 72880369 0 OK 16
Gamma_1 2 1 8538 0 0 72897444 0 OK 32
Gamma_1 2 1 8539 0 0 72914521 0 OK 16
Gamma_1 2 1 8540 0 0 72931600 0 OK 17
Gamma_1 2 1 8541 0 0 72948681 0 OK 31
Gamma_1 2 1 8542 0 0 72965764 0 OK 16
Gamma_1 2 1 8543 0 0 72982849 0 OK 15
Gamma_1 2 1 8544 0 0 72999936 0 OK 32
Gamma_1 2 1 8545 0 0 73017025 0 OK 31
Gamma_1 2 1 8546 0 0 73034116 0 OK 17
Gamma_1 2 1 8547 0 0 73051209 0 OK 32
Gamma_1 2 1 8548 0 0 73068304 0 OK 17
Gamma_1 2 1 8549 0 0 73085401 0 OK 31
Gamma_1 2 1 8550 0 0 73102500 0 OK 32
Gamma_1 2 1 8551 0 0 73119601 0 OK 34
Gamma_1 2 1 8552 0 0 73136704 0 OK 19
Gamma_1 2 1 8553 0 0 73153809 0 OK 33
Gamma_1 2 1 8554 0 0 73170916 0 OK 20
Gamma_1 2 1 8555 0 0 73188025 0 OK 17
Gamma_1 2 1 8556 0 0 73205136 0 OK 19
Gamma_1 2 1 8557 0 0 73222249 0 OK 19
Gamma_1 2 1 8558 0 0 73239364 0 OK 33
Gamma_1 2 1 8559 0 0 73256481 0 OK 18
Gamma_1 2 1 8560 0 0 73273600 0 OK 17
Gamma_1 2 1 8561 0 0 73290721 0 OK 32
Gamma_1 2 1 8562 0 0 73307844 0 OK 41
Gamma_1 2 1 8563 0 0 73324969 0 OK 16
Gamma_1 2 1 8564 0 0 73342096 0 OK 18
Gamma_1 2 1 8565 0 0 73359225 0 OK 32
Gamma_1 2 1 8566 0 0 73376356 0 OK 17
Gamma_1 2 1 8567 0 0 73393489 0 OK 17
Gamma_1 2 1 8568 0 0 73410624 0 OK 18
Gamma_1 2 1 8569 0 0 73427761 0 OK 32
Gamma_1 2 1 8570 0 0 73444900 0 OK 31
Gamma_1 2 1 8571 0 0 73462041 0 OK 35
Gamma_1 2 1 8572 0 0 73479184 0 OK 31
Gamma_1 2 1 8573 0 0 73496329 0 OK 21
Gamma_1 2 1 8574 0 0 73513476 0 OK 32
Gamma_1 2 1 8575 0 0 73530625 0 OK 18
Gamma_1 2 1 8576 0 0 73547776 0 OK 33
Gamma_1 2 1 8577 0 0 73564929 0 OK 17
Gamma_1 2 1 8578 0 0 73582084 0 OK 31
Gamma_1 2 1 8579 0 0 73599241 0 OK 31
Gamma_1 2 1 8580 0 0 73616400 0 OK 18
Gamma_1 2 1 8581 0 0 73633561 0 OK 17
Gamma_1 2 1 8582 0 0 73650724 0 OK 17
Gamma_1 2 1 8583 0 0 73667889 0 OK 31
Gamma_1 2 1 8584 0 0 73685056 0 OK 18
Gamma_1 2 1 8585 0 0 73702225 0 OK 17
Gamma_1 2 1 8586 0 0 73719396 0 OK 17
Gamma_1 2 1 8587 0 0 73736569 0 OK 16
Gamma_1 2 1 8588 0 0 73753744 0 OK 17
Gamma_1 2 1 8589 0 0 73770921 0 OK 16
Gamma_1 2 1 8590 0 0 73788100 0 OK 31
Gamma_1 2 1 8591 0 0 73805281 0 OK 30
Gamma_1 2 1 8592 0 0 73822464 0 OK 18
Gamma_1 2 1 8593 0 0 73839649 0 OK 19
Gamma_1 2 1 8594 0 0 73856836 0 OK 31
Gamma_1 2 1 8595 0 0 73874025 0 OK 19
Gamma_1 2 1 8596 0 0 73891216 0 OK 17
Gamma_1 2 1 8597 0 0 73908409 0 OK 18
Gamma_1 2 1 8598 0 0 73925604 0 OK 18
Gamma_1 2 1 8599 0 0 73942801 0 OK 34
Gamma_1 2 1 8600 0 0 73960000 0 OK 17
Gamma_1 2 1 8601 0 0 73977201 0 OK 32
Gamma_1 2 1 8602 0 0 73994404 0 OK 19
Gamma_1 2 1 8603 0 0 74011609 0 OK 32
Gamma_1 2 1 8604 0 0 74028816 0 OK 32
Gamma_1 2 1 8605 0 0 74046025 0 OK 31
Gamma_1 2 1 8606 0 0 74063236 0 OK 18
Gamma_1 2 1 8607 0 0 74080449 0 OK 18
Gamma_1 2 1 8608 0 0 74097664 0 OK 16
Gamma_1 2 1 8609 0 0 74114881 0 OK 17
Gamma_1 2 1 8610 0 0 74132100 0 OK 18
Gamma_1 2 1 8611 0 0 74149321 0 OK 17
Gamma_1 2 1 8612 0 0 74166544 0 OK 31
Gamma_1 2 1 8613 0 0 74183769 0 OK 18
Gamma_1 2 1 8614 0 0 74200996 0 OK 32
Gamma_1 2 1 8615 0 0 74218225 0 OK 17
Gamma_1 2 1 8616 0 0 74235456 0 OK 31
Gamma_1 2 1 8617 0 0 74252689 0 OK 17
Gamma_1 2 1 8618 0 0 74269924 0 OK 31
Gamma_1 2 1 8619 0 0 74287161 0 OK 32
Gamma_1 2 1 8620 0 0 74304400 0 OK 16
Gamma_1 2 1 8621 0 0 74321641 0 OK 17
Gamma_1 2 1 8622 0 0 74338884 0 OK 17
Gamma_1 2 1 8623 0 0 74356129 0 OK 16
Gamma_1 2 1 8624 0 0 74373376 0 OK 18
Gamma_1 2 1 8625 0 0 74390625 0 OK 17
Gamma_1 2 1 8626 0 0 74407876 0 OK 17
Gamma_1 2 1 8627 0 0 74425129 0 OK 31
Gamma_1 2 1 8628 0 0 74442384 0 OK 18
Gamma_1 2 1 8629 0 0 74459641 0 OK 30
Gamma_1 2 1 8630 0 0 74476900 0 OK 18
Gamma_1 2 1 8631 0 0 74494161 0 OK 16
Gamma_1 2 1 8632 0 0 74511424 0 OK 16
Gamma_1 2 1 8633 0 0 74528689 0 OK 19
Gamma_1 2 1 8634 0 0 74545956 0 OK 17
Gamma_1 2 1 8635 0 0 74563225 0 OK 32
Gamma_1 2 1 8636 0 0 74580496 0 OK 19
Gamma_1 2 1 8637 0 0 74597769 0 OK 16
Gamma_1 2 1 8638 0 0 74615044 0 OK 18
Gamma_1 2 1 8639 0 0 74632321 0 OK 16
Gamma_1 2 1 8640 0 0 74649600 0 OK 16
Gamma_1 2 1 8641 0 0 74666881 0 OK 19
Gamma_1 2 1 8642 0 0 74684164 0 OK 18
Gamma_1 2 1 8643 0 0 74701449 0 OK 33
Gamma_1 2 1 8644 0 0 74718736 0 OK 18
Gamma_1 2 1 8645 0 0 74736025 0 OK 16
Gamma_1 2 1 8646 0 0 74753316 0 OK 18
Gamma_1 2 1 8647 0 0 74770609 0 OK 16
Gamma_1 2 1 8648 0 0 74787904 0 OK 18
Gamma_1 2 1 8649 0 0 74805201 0 OK 17
Gamma_1 2 1 8650 0 0 74822500 0 OK 32
Gamma_1 2 1 8651 0 0 74839801 0 OK 16
Gamma_1 2 1 8652 0 0 74857104 0 OK 31
Gamma_1 2 1 8653 0 0 74874409 0 OK 17
Gamma_1 2 1 8654 0 0 74891716 0 OK 17
Gamma_1 2 1 8655 0 0 74909025 0 OK 31
Gamma_1 2 1 8656 0 0 74926336 0 OK 17
Gamma_1 2 1 8657 0 0 74943649 0 OK 31
Gamma_1 2 1 8658 0 0 74960964 0 OK 18
Gamma_1 2 1 8659 0 0 74978281 0 OK 18
Gamma_1 2 1 8660 0 0 74995600 0 OK 31
Gamma_1 2 1 8661 0 0 75012921 0 OK 17
Gamma_1 2 1 8662 0 0 75030244 0 OK 33
Gamma_1 2 1 8663 0 0 75047569 0 OK 33
Gamma_1 2 1 8664 0 0 75064896 0 OK 16
Gamma_1 2 1 8665 0 0 75082225 0 OK 17
Gamma_1 2 1 8666 0 0 75099556 0 OK 18
Gamma_1 2 1 8667 0 0 75116889 0 OK 44
Gamma_1 2 1 8668 0 0 75134224 0 OK 18
Gamma_1 2 1 8669 0 0 75151561 0 OK 33
Gamma_1 2 1 8670 0 0 75168900 0 OK 19
Gamma_1 2 1 8671 0 0 75186241 0 OK 18
Gamma_1 2 1 8672 0 0 75203584 0 OK 17
Gamma_1 2 1 8673 0 0 75220929 0 OK 18
Gamma_1 2 1 8674 0 0 75238276 0 OK 18
Gamma_1 2 1 8675 0 0 75255625 0 OK 16
Gamma_1 2 1 8676 0 0 75272976 0 OK 16
Gamma_1 2 1 8677 0 0 75290329 0 OK 16
Gamma_1 2 1 8678 0 0 75307684 0 OK 30
Gamma_1 2 1 8679 0 0 75325041 0 OK 32
Gamma_1 2 1 8680 0 0 75342400 0 OK 18
Gamma_1 2 1 8681 0 0 75359761 0 OK 16
Gamma_1 2 1 8682 0 0 75377124 0 OK 17
Gamma_1 2 1 8683 0 0 75394489 0 OK 16
Gamma_1 2 1 8684 0 0 75411856 0 OK 16
Gamma_1 2 1 8685 0 0 75429225 0 OK 17
Gamma_1 2 1 8686 0 0 75446596 0 OK 16
Gamma_1 2 1 8687 0 0 75463969 0 OK 17
Gamma_1 2 1 8688 0 0 75481344 0 OK 17
Gamma_1 2 1 8689 0 0 75498721 0 OK 33
Gamma_1 2 1 8690 0 0 75516100 0 OK 18
Gamma_1 2 1 8691 0 0 75533481 0 OK 17
Gamma_1 2 1 8692 0 0 75550864 0 OK 18
Gamma_1 2 1 8693 0 0 75568249 0 OK 32
Gamma_1 2 1 8694 0 0 75585636 0 OK 19
Gamma_1 2 1 8695 0 0 75603025 0 OK 16
Gamma_1 2 1 8696 0 0 75620416 0 OK 19
Gamma_1 2 1 8697 0 0 75637809 0 OK 17
Gamma_1 2 1 8698 0 0 75655204 0 OK 34
Gamma_1 2 1 8699 0 0 75672601 0 OK 32
Gamma_1 2 1 8700 0 0 75690000 0 OK 19
Gamma_1 2 1 8701 0 0 75707401 0 OK 18
Gamma_1 2 1 8702 0 0 75724804 0 OK 31
Gamma_1 2 1 8703 0 0 75742209 0 OK 18
Gamma_1 2 1 8704 0 0 75759616 0 OK 17
Gamma_1 2 1 8705 0 0 75777025 0 OK 18
Gamma_1 2 1 8706 0 0 75794436 0 OK 17
Gamma_1 2 1 8707 0 0 75811849 0 OK 30
Gamma_1 2 1 8708 0 0 75829264 0 OK 18
Gamma_1 2 1 8709 0 0 75846681 0 OK 33
Gamma_1 2 1 8710 0 0 75864100 0 OK 18
Gamma_1 2 1 8711 0 0 75881521 0 OK 16
Gamma_1 2 1 8712 0 0 75898944 0 OK 17
Gamma_1 2 1 8713 0 0 75916369 0 OK 17
Gamma_1 2 1 8714 0 0 75933796 0 OK 17
Gamma_1 2 1 8715 0 0 75951225 0 OK 35
Gamma_1 2 1 8716 0 0 75968656 0 OK 20
Gamma_1 2 1 8717 0 0 75986089 0 OK 17
Gamma_1 2 1 8718 0 0 76003524 0 OK 18
Gamma_1 2 1 8719 0 0 76020961 0 OK 15
Gamma_1 2 1 8720 0 0 76038400 0 OK 30
Gamma_1 2 1 8721 0 0 76055841 0 OK 33
Gamma_1 2 1 8722 0 0 76073284 0 OK 17
Gamma_1 2 1 8723 0 0 76090729 0 OK 17
Gamma_1 2 1 8724 0 0 76108176 0 OK 18
Gamma_1 2 1 8725 0 0 76125625 0 OK 18
Gamma_1 2 1 8726 0 0 76143076 0 OK 32
Gamma_1 2 1 8727 0 0 76160529 0 OK 31
Gamma_1 2 1 8728 0 0 76177984 0 OK 17
Gamma_1 2 1 8729 0 0 76195441 0 OK 31
Gamma_1 2 1 8730 0 0 76212900 0 OK 17
Gamma_1 2 1 8731 0 0 76230361 0 OK 17
Gamma_1 2 1 8732 0 0 76247824 0 OK 18
Gamma_1 2 1 8733 0 0 76265289 0 OK 18
Gamma_1 2 1 8734 0 0 76282756 0 OK 33
Gamma_1 2 1 8735 0 0 76300225 0 OK 18
Gamma_1 2 1 8736 0 0 76317696 0 OK 33
Gamma_1 2 1 8737 0 0 76335169 0 OK 34
Gamma_1 2 1 8738 0 0 76352644 0 OK 16
Gamma_1 2 1 8739 0 0 76370121 0 OK 17
Gamma_1 2 1 8740 0 0 76387600 0 OK 18
Gamma_1 2 1 8741 0 0 76405081 0 OK 31
Gamma_1 2 1 8742 0 0 76422564 0 OK 17
Gamma_1 2 1 8743 0 0 76440049 0 OK 17
Gamma_1 2 1 8744 0 0 76457536 0 OK 30
Gamma_1 2 1 8745 0 0 76475025 0 OK 18
Gamma_1 2 1 8746 0 0 76492516 0 OK 17
Gamma_1 2 1 8747 0 0 76510009 0 OK 18
Gamma_1 2 1 8748 0 0 76527504 0 OK 18
Gamma_1 2 1 8749 0 0 76545001 0 OK 18
Gamma_1 2 1 8750 0 0 76562500 0 OK 16
Gamma_1 2 1 8751 0 0 76580001 0 OK 17
Gamma_1 2 1 8752 0 0 76597504 0 OK 17
Gamma_1 2 1 8753 0 0 76615009 0 OK 19
Gamma_1 2 1 8754 0 0 76632516 0 OK 33
Gamma_1 2 1 8755 0 0 76650025 0 OK 17
Gamma_1 2 1 8756 0 0 76667536 0 OK 17
Gamma_1 2 1 8757 0 0 76685049 0 OK 18
Gamma_1 2 1 8758 0 0 76702564 0 OK 16
Gamma_1 2 1 8759 0 0 76720081 0 OK 18
Gamma_1 2 1 8760 0 0 76737600 0 OK 36
Gamma_1 2 1 8761 0 0 76755121 0 OK 33
Gamma_1 2 1 8762 0 0 76772644 0 OK 17
Gamma_1 2 1 8763 0 0 76790169 0 OK 17
Gamma_1 2 1 8764 0 0 76807696 0 OK 18
Gamma_1 2 1 8765 0 0 76825225 0 OK 17
Gamma_1 2 1 8766 0 0 76842756 0 OK 43
Gamma_1 2 1 8767 0 0 76860289 0 OK 17
Gamma_1 2 1 8768 0 0 76877824 0 OK 19
Gamma_1 2 1 8769 0 0 76895361 0 OK 33
Gamma_1 2 1 8770 0 0 76912900 0 OK 17
Gamma_1 2 1 8771 0 0 76930441 0 OK 17
Gamma_1 2 1 8772 0 0 76947984 0 OK 17
Gamma_1 2 1 8773 0 0 76965529 0 OK 31
Gamma_1 2 1 8774 0 0 76983076 0 OK 33
Gamma_1 2 1 8775 0 0 77000625 0 OK 17
Gamma_1 2 1 8776 0 0 77018176 0 OK 17
Gamma_1 2 1 8777 0 0 77035729 0 OK 33
Gamma_1 2 1 8778 0 0 77053284 0 OK 17
Gamma_1 2 1 8779 0 0 77070841 0 OK 33
Gamma_1 2 1 8780 0 0 77088400 0 OK 31
Gamma_1 2 1 8781 0 0 77105961 0 OK 18
Gamma_1 2 1 8782 0 0 77123524 0 OK 31
Gamma_1 2 1 8783 0 0 77141089 0 OK 18
Gamma_1 2 1 8784 0 0 77158656 0 OK 18
Gamma_1 2 1 8785 0 0 77176225 0 OK 16
Gamma_1 2 1 8786 0 0 77193796 0 OK 17
Gamma_1 2 1 8787 0 0 77211369 0 OK 17
Gamma_1 2 1 8788 0 0 77228944 0 OK 18
Gamma_1 2 1 8789 0 0 77246521 0 OK 17
Gamma_1 2 1 8790 0 0 77264100 0 OK 16
Gamma_1 2 1 8791 0 0 77281681 0 OK 31
Gamma_1 2 1 8792 0 0 77299264 0 OK 17
Gamma_1 2 1 8793 0 0 77316849 0 OK 17
Gamma_1 2 1 8794 0 0 77334436 0 OK 17
Gamma_1 2 1 8795 0 0 77352025 0 OK 18
Gamma_1 2 1 8796 0 0 77369616 0 OK 19
Gamma_1 2 1 8797 0 0 77387209 0 OK 17
Gamma_1 2 1 8798 0 0 77404804 0 OK 17
Gamma_1 2 1 8799 0 0 77422401 0 OK 18
Gamma_1 2 1 8800 0 0 77440000 0 OK 19
Gamma_1 2 1 8801 0 0 77457601 0 OK 16
Gamma_1 2 1 8802 0 0 77475204 0 OK 18
Gamma_1 2 1 8803 0 0 77492809 0 OK 18
Gamma_1 2 1 8804 0 0 77510416 0 OK 16
Gamma_1 2 1 8805 0 0 77528025 0 OK 17
Gamma_1 2 1 8806 0 0 77545636 0 OK 32
Gamma_1 2 1 8807 0 0 77563249 0 OK 32
Gamma_1 2 1 8808 0 0 77580864 0 OK 31
Gamma_1 2 1 8809 0 0 77598481 0 OK 31
Gamma_1 2 1 8810 0 0 77616100 0 OK 16
Gamma_1 2 1 8811 0 0 77633721 0 OK 33
Gamma_1 2 1 8812 0 0 77651344 0 OK 17
Gamma_1 2 1 8813 0 0 77668969 0 OK 30
Gamma_1 2 1 8814 0 0 77686596 0 OK 17
Gamma_1 2 1 8815 0 0 77704225 0 OK 15
Gamma_1 2 1 8816 0 0 77721856 0 OK 31
Gamma_1 2 1 8817 0 0 77739489 0 OK 32
Gamma_1 2 1 8818 0 0 77757124 0 OK 30
Gamma_1 2 1 8819 0 0 77774761 0 OK 17
Gamma_1 2 1 8820 0 0 77792400 0 OK 31
Gamma_1 2 1 8821 0 0 77810041 0 OK 33
Gamma_1 2 1 8822 0 0 77827684 0 OK 17
Gamma_1 2 1 8823 0 0 77845329 0 OK 33
Gamma_1 2 1 8824 0 0 77862976 0 OK 17
Gamma_1 2 1 8825 0 0 77880625 0 OK 18
Gamma_1 2 1 8826 0 0 77898276 0 OK 17
Gamma_1 2 1 8827 0 0 77915929 0 OK 18
Gamma_1 2 1 8828 0 0 77933584 0 OK 31
Gamma_1 2 1 8829 0 0 77951241 0 OK 17
Gamma_1 2 1 8830 0 0 77968900 0 OK 16
Gamma_1 2 1 8831 0 0 77986561 0 OK 18
Gamma_1 2 1 8832 0 0 78004224 0 OK 18
Gamma_1 2 1 8833 0 0 78021889 0 OK 34
Gamma_1 2 1 8834 0 0 78039556 0 OK 17
Gamma_1 2 1 8835 0 0 78057225 0 OK 32
Gamma_1 2 1 8836 0 0 78074896 0 OK 19
Gamma_1 2 1 8837 0 0 78092569 0 OK 32
Gamma_1 2 1 8838 0 0 78110244 0 OK 18
Gamma_1 2 1 8839 0 0 78127921 0 OK 17
Gamma_1 2 1 8840 0 0 78145600 0 OK 33
Gamma_1 2 1 8841 0 0 78163281 0 OK 18
Gamma_1 2 1 8842 0 0 78180964 0 OK 32
Gamma_1 2 1 8843 0 0 78198649 0 OK 18
Gamma_1 2 1 8844 0 0 78216336 0 OK 17
Gamma_1 2 1 8845 0 0 78234025 0 OK 18
Gamma_1 2 1 8846 0 0 78251716 0 OK 33
Gamma_1 2 1 8847 0 0 78269409 0 OK 17
Gamma_1 2 1 8848 0 0 78287104 0 OK 18
Gamma_1 2 1 8849 0 0 78304801 0 OK 19
Gamma_1 2 1 8850 0 0 78322500 0 OK 18
Gamma_1 2 1 8851 0 0 78340201 0 OK 17
Gamma_1 2 1 8852 0 0 78357904 0 OK 20
Gamma_1 2 1 8853 0 0 78375609 0 OK 18
Gamma_1 2 1 8854 0 0 78393316 0 OK 17
Gamma_1 2 1 8855 0 0 78411025 0 OK 17
Gamma_1 2 1 8856 0 0 78428736 0 OK 17
Gamma_1 2 1 8857 0 0 78446449 0 OK 18
Gamma_1 2 1 8858 0 0 78464164 0 OK 16
Gamma_1 2 1 8859 0 0 78481881 0 OK 32
Gamma_1 2 1 8860 0 0 78499600 0 OK 17
Gamma_1 2 1 8861 0 0 78517321 0 OK 16
Gamma_1 2 1 8862 0 0 78535044 0 OK 31
Gamma_1 2 1 8863 0 0 78552769 0 OK 17
Gamma_1 2 1 8864 0 0 78570496 0 OK 17
Gamma_1 2 1 8865 0 0 78588225 0 OK 17
Gamma_1 2 1 8866 0 0 78605956 0 OK 18
Gamma_1 2 1 8867 0 0 78623689 0 OK 18
Gamma_1 2 1 8868 0 0 78641424 0 OK 16
Gamma_1 2 1 8869 0 0 78659161 0 OK 17
Gamma_1 2 1 8870 0 0 78676900 0 OK 31
Gamma_1 2 1 8871 0 0 78694641 0 OK 18
Gamma_1 2 1 8872 0 0 78712384 0 OK 17
Gamma_1 2 1 8873 0 0 78730129 0 OK 18
Gamma_1 2 1 8874 0 0 78747876 0 OK 31
Gamma_1 2 1 8875 0 0 78765625 0 OK 18
Gamma_1 2 1 8876 0 0 78783376 0 OK 31
Gamma_1 2 1 8877 0 0 78801129 0 OK 32
Gamma_1 2 1 8878 0 0 78818884 0 OK 33
Gamma_1 2 1 8879 0 0 78836641 0 OK 18
Gamma_1 2 1 8880 0 0 78854400 0 OK 16
Gamma_1 2 1 8881 0 0 78872161 0 OK 31
Gamma_1 2 1 8882 0 0 78889924 0 OK 18
Gamma_1 2 1 8883 0 0 78907689 0 OK 17
Gamma_1 2 1 8884 0 0 78925456 0 OK 19
Gamma_1 2 1 8885 0 0 78943225 0 OK 17
Gamma_1 2 1 8886 0 0 78960996 0 OK 16
Gamma_1 2 1 8887 0 0 78978769 0 OK 31
Gamma_1 2 1 8888 0 0 78996544 0 OK 18
Gamma_1 2 1 8889 0 0 79014321 0 OK 18
Gamma_1 2 1 8890 0 0 79032100 0 OK 17
Gamma_1 2 1 8891 0 0 79049881 0 OK 17
Gamma_1 2 1 8892 0 0 79067664 0 OK 17
Gamma_1 2 1 8893 0 0 79085449 0 OK 35
Gamma_1 2 1 8894 0 0 79103236 0 OK 33
Gamma_1 2 1 8895 0 0 79121025 0 OK 33
Gamma_1 2 1 8896 0 0 79138816 0 OK 18
Gamma_1 2 1 8897 0 0 79156609 0 OK 34
Gamma_1 2 1 8898 0 0 79174404 0 OK 32
Gamma_1 2 1 8899 0 0 79192201 0 OK 20
Gamma_1 2 1 8900 0 0 79210000 0 OK 17
Gamma_1 2 1 8901 0 0 79227801 0 OK 30
Gamma_1 2 1 8902 0 0 79245604 0 OK 17
Gamma_1 2 1 8903 0 0 79263409 0 OK 16
Gamma_1 2 1 8904 0 0 79281216 0 OK 18
Gamma_1 2 1 8905 0 0 79299025 0 OK 31
Gamma_1 2 1 8906 0 0 79316836 0 OK 16
Gamma_1 2 1 8907 0 0 79334649 0 OK 17
Gamma_1 2 1 8908 0 0 79352464 0 OK 17
Gamma_1 2 1 8909 0 0 79370281 0 OK 16
Gamma_1 2 1 8910 0 0 79388100 0 OK 15
Gamma_1 2 1 8911 0 0 79405921 0 OK 17
Gamma_1 2 1 8912 0 0 79423744 0 OK 16
Gamma_1 2 1 8913 0 0 79441569 0 OK 18
Gamma_1 2 1 8914 0 0 79459396 0 OK 32
Gamma_1 2 1 8915 0 0 79477225 0 OK 17
Gamma_1 2 1 8916 0 0 79495056 0 OK 33
Gamma_1 2 1 8917 0 0 79512889 0 OK 32
Gamma_1 2 1 8918 0 0 79530724 0 OK 16
Gamma_1 2 1 8919 0 0 79548561 0 OK 16
Gamma_1 2 1 8920 0 0 79566400 0 OK 32
Gamma_1 2 1 8921 0 0 79584241 0 OK 16
Gamma_1 2 1 8922 0 0 79602084 0 OK 16
Gamma_1 2 1 8923 0 0 79619929 0 OK 33
Gamma_1 2 1 8924 0 0 79637776 0 OK 16
Gamma_1 2 1 8925 0 0 79655625 0 OK 16
Gamma_1 2 1 8926 0 0 79673476 0 OK 18
Gamma_1 2 1 8927 0 0 79691329 0 OK 33
Gamma_1 2 1 8928 0 0 79709184 0 OK 16
Gamma_1 2 1 8929 0 0 79727041 0 OK 18
Gamma_1 2 1 8930 0 0 79744900 0 OK 17
Gamma_1 2 1 8931 0 0 79762761 0 OK 17
Gamma_1 2 1 8932 0 0 79780624 0 OK 17
Gamma_1 2 1 8933 0 0 79798489 0 OK 18
Gamma_1 2 1 8934 0 0 79816356 0 OK 32
Gamma_1 2 1 8935 0 0 79834225 0 OK 18
Gamma_1 2 1 8936 0 0 79852096 0 OK 33
Gamma_1 2 1 8937 0 0 79869969 0 OK 32
Gamma_1 2 1 8938 0 0 79887844 0 OK 31
Gamma_1 2 1 8939 0 0 79905721 0 OK 31
Gamma_1 2 1 8940 0 0 79923600 0 OK 19
Gamma_1 2 1 8941 0 0 79941481 0 OK 18
Gamma_1 2 1 8942 0 0 79959364 0 OK 17
Gamma_1 2 1 8943 0 0 79977249 0 OK 18
Gamma_1 2 1 8944 0 0 79995136 0 OK 32
Gamma_1 2 1 8945 0 0 80013025 0 OK 34
Gamma_1 2 1 8946 0 0 80030916 0 OK 32
Gamma_1 2 1 8947 0 0 80048809 0 OK 18
Gamma_1 2 1 8948 0 0 80066704 0 OK 17
Gamma_1 2 1 8949 0 0 80084601 0 OK 31
Gamma_1 2 1 8950 0 0 80102500 0 OK 17
Gamma_1 2 1 8951 0 0 80120401 0 OK 17
Gamma_1 2 1 8952 0 0 80138304 0 OK 18
Gamma_1 2 1 8953 0 0 80156209 0 OK 17
Gamma_1 2 1 8954 0 0 80174116 0 OK 17
Gamma_1 2 1 8955 0 0 80192025 0 OK 16
Gamma_1 2 1 8956 0 0 80209936 0 OK 19
Gamma_1 2 1 8957 0 0 80227849 0 OK 33
Gamma_1 2 1 8958 0 0 80245764 0 OK 17
Gamma_1 2 1 8959 0 0 80263681 0 OK 18
Gamma_1 2 1 8960 0 0 80281600 0 OK 33
Gamma_1 2 1 8961 0 0 80299521 0 OK 31
Gamma_1 2 1 8962 0 0 80317444 0 OK 16
Gamma_1 2 1 8963 0 0 80335369 0 OK 16
Gamma_1 2 1 8964 0 0 80353296 0 OK 17
Gamma_1 2 1 8965 0 0 80371225 0 OK 31
Gamma_1 2 1 8966 0 0 80389156 0 OK 18
Gamma_1 2 1 8967 0 0 80407089 0 OK 17
Gamma_1 2 1 8968 0 0 80425024 0 OK 30
Gamma_1 2 1 8969 0 0 80442961 0 OK 17
Gamma_1 2 1 8970 0 0 80460900 0 OK 16
Gamma_1 2 1 8971 0 0 80478841 0 OK 32
Gamma_1 2 1 8972 0 0 80496784 0 OK 19
Gamma_1 2 1 8973 0 0 80514729 0 OK 32
Gamma_1 2 1 8974 0 0 80532676 0 OK 16
Gamma_1 2 1 8975 0 0 80550625 0 OK 16
Gamma_1 2 1 8976 0 0 80568576 0 OK 17
Gamma_1 2 1 8977 0 0 80586529 0 OK 16
Gamma_1 2 1 8978 0 0 80604484 0 OK 45
Gamma_1 2 1 8979 0 0 80622441 0 OK 17
Gamma_1 2 1 8980 0 0 80640400 0 OK 17
Gamma_1 2 1 8981 0 0 80658361 0 OK 20
Gamma_1 2 1 8982 0 0 80676324 0 OK 17
Gamma_1 2 1 8983 0 0 80694289 0 OK 17
Gamma_1 2 1 8984 0 0 80712256 0 OK 19
Gamma_1 2 1 8985 0 0 80730225 0 OK 20
Gamma_1 2 1 8986 0 0 80748196 0 OK 33
Gamma_1 2 1 8987 0 0 80766169 0 OK 45
Gamma_1 2 1 8988 0 0 80784144 0 OK 17
Gamma_1 2 1 8989 0 0 80802121 0 OK 16
Gamma_1 2 1 8990 0 0 80820100 0 OK 16
Gamma_1 2 1 8991 0 0 80838081 0 OK 17
Gamma_1 2 1 8992 0 0 80856064 0 OK 20
Gamma_1 2 1 8993 0 0 80874049 0 OK 18
Gamma_1 2 1 8994 0 0 80892036 0 OK 17
Gamma_1 2 1 8995 0 0 80910025 0 OK 16
Gamma_1 2 1 8996 0 0 80928016 0 OK 19
Gamma_1 2 1 8997 0 0 80946009 0 OK 43
Gamma_1 2 1 8998 0 0 80964004 0 OK 15
Gamma_1 2 1 8999 0 0 80982001 0 OK 16
Gamma_1 2 1 9000 0 0 81000000 0 OK 17
Gamma_1 2 1 9001 0 0 81018001 0 OK 19
Gamma_1 2 1 9002 0 0 81036004 0 OK 42
Gamma_1 2 1 9003 0 0 81054009 0 OK 17
Gamma_1 2 1 9004 0 0 81072016 0 OK 16
Gamma_1 2 1 9005 0 0 81090025 0 OK 18
Gamma_1 2 1 9006 0 0 81108036 0 OK 31
Gamma_1 2 1 9007 0 0 81126049 0 OK 16
Gamma_1 2 1 9008 0 0 81144064 0 OK 18
Gamma_1 2 1 9009 0 0 81162081 0 OK 44
Gamma_1 2 1 9010 0 0 81180100 0 OK 18
Gamma_1 2 1 9011 0 0 81198121 0 OK 17
Gamma_1 2 1 9012 0 0 81216144 0 OK 31
Gamma_1 2 1 9013 0 0 81234169 0 OK 19
Gamma_1 2 1 9014 0 0 81252196 0 OK 16
Gamma_1 2 1 9015 0 0 81270225 0 OK 20
Gamma_1 2 1 9016 0 0 81288256 0 OK 19
Gamma_1 2 1 9017 0 0 81306289 0 OK 18
Gamma_1 2 1 9018 0 0 81324324 0 OK 42
Gamma_1 2 1 9019 0 0 81342361 0 OK 17
Gamma_1 2 1 9020 0 0 81360400 0 OK 17
Gamma_1 2 1 9021 0 0 81378441 0 OK 17
Gamma_1 2 1 9022 0 0 81396484 0 OK 32
Gamma_1 2 1 9023 0 0 81414529 0 OK 44
Gamma_1 2 1 9024 0 0 81432576 0 OK 17
Gamma_1 2 1 9025 0 0 81450625 0 OK 18
Gamma_1 2 1 9026 0 0 81468676 0 OK 18
Gamma_1 2 1 9027 0 0 81486729 0 OK 33
Gamma_1 2 1 9028 0 0 81504784 0 OK 30
Gamma_1 2 1 9029 0 0 81522841 0 OK 17
Gamma_1 2 1 9030 0 0 81540900 0 OK 40
Gamma_1 2 1 9031 0 0 81558961 0 OK 18
Gamma_1 2 1 9032 0 0 81577024 0 OK 18
Gamma_1 2 1 9033 0 0 81595089 0 OK 17
Gamma_1 2 1 9034 0 0 81613156 0 OK 32
Gamma_1 2 1 9035 0 0 81631225 0 OK 35
Gamma_1 2 1 9036 0 0 81649296 0 OK 18
Gamma_1 2 1 9037 0 0 81667369 0 OK 31
Gamma_1 2 1 9038 0 0 81685444 0 OK 32
Gamma_1 2 1 9039 0 0 81703521 0 OK 16
Gamma_1 2 1 9040 0 0 81721600 0 OK 30
Gamma_1 2 1 9041 0 0 81739681 0 OK 18
Gamma_1 2 1 9042 0 0 81757764 0 OK 30
Gamma_1 2 1 9043 0 0 81775849 0 OK 16
Gamma_1 2 1 9044 0 0 81793936 0 OK 15
Gamma_1 2 1 9045 0 0 81812025 0 OK 32
Gamma_1 2 1 9046 0 0 81830116 0 OK 16
Gamma_1 2 1 9047 0 0 81848209 0 OK 17
Gamma_1 2 1 9048 0 0 81866304 0 OK 16
Gamma_1 2 1 9049 0 0 81884401 0 OK 17
Gamma_1 2 1 9050 0 0 81902500 0 OK 17
Gamma_1 2 1 9051 0 0 81920601 0 OK 29
Gamma_1 2 1 9052 0 0 81938704 0 OK 15
Gamma_1 2 1 9053 0 0 81956809 0 OK 18
Gamma_1 2 1 9054 0 0 81974916 0 OK 16
Gamma_1 2 1 9055 0 0 81993025 0 OK 17
Gamma_1 2 1 9056 0 0 82011136 0 OK 18
Gamma_1 2 1 9057 0 0 82029249 0 OK 31
Gamma_1 2 1 9058 0 0 82047364 0 OK 17
Gamma_1 2 1 9059 0 0 82065481 0 OK 17
Gamma_1 2 1 9060 0 0 82083600 0 OK 30
Gamma_1 2 1 9061 0 0 82101721 0 OK 18
Gamma_1 2 1 9062 0 0 82119844 0 OK 30
Gamma_1 2 1 9063 0 0 82137969 0 OK 16
Gamma_1 2 1 9064 0 0 82156096 0 OK 17
Gamma_1 2 1 9065 0 0 82174225 0 OK 16
Gamma_1 2 1 9066 0 0 82192356 0 OK 16
Gamma_1 2 1 9067 0 0 82210489 0 OK 16
Gamma_1 2 1 9068 0 0 82228624 0 OK 17
Gamma_1 2 1 9069 0 0 82246761 0 OK 16
Gamma_1 2 1 9070 0 0 82264900 0 OK 16
Gamma_1 2 1 9071 0 0 82283041 0 OK 18
Gamma_1 2 1 9072 0 0 82301184 0 OK 16
Gamma_1 2 1 9073 0 0 82319329 0 OK 17
Gamma_1 2 1 9074 0 0 82337476 0 OK 29
Gamma_1 2 1 9075 0 0 82355625 0 OK 16
Gamma_1 2 1 9076 0 0 82373776 0 OK 16
Gamma_1 2 1 9077 0 0 82391929 0 OK 32
Gamma_1 2 1 9078 0 0 82410084 0 OK 17
Gamma_1 2 1 9079 0 0 82428241 0 OK 17
Gamma_1 2 1 9080 0 0 82446400 0 OK 16
Gamma_1 2 1 9081 0 0 82464561 0 OK 30
Gamma_1 2 1 9082 0 0 82482724 0 OK 19
Gamma_1 2 1 9083 0 0 82500889 0 OK 16
Gamma_1 2 1 9084 0 0 82519056 0 OK 16
Gamma_1 2 1 9085 0 0 82537225 0 OK 16
Gamma_1 2 1 9086 0 0 82555396 0 OK 32
Gamma_1 2 1 9087 0 0 82573569 0 OK 31
Gamma_1 2 1 9088 0 0 82591744 0 OK 16
Gamma_1 2 1 9089 0 0 82609921 0 OK 30
Gamma_1 2 1 9090 0 0 82628100 0 OK 30
Gamma_1 2 1 9091 0 0 82646281 0 OK 16
Gamma_1 2 1 9092 0 0 82664464 0 OK 29
Gamma_1 2 1 9093 0 0 82682649 0 OK 32
Gamma_1 2 1 9094 0 0 82700836 0 OK 18
Gamma_1 2 1 9095 0 0 82719025 0 OK 32
Gamma_1 2 1 9096 0 0 82737216 0 OK 30
Gamma_1 2 1 9097 0 0 82755409 0 OK 18
Gamma_1 2 1 9098 0 0 82773604 0 OK 29
Gamma_1 2 1 9099 0 0 82791801 0 OK 18
Gamma_1 2 1 9100 0 0 82810000 0 OK 16
Gamma_1 2 1 9101 0 0 82828201 0 OK 30
Gamma_1 2 1 9102 0 0 82846404 0 OK 19
Gamma_1 2 1 9103 0 0 82864609 0 OK 17
Gamma_1 2 1 9104 0 0 82882816 0 OK 16
Gamma_1 2 1 9105 0 0 82901025 0 OK 33
Gamma_1 2 1 9106 0 0 82919236 0 OK 18
Gamma_1 2 1 9107 0 0 82937449 0 OK 18
Gamma_1 2 1 9108 0 0 82955664 0 OK 30
Gamma_1 2 1 9109 0 0 82973881 0 OK 31
Gamma_1 2 1 9110 0 0 82992100 0 OK 32
Gamma_1 2 1 9111 0 0 83010321 0 OK 19
Gamma_1 2 1 9112 0 0 83028544 0 OK 31
Gamma_1 2 1 9113 0 0 83046769 0 OK 18
Gamma_1 2 1 9114 0 0 83064996 0 OK 33
Gamma_1 2 1 9115 0 0 83083225 0 OK 18
Gamma_1 2 1 9116 0 0 83101456 0 OK 31
Gamma_1 2 1 9117 0 0 83119689 0 OK 18
Gamma_1 2 1 9118 0 0 83137924 0 OK 18
Gamma_1 2 1 9119 0 0 83156161 0 OK 36
Gamma_1 2 1 9120 0 0 83174400 0 OK 17
Gamma_1 2 1 9121 0 0 83192641 0 OK 18
Gamma_1 2 1 9122 0 0 83210884 0 OK 17
Gamma_1 2 1 9123 0 0 83229129 0 OK 30
Gamma_1 2 1 9124 0 0 83247376 0 OK 17
Gamma_1 2 1 9125 0 0 83265625 0 OK 32
Gamma_1 2 1 9126 0 0 83283876 0 OK 17
Gamma_1 2 1 9127 0 0 83302129 0 OK 17
Gamma_1 2 1 9128 0 0 83320384 0 OK 32
Gamma_1 2 1 9129 0 0 83338641 0 OK 32
Gamma_1 2 1 9130 0 0 83356900 0 OK 15
Gamma_1 2 1 9131 0 0 83375161 0 OK 30
Gamma_1 2 1 9132 0 0 83393424 0 OK 28
Gamma_1 2 1 9133 0 0 83411689 0 OK 18
Gamma_1 2 1 9134 0 0 83429956 0 OK 17
Gamma_1 2 1 9135 0 0 83448225 0 OK 17
Gamma_1 2 1 9136 0 0 83466496 0 OK 43
Gamma_1 2 1 9137 0 0 83484769 0 OK 19
Gamma_1 2 1 9138 0 0 83503044 0 OK 15
Gamma_1 2 1 9139 0 0 83521321 0 OK 18
Gamma_1 2 1 9140 0 0 83539600 0 OK 16
Gamma_1 2 1 9141 0 0 83557881 0 OK 32
Gamma_1 2 1 9142 0 0 83576164 0 OK 32
Gamma_1 2 1 9143 0 0 83594449 0 OK 17
Gamma_1 2 1 9144 0 0 83612736 0 OK 31
Gamma_1 2 1 9145 0 0 83631025 0 OK 17
Gamma_1 2 1 9146 0 0 83649316 0 OK 16
Gamma_1 2 1 9147 0 0 83667609 0 OK 15
Gamma_1 2 1 9148 0 0 83685904 0 OK 33
Gamma_1 2 1 9149 0 0 83704201 0 OK 32
Gamma_1 2 1 9150 0 0 83722500 0 OK 18
Gamma_1 2 1 9151 0 0 83740801 0 OK 18
Gamma_1 2 1 9152 0 0 83759104 0 OK 17
Gamma_1 2 1 9153 0 0 83777409 0 OK 16
Gamma_1 2 1 9154 0 0 83795716 0 OK 31
Gamma_1 2 1 9155 0 0 83814025 0 OK 33
Gamma_1 2 1 9156 0 0 83832336 0 OK 17
Gamma_1 2 1 9157 0 0 83850649 0 OK 33
Gamma_1 2 1 9158 0 0 83868964 0 OK 31
Gamma_1 2 1 9159 0 0 83887281 0 OK 17
Gamma_1 2 1 9160 0 0 83905600 0 OK 32
Gamma_1 2 1 9161 0 0 83923921 0 OK 17
Gamma_1 2 1 9162 0 0 83942244 0 OK 16
Gamma_1 2 1 9163 0 0 83960569 0 OK 32
Gamma_1 2 1 9164 0 0 83978896 0 OK 17
Gamma_1 2 1 9165 0 0 83997225 0 OK 30
Gamma_1 2 1 9166 0 0 84015556 0 OK 17
Gamma_1 2 1 9167 0 0 84033889 0 OK 17
Gamma_1 2 1 9168 0 0 84052224 0 OK 16
Gamma_1 2 1 9169 0 0 84070561 0 OK 17
Gamma_1 2 1 9170 0 0 84088900 0 OK 18
Gamma_1 2 1 9171 0 0 84107241 0 OK 16
Gamma_1 2 1 9172 0 0 84125584 0 OK 32
Gamma_1 2 1 9173 0 0 84143929 0 OK 17
Gamma_1 2 1 9174 0 0 84162276 0 OK 18
Gamma_1 2 1 9175 0 0 84180625 0 OK 18
Gamma_1 2 1 9176 0 0 84198976 0 OK 17
Gamma_1 2 1 9177 0 0 84217329 0 OK 18
Gamma_1 2 1 9178 0 0 84235684 0 OK 18
Gamma_1 2 1 9179 0 0 84254041 0 OK 44
Gamma_1 2 1 9180 0 0 84272400 0 OK 18
Gamma_1 2 1 9181 0 0 84290761 0 OK 33
Gamma_1 2 1 9182 0 0 84309124 0 OK 18
Gamma_1 2 1 9183 0 0 84327489 0 OK 32
Gamma_1 2 1 9184 0 0 84345856 0 OK 33
Gamma_1 2 1 9185 0 0 84364225 0 OK 18
Gamma_1 2 1 9186 0 0 84382596 0 OK 17
Gamma_1 2 1 9187 0 0 84400969 0 OK 31
Gamma_1 2 1 9188 0 0 84419344 0 OK 17
Gamma_1 2 1 9189 0 0 84437721 0 OK 17
Gamma_1 2 1 9190 0 0 84456100 0 OK 18
Gamma_1 2 1 9191 0 0 84474481 0 OK 17
Gamma_1 2 1 9192 0 0 84492864 0 OK 17
Gamma_1 2 1 9193 0 0 84511249 0 OK 20
Gamma_1 2 1 9194 0 0 84529636 0 OK 17
Gamma_1 2 1 9195 0 0 84548025 0 OK 31
Gamma_1 2 1 9196 0 0 84566416 0 OK 17
Gamma_1 2 1 9197 0 0 84584809 0 OK 17
Gamma_1 2 1 9198 0 0 84603204 0 OK 16
Gamma_1 2 1 9199 0 0 84621601 0 OK 17
Gamma_1 2 1 9200 0 0 84640000 0 OK 33
Gamma_1 2 1 9201 0 0 84658401 0 OK 31
Gamma_1 2 1 9202 0 0 84676804 0 OK 32
Gamma_1 2 1 9203 0 0 84695209 0 OK 32
Gamma_1 2 1 9204 0 0 84713616 0 OK 17
Gamma_1 2 1 9205 0 0 84732025 0 OK 17
Gamma_1 2 1 9206 0 0 84750436 0 OK 32
Gamma_1 2 1 9207 0 0 84768849 0 OK 17
Gamma_1 2 1 9208 0 0 84787264 0 OK 43
Gamma_1 2 1 9209 0 0 84805681 0 OK 16
Gamma_1 2 1 9210 0 0 84824100 0 OK 17
Gamma_1 2 1 9211 0 0 84842521 0 OK 33
Gamma_1 2 1 9212 0 0 84860944 0 OK 19
Gamma_1 2 1 9213 0 0 84879369 0 OK 17
Gamma_1 2 1 9214 0 0 84897796 0 OK 32
Gamma_1 2 1 9215 0 0 84916225 0 OK 33
Gamma_1 2 1 9216 0 0 84934656 0 OK 22
Gamma_1 2 1 9217 0 0 84953089 0 OK 16
Gamma_1 2 1 9218 0 0 84971524 0 OK 16
Gamma_1 2 1 9219 0 0 84989961 0 OK 18
Gamma_1 2 1 9220 0 0 85008400 0 OK 17
Gamma_1 2 1 9221 0 0 85026841 0 OK 31
Gamma_1 2 1 9222 0 0 85045284 0 OK 18
Gamma_1 2 1 9223 0 0 85063729 0 OK 31
Gamma_1 2 1 9224 0 0 85082176 0 OK 16
Gamma_1 2 1 9225 0 0 85100625 0 OK 17
Gamma_1 2 1 9226 0 0 85119076 0 OK 19
Gamma_1 2 1 9227 0 0 85137529 0 OK 32
Gamma_1 2 1 9228 0 0 85155984 0 OK 32
Gamma_1 2 1 9229 0 0 85174441 0 OK 17
Gamma_1 2 1 9230 0 0 85192900 0 OK 32
Gamma_1 2 1 9231 0 0 85211361 0 OK 32
Gamma_1 2 1 9232 0 0 85229824 0 OK 19
Gamma_1 2 1 9233 0 0 85248289 0 OK 16
Gamma_1 2 1 9234 0 0 85266756 0 OK 18
Gamma_1 2 1 9235 0 0 85285225 0 OK 17
Gamma_1 2 1 9236 0 0 85303696 0 OK 17
Gamma_1 2 1 9237 0 0 85322169 0 OK 33
Gamma_1 2 1 9238 0 0 85340644 0 OK 33
Gamma_1 2 1 9239 0 0 85359121 0 OK 18
Gamma_1 2 1 9240 0 0 85377600 0 OK 32
Gamma_1 2 1 9241 0 0 85396081 0 OK 34
Gamma_1 2 1 9242 0 0 85414564 0 OK 18
Gamma_1 2 1 9243 0 0 85433049 0 OK 17
Gamma_1 2 1 9244 0 0 85451536 0 OK 18
Gamma_1 2 1 9245 0 0 85470025 0 OK 31
Gamma_1 2 1 9246 0 0 85488516 0 OK 32
Gamma_1 2 1 9247 0 0 85507009 0 OK 18
Gamma_1 2 1 9248 0 0 85525504 0 OK 16
Gamma_1 2 1 9249 0 0 85544001 0 OK 17
Gamma_1 2 1 9250 0 0 85562500 0 OK 16
Gamma_1 2 1 9251 0 0 85581001 0 OK 17
Gamma_1 2 1 9252 0 0 85599504 0 OK 32
Gamma_1 2 1 9253 0 0 85618009 0 OK 31
Gamma_1 2 1 9254 0 0 85636516 0 OK 32
Gamma_1 2 1 9255 0 0 85655025 0 OK 33
Gamma_1 2 1 9256 0 0 85673536 0 OK 33
Gamma_1 2 1 9257 0 0 85692049 0 OK 17
Gamma_1 2 1 9258 0 0 85710564 0 OK 18
Gamma_1 2 1 9259 0 0 85729081 0 OK 19
Gamma_1 2 1 9260 0 0 85747600 0 OK 17
Gamma_1 2 1 9261 0 0 85766121 0 OK 17
Gamma_1 2 1 9262 0 0 85784644 0 OK 18
Gamma_1 2 1 9263 0 0 85803169 0 OK 19
Gamma_1 2 1 9264 0 0 85821696 0 OK 18
Gamma_1 2 1 9265 0 0 85840225 0 OK 31
Gamma_1 2 1 9266 0 0 85858756 0 OK 19
Gamma_1 2 1 9267 0 0 85877289 0 OK 33
Gamma_1 2 1 9268 0 0 85895824 0 OK 18
Gamma_1 2 1 9269 0 0 85914361 0 OK 18
Gamma_1 2 1 9270 0 0 85932900 0 OK 34
Gamma_1 2 1 9271 0 0 85951441 0 OK 20
Gamma_1 2 1 9272 0 0 85969984 0 OK 19
Gamma_1 2 1 9273 0 0 85988529 0 OK 17
Gamma_1 2 1 9274 0 0 86007076 0 OK 18
Gamma_1 2 1 9275 0 0 86025625 0 OK 30
Gamma_1 2 1 9276 0 0 86044176 0 OK 33
Gamma_1 2 1 9277 0 0 86062729 0 OK 34
Gamma_1 2 1 9278 0 0 86081284 0 OK 19
Gamma_1 2 1 9279 0 0 86099841 0 OK 19
Gamma_1 2 1 9280 0 0 86118400 0 OK 32
Gamma_1 2 1 9281 0 0 86136961 0 OK 18
Gamma_1 2 1 9282 0 0 86155524 0 OK 35
Gamma_1 2 1 9283 0 0 86174089 0 OK 19
Gamma_1 2 1 9284 0 0 86192656 0 OK 19
Gamma_1 2 1 9285 0 0 86211225 0 OK 17
Gamma_1 2 1 9286 0 0 86229796 0 OK 18
Gamma_1 2 1 9287 0 0 86248369 0 OK 18
Gamma_1 2 1 9288 0 0 86266944 0 OK 17
Gamma_1 2 1 9289 0 0 86285521 0 OK 17
Gamma_1 2 1 9290 0 0 86304100 0 OK 19
Gamma_1 2 1 9291 0 0 86322681 0 OK 18
Gamma_1 2 1 9292 0 0 86341264 0 OK 32
Gamma_1 2 1 9293 0 0 86359849 0 OK 19
Gamma_1 2 1 9294 0 0 86378436 0 OK 18
Gamma_1 2 1 9295 0 0 86397025 0 OK 19
Gamma_1 2 1 9296 0 0 86415616 0 OK 42
Gamma_1 2 1 9297 0 0 86434209 0 OK 34
Gamma_1 2 1 9298 0 0 86452804 0 OK 18
Gamma_1 2 1 9299 0 0 86471401 0 OK 34
Gamma_1 2 1 9300 0 0 86490000 0 OK 19
Gamma_1 2 1 9301 0 0 86508601 0 OK 17
Gamma_1 2 1 9302 0 0 86527204 0 OK 19
Gamma_1 2 1 9303 0 0 86545809 0 OK 17
Gamma_1 2 1 9304 0 0 86564416 0 OK 45
Gamma_1 2 1 9305 0 0 86583025 0 OK 32
Gamma_1 2 1 9306 0 0 86601636 0 OK 32
Gamma_1 2 1 9307 0 0 86620249 0 OK 17
Gamma_1 2 1 9308 0 0 86638864 0 OK 19
Gamma_1 2 1 9309 0 0 86657481 0 OK 17
Gamma_1 2 1 9310 0 0 86676100 0 OK 18
Gamma_1 2 1 9311 0 0 86694721 0 OK 30
Gamma_1 2 1 9312 0 0 86713344 0 OK 32
Gamma_1 2 1 9313 0 0 86731969 0 OK 17
Gamma_1 2 1 9314 0 0 86750596 0 OK 17
Gamma_1 2 1 9315 0 0 86769225 0 OK 18
Gamma_1 2 1 9316 0 0 86787856 0 OK 30
Gamma_1 2 1 9317 0 0 86806489 0 OK 17
Gamma_1 2 1 9318 0 0 86825124 0 OK 32
Gamma_1 2 1 9319 0 0 86843761 0 OK 18
Gamma_1 2 1 9320 0 0 86862400 0 OK 17
Gamma_1 2 1 9321 0 0 86881041 0 OK 33
Gamma_1 2 1 9322 0 0 86899684 0 OK 17
Gamma_1 2 1 9323 0 0 86918329 0 OK 17
Gamma_1 2 1 9324 0 0 86936976 0 OK 17
Gamma_1 2 1 9325 0 0 86955625 0 OK 16
Gamma_1 2 1 9326 0 0 86974276 0 OK 16
Gamma_1 2 1 9327 0 0 86992929 0 OK 18
Gamma_1 2 1 9328 0 0 87011584 0 OK 32
Gamma_1 2 1 9329 0 0 87030241 0 OK 17
Gamma_1 2 1 9330 0 0 87048900 0 OK 32
Gamma_1 2 1 9331 0 0 87067561 0 OK 30
Gamma_1 2 1 9332 0 0 87086224 0 OK 32
Gamma_1 2 1 9333 0 0 87104889 0 OK 18
Gamma_1 2 1 9334 0 0 87123556 0 OK 17
Gamma_1 2 1 9335 0 0 87142225 0 OK 18
Gamma_1 2 1 9336 0 0 87160896 0 OK 35
Gamma_1 2 1 9337 0 0 87179569 0 OK 31
Gamma_1 2 1 9338 0 0 87198244 0 OK 45
Gamma_1 2 1 9339 0 0 87216921 0 OK 19
Gamma_1 2 1 9340 0 0 87235600 0 OK 18
Gamma_1 2 1 9341 0 0 87254281 0 OK 32
Gamma_1 2 1 9342 0 0 87272964 0 OK 19
Gamma_1 2 1 9343 0 0 87291649 0 OK 31
Gamma_1 2 1 9344 0 0 87310336 0 OK 33
Gamma_1 2 1 9345 0 0 87329025 0 OK 17
Gamma_1 2 1 9346 0 0 87347716 0 OK 17
Gamma_1 2 1 9347 0 0 87366409 0 OK 21
Gamma_1 2 1 9348 0 0 87385104 0 OK 34
Gamma_1 2 1 9349 0 0 87403801 0 OK 31
Gamma_1 2 1 9350 0 0 87422500 0 OK 17
Gamma_1 2 1 9351 0 0 87441201 0 OK 18
Gamma_1 2 1 9352 0 0 87459904 0 OK 17
Gamma_1 2 1 9353 0 0 87478609 0 OK 17
Gamma_1 2 1 9354 0 0 87497316 0 OK 33
Gamma_1 2 1 9355 0 0 87516025 0 OK 30
Gamma_1 2 1 9356 0 0 87534736 0 OK 33
Gamma_1 2 1 9357 0 0 87553449 0 OK 17
Gamma_1 2 1 9358 0 0 87572164 0 OK 18
Gamma_1 2 1 9359 0 0 87590881 0 OK 32
Gamma_1 2 1 9360 0 0 87609600 0 OK 17
Gamma_1 2 1 9361 0 0 87628321 0 OK 18
Gamma_1 2 1 9362 0 0 87647044 0 OK 17
Gamma_1 2 1 9363 0 0 87665769 0 OK 17
Gamma_1 2 1 9364 0 0 87684496 0 OK 32
Gamma_1 2 1 9365 0 0 87703225 0 OK 33
Gamma_1 2 1 9366 0 0 87721956 0 OK 19
Gamma_1 2 1 9367 0 0 87740689 0 OK 18
Gamma_1 2 1 9368 0 0 87759424 0 OK 17
Gamma_1 2 1 9369 0 0 87778161 0 OK 17
Gamma_1 2 1 9370 0 0 87796900 0 OK 16
Gamma_1 2 1 9371 0 0 87815641 0 OK 17
Gamma_1 2 1 9372 0 0 87834384 0 OK 33
Gamma_1 2 1 9373 0 0 87853129 0 OK 17
Gamma_1 2 1 9374 0 0 87871876 0 OK 17
Gamma_1 2 1 9375 0 0 87890625 0 OK 34
Gamma_1 2 1 9376 0 0 87909376 0 OK 18
Gamma_1 2 1 9377 0 0 87928129 0 OK 31
Gamma_1 2 1 9378 0 0 87946884 0 OK 17
Gamma_1 2 1 9379 0 0 87965641 0 OK 17
Gamma_1 2 1 9380 0 0 87984400 0 OK 32
Gamma_1 2 1 9381 0 0 88003161 0 OK 18
Gamma_1 2 1 9382 0 0 88021924 0 OK 33
Gamma_1 2 1 9383 0 0 88040689 0 OK 18
Gamma_1 2 1 9384 0 0 88059456 0 OK 43
Gamma_1 2 1 9385 0 0 88078225 0 OK 18
Gamma_1 2 1 9386 0 0 88096996 0 OK 30
Gamma_1 2 1 9387 0 0 88115769 0 OK 31
Gamma_1 2 1 9388 0 0 88134544 0 OK 29
Gamma_1 2 1 9389 0 0 88153321 0 OK 31
Gamma_1 2 1 9390 0 0 88172100 0 OK 19
Gamma_1 2 1 9391 0 0 88190881 0 OK 16
Gamma_1 2 1 9392 0 0 88209664 0 OK 31
Gamma_1 2 1 9393 0 0 88228449 0 OK 18
Gamma_1 2 1 9394 0 0 88247236 0 OK 33
Gamma_1 2 1 9395 0 0 88266025 0 OK 32
Gamma_1 2 1 9396 0 0 88284816 0 OK 19
Gamma_1 2 1 9397 0 0 88303609 0 OK 17
Gamma_1 2 1 9398 0 0 88322404 0 OK 16
Gamma_1 2 1 9399 0 0 88341201 0 OK 17
Gamma_1 2 1 9400 0 0 88360000 0 OK 18
Gamma_1 2 1 9401 0 0 88378801 0 OK 16
Gamma_1 2 1 9402 0 0 88397604 0 OK 32
Gamma_1 2 1 9403 0 0 88416409 0 OK 16
Gamma_1 2 1 9404 0 0 88435216 0 OK 17
Gamma_1 2 1 9405 0 0 88454025 0 OK 30
Gamma_1 2 1 9406 0 0 88472836 0 OK 30
Gamma_1 2 1 9407 0 0 88491649 0 OK 33
Gamma_1 2 1 9408 0 0 88510464 0 OK 17
Gamma_1 2 1 9409 0 0 88529281 0 OK 18
Gamma_1 2 1 9410 0 0 88548100 0 OK 18
Gamma_1 2 1 9411 0 0 88566921 0 OK 31
Gamma_1 2 1 9412 0 0 88585744 0 OK 30
Gamma_1 2 1 9413 0 0 88604569 0 OK 18
Gamma_1 2 1 9414 0 0 88623396 0 OK 34
Gamma_1 2 1 9415 0 0 88642225 0 OK 17
Gamma_1 2 1 9416 0 0 88661056 0 OK 32
Gamma_1 2 1 9417 0 0 88679889 0 OK 17
Gamma_1 2 1 9418 0 0 88698724 0 OK 32
Gamma_1 2 1 9419 0 0 88717561 0 OK 32
Gamma_1 2 1 9420 0 0 88736400 0 OK 17
Gamma_1 2 1 9421 0 0 88755241 0 OK 17
Gamma_1 2 1 9422 0 0 88774084 0 OK 33
Gamma_1 2 1 9423 0 0 88792929 0 OK 16
Gamma_1 2 1 9424 0 0 88811776 0 OK 16
Gamma_1 2 1 9425 0 0 88830625 0 OK 16
Gamma_1 2 1 9426 0 0 88849476 0 OK 31
Gamma_1 2 1 9427 0 0 88868329 0 OK 31
Gamma_1 2 1 9428 0 0 88887184 0 OK 17
Gamma_1 2 1 9429 0 0 88906041 0 OK 31
Gamma_1 2 1 9430 0 0 88924900 0 OK 17
Gamma_1 2 1 9431 0 0 88943761 0 OK 17
Gamma_1 2 1 9432 0 0 88962624 0 OK 30
Gamma_1 2 1 9433 0 0 88981489 0 OK 32
Gamma_1 2 1 9434 0 0 89000356 0 OK 17
Gamma_1 2 1 9435 0 0 89019225 0 OK 29
Gamma_1 2 1 9436 0 0 89038096 0 OK 16
Gamma_1 2 1 9437 0 0 89056969 0 OK 31
Gamma_1 2 1 9438 0 0 89075844 0 OK 32
Gamma_1 2 1 9439 0 0 89094721 0 OK 17
Gamma_1 2 1 9440 0 0 89113600 0 OK 16
Gamma_1 2 1 9441 0 0 89132481 0 OK 16
Gamma_1 2 1 9442 0 0 89151364 0 OK 31
Gamma_1 2 1 9443 0 0 89170249 0 OK 16
Gamma_1 2 1 9444 0 0 89189136 0 OK 29
Gamma_1 2 1 9445 0 0 89208025 0 OK 16
Gamma_1 2 1 9446 0 0 89226916 0 OK 16
Gamma_1 2 1 9447 0 0 89245809 0 OK 32
Gamma_1 2 1 9448 0 0 89264704 0 OK 18
Gamma_1 2 1 9449 0 0 89283601 0 OK 30
Gamma_1 2 1 9450 0 0 89302500 0 OK 37
Gamma_1 2 1 9451 0 0 89321401 0 OK 30
Gamma_1 2 1 9452 0 0 89340304 0 OK 18
Gamma_1 2 1 9453 0 0 89359209 0 OK 16
Gamma_1 2 1 9454 0 0 89378116 0 OK 17
Gamma_1 2 1 9455 0 0 89397025 0 OK 29
Gamma_1 2 1 9456 0 0 89415936 0 OK 32
Gamma_1 2 1 9457 0 0 89434849 0 OK 32
Gamma_1 2 1 9458 0 0 89453764 0 OK 30
Gamma_1 2 1 9459 0 0 89472681 0 OK 17
Gamma_1 2 1 9460 0 0 89491600 0 OK 29
Gamma_1 2 1 9461 0 0 89510521 0 OK 16
Gamma_1 2 1 9462 0 0 89529444 0 OK 16
Gamma_1 2 1 9463 0 0 89548369 0 OK 30
Gamma_1 2 1 9464 0 0 89567296 0 OK 16
Gamma_1 2 1 9465 0 0 89586225 0 OK 16
Gamma_1 2 1 9466 0 0 89605156 0 OK 30
Gamma_1 2 1 9467 0 0 89624089 0 OK 16
Gamma_1 2 1 9468 0 0 89643024 0 OK 17
Gamma_1 2 1 9469 0 0 89661961 0 OK 18
Gamma_1 2 1 9470 0 0 89680900 0 OK 33
Gamma_1 2 1 9471 0 0 89699841 0 OK 28
Gamma_1 2 1 9472 0 0 89718784 0 OK 32
Gamma_1 2 1 9473 0 0 89737729 0 OK 16
Gamma_1 2 1 9474 0 0 89756676 0 OK 30
Gamma_1 2 1 9475 0 0 89775625 0 OK 32
Gamma_1 2 1 9476 0 0 89794576 0 OK 18
Gamma_1 2 1 9477 0 0 89813529 0 OK 31
Gamma_1 2 1 9478 0 0 89832484 0 OK 18
Gamma_1 2 1 9479 0 0 89851441 0 OK 31
Gamma_1 2 1 9480 0 0 89870400 0 OK 18
Gamma_1 2 1 9481 0 0 89889361 0 OK 17
Gamma_1 2 1 9482 0 0 89908324 0 OK 31
Gamma_1 2 1 9483 0 0 89927289 0 OK 17
Gamma_1 2 1 9484 0 0 89946256 0 OK 31
Gamma_1 2 1 9485 0 0 89965225 0 OK 17
Gamma_1 2 1 9486 0 0 89984196 0 OK 34
Gamma_1 2 1 9487 0 0 90003169 0 OK 32
Gamma_1 2 1 9488 0 0 90022144 0 OK 17
Gamma_1 2 1 9489 0 0 90041121 0 OK 30
Gamma_1 2 1 9490 0 0 90060100 0 OK 18
Gamma_1 2 1 9491 0 0 90079081 0 OK 17
Gamma_1 2 1 9492 0 0 90098064 0 OK 19
Gamma_1 2 1 9493 0 0 90117049 0 OK 31
Gamma_1 2 1 9494 0 0 90136036 0 OK 17
Gamma_1 2 1 9495 0 0 90155025 0 OK 17
Gamma_1 2 1 9496 0 0 90174016 0 OK 17
Gamma_1 2 1 9497 0 0 90193009 0 OK 16
Gamma_1 2 1 9498 0 0 90212004 0 OK 17
Gamma_1 2 1 9499 0 0 90231001 0 OK 17
Gamma_1 2 1 9500 0 0 90250000 0 OK 18
Gamma_1 2 1 9501 0 0 90269001 0 OK 17
Gamma_1 2 1 9502 0 0 90288004 0 OK 33
Gamma_1 2 1 9503 0 0 90307009 0 OK 17
Gamma_1 2 1 9504 0 0 90326016 0 OK 32
Gamma_1 2 1 9505 0 0 90345025 0 OK 32
Gamma_1 2 1 9506 0 0 90364036 0 OK 32
Gamma_1 2 1 9507 0 0 90383049 0 OK 17
Gamma_1 2 1 9508 0 0 90402064 0 OK 16
Gamma_1 2 1 9509 0 0 90421081 0 OK 16
Gamma_1 2 1 9510 0 0 90440100 0 OK 18
Gamma_1 2 1 9511 0 0 90459121 0 OK 17
Gamma_1 2 1 9512 0 0 90478144 0 OK 19
Gamma_1 2 1 9513 0 0 90497169 0 OK 19
Gamma_1 2 1 9514 0 0 90516196 0 OK 33
Gamma_1 2 1 9515 0 0 90535225 0 OK 16
Gamma_1 2 1 9516 0 0 90554256 0 OK 33
Gamma_1 2 1 9517 0 0 90573289 0 OK 32
Gamma_1 2 1 9518 0 0 90592324 0 OK 31
Gamma_1 2 1 9519 0 0 90611361 0 OK 32
Gamma_1 2 1 9520 0 0 90630400 0 OK 20
Gamma_1 2 1 9521 0 0 90649441 0 OK 18
Gamma_1 2 1 9522 0 0 90668484 0 OK 31
Gamma_1 2 1 9523 0 0 90687529 0 OK 19
Gamma_1 2 1 9524 0 0 90706576 0 OK 18
Gamma_1 2 1 9525 0 0 90725625 0 OK 16
Gamma_1 2 1 9526 0 0 90744676 0 OK 17
Gamma_1 2 1 9527 0 0 90763729 0 OK 15
Gamma_1 2 1 9528 0 0 90782784 0 OK 17
Gamma_1 2 1 9529 0 0 90801841 0 OK 17
Gamma_1 2 1 9530 0 0 90820900 0 OK 30
Gamma_1 2 1 9531 0 0 90839961 0 OK 30
Gamma_1 2 1 9532 0 0 90859024 0 OK 32
Gamma_1 2 1 9533 0 0 90878089 0 OK 18
Gamma_1 2 1 9534 0 0 90897156 0 OK 16
Gamma_1 2 1 9535 0 0 90916225 0 OK 42
Gamma_1 2 1 9536 0 0 90935296 0 OK 18
Gamma_1 2 1 9537 0 0 90954369 0 OK 18
Gamma_1 2 1 9538 0 0 90973444 0 OK 31
Gamma_1 2 1 9539 0 0 90992521 0 OK 17
Gamma_1 2 1 9540 0 0 91011600 0 OK 30
Gamma_1 2 1 9541 0 0 91030681 0 OK 33
Gamma_1 2 1 9542 0 0 91049764 0 OK 42
Gamma_1 2 1 9543 0 0 91068849 0 OK 18
Gamma_1 2 1 9544 0 0 91087936 0 OK 17
Gamma_1 2 1 9545 0 0 91107025 0 OK 30
Gamma_1 2 1 9546 0 0 91126116 0 OK 17
Gamma_1 2 1 9547 0 0 91145209 0 OK 16
Gamma_1 2 1 9548 0 0 91164304 0 OK 17
Gamma_1 2 1 9549 0 0 91183401 0 OK 17
Gamma_1 2 1 9550 0 0 91202500 0 OK 17
Gamma_1 2 1 9551 0 0 91221601 0 OK 30
Gamma_1 2 1 9552 0 0 91240704 0 OK 31
Gamma_1 2 1 9553 0 0 91259809 0 OK 17
Gamma_1 2 1 9554 0 0 91278916 0 OK 32
Gamma_1 2 1 9555 0 0 91298025 0 OK 19
Gamma_1 2 1 9556 0 0 91317136 0 OK 18
Gamma_1 2 1 9557 0 0 91336249 0 OK 18
Gamma_1 2 1 9558 0 0 91355364 0 OK 32
Gamma_1 2 1 9559 0 0 91374481 0 OK 31
Gamma_1 2 1 9560 0 0 91393600 0 OK 17
Gamma_1 2 1 9561 0 0 91412721 0 OK 15
Gamma_1 2 1 9562 0 0 91431844 0 OK 17
Gamma_1 2 1 9563 0 0 91450969 0 OK 16
Gamma_1 2 1 9564 0 0 91470096 0 OK 36
Gamma_1 2 1 9565 0 0 91489225 0 OK 32
Gamma_1 2 1 9566 0 0 91508356 0 OK 34
Gamma_1 2 1 9567 0 0 91527489 0 OK 31
Gamma_1 2 1 9568 0 0 91546624 0 OK 18
Gamma_1 2 1 9569 0 0 91565761 0 OK 32
Gamma_1 2 1 9570 0 0 91584900 0 OK 17
Gamma_1 2 1 9571 0 0 91604041 0 OK 16
Gamma_1 2 1 9572 0 0 91623184 0 OK 18
Gamma_1 2 1 9573 0 0 91642329 0 OK 18
Gamma_1 2 1 9574 0 0 91661476 0 OK 18
Gamma_1 2 1 9575 0 0 91680625 0 OK 33
Gamma_1 2 1 9576 0 0 91699776 0 OK 32
Gamma_1 2 1 9577 0 0 91718929 0 OK 33
Gamma_1 2 1 9578 0 0 91738084 0 OK 17
Gamma_1 2 1 9579 0 0 91757241 0 OK 18
Gamma_1 2 1 9580 0 0 91776400 0 OK 33
Gamma_1 2 1 9581 0 0 91795561 0 OK 16
Gamma_1 2 1 9582 0 0 91814724 0 OK 18
Gamma_1 2 1 9583 0 0 91833889 0 OK 18
Gamma_1 2 1 9584 0 0 91853056 0 OK 17
Gamma_1 2 1 9585 0 0 91872225 0 OK 17
Gamma_1 2 1 9586 0 0 91891396 0 OK 32
Gamma_1 2 1 9587 0 0 91910569 0 OK 31
Gamma_1 2 1 9588 0 0 91929744 0 OK 32
Gamma_1 2 1 9589 0 0 91948921 0 OK 17
Gamma_1 2 1 9590 0 0 91968100 0 OK 17
Gamma_1 2 1 9591 0 0 91987281 0 OK 18
Gamma_1 2 1 9592 0 0 92006464 0 OK 31
Gamma_1 2 1 9593 0 0 92025649 0 OK 18
Gamma_1 2 1 9594 0 0 92044836 0 OK 32
Gamma_1 2 1 9595 0 0 92064025 0 OK 17
Gamma_1 2 1 9596 0 0 92083216 0 OK 18
Gamma_1 2 1 9597 0 0 92102409 0 OK 18
Gamma_1 2 1 9598 0 0 92121604 0 OK 44
Gamma_1 2 1 9599 0 0 92140801 0 OK 18
Gamma_1 2 1 9600 0 0 92160000 0 OK 43
Gamma_1 2 1 9601 0 0 92179201 0 OK 16
Gamma_1 2 1 9602 0 0 92198404 0 OK 17
Gamma_1 2 1 9603 0 0 92217609 0 OK 43
Gamma_1 2 1 9604 0 0 92236816 0 OK 16
Gamma_1 2 1 9605 0 0 92256025 0 OK 33
Gamma_1 2 1 9606 0 0 92275236 0 OK 32
Gamma_1 2 1 9607 0 0 92294449 0 OK 42
Gamma_1 2 1 9608 0 0 92313664 0 OK 17
Gamma_1 2 1 9609 0 0 92332881 0 OK 18
Gamma_1 2 1 9610 0 0 92352100 0 OK 32
Gamma_1 2 1 9611 0 0 92371321 0 OK 42
Gamma_1 2 1 9612 0 0 92390544 0 OK 30
Gamma_1 2 1 9613 0 0 92409769 0 OK 17
Gamma_1 2 1 9614 0 0 92428996 0 OK 15
Gamma_1 2 1 9615 0 0 92448225 0 OK 30
Gamma_1 2 1 9616 0 0 92467456 0 OK 17
Gamma_1 2 1 9617 0 0 92486689 0 OK 16
Gamma_1 2 1 9618 0 0 92505924 0 OK 18
Gamma_1 2 1 9619 0 0 92525161 0 OK 32
Gamma_1 2 1 9620 0 0 92544400 0 OK 19
Gamma_1 2 1 9621 0 0 92563641 0 OK 30
Gamma_1 2 1 9622 0 0 92582884 0 OK 32
Gamma_1 2 1 9623 0 0 92602129 0 OK 32
Gamma_1 2 1 9624 0 0 92621376 0 OK 19
Gamma_1 2 1 9625 0 0 92640625 0 OK 29
Gamma_1 2 1 9626 0 0 92659876 0 OK 17
Gamma_1 2 1 9627 0 0 92679129 0 OK 31
Gamma_1 2 1 9628 0 0 92698384 0 OK 16
Gamma_1 2 1 9629 0 0 92717641 0 OK 18
Gamma_1 2 1 9630 0 0 92736900 0 OK 18
Gamma_1 2 1 9631 0 0 92756161 0 OK 20
Gamma_1 2 1 9632 0 0 92775424 0 OK 17
Gamma_1 2 1 9633 0 0 92794689 0 OK 43
Gamma_1 2 1 9634 0 0 92813956 0 OK 33
Gamma_1 2 1 9635 0 0 92833225 0 OK 30
Gamma_1 2 1 9636 0 0 92852496 0 OK 19
Gamma_1 2 1 9637 0 0 92871769 0 OK 41
Gamma_1 2 1 9638 0 0 92891044 0 OK 32
Gamma_1 2 1 9639 0 0 92910321 0 OK 18
Gamma_1 2 1 9640 0 0 92929600 0 OK 18
Gamma_1 2 1 9641 0 0 92948881 0 OK 17
Gamma_1 2 1 9642 0 0 92968164 0 OK 16
Gamma_1 2 1 9643 0 0 92987449 0 OK 18
Gamma_1 2 1 9644 0 0 93006736 0 OK 31
Gamma_1 2 1 9645 0 0 93026025 0 OK 17
Gamma_1 2 1 9646 0 0 93045316 0 OK 18
Gamma_1 2 1 9647 0 0 93064609 0 OK 31
Gamma_1 2 1 9648 0 0 93083904 0 OK 35
Gamma_1 2 1 9649 0 0 93103201 0 OK 16
Gamma_1 2 1 9650 0 0 93122500 0 OK 33
Gamma_1 2 1 9651 0 0 93141801 0 OK 18
Gamma_1 2 1 9652 0 0 93161104 0 OK 18
Gamma_1 2 1 9653 0 0 93180409 0 OK 31
Gamma_1 2 1 9654 0 0 93199716 0 OK 33
Gamma_1 2 1 9655 0 0 93219025 0 OK 18
Gamma_1 2 1 9656 0 0 93238336 0 OK 16
Gamma_1 2 1 9657 0 0 93257649 0 OK 17
Gamma_1 2 1 9658 0 0 93276964 0 OK 32
Gamma_1 2 1 9659 0 0 93296281 0 OK 19
Gamma_1 2 1 9660 0 0 93315600 0 OK 32
Gamma_1 2 1 9661 0 0 93334921 0 OK 17
Gamma_1 2 1 9662 0 0 93354244 0 OK 18
Gamma_1 2 1 9663 0 0 93373569 0 OK 18
Gamma_1 2 1 9664 0 0 93392896 0 OK 17
Gamma_1 2 1 9665 0 0 93412225 0 OK 17
Gamma_1 2 1 9666 0 0 93431556 0 OK 30
Gamma_1 2 1 9667 0 0 93450889 0 OK 31
Gamma_1 2 1 9668 0 0 93470224 0 OK 31
Gamma_1 2 1 9669 0 0 93489561 0 OK 16
Gamma_1 2 1 9670 0 0 93508900 0 OK 18
Gamma_1 2 1 9671 0 0 93528241 0 OK 16
Gamma_1 2 1 9672 0 0 93547584 0 OK 17
Gamma_1 2 1 9673 0 0 93566929 0 OK 17
Gamma_1 2 1 9674 0 0 93586276 0 OK 15
Gamma_1 2 1 9675 0 0 93605625 0 OK 32
Gamma_1 2 1 9676 0 0 93624976 0 OK 32
Gamma_1 2 1 9677 0 0 93644329 0 OK 17
Gamma_1 2 1 9678 0 0 93663684 0 OK 17
Gamma_1 2 1 9679 0 0 93683041 0 OK 16
Gamma_1 2 1 9680 0 0 93702400 0 OK 31
Gamma_1 2 1 9681 0 0 93721761 0 OK 30
Gamma_1 2 1 9682 0 0 93741124 0 OK 32
Gamma_1 2 1 9683 0 0 93760489 0 OK 32
Gamma_1 2 1 9684 0 0 93779856 0 OK 31
Gamma_1 2 1 9685 0 0 93799225 0 OK 31
Gamma_1 2 1 9686 0 0 93818596 0 OK 18
Gamma_1 2 1 9687 0 0 93837969 0 OK 16
Gamma_1 2 1 9688 0 0 93857344 0 OK 19
Gamma_1 2 1 9689 0 0 93876721 0 OK 17
Gamma_1 2 1 9690 0 0 93896100 0 OK 18
Gamma_1 2 1 9691 0 0 93915481 0 OK 16
Gamma_1 2 1 9692 0 0 93934864 0 OK 18
Gamma_1 2 1 9693 0 0 93954249 0 OK 34
Gamma_1 2 1 9694 0 0 93973636 0 OK 18
Gamma_1 2 1 9695 0 0 93993025 0 OK 17
Gamma_1 2 1 9696 0 0 94012416 0 OK 17
Gamma_1 2 1 9697 0 0 94031809 0 OK 33
Gamma_1 2 1 9698 0 0 94051204 0 OK 18
Gamma_1 2 1 9699 0 0 94070601 0 OK 31
Gamma_1 2 1 9700 0 0 94090000 0 OK 18
Gamma_1 2 1 9701 0 0 94109401 0 OK 16
Gamma_1 2 1 9702 0 0 94128804 0 OK 17
Gamma_1 2 1 9703 0 0 94148209 0 OK 17
Gamma_1 2 1 9704 0 0 94167616 0 OK 17
Gamma_1 2 1 9705 0 0 94187025 0 OK 16
Gamma_1 2 1 9706 0 0 94206436 0 OK 17
Gamma_1 2 1 9707 0 0 94225849 0 OK 19
Gamma_1 2 1 9708 0 0 94245264 0 OK 15
Gamma_1 2 1 9709 0 0 94264681 0 OK 19
Gamma_1 2 1 9710 0 0 94284100 0 OK 18
Gamma_1 2 1 9711 0 0 94303521 0 OK 32
Gamma_1 2 1 9712 0 0 94322944 0 OK 33
Gamma_1 2 1 9713 0 0 94342369 0 OK 32
Gamma_1 2 1 9714 0 0 94361796 0 OK 32
Gamma_1 2 1 9715 0 0 94381225 0 OK 33
Gamma_1 2 1 9716 0 0 94400656 0 OK 18
Gamma_1 2 1 9717 0 0 94420089 0 OK 17
Gamma_1 2 1 9718 0 0 94439524 0 OK 18
Gamma_1 2 1 9719 0 0 94458961 0 OK 17
Gamma_1 2 1 9720 0 0 94478400 0 OK 18
Gamma_1 2 1 9721 0 0 94497841 0 OK 18
Gamma_1 2 1 9722 0 0 94517284 0 OK 44
Gamma_1 2 1 9723 0 0 94536729 0 OK 19
Gamma_1 2 1 9724 0 0 94556176 0 OK 18
Gamma_1 2 1 9725 0 0 94575625 0 OK 17
Gamma_1 2 1 9726 0 0 94595076 0 OK 17
Gamma_1 2 1 9727 0 0 94614529 0 OK 29
Gamma_1 2 1 9728 0 0 94633984 0 OK 17
Gamma_1 2 1 9729 0 0 94653441 0 OK 42
Gamma_1 2 1 9730 0 0 94672900 0 OK 16
Gamma_1 2 1 9731 0 0 94692361 0 OK 16
Gamma_1 2 1 9732 0 0 94711824 0 OK 17
Gamma_1 2 1 9733 0 0 94731289 0 OK 16
Gamma_1 2 1 9734 0 0 94750756 0 OK 32
Gamma_1 2 1 9735 0 0 94770225 0 OK 16
Gamma_1 2 1 9736 0 0 94789696 0 OK 33
Gamma_1 2 1 9737 0 0 94809169 0 OK 16
Gamma_1 2 1 9738 0 0 94828644 0 OK 31
Gamma_1 2 1 9739 0 0 94848121 0 OK 33
Gamma_1 2 1 9740 0 0 94867600 0 OK 32
Gamma_1 2 1 9741 0 0 94887081 0 OK 17
Gamma_1 2 1 9742 0 0 94906564 0 OK 31
Gamma_1 2 1 9743 0 0 94926049 0 OK 18
Gamma_1 2 1 9744 0 0 94945536 0 OK 17
Gamma_1 2 1 9745 0 0 94965025 0 OK 17
Gamma_1 2 1 9746 0 0 94984516 0 OK 17
Gamma_1 2 1 9747 0 0 95004009 0 OK 33
Gamma_1 2 1 9748 0 0 95023504 0 OK 33
Gamma_1 2 1 9749 0 0 95043001 0 OK 32
Gamma_1 2 1 9750 0 0 95062500 0 OK 33
Gamma_1 2 1 9751 0 0 95082001 0 OK 16
Gamma_1 2 1 9752 0 0 95101504 0 OK 16
Gamma_1 2 1 9753 0 0 95121009 0 OK 32
Gamma_1 2 1 9754 0 0 95140516 0 OK 18
Gamma_1 2 1 9755 0 0 95160025 0 OK 18
Gamma_1 2 1 9756 0 0 95179536 0 OK 17
Gamma_1 2 1 9757 0 0 95199049 0 OK 31
Gamma_1 2 1 9758 0 0 95218564 0 OK 18
Gamma_1 2 1 9759 0 0 95238081 0 OK 31
Gamma_1 2 1 9760 0 0 95257600 0 OK 17
Gamma_1 2 1 9761 0 0 95277121 0 OK 16
Gamma_1 2 1 9762 0 0 95296644 0 OK 31
Gamma_1 2 1 9763 0 0 95316169 0 OK 18
Gamma_1 2 1 9764 0 0 95335696 0 OK 17
Gamma_1 2 1 9765 0 0 95355225 0 OK 18
Gamma_1 2 1 9766 0 0 95374756 0 OK 18
Gamma_1 2 1 9767 0 0 95394289 0 OK 16
Gamma_1 2 1 9768 0 0 95413824 0 OK 32
Gamma_1 2 1 9769 0 0 95433361 0 OK 18
Gamma_1 2 1 9770 0 0 95452900 0 OK 15
Gamma_1 2 1 9771 0 0 95472441 0 OK 19
Gamma_1 2 1 9772 0 0 95491984 0 OK 32
Gamma_1 2 1 9773 0 0 95511529 0 OK 18
Gamma_1 2 1 9774 0 0 95531076 0 OK 18
Gamma_1 2 1 9775 0 0 95550625 0 OK 18
Gamma_1 2 1 9776 0 0 95570176 0 OK 16
Gamma_1 2 1 9777 0 0 95589729 0 OK 30
Gamma_1 2 1 9778 0 0 95609284 0 OK 31
Gamma_1 2 1 9779 0 0 95628841 0 OK 17
Gamma_1 2 1 9780 0 0 95648400 0 OK 16
Gamma_1 2 1 9781 0 0 95667961 0 OK 32
Gamma_1 2 1 9782 0 0 95687524 0 OK 17
Gamma_1 2 1 9783 0 0 95707089 0 OK 32
Gamma_1 2 1 9784 0 0 95726656 0 OK 19
Gamma_1 2 1 9785 0 0 95746225 0 OK 17
Gamma_1 2 1 9786 0 0 95765796 0 OK 16
Gamma_1 2 1 9787 0 0 95785369 0 OK 31
Gamma_1 2 1 9788 0 0 95804944 0 OK 17
Gamma_1 2 1 9789 0 0 95824521 0 OK 15
Gamma_1 2 1 9790 0 0 95844100 0 OK 18
Gamma_1 2 1 9791 0 0 95863681 0 OK 31
Gamma_1 2 1 9792 0 0 95883264 0 OK 17
Gamma_1 2 1 9793 0 0 95902849 0 OK 32
Gamma_1 2 1 9794 0 0 95922436 0 OK 17
Gamma_1 2 1 9795 0 0 95942025 0 OK 17
Gamma_1 2 1 9796 0 0 95961616 0 OK 17
Gamma_1 2 1 9797 0 0 95981209 0 OK 16
Gamma_1 2 1 9798 0 0 96000804 0 OK 17
Gamma_1 2 1 9799 0 0 96020401 0 OK 31
Gamma_1 2 1 9800 0 0 96040000 0 OK 30
Gamma_1 2 1 9801 0 0 96059601 0 OK 16
Gamma_1 2 1 9802 0 0 96079204 0 OK 32
Gamma_1 2 1 9803 0 0 96098809 0 OK 17
Gamma_1 2 1 9804 0 0 96118416 0 OK 16
Gamma_1 2 1 9805 0 0 96138025 0 OK 17
Gamma_1 2 1 9806 0 0 96157636 0 OK 32
Gamma_1 2 1 9807 0 0 96177249 0 OK 18
Gamma_1 2 1 9808 0 0 96196864 0 OK 17
Gamma_1 2 1 9809 0 0 96216481 0 OK 31
Gamma_1 2 1 9810 0 0 96236100 0 OK 32
Gamma_1 2 1 9811 0 0 96255721 0 OK 32
Gamma_1 2 1 9812 0 0 96275344 0 OK 18
Gamma_1 2 1 9813 0 0 96294969 0 OK 18
Gamma_1 2 1 9814 0 0 96314596 0 OK 32
Gamma_1 2 1 9815 0 0 96334225 0 OK 17
Gamma_1 2 1 9816 0 0 96353856 0 OK 17
Gamma_1 2 1 9817 0 0 96373489 0 OK 30
Gamma_1 2 1 9818 0 0 96393124 0 OK 42
Gamma_1 2 1 9819 0 0 96412761 0 OK 17
Gamma_1 2 1 9820 0 0 96432400 0 OK 17
Gamma_1 2 1 9821 0 0 96452041 0 OK 32
Gamma_1 2 1 9822 0 0 96471684 0 OK 33
Gamma_1 2 1 9823 0 0 96491329 0 OK 20
Gamma_1 2 1 9824 0 0 96510976 0 OK 18
Gamma_1 2 1 9825 0 0 96530625 0 OK 17
Gamma_1 2 1 9826 0 0 96550276 0 OK 33
Gamma_1 2 1 9827 0 0 96569929 0 OK 19
Gamma_1 2 1 9828 0 0 96589584 0 OK 18
Gamma_1 2 1 9829 0 0 96609241 0 OK 18
Gamma_1 2 1 9830 0 0 96628900 0 OK 31
Gamma_1 2 1 9831 0 0 96648561 0 OK 19
Gamma_1 2 1 9832 0 0 96668224 0 OK 32
Gamma_1 2 1 9833 0 0 96687889 0 OK 16
Gamma_1 2 1 9834 0 0 96707556 0 OK 18
Gamma_1 2 1 9835 0 0 96727225 0 OK 17
Gamma_1 2 1 9836 0 0 96746896 0 OK 18
Gamma_1 2 1 9837 0 0 96766569 0 OK 17
Gamma_1 2 1 9838 0 0 96786244 0 OK 17
Gamma_1 2 1 9839 0 0 96805921 0 OK 18
Gamma_1 2 1 9840 0 0 96825600 0 OK 16
Gamma_1 2 1 9841 0 0 96845281 0 OK 17
Gamma_1 2 1 9842 0 0 96864964 0 OK 17
Gamma_1 2 1 9843 0 0 96884649 0 OK 17
Gamma_1 2 1 9844 0 0 96904336 0 OK 33
Gamma_1 2 1 9845 0 0 96924025 0 OK 18
Gamma_1 2 1 9846 0 0 96943716 0 OK 31
Gamma_1 2 1 9847 0 0 96963409 0 OK 17
Gamma_1 2 1 9848 0 0 96983104 0 OK 34
Gamma_1 2 1 9849 0 0 97002801 0 OK 17
Gamma_1 2 1 9850 0 0 97022500 0 OK 16
Gamma_1 2 1 9851 0 0 97042201 0 OK 16
Gamma_1 2 1 9852 0 0 97061904 0 OK 17
Gamma_1 2 1 9853 0 0 97081609 0 OK 16
Gamma_1 2 1 9854 0 0 97101316 0 OK 32
Gamma_1 2 1 9855 0 0 97121025 0 OK 32
Gamma_1 2 1 9856 0 0 97140736 0 OK 17
Gamma_1 2 1 9857 0 0 97160449 0 OK 31
Gamma_1 2 1 9858 0 0 97180164 0 OK 17
Gamma_1 2 1 9859 0 0 97199881 0 OK 31
Gamma_1 2 1 9860 0 0 97219600 0 OK 34
Gamma_1 2 1 9861 0 0 97239321 0 OK 17
Gamma_1 2 1 9862 0 0 97259044 0 OK 18
Gamma_1 2 1 9863 0 0 97278769 0 OK 30
Gamma_1 2 1 9864 0 0 97298496 0 OK 17
Gamma_1 2 1 9865 0 0 97318225 0 OK 16
Gamma_1 2 1 9866 0 0 97337956 0 OK 18
Gamma_1 2 1 9867 0 0 97357689 0 OK 18
Gamma_1 2 1 9868 0 0 97377424 0 OK 32
Gamma_1 2 1 9869 0 0 97397161 0 OK 17
Gamma_1 2 1 9870 0 0 97416900 0 OK 17
Gamma_1 2 1 9871 0 0 97436641 0 OK 18
Gamma_1 2 1 9872 0 0 97456384 0 OK 16
Gamma_1 2 1 9873 0 0 97476129 0 OK 32
Gamma_1 2 1 9874 0 0 97495876 0 OK 17
Gamma_1 2 1 9875 0 0 97515625 0 OK 19
Gamma_1 2 1 9876 0 0 97535376 0 OK 16
Gamma_1 2 1 9877 0 0 97555129 0 OK 15
Gamma_1 2 1 9878 0 0 97574884 0 OK 21
Gamma_1 2 1 9879 0 0 97594641 0 OK 17
Gamma_1 2 1 9880 0 0 97614400 0 OK 19
Gamma_1 2 1 9881 0 0 97634161 0 OK 16
Gamma_1 2 1 9882 0 0 97653924 0 OK 31
Gamma_1 2 1 9883 0 0 97673689 0 OK 17
Gamma_1 2 1 9884 0 0 97693456 0 OK 16
Gamma_1 2 1 9885 0 0 97713225 0 OK 31
Gamma_1 2 1 9886 0 0 97732996 0 OK 19
Gamma_1 2 1 9887 0 0 97752769 0 OK 16
Gamma_1 2 1 9888 0 0 97772544 0 OK 17
Gamma_1 2 1 9889 0 0 97792321 0 OK 32
Gamma_1 2 1 9890 0 0 97812100 0 OK 16
Gamma_1 2 1 9891 0 0 97831881 0 OK 16
Gamma_1 2 1 9892 0 0 97851664 0 OK 17
Gamma_1 2 1 9893 0 0 97871449 0 OK 32
Gamma_1 2 1 9894 0 0 97891236 0 OK 18
Gamma_1 2 1 9895 0 0 97911025 0 OK 17
Gamma_1 2 1 9896 0 0 97930816 0 OK 18
Gamma_1 2 1 9897 0 0 97950609 0 OK 15
Gamma_1 2 1 9898 0 0 97970404 0 OK 18
Gamma_1 2 1 9899 0 0 97990201 0 OK 17
Gamma_1 2 1 9900 0 0 98010000 0 OK 15
Gamma_1 2 1 9901 0 0 98029801 0 OK 18
Gamma_1 2 1 9902 0 0 98049604 0 OK 32
Gamma_1 2 1 9903 0 0 98069409 0 OK 18
Gamma_1 2 1 9904 0 0 98089216 0 OK 18
Gamma_1 2 1 9905 0 0 98109025 0 OK 30
Gamma_1 2 1 9906 0 0 98128836 0 OK 30
Gamma_1 2 1 9907 0 0 98148649 0 OK 18
Gamma_1 2 1 9908 0 0 98168464 0 OK 18
Gamma_1 2 1 9909 0 0 98188281 0 OK 18
Gamma_1 2 1 9910 0 0 98208100 0 OK 34
Gamma_1 2 1 9911 0 0 98227921 0 OK 31
Gamma_1 2 1 9912 0 0 98247744 0 OK 31
Gamma_1 2 1 9913 0 0 98267569 0 OK 30
Gamma_1 2 1 9914 0 0 98287396 0 OK 18
Gamma_1 2 1 9915 0 0 98307225 0 OK 17
Gamma_1 2 1 9916 0 0 98327056 0 OK 18
Gamma_1 2 1 9917 0 0 98346889 0 OK 16
Gamma_1 2 1 9918 0 0 98366724 0 OK 16
Gamma_1 2 1 9919 0 0 98386561 0 OK 18
Gamma_1 2 1 9920 0 0 98406400 0 OK 18
Gamma_1 2 1 9921 0 0 98426241 0 OK 15
Gamma_1 2 1 9922 0 0 98446084 0 OK 17
Gamma_1 2 1 9923 0 0 98465929 0 OK 16
Gamma_1 2 1 9924 0 0 98485776 0 OK 33
Gamma_1 2 1 9925 0 0 98505625 0 OK 16
Gamma_1 2 1 9926 0 0 98525476 0 OK 17
Gamma_1 2 1 9927 0 0 98545329 0 OK 18
Gamma_1 2 1 9928 0 0 98565184 0 OK 32
Gamma_1 2 1 9929 0 0 98585041 0 OK 32
Gamma_1 2 1 9930 0 0 98604900 0 OK 17
Gamma_1 2 1 9931 0 0 98624761 0 OK 17
Gamma_1 2 1 9932 0 0 98644624 0 OK 16
Gamma_1 2 1 9933 0 0 98664489 0 OK 17
Gamma_1 2 1 9934 0 0 98684356 0 OK 17
Gamma_1 2 1 9935 0 0 98704225 0 OK 16
Gamma_1 2 1 9936 0 0 98724096 0 OK 18
Gamma_1 2 1 9937 0 0 98743969 0 OK 17
Gamma_1 2 1 9938 0 0 98763844 0 OK 19
Gamma_1 2 1 9939 0 0 98783721 0 OK 18
Gamma_1 2 1 9940 0 0 98803600 0 OK 17
Gamma_1 2 1 9941 0 0 98823481 0 OK 34
Gamma_1 2 1 9942 0 0 98843364 0 OK 31
Gamma_1 2 1 9943 0 0 98863249 0 OK 16
Gamma_1 2 1 9944 0 0 98883136 0 OK 18
Gamma_1 2 1 9945 0 0 98903025 0 OK 17
Gamma_1 2 1 9946 0 0 98922916 0 OK 32
Gamma_1 2 1 9947 0 0 98942809 0 OK 18
Gamma_1 2 1 9948 0 0 98962704 0 OK 17
Gamma_1 2 1 9949 0 0 98982601 0 OK 19
Gamma_1 2 1 9950 0 0 99002500 0 OK 17
Gamma_1 2 1 9951 0 0 99022401 0 OK 30
Gamma_1 2 1 9952 0 0 99042304 0 OK 16
Gamma_1 2 1 9953 0 0 99062209 0 OK 16
Gamma_1 2 1 9954 0 0 99082116 0 OK 30
Gamma_1 2 1 9955 0 0 99102025 0 OK 31
Gamma_1 2 1 9956 0 0 99121936 0 OK 19
Gamma_1 2 1 9957 0 0 99141849 0 OK 18
Gamma_1 2 1 9958 0 0 99161764 0 OK 16
Gamma_1 2 1 9959 0 0 99181681 0 OK 15
Gamma_1 2 1 9960 0 0 99201600 0 OK 16
Gamma_1 2 1 9961 0 0 99221521 0 OK 16
Gamma_1 2 1 9962 0 0 99241444 0 OK 15
Gamma_1 2 1 9963 0 0 99261369 0 OK 15
Gamma_1 2 1 9964 0 0 99281296 0 OK 16
Gamma_1 2 1 9965 0 0 99301225 0 OK 16
Gamma_1 2 1 9966 0 0 99321156 0 OK 29
Gamma_1 2 1 9967 0 0 99341089 0 OK 16
Gamma_1 2 1 9968 0 0 99361024 0 OK 16
Gamma_1 2 1 9969 0 0 99380961 0 OK 16
Gamma_1 2 1 9970 0 0 99400900 0 OK 17
Gamma_1 2 1 9971 0 0 99420841 0 OK 17
Gamma_1 2 1 9972 0 0 99440784 0 OK 15
Gamma_1 2 1 9973 0 0 99460729 0 OK 16
Gamma_1 2 1 9974 0 0 99480676 0 OK 16
Gamma_1 2 1 9975 0 0 99500625 0 OK 32
Gamma_1 2 1 9976 0 0 99520576 0 OK 16
Gamma_1 2 1 9977 0 0 99540529 0 OK 30
Gamma_1 2 1 9978 0 0 99560484 0 OK 18
Gamma_1 2 1 9979 0 0 99580441 0 OK 33
Gamma_1 2 1 9980 0 0 99600400 0 OK 17
Gamma_1 2 1 9981 0 0 99620361 0 OK 17
Gamma_1 2 1 9982 0 0 99640324 0 OK 18
Gamma_1 2 1 9983 0 0 99660289 0 OK 17
Gamma_1 2 1 9984 0 0 99680256 0 OK 31
Gamma_1 2 1 9985 0 0 99700225 0 OK 31
Gamma_1 2 1 9986 0 0 99720196 0 OK 33
Gamma_1 2 1 9987 0 0 99740169 0 OK 33
Gamma_1 2 1 9988 0 0 99760144 0 OK 32
Gamma_1 2 1 9989 0 0 99780121 0 OK 16
Gamma_1 2 1 9990 0 0 99800100 0 OK 30
Gamma_1 2 1 9991 0 0 99820081 0 OK 18
Gamma_1 2 1 9992 0 0 99840064 0 OK 32
Gamma_1 2 1 9993 0 0 99860049 0 OK 18
Gamma_1 2 1 9994 0 0 99880036 0 OK 17
Gamma_1 2 1 9995 0 0 99900025 0 OK 30
Gamma_1 2 1 9996 0 0 99920016 0 OK 18
Gamma_1 2 1 9997 0 0 99940009 0 OK 30
Gamma_1 2 1 9998 0 0 99960004 0 OK 18
Gamma_1 2 1 9999 0 0 99980001 0 OK 16
Gamma_1 2 1 10000 0 0 100000000 0 OK 31
Gamma_1 2 1 10001 0 0 100020001 0 OK 31
Gamma_1 2 1 10002 0 0 100040004 0 OK 18
Gamma_1 2 1 10003 0 0 100060009 0 OK 16
Gamma_1 2 1 10004 0 0 100080016 0 OK 16
Gamma_1 2 1 10005 0 0 100100025 0 OK 15
Gamma_1 2 1 10006 0 0 100120036 0 OK 17
Gamma_1 2 1 10007 0 0 100140049 0 OK 32
Gamma_1 2 1 10008 0 0 100160064 0 OK 18
Gamma_1 2 1 10009 0 0 100180081 0 OK 30
Gamma_1 2 1 10010 0 0 100200100 0 OK 17
Gamma_1 2 1 10011 0 0 100220121 0 OK 18
Gamma_1 2 1 10012 0 0 100240144 0 OK 32
Gamma_1 2 1 10013 0 0 100260169 0 OK 17
Gamma_1 2 1 10014 0 0 100280196 0 OK 18
Gamma_1 2 1 10015 0 0 100300225 0 OK 15
Gamma_1 2 1 10016 0 0 100320256 0 OK 17
Gamma_1 2 1 10017 0 0 100340289 0 OK 16
Gamma_1 2 1 10018 0 0 100360324 0 OK 32
Gamma_1 2 1 10019 0 0 100380361 0 OK 17
Gamma_1 2 1 10020 0 0 100400400 0 OK 30
Gamma_1 2 1 10021 0 0 100420441 0 OK 17
Gamma_1 2 1 10022 0 0 100440484 0 OK 21
Gamma_1 2 1 10023 0 0 100460529 0 OK 31
Gamma_1 2 1 10024 0 0 100480576 0 OK 18
Gamma_1 2 1 10025 0 0 100500625 0 OK 16
Gamma_1 2 1 10026 0 0 100520676 0 OK 19
Gamma_1 2 1 10027 0 0 100540729 0 OK 31
Gamma_1 2 1 10028 0 0 100560784 0 OK 18
Gamma_1 2 1 10029 0 0 100580841 0 OK 16
Gamma_1 2 1 10030 0 0 100600900 0 OK 31
Gamma_1 2 1 10031 0 0 100620961 0 OK 18
Gamma_1 2 1 10032 0 0 100641024 0 OK 17
Gamma_1 2 1 10033 0 0 100661089 0 OK 32
Gamma_1 2 1 10034 0 0 100681156 0 OK 17
Gamma_1 2 1 10035 0 0 100701225 0 OK 18
Gamma_1 2 1 10036 0 0 100721296 0 OK 17
Gamma_1 2 1 10037 0 0 100741369 0 OK 30
Gamma_1 2 1 10038 0 0 100761444 0 OK 18
Gamma_1 2 1 10039 0 0 100781521 0 OK 30
Gamma_1 2 1 10040 0 0 100801600 0 OK 19
Gamma_1 2 1 10041 0 0 100821681 0 OK 17
Gamma_1 2 1 10042 0 0 100841764 0 OK 18
Gamma_1 2 1 10043 0 0 100861849 0 OK 17
Gamma_1 2 1 10044 0 0 100881936 0 OK 32
Gamma_1 2 1 10045 0 0 100902025 0 OK 17
Gamma_1 2 1 10046 0 0 100922116 0 OK 17
Gamma_1 2 1 10047 0 0 100942209 0 OK 18
Gamma_1 2 1 10048 0 0 100962304 0 OK 18
Gamma_1 2 1 10049 0 0 100982401 0 OK 33
Gamma_1 2 1 10050 0 0 101002500 0 OK 32
Gamma_1 2 1 10051 0 0 101022601 0 OK 32
Gamma_1 2 1 10052 0 0 101042704 0 OK 32
Gamma_1 2 1 10053 0 0 101062809 0 OK 16
Gamma_1 2 1 10054 0 0 101082916 0 OK 17
Gamma_1 2 1 10055 0 0 101103025 0 OK 31
Gamma_1 2 1 10056 0 0 101123136 0 OK 17
Gamma_1 2 1 10057 0 0 101143249 0 OK 16
Gamma_1 2 1 10058 0 0 101163364 0 OK 31
Gamma_1 2 1 10059 0 0 101183481 0 OK 32
Gamma_1 2 1 10060 0 0 101203600 0 OK 17
Gamma_1 2 1 10061 0 0 101223721 0 OK 31
Gamma_1 2 1 10062 0 0 101243844 0 OK 17
Gamma_1 2 1 10063 0 0 101263969 0 OK 17
Gamma_1 2 1 10064 0 0 101284096 0 OK 30
Gamma_1 2 1 10065 0 0 101304225 0 OK 19
Gamma_1 2 1 10066 0 0 101324356 0 OK 17
Gamma_1 2 1 10067 0 0 101344489 0 OK 43
Gamma_1 2 1 10068 0 0 101364624 0 OK 16
Gamma_1 2 1 10069 0 0 101384761 0 OK 32
Gamma_1 2 1 10070 0 0 101404900 0 OK 16
Gamma_1 2 1 10071 0 0 101425041 0 OK 18
Gamma_1 2 1 10072 0 0 101445184 0 OK 16
Gamma_1 2 1 10073 0 0 101465329 0 OK 17
Gamma_1 2 1 10074 0 0 101485476 0 OK 31
Gamma_1 2 1 10075 0 0 101505625 0 OK 32
Gamma_1 2 1 10076 0 0 101525776 0 OK 17
Gamma_1 2 1 10077 0 0 101545929 0 OK 32
Gamma_1 2 1 10078 0 0 101566084 0 OK 17
Gamma_1 2 1 10079 0 0 101586241 0 OK 18
Gamma_1 2 1 10080 0 0 101606400 0 OK 16
Gamma_1 2 1 10081 0 0 101626561 0 OK 19
Gamma_1 2 1 10082 0 0 101646724 0 OK 17
Gamma_1 2 1 10083 0 0 101666889 0 OK 42
Gamma_1 2 1 10084 0 0 101687056 0 OK 17
Gamma_1 2 1 10085 0 0 101707225 0 OK 18
Gamma_1 2 1 10086 0 0 101727396 0 OK 17
Gamma_1 2 1 10087 0 0 101747569 0 OK 17
Gamma_1 2 1 10088 0 0 101767744 0 OK 30
Gamma_1 2 1 10089 0 0 101787921 0 OK 31
Gamma_1 2 1 10090 0 0 101808100 0 OK 18
Gamma_1 2 1 10091 0 0 101828281 0 OK 30
Gamma_1 2 1 10092 0 0 101848464 0 OK 17
Gamma_1 2 1 10093 0 0 101868649 0 OK 16
Gamma_1 2 1 10094 0 0 101888836 0 OK 16
Gamma_1 2 1 10095 0 0 101909025 0 OK 18
Gamma_1 2 1 10096 0 0 101929216 0 OK 30
Gamma_1 2 1 10097 0 0 101949409 0 OK 18
Gamma_1 2 1 10098 0 0 101969604 0 OK 30
Gamma_1 2 1 10099 0 0 101989801 0 OK 31
Gamma_1 2 1 10100 0 0 102010000 0 OK 16
Gamma_1 2 1 10101 0 0 102030201 0 OK 18
Gamma_1 2 1 10102 0 0 102050404 0 OK 17
Gamma_1 2 1 10103 0 0 102070609 0 OK 34
Gamma_1 2 1 10104 0 0 102090816 0 OK 17
Gamma_1 2 1 10105 0 0 102111025 0 OK 32
Gamma_1 2 1 10106 0 0 102131236 0 OK 33
Gamma_1 2 1 10107 0 0 102151449 0 OK 18
Gamma_1 2 1 10108 0 0 102171664 0 OK 30
Gamma_1 2 1 10109 0 0 102191881 0 OK 18
Gamma_1 2 1 10110 0 0 102212100 0 OK 18
Gamma_1 2 1 10111 0 0 102232321 0 OK 34
Gamma_1 2 1 10112 0 0 102252544 0 OK 32
Gamma_1 2 1 10113 0 0 102272769 0 OK 33
Gamma_1 2 1 10114 0 0 102292996 0 OK 34
Gamma_1 2 1 10115 0 0 102313225 0 OK 33
Gamma_1 2 1 10116 0 0 102333456 0 OK 16
Gamma_1 2 1 10117 0 0 102353689 0 OK 18
Gamma_1 2 1 10118 0 0 102373924 0 OK 17
Gamma_1 2 1 10119 0 0 102394161 0 OK 16
Gamma_1 2 1 10120 0 0 102414400 0 OK 32
Gamma_1 2 1 10121 0 0 102434641 0 OK 18
Gamma_1 2 1 10122 0 0 102454884 0 OK 16
Gamma_1 2 1 10123 0 0 102475129 0 OK 17
Gamma_1 2 1 10124 0 0 102495376 0 OK 31
Gamma_1 2 1 10125 0 0 102515625 0 OK 18
Gamma_1 2 1 10126 0 0 102535876 0 OK 16
Gamma_1 2 1 10127 0 0 102556129 0 OK 32
Gamma_1 2 1 10128 0 0 102576384 0 OK 17
Gamma_1 2 1 10129 0 0 102596641 0 OK 31
Gamma_1 2 1 10130 0 0 102616900 0 OK 18
Gamma_1 2 1 10131 0 0 102637161 0 OK 16
Gamma_1 2 1 10132 0 0 102657424 0 OK 19
Gamma_1 2 1 10133 0 0 102677689 0 OK 18
Gamma_1 2 1 10134 0 0 102697956 0 OK 31
Gamma_1 2 1 10135 0 0 102718225 0 OK 33
Gamma_1 2 1 10136 0 0 102738496 0 OK 16
Gamma_1 2 1 10137 0 0 102758769 0 OK 16
Gamma_1 2 1 10138 0 0 102779044 0 OK 18
Gamma_1 2 1 10139 0 0 102799321 0 OK 33
Gamma_1 2 1 10140 0 0 102819600 0 OK 32
Gamma_1 2 1 10141 0 0 102839881 0 OK 18
Gamma_1 2 1 10142 0 0 102860164 0 OK 32
Gamma_1 2 1 10143 0 0 102880449 0 OK 18
Gamma_1 2 1 10144 0 0 102900736 0 OK 16
Gamma_1 2 1 10145 0 0 102921025 0 OK 17
Gamma_1 2 1 10146 0 0 102941316 0 OK 16
Gamma_1 2 1 10147 0 0 102961609 0 OK 16
Gamma_1 2 1 10148 0 0 102981904 0 OK 32
Gamma_1 2 1 10149 0 0 103002201 0 OK 32
Gamma_1 2 1 10150 0 0 103022500 0 OK 33
Gamma_1 2 1 10151 0 0 103042801 0 OK 18
Gamma_1 2 1 10152 0 0 103063104 0 OK 19
Gamma_1 2 1 10153 0 0 103083409 0 OK 19
Gamma_1 2 1 10154 0 0 103103716 0 OK 18
Gamma_1 2 1 10155 0 0 103124025 0 OK 31
Gamma_1 2 1 10156 0 0 103144336 0 OK 15
Gamma_1 2 1 10157 0 0 103164649 0 OK 33
Gamma_1 2 1 10158 0 0 103184964 0 OK 32
Gamma_1 2 1 10159 0 0 103205281 0 OK 33
Gamma_1 2 1 10160 0 0 103225600 0 OK 17
Gamma_1 2 1 10161 0 0 103245921 0 OK 18
Gamma_1 2 1 10162 0 0 103266244 0 OK 17
Gamma_1 2 1 10163 0 0 103286569 0 OK 32
Gamma_1 2 1 10164 0 0 103306896 0 OK 32
Gamma_1 2 1 10165 0 0 103327225 0 OK 17
Gamma_1 2 1 10166 0 0 103347556 0 OK 17
Gamma_1 2 1 10167 0 0 103367889 0 OK 33
Gamma_1 2 1 10168 0 0 103388224 0 OK 16
Gamma_1 2 1 10169 0 0 103408561 0 OK 18
Gamma_1 2 1 10170 0 0 103428900 0 OK 19
Gamma_1 2 1 10171 0 0 103449241 0 OK 32
Gamma_1 2 1 10172 0 0 103469584 0 OK 18
Gamma_1 2 1 10173 0 0 103489929 0 OK 17
Gamma_1 2 1 10174 0 0 103510276 0 OK 16
Gamma_1 2 1 10175 0 0 103530625 0 OK 18
Gamma_1 2 1 10176 0 0 103550976 0 OK 32
Gamma_1 2 1 10177 0 0 103571329 0 OK 20
Gamma_1 2 1 10178 0 0 103591684 0 OK 33
Gamma_1 2 1 10179 0 0 103612041 0 OK 17
Gamma_1 2 1 10180 0 0 103632400 0 OK 17
Gamma_1 2 1 10181 0 0 103652761 0 OK 33
Gamma_1 2 1 10182 0 0 103673124 0 OK 18
Gamma_1 2 1 10183 0 0 103693489 0 OK 17
Gamma_1 2 1 10184 0 0 103713856 0 OK 17
Gamma_1 2 1 10185 0 0 103734225 0 OK 18
Gamma_1 2 1 10186 0 0 103754596 0 OK 17
Gamma_1 2 1 10187 0 0 103774969 0 OK 17
Gamma_1 2 1 10188 0 0 103795344 0 OK 32
Gamma_1 2 1 10189 0 0 103815721 0 OK 16
Gamma_1 2 1 10190 0 0 103836100 0 OK 17
Gamma_1 2 1 10191 0 0 103856481 0 OK 16
Gamma_1 2 1 10192 0 0 103876864 0 OK 15
Gamma_1 2 1 10193 0 0 103897249 0 OK 15
Gamma_1 2 1 10194 0 0 103917636 0 OK 30
Gamma_1 2 1 10195 0 0 103938025 0 OK 17
Gamma_1 2 1 10196 0 0 103958416 0 OK 16
Gamma_1 2 1 10197 0 0 103978809 0 OK 18
Gamma_1 2 1 10198 0 0 103999204 0 OK 17
Gamma_1 2 1 10199 0 0 104019601 0 OK 33
Gamma_1 2 1 10200 0 0 104040000 0 OK 16
Gamma_1 2 1 10201 0 0 104060401 0 OK 31
Gamma_1 2 1 10202 0 0 104080804 0 OK 18
Gamma_1 2 1 10203 0 0 104101209 0 OK 18
Gamma_1 2 1 10204 0 0 104121616 0 OK 19
Gamma_1 2 1 10205 0 0 104142025 0 OK 17
Gamma_1 2 1 10206 0 0 104162436 0 OK 18
Gamma_1 2 1 10207 0 0 104182849 0 OK 16
Gamma_1 2 1 10208 0 0 104203264 0 OK 31
Gamma_1 2 1 10209 0 0 104223681 0 OK 18
Gamma_1 2 1 10210 0 0 104244100 0 OK 16
Gamma_1 2 1 10211 0 0 104264521 0 OK 16
Gamma_1 2 1 10212 0 0 104284944 0 OK 16
Gamma_1 2 1 10213 0 0 104305369 0 OK 18
Gamma_1 2 1 10214 0 0 104325796 0 OK 16
Gamma_1 2 1 10215 0 0 104346225 0 OK 17
Gamma_1 2 1 10216 0 0 104366656 0 OK 16
Gamma_1 2 1 10217 0 0 104387089 0 OK 18
Gamma_1 2 1 10218 0 0 104407524 0 OK 19
Gamma_1 2 1 10219 0 0 104427961 0 OK 16
Gamma_1 2 1 10220 0 0 104448400 0 OK 15
Gamma_1 2 1 10221 0 0 104468841 0 OK 18
Gamma_1 2 1 10222 0 0 104489284 0 OK 18
Gamma_1 2 1 10223 0 0 104509729 0 OK 18
Gamma_1 2 1 10224 0 0 104530176 0 OK 17
Gamma_1 2 1 10225 0 0 104550625 0 OK 17
Gamma_1 2 1 10226 0 0 104571076 0 OK 32
Gamma_1 2 1 10227 0 0 104591529 0 OK 18
Gamma_1 2 1 10228 0 0 104611984 0 OK 30
Gamma_1 2 1 10229 0 0 104632441 0 OK 16
Gamma_1 2 1 10230 0 0 104652900 0 OK 17
Gamma_1 2 1 10231 0 0 104673361 0 OK 17
Gamma_1 2 1 10232 0 0 104693824 0 OK 17
Gamma_1 2 1 10233 0 0 104714289 0 OK 16
Gamma_1 2 1 10234 0 0 104734756 0 OK 32
Gamma_1 2 1 10235 0 0 104755225 0 OK 17
Gamma_1 2 1 10236 0 0 104775696 0 OK 16
Gamma_1 2 1 10237 0 0 104796169 0 OK 17
Gamma_1 2 1 10238 0 0 104816644 0 OK 32
Gamma_1 2 1 10239 0 0 104837121 0 OK 17
Gamma_1 2 1 10240 0 0 104857600 0 OK 31
Gamma_1 2 1 10241 0 0 104878081 0 OK 18
Gamma_1 2 1 10242 0 0 104898564 0 OK 15
Gamma_1 2 1 10243 0 0 104919049 0 OK 31
Gamma_1 2 1 10244 0 0 104939536 0 OK 17
Gamma_1 2 1 10245 0 0 104960025 0 OK 18
Gamma_1 2 1 10246 0 0 104980516 0 OK 32
Gamma_1 2 1 10247 0 0 105001009 0 OK 33
Gamma_1 2 1 10248 0 0 105021504 0 OK 16
Gamma_1 2 1 10249 0 0 105042001 0 OK 16
Gamma_1 2 1 10250 0 0 105062500 0 OK 30
Gamma_1 2 1 10251 0 0 105083001 0 OK 17
Gamma_1 2 1 10252 0 0 105103504 0 OK 16
Gamma_1 2 1 10253 0 0 105124009 0 OK 18
Gamma_1 2 1 10254 0 0 105144516 0 OK 17
Gamma_1 2 1 10255 0 0 105165025 0 OK 18
Gamma_1 2 1 10256 0 0 105185536 0 OK 17
Gamma_1 2 1 10257 0 0 105206049 0 OK 32
Gamma_1 2 1 10258 0 0 105226564 0 OK 32
Gamma_1 2 1 10259 0 0 105247081 0 OK 17
Gamma_1 2 1 10260 0 0 105267600 0 OK 15
Gamma_1 2 1 10261 0 0 105288121 0 OK 17
Gamma_1 2 1 10262 0 0 105308644 0 OK 16
Gamma_1 2 1 10263 0 0 105329169 0 OK 32
Gamma_1 2 1 10264 0 0 105349696 0 OK 17
Gamma_1 2 1 10265 0 0 105370225 0 OK 17
Gamma_1 2 1 10266 0 0 105390756 0 OK 32
Gamma_1 2 1 10267 0 0 105411289 0 OK 16
Gamma_1 2 1 10268 0 0 105431824 0 OK 17
Gamma_1 2 1 10269 0 0 105452361 0 OK 31
Gamma_1 2 1 10270 0 0 105472900 0 OK 32
Gamma_1 2 1 10271 0 0 105493441 0 OK 17
Gamma_1 2 1 10272 0 0 105513984 0 OK 17
Gamma_1 2 1 10273 0 0 105534529 0 OK 18
Gamma_1 2 1 10274 0 0 105555076 0 OK 19
Gamma_1 2 1 10275 0 0 105575625 0 OK 17
Gamma_1 2 1 10276 0 0 105596176 0 OK 16
Gamma_1 2 1 10277 0 0 105616729 0 OK 18
Gamma_1 2 1 10278 0 0 105637284 0 OK 17
Gamma_1 2 1 10279 0 0 105657841 0 OK 18
Gamma_1 2 1 10280 0 0 105678400 0 OK 18
Gamma_1 2 1 10281 0 0 105698961 0 OK 17
Gamma_1 2 1 10282 0 0 105719524 0 OK 17
Gamma_1 2 1 10283 0 0 105740089 0 OK 31
Gamma_1 2 1 10284 0 0 105760656 0 OK 34
Gamma_1 2 1 10285 0 0 105781225 0 OK 34
Gamma_1 2 1 10286 0 0 105801796 0 OK 17
Gamma_1 2 1 10287 0 0 105822369 0 OK 17
Gamma_1 2 1 10288 0 0 105842944 0 OK 17
Gamma_1 2 1 10289 0 0 105863521 0 OK 32
Gamma_1 2 1 10290 0 0 105884100 0 OK 17
Gamma_1 2 1 10291 0 0 105904681 0 OK 17
Gamma_1 2 1 10292 0 0 105925264 0 OK 17
Gamma_1 2 1 10293 0 0 105945849 0 OK 17
Gamma_1 2 1 10294 0 0 105966436 0 OK 17
Gamma_1 2 1 10295 0 0 105987025 0 OK 17
Gamma_1 2 1 10296 0 0 106007616 0 OK 16
Gamma_1 2 1 10297 0 0 106028209 0 OK 33
Gamma_1 2 1 10298 0 0 106048804 0 OK 18
Gamma_1 2 1 10299 0 0 106069401 0 OK 19
Gamma_1 2 1 10300 0 0 106090000 0 OK 17
Gamma_1 2 1 10301 0 0 106110601 0 OK 16
Gamma_1 2 1 10302 0 0 106131204 0 OK 16
Gamma_1 2 1 10303 0 0 106151809 0 OK 34
Gamma_1 2 1 10304 0 0 106172416 0 OK 33
Gamma_1 2 1 10305 0 0 106193025 0 OK 17
Gamma_1 2 1 10306 0 0 106213636 0 OK 17
Gamma_1 2 1 10307 0 0 106234249 0 OK 18
Gamma_1 2 1 10308 0 0 106254864 0 OK 32
Gamma_1 2 1 10309 0 0 106275481 0 OK 19
Gamma_1 2 1 10310 0 0 106296100 0 OK 43
Gamma_1 2 1 10311 0 0 106316721 0 OK 34
Gamma_1 2 1 10312 0 0 106337344 0 OK 31
Gamma_1 2 1 10313 0 0 106357969 0 OK 17
Gamma_1 2 1 10314 0 0 106378596 0 OK 32
Gamma_1 2 1 10315 0 0 106399225 0 OK 17
Gamma_1 2 1 10316 0 0 106419856 0 OK 31
Gamma_1 2 1 10317 0 0 106440489 0 OK 36
Gamma_1 2 1 10318 0 0 106461124 0 OK 31
Gamma_1 2 1 10319 0 0 106481761 0 OK 17
Gamma_1 2 1 10320 0 0 106502400 0 OK 16
Gamma_1 2 1 10321 0 0 106523041 0 OK 20
Gamma_1 2 1 10322 0 0 106543684 0 OK 18
Gamma_1 2 1 10323 0 0 106564329 0 OK 19
Gamma_1 2 1 10324 0 0 106584976 0 OK 17
Gamma_1 2 1 10325 0 0 106605625 0 OK 19
Gamma_1 2 1 10326 0 0 106626276 0 OK 18
Gamma_1 2 1 10327 0 0 106646929 0 OK 17
Gamma_1 2 1 10328 0 0 106667584 0 OK 31
Gamma_1 2 1 10329 0 0 106688241 0 OK 17
Gamma_1 2 1 10330 0 0 106708900 0 OK 18
Gamma_1 2 1 10331 0 0 106729561 0 OK 17
Gamma_1 2 1 10332 0 0 106750224 0 OK 16
Gamma_1 2 1 10333 0 0 106770889 0 OK 18
Gamma_1 2 1 10334 0 0 106791556 0 OK 32
Gamma_1 2 1 10335 0 0 106812225 0 OK 17
Gamma_1 2 1 10336 0 0 106832896 0 OK 32
Gamma_1 2 1 10337 0 0 106853569 0 OK 19
Gamma_1 2 1 10338 0 0 106874244 0 OK 17
Gamma_1 2 1 10339 0 0 106894921 0 OK 18
Gamma_1 2 1 10340 0 0 106915600 0 OK 32
Gamma_1 2 1 10341 0 0 106936281 0 OK 19
Gamma_1 2 1 10342 0 0 106956964 0 OK 17
Gamma_1 2 1 10343 0 0 106977649 0 OK 31
Gamma_1 2 1 10344 0 0 106998336 0 OK 16
Gamma_1 2 1 10345 0 0 107019025 0 OK 19
Gamma_1 2 1 10346 0 0 107039716 0 OK 31
Gamma_1 2 1 10347 0 0 107060409 0 OK 32
Gamma_1 2 1 10348 0 0 107081104 0 OK 16
Gamma_1 2 1 10349 0 0 107101801 0 OK 18
Gamma_1 2 1 10350 0 0 107122500 0 OK 31
Gamma_1 2 1 10351 0 0 107143201 0 OK 18
Gamma_1 2 1 10352 0 0 107163904 0 OK 18
Gamma_1 2 1 10353 0 0 107184609 0 OK 17
Gamma_1 2 1 10354 0 0 107205316 0 OK 17
Gamma_1 2 1 10355 0 0 107226025 0 OK 16
Gamma_1 2 1 10356 0 0 107246736 0 OK 32
Gamma_1 2 1 10357 0 0 107267449 0 OK 17
Gamma_1 2 1 10358 0 0 107288164 0 OK 31
Gamma_1 2 1 10359 0 0 107308881 0 OK 18
Gamma_1 2 1 10360 0 0 107329600 0 OK 16
Gamma_1 2 1 10361 0 0 107350321 0 OK 16
Gamma_1 2 1 10362 0 0 107371044 0 OK 18
Gamma_1 2 1 10363 0 0 107391769 0 OK 16
Gamma_1 2 1 10364 0 0 107412496 0 OK 17
Gamma_1 2 1 10365 0 0 107433225 0 OK 16
Gamma_1 2 1 10366 0 0 107453956 0 OK 17
Gamma_1 2 1 10367 0 0 107474689 0 OK 32
Gamma_1 2 1 10368 0 0 107495424 0 OK 32
Gamma_1 2 1 10369 0 0 107516161 0 OK 31
Gamma_1 2 1 10370 0 0 107536900 0 OK 33
Gamma_1 2 1 10371 0 0 107557641 0 OK 18
Gamma_1 2 1 10372 0 0 107578384 0 OK 31
Gamma_1 2 1 10373 0 0 107599129 0 OK 43
Gamma_1 2 1 10374 0 0 107619876 0 OK 20
Gamma_1 2 1 10375 0 0 107640625 0 OK 18
Gamma_1 2 1 10376 0 0 107661376 0 OK 19
Gamma_1 2 1 10377 0 0 107682129 0 OK 20
Gamma_1 2 1 10378 0 0 107702884 0 OK 17
Gamma_1 2 1 10379 0 0 107723641 0 OK 18
Gamma_1 2 1 10380 0 0 107744400 0 OK 43
Gamma_1 2 1 10381 0 0 107765161 0 OK 17
Gamma_1 2 1 10382 0 0 107785924 0 OK 41
Gamma_1 2 1 10383 0 0 107806689 0 OK 17
Gamma_1 2 1 10384 0 0 107827456 0 OK 41
Gamma_1 2 1 10385 0 0 107848225 0 OK 16
Gamma_1 2 1 10386 0 0 107868996 0 OK 17
Gamma_1 2 1 10387 0 0 107889769 0 OK 33
Gamma_1 2 1 10388 0 0 107910544 0 OK 18
Gamma_1 2 1 10389 0 0 107931321 0 OK 31
Gamma_1 2 1 10390 0 0 107952100 0 OK 33
Gamma_1 2 1 10391 0 0 107972881 0 OK 18
Gamma_1 2 1 10392 0 0 107993664 0 OK 44
Gamma_1 2 1 10393 0 0 108014449 0 OK 42
Gamma_1 2 1 10394 0 0 108035236 0 OK 16
Gamma_1 2 1 10395 0 0 108056025 0 OK 17
Gamma_1 2 1 10396 0 0 108076816 0 OK 17
Gamma_1 2 1 10397 0 0 108097609 0 OK 17
Gamma_1 2 1 10398 0 0 108118404 0 OK 16
Gamma_1 2 1 10399 0 0 108139201 0 OK 16
Gamma_1 2 1 10400 0 0 108160000 0 OK 17
Gamma_1 2 1 10401 0 0 108180801 0 OK 19
Gamma_1 2 1 10402 0 0 108201604 0 OK 17
Gamma_1 2 1 10403 0 0 108222409 0 OK 17
Gamma_1 2 1 10404 0 0 108243216 0 OK 18
Gamma_1 2 1 10405 0 0 108264025 0 OK 17
Gamma_1 2 1 10406 0 0 108284836 0 OK 17
Gamma_1 2 1 10407 0 0 108305649 0 OK 43
Gamma_1 2 1 10408 0 0 108326464 0 OK 18
Gamma_1 2 1 10409 0 0 108347281 0 OK 18
Gamma_1 2 1 10410 0 0 108368100 0 OK 17
Gamma_1 2 1 10411 0 0 108388921 0 OK 17
Gamma_1 2 1 10412 0 0 108409744 0 OK 16
Gamma_1 2 1 10413 0 0 108430569 0 OK 17
Gamma_1 2 1 10414 0 0 108451396 0 OK 31
Gamma_1 2 1 10415 0 0 108472225 0 OK 18
Gamma_1 2 1 10416 0 0 108493056 0 OK 17
Gamma_1 2 1 10417 0 0 108513889 0 OK 16
Gamma_1 2 1 10418 0 0 108534724 0 OK 16
Gamma_1 2 1 10419 0 0 108555561 0 OK 33
Gamma_1 2 1 10420 0 0 108576400 0 OK 17
Gamma_1 2 1 10421 0 0 108597241 0 OK 17
Gamma_1 2 1 10422 0 0 108618084 0 OK 32
Gamma_1 2 1 10423 0 0 108638929 0 OK 41
Gamma_1 2 1 10424 0 0 108659776 0 OK 33
Gamma_1 2 1 10425 0 0 108680625 0 OK 17
Gamma_1 2 1 10426 0 0 108701476 0 OK 19
Gamma_1 2 1 10427 0 0 108722329 0 OK 16
Gamma_1 2 1 10428 0 0 108743184 0 OK 32
Gamma_1 2 1 10429 0 0 108764041 0 OK 17
Gamma_1 2 1 10430 0 0 108784900 0 OK 16
Gamma_1 2 1 10431 0 0 108805761 0 OK 31
Gamma_1 2 1 10432 0 0 108826624 0 OK 17
Gamma_1 2 1 10433 0 0 108847489 0 OK 17
Gamma_1 2 1 10434 0 0 108868356 0 OK 32
Gamma_1 2 1 10435 0 0 108889225 0 OK 18
Gamma_1 2 1 10436 0 0 108910096 0 OK 32
Gamma_1 2 1 10437 0 0 108930969 0 OK 18
Gamma_1 2 1 10438 0 0 108951844 0 OK 17
Gamma_1 2 1 10439 0 0 108972721 0 OK 18
Gamma_1 2 1 10440 0 0 108993600 0 OK 33
Gamma_1 2 1 10441 0 0 109014481 0 OK 18
Gamma_1 2 1 10442 0 0 109035364 0 OK 17
Gamma_1 2 1 10443 0 0 109056249 0 OK 19
Gamma_1 2 1 10444 0 0 109077136 0 OK 18
Gamma_1 2 1 10445 0 0 109098025 0 OK 32
Gamma_1 2 1 10446 0 0 109118916 0 OK 30
Gamma_1 2 1 10447 0 0 109139809 0 OK 18
Gamma_1 2 1 10448 0 0 109160704 0 OK 15
Gamma_1 2 1 10449 0 0 109181601 0 OK 16
Gamma_1 2 1 10450 0 0 109202500 0 OK 32
Gamma_1 2 1 10451 0 0 109223401 0 OK 18
Gamma_1 2 1 10452 0 0 109244304 0 OK 31
Gamma_1 2 1 10453 0 0 109265209 0 OK 18
Gamma_1 2 1 10454 0 0 109286116 0 OK 16
Gamma_1 2 1 10455 0 0 109307025 0 OK 17
Gamma_1 2 1 10456 0 0 109327936 0 OK 18
Gamma_1 2 1 10457 0 0 109348849 0 OK 17
Gamma_1 2 1 10458 0 0 109369764 0 OK 16
Gamma_1 2 1 10459 0 0 109390681 0 OK 18
Gamma_1 2 1 10460 0 0 109411600 0 OK 32
Gamma_1 2 1 10461 0 0 109432521 0 OK 33
Gamma_1 2 1 10462 0 0 109453444 0 OK 18
Gamma_1 2 1 10463 0 0 109474369 0 OK 35
Gamma_1 2 1 10464 0 0 109495296 0 OK 32
Gamma_1 2 1 10465 0 0 109516225 0 OK 34
Gamma_1 2 1 10466 0 0 109537156 0 OK 17
Gamma_1 2 1 10467 0 0 109558089 0 OK 18
Gamma_1 2 1 10468 0 0 109579024 0 OK 17
Gamma_1 2 1 10469 0 0 109599961 0 OK 18
Gamma_1 2 1 10470 0 0 109620900 0 OK 19
Gamma_1 2 1 10471 0 0 109641841 0 OK 31
Gamma_1 2 1 10472 0 0 109662784 0 OK 18
Gamma_1 2 1 10473 0 0 109683729 0 OK 18
Gamma_1 2 1 10474 0 0 109704676 0 OK 17
Gamma_1 2 1 10475 0 0 109725625 0 OK 17
Gamma_1 2 1 10476 0 0 109746576 0 OK 17
Gamma_1 2 1 10477 0 0 109767529 0 OK 18
Gamma_1 2 1 10478 0 0 109788484 0 OK 34
Gamma_1 2 1 10479 0 0 109809441 0 OK 18
Gamma_1 2 1 10480 0 0 109830400 0 OK 32
Gamma_1 2 1 10481 0 0 109851361 0 OK 18
Gamma_1 2 1 10482 0 0 109872324 0 OK 32
Gamma_1 2 1 10483 0 0 109893289 0 OK 18
Gamma_1 2 1 10484 0 0 109914256 0 OK 17
Gamma_1 2 1 10485 0 0 109935225 0 OK 20
Gamma_1 2 1 10486 0 0 109956196 0 OK 17
Gamma_1 2 1 10487 0 0 109977169 0 OK 17
Gamma_1 2 1 10488 0 0 109998144 0 OK 16
Gamma_1 2 1 10489 0 0 110019121 0 OK 17
Gamma_1 2 1 10490 0 0 110040100 0 OK 30
Gamma_1 2 1 10491 0 0 110061081 0 OK 17
Gamma_1 2 1 10492 0 0 110082064 0 OK 17
Gamma_1 2 1 10493 0 0 110103049 0 OK 19
Gamma_1 2 1 10494 0 0 110124036 0 OK 45
Gamma_1 2 1 10495 0 0 110145025 0 OK 18
Gamma_1 2 1 10496 0 0 110166016 0 OK 18
Gamma_1 2 1 10497 0 0 110187009 0 OK 17
Gamma_1 2 1 10498 0 0 110208004 0 OK 33
Gamma_1 2 1 10499 0 0 110229001 0 OK 18
Gamma_1 2 1 10500 0 0 110250000 0 OK 16
Gamma_1 2 1 10501 0 0 110271001 0 OK 33
Gamma_1 2 1 10502 0 0 110292004 0 OK 17
Gamma_1 2 1 10503 0 0 110313009 0 OK 30
Gamma_1 2 1 10504 0 0 110334016 0 OK 17
Gamma_1 2 1 10505 0 0 110355025 0 OK 32
Gamma_1 2 1 10506 0 0 110376036 0 OK 15
Gamma_1 2 1 10507 0 0 110397049 0 OK 16
Gamma_1 2 1 10508 0 0 110418064 0 OK 42
Gamma_1 2 1 10509 0 0 110439081 0 OK 17
Gamma_1 2 1 10510 0 0 110460100 0 OK 17
Gamma_1 2 1 10511 0 0 110481121 0 OK 33
Gamma_1 2 1 10512 0 0 110502144 0 OK 18
Gamma_1 2 1 10513 0 0 110523169 0 OK 31
Gamma_1 2 1 10514 0 0 110544196 0 OK 18
Gamma_1 2 1 10515 0 0 110565225 0 OK 31
Gamma_1 2 1 10516 0 0 110586256 0 OK 31
Gamma_1 2 1 10517 0 0 110607289 0 OK 17
Gamma_1 2 1 10518 0 0 110628324 0 OK 18
Gamma_1 2 1 10519 0 0 110649361 0 OK 17
Gamma_1 2 1 10520 0 0 110670400 0 OK 18
Gamma_1 2 1 10521 0 0 110691441 0 OK 31
Gamma_1 2 1 10522 0 0 110712484 0 OK 19
Gamma_1 2 1 10523 0 0 110733529 0 OK 32
Gamma_1 2 1 10524 0 0 110754576 0 OK 18
Gamma_1 2 1 10525 0 0 110775625 0 OK 31
Gamma_1 2 1 10526 0 0 110796676 0 OK 33
Gamma_1 2 1 10527 0 0 110817729 0 OK 18
Gamma_1 2 1 10528 0 0 110838784 0 OK 32
Gamma_1 2 1 10529 0 0 110859841 0 OK 18
Gamma_1 2 1 10530 0 0 110880900 0 OK 17
Gamma_1 2 1 10531 0 0 110901961 0 OK 32
Gamma_1 2 1 10532 0 0 110923024 0 OK 17
Gamma_1 2 1 10533 0 0 110944089 0 OK 17
Gamma_1 2 1 10534 0 0 110965156 0 OK 17
Gamma_1 2 1 10535 0 0 110986225 0 OK 18
Gamma_1 2 1 10536 0 0 111007296 0 OK 32
Gamma_1 2 1 10537 0 0 111028369 0 OK 32
Gamma_1 2 1 10538 0 0 111049444 0 OK 33
Gamma_1 2 1 10539 0 0 111070521 0 OK 18
Gamma_1 2 1 10540 0 0 111091600 0 OK 17
Gamma_1 2 1 10541 0 0 111112681 0 OK 17
Gamma_1 2 1 10542 0 0 111133764 0 OK 33
Gamma_1 2 1 10543 0 0 111154849 0 OK 17
Gamma_1 2 1 10544 0 0 111175936 0 OK 17
Gamma_1 2 1 10545 0 0 111197025 0 OK 16
Gamma_1 2 1 10546 0 0 111218116 0 OK 18
Gamma_1 2 1 10547 0 0 111239209 0 OK 32
Gamma_1 2 1 10548 0 0 111260304 0 OK 17
Gamma_1 2 1 10549 0 0 111281401 0 OK 16
Gamma_1 2 1 10550 0 0 111302500 0 OK 19
Gamma_1 2 1 10551 0 0 111323601 0 OK 16
Gamma_1 2 1 10552 0 0 111344704 0 OK 16
Gamma_1 2 1 10553 0 0 111365809 0 OK 15
Gamma_1 2 1 10554 0 0 111386916 0 OK 18
Gamma_1 2 1 10555 0 0 111408025 0 OK 17
Gamma_1 2 1 10556 0 0 111429136 0 OK 16
Gamma_1 2 1 10557 0 0 111450249 0 OK 18
Gamma_1 2 1 10558 0 0 111471364 0 OK 17
Gamma_1 2 1 10559 0 0 111492481 0 OK 32
Gamma_1 2 1 10560 0 0 111513600 0 OK 17
Gamma_1 2 1 10561 0 0 111534721 0 OK 18
Gamma_1 2 1 10562 0 0 111555844 0 OK 18
Gamma_1 2 1 10563 0 0 111576969 0 OK 32
Gamma_1 2 1 10564 0 0 111598096 0 OK 18
Gamma_1 2 1 10565 0 0 111619225 0 OK 17
Gamma_1 2 1 10566 0 0 111640356 0 OK 18
Gamma_1 2 1 10567 0 0 111661489 0 OK 32
Gamma_1 2 1 10568 0 0 111682624 0 OK 18
Gamma_1 2 1 10569 0 0 111703761 0 OK 18
Gamma_1 2 1 10570 0 0 111724900 0 OK 32
Gamma_1 2 1 10571 0 0 111746041 0 OK 18
Gamma_1 2 1 10572 0 0 111767184 0 OK 18
Gamma_1 2 1 10573 0 0 111788329 0 OK 15
Gamma_1 2 1 10574 0 0 111809476 0 OK 17
Gamma_1 2 1 10575 0 0 111830625 0 OK 31
Gamma_1 2 1 10576 0 0 111851776 0 OK 18
Gamma_1 2 1 10577 0 0 111872929 0 OK 16
Gamma_1 2 1 10578 0 0 111894084 0 OK 33
Gamma_1 2 1 10579 0 0 111915241 0 OK 18
Gamma_1 2 1 10580 0 0 111936400 0 OK 18
Gamma_1 2 1 10581 0 0 111957561 0 OK 32
Gamma_1 2 1 10582 0 0 111978724 0 OK 19
Gamma_1 2 1 10583 0 0 111999889 0 OK 19
Gamma_1 2 1 10584 0 0 112021056 0 OK 33
Gamma_1 2 1 10585 0 0 112042225 0 OK 17
Gamma_1 2 1 10586 0 0 112063396 0 OK 17
Gamma_1 2 1 10587 0 0 112084569 0 OK 18
Gamma_1 2 1 10588 0 0 112105744 0 OK 31
Gamma_1 2 1 10589 0 0 112126921 0 OK 32
Gamma_1 2 1 10590 0 0 112148100 0 OK 33
Gamma_1 2 1 10591 0 0 112169281 0 OK 32
Gamma_1 2 1 10592 0 0 112190464 0 OK 17
Gamma_1 2 1 10593 0 0 112211649 0 OK 17
Gamma_1 2 1 10594 0 0 112232836 0 OK 17
Gamma_1 2 1 10595 0 0 112254025 0 OK 33
Gamma_1 2 1 10596 0 0 112275216 0 OK 43
Gamma_1 2 1 10597 0 0 112296409 0 OK 19
Gamma_1 2 1 10598 0 0 112317604 0 OK 18
Gamma_1 2 1 10599 0 0 112338801 0 OK 19
Gamma_1 2 1 10600 0 0 112360000 0 OK 18
Gamma_1 2 1 10601 0 0 112381201 0 OK 31
Gamma_1 2 1 10602 0 0 112402404 0 OK 18
Gamma_1 2 1 10603 0 0 112423609 0 OK 18
Gamma_1 2 1 10604 0 0 112444816 0 OK 19
Gamma_1 2 1 10605 0 0 112466025 0 OK 32
Gamma_1 2 1 10606 0 0 112487236 0 OK 18
Gamma_1 2 1 10607 0 0 112508449 0 OK 33
Gamma_1 2 1 10608 0 0 112529664 0 OK 18
Gamma_1 2 1 10609 0 0 112550881 0 OK 17
Gamma_1 2 1 10610 0 0 112572100 0 OK 17
Gamma_1 2 1 10611 0 0 112593321 0 OK 33
Gamma_1 2 1 10612 0 0 112614544 0 OK 18
Gamma_1 2 1 10613 0 0 112635769 0 OK 17
Gamma_1 2 1 10614 0 0 112656996 0 OK 19
Gamma_1 2 1 10615 0 0 112678225 0 OK 17
Gamma_1 2 1 10616 0 0 112699456 0 OK 33
Gamma_1 2 1 10617 0 0 112720689 0 OK 19
Gamma_1 2 1 10618 0 0 112741924 0 OK 34
Gamma_1 2 1 10619 0 0 112763161 0 OK 16
Gamma_1 2 1 10620 0 0 112784400 0 OK 17
Gamma_1 2 1 10621 0 0 112805641 0 OK 32
Gamma_1 2 1 10622 0 0 112826884 0 OK 43
Gamma_1 2 1 10623 0 0 112848129 0 OK 18
Gamma_1 2 1 10624 0 0 112869376 0 OK 18
Gamma_1 2 1 10625 0 0 112890625 0 OK 18
Gamma_1 2 1 10626 0 0 112911876 0 OK 31
Gamma_1 2 1 10627 0 0 112933129 0 OK 32
Gamma_1 2 1 10628 0 0 112954384 0 OK 18
Gamma_1 2 1 10629 0 0 112975641 0 OK 41
Gamma_1 2 1 10630 0 0 112996900 0 OK 19
Gamma_1 2 1 10631 0 0 113018161 0 OK 32
Gamma_1 2 1 10632 0 0 113039424 0 OK 17
Gamma_1 2 1 10633 0 0 113060689 0 OK 18
Gamma_1 2 1 10634 0 0 113081956 0 OK 17
Gamma_1 2 1 10635 0 0 113103225 0 OK 16
Gamma_1 2 1 10636 0 0 113124496 0 OK 32
Gamma_1 2 1 10637 0 0 113145769 0 OK 16
Gamma_1 2 1 10638 0 0 113167044 0 OK 31
Gamma_1 2 1 10639 0 0 113188321 0 OK 17
Gamma_1 2 1 10640 0 0 113209600 0 OK 17
Gamma_1 2 1 10641 0 0 113230881 0 OK 17
Gamma_1 2 1 10642 0 0 113252164 0 OK 17
Gamma_1 2 1 10643 0 0 113273449 0 OK 16
Gamma_1 2 1 10644 0 0 113294736 0 OK 17
Gamma_1 2 1 10645 0 0 113316025 0 OK 31
Gamma_1 2 1 10646 0 0 113337316 0 OK 31
Gamma_1 2 1 10647 0 0 113358609 0 OK 32
Gamma_1 2 1 10648 0 0 113379904 0 OK 32
Gamma_1 2 1 10649 0 0 113401201 0 OK 34
Gamma_1 2 1 10650 0 0 113422500 0 OK 18
Gamma_1 2 1 10651 0 0 113443801 0 OK 31
Gamma_1 2 1 10652 0 0 113465104 0 OK 32
Gamma_1 2 1 10653 0 0 113486409 0 OK 18
Gamma_1 2 1 10654 0 0 113507716 0 OK 17
Gamma_1 2 1 10655 0 0 113529025 0 OK 18
Gamma_1 2 1 10656 0 0 113550336 0 OK 35
Gamma_1 2 1 10657 0 0 113571649 0 OK 18
Gamma_1 2 1 10658 0 0 113592964 0 OK 18
Gamma_1 2 1 10659 0 0 113614281 0 OK 16
Gamma_1 2 1 10660 0 0 113635600 0 OK 17
Gamma_1 2 1 10661 0 0 113656921 0 OK 17
Gamma_1 2 1 10662 0 0 113678244 0 OK 30
Gamma_1 2 1 10663 0 0 113699569 0 OK 15
Gamma_1 2 1 10664 0 0 113720896 0 OK 17
Gamma_1 2 1 10665 0 0 113742225 0 OK 18
Gamma_1 2 1 10666 0 0 113763556 0 OK 16
Gamma_1 2 1 10667 0 0 113784889 0 OK 19
Gamma_1 2 1 10668 0 0 113806224 0 OK 18
Gamma_1 2 1 10669 0 0 113827561 0 OK 18
Gamma_1 2 1 10670 0 0 113848900 0 OK 17
Gamma_1 2 1 10671 0 0 113870241 0 OK 33
Gamma_1 2 1 10672 0 0 113891584 0 OK 20
Gamma_1 2 1 10673 0 0 113912929 0 OK 16
Gamma_1 2 1 10674 0 0 113934276 0 OK 16
Gamma_1 2 1 10675 0 0 113955625 0 OK 32
Gamma_1 2 1 10676 0 0 113976976 0 OK 17
Gamma_1 2 1 10677 0 0 113998329 0 OK 18
Gamma_1 2 1 10678 0 0 114019684 0 OK 17
Gamma_1 2 1 10679 0 0 114041041 0 OK 31
Gamma_1 2 1 10680 0 0 114062400 0 OK 32
Gamma_1 2 1 10681 0 0 114083761 0 OK 31
Gamma_1 2 1 10682 0 0 114105124 0 OK 18
Gamma_1 2 1 10683 0 0 114126489 0 OK 30
Gamma_1 2 1 10684 0 0 114147856 0 OK 19
Gamma_1 2 1 10685 0 0 114169225 0 OK 16
Gamma_1 2 1 10686 0 0 114190596 0 OK 16
Gamma_1 2 1 10687 0 0 114211969 0 OK 17
Gamma_1 2 1 10688 0 0 114233344 0 OK 31
Gamma_1 2 1 10689 0 0 114254721 0 OK 17
Gamma_1 2 1 10690 0 0 114276100 0 OK 32
Gamma_1 2 1 10691 0 0 114297481 0 OK 34
Gamma_1 2 1 10692 0 0 114318864 0 OK 18
Gamma_1 2 1 10693 0 0 114340249 0 OK 16
Gamma_1 2 1 10694 0 0 114361636 0 OK 17
Gamma_1 2 1 10695 0 0 114383025 0 OK 16
Gamma_1 2 1 10696 0 0 114404416 0 OK 17
Gamma_1 2 1 10697 0 0 114425809 0 OK 30
Gamma_1 2 1 10698 0 0 114447204 0 OK 18
Gamma_1 2 1 10699 0 0 114468601 0 OK 17
Gamma_1 2 1 10700 0 0 114490000 0 OK 16
Gamma_1 2 1 10701 0 0 114511401 0 OK 17
Gamma_1 2 1 10702 0 0 114532804 0 OK 32
Gamma_1 2 1 10703 0 0 114554209 0 OK 42
Gamma_1 2 1 10704 0 0 114575616 0 OK 17
Gamma_1 2 1 10705 0 0 114597025 0 OK 18
Gamma_1 2 1 10706 0 0 114618436 0 OK 32
Gamma_1 2 1 10707 0 0 114639849 0 OK 17
Gamma_1 2 1 10708 0 0 114661264 0 OK 32
Gamma_1 2 1 10709 0 0 114682681 0 OK 18
Gamma_1 2 1 10710 0 0 114704100 0 OK 18
Gamma_1 2 1 10711 0 0 114725521 0 OK 32
Gamma_1 2 1 10712 0 0 114746944 0 OK 33
Gamma_1 2 1 10713 0 0 114768369 0 OK 18
Gamma_1 2 1 10714 0 0 114789796 0 OK 18
Gamma_1 2 1 10715 0 0 114811225 0 OK 17
Gamma_1 2 1 10716 0 0 114832656 0 OK 33
Gamma_1 2 1 10717 0 0 114854089 0 OK 17
Gamma_1 2 1 10718 0 0 114875524 0 OK 17
Gamma_1 2 1 10719 0 0 114896961 0 OK 17
Gamma_1 2 1 10720 0 0 114918400 0 OK 31
Gamma_1 2 1 10721 0 0 114939841 0 OK 17
Gamma_1 2 1 10722 0 0 114961284 0 OK 18
Gamma_1 2 1 10723 0 0 114982729 0 OK 16
Gamma_1 2 1 10724 0 0 115004176 0 OK 44
Gamma_1 2 1 10725 0 0 115025625 0 OK 18
Gamma_1 2 1 10726 0 0 115047076 0 OK 18
Gamma_1 2 1 10727 0 0 115068529 0 OK 18
Gamma_1 2 1 10728 0 0 115089984 0 OK 32
Gamma_1 2 1 10729 0 0 115111441 0 OK 32
Gamma_1 2 1 10730 0 0 115132900 0 OK 31
Gamma_1 2 1 10731 0 0 115154361 0 OK 31
Gamma_1 2 1 10732 0 0 115175824 0 OK 29
Gamma_1 2 1 10733 0 0 115197289 0 OK 16
Gamma_1 2 1 10734 0 0 115218756 0 OK 18
Gamma_1 2 1 10735 0 0 115240225 0 OK 17
Gamma_1 2 1 10736 0 0 115261696 0 OK 31
Gamma_1 2 1 10737 0 0 115283169 0 OK 18
Gamma_1 2 1 10738 0 0 115304644 0 OK 17
Gamma_1 2 1 10739 0 0 115326121 0 OK 17
Gamma_1 2 1 10740 0 0 115347600 0 OK 16
Gamma_1 2 1 10741 0 0 115369081 0 OK 17
Gamma_1 2 1 10742 0 0 115390564 0 OK 32
Gamma_1 2 1 10743 0 0 115412049 0 OK 18
Gamma_1 2 1 10744 0 0 115433536 0 OK 17
Gamma_1 2 1 10745 0 0 115455025 0 OK 31
Gamma_1 2 1 10746 0 0 115476516 0 OK 33
Gamma_1 2 1 10747 0 0 115498009 0 OK 19
Gamma_1 2 1 10748 0 0 115519504 0 OK 16
Gamma_1 2 1 10749 0 0 115541001 0 OK 17
Gamma_1 2 1 10750 0 0 115562500 0 OK 31
Gamma_1 2 1 10751 0 0 115584001 0 OK 17
Gamma_1 2 1 10752 0 0 115605504 0 OK 32
Gamma_1 2 1 10753 0 0 115627009 0 OK 18
Gamma_1 2 1 10754 0 0 115648516 0 OK 18
Gamma_1 2 1 10755 0 0 115670025 0 OK 16
Gamma_1 2 1 10756 0 0 115691536 0 OK 16
Gamma_1 2 1 10757 0 0 115713049 0 OK 17
Gamma_1 2 1 10758 0 0 115734564 0 OK 32
Gamma_1 2 1 10759 0 0 115756081 0 OK 17
Gamma_1 2 1 10760 0 0 115777600 0 OK 17
Gamma_1 2 1 10761 0 0 115799121 0 OK 18
Gamma_1 2 1 10762 0 0 115820644 0 OK 17
Gamma_1 2 1 10763 0 0 115842169 0 OK 16
Gamma_1 2 1 10764 0 0 115863696 0 OK 17
Gamma_1 2 1 10765 0 0 115885225 0 OK 30
Gamma_1 2 1 10766 0 0 115906756 0 OK 15
Gamma_1 2 1 10767 0 0 115928289 0 OK 31
Gamma_1 2 1 10768 0 0 115949824 0 OK 17
Gamma_1 2 1 10769 0 0 115971361 0 OK 19
Gamma_1 2 1 10770 0 0 115992900 0 OK 17
Gamma_1 2 1 10771 0 0 116014441 0 OK 17
Gamma_1 2 1 10772 0 0 116035984 0 OK 15
Gamma_1 2 1 10773 0 0 116057529 0 OK 34
Gamma_1 2 1 10774 0 0 116079076 0 OK 32
Gamma_1 2 1 10775 0 0 116100625 0 OK 18
Gamma_1 2 1 10776 0 0 116122176 0 OK 17
Gamma_1 2 1 10777 0 0 116143729 0 OK 18
Gamma_1 2 1 10778 0 0 116165284 0 OK 15
Gamma_1 2 1 10779 0 0 116186841 0 OK 32
Gamma_1 2 1 10780 0 0 116208400 0 OK 31
Gamma_1 2 1 10781 0 0 116229961 0 OK 32
Gamma_1 2 1 10782 0 0 116251524 0 OK 18
Gamma_1 2 1 10783 0 0 116273089 0 OK 17
Gamma_1 2 1 10784 0 0 116294656 0 OK 17
Gamma_1 2 1 10785 0 0 116316225 0 OK 18
Gamma_1 2 1 10786 0 0 116337796 0 OK 32
Gamma_1 2 1 10787 0 0 116359369 0 OK 18
Gamma_1 2 1 10788 0 0 116380944 0 OK 18
Gamma_1 2 1 10789 0 0 116402521 0 OK 32
Gamma_1 2 1 10790 0 0 116424100 0 OK 17
Gamma_1 2 1 10791 0 0 116445681 0 OK 16
Gamma_1 2 1 10792 0 0 116467264 0 OK 30
Gamma_1 2 1 10793 0 0 116488849 0 OK 17
Gamma_1 2 1 10794 0 0 116510436 0 OK 18
Gamma_1 2 1 10795 0 0 116532025 0 OK 33
Gamma_1 2 1 10796 0 0 116553616 0 OK 18
Gamma_1 2 1 10797 0 0 116575209 0 OK 17
Gamma_1 2 1 10798 0 0 116596804 0 OK 17
Gamma_1 2 1 10799 0 0 116618401 0 OK 17
Gamma_1 2 1 10800 0 0 116640000 0 OK 16
Gamma_1 2 1 10801 0 0 116661601 0 OK 16
Gamma_1 2 1 10802 0 0 116683204 0 OK 17
Gamma_1 2 1 10803 0 0 116704809 0 OK 17
Gamma_1 2 1 10804 0 0 116726416 0 OK 16
Gamma_1 2 1 10805 0 0 116748025 0 OK 18
Gamma_1 2 1 10806 0 0 116769636 0 OK 18
Gamma_1 2 1 10807 0 0 116791249 0 OK 32
Gamma_1 2 1 10808 0 0 116812864 0 OK 18
Gamma_1 2 1 10809 0 0 116834481 0 OK 18
Gamma_1 2 1 10810 0 0 116856100 0 OK 32
Gamma_1 2 1 10811 0 0 116877721 0 OK 18
Gamma_1 2 1 10812 0 0 116899344 0 OK 15
Gamma_1 2 1 10813 0 0 116920969 0 OK 19
Gamma_1 2 1 10814 0 0 116942596 0 OK 32
Gamma_1 2 1 10815 0 0 116964225 0 OK 17
Gamma_1 2 1 10816 0 0 116985856 0 OK 16
Gamma_1 2 1 10817 0 0 117007489 0 OK 17
Gamma_1 2 1 10818 0 0 117029124 0 OK 17
Gamma_1 2 1 10819 0 0 117050761 0 OK 16
Gamma_1 2 1 10820 0 0 117072400 0 OK 16
Gamma_1 2 1 10821 0 0 117094041 0 OK 31
Gamma_1 2 1 10822 0 0 117115684 0 OK 16
Gamma_1 2 1 10823 0 0 117137329 0 OK 18
Gamma_1 2 1 10824 0 0 117158976 0 OK 16
Gamma_1 2 1 10825 0 0 117180625 0 OK 16
Gamma_1 2 1 10826 0 0 117202276 0 OK 17
Gamma_1 2 1 10827 0 0 117223929 0 OK 31
Gamma_1 2 1 10828 0 0 117245584 0 OK 17
Gamma_1 2 1 10829 0 0 117267241 0 OK 18
Gamma_1 2 1 10830 0 0 117288900 0 OK 17
Gamma_1 2 1 10831 0 0 117310561 0 OK 19
Gamma_1 2 1 10832 0 0 117332224 0 OK 16
Gamma_1 2 1 10833 0 0 117353889 0 OK 30
Gamma_1 2 1 10834 0 0 117375556 0 OK 17
Gamma_1 2 1 10835 0 0 117397225 0 OK 19
Gamma_1 2 1 10836 0 0 117418896 0 OK 16
Gamma_1 2 1 10837 0 0 117440569 0 OK 16
Gamma_1 2 1 10838 0 0 117462244 0 OK 17
Gamma_1 2 1 10839 0 0 117483921 0 OK 41
Gamma_1 2 1 10840 0 0 117505600 0 OK 32
Gamma_1 2 1 10841 0 0 117527281 0 OK 17
Gamma_1 2 1 10842 0 0 117548964 0 OK 17
Gamma_1 2 1 10843 0 0 117570649 0 OK 17
Gamma_1 2 1 10844 0 0 117592336 0 OK 31
Gamma_1 2 1 10845 0 0 117614025 0 OK 20
Gamma_1 2 1 10846 0 0 117635716 0 OK 30
Gamma_1 2 1 10847 0 0 117657409 0 OK 33
Gamma_1 2 1 10848 0 0 117679104 0 OK 18
Gamma_1 2 1 10849 0 0 117700801 0 OK 19
Gamma_1 2 1 10850 0 0 117722500 0 OK 18
Gamma_1 2 1 10851 0 0 117744201 0 OK 17
Gamma_1 2 1 10852 0 0 117765904 0 OK 17
Gamma_1 2 1 10853 0 0 117787609 0 OK 33
Gamma_1 2 1 10854 0 0 117809316 0 OK 18
Gamma_1 2 1 10855 0 0 117831025 0 OK 34
Gamma_1 2 1 10856 0 0 117852736 0 OK 18
Gamma_1 2 1 10857 0 0 117874449 0 OK 17
Gamma_1 2 1 10858 0 0 117896164 0 OK 17
Gamma_1 2 1 10859 0 0 117917881 0 OK 17
Gamma_1 2 1 10860 0 0 117939600 0 OK 17
Gamma_1 2 1 10861 0 0 117961321 0 OK 17
Gamma_1 2 1 10862 0 0 117983044 0 OK 17
Gamma_1 2 1 10863 0 0 118004769 0 OK 31
Gamma_1 2 1 10864 0 0 118026496 0 OK 16
Gamma_1 2 1 10865 0 0 118048225 0 OK 17
Gamma_1 2 1 10866 0 0 118069956 0 OK 16
Gamma_1 2 1 10867 0 0 118091689 0 OK 42
Gamma_1 2 1 10868 0 0 118113424 0 OK 30
Gamma_1 2 1 10869 0 0 118135161 0 OK 17
Gamma_1 2 1 10870 0 0 118156900 0 OK 15
Gamma_1 2 1 10871 0 0 118178641 0 OK 15
Gamma_1 2 1 10872 0 0 118200384 0 OK 41
Gamma_1 2 1 10873 0 0 118222129 0 OK 31
Gamma_1 2 1 10874 0 0 118243876 0 OK 32
Gamma_1 2 1 10875 0 0 118265625 0 OK 31
Gamma_1 2 1 10876 0 0 118287376 0 OK 31
Gamma_1 2 1 10877 0 0 118309129 0 OK 17
Gamma_1 2 1 10878 0 0 118330884 0 OK 17
Gamma_1 2 1 10879 0 0 118352641 0 OK 18
Gamma_1 2 1 10880 0 0 118374400 0 OK 16
Gamma_1 2 1 10881 0 0 118396161 0 OK 31
Gamma_1 2 1 10882 0 0 118417924 0 OK 17
Gamma_1 2 1 10883 0 0 118439689 0 OK 31
Gamma_1 2 1 10884 0 0 118461456 0 OK 18
Gamma_1 2 1 10885 0 0 118483225 0 OK 20
Gamma_1 2 1 10886 0 0 118504996 0 OK 18
Gamma_1 2 1 10887 0 0 118526769 0 OK 18
Gamma_1 2 1 10888 0 0 118548544 0 OK 17
Gamma_1 2 1 10889 0 0 118570321 0 OK 21
Gamma_1 2 1 10890 0 0 118592100 0 OK 17
Gamma_1 2 1 10891 0 0 118613881 0 OK 17
Gamma_1 2 1 10892 0 0 118635664 0 OK 31
Gamma_1 2 1 10893 0 0 118657449 0 OK 17
Gamma_1 2 1 10894 0 0 118679236 0 OK 15
Gamma_1 2 1 10895 0 0 118701025 0 OK 18
Gamma_1 2 1 10896 0 0 118722816 0 OK 16
Gamma_1 2 1 10897 0 0 118744609 0 OK 19
Gamma_1 2 1 10898 0 0 118766404 0 OK 17
Gamma_1 2 1 10899 0 0 118788201 0 OK 17
Gamma_1 2 1 10900 0 0 118810000 0 OK 34
Gamma_1 2 1 10901 0 0 118831801 0 OK 32
Gamma_1 2 1 10902 0 0 118853604 0 OK 33
Gamma_1 2 1 10903 0 0 118875409 0 OK 18
Gamma_1 2 1 10904 0 0 118897216 0 OK 19
Gamma_1 2 1 10905 0 0 118919025 0 OK 31
Gamma_1 2 1 10906 0 0 118940836 0 OK 32
Gamma_1 2 1 10907 0 0 118962649 0 OK 18
Gamma_1 2 1 10908 0 0 118984464 0 OK 32
Gamma_1 2 1 10909 0 0 119006281 0 OK 32
Gamma_1 2 1 10910 0 0 119028100 0 OK 18
Gamma_1 2 1 10911 0 0 119049921 0 OK 18
Gamma_1 2 1 10912 0 0 119071744 0 OK 31
Gamma_1 2 1 10913 0 0 119093569 0 OK 18
Gamma_1 2 1 10914 0 0 119115396 0 OK 16
Gamma_1 2 1 10915 0 0 119137225 0 OK 18
Gamma_1 2 1 10916 0 0 119159056 0 OK 18
Gamma_1 2 1 10917 0 0 119180889 0 OK 16
Gamma_1 2 1 10918 0 0 119202724 0 OK 17
Gamma_1 2 1 10919 0 0 119224561 0 OK 17
Gamma_1 2 1 10920 0 0 119246400 0 OK 33
Gamma_1 2 1 10921 0 0 119268241 0 OK 20
Gamma_1 2 1 10922 0 0 119290084 0 OK 32
Gamma_1 2 1 10923 0 0 119311929 0 OK 18
Gamma_1 2 1 10924 0 0 119333776 0 OK 31
Gamma_1 2 1 10925 0 0 119355625 0 OK 32
Gamma_1 2 1 10926 0 0 119377476 0 OK 16
Gamma_1 2 1 10927 0 0 119399329 0 OK 19
Gamma_1 2 1 10928 0 0 119421184 0 OK 31
Gamma_1 2 1 10929 0 0 119443041 0 OK 32
Gamma_1 2 1 10930 0 0 119464900 0 OK 16
Gamma_1 2 1 10931 0 0 119486761 0 OK 32
Gamma_1 2 1 10932 0 0 119508624 0 OK 31
Gamma_1 2 1 10933 0 0 119530489 0 OK 30
Gamma_1 2 1 10934 0 0 119552356 0 OK 18
Gamma_1 2 1 10935 0 0 119574225 0 OK 15
Gamma_1 2 1 10936 0 0 119596096 0 OK 16
Gamma_1 2 1 10937 0 0 119617969 0 OK 32
Gamma_1 2 1 10938 0 0 119639844 0 OK 18
Gamma_1 2 1 10939 0 0 119661721 0 OK 18
Gamma_1 2 1 10940 0 0 119683600 0 OK 31
Gamma_1 2 1 10941 0 0 119705481 0 OK 18
Gamma_1 2 1 10942 0 0 119727364 0 OK 17
Gamma_1 2 1 10943 0 0 119749249 0 OK 16
Gamma_1 2 1 10944 0 0 119771136 0 OK 31
Gamma_1 2 1 10945 0 0 119793025 0 OK 19
Gamma_1 2 1 10946 0 0 119814916 0 OK 32
Gamma_1 2 1 10947 0 0 119836809 0 OK 18
Gamma_1 2 1 10948 0 0 119858704 0 OK 30
Gamma_1 2 1 10949 0 0 119880601 0 OK 18
Gamma_1 2 1 10950 0 0 119902500 0 OK 18
Gamma_1 2 1 10951 0 0 119924401 0 OK 19
Gamma_1 2 1 10952 0 0 119946304 0 OK 16
Gamma_1 2 1 10953 0 0 119968209 0 OK 30
Gamma_1 2 1 10954 0 0 119990116 0 OK 33
Gamma_1 2 1 10955 0 0 120012025 0 OK 23
Gamma_1 2 1 10956 0 0 120033936 0 OK 16
Gamma_1 2 1 10957 0 0 120055849 0 OK 17
Gamma_1 2 1 10958 0 0 120077764 0 OK 17
Gamma_1 2 1 10959 0 0 120099681 0 OK 31
Gamma_1 2 1 10960 0 0 120121600 0 OK 18
Gamma_1 2 1 10961 0 0 120143521 0 OK 17
Gamma_1 2 1 10962 0 0 120165444 0 OK 32
Gamma_1 2 1 10963 0 0 120187369 0 OK 18
Gamma_1 2 1 10964 0 0 120209296 0 OK 17
Gamma_1 2 1 10965 0 0 120231225 0 OK 18
Gamma_1 2 1 10966 0 0 120253156 0 OK 18
Gamma_1 2 1 10967 0 0 120275089 0 OK 32
Gamma_1 2 1 10968 0 0 120297024 0 OK 18
Gamma_1 2 1 10969 0 0 120318961 0 OK 17
Gamma_1 2 1 10970 0 0 120340900 0 OK 17
Gamma_1 2 1 10971 0 0 120362841 0 OK 31
Gamma_1 2 1 10972 0 0 120384784 0 OK 17
Gamma_1 2 1 10973 0 0 120406729 0 OK 33
Gamma_1 2 1 10974 0 0 120428676 0 OK 17
Gamma_1 2 1 10975 0 0 120450625 0 OK 31
Gamma_1 2 1 10976 0 0 120472576 0 OK 30
Gamma_1 2 1 10977 0 0 120494529 0 OK 16
Gamma_1 2 1 10978 0 0 120516484 0 OK 16
Gamma_1 2 1 10979 0 0 120538441 0 OK 16
Gamma_1 2 1 10980 0 0 120560400 0 OK 16
Gamma_1 2 1 10981 0 0 120582361 0 OK 16
Gamma_1 2 1 10982 0 0 120604324 0 OK 17
Gamma_1 2 1 10983 0 0 120626289 0 OK 17
Gamma_1 2 1 10984 0 0 120648256 0 OK 33
Gamma_1 2 1 10985 0 0 120670225 0 OK 43
Gamma_1 2 1 10986 0 0 120692196 0 OK 41
Gamma_1 2 1 10987 0 0 120714169 0 OK 17
Gamma_1 2 1 10988 0 0 120736144 0 OK 18
Gamma_1 2 1 10989 0 0 120758121 0 OK 18
Gamma_1 2 1 10990 0 0 120780100 0 OK 17
Gamma_1 2 1 10991 0 0 120802081 0 OK 18
Gamma_1 2 1 10992 0 0 120824064 0 OK 18
Gamma_1 2 1 10993 0 0 120846049 0 OK 17
Gamma_1 2 1 10994 0 0 120868036 0 OK 18
Gamma_1 2 1 10995 0 0 120890025 0 OK 19
Gamma_1 2 1 10996 0 0 120912016 0 OK 16
Gamma_1 2 1 10997 0 0 120934009 0 OK 17
Gamma_1 2 1 10998 0 0 120956004 0 OK 15
Gamma_1 2 1 10999 0 0 120978001 0 OK 18
Gamma_1 2 1 11000 0 0 121000000 0 OK 32
Gamma_1 2 1 11001 0 0 121022001 0 OK 32
Gamma_1 2 1 11002 0 0 121044004 0 OK 17
Gamma_1 2 1 11003 0 0 121066009 0 OK 17
Gamma_1 2 1 11004 0 0 121088016 0 OK 17
Gamma_1 2 1 11005 0 0 121110025 0 OK 32
Gamma_1 2 1 11006 0 0 121132036 0 OK 32
Gamma_1 2 1 11007 0 0 121154049 0 OK 42
Gamma_1 2 1 11008 0 0 121176064 0 OK 19
Gamma_1 2 1 11009 0 0 121198081 0 OK 17
Gamma_1 2 1 11010 0 0 121220100 0 OK 18
Gamma_1 2 1 11011 0 0 121242121 0 OK 17
Gamma_1 2 1 11012 0 0 121264144 0 OK 17
Gamma_1 2 1 11013 0 0 121286169 0 OK 17
Gamma_1 2 1 11014 0 0 121308196 0 OK 31
Gamma_1 2 1 11015 0 0 121330225 0 OK 19
Gamma_1 2 1 11016 0 0 121352256 0 OK 19
Gamma_1 2 1 11017 0 0 121374289 0 OK 31
Gamma_1 2 1 11018 0 0 121396324 0 OK 16
Gamma_1 2 1 11019 0 0 121418361 0 OK 31
Gamma_1 2 1 11020 0 0 121440400 0 OK 32
Gamma_1 2 1 11021 0 0 121462441 0 OK 17
Gamma_1 2 1 11022 0 0 121484484 0 OK 19
Gamma_1 2 1 11023 0 0 121506529 0 OK 17
Gamma_1 2 1 11024 0 0 121528576 0 OK 17
Gamma_1 2 1 11025 0 0 121550625 0 OK 32
Gamma_1 2 1 11026 0 0 121572676 0 OK 31
Gamma_1 2 1 11027 0 0 121594729 0 OK 17
Gamma_1 2 1 11028 0 0 121616784 0 OK 32
Gamma_1 2 1 11029 0 0 121638841 0 OK 41
Gamma_1 2 1 11030 0 0 121660900 0 OK 32
Gamma_1 2 1 11031 0 0 121682961 0 OK 16
Gamma_1 2 1 11032 0 0 121705024 0 OK 18
Gamma_1 2 1 11033 0 0 121727089 0 OK 17
Gamma_1 2 1 11034 0 0 121749156 0 OK 33
Gamma_1 2 1 11035 0 0 121771225 0 OK 18
Gamma_1 2 1 11036 0 0 121793296 0 OK 17
Gamma_1 2 1 11037 0 0 121815369 0 OK 20
Gamma_1 2 1 11038 0 0 121837444 0 OK 17
Gamma_1 2 1 11039 0 0 121859521 0 OK 16
Gamma_1 2 1 11040 0 0 121881600 0 OK 18
Gamma_1 2 1 11041 0 0 121903681 0 OK 17
Gamma_1 2 1 11042 0 0 121925764 0 OK 31
Gamma_1 2 1 11043 0 0 121947849 0 OK 32
Gamma_1 2 1 11044 0 0 121969936 0 OK 16
Gamma_1 2 1 11045 0 0 121992025 0 OK 30
Gamma_1 2 1 11046 0 0 122014116 0 OK 17
Gamma_1 2 1 11047 0 0 122036209 0 OK 17
Gamma_1 2 1 11048 0 0 122058304 0 OK 17
Gamma_1 2 1 11049 0 0 122080401 0 OK 31
Gamma_1 2 1 11050 0 0 122102500 0 OK 17
Gamma_1 2 1 11051 0 0 122124601 0 OK 32
Gamma_1 2 1 11052 0 0 122146704 0 OK 18
Gamma_1 2 1 11053 0 0 122168809 0 OK 18
Gamma_1 2 1 11054 0 0 122190916 0 OK 34
Gamma_1 2 1 11055 0 0 122213025 0 OK 34
Gamma_1 2 1 11056 0 0 122235136 0 OK 18
Gamma_1 2 1 11057 0 0 122257249 0 OK 17
Gamma_1 2 1 11058 0 0 122279364 0 OK 33
Gamma_1 2 1 11059 0 0 122301481 0 OK 31
Gamma_1 2 1 11060 0 0 122323600 0 OK 20
Gamma_1 2 1 11061 0 0 122345721 0 OK 18
Gamma_1 2 1 11062 0 0 122367844 0 OK 16
Gamma_1 2 1 11063 0 0 122389969 0 OK 18
Gamma_1 2 1 11064 0 0 122412096 0 OK 33
Gamma_1 2 1 11065 0 0 122434225 0 OK 19
Gamma_1 2 1 11066 0 0 122456356 0 OK 19
Gamma_1 2 1 11067 0 0 122478489 0 OK 32
Gamma_1 2 1 11068 0 0 122500624 0 OK 32
Gamma_1 2 1 11069 0 0 122522761 0 OK 18
Gamma_1 2 1 11070 0 0 122544900 0 OK 41
Gamma_1 2 1 11071 0 0 122567041 0 OK 17
Gamma_1 2 1 11072 0 0 122589184 0 OK 17
Gamma_1 2 1 11073 0 0 122611329 0 OK 15
Gamma_1 2 1 11074 0 0 122633476 0 OK 16
Gamma_1 2 1 11075 0 0 122655625 0 OK 31
Gamma_1 2 1 11076 0 0 122677776 0 OK 42
Gamma_1 2 1 11077 0 0 122699929 0 OK 16
Gamma_1 2 1 11078 0 0 122722084 0 OK 17
Gamma_1 2 1 11079 0 0 122744241 0 OK 16
Gamma_1 2 1 11080 0 0 122766400 0 OK 17
Gamma_1 2 1 11081 0 0 122788561 0 OK 18
Gamma_1 2 1 11082 0 0 122810724 0 OK 33
Gamma_1 2 1 11083 0 0 122832889 0 OK 17
Gamma_1 2 1 11084 0 0 122855056 0 OK 33
Gamma_1 2 1 11085 0 0 122877225 0 OK 17
Gamma_1 2 1 11086 0 0 122899396 0 OK 17
Gamma_1 2 1 11087 0 0 122921569 0 OK 18
Gamma_1 2 1 11088 0 0 122943744 0 OK 18
Gamma_1 2 1 11089 0 0 122965921 0 OK 16
Gamma_1 2 1 11090 0 0 122988100 0 OK 32
Gamma_1 2 1 11091 0 0 123010281 0 OK 31
Gamma_1 2 1 11092 0 0 123032464 0 OK 18
Gamma_1 2 1 11093 0 0 123054649 0 OK 17
Gamma_1 2 1 11094 0 0 123076836 0 OK 18
Gamma_1 2 1 11095 0 0 123099025 0 OK 16
Gamma_1 2 1 11096 0 0 123121216 0 OK 33
Gamma_1 2 1 11097 0 0 123143409 0 OK 31
Gamma_1 2 1 11098 0 0 123165604 0 OK 31
Gamma_1 2 1 11099 0 0 123187801 0 OK 31
Gamma_1 2 1 11100 0 0 123210000 0 OK 17
Gamma_1 2 1 11101 0 0 123232201 0 OK 17
Gamma_1 2 1 11102 0 0 123254404 0 OK 17
Gamma_1 2 1 11103 0 0 123276609 0 OK 43
Gamma_1 2 1 11104 0 0 123298816 0 OK 19
Gamma_1 2 1 11105 0 0 123321025 0 OK 32
Gamma_1 2 1 11106 0 0 123343236 0 OK 18
Gamma_1 2 1 11107 0 0 123365449 0 OK 18
Gamma_1 2 1 11108 0 0 123387664 0 OK 32
Gamma_1 2 1 11109 0 0 123409881 0 OK 32
Gamma_1 2 1 11110 0 0 123432100 0 OK 18
Gamma_1 2 1 11111 0 0 123454321 0 OK 17
Gamma_1 2 1 11112 0 0 123476544 0 OK 46
Gamma_1 2 1 11113 0 0 123498769 0 OK 18
Gamma_1 2 1 11114 0 0 123520996 0 OK 17
Gamma_1 2 1 11115 0 0 123543225 0 OK 19
Gamma_1 2 1 11116 0 0 123565456 0 OK 30
Gamma_1 2 1 11117 0 0 123587689 0 OK 32
Gamma_1 2 1 11118 0 0 123609924 0 OK 17
Gamma_1 2 1 11119 0 0 123632161 0 OK 17
Gamma_1 2 1 11120 0 0 123654400 0 OK 18
Gamma_1 2 1 11121 0 0 123676641 0 OK 16
Gamma_1 2 1 11122 0 0 123698884 0 OK 33
Gamma_1 2 1 11123 0 0 123721129 0 OK 17
Gamma_1 2 1 11124 0 0 123743376 0 OK 17
Gamma_1 2 1 11125 0 0 123765625 0 OK 16
Gamma_1 2 1 11126 0 0 123787876 0 OK 18
Gamma_1 2 1 11127 0 0 123810129 0 OK 16
Gamma_1 2 1 11128 0 0 123832384 0 OK 31
Gamma_1 2 1 11129 0 0 123854641 0 OK 30
Gamma_1 2 1 11130 0 0 123876900 0 OK 31
Gamma_1 2 1 11131 0 0 123899161 0 OK 19
Gamma_1 2 1 11132 0 0 123921424 0 OK 17
Gamma_1 2 1 11133 0 0 123943689 0 OK 17
Gamma_1 2 1 11134 0 0 123965956 0 OK 17
Gamma_1 2 1 11135 0 0 123988225 0 OK 33
Gamma_1 2 1 11136 0 0 124010496 0 OK 18
Gamma_1 2 1 11137 0 0 124032769 0 OK 32
Gamma_1 2 1 11138 0 0 124055044 0 OK 33
Gamma_1 2 1 11139 0 0 124077321 0 OK 31
Gamma_1 2 1 11140 0 0 124099600 0 OK 18
Gamma_1 2 1 11141 0 0 124121881 0 OK 31
Gamma_1 2 1 11142 0 0 124144164 0 OK 32
Gamma_1 2 1 11143 0 0 124166449 0 OK 18
Gamma_1 2 1 11144 0 0 124188736 0 OK 17
Gamma_1 2 1 11145 0 0 124211025 0 OK 19
Gamma_1 2 1 11146 0 0 124233316 0 OK 31
Gamma_1 2 1 11147 0 0 124255609 0 OK 18
Gamma_1 2 1 11148 0 0 124277904 0 OK 31
Gamma_1 2 1 11149 0 0 124300201 0 OK 16
Gamma_1 2 1 11150 0 0 124322500 0 OK 18
Gamma_1 2 1 11151 0 0 124344801 0 OK 31
Gamma_1 2 1 11152 0 0 124367104 0 OK 19
Gamma_1 2 1 11153 0 0 124389409 0 OK 29
Gamma_1 2 1 11154 0 0 124411716 0 OK 30
Gamma_1 2 1 11155 0 0 124434025 0 OK 18
Gamma_1 2 1 11156 0 0 124456336 0 OK 17
Gamma_1 2 1 11157 0 0 124478649 0 OK 16
Gamma_1 2 1 11158 0 0 124500964 0 OK 32
Gamma_1 2 1 11159 0 0 124523281 0 OK 18
Gamma_1 2 1 11160 0 0 124545600 0 OK 17
Gamma_1 2 1 11161 0 0 124567921 0 OK 17
Gamma_1 2 1 11162 0 0 124590244 0 OK 31
Gamma_1 2 1 11163 0 0 124612569 0 OK 18
Gamma_1 2 1 11164 0 0 124634896 0 OK 18
Gamma_1 2 1 11165 0 0 124657225 0 OK 31
Gamma_1 2 1 11166 0 0 124679556 0 OK 31
Gamma_1 2 1 11167 0 0 124701889 0 OK 37
Gamma_1 2 1 11168 0 0 124724224 0 OK 34
Gamma_1 2 1 11169 0 0 124746561 0 OK 18
Gamma_1 2 1 11170 0 0 124768900 0 OK 33
Gamma_1 2 1 11171 0 0 124791241 0 OK 17
Gamma_1 2 1 11172 0 0 124813584 0 OK 17
Gamma_1 2 1 11173 0 0 124835929 0 OK 16
Gamma_1 2 1 11174 0 0 124858276 0 OK 16
Gamma_1 2 1 11175 0 0 124880625 0 OK 17
Gamma_1 2 1 11176 0 0 124902976 0 OK 18
Gamma_1 2 1 11177 0 0 124925329 0 OK 17
Gamma_1 2 1 11178 0 0 124947684 0 OK 16
Gamma_1 2 1 11179 0 0 124970041 0 OK 31
Gamma_1 2 1 11180 0 0 124992400 0 OK 17
Gamma_1 2 1 11181 0 0 125014761 0 OK 16
Gamma_1 2 1 11182 0 0 125037124 0 OK 18
Gamma_1 2 1 11183 0 0 125059489 0 OK 16
Gamma_1 2 1 11184 0 0 125081856 0 OK 17
Gamma_1 2 1 11185 0 0 125104225 0 OK 30
Gamma_1 2 1 11186 0 0 125126596 0 OK 18
Gamma_1 2 1 11187 0 0 125148969 0 OK 17
Gamma_1 2 1 11188 0 0 125171344 0 OK 17
Gamma_1 2 1 11189 0 0 125193721 0 OK 30
Gamma_1 2 1 11190 0 0 125216100 0 OK 31
Gamma_1 2 1 11191 0 0 125238481 0 OK 16
Gamma_1 2 1 11192 0 0 125260864 0 OK 17
Gamma_1 2 1 11193 0 0 125283249 0 OK 18
Gamma_1 2 1 11194 0 0 125305636 0 OK 32
Gamma_1 2 1 11195 0 0 125328025 0 OK 31
Gamma_1 2 1 11196 0 0 125350416 0 OK 30
Gamma_1 2 1 11197 0 0 125372809 0 OK 17
Gamma_1 2 1 11198 0 0 125395204 0 OK 18
Gamma_1 2 1 11199 0 0 125417601 0 OK 18
Gamma_1 2 1 11200 0 0 125440000 0 OK 17
Gamma_1 2 1 11201 0 0 125462401 0 OK 17
Gamma_1 2 1 11202 0 0 125484804 0 OK 18
Gamma_1 2 1 11203 0 0 125507209 0 OK 18
Gamma_1 2 1 11204 0 0 125529616 0 OK 32
Gamma_1 2 1 11205 0 0 125552025 0 OK 17
Gamma_1 2 1 11206 0 0 125574436 0 OK 17
Gamma_1 2 1 11207 0 0 125596849 0 OK 17
Gamma_1 2 1 11208 0 0 125619264 0 OK 17
Gamma_1 2 1 11209 0 0 125641681 0 OK 31
Gamma_1 2 1 11210 0 0 125664100 0 OK 31
Gamma_1 2 1 11211 0 0 125686521 0 OK 15
Gamma_1 2 1 11212 0 0 125708944 0 OK 17
Gamma_1 2 1 11213 0 0 125731369 0 OK 30
Gamma_1 2 1 11214 0 0 125753796 0 OK 17
Gamma_1 2 1 11215 0 0 125776225 0 OK 16
Gamma_1 2 1 11216 0 0 125798656 0 OK 32
Gamma_1 2 1 11217 0 0 125821089 0 OK 18
Gamma_1 2 1 11218 0 0 125843524 0 OK 31
Gamma_1 2 1 11219 0 0 125865961 0 OK 19
Gamma_1 2 1 11220 0 0 125888400 0 OK 17
Gamma_1 2 1 11221 0 0 125910841 0 OK 16
Gamma_1 2 1 11222 0 0 125933284 0 OK 18
Gamma_1 2 1 11223 0 0 125955729 0 OK 16
Gamma_1 2 1 11224 0 0 125978176 0 OK 15
Gamma_1 2 1 11225 0 0 126000625 0 OK 17
Gamma_1 2 1 11226 0 0 126023076 0 OK 32
Gamma_1 2 1 11227 0 0 126045529 0 OK 17
Gamma_1 2 1 11228 0 0 126067984 0 OK 17
Gamma_1 2 1 11229 0 0 126090441 0 OK 17
Gamma_1 2 1 11230 0 0 126112900 0 OK 32
Gamma_1 2 1 11231 0 0 126135361 0 OK 32
Gamma_1 2 1 11232 0 0 126157824 0 OK 17
Gamma_1 2 1 11233 0 0 126180289 0 OK 17
Gamma_1 2 1 11234 0 0 126202756 0 OK 17
Gamma_1 2 1 11235 0 0 126225225 0 OK 17
Gamma_1 2 1 11236 0 0 126247696 0 OK 18
Gamma_1 2 1 11237 0 0 126270169 0 OK 17
Gamma_1 2 1 11238 0 0 126292644 0 OK 33
Gamma_1 2 1 11239 0 0 126315121 0 OK 31
Gamma_1 2 1 11240 0 0 126337600 0 OK 17
Gamma_1 2 1 11241 0 0 126360081 0 OK 17
Gamma_1 2 1 11242 0 0 126382564 0 OK 16
Gamma_1 2 1 11243 0 0 126405049 0 OK 31
Gamma_1 2 1 11244 0 0 126427536 0 OK 18
Gamma_1 2 1 11245 0 0 126450025 0 OK 31
Gamma_1 2 1 11246 0 0 126472516 0 OK 32
Gamma_1 2 1 11247 0 0 126495009 0 OK 36
Gamma_1 2 1 11248 0 0 126517504 0 OK 31
Gamma_1 2 1 11249 0 0 126540001 0 OK 17
Gamma_1 2 1 11250 0 0 126562500 0 OK 16
Gamma_1 2 1 11251 0 0 126585001 0 OK 18
Gamma_1 2 1 11252 0 0 126607504 0 OK 17
Gamma_1 2 1 11253 0 0 126630009 0 OK 31
Gamma_1 2 1 11254 0 0 126652516 0 OK 18
Gamma_1 2 1 11255 0 0 126675025 0 OK 18
Gamma_1 2 1 11256 0 0 126697536 0 OK 17
Gamma_1 2 1 11257 0 0 126720049 0 OK 16
Gamma_1 2 1 11258 0 0 126742564 0 OK 15
Gamma_1 2 1 11259 0 0 126765081 0 OK 17
Gamma_1 2 1 11260 0 0 126787600 0 OK 16
Gamma_1 2 1 11261 0 0 126810121 0 OK 30
Gamma_1 2 1 11262 0 0 126832644 0 OK 19
Gamma_1 2 1 11263 0 0 126855169 0 OK 17
Gamma_1 2 1 11264 0 0 126877696 0 OK 18
Gamma_1 2 1 11265 0 0 126900225 0 OK 17
Gamma_1 2 1 11266 0 0 126922756 0 OK 32
Gamma_1 2 1 11267 0 0 126945289 0 OK 17
Gamma_1 2 1 11268 0 0 126967824 0 OK 32
Gamma_1 2 1 11269 0 0 126990361 0 OK 16
Gamma_1 2 1 11270 0 0 127012900 0 OK 17
Gamma_1 2 1 11271 0 0 127035441 0 OK 32
Gamma_1 2 1 11272 0 0 127057984 0 OK 17
Gamma_1 2 1 11273 0 0 127080529 0 OK 31
Gamma_1 2 1 11274 0 0 127103076 0 OK 17
Gamma_1 2 1 11275 0 0 127125625 0 OK 16
Gamma_1 2 1 11276 0 0 127148176 0 OK 31
Gamma_1 2 1 11277 0 0 127170729 0 OK 32
Gamma_1 2 1 11278 0 0 127193284 0 OK 18
Gamma_1 2 1 11279 0 0 127215841 0 OK 17
Gamma_1 2 1 11280 0 0 127238400 0 OK 16
Gamma_1 2 1 11281 0 0 127260961 0 OK 30
Gamma_1 2 1 11282 0 0 127283524 0 OK 30
Gamma_1 2 1 11283 0 0 127306089 0 OK 18
Gamma_1 2 1 11284 0 0 127328656 0 OK 41
Gamma_1 2 1 11285 0 0 127351225 0 OK 16
Gamma_1 2 1 11286 0 0 127373796 0 OK 18
Gamma_1 2 1 11287 0 0 127396369 0 OK 17
Gamma_1 2 1 11288 0 0 127418944 0 OK 17
Gamma_1 2 1 11289 0 0 127441521 0 OK 17
Gamma_1 2 1 11290 0 0 127464100 0 OK 17
Gamma_1 2 1 11291 0 0 127486681 0 OK 18
Gamma_1 2 1 11292 0 0 127509264 0 OK 17
Gamma_1 2 1 11293 0 0 127531849 0 OK 31
Gamma_1 2 1 11294 0 0 127554436 0 OK 31
Gamma_1 2 1 11295 0 0 127577025 0 OK 17
Gamma_1 2 1 11296 0 0 127599616 0 OK 16
Gamma_1 2 1 11297 0 0 127622209 0 OK 17
Gamma_1 2 1 11298 0 0 127644804 0 OK 31
Gamma_1 2 1 11299 0 0 127667401 0 OK 17
Gamma_1 2 1 11300 0 0 127690000 0 OK 30
Gamma_1 2 1 11301 0 0 127712601 0 OK 16
Gamma_1 2 1 11302 0 0 127735204 0 OK 32
Gamma_1 2 1 11303 0 0 127757809 0 OK 32
Gamma_1 2 1 11304 0 0 127780416 0 OK 18
Gamma_1 2 1 11305 0 0 127803025 0 OK 16
Gamma_1 2 1 11306 0 0 127825636 0 OK 33
Gamma_1 2 1 11307 0 0 127848249 0 OK 17
Gamma_1 2 1 11308 0 0 127870864 0 OK 35
Gamma_1 2 1 11309 0 0 127893481 0 OK 17
Gamma_1 2 1 11310 0 0 127916100 0 OK 17
Gamma_1 2 1 11311 0 0 127938721 0 OK 17
Gamma_1 2 1 11312 0 0 127961344 0 OK 32
Gamma_1 2 1 11313 0 0 127983969 0 OK 32
Gamma_1 2 1 11314 0 0 128006596 0 OK 30
Gamma_1 2 1 11315 0 0 128029225 0 OK 18
Gamma_1 2 1 11316 0 0 128051856 0 OK 16
Gamma_1 2 1 11317 0 0 128074489 0 OK 19
Gamma_1 2 1 11318 0 0 128097124 0 OK 18
Gamma_1 2 1 11319 0 0 128119761 0 OK 30
Gamma_1 2 1 11320 0 0 128142400 0 OK 31
Gamma_1 2 1 11321 0 0 128165041 0 OK 18
Gamma_1 2 1 11322 0 0 128187684 0 OK 31
Gamma_1 2 1 11323 0 0 128210329 0 OK 17
Gamma_1 2 1 11324 0 0 128232976 0 OK 16
Gamma_1 2 1 11325 0 0 128255625 0 OK 29
Gamma_1 2 1 11326 0 0 128278276 0 OK 17
Gamma_1 2 1 11327 0 0 128300929 0 OK 31
Gamma_1 2 1 11328 0 0 128323584 0 OK 17
Gamma_1 2 1 11329 0 0 128346241 0 OK 16
Gamma_1 2 1 11330 0 0 128368900 0 OK 32
Gamma_1 2 1 11331 0 0 128391561 0 OK 30
Gamma_1 2 1 11332 0 0 128414224 0 OK 17
Gamma_1 2 1 11333 0 0 128436889 0 OK 16
Gamma_1 2 1 11334 0 0 128459556 0 OK 17
Gamma_1 2 1 11335 0 0 128482225 0 OK 17
Gamma_1 2 1 11336 0 0 128504896 0 OK 29
Gamma_1 2 1 11337 0 0 128527569 0 OK 31
Gamma_1 2 1 11338 0 0 128550244 0 OK 18
Gamma_1 2 1 11339 0 0 128572921 0 OK 17
Gamma_1 2 1 11340 0 0 128595600 0 OK 17
Gamma_1 2 1 11341 0 0 128618281 0 OK 31
Gamma_1 2 1 11342 0 0 128640964 0 OK 17
Gamma_1 2 1 11343 0 0 128663649 0 OK 18
Gamma_1 2 1 11344 0 0 128686336 0 OK 17
Gamma_1 2 1 11345 0 0 128709025 0 OK 16
Gamma_1 2 1 11346 0 0 128731716 0 OK 18
Gamma_1 2 1 11347 0 0 128754409 0 OK 29
Gamma_1 2 1 11348 0 0 128777104 0 OK 17
Gamma_1 2 1 11349 0 0 128799801 0 OK 17
Gamma_1 2 1 11350 0 0 128822500 0 OK 28
Gamma_1 2 1 11351 0 0 128845201 0 OK 17
Gamma_1 2 1 11352 0 0 128867904 0 OK 18
Gamma_1 2 1 11353 0 0 128890609 0 OK 30
Gamma_1 2 1 11354 0 0 128913316 0 OK 17
Gamma_1 2 1 11355 0 0 128936025 0 OK 21
Gamma_1 2 1 11356 0 0 128958736 0 OK 30
Gamma_1 2 1 11357 0 0 128981449 0 OK 17
Gamma_1 2 1 11358 0 0 129004164 0 OK 17
Gamma_1 2 1 11359 0 0 129026881 0 OK 29
Gamma_1 2 1 11360 0 0 129049600 0 OK 16
Gamma_1 2 1 11361 0 0 129072321 0 OK 29
Gamma_1 2 1 11362 0 0 129095044 0 OK 16
Gamma_1 2 1 11363 0 0 129117769 0 OK 16
Gamma_1 2 1 11364 0 0 129140496 0 OK 16
Gamma_1 2 1 11365 0 0 129163225 0 OK 15
Gamma_1 2 1 11366 0 0 129185956 0 OK 17
Gamma_1 2 1 11367 0 0 129208689 0 OK 17
Gamma_1 2 1 11368 0 0 129231424 0 OK 31
Gamma_1 2 1 11369 0 0 129254161 0 OK 16
Gamma_1 2 1 11370 0 0 129276900 0 OK 31
Gamma_1 2 1 11371 0 0 129299641 0 OK 18
Gamma_1 2 1 11372 0 0 129322384 0 OK 17
Gamma_1 2 1 11373 0 0 129345129 0 OK 16
Gamma_1 2 1 11374 0 0 129367876 0 OK 32
Gamma_1 2 1 11375 0 0 129390625 0 OK 17
Gamma_1 2 1 11376 0 0 129413376 0 OK 16
Gamma_1 2 1 11377 0 0 129436129 0 OK 15
Gamma_1 2 1 11378 0 0 129458884 0 OK 16
Gamma_1 2 1 11379 0 0 129481641 0 OK 18
Gamma_1 2 1 11380 0 0 129504400 0 OK 31
Gamma_1 2 1 11381 0 0 129527161 0 OK 17
Gamma_1 2 1 11382 0 0 129549924 0 OK 16
Gamma_1 2 1 11383 0 0 129572689 0 OK 33
Gamma_1 2 1 11384 0 0 129595456 0 OK 34
Gamma_1 2 1 11385 0 0 129618225 0 OK 17
Gamma_1 2 1 11386 0 0 129640996 0 OK 16
Gamma_1 2 1 11387 0 0 129663769 0 OK 19
Gamma_1 2 1 11388 0 0 129686544 0 OK 16
Gamma_1 2 1 11389 0 0 129709321 0 OK 16
Gamma_1 2 1 11390 0 0 129732100 0 OK 32
Gamma_1 2 1 11391 0 0 129754881 0 OK 30
Gamma_1 2 1 11392 0 0 129777664 0 OK 18
Gamma_1 2 1 11393 0 0 129800449 0 OK 32
Gamma_1 2 1 11394 0 0 129823236 0 OK 31
Gamma_1 2 1 11395 0 0 129846025 0 OK 28
Gamma_1 2 1 11396 0 0 129868816 0 OK 17
Gamma_1 2 1 11397 0 0 129891609 0 OK 18
Gamma_1 2 1 11398 0 0 129914404 0 OK 29
Gamma_1 2 1 11399 0 0 129937201 0 OK 40
Gamma_1 2 1 11400 0 0 129960000 0 OK 31
Gamma_1 2 1 11401 0 0 129982801 0 OK 18
Gamma_1 2 1 11402 0 0 130005604 0 OK 17
Gamma_1 2 1 11403 0 0 130028409 0 OK 29
Gamma_1 2 1 11404 0 0 130051216 0 OK 32
Gamma_1 2 1 11405 0 0 130074025 0 OK 32
Gamma_1 2 1 11406 0 0 130096836 0 OK 18
Gamma_1 2 1 11407 0 0 130119649 0 OK 19
Gamma_1 2 1 11408 0 0 130142464 0 OK 31
Gamma_1 2 1 11409 0 0 130165281 0 OK 30
Gamma_1 2 1 11410 0 0 130188100 0 OK 32
Gamma_1 2 1 11411 0 0 130210921 0 OK 18
Gamma_1 2 1 11412 0 0 130233744 0 OK 16
Gamma_1 2 1 11413 0 0 130256569 0 OK 18
Gamma_1 2 1 11414 0 0 130279396 0 OK 17
Gamma_1 2 1 11415 0 0 130302225 0 OK 18
Gamma_1 2 1 11416 0 0 130325056 0 OK 16
Gamma_1 2 1 11417 0 0 130347889 0 OK 18
Gamma_1 2 1 11418 0 0 130370724 0 OK 17
Gamma_1 2 1 11419 0 0 130393561 0 OK 19
Gamma_1 2 1 11420 0 0 130416400 0 OK 16
Gamma_1 2 1 11421 0 0 130439241 0 OK 16
Gamma_1 2 1 11422 0 0 130462084 0 OK 16
Gamma_1 2 1 11423 0 0 130484929 0 OK 33
Gamma_1 2 1 11424 0 0 130507776 0 OK 16
Gamma_1 2 1 11425 0 0 130530625 0 OK 16
Gamma_1 2 1 11426 0 0 130553476 0 OK 17
Gamma_1 2 1 11427 0 0 130576329 0 OK 17
Gamma_1 2 1 11428 0 0 130599184 0 OK 42
Gamma_1 2 1 11429 0 0 130622041 0 OK 31
Gamma_1 2 1 11430 0 0 130644900 0 OK 18
Gamma_1 2 1 11431 0 0 130667761 0 OK 38
Gamma_1 2 1 11432 0 0 130690624 0 OK 20
Gamma_1 2 1 11433 0 0 130713489 0 OK 32
Gamma_1 2 1 11434 0 0 130736356 0 OK 31
Gamma_1 2 1 11435 0 0 130759225 0 OK 17
Gamma_1 2 1 11436 0 0 130782096 0 OK 16
Gamma_1 2 1 11437 0 0 130804969 0 OK 31
Gamma_1 2 1 11438 0 0 130827844 0 OK 17
Gamma_1 2 1 11439 0 0 130850721 0 OK 18
Gamma_1 2 1 11440 0 0 130873600 0 OK 15
Gamma_1 2 1 11441 0 0 130896481 0 OK 41
Gamma_1 2 1 11442 0 0 130919364 0 OK 18
Gamma_1 2 1 11443 0 0 130942249 0 OK 17
Gamma_1 2 1 11444 0 0 130965136 0 OK 16
Gamma_1 2 1 11445 0 0 130988025 0 OK 30
Gamma_1 2 1 11446 0 0 131010916 0 OK 30
Gamma_1 2 1 11447 0 0 131033809 0 OK 17
Gamma_1 2 1 11448 0 0 131056704 0 OK 18
Gamma_1 2 1 11449 0 0 131079601 0 OK 17
Gamma_1 2 1 11450 0 0 131102500 0 OK 15
Gamma_1 2 1 11451 0 0 131125401 0 OK 33
Gamma_1 2 1 11452 0 0 131148304 0 OK 16
Gamma_1 2 1 11453 0 0 131171209 0 OK 30
Gamma_1 2 1 11454 0 0 131194116 0 OK 17
Gamma_1 2 1 11455 0 0 131217025 0 OK 18
Gamma_1 2 1 11456 0 0 131239936 0 OK 16
Gamma_1 2 1 11457 0 0 131262849 0 OK 18
Gamma_1 2 1 11458 0 0 131285764 0 OK 16
Gamma_1 2 1 11459 0 0 131308681 0 OK 16
Gamma_1 2 1 11460 0 0 131331600 0 OK 17
Gamma_1 2 1 11461 0 0 131354521 0 OK 30
Gamma_1 2 1 11462 0 0 131377444 0 OK 19
Gamma_1 2 1 11463 0 0 131400369 0 OK 16
Gamma_1 2 1 11464 0 0 131423296 0 OK 16
Gamma_1 2 1 11465 0 0 131446225 0 OK 28
Gamma_1 2 1 11466 0 0 131469156 0 OK 31
Gamma_1 2 1 11467 0 0 131492089 0 OK 19
Gamma_1 2 1 11468 0 0 131515024 0 OK 15
Gamma_1 2 1 11469 0 0 131537961 0 OK 18
Gamma_1 2 1 11470 0 0 131560900 0 OK 32
Gamma_1 2 1 11471 0 0 131583841 0 OK 32
Gamma_1 2 1 11472 0 0 131606784 0 OK 18
Gamma_1 2 1 11473 0 0 131629729 0 OK 19
Gamma_1 2 1 11474 0 0 131652676 0 OK 30
Gamma_1 2 1 11475 0 0 131675625 0 OK 16
Gamma_1 2 1 11476 0 0 131698576 0 OK 29
Gamma_1 2 1 11477 0 0 131721529 0 OK 18
Gamma_1 2 1 11478 0 0 131744484 0 OK 18
Gamma_1 2 1 11479 0 0 131767441 0 OK 18
Gamma_1 2 1 11480 0 0 131790400 0 OK 30
Gamma_1 2 1 11481 0 0 131813361 0 OK 32
Gamma_1 2 1 11482 0 0 131836324 0 OK 32
Gamma_1 2 1 11483 0 0 131859289 0 OK 17
Gamma_1 2 1 11484 0 0 131882256 0 OK 15
Gamma_1 2 1 11485 0 0 131905225 0 OK 31
Gamma_1 2 1 11486 0 0 131928196 0 OK 16
Gamma_1 2 1 11487 0 0 131951169 0 OK 16
Gamma_1 2 1 11488 0 0 131974144 0 OK 18
Gamma_1 2 1 11489 0 0 131997121 0 OK 18
Gamma_1 2 1 11490 0 0 132020100 0 OK 19
Gamma_1 2 1 11491 0 0 132043081 0 OK 17
Gamma_1 2 1 11492 0 0 132066064 0 OK 36
Gamma_1 2 1 11493 0 0 132089049 0 OK 18
Gamma_1 2 1 11494 0 0 132112036 0 OK 17
Gamma_1 2 1 11495 0 0 132135025 0 OK 19
Gamma_1 2 1 11496 0 0 132158016 0 OK 33
Gamma_1 2 1 11497 0 0 132181009 0 OK 18
Gamma_1 2 1 11498 0 0 132204004 0 OK 19
Gamma_1 2 1 11499 0 0 132227001 0 OK 33
Gamma_1 2 1 11500 0 0 132250000 0 OK 31
Gamma_1 2 1 11501 0 0 132273001 0 OK 18
Gamma_1 2 1 11502 0 0 132296004 0 OK 16
Gamma_1 2 1 11503 0 0 132319009 0 OK 19
Gamma_1 2 1 11504 0 0 132342016 0 OK 17
Gamma_1 2 1 11505 0 0 132365025 0 OK 32
Gamma_1 2 1 11506 0 0 132388036 0 OK 32
Gamma_1 2 1 11507 0 0 132411049 0 OK 16
Gamma_1 2 1 11508 0 0 132434064 0 OK 17
Gamma_1 2 1 11509 0 0 132457081 0 OK 18
Gamma_1 2 1 11510 0 0 132480100 0 OK 31
Gamma_1 2 1 11511 0 0 132503121 0 OK 31
Gamma_1 2 1 11512 0 0 132526144 0 OK 18
Gamma_1 2 1 11513 0 0 132549169 0 OK 16
Gamma_1 2 1 11514 0 0 132572196 0 OK 17
Gamma_1 2 1 11515 0 0 132595225 0 OK 31
Gamma_1 2 1 11516 0 0 132618256 0 OK 18
Gamma_1 2 1 11517 0 0 132641289 0 OK 17
Gamma_1 2 1 11518 0 0 132664324 0 OK 18
Gamma_1 2 1 11519 0 0 132687361 0 OK 18
Gamma_1 2 1 11520 0 0 132710400 0 OK 18
Gamma_1 2 1 11521 0 0 132733441 0 OK 30
Gamma_1 2 1 11522 0 0 132756484 0 OK 16
Gamma_1 2 1 11523 0 0 132779529 0 OK 17
Gamma_1 2 1 11524 0 0 132802576 0 OK 17
Gamma_1 2 1 11525 0 0 132825625 0 OK 16
Gamma_1 2 1 11526 0 0 132848676 0 OK 18
Gamma_1 2 1 11527 0 0 132871729 0 OK 17
Gamma_1 2 1 11528 0 0 132894784 0 OK 17
Gamma_1 2 1 11529 0 0 132917841 0 OK 18
Gamma_1 2 1 11530 0 0 132940900 0 OK 16
Gamma_1 2 1 11531 0 0 132963961 0 OK 16
Gamma_1 2 1 11532 0 0 132987024 0 OK 15
Gamma_1 2 1 11533 0 0 133010089 0 OK 16
Gamma_1 2 1 11534 0 0 133033156 0 OK 18
Gamma_1 2 1 11535 0 0 133056225 0 OK 17
Gamma_1 2 1 11536 0 0 133079296 0 OK 17
Gamma_1 2 1 11537 0 0 133102369 0 OK 16
Gamma_1 2 1 11538 0 0 133125444 0 OK 30
Gamma_1 2 1 11539 0 0 133148521 0 OK 19
Gamma_1 2 1 11540 0 0 133171600 0 OK 28
Gamma_1 2 1 11541 0 0 133194681 0 OK 30
Gamma_1 2 1 11542 0 0 133217764 0 OK 17
Gamma_1 2 1 11543 0 0 133240849 0 OK 18
Gamma_1 2 1 11544 0 0 133263936 0 OK 30
Gamma_1 2 1 11545 0 0 133287025 0 OK 33
Gamma_1 2 1 11546 0 0 133310116 0 OK 18
Gamma_1 2 1 11547 0 0 133333209 0 OK 16
Gamma_1 2 1 11548 0 0 133356304 0 OK 31
Gamma_1 2 1 11549 0 0 133379401 0 OK 16
Gamma_1 2 1 11550 0 0 133402500 0 OK 32
Gamma_1 2 1 11551 0 0 133425601 0 OK 17
Gamma_1 2 1 11552 0 0 133448704 0 OK 17
Gamma_1 2 1 11553 0 0 133471809 0 OK 17
Gamma_1 2 1 11554 0 0 133494916 0 OK 16
Gamma_1 2 1 11555 0 0 133518025 0 OK 18
Gamma_1 2 1 11556 0 0 133541136 0 OK 17
Gamma_1 2 1 11557 0 0 133564249 0 OK 16
Gamma_1 2 1 11558 0 0 133587364 0 OK 32
Gamma_1 2 1 11559 0 0 133610481 0 OK 32
Gamma_1 2 1 11560 0 0 133633600 0 OK 32
Gamma_1 2 1 11561 0 0 133656721 0 OK 44
Gamma_1 2 1 11562 0 0 133679844 0 OK 18
Gamma_1 2 1 11563 0 0 133702969 0 OK 33
Gamma_1 2 1 11564 0 0 133726096 0 OK 29
Gamma_1 2 1 11565 0 0 133749225 0 OK 31
Gamma_1 2 1 11566 0 0 133772356 0 OK 17
Gamma_1 2 1 11567 0 0 133795489 0 OK 16
Gamma_1 2 1 11568 0 0 133818624 0 OK 30
Gamma_1 2 1 11569 0 0 133841761 0 OK 19
Gamma_1 2 1 11570 0 0 133864900 0 OK 29
Gamma_1 2 1 11571 0 0 133888041 0 OK 18
Gamma_1 2 1 11572 0 0 133911184 0 OK 29
Gamma_1 2 1 11573 0 0 133934329 0 OK 17
Gamma_1 2 1 11574 0 0 133957476 0 OK 17
Gamma_1 2 1 11575 0 0 133980625 0 OK 17
Gamma_1 2 1 11576 0 0 134003776 0 OK 16
Gamma_1 2 1 11577 0 0 134026929 0 OK 16
Gamma_1 2 1 11578 0 0 134050084 0 OK 30
Gamma_1 2 1 11579 0 0 134073241 0 OK 19
Gamma_1 2 1 11580 0 0 134096400 0 OK 16
Gamma_1 2 1 11581 0 0 134119561 0 OK 18
Gamma_1 2 1 11582 0 0 134142724 0 OK 17
Gamma_1 2 1 11583 0 0 134165889 0 OK 31
Gamma_1 2 1 11584 0 0 134189056 0 OK 17
Gamma_1 2 1 11585 0 0 134212225 0 OK 17
Gamma_1 2 1 11586 0 0 134235396 0 OK 20
Gamma_1 2 1 11587 0 0 134258569 0 OK 16
Gamma_1 2 1 11588 0 0 134281744 0 OK 29
Gamma_1 2 1 11589 0 0 134304921 0 OK 19
Gamma_1 2 1 11590 0 0 134328100 0 OK 16
Gamma_1 2 1 11591 0 0 134351281 0 OK 18
Gamma_1 2 1 11592 0 0 134374464 0 OK 42
Gamma_1 2 1 11593 0 0 134397649 0 OK 17
Gamma_1 2 1 11594 0 0 134420836 0 OK 44
Gamma_1 2 1 11595 0 0 134444025 0 OK 17
Gamma_1 2 1 11596 0 0 134467216 0 OK 17
Gamma_1 2 1 11597 0 0 134490409 0 OK 19
Gamma_1 2 1 11598 0 0 134513604 0 OK 19
Gamma_1 2 1 11599 0 0 134536801 0 OK 17
Gamma_1 2 1 11600 0 0 134560000 0 OK 18
Gamma_1 2 1 11601 0 0 134583201 0 OK 42
Gamma_1 2 1 11602 0 0 134606404 0 OK 18
Gamma_1 2 1 11603 0 0 134629609 0 OK 17
Gamma_1 2 1 11604 0 0 134652816 0 OK 32
Gamma_1 2 1 11605 0 0 134676025 0 OK 19
Gamma_1 2 1 11606 0 0 134699236 0 OK 18
Gamma_1 2 1 11607 0 0 134722449 0 OK 30
Gamma_1 2 1 11608 0 0 134745664 0 OK 18
Gamma_1 2 1 11609 0 0 134768881 0 OK 17
Gamma_1 2 1 11610 0 0 134792100 0 OK 17
Gamma_1 2 1 11611 0 0 134815321 0 OK 33
Gamma_1 2 1 11612 0 0 134838544 0 OK 34
Gamma_1 2 1 11613 0 0 134861769 0 OK 18
Gamma_1 2 1 11614 0 0 134884996 0 OK 17
Gamma_1 2 1 11615 0 0 134908225 0 OK 31
Gamma_1 2 1 11616 0 0 134931456 0 OK 18
Gamma_1 2 1 11617 0 0 134954689 0 OK 33
Gamma_1 2 1 11618 0 0 134977924 0 OK 18
Gamma_1 2 1 11619 0 0 135001161 0 OK 32
Gamma_1 2 1 11620 0 0 135024400 0 OK 18
Gamma_1 2 1 11621 0 0 135047641 0 OK 17
Gamma_1 2 1 11622 0 0 135070884 0 OK 34
Gamma_1 2 1 11623 0 0 135094129 0 OK 18
Gamma_1 2 1 11624 0 0 135117376 0 OK 17
Gamma_1 2 1 11625 0 0 135140625 0 OK 17
Gamma_1 2 1 11626 0 0 135163876 0 OK 33
Gamma_1 2 1 11627 0 0 135187129 0 OK 19
Gamma_1 2 1 11628 0 0 135210384 0 OK 17
Gamma_1 2 1 11629 0 0 135233641 0 OK 16
Gamma_1 2 1 11630 0 0 135256900 0 OK 18
Gamma_1 2 1 11631 0 0 135280161 0 OK 17
Gamma_1 2 1 11632 0 0 135303424 0 OK 32
Gamma_1 2 1 11633 0 0 135326689 0 OK 32
Gamma_1 2 1 11634 0 0 135349956 0 OK 33
Gamma_1 2 1 11635 0 0 135373225 0 OK 19
Gamma_1 2 1 11636 0 0 135396496 0 OK 18
Gamma_1 2 1 11637 0 0 135419769 0 OK 17
Gamma_1 2 1 11638 0 0 135443044 0 OK 18
Gamma_1 2 1 11639 0 0 135466321 0 OK 29
Gamma_1 2 1 11640 0 0 135489600 0 OK 17
Gamma_1 2 1 11641 0 0 135512881 0 OK 18
Gamma_1 2 1 11642 0 0 135536164 0 OK 17
Gamma_1 2 1 11643 0 0 135559449 0 OK 30
Gamma_1 2 1 11644 0 0 135582736 0 OK 31
Gamma_1 2 1 11645 0 0 135606025 0 OK 31
Gamma_1 2 1 11646 0 0 135629316 0 OK 18
Gamma_1 2 1 11647 0 0 135652609 0 OK 17
Gamma_1 2 1 11648 0 0 135675904 0 OK 31
Gamma_1 2 1 11649 0 0 135699201 0 OK 30
Gamma_1 2 1 11650 0 0 135722500 0 OK 18
Gamma_1 2 1 11651 0 0 135745801 0 OK 16
Gamma_1 2 1 11652 0 0 135769104 0 OK 18
Gamma_1 2 1 11653 0 0 135792409 0 OK 17
Gamma_1 2 1 11654 0 0 135815716 0 OK 31
Gamma_1 2 1 11655 0 0 135839025 0 OK 32
Gamma_1 2 1 11656 0 0 135862336 0 OK 19
Gamma_1 2 1 11657 0 0 135885649 0 OK 17
Gamma_1 2 1 11658 0 0 135908964 0 OK 17
Gamma_1 2 1 11659 0 0 135932281 0 OK 31
Gamma_1 2 1 11660 0 0 135955600 0 OK 17
Gamma_1 2 1 11661 0 0 135978921 0 OK 28
Gamma_1 2 1 11662 0 0 136002244 0 OK 20
Gamma_1 2 1 11663 0 0 136025569 0 OK 17
Gamma_1 2 1 11664 0 0 136048896 0 OK 32
Gamma_1 2 1 11665 0 0 136072225 0 OK 30
Gamma_1 2 1 11666 0 0 136095556 0 OK 31
Gamma_1 2 1 11667 0 0 136118889 0 OK 33
Gamma_1 2 1 11668 0 0 136142224 0 OK 16
Gamma_1 2 1 11669 0 0 136165561 0 OK 16
Gamma_1 2 1 11670 0 0 136188900 0 OK 32
Gamma_1 2 1 11671 0 0 136212241 0 OK 16
Gamma_1 2 1 11672 0 0 136235584 0 OK 16
Gamma_1 2 1 11673 0 0 136258929 0 OK 17
Gamma_1 2 1 11674 0 0 136282276 0 OK 16
Gamma_1 2 1 11675 0 0 136305625 0 OK 19
Gamma_1 2 1 11676 0 0 136328976 0 OK 17
Gamma_1 2 1 11677 0 0 136352329 0 OK 18
Gamma_1 2 1 11678 0 0 136375684 0 OK 30
Gamma_1 2 1 11679 0 0 136399041 0 OK 30
Gamma_1 2 1 11680 0 0 136422400 0 OK 16
Gamma_1 2 1 11681 0 0 136445761 0 OK 15
Gamma_1 2 1 11682 0 0 136469124 0 OK 16
Gamma_1 2 1 11683 0 0 136492489 0 OK 32
Gamma_1 2 1 11684 0 0 136515856 0 OK 16
Gamma_1 2 1 11685 0 0 136539225 0 OK 16
Gamma_1 2 1 11686 0 0 136562596 0 OK 18
Gamma_1 2 1 11687 0 0 136585969 0 OK 17
Gamma_1 2 1 11688 0 0 136609344 0 OK 15
Gamma_1 2 1 11689 0 0 136632721 0 OK 32
Gamma_1 2 1 11690 0 0 136656100 0 OK 18
Gamma_1 2 1 11691 0 0 136679481 0 OK 18
Gamma_1 2 1 11692 0 0 136702864 0 OK 17
Gamma_1 2 1 11693 0 0 136726249 0 OK 18
Gamma_1 2 1 11694 0 0 136749636 0 OK 16
Gamma_1 2 1 11695 0 0 136773025 0 OK 32
Gamma_1 2 1 11696 0 0 136796416 0 OK 19
Gamma_1 2 1 11697 0 0 136819809 0 OK 17
Gamma_1 2 1 11698 0 0 136843204 0 OK 18
Gamma_1 2 1 11699 0 0 136866601 0 OK 18
Gamma_1 2 1 11700 0 0 136890000 0 OK 31
Gamma_1 2 1 11701 0 0 136913401 0 OK 32
Gamma_1 2 1 11702 0 0 136936804 0 OK 30
Gamma_1 2 1 11703 0 0 136960209 0 OK 16
Gamma_1 2 1 11704 0 0 136983616 0 OK 19
Gamma_1 2 1 11705 0 0 137007025 0 OK 16
Gamma_1 2 1 11706 0 0 137030436 0 OK 19
Gamma_1 2 1 11707 0 0 137053849 0 OK 16
Gamma_1 2 1 11708 0 0 137077264 0 OK 32
Gamma_1 2 1 11709 0 0 137100681 0 OK 18
Gamma_1 2 1 11710 0 0 137124100 0 OK 16
Gamma_1 2 1 11711 0 0 137147521 0 OK 17
Gamma_1 2 1 11712 0 0 137170944 0 OK 18
Gamma_1 2 1 11713 0 0 137194369 0 OK 17
Gamma_1 2 1 11714 0 0 137217796 0 OK 17
Gamma_1 2 1 11715 0 0 137241225 0 OK 31
Gamma_1 2 1 11716 0 0 137264656 0 OK 18
Gamma_1 2 1 11717 0 0 137288089 0 OK 30
Gamma_1 2 1 11718 0 0 137311524 0 OK 30
Gamma_1 2 1 11719 0 0 137334961 0 OK 17
Gamma_1 2 1 11720 0 0 137358400 0 OK 30
Gamma_1 2 1 11721 0 0 137381841 0 OK 16
Gamma_1 2 1 11722 0 0 137405284 0 OK 17
Gamma_1 2 1 11723 0 0 137428729 0 OK 16
Gamma_1 2 1 11724 0 0 137452176 0 OK 18
Gamma_1 2 1 11725 0 0 137475625 0 OK 18
Gamma_1 2 1 11726 0 0 137499076 0 OK 30
Gamma_1 2 1 11727 0 0 137522529 0 OK 19
Gamma_1 2 1 11728 0 0 137545984 0 OK 32
Gamma_1 2 1 11729 0 0 137569441 0 OK 17
Gamma_1 2 1 11730 0 0 137592900 0 OK 16
Gamma_1 2 1 11731 0 0 137616361 0 OK 30
Gamma_1 2 1 11732 0 0 137639824 0 OK 17
Gamma_1 2 1 11733 0 0 137663289 0 OK 16
Gamma_1 2 1 11734 0 0 137686756 0 OK 17
Gamma_1 2 1 11735 0 0 137710225 0 OK 17
Gamma_1 2 1 11736 0 0 137733696 0 OK 18
Gamma_1 2 1 11737 0 0 137757169 0 OK 16
Gamma_1 2 1 11738 0 0 137780644 0 OK 16
Gamma_1 2 1 11739 0 0 137804121 0 OK 16
Gamma_1 2 1 11740 0 0 137827600 0 OK 17
Gamma_1 2 1 11741 0 0 137851081 0 OK 31
Gamma_1 2 1 11742 0 0 137874564 0 OK 17
Gamma_1 2 1 11743 0 0 137898049 0 OK 18
Gamma_1 2 1 11744 0 0 137921536 0 OK 19
Gamma_1 2 1 11745 0 0 137945025 0 OK 17
Gamma_1 2 1 11746 0 0 137968516 0 OK 32
Gamma_1 2 1 11747 0 0 137992009 0 OK 16
Gamma_1 2 1 11748 0 0 138015504 0 OK 19
Gamma_1 2 1 11749 0 0 138039001 0 OK 19
Gamma_1 2 1 11750 0 0 138062500 0 OK 32
Gamma_1 2 1 11751 0 0 138086001 0 OK 31
Gamma_1 2 1 11752 0 0 138109504 0 OK 31
Gamma_1 2 1 11753 0 0 138133009 0 OK 18
Gamma_1 2 1 11754 0 0 138156516 0 OK 16
Gamma_1 2 1 11755 0 0 138180025 0 OK 17
Gamma_1 2 1 11756 0 0 138203536 0 OK 18
Gamma_1 2 1 11757 0 0 138227049 0 OK 30
Gamma_1 2 1 11758 0 0 138250564 0 OK 17
Gamma_1 2 1 11759 0 0 138274081 0 OK 17
Gamma_1 2 1 11760 0 0 138297600 0 OK 31
Gamma_1 2 1 11761 0 0 138321121 0 OK 18
Gamma_1 2 1 11762 0 0 138344644 0 OK 17
Gamma_1 2 1 11763 0 0 138368169 0 OK 18
Gamma_1 2 1 11764 0 0 138391696 0 OK 30
Gamma_1 2 1 11765 0 0 138415225 0 OK 18
Gamma_1 2 1 11766 0 0 138438756 0 OK 19
Gamma_1 2 1 11767 0 0 138462289 0 OK 17
Gamma_1 2 1 11768 0 0 138485824 0 OK 29
Gamma_1 2 1 11769 0 0 138509361 0 OK 19
Gamma_1 2 1 11770 0 0 138532900 0 OK 20
Gamma_1 2 1 11771 0 0 138556441 0 OK 16
Gamma_1 2 1 11772 0 0 138579984 0 OK 30
Gamma_1 2 1 11773 0 0 138603529 0 OK 18
Gamma_1 2 1 11774 0 0 138627076 0 OK 17
Gamma_1 2 1 11775 0 0 138650625 0 OK 16
Gamma_1 2 1 11776 0 0 138674176 0 OK 18
Gamma_1 2 1 11777 0 0 138697729 0 OK 29
Gamma_1 2 1 11778 0 0 138721284 0 OK 17
Gamma_1 2 1 11779 0 0 138744841 0 OK 30
Gamma_1 2 1 11780 0 0 138768400 0 OK 30
Gamma_1 2 1 11781 0 0 138791961 0 OK 32
Gamma_1 2 1 11782 0 0 138815524 0 OK 30
Gamma_1 2 1 11783 0 0 138839089 0 OK 17
Gamma_1 2 1 11784 0 0 138862656 0 OK 16
Gamma_1 2 1 11785 0 0 138886225 0 OK 17
Gamma_1 2 1 11786 0 0 138909796 0 OK 17
Gamma_1 2 1 11787 0 0 138933369 0 OK 15
Gamma_1 2 1 11788 0 0 138956944 0 OK 31
Gamma_1 2 1 11789 0 0 138980521 0 OK 15
Gamma_1 2 1 11790 0 0 139004100 0 OK 16
Gamma_1 2 1 11791 0 0 139027681 0 OK 32
Gamma_1 2 1 11792 0 0 139051264 0 OK 18
Gamma_1 2 1 11793 0 0 139074849 0 OK 17
Gamma_1 2 1 11794 0 0 139098436 0 OK 16
Gamma_1 2 1 11795 0 0 139122025 0 OK 29
Gamma_1 2 1 11796 0 0 139145616 0 OK 18
Gamma_1 2 1 11797 0 0 139169209 0 OK 33
Gamma_1 2 1 11798 0 0 139192804 0 OK 16
Gamma_1 2 1 11799 0 0 139216401 0 OK 32
Gamma_1 2 1 11800 0 0 139240000 0 OK 19
Gamma_1 2 1 11801 0 0 139263601 0 OK 15
Gamma_1 2 1 11802 0 0 139287204 0 OK 16
Gamma_1 2 1 11803 0 0 139310809 0 OK 17
Gamma_1 2 1 11804 0 0 139334416 0 OK 16
Gamma_1 2 1 11805 0 0 139358025 0 OK 30
Gamma_1 2 1 11806 0 0 139381636 0 OK 17
Gamma_1 2 1 11807 0 0 139405249 0 OK 31
Gamma_1 2 1 11808 0 0 139428864 0 OK 31
Gamma_1 2 1 11809 0 0 139452481 0 OK 19
Gamma_1 2 1 11810 0 0 139476100 0 OK 17
Gamma_1 2 1 11811 0 0 139499721 0 OK 16
Gamma_1 2 1 11812 0 0 139523344 0 OK 15
Gamma_1 2 1 11813 0 0 139546969 0 OK 17
Gamma_1 2 1 11814 0 0 139570596 0 OK 18
Gamma_1 2 1 11815 0 0 139594225 0 OK 31
Gamma_1 2 1 11816 0 0 139617856 0 OK 31
Gamma_1 2 1 11817 0 0 139641489 0 OK 19
Gamma_1 2 1 11818 0 0 139665124 0 OK 17
Gamma_1 2 1 11819 0 0 139688761 0 OK 15
Gamma_1 2 1 11820 0 0 139712400 0 OK 16
Gamma_1 2 1 11821 0 0 139736041 0 OK 17
Gamma_1 2 1 11822 0 0 139759684 0 OK 17
Gamma_1 2 1 11823 0 0 139783329 0 OK 16
Gamma_1 2 1 11824 0 0 139806976 0 OK 32
Gamma_1 2 1 11825 0 0 139830625 0 OK 16
Gamma_1 2 1 11826 0 0 139854276 0 OK 30
Gamma_1 2 1 11827 0 0 139877929 0 OK 18
Gamma_1 2 1 11828 0 0 139901584 0 OK 17
Gamma_1 2 1 11829 0 0 139925241 0 OK 17
Gamma_1 2 1 11830 0 0 139948900 0 OK 17
Gamma_1 2 1 11831 0 0 139972561 0 OK 16
Gamma_1 2 1 11832 0 0 139996224 0 OK 30
Gamma_1 2 1 11833 0 0 140019889 0 OK 32
Gamma_1 2 1 11834 0 0 140043556 0 OK 32
Gamma_1 2 1 11835 0 0 140067225 0 OK 32
Gamma_1 2 1 11836 0 0 140090896 0 OK 17
Gamma_1 2 1 11837 0 0 140114569 0 OK 16
Gamma_1 2 1 11838 0 0 140138244 0 OK 41
Gamma_1 2 1 11839 0 0 140161921 0 OK 18
Gamma_1 2 1 11840 0 0 140185600 0 OK 41
Gamma_1 2 1 11841 0 0 140209281 0 OK 17
Gamma_1 2 1 11842 0 0 140232964 0 OK 17
Gamma_1 2 1 11843 0 0 140256649 0 OK 19
Gamma_1 2 1 11844 0 0 140280336 0 OK 19
Gamma_1 2 1 11845 0 0 140304025 0 OK 33
Gamma_1 2 1 11846 0 0 140327716 0 OK 32
Gamma_1 2 1 11847 0 0 140351409 0 OK 40
Gamma_1 2 1 11848 0 0 140375104 0 OK 16
Gamma_1 2 1 11849 0 0 140398801 0 OK 17
Gamma_1 2 1 11850 0 0 140422500 0 OK 21
Gamma_1 2 1 11851 0 0 140446201 0 OK 19
Gamma_1 2 1 11852 0 0 140469904 0 OK 18
Gamma_1 2 1 11853 0 0 140493609 0 OK 18
Gamma_1 2 1 11854 0 0 140517316 0 OK 41
Gamma_1 2 1 11855 0 0 140541025 0 OK 41
Gamma_1 2 1 11856 0 0 140564736 0 OK 17
Gamma_1 2 1 11857 0 0 140588449 0 OK 17
Gamma_1 2 1 11858 0 0 140612164 0 OK 16
Gamma_1 2 1 11859 0 0 140635881 0 OK 19
Gamma_1 2 1 11860 0 0 140659600 0 OK 17
Gamma_1 2 1 11861 0 0 140683321 0 OK 18
Gamma_1 2 1 11862 0 0 140707044 0 OK 19
Gamma_1 2 1 11863 0 0 140730769 0 OK 17
Gamma_1 2 1 11864 0 0 140754496 0 OK 19
Gamma_1 2 1 11865 0 0 140778225 0 OK 16
Gamma_1 2 1 11866 0 0 140801956 0 OK 19
Gamma_1 2 1 11867 0 0 140825689 0 OK 16
Gamma_1 2 1 11868 0 0 140849424 0 OK 15
Gamma_1 2 1 11869 0 0 140873161 0 OK 17
Gamma_1 2 1 11870 0 0 140896900 0 OK 19
Gamma_1 2 1 11871 0 0 140920641 0 OK 18
Gamma_1 2 1 11872 0 0 140944384 0 OK 41
Gamma_1 2 1 11873 0 0 140968129 0 OK 43
Gamma_1 2 1 11874 0 0 140991876 0 OK 19
Gamma_1 2 1 11875 0 0 141015625 0 OK 17
Gamma_1 2 1 11876 0 0 141039376 0 OK 17
Gamma_1 2 1 11877 0 0 141063129 0 OK 18
Gamma_1 2 1 11878 0 0 141086884 0 OK 31
Gamma_1 2 1 11879 0 0 141110641 0 OK 16
Gamma_1 2 1 11880 0 0 141134400 0 OK 17
Gamma_1 2 1 11881 0 0 141158161 0 OK 17
Gamma_1 2 1 11882 0 0 141181924 0 OK 19
Gamma_1 2 1 11883 0 0 141205689 0 OK 42
Gamma_1 2 1 11884 0 0 141229456 0 OK 17
Gamma_1 2 1 11885 0 0 141253225 0 OK 18
Gamma_1 2 1 11886 0 0 141276996 0 OK 17
Gamma_1 2 1 11887 0 0 141300769 0 OK 44
Gamma_1 2 1 11888 0 0 141324544 0 OK 44
Gamma_1 2 1 11889 0 0 141348321 0 OK 18
Gamma_1 2 1 11890 0 0 141372100 0 OK 32
Gamma_1 2 1 11891 0 0 141395881 0 OK 17
Gamma_1 2 1 11892 0 0 141419664 0 OK 17
Gamma_1 2 1 11893 0 0 141443449 0 OK 17
Gamma_1 2 1 11894 0 0 141467236 0 OK 17
Gamma_1 2 1 11895 0 0 141491025 0 OK 19
Gamma_1 2 1 11896 0 0 141514816 0 OK 16
Gamma_1 2 1 11897 0 0 141538609 0 OK 32
Gamma_1 2 1 11898 0 0 141562404 0 OK 16
Gamma_1 2 1 11899 0 0 141586201 0 OK 30
Gamma_1 2 1 11900 0 0 141610000 0 OK 16
Gamma_1 2 1 11901 0 0 141633801 0 OK 33
Gamma_1 2 1 11902 0 0 141657604 0 OK 19
Gamma_1 2 1 11903 0 0 141681409 0 OK 18
Gamma_1 2 1 11904 0 0 141705216 0 OK 31
Gamma_1 2 1 11905 0 0 141729025 0 OK 19
Gamma_1 2 1 11906 0 0 141752836 0 OK 31
Gamma_1 2 1 11907 0 0 141776649 0 OK 32
Gamma_1 2 1 11908 0 0 141800464 0 OK 19
Gamma_1 2 1 11909 0 0 141824281 0 OK 32
Gamma_1 2 1 11910 0 0 141848100 0 OK 32
Gamma_1 2 1 11911 0 0 141871921 0 OK 17
Gamma_1 2 1 11912 0 0 141895744 0 OK 17
Gamma_1 2 1 11913 0 0 141919569 0 OK 19
Gamma_1 2 1 11914 0 0 141943396 0 OK 19
Gamma_1 2 1 11915 0 0 141967225 0 OK 17
Gamma_1 2 1 11916 0 0 141991056 0 OK 17
Gamma_1 2 1 11917 0 0 142014889 0 OK 17
Gamma_1 2 1 11918 0 0 142038724 0 OK 29
Gamma_1 2 1 11919 0 0 142062561 0 OK 16
Gamma_1 2 1 11920 0 0 142086400 0 OK 29
Gamma_1 2 1 11921 0 0 142110241 0 OK 17
Gamma_1 2 1 11922 0 0 142134084 0 OK 31
Gamma_1 2 1 11923 0 0 142157929 0 OK 17
Gamma_1 2 1 11924 0 0 142181776 0 OK 29
Gamma_1 2 1 11925 0 0 142205625 0 OK 33
Gamma_1 2 1 11926 0 0 142229476 0 OK 18
Gamma_1 2 1 11927 0 0 142253329 0 OK 30
Gamma_1 2 1 11928 0 0 142277184 0 OK 32
Gamma_1 2 1 11929 0 0 142301041 0 OK 18
Gamma_1 2 1 11930 0 0 142324900 0 OK 17
Gamma_1 2 1 11931 0 0 142348761 0 OK 17
Gamma_1 2 1 11932 0 0 142372624 0 OK 19
Gamma_1 2 1 11933 0 0 142396489 0 OK 17
Gamma_1 2 1 11934 0 0 142420356 0 OK 16
Gamma_1 2 1 11935 0 0 142444225 0 OK 32
Gamma_1 2 1 11936 0 0 142468096 0 OK 16
Gamma_1 2 1 11937 0 0 142491969 0 OK 17
Gamma_1 2 1 11938 0 0 142515844 0 OK 17
Gamma_1 2 1 11939 0 0 142539721 0 OK 19
Gamma_1 2 1 11940 0 0 142563600 0 OK 17
Gamma_1 2 1 11941 0 0 142587481 0 OK 18
Gamma_1 2 1 11942 0 0 142611364 0 OK 16
Gamma_1 2 1 11943 0 0 142635249 0 OK 18
Gamma_1 2 1 11944 0 0 142659136 0 OK 18
Gamma_1 2 1 11945 0 0 142683025 0 OK 32
Gamma_1 2 1 11946 0 0 142706916 0 OK 16
Gamma_1 2 1 11947 0 0 142730809 0 OK 17
Gamma_1 2 1 11948 0 0 142754704 0 OK 31
Gamma_1 2 1 11949 0 0 142778601 0 OK 31
Gamma_1 2 1 11950 0 0 142802500 0 OK 18
Gamma_1 2 1 11951 0 0 142826401 0 OK 18
Gamma_1 2 1 11952 0 0 142850304 0 OK 16
Gamma_1 2 1 11953 0 0 142874209 0 OK 32
Gamma_1 2 1 11954 0 0 142898116 0 OK 18
Gamma_1 2 1 11955 0 0 142922025 0 OK 32
Gamma_1 2 1 11956 0 0 142945936 0 OK 19
Gamma_1 2 1 11957 0 0 142969849 0 OK 17
Gamma_1 2 1 11958 0 0 142993764 0 OK 19
Gamma_1 2 1 11959 0 0 143017681 0 OK 35
Gamma_1 2 1 11960 0 0 143041600 0 OK 19
Gamma_1 2 1 11961 0 0 143065521 0 OK 19
Gamma_1 2 1 11962 0 0 143089444 0 OK 31
Gamma_1 2 1 11963 0 0 143113369 0 OK 31
Gamma_1 2 1 11964 0 0 143137296 0 OK 18
Gamma_1 2 1 11965 0 0 143161225 0 OK 17
Gamma_1 2 1 11966 0 0 143185156 0 OK 31
Gamma_1 2 1 11967 0 0 143209089 0 OK 17
Gamma_1 2 1 11968 0 0 143233024 0 OK 32
Gamma_1 2 1 11969 0 0 143256961 0 OK 17
Gamma_1 2 1 11970 0 0 143280900 0 OK 17
Gamma_1 2 1 11971 0 0 143304841 0 OK 17
Gamma_1 2 1 11972 0 0 143328784 0 OK 17
Gamma_1 2 1 11973 0 0 143352729 0 OK 17
Gamma_1 2 1 11974 0 0 143376676 0 OK 16
Gamma_1 2 1 11975 0 0 143400625 0 OK 17
Gamma_1 2 1 11976 0 0 143424576 0 OK 16
Gamma_1 2 1 11977 0 0 143448529 0 OK 16
Gamma_1 2 1 11978 0 0 143472484 0 OK 17
Gamma_1 2 1 11979 0 0 143496441 0 OK 30
Gamma_1 2 1 11980 0 0 143520400 0 OK 30
Gamma_1 2 1 11981 0 0 143544361 0 OK 19
Gamma_1 2 1 11982 0 0 143568324 0 OK 30
Gamma_1 2 1 11983 0 0 143592289 0 OK 18
Gamma_1 2 1 11984 0 0 143616256 0 OK 29
Gamma_1 2 1 11985 0 0 143640225 0 OK 17
Gamma_1 2 1 11986 0 0 143664196 0 OK 16
Gamma_1 2 1 11987 0 0 143688169 0 OK 30
Gamma_1 2 1 11988 0 0 143712144 0 OK 16
Gamma_1 2 1 11989 0 0 143736121 0 OK 16
Gamma_1 2 1 11990 0 0 143760100 0 OK 32
Gamma_1 2 1 11991 0 0 143784081 0 OK 33
Gamma_1 2 1 11992 0 0 143808064 0 OK 16
Gamma_1 2 1 11993 0 0 143832049 0 OK 16
Gamma_1 2 1 11994 0 0 143856036 0 OK 16
Gamma_1 2 1 11995 0 0 143880025 0 OK 32
Gamma_1 2 1 11996 0 0 143904016 0 OK 29
Gamma_1 2 1 11997 0 0 143928009 0 OK 31
Gamma_1 2 1 11998 0 0 143952004 0 OK 17
Gamma_1 2 1 11999 0 0 143976001 0 OK 16
Gamma_1 2 1 12000 0 0 144000000 0 OK 14
Gamma_1 2 1 12001 0 0 144024001 0 OK 16
Gamma_1 2 1 12002 0 0 144048004 0 OK 30
Gamma_1 2 1 12003 0 0 144072009 0 OK 31
Gamma_1 2 1 12004 0 0 144096016 0 OK 17
Gamma_1 2 1 12005 0 0 144120025 0 OK 32
Gamma_1 2 1 12006 0 0 144144036 0 OK 31
Gamma_1 2 1 12007 0 0 144168049 0 OK 17
Gamma_1 2 1 12008 0 0 144192064 0 OK 30
Gamma_1 2 1 12009 0 0 144216081 0 OK 16
Gamma_1 2 1 12010 0 0 144240100 0 OK 17
Gamma_1 2 1 12011 0 0 144264121 0 OK 18
Gamma_1 2 1 12012 0 0 144288144 0 OK 17
Gamma_1 2 1 12013 0 0 144312169 0 OK 31
Gamma_1 2 1 12014 0 0 144336196 0 OK 18
Gamma_1 2 1 12015 0 0 144360225 0 OK 16
Gamma_1 2 1 12016 0 0 144384256 0 OK 31
Gamma_1 2 1 12017 0 0 144408289 0 OK 31
Gamma_1 2 1 12018 0 0 144432324 0 OK 30
Gamma_1 2 1 12019 0 0 144456361 0 OK 18
Gamma_1 2 1 12020 0 0 144480400 0 OK 17
Gamma_1 2 1 12021 0 0 144504441 0 OK 17
Gamma_1 2 1 12022 0 0 144528484 0 OK 32
Gamma_1 2 1 12023 0 0 144552529 0 OK 32
Gamma_1 2 1 12024 0 0 144576576 0 OK 15
Gamma_1 2 1 12025 0 0 144600625 0 OK 16
Gamma_1 2 1 12026 0 0 144624676 0 OK 29
Gamma_1 2 1 12027 0 0 144648729 0 OK 31
Gamma_1 2 1 12028 0 0 144672784 0 OK 31
Gamma_1 2 1 12029 0 0 144696841 0 OK 30
Gamma_1 2 1 12030 0 0 144720900 0 OK 18
Gamma_1 2 1 12031 0 0 144744961 0 OK 31
Gamma_1 2 1 12032 0 0 144769024 0 OK 16
Gamma_1 2 1 12033 0 0 144793089 0 OK 18
Gamma_1 2 1 12034 0 0 144817156 0 OK 16
Gamma_1 2 1 12035 0 0 144841225 0 OK 32
Gamma_1 2 1 12036 0 0 144865296 0 OK 18
Gamma_1 2 1 12037 0 0 144889369 0 OK 31
Gamma_1 2 1 12038 0 0 144913444 0 OK 17
Gamma_1 2 1 12039 0 0 144937521 0 OK 29
Gamma_1 2 1 12040 0 0 144961600 0 OK 29
Gamma_1 2 1 12041 0 0 144985681 0 OK 17
Gamma_1 2 1 12042 0 0 145009764 0 OK 17
Gamma_1 2 1 12043 0 0 145033849 0 OK 30
Gamma_1 2 1 12044 0 0 145057936 0 OK 16
Gamma_1 2 1 12045 0 0 145082025 0 OK 18
Gamma_1 2 1 12046 0 0 145106116 0 OK 17
Gamma_1 2 1 12047 0 0 145130209 0 OK 31
Gamma_1 2 1 12048 0 0 145154304 0 OK 30
Gamma_1 2 1 12049 0 0 145178401 0 OK 18
Gamma_1 2 1 12050 0 0 145202500 0 OK 16
Gamma_1 2 1 12051 0 0 145226601 0 OK 31
Gamma_1 2 1 12052 0 0 145250704 0 OK 16
Gamma_1 2 1 12053 0 0 145274809 0 OK 16
Gamma_1 2 1 12054 0 0 145298916 0 OK 18
Gamma_1 2 1 12055 0 0 145323025 0 OK 17
Gamma_1 2 1 12056 0 0 145347136 0 OK 30
Gamma_1 2 1 12057 0 0 145371249 0 OK 17
Gamma_1 2 1 12058 0 0 145395364 0 OK 33
Gamma_1 2 1 12059 0 0 145419481 0 OK 31
Gamma_1 2 1 12060 0 0 145443600 0 OK 17
Gamma_1 2 1 12061 0 0 145467721 0 OK 18
Gamma_1 2 1 12062 0 0 145491844 0 OK 16
Gamma_1 2 1 12063 0 0 145515969 0 OK 32
Gamma_1 2 1 12064 0 0 145540096 0 OK 15
Gamma_1 2 1 12065 0 0 145564225 0 OK 18
Gamma_1 2 1 12066 0 0 145588356 0 OK 32
Gamma_1 2 1 12067 0 0 145612489 0 OK 18
Gamma_1 2 1 12068 0 0 145636624 0 OK 16
Gamma_1 2 1 12069 0 0 145660761 0 OK 18
Gamma_1 2 1 12070 0 0 145684900 0 OK 18
Gamma_1 2 1 12071 0 0 145709041 0 OK 30
Gamma_1 2 1 12072 0 0 145733184 0 OK 16
Gamma_1 2 1 12073 0 0 145757329 0 OK 17
Gamma_1 2 1 12074 0 0 145781476 0 OK 19
Gamma_1 2 1 12075 0 0 145805625 0 OK 18
Gamma_1 2 1 12076 0 0 145829776 0 OK 17
Gamma_1 2 1 12077 0 0 145853929 0 OK 17
Gamma_1 2 1 12078 0 0 145878084 0 OK 18
Gamma_1 2 1 12079 0 0 145902241 0 OK 17
Gamma_1 2 1 12080 0 0 145926400 0 OK 16
Gamma_1 2 1 12081 0 0 145950561 0 OK 32
Gamma_1 2 1 12082 0 0 145974724 0 OK 30
Gamma_1 2 1 12083 0 0 145998889 0 OK 18
Gamma_1 2 1 12084 0 0 146023056 0 OK 30
Gamma_1 2 1 12085 0 0 146047225 0 OK 17
Gamma_1 2 1 12086 0 0 146071396 0 OK 31
Gamma_1 2 1 12087 0 0 146095569 0 OK 31
Gamma_1 2 1 12088 0 0 146119744 0 OK 16
Gamma_1 2 1 12089 0 0 146143921 0 OK 16
Gamma_1 2 1 12090 0 0 146168100 0 OK 32
Gamma_1 2 1 12091 0 0 146192281 0 OK 18
Gamma_1 2 1 12092 0 0 146216464 0 OK 16
Gamma_1 2 1 12093 0 0 146240649 0 OK 18
Gamma_1 2 1 12094 0 0 146264836 0 OK 16
Gamma_1 2 1 12095 0 0 146289025 0 OK 16
Gamma_1 2 1 12096 0 0 146313216 0 OK 29
Gamma_1 2 1 12097 0 0 146337409 0 OK 22
Gamma_1 2 1 12098 0 0 146361604 0 OK 17
Gamma_1 2 1 12099 0 0 146385801 0 OK 31
Gamma_1 2 1 12100 0 0 146410000 0 OK 30
Gamma_1 2 1 12101 0 0 146434201 0 OK 32
Gamma_1 2 1 12102 0 0 146458404 0 OK 30
Gamma_1 2 1 12103 0 0 146482609 0 OK 18
Gamma_1 2 1 12104 0 0 146506816 0 OK 32
Gamma_1 2 1 12105 0 0 146531025 0 OK 16
Gamma_1 2 1 12106 0 0 146555236 0 OK 30
Gamma_1 2 1 12107 0 0 146579449 0 OK 18
Gamma_1 2 1 12108 0 0 146603664 0 OK 29
Gamma_1 2 1 12109 0 0 146627881 0 OK 31
Gamma_1 2 1 12110 0 0 146652100 0 OK 17
Gamma_1 2 1 12111 0 0 146676321 0 OK 17
Gamma_1 2 1 12112 0 0 146700544 0 OK 15
Gamma_1 2 1 12113 0 0 146724769 0 OK 16
Gamma_1 2 1 12114 0 0 146748996 0 OK 16
Gamma_1 2 1 12115 0 0 146773225 0 OK 31
Gamma_1 2 1 12116 0 0 146797456 0 OK 30
Gamma_1 2 1 12117 0 0 146821689 0 OK 31
Gamma_1 2 1 12118 0 0 146845924 0 OK 18
Gamma_1 2 1 12119 0 0 146870161 0 OK 31
Gamma_1 2 1 12120 0 0 146894400 0 OK 16
Gamma_1 2 1 12121 0 0 146918641 0 OK 32
Gamma_1 2 1 12122 0 0 146942884 0 OK 31
Gamma_1 2 1 12123 0 0 146967129 0 OK 32
Gamma_1 2 1 12124 0 0 146991376 0 OK 29
Gamma_1 2 1 12125 0 0 147015625 0 OK 31
Gamma_1 2 1 12126 0 0 147039876 0 OK 32
Gamma_1 2 1 12127 0 0 147064129 0 OK 18
Gamma_1 2 1 12128 0 0 147088384 0 OK 29
Gamma_1 2 1 12129 0 0 147112641 0 OK 18
Gamma_1 2 1 12130 0 0 147136900 0 OK 18
Gamma_1 2 1 12131 0 0 147161161 0 OK 42
Gamma_1 2 1 12132 0 0 147185424 0 OK 17
Gamma_1 2 1 12133 0 0 147209689 0 OK 18
Gamma_1 2 1 12134 0 0 147233956 0 OK 19
Gamma_1 2 1 12135 0 0 147258225 0 OK 46
Gamma_1 2 1 12136 0 0 147282496 0 OK 33
Gamma_1 2 1 12137 0 0 147306769 0 OK 17
Gamma_1 2 1 12138 0 0 147331044 0 OK 33
Gamma_1 2 1 12139 0 0 147355321 0 OK 17
Gamma_1 2 1 12140 0 0 147379600 0 OK 16
Gamma_1 2 1 12141 0 0 147403881 0 OK 45
Gamma_1 2 1 12142 0 0 147428164 0 OK 17
Gamma_1 2 1 12143 0 0 147452449 0 OK 18
Gamma_1 2 1 12144 0 0 147476736 0 OK 17
Gamma_1 2 1 12145 0 0 147501025 0 OK 17
Gamma_1 2 1 12146 0 0 147525316 0 OK 16
Gamma_1 2 1 12147 0 0 147549609 0 OK 33
Gamma_1 2 1 12148 0 0 147573904 0 OK 31
Gamma_1 2 1 12149 0 0 147598201 0 OK 17
Gamma_1 2 1 12150 0 0 147622500 0 OK 19
Gamma_1 2 1 12151 0 0 147646801 0 OK 16
Gamma_1 2 1 12152 0 0 147671104 0 OK 19
Gamma_1 2 1 12153 0 0 147695409 0 OK 42
Gamma_1 2 1 12154 0 0 147719716 0 OK 18
Gamma_1 2 1 12155 0 0 147744025 0 OK 33
Gamma_1 2 1 12156 0 0 147768336 0 OK 18
Gamma_1 2 1 12157 0 0 147792649 0 OK 19
Gamma_1 2 1 12158 0 0 147816964 0 OK 17
Gamma_1 2 1 12159 0 0 147841281 0 OK 19
Gamma_1 2 1 12160 0 0 147865600 0 OK 17
Gamma_1 2 1 12161 0 0 147889921 0 OK 19
Gamma_1 2 1 12162 0 0 147914244 0 OK 17
Gamma_1 2 1 12163 0 0 147938569 0 OK 18
Gamma_1 2 1 12164 0 0 147962896 0 OK 19
Gamma_1 2 1 12165 0 0 147987225 0 OK 17
Gamma_1 2 1 12166 0 0 148011556 0 OK 30
Gamma_1 2 1 12167 0 0 148035889 0 OK 19
Gamma_1 2 1 12168 0 0 148060224 0 OK 17
Gamma_1 2 1 12169 0 0 148084561 0 OK 31
Gamma_1 2 1 12170 0 0 148108900 0 OK 18
Gamma_1 2 1 12171 0 0 148133241 0 OK 18
Gamma_1 2 1 12172 0 0 148157584 0 OK 17
Gamma_1 2 1 12173 0 0 148181929 0 OK 16
Gamma_1 2 1 12174 0 0 148206276 0 OK 16
Gamma_1 2 1 12175 0 0 148230625 0 OK 16
Gamma_1 2 1 12176 0 0 148254976 0 OK 19
Gamma_1 2 1 12177 0 0 148279329 0 OK 17
Gamma_1 2 1 12178 0 0 148303684 0 OK 17
Gamma_1 2 1 12179 0 0 148328041 0 OK 30
Gamma_1 2 1 12180 0 0 148352400 0 OK 18
Gamma_1 2 1 12181 0 0 148376761 0 OK 32
Gamma_1 2 1 12182 0 0 148401124 0 OK 18
Gamma_1 2 1 12183 0 0 148425489 0 OK 16
Gamma_1 2 1 12184 0 0 148449856 0 OK 17
Gamma_1 2 1 12185 0 0 148474225 0 OK 16
Gamma_1 2 1 12186 0 0 148498596 0 OK 19
Gamma_1 2 1 12187 0 0 148522969 0 OK 32
Gamma_1 2 1 12188 0 0 148547344 0 OK 19
Gamma_1 2 1 12189 0 0 148571721 0 OK 17
Gamma_1 2 1 12190 0 0 148596100 0 OK 19
Gamma_1 2 1 12191 0 0 148620481 0 OK 19
Gamma_1 2 1 12192 0 0 148644864 0 OK 16
Gamma_1 2 1 12193 0 0 148669249 0 OK 30
Gamma_1 2 1 12194 0 0 148693636 0 OK 30
Gamma_1 2 1 12195 0 0 148718025 0 OK 33
Gamma_1 2 1 12196 0 0 148742416 0 OK 17
Gamma_1 2 1 12197 0 0 148766809 0 OK 17
Gamma_1 2 1 12198 0 0 148791204 0 OK 17
Gamma_1 2 1 12199 0 0 148815601 0 OK 19
Gamma_1 2 1 12200 0 0 148840000 0 OK 16
Gamma_1 2 1 12201 0 0 148864401 0 OK 17
Gamma_1 2 1 12202 0 0 148888804 0 OK 17
Gamma_1 2 1 12203 0 0 148913209 0 OK 17
Gamma_1 2 1 12204 0 0 148937616 0 OK 18
Gamma_1 2 1 12205 0 0 148962025 0 OK 33
Gamma_1 2 1 12206 0 0 148986436 0 OK 15
Gamma_1 2 1 12207 0 0 149010849 0 OK 19
Gamma_1 2 1 12208 0 0 149035264 0 OK 15
Gamma_1 2 1 12209 0 0 149059681 0 OK 19
Gamma_1 2 1 12210 0 0 149084100 0 OK 32
Gamma_1 2 1 12211 0 0 149108521 0 OK 18
Gamma_1 2 1 12212 0 0 149132944 0 OK 29
Gamma_1 2 1 12213 0 0 149157369 0 OK 30
Gamma_1 2 1 12214 0 0 149181796 0 OK 18
Gamma_1 2 1 12215 0 0 149206225 0 OK 30
Gamma_1 2 1 12216 0 0 149230656 0 OK 16
Gamma_1 2 1 12217 0 0 149255089 0 OK 31
Gamma_1 2 1 12218 0 0 149279524 0 OK 16
Gamma_1 2 1 12219 0 0 149303961 0 OK 17
Gamma_1 2 1 12220 0 0 149328400 0 OK 32
Gamma_1 2 1 12221 0 0 149352841 0 OK 17
Gamma_1 2 1 12222 0 0 149377284 0 OK 32
Gamma_1 2 1 12223 0 0 149401729 0 OK 18
Gamma_1 2 1 12224 0 0 149426176 0 OK 31
Gamma_1 2 1 12225 0 0 149450625 0 OK 30
Gamma_1 2 1 12226 0 0 149475076 0 OK 33
Gamma_1 2 1 12227 0 0 149499529 0 OK 18
Gamma_1 2 1 12228 0 0 149523984 0 OK 32
Gamma_1 2 1 12229 0 0 149548441 0 OK 17
Gamma_1 2 1 12230 0 0 149572900 0 OK 17
Gamma_1 2 1 12231 0 0 149597361 0 OK 35
Gamma_1 2 1 12232 0 0 149621824 0 OK 16
Gamma_1 2 1 12233 0 0 149646289 0 OK 16
Gamma_1 2 1 12234 0 0 149670756 0 OK 17
Gamma_1 2 1 12235 0 0 149695225 0 OK 17
Gamma_1 2 1 12236 0 0 149719696 0 OK 33
Gamma_1 2 1 12237 0 0 149744169 0 OK 18
Gamma_1 2 1 12238 0 0 149768644 0 OK 17
Gamma_1 2 1 12239 0 0 149793121 0 OK 17
Gamma_1 2 1 12240 0 0 149817600 0 OK 30
Gamma_1 2 1 12241 0 0 149842081 0 OK 18
Gamma_1 2 1 12242 0 0 149866564 0 OK 30
Gamma_1 2 1 12243 0 0 149891049 0 OK 32
Gamma_1 2 1 12244 0 0 149915536 0 OK 16
Gamma_1 2 1 12245 0 0 149940025 0 OK 30
Gamma_1 2 1 12246 0 0 149964516 0 OK 18
Gamma_1 2 1 12247 0 0 149989009 0 OK 16
Gamma_1 2 1 12248 0 0 150013504 0 OK 16
Gamma_1 2 1 12249 0 0 150038001 0 OK 17
Gamma_1 2 1 12250 0 0 150062500 0 OK 28
Gamma_1 2 1 12251 0 0 150087001 0 OK 31
Gamma_1 2 1 12252 0 0 150111504 0 OK 16
Gamma_1 2 1 12253 0 0 150136009 0 OK 32
Gamma_1 2 1 12254 0 0 150160516 0 OK 16
Gamma_1 2 1 12255 0 0 150185025 0 OK 16
Gamma_1 2 1 12256 0 0 150209536 0 OK 16
Gamma_1 2 1 12257 0 0 150234049 0 OK 17
Gamma_1 2 1 12258 0 0 150258564 0 OK 31
Gamma_1 2 1 12259 0 0 150283081 0 OK 16
Gamma_1 2 1 12260 0 0 150307600 0 OK 17
Gamma_1 2 1 12261 0 0 150332121 0 OK 29
Gamma_1 2 1 12262 0 0 150356644 0 OK 18
Gamma_1 2 1 12263 0 0 150381169 0 OK 33
Gamma_1 2 1 12264 0 0 150405696 0 OK 15
Gamma_1 2 1 12265 0 0 150430225 0 OK 16
Gamma_1 2 1 12266 0 0 150454756 0 OK 31
Gamma_1 2 1 12267 0 0 150479289 0 OK 19
Gamma_1 2 1 12268 0 0 150503824 0 OK 32
Gamma_1 2 1 12269 0 0 150528361 0 OK 33
Gamma_1 2 1 12270 0 0 150552900 0 OK 18
Gamma_1 2 1 12271 0 0 150577441 0 OK 18
Gamma_1 2 1 12272 0 0 150601984 0 OK 17
Gamma_1 2 1 12273 0 0 150626529 0 OK 16
Gamma_1 2 1 12274 0 0 150651076 0 OK 17
Gamma_1 2 1 12275 0 0 150675625 0 OK 30
Gamma_1 2 1 12276 0 0 150700176 0 OK 17
Gamma_1 2 1 12277 0 0 150724729 0 OK 32
Gamma_1 2 1 12278 0 0 150749284 0 OK 18
Gamma_1 2 1 12279 0 0 150773841 0 OK 17
Gamma_1 2 1 12280 0 0 150798400 0 OK 18
Gamma_1 2 1 12281 0 0 150822961 0 OK 16
Gamma_1 2 1 12282 0 0 150847524 0 OK 16
Gamma_1 2 1 12283 0 0 150872089 0 OK 18
Gamma_1 2 1 12284 0 0 150896656 0 OK 14
Gamma_1 2 1 12285 0 0 150921225 0 OK 17
Gamma_1 2 1 12286 0 0 150945796 0 OK 16
Gamma_1 2 1 12287 0 0 150970369 0 OK 17
Gamma_1 2 1 12288 0 0 150994944 0 OK 15
Gamma_1 2 1 12289 0 0 151019521 0 OK 16
Gamma_1 2 1 12290 0 0 151044100 0 OK 17
Gamma_1 2 1 12291 0 0 151068681 0 OK 29
Gamma_1 2 1 12292 0 0 151093264 0 OK 17
Gamma_1 2 1 12293 0 0 151117849 0 OK 31
Gamma_1 2 1 12294 0 0 151142436 0 OK 17
Gamma_1 2 1 12295 0 0 151167025 0 OK 16
Gamma_1 2 1 12296 0 0 151191616 0 OK 18
Gamma_1 2 1 12297 0 0 151216209 0 OK 17
Gamma_1 2 1 12298 0 0 151240804 0 OK 18
Gamma_1 2 1 12299 0 0 151265401 0 OK 31
Gamma_1 2 1 12300 0 0 151290000 0 OK 17
Gamma_1 2 1 12301 0 0 151314601 0 OK 31
Gamma_1 2 1 12302 0 0 151339204 0 OK 17
Gamma_1 2 1 12303 0 0 151363809 0 OK 16
Gamma_1 2 1 12304 0 0 151388416 0 OK 15
Gamma_1 2 1 12305 0 0 151413025 0 OK 32
Gamma_1 2 1 12306 0 0 151437636 0 OK 18
Gamma_1 2 1 12307 0 0 151462249 0 OK 15
Gamma_1 2 1 12308 0 0 151486864 0 OK 17
Gamma_1 2 1 12309 0 0 151511481 0 OK 15
Gamma_1 2 1 12310 0 0 151536100 0 OK 31
Gamma_1 2 1 12311 0 0 151560721 0 OK 30
Gamma_1 2 1 12312 0 0 151585344 0 OK 30
Gamma_1 2 1 12313 0 0 151609969 0 OK 18
Gamma_1 2 1 12314 0 0 151634596 0 OK 16
Gamma_1 2 1 12315 0 0 151659225 0 OK 18
Gamma_1 2 1 12316 0 0 151683856 0 OK 32
Gamma_1 2 1 12317 0 0 151708489 0 OK 16
Gamma_1 2 1 12318 0 0 151733124 0 OK 41
Gamma_1 2 1 12319 0 0 151757761 0 OK 19
Gamma_1 2 1 12320 0 0 151782400 0 OK 17
Gamma_1 2 1 12321 0 0 151807041 0 OK 15
Gamma_1 2 1 12322 0 0 151831684 0 OK 16
Gamma_1 2 1 12323 0 0 151856329 0 OK 32
Gamma_1 2 1 12324 0 0 151880976 0 OK 18
Gamma_1 2 1 12325 0 0 151905625 0 OK 32
Gamma_1 2 1 12326 0 0 151930276 0 OK 45
Gamma_1 2 1 12327 0 0 151954929 0 OK 19
Gamma_1 2 1 12328 0 0 151979584 0 OK 18
Gamma_1 2 1 12329 0 0 152004241 0 OK 33
Gamma_1 2 1 12330 0 0 152028900 0 OK 17
Gamma_1 2 1 12331 0 0 152053561 0 OK 31
Gamma_1 2 1 12332 0 0 152078224 0 OK 19
Gamma_1 2 1 12333 0 0 152102889 0 OK 16
Gamma_1 2 1 12334 0 0 152127556 0 OK 16
Gamma_1 2 1 12335 0 0 152152225 0 OK 17
Gamma_1 2 1 12336 0 0 152176896 0 OK 32
Gamma_1 2 1 12337 0 0 152201569 0 OK 32
Gamma_1 2 1 12338 0 0 152226244 0 OK 31
Gamma_1 2 1 12339 0 0 152250921 0 OK 19
Gamma_1 2 1 12340 0 0 152275600 0 OK 17
Gamma_1 2 1 12341 0 0 152300281 0 OK 33
Gamma_1 2 1 12342 0 0 152324964 0 OK 17
Gamma_1 2 1 12343 0 0 152349649 0 OK 31
Gamma_1 2 1 12344 0 0 152374336 0 OK 31
Gamma_1 2 1 12345 0 0 152399025 0 OK 19
Gamma_1 2 1 12346 0 0 152423716 0 OK 16
Gamma_1 2 1 12347 0 0 152448409 0 OK 32
Gamma_1 2 1 12348 0 0 152473104 0 OK 32
Gamma_1 2 1 12349 0 0 152497801 0 OK 32
Gamma_1 2 1 12350 0 0 152522500 0 OK 19
Gamma_1 2 1 12351 0 0 152547201 0 OK 33
Gamma_1 2 1 12352 0 0 152571904 0 OK 17
Gamma_1 2 1 12353 0 0 152596609 0 OK 31
Gamma_1 2 1 12354 0 0 152621316 0 OK 18
Gamma_1 2 1 12355 0 0 152646025 0 OK 31
Gamma_1 2 1 12356 0 0 152670736 0 OK 32
Gamma_1 2 1 12357 0 0 152695449 0 OK 32
Gamma_1 2 1 12358 0 0 152720164 0 OK 17
Gamma_1 2 1 12359 0 0 152744881 0 OK 17
Gamma_1 2 1 12360 0 0 152769600 0 OK 32
Gamma_1 2 1 12361 0 0 152794321 0 OK 16
Gamma_1 2 1 12362 0 0 152819044 0 OK 16
Gamma_1 2 1 12363 0 0 152843769 0 OK 16
Gamma_1 2 1 12364 0 0 152868496 0 OK 18
Gamma_1 2 1 12365 0 0 152893225 0 OK 15
Gamma_1 2 1 12366 0 0 152917956 0 OK 30
Gamma_1 2 1 12367 0 0 152942689 0 OK 16
Gamma_1 2 1 12368 0 0 152967424 0 OK 31
Gamma_1 2 1 12369 0 0 152992161 0 OK 18
Gamma_1 2 1 12370 0 0 153016900 0 OK 33
Gamma_1 2 1 12371 0 0 153041641 0 OK 17
Gamma_1 2 1 12372 0 0 153066384 0 OK 17
Gamma_1 2 1 12373 0 0 153091129 0 OK 33
Gamma_1 2 1 12374 0 0 153115876 0 OK 32
Gamma_1 2 1 12375 0 0 153140625 0 OK 16
Gamma_1 2 1 12376 0 0 153165376 0 OK 30
Gamma_1 2 1 12377 0 0 153190129 0 OK 16
Gamma_1 2 1 12378 0 0 153214884 0 OK 17
Gamma_1 2 1 12379 0 0 153239641 0 OK 20
Gamma_1 2 1 12380 0 0 153264400 0 OK 15
Gamma_1 2 1 12381 0 0 153289161 0 OK 15
Gamma_1 2 1 12382 0 0 153313924 0 OK 16
Gamma_1 2 1 12383 0 0 153338689 0 OK 18
Gamma_1 2 1 12384 0 0 153363456 0 OK 18
Gamma_1 2 1 12385 0 0 153388225 0 OK 17
Gamma_1 2 1 12386 0 0 153412996 0 OK 32
Gamma_1 2 1 12387 0 0 153437769 0 OK 18
Gamma_1 2 1 12388 0 0 153462544 0 OK 17
Gamma_1 2 1 12389 0 0 153487321 0 OK 31
Gamma_1 2 1 12390 0 0 153512100 0 OK 31
Gamma_1 2 1 12391 0 0 153536881 0 OK 19
Gamma_1 2 1 12392 0 0 153561664 0 OK 17
Gamma_1 2 1 12393 0 0 153586449 0 OK 32
Gamma_1 2 1 12394 0 0 153611236 0 OK 17
Gamma_1 2 1 12395 0 0 153636025 0 OK 19
Gamma_1 2 1 12396 0 0 153660816 0 OK 32
Gamma_1 2 1 12397 0 0 153685609 0 OK 18
Gamma_1 2 1 12398 0 0 153710404 0 OK 18
Gamma_1 2 1 12399 0 0 153735201 0 OK 30
Gamma_1 2 1 12400 0 0 153760000 0 OK 31
Gamma_1 2 1 12401 0 0 153784801 0 OK 17
Gamma_1 2 1 12402 0 0 153809604 0 OK 30
Gamma_1 2 1 12403 0 0 153834409 0 OK 18
Gamma_1 2 1 12404 0 0 153859216 0 OK 31
Gamma_1 2 1 12405 0 0 153884025 0 OK 16
Gamma_1 2 1 12406 0 0 153908836 0 OK 32
Gamma_1 2 1 12407 0 0 153933649 0 OK 30
Gamma_1 2 1 12408 0 0 153958464 0 OK 18
Gamma_1 2 1 12409 0 0 153983281 0 OK 16
Gamma_1 2 1 12410 0 0 154008100 0 OK 17
Gamma_1 2 1 12411 0 0 154032921 0 OK 16
Gamma_1 2 1 12412 0 0 154057744 0 OK 44
Gamma_1 2 1 12413 0 0 154082569 0 OK 34
Gamma_1 2 1 12414 0 0 154107396 0 OK 17
Gamma_1 2 1 12415 0 0 154132225 0 OK 17
Gamma_1 2 1 12416 0 0 154157056 0 OK 32
Gamma_1 2 1 12417 0 0 154181889 0 OK 18
Gamma_1 2 1 12418 0 0 154206724 0 OK 16
Gamma_1 2 1 12419 0 0 154231561 0 OK 32
Gamma_1 2 1 12420 0 0 154256400 0 OK 32
Gamma_1 2 1 12421 0 0 154281241 0 OK 17
Gamma_1 2 1 12422 0 0 154306084 0 OK 37
Gamma_1 2 1 12423 0 0 154330929 0 OK 35
Gamma_1 2 1 12424 0 0 154355776 0 OK 19
Gamma_1 2 1 12425 0 0 154380625 0 OK 18
Gamma_1 2 1 12426 0 0 154405476 0 OK 18
Gamma_1 2 1 12427 0 0 154430329 0 OK 18
Gamma_1 2 1 12428 0 0 154455184 0 OK 18
Gamma_1 2 1 12429 0 0 154480041 0 OK 20
Gamma_1 2 1 12430 0 0 154504900 0 OK 19
Gamma_1 2 1 12431 0 0 154529761 0 OK 36
Gamma_1 2 1 12432 0 0 154554624 0 OK 18
Gamma_1 2 1 12433 0 0 154579489 0 OK 19
Gamma_1 2 1 12434 0 0 154604356 0 OK 36
Gamma_1 2 1 12435 0 0 154629225 0 OK 35
Gamma_1 2 1 12436 0 0 154654096 0 OK 21
Gamma_1 2 1 12437 0 0 154678969 0 OK 33
Gamma_1 2 1 12438 0 0 154703844 0 OK 32
Gamma_1 2 1 12439 0 0 154728721 0 OK 18
Gamma_1 2 1 12440 0 0 154753600 0 OK 20
Gamma_1 2 1 12441 0 0 154778481 0 OK 17
Gamma_1 2 1 12442 0 0 154803364 0 OK 19
Gamma_1 2 1 12443 0 0 154828249 0 OK 18
Gamma_1 2 1 12444 0 0 154853136 0 OK 18
Gamma_1 2 1 12445 0 0 154878025 0 OK 17
Gamma_1 2 1 12446 0 0 154902916 0 OK 36
Gamma_1 2 1 12447 0 0 154927809 0 OK 20
Gamma_1 2 1 12448 0 0 154952704 0 OK 20
Gamma_1 2 1 12449 0 0 154977601 0 OK 22
Gamma_1 2 1 12450 0 0 155002500 0 OK 20
Gamma_1 2 1 12451 0 0 155027401 0 OK 17
Gamma_1 2 1 12452 0 0 155052304 0 OK 38
Gamma_1 2 1 12453 0 0 155077209 0 OK 37
Gamma_1 2 1 12454 0 0 155102116 0 OK 22
Gamma_1 2 1 12455 0 0 155127025 0 OK 37
Gamma_1 2 1 12456 0 0 155151936 0 OK 35
Gamma_1 2 1 12457 0 0 155176849 0 OK 18
Gamma_1 2 1 12458 0 0 155201764 0 OK 17
Gamma_1 2 1 12459 0 0 155226681 0 OK 18
Gamma_1 2 1 12460 0 0 155251600 0 OK 20
Gamma_1 2 1 12461 0 0 155276521 0 OK 31
Gamma_1 2 1 12462 0 0 155301444 0 OK 19
Gamma_1 2 1 12463 0 0 155326369 0 OK 18
Gamma_1 2 1 12464 0 0 155351296 0 OK 17
Gamma_1 2 1 12465 0 0 155376225 0 OK 36
Gamma_1 2 1 12466 0 0 155401156 0 OK 35
Gamma_1 2 1 12467 0 0 155426089 0 OK 35
Gamma_1 2 1 12468 0 0 155451024 0 OK 18
Gamma_1 2 1 12469 0 0 155475961 0 OK 19
Gamma_1 2 1 12470 0 0 155500900 0 OK 19
Gamma_1 2 1 12471 0 0 155525841 0 OK 21
Gamma_1 2 1 12472 0 0 155550784 0 OK 19
Gamma_1 2 1 12473 0 0 155575729 0 OK 19
Gamma_1 2 1 12474 0 0 155600676 0 OK 35
Gamma_1 2 1 12475 0 0 155625625 0 OK 19
Gamma_1 2 1 12476 0 0 155650576 0 OK 34
Gamma_1 2 1 12477 0 0 155675529 0 OK 18
Gamma_1 2 1 12478 0 0 155700484 0 OK 34
Gamma_1 2 1 12479 0 0 155725441 0 OK 18
Gamma_1 2 1 12480 0 0 155750400 0 OK 18
Gamma_1 2 1 12481 0 0 155775361 0 OK 46
Gamma_1 2 1 12482 0 0 155800324 0 OK 34
Gamma_1 2 1 12483 0 0 155825289 0 OK 36
Gamma_1 2 1 12484 0 0 155850256 0 OK 20
Gamma_1 2 1 12485 0 0 155875225 0 OK 18
Gamma_1 2 1 12486 0 0 155900196 0 OK 17
Gamma_1 2 1 12487 0 0 155925169 0 OK 33
Gamma_1 2 1 12488 0 0 155950144 0 OK 36
Gamma_1 2 1 12489 0 0 155975121 0 OK 34
Gamma_1 2 1 12490 0 0 156000100 0 OK 37
Gamma_1 2 1 12491 0 0 156025081 0 OK 19
Gamma_1 2 1 12492 0 0 156050064 0 OK 21
Gamma_1 2 1 12493 0 0 156075049 0 OK 17
Gamma_1 2 1 12494 0 0 156100036 0 OK 36
Gamma_1 2 1 12495 0 0 156125025 0 OK 22
Gamma_1 2 1 12496 0 0 156150016 0 OK 18
Gamma_1 2 1 12497 0 0 156175009 0 OK 19
Gamma_1 2 1 12498 0 0 156200004 0 OK 34
Gamma_1 2 1 12499 0 0 156225001 0 OK 36
Gamma_1 2 1 12500 0 0 156250000 0 OK 22
Gamma_1 2 1 12501 0 0 156275001 0 OK 35
Gamma_1 2 1 12502 0 0 156300004 0 OK 19
Gamma_1 2 1 12503 0 0 156325009 0 OK 20
Gamma_1 2 1 12504 0 0 156350016 0 OK 19
Gamma_1 2 1 12505 0 0 156375025 0 OK 19
Gamma_1 2 1 12506 0 0 156400036 0 OK 34
Gamma_1 2 1 12507 0 0 156425049 0 OK 20
Gamma_1 2 1 12508 0 0 156450064 0 OK 19
Gamma_1 2 1 12509 0 0 156475081 0 OK 33
Gamma_1 2 1 12510 0 0 156500100 0 OK 19
Gamma_1 2 1 12511 0 0 156525121 0 OK 32
Gamma_1 2 1 12512 0 0 156550144 0 OK 19
Gamma_1 2 1 12513 0 0 156575169 0 OK 19
Gamma_1 2 1 12514 0 0 156600196 0 OK 34
Gamma_1 2 1 12515 0 0 156625225 0 OK 44
Gamma_1 2 1 12516 0 0 156650256 0 OK 18
Gamma_1 2 1 12517 0 0 156675289 0 OK 47
Gamma_1 2 1 12518 0 0 156700324 0 OK 36
Gamma_1 2 1 12519 0 0 156725361 0 OK 33
Gamma_1 2 1 12520 0 0 156750400 0 OK 19
Gamma_1 2 1 12521 0 0 156775441 0 OK 18
Gamma_1 2 1 12522 0 0 156800484 0 OK 36
Gamma_2 5 5 1 0 0 1 0 OK 19
Gamma_2 5 5 2 0 0 4 0 OK 18
Gamma_2 5 5 3 0 0 9 0 OK 32
Gamma_2 5 5 4 0 0 16 0 OK 35
Gamma_2 5 5 5 1 25 25 1 OK 32
Gamma_2 5 5 6 1 25 36 25/36 OK 19
Gamma_2 5 5 7 1 25 49 25/49 OK 18
Gamma_2 5 5 8 2 50 64 25/32 OK 17
Gamma_2 5 5 9 2 50 81 50/81 OK 17
Gamma_2 5 5 10 4 100 100 1 OK 18
Gamma_2 5 5 11 4 100 121 100/121 OK 34
Gamma_2 5 5 12 4 100 144 25/36 OK 32
Gamma_2 5 5 13 6 150 169 150/169 OK 18
Gamma_2 5 5 14 6 150 196 75/98 OK 18
Gamma_2 5 5 15 9 225 225 1 OK 32
Gamma_2 5 5 16 9 225 256 225/256 OK 37
Gamma_2 5 5 17 9 225 289 225/289 OK 19
Gamma_2 5 5 18 12 300 324 25/27 OK 20
Gamma_2 5 5 19 12 300 361 300/361 OK 17
Gamma_2 5 5 20 16 400 400 1 OK 36
Gamma_2 5 5 21 16 400 441 400/441 OK 17
Gamma_2 5 5 22 16 400 484 100/121 OK 35
Gamma_2 5 5 23 20 500 529 500/529 OK 33
Gamma_2 5 5 24 20 500 576 125/144 OK 19
Gamma_2 5 5 25 25 625 625 1 OK 35
Gamma_2 5 5 26 25 625 676 625/676 OK 32
Gamma_2 5 5 27 25 625 729 625/729 OK 35
Gamma_2 5 5 28 30 750 784 375/392 OK 20
Gamma_2 5 5 29 30 750 841 750/841 OK 18
Gamma_2 5 5 30 36 900 900 1 OK 20
Gamma_2 5 5 31 36 900 961 900/961 OK 20
Gamma_2 5 5 32 36 900 1024 225/256 OK 20
Gamma_2 5 5 33 42 1050 1089 350/363 OK 18
Gamma_2 5 5 34 42 1050 1156 525/578 OK 19
Gamma_2 5 5 35 49 1225 1225 1 OK 17
Gamma_2 5 5 36 49 1225 1296 1225/1296 OK 19
Gamma_2 5 5 37 49 1225 1369 1225/1369 OK 18
Gamma_2 5 5 38 56 1400 1444 350/361 OK 20
Gamma_2 5 5 39 56 1400 1521 1400/1521 OK 20
Gamma_2 5 5 40 64 1600 1600 1 OK 36
Gamma_2 5 5 41 64 1600 1681 1600/1681 OK 33
Gamma_2 5 5 42 64 1600 1764 400/441 OK 18
Gamma_2 5 5 43 72 1800 1849 1800/1849 OK 17
Gamma_2 5 5 44 72 1800 1936 225/242 OK 17
Gamma_2 5 5 45 81 2025 2025 1 OK 19
Gamma_2 5 5 46 81 2025 2116 2025/2116 OK 18
Gamma_2 5 5 47 81 2025 2209 2025/2209 OK 17
Gamma_2 5 5 48 90 2250 2304 125/128 OK 36
Gamma_2 5 5 49 90 2250 2401 2250/2401 OK 19
Gamma_2 5 5 50 100 2500 2500 1 OK 34
Gamma_2 5 5 51 100 2500 2601 2500/2601 OK 37
Gamma_2 5 5 52 100 2500 2704 625/676 OK 33
Gamma_2 5 5 53 110 2750 2809 2750/2809 OK 37
Gamma_2 5 5 54 110 2750 2916 1375/1458 OK 36
Gamma_2 5 5 55 121 3025 3025 1 OK 17
Gamma_2 5 5 56 121 3025 3136 3025/3136 OK 18
Gamma_2 5 5 57 121 3025 3249 3025/3249 OK 36
Gamma_2 5 5 58 132 3300 3364 825/841 OK 18
Gamma_2 5 5 59 132 3300 3481 3300/3481 OK 18
Gamma_2 5 5 60 144 3600 3600 1 OK 33
Gamma_2 5 5 61 144 3600 3721 3600/3721 OK 18
Gamma_2 5 5 62 144 3600 3844 900/961 OK 18
Gamma_2 5 5 63 156 3900 3969 1300/1323 OK 18
Gamma_2 5 5 64 156 3900 4096 975/1024 OK 20
Gamma_2 5 5 65 169 4225 4225 1 OK 19
Gamma_2 5 5 66 169 4225 4356 4225/4356 OK 34
Gamma_2 5 5 67 169 4225 4489 4225/4489 OK 34
Gamma_2 5 5 68 182 4550 4624 2275/2312 OK 36
Gamma_2 5 5 69 182 4550 4761 4550/4761 OK 37
Gamma_2 5 5 70 196 4900 4900 1 OK 19
Gamma_2 5 5 71 196 4900 5041 4900/5041 OK 18
Gamma_2 5 5 72 196 4900 5184 1225/1296 OK 18
Gamma_2 5 5 73 210 5250 5329 5250/5329 OK 34
Gamma_2 5 5 74 210 5250 5476 2625/2738 OK 19
Gamma_2 5 5 75 225 5625 5625 1 OK 19
Gamma_2 5 5 76 225 5625 5776 5625/5776 OK 18
Gamma_2 5 5 77 225 5625 5929 5625/5929 OK 34
Gamma_2 5 5 78 240 6000 6084 500/507 OK 22
Gamma_2 5 5 79 240 6000 6241 6000/6241 OK 18
Gamma_2 5 5 80 256 6400 6400 1 OK 34
Gamma_2 5 5 81 256 6400 6561 6400/6561 OK 33
Gamma_2 5 5 82 256 6400 6724 1600/1681 OK 18
Gamma_2 5 5 83 272 6800 6889 6800/6889 OK 34
Gamma_2 5 5 84 272 6800 7056 425/441 OK 19
Gamma_2 5 5 85 289 7225 7225 1 OK 20
Gamma_2 5 5 86 289 7225 7396 7225/7396 OK 34
Gamma_2 5 5 87 289 7225 7569 7225/7569 OK 19
Gamma_2 5 5 88 306 7650 7744 3825/3872 OK 18
Gamma_2 5 5 89 306 7650 7921 7650/7921 OK 35
Gamma_2 5 5 90 324 8100 8100 1 OK 21
Gamma_2 5 5 91 324 8100 8281 8100/8281 OK 48
Gamma_2 5 5 92 324 8100 8464 2025/2116 OK 34
Gamma_2 5 5 93 342 8550 8649 950/961 OK 23
Gamma_2 5 5 94 342 8550 8836 4275/4418 OK 19
Gamma_2 5 5 95 361 9025 9025 1 OK 37
Gamma_2 5 5 96 361 9025 9216 9025/9216 OK 19
Gamma_2 5 5 97 361 9025 9409 9025/9409 OK 35
Gamma_2 5 5 98 380 9500 9604 2375/2401 OK 19
Gamma_2 5 5 99 380 9500 9801 9500/9801 OK 35
Gamma_2 5 5 100 400 10000 10000 1 OK 33
Gamma_2 5 5 101 400 10000 10201 10000/10201 OK 20
Gamma_2 5 5 102 400 10000 10404 2500/2601 OK 35
Gamma_2 5 5 103 420 10500 10609 10500/10609 OK 36
Gamma_2 5 5 104 420 10500 10816 2625/2704 OK 17
Gamma_2 5 5 105 441 11025 11025 1 OK 36
Gamma_2 5 5 106 441 11025 11236 11025/11236 OK 20
Gamma_2 5 5 107 441 11025 11449 11025/11449 OK 20
Gamma_2 5 5 108 462 11550 11664 1925/1944 OK 34
Gamma_2 5 5 109 462 11550 11881 11550/11881 OK 45
Gamma_2 5 5 110 484 12100 12100 1 OK 19
Gamma_2 5 5 111 484 12100 12321 12100/12321 OK 19
Gamma_2 5 5 112 484 12100 12544 3025/3136 OK 19
Gamma_2 5 5 113 506 12650 12769 12650/12769 OK 36
Gamma_2 5 5 114 506 12650 12996 6325/6498 OK 34
Gamma_2 5 5 115 529 13225 13225 1 OK 19
Gamma_2 5 5 116 529 13225 13456 13225/13456 OK 20
Gamma_2 5 5 117 529 13225 13689 13225/13689 OK 36
Gamma_2 5 5 118 552 13800 13924 3450/3481 OK 34
Gamma_2 5 5 119 552 13800 14161 13800/14161 OK 20
Gamma_2 5 5 120 576 14400 14400 1 OK 20
Gamma_2 5 5 121 576 14400 14641 14400/14641 OK 20
Gamma_2 5 5 122 576 14400 14884 3600/3721 OK 21
Gamma_2 5 5 123 600 15000 15129 5000/5043 OK 22
Gamma_2 5 5 124 600 15000 15376 1875/1922 OK 37
Gamma_2 5 5 125 625 15625 15625 1 OK 20
Gamma_2 5 5 126 625 15625 15876 15625/15876 OK 21
Gamma_2 5 5 127 625 15625 16129 15625/16129 OK 34
Gamma_2 5 5 128 650 16250 16384 8125/8192 OK 20
Gamma_2 5 5 129 650 16250 16641 16250/16641 OK 20
Gamma_2 5 5 130 676 16900 16900 1 OK 34
Gamma_2 5 5 131 676 16900 17161 16900/17161 OK 41
Gamma_2 5 5 132 676 16900 17424 4225/4356 OK 22
Gamma_2 5 5 133 702 17550 17689 17550/17689 OK 21
Gamma_2 5 5 134 702 17550 17956 8775/8978 OK 21
Gamma_2 5 5 135 729 18225 18225 1 OK 20
Gamma_2 5 5 136 729 18225 18496 18225/18496 OK 20
Gamma_2 5 5 137 729 18225 18769 18225/18769 OK 34
Gamma_2 5 5 138 756 18900 19044 525/529 OK 19
Gamma_2 5 5 139 756 18900 19321 18900/19321 OK 20
Gamma_2 5 5 140 784 19600 19600 1 OK 20
Gamma_2 5 5 141 784 19600 19881 19600/19881 OK 20
Gamma_2 5 5 142 784 19600 20164 4900/5041 OK 37
Gamma_2 5 5 143 812 20300 20449 20300/20449 OK 22
Gamma_2 5 5 144 812 20300 20736 5075/5184 OK 19
Gamma_2 5 5 145 841 21025 21025 1 OK 23
Gamma_2 5 5 146 841 21025 21316 21025/21316 OK 21
Gamma_2 5 5 147 841 21025 21609 21025/21609 OK 22
Gamma_2 5 5 148 870 21750 21904 10875/10952 OK 23
Gamma_2 5 5 149 870 21750 22201 21750/22201 OK 35
Gamma_2 5 5 150 900 22500 22500 1 OK 24
Gamma_2 5 5 151 900 22500 22801 22500/22801 OK 23
Gamma_2 5 5 152 900 22500 23104 5625/5776 OK 21
Gamma_2 5 5 153 930 23250 23409 7750/7803 OK 36
Gamma_2 5 5 154 930 23250 23716 11625/11858 OK 21
Gamma_2 5 5 155 961 24025 24025 1 OK 22
Gamma_2 5 5 156 961 24025 24336 24025/24336 OK 22
Gamma_2 5 5 157 961 24025 24649 24025/24649 OK 38
Gamma_2 5 5 158 992 24800 24964 6200/6241 OK 22
Gamma_2 5 5 159 992 24800 25281 24800/25281 OK 23
Gamma_2 5 5 160 1024 25600 25600 1 OK 38
Gamma_2 5 5 161 1024 25600 25921 25600/25921 OK 23
Gamma_2 5 5 162 1024 25600 26244 6400/6561 OK 23
Gamma_2 5 5 163 1056 26400 26569 26400/26569 OK 21
Gamma_2 5 5 164 1056 26400 26896 1650/1681 OK 23
Gamma_2 5 5 165 1089 27225 27225 1 OK 40
Gamma_2 5 5 166 1089 27225 27556 27225/27556 OK 44
Gamma_2 5 5 167 1089 27225 27889 27225/27889 OK 22
Gamma_2 5 5 168 1122 28050 28224 4675/4704 OK 22
Gamma_2 5 5 169 1122 28050 28561 28050/28561 OK 24
Gamma_2 5 5 170 1156 28900 28900 1 OK 23
Gamma_2 5 5 171 1156 28900 29241 28900/29241 OK 60
Gamma_2 5 5 172 1156 28900 29584 7225/7396 OK 40
Gamma_2 5 5 173 1190 29750 29929 29750/29929 OK 24
Gamma_2 5 5 174 1190 29750 30276 14875/15138 OK 23
Gamma_2 5 5 175 1225 30625 30625 1 OK 24
Gamma_2 5 5 176 1225 30625 30976 30625/30976 OK 39
Gamma_2 5 5 177 1225 30625 31329 30625/31329 OK 25
Gamma_2 5 5 178 1260 31500 31684 7875/7921 OK 40
Gamma_2 5 5 179 1260 31500 32041 31500/32041 OK 25
Gamma_2 5 5 180 1296 32400 32400 1 OK 39
Gamma_2 5 5 181 1296 32400 32761 32400/32761 OK 42
Gamma_2 5 5 182 1296 32400 33124 8100/8281 OK 25
Gamma_2 5 5 183 1332 33300 33489 3700/3721 OK 23
Gamma_2 5 5 184 1332 33300 33856 8325/8464 OK 22
Gamma_2 5 5 185 1369 34225 34225 1 OK 25
Gamma_2 5 5 186 1369 34225 34596 34225/34596 OK 24
Gamma_2 5 5 187 1369 34225 34969 34225/34969 OK 26
Gamma_2 5 5 188 1406 35150 35344 17575/17672 OK 41
Gamma_2 5 5 189 1406 35150 35721 35150/35721 OK 43
Gamma_2 5 5 190 1444 36100 36100 1 OK 27
Gamma_2 5 5 191 1444 36100 36481 36100/36481 OK 40
Gamma_2 5 5 192 1444 36100 36864 9025/9216 OK 26
Gamma_2 5 5 193 1482 37050 37249 37050/37249 OK 24
Gamma_2 5 5 194 1482 37050 37636 18525/18818 OK 28
Gamma_2 5 5 195 1521 38025 38025 1 OK 27
Gamma_2 5 5 196 1521 38025 38416 38025/38416 OK 28
Gamma_2 5 5 197 1521 38025 38809 38025/38809 OK 26
Gamma_2 5 5 198 1560 39000 39204 3250/3267 OK 27
Gamma_2 5 5 199 1560 39000 39601 39000/39601 OK 30
Gamma_2 5 5 200 1600 40000 40000 1 OK 28
Gamma_2 5 5 201 1600 40000 40401 40000/40401 OK 29
Gamma_2 5 5 202 1600 40000 40804 10000/10201 OK 43
Gamma_2 5 5 203 1640 41000 41209 41000/41209 OK 29
Gamma_2 5 5 204 1640 41000 41616 5125/5202 OK 45
Gamma_2 5 5 205 1681 42025 42025 1 OK 30
Gamma_2 5 5 206 1681 42025 42436 42025/42436 OK 46
Gamma_2 5 5 207 1681 42025 42849 42025/42849 OK 45
Gamma_2 5 5 208 1722 43050 43264 21525/21632 OK 30
Gamma_2 5 5 209 1722 43050 43681 43050/43681 OK 30
Gamma_2 5 5 210 1764 44100 44100 1 OK 30
Gamma_2 5 5 211 1764 44100 44521 44100/44521 OK 31
Gamma_2 5 5 212 1764 44100 44944 11025/11236 OK 45
Gamma_2 5 5 213 1806 45150 45369 15050/15123 OK 46
Gamma_2 5 5 214 1806 45150 45796 22575/22898 OK 30
Gamma_2 5 5 215 1849 46225 46225 1 OK 29
Gamma_2 5 5 216 1849 46225 46656 46225/46656 OK 44
Gamma_2 5 5 217 1849 46225 47089 46225/47089 OK 44
Gamma_2 5 5 218 1892 47300 47524 11825/11881 OK 29
Gamma_2 5 5 219 1892 47300 47961 47300/47961 OK 43
Gamma_2 5 5 220 1936 48400 48400 1 OK 29
Gamma_2 5 5 221 1936 48400 48841 48400/48841 OK 27
Gamma_2 5 5 222 1936 48400 49284 12100/12321 OK 30
Gamma_2 5 5 223 1980 49500 49729 49500/49729 OK 31
Gamma_2 5 5 224 1980 49500 50176 12375/12544 OK 46
Gamma_2 5 5 225 2025 50625 50625 1 OK 28
Gamma_2 5 5 226 2025 50625 51076 50625/51076 OK 30
Gamma_2 5 5 227 2025 50625 51529 50625/51529 OK 31
Gamma_2 5 5 228 2070 51750 51984 2875/2888 OK 29
Gamma_2 5 5 229 2070 51750 52441 51750/52441 OK 30
Gamma_2 5 5 230 2116 52900 52900 1 OK 48
Gamma_2 5 5 231 2116 52900 53361 52900/53361 OK 32
Gamma_2 5 5 232 2116 52900 53824 13225/13456 OK 33
Gamma_2 5 5 233 2162 54050 54289 54050/54289 OK 49
Gamma_2 5 5 234 2162 54050 54756 27025/27378 OK 46
Gamma_2 5 5 235 2209 55225 55225 1 OK 34
Gamma_2 5 5 236 2209 55225 55696 55225/55696 OK 33
Gamma_2 5 5 237 2209 55225 56169 55225/56169 OK 32
Gamma_2 5 5 238 2256 56400 56644 14100/14161 OK 34
Gamma_2 5 5 239 2256 56400 57121 56400/57121 OK 33
Gamma_2 5 5 240 2304 57600 57600 1 OK 50
Gamma_2 5 5 241 2304 57600 58081 57600/58081 OK 49
Gamma_2 5 5 242 2304 57600 58564 14400/14641 OK 36
Gamma_2 5 5 243 2352 58800 59049 19600/19683 OK 50
Gamma_2 5 5 244 2352 58800 59536 3675/3721 OK 49
Gamma_2 5 5 245 2401 60025 60025 1 OK 35
Gamma_2 5 5 246 2401 60025 60516 60025/60516 OK 37
Gamma_2 5 5 247 2401 60025 61009 60025/61009 OK 37
Gamma_2 5 5 248 2450 61250 61504 30625/30752 OK 37
Gamma_2 5 5 249 2450 61250 62001 61250/62001 OK 35
Gamma_2 5 5 250 2500 62500 62500 1 OK 51
Gamma_2 5 5 251 2500 62500 63001 62500/63001 OK 40
Gamma_2 5 5 252 2500 62500 63504 15625/15876 OK 36
Gamma_2 5 5 253 2550 63750 64009 63750/64009 OK 52
Gamma_2 5 5 254 2550 63750 64516 31875/32258 OK 39
Gamma_2 5 5 255 2601 65025 65025 1 OK 38
Gamma_2 5 5 256 2601 65025 65536 65025/65536 OK 39
Gamma_2 5 5 257 2601 65025 66049 65025/66049 OK 38
Gamma_2 5 5 258 2652 66300 66564 5525/5547 OK 40
Gamma_2 5 5 259 2652 66300 67081 66300/67081 OK 55
Gamma_2 5 5 260 2704 67600 67600 1 OK 40
Gamma_2 5 5 261 2704 67600 68121 67600/68121 OK 39
Gamma_2 5 5 262 2704 67600 68644 16900/17161 OK 53
Gamma_2 5 5 263 2756 68900 69169 68900/69169 OK 42
Gamma_2 5 5 264 2756 68900 69696 17225/17424 OK 56
Gamma_2 5 5 265 2809 70225 70225 1 OK 40
Gamma_2 5 5 266 2809 70225 70756 70225/70756 OK 55
Gamma_2 5 5 267 2809 70225 71289 70225/71289 OK 57
Gamma_2 5 5 268 2862 71550 71824 35775/35912 OK 45
Gamma_2 5 5 269 2862 71550 72361 71550/72361 OK 58
Gamma_2 5 5 270 2916 72900 72900 1 OK 45
Gamma_2 5 5 271 2916 72900 73441 72900/73441 OK 59
Gamma_2 5 5 272 2916 72900 73984 18225/18496 OK 45
Gamma_2 5 5 273 2970 74250 74529 8250/8281 OK 46
Gamma_2 5 5 274 2970 74250 75076 37125/37538 OK 43
Gamma_2 5 5 275 3025 75625 75625 1 OK 59
Gamma_2 5 5 276 3025 75625 76176 75625/76176 OK 44
Gamma_2 5 5 277 3025 75625 76729 75625/76729 OK 46
Gamma_2 5 5 278 3080 77000 77284 19250/19321 OK 46
Gamma_2 5 5 279 3080 77000 77841 77000/77841 OK 47
Gamma_2 5 5 280 3136 78400 78400 1 OK 47
Gamma_2 5 5 281 3136 78400 78961 78400/78961 OK 48
Gamma_2 5 5 282 3136 78400 79524 19600/19881 OK 47
Gamma_2 5 5 283 3192 79800 80089 79800/80089 OK 48
Gamma_2 5 5 284 3192 79800 80656 9975/10082 OK 62
Gamma_2 5 5 285 3249 81225 81225 1 OK 49
Gamma_2 5 5 286 3249 81225 81796 81225/81796 OK 62
Gamma_2 5 5 287 3249 81225 82369 81225/82369 OK 51
Gamma_2 5 5 288 3306 82650 82944 13775/13824 OK 49
Gamma_2 5 5 289 3306 82650 83521 82650/83521 OK 64
Gamma_2 5 5 290 3364 84100 84100 1 OK 51
Gamma_2 5 5 291 3364 84100 84681 84100/84681 OK 53
Gamma_2 5 5 292 3364 84100 85264 21025/21316 OK 54
Gamma_2 5 5 293 3422 85550 85849 85550/85849 OK 52
Gamma_2 5 5 294 3422 85550 86436 42775/43218 OK 52
Gamma_2 5 5 295 3481 87025 87025 1 OK 54
Gamma_2 5 5 296 3481 87025 87616 87025/87616 OK 55
Gamma_2 5 5 297 3481 87025 88209 87025/88209 OK 55
Gamma_2 5 5 298 3540 88500 88804 22125/22201 OK 54
Gamma_2 5 5 299 3540 88500 89401 88500/89401 OK 58
Gamma_2 5 5 300 3600 90000 90000 1 OK 56
Gamma_2 5 5 301 3600 90000 90601 90000/90601 OK 54
Gamma_2 5 5 302 3600 90000 91204 22500/22801 OK 57
Gamma_2 5 5 303 3660 91500 91809 30500/30603 OK 57
Gamma_2 5 5 304 3660 91500 92416 22875/23104 OK 58
Gamma_2 5 5 305 3721 93025 93025 1 OK 56
Gamma_2 5 5 306 3721 93025 93636 93025/93636 OK 58
Gamma_2 5 5 307 3721 93025 94249 93025/94249 OK 60
Gamma_2 5 5 308 3782 94550 94864 47275/47432 OK 60
Gamma_2 5 5 309 3782 94550 95481 94550/95481 OK 73
Gamma_2 5 5 310 3844 96100 96100 1 OK 74
Gamma_2 5 5 311 3844 96100 96721 96100/96721 OK 81
Gamma_2 5 5 312 3844 96100 97344 24025/24336 OK 78
Gamma_2 5 5 313 3906 97650 97969 97650/97969 OK 64
Gamma_2 5 5 314 3906 97650 98596 48825/49298 OK 75
Gamma_2 5 5 315 3969 99225 99225 1 OK 81
Gamma_2 5 5 316 3969 99225 99856 99225/99856 OK 63
Gamma_2 5 5 317 3969 99225 100489 99225/100489 OK 64
Gamma_2 5 5 318 4032 100800 101124 2800/2809 OK 65
Gamma_2 5 5 319 4032 100800 101761 100800/101761 OK 67
Gamma_2 5 5 320 4096 102400 102400 1 OK 83
Gamma_2 5 5 321 4096 102400 103041 102400/103041 OK 78
Gamma_2 5 5 322 4096 102400 103684 25600/25921 OK 83
Gamma_2 5 5 323 4160 104000 104329 104000/104329 OK 83
Gamma_2 5 5 324 4160 104000 104976 6500/6561 OK 69
Gamma_2 5 5 325 4225 105625 105625 1 OK 67
Gamma_2 5 5 326 4225 105625 106276 105625/106276 OK 72
Gamma_2 5 5 327 4225 105625 106929 105625/106929 OK 90
Gamma_2 5 5 328 4290 107250 107584 53625/53792 OK 78
Gamma_2 5 5 329 4290 107250 108241 107250/108241 OK 78
Gamma_2 5 5 330 4356 108900 108900 1 OK 78
Gamma_2 5 5 331 4356 108900 109561 108900/109561 OK 82
Gamma_2 5 5 332 4356 108900 110224 27225/27556 OK 85
Gamma_2 5 5 333 4422 110550 110889 36850/36963 OK 106
Gamma_2 5 5 334 4422 110550 111556 55275/55778 OK 96
Gamma_2 5 5 335 4489 112225 112225 1 OK 83
Gamma_2 5 5 336 4489 112225 112896 112225/112896 OK 86
Gamma_2 5 5 337 4489 112225 113569 112225/113569 OK 80
Gamma_2 5 5 338 4556 113900 114244 28475/28561 OK 105
Gamma_2 5 5 339 4556 113900 114921 113900/114921 OK 83
Gamma_2 5 5 340 4624 115600 115600 1 OK 86
Gamma_2 5 5 341 4624 115600 116281 115600/116281 OK 99
Gamma_2 5 5 342 4624 115600 116964 28900/29241 OK 89
Gamma_2 5 5 343 4692 117300 117649 117300/117649 OK 101
Gamma_2 5 5 344 4692 117300 118336 29325/29584 OK 105
Gamma_2 5 5 345 4761 119025 119025 1 OK 106
Gamma_2 5 5 346 4761 119025 119716 119025/119716 OK 104
Gamma_2 5 5 347 4761 119025 120409 119025/120409 OK 103
Gamma_2 5 5 348 4830 120750 121104 20125/20184 OK 91
Gamma_2 5 5 349 4830 120750 121801 120750/121801 OK 106
Gamma_2 5 5 350 4900 122500 122500 1 OK 100
Gamma_2 5 5 351 4900 122500 123201 122500/123201 OK 109
Gamma_2 5 5 352 4900 122500 123904 30625/30976 OK 106
Gamma_2 5 5 353 4970 124250 124609 124250/124609 OK 96
Gamma_2 5 5 354 4970 124250 125316 62125/62658 OK 101
Gamma_2 5 5 355 5041 126025 126025 1 OK 95
Gamma_2 5 5 356 5041 126025 126736 126025/126736 OK 127
Gamma_2 5 5 357 5041 126025 127449 126025/127449 OK 112
Gamma_2 5 5 358 5112 127800 128164 31950/32041 OK 116
Gamma_2 5 5 359 5112 127800 128881 127800/128881 OK 99
Gamma_2 5 5 360 5184 129600 129600 1 OK 102
Gamma_2 5 5 361 5184 129600 130321 129600/130321 OK 107
Gamma_2 5 5 362 5184 129600 131044 32400/32761 OK 131
Gamma_2 5 5 363 5256 131400 131769 14600/14641 OK 107
Gamma_2 5 5 364 5256 131400 132496 16425/16562 OK 117
Gamma_2 5 5 365 5329 133225 133225 1 OK 107
Gamma_2 5 5 366 5329 133225 133956 133225/133956 OK 109
Gamma_2 5 5 367 5329 133225 134689 133225/134689 OK 118
Gamma_2 5 5 368 5402 135050 135424 67525/67712 OK 109
Gamma_2 5 5 369 5402 135050 136161 135050/136161 OK 118
Gamma_2 5 5 370 5476 136900 136900 1 OK 128
Gamma_2 5 5 371 5476 136900 137641 136900/137641 OK 117
Gamma_2 5 5 372 5476 136900 138384 34225/34596 OK 111
Gamma_2 5 5 373 5550 138750 139129 138750/139129 OK 140
Gamma_2 5 5 374 5550 138750 139876 69375/69938 OK 131
Gamma_2 5 5 375 5625 140625 140625 1 OK 146
Gamma_2 5 5 376 5625 140625 141376 140625/141376 OK 112
Gamma_2 5 5 377 5625 140625 142129 140625/142129 OK 138
Gamma_2 5 5 378 5700 142500 142884 11875/11907 OK 118
Gamma_2 5 5 379 5700 142500 143641 142500/143641 OK 135
Gamma_2 5 5 380 5776 144400 144400 1 OK 167
Gamma_2 5 5 381 5776 144400 145161 144400/145161 OK 125
Gamma_2 5 5 382 5776 144400 145924 36100/36481 OK 147
Gamma_2 5 5 383 5852 146300 146689 146300/146689 OK 127
Gamma_2 5 5 384 5852 146300 147456 36575/36864 OK 144
Gamma_2 5 5 385 5929 148225 148225 1 OK 131
Gamma_2 5 5 386 5929 148225 148996 148225/148996 OK 145
Gamma_2 5 5 387 5929 148225 149769 148225/149769 OK 132
Gamma_2 5 5 388 6006 150150 150544 75075/75272 OK 131
Gamma_2 5 5 389 6006 150150 151321 150150/151321 OK 164
Gamma_2 5 5 390 6084 152100 152100 1 OK 130
Gamma_2 5 5 391 6084 152100 152881 152100/152881 OK 155
Gamma_2 5 5 392 6084 152100 153664 38025/38416 OK 133
Gamma_2 5 5 393 6162 154050 154449 51350/51483 OK 141
Gamma_2 5 5 394 6162 154050 155236 77025/77618 OK 134
Gamma_2 5 5 395 6241 156025 156025 1 OK 160
Gamma_2 5 5 396 6241 156025 156816 156025/156816 OK 137
Gamma_2 5 5 397 6241 156025 157609 156025/157609 OK 131
Gamma_2 5 5 398 6320 158000 158404 39500/39601 OK 130
Gamma_2 5 5 399 6320 158000 159201 158000/159201 OK 147
Gamma_2 5 5 400 6400 160000 160000 1 OK 141
Gamma_2 5 5 401 6400 160000 160801 160000/160801 OK 148
Gamma_2 5 5 402 6400 160000 161604 40000/40401 OK 133
Gamma_2 5 5 403 6480 162000 162409 162000/162409 OK 137
Gamma_2 5 5 404 6480 162000 163216 10125/10201 OK 156
Gamma_2 5 5 405 6561 164025 164025 1 OK 138
Gamma_2 5 5 406 6561 164025 164836 164025/164836 OK 139
Gamma_2 5 5 407 6561 164025 165649 164025/165649 OK 155
Gamma_2 5 5 408 6642 166050 166464 9225/9248 OK 146
Gamma_2 5 5 409 6642 166050 167281 166050/167281 OK 149
Gamma_2 5 5 410 6724 168100 168100 1 OK 146
Gamma_2 5 5 411 6724 168100 168921 168100/168921 OK 145
Gamma_2 5 5 412 6724 168100 169744 42025/42436 OK 145
Gamma_2 5 5 413 6806 170150 170569 170150/170569 OK 154
Gamma_2 5 5 414 6806 170150 171396 85075/85698 OK 163
Gamma_2 5 5 415 6889 172225 172225 1 OK 155
Gamma_2 5 5 416 6889 172225 173056 172225/173056 OK 151
Gamma_2 5 5 417 6889 172225 173889 172225/173889 OK 152
Gamma_2 5 5 418 6972 174300 174724 43575/43681 OK 168
Gamma_2 5 5 419 6972 174300 175561 174300/175561 OK 153
Gamma_2 5 5 420 7056 176400 176400 1 OK 157
Gamma_2 5 5 421 7056 176400 177241 176400/177241 OK 180
Gamma_2 5 5 422 7056 176400 178084 44100/44521 OK 176
Gamma_2 5 5 423 7140 178500 178929 59500/59643 OK 159
Gamma_2 5 5 424 7140 178500 179776 44625/44944 OK 162
Gamma_2 5 5 425 7225 180625 180625 1 OK 168
Gamma_2 5 5 426 7225 180625 181476 180625/181476 OK 174
Gamma_2 5 5 427 7225 180625 182329 180625/182329 OK 172
Gamma_2 5 5 428 7310 182750 183184 91375/91592 OK 167
Gamma_2 5 5 429 7310 182750 184041 182750/184041 OK 167
Gamma_2 5 5 430 7396 184900 184900 1 OK 170
Gamma_2 5 5 431 7396 184900 185761 184900/185761 OK 180
Gamma_2 5 5 432 7396 184900 186624 46225/46656 OK 197
Gamma_2 5 5 433 7482 187050 187489 187050/187489 OK 193
Gamma_2 5 5 434 7482 187050 188356 93525/94178 OK 207
Gamma_2 5 5 435 7569 189225 189225 1 OK 200
Gamma_2 5 5 436 7569 189225 190096 189225/190096 OK 203
Gamma_2 5 5 437 7569 189225 190969 189225/190969 OK 207
Gamma_2 5 5 438 7656 191400 191844 15950/15987 OK 196
Gamma_2 5 5 439 7656 191400 192721 191400/192721 OK 216
Gamma_2 5 5 440 7744 193600 193600 1 OK 194
Gamma_2 5 5 441 7744 193600 194481 193600/194481 OK 208
Gamma_2 5 5 442 7744 193600 195364 48400/48841 OK 197
Gamma_2 5 5 443 7832 195800 196249 195800/196249 OK 242
Gamma_2 5 5 444 7832 195800 197136 24475/24642 OK 212
Gamma_2 5 5 445 7921 198025 198025 1 OK 214
Gamma_2 5 5 446 7921 198025 198916 198025/198916 OK 226
Gamma_2 5 5 447 7921 198025 199809 198025/199809 OK 217
Gamma_2 5 5 448 8010 200250 200704 100125/100352 OK 233
Gamma_2 5 5 449 8010 200250 201601 200250/201601 OK 229
Gamma_2 5 5 450 8100 202500 202500 1 OK 231
Gamma_2 5 5 451 8100 202500 203401 202500/203401 OK 234
Gamma_2 5 5 452 8100 202500 204304 50625/51076 OK 246
Gamma_2 5 5 453 8190 204750 205209 22750/22801 OK 211
Gamma_2 5 5 454 8190 204750 206116 102375/103058 OK 229
Gamma_2 5 5 455 8281 207025 207025 1 OK 227
Gamma_2 5 5 456 8281 207025 207936 207025/207936 OK 251
Gamma_2 5 5 457 8281 207025 208849 207025/208849 OK 224
Gamma_2 5 5 458 8372 209300 209764 52325/52441 OK 246
Gamma_2 5 5 459 8372 209300 210681 209300/210681 OK 230
Gamma_2 5 5 460 8464 211600 211600 1 OK 241
Gamma_2 5 5 461 8464 211600 212521 211600/212521 OK 224
Gamma_2 5 5 462 8464 211600 213444 52900/53361 OK 254
Gamma_2 5 5 463 8556 213900 214369 213900/214369 OK 242
Gamma_2 5 5 464 8556 213900 215296 53475/53824 OK 257
Gamma_2 5 5 465 8649 216225 216225 1 OK 238
Gamma_2 5 5 466 8649 216225 217156 216225/217156 OK 264
Gamma_2 5 5 467 8649 216225 218089 216225/218089 OK 249
Gamma_2 5 5 468 8742 218550 219024 36425/36504 OK 241
Gamma_2 5 5 469 8742 218550 219961 218550/219961 OK 256
Gamma_2 5 5 470 8836 220900 220900 1 OK 234
Gamma_2 5 5 471 8836 220900 221841 220900/221841 OK 233
Gamma_2 5 5 472 8836 220900 222784 55225/55696 OK 240
Gamma_2 5 5 473 8930 223250 223729 223250/223729 OK 248
Gamma_2 5 5 474 8930 223250 224676 111625/112338 OK 244
Gamma_2 5 5 475 9025 225625 225625 1 OK 241
Gamma_2 5 5 476 9025 225625 226576 225625/226576 OK 245
Gamma_2 5 5 477 9025 225625 227529 225625/227529 OK 248
Gamma_2 5 5 478 9120 228000 228484 57000/57121 OK 243
Gamma_2 5 5 479 9120 228000 229441 228000/229441 OK 261
Gamma_2 5 5 480 9216 230400 230400 1 OK 275
Gamma_2 5 5 481 9216 230400 231361 230400/231361 OK 262
Gamma_2 5 5 482 9216 230400 232324 57600/58081 OK 252
Gamma_2 5 5 483 9312 232800 233289 77600/77763 OK 256
Gamma_2 5 5 484 9312 232800 234256 14550/14641 OK 275
Gamma_2 5 5 485 9409 235225 235225 1 OK 262
Gamma_2 5 5 486 9409 235225 236196 235225/236196 OK 275
Gamma_2 5 5 487 9409 235225 237169 235225/237169 OK 266
Gamma_2 5 5 488 9506 237650 238144 118825/119072 OK 281
Gamma_2 5 5 489 9506 237650 239121 237650/239121 OK 295
Gamma_2 5 5 490 9604 240100 240100 1 OK 286
Gamma_2 5 5 491 9604 240100 241081 240100/241081 OK 322
Gamma_2 5 5 492 9604 240100 242064 60025/60516 OK 296
Gamma_2 5 5 493 9702 242550 243049 242550/243049 OK 316
Gamma_2 5 5 494 9702 242550 244036 121275/122018 OK 288
Gamma_2 5 5 495 9801 245025 245025 1 OK 307
Gamma_2 5 5 496 9801 245025 246016 245025/246016 OK 304
Gamma_2 5 5 497 9801 245025 247009 245025/247009 OK 327
Gamma_2 5 5 498 9900 247500 248004 6875/6889 OK 307
Gamma_2 5 5 499 9900 247500 249001 247500/249001 OK 351
Gamma_2 5 5 500 10000 250000 250000 1 OK 309
Gamma_2 5 5 501 10000 250000 251001 250000/251001 OK 351
Gamma_2 5 5 502 10000 250000 252004 62500/63001 OK 305
Gamma_2 5 5 503 10100 252500 253009 252500/253009 OK 338
Gamma_2 5 5 504 10100 252500 254016 63125/63504 OK 314
Gamma_2 5 5 505 10201 255025 255025 1 OK 362
Gamma_2 5 5 506 10201 255025 256036 255025/256036 OK 321
Gamma_2 5 5 507 10201 255025 257049 255025/257049 OK 360
Gamma_2 5 5 508 10302 257550 258064 128775/129032 OK 331
Gamma_2 5 5 509 10302 257550 259081 257550/259081 OK 368
Gamma_2 5 5 510 10404 260100 260100 1 OK 385
Gamma_2 5 5 511 10404 260100 261121 260100/261121 OK 345
Gamma_2 5 5 512 10404 260100 262144 65025/65536 OK 386
Gamma_2 5 5 513 10506 262650 263169 87550/87723 OK 334
Gamma_2 5 5 514 10506 262650 264196 131325/132098 OK 325
Gamma_2 5 5 515 10609 265225 265225 1 OK 359
Gamma_2 5 5 516 10609 265225 266256 265225/266256 OK 353
Gamma_2 5 5 517 10609 265225 267289 265225/267289 OK 327
Gamma_2 5 5 518 10712 267800 268324 66950/67081 OK 336
Gamma_2 5 5 519 10712 267800 269361 267800/269361 OK 347
Gamma_2 5 5 520 10816 270400 270400 1 OK 342
Gamma_2 5 5 521 10816 270400 271441 270400/271441 OK 353
Gamma_2 5 5 522 10816 270400 272484 67600/68121 OK 355
Gamma_2 5 5 523 10920 273000 273529 273000/273529 OK 355
Gamma_2 5 5 524 10920 273000 274576 34125/34322 OK 354
Gamma_2 5 5 525 11025 275625 275625 1 OK 382
Gamma_2 5 5 526 11025 275625 276676 275625/276676 OK 351
Gamma_2 5 5 527 11025 275625 277729 275625/277729 OK 355
Gamma_2 5 5 528 11130 278250 278784 46375/46464 OK 404
Gamma_2 5 5 529 11130 278250 279841 278250/279841 OK 370
Gamma_2 5 5 530 11236 280900 280900 1 OK 373
Gamma_2 5 5 531 11236 280900 281961 280900/281961 OK 383
Gamma_2 5 5 532 11236 280900 283024 70225/70756 OK 440
Gamma_2 5 5 533 11342 283550 284089 283550/284089 OK 390
Gamma_2 5 5 534 11342 283550 285156 141775/142578 OK 441
Gamma_2 5 5 535 11449 286225 286225 1 OK 413
Gamma_2 5 5 536 11449 286225 287296 286225/287296 OK 442
Gamma_2 5 5 537 11449 286225 288369 286225/288369 OK 408
Gamma_2 5 5 538 11556 288900 289444 72225/72361 OK 398
Gamma_2 5 5 539 11556 288900 290521 288900/290521 OK 448
Gamma_2 5 5 540 11664 291600 291600 1 OK 419
Gamma_2 5 5 541 11664 291600 292681 291600/292681 OK 442
Gamma_2 5 5 542 11664 291600 293764 72900/73441 OK 418
Gamma_2 5 5 543 11772 294300 294849 32700/32761 OK 470
Gamma_2 5 5 544 11772 294300 295936 73575/73984 OK 447
Gamma_2 5 5 545 11881 297025 297025 1 OK 468
Gamma_2 5 5 546 11881 297025 298116 297025/298116 OK 434
Gamma_2 5 5 547 11881 297025 299209 297025/299209 OK 467
Gamma_2 5 5 548 11990 299750 300304 149875/150152 OK 432
Gamma_2 5 5 549 11990 299750 301401 299750/301401 OK 422
Gamma_2 5 5 550 12100 302500 302500 1 OK 414
Gamma_2 5 5 551 12100 302500 303601 302500/303601 OK 420
Gamma_2 5 5 552 12100 302500 304704 75625/76176 OK 450
Gamma_2 5 5 553 12210 305250 305809 305250/305809 OK 421
Gamma_2 5 5 554 12210 305250 306916 152625/153458 OK 438
Gamma_2 5 5 555 12321 308025 308025 1 OK 431
Gamma_2 5 5 556 12321 308025 309136 308025/309136 OK 448
Gamma_2 5 5 557 12321 308025 310249 308025/310249 OK 450
Gamma_2 5 5 558 12432 310800 311364 25900/25947 OK 448
Gamma_2 5 5 559 12432 310800 312481 310800/312481 OK 465
Gamma_2 5 5 560 12544 313600 313600 1 OK 458
Gamma_2 5 5 561 12544 313600 314721 313600/314721 OK 475
Gamma_2 5 5 562 12544 313600 315844 78400/78961 OK 502
Gamma_2 5 5 563 12656 316400 316969 316400/316969 OK 476
Gamma_2 5 5 564 12656 316400 318096 19775/19881 OK 545
Gamma_2 5 5 565 12769 319225 319225 1 OK 475
Gamma_2 5 5 566 12769 319225 320356 319225/320356 OK 519
Gamma_2 5 5 567 12769 319225 321489 319225/321489 OK 514
Gamma_2 5 5 568 12882 322050 322624 161025/161312 OK 548
Gamma_2 5 5 569 12882 322050 323761 322050/323761 OK 499
Gamma_2 5 5 570 12996 324900 324900 1 OK 546
Gamma_2 5 5 571 12996 324900 326041 324900/326041 OK 519
Gamma_2 5 5 572 12996 324900 327184 81225/81796 OK 553
Gamma_2 5 5 573 13110 327750 328329 109250/109443 OK 537
Gamma_2 5 5 574 13110 327750 329476 163875/164738 OK 580
Gamma_2 5 5 575 13225 330625 330625 1 OK 510
Gamma_2 5 5 576 13225 330625 331776 330625/331776 OK 501
Gamma_2 5 5 577 13225 330625 332929 330625/332929 OK 527
Gamma_2 5 5 578 13340 333500 334084 83375/83521 OK 506
Gamma_2 5 5 579 13340 333500 335241 333500/335241 OK 518
Gamma_2 5 5 580 13456 336400 336400 1 OK 521
Gamma_2 5 5 581 13456 336400 337561 336400/337561 OK 515
Gamma_2 5 5 582 13456 336400 338724 84100/84681 OK 512
Gamma_2 5 5 583 13572 339300 339889 339300/339889 OK 516
Gamma_2 5 5 584 13572 339300 341056 84825/85264 OK 548
Gamma_2 5 5 585 13689 342225 342225 1 OK 530
Gamma_2 5 5 586 13689 342225 343396 342225/343396 OK 564
Gamma_2 5 5 587 13689 342225 344569 342225/344569 OK 564
Gamma_2 5 5 588 13806 345150 345744 19175/19208 OK 618
Gamma_2 5 5 589 13806 345150 346921 345150/346921 OK 559
Gamma_2 5 5 590 13924 348100 348100 1 OK 619
Gamma_2 5 5 591 13924 348100 349281 348100/349281 OK 583
Gamma_2 5 5 592 13924 348100 350464 87025/87616 OK 644
Gamma_2 5 5 593 14042 351050 351649 351050/351649 OK 593
Gamma_2 5 5 594 14042 351050 352836 175525/176418 OK 670
Gamma_2 5 5 595 14161 354025 354025 1 OK 646
Gamma_2 5 5 596 14161 354025 355216 354025/355216 OK 619
Gamma_2 5 5 597 14161 354025 356409 354025/356409 OK 670
Gamma_2 5 5 598 14280 357000 357604 89250/89401 OK 679
Gamma_2 5 5 599 14280 357000 358801 357000/358801 OK 613
Gamma_2 5 5 600 14400 360000 360000 1 OK 582
Gamma_2 5 5 601 14400 360000 361201 360000/361201 OK 598
Gamma_2 5 5 602 14400 360000 362404 90000/90601 OK 589
Gamma_2 5 5 603 14520 363000 363609 121000/121203 OK 606
Gamma_2 5 5 604 14520 363000 364816 45375/45602 OK 621
Gamma_2 5 5 605 14641 366025 366025 1 OK 589
Gamma_2 5 5 606 14641 366025 367236 366025/367236 OK 603
Gamma_2 5 5 607 14641 366025 368449 366025/368449 OK 620
Gamma_2 5 5 608 14762 369050 369664 184525/184832 OK 634
Gamma_2 5 5 609 14762 369050 370881 369050/370881 OK 693
Gamma_2 5 5 610 14884 372100 372100 1 OK 647
Gamma_2 5 5 611 14884 372100 373321 372100/373321 OK 648
Gamma_2 5 5 612 14884 372100 374544 93025/93636 OK 720
Gamma_2 5 5 613 15006 375150 375769 375150/375769 OK 737
Gamma_2 5 5 614 15006 375150 376996 187575/188498 OK 720
Gamma_2 5 5 615 15129 378225 378225 1 OK 687
Gamma_2 5 5 616 15129 378225 379456 378225/379456 OK 731
Gamma_2 5 5 617 15129 378225 380689 378225/380689 OK 677
Gamma_2 5 5 618 15252 381300 381924 31775/31827 OK 746
Gamma_2 5 5 619 15252 381300 383161 381300/383161 OK 699
Gamma_2 5 5 620 15376 384400 384400 1 OK 668
Gamma_2 5 5 621 15376 384400 385641 384400/385641 OK 676
Gamma_2 5 5 622 15376 384400 386884 96100/96721 OK 669
Gamma_2 5 5 623 15500 387500 388129 387500/388129 OK 685
Gamma_2 5 5 624 15500 387500 389376 96875/97344 OK 677
Gamma_2 5 5 625 15625 390625 390625 1 OK 667
Gamma_2 5 5 626 15625 390625 391876 390625/391876 OK 692
Gamma_2 5 5 627 15625 390625 393129 390625/393129 OK 698
Gamma_2 5 5 628 15750 393750 394384 196875/197192 OK 686
Gamma_2 5 5 629 15750 393750 395641 393750/395641 OK 703
Gamma_2 5 5 630 15876 396900 396900 1 OK 687
Gamma_2 5 5 631 15876 396900 398161 396900/398161 OK 711
Gamma_2 5 5 632 15876 396900 399424 99225/99856 OK 771
Gamma_2 5 5 633 16002 400050 400689 44450/44521 OK 713
Gamma_2 5 5 634 16002 400050 401956 200025/200978 OK 707
Gamma_2 5 5 635 16129 403225 403225 1 OK 718
Gamma_2 5 5 636 16129 403225 404496 403225/404496 OK 733
Gamma_2 5 5 637 16129 403225 405769 403225/405769 OK 730
Gamma_2 5 5 638 16256 406400 407044 101600/101761 OK 753
Gamma_2 5 5 639 16256 406400 408321 406400/408321 OK 751
Gamma_2 5 5 640 16384 409600 409600 1 OK 725
Gamma_2 5 5 641 16384 409600 410881 409600/410881 OK 741
Gamma_2 5 5 642 16384 409600 412164 102400/103041 OK 741
Gamma_2 5 5 643 16512 412800 413449 412800/413449 OK 794
Gamma_2 5 5 644 16512 412800 414736 25800/25921 OK 756
Gamma_2 5 5 645 16641 416025 416025 1 OK 762
Gamma_2 5 5 646 16641 416025 417316 416025/417316 OK 762
Gamma_2 5 5 647 16641 416025 418609 416025/418609 OK 786
Gamma_2 5 5 648 16770 419250 419904 69875/69984 OK 777
Gamma_2 5 5 649 16770 419250 421201 419250/421201 OK 770
Gamma_2 5 5 650 16900 422500 422500 1 OK 778
Gamma_2 5 5 651 16900 422500 423801 422500/423801 OK 820
Gamma_2 5 5 652 16900 422500 425104 105625/106276 OK 795
Gamma_2 5 5 653 17030 425750 426409 425750/426409 OK 783
Gamma_2 5 5 654 17030 425750 427716 212875/213858 OK 789
Gamma_2 5 5 655 17161 429025 429025 1 OK 804
Gamma_2 5 5 656 17161 429025 430336 429025/430336 OK 818
Gamma_2 5 5 657 17161 429025 431649 429025/431649 OK 824
Gamma_2 5 5 658 17292 432300 432964 108075/108241 OK 830
Gamma_2 5 5 659 17292 432300 434281 432300/434281 OK 842
Gamma_2 5 5 660 17424 435600 435600 1 OK 862
Gamma_2 5 5 661 17424 435600 436921 435600/436921 OK 835
Gamma_2 5 5 662 17424 435600 438244 108900/109561 OK 853
Gamma_2 5 5 663 17556 438900 439569 146300/146523 OK 856
Gamma_2 5 5 664 17556 438900 440896 109725/110224 OK 859
Gamma_2 5 5 665 17689 442225 442225 1 OK 837
Gamma_2 5 5 666 17689 442225 443556 442225/443556 OK 890
Gamma_2 5 5 667 17689 442225 444889 442225/444889 OK 878
Gamma_2 5 5 668 17822 445550 446224 222775/223112 OK 869
Gamma_2 5 5 669 17822 445550 447561 445550/447561 OK 907
Gamma_2 5 5 670 17956 448900 448900 1 OK 879
Gamma_2 5 5 671 17956 448900 450241 448900/450241 OK 889
Gamma_2 5 5 672 17956 448900 451584 112225/112896 OK 904
Gamma_2 5 5 673 18090 452250 452929 452250/452929 OK 907
Gamma_2 5 5 674 18090 452250 454276 226125/227138 OK 905
Gamma_2 5 5 675 18225 455625 455625 1 OK 926
Gamma_2 5 5 676 18225 455625 456976 455625/456976 OK 927
Gamma_2 5 5 677 18225 455625 458329 455625/458329 OK 924
Gamma_2 5 5 678 18360 459000 459684 12750/12769 OK 927
Gamma_2 5 5 679 18360 459000 461041 459000/461041 OK 938
Gamma_2 5 5 680 18496 462400 462400 1 OK 931
Gamma_2 5 5 681 18496 462400 463761 462400/463761 OK 953
Gamma_2 5 5 682 18496 462400 465124 115600/116281 OK 947
Gamma_2 5 5 683 18632 465800 466489 465800/466489 OK 951
Gamma_2 5 5 684 18632 465800 467856 58225/58482 OK 944
Gamma_2 5 5 685 18769 469225 469225 1 OK 934
Gamma_2 5 5 686 18769 469225 470596 469225/470596 OK 962
Gamma_2 5 5 687 18769 469225 471969 469225/471969 OK 972
Gamma_2 5 5 688 18906 472650 473344 236325/236672 OK 973
Gamma_2 5 5 689 18906 472650 474721 472650/474721 OK 1000
Gamma_2 5 5 690 19044 476100 476100 1 OK 1020
Gamma_2 5 5 691 19044 476100 477481 476100/477481 OK 980
Gamma_2 5 5 692 19044 476100 478864 119025/119716 OK 1006
Gamma_2 5 5 693 19182 479550 480249 159850/160083 OK 1003
Gamma_2 5 5 694 19182 479550 481636 239775/240818 OK 1043
Gamma_2 5 5 695 19321 483025 483025 1 OK 1023
Gamma_2 5 5 696 19321 483025 484416 483025/484416 OK 1038
Gamma_2 5 5 697 19321 483025 485809 483025/485809 OK 1013
Gamma_2 5 5 698 19460 486500 487204 121625/121801 OK 1003
Gamma_2 5 5 699 19460 486500 488601 486500/488601 OK 1021
Gamma_2 5 5 700 19600 490000 490000 1 OK 1025
Gamma_2 5 5 701 19600 490000 491401 490000/491401 OK 1037
Gamma_2 5 5 702 19600 490000 492804 122500/123201 OK 1055
Gamma_2 5 5 703 19740 493500 494209 493500/494209 OK 1091
Gamma_2 5 5 704 19740 493500 495616 123375/123904 OK 1080
Gamma_2 5 5 705 19881 497025 497025 1 OK 1083
Gamma_2 5 5 706 19881 497025 498436 497025/498436 OK 1079
Gamma_2 5 5 707 19881 497025 499849 497025/499849 OK 1062
Gamma_2 5 5 708 20022 500550 501264 83425/83544 OK 1102
Gamma_2 5 5 709 20022 500550 502681 500550/502681 OK 1107
Gamma_2 5 5 710 20164 504100 504100 1 OK 1082
Gamma_2 5 5 711 20164 504100 505521 504100/505521 OK 1123
Gamma_2 5 5 712 20164 504100 506944 126025/126736 OK 1109
Gamma_2 5 5 713 20306 507650 508369 507650/508369 OK 1099
Gamma_2 5 5 714 20306 507650 509796 253825/254898 OK 1106
Gamma_2 5 5 715 20449 511225 511225 1 OK 1160
Gamma_2 5 5 716 20449 511225 512656 511225/512656 OK 1126
Gamma_2 5 5 717 20449 511225 514089 511225/514089 OK 1138
Gamma_2 5 5 718 20592 514800 515524 128700/128881 OK 1131
Gamma_2 5 5 719 20592 514800 516961 514800/516961 OK 1160
Gamma_2 5 5 720 20736 518400 518400 1 OK 1151
Gamma_2 5 5 721 20736 518400 519841 518400/519841 OK 1167
Gamma_2 5 5 722 20736 518400 521284 129600/130321 OK 1198
Gamma_2 5 5 723 20880 522000 522729 58000/58081 OK 1171
Gamma_2 5 5 724 20880 522000 524176 32625/32761 OK 1233
Gamma_2 5 5 725 21025 525625 525625 1 OK 1203
Gamma_2 5 5 726 21025 525625 527076 525625/527076 OK 1208
Gamma_2 5 5 727 21025 525625 528529 525625/528529 OK 1216
Gamma_2 5 5 728 21170 529250 529984 264625/264992 OK 1201
Gamma_2 5 5 729 21170 529250 531441 529250/531441 OK 1209
Gamma_2 5 5 730 21316 532900 532900 1 OK 1221
Gamma_2 5 5 731 21316 532900 534361 532900/534361 OK 1219
Gamma_2 5 5 732 21316 532900 535824 133225/133956 OK 1229
Gamma_2 5 5 733 21462 536550 537289 536550/537289 OK 1284
Gamma_2 5 5 734 21462 536550 538756 268275/269378 OK 1247
Gamma_2 5 5 735 21609 540225 540225 1 OK 1244
Gamma_2 5 5 736 21609 540225 541696 540225/541696 OK 1296
Gamma_2 5 5 737 21609 540225 543169 540225/543169 OK 1261
Gamma_2 5 5 738 21756 543900 544644 45325/45387 OK 1251
Gamma_2 5 5 739 21756 543900 546121 543900/546121 OK 1272
Gamma_2 5 5 740 21904 547600 547600 1 OK 1327
Gamma_2 5 5 741 21904 547600 549081 547600/549081 OK 1290
Gamma_2 5 5 742 21904 547600 550564 136900/137641 OK 1299
Gamma_2 5 5 743 22052 551300 552049 551300/552049 OK 1330
Gamma_2 5 5 744 22052 551300 553536 137825/138384 OK 1324
Gamma_2 5 5 745 22201 555025 555025 1 OK 1312
Gamma_2 5 5 746 22201 555025 556516 555025/556516 OK 1318
Gamma_2 5 5 747 22201 555025 558009 555025/558009 OK 1348
Gamma_2 5 5 748 22350 558750 559504 279375/279752 OK 1333
Gamma_2 5 5 749 22350 558750 561001 558750/561001 OK 1384
Gamma_2 5 5 750 22500 562500 562500 1 OK 1385
Gamma_2 5 5 751 22500 562500 564001 562500/564001 OK 1388
Gamma_2 5 5 752 22500 562500 565504 140625/141376 OK 1427
Gamma_2 5 5 753 22650 566250 567009 188750/189003 OK 1379
Gamma_2 5 5 754 22650 566250 568516 283125/284258 OK 1429
Gamma_2 5 5 755 22801 570025 570025 1 OK 1387
Gamma_2 5 5 756 22801 570025 571536 570025/571536 OK 1378
Gamma_2 5 5 757 22801 570025 573049 570025/573049 OK 1447
Gamma_2 5 5 758 22952 573800 574564 143450/143641 OK 1416
Gamma_2 5 5 759 22952 573800 576081 573800/576081 OK 1401
Gamma_2 5 5 760 23104 577600 577600 1 OK 1437
Gamma_2 5 5 761 23104 577600 579121 577600/579121 OK 1460
Gamma_2 5 5 762 23104 577600 580644 144400/145161 OK 1428
Gamma_2 5 5 763 23256 581400 582169 581400/582169 OK 1420
Gamma_2 5 5 764 23256 581400 583696 72675/72962 OK 1482
Gamma_2 5 5 765 23409 585225 585225 1 OK 1451
Gamma_2 5 5 766 23409 585225 586756 585225/586756 OK 1470
Gamma_2 5 5 767 23409 585225 588289 585225/588289 OK 1467
Gamma_2 5 5 768 23562 589050 589824 32725/32768 OK 1509
Gamma_2 5 5 769 23562 589050 591361 589050/591361 OK 1473
Gamma_2 5 5 770 23716 592900 592900 1 OK 1488
Gamma_2 5 5 771 23716 592900 594441 592900/594441 OK 1500
Gamma_2 5 5 772 23716 592900 595984 148225/148996 OK 1502
Gamma_2 5 5 773 23870 596750 597529 596750/597529 OK 1516
Gamma_2 5 5 774 23870 596750 599076 298375/299538 OK 1514
Gamma_2 5 5 775 24025 600625 600625 1 OK 1547
Gamma_2 5 5 776 24025 600625 602176 600625/602176 OK 1596
Gamma_2 5 5 777 24025 600625 603729 600625/603729 OK 1594
Gamma_2 5 5 778 24180 604500 605284 151125/151321 OK 1541
Gamma_2 5 5 779 24180 604500 606841 604500/606841 OK 1611
Gamma_2 5 5 780 24336 608400 608400 1 OK 1567
Gamma_2 5 5 781 24336 608400 609961 608400/609961 OK 1556
Gamma_2 5 5 782 24336 608400 611524 152100/152881 OK 1595
Gamma_2 5 5 783 24492 612300 613089 204100/204363 OK 1590
Gamma_2 5 5 784 24492 612300 614656 153075/153664 OK 1578
Gamma_2 5 5 785 24649 616225 616225 1 OK 1594
Gamma_3 8 12 1 0 0 1 0 OK 19
Gamma_3 8 12 2 0 0 4 0 OK 17
Gamma_3 8 12 3 0 0 9 0 OK 16
Gamma_3 8 12 4 0 0 16 0 OK 29
Gamma_3 8 12 5 1 25 25 1 OK 16
Gamma_3 8 12 6 1 25 36 25/36 OK 31
Gamma_3 8 12 7 1 25 49 25/49 OK 16
Gamma_3 8 12 8 2 50 64 25/32 OK 14
Gamma_3 8 12 9 2 50 81 50/81 OK 17
Gamma_3 8 12 10 4 100 100 1 OK 16
Gamma_3 8 12 11 4 100 121 100/121 OK 17
Gamma_3 8 12 12 4 100 144 25/36 OK 14
Gamma_3 8 12 13 6 150 169 150/169 OK 16
Gamma_3 8 12 14 6 150 196 75/98 OK 30
Gamma_3 8 12 15 9 225 225 1 OK 17
Gamma_3 8 12 16 9 225 256 225/256 OK 15
Gamma_3 8 12 17 9 225 289 225/289 OK 32
Gamma_3 8 12 18 12 300 324 25/27 OK 17
Gamma_3 8 12 19 12 300 361 300/361 OK 17
Gamma_3 8 12 20 16 400 400 1 OK 16
Gamma_3 8 12 21 16 400 441 400/441 OK 18
Gamma_3 8 12 22 16 400 484 100/121 OK 18
Gamma_3 8 12 23 20 500 529 500/529 OK 31
Gamma_3 8 12 24 20 500 576 125/144 OK 19
Gamma_3 8 12 25 25 625 625 1 OK 17
Gamma_3 8 12 26 25 625 676 625/676 OK 19
Gamma_3 8 12 27 25 625 729 625/729 OK 19
Gamma_3 8 12 28 30 750 784 375/392 OK 33
Gamma_3 8 12 29 30 750 841 750/841 OK 32
Gamma_3 8 12 30 36 900 900 1 OK 36
Gamma_3 8 12 31 36 900 961 900/961 OK 21
Gamma_3 8 12 32 36 900 1024 225/256 OK 19
Gamma_3 8 12 33 42 1050 1089 350/363 OK 24
Gamma_3 8 12 34 42 1050 1156 525/578 OK 23
Gamma_3 8 12 35 49 1225 1225 1 OK 35
Gamma_3 8 12 36 49 1225 1296 1225/1296 OK 37
Gamma_3 8 12 37 49 1225 1369 1225/1369 OK 24
Gamma_3 8 12 38 56 1400 1444 350/361 OK 40
Gamma_3 8 12 39 56 1400 1521 1400/1521 OK 28
Gamma_3 8 12 40 64 1600 1600 1 OK 40
Gamma_3 8 12 41 64 1600 1681 1600/1681 OK 43
Gamma_3 8 12 42 64 1600 1764 400/441 OK 33
Gamma_3 8 12 43 72 1800 1849 1800/1849 OK 32
Gamma_3 8 12 44 72 1800 1936 225/242 OK 35
Gamma_3 8 12 45 81 2025 2025 1 OK 38
Gamma_3 8 12 46 81 2025 2116 2025/2116 OK 42
Gamma_3 8 12 47 81 2025 2209 2025/2209 OK 42
Gamma_3 8 12 48 90 2250 2304 125/128 OK 44
Gamma_3 8 12 49 90 2250 2401 2250/2401 OK 67
Gamma_3 8 12 50 100 2500 2500 1 OK 50
Gamma_3 8 12 51 100 2500 2601 2500/2601 OK 61
Gamma_3 8 12 52 100 2500 2704 625/676 OK 63
Gamma_3 8 12 53 110 2750 2809 2750/2809 OK 64
Gamma_3 8 12 54 110 2750 2916 1375/1458 OK 93
Gamma_3 8 12 55 121 3025 3025 1 OK 69
Gamma_3 8 12 56 121 3025 3136 3025/3136 OK 83
Gamma_3 8 12 57 121 3025 3249 3025/3249 OK 98
Gamma_3 8 12 58 132 3300 3364 825/841 OK 97
Gamma_3 8 12 59 132 3300 3481 3300/3481 OK 111
Gamma_3 8 12 60 144 3600 3600 1 OK 105
Gamma_3 8 12 61 144 3600 3721 3600/3721 OK 128
Gamma_3 8 12 62 144 3600 3844 900/961 OK 141
Gamma_3 8 12 63 156 3900 3969 1300/1323 OK 155
Gamma_3 8 12 64 156 3900 4096 975/1024 OK 152
Gamma_3 8 12 65 169 4225 4225 1 OK 177
Gamma_3 8 12 66 169 4225 4356 4225/4356 OK 171
Gamma_3 8 12 67 169 4225 4489 4225/4489 OK 210
Gamma_3 8 12 68 182 4550 4624 2275/2312 OK 206
Gamma_3 8 12 69 182 4550 4761 4550/4761 OK 242
Gamma_3 8 12 70 196 4900 4900 1 OK 231
Gamma_3 8 12 71 196 4900 5041 4900/5041 OK 255
Gamma_3 8 12 72 196 4900 5184 1225/1296 OK 305
Gamma_3 8 12 73 210 5250 5329 5250/5329 OK 290
Gamma_3 8 12 74 210 5250 5476 2625/2738 OK 312
Gamma_3 8 12 75 225 5625 5625 1 OK 326
Gamma_3 8 12 76 225 5625 5776 5625/5776 OK 350
Gamma_3 8 12 77 225 5625 5929 5625/5929 OK 434
Gamma_3 8 12 78 240 6000 6084 500/507 OK 418
Gamma_3 8 12 79 240 6000 6241 6000/6241 OK 462
Gamma_3 8 12 80 256 6400 6400 1 OK 471
Gamma_3 8 12 81 256 6400 6561 6400/6561 OK 499
Gamma_3 8 12 82 256 6400 6724 1600/1681 OK 552
Gamma_3 8 12 83 272 6800 6889 6800/6889 OK 580
Gamma_3 8 12 84 272 6800 7056 425/441 OK 636
Gamma_3 8 12 85 289 7225 7225 1 OK 649
Gamma_3 8 12 86 289 7225 7396 7225/7396 OK 692
Gamma_3 8 12 87 289 7225 7569 7225/7569 OK 784
Gamma_3 8 12 88 306 7650 7744 3825/3872 OK 822
Gamma_3 8 12 89 306 7650 7921 7650/7921 OK 838
Gamma_3 8 12 90 324 8100 8100 1 OK 897
Gamma_3 8 12 91 324 8100 8281 8100/8281 OK 950
Gamma_3 8 12 92 324 8100 8464 2025/2116 OK 1049
Gamma_3 8 12 93 342 8550 8649 950/961 OK 1084
Gamma_3 8 12 94 342 8550 8836 4275/4418 OK 1185
Gamma_3 8 12 95 361 9025 9025 1 OK 1231
Gamma_3 8 12 96 361 9025 9216 9025/9216 OK 1276
Gamma_3 8 12 97 361 9025 9409 9025/9409 OK 1396
Gamma_3 8 12 98 380 9500 9604 2375/2401 OK 1464
Gamma_3 8 12 99 380 9500 9801 9500/9801 OK 1561
Gamma_3 8 12 100 400 10000 10000 1 OK 1535
Gamma_3 8 12 101 400 10000 10201 10000/10201 OK 1728
Gamma_3 8 12 102 400 10000 10404 2500/2601 OK 1858
Gamma_3 8 12 103 420 10500 10609 10500/10609 OK 1865
Gamma_3 8 12 104 420 10500 10816 2625/2704 OK 2079
Gamma_3 8 12 105 441 11025 11025 1 OK 2028
Gamma_3 8 12 106 441 11025 11236 11025/11236 OK 2282
Gamma_3 8 12 107 441 11025 11449 11025/11449 OK 2423
Gamma_3 8 12 108 462 11550 11664 1925/1944 OK 2455
Gamma_3 8 12 109 462 11550 11881 11550/11881 OK 2646
Gamma_3 8 12 110 484 12100 12100 1 OK 2583
Gamma_3 8 12 111 484 12100 12321 12100/12321 OK 2887
Gamma_3 8 12 112 484 12100 12544 3025/3136 OK 3167
Gamma_3 8 12 113 506 12650 12769 12650/12769 OK 3163
Gamma_3 8 12 114 506 12650 12996 6325/6498 OK 3418
Gamma_3 8 12 115 529 13225 13225 1 OK 3452
Gamma_3 8 12 116 529 13225 13456 13225/13456 OK 3770
Gamma_3 8 12 117 529 13225 13689 13225/13689 OK 4085
Gamma_3 8 12 118 552 13800 13924 3450/3481 OK 3939
Gamma_3 8 12 119 552 13800 14161 13800/14161 OK 4388
Gamma_3 8 12 120 576 14400 14400 1 OK 4371
Gamma_3 8 12 121 576 14400 14641 14400/14641 OK 4711
Gamma_3 8 12 122 576 14400 14884 3600/3721 OK 5046
Gamma_3 8 12 123 600 15000 15129 5000/5043 OK 4963
Gamma_3 8 12 124 600 15000 15376 1875/1922 OK 5453
Gamma_3 8 12 125 625 15625 15625 1 OK 5551
Gamma_3 8 12 126 625 15625 15876 15625/15876 OK 5903
Gamma_3 8 12 127 625 15625 16129 15625/16129 OK 6437
Gamma_3 8 12 128 650 16250 16384 8125/8192 OK 6325
Gamma_3 8 12 129 650 16250 16641 16250/16641 OK 6859
Gamma_3 8 12 130 676 16900 16900 1 OK 6949
Gamma_3 8 12 131 676 16900 17161 16900/17161 OK 7361
Gamma_3 8 12 132 676 16900 17424 4225/4356 OK 7864
Gamma_3 8 12 133 702 17550 17689 17550/17689 OK 8045
Gamma_3 8 12 134 702 17550 17956 8775/8978 OK 8629
Gamma_3 8 12 135 729 18225 18225 1 OK 8557
Gamma_3 8 12 136 729 18225 18496 18225/18496 OK 9060
Gamma_3 8 12 137 729 18225 18769 18225/18769 OK 9696
Gamma_3 8 12 138 756 18900 19044 525/529 OK 9959
Gamma_3 8 12 139 756 18900 19321 18900/19321 OK 10546
Gamma_3 8 12 140 784 19600 19600 1 OK 10490
Gamma_3 8 12 141 784 19600 19881 19600/19881 OK 11139
Gamma_3 8 12 142 784 19600 20164 4900/5041 OK 11886
Gamma_3 8 12 143 812 20300 20449 20300/20449 OK 12247
Gamma_3 8 12 144 812 20300 20736 5075/5184 OK 12723
Gamma_4 11 22 1 0 0 1 0 OK 16
Gamma_4 11 22 2 0 0 4 0 OK 40
Gamma_4 11 22 3 0 0 9 0 OK 29
Gamma_4 11 22 4 0 0 16 0 OK 42
Gamma_4 11 22 5 1 25 25 1 OK 16
Gamma_4 11 22 6 1 25 36 25/36 OK 16
Gamma_4 11 22 7 1 25 49 25/49 OK 42
Gamma_4 11 22 8 2 50 64 25/32 OK 43
Gamma_4 11 22 9 2 50 81 50/81 OK 24
Gamma_4 11 22 10 4 100 100 1 OK 17
Gamma_4 11 22 11 4 100 121 100/121 OK 16
Gamma_4 11 22 12 4 100 144 25/36 OK 17
Gamma_4 11 22 13 6 150 169 150/169 OK 17
Gamma_4 11 22 14 6 150 196 75/98 OK 18
Gamma_4 11 22 15 9 225 225 1 OK 18
Gamma_4 11 22 16 9 225 256 225/256 OK 18
Gamma_4 11 22 17 9 225 289 225/289 OK 22
Gamma_4 11 22 18 12 300 324 25/27 OK 37
Gamma_4 11 22 19 12 300 361 300/361 OK 40
Gamma_4 11 22 20 16 400 400 1 OK 26
Gamma_4 11 22 21 16 400 441 400/441 OK 31
Gamma_4 11 22 22 16 400 484 100/121 OK 49
Gamma_4 11 22 23 20 500 529 500/529 OK 47
Gamma_4 11 22 24 20 500 576 125/144 OK 65
Gamma_4 11 22 25 25 625 625 1 OK 60
Gamma_4 11 22 26 25 625 676 625/676 OK 88
Gamma_4 11 22 27 25 625 729 625/729 OK 141
Gamma_4 11 22 28 30 750 784 375/392 OK 149
Gamma_4 11 22 29 30 750 841 750/841 OK 210
Gamma_4 11 22 30 36 900 900 1 OK 179
Gamma_4 11 22 31 36 900 961 900/961 OK 286
Gamma_4 11 22 32 36 900 1024 225/256 OK 421
Gamma_4 11 22 33 42 1050 1089 350/363 OK 394
Gamma_4 11 22 34 42 1050 1156 525/578 OK 575
Gamma_4 11 22 35 49 1225 1225 1 OK 557
Gamma_4 11 22 36 49 1225 1296 1225/1296 OK 808
Gamma_4 11 22 37 49 1225 1369 1225/1369 OK 1171
Gamma_4 11 22 38 56 1400 1444 350/361 OK 1138
Gamma_4 11 22 39 56 1400 1521 1400/1521 OK 1577
Gamma_4 11 22 40 64 1600 1600 1 OK 1534
Gamma_4 11 22 41 64 1600 1681 1600/1681 OK 2110
Gamma_4 11 22 42 64 1600 1764 400/441 OK 2981
Gamma_4 11 22 43 72 1800 1849 1800/1849 OK 2710
Gamma_4 11 22 44 72 1800 1936 225/242 OK 3899
Gamma_4 11 22 45 81 2025 2025 1 OK 3615
Gamma_4 11 22 46 81 2025 2116 2025/2116 OK 5022
Gamma_4 11 22 47 81 2025 2209 2025/2209 OK 6986
Gamma_4 11 22 48 90 2250 2304 125/128 OK 6429
Gamma_4 11 22 49 90 2250 2401 2250/2401 OK 9072
Gamma_4 11 22 50 100 2500 2500 1 OK 8167
Gamma_4 11 22 51 100 2500 2601 2500/2601 OK 11282
Gamma_4 11 22 52 100 2500 2704 625/676 OK 15491
Gamma_4 11 22 53 110 2750 2809 2750/2809 OK 14496
Gamma_4 11 22 54 110 2750 2916 1375/1458 OK 25485
Gamma_4 11 22 55 121 3025 3025 1 OK 23530
Gamma_4 11 22 56 121 3025 3136 3025/3136 OK 33635
Gamma_4 11 22 57 121 3025 3249 3025/3249 OK 40695
Gamma_4 11 22 58 132 3300 3364 825/841 OK 35848
Gamma_4 11 22 59 132 3300 3481 3300/3481 OK 49526
Gamma_5 14 35 1 0 0 1 0 OK 20
Gamma_5 14 35 2 0 0 4 0 OK 19
Gamma_5 14 35 3 0 0 9 0 OK 18
Gamma_5 14 35 4 0 0 16 0 OK 33
Gamma_5 14 35 5 1 25 25 1 OK 19
Gamma_5 14 35 6 1 25 36 25/36 OK 34
Gamma_5 14 35 7 1 25 49 25/49 OK 19
Gamma_5 14 35 8 2 50 64 25/32 OK 34
Gamma_5 14 35 9 2 50 81 50/81 OK 21
Gamma_5 14 35 10 4 100 100 1 OK 33
Gamma_5 14 35 11 4 100 121 100/121 OK 21
Gamma_5 14 35 12 4 100 144 25/36 OK 23
Gamma_5 14 35 13 6 150 169 150/169 OK 22
Gamma_5 14 35 14 6 150 196 75/98 OK 28
Gamma_5 14 35 15 9 225 225 1 OK 28
Gamma_5 14 35 16 9 225 256 225/256 OK 53
Gamma_5 14 35 17 9 225 289 225/289 OK 69
Gamma_5 14 35 18 12 300 324 25/27 OK 79
Gamma_5 14 35 19 12 300 361 300/361 OK 97
Gamma_5 14 35 20 16 400 400 1 OK 101
Gamma_5 14 35 21 16 400 441 400/441 OK 145
Gamma_5 14 35 22 16 400 484 100/121 OK 314
Gamma_5 14 35 23 20 500 529 500/529 OK 278
Gamma_5 14 35 24 20 500 576 125/144 OK 558
Gamma_5 14 35 25 25 625 625 1 OK 388
Gamma_5 14 35 26 25 625 676 625/676 OK 765
Gamma_5 14 35 27 25 625 729 625/729 OK 1615
Gamma_5 14 35 28 30 750 784 375/392 OK 1267
Gamma_5 14 35 29 30 750 841 750/841 OK 2409
Gamma_5 14 35 30 36 900 900 1 OK 1761
Gamma_5 14 35 31 36 900 961 900/961 OK 3408
Gamma_5 14 35 32 36 900 1024 225/256 OK 6225
Gamma_5 14 35 33 42 1050 1089 350/363 OK 5406
Gamma_5 14 35 34 42 1050 1156 525/578 OK 9407
Gamma_5 14 35 35 49 1225 1225 1 OK 7368
Gamma_5 14 35 36 49 1225 1296 1225/1296 OK 13366
Gamma_5 14 35 37 49 1225 1369 1225/1369 OK 22874
Gamma_5 14 35 38 56 1400 1444 350/361 OK 18691
Gamma_5 14 35 39 56 1400 1521 1400/1521 OK 30882
Gamma_5 14 35 40 64 1600 1600 1 OK 25231
Gamma_5 14 35 41 64 1600 1681 1600/1681 OK 41755
Gamma_5 14 35 42 64 1600 1764 400/441 OK 72061
Gamma_5 14 35 43 72 1800 1849 1800/1849 OK 54666
Gamma_6 17 51 1 0 0 1 0 OK 36
Gamma_6 17 51 2 0 0 4 0 OK 23
Gamma_6 17 51 3 0 0 9 0 OK 37
Gamma_6 17 51 4 0 0 16 0 OK 37
Gamma_6 17 51 5 1 25 25 1 OK 37
Gamma_6 17 51 6 1 25 36 25/36 OK 35
Gamma_6 17 51 7 1 25 49 25/49 OK 26
Gamma_6 17 51 8 2 50 64 25/32 OK 25
Gamma_6 17 51 9 2 50 81 50/81 OK 30
Gamma_6 17 51 10 4 100 100 1 OK 29
Gamma_6 17 51 11 4 100 121 100/121 OK 34
Gamma_6 17 51 12 4 100 144 25/36 OK 65
Gamma_6 17 51 13 6 150 169 150/169 OK 72
Gamma_6 17 51 14 6 150 196 75/98 OK 136
Gamma_6 17 51 15 9 225 225 1 OK 144
Gamma_6 17 51 16 9 225 256 225/256 OK 301
Gamma_6 17 51 17 9 225 289 225/289 OK 824
Gamma_6 17 51 18 12 300 324 25/27 OK 712
Gamma_6 17 51 19 12 300 361 300/361 OK 1801
Gamma_6 17 51 20 16 400 400 1 OK 1689
Gamma_6 17 51 21 16 400 441 400/441 OK 3651
Gamma_6 17 51 22 16 400 484 100/121 OK 9149
Gamma_6 17 51 23 20 500 529 500/529 OK 8758
Gamma_6 17 51 24 20 500 576 125/144 OK 19510
Gamma_6 17 51 25 25 625 625 1 OK 16197
Gamma_6 17 51 26 25 625 676 625/676 OK 35503
Gamma_6 17 51 27 25 625 729 625/729 OK 78917
Gamma_6 17 51 28 30 750 784 375/392 OK 71626
Gamma_6 17 51 29 30 750 841 750/841 OK 142433
Gamma_7 20 70 1 0 0 1 0 OK 67
Gamma_7 20 70 2 0 0 4 0 OK 83
Gamma_7 20 70 3 0 0 9 0 OK 85
Gamma_7 20 70 4 0 0 16 0 OK 71
Gamma_7 20 70 5 1 25 25 1 OK 84
Gamma_7 20 70 6 1 25 36 25/36 OK 74
Gamma_7 20 70 7 1 25 49 25/49 OK 105
Gamma_7 20 70 8 2 50 64 25/32 OK 75
Gamma_7 20 70 9 2 50 81 50/81 OK 98
Gamma_7 20 70 10 4 100 100 1 OK 108
Gamma_7 20 70 11 4 100 121 100/121 OK 115
Gamma_7 20 70 12 4 100 144 25/36 OK 239
Gamma_7 20 70 13 6 150 169 150/169 OK 197
Gamma_7 20 70 14 6 150 196 75/98 OK 423
Gamma_7 20 70 15 9 225 225 1 OK 417
Gamma_7 20 70 16 9 225 256 225/256 OK 929
Gamma_7 20 70 17 9 225 289 225/289 OK 2921
Gamma_7 20 70 18 12 300 324 25/27 OK 2271
Gamma_7 20 70 19 12 300 361 300/361 OK 6561
Gamma_7 20 70 20 16 400 400 1 OK 5290
Gamma_7 20 70 21 16 400 441 400/441 OK 14099
