m14_21 14 27 0 8 0 9 0 13 1 8 1 10 1 12 2 9 2 10 2 11 3 11 3 12 3 13 4 11 4 12 4 13 5 11 5 12 5 13 6 11 6 12 6 13 7 11 7 12 7 13 8 11 9 12 10 13
m14_22 14 29 0 8 0 9 0 13 1 8 1 12 1 13 2 9 2 10 2 13 3 10 3 11 3 13 4 11 4 12 4 13 5 11 5 12 5 13 6 11 6 12 6 13 7 11 7 12 7 13 8 10 8 11 9 11 9 12 10 12
m14_23 14 29 0 8 0 9 0 13 1 8 1 11 1 13 2 9 2 10 2 13 3 10 3 12 3 13 4 10 4 12 4 13 5 11 5 12 5 13 6 11 6 12 6 13 7 11 7 12 7 13 8 10 8 12 9 11 9 12 10 11
m14_24 14 33 0 8 0 9 0 13 1 8 1 12 1 13 2 9 2 10 2 11 2 13 3 10 3 11 3 12 3 13 4 10 4 11 4 12 4 13 5 10 5 11 5 12 5 13 6 10 6 11 6 12 6 13 7 10 7 11 7 12 7 13 8 10 8 11 9 12
m14_25 14 34 0 8 0 9 0 12 0 13 1 8 1 11 1 12 1 13 2 9 2 10 2 12 2 13 3 10 3 11 3 12 3 13 4 10 4 11 4 12 4 13 5 10 5 11 5 12 5 13 6 10 6 11 6 12 6 13 7 10 7 11 7 12 7 13 8 10 9 11
m14_26 14 33 0 8 0 9 0 13 1 8 1 12 1 13 2 9 2 11 2 13 3 10 3 11 3 12 3 13 4 10 4 11 4 12 4 13 5 10 5 11 5 12 5 13 6 10 6 11 6 12 6 13 7 10 7 11 7 12 7 13 8 10 8 11 9 10 9 12
m14_27 14 30 0 8 0 10 0 12 0 13 1 8 1 10 1 12 1 13 2 9 2 10 2 13 3 9 3 11 3 13 4 11 4 12 4 13 5 11 5 12 5 13 6 11 6 12 6 13 7 11 7 12 7 13 8 9 8 11 9 12 10 11
m14_28 14 29 0 8 0 10 0 13 1 8 1 10 1 13 2 9 2 10 2 13 3 9 3 12 3 13 4 11 4 12 4 13 5 11 5 12 5 13 6 11 6 12 6 13 7 11 7 12 7 13 8 9 8 12 9 11 10 11 10 12
m14_29 14 30 0 8 0 10 0 12 0 13 1 8 1 10 1 12 1 13 2 9 2 10 2 13 3 9 3 10 3 13 4 11 4 12 4 13 5 11 5 12 5 13 6 11 6 12 6 13 7 11 7 12 7 13 8 9 8 11 9 12 10 11
m14_30 14 29 0 8 0 10 0 12 1 8 1 10 1 12 2 9 2 10 2 13 3 9 3 10 3 13 4 11 4 12 4 13 5 11 5 12 5 13 6 11 6 12 6 13 7 11 7 12 7 13 8 9 8 11 8 13 9 12 10 11
m14_31 14 29 0 8 0 10 0 13 1 8 1 10 1 13 2 9 2 10 2 13 3 9 3 10 3 13 4 11 4 12 4 13 5 11 5 12 5 13 6 11 6 12 6 13 7 11 7 12 7 13 8 9 8 11 9 12 10 11 10 12
m14_32 14 29 0 8 0 11 0 12 1 8 1 11 1 12 2 9 2 11 2 13 3 9 3 11 3 13 4 10 4 12 4 13 5 10 5 12 5 13 6 10 6 12 6 13 7 11 7 12 7 13 8 9 8 10 8 13 9 12 10 11
m14_33 14 35 0 8 0 11 0 12 0 13 1 8 1 11 1 12 1 13 2 9 2 10 2 12 2 13 3 9 3 10 3 12 3 13 4 10 4 11 4 12 4 13 5 10 5 11 5 12 5 13 6 10 6 11 6 12 6 13 7 10 7 11 7 12 7 13 8 9 8 10 9 11
m14_34 14 34 0 8 0 11 0 13 1 8 1 11 1 13 2 9 2 10 2 12 2 13 3 9 3 10 3 12 3 13 4 10 4 11 4 12 4 13 5 10 5 11 5 12 5 13 6 10 6 11 6 12 6 13 7 10 7 11 7 12 7 13 8 9 8 10 8 12 9 11
m14_35 14 31 0 8 0 9 0 10 0 13 1 8 1 9 1 10 1 13 2 8 2 11 2 13 3 9 3 10 3 12 3 13 4 9 4 10 4 12 4 13 5 11 5 12 5 13 6 11 6 12 6 13 7 11 7 12 7 13 8 12 9 11 10 11
m14_36 14 31 0 8 0 9 0 10 0 13 1 8 1 12 1 13 2 8 2 12 2 13 3 9 3 10 3 11 3 13 4 9 4 10 4 11 4 13 5 9 5 10 5 11 5 13 6 11 6 12 6 13 7 11 7 12 7 13 8 11 9 12 10 12
m14_37 14 34 0 8 0 9 0 12 0 13 1 8 1 10 1 12 1 13 2 8 2 10 2 12 2 13 3 9 3 11 3 12 3 13 4 9 4 11 4 12 4 13 5 9 5 11 5 12 5 13 6 10 6 11 6 12 6 13 7 10 7 11 7 12 7 13 8 11 9 10
m14_38 14 32 0 8 0 9 0 13 1 8 1 10 1 13 2 8 2 10 2 13 3 9 3 11 3 12 3 13 4 9 4 11 4 12 4 13 5 9 5 11 5 12 5 13 6 10 6 11 6 12 6 13 7 10 7 11 7 12 7 13 8 11 8 12 9 10
m14_39 14 34 0 7 0 8 0 9 0 10 1 8 1 9 1 10 1 12 2 9 2 10 2 12 2 13 3 10 3 11 3 12 3 13 4 10 4 11 4 12 4 13 5 10 5 11 5 12 5 13 6 10 6 11 6 12 6 13 7 11 7 12 7 13 8 11 8 13 9 11
m14_40 14 30 0 7 0 8 0 9 0 11 1 8 1 9 1 10 1 11 2 9 2 10 2 11 2 13 3 11 3 12 3 13 4 11 4 12 4 13 5 11 5 12 5 13 6 11 6 12 6 13 7 10 7 13 8 12 8 13 9 12 10 12
m14_41 14 31 0 7 0 9 0 10 0 13 1 8 1 12 1 13 2 8 2 12 2 13 3 9 3 10 3 11 3 13 4 9 4 10 4 11 4 13 5 11 5 12 5 13 6 11 6 12 6 13 7 11 7 12 8 9 8 10 8 11 9 12 10 12
m14_42 14 32 0 7 0 9 0 10 0 13 1 8 1 12 1 13 2 8 2 12 2 13 3 9 3 10 3 11 3 13 4 9 4 10 4 11 4 13 5 10 5 11 5 12 5 13 6 10 6 11 6 12 6 13 7 11 7 12 8 9 8 10 8 11 9 12
m14_43 14 32 0 7 0 9 0 13 1 8 1 12 1 13 2 8 2 12 2 13 3 9 3 10 3 11 3 13 4 9 4 10 4 11 4 13 5 10 5 11 5 12 5 13 6 10 6 11 6 12 6 13 7 10 7 11 7 12 8 9 8 10 8 11 9 12
m14_44 14 33 0 7 0 9 0 12 0 13 1 8 1 11 1 12 1 13 2 8 2 11 2 12 2 13 3 9 3 10 3 12 3 13 4 9 4 10 4 12 4 13 5 10 5 11 5 12 5 13 6 10 6 11 6 12 6 13 7 10 7 11 8 9 8 10 9 11
m14_45 14 33 0 7 0 9 0 13 1 8 1 11 1 12 1 13 2 8 2 11 2 12 2 13 3 9 3 10 3 12 3 13 4 9 4 10 4 12 4 13 5 10 5 11 5 12 5 13 6 10 6 11 6 12 6 13 7 10 7 11 7 12 8 9 8 10 9 11
m14_46 14 32 0 7 0 9 0 13 1 8 1 10 1 11 1 13 2 8 2 10 2 11 2 13 3 9 3 12 3 13 4 9 4 12 4 13 5 10 5 11 5 12 5 13 6 10 6 11 6 12 6 13 7 10 7 11 7 12 8 9 8 12 9 10 9 11
m14_47 14 35 0 7 0 9 0 10 0 13 1 8 1 12 1 13 2 8 2 12 2 13 3 9 3 10 3 11 3 12 3 13 4 9 4 10 4 11 4 12 4 13 5 9 5 10 5 11 5 12 5 13 6 9 6 10 6 11 6 12 6 13 7 11 7 12 8 9 8 10 8 11
m14_48 14 36 0 7 0 9 0 11 0 12 1 8 1 11 1 12 1 13 2 8 2 11 2 12 2 13 3 9 3 10 3 11 3 12 3 13 4 9 4 10 4 11 4 12 4 13 5 9 5 10 5 11 5 12 5 13 6 9 6 10 6 11 6 12 6 13 7 10 7 13 8 9 8 10
m14_49 14 33 0 7 0 8 0 9 0 12 1 8 1 9 1 12 1 13 2 8 2 11 2 12 2 13 3 8 3 11 3 12 3 13 4 9 4 10 4 12 4 13 5 9 5 10 5 12 5 13 6 10 6 11 6 12 6 13 7 10 7 11 7 13 8 10 9 11
m14_50 14 33 0 7 0 8 0 9 0 10 0 11 1 7 1 8 1 9 1 10 1 11 2 9 2 10 2 11 2 13 3 9 3 10 3 11 3 13 4 11 4 12 4 13 5 11 5 12 5 13 6 11 6 12 6 13 7 12 7 13 8 12 8 13 9 12 10 12
m14_51 14 31 0 7 0 8 0 9 0 10 0 13 1 7 1 8 1 9 1 10 1 13 2 9 2 12 2 13 3 9 3 12 3 13 4 10 4 11 4 13 5 10 5 11 5 13 6 11 6 12 6 13 7 11 7 12 8 11 8 12 9 11 10 12
m14_52 14 31 0 7 0 8 0 9 0 12 0 13 1 7 1 8 1 9 1 12 1 13 2 9 2 10 2 13 3 9 3 10 3 13 4 11 4 12 4 13 5 11 5 12 5 13 6 11 6 12 6 13 7 10 7 11 8 10 8 11 9 11 10 12
m14_53 14 35 0 7 0 8 0 9 0 11 0 12 1 7 1 8 1 9 1 11 1 12 2 9 2 11 2 12 2 13 3 9 3 11 3 12 3 13 4 10 4 11 4 12 4 13 5 10 5 11 5 12 5 13 6 10 6 11 6 12 6 13 7 10 7 13 8 10 8 13 9 10
m14_54 14 35 0 7 0 8 0 9 0 11 1 7 1 8 1 9 1 11 2 9 2 11 2 12 2 13 3 9 3 11 3 12 3 13 4 10 4 11 4 12 4 13 5 10 5 11 5 12 5 13 6 10 6 11 6 12 6 13 7 10 7 12 7 13 8 10 8 12 8 13 9 10
m14_55 14 34 0 7 0 8 0 9 0 13 1 7 1 8 1 9 1 13 2 9 2 12 2 13 3 9 3 12 3 13 4 10 4 11 4 12 4 13 5 10 5 11 5 12 5 13 6 10 6 11 6 12 6 13 7 10 7 11 7 12 8 10 8 11 8 12 9 10 9 11
m14_56 14 32 0 7 0 8 0 12 0 13 1 7 1 8 1 12 1 13 2 8 2 9 2 10 2 13 3 9 3 10 3 11 3 13 4 9 4 10 4 11 4 13 5 11 5 12 5 13 6 11 6 12 6 13 7 9 7 10 7 11 8 11 9 12 10 12
m14_57 14 29 0 7 0 8 0 11 0 12 1 7 1 8 1 11 1 12 2 8 2 9 2 10 3 9 3 12 3 13 4 9 4 12 4 13 5 10 5 11 5 13 6 10 6 11 6 13 7 9 7 10 7 13 8 13 9 11 10 12
m14_58 14 33 0 7 0 8 0 10 0 13 1 7 1 8 1 10 1 13 2 8 2 9 2 11 2 13 3 9 3 11 3 12 3 13 4 9 4 11 4 12 4 13 5 10 5 11 5 12 5 13 6 10 6 11 6 12 6 13 7 9 7 11 7 12 8 12 9 10
m14_59 14 34 0 7 0 8 0 10 0 12 0 13 1 7 1 8 1 10 1 12 1 13 2 8 2 9 2 12 2 13 3 9 3 11 3 12 3 13 4 9 4 11 4 12 4 13 5 10 5 11 5 12 5 13 6 10 6 11 6 12 6 13 7 9 7 11 8 11 9 10
m14_60 14 33 0 7 0 8 0 10 0 13 1 7 1 8 1 10 1 13 2 8 2 9 2 13 3 9 3 11 3 12 3 13 4 9 4 11 4 12 4 13 5 10 5 11 5 12 5 13 6 10 6 11 6 12 6 13 7 9 7 11 7 12 8 11 8 12 9 10
m14_61 14 36 0 7 0 8 0 13 1 7 1 8 1 13 2 8 2 12 2 13 3 9 3 10 3 11 3 12 3 13 4 9 4 10 4 11 4 12 4 13 5 9 5 10 5 11 5 12 5 13 6 9 6 10 6 11 6 12 6 13 7 9 7 10 7 11 7 12 8 9 8 10 8 11
m14_62 14 33 0 7 0 10 0 11 0 13 1 7 1 10 1 11 1 13 2 8 2 9 2 12 2 13 3 8 3 10 3 12 3 13 4 9 4 11 4 12 4 13 5 9 5 11 5 12 5 13 6 10 6 11 6 12 6 13 7 8 7 9 7 12 8 11 9 10
m14_63 14 38 0 7 0 9 0 11 0 12 0 13 1 7 1 9 1 11 1 12 1 13 2 8 2 10 2 11 2 12 2 13 3 8 3 10 3 11 3 12 3 13 4 8 4 10 4 11 4 12 4 13 5 9 5 10 5 11 5 12 5 13 6 9 6 10 6 11 6 12 6 13 7 8 7 10 8 9
m14_64 14 37 0 7 0 9 0 12 0 13 1 7 1 9 1 12 1 13 2 8 2 10 2 11 2 12 2 13 3 8 3 10 3 11 3 12 3 13 4 8 4 10 4 11 4 12 4 13 5 9 5 10 5 11 5 12 5 13 6 9 6 10 6 11 6 12 6 13 7 8 7 10 7 11 8 9
m14_65 14 36 0 7 0 9 0 13 1 7 1 9 1 13 2 8 2 10 2 11 2 12 2 13 3 8 3 10 3 11 3 12 3 13 4 8 4 10 4 11 4 12 4 13 5 9 5 10 5 11 5 12 5 13 6 9 6 10 6 11 6 12 6 13 7 8 7 10 7 11 7 12 8 9
m14_66 14 31 0 7 0 8 0 9 0 13 1 7 1 8 1 10 1 13 2 7 2 10 2 12 2 13 3 8 3 10 3 11 3 13 4 9 4 11 4 12 4 13 5 9 5 11 5 12 5 13 6 10 6 11 6 12 6 13 7 11 8 12 9 10
m14_68 14 31 0 6 0 9 0 11 0 12 1 7 1 9 1 10 1 12 2 8 2 9 2 10 2 11 3 10 3 11 3 12 3 13 4 10 4 11 4 12 4 13 5 10 5 11 5 12 5 13 6 10 6 13 7 11 7 13 8 12 8 13 9 13
m14_69 14 31 0 6 0 9 0 12 1 7 1 9 1 11 2 8 2 9 2 10 3 10 3 11 3 12 3 13 4 10 4 11 4 12 4 13 5 10 5 11 5 12 5 13 6 10 6 11 6 13 7 10 7 12 7 13 8 11 8 12 8 13 9 13
m14_70 14 31 0 6 0 9 0 11 0 12 1 7 1 9 1 10 1 12 2 8 2 9 2 10 2 11 3 9 3 10 3 11 3 12 4 10 4 11 4 12 4 13 5 10 5 11 5 12 5 13 6 10 6 13 7 11 7 13 8 12 8 13 9 13
m14_71 14 31 0 6 0 9 0 13 1 7 1 9 1 12 2 8 2 9 2 11 3 9 3 11 3 12 3 13 4 10 4 11 4 12 4 13 5 10 5 11 5 12 5 13 6 10 6 11 6 12 7 10 7 11 7 13 8 10 8 12 8 13 9 10
m14_72 14 33 0 6 0 9 0 12 0 13 1 7 1 9 1 11 1 13 2 8 2 9 2 10 2 13 3 9 3 10 3 11 3 12 3 13 4 9 4 10 4 11 4 12 4 13 5 9 5 10 5 11 5 12 5 13 6 10 6 11 7 10 7 12 8 11 8 12
m14_73 14 33 0 6 0 9 0 12 1 7 1 9 1 11 1 13 2 8 2 9 2 10 2 13 3 9 3 10 3 11 3 12 3 13 4 9 4 10 4 11 4 12 4 13 5 9 5 10 5 11 5 12 5 13 6 10 6 11 6 13 7 10 7 12 8 11 8 12
m14_74 14 32 0 6 0 8 0 9 0 12 1 7 1 8 1 9 1 10 2 8 2 10 2 12 2 13 3 9 3 10 3 11 3 12 4 10 4 11 4 12 4 13 5 10 5 11 5 12 5 13 6 10 6 11 6 13 7 11 7 12 7 13 8 11 9 13
m14_75 14 35 0 6 0 8 0 9 0 10 0 13 1 7 1 8 1 9 1 10 1 12 2 8 2 9 2 10 2 12 2 13 3 9 3 10 3 11 3 12 3 13 4 9 4 10 4 11 4 12 4 13 5 9 5 10 5 11 5 12 5 13 6 11 6 12 7 11 7 13 8 11
m14_76 14 35 0 6 0 8 0 9 0 13 1 7 1 8 1 9 1 11 1 12 2 8 2 9 2 11 2 12 2 13 3 9 3 10 3 11 3 12 3 13 4 9 4 10 4 11 4 12 4 13 5 9 5 10 5 11 5 12 5 13 6 10 6 11 6 12 7 10 7 13 8 10
m14_77 14 35 0 6 0 8 0 9 0 12 1 7 1 8 1 9 1 11 2 8 2 9 2 11 2 12 2 13 3 9 3 10 3 11 3 12 3 13 4 9 4 10 4 11 4 12 4 13 5 9 5 10 5 11 5 12 5 13 6 10 6 11 6 13 7 10 7 12 7 13 8 10
m14_78 14 35 0 6 0 8 0 9 0 13 1 7 1 8 1 9 1 12 2 8 2 9 2 12 2 13 3 9 3 10 3 11 3 12 3 13 4 9 4 10 4 11 4 12 4 13 5 9 5 10 5 11 5 12 5 13 6 10 6 11 6 12 7 10 7 11 7 13 8 10 8 11
m14_79 14 31 0 6 0 9 0 10 0 13 1 7 1 9 1 10 1 12 2 8 2 9 2 12 2 13 3 8 3 9 3 12 3 13 4 10 4 11 4 12 4 13 5 10 5 11 5 12 5 13 6 11 6 12 7 11 7 13 8 10 8 11 9 11
m14_80 14 30 0 6 0 9 0 11 1 7 1 9 1 10 2 8 2 9 2 13 3 8 3 9 3 13 4 10 4 11 4 12 4 13 5 10 5 11 5 12 5 13 6 10 6 12 6 13 7 11 7 12 7 13 8 10 8 11 8 12 9 12
m14_81 14 32 0 6 0 8 0 9 0 13 1 7 1 8 1 9 1 12 2 8 2 9 2 12 2 13 3 8 3 11 3 12 3 13 4 9 4 10 4 12 4 13 5 10 5 11 5 12 5 13 6 10 6 11 6 12 7 10 7 11 7 13 8 10 9 11
m14_82 14 32 0 6 0 7 0 9 0 10 1 7 1 8 1 9 1 12 2 8 2 9 2 12 2 13 3 9 3 10 3 12 3 13 4 10 4 11 4 12 4 13 5 10 5 11 5 12 5 13 6 11 6 12 6 13 7 11 7 13 8 10 8 11 9 11
m14_83 14 36 0 6 0 7 0 8 0 10 0 11 1 7 1 8 1 10 1 11 1 13 2 8 2 10 2 11 2 12 2 13 3 8 3 10 3 11 3 12 3 13 4 9 4 10 4 11 4 12 4 13 5 9 5 10 5 11 5 12 5 13 6 9 6 12 6 13 7 9 7 12 8 9
m14_84 14 36 0 6 0 7 0 8 0 10 1 7 1 8 1 10 1 12 1 13 2 8 2 10 2 11 2 12 2 13 3 8 3 10 3 11 3 12 3 13 4 9 4 10 4 11 4 12 4 13 5 9 5 10 5 11 5 12 5 13 6 9 6 11 6 12 6 13 7 9 7 11 8 9
m14_85 14 35 0 6 0 7 0 9 0 10 0 11 1 7 1 8 1 10 1 11 1 12 2 8 2 10 2 11 2 12 2 13 3 9 3 10 3 11 3 12 3 13 4 9 4 10 4 11 4 12 4 13 5 9 5 10 5 11 5 12 5 13 6 8 6 12 6 13 7 13 8 9
m14_86 14 35 0 6 0 7 0 9 0 10 0 11 1 7 1 8 1 10 1 11 2 8 2 10 2 11 2 12 2 13 3 9 3 10 3 11 3 12 3 13 4 9 4 10 4 11 4 12 4 13 5 9 5 10 5 11 5 12 5 13 6 8 6 12 6 13 7 12 7 13 8 9
m14_87 14 35 0 6 0 7 0 9 0 10 1 7 1 8 1 10 1 11 1 12 2 8 2 10 2 11 2 12 2 13 3 9 3 10 3 11 3 12 3 13 4 9 4 10 4 11 4 12 4 13 5 9 5 10 5 11 5 12 5 13 6 8 6 11 6 12 6 13 7 13 8 9
m14_88 14 35 0 6 0 7 0 9 0 10 1 7 1 8 1 10 1 11 2 8 2 10 2 11 2 12 2 13 3 9 3 10 3 11 3 12 3 13 4 9 4 10 4 11 4 12 4 13 5 9 5 10 5 11 5 12 5 13 6 8 6 11 6 12 6 13 7 12 7 13 8 9
m14_89 14 35 0 6 0 7 0 9 0 10 1 7 1 8 1 10 2 8 2 10 2 11 2 12 2 13 3 9 3 10 3 11 3 12 3 13 4 9 4 10 4 11 4 12 4 13 5 9 5 10 5 11 5 12 5 13 6 8 6 11 6 12 6 13 7 11 7 12 7 13 8 9
m14_90 14 34 0 6 0 7 0 9 0 10 0 11 1 7 1 8 1 11 1 12 2 8 2 11 2 12 2 13 3 9 3 10 3 11 3 12 3 13 4 9 4 10 4 11 4 12 4 13 5 9 5 10 5 11 5 12 5 13 6 8 6 12 6 13 7 13 8 9 8 10
m14_91 14 34 0 6 0 7 0 9 0 10 0 11 1 7 1 8 1 11 2 8 2 11 2 12 2 13 3 9 3 10 3 11 3 12 3 13 4 9 4 10 4 11 4 12 4 13 5 9 5 10 5 11 5 12 5 13 6 8 6 12 6 13 7 12 7 13 8 9 8 10
m14_92 14 34 0 6 0 7 0 9 0 11 0 12 1 7 1 8 1 11 1 12 2 8 2 11 2 12 2 13 3 9 3 10 3 11 3 12 3 13 4 9 4 10 4 11 4 12 4 13 5 9 5 10 5 11 5 12 5 13 6 8 6 13 7 10 7 13 8 9 8 10
m14_93 14 34 0 6 0 7 0 9 0 11 1 7 1 8 1 11 1 13 2 8 2 11 2 12 2 13 3 9 3 10 3 11 3 12 3 13 4 9 4 10 4 11 4 12 4 13 5 9 5 10 5 11 5 12 5 13 6 8 6 12 6 13 7 10 7 12 8 9 8 10
m14_94 14 32 0 6 0 9 0 10 0 12 1 7 1 8 1 9 1 10 1 11 2 7 2 8 2 9 2 10 2 11 3 9 3 10 3 11 3 12 4 11 4 12 4 13 5 11 5 12 5 13 6 11 6 13 7 12 7 13 8 12 8 13 9 13 10 13
m14_95 14 33 0 6 0 9 0 10 0 11 1 7 1 8 1 9 1 10 1 13 2 7 2 8 2 9 2 10 2 13 3 9 3 10 3 11 3 13 4 10 4 11 4 12 4 13 5 10 5 11 5 12 5 13 6 12 6 13 7 11 7 12 8 11 8 12 9 12
m14_96 14 33 0 6 0 9 0 10 0 11 1 7 1 8 1 9 1 13 2 7 2 8 2 9 2 13 3 9 3 10 3 11 3 13 4 10 4 11 4 12 4 13 5 10 5 11 5 12 5 13 6 12 6 13 7 10 7 11 7 12 8 10 8 11 8 12 9 12
m14_97 14 33 0 6 0 9 0 10 1 7 1 8 1 9 1 12 1 13 2 7 2 8 2 9 2 12 2 13 3 9 3 10 3 12 3 13 4 10 4 11 4 12 4 13 5 10 5 11 5 12 5 13 6 11 6 12 6 13 7 10 7 11 8 10 8 11 9 11
m14_98 14 33 0 6 0 9 0 10 1 7 1 8 1 9 1 12 2 7 2 8 2 9 2 12 3 9 3 10 3 12 3 13 4 10 4 11 4 12 4 13 5 10 5 11 5 12 5 13 6 11 6 12 6 13 7 10 7 11 7 13 8 10 8 11 8 13 9 11
m14_99 14 29 0 6 0 10 0 13 1 7 1 8 1 10 1 12 2 7 2 8 2 10 2 12 3 9 3 12 3 13 4 9 4 12 4 13 5 10 5 11 5 12 5 13 6 11 6 12 7 11 7 13 8 11 8 13 9 10 9 11
m14_100 14 33 0 6 0 8 0 9 0 10 1 7 1 8 1 9 1 11 2 7 2 8 2 9 2 11 3 9 3 10 3 11 3 12 4 10 4 11 4 12 4 13 5 10 5 11 5 12 5 13 6 11 6 12 6 13 7 10 7 12 7 13 8 12 8 13 9 13
m14_101 14 29 0 6 0 8 0 9 0 13 1 7 1 8 1 11 2 7 2 9 2 10 3 8 3 9 3 12 3 13 4 10 4 11 4 12 4 13 5 10 5 11 5 12 5 13 6 10 6 11 6 12 7 12 7 13 8 10 9 11
m14_102 14 31 0 6 0 8 0 12 0 13 1 7 1 8 1 9 1 12 2 7 2 9 2 11 2 12 3 8 3 10 3 12 3 13 4 10 4 11 4 12 4 13 5 10 5 11 5 12 5 13 6 9 6 10 6 11 7 10 7 13 8 11 9 13
m14_103 14 31 0 6 0 8 0 9 0 12 1 7 1 9 1 12 1 13 2 7 2 11 2 12 2 13 3 8 3 10 3 11 3 12 4 9 4 10 4 12 4 13 5 10 5 11 5 12 5 13 6 10 6 11 6 13 7 8 7 10 8 13 9 11
m14_104 14 34 0 6 0 8 0 13 1 7 1 11 1 12 1 13 2 7 2 11 2 12 2 13 3 8 3 9 3 10 3 11 3 13 4 9 4 10 4 11 4 12 4 13 5 9 5 10 5 11 5 12 5 13 6 9 6 10 6 11 6 12 7 8 7 9 7 10 8 12
m14_105 14 34 0 6 0 8 0 12 0 13 1 7 1 11 1 12 1 13 2 7 2 11 2 12 2 13 3 8 3 9 3 10 3 12 3 13 4 9 4 10 4 11 4 12 4 13 5 9 5 10 5 11 5 12 5 13 6 9 6 10 6 11 7 8 7 9 7 10 8 11
m14_106 14 34 0 6 0 8 0 13 1 7 1 11 1 12 1 13 2 7 2 11 2 12 2 13 3 8 3 9 3 10 3 13 4 9 4 10 4 11 4 12 4 13 5 9 5 10 5 11 5 12 5 13 6 9 6 10 6 11 6 12 7 8 7 9 7 10 8 11 8 12
m14_107 14 35 0 6 0 8 0 11 0 12 0 13 1 7 1 10 1 11 1 12 1 13 2 7 2 10 2 11 2 12 2 13 3 8 3 9 3 11 3 12 3 13 4 9 4 10 4 11 4 12 4 13 5 9 5 10 5 11 5 12 5 13 6 9 6 10 7 8 7 9 8 10
m14_108 14 35 0 6 0 8 0 12 0 13 1 7 1 10 1 11 1 12 1 13 2 7 2 10 2 11 2 12 2 13 3 8 3 9 3 11 3 12 3 13 4 9 4 10 4 11 4 12 4 13 5 9 5 10 5 11 5 12 5 13 6 9 6 10 6 11 7 8 7 9 8 10
m14_109 14 35 0 6 0 8 0 13 1 7 1 10 1 11 1 12 1 13 2 7 2 10 2 11 2 12 2 13 3 8 3 9 3 11 3 12 3 13 4 9 4 10 4 11 4 12 4 13 5 9 5 10 5 11 5 12 5 13 6 9 6 10 6 11 6 12 7 8 7 9 8 10
m14_110 14 35 0 6 0 8 0 12 0 13 1 7 1 10 1 11 1 12 1 13 2 7 2 10 2 11 2 12 2 13 3 8 3 9 3 12 3 13 4 9 4 10 4 11 4 12 4 13 5 9 5 10 5 11 5 12 5 13 6 9 6 10 6 11 7 8 7 9 8 10 8 11
m14_111 14 35 0 6 0 8 0 13 1 7 1 10 1 11 1 12 1 13 2 7 2 10 2 11 2 12 2 13 3 8 3 9 3 12 3 13 4 9 4 10 4 11 4 12 4 13 5 9 5 10 5 11 5 12 5 13 6 9 6 10 6 11 6 12 7 8 7 9 8 10 8 11
m14_112 14 35 0 6 0 8 0 9 0 10 0 11 1 7 1 9 1 10 1 11 1 12 2 7 2 9 2 10 2 11 2 12 3 8 3 9 3 10 3 11 3 12 4 8 4 9 4 10 4 11 4 12 5 8 5 12 5 13 6 12 6 13 7 8 7 13 9 13 10 13 11 13
m14_113 14 34 0 6 0 7 0 8 0 13 1 7 1 8 1 12 1 13 2 7 2 11 2 12 2 13 3 8 3 10 3 12 3 13 4 9 4 10 4 11 4 12 4 13 5 9 5 10 5 11 5 12 5 13 6 9 6 10 6 11 6 12 7 9 7 10 8 9 8 11
m14_114 14 32 0 6 0 7 0 8 0 13 1 7 1 10 1 12 1 13 2 7 2 10 2 12 2 13 3 8 3 9 3 11 3 13 4 8 4 9 4 11 4 13 5 9 5 11 5 12 5 13 6 10 6 11 6 12 7 9 7 11 8 10 8 12 9 10
m14_115 14 33 0 6 0 7 0 8 0 13 1 7 1 10 1 11 1 12 1 13 2 7 2 10 2 11 2 12 2 13 3 8 3 9 3 12 3 13 4 8 4 9 4 12 4 13 5 9 5 11 5 12 5 13 6 10 6 11 6 12 7 9 8 10 8 11 9 10
m14_116 14 34 0 6 0 7 0 11 0 12 0 13 1 7 1 8 1 12 1 13 2 7 2 8 2 12 2 13 3 9 3 10 3 11 3 12 3 13 4 9 4 10 4 11 4 12 4 13 5 9 5 10 5 11 5 12 5 13 6 8 6 9 6 10 7 9 7 10 8 11
m14_117 14 34 0 6 0 7 0 11 0 13 1 7 1 8 1 12 1 13 2 7 2 8 2 12 2 13 3 9 3 10 3 11 3 12 3 13 4 9 4 10 4 11 4 12 4 13 5 9 5 10 5 11 5 12 5 13 6 8 6 9 6 10 6 12 7 9 7 10 8 11
m14_118 14 33 0 6 0 7 0 11 0 12 0 13 1 7 1 8 1 13 2 7 2 8 2 13 3 9 3 10 3 11 3 12 3 13 4 9 4 10 4 11 4 12 4 13 5 9 5 10 5 11 5 12 5 13 6 8 6 9 6 10 7 9 7 10 8 11 8 12
m14_119 14 35 0 6 0 7 0 10 0 11 0 12 1 7 1 8 1 11 1 12 1 13 2 7 2 8 2 11 2 12 2 13 3 9 3 10 3 11 3 12 3 13 4 9 4 10 4 11 4 12 4 13 5 9 5 10 5 11 5 12 5 13 6 8 6 9 6 13 7 9 8 10
m14_120 14 35 0 6 0 7 0 11 0 12 0 13 1 7 1 8 1 11 1 12 1 13 2 7 2 8 2 11 2 12 2 13 3 9 3 10 3 11 3 12 3 13 4 9 4 10 4 11 4 12 4 13 5 9 5 10 5 11 5 12 5 13 6 8 6 9 7 9 7 10 8 10
m14_121 14 35 0 6 0 7 0 12 0 13 1 7 1 8 1 11 1 12 1 13 2 7 2 8 2 11 2 12 2 13 3 9 3 10 3 11 3 12 3 13 4 9 4 10 4 11 4 12 4 13 5 9 5 10 5 11 5 12 5 13 6 8 6 9 6 11 7 9 7 10 8 10
m14_122 14 35 0 6 0 7 0 13 1 7 1 8 1 11 1 12 1 13 2 7 2 8 2 11 2 12 2 13 3 9 3 10 3 11 3 12 3 13 4 9 4 10 4 11 4 12 4 13 5 9 5 10 5 11 5 12 5 13 6 8 6 9 6 11 6 12 7 9 7 10 8 10
m14_123 14 34 0 6 0 7 0 11 0 12 0 13 1 7 1 8 1 12 1 13 2 7 2 8 2 12 2 13 3 9 3 10 3 11 3 12 3 13 4 9 4 10 4 11 4 12 4 13 5 9 5 10 5 11 5 12 5 13 6 8 6 9 7 9 7 10 8 10 8 11
m14_124 14 34 0 6 0 7 0 11 0 12 1 7 1 8 1 12 1 13 2 7 2 8 2 12 2 13 3 9 3 10 3 11 3 12 3 13 4 9 4 10 4 11 4 12 4 13 5 9 5 10 5 11 5 12 5 13 6 8 6 9 6 13 7 9 7 10 8 10 8 11
m14_125 14 36 0 6 0 7 0 10 0 11 0 12 1 7 1 10 1 11 1 12 1 13 2 7 2 10 2 11 2 12 2 13 3 8 3 9 3 11 3 12 3 13 4 8 4 9 4 11 4 12 4 13 5 9 5 10 5 11 5 12 5 13 6 8 6 9 6 13 7 8 7 9 8 10
m14_126 14 32 0 6 0 7 0 10 0 12 1 6 1 7 1 10 1 12 2 8 2 9 2 12 2 13 3 8 3 9 3 12 3 13 4 8 4 9 4 12 4 13 5 10 5 11 5 12 5 13 6 11 6 13 7 11 7 13 8 10 8 11 9 10 9 11
m14_127 14 32 0 6 0 7 0 10 0 12 1 6 1 7 1 10 1 12 2 8 2 9 2 12 2 13 3 8 3 9 3 12 3 13 4 8 4 9 4 12 4 13 5 10 5 11 5 12 6 11 6 13 7 11 7 13 8 10 8 11 9 10 9 11 10 13
m14_128 14 33 0 6 0 7 0 12 0 13 1 6 1 11 1 12 1 13 2 7 2 8 2 9 2 10 2 13 3 8 3 9 3 10 3 11 3 13 4 9 4 10 4 11 4 12 4 13 5 9 5 10 5 11 5 12 5 13 6 8 6 9 6 10 7 11 8 12
m14_129 14 33 0 6 0 7 0 13 1 6 1 11 1 12 1 13 2 7 2 8 2 9 2 10 2 13 3 8 3 9 3 10 3 12 3 13 4 9 4 10 4 11 4 12 4 13 5 9 5 10 5 11 5 12 5 13 6 8 6 9 6 10 7 11 7 12 8 11
m14_130 14 33 0 6 0 7 0 12 0 13 1 6 1 11 1 12 1 13 2 7 2 8 2 9 2 13 3 8 3 9 3 10 3 11 3 13 4 9 4 10 4 11 4 12 4 13 5 9 5 10 5 11 5 12 5 13 6 8 6 9 6 10 7 10 7 11 8 12
m14_131 14 34 0 6 0 7 0 12 0 13 1 6 1 11 1 12 1 13 2 7 2 8 2 9 2 12 2 13 3 8 3 9 3 10 3 12 3 13 4 9 4 10 4 11 4 12 4 13 5 9 5 10 5 11 5 12 5 13 6 8 6 9 6 10 7 10 7 11 8 11
m14_132 14 33 0 6 0 7 0 12 0 13 1 6 1 11 1 12 1 13 2 7 2 8 2 9 2 13 3 8 3 9 3 10 3 13 4 9 4 10 4 11 4 12 4 13 5 9 5 10 5 11 5 12 5 13 6 8 6 9 6 10 7 10 7 11 8 11 8 12
m14_133 14 34 0 6 0 7 0 10 0 12 0 13 1 6 1 10 1 11 1 12 1 13 2 7 2 8 2 9 2 12 2 13 3 8 3 9 3 11 3 12 3 13 4 9 4 10 4 11 4 12 4 13 5 9 5 10 5 11 5 12 5 13 6 8 6 9 7 11 8 10
m14_134 14 33 0 6 0 7 0 10 0 13 1 6 1 10 1 11 1 12 1 13 2 7 2 8 2 9 2 13 3 8 3 9 3 11 3 12 3 13 4 9 4 10 4 11 4 12 4 13 5 9 5 10 5 11 5 12 5 13 6 8 6 9 7 11 7 12 8 10
m14_135 14 38 0 6 0 7 0 10 0 11 0 12 0 13 1 6 1 9 1 10 1 11 1 12 1 13 2 7 2 8 2 10 2 11 2 12 2 13 3 8 3 9 3 10 3 11 3 12 3 13 4 8 4 9 4 10 4 11 4 12 4 13 5 8 5 9 5 10 5 11 5 12 5 13 6 8 7 9
m14_136 14 38 0 6 0 7 0 11 0 12 0 13 1 6 1 7 1 11 1 12 1 13 2 7 2 10 2 11 2 12 2 13 3 8 3 9 3 10 3 11 3 12 3 13 4 8 4 9 4 10 4 11 4 12 4 13 5 8 5 9 5 10 5 11 5 12 5 13 6 8 6 9 6 10 7 8 7 9
m14_137 14 33 0 6 0 9 0 10 0 12 0 13 1 6 1 9 1 10 1 12 1 13 2 7 2 8 2 9 2 10 2 13 3 7 3 8 3 9 3 10 3 13 4 11 4 12 4 13 5 11 5 12 5 13 6 8 6 11 7 11 7 12 8 12 9 11 10 11
m14_138 14 35 0 6 0 9 0 10 0 11 0 12 1 6 1 9 1 10 1 11 1 12 2 7 2 8 2 9 2 10 2 11 3 7 3 8 3 9 3 10 3 11 4 8 4 9 4 10 4 11 4 12 5 8 5 12 5 13 6 8 6 13 7 12 7 13 9 13 10 13 11 13
m14_139 14 34 0 6 0 7 0 9 0 10 0 13 1 6 1 8 1 9 1 10 1 13 2 7 2 9 2 10 2 11 2 13 3 7 3 9 3 10 3 11 3 13 4 8 4 11 4 12 4 13 5 8 5 11 5 12 5 13 6 11 6 12 7 8 7 12 9 12 10 12
m14_140 14 35 0 6 0 8 0 9 0 10 0 12 0 13 1 6 1 8 1 9 1 10 1 12 1 13 2 7 2 8 2 12 2 13 3 7 3 11 3 12 3 13 4 9 4 10 4 11 4 12 4 13 5 9 5 10 5 11 5 12 5 13 6 7 6 11 7 9 7 10 8 11
m14_141 14 33 0 6 0 8 0 12 0 13 1 6 1 9 1 12 1 13 2 7 2 8 2 10 2 11 2 13 3 7 3 9 3 10 3 11 3 13 4 8 4 10 4 11 4 12 4 13 5 9 5 10 5 11 5 12 5 13 6 7 6 10 6 11 7 12 8 9
m14_142 14 34 0 6 0 8 0 11 0 12 0 13 1 6 1 9 1 11 1 12 1 13 2 7 2 8 2 10 2 12 2 13 3 7 3 9 3 10 3 12 3 13 4 8 4 10 4 11 4 12 4 13 5 9 5 10 5 11 5 12 5 13 6 7 6 10 7 11 8 9
m14_143 14 36 0 6 0 9 0 11 0 12 0 13 1 6 1 9 1 11 1 12 1 13 2 7 2 8 2 10 2 12 2 13 3 7 3 8 3 10 3 12 3 13 4 8 4 10 4 11 4 12 4 13 5 9 5 10 5 11 5 12 5 13 6 7 6 8 6 10 7 9 7 11 8 9
m14_144 14 28 0 5 0 9 0 12 0 13 1 6 1 9 1 11 1 13 2 7 2 9 2 11 2 12 3 8 3 11 3 12 3 13 4 8 4 11 4 12 4 13 5 10 5 11 6 10 6 12 7 10 7 13 8 9 8 10
m14_145 14 30 0 5 0 7 0 10 0 12 1 6 1 8 1 10 1 13 2 7 2 8 2 9 2 10 3 10 3 11 3 12 3 13 4 10 4 11 4 12 4 13 5 8 5 9 5 11 6 9 6 11 6 12 7 11 7 13 8 12 9 13
m14_146 14 29 0 5 0 6 0 9 0 10 1 6 1 7 1 9 1 12 2 7 2 9 2 12 2 13 3 8 3 10 3 12 3 13 4 8 4 10 4 12 4 13 5 11 5 12 5 13 6 11 6 13 7 10 7 11 8 9 8 11
m14_147 14 33 0 5 0 6 0 8 0 9 1 6 1 8 1 9 1 10 1 11 2 7 2 9 2 10 2 11 2 13 3 7 3 9 3 10 3 11 3 13 4 8 4 10 4 11 4 12 5 10 5 11 5 12 5 13 6 12 6 13 7 8 7 12 8 13 9 12
m14_148 14 32 0 5 0 6 0 8 0 9 1 6 1 8 1 9 1 10 1 11 2 7 2 9 2 11 2 12 3 7 3 9 3 11 3 12 4 8 4 10 4 11 4 12 4 13 5 10 5 11 5 12 5 13 6 12 6 13 7 8 7 10 7 13 9 13
m14_149 14 32 0 5 0 6 0 8 0 9 1 6 1 8 1 9 1 10 1 11 2 7 2 9 2 11 2 12 3 7 3 9 3 11 3 12 4 8 4 10 4 11 4 13 5 10 5 11 5 12 5 13 6 12 6 13 7 8 7 10 7 13 8 12 9 13
m14_150 14 32 0 5 0 6 0 8 0 9 1 6 1 8 1 9 1 10 2 7 2 9 2 11 2 12 3 7 3 9 3 11 3 12 4 8 4 10 4 11 4 12 4 13 5 10 5 11 5 12 5 13 6 11 6 12 6 13 7 8 7 10 7 13 9 13
m14_151 14 33 0 5 0 6 0 8 0 12 0 13 1 6 1 8 1 11 1 12 1 13 2 7 2 10 2 11 2 12 2 13 3 7 3 10 3 11 3 12 3 13 4 8 4 9 4 11 4 12 4 13 5 9 5 10 5 11 6 9 6 10 7 8 7 9 8 10
m14_152 14 33 0 5 0 6 0 8 0 12 1 6 1 8 1 11 1 12 1 13 2 7 2 10 2 11 2 12 2 13 3 7 3 10 3 11 3 12 3 13 4 8 4 9 4 11 4 12 4 13 5 9 5 10 5 11 5 13 6 9 6 10 7 8 7 9 8 10
m14_153 14 33 0 5 0 6 0 8 0 12 1 6 1 8 1 11 1 12 2 7 2 10 2 11 2 12 2 13 3 7 3 10 3 11 3 12 3 13 4 8 4 9 4 11 4 12 4 13 5 9 5 10 5 11 5 13 6 9 6 10 6 13 7 8 7 9 8 10
m14_154 14 33 0 5 0 6 0 8 0 12 0 13 1 6 1 8 1 11 1 12 1 13 2 7 2 10 2 11 2 12 2 13 3 7 3 10 3 11 3 12 3 13 4 8 4 9 4 11 4 12 5 9 5 10 5 11 6 9 6 10 7 8 7 9 8 10 9 13
m14_155 14 32 0 5 0 7 0 11 0 12 0 13 1 6 1 7 1 8 1 11 1 13 2 6 2 8 2 9 2 11 2 13 3 7 3 10 3 11 3 12 3 13 4 9 4 10 4 11 4 12 4 13 5 8 5 9 5 10 6 10 6 12 7 9 8 12
m14_156 14 32 0 5 0 7 0 11 0 12 1 6 1 7 1 8 1 11 1 13 2 6 2 8 2 9 2 11 2 13 3 7 3 10 3 11 3 12 3 13 4 9 4 10 4 11 4 12 4 13 5 8 5 9 5 10 5 13 6 10 6 12 7 9 8 12
m14_157 14 33 0 5 0 7 0 8 0 10 1 6 1 8 1 10 1 11 1 13 2 6 2 10 2 11 2 12 2 13 3 7 3 8 3 9 3 10 3 11 4 9 4 10 4 11 4 12 4 13 5 9 5 11 5 12 5 13 6 7 6 9 7 12 7 13 8 12
m14_158 14 33 0 5 0 7 0 8 0 10 1 6 1 8 1 10 1 11 2 6 2 10 2 11 2 12 2 13 3 7 3 8 3 9 3 10 3 11 4 9 4 10 4 11 4 12 4 13 5 9 5 11 5 12 5 13 6 7 6 9 7 12 7 13 8 12 8 13
m14_159 14 31 0 4 0 8 0 10 0 12 1 5 1 8 1 9 1 13 2 6 2 7 2 8 2 12 2 13 3 6 3 7 3 11 3 12 3 13 4 9 4 11 4 13 5 10 5 11 5 12 6 9 6 10 7 9 7 10 8 11 9 12 10 13
m14_0 14 30 0 9 0 10 0 11 1 10 1 11 1 13 2 11 2 12 2 13 3 11 3 12 3 13 4 11 4 12 4 13 5 11 5 12 5 13 6 11 6 12 6 13 7 11 7 12 7 13 8 11 8 12 8 13 9 12 9 13 10 12
m14_1 14 30 0 9 0 10 0 13 1 10 1 12 1 13 2 10 2 12 2 13 3 11 3 12 3 13 4 11 4 12 4 13 5 11 5 12 5 13 6 11 6 12 6 13 7 11 7 12 7 13 8 11 8 12 8 13 9 11 9 12 10 11
m14_2 14 30 0 9 0 10 0 13 1 10 1 12 1 13 2 10 2 12 2 13 3 10 3 12 3 13 4 11 4 12 4 13 5 11 5 12 5 13 6 11 6 12 6 13 7 11 7 12 7 13 8 11 8 12 8 13 9 11 9 12 10 11
m14_3 14 30 0 9 0 10 0 12 1 10 1 12 1 13 2 10 2 12 2 13 3 10 3 12 3 13 4 10 4 12 4 13 5 11 5 12 5 13 6 11 6 12 6 13 7 11 7 12 7 13 8 11 8 12 8 13 9 11 9 13 10 11
m14_6 14 29 0 8 0 10 0 13 1 9 1 10 1 12 2 10 2 12 2 13 3 11 3 12 3 13 4 11 4 12 4 13 5 11 5 12 5 13 6 11 6 12 6 13 7 11 7 12 7 13 8 11 8 12 9 11 9 13 10 11
m14_7 14 29 0 8 0 10 0 13 1 9 1 10 1 12 2 10 2 12 2 13 3 10 3 12 3 13 4 11 4 12 4 13 5 11 5 12 5 13 6 11 6 12 6 13 7 11 7 12 7 13 8 11 8 12 9 11 9 13 10 11
m14_8 14 29 0 8 0 10 0 13 1 9 1 10 1 12 2 10 2 12 2 13 3 10 3 12 3 13 4 10 4 12 4 13 5 11 5 12 5 13 6 11 6 12 6 13 7 11 7 12 7 13 8 11 8 12 9 11 9 13 10 11
m14_9 14 34 0 8 0 10 0 13 1 9 1 10 1 12 2 10 2 11 2 12 2 13 3 10 3 11 3 12 3 13 4 10 4 11 4 12 4 13 5 10 5 11 5 12 5 13 6 10 6 11 6 12 6 13 7 10 7 11 7 12 7 13 8 11 8 12 9 11 9 13
m14_10 14 32 0 8 0 9 0 10 0 13 1 8 1 9 1 10 1 13 2 9 2 10 2 12 2 13 3 9 3 10 3 12 3 13 4 11 4 12 4 13 5 11 5 12 5 13 6 11 6 12 6 13 7 11 7 12 7 13 8 11 8 12 9 11 10 11
m14_11 14 30 0 8 0 9 0 10 0 13 1 8 1 9 1 10 1 13 2 9 2 12 2 13 3 9 3 12 3 13 4 10 4 11 4 13 5 10 5 11 5 13 6 11 6 12 6 13 7 11 7 12 7 13 8 11 8 12 9 11 10 12
m14_12 14 35 0 8 0 9 0 12 0 13 1 8 1 9 1 12 1 13 2 9 2 11 2 12 2 13 3 9 3 11 3 12 3 13 4 10 4 11 4 12 4 13 5 10 5 11 5 12 5 13 6 10 6 11 6 12 6 13 7 10 7 11 7 12 7 13 8 10 8 11 9 10
m14_13 14 34 0 8 0 9 0 13 1 8 1 9 1 13 2 9 2 11 2 12 2 13 3 9 3 11 3 12 3 13 4 10 4 11 4 12 4 13 5 10 5 11 5 12 5 13 6 10 6 11 6 12 6 13 7 10 7 11 7 12 7 13 8 10 8 11 8 12 9 10
m14_14 14 33 0 8 0 9 0 13 1 8 1 9 1 13 2 9 2 12 2 13 3 9 3 12 3 13 4 10 4 11 4 12 4 13 5 10 5 11 5 12 5 13 6 10 6 11 6 12 6 13 7 10 7 11 7 12 7 13 8 10 8 11 8 12 9 10 9 11
m14_15 14 32 0 8 0 9 0 10 0 13 1 8 1 9 1 10 1 13 2 8 2 9 2 10 2 13 3 9 3 10 3 11 3 13 4 11 4 12 4 13 5 11 5 12 5 13 6 11 6 12 6 13 7 11 7 12 7 13 8 11 8 12 9 12 10 12
m14_16 14 31 0 8 0 9 0 10 0 13 1 8 1 9 1 10 1 13 2 8 2 9 2 10 2 13 3 9 3 12 3 13 4 10 4 11 4 13 5 11 5 12 5 13 6 11 6 12 6 13 7 11 7 12 7 13 8 11 8 12 9 11 10 12
m14_17 14 35 0 8 0 9 0 12 0 13 1 8 1 9 1 12 1 13 2 8 2 9 2 12 2 13 3 9 3 10 3 12 3 13 4 10 4 11 4 12 4 13 5 10 5 11 5 12 5 13 6 10 6 11 6 12 6 13 7 10 7 11 7 12 7 13 8 10 8 11 9 11
m14_18 14 33 0 8 0 9 0 13 1 8 1 9 1 13 2 8 2 9 2 13 3 9 3 10 3 12 3 13 4 10 4 11 4 12 4 13 5 10 5 11 5 12 5 13 6 10 6 11 6 12 6 13 7 10 7 11 7 12 7 13 8 10 8 11 8 12 9 11
m14_19 14 33 0 8 0 9 0 13 1 8 1 9 1 13 2 8 2 9 2 13 3 9 3 12 3 13 4 10 4 11 4 12 4 13 5 10 5 11 5 12 5 13 6 10 6 11 6 12 6 13 7 10 7 11 7 12 7 13 8 10 8 11 8 12 9 10 9 11
m14_24 14 31 0 7 0 10 0 13 1 8 1 10 1 12 2 9 2 10 2 11 3 10 3 11 3 12 3 13 4 10 4 11 4 12 4 13 5 10 5 11 5 12 5 13 6 10 6 11 6 12 6 13 7 11 7 12 8 11 8 13 9 12 9 13
m14_25 14 30 0 7 0 10 0 13 1 8 1 10 1 12 2 9 2 12 2 13 3 9 3 12 3 13 4 10 4 11 4 12 4 13 5 10 5 11 5 12 5 13 6 10 6 11 6 12 6 13 7 11 7 12 8 11 8 13 9 10 9 11
m14_26 14 29 0 7 0 10 0 13 1 8 1 10 1 12 2 9 2 12 2 13 3 9 3 12 3 13 4 9 4 12 4 13 5 10 5 11 5 12 5 13 6 10 6 11 6 12 6 13 7 11 7 12 8 11 8 13 9 10 9 11
m14_27 14 31 0 7 0 8 0 9 0 12 1 8 1 9 1 10 1 11 1 12 2 8 2 9 2 10 2 11 2 12 3 11 3 12 3 13 4 11 4 12 4 13 5 11 5 12 5 13 6 11 6 12 6 13 7 10 7 11 8 13 9 13 10 13
m14_28 14 30 0 7 0 8 0 9 0 11 1 8 1 9 1 10 1 12 2 8 2 9 2 10 2 12 3 11 3 12 3 13 4 11 4 12 4 13 5 11 5 12 5 13 6 11 6 12 6 13 7 10 7 12 7 13 8 13 9 13 10 11
m14_29 14 30 0 7 0 8 0 9 0 11 1 8 1 9 1 10 1 12 2 8 2 9 2 10 2 12 3 11 3 12 3 13 4 11 4 12 4 13 5 11 5 12 5 13 6 11 6 12 6 13 7 10 7 12 8 13 9 13 10 11 10 13
m14_30 14 30 0 7 0 8 0 9 0 11 0 13 1 8 1 9 1 10 1 13 2 8 2 9 2 10 2 13 3 10 3 12 3 13 4 11 4 12 4 13 5 11 5 12 5 13 6 11 6 12 6 13 7 10 7 12 8 12 9 12 10 11
m14_31 14 31 0 7 0 8 0 9 0 13 1 8 1 9 1 10 1 13 2 8 2 9 2 10 2 13 3 10 3 12 3 13 4 11 4 12 4 13 5 11 5 12 5 13 6 11 6 12 6 13 7 10 7 12 8 11 8 12 9 11 9 12 10 11
m14_32 14 35 0 7 0 8 0 9 0 12 0 13 1 8 1 9 1 11 1 12 1 13 2 8 2 9 2 11 2 12 2 13 3 10 3 11 3 12 3 13 4 10 4 11 4 12 4 13 5 10 5 11 5 12 5 13 6 10 6 11 6 12 6 13 7 10 7 11 8 10 9 10
m14_33 14 35 0 7 0 8 0 9 0 13 1 8 1 9 1 11 1 12 1 13 2 8 2 9 2 11 2 12 2 13 3 10 3 11 3 12 3 13 4 10 4 11 4 12 4 13 5 10 5 11 5 12 5 13 6 10 6 11 6 12 6 13 7 10 7 11 7 12 8 10 9 10
m14_34 14 35 0 7 0 8 0 9 0 13 1 8 1 9 1 12 1 13 2 8 2 9 2 12 2 13 3 10 3 11 3 12 3 13 4 10 4 11 4 12 4 13 5 10 5 11 5 12 5 13 6 10 6 11 6 12 6 13 7 10 7 11 7 12 8 10 8 11 9 10 9 11
m14_35 14 31 0 7 0 8 0 9 0 13 1 7 1 9 1 10 1 13 2 8 2 11 2 13 3 9 3 10 3 12 3 13 4 9 4 10 4 12 4 13 5 11 5 12 5 13 6 11 6 12 6 13 7 11 7 12 8 10 8 12 9 11 10 11
m14_36 14 32 0 7 0 8 0 9 0 13 1 7 1 9 1 12 1 13 2 8 2 10 2 11 2 13 3 9 3 11 3 12 3 13 4 9 4 11 4 12 4 13 5 10 5 11 5 12 5 13 6 10 6 11 6 12 6 13 7 10 7 11 8 12 9 10
m14_37 14 32 0 7 0 8 0 9 0 13 1 7 1 9 1 12 1 13 2 8 2 10 2 13 3 9 3 11 3 12 3 13 4 9 4 11 4 12 4 13 5 10 5 11 5 12 5 13 6 10 6 11 6 12 6 13 7 10 7 11 8 11 8 12 9 10
m14_38 14 35 0 7 0 8 0 13 1 7 1 12 1 13 2 8 2 10 2 11 2 13 3 9 3 10 3 11 3 12 3 13 4 9 4 10 4 11 4 12 4 13 5 9 5 10 5 11 5 12 5 13 6 9 6 10 6 11 6 12 6 13 7 9 7 10 7 11 8 9 8 12
m14_39 14 36 0 7 0 8 0 12 0 13 1 7 1 11 1 12 1 13 2 8 2 10 2 12 2 13 3 9 3 10 3 11 3 12 3 13 4 9 4 10 4 11 4 12 4 13 5 9 5 10 5 11 5 12 5 13 6 9 6 10 6 11 6 12 6 13 7 9 7 10 8 9 8 11
m14_40 14 35 0 7 0 8 0 13 1 7 1 12 1 13 2 8 2 11 2 13 3 9 3 10 3 11 3 12 3 13 4 9 4 10 4 11 4 12 4 13 5 9 5 10 5 11 5 12 5 13 6 9 6 10 6 11 6 12 6 13 7 9 7 10 7 11 8 9 8 10 8 12
m14_41 14 28 0 7 0 8 0 9 0 11 1 7 1 10 1 13 2 8 2 9 2 10 2 12 3 8 3 9 3 10 3 12 4 11 4 12 4 13 5 11 5 12 5 13 6 11 6 12 6 13 7 12 8 13 9 13 10 11
m14_42 14 31 0 7 0 8 0 9 0 13 1 7 1 12 1 13 2 8 2 9 2 10 2 13 3 8 3 9 3 10 3 13 4 10 4 11 4 13 5 11 5 12 5 13 6 11 6 12 6 13 7 10 7 11 8 11 8 12 9 11 9 12 10 12
m14_43 14 34 0 7 0 8 0 9 0 12 0 13 1 7 1 10 1 12 1 13 2 8 2 9 2 11 2 12 2 13 3 8 3 9 3 11 3 12 3 13 4 10 4 11 4 12 4 13 5 10 5 11 5 12 5 13 6 10 6 11 6 12 6 13 7 11 8 10 9 10
m14_44 14 33 0 7 0 8 0 9 0 13 1 7 1 10 1 13 2 8 2 9 2 11 2 12 2 13 3 8 3 9 3 11 3 12 3 13 4 10 4 11 4 12 4 13 5 10 5 11 5 12 5 13 6 10 6 11 6 12 6 13 7 11 7 12 8 10 9 10
m14_45 14 33 0 7 0 8 0 9 0 13 1 7 1 10 1 11 1 13 2 8 2 9 2 12 2 13 3 8 3 9 3 12 3 13 4 10 4 11 4 12 4 13 5 10 5 11 5 12 5 13 6 10 6 11 6 12 6 13 7 12 8 10 8 11 9 10 9 11
m14_46 14 33 0 7 0 8 0 9 0 13 1 7 1 10 1 13 2 8 2 9 2 12 2 13 3 8 3 9 3 12 3 13 4 10 4 11 4 12 4 13 5 10 5 11 5 12 5 13 6 10 6 11 6 12 6 13 7 11 7 12 8 10 8 11 9 10 9 11
m14_47 14 33 0 7 0 8 0 9 0 10 0 13 1 7 1 11 1 13 2 8 2 9 2 10 2 12 2 13 3 8 3 9 3 10 3 12 3 13 4 8 4 9 4 10 4 12 4 13 5 11 5 12 5 13 6 11 6 12 6 13 7 12 8 11 9 11 10 11
m14_48 14 32 0 7 0 9 0 10 0 12 0 13 1 7 1 9 1 10 1 12 1 13 2 8 2 9 2 10 2 13 3 8 3 9 3 10 3 13 4 11 4 12 4 13 5 11 5 12 5 13 6 11 6 12 6 13 7 8 7 11 8 12 9 11 10 11
m14_49 14 31 0 7 0 9 0 10 0 12 1 7 1 9 1 10 1 12 2 8 2 9 2 10 2 13 3 8 3 9 3 10 3 13 4 11 4 12 4 13 5 11 5 12 5 13 6 11 6 12 6 13 7 8 7 11 7 13 8 12 9 11 10 11
m14_50 14 36 0 7 0 12 0 13 1 7 1 12 1 13 2 8 2 9 2 10 2 11 2 13 3 8 3 9 3 10 3 11 3 13 4 9 4 10 4 11 4 12 4 13 5 9 5 10 5 11 5 12 5 13 6 9 6 10 6 11 6 12 6 13 7 8 7 9 7 10 7 11 8 12
m14_51 14 38 0 7 0 10 0 11 0 12 0 13 1 7 1 10 1 11 1 12 1 13 2 8 2 9 2 11 2 12 2 13 3 8 3 9 3 11 3 12 3 13 4 9 4 10 4 11 4 12 4 13 5 9 5 10 5 11 5 12 5 13 6 9 6 10 6 11 6 12 6 13 7 8 7 9 8 10
m14_52 14 37 0 7 0 10 0 12 0 13 1 7 1 10 1 12 1 13 2 8 2 9 2 11 2 12 2 13 3 8 3 9 3 11 3 12 3 13 4 9 4 10 4 11 4 12 4 13 5 9 5 10 5 11 5 12 5 13 6 9 6 10 6 11 6 12 6 13 7 8 7 9 7 11 8 10
m14_53 14 36 0 7 0 10 0 12 0 13 1 7 1 10 1 12 1 13 2 8 2 9 2 11 2 13 3 8 3 9 3 11 3 13 4 9 4 10 4 11 4 12 4 13 5 9 5 10 5 11 5 12 5 13 6 9 6 10 6 11 6 12 6 13 7 8 7 9 7 11 8 10 8 12
m14_54 14 36 0 7 0 8 0 9 0 12 0 13 1 7 1 8 1 9 1 12 1 13 2 7 2 8 2 9 2 12 2 13 3 9 3 10 3 12 3 13 4 10 4 11 4 12 4 13 5 10 5 11 5 12 5 13 6 10 6 11 6 12 6 13 7 10 7 11 8 10 8 11 9 11
m14_55 14 35 0 7 0 8 0 9 0 13 1 7 1 8 1 9 1 13 2 7 2 8 2 9 2 13 3 9 3 10 3 12 3 13 4 10 4 11 4 12 4 13 5 10 5 11 5 12 5 13 6 10 6 11 6 12 6 13 7 10 7 11 7 12 8 10 8 11 8 12 9 11
m14_56 14 35 0 7 0 8 0 9 0 13 1 7 1 8 1 9 1 13 2 7 2 8 2 9 2 13 3 9 3 12 3 13 4 10 4 11 4 12 4 13 5 10 5 11 5 12 5 13 6 10 6 11 6 12 6 13 7 10 7 11 7 12 8 10 8 11 8 12 9 10 9 11
m14_57 14 33 0 7 0 8 0 9 0 13 1 7 1 8 1 9 1 13 2 7 2 9 2 11 2 13 3 8 3 9 3 10 3 13 4 10 4 11 4 12 4 13 5 10 5 11 5 12 5 13 6 10 6 11 6 12 6 13 7 10 7 12 8 11 8 12 9 12
m14_58 14 33 0 7 0 8 0 9 0 10 0 13 1 7 1 12 1 13 2 7 2 12 2 13 3 8 3 9 3 10 3 11 3 13 4 8 4 9 4 10 4 11 4 13 5 8 5 9 5 10 5 11 5 13 6 11 6 12 6 13 7 11 8 12 9 12 10 12
m14_61 14 34 0 6 0 8 0 9 0 10 1 7 1 9 1 11 1 13 2 8 2 9 2 10 2 13 3 9 3 10 3 11 3 12 3 13 4 9 4 10 4 11 4 12 4 13 5 9 5 10 5 11 5 12 5 13 6 11 6 12 6 13 7 10 7 12 8 11 8 12
m14_62 14 29 0 6 0 8 0 10 0 11 1 7 1 8 1 9 1 11 2 8 2 9 2 10 2 11 2 13 3 11 3 12 3 13 4 11 4 12 4 13 5 11 5 12 5 13 6 9 6 13 7 10 7 13 8 12 9 12 10 12
m14_63 14 32 0 6 0 8 0 11 0 12 0 13 1 7 1 8 1 9 1 13 2 8 2 9 2 12 2 13 3 10 3 11 3 12 3 13 4 10 4 11 4 12 4 13 5 10 5 11 5 12 5 13 6 9 6 10 7 10 7 11 7 12 8 10 9 11
m14_64 14 32 0 6 0 8 0 11 0 12 1 7 1 8 1 9 1 13 2 8 2 9 2 12 2 13 3 10 3 11 3 12 3 13 4 10 4 11 4 12 4 13 5 10 5 11 5 12 5 13 6 9 6 10 6 13 7 10 7 11 7 12 8 10 9 11
m14_65 14 32 0 6 0 8 0 11 0 13 1 7 1 8 1 9 1 13 2 8 2 9 2 11 2 12 2 13 3 10 3 11 3 12 3 13 4 10 4 11 4 12 4 13 5 10 5 11 5 12 5 13 6 9 6 12 7 10 7 11 7 12 8 10 9 10
m14_66 14 32 0 6 0 8 0 12 0 13 1 7 1 8 1 9 1 13 2 8 2 9 2 12 2 13 3 10 3 11 3 12 3 13 4 10 4 11 4 12 4 13 5 10 5 11 5 12 5 13 6 9 6 11 7 10 7 11 7 12 8 10 8 11 9 10
m14_67 14 32 0 6 0 8 0 12 1 7 1 8 1 9 1 13 2 8 2 9 2 12 2 13 3 10 3 11 3 12 3 13 4 10 4 11 4 12 4 13 5 10 5 11 5 12 5 13 6 9 6 11 6 13 7 10 7 11 7 12 8 10 8 11 9 10
m14_68 14 32 0 6 0 8 0 10 0 11 1 7 1 8 1 9 1 11 1 13 2 8 2 10 2 11 2 13 3 9 3 11 3 12 3 13 4 9 4 11 4 12 4 13 5 10 5 11 5 12 5 13 6 9 6 12 6 13 7 10 7 12 8 12 9 10
m14_69 14 32 0 6 0 8 0 10 0 11 1 7 1 8 1 9 1 11 2 8 2 10 2 11 2 13 3 9 3 11 3 12 3 13 4 9 4 11 4 12 4 13 5 10 5 11 5 12 5 13 6 9 6 12 6 13 7 10 7 12 7 13 8 12 9 10
m14_70 14 32 0 6 0 8 0 10 0 12 1 7 1 8 1 9 1 13 2 8 2 10 2 12 2 13 3 9 3 11 3 12 3 13 4 9 4 11 4 12 4 13 5 10 5 11 5 12 5 13 6 9 6 11 6 13 7 10 7 11 7 12 8 11 9 10
m14_71 14 30 0 6 0 10 0 13 1 7 1 10 1 12 2 8 2 9 2 12 2 13 3 8 3 9 3 12 3 13 4 8 4 9 4 12 4 13 5 10 5 11 5 12 5 13 6 11 6 12 7 11 7 13 8 10 8 11 9 10 9 11
m14_72 14 35 0 6 0 8 0 9 0 10 0 12 1 7 1 8 1 9 1 10 1 11 2 8 2 9 2 10 2 11 2 12 3 8 3 9 3 10 3 11 3 12 4 8 4 9 4 10 4 11 4 12 5 11 5 12 5 13 6 11 6 13 7 12 7 13 8 13 9 13 10 13
m14_73 14 32 0 6 0 7 0 10 0 11 1 7 1 8 1 9 1 10 2 8 2 9 2 10 2 12 3 10 3 11 3 12 3 13 4 10 4 11 4 12 4 13 5 10 5 11 5 12 5 13 6 9 6 12 6 13 7 12 7 13 8 11 8 13 9 11
m14_74 14 31 0 6 0 7 0 9 0 13 1 7 1 9 1 10 1 13 2 8 2 12 2 13 3 8 3 12 3 13 4 9 4 10 4 11 4 13 5 10 5 11 5 12 5 13 6 10 6 11 6 12 7 11 7 12 8 9 8 10 8 11 9 12
m14_75 14 32 0 6 0 7 0 9 0 12 1 7 1 9 1 12 1 13 2 8 2 11 2 12 2 13 3 8 3 11 3 12 3 13 4 9 4 10 4 12 4 13 5 10 5 11 5 12 5 13 6 10 6 11 6 13 7 10 7 11 8 9 8 10 9 11
m14_76 14 33 0 6 0 7 0 9 0 11 1 7 1 9 1 11 1 13 2 8 2 11 2 12 2 13 3 8 3 11 3 12 3 13 4 9 4 10 4 11 4 12 4 13 5 9 5 10 5 11 5 12 5 13 6 10 6 12 6 13 7 10 7 12 8 9 8 10
m14_77 14 32 0 6 0 7 0 9 0 12 1 7 1 9 1 11 1 12 2 8 2 12 2 13 3 8 3 12 3 13 4 9 4 10 4 11 4 12 4 13 5 9 5 10 5 11 5 12 5 13 6 10 6 11 6 13 7 10 7 13 8 9 8 10 8 11
m14_78 14 33 0 6 0 7 0 8 0 9 0 12 1 7 1 8 1 9 1 12 1 13 2 8 2 11 2 12 2 13 3 8 3 11 3 12 3 13 4 9 4 10 4 12 4 13 5 9 5 10 5 12 5 13 6 10 6 11 6 13 7 10 7 11 8 10 9 11
m14_79 14 33 0 6 0 7 0 8 0 9 1 7 1 8 1 9 1 12 1 13 2 8 2 11 2 12 2 13 3 8 3 11 3 12 3 13 4 9 4 10 4 12 4 13 5 9 5 10 5 12 5 13 6 10 6 11 6 12 6 13 7 10 7 11 8 10 9 11
m14_80 14 39 0 6 0 7 0 8 1 7 1 8 1 10 1 11 1 12 1 13 2 8 2 9 2 10 2 11 2 12 2 13 3 8 3 9 3 10 3 11 3 12 3 13 4 8 4 9 4 10 4 11 4 12 4 13 5 8 5 9 5 10 5 11 5 12 5 13 6 9 6 10 6 11 6 12 6 13 7 9
m14_81 14 32 0 6 0 8 0 11 0 12 1 7 1 8 1 9 1 10 1 11 2 7 2 8 2 9 2 10 2 11 3 9 3 10 3 11 3 13 4 11 4 12 4 13 5 11 5 12 5 13 6 9 6 10 6 13 7 12 7 13 8 13 9 12 10 12
m14_82 14 32 0 6 0 8 0 10 0 11 0 13 1 7 1 8 1 9 1 13 2 7 2 8 2 9 2 13 3 9 3 11 3 12 3 13 4 10 4 11 4 12 4 13 5 10 5 11 5 12 5 13 6 9 6 12 7 10 7 11 7 12 8 12 9 10
m14_83 14 32 0 6 0 8 0 10 0 11 1 7 1 8 1 9 1 13 2 7 2 8 2 9 2 13 3 9 3 11 3 12 3 13 4 10 4 11 4 12 4 13 5 10 5 11 5 12 5 13 6 9 6 12 6 13 7 10 7 11 7 12 8 12 9 10
m14_84 14 33 0 6 0 8 0 10 0 12 0 13 1 7 1 8 1 9 1 12 1 13 2 7 2 8 2 9 2 12 2 13 3 9 3 11 3 12 3 13 4 10 4 11 4 12 4 13 5 10 5 11 5 12 5 13 6 9 6 11 7 10 7 11 8 11 9 10
m14_85 14 33 0 6 0 8 0 10 0 13 1 7 1 8 1 9 1 12 1 13 2 7 2 8 2 9 2 12 2 13 3 9 3 11 3 12 3 13 4 10 4 11 4 12 4 13 5 10 5 11 5 12 5 13 6 9 6 11 6 12 7 10 7 11 8 11 9 10
m14_86 14 33 0 6 0 8 0 10 0 13 1 7 1 8 1 9 1 13 2 7 2 8 2 9 2 13 3 9 3 11 3 12 3 13 4 10 4 11 4 12 4 13 5 10 5 11 5 12 5 13 6 9 6 11 6 12 7 10 7 11 7 12 8 11 8 12 9 10
m14_87 14 32 0 6 0 8 0 11 0 13 1 7 1 8 1 9 1 13 2 7 2 8 2 9 2 13 3 9 3 11 3 12 3 13 4 10 4 11 4 12 4 13 5 10 5 11 5 12 5 13 6 9 6 12 7 10 7 11 7 12 8 10 8 12 9 10
m14_88 14 32 0 6 0 8 0 11 1 7 1 8 1 9 1 13 2 7 2 8 2 9 2 13 3 9 3 11 3 12 3 13 4 10 4 11 4 12 4 13 5 10 5 11 5 12 5 13 6 9 6 12 6 13 7 10 7 11 7 12 8 10 8 12 9 10
m14_89 14 32 0 6 0 9 0 12 1 7 1 8 1 12 1 13 2 7 2 11 2 12 2 13 3 8 3 10 3 12 3 13 4 9 4 10 4 11 4 12 4 13 5 9 5 10 5 11 5 12 5 13 6 10 6 11 6 13 7 9 7 10 8 9 8 11
m14_90 14 33 0 6 0 9 0 11 0 13 1 7 1 8 1 12 1 13 2 7 2 8 2 12 2 13 3 8 3 11 3 12 3 13 4 9 4 10 4 11 4 12 4 13 5 9 5 10 5 11 5 12 5 13 6 10 6 12 7 9 7 10 7 11 8 9 8 10
m14_91 14 34 0 6 0 8 0 9 0 11 0 12 1 7 1 11 1 12 1 13 2 7 2 11 2 12 2 13 3 8 3 9 3 10 3 11 3 12 4 9 4 10 4 11 4 12 4 13 5 9 5 10 5 11 5 12 5 13 6 10 6 13 7 8 7 9 7 10 8 13
m14_92 14 34 0 6 0 8 0 9 0 11 1 7 1 11 1 12 1 13 2 7 2 11 2 12 2 13 3 8 3 9 3 10 3 11 3 12 4 9 4 10 4 11 4 12 4 13 5 9 5 10 5 11 5 12 5 13 6 10 6 12 6 13 7 8 7 9 7 10 8 13
m14_93 14 34 0 6 0 8 0 9 0 11 1 7 1 11 1 12 1 13 2 7 2 11 2 12 2 13 3 8 3 9 3 10 3 11 4 9 4 10 4 11 4 12 4 13 5 9 5 10 5 11 5 12 5 13 6 10 6 12 6 13 7 8 7 9 7 10 8 12 8 13
m14_94 14 32 0 6 0 9 0 11 0 13 1 7 1 11 1 12 1 13 2 7 2 11 2 12 2 13 3 8 3 9 3 10 3 13 4 8 4 9 4 10 4 13 5 9 5 10 5 11 5 12 5 13 6 10 6 12 7 8 7 9 7 10 8 11 8 12
m14_95 14 32 0 6 0 8 0 9 0 13 1 7 1 9 1 12 1 13 2 7 2 9 2 12 2 13 3 8 3 10 3 11 3 13 4 8 4 10 4 11 4 13 5 9 5 11 5 12 5 13 6 10 6 11 6 12 7 8 7 10 7 11 8 12 9 10
m14_96 14 32 0 6 0 8 0 9 1 7 1 9 1 12 1 13 2 7 2 9 2 12 2 13 3 8 3 10 3 11 3 13 4 8 4 10 4 11 4 13 5 9 5 11 5 12 5 13 6 10 6 11 6 12 6 13 7 8 7 10 7 11 8 12 9 10
m14_97 14 34 0 6 0 8 0 12 0 13 1 7 1 11 1 12 1 13 2 7 2 11 2 12 2 13 3 8 3 9 3 10 3 12 3 13 4 8 4 9 4 10 4 12 4 13 5 9 5 10 5 11 5 12 5 13 6 9 6 10 6 11 7 8 7 9 7 10 8 11
m14_98 14 34 0 6 0 8 0 13 1 7 1 11 1 12 1 13 2 7 2 11 2 12 2 13 3 8 3 9 3 10 3 12 3 13 4 8 4 9 4 10 4 12 4 13 5 9 5 10 5 11 5 12 5 13 6 9 6 10 6 11 6 12 7 8 7 9 7 10 8 11
m14_99 14 34 0 6 0 7 0 8 0 11 1 7 1 8 1 9 1 10 1 11 2 7 2 8 2 9 2 10 2 11 3 10 3 11 3 12 3 13 4 10 4 11 4 12 4 13 5 10 5 11 5 12 5 13 6 9 6 10 7 12 7 13 8 12 8 13 9 12 9 13
m14_100 14 34 0 6 0 7 0 8 0 12 1 7 1 8 1 9 1 10 1 12 2 7 2 8 2 9 2 10 2 12 3 10 3 11 3 12 3 13 4 10 4 11 4 12 4 13 5 10 5 11 5 12 5 13 6 9 6 10 6 11 7 11 7 13 8 11 8 13 9 13
m14_101 14 33 0 6 0 7 0 8 0 10 0 12 1 7 1 8 1 9 1 11 1 12 2 7 2 8 2 9 2 11 2 12 3 10 3 11 3 12 3 13 4 10 4 11 4 12 4 13 5 10 5 11 5 12 5 13 6 9 6 11 7 13 8 13 9 10 9 13
m14_102 14 33 0 6 0 7 0 8 0 10 1 7 1 8 1 9 1 11 1 12 2 7 2 8 2 9 2 11 2 12 3 10 3 11 3 12 3 13 4 10 4 11 4 12 4 13 5 10 5 11 5 12 5 13 6 9 6 11 6 12 7 13 8 13 9 10 9 13
m14_103 14 33 0 6 0 7 0 8 0 10 0 13 1 7 1 8 1 9 1 11 1 13 2 7 2 8 2 9 2 11 2 13 3 10 3 11 3 12 3 13 4 10 4 11 4 12 4 13 5 10 5 11 5 12 5 13 6 9 6 11 6 12 7 12 8 12 9 10
m14_104 14 33 0 6 0 7 0 8 0 10 1 7 1 8 1 9 1 11 1 13 2 7 2 8 2 9 2 11 2 13 3 10 3 11 3 12 3 13 4 10 4 11 4 12 4 13 5 10 5 11 5 12 5 13 6 9 6 11 6 12 6 13 7 12 8 12 9 10
m14_105 14 33 0 6 0 7 0 8 0 9 0 12 1 7 1 8 1 9 1 10 1 12 2 7 2 8 2 9 2 10 2 12 3 8 3 9 3 10 3 11 3 12 4 11 4 12 4 13 5 11 5 12 5 13 6 10 6 11 7 11 7 13 8 13 9 13 10 13
m14_106 14 35 0 6 0 7 0 8 0 9 0 13 1 7 1 8 1 9 1 12 1 13 2 7 2 8 2 9 2 12 2 13 3 8 3 9 3 10 3 12 3 13 4 10 4 11 4 12 4 13 5 10 5 11 5 12 5 13 6 10 6 11 6 12 7 10 7 11 8 11 9 11
m14_107 14 34 0 6 0 7 0 11 0 13 1 7 1 8 1 12 1 13 2 7 2 11 2 12 2 13 3 8 3 9 3 10 3 12 3 13 4 9 4 10 4 11 4 12 4 13 5 9 5 10 5 11 5 12 5 13 6 8 6 9 6 10 6 12 7 9 7 10 8 11
m14_108 14 35 0 6 0 7 0 10 0 11 0 12 1 7 1 8 1 11 1 12 1 13 2 7 2 10 2 11 2 12 2 13 3 8 3 9 3 11 3 12 3 13 4 9 4 10 4 11 4 12 4 13 5 9 5 10 5 11 5 12 5 13 6 8 6 9 6 13 7 9 8 10
m14_109 14 34 0 6 0 9 0 10 0 11 1 7 1 8 1 10 1 11 1 12 2 7 2 8 2 10 2 11 2 12 3 7 3 8 3 10 3 11 3 12 4 9 4 10 4 11 4 12 5 9 5 12 5 13 6 12 6 13 7 9 7 13 8 9 8 13 10 13 11 13
m14_110 14 35 0 6 0 9 0 11 0 12 1 7 1 8 1 11 1 12 1 13 2 7 2 8 2 11 2 12 2 13 3 7 3 8 3 11 3 12 3 13 4 9 4 10 4 11 4 12 4 13 5 9 5 10 5 11 5 12 5 13 6 10 6 13 7 9 7 10 8 9 8 10
m14_111 14 35 0 6 0 8 0 9 0 10 0 11 1 7 1 9 1 10 1 11 1 12 2 7 2 9 2 10 2 11 2 12 3 7 3 9 3 10 3 11 3 12 4 8 4 9 4 10 4 11 4 12 5 8 5 12 5 13 6 12 6 13 7 8 7 13 9 13 10 13 11 13
m14_112 14 35 0 6 0 7 0 8 0 9 0 13 1 7 1 8 1 9 1 10 1 11 1 13 2 7 2 8 2 9 2 10 2 11 2 13 3 7 3 8 3 9 3 10 3 11 3 13 4 11 4 12 4 13 5 11 5 12 5 13 6 10 6 11 7 12 8 12 9 12 10 12
m14_113 14 37 0 6 0 7 0 8 0 9 0 12 0 13 1 7 1 8 1 9 1 11 1 12 1 13 2 7 2 8 2 9 2 11 2 12 2 13 3 7 3 8 3 9 3 11 3 12 3 13 4 10 4 11 4 12 4 13 5 10 5 11 5 12 5 13 6 10 6 11 7 10 8 10 9 10
m14_114 14 37 0 6 0 7 0 8 0 9 0 12 1 7 1 8 1 9 1 11 1 12 2 7 2 8 2 9 2 11 2 12 3 7 3 8 3 9 3 11 3 12 4 10 4 11 4 12 4 13 5 10 5 11 5 12 5 13 6 10 6 11 6 13 7 10 7 13 8 10 8 13 9 10 9 13
m14_115 14 31 0 6 0 7 0 10 0 12 1 6 1 7 1 10 1 12 2 8 2 9 2 10 2 11 3 8 3 9 3 10 3 11 4 11 4 12 4 13 5 11 5 12 5 13 6 11 6 13 7 11 7 13 8 12 8 13 9 12 9 13 10 13
m14_116 14 31 0 6 0 7 0 10 0 12 1 6 1 7 1 10 1 12 2 8 2 9 2 10 2 11 3 8 3 9 3 10 3 11 4 10 4 11 4 12 5 11 5 12 5 13 6 11 6 13 7 11 7 13 8 12 8 13 9 12 9 13 10 13
m14_117 14 32 0 6 0 7 0 10 0 13 1 6 1 7 1 10 1 13 2 8 2 9 2 10 2 12 3 8 3 9 3 10 3 12 4 10 4 11 4 12 4 13 5 10 5 11 5 12 5 13 6 11 6 12 7 11 7 12 8 11 8 13 9 11 9 13
m14_118 14 31 0 6 0 7 0 9 0 11 1 6 1 8 1 9 1 10 2 7 2 9 2 11 2 12 3 8 3 9 3 10 3 12 4 10 4 11 4 12 4 13 5 10 5 11 5 12 5 13 6 12 6 13 7 10 7 13 8 11 8 13 9 13
m14_119 14 31 0 6 0 7 0 12 0 13 1 6 1 9 1 13 2 7 2 8 2 11 2 13 3 8 3 9 3 10 3 11 3 13 4 10 4 11 4 12 4 13 5 10 5 11 5 12 5 13 6 8 6 10 6 11 7 9 7 10 8 12 9 12
m14_120 14 31 0 6 0 7 0 11 0 12 0 13 1 6 1 9 1 11 1 13 2 7 2 8 2 12 2 13 3 8 3 9 3 10 3 13 4 10 4 11 4 12 4 13 5 10 5 11 5 12 5 13 6 8 6 10 7 9 7 10 8 11 9 12
m14_121 14 31 0 6 0 7 0 12 0 13 1 6 1 9 1 11 1 13 2 7 2 8 2 12 2 13 3 8 3 9 3 10 3 13 4 10 4 11 4 12 4 13 5 10 5 11 5 12 5 13 6 8 6 10 7 9 7 10 7 11 8 11 9 12
m14_122 14 31 0 6 0 7 0 13 1 6 1 9 1 11 1 13 2 7 2 8 2 12 2 13 3 8 3 9 3 10 3 13 4 10 4 11 4 12 4 13 5 10 5 11 5 12 5 13 6 8 6 10 6 12 7 9 7 10 7 11 8 11 9 12
m14_123 14 32 0 6 0 7 0 11 0 12 0 13 1 6 1 9 1 12 1 13 2 7 2 8 2 12 2 13 3 8 3 9 3 10 3 12 3 13 4 10 4 11 4 12 4 13 5 10 5 11 5 12 5 13 6 8 6 10 7 9 7 10 8 11 9 11
m14_124 14 37 0 6 0 7 0 8 0 10 0 11 0 13 1 6 1 7 1 8 1 10 1 11 1 13 2 7 2 8 2 9 2 10 2 11 2 13 3 9 3 10 3 11 3 12 3 13 4 9 4 10 4 11 4 12 4 13 5 9 5 10 5 11 5 12 5 13 6 9 6 12 7 12 8 12
m14_125 14 37 0 6 0 7 0 8 0 10 0 11 1 6 1 7 1 8 1 10 1 11 2 7 2 8 2 9 2 10 2 11 3 9 3 10 3 11 3 12 3 13 4 9 4 10 4 11 4 12 4 13 5 9 5 10 5 11 5 12 5 13 6 9 6 12 6 13 7 12 7 13 8 12 8 13
m14_126 14 35 0 6 0 7 0 8 0 12 1 6 1 7 1 8 1 12 2 7 2 8 2 9 2 10 2 11 2 12 3 9 3 10 3 11 3 12 3 13 4 9 4 10 4 11 4 12 4 13 5 9 5 10 5 11 5 12 5 13 6 9 6 10 6 11 6 13 7 13 8 13
m14_127 14 32 0 6 0 7 0 8 0 12 0 13 1 6 1 7 1 8 1 12 1 13 2 7 2 9 2 11 2 13 3 8 3 9 3 10 3 13 4 10 4 11 4 12 4 13 5 10 5 11 5 12 5 13 6 9 6 10 6 11 7 10 8 11 9 12
m14_128 14 31 0 6 0 7 0 8 0 12 1 6 1 7 1 8 1 12 2 7 2 9 2 11 3 8 3 9 3 10 4 10 4 11 4 12 4 13 5 10 5 11 5 12 5 13 6 9 6 10 6 11 7 10 7 13 8 11 8 13 9 12 9 13
m14_129 14 32 0 6 0 7 0 8 0 13 1 6 1 7 1 8 1 13 2 7 2 9 2 12 2 13 3 8 3 9 3 11 3 13 4 10 4 11 4 12 4 13 5 10 5 11 5 12 5 13 6 9 6 11 6 12 7 10 7 11 8 10 8 12 9 10
m14_130 14 35 0 6 0 7 0 8 0 9 0 12 1 6 1 7 1 8 1 9 1 12 2 7 2 8 2 9 2 10 2 12 3 8 3 9 3 10 3 11 3 12 4 10 4 11 4 12 4 13 5 10 5 11 5 12 5 13 6 10 6 11 6 13 7 11 7 13 8 13 9 13
m14_131 14 34 0 6 0 11 0 12 0 13 1 6 1 11 1 12 1 13 2 7 2 10 2 12 2 13 3 7 3 10 3 12 3 13 4 8 4 9 4 10 4 11 4 12 5 8 5 9 5 10 5 11 5 12 6 8 6 9 6 10 7 8 7 9 7 11 8 13 9 13
m14_132 14 34 0 6 0 7 0 8 0 9 0 12 1 6 1 9 1 11 1 12 2 7 2 8 2 9 2 10 2 12 3 7 3 8 3 9 3 10 3 12 4 10 4 11 4 12 4 13 5 10 5 11 5 12 5 13 6 10 6 13 7 11 7 13 8 11 8 13 9 13
m14_133 14 33 0 6 0 7 0 8 0 12 0 13 1 6 1 9 1 10 1 12 1 13 2 7 2 8 2 11 2 12 2 13 3 7 3 10 3 11 3 12 3 13 4 8 4 9 4 11 4 12 4 13 5 9 5 10 5 11 5 12 5 13 6 11 7 9 8 10
m14_134 14 32 0 6 0 7 0 8 0 13 1 6 1 9 1 10 1 13 2 7 2 8 2 11 2 12 2 13 3 7 3 10 3 11 3 12 3 13 4 8 4 9 4 11 4 12 4 13 5 9 5 10 5 11 5 12 5 13 6 11 6 12 7 9 8 10
m14_135 14 31 0 5 0 7 0 9 0 11 1 6 1 8 1 9 1 10 2 7 2 9 2 11 2 12 3 8 3 9 3 10 3 12 4 10 4 11 4 12 4 13 5 10 5 12 5 13 6 11 6 12 6 13 7 10 7 13 8 11 8 13 9 13
m14_136 14 33 0 5 0 7 0 10 0 12 0 13 1 6 1 7 1 10 1 11 1 13 2 7 2 8 2 11 2 12 2 13 3 9 3 10 3 11 3 12 3 13 4 9 4 10 4 11 4 12 4 13 5 8 5 9 5 11 6 8 6 9 6 12 7 9 8 10
m14_137 14 33 0 5 0 7 0 10 0 12 1 6 1 7 1 10 1 11 1 13 2 7 2 8 2 11 2 12 2 13 3 9 3 10 3 11 3 12 3 13 4 9 4 10 4 11 4 12 4 13 5 8 5 9 5 11 5 13 6 8 6 9 6 12 7 9 8 10
m14_138 14 33 0 5 0 7 0 10 0 12 1 6 1 7 1 10 1 11 2 7 2 8 2 11 2 12 3 9 3 10 3 11 3 12 3 13 4 9 4 10 4 11 4 12 4 13 5 8 5 9 5 11 5 13 6 8 6 9 6 12 6 13 7 9 7 13 8 10
m14_139 14 28 0 5 0 9 0 13 1 6 1 9 1 12 2 7 2 8 2 12 2 13 3 7 3 11 3 12 3 13 4 8 4 10 4 12 4 13 5 10 5 11 5 12 6 10 6 11 6 13 7 9 7 10 8 9 8 11
m14_140 14 31 0 5 0 8 0 10 0 12 1 6 1 8 1 9 1 10 2 7 2 10 2 11 2 12 3 7 3 10 3 11 3 12 4 8 4 9 4 12 4 13 5 9 5 11 5 13 6 11 6 12 6 13 7 8 7 9 7 13 8 11 10 13
m14_141 14 31 0 5 0 8 0 10 0 11 1 6 1 8 1 9 1 10 2 7 2 10 2 11 2 12 3 7 3 10 3 11 3 12 4 8 4 9 4 12 4 13 5 9 5 12 5 13 6 11 6 12 6 13 7 8 7 9 7 13 9 11 10 13
m14_142 14 31 0 5 0 8 0 12 0 13 1 6 1 8 1 10 1 11 2 7 2 10 2 11 2 12 3 7 3 10 3 11 3 12 4 8 4 9 4 12 4 13 5 9 5 10 5 11 6 9 6 12 6 13 7 8 7 9 7 13 10 13 11 13
m14_143 14 31 0 5 0 8 0 11 0 12 0 13 1 6 1 8 1 10 1 12 2 7 2 10 2 11 2 12 3 7 3 10 3 11 3 12 4 8 4 9 4 11 4 12 4 13 5 9 5 10 6 9 6 11 6 13 7 8 7 9 7 13 10 13
m14_144 14 31 0 5 0 8 0 11 0 13 1 6 1 8 1 10 1 12 2 7 2 10 2 11 2 12 3 7 3 10 3 11 3 12 4 8 4 9 4 11 4 12 4 13 5 9 5 10 5 12 6 9 6 11 6 13 7 8 7 9 7 13 10 13
m14_145 14 31 0 5 0 8 0 11 0 12 0 13 1 6 1 8 1 10 2 7 2 10 2 11 2 12 3 7 3 10 3 11 3 12 4 8 4 9 4 11 4 12 4 13 5 9 5 10 6 9 6 11 6 12 6 13 7 8 7 9 7 13 10 13
m14_146 14 31 0 5 0 8 0 12 0 13 1 6 1 8 1 10 2 7 2 10 2 11 2 12 3 7 3 10 3 11 3 12 4 8 4 9 4 12 4 13 5 9 5 10 5 11 6 9 6 11 6 12 6 13 7 8 7 9 7 13 8 11 10 13
m14_147 14 32 0 5 0 8 0 12 1 6 1 8 1 11 1 13 2 7 2 10 2 11 2 12 2 13 3 7 3 10 3 11 3 12 3 13 4 8 4 9 4 11 4 12 4 13 5 9 5 10 5 11 5 13 6 9 6 10 6 12 7 8 7 9 8 10
m14_148 14 32 0 5 0 8 0 12 1 6 1 8 1 11 2 7 2 10 2 11 2 12 2 13 3 7 3 10 3 11 3 12 3 13 4 8 4 9 4 11 4 12 4 13 5 9 5 10 5 11 5 13 6 9 6 10 6 12 6 13 7 8 7 9 8 10
m14_149 14 31 0 5 0 7 0 8 0 9 1 6 1 8 1 11 1 13 2 7 2 9 2 11 2 12 3 7 3 9 3 11 3 12 4 8 4 10 4 11 4 13 5 10 5 11 5 12 5 13 6 9 6 10 6 12 7 10 7 13 8 12 9 13
m14_150 14 31 0 5 0 7 0 8 0 12 1 6 1 8 1 11 1 13 2 7 2 9 2 11 2 12 3 7 3 9 3 11 3 12 4 8 4 10 4 11 4 12 4 13 5 10 5 11 5 13 6 9 6 10 6 12 7 10 7 13 8 9 9 13
m14_151 14 31 0 5 0 7 0 8 0 11 1 6 1 8 1 12 1 13 2 7 2 9 2 11 2 12 3 7 3 9 3 11 3 12 4 8 4 10 4 12 4 13 5 10 5 12 5 13 6 9 6 10 6 11 7 10 7 13 8 9 9 13 11 13
m14_152 14 34 0 5 0 6 0 7 0 9 1 6 1 7 1 8 1 9 1 10 2 7 2 8 2 9 2 10 2 11 3 9 3 10 3 11 3 12 3 13 4 9 4 10 4 11 4 12 4 13 5 8 5 10 5 11 5 13 6 11 6 12 6 13 7 12 7 13 8 12
m14_153 14 34 0 5 0 7 0 8 0 9 1 6 1 7 1 9 1 10 1 11 2 6 2 7 2 9 2 10 2 11 3 8 3 9 3 10 3 11 3 12 4 8 4 10 4 11 4 12 4 13 5 10 5 11 5 12 5 13 6 8 6 12 6 13 7 12 7 13 9 13
m14_0 14 29 0 8 0 9 0 10 0 12 1 9 1 11 1 12 2 10 2 12 2 13 3 10 3 12 3 13 4 10 4 12 4 13 5 11 5 12 5 13 6 11 6 12 6 13 7 11 7 12 7 13 8 11 8 13 9 13 10 11
m14_1 14 35 0 8 0 9 0 10 0 11 1 9 1 10 1 11 1 13 2 10 2 11 2 12 2 13 3 10 3 11 3 12 3 13 4 10 4 11 4 12 4 13 5 10 5 11 5 12 5 13 6 10 6 11 6 12 6 13 7 10 7 11 7 12 7 13 8 12 8 13 9 12
m14_2 14 35 0 8 0 9 0 10 1 9 1 10 1 12 1 13 2 10 2 11 2 12 2 13 3 10 3 11 3 12 3 13 4 10 4 11 4 12 4 13 5 10 5 11 5 12 5 13 6 10 6 11 6 12 6 13 7 10 7 11 7 12 7 13 8 11 8 12 8 13 9 11
m14_3 14 29 0 8 0 9 0 11 1 9 1 10 1 11 1 12 2 11 2 12 2 13 3 11 3 12 3 13 4 11 4 12 4 13 5 11 5 12 5 13 6 11 6 12 6 13 7 11 7 12 7 13 8 10 8 12 9 13 10 13
m14_4 14 29 0 8 0 9 0 11 0 12 1 9 1 10 1 12 2 10 2 12 2 13 3 11 3 12 3 13 4 11 4 12 4 13 5 11 5 12 5 13 6 11 6 12 6 13 7 11 7 12 7 13 8 10 8 13 9 13 10 11
m14_5 14 29 0 8 0 9 0 11 0 12 1 9 1 10 1 12 2 10 2 12 2 13 3 10 3 12 3 13 4 11 4 12 4 13 5 11 5 12 5 13 6 11 6 12 6 13 7 11 7 12 7 13 8 10 8 13 9 13 10 11
m14_6 14 31 0 8 0 9 0 10 0 12 1 8 1 9 1 10 1 12 2 9 2 10 2 11 2 12 3 11 3 12 3 13 4 11 4 12 4 13 5 11 5 12 5 13 6 11 6 12 6 13 7 11 7 12 7 13 8 11 8 13 9 13 10 13
m14_7 14 30 0 8 0 9 0 10 0 13 1 8 1 9 1 10 1 13 2 9 2 12 2 13 3 10 3 11 3 13 4 11 4 12 4 13 5 11 5 12 5 13 6 11 6 12 6 13 7 11 7 12 7 13 8 11 8 12 9 11 10 12
m14_8 14 30 0 8 0 9 0 10 0 13 1 8 1 9 1 10 1 13 2 9 2 11 2 13 3 10 3 12 3 13 4 10 4 12 4 13 5 11 5 12 5 13 6 11 6 12 6 13 7 11 7 12 7 13 8 11 8 12 9 12 10 11
m14_9 14 30 0 8 0 9 0 11 0 13 1 8 1 9 1 11 1 13 2 9 2 10 2 13 3 10 3 12 3 13 4 10 4 12 4 13 5 11 5 12 5 13 6 11 6 12 6 13 7 11 7 12 7 13 8 10 8 12 9 12 10 11
m14_10 14 29 0 8 0 9 0 13 1 8 1 9 1 13 2 9 2 10 2 13 3 10 3 12 3 13 4 10 4 12 4 13 5 11 5 12 5 13 6 11 6 12 6 13 7 11 7 12 7 13 8 10 8 12 9 11 9 12 10 11
m14_11 14 34 0 8 0 9 0 13 1 8 1 9 1 13 2 9 2 10 2 11 2 13 3 10 3 11 3 12 3 13 4 10 4 11 4 12 4 13 5 10 5 11 5 12 5 13 6 10 6 11 6 12 6 13 7 10 7 11 7 12 7 13 8 10 8 11 8 12 9 12
m14_12 14 35 0 8 0 9 0 12 0 13 1 8 1 9 1 12 1 13 2 9 2 10 2 12 2 13 3 10 3 11 3 12 3 13 4 10 4 11 4 12 4 13 5 10 5 11 5 12 5 13 6 10 6 11 6 12 6 13 7 10 7 11 7 12 7 13 8 10 8 11 9 11
m14_13 14 34 0 8 0 9 0 13 1 8 1 9 1 13 2 9 2 10 2 13 3 10 3 11 3 12 3 13 4 10 4 11 4 12 4 13 5 10 5 11 5 12 5 13 6 10 6 11 6 12 6 13 7 10 7 11 7 12 7 13 8 10 8 11 8 12 9 11 9 12
m14_17 14 31 0 8 0 9 0 10 0 13 1 8 1 9 1 10 1 13 2 8 2 9 2 11 2 13 3 8 3 9 3 11 3 13 4 10 4 12 4 13 5 10 5 12 5 13 6 11 6 12 6 13 7 11 7 12 7 13 8 12 9 12 10 11
m14_18 14 31 0 8 0 9 0 10 0 13 1 8 1 9 1 11 1 13 2 8 2 9 2 11 2 13 3 8 3 9 3 11 3 13 4 10 4 12 4 13 5 10 5 12 5 13 6 10 6 12 6 13 7 11 7 12 7 13 8 12 9 12 10 11
m14_22 14 33 0 7 0 8 0 9 0 12 1 8 1 9 1 12 1 13 2 8 2 11 2 12 2 13 3 9 3 10 3 12 3 13 4 10 4 11 4 12 4 13 5 10 5 11 5 12 5 13 6 10 6 11 6 12 6 13 7 10 7 11 7 13 8 10 9 11
m14_23 14 33 0 7 0 8 0 9 0 12 0 13 1 8 1 11 1 12 1 13 2 8 2 11 2 12 2 13 3 9 3 10 3 12 3 13 4 9 4 10 4 12 4 13 5 10 5 11 5 12 5 13 6 10 6 11 6 12 6 13 7 10 7 11 8 10 9 11
m14_24 14 33 0 7 0 8 0 9 0 12 1 8 1 11 1 12 1 13 2 8 2 11 2 12 2 13 3 9 3 10 3 12 3 13 4 9 4 10 4 12 4 13 5 10 5 11 5 12 5 13 6 10 6 11 6 12 6 13 7 10 7 11 7 13 8 10 9 11
m14_25 14 32 0 7 0 8 0 9 0 13 1 8 1 11 1 13 2 8 2 11 2 13 3 9 3 10 3 12 3 13 4 9 4 10 4 12 4 13 5 10 5 11 5 12 5 13 6 10 6 11 6 12 6 13 7 10 7 11 7 12 8 10 8 12 9 11
m14_26 14 31 0 7 0 8 0 9 0 13 1 8 1 12 1 13 2 8 2 12 2 13 3 9 3 11 3 13 4 9 4 11 4 13 5 10 5 11 5 12 5 13 6 10 6 11 6 12 6 13 7 10 7 11 7 12 8 10 8 11 9 10 9 12
m14_27 14 34 0 7 0 8 0 11 0 12 1 8 1 11 1 12 1 13 2 8 2 11 2 12 2 13 3 9 3 10 3 12 3 13 4 9 4 10 4 12 4 13 5 10 5 11 5 12 5 13 6 10 6 11 6 12 6 13 7 9 7 10 7 13 8 9 8 10 9 11
m14_28 14 31 0 7 0 10 0 11 1 8 1 9 1 10 1 13 2 8 2 9 2 10 2 13 3 8 3 9 3 10 3 13 4 11 4 12 4 13 5 11 5 12 5 13 6 11 6 12 6 13 7 12 7 13 8 11 8 12 9 11 9 12 10 12
m14_29 14 31 0 7 0 10 0 13 1 8 1 9 1 11 1 13 2 8 2 9 2 11 2 13 3 8 3 9 3 11 3 13 4 10 4 12 4 13 5 10 5 12 5 13 6 11 6 12 6 13 7 11 7 12 8 10 8 12 9 10 9 12 10 11
m14_30 14 33 0 7 0 10 0 12 1 8 1 9 1 12 1 13 2 8 2 9 2 12 2 13 3 8 3 9 3 12 3 13 4 10 4 11 4 12 4 13 5 10 5 11 5 12 5 13 6 10 6 11 6 12 6 13 7 11 7 13 8 10 8 11 9 10 9 11
m14_31 14 31 0 7 0 8 0 13 1 7 1 11 1 13 2 8 2 9 2 10 2 13 3 9 3 10 3 12 3 13 4 9 4 10 4 12 4 13 5 11 5 12 5 13 6 11 6 12 6 13 7 9 7 10 7 12 8 11 8 12 9 11 10 11
m14_32 14 29 0 7 0 8 0 13 1 7 1 11 1 12 1 13 2 8 2 9 2 10 2 13 3 9 3 12 3 13 4 9 4 12 4 13 5 10 5 11 5 13 6 10 6 11 6 13 7 9 7 10 8 11 8 12 9 11 10 12
m14_33 14 32 0 7 0 8 0 13 1 7 1 10 1 12 1 13 2 8 2 9 2 11 2 13 3 9 3 11 3 12 3 13 4 9 4 11 4 12 4 13 5 10 5 11 5 12 5 13 6 10 6 11 6 12 6 13 7 9 7 11 8 10 8 12 9 10
m14_34 14 33 0 7 0 8 0 12 0 13 1 7 1 10 1 12 1 13 2 8 2 9 2 12 2 13 3 9 3 11 3 12 3 13 4 9 4 11 4 12 4 13 5 10 5 11 5 12 5 13 6 10 6 11 6 12 6 13 7 9 7 11 8 10 8 11 9 10
m14_35 14 32 0 7 0 8 0 13 1 7 1 10 1 13 2 8 2 9 2 12 2 13 3 9 3 11 3 12 3 13 4 9 4 11 4 12 4 13 5 10 5 11 5 12 5 13 6 10 6 11 6 12 6 13 7 9 7 11 7 12 8 10 8 11 9 10
m14_36 14 32 0 7 0 8 0 13 1 7 1 10 1 13 2 8 2 9 2 13 3 9 3 11 3 12 3 13 4 9 4 11 4 12 4 13 5 10 5 11 5 12 5 13 6 10 6 11 6 12 6 13 7 9 7 11 7 12 8 10 8 11 8 12 9 10
m14_37 14 35 0 7 0 8 0 13 1 7 1 12 1 13 2 8 2 9 2 10 2 11 2 13 3 9 3 10 3 11 3 12 3 13 4 9 4 10 4 11 4 12 4 13 5 9 5 10 5 11 5 12 5 13 6 9 6 10 6 11 6 12 6 13 7 9 7 10 7 11 8 12
m14_38 14 36 0 7 0 8 0 12 0 13 1 7 1 11 1 12 1 13 2 8 2 9 2 10 2 12 2 13 3 9 3 10 3 11 3 12 3 13 4 9 4 10 4 11 4 12 4 13 5 9 5 10 5 11 5 12 5 13 6 9 6 10 6 11 6 12 6 13 7 9 7 10 8 11
m14_39 14 35 0 7 0 8 0 13 1 7 1 11 1 12 1 13 2 8 2 9 2 10 2 13 3 9 3 10 3 11 3 12 3 13 4 9 4 10 4 11 4 12 4 13 5 9 5 10 5 11 5 12 5 13 6 9 6 10 6 11 6 12 6 13 7 9 7 10 8 11 8 12
m14_40 14 37 0 7 0 8 0 11 0 12 0 13 1 7 1 10 1 11 1 12 1 13 2 8 2 9 2 11 2 12 2 13 3 9 3 10 3 11 3 12 3 13 4 9 4 10 4 11 4 12 4 13 5 9 5 10 5 11 5 12 5 13 6 9 6 10 6 11 6 12 6 13 7 9 8 10
m14_41 14 31 0 7 0 8 0 9 0 11 0 12 1 7 1 8 1 9 1 11 1 12 2 8 2 9 2 10 2 12 3 10 3 12 3 13 4 11 4 12 4 13 5 11 5 12 5 13 6 11 6 12 6 13 7 10 7 13 8 13 9 13 10 11
m14_42 14 35 0 7 0 8 0 9 0 11 0 12 1 7 1 8 1 9 1 11 1 12 2 8 2 9 2 10 2 11 2 12 3 10 3 11 3 12 3 13 4 10 4 11 4 12 4 13 5 10 5 11 5 12 5 13 6 10 6 11 6 12 6 13 7 10 7 13 8 13 9 13
m14_43 14 34 0 7 0 8 0 9 0 12 1 7 1 8 1 9 1 12 2 8 2 9 2 10 2 11 2 12 3 10 3 11 3 12 3 13 4 10 4 11 4 12 4 13 5 10 5 11 5 12 5 13 6 10 6 11 6 12 6 13 7 10 7 11 7 13 8 13 9 13
m14_44 14 32 0 7 0 9 0 10 0 12 1 7 1 9 1 10 1 12 2 8 2 9 2 10 2 11 3 8 3 9 3 10 3 11 4 9 4 10 4 11 4 12 5 11 5 12 5 13 6 11 6 12 6 13 7 11 7 13 8 12 8 13 9 13 10 13
m14_45 14 28 0 7 0 12 0 13 1 7 1 12 1 13 2 8 2 11 2 13 3 8 3 11 3 13 4 9 4 10 4 13 5 9 5 10 5 13 6 10 6 11 6 12 6 13 7 10 7 11 8 10 8 12 9 11 9 12
m14_46 14 28 0 7 0 12 0 13 1 7 1 12 1 13 2 8 2 11 2 13 3 8 3 11 3 13 4 9 4 11 4 12 5 9 5 11 5 12 6 10 6 11 6 12 6 13 7 10 7 11 8 10 8 12 9 10 9 13
m14_47 14 31 0 7 0 11 0 13 1 7 1 11 1 13 2 8 2 11 2 12 3 8 3 11 3 12 4 9 4 10 4 12 4 13 5 9 5 10 5 12 5 13 6 10 6 11 6 12 6 13 7 9 7 10 7 12 8 9 8 10 8 13 9 11
m14_48 14 33 0 7 0 10 0 12 0 13 1 7 1 10 1 12 1 13 2 8 2 10 2 11 2 13 3 8 3 10 3 11 3 13 4 9 4 11 4 12 4 13 5 9 5 11 5 12 5 13 6 10 6 11 6 12 6 13 7 9 7 11 8 9 8 12 9 10
m14_49 14 32 0 7 0 10 0 12 1 7 1 10 1 12 2 8 2 10 2 11 2 13 3 8 3 10 3 11 3 13 4 9 4 11 4 12 4 13 5 9 5 11 5 12 5 13 6 10 6 11 6 12 6 13 7 9 7 11 7 13 8 9 8 12 9 10
m14_50 14 29 0 7 0 8 0 12 1 7 1 9 1 10 1 11 2 8 2 9 2 13 3 8 3 9 3 13 4 10 4 11 4 12 4 13 5 10 5 11 5 12 5 13 6 10 6 11 6 12 6 13 7 13 8 10 8 11 9 12
m14_51 14 31 0 7 0 8 0 11 0 13 1 7 1 9 1 10 1 13 2 8 2 9 2 12 2 13 3 8 3 9 3 12 3 13 4 10 4 11 4 12 4 13 5 10 5 11 5 12 5 13 6 10 6 11 6 12 6 13 7 12 8 10 9 11
m14_52 14 30 0 7 0 8 0 11 1 7 1 9 1 10 2 8 2 9 2 12 2 13 3 8 3 9 3 12 3 13 4 10 4 11 4 12 4 13 5 10 5 11 5 12 5 13 6 10 6 11 6 12 6 13 7 12 7 13 8 10 9 11
m14_53 14 30 0 7 0 8 0 11 1 7 1 9 1 10 2 8 2 9 2 12 3 8 3 9 3 12 4 10 4 11 4 12 4 13 5 10 5 11 5 12 5 13 6 10 6 11 6 12 6 13 7 12 7 13 8 10 8 13 9 11 9 13
m14_54 14 31 0 7 0 8 0 9 0 13 1 7 1 10 1 11 1 13 2 8 2 11 2 12 2 13 3 8 3 11 3 12 3 13 4 9 4 10 4 12 4 13 5 9 5 10 5 12 5 13 6 10 6 11 6 12 6 13 7 12 8 10 9 11
m14_55 14 32 0 7 0 8 0 10 0 13 1 7 1 10 1 11 1 13 2 8 2 9 2 12 2 13 3 8 3 10 3 12 3 13 4 9 4 11 4 12 4 13 5 9 5 11 5 12 5 13 6 10 6 11 6 12 6 13 7 9 7 12 8 11 9 10
m14_56 14 32 0 7 0 9 0 10 0 11 1 7 1 9 1 10 1 11 2 8 2 10 2 11 2 12 3 8 3 10 3 11 3 12 4 8 4 10 4 11 4 12 5 9 5 12 5 13 6 9 6 12 6 13 7 12 7 13 8 9 8 13 10 13 11 13
m14_57 14 31 0 7 0 8 0 9 0 13 1 7 1 8 1 9 1 13 2 7 2 11 2 12 2 13 3 8 3 10 3 12 3 13 4 9 4 10 4 11 4 13 5 10 5 11 5 12 5 13 6 10 6 11 6 12 6 13 7 10 8 11 9 12
m14_58 14 31 0 7 0 8 0 9 0 13 1 7 1 8 1 9 1 13 2 7 2 12 2 13 3 8 3 11 3 13 4 9 4 10 4 13 5 10 5 11 5 12 5 13 6 10 6 11 6 12 6 13 7 10 7 11 8 10 8 12 9 11 9 12
m14_59 14 35 0 7 0 8 0 12 0 13 1 7 1 8 1 12 1 13 2 7 2 11 2 12 2 13 3 8 3 9 3 10 3 12 3 13 4 9 4 10 4 11 4 12 4 13 5 9 5 10 5 11 5 12 5 13 6 9 6 10 6 11 6 12 6 13 7 9 7 10 8 11
m14_60 14 33 0 7 0 8 0 13 1 7 1 8 1 13 2 7 2 11 2 12 2 13 3 8 3 9 3 10 3 13 4 9 4 10 4 11 4 12 4 13 5 9 5 10 5 11 5 12 5 13 6 9 6 10 6 11 6 12 6 13 7 9 7 10 8 11 8 12
m14_61 14 37 0 7 0 8 0 11 0 12 0 13 1 7 1 8 1 11 1 12 1 13 2 7 2 10 2 11 2 12 2 13 3 8 3 9 3 11 3 12 3 13 4 9 4 10 4 11 4 12 4 13 5 9 5 10 5 11 5 12 5 13 6 9 6 10 6 11 6 12 6 13 7 9 8 10
m14_62 14 31 0 7 0 8 0 11 0 13 1 7 1 9 1 12 1 13 2 7 2 9 2 12 2 13 3 8 3 9 3 10 3 13 4 8 4 10 4 11 4 13 5 10 5 11 5 12 5 13 6 10 6 11 6 12 6 13 7 10 8 12 9 11
m14_63 14 32 0 7 0 8 0 9 0 13 1 7 1 9 1 12 1 13 2 7 2 9 2 12 2 13 3 8 3 10 3 11 3 13 4 8 4 10 4 11 4 13 5 9 5 11 5 12 5 13 6 10 6 11 6 12 6 13 7 10 7 11 8 12 9 10
m14_64 14 32 0 7 0 8 0 11 0 13 1 7 1 11 1 12 1 13 2 7 2 11 2 12 2 13 3 8 3 9 3 10 3 13 4 8 4 10 4 11 4 13 5 9 5 10 5 12 5 13 6 9 6 10 6 12 6 13 7 9 7 10 8 12 9 11
m14_66 14 32 0 6 0 8 0 9 0 13 1 7 1 8 1 9 1 12 2 8 2 10 2 12 2 13 3 9 3 11 3 12 3 13 4 9 4 11 4 12 4 13 5 10 5 11 5 12 5 13 6 10 6 11 6 12 7 10 7 11 7 13 8 11 9 10
m14_67 14 32 0 6 0 8 0 10 0 13 1 7 1 8 1 9 1 10 1 11 2 8 2 10 2 11 2 13 3 9 3 10 3 11 3 12 4 10 4 11 4 12 4 13 5 10 5 11 5 12 5 13 6 9 6 11 6 12 7 12 7 13 8 12 9 13
m14_68 14 32 0 6 0 8 0 10 0 12 1 7 1 8 1 9 1 10 2 8 2 10 2 12 2 13 3 9 3 10 3 11 3 13 4 10 4 11 4 12 4 13 5 10 5 11 5 12 5 13 6 9 6 11 6 13 7 11 7 12 7 13 8 11 9 12
m14_69 14 32 0 6 0 8 0 9 0 13 1 7 1 8 1 9 1 12 2 8 2 11 2 12 2 13 3 8 3 11 3 12 3 13 4 9 4 10 4 12 4 13 5 9 5 10 5 12 5 13 6 10 6 11 6 12 7 10 7 11 7 13 8 10 9 11
m14_70 14 35 0 6 0 7 0 9 0 10 0 13 1 7 1 8 1 9 1 10 1 12 2 9 2 10 2 11 2 12 2 13 3 9 3 10 3 11 3 12 3 13 4 9 4 10 4 11 4 12 4 13 5 9 5 10 5 11 5 12 5 13 6 8 6 11 6 12 7 11 8 13
m14_71 14 35 0 6 0 7 0 9 0 10 0 12 1 7 1 8 1 9 1 10 2 9 2 10 2 11 2 12 2 13 3 9 3 10 3 11 3 12 3 13 4 9 4 10 4 11 4 12 4 13 5 9 5 10 5 11 5 12 5 13 6 8 6 11 6 13 7 11 7 13 8 12
m14_72 14 35 0 6 0 7 0 9 0 10 0 12 1 7 1 8 1 9 1 10 2 9 2 10 2 11 2 12 2 13 3 9 3 10 3 11 3 12 3 13 4 9 4 10 4 11 4 12 4 13 5 9 5 10 5 11 5 12 5 13 6 8 6 11 7 11 7 13 8 12 8 13
m14_73 14 35 0 6 0 7 0 9 0 13 1 7 1 8 1 9 1 10 2 9 2 10 2 11 2 12 2 13 3 9 3 10 3 11 3 12 3 13 4 9 4 10 4 11 4 12 4 13 5 9 5 10 5 11 5 12 5 13 6 8 6 10 6 12 7 11 7 12 8 11 8 13
m14_74 14 35 0 6 0 7 0 9 1 7 1 8 1 9 1 10 2 9 2 10 2 11 2 12 2 13 3 9 3 10 3 11 3 12 3 13 4 9 4 10 4 11 4 12 4 13 5 9 5 10 5 11 5 12 5 13 6 8 6 10 7 11 7 12 7 13 8 11 8 12 8 13
m14_75 14 33 0 6 0 8 0 9 0 10 0 11 1 7 1 8 1 12 2 7 2 8 2 12 3 9 3 10 3 11 3 12 3 13 4 9 4 10 4 11 4 12 4 13 5 9 5 10 5 11 5 12 5 13 6 12 6 13 7 9 7 10 7 11 7 13 8 13
m14_76 14 34 0 6 0 8 0 9 0 10 0 12 1 7 1 8 1 12 1 13 2 7 2 8 2 12 2 13 3 9 3 10 3 11 3 12 3 13 4 9 4 10 4 11 4 12 4 13 5 9 5 10 5 11 5 12 5 13 6 11 6 13 7 9 7 10 7 11 8 11
m14_77 14 34 0 6 0 8 0 9 0 10 1 7 1 8 1 12 1 13 2 7 2 8 2 12 2 13 3 9 3 10 3 11 3 12 3 13 4 9 4 10 4 11 4 12 4 13 5 9 5 10 5 11 5 12 5 13 6 11 6 12 6 13 7 9 7 10 7 11 8 11
m14_78 14 35 0 6 0 8 0 9 0 11 0 12 1 7 1 8 1 11 1 12 1 13 2 7 2 8 2 11 2 12 2 13 3 9 3 10 3 11 3 12 3 13 4 9 4 10 4 11 4 12 4 13 5 9 5 10 5 11 5 12 5 13 6 10 6 13 7 9 7 10 8 10
m14_79 14 35 0 6 0 8 0 9 0 11 1 7 1 8 1 11 1 12 1 13 2 7 2 8 2 11 2 12 2 13 3 9 3 10 3 11 3 12 3 13 4 9 4 10 4 11 4 12 4 13 5 9 5 10 5 11 5 12 5 13 6 10 6 12 6 13 7 9 7 10 8 10
m14_80 14 35 0 6 0 8 0 9 1 7 1 8 1 11 1 12 1 13 2 7 2 8 2 11 2 12 2 13 3 9 3 10 3 11 3 12 3 13 4 9 4 10 4 11 4 12 4 13 5 9 5 10 5 11 5 12 5 13 6 10 6 11 6 12 6 13 7 9 7 10 8 10
m14_81 14 35 0 6 0 8 0 9 0 12 1 7 1 8 1 12 1 13 2 7 2 8 2 12 2 13 3 9 3 10 3 11 3 12 3 13 4 9 4 10 4 11 4 12 4 13 5 9 5 10 5 11 5 12 5 13 6 10 6 11 6 13 7 9 7 10 7 11 8 10 8 11
m14_82 14 35 0 6 0 8 0 9 1 7 1 8 1 12 1 13 2 7 2 8 2 12 2 13 3 9 3 10 3 11 3 12 3 13 4 9 4 10 4 11 4 12 4 13 5 9 5 10 5 11 5 12 5 13 6 10 6 11 6 12 6 13 7 9 7 10 7 11 8 10 8 11
m14_83 14 32 0 6 0 8 0 9 0 11 1 7 1 8 1 9 1 13 2 7 2 9 2 10 2 13 3 8 3 9 3 11 3 13 4 10 4 11 4 12 4 13 5 10 5 11 5 12 5 13 6 10 6 12 6 13 7 11 7 12 8 10 8 12 9 12
m14_84 14 31 0 6 0 8 0 9 0 13 1 7 1 8 1 10 1 13 2 7 2 10 2 12 2 13 3 8 3 10 3 11 3 13 4 9 4 11 4 12 4 13 5 9 5 11 5 12 5 13 6 10 6 11 6 12 7 9 7 11 8 12 9 10
m14_85 14 32 0 6 0 9 0 11 1 7 1 8 1 9 1 13 2 7 2 8 2 9 2 13 3 8 3 9 3 10 3 13 4 10 4 11 4 12 4 13 5 10 5 11 5 12 5 13 6 10 6 12 6 13 7 10 7 11 7 12 8 11 8 12 9 12
m14_86 14 32 0 6 0 9 0 10 0 11 1 7 1 8 1 9 1 13 2 7 2 8 2 9 2 13 3 8 3 9 3 11 3 13 4 10 4 11 4 12 4 13 5 10 5 11 5 12 5 13 6 12 6 13 7 10 7 11 7 12 8 10 8 12 9 12
m14_87 14 33 0 6 0 8 0 9 0 11 1 7 1 11 1 12 1 13 2 7 2 11 2 12 2 13 3 8 3 9 3 10 3 11 4 9 4 10 4 11 4 13 5 10 5 11 5 12 5 13 6 10 6 12 6 13 7 8 7 9 7 10 8 12 8 13 9 12
m14_88 14 32 0 6 0 9 0 10 0 13 1 7 1 10 1 11 1 13 2 7 2 10 2 11 2 13 3 8 3 9 3 12 3 13 4 8 4 9 4 12 4 13 5 11 5 12 5 13 6 11 6 12 7 8 7 9 7 12 8 10 8 11 9 11 10 12
m14_89 14 32 0 6 0 8 0 9 0 13 1 7 1 10 1 12 1 13 2 7 2 10 2 12 2 13 3 8 3 9 3 11 3 13 4 8 4 11 4 12 4 13 5 9 5 10 5 11 5 13 6 10 6 11 6 12 7 8 7 9 7 11 8 10 9 12
m14_90 14 33 0 6 0 7 0 8 0 10 0 13 1 7 1 8 1 9 1 11 1 13 2 7 2 8 2 10 2 11 2 13 3 9 3 11 3 12 3 13 4 10 4 11 4 12 4 13 5 10 5 11 5 12 5 13 6 9 6 11 6 12 7 12 8 12 9 10
m14_91 14 28 0 6 0 7 0 8 0 13 1 7 1 8 1 9 1 13 2 7 2 9 2 10 2 12 3 8 3 10 3 11 4 11 4 12 4 13 5 11 5 12 5 13 6 9 6 10 6 12 7 11 8 12 9 11 10 13
m14_92 14 31 0 6 0 7 0 8 0 10 0 13 1 7 1 8 1 9 1 13 2 7 2 9 2 12 2 13 3 8 3 10 3 11 3 13 4 10 4 11 4 12 4 13 5 10 5 11 5 12 5 13 6 9 6 11 6 12 7 11 8 12 9 10
m14_93 14 31 0 6 0 7 0 8 0 10 1 7 1 8 1 9 1 13 2 7 2 9 2 12 2 13 3 8 3 10 3 11 3 13 4 10 4 11 4 12 4 13 5 10 5 11 5 12 5 13 6 9 6 11 6 12 6 13 7 11 8 12 9 10
m14_94 14 31 0 6 0 7 0 8 0 10 1 7 1 8 1 9 1 13 2 7 2 9 2 12 2 13 3 8 3 10 3 11 3 13 4 10 4 11 4 12 4 13 5 10 5 11 5 12 5 13 6 9 6 12 6 13 7 11 8 12 9 10 9 11
m14_95 14 31 0 6 0 7 0 8 0 13 1 7 1 8 1 9 1 13 2 7 2 9 2 12 2 13 3 8 3 10 3 11 3 13 4 10 4 11 4 12 4 13 5 10 5 11 5 12 5 13 6 9 6 11 6 12 7 10 7 11 8 12 9 10
m14_96 14 32 0 6 0 7 0 8 0 13 1 7 1 8 1 9 1 12 1 13 2 7 2 9 2 11 2 12 2 13 3 8 3 10 3 12 3 13 4 10 4 11 4 12 4 13 5 10 5 11 5 12 5 13 6 9 6 11 6 12 7 10 8 11 9 10
m14_97 14 39 0 6 0 7 0 10 0 11 0 12 0 13 1 7 1 9 1 10 1 11 1 12 1 13 2 7 2 9 2 10 2 11 2 12 2 13 3 8 3 9 3 10 3 11 3 12 3 13 4 8 4 9 4 10 4 11 4 12 4 13 5 8 5 9 5 10 5 11 5 12 5 13 6 8 6 9 7 8
m14_98 14 39 0 6 0 7 0 11 0 12 0 13 1 7 1 9 1 10 1 11 1 12 1 13 2 7 2 9 2 10 2 11 2 12 2 13 3 8 3 9 3 10 3 11 3 12 3 13 4 8 4 9 4 10 4 11 4 12 4 13 5 8 5 9 5 10 5 11 5 12 5 13 6 8 6 9 6 10 7 8
m14_99 14 39 0 6 0 7 0 11 0 12 1 7 1 9 1 10 1 11 1 12 1 13 2 7 2 9 2 10 2 11 2 12 2 13 3 8 3 9 3 10 3 11 3 12 3 13 4 8 4 9 4 10 4 11 4 12 4 13 5 8 5 9 5 10 5 11 5 12 5 13 6 8 6 9 6 10 6 13 7 8
m14_100 14 39 0 6 0 7 0 12 1 7 1 9 1 10 1 11 1 12 1 13 2 7 2 9 2 10 2 11 2 12 2 13 3 8 3 9 3 10 3 11 3 12 3 13 4 8 4 9 4 10 4 11 4 12 4 13 5 8 5 9 5 10 5 11 5 12 5 13 6 8 6 9 6 10 6 11 6 13 7 8
m14_101 14 31 0 6 0 7 0 9 0 12 1 6 1 8 1 9 1 11 2 7 2 8 2 9 2 10 3 9 3 10 3 11 3 12 4 10 4 11 4 12 4 13 5 10 5 11 5 12 5 13 6 10 6 13 7 11 7 13 8 12 8 13 9 13
m14_102 14 35 0 6 0 7 0 8 0 11 0 13 1 6 1 8 1 10 1 11 1 13 2 7 2 8 2 9 2 11 2 13 3 9 3 10 3 11 3 12 3 13 4 9 4 10 4 11 4 12 4 13 5 9 5 10 5 11 5 12 5 13 6 9 6 12 7 10 7 12 8 12
m14_103 14 34 0 6 0 7 0 8 0 12 1 6 1 8 1 10 1 12 2 7 2 8 2 9 2 11 2 12 3 9 3 10 3 11 3 12 3 13 4 9 4 10 4 11 4 12 4 13 5 9 5 10 5 11 5 12 5 13 6 9 6 11 6 13 7 10 7 13 8 13
m14_104 14 31 0 6 0 7 0 11 0 13 1 6 1 8 1 10 1 13 2 7 2 11 2 12 2 13 3 8 3 10 3 12 3 13 4 9 4 10 4 11 4 12 5 10 5 11 5 12 5 13 6 9 6 12 7 9 7 10 8 9 8 11 9 13
m14_105 14 34 0 6 0 7 0 8 0 9 0 12 1 6 1 8 1 9 1 11 1 12 2 7 2 8 2 9 2 10 2 12 3 8 3 9 3 10 3 11 3 12 4 10 4 11 4 12 4 13 5 10 5 11 5 12 5 13 6 10 6 13 7 11 7 13 8 13 9 13
m14_106 14 31 0 6 0 7 0 10 0 13 1 6 1 10 1 12 1 13 2 7 2 10 2 11 2 13 3 8 3 11 3 12 3 13 4 8 4 11 4 12 4 13 5 9 5 10 5 11 5 12 5 13 6 9 6 11 7 9 7 12 8 9 8 10
m14_107 14 31 0 6 0 7 0 10 0 13 1 6 1 10 1 12 1 13 2 7 2 10 2 11 2 13 3 8 3 11 3 12 3 13 4 8 4 11 4 12 4 13 5 9 5 10 5 11 5 12 6 9 6 11 7 9 7 12 8 9 8 10 9 13
m14_108 14 33 0 6 0 7 0 12 0 13 1 6 1 10 1 11 1 12 1 13 2 7 2 8 2 13 3 8 3 9 3 10 3 11 3 13 4 9 4 10 4 11 4 12 4 13 5 9 5 10 5 11 5 12 5 13 6 8 6 9 7 9 7 10 7 11 8 12
m14_109 14 33 0 6 0 7 0 12 0 13 1 6 1 11 1 12 1 13 2 7 2 8 2 13 3 8 3 9 3 10 3 11 3 13 4 9 4 10 4 11 4 12 4 13 5 9 5 10 5 11 5 12 5 13 6 8 6 9 6 10 7 9 7 10 7 11 8 12
m14_110 14 34 0 6 0 7 0 12 0 13 1 6 1 11 1 12 1 13 2 7 2 8 2 12 2 13 3 8 3 9 3 10 3 12 3 13 4 9 4 10 4 11 4 12 4 13 5 9 5 10 5 11 5 12 5 13 6 8 6 9 6 10 7 9 7 10 7 11 8 11
m14_111 14 33 0 6 0 7 0 12 0 13 1 6 1 11 1 12 1 13 2 7 2 8 2 13 3 8 3 9 3 10 3 13 4 9 4 10 4 11 4 12 4 13 5 9 5 10 5 11 5 12 5 13 6 8 6 9 6 10 7 9 7 10 7 11 8 11 8 12
m14_112 14 34 0 6 0 7 0 10 0 12 0 13 1 6 1 10 1 11 1 12 1 13 2 7 2 8 2 12 2 13 3 8 3 9 3 11 3 12 3 13 4 9 4 10 4 11 4 12 4 13 5 9 5 10 5 11 5 12 5 13 6 8 6 9 7 9 7 11 8 10
m14_113 14 35 0 6 0 7 0 11 0 12 0 13 1 6 1 10 1 11 1 12 1 13 2 7 2 8 2 11 2 12 2 13 3 8 3 9 3 11 3 12 3 13 4 9 4 10 4 11 4 12 4 13 5 9 5 10 5 11 5 12 5 13 6 8 6 9 7 9 7 10 8 10
m14_114 14 34 0 6 0 7 0 12 0 13 1 6 1 10 1 11 1 12 1 13 2 7 2 8 2 12 2 13 3 8 3 9 3 11 3 12 3 13 4 9 4 10 4 11 4 12 4 13 5 9 5 10 5 11 5 12 5 13 6 8 6 9 7 9 7 10 7 11 8 10
m14_115 14 33 0 6 0 7 0 13 1 6 1 10 1 11 1 13 2 7 2 8 2 12 2 13 3 8 3 9 3 11 3 12 3 13 4 9 4 10 4 11 4 12 4 13 5 9 5 10 5 11 5 12 5 13 6 8 6 9 6 12 7 9 7 10 7 11 8 10
m14_116 14 35 0 6 0 7 0 9 0 12 0 13 1 6 1 9 1 11 1 12 1 13 2 7 2 9 2 10 2 12 2 13 3 8 3 10 3 11 3 12 3 13 4 8 4 10 4 11 4 12 4 13 5 9 5 10 5 11 5 12 5 13 6 8 6 10 7 8 7 11 8 9
m14_117 14 36 0 6 0 7 0 12 0 13 1 6 1 11 1 12 1 13 2 7 2 9 2 10 2 12 2 13 3 8 3 9 3 10 3 11 3 12 3 13 4 8 4 9 4 10 4 11 4 12 4 13 5 8 5 9 5 10 5 11 5 12 5 13 6 8 6 9 6 10 7 8 7 11
m14_118 14 37 0 6 0 7 0 11 0 12 0 13 1 6 1 10 1 11 1 12 1 13 2 7 2 9 2 11 2 12 2 13 3 8 3 9 3 10 3 11 3 12 3 13 4 8 4 9 4 10 4 11 4 12 4 13 5 8 5 9 5 10 5 11 5 12 5 13 6 8 6 9 7 8 7 10
m14_119 14 31 0 6 0 8 0 9 0 10 1 6 1 8 1 9 1 10 2 7 2 8 2 12 3 7 3 9 3 11 4 10 4 11 4 12 4 13 5 10 5 11 5 12 5 13 6 11 6 12 6 13 7 10 7 13 8 11 8 13 9 12 9 13
m14_120 14 30 0 6 0 11 0 12 0 13 1 6 1 11 1 12 1 13 2 7 2 10 2 12 2 13 3 7 3 10 3 12 3 13 4 8 4 9 4 12 4 13 5 8 5 9 5 12 5 13 6 9 6 10 7 9 7 11 8 10 8 11
m14_121 14 30 0 6 0 11 0 12 0 13 1 6 1 11 1 12 1 13 2 7 2 10 2 12 2 13 3 7 3 10 3 12 3 13 4 8 4 9 4 12 5 8 5 9 5 12 6 9 6 10 7 9 7 11 8 10 8 11 8 13 9 13
m14_122 14 30 0 6 0 9 0 12 0 13 1 6 1 11 1 12 1 13 2 7 2 8 2 9 2 12 3 7 3 8 3 11 3 12 4 9 4 10 4 12 4 13 5 10 5 11 5 12 5 13 6 8 6 10 7 10 7 13 8 13 9 11
m14_123 14 35 0 6 0 7 0 8 0 12 0 13 1 6 1 10 1 12 1 13 2 7 2 8 2 11 2 12 2 13 3 7 3 8 3 11 3 12 3 13 4 9 4 10 4 11 4 12 4 13 5 9 5 10 5 11 5 12 5 13 6 9 6 11 7 9 7 10 8 9 8 10
m14_124 14 34 0 6 0 7 0 8 0 13 1 6 1 10 1 13 2 7 2 8 2 11 2 12 2 13 3 7 3 8 3 11 3 12 3 13 4 9 4 10 4 11 4 12 4 13 5 9 5 10 5 11 5 12 5 13 6 9 6 11 6 12 7 9 7 10 8 9 8 10
m14_125 14 31 0 6 0 7 0 8 0 12 0 13 1 6 1 8 1 10 1 12 1 13 2 7 2 9 2 11 2 13 3 7 3 11 3 12 3 13 4 8 4 9 4 10 4 13 5 10 5 11 5 12 5 13 6 9 6 11 7 10 8 11 9 12
m14_126 14 33 0 6 0 7 0 8 0 9 0 12 1 6 1 12 1 13 2 7 2 8 2 9 2 10 2 12 3 7 3 8 3 9 3 10 3 12 4 8 4 9 4 10 4 11 4 12 5 11 5 12 5 13 6 10 6 11 7 11 7 13 8 13 9 13 10 13
m14_127 14 38 0 6 0 7 0 10 0 11 0 12 0 13 1 6 1 8 1 10 1 11 1 12 1 13 2 7 2 9 2 10 2 11 2 12 2 13 3 7 3 9 3 10 3 11 3 12 3 13 4 8 4 9 4 10 4 11 4 12 4 13 5 8 5 9 5 10 5 11 5 12 5 13 6 9 7 8
m14_128 14 37 0 6 0 7 0 11 0 12 0 13 1 6 1 8 1 11 1 12 1 13 2 7 2 9 2 10 2 11 2 12 2 13 3 7 3 9 3 10 3 11 3 12 3 13 4 8 4 9 4 10 4 11 4 12 4 13 5 8 5 9 5 10 5 11 5 12 5 13 6 9 6 10 7 8
m14_129 14 36 0 6 0 7 0 12 0 13 1 6 1 8 1 12 1 13 2 7 2 9 2 10 2 11 2 12 2 13 3 7 3 9 3 10 3 11 3 12 3 13 4 8 4 9 4 10 4 11 4 12 4 13 5 8 5 9 5 10 5 11 5 12 5 13 6 9 6 10 6 11 7 8
m14_130 14 38 0 6 0 10 0 11 0 12 0 13 1 6 1 10 1 11 1 12 1 13 2 7 2 8 2 9 2 11 2 12 2 13 3 7 3 8 3 9 3 11 3 12 3 13 4 8 4 9 4 10 4 11 4 12 4 13 5 8 5 9 5 10 5 11 5 12 5 13 6 7 6 8 6 9 7 10
m14_131 14 37 0 6 0 10 0 11 0 12 0 13 1 6 1 10 1 11 1 12 1 13 2 7 2 8 2 9 2 12 2 13 3 7 3 8 3 9 3 12 3 13 4 8 4 9 4 10 4 11 4 12 4 13 5 8 5 9 5 10 5 11 5 12 5 13 6 7 6 8 6 9 7 10 7 11
m14_132 14 33 0 6 0 7 0 8 0 12 0 13 1 6 1 7 1 11 1 12 1 13 2 6 2 8 2 10 2 12 2 13 3 7 3 9 3 11 3 12 3 13 4 8 4 9 4 10 4 12 4 13 5 9 5 10 5 11 5 12 5 13 6 9 7 10 8 11
m14_133 14 30 0 5 0 7 0 8 0 12 1 6 1 8 1 9 1 10 2 7 2 9 2 11 2 12 3 8 3 10 3 12 3 13 4 10 4 11 4 12 4 13 5 9 5 10 5 11 6 11 6 12 6 13 7 10 7 13 8 11 9 13
m14_134 14 31 0 5 0 7 0 8 0 11 1 6 1 8 1 9 1 12 2 7 2 9 2 10 2 11 3 8 3 9 3 11 3 12 4 10 4 11 4 12 4 13 5 9 5 10 5 12 6 10 6 11 6 13 7 12 7 13 8 10 8 13 9 13
m14_135 14 31 0 5 0 7 0 8 0 9 1 6 1 8 1 11 1 13 2 7 2 9 2 10 2 11 3 8 3 11 3 12 3 13 4 9 4 10 4 11 4 12 5 11 5 12 5 13 6 9 6 10 6 12 7 12 7 13 8 10 9 13 10 13
m14_136 14 31 0 5 0 7 0 8 0 11 1 6 1 8 1 9 1 10 2 7 2 10 2 11 2 13 3 8 3 9 3 10 3 11 4 9 4 10 4 11 4 12 5 10 5 12 5 13 6 11 6 12 6 13 7 9 7 12 8 12 8 13 9 13
m14_137 14 31 0 5 0 7 0 8 0 10 0 13 1 6 1 8 1 9 1 10 2 7 2 10 2 12 2 13 3 8 3 9 3 10 3 11 4 10 4 11 4 12 4 13 5 9 5 11 5 12 6 11 6 12 6 13 7 9 7 11 8 12 9 13
m14_138 14 31 0 5 0 7 0 10 0 12 1 6 1 7 1 9 1 12 2 7 2 9 2 10 2 12 3 8 3 9 3 10 3 11 4 11 4 12 4 13 5 8 5 9 5 11 6 8 6 10 6 11 7 11 7 13 8 12 8 13 9 13 10 13
m14_139 14 31 0 5 0 9 0 11 0 12 1 6 1 9 1 10 1 12 2 7 2 8 2 9 2 10 2 11 3 7 3 8 3 9 3 10 3 11 4 10 4 11 4 12 4 13 5 10 5 13 6 11 6 13 7 12 7 13 8 12 8 13 9 13
m14_140 14 31 0 5 0 9 0 11 1 6 1 9 1 10 2 7 2 8 2 9 2 12 3 7 3 8 3 9 3 12 4 10 4 11 4 12 4 13 5 10 5 12 5 13 6 11 6 12 6 13 7 10 7 11 7 13 8 10 8 11 8 13 9 13
m14_141 14 33 0 5 0 6 0 9 0 10 0 13 1 6 1 7 1 8 1 9 1 13 2 7 2 8 2 9 2 11 2 13 3 9 3 10 3 11 3 12 3 13 4 9 4 10 4 11 4 12 4 13 5 8 5 11 5 12 6 11 6 12 7 10 7 12 8 10
m14_142 14 33 0 5 0 6 0 9 0 10 1 6 1 7 1 8 1 9 2 7 2 8 2 9 2 11 2 13 3 9 3 10 3 11 3 12 3 13 4 9 4 10 4 11 4 12 4 13 5 8 5 11 5 12 5 13 6 11 6 12 6 13 7 10 7 12 8 10
m14_143 14 32 0 5 0 6 0 11 0 12 0 13 1 6 1 7 1 8 1 11 2 7 2 8 2 9 2 11 3 9 3 10 3 11 3 12 4 10 4 11 4 12 4 13 5 8 5 9 5 10 6 9 6 10 7 10 7 12 7 13 8 12 8 13 9 13
m14_144 14 32 0 5 0 6 0 12 0 13 1 6 1 7 1 8 1 12 2 7 2 8 2 9 2 12 3 9 3 10 3 11 3 12 4 10 4 11 4 12 4 13 5 8 5 9 5 10 6 9 6 10 6 11 7 10 7 11 7 13 8 11 8 13 9 13
m14_145 14 32 0 5 0 6 0 8 0 12 0 13 1 6 1 10 1 12 1 13 2 7 2 8 2 9 2 12 3 7 3 8 3 9 3 12 4 10 4 11 4 12 4 13 5 9 5 10 5 11 6 9 6 11 7 10 7 11 7 13 8 10 8 11 9 13
m14_146 14 31 0 5 0 6 0 8 0 9 1 6 1 9 1 10 1 11 2 7 2 8 2 10 2 12 3 7 3 8 3 10 3 12 4 9 4 11 4 12 4 13 5 10 5 11 5 12 6 12 6 13 7 9 7 11 7 13 8 11 8 13 10 13
m14_147 14 32 0 5 0 6 0 8 0 9 1 6 1 9 1 10 1 12 2 7 2 8 2 11 2 12 3 7 3 8 3 11 3 12 4 9 4 10 4 11 4 12 4 13 5 10 5 11 5 12 5 13 6 11 6 13 7 9 7 10 7 13 8 10 8 13
m14_148 14 34 0 5 0 8 0 11 1 6 1 7 1 8 1 9 1 10 2 6 2 7 2 8 2 9 2 10 3 8 3 9 3 10 3 11 3 12 4 9 4 10 4 11 4 12 4 13 5 9 5 10 5 12 5 13 6 11 6 12 6 13 7 11 7 12 7 13 8 13
m14_149 14 29 0 5 0 10 0 11 1 6 1 7 1 10 1 13 2 6 2 7 2 10 2 13 3 8 3 9 3 10 3 12 4 8 4 9 4 10 4 12 5 12 5 13 6 11 6 12 7 11 7 12 8 11 8 13 9 11 9 13
m14_150 14 30 0 5 0 9 0 12 1 6 1 7 1 9 1 11 1 13 2 6 2 7 2 9 2 11 2 13 3 8 3 11 3 12 3 13 4 8 4 11 4 12 4 13 5 10 5 11 5 13 6 10 6 12 7 10 7 12 8 9 8 10
m14_151 14 31 0 5 0 9 0 12 1 6 1 7 1 9 1 11 2 6 2 7 2 9 2 11 3 8 3 11 3 12 3 13 4 8 4 11 4 12 4 13 5 10 5 11 5 13 6 10 6 12 6 13 7 10 7 12 7 13 8 9 8 10 9 13
m14_152 14 31 0 5 0 8 0 10 0 11 1 6 1 7 1 11 1 12 2 6 2 10 2 11 2 12 3 7 3 9 3 11 3 12 4 8 4 9 4 10 4 12 4 13 5 9 5 12 5 13 6 8 6 9 6 13 7 8 7 10 7 13 11 13
m14_153 14 31 0 5 0 8 0 11 1 6 1 7 1 11 1 12 2 6 2 10 2 11 2 12 3 7 3 9 3 11 3 12 4 8 4 9 4 10 4 12 4 13 5 9 5 10 5 12 5 13 6 8 6 9 6 13 7 8 7 10 7 13 11 13
m14_154 14 32 0 5 0 8 0 12 0 13 1 6 1 7 1 11 1 12 1 13 2 6 2 10 2 11 2 12 2 13 3 7 3 9 3 11 3 12 3 13 4 8 4 9 4 10 4 12 4 13 5 9 5 10 5 11 6 8 6 9 7 8 7 10 8 11
m14_155 14 32 0 5 0 8 0 12 1 6 1 7 1 11 1 12 1 13 2 6 2 10 2 11 2 12 2 13 3 7 3 9 3 11 3 12 3 13 4 8 4 9 4 10 4 12 4 13 5 9 5 10 5 11 5 13 6 8 6 9 7 8 7 10 8 11
m14_1 14 29 0 9 0 10 0 13 1 9 1 12 1 13 2 10 2 11 2 13 3 11 3 12 3 13 4 11 4 12 4 13 5 11 5 12 5 13 6 11 6 12 6 13 7 11 7 12 7 13 8 11 8 12 8 13 9 11 10 12
m14_2 14 30 0 9 0 10 0 13 1 9 1 10 1 13 2 10 2 11 2 13 3 11 3 12 3 13 4 11 4 12 4 13 5 11 5 12 5 13 6 11 6 12 6 13 7 11 7 12 7 13 8 11 8 12 8 13 9 11 9 12 10 12
m14_3 14 29 0 9 0 10 0 13 1 9 1 11 1 13 2 10 2 12 2 13 3 10 3 12 3 13 4 11 4 12 4 13 5 11 5 12 5 13 6 11 6 12 6 13 7 11 7 12 7 13 8 11 8 12 8 13 9 12 10 11
m14_4 14 30 0 9 0 10 0 13 1 9 1 10 1 13 2 10 2 12 2 13 3 10 3 12 3 13 4 11 4 12 4 13 5 11 5 12 5 13 6 11 6 12 6 13 7 11 7 12 7 13 8 11 8 12 8 13 9 11 9 12 10 11
m14_5 14 29 0 9 0 10 0 13 1 9 1 11 1 13 2 10 2 12 2 13 3 10 3 12 3 13 4 10 4 12 4 13 5 11 5 12 5 13 6 11 6 12 6 13 7 11 7 12 7 13 8 11 8 12 8 13 9 12 10 11
m14_6 14 30 0 9 0 12 0 13 1 9 1 12 1 13 2 10 2 11 2 13 3 10 3 11 3 13 4 11 4 12 4 13 5 11 5 12 5 13 6 11 6 12 6 13 7 11 7 12 7 13 8 11 8 12 8 13 9 10 9 11 10 12
m14_7 14 30 0 9 0 11 0 13 1 9 1 11 1 13 2 10 2 12 2 13 3 10 3 12 3 13 4 10 4 12 4 13 5 11 5 12 5 13 6 11 6 12 6 13 7 11 7 12 7 13 8 11 8 12 8 13 9 10 9 12 10 11
m14_8 14 30 0 9 0 11 0 13 1 9 1 11 1 13 2 10 2 12 2 13 3 10 3 12 3 13 4 10 4 12 4 13 5 10 5 12 5 13 6 11 6 12 6 13 7 11 7 12 7 13 8 11 8 12 8 13 9 10 9 12 10 11
m14_12 14 31 0 8 0 10 0 11 0 13 1 8 1 10 1 11 1 13 2 8 2 10 2 11 2 13 3 9 3 10 3 13 4 9 4 12 4 13 5 9 5 12 5 13 6 11 6 12 6 13 7 11 7 12 7 13 8 9 8 12 9 11 10 12
m14_13 14 33 0 8 0 12 0 13 1 8 1 12 1 13 2 8 2 12 2 13 3 9 3 10 3 11 3 13 4 9 4 10 4 11 4 13 5 9 5 10 5 11 5 13 6 10 6 11 6 12 6 13 7 10 7 11 7 12 7 13 8 9 8 10 8 11 9 12
m14_14 14 35 0 8 0 11 0 12 0 13 1 8 1 11 1 12 1 13 2 8 2 11 2 12 2 13 3 9 3 10 3 12 3 13 4 9 4 10 4 12 4 13 5 9 5 10 5 12 5 13 6 10 6 11 6 12 6 13 7 10 7 11 7 12 7 13 8 9 8 10 9 11
m14_15 14 34 0 8 0 9 0 12 0 13 1 8 1 11 1 12 1 13 2 8 2 11 2 12 2 13 3 8 3 11 3 12 3 13 4 9 4 10 4 12 4 13 5 9 5 10 5 12 5 13 6 9 6 10 6 12 6 13 7 10 7 11 7 12 7 13 8 10 9 11
m14_16 14 31 0 7 0 8 0 11 0 12 1 8 1 9 1 10 1 12 2 9 2 10 2 12 2 13 3 9 3 10 3 12 3 13 4 11 4 12 4 13 5 11 5 12 5 13 6 11 6 12 6 13 7 9 7 10 7 13 8 13 9 11 10 11
m14_17 14 31 0 7 0 9 0 10 0 11 1 8 1 9 1 10 1 13 2 8 2 9 2 10 2 13 3 8 3 9 3 10 3 13 4 11 4 12 4 13 5 11 5 12 5 13 6 11 6 12 6 13 7 12 7 13 8 11 8 12 9 12 10 12
m14_18 14 31 0 7 0 9 0 12 0 13 1 8 1 9 1 10 1 13 2 8 2 9 2 10 2 13 3 8 3 9 3 10 3 13 4 11 4 12 4 13 5 11 5 12 5 13 6 11 6 12 6 13 7 10 7 11 8 11 8 12 9 11 10 12
m14_19 14 31 0 7 0 9 0 10 0 11 1 8 1 9 1 13 2 8 2 9 2 13 3 8 3 9 3 13 4 10 4 11 4 12 4 13 5 10 5 11 5 12 5 13 6 10 6 11 6 12 6 13 7 12 7 13 8 10 8 11 8 12 9 12
m14_20 14 33 0 7 0 9 0 10 0 12 1 8 1 9 1 12 1 13 2 8 2 9 2 12 2 13 3 8 3 9 3 12 3 13 4 10 4 11 4 12 4 13 5 10 5 11 5 12 5 13 6 10 6 11 6 12 6 13 7 11 7 13 8 10 8 11 9 11
m14_21 14 33 0 7 0 9 0 10 1 8 1 9 1 12 1 13 2 8 2 9 2 12 2 13 3 8 3 9 3 12 3 13 4 10 4 11 4 12 4 13 5 10 5 11 5 12 5 13 6 10 6 11 6 12 6 13 7 11 7 12 7 13 8 10 8 11 9 11
m14_22 14 32 0 7 0 9 0 10 1 8 1 9 1 13 2 8 2 9 2 13 3 8 3 9 3 13 4 10 4 11 4 12 4 13 5 10 5 11 5 12 5 13 6 10 6 11 6 12 6 13 7 11 7 12 7 13 8 10 8 11 8 12 9 11 9 12
m14_23 14 38 0 7 0 8 0 10 0 11 0 12 1 8 1 10 1 11 1 12 1 13 2 8 2 10 2 11 2 12 2 13 3 8 3 10 3 11 3 12 3 13 4 9 4 10 4 11 4 12 4 13 5 9 5 10 5 11 5 12 5 13 6 9 6 10 6 11 6 12 6 13 7 9 7 13 8 9
m14_24 14 38 0 7 0 8 0 10 0 11 1 8 1 10 1 11 1 12 1 13 2 8 2 10 2 11 2 12 2 13 3 8 3 10 3 11 3 12 3 13 4 9 4 10 4 11 4 12 4 13 5 9 5 10 5 11 5 12 5 13 6 9 6 10 6 11 6 12 6 13 7 9 7 12 7 13 8 9
m14_25 14 29 0 7 0 8 0 9 0 11 1 7 1 8 1 9 1 11 2 8 2 10 2 13 3 9 3 10 3 12 4 11 4 12 4 13 5 11 5 12 5 13 6 11 6 12 6 13 7 10 7 12 7 13 8 12 9 13 10 11
m14_26 14 33 0 7 0 8 0 9 0 13 1 7 1 8 1 9 1 13 2 8 2 12 2 13 3 9 3 10 3 11 3 13 4 10 4 11 4 12 4 13 5 10 5 11 5 12 5 13 6 10 6 11 6 12 6 13 7 10 7 11 7 12 8 10 8 11 9 12
m14_27 14 34 0 7 0 8 0 9 0 12 0 13 1 7 1 8 1 9 1 12 1 13 2 8 2 11 2 12 2 13 3 9 3 10 3 12 3 13 4 10 4 11 4 12 4 13 5 10 5 11 5 12 5 13 6 10 6 11 6 12 6 13 7 10 7 11 8 10 9 11
m14_28 14 33 0 7 0 8 0 9 0 13 1 7 1 8 1 9 1 13 2 8 2 11 2 12 2 13 3 9 3 10 3 12 3 13 4 10 4 11 4 12 4 13 5 10 5 11 5 12 5 13 6 10 6 11 6 12 6 13 7 10 7 11 7 12 8 10 9 11
m14_29 14 33 0 7 0 8 0 9 0 13 1 7 1 8 1 9 1 13 2 8 2 12 2 13 3 9 3 11 3 13 4 10 4 11 4 12 4 13 5 10 5 11 5 12 5 13 6 10 6 11 6 12 6 13 7 10 7 11 7 12 8 10 8 11 9 10 9 12
m14_30 14 31 0 7 0 9 0 10 0 12 1 7 1 9 1 10 1 12 2 8 2 9 2 10 2 11 3 8 3 9 3 10 3 11 4 11 4 12 4 13 5 11 5 12 5 13 6 11 6 12 6 13 7 11 7 13 8 12 8 13 9 13 10 13
m14_31 14 33 0 7 0 9 0 12 0 13 1 7 1 9 1 12 1 13 2 8 2 9 2 11 2 13 3 8 3 9 3 11 3 13 4 10 4 11 4 12 4 13 5 10 5 11 5 12 5 13 6 10 6 11 6 12 6 13 7 10 7 11 8 10 8 12 9 10
m14_32 14 32 0 7 0 9 0 12 1 7 1 9 1 12 2 8 2 9 2 11 2 13 3 8 3 9 3 11 3 13 4 10 4 11 4 12 4 13 5 10 5 11 5 12 5 13 6 10 6 11 6 12 6 13 7 10 7 11 7 13 8 10 8 12 9 10
m14_33 14 30 0 7 0 10 0 13 1 7 1 10 1 13 2 8 2 9 2 10 2 11 3 8 3 9 3 10 3 11 4 11 4 12 4 13 5 11 5 12 5 13 6 11 6 12 6 13 7 9 7 11 7 12 8 12 8 13 9 13 10 12
m14_34 14 31 0 7 0 10 0 12 0 13 1 7 1 10 1 12 1 13 2 8 2 9 2 10 2 13 3 8 3 9 3 10 3 13 4 11 4 12 4 13 5 11 5 12 5 13 6 11 6 12 6 13 7 9 7 11 8 11 8 12 9 12 10 11
m14_35 14 27 0 7 0 10 0 13 1 7 1 10 1 13 2 8 2 9 2 13 3 8 3 9 3 13 4 11 4 12 4 13 5 11 5 12 5 13 6 11 6 12 6 13 7 9 7 11 8 10 8 11 9 12 10 12
m14_36 14 30 0 7 0 12 0 13 1 7 1 12 1 13 2 8 2 9 2 11 2 12 3 8 3 9 3 11 3 12 4 10 4 11 4 13 5 10 5 11 5 13 6 11 6 12 6 13 7 9 7 10 7 11 8 10 8 13 9 13 10 12
m14_37 14 32 0 7 0 12 0 13 1 7 1 12 1 13 2 8 2 9 2 11 2 13 3 8 3 9 3 11 3 13 4 10 4 11 4 12 4 13 5 10 5 11 5 12 5 13 6 10 6 11 6 12 6 13 7 9 7 10 7 11 8 10 8 12 9 12
m14_38 14 31 0 7 0 12 0 13 1 7 1 12 1 13 2 8 2 9 2 13 3 8 3 9 3 13 4 10 4 11 4 12 4 13 5 10 5 11 5 12 5 13 6 10 6 11 6 12 6 13 7 9 7 10 7 11 8 10 8 11 8 12 9 12
m14_39 14 33 0 7 0 11 0 12 0 13 1 7 1 11 1 12 1 13 2 8 2 9 2 12 2 13 3 8 3 9 3 12 3 13 4 10 4 11 4 12 4 13 5 10 5 11 5 12 5 13 6 10 6 11 6 12 6 13 7 9 7 10 8 10 8 11 9 11
m14_40 14 33 0 7 0 11 0 12 0 13 1 7 1 11 1 12 1 13 2 8 2 9 2 13 3 8 3 9 3 13 4 10 4 11 4 12 4 13 5 10 5 11 5 12 5 13 6 10 6 11 6 12 6 13 7 9 7 10 8 10 8 11 8 12 9 11 9 12
m14_41 14 33 0 7 0 8 0 9 0 13 1 7 1 9 1 10 1 13 2 8 2 9 2 12 2 13 3 8 3 9 3 12 3 13 4 10 4 11 4 12 4 13 5 10 5 11 5 12 5 13 6 10 6 11 6 12 6 13 7 11 7 12 8 10 8 11 9 11
m14_42 14 32 0 7 0 9 0 12 0 13 1 7 1 10 1 12 1 13 2 8 2 9 2 11 2 13 3 8 3 10 3 11 3 13 4 9 4 11 4 12 4 13 5 10 5 11 5 12 5 13 6 10 6 11 6 12 6 13 7 8 7 11 8 12 9 10
m14_43 14 34 0 7 0 11 0 12 0 13 1 7 1 11 1 12 1 13 2 8 2 9 2 10 2 13 3 8 3 9 3 10 3 13 4 9 4 10 4 12 4 13 5 10 5 11 5 12 5 13 6 10 6 11 6 12 6 13 7 8 7 9 7 10 8 11 8 12 9 11
m14_44 14 32 0 7 0 10 0 11 0 13 1 7 1 10 1 11 1 13 2 8 2 9 2 12 2 13 3 8 3 9 3 12 3 13 4 9 4 10 4 13 5 11 5 12 5 13 6 11 6 12 6 13 7 8 7 9 7 12 8 10 8 11 9 11 10 12
m14_46 14 31 0 7 0 8 0 9 0 13 1 7 1 8 1 11 1 13 2 7 2 9 2 10 2 13 3 8 3 11 3 12 3 13 4 9 4 10 4 12 4 13 5 10 5 11 5 12 5 13 6 10 6 11 6 12 6 13 7 12 8 10 9 11
m14_47 14 31 0 7 0 8 0 9 0 13 1 7 1 11 1 12 1 13 2 7 2 11 2 12 2 13 3 8 3 10 3 12 3 13 4 8 4 10 4 12 4 13 5 9 5 10 5 11 5 13 6 9 6 10 6 11 6 13 7 10 8 11 9 12
m14_48 14 33 0 7 0 9 0 10 0 11 0 13 1 7 1 9 1 10 1 11 1 13 2 7 2 9 2 10 2 11 2 13 3 8 3 9 3 10 3 13 4 8 4 12 4 13 5 8 5 12 5 13 6 11 6 12 6 13 7 8 7 12 8 11 9 12 10 12
m14_51 14 32 0 6 0 8 0 9 0 12 1 7 1 9 1 10 1 11 2 8 2 9 2 10 2 12 3 9 3 10 3 11 3 12 4 10 4 11 4 12 4 13 5 10 5 11 5 12 5 13 6 10 6 11 6 13 7 12 7 13 8 11 8 13 9 13
m14_52 14 32 0 6 0 8 0 9 0 11 1 7 1 9 1 10 2 8 2 9 2 11 2 13 3 9 3 10 3 11 3 13 4 10 4 11 4 12 4 13 5 10 5 11 5 12 5 13 6 10 6 12 6 13 7 11 7 12 7 13 8 10 8 12 9 12
m14_53 14 33 0 6 0 8 0 9 0 11 1 7 1 8 1 9 1 10 2 8 2 9 2 10 2 11 3 9 3 10 3 11 3 13 4 10 4 11 4 12 4 13 5 10 5 11 5 12 5 13 6 10 6 12 6 13 7 11 7 12 7 13 8 12 8 13 9 12
m14_54 14 30 0 6 0 9 0 11 0 12 1 7 1 9 1 10 1 12 2 8 2 12 2 13 3 8 3 12 3 13 4 9 4 10 4 11 4 12 5 10 5 11 5 12 5 13 6 10 6 13 7 11 7 13 8 9 8 10 8 11 9 13
m14_55 14 31 0 6 0 9 0 13 1 7 1 9 1 12 2 8 2 11 2 12 2 13 3 8 3 11 3 12 3 13 4 9 4 10 4 12 4 13 5 10 5 11 5 12 5 13 6 10 6 11 6 12 7 10 7 11 7 13 8 9 8 10 9 11
m14_56 14 32 0 6 0 9 0 12 0 13 1 7 1 9 1 11 1 13 2 8 2 11 2 12 2 13 3 8 3 11 3 12 3 13 4 9 4 10 4 11 4 12 4 13 5 9 5 10 5 11 5 12 5 13 6 10 6 11 7 10 7 12 8 9 8 10
m14_57 14 32 0 6 0 9 0 12 1 7 1 9 1 11 1 13 2 8 2 11 2 12 2 13 3 8 3 11 3 12 3 13 4 9 4 10 4 11 4 12 4 13 5 9 5 10 5 11 5 12 5 13 6 10 6 11 6 13 7 10 7 12 8 9 8 10
m14_58 14 31 0 6 0 9 0 11 0 13 1 7 1 9 1 11 1 12 2 8 2 12 2 13 3 8 3 12 3 13 4 9 4 10 4 11 4 12 4 13 5 9 5 10 5 11 5 12 5 13 6 10 6 12 7 10 7 13 8 9 8 10 8 11
m14_59 14 31 0 6 0 9 0 13 1 7 1 9 1 11 1 12 2 8 2 12 2 13 3 8 3 12 3 13 4 9 4 10 4 11 4 12 4 13 5 9 5 10 5 11 5 12 5 13 6 10 6 11 6 12 7 10 7 13 8 9 8 10 8 11
m14_60 14 32 0 6 0 8 0 12 0 13 1 7 1 9 1 11 1 13 2 8 2 11 2 12 2 13 3 8 3 11 3 12 3 13 4 9 4 10 4 11 4 13 5 10 5 11 5 12 5 13 6 9 6 10 6 11 7 10 7 12 8 9 8 10 9 12
m14_61 14 32 0 6 0 8 0 12 0 13 1 7 1 9 1 13 2 8 2 11 2 12 2 13 3 8 3 11 3 12 3 13 4 9 4 10 4 11 4 13 5 10 5 11 5 12 5 13 6 9 6 10 6 11 7 10 7 11 7 12 8 9 8 10 9 12
m14_62 14 32 0 6 0 7 0 9 0 11 1 7 1 8 1 10 1 11 2 8 2 10 2 11 2 13 3 9 3 11 3 12 3 13 4 9 4 11 4 12 4 13 5 10 5 11 5 12 5 13 6 10 6 12 6 13 7 12 7 13 8 9 8 12 9 10
m14_63 14 34 0 6 0 7 0 9 0 12 1 7 1 8 1 10 1 12 2 8 2 10 2 11 2 12 3 9 3 10 3 11 3 12 3 13 4 9 4 10 4 11 4 12 4 13 5 9 5 10 5 11 5 12 5 13 6 10 6 11 6 13 7 11 7 13 8 9 8 13
m14_64 14 30 0 6 0 9 0 10 0 12 1 7 1 12 1 13 2 7 2 12 2 13 3 8 3 10 3 11 3 12 4 8 4 10 4 11 4 12 5 9 5 11 5 12 5 13 6 11 6 13 7 9 7 10 7 11 8 9 8 13 10 13
m14_65 14 30 0 6 0 9 0 10 0 13 1 7 1 12 1 13 2 7 2 12 2 13 3 8 3 10 3 11 3 13 4 8 4 10 4 11 4 13 5 9 5 10 5 11 5 12 5 13 6 11 6 12 7 9 7 10 7 11 8 9 8 12
m14_66 14 30 0 6 0 9 0 12 0 13 1 7 1 11 1 12 1 13 2 7 2 11 2 12 2 13 3 8 3 10 3 13 4 8 4 10 4 13 5 9 5 11 5 12 5 13 6 10 6 11 7 9 7 10 8 9 8 11 8 12 10 12
m14_67 14 30 0 6 0 9 0 13 1 7 1 12 1 13 2 7 2 12 2 13 3 8 3 10 3 11 3 13 4 8 4 10 4 11 4 13 5 9 5 10 5 11 5 12 5 13 6 10 6 11 6 12 7 9 7 10 7 11 8 9 8 12
m14_68 14 31 0 6 0 9 0 12 0 13 1 7 1 11 1 12 1 13 2 7 2 11 2 12 2 13 3 8 3 10 3 12 3 13 4 8 4 10 4 12 4 13 5 9 5 10 5 11 5 12 5 13 6 10 6 11 7 9 7 10 8 9 8 11
m14_69 14 31 0 6 0 9 0 12 1 7 1 11 1 12 1 13 2 7 2 11 2 12 2 13 3 8 3 10 3 12 3 13 4 8 4 10 4 12 4 13 5 9 5 10 5 11 5 12 5 13 6 10 6 11 6 13 7 9 7 10 8 9 8 11
m14_70 14 31 0 6 0 9 0 12 1 7 1 11 1 12 1 13 2 7 2 11 2 12 2 13 3 8 3 10 3 12 3 13 4 8 4 10 4 12 4 13 5 9 5 10 5 11 5 12 6 10 6 11 6 13 7 9 7 10 8 9 8 11 9 13
m14_71 14 29 0 6 0 9 0 11 0 12 1 7 1 12 1 13 2 7 2 12 2 13 3 8 3 11 3 13 4 8 4 11 4 13 5 9 5 10 5 11 5 12 5 13 6 10 6 13 7 9 7 10 7 11 8 9 8 10 8 12
m14_72 14 33 0 6 0 8 0 9 0 10 0 11 1 7 1 9 1 10 1 11 1 12 2 7 2 9 2 10 2 11 2 12 3 8 3 10 3 11 3 13 4 10 4 11 4 12 4 13 5 10 5 11 5 12 5 13 6 12 6 13 7 8 7 13 8 12 9 13
m14_73 14 33 0 6 0 8 0 9 0 10 1 7 1 9 1 10 1 11 1 13 2 7 2 9 2 10 2 11 2 13 3 8 3 10 3 12 3 13 4 10 4 11 4 12 4 13 5 10 5 11 5 12 5 13 6 11 6 12 6 13 7 8 7 12 8 11 9 12
m14_74 14 33 0 6 0 8 0 9 0 10 1 7 1 9 1 10 1 11 2 7 2 9 2 10 2 11 3 8 3 10 3 12 3 13 4 10 4 11 4 12 4 13 5 10 5 11 5 12 5 13 6 11 6 12 6 13 7 8 7 12 7 13 8 11 9 12 9 13
m14_75 14 32 0 6 0 8 0 9 0 10 0 13 1 7 1 9 1 12 1 13 2 7 2 9 2 12 2 13 3 8 3 10 3 11 3 13 4 10 4 11 4 12 4 13 5 10 5 11 5 12 5 13 6 11 6 12 7 8 7 10 7 11 8 12 9 11
m14_76 14 32 0 6 0 8 0 9 0 10 1 7 1 9 1 12 1 13 2 7 2 9 2 12 2 13 3 8 3 10 3 11 3 13 4 10 4 11 4 12 4 13 5 10 5 11 5 12 5 13 6 11 6 12 6 13 7 8 7 10 7 11 8 12 9 11
m14_77 14 31 0 6 0 8 0 9 0 10 1 7 1 9 1 12 2 7 2 9 2 12 3 8 3 10 3 12 3 13 4 10 4 11 4 12 4 13 5 10 5 11 5 12 5 13 6 11 6 12 6 13 7 8 7 10 7 13 8 11 9 11 9 13
m14_78 14 32 0 6 0 8 0 9 0 11 0 12 1 7 1 9 1 12 1 13 2 7 2 9 2 12 2 13 3 8 3 10 3 11 3 12 4 9 4 11 4 12 4 13 5 10 5 11 5 12 5 13 6 10 6 13 7 8 7 10 7 11 8 13 9 10
m14_79 14 32 0 6 0 8 0 9 0 11 1 7 1 9 1 12 1 13 2 7 2 9 2 12 2 13 3 8 3 10 3 11 3 12 4 9 4 11 4 12 4 13 5 10 5 11 5 12 5 13 6 10 6 12 6 13 7 8 7 10 7 11 8 13 9 10
m14_80 14 32 0 6 0 8 0 9 0 12 1 7 1 9 1 12 1 13 2 7 2 9 2 12 2 13 3 8 3 10 3 11 3 12 4 9 4 11 4 12 4 13 5 10 5 11 5 12 5 13 6 10 6 11 6 13 7 8 7 10 7 11 8 13 9 10
m14_81 14 35 0 6 0 7 0 8 0 9 0 10 1 7 1 8 1 9 1 10 1 12 2 7 2 8 2 9 2 10 2 12 3 9 3 10 3 12 3 13 4 10 4 11 4 12 4 13 5 10 5 11 5 12 5 13 6 11 6 12 6 13 7 11 7 13 8 11 8 13 9 11
m14_82 14 38 0 6 0 7 0 12 1 7 1 10 1 11 1 12 1 13 2 7 2 10 2 11 2 12 2 13 3 8 3 9 3 10 3 11 3 12 3 13 4 8 4 9 4 10 4 11 4 12 4 13 5 8 5 9 5 10 5 11 5 12 5 13 6 8 6 9 6 10 6 11 6 13 7 8 7 9
m14_83 14 28 0 6 0 7 0 10 0 13 1 6 1 7 1 10 1 13 2 8 2 12 2 13 3 8 3 12 3 13 4 9 4 11 4 13 5 9 5 11 5 13 6 11 6 12 7 11 7 12 8 10 8 11 9 10 9 12
m14_84 14 37 0 6 0 7 0 8 0 10 0 12 1 6 1 7 1 8 1 10 1 12 2 8 2 10 2 11 2 12 2 13 3 8 3 10 3 11 3 12 3 13 4 9 4 10 4 11 4 12 4 13 5 9 5 10 5 11 5 12 5 13 6 9 6 11 6 13 7 9 7 11 7 13 8 9
m14_85 14 33 0 6 0 7 0 10 0 12 1 6 1 12 1 13 2 7 2 8 2 9 2 10 2 12 3 8 3 9 3 10 3 11 3 12 4 8 4 9 4 10 4 11 4 12 5 11 5 12 5 13 6 8 6 9 6 11 7 11 7 13 8 13 9 13 10 13
m14_86 14 30 0 6 0 8 0 12 0 13 1 6 1 9 1 12 1 13 2 7 2 8 2 11 2 13 3 7 3 9 3 11 3 13 4 8 4 10 4 11 4 13 5 9 5 10 5 12 5 13 6 10 6 11 7 10 7 12 8 9 11 12
m14_87 14 31 0 6 0 8 0 12 0 13 1 6 1 9 1 12 1 13 2 7 2 8 2 11 2 13 3 7 3 9 3 11 3 13 4 8 4 10 4 11 4 12 4 13 5 9 5 10 5 11 5 12 5 13 6 10 6 11 7 10 7 12 8 9
m14_88 14 30 0 6 0 8 0 12 0 13 1 6 1 9 1 12 1 13 2 7 2 8 2 11 2 13 3 7 3 9 3 11 3 13 4 8 4 10 4 11 4 12 5 9 5 10 5 11 5 12 6 10 6 11 7 10 7 12 8 9 10 13
m14_89 14 32 0 6 0 11 0 12 0 13 1 6 1 11 1 12 1 13 2 7 2 8 2 10 2 13 3 7 3 10 3 12 3 13 4 8 4 9 4 10 4 11 4 13 5 9 5 10 5 11 5 12 5 13 6 8 6 9 6 10 7 9 7 11 8 12
m14_90 14 32 0 6 0 10 0 11 0 13 1 6 1 10 1 11 1 13 2 7 2 8 2 12 2 13 3 7 3 10 3 12 3 13 4 8 4 9 4 12 4 13 5 9 5 10 5 11 5 12 5 13 6 8 6 9 6 12 7 9 7 11 8 10 8 11
m14_91 14 32 0 6 0 10 0 11 0 13 1 6 1 10 1 11 1 13 2 7 2 8 2 12 2 13 3 7 3 10 3 12 3 13 4 8 4 9 4 12 4 13 5 9 5 11 5 12 5 13 6 8 6 9 6 12 7 9 7 11 8 10 8 11 9 10
m14_92 14 34 0 6 0 11 0 12 0 13 1 6 1 11 1 12 1 13 2 7 2 9 2 10 2 11 2 13 3 7 3 9 3 10 3 11 3 13 4 8 4 9 4 10 4 12 4 13 5 8 5 9 5 10 5 12 5 13 6 8 6 9 6 10 7 8 7 12 8 11
m14_93 14 32 0 6 0 8 0 9 0 13 1 6 1 8 1 12 1 13 2 7 2 8 2 9 2 11 2 13 3 7 3 9 3 10 3 11 3 13 4 10 4 11 4 12 4 13 5 10 5 11 5 12 5 13 6 7 6 10 6 11 7 12 8 10 9 12
m14_94 14 32 0 6 0 8 0 9 0 13 1 6 1 8 1 12 1 13 2 7 2 8 2 9 2 13 3 7 3 9 3 10 3 11 3 13 4 10 4 11 4 12 4 13 5 10 5 11 5 12 5 13 6 7 6 10 6 11 7 12 8 10 8 11 9 12
m14_95 14 33 0 6 0 8 0 9 0 12 0 13 1 6 1 8 1 11 1 12 1 13 2 7 2 8 2 9 2 12 2 13 3 7 3 9 3 10 3 12 3 13 4 10 4 11 4 12 4 13 5 10 5 11 5 12 5 13 6 7 6 10 7 11 8 10 9 11
m14_96 14 32 0 6 0 8 0 9 0 13 1 6 1 8 1 12 1 13 2 7 2 8 2 9 2 13 3 7 3 9 3 11 3 13 4 10 4 11 4 12 4 13 5 10 5 11 5 12 5 13 6 7 6 10 6 11 7 12 8 10 8 11 9 10 9 12
m14_97 14 32 0 6 0 8 0 9 0 11 0 13 1 6 1 11 1 12 1 13 2 7 2 8 2 9 2 10 2 13 3 7 3 10 3 12 3 13 4 8 4 9 4 10 4 11 4 13 5 10 5 11 5 12 5 13 6 7 6 10 7 11 8 12 9 12
m14_98 14 39 0 6 0 9 0 10 0 11 0 12 0 13 1 6 1 9 1 10 1 11 1 12 1 13 2 7 2 8 2 10 2 11 2 12 2 13 3 7 3 8 3 10 3 11 3 12 3 13 4 8 4 9 4 10 4 11 4 12 4 13 5 8 5 9 5 10 5 11 5 12 5 13 6 7 6 8 7 9
m14_100 14 38 0 6 0 7 0 10 0 11 0 12 0 13 1 6 1 9 1 10 1 11 1 12 1 13 2 6 2 9 2 10 2 11 2 12 2 13 3 7 3 8 3 10 3 11 3 12 3 13 4 7 4 8 4 10 4 11 4 12 4 13 5 8 5 9 5 10 5 11 5 12 5 13 6 8 7 9
m14_101 14 31 0 5 0 8 0 9 0 11 1 6 1 8 1 9 1 10 2 7 2 9 2 12 3 8 3 9 3 10 3 11 4 10 4 11 4 12 4 13 5 10 5 12 5 13 6 11 6 12 6 13 7 10 7 11 7 13 8 12 8 13 9 13
m14_102 14 33 0 5 0 7 0 10 0 11 0 13 1 6 1 7 1 8 1 12 1 13 2 7 2 8 2 11 2 12 2 13 3 9 3 10 3 11 3 12 3 13 4 9 4 10 4 11 4 12 4 13 5 8 5 9 5 12 6 9 6 10 6 11 7 9 8 10
m14_103 14 33 0 5 0 7 0 10 0 11 1 6 1 7 1 8 1 12 1 13 2 7 2 8 2 11 2 12 2 13 3 9 3 10 3 11 3 12 3 13 4 9 4 10 4 11 4 12 4 13 5 8 5 9 5 12 5 13 6 9 6 10 6 11 7 9 8 10
m14_104 14 33 0 5 0 7 0 10 0 11 0 13 1 6 1 7 1 8 1 12 2 7 2 8 2 11 2 12 2 13 3 9 3 10 3 11 3 12 3 13 4 9 4 10 4 11 4 12 4 13 5 8 5 9 5 12 6 9 6 10 6 11 6 13 7 9 8 10
m14_105 14 33 0 5 0 7 0 10 0 11 1 6 1 7 1 8 1 12 2 7 2 8 2 11 2 12 2 13 3 9 3 10 3 11 3 12 3 13 4 9 4 10 4 11 4 12 4 13 5 8 5 9 5 12 5 13 6 9 6 10 6 11 6 13 7 9 8 10
m14_106 14 33 0 5 0 7 0 10 0 11 0 13 1 6 1 7 1 8 1 12 2 7 2 8 2 11 2 12 3 9 3 10 3 11 3 12 3 13 4 9 4 10 4 11 4 12 4 13 5 8 5 9 5 12 6 9 6 10 6 11 6 13 7 9 8 10 8 13
m14_107 14 33 0 5 0 7 0 11 0 12 0 13 1 6 1 7 1 8 1 11 2 7 2 8 2 11 2 12 2 13 3 9 3 10 3 11 3 12 3 13 4 9 4 10 4 11 4 12 4 13 5 8 5 10 6 9 6 10 6 12 6 13 7 9 7 10 8 9
m14_108 14 33 0 5 0 7 0 11 0 12 0 13 1 6 1 7 1 8 1 11 2 7 2 8 2 11 2 12 3 9 3 10 3 11 3 12 3 13 4 9 4 10 4 11 4 12 4 13 5 8 5 10 6 9 6 10 6 12 6 13 7 9 7 10 8 9 8 13
m14_109 14 33 0 5 0 7 0 12 1 6 1 7 1 8 1 11 1 13 2 7 2 8 2 11 2 12 2 13 3 9 3 10 3 11 3 12 3 13 4 9 4 10 4 11 4 12 4 13 5 8 5 10 5 11 5 13 6 9 6 10 6 12 7 9 7 10 8 9
m14_110 14 33 0 5 0 7 0 12 1 6 1 7 1 8 1 11 2 7 2 8 2 11 2 12 2 13 3 9 3 10 3 11 3 12 3 13 4 9 4 10 4 11 4 12 4 13 5 8 5 10 5 11 5 13 6 9 6 10 6 12 6 13 7 9 7 10 8 9
m14_111 14 31 0 5 0 8 0 9 0 10 1 6 1 9 1 12 1 13 2 7 2 8 2 10 2 12 3 7 3 8 3 10 3 12 4 9 4 11 4 12 4 13 5 11 5 12 5 13 6 10 6 11 7 9 7 11 7 13 8 11 8 13 10 13
m14_112 14 31 0 5 0 6 0 11 0 13 1 6 1 8 1 10 1 11 2 7 2 8 2 9 2 11 3 7 3 8 3 9 3 11 4 10 4 11 4 12 4 13 5 9 5 10 5 12 6 9 6 12 7 10 7 12 7 13 8 12 8 13 9 13
m14_113 14 34 0 5 0 7 0 11 0 12 1 6 1 7 1 8 1 12 1 13 2 6 2 7 2 8 2 12 2 13 3 9 3 10 3 11 3 12 3 13 4 9 4 10 4 11 4 12 4 13 5 8 5 9 5 10 5 13 6 9 6 10 6 11 7 9 7 10 8 11
m14_114 14 31 0 5 0 8 0 9 0 10 1 6 1 7 1 8 1 12 2 6 2 8 2 10 2 12 3 7 3 9 3 12 3 13 4 9 4 10 4 11 4 12 4 13 5 11 5 12 5 13 6 9 6 11 6 13 7 10 7 11 8 11 8 13
m14_115 14 31 0 5 0 8 0 9 0 10 1 6 1 7 1 8 1 12 2 6 2 8 2 10 2 12 3 7 3 9 3 12 3 13 4 9 4 10 4 11 4 12 5 11 5 12 5 13 6 9 6 11 6 13 7 10 7 11 8 11 8 13 10 13
m14_116 14 30 0 5 0 8 0 9 0 11 1 6 1 7 1 8 1 13 2 6 2 8 2 9 2 10 2 13 3 7 3 11 3 12 3 13 4 9 4 10 4 11 4 12 4 13 5 10 5 12 5 13 6 11 6 12 7 9 7 10 8 12
m14_117 14 31 0 5 0 8 0 11 0 13 1 6 1 7 1 10 1 11 2 6 2 10 2 11 2 12 3 7 3 8 3 9 3 10 3 11 4 9 4 11 4 12 4 13 5 9 5 10 5 12 6 8 6 9 6 13 7 12 7 13 8 12 10 13
m14_118 14 31 0 5 0 8 0 10 0 13 1 6 1 7 1 11 1 13 2 6 2 10 2 11 2 12 2 13 3 7 3 8 3 9 3 11 3 13 4 9 4 10 4 11 4 12 4 13 5 9 5 11 5 12 6 8 6 9 7 10 7 12 8 12
m14_119 14 29 0 4 0 8 0 11 0 12 1 5 1 8 1 10 1 11 2 6 2 8 2 9 2 11 3 7 3 8 3 9 3 10 4 9 4 10 4 13 5 9 5 12 5 13 6 10 6 12 6 13 7 11 7 12 7 13 8 13
m14_120 14 28 0 4 0 8 0 12 0 13 1 5 1 8 1 10 1 11 2 6 2 8 2 9 2 11 3 7 3 8 3 9 3 10 4 9 4 10 4 11 5 9 5 12 5 13 6 10 6 12 6 13 7 11 7 12 7 13
m14_121 14 29 0 4 0 8 0 12 1 5 1 8 1 10 1 11 2 6 2 8 2 9 2 11 3 7 3 8 3 9 3 10 4 9 4 10 4 11 4 13 5 9 5 12 5 13 6 10 6 12 6 13 7 11 7 12 7 13 8 13
m14_122 14 29 0 4 0 8 0 12 1 5 1 8 1 10 1 11 1 13 2 6 2 8 2 9 2 11 2 13 3 7 3 8 3 9 3 10 3 13 4 9 4 10 4 11 4 13 5 9 5 12 6 10 6 12 7 11 7 12 12 13
m14_123 14 31 0 4 0 8 0 12 0 13 1 5 1 8 1 10 1 12 2 6 2 8 2 9 2 13 3 7 3 8 3 9 3 10 4 9 4 10 4 11 5 9 5 11 5 13 6 10 6 11 6 12 7 11 7 12 7 13 8 11 9 12 10 13
m14_124 14 30 0 4 0 7 0 8 0 9 1 5 1 8 1 12 2 6 2 8 2 10 2 11 3 7 3 8 3 9 3 10 4 10 4 11 4 12 4 13 5 9 5 10 5 11 5 13 6 9 6 12 6 13 7 11 7 12 7 13 8 13
m14_125 14 30 0 4 0 7 0 8 0 9 0 13 1 5 1 8 1 12 1 13 2 6 2 8 2 10 2 11 3 7 3 8 3 9 3 10 3 13 4 10 4 11 4 12 5 9 5 10 5 11 6 9 6 12 6 13 7 11 7 12 11 13
m14_126 14 30 0 4 0 7 0 8 0 9 0 13 1 5 1 8 1 12 2 6 2 8 2 10 2 11 2 13 3 7 3 8 3 9 3 10 3 13 4 10 4 11 4 12 5 9 5 10 5 11 5 13 6 9 6 12 7 11 7 12 12 13
m14_127 14 31 0 4 0 7 0 8 0 9 1 5 1 8 1 11 1 13 2 6 2 8 2 10 2 13 3 7 3 8 3 9 3 10 4 10 4 11 4 12 4 13 5 9 5 10 5 12 6 9 6 11 6 12 7 11 7 12 7 13 8 12 9 13
m14_0 14 30 0 8 0 10 0 12 0 13 1 8 1 10 1 12 1 13 2 9 2 10 2 13 3 9 3 10 3 13 4 9 4 11 4 13 5 11 5 12 5 13 6 11 6 12 6 13 7 11 7 12 7 13 8 9 8 11 9 12 10 11
m14_1 14 31 0 8 0 10 0 13 1 8 1 11 1 13 2 9 2 10 2 12 2 13 3 9 3 10 3 12 3 13 4 9 4 10 4 12 4 13 5 11 5 12 5 13 6 11 6 12 6 13 7 11 7 12 7 13 8 9 8 12 9 11 10 11
m14_2 14 32 0 8 0 12 0 13 1 8 1 12 1 13 2 9 2 10 2 11 2 13 3 9 3 10 3 11 3 13 4 9 4 10 4 11 4 13 5 11 5 12 5 13 6 11 6 12 6 13 7 11 7 12 7 13 8 9 8 10 8 11 9 12 10 12
m14_3 14 29 0 8 0 11 0 13 1 8 1 12 1 13 2 9 2 12 2 13 3 9 3 12 3 13 4 9 4 12 4 13 5 10 5 11 5 13 6 10 6 11 6 13 7 10 7 11 7 13 8 9 8 10 9 11 10 12 11 12
m14_4 14 30 0 8 0 11 0 12 0 13 1 8 1 11 1 12 1 13 2 9 2 12 2 13 3 9 3 12 3 13 4 9 4 12 4 13 5 10 5 11 5 13 6 10 6 11 6 13 7 10 7 11 7 13 8 9 8 10 9 11 10 12
m14_5 14 29 0 8 0 11 0 12 1 8 1 11 1 12 2 9 2 12 2 13 3 9 3 12 3 13 4 9 4 12 4 13 5 10 5 11 5 13 6 10 6 11 6 13 7 10 7 11 7 13 8 9 8 10 8 13 9 11 10 12
m14_6 14 35 0 8 0 10 0 12 0 13 1 8 1 10 1 12 1 13 2 9 2 11 2 12 2 13 3 9 3 11 3 12 3 13 4 9 4 11 4 12 4 13 5 10 5 11 5 12 5 13 6 10 6 11 6 12 6 13 7 10 7 11 7 12 7 13 8 9 8 11 9 10
m14_7 14 34 0 8 0 10 0 13 1 8 1 10 1 13 2 9 2 11 2 12 2 13 3 9 3 11 3 12 3 13 4 9 4 11 4 12 4 13 5 10 5 11 5 12 5 13 6 10 6 11 6 12 6 13 7 10 7 11 7 12 7 13 8 9 8 11 8 12 9 10
m14_8 14 33 0 8 0 10 0 11 0 13 1 8 1 10 1 11 1 13 2 9 2 12 2 13 3 9 3 12 3 13 4 9 4 12 4 13 5 10 5 11 5 12 5 13 6 10 6 11 6 12 6 13 7 10 7 11 7 12 7 13 8 9 8 12 9 10 9 11
m14_13 14 33 0 7 0 9 0 10 0 13 1 8 1 9 1 10 1 12 2 9 2 10 2 12 2 13 3 10 3 11 3 12 3 13 4 10 4 11 4 12 4 13 5 10 5 11 5 12 5 13 6 10 6 11 6 12 6 13 7 11 7 12 8 11 8 13 9 11
m14_14 14 28 0 7 0 9 0 13 1 8 1 9 1 12 2 9 2 10 2 12 2 13 3 11 3 12 3 13 4 11 4 12 4 13 5 11 5 12 5 13 6 11 6 12 6 13 7 10 7 12 8 10 8 13 9 11 10 11
m14_15 14 33 0 7 0 9 0 13 1 8 1 9 1 11 1 12 2 9 2 11 2 12 2 13 3 10 3 11 3 12 3 13 4 10 4 11 4 12 4 13 5 10 5 11 5 12 5 13 6 10 6 11 6 12 6 13 7 10 7 11 7 12 8 10 8 13 9 10
m14_16 14 33 0 7 0 9 0 12 1 8 1 9 1 11 2 9 2 11 2 12 2 13 3 10 3 11 3 12 3 13 4 10 4 11 4 12 4 13 5 10 5 11 5 12 5 13 6 10 6 11 6 12 6 13 7 10 7 11 7 13 8 10 8 12 8 13 9 10
m14_17 14 33 0 7 0 9 0 13 1 8 1 9 1 12 2 9 2 12 2 13 3 10 3 11 3 12 3 13 4 10 4 11 4 12 4 13 5 10 5 11 5 12 5 13 6 10 6 11 6 12 6 13 7 10 7 11 7 12 8 10 8 11 8 13 9 10 9 11
m14_18 14 31 0 7 0 9 0 10 0 12 1 8 1 9 1 10 1 11 2 9 2 10 2 11 2 12 3 9 3 10 3 11 3 12 4 11 4 12 4 13 5 11 5 12 5 13 6 11 6 12 6 13 7 11 7 13 8 12 8 13 9 13 10 13
m14_19 14 33 0 7 0 9 0 11 0 13 1 8 1 9 1 11 1 12 2 9 2 11 2 12 2 13 3 9 3 11 3 12 3 13 4 10 4 11 4 12 4 13 5 10 5 11 5 12 5 13 6 10 6 11 6 12 6 13 7 10 7 12 8 10 8 13 9 10
m14_20 14 33 0 7 0 9 0 13 1 8 1 9 1 11 1 12 2 9 2 11 2 12 2 13 3 9 3 11 3 12 3 13 4 10 4 11 4 12 4 13 5 10 5 11 5 12 5 13 6 10 6 11 6 12 6 13 7 10 7 11 7 12 8 10 8 13 9 10
m14_21 14 33 0 7 0 9 0 12 1 8 1 9 1 11 2 9 2 11 2 12 2 13 3 9 3 11 3 12 3 13 4 10 4 11 4 12 4 13 5 10 5 11 5 12 5 13 6 10 6 11 6 12 6 13 7 10 7 11 7 13 8 10 8 12 8 13 9 10
m14_22 14 32 0 7 0 9 0 13 1 8 1 9 1 12 2 9 2 12 2 13 3 9 3 12 3 13 4 10 4 11 4 12 4 13 5 10 5 11 5 12 5 13 6 10 6 11 6 12 6 13 7 10 7 11 7 12 8 10 8 11 8 13 9 10 9 11
m14_23 14 37 0 7 0 9 0 12 0 13 1 8 1 9 1 11 1 13 2 9 2 10 2 11 2 12 2 13 3 9 3 10 3 11 3 12 3 13 4 9 4 10 4 11 4 12 4 13 5 9 5 10 5 11 5 12 5 13 6 9 6 10 6 11 6 12 6 13 7 10 7 11 8 10 8 12
m14_24 14 31 0 7 0 8 0 9 0 10 0 12 1 8 1 11 1 12 2 9 2 10 2 12 2 13 3 9 3 10 3 12 3 13 4 9 4 10 4 12 4 13 5 11 5 12 5 13 6 11 6 12 6 13 7 11 7 13 8 13 9 11 10 11
m14_25 14 31 0 7 0 8 0 9 0 12 1 8 1 11 1 12 2 9 2 10 2 12 2 13 3 9 3 10 3 12 3 13 4 9 4 10 4 12 4 13 5 11 5 12 5 13 6 11 6 12 6 13 7 11 7 13 8 10 8 13 9 11 10 11
m14_26 14 33 0 7 0 8 0 9 0 11 0 12 1 8 1 10 1 11 1 12 2 9 2 11 2 12 2 13 3 9 3 11 3 12 3 13 4 9 4 11 4 12 4 13 5 10 5 11 5 12 5 13 6 10 6 11 6 12 6 13 7 10 7 13 8 13 9 10
m14_27 14 33 0 7 0 8 0 9 0 11 1 8 1 10 1 11 1 12 2 9 2 11 2 12 2 13 3 9 3 11 3 12 3 13 4 9 4 11 4 12 4 13 5 10 5 11 5 12 5 13 6 10 6 11 6 12 6 13 7 10 7 12 7 13 8 13 9 10
m14_28 14 33 0 7 0 8 0 9 0 11 1 8 1 10 1 11 2 9 2 11 2 12 2 13 3 9 3 11 3 12 3 13 4 9 4 11 4 12 4 13 5 10 5 11 5 12 5 13 6 10 6 11 6 12 6 13 7 10 7 12 7 13 8 12 8 13 9 10
m14_29 14 38 0 7 0 8 0 9 0 10 0 11 1 8 1 9 1 10 1 11 1 13 2 9 2 10 2 11 2 12 2 13 3 9 3 10 3 11 3 12 3 13 4 9 4 10 4 11 4 12 4 13 5 9 5 10 5 11 5 12 5 13 6 9 6 10 6 11 6 12 6 13 7 12 7 13 8 12
m14_30 14 38 0 7 0 8 0 9 0 10 1 8 1 9 1 10 1 12 1 13 2 9 2 10 2 11 2 12 2 13 3 9 3 10 3 11 3 12 3 13 4 9 4 10 4 11 4 12 4 13 5 9 5 10 5 11 5 12 5 13 6 9 6 10 6 11 6 12 6 13 7 11 7 12 7 13 8 11
m14_31 14 38 0 7 0 8 0 9 0 10 1 8 1 9 1 10 1 13 2 9 2 10 2 11 2 12 2 13 3 9 3 10 3 11 3 12 3 13 4 9 4 10 4 11 4 12 4 13 5 9 5 10 5 11 5 12 5 13 6 9 6 10 6 11 6 12 6 13 7 11 7 12 7 13 8 11 8 12
m14_32 14 38 0 7 0 8 0 9 1 8 1 9 1 11 1 12 1 13 2 9 2 10 2 11 2 12 2 13 3 9 3 10 3 11 3 12 3 13 4 9 4 10 4 11 4 12 4 13 5 9 5 10 5 11 5 12 5 13 6 9 6 10 6 11 6 12 6 13 7 10 7 11 7 12 7 13 8 10
m14_33 14 28 0 7 0 10 0 13 1 8 1 11 1 13 2 8 2 11 2 13 3 9 3 12 3 13 4 9 4 12 4 13 5 9 5 12 5 13 6 10 6 11 6 12 6 13 7 11 7 12 8 10 8 12 9 10 9 11
m14_34 14 30 0 7 0 9 0 10 0 11 1 8 1 10 1 11 1 12 2 8 2 10 2 11 2 12 3 9 3 11 3 13 4 11 4 12 4 13 5 11 5 12 5 13 6 11 6 12 6 13 7 12 7 13 8 9 8 13 9 12 10 13
m14_35 14 32 0 7 0 9 0 10 0 12 1 8 1 12 1 13 2 8 2 12 2 13 3 9 3 10 3 11 3 12 4 10 4 11 4 12 4 13 5 10 5 11 5 12 5 13 6 10 6 11 6 12 6 13 7 11 7 13 8 9 8 10 8 11 9 13
m14_36 14 32 0 7 0 9 0 13 1 8 1 12 1 13 2 8 2 12 2 13 3 9 3 10 3 11 3 13 4 10 4 11 4 12 4 13 5 10 5 11 5 12 5 13 6 10 6 11 6 12 6 13 7 10 7 11 7 12 8 9 8 10 8 11 9 12
m14_37 14 33 0 7 0 9 0 12 0 13 1 8 1 11 1 12 1 13 2 8 2 11 2 12 2 13 3 9 3 10 3 12 3 13 4 10 4 11 4 12 4 13 5 10 5 11 5 12 5 13 6 10 6 11 6 12 6 13 7 10 7 11 8 9 8 10 9 11
m14_38 14 33 0 7 0 9 0 13 1 8 1 11 1 12 1 13 2 8 2 11 2 12 2 13 3 9 3 10 3 12 3 13 4 10 4 11 4 12 4 13 5 10 5 11 5 12 5 13 6 10 6 11 6 12 6 13 7 10 7 11 7 12 8 9 8 10 9 11
m14_39 14 33 0 7 0 9 0 13 1 8 1 11 1 12 1 13 2 8 2 11 2 12 2 13 3 9 3 10 3 13 4 10 4 11 4 12 4 13 5 10 5 11 5 12 5 13 6 10 6 11 6 12 6 13 7 10 7 11 7 12 8 9 8 10 9 11 9 12
m14_40 14 33 0 7 0 8 0 9 0 13 1 8 1 9 1 12 1 13 2 8 2 10 2 12 2 13 3 9 3 11 3 12 3 13 4 9 4 11 4 12 4 13 5 10 5 11 5 12 5 13 6 10 6 11 6 12 6 13 7 10 7 11 7 12 8 11 9 10
m14_41 14 31 0 7 0 8 0 9 0 10 0 13 1 8 1 12 1 13 2 8 2 12 2 13 3 9 3 10 3 11 3 13 4 9 4 10 4 11 4 13 5 9 5 10 5 11 5 13 6 11 6 12 6 13 7 11 7 12 8 11 9 12 10 12
m14_42 14 33 0 7 0 8 0 9 0 12 0 13 1 8 1 10 1 12 1 13 2 8 2 10 2 12 2 13 3 9 3 11 3 12 3 13 4 9 4 11 4 12 4 13 5 9 5 11 5 12 5 13 6 10 6 11 6 12 6 13 7 10 7 11 8 11 9 10
m14_43 14 33 0 7 0 8 0 9 0 13 1 8 1 10 1 12 1 13 2 8 2 10 2 12 2 13 3 9 3 11 3 12 3 13 4 9 4 11 4 12 4 13 5 9 5 11 5 12 5 13 6 10 6 11 6 12 6 13 7 10 7 11 7 12 8 11 9 10
m14_44 14 32 0 7 0 8 0 9 0 13 1 8 1 10 1 13 2 8 2 10 2 13 3 9 3 11 3 12 3 13 4 9 4 11 4 12 4 13 5 9 5 11 5 12 5 13 6 10 6 11 6 12 6 13 7 10 7 11 7 12 8 11 8 12 9 10
m14_45 14 32 0 7 0 8 0 12 0 13 1 8 1 9 1 13 2 8 2 9 2 13 3 10 3 11 3 12 3 13 4 10 4 11 4 12 4 13 5 10 5 11 5 12 5 13 6 10 6 11 6 12 6 13 7 9 7 10 7 11 8 10 8 11 9 12
m14_46 14 32 0 7 0 8 0 12 1 8 1 9 1 13 2 8 2 9 2 13 3 10 3 11 3 12 3 13 4 10 4 11 4 12 4 13 5 10 5 11 5 12 5 13 6 10 6 11 6 12 6 13 7 9 7 10 7 11 7 13 8 10 8 11 9 12
m14_47 14 32 0 7 0 8 0 13 1 8 1 9 1 13 2 8 2 9 2 13 3 10 3 11 3 12 3 13 4 10 4 11 4 12 4 13 5 10 5 11 5 12 5 13 6 10 6 11 6 12 6 13 7 9 7 10 7 11 8 10 8 11 8 12 9 12
m14_48 14 33 0 7 0 8 0 11 0 12 0 13 1 8 1 9 1 12 1 13 2 8 2 9 2 12 2 13 3 10 3 11 3 12 3 13 4 10 4 11 4 12 4 13 5 10 5 11 5 12 5 13 6 10 6 11 6 12 6 13 7 9 7 10 8 10 9 11
m14_49 14 33 0 7 0 8 0 11 0 12 1 8 1 9 1 12 1 13 2 8 2 9 2 12 2 13 3 10 3 11 3 12 3 13 4 10 4 11 4 12 4 13 5 10 5 11 5 12 5 13 6 10 6 11 6 12 6 13 7 9 7 10 7 13 8 10 9 11
m14_50 14 34 0 7 0 8 0 11 0 12 1 8 1 9 1 11 1 12 1 13 2 8 2 9 2 11 2 12 2 13 3 10 3 11 3 12 3 13 4 10 4 11 4 12 4 13 5 10 5 11 5 12 5 13 6 10 6 11 6 12 6 13 7 9 7 13 8 10 9 10
m14_51 14 33 0 7 0 8 0 12 0 13 1 8 1 9 1 12 1 13 2 8 2 9 2 12 2 13 3 10 3 11 3 12 3 13 4 10 4 11 4 12 4 13 5 10 5 11 5 12 5 13 6 10 6 11 6 12 6 13 7 9 7 11 8 10 8 11 9 10
m14_52 14 33 0 7 0 8 0 13 1 8 1 9 1 12 1 13 2 8 2 9 2 12 2 13 3 10 3 11 3 12 3 13 4 10 4 11 4 12 4 13 5 10 5 11 5 12 5 13 6 10 6 11 6 12 6 13 7 9 7 11 7 12 8 10 8 11 9 10
m14_53 14 32 0 7 0 8 0 12 0 13 1 8 1 9 1 13 2 8 2 9 2 13 3 10 3 11 3 12 3 13 4 10 4 11 4 12 4 13 5 10 5 11 5 12 5 13 6 10 6 11 6 12 6 13 7 9 7 11 8 10 8 11 9 10 9 12
m14_54 14 32 0 7 0 8 0 13 1 8 1 9 1 13 2 8 2 9 2 13 3 10 3 11 3 12 3 13 4 10 4 11 4 12 4 13 5 10 5 11 5 12 5 13 6 10 6 11 6 12 6 13 7 9 7 11 8 10 8 11 8 12 9 10 9 12
m14_55 14 33 0 7 0 8 0 12 1 8 1 9 1 12 1 13 2 8 2 9 2 12 2 13 3 10 3 11 3 12 3 13 4 10 4 11 4 12 4 13 5 10 5 11 5 12 5 13 6 10 6 11 6 12 6 13 7 9 7 13 8 10 8 11 9 10 9 11
m14_59 14 30 0 7 0 8 0 10 0 11 1 7 1 8 1 10 1 11 2 9 2 11 2 13 3 9 3 11 3 13 4 9 4 11 4 13 5 10 5 12 5 13 6 10 6 12 6 13 7 12 7 13 8 12 8 13 9 10 9 12 11 12
m14_60 14 31 0 7 0 8 0 10 0 12 1 7 1 8 1 10 1 12 2 9 2 12 2 13 3 9 3 12 3 13 4 9 4 12 4 13 5 10 5 11 5 12 5 13 6 10 6 11 6 12 6 13 7 11 7 13 8 11 8 13 9 10 9 11
m14_61 14 32 0 7 0 8 0 9 0 13 1 7 1 9 1 10 1 13 2 8 2 11 2 12 2 13 3 8 3 11 3 12 3 13 4 9 4 10 4 12 4 13 5 10 5 11 5 12 5 13 6 10 6 11 6 12 6 13 7 11 7 12 8 10 9 11
m14_62 14 31 0 7 0 8 0 9 0 13 1 7 1 9 1 11 1 13 2 8 2 12 2 13 3 8 3 12 3 13 4 9 4 10 4 11 4 13 5 10 5 11 5 12 5 13 6 10 6 11 6 12 6 13 7 10 7 12 8 10 8 11 9 12
m14_63 14 31 0 7 0 8 0 9 0 13 1 7 1 12 1 13 2 8 2 9 2 10 2 13 3 8 3 9 3 10 3 13 4 9 4 10 4 11 4 13 5 11 5 12 5 13 6 11 6 12 6 13 7 10 7 11 8 11 8 12 9 12 10 12
m14_64 14 32 0 7 0 8 0 9 0 13 1 7 1 9 1 11 1 13 2 8 2 10 2 12 2 13 3 8 3 10 3 12 3 13 4 9 4 11 4 12 4 13 5 9 5 11 5 12 5 13 6 10 6 11 6 12 6 13 7 10 7 12 8 11 9 10
m14_65 14 33 0 7 0 10 0 13 1 7 1 11 1 13 2 8 2 9 2 10 2 12 2 13 3 8 3 9 3 10 3 12 3 13 4 8 4 9 4 10 4 12 4 13 5 11 5 12 5 13 6 11 6 12 6 13 7 8 7 9 7 12 8 11 9 11 10 11
m14_66 14 35 0 7 0 12 0 13 1 7 1 12 1 13 2 8 2 9 2 10 2 11 2 13 3 8 3 9 3 10 3 11 3 13 4 8 4 9 4 10 4 11 4 13 5 10 5 11 5 12 5 13 6 10 6 11 6 12 6 13 7 8 7 9 7 10 7 11 8 12 9 12
m14_67 14 36 0 7 0 11 0 12 0 13 1 7 1 11 1 12 1 13 2 8 2 9 2 10 2 12 2 13 3 8 3 9 3 10 3 12 3 13 4 8 4 9 4 10 4 12 4 13 5 10 5 11 5 12 5 13 6 10 6 11 6 12 6 13 7 8 7 9 7 10 8 11 9 11
m14_68 14 35 0 7 0 10 0 11 0 13 1 7 1 10 1 11 1 13 2 8 2 9 2 12 2 13 3 8 3 9 3 12 3 13 4 8 4 9 4 12 4 13 5 10 5 11 5 12 5 13 6 10 6 11 6 12 6 13 7 8 7 9 7 12 8 10 8 11 9 10 9 11
m14_75 14 35 0 7 0 8 0 12 0 13 1 7 1 8 1 12 1 13 2 7 2 11 2 12 2 13 3 8 3 10 3 12 3 13 4 9 4 10 4 11 4 12 4 13 5 9 5 10 5 11 5 12 5 13 6 9 6 10 6 11 6 12 6 13 7 9 7 10 8 9 8 11
m14_76 14 31 0 7 0 8 0 12 0 13 1 7 1 9 1 11 1 13 2 7 2 11 2 12 2 13 3 8 3 9 3 10 3 13 4 8 4 10 4 12 4 13 5 9 5 10 5 11 5 13 6 10 6 11 6 12 6 13 7 10 8 11 9 12
m14_77 14 35 0 7 0 8 0 12 0 13 1 7 1 11 1 12 1 13 2 7 2 11 2 12 2 13 3 8 3 9 3 10 3 12 3 13 4 8 4 9 4 10 4 12 4 13 5 9 5 10 5 11 5 12 5 13 6 9 6 10 6 11 6 12 6 13 7 9 7 10 8 11
m14_78 14 33 0 7 0 8 0 13 1 7 1 11 1 12 1 13 2 7 2 11 2 12 2 13 3 8 3 9 3 10 3 13 4 8 4 9 4 10 4 13 5 9 5 10 5 11 5 12 5 13 6 9 6 10 6 11 6 12 6 13 7 9 7 10 8 11 8 12
m14_79 14 37 0 7 0 8 0 11 0 12 0 13 1 7 1 10 1 11 1 12 1 13 2 7 2 10 2 11 2 12 2 13 3 8 3 9 3 11 3 12 3 13 4 8 4 9 4 11 4 12 4 13 5 9 5 10 5 11 5 12 5 13 6 9 6 10 6 11 6 12 6 13 7 9 8 10
m14_80 14 32 0 6 0 8 0 9 0 12 1 7 1 9 1 10 1 11 2 8 2 9 2 11 2 12 3 10 3 11 3 12 3 13 4 10 4 11 4 12 4 13 5 10 5 11 5 12 5 13 6 10 6 11 6 13 7 12 7 13 8 10 8 13 9 13
m14_81 14 32 0 6 0 8 0 9 0 11 1 7 1 9 1 10 2 8 2 9 2 11 2 12 3 10 3 11 3 12 3 13 4 10 4 11 4 12 4 13 5 10 5 11 5 12 5 13 6 10 6 12 6 13 7 11 7 12 7 13 8 10 8 13 9 13
m14_82 14 32 0 6 0 8 0 9 0 12 1 7 1 9 1 10 1 13 2 8 2 9 2 12 2 13 3 8 3 9 3 12 3 13 4 10 4 11 4 12 4 13 5 10 5 11 5 12 5 13 6 10 6 11 6 13 7 11 7 12 8 10 8 11 9 11
m14_83 14 32 0 6 0 8 0 9 0 12 1 7 1 9 1 10 2 8 2 9 2 12 2 13 3 8 3 9 3 12 3 13 4 10 4 11 4 12 4 13 5 10 5 11 5 12 5 13 6 10 6 11 6 13 7 11 7 12 7 13 8 10 8 11 9 11
m14_84 14 35 0 6 0 8 0 10 0 13 1 7 1 8 1 10 1 11 1 12 2 8 2 10 2 11 2 12 2 13 3 8 3 10 3 11 3 12 3 13 4 9 4 10 4 11 4 12 4 13 5 9 5 10 5 11 5 12 5 13 6 9 6 11 6 12 7 9 7 13 8 9
m14_85 14 35 0 6 0 8 0 11 0 12 0 13 1 7 1 8 1 10 1 12 1 13 2 8 2 10 2 11 2 12 2 13 3 8 3 10 3 11 3 12 3 13 4 9 4 10 4 11 4 12 4 13 5 9 5 10 5 11 5 12 5 13 6 9 6 10 7 9 7 11 8 9
m14_86 14 35 0 6 0 8 0 11 0 12 1 7 1 8 1 10 1 12 2 8 2 10 2 11 2 12 2 13 3 8 3 10 3 11 3 12 3 13 4 9 4 10 4 11 4 12 4 13 5 9 5 10 5 11 5 12 5 13 6 9 6 10 6 13 7 9 7 11 7 13 8 9
m14_87 14 35 0 6 0 8 0 11 1 7 1 8 1 10 1 12 1 13 2 8 2 10 2 11 2 12 2 13 3 8 3 10 3 11 3 12 3 13 4 9 4 10 4 11 4 12 4 13 5 9 5 10 5 11 5 12 5 13 6 9 6 10 6 12 6 13 7 9 7 11 8 9
m14_88 14 35 0 6 0 8 0 11 0 13 1 7 1 8 1 10 1 12 2 8 2 10 2 11 2 12 2 13 3 8 3 10 3 11 3 12 3 13 4 9 4 10 4 11 4 12 4 13 5 9 5 10 5 11 5 12 5 13 6 9 6 10 6 12 7 9 7 11 7 13 8 9
m14_89 14 33 0 6 0 7 0 8 0 13 1 7 1 8 1 9 1 10 1 13 2 8 2 9 2 10 2 11 2 13 3 8 3 9 3 10 3 11 3 13 4 11 4 12 4 13 5 11 5 12 5 13 6 9 6 10 6 11 7 11 7 12 8 12 9 12 10 12
m14_90 14 33 0 6 0 7 0 8 0 9 0 12 1 7 1 12 1 13 2 8 2 9 2 10 2 11 2 12 3 8 3 9 3 10 3 11 3 12 4 8 4 9 4 10 4 11 4 12 5 11 5 12 5 13 6 11 6 13 7 10 7 11 8 13 9 13 10 13
m14_91 14 32 0 6 0 7 0 9 0 11 0 13 1 7 1 8 1 9 1 13 2 9 2 11 2 12 2 13 3 9 3 11 3 12 3 13 4 10 4 11 4 12 4 13 5 10 5 11 5 12 5 13 6 8 6 10 6 12 7 10 7 12 8 11 9 10
m14_92 14 32 0 6 0 7 0 9 0 11 1 7 1 8 1 9 1 13 2 9 2 11 2 12 2 13 3 9 3 11 3 12 3 13 4 10 4 11 4 12 4 13 5 10 5 11 5 12 5 13 6 8 6 10 6 12 6 13 7 10 7 12 8 11 9 10
m14_93 14 32 0 6 0 7 0 9 0 11 1 7 1 8 1 9 1 13 2 9 2 11 2 12 2 13 3 9 3 11 3 12 3 13 4 10 4 11 4 12 4 13 5 10 5 11 5 12 5 13 6 8 6 10 6 13 7 10 7 12 8 11 8 12 9 10
m14_94 14 32 0 6 0 7 0 9 0 11 0 12 1 7 1 8 1 9 1 12 2 8 2 9 2 12 2 13 3 9 3 11 3 12 3 13 4 10 4 11 4 12 4 13 5 10 5 11 5 12 5 13 6 8 6 10 6 13 7 10 7 13 8 11 9 10
m14_95 14 32 0 6 0 7 0 9 0 11 1 7 1 8 1 9 1 12 2 8 2 9 2 12 2 13 3 9 3 11 3 12 3 13 4 10 4 11 4 12 4 13 5 10 5 11 5 12 5 13 6 8 6 10 6 12 6 13 7 10 7 13 8 11 9 10
m14_96 14 32 0 6 0 7 0 9 0 13 1 7 1 8 1 9 1 13 2 8 2 9 2 12 2 13 3 9 3 11 3 12 3 13 4 10 4 11 4 12 4 13 5 10 5 11 5 12 5 13 6 8 6 10 6 12 7 10 7 11 7 12 8 11 9 10
m14_97 14 33 0 6 0 8 0 9 0 13 1 7 1 8 1 12 1 13 2 7 2 11 2 12 2 13 3 8 3 9 3 10 3 12 3 13 4 9 4 10 4 11 4 12 4 13 5 9 5 10 5 11 5 12 5 13 6 10 6 11 6 12 7 9 7 10 8 11
m14_98 14 32 0 6 0 8 0 9 0 12 1 7 1 9 1 12 1 13 2 7 2 11 2 12 2 13 3 8 3 9 3 10 3 12 3 13 4 10 4 11 4 12 4 13 5 10 5 11 5 12 5 13 6 10 6 11 6 13 7 8 7 10 8 11 9 11
m14_99 14 32 0 6 0 8 0 9 0 12 1 7 1 9 1 12 1 13 2 7 2 11 2 12 2 13 3 8 3 9 3 10 3 12 4 10 4 11 4 12 4 13 5 10 5 11 5 12 5 13 6 10 6 11 6 13 7 8 7 10 8 11 8 13 9 11
m14_100 14 32 0 6 0 8 0 9 0 12 1 7 1 9 1 12 1 13 2 7 2 11 2 12 2 13 3 8 3 9 3 12 3 13 4 10 4 11 4 12 4 13 5 10 5 11 5 12 5 13 6 10 6 11 6 13 7 8 7 10 8 11 9 10 9 11
m14_101 14 32 0 6 0 8 0 11 0 13 1 7 1 10 1 12 1 13 2 7 2 10 2 12 2 13 3 8 3 9 3 11 3 13 4 9 4 11 4 12 4 13 5 10 5 11 5 12 5 13 6 9 6 12 7 8 7 9 7 11 8 10 8 12 9 10
m14_102 14 32 0 6 0 8 0 12 1 7 1 10 1 12 1 13 2 7 2 10 2 12 2 13 3 8 3 9 3 11 3 12 4 9 4 11 4 12 4 13 5 10 5 11 5 12 5 13 6 9 6 11 6 13 7 8 7 9 7 11 8 10 8 13 9 10
m14_103 14 34 0 6 0 7 0 8 0 12 0 13 1 7 1 8 1 9 1 12 1 13 2 7 2 8 2 9 2 12 2 13 3 9 3 11 3 12 3 13 4 10 4 11 4 12 4 13 5 10 5 11 5 12 5 13 6 9 6 11 7 10 7 11 8 10 8 11 9 10
m14_104 14 34 0 6 0 7 0 8 0 13 1 7 1 8 1 9 1 12 1 13 2 7 2 8 2 9 2 12 2 13 3 9 3 11 3 12 3 13 4 10 4 11 4 12 4 13 5 10 5 11 5 12 5 13 6 9 6 11 6 12 7 10 7 11 8 10 8 11 9 10
m14_105 14 31 0 6 0 7 0 8 0 10 1 7 1 8 1 10 1 13 2 7 2 9 2 12 2 13 3 8 3 9 3 11 3 13 4 10 4 11 4 12 4 13 5 10 5 11 5 12 5 13 6 9 6 11 6 12 6 13 7 11 8 12 9 10
m14_106 14 32 0 6 0 7 0 8 0 9 1 7 1 9 1 10 1 13 2 7 2 9 2 10 2 13 3 8 3 11 3 12 3 13 4 8 4 11 4 12 4 13 5 9 5 10 5 11 5 13 6 11 6 12 6 13 7 11 7 12 8 10 9 12 10 12
m14_107 14 32 0 6 0 7 0 8 0 9 0 13 1 7 1 9 1 12 1 13 2 7 2 9 2 12 2 13 3 8 3 10 3 11 3 13 4 8 4 10 4 11 4 13 5 9 5 11 5 12 5 13 6 10 6 11 6 12 7 10 7 11 8 12 9 10
m14_108 14 32 0 6 0 7 0 8 0 9 1 7 1 9 1 12 1 13 2 7 2 9 2 12 2 13 3 8 3 10 3 11 3 13 4 8 4 10 4 11 4 13 5 9 5 11 5 12 5 13 6 10 6 11 6 12 6 13 7 10 7 11 8 12 9 10
m14_109 14 31 0 6 0 7 0 8 0 12 0 13 1 7 1 9 1 11 1 13 2 7 2 11 2 12 2 13 3 8 3 9 3 10 3 13 4 8 4 10 4 12 4 13 5 10 5 11 5 12 5 13 6 9 6 10 6 11 7 10 8 11 9 12
m14_110 14 31 0 6 0 7 0 8 0 12 1 7 1 9 1 11 1 13 2 7 2 11 2 12 2 13 3 8 3 9 3 10 3 13 4 8 4 10 4 12 4 13 5 10 5 11 5 12 5 13 6 9 6 10 6 11 6 13 7 10 8 11 9 12
m14_111 14 34 0 6 0 7 0 8 0 9 0 13 1 7 1 11 1 12 1 13 2 7 2 11 2 12 2 13 3 8 3 9 3 10 3 12 3 13 4 8 4 9 4 10 4 12 4 13 5 8 5 9 5 10 5 12 5 13 6 11 6 12 7 10 8 11 9 11 10 11
m14_112 14 34 0 6 0 7 0 8 0 9 1 7 1 11 1 12 1 13 2 7 2 11 2 12 2 13 3 8 3 9 3 10 3 12 3 13 4 8 4 9 4 10 4 12 4 13 5 8 5 9 5 10 5 12 5 13 6 11 6 12 6 13 7 10 8 11 9 11 10 11
m14_113 14 34 0 6 0 7 0 8 0 9 1 7 1 11 1 12 1 13 2 7 2 11 2 12 2 13 3 8 3 9 3 10 3 12 4 8 4 9 4 10 4 12 5 8 5 9 5 10 5 12 6 11 6 12 6 13 7 10 8 11 8 13 9 11 9 13 10 11 10 13
m14_114 14 34 0 6 0 7 0 8 0 9 1 7 1 12 1 13 2 7 2 12 2 13 3 8 3 9 3 10 3 11 3 12 4 8 4 9 4 10 4 11 4 12 5 8 5 9 5 10 5 11 5 12 6 10 6 11 6 12 7 10 7 11 8 13 9 13 10 13 11 13
m14_115 14 33 0 6 0 10 0 11 1 7 1 8 1 9 1 10 1 12 2 7 2 8 2 9 2 10 2 12 3 7 3 8 3 9 3 10 3 12 4 10 4 11 4 12 5 11 5 12 5 13 6 12 6 13 7 11 7 13 8 11 8 13 9 11 9 13 10 13
m14_116 14 34 0 6 0 10 0 11 1 7 1 8 1 9 1 10 1 12 2 7 2 8 2 9 2 10 2 12 3 7 3 8 3 9 3 10 3 12 4 10 4 11 4 12 4 13 5 10 5 11 5 12 5 13 6 12 6 13 7 11 7 13 8 11 8 13 9 11 9 13
m14_117 14 32 0 6 0 7 0 9 0 12 0 13 1 6 1 7 1 9 1 12 1 13 2 8 2 9 2 10 2 13 3 8 3 9 3 10 3 13 4 11 4 12 4 13 5 11 5 12 5 13 6 10 6 11 7 10 7 11 8 11 8 12 9 11 10 12
m14_118 14 32 0 6 0 7 0 9 0 10 0 11 1 6 1 7 1 9 1 10 1 11 2 8 2 9 2 12 3 8 3 9 3 12 4 10 4 11 4 12 4 13 5 10 5 11 5 12 5 13 6 12 6 13 7 12 7 13 8 10 8 11 8 13 9 13
m14_119 14 33 0 6 0 7 0 9 0 10 0 12 1 6 1 7 1 9 1 10 1 12 2 8 2 9 2 12 2 13 3 8 3 9 3 12 3 13 4 10 4 11 4 12 4 13 5 10 5 11 5 12 5 13 6 11 6 13 7 11 7 13 8 10 8 11 9 11
m14_120 14 33 0 6 0 7 0 9 0 10 1 6 1 7 1 9 1 10 2 8 2 9 2 12 2 13 3 8 3 9 3 12 3 13 4 10 4 11 4 12 4 13 5 10 5 11 5 12 5 13 6 11 6 12 6 13 7 11 7 12 7 13 8 10 8 11 9 11
m14_121 14 36 0 6 0 7 0 8 0 9 0 10 0 13 1 6 1 7 1 8 1 9 1 10 1 13 2 8 2 9 2 10 2 12 2 13 3 8 3 9 3 10 3 12 3 13 4 10 4 11 4 12 4 13 5 10 5 11 5 12 5 13 6 11 6 12 7 11 7 12 8 11 9 11
m14_122 14 36 0 6 0 7 0 8 0 9 0 10 1 6 1 7 1 8 1 9 1 10 2 8 2 9 2 10 2 12 2 13 3 8 3 9 3 10 3 12 3 13 4 10 4 11 4 12 4 13 5 10 5 11 5 12 5 13 6 11 6 12 6 13 7 11 7 12 7 13 8 11 9 11
m14_123 14 32 0 6 0 7 0 11 0 13 1 6 1 8 1 10 1 13 2 7 2 11 2 12 2 13 3 8 3 10 3 12 3 13 4 9 4 10 4 11 4 12 4 13 5 9 5 10 5 11 5 12 5 13 6 9 6 12 7 9 7 10 8 9 8 11
m14_124 14 30 0 6 0 7 0 12 0 13 1 6 1 11 1 12 1 13 2 7 2 9 2 12 2 13 3 8 3 10 3 12 4 8 4 10 4 12 5 9 5 11 5 12 5 13 6 9 6 10 7 10 7 11 8 9 8 11 8 13 10 13
m14_125 14 30 0 6 0 7 0 11 0 13 1 6 1 10 1 11 1 13 2 7 2 9 2 11 2 13 3 8 3 12 3 13 4 8 4 12 4 13 5 9 5 10 5 11 5 12 5 13 6 9 6 12 7 10 7 12 8 9 8 10 8 11
m14_126 14 32 0 6 0 7 0 9 0 12 1 6 1 9 1 11 1 12 2 7 2 8 2 9 2 10 2 12 3 8 3 10 3 12 3 13 4 10 4 11 4 12 4 13 5 10 5 11 5 12 5 13 6 8 6 10 6 13 7 11 7 13 8 11 9 13
m14_127 14 30 0 6 0 7 0 9 0 11 0 12 1 6 1 9 1 10 1 12 2 7 2 8 2 9 2 12 3 8 3 10 3 12 3 13 4 11 4 12 4 13 5 11 5 12 5 13 6 8 6 13 7 10 7 13 8 11 9 13 10 11
m14_128 14 32 0 6 0 7 0 9 0 11 0 12 1 6 1 9 1 10 1 11 1 12 2 7 2 8 2 9 2 12 3 8 3 10 3 12 3 13 4 10 4 11 4 12 4 13 5 10 5 11 5 12 5 13 6 8 6 13 7 10 7 13 8 11 9 13
m14_129 14 32 0 6 0 7 0 9 0 12 1 6 1 9 1 10 1 11 1 12 2 7 2 8 2 9 2 12 3 8 3 10 3 12 3 13 4 10 4 11 4 12 4 13 5 10 5 11 5 12 5 13 6 8 6 13 7 10 7 11 7 13 8 11 9 13
m14_130 14 32 0 6 0 7 0 9 0 10 0 12 1 6 1 9 1 10 1 11 1 12 2 7 2 8 2 9 2 12 3 8 3 12 3 13 4 10 4 11 4 12 4 13 5 10 5 11 5 12 5 13 6 8 6 13 7 11 7 13 8 10 8 11 9 13
m14_131 14 33 0 6 0 7 0 9 0 11 0 12 1 6 1 9 1 10 1 11 1 12 2 7 2 8 2 9 2 11 2 12 3 8 3 11 3 12 3 13 4 10 4 11 4 12 4 13 5 10 5 11 5 12 5 13 6 8 6 13 7 10 7 13 8 10 9 13
m14_132 14 32 0 6 0 7 0 9 0 12 1 6 1 9 1 10 1 11 1 12 2 7 2 8 2 9 2 12 3 8 3 12 3 13 4 10 4 11 4 12 4 13 5 10 5 11 5 12 5 13 6 8 6 13 7 10 7 11 7 13 8 10 8 11 9 13
m14_133 14 34 0 6 0 7 0 11 0 13 1 6 1 11 1 12 1 13 2 7 2 9 2 10 2 11 2 13 3 8 3 9 3 10 3 12 3 13 4 8 4 9 4 10 4 12 4 13 5 9 5 10 5 11 5 12 5 13 6 8 6 9 6 10 7 8 7 12 8 11
m14_134 14 36 0 6 0 7 0 12 0 13 1 6 1 11 1 12 1 13 2 7 2 10 2 12 2 13 3 8 3 9 3 10 3 11 3 12 3 13 4 8 4 9 4 10 4 11 4 12 4 13 5 8 5 9 5 10 5 11 5 12 5 13 6 8 6 9 6 10 7 8 7 9 7 11
m14_135 14 32 0 6 0 9 0 12 0 13 1 6 1 9 1 12 1 13 2 7 2 8 2 9 2 12 3 7 3 8 3 10 3 12 4 10 4 11 4 12 4 13 5 10 5 11 5 12 5 13 6 8 6 10 6 11 7 11 7 13 8 13 9 10 9 11
m14_136 14 31 0 6 0 7 0 8 0 11 1 6 1 9 1 10 1 11 2 7 2 10 2 11 2 12 3 7 3 10 3 11 3 12 4 8 4 9 4 12 4 13 5 8 5 9 5 12 5 13 6 12 6 13 7 9 7 13 8 10 10 13 11 13
m14_137 14 33 0 6 0 7 0 8 0 12 0 13 1 6 1 9 1 10 1 12 1 13 2 7 2 10 2 11 2 12 2 13 3 7 3 10 3 11 3 12 3 13 4 8 4 9 4 11 4 12 4 13 5 8 5 9 5 11 5 12 5 13 6 11 7 9 8 10
m14_138 14 32 0 6 0 7 0 8 0 13 1 6 1 9 1 10 1 13 2 7 2 10 2 11 2 12 2 13 3 7 3 10 3 11 3 12 3 13 4 8 4 9 4 11 4 12 4 13 5 8 5 9 5 11 5 12 5 13 6 11 6 12 7 9 8 10
m14_139 14 31 0 6 0 7 0 8 1 6 1 9 1 10 2 7 2 10 2 11 2 12 2 13 3 7 3 10 3 11 3 12 3 13 4 8 4 9 4 11 4 12 4 13 5 8 5 9 5 11 5 12 5 13 6 11 6 12 6 13 7 9 8 10
m14_140 14 31 0 6 0 7 0 8 1 6 1 9 1 10 2 7 2 10 2 11 2 12 2 13 3 7 3 10 3 11 3 12 3 13 4 8 4 9 4 11 4 12 5 8 5 9 5 11 5 12 6 11 6 12 6 13 7 9 8 10 8 13 9 13
m14_141 14 33 0 6 0 12 0 13 1 6 1 12 1 13 2 7 2 8 2 9 2 10 2 12 3 7 3 8 3 9 3 10 3 12 4 7 4 8 4 9 4 10 4 12 5 10 5 11 5 12 5 13 6 10 6 11 7 11 7 13 8 11 8 13 9 11 9 13
m14_142 14 34 0 6 0 10 0 11 0 12 1 6 1 10 1 11 1 12 2 7 2 8 2 9 2 10 2 11 3 7 3 8 3 9 3 10 3 11 4 7 4 8 4 9 4 10 4 11 5 9 5 12 5 13 6 9 6 13 7 12 7 13 8 12 8 13 10 13 11 13
m14_143 14 31 0 5 0 7 0 8 0 11 0 13 1 6 1 7 1 8 1 9 2 7 2 9 2 10 2 11 3 8 3 11 3 12 3 13 4 9 4 10 4 11 4 12 5 9 5 10 5 12 6 11 6 12 6 13 7 12 8 10 9 13 10 13
m14_144 14 33 0 5 0 7 0 8 0 11 0 13 1 6 1 7 1 8 1 9 1 13 2 7 2 9 2 11 2 12 2 13 3 8 3 9 3 10 3 11 3 13 4 9 4 10 4 11 4 12 4 13 5 9 5 10 5 12 6 10 6 11 6 12 7 10 8 12
m14_145 14 33 0 5 0 7 0 8 0 11 1 6 1 7 1 8 1 9 2 7 2 9 2 11 2 12 2 13 3 8 3 9 3 10 3 11 3 13 4 9 4 10 4 11 4 12 4 13 5 9 5 10 5 12 5 13 6 10 6 11 6 12 6 13 7 10 8 12
m14_146 14 33 0 5 0 7 0 9 0 11 1 6 1 7 1 8 1 9 1 13 2 7 2 9 2 11 2 12 2 13 3 8 3 9 3 10 3 12 3 13 4 9 4 10 4 11 4 12 4 13 5 8 5 10 5 12 5 13 6 10 6 11 6 12 7 10 8 11
m14_147 14 33 0 5 0 7 0 9 0 11 0 13 1 6 1 7 1 8 1 9 2 7 2 9 2 11 2 12 2 13 3 8 3 9 3 10 3 12 3 13 4 9 4 10 4 11 4 12 4 13 5 8 5 10 5 12 6 10 6 11 6 12 6 13 7 10 8 11
m14_148 14 33 0 5 0 7 0 9 0 11 1 6 1 7 1 8 1 9 2 7 2 9 2 11 2 12 3 8 3 9 3 10 3 12 3 13 4 9 4 10 4 11 4 12 4 13 5 8 5 10 5 12 5 13 6 10 6 11 6 12 6 13 7 10 7 13 8 11
m14_149 14 33 0 5 0 7 0 9 0 11 0 13 1 6 1 7 1 8 1 9 2 7 2 9 2 11 2 12 2 13 3 8 3 9 3 10 3 12 4 9 4 10 4 11 4 12 4 13 5 8 5 10 5 12 6 10 6 11 6 12 6 13 7 10 8 11 8 13
m14_150 14 31 0 5 0 7 0 8 0 12 1 6 1 8 1 9 1 10 2 7 2 8 2 10 2 12 3 7 3 10 3 11 3 12 4 9 4 11 4 12 4 13 5 9 5 10 5 11 6 11 6 12 6 13 7 9 7 13 8 11 8 13 10 13
m14_151 14 32 0 5 0 7 0 8 0 11 1 6 1 8 1 9 1 12 2 7 2 8 2 11 2 12 3 7 3 10 3 11 3 12 4 9 4 10 4 11 4 12 4 13 5 9 5 10 5 12 5 13 6 10 6 11 6 13 7 9 7 13 8 10 8 13
m14_152 14 33 0 5 0 7 0 9 0 10 1 6 1 8 1 9 2 7 2 9 2 10 2 11 2 12 3 7 3 9 3 10 3 11 3 12 4 8 4 10 4 11 4 12 4 13 5 8 5 11 5 12 5 13 6 10 6 11 6 12 6 13 7 8 7 13 9 13
m14_153 14 33 0 5 0 6 0 8 0 9 0 13 1 6 1 7 1 9 1 11 1 13 2 7 2 9 2 11 2 12 2 13 3 8 3 9 3 11 3 12 3 13 4 8 4 10 4 11 4 12 4 13 5 10 5 11 5 12 6 10 6 12 7 8 7 10 9 10
m14_154 14 33 0 5 0 6 0 8 0 9 1 6 1 7 1 9 1 11 1 13 2 7 2 9 2 11 2 12 2 13 3 8 3 9 3 11 3 12 3 13 4 8 4 10 4 11 4 12 4 13 5 10 5 11 5 12 5 13 6 10 6 12 7 8 7 10 9 10
m14_155 14 32 0 5 0 6 0 8 0 11 0 13 1 6 1 7 1 9 1 11 2 7 2 9 2 10 2 11 3 8 3 9 3 10 3 11 3 12 4 8 4 11 4 12 4 13 5 9 5 10 5 12 6 10 6 12 7 8 7 12 7 13 9 13 10 13
m14_156 14 32 0 5 0 8 0 9 0 12 1 6 1 7 1 9 1 10 2 6 2 7 2 9 2 10 3 8 3 9 3 11 3 12 4 10 4 11 4 12 4 13 5 10 5 11 5 13 6 11 6 12 6 13 7 11 7 12 7 13 8 10 8 13 9 13
m14_157 14 32 0 5 0 7 0 8 0 10 1 6 1 7 1 10 1 12 2 6 2 10 2 11 2 12 3 7 3 8 3 9 3 10 3 12 4 8 4 9 4 11 4 12 4 13 5 9 5 11 5 12 5 13 6 8 6 9 6 13 7 11 7 13 10 13
m14_158 14 32 0 5 0 7 0 8 0 11 0 13 1 6 1 8 1 11 1 12 1 13 2 6 2 10 2 11 2 12 2 13 3 7 3 9 3 10 3 11 3 13 4 8 4 9 4 11 4 12 4 13 5 9 5 10 5 12 6 7 6 9 7 12 8 10
m14_159 14 32 0 5 0 7 0 8 0 11 1 6 1 8 1 11 1 12 1 13 2 6 2 10 2 11 2 12 2 13 3 7 3 9 3 10 3 11 3 13 4 8 4 9 4 11 4 12 4 13 5 9 5 10 5 12 5 13 6 7 6 9 7 12 8 10
m14_160 14 34 0 5 0 6 0 8 0 10 0 11 1 5 1 6 1 8 1 10 1 11 2 7 2 10 2 11 2 12 2 13 3 7 3 10 3 11 3 12 3 13 4 8 4 9 4 10 4 11 4 12 5 9 5 12 5 13 6 9 6 12 6 13 7 8 7 9 8 13
m14_0 14 29 0 8 0 10 0 11 1 9 1 10 1 13 2 9 2 10 2 13 3 11 3 12 3 13 4 11 4 12 4 13 5 11 5 12 5 13 6 11 6 12 6 13 7 11 7 12 7 13 8 12 8 13 9 11 9 12 10 12
m14_1 14 29 0 8 0 10 0 11 1 9 1 10 1 13 2 9 2 10 2 13 3 10 3 11 3 13 4 11 4 12 4 13 5 11 5 12 5 13 6 11 6 12 6 13 7 11 7 12 7 13 8 12 8 13 9 11 9 12 10 12
m14_2 14 29 0 8 0 10 0 13 1 9 1 12 1 13 2 9 2 12 2 13 3 10 3 11 3 13 4 11 4 12 4 13 5 11 5 12 5 13 6 11 6 12 6 13 7 11 7 12 7 13 8 11 8 12 9 10 9 11 10 12
m14_3 14 29 0 8 0 10 0 13 1 9 1 12 1 13 2 9 2 12 2 13 3 10 3 11 3 13 4 10 4 11 4 13 5 11 5 12 5 13 6 11 6 12 6 13 7 11 7 12 7 13 8 11 8 12 9 10 9 11 10 12
m14_4 14 29 0 8 0 10 0 13 1 9 1 11 1 13 2 9 2 11 2 13 3 10 3 12 3 13 4 10 4 12 4 13 5 10 5 12 5 13 6 11 6 12 6 13 7 11 7 12 7 13 8 11 8 12 9 10 9 12 10 11
m14_5 14 33 0 8 0 10 0 12 1 9 1 12 1 13 2 9 2 12 2 13 3 10 3 11 3 12 3 13 4 10 4 11 4 12 4 13 5 10 5 11 5 12 5 13 6 10 6 11 6 12 6 13 7 10 7 11 7 12 7 13 8 11 8 13 9 10 9 11
m14_6 14 29 0 8 0 10 0 11 1 9 1 10 1 13 2 9 2 10 2 13 3 9 3 10 3 13 4 11 4 12 4 13 5 11 5 12 5 13 6 11 6 12 6 13 7 11 7 12 7 13 8 12 8 13 9 11 9 12 10 12
m14_7 14 29 0 8 0 10 0 13 1 9 1 12 1 13 2 9 2 12 2 13 3 9 3 12 3 13 4 10 4 11 4 13 5 10 5 11 5 13 6 11 6 12 6 13 7 11 7 12 7 13 8 11 8 12 9 10 9 11 10 12
m14_8 14 29 0 8 0 10 0 13 1 9 1 11 1 13 2 9 2 11 2 13 3 9 3 11 3 13 4 10 4 12 4 13 5 10 5 12 5 13 6 10 6 12 6 13 7 11 7 12 7 13 8 11 8 12 9 10 9 12 10 11
m14_9 14 32 0 8 0 10 0 12 1 9 1 12 1 13 2 9 2 12 2 13 3 9 3 12 3 13 4 10 4 11 4 12 4 13 5 10 5 11 5 12 5 13 6 10 6 11 6 12 6 13 7 10 7 11 7 12 7 13 8 11 8 13 9 10 9 11
m14_10 14 29 0 8 0 12 0 13 1 8 1 12 1 13 2 9 2 10 2 13 3 9 3 10 3 13 4 9 4 10 4 13 5 11 5 12 5 13 6 11 6 12 6 13 7 11 7 12 7 13 8 10 8 11 9 11 9 12 10 12
m14_11 14 29 0 8 0 12 0 13 1 8 1 12 1 13 2 9 2 11 2 13 3 9 3 11 3 13 4 9 4 11 4 13 5 10 5 11 5 13 6 10 6 12 6 13 7 10 7 12 7 13 8 10 8 11 9 10 9 12 11 12
m14_12 14 31 0 8 0 11 0 13 1 8 1 11 1 13 2 9 2 12 2 13 3 9 3 12 3 13 4 9 4 12 4 13 5 10 5 11 5 12 5 13 6 10 6 11 6 12 6 13 7 10 7 11 7 12 7 13 8 10 8 12 9 10 9 11
m14_13 14 29 0 8 0 11 0 12 1 8 1 11 1 12 2 9 2 11 2 13 3 9 3 11 3 13 4 9 4 11 4 13 5 10 5 12 5 13 6 10 6 12 6 13 7 10 7 12 7 13 8 10 8 13 9 10 9 12 10 11
m14_15 14 32 0 8 0 9 0 10 0 13 1 8 1 9 1 10 1 13 2 8 2 9 2 10 2 13 3 10 3 11 3 13 4 11 4 12 4 13 5 11 5 12 5 13 6 11 6 12 6 13 7 11 7 12 7 13 8 11 8 12 9 11 9 12 10 12
m14_16 14 30 0 8 0 9 0 10 0 13 1 8 1 9 1 11 1 13 2 8 2 9 2 11 2 13 3 10 3 12 3 13 4 10 4 12 4 13 5 11 5 12 5 13 6 11 6 12 6 13 7 11 7 12 7 13 8 12 9 12 10 11
m14_17 14 30 0 8 0 9 0 10 0 13 1 8 1 9 1 11 1 13 2 8 2 9 2 11 2 13 3 10 3 12 3 13 4 10 4 12 4 13 5 10 5 12 5 13 6 11 6 12 6 13 7 11 7 12 7 13 8 12 9 12 10 11
m14_18 14 32 0 8 0 9 0 11 0 13 1 8 1 9 1 11 1 13 2 8 2 9 2 11 2 13 3 10 3 12 3 13 4 10 4 12 4 13 5 10 5 12 5 13 6 11 6 12 6 13 7 11 7 12 7 13 8 10 8 12 9 10 9 12 10 11
m14_22 14 27 0 8 0 9 0 10 1 8 1 9 1 10 2 8 2 12 2 13 3 8 3 12 3 13 4 9 4 11 4 13 5 9 5 11 5 13 6 10 6 11 6 12 7 10 7 11 7 12 8 11 9 12 10 13
m14_23 14 34 0 8 0 9 0 12 0 13 1 8 1 9 1 12 1 13 2 8 2 11 2 12 2 13 3 8 3 11 3 12 3 13 4 9 4 10 4 12 4 13 5 9 5 10 5 12 5 13 6 10 6 11 6 12 6 13 7 10 7 11 7 12 7 13 8 10 9 11
m14_25 14 33 0 7 0 8 0 10 0 11 0 13 1 8 1 9 1 10 1 11 2 10 2 11 2 12 2 13 3 10 3 11 3 12 3 13 4 10 4 11 4 12 4 13 5 10 5 11 5 12 5 13 6 10 6 11 6 12 6 13 7 9 7 12 8 12 9 13
m14_26 14 33 0 7 0 8 0 10 1 8 1 9 1 10 1 11 2 10 2 11 2 12 2 13 3 10 3 11 3 12 3 13 4 10 4 11 4 12 4 13 5 10 5 11 5 12 5 13 6 10 6 11 6 12 6 13 7 9 7 11 7 13 8 12 8 13 9 12
m14_27 14 33 0 7 0 8 0 10 1 8 1 9 1 10 1 11 2 10 2 11 2 12 2 13 3 10 3 11 3 12 3 13 4 10 4 11 4 12 4 13 5 10 5 11 5 12 5 13 6 10 6 11 6 12 6 13 7 9 7 11 8 12 8 13 9 12 9 13
m14_28 14 30 0 7 0 10 0 11 1 8 1 9 1 10 1 13 2 8 2 9 2 10 2 13 3 10 3 11 3 13 4 11 4 12 4 13 5 11 5 12 5 13 6 11 6 12 6 13 7 12 7 13 8 11 8 12 9 11 9 12 10 12
m14_29 14 30 0 7 0 10 0 13 1 8 1 9 1 10 1 12 2 8 2 9 2 10 2 12 3 10 3 12 3 13 4 10 4 12 4 13 5 11 5 12 5 13 6 11 6 12 6 13 7 11 7 12 8 11 8 13 9 11 9 13 10 11
m14_30 14 33 0 7 0 10 0 11 1 8 1 9 1 10 1 12 2 8 2 9 2 10 2 12 3 10 3 11 3 12 3 13 4 10 4 11 4 12 4 13 5 10 5 11 5 12 5 13 6 10 6 11 6 12 6 13 7 12 7 13 8 11 8 13 9 11 9 13
m14_31 14 31 0 7 0 9 0 10 0 11 1 8 1 9 1 10 1 13 2 8 2 9 2 10 2 13 3 9 3 10 3 11 3 13 4 11 4 12 4 13 5 11 5 12 5 13 6 11 6 12 6 13 7 12 7 13 8 11 8 12 9 12 10 12
m14_32 14 32 0 7 0 9 0 10 0 11 1 8 1 9 1 13 2 8 2 9 2 13 3 9 3 10 3 11 3 13 4 10 4 11 4 12 4 13 5 10 5 11 5 12 5 13 6 10 6 11 6 12 6 13 7 12 7 13 8 10 8 11 8 12 9 12
m14_33 14 33 0 7 0 9 0 10 0 12 1 8 1 9 1 12 1 13 2 8 2 9 2 12 2 13 3 9 3 10 3 12 3 13 4 10 4 11 4 12 4 13 5 10 5 11 5 12 5 13 6 10 6 11 6 12 6 13 7 11 7 13 8 10 8 11 9 11
m14_34 14 33 0 7 0 9 0 10 1 8 1 9 1 12 1 13 2 8 2 9 2 12 2 13 3 9 3 10 3 12 3 13 4 10 4 11 4 12 4 13 5 10 5 11 5 12 5 13 6 10 6 11 6 12 6 13 7 11 7 12 7 13 8 10 8 11 9 11
m14_35 14 32 0 7 0 9 0 10 1 8 1 9 1 13 2 8 2 9 2 13 3 9 3 10 3 12 3 13 4 10 4 11 4 12 4 13 5 10 5 11 5 12 5 13 6 10 6 11 6 12 6 13 7 11 7 12 7 13 8 10 8 11 8 12 9 11
m14_36 14 32 0 7 0 9 0 12 1 8 1 9 1 13 2 8 2 9 2 13 3 9 3 12 3 13 4 10 4 11 4 12 4 13 5 10 5 11 5 12 5 13 6 10 6 11 6 12 6 13 7 10 7 11 7 13 8 10 8 11 8 12 9 10 9 11
m14_37 14 29 0 7 0 10 0 13 1 8 1 12 1 13 2 8 2 12 2 13 3 9 3 11 3 13 4 9 4 11 4 13 5 10 5 11 5 12 5 13 6 10 6 11 6 12 6 13 7 11 7 12 8 10 8 11 9 10 9 12
m14_38 14 31 0 7 0 8 0 9 0 13 1 8 1 9 1 10 1 13 2 8 2 9 2 10 2 13 3 9 3 10 3 12 3 13 4 11 4 12 4 13 5 11 5 12 5 13 6 11 6 12 6 13 7 10 7 12 8 11 8 12 9 11 10 11
m14_39 14 34 0 7 0 8 0 9 0 12 1 8 1 9 1 12 1 13 2 8 2 9 2 12 2 13 3 9 3 11 3 12 3 13 4 10 4 11 4 12 4 13 5 10 5 11 5 12 5 13 6 10 6 11 6 12 6 13 7 10 7 11 7 13 8 10 8 11 9 10
m14_40 14 33 0 7 0 8 0 11 0 12 1 8 1 9 1 12 1 13 2 8 2 11 2 12 2 13 3 9 3 10 3 12 3 13 4 10 4 11 4 12 4 13 5 10 5 11 5 12 5 13 6 10 6 11 6 12 6 13 7 9 7 10 7 13 8 10 9 11
m14_41 14 35 0 7 0 9 0 11 0 12 1 8 1 11 1 12 1 13 2 8 2 11 2 12 2 13 3 8 3 11 3 12 3 13 4 9 4 10 4 11 4 12 4 13 5 9 5 10 5 11 5 12 5 13 6 9 6 10 6 11 6 12 6 13 7 10 7 13 8 9 8 10
m14_42 14 34 0 7 0 8 0 9 0 10 0 13 1 8 1 9 1 10 1 12 1 13 2 8 2 9 2 10 2 12 2 13 3 8 3 9 3 10 3 12 3 13 4 11 4 12 4 13 5 11 5 12 5 13 6 11 6 12 6 13 7 11 7 12 8 11 9 11 10 11
m14_43 14 31 0 7 0 8 0 9 0 11 0 13 1 8 1 9 1 10 1 13 2 8 2 9 2 10 2 13 3 8 3 9 3 10 3 13 4 11 4 12 4 13 5 11 5 12 5 13 6 11 6 12 6 13 7 10 7 12 8 12 9 12 10 11
m14_44 14 31 0 7 0 8 0 9 0 11 1 8 1 9 1 10 1 13 2 8 2 9 2 10 2 13 3 8 3 9 3 10 3 13 4 11 4 12 4 13 5 11 5 12 5 13 6 11 6 12 6 13 7 10 7 12 7 13 8 12 9 12 10 11
m14_45 14 33 0 7 0 8 0 9 0 13 1 8 1 9 1 10 1 12 1 13 2 8 2 9 2 10 2 12 2 13 3 8 3 9 3 10 3 12 3 13 4 11 4 12 4 13 5 11 5 12 5 13 6 11 6 12 6 13 7 10 7 12 8 11 9 11 10 11
m14_46 14 36 0 7 0 8 0 9 0 11 0 12 1 8 1 9 1 11 1 12 1 13 2 8 2 9 2 11 2 12 2 13 3 8 3 9 3 11 3 12 3 13 4 10 4 11 4 12 4 13 5 10 5 11 5 12 5 13 6 10 6 11 6 12 6 13 7 10 7 13 8 10 9 10
m14_47 14 36 0 7 0 8 0 9 0 11 1 8 1 9 1 11 1 12 1 13 2 8 2 9 2 11 2 12 2 13 3 8 3 9 3 11 3 12 3 13 4 10 4 11 4 12 4 13 5 10 5 11 5 12 5 13 6 10 6 11 6 12 6 13 7 10 7 12 7 13 8 10 9 10
m14_48 14 35 0 7 0 8 0 9 0 12 1 8 1 9 1 12 1 13 2 8 2 9 2 12 2 13 3 8 3 9 3 12 3 13 4 10 4 11 4 12 4 13 5 10 5 11 5 12 5 13 6 10 6 11 6 12 6 13 7 10 7 11 7 13 8 10 8 11 9 10 9 11
m14_49 14 30 0 7 0 8 0 10 0 11 1 7 1 8 1 10 1 11 2 9 2 10 2 13 3 9 3 10 3 13 4 11 4 12 4 13 5 11 5 12 5 13 6 11 6 12 6 13 7 12 7 13 8 12 8 13 9 11 9 12 10 12
m14_50 14 30 0 7 0 8 0 10 0 12 1 7 1 8 1 10 1 12 2 9 2 12 2 13 3 9 3 12 3 13 4 10 4 11 4 12 5 11 5 12 5 13 6 11 6 12 6 13 7 11 7 13 8 11 8 13 9 10 9 11 10 13
m14_51 14 30 0 7 0 8 0 10 0 13 1 7 1 8 1 10 1 13 2 9 2 11 2 13 3 9 3 11 3 13 4 10 4 12 4 13 5 10 5 12 5 13 6 11 6 12 6 13 7 11 7 12 8 11 8 12 9 10 9 12 10 11
m14_52 14 32 0 7 0 8 0 10 0 12 1 7 1 8 1 10 1 12 2 9 2 12 2 13 3 9 3 12 3 13 4 10 4 11 4 12 4 13 5 10 5 11 5 12 5 13 6 10 6 11 6 12 6 13 7 11 7 13 8 11 8 13 9 10 9 11
m14_55 14 31 0 7 0 8 0 10 0 13 1 7 1 9 1 12 1 13 2 8 2 9 2 11 2 13 3 9 3 11 3 12 3 13 4 10 4 11 4 12 4 13 5 10 5 11 5 12 5 13 6 10 6 11 6 12 6 13 7 11 8 12 9 10
m14_56 14 33 0 7 0 8 0 10 0 13 1 7 1 10 1 12 1 13 2 8 2 10 2 11 2 13 3 9 3 11 3 12 3 13 4 9 4 11 4 12 4 13 5 10 5 11 5 12 5 13 6 10 6 11 6 12 6 13 7 9 7 11 8 9 8 12 9 10
m14_57 14 31 0 7 0 8 0 9 0 13 1 7 1 10 1 11 1 13 2 8 2 9 2 12 2 13 3 8 3 11 3 12 3 13 4 9 4 10 4 12 4 13 5 10 5 11 5 12 5 13 6 10 6 11 6 12 6 13 7 12 8 10 9 11
m14_58 14 31 0 7 0 8 0 13 1 7 1 12 1 13 2 8 2 9 2 10 2 13 3 8 3 9 3 10 3 13 4 9 4 10 4 11 4 13 5 11 5 12 5 13 6 11 6 12 6 13 7 9 7 10 7 11 8 11 8 12 9 12 10 12
m14_59 14 31 0 7 0 8 0 12 0 13 1 7 1 11 1 12 1 13 2 8 2 9 2 13 3 8 3 9 3 13 4 9 4 10 4 11 4 13 5 10 5 11 5 12 5 13 6 10 6 11 6 12 6 13 7 9 7 10 8 10 8 11 9 12
m14_60 14 35 0 7 0 8 0 12 0 13 1 7 1 10 1 12 1 13 2 8 2 11 2 12 2 13 3 8 3 11 3 12 3 13 4 9 4 10 4 11 4 12 4 13 5 9 5 10 5 11 5 12 5 13 6 9 6 10 6 11 6 12 6 13 7 9 7 11 8 9 8 10
m14_61 14 34 0 7 0 8 0 13 1 7 1 10 1 13 2 8 2 11 2 12 2 13 3 8 3 11 3 12 3 13 4 9 4 10 4 11 4 12 4 13 5 9 5 10 5 11 5 12 5 13 6 9 6 10 6 11 6 12 6 13 7 9 7 11 7 12 8 9 8 10
m14_62 14 30 0 7 0 9 0 10 0 13 1 7 1 9 1 12 1 13 2 8 2 9 2 10 2 13 3 8 3 10 3 11 3 13 4 11 4 12 4 13 5 11 5 12 5 13 6 11 6 12 6 13 7 8 7 11 8 12 9 11 10 12
m14_63 14 31 0 7 0 9 0 10 0 13 1 7 1 9 1 10 1 13 2 8 2 9 2 10 2 13 3 8 3 10 3 11 3 13 4 11 4 12 4 13 5 11 5 12 5 13 6 11 6 12 6 13 7 8 7 11 8 12 9 11 9 12 10 12
m14_64 14 33 0 7 0 9 0 12 0 13 1 7 1 9 1 12 1 13 2 8 2 9 2 11 2 13 3 8 3 10 3 11 3 13 4 10 4 11 4 12 4 13 5 10 5 11 5 12 5 13 6 10 6 11 6 12 6 13 7 8 7 10 7 11 8 12 9 10
m14_65 14 34 0 7 0 9 0 11 0 12 0 13 1 7 1 9 1 11 1 12 1 13 2 8 2 9 2 12 2 13 3 8 3 10 3 12 3 13 4 10 4 11 4 12 4 13 5 10 5 11 5 12 5 13 6 10 6 11 6 12 6 13 7 8 7 10 8 11 9 10
m14_66 14 33 0 7 0 9 0 11 0 12 0 13 1 7 1 9 1 11 1 12 1 13 2 8 2 9 2 13 3 8 3 10 3 13 4 10 4 11 4 12 4 13 5 10 5 11 5 12 5 13 6 10 6 11 6 12 6 13 7 8 7 10 8 11 8 12 9 10
m14_67 14 33 0 7 0 9 0 12 0 13 1 7 1 9 1 12 1 13 2 8 2 9 2 13 3 8 3 10 3 11 3 13 4 10 4 11 4 12 4 13 5 10 5 11 5 12 5 13 6 10 6 11 6 12 6 13 7 8 7 10 7 11 8 12 9 10 9 11
m14_68 14 33 0 7 0 9 0 12 0 13 1 7 1 9 1 12 1 13 2 8 2 9 2 12 2 13 3 8 3 11 3 12 3 13 4 10 4 11 4 12 4 13 5 10 5 11 5 12 5 13 6 10 6 11 6 12 6 13 7 8 7 11 8 10 9 10 9 11
m14_69 14 32 0 7 0 9 0 13 1 7 1 9 1 13 2 8 2 9 2 12 2 13 3 8 3 11 3 12 3 13 4 10 4 11 4 12 4 13 5 10 5 11 5 12 5 13 6 10 6 11 6 12 6 13 7 8 7 11 7 12 8 10 9 10 9 11
m14_70 14 32 0 7 0 9 0 12 0 13 1 7 1 9 1 12 1 13 2 8 2 9 2 13 3 8 3 11 3 13 4 10 4 11 4 12 4 13 5 10 5 11 5 12 5 13 6 10 6 11 6 12 6 13 7 8 7 11 8 10 8 12 9 10 9 11
m14_71 14 32 0 7 0 9 0 13 1 7 1 9 1 13 2 8 2 9 2 13 3 8 3 11 3 12 3 13 4 10 4 11 4 12 4 13 5 10 5 11 5 12 5 13 6 10 6 11 6 12 6 13 7 8 7 11 7 12 8 10 9 10 9 11 9 12
m14_72 14 33 0 7 0 10 0 11 0 13 1 7 1 10 1 11 1 13 2 8 2 9 2 12 2 13 3 8 3 9 3 12 3 13 4 8 4 11 4 12 4 13 5 9 5 10 5 12 5 13 6 10 6 11 6 12 6 13 7 8 7 9 7 12 8 10 9 11
m14_73 14 34 0 7 0 10 0 11 0 12 0 13 1 7 1 10 1 11 1 12 1 13 2 8 2 9 2 12 2 13 3 8 3 11 3 12 3 13 4 8 4 11 4 12 4 13 5 9 5 10 5 12 5 13 6 9 6 10 6 12 6 13 7 8 7 9 8 10 9 11
m14_74 14 33 0 7 0 10 0 11 0 13 1 7 1 10 1 11 1 13 2 8 2 9 2 12 2 13 3 8 3 11 3 12 3 13 4 8 4 11 4 12 4 13 5 9 5 10 5 12 5 13 6 9 6 10 6 12 6 13 7 8 7 9 7 12 8 10 9 11
m14_75 14 34 0 7 0 8 0 9 0 10 0 12 1 7 1 8 1 9 1 10 1 12 2 7 2 8 2 9 2 10 2 12 3 10 3 12 3 13 4 10 4 12 4 13 5 11 5 12 5 13 6 11 6 12 6 13 7 11 7 13 8 11 8 13 9 11 9 13 10 11
m14_78 14 32 0 7 0 8 0 9 0 13 1 7 1 8 1 9 1 13 2 7 2 9 2 10 2 11 2 13 3 8 3 12 3 13 4 10 4 11 4 12 4 13 5 10 5 11 5 12 5 13 6 10 6 11 6 12 6 13 7 12 8 10 8 11 9 12
m14_79 14 34 0 7 0 8 0 9 0 12 0 13 1 7 1 8 1 9 1 12 1 13 2 7 2 9 2 10 2 12 2 13 3 8 3 11 3 12 3 13 4 10 4 11 4 12 4 13 5 10 5 11 5 12 5 13 6 10 6 11 6 12 6 13 7 11 8 10 9 11
m14_80 14 33 0 7 0 8 0 9 0 13 1 7 1 8 1 9 1 13 2 7 2 9 2 10 2 13 3 8 3 11 3 12 3 13 4 10 4 11 4 12 4 13 5 10 5 11 5 12 5 13 6 10 6 11 6 12 6 13 7 11 7 12 8 10 9 11 9 12
m14_81 14 33 0 7 0 8 0 9 0 13 1 7 1 8 1 9 1 13 2 7 2 9 2 10 2 13 3 8 3 12 3 13 4 10 4 11 4 12 4 13 5 10 5 11 5 12 5 13 6 10 6 11 6 12 6 13 7 11 7 12 8 10 8 11 9 11 9 12
m14_82 14 34 0 7 0 8 0 9 0 10 0 12 1 7 1 8 1 9 1 10 1 12 2 7 2 8 2 9 2 10 2 12 3 8 3 9 3 10 3 11 3 12 4 11 4 12 4 13 5 11 5 12 5 13 6 11 6 12 6 13 7 11 7 13 8 13 9 13 10 13
m14_83 14 34 0 7 0 8 0 9 0 13 1 7 1 8 1 9 1 13 2 7 2 8 2 9 2 13 3 8 3 9 3 10 3 11 3 13 4 10 4 11 4 12 4 13 5 10 5 11 5 12 5 13 6 10 6 11 6 12 6 13 7 10 7 11 7 12 8 12 9 12
m14_84 14 36 0 7 0 8 0 9 0 12 0 13 1 7 1 8 1 9 1 12 1 13 2 7 2 8 2 9 2 12 2 13 3 8 3 9 3 10 3 12 3 13 4 10 4 11 4 12 4 13 5 10 5 11 5 12 5 13 6 10 6 11 6 12 6 13 7 10 7 11 8 11 9 11
m14_85 14 29 0 7 0 8 0 13 1 7 1 9 1 10 1 12 2 7 2 9 2 10 2 12 3 8 3 9 3 10 3 11 4 8 4 9 4 10 4 11 5 11 5 12 5 13 6 11 6 12 6 13 7 11 8 12 9 13 10 13
m14_86 14 32 0 7 0 8 0 13 1 7 1 10 1 12 1 13 2 7 2 10 2 12 2 13 3 8 3 9 3 11 3 13 4 8 4 9 4 11 4 13 5 9 5 11 5 12 5 13 6 10 6 11 6 12 6 13 7 9 7 11 8 10 8 12 9 10
m14_87 14 33 0 7 0 8 0 9 0 10 0 13 1 7 1 8 1 9 1 10 1 13 2 7 2 12 2 13 3 8 3 9 3 10 3 11 3 13 4 8 4 9 4 10 4 11 4 13 5 11 5 12 5 13 6 11 6 12 6 13 7 11 8 12 9 12 10 12
m14_88 14 32 0 6 0 8 0 11 0 13 1 7 1 8 1 11 1 12 2 8 2 9 2 12 2 13 3 10 3 11 3 12 3 13 4 10 4 11 4 12 4 13 5 10 5 11 5 12 5 13 6 9 6 10 6 12 7 9 7 10 7 13 8 10 9 11
m14_89 14 31 0 6 0 8 0 12 0 13 1 7 1 8 1 11 1 13 2 8 2 9 2 11 2 12 2 13 3 10 3 11 3 12 3 13 4 10 4 11 4 12 4 13 5 10 5 11 5 12 5 13 6 9 6 11 7 9 7 12 8 10 9 10
m14_90 14 31 0 6 0 8 0 12 1 7 1 8 1 11 1 13 2 8 2 9 2 11 2 12 2 13 3 10 3 11 3 12 3 13 4 10 4 11 4 12 4 13 5 10 5 11 5 12 5 13 6 9 6 11 6 13 7 9 7 12 8 10 9 10
m14_91 14 31 0 6 0 8 0 13 1 7 1 8 1 12 2 8 2 9 2 12 2 13 3 10 3 11 3 12 3 13 4 10 4 11 4 12 4 13 5 10 5 11 5 12 5 13 6 9 6 11 6 12 7 9 7 11 7 13 8 10 8 11 9 10
m14_92 14 35 0 6 0 8 0 13 1 7 1 8 1 10 1 11 1 12 2 8 2 10 2 11 2 12 2 13 3 9 3 10 3 11 3 12 3 13 4 9 4 10 4 11 4 12 4 13 5 9 5 10 5 11 5 12 5 13 6 9 6 10 6 11 6 12 7 9 7 13 8 9
m14_93 14 35 0 6 0 8 0 12 0 13 1 7 1 8 1 10 1 11 2 8 2 10 2 11 2 12 2 13 3 9 3 10 3 11 3 12 3 13 4 9 4 10 4 11 4 12 4 13 5 9 5 10 5 11 5 12 5 13 6 9 6 10 6 11 7 9 7 12 7 13 8 9
m14_94 14 35 0 6 0 8 0 12 1 7 1 8 1 10 1 11 2 8 2 10 2 11 2 12 2 13 3 9 3 10 3 11 3 12 3 13 4 9 4 10 4 11 4 12 4 13 5 9 5 10 5 11 5 12 5 13 6 9 6 10 6 11 6 13 7 9 7 12 7 13 8 9
m14_95 14 35 0 6 0 8 0 11 1 7 1 8 1 10 2 8 2 10 2 11 2 12 2 13 3 9 3 10 3 11 3 12 3 13 4 9 4 10 4 11 4 12 4 13 5 9 5 10 5 11 5 12 5 13 6 9 6 10 6 12 6 13 7 9 7 11 7 12 7 13 8 9
m14_96 14 35 0 6 0 8 0 13 1 7 1 8 1 11 1 12 2 8 2 11 2 12 2 13 3 9 3 10 3 11 3 12 3 13 4 9 4 10 4 11 4 12 4 13 5 9 5 10 5 11 5 12 5 13 6 9 6 10 6 11 6 12 7 9 7 10 7 13 8 9 8 10
m14_97 14 35 0 6 0 8 0 12 1 7 1 8 1 11 2 8 2 11 2 12 2 13 3 9 3 10 3 11 3 12 3 13 4 9 4 10 4 11 4 12 4 13 5 9 5 10 5 11 5 12 5 13 6 9 6 10 6 11 6 13 7 9 7 10 7 12 7 13 8 9 8 10
m14_98 14 30 0 6 0 10 0 13 1 7 1 10 1 12 2 8 2 9 2 10 2 11 3 8 3 9 3 10 3 11 4 10 4 11 4 12 4 13 5 10 5 11 5 12 5 13 6 11 6 12 7 11 7 13 8 12 8 13 9 12 9 13
m14_99 14 31 0 6 0 7 0 11 0 12 1 7 1 8 1 9 1 12 2 8 2 9 2 10 2 12 3 9 3 10 3 12 3 13 4 11 4 12 4 13 5 11 5 12 5 13 6 9 6 10 6 13 7 10 7 13 8 11 8 13 9 11 10 11
m14_100 14 36 0 6 0 7 0 8 0 9 0 10 1 7 1 8 1 9 1 10 1 12 2 8 2 9 2 10 2 12 2 13 3 9 3 10 3 11 3 12 3 13 4 9 4 10 4 11 4 12 4 13 5 9 5 10 5 11 5 12 5 13 6 11 6 12 6 13 7 11 7 13 8 11
m14_101 14 36 0 6 0 7 0 8 0 9 1 7 1 8 1 9 1 11 1 12 2 8 2 9 2 11 2 12 2 13 3 9 3 10 3 11 3 12 3 13 4 9 4 10 4 11 4 12 4 13 5 9 5 10 5 11 5 12 5 13 6 10 6 11 6 12 6 13 7 10 7 13 8 10
m14_102 14 35 0 6 0 7 0 8 0 9 0 10 1 7 1 12 1 13 2 8 2 9 2 10 2 11 2 12 3 8 3 9 3 10 3 11 3 12 4 8 4 9 4 10 4 11 4 12 5 8 5 9 5 10 5 11 5 12 6 12 6 13 7 11 8 13 9 13 10 13 11 13
m14_103 14 35 0 6 0 7 0 8 0 9 1 7 1 12 1 13 2 8 2 9 2 10 2 11 2 12 3 8 3 9 3 10 3 11 3 12 4 8 4 9 4 10 4 11 4 12 5 8 5 9 5 10 5 11 5 12 6 12 6 13 7 10 7 11 8 13 9 13 10 13 11 13
m14_104 14 31 0 6 0 9 0 12 1 7 1 8 1 12 1 13 2 7 2 11 2 12 2 13 3 8 3 10 3 12 3 13 4 9 4 10 4 11 4 12 5 10 5 11 5 12 5 13 6 10 6 11 6 13 7 9 7 10 8 9 8 11 9 13
m14_105 14 31 0 6 0 8 0 9 0 13 1 7 1 8 1 10 1 13 2 7 2 10 2 12 2 13 3 8 3 9 3 11 3 13 4 9 4 11 4 12 4 13 5 10 5 11 5 12 5 13 6 10 6 11 6 12 7 9 7 11 8 12 9 10
m14_106 14 32 0 6 0 8 0 9 0 12 1 7 1 8 1 12 1 13 2 7 2 10 2 12 2 13 3 8 3 9 3 12 3 13 4 9 4 11 4 12 4 13 5 10 5 11 5 12 5 13 6 10 6 11 6 13 7 9 7 11 8 10 8 11 9 10
m14_107 14 33 0 6 0 8 0 11 0 13 1 7 1 8 1 12 1 13 2 7 2 10 2 12 2 13 3 8 3 11 3 12 3 13 4 9 4 10 4 11 4 12 4 13 5 9 5 10 5 11 5 12 5 13 6 9 6 10 6 12 7 9 7 11 8 9 8 10
m14_108 14 34 0 6 0 8 0 9 0 12 0 13 1 7 1 11 1 12 1 13 2 7 2 11 2 12 2 13 3 8 3 9 3 10 3 12 3 13 4 8 4 9 4 10 4 12 4 13 5 9 5 10 5 11 5 12 5 13 6 10 6 11 7 8 7 9 7 10 8 11
m14_109 14 34 0 6 0 8 0 9 0 12 1 7 1 11 1 12 1 13 2 7 2 11 2 12 2 13 3 8 3 9 3 10 3 12 3 13 4 8 4 9 4 10 4 12 4 13 5 9 5 10 5 11 5 12 5 13 6 10 6 11 6 13 7 8 7 9 7 10 8 11
m14_110 14 32 0 6 0 7 0 8 0 10 0 13 1 7 1 10 1 12 1 13 2 7 2 10 2 12 2 13 3 8 3 9 3 11 3 13 4 8 4 10 4 11 4 13 5 9 5 11 5 12 5 13 6 9 6 11 6 12 7 9 7 11 8 12 9 10
m14_111 14 34 0 6 0 9 0 10 0 13 1 7 1 8 1 9 1 12 1 13 2 7 2 8 2 9 2 12 2 13 3 7 3 8 3 9 3 12 3 13 4 10 4 11 4 12 4 13 5 10 5 11 5 12 5 13 6 11 6 12 7 10 7 11 8 10 8 11 9 11
m14_112 14 34 0 6 0 9 0 10 1 7 1 8 1 9 1 12 1 13 2 7 2 8 2 9 2 12 2 13 3 7 3 8 3 9 3 12 3 13 4 10 4 11 4 12 4 13 5 10 5 11 5 12 5 13 6 11 6 12 6 13 7 10 7 11 8 10 8 11 9 11
m14_113 14 34 0 6 0 9 0 10 1 7 1 8 1 9 1 12 2 7 2 8 2 9 2 12 3 7 3 8 3 9 3 12 4 10 4 11 4 12 4 13 5 10 5 11 5 12 5 13 6 11 6 12 6 13 7 10 7 11 7 13 8 10 8 11 8 13 9 11 9 13
m14_114 14 34 0 6 0 7 0 8 0 9 0 12 1 6 1 7 1 8 1 9 1 12 2 8 2 9 2 12 2 13 3 8 3 11 3 12 3 13 4 9 4 10 4 12 4 13 5 10 5 11 5 12 5 13 6 10 6 11 6 13 7 10 7 11 7 13 8 10 9 11
m14_115 14 31 0 6 0 7 0 10 0 13 1 6 1 8 1 9 1 13 2 7 2 10 2 12 2 13 3 8 3 9 3 12 3 13 4 9 4 11 4 12 4 13 5 10 5 11 5 12 5 13 6 11 6 12 7 9 7 11 8 10 8 11 9 10
m14_116 14 34 0 6 0 7 0 11 0 13 1 6 1 11 1 12 1 13 2 7 2 10 2 11 2 13 3 8 3 9 3 10 3 12 3 13 4 8 4 9 4 10 4 12 4 13 5 9 5 10 5 11 5 12 5 13 6 8 6 9 6 10 7 8 7 9 7 12 8 11
m14_117 14 32 0 6 0 8 0 9 0 10 1 6 1 8 1 9 1 10 2 7 2 8 2 9 2 12 3 7 3 9 3 11 3 12 4 10 4 11 4 12 4 13 5 10 5 11 5 12 5 13 6 11 6 12 6 13 7 10 7 13 8 11 8 13 9 13
m14_118 14 33 0 6 0 8 0 12 0 13 1 6 1 8 1 12 1 13 2 7 2 8 2 11 2 13 3 7 3 10 3 11 3 13 4 9 4 10 4 11 4 12 4 13 5 9 5 10 5 11 5 12 5 13 6 9 6 10 6 11 7 9 7 12 8 9 8 10
m14_119 14 31 0 6 0 9 0 11 0 12 1 6 1 9 1 11 1 12 2 7 2 8 2 9 2 10 3 7 3 9 3 10 3 12 4 8 4 10 4 11 4 13 5 10 5 11 5 12 5 13 6 8 6 10 6 13 7 11 7 13 8 12 9 13
m14_120 14 35 0 6 0 8 0 9 0 10 0 11 1 6 1 8 1 9 1 10 1 11 2 7 2 9 2 10 2 11 2 12 3 7 3 9 3 10 3 11 3 12 4 7 4 9 4 10 4 11 4 12 5 8 5 12 5 13 6 12 6 13 7 8 7 13 9 13 10 13 11 13
m14_121 14 32 0 6 0 8 0 9 0 12 1 6 1 8 1 9 1 12 2 7 2 8 2 9 2 10 3 7 3 9 3 10 3 11 4 10 4 11 4 12 4 13 5 10 5 11 5 12 5 13 6 7 6 10 6 11 7 12 7 13 8 11 8 13 9 13
m14_122 14 35 0 6 0 8 0 11 0 12 0 13 1 6 1 8 1 11 1 12 1 13 2 7 2 8 2 9 2 12 2 13 3 7 3 9 3 10 3 12 3 13 4 9 4 10 4 11 4 12 4 13 5 9 5 10 5 11 5 12 5 13 6 7 6 9 6 10 7 11 8 10
m14_123 14 34 0 6 0 8 0 11 0 12 0 13 1 6 1 8 1 11 1 12 1 13 2 7 2 8 2 9 2 13 3 7 3 9 3 10 3 13 4 9 4 10 4 11 4 12 4 13 5 9 5 10 5 11 5 12 5 13 6 7 6 9 6 10 7 11 7 12 8 10
m14_124 14 36 0 6 0 7 0 8 0 11 0 12 0 13 1 6 1 7 1 9 1 11 1 12 1 13 2 6 2 7 2 9 2 11 2 12 2 13 3 8 3 10 3 11 3 12 3 13 4 8 4 10 4 11 4 12 4 13 5 9 5 10 5 11 5 12 5 13 6 10 7 10 8 9
m14_125 14 35 0 6 0 7 0 8 0 12 0 13 1 6 1 7 1 9 1 12 1 13 2 6 2 7 2 9 2 12 2 13 3 8 3 10 3 11 3 12 3 13 4 8 4 10 4 11 4 12 4 13 5 9 5 10 5 11 5 12 5 13 6 10 6 11 7 10 7 11 8 9
m14_126 14 33 0 6 0 7 0 8 0 12 0 13 1 6 1 7 1 10 1 12 1 13 2 6 2 10 2 11 2 12 2 13 3 7 3 9 3 10 3 12 3 13 4 8 4 9 4 11 4 12 4 13 5 8 5 9 5 11 5 12 5 13 6 9 7 11 8 10
m14_127 14 30 0 5 0 8 0 11 0 12 1 6 1 8 1 9 1 11 2 7 2 9 2 11 2 13 3 7 3 11 3 12 3 13 4 10 4 11 4 12 4 13 5 9 5 10 5 13 6 10 6 12 6 13 7 8 7 10 8 13 9 12
m14_128 14 29 0 5 0 8 0 13 1 6 1 8 1 9 1 11 2 7 2 9 2 11 2 13 3 7 3 11 3 12 3 13 4 10 4 11 4 12 4 13 5 9 5 10 5 11 6 10 6 12 6 13 7 8 7 10 8 12 9 12
m14_129 14 32 0 5 0 8 0 10 0 12 1 6 1 8 1 10 1 11 2 7 2 10 2 11 2 12 2 13 3 7 3 10 3 11 3 12 3 13 4 9 4 10 4 11 4 12 4 13 5 9 5 11 5 13 6 9 6 12 6 13 7 8 7 9 8 13
m14_130 14 32 0 5 0 8 0 12 1 6 1 8 1 10 1 11 2 7 2 10 2 11 2 12 2 13 3 7 3 10 3 11 3 12 3 13 4 9 4 10 4 11 4 12 4 13 5 9 5 10 5 11 5 13 6 9 6 12 6 13 7 8 7 9 8 13
m14_131 14 33 0 5 0 8 0 11 1 6 1 8 1 10 2 7 2 10 2 11 2 12 2 13 3 7 3 10 3 11 3 12 3 13 4 9 4 10 4 11 4 12 4 13 5 9 5 10 5 12 5 13 6 9 6 11 6 12 6 13 7 8 7 9 8 12 8 13
m14_132 14 31 0 5 0 8 0 12 0 13 1 6 1 8 1 11 1 13 2 7 2 11 2 12 2 13 3 7 3 11 3 12 3 13 4 9 4 10 4 11 4 12 5 9 5 10 5 11 6 9 6 10 6 12 7 8 7 9 8 10 9 13 10 13
m14_133 14 32 0 5 0 8 0 10 0 12 1 6 1 8 1 10 1 11 2 7 2 10 2 11 2 12 2 13 3 7 3 10 3 11 3 12 3 13 4 9 4 11 4 12 4 13 5 9 5 11 5 13 6 9 6 12 6 13 7 8 7 9 8 13 9 10
m14_134 14 35 0 5 0 6 0 7 0 8 0 9 1 6 1 7 1 8 1 9 1 10 2 7 2 8 2 9 2 10 2 11 3 8 3 9 3 10 3 11 3 12 4 9 4 10 4 11 4 12 4 13 5 10 5 11 5 12 5 13 6 11 6 12 6 13 7 12 7 13 8 13
m14_135 14 30 0 5 0 8 0 11 0 12 1 6 1 7 1 12 1 13 2 6 2 9 2 11 2 12 3 7 3 10 3 12 3 13 4 8 4 10 4 11 4 12 5 9 5 10 5 13 6 8 6 10 7 9 7 11 8 9 8 13 11 13
m14_136 14 33 0 5 0 6 0 9 0 10 0 12 1 5 1 6 1 9 1 10 1 12 2 7 2 8 2 9 2 10 2 11 3 7 3 8 3 9 3 10 3 11 4 10 4 11 4 12 4 13 5 11 5 13 6 11 6 13 7 12 7 13 8 12 8 13 9 13
m14_137 14 33 0 5 0 6 0 9 0 12 1 5 1 6 1 9 1 12 2 7 2 8 2 9 2 10 2 11 3 7 3 8 3 9 3 10 3 11 4 10 4 11 4 12 4 13 5 10 5 11 5 13 6 10 6 11 6 13 7 12 7 13 8 12 8 13 9 13
m14_138 14 34 0 5 0 6 0 9 0 11 0 12 1 5 1 6 1 9 1 11 1 12 2 7 2 8 2 9 2 10 2 11 3 7 3 8 3 9 3 10 3 11 4 9 4 10 4 11 4 12 5 10 5 13 6 10 6 13 7 12 7 13 8 12 8 13 9 13 11 13
m14_139 14 33 0 5 0 6 0 9 0 12 0 13 1 5 1 6 1 9 1 12 1 13 2 7 2 8 2 9 2 11 2 13 3 7 3 8 3 9 3 11 3 13 4 9 4 10 4 11 4 12 4 13 5 10 5 11 6 10 6 11 7 10 7 12 8 10 8 12
m14_140 14 30 0 4 0 7 0 11 0 12 1 5 1 7 1 8 1 10 2 6 2 8 2 12 2 13 3 7 3 10 3 11 3 12 4 8 4 9 4 10 4 13 5 9 5 12 5 13 6 9 6 10 6 11 7 9 7 13 8 11 11 13
m14_0 14 31 0 8 0 9 0 10 0 13 1 9 1 10 1 12 1 13 2 9 2 10 2 12 2 13 3 11 3 12 3 13 4 11 4 12 4 13 5 11 5 12 5 13 6 11 6 12 6 13 7 11 7 12 7 13 8 11 8 12 9 11 10 11
m14_1 14 29 0 8 0 9 0 10 0 13 1 9 1 12 1 13 2 9 2 12 2 13 3 10 3 11 3 13 4 10 4 11 4 13 5 11 5 12 5 13 6 11 6 12 6 13 7 11 7 12 7 13 8 11 8 12 9 11 10 12
m14_2 14 29 0 8 0 9 0 10 0 13 1 9 1 11 1 13 2 9 2 11 2 13 3 10 3 12 3 13 4 10 4 12 4 13 5 10 5 12 5 13 6 11 6 12 6 13 7 11 7 12 7 13 8 11 8 12 9 12 10 11
m14_3 14 29 0 8 0 9 0 12 0 13 1 9 1 10 1 13 2 9 2 10 2 13 3 11 3 12 3 13 4 11 4 12 4 13 5 11 5 12 5 13 6 11 6 12 6 13 7 11 7 12 7 13 8 10 8 11 9 11 10 12
m14_4 14 30 0 8 0 9 0 12 1 9 1 10 1 12 1 13 2 9 2 10 2 12 2 13 3 11 3 12 3 13 4 11 4 12 4 13 5 11 5 12 5 13 6 11 6 12 6 13 7 11 7 12 7 13 8 10 8 13 9 11 10 11
m14_5 14 29 0 8 0 9 0 13 1 9 1 10 1 13 2 9 2 10 2 13 3 11 3 12 3 13 4 11 4 12 4 13 5 11 5 12 5 13 6 11 6 12 6 13 7 11 7 12 7 13 8 10 8 12 9 11 9 12 10 11
m14_6 14 29 0 8 0 9 0 11 0 13 1 9 1 10 1 13 2 9 2 10 2 13 3 10 3 12 3 13 4 11 4 12 4 13 5 11 5 12 5 13 6 11 6 12 6 13 7 11 7 12 7 13 8 10 8 12 9 12 10 11
m14_7 14 29 0 8 0 9 0 13 1 9 1 10 1 13 2 9 2 10 2 13 3 10 3 12 3 13 4 11 4 12 4 13 5 11 5 12 5 13 6 11 6 12 6 13 7 11 7 12 7 13 8 10 8 12 9 11 9 12 10 11
m14_8 14 35 0 8 0 9 0 12 0 13 1 9 1 11 1 12 1 13 2 9 2 11 2 12 2 13 3 10 3 11 3 12 3 13 4 10 4 11 4 12 4 13 5 10 5 11 5 12 5 13 6 10 6 11 6 12 6 13 7 10 7 11 7 12 7 13 8 10 8 11 9 10
m14_9 14 35 0 8 0 9 0 13 1 9 1 11 1 12 1 13 2 9 2 11 2 12 2 13 3 10 3 11 3 12 3 13 4 10 4 11 4 12 4 13 5 10 5 11 5 12 5 13 6 10 6 11 6 12 6 13 7 10 7 11 7 12 7 13 8 10 8 11 8 12 9 10
m14_10 14 34 0 8 0 9 0 13 1 9 1 12 1 13 2 9 2 12 2 13 3 10 3 11 3 12 3 13 4 10 4 11 4 12 4 13 5 10 5 11 5 12 5 13 6 10 6 11 6 12 6 13 7 10 7 11 7 12 7 13 8 10 8 11 8 12 9 10 9 11
m14_11 14 32 0 8 0 9 0 10 0 12 1 9 1 10 1 12 1 13 2 9 2 10 2 12 2 13 3 9 3 10 3 12 3 13 4 11 4 12 4 13 5 11 5 12 5 13 6 11 6 12 6 13 7 11 7 12 7 13 8 11 8 13 9 11 10 11
m14_12 14 29 0 8 0 9 0 10 0 13 1 9 1 12 1 13 2 9 2 12 2 13 3 9 3 12 3 13 4 10 4 11 4 13 5 10 5 11 5 13 6 10 6 11 6 13 7 11 7 12 7 13 8 11 8 12 9 11 10 12
m14_13 14 29 0 8 0 9 0 12 0 13 1 9 1 10 1 13 2 9 2 10 2 13 3 9 3 10 3 13 4 11 4 12 4 13 5 11 5 12 5 13 6 11 6 12 6 13 7 11 7 12 7 13 8 10 8 11 9 11 10 12
m14_14 14 29 0 8 0 9 0 13 1 9 1 10 1 13 2 9 2 10 2 13 3 9 3 10 3 13 4 11 4 12 4 13 5 11 5 12 5 13 6 11 6 12 6 13 7 11 7 12 7 13 8 10 8 11 9 11 9 12 10 12
m14_15 14 31 0 8 0 9 0 12 1 9 1 10 1 12 1 13 2 9 2 10 2 12 2 13 3 9 3 10 3 12 3 13 4 11 4 12 4 13 5 11 5 12 5 13 6 11 6 12 6 13 7 11 7 12 7 13 8 10 8 13 9 11 10 11
m14_16 14 35 0 8 0 9 0 12 0 13 1 9 1 11 1 12 1 13 2 9 2 11 2 12 2 13 3 9 3 11 3 12 3 13 4 10 4 11 4 12 4 13 5 10 5 11 5 12 5 13 6 10 6 11 6 12 6 13 7 10 7 11 7 12 7 13 8 10 8 11 9 10
m14_17 14 35 0 8 0 9 0 13 1 9 1 11 1 12 1 13 2 9 2 11 2 12 2 13 3 9 3 11 3 12 3 13 4 10 4 11 4 12 4 13 5 10 5 11 5 12 5 13 6 10 6 11 6 12 6 13 7 10 7 11 7 12 7 13 8 10 8 11 8 12 9 10
m14_18 14 33 0 8 0 9 0 13 1 9 1 12 1 13 2 9 2 12 2 13 3 9 3 12 3 13 4 10 4 11 4 12 4 13 5 10 5 11 5 12 5 13 6 10 6 11 6 12 6 13 7 10 7 11 7 12 7 13 8 10 8 11 8 12 9 10 9 11
m14_21 14 29 0 8 0 10 0 13 1 8 1 10 1 13 2 9 2 10 2 12 3 9 3 10 3 12 4 11 4 12 4 13 5 11 5 12 5 13 6 11 6 12 6 13 7 11 7 12 7 13 8 11 8 12 9 11 9 13 10 11
m14_22 14 29 0 8 0 12 0 13 1 8 1 12 1 13 2 9 2 10 2 13 3 9 3 10 3 13 4 11 4 12 4 13 5 11 5 12 5 13 6 11 6 12 6 13 7 11 7 12 7 13 8 10 8 11 9 11 9 12 10 12
m14_23 14 29 0 8 0 12 0 13 1 8 1 12 1 13 2 9 2 10 2 13 3 9 3 10 3 13 4 10 4 11 4 13 5 11 5 12 5 13 6 11 6 12 6 13 7 11 7 12 7 13 8 10 8 11 9 11 9 12 10 12
m14_24 14 29 0 8 0 11 0 13 1 8 1 11 1 13 2 9 2 10 2 13 3 9 3 10 3 13 4 10 4 12 4 13 5 10 5 12 5 13 6 11 6 12 6 13 7 11 7 12 7 13 8 10 8 12 9 11 9 12 10 11
m14_25 14 29 0 8 0 11 0 13 1 8 1 11 1 13 2 9 2 11 2 12 3 9 3 11 3 12 4 10 4 12 4 13 5 10 5 12 5 13 6 11 6 12 6 13 7 11 7 12 7 13 8 10 8 12 9 10 9 13 10 11
m14_26 14 29 0 8 0 11 0 13 1 8 1 11 1 13 2 9 2 11 2 12 3 9 3 11 3 12 4 10 4 12 4 13 5 10 5 12 5 13 6 10 6 12 6 13 7 11 7 12 7 13 8 10 8 12 9 10 9 13 10 11
m14_27 14 32 0 8 0 12 0 13 1 8 1 12 1 13 2 9 2 11 2 13 3 9 3 11 3 13 4 10 4 11 4 12 4 13 5 10 5 11 5 12 5 13 6 10 6 11 6 12 6 13 7 10 7 11 7 12 7 13 8 10 8 11 9 10 9 12
m14_28 14 31 0 8 0 9 0 10 0 13 1 8 1 11 1 13 2 9 2 10 2 12 2 13 3 9 3 10 3 12 3 13 4 9 4 10 4 12 4 13 5 11 5 12 5 13 6 11 6 12 6 13 7 11 7 12 7 13 8 12 9 11 10 11
m14_29 14 27 0 8 0 9 0 10 1 8 1 11 1 12 2 9 2 12 2 13 3 9 3 12 3 13 4 9 4 12 4 13 5 10 5 11 5 13 6 10 6 11 6 13 7 10 7 11 7 13 8 13 9 11 10 12
m14_30 14 34 0 8 0 9 0 12 0 13 1 8 1 10 1 12 1 13 2 9 2 11 2 12 2 13 3 9 3 11 3 12 3 13 4 9 4 11 4 12 4 13 5 10 5 11 5 12 5 13 6 10 6 11 6 12 6 13 7 10 7 11 7 12 7 13 8 11 9 10
m14_31 14 33 0 8 0 9 0 13 1 8 1 10 1 13 2 9 2 11 2 12 2 13 3 9 3 11 3 12 3 13 4 9 4 11 4 12 4 13 5 10 5 11 5 12 5 13 6 10 6 11 6 12 6 13 7 10 7 11 7 12 7 13 8 11 8 12 9 10
m14_32 14 30 0 8 0 9 0 10 0 13 1 8 1 9 1 10 1 13 2 8 2 10 2 11 2 13 3 9 3 12 3 13 4 11 4 12 4 13 5 11 5 12 5 13 6 11 6 12 6 13 7 11 7 12 7 13 8 12 9 11 10 12
m14_33 14 32 0 8 0 9 0 13 1 8 1 9 1 13 2 8 2 12 2 13 3 9 3 10 3 11 3 13 4 10 4 11 4 12 4 13 5 10 5 11 5 12 5 13 6 10 6 11 6 12 6 13 7 10 7 11 7 12 7 13 8 10 8 11 9 12
m14_34 14 34 0 8 0 9 0 12 0 13 1 8 1 9 1 12 1 13 2 8 2 11 2 12 2 13 3 9 3 10 3 12 3 13 4 10 4 11 4 12 4 13 5 10 5 11 5 12 5 13 6 10 6 11 6 12 6 13 7 10 7 11 7 12 7 13 8 10 9 11
m14_35 14 32 0 8 0 9 0 13 1 8 1 9 1 13 2 8 2 12 2 13 3 9 3 11 3 13 4 10 4 11 4 12 4 13 5 10 5 11 5 12 5 13 6 10 6 11 6 12 6 13 7 10 7 11 7 12 7 13 8 10 8 11 9 10 9 12
m14_36 14 27 0 8 0 9 0 10 1 8 1 11 1 13 2 8 2 11 2 13 3 9 3 11 3 12 4 9 4 11 4 12 5 10 5 12 5 13 6 10 6 12 6 13 7 10 7 12 7 13 8 12 9 13 10 11
m14_37 14 29 0 8 0 9 0 13 1 8 1 12 1 13 2 8 2 12 2 13 3 9 3 10 3 13 4 9 4 10 4 13 5 10 5 11 5 13 6 11 6 12 6 13 7 11 7 12 7 13 8 10 8 11 9 11 9 12 10 12
m14_38 14 34 0 8 0 9 0 12 0 13 1 8 1 11 1 12 1 13 2 8 2 11 2 12 2 13 3 9 3 10 3 12 3 13 4 9 4 10 4 12 4 13 5 10 5 11 5 12 5 13 6 10 6 11 6 12 6 13 7 10 7 11 7 12 7 13 8 10 9 11
m14_39 14 32 0 8 0 9 0 13 1 8 1 11 1 13 2 8 2 11 2 13 3 9 3 10 3 12 3 13 4 9 4 10 4 12 4 13 5 10 5 11 5 12 5 13 6 10 6 11 6 12 6 13 7 10 7 11 7 12 7 13 8 10 8 12 9 11
m14_40 14 31 0 8 0 9 0 13 1 8 1 12 1 13 2 8 2 12 2 13 3 9 3 11 3 13 4 9 4 11 4 13 5 10 5 11 5 12 5 13 6 10 6 11 6 12 6 13 7 10 7 11 7 12 7 13 8 10 8 11 9 10 9 12
m14_41 14 30 0 7 0 9 0 11 0 13 1 8 1 9 1 10 1 11 2 8 2 9 2 10 2 11 3 11 3 12 3 13 4 11 4 12 4 13 5 11 5 12 5 13 6 11 6 12 6 13 7 10 7 12 8 12 8 13 9 12 10 13
m14_42 14 30 0 7 0 9 0 11 0 13 1 8 1 9 1 10 1 13 2 8 2 9 2 10 2 13 3 10 3 12 3 13 4 11 4 12 4 13 5 11 5 12 5 13 6 11 6 12 6 13 7 10 7 12 8 11 8 12 9 12 10 11
m14_43 14 30 0 7 0 9 0 10 0 13 1 8 1 9 1 11 1 13 2 8 2 9 2 11 2 13 3 10 3 12 3 13 4 10 4 12 4 13 5 11 5 12 5 13 6 11 6 12 6 13 7 11 7 12 8 10 8 12 9 12 10 11
m14_44 14 32 0 7 0 9 0 10 0 11 1 8 1 9 1 13 2 8 2 9 2 13 3 10 3 11 3 12 3 13 4 10 4 11 4 12 4 13 5 10 5 11 5 12 5 13 6 10 6 11 6 12 6 13 7 12 7 13 8 10 8 11 8 12 9 12
m14_45 14 33 0 7 0 9 0 10 0 12 1 8 1 9 1 12 1 13 2 8 2 9 2 12 2 13 3 10 3 11 3 12 3 13 4 10 4 11 4 12 4 13 5 10 5 11 5 12 5 13 6 10 6 11 6 12 6 13 7 11 7 13 8 10 8 11 9 11
m14_46 14 33 0 7 0 9 0 10 1 8 1 9 1 12 1 13 2 8 2 9 2 12 2 13 3 10 3 11 3 12 3 13 4 10 4 11 4 12 4 13 5 10 5 11 5 12 5 13 6 10 6 11 6 12 6 13 7 11 7 12 7 13 8 10 8 11 9 11
m14_47 14 33 0 7 0 9 0 10 1 8 1 9 1 13 2 8 2 9 2 13 3 10 3 11 3 12 3 13 4 10 4 11 4 12 4 13 5 10 5 11 5 12 5 13 6 10 6 11 6 12 6 13 7 11 7 12 7 13 8 10 8 11 8 12 9 11 9 12
m14_48 14 38 0 7 0 8 0 11 0 12 0 13 1 8 1 10 1 11 1 12 1 13 2 8 2 10 2 11 2 12 2 13 3 9 3 10 3 11 3 12 3 13 4 9 4 10 4 11 4 12 4 13 5 9 5 10 5 11 5 12 5 13 6 9 6 10 6 11 6 12 6 13 7 9 7 10 8 9
m14_49 14 38 0 7 0 8 0 12 0 13 1 8 1 10 1 11 1 12 1 13 2 8 2 10 2 11 2 12 2 13 3 9 3 10 3 11 3 12 3 13 4 9 4 10 4 11 4 12 4 13 5 9 5 10 5 11 5 12 5 13 6 9 6 10 6 11 6 12 6 13 7 9 7 10 7 11 8 9
m14_50 14 38 0 7 0 8 0 13 1 8 1 10 1 11 1 12 1 13 2 8 2 10 2 11 2 12 2 13 3 9 3 10 3 11 3 12 3 13 4 9 4 10 4 11 4 12 4 13 5 9 5 10 5 11 5 12 5 13 6 9 6 10 6 11 6 12 6 13 7 9 7 10 7 11 7 12 8 9
m14_51 14 37 0 7 0 8 0 12 0 13 1 8 1 11 1 12 1 13 2 8 2 11 2 12 2 13 3 9 3 10 3 11 3 12 3 13 4 9 4 10 4 11 4 12 4 13 5 9 5 10 5 11 5 12 5 13 6 9 6 10 6 11 6 12 6 13 7 9 7 10 7 11 8 9 8 10
m14_52 14 37 0 7 0 8 0 13 1 8 1 11 1 12 1 13 2 8 2 11 2 12 2 13 3 9 3 10 3 11 3 12 3 13 4 9 4 10 4 11 4 12 4 13 5 9 5 10 5 11 5 12 5 13 6 9 6 10 6 11 6 12 6 13 7 9 7 10 7 11 7 12 8 9 8 10
m14_53 14 36 0 7 0 8 0 12 1 8 1 12 1 13 2 8 2 12 2 13 3 9 3 10 3 11 3 12 3 13 4 9 4 10 4 11 4 12 4 13 5 9 5 10 5 11 5 12 5 13 6 9 6 10 6 11 6 12 6 13 7 9 7 10 7 11 7 13 8 9 8 10 8 11
m14_54 14 31 0 7 0 9 0 10 0 13 1 8 1 10 1 11 1 13 2 8 2 10 2 11 2 13 3 8 3 10 3 11 3 13 4 9 4 12 4 13 5 9 5 12 5 13 6 11 6 12 6 13 7 11 7 12 8 9 8 12 9 11 10 12
m14_55 14 33 0 7 0 9 0 12 0 13 1 8 1 11 1 12 1 13 2 8 2 11 2 12 2 13 3 8 3 11 3 12 3 13 4 9 4 10 4 12 4 13 5 9 5 10 5 12 5 13 6 10 6 11 6 12 6 13 7 10 7 11 8 9 8 10 9 11
m14_56 14 33 0 7 0 9 0 13 1 8 1 11 1 12 1 13 2 8 2 11 2 12 2 13 3 8 3 11 3 12 3 13 4 9 4 10 4 12 4 13 5 9 5 10 5 12 5 13 6 10 6 11 6 12 6 13 7 10 7 11 7 12 8 9 8 10 9 11
m14_57 14 32 0 7 0 9 0 13 1 8 1 11 1 12 1 13 2 8 2 11 2 12 2 13 3 8 3 11 3 12 3 13 4 9 4 10 4 13 5 9 5 10 5 13 6 10 6 11 6 12 6 13 7 10 7 11 7 12 8 9 8 10 9 11 9 12
m14_58 14 33 0 7 0 8 0 9 0 12 1 8 1 9 1 12 1 13 2 8 2 9 2 12 2 13 3 8 3 11 3 12 3 13 4 9 4 10 4 12 4 13 5 10 5 11 5 12 5 13 6 10 6 11 6 12 6 13 7 10 7 11 7 13 8 10 9 11
m14_59 14 33 0 7 0 8 0 9 0 12 0 13 1 8 1 11 1 12 1 13 2 8 2 11 2 12 2 13 3 8 3 11 3 12 3 13 4 9 4 10 4 12 4 13 5 9 5 10 5 12 5 13 6 9 6 10 6 12 6 13 7 10 7 11 8 10 9 11
m14_60 14 33 0 7 0 8 0 9 0 12 1 8 1 11 1 12 1 13 2 8 2 11 2 12 2 13 3 8 3 11 3 12 3 13 4 9 4 10 4 12 4 13 5 9 5 10 5 12 5 13 6 9 6 10 6 12 6 13 7 10 7 11 7 13 8 10 9 11
m14_61 14 31 0 7 0 8 0 12 0 13 1 7 1 9 1 11 1 13 2 8 2 9 2 10 2 13 3 10 3 11 3 12 3 13 4 10 4 11 4 12 4 13 5 10 5 11 5 12 5 13 6 10 6 11 6 12 6 13 7 10 8 11 9 12
m14_62 14 30 0 7 0 8 0 12 1 7 1 9 1 11 2 8 2 9 2 10 2 13 3 10 3 11 3 12 3 13 4 10 4 11 4 12 4 13 5 10 5 11 5 12 5 13 6 10 6 11 6 12 6 13 7 10 7 13 8 11 9 12
m14_63 14 33 0 7 0 8 0 9 0 13 1 7 1 9 1 11 1 13 2 8 2 9 2 10 2 13 3 9 3 10 3 11 3 13 4 10 4 11 4 12 4 13 5 10 5 11 5 12 5 13 6 10 6 11 6 12 6 13 7 10 7 12 8 11 8 12 9 12
m14_64 14 30 0 7 0 8 0 10 0 12 1 7 1 10 1 11 1 12 2 8 2 9 2 10 2 12 3 9 3 12 3 13 4 11 4 12 4 13 5 11 5 12 5 13 6 11 6 12 6 13 7 9 7 13 8 11 8 13 9 11 10 13
m14_65 14 32 0 7 0 8 0 11 0 13 1 7 1 11 1 12 1 13 2 8 2 9 2 10 2 13 3 9 3 10 3 12 3 13 4 10 4 11 4 12 4 13 5 10 5 11 5 12 5 13 6 10 6 11 6 12 6 13 7 9 7 10 8 12 9 11
m14_66 14 29 0 7 0 8 0 12 0 13 1 7 1 10 1 13 2 8 2 9 2 13 3 9 3 10 3 11 3 13 4 11 4 12 4 13 5 11 5 12 5 13 6 11 6 12 6 13 7 9 7 11 8 10 8 11 9 12 10 12
m14_67 14 32 0 7 0 8 0 13 1 7 1 12 1 13 2 8 2 9 2 13 3 9 3 10 3 11 3 13 4 10 4 11 4 12 4 13 5 10 5 11 5 12 5 13 6 10 6 11 6 12 6 13 7 9 7 10 7 11 8 10 8 11 8 12 9 12
m14_68 14 32 0 7 0 8 0 11 0 13 1 7 1 11 1 12 1 13 2 8 2 9 2 13 3 9 3 10 3 12 3 13 4 10 4 11 4 12 4 13 5 10 5 11 5 12 5 13 6 10 6 11 6 12 6 13 7 9 7 10 8 10 8 12 9 11
m14_69 14 33 0 7 0 8 0 12 0 13 1 7 1 11 1 12 1 13 2 8 2 9 2 12 2 13 3 9 3 10 3 12 3 13 4 10 4 11 4 12 4 13 5 10 5 11 5 12 5 13 6 10 6 11 6 12 6 13 7 9 7 10 8 10 8 11 9 11
m14_70 14 32 0 7 0 8 0 13 1 7 1 11 1 13 2 8 2 9 2 12 2 13 3 9 3 10 3 12 3 13 4 10 4 11 4 12 4 13 5 10 5 11 5 12 5 13 6 10 6 11 6 12 6 13 7 9 7 10 7 12 8 10 8 11 9 11
m14_71 14 32 0 7 0 8 0 13 1 7 1 11 1 12 1 13 2 8 2 9 2 13 3 9 3 10 3 12 3 13 4 10 4 11 4 12 4 13 5 10 5 11 5 12 5 13 6 10 6 11 6 12 6 13 7 9 7 10 8 10 8 11 8 12 9 11
m14_72 14 34 0 7 0 8 0 9 0 13 1 7 1 8 1 9 1 13 2 8 2 9 2 11 2 13 3 9 3 10 3 11 3 13 4 10 4 11 4 12 4 13 5 10 5 11 5 12 5 13 6 10 6 11 6 12 6 13 7 10 7 11 7 12 8 10 8 12 9 12
m14_73 14 37 0 7 0 8 0 12 0 13 1 7 1 8 1 12 1 13 2 8 2 9 2 10 2 12 2 13 3 9 3 10 3 11 3 12 3 13 4 9 4 10 4 11 4 12 4 13 5 9 5 10 5 11 5 12 5 13 6 9 6 10 6 11 6 12 6 13 7 9 7 10 7 11 8 11
m14_74 14 36 0 7 0 8 0 13 1 7 1 8 1 13 2 8 2 9 2 10 2 12 2 13 3 9 3 10 3 11 3 12 3 13 4 9 4 10 4 11 4 12 4 13 5 9 5 10 5 11 5 12 5 13 6 9 6 10 6 11 6 12 6 13 7 9 7 10 7 11 7 12 8 11
m14_75 14 38 0 7 0 8 0 11 0 12 0 13 1 7 1 8 1 11 1 12 1 13 2 8 2 9 2 11 2 12 2 13 3 9 3 10 3 11 3 12 3 13 4 9 4 10 4 11 4 12 4 13 5 9 5 10 5 11 5 12 5 13 6 9 6 10 6 11 6 12 6 13 7 9 7 10 8 10
m14_76 14 37 0 7 0 8 0 12 0 13 1 7 1 8 1 12 1 13 2 8 2 9 2 12 2 13 3 9 3 10 3 11 3 12 3 13 4 9 4 10 4 11 4 12 4 13 5 9 5 10 5 11 5 12 5 13 6 9 6 10 6 11 6 12 6 13 7 9 7 10 7 11 8 10 8 11
m14_77 14 36 0 7 0 8 0 13 1 7 1 8 1 13 2 8 2 9 2 12 2 13 3 9 3 10 3 11 3 12 3 13 4 9 4 10 4 11 4 12 4 13 5 9 5 10 5 11 5 12 5 13 6 9 6 10 6 11 6 12 6 13 7 9 7 10 7 11 7 12 8 10 8 11
m14_78 14 35 0 7 0 11 0 12 0 13 1 7 1 11 1 12 1 13 2 8 2 10 2 12 2 13 3 8 3 10 3 12 3 13 4 9 4 10 4 11 4 12 4 13 5 9 5 10 5 11 5 12 5 13 6 9 6 10 6 11 6 12 6 13 7 9 7 10 8 9 8 11
m14_79 14 34 0 7 0 11 0 13 1 7 1 11 1 13 2 8 2 10 2 12 2 13 3 8 3 10 3 12 3 13 4 9 4 10 4 11 4 12 4 13 5 9 5 10 5 11 5 12 5 13 6 9 6 10 6 11 6 12 6 13 7 9 7 10 7 12 8 9 8 11
m14_80 14 33 0 7 0 12 0 13 1 7 1 12 1 13 2 8 2 11 2 13 3 8 3 11 3 13 4 9 4 10 4 11 4 12 4 13 5 9 5 10 5 11 5 12 5 13 6 9 6 10 6 11 6 12 6 13 7 9 7 10 7 11 8 9 8 10 8 12
m14_81 14 32 0 7 0 12 0 13 1 7 1 12 1 13 2 8 2 11 2 13 3 8 3 11 3 13 4 9 4 10 4 11 4 12 5 9 5 10 5 11 5 12 6 9 6 10 6 11 6 12 7 9 7 10 7 11 8 9 8 10 8 12 9 13 10 13
m14_82 14 31 0 7 0 8 0 11 0 13 1 7 1 9 1 10 1 13 2 8 2 9 2 12 2 13 3 8 3 11 3 12 3 13 4 9 4 10 4 12 4 13 5 10 5 11 5 12 5 13 6 10 6 11 6 12 6 13 7 12 8 10 9 11
m14_83 14 37 0 7 0 8 0 11 0 12 0 13 1 7 1 9 1 11 1 12 1 13 2 8 2 10 2 11 2 12 2 13 3 8 3 10 3 11 3 12 3 13 4 9 4 10 4 11 4 12 4 13 5 9 5 10 5 11 5 12 5 13 6 9 6 10 6 11 6 12 6 13 7 10 8 9
m14_84 14 36 0 7 0 8 0 12 0 13 1 7 1 9 1 12 1 13 2 8 2 10 2 11 2 12 2 13 3 8 3 10 3 11 3 12 3 13 4 9 4 10 4 11 4 12 4 13 5 9 5 10 5 11 5 12 5 13 6 9 6 10 6 11 6 12 6 13 7 10 7 11 8 9
m14_85 14 35 0 7 0 8 0 13 1 7 1 9 1 13 2 8 2 10 2 11 2 12 2 13 3 8 3 10 3 11 3 12 3 13 4 9 4 10 4 11 4 12 4 13 5 9 5 10 5 11 5 12 5 13 6 9 6 10 6 11 6 12 6 13 7 10 7 11 7 12 8 9
m14_86 14 35 0 7 0 8 0 12 0 13 1 7 1 9 1 10 1 12 1 13 2 8 2 11 2 12 2 13 3 8 3 11 3 12 3 13 4 9 4 10 4 11 4 12 4 13 5 9 5 10 5 11 5 12 5 13 6 9 6 10 6 11 6 12 6 13 7 11 8 9 8 10
m14_87 14 34 0 7 0 8 0 13 1 7 1 9 1 10 1 13 2 8 2 11 2 12 2 13 3 8 3 11 3 12 3 13 4 9 4 10 4 11 4 12 4 13 5 9 5 10 5 11 5 12 5 13 6 9 6 10 6 11 6 12 6 13 7 11 7 12 8 9 8 10
m14_88 14 34 0 7 0 8 0 9 0 10 0 13 1 7 1 8 1 9 1 10 1 13 2 8 2 9 2 10 2 11 2 13 3 8 3 9 3 10 3 11 3 13 4 11 4 12 4 13 5 11 5 12 5 13 6 11 6 12 6 13 7 11 7 12 8 12 9 12 10 12
m14_89 14 32 0 7 0 8 0 9 0 10 0 13 1 7 1 8 1 9 1 10 1 13 2 8 2 9 2 11 2 13 3 8 3 9 3 11 3 13 4 10 4 12 4 13 5 10 5 12 5 13 6 11 6 12 6 13 7 11 7 12 8 12 9 12 10 11
m14_90 14 36 0 7 0 8 0 9 0 12 0 13 1 7 1 8 1 9 1 12 1 13 2 8 2 9 2 11 2 12 2 13 3 8 3 9 3 11 3 12 3 13 4 10 4 11 4 12 4 13 5 10 5 11 5 12 5 13 6 10 6 11 6 12 6 13 7 10 7 11 8 10 9 10
m14_91 14 35 0 7 0 8 0 9 0 13 1 7 1 8 1 9 1 13 2 8 2 9 2 11 2 12 2 13 3 8 3 9 3 11 3 12 3 13 4 10 4 11 4 12 4 13 5 10 5 11 5 12 5 13 6 10 6 11 6 12 6 13 7 10 7 11 7 12 8 10 9 10
m14_92 14 33 0 7 0 11 0 12 0 13 1 7 1 11 1 12 1 13 2 8 2 11 2 12 2 13 3 8 3 11 3 12 3 13 4 9 4 10 4 12 4 13 5 9 5 10 5 12 5 13 6 9 6 10 6 12 6 13 7 8 7 9 8 10 9 11 10 11
m14_93 14 32 0 7 0 11 0 13 1 7 1 11 1 13 2 8 2 11 2 12 2 13 3 8 3 11 3 12 3 13 4 9 4 10 4 12 4 13 5 9 5 10 5 12 5 13 6 9 6 10 6 12 6 13 7 8 7 9 7 12 8 10 9 11 10 11
m14_94 14 31 0 7 0 11 0 13 1 7 1 11 1 13 2 8 2 11 2 12 3 8 3 11 3 12 4 9 4 10 4 12 4 13 5 9 5 10 5 12 5 13 6 9 6 10 6 12 6 13 7 8 7 9 7 12 8 10 8 13 9 11 10 11
m14_95 14 32 0 7 0 11 0 12 0 13 1 7 1 11 1 12 1 13 2 8 2 11 2 12 2 13 3 8 3 11 3 12 3 13 4 9 4 10 4 13 5 9 5 10 5 13 6 9 6 10 6 13 7 8 7 9 8 10 9 11 9 12 10 11 10 12
m14_96 14 34 0 7 0 10 0 11 0 12 0 13 1 7 1 10 1 11 1 12 1 13 2 8 2 10 2 12 2 13 3 8 3 10 3 12 3 13 4 9 4 11 4 12 4 13 5 9 5 11 5 12 5 13 6 9 6 11 6 12 6 13 7 8 7 9 8 11 9 10
m14_97 14 33 0 7 0 10 0 11 0 13 1 7 1 10 1 11 1 13 2 8 2 10 2 12 2 13 3 8 3 10 3 12 3 13 4 9 4 11 4 12 4 13 5 9 5 11 5 12 5 13 6 9 6 11 6 12 6 13 7 8 7 9 7 12 8 11 9 10
m14_98 14 33 0 7 0 10 0 11 0 12 0 13 1 7 1 10 1 11 1 12 1 13 2 8 2 10 2 13 3 8 3 10 3 13 4 9 4 11 4 12 4 13 5 9 5 11 5 12 5 13 6 9 6 11 6 12 6 13 7 8 7 9 8 11 8 12 9 10
m14_99 14 32 0 7 0 10 0 11 0 12 1 7 1 10 1 11 1 12 2 8 2 10 2 13 3 8 3 10 3 13 4 9 4 11 4 12 4 13 5 9 5 11 5 12 5 13 6 9 6 11 6 12 6 13 7 8 7 9 7 13 8 11 8 12 9 10
m14_100 14 34 0 7 0 8 0 9 0 12 0 13 1 7 1 8 1 10 1 12 1 13 2 7 2 8 2 10 2 12 2 13 3 9 3 11 3 12 3 13 4 9 4 11 4 12 4 13 5 10 5 11 5 12 5 13 6 10 6 11 6 12 6 13 7 11 8 11 9 10
m14_101 14 33 0 7 0 8 0 9 0 13 1 7 1 8 1 10 1 13 2 7 2 8 2 10 2 13 3 9 3 11 3 12 3 13 4 9 4 11 4 12 4 13 5 10 5 11 5 12 5 13 6 10 6 11 6 12 6 13 7 11 7 12 8 11 8 12 9 10
m14_102 14 32 0 7 0 8 0 9 0 13 1 7 1 8 1 10 1 11 1 13 2 7 2 8 2 10 2 11 2 13 3 9 3 12 3 13 4 9 4 12 4 13 5 10 5 11 5 12 5 13 6 10 6 11 6 12 6 13 7 12 8 12 9 10 9 11
m14_103 14 32 0 7 0 8 0 9 0 13 1 7 1 8 1 11 1 13 2 7 2 8 2 11 2 13 3 9 3 12 3 13 4 9 4 12 4 13 5 10 5 11 5 12 5 13 6 10 6 11 6 12 6 13 7 10 7 12 8 10 8 12 9 10 9 11
m14_104 14 32 0 6 0 8 0 11 0 12 1 7 1 8 1 9 1 12 2 8 2 9 2 12 2 13 3 8 3 11 3 12 3 13 4 9 4 10 4 12 4 13 5 10 5 11 5 12 5 13 6 9 6 10 6 13 7 10 7 11 7 13 8 10 9 11
m14_105 14 32 0 6 0 8 0 11 0 12 1 7 1 8 1 9 1 12 1 13 2 8 2 11 2 12 2 13 3 8 3 11 3 12 3 13 4 9 4 10 4 12 4 13 5 9 5 10 5 12 5 13 6 9 6 10 6 13 7 10 7 11 8 10 9 11
m14_106 14 32 0 6 0 8 0 11 0 12 1 7 1 8 1 9 1 12 2 8 2 11 2 12 2 13 3 8 3 11 3 12 3 13 4 9 4 10 4 12 4 13 5 9 5 10 5 12 5 13 6 9 6 10 6 13 7 10 7 11 7 13 8 10 9 11
m14_107 14 33 0 6 0 7 0 8 0 10 0 11 1 7 1 8 1 9 1 10 1 11 2 8 2 9 2 10 2 11 2 13 3 10 3 11 3 12 3 13 4 10 4 11 4 12 4 13 5 10 5 11 5 12 5 13 6 9 6 13 7 12 7 13 8 12 9 12
m14_108 14 33 0 6 0 7 0 8 0 10 1 7 1 8 1 9 1 10 1 12 2 8 2 9 2 10 2 12 2 13 3 10 3 11 3 12 3 13 4 10 4 11 4 12 4 13 5 10 5 11 5 12 5 13 6 9 6 12 6 13 7 11 7 13 8 11 9 11
m14_109 14 33 0 6 0 7 0 8 0 10 1 7 1 8 1 9 1 10 2 8 2 9 2 10 2 12 2 13 3 10 3 11 3 12 3 13 4 10 4 11 4 12 4 13 5 10 5 11 5 12 5 13 6 9 6 12 6 13 7 11 7 12 7 13 8 11 9 11
m14_110 14 30 0 6 0 7 0 8 0 11 1 7 1 8 1 9 1 11 2 8 2 9 2 10 2 11 2 12 3 11 3 12 3 13 4 11 4 12 4 13 5 11 5 12 5 13 6 9 6 10 6 12 7 10 7 12 8 13 9 13 10 13
m14_111 14 32 0 6 0 7 0 8 0 10 0 11 1 7 1 8 1 9 1 11 2 8 2 9 2 11 2 13 3 10 3 11 3 12 3 13 4 10 4 11 4 12 4 13 5 10 5 11 5 12 5 13 6 9 6 12 6 13 7 12 7 13 8 12 9 10
m14_112 14 32 0 6 0 7 0 8 0 10 0 11 1 7 1 8 1 9 1 11 2 8 2 9 2 11 2 13 3 10 3 11 3 12 3 13 4 10 4 11 4 12 4 13 5 10 5 11 5 12 5 13 6 9 6 13 7 12 7 13 8 12 9 10 9 12
m14_113 14 32 0 6 0 7 0 8 0 10 1 7 1 8 1 9 1 11 2 8 2 9 2 11 2 13 3 10 3 11 3 12 3 13 4 10 4 11 4 12 4 13 5 10 5 11 5 12 5 13 6 9 6 11 6 12 6 13 7 12 7 13 8 12 9 10
m14_114 14 31 0 6 0 7 0 9 0 12 1 7 1 9 1 12 1 13 2 8 2 9 2 10 2 13 3 8 3 9 3 10 3 13 4 11 4 12 4 13 5 11 5 12 5 13 6 10 6 11 6 13 7 10 7 11 8 11 8 12 9 11 10 12
m14_115 14 32 0 6 0 7 0 9 0 10 1 7 1 9 1 10 1 12 2 8 2 9 2 12 2 13 3 8 3 9 3 12 3 13 4 10 4 11 4 12 4 13 5 10 5 11 5 12 5 13 6 11 6 12 6 13 7 11 7 13 8 10 8 11 9 11
m14_116 14 31 0 6 0 7 0 9 0 11 1 7 1 9 1 10 1 11 2 8 2 9 2 12 3 8 3 9 3 12 4 10 4 11 4 12 4 13 5 10 5 11 5 12 5 13 6 10 6 12 6 13 7 12 7 13 8 10 8 11 8 13 9 13
m14_117 14 31 0 6 0 7 0 9 0 11 1 7 1 8 1 9 1 13 2 8 2 9 2 10 2 13 3 8 3 9 3 10 3 13 4 11 4 12 4 13 5 11 5 12 5 13 6 10 6 12 6 13 7 10 7 12 8 11 8 12 9 12 10 11
m14_118 14 33 0 6 0 7 0 8 0 9 0 11 1 7 1 8 1 9 1 10 1 11 2 8 2 9 2 10 2 11 2 13 3 8 3 9 3 10 3 11 3 13 4 11 4 12 4 13 5 11 5 12 5 13 6 10 6 13 7 12 7 13 8 12 9 12 10 12
m14_119 14 35 0 6 0 7 0 8 0 9 0 13 1 7 1 8 1 9 1 11 1 13 2 8 2 9 2 11 2 12 2 13 3 8 3 9 3 11 3 12 3 13 4 10 4 11 4 12 4 13 5 10 5 11 5 12 5 13 6 10 6 11 6 12 7 10 7 12 8 10 9 10
m14_120 14 33 0 6 0 7 0 11 0 13 1 7 1 8 1 9 1 10 1 13 2 8 2 9 2 10 2 12 2 13 3 8 3 9 3 10 3 12 3 13 4 11 4 12 4 13 5 11 5 12 5 13 6 8 6 9 6 10 6 12 7 12 8 11 9 11 10 11
m14_121 14 35 0 6 0 9 0 10 0 11 1 7 1 8 1 9 1 11 1 13 2 7 2 8 2 9 2 11 2 13 3 9 3 10 3 11 3 12 3 13 4 9 4 10 4 11 4 12 4 13 5 9 5 10 5 11 5 12 5 13 6 12 6 13 7 10 7 12 8 10 8 12
m14_122 14 33 0 6 0 8 0 10 0 11 0 12 1 7 1 8 1 9 1 10 1 11 2 7 2 8 2 9 2 10 2 11 3 10 3 11 3 12 3 13 4 10 4 11 4 12 4 13 5 10 5 11 5 12 5 13 6 9 6 13 7 12 7 13 8 13 9 12
m14_123 14 33 0 6 0 8 0 10 0 13 1 7 1 8 1 9 1 10 1 11 2 7 2 8 2 9 2 10 2 11 3 10 3 11 3 12 3 13 4 10 4 11 4 12 4 13 5 10 5 11 5 12 5 13 6 9 6 11 6 12 7 12 7 13 8 12 9 13
m14_124 14 33 0 6 0 8 0 10 0 13 1 7 1 8 1 9 1 10 2 7 2 8 2 9 2 10 3 10 3 11 3 12 3 13 4 10 4 11 4 12 4 13 5 10 5 11 5 12 5 13 6 9 6 11 6 12 7 11 7 12 7 13 8 11 8 12 9 13
m14_125 14 33 0 6 0 8 0 10 0 12 0 13 1 7 1 8 1 9 1 10 2 7 2 8 2 9 2 10 3 10 3 11 3 12 3 13 4 10 4 11 4 12 4 13 5 10 5 11 5 12 5 13 6 9 6 11 7 11 7 12 7 13 8 11 9 12 9 13
m14_126 14 33 0 6 0 8 0 11 0 13 1 7 1 8 1 9 1 11 2 7 2 8 2 9 2 11 3 10 3 11 3 12 3 13 4 10 4 11 4 12 4 13 5 10 5 11 5 12 5 13 6 9 6 12 7 10 7 12 7 13 8 10 8 12 9 10 9 13
m14_127 14 31 0 6 0 9 0 10 0 11 1 7 1 8 1 9 1 13 2 7 2 9 2 11 2 13 3 8 3 9 3 10 3 13 4 10 4 11 4 12 4 13 5 10 5 11 5 12 5 13 6 12 6 13 7 10 7 12 8 11 8 12 9 12
m14_128 14 31 0 6 0 8 0 9 0 10 1 7 1 8 1 9 1 12 2 7 2 9 2 11 2 12 3 8 3 10 3 12 3 13 4 10 4 11 4 12 4 13 5 10 5 11 5 12 5 13 6 11 6 12 6 13 7 10 7 13 8 11 9 13
m14_129 14 31 0 6 0 8 0 9 0 11 1 7 1 8 1 9 1 13 2 7 2 9 2 12 2 13 3 8 3 10 3 11 3 13 4 9 4 11 4 12 4 13 5 10 5 11 5 12 5 13 6 10 6 12 6 13 7 10 7 11 8 12 9 10
m14_130 14 33 0 6 0 8 0 9 0 10 0 11 1 7 1 8 1 9 1 13 2 7 2 8 2 9 2 13 3 8 3 9 3 10 3 11 3 13 4 10 4 11 4 12 4 13 5 10 5 11 5 12 5 13 6 12 6 13 7 10 7 11 7 12 8 12 9 12
m14_131 14 34 0 6 0 8 0 9 0 10 0 12 1 7 1 8 1 9 1 12 1 13 2 7 2 8 2 9 2 12 2 13 3 8 3 9 3 10 3 12 3 13 4 10 4 11 4 12 4 13 5 10 5 11 5 12 5 13 6 11 6 13 7 10 7 11 8 11 9 11
m14_132 14 34 0 6 0 8 0 9 0 10 1 7 1 8 1 9 1 12 1 13 2 7 2 8 2 9 2 12 2 13 3 8 3 9 3 10 3 12 3 13 4 10 4 11 4 12 4 13 5 10 5 11 5 12 5 13 6 11 6 12 6 13 7 10 7 11 8 11 9 11
m14_133 14 34 0 6 0 8 0 9 0 10 1 7 1 8 1 9 1 12 2 7 2 8 2 9 2 12 3 8 3 9 3 10 3 12 4 10 4 11 4 12 4 13 5 10 5 11 5 12 5 13 6 11 6 12 6 13 7 10 7 11 7 13 8 11 8 13 9 11 9 13
m14_134 14 33 0 6 0 8 0 9 0 11 1 7 1 8 1 9 1 13 2 7 2 8 2 9 2 13 3 8 3 9 3 10 3 11 3 13 4 10 4 11 4 12 4 13 5 10 5 11 5 12 5 13 6 10 6 12 6 13 7 10 7 11 7 12 8 12 9 12
m14_135 14 32 0 6 0 8 0 9 0 13 1 7 1 9 1 12 1 13 2 7 2 10 2 12 2 13 3 8 3 9 3 11 3 13 4 9 4 11 4 12 4 13 5 10 5 11 5 12 5 13 6 10 6 11 6 12 7 8 7 11 8 10 8 12 9 10
m14_136 14 31 0 6 0 8 0 10 0 12 1 7 1 9 1 12 1 13 2 7 2 10 2 12 2 13 3 8 3 9 3 11 3 12 4 10 4 11 4 12 4 13 5 10 5 11 5 12 5 13 6 9 6 11 6 13 7 8 7 11 8 13 9 10
m14_137 14 31 0 6 0 8 0 12 1 7 1 9 1 12 1 13 2 7 2 10 2 12 2 13 3 8 3 9 3 11 3 12 3 13 4 10 4 11 4 12 4 13 5 10 5 11 5 12 5 13 6 9 6 11 6 13 7 8 7 11 8 10 9 10
m14_138 14 31 0 6 0 8 0 12 1 7 1 9 1 12 1 13 2 7 2 10 2 12 2 13 3 8 3 9 3 11 3 12 4 10 4 11 4 12 4 13 5 10 5 11 5 12 5 13 6 9 6 11 6 13 7 8 7 11 8 10 8 13 9 10
m14_139 14 33 0 6 0 8 0 12 0 13 1 7 1 9 1 11 1 13 2 7 2 9 2 11 2 13 3 8 3 10 3 12 3 13 4 10 4 11 4 12 4 13 5 10 5 11 5 12 5 13 6 9 6 10 6 11 7 8 7 10 7 12 8 9 8 11 9 12
m14_140 14 35 0 6 0 8 0 11 0 12 0 13 1 7 1 9 1 11 1 12 1 13 2 7 2 9 2 11 2 12 2 13 3 8 3 10 3 11 3 12 3 13 4 8 4 10 4 11 4 12 4 13 5 9 5 10 5 11 5 12 5 13 6 9 6 10 7 8 7 10 8 9
m14_141 14 35 0 6 0 8 0 12 0 13 1 7 1 9 1 11 1 12 1 13 2 7 2 9 2 11 2 12 2 13 3 8 3 10 3 11 3 12 3 13 4 8 4 10 4 11 4 12 4 13 5 9 5 10 5 11 5 12 5 13 6 9 6 10 6 11 7 8 7 10 8 9
m14_142 14 35 0 6 0 8 0 13 1 7 1 9 1 11 1 12 1 13 2 7 2 9 2 11 2 12 2 13 3 8 3 10 3 11 3 12 3 13 4 8 4 10 4 11 4 12 4 13 5 9 5 10 5 11 5 12 5 13 6 9 6 10 6 11 6 12 7 8 7 10 8 9
m14_143 14 31 0 6 0 7 0 8 0 12 0 13 1 7 1 8 1 9 1 13 2 7 2 11 2 12 2 13 3 8 3 10 3 12 3 13 4 9 4 10 4 11 4 13 5 10 5 11 5 12 5 13 6 9 6 10 6 11 7 10 8 11 9 12
m14_144 14 34 0 6 0 7 0 8 0 13 1 7 1 8 1 12 1 13 2 7 2 11 2 12 2 13 3 8 3 9 3 10 3 12 3 13 4 9 4 10 4 11 4 12 4 13 5 9 5 10 5 11 5 12 5 13 6 9 6 10 6 11 6 12 7 9 7 10 8 11
m14_145 14 35 0 6 0 7 0 8 0 11 0 12 1 7 1 8 1 11 1 12 1 13 2 7 2 10 2 11 2 12 2 13 3 8 3 9 3 11 3 12 3 13 4 9 4 10 4 11 4 12 4 13 5 9 5 10 5 11 5 12 5 13 6 9 6 10 6 13 7 9 8 10
m14_146 14 35 0 6 0 7 0 8 0 11 1 7 1 8 1 11 1 12 1 13 2 7 2 10 2 11 2 12 2 13 3 8 3 9 3 11 3 12 3 13 4 9 4 10 4 11 4 12 4 13 5 9 5 10 5 11 5 12 5 13 6 9 6 10 6 12 6 13 7 9 8 10
m14_147 14 33 0 6 0 8 0 9 0 11 1 7 1 8 1 9 1 10 1 12 2 7 2 8 2 9 2 10 2 12 3 7 3 8 3 9 3 10 3 12 4 11 4 12 4 13 5 11 5 12 5 13 6 10 6 12 6 13 7 11 7 13 8 13 9 13 10 11
m14_148 14 33 0 6 0 8 0 9 0 11 0 13 1 7 1 8 1 9 1 10 1 13 2 7 2 8 2 9 2 10 2 13 3 7 3 8 3 9 3 10 3 13 4 11 4 12 4 13 5 11 5 12 5 13 6 10 6 12 7 11 7 12 8 12 9 12 10 11
m14_149 14 33 0 6 0 7 0 9 0 10 0 11 1 6 1 7 1 9 1 10 1 11 2 8 2 10 2 11 2 12 3 8 3 10 3 11 3 12 4 8 4 10 4 11 4 12 5 9 5 12 5 13 6 12 6 13 7 12 7 13 8 9 8 13 10 13 11 13
m14_150 14 33 0 6 0 7 0 8 0 9 0 13 1 6 1 8 1 9 1 10 1 13 2 7 2 12 2 13 3 8 3 9 3 10 3 11 3 13 4 8 4 9 4 10 4 11 4 13 5 11 5 12 5 13 6 11 6 12 7 10 7 11 8 12 9 12 10 12
m14_151 14 32 0 6 0 7 0 11 0 13 1 6 1 11 1 12 1 13 2 7 2 8 2 10 2 11 2 13 3 8 3 9 3 10 3 13 4 9 4 10 4 12 4 13 5 10 5 11 5 12 5 13 6 8 6 9 6 10 7 9 7 12 8 12 9 11
m14_152 14 32 0 6 0 7 0 12 0 13 1 6 1 11 1 12 1 13 2 7 2 8 2 12 2 13 3 8 3 9 3 10 3 13 4 9 4 10 4 11 4 13 5 10 5 11 5 12 5 13 6 8 6 9 6 10 7 9 7 10 7 11 8 11 9 12
m14_153 14 32 0 6 0 7 0 11 0 13 1 6 1 11 1 12 1 13 2 7 2 8 2 13 3 8 3 9 3 10 3 13 4 9 4 10 4 12 4 13 5 10 5 11 5 12 5 13 6 8 6 9 6 10 7 9 7 10 7 12 8 11 8 12 9 11
m14_154 14 35 0 6 0 7 0 8 0 12 0 13 1 6 1 7 1 8 1 12 1 13 2 7 2 11 2 12 2 13 3 8 3 9 3 10 3 12 3 13 4 9 4 10 4 11 4 12 4 13 5 9 5 10 5 11 5 12 5 13 6 9 6 10 6 11 7 9 7 10 8 11
m14_155 14 35 0 6 0 7 0 8 0 12 0 13 1 6 1 7 1 8 1 12 1 13 2 7 2 10 2 11 2 12 2 13 3 8 3 9 3 11 3 12 3 13 4 9 4 10 4 11 4 12 4 13 5 9 5 10 5 11 5 12 5 13 6 9 6 10 6 11 7 9 8 10
m14_156 14 35 0 6 0 7 0 8 0 12 0 13 1 6 1 7 1 8 1 12 1 13 2 7 2 11 2 12 2 13 3 8 3 9 3 12 3 13 4 9 4 10 4 11 4 12 4 13 5 9 5 10 5 11 5 12 5 13 6 9 6 10 6 11 7 9 7 10 8 10 8 11
m14_157 14 34 0 6 0 8 0 9 0 11 0 12 1 6 1 8 1 9 1 11 1 12 2 7 2 8 2 9 2 10 2 12 3 7 3 8 3 9 3 10 3 12 4 10 4 11 4 12 4 13 5 10 5 11 5 12 5 13 6 10 6 13 7 11 7 13 8 13 9 13
m14_158 14 34 0 6 0 8 0 9 0 11 1 6 1 8 1 9 1 11 2 7 2 8 2 9 2 10 3 7 3 8 3 9 3 10 4 10 4 11 4 12 4 13 5 10 5 11 5 12 5 13 6 10 6 12 6 13 7 11 7 12 7 13 8 12 8 13 9 12 9 13
m14_159 14 34 0 6 0 11 0 12 0 13 1 6 1 11 1 12 1 13 2 7 2 8 2 10 2 12 2 13 3 7 3 8 3 10 3 12 3 13 4 9 4 10 4 11 4 12 4 13 5 9 5 10 5 11 5 12 5 13 6 8 6 9 6 10 7 9 7 11 8 11
m14_160 14 34 0 6 0 11 0 12 0 13 1 6 1 11 1 12 1 13 2 7 2 8 2 10 2 13 3 7 3 8 3 10 3 13 4 9 4 10 4 11 4 12 4 13 5 9 5 10 5 11 5 12 5 13 6 8 6 9 6 10 7 9 7 11 7 12 8 11 8 12
m14_161 14 33 0 6 0 11 0 12 0 13 1 6 1 11 1 12 1 13 2 7 2 8 2 10 2 11 2 12 3 7 3 8 3 10 3 11 3 12 4 9 4 10 4 12 4 13 5 9 5 10 5 12 5 13 6 8 6 9 6 10 7 9 7 13 8 13 9 11
m14_162 14 33 0 6 0 11 0 12 0 13 1 6 1 11 1 12 1 13 2 7 2 8 2 10 2 11 3 7 3 8 3 10 3 11 4 9 4 10 4 12 4 13 5 9 5 10 5 12 5 13 6 8 6 9 6 10 7 9 7 12 7 13 8 12 8 13 9 11
m14_163 14 33 0 6 0 10 0 11 0 13 1 6 1 10 1 11 1 13 2 7 2 8 2 12 2 13 3 7 3 8 3 12 3 13 4 9 4 11 4 12 4 13 5 9 5 11 5 12 5 13 6 8 6 9 6 12 7 9 7 10 7 11 8 10 8 11 10 12
m14_164 14 32 0 6 0 10 0 11 0 12 1 6 1 10 1 11 1 12 2 7 2 8 2 11 2 13 3 7 3 8 3 11 3 13 4 9 4 12 4 13 5 9 5 12 5 13 6 8 6 9 6 13 7 9 7 10 7 12 8 10 8 12 9 11 10 13
m14_165 14 32 0 6 0 10 0 12 0 13 1 6 1 11 1 12 1 13 2 7 2 8 2 11 2 13 3 7 3 8 3 11 3 13 4 9 4 10 4 12 4 13 5 9 5 11 5 12 5 13 6 8 6 9 7 9 7 10 7 12 8 10 8 12 10 11
m14_166 14 35 0 6 0 10 0 11 0 12 0 13 1 6 1 10 1 11 1 12 1 13 2 7 2 8 2 11 2 12 2 13 3 7 3 8 3 11 3 12 3 13 4 9 4 10 4 11 4 12 4 13 5 9 5 10 5 11 5 12 5 13 6 8 6 9 7 9 7 10 8 10
m14_167 14 35 0 6 0 10 0 11 0 12 0 13 1 6 1 10 1 11 1 12 1 13 2 7 2 8 2 12 2 13 3 7 3 8 3 12 3 13 4 9 4 10 4 11 4 12 4 13 5 9 5 10 5 11 5 12 5 13 6 8 6 9 7 9 7 10 7 11 8 10 8 11
m14_168 14 33 0 6 0 9 0 10 0 11 0 12 1 6 1 9 1 10 1 11 1 12 2 7 2 8 2 9 2 10 2 12 3 7 3 8 3 9 3 10 3 12 4 8 4 12 4 13 5 11 5 12 5 13 6 8 6 13 7 11 7 13 8 11 9 13 10 13
m14_169 14 35 0 6 0 9 0 11 0 12 0 13 1 6 1 9 1 11 1 12 1 13 2 7 2 9 2 10 2 12 2 13 3 7 3 9 3 10 3 12 3 13 4 8 4 10 4 11 4 12 4 13 5 8 5 10 5 11 5 12 5 13 6 8 6 10 7 8 7 11 8 9
m14_170 14 36 0 6 0 7 0 8 0 11 0 12 0 13 1 6 1 9 1 11 1 12 1 13 2 7 2 8 2 10 2 11 2 12 2 13 3 7 3 8 3 10 3 11 3 12 3 13 4 9 4 10 4 11 4 12 4 13 5 9 5 10 5 11 5 12 5 13 6 10 7 9 8 9
m14_171 14 35 0 6 0 7 0 8 0 12 0 13 1 6 1 9 1 12 1 13 2 7 2 8 2 10 2 11 2 12 2 13 3 7 3 8 3 10 3 11 3 12 3 13 4 9 4 10 4 11 4 12 4 13 5 9 5 10 5 11 5 12 5 13 6 10 6 11 7 9 8 9
m14_172 14 35 0 6 0 7 0 8 0 12 0 13 1 6 1 9 1 10 1 12 1 13 2 7 2 8 2 11 2 12 2 13 3 7 3 8 3 11 3 12 3 13 4 9 4 10 4 11 4 12 4 13 5 9 5 10 5 11 5 12 5 13 6 11 7 9 7 10 8 9 8 10
m14_173 14 34 0 6 0 7 0 8 0 13 1 6 1 9 1 10 1 13 2 7 2 8 2 11 2 12 2 13 3 7 3 8 3 11 3 12 3 13 4 9 4 10 4 11 4 12 4 13 5 9 5 10 5 11 5 12 5 13 6 11 6 12 7 9 7 10 8 9 8 10
m14_175 14 36 0 6 0 7 0 8 0 9 0 12 1 6 1 7 1 12 1 13 2 6 2 7 2 12 2 13 3 8 3 9 3 10 3 11 3 12 4 8 4 9 4 10 4 11 4 12 5 8 5 9 5 10 5 11 5 12 6 10 6 11 7 10 7 11 8 13 9 13 10 13 11 13
m14_176 14 34 0 6 0 7 0 8 0 9 0 12 1 6 1 7 1 8 1 9 1 12 2 6 2 8 2 9 2 11 2 12 3 7 3 8 3 9 3 10 3 12 4 10 4 11 4 12 4 13 5 10 5 11 5 12 5 13 6 10 6 13 7 11 7 13 8 13 9 13
m14_177 14 37 0 6 0 7 0 8 0 9 0 11 0 13 1 6 1 7 1 8 1 9 1 11 1 13 2 6 2 7 2 8 2 9 2 11 2 13 3 7 3 8 3 9 3 10 3 11 3 13 4 10 4 11 4 12 4 13 5 10 5 11 5 12 5 13 6 10 6 12 7 12 8 12 9 12
m14_178 14 33 0 5 0 7 0 8 0 10 0 13 1 6 1 8 1 11 1 12 1 13 2 7 2 8 2 10 2 12 2 13 3 8 3 10 3 11 3 12 3 13 4 9 4 10 4 11 4 12 4 13 5 9 5 11 5 12 6 9 6 10 7 9 7 11 8 9
m14_179 14 29 0 5 0 7 0 9 0 11 1 6 1 9 1 12 1 13 2 7 2 9 2 11 2 13 3 8 3 11 3 12 3 13 4 8 4 11 4 12 4 13 5 10 5 12 5 13 6 10 6 11 7 10 7 12 8 9 8 10
m14_180 14 31 0 5 0 8 0 9 0 11 1 6 1 8 1 9 1 10 2 7 2 8 2 10 2 11 3 7 3 10 3 11 3 13 4 9 4 10 4 11 4 12 5 10 5 12 5 13 6 11 6 12 6 13 7 9 7 12 8 12 8 13 9 13
m14_181 14 30 0 5 0 8 0 10 0 13 1 6 1 8 1 9 1 12 2 7 2 8 2 12 2 13 3 7 3 11 3 12 3 13 4 9 4 10 4 11 4 12 5 9 5 11 5 12 6 10 6 11 6 13 7 9 7 10 8 11 9 13
m14_182 14 31 0 5 0 6 0 8 0 9 1 6 1 7 1 12 1 13 2 7 2 8 2 10 2 12 3 8 3 9 3 10 3 12 4 9 4 10 4 11 4 12 5 11 5 12 5 13 6 10 6 11 7 9 7 11 8 11 8 13 9 13 10 13
m14_183 14 31 0 5 0 6 0 8 0 9 1 6 1 7 1 10 1 12 2 7 2 8 2 11 2 12 3 8 3 9 3 11 3 12 3 13 4 9 4 10 4 11 4 12 4 13 5 10 5 11 5 12 5 13 6 11 6 13 7 9 7 13 8 10
m14_184 14 28 0 5 0 9 0 11 0 12 1 6 1 7 1 12 1 13 2 6 2 8 2 11 2 13 3 7 3 9 3 12 3 13 4 8 4 9 4 11 4 13 5 10 5 13 6 9 6 10 7 10 7 11 8 10 8 12
m14_185 14 31 0 5 0 7 0 11 0 12 0 13 1 6 1 7 1 8 1 12 2 6 2 9 2 11 2 12 3 7 3 10 3 11 3 12 3 13 4 8 4 9 4 10 4 12 5 8 5 9 5 10 6 10 6 13 7 9 8 11 8 13 9 13
m14_186 14 32 0 5 0 6 0 11 0 12 0 13 1 5 1 7 1 10 1 12 1 13 2 6 2 9 2 11 2 12 2 13 3 7 3 9 3 10 3 12 3 13 4 8 4 9 4 10 4 11 4 12 5 8 5 9 6 8 6 10 7 8 7 11 8 13
m14_187 14 31 0 4 0 6 0 8 0 10 1 5 1 7 1 8 1 9 2 6 2 8 2 10 2 11 3 7 3 8 3 9 3 11 4 9 4 11 4 12 5 10 5 11 5 12 6 9 6 12 7 10 7 12 8 13 9 13 10 13 11 13 12 13
m14_3 14 29 0 9 0 10 0 13 1 9 1 10 1 13 2 9 2 12 2 13 3 10 3 11 3 13 4 11 4 12 4 13 5 11 5 12 5 13 6 11 6 12 6 13 7 11 7 12 7 13 8 11 8 12 8 13 9 11 10 12
m14_4 14 30 0 9 0 10 0 13 1 9 1 10 1 13 2 9 2 10 2 13 3 10 3 11 3 13 4 11 4 12 4 13 5 11 5 12 5 13 6 11 6 12 6 13 7 11 7 12 7 13 8 11 8 12 8 13 9 11 9 12 10 12
m14_5 14 29 0 9 0 10 0 13 1 9 1 12 1 13 2 9 2 12 2 13 3 10 3 11 3 13 4 10 4 11 4 13 5 11 5 12 5 13 6 11 6 12 6 13 7 11 7 12 7 13 8 11 8 12 8 13 9 11 10 12
m14_6 14 29 0 9 0 10 0 13 1 9 1 10 1 13 2 9 2 11 2 13 3 10 3 12 3 13 4 10 4 12 4 13 5 11 5 12 5 13 6 11 6 12 6 13 7 11 7 12 7 13 8 11 8 12 8 13 9 12 10 11
m14_7 14 29 0 9 0 10 0 13 1 9 1 11 1 13 2 9 2 11 2 13 3 10 3 12 3 13 4 10 4 12 4 13 5 10 5 12 5 13 6 11 6 12 6 13 7 11 7 12 7 13 8 11 8 12 8 13 9 12 10 11
m14_8 14 30 0 9 0 12 0 13 1 9 1 12 1 13 2 9 2 12 2 13 3 10 3 11 3 13 4 10 4 11 4 13 5 10 5 11 5 13 6 11 6 12 6 13 7 11 7 12 7 13 8 11 8 12 8 13 9 10 9 11 10 12
m14_9 14 30 0 9 0 11 0 13 1 9 1 11 1 13 2 9 2 11 2 13 3 10 3 12 3 13 4 10 4 12 4 13 5 10 5 12 5 13 6 10 6 12 6 13 7 11 7 12 7 13 8 11 8 12 8 13 9 10 9 12 10 11
m14_16 14 29 0 9 0 10 0 13 1 9 1 10 1 13 2 9 2 10 2 13 3 9 3 12 3 13 4 10 4 11 4 13 5 11 5 12 5 13 6 11 6 12 6 13 7 11 7 12 7 13 8 11 8 12 8 13 9 11 10 12
m14_17 14 29 0 9 0 10 0 13 1 9 1 10 1 13 2 9 2 12 2 13 3 9 3 12 3 13 4 10 4 11 4 13 5 10 5 11 5 13 6 11 6 12 6 13 7 11 7 12 7 13 8 11 8 12 8 13 9 11 10 12
m14_18 14 29 0 9 0 10 0 13 1 9 1 12 1 13 2 9 2 12 2 13 3 9 3 12 3 13 4 10 4 11 4 13 5 10 5 11 5 13 6 10 6 11 6 13 7 11 7 12 7 13 8 11 8 12 8 13 9 11 10 12
m14_19 14 30 0 9 0 12 0 13 1 9 1 12 1 13 2 9 2 12 2 13 3 9 3 12 3 13 4 10 4 11 4 13 5 10 5 11 5 13 6 10 6 11 6 13 7 10 7 11 7 13 8 11 8 12 8 13 9 10 9 11 10 12
m14_24 14 31 0 8 0 9 0 10 0 12 1 8 1 9 1 10 1 12 2 10 2 12 2 13 3 10 3 12 3 13 4 11 4 12 4 13 5 11 5 12 5 13 6 11 6 12 6 13 7 11 7 12 7 13 8 11 8 13 9 11 9 13 10 11
m14_25 14 29 0 8 0 9 0 10 0 12 1 8 1 9 1 11 1 12 2 10 2 12 2 13 3 10 3 12 3 13 4 10 4 12 4 13 5 11 5 12 5 13 6 11 6 12 6 13 7 11 7 12 7 13 8 13 9 13 10 11
m14_26 14 31 0 8 0 9 0 10 0 12 1 8 1 9 1 10 1 12 2 10 2 12 2 13 3 10 3 12 3 13 4 10 4 12 4 13 5 11 5 12 5 13 6 11 6 12 6 13 7 11 7 12 7 13 8 11 8 13 9 11 9 13 10 11
m14_29 14 30 0 8 0 9 0 10 0 13 1 8 1 11 1 13 2 9 2 10 2 12 2 13 3 9 3 10 3 12 3 13 4 11 4 12 4 13 5 11 5 12 5 13 6 11 6 12 6 13 7 11 7 12 7 13 8 12 9 11 10 11
m14_30 14 27 0 8 0 9 0 12 1 8 1 10 1 11 2 9 2 10 2 13 3 9 3 10 3 13 4 11 4 12 4 13 5 11 5 12 5 13 6 11 6 12 6 13 7 11 7 12 7 13 8 13 9 11 10 12
m14_31 14 29 0 8 0 9 0 13 1 8 1 12 1 13 2 9 2 10 2 13 3 9 3 10 3 13 4 10 4 11 4 13 5 11 5 12 5 13 6 11 6 12 6 13 7 11 7 12 7 13 8 10 8 11 9 11 9 12 10 12
m14_32 14 29 0 8 0 9 0 13 1 8 1 10 1 13 2 9 2 12 2 13 3 9 3 12 3 13 4 10 4 11 4 13 5 10 5 11 5 13 6 11 6 12 6 13 7 11 7 12 7 13 8 11 8 12 9 10 9 11 10 12
m14_33 14 34 0 8 0 9 0 12 0 13 1 8 1 10 1 12 1 13 2 9 2 11 2 12 2 13 3 9 3 11 3 12 3 13 4 10 4 11 4 12 4 13 5 10 5 11 5 12 5 13 6 10 6 11 6 12 6 13 7 10 7 11 7 12 7 13 8 11 9 10
m14_34 14 33 0 8 0 9 0 13 1 8 1 10 1 13 2 9 2 11 2 12 2 13 3 9 3 11 3 12 3 13 4 10 4 11 4 12 4 13 5 10 5 11 5 12 5 13 6 10 6 11 6 12 6 13 7 10 7 11 7 12 7 13 8 11 8 12 9 10
m14_35 14 32 0 8 0 9 0 13 1 8 1 10 1 11 1 13 2 9 2 12 2 13 3 9 3 12 3 13 4 10 4 11 4 12 4 13 5 10 5 11 5 12 5 13 6 10 6 11 6 12 6 13 7 10 7 11 7 12 7 13 8 12 9 10 9 11
m14_36 14 32 0 8 0 9 0 13 1 8 1 11 1 13 2 9 2 12 2 13 3 9 3 12 3 13 4 10 4 11 4 12 4 13 5 10 5 11 5 12 5 13 6 10 6 11 6 12 6 13 7 10 7 11 7 12 7 13 8 10 8 12 9 10 9 11
m14_37 14 31 0 7 0 8 0 9 0 12 1 8 1 9 1 10 1 12 2 9 2 10 2 12 2 13 3 9 3 10 3 12 3 13 4 11 4 12 4 13 5 11 5 12 5 13 6 11 6 12 6 13 7 10 7 13 8 11 8 13 9 11 10 11
m14_38 14 30 0 7 0 8 0 9 0 12 1 8 1 9 1 12 1 13 2 9 2 10 2 13 3 9 3 10 3 13 4 11 4 12 4 13 5 11 5 12 5 13 6 11 6 12 6 13 7 10 7 11 7 13 8 10 8 11 9 11 10 12
m14_39 14 34 0 7 0 8 0 9 0 12 1 8 1 9 1 12 1 13 2 9 2 11 2 12 2 13 3 9 3 11 3 12 3 13 4 10 4 11 4 12 4 13 5 10 5 11 5 12 5 13 6 10 6 11 6 12 6 13 7 10 7 11 7 13 8 10 8 11 9 10
m14_40 14 33 0 7 0 8 0 10 0 11 0 12 1 8 1 9 1 11 1 12 2 9 2 11 2 12 2 13 3 10 3 11 3 12 3 13 4 10 4 11 4 12 4 13 5 10 5 11 5 12 5 13 6 10 6 11 6 12 6 13 7 9 7 13 8 13 9 10
m14_41 14 33 0 7 0 8 0 10 0 11 1 8 1 9 1 11 1 12 2 9 2 11 2 12 2 13 3 10 3 11 3 12 3 13 4 10 4 11 4 12 4 13 5 10 5 11 5 12 5 13 6 10 6 11 6 12 6 13 7 9 7 12 7 13 8 13 9 10
m14_42 14 33 0 7 0 8 0 10 0 11 1 8 1 9 1 11 2 9 2 11 2 12 2 13 3 10 3 11 3 12 3 13 4 10 4 11 4 12 4 13 5 10 5 11 5 12 5 13 6 10 6 11 6 12 6 13 7 9 7 12 7 13 8 12 8 13 9 10
m14_43 14 32 0 7 0 8 0 10 0 11 0 12 1 8 1 9 1 12 2 9 2 12 2 13 3 10 3 11 3 12 3 13 4 10 4 11 4 12 4 13 5 10 5 11 5 12 5 13 6 10 6 11 6 12 6 13 7 9 7 13 8 13 9 10 9 11
m14_44 14 32 0 7 0 8 0 10 0 12 1 8 1 9 1 12 2 9 2 12 2 13 3 10 3 11 3 12 3 13 4 10 4 11 4 12 4 13 5 10 5 11 5 12 5 13 6 10 6 11 6 12 6 13 7 9 7 13 8 11 8 13 9 10 9 11
m14_45 14 31 0 7 0 8 0 12 0 13 1 8 1 9 1 10 1 13 2 8 2 9 2 10 2 13 3 9 3 10 3 11 3 13 4 11 4 12 4 13 5 11 5 12 5 13 6 11 6 12 6 13 7 9 7 10 7 11 8 11 9 12 10 12
m14_46 14 31 0 7 0 8 0 13 1 8 1 9 1 10 1 13 2 8 2 9 2 10 2 13 3 9 3 10 3 12 3 13 4 11 4 12 4 13 5 11 5 12 5 13 6 11 6 12 6 13 7 9 7 10 7 12 8 11 8 12 9 11 10 11
m14_47 14 30 0 7 0 8 0 9 0 12 1 7 1 9 1 11 1 12 2 8 2 9 2 10 2 12 3 10 3 12 3 13 4 10 4 12 4 13 5 11 5 12 5 13 6 11 6 12 6 13 7 10 7 13 8 11 8 13 9 13 10 11
m14_48 14 33 0 7 0 8 0 9 0 12 1 7 1 9 1 11 1 12 2 8 2 9 2 10 2 12 3 10 3 11 3 12 3 13 4 10 4 11 4 12 4 13 5 10 5 11 5 12 5 13 6 10 6 11 6 12 6 13 7 10 7 13 8 11 8 13 9 13
m14_49 14 31 0 7 0 10 0 12 0 13 1 7 1 10 1 12 1 13 2 8 2 9 2 10 2 13 3 8 3 9 3 10 3 13 4 9 4 11 4 13 5 11 5 12 5 13 6 11 6 12 6 13 7 9 7 11 8 11 8 12 9 12 10 11
m14_50 14 31 0 7 0 12 0 13 1 7 1 12 1 13 2 8 2 9 2 10 2 13 3 8 3 9 3 10 3 13 4 9 4 10 4 11 4 13 5 11 5 12 5 13 6 11 6 12 6 13 7 9 7 10 7 11 8 11 8 12 9 12 10 12
m14_51 14 31 0 7 0 12 0 13 1 7 1 12 1 13 2 8 2 9 2 13 3 8 3 9 3 13 4 9 4 10 4 11 4 13 5 10 5 11 5 12 5 13 6 10 6 11 6 12 6 13 7 9 7 10 7 11 8 10 8 11 8 12 9 12
m14_52 14 33 0 7 0 11 0 12 0 13 1 7 1 11 1 12 1 13 2 8 2 9 2 12 2 13 3 8 3 9 3 12 3 13 4 9 4 10 4 12 4 13 5 10 5 11 5 12 5 13 6 10 6 11 6 12 6 13 7 9 7 10 8 10 8 11 9 11
m14_53 14 32 0 7 0 11 0 13 1 7 1 11 1 13 2 8 2 9 2 12 2 13 3 8 3 9 3 12 3 13 4 9 4 10 4 12 4 13 5 10 5 11 5 12 5 13 6 10 6 11 6 12 6 13 7 9 7 10 7 12 8 10 8 11 9 11
m14_54 14 32 0 7 0 11 0 12 0 13 1 7 1 11 1 12 1 13 2 8 2 9 2 13 3 8 3 9 3 13 4 9 4 10 4 12 4 13 5 10 5 11 5 12 5 13 6 10 6 11 6 12 6 13 7 9 7 10 8 10 8 11 8 12 9 11
m14_55 14 32 0 7 0 11 0 12 0 13 1 7 1 11 1 12 1 13 2 8 2 9 2 13 3 8 3 9 3 13 4 9 4 10 4 13 5 10 5 11 5 12 5 13 6 10 6 11 6 12 6 13 7 9 7 10 8 10 8 11 8 12 9 11 9 12
m14_56 14 32 0 7 0 8 0 9 0 13 1 7 1 9 1 10 1 13 2 8 2 9 2 12 2 13 3 8 3 11 3 12 3 13 4 10 4 11 4 12 4 13 5 10 5 11 5 12 5 13 6 10 6 11 6 12 6 13 7 11 7 12 8 10 9 11
m14_57 14 31 0 7 0 8 0 10 0 13 1 7 1 9 1 10 1 13 2 8 2 10 2 11 2 13 3 8 3 10 3 11 3 13 4 9 4 12 4 13 5 9 5 12 5 13 6 11 6 12 6 13 7 11 7 12 8 9 8 12 9 11 10 12
m14_58 14 32 0 7 0 8 0 11 0 13 1 7 1 9 1 10 1 13 2 8 2 11 2 12 2 13 3 8 3 11 3 12 3 13 4 9 4 10 4 12 4 13 5 9 5 10 5 12 5 13 6 10 6 11 6 12 6 13 7 12 8 9 8 10 9 11
m14_59 14 32 0 7 0 8 0 11 0 13 1 7 1 9 1 13 2 8 2 11 2 12 2 13 3 8 3 11 3 12 3 13 4 9 4 10 4 12 4 13 5 9 5 10 5 12 5 13 6 10 6 11 6 12 6 13 7 10 7 12 8 9 8 10 9 11
m14_60 14 33 0 7 0 8 0 12 0 13 1 7 1 9 1 12 1 13 2 8 2 11 2 12 2 13 3 8 3 11 3 12 3 13 4 9 4 10 4 12 4 13 5 9 5 10 5 12 5 13 6 10 6 11 6 12 6 13 7 10 7 11 8 9 8 10 9 11
m14_61 14 32 0 7 0 8 0 13 1 7 1 9 1 13 2 8 2 11 2 12 2 13 3 8 3 11 3 12 3 13 4 9 4 10 4 12 4 13 5 9 5 10 5 12 5 13 6 10 6 11 6 12 6 13 7 10 7 11 7 12 8 9 8 10 9 11
m14_62 14 31 0 7 0 12 0 13 1 7 1 12 1 13 2 8 2 9 2 10 2 13 3 8 3 9 3 10 3 13 4 8 4 9 4 10 4 13 5 11 5 12 5 13 6 11 6 12 6 13 7 10 7 11 8 11 8 12 9 11 9 12 10 12
m14_63 14 31 0 7 0 11 0 13 1 7 1 11 1 13 2 8 2 9 2 12 2 13 3 8 3 9 3 12 3 13 4 8 4 9 4 12 4 13 5 10 5 11 5 13 6 10 6 12 6 13 7 10 7 12 8 10 8 11 9 10 9 11 11 12
m14_64 14 32 0 7 0 11 0 13 1 7 1 11 1 13 2 8 2 9 2 12 2 13 3 8 3 9 3 12 3 13 4 8 4 9 4 12 4 13 5 10 5 11 5 12 5 13 6 10 6 11 6 12 6 13 7 10 7 12 8 10 8 11 9 10 9 11
m14_65 14 31 0 7 0 11 0 13 1 7 1 11 1 13 2 8 2 9 2 12 2 13 3 8 3 9 3 12 3 13 4 8 4 9 4 12 4 13 5 10 5 11 5 12 6 10 6 11 6 12 7 10 7 12 8 10 8 11 9 10 9 11 10 13
m14_66 14 33 0 7 0 9 0 10 0 13 1 7 1 11 1 13 2 8 2 9 2 10 2 12 2 13 3 8 3 9 3 10 3 12 3 13 4 8 4 9 4 10 4 12 4 13 5 11 5 12 5 13 6 11 6 12 6 13 7 8 7 12 8 11 9 11 10 11
m14_67 14 31 0 7 0 8 0 9 0 13 1 7 1 8 1 12 1 13 2 7 2 9 2 11 2 13 3 8 3 9 3 10 3 13 4 10 4 11 4 12 4 13 5 10 5 11 5 12 5 13 6 10 6 11 6 12 6 13 7 10 8 11 9 12
m14_68 14 38 0 7 0 10 0 11 0 12 0 13 1 7 1 10 1 11 1 12 1 13 2 7 2 10 2 11 2 12 2 13 3 8 3 9 3 11 3 12 3 13 4 8 4 9 4 11 4 12 4 13 5 8 5 9 5 11 5 12 5 13 6 9 6 10 6 11 6 12 6 13 7 8 7 9 8 10
m14_69 14 33 0 6 0 8 0 11 0 13 1 7 1 8 1 11 1 12 2 8 2 11 2 12 2 13 3 9 3 10 3 12 3 13 4 10 4 11 4 12 4 13 5 10 5 11 5 12 5 13 6 9 6 10 6 12 7 9 7 10 7 13 8 9 8 10 9 11
m14_70 14 30 0 6 0 9 0 11 0 12 1 7 1 9 1 10 1 12 2 8 2 12 2 13 3 8 3 12 3 13 4 10 4 11 4 12 4 13 5 10 5 11 5 12 5 13 6 10 6 13 7 11 7 13 8 9 8 10 8 11 9 13
m14_71 14 31 0 6 0 9 0 12 1 7 1 9 1 11 2 8 2 11 2 12 2 13 3 8 3 11 3 12 3 13 4 10 4 11 4 12 4 13 5 10 5 11 5 12 5 13 6 10 6 11 6 13 7 10 7 12 7 13 8 9 8 10 9 13
m14_72 14 33 0 6 0 8 0 12 0 13 1 7 1 9 1 11 1 13 2 8 2 11 2 12 2 13 3 8 3 11 3 12 3 13 4 9 4 10 4 11 4 12 4 13 5 9 5 10 5 11 5 12 5 13 6 9 6 10 6 11 7 10 7 12 8 9 8 10
m14_73 14 33 0 6 0 8 0 9 0 10 0 12 1 7 1 8 1 9 1 10 1 11 2 8 2 9 2 10 2 11 2 12 3 8 3 9 3 10 3 11 3 12 4 11 4 12 4 13 5 11 5 12 5 13 6 11 6 13 7 12 7 13 8 13 9 13 10 13
m14_74 14 34 0 6 0 8 0 9 0 10 0 12 1 7 1 8 1 9 1 10 1 11 2 8 2 9 2 10 2 11 2 12 3 8 3 9 3 10 3 11 3 12 4 10 4 11 4 12 4 13 5 10 5 11 5 12 5 13 6 11 6 13 7 12 7 13 8 13 9 13
m14_75 14 34 0 6 0 8 0 9 0 12 1 7 1 8 1 9 1 10 1 11 2 8 2 9 2 10 2 11 2 12 3 8 3 9 3 10 3 11 3 12 4 10 4 11 4 12 4 13 5 10 5 11 5 12 5 13 6 10 6 11 6 13 7 12 7 13 8 13 9 13
m14_76 14 34 0 6 0 8 0 9 0 11 1 7 1 8 1 9 1 10 2 8 2 9 2 10 2 11 2 13 3 8 3 9 3 10 3 11 3 13 4 10 4 11 4 12 4 13 5 10 5 11 5 12 5 13 6 10 6 12 6 13 7 11 7 12 7 13 8 12 9 12
m14_77 14 34 0 6 0 8 0 9 0 11 1 7 1 8 1 9 1 10 2 8 2 9 2 10 2 11 3 8 3 9 3 10 3 11 4 10 4 11 4 12 4 13 5 10 5 11 5 12 5 13 6 10 6 12 6 13 7 11 7 12 7 13 8 12 8 13 9 12 9 13
m14_78 14 31 0 6 0 7 0 12 0 13 1 7 1 8 1 9 1 13 2 8 2 9 2 10 2 13 3 8 3 9 3 10 3 13 4 11 4 12 4 13 5 11 5 12 5 13 6 9 6 10 6 11 7 10 7 11 8 11 8 12 9 12 10 12
m14_79 14 39 0 6 0 7 0 8 0 9 0 10 0 13 1 7 1 8 1 9 1 10 1 12 1 13 2 8 2 9 2 10 2 11 2 12 2 13 3 8 3 9 3 10 3 11 3 12 3 13 4 8 4 9 4 10 4 11 4 12 4 13 5 8 5 9 5 10 5 11 5 12 5 13 6 11 6 12 7 11
m14_80 14 33 0 6 0 9 0 10 0 12 1 7 1 8 1 9 1 10 1 11 2 7 2 8 2 9 2 10 2 11 3 9 3 10 3 11 3 12 4 9 4 10 4 11 4 12 5 11 5 12 5 13 6 11 6 13 7 12 7 13 8 12 8 13 9 13 10 13
m14_81 14 32 0 6 0 8 0 9 0 12 1 7 1 11 1 12 1 13 2 7 2 11 2 12 2 13 3 8 3 10 3 11 3 12 4 9 4 10 4 12 4 13 5 9 5 10 5 12 5 13 6 10 6 11 6 13 7 8 7 9 7 10 8 13 9 11
m14_82 14 32 0 6 0 8 0 10 0 11 1 7 1 11 1 12 1 13 2 7 2 11 2 12 2 13 3 8 3 10 3 11 3 12 4 9 4 10 4 12 4 13 5 9 5 10 5 12 5 13 6 9 6 12 6 13 7 8 7 9 7 10 8 13 9 11
m14_83 14 32 0 6 0 8 0 11 0 13 1 7 1 11 1 12 1 13 2 7 2 11 2 12 2 13 3 8 3 11 3 12 3 13 4 9 4 10 4 12 4 13 5 9 5 10 5 12 5 13 6 9 6 10 6 12 7 8 7 9 8 10 9 11 10 11
m14_84 14 33 0 6 0 8 0 10 0 11 1 7 1 10 1 11 1 12 1 13 2 7 2 10 2 11 2 12 2 13 3 8 3 10 3 11 3 13 4 9 4 11 4 12 4 13 5 9 5 11 5 12 5 13 6 9 6 12 6 13 7 8 7 9 8 12 9 10
m14_85 14 32 0 6 0 8 0 10 0 12 1 7 1 10 1 12 1 13 2 7 2 10 2 12 2 13 3 8 3 10 3 11 3 12 4 9 4 11 4 12 4 13 5 9 5 11 5 12 5 13 6 9 6 11 6 13 7 8 7 9 7 11 8 13 9 10
m14_86 14 31 0 6 0 8 0 10 0 11 1 7 1 10 1 13 2 7 2 10 2 13 3 8 3 10 3 11 3 12 3 13 4 9 4 11 4 12 4 13 5 9 5 11 5 12 5 13 6 9 6 12 6 13 7 8 7 11 7 12 8 9 9 10
m14_87 14 31 0 6 0 8 0 10 0 11 1 7 1 10 1 13 2 7 2 10 2 13 3 8 3 10 3 11 3 12 4 9 4 11 4 12 4 13 5 9 5 11 5 12 5 13 6 9 6 12 6 13 7 8 7 11 7 12 8 9 8 13 9 10
m14_88 14 32 0 6 0 8 0 10 0 13 1 7 1 10 1 12 1 13 2 7 2 10 2 12 2 13 3 8 3 10 3 11 3 12 3 13 4 9 4 11 4 12 4 13 5 9 5 11 5 12 5 13 6 9 6 11 6 12 7 8 7 11 8 9 9 10
m14_89 14 32 0 6 0 8 0 10 0 13 1 7 1 10 1 12 1 13 2 7 2 10 2 12 2 13 3 8 3 10 3 11 3 13 4 9 4 11 4 12 4 13 5 9 5 11 5 12 5 13 6 9 6 11 6 12 7 8 7 11 8 9 8 12 9 10
m14_90 14 32 0 6 0 8 0 11 0 12 1 7 1 10 1 12 1 13 2 7 2 10 2 12 2 13 3 8 3 9 3 11 3 13 4 8 4 11 4 12 4 13 5 9 5 10 5 11 5 13 6 9 6 10 6 13 7 8 7 9 7 11 8 10 9 12
m14_91 14 33 0 6 0 8 0 11 0 12 1 7 1 10 1 11 1 12 1 13 2 7 2 10 2 11 2 12 2 13 3 8 3 9 3 12 3 13 4 8 4 11 4 12 4 13 5 9 5 10 5 12 5 13 6 9 6 10 6 13 7 8 7 9 8 10 9 11
m14_92 14 37 0 6 0 7 0 8 0 12 0 13 1 7 1 8 1 11 1 12 1 13 2 7 2 8 2 11 2 12 2 13 3 9 3 10 3 11 3 12 3 13 4 9 4 10 4 11 4 12 4 13 5 9 5 10 5 11 5 12 5 13 6 9 6 10 6 11 7 9 7 10 8 9 8 10
m14_93 14 37 0 6 0 7 0 8 0 13 1 7 1 8 1 11 1 12 1 13 2 7 2 8 2 11 2 12 2 13 3 9 3 10 3 11 3 12 3 13 4 9 4 10 4 11 4 12 4 13 5 9 5 10 5 11 5 12 5 13 6 9 6 10 6 11 6 12 7 9 7 10 8 9 8 10
m14_94 14 33 0 6 0 7 0 8 0 12 1 7 1 8 1 9 1 10 1 12 2 7 2 8 2 9 2 10 2 12 3 8 3 9 3 10 3 11 3 12 4 11 4 12 4 13 5 11 5 12 5 13 6 9 6 10 6 11 7 11 7 13 8 13 9 13 10 13
m14_95 14 34 0 6 0 7 0 8 0 12 0 13 1 7 1 11 1 12 1 13 2 7 2 11 2 12 2 13 3 8 3 9 3 10 3 12 3 13 4 8 4 9 4 10 4 12 4 13 5 9 5 10 5 11 5 12 5 13 6 9 6 10 6 11 7 9 7 10 8 11
m14_96 14 34 0 6 0 7 0 8 0 13 1 7 1 11 1 12 1 13 2 7 2 11 2 12 2 13 3 8 3 9 3 10 3 12 3 13 4 8 4 9 4 10 4 12 4 13 5 9 5 10 5 11 5 12 5 13 6 9 6 10 6 11 6 12 7 9 7 10 8 11
m14_97 14 35 0 6 0 7 0 8 0 11 0 12 1 7 1 10 1 11 1 12 1 13 2 7 2 10 2 11 2 12 2 13 3 8 3 9 3 11 3 12 3 13 4 8 4 9 4 11 4 12 4 13 5 9 5 10 5 11 5 12 5 13 6 9 6 10 6 13 7 9 8 10
m14_98 14 35 0 6 0 7 0 8 0 11 1 7 1 10 1 11 1 12 1 13 2 7 2 10 2 11 2 12 2 13 3 8 3 9 3 11 3 12 3 13 4 8 4 9 4 11 4 12 4 13 5 9 5 10 5 11 5 12 5 13 6 9 6 10 6 12 6 13 7 9 8 10
m14_99 14 35 0 6 0 7 0 8 0 12 1 7 1 8 1 9 1 10 1 12 1 13 2 7 2 8 2 9 2 10 2 12 2 13 3 7 3 8 3 9 3 10 3 12 3 13 4 11 4 12 4 13 5 11 5 12 5 13 6 9 6 10 6 13 7 11 8 11 9 11 10 11
m14_100 14 32 0 6 0 7 0 9 0 10 0 12 1 6 1 7 1 9 1 10 1 12 2 8 2 10 2 12 2 13 3 8 3 10 3 12 3 13 4 9 4 11 4 12 5 11 5 12 5 13 6 11 6 13 7 11 7 13 8 9 8 11 9 13 10 11
m14_101 14 32 0 6 0 7 0 9 0 10 0 12 1 6 1 7 1 9 1 10 1 12 2 8 2 12 2 13 3 8 3 12 3 13 4 9 4 10 4 11 4 12 5 10 5 11 5 12 5 13 6 11 6 13 7 11 7 13 8 9 8 10 8 11 9 13
m14_102 14 33 0 6 0 7 0 9 0 11 0 12 1 6 1 7 1 9 1 11 1 12 2 8 2 11 2 12 2 13 3 8 3 11 3 12 3 13 4 9 4 10 4 11 4 12 5 10 5 11 5 12 5 13 6 10 6 13 7 10 7 13 8 9 8 10 9 13
m14_103 14 33 0 6 0 7 0 9 0 11 1 6 1 7 1 9 1 11 2 8 2 11 2 12 2 13 3 8 3 11 3 12 3 13 4 9 4 10 4 11 4 12 5 10 5 11 5 12 5 13 6 10 6 12 6 13 7 10 7 12 7 13 8 9 8 10 9 13
m14_104 14 32 0 6 0 7 0 9 0 13 1 6 1 7 1 9 1 13 2 8 2 12 2 13 3 8 3 12 3 13 4 9 4 10 4 11 4 13 5 10 5 11 5 12 5 13 6 10 6 11 6 12 7 10 7 11 7 12 8 9 8 10 8 11 9 12
m14_105 14 33 0 6 0 7 0 9 0 10 0 11 1 6 1 7 1 9 1 10 1 11 2 8 2 10 2 11 2 12 3 8 3 10 3 11 3 12 4 9 4 10 4 11 4 12 5 9 5 12 5 13 6 12 6 13 7 12 7 13 8 9 8 13 10 13 11 13
m14_106 14 34 0 6 0 7 0 9 0 11 0 13 1 6 1 7 1 9 1 11 1 13 2 8 2 11 2 12 2 13 3 8 3 11 3 12 3 13 4 9 4 10 4 11 4 12 4 13 5 9 5 10 5 11 5 12 5 13 6 10 6 12 7 10 7 12 8 9 8 10
m14_107 14 33 0 6 0 7 0 9 0 11 0 12 1 6 1 7 1 9 1 11 1 12 2 8 2 12 2 13 3 8 3 12 3 13 4 9 4 10 4 11 4 12 4 13 5 9 5 10 5 11 5 12 5 13 6 10 6 13 7 10 7 13 8 9 8 10 8 11
m14_108 14 33 0 6 0 7 0 9 0 11 0 12 1 6 1 7 1 9 1 11 1 12 2 8 2 12 2 13 3 8 3 12 3 13 4 9 4 10 4 11 4 12 5 9 5 10 5 11 5 12 6 10 6 13 7 10 7 13 8 9 8 10 8 11 9 13 11 13
m14_110 14 33 0 6 0 7 0 11 0 12 0 13 1 6 1 8 1 10 1 12 1 13 2 7 2 8 2 9 2 12 2 13 3 9 3 10 3 11 3 12 3 13 4 9 4 10 4 11 4 12 4 13 5 9 5 10 5 11 5 12 5 13 6 9 7 10 8 11
m14_111 14 33 0 6 0 7 0 11 0 12 1 6 1 8 1 10 1 12 2 7 2 8 2 9 2 12 3 9 3 10 3 11 3 12 3 13 4 9 4 10 4 11 4 12 4 13 5 9 5 10 5 11 5 12 5 13 6 9 6 13 7 10 7 13 8 11 8 13
m14_112 14 32 0 6 0 7 0 11 0 13 1 6 1 8 1 10 1 13 2 7 2 8 2 9 2 12 2 13 3 9 3 10 3 11 3 12 3 13 4 9 4 10 4 11 4 12 4 13 5 9 5 10 5 11 5 12 5 13 6 9 6 12 7 10 8 11
m14_113 14 31 0 6 0 7 0 11 1 6 1 8 1 10 2 7 2 8 2 9 2 12 2 13 3 9 3 10 3 11 3 12 3 13 4 9 4 10 4 11 4 12 4 13 5 9 5 10 5 11 5 12 5 13 6 9 6 12 6 13 7 10 8 11
m14_114 14 36 0 6 0 7 0 12 0 13 1 6 1 11 1 12 1 13 2 7 2 8 2 9 2 10 2 12 2 13 3 8 3 9 3 10 3 11 3 12 3 13 4 8 4 9 4 10 4 11 4 12 4 13 5 8 5 9 5 10 5 11 5 12 5 13 6 8 6 9 6 10 7 11
m14_115 14 37 0 6 0 7 0 11 0 12 0 13 1 6 1 10 1 11 1 12 1 13 2 7 2 8 2 9 2 11 2 12 2 13 3 8 3 9 3 10 3 11 3 12 3 13 4 8 4 9 4 10 4 11 4 12 4 13 5 8 5 9 5 10 5 11 5 12 5 13 6 8 6 9 7 10
m14_116 14 36 0 6 0 7 0 12 0 13 1 6 1 10 1 11 1 12 1 13 2 7 2 8 2 9 2 12 2 13 3 8 3 9 3 10 3 11 3 12 3 13 4 8 4 9 4 10 4 11 4 12 4 13 5 8 5 9 5 10 5 11 5 12 5 13 6 8 6 9 7 10 7 11
m14_117 14 33 0 6 0 7 0 8 0 11 0 12 1 6 1 7 1 8 1 11 1 12 2 7 2 8 2 9 2 10 2 12 3 9 3 10 3 12 3 13 4 10 4 11 4 12 4 13 5 10 5 11 5 12 5 13 6 9 6 10 6 13 7 13 8 13 9 11
m14_118 14 34 0 6 0 7 0 8 0 10 0 11 0 13 1 6 1 7 1 8 1 10 1 11 1 13 2 7 2 8 2 9 2 11 2 13 3 9 3 11 3 12 3 13 4 10 4 11 4 12 4 13 5 10 5 11 5 12 5 13 6 9 6 12 7 12 8 12 9 10
m14_119 14 34 0 6 0 7 0 8 0 10 0 11 1 6 1 7 1 8 1 10 1 11 2 7 2 8 2 9 2 11 3 9 3 11 3 12 3 13 4 10 4 11 4 12 4 13 5 10 5 11 5 12 5 13 6 9 6 12 6 13 7 12 7 13 8 12 8 13 9 10
m14_120 14 33 0 6 0 7 0 8 0 10 0 12 1 6 1 7 1 8 1 10 1 12 2 7 2 8 2 9 2 12 3 9 3 12 3 13 4 10 4 11 4 12 4 13 5 10 5 11 5 12 5 13 6 9 6 13 7 11 7 13 8 11 8 13 9 10 9 11
m14_121 14 39 0 6 0 7 0 10 0 11 0 12 0 13 1 6 1 7 1 10 1 11 1 12 1 13 2 7 2 8 2 10 2 11 2 12 2 13 3 8 3 9 3 10 3 11 3 12 3 13 4 8 4 9 4 10 4 11 4 12 4 13 5 8 5 9 5 10 5 11 5 12 5 13 6 8 6 9 7 9
m14_122 14 38 0 6 0 7 0 11 0 12 0 13 1 6 1 7 1 11 1 12 1 13 2 7 2 8 2 10 2 11 2 12 2 13 3 8 3 9 3 10 3 11 3 12 3 13 4 8 4 9 4 10 4 11 4 12 4 13 5 8 5 9 5 10 5 11 5 12 5 13 6 8 6 9 6 10 7 9
m14_123 14 35 0 6 0 10 0 11 0 12 0 13 1 6 1 10 1 11 1 12 1 13 2 7 2 9 2 11 2 12 2 13 3 7 3 9 3 11 3 12 3 13 4 8 4 9 4 11 4 12 4 13 5 8 5 10 5 11 5 12 5 13 6 8 6 9 7 8 7 10 9 10
m14_124 14 34 0 6 0 10 0 12 0 13 1 6 1 10 1 12 1 13 2 7 2 9 2 11 2 12 2 13 3 7 3 9 3 11 3 12 3 13 4 8 4 9 4 11 4 12 4 13 5 8 5 10 5 11 5 12 5 13 6 8 6 9 6 11 7 8 7 10 9 10
m14_125 14 33 0 6 0 10 0 12 0 13 1 6 1 10 1 12 1 13 2 7 2 9 2 11 2 13 3 7 3 9 3 11 3 13 4 8 4 9 4 11 4 12 4 13 5 8 5 10 5 11 5 12 5 13 6 8 6 9 6 11 7 8 7 10 7 12 9 10
m14_126 14 33 0 6 0 10 0 12 0 13 1 6 1 10 1 12 1 13 2 7 2 9 2 11 2 12 2 13 3 7 3 9 3 11 3 12 3 13 4 8 4 9 4 11 4 13 5 8 5 10 5 11 5 13 6 8 6 9 6 11 7 8 7 10 8 12 9 10
m14_127 14 34 0 6 0 10 0 11 0 12 0 13 1 6 1 10 1 11 1 12 1 13 2 7 2 9 2 11 2 12 2 13 3 7 3 9 3 11 3 12 3 13 4 8 4 9 4 12 4 13 5 8 5 10 5 12 5 13 6 8 6 9 7 8 7 10 8 11 9 10
m14_128 14 34 0 6 0 7 0 8 0 12 0 13 1 6 1 8 1 9 1 12 1 13 2 7 2 8 2 11 2 12 2 13 3 7 3 10 3 11 3 12 3 13 4 9 4 10 4 11 4 12 4 13 5 9 5 10 5 11 5 12 5 13 6 10 6 11 7 9 8 10
m14_129 14 33 0 6 0 7 0 8 0 13 1 6 1 8 1 9 1 13 2 7 2 8 2 11 2 12 2 13 3 7 3 10 3 11 3 12 3 13 4 9 4 10 4 11 4 12 4 13 5 9 5 10 5 11 5 12 5 13 6 10 6 11 6 12 7 9 8 10
m14_130 14 33 0 6 0 7 0 8 0 13 1 6 1 8 1 9 1 13 2 7 2 8 2 12 2 13 3 7 3 10 3 11 3 12 3 13 4 9 4 10 4 11 4 12 4 13 5 9 5 10 5 11 5 12 5 13 6 10 6 11 6 12 7 9 8 10 8 11
m14_131 14 33 0 6 0 7 0 8 0 13 1 6 1 8 1 9 1 13 2 7 2 8 2 12 2 13 3 7 3 11 3 12 3 13 4 9 4 10 4 11 4 12 4 13 5 9 5 10 5 11 5 12 5 13 6 10 6 11 6 12 7 9 7 10 8 10 8 11
m14_132 14 29 0 6 0 7 0 8 0 13 1 6 1 10 1 11 1 13 2 7 2 9 2 11 2 12 3 7 3 11 3 12 3 13 4 8 4 9 4 10 4 12 5 8 5 10 5 12 5 13 6 9 6 12 7 10 8 11 9 13
m14_133 14 37 0 6 0 7 0 8 0 9 0 12 0 13 1 6 1 7 1 8 1 9 1 12 1 13 2 7 2 8 2 9 2 10 2 12 2 13 3 7 3 8 3 9 3 10 3 12 3 13 4 10 4 11 4 12 4 13 5 10 5 11 5 12 5 13 6 10 6 11 7 11 8 11 9 11
m14_134 14 37 0 6 0 7 0 8 0 9 0 12 1 6 1 7 1 8 1 9 1 12 2 7 2 8 2 9 2 10 2 12 3 7 3 8 3 9 3 10 3 12 4 10 4 11 4 12 4 13 5 10 5 11 5 12 5 13 6 10 6 11 6 13 7 11 7 13 8 11 8 13 9 11 9 13
m14_135 14 32 0 5 0 8 0 9 0 11 0 12 1 6 1 8 1 9 1 10 1 12 2 7 2 8 2 9 2 10 2 11 3 9 3 10 3 11 3 12 3 13 4 9 4 10 4 11 4 12 4 13 5 10 5 13 6 11 6 13 7 12 7 13 8 13
m14_136 14 32 0 5 0 8 0 9 0 12 1 6 1 8 1 9 1 11 2 7 2 8 2 9 2 10 3 9 3 10 3 11 3 12 3 13 4 9 4 10 4 11 4 12 4 13 5 10 5 11 5 13 6 10 6 12 6 13 7 11 7 12 7 13 8 13
m14_137 14 31 0 5 0 8 0 10 0 11 0 13 1 6 1 8 1 9 1 11 2 7 2 8 2 9 2 10 3 10 3 11 3 12 3 13 4 10 4 11 4 12 4 13 5 9 5 12 6 10 6 12 6 13 7 11 7 12 7 13 8 12 9 13
m14_138 14 31 0 5 0 8 0 10 0 11 1 6 1 8 1 9 1 11 2 7 2 8 2 9 2 10 3 10 3 11 3 12 3 13 4 10 4 11 4 12 4 13 5 9 5 12 6 10 6 12 6 13 7 11 7 12 7 13 8 12 8 13 9 13
m14_139 14 31 0 5 0 8 0 10 0 13 1 6 1 8 1 9 1 11 2 7 2 8 2 9 2 10 3 10 3 11 3 12 3 13 4 10 4 11 4 12 4 13 5 9 5 11 5 12 6 10 6 12 6 13 7 11 7 12 7 13 8 12 9 13
m14_140 14 31 0 5 0 8 0 10 0 11 0 12 1 6 1 8 1 9 1 12 2 7 2 8 2 9 2 11 3 9 3 11 3 12 3 13 4 10 4 11 4 12 4 13 5 9 5 13 6 10 6 11 6 13 7 10 7 12 7 13 8 13 9 10
m14_141 14 31 0 5 0 8 0 10 0 11 1 6 1 8 1 9 1 12 2 7 2 8 2 9 2 11 3 9 3 11 3 12 3 13 4 10 4 11 4 12 4 13 5 9 5 12 5 13 6 10 6 11 6 13 7 10 7 12 7 13 8 13 9 10
m14_142 14 31 0 5 0 8 0 11 0 12 1 6 1 8 1 9 1 12 2 7 2 8 2 9 2 11 3 9 3 11 3 12 3 13 4 10 4 11 4 12 4 13 5 9 5 13 6 10 6 11 6 13 7 10 7 12 7 13 8 10 8 13 9 10
m14_143 14 32 0 5 0 8 0 11 0 12 1 6 1 8 1 9 1 10 1 12 2 7 2 8 2 9 2 10 2 11 3 9 3 10 3 11 3 12 3 13 4 9 4 10 4 11 4 12 4 13 5 9 5 10 5 13 6 11 6 13 7 12 7 13 8 13
m14_144 14 32 0 5 0 8 0 10 0 12 1 6 1 8 1 9 1 12 2 7 2 8 2 9 2 10 2 11 3 9 3 10 3 11 3 12 3 13 4 9 4 10 4 11 4 12 4 13 5 9 5 11 5 13 6 10 6 11 6 13 7 12 7 13 8 13
m14_145 14 33 0 5 0 8 0 10 0 11 1 6 1 8 1 9 1 11 2 7 2 8 2 9 2 10 3 9 3 10 3 11 3 12 3 13 4 9 4 10 4 11 4 12 4 13 5 9 5 12 5 13 6 10 6 12 6 13 7 11 7 12 7 13 8 12 8 13
m14_146 14 32 0 5 0 8 0 10 0 12 1 6 1 8 1 9 1 11 2 7 2 8 2 9 2 10 3 9 3 10 3 11 3 12 3 13 4 9 4 10 4 11 4 12 4 13 5 9 5 11 5 13 6 10 6 12 6 13 7 11 7 12 7 13 8 13
m14_147 14 32 0 5 0 8 0 12 1 6 1 8 1 9 1 11 2 7 2 8 2 9 2 10 3 9 3 10 3 11 3 12 3 13 4 9 4 10 4 11 4 12 4 13 5 9 5 10 5 11 5 13 6 10 6 12 6 13 7 11 7 12 7 13 8 13
m14_148 14 31 0 5 0 8 0 11 0 13 1 6 1 8 1 10 1 13 2 7 2 8 2 9 2 10 2 11 3 10 3 11 3 12 3 13 4 10 4 11 4 12 4 13 5 9 5 10 5 12 6 9 6 11 6 12 7 12 7 13 8 12 9 13
m14_149 14 27 0 5 0 8 0 13 1 6 1 8 1 10 1 11 2 7 2 8 2 9 2 11 3 11 3 12 3 13 4 11 4 12 4 13 5 9 5 10 5 11 6 9 6 13 7 10 7 13 8 12 9 12 10 12
m14_150 14 30 0 5 0 8 0 12 0 13 1 6 1 8 1 10 1 12 2 7 2 8 2 9 2 13 3 11 3 12 3 13 4 11 4 12 4 13 5 9 5 10 5 11 6 9 6 11 6 13 7 10 7 11 7 12 8 11 9 12 10 13
m14_151 14 31 0 5 0 8 0 11 0 13 1 6 1 8 1 10 1 13 2 7 2 8 2 9 2 11 3 10 3 11 3 12 3 13 4 10 4 11 4 12 4 13 5 9 5 10 5 12 6 9 6 11 6 12 7 10 7 12 7 13 8 12 9 13
m14_152 14 29 0 5 0 8 0 12 0 13 1 6 1 8 1 11 1 13 2 7 2 8 2 9 2 13 3 10 3 11 3 12 3 13 4 10 4 11 4 12 4 13 5 9 5 11 6 9 6 12 7 10 7 11 7 12 8 10 9 10
m14_153 14 29 0 5 0 8 0 12 1 6 1 8 1 11 1 13 2 7 2 8 2 9 2 13 3 10 3 11 3 12 3 13 4 10 4 11 4 12 4 13 5 9 5 11 5 13 6 9 6 12 7 10 7 11 7 12 8 10 9 10
m14_154 14 32 0 5 0 8 0 11 1 6 1 8 1 10 2 7 2 8 2 9 2 12 3 9 3 10 3 11 3 12 3 13 4 9 4 10 4 11 4 12 4 13 5 9 5 10 5 12 5 13 6 9 6 11 6 12 6 13 7 10 7 11 7 13 8 13
m14_155 14 33 0 5 0 8 0 11 1 6 1 8 1 10 2 7 2 8 2 9 3 9 3 10 3 11 3 12 3 13 4 9 4 10 4 11 4 12 4 13 5 9 5 10 5 12 5 13 6 9 6 11 6 12 6 13 7 10 7 11 7 12 7 13 8 12 8 13
m14_156 14 32 0 5 0 8 0 9 0 12 1 6 1 8 1 9 1 11 2 7 2 8 2 9 2 10 3 8 3 9 3 10 3 11 3 12 4 10 4 11 4 12 4 13 5 10 5 11 5 13 6 10 6 12 6 13 7 11 7 12 7 13 8 13 9 13
m14_157 14 31 0 5 0 8 0 12 0 13 1 6 1 8 1 9 1 12 2 7 2 8 2 9 2 11 3 8 3 11 3 12 3 13 4 9 4 10 4 11 4 12 5 9 5 10 5 11 6 10 6 11 6 13 7 10 7 12 7 13 8 10 9 13
m14_158 14 31 0 5 0 8 0 12 0 13 1 6 1 8 1 11 1 13 2 7 2 8 2 9 2 11 3 8 3 11 3 12 3 13 4 9 4 10 4 11 4 12 5 9 5 10 5 11 6 9 6 10 6 12 7 10 7 12 7 13 8 10 9 13
m14_159 14 32 0 5 0 8 0 11 0 12 0 13 1 6 1 8 1 10 1 12 1 13 2 7 2 8 2 10 2 11 2 13 3 8 3 10 3 11 3 12 3 13 4 9 4 10 4 11 4 12 4 13 5 9 5 10 6 9 6 11 7 9 7 12 8 9
m14_160 14 33 0 5 0 7 0 8 0 9 0 10 1 6 1 8 1 9 1 11 1 12 2 7 2 8 2 9 2 10 2 11 3 9 3 10 3 11 3 12 3 13 4 9 4 10 4 11 4 12 4 13 5 11 5 12 5 13 6 10 6 13 7 12 7 13 8 13
m14_161 14 33 0 5 0 7 0 8 0 9 0 10 1 6 1 8 1 9 1 12 2 7 2 8 2 9 2 10 2 11 3 9 3 10 3 11 3 12 3 13 4 9 4 10 4 11 4 12 4 13 5 11 5 12 5 13 6 10 6 11 6 13 7 12 7 13 8 13
m14_162 14 32 0 5 0 7 0 8 0 12 1 6 1 8 1 9 1 11 2 7 2 8 2 9 2 12 3 9 3 11 3 12 3 13 4 10 4 11 4 12 4 13 5 9 5 11 5 13 6 10 6 12 6 13 7 10 7 11 7 13 8 10 8 13 9 10
m14_163 14 33 0 5 0 7 0 8 0 11 1 6 1 8 1 9 1 10 1 12 2 7 2 8 2 9 2 10 2 11 3 9 3 10 3 11 3 12 3 13 4 9 4 10 4 11 4 12 4 13 5 9 5 10 5 12 5 13 6 11 6 13 7 12 7 13 8 13
m14_164 14 33 0 5 0 7 0 8 0 10 1 6 1 8 1 9 1 12 2 7 2 8 2 9 2 10 2 11 3 9 3 10 3 11 3 12 3 13 4 9 4 10 4 11 4 12 4 13 5 9 5 11 5 12 5 13 6 10 6 11 6 13 7 12 7 13 8 13
m14_165 14 32 0 5 0 7 0 8 0 9 0 10 1 6 1 8 1 11 1 12 2 7 2 8 2 9 2 10 2 11 3 9 3 10 3 11 3 13 4 10 4 11 4 12 4 13 5 11 5 12 5 13 6 9 6 10 6 13 7 12 7 13 8 13 9 12
m14_166 14 33 0 5 0 7 0 8 0 9 0 10 1 6 1 8 1 11 1 12 2 7 2 8 2 9 2 10 2 11 3 9 3 10 3 11 3 12 3 13 4 9 4 10 4 11 4 12 4 13 5 11 5 12 5 13 6 9 6 10 6 13 7 12 7 13 8 13
m14_167 14 33 0 5 0 7 0 8 0 9 0 10 1 6 1 8 1 12 2 7 2 8 2 9 2 10 2 11 3 9 3 10 3 11 3 12 3 13 4 9 4 10 4 11 4 12 4 13 5 11 5 12 5 13 6 9 6 10 6 11 6 13 7 12 7 13 8 13
m14_168 14 33 0 5 0 7 0 8 0 9 1 6 1 8 1 12 2 7 2 8 2 9 2 10 2 11 3 9 3 10 3 11 3 12 3 13 4 9 4 10 4 11 4 12 4 13 5 10 5 11 5 12 5 13 6 9 6 10 6 11 6 13 7 12 7 13 8 13
m14_169 14 31 0 5 0 7 0 8 0 10 1 6 1 8 1 11 1 12 2 7 2 8 2 9 2 10 2 11 3 10 3 11 3 12 3 13 4 10 4 11 4 12 4 13 5 9 5 11 5 13 6 9 6 10 6 13 7 12 7 13 8 13 9 12
m14_170 14 31 0 5 0 7 0 8 0 10 1 6 1 8 1 11 1 12 2 7 2 8 2 9 2 10 3 10 3 11 3 12 3 13 4 10 4 11 4 12 4 13 5 9 5 12 5 13 6 9 6 10 6 13 7 11 7 12 7 13 8 13 9 11
m14_171 14 31 0 5 0 7 0 8 0 10 0 11 1 6 1 8 1 10 1 12 2 7 2 8 2 9 2 11 3 10 3 11 3 12 3 13 4 10 4 11 4 12 4 13 5 9 5 12 5 13 6 9 6 11 6 13 7 12 7 13 8 13 9 10
m14_172 14 31 0 5 0 7 0 8 0 11 1 6 1 8 1 12 2 7 2 8 2 9 2 11 3 10 3 11 3 12 3 13 4 10 4 11 4 12 4 13 5 9 5 12 5 13 6 9 6 11 6 13 7 10 7 12 7 13 8 10 8 13 9 10
m14_173 14 31 0 5 0 7 0 8 0 10 1 6 1 8 1 9 1 11 2 7 2 8 2 10 2 11 2 12 3 9 3 10 3 11 3 13 4 10 4 11 4 12 4 13 5 11 5 12 5 13 6 10 6 12 6 13 7 9 7 13 8 13 9 12
m14_174 14 31 0 5 0 7 0 8 0 10 1 6 1 8 1 9 1 11 2 7 2 8 2 10 2 11 3 9 3 10 3 11 3 13 4 10 4 11 4 12 4 13 5 11 5 12 5 13 6 10 6 12 6 13 7 9 7 13 8 12 8 13 9 12
m14_175 14 34 0 5 0 7 0 8 0 11 1 6 1 8 1 9 1 10 2 7 2 8 2 10 2 11 3 9 3 10 3 11 3 12 3 13 4 9 4 10 4 11 4 12 4 13 5 9 5 10 5 12 5 13 6 11 6 12 6 13 7 9 7 12 7 13 8 12 8 13
m14_176 14 33 0 5 0 7 0 8 0 12 1 6 1 8 1 9 1 10 1 11 2 7 2 8 2 10 2 12 3 9 3 10 3 11 3 12 3 13 4 9 4 10 4 11 4 12 4 13 5 9 5 10 5 11 5 13 6 12 6 13 7 9 7 11 7 13 8 13
m14_177 14 34 0 5 0 7 0 8 0 10 1 6 1 8 1 9 2 7 2 8 2 10 2 11 3 9 3 10 3 11 3 12 3 13 4 9 4 10 4 11 4 12 4 13 5 9 5 11 5 12 5 13 6 10 6 11 6 12 6 13 7 9 7 12 7 13 8 12 8 13
m14_178 14 33 0 5 0 7 0 8 0 11 1 6 1 8 1 9 1 10 2 7 2 8 2 11 2 12 3 9 3 10 3 11 3 12 3 13 4 9 4 10 4 11 4 12 4 13 5 9 5 10 5 12 5 13 6 11 6 12 6 13 7 9 7 10 7 13 8 13
m14_179 14 34 0 5 0 7 0 8 0 10 1 6 1 7 1 8 1 9 2 7 2 8 2 9 2 10 2 11 3 8 3 9 3 10 3 11 3 12 4 9 4 10 4 11 4 12 4 13 5 9 5 11 5 12 5 13 6 10 6 11 6 12 6 13 7 12 7 13 8 13
m14_180 14 31 0 5 0 8 0 10 0 11 1 6 1 7 1 10 1 12 2 6 2 10 2 11 2 12 3 7 3 8 3 9 3 10 3 12 4 8 4 9 4 11 4 12 4 13 5 9 5 12 5 13 6 8 6 9 6 13 7 11 7 13 10 13
m14_181 14 34 0 5 0 7 0 8 0 9 1 6 1 8 1 9 1 10 1 11 2 6 2 8 2 9 2 10 2 11 3 7 3 9 3 11 3 12 3 13 4 9 4 10 4 11 4 12 4 13 5 10 5 11 5 12 5 13 6 7 6 12 6 13 7 10 8 12 8 13
m14_182 14 32 0 5 0 6 0 9 0 11 0 13 1 5 1 7 1 9 1 10 1 13 2 6 2 7 2 8 2 9 2 13 3 8 3 9 3 10 3 11 3 13 4 8 4 10 4 11 4 12 4 13 5 8 5 12 6 10 6 12 7 11 7 12 9 12
m14_183 14 32 0 4 0 7 0 10 0 12 1 5 1 7 1 9 1 12 2 6 2 7 2 8 2 9 3 9 3 10 3 11 3 12 3 13 4 8 4 9 4 11 4 13 5 8 5 10 5 11 5 13 6 10 6 11 6 12 6 13 7 11 7 13 8 12
m14_184 14 31 0 4 0 7 0 10 0 12 0 13 1 5 1 7 1 9 1 12 2 6 2 7 2 8 2 13 3 10 3 11 3 12 3 13 4 8 4 9 4 11 5 8 5 10 5 11 5 13 6 9 6 10 6 11 6 12 7 11 8 12 9 13
m14_185 14 32 0 4 0 7 0 11 0 12 1 5 1 7 1 9 1 11 2 6 2 7 2 8 2 12 3 10 3 11 3 12 3 13 4 8 4 9 4 10 4 13 5 8 5 10 5 12 5 13 6 9 6 10 6 11 6 13 7 10 7 13 8 11 9 12
