4096
1 2 3 5 4 7 6 10 19 24 8 14 20 27 15 23 17 26 18 28 11 22 9 21 12 25 16 30 13 29 6 7 8 10 9 12 11 15 23 28 13 19 24 0 25 2 20 29 22 1 16 27 14 26 17 30 21 4 18 3
1 2 3 5 4 7 6 10 19 24 8 14 20 27 15 23 17 26 18 28 11 22 9 21 12 25 16 30 13 29 7 8 9 11 10 13 12 16 24 29 14 20 25 1 26 3 21 30 23 2 17 28 15 27 18 0 22 5 19 4
1 2 3 5 4 7 6 10 19 24 8 14 20 27 15 23 17 26 18 28 11 22 9 21 12 25 16 30 13 29 8 9 10 12 11 14 13 17 25 30 15 21 26 2 27 4 22 0 24 3 18 29 16 28 19 1 23 6 20 5
1 2 3 5 4 7 6 10 19 24 8 14 20 27 15 23 17 26 18 28 11 22 9 21 12 25 16 30 13 29 11 12 13 15 14 17 16 20 28 2 18 24 29 5 30 7 25 3 27 6 21 1 19 0 22 4 26 9 23 8
1 2 3 5 4 7 6 10 19 24 8 14 20 27 15 23 17 26 18 28 11 22 9 21 12 25 16 30 13 29 14 15 16 18 17 20 19 23 0 5 21 27 1 8 2 10 28 6 30 9 24 4 22 3 25 7 29 12 26 11
1 2 3 5 4 7 6 10 19 24 8 14 20 27 15 23 17 26 18 28 11 22 9 21 12 25 16 30 13 29 16 17 18 20 19 22 21 25 2 7 23 29 3 10 4 12 30 8 1 11 26 6 24 5 27 9 0 14 28 13
1 2 3 5 4 7 6 10 19 24 8 14 20 27 15 23 17 26 18 28 11 22 9 21 12 25 16 30 13 29 18 19 20 22 21 24 23 27 4 9 25 0 5 12 6 14 1 10 3 13 28 8 26 7 29 11 2 16 30 15
1 2 3 5 4 7 6 10 19 24 8 14 20 27 15 23 17 26 18 28 11 22 9 21 12 25 16 30 13 29 19 20 21 23 22 25 24 28 5 10 26 1 6 13 7 15 2 11 4 14 29 9 27 8 30 12 3 17 0 16
1 2 3 5 4 7 6 10 19 24 8 14 20 27 15 23 17 26 18 28 11 22 9 21 12 25 16 30 13 29 20 21 22 24 23 26 25 29 6 11 27 2 7 14 8 16 3 12 5 15 30 10 28 9 0 13 4 18 1 17
1 2 3 5 4 7 6 10 19 24 8 14 20 27 15 23 17 26 18 28 11 22 9 21 12 25 16 30 13 29 21 22 23 25 24 27 26 30 7 12 28 3 8 15 9 17 4 13 6 16 0 11 29 10 1 14 5 19 2 18
1 2 3 5 4 7 6 10 19 24 8 14 20 27 15 23 17 26 18 28 11 22 9 21 12 25 16 30 13 29 25 26 27 29 28 0 30 3 11 16 1 7 12 19 13 21 8 17 10 20 4 15 2 14 5 18 9 23 6 22
1 2 3 5 4 7 6 10 19 24 8 14 20 27 15 23 17 26 18 28 11 22 9 21 12 25 16 30 13 29 28 29 30 1 0 3 2 6 14 19 4 10 15 22 16 24 11 20 13 23 7 18 5 17 8 21 12 26 9 25
1 2 3 5 4 7 6 10 19 24 8 14 20 27 15 23 17 26 18 28 11 22 9 21 12 25 16 30 13 29 4 5 6 8 7 10 9 13 22 27 11 17 23 30 18 26 19 28 21 0 14 25 12 24 20 2 15 29 16 1
1 2 3 5 4 7 6 10 19 24 8 14 20 27 15 23 17 26 18 28 11 22 9 21 12 25 16 30 13 29 11 12 13 15 14 17 16 20 29 3 18 24 30 6 25 2 26 4 28 7 21 1 19 0 27 9 22 5 23 8
1 2 3 5 4 7 6 10 19 24 8 14 20 27 15 23 17 26 18 28 11 22 9 21 12 25 16 30 13 29 13 14 15 17 16 19 18 22 0 5 20 26 1 8 27 4 28 6 30 9 23 3 21 2 29 11 24 7 25 10
1 2 3 5 4 7 6 10 19 24 8 14 20 27 15 23 17 26 18 28 11 22 9 21 12 25 16 30 13 29 14 15 16 18 17 20 19 23 1 6 21 27 2 9 28 5 29 7 0 10 24 4 22 3 30 12 25 8 26 11
1 2 3 5 4 7 6 10 19 24 8 14 20 27 15 23 17 26 18 28 11 22 9 21 12 25 16 30 13 29 15 16 17 19 18 21 20 24 2 7 22 28 3 10 29 6 30 8 1 11 25 5 23 4 0 13 26 9 27 12
1 2 3 5 4 7 6 10 19 24 8 14 20 27 15 23 17 26 18 28 11 22 9 21 12 25 16 30 13 29 16 17 18 20 19 22 21 25 3 8 23 29 4 11 30 7 0 9 2 12 26 6 24 5 1 14 27 10 28 13
1 2 3 5 4 7 6 10 19 24 8 14 20 27 15 23 17 26 18 28 11 22 9 21 12 25 16 30 13 29 18 19 20 22 21 24 23 27 5 10 25 0 6 13 1 9 2 11 4 14 28 8 26 7 3 16 29 12 30 15
1 2 3 5 4 7 6 10 19 24 8 14 20 27 15 23 17 26 18 28 11 22 9 21 12 25 16 30 13 29 19 20 21 23 22 25 24 28 6 11 26 1 7 14 2 10 3 12 5 15 29 9 27 8 4 17 30 13 0 16
1 2 3 5 4 7 6 10 19 24 8 14 20 27 15 23 17 26 18 28 11 22 9 21 12 25 16 30 13 29 21 22 23 25 24 27 26 30 8 13 28 3 9 16 4 12 5 14 7 17 0 11 29 10 6 19 1 15 2 18
1 2 3 5 4 7 6 10 19 24 8 14 20 27 15 23 17 26 18 28 11 22 9 21 12 25 16 30 13 29 22 23 24 26 25 28 27 0 9 14 29 4 10 17 5 13 6 15 8 18 1 12 30 11 7 20 2 16 3 19
1 2 3 5 4 7 6 10 19 24 8 14 20 27 15 23 17 26 18 28 11 22 9 21 12 25 16 30 13 29 26 27 28 30 29 1 0 4 13 18 2 8 14 21 9 17 10 19 12 22 5 16 3 15 11 24 6 20 7 23
1 2 3 5 4 7 6 10 19 24 8 14 20 27 15 23 17 26 18 28 11 22 9 21 12 25 16 30 13 29 29 30 0 2 1 4 3 7 16 21 5 11 17 24 12 20 13 22 15 25 8 19 6 18 14 27 9 23 10 26
1 2 3 5 4 7 6 10 19 24 8 14 20 27 15 23 17 26 18 28 11 22 9 21 12 25 16 30 13 29 4 5 6 8 7 10 9 13 23 28 11 17 19 26 22 30 18 27 21 0 14 25 12 24 20 2 15 29 16 1
1 2 3 5 4 7 6 10 19 24 8 14 20 27 15 23 17 26 18 28 11 22 9 21 12 25 16 30 13 29 6 7 8 10 9 12 11 15 25 30 13 19 21 28 24 1 20 29 23 2 16 27 14 26 22 4 17 0 18 3
1 2 3 5 4 7 6 10 19 24 8 14 20 27 15 23 17 26 18 28 11 22 9 21 12 25 16 30 13 29 8 9 10 12 11 14 13 17 27 1 15 21 23 30 26 3 22 0 25 4 18 29 16 28 24 6 19 2 20 5
1 2 3 5 4 7 6 10 19 24 8 14 20 27 15 23 17 26 18 28 11 22 9 21 12 25 16 30 13 29 14 15 16 18 17 20 19 23 2 7 21 27 29 5 1 9 28 6 0 10 24 4 22 3 30 12 25 8 26 11
1 2 3 5 4 7 6 10 19 24 8 14 20 27 15 23 17 26 18 28 11 22 9 21 12 25 16 30 13 29 15 16 17 19 18 21 20 24 3 8 22 28 30 6 2 10 29 7 1 11 25 5 23 4 0 13 26 9 27 12
1 2 3 5 4 7 6 10 19 24 8 14 20 27 15 23 17 26 18 28 11 22 9 21 12 25 16 30 13 29 18 19 20 22 21 24 23 27 6 11 25 0 2 9 5 13 1 10 4 14 28 8 26 7 3 16 29 12 30 15
1 2 3 5 4 7 6 10 19 24 8 14 20 27 15 23 17 26 18 28 11 22 9 21 12 25 16 30 13 29 22 23 24 26 25 28 27 0 10 15 29 4 6 13 9 17 5 14 8 18 1 12 30 11 7 20 2 16 3 19
1 2 3 5 4 7 6 10 19 24 8 14 20 27 15 23 17 26 18 28 11 22 9 21 12 25 16 30 13 29 23 24 25 27 26 29 28 1 11 16 30 5 7 14 10 18 6 15 9 19 2 13 0 12 8 21 3 17 4 20
1 2 3 5 4 7 6 10 19 24 8 14 20 27 15 23 17 26 18 28 11 22 9 21 12 25 16 30 13 29 25 26 27 29 28 0 30 3 13 18 1 7 9 16 12 20 8 17 11 21 4 15 2 14 10 23 5 19 6 22
1 2 3 5 4 7 6 10 19 24 8 14 20 27 15 23 17 26 18 28 11 22 9 21 12 25 16 30 13 29 8 9 10 12 11 14 13 17 26 0 15 21 23 30 27 4 25 3 22 1 18 29 16 28 24 6 19 2 20 5
1 2 3 5 4 7 6 10 19 24 8 14 20 27 15 23 17 26 18 28 11 22 9 21 12 25 16 30 13 29 10 11 12 14 13 16 15 19 28 2 17 23 25 1 29 6 27 5 24 3 20 0 18 30 26 8 21 4 22 7
1 2 3 5 4 7 6 10 19 24 8 14 20 27 15 23 17 26 18 28 11 22 9 21 12 25 16 30 13 29 19 20 21 23 22 25 24 28 6 11 26 1 3 10 7 15 5 14 2 12 29 9 27 8 4 17 30 13 0 16
1 2 3 5 4 7 6 10 19 24 8 14 20 27 15 23 17 26 18 28 11 22 9 21 12 25 16 30 13 29 20 21 22 24 23 26 25 29 7 12 27 2 4 11 8 16 6 15 3 13 30 10 28 9 5 18 0 14 1 17
1 2 3 5 4 7 6 10 19 24 8 14 20 27 15 23 17 26 18 28 11 22 9 21 12 25 16 30 13 29 22 23 24 26 25 28 27 0 9 14 29 4 6 13 10 18 8 17 5 15 1 12 30 11 7 20 2 16 3 19
1 2 3 5 4 7 6 10 19 24 8 14 20 27 15 23 17 26 18 28 11 22 9 21 12 25 16 30 13 29 23 24 25 27 26 29 28 1 10 15 30 5 7 14 11 19 9 18 6 16 2 13 0 12 8 21 3 17 4 20
1 2 3 5 4 7 6 10 19 24 8 14 20 27 15 23 17 26 18 28 11 22 9 21 12 25 16 30 13 29 28 29 30 1 0 3 2 6 15 20 4 10 12 19 16 24 14 23 11 21 7 18 5 17 13 26 8 22 9 25
1 2 3 5 4 7 6 10 19 24 8 14 20 27 15 23 17 26 18 28 11 22 9 21 12 25 16 30 13 29 10 11 12 14 13 16 15 19 27 1 17 23 29 5 25 2 28 6 24 3 20 0 18 30 26 8 21 4 22 7
1 2 3 5 4 7 6 10 19 24 8 14 20 27 15 23 17 26 18 28 11 22 9 21 12 25 16 30 13 29 16 17 18 20 19 22 21 25 2 7 23 29 4 11 0 8 3 12 30 9 26 6 24 5 1 14 27 10 28 13
1 2 3 5 4 7 6 10 19 24 8 14 20 27 15 23 17 26 18 28 11 22 9 21 12 25 16 30 13 29 18 19 20 22 21 24 23 27 4 9 25 0 6 13 2 10 5 14 1 11 28 8 26 7 3 16 29 12 30 15
1 2 3 5 4 7 6 10 19 24 8 14 20 27 15 23 17 26 18 28 11 22 9 21 12 25 16 30 13 29 19 20 21 23 22 25 24 28 5 10 26 1 7 14 3 11 6 15 2 12 29 9 27 8 4 17 30 13 0 16
1 2 3 5 4 7 6 10 19 24 8 14 20 27 15 23 17 26 18 28 11 22 9 21 12 25 16 30 13 29 20 21 22 24 23 26 25 29 6 11 27 2 8 15 4 12 7 16 3 13 30 10 28 9 5 18 0 14 1 17
1 2 3 5 4 7 6 10 19 24 8 14 20 27 15 23 17 26 18 28 11 22 9 21 12 25 16 30 13 29 21 22 23 25 24 27 26 30 7 12 28 3 9 16 5 13 8 17 4 14 0 11 29 10 6 19 1 15 2 18
1 2 3 5 4 7 6 10 19 24 8 14 20 27 15 23 17 26 18 28 11 22 9 21 12 25 16 30 13 29 22 23 24 26 25 28 27 0 8 13 29 4 10 17 6 14 9 18 5 15 1 12 30 11 7 20 2 16 3 19
1 2 3 5 4 7 6 10 19 24 8 14 20 27 15 23 17 26 18 28 11 22 9 21 12 25 16 30 13 29 28 29 30 1 0 3 2 6 14 19 4 10 16 23 12 20 15 24 11 21 7 18 5 17 13 26 8 22 9 25
1 2 3 5 4 7 6 10 19 24 8 14 20 27 15 23 17 26 18 28 11 22 9 21 12 25 16 30 13 29 29 30 0 2 1 4 3 7 15 20 5 11 17 24 13 21 16 25 12 22 8 19 6 18 14 27 9 23 10 26
1 2 3 5 4 7 6 10 19 24 8 14 20 27 15 23 17 26 18 28 11 22 9 21 12 25 16 30 13 29 13 14 15 17 16 19 18 22 0 5 20 26 28 4 29 6 30 8 1 11 23 3 21 2 27 9 24 7 25 10
1 2 3 5 4 7 6 10 19 24 8 14 20 27 15 23 17 26 18 28 11 22 9 21 12 25 16 30 13 29 16 17 18 20 19 22 21 25 3 8 23 29 0 7 1 9 2 11 4 14 26 6 24 5 30 12 27 10 28 13
1 2 3 5 4 7 6 10 19 24 8 14 20 27 15 23 17 26 18 28 11 22 9 21 12 25 16 30 13 29 19 20 21 23 22 25 24 28 6 11 26 1 3 10 4 12 5 14 7 17 29 9 27 8 2 15 30 13 0 16
1 2 3 5 4 7 6 10 19 24 8 14 20 27 15 23 17 26 18 28 11 22 9 21 12 25 16 30 13 29 20 21 22 24 23 26 25 29 7 12 27 2 4 11 5 13 6 15 8 18 30 10 28 9 3 16 0 14 1 17
1 2 3 5 4 7 6 10 19 24 8 14 20 27 15 23 17 26 18 28 11 22 9 21 12 25 16 30 13 29 22 23 24 26 25 28 27 0 9 14 29 4 6 13 7 15 8 17 10 20 1 12 30 11 5 18 2 16 3 19
1 2 3 5 4 7 6 10 19 24 8 14 20 27 15 23 17 26 18 28 11 22 9 21 12 25 16 30 13 29 28 29 30 1 0 3 2 6 15 20 4 10 12 19 13 21 14 23 16 26 7 18 5 17 11 24 8 22 9 25
1 2 3 5 4 7 6 10 19 24 8 14 20 27 15 23 17 26 18 28 11 22 9 21 12 25 16 30 13 29 6 7 8 10 9 12 11 15 23 28 13 19 22 29 24 1 21 30 25 4 16 27 14 26 20 2 17 0 18 3
1 2 3 5 4 7 6 10 19 24 8 14 20 27 15 23 17 26 18 28 11 22 9 21 12 25 16 30 13 29 7 8 9 11 10 13 12 16 24 29 14 20 23 30 25 2 22 0 26 5 17 28 15 27 21 3 18 1 19 4
1 2 3 5 4 7 6 10 19 24 8 14 20 27 15 23 17 26 18 28 11 22 9 21 12 25 16 30 13 29 11 12 13 15 14 17 16 20 28 2 18 24 27 3 29 6 26 4 30 9 21 1 19 0 25 7 22 5 23 8
1 2 3 5 4 7 6 10 19 24 8 14 20 27 15 23 17 26 18 28 11 22 9 21 12 25 16 30 13 29 12 13 14 16 15 18 17 21 29 3 19 25 28 4 30 7 27 5 0 10 22 2 20 1 26 8 23 6 24 9
1 2 3 5 4 7 6 10 19 24 8 14 20 27 15 23 17 26 18 28 11 22 9 21 12 25 16 30 13 29 18 19 20 22 21 24 23 27 4 9 25 0 3 10 5 13 2 11 6 16 28 8 26 7 1 14 29 12 30 15
1 2 3 5 4 7 6 10 19 24 8 14 20 27 15 23 17 26 18 28 11 22 9 21 12 25 16 30 13 29 19 20 21 23 22 25 24 28 5 10 26 1 4 11 6 14 3 12 7 17 29 9 27 8 2 15 30 13 0 16
1 2 3 5 4 7 6 10 19 24 8 14 20 27 15 23 17 26 18 28 11 22 9 21 12 25 16 30 13 29 20 21 22 24 23 26 25 29 6 11 27 2 5 12 7 15 4 13 8 18 30 10 28 9 3 16 0 14 1 17
1 2 3 5 4 7 6 10 19 24 8 14 20 27 15 23 17 26 18 28 11 22 9 21 12 25 16 30 13 29 23 24 25 27 26 29 28 1 9 14 30 5 8 15 10 18 7 16 11 21 2 13 0 12 6 19 3 17 4 20
1 2 3 5 4 7 6 10 19 24 8 14 20 27 15 23 17 26 18 28 11 22 9 21 12 25 16 30 13 29 25 26 27 29 28 0 30 3 11 16 1 7 10 17 12 20 9 18 13 23 4 15 2 14 8 21 5 19 6 22
1 2 3 5 4 7 6 10 19 24 8 14 20 27 15 23 17 26 18 28 11 22 9 21 12 25 16 30 13 29 26 27 28 30 29 1 0 4 12 17 2 8 11 18 13 21 10 19 14 24 5 16 3 15 9 22 6 20 7 23
1 2 3 5 4 7 6 10 19 24 8 14 20 27 15 23 17 26 18 28 11 22 9 21 12 25 16 30 13 29 7 8 9 11 10 13 12 16 26 0 14 20 25 1 22 30 24 2 19 29 17 28 15 27 23 5 21 4 18 3
1 2 3 5 4 7 6 10 19 24 8 14 20 27 15 23 17 26 18 28 11 22 9 21 12 25 16 30 13 29 10 11 12 14 13 16 15 19 29 3 17 23 28 4 25 2 27 5 22 1 20 0 18 30 26 8 24 7 21 6
1 2 3 5 4 7 6 10 19 24 8 14 20 27 15 23 17 26 18 28 11 22 9 21 12 25 16 30 13 29 19 20 21 23 22 25 24 28 7 12 26 1 6 13 3 11 5 14 0 10 29 9 27 8 4 17 2 16 30 15
1 2 3 5 4 7 6 10 19 24 8 14 20 27 15 23 17 26 18 28 11 22 9 21 12 25 16 30 13 29 21 22 23 25 24 27 26 30 9 14 28 3 8 15 5 13 7 16 2 12 0 11 29 10 6 19 4 18 1 17
1 2 3 5 4 7 6 10 19 24 8 14 20 27 15 23 17 26 18 28 11 22 9 21 12 25 16 30 13 29 23 24 25 27 26 29 28 1 11 16 30 5 10 17 7 15 9 18 4 14 2 13 0 12 8 21 6 20 3 19
1 2 3 5 4 7 6 10 19 24 8 14 20 27 15 23 17 26 18 28 11 22 9 21 12 25 16 30 13 29 25 26 27 29 28 0 30 3 13 18 1 7 12 19 9 17 11 20 6 16 4 15 2 14 10 23 8 22 5 21
1 2 3 5 4 7 6 10 19 24 8 14 20 27 15 23 17 26 18 28 11 22 9 21 12 25 16 30 13 29 26 27 28 30 29 1 0 4 14 19 2 8 13 20 10 18 12 21 7 17 5 16 3 15 11 24 9 23 6 22
1 2 3 5 4 7 6 10 19 24 8 14 20 27 15 23 17 26 18 28 11 22 9 21 12 25 16 30 13 29 28 29 30 1 0 3 2 6 16 21 4 10 15 22 12 20 14 23 9 19 7 18 5 17 13 26 11 25 8 24
1 2 3 5 4 7 6 10 19 24 8 14 20 27 15 23 17 26 18 28 11 22 9 21 12 25 16 30 13 29 29 30 0 2 1 4 3 7 17 22 5 11 16 23 13 21 15 24 10 20 8 19 6 18 14 27 12 26 9 25
1 2 3 5 4 7 6 10 19 24 8 14 20 27 15 23 17 26 18 28 11 22 9 21 12 25 16 30 13 29 8 9 10 12 11 14 13 17 26 0 15 21 27 3 25 2 23 1 20 30 18 29 16 28 24 6 22 5 19 4
1 2 3 5 4 7 6 10 19 24 8 14 20 27 15 23 17 26 18 28 11 22 9 21 12 25 16 30 13 29 10 11 12 14 13 16 15 19 28 2 17 23 29 5 27 4 25 3 22 1 20 0 18 30 26 8 24 7 21 6
1 2 3 5 4 7 6 10 19 24 8 14 20 27 15 23 17 26 18 28 11 22 9 21 12 25 16 30 13 29 13 14 15 17 16 19 18 22 0 5 20 26 1 8 30 7 28 6 25 4 23 3 21 2 29 11 27 10 24 9
1 2 3 5 4 7 6 10 19 24 8 14 20 27 15 23 17 26 18 28 11 22 9 21 12 25 16 30 13 29 15 16 17 19 18 21 20 24 2 7 22 28 3 10 1 9 30 8 27 6 25 5 23 4 0 13 29 12 26 11
1 2 3 5 4 7 6 10 19 24 8 14 20 27 15 23 17 26 18 28 11 22 9 21 12 25 16 30 13 29 16 17 18 20 19 22 21 25 3 8 23 29 4 11 2 10 0 9 28 7 26 6 24 5 1 14 30 13 27 12
1 2 3 5 4 7 6 10 19 24 8 14 20 27 15 23 17 26 18 28 11 22 9 21 12 25 16 30 13 29 17 18 19 21 20 23 22 26 4 9 24 30 5 12 3 11 1 10 29 8 27 7 25 6 2 15 0 14 28 13
1 2 3 5 4 7 6 10 19 24 8 14 20 27 15 23 17 26 18 28 11 22 9 21 12 25 16 30 13 29 19 20 21 23 22 25 24 28 6 11 26 1 7 14 5 13 3 12 0 10 29 9 27 8 4 17 2 16 30 15
1 2 3 5 4 7 6 10 19 24 8 14 20 27 15 23 17 26 18 28 11 22 9 21 12 25 16 30 13 29 21 22 23 25 24 27 26 30 8 13 28 3 9 16 7 15 5 14 2 12 0 11 29 10 6 19 4 18 1 17
1 2 3 5 4 7 6 10 19 24 8 14 20 27 15 23 17 26 18 28 11 22 9 21 12 25 16 30 13 29 23 24 25 27 26 29 28 1 10 15 30 5 11 18 9 17 7 16 4 14 2 13 0 12 8 21 6 20 3 19
1 2 3 5 4 7 6 10 19 24 8 14 20 27 15 23 17 26 18 28 11 22 9 21 12 25 16 30 13 29 6 7 8 10 9 12 11 15 25 30 13 19 22 29 20 28 23 1 24 3 16 27 14 26 18 0 21 4 17 2
1 2 3 5 4 7 6 10 19 24 8 14 20 27 15 23 17 26 18 28 11 22 9 21 12 25 16 30 13 29 12 13 14 16 15 18 17 21 0 5 19 25 28 4 26 3 29 7 30 9 22 2 20 1 24 6 27 10 23 8
1 2 3 5 4 7 6 10 19 24 8 14 20 27 15 23 17 26 18 28 11 22 9 21 12 25 16 30 13 29 14 15 16 18 17 20 19 23 2 7 21 27 30 6 28 5 0 9 1 11 24 4 22 3 26 8 29 12 25 10
1 2 3 5 4 7 6 10 19 24 8 14 20 27 15 23 17 26 18 28 11 22 9 21 12 25 16 30 13 29 20 21 22 24 23 26 25 29 8 13 27 2 5 12 3 11 6 15 7 17 30 10 28 9 1 14 4 18 0 16
1 2 3 5 4 7 6 10 19 24 8 14 20 27 15 23 17 26 18 28 11 22 9 21 12 25 16 30 13 29 27 28 29 0 30 2 1 5 15 20 3 9 12 19 10 18 13 22 14 24 6 17 4 16 8 21 11 25 7 23
1 2 3 5 4 7 6 10 19 24 8 14 20 27 15 23 17 26 18 28 11 22 9 21 12 25 16 30 13 29 28 29 30 1 0 3 2 6 16 21 4 10 13 20 11 19 14 23 15 25 7 18 5 17 9 22 12 26 8 24
1 2 3 5 4 7 6 10 19 24 8 14 20 27 15 23 17 26 18 28 11 22 9 21 12 25 16 30 13 29 29 30 0 2 1 4 3 7 17 22 5 11 14 21 12 20 15 24 16 26 8 19 6 18 10 23 13 27 9 25
1 2 3 5 4 7 6 10 19 24 8 14 20 27 15 23 17 26 18 28 11 22 9 21 12 25 16 30 13 29 8 9 10 12 11 14 13 17 26 0 15 21 25 1 22 30 27 5 24 3 18 29 16 28 20 2 23 6 19 4
1 2 3 5 4 7 6 10 19 24 8 14 20 27 15 23 17 26 18 28 11 22 9 21 12 25 16 30 13 29 9 10 11 13 12 15 14 18 27 1 16 22 26 2 23 0 28 6 25 4 19 30 17 29 21 3 24 7 20 5
1 2 3 5 4 7 6 10 19 24 8 14 20 27 15 23 17 26 18 28 11 22 9 21 12 25 16 30 13 29 14 15 16 18 17 20 19 23 1 6 21 27 0 7 28 5 2 11 30 9 24 4 22 3 26 8 29 12 25 10
1 2 3 5 4 7 6 10 19 24 8 14 20 27 15 23 17 26 18 28 11 22 9 21 12 25 16 30 13 29 16 17 18 20 19 22 21 25 3 8 23 29 2 9 30 7 4 13 1 11 26 6 24 5 28 10 0 14 27 12
1 2 3 5 4 7 6 10 19 24 8 14 20 27 15 23 17 26 18 28 11 22 9 21 12 25 16 30 13 29 18 19 20 22 21 24 23 27 5 10 25 0 4 11 1 9 6 15 3 13 28 8 26 7 30 12 2 16 29 14
1 2 3 5 4 7 6 10 19 24 8 14 20 27 15 23 17 26 18 28 11 22 9 21 12 25 16 30 13 29 20 21 22 24 23 26 25 29 7 12 27 2 6 13 3 11 8 17 5 15 30 10 28 9 1 14 4 18 0 16
1 2 3 5 4 7 6 10 19 24 8 14 20 27 15 23 17 26 18 28 11 22 9 21 12 25 16 30 13 29 7 8 9 11 10 13 12 16 24 29 14 20 26 2 23 0 21 30 25 4 17 28 15 27 19 1 22 5 18 3
1 2 3 5 4 7 6 10 19 24 8 14 20 27 15 23 17 26 18 28 11 22 9 21 12 25 16 30 13 29 8 9 10 12 11 14 13 17 25 30 15 21 27 3 24 1 22 0 26 5 18 29 16 28 20 2 23 6 19 4
1 2 3 5 4 7 6 10 19 24 8 14 20 27 15 23 17 26 18 28 11 22 9 21 12 25 16 30 13 29 11 12 13 15 14 17 16 20 28 2 18 24 30 6 27 4 25 3 29 8 21 1 19 0 23 5 26 9 22 7
1 2 3 5 4 7 6 10 19 24 8 14 20 27 15 23 17 26 18 28 11 22 9 21 12 25 16 30 13 29 12 13 14 16 15 18 17 21 29 3 19 25 0 7 28 5 26 4 30 9 22 2 20 1 24 6 27 10 23 8
1 2 3 5 4 7 6 10 19 24 8 14 20 27 15 23 17 26 18 28 11 22 9 21 12 25 16 30 13 29 14 15 16 18 17 20 19 23 0 5 21 27 2 9 30 7 28 6 1 11 24 4 22 3 26 8 29 12 25 10
1 2 3 5 4 7 6 10 19 24 8 14 20 27 15 23 17 26 18 28 11 22 9 21 12 25 16 30 13 29 16 17 18 20 19 22 21 25 2 7 23 29 4 11 1 9 30 8 3 13 26 6 24 5 28 10 0 14 27 12
1 2 3 5 4 7 6 10 19 24 8 14 20 27 15 23 17 26 18 28 11 22 9 21 12 25 16 30 13 29 19 20 21 23 22 25 24 28 5 10 26 1 7 14 4 12 2 11 6 16 29 9 27 8 0 13 3 17 30 15
1 2 3 5 4 7 6 10 19 24 8 14 20 27 15 23 17 26 18 28 11 22 9 21 12 25 16 30 13 29 21 22 23 25 24 27 26 30 7 12 28 3 9 16 6 14 4 13 8 18 0 11 29 10 2 15 5 19 1 17
1 2 3 5 4 7 6 10 19 24 8 14 20 27 15 23 17 26 18 28 11 22 9 21 12 25 16 30 13 29 23 24 25 27 26 29 28 1 9 14 30 5 11 18 8 16 6 15 10 20 2 13 0 12 4 17 7 21 3 19
1 2 3 5 4 7 6 10 19 24 8 14 20 27 15 23 17 26 18 28 11 22 9 21 12 25 16 30 13 29 27 28 29 0 30 2 1 5 13 18 3 9 15 22 12 20 10 19 14 24 6 17 4 16 8 21 11 25 7 23
1 2 3 5 4 7 6 10 19 24 8 14 20 27 15 23 17 26 18 28 11 22 9 21 12 25 16 30 13 29 7 8 9 11 10 13 12 16 24 29 14 20 23 30 25 2 26 4 21 0 17 28 15 27 19 1 22 5 18 3
1 2 3 5 4 7 6 10 19 24 8 14 20 27 15 23 17 26 18 28 11 22 9 21 12 25 16 30 13 29 14 15 16 18 17 20 19 23 0 5 21 27 30 6 1 9 2 11 28 7 24 4 22 3 26 8 29 12 25 10
1 2 3 5 4 7 6 10 19 24 8 14 20 27 15 23 17 26 18 28 11 22 9 21 12 25 16 30 13 29 18 19 20 22 21 24 23 27 4 9 25 0 3 10 5 13 6 15 1 11 28 8 26 7 30 12 2 16 29 14
1 2 3 5 4 7 6 10 19 24 8 14 20 27 15 23 17 26 18 28 11 22 9 21 12 25 16 30 13 29 19 20 21 23 22 25 24 28 5 10 26 1 4 11 6 14 7 16 2 12 29 9 27 8 0 13 3 17 30 15
1 2 3 5 4 7 6 10 19 24 8 14 20 27 15 23 17 26 18 28 11 22 9 21 12 25 16 30 13 29 25 26 27 29 28 0 30 3 11 16 1 7 10 17 12 20 13 22 8 18 4 15 2 14 6 19 9 23 5 21
1 2 3 5 4 7 6 10 19 24 8 14 20 27 15 23 17 26 18 28 11 22 9 21 12 25 16 30 13 29 8 9 10 12 11 14 13 17 26 0 15 21 23 30 24 1 25 3 27 6 18 29 16 28 20 2 22 5 19 4
1 2 3 5 4 7 6 10 19 24 8 14 20 27 15 23 17 26 18 28 11 22 9 21 12 25 16 30 13 29 13 14 15 17 16 19 18 22 0 5 20 26 28 4 29 6 30 8 1 11 23 3 21 2 25 7 27 10 24 9
1 2 3 5 4 7 6 10 19 24 8 14 20 27 15 23 17 26 18 28 11 22 9 21 12 25 16 30 13 29 16 17 18 20 19 22 21 25 3 8 23 29 0 7 1 9 2 11 4 14 26 6 24 5 28 10 30 13 27 12
1 2 3 5 4 7 6 10 19 24 8 14 20 27 15 23 17 26 18 28 11 22 9 21 12 25 16 30 13 29 18 19 20 22 21 24 23 27 5 10 25 0 2 9 3 11 4 13 6 16 28 8 26 7 30 12 1 15 29 14
1 2 3 5 4 7 6 10 19 24 8 14 20 27 15 23 17 26 18 28 11 22 9 21 12 25 16 30 13 29 19 20 21 23 22 25 24 28 6 11 26 1 3 10 4 12 5 14 7 17 29 9 27 8 0 13 2 16 30 15
1 2 3 5 4 7 6 10 19 24 8 14 20 27 15 23 17 26 18 28 11 22 9 21 12 25 16 30 13 29 23 24 25 27 26 29 28 1 10 15 30 5 7 14 8 16 9 18 11 21 2 13 0 12 4 17 6 20 3 19
1 2 3 5 4 7 6 10 19 24 8 14 20 27 15 23 17 26 18 28 11 22 9 21 12 25 16 30 13 29 26 27 28 30 29 1 0 4 13 18 2 8 10 17 11 19 12 21 14 24 5 16 3 15 7 20 9 23 6 22
1 2 3 5 4 7 6 10 19 24 8 14 20 27 15 23 17 26 18 28 11 22 9 21 12 25 16 30 13 29 27 28 29 0 30 2 1 5 14 19 3 9 11 18 12 20 13 22 15 25 6 17 4 16 8 21 10 24 7 23
1 2 3 5 4 7 6 10 19 24 8 14 20 27 15 23 17 26 18 28 11 22 9 21 12 25 16 30 13 29 28 29 30 1 0 3 2 6 15 20 4 10 12 19 13 21 14 23 16 26 7 18 5 17 9 22 11 25 8 24
1 2 3 5 4 7 6 10 19 24 8 14 20 27 15 23 17 26 18 28 11 22 9 21 12 25 16 30 13 29 5 6 7 9 8 11 10 14 22 27 12 18 21 28 23 0 20 29 24 3 15 26 13 25 17 30 19 2 16 1
1 2 3 5 4 7 6 10 19 24 8 14 20 27 15 23 17 26 18 28 11 22 9 21 12 25 16 30 13 29 6 7 8 10 9 12 11 15 23 28 13 19 22 29 24 1 21 30 25 4 16 27 14 26 18 0 20 3 17 2
1 2 3 5 4 7 6 10 19 24 8 14 20 27 15 23 17 26 18 28 11 22 9 21 12 25 16 30 13 29 9 10 11 13 12 15 14 18 26 0 16 22 25 1 27 4 24 2 28 7 19 30 17 29 21 3 23 6 20 5
1 2 3 5 4 7 6 10 19 24 8 14 20 27 15 23 17 26 18 28 11 22 9 21 12 25 16 30 13 29 13 14 15 17 16 19 18 22 30 4 20 26 29 5 0 8 28 6 1 11 23 3 21 2 25 7 27 10 24 9
1 2 3 5 4 7 6 10 19 24 8 14 20 27 15 23 17 26 18 28 11 22 9 21 12 25 16 30 13 29 14 15 16 18 17 20 19 23 0 5 21 27 30 6 1 9 29 7 2 12 24 4 22 3 26 8 28 11 25 10
1 2 3 5 4 7 6 10 19 24 8 14 20 27 15 23 17 26 18 28 11 22 9 21 12 25 16 30 13 29 19 20 21 23 22 25 24 28 5 10 26 1 4 11 6 14 3 12 7 17 29 9 27 8 0 13 2 16 30 15
1 2 3 5 4 7 6 10 19 24 8 14 20 27 15 23 17 26 18 28 11 22 9 21 12 25 16 30 13 29 23 24 25 27 26 29 28 1 9 14 30 5 8 15 10 18 7 16 11 21 2 13 0 12 4 17 6 20 3 19
1 2 3 5 4 7 6 10 19 24 8 14 20 27 15 23 17 26 18 28 11 22 9 21 12 25 16 30 13 29 25 26 27 29 28 0 30 3 11 16 1 7 10 17 12 20 9 18 13 23 4 15 2 14 6 19 8 22 5 21
1 2 3 5 4 7 6 10 19 24 8 14 20 27 15 23 17 26 18 28 11 22 9 21 12 25 16 30 13 29 27 28 29 0 30 2 1 5 13 18 3 9 12 19 14 22 11 20 15 25 6 17 4 16 8 21 10 24 7 23
1 2 3 5 4 7 6 10 19 24 8 14 20 27 15 23 17 26 18 28 11 22 9 21 12 25 16 30 13 29 29 30 0 2 1 4 3 7 15 20 5 11 14 21 16 24 13 22 17 27 8 19 6 18 10 23 12 26 9 25
1 2 3 5 4 7 6 10 19 24 8 14 20 27 15 23 17 26 18 28 11 22 9 21 12 25 16 30 13 29 11 12 13 15 14 17 16 20 29 3 18 24 28 4 25 2 30 8 26 5 21 1 19 0 27 9 23 6 22 7
1 2 3 5 4 7 6 10 19 24 8 14 20 27 15 23 17 26 18 28 11 22 9 21 12 25 16 30 13 29 12 13 14 16 15 18 17 21 30 4 19 25 29 5 26 3 0 9 27 6 22 2 20 1 28 10 24 7 23 8
1 2 3 5 4 7 6 10 19 24 8 14 20 27 15 23 17 26 18 28 11 22 9 21 12 25 16 30 13 29 17 18 19 21 20 23 22 26 4 9 24 30 3 10 0 8 5 14 1 11 27 7 25 6 2 15 29 12 28 13
1 2 3 5 4 7 6 10 19 24 8 14 20 27 15 23 17 26 18 28 11 22 9 21 12 25 16 30 13 29 18 19 20 22 21 24 23 27 5 10 25 0 4 11 1 9 6 15 2 12 28 8 26 7 3 16 30 13 29 14
1 2 3 5 4 7 6 10 19 24 8 14 20 27 15 23 17 26 18 28 11 22 9 21 12 25 16 30 13 29 20 21 22 24 23 26 25 29 7 12 27 2 6 13 3 11 8 17 4 14 30 10 28 9 5 18 1 15 0 16
1 2 3 5 4 7 6 10 19 24 8 14 20 27 15 23 17 26 18 28 11 22 9 21 12 25 16 30 13 29 28 29 30 1 0 3 2 6 15 20 4 10 14 21 11 19 16 25 12 22 7 18 5 17 13 26 9 23 8 24
1 2 3 5 4 7 6 10 19 24 8 14 20 27 15 23 17 26 18 28 11 22 9 21 12 25 16 30 13 29 5 6 7 9 8 11 10 14 23 28 12 18 22 29 19 27 21 30 24 3 15 26 13 25 20 2 17 0 16 1
1 2 3 5 4 7 6 10 19 24 8 14 20 27 15 23 17 26 18 28 11 22 9 21 12 25 16 30 13 29 8 9 10 12 11 14 13 17 26 0 15 21 25 1 22 30 24 2 27 6 18 29 16 28 23 5 20 3 19 4
1 2 3 5 4 7 6 10 19 24 8 14 20 27 15 23 17 26 18 28 11 22 9 21 12 25 16 30 13 29 9 10 11 13 12 15 14 18 27 1 16 22 26 2 23 0 25 3 28 7 19 30 17 29 24 6 21 4 20 5
1 2 3 5 4 7 6 10 19 24 8 14 20 27 15 23 17 26 18 28 11 22 9 21 12 25 16 30 13 29 12 13 14 16 15 18 17 21 30 4 19 25 29 5 26 3 28 6 0 10 22 2 20 1 27 9 24 7 23 8
1 2 3 5 4 7 6 10 19 24 8 14 20 27 15 23 17 26 18 28 11 22 9 21 12 25 16 30 13 29 15 16 17 19 18 21 20 24 2 7 22 28 1 8 29 6 0 9 3 13 25 5 23 4 30 12 27 10 26 11
1 2 3 5 4 7 6 10 19 24 8 14 20 27 15 23 17 26 18 28 11 22 9 21 12 25 16 30 13 29 17 18 19 21 20 23 22 26 4 9 24 30 3 10 0 8 2 11 5 15 27 7 25 6 1 14 29 12 28 13
1 2 3 5 4 7 6 10 19 24 8 14 20 27 15 23 17 26 18 28 11 22 9 21 12 25 16 30 13 29 18 19 20 22 21 24 23 27 5 10 25 0 4 11 1 9 3 12 6 16 28 8 26 7 2 15 30 13 29 14
1 2 3 5 4 7 6 10 19 24 8 14 20 27 15 23 17 26 18 28 11 22 9 21 12 25 16 30 13 29 20 21 22 24 23 26 25 29 7 12 27 2 6 13 3 11 5 14 8 18 30 10 28 9 4 17 1 15 0 16
1 2 3 5 4 7 6 10 19 24 8 14 20 27 15 23 17 26 18 28 11 22 9 21 12 25 16 30 13 29 23 24 25 27 26 29 28 1 10 15 30 5 9 16 6 14 8 17 11 21 2 13 0 12 7 20 4 18 3 19
1 2 3 5 4 7 6 10 19 24 8 14 20 27 15 23 17 26 18 28 11 22 9 21 12 25 16 30 13 29 26 27 28 30 29 1 0 4 13 18 2 8 12 19 9 17 11 20 14 24 5 16 3 15 10 23 7 21 6 22
1 2 3 5 4 7 6 10 19 24 8 14 20 27 15 23 17 26 18 28 11 22 9 21 12 25 16 30 13 29 6 7 8 10 9 12 11 15 25 30 13 19 21 28 23 0 20 29 24 3 16 27 14 26 22 4 18 1 17 2
1 2 3 5 4 7 6 10 19 24 8 14 20 27 15 23 17 26 18 28 11 22 9 21 12 25 16 30 13 29 8 9 10 12 11 14 13 17 27 1 15 21 23 30 25 2 22 0 26 5 18 29 16 28 24 6 20 3 19 4
1 2 3 5 4 7 6 10 19 24 8 14 20 27 15 23 17 26 18 28 11 22 9 21 12 25 16 30 13 29 9 10 11 13 12 15 14 18 28 2 16 22 24 0 26 3 23 1 27 6 19 30 17 29 25 7 21 4 20 5
1 2 3 5 4 7 6 10 19 24 8 14 20 27 15 23 17 26 18 28 11 22 9 21 12 25 16 30 13 29 11 12 13 15 14 17 16 20 30 4 18 24 26 2 28 5 25 3 29 8 21 1 19 0 27 9 23 6 22 7
1 2 3 5 4 7 6 10 19 24 8 14 20 27 15 23 17 26 18 28 11 22 9 21 12 25 16 30 13 29 15 16 17 19 18 21 20 24 3 8 22 28 30 6 1 9 29 7 2 12 25 5 23 4 0 13 27 10 26 11
1 2 3 5 4 7 6 10 19 24 8 14 20 27 15 23 17 26 18 28 11 22 9 21 12 25 16 30 13 29 20 21 22 24 23 26 25 29 8 13 27 2 4 11 6 14 3 12 7 17 30 10 28 9 5 18 1 15 0 16
1 2 3 5 4 7 6 10 19 24 8 14 20 27 15 23 17 26 18 28 11 22 9 21 12 25 16 30 13 29 26 27 28 30 29 1 0 4 14 19 2 8 10 17 12 20 9 18 13 23 5 16 3 15 11 24 7 21 6 22
1 2 3 5 4 7 6 10 19 24 8 14 20 27 15 23 17 26 18 28 11 22 9 21 12 25 16 30 13 29 28 29 30 1 0 3 2 6 16 21 4 10 12 19 14 22 11 20 15 25 7 18 5 17 13 26 9 23 8 24
1 2 3 5 4 7 6 10 19 24 8 14 20 27 15 23 17 26 18 28 11 22 9 21 12 25 16 30 13 29 5 6 7 9 8 11 10 14 22 27 12 18 23 30 21 29 19 28 24 3 15 26 13 25 20 2 17 0 16 1
1 2 3 5 4 7 6 10 19 24 8 14 20 27 15 23 17 26 18 28 11 22 9 21 12 25 16 30 13 29 6 7 8 10 9 12 11 15 23 28 13 19 24 0 22 30 20 29 25 4 16 27 14 26 21 3 18 1 17 2
1 2 3 5 4 7 6 10 19 24 8 14 20 27 15 23 17 26 18 28 11 22 9 21 12 25 16 30 13 29 8 9 10 12 11 14 13 17 25 30 15 21 26 2 24 1 22 0 27 6 18 29 16 28 23 5 20 3 19 4
1 2 3 5 4 7 6 10 19 24 8 14 20 27 15 23 17 26 18 28 11 22 9 21 12 25 16 30 13 29 12 13 14 16 15 18 17 21 29 3 19 25 30 6 28 5 26 4 0 10 22 2 20 1 27 9 24 7 23 8
1 2 3 5 4 7 6 10 19 24 8 14 20 27 15 23 17 26 18 28 11 22 9 21 12 25 16 30 13 29 18 19 20 22 21 24 23 27 4 9 25 0 5 12 3 11 1 10 6 16 28 8 26 7 2 15 30 13 29 14
1 2 3 5 4 7 6 10 19 24 8 14 20 27 15 23 17 26 18 28 11 22 9 21 12 25 16 30 13 29 23 24 25 27 26 29 28 1 9 14 30 5 10 17 8 16 6 15 11 21 2 13 0 12 7 20 4 18 3 19
1 2 3 5 4 7 6 10 19 24 8 14 20 27 15 23 17 26 18 28 11 22 9 21 12 25 16 30 13 29 26 27 28 30 29 1 0 4 12 17 2 8 13 20 11 19 9 18 14 24 5 16 3 15 10 23 7 21 6 22
1 2 3 5 4 7 6 10 19 24 8 14 20 27 15 23 17 26 18 28 11 22 9 21 12 25 16 30 13 29 27 28 29 0 30 2 1 5 13 18 3 9 14 21 12 20 10 19 15 25 6 17 4 16 11 24 8 22 7 23
1 2 3 5 4 7 6 10 19 24 8 14 20 27 15 23 17 26 18 28 11 22 9 21 12 25 16 30 13 29 9 10 11 13 12 15 14 18 27 1 16 22 24 0 26 3 28 6 23 2 19 30 17 29 25 7 21 4 20 5
1 2 3 5 4 7 6 10 19 24 8 14 20 27 15 23 17 26 18 28 11 22 9 21 12 25 16 30 13 29 10 11 12 14 13 16 15 19 28 2 17 23 25 1 27 4 29 7 24 3 20 0 18 30 26 8 22 5 21 6
1 2 3 5 4 7 6 10 19 24 8 14 20 27 15 23 17 26 18 28 11 22 9 21 12 25 16 30 13 29 13 14 15 17 16 19 18 22 0 5 20 26 28 4 30 7 1 10 27 6 23 3 21 2 29 11 25 8 24 9
1 2 3 5 4 7 6 10 19 24 8 14 20 27 15 23 17 26 18 28 11 22 9 21 12 25 16 30 13 29 17 18 19 21 20 23 22 26 4 9 24 30 1 8 3 11 5 14 0 10 27 7 25 6 2 15 29 12 28 13
1 2 3 5 4 7 6 10 19 24 8 14 20 27 15 23 17 26 18 28 11 22 9 21 12 25 16 30 13 29 20 21 22 24 23 26 25 29 7 12 27 2 4 11 6 14 8 17 3 13 30 10 28 9 5 18 1 15 0 16
1 2 3 5 4 7 6 10 19 24 8 14 20 27 15 23 17 26 18 28 11 22 9 21 12 25 16 30 13 29 28 29 30 1 0 3 2 6 15 20 4 10 12 19 14 22 16 25 11 21 7 18 5 17 13 26 9 23 8 24
1 2 3 5 4 7 6 10 19 24 8 14 20 27 15 23 17 26 18 28 11 22 9 21 12 25 16 30 13 29 5 6 7 9 8 11 10 14 22 27 12 18 23 30 20 28 24 2 19 29 15 26 13 25 21 3 17 0 16 1
1 2 3 5 4 7 6 10 19 24 8 14 20 27 15 23 17 26 18 28 11 22 9 21 12 25 16 30 13 29 13 14 15 17 16 19 18 22 30 4 20 26 0 7 28 5 1 10 27 6 23 3 21 2 29 11 25 8 24 9
1 2 3 5 4 7 6 10 19 24 8 14 20 27 15 23 17 26 18 28 11 22 9 21 12 25 16 30 13 29 25 26 27 29 28 0 30 3 11 16 1 7 12 19 9 17 13 22 8 18 4 15 2 14 10 23 6 20 5 21
1 2 3 5 4 7 6 10 19 24 8 14 20 27 15 23 17 26 18 28 11 22 9 21 12 25 16 30 13 29 26 27 28 30 29 1 0 4 12 17 2 8 13 20 10 18 14 23 9 19 5 16 3 15 11 24 7 21 6 22
1 2 3 5 4 7 6 10 19 24 8 14 20 27 15 23 17 26 18 28 11 22 9 21 12 25 16 30 13 29 5 6 7 9 8 11 10 14 24 29 12 18 23 30 19 27 22 0 16 26 21 1 13 25 15 28 20 3 17 2
1 2 3 5 4 7 6 10 19 24 8 14 20 27 15 23 17 26 18 28 11 22 9 21 12 25 16 30 13 29 8 9 10 12 11 14 13 17 27 1 15 21 26 2 22 30 25 3 19 29 24 4 16 28 18 0 23 6 20 5
1 2 3 5 4 7 6 10 19 24 8 14 20 27 15 23 17 26 18 28 11 22 9 21 12 25 16 30 13 29 14 15 16 18 17 20 19 23 2 7 21 27 1 8 28 5 0 9 25 4 30 10 22 3 24 6 29 12 26 11
1 2 3 5 4 7 6 10 19 24 8 14 20 27 15 23 17 26 18 28 11 22 9 21 12 25 16 30 13 29 15 16 17 19 18 21 20 24 3 8 22 28 2 9 29 6 1 10 26 5 0 11 23 4 25 7 30 13 27 12
1 2 3 5 4 7 6 10 19 24 8 14 20 27 15 23 17 26 18 28 11 22 9 21 12 25 16 30 13 29 16 17 18 20 19 22 21 25 4 9 23 29 3 10 30 7 2 11 27 6 1 12 24 5 26 8 0 14 28 13
1 2 3 5 4 7 6 10 19 24 8 14 20 27 15 23 17 26 18 28 11 22 9 21 12 25 16 30 13 29 19 20 21 23 22 25 24 28 7 12 26 1 6 13 2 10 5 14 30 9 4 15 27 8 29 11 3 17 0 16
1 2 3 5 4 7 6 10 19 24 8 14 20 27 15 23 17 26 18 28 11 22 9 21 12 25 16 30 13 29 20 21 22 24 23 26 25 29 8 13 27 2 7 14 3 11 6 15 0 10 5 16 28 9 30 12 4 18 1 17
1 2 3 5 4 7 6 10 19 24 8 14 20 27 15 23 17 26 18 28 11 22 9 21 12 25 16 30 13 29 21 22 23 25 24 27 26 30 9 14 28 3 8 15 4 12 7 16 1 11 6 17 29 10 0 13 5 19 2 18
1 2 3 5 4 7 6 10 19 24 8 14 20 27 15 23 17 26 18 28 11 22 9 21 12 25 16 30 13 29 23 24 25 27 26 29 28 1 11 16 30 5 10 17 6 14 9 18 3 13 8 19 0 12 2 15 7 21 4 20
1 2 3 5 4 7 6 10 19 24 8 14 20 27 15 23 17 26 18 28 11 22 9 21 12 25 16 30 13 29 25 26 27 29 28 0 30 3 13 18 1 7 12 19 8 16 11 20 5 15 10 21 2 14 4 17 9 23 6 22
1 2 3 5 4 7 6 10 19 24 8 14 20 27 15 23 17 26 18 28 11 22 9 21 12 25 16 30 13 29 27 28 29 0 30 2 1 5 15 20 3 9 14 21 10 18 13 22 7 17 12 23 4 16 6 19 11 25 8 24
1 2 3 5 4 7 6 10 19 24 8 14 20 27 15 23 17 26 18 28 11 22 9 21 12 25 16 30 13 29 6 7 8 10 9 12 11 15 23 28 13 19 25 1 22 30 24 2 17 27 20 0 14 26 16 29 21 4 18 3
1 2 3 5 4 7 6 10 19 24 8 14 20 27 15 23 17 26 18 28 11 22 9 21 12 25 16 30 13 29 11 12 13 15 14 17 16 20 28 2 18 24 30 6 27 4 29 7 22 1 25 5 19 0 21 3 26 9 23 8
1 2 3 5 4 7 6 10 19 24 8 14 20 27 15 23 17 26 18 28 11 22 9 21 12 25 16 30 13 29 14 15 16 18 17 20 19 23 0 5 21 27 2 9 30 7 1 10 25 4 28 8 22 3 24 6 29 12 26 11
1 2 3 5 4 7 6 10 19 24 8 14 20 27 15 23 17 26 18 28 11 22 9 21 12 25 16 30 13 29 17 18 19 21 20 23 22 26 3 8 24 30 5 12 2 10 4 13 28 7 0 11 25 6 27 9 1 15 29 14
1 2 3 5 4 7 6 10 19 24 8 14 20 27 15 23 17 26 18 28 11 22 9 21 12 25 16 30 13 29 18 19 20 22 21 24 23 27 4 9 25 0 6 13 3 11 5 14 29 8 1 12 26 7 28 10 2 16 30 15
1 2 3 5 4 7 6 10 19 24 8 14 20 27 15 23 17 26 18 28 11 22 9 21 12 25 16 30 13 29 19 20 21 23 22 25 24 28 5 10 26 1 7 14 4 12 6 15 30 9 2 13 27 8 29 11 3 17 0 16
1 2 3 5 4 7 6 10 19 24 8 14 20 27 15 23 17 26 18 28 11 22 9 21 12 25 16 30 13 29 22 23 24 26 25 28 27 0 8 13 29 4 10 17 7 15 9 18 2 12 5 16 30 11 1 14 6 20 3 19
1 2 3 5 4 7 6 10 19 24 8 14 20 27 15 23 17 26 18 28 11 22 9 21 12 25 16 30 13 29 23 24 25 27 26 29 28 1 9 14 30 5 11 18 8 16 10 19 3 13 6 17 0 12 2 15 7 21 4 20
1 2 3 5 4 7 6 10 19 24 8 14 20 27 15 23 17 26 18 28 11 22 9 21 12 25 16 30 13 29 26 27 28 30 29 1 0 4 12 17 2 8 14 21 11 19 13 22 6 16 9 20 3 15 5 18 10 24 7 23
1 2 3 5 4 7 6 10 19 24 8 14 20 27 15 23 17 26 18 28 11 22 9 21 12 25 16 30 13 29 27 28 29 0 30 2 1 5 13 18 3 9 15 22 12 20 14 23 7 17 10 21 4 16 6 19 11 25 8 24
1 2 3 5 4 7 6 10 19 24 8 14 20 27 15 23 17 26 18 28 11 22 9 21 12 25 16 30 13 29 5 6 7 9 8 11 10 14 24 29 12 18 19 26 23 0 21 30 22 1 16 27 13 25 15 28 20 3 17 2
1 2 3 5 4 7 6 10 19 24 8 14 20 27 15 23 17 26 18 28 11 22 9 21 12 25 16 30 13 29 7 8 9 11 10 13 12 16 26 0 14 20 21 28 25 2 23 1 24 3 18 29 15 27 17 30 22 5 19 4
1 2 3 5 4 7 6 10 19 24 8 14 20 27 15 23 17 26 18 28 11 22 9 21 12 25 16 30 13 29 8 9 10 12 11 14 13 17 27 1 15 21 22 29 26 3 24 2 25 4 19 30 16 28 18 0 23 6 20 5
1 2 3 5 4 7 6 10 19 24 8 14 20 27 15 23 17 26 18 28 11 22 9 21 12 25 16 30 13 29 12 13 14 16 15 18 17 21 0 5 19 25 26 2 30 7 28 6 29 8 23 3 20 1 22 4 27 10 24 9
1 2 3 5 4 7 6 10 19 24 8 14 20 27 15 23 17 26 18 28 11 22 9 21 12 25 16 30 13 29 14 15 16 18 17 20 19 23 2 7 21 27 28 4 1 9 30 8 0 10 25 5 22 3 24 6 29 12 26 11
1 2 3 5 4 7 6 10 19 24 8 14 20 27 15 23 17 26 18 28 11 22 9 21 12 25 16 30 13 29 15 16 17 19 18 21 20 24 3 8 22 28 29 5 2 10 0 9 1 11 26 6 23 4 25 7 30 13 27 12
1 2 3 5 4 7 6 10 19 24 8 14 20 27 15 23 17 26 18 28 11 22 9 21 12 25 16 30 13 29 17 18 19 21 20 23 22 26 5 10 24 30 0 7 4 12 2 11 3 13 28 8 25 6 27 9 1 15 29 14
1 2 3 5 4 7 6 10 19 24 8 14 20 27 15 23 17 26 18 28 11 22 9 21 12 25 16 30 13 29 18 19 20 22 21 24 23 27 6 11 25 0 1 8 5 13 3 12 4 14 29 9 26 7 28 10 2 16 30 15
1 2 3 5 4 7 6 10 19 24 8 14 20 27 15 23 17 26 18 28 11 22 9 21 12 25 16 30 13 29 22 23 24 26 25 28 27 0 10 15 29 4 5 12 9 17 7 16 8 18 2 13 30 11 1 14 6 20 3 19
1 2 3 5 4 7 6 10 19 24 8 14 20 27 15 23 17 26 18 28 11 22 9 21 12 25 16 30 13 29 23 24 25 27 26 29 28 1 11 16 30 5 6 13 10 18 8 17 9 19 3 14 0 12 2 15 7 21 4 20
1 2 3 5 4 7 6 10 19 24 8 14 20 27 15 23 17 26 18 28 11 22 9 21 12 25 16 30 13 29 26 27 28 30 29 1 0 4 14 19 2 8 9 16 13 21 11 20 12 22 6 17 3 15 5 18 10 24 7 23
1 2 3 5 4 7 6 10 19 24 8 14 20 27 15 23 17 26 18 28 11 22 9 21 12 25 16 30 13 29 27 28 29 0 30 2 1 5 15 20 3 9 10 17 14 22 12 21 13 23 7 18 4 16 6 19 11 25 8 24
1 2 3 5 4 7 6 10 19 24 8 14 20 27 15 23 17 26 18 28 11 22 9 21 12 25 16 30 13 29 8 9 10 12 11 14 13 17 27 1 15 21 22 29 25 2 26 4 24 3 19 30 16 28 18 0 23 6 20 5
1 2 3 5 4 7 6 10 19 24 8 14 20 27 15 23 17 26 18 28 11 22 9 21 12 25 16 30 13 29 14 15 16 18 17 20 19 23 2 7 21 27 28 4 0 8 1 10 30 9 25 5 22 3 24 6 29 12 26 11
1 2 3 5 4 7 6 10 19 24 8 14 20 27 15 23 17 26 18 28 11 22 9 21 12 25 16 30 13 29 16 17 18 20 19 22 21 25 4 9 23 29 30 6 2 10 3 12 1 11 27 7 24 5 26 8 0 14 28 13
1 2 3 5 4 7 6 10 19 24 8 14 20 27 15 23 17 26 18 28 11 22 9 21 12 25 16 30 13 29 17 18 19 21 20 23 22 26 5 10 24 30 0 7 3 11 4 13 2 12 28 8 25 6 27 9 1 15 29 14
1 2 3 5 4 7 6 10 19 24 8 14 20 27 15 23 17 26 18 28 11 22 9 21 12 25 16 30 13 29 19 20 21 23 22 25 24 28 7 12 26 1 2 9 5 13 6 15 4 14 30 10 27 8 29 11 3 17 0 16
1 2 3 5 4 7 6 10 19 24 8 14 20 27 15 23 17 26 18 28 11 22 9 21 12 25 16 30 13 29 21 22 23 25 24 27 26 30 9 14 28 3 4 11 7 15 8 17 6 16 1 12 29 10 0 13 5 19 2 18
1 2 3 5 4 7 6 10 19 24 8 14 20 27 15 23 17 26 18 28 11 22 9 21 12 25 16 30 13 29 22 23 24 26 25 28 27 0 10 15 29 4 5 12 8 16 9 18 7 17 2 13 30 11 1 14 6 20 3 19
1 2 3 5 4 7 6 10 19 24 8 14 20 27 15 23 17 26 18 28 11 22 9 21 12 25 16 30 13 29 23 24 25 27 26 29 28 1 11 16 30 5 6 13 9 17 10 19 8 18 3 14 0 12 2 15 7 21 4 20
1 2 3 5 4 7 6 10 19 24 8 14 20 27 15 23 17 26 18 28 11 22 9 21 12 25 16 30 13 29 26 27 28 30 29 1 0 4 14 19 2 8 9 16 12 20 13 22 11 21 6 17 3 15 5 18 10 24 7 23
1 2 3 5 4 7 6 10 19 24 8 14 20 27 15 23 17 26 18 28 11 22 9 21 12 25 16 30 13 29 6 7 8 10 9 12 11 15 22 27 13 19 25 1 23 0 24 2 20 30 17 28 14 26 16 29 21 4 18 3
1 2 3 5 4 7 6 10 19 24 8 14 20 27 15 23 17 26 18 28 11 22 9 21 12 25 16 30 13 29 7 8 9 11 10 13 12 16 23 28 14 20 26 2 24 1 25 3 21 0 18 29 15 27 17 30 22 5 19 4
1 2 3 5 4 7 6 10 19 24 8 14 20 27 15 23 17 26 18 28 11 22 9 21 12 25 16 30 13 29 11 12 13 15 14 17 16 20 27 1 18 24 30 6 28 5 29 7 25 4 22 2 19 0 21 3 26 9 23 8
1 2 3 5 4 7 6 10 19 24 8 14 20 27 15 23 17 26 18 28 11 22 9 21 12 25 16 30 13 29 17 18 19 21 20 23 22 26 2 7 24 30 5 12 3 11 4 13 0 10 28 8 25 6 27 9 1 15 29 14
1 2 3 5 4 7 6 10 19 24 8 14 20 27 15 23 17 26 18 28 11 22 9 21 12 25 16 30 13 29 21 22 23 25 24 27 26 30 6 11 28 3 9 16 7 15 8 17 4 14 1 12 29 10 0 13 5 19 2 18
1 2 3 5 4 7 6 10 19 24 8 14 20 27 15 23 17 26 18 28 11 22 9 21 12 25 16 30 13 29 22 23 24 26 25 28 27 0 7 12 29 4 10 17 8 16 9 18 5 15 2 13 30 11 1 14 6 20 3 19
1 2 3 5 4 7 6 10 19 24 8 14 20 27 15 23 17 26 18 28 11 22 9 21 12 25 16 30 13 29 23 24 25 27 26 29 28 1 8 13 30 5 11 18 9 17 10 19 6 16 3 14 0 12 2 15 7 21 4 20
1 2 3 5 4 7 6 10 19 24 8 14 20 27 15 23 17 26 18 28 11 22 9 21 12 25 16 30 13 29 26 27 28 30 29 1 0 4 11 16 2 8 14 21 12 20 13 22 9 19 6 17 3 15 5 18 10 24 7 23
1 2 3 5 4 7 6 10 19 24 8 14 20 27 15 23 17 26 18 28 11 22 9 21 12 25 16 30 13 29 27 28 29 0 30 2 1 5 12 17 3 9 15 22 13 21 14 23 10 20 7 18 4 16 6 19 11 25 8 24
1 2 3 5 4 7 6 10 19 24 8 14 20 27 15 23 17 26 18 28 11 22 9 21 12 25 16 30 13 29 5 6 7 9 8 11 10 14 21 26 12 18 23 30 24 1 22 0 19 29 16 27 13 25 15 28 20 3 17 2
1 2 3 5 4 7 6 10 19 24 8 14 20 27 15 23 17 26 18 28 11 22 9 21 12 25 16 30 13 29 6 7 8 10 9 12 11 15 22 27 13 19 24 0 25 2 23 1 20 30 17 28 14 26 16 29 21 4 18 3
1 2 3 5 4 7 6 10 19 24 8 14 20 27 15 23 17 26 18 28 11 22 9 21 12 25 16 30 13 29 7 8 9 11 10 13 12 16 23 28 14 20 25 1 26 3 24 2 21 0 18 29 15 27 17 30 22 5 19 4
1 2 3 5 4 7 6 10 19 24 8 14 20 27 15 23 17 26 18 28 11 22 9 21 12 25 16 30 13 29 8 9 10 12 11 14 13 17 24 29 15 21 26 2 27 4 25 3 22 1 19 30 16 28 18 0 23 6 20 5
1 2 3 5 4 7 6 10 19 24 8 14 20 27 15 23 17 26 18 28 11 22 9 21 12 25 16 30 13 29 12 13 14 16 15 18 17 21 28 2 19 25 30 6 0 8 29 7 26 5 23 3 20 1 22 4 27 10 24 9
1 2 3 5 4 7 6 10 19 24 8 14 20 27 15 23 17 26 18 28 11 22 9 21 12 25 16 30 13 29 15 16 17 19 18 21 20 24 0 5 22 28 2 9 3 11 1 10 29 8 26 6 23 4 25 7 30 13 27 12
1 2 3 5 4 7 6 10 19 24 8 14 20 27 15 23 17 26 18 28 11 22 9 21 12 25 16 30 13 29 17 18 19 21 20 23 22 26 2 7 24 30 4 11 5 13 3 12 0 10 28 8 25 6 27 9 1 15 29 14
1 2 3 5 4 7 6 10 19 24 8 14 20 27 15 23 17 26 18 28 11 22 9 21 12 25 16 30 13 29 21 22 23 25 24 27 26 30 6 11 28 3 8 15 9 17 7 16 4 14 1 12 29 10 0 13 5 19 2 18
1 2 3 5 4 7 6 10 19 24 8 14 20 27 15 23 17 26 18 28 11 22 9 21 12 25 16 30 13 29 22 23 24 26 25 28 27 0 7 12 29 4 9 16 10 18 8 17 5 15 2 13 30 11 1 14 6 20 3 19
1 2 3 5 4 7 6 10 19 24 8 14 20 27 15 23 17 26 18 28 11 22 9 21 12 25 16 30 13 29 26 27 28 30 29 1 0 4 11 16 2 8 13 20 14 22 12 21 9 19 6 17 3 15 5 18 10 24 7 23
1 2 3 5 4 7 6 10 19 24 8 14 20 27 15 23 17 26 18 28 11 22 9 21 12 25 16 30 13 29 8 9 10 12 11 14 13 17 25 30 15 21 22 29 27 4 23 1 24 3 26 6 16 28 18 0 19 2 20 5
1 2 3 5 4 7 6 10 19 24 8 14 20 27 15 23 17 26 18 28 11 22 9 21 12 25 16 30 13 29 11 12 13 15 14 17 16 20 28 2 18 24 25 1 30 7 26 4 27 6 29 9 19 0 21 3 22 5 23 8
1 2 3 5 4 7 6 10 19 24 8 14 20 27 15 23 17 26 18 28 11 22 9 21 12 25 16 30 13 29 15 16 17 19 18 21 20 24 1 6 22 28 29 5 3 11 30 8 0 10 2 13 23 4 25 7 26 9 27 12
1 2 3 5 4 7 6 10 19 24 8 14 20 27 15 23 17 26 18 28 11 22 9 21 12 25 16 30 13 29 16 17 18 20 19 22 21 25 2 7 23 29 30 6 4 12 0 9 1 11 3 14 24 5 26 8 27 10 28 13
1 2 3 5 4 7 6 10 19 24 8 14 20 27 15 23 17 26 18 28 11 22 9 21 12 25 16 30 13 29 18 19 20 22 21 24 23 27 4 9 25 0 1 8 6 14 2 11 3 13 5 16 26 7 28 10 29 12 30 15
1 2 3 5 4 7 6 10 19 24 8 14 20 27 15 23 17 26 18 28 11 22 9 21 12 25 16 30 13 29 19 20 21 23 22 25 24 28 5 10 26 1 2 9 7 15 3 12 4 14 6 17 27 8 29 11 30 13 0 16
1 2 3 5 4 7 6 10 19 24 8 14 20 27 15 23 17 26 18 28 11 22 9 21 12 25 16 30 13 29 20 21 22 24 23 26 25 29 6 11 27 2 3 10 8 16 4 13 5 15 7 18 28 9 30 12 0 14 1 17
1 2 3 5 4 7 6 10 19 24 8 14 20 27 15 23 17 26 18 28 11 22 9 21 12 25 16 30 13 29 21 22 23 25 24 27 26 30 7 12 28 3 4 11 9 17 5 14 6 16 8 19 29 10 0 13 1 15 2 18
1 2 3 5 4 7 6 10 19 24 8 14 20 27 15 23 17 26 18 28 11 22 9 21 12 25 16 30 13 29 23 24 25 27 26 29 28 1 9 14 30 5 6 13 11 19 7 16 8 18 10 21 0 12 2 15 3 17 4 20
1 2 3 5 4 7 6 10 19 24 8 14 20 27 15 23 17 26 18 28 11 22 9 21 12 25 16 30 13 29 26 27 28 30 29 1 0 4 12 17 2 8 9 16 14 22 10 19 11 21 13 24 3 15 5 18 6 20 7 23
1 2 3 5 4 7 6 10 19 24 8 14 20 27 15 23 17 26 18 28 11 22 9 21 12 25 16 30 13 29 29 30 0 2 1 4 3 7 15 20 5 11 12 19 17 25 13 22 14 24 16 27 6 18 8 21 9 23 10 26
1 2 3 5 4 7 6 10 19 24 8 14 20 27 15 23 17 26 18 28 11 22 9 21 12 25 16 30 13 29 7 8 9 11 10 13 12 16 24 29 14 20 21 28 25 2 22 0 26 5 23 3 15 27 17 30 18 1 19 4
1 2 3 5 4 7 6 10 19 24 8 14 20 27 15 23 17 26 18 28 11 22 9 21 12 25 16 30 13 29 8 9 10 12 11 14 13 17 25 30 15 21 22 29 26 3 23 1 27 6 24 4 16 28 18 0 19 2 20 5
1 2 3 5 4 7 6 10 19 24 8 14 20 27 15 23 17 26 18 28 11 22 9 21 12 25 16 30 13 29 11 12 13 15 14 17 16 20 28 2 18 24 25 1 29 6 26 4 30 9 27 7 19 0 21 3 22 5 23 8
1 2 3 5 4 7 6 10 19 24 8 14 20 27 15 23 17 26 18 28 11 22 9 21 12 25 16 30 13 29 14 15 16 18 17 20 19 23 0 5 21 27 28 4 1 9 29 7 2 12 30 10 22 3 24 6 25 8 26 11
1 2 3 5 4 7 6 10 19 24 8 14 20 27 15 23 17 26 18 28 11 22 9 21 12 25 16 30 13 29 18 19 20 22 21 24 23 27 4 9 25 0 1 8 5 13 2 11 6 16 3 14 26 7 28 10 29 12 30 15
1 2 3 5 4 7 6 10 19 24 8 14 20 27 15 23 17 26 18 28 11 22 9 21 12 25 16 30 13 29 20 21 22 24 23 26 25 29 6 11 27 2 3 10 7 15 4 13 8 18 5 16 28 9 30 12 0 14 1 17
1 2 3 5 4 7 6 10 19 24 8 14 20 27 15 23 17 26 18 28 11 22 9 21 12 25 16 30 13 29 21 22 23 25 24 27 26 30 7 12 28 3 4 11 8 16 5 14 9 19 6 17 29 10 0 13 1 15 2 18
1 2 3 5 4 7 6 10 19 24 8 14 20 27 15 23 17 26 18 28 11 22 9 21 12 25 16 30 13 29 22 23 24 26 25 28 27 0 8 13 29 4 5 12 9 17 6 15 10 20 7 18 30 11 1 14 2 16 3 19
1 2 3 5 4 7 6 10 19 24 8 14 20 27 15 23 17 26 18 28 11 22 9 21 12 25 16 30 13 29 23 24 25 27 26 29 28 1 9 14 30 5 6 13 10 18 7 16 11 21 8 19 0 12 2 15 3 17 4 20
1 2 3 5 4 7 6 10 19 24 8 14 20 27 15 23 17 26 18 28 11 22 9 21 12 25 16 30 13 29 29 30 0 2 1 4 3 7 15 20 5 11 12 19 16 24 13 22 17 27 14 25 6 18 8 21 9 23 10 26
1 2 3 5 4 7 6 10 19 24 8 14 20 27 15 23 17 26 18 28 11 22 9 21 12 25 16 30 13 29 4 5 6 8 7 10 9 13 21 26 11 17 18 25 20 28 22 0 23 2 19 30 12 24 14 27 15 29 16 1
1 2 3 5 4 7 6 10 19 24 8 14 20 27 15 23 17 26 18 28 11 22 9 21 12 25 16 30 13 29 11 12 13 15 14 17 16 20 28 2 18 24 25 1 27 4 29 7 30 9 26 6 19 0 21 3 22 5 23 8
1 2 3 5 4 7 6 10 19 24 8 14 20 27 15 23 17 26 18 28 11 22 9 21 12 25 16 30 13 29 16 17 18 20 19 22 21 25 2 7 23 29 30 6 1 9 3 12 4 14 0 11 24 5 26 8 27 10 28 13
1 2 3 5 4 7 6 10 19 24 8 14 20 27 15 23 17 26 18 28 11 22 9 21 12 25 16 30 13 29 18 19 20 22 21 24 23 27 4 9 25 0 1 8 3 11 5 14 6 16 2 13 26 7 28 10 29 12 30 15
1 2 3 5 4 7 6 10 19 24 8 14 20 27 15 23 17 26 18 28 11 22 9 21 12 25 16 30 13 29 19 20 21 23 22 25 24 28 5 10 26 1 2 9 4 12 6 15 7 17 3 14 27 8 29 11 30 13 0 16
1 2 3 5 4 7 6 10 19 24 8 14 20 27 15 23 17 26 18 28 11 22 9 21 12 25 16 30 13 29 20 21 22 24 23 26 25 29 6 11 27 2 3 10 5 13 7 16 8 18 4 15 28 9 30 12 0 14 1 17
1 2 3 5 4 7 6 10 19 24 8 14 20 27 15 23 17 26 18 28 11 22 9 21 12 25 16 30 13 29 21 22 23 25 24 27 26 30 7 12 28 3 4 11 6 14 8 17 9 19 5 16 29 10 0 13 1 15 2 18
1 2 3 5 4 7 6 10 19 24 8 14 20 27 15 23 17 26 18 28 11 22 9 21 12 25 16 30 13 29 23 24 25 27 26 29 28 1 9 14 30 5 6 13 8 16 10 19 11 21 7 18 0 12 2 15 3 17 4 20
1 2 3 5 4 7 6 10 19 24 8 14 20 27 15 23 17 26 18 28 11 22 9 21 12 25 16 30 13 29 4 5 6 8 7 10 9 13 20 25 11 17 23 30 18 26 19 28 21 0 22 2 12 24 14 27 15 29 16 1
1 2 3 5 4 7 6 10 19 24 8 14 20 27 15 23 17 26 18 28 11 22 9 21 12 25 16 30 13 29 6 7 8 10 9 12 11 15 22 27 13 19 25 1 20 28 21 30 23 2 24 4 14 26 16 29 17 0 18 3
1 2 3 5 4 7 6 10 19 24 8 14 20 27 15 23 17 26 18 28 11 22 9 21 12 25 16 30 13 29 11 12 13 15 14 17 16 20 27 1 18 24 30 6 25 2 26 4 28 7 29 9 19 0 21 3 22 5 23 8
1 2 3 5 4 7 6 10 19 24 8 14 20 27 15 23 17 26 18 28 11 22 9 21 12 25 16 30 13 29 14 15 16 18 17 20 19 23 30 4 21 27 2 9 28 5 29 7 0 10 1 12 22 3 24 6 25 8 26 11
1 2 3 5 4 7 6 10 19 24 8 14 20 27 15 23 17 26 18 28 11 22 9 21 12 25 16 30 13 29 15 16 17 19 18 21 20 24 0 5 22 28 3 10 29 6 30 8 1 11 2 13 23 4 25 7 26 9 27 12
1 2 3 5 4 7 6 10 19 24 8 14 20 27 15 23 17 26 18 28 11 22 9 21 12 25 16 30 13 29 18 19 20 22 21 24 23 27 3 8 25 0 6 13 1 9 2 11 4 14 5 16 26 7 28 10 29 12 30 15
1 2 3 5 4 7 6 10 19 24 8 14 20 27 15 23 17 26 18 28 11 22 9 21 12 25 16 30 13 29 20 21 22 24 23 26 25 29 5 10 27 2 8 15 3 11 4 13 6 16 7 18 28 9 30 12 0 14 1 17
1 2 3 5 4 7 6 10 19 24 8 14 20 27 15 23 17 26 18 28 11 22 9 21 12 25 16 30 13 29 21 22 23 25 24 27 26 30 6 11 28 3 9 16 4 12 5 14 7 17 8 19 29 10 0 13 1 15 2 18
1 2 3 5 4 7 6 10 19 24 8 14 20 27 15 23 17 26 18 28 11 22 9 21 12 25 16 30 13 29 23 24 25 27 26 29 28 1 8 13 30 5 11 18 6 14 7 16 9 19 10 21 0 12 2 15 3 17 4 20
1 2 3 5 4 7 6 10 19 24 8 14 20 27 15 23 17 26 18 28 11 22 9 21 12 25 16 30 13 29 29 30 0 2 1 4 3 7 14 19 5 11 17 24 12 20 13 22 15 25 16 27 6 18 8 21 9 23 10 26
1 2 3 5 4 7 6 10 19 24 8 14 20 27 15 23 17 26 18 28 11 22 9 21 12 25 16 30 13 29 0 1 2 4 3 6 5 9 16 21 7 13 19 26 14 22 15 24 17 27 18 29 8 20 10 23 11 25 12 28
1 2 3 5 4 7 6 10 19 24 8 14 20 27 15 23 17 26 18 28 11 22 9 21 12 25 16 30 13 29 4 5 6 8 7 10 9 13 20 25 11 17 21 28 18 26 22 0 23 2 19 30 12 24 14 27 15 29 16 1
1 2 3 5 4 7 6 10 19 24 8 14 20 27 15 23 17 26 18 28 11 22 9 21 12 25 16 30 13 29 6 7 8 10 9 12 11 15 22 27 13 19 23 30 20 28 24 2 25 4 21 1 14 26 16 29 17 0 18 3
1 2 3 5 4 7 6 10 19 24 8 14 20 27 15 23 17 26 18 28 11 22 9 21 12 25 16 30 13 29 8 9 10 12 11 14 13 17 24 29 15 21 25 1 22 30 26 4 27 6 23 3 16 28 18 0 19 2 20 5
1 2 3 5 4 7 6 10 19 24 8 14 20 27 15 23 17 26 18 28 11 22 9 21 12 25 16 30 13 29 10 11 12 14 13 16 15 19 26 0 17 23 27 3 24 1 28 6 29 8 25 5 18 30 20 2 21 4 22 7
1 2 3 5 4 7 6 10 19 24 8 14 20 27 15 23 17 26 18 28 11 22 9 21 12 25 16 30 13 29 13 14 15 17 16 19 18 22 29 3 20 26 30 6 27 4 0 9 1 11 28 8 21 2 23 5 24 7 25 10
1 2 3 5 4 7 6 10 19 24 8 14 20 27 15 23 17 26 18 28 11 22 9 21 12 25 16 30 13 29 15 16 17 19 18 21 20 24 0 5 22 28 1 8 29 6 2 11 3 13 30 10 23 4 25 7 26 9 27 12
1 2 3 5 4 7 6 10 19 24 8 14 20 27 15 23 17 26 18 28 11 22 9 21 12 25 16 30 13 29 20 21 22 24 23 26 25 29 5 10 27 2 6 13 3 11 7 16 8 18 4 15 28 9 30 12 0 14 1 17
1 2 3 5 4 7 6 10 19 24 8 14 20 27 15 23 17 26 18 28 11 22 9 21 12 25 16 30 13 29 23 24 25 27 26 29 28 1 8 13 30 5 9 16 6 14 10 19 11 21 7 18 0 12 2 15 3 17 4 20
1 2 3 5 4 7 6 10 19 24 8 14 20 27 15 23 17 26 18 28 11 22 9 21 12 25 16 30 13 29 25 26 27 29 28 0 30 3 10 15 1 7 11 18 8 16 12 21 13 23 9 20 2 14 4 17 5 19 6 22
1 2 3 5 4 7 6 10 19 24 8 14 20 27 15 23 17 26 18 28 11 22 9 21 12 25 16 30 13 29 29 30 0 2 1 4 3 7 14 19 5 11 15 22 12 20 16 25 17 27 13 24 6 18 8 21 9 23 10 26
1 2 3 5 4 7 6 10 19 24 8 14 20 27 15 23 17 26 18 28 11 22 9 21 12 25 16 30 13 29 6 7 8 10 9 12 11 15 22 27 13 19 21 28 25 2 23 1 20 30 24 4 14 26 16 29 17 0 18 3
1 2 3 5 4 7 6 10 19 24 8 14 20 27 15 23 17 26 18 28 11 22 9 21 12 25 16 30 13 29 8 9 10 12 11 14 13 17 24 29 15 21 23 30 27 4 25 3 22 1 26 6 16 28 18 0 19 2 20 5
1 2 3 5 4 7 6 10 19 24 8 14 20 27 15 23 17 26 18 28 11 22 9 21 12 25 16 30 13 29 10 11 12 14 13 16 15 19 26 0 17 23 25 1 29 6 27 5 24 3 28 8 18 30 20 2 21 4 22 7
1 2 3 5 4 7 6 10 19 24 8 14 20 27 15 23 17 26 18 28 11 22 9 21 12 25 16 30 13 29 12 13 14 16 15 18 17 21 28 2 19 25 27 3 0 8 29 7 26 5 30 10 20 1 22 4 23 6 24 9
1 2 3 5 4 7 6 10 19 24 8 14 20 27 15 23 17 26 18 28 11 22 9 21 12 25 16 30 13 29 15 16 17 19 18 21 20 24 0 5 22 28 30 6 3 11 1 10 29 8 2 13 23 4 25 7 26 9 27 12
1 2 3 5 4 7 6 10 19 24 8 14 20 27 15 23 17 26 18 28 11 22 9 21 12 25 16 30 13 29 16 17 18 20 19 22 21 25 1 6 23 29 0 7 4 12 2 11 30 9 3 14 24 5 26 8 27 10 28 13
1 2 3 5 4 7 6 10 19 24 8 14 20 27 15 23 17 26 18 28 11 22 9 21 12 25 16 30 13 29 20 21 22 24 23 26 25 29 5 10 27 2 4 11 8 16 6 15 3 13 7 18 28 9 30 12 0 14 1 17
1 2 3 5 4 7 6 10 19 24 8 14 20 27 15 23 17 26 18 28 11 22 9 21 12 25 16 30 13 29 23 24 25 27 26 29 28 1 8 13 30 5 7 14 11 19 9 18 6 16 10 21 0 12 2 15 3 17 4 20
1 2 3 5 4 7 6 10 19 24 8 14 20 27 15 23 17 26 18 28 11 22 9 21 12 25 16 30 13 29 25 26 27 29 28 0 30 3 10 15 1 7 9 16 13 21 11 20 8 18 12 23 2 14 4 17 5 19 6 22
1 2 3 5 4 7 6 10 19 24 8 14 20 27 15 23 17 26 18 28 11 22 9 21 12 25 16 30 13 29 4 5 6 8 7 10 9 13 23 28 11 17 22 29 18 26 16 25 20 30 21 1 12 24 14 27 19 2 15 0
1 2 3 5 4 7 6 10 19 24 8 14 20 27 15 23 17 26 18 28 11 22 9 21 12 25 16 30 13 29 7 8 9 11 10 13 12 16 26 0 14 20 25 1 21 29 19 28 23 2 24 4 15 27 17 30 22 5 18 3
1 2 3 5 4 7 6 10 19 24 8 14 20 27 15 23 17 26 18 28 11 22 9 21 12 25 16 30 13 29 11 12 13 15 14 17 16 20 30 4 18 24 29 5 25 2 23 1 27 6 28 8 19 0 21 3 26 9 22 7
1 2 3 5 4 7 6 10 19 24 8 14 20 27 15 23 17 26 18 28 11 22 9 21 12 25 16 30 13 29 12 13 14 16 15 18 17 21 0 5 19 25 30 6 26 3 24 2 28 7 29 9 20 1 22 4 27 10 23 8
1 2 3 5 4 7 6 10 19 24 8 14 20 27 15 23 17 26 18 28 11 22 9 21 12 25 16 30 13 29 14 15 16 18 17 20 19 23 2 7 21 27 1 8 28 5 26 4 30 9 0 11 22 3 24 6 29 12 25 10
1 2 3 5 4 7 6 10 19 24 8 14 20 27 15 23 17 26 18 28 11 22 9 21 12 25 16 30 13 29 15 16 17 19 18 21 20 24 3 8 22 28 2 9 29 6 27 5 0 10 1 12 23 4 25 7 30 13 26 11
1 2 3 5 4 7 6 10 19 24 8 14 20 27 15 23 17 26 18 28 11 22 9 21 12 25 16 30 13 29 16 17 18 20 19 22 21 25 4 9 23 29 3 10 30 7 28 6 1 11 2 13 24 5 26 8 0 14 27 12
1 2 3 5 4 7 6 10 19 24 8 14 20 27 15 23 17 26 18 28 11 22 9 21 12 25 16 30 13 29 18 19 20 22 21 24 23 27 6 11 25 0 5 12 1 9 30 8 3 13 4 15 26 7 28 10 2 16 29 14
1 2 3 5 4 7 6 10 19 24 8 14 20 27 15 23 17 26 18 28 11 22 9 21 12 25 16 30 13 29 19 20 21 23 22 25 24 28 7 12 26 1 6 13 2 10 0 9 4 14 5 16 27 8 29 11 3 17 30 15
1 2 3 5 4 7 6 10 19 24 8 14 20 27 15 23 17 26 18 28 11 22 9 21 12 25 16 30 13 29 20 21 22 24 23 26 25 29 8 13 27 2 7 14 3 11 1 10 5 15 6 17 28 9 30 12 4 18 0 16
1 2 3 5 4 7 6 10 19 24 8 14 20 27 15 23 17 26 18 28 11 22 9 21 12 25 16 30 13 29 21 22 23 25 24 27 26 30 9 14 28 3 8 15 4 12 2 11 6 16 7 18 29 10 0 13 5 19 1 17
1 2 3 5 4 7 6 10 19 24 8 14 20 27 15 23 17 26 18 28 11 22 9 21 12 25 16 30 13 29 23 24 25 27 26 29 28 1 11 16 30 5 10 17 6 14 4 13 8 18 9 20 0 12 2 15 7 21 3 19
1 2 3 5 4 7 6 10 19 24 8 14 20 27 15 23 17 26 18 28 11 22 9 21 12 25 16 30 13 29 28 29 30 1 0 3 2 6 16 21 4 10 15 22 11 19 9 18 13 23 14 25 5 17 7 20 12 26 8 24
1 2 3 5 4 7 6 10 19 24 8 14 20 27 15 23 17 26 18 28 11 22 9 21 12 25 16 30 13 29 29 30 0 2 1 4 3 7 17 22 5 11 16 23 12 20 10 19 14 24 15 26 6 18 8 21 13 27 9 25
1 2 3 5 4 7 6 10 19 24 8 14 20 27 15 23 17 26 18 28 11 22 9 21 12 25 16 30 13 29 4 5 6 8 7 10 9 13 21 26 11 17 23 30 20 28 16 25 22 1 18 29 12 24 14 27 19 2 15 0
1 2 3 5 4 7 6 10 19 24 8 14 20 27 15 23 17 26 18 28 11 22 9 21 12 25 16 30 13 29 7 8 9 11 10 13 12 16 24 29 14 20 26 2 23 0 19 28 25 4 21 1 15 27 17 30 22 5 18 3
1 2 3 5 4 7 6 10 19 24 8 14 20 27 15 23 17 26 18 28 11 22 9 21 12 25 16 30 13 29 9 10 11 13 12 15 14 18 26 0 16 22 28 4 25 2 21 30 27 6 23 3 17 29 19 1 24 7 20 5
1 2 3 5 4 7 6 10 19 24 8 14 20 27 15 23 17 26 18 28 11 22 9 21 12 25 16 30 13 29 11 12 13 15 14 17 16 20 28 2 18 24 30 6 27 4 23 1 29 8 25 5 19 0 21 3 26 9 22 7
1 2 3 5 4 7 6 10 19 24 8 14 20 27 15 23 17 26 18 28 11 22 9 21 12 25 16 30 13 29 14 15 16 18 17 20 19 23 0 5 21 27 2 9 30 7 26 4 1 11 28 8 22 3 24 6 29 12 25 10
1 2 3 5 4 7 6 10 19 24 8 14 20 27 15 23 17 26 18 28 11 22 9 21 12 25 16 30 13 29 16 17 18 20 19 22 21 25 2 7 23 29 4 11 1 9 28 6 3 13 30 10 24 5 26 8 0 14 27 12
1 2 3 5 4 7 6 10 19 24 8 14 20 27 15 23 17 26 18 28 11 22 9 21 12 25 16 30 13 29 17 18 19 21 20 23 22 26 3 8 24 30 5 12 2 10 29 7 4 14 0 11 25 6 27 9 1 15 28 13
1 2 3 5 4 7 6 10 19 24 8 14 20 27 15 23 17 26 18 28 11 22 9 21 12 25 16 30 13 29 19 20 21 23 22 25 24 28 5 10 26 1 7 14 4 12 0 9 6 16 2 13 27 8 29 11 3 17 30 15
1 2 3 5 4 7 6 10 19 24 8 14 20 27 15 23 17 26 18 28 11 22 9 21 12 25 16 30 13 29 20 21 22 24 23 26 25 29 6 11 27 2 8 15 5 13 1 10 7 17 3 14 28 9 30 12 4 18 0 16
1 2 3 5 4 7 6 10 19 24 8 14 20 27 15 23 17 26 18 28 11 22 9 21 12 25 16 30 13 29 23 24 25 27 26 29 28 1 9 14 30 5 11 18 8 16 4 13 10 20 6 17 0 12 2 15 7 21 3 19
1 2 3 5 4 7 6 10 19 24 8 14 20 27 15 23 17 26 18 28 11 22 9 21 12 25 16 30 13 29 27 28 29 0 30 2 1 5 13 18 3 9 15 22 12 20 8 17 14 24 10 21 4 16 6 19 11 25 7 23
1 2 3 5 4 7 6 10 19 24 8 14 20 27 15 23 17 26 18 28 11 22 9 21 12 25 16 30 13 29 29 30 0 2 1 4 3 7 15 20 5 11 17 24 14 22 10 19 16 26 12 23 6 18 8 21 13 27 9 25
1 2 3 5 4 7 6 10 19 24 8 14 20 27 15 23 17 26 18 28 11 22 9 21 12 25 16 30 13 29 6 7 8 10 9 12 11 15 25 30 13 19 21 28 23 0 18 27 22 1 24 4 14 26 16 29 20 3 17 2
1 2 3 5 4 7 6 10 19 24 8 14 20 27 15 23 17 26 18 28 11 22 9 21 12 25 16 30 13 29 7 8 9 11 10 13 12 16 26 0 14 20 22 29 24 1 19 28 23 2 25 5 15 27 17 30 21 4 18 3
1 2 3 5 4 7 6 10 19 24 8 14 20 27 15 23 17 26 18 28 11 22 9 21 12 25 16 30 13 29 11 12 13 15 14 17 16 20 30 4 18 24 26 2 28 5 23 1 27 6 29 9 19 0 21 3 25 8 22 7
1 2 3 5 4 7 6 10 19 24 8 14 20 27 15 23 17 26 18 28 11 22 9 21 12 25 16 30 13 29 14 15 16 18 17 20 19 23 2 7 21 27 29 5 0 8 26 4 30 9 1 12 22 3 24 6 28 11 25 10
1 2 3 5 4 7 6 10 19 24 8 14 20 27 15 23 17 26 18 28 11 22 9 21 12 25 16 30 13 29 15 16 17 19 18 21 20 24 3 8 22 28 30 6 1 9 27 5 0 10 2 13 23 4 25 7 29 12 26 11
1 2 3 5 4 7 6 10 19 24 8 14 20 27 15 23 17 26 18 28 11 22 9 21 12 25 16 30 13 29 16 17 18 20 19 22 21 25 4 9 23 29 0 7 2 10 28 6 1 11 3 14 24 5 26 8 30 13 27 12
1 2 3 5 4 7 6 10 19 24 8 14 20 27 15 23 17 26 18 28 11 22 9 21 12 25 16 30 13 29 17 18 19 21 20 23 22 26 5 10 24 30 1 8 3 11 29 7 2 12 4 15 25 6 27 9 0 14 28 13
1 2 3 5 4 7 6 10 19 24 8 14 20 27 15 23 17 26 18 28 11 22 9 21 12 25 16 30 13 29 19 20 21 23 22 25 24 28 7 12 26 1 3 10 5 13 0 9 4 14 6 17 27 8 29 11 2 16 30 15
1 2 3 5 4 7 6 10 19 24 8 14 20 27 15 23 17 26 18 28 11 22 9 21 12 25 16 30 13 29 23 24 25 27 26 29 28 1 11 16 30 5 7 14 9 17 4 13 8 18 10 21 0 12 2 15 6 20 3 19
1 2 3 5 4 7 6 10 19 24 8 14 20 27 15 23 17 26 18 28 11 22 9 21 12 25 16 30 13 29 4 5 6 8 7 10 9 13 21 26 11 17 23 30 20 28 16 25 19 29 22 2 12 24 14 27 18 1 15 0
1 2 3 5 4 7 6 10 19 24 8 14 20 27 15 23 17 26 18 28 11 22 9 21 12 25 16 30 13 29 6 7 8 10 9 12 11 15 23 28 13 19 25 1 22 30 18 27 21 0 24 4 14 26 16 29 20 3 17 2
1 2 3 5 4 7 6 10 19 24 8 14 20 27 15 23 17 26 18 28 11 22 9 21 12 25 16 30 13 29 7 8 9 11 10 13 12 16 24 29 14 20 26 2 23 0 19 28 22 1 25 5 15 27 17 30 21 4 18 3
1 2 3 5 4 7 6 10 19 24 8 14 20 27 15 23 17 26 18 28 11 22 9 21 12 25 16 30 13 29 8 9 10 12 11 14 13 17 25 30 15 21 27 3 24 1 20 29 23 2 26 6 16 28 18 0 22 5 19 4
1 2 3 5 4 7 6 10 19 24 8 14 20 27 15 23 17 26 18 28 11 22 9 21 12 25 16 30 13 29 9 10 11 13 12 15 14 18 26 0 16 22 28 4 25 2 21 30 24 3 27 7 17 29 19 1 23 6 20 5
1 2 3 5 4 7 6 10 19 24 8 14 20 27 15 23 17 26 18 28 11 22 9 21 12 25 16 30 13 29 11 12 13 15 14 17 16 20 28 2 18 24 30 6 27 4 23 1 26 5 29 9 19 0 21 3 25 8 22 7
1 2 3 5 4 7 6 10 19 24 8 14 20 27 15 23 17 26 18 28 11 22 9 21 12 25 16 30 13 29 13 14 15 17 16 19 18 22 30 4 20 26 1 8 29 6 25 3 28 7 0 11 21 2 23 5 27 10 24 9
1 2 3 5 4 7 6 10 19 24 8 14 20 27 15 23 17 26 18 28 11 22 9 21 12 25 16 30 13 29 14 15 16 18 17 20 19 23 0 5 21 27 2 9 30 7 26 4 29 8 1 12 22 3 24 6 28 11 25 10
1 2 3 5 4 7 6 10 19 24 8 14 20 27 15 23 17 26 18 28 11 22 9 21 12 25 16 30 13 29 16 17 18 20 19 22 21 25 2 7 23 29 4 11 1 9 28 6 0 10 3 14 24 5 26 8 30 13 27 12
1 2 3 5 4 7 6 10 19 24 8 14 20 27 15 23 17 26 18 28 11 22 9 21 12 25 16 30 13 29 17 18 19 21 20 23 22 26 3 8 24 30 5 12 2 10 29 7 1 11 4 15 25 6 27 9 0 14 28 13
1 2 3 5 4 7 6 10 19 24 8 14 20 27 15 23 17 26 18 28 11 22 9 21 12 25 16 30 13 29 18 19 20 22 21 24 23 27 4 9 25 0 6 13 3 11 30 8 2 12 5 16 26 7 28 10 1 15 29 14
1 2 3 5 4 7 6 10 19 24 8 14 20 27 15 23 17 26 18 28 11 22 9 21 12 25 16 30 13 29 19 20 21 23 22 25 24 28 5 10 26 1 7 14 4 12 0 9 3 13 6 17 27 8 29 11 2 16 30 15
1 2 3 5 4 7 6 10 19 24 8 14 20 27 15 23 17 26 18 28 11 22 9 21 12 25 16 30 13 29 20 21 22 24 23 26 25 29 6 11 27 2 8 15 5 13 1 10 4 14 7 18 28 9 30 12 3 17 0 16
1 2 3 5 4 7 6 10 19 24 8 14 20 27 15 23 17 26 18 28 11 22 9 21 12 25 16 30 13 29 26 27 28 30 29 1 0 4 12 17 2 8 14 21 11 19 7 16 10 20 13 24 3 15 5 18 9 23 6 22
1 2 3 5 4 7 6 10 19 24 8 14 20 27 15 23 17 26 18 28 11 22 9 21 12 25 16 30 13 29 7 8 9 11 10 13 12 16 24 29 14 20 25 1 23 0 19 28 26 5 22 2 15 27 17 30 21 4 18 3
1 2 3 5 4 7 6 10 19 24 8 14 20 27 15 23 17 26 18 28 11 22 9 21 12 25 16 30 13 29 11 12 13 15 14 17 16 20 28 2 18 24 29 5 27 4 23 1 30 9 26 6 19 0 21 3 25 8 22 7
1 2 3 5 4 7 6 10 19 24 8 14 20 27 15 23 17 26 18 28 11 22 9 21 12 25 16 30 13 29 13 14 15 17 16 19 18 22 30 4 20 26 0 7 29 6 25 3 1 11 28 8 21 2 23 5 27 10 24 9
1 2 3 5 4 7 6 10 19 24 8 14 20 27 15 23 17 26 18 28 11 22 9 21 12 25 16 30 13 29 16 17 18 20 19 22 21 25 2 7 23 29 3 10 1 9 28 6 4 14 0 11 24 5 26 8 30 13 27 12
1 2 3 5 4 7 6 10 19 24 8 14 20 27 15 23 17 26 18 28 11 22 9 21 12 25 16 30 13 29 18 19 20 22 21 24 23 27 4 9 25 0 5 12 3 11 30 8 6 16 2 13 26 7 28 10 1 15 29 14
1 2 3 5 4 7 6 10 19 24 8 14 20 27 15 23 17 26 18 28 11 22 9 21 12 25 16 30 13 29 19 20 21 23 22 25 24 28 5 10 26 1 6 13 4 12 0 9 7 17 3 14 27 8 29 11 2 16 30 15
1 2 3 5 4 7 6 10 19 24 8 14 20 27 15 23 17 26 18 28 11 22 9 21 12 25 16 30 13 29 20 21 22 24 23 26 25 29 6 11 27 2 7 14 5 13 1 10 8 18 4 15 28 9 30 12 3 17 0 16
1 2 3 5 4 7 6 10 19 24 8 14 20 27 15 23 17 26 18 28 11 22 9 21 12 25 16 30 13 29 21 22 23 25 24 27 26 30 7 12 28 3 8 15 6 14 2 11 9 19 5 16 29 10 0 13 4 18 1 17
1 2 3 5 4 7 6 10 19 24 8 14 20 27 15 23 17 26 18 28 11 22 9 21 12 25 16 30 13 29 22 23 24 26 25 28 27 0 8 13 29 4 9 16 7 15 3 12 10 20 6 17 30 11 1 14 5 19 2 18
1 2 3 5 4 7 6 10 19 24 8 14 20 27 15 23 17 26 18 28 11 22 9 21 12 25 16 30 13 29 23 24 25 27 26 29 28 1 9 14 30 5 10 17 8 16 4 13 11 21 7 18 0 12 2 15 6 20 3 19
1 2 3 5 4 7 6 10 19 24 8 14 20 27 15 23 17 26 18 28 11 22 9 21 12 25 16 30 13 29 25 26 27 29 28 0 30 3 11 16 1 7 12 19 10 18 6 15 13 23 9 20 2 14 4 17 8 22 5 21
1 2 3 5 4 7 6 10 19 24 8 14 20 27 15 23 17 26 18 28 11 22 9 21 12 25 16 30 13 29 26 27 28 30 29 1 0 4 12 17 2 8 13 20 11 19 7 16 14 24 10 21 3 15 5 18 9 23 6 22
1 2 3 5 4 7 6 10 19 24 8 14 20 27 15 23 17 26 18 28 11 22 9 21 12 25 16 30 13 29 29 30 0 2 1 4 3 7 15 20 5 11 16 23 14 22 10 19 17 27 13 24 6 18 8 21 12 26 9 25
1 2 3 5 4 7 6 10 19 24 8 14 20 27 15 23 17 26 18 28 11 22 9 21 12 25 16 30 13 29 5 6 7 9 8 11 10 14 24 29 12 18 19 26 23 0 21 30 17 27 22 2 13 25 15 28 20 3 16 1
1 2 3 5 4 7 6 10 19 24 8 14 20 27 15 23 17 26 18 28 11 22 9 21 12 25 16 30 13 29 9 10 11 13 12 15 14 18 28 2 16 22 23 30 27 4 25 3 21 0 26 6 17 29 19 1 24 7 20 5
1 2 3 5 4 7 6 10 19 24 8 14 20 27 15 23 17 26 18 28 11 22 9 21 12 25 16 30 13 29 11 12 13 15 14 17 16 20 30 4 18 24 25 1 29 6 27 5 23 2 28 8 19 0 21 3 26 9 22 7
1 2 3 5 4 7 6 10 19 24 8 14 20 27 15 23 17 26 18 28 11 22 9 21 12 25 16 30 13 29 12 13 14 16 15 18 17 21 0 5 19 25 26 2 30 7 28 6 24 3 29 9 20 1 22 4 27 10 23 8
1 2 3 5 4 7 6 10 19 24 8 14 20 27 15 23 17 26 18 28 11 22 9 21 12 25 16 30 13 29 14 15 16 18 17 20 19 23 2 7 21 27 28 4 1 9 30 8 26 5 0 11 22 3 24 6 29 12 25 10
1 2 3 5 4 7 6 10 19 24 8 14 20 27 15 23 17 26 18 28 11 22 9 21 12 25 16 30 13 29 15 16 17 19 18 21 20 24 3 8 22 28 29 5 2 10 0 9 27 6 1 12 23 4 25 7 30 13 26 11
1 2 3 5 4 7 6 10 19 24 8 14 20 27 15 23 17 26 18 28 11 22 9 21 12 25 16 30 13 29 17 18 19 21 20 23 22 26 5 10 24 30 0 7 4 12 2 11 29 8 3 14 25 6 27 9 1 15 28 13
1 2 3 5 4 7 6 10 19 24 8 14 20 27 15 23 17 26 18 28 11 22 9 21 12 25 16 30 13 29 18 19 20 22 21 24 23 27 6 11 25 0 1 8 5 13 3 12 30 9 4 15 26 7 28 10 2 16 29 14
1 2 3 5 4 7 6 10 19 24 8 14 20 27 15 23 17 26 18 28 11 22 9 21 12 25 16 30 13 29 20 21 22 24 23 26 25 29 8 13 27 2 3 10 7 15 5 14 1 11 6 17 28 9 30 12 4 18 0 16
1 2 3 5 4 7 6 10 19 24 8 14 20 27 15 23 17 26 18 28 11 22 9 21 12 25 16 30 13 29 21 22 23 25 24 27 26 30 9 14 28 3 4 11 8 16 6 15 2 12 7 18 29 10 0 13 5 19 1 17
1 2 3 5 4 7 6 10 19 24 8 14 20 27 15 23 17 26 18 28 11 22 9 21 12 25 16 30 13 29 22 23 24 26 25 28 27 0 10 15 29 4 5 12 9 17 7 16 3 13 8 19 30 11 1 14 6 20 2 18
1 2 3 5 4 7 6 10 19 24 8 14 20 27 15 23 17 26 18 28 11 22 9 21 12 25 16 30 13 29 23 24 25 27 26 29 28 1 11 16 30 5 6 13 10 18 8 17 4 14 9 20 0 12 2 15 7 21 3 19
1 2 3 5 4 7 6 10 19 24 8 14 20 27 15 23 17 26 18 28 11 22 9 21 12 25 16 30 13 29 26 27 28 30 29 1 0 4 14 19 2 8 9 16 13 21 11 20 7 17 12 23 3 15 5 18 10 24 6 22
1 2 3 5 4 7 6 10 19 24 8 14 20 27 15 23 17 26 18 28 11 22 9 21 12 25 16 30 13 29 29 30 0 2 1 4 3 7 17 22 5 11 12 19 16 24 14 23 10 20 15 26 6 18 8 21 13 27 9 25
1 2 3 5 4 7 6 10 19 24 8 14 20 27 15 23 17 26 18 28 11 22 9 21 12 25 16 30 13 29 11 12 13 15 14 17 16 20 27 1 18 24 28 4 29 6 30 8 23 2 25 5 19 0 21 3 26 9 22 7
1 2 3 5 4 7 6 10 19 24 8 14 20 27 15 23 17 26 18 28 11 22 9 21 12 25 16 30 13 29 15 16 17 19 18 21 20 24 0 5 22 28 1 8 2 10 3 12 27 6 29 9 23 4 25 7 30 13 26 11
1 2 3 5 4 7 6 10 19 24 8 14 20 27 15 23 17 26 18 28 11 22 9 21 12 25 16 30 13 29 17 18 19 21 20 23 22 26 2 7 24 30 3 10 4 12 5 14 29 8 0 11 25 6 27 9 1 15 28 13
1 2 3 5 4 7 6 10 19 24 8 14 20 27 15 23 17 26 18 28 11 22 9 21 12 25 16 30 13 29 20 21 22 24 23 26 25 29 5 10 27 2 6 13 7 15 8 17 1 11 3 14 28 9 30 12 4 18 0 16
1 2 3 5 4 7 6 10 19 24 8 14 20 27 15 23 17 26 18 28 11 22 9 21 12 25 16 30 13 29 26 27 28 30 29 1 0 4 11 16 2 8 12 19 13 21 14 23 7 17 9 20 3 15 5 18 10 24 6 22
1 2 3 5 4 7 6 10 19 24 8 14 20 27 15 23 17 26 18 28 11 22 9 21 12 25 16 30 13 29 5 6 7 9 8 11 10 14 21 26 12 18 24 0 22 30 20 29 17 27 23 3 13 25 15 28 19 2 16 1
1 2 3 5 4 7 6 10 19 24 8 14 20 27 15 23 17 26 18 28 11 22 9 21 12 25 16 30 13 29 7 8 9 11 10 13 12 16 23 28 14 20 26 2 24 1 22 0 19 29 25 5 15 27 17 30 21 4 18 3
1 2 3 5 4 7 6 10 19 24 8 14 20 27 15 23 17 26 18 28 11 22 9 21 12 25 16 30 13 29 8 9 10 12 11 14 13 17 24 29 15 21 27 3 25 2 23 1 20 30 26 6 16 28 18 0 22 5 19 4
1 2 3 5 4 7 6 10 19 24 8 14 20 27 15 23 17 26 18 28 11 22 9 21 12 25 16 30 13 29 13 14 15 17 16 19 18 22 29 3 20 26 1 8 30 7 28 6 25 4 0 11 21 2 23 5 27 10 24 9
1 2 3 5 4 7 6 10 19 24 8 14 20 27 15 23 17 26 18 28 11 22 9 21 12 25 16 30 13 29 14 15 16 18 17 20 19 23 30 4 21 27 2 9 0 8 29 7 26 5 1 12 22 3 24 6 28 11 25 10
1 2 3 5 4 7 6 10 19 24 8 14 20 27 15 23 17 26 18 28 11 22 9 21 12 25 16 30 13 29 15 16 17 19 18 21 20 24 0 5 22 28 3 10 1 9 30 8 27 6 2 13 23 4 25 7 29 12 26 11
1 2 3 5 4 7 6 10 19 24 8 14 20 27 15 23 17 26 18 28 11 22 9 21 12 25 16 30 13 29 17 18 19 21 20 23 22 26 2 7 24 30 5 12 3 11 1 10 29 8 4 15 25 6 27 9 0 14 28 13
1 2 3 5 4 7 6 10 19 24 8 14 20 27 15 23 17 26 18 28 11 22 9 21 12 25 16 30 13 29 21 22 23 25 24 27 26 30 6 11 28 3 9 16 7 15 5 14 2 12 8 19 29 10 0 13 4 18 1 17
1 2 3 5 4 7 6 10 19 24 8 14 20 27 15 23 17 26 18 28 11 22 9 21 12 25 16 30 13 29 23 24 25 27 26 29 28 1 8 13 30 5 11 18 9 17 7 16 4 14 10 21 0 12 2 15 6 20 3 19
1 2 3 5 4 7 6 10 19 24 8 14 20 27 15 23 17 26 18 28 11 22 9 21 12 25 16 30 13 29 0 1 2 4 3 6 5 9 16 21 7 13 19 26 17 25 15 24 12 22 18 29 8 20 10 23 14 28 11 27
1 2 3 5 4 7 6 10 19 24 8 14 20 27 15 23 17 26 18 28 11 22 9 21 12 25 16 30 13 29 5 6 7 9 8 11 10 14 22 27 12 18 19 26 21 29 24 2 20 30 23 3 13 25 15 28 17 0 16 1
1 2 3 5 4 7 6 10 19 24 8 14 20 27 15 23 17 26 18 28 11 22 9 21 12 25 16 30 13 29 7 8 9 11 10 13 12 16 24 29 14 20 21 28 23 0 26 4 22 1 25 5 15 27 17 30 19 2 18 3
1 2 3 5 4 7 6 10 19 24 8 14 20 27 15 23 17 26 18 28 11 22 9 21 12 25 16 30 13 29 9 10 11 13 12 15 14 18 26 0 16 22 23 30 25 2 28 6 24 3 27 7 17 29 19 1 21 4 20 5
1 2 3 5 4 7 6 10 19 24 8 14 20 27 15 23 17 26 18 28 11 22 9 21 12 25 16 30 13 29 11 12 13 15 14 17 16 20 28 2 18 24 25 1 27 4 30 8 26 5 29 9 19 0 21 3 23 6 22 7
1 2 3 5 4 7 6 10 19 24 8 14 20 27 15 23 17 26 18 28 11 22 9 21 12 25 16 30 13 29 12 13 14 16 15 18 17 21 29 3 19 25 26 2 28 5 0 9 27 6 30 10 20 1 22 4 24 7 23 8
1 2 3 5 4 7 6 10 19 24 8 14 20 27 15 23 17 26 18 28 11 22 9 21 12 25 16 30 13 29 16 17 18 20 19 22 21 25 2 7 23 29 30 6 1 9 4 13 0 10 3 14 24 5 26 8 28 11 27 12
1 2 3 5 4 7 6 10 19 24 8 14 20 27 15 23 17 26 18 28 11 22 9 21 12 25 16 30 13 29 18 19 20 22 21 24 23 27 4 9 25 0 1 8 3 11 6 15 2 12 5 16 26 7 28 10 30 13 29 14
1 2 3 5 4 7 6 10 19 24 8 14 20 27 15 23 17 26 18 28 11 22 9 21 12 25 16 30 13 29 26 27 28 30 29 1 0 4 12 17 2 8 9 16 11 19 14 23 10 20 13 24 3 15 5 18 7 21 6 22
1 2 3 5 4 7 6 10 19 24 8 14 20 27 15 23 17 26 18 28 11 22 9 21 12 25 16 30 13 29 27 28 29 0 30 2 1 5 13 18 3 9 10 17 12 20 15 24 11 21 14 25 4 16 6 19 8 22 7 23
1 2 3 5 4 7 6 10 19 24 8 14 20 27 15 23 17 26 18 28 11 22 9 21 12 25 16 30 13 29 6 7 8 10 9 12 11 15 22 27 13 19 24 0 20 28 21 30 25 4 23 3 14 26 16 29 18 1 17 2
1 2 3 5 4 7 6 10 19 24 8 14 20 27 15 23 17 26 18 28 11 22 9 21 12 25 16 30 13 29 10 11 12 14 13 16 15 19 26 0 17 23 28 4 24 1 25 3 29 8 27 7 18 30 20 2 22 5 21 6
1 2 3 5 4 7 6 10 19 24 8 14 20 27 15 23 17 26 18 28 11 22 9 21 12 25 16 30 13 29 11 12 13 15 14 17 16 20 27 1 18 24 29 5 25 2 26 4 30 9 28 8 19 0 21 3 23 6 22 7
1 2 3 5 4 7 6 10 19 24 8 14 20 27 15 23 17 26 18 28 11 22 9 21 12 25 16 30 13 29 12 13 14 16 15 18 17 21 28 2 19 25 30 6 26 3 27 5 0 10 29 9 20 1 22 4 24 7 23 8
1 2 3 5 4 7 6 10 19 24 8 14 20 27 15 23 17 26 18 28 11 22 9 21 12 25 16 30 13 29 15 16 17 19 18 21 20 24 0 5 22 28 2 9 29 6 30 8 3 13 1 12 23 4 25 7 27 10 26 11
1 2 3 5 4 7 6 10 19 24 8 14 20 27 15 23 17 26 18 28 11 22 9 21 12 25 16 30 13 29 18 19 20 22 21 24 23 27 3 8 25 0 5 12 1 9 2 11 6 16 4 15 26 7 28 10 30 13 29 14
1 2 3 5 4 7 6 10 19 24 8 14 20 27 15 23 17 26 18 28 11 22 9 21 12 25 16 30 13 29 20 21 22 24 23 26 25 29 5 10 27 2 7 14 3 11 4 13 8 18 6 17 28 9 30 12 1 15 0 16
1 2 3 5 4 7 6 10 19 24 8 14 20 27 15 23 17 26 18 28 11 22 9 21 12 25 16 30 13 29 26 27 28 30 29 1 0 4 11 16 2 8 13 20 9 17 10 19 14 24 12 23 3 15 5 18 7 21 6 22
1 2 3 5 4 7 6 10 19 24 8 14 20 27 15 23 17 26 18 28 11 22 9 21 12 25 16 30 13 29 27 28 29 0 30 2 1 5 12 17 3 9 14 21 10 18 11 20 15 25 13 24 4 16 6 19 8 22 7 23
1 2 3 5 4 7 6 10 19 24 8 14 20 27 15 23 17 26 18 28 11 22 9 21 12 25 16 30 13 29 29 30 0 2 1 4 3 7 14 19 5 11 16 23 12 20 13 22 17 27 15 26 6 18 8 21 10 24 9 25
1 2 3 5 4 7 6 10 19 24 8 14 20 27 15 23 17 26 18 28 11 22 9 21 12 25 16 30 13 29 9 10 11 13 12 15 14 18 25 30 16 22 26 2 23 0 28 6 24 3 27 7 17 29 19 1 21 4 20 5
1 2 3 5 4 7 6 10 19 24 8 14 20 27 15 23 17 26 18 28 11 22 9 21 12 25 16 30 13 29 11 12 13 15 14 17 16 20 27 1 18 24 28 4 25 2 30 8 26 5 29 9 19 0 21 3 23 6 22 7
1 2 3 5 4 7 6 10 19 24 8 14 20 27 15 23 17 26 18 28 11 22 9 21 12 25 16 30 13 29 15 16 17 19 18 21 20 24 0 5 22 28 1 8 29 6 3 12 30 9 2 13 23 4 25 7 27 10 26 11
1 2 3 5 4 7 6 10 19 24 8 14 20 27 15 23 17 26 18 28 11 22 9 21 12 25 16 30 13 29 16 17 18 20 19 22 21 25 1 6 23 29 2 9 30 7 4 13 0 10 3 14 24 5 26 8 28 11 27 12
1 2 3 5 4 7 6 10 19 24 8 14 20 27 15 23 17 26 18 28 11 22 9 21 12 25 16 30 13 29 17 18 19 21 20 23 22 26 2 7 24 30 3 10 0 8 5 14 1 11 4 15 25 6 27 9 29 12 28 13
1 2 3 5 4 7 6 10 19 24 8 14 20 27 15 23 17 26 18 28 11 22 9 21 12 25 16 30 13 29 25 26 27 29 28 0 30 3 10 15 1 7 11 18 8 16 13 22 9 19 12 23 2 14 4 17 6 20 5 21
1 2 3 5 4 7 6 10 19 24 8 14 20 27 15 23 17 26 18 28 11 22 9 21 12 25 16 30 13 29 26 27 28 30 29 1 0 4 11 16 2 8 12 19 9 17 14 23 10 20 13 24 3 15 5 18 7 21 6 22
1 2 3 5 4 7 6 10 19 24 8 14 20 27 15 23 17 26 18 28 11 22 9 21 12 25 16 30 13 29 27 28 29 0 30 2 1 5 12 17 3 9 13 20 10 18 15 24 11 21 14 25 4 16 6 19 8 22 7 23
1 2 3 5 4 7 6 10 19 24 8 14 20 27 15 23 17 26 18 28 11 22 9 21 12 25 16 30 13 29 6 7 8 10 9 12 11 15 22 27 13 19 21 28 23 0 25 3 20 30 24 4 14 26 16 29 18 1 17 2
1 2 3 5 4 7 6 10 19 24 8 14 20 27 15 23 17 26 18 28 11 22 9 21 12 25 16 30 13 29 9 10 11 13 12 15 14 18 25 30 16 22 24 0 26 3 28 6 23 2 27 7 17 29 19 1 21 4 20 5
1 2 3 5 4 7 6 10 19 24 8 14 20 27 15 23 17 26 18 28 11 22 9 21 12 25 16 30 13 29 12 13 14 16 15 18 17 21 28 2 19 25 27 3 29 6 0 9 26 5 30 10 20 1 22 4 24 7 23 8
1 2 3 5 4 7 6 10 19 24 8 14 20 27 15 23 17 26 18 28 11 22 9 21 12 25 16 30 13 29 13 14 15 17 16 19 18 22 29 3 20 26 28 4 30 7 1 10 27 6 0 11 21 2 23 5 25 8 24 9
1 2 3 5 4 7 6 10 19 24 8 14 20 27 15 23 17 26 18 28 11 22 9 21 12 25 16 30 13 29 15 16 17 19 18 21 20 24 0 5 22 28 30 6 1 9 3 12 29 8 2 13 23 4 25 7 27 10 26 11
1 2 3 5 4 7 6 10 19 24 8 14 20 27 15 23 17 26 18 28 11 22 9 21 12 25 16 30 13 29 17 18 19 21 20 23 22 26 2 7 24 30 1 8 3 11 5 14 0 10 4 15 25 6 27 9 29 12 28 13
1 2 3 5 4 7 6 10 19 24 8 14 20 27 15 23 17 26 18 28 11 22 9 21 12 25 16 30 13 29 20 21 22 24 23 26 25 29 5 10 27 2 4 11 6 14 8 17 3 13 7 18 28 9 30 12 1 15 0 16
1 2 3 5 4 7 6 10 19 24 8 14 20 27 15 23 17 26 18 28 11 22 9 21 12 25 16 30 13 29 26 27 28 30 29 1 0 4 11 16 2 8 10 17 12 20 14 23 9 19 13 24 3 15 5 18 7 21 6 22
1 2 3 5 4 7 6 10 19 24 8 14 20 27 15 23 17 26 18 28 11 22 9 21 12 25 16 30 13 29 27 28 29 0 30 2 1 5 12 17 3 9 11 18 13 21 15 24 10 20 14 25 4 16 6 19 8 22 7 23
1 2 3 5 4 7 6 10 19 24 8 14 20 27 15 23 17 26 18 28 11 22 9 21 12 25 16 30 13 29 12 13 14 16 15 18 17 21 29 3 19 25 30 6 0 8 26 4 23 2 27 7 20 1 28 10 22 5 24 9
1 2 3 5 4 7 6 10 19 24 8 14 20 27 15 23 17 26 18 28 11 22 9 21 12 25 16 30 13 29 15 16 17 19 18 21 20 24 1 6 22 28 2 9 3 11 29 7 26 5 30 10 23 4 0 13 25 8 27 12
1 2 3 5 4 7 6 10 19 24 8 14 20 27 15 23 17 26 18 28 11 22 9 21 12 25 16 30 13 29 19 20 21 23 22 25 24 28 5 10 26 1 6 13 7 15 2 11 30 9 3 14 27 8 4 17 29 12 0 16
1 2 3 5 4 7 6 10 19 24 8 14 20 27 15 23 17 26 18 28 11 22 9 21 12 25 16 30 13 29 22 23 24 26 25 28 27 0 8 13 29 4 9 16 10 18 5 14 2 12 6 17 30 11 7 20 1 15 3 19
1 2 3 5 4 7 6 10 19 24 8 14 20 27 15 23 17 26 18 28 11 22 9 21 12 25 16 30 13 29 28 29 30 1 0 3 2 6 14 19 4 10 15 22 16 24 11 20 8 18 12 23 5 17 13 26 7 21 9 25
1 2 3 5 4 7 6 10 19 24 8 14 20 27 15 23 17 26 18 28 11 22 9 21 12 25 16 30 13 29 29 30 0 2 1 4 3 7 15 20 5 11 16 23 17 25 12 21 9 19 13 24 6 18 14 27 8 22 10 26
1 2 3 5 4 7 6 10 19 24 8 14 20 27 15 23 17 26 18 28 11 22 9 21 12 25 16 30 13 29 4 5 6 8 7 10 9 13 22 27 11 17 19 26 23 0 21 30 15 25 18 29 12 24 20 2 14 28 16 1
1 2 3 5 4 7 6 10 19 24 8 14 20 27 15 23 17 26 18 28 11 22 9 21 12 25 16 30 13 29 12 13 14 16 15 18 17 21 30 4 19 25 27 3 0 8 29 7 23 2 26 6 20 1 28 10 22 5 24 9
1 2 3 5 4 7 6 10 19 24 8 14 20 27 15 23 17 26 18 28 11 22 9 21 12 25 16 30 13 29 18 19 20 22 21 24 23 27 5 10 25 0 2 9 6 14 4 13 29 8 1 12 26 7 3 16 28 11 30 15
1 2 3 5 4 7 6 10 19 24 8 14 20 27 15 23 17 26 18 28 11 22 9 21 12 25 16 30 13 29 19 20 21 23 22 25 24 28 6 11 26 1 3 10 7 15 5 14 30 9 2 13 27 8 4 17 29 12 0 16
1 2 3 5 4 7 6 10 19 24 8 14 20 27 15 23 17 26 18 28 11 22 9 21 12 25 16 30 13 29 20 21 22 24 23 26 25 29 7 12 27 2 4 11 8 16 6 15 0 10 3 14 28 9 5 18 30 13 1 17
1 2 3 5 4 7 6 10 19 24 8 14 20 27 15 23 17 26 18 28 11 22 9 21 12 25 16 30 13 29 22 23 24 26 25 28 27 0 9 14 29 4 6 13 10 18 8 17 2 12 5 16 30 11 7 20 1 15 3 19
1 2 3 5 4 7 6 10 19 24 8 14 20 27 15 23 17 26 18 28 11 22 9 21 12 25 16 30 13 29 23 24 25 27 26 29 28 1 10 15 30 5 7 14 11 19 9 18 3 13 6 17 0 12 8 21 2 16 4 20
1 2 3 5 4 7 6 10 19 24 8 14 20 27 15 23 17 26 18 28 11 22 9 21 12 25 16 30 13 29 26 27 28 30 29 1 0 4 13 18 2 8 10 17 14 22 12 21 6 16 9 20 3 15 11 24 5 19 7 23
1 2 3 5 4 7 6 10 19 24 8 14 20 27 15 23 17 26 18 28 11 22 9 21 12 25 16 30 13 29 29 30 0 2 1 4 3 7 16 21 5 11 13 20 17 25 15 24 9 19 12 23 6 18 14 27 8 22 10 26
1 2 3 5 4 7 6 10 19 24 8 14 20 27 15 23 17 26 18 28 11 22 9 21 12 25 16 30 13 29 5 6 7 9 8 11 10 14 22 27 12 18 24 0 20 28 23 1 16 26 19 30 13 25 21 3 15 29 17 2
1 2 3 5 4 7 6 10 19 24 8 14 20 27 15 23 17 26 18 28 11 22 9 21 12 25 16 30 13 29 11 12 13 15 14 17 16 20 28 2 18 24 30 6 26 3 29 7 22 1 25 5 19 0 27 9 21 4 23 8
1 2 3 5 4 7 6 10 19 24 8 14 20 27 15 23 17 26 18 28 11 22 9 21 12 25 16 30 13 29 13 14 15 17 16 19 18 22 30 4 20 26 1 8 28 5 0 9 24 3 27 7 21 2 29 11 23 6 25 10
1 2 3 5 4 7 6 10 19 24 8 14 20 27 15 23 17 26 18 28 11 22 9 21 12 25 16 30 13 29 16 17 18 20 19 22 21 25 2 7 23 29 4 11 0 8 3 12 27 6 30 10 24 5 1 14 26 9 28 13
1 2 3 5 4 7 6 10 19 24 8 14 20 27 15 23 17 26 18 28 11 22 9 21 12 25 16 30 13 29 17 18 19 21 20 23 22 26 3 8 24 30 5 12 1 9 4 13 28 7 0 11 25 6 2 15 27 10 29 14
1 2 3 5 4 7 6 10 19 24 8 14 20 27 15 23 17 26 18 28 11 22 9 21 12 25 16 30 13 29 18 19 20 22 21 24 23 27 4 9 25 0 6 13 2 10 5 14 29 8 1 12 26 7 3 16 28 11 30 15
1 2 3 5 4 7 6 10 19 24 8 14 20 27 15 23 17 26 18 28 11 22 9 21 12 25 16 30 13 29 19 20 21 23 22 25 24 28 5 10 26 1 7 14 3 11 6 15 30 9 2 13 27 8 4 17 29 12 0 16
1 2 3 5 4 7 6 10 19 24 8 14 20 27 15 23 17 26 18 28 11 22 9 21 12 25 16 30 13 29 22 23 24 26 25 28 27 0 8 13 29 4 10 17 6 14 9 18 2 12 5 16 30 11 7 20 1 15 3 19
1 2 3 5 4 7 6 10 19 24 8 14 20 27 15 23 17 26 18 28 11 22 9 21 12 25 16 30 13 29 29 30 0 2 1 4 3 7 15 20 5 11 17 24 13 21 16 25 9 19 12 23 6 18 14 27 8 22 10 26
1 2 3 5 4 7 6 10 19 24 8 14 20 27 15 23 17 26 18 28 11 22 9 21 12 25 16 30 13 29 11 12 13 15 14 17 16 20 28 2 18 24 30 6 26 3 27 5 22 1 29 9 19 0 25 7 21 4 23 8
1 2 3 5 4 7 6 10 19 24 8 14 20 27 15 23 17 26 18 28 11 22 9 21 12 25 16 30 13 29 12 13 14 16 15 18 17 21 29 3 19 25 0 7 27 4 28 6 23 2 30 10 20 1 26 8 22 5 24 9
1 2 3 5 4 7 6 10 19 24 8 14 20 27 15 23 17 26 18 28 11 22 9 21 12 25 16 30 13 29 13 14 15 17 16 19 18 22 30 4 20 26 1 8 28 5 29 7 24 3 0 11 21 2 27 9 23 6 25 10
1 2 3 5 4 7 6 10 19 24 8 14 20 27 15 23 17 26 18 28 11 22 9 21 12 25 16 30 13 29 14 15 16 18 17 20 19 23 0 5 21 27 2 9 29 6 30 8 25 4 1 12 22 3 28 10 24 7 26 11
1 2 3 5 4 7 6 10 19 24 8 14 20 27 15 23 17 26 18 28 11 22 9 21 12 25 16 30 13 29 17 18 19 21 20 23 22 26 3 8 24 30 5 12 1 9 2 11 28 7 4 15 25 6 0 13 27 10 29 14
1 2 3 5 4 7 6 10 19 24 8 14 20 27 15 23 17 26 18 28 11 22 9 21 12 25 16 30 13 29 19 20 21 23 22 25 24 28 5 10 26 1 7 14 3 11 4 13 30 9 6 17 27 8 2 15 29 12 0 16
1 2 3 5 4 7 6 10 19 24 8 14 20 27 15 23 17 26 18 28 11 22 9 21 12 25 16 30 13 29 23 24 25 27 26 29 28 1 9 14 30 5 11 18 7 15 8 17 3 13 10 21 0 12 6 19 2 16 4 20
1 2 3 5 4 7 6 10 19 24 8 14 20 27 15 23 17 26 18 28 11 22 9 21 12 25 16 30 13 29 27 28 29 0 30 2 1 5 13 18 3 9 15 22 11 19 12 21 7 17 14 25 4 16 10 23 6 20 8 24
1 2 3 5 4 7 6 10 19 24 8 14 20 27 15 23 17 26 18 28 11 22 9 21 12 25 16 30 13 29 4 5 6 8 7 10 9 13 22 27 11 17 18 25 23 0 21 30 19 29 15 26 12 24 20 2 14 28 16 1
1 2 3 5 4 7 6 10 19 24 8 14 20 27 15 23 17 26 18 28 11 22 9 21 12 25 16 30 13 29 8 9 10 12 11 14 13 17 26 0 15 21 22 29 27 4 25 3 23 2 19 30 16 28 24 6 18 1 20 5
1 2 3 5 4 7 6 10 19 24 8 14 20 27 15 23 17 26 18 28 11 22 9 21 12 25 16 30 13 29 12 13 14 16 15 18 17 21 30 4 19 25 26 2 0 8 29 7 27 6 23 3 20 1 28 10 22 5 24 9
1 2 3 5 4 7 6 10 19 24 8 14 20 27 15 23 17 26 18 28 11 22 9 21 12 25 16 30 13 29 15 16 17 19 18 21 20 24 2 7 22 28 29 5 3 11 1 10 30 9 26 6 23 4 0 13 25 8 27 12
1 2 3 5 4 7 6 10 19 24 8 14 20 27 15 23 17 26 18 28 11 22 9 21 12 25 16 30 13 29 18 19 20 22 21 24 23 27 5 10 25 0 1 8 6 14 4 13 2 12 29 9 26 7 3 16 28 11 30 15
1 2 3 5 4 7 6 10 19 24 8 14 20 27 15 23 17 26 18 28 11 22 9 21 12 25 16 30 13 29 22 23 24 26 25 28 27 0 9 14 29 4 5 12 10 18 8 17 6 16 2 13 30 11 7 20 1 15 3 19
1 2 3 5 4 7 6 10 19 24 8 14 20 27 15 23 17 26 18 28 11 22 9 21 12 25 16 30 13 29 28 29 30 1 0 3 2 6 15 20 4 10 11 18 16 24 14 23 12 22 8 19 5 17 13 26 7 21 9 25
1 2 3 5 4 7 6 10 19 24 8 14 20 27 15 23 17 26 18 28 11 22 9 21 12 25 16 30 13 29 29 30 0 2 1 4 3 7 16 21 5 11 12 19 17 25 15 24 13 23 9 20 6 18 14 27 8 22 10 26
1 2 3 5 4 7 6 10 19 24 8 14 20 27 15 23 17 26 18 28 11 22 9 21 12 25 16 30 13 29 7 8 9 11 10 13 12 16 23 28 14 20 25 1 22 30 24 2 26 5 18 29 15 27 21 3 17 0 19 4
1 2 3 5 4 7 6 10 19 24 8 14 20 27 15 23 17 26 18 28 11 22 9 21 12 25 16 30 13 29 12 13 14 16 15 18 17 21 28 2 19 25 30 6 27 4 29 7 0 10 23 3 20 1 26 8 22 5 24 9
1 2 3 5 4 7 6 10 19 24 8 14 20 27 15 23 17 26 18 28 11 22 9 21 12 25 16 30 13 29 13 14 15 17 16 19 18 22 29 3 20 26 0 7 28 5 30 8 1 11 24 4 21 2 27 9 23 6 25 10
1 2 3 5 4 7 6 10 19 24 8 14 20 27 15 23 17 26 18 28 11 22 9 21 12 25 16 30 13 29 14 15 16 18 17 20 19 23 30 4 21 27 1 8 29 6 0 9 2 12 25 5 22 3 28 10 24 7 26 11
1 2 3 5 4 7 6 10 19 24 8 14 20 27 15 23 17 26 18 28 11 22 9 21 12 25 16 30 13 29 18 19 20 22 21 24 23 27 3 8 25 0 5 12 2 10 4 13 6 16 29 9 26 7 1 14 28 11 30 15
1 2 3 5 4 7 6 10 19 24 8 14 20 27 15 23 17 26 18 28 11 22 9 21 12 25 16 30 13 29 22 23 24 26 25 28 27 0 7 12 29 4 9 16 6 14 8 17 10 20 2 13 30 11 5 18 1 15 3 19
1 2 3 5 4 7 6 10 19 24 8 14 20 27 15 23 17 26 18 28 11 22 9 21 12 25 16 30 13 29 23 24 25 27 26 29 28 1 8 13 30 5 10 17 7 15 9 18 11 21 3 14 0 12 6 19 2 16 4 20
1 2 3 5 4 7 6 10 19 24 8 14 20 27 15 23 17 26 18 28 11 22 9 21 12 25 16 30 13 29 26 27 28 30 29 1 0 4 11 16 2 8 13 20 10 18 12 21 14 24 6 17 3 15 9 22 5 19 7 23
1 2 3 5 4 7 6 10 19 24 8 14 20 27 15 23 17 26 18 28 11 22 9 21 12 25 16 30 13 29 27 28 29 0 30 2 1 5 12 17 3 9 14 21 11 19 13 22 15 25 7 18 4 16 10 23 6 20 8 24
1 2 3 5 4 7 6 10 19 24 8 14 20 27 15 23 17 26 18 28 11 22 9 21 12 25 16 30 13 29 4 5 6 8 7 10 9 13 22 27 11 17 23 30 18 26 16 25 19 29 21 1 12 24 20 2 14 28 15 0
1 2 3 5 4 7 6 10 19 24 8 14 20 27 15 23 17 26 18 28 11 22 9 21 12 25 16 30 13 29 11 12 13 15 14 17 16 20 29 3 18 24 30 6 25 2 23 1 26 5 28 8 19 0 27 9 21 4 22 7
1 2 3 5 4 7 6 10 19 24 8 14 20 27 15 23 17 26 18 28 11 22 9 21 12 25 16 30 13 29 12 13 14 16 15 18 17 21 30 4 19 25 0 7 26 3 24 2 27 6 29 9 20 1 28 10 22 5 23 8
1 2 3 5 4 7 6 10 19 24 8 14 20 27 15 23 17 26 18 28 11 22 9 21 12 25 16 30 13 29 14 15 16 18 17 20 19 23 1 6 21 27 2 9 28 5 26 4 29 8 0 11 22 3 30 12 24 7 25 10
1 2 3 5 4 7 6 10 19 24 8 14 20 27 15 23 17 26 18 28 11 22 9 21 12 25 16 30 13 29 15 16 17 19 18 21 20 24 2 7 22 28 3 10 29 6 27 5 30 9 1 12 23 4 0 13 25 8 26 11
1 2 3 5 4 7 6 10 19 24 8 14 20 27 15 23 17 26 18 28 11 22 9 21 12 25 16 30 13 29 16 17 18 20 19 22 21 25 3 8 23 29 4 11 30 7 28 6 0 10 2 13 24 5 1 14 26 9 27 12
1 2 3 5 4 7 6 10 19 24 8 14 20 27 15 23 17 26 18 28 11 22 9 21 12 25 16 30 13 29 17 18 19 21 20 23 22 26 4 9 24 30 5 12 0 8 29 7 1 11 3 14 25 6 2 15 27 10 28 13
1 2 3 5 4 7 6 10 19 24 8 14 20 27 15 23 17 26 18 28 11 22 9 21 12 25 16 30 13 29 19 20 21 23 22 25 24 28 6 11 26 1 7 14 2 10 0 9 3 13 5 16 27 8 4 17 29 12 30 15
1 2 3 5 4 7 6 10 19 24 8 14 20 27 15 23 17 26 18 28 11 22 9 21 12 25 16 30 13 29 20 21 22 24 23 26 25 29 7 12 27 2 8 15 3 11 1 10 4 14 6 17 28 9 5 18 30 13 0 16
1 2 3 5 4 7 6 10 19 24 8 14 20 27 15 23 17 26 18 28 11 22 9 21 12 25 16 30 13 29 22 23 24 26 25 28 27 0 9 14 29 4 10 17 5 13 3 12 6 16 8 19 30 11 7 20 1 15 2 18
1 2 3 5 4 7 6 10 19 24 8 14 20 27 15 23 17 26 18 28 11 22 9 21 12 25 16 30 13 29 26 27 28 30 29 1 0 4 13 18 2 8 14 21 9 17 7 16 10 20 12 23 3 15 11 24 5 19 6 22
1 2 3 5 4 7 6 10 19 24 8 14 20 27 15 23 17 26 18 28 11 22 9 21 12 25 16 30 13 29 29 30 0 2 1 4 3 7 16 21 5 11 17 24 12 20 10 19 13 23 15 26 6 18 14 27 8 22 9 25
1 2 3 5 4 7 6 10 19 24 8 14 20 27 15 23 17 26 18 28 11 22 9 21 12 25 16 30 13 29 4 5 6 8 7 10 9 13 21 26 11 17 23 30 19 27 16 25 22 1 18 29 12 24 20 2 14 28 15 0
1 2 3 5 4 7 6 10 19 24 8 14 20 27 15 23 17 26 18 28 11 22 9 21 12 25 16 30 13 29 7 8 9 11 10 13 12 16 24 29 14 20 26 2 22 30 19 28 25 4 21 1 15 27 23 5 17 0 18 3
1 2 3 5 4 7 6 10 19 24 8 14 20 27 15 23 17 26 18 28 11 22 9 21 12 25 16 30 13 29 11 12 13 15 14 17 16 20 28 2 18 24 30 6 26 3 23 1 29 8 25 5 19 0 27 9 21 4 22 7
1 2 3 5 4 7 6 10 19 24 8 14 20 27 15 23 17 26 18 28 11 22 9 21 12 25 16 30 13 29 13 14 15 17 16 19 18 22 30 4 20 26 1 8 28 5 25 3 0 10 27 7 21 2 29 11 23 6 24 9
1 2 3 5 4 7 6 10 19 24 8 14 20 27 15 23 17 26 18 28 11 22 9 21 12 25 16 30 13 29 14 15 16 18 17 20 19 23 0 5 21 27 2 9 29 6 26 4 1 11 28 8 22 3 30 12 24 7 25 10
1 2 3 5 4 7 6 10 19 24 8 14 20 27 15 23 17 26 18 28 11 22 9 21 12 25 16 30 13 29 17 18 19 21 20 23 22 26 3 8 24 30 5 12 1 9 29 7 4 14 0 11 25 6 2 15 27 10 28 13
1 2 3 5 4 7 6 10 19 24 8 14 20 27 15 23 17 26 18 28 11 22 9 21 12 25 16 30 13 29 18 19 20 22 21 24 23 27 4 9 25 0 6 13 2 10 30 8 5 15 1 12 26 7 3 16 28 11 29 14
1 2 3 5 4 7 6 10 19 24 8 14 20 27 15 23 17 26 18 28 11 22 9 21 12 25 16 30 13 29 19 20 21 23 22 25 24 28 5 10 26 1 7 14 3 11 0 9 6 16 2 13 27 8 4 17 29 12 30 15
1 2 3 5 4 7 6 10 19 24 8 14 20 27 15 23 17 26 18 28 11 22 9 21 12 25 16 30 13 29 20 21 22 24 23 26 25 29 6 11 27 2 8 15 4 12 1 10 7 17 3 14 28 9 5 18 30 13 0 16
1 2 3 5 4 7 6 10 19 24 8 14 20 27 15 23 17 26 18 28 11 22 9 21 12 25 16 30 13 29 26 27 28 30 29 1 0 4 12 17 2 8 14 21 10 18 7 16 13 23 9 20 3 15 11 24 5 19 6 22
1 2 3 5 4 7 6 10 19 24 8 14 20 27 15 23 17 26 18 28 11 22 9 21 12 25 16 30 13 29 29 30 0 2 1 4 3 7 15 20 5 11 17 24 13 21 10 19 16 26 12 23 6 18 14 27 8 22 9 25
1 2 3 5 4 7 6 10 19 24 8 14 20 27 15 23 17 26 18 28 11 22 9 21 12 25 16 30 13 29 9 10 11 13 12 15 14 18 26 0 16 22 25 1 27 4 21 30 28 7 23 3 17 29 24 6 19 2 20 5
1 2 3 5 4 7 6 10 19 24 8 14 20 27 15 23 17 26 18 28 11 22 9 21 12 25 16 30 13 29 17 18 19 21 20 23 22 26 3 8 24 30 2 9 4 12 29 7 5 15 0 11 25 6 1 14 27 10 28 13
1 2 3 5 4 7 6 10 19 24 8 14 20 27 15 23 17 26 18 28 11 22 9 21 12 25 16 30 13 29 23 24 25 27 26 29 28 1 9 14 30 5 8 15 10 18 4 13 11 21 6 17 0 12 7 20 2 16 3 19
1 2 3 5 4 7 6 10 19 24 8 14 20 27 15 23 17 26 18 28 11 22 9 21 12 25 16 30 13 29 26 27 28 30 29 1 0 4 12 17 2 8 11 18 13 21 7 16 14 24 9 20 3 15 10 23 5 19 6 22
1 2 3 5 4 7 6 10 19 24 8 14 20 27 15 23 17 26 18 28 11 22 9 21 12 25 16 30 13 29 27 28 29 0 30 2 1 5 13 18 3 9 12 19 14 22 8 17 15 25 10 21 4 16 11 24 6 20 7 23
1 2 3 5 4 7 6 10 19 24 8 14 20 27 15 23 17 26 18 28 11 22 9 21 12 25 16 30 13 29 29 30 0 2 1 4 3 7 15 20 5 11 14 21 16 24 10 19 17 27 12 23 6 18 13 26 8 22 9 25
1 2 3 5 4 7 6 10 19 24 8 14 20 27 15 23 17 26 18 28 11 22 9 21 12 25 16 30 13 29 0 1 2 4 3 6 5 9 17 22 7 13 16 23 18 26 12 21 19 29 14 25 8 20 15 28 10 24 11 27
1 2 3 5 4 7 6 10 19 24 8 14 20 27 15 23 17 26 18 28 11 22 9 21 12 25 16 30 13 29 8 9 10 12 11 14 13 17 26 0 15 21 22 29 25 2 27 5 20 30 23 3 16 28 24 6 18 1 19 4
1 2 3 5 4 7 6 10 19 24 8 14 20 27 15 23 17 26 18 28 11 22 9 21 12 25 16 30 13 29 10 11 12 14 13 16 15 19 28 2 17 23 24 0 27 4 29 7 22 1 25 5 18 30 26 8 20 3 21 6
1 2 3 5 4 7 6 10 19 24 8 14 20 27 15 23 17 26 18 28 11 22 9 21 12 25 16 30 13 29 11 12 13 15 14 17 16 20 29 3 18 24 25 1 28 5 30 8 23 2 26 6 19 0 27 9 21 4 22 7
1 2 3 5 4 7 6 10 19 24 8 14 20 27 15 23 17 26 18 28 11 22 9 21 12 25 16 30 13 29 12 13 14 16 15 18 17 21 30 4 19 25 26 2 29 6 0 9 24 3 27 7 20 1 28 10 22 5 23 8
1 2 3 5 4 7 6 10 19 24 8 14 20 27 15 23 17 26 18 28 11 22 9 21 12 25 16 30 13 29 14 15 16 18 17 20 19 23 1 6 21 27 28 4 0 8 2 11 26 5 29 9 22 3 30 12 24 7 25 10
1 2 3 5 4 7 6 10 19 24 8 14 20 27 15 23 17 26 18 28 11 22 9 21 12 25 16 30 13 29 16 17 18 20 19 22 21 25 3 8 23 29 30 6 2 10 4 13 28 7 0 11 24 5 1 14 26 9 27 12
1 2 3 5 4 7 6 10 19 24 8 14 20 27 15 23 17 26 18 28 11 22 9 21 12 25 16 30 13 29 20 21 22 24 23 26 25 29 7 12 27 2 3 10 6 14 8 17 1 11 4 15 28 9 5 18 30 13 0 16
1 2 3 5 4 7 6 10 19 24 8 14 20 27 15 23 17 26 18 28 11 22 9 21 12 25 16 30 13 29 28 29 30 1 0 3 2 6 15 20 4 10 11 18 14 22 16 25 9 19 12 23 5 17 13 26 7 21 8 24
1 2 3 5 4 7 6 10 19 24 8 14 20 27 15 23 17 26 18 28 11 22 9 21 12 25 16 30 13 29 5 6 7 9 8 11 10 14 21 26 12 18 24 0 22 30 19 28 17 27 23 3 13 25 20 2 15 29 16 1
1 2 3 5 4 7 6 10 19 24 8 14 20 27 15 23 17 26 18 28 11 22 9 21 12 25 16 30 13 29 8 9 10 12 11 14 13 17 24 29 15 21 27 3 25 2 22 0 20 30 26 6 16 28 23 5 18 1 19 4
1 2 3 5 4 7 6 10 19 24 8 14 20 27 15 23 17 26 18 28 11 22 9 21 12 25 16 30 13 29 9 10 11 13 12 15 14 18 25 30 16 22 28 4 26 3 23 1 21 0 27 7 17 29 24 6 19 2 20 5
1 2 3 5 4 7 6 10 19 24 8 14 20 27 15 23 17 26 18 28 11 22 9 21 12 25 16 30 13 29 12 13 14 16 15 18 17 21 28 2 19 25 0 7 29 6 26 4 24 3 30 10 20 1 27 9 22 5 23 8
1 2 3 5 4 7 6 10 19 24 8 14 20 27 15 23 17 26 18 28 11 22 9 21 12 25 16 30 13 29 13 14 15 17 16 19 18 22 29 3 20 26 1 8 30 7 27 5 25 4 0 11 21 2 28 10 23 6 24 9
1 2 3 5 4 7 6 10 19 24 8 14 20 27 15 23 17 26 18 28 11 22 9 21 12 25 16 30 13 29 14 15 16 18 17 20 19 23 30 4 21 27 2 9 0 8 28 6 26 5 1 12 22 3 29 11 24 7 25 10
1 2 3 5 4 7 6 10 19 24 8 14 20 27 15 23 17 26 18 28 11 22 9 21 12 25 16 30 13 29 15 16 17 19 18 21 20 24 0 5 22 28 3 10 1 9 29 7 27 6 2 13 23 4 30 12 25 8 26 11
1 2 3 5 4 7 6 10 19 24 8 14 20 27 15 23 17 26 18 28 11 22 9 21 12 25 16 30 13 29 19 20 21 23 22 25 24 28 4 9 26 1 7 14 5 13 2 11 0 10 6 17 27 8 3 16 29 12 30 15
1 2 3 5 4 7 6 10 19 24 8 14 20 27 15 23 17 26 18 28 11 22 9 21 12 25 16 30 13 29 20 21 22 24 23 26 25 29 5 10 27 2 8 15 6 14 3 12 1 11 7 18 28 9 4 17 30 13 0 16
1 2 3 5 4 7 6 10 19 24 8 14 20 27 15 23 17 26 18 28 11 22 9 21 12 25 16 30 13 29 23 24 25 27 26 29 28 1 8 13 30 5 11 18 9 17 6 15 4 14 10 21 0 12 7 20 2 16 3 19
1 2 3 5 4 7 6 10 19 24 8 14 20 27 15 23 17 26 18 28 11 22 9 21 12 25 16 30 13 29 27 28 29 0 30 2 1 5 12 17 3 9 15 22 13 21 10 19 8 18 14 25 4 16 11 24 6 20 7 23
1 2 3 5 4 7 6 10 19 24 8 14 20 27 15 23 17 26 18 28 11 22 9 21 12 25 16 30 13 29 0 1 2 4 3 6 5 9 16 21 7 13 19 26 17 25 14 23 12 22 18 29 8 20 15 28 10 24 11 27
1 2 3 5 4 7 6 10 19 24 8 14 20 27 15 23 17 26 18 28 11 22 9 21 12 25 16 30 13 29 4 5 6 8 7 10 9 13 21 26 11 17 18 25 22 30 23 1 19 29 16 27 12 24 20 2 14 28 15 0
1 2 3 5 4 7 6 10 19 24 8 14 20 27 15 23 17 26 18 28 11 22 9 21 12 25 16 30 13 29 5 6 7 9 8 11 10 14 22 27 12 18 19 26 23 0 24 2 20 30 17 28 13 25 21 3 15 29 16 1
1 2 3 5 4 7 6 10 19 24 8 14 20 27 15 23 17 26 18 28 11 22 9 21 12 25 16 30 13 29 7 8 9 11 10 13 12 16 24 29 14 20 21 28 25 2 26 4 22 1 19 30 15 27 23 5 17 0 18 3
1 2 3 5 4 7 6 10 19 24 8 14 20 27 15 23 17 26 18 28 11 22 9 21 12 25 16 30 13 29 8 9 10 12 11 14 13 17 25 30 15 21 22 29 26 3 27 5 23 2 20 0 16 28 24 6 18 1 19 4
1 2 3 5 4 7 6 10 19 24 8 14 20 27 15 23 17 26 18 28 11 22 9 21 12 25 16 30 13 29 9 10 11 13 12 15 14 18 26 0 16 22 23 30 27 4 28 6 24 3 21 1 17 29 25 7 19 2 20 5
1 2 3 5 4 7 6 10 19 24 8 14 20 27 15 23 17 26 18 28 11 22 9 21 12 25 16 30 13 29 10 11 12 14 13 16 15 19 27 1 17 23 24 0 28 5 29 7 25 4 22 2 18 30 26 8 20 3 21 6
1 2 3 5 4 7 6 10 19 24 8 14 20 27 15 23 17 26 18 28 11 22 9 21 12 25 16 30 13 29 11 12 13 15 14 17 16 20 28 2 18 24 25 1 29 6 30 8 26 5 23 3 19 0 27 9 21 4 22 7
1 2 3 5 4 7 6 10 19 24 8 14 20 27 15 23 17 26 18 28 11 22 9 21 12 25 16 30 13 29 12 13 14 16 15 18 17 21 29 3 19 25 26 2 30 7 0 9 27 6 24 4 20 1 28 10 22 5 23 8
1 2 3 5 4 7 6 10 19 24 8 14 20 27 15 23 17 26 18 28 11 22 9 21 12 25 16 30 13 29 13 14 15 17 16 19 18 22 30 4 20 26 27 3 0 8 1 10 28 7 25 5 21 2 29 11 23 6 24 9
1 2 3 5 4 7 6 10 19 24 8 14 20 27 15 23 17 26 18 28 11 22 9 21 12 25 16 30 13 29 14 15 16 18 17 20 19 23 0 5 21 27 28 4 1 9 2 11 29 8 26 6 22 3 30 12 24 7 25 10
1 2 3 5 4 7 6 10 19 24 8 14 20 27 15 23 17 26 18 28 11 22 9 21 12 25 16 30 13 29 18 19 20 22 21 24 23 27 4 9 25 0 1 8 5 13 6 15 2 12 30 10 26 7 3 16 28 11 29 14
1 2 3 5 4 7 6 10 19 24 8 14 20 27 15 23 17 26 18 28 11 22 9 21 12 25 16 30 13 29 22 23 24 26 25 28 27 0 8 13 29 4 5 12 9 17 10 19 6 16 3 14 30 11 7 20 1 15 2 18
1 2 3 5 4 7 6 10 19 24 8 14 20 27 15 23 17 26 18 28 11 22 9 21 12 25 16 30 13 29 25 26 27 29 28 0 30 3 11 16 1 7 8 15 12 20 13 22 9 19 6 17 2 14 10 23 4 18 5 21
1 2 3 5 4 7 6 10 19 24 8 14 20 27 15 23 17 26 18 28 11 22 9 21 12 25 16 30 13 29 26 27 28 30 29 1 0 4 12 17 2 8 9 16 13 21 14 23 10 20 7 18 3 15 11 24 5 19 6 22
1 2 3 5 4 7 6 10 19 24 8 14 20 27 15 23 17 26 18 28 11 22 9 21 12 25 16 30 13 29 5 6 7 9 8 11 10 14 22 27 12 18 19 26 23 0 21 30 24 3 17 28 13 25 20 2 15 29 16 1
1 2 3 5 4 7 6 10 19 24 8 14 20 27 15 23 17 26 18 28 11 22 9 21 12 25 16 30 13 29 7 8 9 11 10 13 12 16 24 29 14 20 21 28 25 2 23 1 26 5 19 30 15 27 22 4 17 0 18 3
1 2 3 5 4 7 6 10 19 24 8 14 20 27 15 23 17 26 18 28 11 22 9 21 12 25 16 30 13 29 10 11 12 14 13 16 15 19 27 1 17 23 24 0 28 5 26 4 29 8 22 2 18 30 25 7 20 3 21 6
1 2 3 5 4 7 6 10 19 24 8 14 20 27 15 23 17 26 18 28 11 22 9 21 12 25 16 30 13 29 13 14 15 17 16 19 18 22 30 4 20 26 27 3 0 8 29 7 1 11 25 5 21 2 28 10 23 6 24 9
1 2 3 5 4 7 6 10 19 24 8 14 20 27 15 23 17 26 18 28 11 22 9 21 12 25 16 30 13 29 17 18 19 21 20 23 22 26 3 8 24 30 0 7 4 12 2 11 5 15 29 9 25 6 1 14 27 10 28 13
1 2 3 5 4 7 6 10 19 24 8 14 20 27 15 23 17 26 18 28 11 22 9 21 12 25 16 30 13 29 19 20 21 23 22 25 24 28 5 10 26 1 2 9 6 14 4 13 7 17 0 11 27 8 3 16 29 12 30 15
1 2 3 5 4 7 6 10 19 24 8 14 20 27 15 23 17 26 18 28 11 22 9 21 12 25 16 30 13 29 23 24 25 27 26 29 28 1 9 14 30 5 6 13 10 18 8 17 11 21 4 15 0 12 7 20 2 16 3 19
1 2 3 5 4 7 6 10 19 24 8 14 20 27 15 23 17 26 18 28 11 22 9 21 12 25 16 30 13 29 26 27 28 30 29 1 0 4 12 17 2 8 9 16 13 21 11 20 14 24 7 18 3 15 10 23 5 19 6 22
1 2 3 5 4 7 6 10 19 24 8 14 20 27 15 23 17 26 18 28 11 22 9 21 12 25 16 30 13 29 29 30 0 2 1 4 3 7 15 20 5 11 12 19 16 24 14 23 17 27 10 21 6 18 13 26 8 22 9 25
1 2 3 5 4 7 6 10 19 24 8 14 20 27 15 23 17 26 18 28 11 22 9 21 12 25 16 30 13 29 0 1 2 4 3 6 5 9 17 22 7 13 14 21 18 26 16 25 19 29 12 23 8 20 15 28 10 24 11 27
1 2 3 5 4 7 6 10 19 24 8 14 20 27 15 23 17 26 18 28 11 22 9 21 12 25 16 30 13 29 4 5 6 8 7 10 9 13 20 25 11 17 22 29 18 26 21 30 23 2 16 27 12 24 19 1 14 28 15 0
1 2 3 5 4 7 6 10 19 24 8 14 20 27 15 23 17 26 18 28 11 22 9 21 12 25 16 30 13 29 5 6 7 9 8 11 10 14 21 26 12 18 23 30 19 27 22 0 24 3 17 28 13 25 20 2 15 29 16 1
1 2 3 5 4 7 6 10 19 24 8 14 20 27 15 23 17 26 18 28 11 22 9 21 12 25 16 30 13 29 8 9 10 12 11 14 13 17 24 29 15 21 26 2 22 30 25 3 27 6 20 0 16 28 23 5 18 1 19 4
1 2 3 5 4 7 6 10 19 24 8 14 20 27 15 23 17 26 18 28 11 22 9 21 12 25 16 30 13 29 13 14 15 17 16 19 18 22 29 3 20 26 0 7 27 4 30 8 1 11 25 5 21 2 28 10 23 6 24 9
1 2 3 5 4 7 6 10 19 24 8 14 20 27 15 23 17 26 18 28 11 22 9 21 12 25 16 30 13 29 14 15 16 18 17 20 19 23 30 4 21 27 1 8 28 5 0 9 2 12 26 6 22 3 29 11 24 7 25 10
1 2 3 5 4 7 6 10 19 24 8 14 20 27 15 23 17 26 18 28 11 22 9 21 12 25 16 30 13 29 15 16 17 19 18 21 20 24 0 5 22 28 2 9 29 6 1 10 3 13 27 7 23 4 30 12 25 8 26 11
1 2 3 5 4 7 6 10 19 24 8 14 20 27 15 23 17 26 18 28 11 22 9 21 12 25 16 30 13 29 19 20 21 23 22 25 24 28 4 9 26 1 6 13 2 10 5 14 7 17 0 11 27 8 3 16 29 12 30 15
1 2 3 5 4 7 6 10 19 24 8 14 20 27 15 23 17 26 18 28 11 22 9 21 12 25 16 30 13 29 20 21 22 24 23 26 25 29 5 10 27 2 7 14 3 11 6 15 8 18 1 12 28 9 4 17 30 13 0 16
1 2 3 5 4 7 6 10 19 24 8 14 20 27 15 23 17 26 18 28 11 22 9 21 12 25 16 30 13 29 22 23 24 26 25 28 27 0 7 12 29 4 9 16 5 13 8 17 10 20 3 14 30 11 6 19 1 15 2 18
1 2 3 5 4 7 6 10 19 24 8 14 20 27 15 23 17 26 18 28 11 22 9 21 12 25 16 30 13 29 25 26 27 29 28 0 30 3 10 15 1 7 12 19 8 16 11 20 13 23 6 17 2 14 9 22 4 18 5 21
1 2 3 5 4 7 6 10 19 24 8 14 20 27 15 23 17 26 18 28 11 22 9 21 12 25 16 30 13 29 26 27 28 30 29 1 0 4 11 16 2 8 13 20 9 17 12 21 14 24 7 18 3 15 10 23 5 19 6 22
1 2 3 5 4 7 6 10 19 24 8 14 20 27 15 23 17 26 18 28 11 22 9 21 12 25 16 30 13 29 29 30 0 2 1 4 3 7 14 19 5 11 16 23 12 20 15 24 17 27 10 21 6 18 13 26 8 22 9 25
1 2 3 5 4 7 6 10 19 24 8 14 20 27 15 23 17 26 18 28 11 22 9 21 12 25 16 30 13 29 4 5 6 8 7 10 9 13 21 26 11 17 18 25 19 27 23 1 20 30 22 2 12 24 16 29 14 28 15 0
1 2 3 5 4 7 6 10 19 24 8 14 20 27 15 23 17 26 18 28 11 22 9 21 12 25 16 30 13 29 8 9 10 12 11 14 13 17 25 30 15 21 22 29 23 0 27 5 24 3 26 6 16 28 20 2 18 1 19 4
1 2 3 5 4 7 6 10 19 24 8 14 20 27 15 23 17 26 18 28 11 22 9 21 12 25 16 30 13 29 10 11 12 14 13 16 15 19 27 1 17 23 24 0 25 2 29 7 26 5 28 8 18 30 22 4 20 3 21 6
1 2 3 5 4 7 6 10 19 24 8 14 20 27 15 23 17 26 18 28 11 22 9 21 12 25 16 30 13 29 11 12 13 15 14 17 16 20 28 2 18 24 25 1 26 3 30 8 27 6 29 9 19 0 23 5 21 4 22 7
1 2 3 5 4 7 6 10 19 24 8 14 20 27 15 23 17 26 18 28 11 22 9 21 12 25 16 30 13 29 12 13 14 16 15 18 17 21 29 3 19 25 26 2 27 4 0 9 28 7 30 10 20 1 24 6 22 5 23 8
1 2 3 5 4 7 6 10 19 24 8 14 20 27 15 23 17 26 18 28 11 22 9 21 12 25 16 30 13 29 18 19 20 22 21 24 23 27 4 9 25 0 1 8 2 10 6 15 3 13 5 16 26 7 30 12 28 11 29 14
1 2 3 5 4 7 6 10 19 24 8 14 20 27 15 23 17 26 18 28 11 22 9 21 12 25 16 30 13 29 19 20 21 23 22 25 24 28 5 10 26 1 2 9 3 11 7 16 4 14 6 17 27 8 0 13 29 12 30 15
1 2 3 5 4 7 6 10 19 24 8 14 20 27 15 23 17 26 18 28 11 22 9 21 12 25 16 30 13 29 20 21 22 24 23 26 25 29 6 11 27 2 3 10 4 12 8 17 5 15 7 18 28 9 1 14 30 13 0 16
1 2 3 5 4 7 6 10 19 24 8 14 20 27 15 23 17 26 18 28 11 22 9 21 12 25 16 30 13 29 25 26 27 29 28 0 30 3 11 16 1 7 8 15 9 17 13 22 10 20 12 23 2 14 6 19 4 18 5 21
1 2 3 5 4 7 6 10 19 24 8 14 20 27 15 23 17 26 18 28 11 22 9 21 12 25 16 30 13 29 4 5 6 8 7 10 9 13 20 25 11 17 19 26 22 30 18 27 23 2 21 1 12 24 16 29 14 28 15 0
1 2 3 5 4 7 6 10 19 24 8 14 20 27 15 23 17 26 18 28 11 22 9 21 12 25 16 30 13 29 7 8 9 11 10 13 12 16 23 28 14 20 22 29 25 2 21 30 26 5 24 4 15 27 19 1 17 0 18 3
1 2 3 5 4 7 6 10 19 24 8 14 20 27 15 23 17 26 18 28 11 22 9 21 12 25 16 30 13 29 8 9 10 12 11 14 13 17 24 29 15 21 23 30 26 3 22 0 27 6 25 5 16 28 20 2 18 1 19 4
1 2 3 5 4 7 6 10 19 24 8 14 20 27 15 23 17 26 18 28 11 22 9 21 12 25 16 30 13 29 9 10 11 13 12 15 14 18 25 30 16 22 24 0 27 4 23 1 28 7 26 6 17 29 21 3 19 2 20 5
1 2 3 5 4 7 6 10 19 24 8 14 20 27 15 23 17 26 18 28 11 22 9 21 12 25 16 30 13 29 10 11 12 14 13 16 15 19 26 0 17 23 25 1 28 5 24 2 29 8 27 7 18 30 22 4 20 3 21 6
1 2 3 5 4 7 6 10 19 24 8 14 20 27 15 23 17 26 18 28 11 22 9 21 12 25 16 30 13 29 11 12 13 15 14 17 16 20 27 1 18 24 26 2 29 6 25 3 30 9 28 8 19 0 23 5 21 4 22 7
1 2 3 5 4 7 6 10 19 24 8 14 20 27 15 23 17 26 18 28 11 22 9 21 12 25 16 30 13 29 12 13 14 16 15 18 17 21 28 2 19 25 27 3 30 7 26 4 0 10 29 9 20 1 24 6 22 5 23 8
1 2 3 5 4 7 6 10 19 24 8 14 20 27 15 23 17 26 18 28 11 22 9 21 12 25 16 30 13 29 13 14 15 17 16 19 18 22 29 3 20 26 28 4 0 8 27 5 1 11 30 10 21 2 25 7 23 6 24 9
1 2 3 5 4 7 6 10 19 24 8 14 20 27 15 23 17 26 18 28 11 22 9 21 12 25 16 30 13 29 19 20 21 23 22 25 24 28 4 9 26 1 3 10 6 14 2 11 7 17 5 16 27 8 0 13 29 12 30 15
1 2 3 5 4 7 6 10 19 24 8 14 20 27 15 23 17 26 18 28 11 22 9 21 12 25 16 30 13 29 21 22 23 25 24 27 26 30 6 11 28 3 5 12 8 16 4 13 9 19 7 18 29 10 2 15 0 14 1 17
1 2 3 5 4 7 6 10 19 24 8 14 20 27 15 23 17 26 18 28 11 22 9 21 12 25 16 30 13 29 22 23 24 26 25 28 27 0 7 12 29 4 6 13 9 17 5 14 10 20 8 19 30 11 3 16 1 15 2 18
1 2 3 5 4 7 6 10 19 24 8 14 20 27 15 23 17 26 18 28 11 22 9 21 12 25 16 30 13 29 26 27 28 30 29 1 0 4 11 16 2 8 10 17 13 21 9 18 14 24 12 23 3 15 7 20 5 19 6 22
1 2 3 5 4 7 6 10 19 24 8 14 20 27 15 23 17 26 18 28 11 22 9 21 12 25 16 30 13 29 27 28 29 0 30 2 1 5 12 17 3 9 11 18 14 22 10 19 15 25 13 24 4 16 8 21 6 20 7 23
1 2 3 5 4 7 6 10 19 24 8 14 20 27 15 23 17 26 18 28 11 22 9 21 12 25 16 30 13 29 6 7 8 10 9 12 11 15 23 28 13 19 24 0 22 30 25 3 17 27 18 29 14 26 20 2 21 4 16 1
1 2 3 5 4 7 6 10 19 24 8 14 20 27 15 23 17 26 18 28 11 22 9 21 12 25 16 30 13 29 12 13 14 16 15 18 17 21 29 3 19 25 30 6 28 5 0 9 23 2 24 4 20 1 26 8 27 10 22 7
1 2 3 5 4 7 6 10 19 24 8 14 20 27 15 23 17 26 18 28 11 22 9 21 12 25 16 30 13 29 14 15 16 18 17 20 19 23 0 5 21 27 1 8 30 7 2 11 25 4 26 6 22 3 28 10 29 12 24 9
1 2 3 5 4 7 6 10 19 24 8 14 20 27 15 23 17 26 18 28 11 22 9 21 12 25 16 30 13 29 16 17 18 20 19 22 21 25 2 7 23 29 3 10 1 9 4 13 27 6 28 8 24 5 30 12 0 14 26 11
1 2 3 5 4 7 6 10 19 24 8 14 20 27 15 23 17 26 18 28 11 22 9 21 12 25 16 30 13 29 18 19 20 22 21 24 23 27 4 9 25 0 5 12 3 11 6 15 29 8 30 10 26 7 1 14 2 16 28 13
1 2 3 5 4 7 6 10 19 24 8 14 20 27 15 23 17 26 18 28 11 22 9 21 12 25 16 30 13 29 19 20 21 23 22 25 24 28 5 10 26 1 6 13 4 12 7 16 30 9 0 11 27 8 2 15 3 17 29 14
1 2 3 5 4 7 6 10 19 24 8 14 20 27 15 23 17 26 18 28 11 22 9 21 12 25 16 30 13 29 21 22 23 25 24 27 26 30 7 12 28 3 8 15 6 14 9 18 1 11 2 13 29 10 4 17 5 19 0 16
1 2 3 5 4 7 6 10 19 24 8 14 20 27 15 23 17 26 18 28 11 22 9 21 12 25 16 30 13 29 22 23 24 26 25 28 27 0 8 13 29 4 9 16 7 15 10 19 2 12 3 14 30 11 5 18 6 20 1 17
1 2 3 5 4 7 6 10 19 24 8 14 20 27 15 23 17 26 18 28 11 22 9 21 12 25 16 30 13 29 26 27 28 30 29 1 0 4 12 17 2 8 13 20 11 19 14 23 6 16 7 18 3 15 9 22 10 24 5 21
1 2 3 5 4 7 6 10 19 24 8 14 20 27 15 23 17 26 18 28 11 22 9 21 12 25 16 30 13 29 27 28 29 0 30 2 1 5 13 18 3 9 14 21 12 20 15 24 7 17 8 19 4 16 10 23 11 25 6 22
1 2 3 5 4 7 6 10 19 24 8 14 20 27 15 23 17 26 18 28 11 22 9 21 12 25 16 30 13 29 28 29 30 1 0 3 2 6 14 19 4 10 15 22 13 21 16 25 8 18 9 20 5 17 11 24 12 26 7 23
1 2 3 5 4 7 6 10 19 24 8 14 20 27 15 23 17 26 18 28 11 22 9 21 12 25 16 30 13 29 13 14 15 17 16 19 18 22 1 6 20 26 28 4 30 7 0 9 24 3 25 5 21 2 29 11 27 10 23 8
1 2 3 5 4 7 6 10 19 24 8 14 20 27 15 23 17 26 18 28 11 22 9 21 12 25 16 30 13 29 14 15 16 18 17 20 19 23 2 7 21 27 29 5 0 8 1 10 25 4 26 6 22 3 30 12 28 11 24 9
1 2 3 5 4 7 6 10 19 24 8 14 20 27 15 23 17 26 18 28 11 22 9 21 12 25 16 30 13 29 17 18 19 21 20 23 22 26 5 10 24 30 1 8 3 11 4 13 28 7 29 9 25 6 2 15 0 14 27 12
1 2 3 5 4 7 6 10 19 24 8 14 20 27 15 23 17 26 18 28 11 22 9 21 12 25 16 30 13 29 19 20 21 23 22 25 24 28 7 12 26 1 3 10 5 13 6 15 30 9 0 11 27 8 4 17 2 16 29 14
1 2 3 5 4 7 6 10 19 24 8 14 20 27 15 23 17 26 18 28 11 22 9 21 12 25 16 30 13 29 20 21 22 24 23 26 25 29 8 13 27 2 4 11 6 14 7 16 0 10 1 12 28 9 5 18 3 17 30 15
1 2 3 5 4 7 6 10 19 24 8 14 20 27 15 23 17 26 18 28 11 22 9 21 12 25 16 30 13 29 22 23 24 26 25 28 27 0 10 15 29 4 6 13 8 16 9 18 2 12 3 14 30 11 7 20 5 19 1 17
1 2 3 5 4 7 6 10 19 24 8 14 20 27 15 23 17 26 18 28 11 22 9 21 12 25 16 30 13 29 28 29 30 1 0 3 2 6 16 21 4 10 12 19 14 22 15 24 8 18 9 20 5 17 13 26 11 25 7 23
1 2 3 5 4 7 6 10 19 24 8 14 20 27 15 23 17 26 18 28 11 22 9 21 12 25 16 30 13 29 15 16 17 19 18 21 20 24 1 6 22 28 2 9 3 11 30 8 26 5 27 7 23 4 0 13 29 12 25 10
1 2 3 5 4 7 6 10 19 24 8 14 20 27 15 23 17 26 18 28 11 22 9 21 12 25 16 30 13 29 16 17 18 20 19 22 21 25 2 7 23 29 3 10 4 12 0 9 27 6 28 8 24 5 1 14 30 13 26 11
1 2 3 5 4 7 6 10 19 24 8 14 20 27 15 23 17 26 18 28 11 22 9 21 12 25 16 30 13 29 22 23 24 26 25 28 27 0 8 13 29 4 9 16 10 18 6 15 2 12 3 14 30 11 7 20 5 19 1 17
1 2 3 5 4 7 6 10 19 24 8 14 20 27 15 23 17 26 18 28 11 22 9 21 12 25 16 30 13 29 25 26 27 29 28 0 30 3 11 16 1 7 12 19 13 21 9 18 5 15 6 17 2 14 10 23 8 22 4 20
1 2 3 5 4 7 6 10 19 24 8 14 20 27 15 23 17 26 18 28 11 22 9 21 12 25 16 30 13 29 28 29 30 1 0 3 2 6 14 19 4 10 15 22 16 24 12 21 8 18 9 20 5 17 13 26 11 25 7 23
1 2 3 5 4 7 6 10 19 24 8 14 20 27 15 23 17 26 18 28 11 22 9 21 12 25 16 30 13 29 6 7 8 10 9 12 11 15 25 30 13 19 22 29 20 28 24 2 17 27 23 3 14 26 18 0 21 4 16 1
1 2 3 5 4 7 6 10 19 24 8 14 20 27 15 23 17 26 18 28 11 22 9 21 12 25 16 30 13 29 15 16 17 19 18 21 20 24 3 8 22 28 0 7 29 6 2 11 26 5 1 12 23 4 27 9 30 13 25 10
1 2 3 5 4 7 6 10 19 24 8 14 20 27 15 23 17 26 18 28 11 22 9 21 12 25 16 30 13 29 18 19 20 22 21 24 23 27 6 11 25 0 3 10 1 9 5 14 29 8 4 15 26 7 30 12 2 16 28 13
1 2 3 5 4 7 6 10 19 24 8 14 20 27 15 23 17 26 18 28 11 22 9 21 12 25 16 30 13 29 20 21 22 24 23 26 25 29 8 13 27 2 5 12 3 11 7 16 0 10 6 17 28 9 1 14 4 18 30 15
1 2 3 5 4 7 6 10 19 24 8 14 20 27 15 23 17 26 18 28 11 22 9 21 12 25 16 30 13 29 22 23 24 26 25 28 27 0 10 15 29 4 7 14 5 13 9 18 2 12 8 19 30 11 3 16 6 20 1 17
1 2 3 5 4 7 6 10 19 24 8 14 20 27 15 23 17 26 18 28 11 22 9 21 12 25 16 30 13 29 27 28 29 0 30 2 1 5 15 20 3 9 12 19 10 18 14 23 7 17 13 24 4 16 8 21 11 25 6 22
1 2 3 5 4 7 6 10 19 24 8 14 20 27 15 23 17 26 18 28 11 22 9 21 12 25 16 30 13 29 12 13 14 16 15 18 17 21 30 4 19 25 29 5 26 3 0 9 23 2 28 8 20 1 24 6 27 10 22 7
1 2 3 5 4 7 6 10 19 24 8 14 20 27 15 23 17 26 18 28 11 22 9 21 12 25 16 30 13 29 15 16 17 19 18 21 20 24 2 7 22 28 1 8 29 6 3 12 26 5 0 11 23 4 27 9 30 13 25 10
1 2 3 5 4 7 6 10 19 24 8 14 20 27 15 23 17 26 18 28 11 22 9 21 12 25 16 30 13 29 17 18 19 21 20 23 22 26 4 9 24 30 3 10 0 8 5 14 28 7 2 13 25 6 29 11 1 15 27 12
1 2 3 5 4 7 6 10 19 24 8 14 20 27 15 23 17 26 18 28 11 22 9 21 12 25 16 30 13 29 18 19 20 22 21 24 23 27 5 10 25 0 4 11 1 9 6 15 29 8 3 14 26 7 30 12 2 16 28 13
1 2 3 5 4 7 6 10 19 24 8 14 20 27 15 23 17 26 18 28 11 22 9 21 12 25 16 30 13 29 20 21 22 24 23 26 25 29 7 12 27 2 6 13 3 11 8 17 0 10 5 16 28 9 1 14 4 18 30 15
1 2 3 5 4 7 6 10 19 24 8 14 20 27 15 23 17 26 18 28 11 22 9 21 12 25 16 30 13 29 21 22 23 25 24 27 26 30 8 13 28 3 7 14 4 12 9 18 1 11 6 17 29 10 2 15 5 19 0 16
1 2 3 5 4 7 6 10 19 24 8 14 20 27 15 23 17 26 18 28 11 22 9 21 12 25 16 30 13 29 22 23 24 26 25 28 27 0 9 14 29 4 8 15 5 13 10 19 2 12 7 18 30 11 3 16 6 20 1 17
1 2 3 5 4 7 6 10 19 24 8 14 20 27 15 23 17 26 18 28 11 22 9 21 12 25 16 30 13 29 27 28 29 0 30 2 1 5 14 19 3 9 13 20 10 18 15 24 7 17 12 23 4 16 8 21 11 25 6 22
1 2 3 5 4 7 6 10 19 24 8 14 20 27 15 23 17 26 18 28 11 22 9 21 12 25 16 30 13 29 8 9 10 12 11 14 13 17 25 30 15 21 24 0 27 4 23 1 19 29 26 6 16 28 20 2 22 5 18 3
1 2 3 5 4 7 6 10 19 24 8 14 20 27 15 23 17 26 18 28 11 22 9 21 12 25 16 30 13 29 9 10 11 13 12 15 14 18 26 0 16 22 25 1 28 5 24 2 20 30 27 7 17 29 21 3 23 6 19 4
1 2 3 5 4 7 6 10 19 24 8 14 20 27 15 23 17 26 18 28 11 22 9 21 12 25 16 30 13 29 11 12 13 15 14 17 16 20 28 2 18 24 27 3 30 7 26 4 22 1 29 9 19 0 23 5 25 8 21 6
1 2 3 5 4 7 6 10 19 24 8 14 20 27 15 23 17 26 18 28 11 22 9 21 12 25 16 30 13 29 17 18 19 21 20 23 22 26 3 8 24 30 2 9 5 13 1 10 28 7 4 15 25 6 29 11 0 14 27 12
1 2 3 5 4 7 6 10 19 24 8 14 20 27 15 23 17 26 18 28 11 22 9 21 12 25 16 30 13 29 25 26 27 29 28 0 30 3 11 16 1 7 10 17 13 21 9 18 5 15 12 23 2 14 6 19 8 22 4 20
1 2 3 5 4 7 6 10 19 24 8 14 20 27 15 23 17 26 18 28 11 22 9 21 12 25 16 30 13 29 8 9 10 12 11 14 13 17 27 1 15 21 24 0 25 2 20 29 26 5 19 30 16 28 22 4 23 6 18 3
1 2 3 5 4 7 6 10 19 24 8 14 20 27 15 23 17 26 18 28 11 22 9 21 12 25 16 30 13 29 11 12 13 15 14 17 16 20 30 4 18 24 27 3 28 5 23 1 29 8 22 2 19 0 25 7 26 9 21 6
1 2 3 5 4 7 6 10 19 24 8 14 20 27 15 23 17 26 18 28 11 22 9 21 12 25 16 30 13 29 15 16 17 19 18 21 20 24 3 8 22 28 0 7 1 9 27 5 2 12 26 6 23 4 29 11 30 13 25 10
1 2 3 5 4 7 6 10 19 24 8 14 20 27 15 23 17 26 18 28 11 22 9 21 12 25 16 30 13 29 16 17 18 20 19 22 21 25 4 9 23 29 1 8 2 10 28 6 3 13 27 7 24 5 30 12 0 14 26 11
1 2 3 5 4 7 6 10 19 24 8 14 20 27 15 23 17 26 18 28 11 22 9 21 12 25 16 30 13 29 17 18 19 21 20 23 22 26 5 10 24 30 2 9 3 11 29 7 4 14 28 8 25 6 0 13 1 15 27 12
1 2 3 5 4 7 6 10 19 24 8 14 20 27 15 23 17 26 18 28 11 22 9 21 12 25 16 30 13 29 26 27 28 30 29 1 0 4 14 19 2 8 11 18 12 20 7 16 13 23 6 17 3 15 9 22 10 24 5 21
1 2 3 5 4 7 6 10 19 24 8 14 20 27 15 23 17 26 18 28 11 22 9 21 12 25 16 30 13 29 27 28 29 0 30 2 1 5 15 20 3 9 12 19 13 21 8 17 14 24 7 18 4 16 10 23 11 25 6 22
1 2 3 5 4 7 6 10 19 24 8 14 20 27 15 23 17 26 18 28 11 22 9 21 12 25 16 30 13 29 4 5 6 8 7 10 9 13 23 28 11 17 22 29 19 27 16 25 21 0 15 26 12 24 20 2 18 1 14 30
1 2 3 5 4 7 6 10 19 24 8 14 20 27 15 23 17 26 18 28 11 22 9 21 12 25 16 30 13 29 6 7 8 10 9 12 11 15 25 30 13 19 24 0 21 29 18 27 23 2 17 28 14 26 22 4 20 3 16 1
1 2 3 5 4 7 6 10 19 24 8 14 20 27 15 23 17 26 18 28 11 22 9 21 12 25 16 30 13 29 7 8 9 11 10 13 12 16 26 0 14 20 25 1 22 30 19 28 24 3 18 29 15 27 23 5 21 4 17 2
1 2 3 5 4 7 6 10 19 24 8 14 20 27 15 23 17 26 18 28 11 22 9 21 12 25 16 30 13 29 9 10 11 13 12 15 14 18 28 2 16 22 27 3 24 1 21 30 26 5 20 0 17 29 25 7 23 6 19 4
1 2 3 5 4 7 6 10 19 24 8 14 20 27 15 23 17 26 18 28 11 22 9 21 12 25 16 30 13 29 10 11 12 14 13 16 15 19 29 3 17 23 28 4 25 2 22 0 27 6 21 1 18 30 26 8 24 7 20 5
1 2 3 5 4 7 6 10 19 24 8 14 20 27 15 23 17 26 18 28 11 22 9 21 12 25 16 30 13 29 13 14 15 17 16 19 18 22 1 6 20 26 0 7 28 5 25 3 30 9 24 4 21 2 29 11 27 10 23 8
1 2 3 5 4 7 6 10 19 24 8 14 20 27 15 23 17 26 18 28 11 22 9 21 12 25 16 30 13 29 16 17 18 20 19 22 21 25 4 9 23 29 3 10 0 8 28 6 2 12 27 7 24 5 1 14 30 13 26 11
1 2 3 5 4 7 6 10 19 24 8 14 20 27 15 23 17 26 18 28 11 22 9 21 12 25 16 30 13 29 17 18 19 21 20 23 22 26 5 10 24 30 4 11 1 9 29 7 3 13 28 8 25 6 2 15 0 14 27 12
1 2 3 5 4 7 6 10 19 24 8 14 20 27 15 23 17 26 18 28 11 22 9 21 12 25 16 30 13 29 19 20 21 23 22 25 24 28 7 12 26 1 6 13 3 11 0 9 5 15 30 10 27 8 4 17 2 16 29 14
1 2 3 5 4 7 6 10 19 24 8 14 20 27 15 23 17 26 18 28 11 22 9 21 12 25 16 30 13 29 22 23 24 26 25 28 27 0 10 15 29 4 9 16 6 14 3 12 8 18 2 13 30 11 7 20 5 19 1 17
1 2 3 5 4 7 6 10 19 24 8 14 20 27 15 23 17 26 18 28 11 22 9 21 12 25 16 30 13 29 29 30 0 2 1 4 3 7 17 22 5 11 16 23 13 21 10 19 15 25 9 20 6 18 14 27 12 26 8 24
1 2 3 5 4 7 6 10 19 24 8 14 20 27 15 23 17 26 18 28 11 22 9 21 12 25 16 30 13 29 4 5 6 8 7 10 9 13 22 27 11 17 21 28 23 0 16 25 19 29 15 26 12 24 20 2 18 1 14 30
1 2 3 5 4 7 6 10 19 24 8 14 20 27 15 23 17 26 18 28 11 22 9 21 12 25 16 30 13 29 9 10 11 13 12 15 14 18 27 1 16 22 26 2 28 5 21 30 24 3 20 0 17 29 25 7 23 6 19 4
1 2 3 5 4 7 6 10 19 24 8 14 20 27 15 23 17 26 18 28 11 22 9 21 12 25 16 30 13 29 15 16 17 19 18 21 20 24 2 7 22 28 1 8 3 11 27 5 30 9 26 6 23 4 0 13 29 12 25 10
1 2 3 5 4 7 6 10 19 24 8 14 20 27 15 23 17 26 18 28 11 22 9 21 12 25 16 30 13 29 16 17 18 20 19 22 21 25 3 8 23 29 2 9 4 12 28 6 0 10 27 7 24 5 1 14 30 13 26 11
1 2 3 5 4 7 6 10 19 24 8 14 20 27 15 23 17 26 18 28 11 22 9 21 12 25 16 30 13 29 17 18 19 21 20 23 22 26 4 9 24 30 3 10 5 13 29 7 1 11 28 8 25 6 2 15 0 14 27 12
1 2 3 5 4 7 6 10 19 24 8 14 20 27 15 23 17 26 18 28 11 22 9 21 12 25 16 30 13 29 19 20 21 23 22 25 24 28 6 11 26 1 5 12 7 15 0 9 3 13 30 10 27 8 4 17 2 16 29 14
1 2 3 5 4 7 6 10 19 24 8 14 20 27 15 23 17 26 18 28 11 22 9 21 12 25 16 30 13 29 21 22 23 25 24 27 26 30 8 13 28 3 7 14 9 17 2 11 5 15 1 12 29 10 6 19 4 18 0 16
1 2 3 5 4 7 6 10 19 24 8 14 20 27 15 23 17 26 18 28 11 22 9 21 12 25 16 30 13 29 22 23 24 26 25 28 27 0 9 14 29 4 8 15 10 18 3 12 6 16 2 13 30 11 7 20 5 19 1 17
1 2 3 5 4 7 6 10 19 24 8 14 20 27 15 23 17 26 18 28 11 22 9 21 12 25 16 30 13 29 22 23 24 26 25 28 27 0 9 14 29 4 5 12 7 15 10 19 8 18 2 13 30 11 3 16 6 20 1 17
1 2 3 5 4 7 6 10 19 24 8 14 20 27 15 23 17 26 18 28 11 22 9 21 12 25 16 30 13 29 27 28 29 0 30 2 1 5 14 19 3 9 10 17 12 20 15 24 13 23 7 18 4 16 8 21 11 25 6 22
1 2 3 5 4 7 6 10 19 24 8 14 20 27 15 23 17 26 18 28 11 22 9 21 12 25 16 30 13 29 4 5 6 8 7 10 9 13 20 25 11 17 21 28 23 0 18 27 22 1 15 26 12 24 16 29 19 2 14 30
1 2 3 5 4 7 6 10 19 24 8 14 20 27 15 23 17 26 18 28 11 22 9 21 12 25 16 30 13 29 5 6 7 9 8 11 10 14 21 26 12 18 22 29 24 1 19 28 23 2 16 27 13 25 17 30 20 3 15 0
1 2 3 5 4 7 6 10 19 24 8 14 20 27 15 23 17 26 18 28 11 22 9 21 12 25 16 30 13 29 6 7 8 10 9 12 11 15 22 27 13 19 23 30 25 2 20 29 24 3 17 28 14 26 18 0 21 4 16 1
1 2 3 5 4 7 6 10 19 24 8 14 20 27 15 23 17 26 18 28 11 22 9 21 12 25 16 30 13 29 7 8 9 11 10 13 12 16 23 28 14 20 24 0 26 3 21 30 25 4 18 29 15 27 19 1 22 5 17 2
1 2 3 5 4 7 6 10 19 24 8 14 20 27 15 23 17 26 18 28 11 22 9 21 12 25 16 30 13 29 11 12 13 15 14 17 16 20 27 1 18 24 28 4 30 7 25 3 29 8 22 2 19 0 23 5 26 9 21 6
1 2 3 5 4 7 6 10 19 24 8 14 20 27 15 23 17 26 18 28 11 22 9 21 12 25 16 30 13 29 5 6 7 9 8 11 10 14 21 26 12 18 22 29 20 28 23 1 24 3 16 27 13 25 17 30 19 2 15 0
1 2 3 5 4 7 6 10 19 24 8 14 20 27 15 23 17 26 18 28 11 22 9 21 12 25 16 30 13 29 6 7 8 10 9 12 11 15 22 27 13 19 23 30 21 29 24 2 25 4 17 28 14 26 18 0 20 3 16 1
1 2 3 5 4 7 6 10 19 24 8 14 20 27 15 23 17 26 18 28 11 22 9 21 12 25 16 30 13 29 7 8 9 11 10 13 12 16 23 28 14 20 24 0 22 30 25 3 26 5 18 29 15 27 19 1 21 4 17 2
1 2 3 5 4 7 6 10 19 24 8 14 20 27 15 23 17 26 18 28 11 22 9 21 12 25 16 30 13 29 9 10 11 13 12 15 14 18 25 30 16 22 26 2 24 1 27 5 28 7 20 0 17 29 21 3 23 6 19 4
1 2 3 5 4 7 6 10 19 24 8 14 20 27 15 23 17 26 18 28 11 22 9 21 12 25 16 30 13 29 11 12 13 15 14 17 16 20 27 1 18 24 28 4 26 3 29 7 30 9 22 2 19 0 23 5 25 8 21 6
1 2 3 5 4 7 6 10 19 24 8 14 20 27 15 23 17 26 18 28 11 22 9 21 12 25 16 30 13 29 13 14 15 17 16 19 18 22 29 3 20 26 30 6 28 5 0 9 1 11 24 4 21 2 25 7 27 10 23 8
1 2 3 5 4 7 6 10 19 24 8 14 20 27 15 23 17 26 18 28 11 22 9 21 12 25 16 30 13 29 16 17 18 20 19 22 21 25 1 6 23 29 2 9 0 8 3 12 4 14 27 7 24 5 28 10 30 13 26 11
1 2 3 5 4 7 6 10 19 24 8 14 20 27 15 23 17 26 18 28 11 22 9 21 12 25 16 30 13 29 22 23 24 26 25 28 27 0 7 12 29 4 8 15 6 14 9 18 10 20 2 13 30 11 3 16 5 19 1 17
1 2 3 5 4 7 6 10 19 24 8 14 20 27 15 23 17 26 18 28 11 22 9 21 12 25 16 30 13 29 8 9 10 12 11 14 13 17 25 30 15 21 24 0 27 4 20 29 26 5 22 2 16 28 19 1 23 6 18 3
1 2 3 5 4 7 6 10 19 24 8 14 20 27 15 23 17 26 18 28 11 22 9 21 12 25 16 30 13 29 12 13 14 16 15 18 17 21 29 3 19 25 28 4 0 8 24 2 30 9 26 6 20 1 23 5 27 10 22 7
1 2 3 5 4 7 6 10 19 24 8 14 20 27 15 23 17 26 18 28 11 22 9 21 12 25 16 30 13 29 14 15 16 18 17 20 19 23 0 5 21 27 30 6 2 10 26 4 1 11 28 8 22 3 25 7 29 12 24 9
1 2 3 5 4 7 6 10 19 24 8 14 20 27 15 23 17 26 18 28 11 22 9 21 12 25 16 30 13 29 16 17 18 20 19 22 21 25 2 7 23 29 1 8 4 12 28 6 3 13 30 10 24 5 27 9 0 14 26 11
1 2 3 5 4 7 6 10 19 24 8 14 20 27 15 23 17 26 18 28 11 22 9 21 12 25 16 30 13 29 18 19 20 22 21 24 23 27 4 9 25 0 3 10 6 14 30 8 5 15 1 12 26 7 29 11 2 16 28 13
1 2 3 5 4 7 6 10 19 24 8 14 20 27 15 23 17 26 18 28 11 22 9 21 12 25 16 30 13 29 19 20 21 23 22 25 24 28 5 10 26 1 4 11 7 15 0 9 6 16 2 13 27 8 30 12 3 17 29 14
1 2 3 5 4 7 6 10 19 24 8 14 20 27 15 23 17 26 18 28 11 22 9 21 12 25 16 30 13 29 20 21 22 24 23 26 25 29 6 11 27 2 5 12 8 16 1 10 7 17 3 14 28 9 0 13 4 18 30 15
1 2 3 5 4 7 6 10 19 24 8 14 20 27 15 23 17 26 18 28 11 22 9 21 12 25 16 30 13 29 25 26 27 29 28 0 30 3 11 16 1 7 10 17 13 21 6 15 12 22 8 19 2 14 5 18 9 23 4 20
1 2 3 5 4 7 6 10 19 24 8 14 20 27 15 23 17 26 18 28 11 22 9 21 12 25 16 30 13 29 11 12 13 15 14 17 16 20 29 3 18 24 26 2 28 5 23 1 30 9 27 7 19 0 22 4 25 8 21 6
1 2 3 5 4 7 6 10 19 24 8 14 20 27 15 23 17 26 18 28 11 22 9 21 12 25 16 30 13 29 14 15 16 18 17 20 19 23 1 6 21 27 29 5 0 8 26 4 2 12 30 10 22 3 25 7 28 11 24 9
1 2 3 5 4 7 6 10 19 24 8 14 20 27 15 23 17 26 18 28 11 22 9 21 12 25 16 30 13 29 15 16 17 19 18 21 20 24 2 7 22 28 30 6 1 9 27 5 3 13 0 11 23 4 26 8 29 12 25 10
1 2 3 5 4 7 6 10 19 24 8 14 20 27 15 23 17 26 18 28 11 22 9 21 12 25 16 30 13 29 19 20 21 23 22 25 24 28 6 11 26 1 3 10 5 13 0 9 7 17 4 15 27 8 30 12 2 16 29 14
1 2 3 5 4 7 6 10 19 24 8 14 20 27 15 23 17 26 18 28 11 22 9 21 12 25 16 30 13 29 22 23 24 26 25 28 27 0 9 14 29 4 6 13 8 16 3 12 10 20 7 18 30 11 2 15 5 19 1 17
1 2 3 5 4 7 6 10 19 24 8 14 20 27 15 23 17 26 18 28 11 22 9 21 12 25 16 30 13 29 6 7 8 10 9 12 11 15 23 28 13 19 24 0 21 29 18 27 25 4 22 2 14 26 17 30 20 3 16 1
1 2 3 5 4 7 6 10 19 24 8 14 20 27 15 23 17 26 18 28 11 22 9 21 12 25 16 30 13 29 8 9 10 12 11 14 13 17 25 30 15 21 26 2 23 0 20 29 27 6 24 4 16 28 19 1 22 5 18 3
1 2 3 5 4 7 6 10 19 24 8 14 20 27 15 23 17 26 18 28 11 22 9 21 12 25 16 30 13 29 9 10 11 13 12 15 14 18 26 0 16 22 27 3 24 1 21 30 28 7 25 5 17 29 20 2 23 6 19 4
1 2 3 5 4 7 6 10 19 24 8 14 20 27 15 23 17 26 18 28 11 22 9 21 12 25 16 30 13 29 10 11 12 14 13 16 15 19 27 1 17 23 28 4 25 2 22 0 29 8 26 6 18 30 21 3 24 7 20 5
1 2 3 5 4 7 6 10 19 24 8 14 20 27 15 23 17 26 18 28 11 22 9 21 12 25 16 30 13 29 11 12 13 15 14 17 16 20 28 2 18 24 29 5 26 3 23 1 30 9 27 7 19 0 22 4 25 8 21 6
1 2 3 5 4 7 6 10 19 24 8 14 20 27 15 23 17 26 18 28 11 22 9 21 12 25 16 30 13 29 13 14 15 17 16 19 18 22 30 4 20 26 0 7 28 5 25 3 1 11 29 9 21 2 24 6 27 10 23 8
1 2 3 5 4 7 6 10 19 24 8 14 20 27 15 23 17 26 18 28 11 22 9 21 12 25 16 30 13 29 16 17 18 20 19 22 21 25 2 7 23 29 3 10 0 8 28 6 4 14 1 12 24 5 27 9 30 13 26 11
1 2 3 5 4 7 6 10 19 24 8 14 20 27 15 23 17 26 18 28 11 22 9 21 12 25 16 30 13 29 17 18 19 21 20 23 22 26 3 8 24 30 4 11 1 9 29 7 5 15 2 13 25 6 28 10 0 14 27 12
1 2 3 5 4 7 6 10 19 24 8 14 20 27 15 23 17 26 18 28 11 22 9 21 12 25 16 30 13 29 18 19 20 22 21 24 23 27 4 9 25 0 5 12 2 10 30 8 6 16 3 14 26 7 29 11 1 15 28 13
1 2 3 5 4 7 6 10 19 24 8 14 20 27 15 23 17 26 18 28 11 22 9 21 12 25 16 30 13 29 19 20 21 23 22 25 24 28 5 10 26 1 6 13 3 11 0 9 7 17 4 15 27 8 30 12 2 16 29 14
1 2 3 5 4 7 6 10 19 24 8 14 20 27 15 23 17 26 18 28 11 22 9 21 12 25 16 30 13 29 21 22 23 25 24 27 26 30 7 12 28 3 8 15 5 13 2 11 9 19 6 17 29 10 1 14 4 18 0 16
1 2 3 5 4 7 6 10 19 24 8 14 20 27 15 23 17 26 18 28 11 22 9 21 12 25 16 30 13 29 22 23 24 26 25 28 27 0 8 13 29 4 9 16 6 14 3 12 10 20 7 18 30 11 2 15 5 19 1 17
1 2 3 5 4 7 6 10 19 24 8 14 20 27 15 23 17 26 18 28 11 22 9 21 12 25 16 30 13 29 25 26 27 29 28 0 30 3 11 16 1 7 12 19 9 17 6 15 13 23 10 21 2 14 5 18 8 22 4 20
1 2 3 5 4 7 6 10 19 24 8 14 20 27 15 23 17 26 18 28 11 22 9 21 12 25 16 30 13 29 29 30 0 2 1 4 3 7 15 20 5 11 16 23 13 21 10 19 17 27 14 25 6 18 9 22 12 26 8 24
1 2 3 5 4 7 6 10 19 24 8 14 20 27 15 23 17 26 18 28 11 22 9 21 12 25 16 30 13 29 6 7 8 10 9 12 11 15 23 28 13 19 22 29 25 2 18 27 21 0 24 4 14 26 17 30 20 3 16 1
1 2 3 5 4 7 6 10 19 24 8 14 20 27 15 23 17 26 18 28 11 22 9 21 12 25 16 30 13 29 8 9 10 12 11 14 13 17 25 30 15 21 24 0 27 4 20 29 23 2 26 6 16 28 19 1 22 5 18 3
1 2 3 5 4 7 6 10 19 24 8 14 20 27 15 23 17 26 18 28 11 22 9 21 12 25 16 30 13 29 9 10 11 13 12 15 14 18 26 0 16 22 25 1 28 5 21 30 24 3 27 7 17 29 20 2 23 6 19 4
1 2 3 5 4 7 6 10 19 24 8 14 20 27 15 23 17 26 18 28 11 22 9 21 12 25 16 30 13 29 10 11 12 14 13 16 15 19 27 1 17 23 26 2 29 6 22 0 25 4 28 8 18 30 21 3 24 7 20 5
1 2 3 5 4 7 6 10 19 24 8 14 20 27 15 23 17 26 18 28 11 22 9 21 12 25 16 30 13 29 14 15 16 18 17 20 19 23 0 5 21 27 30 6 2 10 26 4 29 8 1 12 22 3 25 7 28 11 24 9
1 2 3 5 4 7 6 10 19 24 8 14 20 27 15 23 17 26 18 28 11 22 9 21 12 25 16 30 13 29 16 17 18 20 19 22 21 25 2 7 23 29 1 8 4 12 28 6 0 10 3 14 24 5 27 9 30 13 26 11
1 2 3 5 4 7 6 10 19 24 8 14 20 27 15 23 17 26 18 28 11 22 9 21 12 25 16 30 13 29 17 18 19 21 20 23 22 26 3 8 24 30 2 9 5 13 29 7 1 11 4 15 25 6 28 10 0 14 27 12
1 2 3 5 4 7 6 10 19 24 8 14 20 27 15 23 17 26 18 28 11 22 9 21 12 25 16 30 13 29 19 20 21 23 22 25 24 28 5 10 26 1 4 11 7 15 0 9 3 13 6 17 27 8 30 12 2 16 29 14
1 2 3 5 4 7 6 10 19 24 8 14 20 27 15 23 17 26 18 28 11 22 9 21 12 25 16 30 13 29 20 21 22 24 23 26 25 29 6 11 27 2 5 12 8 16 1 10 4 14 7 18 28 9 0 13 3 17 30 15
1 2 3 5 4 7 6 10 19 24 8 14 20 27 15 23 17 26 18 28 11 22 9 21 12 25 16 30 13 29 0 1 2 4 3 6 5 9 17 22 7 13 16 23 19 27 12 21 15 25 18 29 8 20 11 24 14 28 10 26
1 2 3 5 4 7 6 10 19 24 8 14 20 27 15 23 17 26 18 28 11 22 9 21 12 25 16 30 13 29 4 5 6 8 7 10 9 13 22 27 11 17 18 25 23 0 20 29 16 26 21 1 12 24 15 28 19 2 14 30
1 2 3 5 4 7 6 10 19 24 8 14 20 27 15 23 17 26 18 28 11 22 9 21 12 25 16 30 13 29 15 16 17 19 18 21 20 24 2 7 22 28 29 5 3 11 0 9 27 6 1 12 23 4 26 8 30 13 25 10
1 2 3 5 4 7 6 10 19 24 8 14 20 27 15 23 17 26 18 28 11 22 9 21 12 25 16 30 13 29 18 19 20 22 21 24 23 27 5 10 25 0 1 8 6 14 3 12 30 9 4 15 26 7 29 11 2 16 28 13
1 2 3 5 4 7 6 10 19 24 8 14 20 27 15 23 17 26 18 28 11 22 9 21 12 25 16 30 13 29 19 20 21 23 22 25 24 28 6 11 26 1 2 9 7 15 4 13 0 10 5 16 27 8 30 12 3 17 29 14
1 2 3 5 4 7 6 10 19 24 8 14 20 27 15 23 17 26 18 28 11 22 9 21 12 25 16 30 13 29 22 23 24 26 25 28 27 0 9 14 29 4 5 12 10 18 7 16 3 13 8 19 30 11 2 15 6 20 1 17
1 2 3 5 4 7 6 10 19 24 8 14 20 27 15 23 17 26 18 28 11 22 9 21 12 25 16 30 13 29 0 1 2 4 3 6 5 9 18 23 7 13 14 21 19 27 16 25 12 22 17 28 8 20 11 24 15 29 10 26
1 2 3 5 4 7 6 10 19 24 8 14 20 27 15 23 17 26 18 28 11 22 9 21 12 25 16 30 13 29 5 6 7 9 8 11 10 14 23 28 12 18 19 26 22 30 24 2 17 27 21 1 13 25 16 29 20 3 15 0
1 2 3 5 4 7 6 10 19 24 8 14 20 27 15 23 17 26 18 28 11 22 9 21 12 25 16 30 13 29 11 12 13 15 14 17 16 20 29 3 18 24 25 1 28 5 30 8 23 2 27 7 19 0 22 4 26 9 21 6
1 2 3 5 4 7 6 10 19 24 8 14 20 27 15 23 17 26 18 28 11 22 9 21 12 25 16 30 13 29 12 13 14 16 15 18 17 21 30 4 19 25 26 2 29 6 0 9 24 3 28 8 20 1 23 5 27 10 22 7
1 2 3 5 4 7 6 10 19 24 8 14 20 27 15 23 17 26 18 28 11 22 9 21 12 25 16 30 13 29 14 15 16 18 17 20 19 23 1 6 21 27 28 4 0 8 2 11 26 5 30 10 22 3 25 7 29 12 24 9
1 2 3 5 4 7 6 10 19 24 8 14 20 27 15 23 17 26 18 28 11 22 9 21 12 25 16 30 13 29 15 16 17 19 18 21 20 24 2 7 22 28 29 5 1 9 3 12 27 6 0 11 23 4 26 8 30 13 25 10
1 2 3 5 4 7 6 10 19 24 8 14 20 27 15 23 17 26 18 28 11 22 9 21 12 25 16 30 13 29 16 17 18 20 19 22 21 25 3 8 23 29 30 6 2 10 4 13 28 7 1 12 24 5 27 9 0 14 26 11
1 2 3 5 4 7 6 10 19 24 8 14 20 27 15 23 17 26 18 28 11 22 9 21 12 25 16 30 13 29 19 20 21 23 22 25 24 28 6 11 26 1 2 9 5 13 7 16 0 10 4 15 27 8 30 12 3 17 29 14
1 2 3 5 4 7 6 10 19 24 8 14 20 27 15 23 17 26 18 28 11 22 9 21 12 25 16 30 13 29 21 22 23 25 24 27 26 30 8 13 28 3 4 11 7 15 9 18 2 12 6 17 29 10 1 14 5 19 0 16
1 2 3 5 4 7 6 10 19 24 8 14 20 27 15 23 17 26 18 28 11 22 9 21 12 25 16 30 13 29 27 28 29 0 30 2 1 5 14 19 3 9 10 17 13 21 15 24 8 18 12 23 4 16 7 20 11 25 6 22
1 2 3 5 4 7 6 10 19 24 8 14 20 27 15 23 17 26 18 28 11 22 9 21 12 25 16 30 13 29 0 1 2 4 3 6 5 9 18 23 7 13 14 21 17 25 19 28 12 22 16 27 8 20 11 24 15 29 10 26
1 2 3 5 4 7 6 10 19 24 8 14 20 27 15 23 17 26 18 28 11 22 9 21 12 25 16 30 13 29 4 5 6 8 7 10 9 13 20 25 11 17 22 29 23 0 18 27 16 26 21 1 12 24 15 28 19 2 14 30
1 2 3 5 4 7 6 10 19 24 8 14 20 27 15 23 17 26 18 28 11 22 9 21 12 25 16 30 13 29 5 6 7 9 8 11 10 14 21 26 12 18 23 30 24 1 19 28 17 27 22 2 13 25 16 29 20 3 15 0
1 2 3 5 4 7 6 10 19 24 8 14 20 27 15 23 17 26 18 28 11 22 9 21 12 25 16 30 13 29 12 13 14 16 15 18 17 21 28 2 19 25 30 6 0 8 26 4 24 3 29 9 20 1 23 5 27 10 22 7
1 2 3 5 4 7 6 10 19 24 8 14 20 27 15 23 17 26 18 28 11 22 9 21 12 25 16 30 13 29 14 15 16 18 17 20 19 23 30 4 21 27 1 8 2 10 28 6 26 5 0 11 22 3 25 7 29 12 24 9
1 2 3 5 4 7 6 10 19 24 8 14 20 27 15 23 17 26 18 28 11 22 9 21 12 25 16 30 13 29 18 19 20 22 21 24 23 27 3 8 25 0 5 12 6 14 1 10 30 9 4 15 26 7 29 11 2 16 28 13
1 2 3 5 4 7 6 10 19 24 8 14 20 27 15 23 17 26 18 28 11 22 9 21 12 25 16 30 13 29 20 21 22 24 23 26 25 29 5 10 27 2 7 14 8 16 3 12 1 11 6 17 28 9 0 13 4 18 30 15
1 2 3 5 4 7 6 10 19 24 8 14 20 27 15 23 17 26 18 28 11 22 9 21 12 25 16 30 13 29 22 23 24 26 25 28 27 0 7 12 29 4 9 16 10 18 5 14 3 13 8 19 30 11 2 15 6 20 1 17
1 2 3 5 4 7 6 10 19 24 8 14 20 27 15 23 17 26 18 28 11 22 9 21 12 25 16 30 13 29 0 1 2 4 3 6 5 9 16 21 7 13 18 25 19 27 14 23 12 22 17 28 8 20 11 24 15 29 10 26
1 2 3 5 4 7 6 10 19 24 8 14 20 27 15 23 17 26 18 28 11 22 9 21 12 25 16 30 13 29 4 5 6 8 7 10 9 13 21 26 11 17 18 25 23 0 20 29 22 1 16 27 12 24 15 28 19 2 14 30
1 2 3 5 4 7 6 10 19 24 8 14 20 27 15 23 17 26 18 28 11 22 9 21 12 25 16 30 13 29 7 8 9 11 10 13 12 16 24 29 14 20 21 28 26 3 23 1 25 4 19 30 15 27 18 0 22 5 17 2
1 2 3 5 4 7 6 10 19 24 8 14 20 27 15 23 17 26 18 28 11 22 9 21 12 25 16 30 13 29 11 12 13 15 14 17 16 20 28 2 18 24 25 1 30 7 27 5 29 8 23 3 19 0 22 4 26 9 21 6
1 2 3 5 4 7 6 10 19 24 8 14 20 27 15 23 17 26 18 28 11 22 9 21 12 25 16 30 13 29 12 13 14 16 15 18 17 21 29 3 19 25 26 2 0 8 28 6 30 9 24 4 20 1 23 5 27 10 22 7
1 2 3 5 4 7 6 10 19 24 8 14 20 27 15 23 17 26 18 28 11 22 9 21 12 25 16 30 13 29 14 15 16 18 17 20 19 23 0 5 21 27 28 4 2 10 30 8 1 11 26 6 22 3 25 7 29 12 24 9
1 2 3 5 4 7 6 10 19 24 8 14 20 27 15 23 17 26 18 28 11 22 9 21 12 25 16 30 13 29 16 17 18 20 19 22 21 25 2 7 23 29 30 6 4 12 1 10 3 13 28 8 24 5 27 9 0 14 26 11
1 2 3 5 4 7 6 10 19 24 8 14 20 27 15 23 17 26 18 28 11 22 9 21 12 25 16 30 13 29 19 20 21 23 22 25 24 28 5 10 26 1 2 9 7 15 4 13 6 16 0 11 27 8 30 12 3 17 29 14
1 2 3 5 4 7 6 10 19 24 8 14 20 27 15 23 17 26 18 28 11 22 9 21 12 25 16 30 13 29 20 21 22 24 23 26 25 29 6 11 27 2 3 10 8 16 5 14 7 17 1 12 28 9 0 13 4 18 30 15
1 2 3 5 4 7 6 10 19 24 8 14 20 27 15 23 17 26 18 28 11 22 9 21 12 25 16 30 13 29 21 22 23 25 24 27 26 30 7 12 28 3 4 11 9 17 6 15 8 18 2 13 29 10 1 14 5 19 0 16
1 2 3 5 4 7 6 10 19 24 8 14 20 27 15 23 17 26 18 28 11 22 9 21 12 25 16 30 13 29 22 23 24 26 25 28 27 0 8 13 29 4 5 12 10 18 7 16 9 19 3 14 30 11 2 15 6 20 1 17
1 2 3 5 4 7 6 10 19 24 8 14 20 27 15 23 17 26 18 28 11 22 9 21 12 25 16 30 13 29 4 5 6 8 7 10 9 13 20 25 11 17 22 29 18 26 23 1 21 0 16 27 12 24 15 28 19 2 14 30
1 2 3 5 4 7 6 10 19 24 8 14 20 27 15 23 17 26 18 28 11 22 9 21 12 25 16 30 13 29 6 7 8 10 9 12 11 15 22 27 13 19 24 0 20 28 25 3 23 2 18 29 14 26 17 30 21 4 16 1
1 2 3 5 4 7 6 10 19 24 8 14 20 27 15 23 17 26 18 28 11 22 9 21 12 25 16 30 13 29 7 8 9 11 10 13 12 16 23 28 14 20 25 1 21 29 26 4 24 3 19 30 15 27 18 0 22 5 17 2
1 2 3 5 4 7 6 10 19 24 8 14 20 27 15 23 17 26 18 28 11 22 9 21 12 25 16 30 13 29 12 13 14 16 15 18 17 21 28 2 19 25 30 6 26 3 0 9 29 8 24 4 20 1 23 5 27 10 22 7
1 2 3 5 4 7 6 10 19 24 8 14 20 27 15 23 17 26 18 28 11 22 9 21 12 25 16 30 13 29 14 15 16 18 17 20 19 23 30 4 21 27 1 8 28 5 2 11 0 10 26 6 22 3 25 7 29 12 24 9
1 2 3 5 4 7 6 10 19 24 8 14 20 27 15 23 17 26 18 28 11 22 9 21 12 25 16 30 13 29 16 17 18 20 19 22 21 25 1 6 23 29 3 10 30 7 4 13 2 12 28 8 24 5 27 9 0 14 26 11
1 2 3 5 4 7 6 10 19 24 8 14 20 27 15 23 17 26 18 28 11 22 9 21 12 25 16 30 13 29 19 20 21 23 22 25 24 28 4 9 26 1 6 13 2 10 7 16 5 15 0 11 27 8 30 12 3 17 29 14
1 2 3 5 4 7 6 10 19 24 8 14 20 27 15 23 17 26 18 28 11 22 9 21 12 25 16 30 13 29 20 21 22 24 23 26 25 29 5 10 27 2 7 14 3 11 8 17 6 16 1 12 28 9 0 13 4 18 30 15
1 2 3 5 4 7 6 10 19 24 8 14 20 27 15 23 17 26 18 28 11 22 9 21 12 25 16 30 13 29 21 22 23 25 24 27 26 30 6 11 28 3 8 15 4 12 9 18 7 17 2 13 29 10 1 14 5 19 0 16
1 2 3 5 4 7 6 10 19 24 8 14 20 27 15 23 17 26 18 28 11 22 9 21 12 25 16 30 13 29 25 26 27 29 28 0 30 3 10 15 1 7 12 19 8 16 13 22 11 21 6 17 2 14 5 18 9 23 4 20
1 2 3 5 4 7 6 10 19 24 8 14 20 27 15 23 17 26 18 28 11 22 9 21 12 25 16 30 13 29 27 28 29 0 30 2 1 5 12 17 3 9 14 21 10 18 15 24 13 23 8 19 4 16 7 20 11 25 6 22
1 2 3 5 4 7 6 10 19 24 8 14 20 27 15 23 17 26 18 28 11 22 9 21 12 25 16 30 13 29 0 1 2 4 3 6 5 9 16 21 7 13 18 25 14 22 19 28 17 27 12 23 8 20 11 24 15 29 10 26
1 2 3 5 4 7 6 10 19 24 8 14 20 27 15 23 17 26 18 28 11 22 9 21 12 25 16 30 13 29 11 12 13 15 14 17 16 20 27 1 18 24 26 2 28 5 29 7 30 9 23 3 19 0 22 4 25 8 21 6
1 2 3 5 4 7 6 10 19 24 8 14 20 27 15 23 17 26 18 28 11 22 9 21 12 25 16 30 13 29 13 14 15 17 16 19 18 22 29 3 20 26 28 4 30 7 0 9 1 11 25 5 21 2 24 6 27 10 23 8
1 2 3 5 4 7 6 10 19 24 8 14 20 27 15 23 17 26 18 28 11 22 9 21 12 25 16 30 13 29 14 15 16 18 17 20 19 23 30 4 21 27 29 5 0 8 1 10 2 12 26 6 22 3 25 7 28 11 24 9
1 2 3 5 4 7 6 10 19 24 8 14 20 27 15 23 17 26 18 28 11 22 9 21 12 25 16 30 13 29 19 20 21 23 22 25 24 28 4 9 26 1 3 10 5 13 6 15 7 17 0 11 27 8 30 12 2 16 29 14
1 2 3 5 4 7 6 10 19 24 8 14 20 27 15 23 17 26 18 28 11 22 9 21 12 25 16 30 13 29 20 21 22 24 23 26 25 29 5 10 27 2 4 11 6 14 7 16 8 18 1 12 28 9 0 13 3 17 30 15
1 2 3 5 4 7 6 10 19 24 8 14 20 27 15 23 17 26 18 28 11 22 9 21 12 25 16 30 13 29 25 26 27 29 28 0 30 3 10 15 1 7 9 16 11 19 12 21 13 23 6 17 2 14 5 18 8 22 4 20
1 2 3 5 4 7 6 10 19 24 8 14 20 27 15 23 17 26 18 28 11 22 9 21 12 25 16 30 13 29 27 28 29 0 30 2 1 5 12 17 3 9 11 18 13 21 14 23 15 25 8 19 4 16 7 20 10 24 6 22
1 2 3 5 4 7 6 10 19 24 8 14 20 27 15 23 17 26 18 28 11 22 9 21 12 25 16 30 13 29 7 8 9 11 10 13 12 16 26 0 14 20 23 30 21 29 19 28 24 3 25 5 15 27 22 4 18 1 17 2
1 2 3 5 4 7 6 10 19 24 8 14 20 27 15 23 17 26 18 28 11 22 9 21 12 25 16 30 13 29 12 13 14 16 15 18 17 21 0 5 19 25 28 4 26 3 24 2 29 8 30 10 20 1 27 9 23 6 22 7
1 2 3 5 4 7 6 10 19 24 8 14 20 27 15 23 17 26 18 28 11 22 9 21 12 25 16 30 13 29 13 14 15 17 16 19 18 22 1 6 20 26 29 5 27 4 25 3 30 9 0 11 21 2 28 10 24 7 23 8
1 2 3 5 4 7 6 10 19 24 8 14 20 27 15 23 17 26 18 28 11 22 9 21 12 25 16 30 13 29 15 16 17 19 18 21 20 24 3 8 22 28 0 7 29 6 27 5 1 11 2 13 23 4 30 12 26 9 25 10
1 2 3 5 4 7 6 10 19 24 8 14 20 27 15 23 17 26 18 28 11 22 9 21 12 25 16 30 13 29 18 19 20 22 21 24 23 27 6 11 25 0 3 10 1 9 30 8 4 14 5 16 26 7 2 15 29 12 28 13
1 2 3 5 4 7 6 10 19 24 8 14 20 27 15 23 17 26 18 28 11 22 9 21 12 25 16 30 13 29 29 30 0 2 1 4 3 7 17 22 5 11 14 21 12 20 10 19 15 25 16 27 6 18 13 26 9 23 8 24
1 2 3 5 4 7 6 10 19 24 8 14 20 27 15 23 17 26 18 28 11 22 9 21 12 25 16 30 13 29 4 5 6 8 7 10 9 13 22 27 11 17 21 28 18 26 16 25 23 2 20 0 12 24 19 1 15 29 14 30
1 2 3 5 4 7 6 10 19 24 8 14 20 27 15 23 17 26 18 28 11 22 9 21 12 25 16 30 13 29 9 10 11 13 12 15 14 18 27 1 16 22 26 2 23 0 21 30 28 7 25 5 17 29 24 6 20 3 19 4
1 2 3 5 4 7 6 10 19 24 8 14 20 27 15 23 17 26 18 28 11 22 9 21 12 25 16 30 13 29 14 15 16 18 17 20 19 23 1 6 21 27 0 7 28 5 26 4 2 12 30 10 22 3 29 11 25 8 24 9
1 2 3 5 4 7 6 10 19 24 8 14 20 27 15 23 17 26 18 28 11 22 9 21 12 25 16 30 13 29 15 16 17 19 18 21 20 24 2 7 22 28 1 8 29 6 27 5 3 13 0 11 23 4 30 12 26 9 25 10
1 2 3 5 4 7 6 10 19 24 8 14 20 27 15 23 17 26 18 28 11 22 9 21 12 25 16 30 13 29 19 20 21 23 22 25 24 28 6 11 26 1 5 12 2 10 0 9 7 17 4 15 27 8 3 16 30 13 29 14
1 2 3 5 4 7 6 10 19 24 8 14 20 27 15 23 17 26 18 28 11 22 9 21 12 25 16 30 13 29 20 21 22 24 23 26 25 29 7 12 27 2 6 13 3 11 1 10 8 18 5 16 28 9 4 17 0 14 30 15
1 2 3 5 4 7 6 10 19 24 8 14 20 27 15 23 17 26 18 28 11 22 9 21 12 25 16 30 13 29 29 30 0 2 1 4 3 7 16 21 5 11 15 22 12 20 10 19 17 27 14 25 6 18 13 26 9 23 8 24
1 2 3 5 4 7 6 10 19 24 8 14 20 27 15 23 17 26 18 28 11 22 9 21 12 25 16 30 13 29 10 11 12 14 13 16 15 19 28 2 17 23 25 1 29 6 22 0 24 3 27 7 18 30 26 8 21 4 20 5
1 2 3 5 4 7 6 10 19 24 8 14 20 27 15 23 17 26 18 28 11 22 9 21 12 25 16 30 13 29 11 12 13 15 14 17 16 20 29 3 18 24 26 2 30 7 23 1 25 4 28 8 19 0 27 9 22 5 21 6
1 2 3 5 4 7 6 10 19 24 8 14 20 27 15 23 17 26 18 28 11 22 9 21 12 25 16 30 13 29 19 20 21 23 22 25 24 28 6 11 26 1 3 10 7 15 0 9 2 12 5 16 27 8 4 17 30 13 29 14
1 2 3 5 4 7 6 10 19 24 8 14 20 27 15 23 17 26 18 28 11 22 9 21 12 25 16 30 13 29 20 21 22 24 23 26 25 29 7 12 27 2 4 11 8 16 1 10 3 13 6 17 28 9 5 18 0 14 30 15
1 2 3 5 4 7 6 10 19 24 8 14 20 27 15 23 17 26 18 28 11 22 9 21 12 25 16 30 13 29 21 22 23 25 24 27 26 30 8 13 28 3 5 12 9 17 2 11 4 14 7 18 29 10 6 19 1 15 0 16
1 2 3 5 4 7 6 10 19 24 8 14 20 27 15 23 17 26 18 28 11 22 9 21 12 25 16 30 13 29 22 23 24 26 25 28 27 0 9 14 29 4 6 13 10 18 3 12 5 15 8 19 30 11 7 20 2 16 1 17
1 2 3 5 4 7 6 10 19 24 8 14 20 27 15 23 17 26 18 28 11 22 9 21 12 25 16 30 13 29 28 29 30 1 0 3 2 6 15 20 4 10 12 19 16 24 9 18 11 21 14 25 5 17 13 26 8 22 7 23
1 2 3 5 4 7 6 10 19 24 8 14 20 27 15 23 17 26 18 28 11 22 9 21 12 25 16 30 13 29 29 30 0 2 1 4 3 7 16 21 5 11 13 20 17 25 10 19 12 22 15 26 6 18 14 27 9 23 8 24
1 2 3 5 4 7 6 10 19 24 8 14 20 27 15 23 17 26 18 28 11 22 9 21 12 25 16 30 13 29 6 7 8 10 9 12 11 15 23 28 13 19 22 29 25 2 18 27 20 30 24 4 14 26 21 3 17 0 16 1
1 2 3 5 4 7 6 10 19 24 8 14 20 27 15 23 17 26 18 28 11 22 9 21 12 25 16 30 13 29 7 8 9 11 10 13 12 16 24 29 14 20 23 30 26 3 19 28 21 0 25 5 15 27 22 4 18 1 17 2
1 2 3 5 4 7 6 10 19 24 8 14 20 27 15 23 17 26 18 28 11 22 9 21 12 25 16 30 13 29 8 9 10 12 11 14 13 17 25 30 15 21 24 0 27 4 20 29 22 1 26 6 16 28 23 5 19 2 18 3
1 2 3 5 4 7 6 10 19 24 8 14 20 27 15 23 17 26 18 28 11 22 9 21 12 25 16 30 13 29 19 20 21 23 22 25 24 28 5 10 26 1 4 11 7 15 0 9 2 12 6 17 27 8 3 16 30 13 29 14
1 2 3 5 4 7 6 10 19 24 8 14 20 27 15 23 17 26 18 28 11 22 9 21 12 25 16 30 13 29 26 27 28 30 29 1 0 4 12 17 2 8 11 18 14 22 7 16 9 19 13 24 3 15 10 23 6 20 5 21
1 2 3 5 4 7 6 10 19 24 8 14 20 27 15 23 17 26 18 28 11 22 9 21 12 25 16 30 13 29 29 30 0 2 1 4 3 7 15 20 5 11 14 21 17 25 10 19 12 22 16 27 6 18 13 26 9 23 8 24
1 2 3 5 4 7 6 10 19 24 8 14 20 27 15 23 17 26 18 28 11 22 9 21 12 25 16 30 13 29 11 12 13 15 14 17 16 20 29 3 18 24 26 2 27 4 23 1 30 9 28 8 19 0 25 7 22 5 21 6
1 2 3 5 4 7 6 10 19 24 8 14 20 27 15 23 17 26 18 28 11 22 9 21 12 25 16 30 13 29 12 13 14 16 15 18 17 21 30 4 19 25 27 3 28 5 24 2 0 10 29 9 20 1 26 8 23 6 22 7
1 2 3 5 4 7 6 10 19 24 8 14 20 27 15 23 17 26 18 28 11 22 9 21 12 25 16 30 13 29 18 19 20 22 21 24 23 27 5 10 25 0 2 9 3 11 30 8 6 16 4 15 26 7 1 14 29 12 28 13
1 2 3 5 4 7 6 10 19 24 8 14 20 27 15 23 17 26 18 28 11 22 9 21 12 25 16 30 13 29 19 20 21 23 22 25 24 28 6 11 26 1 3 10 4 12 0 9 7 17 5 16 27 8 2 15 30 13 29 14
1 2 3 5 4 7 6 10 19 24 8 14 20 27 15 23 17 26 18 28 11 22 9 21 12 25 16 30 13 29 20 21 22 24 23 26 25 29 7 12 27 2 4 11 5 13 1 10 8 18 6 17 28 9 3 16 0 14 30 15
1 2 3 5 4 7 6 10 19 24 8 14 20 27 15 23 17 26 18 28 11 22 9 21 12 25 16 30 13 29 7 8 9 11 10 13 12 16 26 0 14 20 21 28 22 30 25 3 19 29 24 4 15 27 23 5 18 1 17 2
1 2 3 5 4 7 6 10 19 24 8 14 20 27 15 23 17 26 18 28 11 22 9 21 12 25 16 30 13 29 10 11 12 14 13 16 15 19 29 3 17 23 24 0 25 2 28 6 22 1 27 7 18 30 26 8 21 4 20 5
1 2 3 5 4 7 6 10 19 24 8 14 20 27 15 23 17 26 18 28 11 22 9 21 12 25 16 30 13 29 11 12 13 15 14 17 16 20 30 4 18 24 25 1 26 3 29 7 23 2 28 8 19 0 27 9 22 5 21 6
1 2 3 5 4 7 6 10 19 24 8 14 20 27 15 23 17 26 18 28 11 22 9 21 12 25 16 30 13 29 14 15 16 18 17 20 19 23 2 7 21 27 28 4 29 6 1 10 26 5 0 11 22 3 30 12 25 8 24 9
1 2 3 5 4 7 6 10 19 24 8 14 20 27 15 23 17 26 18 28 11 22 9 21 12 25 16 30 13 29 18 19 20 22 21 24 23 27 6 11 25 0 1 8 2 10 5 14 30 9 4 15 26 7 3 16 29 12 28 13
1 2 3 5 4 7 6 10 19 24 8 14 20 27 15 23 17 26 18 28 11 22 9 21 12 25 16 30 13 29 19 20 21 23 22 25 24 28 7 12 26 1 2 9 3 11 6 15 0 10 5 16 27 8 4 17 30 13 29 14
1 2 3 5 4 7 6 10 19 24 8 14 20 27 15 23 17 26 18 28 11 22 9 21 12 25 16 30 13 29 20 21 22 24 23 26 25 29 8 13 27 2 3 10 4 12 7 16 1 11 6 17 28 9 5 18 0 14 30 15
1 2 3 5 4 7 6 10 19 24 8 14 20 27 15 23 17 26 18 28 11 22 9 21 12 25 16 30 13 29 29 30 0 2 1 4 3 7 17 22 5 11 12 19 13 21 16 25 10 20 15 26 6 18 14 27 9 23 8 24
1 2 3 5 4 7 6 10 19 24 8 14 20 27 15 23 17 26 18 28 11 22 9 21 12 25 16 30 13 29 8 9 10 12 11 14 13 17 26 0 15 21 22 29 27 4 23 1 20 30 25 5 16 28 24 6 19 2 18 3
1 2 3 5 4 7 6 10 19 24 8 14 20 27 15 23 17 26 18 28 11 22 9 21 12 25 16 30 13 29 9 10 11 13 12 15 14 18 27 1 16 22 23 30 28 5 24 2 21 0 26 6 17 29 25 7 20 3 19 4
1 2 3 5 4 7 6 10 19 24 8 14 20 27 15 23 17 26 18 28 11 22 9 21 12 25 16 30 13 29 15 16 17 19 18 21 20 24 2 7 22 28 29 5 3 11 30 8 27 6 1 12 23 4 0 13 26 9 25 10
1 2 3 5 4 7 6 10 19 24 8 14 20 27 15 23 17 26 18 28 11 22 9 21 12 25 16 30 13 29 16 17 18 20 19 22 21 25 3 8 23 29 30 6 4 12 0 9 28 7 2 13 24 5 1 14 27 10 26 11
1 2 3 5 4 7 6 10 19 24 8 14 20 27 15 23 17 26 18 28 11 22 9 21 12 25 16 30 13 29 18 19 20 22 21 24 23 27 5 10 25 0 1 8 6 14 2 11 30 9 4 15 26 7 3 16 29 12 28 13
1 2 3 5 4 7 6 10 19 24 8 14 20 27 15 23 17 26 18 28 11 22 9 21 12 25 16 30 13 29 22 23 24 26 25 28 27 0 9 14 29 4 5 12 10 18 6 15 3 13 8 19 30 11 7 20 2 16 1 17
1 2 3 5 4 7 6 10 19 24 8 14 20 27 15 23 17 26 18 28 11 22 9 21 12 25 16 30 13 29 26 27 28 30 29 1 0 4 13 18 2 8 9 16 14 22 10 19 7 17 12 23 3 15 11 24 6 20 5 21
1 2 3 5 4 7 6 10 19 24 8 14 20 27 15 23 17 26 18 28 11 22 9 21 12 25 16 30 13 29 28 29 30 1 0 3 2 6 15 20 4 10 11 18 16 24 12 21 9 19 14 25 5 17 13 26 8 22 7 23
1 2 3 5 4 7 6 10 19 24 8 14 20 27 15 23 17 26 18 28 11 22 9 21 12 25 16 30 13 29 29 30 0 2 1 4 3 7 16 21 5 11 12 19 17 25 13 22 10 20 15 26 6 18 14 27 9 23 8 24
1 2 3 5 4 7 6 10 19 24 8 14 20 27 15 23 17 26 18 28 11 22 9 21 12 25 16 30 13 29 4 5 6 8 7 10 9 13 20 25 11 17 21 28 23 0 18 27 16 26 22 2 12 24 19 1 15 29 14 30
1 2 3 5 4 7 6 10 19 24 8 14 20 27 15 23 17 26 18 28 11 22 9 21 12 25 16 30 13 29 14 15 16 18 17 20 19 23 30 4 21 27 0 7 2 10 28 6 26 5 1 12 22 3 29 11 25 8 24 9
1 2 3 5 4 7 6 10 19 24 8 14 20 27 15 23 17 26 18 28 11 22 9 21 12 25 16 30 13 29 15 16 17 19 18 21 20 24 0 5 22 28 1 8 3 11 29 7 27 6 2 13 23 4 30 12 26 9 25 10
1 2 3 5 4 7 6 10 19 24 8 14 20 27 15 23 17 26 18 28 11 22 9 21 12 25 16 30 13 29 18 19 20 22 21 24 23 27 3 8 25 0 4 11 6 14 1 10 30 9 5 16 26 7 2 15 29 12 28 13
1 2 3 5 4 7 6 10 19 24 8 14 20 27 15 23 17 26 18 28 11 22 9 21 12 25 16 30 13 29 25 26 27 29 28 0 30 3 10 15 1 7 11 18 13 21 8 17 6 16 12 23 2 14 9 22 5 19 4 20
1 2 3 5 4 7 6 10 19 24 8 14 20 27 15 23 17 26 18 28 11 22 9 21 12 25 16 30 13 29 26 27 28 30 29 1 0 4 11 16 2 8 12 19 14 22 9 18 7 17 13 24 3 15 10 23 6 20 5 21
1 2 3 5 4 7 6 10 19 24 8 14 20 27 15 23 17 26 18 28 11 22 9 21 12 25 16 30 13 29 11 12 13 15 14 17 16 20 27 1 18 24 28 4 26 3 30 8 23 2 29 9 19 0 25 7 22 5 21 6
1 2 3 5 4 7 6 10 19 24 8 14 20 27 15 23 17 26 18 28 11 22 9 21 12 25 16 30 13 29 13 14 15 17 16 19 18 22 29 3 20 26 30 6 28 5 1 10 25 4 0 11 21 2 27 9 24 7 23 8
1 2 3 5 4 7 6 10 19 24 8 14 20 27 15 23 17 26 18 28 11 22 9 21 12 25 16 30 13 29 16 17 18 20 19 22 21 25 1 6 23 29 2 9 0 8 4 13 28 7 3 14 24 5 30 12 27 10 26 11
1 2 3 5 4 7 6 10 19 24 8 14 20 27 15 23 17 26 18 28 11 22 9 21 12 25 16 30 13 29 18 19 20 22 21 24 23 27 3 8 25 0 4 11 2 10 6 15 30 9 5 16 26 7 1 14 29 12 28 13
1 2 3 5 4 7 6 10 19 24 8 14 20 27 15 23 17 26 18 28 11 22 9 21 12 25 16 30 13 29 20 21 22 24 23 26 25 29 5 10 27 2 6 13 4 12 8 17 1 11 7 18 28 9 3 16 0 14 30 15
1 2 3 5 4 7 6 10 19 24 8 14 20 27 15 23 17 26 18 28 11 22 9 21 12 25 16 30 13 29 25 26 27 29 28 0 30 3 10 15 1 7 11 18 9 17 13 22 6 16 12 23 2 14 8 21 5 19 4 20
1 2 3 5 4 7 6 10 19 24 8 14 20 27 15 23 17 26 18 28 11 22 9 21 12 25 16 30 13 29 26 27 28 30 29 1 0 4 11 16 2 8 12 19 10 18 14 23 7 17 13 24 3 15 9 22 6 20 5 21
1 2 3 5 4 7 6 10 19 24 8 14 20 27 15 23 17 26 18 28 11 22 9 21 12 25 16 30 13 29 7 8 9 11 10 13 12 16 24 29 14 20 21 28 26 3 22 0 25 4 19 30 15 27 23 5 18 1 17 2
1 2 3 5 4 7 6 10 19 24 8 14 20 27 15 23 17 26 18 28 11 22 9 21 12 25 16 30 13 29 9 10 11 13 12 15 14 18 26 0 16 22 23 30 28 5 24 2 27 6 21 1 17 29 25 7 20 3 19 4
1 2 3 5 4 7 6 10 19 24 8 14 20 27 15 23 17 26 18 28 11 22 9 21 12 25 16 30 13 29 10 11 12 14 13 16 15 19 27 1 17 23 24 0 29 6 25 3 28 7 22 2 18 30 26 8 21 4 20 5
1 2 3 5 4 7 6 10 19 24 8 14 20 27 15 23 17 26 18 28 11 22 9 21 12 25 16 30 13 29 11 12 13 15 14 17 16 20 28 2 18 24 25 1 30 7 26 4 29 8 23 3 19 0 27 9 22 5 21 6
1 2 3 5 4 7 6 10 19 24 8 14 20 27 15 23 17 26 18 28 11 22 9 21 12 25 16 30 13 29 14 15 16 18 17 20 19 23 0 5 21 27 28 4 2 10 29 7 1 11 26 6 22 3 30 12 25 8 24 9
1 2 3 5 4 7 6 10 19 24 8 14 20 27 15 23 17 26 18 28 11 22 9 21 12 25 16 30 13 29 16 17 18 20 19 22 21 25 2 7 23 29 30 6 4 12 0 9 3 13 28 8 24 5 1 14 27 10 26 11
1 2 3 5 4 7 6 10 19 24 8 14 20 27 15 23 17 26 18 28 11 22 9 21 12 25 16 30 13 29 20 21 22 24 23 26 25 29 6 11 27 2 3 10 8 16 4 13 7 17 1 12 28 9 5 18 0 14 30 15
1 2 3 5 4 7 6 10 19 24 8 14 20 27 15 23 17 26 18 28 11 22 9 21 12 25 16 30 13 29 22 23 24 26 25 28 27 0 8 13 29 4 5 12 10 18 6 15 9 19 3 14 30 11 7 20 2 16 1 17
1 2 3 5 4 7 6 10 19 24 8 14 20 27 15 23 17 26 18 28 11 22 9 21 12 25 16 30 13 29 25 26 27 29 28 0 30 3 11 16 1 7 8 15 13 21 9 18 12 22 6 17 2 14 10 23 5 19 4 20
1 2 3 5 4 7 6 10 19 24 8 14 20 27 15 23 17 26 18 28 11 22 9 21 12 25 16 30 13 29 26 27 28 30 29 1 0 4 12 17 2 8 9 16 14 22 10 19 13 23 7 18 3 15 11 24 6 20 5 21
1 2 3 5 4 7 6 10 19 24 8 14 20 27 15 23 17 26 18 28 11 22 9 21 12 25 16 30 13 29 28 29 30 1 0 3 2 6 14 19 4 10 11 18 16 24 12 21 15 25 9 20 5 17 13 26 8 22 7 23
1 2 3 5 4 7 6 10 19 24 8 14 20 27 15 23 17 26 18 28 11 22 9 21 12 25 16 30 13 29 29 30 0 2 1 4 3 7 15 20 5 11 12 19 17 25 13 22 16 26 10 21 6 18 14 27 9 23 8 24
1 2 3 5 4 7 6 10 19 24 8 14 20 27 15 23 17 26 18 28 11 22 9 21 12 25 16 30 13 29 4 5 6 8 7 10 9 13 21 26 11 17 18 25 20 28 22 0 23 2 16 27 12 24 19 1 15 29 14 30
1 2 3 5 4 7 6 10 19 24 8 14 20 27 15 23 17 26 18 28 11 22 9 21 12 25 16 30 13 29 7 8 9 11 10 13 12 16 24 29 14 20 21 28 23 0 25 3 26 5 19 30 15 27 22 4 18 1 17 2
1 2 3 5 4 7 6 10 19 24 8 14 20 27 15 23 17 26 18 28 11 22 9 21 12 25 16 30 13 29 10 11 12 14 13 16 15 19 27 1 17 23 24 0 26 3 28 6 29 8 22 2 18 30 25 7 21 4 20 5
1 2 3 5 4 7 6 10 19 24 8 14 20 27 15 23 17 26 18 28 11 22 9 21 12 25 16 30 13 29 19 20 21 23 22 25 24 28 5 10 26 1 2 9 4 12 6 15 7 17 0 11 27 8 3 16 30 13 29 14
1 2 3 5 4 7 6 10 19 24 8 14 20 27 15 23 17 26 18 28 11 22 9 21 12 25 16 30 13 29 22 23 24 26 25 28 27 0 8 13 29 4 5 12 7 15 9 18 10 20 3 14 30 11 6 19 2 16 1 17
1 2 3 5 4 7 6 10 19 24 8 14 20 27 15 23 17 26 18 28 11 22 9 21 12 25 16 30 13 29 29 30 0 2 1 4 3 7 15 20 5 11 12 19 14 22 16 25 17 27 10 21 6 18 13 26 9 23 8 24
1 2 3 5 4 7 6 10 19 24 8 14 20 27 15 23 17 26 18 28 11 22 9 21 12 25 16 30 13 29 4 5 6 8 7 10 9 13 20 25 11 17 21 28 18 26 22 0 23 2 16 27 12 24 19 1 15 29 14 30
1 2 3 5 4 7 6 10 19 24 8 14 20 27 15 23 17 26 18 28 11 22 9 21 12 25 16 30 13 29 7 8 9 11 10 13 12 16 23 28 14 20 24 0 21 29 25 3 26 5 19 30 15 27 22 4 18 1 17 2
1 2 3 5 4 7 6 10 19 24 8 14 20 27 15 23 17 26 18 28 11 22 9 21 12 25 16 30 13 29 13 14 15 17 16 19 18 22 29 3 20 26 30 6 27 4 0 9 1 11 25 5 21 2 28 10 24 7 23 8
1 2 3 5 4 7 6 10 19 24 8 14 20 27 15 23 17 26 18 28 11 22 9 21 12 25 16 30 13 29 15 16 17 19 18 21 20 24 0 5 22 28 1 8 29 6 2 11 3 13 27 7 23 4 30 12 26 9 25 10
1 2 3 5 4 7 6 10 19 24 8 14 20 27 15 23 17 26 18 28 11 22 9 21 12 25 16 30 13 29 22 23 24 26 25 28 27 0 7 12 29 4 8 15 5 13 9 18 10 20 3 14 30 11 6 19 2 16 1 17
1 2 3 5 4 7 6 10 19 24 8 14 20 27 15 23 17 26 18 28 11 22 9 21 12 25 16 30 13 29 25 26 27 29 28 0 30 3 10 15 1 7 11 18 8 16 12 21 13 23 6 17 2 14 9 22 5 19 4 20
1 2 3 5 4 7 6 10 19 24 8 14 20 27 15 23 17 26 18 28 11 22 9 21 12 25 16 30 13 29 6 7 8 10 9 12 11 15 25 30 13 19 22 29 23 0 24 2 16 26 17 28 20 1 14 27 21 4 18 3
1 2 3 5 4 7 6 10 19 24 8 14 20 27 15 23 17 26 18 28 11 22 9 21 12 25 16 30 13 29 7 8 9 11 10 13 12 16 26 0 14 20 23 30 24 1 25 3 17 27 18 29 21 2 15 28 22 5 19 4
1 2 3 5 4 7 6 10 19 24 8 14 20 27 15 23 17 26 18 28 11 22 9 21 12 25 16 30 13 29 11 12 13 15 14 17 16 20 30 4 18 24 27 3 28 5 29 7 21 0 22 2 25 6 19 1 26 9 23 8
1 2 3 5 4 7 6 10 19 24 8 14 20 27 15 23 17 26 18 28 11 22 9 21 12 25 16 30 13 29 16 17 18 20 19 22 21 25 4 9 23 29 1 8 2 10 3 12 26 5 27 7 30 11 24 6 0 14 28 13
1 2 3 5 4 7 6 10 19 24 8 14 20 27 15 23 17 26 18 28 11 22 9 21 12 25 16 30 13 29 17 18 19 21 20 23 22 26 5 10 24 30 2 9 3 11 4 13 27 6 28 8 0 12 25 7 1 15 29 14
1 2 3 5 4 7 6 10 19 24 8 14 20 27 15 23 17 26 18 28 11 22 9 21 12 25 16 30 13 29 18 19 20 22 21 24 23 27 6 11 25 0 3 10 4 12 5 14 28 7 29 9 1 13 26 8 2 16 30 15
1 2 3 5 4 7 6 10 19 24 8 14 20 27 15 23 17 26 18 28 11 22 9 21 12 25 16 30 13 29 21 22 23 25 24 27 26 30 9 14 28 3 6 13 7 15 8 17 0 10 1 12 4 16 29 11 5 19 2 18
1 2 3 5 4 7 6 10 19 24 8 14 20 27 15 23 17 26 18 28 11 22 9 21 12 25 16 30 13 29 23 24 25 27 26 29 28 1 11 16 30 5 8 15 9 17 10 19 2 12 3 14 6 18 0 13 7 21 4 20
1 2 3 5 4 7 6 10 19 24 8 14 20 27 15 23 17 26 18 28 11 22 9 21 12 25 16 30 13 29 27 28 29 0 30 2 1 5 15 20 3 9 12 19 13 21 14 23 6 16 7 18 10 22 4 17 11 25 8 24
1 2 3 5 4 7 6 10 19 24 8 14 20 27 15 23 17 26 18 28 11 22 9 21 12 25 16 30 13 29 2 3 4 6 5 8 7 11 20 25 9 15 19 26 21 29 18 27 12 22 13 24 16 28 10 23 17 0 14 30
1 2 3 5 4 7 6 10 19 24 8 14 20 27 15 23 17 26 18 28 11 22 9 21 12 25 16 30 13 29 11 12 13 15 14 17 16 20 29 3 18 24 28 4 30 7 27 5 21 0 22 2 25 6 19 1 26 9 23 8
1 2 3 5 4 7 6 10 19 24 8 14 20 27 15 23 17 26 18 28 11 22 9 21 12 25 16 30 13 29 12 13 14 16 15 18 17 21 30 4 19 25 29 5 0 8 28 6 22 1 23 3 26 7 20 2 27 10 24 9
1 2 3 5 4 7 6 10 19 24 8 14 20 27 15 23 17 26 18 28 11 22 9 21 12 25 16 30 13 29 15 16 17 19 18 21 20 24 2 7 22 28 1 8 3 11 0 9 25 4 26 6 29 10 23 5 30 13 27 12
1 2 3 5 4 7 6 10 19 24 8 14 20 27 15 23 17 26 18 28 11 22 9 21 12 25 16 30 13 29 16 17 18 20 19 22 21 25 3 8 23 29 2 9 4 12 1 10 26 5 27 7 30 11 24 6 0 14 28 13
1 2 3 5 4 7 6 10 19 24 8 14 20 27 15 23 17 26 18 28 11 22 9 21 12 25 16 30 13 29 19 20 21 23 22 25 24 28 6 11 26 1 5 12 7 15 4 13 29 8 30 10 2 14 27 9 3 17 0 16
1 2 3 5 4 7 6 10 19 24 8 14 20 27 15 23 17 26 18 28 11 22 9 21 12 25 16 30 13 29 23 24 25 27 26 29 28 1 10 15 30 5 9 16 11 19 8 17 2 12 3 14 6 18 0 13 7 21 4 20
1 2 3 5 4 7 6 10 19 24 8 14 20 27 15 23 17 26 18 28 11 22 9 21 12 25 16 30 13 29 24 25 26 28 27 30 29 2 11 16 0 6 10 17 12 20 9 18 3 13 4 15 7 19 1 14 8 22 5 21
1 2 3 5 4 7 6 10 19 24 8 14 20 27 15 23 17 26 18 28 11 22 9 21 12 25 16 30 13 29 7 8 9 11 10 13 12 16 26 0 14 20 25 1 21 29 24 2 17 27 23 3 18 30 15 28 22 5 19 4
1 2 3 5 4 7 6 10 19 24 8 14 20 27 15 23 17 26 18 28 11 22 9 21 12 25 16 30 13 29 12 13 14 16 15 18 17 21 0 5 19 25 30 6 26 3 29 7 22 1 28 8 23 4 20 2 27 10 24 9
1 2 3 5 4 7 6 10 19 24 8 14 20 27 15 23 17 26 18 28 11 22 9 21 12 25 16 30 13 29 14 15 16 18 17 20 19 23 2 7 21 27 1 8 28 5 0 9 24 3 30 10 25 6 22 4 29 12 26 11
1 2 3 5 4 7 6 10 19 24 8 14 20 27 15 23 17 26 18 28 11 22 9 21 12 25 16 30 13 29 17 18 19 21 20 23 22 26 5 10 24 30 4 11 0 8 3 12 27 6 2 13 28 9 25 7 1 15 29 14
1 2 3 5 4 7 6 10 19 24 8 14 20 27 15 23 17 26 18 28 11 22 9 21 12 25 16 30 13 29 20 21 22 24 23 26 25 29 8 13 27 2 7 14 3 11 6 15 30 9 5 16 0 12 28 10 4 18 1 17
1 2 3 5 4 7 6 10 19 24 8 14 20 27 15 23 17 26 18 28 11 22 9 21 12 25 16 30 13 29 21 22 23 25 24 27 26 30 9 14 28 3 8 15 4 12 7 16 0 10 6 17 1 13 29 11 5 19 2 18
1 2 3 5 4 7 6 10 19 24 8 14 20 27 15 23 17 26 18 28 11 22 9 21 12 25 16 30 13 29 22 23 24 26 25 28 27 0 10 15 29 4 9 16 5 13 8 17 1 11 7 18 2 14 30 12 6 20 3 19
1 2 3 5 4 7 6 10 19 24 8 14 20 27 15 23 17 26 18 28 11 22 9 21 12 25 16 30 13 29 24 25 26 28 27 30 29 2 12 17 0 6 11 18 7 15 10 19 3 13 9 20 4 16 1 14 8 22 5 21
1 2 3 5 4 7 6 10 19 24 8 14 20 27 15 23 17 26 18 28 11 22 9 21 12 25 16 30 13 29 25 26 27 29 28 0 30 3 13 18 1 7 12 19 8 16 11 20 4 14 10 21 5 17 2 15 9 23 6 22
1 2 3 5 4 7 6 10 19 24 8 14 20 27 15 23 17 26 18 28 11 22 9 21 12 25 16 30 13 29 27 28 29 0 30 2 1 5 15 20 3 9 14 21 10 18 13 22 6 16 12 23 7 19 4 17 11 25 8 24
1 2 3 5 4 7 6 10 19 24 8 14 20 27 15 23 17 26 18 28 11 22 9 21 12 25 16 30 13 29 6 7 8 10 9 12 11 15 23 28 13 19 25 1 22 30 24 2 16 26 20 0 17 29 14 27 21 4 18 3
1 2 3 5 4 7 6 10 19 24 8 14 20 27 15 23 17 26 18 28 11 22 9 21 12 25 16 30 13 29 7 8 9 11 10 13 12 16 24 29 14 20 26 2 23 0 25 3 17 27 21 1 18 30 15 28 22 5 19 4
1 2 3 5 4 7 6 10 19 24 8 14 20 27 15 23 17 26 18 28 11 22 9 21 12 25 16 30 13 29 14 15 16 18 17 20 19 23 0 5 21 27 2 9 30 7 1 10 24 3 28 8 25 6 22 4 29 12 26 11
1 2 3 5 4 7 6 10 19 24 8 14 20 27 15 23 17 26 18 28 11 22 9 21 12 25 16 30 13 29 19 20 21 23 22 25 24 28 5 10 26 1 7 14 4 12 6 15 29 8 2 13 30 11 27 9 3 17 0 16
1 2 3 5 4 7 6 10 19 24 8 14 20 27 15 23 17 26 18 28 11 22 9 21 12 25 16 30 13 29 20 21 22 24 23 26 25 29 6 11 27 2 8 15 5 13 7 16 30 9 3 14 0 12 28 10 4 18 1 17
1 2 3 5 4 7 6 10 19 24 8 14 20 27 15 23 17 26 18 28 11 22 9 21 12 25 16 30 13 29 23 24 25 27 26 29 28 1 9 14 30 5 11 18 8 16 10 19 2 12 6 17 3 15 0 13 7 21 4 20
1 2 3 5 4 7 6 10 19 24 8 14 20 27 15 23 17 26 18 28 11 22 9 21 12 25 16 30 13 29 26 27 28 30 29 1 0 4 12 17 2 8 14 21 11 19 13 22 5 15 9 20 6 18 3 16 10 24 7 23
1 2 3 5 4 7 6 10 19 24 8 14 20 27 15 23 17 26 18 28 11 22 9 21 12 25 16 30 13 29 11 12 13 15 14 17 16 20 29 3 18 24 30 6 25 2 26 4 21 0 27 7 28 9 19 1 22 5 23 8
1 2 3 5 4 7 6 10 19 24 8 14 20 27 15 23 17 26 18 28 11 22 9 21 12 25 16 30 13 29 12 13 14 16 15 18 17 21 30 4 19 25 0 7 26 3 27 5 22 1 28 8 29 10 20 2 23 6 24 9
1 2 3 5 4 7 6 10 19 24 8 14 20 27 15 23 17 26 18 28 11 22 9 21 12 25 16 30 13 29 13 14 15 17 16 19 18 22 0 5 20 26 1 8 27 4 28 6 23 2 29 9 30 11 21 3 24 7 25 10
1 2 3 5 4 7 6 10 19 24 8 14 20 27 15 23 17 26 18 28 11 22 9 21 12 25 16 30 13 29 14 15 16 18 17 20 19 23 1 6 21 27 2 9 28 5 29 7 24 3 30 10 0 12 22 4 25 8 26 11
1 2 3 5 4 7 6 10 19 24 8 14 20 27 15 23 17 26 18 28 11 22 9 21 12 25 16 30 13 29 15 16 17 19 18 21 20 24 2 7 22 28 3 10 29 6 30 8 25 4 0 11 1 13 23 5 26 9 27 12
1 2 3 5 4 7 6 10 19 24 8 14 20 27 15 23 17 26 18 28 11 22 9 21 12 25 16 30 13 29 16 17 18 20 19 22 21 25 3 8 23 29 4 11 30 7 0 9 26 5 1 12 2 14 24 6 27 10 28 13
1 2 3 5 4 7 6 10 19 24 8 14 20 27 15 23 17 26 18 28 11 22 9 21 12 25 16 30 13 29 21 22 23 25 24 27 26 30 8 13 28 3 9 16 4 12 5 14 0 10 6 17 7 19 29 11 1 15 2 18
1 2 3 5 4 7 6 10 19 24 8 14 20 27 15 23 17 26 18 28 11 22 9 21 12 25 16 30 13 29 0 1 2 4 3 6 5 9 18 23 7 13 19 26 14 22 15 24 10 20 16 27 17 29 8 21 11 25 12 28
1 2 3 5 4 7 6 10 19 24 8 14 20 27 15 23 17 26 18 28 11 22 9 21 12 25 16 30 13 29 6 7 8 10 9 12 11 15 25 30 13 19 22 29 20 28 24 2 16 26 21 1 23 4 14 27 17 0 18 3
1 2 3 5 4 7 6 10 19 24 8 14 20 27 15 23 17 26 18 28 11 22 9 21 12 25 16 30 13 29 7 8 9 11 10 13 12 16 26 0 14 20 23 30 21 29 25 3 17 27 22 2 24 5 15 28 18 1 19 4
1 2 3 5 4 7 6 10 19 24 8 14 20 27 15 23 17 26 18 28 11 22 9 21 12 25 16 30 13 29 11 12 13 15 14 17 16 20 30 4 18 24 27 3 25 2 29 7 21 0 26 6 28 9 19 1 22 5 23 8
1 2 3 5 4 7 6 10 19 24 8 14 20 27 15 23 17 26 18 28 11 22 9 21 12 25 16 30 13 29 13 14 15 17 16 19 18 22 1 6 20 26 29 5 27 4 0 9 23 2 28 8 30 11 21 3 24 7 25 10
1 2 3 5 4 7 6 10 19 24 8 14 20 27 15 23 17 26 18 28 11 22 9 21 12 25 16 30 13 29 14 15 16 18 17 20 19 23 2 7 21 27 30 6 28 5 1 10 24 3 29 9 0 12 22 4 25 8 26 11
1 2 3 5 4 7 6 10 19 24 8 14 20 27 15 23 17 26 18 28 11 22 9 21 12 25 16 30 13 29 15 16 17 19 18 21 20 24 3 8 22 28 0 7 29 6 2 11 25 4 30 10 1 13 23 5 26 9 27 12
1 2 3 5 4 7 6 10 19 24 8 14 20 27 15 23 17 26 18 28 11 22 9 21 12 25 16 30 13 29 18 19 20 22 21 24 23 27 6 11 25 0 3 10 1 9 5 14 28 7 2 13 4 16 26 8 29 12 30 15
1 2 3 5 4 7 6 10 19 24 8 14 20 27 15 23 17 26 18 28 11 22 9 21 12 25 16 30 13 29 21 22 23 25 24 27 26 30 9 14 28 3 6 13 4 12 8 17 0 10 5 16 7 19 29 11 1 15 2 18
1 2 3 5 4 7 6 10 19 24 8 14 20 27 15 23 17 26 18 28 11 22 9 21 12 25 16 30 13 29 22 23 24 26 25 28 27 0 10 15 29 4 7 14 5 13 9 18 1 11 6 17 8 20 30 12 2 16 3 19
1 2 3 5 4 7 6 10 19 24 8 14 20 27 15 23 17 26 18 28 11 22 9 21 12 25 16 30 13 29 24 25 26 28 27 30 29 2 12 17 0 6 9 16 7 15 11 20 3 13 8 19 10 22 1 14 4 18 5 21
1 2 3 5 4 7 6 10 19 24 8 14 20 27 15 23 17 26 18 28 11 22 9 21 12 25 16 30 13 29 25 26 27 29 28 0 30 3 13 18 1 7 10 17 8 16 12 21 4 14 9 20 11 23 2 15 5 19 6 22
1 2 3 5 4 7 6 10 19 24 8 14 20 27 15 23 17 26 18 28 11 22 9 21 12 25 16 30 13 29 29 30 0 2 1 4 3 7 17 22 5 11 14 21 12 20 16 25 8 18 13 24 15 27 6 19 9 23 10 26
1 2 3 5 4 7 6 10 19 24 8 14 20 27 15 23 17 26 18 28 11 22 9 21 12 25 16 30 13 29 2 3 4 6 5 8 7 11 21 26 9 15 18 25 16 24 19 28 12 22 20 0 17 29 10 23 13 27 14 30
1 2 3 5 4 7 6 10 19 24 8 14 20 27 15 23 17 26 18 28 11 22 9 21 12 25 16 30 13 29 6 7 8 10 9 12 11 15 25 30 13 19 22 29 20 28 23 1 16 26 24 4 21 2 14 27 17 0 18 3
1 2 3 5 4 7 6 10 19 24 8 14 20 27 15 23 17 26 18 28 11 22 9 21 12 25 16 30 13 29 7 8 9 11 10 13 12 16 26 0 14 20 23 30 21 29 24 2 17 27 25 5 22 3 15 28 18 1 19 4
1 2 3 5 4 7 6 10 19 24 8 14 20 27 15 23 17 26 18 28 11 22 9 21 12 25 16 30 13 29 11 12 13 15 14 17 16 20 30 4 18 24 27 3 25 2 28 6 21 0 29 9 26 7 19 1 22 5 23 8
1 2 3 5 4 7 6 10 19 24 8 14 20 27 15 23 17 26 18 28 11 22 9 21 12 25 16 30 13 29 12 13 14 16 15 18 17 21 0 5 19 25 28 4 26 3 29 7 22 1 30 10 27 8 20 2 23 6 24 9
1 2 3 5 4 7 6 10 19 24 8 14 20 27 15 23 17 26 18 28 11 22 9 21 12 25 16 30 13 29 13 14 15 17 16 19 18 22 1 6 20 26 29 5 27 4 30 8 23 2 0 11 28 9 21 3 24 7 25 10
1 2 3 5 4 7 6 10 19 24 8 14 20 27 15 23 17 26 18 28 11 22 9 21 12 25 16 30 13 29 14 15 16 18 17 20 19 23 2 7 21 27 30 6 28 5 0 9 24 3 1 12 29 10 22 4 25 8 26 11
1 2 3 5 4 7 6 10 19 24 8 14 20 27 15 23 17 26 18 28 11 22 9 21 12 25 16 30 13 29 16 17 18 20 19 22 21 25 4 9 23 29 1 8 30 7 2 11 26 5 3 14 0 12 24 6 27 10 28 13
1 2 3 5 4 7 6 10 19 24 8 14 20 27 15 23 17 26 18 28 11 22 9 21 12 25 16 30 13 29 7 8 9 11 10 13 12 16 26 0 14 20 22 29 25 2 21 30 17 27 23 3 24 5 15 28 18 1 19 4
1 2 3 5 4 7 6 10 19 24 8 14 20 27 15 23 17 26 18 28 11 22 9 21 12 25 16 30 13 29 10 11 12 14 13 16 15 19 29 3 17 23 25 1 28 5 24 2 20 30 26 6 27 8 18 0 21 4 22 7
1 2 3 5 4 7 6 10 19 24 8 14 20 27 15 23 17 26 18 28 11 22 9 21 12 25 16 30 13 29 15 16 17 19 18 21 20 24 3 8 22 28 30 6 2 10 29 7 25 4 0 11 1 13 23 5 26 9 27 12
1 2 3 5 4 7 6 10 19 24 8 14 20 27 15 23 17 26 18 28 11 22 9 21 12 25 16 30 13 29 16 17 18 20 19 22 21 25 4 9 23 29 0 7 3 11 30 8 26 5 1 12 2 14 24 6 27 10 28 13
1 2 3 5 4 7 6 10 19 24 8 14 20 27 15 23 17 26 18 28 11 22 9 21 12 25 16 30 13 29 19 20 21 23 22 25 24 28 7 12 26 1 3 10 6 14 2 11 29 8 4 15 5 17 27 9 30 13 0 16
1 2 3 5 4 7 6 10 19 24 8 14 20 27 15 23 17 26 18 28 11 22 9 21 12 25 16 30 13 29 24 25 26 28 27 30 29 2 12 17 0 6 8 15 11 19 7 16 3 13 9 20 10 22 1 14 4 18 5 21
1 2 3 5 4 7 6 10 19 24 8 14 20 27 15 23 17 26 18 28 11 22 9 21 12 25 16 30 13 29 25 26 27 29 28 0 30 3 13 18 1 7 9 16 12 20 8 17 4 14 10 21 11 23 2 15 5 19 6 22
1 2 3 5 4 7 6 10 19 24 8 14 20 27 15 23 17 26 18 28 11 22 9 21 12 25 16 30 13 29 27 28 29 0 30 2 1 5 15 20 3 9 11 18 14 22 10 19 6 16 12 23 13 25 4 17 7 21 8 24
1 2 3 5 4 7 6 10 19 24 8 14 20 27 15 23 17 26 18 28 11 22 9 21 12 25 16 30 13 29 29 30 0 2 1 4 3 7 17 22 5 11 13 20 16 24 12 21 8 18 14 25 15 27 6 19 9 23 10 26
1 2 3 5 4 7 6 10 19 24 8 14 20 27 15 23 17 26 18 28 11 22 9 21 12 25 16 30 13 29 12 13 14 16 15 18 17 21 29 3 19 25 0 7 28 5 26 4 22 1 30 10 27 8 20 2 23 6 24 9
1 2 3 5 4 7 6 10 19 24 8 14 20 27 15 23 17 26 18 28 11 22 9 21 12 25 16 30 13 29 14 15 16 18 17 20 19 23 0 5 21 27 2 9 30 7 28 6 24 3 1 12 29 10 22 4 25 8 26 11
1 2 3 5 4 7 6 10 19 24 8 14 20 27 15 23 17 26 18 28 11 22 9 21 12 25 16 30 13 29 19 20 21 23 22 25 24 28 5 10 26 1 7 14 4 12 2 11 29 8 6 17 3 15 27 9 30 13 0 16
1 2 3 5 4 7 6 10 19 24 8 14 20 27 15 23 17 26 18 28 11 22 9 21 12 25 16 30 13 29 23 24 25 27 26 29 28 1 9 14 30 5 11 18 8 16 6 15 2 12 10 21 7 19 0 13 3 17 4 20
1 2 3 5 4 7 6 10 19 24 8 14 20 27 15 23 17 26 18 28 11 22 9 21 12 25 16 30 13 29 26 27 28 30 29 1 0 4 12 17 2 8 14 21 11 19 9 18 5 15 13 24 10 22 3 16 6 20 7 23
1 2 3 5 4 7 6 10 19 24 8 14 20 27 15 23 17 26 18 28 11 22 9 21 12 25 16 30 13 29 6 7 8 10 9 12 11 15 23 28 13 19 22 29 25 2 21 30 16 26 24 4 20 1 14 27 17 0 18 3
1 2 3 5 4 7 6 10 19 24 8 14 20 27 15 23 17 26 18 28 11 22 9 21 12 25 16 30 13 29 7 8 9 11 10 13 12 16 24 29 14 20 23 30 26 3 22 0 17 27 25 5 21 2 15 28 18 1 19 4
1 2 3 5 4 7 6 10 19 24 8 14 20 27 15 23 17 26 18 28 11 22 9 21 12 25 16 30 13 29 10 11 12 14 13 16 15 19 27 1 17 23 26 2 29 6 25 3 20 30 28 8 24 5 18 0 21 4 22 7
1 2 3 5 4 7 6 10 19 24 8 14 20 27 15 23 17 26 18 28 11 22 9 21 12 25 16 30 13 29 12 13 14 16 15 18 17 21 29 3 19 25 28 4 0 8 27 5 22 1 30 10 26 7 20 2 23 6 24 9
1 2 3 5 4 7 6 10 19 24 8 14 20 27 15 23 17 26 18 28 11 22 9 21 12 25 16 30 13 29 14 15 16 18 17 20 19 23 0 5 21 27 30 6 2 10 29 7 24 3 1 12 28 9 22 4 25 8 26 11
1 2 3 5 4 7 6 10 19 24 8 14 20 27 15 23 17 26 18 28 11 22 9 21 12 25 16 30 13 29 16 17 18 20 19 22 21 25 2 7 23 29 1 8 4 12 0 9 26 5 3 14 30 11 24 6 27 10 28 13
1 2 3 5 4 7 6 10 19 24 8 14 20 27 15 23 17 26 18 28 11 22 9 21 12 25 16 30 13 29 19 20 21 23 22 25 24 28 5 10 26 1 4 11 7 15 3 12 29 8 6 17 2 14 27 9 30 13 0 16
1 2 3 5 4 7 6 10 19 24 8 14 20 27 15 23 17 26 18 28 11 22 9 21 12 25 16 30 13 29 20 21 22 24 23 26 25 29 6 11 27 2 5 12 8 16 4 13 30 9 7 18 3 15 28 10 0 14 1 17
1 2 3 5 4 7 6 10 19 24 8 14 20 27 15 23 17 26 18 28 11 22 9 21 12 25 16 30 13 29 21 22 23 25 24 27 26 30 7 12 28 3 6 13 9 17 5 14 0 10 8 19 4 16 29 11 1 15 2 18
1 2 3 5 4 7 6 10 19 24 8 14 20 27 15 23 17 26 18 28 11 22 9 21 12 25 16 30 13 29 23 24 25 27 26 29 28 1 9 14 30 5 8 15 11 19 7 16 2 12 10 21 6 18 0 13 3 17 4 20
1 2 3 5 4 7 6 10 19 24 8 14 20 27 15 23 17 26 18 28 11 22 9 21 12 25 16 30 13 29 25 26 27 29 28 0 30 3 11 16 1 7 10 17 13 21 9 18 4 14 12 23 8 20 2 15 5 19 6 22
1 2 3 5 4 7 6 10 19 24 8 14 20 27 15 23 17 26 18 28 11 22 9 21 12 25 16 30 13 29 0 1 2 4 3 6 5 9 17 22 7 13 16 23 19 27 15 24 10 20 18 29 14 26 8 21 11 25 12 28
1 2 3 5 4 7 6 10 19 24 8 14 20 27 15 23 17 26 18 28 11 22 9 21 12 25 16 30 13 29 5 6 7 9 8 11 10 14 24 29 12 18 23 30 19 27 22 0 15 25 17 28 21 2 13 26 20 3 16 1
1 2 3 5 4 7 6 10 19 24 8 14 20 27 15 23 17 26 18 28 11 22 9 21 12 25 16 30 13 29 6 7 8 10 9 12 11 15 25 30 13 19 24 0 20 28 23 1 16 26 18 29 22 3 14 27 21 4 17 2
1 2 3 5 4 7 6 10 19 24 8 14 20 27 15 23 17 26 18 28 11 22 9 21 12 25 16 30 13 29 15 16 17 19 18 21 20 24 3 8 22 28 2 9 29 6 1 10 25 4 27 7 0 12 23 5 30 13 26 11
1 2 3 5 4 7 6 10 19 24 8 14 20 27 15 23 17 26 18 28 11 22 9 21 12 25 16 30 13 29 16 17 18 20 19 22 21 25 4 9 23 29 3 10 30 7 2 11 26 5 28 8 1 13 24 6 0 14 27 12
1 2 3 5 4 7 6 10 19 24 8 14 20 27 15 23 17 26 18 28 11 22 9 21 12 25 16 30 13 29 17 18 19 21 20 23 22 26 5 10 24 30 4 11 0 8 3 12 27 6 29 9 2 14 25 7 1 15 28 13
1 2 3 5 4 7 6 10 19 24 8 14 20 27 15 23 17 26 18 28 11 22 9 21 12 25 16 30 13 29 18 19 20 22 21 24 23 27 6 11 25 0 5 12 1 9 4 13 28 7 30 10 3 15 26 8 2 16 29 14
1 2 3 5 4 7 6 10 19 24 8 14 20 27 15 23 17 26 18 28 11 22 9 21 12 25 16 30 13 29 20 21 22 24 23 26 25 29 8 13 27 2 7 14 3 11 6 15 30 9 1 12 5 17 28 10 4 18 0 16
1 2 3 5 4 7 6 10 19 24 8 14 20 27 15 23 17 26 18 28 11 22 9 21 12 25 16 30 13 29 23 24 25 27 26 29 28 1 11 16 30 5 10 17 6 14 9 18 2 12 4 15 8 20 0 13 7 21 3 19
1 2 3 5 4 7 6 10 19 24 8 14 20 27 15 23 17 26 18 28 11 22 9 21 12 25 16 30 13 29 26 27 28 30 29 1 0 4 14 19 2 8 13 20 9 17 12 21 5 15 7 18 11 23 3 16 10 24 6 22
1 2 3 5 4 7 6 10 19 24 8 14 20 27 15 23 17 26 18 28 11 22 9 21 12 25 16 30 13 29 27 28 29 0 30 2 1 5 15 20 3 9 14 21 10 18 13 22 6 16 8 19 12 24 4 17 11 25 7 23
1 2 3 5 4 7 6 10 19 24 8 14 20 27 15 23 17 26 18 28 11 22 9 21 12 25 16 30 13 29 6 7 8 10 9 12 11 15 23 28 13 19 24 0 22 30 25 3 16 26 18 29 20 1 14 27 21 4 17 2
1 2 3 5 4 7 6 10 19 24 8 14 20 27 15 23 17 26 18 28 11 22 9 21 12 25 16 30 13 29 12 13 14 16 15 18 17 21 29 3 19 25 30 6 28 5 0 9 22 1 24 4 26 7 20 2 27 10 23 8
1 2 3 5 4 7 6 10 19 24 8 14 20 27 15 23 17 26 18 28 11 22 9 21 12 25 16 30 13 29 14 15 16 18 17 20 19 23 0 5 21 27 1 8 30 7 2 11 24 3 26 6 28 9 22 4 29 12 25 10
1 2 3 5 4 7 6 10 19 24 8 14 20 27 15 23 17 26 18 28 11 22 9 21 12 25 16 30 13 29 20 21 22 24 23 26 25 29 6 11 27 2 7 14 5 13 8 17 30 9 1 12 3 15 28 10 4 18 0 16
1 2 3 5 4 7 6 10 19 24 8 14 20 27 15 23 17 26 18 28 11 22 9 21 12 25 16 30 13 29 21 22 23 25 24 27 26 30 7 12 28 3 8 15 6 14 9 18 0 10 2 13 4 16 29 11 5 19 1 17
1 2 3 5 4 7 6 10 19 24 8 14 20 27 15 23 17 26 18 28 11 22 9 21 12 25 16 30 13 29 22 23 24 26 25 28 27 0 8 13 29 4 9 16 7 15 10 19 1 11 3 14 5 17 30 12 6 20 2 18
1 2 3 5 4 7 6 10 19 24 8 14 20 27 15 23 17 26 18 28 11 22 9 21 12 25 16 30 13 29 27 28 29 0 30 2 1 5 13 18 3 9 14 21 12 20 15 24 6 16 8 19 10 22 4 17 11 25 7 23
1 2 3 5 4 7 6 10 19 24 8 14 20 27 15 23 17 26 18 28 11 22 9 21 12 25 16 30 13 29 9 10 11 13 12 15 14 18 28 2 16 22 24 0 27 4 25 3 19 29 21 1 26 7 17 30 23 6 20 5
1 2 3 5 4 7 6 10 19 24 8 14 20 27 15 23 17 26 18 28 11 22 9 21 12 25 16 30 13 29 11 12 13 15 14 17 16 20 30 4 18 24 26 2 29 6 27 5 21 0 23 3 28 9 19 1 25 8 22 7
1 2 3 5 4 7 6 10 19 24 8 14 20 27 15 23 17 26 18 28 11 22 9 21 12 25 16 30 13 29 14 15 16 18 17 20 19 23 2 7 21 27 29 5 1 9 30 8 24 3 26 6 0 12 22 4 28 11 25 10
1 2 3 5 4 7 6 10 19 24 8 14 20 27 15 23 17 26 18 28 11 22 9 21 12 25 16 30 13 29 15 16 17 19 18 21 20 24 3 8 22 28 30 6 2 10 0 9 25 4 27 7 1 13 23 5 29 12 26 11
1 2 3 5 4 7 6 10 19 24 8 14 20 27 15 23 17 26 18 28 11 22 9 21 12 25 16 30 13 29 16 17 18 20 19 22 21 25 4 9 23 29 0 7 3 11 1 10 26 5 28 8 2 14 24 6 30 13 27 12
1 2 3 5 4 7 6 10 19 24 8 14 20 27 15 23 17 26 18 28 11 22 9 21 12 25 16 30 13 29 19 20 21 23 22 25 24 28 7 12 26 1 3 10 6 14 4 13 29 8 0 11 5 17 27 9 2 16 30 15
1 2 3 5 4 7 6 10 19 24 8 14 20 27 15 23 17 26 18 28 11 22 9 21 12 25 16 30 13 29 24 25 26 28 27 30 29 2 12 17 0 6 8 15 11 19 9 18 3 13 5 16 10 22 1 14 7 21 4 20
1 2 3 5 4 7 6 10 19 24 8 14 20 27 15 23 17 26 18 28 11 22 9 21 12 25 16 30 13 29 27 28 29 0 30 2 1 5 15 20 3 9 11 18 14 22 12 21 6 16 8 19 13 25 4 17 10 24 7 23
1 2 3 5 4 7 6 10 19 24 8 14 20 27 15 23 17 26 18 28 11 22 9 21 12 25 16 30 13 29 29 30 0 2 1 4 3 7 17 22 5 11 13 20 16 24 14 23 8 18 10 21 15 27 6 19 12 26 9 25
1 2 3 5 4 7 6 10 19 24 8 14 20 27 15 23 17 26 18 28 11 22 9 21 12 25 16 30 13 29 9 10 11 13 12 15 14 18 27 1 16 22 28 4 23 0 25 3 19 29 26 6 21 2 17 30 24 7 20 5
1 2 3 5 4 7 6 10 19 24 8 14 20 27 15 23 17 26 18 28 11 22 9 21 12 25 16 30 13 29 11 12 13 15 14 17 16 20 29 3 18 24 30 6 25 2 27 5 21 0 28 8 23 4 19 1 26 9 22 7
1 2 3 5 4 7 6 10 19 24 8 14 20 27 15 23 17 26 18 28 11 22 9 21 12 25 16 30 13 29 20 21 22 24 23 26 25 29 7 12 27 2 8 15 3 11 5 14 30 9 6 17 1 13 28 10 4 18 0 16
1 2 3 5 4 7 6 10 19 24 8 14 20 27 15 23 17 26 18 28 11 22 9 21 12 25 16 30 13 29 23 24 25 27 26 29 28 1 10 15 30 5 11 18 6 14 8 17 2 12 9 20 4 16 0 13 7 21 3 19
1 2 3 5 4 7 6 10 19 24 8 14 20 27 15 23 17 26 18 28 11 22 9 21 12 25 16 30 13 29 26 27 28 30 29 1 0 4 13 18 2 8 14 21 9 17 11 20 5 15 12 23 7 19 3 16 10 24 6 22
1 2 3 5 4 7 6 10 19 24 8 14 20 27 15 23 17 26 18 28 11 22 9 21 12 25 16 30 13 29 27 28 29 0 30 2 1 5 14 19 3 9 15 22 10 18 12 21 6 16 13 24 8 20 4 17 11 25 7 23
1 2 3 5 4 7 6 10 19 24 8 14 20 27 15 23 17 26 18 28 11 22 9 21 12 25 16 30 13 29 9 10 11 13 12 15 14 18 26 0 16 22 25 1 27 4 28 6 19 29 23 3 21 2 17 30 24 7 20 5
1 2 3 5 4 7 6 10 19 24 8 14 20 27 15 23 17 26 18 28 11 22 9 21 12 25 16 30 13 29 20 21 22 24 23 26 25 29 6 11 27 2 5 12 7 15 8 17 30 9 3 14 1 13 28 10 4 18 0 16
1 2 3 5 4 7 6 10 19 24 8 14 20 27 15 23 17 26 18 28 11 22 9 21 12 25 16 30 13 29 25 26 27 29 28 0 30 3 11 16 1 7 10 17 12 20 13 22 4 14 8 19 6 18 2 15 9 23 5 21
1 2 3 5 4 7 6 10 19 24 8 14 20 27 15 23 17 26 18 28 11 22 9 21 12 25 16 30 13 29 26 27 28 30 29 1 0 4 12 17 2 8 11 18 13 21 14 23 5 15 9 20 7 19 3 16 10 24 6 22
1 2 3 5 4 7 6 10 19 24 8 14 20 27 15 23 17 26 18 28 11 22 9 21 12 25 16 30 13 29 6 7 8 10 9 12 11 15 23 28 13 19 25 1 21 29 22 0 16 26 24 4 18 30 14 27 20 3 17 2
1 2 3 5 4 7 6 10 19 24 8 14 20 27 15 23 17 26 18 28 11 22 9 21 12 25 16 30 13 29 9 10 11 13 12 15 14 18 26 0 16 22 28 4 24 1 25 3 19 29 27 7 21 2 17 30 23 6 20 5
1 2 3 5 4 7 6 10 19 24 8 14 20 27 15 23 17 26 18 28 11 22 9 21 12 25 16 30 13 29 13 14 15 17 16 19 18 22 30 4 20 26 1 8 28 5 29 7 23 2 0 11 25 6 21 3 27 10 24 9
1 2 3 5 4 7 6 10 19 24 8 14 20 27 15 23 17 26 18 28 11 22 9 21 12 25 16 30 13 29 14 15 16 18 17 20 19 23 0 5 21 27 2 9 29 6 30 8 24 3 1 12 26 7 22 4 28 11 25 10
1 2 3 5 4 7 6 10 19 24 8 14 20 27 15 23 17 26 18 28 11 22 9 21 12 25 16 30 13 29 17 18 19 21 20 23 22 26 3 8 24 30 5 12 1 9 2 11 27 6 4 15 29 10 25 7 0 14 28 13
1 2 3 5 4 7 6 10 19 24 8 14 20 27 15 23 17 26 18 28 11 22 9 21 12 25 16 30 13 29 21 22 23 25 24 27 26 30 7 12 28 3 9 16 5 13 6 15 0 10 8 19 2 14 29 11 4 18 1 17
1 2 3 5 4 7 6 10 19 24 8 14 20 27 15 23 17 26 18 28 11 22 9 21 12 25 16 30 13 29 26 27 28 30 29 1 0 4 12 17 2 8 14 21 10 18 11 20 5 15 13 24 7 19 3 16 9 23 6 22
1 2 3 5 4 7 6 10 19 24 8 14 20 27 15 23 17 26 18 28 11 22 9 21 12 25 16 30 13 29 27 28 29 0 30 2 1 5 13 18 3 9 15 22 11 19 12 21 6 16 14 25 8 20 4 17 10 24 7 23
1 2 3 5 4 7 6 10 19 24 8 14 20 27 15 23 17 26 18 28 11 22 9 21 12 25 16 30 13 29 29 30 0 2 1 4 3 7 15 20 5 11 17 24 13 21 14 23 8 18 16 27 10 22 6 19 12 26 9 25
1 2 3 5 4 7 6 10 19 24 8 14 20 27 15 23 17 26 18 28 11 22 9 21 12 25 16 30 13 29 9 10 11 13 12 15 14 18 28 2 16 22 24 0 26 3 23 1 19 29 27 7 25 6 17 30 21 4 20 5
1 2 3 5 4 7 6 10 19 24 8 14 20 27 15 23 17 26 18 28 11 22 9 21 12 25 16 30 13 29 10 11 12 14 13 16 15 19 29 3 17 23 25 1 27 4 24 2 20 30 28 8 26 7 18 0 22 5 21 6
1 2 3 5 4 7 6 10 19 24 8 14 20 27 15 23 17 26 18 28 11 22 9 21 12 25 16 30 13 29 13 14 15 17 16 19 18 22 1 6 20 26 28 4 30 7 27 5 23 2 0 11 29 10 21 3 25 8 24 9
1 2 3 5 4 7 6 10 19 24 8 14 20 27 15 23 17 26 18 28 11 22 9 21 12 25 16 30 13 29 15 16 17 19 18 21 20 24 3 8 22 28 30 6 1 9 29 7 25 4 2 13 0 12 23 5 27 10 26 11
1 2 3 5 4 7 6 10 19 24 8 14 20 27 15 23 17 26 18 28 11 22 9 21 12 25 16 30 13 29 18 19 20 22 21 24 23 27 6 11 25 0 2 9 4 12 1 10 28 7 5 16 3 15 26 8 30 13 29 14
1 2 3 5 4 7 6 10 19 24 8 14 20 27 15 23 17 26 18 28 11 22 9 21 12 25 16 30 13 29 19 20 21 23 22 25 24 28 7 12 26 1 3 10 5 13 2 11 29 8 6 17 4 16 27 9 0 14 30 15
1 2 3 5 4 7 6 10 19 24 8 14 20 27 15 23 17 26 18 28 11 22 9 21 12 25 16 30 13 29 20 21 22 24 23 26 25 29 8 13 27 2 4 11 6 14 3 12 30 9 7 18 5 17 28 10 1 15 0 16
1 2 3 5 4 7 6 10 19 24 8 14 20 27 15 23 17 26 18 28 11 22 9 21 12 25 16 30 13 29 27 28 29 0 30 2 1 5 15 20 3 9 11 18 13 21 10 19 6 16 14 25 12 24 4 17 8 22 7 23
1 2 3 5 4 7 6 10 19 24 8 14 20 27 15 23 17 26 18 28 11 22 9 21 12 25 16 30 13 29 10 11 12 14 13 16 15 19 28 2 17 23 25 1 26 3 29 7 20 30 24 4 27 8 18 0 22 5 21 6
1 2 3 5 4 7 6 10 19 24 8 14 20 27 15 23 17 26 18 28 11 22 9 21 12 25 16 30 13 29 11 12 13 15 14 17 16 20 29 3 18 24 26 2 27 4 30 8 21 0 25 5 28 9 19 1 23 6 22 7
1 2 3 5 4 7 6 10 19 24 8 14 20 27 15 23 17 26 18 28 11 22 9 21 12 25 16 30 13 29 12 13 14 16 15 18 17 21 30 4 19 25 27 3 28 5 0 9 22 1 26 6 29 10 20 2 24 7 23 8
1 2 3 5 4 7 6 10 19 24 8 14 20 27 15 23 17 26 18 28 11 22 9 21 12 25 16 30 13 29 13 14 15 17 16 19 18 22 0 5 20 26 28 4 29 6 1 10 23 2 27 7 30 11 21 3 25 8 24 9
1 2 3 5 4 7 6 10 19 24 8 14 20 27 15 23 17 26 18 28 11 22 9 21 12 25 16 30 13 29 19 20 21 23 22 25 24 28 6 11 26 1 3 10 4 12 7 16 29 8 2 13 5 17 27 9 0 14 30 15
1 2 3 5 4 7 6 10 19 24 8 14 20 27 15 23 17 26 18 28 11 22 9 21 12 25 16 30 13 29 24 25 26 28 27 30 29 2 11 16 0 6 8 15 9 17 12 21 3 13 7 18 10 22 1 14 5 19 4 20
1 2 3 5 4 7 6 10 19 24 8 14 20 27 15 23 17 26 18 28 11 22 9 21 12 25 16 30 13 29 0 1 2 4 3 6 5 9 18 23 7 13 15 22 16 24 19 28 10 20 14 25 17 29 8 21 12 26 11 27
1 2 3 5 4 7 6 10 19 24 8 14 20 27 15 23 17 26 18 28 11 22 9 21 12 25 16 30 13 29 12 13 14 16 15 18 17 21 30 4 19 25 0 7 29 6 23 1 26 5 28 8 22 3 20 2 27 10 24 9
1 2 3 5 4 7 6 10 19 24 8 14 20 27 15 23 17 26 18 28 11 22 9 21 12 25 16 30 13 29 15 16 17 19 18 21 20 24 2 7 22 28 3 10 1 9 26 4 29 8 0 11 25 6 23 5 30 13 27 12
1 2 3 5 4 7 6 10 19 24 8 14 20 27 15 23 17 26 18 28 11 22 9 21 12 25 16 30 13 29 20 21 22 24 23 26 25 29 7 12 27 2 8 15 6 14 0 9 3 13 5 16 30 11 28 10 4 18 1 17
1 2 3 5 4 7 6 10 19 24 8 14 20 27 15 23 17 26 18 28 11 22 9 21 12 25 16 30 13 29 21 22 23 25 24 27 26 30 8 13 28 3 9 16 7 15 1 10 4 14 6 17 0 12 29 11 5 19 2 18
1 2 3 5 4 7 6 10 19 24 8 14 20 27 15 23 17 26 18 28 11 22 9 21 12 25 16 30 13 29 22 23 24 26 25 28 27 0 9 14 29 4 10 17 8 16 2 11 5 15 7 18 1 13 30 12 6 20 3 19
1 2 3 5 4 7 6 10 19 24 8 14 20 27 15 23 17 26 18 28 11 22 9 21 12 25 16 30 13 29 23 24 25 27 26 29 28 1 10 15 30 5 11 18 9 17 3 12 6 16 8 19 2 14 0 13 7 21 4 20
1 2 3 5 4 7 6 10 19 24 8 14 20 27 15 23 17 26 18 28 11 22 9 21 12 25 16 30 13 29 0 1 2 4 3 6 5 9 18 23 7 13 19 26 17 25 11 20 14 24 16 27 10 22 8 21 15 29 12 28
1 2 3 5 4 7 6 10 19 24 8 14 20 27 15 23 17 26 18 28 11 22 9 21 12 25 16 30 13 29 2 3 4 6 5 8 7 11 21 26 9 15 18 25 20 28 13 22 19 29 16 27 12 24 10 23 17 0 14 30
1 2 3 5 4 7 6 10 19 24 8 14 20 27 15 23 17 26 18 28 11 22 9 21 12 25 16 30 13 29 5 6 7 9 8 11 10 14 24 29 12 18 21 28 23 0 16 25 22 1 19 30 15 27 13 26 20 3 17 2
1 2 3 5 4 7 6 10 19 24 8 14 20 27 15 23 17 26 18 28 11 22 9 21 12 25 16 30 13 29 8 9 10 12 11 14 13 17 27 1 15 21 24 0 26 3 19 28 25 4 22 2 18 30 16 29 23 6 20 5
1 2 3 5 4 7 6 10 19 24 8 14 20 27 15 23 17 26 18 28 11 22 9 21 12 25 16 30 13 29 11 12 13 15 14 17 16 20 30 4 18 24 27 3 29 6 22 0 28 7 25 5 21 2 19 1 26 9 23 8
1 2 3 5 4 7 6 10 19 24 8 14 20 27 15 23 17 26 18 28 11 22 9 21 12 25 16 30 13 29 15 16 17 19 18 21 20 24 3 8 22 28 0 7 2 10 26 4 1 11 29 9 25 6 23 5 30 13 27 12
1 2 3 5 4 7 6 10 19 24 8 14 20 27 15 23 17 26 18 28 11 22 9 21 12 25 16 30 13 29 16 17 18 20 19 22 21 25 4 9 23 29 1 8 3 11 27 5 2 12 30 10 26 7 24 6 0 14 28 13
1 2 3 5 4 7 6 10 19 24 8 14 20 27 15 23 17 26 18 28 11 22 9 21 12 25 16 30 13 29 21 22 23 25 24 27 26 30 9 14 28 3 6 13 8 16 1 10 7 17 4 15 0 12 29 11 5 19 2 18
1 2 3 5 4 7 6 10 19 24 8 14 20 27 15 23 17 26 18 28 11 22 9 21 12 25 16 30 13 29 22 23 24 26 25 28 27 0 10 15 29 4 7 14 9 17 2 11 8 18 5 16 1 13 30 12 6 20 3 19
1 2 3 5 4 7 6 10 19 24 8 14 20 27 15 23 17 26 18 28 11 22 9 21 12 25 16 30 13 29 23 24 25 27 26 29 28 1 11 16 30 5 8 15 10 18 3 12 9 19 6 17 2 14 0 13 7 21 4 20
1 2 3 5 4 7 6 10 19 24 8 14 20 27 15 23 17 26 18 28 11 22 9 21 12 25 16 30 13 29 25 26 27 29 28 0 30 3 13 18 1 7 10 17 12 20 5 14 11 21 8 19 4 16 2 15 9 23 6 22
1 2 3 5 4 7 6 10 19 24 8 14 20 27 15 23 17 26 18 28 11 22 9 21 12 25 16 30 13 29 26 27 28 30 29 1 0 4 14 19 2 8 11 18 13 21 6 15 12 22 9 20 5 17 3 16 10 24 7 23
1 2 3 5 4 7 6 10 19 24 8 14 20 27 15 23 17 26 18 28 11 22 9 21 12 25 16 30 13 29 2 3 4 6 5 8 7 11 20 25 9 15 21 28 18 26 13 22 19 29 16 27 12 24 10 23 17 0 14 30
1 2 3 5 4 7 6 10 19 24 8 14 20 27 15 23 17 26 18 28 11 22 9 21 12 25 16 30 13 29 5 6 7 9 8 11 10 14 23 28 12 18 24 0 21 29 16 25 22 1 19 30 15 27 13 26 20 3 17 2
1 2 3 5 4 7 6 10 19 24 8 14 20 27 15 23 17 26 18 28 11 22 9 21 12 25 16 30 13 29 11 12 13 15 14 17 16 20 29 3 18 24 30 6 27 4 22 0 28 7 25 5 21 2 19 1 26 9 23 8
1 2 3 5 4 7 6 10 19 24 8 14 20 27 15 23 17 26 18 28 11 22 9 21 12 25 16 30 13 29 12 13 14 16 15 18 17 21 30 4 19 25 0 7 28 5 23 1 29 8 26 6 22 3 20 2 27 10 24 9
1 2 3 5 4 7 6 10 19 24 8 14 20 27 15 23 17 26 18 28 11 22 9 21 12 25 16 30 13 29 14 15 16 18 17 20 19 23 1 6 21 27 2 9 30 7 25 3 0 10 28 8 24 5 22 4 29 12 26 11
1 2 3 5 4 7 6 10 19 24 8 14 20 27 15 23 17 26 18 28 11 22 9 21 12 25 16 30 13 29 17 18 19 21 20 23 22 26 4 9 24 30 5 12 2 10 28 6 3 13 0 11 27 8 25 7 1 15 29 14
1 2 3 5 4 7 6 10 19 24 8 14 20 27 15 23 17 26 18 28 11 22 9 21 12 25 16 30 13 29 19 20 21 23 22 25 24 28 6 11 26 1 7 14 4 12 30 8 5 15 2 13 29 10 27 9 3 17 0 16
1 2 3 5 4 7 6 10 19 24 8 14 20 27 15 23 17 26 18 28 11 22 9 21 12 25 16 30 13 29 20 21 22 24 23 26 25 29 7 12 27 2 8 15 5 13 0 9 6 16 3 14 30 11 28 10 4 18 1 17
1 2 3 5 4 7 6 10 19 24 8 14 20 27 15 23 17 26 18 28 11 22 9 21 12 25 16 30 13 29 21 22 23 25 24 27 26 30 8 13 28 3 9 16 6 14 1 10 7 17 4 15 0 12 29 11 5 19 2 18
1 2 3 5 4 7 6 10 19 24 8 14 20 27 15 23 17 26 18 28 11 22 9 21 12 25 16 30 13 29 23 24 25 27 26 29 28 1 10 15 30 5 11 18 8 16 3 12 9 19 6 17 2 14 0 13 7 21 4 20
1 2 3 5 4 7 6 10 19 24 8 14 20 27 15 23 17 26 18 28 11 22 9 21 12 25 16 30 13 29 0 1 2 4 3 6 5 9 18 23 7 13 19 26 16 24 11 20 17 27 14 25 10 22 8 21 15 29 12 28
1 2 3 5 4 7 6 10 19 24 8 14 20 27 15 23 17 26 18 28 11 22 9 21 12 25 16 30 13 29 11 12 13 15 14 17 16 20 29 3 18 24 28 4 30 7 22 0 27 6 25 5 21 2 19 1 26 9 23 8
1 2 3 5 4 7 6 10 19 24 8 14 20 27 15 23 17 26 18 28 11 22 9 21 12 25 16 30 13 29 12 13 14 16 15 18 17 21 30 4 19 25 29 5 0 8 23 1 28 7 26 6 22 3 20 2 27 10 24 9
1 2 3 5 4 7 6 10 19 24 8 14 20 27 15 23 17 26 18 28 11 22 9 21 12 25 16 30 13 29 17 18 19 21 20 23 22 26 4 9 24 30 3 10 5 13 28 6 2 12 0 11 27 8 25 7 1 15 29 14
1 2 3 5 4 7 6 10 19 24 8 14 20 27 15 23 17 26 18 28 11 22 9 21 12 25 16 30 13 29 21 22 23 25 24 27 26 30 8 13 28 3 7 14 9 17 1 10 6 16 4 15 0 12 29 11 5 19 2 18
1 2 3 5 4 7 6 10 19 24 8 14 20 27 15 23 17 26 18 28 11 22 9 21 12 25 16 30 13 29 22 23 24 26 25 28 27 0 9 14 29 4 8 15 10 18 2 11 7 17 5 16 1 13 30 12 6 20 3 19
1 2 3 5 4 7 6 10 19 24 8 14 20 27 15 23 17 26 18 28 11 22 9 21 12 25 16 30 13 29 24 25 26 28 27 30 29 2 11 16 0 6 10 17 12 20 4 13 9 19 7 18 3 15 1 14 8 22 5 21
1 2 3 5 4 7 6 10 19 24 8 14 20 27 15 23 17 26 18 28 11 22 9 21 12 25 16 30 13 29 29 30 0 2 1 4 3 7 16 21 5 11 15 22 17 25 9 18 14 24 12 23 8 20 6 19 13 27 10 26
1 2 3 5 4 7 6 10 19 24 8 14 20 27 15 23 17 26 18 28 11 22 9 21 12 25 16 30 13 29 0 1 2 4 3 6 5 9 18 23 7 13 17 24 19 27 11 20 16 26 14 25 10 22 8 21 15 29 12 28
1 2 3 5 4 7 6 10 19 24 8 14 20 27 15 23 17 26 18 28 11 22 9 21 12 25 16 30 13 29 10 11 12 14 13 16 15 19 25 30 17 23 29 5 26 3 24 2 27 6 28 8 20 1 18 0 21 4 22 7
1 2 3 5 4 7 6 10 19 24 8 14 20 27 15 23 17 26 18 28 11 22 9 21 12 25 16 30 13 29 14 15 16 18 17 20 19 23 29 3 21 27 2 9 30 7 28 6 0 10 1 12 24 5 22 4 25 8 26 11
1 2 3 5 4 7 6 10 19 24 8 14 20 27 15 23 17 26 18 28 11 22 9 21 12 25 16 30 13 29 19 20 21 23 22 25 24 28 3 8 26 1 7 14 4 12 2 11 5 15 6 17 29 10 27 9 30 13 0 16
1 2 3 5 4 7 6 10 19 24 8 14 20 27 15 23 17 26 18 28 11 22 9 21 12 25 16 30 13 29 26 27 28 30 29 1 0 4 10 15 2 8 14 21 11 19 9 18 12 22 13 24 5 17 3 16 6 20 7 23
1 2 3 5 4 7 6 10 19 24 8 14 20 27 15 23 17 26 18 28 11 22 9 21 12 25 16 30 13 29 28 29 30 1 0 3 2 6 12 17 4 10 16 23 13 21 11 20 14 24 15 26 7 19 5 18 8 22 9 25
1 2 3 5 4 7 6 10 19 24 8 14 20 27 15 23 17 26 18 28 11 22 9 21 12 25 16 30 13 29 0 1 2 4 3 6 5 9 15 20 7 13 19 26 16 24 14 23 17 27 18 29 10 22 8 21 11 25 12 28
1 2 3 5 4 7 6 10 19 24 8 14 20 27 15 23 17 26 18 28 11 22 9 21 12 25 16 30 13 29 8 9 10 12 11 14 13 17 23 28 15 21 25 1 27 4 22 0 24 3 26 6 18 30 16 29 19 2 20 5
1 2 3 5 4 7 6 10 19 24 8 14 20 27 15 23 17 26 18 28 11 22 9 21 12 25 16 30 13 29 14 15 16 18 17 20 19 23 29 3 21 27 0 7 2 10 28 6 30 9 1 12 24 5 22 4 25 8 26 11
1 2 3 5 4 7 6 10 19 24 8 14 20 27 15 23 17 26 18 28 11 22 9 21 12 25 16 30 13 29 15 16 17 19 18 21 20 24 30 4 22 28 1 8 3 11 29 7 0 10 2 13 25 6 23 5 26 9 27 12
1 2 3 5 4 7 6 10 19 24 8 14 20 27 15 23 17 26 18 28 11 22 9 21 12 25 16 30 13 29 16 17 18 20 19 22 21 25 0 5 23 29 2 9 4 12 30 8 1 11 3 14 26 7 24 6 27 10 28 13
1 2 3 5 4 7 6 10 19 24 8 14 20 27 15 23 17 26 18 28 11 22 9 21 12 25 16 30 13 29 19 20 21 23 22 25 24 28 3 8 26 1 5 12 7 15 2 11 4 14 6 17 29 10 27 9 30 13 0 16
1 2 3 5 4 7 6 10 19 24 8 14 20 27 15 23 17 26 18 28 11 22 9 21 12 25 16 30 13 29 21 22 23 25 24 27 26 30 5 10 28 3 7 14 9 17 4 13 6 16 8 19 0 12 29 11 1 15 2 18
1 2 3 5 4 7 6 10 19 24 8 14 20 27 15 23 17 26 18 28 11 22 9 21 12 25 16 30 13 29 25 26 27 29 28 0 30 3 9 14 1 7 11 18 13 21 8 17 10 20 12 23 4 16 2 15 5 19 6 22
1 2 3 5 4 7 6 10 19 24 8 14 20 27 15 23 17 26 18 28 11 22 9 21 12 25 16 30 13 29 26 27 28 30 29 1 0 4 10 15 2 8 12 19 14 22 9 18 11 21 13 24 5 17 3 16 6 20 7 23
1 2 3 5 4 7 6 10 19 24 8 14 20 27 15 23 17 26 18 28 11 22 9 21 12 25 16 30 13 29 29 30 0 2 1 4 3 7 13 18 5 11 15 22 17 25 12 21 14 24 16 27 8 20 6 19 9 23 10 26
1 2 3 5 4 7 6 10 19 24 8 14 20 27 15 23 17 26 18 28 11 22 9 21 12 25 16 30 13 29 0 1 2 4 3 6 5 9 15 20 7 13 17 24 19 27 14 23 16 26 18 29 10 22 8 21 11 25 12 28
1 2 3 5 4 7 6 10 19 24 8 14 20 27 15 23 17 26 18 28 11 22 9 21 12 25 16 30 13 29 6 7 8 10 9 12 11 15 21 26 13 19 23 30 24 1 20 29 25 4 22 2 16 28 14 27 17 0 18 3
1 2 3 5 4 7 6 10 19 24 8 14 20 27 15 23 17 26 18 28 11 22 9 21 12 25 16 30 13 29 7 8 9 11 10 13 12 16 22 27 14 20 24 0 25 2 21 30 26 5 23 3 17 29 15 28 18 1 19 4
1 2 3 5 4 7 6 10 19 24 8 14 20 27 15 23 17 26 18 28 11 22 9 21 12 25 16 30 13 29 8 9 10 12 11 14 13 17 23 28 15 21 25 1 26 3 22 0 27 6 24 4 18 30 16 29 19 2 20 5
1 2 3 5 4 7 6 10 19 24 8 14 20 27 15 23 17 26 18 28 11 22 9 21 12 25 16 30 13 29 19 20 21 23 22 25 24 28 3 8 26 1 5 12 6 14 2 11 7 17 4 15 29 10 27 9 30 13 0 16
1 2 3 5 4 7 6 10 19 24 8 14 20 27 15 23 17 26 18 28 11 22 9 21 12 25 16 30 13 29 21 22 23 25 24 27 26 30 5 10 28 3 7 14 8 16 4 13 9 19 6 17 0 12 29 11 1 15 2 18
1 2 3 5 4 7 6 10 19 24 8 14 20 27 15 23 17 26 18 28 11 22 9 21 12 25 16 30 13 29 25 26 27 29 28 0 30 3 9 14 1 7 11 18 12 20 8 17 13 23 10 21 4 16 2 15 5 19 6 22
1 2 3 5 4 7 6 10 19 24 8 14 20 27 15 23 17 26 18 28 11 22 9 21 12 25 16 30 13 29 29 30 0 2 1 4 3 7 13 18 5 11 15 22 16 24 12 21 17 27 14 25 8 20 6 19 9 23 10 26
1 2 3 5 4 7 6 10 19 24 8 14 20 27 15 23 17 26 18 28 11 22 9 21 12 25 16 30 13 29 0 1 2 4 3 6 5 9 15 20 7 13 17 24 18 26 14 23 19 29 16 27 10 22 8 21 11 25 12 28
1 2 3 5 4 7 6 10 19 24 8 14 20 27 15 23 17 26 18 28 11 22 9 21 12 25 16 30 13 29 6 7 8 10 9 12 11 15 21 26 13 19 22 29 25 2 23 1 20 30 24 4 16 28 14 27 17 0 18 3
1 2 3 5 4 7 6 10 19 24 8 14 20 27 15 23 17 26 18 28 11 22 9 21 12 25 16 30 13 29 7 8 9 11 10 13 12 16 22 27 14 20 23 30 26 3 24 2 21 0 25 5 17 29 15 28 18 1 19 4
1 2 3 5 4 7 6 10 19 24 8 14 20 27 15 23 17 26 18 28 11 22 9 21 12 25 16 30 13 29 8 9 10 12 11 14 13 17 23 28 15 21 24 0 27 4 25 3 22 1 26 6 18 30 16 29 19 2 20 5
1 2 3 5 4 7 6 10 19 24 8 14 20 27 15 23 17 26 18 28 11 22 9 21 12 25 16 30 13 29 13 14 15 17 16 19 18 22 28 2 20 26 29 5 1 9 30 8 27 6 0 11 23 4 21 3 24 7 25 10
1 2 3 5 4 7 6 10 19 24 8 14 20 27 15 23 17 26 18 28 11 22 9 21 12 25 16 30 13 29 14 15 16 18 17 20 19 23 29 3 21 27 30 6 2 10 0 9 28 7 1 12 24 5 22 4 25 8 26 11
1 2 3 5 4 7 6 10 19 24 8 14 20 27 15 23 17 26 18 28 11 22 9 21 12 25 16 30 13 29 15 16 17 19 18 21 20 24 30 4 22 28 0 7 3 11 1 10 29 8 2 13 25 6 23 5 26 9 27 12
1 2 3 5 4 7 6 10 19 24 8 14 20 27 15 23 17 26 18 28 11 22 9 21 12 25 16 30 13 29 21 22 23 25 24 27 26 30 5 10 28 3 6 13 9 17 7 16 4 14 8 19 0 12 29 11 1 15 2 18
1 2 3 5 4 7 6 10 19 24 8 14 20 27 15 23 17 26 18 28 11 22 9 21 12 25 16 30 13 29 25 26 27 29 28 0 30 3 9 14 1 7 10 17 13 21 11 20 8 18 12 23 4 16 2 15 5 19 6 22
1 2 3 5 4 7 6 10 19 24 8 14 20 27 15 23 17 26 18 28 11 22 9 21 12 25 16 30 13 29 26 27 28 30 29 1 0 4 10 15 2 8 11 18 14 22 12 21 9 19 13 24 5 17 3 16 6 20 7 23
1 2 3 5 4 7 6 10 19 24 8 14 20 27 15 23 17 26 18 28 11 22 9 21 12 25 16 30 13 29 29 30 0 2 1 4 3 7 13 18 5 11 14 21 17 25 15 24 12 22 16 27 8 20 6 19 9 23 10 26
1 2 3 5 4 7 6 10 19 24 8 14 20 27 15 23 17 26 18 28 11 22 9 21 12 25 16 30 13 29 6 7 8 10 9 12 11 15 25 30 13 19 24 0 18 26 20 29 22 1 23 3 16 28 14 27 21 4 17 2
1 2 3 5 4 7 6 10 19 24 8 14 20 27 15 23 17 26 18 28 11 22 9 21 12 25 16 30 13 29 14 15 16 18 17 20 19 23 2 7 21 27 1 8 26 3 28 6 30 9 0 11 24 5 22 4 29 12 25 10
1 2 3 5 4 7 6 10 19 24 8 14 20 27 15 23 17 26 18 28 11 22 9 21 12 25 16 30 13 29 15 16 17 19 18 21 20 24 3 8 22 28 2 9 27 4 29 7 0 10 1 12 25 6 23 5 30 13 26 11
1 2 3 5 4 7 6 10 19 24 8 14 20 27 15 23 17 26 18 28 11 22 9 21 12 25 16 30 13 29 16 17 18 20 19 22 21 25 4 9 23 29 3 10 28 5 30 8 1 11 2 13 26 7 24 6 0 14 27 12
1 2 3 5 4 7 6 10 19 24 8 14 20 27 15 23 17 26 18 28 11 22 9 21 12 25 16 30 13 29 22 23 24 26 25 28 27 0 10 15 29 4 9 16 3 11 5 14 7 17 8 19 1 13 30 12 6 20 2 18
1 2 3 5 4 7 6 10 19 24 8 14 20 27 15 23 17 26 18 28 11 22 9 21 12 25 16 30 13 29 5 6 7 9 8 11 10 14 23 28 12 18 24 0 17 25 21 30 19 29 22 2 15 27 13 26 20 3 16 1
1 2 3 5 4 7 6 10 19 24 8 14 20 27 15 23 17 26 18 28 11 22 9 21 12 25 16 30 13 29 8 9 10 12 11 14 13 17 26 0 15 21 27 3 20 28 24 2 22 1 25 5 18 30 16 29 23 6 19 4
1 2 3 5 4 7 6 10 19 24 8 14 20 27 15 23 17 26 18 28 11 22 9 21 12 25 16 30 13 29 12 13 14 16 15 18 17 21 30 4 19 25 0 7 24 1 28 6 26 5 29 9 22 3 20 2 27 10 23 8
1 2 3 5 4 7 6 10 19 24 8 14 20 27 15 23 17 26 18 28 11 22 9 21 12 25 16 30 13 29 14 15 16 18 17 20 19 23 1 6 21 27 2 9 26 3 30 8 28 7 0 11 24 5 22 4 29 12 25 10
1 2 3 5 4 7 6 10 19 24 8 14 20 27 15 23 17 26 18 28 11 22 9 21 12 25 16 30 13 29 15 16 17 19 18 21 20 24 2 7 22 28 3 10 27 4 0 9 29 8 1 12 25 6 23 5 30 13 26 11
1 2 3 5 4 7 6 10 19 24 8 14 20 27 15 23 17 26 18 28 11 22 9 21 12 25 16 30 13 29 16 17 18 20 19 22 21 25 3 8 23 29 4 11 28 5 1 10 30 9 2 13 26 7 24 6 0 14 27 12
1 2 3 5 4 7 6 10 19 24 8 14 20 27 15 23 17 26 18 28 11 22 9 21 12 25 16 30 13 29 17 18 19 21 20 23 22 26 4 9 24 30 5 12 29 6 2 11 0 10 3 14 27 8 25 7 1 15 28 13
1 2 3 5 4 7 6 10 19 24 8 14 20 27 15 23 17 26 18 28 11 22 9 21 12 25 16 30 13 29 19 20 21 23 22 25 24 28 6 11 26 1 7 14 0 8 4 13 2 12 5 16 29 10 27 9 3 17 30 15
1 2 3 5 4 7 6 10 19 24 8 14 20 27 15 23 17 26 18 28 11 22 9 21 12 25 16 30 13 29 21 22 23 25 24 27 26 30 8 13 28 3 9 16 2 10 6 15 4 14 7 18 0 12 29 11 5 19 1 17
1 2 3 5 4 7 6 10 19 24 8 14 20 27 15 23 17 26 18 28 11 22 9 21 12 25 16 30 13 29 28 29 30 1 0 3 2 6 15 20 4 10 16 23 9 17 13 22 11 21 14 25 7 19 5 18 12 26 8 24
1 2 3 5 4 7 6 10 19 24 8 14 20 27 15 23 17 26 18 28 11 22 9 21 12 25 16 30 13 29 29 30 0 2 1 4 3 7 16 21 5 11 17 24 10 18 14 23 12 22 15 26 8 20 6 19 13 27 9 25
1 2 3 5 4 7 6 10 19 24 8 14 20 27 15 23 17 26 18 28 11 22 9 21 12 25 16 30 13 29 0 1 2 4 3 6 5 9 18 23 7 13 19 26 12 20 16 25 14 24 17 28 10 22 8 21 15 29 11 27
1 2 3 5 4 7 6 10 19 24 8 14 20 27 15 23 17 26 18 28 11 22 9 21 12 25 16 30 13 29 5 6 7 9 8 11 10 14 24 29 12 18 21 28 17 25 22 0 23 2 19 30 15 27 13 26 20 3 16 1
1 2 3 5 4 7 6 10 19 24 8 14 20 27 15 23 17 26 18 28 11 22 9 21 12 25 16 30 13 29 6 7 8 10 9 12 11 15 25 30 13 19 22 29 18 26 23 1 24 3 20 0 16 28 14 27 21 4 17 2
1 2 3 5 4 7 6 10 19 24 8 14 20 27 15 23 17 26 18 28 11 22 9 21 12 25 16 30 13 29 9 10 11 13 12 15 14 18 28 2 16 22 25 1 21 29 26 4 27 6 23 3 19 0 17 30 24 7 20 5
1 2 3 5 4 7 6 10 19 24 8 14 20 27 15 23 17 26 18 28 11 22 9 21 12 25 16 30 13 29 16 17 18 20 19 22 21 25 4 9 23 29 1 8 28 5 2 11 3 13 30 10 26 7 24 6 0 14 27 12
1 2 3 5 4 7 6 10 19 24 8 14 20 27 15 23 17 26 18 28 11 22 9 21 12 25 16 30 13 29 17 18 19 21 20 23 22 26 5 10 24 30 2 9 29 6 3 12 4 14 0 11 27 8 25 7 1 15 28 13
1 2 3 5 4 7 6 10 19 24 8 14 20 27 15 23 17 26 18 28 11 22 9 21 12 25 16 30 13 29 21 22 23 25 24 27 26 30 9 14 28 3 6 13 2 10 7 16 8 18 4 15 0 12 29 11 5 19 1 17
1 2 3 5 4 7 6 10 19 24 8 14 20 27 15 23 17 26 18 28 11 22 9 21 12 25 16 30 13 29 22 23 24 26 25 28 27 0 10 15 29 4 7 14 3 11 8 17 9 19 5 16 1 13 30 12 6 20 2 18
1 2 3 5 4 7 6 10 19 24 8 14 20 27 15 23 17 26 18 28 11 22 9 21 12 25 16 30 13 29 23 24 25 27 26 29 28 1 11 16 30 5 8 15 4 12 9 18 10 20 6 17 2 14 0 13 7 21 3 19
1 2 3 5 4 7 6 10 19 24 8 14 20 27 15 23 17 26 18 28 11 22 9 21 12 25 16 30 13 29 24 25 26 28 27 30 29 2 12 17 0 6 9 16 5 13 10 19 11 21 7 18 3 15 1 14 8 22 4 20
1 2 3 5 4 7 6 10 19 24 8 14 20 27 15 23 17 26 18 28 11 22 9 21 12 25 16 30 13 29 26 27 28 30 29 1 0 4 14 19 2 8 11 18 7 15 12 21 13 23 9 20 5 17 3 16 10 24 6 22
1 2 3 5 4 7 6 10 19 24 8 14 20 27 15 23 17 26 18 28 11 22 9 21 12 25 16 30 13 29 27 28 29 0 30 2 1 5 15 20 3 9 12 19 8 16 13 22 14 24 10 21 6 18 4 17 11 25 7 23
1 2 3 5 4 7 6 10 19 24 8 14 20 27 15 23 17 26 18 28 11 22 9 21 12 25 16 30 13 29 29 30 0 2 1 4 3 7 17 22 5 11 14 21 10 18 15 24 16 26 12 23 8 20 6 19 13 27 9 25
1 2 3 5 4 7 6 10 19 24 8 14 20 27 15 23 17 26 18 28 11 22 9 21 12 25 16 30 13 29 9 10 11 13 12 15 14 18 27 1 16 22 26 2 21 29 28 6 25 4 23 3 19 0 17 30 24 7 20 5
1 2 3 5 4 7 6 10 19 24 8 14 20 27 15 23 17 26 18 28 11 22 9 21 12 25 16 30 13 29 11 12 13 15 14 17 16 20 29 3 18 24 28 4 23 0 30 8 27 6 25 5 21 2 19 1 26 9 22 7
1 2 3 5 4 7 6 10 19 24 8 14 20 27 15 23 17 26 18 28 11 22 9 21 12 25 16 30 13 29 15 16 17 19 18 21 20 24 2 7 22 28 1 8 27 4 3 12 0 10 29 9 25 6 23 5 30 13 26 11
1 2 3 5 4 7 6 10 19 24 8 14 20 27 15 23 17 26 18 28 11 22 9 21 12 25 16 30 13 29 16 17 18 20 19 22 21 25 3 8 23 29 2 9 28 5 4 13 1 11 30 10 26 7 24 6 0 14 27 12
1 2 3 5 4 7 6 10 19 24 8 14 20 27 15 23 17 26 18 28 11 22 9 21 12 25 16 30 13 29 17 18 19 21 20 23 22 26 4 9 24 30 3 10 29 6 5 14 2 12 0 11 27 8 25 7 1 15 28 13
1 2 3 5 4 7 6 10 19 24 8 14 20 27 15 23 17 26 18 28 11 22 9 21 12 25 16 30 13 29 22 23 24 26 25 28 27 0 9 14 29 4 8 15 3 11 10 19 7 17 5 16 1 13 30 12 6 20 2 18
1 2 3 5 4 7 6 10 19 24 8 14 20 27 15 23 17 26 18 28 11 22 9 21 12 25 16 30 13 29 26 27 28 30 29 1 0 4 13 18 2 8 12 19 7 15 14 23 11 21 9 20 5 17 3 16 10 24 6 22
1 2 3 5 4 7 6 10 19 24 8 14 20 27 15 23 17 26 18 28 11 22 9 21 12 25 16 30 13 29 5 6 7 9 8 11 10 14 24 29 12 18 21 28 17 25 22 0 20 30 23 3 15 27 13 26 19 2 16 1
1 2 3 5 4 7 6 10 19 24 8 14 20 27 15 23 17 26 18 28 11 22 9 21 12 25 16 30 13 29 6 7 8 10 9 12 11 15 25 30 13 19 22 29 18 26 23 1 21 0 24 4 16 28 14 27 20 3 17 2
1 2 3 5 4 7 6 10 19 24 8 14 20 27 15 23 17 26 18 28 11 22 9 21 12 25 16 30 13 29 9 10 11 13 12 15 14 18 28 2 16 22 25 1 21 29 26 4 24 3 27 7 19 0 17 30 23 6 20 5
1 2 3 5 4 7 6 10 19 24 8 14 20 27 15 23 17 26 18 28 11 22 9 21 12 25 16 30 13 29 10 11 12 14 13 16 15 19 29 3 17 23 26 2 22 30 27 5 25 4 28 8 20 1 18 0 24 7 21 6
1 2 3 5 4 7 6 10 19 24 8 14 20 27 15 23 17 26 18 28 11 22 9 21 12 25 16 30 13 29 16 17 18 20 19 22 21 25 4 9 23 29 1 8 28 5 2 11 0 10 3 14 26 7 24 6 30 13 27 12
1 2 3 5 4 7 6 10 19 24 8 14 20 27 15 23 17 26 18 28 11 22 9 21 12 25 16 30 13 29 17 18 19 21 20 23 22 26 5 10 24 30 2 9 29 6 3 12 1 11 4 15 27 8 25 7 0 14 28 13
1 2 3 5 4 7 6 10 19 24 8 14 20 27 15 23 17 26 18 28 11 22 9 21 12 25 16 30 13 29 21 22 23 25 24 27 26 30 9 14 28 3 6 13 2 10 7 16 5 15 8 19 0 12 29 11 4 18 1 17
1 2 3 5 4 7 6 10 19 24 8 14 20 27 15 23 17 26 18 28 11 22 9 21 12 25 16 30 13 29 23 24 25 27 26 29 28 1 11 16 30 5 8 15 4 12 9 18 7 17 10 21 2 14 0 13 6 20 3 19
1 2 3 5 4 7 6 10 19 24 8 14 20 27 15 23 17 26 18 28 11 22 9 21 12 25 16 30 13 29 25 26 27 29 28 0 30 3 13 18 1 7 10 17 6 14 11 20 9 19 12 23 4 16 2 15 8 22 5 21
1 2 3 5 4 7 6 10 19 24 8 14 20 27 15 23 17 26 18 28 11 22 9 21 12 25 16 30 13 29 27 28 29 0 30 2 1 5 15 20 3 9 12 19 8 16 13 22 11 21 14 25 6 18 4 17 10 24 7 23
1 2 3 5 4 7 6 10 19 24 8 14 20 27 15 23 17 26 18 28 11 22 9 21 12 25 16 30 13 29 29 30 0 2 1 4 3 7 17 22 5 11 14 21 10 18 15 24 13 23 16 27 8 20 6 19 12 26 9 25
1 2 3 5 4 7 6 10 19 24 8 14 20 27 15 23 17 26 18 28 11 22 9 21 12 25 16 30 13 29 5 6 7 9 8 11 10 14 23 28 12 18 22 29 17 25 21 30 24 3 20 0 15 27 13 26 19 2 16 1
1 2 3 5 4 7 6 10 19 24 8 14 20 27 15 23 17 26 18 28 11 22 9 21 12 25 16 30 13 29 11 12 13 15 14 17 16 20 29 3 18 24 28 4 23 0 27 5 30 9 26 6 21 2 19 1 25 8 22 7
1 2 3 5 4 7 6 10 19 24 8 14 20 27 15 23 17 26 18 28 11 22 9 21 12 25 16 30 13 29 13 14 15 17 16 19 18 22 0 5 20 26 30 6 25 2 29 7 1 11 28 8 23 4 21 3 27 10 24 9
1 2 3 5 4 7 6 10 19 24 8 14 20 27 15 23 17 26 18 28 11 22 9 21 12 25 16 30 13 29 16 17 18 20 19 22 21 25 3 8 23 29 2 9 28 5 1 10 4 14 0 11 26 7 24 6 30 13 27 12
1 2 3 5 4 7 6 10 19 24 8 14 20 27 15 23 17 26 18 28 11 22 9 21 12 25 16 30 13 29 17 18 19 21 20 23 22 26 4 9 24 30 3 10 29 6 2 11 5 15 1 12 27 8 25 7 0 14 28 13
1 2 3 5 4 7 6 10 19 24 8 14 20 27 15 23 17 26 18 28 11 22 9 21 12 25 16 30 13 29 19 20 21 23 22 25 24 28 6 11 26 1 5 12 0 8 4 13 7 17 3 14 29 10 27 9 2 16 30 15
1 2 3 5 4 7 6 10 19 24 8 14 20 27 15 23 17 26 18 28 11 22 9 21 12 25 16 30 13 29 21 22 23 25 24 27 26 30 8 13 28 3 7 14 2 10 6 15 9 19 5 16 0 12 29 11 4 18 1 17
1 2 3 5 4 7 6 10 19 24 8 14 20 27 15 23 17 26 18 28 11 22 9 21 12 25 16 30 13 29 23 24 25 27 26 29 28 1 10 15 30 5 9 16 4 12 8 17 11 21 7 18 2 14 0 13 6 20 3 19
1 2 3 5 4 7 6 10 19 24 8 14 20 27 15 23 17 26 18 28 11 22 9 21 12 25 16 30 13 29 24 25 26 28 27 30 29 2 11 16 0 6 10 17 5 13 9 18 12 22 8 19 3 15 1 14 7 21 4 20
1 2 3 5 4 7 6 10 19 24 8 14 20 27 15 23 17 26 18 28 11 22 9 21 12 25 16 30 13 29 26 27 28 30 29 1 0 4 13 18 2 8 12 19 7 15 11 20 14 24 10 21 5 17 3 16 9 23 6 22
1 2 3 5 4 7 6 10 19 24 8 14 20 27 15 23 17 26 18 28 11 22 9 21 12 25 16 30 13 29 29 30 0 2 1 4 3 7 16 21 5 11 15 22 10 18 14 23 17 27 13 24 8 20 6 19 12 26 9 25
1 2 3 5 4 7 6 10 19 24 8 14 20 27 15 23 17 26 18 28 11 22 9 21 12 25 16 30 13 29 0 1 2 4 3 6 5 9 18 23 7 13 17 24 12 20 16 25 19 29 15 26 10 22 8 21 14 28 11 27
1 2 3 5 4 7 6 10 19 24 8 14 20 27 15 23 17 26 18 28 11 22 9 21 12 25 16 30 13 29 5 6 7 9 8 11 10 14 20 25 12 18 23 30 21 29 22 0 24 3 17 28 15 27 13 26 19 2 16 1
1 2 3 5 4 7 6 10 19 24 8 14 20 27 15 23 17 26 18 28 11 22 9 21 12 25 16 30 13 29 6 7 8 10 9 12 11 15 21 26 13 19 24 0 22 30 23 1 25 4 18 29 16 28 14 27 20 3 17 2
1 2 3 5 4 7 6 10 19 24 8 14 20 27 15 23 17 26 18 28 11 22 9 21 12 25 16 30 13 29 8 9 10 12 11 14 13 17 23 28 15 21 26 2 24 1 25 3 27 6 20 0 18 30 16 29 22 5 19 4
1 2 3 5 4 7 6 10 19 24 8 14 20 27 15 23 17 26 18 28 11 22 9 21 12 25 16 30 13 29 16 17 18 20 19 22 21 25 0 5 23 29 3 10 1 9 2 11 4 14 28 8 26 7 24 6 30 13 27 12
1 2 3 5 4 7 6 10 19 24 8 14 20 27 15 23 17 26 18 28 11 22 9 21 12 25 16 30 13 29 21 22 23 25 24 27 26 30 5 10 28 3 8 15 6 14 7 16 9 19 2 13 0 12 29 11 4 18 1 17
1 2 3 5 4 7 6 10 19 24 8 14 20 27 15 23 17 26 18 28 11 22 9 21 12 25 16 30 13 29 23 24 25 27 26 29 28 1 7 12 30 5 10 17 8 16 9 18 11 21 4 15 2 14 0 13 6 20 3 19
1 2 3 5 4 7 6 10 19 24 8 14 20 27 15 23 17 26 18 28 11 22 9 21 12 25 16 30 13 29 26 27 28 30 29 1 0 4 10 15 2 8 13 20 11 19 12 21 14 24 7 18 5 17 3 16 9 23 6 22
1 2 3 5 4 7 6 10 19 24 8 14 20 27 15 23 17 26 18 28 11 22 9 21 12 25 16 30 13 29 27 28 29 0 30 2 1 5 11 16 3 9 14 21 12 20 13 22 15 25 8 19 6 18 4 17 10 24 7 23
1 2 3 5 4 7 6 10 19 24 8 14 20 27 15 23 17 26 18 28 11 22 9 21 12 25 16 30 13 29 29 30 0 2 1 4 3 7 13 18 5 11 16 23 14 22 15 24 17 27 10 21 8 20 6 19 12 26 9 25
1 2 3 5 4 7 6 10 19 24 8 14 20 27 15 23 17 26 18 28 11 22 9 21 12 25 16 30 13 29 5 6 7 9 8 11 10 14 20 25 12 18 22 29 23 0 21 30 24 3 17 28 15 27 13 26 19 2 16 1
1 2 3 5 4 7 6 10 19 24 8 14 20 27 15 23 17 26 18 28 11 22 9 21 12 25 16 30 13 29 6 7 8 10 9 12 11 15 21 26 13 19 23 30 24 1 22 0 25 4 18 29 16 28 14 27 20 3 17 2
1 2 3 5 4 7 6 10 19 24 8 14 20 27 15 23 17 26 18 28 11 22 9 21 12 25 16 30 13 29 9 10 11 13 12 15 14 18 24 29 16 22 26 2 27 4 25 3 28 7 21 1 19 0 17 30 23 6 20 5
1 2 3 5 4 7 6 10 19 24 8 14 20 27 15 23 17 26 18 28 11 22 9 21 12 25 16 30 13 29 11 12 13 15 14 17 16 20 26 0 18 24 28 4 29 6 27 5 30 9 23 3 21 2 19 1 25 8 22 7
1 2 3 5 4 7 6 10 19 24 8 14 20 27 15 23 17 26 18 28 11 22 9 21 12 25 16 30 13 29 15 16 17 19 18 21 20 24 30 4 22 28 1 8 2 10 0 9 3 13 27 7 25 6 23 5 29 12 26 11
1 2 3 5 4 7 6 10 19 24 8 14 20 27 15 23 17 26 18 28 11 22 9 21 12 25 16 30 13 29 16 17 18 20 19 22 21 25 0 5 23 29 2 9 3 11 1 10 4 14 28 8 26 7 24 6 30 13 27 12
1 2 3 5 4 7 6 10 19 24 8 14 20 27 15 23 17 26 18 28 11 22 9 21 12 25 16 30 13 29 19 20 21 23 22 25 24 28 3 8 26 1 5 12 6 14 4 13 7 17 0 11 29 10 27 9 2 16 30 15
1 2 3 5 4 7 6 10 19 24 8 14 20 27 15 23 17 26 18 28 11 22 9 21 12 25 16 30 13 29 21 22 23 25 24 27 26 30 5 10 28 3 7 14 8 16 6 15 9 19 2 13 0 12 29 11 4 18 1 17
1 2 3 5 4 7 6 10 19 24 8 14 20 27 15 23 17 26 18 28 11 22 9 21 12 25 16 30 13 29 23 24 25 27 26 29 28 1 7 12 30 5 9 16 10 18 8 17 11 21 4 15 2 14 0 13 6 20 3 19
1 2 3 5 4 7 6 10 19 24 8 14 20 27 15 23 17 26 18 28 11 22 9 21 12 25 16 30 13 29 25 26 27 29 28 0 30 3 9 14 1 7 11 18 12 20 10 19 13 23 6 17 4 16 2 15 8 22 5 21
1 2 3 5 4 7 6 10 19 24 8 14 20 27 15 23 17 26 18 28 11 22 9 21 12 25 16 30 13 29 26 27 28 30 29 1 0 4 10 15 2 8 12 19 13 21 11 20 14 24 7 18 5 17 3 16 9 23 6 22
1 2 3 5 4 7 6 10 19 24 8 14 20 27 15 23 17 26 18 28 11 22 9 21 12 25 16 30 13 29 27 28 29 0 30 2 1 5 11 16 3 9 13 20 14 22 12 21 15 25 8 19 6 18 4 17 10 24 7 23
1 2 3 5 4 7 6 10 19 24 8 14 20 27 15 23 17 26 18 28 11 22 9 21 12 25 16 30 13 29 29 30 0 2 1 4 3 7 13 18 5 11 15 22 16 24 14 23 17 27 10 21 8 20 6 19 12 26 9 25
1 2 3 5 4 7 6 10 19 24 8 14 20 27 15 23 17 26 18 28 11 22 9 21 12 25 16 30 13 29 0 1 2 4 3 6 5 9 15 20 7 13 17 24 18 26 16 25 19 29 12 23 10 22 8 21 14 28 11 27
1 2 3 5 4 7 6 10 19 24 8 14 20 27 15 23 17 26 18 28 11 22 9 21 12 25 16 30 13 29 6 7 8 10 9 12 11 15 21 26 13 19 24 0 22 30 20 29 25 4 23 3 16 28 14 27 18 1 17 2
1 2 3 5 4 7 6 10 19 24 8 14 20 27 15 23 17 26 18 28 11 22 9 21 12 25 16 30 13 29 11 12 13 15 14 17 16 20 26 0 18 24 29 5 27 4 25 3 30 9 28 8 21 2 19 1 23 6 22 7
1 2 3 5 4 7 6 10 19 24 8 14 20 27 15 23 17 26 18 28 11 22 9 21 12 25 16 30 13 29 23 24 25 27 26 29 28 1 7 12 30 5 10 17 8 16 6 15 11 21 9 20 2 14 0 13 4 18 3 19
1 2 3 5 4 7 6 10 19 24 8 14 20 27 15 23 17 26 18 28 11 22 9 21 12 25 16 30 13 29 26 27 28 30 29 1 0 4 10 15 2 8 13 20 11 19 9 18 14 24 12 23 5 17 3 16 7 21 6 22
1 2 3 5 4 7 6 10 19 24 8 14 20 27 15 23 17 26 18 28 11 22 9 21 12 25 16 30 13 29 5 6 7 9 8 11 10 14 20 25 12 18 21 28 22 30 24 2 19 29 23 3 15 27 13 26 17 0 16 1
1 2 3 5 4 7 6 10 19 24 8 14 20 27 15 23 17 26 18 28 11 22 9 21 12 25 16 30 13 29 6 7 8 10 9 12 11 15 21 26 13 19 22 29 23 0 25 3 20 30 24 4 16 28 14 27 18 1 17 2
1 2 3 5 4 7 6 10 19 24 8 14 20 27 15 23 17 26 18 28 11 22 9 21 12 25 16 30 13 29 10 11 12 14 13 16 15 19 25 30 17 23 26 2 27 4 29 7 24 3 28 8 20 1 18 0 22 5 21 6
1 2 3 5 4 7 6 10 19 24 8 14 20 27 15 23 17 26 18 28 11 22 9 21 12 25 16 30 13 29 13 14 15 17 16 19 18 22 28 2 20 26 29 5 30 7 1 10 27 6 0 11 23 4 21 3 25 8 24 9
1 2 3 5 4 7 6 10 19 24 8 14 20 27 15 23 17 26 18 28 11 22 9 21 12 25 16 30 13 29 15 16 17 19 18 21 20 24 30 4 22 28 0 7 1 9 3 12 29 8 2 13 25 6 23 5 27 10 26 11
1 2 3 5 4 7 6 10 19 24 8 14 20 27 15 23 17 26 18 28 11 22 9 21 12 25 16 30 13 29 16 17 18 20 19 22 21 25 0 5 23 29 1 8 2 10 4 13 30 9 3 14 26 7 24 6 28 11 27 12
1 2 3 5 4 7 6 10 19 24 8 14 20 27 15 23 17 26 18 28 11 22 9 21 12 25 16 30 13 29 19 20 21 23 22 25 24 28 3 8 26 1 4 11 5 13 7 16 2 12 6 17 29 10 27 9 0 14 30 15
1 2 3 5 4 7 6 10 19 24 8 14 20 27 15 23 17 26 18 28 11 22 9 21 12 25 16 30 13 29 23 24 25 27 26 29 28 1 7 12 30 5 8 15 9 17 11 20 6 16 10 21 2 14 0 13 4 18 3 19
1 2 3 5 4 7 6 10 19 24 8 14 20 27 15 23 17 26 18 28 11 22 9 21 12 25 16 30 13 29 25 26 27 29 28 0 30 3 9 14 1 7 10 17 11 19 13 22 8 18 12 23 4 16 2 15 6 20 5 21
1 2 3 5 4 7 6 10 19 24 8 14 20 27 15 23 17 26 18 28 11 22 9 21 12 25 16 30 13 29 26 27 28 30 29 1 0 4 10 15 2 8 11 18 12 20 14 23 9 19 13 24 5 17 3 16 7 21 6 22
1 2 3 5 4 7 6 10 19 24 8 14 20 27 15 23 17 26 18 28 11 22 9 21 12 25 16 30 13 29 10 11 12 14 13 16 15 19 28 2 17 23 29 5 24 1 21 30 25 4 26 6 27 8 18 0 20 3 22 7
1 2 3 5 4 7 6 10 19 24 8 14 20 27 15 23 17 26 18 28 11 22 9 21 12 25 16 30 13 29 12 13 14 16 15 18 17 21 30 4 19 25 0 7 26 3 23 1 27 6 28 8 29 10 20 2 22 5 24 9
1 2 3 5 4 7 6 10 19 24 8 14 20 27 15 23 17 26 18 28 11 22 9 21 12 25 16 30 13 29 13 14 15 17 16 19 18 22 0 5 20 26 1 8 27 4 24 2 28 7 29 9 30 11 21 3 23 6 25 10
1 2 3 5 4 7 6 10 19 24 8 14 20 27 15 23 17 26 18 28 11 22 9 21 12 25 16 30 13 29 14 15 16 18 17 20 19 23 1 6 21 27 2 9 28 5 25 3 29 8 30 10 0 12 22 4 24 7 26 11
1 2 3 5 4 7 6 10 19 24 8 14 20 27 15 23 17 26 18 28 11 22 9 21 12 25 16 30 13 29 15 16 17 19 18 21 20 24 2 7 22 28 3 10 29 6 26 4 30 9 0 11 1 13 23 5 25 8 27 12
1 2 3 5 4 7 6 10 19 24 8 14 20 27 15 23 17 26 18 28 11 22 9 21 12 25 16 30 13 29 16 17 18 20 19 22 21 25 3 8 23 29 4 11 30 7 27 5 0 10 1 12 2 14 24 6 26 9 28 13
1 2 3 5 4 7 6 10 19 24 8 14 20 27 15 23 17 26 18 28 11 22 9 21 12 25 16 30 13 29 17 18 19 21 20 23 22 26 4 9 24 30 5 12 0 8 28 6 1 11 2 13 3 15 25 7 27 10 29 14
1 2 3 5 4 7 6 10 19 24 8 14 20 27 15 23 17 26 18 28 11 22 9 21 12 25 16 30 13 29 18 19 20 22 21 24 23 27 5 10 25 0 6 13 1 9 29 7 2 12 3 14 4 16 26 8 28 11 30 15
1 2 3 5 4 7 6 10 19 24 8 14 20 27 15 23 17 26 18 28 11 22 9 21 12 25 16 30 13 29 21 22 23 25 24 27 26 30 8 13 28 3 9 16 4 12 1 10 5 15 6 17 7 19 29 11 0 14 2 18
1 2 3 5 4 7 6 10 19 24 8 14 20 27 15 23 17 26 18 28 11 22 9 21 12 25 16 30 13 29 10 11 12 14 13 16 15 19 28 2 17 23 25 1 29 6 21 30 26 5 24 4 27 8 18 0 20 3 22 7
1 2 3 5 4 7 6 10 19 24 8 14 20 27 15 23 17 26 18 28 11 22 9 21 12 25 16 30 13 29 11 12 13 15 14 17 16 20 29 3 18 24 26 2 30 7 22 0 27 6 25 5 28 9 19 1 21 4 23 8
1 2 3 5 4 7 6 10 19 24 8 14 20 27 15 23 17 26 18 28 11 22 9 21 12 25 16 30 13 29 15 16 17 19 18 21 20 24 2 7 22 28 30 6 3 11 26 4 0 10 29 9 1 13 23 5 25 8 27 12
1 2 3 5 4 7 6 10 19 24 8 14 20 27 15 23 17 26 18 28 11 22 9 21 12 25 16 30 13 29 16 17 18 20 19 22 21 25 3 8 23 29 0 7 4 12 27 5 1 11 30 10 2 14 24 6 26 9 28 13
1 2 3 5 4 7 6 10 19 24 8 14 20 27 15 23 17 26 18 28 11 22 9 21 12 25 16 30 13 29 17 18 19 21 20 23 22 26 4 9 24 30 1 8 5 13 28 6 2 12 0 11 3 15 25 7 27 10 29 14
1 2 3 5 4 7 6 10 19 24 8 14 20 27 15 23 17 26 18 28 11 22 9 21 12 25 16 30 13 29 18 19 20 22 21 24 23 27 5 10 25 0 2 9 6 14 29 7 3 13 1 12 4 16 26 8 28 11 30 15
1 2 3 5 4 7 6 10 19 24 8 14 20 27 15 23 17 26 18 28 11 22 9 21 12 25 16 30 13 29 21 22 23 25 24 27 26 30 8 13 28 3 5 12 9 17 1 10 6 16 4 15 7 19 29 11 0 14 2 18
1 2 3 5 4 7 6 10 19 24 8 14 20 27 15 23 17 26 18 28 11 22 9 21 12 25 16 30 13 29 24 25 26 28 27 30 29 2 11 16 0 6 8 15 12 20 4 13 9 19 7 18 10 22 1 14 3 17 5 21
1 2 3 5 4 7 6 10 19 24 8 14 20 27 15 23 17 26 18 28 11 22 9 21 12 25 16 30 13 29 26 27 28 30 29 1 0 4 13 18 2 8 10 17 14 22 6 15 11 21 9 20 12 24 3 16 5 19 7 23
1 2 3 5 4 7 6 10 19 24 8 14 20 27 15 23 17 26 18 28 11 22 9 21 12 25 16 30 13 29 29 30 0 2 1 4 3 7 16 21 5 11 13 20 17 25 9 18 14 24 12 23 15 27 6 19 8 22 10 26
1 2 3 5 4 7 6 10 19 24 8 14 20 27 15 23 17 26 18 28 11 22 9 21 12 25 16 30 13 29 5 6 7 9 8 11 10 14 22 27 12 18 21 28 23 0 16 25 24 3 19 30 20 1 13 26 15 29 17 2
1 2 3 5 4 7 6 10 19 24 8 14 20 27 15 23 17 26 18 28 11 22 9 21 12 25 16 30 13 29 7 8 9 11 10 13 12 16 24 29 14 20 23 30 25 2 18 27 26 5 21 1 22 3 15 28 17 0 19 4
1 2 3 5 4 7 6 10 19 24 8 14 20 27 15 23 17 26 18 28 11 22 9 21 12 25 16 30 13 29 10 11 12 14 13 16 15 19 27 1 17 23 26 2 28 5 21 30 29 8 24 4 25 6 18 0 20 3 22 7
1 2 3 5 4 7 6 10 19 24 8 14 20 27 15 23 17 26 18 28 11 22 9 21 12 25 16 30 13 29 13 14 15 17 16 19 18 22 30 4 20 26 29 5 0 8 24 2 1 11 27 7 28 9 21 3 23 6 25 10
1 2 3 5 4 7 6 10 19 24 8 14 20 27 15 23 17 26 18 28 11 22 9 21 12 25 16 30 13 29 14 15 16 18 17 20 19 23 0 5 21 27 30 6 1 9 25 3 2 12 28 8 29 10 22 4 24 7 26 11
1 2 3 5 4 7 6 10 19 24 8 14 20 27 15 23 17 26 18 28 11 22 9 21 12 25 16 30 13 29 20 21 22 24 23 26 25 29 6 11 27 2 5 12 7 15 0 9 8 18 3 14 4 16 28 10 30 13 1 17
1 2 3 5 4 7 6 10 19 24 8 14 20 27 15 23 17 26 18 28 11 22 9 21 12 25 16 30 13 29 23 24 25 27 26 29 28 1 9 14 30 5 8 15 10 18 3 12 11 21 6 17 7 19 0 13 2 16 4 20
1 2 3 5 4 7 6 10 19 24 8 14 20 27 15 23 17 26 18 28 11 22 9 21 12 25 16 30 13 29 26 27 28 30 29 1 0 4 12 17 2 8 11 18 13 21 6 15 14 24 9 20 10 22 3 16 5 19 7 23
1 2 3 5 4 7 6 10 19 24 8 14 20 27 15 23 17 26 18 28 11 22 9 21 12 25 16 30 13 29 0 1 2 4 3 6 5 9 17 22 7 13 16 23 18 26 11 20 19 29 14 25 15 27 8 21 10 24 12 28
1 2 3 5 4 7 6 10 19 24 8 14 20 27 15 23 17 26 18 28 11 22 9 21 12 25 16 30 13 29 8 9 10 12 11 14 13 17 26 0 15 21 23 30 25 2 19 28 27 6 24 4 22 3 16 29 18 1 20 5
1 2 3 5 4 7 6 10 19 24 8 14 20 27 15 23 17 26 18 28 11 22 9 21 12 25 16 30 13 29 12 13 14 16 15 18 17 21 30 4 19 25 27 3 29 6 23 1 0 10 28 8 26 7 20 2 22 5 24 9
1 2 3 5 4 7 6 10 19 24 8 14 20 27 15 23 17 26 18 28 11 22 9 21 12 25 16 30 13 29 14 15 16 18 17 20 19 23 1 6 21 27 29 5 0 8 25 3 2 12 30 10 28 9 22 4 24 7 26 11
1 2 3 5 4 7 6 10 19 24 8 14 20 27 15 23 17 26 18 28 11 22 9 21 12 25 16 30 13 29 18 19 20 22 21 24 23 27 5 10 25 0 2 9 4 12 29 7 6 16 3 14 1 13 26 8 28 11 30 15
1 2 3 5 4 7 6 10 19 24 8 14 20 27 15 23 17 26 18 28 11 22 9 21 12 25 16 30 13 29 24 25 26 28 27 30 29 2 11 16 0 6 8 15 10 18 4 13 12 22 9 20 7 19 1 14 3 17 5 21
1 2 3 5 4 7 6 10 19 24 8 14 20 27 15 23 17 26 18 28 11 22 9 21 12 25 16 30 13 29 28 29 30 1 0 3 2 6 15 20 4 10 12 19 14 22 8 17 16 26 13 24 11 23 5 18 7 21 9 25
1 2 3 5 4 7 6 10 19 24 8 14 20 27 15 23 17 26 18 28 11 22 9 21 12 25 16 30 13 29 0 1 2 4 3 6 5 9 18 23 7 13 15 22 17 25 11 20 19 29 16 27 14 26 8 21 10 24 12 28
1 2 3 5 4 7 6 10 19 24 8 14 20 27 15 23 17 26 18 28 11 22 9 21 12 25 16 30 13 29 5 6 7 9 8 11 10 14 22 27 12 18 23 30 20 28 16 25 24 3 21 1 19 0 13 26 15 29 17 2
1 2 3 5 4 7 6 10 19 24 8 14 20 27 15 23 17 26 18 28 11 22 9 21 12 25 16 30 13 29 8 9 10 12 11 14 13 17 25 30 15 21 26 2 23 0 19 28 27 6 24 4 22 3 16 29 18 1 20 5
1 2 3 5 4 7 6 10 19 24 8 14 20 27 15 23 17 26 18 28 11 22 9 21 12 25 16 30 13 29 10 11 12 14 13 16 15 19 27 1 17 23 28 4 25 2 21 30 29 8 26 6 24 5 18 0 20 3 22 7
1 2 3 5 4 7 6 10 19 24 8 14 20 27 15 23 17 26 18 28 11 22 9 21 12 25 16 30 13 29 12 13 14 16 15 18 17 21 29 3 19 25 30 6 27 4 23 1 0 10 28 8 26 7 20 2 22 5 24 9
1 2 3 5 4 7 6 10 19 24 8 14 20 27 15 23 17 26 18 28 11 22 9 21 12 25 16 30 13 29 13 14 15 17 16 19 18 22 30 4 20 26 0 7 28 5 24 2 1 11 29 9 27 8 21 3 23 6 25 10
1 2 3 5 4 7 6 10 19 24 8 14 20 27 15 23 17 26 18 28 11 22 9 21 12 25 16 30 13 29 14 15 16 18 17 20 19 23 0 5 21 27 1 8 29 6 25 3 2 12 30 10 28 9 22 4 24 7 26 11
1 2 3 5 4 7 6 10 19 24 8 14 20 27 15 23 17 26 18 28 11 22 9 21 12 25 16 30 13 29 15 16 17 19 18 21 20 24 1 6 22 28 2 9 30 7 26 4 3 13 0 11 29 10 23 5 25 8 27 12
1 2 3 5 4 7 6 10 19 24 8 14 20 27 15 23 17 26 18 28 11 22 9 21 12 25 16 30 13 29 16 17 18 20 19 22 21 25 2 7 23 29 3 10 0 8 27 5 4 14 1 12 30 11 24 6 26 9 28 13
1 2 3 5 4 7 6 10 19 24 8 14 20 27 15 23 17 26 18 28 11 22 9 21 12 25 16 30 13 29 17 18 19 21 20 23 22 26 3 8 24 30 4 11 1 9 28 6 5 15 2 13 0 12 25 7 27 10 29 14
1 2 3 5 4 7 6 10 19 24 8 14 20 27 15 23 17 26 18 28 11 22 9 21 12 25 16 30 13 29 20 21 22 24 23 26 25 29 6 11 27 2 7 14 4 12 0 9 8 18 5 16 3 15 28 10 30 13 1 17
1 2 3 5 4 7 6 10 19 24 8 14 20 27 15 23 17 26 18 28 11 22 9 21 12 25 16 30 13 29 21 22 23 25 24 27 26 30 7 12 28 3 8 15 5 13 1 10 9 19 6 17 4 16 29 11 0 14 2 18
1 2 3 5 4 7 6 10 19 24 8 14 20 27 15 23 17 26 18 28 11 22 9 21 12 25 16 30 13 29 23 24 25 27 26 29 28 1 9 14 30 5 10 17 7 15 3 12 11 21 8 19 6 18 0 13 2 16 4 20
1 2 3 5 4 7 6 10 19 24 8 14 20 27 15 23 17 26 18 28 11 22 9 21 12 25 16 30 13 29 25 26 27 29 28 0 30 3 11 16 1 7 12 19 9 17 5 14 13 23 10 21 8 20 2 15 4 18 6 22
1 2 3 5 4 7 6 10 19 24 8 14 20 27 15 23 17 26 18 28 11 22 9 21 12 25 16 30 13 29 29 30 0 2 1 4 3 7 15 20 5 11 16 23 13 21 9 18 17 27 14 25 12 24 6 19 8 22 10 26
1 2 3 5 4 7 6 10 19 24 8 14 20 27 15 23 17 26 18 28 11 22 9 21 12 25 16 30 13 29 5 6 7 9 8 11 10 14 22 27 12 18 21 28 24 1 16 25 20 30 23 3 19 0 13 26 15 29 17 2
1 2 3 5 4 7 6 10 19 24 8 14 20 27 15 23 17 26 18 28 11 22 9 21 12 25 16 30 13 29 12 13 14 16 15 18 17 21 29 3 19 25 28 4 0 8 23 1 27 6 30 10 26 7 20 2 22 5 24 9
1 2 3 5 4 7 6 10 19 24 8 14 20 27 15 23 17 26 18 28 11 22 9 21 12 25 16 30 13 29 13 14 15 17 16 19 18 22 30 4 20 26 29 5 1 9 24 2 28 7 0 11 27 8 21 3 23 6 25 10
1 2 3 5 4 7 6 10 19 24 8 14 20 27 15 23 17 26 18 28 11 22 9 21 12 25 16 30 13 29 14 15 16 18 17 20 19 23 0 5 21 27 30 6 2 10 25 3 29 8 1 12 28 9 22 4 24 7 26 11
1 2 3 5 4 7 6 10 19 24 8 14 20 27 15 23 17 26 18 28 11 22 9 21 12 25 16 30 13 29 16 17 18 20 19 22 21 25 2 7 23 29 1 8 4 12 27 5 0 10 3 14 30 11 24 6 26 9 28 13
1 2 3 5 4 7 6 10 19 24 8 14 20 27 15 23 17 26 18 28 11 22 9 21 12 25 16 30 13 29 18 19 20 22 21 24 23 27 4 9 25 0 3 10 6 14 29 7 2 12 5 16 1 13 26 8 28 11 30 15
1 2 3 5 4 7 6 10 19 24 8 14 20 27 15 23 17 26 18 28 11 22 9 21 12 25 16 30 13 29 19 20 21 23 22 25 24 28 5 10 26 1 4 11 7 15 30 8 3 13 6 17 2 14 27 9 29 12 0 16
1 2 3 5 4 7 6 10 19 24 8 14 20 27 15 23 17 26 18 28 11 22 9 21 12 25 16 30 13 29 20 21 22 24 23 26 25 29 6 11 27 2 5 12 8 16 0 9 4 14 7 18 3 15 28 10 30 13 1 17
1 2 3 5 4 7 6 10 19 24 8 14 20 27 15 23 17 26 18 28 11 22 9 21 12 25 16 30 13 29 23 24 25 27 26 29 28 1 9 14 30 5 8 15 11 19 3 12 7 17 10 21 6 18 0 13 2 16 4 20
1 2 3 5 4 7 6 10 19 24 8 14 20 27 15 23 17 26 18 28 11 22 9 21 12 25 16 30 13 29 25 26 27 29 28 0 30 3 11 16 1 7 10 17 13 21 5 14 9 19 12 23 8 20 2 15 4 18 6 22
1 2 3 5 4 7 6 10 19 24 8 14 20 27 15 23 17 26 18 28 11 22 9 21 12 25 16 30 13 29 7 8 9 11 10 13 12 16 22 27 14 20 25 1 26 3 21 30 23 2 18 29 24 5 15 28 17 0 19 4
1 2 3 5 4 7 6 10 19 24 8 14 20 27 15 23 17 26 18 28 11 22 9 21 12 25 16 30 13 29 10 11 12 14 13 16 15 19 25 30 17 23 28 4 29 6 24 2 26 5 21 1 27 8 18 0 20 3 22 7
1 2 3 5 4 7 6 10 19 24 8 14 20 27 15 23 17 26 18 28 11 22 9 21 12 25 16 30 13 29 11 12 13 15 14 17 16 20 26 0 18 24 29 5 30 7 25 3 27 6 22 2 28 9 19 1 21 4 23 8
1 2 3 5 4 7 6 10 19 24 8 14 20 27 15 23 17 26 18 28 11 22 9 21 12 25 16 30 13 29 16 17 18 20 19 22 21 25 0 5 23 29 3 10 4 12 30 8 1 11 27 7 2 14 24 6 26 9 28 13
1 2 3 5 4 7 6 10 19 24 8 14 20 27 15 23 17 26 18 28 11 22 9 21 12 25 16 30 13 29 18 19 20 22 21 24 23 27 2 7 25 0 5 12 6 14 1 10 3 13 29 9 4 16 26 8 28 11 30 15
1 2 3 5 4 7 6 10 19 24 8 14 20 27 15 23 17 26 18 28 11 22 9 21 12 25 16 30 13 29 19 20 21 23 22 25 24 28 3 8 26 1 6 13 7 15 2 11 4 14 30 10 5 17 27 9 29 12 0 16
1 2 3 5 4 7 6 10 19 24 8 14 20 27 15 23 17 26 18 28 11 22 9 21 12 25 16 30 13 29 21 22 23 25 24 27 26 30 5 10 28 3 8 15 9 17 4 13 6 16 1 12 7 19 29 11 0 14 2 18
1 2 3 5 4 7 6 10 19 24 8 14 20 27 15 23 17 26 18 28 11 22 9 21 12 25 16 30 13 29 22 23 24 26 25 28 27 0 6 11 29 4 9 16 10 18 5 14 7 17 2 13 8 20 30 12 1 15 3 19
1 2 3 5 4 7 6 10 19 24 8 14 20 27 15 23 17 26 18 28 11 22 9 21 12 25 16 30 13 29 26 27 28 30 29 1 0 4 10 15 2 8 13 20 14 22 9 18 11 21 6 17 12 24 3 16 5 19 7 23
1 2 3 5 4 7 6 10 19 24 8 14 20 27 15 23 17 26 18 28 11 22 9 21 12 25 16 30 13 29 29 30 0 2 1 4 3 7 13 18 5 11 16 23 17 25 12 21 14 24 9 20 15 27 6 19 8 22 10 26
1 2 3 5 4 7 6 10 19 24 8 14 20 27 15 23 17 26 18 28 11 22 9 21 12 25 16 30 13 29 11 12 13 15 14 17 16 20 26 0 18 24 27 3 28 5 29 7 30 9 22 2 25 6 19 1 21 4 23 8
1 2 3 5 4 7 6 10 19 24 8 14 20 27 15 23 17 26 18 28 11 22 9 21 12 25 16 30 13 29 14 15 16 18 17 20 19 23 29 3 21 27 30 6 0 8 1 10 2 12 25 5 28 9 22 4 24 7 26 11
1 2 3 5 4 7 6 10 19 24 8 14 20 27 15 23 17 26 18 28 11 22 9 21 12 25 16 30 13 29 16 17 18 20 19 22 21 25 0 5 23 29 1 8 2 10 3 12 4 14 27 7 30 11 24 6 26 9 28 13
1 2 3 5 4 7 6 10 19 24 8 14 20 27 15 23 17 26 18 28 11 22 9 21 12 25 16 30 13 29 17 18 19 21 20 23 22 26 1 6 24 30 2 9 3 11 4 13 5 15 28 8 0 12 25 7 27 10 29 14
1 2 3 5 4 7 6 10 19 24 8 14 20 27 15 23 17 26 18 28 11 22 9 21 12 25 16 30 13 29 18 19 20 22 21 24 23 27 2 7 25 0 3 10 4 12 5 14 6 16 29 9 1 13 26 8 28 11 30 15
1 2 3 5 4 7 6 10 19 24 8 14 20 27 15 23 17 26 18 28 11 22 9 21 12 25 16 30 13 29 21 22 23 25 24 27 26 30 5 10 28 3 6 13 7 15 8 17 9 19 1 12 4 16 29 11 0 14 2 18
1 2 3 5 4 7 6 10 19 24 8 14 20 27 15 23 17 26 18 28 11 22 9 21 12 25 16 30 13 29 2 3 4 6 5 8 7 11 17 22 9 15 21 28 16 24 18 27 19 29 20 0 13 25 10 23 12 26 14 30
1 2 3 5 4 7 6 10 19 24 8 14 20 27 15 23 17 26 18 28 11 22 9 21 12 25 16 30 13 29 7 8 9 11 10 13 12 16 22 27 14 20 26 2 21 29 23 1 24 3 25 5 18 30 15 28 17 0 19 4
1 2 3 5 4 7 6 10 19 24 8 14 20 27 15 23 17 26 18 28 11 22 9 21 12 25 16 30 13 29 10 11 12 14 13 16 15 19 25 30 17 23 29 5 24 1 26 4 27 6 28 8 21 2 18 0 20 3 22 7
1 2 3 5 4 7 6 10 19 24 8 14 20 27 15 23 17 26 18 28 11 22 9 21 12 25 16 30 13 29 11 12 13 15 14 17 16 20 26 0 18 24 30 6 25 2 27 5 28 7 29 9 22 3 19 1 21 4 23 8
1 2 3 5 4 7 6 10 19 24 8 14 20 27 15 23 17 26 18 28 11 22 9 21 12 25 16 30 13 29 14 15 16 18 17 20 19 23 29 3 21 27 2 9 28 5 30 8 0 10 1 12 25 6 22 4 24 7 26 11
1 2 3 5 4 7 6 10 19 24 8 14 20 27 15 23 17 26 18 28 11 22 9 21 12 25 16 30 13 29 15 16 17 19 18 21 20 24 30 4 22 28 3 10 29 6 0 9 1 11 2 13 26 7 23 5 25 8 27 12
1 2 3 5 4 7 6 10 19 24 8 14 20 27 15 23 17 26 18 28 11 22 9 21 12 25 16 30 13 29 17 18 19 21 20 23 22 26 1 6 24 30 5 12 0 8 2 11 3 13 4 15 28 9 25 7 27 10 29 14
1 2 3 5 4 7 6 10 19 24 8 14 20 27 15 23 17 26 18 28 11 22 9 21 12 25 16 30 13 29 20 21 22 24 23 26 25 29 4 9 27 2 8 15 3 11 5 14 6 16 7 18 0 12 28 10 30 13 1 17
1 2 3 5 4 7 6 10 19 24 8 14 20 27 15 23 17 26 18 28 11 22 9 21 12 25 16 30 13 29 26 27 28 30 29 1 0 4 10 15 2 8 14 21 9 17 11 20 12 22 13 24 6 18 3 16 5 19 7 23
1 2 3 5 4 7 6 10 19 24 8 14 20 27 15 23 17 26 18 28 11 22 9 21 12 25 16 30 13 29 5 6 7 9 8 11 10 14 20 25 12 18 23 30 19 27 22 0 24 3 21 1 16 28 13 26 15 29 17 2
1 2 3 5 4 7 6 10 19 24 8 14 20 27 15 23 17 26 18 28 11 22 9 21 12 25 16 30 13 29 7 8 9 11 10 13 12 16 22 27 14 20 25 1 21 29 24 2 26 5 23 3 18 30 15 28 17 0 19 4
1 2 3 5 4 7 6 10 19 24 8 14 20 27 15 23 17 26 18 28 11 22 9 21 12 25 16 30 13 29 14 15 16 18 17 20 19 23 29 3 21 27 1 8 28 5 0 9 2 12 30 10 25 6 22 4 24 7 26 11
1 2 3 5 4 7 6 10 19 24 8 14 20 27 15 23 17 26 18 28 11 22 9 21 12 25 16 30 13 29 15 16 17 19 18 21 20 24 30 4 22 28 2 9 29 6 1 10 3 13 0 11 26 7 23 5 25 8 27 12
1 2 3 5 4 7 6 10 19 24 8 14 20 27 15 23 17 26 18 28 11 22 9 21 12 25 16 30 13 29 16 17 18 20 19 22 21 25 0 5 23 29 3 10 30 7 2 11 4 14 1 12 27 8 24 6 26 9 28 13
1 2 3 5 4 7 6 10 19 24 8 14 20 27 15 23 17 26 18 28 11 22 9 21 12 25 16 30 13 29 17 18 19 21 20 23 22 26 1 6 24 30 4 11 0 8 3 12 5 15 2 13 28 9 25 7 27 10 29 14
1 2 3 5 4 7 6 10 19 24 8 14 20 27 15 23 17 26 18 28 11 22 9 21 12 25 16 30 13 29 21 22 23 25 24 27 26 30 5 10 28 3 8 15 4 12 7 16 9 19 6 17 1 13 29 11 0 14 2 18
1 2 3 5 4 7 6 10 19 24 8 14 20 27 15 23 17 26 18 28 11 22 9 21 12 25 16 30 13 29 22 23 24 26 25 28 27 0 6 11 29 4 9 16 5 13 8 17 10 20 7 18 2 14 30 12 1 15 3 19
1 2 3 5 4 7 6 10 19 24 8 14 20 27 15 23 17 26 18 28 11 22 9 21 12 25 16 30 13 29 25 26 27 29 28 0 30 3 9 14 1 7 12 19 8 16 11 20 13 23 10 21 5 17 2 15 4 18 6 22
1 2 3 5 4 7 6 10 19 24 8 14 20 27 15 23 17 26 18 28 11 22 9 21 12 25 16 30 13 29 5 6 7 9 8 11 10 14 22 27 12 18 24 0 17 25 19 28 20 30 23 3 21 2 13 26 15 29 16 1
1 2 3 5 4 7 6 10 19 24 8 14 20 27 15 23 17 26 18 28 11 22 9 21 12 25 16 30 13 29 7 8 9 11 10 13 12 16 24 29 14 20 26 2 19 27 21 30 22 1 25 5 23 4 15 28 17 0 18 3
1 2 3 5 4 7 6 10 19 24 8 14 20 27 15 23 17 26 18 28 11 22 9 21 12 25 16 30 13 29 9 10 11 13 12 15 14 18 26 0 16 22 28 4 21 29 23 1 24 3 27 7 25 6 17 30 19 2 20 5
1 2 3 5 4 7 6 10 19 24 8 14 20 27 15 23 17 26 18 28 11 22 9 21 12 25 16 30 13 29 10 11 12 14 13 16 15 19 27 1 17 23 29 5 22 30 24 2 25 4 28 8 26 7 18 0 20 3 21 6
1 2 3 5 4 7 6 10 19 24 8 14 20 27 15 23 17 26 18 28 11 22 9 21 12 25 16 30 13 29 12 13 14 16 15 18 17 21 29 3 19 25 0 7 24 1 26 4 27 6 30 10 28 9 20 2 22 5 23 8
1 2 3 5 4 7 6 10 19 24 8 14 20 27 15 23 17 26 18 28 11 22 9 21 12 25 16 30 13 29 13 14 15 17 16 19 18 22 30 4 20 26 1 8 25 2 27 5 28 7 0 11 29 10 21 3 23 6 24 9
1 2 3 5 4 7 6 10 19 24 8 14 20 27 15 23 17 26 18 28 11 22 9 21 12 25 16 30 13 29 14 15 16 18 17 20 19 23 0 5 21 27 2 9 26 3 28 6 29 8 1 12 30 11 22 4 24 7 25 10
1 2 3 5 4 7 6 10 19 24 8 14 20 27 15 23 17 26 18 28 11 22 9 21 12 25 16 30 13 29 23 24 25 27 26 29 28 1 9 14 30 5 11 18 4 12 6 15 7 17 10 21 8 20 0 13 2 16 3 19
1 2 3 5 4 7 6 10 19 24 8 14 20 27 15 23 17 26 18 28 11 22 9 21 12 25 16 30 13 29 27 28 29 0 30 2 1 5 13 18 3 9 15 22 8 16 10 19 11 21 14 25 12 24 4 17 6 20 7 23
1 2 3 5 4 7 6 10 19 24 8 14 20 27 15 23 17 26 18 28 11 22 9 21 12 25 16 30 13 29 5 6 7 9 8 11 10 14 22 27 12 18 23 30 17 25 19 28 24 3 20 0 21 2 13 26 15 29 16 1
1 2 3 5 4 7 6 10 19 24 8 14 20 27 15 23 17 26 18 28 11 22 9 21 12 25 16 30 13 29 10 11 12 14 13 16 15 19 27 1 17 23 28 4 22 30 24 2 29 8 25 5 26 7 18 0 20 3 21 6
1 2 3 5 4 7 6 10 19 24 8 14 20 27 15 23 17 26 18 28 11 22 9 21 12 25 16 30 13 29 12 13 14 16 15 18 17 21 29 3 19 25 30 6 24 1 26 4 0 10 27 7 28 9 20 2 22 5 23 8
1 2 3 5 4 7 6 10 19 24 8 14 20 27 15 23 17 26 18 28 11 22 9 21 12 25 16 30 13 29 13 14 15 17 16 19 18 22 30 4 20 26 0 7 25 2 27 5 1 11 28 8 29 10 21 3 23 6 24 9
1 2 3 5 4 7 6 10 19 24 8 14 20 27 15 23 17 26 18 28 11 22 9 21 12 25 16 30 13 29 16 17 18 20 19 22 21 25 2 7 23 29 3 10 28 5 30 8 4 14 0 11 1 13 24 6 26 9 27 12
1 2 3 5 4 7 6 10 19 24 8 14 20 27 15 23 17 26 18 28 11 22 9 21 12 25 16 30 13 29 18 19 20 22 21 24 23 27 4 9 25 0 5 12 30 7 1 10 6 16 2 13 3 15 26 8 28 11 29 14
1 2 3 5 4 7 6 10 19 24 8 14 20 27 15 23 17 26 18 28 11 22 9 21 12 25 16 30 13 29 19 20 21 23 22 25 24 28 5 10 26 1 6 13 0 8 2 11 7 17 3 14 4 16 27 9 29 12 30 15
1 2 3 5 4 7 6 10 19 24 8 14 20 27 15 23 17 26 18 28 11 22 9 21 12 25 16 30 13 29 22 23 24 26 25 28 27 0 8 13 29 4 9 16 3 11 5 14 10 20 6 17 7 19 30 12 1 15 2 18
1 2 3 5 4 7 6 10 19 24 8 14 20 27 15 23 17 26 18 28 11 22 9 21 12 25 16 30 13 29 23 24 25 27 26 29 28 1 9 14 30 5 10 17 4 12 6 15 11 21 7 18 8 20 0 13 2 16 3 19
1 2 3 5 4 7 6 10 19 24 8 14 20 27 15 23 17 26 18 28 11 22 9 21 12 25 16 30 13 29 25 26 27 29 28 0 30 3 11 16 1 7 12 19 6 14 8 17 13 23 9 20 10 22 2 15 4 18 5 21
1 2 3 5 4 7 6 10 19 24 8 14 20 27 15 23 17 26 18 28 11 22 9 21 12 25 16 30 13 29 26 27 28 30 29 1 0 4 12 17 2 8 13 20 7 15 9 18 14 24 10 21 11 23 3 16 5 19 6 22
1 2 3 5 4 7 6 10 19 24 8 14 20 27 15 23 17 26 18 28 11 22 9 21 12 25 16 30 13 29 0 1 2 4 3 6 5 9 17 22 7 13 18 25 12 20 14 23 19 29 15 26 16 28 8 21 10 24 11 27
1 2 3 5 4 7 6 10 19 24 8 14 20 27 15 23 17 26 18 28 11 22 9 21 12 25 16 30 13 29 9 10 11 13 12 15 14 18 27 1 16 22 24 0 21 29 28 6 25 4 23 3 26 7 17 30 19 2 20 5
1 2 3 5 4 7 6 10 19 24 8 14 20 27 15 23 17 26 18 28 11 22 9 21 12 25 16 30 13 29 10 11 12 14 13 16 15 19 28 2 17 23 25 1 22 30 29 7 26 5 24 4 27 8 18 0 20 3 21 6
1 2 3 5 4 7 6 10 19 24 8 14 20 27 15 23 17 26 18 28 11 22 9 21 12 25 16 30 13 29 11 12 13 15 14 17 16 20 29 3 18 24 26 2 23 0 30 8 27 6 25 5 28 9 19 1 21 4 22 7
1 2 3 5 4 7 6 10 19 24 8 14 20 27 15 23 17 26 18 28 11 22 9 21 12 25 16 30 13 29 14 15 16 18 17 20 19 23 1 6 21 27 29 5 26 3 2 11 30 9 28 8 0 12 22 4 24 7 25 10
1 2 3 5 4 7 6 10 19 24 8 14 20 27 15 23 17 26 18 28 11 22 9 21 12 25 16 30 13 29 17 18 19 21 20 23 22 26 4 9 24 30 1 8 29 6 5 14 2 12 0 11 3 15 25 7 27 10 28 13
1 2 3 5 4 7 6 10 19 24 8 14 20 27 15 23 17 26 18 28 11 22 9 21 12 25 16 30 13 29 27 28 29 0 30 2 1 5 14 19 3 9 11 18 8 16 15 24 12 22 10 21 13 25 4 17 6 20 7 23
1 2 3 5 4 7 6 10 19 24 8 14 20 27 15 23 17 26 18 28 11 22 9 21 12 25 16 30 13 29 8 9 10 12 11 14 13 17 26 0 15 21 23 30 20 28 25 3 27 6 22 2 24 5 16 29 18 1 19 4
1 2 3 5 4 7 6 10 19 24 8 14 20 27 15 23 17 26 18 28 11 22 9 21 12 25 16 30 13 29 9 10 11 13 12 15 14 18 27 1 16 22 24 0 21 29 26 4 28 7 23 3 25 6 17 30 19 2 20 5
1 2 3 5 4 7 6 10 19 24 8 14 20 27 15 23 17 26 18 28 11 22 9 21 12 25 16 30 13 29 11 12 13 15 14 17 16 20 29 3 18 24 26 2 23 0 28 6 30 9 25 5 27 8 19 1 21 4 22 7
1 2 3 5 4 7 6 10 19 24 8 14 20 27 15 23 17 26 18 28 11 22 9 21 12 25 16 30 13 29 12 13 14 16 15 18 17 21 30 4 19 25 27 3 24 1 29 7 0 10 26 6 28 9 20 2 22 5 23 8
1 2 3 5 4 7 6 10 19 24 8 14 20 27 15 23 17 26 18 28 11 22 9 21 12 25 16 30 13 29 13 14 15 17 16 19 18 22 0 5 20 26 28 4 25 2 30 8 1 11 27 7 29 10 21 3 23 6 24 9
1 2 3 5 4 7 6 10 19 24 8 14 20 27 15 23 17 26 18 28 11 22 9 21 12 25 16 30 13 29 16 17 18 20 19 22 21 25 3 8 23 29 0 7 28 5 2 11 4 14 30 10 1 13 24 6 26 9 27 12
1 2 3 5 4 7 6 10 19 24 8 14 20 27 15 23 17 26 18 28 11 22 9 21 12 25 16 30 13 29 18 19 20 22 21 24 23 27 5 10 25 0 2 9 30 7 4 13 6 16 1 12 3 15 26 8 28 11 29 14
1 2 3 5 4 7 6 10 19 24 8 14 20 27 15 23 17 26 18 28 11 22 9 21 12 25 16 30 13 29 19 20 21 23 22 25 24 28 6 11 26 1 3 10 0 8 5 14 7 17 2 13 4 16 27 9 29 12 30 15
1 2 3 5 4 7 6 10 19 24 8 14 20 27 15 23 17 26 18 28 11 22 9 21 12 25 16 30 13 29 27 28 29 0 30 2 1 5 14 19 3 9 11 18 8 16 13 22 15 25 10 21 12 24 4 17 6 20 7 23
1 2 3 5 4 7 6 10 19 24 8 14 20 27 15 23 17 26 18 28 11 22 9 21 12 25 16 30 13 29 29 30 0 2 1 4 3 7 16 21 5 11 13 20 10 18 15 24 17 27 12 23 14 26 6 19 8 22 9 25
1 2 3 5 4 7 6 10 19 24 8 14 20 27 15 23 17 26 18 28 11 22 9 21 12 25 16 30 13 29 8 9 10 12 11 14 13 17 26 0 15 21 23 30 20 28 24 2 27 6 25 5 22 3 16 29 18 1 19 4
1 2 3 5 4 7 6 10 19 24 8 14 20 27 15 23 17 26 18 28 11 22 9 21 12 25 16 30 13 29 12 13 14 16 15 18 17 21 30 4 19 25 27 3 24 1 28 6 0 10 29 9 26 7 20 2 22 5 23 8
1 2 3 5 4 7 6 10 19 24 8 14 20 27 15 23 17 26 18 28 11 22 9 21 12 25 16 30 13 29 13 14 15 17 16 19 18 22 0 5 20 26 28 4 25 2 29 7 1 11 30 10 27 8 21 3 23 6 24 9
1 2 3 5 4 7 6 10 19 24 8 14 20 27 15 23 17 26 18 28 11 22 9 21 12 25 16 30 13 29 16 17 18 20 19 22 21 25 3 8 23 29 0 7 28 5 1 10 4 14 2 13 30 11 24 6 26 9 27 12
1 2 3 5 4 7 6 10 19 24 8 14 20 27 15 23 17 26 18 28 11 22 9 21 12 25 16 30 13 29 18 19 20 22 21 24 23 27 5 10 25 0 2 9 30 7 3 12 6 16 4 15 1 13 26 8 28 11 29 14
1 2 3 5 4 7 6 10 19 24 8 14 20 27 15 23 17 26 18 28 11 22 9 21 12 25 16 30 13 29 19 20 21 23 22 25 24 28 6 11 26 1 3 10 0 8 4 13 7 17 5 16 2 14 27 9 29 12 30 15
1 2 3 5 4 7 6 10 19 24 8 14 20 27 15 23 17 26 18 28 11 22 9 21 12 25 16 30 13 29 22 23 24 26 25 28 27 0 9 14 29 4 6 13 3 11 7 16 10 20 8 19 5 17 30 12 1 15 2 18
1 2 3 5 4 7 6 10 19 24 8 14 20 27 15 23 17 26 18 28 11 22 9 21 12 25 16 30 13 29 29 30 0 2 1 4 3 7 16 21 5 11 13 20 10 18 14 23 17 27 15 26 12 24 6 19 8 22 9 25
1 2 3 5 4 7 6 10 19 24 8 14 20 27 15 23 17 26 18 28 11 22 9 21 12 25 16 30 13 29 0 1 2 4 3 6 5 9 18 23 7 13 15 22 12 20 16 25 19 29 17 28 14 26 8 21 10 24 11 27
1 2 3 5 4 7 6 10 19 24 8 14 20 27 15 23 17 26 18 28 11 22 9 21 12 25 16 30 13 29 5 6 7 9 8 11 10 14 22 27 12 18 21 28 17 25 24 2 20 30 23 3 19 0 13 26 15 29 16 1
1 2 3 5 4 7 6 10 19 24 8 14 20 27 15 23 17 26 18 28 11 22 9 21 12 25 16 30 13 29 12 13 14 16 15 18 17 21 29 3 19 25 28 4 24 1 0 9 27 6 30 10 26 7 20 2 22 5 23 8
1 2 3 5 4 7 6 10 19 24 8 14 20 27 15 23 17 26 18 28 11 22 9 21 12 25 16 30 13 29 13 14 15 17 16 19 18 22 30 4 20 26 29 5 25 2 1 10 28 7 0 11 27 8 21 3 23 6 24 9
1 2 3 5 4 7 6 10 19 24 8 14 20 27 15 23 17 26 18 28 11 22 9 21 12 25 16 30 13 29 14 15 16 18 17 20 19 23 0 5 21 27 30 6 26 3 2 11 29 8 1 12 28 9 22 4 24 7 25 10
1 2 3 5 4 7 6 10 19 24 8 14 20 27 15 23 17 26 18 28 11 22 9 21 12 25 16 30 13 29 16 17 18 20 19 22 21 25 2 7 23 29 1 8 28 5 4 13 0 10 3 14 30 11 24 6 26 9 27 12
1 2 3 5 4 7 6 10 19 24 8 14 20 27 15 23 17 26 18 28 11 22 9 21 12 25 16 30 13 29 19 20 21 23 22 25 24 28 5 10 26 1 4 11 0 8 7 16 3 13 6 17 2 14 27 9 29 12 30 15
1 2 3 5 4 7 6 10 19 24 8 14 20 27 15 23 17 26 18 28 11 22 9 21 12 25 16 30 13 29 25 26 27 29 28 0 30 3 11 16 1 7 10 17 6 14 13 22 9 19 12 23 8 20 2 15 4 18 5 21
1 2 3 5 4 7 6 10 19 24 8 14 20 27 15 23 17 26 18 28 11 22 9 21 12 25 16 30 13 29 27 28 29 0 30 2 1 5 13 18 3 9 12 19 8 16 15 24 11 21 14 25 10 22 4 17 6 20 7 23
1 2 3 5 4 7 6 10 19 24 8 14 20 27 15 23 17 26 18 28 11 22 9 21 12 25 16 30 13 29 0 1 2 4 3 6 5 9 17 22 7 13 16 23 12 20 19 28 15 25 18 29 14 26 8 21 10 24 11 27
1 2 3 5 4 7 6 10 19 24 8 14 20 27 15 23 17 26 18 28 11 22 9 21 12 25 16 30 13 29 5 6 7 9 8 11 10 14 20 25 12 18 24 0 22 30 19 28 17 27 23 3 21 2 13 26 15 29 16 1
1 2 3 5 4 7 6 10 19 24 8 14 20 27 15 23 17 26 18 28 11 22 9 21 12 25 16 30 13 29 8 9 10 12 11 14 13 17 23 28 15 21 27 3 25 2 22 0 20 30 26 6 24 5 16 29 18 1 19 4
1 2 3 5 4 7 6 10 19 24 8 14 20 27 15 23 17 26 18 28 11 22 9 21 12 25 16 30 13 29 9 10 11 13 12 15 14 18 24 29 16 22 28 4 26 3 23 1 21 0 27 7 25 6 17 30 19 2 20 5
1 2 3 5 4 7 6 10 19 24 8 14 20 27 15 23 17 26 18 28 11 22 9 21 12 25 16 30 13 29 10 11 12 14 13 16 15 19 25 30 17 23 29 5 27 4 24 2 22 1 28 8 26 7 18 0 20 3 21 6
1 2 3 5 4 7 6 10 19 24 8 14 20 27 15 23 17 26 18 28 11 22 9 21 12 25 16 30 13 29 13 14 15 17 16 19 18 22 28 2 20 26 1 8 30 7 27 5 25 4 0 11 29 10 21 3 23 6 24 9
1 2 3 5 4 7 6 10 19 24 8 14 20 27 15 23 17 26 18 28 11 22 9 21 12 25 16 30 13 29 14 15 16 18 17 20 19 23 29 3 21 27 2 9 0 8 28 6 26 5 1 12 30 11 22 4 24 7 25 10
1 2 3 5 4 7 6 10 19 24 8 14 20 27 15 23 17 26 18 28 11 22 9 21 12 25 16 30 13 29 16 17 18 20 19 22 21 25 0 5 23 29 4 11 2 10 30 8 28 7 3 14 1 13 24 6 26 9 27 12
1 2 3 5 4 7 6 10 19 24 8 14 20 27 15 23 17 26 18 28 11 22 9 21 12 25 16 30 13 29 19 20 21 23 22 25 24 28 3 8 26 1 7 14 5 13 2 11 0 10 6 17 4 16 27 9 29 12 30 15
1 2 3 5 4 7 6 10 19 24 8 14 20 27 15 23 17 26 18 28 11 22 9 21 12 25 16 30 13 29 20 21 22 24 23 26 25 29 4 9 27 2 8 15 6 14 3 12 1 11 7 18 5 17 28 10 30 13 0 16
1 2 3 5 4 7 6 10 19 24 8 14 20 27 15 23 17 26 18 28 11 22 9 21 12 25 16 30 13 29 28 29 30 1 0 3 2 6 12 17 4 10 16 23 14 22 11 20 9 19 15 26 13 25 5 18 7 21 8 24
1 2 3 5 4 7 6 10 19 24 8 14 20 27 15 23 17 26 18 28 11 22 9 21 12 25 16 30 13 29 7 8 9 11 10 13 12 16 22 27 14 20 23 30 25 2 26 4 19 29 21 1 24 5 15 28 17 0 18 3
1 2 3 5 4 7 6 10 19 24 8 14 20 27 15 23 17 26 18 28 11 22 9 21 12 25 16 30 13 29 10 11 12 14 13 16 15 19 25 30 17 23 26 2 28 5 29 7 22 1 24 4 27 8 18 0 20 3 21 6
1 2 3 5 4 7 6 10 19 24 8 14 20 27 15 23 17 26 18 28 11 22 9 21 12 25 16 30 13 29 11 12 13 15 14 17 16 20 26 0 18 24 27 3 29 6 30 8 23 2 25 5 28 9 19 1 21 4 22 7
1 2 3 5 4 7 6 10 19 24 8 14 20 27 15 23 17 26 18 28 11 22 9 21 12 25 16 30 13 29 13 14 15 17 16 19 18 22 28 2 20 26 29 5 0 8 1 10 25 4 27 7 30 11 21 3 23 6 24 9
1 2 3 5 4 7 6 10 19 24 8 14 20 27 15 23 17 26 18 28 11 22 9 21 12 25 16 30 13 29 14 15 16 18 17 20 19 23 29 3 21 27 30 6 1 9 2 11 26 5 28 8 0 12 22 4 24 7 25 10
1 2 3 5 4 7 6 10 19 24 8 14 20 27 15 23 17 26 18 28 11 22 9 21 12 25 16 30 13 29 18 19 20 22 21 24 23 27 2 7 25 0 3 10 5 13 6 15 30 9 1 12 4 16 26 8 28 11 29 14
1 2 3 5 4 7 6 10 19 24 8 14 20 27 15 23 17 26 18 28 11 22 9 21 12 25 16 30 13 29 19 20 21 23 22 25 24 28 3 8 26 1 4 11 6 14 7 16 0 10 2 13 5 17 27 9 29 12 30 15
1 2 3 5 4 7 6 10 19 24 8 14 20 27 15 23 17 26 18 28 11 22 9 21 12 25 16 30 13 29 22 23 24 26 25 28 27 0 6 11 29 4 7 14 9 17 10 19 3 13 5 16 8 20 30 12 1 15 2 18
1 2 3 5 4 7 6 10 19 24 8 14 20 27 15 23 17 26 18 28 11 22 9 21 12 25 16 30 13 29 25 26 27 29 28 0 30 3 9 14 1 7 10 17 12 20 13 22 6 16 8 19 11 23 2 15 4 18 5 21
1 2 3 5 4 7 6 10 19 24 8 14 20 27 15 23 17 26 18 28 11 22 9 21 12 25 16 30 13 29 26 27 28 30 29 1 0 4 10 15 2 8 11 18 13 21 14 23 7 17 9 20 12 24 3 16 5 19 6 22
1 2 3 5 4 7 6 10 19 24 8 14 20 27 15 23 17 26 18 28 11 22 9 21 12 25 16 30 13 29 0 1 2 4 3 6 5 9 15 20 7 13 16 23 18 26 19 28 12 22 14 25 17 29 8 21 10 24 11 27
1 2 3 5 4 7 6 10 19 24 8 14 20 27 15 23 17 26 18 28 11 22 9 21 12 25 16 30 13 29 5 6 7 9 8 11 10 14 20 25 12 18 21 28 22 30 24 2 17 27 23 3 19 0 13 26 15 29 16 1
1 2 3 5 4 7 6 10 19 24 8 14 20 27 15 23 17 26 18 28 11 22 9 21 12 25 16 30 13 29 10 11 12 14 13 16 15 19 25 30 17 23 26 2 27 4 29 7 22 1 28 8 24 5 18 0 20 3 21 6
1 2 3 5 4 7 6 10 19 24 8 14 20 27 15 23 17 26 18 28 11 22 9 21 12 25 16 30 13 29 11 12 13 15 14 17 16 20 26 0 18 24 27 3 28 5 30 8 23 2 29 9 25 6 19 1 21 4 22 7
1 2 3 5 4 7 6 10 19 24 8 14 20 27 15 23 17 26 18 28 11 22 9 21 12 25 16 30 13 29 13 14 15 17 16 19 18 22 28 2 20 26 29 5 30 7 1 10 25 4 0 11 27 8 21 3 23 6 24 9
1 2 3 5 4 7 6 10 19 24 8 14 20 27 15 23 17 26 18 28 11 22 9 21 12 25 16 30 13 29 14 15 16 18 17 20 19 23 29 3 21 27 30 6 0 8 2 11 26 5 1 12 28 9 22 4 24 7 25 10
1 2 3 5 4 7 6 10 19 24 8 14 20 27 15 23 17 26 18 28 11 22 9 21 12 25 16 30 13 29 16 17 18 20 19 22 21 25 0 5 23 29 1 8 2 10 4 13 28 7 3 14 30 11 24 6 26 9 27 12
1 2 3 5 4 7 6 10 19 24 8 14 20 27 15 23 17 26 18 28 11 22 9 21 12 25 16 30 13 29 19 20 21 23 22 25 24 28 3 8 26 1 4 11 5 13 7 16 0 10 6 17 2 14 27 9 29 12 30 15
1 2 3 5 4 7 6 10 19 24 8 14 20 27 15 23 17 26 18 28 11 22 9 21 12 25 16 30 13 29 20 21 22 24 23 26 25 29 4 9 27 2 5 12 6 14 8 17 1 11 7 18 3 15 28 10 30 13 0 16
1 2 3 5 4 7 6 10 19 24 8 14 20 27 15 23 17 26 18 28 11 22 9 21 12 25 16 30 13 29 23 24 25 27 26 29 28 1 7 12 30 5 8 15 9 17 11 20 4 14 10 21 6 18 0 13 2 16 3 19
1 2 3 5 4 7 6 10 19 24 8 14 20 27 15 23 17 26 18 28 11 22 9 21 12 25 16 30 13 29 25 26 27 29 28 0 30 3 9 14 1 7 10 17 11 19 13 22 6 16 12 23 8 20 2 15 4 18 5 21
1 2 3 5 4 7 6 10 19 24 8 14 20 27 15 23 17 26 18 28 11 22 9 21 12 25 16 30 13 29 27 28 29 0 30 2 1 5 11 16 3 9 12 19 13 21 15 24 8 18 14 25 10 22 4 17 6 20 7 23
1 2 3 5 4 7 6 10 19 24 8 14 20 27 15 23 17 26 18 28 11 22 9 21 12 25 16 30 13 29 0 1 2 4 3 6 5 9 15 20 7 13 16 23 17 25 19 28 12 22 18 29 14 26 8 21 10 24 11 27
1 2 3 5 4 7 6 10 19 24 8 14 20 27 15 23 17 26 18 28 11 22 9 21 12 25 16 30 13 29 7 8 9 11 10 13 12 16 22 27 14 20 26 2 21 29 23 1 25 4 19 30 24 5 15 28 17 0 18 3
1 2 3 5 4 7 6 10 19 24 8 14 20 27 15 23 17 26 18 28 11 22 9 21 12 25 16 30 13 29 9 10 11 13 12 15 14 18 24 29 16 22 28 4 23 0 25 3 27 6 21 1 26 7 17 30 19 2 20 5
1 2 3 5 4 7 6 10 19 24 8 14 20 27 15 23 17 26 18 28 11 22 9 21 12 25 16 30 13 29 13 14 15 17 16 19 18 22 28 2 20 26 1 8 27 4 29 7 0 10 25 5 30 11 21 3 23 6 24 9
1 2 3 5 4 7 6 10 19 24 8 14 20 27 15 23 17 26 18 28 11 22 9 21 12 25 16 30 13 29 14 15 16 18 17 20 19 23 29 3 21 27 2 9 28 5 30 8 1 11 26 6 0 12 22 4 24 7 25 10
1 2 3 5 4 7 6 10 19 24 8 14 20 27 15 23 17 26 18 28 11 22 9 21 12 25 16 30 13 29 15 16 17 19 18 21 20 24 30 4 22 28 3 10 29 6 0 9 2 12 27 7 1 13 23 5 25 8 26 11
1 2 3 5 4 7 6 10 19 24 8 14 20 27 15 23 17 26 18 28 11 22 9 21 12 25 16 30 13 29 17 18 19 21 20 23 22 26 1 6 24 30 5 12 0 8 2 11 4 14 29 9 3 15 25 7 27 10 28 13
1 2 3 5 4 7 6 10 19 24 8 14 20 27 15 23 17 26 18 28 11 22 9 21 12 25 16 30 13 29 18 19 20 22 21 24 23 27 2 7 25 0 6 13 1 9 3 12 5 15 30 10 4 16 26 8 28 11 29 14
1 2 3 5 4 7 6 10 19 24 8 14 20 27 15 23 17 26 18 28 11 22 9 21 12 25 16 30 13 29 19 20 21 23 22 25 24 28 3 8 26 1 7 14 2 10 4 13 6 16 0 11 5 17 27 9 29 12 30 15
1 2 3 5 4 7 6 10 19 24 8 14 20 27 15 23 17 26 18 28 11 22 9 21 12 25 16 30 13 29 22 23 24 26 25 28 27 0 6 11 29 4 10 17 5 13 7 16 9 19 3 14 8 20 30 12 1 15 2 18
1 2 3 5 4 7 6 10 19 24 8 14 20 27 15 23 17 26 18 28 11 22 9 21 12 25 16 30 13 29 28 29 30 1 0 3 2 6 12 17 4 10 16 23 11 19 13 22 15 25 9 20 14 26 5 18 7 21 8 24
1 2 3 5 4 7 6 10 19 24 8 14 20 27 15 23 17 26 18 28 11 22 9 21 12 25 16 30 13 29 29 30 0 2 1 4 3 7 13 18 5 11 17 24 12 20 14 23 16 26 10 21 15 27 6 19 8 22 9 25
1 2 3 5 4 7 6 10 19 24 8 14 20 27 15 23 17 26 18 28 11 22 9 21 12 25 16 30 13 29 10 11 12 14 13 16 15 19 25 30 17 23 28 4 24 1 29 7 26 5 22 2 27 8 18 0 20 3 21 6
1 2 3 5 4 7 6 10 19 24 8 14 20 27 15 23 17 26 18 28 11 22 9 21 12 25 16 30 13 29 15 16 17 19 18 21 20 24 30 4 22 28 2 9 29 6 3 12 0 10 27 7 1 13 23 5 25 8 26 11
1 2 3 5 4 7 6 10 19 24 8 14 20 27 15 23 17 26 18 28 11 22 9 21 12 25 16 30 13 29 16 17 18 20 19 22 21 25 0 5 23 29 3 10 30 7 4 13 1 11 28 8 2 14 24 6 26 9 27 12
1 2 3 5 4 7 6 10 19 24 8 14 20 27 15 23 17 26 18 28 11 22 9 21 12 25 16 30 13 29 17 18 19 21 20 23 22 26 1 6 24 30 4 11 0 8 5 14 2 12 29 9 3 15 25 7 27 10 28 13
1 2 3 5 4 7 6 10 19 24 8 14 20 27 15 23 17 26 18 28 11 22 9 21 12 25 16 30 13 29 19 20 21 23 22 25 24 28 3 8 26 1 6 13 2 10 7 16 4 14 0 11 5 17 27 9 29 12 30 15
1 2 3 5 4 7 6 10 19 24 8 14 20 27 15 23 17 26 18 28 11 22 9 21 12 25 16 30 13 29 22 23 24 26 25 28 27 0 6 11 29 4 9 16 5 13 10 19 7 17 3 14 8 20 30 12 1 15 2 18
1 2 3 5 4 7 6 10 19 24 8 14 20 27 15 23 17 26 18 28 11 22 9 21 12 25 16 30 13 29 28 29 30 1 0 3 2 6 12 17 4 10 15 22 11 19 16 25 13 23 9 20 14 26 5 18 7 21 8 24
1 2 3 5 4 7 6 10 19 24 8 14 20 27 15 23 17 26 18 28 11 22 9 21 12 25 16 30 13 29 5 6 7 9 8 11 10 14 20 25 12 18 23 30 19 27 22 0 24 3 17 28 21 2 13 26 15 29 16 1
1 2 3 5 4 7 6 10 19 24 8 14 20 27 15 23 17 26 18 28 11 22 9 21 12 25 16 30 13 29 14 15 16 18 17 20 19 23 29 3 21 27 1 8 28 5 0 9 2 12 26 6 30 11 22 4 24 7 25 10
1 2 3 5 4 7 6 10 19 24 8 14 20 27 15 23 17 26 18 28 11 22 9 21 12 25 16 30 13 29 17 18 19 21 20 23 22 26 1 6 24 30 4 11 0 8 3 12 5 15 29 9 2 14 25 7 27 10 28 13
1 2 3 5 4 7 6 10 19 24 8 14 20 27 15 23 17 26 18 28 11 22 9 21 12 25 16 30 13 29 20 21 22 24 23 26 25 29 4 9 27 2 7 14 3 11 6 15 8 18 1 12 5 17 28 10 30 13 0 16
1 2 3 5 4 7 6 10 19 24 8 14 20 27 15 23 17 26 18 28 11 22 9 21 12 25 16 30 13 29 23 24 25 27 26 29 28 1 7 12 30 5 10 17 6 14 9 18 11 21 4 15 8 20 0 13 2 16 3 19
1 2 3 5 4 7 6 10 19 24 8 14 20 27 15 23 17 26 18 28 11 22 9 21 12 25 16 30 13 29 29 30 0 2 1 4 3 7 13 18 5 11 16 23 12 20 15 24 17 27 10 21 14 26 6 19 8 22 9 25
1 2 3 5 4 7 6 10 19 24 8 14 20 27 15 23 17 26 18 28 11 22 9 21 12 25 16 30 13 29 11 12 13 15 14 17 16 20 29 3 18 24 28 4 30 7 22 0 23 2 25 5 27 8 19 1 26 9 21 6
1 2 3 5 4 7 6 10 19 24 8 14 20 27 15 23 17 26 18 28 11 22 9 21 12 25 16 30 13 29 17 18 19 21 20 23 22 26 4 9 24 30 3 10 5 13 28 6 29 8 0 11 2 14 25 7 1 15 27 12
1 2 3 5 4 7 6 10 19 24 8 14 20 27 15 23 17 26 18 28 11 22 9 21 12 25 16 30 13 29 18 19 20 22 21 24 23 27 5 10 25 0 4 11 6 14 29 7 30 9 1 12 3 15 26 8 2 16 28 13
1 2 3 5 4 7 6 10 19 24 8 14 20 27 15 23 17 26 18 28 11 22 9 21 12 25 16 30 13 29 19 20 21 23 22 25 24 28 6 11 26 1 5 12 7 15 30 8 0 10 2 13 4 16 27 9 3 17 29 14
1 2 3 5 4 7 6 10 19 24 8 14 20 27 15 23 17 26 18 28 11 22 9 21 12 25 16 30 13 29 21 22 23 25 24 27 26 30 8 13 28 3 7 14 9 17 1 10 2 12 4 15 6 18 29 11 5 19 0 16
1 2 3 5 4 7 6 10 19 24 8 14 20 27 15 23 17 26 18 28 11 22 9 21 12 25 16 30 13 29 22 23 24 26 25 28 27 0 9 14 29 4 8 15 10 18 2 11 3 13 5 16 7 19 30 12 6 20 1 17
1 2 3 5 4 7 6 10 19 24 8 14 20 27 15 23 17 26 18 28 11 22 9 21 12 25 16 30 13 29 26 27 28 30 29 1 0 4 13 18 2 8 12 19 14 22 6 15 7 17 9 20 11 23 3 16 10 24 5 21
1 2 3 5 4 7 6 10 19 24 8 14 20 27 15 23 17 26 18 28 11 22 9 21 12 25 16 30 13 29 29 30 0 2 1 4 3 7 16 21 5 11 15 22 17 25 9 18 10 20 12 23 14 26 6 19 13 27 8 24
1 2 3 5 4 7 6 10 19 24 8 14 20 27 15 23 17 26 18 28 11 22 9 21 12 25 16 30 13 29 7 8 9 11 10 13 12 16 26 0 14 20 25 1 22 30 18 27 19 29 23 3 24 5 15 28 21 4 17 2
1 2 3 5 4 7 6 10 19 24 8 14 20 27 15 23 17 26 18 28 11 22 9 21 12 25 16 30 13 29 9 10 11 13 12 15 14 18 28 2 16 22 27 3 24 1 20 29 21 0 25 5 26 7 17 30 23 6 19 4
1 2 3 5 4 7 6 10 19 24 8 14 20 27 15 23 17 26 18 28 11 22 9 21 12 25 16 30 13 29 10 11 12 14 13 16 15 19 29 3 17 23 28 4 25 2 21 30 22 1 26 6 27 8 18 0 24 7 20 5
1 2 3 5 4 7 6 10 19 24 8 14 20 27 15 23 17 26 18 28 11 22 9 21 12 25 16 30 13 29 14 15 16 18 17 20 19 23 2 7 21 27 1 8 29 6 25 3 26 5 30 10 0 12 22 4 28 11 24 9
1 2 3 5 4 7 6 10 19 24 8 14 20 27 15 23 17 26 18 28 11 22 9 21 12 25 16 30 13 29 15 16 17 19 18 21 20 24 3 8 22 28 2 9 30 7 26 4 27 6 0 11 1 13 23 5 29 12 25 10
1 2 3 5 4 7 6 10 19 24 8 14 20 27 15 23 17 26 18 28 11 22 9 21 12 25 16 30 13 29 16 17 18 20 19 22 21 25 4 9 23 29 3 10 0 8 27 5 28 7 1 12 2 14 24 6 30 13 26 11
1 2 3 5 4 7 6 10 19 24 8 14 20 27 15 23 17 26 18 28 11 22 9 21 12 25 16 30 13 29 19 20 21 23 22 25 24 28 7 12 26 1 6 13 3 11 30 8 0 10 4 15 5 17 27 9 2 16 29 14
1 2 3 5 4 7 6 10 19 24 8 14 20 27 15 23 17 26 18 28 11 22 9 21 12 25 16 30 13 29 21 22 23 25 24 27 26 30 9 14 28 3 8 15 5 13 1 10 2 12 6 17 7 19 29 11 4 18 0 16
1 2 3 5 4 7 6 10 19 24 8 14 20 27 15 23 17 26 18 28 11 22 9 21 12 25 16 30 13 29 22 23 24 26 25 28 27 0 10 15 29 4 9 16 6 14 2 11 3 13 7 18 8 20 30 12 5 19 1 17
1 2 3 5 4 7 6 10 19 24 8 14 20 27 15 23 17 26 18 28 11 22 9 21 12 25 16 30 13 29 25 26 27 29 28 0 30 3 13 18 1 7 12 19 9 17 5 14 6 16 10 21 11 23 2 15 8 22 4 20
1 2 3 5 4 7 6 10 19 24 8 14 20 27 15 23 17 26 18 28 11 22 9 21 12 25 16 30 13 29 29 30 0 2 1 4 3 7 17 22 5 11 16 23 13 21 9 18 10 20 14 25 15 27 6 19 12 26 8 24
1 2 3 5 4 7 6 10 19 24 8 14 20 27 15 23 17 26 18 28 11 22 9 21 12 25 16 30 13 29 10 11 12 14 13 16 15 19 29 3 17 23 26 2 27 4 21 30 22 1 28 8 25 6 18 0 24 7 20 5
1 2 3 5 4 7 6 10 19 24 8 14 20 27 15 23 17 26 18 28 11 22 9 21 12 25 16 30 13 29 11 12 13 15 14 17 16 20 30 4 18 24 27 3 28 5 22 0 23 2 29 9 26 7 19 1 25 8 21 6
1 2 3 5 4 7 6 10 19 24 8 14 20 27 15 23 17 26 18 28 11 22 9 21 12 25 16 30 13 29 13 14 15 17 16 19 18 22 1 6 20 26 29 5 30 7 24 2 25 4 0 11 28 9 21 3 27 10 23 8
1 2 3 5 4 7 6 10 19 24 8 14 20 27 15 23 17 26 18 28 11 22 9 21 12 25 16 30 13 29 14 15 16 18 17 20 19 23 2 7 21 27 30 6 0 8 25 3 26 5 1 12 29 10 22 4 28 11 24 9
1 2 3 5 4 7 6 10 19 24 8 14 20 27 15 23 17 26 18 28 11 22 9 21 12 25 16 30 13 29 15 16 17 19 18 21 20 24 3 8 22 28 0 7 1 9 26 4 27 6 2 13 30 11 23 5 29 12 25 10
1 2 3 5 4 7 6 10 19 24 8 14 20 27 15 23 17 26 18 28 11 22 9 21 12 25 16 30 13 29 16 17 18 20 19 22 21 25 4 9 23 29 1 8 2 10 27 5 28 7 3 14 0 12 24 6 30 13 26 11
1 2 3 5 4 7 6 10 19 24 8 14 20 27 15 23 17 26 18 28 11 22 9 21 12 25 16 30 13 29 18 19 20 22 21 24 23 27 6 11 25 0 3 10 4 12 29 7 30 9 5 16 2 14 26 8 1 15 28 13
1 2 3 5 4 7 6 10 19 24 8 14 20 27 15 23 17 26 18 28 11 22 9 21 12 25 16 30 13 29 21 22 23 25 24 27 26 30 9 14 28 3 6 13 7 15 1 10 2 12 8 19 5 17 29 11 4 18 0 16
1 2 3 5 4 7 6 10 19 24 8 14 20 27 15 23 17 26 18 28 11 22 9 21 12 25 16 30 13 29 5 6 7 9 8 11 10 14 24 29 12 18 23 30 19 27 16 25 22 1 17 28 21 2 13 26 20 3 15 0
1 2 3 5 4 7 6 10 19 24 8 14 20 27 15 23 17 26 18 28 11 22 9 21 12 25 16 30 13 29 12 13 14 16 15 18 17 21 0 5 19 25 30 6 26 3 23 1 29 8 24 4 28 9 20 2 27 10 22 7
1 2 3 5 4 7 6 10 19 24 8 14 20 27 15 23 17 26 18 28 11 22 9 21 12 25 16 30 13 29 14 15 16 18 17 20 19 23 2 7 21 27 1 8 28 5 25 3 0 10 26 6 30 11 22 4 29 12 24 9
1 2 3 5 4 7 6 10 19 24 8 14 20 27 15 23 17 26 18 28 11 22 9 21 12 25 16 30 13 29 16 17 18 20 19 22 21 25 4 9 23 29 3 10 30 7 27 5 2 12 28 8 1 13 24 6 0 14 26 11
1 2 3 5 4 7 6 10 19 24 8 14 20 27 15 23 17 26 18 28 11 22 9 21 12 25 16 30 13 29 17 18 19 21 20 23 22 26 5 10 24 30 4 11 0 8 28 6 3 13 29 9 2 14 25 7 1 15 27 12
1 2 3 5 4 7 6 10 19 24 8 14 20 27 15 23 17 26 18 28 11 22 9 21 12 25 16 30 13 29 18 19 20 22 21 24 23 27 6 11 25 0 5 12 1 9 29 7 4 14 30 10 3 15 26 8 2 16 28 13
1 2 3 5 4 7 6 10 19 24 8 14 20 27 15 23 17 26 18 28 11 22 9 21 12 25 16 30 13 29 19 20 21 23 22 25 24 28 7 12 26 1 6 13 2 10 30 8 5 15 0 11 4 16 27 9 3 17 29 14
1 2 3 5 4 7 6 10 19 24 8 14 20 27 15 23 17 26 18 28 11 22 9 21 12 25 16 30 13 29 20 21 22 24 23 26 25 29 8 13 27 2 7 14 3 11 0 9 6 16 1 12 5 17 28 10 4 18 30 15
1 2 3 5 4 7 6 10 19 24 8 14 20 27 15 23 17 26 18 28 11 22 9 21 12 25 16 30 13 29 21 22 23 25 24 27 26 30 9 14 28 3 8 15 4 12 1 10 7 17 2 13 6 18 29 11 5 19 0 16
1 2 3 5 4 7 6 10 19 24 8 14 20 27 15 23 17 26 18 28 11 22 9 21 12 25 16 30 13 29 22 23 24 26 25 28 27 0 10 15 29 4 9 16 5 13 2 11 8 18 3 14 7 19 30 12 6 20 1 17
1 2 3 5 4 7 6 10 19 24 8 14 20 27 15 23 17 26 18 28 11 22 9 21 12 25 16 30 13 29 26 27 28 30 29 1 0 4 14 19 2 8 13 20 9 17 6 15 12 22 7 18 11 23 3 16 10 24 5 21
1 2 3 5 4 7 6 10 19 24 8 14 20 27 15 23 17 26 18 28 11 22 9 21 12 25 16 30 13 29 27 28 29 0 30 2 1 5 15 20 3 9 14 21 10 18 7 16 13 23 8 19 12 24 4 17 11 25 6 22
1 2 3 5 4 7 6 10 19 24 8 14 20 27 15 23 17 26 18 28 11 22 9 21 12 25 16 30 13 29 28 29 30 1 0 3 2 6 16 21 4 10 15 22 11 19 8 17 14 24 9 20 13 25 5 18 12 26 7 23
1 2 3 5 4 7 6 10 19 24 8 14 20 27 15 23 17 26 18 28 11 22 9 21 12 25 16 30 13 29 12 13 14 16 15 18 17 21 29 3 19 25 30 6 0 8 23 1 26 5 24 4 28 9 20 2 27 10 22 7
1 2 3 5 4 7 6 10 19 24 8 14 20 27 15 23 17 26 18 28 11 22 9 21 12 25 16 30 13 29 16 17 18 20 19 22 21 25 2 7 23 29 3 10 4 12 27 5 30 9 28 8 1 13 24 6 0 14 26 11
1 2 3 5 4 7 6 10 19 24 8 14 20 27 15 23 17 26 18 28 11 22 9 21 12 25 16 30 13 29 17 18 19 21 20 23 22 26 3 8 24 30 4 11 5 13 28 6 0 10 29 9 2 14 25 7 1 15 27 12
1 2 3 5 4 7 6 10 19 24 8 14 20 27 15 23 17 26 18 28 11 22 9 21 12 25 16 30 13 29 19 20 21 23 22 25 24 28 5 10 26 1 6 13 7 15 30 8 2 12 0 11 4 16 27 9 3 17 29 14
1 2 3 5 4 7 6 10 19 24 8 14 20 27 15 23 17 26 18 28 11 22 9 21 12 25 16 30 13 29 20 21 22 24 23 26 25 29 6 11 27 2 7 14 8 16 0 9 3 13 1 12 5 17 28 10 4 18 30 15
1 2 3 5 4 7 6 10 19 24 8 14 20 27 15 23 17 26 18 28 11 22 9 21 12 25 16 30 13 29 26 27 28 30 29 1 0 4 12 17 2 8 13 20 14 22 6 15 9 19 7 18 11 23 3 16 10 24 5 21
1 2 3 5 4 7 6 10 19 24 8 14 20 27 15 23 17 26 18 28 11 22 9 21 12 25 16 30 13 29 28 29 30 1 0 3 2 6 14 19 4 10 15 22 16 24 8 17 11 21 9 20 13 25 5 18 12 26 7 23
1 2 3 5 4 7 6 10 19 24 8 14 20 27 15 23 17 26 18 28 11 22 9 21 12 25 16 30 13 29 7 8 9 11 10 13 12 16 24 29 14 20 25 1 23 0 18 27 26 5 19 30 22 3 15 28 21 4 17 2
1 2 3 5 4 7 6 10 19 24 8 14 20 27 15 23 17 26 18 28 11 22 9 21 12 25 16 30 13 29 8 9 10 12 11 14 13 17 25 30 15 21 26 2 24 1 19 28 27 6 20 0 23 4 16 29 22 5 18 3
1 2 3 5 4 7 6 10 19 24 8 14 20 27 15 23 17 26 18 28 11 22 9 21 12 25 16 30 13 29 10 11 12 14 13 16 15 19 27 1 17 23 28 4 26 3 21 30 29 8 22 2 25 6 18 0 24 7 20 5
1 2 3 5 4 7 6 10 19 24 8 14 20 27 15 23 17 26 18 28 11 22 9 21 12 25 16 30 13 29 16 17 18 20 19 22 21 25 2 7 23 29 3 10 1 9 27 5 4 14 28 8 0 12 24 6 30 13 26 11
1 2 3 5 4 7 6 10 19 24 8 14 20 27 15 23 17 26 18 28 11 22 9 21 12 25 16 30 13 29 17 18 19 21 20 23 22 26 3 8 24 30 4 11 2 10 28 6 5 15 29 9 1 13 25 7 0 14 27 12
1 2 3 5 4 7 6 10 19 24 8 14 20 27 15 23 17 26 18 28 11 22 9 21 12 25 16 30 13 29 19 20 21 23 22 25 24 28 5 10 26 1 6 13 4 12 30 8 7 17 0 11 3 15 27 9 2 16 29 14
1 2 3 5 4 7 6 10 19 24 8 14 20 27 15 23 17 26 18 28 11 22 9 21 12 25 16 30 13 29 20 21 22 24 23 26 25 29 6 11 27 2 7 14 5 13 0 9 8 18 1 12 4 16 28 10 3 17 30 15
1 2 3 5 4 7 6 10 19 24 8 14 20 27 15 23 17 26 18 28 11 22 9 21 12 25 16 30 13 29 21 22 23 25 24 27 26 30 7 12 28 3 8 15 6 14 1 10 9 19 2 13 5 17 29 11 4 18 0 16
1 2 3 5 4 7 6 10 19 24 8 14 20 27 15 23 17 26 18 28 11 22 9 21 12 25 16 30 13 29 26 27 28 30 29 1 0 4 12 17 2 8 13 20 11 19 6 15 14 24 7 18 10 22 3 16 9 23 5 21
1 2 3 5 4 7 6 10 19 24 8 14 20 27 15 23 17 26 18 28 11 22 9 21 12 25 16 30 13 29 27 28 29 0 30 2 1 5 13 18 3 9 14 21 12 20 7 16 15 25 8 19 11 23 4 17 10 24 6 22
1 2 3 5 4 7 6 10 19 24 8 14 20 27 15 23 17 26 18 28 11 22 9 21 12 25 16 30 13 29 8 9 10 12 11 14 13 17 25 30 15 21 24 0 27 4 19 28 26 5 22 2 20 1 16 29 23 6 18 3
1 2 3 5 4 7 6 10 19 24 8 14 20 27 15 23 17 26 18 28 11 22 9 21 12 25 16 30 13 29 17 18 19 21 20 23 22 26 3 8 24 30 2 9 5 13 28 6 4 14 0 11 29 10 25 7 1 15 27 12
1 2 3 5 4 7 6 10 19 24 8 14 20 27 15 23 17 26 18 28 11 22 9 21 12 25 16 30 13 29 20 21 22 24 23 26 25 29 6 11 27 2 5 12 8 16 0 9 7 17 3 14 1 13 28 10 4 18 30 15
1 2 3 5 4 7 6 10 19 24 8 14 20 27 15 23 17 26 18 28 11 22 9 21 12 25 16 30 13 29 26 27 28 30 29 1 0 4 12 17 2 8 11 18 14 22 6 15 13 23 9 20 7 19 3 16 10 24 5 21
1 2 3 5 4 7 6 10 19 24 8 14 20 27 15 23 17 26 18 28 11 22 9 21 12 25 16 30 13 29 11 12 13 15 14 17 16 20 29 3 18 24 26 2 28 5 22 0 30 9 27 7 23 4 19 1 25 8 21 6
1 2 3 5 4 7 6 10 19 24 8 14 20 27 15 23 17 26 18 28 11 22 9 21 12 25 16 30 13 29 14 15 16 18 17 20 19 23 1 6 21 27 29 5 0 8 25 3 2 12 30 10 26 7 22 4 28 11 24 9
1 2 3 5 4 7 6 10 19 24 8 14 20 27 15 23 17 26 18 28 11 22 9 21 12 25 16 30 13 29 16 17 18 20 19 22 21 25 3 8 23 29 0 7 2 10 27 5 4 14 1 12 28 9 24 6 30 13 26 11
1 2 3 5 4 7 6 10 19 24 8 14 20 27 15 23 17 26 18 28 11 22 9 21 12 25 16 30 13 29 17 18 19 21 20 23 22 26 4 9 24 30 1 8 3 11 28 6 5 15 2 13 29 10 25 7 0 14 27 12
1 2 3 5 4 7 6 10 19 24 8 14 20 27 15 23 17 26 18 28 11 22 9 21 12 25 16 30 13 29 18 19 20 22 21 24 23 27 5 10 25 0 2 9 4 12 29 7 6 16 3 14 30 11 26 8 1 15 28 13
1 2 3 5 4 7 6 10 19 24 8 14 20 27 15 23 17 26 18 28 11 22 9 21 12 25 16 30 13 29 19 20 21 23 22 25 24 28 6 11 26 1 3 10 5 13 30 8 7 17 4 15 0 12 27 9 2 16 29 14
1 2 3 5 4 7 6 10 19 24 8 14 20 27 15 23 17 26 18 28 11 22 9 21 12 25 16 30 13 29 24 25 26 28 27 30 29 2 11 16 0 6 8 15 10 18 4 13 12 22 9 20 5 17 1 14 7 21 3 19
1 2 3 5 4 7 6 10 19 24 8 14 20 27 15 23 17 26 18 28 11 22 9 21 12 25 16 30 13 29 0 1 2 4 3 6 5 9 18 23 7 13 15 22 17 25 11 20 19 29 16 27 12 24 8 21 14 28 10 26
1 2 3 5 4 7 6 10 19 24 8 14 20 27 15 23 17 26 18 28 11 22 9 21 12 25 16 30 13 29 9 10 11 13 12 15 14 18 26 0 16 22 27 3 24 1 20 29 28 7 25 5 21 2 17 30 23 6 19 4
1 2 3 5 4 7 6 10 19 24 8 14 20 27 15 23 17 26 18 28 11 22 9 21 12 25 16 30 13 29 10 11 12 14 13 16 15 19 27 1 17 23 28 4 25 2 21 30 29 8 26 6 22 3 18 0 24 7 20 5
1 2 3 5 4 7 6 10 19 24 8 14 20 27 15 23 17 26 18 28 11 22 9 21 12 25 16 30 13 29 13 14 15 17 16 19 18 22 30 4 20 26 0 7 28 5 24 2 1 11 29 9 25 6 21 3 27 10 23 8
1 2 3 5 4 7 6 10 19 24 8 14 20 27 15 23 17 26 18 28 11 22 9 21 12 25 16 30 13 29 14 15 16 18 17 20 19 23 0 5 21 27 1 8 29 6 25 3 2 12 30 10 26 7 22 4 28 11 24 9
1 2 3 5 4 7 6 10 19 24 8 14 20 27 15 23 17 26 18 28 11 22 9 21 12 25 16 30 13 29 15 16 17 19 18 21 20 24 1 6 22 28 2 9 30 7 26 4 3 13 0 11 27 8 23 5 29 12 25 10
1 2 3 5 4 7 6 10 19 24 8 14 20 27 15 23 17 26 18 28 11 22 9 21 12 25 16 30 13 29 16 17 18 20 19 22 21 25 2 7 23 29 3 10 0 8 27 5 4 14 1 12 28 9 24 6 30 13 26 11
1 2 3 5 4 7 6 10 19 24 8 14 20 27 15 23 17 26 18 28 11 22 9 21 12 25 16 30 13 29 17 18 19 21 20 23 22 26 3 8 24 30 4 11 1 9 28 6 5 15 2 13 29 10 25 7 0 14 27 12
1 2 3 5 4 7 6 10 19 24 8 14 20 27 15 23 17 26 18 28 11 22 9 21 12 25 16 30 13 29 19 20 21 23 22 25 24 28 5 10 26 1 6 13 3 11 30 8 7 17 4 15 0 12 27 9 2 16 29 14
1 2 3 5 4 7 6 10 19 24 8 14 20 27 15 23 17 26 18 28 11 22 9 21 12 25 16 30 13 29 21 22 23 25 24 27 26 30 7 12 28 3 8 15 5 13 1 10 9 19 6 17 2 14 29 11 4 18 0 16
1 2 3 5 4 7 6 10 19 24 8 14 20 27 15 23 17 26 18 28 11 22 9 21 12 25 16 30 13 29 29 30 0 2 1 4 3 7 15 20 5 11 16 23 13 21 9 18 17 27 14 25 10 22 6 19 12 26 8 24
1 2 3 5 4 7 6 10 19 24 8 14 20 27 15 23 17 26 18 28 11 22 9 21 12 25 16 30 13 29 10 11 12 14 13 16 15 19 27 1 17 23 26 2 29 6 21 30 25 4 28 8 22 3 18 0 24 7 20 5
1 2 3 5 4 7 6 10 19 24 8 14 20 27 15 23 17 26 18 28 11 22 9 21 12 25 16 30 13 29 13 14 15 17 16 19 18 22 30 4 20 26 29 5 1 9 24 2 28 7 0 11 25 6 21 3 27 10 23 8
1 2 3 5 4 7 6 10 19 24 8 14 20 27 15 23 17 26 18 28 11 22 9 21 12 25 16 30 13 29 14 15 16 18 17 20 19 23 0 5 21 27 30 6 2 10 25 3 29 8 1 12 26 7 22 4 28 11 24 9
1 2 3 5 4 7 6 10 19 24 8 14 20 27 15 23 17 26 18 28 11 22 9 21 12 25 16 30 13 29 20 21 22 24 23 26 25 29 6 11 27 2 5 12 8 16 0 9 4 14 7 18 1 13 28 10 3 17 30 15
1 2 3 5 4 7 6 10 19 24 8 14 20 27 15 23 17 26 18 28 11 22 9 21 12 25 16 30 13 29 26 27 28 30 29 1 0 4 12 17 2 8 11 18 14 22 6 15 10 20 13 24 7 19 3 16 9 23 5 21
1 2 3 5 4 7 6 10 19 24 8 14 20 27 15 23 17 26 18 28 11 22 9 21 12 25 16 30 13 29 0 1 2 4 3 6 5 9 17 22 7 13 16 23 19 27 11 20 15 25 18 29 12 24 8 21 14 28 10 26
1 2 3 5 4 7 6 10 19 24 8 14 20 27 15 23 17 26 18 28 11 22 9 21 12 25 16 30 13 29 7 8 9 11 10 13 12 16 26 0 14 20 25 1 19 27 21 30 24 3 18 29 23 4 15 28 22 5 17 2
1 2 3 5 4 7 6 10 19 24 8 14 20 27 15 23 17 26 18 28 11 22 9 21 12 25 16 30 13 29 11 12 13 15 14 17 16 20 30 4 18 24 29 5 23 0 25 3 28 7 22 2 27 8 19 1 26 9 21 6
1 2 3 5 4 7 6 10 19 24 8 14 20 27 15 23 17 26 18 28 11 22 9 21 12 25 16 30 13 29 14 15 16 18 17 20 19 23 2 7 21 27 1 8 26 3 28 6 0 10 25 5 30 11 22 4 29 12 24 9
1 2 3 5 4 7 6 10 19 24 8 14 20 27 15 23 17 26 18 28 11 22 9 21 12 25 16 30 13 29 16 17 18 20 19 22 21 25 4 9 23 29 3 10 28 5 30 8 2 12 27 7 1 13 24 6 0 14 26 11
1 2 3 5 4 7 6 10 19 24 8 14 20 27 15 23 17 26 18 28 11 22 9 21 12 25 16 30 13 29 19 20 21 23 22 25 24 28 7 12 26 1 6 13 0 8 2 11 5 15 30 10 4 16 27 9 3 17 29 14
1 2 3 5 4 7 6 10 19 24 8 14 20 27 15 23 17 26 18 28 11 22 9 21 12 25 16 30 13 29 21 22 23 25 24 27 26 30 9 14 28 3 8 15 2 10 4 13 7 17 1 12 6 18 29 11 5 19 0 16
1 2 3 5 4 7 6 10 19 24 8 14 20 27 15 23 17 26 18 28 11 22 9 21 12 25 16 30 13 29 7 8 9 11 10 13 12 16 26 0 14 20 23 30 19 27 25 3 22 1 18 29 24 5 15 28 21 4 17 2
1 2 3 5 4 7 6 10 19 24 8 14 20 27 15 23 17 26 18 28 11 22 9 21 12 25 16 30 13 29 9 10 11 13 12 15 14 18 28 2 16 22 25 1 21 29 27 5 24 3 20 0 26 7 17 30 23 6 19 4
1 2 3 5 4 7 6 10 19 24 8 14 20 27 15 23 17 26 18 28 11 22 9 21 12 25 16 30 13 29 10 11 12 14 13 16 15 19 29 3 17 23 26 2 22 30 28 6 25 4 21 1 27 8 18 0 24 7 20 5
1 2 3 5 4 7 6 10 19 24 8 14 20 27 15 23 17 26 18 28 11 22 9 21 12 25 16 30 13 29 11 12 13 15 14 17 16 20 30 4 18 24 27 3 23 0 29 7 26 5 22 2 28 9 19 1 25 8 21 6
1 2 3 5 4 7 6 10 19 24 8 14 20 27 15 23 17 26 18 28 11 22 9 21 12 25 16 30 13 29 15 16 17 19 18 21 20 24 3 8 22 28 0 7 27 4 2 11 30 9 26 6 1 13 23 5 29 12 25 10
1 2 3 5 4 7 6 10 19 24 8 14 20 27 15 23 17 26 18 28 11 22 9 21 12 25 16 30 13 29 21 22 23 25 24 27 26 30 9 14 28 3 6 13 2 10 8 17 5 15 1 12 7 19 29 11 4 18 0 16
1 2 3 5 4 7 6 10 19 24 8 14 20 27 15 23 17 26 18 28 11 22 9 21 12 25 16 30 13 29 22 23 24 26 25 28 27 0 10 15 29 4 7 14 3 11 9 18 6 16 2 13 8 20 30 12 5 19 1 17
1 2 3 5 4 7 6 10 19 24 8 14 20 27 15 23 17 26 18 28 11 22 9 21 12 25 16 30 13 29 27 28 29 0 30 2 1 5 15 20 3 9 12 19 8 16 14 23 11 21 7 18 13 25 4 17 10 24 6 22
1 2 3 5 4 7 6 10 19 24 8 14 20 27 15 23 17 26 18 28 11 22 9 21 12 25 16 30 13 29 29 30 0 2 1 4 3 7 17 22 5 11 14 21 10 18 16 25 13 23 9 20 15 27 6 19 12 26 8 24
1 2 3 5 4 7 6 10 19 24 8 14 20 27 15 23 17 26 18 28 11 22 9 21 12 25 16 30 13 29 5 6 7 9 8 11 10 14 23 28 12 18 22 29 17 25 21 30 24 3 16 27 20 1 13 26 19 2 15 0
1 2 3 5 4 7 6 10 19 24 8 14 20 27 15 23 17 26 18 28 11 22 9 21 12 25 16 30 13 29 8 9 10 12 11 14 13 17 26 0 15 21 25 1 20 28 24 2 27 6 19 30 23 4 16 29 22 5 18 3
1 2 3 5 4 7 6 10 19 24 8 14 20 27 15 23 17 26 18 28 11 22 9 21 12 25 16 30 13 29 9 10 11 13 12 15 14 18 27 1 16 22 26 2 21 29 25 3 28 7 20 0 24 5 17 30 23 6 19 4
1 2 3 5 4 7 6 10 19 24 8 14 20 27 15 23 17 26 18 28 11 22 9 21 12 25 16 30 13 29 14 15 16 18 17 20 19 23 1 6 21 27 0 7 26 3 30 8 2 12 25 5 29 10 22 4 28 11 24 9
1 2 3 5 4 7 6 10 19 24 8 14 20 27 15 23 17 26 18 28 11 22 9 21 12 25 16 30 13 29 15 16 17 19 18 21 20 24 2 7 22 28 1 8 27 4 0 9 3 13 26 6 30 11 23 5 29 12 25 10
1 2 3 5 4 7 6 10 19 24 8 14 20 27 15 23 17 26 18 28 11 22 9 21 12 25 16 30 13 29 17 18 19 21 20 23 22 26 4 9 24 30 3 10 29 6 2 11 5 15 28 8 1 13 25 7 0 14 27 12
1 2 3 5 4 7 6 10 19 24 8 14 20 27 15 23 17 26 18 28 11 22 9 21 12 25 16 30 13 29 19 20 21 23 22 25 24 28 6 11 26 1 5 12 0 8 4 13 7 17 30 10 3 15 27 9 2 16 29 14
1 2 3 5 4 7 6 10 19 24 8 14 20 27 15 23 17 26 18 28 11 22 9 21 12 25 16 30 13 29 22 23 24 26 25 28 27 0 9 14 29 4 8 15 3 11 7 16 10 20 2 13 6 18 30 12 5 19 1 17
1 2 3 5 4 7 6 10 19 24 8 14 20 27 15 23 17 26 18 28 11 22 9 21 12 25 16 30 13 29 28 29 30 1 0 3 2 6 15 20 4 10 14 21 9 17 13 22 16 26 8 19 12 24 5 18 11 25 7 23
1 2 3 5 4 7 6 10 19 24 8 14 20 27 15 23 17 26 18 28 11 22 9 21 12 25 16 30 13 29 6 7 8 10 9 12 11 15 21 26 13 19 22 29 23 0 24 2 25 4 17 28 18 30 14 27 20 3 16 1
1 2 3 5 4 7 6 10 19 24 8 14 20 27 15 23 17 26 18 28 11 22 9 21 12 25 16 30 13 29 14 15 16 18 17 20 19 23 29 3 21 27 30 6 0 8 1 10 2 12 25 5 26 7 22 4 28 11 24 9
1 2 3 5 4 7 6 10 19 24 8 14 20 27 15 23 17 26 18 28 11 22 9 21 12 25 16 30 13 29 16 17 18 20 19 22 21 25 0 5 23 29 1 8 2 10 3 12 4 14 27 7 28 9 24 6 30 13 26 11
1 2 3 5 4 7 6 10 19 24 8 14 20 27 15 23 17 26 18 28 11 22 9 21 12 25 16 30 13 29 17 18 19 21 20 23 22 26 1 6 24 30 2 9 3 11 4 13 5 15 28 8 29 10 25 7 0 14 27 12
1 2 3 5 4 7 6 10 19 24 8 14 20 27 15 23 17 26 18 28 11 22 9 21 12 25 16 30 13 29 21 22 23 25 24 27 26 30 5 10 28 3 6 13 7 15 8 17 9 19 1 12 2 14 29 11 4 18 0 16
1 2 3 5 4 7 6 10 19 24 8 14 20 27 15 23 17 26 18 28 11 22 9 21 12 25 16 30 13 29 22 23 24 26 25 28 27 0 6 11 29 4 7 14 8 16 9 18 10 20 2 13 3 15 30 12 5 19 1 17
1 2 3 5 4 7 6 10 19 24 8 14 20 27 15 23 17 26 18 28 11 22 9 21 12 25 16 30 13 29 26 27 28 30 29 1 0 4 10 15 2 8 11 18 12 20 13 22 14 24 6 17 7 19 3 16 9 23 5 21
1 2 3 5 4 7 6 10 19 24 8 14 20 27 15 23 17 26 18 28 11 22 9 21 12 25 16 30 13 29 27 28 29 0 30 2 1 5 11 16 3 9 12 19 13 21 14 23 15 25 7 18 8 20 4 17 10 24 6 22
1 2 3 5 4 7 6 10 19 24 8 14 20 27 15 23 17 26 18 28 11 22 9 21 12 25 16 30 13 29 6 7 8 10 9 12 11 15 23 28 13 19 24 0 18 26 25 3 20 30 22 2 17 29 14 27 21 4 16 1
1 2 3 5 4 7 6 10 19 24 8 14 20 27 15 23 17 26 18 28 11 22 9 21 12 25 16 30 13 29 7 8 9 11 10 13 12 16 24 29 14 20 25 1 19 27 26 4 21 0 23 3 18 30 15 28 22 5 17 2
1 2 3 5 4 7 6 10 19 24 8 14 20 27 15 23 17 26 18 28 11 22 9 21 12 25 16 30 13 29 12 13 14 16 15 18 17 21 29 3 19 25 30 6 24 1 0 9 26 5 28 8 23 4 20 2 27 10 22 7
1 2 3 5 4 7 6 10 19 24 8 14 20 27 15 23 17 26 18 28 11 22 9 21 12 25 16 30 13 29 14 15 16 18 17 20 19 23 0 5 21 27 1 8 26 3 2 11 28 7 30 10 25 6 22 4 29 12 24 9
1 2 3 5 4 7 6 10 19 24 8 14 20 27 15 23 17 26 18 28 11 22 9 21 12 25 16 30 13 29 16 17 18 20 19 22 21 25 2 7 23 29 3 10 28 5 4 13 30 9 1 12 27 8 24 6 0 14 26 11
1 2 3 5 4 7 6 10 19 24 8 14 20 27 15 23 17 26 18 28 11 22 9 21 12 25 16 30 13 29 19 20 21 23 22 25 24 28 5 10 26 1 6 13 0 8 7 16 2 12 4 15 30 11 27 9 3 17 29 14
1 2 3 5 4 7 6 10 19 24 8 14 20 27 15 23 17 26 18 28 11 22 9 21 12 25 16 30 13 29 25 26 27 29 28 0 30 3 11 16 1 7 12 19 6 14 13 22 8 18 10 21 5 17 2 15 9 23 4 20
1 2 3 5 4 7 6 10 19 24 8 14 20 27 15 23 17 26 18 28 11 22 9 21 12 25 16 30 13 29 0 1 2 4 3 6 5 9 17 22 7 13 18 25 12 20 19 28 14 24 16 27 11 23 8 21 15 29 10 26
1 2 3 5 4 7 6 10 19 24 8 14 20 27 15 23 17 26 18 28 11 22 9 21 12 25 16 30 13 29 6 7 8 10 9 12 11 15 25 30 13 19 21 28 18 26 22 0 23 2 24 4 17 29 14 27 20 3 16 1
1 2 3 5 4 7 6 10 19 24 8 14 20 27 15 23 17 26 18 28 11 22 9 21 12 25 16 30 13 29 7 8 9 11 10 13 12 16 26 0 14 20 22 29 19 27 23 1 24 3 25 5 18 30 15 28 21 4 17 2
1 2 3 5 4 7 6 10 19 24 8 14 20 27 15 23 17 26 18 28 11 22 9 21 12 25 16 30 13 29 8 9 10 12 11 14 13 17 27 1 15 21 23 30 20 28 24 2 25 4 26 6 19 0 16 29 22 5 18 3
1 2 3 5 4 7 6 10 19 24 8 14 20 27 15 23 17 26 18 28 11 22 9 21 12 25 16 30 13 29 14 15 16 18 17 20 19 23 2 7 21 27 29 5 26 3 30 8 0 10 1 12 25 6 22 4 28 11 24 9
1 2 3 5 4 7 6 10 19 24 8 14 20 27 15 23 17 26 18 28 11 22 9 21 12 25 16 30 13 29 19 20 21 23 22 25 24 28 7 12 26 1 3 10 0 8 4 13 5 15 6 17 30 11 27 9 2 16 29 14
1 2 3 5 4 7 6 10 19 24 8 14 20 27 15 23 17 26 18 28 11 22 9 21 12 25 16 30 13 29 21 22 23 25 24 27 26 30 9 14 28 3 5 12 2 10 6 15 7 17 8 19 1 13 29 11 4 18 0 16
1 2 3 5 4 7 6 10 19 24 8 14 20 27 15 23 17 26 18 28 11 22 9 21 12 25 16 30 13 29 25 26 27 29 28 0 30 3 13 18 1 7 9 16 6 14 10 19 11 21 12 23 5 17 2 15 8 22 4 20
1 2 3 5 4 7 6 10 19 24 8 14 20 27 15 23 17 26 18 28 11 22 9 21 12 25 16 30 13 29 5 6 7 9 8 11 10 14 22 27 12 18 23 30 17 25 20 29 24 3 21 1 16 28 13 26 19 2 15 0
1 2 3 5 4 7 6 10 19 24 8 14 20 27 15 23 17 26 18 28 11 22 9 21 12 25 16 30 13 29 6 7 8 10 9 12 11 15 23 28 13 19 24 0 18 26 21 30 25 4 22 2 17 29 14 27 20 3 16 1
1 2 3 5 4 7 6 10 19 24 8 14 20 27 15 23 17 26 18 28 11 22 9 21 12 25 16 30 13 29 9 10 11 13 12 15 14 18 26 0 16 22 27 3 21 29 24 2 28 7 25 5 20 1 17 30 23 6 19 4
1 2 3 5 4 7 6 10 19 24 8 14 20 27 15 23 17 26 18 28 11 22 9 21 12 25 16 30 13 29 10 11 12 14 13 16 15 19 27 1 17 23 28 4 22 30 25 3 29 8 26 6 21 2 18 0 24 7 20 5
1 2 3 5 4 7 6 10 19 24 8 14 20 27 15 23 17 26 18 28 11 22 9 21 12 25 16 30 13 29 13 14 15 17 16 19 18 22 30 4 20 26 0 7 25 2 28 6 1 11 29 9 24 5 21 3 27 10 23 8
1 2 3 5 4 7 6 10 19 24 8 14 20 27 15 23 17 26 18 28 11 22 9 21 12 25 16 30 13 29 14 15 16 18 17 20 19 23 0 5 21 27 1 8 26 3 29 7 2 12 30 10 25 6 22 4 28 11 24 9
1 2 3 5 4 7 6 10 19 24 8 14 20 27 15 23 17 26 18 28 11 22 9 21 12 25 16 30 13 29 16 17 18 20 19 22 21 25 2 7 23 29 3 10 28 5 0 9 4 14 1 12 27 8 24 6 30 13 26 11
1 2 3 5 4 7 6 10 19 24 8 14 20 27 15 23 17 26 18 28 11 22 9 21 12 25 16 30 13 29 19 20 21 23 22 25 24 28 5 10 26 1 6 13 0 8 3 12 7 17 4 15 30 11 27 9 2 16 29 14
1 2 3 5 4 7 6 10 19 24 8 14 20 27 15 23 17 26 18 28 11 22 9 21 12 25 16 30 13 29 22 23 24 26 25 28 27 0 8 13 29 4 9 16 3 11 6 15 10 20 7 18 2 14 30 12 5 19 1 17
1 2 3 5 4 7 6 10 19 24 8 14 20 27 15 23 17 26 18 28 11 22 9 21 12 25 16 30 13 29 0 1 2 4 3 6 5 9 17 22 7 13 18 25 12 20 15 24 19 29 16 27 11 23 8 21 14 28 10 26
1 2 3 5 4 7 6 10 19 24 8 14 20 27 15 23 17 26 18 28 11 22 9 21 12 25 16 30 13 29 11 12 13 15 14 17 16 20 26 0 18 24 28 4 30 7 27 5 23 2 29 9 22 3 19 1 25 8 21 6
1 2 3 5 4 7 6 10 19 24 8 14 20 27 15 23 17 26 18 28 11 22 9 21 12 25 16 30 13 29 13 14 15 17 16 19 18 22 28 2 20 26 30 6 1 9 29 7 25 4 0 11 24 5 21 3 27 10 23 8
1 2 3 5 4 7 6 10 19 24 8 14 20 27 15 23 17 26 18 28 11 22 9 21 12 25 16 30 13 29 15 16 17 19 18 21 20 24 30 4 22 28 1 8 3 11 0 9 27 6 2 13 26 7 23 5 29 12 25 10
1 2 3 5 4 7 6 10 19 24 8 14 20 27 15 23 17 26 18 28 11 22 9 21 12 25 16 30 13 29 16 17 18 20 19 22 21 25 0 5 23 29 2 9 4 12 1 10 28 7 3 14 27 8 24 6 30 13 26 11
1 2 3 5 4 7 6 10 19 24 8 14 20 27 15 23 17 26 18 28 11 22 9 21 12 25 16 30 13 29 19 20 21 23 22 25 24 28 3 8 26 1 5 12 7 15 4 13 0 10 6 17 30 11 27 9 2 16 29 14
1 2 3 5 4 7 6 10 19 24 8 14 20 27 15 23 17 26 18 28 11 22 9 21 12 25 16 30 13 29 21 22 23 25 24 27 26 30 5 10 28 3 7 14 9 17 6 15 2 12 8 19 1 13 29 11 4 18 0 16
1 2 3 5 4 7 6 10 19 24 8 14 20 27 15 23 17 26 18 28 11 22 9 21 12 25 16 30 13 29 25 26 27 29 28 0 30 3 9 14 1 7 11 18 13 21 10 19 6 16 12 23 5 17 2 15 8 22 4 20
1 2 3 5 4 7 6 10 19 24 8 14 20 27 15 23 17 26 18 28 11 22 9 21 12 25 16 30 13 29 28 29 30 1 0 3 2 6 12 17 4 10 14 21 16 24 13 22 9 19 15 26 8 20 5 18 11 25 7 23
1 2 3 5 4 7 6 10 19 24 8 14 20 27 15 23 17 26 18 28 11 22 9 21 12 25 16 30 13 29 0 1 2 4 3 6 5 9 15 20 7 13 17 24 19 27 16 25 12 22 18 29 11 23 8 21 14 28 10 26
1 2 3 5 4 7 6 10 19 24 8 14 20 27 15 23 17 26 18 28 11 22 9 21 12 25 16 30 13 29 6 7 8 10 9 12 11 15 25 30 13 19 21 28 18 26 20 29 24 3 22 2 23 4 14 27 17 0 16 1
1 2 3 5 4 7 6 10 19 24 8 14 20 27 15 23 17 26 18 28 11 22 9 21 12 25 16 30 13 29 7 8 9 11 10 13 12 16 26 0 14 20 22 29 19 27 21 30 25 4 23 3 24 5 15 28 18 1 17 2
1 2 3 5 4 7 6 10 19 24 8 14 20 27 15 23 17 26 18 28 11 22 9 21 12 25 16 30 13 29 9 10 11 13 12 15 14 18 28 2 16 22 24 0 21 29 23 1 27 6 25 5 26 7 17 30 20 3 19 4
1 2 3 5 4 7 6 10 19 24 8 14 20 27 15 23 17 26 18 28 11 22 9 21 12 25 16 30 13 29 12 13 14 16 15 18 17 21 0 5 19 25 27 3 24 1 26 4 30 9 28 8 29 10 20 2 23 6 22 7
1 2 3 5 4 7 6 10 19 24 8 14 20 27 15 23 17 26 18 28 11 22 9 21 12 25 16 30 13 29 15 16 17 19 18 21 20 24 3 8 22 28 30 6 27 4 29 7 2 12 0 11 1 13 23 5 26 9 25 10
1 2 3 5 4 7 6 10 19 24 8 14 20 27 15 23 17 26 18 28 11 22 9 21 12 25 16 30 13 29 16 17 18 20 19 22 21 25 4 9 23 29 0 7 28 5 30 8 3 13 1 12 2 14 24 6 27 10 26 11
1 2 3 5 4 7 6 10 19 24 8 14 20 27 15 23 17 26 18 28 11 22 9 21 12 25 16 30 13 29 19 20 21 23 22 25 24 28 7 12 26 1 3 10 0 8 2 11 6 16 4 15 5 17 27 9 30 13 29 14
1 2 3 5 4 7 6 10 19 24 8 14 20 27 15 23 17 26 18 28 11 22 9 21 12 25 16 30 13 29 21 22 23 25 24 27 26 30 9 14 28 3 5 12 2 10 4 13 8 18 6 17 7 19 29 11 1 15 0 16
1 2 3 5 4 7 6 10 19 24 8 14 20 27 15 23 17 26 18 28 11 22 9 21 12 25 16 30 13 29 22 23 24 26 25 28 27 0 10 15 29 4 6 13 3 11 5 14 9 19 7 18 8 20 30 12 2 16 1 17
1 2 3 5 4 7 6 10 19 24 8 14 20 27 15 23 17 26 18 28 11 22 9 21 12 25 16 30 13 29 24 25 26 28 27 30 29 2 12 17 0 6 8 15 5 13 7 16 11 21 9 20 10 22 1 14 4 18 3 19
1 2 3 5 4 7 6 10 19 24 8 14 20 27 15 23 17 26 18 28 11 22 9 21 12 25 16 30 13 29 25 26 27 29 28 0 30 3 13 18 1 7 9 16 6 14 8 17 12 22 10 21 11 23 2 15 5 19 4 20
1 2 3 5 4 7 6 10 19 24 8 14 20 27 15 23 17 26 18 28 11 22 9 21 12 25 16 30 13 29 27 28 29 0 30 2 1 5 15 20 3 9 11 18 8 16 10 19 14 24 12 23 13 25 4 17 7 21 6 22
1 2 3 5 4 7 6 10 19 24 8 14 20 27 15 23 17 26 18 28 11 22 9 21 12 25 16 30 13 29 28 29 30 1 0 3 2 6 16 21 4 10 12 19 9 17 11 20 15 25 13 24 14 26 5 18 8 22 7 23
1 2 3 5 4 7 6 10 19 24 8 14 20 27 15 23 17 26 18 28 11 22 9 21 12 25 16 30 13 29 29 30 0 2 1 4 3 7 17 22 5 11 13 20 10 18 12 21 16 26 14 25 15 27 6 19 9 23 8 24
1 2 3 5 4 7 6 10 19 24 8 14 20 27 15 23 17 26 18 28 11 22 9 21 12 25 16 30 13 29 7 8 9 11 10 13 12 16 26 0 14 20 22 29 19 27 21 30 24 3 25 5 23 4 15 28 18 1 17 2
1 2 3 5 4 7 6 10 19 24 8 14 20 27 15 23 17 26 18 28 11 22 9 21 12 25 16 30 13 29 9 10 11 13 12 15 14 18 28 2 16 22 24 0 21 29 23 1 26 5 27 7 25 6 17 30 20 3 19 4
1 2 3 5 4 7 6 10 19 24 8 14 20 27 15 23 17 26 18 28 11 22 9 21 12 25 16 30 13 29 12 13 14 16 15 18 17 21 0 5 19 25 27 3 24 1 26 4 29 8 30 10 28 9 20 2 23 6 22 7
1 2 3 5 4 7 6 10 19 24 8 14 20 27 15 23 17 26 18 28 11 22 9 21 12 25 16 30 13 29 13 14 15 17 16 19 18 22 1 6 20 26 28 4 25 2 27 5 30 9 0 11 29 10 21 3 24 7 23 8
1 2 3 5 4 7 6 10 19 24 8 14 20 27 15 23 17 26 18 28 11 22 9 21 12 25 16 30 13 29 14 15 16 18 17 20 19 23 2 7 21 27 29 5 26 3 28 6 0 10 1 12 30 11 22 4 25 8 24 9
1 2 3 5 4 7 6 10 19 24 8 14 20 27 15 23 17 26 18 28 11 22 9 21 12 25 16 30 13 29 18 19 20 22 21 24 23 27 6 11 25 0 2 9 30 7 1 10 4 14 5 16 3 15 26 8 29 12 28 13
1 2 3 5 4 7 6 10 19 24 8 14 20 27 15 23 17 26 18 28 11 22 9 21 12 25 16 30 13 29 19 20 21 23 22 25 24 28 7 12 26 1 3 10 0 8 2 11 5 15 6 17 4 16 27 9 30 13 29 14
1 2 3 5 4 7 6 10 19 24 8 14 20 27 15 23 17 26 18 28 11 22 9 21 12 25 16 30 13 29 25 26 27 29 28 0 30 3 13 18 1 7 9 16 6 14 8 17 11 21 12 23 10 22 2 15 5 19 4 20
1 2 3 5 4 7 6 10 19 24 8 14 20 27 15 23 17 26 18 28 11 22 9 21 12 25 16 30 13 29 27 28 29 0 30 2 1 5 15 20 3 9 11 18 8 16 10 19 13 23 14 25 12 24 4 17 7 21 6 22
1 2 3 5 4 7 6 10 19 24 8 14 20 27 15 23 17 26 18 28 11 22 9 21 12 25 16 30 13 29 10 11 12 14 13 16 15 19 28 2 17 23 25 1 22 30 29 7 24 3 26 6 27 8 18 0 21 4 20 5
1 2 3 5 4 7 6 10 19 24 8 14 20 27 15 23 17 26 18 28 11 22 9 21 12 25 16 30 13 29 11 12 13 15 14 17 16 20 29 3 18 24 26 2 23 0 30 8 25 4 27 7 28 9 19 1 22 5 21 6
1 2 3 5 4 7 6 10 19 24 8 14 20 27 15 23 17 26 18 28 11 22 9 21 12 25 16 30 13 29 12 13 14 16 15 18 17 21 30 4 19 25 27 3 24 1 0 9 26 5 28 8 29 10 20 2 23 6 22 7
1 2 3 5 4 7 6 10 19 24 8 14 20 27 15 23 17 26 18 28 11 22 9 21 12 25 16 30 13 29 21 22 23 25 24 27 26 30 8 13 28 3 5 12 2 10 9 18 4 14 6 17 7 19 29 11 1 15 0 16
1 2 3 5 4 7 6 10 19 24 8 14 20 27 15 23 17 26 18 28 11 22 9 21 12 25 16 30 13 29 0 1 2 4 3 6 5 9 18 23 7 13 15 22 12 20 19 28 14 24 16 27 17 29 8 21 11 25 10 26
1 2 3 5 4 7 6 10 19 24 8 14 20 27 15 23 17 26 18 28 11 22 9 21 12 25 16 30 13 29 6 7 8 10 9 12 11 15 23 28 13 19 22 29 18 26 25 3 20 30 24 4 21 2 14 27 17 0 16 1
1 2 3 5 4 7 6 10 19 24 8 14 20 27 15 23 17 26 18 28 11 22 9 21 12 25 16 30 13 29 7 8 9 11 10 13 12 16 24 29 14 20 23 30 19 27 26 4 21 0 25 5 22 3 15 28 18 1 17 2
1 2 3 5 4 7 6 10 19 24 8 14 20 27 15 23 17 26 18 28 11 22 9 21 12 25 16 30 13 29 12 13 14 16 15 18 17 21 29 3 19 25 28 4 24 1 0 9 26 5 30 10 27 8 20 2 23 6 22 7
1 2 3 5 4 7 6 10 19 24 8 14 20 27 15 23 17 26 18 28 11 22 9 21 12 25 16 30 13 29 14 15 16 18 17 20 19 23 0 5 21 27 30 6 26 3 2 11 28 7 1 12 29 10 22 4 25 8 24 9
1 2 3 5 4 7 6 10 19 24 8 14 20 27 15 23 17 26 18 28 11 22 9 21 12 25 16 30 13 29 15 16 17 19 18 21 20 24 1 6 22 28 0 7 27 4 3 12 29 8 2 13 30 11 23 5 26 9 25 10
1 2 3 5 4 7 6 10 19 24 8 14 20 27 15 23 17 26 18 28 11 22 9 21 12 25 16 30 13 29 16 17 18 20 19 22 21 25 2 7 23 29 1 8 28 5 4 13 30 9 3 14 0 12 24 6 27 10 26 11
1 2 3 5 4 7 6 10 19 24 8 14 20 27 15 23 17 26 18 28 11 22 9 21 12 25 16 30 13 29 18 19 20 22 21 24 23 27 4 9 25 0 3 10 30 7 6 15 1 11 5 16 2 14 26 8 29 12 28 13
1 2 3 5 4 7 6 10 19 24 8 14 20 27 15 23 17 26 18 28 11 22 9 21 12 25 16 30 13 29 19 20 21 23 22 25 24 28 5 10 26 1 4 11 0 8 7 16 2 12 6 17 3 15 27 9 30 13 29 14
1 2 3 5 4 7 6 10 19 24 8 14 20 27 15 23 17 26 18 28 11 22 9 21 12 25 16 30 13 29 21 22 23 25 24 27 26 30 7 12 28 3 6 13 2 10 9 18 4 14 8 19 5 17 29 11 1 15 0 16
1 2 3 5 4 7 6 10 19 24 8 14 20 27 15 23 17 26 18 28 11 22 9 21 12 25 16 30 13 29 26 27 28 30 29 1 0 4 12 17 2 8 11 18 7 15 14 23 9 19 13 24 10 22 3 16 6 20 5 21
1 2 3 5 4 7 6 10 19 24 8 14 20 27 15 23 17 26 18 28 11 22 9 21 12 25 16 30 13 29 27 28 29 0 30 2 1 5 13 18 3 9 12 19 8 16 15 24 10 20 14 25 11 23 4 17 7 21 6 22
1 2 3 5 4 7 6 10 19 24 8 14 20 27 15 23 17 26 18 28 11 22 9 21 12 25 16 30 13 29 0 1 2 4 3 6 5 9 17 22 7 13 16 23 12 20 19 28 14 24 18 29 15 27 8 21 11 25 10 26
1 2 3 5 4 7 6 10 19 24 8 14 20 27 15 23 17 26 18 28 11 22 9 21 12 25 16 30 13 29 8 9 10 12 11 14 13 17 23 28 15 21 25 1 27 4 22 0 20 30 26 6 24 5 16 29 19 2 18 3
1 2 3 5 4 7 6 10 19 24 8 14 20 27 15 23 17 26 18 28 11 22 9 21 12 25 16 30 13 29 9 10 11 13 12 15 14 18 24 29 16 22 26 2 28 5 23 1 21 0 27 7 25 6 17 30 20 3 19 4
1 2 3 5 4 7 6 10 19 24 8 14 20 27 15 23 17 26 18 28 11 22 9 21 12 25 16 30 13 29 13 14 15 17 16 19 18 22 28 2 20 26 30 6 1 9 27 5 25 4 0 11 29 10 21 3 24 7 23 8
1 2 3 5 4 7 6 10 19 24 8 14 20 27 15 23 17 26 18 28 11 22 9 21 12 25 16 30 13 29 14 15 16 18 17 20 19 23 29 3 21 27 0 7 2 10 28 6 26 5 1 12 30 11 22 4 25 8 24 9
1 2 3 5 4 7 6 10 19 24 8 14 20 27 15 23 17 26 18 28 11 22 9 21 12 25 16 30 13 29 15 16 17 19 18 21 20 24 30 4 22 28 1 8 3 11 29 7 27 6 2 13 0 12 23 5 26 9 25 10
1 2 3 5 4 7 6 10 19 24 8 14 20 27 15 23 17 26 18 28 11 22 9 21 12 25 16 30 13 29 16 17 18 20 19 22 21 25 0 5 23 29 2 9 4 12 30 8 28 7 3 14 1 13 24 6 27 10 26 11
1 2 3 5 4 7 6 10 19 24 8 14 20 27 15 23 17 26 18 28 11 22 9 21 12 25 16 30 13 29 18 19 20 22 21 24 23 27 2 7 25 0 4 11 6 14 1 10 30 9 5 16 3 15 26 8 29 12 28 13
1 2 3 5 4 7 6 10 19 24 8 14 20 27 15 23 17 26 18 28 11 22 9 21 12 25 16 30 13 29 19 20 21 23 22 25 24 28 3 8 26 1 5 12 7 15 2 11 0 10 6 17 4 16 27 9 30 13 29 14
1 2 3 5 4 7 6 10 19 24 8 14 20 27 15 23 17 26 18 28 11 22 9 21 12 25 16 30 13 29 20 21 22 24 23 26 25 29 4 9 27 2 6 13 8 16 3 12 1 11 7 18 5 17 28 10 0 14 30 15
1 2 3 5 4 7 6 10 19 24 8 14 20 27 15 23 17 26 18 28 11 22 9 21 12 25 16 30 13 29 28 29 30 1 0 3 2 6 12 17 4 10 14 21 16 24 11 20 9 19 15 26 13 25 5 18 8 22 7 23
1 2 3 5 4 7 6 10 19 24 8 14 20 27 15 23 17 26 18 28 11 22 9 21 12 25 16 30 13 29 29 30 0 2 1 4 3 7 13 18 5 11 15 22 17 25 12 21 10 20 16 27 14 26 6 19 9 23 8 24
1 2 3 5 4 7 6 10 19 24 8 14 20 27 15 23 17 26 18 28 11 22 9 21 12 25 16 30 13 29 6 7 8 10 9 12 11 15 21 26 13 19 23 30 20 28 24 2 25 4 18 29 22 3 14 27 17 0 16 1
1 2 3 5 4 7 6 10 19 24 8 14 20 27 15 23 17 26 18 28 11 22 9 21 12 25 16 30 13 29 7 8 9 11 10 13 12 16 22 27 14 20 24 0 21 29 25 3 26 5 19 30 23 4 15 28 18 1 17 2
1 2 3 5 4 7 6 10 19 24 8 14 20 27 15 23 17 26 18 28 11 22 9 21 12 25 16 30 13 29 8 9 10 12 11 14 13 17 23 28 15 21 25 1 22 30 26 4 27 6 20 0 24 5 16 29 19 2 18 3
1 2 3 5 4 7 6 10 19 24 8 14 20 27 15 23 17 26 18 28 11 22 9 21 12 25 16 30 13 29 15 16 17 19 18 21 20 24 30 4 22 28 1 8 29 6 2 11 3 13 27 7 0 12 23 5 26 9 25 10
1 2 3 5 4 7 6 10 19 24 8 14 20 27 15 23 17 26 18 28 11 22 9 21 12 25 16 30 13 29 19 20 21 23 22 25 24 28 3 8 26 1 5 12 2 10 6 15 7 17 0 11 4 16 27 9 30 13 29 14
1 2 3 5 4 7 6 10 19 24 8 14 20 27 15 23 17 26 18 28 11 22 9 21 12 25 16 30 13 29 20 21 22 24 23 26 25 29 4 9 27 2 6 13 3 11 7 16 8 18 1 12 5 17 28 10 0 14 30 15
1 2 3 5 4 7 6 10 19 24 8 14 20 27 15 23 17 26 18 28 11 22 9 21 12 25 16 30 13 29 22 23 24 26 25 28 27 0 6 11 29 4 8 15 5 13 9 18 10 20 3 14 7 19 30 12 2 16 1 17
1 2 3 5 4 7 6 10 19 24 8 14 20 27 15 23 17 26 18 28 11 22 9 21 12 25 16 30 13 29 26 27 28 30 29 1 0 4 10 15 2 8 12 19 9 17 13 22 14 24 7 18 11 23 3 16 6 20 5 21
1 2 3 5 4 7 6 10 19 24 8 14 20 27 15 23 17 26 18 28 11 22 9 21 12 25 16 30 13 29 28 29 30 1 0 3 2 6 12 17 4 10 14 21 11 19 15 24 16 26 9 20 13 25 5 18 8 22 7 23
1 2 3 5 4 7 6 10 19 24 8 14 20 27 15 23 17 26 18 28 11 22 9 21 12 25 16 30 13 29 29 30 0 2 1 4 3 7 13 18 5 11 15 22 12 20 16 25 17 27 10 21 14 26 6 19 9 23 8 24
1 2 3 5 4 7 6 10 19 24 8 14 20 27 15 23 17 26 18 28 11 22 9 21 12 25 16 30 13 29 0 1 2 4 3 6 5 9 15 20 7 13 17 24 14 22 18 27 19 29 12 23 16 28 8 21 11 25 10 26
1 2 3 5 4 7 6 10 19 24 8 14 20 27 15 23 17 26 18 28 11 22 9 21 12 25 16 30 13 29 7 8 9 11 10 13 12 16 22 27 14 20 23 30 21 29 26 4 24 3 25 5 19 0 15 28 18 1 17 2
1 2 3 5 4 7 6 10 19 24 8 14 20 27 15 23 17 26 18 28 11 22 9 21 12 25 16 30 13 29 8 9 10 12 11 14 13 17 23 28 15 21 24 0 22 30 27 5 25 4 26 6 20 1 16 29 19 2 18 3
1 2 3 5 4 7 6 10 19 24 8 14 20 27 15 23 17 26 18 28 11 22 9 21 12 25 16 30 13 29 11 12 13 15 14 17 16 20 26 0 18 24 27 3 25 2 30 8 28 7 29 9 23 4 19 1 22 5 21 6
1 2 3 5 4 7 6 10 19 24 8 14 20 27 15 23 17 26 18 28 11 22 9 21 12 25 16 30 13 29 15 16 17 19 18 21 20 24 30 4 22 28 0 7 29 6 3 12 1 11 2 13 27 8 23 5 26 9 25 10
1 2 3 5 4 7 6 10 19 24 8 14 20 27 15 23 17 26 18 28 11 22 9 21 12 25 16 30 13 29 16 17 18 20 19 22 21 25 0 5 23 29 1 8 30 7 4 13 2 12 3 14 28 9 24 6 27 10 26 11
1 2 3 5 4 7 6 10 19 24 8 14 20 27 15 23 17 26 18 28 11 22 9 21 12 25 16 30 13 29 20 21 22 24 23 26 25 29 4 9 27 2 5 12 3 11 8 17 6 16 7 18 1 13 28 10 0 14 30 15
1 2 3 5 4 7 6 10 19 24 8 14 20 27 15 23 17 26 18 28 11 22 9 21 12 25 16 30 13 29 25 26 27 29 28 0 30 3 9 14 1 7 10 17 8 16 13 22 11 21 12 23 6 18 2 15 5 19 4 20
1 2 3 5 4 7 6 10 19 24 8 14 20 27 15 23 17 26 18 28 11 22 9 21 12 25 16 30 13 29 26 27 28 30 29 1 0 4 10 15 2 8 11 18 9 17 14 23 12 22 13 24 7 19 3 16 6 20 5 21
1 2 3 5 4 7 6 10 19 24 8 14 20 27 15 23 17 26 18 28 11 22 9 21 12 25 16 30 13 29 27 28 29 0 30 2 1 5 11 16 3 9 12 19 10 18 15 24 13 23 14 25 8 20 4 17 7 21 6 22
1 2 3 5 4 7 6 10 19 24 8 14 20 27 15 23 17 26 18 28 11 22 9 21 12 25 16 30 13 29 0 1 2 4 3 6 5 9 15 20 7 13 16 23 14 22 19 28 17 27 18 29 12 24 8 21 11 25 10 26
1 2 3 5 4 7 6 10 19 24 8 14 20 27 15 23 17 26 18 28 11 22 9 21 12 25 16 30 13 29 6 7 8 10 9 12 11 15 21 26 13 19 22 29 20 28 24 2 25 4 23 3 18 30 14 27 17 0 16 1
1 2 3 5 4 7 6 10 19 24 8 14 20 27 15 23 17 26 18 28 11 22 9 21 12 25 16 30 13 29 8 9 10 12 11 14 13 17 23 28 15 21 24 0 22 30 26 4 27 6 25 5 20 1 16 29 19 2 18 3
1 2 3 5 4 7 6 10 19 24 8 14 20 27 15 23 17 26 18 28 11 22 9 21 12 25 16 30 13 29 14 15 16 18 17 20 19 23 29 3 21 27 30 6 28 5 1 10 2 12 0 11 26 7 22 4 25 8 24 9
1 2 3 5 4 7 6 10 19 24 8 14 20 27 15 23 17 26 18 28 11 22 9 21 12 25 16 30 13 29 15 16 17 19 18 21 20 24 30 4 22 28 0 7 29 6 2 11 3 13 1 12 27 8 23 5 26 9 25 10
1 2 3 5 4 7 6 10 19 24 8 14 20 27 15 23 17 26 18 28 11 22 9 21 12 25 16 30 13 29 16 17 18 20 19 22 21 25 0 5 23 29 1 8 30 7 3 12 4 14 2 13 28 9 24 6 27 10 26 11
1 2 3 5 4 7 6 10 19 24 8 14 20 27 15 23 17 26 18 28 11 22 9 21 12 25 16 30 13 29 18 19 20 22 21 24 23 27 2 7 25 0 3 10 1 9 5 14 6 16 4 15 30 11 26 8 29 12 28 13
1 2 3 5 4 7 6 10 19 24 8 14 20 27 15 23 17 26 18 28 11 22 9 21 12 25 16 30 13 29 20 21 22 24 23 26 25 29 4 9 27 2 5 12 3 11 7 16 8 18 6 17 1 13 28 10 0 14 30 15
1 2 3 5 4 7 6 10 19 24 8 14 20 27 15 23 17 26 18 28 11 22 9 21 12 25 16 30 13 29 21 22 23 25 24 27 26 30 5 10 28 3 6 13 4 12 8 17 9 19 7 18 2 14 29 11 1 15 0 16
1 2 3 5 4 7 6 10 19 24 8 14 20 27 15 23 17 26 18 28 11 22 9 21 12 25 16 30 13 29 22 23 24 26 25 28 27 0 6 11 29 4 7 14 5 13 9 18 10 20 8 19 3 15 30 12 2 16 1 17
1 2 3 5 4 7 6 10 19 24 8 14 20 27 15 23 17 26 18 28 11 22 9 21 12 25 16 30 13 29 26 27 28 30 29 1 0 4 10 15 2 8 11 18 9 17 13 22 14 24 12 23 7 19 3 16 6 20 5 21
1 2 3 5 4 7 6 10 19 24 8 14 20 27 15 23 17 26 18 28 11 22 9 21 12 25 16 30 13 29 27 28 29 0 30 2 1 5 11 16 3 9 12 19 10 18 14 23 15 25 13 24 8 20 4 17 7 21 6 22
1 2 3 5 4 7 6 10 19 24 8 14 20 27 15 23 17 26 18 28 11 22 9 21 12 25 16 30 13 29 29 30 0 2 1 4 3 7 13 18 5 11 14 21 12 20 16 25 17 27 15 26 10 22 6 19 9 23 8 24
1 2 3 5 4 7 6 10 19 24 8 14 20 27 15 23 17 26 18 28 11 22 9 21 12 25 16 30 13 29 0 1 2 4 3 6 5 9 15 20 7 13 16 23 14 22 18 27 19 29 17 28 12 24 8 21 11 25 10 26
1 2 3 5 4 7 6 10 19 24 8 14 20 27 15 23 17 26 18 28 11 22 9 21 12 25 16 30 13 29 5 6 7 9 8 11 10 14 24 29 12 18 19 26 22 30 23 1 15 25 20 0 16 28 21 3 13 27 17 2
1 2 3 5 4 7 6 10 19 24 8 14 20 27 15 23 17 26 18 28 11 22 9 21 12 25 16 30 13 29 7 8 9 11 10 13 12 16 26 0 14 20 21 28 24 1 25 3 17 27 22 2 18 30 23 5 15 29 19 4
1 2 3 5 4 7 6 10 19 24 8 14 20 27 15 23 17 26 18 28 11 22 9 21 12 25 16 30 13 29 10 11 12 14 13 16 15 19 29 3 17 23 24 0 27 4 28 6 20 30 25 5 21 2 26 8 18 1 22 7
1 2 3 5 4 7 6 10 19 24 8 14 20 27 15 23 17 26 18 28 11 22 9 21 12 25 16 30 13 29 16 17 18 20 19 22 21 25 4 9 23 29 30 6 2 10 3 12 26 5 0 11 27 8 1 14 24 7 28 13
1 2 3 5 4 7 6 10 19 24 8 14 20 27 15 23 17 26 18 28 11 22 9 21 12 25 16 30 13 29 17 18 19 21 20 23 22 26 5 10 24 30 0 7 3 11 4 13 27 6 1 12 28 9 2 15 25 8 29 14
1 2 3 5 4 7 6 10 19 24 8 14 20 27 15 23 17 26 18 28 11 22 9 21 12 25 16 30 13 29 22 23 24 26 25 28 27 0 10 15 29 4 5 12 8 16 9 18 1 11 6 17 2 14 7 20 30 13 3 19
1 2 3 5 4 7 6 10 19 24 8 14 20 27 15 23 17 26 18 28 11 22 9 21 12 25 16 30 13 29 24 25 26 28 27 30 29 2 12 17 0 6 7 14 10 18 11 20 3 13 8 19 4 16 9 22 1 15 5 21
1 2 3 5 4 7 6 10 19 24 8 14 20 27 15 23 17 26 18 28 11 22 9 21 12 25 16 30 13 29 25 26 27 29 28 0 30 3 13 18 1 7 8 15 11 19 12 21 4 14 9 20 5 17 10 23 2 16 6 22
1 2 3 5 4 7 6 10 19 24 8 14 20 27 15 23 17 26 18 28 11 22 9 21 12 25 16 30 13 29 28 29 30 1 0 3 2 6 16 21 4 10 11 18 14 22 15 24 7 17 12 23 8 20 13 26 5 19 9 25
1 2 3 5 4 7 6 10 19 24 8 14 20 27 15 23 17 26 18 28 11 22 9 21 12 25 16 30 13 29 6 7 8 10 9 12 11 15 22 27 13 19 25 1 23 0 21 30 16 26 24 4 17 29 20 2 14 28 18 3
1 2 3 5 4 7 6 10 19 24 8 14 20 27 15 23 17 26 18 28 11 22 9 21 12 25 16 30 13 29 10 11 12 14 13 16 15 19 26 0 17 23 29 5 27 4 25 3 20 30 28 8 21 2 24 6 18 1 22 7
1 2 3 5 4 7 6 10 19 24 8 14 20 27 15 23 17 26 18 28 11 22 9 21 12 25 16 30 13 29 11 12 13 15 14 17 16 20 27 1 18 24 30 6 28 5 26 4 21 0 29 9 22 3 25 7 19 2 23 8
1 2 3 5 4 7 6 10 19 24 8 14 20 27 15 23 17 26 18 28 11 22 9 21 12 25 16 30 13 29 14 15 16 18 17 20 19 23 30 4 21 27 2 9 0 8 29 7 24 3 1 12 25 6 28 10 22 5 26 11
1 2 3 5 4 7 6 10 19 24 8 14 20 27 15 23 17 26 18 28 11 22 9 21 12 25 16 30 13 29 19 20 21 23 22 25 24 28 4 9 26 1 7 14 5 13 3 12 29 8 6 17 30 11 2 15 27 10 0 16
1 2 3 5 4 7 6 10 19 24 8 14 20 27 15 23 17 26 18 28 11 22 9 21 12 25 16 30 13 29 21 22 23 25 24 27 26 30 6 11 28 3 9 16 7 15 5 14 0 10 8 19 1 13 4 17 29 12 2 18
1 2 3 5 4 7 6 10 19 24 8 14 20 27 15 23 17 26 18 28 11 22 9 21 12 25 16 30 13 29 23 24 25 27 26 29 28 1 8 13 30 5 11 18 9 17 7 16 2 12 10 21 3 15 6 19 0 14 4 20
1 2 3 5 4 7 6 10 19 24 8 14 20 27 15 23 17 26 18 28 11 22 9 21 12 25 16 30 13 29 27 28 29 0 30 2 1 5 12 17 3 9 15 22 13 21 11 20 6 16 14 25 7 19 10 23 4 18 8 24
1 2 3 5 4 7 6 10 19 24 8 14 20 27 15 23 17 26 18 28 11 22 9 21 12 25 16 30 13 29 0 1 2 4 3 6 5 9 16 21 7 13 19 26 17 25 15 24 10 20 18 29 11 23 14 27 8 22 12 28
1 2 3 5 4 7 6 10 19 24 8 14 20 27 15 23 17 26 18 28 11 22 9 21 12 25 16 30 13 29 2 3 4 6 5 8 7 11 20 25 9 15 16 23 21 29 18 27 12 22 17 28 19 0 13 26 10 24 14 30
1 2 3 5 4 7 6 10 19 24 8 14 20 27 15 23 17 26 18 28 11 22 9 21 12 25 16 30 13 29 4 5 6 8 7 10 9 13 22 27 11 17 18 25 23 0 20 29 14 24 19 30 21 2 15 28 12 26 16 1
1 2 3 5 4 7 6 10 19 24 8 14 20 27 15 23 17 26 18 28 11 22 9 21 12 25 16 30 13 29 11 12 13 15 14 17 16 20 29 3 18 24 25 1 30 7 27 5 21 0 26 6 28 9 22 4 19 2 23 8
1 2 3 5 4 7 6 10 19 24 8 14 20 27 15 23 17 26 18 28 11 22 9 21 12 25 16 30 13 29 12 13 14 16 15 18 17 21 30 4 19 25 26 2 0 8 28 6 22 1 27 7 29 10 23 5 20 3 24 9
1 2 3 5 4 7 6 10 19 24 8 14 20 27 15 23 17 26 18 28 11 22 9 21 12 25 16 30 13 29 13 14 15 17 16 19 18 22 0 5 20 26 27 3 1 9 29 7 23 2 28 8 30 11 24 6 21 4 25 10
1 2 3 5 4 7 6 10 19 24 8 14 20 27 15 23 17 26 18 28 11 22 9 21 12 25 16 30 13 29 18 19 20 22 21 24 23 27 5 10 25 0 1 8 6 14 3 12 28 7 2 13 4 16 29 11 26 9 30 15
1 2 3 5 4 7 6 10 19 24 8 14 20 27 15 23 17 26 18 28 11 22 9 21 12 25 16 30 13 29 20 21 22 24 23 26 25 29 7 12 27 2 3 10 8 16 5 14 30 9 4 15 6 18 0 13 28 11 1 17
1 2 3 5 4 7 6 10 19 24 8 14 20 27 15 23 17 26 18 28 11 22 9 21 12 25 16 30 13 29 21 22 23 25 24 27 26 30 8 13 28 3 4 11 9 17 6 15 0 10 5 16 7 19 1 14 29 12 2 18
1 2 3 5 4 7 6 10 19 24 8 14 20 27 15 23 17 26 18 28 11 22 9 21 12 25 16 30 13 29 24 25 26 28 27 30 29 2 11 16 0 6 7 14 12 20 9 18 3 13 8 19 10 22 4 17 1 15 5 21
1 2 3 5 4 7 6 10 19 24 8 14 20 27 15 23 17 26 18 28 11 22 9 21 12 25 16 30 13 29 26 27 28 30 29 1 0 4 13 18 2 8 9 16 14 22 11 20 5 15 10 21 12 24 6 19 3 17 7 23
1 2 3 5 4 7 6 10 19 24 8 14 20 27 15 23 17 26 18 28 11 22 9 21 12 25 16 30 13 29 29 30 0 2 1 4 3 7 16 21 5 11 12 19 17 25 14 23 8 18 13 24 15 27 9 22 6 20 10 26
1 2 3 5 4 7 6 10 19 24 8 14 20 27 15 23 17 26 18 28 11 22 9 21 12 25 16 30 13 29 4 5 6 8 7 10 9 13 20 25 11 17 22 29 23 0 18 27 14 24 19 30 21 2 15 28 12 26 16 1
1 2 3 5 4 7 6 10 19 24 8 14 20 27 15 23 17 26 18 28 11 22 9 21 12 25 16 30 13 29 10 11 12 14 13 16 15 19 26 0 17 23 28 4 29 6 24 2 20 30 25 5 27 8 21 3 18 1 22 7
1 2 3 5 4 7 6 10 19 24 8 14 20 27 15 23 17 26 18 28 11 22 9 21 12 25 16 30 13 29 11 12 13 15 14 17 16 20 27 1 18 24 29 5 30 7 25 3 21 0 26 6 28 9 22 4 19 2 23 8
1 2 3 5 4 7 6 10 19 24 8 14 20 27 15 23 17 26 18 28 11 22 9 21 12 25 16 30 13 29 12 13 14 16 15 18 17 21 28 2 19 25 30 6 0 8 26 4 22 1 27 7 29 10 23 5 20 3 24 9
1 2 3 5 4 7 6 10 19 24 8 14 20 27 15 23 17 26 18 28 11 22 9 21 12 25 16 30 13 29 13 14 15 17 16 19 18 22 29 3 20 26 0 7 1 9 27 5 23 2 28 8 30 11 24 6 21 4 25 10
1 2 3 5 4 7 6 10 19 24 8 14 20 27 15 23 17 26 18 28 11 22 9 21 12 25 16 30 13 29 14 15 16 18 17 20 19 23 30 4 21 27 1 8 2 10 28 6 24 3 29 9 0 12 25 7 22 5 26 11
1 2 3 5 4 7 6 10 19 24 8 14 20 27 15 23 17 26 18 28 11 22 9 21 12 25 16 30 13 29 18 19 20 22 21 24 23 27 3 8 25 0 5 12 6 14 1 10 28 7 2 13 4 16 29 11 26 9 30 15
1 2 3 5 4 7 6 10 19 24 8 14 20 27 15 23 17 26 18 28 11 22 9 21 12 25 16 30 13 29 21 22 23 25 24 27 26 30 6 11 28 3 8 15 9 17 4 13 0 10 5 16 7 19 1 14 29 12 2 18
1 2 3 5 4 7 6 10 19 24 8 14 20 27 15 23 17 26 18 28 11 22 9 21 12 25 16 30 13 29 24 25 26 28 27 30 29 2 9 14 0 6 11 18 12 20 7 16 3 13 8 19 10 22 4 17 1 15 5 21
1 2 3 5 4 7 6 10 19 24 8 14 20 27 15 23 17 26 18 28 11 22 9 21 12 25 16 30 13 29 26 27 28 30 29 1 0 4 11 16 2 8 13 20 14 22 9 18 5 15 10 21 12 24 6 19 3 17 7 23
1 2 3 5 4 7 6 10 19 24 8 14 20 27 15 23 17 26 18 28 11 22 9 21 12 25 16 30 13 29 29 30 0 2 1 4 3 7 14 19 5 11 16 23 17 25 12 21 8 18 13 24 15 27 9 22 6 20 10 26
1 2 3 5 4 7 6 10 19 24 8 14 20 27 15 23 17 26 18 28 11 22 9 21 12 25 16 30 13 29 5 6 7 9 8 11 10 14 21 26 12 18 24 0 22 30 19 28 15 25 23 3 20 1 16 29 13 27 17 2
1 2 3 5 4 7 6 10 19 24 8 14 20 27 15 23 17 26 18 28 11 22 9 21 12 25 16 30 13 29 10 11 12 14 13 16 15 19 26 0 17 23 29 5 27 4 24 2 20 30 28 8 25 6 21 3 18 1 22 7
1 2 3 5 4 7 6 10 19 24 8 14 20 27 15 23 17 26 18 28 11 22 9 21 12 25 16 30 13 29 11 12 13 15 14 17 16 20 27 1 18 24 30 6 28 5 25 3 21 0 29 9 26 7 22 4 19 2 23 8
1 2 3 5 4 7 6 10 19 24 8 14 20 27 15 23 17 26 18 28 11 22 9 21 12 25 16 30 13 29 12 13 14 16 15 18 17 21 28 2 19 25 0 7 29 6 26 4 22 1 30 10 27 8 23 5 20 3 24 9
1 2 3 5 4 7 6 10 19 24 8 14 20 27 15 23 17 26 18 28 11 22 9 21 12 25 16 30 13 29 14 15 16 18 17 20 19 23 30 4 21 27 2 9 0 8 28 6 24 3 1 12 29 10 25 7 22 5 26 11
1 2 3 5 4 7 6 10 19 24 8 14 20 27 15 23 17 26 18 28 11 22 9 21 12 25 16 30 13 29 15 16 17 19 18 21 20 24 0 5 22 28 3 10 1 9 29 7 25 4 2 13 30 11 26 8 23 6 27 12
1 2 3 5 4 7 6 10 19 24 8 14 20 27 15 23 17 26 18 28 11 22 9 21 12 25 16 30 13 29 20 21 22 24 23 26 25 29 5 10 27 2 8 15 6 14 3 12 30 9 7 18 4 16 0 13 28 11 1 17
1 2 3 5 4 7 6 10 19 24 8 14 20 27 15 23 17 26 18 28 11 22 9 21 12 25 16 30 13 29 0 1 2 4 3 6 5 9 16 21 7 13 19 26 17 25 14 23 10 20 18 29 15 27 11 24 8 22 12 28
1 2 3 5 4 7 6 10 19 24 8 14 20 27 15 23 17 26 18 28 11 22 9 21 12 25 16 30 13 29 10 11 12 14 13 16 15 19 26 0 17 23 29 5 25 2 28 6 20 30 24 4 27 8 21 3 18 1 22 7
1 2 3 5 4 7 6 10 19 24 8 14 20 27 15 23 17 26 18 28 11 22 9 21 12 25 16 30 13 29 13 14 15 17 16 19 18 22 29 3 20 26 1 8 28 5 0 9 23 2 27 7 30 11 24 6 21 4 25 10
1 2 3 5 4 7 6 10 19 24 8 14 20 27 15 23 17 26 18 28 11 22 9 21 12 25 16 30 13 29 14 15 16 18 17 20 19 23 30 4 21 27 2 9 29 6 1 10 24 3 28 8 0 12 25 7 22 5 26 11
1 2 3 5 4 7 6 10 19 24 8 14 20 27 15 23 17 26 18 28 11 22 9 21 12 25 16 30 13 29 17 18 19 21 20 23 22 26 2 7 24 30 5 12 1 9 4 13 27 6 0 11 3 15 28 10 25 8 29 14
1 2 3 5 4 7 6 10 19 24 8 14 20 27 15 23 17 26 18 28 11 22 9 21 12 25 16 30 13 29 19 20 21 23 22 25 24 28 4 9 26 1 7 14 3 11 6 15 29 8 2 13 5 17 30 12 27 10 0 16
1 2 3 5 4 7 6 10 19 24 8 14 20 27 15 23 17 26 18 28 11 22 9 21 12 25 16 30 13 29 20 21 22 24 23 26 25 29 5 10 27 2 8 15 4 12 7 16 30 9 3 14 6 18 0 13 28 11 1 17
1 2 3 5 4 7 6 10 19 24 8 14 20 27 15 23 17 26 18 28 11 22 9 21 12 25 16 30 13 29 21 22 23 25 24 27 26 30 6 11 28 3 9 16 5 13 8 17 0 10 4 15 7 19 1 14 29 12 2 18
1 2 3 5 4 7 6 10 19 24 8 14 20 27 15 23 17 26 18 28 11 22 9 21 12 25 16 30 13 29 26 27 28 30 29 1 0 4 11 16 2 8 14 21 10 18 13 22 5 15 9 20 12 24 6 19 3 17 7 23
1 2 3 5 4 7 6 10 19 24 8 14 20 27 15 23 17 26 18 28 11 22 9 21 12 25 16 30 13 29 29 30 0 2 1 4 3 7 14 19 5 11 17 24 13 21 16 25 8 18 12 23 15 27 9 22 6 20 10 26
1 2 3 5 4 7 6 10 19 24 8 14 20 27 15 23 17 26 18 28 11 22 9 21 12 25 16 30 13 29 6 7 8 10 9 12 11 15 25 30 13 19 22 29 24 1 18 27 16 26 20 0 23 4 21 3 14 28 17 2
1 2 3 5 4 7 6 10 19 24 8 14 20 27 15 23 17 26 18 28 11 22 9 21 12 25 16 30 13 29 15 16 17 19 18 21 20 24 3 8 22 28 0 7 2 10 27 5 25 4 29 9 1 13 30 12 23 6 26 11
1 2 3 5 4 7 6 10 19 24 8 14 20 27 15 23 17 26 18 28 11 22 9 21 12 25 16 30 13 29 18 19 20 22 21 24 23 27 6 11 25 0 3 10 5 13 30 8 28 7 1 12 4 16 2 15 26 9 29 14
1 2 3 5 4 7 6 10 19 24 8 14 20 27 15 23 17 26 18 28 11 22 9 21 12 25 16 30 13 29 22 23 24 26 25 28 27 0 10 15 29 4 7 14 9 17 3 12 1 11 5 16 8 20 6 19 30 13 2 18
1 2 3 5 4 7 6 10 19 24 8 14 20 27 15 23 17 26 18 28 11 22 9 21 12 25 16 30 13 29 24 25 26 28 27 30 29 2 12 17 0 6 9 16 11 19 5 14 3 13 7 18 10 22 8 21 1 15 4 20
1 2 3 5 4 7 6 10 19 24 8 14 20 27 15 23 17 26 18 28 11 22 9 21 12 25 16 30 13 29 25 26 27 29 28 0 30 3 13 18 1 7 10 17 12 20 6 15 4 14 8 19 11 23 9 22 2 16 5 21
1 2 3 5 4 7 6 10 19 24 8 14 20 27 15 23 17 26 18 28 11 22 9 21 12 25 16 30 13 29 26 27 28 30 29 1 0 4 14 19 2 8 11 18 13 21 7 16 5 15 9 20 12 24 10 23 3 17 6 22
1 2 3 5 4 7 6 10 19 24 8 14 20 27 15 23 17 26 18 28 11 22 9 21 12 25 16 30 13 29 29 30 0 2 1 4 3 7 17 22 5 11 14 21 16 24 10 19 8 18 12 23 15 27 13 26 6 20 9 25
1 2 3 5 4 7 6 10 19 24 8 14 20 27 15 23 17 26 18 28 11 22 9 21 12 25 16 30 13 29 4 5 6 8 7 10 9 13 22 27 11 17 23 30 20 28 16 25 14 24 18 29 21 2 19 1 12 26 15 0
1 2 3 5 4 7 6 10 19 24 8 14 20 27 15 23 17 26 18 28 11 22 9 21 12 25 16 30 13 29 12 13 14 16 15 18 17 21 30 4 19 25 0 7 28 5 24 2 22 1 26 6 29 10 27 9 20 3 23 8
1 2 3 5 4 7 6 10 19 24 8 14 20 27 15 23 17 26 18 28 11 22 9 21 12 25 16 30 13 29 14 15 16 18 17 20 19 23 1 6 21 27 2 9 30 7 26 4 24 3 28 8 0 12 29 11 22 5 25 10
1 2 3 5 4 7 6 10 19 24 8 14 20 27 15 23 17 26 18 28 11 22 9 21 12 25 16 30 13 29 18 19 20 22 21 24 23 27 5 10 25 0 6 13 3 11 30 8 28 7 1 12 4 16 2 15 26 9 29 14
1 2 3 5 4 7 6 10 19 24 8 14 20 27 15 23 17 26 18 28 11 22 9 21 12 25 16 30 13 29 19 20 21 23 22 25 24 28 6 11 26 1 7 14 4 12 0 9 29 8 2 13 5 17 3 16 27 10 30 15
1 2 3 5 4 7 6 10 19 24 8 14 20 27 15 23 17 26 18 28 11 22 9 21 12 25 16 30 13 29 26 27 28 30 29 1 0 4 13 18 2 8 14 21 11 19 7 16 5 15 9 20 12 24 10 23 3 17 6 22
1 2 3 5 4 7 6 10 19 24 8 14 20 27 15 23 17 26 18 28 11 22 9 21 12 25 16 30 13 29 4 5 6 8 7 10 9 13 23 28 11 17 22 29 19 27 16 25 14 24 21 1 18 30 20 2 12 26 15 0
1 2 3 5 4 7 6 10 19 24 8 14 20 27 15 23 17 26 18 28 11 22 9 21 12 25 16 30 13 29 6 7 8 10 9 12 11 15 25 30 13 19 24 0 21 29 18 27 16 26 23 3 20 1 22 4 14 28 17 2
1 2 3 5 4 7 6 10 19 24 8 14 20 27 15 23 17 26 18 28 11 22 9 21 12 25 16 30 13 29 13 14 15 17 16 19 18 22 1 6 20 26 0 7 28 5 25 3 23 2 30 10 27 8 29 11 21 4 24 9
1 2 3 5 4 7 6 10 19 24 8 14 20 27 15 23 17 26 18 28 11 22 9 21 12 25 16 30 13 29 14 15 16 18 17 20 19 23 2 7 21 27 1 8 29 6 26 4 24 3 0 11 28 9 30 12 22 5 25 10
1 2 3 5 4 7 6 10 19 24 8 14 20 27 15 23 17 26 18 28 11 22 9 21 12 25 16 30 13 29 15 16 17 19 18 21 20 24 3 8 22 28 2 9 30 7 27 5 25 4 1 12 29 10 0 13 23 6 26 11
1 2 3 5 4 7 6 10 19 24 8 14 20 27 15 23 17 26 18 28 11 22 9 21 12 25 16 30 13 29 18 19 20 22 21 24 23 27 6 11 25 0 5 12 2 10 30 8 28 7 4 15 1 13 3 16 26 9 29 14
1 2 3 5 4 7 6 10 19 24 8 14 20 27 15 23 17 26 18 28 11 22 9 21 12 25 16 30 13 29 19 20 21 23 22 25 24 28 7 12 26 1 6 13 3 11 0 9 29 8 5 16 2 14 4 17 27 10 30 15
1 2 3 5 4 7 6 10 19 24 8 14 20 27 15 23 17 26 18 28 11 22 9 21 12 25 16 30 13 29 23 24 25 27 26 29 28 1 11 16 30 5 10 17 7 15 4 13 2 12 9 20 6 18 8 21 0 14 3 19
1 2 3 5 4 7 6 10 19 24 8 14 20 27 15 23 17 26 18 28 11 22 9 21 12 25 16 30 13 29 24 25 26 28 27 30 29 2 12 17 0 6 11 18 8 16 5 14 3 13 10 21 7 19 9 22 1 15 4 20
1 2 3 5 4 7 6 10 19 24 8 14 20 27 15 23 17 26 18 28 11 22 9 21 12 25 16 30 13 29 29 30 0 2 1 4 3 7 17 22 5 11 16 23 13 21 10 19 8 18 15 26 12 24 14 27 6 20 9 25
1 2 3 5 4 7 6 10 19 24 8 14 20 27 15 23 17 26 18 28 11 22 9 21 12 25 16 30 13 29 6 7 8 10 9 12 11 15 25 30 13 19 22 29 23 0 18 27 16 26 24 4 20 1 21 3 14 28 17 2
1 2 3 5 4 7 6 10 19 24 8 14 20 27 15 23 17 26 18 28 11 22 9 21 12 25 16 30 13 29 7 8 9 11 10 13 12 16 26 0 14 20 23 30 24 1 19 28 17 27 25 5 21 2 22 4 15 29 18 3
1 2 3 5 4 7 6 10 19 24 8 14 20 27 15 23 17 26 18 28 11 22 9 21 12 25 16 30 13 29 12 13 14 16 15 18 17 21 0 5 19 25 28 4 29 6 24 2 22 1 30 10 26 7 27 9 20 3 23 8
1 2 3 5 4 7 6 10 19 24 8 14 20 27 15 23 17 26 18 28 11 22 9 21 12 25 16 30 13 29 15 16 17 19 18 21 20 24 3 8 22 28 0 7 1 9 27 5 25 4 2 13 29 10 30 12 23 6 26 11
1 2 3 5 4 7 6 10 19 24 8 14 20 27 15 23 17 26 18 28 11 22 9 21 12 25 16 30 13 29 20 21 22 24 23 26 25 29 8 13 27 2 5 12 6 14 1 10 30 9 7 18 3 15 4 17 28 11 0 16
1 2 3 5 4 7 6 10 19 24 8 14 20 27 15 23 17 26 18 28 11 22 9 21 12 25 16 30 13 29 4 5 6 8 7 10 9 13 23 28 11 17 18 25 22 30 20 29 14 24 16 27 21 2 19 1 12 26 15 0
1 2 3 5 4 7 6 10 19 24 8 14 20 27 15 23 17 26 18 28 11 22 9 21 12 25 16 30 13 29 7 8 9 11 10 13 12 16 26 0 14 20 21 28 25 2 23 1 17 27 19 30 24 5 22 4 15 29 18 3
1 2 3 5 4 7 6 10 19 24 8 14 20 27 15 23 17 26 18 28 11 22 9 21 12 25 16 30 13 29 9 10 11 13 12 15 14 18 28 2 16 22 23 30 27 4 25 3 19 29 21 1 26 7 24 6 17 0 20 5
1 2 3 5 4 7 6 10 19 24 8 14 20 27 15 23 17 26 18 28 11 22 9 21 12 25 16 30 13 29 10 11 12 14 13 16 15 19 29 3 17 23 24 0 28 5 26 4 20 30 22 2 27 8 25 7 18 1 21 6
1 2 3 5 4 7 6 10 19 24 8 14 20 27 15 23 17 26 18 28 11 22 9 21 12 25 16 30 13 29 13 14 15 17 16 19 18 22 1 6 20 26 27 3 0 8 29 7 23 2 25 5 30 11 28 10 21 4 24 9
1 2 3 5 4 7 6 10 19 24 8 14 20 27 15 23 17 26 18 28 11 22 9 21 12 25 16 30 13 29 14 15 16 18 17 20 19 23 2 7 21 27 28 4 1 9 30 8 24 3 26 6 0 12 29 11 22 5 25 10
1 2 3 5 4 7 6 10 19 24 8 14 20 27 15 23 17 26 18 28 11 22 9 21 12 25 16 30 13 29 15 16 17 19 18 21 20 24 3 8 22 28 29 5 2 10 0 9 25 4 27 7 1 13 30 12 23 6 26 11
1 2 3 5 4 7 6 10 19 24 8 14 20 27 15 23 17 26 18 28 11 22 9 21 12 25 16 30 13 29 18 19 20 22 21 24 23 27 6 11 25 0 1 8 5 13 3 12 28 7 30 10 4 16 2 15 26 9 29 14
1 2 3 5 4 7 6 10 19 24 8 14 20 27 15 23 17 26 18 28 11 22 9 21 12 25 16 30 13 29 24 25 26 28 27 30 29 2 12 17 0 6 7 14 11 19 9 18 3 13 5 16 10 22 8 21 1 15 4 20
1 2 3 5 4 7 6 10 19 24 8 14 20 27 15 23 17 26 18 28 11 22 9 21 12 25 16 30 13 29 29 30 0 2 1 4 3 7 17 22 5 11 12 19 16 24 14 23 8 18 10 21 15 27 13 26 6 20 9 25
1 2 3 5 4 7 6 10 19 24 8 14 20 27 15 23 17 26 18 28 11 22 9 21 12 25 16 30 13 29 14 15 16 18 17 20 19 23 1 6 21 27 28 4 0 8 2 11 24 3 29 9 26 7 30 12 22 5 25 10
1 2 3 5 4 7 6 10 19 24 8 14 20 27 15 23 17 26 18 28 11 22 9 21 12 25 16 30 13 29 20 21 22 24 23 26 25 29 7 12 27 2 3 10 6 14 8 17 30 9 4 15 1 13 5 18 28 11 0 16
1 2 3 5 4 7 6 10 19 24 8 14 20 27 15 23 17 26 18 28 11 22 9 21 12 25 16 30 13 29 23 24 25 27 26 29 28 1 10 15 30 5 6 13 9 17 11 20 2 12 7 18 4 16 8 21 0 14 3 19
1 2 3 5 4 7 6 10 19 24 8 14 20 27 15 23 17 26 18 28 11 22 9 21 12 25 16 30 13 29 26 27 28 30 29 1 0 4 13 18 2 8 9 16 12 20 14 23 5 15 10 21 7 19 11 24 3 17 6 22
1 2 3 5 4 7 6 10 19 24 8 14 20 27 15 23 17 26 18 28 11 22 9 21 12 25 16 30 13 29 5 6 7 9 8 11 10 14 21 26 12 18 24 0 22 30 19 28 15 25 23 3 17 29 20 2 13 27 16 1
1 2 3 5 4 7 6 10 19 24 8 14 20 27 15 23 17 26 18 28 11 22 9 21 12 25 16 30 13 29 6 7 8 10 9 12 11 15 22 27 13 19 25 1 23 0 20 29 16 26 24 4 18 30 21 3 14 28 17 2
1 2 3 5 4 7 6 10 19 24 8 14 20 27 15 23 17 26 18 28 11 22 9 21 12 25 16 30 13 29 7 8 9 11 10 13 12 16 23 28 14 20 26 2 24 1 21 30 17 27 25 5 19 0 22 4 15 29 18 3
1 2 3 5 4 7 6 10 19 24 8 14 20 27 15 23 17 26 18 28 11 22 9 21 12 25 16 30 13 29 10 11 12 14 13 16 15 19 26 0 17 23 29 5 27 4 24 2 20 30 28 8 22 3 25 7 18 1 21 6
1 2 3 5 4 7 6 10 19 24 8 14 20 27 15 23 17 26 18 28 11 22 9 21 12 25 16 30 13 29 12 13 14 16 15 18 17 21 28 2 19 25 0 7 29 6 26 4 22 1 30 10 24 5 27 9 20 3 23 8
1 2 3 5 4 7 6 10 19 24 8 14 20 27 15 23 17 26 18 28 11 22 9 21 12 25 16 30 13 29 15 16 17 19 18 21 20 24 0 5 22 28 3 10 1 9 29 7 25 4 2 13 27 8 30 12 23 6 26 11
1 2 3 5 4 7 6 10 19 24 8 14 20 27 15 23 17 26 18 28 11 22 9 21 12 25 16 30 13 29 20 21 22 24 23 26 25 29 5 10 27 2 8 15 6 14 3 12 30 9 7 18 1 13 4 17 28 11 0 16
1 2 3 5 4 7 6 10 19 24 8 14 20 27 15 23 17 26 18 28 11 22 9 21 12 25 16 30 13 29 23 24 25 27 26 29 28 1 8 13 30 5 11 18 9 17 6 15 2 12 10 21 4 16 7 20 0 14 3 19
1 2 3 5 4 7 6 10 19 24 8 14 20 27 15 23 17 26 18 28 11 22 9 21 12 25 16 30 13 29 26 27 28 30 29 1 0 4 11 16 2 8 14 21 12 20 9 18 5 15 13 24 7 19 10 23 3 17 6 22
1 2 3 5 4 7 6 10 19 24 8 14 20 27 15 23 17 26 18 28 11 22 9 21 12 25 16 30 13 29 27 28 29 0 30 2 1 5 12 17 3 9 15 22 13 21 10 19 6 16 14 25 8 20 11 24 4 18 7 23
1 2 3 5 4 7 6 10 19 24 8 14 20 27 15 23 17 26 18 28 11 22 9 21 12 25 16 30 13 29 5 6 7 9 8 11 10 14 24 29 12 18 19 26 20 28 22 0 15 25 23 3 21 2 17 30 13 27 16 1
1 2 3 5 4 7 6 10 19 24 8 14 20 27 15 23 17 26 18 28 11 22 9 21 12 25 16 30 13 29 9 10 11 13 12 15 14 18 28 2 16 22 23 30 24 1 26 4 19 29 27 7 25 6 21 3 17 0 20 5
1 2 3 5 4 7 6 10 19 24 8 14 20 27 15 23 17 26 18 28 11 22 9 21 12 25 16 30 13 29 11 12 13 15 14 17 16 20 30 4 18 24 25 1 26 3 28 6 21 0 29 9 27 8 23 5 19 2 22 7
1 2 3 5 4 7 6 10 19 24 8 14 20 27 15 23 17 26 18 28 11 22 9 21 12 25 16 30 13 29 12 13 14 16 15 18 17 21 0 5 19 25 26 2 27 4 29 7 22 1 30 10 28 9 24 6 20 3 23 8
1 2 3 5 4 7 6 10 19 24 8 14 20 27 15 23 17 26 18 28 11 22 9 21 12 25 16 30 13 29 13 14 15 17 16 19 18 22 1 6 20 26 27 3 28 5 30 8 23 2 0 11 29 10 25 7 21 4 24 9
1 2 3 5 4 7 6 10 19 24 8 14 20 27 15 23 17 26 18 28 11 22 9 21 12 25 16 30 13 29 14 15 16 18 17 20 19 23 2 7 21 27 28 4 29 6 0 9 24 3 1 12 30 11 26 8 22 5 25 10
1 2 3 5 4 7 6 10 19 24 8 14 20 27 15 23 17 26 18 28 11 22 9 21 12 25 16 30 13 29 16 17 18 20 19 22 21 25 4 9 23 29 30 6 0 8 2 11 26 5 3 14 1 13 28 10 24 7 27 12
1 2 3 5 4 7 6 10 19 24 8 14 20 27 15 23 17 26 18 28 11 22 9 21 12 25 16 30 13 29 18 19 20 22 21 24 23 27 6 11 25 0 1 8 2 10 4 13 28 7 5 16 3 15 30 12 26 9 29 14
1 2 3 5 4 7 6 10 19 24 8 14 20 27 15 23 17 26 18 28 11 22 9 21 12 25 16 30 13 29 19 20 21 23 22 25 24 28 7 12 26 1 2 9 3 11 5 14 29 8 6 17 4 16 0 13 27 10 30 15
1 2 3 5 4 7 6 10 19 24 8 14 20 27 15 23 17 26 18 28 11 22 9 21 12 25 16 30 13 29 21 22 23 25 24 27 26 30 9 14 28 3 4 11 5 13 7 16 0 10 8 19 6 18 2 15 29 12 1 17
1 2 3 5 4 7 6 10 19 24 8 14 20 27 15 23 17 26 18 28 11 22 9 21 12 25 16 30 13 29 23 24 25 27 26 29 28 1 11 16 30 5 6 13 7 15 9 18 2 12 10 21 8 20 4 17 0 14 3 19
1 2 3 5 4 7 6 10 19 24 8 14 20 27 15 23 17 26 18 28 11 22 9 21 12 25 16 30 13 29 28 29 30 1 0 3 2 6 16 21 4 10 11 18 12 20 14 23 7 17 15 26 13 25 9 22 5 19 8 24
1 2 3 5 4 7 6 10 19 24 8 14 20 27 15 23 17 26 18 28 11 22 9 21 12 25 16 30 13 29 9 10 11 13 12 15 14 18 27 1 16 22 23 30 25 2 28 6 19 29 24 4 26 7 21 3 17 0 20 5
1 2 3 5 4 7 6 10 19 24 8 14 20 27 15 23 17 26 18 28 11 22 9 21 12 25 16 30 13 29 13 14 15 17 16 19 18 22 0 5 20 26 27 3 29 6 1 10 23 2 28 8 30 11 25 7 21 4 24 9
1 2 3 5 4 7 6 10 19 24 8 14 20 27 15 23 17 26 18 28 11 22 9 21 12 25 16 30 13 29 19 20 21 23 22 25 24 28 6 11 26 1 2 9 4 12 7 16 29 8 3 14 5 17 0 13 27 10 30 15
1 2 3 5 4 7 6 10 19 24 8 14 20 27 15 23 17 26 18 28 11 22 9 21 12 25 16 30 13 29 20 21 22 24 23 26 25 29 7 12 27 2 3 10 5 13 8 17 30 9 4 15 6 18 1 14 28 11 0 16
1 2 3 5 4 7 6 10 19 24 8 14 20 27 15 23 17 26 18 28 11 22 9 21 12 25 16 30 13 29 21 22 23 25 24 27 26 30 8 13 28 3 4 11 6 14 9 18 0 10 5 16 7 19 2 15 29 12 1 17
1 2 3 5 4 7 6 10 19 24 8 14 20 27 15 23 17 26 18 28 11 22 9 21 12 25 16 30 13 29 24 25 26 28 27 30 29 2 11 16 0 6 7 14 9 17 12 21 3 13 8 19 10 22 5 18 1 15 4 20
1 2 3 5 4 7 6 10 19 24 8 14 20 27 15 23 17 26 18 28 11 22 9 21 12 25 16 30 13 29 26 27 28 30 29 1 0 4 13 18 2 8 9 16 11 19 14 23 5 15 10 21 12 24 7 20 3 17 6 22
1 2 3 5 4 7 6 10 19 24 8 14 20 27 15 23 17 26 18 28 11 22 9 21 12 25 16 30 13 29 9 10 11 13 12 15 14 18 25 30 16 22 26 2 24 1 28 6 19 29 27 7 23 4 21 3 17 0 20 5
1 2 3 5 4 7 6 10 19 24 8 14 20 27 15 23 17 26 18 28 11 22 9 21 12 25 16 30 13 29 11 12 13 15 14 17 16 20 27 1 18 24 28 4 26 3 30 8 21 0 29 9 25 6 23 5 19 2 22 7
1 2 3 5 4 7 6 10 19 24 8 14 20 27 15 23 17 26 18 28 11 22 9 21 12 25 16 30 13 29 12 13 14 16 15 18 17 21 28 2 19 25 29 5 27 4 0 9 22 1 30 10 26 7 24 6 20 3 23 8
1 2 3 5 4 7 6 10 19 24 8 14 20 27 15 23 17 26 18 28 11 22 9 21 12 25 16 30 13 29 13 14 15 17 16 19 18 22 29 3 20 26 30 6 28 5 1 10 23 2 0 11 27 8 25 7 21 4 24 9
1 2 3 5 4 7 6 10 19 24 8 14 20 27 15 23 17 26 18 28 11 22 9 21 12 25 16 30 13 29 14 15 16 18 17 20 19 23 30 4 21 27 0 7 29 6 2 11 24 3 1 12 28 9 26 8 22 5 25 10
1 2 3 5 4 7 6 10 19 24 8 14 20 27 15 23 17 26 18 28 11 22 9 21 12 25 16 30 13 29 18 19 20 22 21 24 23 27 3 8 25 0 4 11 2 10 6 15 28 7 5 16 1 13 30 12 26 9 29 14
1 2 3 5 4 7 6 10 19 24 8 14 20 27 15 23 17 26 18 28 11 22 9 21 12 25 16 30 13 29 20 21 22 24 23 26 25 29 5 10 27 2 6 13 4 12 8 17 30 9 7 18 3 15 1 14 28 11 0 16
1 2 3 5 4 7 6 10 19 24 8 14 20 27 15 23 17 26 18 28 11 22 9 21 12 25 16 30 13 29 21 22 23 25 24 27 26 30 6 11 28 3 7 14 5 13 9 18 0 10 8 19 4 16 2 15 29 12 1 17
1 2 3 5 4 7 6 10 19 24 8 14 20 27 15 23 17 26 18 28 11 22 9 21 12 25 16 30 13 29 23 24 25 27 26 29 28 1 8 13 30 5 9 16 7 15 11 20 2 12 10 21 6 18 4 17 0 14 3 19
1 2 3 5 4 7 6 10 19 24 8 14 20 27 15 23 17 26 18 28 11 22 9 21 12 25 16 30 13 29 25 26 27 29 28 0 30 3 10 15 1 7 11 18 9 17 13 22 4 14 12 23 8 20 6 19 2 16 5 21
1 2 3 5 4 7 6 10 19 24 8 14 20 27 15 23 17 26 18 28 11 22 9 21 12 25 16 30 13 29 27 28 29 0 30 2 1 5 12 17 3 9 13 20 11 19 15 24 6 16 14 25 10 22 8 21 4 18 7 23
1 2 3 5 4 7 6 10 19 24 8 14 20 27 15 23 17 26 18 28 11 22 9 21 12 25 16 30 13 29 2 3 4 6 5 8 7 11 20 25 9 15 21 28 19 27 13 22 16 26 12 23 17 29 18 0 10 24 14 30
1 2 3 5 4 7 6 10 19 24 8 14 20 27 15 23 17 26 18 28 11 22 9 21 12 25 16 30 13 29 5 6 7 9 8 11 10 14 23 28 12 18 24 0 22 30 16 25 19 29 15 26 20 1 21 3 13 27 17 2
1 2 3 5 4 7 6 10 19 24 8 14 20 27 15 23 17 26 18 28 11 22 9 21 12 25 16 30 13 29 11 12 13 15 14 17 16 20 29 3 18 24 30 6 28 5 22 0 25 4 21 1 26 7 27 9 19 2 23 8
1 2 3 5 4 7 6 10 19 24 8 14 20 27 15 23 17 26 18 28 11 22 9 21 12 25 16 30 13 29 12 13 14 16 15 18 17 21 30 4 19 25 0 7 29 6 23 1 26 5 22 2 27 8 28 10 20 3 24 9
1 2 3 5 4 7 6 10 19 24 8 14 20 27 15 23 17 26 18 28 11 22 9 21 12 25 16 30 13 29 14 15 16 18 17 20 19 23 1 6 21 27 2 9 0 8 25 3 28 7 24 4 29 10 30 12 22 5 26 11
1 2 3 5 4 7 6 10 19 24 8 14 20 27 15 23 17 26 18 28 11 22 9 21 12 25 16 30 13 29 17 18 19 21 20 23 22 26 4 9 24 30 5 12 3 11 28 6 0 10 27 7 1 13 2 15 25 8 29 14
1 2 3 5 4 7 6 10 19 24 8 14 20 27 15 23 17 26 18 28 11 22 9 21 12 25 16 30 13 29 18 19 20 22 21 24 23 27 5 10 25 0 6 13 4 12 29 7 1 11 28 8 2 14 3 16 26 9 30 15
1 2 3 5 4 7 6 10 19 24 8 14 20 27 15 23 17 26 18 28 11 22 9 21 12 25 16 30 13 29 20 21 22 24 23 26 25 29 7 12 27 2 8 15 6 14 0 9 3 13 30 10 4 16 5 18 28 11 1 17
1 2 3 5 4 7 6 10 19 24 8 14 20 27 15 23 17 26 18 28 11 22 9 21 12 25 16 30 13 29 26 27 28 30 29 1 0 4 13 18 2 8 14 21 12 20 6 15 9 19 5 16 10 22 11 24 3 17 7 23
1 2 3 5 4 7 6 10 19 24 8 14 20 27 15 23 17 26 18 28 11 22 9 21 12 25 16 30 13 29 28 29 30 1 0 3 2 6 15 20 4 10 16 23 14 22 8 17 11 21 7 18 12 24 13 26 5 19 9 25
1 2 3 5 4 7 6 10 19 24 8 14 20 27 15 23 17 26 18 28 11 22 9 21 12 25 16 30 13 29 5 6 7 9 8 11 10 14 24 29 12 18 23 30 20 28 16 25 22 1 15 26 19 0 21 3 13 27 17 2
1 2 3 5 4 7 6 10 19 24 8 14 20 27 15 23 17 26 18 28 11 22 9 21 12 25 16 30 13 29 10 11 12 14 13 16 15 19 29 3 17 23 28 4 25 2 21 30 27 6 20 0 24 5 26 8 18 1 22 7
1 2 3 5 4 7 6 10 19 24 8 14 20 27 15 23 17 26 18 28 11 22 9 21 12 25 16 30 13 29 12 13 14 16 15 18 17 21 0 5 19 25 30 6 27 4 23 1 29 8 22 2 26 7 28 10 20 3 24 9
1 2 3 5 4 7 6 10 19 24 8 14 20 27 15 23 17 26 18 28 11 22 9 21 12 25 16 30 13 29 16 17 18 20 19 22 21 25 4 9 23 29 3 10 0 8 27 5 2 12 26 6 30 11 1 14 24 7 28 13
1 2 3 5 4 7 6 10 19 24 8 14 20 27 15 23 17 26 18 28 11 22 9 21 12 25 16 30 13 29 17 18 19 21 20 23 22 26 5 10 24 30 4 11 1 9 28 6 3 13 27 7 0 12 2 15 25 8 29 14
1 2 3 5 4 7 6 10 19 24 8 14 20 27 15 23 17 26 18 28 11 22 9 21 12 25 16 30 13 29 18 19 20 22 21 24 23 27 6 11 25 0 5 12 2 10 29 7 4 14 28 8 1 13 3 16 26 9 30 15
1 2 3 5 4 7 6 10 19 24 8 14 20 27 15 23 17 26 18 28 11 22 9 21 12 25 16 30 13 29 19 20 21 23 22 25 24 28 7 12 26 1 6 13 3 11 30 8 5 15 29 9 2 14 4 17 27 10 0 16
1 2 3 5 4 7 6 10 19 24 8 14 20 27 15 23 17 26 18 28 11 22 9 21 12 25 16 30 13 29 24 25 26 28 27 30 29 2 12 17 0 6 11 18 8 16 4 13 10 20 3 14 7 19 9 22 1 15 5 21
1 2 3 5 4 7 6 10 19 24 8 14 20 27 15 23 17 26 18 28 11 22 9 21 12 25 16 30 13 29 25 26 27 29 28 0 30 3 13 18 1 7 12 19 9 17 5 14 11 21 4 15 8 20 10 23 2 16 6 22
1 2 3 5 4 7 6 10 19 24 8 14 20 27 15 23 17 26 18 28 11 22 9 21 12 25 16 30 13 29 29 30 0 2 1 4 3 7 17 22 5 11 16 23 13 21 9 18 15 25 8 19 12 24 14 27 6 20 10 26
1 2 3 5 4 7 6 10 19 24 8 14 20 27 15 23 17 26 18 28 11 22 9 21 12 25 16 30 13 29 4 5 6 8 7 10 9 13 22 27 11 17 21 28 23 0 15 24 19 29 14 25 18 30 20 2 12 26 16 1
1 2 3 5 4 7 6 10 19 24 8 14 20 27 15 23 17 26 18 28 11 22 9 21 12 25 16 30 13 29 5 6 7 9 8 11 10 14 23 28 12 18 22 29 24 1 16 25 20 30 15 26 19 0 21 3 13 27 17 2
1 2 3 5 4 7 6 10 19 24 8 14 20 27 15 23 17 26 18 28 11 22 9 21 12 25 16 30 13 29 12 13 14 16 15 18 17 21 30 4 19 25 29 5 0 8 23 1 27 6 22 2 26 7 28 10 20 3 24 9
1 2 3 5 4 7 6 10 19 24 8 14 20 27 15 23 17 26 18 28 11 22 9 21 12 25 16 30 13 29 13 14 15 17 16 19 18 22 0 5 20 26 30 6 1 9 24 2 28 7 23 3 27 8 29 11 21 4 25 10
1 2 3 5 4 7 6 10 19 24 8 14 20 27 15 23 17 26 18 28 11 22 9 21 12 25 16 30 13 29 15 16 17 19 18 21 20 24 2 7 22 28 1 8 3 11 26 4 30 9 25 5 29 10 0 13 23 6 27 12
1 2 3 5 4 7 6 10 19 24 8 14 20 27 15 23 17 26 18 28 11 22 9 21 12 25 16 30 13 29 16 17 18 20 19 22 21 25 3 8 23 29 2 9 4 12 27 5 0 10 26 6 30 11 1 14 24 7 28 13
1 2 3 5 4 7 6 10 19 24 8 14 20 27 15 23 17 26 18 28 11 22 9 21 12 25 16 30 13 29 17 18 19 21 20 23 22 26 4 9 24 30 3 10 5 13 28 6 1 11 27 7 0 12 2 15 25 8 29 14
1 2 3 5 4 7 6 10 19 24 8 14 20 27 15 23 17 26 18 28 11 22 9 21 12 25 16 30 13 29 18 19 20 22 21 24 23 27 5 10 25 0 4 11 6 14 29 7 2 12 28 8 1 13 3 16 26 9 30 15
1 2 3 5 4 7 6 10 19 24 8 14 20 27 15 23 17 26 18 28 11 22 9 21 12 25 16 30 13 29 19 20 21 23 22 25 24 28 6 11 26 1 5 12 7 15 30 8 3 13 29 9 2 14 4 17 27 10 0 16
1 2 3 5 4 7 6 10 19 24 8 14 20 27 15 23 17 26 18 28 11 22 9 21 12 25 16 30 13 29 21 22 23 25 24 27 26 30 8 13 28 3 7 14 9 17 1 10 5 15 0 11 4 16 6 19 29 12 2 18
1 2 3 5 4 7 6 10 19 24 8 14 20 27 15 23 17 26 18 28 11 22 9 21 12 25 16 30 13 29 23 24 25 27 26 29 28 1 10 15 30 5 9 16 11 19 3 12 7 17 2 13 6 18 8 21 0 14 4 20
1 2 3 5 4 7 6 10 19 24 8 14 20 27 15 23 17 26 18 28 11 22 9 21 12 25 16 30 13 29 24 25 26 28 27 30 29 2 11 16 0 6 10 17 12 20 4 13 8 18 3 14 7 19 9 22 1 15 5 21
1 2 3 5 4 7 6 10 19 24 8 14 20 27 15 23 17 26 18 28 11 22 9 21 12 25 16 30 13 29 28 29 30 1 0 3 2 6 15 20 4 10 14 21 16 24 8 17 12 22 7 18 11 23 13 26 5 19 9 25
1 2 3 5 4 7 6 10 19 24 8 14 20 27 15 23 17 26 18 28 11 22 9 21 12 25 16 30 13 29 4 5 6 8 7 10 9 13 23 28 11 17 22 29 19 27 15 24 20 30 14 25 21 2 18 0 12 26 16 1
1 2 3 5 4 7 6 10 19 24 8 14 20 27 15 23 17 26 18 28 11 22 9 21 12 25 16 30 13 29 7 8 9 11 10 13 12 16 26 0 14 20 25 1 22 30 18 27 23 2 17 28 24 5 21 3 15 29 19 4
1 2 3 5 4 7 6 10 19 24 8 14 20 27 15 23 17 26 18 28 11 22 9 21 12 25 16 30 13 29 10 11 12 14 13 16 15 19 29 3 17 23 28 4 25 2 21 30 26 5 20 0 27 8 24 6 18 1 22 7
1 2 3 5 4 7 6 10 19 24 8 14 20 27 15 23 17 26 18 28 11 22 9 21 12 25 16 30 13 29 16 17 18 20 19 22 21 25 4 9 23 29 3 10 0 8 27 5 1 11 26 6 2 14 30 12 24 7 28 13
1 2 3 5 4 7 6 10 19 24 8 14 20 27 15 23 17 26 18 28 11 22 9 21 12 25 16 30 13 29 18 19 20 22 21 24 23 27 6 11 25 0 5 12 2 10 29 7 3 13 28 8 4 16 1 14 26 9 30 15
1 2 3 5 4 7 6 10 19 24 8 14 20 27 15 23 17 26 18 28 11 22 9 21 12 25 16 30 13 29 19 20 21 23 22 25 24 28 7 12 26 1 6 13 3 11 30 8 4 14 29 9 5 17 2 15 27 10 0 16
1 2 3 5 4 7 6 10 19 24 8 14 20 27 15 23 17 26 18 28 11 22 9 21 12 25 16 30 13 29 21 22 23 25 24 27 26 30 9 14 28 3 8 15 5 13 1 10 6 16 0 11 7 19 4 17 29 12 2 18
1 2 3 5 4 7 6 10 19 24 8 14 20 27 15 23 17 26 18 28 11 22 9 21 12 25 16 30 13 29 22 23 24 26 25 28 27 0 10 15 29 4 9 16 6 14 2 11 7 17 1 12 8 20 5 18 30 13 3 19
1 2 3 5 4 7 6 10 19 24 8 14 20 27 15 23 17 26 18 28 11 22 9 21 12 25 16 30 13 29 24 25 26 28 27 30 29 2 12 17 0 6 11 18 8 16 4 13 9 19 3 14 10 22 7 20 1 15 5 21
1 2 3 5 4 7 6 10 19 24 8 14 20 27 15 23 17 26 18 28 11 22 9 21 12 25 16 30 13 29 25 26 27 29 28 0 30 3 13 18 1 7 12 19 9 17 5 14 10 20 4 15 11 23 8 21 2 16 6 22
1 2 3 5 4 7 6 10 19 24 8 14 20 27 15 23 17 26 18 28 11 22 9 21 12 25 16 30 13 29 27 28 29 0 30 2 1 5 15 20 3 9 14 21 11 19 7 16 12 22 6 17 13 25 10 23 4 18 8 24
1 2 3 5 4 7 6 10 19 24 8 14 20 27 15 23 17 26 18 28 11 22 9 21 12 25 16 30 13 29 7 8 9 11 10 13 12 16 26 0 14 20 23 30 25 2 18 27 22 1 17 28 24 5 21 3 15 29 19 4
1 2 3 5 4 7 6 10 19 24 8 14 20 27 15 23 17 26 18 28 11 22 9 21 12 25 16 30 13 29 10 11 12 14 13 16 15 19 29 3 17 23 26 2 28 5 21 30 25 4 20 0 27 8 24 6 18 1 22 7
1 2 3 5 4 7 6 10 19 24 8 14 20 27 15 23 17 26 18 28 11 22 9 21 12 25 16 30 13 29 12 13 14 16 15 18 17 21 0 5 19 25 28 4 30 7 23 1 27 6 22 2 29 10 26 8 20 3 24 9
1 2 3 5 4 7 6 10 19 24 8 14 20 27 15 23 17 26 18 28 11 22 9 21 12 25 16 30 13 29 13 14 15 17 16 19 18 22 1 6 20 26 29 5 0 8 24 2 28 7 23 3 30 11 27 9 21 4 25 10
1 2 3 5 4 7 6 10 19 24 8 14 20 27 15 23 17 26 18 28 11 22 9 21 12 25 16 30 13 29 17 18 19 21 20 23 22 26 5 10 24 30 2 9 4 12 28 6 1 11 27 7 3 15 0 13 25 8 29 14
1 2 3 5 4 7 6 10 19 24 8 14 20 27 15 23 17 26 18 28 11 22 9 21 12 25 16 30 13 29 20 21 22 24 23 26 25 29 8 13 27 2 5 12 7 15 0 9 4 14 30 10 6 18 3 16 28 11 1 17
1 2 3 5 4 7 6 10 19 24 8 14 20 27 15 23 17 26 18 28 11 22 9 21 12 25 16 30 13 29 22 23 24 26 25 28 27 0 10 15 29 4 7 14 9 17 2 11 6 16 1 12 8 20 5 18 30 13 3 19
1 2 3 5 4 7 6 10 19 24 8 14 20 27 15 23 17 26 18 28 11 22 9 21 12 25 16 30 13 29 24 25 26 28 27 30 29 2 12 17 0 6 9 16 11 19 4 13 8 18 3 14 10 22 7 20 1 15 5 21
1 2 3 5 4 7 6 10 19 24 8 14 20 27 15 23 17 26 18 28 11 22 9 21 12 25 16 30 13 29 25 26 27 29 28 0 30 3 13 18 1 7 10 17 12 20 5 14 9 19 4 15 11 23 8 21 2 16 6 22
1 2 3 5 4 7 6 10 19 24 8 14 20 27 15 23 17 26 18 28 11 22 9 21 12 25 16 30 13 29 26 27 28 30 29 1 0 4 14 19 2 8 11 18 13 21 6 15 10 20 5 16 12 24 9 22 3 17 7 23
1 2 3 5 4 7 6 10 19 24 8 14 20 27 15 23 17 26 18 28 11 22 9 21 12 25 16 30 13 29 27 28 29 0 30 2 1 5 15 20 3 9 12 19 14 22 7 16 11 21 6 17 13 25 10 23 4 18 8 24
1 2 3 5 4 7 6 10 19 24 8 14 20 27 15 23 17 26 18 28 11 22 9 21 12 25 16 30 13 29 12 13 14 16 15 18 17 21 30 4 19 25 0 7 28 5 23 1 27 6 22 2 29 10 26 8 20 3 24 9
1 2 3 5 4 7 6 10 19 24 8 14 20 27 15 23 17 26 18 28 11 22 9 21 12 25 16 30 13 29 13 14 15 17 16 19 18 22 0 5 20 26 1 8 29 6 24 2 28 7 23 3 30 11 27 9 21 4 25 10
1 2 3 5 4 7 6 10 19 24 8 14 20 27 15 23 17 26 18 28 11 22 9 21 12 25 16 30 13 29 14 15 16 18 17 20 19 23 1 6 21 27 2 9 30 7 25 3 29 8 24 4 0 12 28 10 22 5 26 11
1 2 3 5 4 7 6 10 19 24 8 14 20 27 15 23 17 26 18 28 11 22 9 21 12 25 16 30 13 29 20 21 22 24 23 26 25 29 7 12 27 2 8 15 5 13 0 9 4 14 30 10 6 18 3 16 28 11 1 17
1 2 3 5 4 7 6 10 19 24 8 14 20 27 15 23 17 26 18 28 11 22 9 21 12 25 16 30 13 29 26 27 28 30 29 1 0 4 13 18 2 8 14 21 11 19 6 15 10 20 5 16 12 24 9 22 3 17 7 23
1 2 3 5 4 7 6 10 19 24 8 14 20 27 15 23 17 26 18 28 11 22 9 21 12 25 16 30 13 29 2 3 4 6 5 8 7 11 17 22 9 15 21 28 19 27 20 29 16 26 12 23 13 25 18 0 10 24 14 30
1 2 3 5 4 7 6 10 19 24 8 14 20 27 15 23 17 26 18 28 11 22 9 21 12 25 16 30 13 29 7 8 9 11 10 13 12 16 22 27 14 20 26 2 24 1 25 3 21 0 17 28 18 30 23 5 15 29 19 4
1 2 3 5 4 7 6 10 19 24 8 14 20 27 15 23 17 26 18 28 11 22 9 21 12 25 16 30 13 29 11 12 13 15 14 17 16 20 26 0 18 24 30 6 28 5 29 7 25 4 21 1 22 3 27 9 19 2 23 8
1 2 3 5 4 7 6 10 19 24 8 14 20 27 15 23 17 26 18 28 11 22 9 21 12 25 16 30 13 29 14 15 16 18 17 20 19 23 29 3 21 27 2 9 0 8 1 10 28 7 24 4 25 6 30 12 22 5 26 11
1 2 3 5 4 7 6 10 19 24 8 14 20 27 15 23 17 26 18 28 11 22 9 21 12 25 16 30 13 29 17 18 19 21 20 23 22 26 1 6 24 30 5 12 3 11 4 13 0 10 27 7 28 9 2 15 25 8 29 14
1 2 3 5 4 7 6 10 19 24 8 14 20 27 15 23 17 26 18 28 11 22 9 21 12 25 16 30 13 29 19 20 21 23 22 25 24 28 3 8 26 1 7 14 5 13 6 15 2 12 29 9 30 11 4 17 27 10 0 16
1 2 3 5 4 7 6 10 19 24 8 14 20 27 15 23 17 26 18 28 11 22 9 21 12 25 16 30 13 29 21 22 23 25 24 27 26 30 5 10 28 3 9 16 7 15 8 17 4 14 0 11 1 13 6 19 29 12 2 18
1 2 3 5 4 7 6 10 19 24 8 14 20 27 15 23 17 26 18 28 11 22 9 21 12 25 16 30 13 29 28 29 30 1 0 3 2 6 12 17 4 10 16 23 14 22 15 24 11 21 7 18 8 20 13 26 5 19 9 25
1 2 3 5 4 7 6 10 19 24 8 14 20 27 15 23 17 26 18 28 11 22 9 21 12 25 16 30 13 29 7 8 9 11 10 13 12 16 22 27 14 20 25 1 26 3 24 2 21 0 17 28 18 30 23 5 15 29 19 4
1 2 3 5 4 7 6 10 19 24 8 14 20 27 15 23 17 26 18 28 11 22 9 21 12 25 16 30 13 29 10 11 12 14 13 16 15 19 25 30 17 23 28 4 29 6 27 5 24 3 20 0 21 2 26 8 18 1 22 7
1 2 3 5 4 7 6 10 19 24 8 14 20 27 15 23 17 26 18 28 11 22 9 21 12 25 16 30 13 29 11 12 13 15 14 17 16 20 26 0 18 24 29 5 30 7 28 6 25 4 21 1 22 3 27 9 19 2 23 8
1 2 3 5 4 7 6 10 19 24 8 14 20 27 15 23 17 26 18 28 11 22 9 21 12 25 16 30 13 29 12 13 14 16 15 18 17 21 27 1 19 25 30 6 0 8 29 7 26 5 22 2 23 4 28 10 20 3 24 9
1 2 3 5 4 7 6 10 19 24 8 14 20 27 15 23 17 26 18 28 11 22 9 21 12 25 16 30 13 29 13 14 15 17 16 19 18 22 28 2 20 26 0 7 1 9 30 8 27 6 23 3 24 5 29 11 21 4 25 10
1 2 3 5 4 7 6 10 19 24 8 14 20 27 15 23 17 26 18 28 11 22 9 21 12 25 16 30 13 29 16 17 18 20 19 22 21 25 0 5 23 29 3 10 4 12 2 11 30 9 26 6 27 8 1 14 24 7 28 13
1 2 3 5 4 7 6 10 19 24 8 14 20 27 15 23 17 26 18 28 11 22 9 21 12 25 16 30 13 29 18 19 20 22 21 24 23 27 2 7 25 0 5 12 6 14 4 13 1 11 28 8 29 10 3 16 26 9 30 15
1 2 3 5 4 7 6 10 19 24 8 14 20 27 15 23 17 26 18 28 11 22 9 21 12 25 16 30 13 29 21 22 23 25 24 27 26 30 5 10 28 3 8 15 9 17 7 16 4 14 0 11 1 13 6 19 29 12 2 18
1 2 3 5 4 7 6 10 19 24 8 14 20 27 15 23 17 26 18 28 11 22 9 21 12 25 16 30 13 29 24 25 26 28 27 30 29 2 8 13 0 6 11 18 12 20 10 19 7 17 3 14 4 16 9 22 1 15 5 21
1 2 3 5 4 7 6 10 19 24 8 14 20 27 15 23 17 26 18 28 11 22 9 21 12 25 16 30 13 29 25 26 27 29 28 0 30 3 9 14 1 7 12 19 13 21 11 20 8 18 4 15 5 17 10 23 2 16 6 22
1 2 3 5 4 7 6 10 19 24 8 14 20 27 15 23 17 26 18 28 11 22 9 21 12 25 16 30 13 29 26 27 28 30 29 1 0 4 10 15 2 8 13 20 14 22 12 21 9 19 5 16 6 18 11 24 3 17 7 23
1 2 3 5 4 7 6 10 19 24 8 14 20 27 15 23 17 26 18 28 11 22 9 21 12 25 16 30 13 29 28 29 30 1 0 3 2 6 12 17 4 10 15 22 16 24 14 23 11 21 7 18 8 20 13 26 5 19 9 25
1 2 3 5 4 7 6 10 19 24 8 14 20 27 15 23 17 26 18 28 11 22 9 21 12 25 16 30 13 29 5 6 7 9 8 11 10 14 20 25 12 18 23 30 21 29 22 0 24 3 15 26 16 28 19 1 13 27 17 2
1 2 3 5 4 7 6 10 19 24 8 14 20 27 15 23 17 26 18 28 11 22 9 21 12 25 16 30 13 29 11 12 13 15 14 17 16 20 26 0 18 24 29 5 27 4 28 6 30 9 21 1 22 3 25 7 19 2 23 8
1 2 3 5 4 7 6 10 19 24 8 14 20 27 15 23 17 26 18 28 11 22 9 21 12 25 16 30 13 29 12 13 14 16 15 18 17 21 27 1 19 25 30 6 28 5 29 7 0 10 22 2 23 4 26 8 20 3 24 9
1 2 3 5 4 7 6 10 19 24 8 14 20 27 15 23 17 26 18 28 11 22 9 21 12 25 16 30 13 29 16 17 18 20 19 22 21 25 0 5 23 29 3 10 1 9 2 11 4 14 26 6 27 8 30 12 24 7 28 13
1 2 3 5 4 7 6 10 19 24 8 14 20 27 15 23 17 26 18 28 11 22 9 21 12 25 16 30 13 29 18 19 20 22 21 24 23 27 2 7 25 0 5 12 3 11 4 13 6 16 28 8 29 10 1 14 26 9 30 15
1 2 3 5 4 7 6 10 19 24 8 14 20 27 15 23 17 26 18 28 11 22 9 21 12 25 16 30 13 29 20 21 22 24 23 26 25 29 4 9 27 2 7 14 5 13 6 15 8 18 30 10 0 12 3 16 28 11 1 17
1 2 3 5 4 7 6 10 19 24 8 14 20 27 15 23 17 26 18 28 11 22 9 21 12 25 16 30 13 29 26 27 28 30 29 1 0 4 10 15 2 8 13 20 11 19 12 21 14 24 5 16 6 18 9 22 3 17 7 23
1 2 3 5 4 7 6 10 19 24 8 14 20 27 15 23 17 26 18 28 11 22 9 21 12 25 16 30 13 29 27 28 29 0 30 2 1 5 11 16 3 9 14 21 12 20 13 22 15 25 6 17 7 19 10 23 4 18 8 24
1 2 3 5 4 7 6 10 19 24 8 14 20 27 15 23 17 26 18 28 11 22 9 21 12 25 16 30 13 29 5 6 7 9 8 11 10 14 20 25 12 18 22 29 23 0 21 30 24 3 15 26 16 28 19 1 13 27 17 2
1 2 3 5 4 7 6 10 19 24 8 14 20 27 15 23 17 26 18 28 11 22 9 21 12 25 16 30 13 29 6 7 8 10 9 12 11 15 21 26 13 19 23 30 24 1 22 0 25 4 16 27 17 29 20 2 14 28 18 3
1 2 3 5 4 7 6 10 19 24 8 14 20 27 15 23 17 26 18 28 11 22 9 21 12 25 16 30 13 29 7 8 9 11 10 13 12 16 22 27 14 20 24 0 25 2 23 1 26 5 17 28 18 30 21 3 15 29 19 4
1 2 3 5 4 7 6 10 19 24 8 14 20 27 15 23 17 26 18 28 11 22 9 21 12 25 16 30 13 29 12 13 14 16 15 18 17 21 27 1 19 25 29 5 30 7 28 6 0 10 22 2 23 4 26 8 20 3 24 9
1 2 3 5 4 7 6 10 19 24 8 14 20 27 15 23 17 26 18 28 11 22 9 21 12 25 16 30 13 29 14 15 16 18 17 20 19 23 29 3 21 27 0 7 1 9 30 8 2 12 24 4 25 6 28 10 22 5 26 11
1 2 3 5 4 7 6 10 19 24 8 14 20 27 15 23 17 26 18 28 11 22 9 21 12 25 16 30 13 29 15 16 17 19 18 21 20 24 30 4 22 28 1 8 2 10 0 9 3 13 25 5 26 7 29 11 23 6 27 12
1 2 3 5 4 7 6 10 19 24 8 14 20 27 15 23 17 26 18 28 11 22 9 21 12 25 16 30 13 29 17 18 19 21 20 23 22 26 1 6 24 30 3 10 4 12 2 11 5 15 27 7 28 9 0 13 25 8 29 14
1 2 3 5 4 7 6 10 19 24 8 14 20 27 15 23 17 26 18 28 11 22 9 21 12 25 16 30 13 29 18 19 20 22 21 24 23 27 2 7 25 0 4 11 5 13 3 12 6 16 28 8 29 10 1 14 26 9 30 15
1 2 3 5 4 7 6 10 19 24 8 14 20 27 15 23 17 26 18 28 11 22 9 21 12 25 16 30 13 29 26 27 28 30 29 1 0 4 10 15 2 8 12 19 13 21 11 20 14 24 5 16 6 18 9 22 3 17 7 23
1 2 3 5 4 7 6 10 19 24 8 14 20 27 15 23 17 26 18 28 11 22 9 21 12 25 16 30 13 29 27 28 29 0 30 2 1 5 11 16 3 9 13 20 14 22 12 21 15 25 6 17 7 19 10 23 4 18 8 24
1 2 3 5 4 7 6 10 19 24 8 14 20 27 15 23 17 26 18 28 11 22 9 21 12 25 16 30 13 29 6 7 8 10 9 12 11 15 21 26 13 19 24 0 25 2 20 29 22 1 16 27 23 4 17 30 14 28 18 3
1 2 3 5 4 7 6 10 19 24 8 14 20 27 15 23 17 26 18 28 11 22 9 21 12 25 16 30 13 29 7 8 9 11 10 13 12 16 22 27 14 20 25 1 26 3 21 30 23 2 17 28 24 5 18 0 15 29 19 4
1 2 3 5 4 7 6 10 19 24 8 14 20 27 15 23 17 26 18 28 11 22 9 21 12 25 16 30 13 29 10 11 12 14 13 16 15 19 25 30 17 23 28 4 29 6 24 2 26 5 20 0 27 8 21 3 18 1 22 7
1 2 3 5 4 7 6 10 19 24 8 14 20 27 15 23 17 26 18 28 11 22 9 21 12 25 16 30 13 29 12 13 14 16 15 18 17 21 27 1 19 25 30 6 0 8 26 4 28 7 22 2 29 10 23 5 20 3 24 9
1 2 3 5 4 7 6 10 19 24 8 14 20 27 15 23 17 26 18 28 11 22 9 21 12 25 16 30 13 29 14 15 16 18 17 20 19 23 29 3 21 27 1 8 2 10 28 6 30 9 24 4 0 12 25 7 22 5 26 11
1 2 3 5 4 7 6 10 19 24 8 14 20 27 15 23 17 26 18 28 11 22 9 21 12 25 16 30 13 29 15 16 17 19 18 21 20 24 30 4 22 28 2 9 3 11 29 7 0 10 25 5 1 13 26 8 23 6 27 12
1 2 3 5 4 7 6 10 19 24 8 14 20 27 15 23 17 26 18 28 11 22 9 21 12 25 16 30 13 29 16 17 18 20 19 22 21 25 0 5 23 29 3 10 4 12 30 8 1 11 26 6 2 14 27 9 24 7 28 13
1 2 3 5 4 7 6 10 19 24 8 14 20 27 15 23 17 26 18 28 11 22 9 21 12 25 16 30 13 29 18 19 20 22 21 24 23 27 2 7 25 0 5 12 6 14 1 10 3 13 28 8 4 16 29 11 26 9 30 15
1 2 3 5 4 7 6 10 19 24 8 14 20 27 15 23 17 26 18 28 11 22 9 21 12 25 16 30 13 29 19 20 21 23 22 25 24 28 3 8 26 1 6 13 7 15 2 11 4 14 29 9 5 17 30 12 27 10 0 16
1 2 3 5 4 7 6 10 19 24 8 14 20 27 15 23 17 26 18 28 11 22 9 21 12 25 16 30 13 29 20 21 22 24 23 26 25 29 4 9 27 2 7 14 8 16 3 12 5 15 30 10 6 18 0 13 28 11 1 17
1 2 3 5 4 7 6 10 19 24 8 14 20 27 15 23 17 26 18 28 11 22 9 21 12 25 16 30 13 29 21 22 23 25 24 27 26 30 5 10 28 3 8 15 9 17 4 13 6 16 0 11 7 19 1 14 29 12 2 18
1 2 3 5 4 7 6 10 19 24 8 14 20 27 15 23 17 26 18 28 11 22 9 21 12 25 16 30 13 29 24 25 26 28 27 30 29 2 8 13 0 6 11 18 12 20 7 16 9 19 3 14 10 22 4 17 1 15 5 21
1 2 3 5 4 7 6 10 19 24 8 14 20 27 15 23 17 26 18 28 11 22 9 21 12 25 16 30 13 29 25 26 27 29 28 0 30 3 9 14 1 7 12 19 13 21 8 17 10 20 4 15 11 23 5 18 2 16 6 22
1 2 3 5 4 7 6 10 19 24 8 14 20 27 15 23 17 26 18 28 11 22 9 21 12 25 16 30 13 29 6 7 8 10 9 12 11 15 21 26 13 19 22 29 23 0 24 2 25 4 16 27 20 1 17 30 14 28 18 3
1 2 3 5 4 7 6 10 19 24 8 14 20 27 15 23 17 26 18 28 11 22 9 21 12 25 16 30 13 29 14 15 16 18 17 20 19 23 29 3 21 27 30 6 0 8 1 10 2 12 24 4 28 9 25 7 22 5 26 11
1 2 3 5 4 7 6 10 19 24 8 14 20 27 15 23 17 26 18 28 11 22 9 21 12 25 16 30 13 29 17 18 19 21 20 23 22 26 1 6 24 30 2 9 3 11 4 13 5 15 27 7 0 12 28 10 25 8 29 14
1 2 3 5 4 7 6 10 19 24 8 14 20 27 15 23 17 26 18 28 11 22 9 21 12 25 16 30 13 29 18 19 20 22 21 24 23 27 2 7 25 0 3 10 4 12 5 14 6 16 28 8 1 13 29 11 26 9 30 15
1 2 3 5 4 7 6 10 19 24 8 14 20 27 15 23 17 26 18 28 11 22 9 21 12 25 16 30 13 29 19 20 21 23 22 25 24 28 3 8 26 1 4 11 5 13 6 15 7 17 29 9 2 14 30 12 27 10 0 16
1 2 3 5 4 7 6 10 19 24 8 14 20 27 15 23 17 26 18 28 11 22 9 21 12 25 16 30 13 29 20 21 22 24 23 26 25 29 4 9 27 2 5 12 6 14 7 16 8 18 30 10 3 15 0 13 28 11 1 17
1 2 3 5 4 7 6 10 19 24 8 14 20 27 15 23 17 26 18 28 11 22 9 21 12 25 16 30 13 29 24 25 26 28 27 30 29 2 8 13 0 6 9 16 10 18 11 20 12 22 3 14 7 19 4 17 1 15 5 21
1 2 3 5 4 7 6 10 19 24 8 14 20 27 15 23 17 26 18 28 11 22 9 21 12 25 16 30 13 29 25 26 27 29 28 0 30 3 9 14 1 7 10 17 11 19 12 21 13 23 4 15 8 20 5 18 2 16 6 22
1 2 3 5 4 7 6 10 19 24 8 14 20 27 15 23 17 26 18 28 11 22 9 21 12 25 16 30 13 29 28 29 30 1 0 3 2 6 12 17 4 10 13 20 14 22 15 24 16 26 7 18 11 23 8 21 5 19 9 25
1 2 3 5 4 7 6 10 19 24 8 14 20 27 15 23 17 26 18 28 11 22 9 21 12 25 16 30 13 29 4 5 6 8 7 10 9 13 23 28 11 17 22 29 16 24 18 27 20 30 14 25 21 2 19 1 12 26 15 0
1 2 3 5 4 7 6 10 19 24 8 14 20 27 15 23 17 26 18 28 11 22 9 21 12 25 16 30 13 29 7 8 9 11 10 13 12 16 26 0 14 20 25 1 19 27 21 30 23 2 17 28 24 5 22 4 15 29 18 3
1 2 3 5 4 7 6 10 19 24 8 14 20 27 15 23 17 26 18 28 11 22 9 21 12 25 16 30 13 29 10 11 12 14 13 16 15 19 29 3 17 23 28 4 22 30 24 2 26 5 20 0 27 8 25 7 18 1 21 6
1 2 3 5 4 7 6 10 19 24 8 14 20 27 15 23 17 26 18 28 11 22 9 21 12 25 16 30 13 29 12 13 14 16 15 18 17 21 0 5 19 25 30 6 24 1 26 4 28 7 22 2 29 10 27 9 20 3 23 8
1 2 3 5 4 7 6 10 19 24 8 14 20 27 15 23 17 26 18 28 11 22 9 21 12 25 16 30 13 29 19 20 21 23 22 25 24 28 7 12 26 1 6 13 0 8 2 11 4 14 29 9 5 17 3 16 27 10 30 15
1 2 3 5 4 7 6 10 19 24 8 14 20 27 15 23 17 26 18 28 11 22 9 21 12 25 16 30 13 29 26 27 28 30 29 1 0 4 14 19 2 8 13 20 7 15 9 18 11 21 5 16 12 24 10 23 3 17 6 22
1 2 3 5 4 7 6 10 19 24 8 14 20 27 15 23 17 26 18 28 11 22 9 21 12 25 16 30 13 29 13 14 15 17 16 19 18 22 0 5 20 26 1 8 25 2 29 7 27 6 23 3 30 11 28 10 21 4 24 9
1 2 3 5 4 7 6 10 19 24 8 14 20 27 15 23 17 26 18 28 11 22 9 21 12 25 16 30 13 29 17 18 19 21 20 23 22 26 4 9 24 30 5 12 29 6 2 11 0 10 27 7 3 15 1 14 25 8 28 13
1 2 3 5 4 7 6 10 19 24 8 14 20 27 15 23 17 26 18 28 11 22 9 21 12 25 16 30 13 29 19 20 21 23 22 25 24 28 6 11 26 1 7 14 0 8 4 13 2 12 29 9 5 17 3 16 27 10 30 15
1 2 3 5 4 7 6 10 19 24 8 14 20 27 15 23 17 26 18 28 11 22 9 21 12 25 16 30 13 29 26 27 28 30 29 1 0 4 13 18 2 8 14 21 7 15 11 20 9 19 5 16 12 24 10 23 3 17 6 22
1 2 3 5 4 7 6 10 19 24 8 14 20 27 15 23 17 26 18 28 11 22 9 21 12 25 16 30 13 29 27 28 29 0 30 2 1 5 14 19 3 9 15 22 8 16 12 21 10 20 6 17 13 25 11 24 4 18 7 23
1 2 3 5 4 7 6 10 19 24 8 14 20 27 15 23 17 26 18 28 11 22 9 21 12 25 16 30 13 29 29 30 0 2 1 4 3 7 16 21 5 11 17 24 10 18 14 23 12 22 8 19 15 27 13 26 6 20 9 25
1 2 3 5 4 7 6 10 19 24 8 14 20 27 15 23 17 26 18 28 11 22 9 21 12 25 16 30 13 29 11 12 13 15 14 17 16 20 29 3 18 24 28 4 23 0 30 8 26 5 21 1 25 6 27 9 19 2 22 7
1 2 3 5 4 7 6 10 19 24 8 14 20 27 15 23 17 26 18 28 11 22 9 21 12 25 16 30 13 29 12 13 14 16 15 18 17 21 30 4 19 25 29 5 24 1 0 9 27 6 22 2 26 7 28 10 20 3 23 8
1 2 3 5 4 7 6 10 19 24 8 14 20 27 15 23 17 26 18 28 11 22 9 21 12 25 16 30 13 29 13 14 15 17 16 19 18 22 0 5 20 26 30 6 25 2 1 10 28 7 23 3 27 8 29 11 21 4 24 9
1 2 3 5 4 7 6 10 19 24 8 14 20 27 15 23 17 26 18 28 11 22 9 21 12 25 16 30 13 29 17 18 19 21 20 23 22 26 4 9 24 30 3 10 29 6 5 14 1 11 27 7 0 12 2 15 25 8 28 13
1 2 3 5 4 7 6 10 19 24 8 14 20 27 15 23 17 26 18 28 11 22 9 21 12 25 16 30 13 29 19 20 21 23 22 25 24 28 6 11 26 1 5 12 0 8 7 16 3 13 29 9 2 14 4 17 27 10 30 15
1 2 3 5 4 7 6 10 19 24 8 14 20 27 15 23 17 26 18 28 11 22 9 21 12 25 16 30 13 29 21 22 23 25 24 27 26 30 8 13 28 3 7 14 2 10 9 18 5 15 0 11 4 16 6 19 29 12 1 17
1 2 3 5 4 7 6 10 19 24 8 14 20 27 15 23 17 26 18 28 11 22 9 21 12 25 16 30 13 29 23 24 25 27 26 29 28 1 10 15 30 5 9 16 4 12 11 20 7 17 2 13 6 18 8 21 0 14 3 19
1 2 3 5 4 7 6 10 19 24 8 14 20 27 15 23 17 26 18 28 11 22 9 21 12 25 16 30 13 29 28 29 30 1 0 3 2 6 15 20 4 10 14 21 9 17 16 25 12 22 7 18 11 23 13 26 5 19 8 24
1 2 3 5 4 7 6 10 19 24 8 14 20 27 15 23 17 26 18 28 11 22 9 21 12 25 16 30 13 29 4 5 6 8 7 10 9 13 22 27 11 17 21 28 16 24 20 29 23 2 14 25 18 30 19 1 12 26 15 0
1 2 3 5 4 7 6 10 19 24 8 14 20 27 15 23 17 26 18 28 11 22 9 21 12 25 16 30 13 29 12 13 14 16 15 18 17 21 30 4 19 25 29 5 24 1 28 6 0 10 22 2 26 7 27 9 20 3 23 8
1 2 3 5 4 7 6 10 19 24 8 14 20 27 15 23 17 26 18 28 11 22 9 21 12 25 16 30 13 29 13 14 15 17 16 19 18 22 0 5 20 26 30 6 25 2 29 7 1 11 23 3 27 8 28 10 21 4 24 9
1 2 3 5 4 7 6 10 19 24 8 14 20 27 15 23 17 26 18 28 11 22 9 21 12 25 16 30 13 29 17 18 19 21 20 23 22 26 4 9 24 30 3 10 29 6 2 11 5 15 27 7 0 12 1 14 25 8 28 13
1 2 3 5 4 7 6 10 19 24 8 14 20 27 15 23 17 26 18 28 11 22 9 21 12 25 16 30 13 29 18 19 20 22 21 24 23 27 5 10 25 0 4 11 30 7 3 12 6 16 28 8 1 13 2 15 26 9 29 14
1 2 3 5 4 7 6 10 19 24 8 14 20 27 15 23 17 26 18 28 11 22 9 21 12 25 16 30 13 29 19 20 21 23 22 25 24 28 6 11 26 1 5 12 0 8 4 13 7 17 29 9 2 14 3 16 27 10 30 15
1 2 3 5 4 7 6 10 19 24 8 14 20 27 15 23 17 26 18 28 11 22 9 21 12 25 16 30 13 29 27 28 29 0 30 2 1 5 14 19 3 9 13 20 8 16 12 21 15 25 6 17 10 22 11 24 4 18 7 23
1 2 3 5 4 7 6 10 19 24 8 14 20 27 15 23 17 26 18 28 11 22 9 21 12 25 16 30 13 29 29 30 0 2 1 4 3 7 16 21 5 11 15 22 10 18 14 23 17 27 8 19 12 24 13 26 6 20 9 25
1 2 3 5 4 7 6 10 19 24 8 14 20 27 15 23 17 26 18 28 11 22 9 21 12 25 16 30 13 29 5 6 7 9 8 11 10 14 20 25 12 18 24 0 22 30 19 28 23 2 15 26 17 29 21 3 13 27 16 1
1 2 3 5 4 7 6 10 19 24 8 14 20 27 15 23 17 26 18 28 11 22 9 21 12 25 16 30 13 29 10 11 12 14 13 16 15 19 25 30 17 23 29 5 27 4 24 2 28 7 20 0 22 3 26 8 18 1 21 6
1 2 3 5 4 7 6 10 19 24 8 14 20 27 15 23 17 26 18 28 11 22 9 21 12 25 16 30 13 29 11 12 13 15 14 17 16 20 26 0 18 24 30 6 28 5 25 3 29 8 21 1 23 4 27 9 19 2 22 7
1 2 3 5 4 7 6 10 19 24 8 14 20 27 15 23 17 26 18 28 11 22 9 21 12 25 16 30 13 29 12 13 14 16 15 18 17 21 27 1 19 25 0 7 29 6 26 4 30 9 22 2 24 5 28 10 20 3 23 8
1 2 3 5 4 7 6 10 19 24 8 14 20 27 15 23 17 26 18 28 11 22 9 21 12 25 16 30 13 29 15 16 17 19 18 21 20 24 30 4 22 28 3 10 1 9 29 7 2 12 25 5 27 8 0 13 23 6 26 11
1 2 3 5 4 7 6 10 19 24 8 14 20 27 15 23 17 26 18 28 11 22 9 21 12 25 16 30 13 29 19 20 21 23 22 25 24 28 3 8 26 1 7 14 5 13 2 11 6 16 29 9 0 12 4 17 27 10 30 15
1 2 3 5 4 7 6 10 19 24 8 14 20 27 15 23 17 26 18 28 11 22 9 21 12 25 16 30 13 29 20 21 22 24 23 26 25 29 4 9 27 2 8 15 6 14 3 12 7 17 30 10 1 13 5 18 28 11 0 16
1 2 3 5 4 7 6 10 19 24 8 14 20 27 15 23 17 26 18 28 11 22 9 21 12 25 16 30 13 29 26 27 28 30 29 1 0 4 10 15 2 8 14 21 12 20 9 18 13 23 5 16 7 19 11 24 3 17 6 22
1 2 3 5 4 7 6 10 19 24 8 14 20 27 15 23 17 26 18 28 11 22 9 21 12 25 16 30 13 29 10 11 12 14 13 16 15 19 25 30 17 23 29 5 26 3 24 2 28 7 20 0 27 8 22 4 18 1 21 6
1 2 3 5 4 7 6 10 19 24 8 14 20 27 15 23 17 26 18 28 11 22 9 21 12 25 16 30 13 29 14 15 16 18 17 20 19 23 29 3 21 27 2 9 30 7 28 6 1 11 24 4 0 12 26 8 22 5 25 10
1 2 3 5 4 7 6 10 19 24 8 14 20 27 15 23 17 26 18 28 11 22 9 21 12 25 16 30 13 29 26 27 28 30 29 1 0 4 10 15 2 8 14 21 11 19 9 18 13 23 5 16 12 24 7 20 3 17 6 22
1 2 3 5 4 7 6 10 19 24 8 14 20 27 15 23 17 26 18 28 11 22 9 21 12 25 16 30 13 29 27 28 29 0 30 2 1 5 11 16 3 9 15 22 12 20 10 19 14 24 6 17 13 25 8 21 4 18 7 23
1 2 3 5 4 7 6 10 19 24 8 14 20 27 15 23 17 26 18 28 11 22 9 21 12 25 16 30 13 29 28 29 30 1 0 3 2 6 12 17 4 10 16 23 13 21 11 20 15 25 7 18 14 26 9 22 5 19 8 24
1 2 3 5 4 7 6 10 19 24 8 14 20 27 15 23 17 26 18 28 11 22 9 21 12 25 16 30 13 29 6 7 8 10 9 12 11 15 21 26 13 19 23 30 24 1 20 29 25 4 16 27 22 3 18 0 14 28 17 2
1 2 3 5 4 7 6 10 19 24 8 14 20 27 15 23 17 26 18 28 11 22 9 21 12 25 16 30 13 29 11 12 13 15 14 17 16 20 26 0 18 24 28 4 29 6 25 3 30 9 21 1 27 8 23 5 19 2 22 7
1 2 3 5 4 7 6 10 19 24 8 14 20 27 15 23 17 26 18 28 11 22 9 21 12 25 16 30 13 29 14 15 16 18 17 20 19 23 29 3 21 27 0 7 1 9 28 6 2 12 24 4 30 11 26 8 22 5 25 10
1 2 3 5 4 7 6 10 19 24 8 14 20 27 15 23 17 26 18 28 11 22 9 21 12 25 16 30 13 29 16 17 18 20 19 22 21 25 0 5 23 29 2 9 3 11 30 8 4 14 26 6 1 13 28 10 24 7 27 12
1 2 3 5 4 7 6 10 19 24 8 14 20 27 15 23 17 26 18 28 11 22 9 21 12 25 16 30 13 29 18 19 20 22 21 24 23 27 2 7 25 0 4 11 5 13 1 10 6 16 28 8 3 15 30 12 26 9 29 14
1 2 3 5 4 7 6 10 19 24 8 14 20 27 15 23 17 26 18 28 11 22 9 21 12 25 16 30 13 29 19 20 21 23 22 25 24 28 3 8 26 1 5 12 6 14 2 11 7 17 29 9 4 16 0 13 27 10 30 15
1 2 3 5 4 7 6 10 19 24 8 14 20 27 15 23 17 26 18 28 11 22 9 21 12 25 16 30 13 29 20 21 22 24 23 26 25 29 4 9 27 2 6 13 7 15 3 12 8 18 30 10 5 17 1 14 28 11 0 16
1 2 3 5 4 7 6 10 19 24 8 14 20 27 15 23 17 26 18 28 11 22 9 21 12 25 16 30 13 29 23 24 25 27 26 29 28 1 7 12 30 5 9 16 10 18 6 15 11 21 2 13 8 20 4 17 0 14 3 19
1 2 3 5 4 7 6 10 19 24 8 14 20 27 15 23 17 26 18 28 11 22 9 21 12 25 16 30 13 29 7 8 9 11 10 13 12 16 22 27 14 20 23 30 25 2 26 4 21 0 17 28 24 5 19 1 15 29 18 3
1 2 3 5 4 7 6 10 19 24 8 14 20 27 15 23 17 26 18 28 11 22 9 21 12 25 16 30 13 29 13 14 15 17 16 19 18 22 28 2 20 26 29 5 0 8 1 10 27 6 23 3 30 11 25 7 21 4 24 9
1 2 3 5 4 7 6 10 19 24 8 14 20 27 15 23 17 26 18 28 11 22 9 21 12 25 16 30 13 29 14 15 16 18 17 20 19 23 29 3 21 27 30 6 1 9 2 11 28 7 24 4 0 12 26 8 22 5 25 10
1 2 3 5 4 7 6 10 19 24 8 14 20 27 15 23 17 26 18 28 11 22 9 21 12 25 16 30 13 29 18 19 20 22 21 24 23 27 2 7 25 0 3 10 5 13 6 15 1 11 28 8 4 16 30 12 26 9 29 14
1 2 3 5 4 7 6 10 19 24 8 14 20 27 15 23 17 26 18 28 11 22 9 21 12 25 16 30 13 29 19 20 21 23 22 25 24 28 3 8 26 1 4 11 6 14 7 16 2 12 29 9 5 17 0 13 27 10 30 15
1 2 3 5 4 7 6 10 19 24 8 14 20 27 15 23 17 26 18 28 11 22 9 21 12 25 16 30 13 29 21 22 23 25 24 27 26 30 5 10 28 3 6 13 8 16 9 18 4 14 0 11 7 19 2 15 29 12 1 17
1 2 3 5 4 7 6 10 19 24 8 14 20 27 15 23 17 26 18 28 11 22 9 21 12 25 16 30 13 29 24 25 26 28 27 30 29 2 8 13 0 6 9 16 11 19 12 21 7 17 3 14 10 22 5 18 1 15 4 20
1 2 3 5 4 7 6 10 19 24 8 14 20 27 15 23 17 26 18 28 11 22 9 21 12 25 16 30 13 29 25 26 27 29 28 0 30 3 9 14 1 7 10 17 12 20 13 22 8 18 4 15 11 23 6 19 2 16 5 21
1 2 3 5 4 7 6 10 19 24 8 14 20 27 15 23 17 26 18 28 11 22 9 21 12 25 16 30 13 29 26 27 28 30 29 1 0 4 10 15 2 8 11 18 13 21 14 23 9 19 5 16 12 24 7 20 3 17 6 22
1 2 3 5 4 7 6 10 19 24 8 14 20 27 15 23 17 26 18 28 11 22 9 21 12 25 16 30 13 29 7 8 9 11 10 13 12 16 26 0 14 20 21 28 25 2 18 27 22 1 23 3 24 5 17 30 15 29 19 4
1 2 3 5 4 7 6 10 19 24 8 14 20 27 15 23 17 26 18 28 11 22 9 21 12 25 16 30 13 29 10 11 12 14 13 16 15 19 29 3 17 23 24 0 28 5 21 30 25 4 26 6 27 8 20 2 18 1 22 7
1 2 3 5 4 7 6 10 19 24 8 14 20 27 15 23 17 26 18 28 11 22 9 21 12 25 16 30 13 29 12 13 14 16 15 18 17 21 0 5 19 25 26 2 30 7 23 1 27 6 28 8 29 10 22 4 20 3 24 9
1 2 3 5 4 7 6 10 19 24 8 14 20 27 15 23 17 26 18 28 11 22 9 21 12 25 16 30 13 29 14 15 16 18 17 20 19 23 2 7 21 27 28 4 1 9 25 3 29 8 30 10 0 12 24 6 22 5 26 11
1 2 3 5 4 7 6 10 19 24 8 14 20 27 15 23 17 26 18 28 11 22 9 21 12 25 16 30 13 29 16 17 18 20 19 22 21 25 4 9 23 29 30 6 3 11 27 5 0 10 1 12 2 14 26 8 24 7 28 13
1 2 3 5 4 7 6 10 19 24 8 14 20 27 15 23 17 26 18 28 11 22 9 21 12 25 16 30 13 29 17 18 19 21 20 23 22 26 5 10 24 30 0 7 4 12 28 6 1 11 2 13 3 15 27 9 25 8 29 14
1 2 3 5 4 7 6 10 19 24 8 14 20 27 15 23 17 26 18 28 11 22 9 21 12 25 16 30 13 29 18 19 20 22 21 24 23 27 6 11 25 0 1 8 5 13 29 7 2 12 3 14 4 16 28 10 26 9 30 15
1 2 3 5 4 7 6 10 19 24 8 14 20 27 15 23 17 26 18 28 11 22 9 21 12 25 16 30 13 29 20 21 22 24 23 26 25 29 8 13 27 2 3 10 7 15 0 9 4 14 5 16 6 18 30 12 28 11 1 17
1 2 3 5 4 7 6 10 19 24 8 14 20 27 15 23 17 26 18 28 11 22 9 21 12 25 16 30 13 29 21 22 23 25 24 27 26 30 9 14 28 3 4 11 8 16 1 10 5 15 6 17 7 19 0 13 29 12 2 18
1 2 3 5 4 7 6 10 19 24 8 14 20 27 15 23 17 26 18 28 11 22 9 21 12 25 16 30 13 29 22 23 24 26 25 28 27 0 10 15 29 4 5 12 9 17 2 11 6 16 7 18 8 20 1 14 30 13 3 19
1 2 3 5 4 7 6 10 19 24 8 14 20 27 15 23 17 26 18 28 11 22 9 21 12 25 16 30 13 29 25 26 27 29 28 0 30 3 13 18 1 7 8 15 12 20 5 14 9 19 10 21 11 23 4 17 2 16 6 22
1 2 3 5 4 7 6 10 19 24 8 14 20 27 15 23 17 26 18 28 11 22 9 21 12 25 16 30 13 29 27 28 29 0 30 2 1 5 15 20 3 9 10 17 14 22 7 16 11 21 12 23 13 25 6 19 4 18 8 24
1 2 3 5 4 7 6 10 19 24 8 14 20 27 15 23 17 26 18 28 11 22 9 21 12 25 16 30 13 29 29 30 0 2 1 4 3 7 17 22 5 11 12 19 16 24 9 18 13 23 14 25 15 27 8 21 6 20 10 26
1 2 3 5 4 7 6 10 19 24 8 14 20 27 15 23 17 26 18 28 11 22 9 21 12 25 16 30 13 29 7 8 9 11 10 13 12 16 26 0 14 20 21 28 24 1 18 27 23 2 25 5 22 3 17 30 15 29 19 4
1 2 3 5 4 7 6 10 19 24 8 14 20 27 15 23 17 26 18 28 11 22 9 21 12 25 16 30 13 29 11 12 13 15 14 17 16 20 30 4 18 24 25 1 28 5 22 0 27 6 29 9 26 7 21 3 19 2 23 8
1 2 3 5 4 7 6 10 19 24 8 14 20 27 15 23 17 26 18 28 11 22 9 21 12 25 16 30 13 29 12 13 14 16 15 18 17 21 0 5 19 25 26 2 29 6 23 1 28 7 30 10 27 8 22 4 20 3 24 9
1 2 3 5 4 7 6 10 19 24 8 14 20 27 15 23 17 26 18 28 11 22 9 21 12 25 16 30 13 29 16 17 18 20 19 22 21 25 4 9 23 29 30 6 2 10 27 5 1 11 3 14 0 12 26 8 24 7 28 13
1 2 3 5 4 7 6 10 19 24 8 14 20 27 15 23 17 26 18 28 11 22 9 21 12 25 16 30 13 29 19 20 21 23 22 25 24 28 7 12 26 1 2 9 5 13 30 8 4 14 6 17 3 15 29 11 27 10 0 16
1 2 3 5 4 7 6 10 19 24 8 14 20 27 15 23 17 26 18 28 11 22 9 21 12 25 16 30 13 29 20 21 22 24 23 26 25 29 8 13 27 2 3 10 6 14 0 9 5 15 7 18 4 16 30 12 28 11 1 17
1 2 3 5 4 7 6 10 19 24 8 14 20 27 15 23 17 26 18 28 11 22 9 21 12 25 16 30 13 29 27 28 29 0 30 2 1 5 15 20 3 9 10 17 13 21 7 16 12 22 14 25 11 23 6 19 4 18 8 24
1 2 3 5 4 7 6 10 19 24 8 14 20 27 15 23 17 26 18 28 11 22 9 21 12 25 16 30 13 29 7 8 9 11 10 13 12 16 23 28 14 20 25 1 26 3 18 27 21 0 22 2 24 5 17 30 15 29 19 4
1 2 3 5 4 7 6 10 19 24 8 14 20 27 15 23 17 26 18 28 11 22 9 21 12 25 16 30 13 29 10 11 12 14 13 16 15 19 26 0 17 23 28 4 29 6 21 30 24 3 25 5 27 8 20 2 18 1 22 7
1 2 3 5 4 7 6 10 19 24 8 14 20 27 15 23 17 26 18 28 11 22 9 21 12 25 16 30 13 29 11 12 13 15 14 17 16 20 27 1 18 24 29 5 30 7 22 0 25 4 26 6 28 9 21 3 19 2 23 8
1 2 3 5 4 7 6 10 19 24 8 14 20 27 15 23 17 26 18 28 11 22 9 21 12 25 16 30 13 29 13 14 15 17 16 19 18 22 29 3 20 26 0 7 1 9 24 2 27 6 28 8 30 11 23 5 21 4 25 10
1 2 3 5 4 7 6 10 19 24 8 14 20 27 15 23 17 26 18 28 11 22 9 21 12 25 16 30 13 29 16 17 18 20 19 22 21 25 1 6 23 29 3 10 4 12 27 5 30 9 0 11 2 14 26 8 24 7 28 13
1 2 3 5 4 7 6 10 19 24 8 14 20 27 15 23 17 26 18 28 11 22 9 21 12 25 16 30 13 29 17 18 19 21 20 23 22 26 2 7 24 30 4 11 5 13 28 6 0 10 1 12 3 15 27 9 25 8 29 14
1 2 3 5 4 7 6 10 19 24 8 14 20 27 15 23 17 26 18 28 11 22 9 21 12 25 16 30 13 29 20 21 22 24 23 26 25 29 5 10 27 2 7 14 8 16 0 9 3 13 4 15 6 18 30 12 28 11 1 17
1 2 3 5 4 7 6 10 19 24 8 14 20 27 15 23 17 26 18 28 11 22 9 21 12 25 16 30 13 29 22 23 24 26 25 28 27 0 7 12 29 4 9 16 10 18 2 11 5 15 6 17 8 20 1 14 30 13 3 19
1 2 3 5 4 7 6 10 19 24 8 14 20 27 15 23 17 26 18 28 11 22 9 21 12 25 16 30 13 29 29 30 0 2 1 4 3 7 14 19 5 11 16 23 17 25 9 18 12 22 13 24 15 27 8 21 6 20 10 26
1 2 3 5 4 7 6 10 19 24 8 14 20 27 15 23 17 26 18 28 11 22 9 21 12 25 16 30 13 29 7 8 9 11 10 13 12 16 23 28 14 20 26 2 24 1 18 27 21 0 25 5 22 3 17 30 15 29 19 4
1 2 3 5 4 7 6 10 19 24 8 14 20 27 15 23 17 26 18 28 11 22 9 21 12 25 16 30 13 29 11 12 13 15 14 17 16 20 27 1 18 24 30 6 28 5 22 0 25 4 29 9 26 7 21 3 19 2 23 8
1 2 3 5 4 7 6 10 19 24 8 14 20 27 15 23 17 26 18 28 11 22 9 21 12 25 16 30 13 29 13 14 15 17 16 19 18 22 29 3 20 26 1 8 30 7 24 2 27 6 0 11 28 9 23 5 21 4 25 10
1 2 3 5 4 7 6 10 19 24 8 14 20 27 15 23 17 26 18 28 11 22 9 21 12 25 16 30 13 29 17 18 19 21 20 23 22 26 2 7 24 30 5 12 3 11 28 6 0 10 4 15 1 13 27 9 25 8 29 14
1 2 3 5 4 7 6 10 19 24 8 14 20 27 15 23 17 26 18 28 11 22 9 21 12 25 16 30 13 29 19 20 21 23 22 25 24 28 4 9 26 1 7 14 5 13 30 8 2 12 6 17 3 15 29 11 27 10 0 16
1 2 3 5 4 7 6 10 19 24 8 14 20 27 15 23 17 26 18 28 11 22 9 21 12 25 16 30 13 29 20 21 22 24 23 26 25 29 5 10 27 2 8 15 6 14 0 9 3 13 7 18 4 16 30 12 28 11 1 17
1 2 3 5 4 7 6 10 19 24 8 14 20 27 15 23 17 26 18 28 11 22 9 21 12 25 16 30 13 29 23 24 25 27 26 29 28 1 8 13 30 5 11 18 9 17 3 12 6 16 10 21 7 19 2 15 0 14 4 20
1 2 3 5 4 7 6 10 19 24 8 14 20 27 15 23 17 26 18 28 11 22 9 21 12 25 16 30 13 29 0 1 2 4 3 6 5 9 16 21 7 13 19 26 17 25 11 20 14 24 18 29 15 27 10 23 8 22 12 28
1 2 3 5 4 7 6 10 19 24 8 14 20 27 15 23 17 26 18 28 11 22 9 21 12 25 16 30 13 29 5 6 7 9 8 11 10 14 21 26 12 18 22 29 23 0 16 25 24 3 19 30 20 1 15 28 13 27 17 2
1 2 3 5 4 7 6 10 19 24 8 14 20 27 15 23 17 26 18 28 11 22 9 21 12 25 16 30 13 29 11 12 13 15 14 17 16 20 27 1 18 24 28 4 29 6 22 0 30 9 25 5 26 7 21 3 19 2 23 8
1 2 3 5 4 7 6 10 19 24 8 14 20 27 15 23 17 26 18 28 11 22 9 21 12 25 16 30 13 29 13 14 15 17 16 19 18 22 29 3 20 26 30 6 0 8 24 2 1 11 27 7 28 9 23 5 21 4 25 10
1 2 3 5 4 7 6 10 19 24 8 14 20 27 15 23 17 26 18 28 11 22 9 21 12 25 16 30 13 29 16 17 18 20 19 22 21 25 1 6 23 29 2 9 3 11 27 5 4 14 30 10 0 12 26 8 24 7 28 13
1 2 3 5 4 7 6 10 19 24 8 14 20 27 15 23 17 26 18 28 11 22 9 21 12 25 16 30 13 29 18 19 20 22 21 24 23 27 3 8 25 0 4 11 5 13 29 7 6 16 1 12 2 14 28 10 26 9 30 15
1 2 3 5 4 7 6 10 19 24 8 14 20 27 15 23 17 26 18 28 11 22 9 21 12 25 16 30 13 29 20 21 22 24 23 26 25 29 5 10 27 2 6 13 7 15 0 9 8 18 3 14 4 16 30 12 28 11 1 17
1 2 3 5 4 7 6 10 19 24 8 14 20 27 15 23 17 26 18 28 11 22 9 21 12 25 16 30 13 29 21 22 23 25 24 27 26 30 6 11 28 3 7 14 8 16 1 10 9 19 4 15 5 17 0 13 29 12 2 18
1 2 3 5 4 7 6 10 19 24 8 14 20 27 15 23 17 26 18 28 11 22 9 21 12 25 16 30 13 29 23 24 25 27 26 29 28 1 8 13 30 5 9 16 10 18 3 12 11 21 6 17 7 19 2 15 0 14 4 20
1 2 3 5 4 7 6 10 19 24 8 14 20 27 15 23 17 26 18 28 11 22 9 21 12 25 16 30 13 29 26 27 28 30 29 1 0 4 11 16 2 8 12 19 13 21 6 15 14 24 9 20 10 22 5 18 3 17 7 23
1 2 3 5 4 7 6 10 19 24 8 14 20 27 15 23 17 26 18 28 11 22 9 21 12 25 16 30 13 29 27 28 29 0 30 2 1 5 12 17 3 9 13 20 14 22 7 16 15 25 10 21 11 23 6 19 4 18 8 24
1 2 3 5 4 7 6 10 19 24 8 14 20 27 15 23 17 26 18 28 11 22 9 21 12 25 16 30 13 29 0 1 2 4 3 6 5 9 16 21 7 13 17 24 18 26 11 20 19 29 14 25 15 27 10 23 8 22 12 28
1 2 3 5 4 7 6 10 19 24 8 14 20 27 15 23 17 26 18 28 11 22 9 21 12 25 16 30 13 29 4 5 6 8 7 10 9 13 20 25 11 17 21 28 23 0 15 24 19 29 22 2 18 30 14 27 12 26 16 1
1 2 3 5 4 7 6 10 19 24 8 14 20 27 15 23 17 26 18 28 11 22 9 21 12 25 16 30 13 29 10 11 12 14 13 16 15 19 26 0 17 23 27 3 29 6 21 30 25 4 28 8 24 5 20 2 18 1 22 7
1 2 3 5 4 7 6 10 19 24 8 14 20 27 15 23 17 26 18 28 11 22 9 21 12 25 16 30 13 29 14 15 16 18 17 20 19 23 30 4 21 27 0 7 2 10 25 3 29 8 1 12 28 9 24 6 22 5 26 11
1 2 3 5 4 7 6 10 19 24 8 14 20 27 15 23 17 26 18 28 11 22 9 21 12 25 16 30 13 29 16 17 18 20 19 22 21 25 1 6 23 29 2 9 4 12 27 5 0 10 3 14 30 11 26 8 24 7 28 13
1 2 3 5 4 7 6 10 19 24 8 14 20 27 15 23 17 26 18 28 11 22 9 21 12 25 16 30 13 29 17 18 19 21 20 23 22 26 2 7 24 30 3 10 5 13 28 6 1 11 4 15 0 12 27 9 25 8 29 14
1 2 3 5 4 7 6 10 19 24 8 14 20 27 15 23 17 26 18 28 11 22 9 21 12 25 16 30 13 29 18 19 20 22 21 24 23 27 3 8 25 0 4 11 6 14 29 7 2 12 5 16 1 13 28 10 26 9 30 15
1 2 3 5 4 7 6 10 19 24 8 14 20 27 15 23 17 26 18 28 11 22 9 21 12 25 16 30 13 29 20 21 22 24 23 26 25 29 5 10 27 2 6 13 8 16 0 9 4 14 7 18 3 15 30 12 28 11 1 17
1 2 3 5 4 7 6 10 19 24 8 14 20 27 15 23 17 26 18 28 11 22 9 21 12 25 16 30 13 29 21 22 23 25 24 27 26 30 6 11 28 3 7 14 9 17 1 10 5 15 8 19 4 16 0 13 29 12 2 18
1 2 3 5 4 7 6 10 19 24 8 14 20 27 15 23 17 26 18 28 11 22 9 21 12 25 16 30 13 29 23 24 25 27 26 29 28 1 8 13 30 5 9 16 11 19 3 12 7 17 10 21 6 18 2 15 0 14 4 20
1 2 3 5 4 7 6 10 19 24 8 14 20 27 15 23 17 26 18 28 11 22 9 21 12 25 16 30 13 29 25 26 27 29 28 0 30 3 10 15 1 7 11 18 13 21 5 14 9 19 12 23 8 20 4 17 2 16 6 22
1 2 3 5 4 7 6 10 19 24 8 14 20 27 15 23 17 26 18 28 11 22 9 21 12 25 16 30 13 29 29 30 0 2 1 4 3 7 14 19 5 11 15 22 17 25 9 18 13 23 16 27 12 24 8 21 6 20 10 26
1 2 3 5 4 7 6 10 19 24 8 14 20 27 15 23 17 26 18 28 11 22 9 21 12 25 16 30 13 29 6 7 8 10 9 12 11 15 21 26 13 19 25 1 22 30 24 2 17 27 20 0 23 4 16 29 14 28 18 3
1 2 3 5 4 7 6 10 19 24 8 14 20 27 15 23 17 26 18 28 11 22 9 21 12 25 16 30 13 29 13 14 15 17 16 19 18 22 28 2 20 26 1 8 29 6 0 9 24 3 27 7 30 11 23 5 21 4 25 10
1 2 3 5 4 7 6 10 19 24 8 14 20 27 15 23 17 26 18 28 11 22 9 21 12 25 16 30 13 29 14 15 16 18 17 20 19 23 29 3 21 27 2 9 30 7 1 10 25 4 28 8 0 12 24 6 22 5 26 11
1 2 3 5 4 7 6 10 19 24 8 14 20 27 15 23 17 26 18 28 11 22 9 21 12 25 16 30 13 29 18 19 20 22 21 24 23 27 2 7 25 0 6 13 3 11 5 14 29 8 1 12 4 16 28 10 26 9 30 15
1 2 3 5 4 7 6 10 19 24 8 14 20 27 15 23 17 26 18 28 11 22 9 21 12 25 16 30 13 29 26 27 28 30 29 1 0 4 10 15 2 8 14 21 11 19 13 22 6 16 9 20 12 24 5 18 3 17 7 23
1 2 3 5 4 7 6 10 19 24 8 14 20 27 15 23 17 26 18 28 11 22 9 21 12 25 16 30 13 29 29 30 0 2 1 4 3 7 13 18 5 11 17 24 14 22 16 25 9 19 12 23 15 27 8 21 6 20 10 26
1 2 3 5 4 7 6 10 19 24 8 14 20 27 15 23 17 26 18 28 11 22 9 21 12 25 16 30 13 29 11 12 13 15 14 17 16 20 26 0 18 24 28 4 30 7 27 5 22 1 29 9 25 6 21 3 19 2 23 8
1 2 3 5 4 7 6 10 19 24 8 14 20 27 15 23 17 26 18 28 11 22 9 21 12 25 16 30 13 29 12 13 14 16 15 18 17 21 27 1 19 25 29 5 0 8 28 6 23 2 30 10 26 7 22 4 20 3 24 9
1 2 3 5 4 7 6 10 19 24 8 14 20 27 15 23 17 26 18 28 11 22 9 21 12 25 16 30 13 29 13 14 15 17 16 19 18 22 28 2 20 26 30 6 1 9 29 7 24 3 0 11 27 8 23 5 21 4 25 10
1 2 3 5 4 7 6 10 19 24 8 14 20 27 15 23 17 26 18 28 11 22 9 21 12 25 16 30 13 29 14 15 16 18 17 20 19 23 29 3 21 27 0 7 2 10 30 8 25 4 1 12 28 9 24 6 22 5 26 11
1 2 3 5 4 7 6 10 19 24 8 14 20 27 15 23 17 26 18 28 11 22 9 21 12 25 16 30 13 29 15 16 17 19 18 21 20 24 30 4 22 28 1 8 3 11 0 9 26 5 2 13 29 10 25 7 23 6 27 12
1 2 3 5 4 7 6 10 19 24 8 14 20 27 15 23 17 26 18 28 11 22 9 21 12 25 16 30 13 29 16 17 18 20 19 22 21 25 0 5 23 29 2 9 4 12 1 10 27 6 3 14 30 11 26 8 24 7 28 13
1 2 3 5 4 7 6 10 19 24 8 14 20 27 15 23 17 26 18 28 11 22 9 21 12 25 16 30 13 29 17 18 19 21 20 23 22 26 1 6 24 30 3 10 5 13 2 11 28 7 4 15 0 12 27 9 25 8 29 14
1 2 3 5 4 7 6 10 19 24 8 14 20 27 15 23 17 26 18 28 11 22 9 21 12 25 16 30 13 29 18 19 20 22 21 24 23 27 2 7 25 0 4 11 6 14 3 12 29 8 5 16 1 13 28 10 26 9 30 15
1 2 3 5 4 7 6 10 19 24 8 14 20 27 15 23 17 26 18 28 11 22 9 21 12 25 16 30 13 29 19 20 21 23 22 25 24 28 3 8 26 1 5 12 7 15 4 13 30 9 6 17 2 14 29 11 27 10 0 16
1 2 3 5 4 7 6 10 19 24 8 14 20 27 15 23 17 26 18 28 11 22 9 21 12 25 16 30 13 29 20 21 22 24 23 26 25 29 4 9 27 2 6 13 8 16 5 14 0 10 7 18 3 15 30 12 28 11 1 17
1 2 3 5 4 7 6 10 19 24 8 14 20 27 15 23 17 26 18 28 11 22 9 21 12 25 16 30 13 29 21 22 23 25 24 27 26 30 5 10 28 3 7 14 9 17 6 15 1 11 8 19 4 16 0 13 29 12 2 18
1 2 3 5 4 7 6 10 19 24 8 14 20 27 15 23 17 26 18 28 11 22 9 21 12 25 16 30 13 29 29 30 0 2 1 4 3 7 13 18 5 11 15 22 17 25 14 23 9 19 16 27 12 24 8 21 6 20 10 26
1 2 3 5 4 7 6 10 19 24 8 14 20 27 15 23 17 26 18 28 11 22 9 21 12 25 16 30 13 29 5 6 7 9 8 11 10 14 24 29 12 18 19 26 17 25 22 0 20 30 23 3 21 2 15 28 13 27 16 1
1 2 3 5 4 7 6 10 19 24 8 14 20 27 15 23 17 26 18 28 11 22 9 21 12 25 16 30 13 29 7 8 9 11 10 13 12 16 26 0 14 20 21 28 19 27 24 2 22 1 25 5 23 4 17 30 15 29 18 3
1 2 3 5 4 7 6 10 19 24 8 14 20 27 15 23 17 26 18 28 11 22 9 21 12 25 16 30 13 29 10 11 12 14 13 16 15 19 29 3 17 23 24 0 22 30 27 5 25 4 28 8 26 7 20 2 18 1 21 6
1 2 3 5 4 7 6 10 19 24 8 14 20 27 15 23 17 26 18 28 11 22 9 21 12 25 16 30 13 29 11 12 13 15 14 17 16 20 30 4 18 24 25 1 23 0 28 6 26 5 29 9 27 8 21 3 19 2 22 7
1 2 3 5 4 7 6 10 19 24 8 14 20 27 15 23 17 26 18 28 11 22 9 21 12 25 16 30 13 29 12 13 14 16 15 18 17 21 0 5 19 25 26 2 24 1 29 7 27 6 30 10 28 9 22 4 20 3 23 8
1 2 3 5 4 7 6 10 19 24 8 14 20 27 15 23 17 26 18 28 11 22 9 21 12 25 16 30 13 29 14 15 16 18 17 20 19 23 2 7 21 27 28 4 26 3 0 9 29 8 1 12 30 11 24 6 22 5 25 10
1 2 3 5 4 7 6 10 19 24 8 14 20 27 15 23 17 26 18 28 11 22 9 21 12 25 16 30 13 29 15 16 17 19 18 21 20 24 3 8 22 28 29 5 27 4 1 10 30 9 2 13 0 12 25 7 23 6 26 11
1 2 3 5 4 7 6 10 19 24 8 14 20 27 15 23 17 26 18 28 11 22 9 21 12 25 16 30 13 29 16 17 18 20 19 22 21 25 4 9 23 29 30 6 28 5 2 11 0 10 3 14 1 13 26 8 24 7 27 12
1 2 3 5 4 7 6 10 19 24 8 14 20 27 15 23 17 26 18 28 11 22 9 21 12 25 16 30 13 29 18 19 20 22 21 24 23 27 6 11 25 0 1 8 30 7 4 13 2 12 5 16 3 15 28 10 26 9 29 14
1 2 3 5 4 7 6 10 19 24 8 14 20 27 15 23 17 26 18 28 11 22 9 21 12 25 16 30 13 29 19 20 21 23 22 25 24 28 7 12 26 1 2 9 0 8 5 14 3 13 6 17 4 16 29 11 27 10 30 15
1 2 3 5 4 7 6 10 19 24 8 14 20 27 15 23 17 26 18 28 11 22 9 21 12 25 16 30 13 29 21 22 23 25 24 27 26 30 9 14 28 3 4 11 2 10 7 16 5 15 8 19 6 18 0 13 29 12 1 17
1 2 3 5 4 7 6 10 19 24 8 14 20 27 15 23 17 26 18 28 11 22 9 21 12 25 16 30 13 29 23 24 25 27 26 29 28 1 11 16 30 5 6 13 4 12 9 18 7 17 10 21 8 20 2 15 0 14 3 19
1 2 3 5 4 7 6 10 19 24 8 14 20 27 15 23 17 26 18 28 11 22 9 21 12 25 16 30 13 29 25 26 27 29 28 0 30 3 13 18 1 7 8 15 6 14 11 20 9 19 12 23 10 22 4 17 2 16 5 21
1 2 3 5 4 7 6 10 19 24 8 14 20 27 15 23 17 26 18 28 11 22 9 21 12 25 16 30 13 29 29 30 0 2 1 4 3 7 17 22 5 11 12 19 10 18 15 24 13 23 16 27 14 26 8 21 6 20 9 25
1 2 3 5 4 7 6 10 19 24 8 14 20 27 15 23 17 26 18 28 11 22 9 21 12 25 16 30 13 29 7 8 9 11 10 13 12 16 26 0 14 20 21 28 19 27 23 1 25 4 22 2 24 5 17 30 15 29 18 3
1 2 3 5 4 7 6 10 19 24 8 14 20 27 15 23 17 26 18 28 11 22 9 21 12 25 16 30 13 29 10 11 12 14 13 16 15 19 29 3 17 23 24 0 22 30 26 4 28 7 25 5 27 8 20 2 18 1 21 6
1 2 3 5 4 7 6 10 19 24 8 14 20 27 15 23 17 26 18 28 11 22 9 21 12 25 16 30 13 29 14 15 16 18 17 20 19 23 2 7 21 27 28 4 26 3 30 8 1 11 29 9 0 12 24 6 22 5 25 10
1 2 3 5 4 7 6 10 19 24 8 14 20 27 15 23 17 26 18 28 11 22 9 21 12 25 16 30 13 29 17 18 19 21 20 23 22 26 5 10 24 30 0 7 29 6 2 11 4 14 1 12 3 15 27 9 25 8 28 13
1 2 3 5 4 7 6 10 19 24 8 14 20 27 15 23 17 26 18 28 11 22 9 21 12 25 16 30 13 29 21 22 23 25 24 27 26 30 9 14 28 3 4 11 2 10 6 15 8 18 5 16 7 19 0 13 29 12 1 17
1 2 3 5 4 7 6 10 19 24 8 14 20 27 15 23 17 26 18 28 11 22 9 21 12 25 16 30 13 29 24 25 26 28 27 30 29 2 12 17 0 6 7 14 5 13 9 18 11 21 8 19 10 22 3 16 1 15 4 20
1 2 3 5 4 7 6 10 19 24 8 14 20 27 15 23 17 26 18 28 11 22 9 21 12 25 16 30 13 29 25 26 27 29 28 0 30 3 13 18 1 7 8 15 6 14 10 19 12 22 9 20 11 23 4 17 2 16 5 21
1 2 3 5 4 7 6 10 19 24 8 14 20 27 15 23 17 26 18 28 11 22 9 21 12 25 16 30 13 29 29 30 0 2 1 4 3 7 17 22 5 11 12 19 10 18 14 23 16 26 13 24 15 27 8 21 6 20 9 25
1 2 3 5 4 7 6 10 19 24 8 14 20 27 15 23 17 26 18 28 11 22 9 21 12 25 16 30 13 29 6 7 8 10 9 12 11 15 22 27 13 19 24 0 18 26 25 3 20 30 21 1 23 4 16 29 14 28 17 2
1 2 3 5 4 7 6 10 19 24 8 14 20 27 15 23 17 26 18 28 11 22 9 21 12 25 16 30 13 29 7 8 9 11 10 13 12 16 23 28 14 20 25 1 19 27 26 4 21 0 22 2 24 5 17 30 15 29 18 3
1 2 3 5 4 7 6 10 19 24 8 14 20 27 15 23 17 26 18 28 11 22 9 21 12 25 16 30 13 29 10 11 12 14 13 16 15 19 26 0 17 23 28 4 22 30 29 7 24 3 25 5 27 8 20 2 18 1 21 6
1 2 3 5 4 7 6 10 19 24 8 14 20 27 15 23 17 26 18 28 11 22 9 21 12 25 16 30 13 29 13 14 15 17 16 19 18 22 29 3 20 26 0 7 25 2 1 10 27 6 28 8 30 11 23 5 21 4 24 9
1 2 3 5 4 7 6 10 19 24 8 14 20 27 15 23 17 26 18 28 11 22 9 21 12 25 16 30 13 29 17 18 19 21 20 23 22 26 2 7 24 30 4 11 29 6 5 14 0 10 1 12 3 15 27 9 25 8 28 13
1 2 3 5 4 7 6 10 19 24 8 14 20 27 15 23 17 26 18 28 11 22 9 21 12 25 16 30 13 29 25 26 27 29 28 0 30 3 10 15 1 7 12 19 6 14 13 22 8 18 9 20 11 23 4 17 2 16 5 21
1 2 3 5 4 7 6 10 19 24 8 14 20 27 15 23 17 26 18 28 11 22 9 21 12 25 16 30 13 29 26 27 28 30 29 1 0 4 11 16 2 8 13 20 7 15 14 23 9 19 10 21 12 24 5 18 3 17 6 22
1 2 3 5 4 7 6 10 19 24 8 14 20 27 15 23 17 26 18 28 11 22 9 21 12 25 16 30 13 29 4 5 6 8 7 10 9 13 20 25 11 17 23 30 16 24 19 28 22 1 18 29 21 2 14 27 12 26 15 0
1 2 3 5 4 7 6 10 19 24 8 14 20 27 15 23 17 26 18 28 11 22 9 21 12 25 16 30 13 29 6 7 8 10 9 12 11 15 22 27 13 19 25 1 18 26 21 30 24 3 20 0 23 4 16 29 14 28 17 2
1 2 3 5 4 7 6 10 19 24 8 14 20 27 15 23 17 26 18 28 11 22 9 21 12 25 16 30 13 29 7 8 9 11 10 13 12 16 23 28 14 20 26 2 19 27 22 0 25 4 21 1 24 5 17 30 15 29 18 3
1 2 3 5 4 7 6 10 19 24 8 14 20 27 15 23 17 26 18 28 11 22 9 21 12 25 16 30 13 29 10 11 12 14 13 16 15 19 26 0 17 23 29 5 22 30 25 3 28 7 24 4 27 8 20 2 18 1 21 6
1 2 3 5 4 7 6 10 19 24 8 14 20 27 15 23 17 26 18 28 11 22 9 21 12 25 16 30 13 29 11 12 13 15 14 17 16 20 27 1 18 24 30 6 23 0 26 4 29 8 25 5 28 9 21 3 19 2 22 7
1 2 3 5 4 7 6 10 19 24 8 14 20 27 15 23 17 26 18 28 11 22 9 21 12 25 16 30 13 29 13 14 15 17 16 19 18 22 29 3 20 26 1 8 25 2 28 6 0 10 27 7 30 11 23 5 21 4 24 9
1 2 3 5 4 7 6 10 19 24 8 14 20 27 15 23 17 26 18 28 11 22 9 21 12 25 16 30 13 29 17 18 19 21 20 23 22 26 2 7 24 30 5 12 29 6 1 10 4 14 0 11 3 15 27 9 25 8 28 13
1 2 3 5 4 7 6 10 19 24 8 14 20 27 15 23 17 26 18 28 11 22 9 21 12 25 16 30 13 29 22 23 24 26 25 28 27 0 7 12 29 4 10 17 3 11 6 15 9 19 5 16 8 20 1 14 30 13 2 18
1 2 3 5 4 7 6 10 19 24 8 14 20 27 15 23 17 26 18 28 11 22 9 21 12 25 16 30 13 29 26 27 28 30 29 1 0 4 11 16 2 8 14 21 7 15 10 19 13 23 9 20 12 24 5 18 3 17 6 22
1 2 3 5 4 7 6 10 19 24 8 14 20 27 15 23 17 26 18 28 11 22 9 21 12 25 16 30 13 29 29 30 0 2 1 4 3 7 14 19 5 11 17 24 10 18 13 22 16 26 12 23 15 27 8 21 6 20 9 25
1 2 3 5 4 7 6 10 19 24 8 14 20 27 15 23 17 26 18 28 11 22 9 21 12 25 16 30 13 29 6 7 8 10 9 12 11 15 22 27 13 19 24 0 18 26 21 30 25 4 23 3 20 1 16 29 14 28 17 2
1 2 3 5 4 7 6 10 19 24 8 14 20 27 15 23 17 26 18 28 11 22 9 21 12 25 16 30 13 29 11 12 13 15 14 17 16 20 27 1 18 24 29 5 23 0 26 4 30 9 28 8 25 6 21 3 19 2 22 7
1 2 3 5 4 7 6 10 19 24 8 14 20 27 15 23 17 26 18 28 11 22 9 21 12 25 16 30 13 29 18 19 20 22 21 24 23 27 3 8 25 0 5 12 30 7 2 11 6 16 4 15 1 13 28 10 26 9 29 14
1 2 3 5 4 7 6 10 19 24 8 14 20 27 15 23 17 26 18 28 11 22 9 21 12 25 16 30 13 29 19 20 21 23 22 25 24 28 4 9 26 1 6 13 0 8 3 12 7 17 5 16 2 14 29 11 27 10 30 15
1 2 3 5 4 7 6 10 19 24 8 14 20 27 15 23 17 26 18 28 11 22 9 21 12 25 16 30 13 29 21 22 23 25 24 27 26 30 6 11 28 3 8 15 2 10 5 14 9 19 7 18 4 16 0 13 29 12 1 17
1 2 3 5 4 7 6 10 19 24 8 14 20 27 15 23 17 26 18 28 11 22 9 21 12 25 16 30 13 29 22 23 24 26 25 28 27 0 7 12 29 4 9 16 3 11 6 15 10 20 8 19 5 17 1 14 30 13 2 18
1 2 3 5 4 7 6 10 19 24 8 14 20 27 15 23 17 26 18 28 11 22 9 21 12 25 16 30 13 29 23 24 25 27 26 29 28 1 8 13 30 5 10 17 4 12 7 16 11 21 9 20 6 18 2 15 0 14 3 19
1 2 3 5 4 7 6 10 19 24 8 14 20 27 15 23 17 26 18 28 11 22 9 21 12 25 16 30 13 29 24 25 26 28 27 30 29 2 9 14 0 6 11 18 5 13 8 17 12 22 10 21 7 19 3 16 1 15 4 20
1 2 3 5 4 7 6 10 19 24 8 14 20 27 15 23 17 26 18 28 11 22 9 21 12 25 16 30 13 29 5 6 7 9 8 11 10 14 21 26 12 18 22 29 17 25 24 2 20 30 23 3 19 0 15 28 13 27 16 1
1 2 3 5 4 7 6 10 19 24 8 14 20 27 15 23 17 26 18 28 11 22 9 21 12 25 16 30 13 29 9 10 11 13 12 15 14 18 25 30 16 22 26 2 21 29 28 6 24 3 27 7 23 4 19 1 17 0 20 5
1 2 3 5 4 7 6 10 19 24 8 14 20 27 15 23 17 26 18 28 11 22 9 21 12 25 16 30 13 29 10 11 12 14 13 16 15 19 26 0 17 23 27 3 22 30 29 7 25 4 28 8 24 5 20 2 18 1 21 6
1 2 3 5 4 7 6 10 19 24 8 14 20 27 15 23 17 26 18 28 11 22 9 21 12 25 16 30 13 29 11 12 13 15 14 17 16 20 27 1 18 24 28 4 23 0 30 8 26 5 29 9 25 6 21 3 19 2 22 7
1 2 3 5 4 7 6 10 19 24 8 14 20 27 15 23 17 26 18 28 11 22 9 21 12 25 16 30 13 29 14 15 16 18 17 20 19 23 30 4 21 27 0 7 26 3 2 11 29 8 1 12 28 9 24 6 22 5 25 10
1 2 3 5 4 7 6 10 19 24 8 14 20 27 15 23 17 26 18 28 11 22 9 21 12 25 16 30 13 29 15 16 17 19 18 21 20 24 0 5 22 28 1 8 27 4 3 12 30 9 2 13 29 10 25 7 23 6 26 11
1 2 3 5 4 7 6 10 19 24 8 14 20 27 15 23 17 26 18 28 11 22 9 21 12 25 16 30 13 29 16 17 18 20 19 22 21 25 1 6 23 29 2 9 28 5 4 13 0 10 3 14 30 11 26 8 24 7 27 12
1 2 3 5 4 7 6 10 19 24 8 14 20 27 15 23 17 26 18 28 11 22 9 21 12 25 16 30 13 29 17 18 19 21 20 23 22 26 2 7 24 30 3 10 29 6 5 14 1 11 4 15 0 12 27 9 25 8 28 13
1 2 3 5 4 7 6 10 19 24 8 14 20 27 15 23 17 26 18 28 11 22 9 21 12 25 16 30 13 29 18 19 20 22 21 24 23 27 3 8 25 0 4 11 30 7 6 15 2 12 5 16 1 13 28 10 26 9 29 14
1 2 3 5 4 7 6 10 19 24 8 14 20 27 15 23 17 26 18 28 11 22 9 21 12 25 16 30 13 29 21 22 23 25 24 27 26 30 6 11 28 3 7 14 2 10 9 18 5 15 8 19 4 16 0 13 29 12 1 17
1 2 3 5 4 7 6 10 19 24 8 14 20 27 15 23 17 26 18 28 11 22 9 21 12 25 16 30 13 29 25 26 27 29 28 0 30 3 10 15 1 7 11 18 6 14 13 22 9 19 12 23 8 20 4 17 2 16 5 21
1 2 3 5 4 7 6 10 19 24 8 14 20 27 15 23 17 26 18 28 11 22 9 21 12 25 16 30 13 29 27 28 29 0 30 2 1 5 12 17 3 9 13 20 8 16 15 24 11 21 14 25 10 22 6 19 4 18 7 23
1 2 3 5 4 7 6 10 19 24 8 14 20 27 15 23 17 26 18 28 11 22 9 21 12 25 16 30 13 29 0 1 2 4 3 6 5 9 16 21 7 13 17 24 12 20 19 28 15 25 18 29 14 26 10 23 8 22 11 27
1 2 3 5 4 7 6 10 19 24 8 14 20 27 15 23 17 26 18 28 11 22 9 21 12 25 16 30 13 29 14 15 16 18 17 20 19 23 29 3 21 27 2 9 0 8 26 4 28 7 1 12 30 11 24 6 22 5 25 10
1 2 3 5 4 7 6 10 19 24 8 14 20 27 15 23 17 26 18 28 11 22 9 21 12 25 16 30 13 29 15 16 17 19 18 21 20 24 30 4 22 28 3 10 1 9 27 5 29 8 2 13 0 12 25 7 23 6 26 11
1 2 3 5 4 7 6 10 19 24 8 14 20 27 15 23 17 26 18 28 11 22 9 21 12 25 16 30 13 29 17 18 19 21 20 23 22 26 1 6 24 30 5 12 3 11 29 7 0 10 4 15 2 14 27 9 25 8 28 13
1 2 3 5 4 7 6 10 19 24 8 14 20 27 15 23 17 26 18 28 11 22 9 21 12 25 16 30 13 29 18 19 20 22 21 24 23 27 2 7 25 0 6 13 4 12 30 8 1 11 5 16 3 15 28 10 26 9 29 14
1 2 3 5 4 7 6 10 19 24 8 14 20 27 15 23 17 26 18 28 11 22 9 21 12 25 16 30 13 29 19 20 21 23 22 25 24 28 3 8 26 1 7 14 5 13 0 9 2 12 6 17 4 16 29 11 27 10 30 15
1 2 3 5 4 7 6 10 19 24 8 14 20 27 15 23 17 26 18 28 11 22 9 21 12 25 16 30 13 29 20 21 22 24 23 26 25 29 4 9 27 2 8 15 6 14 1 10 3 13 7 18 5 17 30 12 28 11 0 16
1 2 3 5 4 7 6 10 19 24 8 14 20 27 15 23 17 26 18 28 11 22 9 21 12 25 16 30 13 29 23 24 25 27 26 29 28 1 7 12 30 5 11 18 9 17 4 13 6 16 10 21 8 20 2 15 0 14 3 19
1 2 3 5 4 7 6 10 19 24 8 14 20 27 15 23 17 26 18 28 11 22 9 21 12 25 16 30 13 29 27 28 29 0 30 2 1 5 11 16 3 9 15 22 13 21 8 17 10 20 14 25 12 24 6 19 4 18 7 23
1 2 3 5 4 7 6 10 19 24 8 14 20 27 15 23 17 26 18 28 11 22 9 21 12 25 16 30 13 29 28 29 30 1 0 3 2 6 12 17 4 10 16 23 14 22 9 18 11 21 15 26 13 25 7 20 5 19 8 24
1 2 3 5 4 7 6 10 19 24 8 14 20 27 15 23 17 26 18 28 11 22 9 21 12 25 16 30 13 29 11 12 13 15 14 17 16 20 26 0 18 24 30 6 27 4 23 1 29 8 25 5 28 9 21 3 19 2 22 7
1 2 3 5 4 7 6 10 19 24 8 14 20 27 15 23 17 26 18 28 11 22 9 21 12 25 16 30 13 29 13 14 15 17 16 19 18 22 28 2 20 26 1 8 29 6 25 3 0 10 27 7 30 11 23 5 21 4 24 9
1 2 3 5 4 7 6 10 19 24 8 14 20 27 15 23 17 26 18 28 11 22 9 21 12 25 16 30 13 29 14 15 16 18 17 20 19 23 29 3 21 27 2 9 30 7 26 4 1 11 28 8 0 12 24 6 22 5 25 10
1 2 3 5 4 7 6 10 19 24 8 14 20 27 15 23 17 26 18 28 11 22 9 21 12 25 16 30 13 29 20 21 22 24 23 26 25 29 4 9 27 2 8 15 5 13 1 10 7 17 3 14 6 18 30 12 28 11 0 16
1 2 3 5 4 7 6 10 19 24 8 14 20 27 15 23 17 26 18 28 11 22 9 21 12 25 16 30 13 29 22 23 24 26 25 28 27 0 6 11 29 4 10 17 7 15 3 12 9 19 5 16 8 20 1 14 30 13 2 18
1 2 3 5 4 7 6 10 19 24 8 14 20 27 15 23 17 26 18 28 11 22 9 21 12 25 16 30 13 29 26 27 28 30 29 1 0 4 10 15 2 8 14 21 11 19 7 16 13 23 9 20 12 24 5 18 3 17 6 22
1 2 3 5 4 7 6 10 19 24 8 14 20 27 15 23 17 26 18 28 11 22 9 21 12 25 16 30 13 29 27 28 29 0 30 2 1 5 11 16 3 9 15 22 12 20 8 17 14 24 10 21 13 25 6 19 4 18 7 23
1 2 3 5 4 7 6 10 19 24 8 14 20 27 15 23 17 26 18 28 11 22 9 21 12 25 16 30 13 29 29 30 0 2 1 4 3 7 13 18 5 11 17 24 14 22 10 19 16 26 12 23 15 27 8 21 6 20 9 25
1 2 3 5 4 7 6 10 19 24 8 14 20 27 15 23 17 26 18 28 11 22 9 21 12 25 16 30 13 29 6 7 8 10 9 12 11 15 21 26 13 19 23 30 24 1 18 27 25 4 20 0 22 3 16 29 14 28 17 2
1 2 3 5 4 7 6 10 19 24 8 14 20 27 15 23 17 26 18 28 11 22 9 21 12 25 16 30 13 29 7 8 9 11 10 13 12 16 22 27 14 20 24 0 25 2 19 28 26 5 21 1 23 4 17 30 15 29 18 3
1 2 3 5 4 7 6 10 19 24 8 14 20 27 15 23 17 26 18 28 11 22 9 21 12 25 16 30 13 29 9 10 11 13 12 15 14 18 24 29 16 22 26 2 27 4 21 30 28 7 23 3 25 6 19 1 17 0 20 5
1 2 3 5 4 7 6 10 19 24 8 14 20 27 15 23 17 26 18 28 11 22 9 21 12 25 16 30 13 29 11 12 13 15 14 17 16 20 26 0 18 24 28 4 29 6 23 1 30 9 25 5 27 8 21 3 19 2 22 7
1 2 3 5 4 7 6 10 19 24 8 14 20 27 15 23 17 26 18 28 11 22 9 21 12 25 16 30 13 29 14 15 16 18 17 20 19 23 29 3 21 27 0 7 1 9 26 4 2 12 28 8 30 11 24 6 22 5 25 10
1 2 3 5 4 7 6 10 19 24 8 14 20 27 15 23 17 26 18 28 11 22 9 21 12 25 16 30 13 29 16 17 18 20 19 22 21 25 0 5 23 29 2 9 3 11 28 6 4 14 30 10 1 13 26 8 24 7 27 12
1 2 3 5 4 7 6 10 19 24 8 14 20 27 15 23 17 26 18 28 11 22 9 21 12 25 16 30 13 29 17 18 19 21 20 23 22 26 1 6 24 30 3 10 4 12 29 7 5 15 0 11 2 14 27 9 25 8 28 13
1 2 3 5 4 7 6 10 19 24 8 14 20 27 15 23 17 26 18 28 11 22 9 21 12 25 16 30 13 29 18 19 20 22 21 24 23 27 2 7 25 0 4 11 5 13 30 8 6 16 1 12 3 15 28 10 26 9 29 14
1 2 3 5 4 7 6 10 19 24 8 14 20 27 15 23 17 26 18 28 11 22 9 21 12 25 16 30 13 29 19 20 21 23 22 25 24 28 3 8 26 1 5 12 6 14 0 9 7 17 2 13 4 16 29 11 27 10 30 15
1 2 3 5 4 7 6 10 19 24 8 14 20 27 15 23 17 26 18 28 11 22 9 21 12 25 16 30 13 29 20 21 22 24 23 26 25 29 4 9 27 2 6 13 7 15 1 10 8 18 3 14 5 17 30 12 28 11 0 16
1 2 3 5 4 7 6 10 19 24 8 14 20 27 15 23 17 26 18 28 11 22 9 21 12 25 16 30 13 29 22 23 24 26 25 28 27 0 6 11 29 4 8 15 9 17 3 12 10 20 5 16 7 19 1 14 30 13 2 18
1 2 3 5 4 7 6 10 19 24 8 14 20 27 15 23 17 26 18 28 11 22 9 21 12 25 16 30 13 29 23 24 25 27 26 29 28 1 7 12 30 5 9 16 10 18 4 13 11 21 6 17 8 20 2 15 0 14 3 19
1 2 3 5 4 7 6 10 19 24 8 14 20 27 15 23 17 26 18 28 11 22 9 21 12 25 16 30 13 29 25 26 27 29 28 0 30 3 9 14 1 7 11 18 12 20 6 15 13 23 8 19 10 22 4 17 2 16 5 21
1 2 3 5 4 7 6 10 19 24 8 14 20 27 15 23 17 26 18 28 11 22 9 21 12 25 16 30 13 29 27 28 29 0 30 2 1 5 11 16 3 9 13 20 14 22 8 17 15 25 10 21 12 24 6 19 4 18 7 23
1 2 3 5 4 7 6 10 19 24 8 14 20 27 15 23 17 26 18 28 11 22 9 21 12 25 16 30 13 29 29 30 0 2 1 4 3 7 13 18 5 11 15 22 16 24 10 19 17 27 12 23 14 26 8 21 6 20 9 25
1 2 3 5 4 7 6 10 19 24 8 14 20 27 15 23 17 26 18 28 11 22 9 21 12 25 16 30 13 29 11 12 13 15 14 17 16 20 26 0 18 24 29 5 27 4 23 1 30 9 28 8 25 6 21 3 19 2 22 7
1 2 3 5 4 7 6 10 19 24 8 14 20 27 15 23 17 26 18 28 11 22 9 21 12 25 16 30 13 29 12 13 14 16 15 18 17 21 27 1 19 25 30 6 28 5 24 2 0 10 29 9 26 7 22 4 20 3 23 8
1 2 3 5 4 7 6 10 19 24 8 14 20 27 15 23 17 26 18 28 11 22 9 21 12 25 16 30 13 29 18 19 20 22 21 24 23 27 2 7 25 0 5 12 3 11 30 8 6 16 4 15 1 13 28 10 26 9 29 14
1 2 3 5 4 7 6 10 19 24 8 14 20 27 15 23 17 26 18 28 11 22 9 21 12 25 16 30 13 29 19 20 21 23 22 25 24 28 3 8 26 1 6 13 4 12 0 9 7 17 5 16 2 14 29 11 27 10 30 15
1 2 3 5 4 7 6 10 19 24 8 14 20 27 15 23 17 26 18 28 11 22 9 21 12 25 16 30 13 29 20 21 22 24 23 26 25 29 4 9 27 2 7 14 5 13 1 10 8 18 6 17 3 15 30 12 28 11 0 16
1 2 3 5 4 7 6 10 19 24 8 14 20 27 15 23 17 26 18 28 11 22 9 21 12 25 16 30 13 29 21 22 23 25 24 27 26 30 5 10 28 3 8 15 6 14 2 11 9 19 7 18 4 16 0 13 29 12 1 17
1 2 3 5 4 7 6 10 19 24 8 14 20 27 15 23 17 26 18 28 11 22 9 21 12 25 16 30 13 29 23 24 25 27 26 29 28 1 7 12 30 5 10 17 8 16 4 13 11 21 9 20 6 18 2 15 0 14 3 19
1 2 3 5 4 7 6 10 19 24 8 14 20 27 15 23 17 26 18 28 11 22 9 21 12 25 16 30 13 29 24 25 26 28 27 30 29 2 8 13 0 6 11 18 9 17 5 14 12 22 10 21 7 19 3 16 1 15 4 20
1 2 3 5 4 7 6 10 19 24 8 14 20 27 15 23 17 26 18 28 11 22 9 21 12 25 16 30 13 29 29 30 0 2 1 4 3 7 13 18 5 11 16 23 14 22 10 19 17 27 15 26 12 24 8 21 6 20 9 25
1 2 3 5 4 7 6 10 19 24 8 14 20 27 15 23 17 26 18 28 11 22 9 21 12 25 16 30 13 29 5 6 7 9 8 11 10 14 20 25 12 18 19 26 23 0 21 30 24 3 22 2 17 29 15 28 13 27 16 1
1 2 3 5 4 7 6 10 19 24 8 14 20 27 15 23 17 26 18 28 11 22 9 21 12 25 16 30 13 29 7 8 9 11 10 13 12 16 22 27 14 20 21 28 25 2 23 1 26 5 24 4 19 0 17 30 15 29 18 3
1 2 3 5 4 7 6 10 19 24 8 14 20 27 15 23 17 26 18 28 11 22 9 21 12 25 16 30 13 29 9 10 11 13 12 15 14 18 24 29 16 22 23 30 27 4 25 3 28 7 26 6 21 2 19 1 17 0 20 5
1 2 3 5 4 7 6 10 19 24 8 14 20 27 15 23 17 26 18 28 11 22 9 21 12 25 16 30 13 29 18 19 20 22 21 24 23 27 2 7 25 0 1 8 5 13 3 12 6 16 4 15 30 11 28 10 26 9 29 14
1 2 3 5 4 7 6 10 19 24 8 14 20 27 15 23 17 26 18 28 11 22 9 21 12 25 16 30 13 29 19 20 21 23 22 25 24 28 3 8 26 1 2 9 6 14 4 13 7 17 5 16 0 12 29 11 27 10 30 15
1 2 3 5 4 7 6 10 19 24 8 14 20 27 15 23 17 26 18 28 11 22 9 21 12 25 16 30 13 29 20 21 22 24 23 26 25 29 4 9 27 2 3 10 7 15 5 14 8 18 6 17 1 13 30 12 28 11 0 16
1 2 3 5 4 7 6 10 19 24 8 14 20 27 15 23 17 26 18 28 11 22 9 21 12 25 16 30 13 29 23 24 25 27 26 29 28 1 7 12 30 5 6 13 10 18 8 17 11 21 9 20 4 16 2 15 0 14 3 19
1 2 3 5 4 7 6 10 19 24 8 14 20 27 15 23 17 26 18 28 11 22 9 21 12 25 16 30 13 29 26 27 28 30 29 1 0 4 10 15 2 8 9 16 13 21 11 20 14 24 12 23 7 19 5 18 3 17 6 22
1 2 3 5 4 7 6 10 19 24 8 14 20 27 15 23 17 26 18 28 11 22 9 21 12 25 16 30 13 29 29 30 0 2 1 4 3 7 13 18 5 11 12 19 16 24 14 23 17 27 15 26 10 22 8 21 6 20 9 25
1 2 3 5 4 7 6 10 19 24 8 14 20 27 15 23 17 26 18 28 11 22 9 21 12 25 16 30 13 29 9 10 11 13 12 15 14 18 24 29 16 22 23 30 26 3 28 6 25 4 27 7 21 2 19 1 17 0 20 5
1 2 3 5 4 7 6 10 19 24 8 14 20 27 15 23 17 26 18 28 11 22 9 21 12 25 16 30 13 29 12 13 14 16 15 18 17 21 27 1 19 25 26 2 29 6 0 9 28 7 30 10 24 5 22 4 20 3 23 8
1 2 3 5 4 7 6 10 19 24 8 14 20 27 15 23 17 26 18 28 11 22 9 21 12 25 16 30 13 29 15 16 17 19 18 21 20 24 30 4 22 28 29 5 1 9 3 12 0 10 2 13 27 8 25 7 23 6 26 11
1 2 3 5 4 7 6 10 19 24 8 14 20 27 15 23 17 26 18 28 11 22 9 21 12 25 16 30 13 29 18 19 20 22 21 24 23 27 2 7 25 0 1 8 4 12 6 15 3 13 5 16 30 11 28 10 26 9 29 14
1 2 3 5 4 7 6 10 19 24 8 14 20 27 15 23 17 26 18 28 11 22 9 21 12 25 16 30 13 29 19 20 21 23 22 25 24 28 3 8 26 1 2 9 5 13 7 16 4 14 6 17 0 12 29 11 27 10 30 15
1 2 3 5 4 7 6 10 19 24 8 14 20 27 15 23 17 26 18 28 11 22 9 21 12 25 16 30 13 29 21 22 23 25 24 27 26 30 5 10 28 3 4 11 7 15 9 18 6 16 8 19 2 14 0 13 29 12 1 17
1 2 3 5 4 7 6 10 19 24 8 14 20 27 15 23 17 26 18 28 11 22 9 21 12 25 16 30 13 29 26 27 28 30 29 1 0 4 10 15 2 8 9 16 12 20 14 23 11 21 13 24 7 19 5 18 3 17 6 22
1 2 3 5 4 7 6 10 19 24 8 14 20 27 15 23 17 26 18 28 11 22 9 21 12 25 16 30 13 29 27 28 29 0 30 2 1 5 11 16 3 9 10 17 13 21 15 24 12 22 14 25 8 20 6 19 4 18 7 23
1 2 3 5 4 7 6 10 19 24 8 14 20 27 15 23 17 26 18 28 11 22 9 21 12 25 16 30 13 29 5 6 7 9 8 11 10 14 24 29 12 18 19 26 22 30 16 25 23 2 17 28 20 1 21 3 13 27 15 0
1 2 3 5 4 7 6 10 19 24 8 14 20 27 15 23 17 26 18 28 11 22 9 21 12 25 16 30 13 29 7 8 9 11 10 13 12 16 26 0 14 20 21 28 24 1 18 27 25 4 19 30 22 3 23 5 15 29 17 2
1 2 3 5 4 7 6 10 19 24 8 14 20 27 15 23 17 26 18 28 11 22 9 21 12 25 16 30 13 29 9 10 11 13 12 15 14 18 28 2 16 22 23 30 26 3 20 29 27 6 21 1 24 5 25 7 17 0 19 4
1 2 3 5 4 7 6 10 19 24 8 14 20 27 15 23 17 26 18 28 11 22 9 21 12 25 16 30 13 29 10 11 12 14 13 16 15 19 29 3 17 23 24 0 27 4 21 30 28 7 22 2 25 6 26 8 18 1 20 5
1 2 3 5 4 7 6 10 19 24 8 14 20 27 15 23 17 26 18 28 11 22 9 21 12 25 16 30 13 29 11 12 13 15 14 17 16 20 30 4 18 24 25 1 28 5 22 0 29 8 23 3 26 7 27 9 19 2 21 6
1 2 3 5 4 7 6 10 19 24 8 14 20 27 15 23 17 26 18 28 11 22 9 21 12 25 16 30 13 29 12 13 14 16 15 18 17 21 0 5 19 25 26 2 29 6 23 1 30 9 24 4 27 8 28 10 20 3 22 7
1 2 3 5 4 7 6 10 19 24 8 14 20 27 15 23 17 26 18 28 11 22 9 21 12 25 16 30 13 29 13 14 15 17 16 19 18 22 1 6 20 26 27 3 30 7 24 2 0 10 25 5 28 9 29 11 21 4 23 8
1 2 3 5 4 7 6 10 19 24 8 14 20 27 15 23 17 26 18 28 11 22 9 21 12 25 16 30 13 29 16 17 18 20 19 22 21 25 4 9 23 29 30 6 2 10 27 5 3 13 28 8 0 12 1 14 24 7 26 11
1 2 3 5 4 7 6 10 19 24 8 14 20 27 15 23 17 26 18 28 11 22 9 21 12 25 16 30 13 29 19 20 21 23 22 25 24 28 7 12 26 1 2 9 5 13 30 8 6 16 0 11 3 15 4 17 27 10 29 14
1 2 3 5 4 7 6 10 19 24 8 14 20 27 15 23 17 26 18 28 11 22 9 21 12 25 16 30 13 29 21 22 23 25 24 27 26 30 9 14 28 3 4 11 7 15 1 10 8 18 2 13 5 17 6 19 29 12 0 16
1 2 3 5 4 7 6 10 19 24 8 14 20 27 15 23 17 26 18 28 11 22 9 21 12 25 16 30 13 29 22 23 24 26 25 28 27 0 10 15 29 4 5 12 8 16 2 11 9 19 3 14 6 18 7 20 30 13 1 17
1 2 3 5 4 7 6 10 19 24 8 14 20 27 15 23 17 26 18 28 11 22 9 21 12 25 16 30 13 29 9 10 11 13 12 15 14 18 25 30 16 22 27 3 28 5 20 29 23 2 21 1 26 7 24 6 17 0 19 4
1 2 3 5 4 7 6 10 19 24 8 14 20 27 15 23 17 26 18 28 11 22 9 21 12 25 16 30 13 29 10 11 12 14 13 16 15 19 26 0 17 23 28 4 29 6 21 30 24 3 22 2 27 8 25 7 18 1 20 5
1 2 3 5 4 7 6 10 19 24 8 14 20 27 15 23 17 26 18 28 11 22 9 21 12 25 16 30 13 29 13 14 15 17 16 19 18 22 29 3 20 26 0 7 1 9 24 2 27 6 25 5 30 11 28 10 21 4 23 8
1 2 3 5 4 7 6 10 19 24 8 14 20 27 15 23 17 26 18 28 11 22 9 21 12 25 16 30 13 29 17 18 19 21 20 23 22 26 2 7 24 30 4 11 5 13 28 6 0 10 29 9 3 15 1 14 25 8 27 12
1 2 3 5 4 7 6 10 19 24 8 14 20 27 15 23 17 26 18 28 11 22 9 21 12 25 16 30 13 29 22 23 24 26 25 28 27 0 7 12 29 4 9 16 10 18 2 11 5 15 3 14 8 20 6 19 30 13 1 17
1 2 3 5 4 7 6 10 19 24 8 14 20 27 15 23 17 26 18 28 11 22 9 21 12 25 16 30 13 29 25 26 27 29 28 0 30 3 10 15 1 7 12 19 13 21 5 14 8 18 6 17 11 23 9 22 2 16 4 20
1 2 3 5 4 7 6 10 19 24 8 14 20 27 15 23 17 26 18 28 11 22 9 21 12 25 16 30 13 29 4 5 6 8 7 10 9 13 22 27 11 17 18 25 23 0 15 24 19 29 21 1 16 28 20 2 12 26 14 30
1 2 3 5 4 7 6 10 19 24 8 14 20 27 15 23 17 26 18 28 11 22 9 21 12 25 16 30 13 29 5 6 7 9 8 11 10 14 23 28 12 18 19 26 24 1 16 25 20 30 22 2 17 29 21 3 13 27 15 0
1 2 3 5 4 7 6 10 19 24 8 14 20 27 15 23 17 26 18 28 11 22 9 21 12 25 16 30 13 29 9 10 11 13 12 15 14 18 27 1 16 22 23 30 28 5 20 29 24 3 26 6 21 2 25 7 17 0 19 4
1 2 3 5 4 7 6 10 19 24 8 14 20 27 15 23 17 26 18 28 11 22 9 21 12 25 16 30 13 29 11 12 13 15 14 17 16 20 29 3 18 24 25 1 30 7 22 0 26 5 28 8 23 4 27 9 19 2 21 6
1 2 3 5 4 7 6 10 19 24 8 14 20 27 15 23 17 26 18 28 11 22 9 21 12 25 16 30 13 29 13 14 15 17 16 19 18 22 0 5 20 26 27 3 1 9 24 2 28 7 30 10 25 6 29 11 21 4 23 8
1 2 3 5 4 7 6 10 19 24 8 14 20 27 15 23 17 26 18 28 11 22 9 21 12 25 16 30 13 29 15 16 17 19 18 21 20 24 2 7 22 28 29 5 3 11 26 4 30 9 1 12 27 8 0 13 23 6 25 10
1 2 3 5 4 7 6 10 19 24 8 14 20 27 15 23 17 26 18 28 11 22 9 21 12 25 16 30 13 29 16 17 18 20 19 22 21 25 3 8 23 29 30 6 4 12 27 5 0 10 2 13 28 9 1 14 24 7 26 11
1 2 3 5 4 7 6 10 19 24 8 14 20 27 15 23 17 26 18 28 11 22 9 21 12 25 16 30 13 29 18 19 20 22 21 24 23 27 5 10 25 0 1 8 6 14 29 7 2 12 4 15 30 11 3 16 26 9 28 13
1 2 3 5 4 7 6 10 19 24 8 14 20 27 15 23 17 26 18 28 11 22 9 21 12 25 16 30 13 29 20 21 22 24 23 26 25 29 7 12 27 2 3 10 8 16 0 9 4 14 6 17 1 13 5 18 28 11 30 15
1 2 3 5 4 7 6 10 19 24 8 14 20 27 15 23 17 26 18 28 11 22 9 21 12 25 16 30 13 29 21 22 23 25 24 27 26 30 8 13 28 3 4 11 9 17 1 10 5 15 7 18 2 14 6 19 29 12 0 16
1 2 3 5 4 7 6 10 19 24 8 14 20 27 15 23 17 26 18 28 11 22 9 21 12 25 16 30 13 29 22 23 24 26 25 28 27 0 9 14 29 4 5 12 10 18 2 11 6 16 8 19 3 15 7 20 30 13 1 17
1 2 3 5 4 7 6 10 19 24 8 14 20 27 15 23 17 26 18 28 11 22 9 21 12 25 16 30 13 29 24 25 26 28 27 30 29 2 11 16 0 6 7 14 12 20 4 13 8 18 10 21 5 17 9 22 1 15 3 19
1 2 3 5 4 7 6 10 19 24 8 14 20 27 15 23 17 26 18 28 11 22 9 21 12 25 16 30 13 29 26 27 28 30 29 1 0 4 13 18 2 8 9 16 14 22 6 15 10 20 12 23 7 19 11 24 3 17 5 21
1 2 3 5 4 7 6 10 19 24 8 14 20 27 15 23 17 26 18 28 11 22 9 21 12 25 16 30 13 29 29 30 0 2 1 4 3 7 16 21 5 11 12 19 17 25 9 18 13 23 15 26 10 22 14 27 6 20 8 24
1 2 3 5 4 7 6 10 19 24 8 14 20 27 15 23 17 26 18 28 11 22 9 21 12 25 16 30 13 29 5 6 7 9 8 11 10 14 23 28 12 18 19 26 22 30 16 25 24 3 21 1 17 29 20 2 13 27 15 0
1 2 3 5 4 7 6 10 19 24 8 14 20 27 15 23 17 26 18 28 11 22 9 21 12 25 16 30 13 29 9 10 11 13 12 15 14 18 27 1 16 22 23 30 26 3 20 29 28 7 25 5 21 2 24 6 17 0 19 4
1 2 3 5 4 7 6 10 19 24 8 14 20 27 15 23 17 26 18 28 11 22 9 21 12 25 16 30 13 29 12 13 14 16 15 18 17 21 30 4 19 25 26 2 29 6 23 1 0 10 28 8 24 5 27 9 20 3 22 7
1 2 3 5 4 7 6 10 19 24 8 14 20 27 15 23 17 26 18 28 11 22 9 21 12 25 16 30 13 29 13 14 15 17 16 19 18 22 0 5 20 26 27 3 30 7 24 2 1 11 29 9 25 6 28 10 21 4 23 8
1 2 3 5 4 7 6 10 19 24 8 14 20 27 15 23 17 26 18 28 11 22 9 21 12 25 16 30 13 29 14 15 16 18 17 20 19 23 1 6 21 27 28 4 0 8 25 3 2 12 30 10 26 7 29 11 22 5 24 9
1 2 3 5 4 7 6 10 19 24 8 14 20 27 15 23 17 26 18 28 11 22 9 21 12 25 16 30 13 29 20 21 22 24 23 26 25 29 7 12 27 2 3 10 6 14 0 9 8 18 5 16 1 13 4 17 28 11 30 15
1 2 3 5 4 7 6 10 19 24 8 14 20 27 15 23 17 26 18 28 11 22 9 21 12 25 16 30 13 29 22 23 24 26 25 28 27 0 9 14 29 4 5 12 8 16 2 11 10 20 7 18 3 15 6 19 30 13 1 17
1 2 3 5 4 7 6 10 19 24 8 14 20 27 15 23 17 26 18 28 11 22 9 21 12 25 16 30 13 29 24 25 26 28 27 30 29 2 11 16 0 6 7 14 10 18 4 13 12 22 9 20 5 17 8 21 1 15 3 19
1 2 3 5 4 7 6 10 19 24 8 14 20 27 15 23 17 26 18 28 11 22 9 21 12 25 16 30 13 29 10 11 12 14 13 16 15 19 26 0 17 23 28 4 25 2 21 30 29 8 27 7 22 3 24 6 18 1 20 5
1 2 3 5 4 7 6 10 19 24 8 14 20 27 15 23 17 26 18 28 11 22 9 21 12 25 16 30 13 29 11 12 13 15 14 17 16 20 27 1 18 24 29 5 26 3 22 0 30 9 28 8 23 4 25 7 19 2 21 6
1 2 3 5 4 7 6 10 19 24 8 14 20 27 15 23 17 26 18 28 11 22 9 21 12 25 16 30 13 29 13 14 15 17 16 19 18 22 29 3 20 26 0 7 28 5 24 2 1 11 30 10 25 6 27 9 21 4 23 8
1 2 3 5 4 7 6 10 19 24 8 14 20 27 15 23 17 26 18 28 11 22 9 21 12 25 16 30 13 29 14 15 16 18 17 20 19 23 30 4 21 27 1 8 29 6 25 3 2 12 0 11 26 7 28 10 22 5 24 9
1 2 3 5 4 7 6 10 19 24 8 14 20 27 15 23 17 26 18 28 11 22 9 21 12 25 16 30 13 29 15 16 17 19 18 21 20 24 0 5 22 28 2 9 30 7 26 4 3 13 1 12 27 8 29 11 23 6 25 10
1 2 3 5 4 7 6 10 19 24 8 14 20 27 15 23 17 26 18 28 11 22 9 21 12 25 16 30 13 29 16 17 18 20 19 22 21 25 1 6 23 29 3 10 0 8 27 5 4 14 2 13 28 9 30 12 24 7 26 11
1 2 3 5 4 7 6 10 19 24 8 14 20 27 15 23 17 26 18 28 11 22 9 21 12 25 16 30 13 29 18 19 20 22 21 24 23 27 3 8 25 0 5 12 2 10 29 7 6 16 4 15 30 11 1 14 26 9 28 13
1 2 3 5 4 7 6 10 19 24 8 14 20 27 15 23 17 26 18 28 11 22 9 21 12 25 16 30 13 29 21 22 23 25 24 27 26 30 6 11 28 3 8 15 5 13 1 10 9 19 7 18 2 14 4 17 29 12 0 16
1 2 3 5 4 7 6 10 19 24 8 14 20 27 15 23 17 26 18 28 11 22 9 21 12 25 16 30 13 29 22 23 24 26 25 28 27 0 7 12 29 4 9 16 6 14 2 11 10 20 8 19 3 15 5 18 30 13 1 17
1 2 3 5 4 7 6 10 19 24 8 14 20 27 15 23 17 26 18 28 11 22 9 21 12 25 16 30 13 29 26 27 28 30 29 1 0 4 11 16 2 8 13 20 10 18 6 15 14 24 12 23 7 19 9 22 3 17 5 21
1 2 3 5 4 7 6 10 19 24 8 14 20 27 15 23 17 26 18 28 11 22 9 21 12 25 16 30 13 29 2 3 4 6 5 8 7 11 21 26 9 15 16 23 17 25 13 22 20 30 18 29 19 0 14 27 10 24 12 28
1 2 3 5 4 7 6 10 19 24 8 14 20 27 15 23 17 26 18 28 11 22 9 21 12 25 16 30 13 29 4 5 6 8 7 10 9 13 23 28 11 17 18 25 19 27 15 24 22 1 20 0 21 2 16 29 12 26 14 30
1 2 3 5 4 7 6 10 19 24 8 14 20 27 15 23 17 26 18 28 11 22 9 21 12 25 16 30 13 29 10 11 12 14 13 16 15 19 29 3 17 23 24 0 25 2 21 30 28 7 26 6 27 8 22 4 18 1 20 5
1 2 3 5 4 7 6 10 19 24 8 14 20 27 15 23 17 26 18 28 11 22 9 21 12 25 16 30 13 29 13 14 15 17 16 19 18 22 1 6 20 26 27 3 28 5 24 2 0 10 29 9 30 11 25 7 21 4 23 8
1 2 3 5 4 7 6 10 19 24 8 14 20 27 15 23 17 26 18 28 11 22 9 21 12 25 16 30 13 29 15 16 17 19 18 21 20 24 3 8 22 28 29 5 30 7 26 4 2 12 0 11 1 13 27 9 23 6 25 10
1 2 3 5 4 7 6 10 19 24 8 14 20 27 15 23 17 26 18 28 11 22 9 21 12 25 16 30 13 29 16 17 18 20 19 22 21 25 4 9 23 29 30 6 0 8 27 5 3 13 1 12 2 14 28 10 24 7 26 11
1 2 3 5 4 7 6 10 19 24 8 14 20 27 15 23 17 26 18 28 11 22 9 21 12 25 16 30 13 29 17 18 19 21 20 23 22 26 5 10 24 30 0 7 1 9 28 6 4 14 2 13 3 15 29 11 25 8 27 12
1 2 3 5 4 7 6 10 19 24 8 14 20 27 15 23 17 26 18 28 11 22 9 21 12 25 16 30 13 29 20 21 22 24 23 26 25 29 8 13 27 2 3 10 4 12 0 9 7 17 5 16 6 18 1 14 28 11 30 15
1 2 3 5 4 7 6 10 19 24 8 14 20 27 15 23 17 26 18 28 11 22 9 21 12 25 16 30 13 29 21 22 23 25 24 27 26 30 9 14 28 3 4 11 5 13 1 10 8 18 6 17 7 19 2 15 29 12 0 16
1 2 3 5 4 7 6 10 19 24 8 14 20 27 15 23 17 26 18 28 11 22 9 21 12 25 16 30 13 29 25 26 27 29 28 0 30 3 13 18 1 7 8 15 9 17 5 14 12 22 10 21 11 23 6 19 2 16 4 20
1 2 3 5 4 7 6 10 19 24 8 14 20 27 15 23 17 26 18 28 11 22 9 21 12 25 16 30 13 29 27 28 29 0 30 2 1 5 15 20 3 9 10 17 11 19 7 16 14 24 12 23 13 25 8 21 4 18 6 22
1 2 3 5 4 7 6 10 19 24 8 14 20 27 15 23 17 26 18 28 11 22 9 21 12 25 16 30 13 29 7 8 9 11 10 13 12 16 26 0 14 20 21 28 22 30 18 27 24 3 25 5 23 4 19 1 15 29 17 2
1 2 3 5 4 7 6 10 19 24 8 14 20 27 15 23 17 26 18 28 11 22 9 21 12 25 16 30 13 29 9 10 11 13 12 15 14 18 28 2 16 22 23 30 24 1 20 29 26 5 27 7 25 6 21 3 17 0 19 4
1 2 3 5 4 7 6 10 19 24 8 14 20 27 15 23 17 26 18 28 11 22 9 21 12 25 16 30 13 29 11 12 13 15 14 17 16 20 30 4 18 24 25 1 26 3 22 0 28 7 29 9 27 8 23 5 19 2 21 6
1 2 3 5 4 7 6 10 19 24 8 14 20 27 15 23 17 26 18 28 11 22 9 21 12 25 16 30 13 29 13 14 15 17 16 19 18 22 1 6 20 26 27 3 28 5 24 2 30 9 0 11 29 10 25 7 21 4 23 8
1 2 3 5 4 7 6 10 19 24 8 14 20 27 15 23 17 26 18 28 11 22 9 21 12 25 16 30 13 29 15 16 17 19 18 21 20 24 3 8 22 28 29 5 30 7 26 4 1 11 2 13 0 12 27 9 23 6 25 10
1 2 3 5 4 7 6 10 19 24 8 14 20 27 15 23 17 26 18 28 11 22 9 21 12 25 16 30 13 29 16 17 18 20 19 22 21 25 4 9 23 29 30 6 0 8 27 5 2 12 3 14 1 13 28 10 24 7 26 11
1 2 3 5 4 7 6 10 19 24 8 14 20 27 15 23 17 26 18 28 11 22 9 21 12 25 16 30 13 29 18 19 20 22 21 24 23 27 6 11 25 0 1 8 2 10 29 7 4 14 5 16 3 15 30 12 26 9 28 13
1 2 3 5 4 7 6 10 19 24 8 14 20 27 15 23 17 26 18 28 11 22 9 21 12 25 16 30 13 29 19 20 21 23 22 25 24 28 7 12 26 1 2 9 3 11 30 8 5 15 6 17 4 16 0 13 27 10 29 14
1 2 3 5 4 7 6 10 19 24 8 14 20 27 15 23 17 26 18 28 11 22 9 21 12 25 16 30 13 29 25 26 27 29 28 0 30 3 13 18 1 7 8 15 9 17 5 14 11 21 12 23 10 22 6 19 2 16 4 20
1 2 3 5 4 7 6 10 19 24 8 14 20 27 15 23 17 26 18 28 11 22 9 21 12 25 16 30 13 29 27 28 29 0 30 2 1 5 15 20 3 9 10 17 11 19 7 16 13 23 14 25 12 24 8 21 4 18 6 22
1 2 3 5 4 7 6 10 19 24 8 14 20 27 15 23 17 26 18 28 11 22 9 21 12 25 16 30 13 29 28 29 30 1 0 3 2 6 16 21 4 10 11 18 12 20 8 17 14 24 15 26 13 25 9 22 5 19 7 23
1 2 3 5 4 7 6 10 19 24 8 14 20 27 15 23 17 26 18 28 11 22 9 21 12 25 16 30 13 29 29 30 0 2 1 4 3 7 17 22 5 11 12 19 13 21 9 18 15 25 16 27 14 26 10 23 6 20 8 24
1 2 3 5 4 7 6 10 19 24 8 14 20 27 15 23 17 26 18 28 11 22 9 21 12 25 16 30 13 29 2 3 4 6 5 8 7 11 20 25 9 15 16 23 18 26 13 22 21 0 19 30 17 29 14 27 10 24 12 28
1 2 3 5 4 7 6 10 19 24 8 14 20 27 15 23 17 26 18 28 11 22 9 21 12 25 16 30 13 29 5 6 7 9 8 11 10 14 23 28 12 18 19 26 21 29 16 25 24 3 22 2 20 1 17 30 13 27 15 0
1 2 3 5 4 7 6 10 19 24 8 14 20 27 15 23 17 26 18 28 11 22 9 21 12 25 16 30 13 29 12 13 14 16 15 18 17 21 30 4 19 25 26 2 28 5 23 1 0 10 29 9 27 8 24 6 20 3 22 7
1 2 3 5 4 7 6 10 19 24 8 14 20 27 15 23 17 26 18 28 11 22 9 21 12 25 16 30 13 29 13 14 15 17 16 19 18 22 0 5 20 26 27 3 29 6 24 2 1 11 30 10 28 9 25 7 21 4 23 8
1 2 3 5 4 7 6 10 19 24 8 14 20 27 15 23 17 26 18 28 11 22 9 21 12 25 16 30 13 29 19 20 21 23 22 25 24 28 6 11 26 1 2 9 4 12 30 8 7 17 5 16 3 15 0 13 27 10 29 14
1 2 3 5 4 7 6 10 19 24 8 14 20 27 15 23 17 26 18 28 11 22 9 21 12 25 16 30 13 29 22 23 24 26 25 28 27 0 9 14 29 4 5 12 7 15 2 11 10 20 8 19 6 18 3 16 30 13 1 17
1 2 3 5 4 7 6 10 19 24 8 14 20 27 15 23 17 26 18 28 11 22 9 21 12 25 16 30 13 29 24 25 26 28 27 30 29 2 11 16 0 6 7 14 9 17 4 13 12 22 10 21 8 20 5 18 1 15 3 19
1 2 3 5 4 7 6 10 19 24 8 14 20 27 15 23 17 26 18 28 11 22 9 21 12 25 16 30 13 29 26 27 28 30 29 1 0 4 13 18 2 8 9 16 11 19 6 15 14 24 12 23 10 22 7 20 3 17 5 21
1 2 3 5 4 7 6 10 19 24 8 14 20 27 15 23 17 26 18 28 11 22 9 21 12 25 16 30 13 29 27 28 29 0 30 2 1 5 14 19 3 9 10 17 12 20 7 16 15 25 13 24 11 23 8 21 4 18 6 22
1 2 3 5 4 7 6 10 19 24 8 14 20 27 15 23 17 26 18 28 11 22 9 21 12 25 16 30 13 29 5 6 7 9 8 11 10 14 24 29 12 18 23 30 17 25 19 28 16 26 22 2 20 1 21 3 13 27 15 0
1 2 3 5 4 7 6 10 19 24 8 14 20 27 15 23 17 26 18 28 11 22 9 21 12 25 16 30 13 29 9 10 11 13 12 15 14 18 28 2 16 22 27 3 21 29 23 1 20 30 26 6 24 5 25 7 17 0 19 4
1 2 3 5 4 7 6 10 19 24 8 14 20 27 15 23 17 26 18 28 11 22 9 21 12 25 16 30 13 29 11 12 13 15 14 17 16 20 30 4 18 24 29 5 23 0 25 3 22 1 28 8 26 7 27 9 19 2 21 6
1 2 3 5 4 7 6 10 19 24 8 14 20 27 15 23 17 26 18 28 11 22 9 21 12 25 16 30 13 29 12 13 14 16 15 18 17 21 0 5 19 25 30 6 24 1 26 4 23 2 29 9 27 8 28 10 20 3 22 7
1 2 3 5 4 7 6 10 19 24 8 14 20 27 15 23 17 26 18 28 11 22 9 21 12 25 16 30 13 29 13 14 15 17 16 19 18 22 1 6 20 26 0 7 25 2 27 5 24 3 30 10 28 9 29 11 21 4 23 8
1 2 3 5 4 7 6 10 19 24 8 14 20 27 15 23 17 26 18 28 11 22 9 21 12 25 16 30 13 29 14 15 16 18 17 20 19 23 2 7 21 27 1 8 26 3 28 6 25 4 0 11 29 10 30 12 22 5 24 9
1 2 3 5 4 7 6 10 19 24 8 14 20 27 15 23 17 26 18 28 11 22 9 21 12 25 16 30 13 29 18 19 20 22 21 24 23 27 6 11 25 0 5 12 30 7 1 10 29 8 4 15 2 14 3 16 26 9 28 13
1 2 3 5 4 7 6 10 19 24 8 14 20 27 15 23 17 26 18 28 11 22 9 21 12 25 16 30 13 29 21 22 23 25 24 27 26 30 9 14 28 3 8 15 2 10 4 13 1 11 7 18 5 17 6 19 29 12 0 16
1 2 3 5 4 7 6 10 19 24 8 14 20 27 15 23 17 26 18 28 11 22 9 21 12 25 16 30 13 29 28 29 30 1 0 3 2 6 16 21 4 10 15 22 9 17 11 20 8 18 14 25 12 24 13 26 5 19 7 23
1 2 3 5 4 7 6 10 19 24 8 14 20 27 15 23 17 26 18 28 11 22 9 21 12 25 16 30 13 29 29 30 0 2 1 4 3 7 17 22 5 11 16 23 10 18 12 21 9 19 15 26 13 25 14 27 6 20 8 24
1 2 3 5 4 7 6 10 19 24 8 14 20 27 15 23 17 26 18 28 11 22 9 21 12 25 16 30 13 29 4 5 6 8 7 10 9 13 23 28 11 17 22 29 16 24 18 27 15 25 20 0 21 2 19 1 12 26 14 30
1 2 3 5 4 7 6 10 19 24 8 14 20 27 15 23 17 26 18 28 11 22 9 21 12 25 16 30 13 29 6 7 8 10 9 12 11 15 25 30 13 19 24 0 18 26 20 29 17 27 22 2 23 4 21 3 14 28 16 1
1 2 3 5 4 7 6 10 19 24 8 14 20 27 15 23 17 26 18 28 11 22 9 21 12 25 16 30 13 29 9 10 11 13 12 15 14 18 28 2 16 22 27 3 21 29 23 1 20 30 25 5 26 7 24 6 17 0 19 4
1 2 3 5 4 7 6 10 19 24 8 14 20 27 15 23 17 26 18 28 11 22 9 21 12 25 16 30 13 29 13 14 15 17 16 19 18 22 1 6 20 26 0 7 25 2 27 5 24 3 29 9 30 11 28 10 21 4 23 8
1 2 3 5 4 7 6 10 19 24 8 14 20 27 15 23 17 26 18 28 11 22 9 21 12 25 16 30 13 29 22 23 24 26 25 28 27 0 10 15 29 4 9 16 3 11 5 14 2 12 7 18 8 20 6 19 30 13 1 17
1 2 3 5 4 7 6 10 19 24 8 14 20 27 15 23 17 26 18 28 11 22 9 21 12 25 16 30 13 29 25 26 27 29 28 0 30 3 13 18 1 7 12 19 6 14 8 17 5 15 10 21 11 23 9 22 2 16 4 20
1 2 3 5 4 7 6 10 19 24 8 14 20 27 15 23 17 26 18 28 11 22 9 21 12 25 16 30 13 29 2 3 4 6 5 8 7 11 20 25 9 15 19 26 14 22 21 30 13 23 16 27 17 29 18 0 10 24 12 28
1 2 3 5 4 7 6 10 19 24 8 14 20 27 15 23 17 26 18 28 11 22 9 21 12 25 16 30 13 29 5 6 7 9 8 11 10 14 23 28 12 18 22 29 17 25 24 2 16 26 19 30 20 1 21 3 13 27 15 0
1 2 3 5 4 7 6 10 19 24 8 14 20 27 15 23 17 26 18 28 11 22 9 21 12 25 16 30 13 29 11 12 13 15 14 17 16 20 29 3 18 24 28 4 23 0 30 8 22 1 25 5 26 7 27 9 19 2 21 6
1 2 3 5 4 7 6 10 19 24 8 14 20 27 15 23 17 26 18 28 11 22 9 21 12 25 16 30 13 29 12 13 14 16 15 18 17 21 30 4 19 25 29 5 24 1 0 9 23 2 26 6 27 8 28 10 20 3 22 7
1 2 3 5 4 7 6 10 19 24 8 14 20 27 15 23 17 26 18 28 11 22 9 21 12 25 16 30 13 29 14 15 16 18 17 20 19 23 1 6 21 27 0 7 26 3 2 11 25 4 28 8 29 10 30 12 22 5 24 9
1 2 3 5 4 7 6 10 19 24 8 14 20 27 15 23 17 26 18 28 11 22 9 21 12 25 16 30 13 29 15 16 17 19 18 21 20 24 2 7 22 28 1 8 27 4 3 12 26 5 29 9 30 11 0 13 23 6 25 10
1 2 3 5 4 7 6 10 19 24 8 14 20 27 15 23 17 26 18 28 11 22 9 21 12 25 16 30 13 29 16 17 18 20 19 22 21 25 3 8 23 29 2 9 28 5 4 13 27 6 30 10 0 12 1 14 24 7 26 11
1 2 3 5 4 7 6 10 19 24 8 14 20 27 15 23 17 26 18 28 11 22 9 21 12 25 16 30 13 29 19 20 21 23 22 25 24 28 6 11 26 1 5 12 0 8 7 16 30 9 2 13 3 15 4 17 27 10 29 14
1 2 3 5 4 7 6 10 19 24 8 14 20 27 15 23 17 26 18 28 11 22 9 21 12 25 16 30 13 29 24 25 26 28 27 30 29 2 11 16 0 6 10 17 5 13 12 21 4 14 7 18 8 20 9 22 1 15 3 19
1 2 3 5 4 7 6 10 19 24 8 14 20 27 15 23 17 26 18 28 11 22 9 21 12 25 16 30 13 29 6 7 8 10 9 12 11 15 25 30 13 19 22 29 18 26 24 2 17 27 20 0 23 4 21 3 14 28 16 1
1 2 3 5 4 7 6 10 19 24 8 14 20 27 15 23 17 26 18 28 11 22 9 21 12 25 16 30 13 29 9 10 11 13 12 15 14 18 28 2 16 22 25 1 21 29 27 5 20 30 23 3 26 7 24 6 17 0 19 4
1 2 3 5 4 7 6 10 19 24 8 14 20 27 15 23 17 26 18 28 11 22 9 21 12 25 16 30 13 29 13 14 15 17 16 19 18 22 1 6 20 26 29 5 25 2 0 9 24 3 27 7 30 11 28 10 21 4 23 8
1 2 3 5 4 7 6 10 19 24 8 14 20 27 15 23 17 26 18 28 11 22 9 21 12 25 16 30 13 29 14 15 16 18 17 20 19 23 2 7 21 27 30 6 26 3 1 10 25 4 28 8 0 12 29 11 22 5 24 9
1 2 3 5 4 7 6 10 19 24 8 14 20 27 15 23 17 26 18 28 11 22 9 21 12 25 16 30 13 29 17 18 19 21 20 23 22 26 5 10 24 30 2 9 29 6 4 13 28 7 0 11 3 15 1 14 25 8 27 12
1 2 3 5 4 7 6 10 19 24 8 14 20 27 15 23 17 26 18 28 11 22 9 21 12 25 16 30 13 29 22 23 24 26 25 28 27 0 10 15 29 4 7 14 3 11 9 18 2 12 5 16 8 20 6 19 30 13 1 17
1 2 3 5 4 7 6 10 19 24 8 14 20 27 15 23 17 26 18 28 11 22 9 21 12 25 16 30 13 29 24 25 26 28 27 30 29 2 12 17 0 6 9 16 5 13 11 20 4 14 7 18 10 22 8 21 1 15 3 19
1 2 3 5 4 7 6 10 19 24 8 14 20 27 15 23 17 26 18 28 11 22 9 21 12 25 16 30 13 29 25 26 27 29 28 0 30 3 13 18 1 7 10 17 6 14 12 21 5 15 8 19 11 23 9 22 2 16 4 20
1 2 3 5 4 7 6 10 19 24 8 14 20 27 15 23 17 26 18 28 11 22 9 21 12 25 16 30 13 29 27 28 29 0 30 2 1 5 15 20 3 9 12 19 8 16 14 23 7 17 10 21 13 25 11 24 4 18 6 22
1 2 3 5 4 7 6 10 19 24 8 14 20 27 15 23 17 26 18 28 11 22 9 21 12 25 16 30 13 29 6 7 8 10 9 12 11 15 21 26 13 19 24 0 22 30 25 3 17 27 18 29 23 4 20 2 14 28 16 1
1 2 3 5 4 7 6 10 19 24 8 14 20 27 15 23 17 26 18 28 11 22 9 21 12 25 16 30 13 29 9 10 11 13 12 15 14 18 24 29 16 22 27 3 25 2 28 6 20 30 21 1 26 7 23 5 17 0 19 4
1 2 3 5 4 7 6 10 19 24 8 14 20 27 15 23 17 26 18 28 11 22 9 21 12 25 16 30 13 29 13 14 15 17 16 19 18 22 28 2 20 26 0 7 29 6 1 10 24 3 25 5 30 11 27 9 21 4 23 8
1 2 3 5 4 7 6 10 19 24 8 14 20 27 15 23 17 26 18 28 11 22 9 21 12 25 16 30 13 29 14 15 16 18 17 20 19 23 29 3 21 27 1 8 30 7 2 11 25 4 26 6 0 12 28 10 22 5 24 9
1 2 3 5 4 7 6 10 19 24 8 14 20 27 15 23 17 26 18 28 11 22 9 21 12 25 16 30 13 29 16 17 18 20 19 22 21 25 0 5 23 29 3 10 1 9 4 13 27 6 28 8 2 14 30 12 24 7 26 11
1 2 3 5 4 7 6 10 19 24 8 14 20 27 15 23 17 26 18 28 11 22 9 21 12 25 16 30 13 29 18 19 20 22 21 24 23 27 2 7 25 0 5 12 3 11 6 15 29 8 30 10 4 16 1 14 26 9 28 13
1 2 3 5 4 7 6 10 19 24 8 14 20 27 15 23 17 26 18 28 11 22 9 21 12 25 16 30 13 29 19 20 21 23 22 25 24 28 3 8 26 1 6 13 4 12 7 16 30 9 0 11 5 17 2 15 27 10 29 14
1 2 3 5 4 7 6 10 19 24 8 14 20 27 15 23 17 26 18 28 11 22 9 21 12 25 16 30 13 29 22 23 24 26 25 28 27 0 6 11 29 4 9 16 7 15 10 19 2 12 3 14 8 20 5 18 30 13 1 17
1 2 3 5 4 7 6 10 19 24 8 14 20 27 15 23 17 26 18 28 11 22 9 21 12 25 16 30 13 29 24 25 26 28 27 30 29 2 8 13 0 6 11 18 9 17 12 21 4 14 5 16 10 22 7 20 1 15 3 19
1 2 3 5 4 7 6 10 19 24 8 14 20 27 15 23 17 26 18 28 11 22 9 21 12 25 16 30 13 29 26 27 28 30 29 1 0 4 10 15 2 8 13 20 11 19 14 23 6 16 7 18 12 24 9 22 3 17 5 21
1 2 3 5 4 7 6 10 19 24 8 14 20 27 15 23 17 26 18 28 11 22 9 21 12 25 16 30 13 29 28 29 30 1 0 3 2 6 12 17 4 10 15 22 13 21 16 25 8 18 9 20 14 26 11 24 5 19 7 23
1 2 3 5 4 7 6 10 19 24 8 14 20 27 15 23 17 26 18 28 11 22 9 21 12 25 16 30 13 29 0 1 2 4 3 6 5 9 15 20 7 13 18 25 16 24 19 28 11 21 12 23 17 29 14 27 8 22 10 26
1 2 3 5 4 7 6 10 19 24 8 14 20 27 15 23 17 26 18 28 11 22 9 21 12 25 16 30 13 29 5 6 7 9 8 11 10 14 20 25 12 18 23 30 24 1 19 28 16 26 22 2 17 29 21 3 13 27 15 0
1 2 3 5 4 7 6 10 19 24 8 14 20 27 15 23 17 26 18 28 11 22 9 21 12 25 16 30 13 29 6 7 8 10 9 12 11 15 21 26 13 19 24 0 25 2 20 29 17 27 23 3 18 30 22 4 14 28 16 1
1 2 3 5 4 7 6 10 19 24 8 14 20 27 15 23 17 26 18 28 11 22 9 21 12 25 16 30 13 29 9 10 11 13 12 15 14 18 24 29 16 22 27 3 28 5 23 1 20 30 26 6 21 2 25 7 17 0 19 4
1 2 3 5 4 7 6 10 19 24 8 14 20 27 15 23 17 26 18 28 11 22 9 21 12 25 16 30 13 29 11 12 13 15 14 17 16 20 26 0 18 24 29 5 30 7 25 3 22 1 28 8 23 4 27 9 19 2 21 6
1 2 3 5 4 7 6 10 19 24 8 14 20 27 15 23 17 26 18 28 11 22 9 21 12 25 16 30 13 29 12 13 14 16 15 18 17 21 27 1 19 25 30 6 0 8 26 4 23 2 29 9 24 5 28 10 20 3 22 7
1 2 3 5 4 7 6 10 19 24 8 14 20 27 15 23 17 26 18 28 11 22 9 21 12 25 16 30 13 29 13 14 15 17 16 19 18 22 28 2 20 26 0 7 1 9 27 5 24 3 30 10 25 6 29 11 21 4 23 8
1 2 3 5 4 7 6 10 19 24 8 14 20 27 15 23 17 26 18 28 11 22 9 21 12 25 16 30 13 29 15 16 17 19 18 21 20 24 30 4 22 28 2 9 3 11 29 7 26 5 1 12 27 8 0 13 23 6 25 10
1 2 3 5 4 7 6 10 19 24 8 14 20 27 15 23 17 26 18 28 11 22 9 21 12 25 16 30 13 29 16 17 18 20 19 22 21 25 0 5 23 29 3 10 4 12 30 8 27 6 2 13 28 9 1 14 24 7 26 11
1 2 3 5 4 7 6 10 19 24 8 14 20 27 15 23 17 26 18 28 11 22 9 21 12 25 16 30 13 29 18 19 20 22 21 24 23 27 2 7 25 0 5 12 6 14 1 10 29 8 4 15 30 11 3 16 26 9 28 13
1 2 3 5 4 7 6 10 19 24 8 14 20 27 15 23 17 26 18 28 11 22 9 21 12 25 16 30 13 29 19 20 21 23 22 25 24 28 3 8 26 1 6 13 7 15 2 11 30 9 5 16 0 12 4 17 27 10 29 14
1 2 3 5 4 7 6 10 19 24 8 14 20 27 15 23 17 26 18 28 11 22 9 21 12 25 16 30 13 29 20 21 22 24 23 26 25 29 4 9 27 2 7 14 8 16 3 12 0 10 6 17 1 13 5 18 28 11 30 15
1 2 3 5 4 7 6 10 19 24 8 14 20 27 15 23 17 26 18 28 11 22 9 21 12 25 16 30 13 29 21 22 23 25 24 27 26 30 5 10 28 3 8 15 9 17 4 13 1 11 7 18 2 14 6 19 29 12 0 16
1 2 3 5 4 7 6 10 19 24 8 14 20 27 15 23 17 26 18 28 11 22 9 21 12 25 16 30 13 29 24 25 26 28 27 30 29 2 8 13 0 6 11 18 12 20 7 16 4 14 10 21 5 17 9 22 1 15 3 19
1 2 3 5 4 7 6 10 19 24 8 14 20 27 15 23 17 26 18 28 11 22 9 21 12 25 16 30 13 29 26 27 28 30 29 1 0 4 10 15 2 8 13 20 14 22 9 18 6 16 12 23 7 19 11 24 3 17 5 21
1 2 3 5 4 7 6 10 19 24 8 14 20 27 15 23 17 26 18 28 11 22 9 21 12 25 16 30 13 29 29 30 0 2 1 4 3 7 13 18 5 11 16 23 17 25 12 21 9 19 15 26 10 22 14 27 6 20 8 24
1 2 3 5 4 7 6 10 19 24 8 14 20 27 15 23 17 26 18 28 11 22 9 21 12 25 16 30 13 29 6 7 8 10 9 12 11 15 21 26 13 19 22 29 23 0 25 3 17 27 24 4 18 30 20 2 14 28 16 1
1 2 3 5 4 7 6 10 19 24 8 14 20 27 15 23 17 26 18 28 11 22 9 21 12 25 16 30 13 29 11 12 13 15 14 17 16 20 26 0 18 24 27 3 28 5 30 8 22 1 29 9 23 4 25 7 19 2 21 6
1 2 3 5 4 7 6 10 19 24 8 14 20 27 15 23 17 26 18 28 11 22 9 21 12 25 16 30 13 29 12 13 14 16 15 18 17 21 27 1 19 25 28 4 29 6 0 9 23 2 30 10 24 5 26 8 20 3 22 7
1 2 3 5 4 7 6 10 19 24 8 14 20 27 15 23 17 26 18 28 11 22 9 21 12 25 16 30 13 29 16 17 18 20 19 22 21 25 0 5 23 29 1 8 2 10 4 13 27 6 3 14 28 9 30 12 24 7 26 11
1 2 3 5 4 7 6 10 19 24 8 14 20 27 15 23 17 26 18 28 11 22 9 21 12 25 16 30 13 29 20 21 22 24 23 26 25 29 4 9 27 2 5 12 6 14 8 17 0 10 7 18 1 13 3 16 28 11 30 15
1 2 3 5 4 7 6 10 19 24 8 14 20 27 15 23 17 26 18 28 11 22 9 21 12 25 16 30 13 29 21 22 23 25 24 27 26 30 5 10 28 3 6 13 7 15 9 18 1 11 8 19 2 14 4 17 29 12 0 16
1 2 3 5 4 7 6 10 19 24 8 14 20 27 15 23 17 26 18 28 11 22 9 21 12 25 16 30 13 29 26 27 28 30 29 1 0 4 10 15 2 8 11 18 12 20 14 23 6 16 13 24 7 19 9 22 3 17 5 21
1 2 3 5 4 7 6 10 19 24 8 14 20 27 15 23 17 26 18 28 11 22 9 21 12 25 16 30 13 29 27 28 29 0 30 2 1 5 11 16 3 9 12 19 13 21 15 24 7 17 14 25 8 20 10 23 4 18 6 22
1 2 3 5 4 7 6 10 19 24 8 14 20 27 15 23 17 26 18 28 11 22 9 21 12 25 16 30 13 29 0 1 2 4 3 6 5 9 15 20 7 13 16 23 17 25 19 28 11 21 18 29 12 24 14 27 8 22 10 26
1 2 3 5 4 7 6 10 19 24 8 14 20 27 15 23 17 26 18 28 11 22 9 21 12 25 16 30 13 29 6 7 8 10 9 12 11 15 21 26 13 19 23 30 25 2 20 29 17 27 24 4 22 3 18 0 14 28 16 1
1 2 3 5 4 7 6 10 19 24 8 14 20 27 15 23 17 26 18 28 11 22 9 21 12 25 16 30 13 29 11 12 13 15 14 17 16 20 26 0 18 24 28 4 30 7 25 3 22 1 29 9 27 8 23 5 19 2 21 6
1 2 3 5 4 7 6 10 19 24 8 14 20 27 15 23 17 26 18 28 11 22 9 21 12 25 16 30 13 29 12 13 14 16 15 18 17 21 27 1 19 25 29 5 0 8 26 4 23 2 30 10 28 9 24 6 20 3 22 7
1 2 3 5 4 7 6 10 19 24 8 14 20 27 15 23 17 26 18 28 11 22 9 21 12 25 16 30 13 29 18 19 20 22 21 24 23 27 2 7 25 0 4 11 6 14 1 10 29 8 5 16 3 15 30 12 26 9 28 13
1 2 3 5 4 7 6 10 19 24 8 14 20 27 15 23 17 26 18 28 11 22 9 21 12 25 16 30 13 29 20 21 22 24 23 26 25 29 4 9 27 2 6 13 8 16 3 12 0 10 7 18 5 17 1 14 28 11 30 15
1 2 3 5 4 7 6 10 19 24 8 14 20 27 15 23 17 26 18 28 11 22 9 21 12 25 16 30 13 29 26 27 28 30 29 1 0 4 10 15 2 8 12 19 14 22 9 18 6 16 13 24 11 23 7 20 3 17 5 21
1 2 3 5 4 7 6 10 19 24 8 14 20 27 15 23 17 26 18 28 11 22 9 21 12 25 16 30 13 29 28 29 30 1 0 3 2 6 12 17 4 10 14 21 16 24 11 20 8 18 15 26 13 25 9 22 5 19 7 23
1 2 3 5 4 7 6 10 19 24 8 14 20 27 15 23 17 26 18 28 11 22 9 21 12 25 16 30 13 29 2 3 4 6 5 8 7 11 21 26 9 15 16 23 14 22 20 29 17 27 19 30 13 25 18 0 10 24 12 28
1 2 3 5 4 7 6 10 19 24 8 14 20 27 15 23 17 26 18 28 11 22 9 21 12 25 16 30 13 29 4 5 6 8 7 10 9 13 23 28 11 17 18 25 16 24 22 0 19 29 21 1 15 27 20 2 12 26 14 30
1 2 3 5 4 7 6 10 19 24 8 14 20 27 15 23 17 26 18 28 11 22 9 21 12 25 16 30 13 29 9 10 11 13 12 15 14 18 28 2 16 22 23 30 21 29 27 5 24 3 26 6 20 1 25 7 17 0 19 4
1 2 3 5 4 7 6 10 19 24 8 14 20 27 15 23 17 26 18 28 11 22 9 21 12 25 16 30 13 29 10 11 12 14 13 16 15 19 29 3 17 23 24 0 22 30 28 6 25 4 27 7 21 2 26 8 18 1 20 5
1 2 3 5 4 7 6 10 19 24 8 14 20 27 15 23 17 26 18 28 11 22 9 21 12 25 16 30 13 29 13 14 15 17 16 19 18 22 1 6 20 26 27 3 25 2 0 9 28 7 30 10 24 5 29 11 21 4 23 8
1 2 3 5 4 7 6 10 19 24 8 14 20 27 15 23 17 26 18 28 11 22 9 21 12 25 16 30 13 29 16 17 18 20 19 22 21 25 4 9 23 29 30 6 28 5 3 12 0 10 2 13 27 8 1 14 24 7 26 11
1 2 3 5 4 7 6 10 19 24 8 14 20 27 15 23 17 26 18 28 11 22 9 21 12 25 16 30 13 29 17 18 19 21 20 23 22 26 5 10 24 30 0 7 29 6 4 13 1 11 3 14 28 9 2 15 25 8 27 12
1 2 3 5 4 7 6 10 19 24 8 14 20 27 15 23 17 26 18 28 11 22 9 21 12 25 16 30 13 29 18 19 20 22 21 24 23 27 6 11 25 0 1 8 30 7 5 14 2 12 4 15 29 10 3 16 26 9 28 13
1 2 3 5 4 7 6 10 19 24 8 14 20 27 15 23 17 26 18 28 11 22 9 21 12 25 16 30 13 29 19 20 21 23 22 25 24 28 7 12 26 1 2 9 0 8 6 15 3 13 5 16 30 11 4 17 27 10 29 14
1 2 3 5 4 7 6 10 19 24 8 14 20 27 15 23 17 26 18 28 11 22 9 21 12 25 16 30 13 29 21 22 23 25 24 27 26 30 9 14 28 3 4 11 2 10 8 17 5 15 7 18 1 13 6 19 29 12 0 16
1 2 3 5 4 7 6 10 19 24 8 14 20 27 15 23 17 26 18 28 11 22 9 21 12 25 16 30 13 29 24 25 26 28 27 30 29 2 12 17 0 6 7 14 5 13 11 20 8 18 10 21 4 16 9 22 1 15 3 19
1 2 3 5 4 7 6 10 19 24 8 14 20 27 15 23 17 26 18 28 11 22 9 21 12 25 16 30 13 29 28 29 30 1 0 3 2 6 16 21 4 10 11 18 9 17 15 24 12 22 14 25 8 20 13 26 5 19 7 23
1 2 3 5 4 7 6 10 19 24 8 14 20 27 15 23 17 26 18 28 11 22 9 21 12 25 16 30 13 29 4 5 6 8 7 10 9 13 23 28 11 17 18 25 16 24 20 29 21 0 22 2 15 27 19 1 12 26 14 30
1 2 3 5 4 7 6 10 19 24 8 14 20 27 15 23 17 26 18 28 11 22 9 21 12 25 16 30 13 29 5 6 7 9 8 11 10 14 24 29 12 18 19 26 17 25 21 30 22 1 23 3 16 28 20 2 13 27 15 0
1 2 3 5 4 7 6 10 19 24 8 14 20 27 15 23 17 26 18 28 11 22 9 21 12 25 16 30 13 29 9 10 11 13 12 15 14 18 28 2 16 22 23 30 21 29 25 3 26 5 27 7 20 1 24 6 17 0 19 4
1 2 3 5 4 7 6 10 19 24 8 14 20 27 15 23 17 26 18 28 11 22 9 21 12 25 16 30 13 29 12 13 14 16 15 18 17 21 0 5 19 25 26 2 24 1 28 6 29 8 30 10 23 4 27 9 20 3 22 7
1 2 3 5 4 7 6 10 19 24 8 14 20 27 15 23 17 26 18 28 11 22 9 21 12 25 16 30 13 29 14 15 16 18 17 20 19 23 2 7 21 27 28 4 26 3 30 8 0 10 1 12 25 6 29 11 22 5 24 9
1 2 3 5 4 7 6 10 19 24 8 14 20 27 15 23 17 26 18 28 11 22 9 21 12 25 16 30 13 29 18 19 20 22 21 24 23 27 6 11 25 0 1 8 30 7 3 12 4 14 5 16 29 10 2 15 26 9 28 13
1 2 3 5 4 7 6 10 19 24 8 14 20 27 15 23 17 26 18 28 11 22 9 21 12 25 16 30 13 29 19 20 21 23 22 25 24 28 7 12 26 1 2 9 0 8 4 13 5 15 6 17 30 11 3 16 27 10 29 14
1 2 3 5 4 7 6 10 19 24 8 14 20 27 15 23 17 26 18 28 11 22 9 21 12 25 16 30 13 29 2 3 4 6 5 8 7 11 18 23 9 15 19 26 14 22 20 29 21 0 16 27 13 25 17 30 10 24 12 28
1 2 3 5 4 7 6 10 19 24 8 14 20 27 15 23 17 26 18 28 11 22 9 21 12 25 16 30 13 29 5 6 7 9 8 11 10 14 21 26 12 18 22 29 17 25 23 1 24 3 19 30 16 28 20 2 13 27 15 0
1 2 3 5 4 7 6 10 19 24 8 14 20 27 15 23 17 26 18 28 11 22 9 21 12 25 16 30 13 29 6 7 8 10 9 12 11 15 22 27 13 19 23 30 18 26 24 2 25 4 20 0 17 29 21 3 14 28 16 1
1 2 3 5 4 7 6 10 19 24 8 14 20 27 15 23 17 26 18 28 11 22 9 21 12 25 16 30 13 29 7 8 9 11 10 13 12 16 23 28 14 20 24 0 19 27 25 3 26 5 21 1 18 30 22 4 15 29 17 2
1 2 3 5 4 7 6 10 19 24 8 14 20 27 15 23 17 26 18 28 11 22 9 21 12 25 16 30 13 29 9 10 11 13 12 15 14 18 25 30 16 22 26 2 21 29 27 5 28 7 23 3 20 1 24 6 17 0 19 4
1 2 3 5 4 7 6 10 19 24 8 14 20 27 15 23 17 26 18 28 11 22 9 21 12 25 16 30 13 29 13 14 15 17 16 19 18 22 29 3 20 26 30 6 25 2 0 9 1 11 27 7 24 5 28 10 21 4 23 8
1 2 3 5 4 7 6 10 19 24 8 14 20 27 15 23 17 26 18 28 11 22 9 21 12 25 16 30 13 29 22 23 24 26 25 28 27 0 7 12 29 4 8 15 3 11 9 18 10 20 5 16 2 14 6 19 30 13 1 17
1 2 3 5 4 7 6 10 19 24 8 14 20 27 15 23 17 26 18 28 11 22 9 21 12 25 16 30 13 29 25 26 27 29 28 0 30 3 10 15 1 7 11 18 6 14 12 21 13 23 8 19 5 17 9 22 2 16 4 20
1 2 3 5 4 7 6 10 19 24 8 14 20 27 15 23 17 26 18 28 11 22 9 21 12 25 16 30 13 29 27 28 29 0 30 2 1 5 12 17 3 9 13 20 8 16 14 23 15 25 10 21 7 19 11 24 4 18 6 22
1 2 3 5 4 7 6 10 19 24 8 14 20 27 15 23 17 26 18 28 11 22 9 21 12 25 16 30 13 29 6 7 8 10 9 12 11 15 22 27 13 19 24 0 18 26 21 30 25 4 23 3 17 29 20 2 14 28 16 1
1 2 3 5 4 7 6 10 19 24 8 14 20 27 15 23 17 26 18 28 11 22 9 21 12 25 16 30 13 29 9 10 11 13 12 15 14 18 25 30 16 22 27 3 21 29 24 2 28 7 26 6 20 1 23 5 17 0 19 4
1 2 3 5 4 7 6 10 19 24 8 14 20 27 15 23 17 26 18 28 11 22 9 21 12 25 16 30 13 29 10 11 12 14 13 16 15 19 26 0 17 23 28 4 22 30 25 3 29 8 27 7 21 2 24 6 18 1 20 5
1 2 3 5 4 7 6 10 19 24 8 14 20 27 15 23 17 26 18 28 11 22 9 21 12 25 16 30 13 29 11 12 13 15 14 17 16 20 27 1 18 24 29 5 23 0 26 4 30 9 28 8 22 3 25 7 19 2 21 6
1 2 3 5 4 7 6 10 19 24 8 14 20 27 15 23 17 26 18 28 11 22 9 21 12 25 16 30 13 29 13 14 15 17 16 19 18 22 29 3 20 26 0 7 25 2 28 6 1 11 30 10 24 5 27 9 21 4 23 8
1 2 3 5 4 7 6 10 19 24 8 14 20 27 15 23 17 26 18 28 11 22 9 21 12 25 16 30 13 29 14 15 16 18 17 20 19 23 30 4 21 27 1 8 26 3 29 7 2 12 0 11 25 6 28 10 22 5 24 9
1 2 3 5 4 7 6 10 19 24 8 14 20 27 15 23 17 26 18 28 11 22 9 21 12 25 16 30 13 29 16 17 18 20 19 22 21 25 1 6 23 29 3 10 28 5 0 9 4 14 2 13 27 8 30 12 24 7 26 11
1 2 3 5 4 7 6 10 19 24 8 14 20 27 15 23 17 26 18 28 11 22 9 21 12 25 16 30 13 29 18 19 20 22 21 24 23 27 3 8 25 0 5 12 30 7 2 11 6 16 4 15 29 10 1 14 26 9 28 13
1 2 3 5 4 7 6 10 19 24 8 14 20 27 15 23 17 26 18 28 11 22 9 21 12 25 16 30 13 29 21 22 23 25 24 27 26 30 6 11 28 3 8 15 2 10 5 14 9 19 7 18 1 13 4 17 29 12 0 16
1 2 3 5 4 7 6 10 19 24 8 14 20 27 15 23 17 26 18 28 11 22 9 21 12 25 16 30 13 29 0 1 2 4 3 6 5 9 16 21 7 13 18 25 12 20 15 24 19 29 17 28 11 23 14 27 8 22 10 26
1 2 3 5 4 7 6 10 19 24 8 14 20 27 15 23 17 26 18 28 11 22 9 21 12 25 16 30 13 29 7 8 9 11 10 13 12 16 23 28 14 20 24 0 19 27 26 4 22 1 25 5 18 30 21 3 15 29 17 2
1 2 3 5 4 7 6 10 19 24 8 14 20 27 15 23 17 26 18 28 11 22 9 21 12 25 16 30 13 29 9 10 11 13 12 15 14 18 25 30 16 22 26 2 21 29 28 6 24 3 27 7 20 1 23 5 17 0 19 4
1 2 3 5 4 7 6 10 19 24 8 14 20 27 15 23 17 26 18 28 11 22 9 21 12 25 16 30 13 29 12 13 14 16 15 18 17 21 28 2 19 25 29 5 24 1 0 9 27 6 30 10 23 4 26 8 20 3 22 7
1 2 3 5 4 7 6 10 19 24 8 14 20 27 15 23 17 26 18 28 11 22 9 21 12 25 16 30 13 29 13 14 15 17 16 19 18 22 29 3 20 26 30 6 25 2 1 10 28 7 0 11 24 5 27 9 21 4 23 8
1 2 3 5 4 7 6 10 19 24 8 14 20 27 15 23 17 26 18 28 11 22 9 21 12 25 16 30 13 29 14 15 16 18 17 20 19 23 30 4 21 27 0 7 26 3 2 11 29 8 1 12 25 6 28 10 22 5 24 9
1 2 3 5 4 7 6 10 19 24 8 14 20 27 15 23 17 26 18 28 11 22 9 21 12 25 16 30 13 29 17 18 19 21 20 23 22 26 2 7 24 30 3 10 29 6 5 14 1 11 4 15 28 9 0 13 25 8 27 12
1 2 3 5 4 7 6 10 19 24 8 14 20 27 15 23 17 26 18 28 11 22 9 21 12 25 16 30 13 29 18 19 20 22 21 24 23 27 3 8 25 0 4 11 30 7 6 15 2 12 5 16 29 10 1 14 26 9 28 13
1 2 3 5 4 7 6 10 19 24 8 14 20 27 15 23 17 26 18 28 11 22 9 21 12 25 16 30 13 29 19 20 21 23 22 25 24 28 4 9 26 1 5 12 0 8 7 16 3 13 6 17 30 11 2 15 27 10 29 14
1 2 3 5 4 7 6 10 19 24 8 14 20 27 15 23 17 26 18 28 11 22 9 21 12 25 16 30 13 29 25 26 27 29 28 0 30 3 10 15 1 7 11 18 6 14 13 22 9 19 12 23 5 17 8 21 2 16 4 20
1 2 3 5 4 7 6 10 19 24 8 14 20 27 15 23 17 26 18 28 11 22 9 21 12 25 16 30 13 29 27 28 29 0 30 2 1 5 12 17 3 9 13 20 8 16 15 24 11 21 14 25 7 19 10 23 4 18 6 22
1 2 3 5 4 7 6 10 19 24 8 14 20 27 15 23 17 26 18 28 11 22 9 21 12 25 16 30 13 29 6 7 8 10 9 12 11 15 21 26 13 19 24 0 25 2 18 27 20 30 23 3 17 29 22 4 14 28 16 1
1 2 3 5 4 7 6 10 19 24 8 14 20 27 15 23 17 26 18 28 11 22 9 21 12 25 16 30 13 29 7 8 9 11 10 13 12 16 22 27 14 20 25 1 26 3 19 28 21 0 24 4 18 30 23 5 15 29 17 2
1 2 3 5 4 7 6 10 19 24 8 14 20 27 15 23 17 26 18 28 11 22 9 21 12 25 16 30 13 29 9 10 11 13 12 15 14 18 24 29 16 22 27 3 28 5 21 30 23 2 26 6 20 1 25 7 17 0 19 4
1 2 3 5 4 7 6 10 19 24 8 14 20 27 15 23 17 26 18 28 11 22 9 21 12 25 16 30 13 29 10 11 12 14 13 16 15 19 25 30 17 23 28 4 29 6 22 0 24 3 27 7 21 2 26 8 18 1 20 5
1 2 3 5 4 7 6 10 19 24 8 14 20 27 15 23 17 26 18 28 11 22 9 21 12 25 16 30 13 29 11 12 13 15 14 17 16 20 26 0 18 24 29 5 30 7 23 1 25 4 28 8 22 3 27 9 19 2 21 6
1 2 3 5 4 7 6 10 19 24 8 14 20 27 15 23 17 26 18 28 11 22 9 21 12 25 16 30 13 29 13 14 15 17 16 19 18 22 28 2 20 26 0 7 1 9 25 3 27 6 30 10 24 5 29 11 21 4 23 8
1 2 3 5 4 7 6 10 19 24 8 14 20 27 15 23 17 26 18 28 11 22 9 21 12 25 16 30 13 29 17 18 19 21 20 23 22 26 1 6 24 30 4 11 5 13 29 7 0 10 3 14 28 9 2 15 25 8 27 12
1 2 3 5 4 7 6 10 19 24 8 14 20 27 15 23 17 26 18 28 11 22 9 21 12 25 16 30 13 29 19 20 21 23 22 25 24 28 3 8 26 1 6 13 7 15 0 9 2 12 5 16 30 11 4 17 27 10 29 14
1 2 3 5 4 7 6 10 19 24 8 14 20 27 15 23 17 26 18 28 11 22 9 21 12 25 16 30 13 29 21 22 23 25 24 27 26 30 5 10 28 3 8 15 9 17 2 11 4 14 7 18 1 13 6 19 29 12 0 16
1 2 3 5 4 7 6 10 19 24 8 14 20 27 15 23 17 26 18 28 11 22 9 21 12 25 16 30 13 29 24 25 26 28 27 30 29 2 8 13 0 6 11 18 12 20 5 14 7 17 10 21 4 16 9 22 1 15 3 19
1 2 3 5 4 7 6 10 19 24 8 14 20 27 15 23 17 26 18 28 11 22 9 21 12 25 16 30 13 29 28 29 30 1 0 3 2 6 12 17 4 10 15 22 16 24 9 18 11 21 14 25 8 20 13 26 5 19 7 23
1 2 3 5 4 7 6 10 19 24 8 14 20 27 15 23 17 26 18 28 11 22 9 21 12 25 16 30 13 29 6 7 8 10 9 12 11 15 21 26 13 19 23 30 25 2 18 27 24 3 20 0 17 29 22 4 14 28 16 1
1 2 3 5 4 7 6 10 19 24 8 14 20 27 15 23 17 26 18 28 11 22 9 21 12 25 16 30 13 29 7 8 9 11 10 13 12 16 22 27 14 20 24 0 26 3 19 28 25 4 21 1 18 30 23 5 15 29 17 2
1 2 3 5 4 7 6 10 19 24 8 14 20 27 15 23 17 26 18 28 11 22 9 21 12 25 16 30 13 29 9 10 11 13 12 15 14 18 24 29 16 22 26 2 28 5 21 30 27 6 23 3 20 1 25 7 17 0 19 4
1 2 3 5 4 7 6 10 19 24 8 14 20 27 15 23 17 26 18 28 11 22 9 21 12 25 16 30 13 29 14 15 16 18 17 20 19 23 29 3 21 27 0 7 2 10 26 4 1 11 28 8 25 6 30 12 22 5 24 9
1 2 3 5 4 7 6 10 19 24 8 14 20 27 15 23 17 26 18 28 11 22 9 21 12 25 16 30 13 29 15 16 17 19 18 21 20 24 30 4 22 28 1 8 3 11 27 5 2 12 29 9 26 7 0 13 23 6 25 10
1 2 3 5 4 7 6 10 19 24 8 14 20 27 15 23 17 26 18 28 11 22 9 21 12 25 16 30 13 29 18 19 20 22 21 24 23 27 2 7 25 0 4 11 6 14 30 8 5 15 1 12 29 10 3 16 26 9 28 13
1 2 3 5 4 7 6 10 19 24 8 14 20 27 15 23 17 26 18 28 11 22 9 21 12 25 16 30 13 29 19 20 21 23 22 25 24 28 3 8 26 1 5 12 7 15 0 9 6 16 2 13 30 11 4 17 27 10 29 14
1 2 3 5 4 7 6 10 19 24 8 14 20 27 15 23 17 26 18 28 11 22 9 21 12 25 16 30 13 29 20 21 22 24 23 26 25 29 4 9 27 2 6 13 8 16 1 10 7 17 3 14 0 12 5 18 28 11 30 15
1 2 3 5 4 7 6 10 19 24 8 14 20 27 15 23 17 26 18 28 11 22 9 21 12 25 16 30 13 29 21 22 23 25 24 27 26 30 5 10 28 3 7 14 9 17 2 11 8 18 4 15 1 13 6 19 29 12 0 16
1 2 3 5 4 7 6 10 19 24 8 14 20 27 15 23 17 26 18 28 11 22 9 21 12 25 16 30 13 29 22 23 24 26 25 28 27 0 6 11 29 4 8 15 10 18 3 12 9 19 5 16 2 14 7 20 30 13 1 17
1 2 3 5 4 7 6 10 19 24 8 14 20 27 15 23 17 26 18 28 11 22 9 21 12 25 16 30 13 29 6 7 8 10 9 12 11 15 21 26 13 19 24 0 22 30 18 27 25 4 23 3 17 29 20 2 14 28 16 1
1 2 3 5 4 7 6 10 19 24 8 14 20 27 15 23 17 26 18 28 11 22 9 21 12 25 16 30 13 29 11 12 13 15 14 17 16 20 26 0 18 24 29 5 27 4 23 1 30 9 28 8 22 3 25 7 19 2 21 6
1 2 3 5 4 7 6 10 19 24 8 14 20 27 15 23 17 26 18 28 11 22 9 21 12 25 16 30 13 29 12 13 14 16 15 18 17 21 27 1 19 25 30 6 28 5 24 2 0 10 29 9 23 4 26 8 20 3 22 7
1 2 3 5 4 7 6 10 19 24 8 14 20 27 15 23 17 26 18 28 11 22 9 21 12 25 16 30 13 29 16 17 18 20 19 22 21 25 0 5 23 29 3 10 1 9 28 6 4 14 2 13 27 8 30 12 24 7 26 11
1 2 3 5 4 7 6 10 19 24 8 14 20 27 15 23 17 26 18 28 11 22 9 21 12 25 16 30 13 29 18 19 20 22 21 24 23 27 2 7 25 0 5 12 3 11 30 8 6 16 4 15 29 10 1 14 26 9 28 13
1 2 3 5 4 7 6 10 19 24 8 14 20 27 15 23 17 26 18 28 11 22 9 21 12 25 16 30 13 29 19 20 21 23 22 25 24 28 3 8 26 1 6 13 4 12 0 9 7 17 5 16 30 11 2 15 27 10 29 14
1 2 3 5 4 7 6 10 19 24 8 14 20 27 15 23 17 26 18 28 11 22 9 21 12 25 16 30 13 29 20 21 22 24 23 26 25 29 4 9 27 2 7 14 5 13 1 10 8 18 6 17 0 12 3 16 28 11 30 15
1 2 3 5 4 7 6 10 19 24 8 14 20 27 15 23 17 26 18 28 11 22 9 21 12 25 16 30 13 29 21 22 23 25 24 27 26 30 5 10 28 3 8 15 6 14 2 11 9 19 7 18 1 13 4 17 29 12 0 16
1 2 3 5 4 7 6 10 19 24 8 14 20 27 15 23 17 26 18 28 11 22 9 21 12 25 16 30 13 29 27 28 29 0 30 2 1 5 11 16 3 9 14 21 12 20 8 17 15 25 13 24 7 19 10 23 4 18 6 22
1 2 3 5 4 7 6 10 19 24 8 14 20 27 15 23 17 26 18 28 11 22 9 21 12 25 16 30 13 29 5 6 7 9 8 11 10 14 20 25 12 18 19 26 21 29 24 2 22 1 23 3 16 28 17 30 13 27 15 0
1 2 3 5 4 7 6 10 19 24 8 14 20 27 15 23 17 26 18 28 11 22 9 21 12 25 16 30 13 29 10 11 12 14 13 16 15 19 25 30 17 23 24 0 26 3 29 7 27 6 28 8 21 2 22 4 18 1 20 5
1 2 3 5 4 7 6 10 19 24 8 14 20 27 15 23 17 26 18 28 11 22 9 21 12 25 16 30 13 29 11 12 13 15 14 17 16 20 26 0 18 24 25 1 27 4 30 8 28 7 29 9 22 3 23 5 19 2 21 6
1 2 3 5 4 7 6 10 19 24 8 14 20 27 15 23 17 26 18 28 11 22 9 21 12 25 16 30 13 29 13 14 15 17 16 19 18 22 28 2 20 26 27 3 29 6 1 10 30 9 0 11 24 5 25 7 21 4 23 8
1 2 3 5 4 7 6 10 19 24 8 14 20 27 15 23 17 26 18 28 11 22 9 21 12 25 16 30 13 29 20 21 22 24 23 26 25 29 4 9 27 2 3 10 5 13 8 17 6 16 7 18 0 12 1 14 28 11 30 15
1 2 3 5 4 7 6 10 19 24 8 14 20 27 15 23 17 26 18 28 11 22 9 21 12 25 16 30 13 29 26 27 28 30 29 1 0 4 10 15 2 8 9 16 11 19 14 23 12 22 13 24 6 18 7 20 3 17 5 21
1 2 3 5 4 7 6 10 19 24 8 14 20 27 15 23 17 26 18 28 11 22 9 21 12 25 16 30 13 29 27 28 29 0 30 2 1 5 11 16 3 9 10 17 12 20 15 24 13 23 14 25 7 19 8 21 4 18 6 22
1 2 3 5 4 7 6 10 19 24 8 14 20 27 15 23 17 26 18 28 11 22 9 21 12 25 16 30 13 29 2 3 4 6 5 8 7 11 17 22 9 15 16 23 18 26 20 29 21 0 19 30 13 25 14 27 10 24 12 28
1 2 3 5 4 7 6 10 19 24 8 14 20 27 15 23 17 26 18 28 11 22 9 21 12 25 16 30 13 29 5 6 7 9 8 11 10 14 20 25 12 18 19 26 21 29 23 1 24 3 22 2 16 28 17 30 13 27 15 0
1 2 3 5 4 7 6 10 19 24 8 14 20 27 15 23 17 26 18 28 11 22 9 21 12 25 16 30 13 29 9 10 11 13 12 15 14 18 24 29 16 22 23 30 25 2 27 5 28 7 26 6 20 1 21 3 17 0 19 4
1 2 3 5 4 7 6 10 19 24 8 14 20 27 15 23 17 26 18 28 11 22 9 21 12 25 16 30 13 29 11 12 13 15 14 17 16 20 26 0 18 24 25 1 27 4 29 7 30 9 28 8 22 3 23 5 19 2 21 6
1 2 3 5 4 7 6 10 19 24 8 14 20 27 15 23 17 26 18 28 11 22 9 21 12 25 16 30 13 29 19 20 21 23 22 25 24 28 3 8 26 1 2 9 4 12 6 15 7 17 5 16 30 11 0 13 27 10 29 14
1 2 3 5 4 7 6 10 19 24 8 14 20 27 15 23 17 26 18 28 11 22 9 21 12 25 16 30 13 29 20 21 22 24 23 26 25 29 4 9 27 2 3 10 5 13 7 16 8 18 6 17 0 12 1 14 28 11 30 15
1 2 3 5 4 7 6 10 19 24 8 14 20 27 15 23 17 26 18 28 11 22 9 21 12 25 16 30 13 29 24 25 26 28 27 30 29 2 8 13 0 6 7 14 9 17 11 20 12 22 10 21 4 16 5 18 1 15 3 19
1 2 3 5 4 7 6 10 19 24 8 14 20 27 15 23 17 26 18 28 11 22 9 21 12 25 16 30 13 29 27 28 29 0 30 2 1 5 11 16 3 9 10 17 12 20 14 23 15 25 13 24 7 19 8 21 4 18 6 22
1 2 3 5 4 7 6 10 19 24 8 14 20 27 15 23 17 26 18 28 11 22 9 21 12 25 16 30 13 29 4 5 6 8 7 10 9 13 22 27 11 17 18 25 16 24 23 1 19 29 20 0 21 2 15 28 12 26 14 30
1 2 3 5 4 7 6 10 19 24 8 14 20 27 15 23 17 26 18 28 11 22 9 21 12 25 16 30 13 29 11 12 13 15 14 17 16 20 29 3 18 24 25 1 23 0 30 8 26 5 27 7 28 9 22 4 19 2 21 6
1 2 3 5 4 7 6 10 19 24 8 14 20 27 15 23 17 26 18 28 11 22 9 21 12 25 16 30 13 29 12 13 14 16 15 18 17 21 30 4 19 25 26 2 24 1 0 9 27 6 28 8 29 10 23 5 20 3 22 7
1 2 3 5 4 7 6 10 19 24 8 14 20 27 15 23 17 26 18 28 11 22 9 21 12 25 16 30 13 29 13 14 15 17 16 19 18 22 0 5 20 26 27 3 25 2 1 10 28 7 29 9 30 11 24 6 21 4 23 8
1 2 3 5 4 7 6 10 19 24 8 14 20 27 15 23 17 26 18 28 11 22 9 21 12 25 16 30 13 29 14 15 16 18 17 20 19 23 1 6 21 27 28 4 26 3 2 11 29 8 30 10 0 12 25 7 22 5 24 9
1 2 3 5 4 7 6 10 19 24 8 14 20 27 15 23 17 26 18 28 11 22 9 21 12 25 16 30 13 29 15 16 17 19 18 21 20 24 2 7 22 28 29 5 27 4 3 12 30 9 0 11 1 13 26 8 23 6 25 10
1 2 3 5 4 7 6 10 19 24 8 14 20 27 15 23 17 26 18 28 11 22 9 21 12 25 16 30 13 29 19 20 21 23 22 25 24 28 6 11 26 1 2 9 0 8 7 16 3 13 4 15 5 17 30 12 27 10 29 14
1 2 3 5 4 7 6 10 19 24 8 14 20 27 15 23 17 26 18 28 11 22 9 21 12 25 16 30 13 29 21 22 23 25 24 27 26 30 8 13 28 3 4 11 2 10 9 18 5 15 6 17 7 19 1 14 29 12 0 16
1 2 3 5 4 7 6 10 19 24 8 14 20 27 15 23 17 26 18 28 11 22 9 21 12 25 16 30 13 29 0 1 2 4 3 6 5 9 18 23 7 13 14 21 12 20 19 28 15 25 16 27 17 29 11 24 8 22 10 26
1 2 3 5 4 7 6 10 19 24 8 14 20 27 15 23 17 26 18 28 11 22 9 21 12 25 16 30 13 29 5 6 7 9 8 11 10 14 23 28 12 18 19 26 17 25 21 30 24 3 22 2 20 1 16 29 13 27 15 0
1 2 3 5 4 7 6 10 19 24 8 14 20 27 15 23 17 26 18 28 11 22 9 21 12 25 16 30 13 29 14 15 16 18 17 20 19 23 1 6 21 27 28 4 26 3 30 8 2 12 0 11 29 10 25 7 22 5 24 9
1 2 3 5 4 7 6 10 19 24 8 14 20 27 15 23 17 26 18 28 11 22 9 21 12 25 16 30 13 29 16 17 18 20 19 22 21 25 3 8 23 29 30 6 28 5 1 10 4 14 2 13 0 12 27 9 24 7 26 11
1 2 3 5 4 7 6 10 19 24 8 14 20 27 15 23 17 26 18 28 11 22 9 21 12 25 16 30 13 29 19 20 21 23 22 25 24 28 6 11 26 1 2 9 0 8 4 13 7 17 5 16 3 15 30 12 27 10 29 14
1 2 3 5 4 7 6 10 19 24 8 14 20 27 15 23 17 26 18 28 11 22 9 21 12 25 16 30 13 29 24 25 26 28 27 30 29 2 11 16 0 6 7 14 5 13 9 18 12 22 10 21 8 20 4 17 1 15 3 19
1 2 3 5 4 7 6 10 19 24 8 14 20 27 15 23 17 26 18 28 11 22 9 21 12 25 16 30 13 29 29 30 0 2 1 4 3 7 16 21 5 11 12 19 10 18 14 23 17 27 15 26 13 25 9 22 6 20 8 24
1 2 3 5 4 7 6 10 19 24 8 14 20 27 15 23 17 26 18 28 11 22 9 21 12 25 16 30 13 29 0 1 2 4 3 6 5 9 18 23 7 13 14 21 12 20 16 25 19 29 17 28 15 27 11 24 8 22 10 26
1 2 3 5 4 7 6 10 19 24 8 14 20 27 15 23 17 26 18 28 11 22 9 21 12 25 16 30 13 29 5 6 7 9 8 11 10 14 21 26 12 18 23 30 17 25 19 28 24 3 22 2 20 1 16 29 13 27 15 0
1 2 3 5 4 7 6 10 19 24 8 14 20 27 15 23 17 26 18 28 11 22 9 21 12 25 16 30 13 29 9 10 11 13 12 15 14 18 25 30 16 22 27 3 21 29 23 1 28 7 26 6 24 5 20 2 17 0 19 4
1 2 3 5 4 7 6 10 19 24 8 14 20 27 15 23 17 26 18 28 11 22 9 21 12 25 16 30 13 29 11 12 13 15 14 17 16 20 27 1 18 24 29 5 23 0 25 3 30 9 28 8 26 7 22 4 19 2 21 6
1 2 3 5 4 7 6 10 19 24 8 14 20 27 15 23 17 26 18 28 11 22 9 21 12 25 16 30 13 29 12 13 14 16 15 18 17 21 28 2 19 25 30 6 24 1 26 4 0 10 29 9 27 8 23 5 20 3 22 7
1 2 3 5 4 7 6 10 19 24 8 14 20 27 15 23 17 26 18 28 11 22 9 21 12 25 16 30 13 29 14 15 16 18 17 20 19 23 30 4 21 27 1 8 26 3 28 6 2 12 0 11 29 10 25 7 22 5 24 9
1 2 3 5 4 7 6 10 19 24 8 14 20 27 15 23 17 26 18 28 11 22 9 21 12 25 16 30 13 29 18 19 20 22 21 24 23 27 3 8 25 0 5 12 30 7 1 10 6 16 4 15 2 14 29 11 26 9 28 13
1 2 3 5 4 7 6 10 19 24 8 14 20 27 15 23 17 26 18 28 11 22 9 21 12 25 16 30 13 29 21 22 23 25 24 27 26 30 6 11 28 3 8 15 2 10 4 13 9 19 7 18 5 17 1 14 29 12 0 16
1 2 3 5 4 7 6 10 19 24 8 14 20 27 15 23 17 26 18 28 11 22 9 21 12 25 16 30 13 29 24 25 26 28 27 30 29 2 9 14 0 6 11 18 5 13 7 16 12 22 10 21 8 20 4 17 1 15 3 19
1 2 3 5 4 7 6 10 19 24 8 14 20 27 15 23 17 26 18 28 11 22 9 21 12 25 16 30 13 29 0 1 2 4 3 6 5 9 16 21 7 13 18 25 12 20 14 23 19 29 17 28 15 27 11 24 8 22 10 26
1 2 3 5 4 7 6 10 19 24 8 14 20 27 15 23 17 26 18 28 11 22 9 21 12 25 16 30 13 29 7 8 9 11 10 13 12 16 22 27 14 20 23 30 26 3 19 28 25 4 21 1 24 5 18 0 15 29 17 2
1 2 3 5 4 7 6 10 19 24 8 14 20 27 15 23 17 26 18 28 11 22 9 21 12 25 16 30 13 29 9 10 11 13 12 15 14 18 24 29 16 22 25 1 28 5 21 30 27 6 23 3 26 7 20 2 17 0 19 4
1 2 3 5 4 7 6 10 19 24 8 14 20 27 15 23 17 26 18 28 11 22 9 21 12 25 16 30 13 29 12 13 14 16 15 18 17 21 27 1 19 25 28 4 0 8 24 2 30 9 26 6 29 10 23 5 20 3 22 7
1 2 3 5 4 7 6 10 19 24 8 14 20 27 15 23 17 26 18 28 11 22 9 21 12 25 16 30 13 29 13 14 15 17 16 19 18 22 28 2 20 26 29 5 1 9 25 3 0 10 27 7 30 11 24 6 21 4 23 8
1 2 3 5 4 7 6 10 19 24 8 14 20 27 15 23 17 26 18 28 11 22 9 21 12 25 16 30 13 29 14 15 16 18 17 20 19 23 29 3 21 27 30 6 2 10 26 4 1 11 28 8 0 12 25 7 22 5 24 9
1 2 3 5 4 7 6 10 19 24 8 14 20 27 15 23 17 26 18 28 11 22 9 21 12 25 16 30 13 29 15 16 17 19 18 21 20 24 30 4 22 28 0 7 3 11 27 5 2 12 29 9 1 13 26 8 23 6 25 10
1 2 3 5 4 7 6 10 19 24 8 14 20 27 15 23 17 26 18 28 11 22 9 21 12 25 16 30 13 29 18 19 20 22 21 24 23 27 2 7 25 0 3 10 6 14 30 8 5 15 1 12 4 16 29 11 26 9 28 13
1 2 3 5 4 7 6 10 19 24 8 14 20 27 15 23 17 26 18 28 11 22 9 21 12 25 16 30 13 29 20 21 22 24 23 26 25 29 4 9 27 2 5 12 8 16 1 10 7 17 3 14 6 18 0 13 28 11 30 15
1 2 3 5 4 7 6 10 19 24 8 14 20 27 15 23 17 26 18 28 11 22 9 21 12 25 16 30 13 29 21 22 23 25 24 27 26 30 5 10 28 3 6 13 9 17 2 11 8 18 4 15 7 19 1 14 29 12 0 16
1 2 3 5 4 7 6 10 19 24 8 14 20 27 15 23 17 26 18 28 11 22 9 21 12 25 16 30 13 29 22 23 24 26 25 28 27 0 6 11 29 4 7 14 10 18 3 12 9 19 5 16 8 20 2 15 30 13 1 17
1 2 3 5 4 7 6 10 19 24 8 14 20 27 15 23 17 26 18 28 11 22 9 21 12 25 16 30 13 29 29 30 0 2 1 4 3 7 13 18 5 11 14 21 17 25 10 19 16 26 12 23 15 27 9 22 6 20 8 24
1 2 3 5 4 7 6 10 19 24 8 14 20 27 15 23 17 26 18 28 11 22 9 21 12 25 16 30 13 29 2 3 4 6 5 8 7 11 17 22 9 15 16 23 21 29 18 27 20 30 14 25 19 0 13 26 10 24 12 28
1 2 3 5 4 7 6 10 19 24 8 14 20 27 15 23 17 26 18 28 11 22 9 21 12 25 16 30 13 29 7 8 9 11 10 13 12 16 22 27 14 20 21 28 26 3 23 1 25 4 19 30 24 5 18 0 15 29 17 2
1 2 3 5 4 7 6 10 19 24 8 14 20 27 15 23 17 26 18 28 11 22 9 21 12 25 16 30 13 29 10 11 12 14 13 16 15 19 25 30 17 23 24 0 29 6 26 4 28 7 22 2 27 8 21 3 18 1 20 5
1 2 3 5 4 7 6 10 19 24 8 14 20 27 15 23 17 26 18 28 11 22 9 21 12 25 16 30 13 29 11 12 13 15 14 17 16 20 26 0 18 24 25 1 30 7 27 5 29 8 23 3 28 9 22 4 19 2 21 6
1 2 3 5 4 7 6 10 19 24 8 14 20 27 15 23 17 26 18 28 11 22 9 21 12 25 16 30 13 29 12 13 14 16 15 18 17 21 27 1 19 25 26 2 0 8 28 6 30 9 24 4 29 10 23 5 20 3 22 7
1 2 3 5 4 7 6 10 19 24 8 14 20 27 15 23 17 26 18 28 11 22 9 21 12 25 16 30 13 29 13 14 15 17 16 19 18 22 28 2 20 26 27 3 1 9 29 7 0 10 25 5 30 11 24 6 21 4 23 8
1 2 3 5 4 7 6 10 19 24 8 14 20 27 15 23 17 26 18 28 11 22 9 21 12 25 16 30 13 29 14 15 16 18 17 20 19 23 29 3 21 27 28 4 2 10 30 8 1 11 26 6 0 12 25 7 22 5 24 9
1 2 3 5 4 7 6 10 19 24 8 14 20 27 15 23 17 26 18 28 11 22 9 21 12 25 16 30 13 29 15 16 17 19 18 21 20 24 30 4 22 28 29 5 3 11 0 9 2 12 27 7 1 13 26 8 23 6 25 10
1 2 3 5 4 7 6 10 19 24 8 14 20 27 15 23 17 26 18 28 11 22 9 21 12 25 16 30 13 29 20 21 22 24 23 26 25 29 4 9 27 2 3 10 8 16 5 14 7 17 1 12 6 18 0 13 28 11 30 15
1 2 3 5 4 7 6 10 19 24 8 14 20 27 15 23 17 26 18 28 11 22 9 21 12 25 16 30 13 29 25 26 27 29 28 0 30 3 9 14 1 7 8 15 13 21 10 19 12 22 6 17 11 23 5 18 2 16 4 20
1 2 3 5 4 7 6 10 19 24 8 14 20 27 15 23 17 26 18 28 11 22 9 21 12 25 16 30 13 29 26 27 28 30 29 1 0 4 10 15 2 8 9 16 14 22 11 20 13 23 7 18 12 24 6 19 3 17 5 21
1 2 3 5 4 7 6 10 19 24 8 14 20 27 15 23 17 26 18 28 11 22 9 21 12 25 16 30 13 29 29 30 0 2 1 4 3 7 13 18 5 11 12 19 17 25 14 23 16 26 10 21 15 27 9 22 6 20 8 24
1 2 3 5 4 7 6 10 19 24 8 14 20 27 15 23 17 26 18 28 11 22 9 21 12 25 16 30 13 29 9 10 11 13 12 15 14 18 24 29 16 22 23 30 26 3 27 5 28 7 21 1 25 6 20 2 17 0 19 4
1 2 3 5 4 7 6 10 19 24 8 14 20 27 15 23 17 26 18 28 11 22 9 21 12 25 16 30 13 29 14 15 16 18 17 20 19 23 29 3 21 27 28 4 0 8 1 10 2 12 26 6 30 11 25 7 22 5 24 9
1 2 3 5 4 7 6 10 19 24 8 14 20 27 15 23 17 26 18 28 11 22 9 21 12 25 16 30 13 29 16 17 18 20 19 22 21 25 0 5 23 29 30 6 2 10 3 12 4 14 28 8 1 13 27 9 24 7 26 11
1 2 3 5 4 7 6 10 19 24 8 14 20 27 15 23 17 26 18 28 11 22 9 21 12 25 16 30 13 29 20 21 22 24 23 26 25 29 4 9 27 2 3 10 6 14 7 16 8 18 1 12 5 17 0 13 28 11 30 15
1 2 3 5 4 7 6 10 19 24 8 14 20 27 15 23 17 26 18 28 11 22 9 21 12 25 16 30 13 29 22 23 24 26 25 28 27 0 6 11 29 4 5 12 8 16 9 18 10 20 3 14 7 19 2 15 30 13 1 17
1 2 3 5 4 7 6 10 19 24 8 14 20 27 15 23 17 26 18 28 11 22 9 21 12 25 16 30 13 29 25 26 27 29 28 0 30 3 9 14 1 7 8 15 11 19 12 21 13 23 6 17 10 22 5 18 2 16 4 20
1 2 3 5 4 7 6 10 19 24 8 14 20 27 15 23 17 26 18 28 11 22 9 21 12 25 16 30 13 29 28 29 30 1 0 3 2 6 12 17 4 10 11 18 14 22 15 24 16 26 9 20 13 25 8 21 5 19 7 23
1 2 3 5 4 7 6 10 19 24 8 14 20 27 15 23 17 26 18 28 11 22 9 21 12 25 16 30 13 29 0 1 2 4 3 6 5 9 15 20 7 13 14 21 17 25 18 27 19 29 12 23 16 28 11 24 8 22 10 26
1 2 3 5 4 7 6 10 19 24 8 14 20 27 15 23 17 26 18 28 11 22 9 21 12 25 16 30 13 29 2 3 4 6 5 8 7 11 20 25 9 15 21 28 19 27 14 23 12 22 13 24 18 30 16 29 17 0 10 26
1 2 3 5 4 7 6 10 19 24 8 14 20 27 15 23 17 26 18 28 11 22 9 21 12 25 16 30 13 29 9 10 11 13 12 15 14 18 27 1 16 22 28 4 26 3 21 30 19 29 20 0 25 6 23 5 24 7 17 2
1 2 3 5 4 7 6 10 19 24 8 14 20 27 15 23 17 26 18 28 11 22 9 21 12 25 16 30 13 29 12 13 14 16 15 18 17 21 30 4 19 25 0 7 29 6 24 2 22 1 23 3 28 9 26 8 27 10 20 5
1 2 3 5 4 7 6 10 19 24 8 14 20 27 15 23 17 26 18 28 11 22 9 21 12 25 16 30 13 29 16 17 18 20 19 22 21 25 3 8 23 29 4 11 2 10 28 6 26 5 27 7 1 13 30 12 0 14 24 9
1 2 3 5 4 7 6 10 19 24 8 14 20 27 15 23 17 26 18 28 11 22 9 21 12 25 16 30 13 29 19 20 21 23 22 25 24 28 6 11 26 1 7 14 5 13 0 9 29 8 30 10 4 16 2 15 3 17 27 12
1 2 3 5 4 7 6 10 19 24 8 14 20 27 15 23 17 26 18 28 11 22 9 21 12 25 16 30 13 29 26 27 28 30 29 1 0 4 13 18 2 8 14 21 12 20 7 16 5 15 6 17 11 23 9 22 10 24 3 19
1 2 3 5 4 7 6 10 19 24 8 14 20 27 15 23 17 26 18 28 11 22 9 21 12 25 16 30 13 29 9 10 11 13 12 15 14 18 27 1 16 22 28 4 26 3 21 30 19 29 20 0 24 5 25 7 23 6 17 2
1 2 3 5 4 7 6 10 19 24 8 14 20 27 15 23 17 26 18 28 11 22 9 21 12 25 16 30 13 29 10 11 12 14 13 16 15 19 28 2 17 23 29 5 27 4 22 0 20 30 21 1 25 6 26 8 24 7 18 3
1 2 3 5 4 7 6 10 19 24 8 14 20 27 15 23 17 26 18 28 11 22 9 21 12 25 16 30 13 29 14 15 16 18 17 20 19 23 1 6 21 27 2 9 0 8 26 4 24 3 25 5 29 10 30 12 28 11 22 7
1 2 3 5 4 7 6 10 19 24 8 14 20 27 15 23 17 26 18 28 11 22 9 21 12 25 16 30 13 29 16 17 18 20 19 22 21 25 3 8 23 29 4 11 2 10 28 6 26 5 27 7 0 12 1 14 30 13 24 9
1 2 3 5 4 7 6 10 19 24 8 14 20 27 15 23 17 26 18 28 11 22 9 21 12 25 16 30 13 29 17 18 19 21 20 23 22 26 4 9 24 30 5 12 3 11 29 7 27 6 28 8 1 13 2 15 0 14 25 10
1 2 3 5 4 7 6 10 19 24 8 14 20 27 15 23 17 26 18 28 11 22 9 21 12 25 16 30 13 29 18 19 20 22 21 24 23 27 5 10 25 0 6 13 4 12 30 8 28 7 29 9 2 14 3 16 1 15 26 11
1 2 3 5 4 7 6 10 19 24 8 14 20 27 15 23 17 26 18 28 11 22 9 21 12 25 16 30 13 29 19 20 21 23 22 25 24 28 6 11 26 1 7 14 5 13 0 9 29 8 30 10 3 15 4 17 2 16 27 12
1 2 3 5 4 7 6 10 19 24 8 14 20 27 15 23 17 26 18 28 11 22 9 21 12 25 16 30 13 29 23 24 25 27 26 29 28 1 10 15 30 5 11 18 9 17 4 13 2 12 3 14 7 19 8 21 6 20 0 16
1 2 3 5 4 7 6 10 19 24 8 14 20 27 15 23 17 26 18 28 11 22 9 21 12 25 16 30 13 29 26 27 28 30 29 1 0 4 13 18 2 8 14 21 12 20 7 16 5 15 6 17 10 22 11 24 9 23 3 19
1 2 3 5 4 7 6 10 19 24 8 14 20 27 15 23 17 26 18 28 11 22 9 21 12 25 16 30 13 29 9 10 11 13 12 15 14 18 27 1 16 22 23 30 28 5 26 4 19 29 20 0 25 6 21 3 24 7 17 2
1 2 3 5 4 7 6 10 19 24 8 14 20 27 15 23 17 26 18 28 11 22 9 21 12 25 16 30 13 29 12 13 14 16 15 18 17 21 30 4 19 25 26 2 0 8 29 7 22 1 23 3 28 9 24 6 27 10 20 5
1 2 3 5 4 7 6 10 19 24 8 14 20 27 15 23 17 26 18 28 11 22 9 21 12 25 16 30 13 29 15 16 17 19 18 21 20 24 2 7 22 28 29 5 3 11 1 10 25 4 26 6 0 12 27 9 30 13 23 8
1 2 3 5 4 7 6 10 19 24 8 14 20 27 15 23 17 26 18 28 11 22 9 21 12 25 16 30 13 29 16 17 18 20 19 22 21 25 3 8 23 29 30 6 4 12 2 11 26 5 27 7 1 13 28 10 0 14 24 9
1 2 3 5 4 7 6 10 19 24 8 14 20 27 15 23 17 26 18 28 11 22 9 21 12 25 16 30 13 29 19 20 21 23 22 25 24 28 6 11 26 1 2 9 7 15 5 14 29 8 30 10 4 16 0 13 3 17 27 12
1 2 3 5 4 7 6 10 19 24 8 14 20 27 15 23 17 26 18 28 11 22 9 21 12 25 16 30 13 29 22 23 24 26 25 28 27 0 9 14 29 4 5 12 10 18 8 17 1 11 2 13 7 19 3 16 6 20 30 15
1 2 3 5 4 7 6 10 19 24 8 14 20 27 15 23 17 26 18 28 11 22 9 21 12 25 16 30 13 29 23 24 25 27 26 29 28 1 10 15 30 5 6 13 11 19 9 18 2 12 3 14 8 20 4 17 7 21 0 16
1 2 3 5 4 7 6 10 19 24 8 14 20 27 15 23 17 26 18 28 11 22 9 21 12 25 16 30 13 29 26 27 28 30 29 1 0 4 13 18 2 8 9 16 14 22 12 21 5 15 6 17 11 23 7 20 10 24 3 19
1 2 3 5 4 7 6 10 19 24 8 14 20 27 15 23 17 26 18 28 11 22 9 21 12 25 16 30 13 29 28 29 30 1 0 3 2 6 15 20 4 10 11 18 16 24 14 23 7 17 8 19 13 25 9 22 12 26 5 21
1 2 3 5 4 7 6 10 19 24 8 14 20 27 15 23 17 26 18 28 11 22 9 21 12 25 16 30 13 29 4 5 6 8 7 10 9 13 20 25 11 17 23 30 19 27 22 0 14 24 15 26 21 2 16 29 18 1 12 28
1 2 3 5 4 7 6 10 19 24 8 14 20 27 15 23 17 26 18 28 11 22 9 21 12 25 16 30 13 29 9 10 11 13 12 15 14 18 25 30 16 22 28 4 24 1 27 5 19 29 20 0 26 7 21 3 23 6 17 2
1 2 3 5 4 7 6 10 19 24 8 14 20 27 15 23 17 26 18 28 11 22 9 21 12 25 16 30 13 29 10 11 12 14 13 16 15 19 26 0 17 23 29 5 25 2 28 6 20 30 21 1 27 8 22 4 24 7 18 3
1 2 3 5 4 7 6 10 19 24 8 14 20 27 15 23 17 26 18 28 11 22 9 21 12 25 16 30 13 29 11 12 13 15 14 17 16 20 27 1 18 24 30 6 26 3 29 7 21 0 22 2 28 9 23 5 25 8 19 4
1 2 3 5 4 7 6 10 19 24 8 14 20 27 15 23 17 26 18 28 11 22 9 21 12 25 16 30 13 29 13 14 15 17 16 19 18 22 29 3 20 26 1 8 28 5 0 9 23 2 24 4 30 11 25 7 27 10 21 6
1 2 3 5 4 7 6 10 19 24 8 14 20 27 15 23 17 26 18 28 11 22 9 21 12 25 16 30 13 29 15 16 17 19 18 21 20 24 0 5 22 28 3 10 30 7 2 11 25 4 26 6 1 13 27 9 29 12 23 8
1 2 3 5 4 7 6 10 19 24 8 14 20 27 15 23 17 26 18 28 11 22 9 21 12 25 16 30 13 29 16 17 18 20 19 22 21 25 1 6 23 29 4 11 0 8 3 12 26 5 27 7 2 14 28 10 30 13 24 9
1 2 3 5 4 7 6 10 19 24 8 14 20 27 15 23 17 26 18 28 11 22 9 21 12 25 16 30 13 29 19 20 21 23 22 25 24 28 4 9 26 1 7 14 3 11 6 15 29 8 30 10 5 17 0 13 2 16 27 12
1 2 3 5 4 7 6 10 19 24 8 14 20 27 15 23 17 26 18 28 11 22 9 21 12 25 16 30 13 29 22 23 24 26 25 28 27 0 7 12 29 4 10 17 6 14 9 18 1 11 2 13 8 20 3 16 5 19 30 15
1 2 3 5 4 7 6 10 19 24 8 14 20 27 15 23 17 26 18 28 11 22 9 21 12 25 16 30 13 29 26 27 28 30 29 1 0 4 11 16 2 8 14 21 10 18 13 22 5 15 6 17 12 24 7 20 9 23 3 19
1 2 3 5 4 7 6 10 19 24 8 14 20 27 15 23 17 26 18 28 11 22 9 21 12 25 16 30 13 29 29 30 0 2 1 4 3 7 14 19 5 11 17 24 13 21 16 25 8 18 9 20 15 27 10 23 12 26 6 22
1 2 3 5 4 7 6 10 19 24 8 14 20 27 15 23 17 26 18 28 11 22 9 21 12 25 16 30 13 29 9 10 11 13 12 15 14 18 27 1 16 22 23 30 26 3 28 6 19 29 20 0 24 5 25 7 21 4 17 2
1 2 3 5 4 7 6 10 19 24 8 14 20 27 15 23 17 26 18 28 11 22 9 21 12 25 16 30 13 29 19 20 21 23 22 25 24 28 6 11 26 1 2 9 5 13 7 16 29 8 30 10 3 15 4 17 0 14 27 12
1 2 3 5 4 7 6 10 19 24 8 14 20 27 15 23 17 26 18 28 11 22 9 21 12 25 16 30 13 29 23 24 25 27 26 29 28 1 10 15 30 5 6 13 9 17 11 20 2 12 3 14 7 19 8 21 4 18 0 16
1 2 3 5 4 7 6 10 19 24 8 14 20 27 15 23 17 26 18 28 11 22 9 21 12 25 16 30 13 29 24 25 26 28 27 30 29 2 11 16 0 6 7 14 10 18 12 21 3 13 4 15 8 20 9 22 5 19 1 17
1 2 3 5 4 7 6 10 19 24 8 14 20 27 15 23 17 26 18 28 11 22 9 21 12 25 16 30 13 29 26 27 28 30 29 1 0 4 13 18 2 8 9 16 12 20 14 23 5 15 6 17 10 22 11 24 7 21 3 19
1 2 3 5 4 7 6 10 19 24 8 14 20 27 15 23 17 26 18 28 11 22 9 21 12 25 16 30 13 29 2 3 4 6 5 8 7 11 20 25 9 15 16 23 21 29 18 27 12 22 13 24 19 0 17 30 14 28 10 26
1 2 3 5 4 7 6 10 19 24 8 14 20 27 15 23 17 26 18 28 11 22 9 21 12 25 16 30 13 29 9 10 11 13 12 15 14 18 27 1 16 22 23 30 28 5 25 3 19 29 20 0 26 7 24 6 21 4 17 2
1 2 3 5 4 7 6 10 19 24 8 14 20 27 15 23 17 26 18 28 11 22 9 21 12 25 16 30 13 29 10 11 12 14 13 16 15 19 28 2 17 23 24 0 29 6 26 4 20 30 21 1 27 8 25 7 22 5 18 3
1 2 3 5 4 7 6 10 19 24 8 14 20 27 15 23 17 26 18 28 11 22 9 21 12 25 16 30 13 29 12 13 14 16 15 18 17 21 30 4 19 25 26 2 0 8 28 6 22 1 23 3 29 10 27 9 24 7 20 5
1 2 3 5 4 7 6 10 19 24 8 14 20 27 15 23 17 26 18 28 11 22 9 21 12 25 16 30 13 29 13 14 15 17 16 19 18 22 0 5 20 26 27 3 1 9 29 7 23 2 24 4 30 11 28 10 25 8 21 6
1 2 3 5 4 7 6 10 19 24 8 14 20 27 15 23 17 26 18 28 11 22 9 21 12 25 16 30 13 29 19 20 21 23 22 25 24 28 6 11 26 1 2 9 7 15 4 13 29 8 30 10 5 17 3 16 0 14 27 12
1 2 3 5 4 7 6 10 19 24 8 14 20 27 15 23 17 26 18 28 11 22 9 21 12 25 16 30 13 29 24 25 26 28 27 30 29 2 11 16 0 6 7 14 12 20 9 18 3 13 4 15 10 22 8 21 5 19 1 17
1 2 3 5 4 7 6 10 19 24 8 14 20 27 15 23 17 26 18 28 11 22 9 21 12 25 16 30 13 29 26 27 28 30 29 1 0 4 13 18 2 8 9 16 14 22 11 20 5 15 6 17 12 24 10 23 7 21 3 19
1 2 3 5 4 7 6 10 19 24 8 14 20 27 15 23 17 26 18 28 11 22 9 21 12 25 16 30 13 29 29 30 0 2 1 4 3 7 16 21 5 11 12 19 17 25 14 23 8 18 9 20 15 27 13 26 10 24 6 22
1 2 3 5 4 7 6 10 19 24 8 14 20 27 15 23 17 26 18 28 11 22 9 21 12 25 16 30 13 29 6 7 8 10 9 12 11 15 22 27 13 19 24 0 25 2 20 29 16 26 17 28 23 4 21 3 18 1 14 30
1 2 3 5 4 7 6 10 19 24 8 14 20 27 15 23 17 26 18 28 11 22 9 21 12 25 16 30 13 29 12 13 14 16 15 18 17 21 28 2 19 25 30 6 0 8 26 4 22 1 23 3 29 10 27 9 24 7 20 5
1 2 3 5 4 7 6 10 19 24 8 14 20 27 15 23 17 26 18 28 11 22 9 21 12 25 16 30 13 29 13 14 15 17 16 19 18 22 29 3 20 26 0 7 1 9 27 5 23 2 24 4 30 11 28 10 25 8 21 6
1 2 3 5 4 7 6 10 19 24 8 14 20 27 15 23 17 26 18 28 11 22 9 21 12 25 16 30 13 29 22 23 24 26 25 28 27 0 7 12 29 4 9 16 10 18 5 14 1 11 2 13 8 20 6 19 3 17 30 15
1 2 3 5 4 7 6 10 19 24 8 14 20 27 15 23 17 26 18 28 11 22 9 21 12 25 16 30 13 29 26 27 28 30 29 1 0 4 11 16 2 8 13 20 14 22 9 18 5 15 6 17 12 24 10 23 7 21 3 19
1 2 3 5 4 7 6 10 19 24 8 14 20 27 15 23 17 26 18 28 11 22 9 21 12 25 16 30 13 29 9 10 11 13 12 15 14 18 25 30 16 22 27 3 24 1 28 6 19 29 20 0 26 7 23 5 21 4 17 2
1 2 3 5 4 7 6 10 19 24 8 14 20 27 15 23 17 26 18 28 11 22 9 21 12 25 16 30 13 29 10 11 12 14 13 16 15 19 26 0 17 23 28 4 25 2 29 7 20 30 21 1 27 8 24 6 22 5 18 3
1 2 3 5 4 7 6 10 19 24 8 14 20 27 15 23 17 26 18 28 11 22 9 21 12 25 16 30 13 29 11 12 13 15 14 17 16 20 27 1 18 24 29 5 26 3 30 8 21 0 22 2 28 9 25 7 23 6 19 4
1 2 3 5 4 7 6 10 19 24 8 14 20 27 15 23 17 26 18 28 11 22 9 21 12 25 16 30 13 29 12 13 14 16 15 18 17 21 28 2 19 25 30 6 27 4 0 9 22 1 23 3 29 10 26 8 24 7 20 5
1 2 3 5 4 7 6 10 19 24 8 14 20 27 15 23 17 26 18 28 11 22 9 21 12 25 16 30 13 29 16 17 18 20 19 22 21 25 1 6 23 29 3 10 0 8 4 13 26 5 27 7 2 14 30 12 28 11 24 9
1 2 3 5 4 7 6 10 19 24 8 14 20 27 15 23 17 26 18 28 11 22 9 21 12 25 16 30 13 29 17 18 19 21 20 23 22 26 2 7 24 30 4 11 1 9 5 14 27 6 28 8 3 15 0 13 29 12 25 10
1 2 3 5 4 7 6 10 19 24 8 14 20 27 15 23 17 26 18 28 11 22 9 21 12 25 16 30 13 29 19 20 21 23 22 25 24 28 4 9 26 1 6 13 3 11 7 16 29 8 30 10 5 17 2 15 0 14 27 12
1 2 3 5 4 7 6 10 19 24 8 14 20 27 15 23 17 26 18 28 11 22 9 21 12 25 16 30 13 29 21 22 23 25 24 27 26 30 6 11 28 3 8 15 5 13 9 18 0 10 1 12 7 19 4 17 2 16 29 14
1 2 3 5 4 7 6 10 19 24 8 14 20 27 15 23 17 26 18 28 11 22 9 21 12 25 16 30 13 29 22 23 24 26 25 28 27 0 7 12 29 4 9 16 6 14 10 19 1 11 2 13 8 20 5 18 3 17 30 15
1 2 3 5 4 7 6 10 19 24 8 14 20 27 15 23 17 26 18 28 11 22 9 21 12 25 16 30 13 29 24 25 26 28 27 30 29 2 9 14 0 6 11 18 8 16 12 21 3 13 4 15 10 22 7 20 5 19 1 17
1 2 3 5 4 7 6 10 19 24 8 14 20 27 15 23 17 26 18 28 11 22 9 21 12 25 16 30 13 29 26 27 28 30 29 1 0 4 11 16 2 8 13 20 10 18 14 23 5 15 6 17 12 24 9 22 7 21 3 19
1 2 3 5 4 7 6 10 19 24 8 14 20 27 15 23 17 26 18 28 11 22 9 21 12 25 16 30 13 29 7 8 9 11 10 13 12 16 24 29 14 20 25 1 26 3 19 28 17 27 22 2 18 30 23 5 21 4 15 0
1 2 3 5 4 7 6 10 19 24 8 14 20 27 15 23 17 26 18 28 11 22 9 21 12 25 16 30 13 29 11 12 13 15 14 17 16 20 28 2 18 24 29 5 30 7 23 1 21 0 26 6 22 3 27 9 25 8 19 4
1 2 3 5 4 7 6 10 19 24 8 14 20 27 15 23 17 26 18 28 11 22 9 21 12 25 16 30 13 29 14 15 16 18 17 20 19 23 0 5 21 27 1 8 2 10 26 4 24 3 29 9 25 6 30 12 28 11 22 7
1 2 3 5 4 7 6 10 19 24 8 14 20 27 15 23 17 26 18 28 11 22 9 21 12 25 16 30 13 29 15 16 17 19 18 21 20 24 1 6 22 28 2 9 3 11 27 5 25 4 30 10 26 7 0 13 29 12 23 8
1 2 3 5 4 7 6 10 19 24 8 14 20 27 15 23 17 26 18 28 11 22 9 21 12 25 16 30 13 29 16 17 18 20 19 22 21 25 2 7 23 29 3 10 4 12 28 6 26 5 0 11 27 8 1 14 30 13 24 9
1 2 3 5 4 7 6 10 19 24 8 14 20 27 15 23 17 26 18 28 11 22 9 21 12 25 16 30 13 29 20 21 22 24 23 26 25 29 6 11 27 2 7 14 8 16 1 10 30 9 4 15 0 12 5 18 3 17 28 13
1 2 3 5 4 7 6 10 19 24 8 14 20 27 15 23 17 26 18 28 11 22 9 21 12 25 16 30 13 29 26 27 28 30 29 1 0 4 12 17 2 8 13 20 14 22 7 16 5 15 10 21 6 18 11 24 9 23 3 19
1 2 3 5 4 7 6 10 19 24 8 14 20 27 15 23 17 26 18 28 11 22 9 21 12 25 16 30 13 29 9 10 11 13 12 15 14 18 26 0 16 22 23 30 27 4 28 6 19 29 25 5 20 1 21 3 24 7 17 2
1 2 3 5 4 7 6 10 19 24 8 14 20 27 15 23 17 26 18 28 11 22 9 21 12 25 16 30 13 29 11 12 13 15 14 17 16 20 28 2 18 24 25 1 29 6 30 8 21 0 27 7 22 3 23 5 26 9 19 4
1 2 3 5 4 7 6 10 19 24 8 14 20 27 15 23 17 26 18 28 11 22 9 21 12 25 16 30 13 29 14 15 16 18 17 20 19 23 0 5 21 27 28 4 1 9 2 11 24 3 30 10 25 6 26 8 29 12 22 7
1 2 3 5 4 7 6 10 19 24 8 14 20 27 15 23 17 26 18 28 11 22 9 21 12 25 16 30 13 29 16 17 18 20 19 22 21 25 2 7 23 29 30 6 3 11 4 13 26 5 1 12 27 8 28 10 0 14 24 9
1 2 3 5 4 7 6 10 19 24 8 14 20 27 15 23 17 26 18 28 11 22 9 21 12 25 16 30 13 29 19 20 21 23 22 25 24 28 5 10 26 1 2 9 6 14 7 16 29 8 4 15 30 11 0 13 3 17 27 12
1 2 3 5 4 7 6 10 19 24 8 14 20 27 15 23 17 26 18 28 11 22 9 21 12 25 16 30 13 29 20 21 22 24 23 26 25 29 6 11 27 2 3 10 7 15 8 17 30 9 5 16 0 12 1 14 4 18 28 13
1 2 3 5 4 7 6 10 19 24 8 14 20 27 15 23 17 26 18 28 11 22 9 21 12 25 16 30 13 29 21 22 23 25 24 27 26 30 7 12 28 3 4 11 8 16 9 18 0 10 6 17 1 13 2 15 5 19 29 14
1 2 3 5 4 7 6 10 19 24 8 14 20 27 15 23 17 26 18 28 11 22 9 21 12 25 16 30 13 29 23 24 25 27 26 29 28 1 9 14 30 5 6 13 10 18 11 20 2 12 8 19 3 15 4 17 7 21 0 16
1 2 3 5 4 7 6 10 19 24 8 14 20 27 15 23 17 26 18 28 11 22 9 21 12 25 16 30 13 29 27 28 29 0 30 2 1 5 13 18 3 9 10 17 14 22 15 24 6 16 12 23 7 19 8 21 11 25 4 20
1 2 3 5 4 7 6 10 19 24 8 14 20 27 15 23 17 26 18 28 11 22 9 21 12 25 16 30 13 29 4 5 6 8 7 10 9 13 20 25 11 17 23 30 18 26 22 0 14 24 21 1 15 27 16 29 19 2 12 28
1 2 3 5 4 7 6 10 19 24 8 14 20 27 15 23 17 26 18 28 11 22 9 21 12 25 16 30 13 29 11 12 13 15 14 17 16 20 27 1 18 24 30 6 25 2 29 7 21 0 28 8 22 3 23 5 26 9 19 4
1 2 3 5 4 7 6 10 19 24 8 14 20 27 15 23 17 26 18 28 11 22 9 21 12 25 16 30 13 29 14 15 16 18 17 20 19 23 30 4 21 27 2 9 28 5 1 10 24 3 0 11 25 6 26 8 29 12 22 7
1 2 3 5 4 7 6 10 19 24 8 14 20 27 15 23 17 26 18 28 11 22 9 21 12 25 16 30 13 29 17 18 19 21 20 23 22 26 2 7 24 30 5 12 0 8 4 13 27 6 3 14 28 9 29 11 1 15 25 10
1 2 3 5 4 7 6 10 19 24 8 14 20 27 15 23 17 26 18 28 11 22 9 21 12 25 16 30 13 29 19 20 21 23 22 25 24 28 4 9 26 1 7 14 2 10 6 15 29 8 5 16 30 11 0 13 3 17 27 12
1 2 3 5 4 7 6 10 19 24 8 14 20 27 15 23 17 26 18 28 11 22 9 21 12 25 16 30 13 29 20 21 22 24 23 26 25 29 5 10 27 2 8 15 3 11 7 16 30 9 6 17 0 12 1 14 4 18 28 13
1 2 3 5 4 7 6 10 19 24 8 14 20 27 15 23 17 26 18 28 11 22 9 21 12 25 16 30 13 29 21 22 23 25 24 27 26 30 6 11 28 3 9 16 4 12 8 17 0 10 7 18 1 13 2 15 5 19 29 14
1 2 3 5 4 7 6 10 19 24 8 14 20 27 15 23 17 26 18 28 11 22 9 21 12 25 16 30 13 29 22 23 24 26 25 28 27 0 7 12 29 4 10 17 5 13 9 18 1 11 8 19 2 14 3 16 6 20 30 15
1 2 3 5 4 7 6 10 19 24 8 14 20 27 15 23 17 26 18 28 11 22 9 21 12 25 16 30 13 29 23 24 25 27 26 29 28 1 8 13 30 5 11 18 6 14 10 19 2 12 9 20 3 15 4 17 7 21 0 16
1 2 3 5 4 7 6 10 19 24 8 14 20 27 15 23 17 26 18 28 11 22 9 21 12 25 16 30 13 29 26 27 28 30 29 1 0 4 11 16 2 8 14 21 9 17 13 22 5 15 12 23 6 18 7 20 10 24 3 19
1 2 3 5 4 7 6 10 19 24 8 14 20 27 15 23 17 26 18 28 11 22 9 21 12 25 16 30 13 29 27 28 29 0 30 2 1 5 12 17 3 9 15 22 10 18 14 23 6 16 13 24 7 19 8 21 11 25 4 20
1 2 3 5 4 7 6 10 19 24 8 14 20 27 15 23 17 26 18 28 11 22 9 21 12 25 16 30 13 29 10 11 12 14 13 16 15 19 26 0 17 23 25 1 29 6 27 5 20 30 28 8 21 2 22 4 24 7 18 3
1 2 3 5 4 7 6 10 19 24 8 14 20 27 15 23 17 26 18 28 11 22 9 21 12 25 16 30 13 29 11 12 13 15 14 17 16 20 27 1 18 24 26 2 30 7 28 6 21 0 29 9 22 3 23 5 25 8 19 4
1 2 3 5 4 7 6 10 19 24 8 14 20 27 15 23 17 26 18 28 11 22 9 21 12 25 16 30 13 29 15 16 17 19 18 21 20 24 0 5 22 28 30 6 3 11 1 10 25 4 2 13 26 7 27 9 29 12 23 8
1 2 3 5 4 7 6 10 19 24 8 14 20 27 15 23 17 26 18 28 11 22 9 21 12 25 16 30 13 29 16 17 18 20 19 22 21 25 1 6 23 29 0 7 4 12 2 11 26 5 3 14 27 8 28 10 30 13 24 9
1 2 3 5 4 7 6 10 19 24 8 14 20 27 15 23 17 26 18 28 11 22 9 21 12 25 16 30 13 29 17 18 19 21 20 23 22 26 2 7 24 30 1 8 5 13 3 12 27 6 4 15 28 9 29 11 0 14 25 10
1 2 3 5 4 7 6 10 19 24 8 14 20 27 15 23 17 26 18 28 11 22 9 21 12 25 16 30 13 29 18 19 20 22 21 24 23 27 3 8 25 0 2 9 6 14 4 13 28 7 5 16 29 10 30 12 1 15 26 11
1 2 3 5 4 7 6 10 19 24 8 14 20 27 15 23 17 26 18 28 11 22 9 21 12 25 16 30 13 29 21 22 23 25 24 27 26 30 6 11 28 3 5 12 9 17 7 16 0 10 8 19 1 13 2 15 4 18 29 14
1 2 3 5 4 7 6 10 19 24 8 14 20 27 15 23 17 26 18 28 11 22 9 21 12 25 16 30 13 29 25 26 27 29 28 0 30 3 10 15 1 7 9 16 13 21 11 20 4 14 12 23 5 17 6 19 8 22 2 18
1 2 3 5 4 7 6 10 19 24 8 14 20 27 15 23 17 26 18 28 11 22 9 21 12 25 16 30 13 29 26 27 28 30 29 1 0 4 11 16 2 8 10 17 14 22 12 21 5 15 13 24 6 18 7 20 9 23 3 19
1 2 3 5 4 7 6 10 19 24 8 14 20 27 15 23 17 26 18 28 11 22 9 21 12 25 16 30 13 29 9 10 11 13 12 15 14 18 26 0 16 22 23 30 28 5 25 3 19 29 27 7 20 1 24 6 21 4 17 2
1 2 3 5 4 7 6 10 19 24 8 14 20 27 15 23 17 26 18 28 11 22 9 21 12 25 16 30 13 29 10 11 12 14 13 16 15 19 27 1 17 23 24 0 29 6 26 4 20 30 28 8 21 2 25 7 22 5 18 3
1 2 3 5 4 7 6 10 19 24 8 14 20 27 15 23 17 26 18 28 11 22 9 21 12 25 16 30 13 29 12 13 14 16 15 18 17 21 29 3 19 25 26 2 0 8 28 6 22 1 30 10 23 4 27 9 24 7 20 5
1 2 3 5 4 7 6 10 19 24 8 14 20 27 15 23 17 26 18 28 11 22 9 21 12 25 16 30 13 29 13 14 15 17 16 19 18 22 30 4 20 26 27 3 1 9 29 7 23 2 0 11 24 5 28 10 25 8 21 6
1 2 3 5 4 7 6 10 19 24 8 14 20 27 15 23 17 26 18 28 11 22 9 21 12 25 16 30 13 29 15 16 17 19 18 21 20 24 1 6 22 28 29 5 3 11 0 9 25 4 2 13 26 7 30 12 27 10 23 8
1 2 3 5 4 7 6 10 19 24 8 14 20 27 15 23 17 26 18 28 11 22 9 21 12 25 16 30 13 29 17 18 19 21 20 23 22 26 3 8 24 30 0 7 5 13 2 11 27 6 4 15 28 9 1 14 29 12 25 10
1 2 3 5 4 7 6 10 19 24 8 14 20 27 15 23 17 26 18 28 11 22 9 21 12 25 16 30 13 29 19 20 21 23 22 25 24 28 5 10 26 1 2 9 7 15 4 13 29 8 6 17 30 11 3 16 0 14 27 12
1 2 3 5 4 7 6 10 19 24 8 14 20 27 15 23 17 26 18 28 11 22 9 21 12 25 16 30 13 29 20 21 22 24 23 26 25 29 6 11 27 2 3 10 8 16 5 14 30 9 7 18 0 12 4 17 1 15 28 13
1 2 3 5 4 7 6 10 19 24 8 14 20 27 15 23 17 26 18 28 11 22 9 21 12 25 16 30 13 29 25 26 27 29 28 0 30 3 11 16 1 7 8 15 13 21 10 19 4 14 12 23 5 17 9 22 6 20 2 18
1 2 3 5 4 7 6 10 19 24 8 14 20 27 15 23 17 26 18 28 11 22 9 21 12 25 16 30 13 29 26 27 28 30 29 1 0 4 12 17 2 8 9 16 14 22 11 20 5 15 13 24 6 18 10 23 7 21 3 19
1 2 3 5 4 7 6 10 19 24 8 14 20 27 15 23 17 26 18 28 11 22 9 21 12 25 16 30 13 29 2 3 4 6 5 8 7 11 18 23 9 15 17 24 19 27 21 30 12 22 20 0 13 25 16 29 14 28 10 26
1 2 3 5 4 7 6 10 19 24 8 14 20 27 15 23 17 26 18 28 11 22 9 21 12 25 16 30 13 29 9 10 11 13 12 15 14 18 25 30 16 22 24 0 26 3 28 6 19 29 27 7 20 1 23 5 21 4 17 2
1 2 3 5 4 7 6 10 19 24 8 14 20 27 15 23 17 26 18 28 11 22 9 21 12 25 16 30 13 29 17 18 19 21 20 23 22 26 2 7 24 30 1 8 3 11 5 14 27 6 4 15 28 9 0 13 29 12 25 10
1 2 3 5 4 7 6 10 19 24 8 14 20 27 15 23 17 26 18 28 11 22 9 21 12 25 16 30 13 29 18 19 20 22 21 24 23 27 3 8 25 0 2 9 4 12 6 15 28 7 5 16 29 10 1 14 30 13 26 11
1 2 3 5 4 7 6 10 19 24 8 14 20 27 15 23 17 26 18 28 11 22 9 21 12 25 16 30 13 29 19 20 21 23 22 25 24 28 4 9 26 1 3 10 5 13 7 16 29 8 6 17 30 11 2 15 0 14 27 12
1 2 3 5 4 7 6 10 19 24 8 14 20 27 15 23 17 26 18 28 11 22 9 21 12 25 16 30 13 29 21 22 23 25 24 27 26 30 6 11 28 3 5 12 7 15 9 18 0 10 8 19 1 13 4 17 2 16 29 14
1 2 3 5 4 7 6 10 19 24 8 14 20 27 15 23 17 26 18 28 11 22 9 21 12 25 16 30 13 29 23 24 25 27 26 29 28 1 8 13 30 5 7 14 9 17 11 20 2 12 10 21 3 15 6 19 4 18 0 16
1 2 3 5 4 7 6 10 19 24 8 14 20 27 15 23 17 26 18 28 11 22 9 21 12 25 16 30 13 29 25 26 27 29 28 0 30 3 10 15 1 7 9 16 11 19 13 22 4 14 12 23 5 17 8 21 6 20 2 18
1 2 3 5 4 7 6 10 19 24 8 14 20 27 15 23 17 26 18 28 11 22 9 21 12 25 16 30 13 29 27 28 29 0 30 2 1 5 12 17 3 9 11 18 13 21 15 24 6 16 14 25 7 19 10 23 8 22 4 20
1 2 3 5 4 7 6 10 19 24 8 14 20 27 15 23 17 26 18 28 11 22 9 21 12 25 16 30 13 29 10 11 12 14 13 16 15 19 28 2 17 23 29 5 24 1 22 0 20 30 27 7 25 6 26 8 21 4 18 3
1 2 3 5 4 7 6 10 19 24 8 14 20 27 15 23 17 26 18 28 11 22 9 21 12 25 16 30 13 29 18 19 20 22 21 24 23 27 5 10 25 0 6 13 1 9 30 8 28 7 4 15 2 14 3 16 29 12 26 11
1 2 3 5 4 7 6 10 19 24 8 14 20 27 15 23 17 26 18 28 11 22 9 21 12 25 16 30 13 29 19 20 21 23 22 25 24 28 6 11 26 1 7 14 2 10 0 9 29 8 5 16 3 15 4 17 30 13 27 12
1 2 3 5 4 7 6 10 19 24 8 14 20 27 15 23 17 26 18 28 11 22 9 21 12 25 16 30 13 29 20 21 22 24 23 26 25 29 7 12 27 2 8 15 3 11 1 10 30 9 6 17 4 16 5 18 0 14 28 13
1 2 3 5 4 7 6 10 19 24 8 14 20 27 15 23 17 26 18 28 11 22 9 21 12 25 16 30 13 29 23 24 25 27 26 29 28 1 10 15 30 5 11 18 6 14 4 13 2 12 9 20 7 19 8 21 3 17 0 16
1 2 3 5 4 7 6 10 19 24 8 14 20 27 15 23 17 26 18 28 11 22 9 21 12 25 16 30 13 29 26 27 28 30 29 1 0 4 13 18 2 8 14 21 9 17 7 16 5 15 12 23 10 22 11 24 6 20 3 19
1 2 3 5 4 7 6 10 19 24 8 14 20 27 15 23 17 26 18 28 11 22 9 21 12 25 16 30 13 29 29 30 0 2 1 4 3 7 16 21 5 11 17 24 12 20 10 19 8 18 15 26 13 25 14 27 9 23 6 22
1 2 3 5 4 7 6 10 19 24 8 14 20 27 15 23 17 26 18 28 11 22 9 21 12 25 16 30 13 29 2 3 4 6 5 8 7 11 20 25 9 15 21 28 16 24 14 23 12 22 18 29 19 0 17 30 13 27 10 26
1 2 3 5 4 7 6 10 19 24 8 14 20 27 15 23 17 26 18 28 11 22 9 21 12 25 16 30 13 29 4 5 6 8 7 10 9 13 22 27 11 17 23 30 18 26 16 25 14 24 20 0 21 2 19 1 15 29 12 28
1 2 3 5 4 7 6 10 19 24 8 14 20 27 15 23 17 26 18 28 11 22 9 21 12 25 16 30 13 29 10 11 12 14 13 16 15 19 28 2 17 23 29 5 24 1 22 0 20 30 26 6 27 8 25 7 21 4 18 3
1 2 3 5 4 7 6 10 19 24 8 14 20 27 15 23 17 26 18 28 11 22 9 21 12 25 16 30 13 29 14 15 16 18 17 20 19 23 1 6 21 27 2 9 28 5 26 4 24 3 30 10 0 12 29 11 25 8 22 7
1 2 3 5 4 7 6 10 19 24 8 14 20 27 15 23 17 26 18 28 11 22 9 21 12 25 16 30 13 29 15 16 17 19 18 21 20 24 2 7 22 28 3 10 29 6 27 5 25 4 0 11 1 13 30 12 26 9 23 8
1 2 3 5 4 7 6 10 19 24 8 14 20 27 15 23 17 26 18 28 11 22 9 21 12 25 16 30 13 29 18 19 20 22 21 24 23 27 5 10 25 0 6 13 1 9 30 8 28 7 3 14 4 16 2 15 29 12 26 11
1 2 3 5 4 7 6 10 19 24 8 14 20 27 15 23 17 26 18 28 11 22 9 21 12 25 16 30 13 29 19 20 21 23 22 25 24 28 6 11 26 1 7 14 2 10 0 9 29 8 4 15 5 17 3 16 30 13 27 12
1 2 3 5 4 7 6 10 19 24 8 14 20 27 15 23 17 26 18 28 11 22 9 21 12 25 16 30 13 29 20 21 22 24 23 26 25 29 7 12 27 2 8 15 3 11 1 10 30 9 5 16 6 18 4 17 0 14 28 13
1 2 3 5 4 7 6 10 19 24 8 14 20 27 15 23 17 26 18 28 11 22 9 21 12 25 16 30 13 29 29 30 0 2 1 4 3 7 16 21 5 11 17 24 12 20 10 19 8 18 14 25 15 27 13 26 9 23 6 22
1 2 3 5 4 7 6 10 19 24 8 14 20 27 15 23 17 26 18 28 11 22 9 21 12 25 16 30 13 29 2 3 4 6 5 8 7 11 20 25 9 15 17 24 21 29 14 23 12 22 19 30 16 28 18 0 13 27 10 26
1 2 3 5 4 7 6 10 19 24 8 14 20 27 15 23 17 26 18 28 11 22 9 21 12 25 16 30 13 29 11 12 13 15 14 17 16 20 29 3 18 24 26 2 30 7 23 1 21 0 28 8 25 6 27 9 22 5 19 4
1 2 3 5 4 7 6 10 19 24 8 14 20 27 15 23 17 26 18 28 11 22 9 21 12 25 16 30 13 29 19 20 21 23 22 25 24 28 6 11 26 1 3 10 7 15 0 9 29 8 5 16 2 14 4 17 30 13 27 12
1 2 3 5 4 7 6 10 19 24 8 14 20 27 15 23 17 26 18 28 11 22 9 21 12 25 16 30 13 29 20 21 22 24 23 26 25 29 7 12 27 2 4 11 8 16 1 10 30 9 6 17 3 15 5 18 0 14 28 13
1 2 3 5 4 7 6 10 19 24 8 14 20 27 15 23 17 26 18 28 11 22 9 21 12 25 16 30 13 29 23 24 25 27 26 29 28 1 10 15 30 5 7 14 11 19 4 13 2 12 9 20 6 18 8 21 3 17 0 16
1 2 3 5 4 7 6 10 19 24 8 14 20 27 15 23 17 26 18 28 11 22 9 21 12 25 16 30 13 29 24 25 26 28 27 30 29 2 11 16 0 6 8 15 12 20 5 14 3 13 10 21 7 19 9 22 4 18 1 17
1 2 3 5 4 7 6 10 19 24 8 14 20 27 15 23 17 26 18 28 11 22 9 21 12 25 16 30 13 29 28 29 30 1 0 3 2 6 15 20 4 10 12 19 16 24 9 18 7 17 14 25 11 23 13 26 8 22 5 21
1 2 3 5 4 7 6 10 19 24 8 14 20 27 15 23 17 26 18 28 11 22 9 21 12 25 16 30 13 29 29 30 0 2 1 4 3 7 16 21 5 11 13 20 17 25 10 19 8 18 15 26 12 24 14 27 9 23 6 22
1 2 3 5 4 7 6 10 19 24 8 14 20 27 15 23 17 26 18 28 11 22 9 21 12 25 16 30 13 29 6 7 8 10 9 12 11 15 23 28 13 19 22 29 25 2 18 27 16 26 24 4 20 1 21 3 17 0 14 30
1 2 3 5 4 7 6 10 19 24 8 14 20 27 15 23 17 26 18 28 11 22 9 21 12 25 16 30 13 29 7 8 9 11 10 13 12 16 24 29 14 20 23 30 26 3 19 28 17 27 25 5 21 2 22 4 18 1 15 0
1 2 3 5 4 7 6 10 19 24 8 14 20 27 15 23 17 26 18 28 11 22 9 21 12 25 16 30 13 29 10 11 12 14 13 16 15 19 27 1 17 23 26 2 29 6 22 0 20 30 28 8 24 5 25 7 21 4 18 3
1 2 3 5 4 7 6 10 19 24 8 14 20 27 15 23 17 26 18 28 11 22 9 21 12 25 16 30 13 29 12 13 14 16 15 18 17 21 29 3 19 25 28 4 0 8 24 2 22 1 30 10 26 7 27 9 23 6 20 5
1 2 3 5 4 7 6 10 19 24 8 14 20 27 15 23 17 26 18 28 11 22 9 21 12 25 16 30 13 29 14 15 16 18 17 20 19 23 0 5 21 27 30 6 2 10 26 4 24 3 1 12 28 9 29 11 25 8 22 7
1 2 3 5 4 7 6 10 19 24 8 14 20 27 15 23 17 26 18 28 11 22 9 21 12 25 16 30 13 29 23 24 25 27 26 29 28 1 9 14 30 5 8 15 11 19 4 13 2 12 10 21 6 18 7 20 3 17 0 16
1 2 3 5 4 7 6 10 19 24 8 14 20 27 15 23 17 26 18 28 11 22 9 21 12 25 16 30 13 29 29 30 0 2 1 4 3 7 15 20 5 11 14 21 17 25 10 19 8 18 16 27 12 24 13 26 9 23 6 22
1 2 3 5 4 7 6 10 19 24 8 14 20 27 15 23 17 26 18 28 11 22 9 21 12 25 16 30 13 29 4 5 6 8 7 10 9 13 21 26 11 17 23 30 19 27 16 25 14 24 22 2 20 1 18 0 15 29 12 28
1 2 3 5 4 7 6 10 19 24 8 14 20 27 15 23 17 26 18 28 11 22 9 21 12 25 16 30 13 29 6 7 8 10 9 12 11 15 23 28 13 19 25 1 21 29 18 27 16 26 24 4 22 3 20 2 17 0 14 30
1 2 3 5 4 7 6 10 19 24 8 14 20 27 15 23 17 26 18 28 11 22 9 21 12 25 16 30 13 29 9 10 11 13 12 15 14 18 26 0 16 22 28 4 24 1 21 30 19 29 27 7 25 6 23 5 20 3 17 2
1 2 3 5 4 7 6 10 19 24 8 14 20 27 15 23 17 26 18 28 11 22 9 21 12 25 16 30 13 29 11 12 13 15 14 17 16 20 28 2 18 24 30 6 26 3 23 1 21 0 29 9 27 8 25 7 22 5 19 4
1 2 3 5 4 7 6 10 19 24 8 14 20 27 15 23 17 26 18 28 11 22 9 21 12 25 16 30 13 29 14 15 16 18 17 20 19 23 0 5 21 27 2 9 29 6 26 4 24 3 1 12 30 11 28 10 25 8 22 7
1 2 3 5 4 7 6 10 19 24 8 14 20 27 15 23 17 26 18 28 11 22 9 21 12 25 16 30 13 29 23 24 25 27 26 29 28 1 9 14 30 5 11 18 7 15 4 13 2 12 10 21 8 20 6 19 3 17 0 16
1 2 3 5 4 7 6 10 19 24 8 14 20 27 15 23 17 26 18 28 11 22 9 21 12 25 16 30 13 29 27 28 29 0 30 2 1 5 13 18 3 9 15 22 11 19 8 17 6 16 14 25 12 24 10 23 7 21 4 20
1 2 3 5 4 7 6 10 19 24 8 14 20 27 15 23 17 26 18 28 11 22 9 21 12 25 16 30 13 29 11 12 13 15 14 17 16 20 28 2 18 24 25 1 29 6 30 8 21 0 23 3 26 7 27 9 22 5 19 4
1 2 3 5 4 7 6 10 19 24 8 14 20 27 15 23 17 26 18 28 11 22 9 21 12 25 16 30 13 29 14 15 16 18 17 20 19 23 0 5 21 27 28 4 1 9 2 11 24 3 26 6 29 10 30 12 25 8 22 7
1 2 3 5 4 7 6 10 19 24 8 14 20 27 15 23 17 26 18 28 11 22 9 21 12 25 16 30 13 29 16 17 18 20 19 22 21 25 2 7 23 29 30 6 3 11 4 13 26 5 28 8 0 12 1 14 27 10 24 9
1 2 3 5 4 7 6 10 19 24 8 14 20 27 15 23 17 26 18 28 11 22 9 21 12 25 16 30 13 29 20 21 22 24 23 26 25 29 6 11 27 2 3 10 7 15 8 17 30 9 1 12 4 16 5 18 0 14 28 13
1 2 3 5 4 7 6 10 19 24 8 14 20 27 15 23 17 26 18 28 11 22 9 21 12 25 16 30 13 29 26 27 28 30 29 1 0 4 12 17 2 8 9 16 13 21 14 23 5 15 7 18 10 22 11 24 6 20 3 19
1 2 3 5 4 7 6 10 19 24 8 14 20 27 15 23 17 26 18 28 11 22 9 21 12 25 16 30 13 29 4 5 6 8 7 10 9 13 20 25 11 17 23 30 18 26 22 0 14 24 16 27 21 2 19 1 15 29 12 28
1 2 3 5 4 7 6 10 19 24 8 14 20 27 15 23 17 26 18 28 11 22 9 21 12 25 16 30 13 29 6 7 8 10 9 12 11 15 22 27 13 19 25 1 20 28 24 2 16 26 18 29 23 4 21 3 17 0 14 30
1 2 3 5 4 7 6 10 19 24 8 14 20 27 15 23 17 26 18 28 11 22 9 21 12 25 16 30 13 29 10 11 12 14 13 16 15 19 26 0 17 23 29 5 24 1 28 6 20 30 22 2 27 8 25 7 21 4 18 3
1 2 3 5 4 7 6 10 19 24 8 14 20 27 15 23 17 26 18 28 11 22 9 21 12 25 16 30 13 29 13 14 15 17 16 19 18 22 29 3 20 26 1 8 27 4 0 9 23 2 25 5 30 11 28 10 24 7 21 6
1 2 3 5 4 7 6 10 19 24 8 14 20 27 15 23 17 26 18 28 11 22 9 21 12 25 16 30 13 29 15 16 17 19 18 21 20 24 0 5 22 28 3 10 29 6 2 11 25 4 27 7 1 13 30 12 26 9 23 8
1 2 3 5 4 7 6 10 19 24 8 14 20 27 15 23 17 26 18 28 11 22 9 21 12 25 16 30 13 29 20 21 22 24 23 26 25 29 5 10 27 2 8 15 3 11 7 16 30 9 1 12 6 18 4 17 0 14 28 13
1 2 3 5 4 7 6 10 19 24 8 14 20 27 15 23 17 26 18 28 11 22 9 21 12 25 16 30 13 29 26 27 28 30 29 1 0 4 11 16 2 8 14 21 9 17 13 22 5 15 7 18 12 24 10 23 6 20 3 19
1 2 3 5 4 7 6 10 19 24 8 14 20 27 15 23 17 26 18 28 11 22 9 21 12 25 16 30 13 29 29 30 0 2 1 4 3 7 14 19 5 11 17 24 12 20 16 25 8 18 10 21 15 27 13 26 9 23 6 22
1 2 3 5 4 7 6 10 19 24 8 14 20 27 15 23 17 26 18 28 11 22 9 21 12 25 16 30 13 29 0 1 2 4 3 6 5 9 16 21 7 13 19 26 14 22 18 27 10 20 12 23 17 29 15 28 11 25 8 24
1 2 3 5 4 7 6 10 19 24 8 14 20 27 15 23 17 26 18 28 11 22 9 21 12 25 16 30 13 29 6 7 8 10 9 12 11 15 22 27 13 19 21 28 24 1 25 3 16 26 18 29 23 4 20 2 17 0 14 30
1 2 3 5 4 7 6 10 19 24 8 14 20 27 15 23 17 26 18 28 11 22 9 21 12 25 16 30 13 29 9 10 11 13 12 15 14 18 25 30 16 22 24 0 27 4 28 6 19 29 21 1 26 7 23 5 20 3 17 2
1 2 3 5 4 7 6 10 19 24 8 14 20 27 15 23 17 26 18 28 11 22 9 21 12 25 16 30 13 29 15 16 17 19 18 21 20 24 0 5 22 28 30 6 2 10 3 12 25 4 27 7 1 13 29 11 26 9 23 8
1 2 3 5 4 7 6 10 19 24 8 14 20 27 15 23 17 26 18 28 11 22 9 21 12 25 16 30 13 29 18 19 20 22 21 24 23 27 3 8 25 0 2 9 5 13 6 15 28 7 30 10 4 16 1 14 29 12 26 11
1 2 3 5 4 7 6 10 19 24 8 14 20 27 15 23 17 26 18 28 11 22 9 21 12 25 16 30 13 29 21 22 23 25 24 27 26 30 6 11 28 3 5 12 8 16 9 18 0 10 2 13 7 19 4 17 1 15 29 14
1 2 3 5 4 7 6 10 19 24 8 14 20 27 15 23 17 26 18 28 11 22 9 21 12 25 16 30 13 29 2 3 4 6 5 8 7 11 20 25 9 15 21 28 19 27 13 22 14 24 12 23 18 30 16 29 17 0 10 26
1 2 3 5 4 7 6 10 19 24 8 14 20 27 15 23 17 26 18 28 11 22 9 21 12 25 16 30 13 29 8 9 10 12 11 14 13 17 26 0 15 21 27 3 25 2 19 28 20 30 18 29 24 5 22 4 23 6 16 1
1 2 3 5 4 7 6 10 19 24 8 14 20 27 15 23 17 26 18 28 11 22 9 21 12 25 16 30 13 29 9 10 11 13 12 15 14 18 27 1 16 22 28 4 26 3 20 29 21 0 19 30 25 6 23 5 24 7 17 2
1 2 3 5 4 7 6 10 19 24 8 14 20 27 15 23 17 26 18 28 11 22 9 21 12 25 16 30 13 29 11 12 13 15 14 17 16 20 29 3 18 24 30 6 28 5 22 0 23 2 21 1 27 8 25 7 26 9 19 4
1 2 3 5 4 7 6 10 19 24 8 14 20 27 15 23 17 26 18 28 11 22 9 21 12 25 16 30 13 29 14 15 16 18 17 20 19 23 1 6 21 27 2 9 0 8 25 3 26 5 24 4 30 11 28 10 29 12 22 7
1 2 3 5 4 7 6 10 19 24 8 14 20 27 15 23 17 26 18 28 11 22 9 21 12 25 16 30 13 29 15 16 17 19 18 21 20 24 2 7 22 28 3 10 1 9 26 4 27 6 25 5 0 12 29 11 30 13 23 8
1 2 3 5 4 7 6 10 19 24 8 14 20 27 15 23 17 26 18 28 11 22 9 21 12 25 16 30 13 29 16 17 18 20 19 22 21 25 3 8 23 29 4 11 2 10 27 5 28 7 26 6 1 13 30 12 0 14 24 9
1 2 3 5 4 7 6 10 19 24 8 14 20 27 15 23 17 26 18 28 11 22 9 21 12 25 16 30 13 29 22 23 24 26 25 28 27 0 9 14 29 4 10 17 8 16 2 11 3 13 1 12 7 19 5 18 6 20 30 15
1 2 3 5 4 7 6 10 19 24 8 14 20 27 15 23 17 26 18 28 11 22 9 21 12 25 16 30 13 29 27 28 29 0 30 2 1 5 14 19 3 9 15 22 13 21 7 16 8 18 6 17 12 24 10 23 11 25 4 20
1 2 3 5 4 7 6 10 19 24 8 14 20 27 15 23 17 26 18 28 11 22 9 21 12 25 16 30 13 29 28 29 30 1 0 3 2 6 15 20 4 10 16 23 14 22 8 17 9 19 7 18 13 25 11 24 12 26 5 21
1 2 3 5 4 7 6 10 19 24 8 14 20 27 15 23 17 26 18 28 11 22 9 21 12 25 16 30 13 29 8 9 10 12 11 14 13 17 26 0 15 21 27 3 25 2 19 28 20 30 18 29 23 4 24 6 22 5 16 1
1 2 3 5 4 7 6 10 19 24 8 14 20 27 15 23 17 26 18 28 11 22 9 21 12 25 16 30 13 29 10 11 12 14 13 16 15 19 28 2 17 23 29 5 27 4 21 30 22 1 20 0 25 6 26 8 24 7 18 3
1 2 3 5 4 7 6 10 19 24 8 14 20 27 15 23 17 26 18 28 11 22 9 21 12 25 16 30 13 29 11 12 13 15 14 17 16 20 29 3 18 24 30 6 28 5 22 0 23 2 21 1 26 7 27 9 25 8 19 4
1 2 3 5 4 7 6 10 19 24 8 14 20 27 15 23 17 26 18 28 11 22 9 21 12 25 16 30 13 29 13 14 15 17 16 19 18 22 0 5 20 26 1 8 30 7 24 2 25 4 23 3 28 9 29 11 27 10 21 6
1 2 3 5 4 7 6 10 19 24 8 14 20 27 15 23 17 26 18 28 11 22 9 21 12 25 16 30 13 29 14 15 16 18 17 20 19 23 1 6 21 27 2 9 0 8 25 3 26 5 24 4 29 10 30 12 28 11 22 7
1 2 3 5 4 7 6 10 19 24 8 14 20 27 15 23 17 26 18 28 11 22 9 21 12 25 16 30 13 29 15 16 17 19 18 21 20 24 2 7 22 28 3 10 1 9 26 4 27 6 25 5 30 11 0 13 29 12 23 8
1 2 3 5 4 7 6 10 19 24 8 14 20 27 15 23 17 26 18 28 11 22 9 21 12 25 16 30 13 29 16 17 18 20 19 22 21 25 3 8 23 29 4 11 2 10 27 5 28 7 26 6 0 12 1 14 30 13 24 9
1 2 3 5 4 7 6 10 19 24 8 14 20 27 15 23 17 26 18 28 11 22 9 21 12 25 16 30 13 29 18 19 20 22 21 24 23 27 5 10 25 0 6 13 4 12 29 7 30 9 28 8 2 14 3 16 1 15 26 11
1 2 3 5 4 7 6 10 19 24 8 14 20 27 15 23 17 26 18 28 11 22 9 21 12 25 16 30 13 29 22 23 24 26 25 28 27 0 9 14 29 4 10 17 8 16 2 11 3 13 1 12 6 18 7 20 5 19 30 15
1 2 3 5 4 7 6 10 19 24 8 14 20 27 15 23 17 26 18 28 11 22 9 21 12 25 16 30 13 29 23 24 25 27 26 29 28 1 10 15 30 5 11 18 9 17 3 12 4 14 2 13 7 19 8 21 6 20 0 16
1 2 3 5 4 7 6 10 19 24 8 14 20 27 15 23 17 26 18 28 11 22 9 21 12 25 16 30 13 29 28 29 30 1 0 3 2 6 15 20 4 10 16 23 14 22 8 17 9 19 7 18 12 24 13 26 11 25 5 21
1 2 3 5 4 7 6 10 19 24 8 14 20 27 15 23 17 26 18 28 11 22 9 21 12 25 16 30 13 29 2 3 4 6 5 8 7 11 20 25 9 15 21 28 16 24 13 22 19 29 12 23 18 30 14 27 17 0 10 26
1 2 3 5 4 7 6 10 19 24 8 14 20 27 15 23 17 26 18 28 11 22 9 21 12 25 16 30 13 29 4 5 6 8 7 10 9 13 22 27 11 17 23 30 18 26 15 24 21 0 14 25 20 1 16 29 19 2 12 28
1 2 3 5 4 7 6 10 19 24 8 14 20 27 15 23 17 26 18 28 11 22 9 21 12 25 16 30 13 29 8 9 10 12 11 14 13 17 26 0 15 21 27 3 22 30 19 28 25 4 18 29 24 5 20 2 23 6 16 1
1 2 3 5 4 7 6 10 19 24 8 14 20 27 15 23 17 26 18 28 11 22 9 21 12 25 16 30 13 29 9 10 11 13 12 15 14 18 27 1 16 22 28 4 23 0 20 29 26 5 19 30 25 6 21 3 24 7 17 2
1 2 3 5 4 7 6 10 19 24 8 14 20 27 15 23 17 26 18 28 11 22 9 21 12 25 16 30 13 29 12 13 14 16 15 18 17 21 30 4 19 25 0 7 26 3 23 1 29 8 22 2 28 9 24 6 27 10 20 5
1 2 3 5 4 7 6 10 19 24 8 14 20 27 15 23 17 26 18 28 11 22 9 21 12 25 16 30 13 29 14 15 16 18 17 20 19 23 1 6 21 27 2 9 28 5 25 3 0 10 24 4 30 11 26 8 29 12 22 7
1 2 3 5 4 7 6 10 19 24 8 14 20 27 15 23 17 26 18 28 11 22 9 21 12 25 16 30 13 29 16 17 18 20 19 22 21 25 3 8 23 29 4 11 30 7 27 5 2 12 26 6 1 13 28 10 0 14 24 9
1 2 3 5 4 7 6 10 19 24 8 14 20 27 15 23 17 26 18 28 11 22 9 21 12 25 16 30 13 29 18 19 20 22 21 24 23 27 5 10 25 0 6 13 1 9 29 7 4 14 28 8 3 15 30 12 2 16 26 11
1 2 3 5 4 7 6 10 19 24 8 14 20 27 15 23 17 26 18 28 11 22 9 21 12 25 16 30 13 29 22 23 24 26 25 28 27 0 9 14 29 4 10 17 5 13 2 11 8 18 1 12 7 19 3 16 6 20 30 15
1 2 3 5 4 7 6 10 19 24 8 14 20 27 15 23 17 26 18 28 11 22 9 21 12 25 16 30 13 29 23 24 25 27 26 29 28 1 10 15 30 5 11 18 6 14 3 12 9 19 2 13 8 20 4 17 7 21 0 16
1 2 3 5 4 7 6 10 19 24 8 14 20 27 15 23 17 26 18 28 11 22 9 21 12 25 16 30 13 29 26 27 28 30 29 1 0 4 13 18 2 8 14 21 9 17 6 15 12 22 5 16 11 23 7 20 10 24 3 19
1 2 3 5 4 7 6 10 19 24 8 14 20 27 15 23 17 26 18 28 11 22 9 21 12 25 16 30 13 29 27 28 29 0 30 2 1 5 14 19 3 9 15 22 10 18 7 16 13 23 6 17 12 24 8 21 11 25 4 20
1 2 3 5 4 7 6 10 19 24 8 14 20 27 15 23 17 26 18 28 11 22 9 21 12 25 16 30 13 29 28 29 30 1 0 3 2 6 15 20 4 10 16 23 11 19 8 17 14 24 7 18 13 25 9 22 12 26 5 21
1 2 3 5 4 7 6 10 19 24 8 14 20 27 15 23 17 26 18 28 11 22 9 21 12 25 16 30 13 29 7 8 9 11 10 13 12 16 24 29 14 20 23 30 26 3 18 27 25 4 17 28 21 2 19 1 22 5 15 0
1 2 3 5 4 7 6 10 19 24 8 14 20 27 15 23 17 26 18 28 11 22 9 21 12 25 16 30 13 29 8 9 10 12 11 14 13 17 25 30 15 21 24 0 27 4 19 28 26 5 18 29 22 3 20 2 23 6 16 1
1 2 3 5 4 7 6 10 19 24 8 14 20 27 15 23 17 26 18 28 11 22 9 21 12 25 16 30 13 29 9 10 11 13 12 15 14 18 26 0 16 22 25 1 28 5 20 29 27 6 19 30 23 4 21 3 24 7 17 2
1 2 3 5 4 7 6 10 19 24 8 14 20 27 15 23 17 26 18 28 11 22 9 21 12 25 16 30 13 29 15 16 17 19 18 21 20 24 1 6 22 28 0 7 3 11 26 4 2 12 25 5 29 10 27 9 30 13 23 8
1 2 3 5 4 7 6 10 19 24 8 14 20 27 15 23 17 26 18 28 11 22 9 21 12 25 16 30 13 29 16 17 18 20 19 22 21 25 2 7 23 29 1 8 4 12 27 5 3 13 26 6 30 11 28 10 0 14 24 9
1 2 3 5 4 7 6 10 19 24 8 14 20 27 15 23 17 26 18 28 11 22 9 21 12 25 16 30 13 29 17 18 19 21 20 23 22 26 3 8 24 30 2 9 5 13 28 6 4 14 27 7 0 12 29 11 1 15 25 10
1 2 3 5 4 7 6 10 19 24 8 14 20 27 15 23 17 26 18 28 11 22 9 21 12 25 16 30 13 29 18 19 20 22 21 24 23 27 4 9 25 0 3 10 6 14 29 7 5 15 28 8 1 13 30 12 2 16 26 11
1 2 3 5 4 7 6 10 19 24 8 14 20 27 15 23 17 26 18 28 11 22 9 21 12 25 16 30 13 29 21 22 23 25 24 27 26 30 7 12 28 3 6 13 9 17 1 10 8 18 0 11 4 16 2 15 5 19 29 14
1 2 3 5 4 7 6 10 19 24 8 14 20 27 15 23 17 26 18 28 11 22 9 21 12 25 16 30 13 29 23 24 25 27 26 29 28 1 9 14 30 5 8 15 11 19 3 12 10 20 2 13 6 18 4 17 7 21 0 16
1 2 3 5 4 7 6 10 19 24 8 14 20 27 15 23 17 26 18 28 11 22 9 21 12 25 16 30 13 29 25 26 27 29 28 0 30 3 11 16 1 7 10 17 13 21 5 14 12 22 4 15 8 20 6 19 9 23 2 18
1 2 3 5 4 7 6 10 19 24 8 14 20 27 15 23 17 26 18 28 11 22 9 21 12 25 16 30 13 29 28 29 30 1 0 3 2 6 14 19 4 10 13 20 16 24 8 17 15 25 7 18 11 23 9 22 12 26 5 21
1 2 3 5 4 7 6 10 19 24 8 14 20 27 15 23 17 26 18 28 11 22 9 21 12 25 16 30 13 29 29 30 0 2 1 4 3 7 15 20 5 11 14 21 17 25 9 18 16 26 8 19 12 24 10 23 13 27 6 22
1 2 3 5 4 7 6 10 19 24 8 14 20 27 15 23 17 26 18 28 11 22 9 21 12 25 16 30 13 29 4 5 6 8 7 10 9 13 22 27 11 17 19 26 23 0 15 24 20 30 14 25 21 2 16 29 18 1 12 28
1 2 3 5 4 7 6 10 19 24 8 14 20 27 15 23 17 26 18 28 11 22 9 21 12 25 16 30 13 29 9 10 11 13 12 15 14 18 27 1 16 22 24 0 28 5 20 29 25 4 19 30 26 7 21 3 23 6 17 2
1 2 3 5 4 7 6 10 19 24 8 14 20 27 15 23 17 26 18 28 11 22 9 21 12 25 16 30 13 29 10 11 12 14 13 16 15 19 28 2 17 23 25 1 29 6 21 30 26 5 20 0 27 8 22 4 24 7 18 3
1 2 3 5 4 7 6 10 19 24 8 14 20 27 15 23 17 26 18 28 11 22 9 21 12 25 16 30 13 29 16 17 18 20 19 22 21 25 3 8 23 29 0 7 4 12 27 5 1 11 26 6 2 14 28 10 30 13 24 9
1 2 3 5 4 7 6 10 19 24 8 14 20 27 15 23 17 26 18 28 11 22 9 21 12 25 16 30 13 29 17 18 19 21 20 23 22 26 4 9 24 30 1 8 5 13 28 6 2 12 27 7 3 15 29 11 0 14 25 10
1 2 3 5 4 7 6 10 19 24 8 14 20 27 15 23 17 26 18 28 11 22 9 21 12 25 16 30 13 29 18 19 20 22 21 24 23 27 5 10 25 0 2 9 6 14 29 7 3 13 28 8 4 16 30 12 1 15 26 11
1 2 3 5 4 7 6 10 19 24 8 14 20 27 15 23 17 26 18 28 11 22 9 21 12 25 16 30 13 29 19 20 21 23 22 25 24 28 6 11 26 1 3 10 7 15 30 8 4 14 29 9 5 17 0 13 2 16 27 12
1 2 3 5 4 7 6 10 19 24 8 14 20 27 15 23 17 26 18 28 11 22 9 21 12 25 16 30 13 29 24 25 26 28 27 30 29 2 11 16 0 6 8 15 12 20 4 13 9 19 3 14 10 22 5 18 7 21 1 17
1 2 3 5 4 7 6 10 19 24 8 14 20 27 15 23 17 26 18 28 11 22 9 21 12 25 16 30 13 29 26 27 28 30 29 1 0 4 13 18 2 8 10 17 14 22 6 15 11 21 5 16 12 24 7 20 9 23 3 19
1 2 3 5 4 7 6 10 19 24 8 14 20 27 15 23 17 26 18 28 11 22 9 21 12 25 16 30 13 29 9 10 11 13 12 15 14 18 26 0 16 22 25 1 27 4 20 29 28 7 19 30 24 5 21 3 23 6 17 2
1 2 3 5 4 7 6 10 19 24 8 14 20 27 15 23 17 26 18 28 11 22 9 21 12 25 16 30 13 29 11 12 13 15 14 17 16 20 28 2 18 24 27 3 29 6 22 0 30 9 21 1 26 7 23 5 25 8 19 4
1 2 3 5 4 7 6 10 19 24 8 14 20 27 15 23 17 26 18 28 11 22 9 21 12 25 16 30 13 29 13 14 15 17 16 19 18 22 30 4 20 26 29 5 0 8 24 2 1 11 23 3 28 9 25 7 27 10 21 6
1 2 3 5 4 7 6 10 19 24 8 14 20 27 15 23 17 26 18 28 11 22 9 21 12 25 16 30 13 29 14 15 16 18 17 20 19 23 0 5 21 27 30 6 1 9 25 3 2 12 24 4 29 10 26 8 28 11 22 7
1 2 3 5 4 7 6 10 19 24 8 14 20 27 15 23 17 26 18 28 11 22 9 21 12 25 16 30 13 29 17 18 19 21 20 23 22 26 3 8 24 30 2 9 4 12 28 6 5 15 27 7 1 13 29 11 0 14 25 10
1 2 3 5 4 7 6 10 19 24 8 14 20 27 15 23 17 26 18 28 11 22 9 21 12 25 16 30 13 29 18 19 20 22 21 24 23 27 4 9 25 0 3 10 5 13 29 7 6 16 28 8 2 14 30 12 1 15 26 11
1 2 3 5 4 7 6 10 19 24 8 14 20 27 15 23 17 26 18 28 11 22 9 21 12 25 16 30 13 29 19 20 21 23 22 25 24 28 5 10 26 1 4 11 6 14 30 8 7 17 29 9 3 15 0 13 2 16 27 12
1 2 3 5 4 7 6 10 19 24 8 14 20 27 15 23 17 26 18 28 11 22 9 21 12 25 16 30 13 29 20 21 22 24 23 26 25 29 6 11 27 2 5 12 7 15 0 9 8 18 30 10 4 16 1 14 3 17 28 13
1 2 3 5 4 7 6 10 19 24 8 14 20 27 15 23 17 26 18 28 11 22 9 21 12 25 16 30 13 29 23 24 25 27 26 29 28 1 9 14 30 5 8 15 10 18 3 12 11 21 2 13 7 19 4 17 6 20 0 16
1 2 3 5 4 7 6 10 19 24 8 14 20 27 15 23 17 26 18 28 11 22 9 21 12 25 16 30 13 29 27 28 29 0 30 2 1 5 13 18 3 9 12 19 14 22 7 16 15 25 6 17 11 23 8 21 10 24 4 20
1 2 3 5 4 7 6 10 19 24 8 14 20 27 15 23 17 26 18 28 11 22 9 21 12 25 16 30 13 29 29 30 0 2 1 4 3 7 15 20 5 11 14 21 16 24 9 18 17 27 8 19 13 25 10 23 12 26 6 22
1 2 3 5 4 7 6 10 19 24 8 14 20 27 15 23 17 26 18 28 11 22 9 21 12 25 16 30 13 29 2 3 4 6 5 8 7 11 20 25 9 15 17 24 19 27 13 22 21 0 12 23 18 30 16 29 14 28 10 26
1 2 3 5 4 7 6 10 19 24 8 14 20 27 15 23 17 26 18 28 11 22 9 21 12 25 16 30 13 29 8 9 10 12 11 14 13 17 26 0 15 21 23 30 25 2 19 28 27 6 18 29 24 5 22 4 20 3 16 1
1 2 3 5 4 7 6 10 19 24 8 14 20 27 15 23 17 26 18 28 11 22 9 21 12 25 16 30 13 29 9 10 11 13 12 15 14 18 27 1 16 22 24 0 26 3 20 29 28 7 19 30 25 6 23 5 21 4 17 2
1 2 3 5 4 7 6 10 19 24 8 14 20 27 15 23 17 26 18 28 11 22 9 21 12 25 16 30 13 29 10 11 12 14 13 16 15 19 28 2 17 23 25 1 27 4 21 30 29 8 20 0 26 7 24 6 22 5 18 3
1 2 3 5 4 7 6 10 19 24 8 14 20 27 15 23 17 26 18 28 11 22 9 21 12 25 16 30 13 29 15 16 17 19 18 21 20 24 2 7 22 28 30 6 1 9 26 4 3 13 25 5 0 12 29 11 27 10 23 8
1 2 3 5 4 7 6 10 19 24 8 14 20 27 15 23 17 26 18 28 11 22 9 21 12 25 16 30 13 29 16 17 18 20 19 22 21 25 3 8 23 29 0 7 2 10 27 5 4 14 26 6 1 13 30 12 28 11 24 9
1 2 3 5 4 7 6 10 19 24 8 14 20 27 15 23 17 26 18 28 11 22 9 21 12 25 16 30 13 29 19 20 21 23 22 25 24 28 6 11 26 1 3 10 5 13 30 8 7 17 29 9 4 16 2 15 0 14 27 12
1 2 3 5 4 7 6 10 19 24 8 14 20 27 15 23 17 26 18 28 11 22 9 21 12 25 16 30 13 29 20 21 22 24 23 26 25 29 7 12 27 2 4 11 6 14 0 9 8 18 30 10 5 17 3 16 1 15 28 13
1 2 3 5 4 7 6 10 19 24 8 14 20 27 15 23 17 26 18 28 11 22 9 21 12 25 16 30 13 29 22 23 24 26 25 28 27 0 9 14 29 4 6 13 8 16 2 11 10 20 1 12 7 19 5 18 3 17 30 15
1 2 3 5 4 7 6 10 19 24 8 14 20 27 15 23 17 26 18 28 11 22 9 21 12 25 16 30 13 29 27 28 29 0 30 2 1 5 14 19 3 9 11 18 13 21 7 16 15 25 6 17 12 24 10 23 8 22 4 20
1 2 3 5 4 7 6 10 19 24 8 14 20 27 15 23 17 26 18 28 11 22 9 21 12 25 16 30 13 29 7 8 9 11 10 13 12 16 24 29 14 20 25 1 22 30 18 27 26 5 17 28 23 4 21 3 19 2 15 0
1 2 3 5 4 7 6 10 19 24 8 14 20 27 15 23 17 26 18 28 11 22 9 21 12 25 16 30 13 29 9 10 11 13 12 15 14 18 26 0 16 22 27 3 24 1 20 29 28 7 19 30 25 6 23 5 21 4 17 2
1 2 3 5 4 7 6 10 19 24 8 14 20 27 15 23 17 26 18 28 11 22 9 21 12 25 16 30 13 29 11 12 13 15 14 17 16 20 28 2 18 24 29 5 26 3 22 0 30 9 21 1 27 8 25 7 23 6 19 4
1 2 3 5 4 7 6 10 19 24 8 14 20 27 15 23 17 26 18 28 11 22 9 21 12 25 16 30 13 29 13 14 15 17 16 19 18 22 30 4 20 26 0 7 28 5 24 2 1 11 23 3 29 10 27 9 25 8 21 6
1 2 3 5 4 7 6 10 19 24 8 14 20 27 15 23 17 26 18 28 11 22 9 21 12 25 16 30 13 29 15 16 17 19 18 21 20 24 1 6 22 28 2 9 30 7 26 4 3 13 25 5 0 12 29 11 27 10 23 8
1 2 3 5 4 7 6 10 19 24 8 14 20 27 15 23 17 26 18 28 11 22 9 21 12 25 16 30 13 29 17 18 19 21 20 23 22 26 3 8 24 30 4 11 1 9 28 6 5 15 27 7 2 14 0 13 29 12 25 10
1 2 3 5 4 7 6 10 19 24 8 14 20 27 15 23 17 26 18 28 11 22 9 21 12 25 16 30 13 29 19 20 21 23 22 25 24 28 5 10 26 1 6 13 3 11 30 8 7 17 29 9 4 16 2 15 0 14 27 12
1 2 3 5 4 7 6 10 19 24 8 14 20 27 15 23 17 26 18 28 11 22 9 21 12 25 16 30 13 29 22 23 24 26 25 28 27 0 8 13 29 4 9 16 6 14 2 11 10 20 1 12 7 19 5 18 3 17 30 15
1 2 3 5 4 7 6 10 19 24 8 14 20 27 15 23 17 26 18 28 11 22 9 21 12 25 16 30 13 29 25 26 27 29 28 0 30 3 11 16 1 7 12 19 9 17 5 14 13 23 4 15 10 22 8 21 6 20 2 18
1 2 3 5 4 7 6 10 19 24 8 14 20 27 15 23 17 26 18 28 11 22 9 21 12 25 16 30 13 29 26 27 28 30 29 1 0 4 12 17 2 8 13 20 10 18 6 15 14 24 5 16 11 23 9 22 7 21 3 19
1 2 3 5 4 7 6 10 19 24 8 14 20 27 15 23 17 26 18 28 11 22 9 21 12 25 16 30 13 29 27 28 29 0 30 2 1 5 13 18 3 9 14 21 11 19 7 16 15 25 6 17 12 24 10 23 8 22 4 20
1 2 3 5 4 7 6 10 19 24 8 14 20 27 15 23 17 26 18 28 11 22 9 21 12 25 16 30 13 29 28 29 30 1 0 3 2 6 14 19 4 10 15 22 12 20 8 17 16 26 7 18 13 25 11 24 9 23 5 21
1 2 3 5 4 7 6 10 19 24 8 14 20 27 15 23 17 26 18 28 11 22 9 21 12 25 16 30 13 29 11 12 13 15 14 17 16 20 28 2 18 24 30 6 23 0 27 5 29 8 21 1 22 3 25 7 26 9 19 4
1 2 3 5 4 7 6 10 19 24 8 14 20 27 15 23 17 26 18 28 11 22 9 21 12 25 16 30 13 29 14 15 16 18 17 20 19 23 0 5 21 27 2 9 26 3 30 8 1 11 24 4 25 6 28 10 29 12 22 7
1 2 3 5 4 7 6 10 19 24 8 14 20 27 15 23 17 26 18 28 11 22 9 21 12 25 16 30 13 29 17 18 19 21 20 23 22 26 3 8 24 30 5 12 29 6 2 11 4 14 27 7 28 9 0 13 1 15 25 10
1 2 3 5 4 7 6 10 19 24 8 14 20 27 15 23 17 26 18 28 11 22 9 21 12 25 16 30 13 29 19 20 21 23 22 25 24 28 5 10 26 1 7 14 0 8 4 13 6 16 29 9 30 11 2 15 3 17 27 12
1 2 3 5 4 7 6 10 19 24 8 14 20 27 15 23 17 26 18 28 11 22 9 21 12 25 16 30 13 29 21 22 23 25 24 27 26 30 7 12 28 3 9 16 2 10 6 15 8 18 0 11 1 13 4 17 5 19 29 14
1 2 3 5 4 7 6 10 19 24 8 14 20 27 15 23 17 26 18 28 11 22 9 21 12 25 16 30 13 29 23 24 25 27 26 29 28 1 9 14 30 5 11 18 4 12 8 17 10 20 2 13 3 15 6 19 7 21 0 16
1 2 3 5 4 7 6 10 19 24 8 14 20 27 15 23 17 26 18 28 11 22 9 21 12 25 16 30 13 29 27 28 29 0 30 2 1 5 13 18 3 9 15 22 8 16 12 21 14 24 6 17 7 19 10 23 11 25 4 20
1 2 3 5 4 7 6 10 19 24 8 14 20 27 15 23 17 26 18 28 11 22 9 21 12 25 16 30 13 29 28 29 30 1 0 3 2 6 14 19 4 10 16 23 9 17 13 22 15 25 7 18 8 20 11 24 12 26 5 21
1 2 3 5 4 7 6 10 19 24 8 14 20 27 15 23 17 26 18 28 11 22 9 21 12 25 16 30 13 29 6 7 8 10 9 12 11 15 23 28 13 19 24 0 18 26 25 3 22 1 16 27 17 29 20 2 21 4 14 30
1 2 3 5 4 7 6 10 19 24 8 14 20 27 15 23 17 26 18 28 11 22 9 21 12 25 16 30 13 29 8 9 10 12 11 14 13 17 25 30 15 21 26 2 20 28 27 5 24 3 18 29 19 0 22 4 23 6 16 1
1 2 3 5 4 7 6 10 19 24 8 14 20 27 15 23 17 26 18 28 11 22 9 21 12 25 16 30 13 29 9 10 11 13 12 15 14 18 26 0 16 22 27 3 21 29 28 6 25 4 19 30 20 1 23 5 24 7 17 2
1 2 3 5 4 7 6 10 19 24 8 14 20 27 15 23 17 26 18 28 11 22 9 21 12 25 16 30 13 29 11 12 13 15 14 17 16 20 28 2 18 24 29 5 23 0 30 8 27 6 21 1 22 3 25 7 26 9 19 4
1 2 3 5 4 7 6 10 19 24 8 14 20 27 15 23 17 26 18 28 11 22 9 21 12 25 16 30 13 29 16 17 18 20 19 22 21 25 2 7 23 29 3 10 28 5 4 13 1 11 26 6 27 8 30 12 0 14 24 9
1 2 3 5 4 7 6 10 19 24 8 14 20 27 15 23 17 26 18 28 11 22 9 21 12 25 16 30 13 29 22 23 24 26 25 28 27 0 8 13 29 4 9 16 3 11 10 19 7 17 1 12 2 14 5 18 6 20 30 15
1 2 3 5 4 7 6 10 19 24 8 14 20 27 15 23 17 26 18 28 11 22 9 21 12 25 16 30 13 29 23 24 25 27 26 29 28 1 9 14 30 5 10 17 4 12 11 20 8 18 2 13 3 15 6 19 7 21 0 16
1 2 3 5 4 7 6 10 19 24 8 14 20 27 15 23 17 26 18 28 11 22 9 21 12 25 16 30 13 29 25 26 27 29 28 0 30 3 11 16 1 7 12 19 6 14 13 22 10 20 4 15 5 17 8 21 9 23 2 18
1 2 3 5 4 7 6 10 19 24 8 14 20 27 15 23 17 26 18 28 11 22 9 21 12 25 16 30 13 29 28 29 30 1 0 3 2 6 14 19 4 10 15 22 9 17 16 25 13 23 7 18 8 20 11 24 12 26 5 21
1 2 3 5 4 7 6 10 19 24 8 14 20 27 15 23 17 26 18 28 11 22 9 21 12 25 16 30 13 29 4 5 6 8 7 10 9 13 21 26 11 17 23 30 16 24 22 0 19 29 14 25 15 27 20 2 18 1 12 28
1 2 3 5 4 7 6 10 19 24 8 14 20 27 15 23 17 26 18 28 11 22 9 21 12 25 16 30 13 29 6 7 8 10 9 12 11 15 23 28 13 19 25 1 18 26 24 2 21 0 16 27 17 29 22 4 20 3 14 30
1 2 3 5 4 7 6 10 19 24 8 14 20 27 15 23 17 26 18 28 11 22 9 21 12 25 16 30 13 29 7 8 9 11 10 13 12 16 24 29 14 20 26 2 19 27 25 3 22 1 17 28 18 30 23 5 21 4 15 0
1 2 3 5 4 7 6 10 19 24 8 14 20 27 15 23 17 26 18 28 11 22 9 21 12 25 16 30 13 29 8 9 10 12 11 14 13 17 25 30 15 21 27 3 20 28 26 4 23 2 18 29 19 0 24 6 22 5 16 1
1 2 3 5 4 7 6 10 19 24 8 14 20 27 15 23 17 26 18 28 11 22 9 21 12 25 16 30 13 29 9 10 11 13 12 15 14 18 26 0 16 22 28 4 21 29 27 5 24 3 19 30 20 1 25 7 23 6 17 2
1 2 3 5 4 7 6 10 19 24 8 14 20 27 15 23 17 26 18 28 11 22 9 21 12 25 16 30 13 29 13 14 15 17 16 19 18 22 30 4 20 26 1 8 25 2 0 9 28 7 23 3 24 5 29 11 27 10 21 6
1 2 3 5 4 7 6 10 19 24 8 14 20 27 15 23 17 26 18 28 11 22 9 21 12 25 16 30 13 29 14 15 16 18 17 20 19 23 0 5 21 27 2 9 26 3 1 10 29 8 24 4 25 6 30 12 28 11 22 7
1 2 3 5 4 7 6 10 19 24 8 14 20 27 15 23 17 26 18 28 11 22 9 21 12 25 16 30 13 29 17 18 19 21 20 23 22 26 3 8 24 30 5 12 29 6 4 13 1 11 27 7 28 9 2 15 0 14 25 10
1 2 3 5 4 7 6 10 19 24 8 14 20 27 15 23 17 26 18 28 11 22 9 21 12 25 16 30 13 29 26 27 28 30 29 1 0 4 12 17 2 8 14 21 7 15 13 22 10 20 5 16 6 18 11 24 9 23 3 19
1 2 3 5 4 7 6 10 19 24 8 14 20 27 15 23 17 26 18 28 11 22 9 21 12 25 16 30 13 29 8 9 10 12 11 14 13 17 23 28 15 21 27 3 25 2 26 4 20 30 18 29 19 0 24 6 22 5 16 1
1 2 3 5 4 7 6 10 19 24 8 14 20 27 15 23 17 26 18 28 11 22 9 21 12 25 16 30 13 29 10 11 12 14 13 16 15 19 25 30 17 23 29 5 27 4 28 6 22 1 20 0 21 2 26 8 24 7 18 3
1 2 3 5 4 7 6 10 19 24 8 14 20 27 15 23 17 26 18 28 11 22 9 21 12 25 16 30 13 29 11 12 13 15 14 17 16 20 26 0 18 24 30 6 28 5 29 7 23 2 21 1 22 3 27 9 25 8 19 4
1 2 3 5 4 7 6 10 19 24 8 14 20 27 15 23 17 26 18 28 11 22 9 21 12 25 16 30 13 29 14 15 16 18 17 20 19 23 29 3 21 27 2 9 0 8 1 10 26 5 24 4 25 6 30 12 28 11 22 7
1 2 3 5 4 7 6 10 19 24 8 14 20 27 15 23 17 26 18 28 11 22 9 21 12 25 16 30 13 29 16 17 18 20 19 22 21 25 0 5 23 29 4 11 2 10 3 12 28 7 26 6 27 8 1 14 30 13 24 9
1 2 3 5 4 7 6 10 19 24 8 14 20 27 15 23 17 26 18 28 11 22 9 21 12 25 16 30 13 29 17 18 19 21 20 23 22 26 1 6 24 30 5 12 3 11 4 13 29 8 27 7 28 9 2 15 0 14 25 10
1 2 3 5 4 7 6 10 19 24 8 14 20 27 15 23 17 26 18 28 11 22 9 21 12 25 16 30 13 29 19 20 21 23 22 25 24 28 3 8 26 1 7 14 5 13 6 15 0 10 29 9 30 11 4 17 2 16 27 12
1 2 3 5 4 7 6 10 19 24 8 14 20 27 15 23 17 26 18 28 11 22 9 21 12 25 16 30 13 29 20 21 22 24 23 26 25 29 4 9 27 2 8 15 6 14 7 16 1 11 30 10 0 12 5 18 3 17 28 13
1 2 3 5 4 7 6 10 19 24 8 14 20 27 15 23 17 26 18 28 11 22 9 21 12 25 16 30 13 29 21 22 23 25 24 27 26 30 5 10 28 3 9 16 7 15 8 17 2 12 0 11 1 13 6 19 4 18 29 14
1 2 3 5 4 7 6 10 19 24 8 14 20 27 15 23 17 26 18 28 11 22 9 21 12 25 16 30 13 29 22 23 24 26 25 28 27 0 6 11 29 4 10 17 8 16 9 18 3 13 1 12 2 14 7 20 5 19 30 15
1 2 3 5 4 7 6 10 19 24 8 14 20 27 15 23 17 26 18 28 11 22 9 21 12 25 16 30 13 29 23 24 25 27 26 29 28 1 7 12 30 5 11 18 9 17 10 19 4 14 2 13 3 15 8 21 6 20 0 16
1 2 3 5 4 7 6 10 19 24 8 14 20 27 15 23 17 26 18 28 11 22 9 21 12 25 16 30 13 29 28 29 30 1 0 3 2 6 12 17 4 10 16 23 14 22 15 24 9 19 7 18 8 20 13 26 11 25 5 21
1 2 3 5 4 7 6 10 19 24 8 14 20 27 15 23 17 26 18 28 11 22 9 21 12 25 16 30 13 29 8 9 10 12 11 14 13 17 23 28 15 21 26 2 27 4 25 3 20 30 18 29 19 0 24 6 22 5 16 1
1 2 3 5 4 7 6 10 19 24 8 14 20 27 15 23 17 26 18 28 11 22 9 21 12 25 16 30 13 29 10 11 12 14 13 16 15 19 25 30 17 23 28 4 29 6 27 5 22 1 20 0 21 2 26 8 24 7 18 3
1 2 3 5 4 7 6 10 19 24 8 14 20 27 15 23 17 26 18 28 11 22 9 21 12 25 16 30 13 29 11 12 13 15 14 17 16 20 26 0 18 24 29 5 30 7 28 6 23 2 21 1 22 3 27 9 25 8 19 4
1 2 3 5 4 7 6 10 19 24 8 14 20 27 15 23 17 26 18 28 11 22 9 21 12 25 16 30 13 29 15 16 17 19 18 21 20 24 30 4 22 28 2 9 3 11 1 10 27 6 25 5 26 7 0 13 29 12 23 8
1 2 3 5 4 7 6 10 19 24 8 14 20 27 15 23 17 26 18 28 11 22 9 21 12 25 16 30 13 29 17 18 19 21 20 23 22 26 1 6 24 30 4 11 5 13 3 12 29 8 27 7 28 9 2 15 0 14 25 10
1 2 3 5 4 7 6 10 19 24 8 14 20 27 15 23 17 26 18 28 11 22 9 21 12 25 16 30 13 29 18 19 20 22 21 24 23 27 2 7 25 0 5 12 6 14 4 13 30 9 28 8 29 10 3 16 1 15 26 11
1 2 3 5 4 7 6 10 19 24 8 14 20 27 15 23 17 26 18 28 11 22 9 21 12 25 16 30 13 29 20 21 22 24 23 26 25 29 4 9 27 2 7 14 8 16 6 15 1 11 30 10 0 12 5 18 3 17 28 13
1 2 3 5 4 7 6 10 19 24 8 14 20 27 15 23 17 26 18 28 11 22 9 21 12 25 16 30 13 29 22 23 24 26 25 28 27 0 6 11 29 4 9 16 10 18 8 17 3 13 1 12 2 14 7 20 5 19 30 15
1 2 3 5 4 7 6 10 19 24 8 14 20 27 15 23 17 26 18 28 11 22 9 21 12 25 16 30 13 29 24 25 26 28 27 30 29 2 8 13 0 6 11 18 12 20 10 19 5 15 3 14 4 16 9 22 7 21 1 17
1 2 3 5 4 7 6 10 19 24 8 14 20 27 15 23 17 26 18 28 11 22 9 21 12 25 16 30 13 29 26 27 28 30 29 1 0 4 10 15 2 8 13 20 14 22 12 21 7 17 5 16 6 18 11 24 9 23 3 19
1 2 3 5 4 7 6 10 19 24 8 14 20 27 15 23 17 26 18 28 11 22 9 21 12 25 16 30 13 29 28 29 30 1 0 3 2 6 12 17 4 10 15 22 16 24 14 23 9 19 7 18 8 20 13 26 11 25 5 21
1 2 3 5 4 7 6 10 19 24 8 14 20 27 15 23 17 26 18 28 11 22 9 21 12 25 16 30 13 29 7 8 9 11 10 13 12 16 22 27 14 20 25 1 21 29 26 4 24 3 17 28 18 30 23 5 19 2 15 0
1 2 3 5 4 7 6 10 19 24 8 14 20 27 15 23 17 26 18 28 11 22 9 21 12 25 16 30 13 29 10 11 12 14 13 16 15 19 25 30 17 23 28 4 24 1 29 7 27 6 20 0 21 2 26 8 22 5 18 3
1 2 3 5 4 7 6 10 19 24 8 14 20 27 15 23 17 26 18 28 11 22 9 21 12 25 16 30 13 29 13 14 15 17 16 19 18 22 28 2 20 26 0 7 27 4 1 10 30 9 23 3 24 5 29 11 25 8 21 6
1 2 3 5 4 7 6 10 19 24 8 14 20 27 15 23 17 26 18 28 11 22 9 21 12 25 16 30 13 29 17 18 19 21 20 23 22 26 1 6 24 30 4 11 0 8 5 14 3 13 27 7 28 9 2 15 29 12 25 10
1 2 3 5 4 7 6 10 19 24 8 14 20 27 15 23 17 26 18 28 11 22 9 21 12 25 16 30 13 29 19 20 21 23 22 25 24 28 3 8 26 1 6 13 2 10 7 16 5 15 29 9 30 11 4 17 0 14 27 12
1 2 3 5 4 7 6 10 19 24 8 14 20 27 15 23 17 26 18 28 11 22 9 21 12 25 16 30 13 29 23 24 25 27 26 29 28 1 7 12 30 5 10 17 6 14 11 20 9 19 2 13 3 15 8 21 4 18 0 16
1 2 3 5 4 7 6 10 19 24 8 14 20 27 15 23 17 26 18 28 11 22 9 21 12 25 16 30 13 29 25 26 27 29 28 0 30 3 9 14 1 7 12 19 8 16 13 22 11 21 4 15 5 17 10 23 6 20 2 18
1 2 3 5 4 7 6 10 19 24 8 14 20 27 15 23 17 26 18 28 11 22 9 21 12 25 16 30 13 29 26 27 28 30 29 1 0 4 10 15 2 8 13 20 9 17 14 23 12 22 5 16 6 18 11 24 7 21 3 19
1 2 3 5 4 7 6 10 19 24 8 14 20 27 15 23 17 26 18 28 11 22 9 21 12 25 16 30 13 29 4 5 6 8 7 10 9 13 21 26 11 17 23 30 16 24 18 27 22 1 14 25 19 0 20 2 15 29 12 28
1 2 3 5 4 7 6 10 19 24 8 14 20 27 15 23 17 26 18 28 11 22 9 21 12 25 16 30 13 29 10 11 12 14 13 16 15 19 27 1 17 23 29 5 22 30 24 2 28 7 20 0 25 6 26 8 21 4 18 3
1 2 3 5 4 7 6 10 19 24 8 14 20 27 15 23 17 26 18 28 11 22 9 21 12 25 16 30 13 29 14 15 16 18 17 20 19 23 0 5 21 27 2 9 26 3 28 6 1 11 24 4 29 10 30 12 25 8 22 7
1 2 3 5 4 7 6 10 19 24 8 14 20 27 15 23 17 26 18 28 11 22 9 21 12 25 16 30 13 29 16 17 18 20 19 22 21 25 2 7 23 29 4 11 28 5 30 8 3 13 26 6 0 12 1 14 27 10 24 9
1 2 3 5 4 7 6 10 19 24 8 14 20 27 15 23 17 26 18 28 11 22 9 21 12 25 16 30 13 29 18 19 20 22 21 24 23 27 4 9 25 0 6 13 30 7 1 10 5 15 28 8 2 14 3 16 29 12 26 11
1 2 3 5 4 7 6 10 19 24 8 14 20 27 15 23 17 26 18 28 11 22 9 21 12 25 16 30 13 29 21 22 23 25 24 27 26 30 7 12 28 3 9 16 2 10 4 13 8 18 0 11 5 17 6 19 1 15 29 14
1 2 3 5 4 7 6 10 19 24 8 14 20 27 15 23 17 26 18 28 11 22 9 21 12 25 16 30 13 29 22 23 24 26 25 28 27 0 8 13 29 4 10 17 3 11 5 14 9 19 1 12 6 18 7 20 2 16 30 15
1 2 3 5 4 7 6 10 19 24 8 14 20 27 15 23 17 26 18 28 11 22 9 21 12 25 16 30 13 29 26 27 28 30 29 1 0 4 12 17 2 8 14 21 7 15 9 18 13 23 5 16 10 22 11 24 6 20 3 19
1 2 3 5 4 7 6 10 19 24 8 14 20 27 15 23 17 26 18 28 11 22 9 21 12 25 16 30 13 29 28 29 30 1 0 3 2 6 14 19 4 10 16 23 9 17 11 20 15 25 7 18 12 24 13 26 8 22 5 21
1 2 3 5 4 7 6 10 19 24 8 14 20 27 15 23 17 26 18 28 11 22 9 21 12 25 16 30 13 29 2 3 4 6 5 8 7 11 20 25 9 15 17 24 14 22 21 30 19 29 12 23 16 28 18 0 13 27 10 26
1 2 3 5 4 7 6 10 19 24 8 14 20 27 15 23 17 26 18 28 11 22 9 21 12 25 16 30 13 29 4 5 6 8 7 10 9 13 22 27 11 17 19 26 16 24 23 1 21 0 14 25 18 30 20 2 15 29 12 28
1 2 3 5 4 7 6 10 19 24 8 14 20 27 15 23 17 26 18 28 11 22 9 21 12 25 16 30 13 29 8 9 10 12 11 14 13 17 26 0 15 21 23 30 20 28 27 5 25 4 18 29 22 3 24 6 19 2 16 1
1 2 3 5 4 7 6 10 19 24 8 14 20 27 15 23 17 26 18 28 11 22 9 21 12 25 16 30 13 29 13 14 15 17 16 19 18 22 0 5 20 26 28 4 25 2 1 10 30 9 23 3 27 8 29 11 24 7 21 6
1 2 3 5 4 7 6 10 19 24 8 14 20 27 15 23 17 26 18 28 11 22 9 21 12 25 16 30 13 29 14 15 16 18 17 20 19 23 1 6 21 27 29 5 26 3 2 11 0 10 24 4 28 9 30 12 25 8 22 7
1 2 3 5 4 7 6 10 19 24 8 14 20 27 15 23 17 26 18 28 11 22 9 21 12 25 16 30 13 29 18 19 20 22 21 24 23 27 5 10 25 0 2 9 30 7 6 15 4 14 28 8 1 13 3 16 29 12 26 11
1 2 3 5 4 7 6 10 19 24 8 14 20 27 15 23 17 26 18 28 11 22 9 21 12 25 16 30 13 29 19 20 21 23 22 25 24 28 6 11 26 1 3 10 0 8 7 16 5 15 29 9 2 14 4 17 30 13 27 12
1 2 3 5 4 7 6 10 19 24 8 14 20 27 15 23 17 26 18 28 11 22 9 21 12 25 16 30 13 29 22 23 24 26 25 28 27 0 9 14 29 4 6 13 3 11 10 19 8 18 1 12 5 17 7 20 2 16 30 15
1 2 3 5 4 7 6 10 19 24 8 14 20 27 15 23 17 26 18 28 11 22 9 21 12 25 16 30 13 29 23 24 25 27 26 29 28 1 10 15 30 5 7 14 4 12 11 20 9 19 2 13 6 18 8 21 3 17 0 16
1 2 3 5 4 7 6 10 19 24 8 14 20 27 15 23 17 26 18 28 11 22 9 21 12 25 16 30 13 29 24 25 26 28 27 30 29 2 11 16 0 6 8 15 5 13 12 21 10 20 3 14 7 19 9 22 4 18 1 17
1 2 3 5 4 7 6 10 19 24 8 14 20 27 15 23 17 26 18 28 11 22 9 21 12 25 16 30 13 29 28 29 30 1 0 3 2 6 15 20 4 10 12 19 9 17 16 25 14 24 7 18 11 23 13 26 8 22 5 21
1 2 3 5 4 7 6 10 19 24 8 14 20 27 15 23 17 26 18 28 11 22 9 21 12 25 16 30 13 29 6 7 8 10 9 12 11 15 23 28 13 19 22 29 18 26 24 2 25 4 16 27 20 1 21 3 17 0 14 30
1 2 3 5 4 7 6 10 19 24 8 14 20 27 15 23 17 26 18 28 11 22 9 21 12 25 16 30 13 29 7 8 9 11 10 13 12 16 24 29 14 20 23 30 19 27 25 3 26 5 17 28 21 2 22 4 18 1 15 0
1 2 3 5 4 7 6 10 19 24 8 14 20 27 15 23 17 26 18 28 11 22 9 21 12 25 16 30 13 29 10 11 12 14 13 16 15 19 27 1 17 23 26 2 22 30 28 6 29 8 20 0 24 5 25 7 21 4 18 3
1 2 3 5 4 7 6 10 19 24 8 14 20 27 15 23 17 26 18 28 11 22 9 21 12 25 16 30 13 29 14 15 16 18 17 20 19 23 0 5 21 27 30 6 26 3 1 10 2 12 24 4 28 9 29 11 25 8 22 7
1 2 3 5 4 7 6 10 19 24 8 14 20 27 15 23 17 26 18 28 11 22 9 21 12 25 16 30 13 29 15 16 17 19 18 21 20 24 1 6 22 28 0 7 27 4 2 11 3 13 25 5 29 10 30 12 26 9 23 8
1 2 3 5 4 7 6 10 19 24 8 14 20 27 15 23 17 26 18 28 11 22 9 21 12 25 16 30 13 29 25 26 27 29 28 0 30 3 11 16 1 7 10 17 6 14 12 21 13 23 4 15 8 20 9 22 5 19 2 18
1 2 3 5 4 7 6 10 19 24 8 14 20 27 15 23 17 26 18 28 11 22 9 21 12 25 16 30 13 29 27 28 29 0 30 2 1 5 13 18 3 9 12 19 8 16 14 23 15 25 6 17 10 22 11 24 7 21 4 20
1 2 3 5 4 7 6 10 19 24 8 14 20 27 15 23 17 26 18 28 11 22 9 21 12 25 16 30 13 29 10 11 12 14 13 16 15 19 28 2 17 23 25 1 22 30 29 7 26 5 20 0 27 8 24 6 21 4 18 3
1 2 3 5 4 7 6 10 19 24 8 14 20 27 15 23 17 26 18 28 11 22 9 21 12 25 16 30 13 29 11 12 13 15 14 17 16 20 29 3 18 24 26 2 23 0 30 8 27 6 21 1 28 9 25 7 22 5 19 4
1 2 3 5 4 7 6 10 19 24 8 14 20 27 15 23 17 26 18 28 11 22 9 21 12 25 16 30 13 29 14 15 16 18 17 20 19 23 1 6 21 27 29 5 26 3 2 11 30 9 24 4 0 12 28 10 25 8 22 7
1 2 3 5 4 7 6 10 19 24 8 14 20 27 15 23 17 26 18 28 11 22 9 21 12 25 16 30 13 29 19 20 21 23 22 25 24 28 6 11 26 1 3 10 0 8 7 16 4 14 29 9 5 17 2 15 30 13 27 12
1 2 3 5 4 7 6 10 19 24 8 14 20 27 15 23 17 26 18 28 11 22 9 21 12 25 16 30 13 29 27 28 29 0 30 2 1 5 14 19 3 9 11 18 8 16 15 24 12 22 6 17 13 25 10 23 7 21 4 20
1 2 3 5 4 7 6 10 19 24 8 14 20 27 15 23 17 26 18 28 11 22 9 21 12 25 16 30 13 29 28 29 30 1 0 3 2 6 15 20 4 10 12 19 9 17 16 25 13 23 7 18 14 26 11 24 8 22 5 21
1 2 3 5 4 7 6 10 19 24 8 14 20 27 15 23 17 26 18 28 11 22 9 21 12 25 16 30 13 29 2 3 4 6 5 8 7 11 20 25 9 15 17 24 14 22 19 28 21 0 12 23 18 30 16 29 13 27 10 26
1 2 3 5 4 7 6 10 19 24 8 14 20 27 15 23 17 26 18 28 11 22 9 21 12 25 16 30 13 29 8 9 10 12 11 14 13 17 26 0 15 21 23 30 20 28 25 3 27 6 18 29 24 5 22 4 19 2 16 1
1 2 3 5 4 7 6 10 19 24 8 14 20 27 15 23 17 26 18 28 11 22 9 21 12 25 16 30 13 29 9 10 11 13 12 15 14 18 27 1 16 22 24 0 21 29 26 4 28 7 19 30 25 6 23 5 20 3 17 2
1 2 3 5 4 7 6 10 19 24 8 14 20 27 15 23 17 26 18 28 11 22 9 21 12 25 16 30 13 29 10 11 12 14 13 16 15 19 28 2 17 23 25 1 22 30 27 5 29 8 20 0 26 7 24 6 21 4 18 3
1 2 3 5 4 7 6 10 19 24 8 14 20 27 15 23 17 26 18 28 11 22 9 21 12 25 16 30 13 29 13 14 15 17 16 19 18 22 0 5 20 26 28 4 25 2 30 8 1 11 23 3 29 10 27 9 24 7 21 6
1 2 3 5 4 7 6 10 19 24 8 14 20 27 15 23 17 26 18 28 11 22 9 21 12 25 16 30 13 29 15 16 17 19 18 21 20 24 2 7 22 28 30 6 27 4 1 10 3 13 25 5 0 12 29 11 26 9 23 8
1 2 3 5 4 7 6 10 19 24 8 14 20 27 15 23 17 26 18 28 11 22 9 21 12 25 16 30 13 29 16 17 18 20 19 22 21 25 3 8 23 29 0 7 28 5 2 11 4 14 26 6 1 13 30 12 27 10 24 9
1 2 3 5 4 7 6 10 19 24 8 14 20 27 15 23 17 26 18 28 11 22 9 21 12 25 16 30 13 29 27 28 29 0 30 2 1 5 14 19 3 9 11 18 8 16 13 22 15 25 6 17 12 24 10 23 7 21 4 20
1 2 3 5 4 7 6 10 19 24 8 14 20 27 15 23 17 26 18 28 11 22 9 21 12 25 16 30 13 29 28 29 30 1 0 3 2 6 15 20 4 10 12 19 9 17 14 23 16 26 7 18 13 25 11 24 8 22 5 21
1 2 3 5 4 7 6 10 19 24 8 14 20 27 15 23 17 26 18 28 11 22 9 21 12 25 16 30 13 29 7 8 9 11 10 13 12 16 22 27 14 20 23 30 25 2 26 4 19 29 17 28 24 5 21 3 18 1 15 0
1 2 3 5 4 7 6 10 19 24 8 14 20 27 15 23 17 26 18 28 11 22 9 21 12 25 16 30 13 29 11 12 13 15 14 17 16 20 26 0 18 24 27 3 29 6 30 8 23 2 21 1 28 9 25 7 22 5 19 4
1 2 3 5 4 7 6 10 19 24 8 14 20 27 15 23 17 26 18 28 11 22 9 21 12 25 16 30 13 29 12 13 14 16 15 18 17 21 27 1 19 25 28 4 30 7 0 9 24 3 22 2 29 10 26 8 23 6 20 5
1 2 3 5 4 7 6 10 19 24 8 14 20 27 15 23 17 26 18 28 11 22 9 21 12 25 16 30 13 29 13 14 15 17 16 19 18 22 28 2 20 26 29 5 0 8 1 10 25 4 23 3 30 11 27 9 24 7 21 6
1 2 3 5 4 7 6 10 19 24 8 14 20 27 15 23 17 26 18 28 11 22 9 21 12 25 16 30 13 29 19 20 21 23 22 25 24 28 3 8 26 1 4 11 6 14 7 16 0 10 29 9 5 17 2 15 30 13 27 12
1 2 3 5 4 7 6 10 19 24 8 14 20 27 15 23 17 26 18 28 11 22 9 21 12 25 16 30 13 29 22 23 24 26 25 28 27 0 6 11 29 4 7 14 9 17 10 19 3 13 1 12 8 20 5 18 2 16 30 15
1 2 3 5 4 7 6 10 19 24 8 14 20 27 15 23 17 26 18 28 11 22 9 21 12 25 16 30 13 29 24 25 26 28 27 30 29 2 8 13 0 6 9 16 11 19 12 21 5 15 3 14 10 22 7 20 4 18 1 17
1 2 3 5 4 7 6 10 19 24 8 14 20 27 15 23 17 26 18 28 11 22 9 21 12 25 16 30 13 29 26 27 28 30 29 1 0 4 10 15 2 8 11 18 13 21 14 23 7 17 5 16 12 24 9 22 6 20 3 19
1 2 3 5 4 7 6 10 19 24 8 14 20 27 15 23 17 26 18 28 11 22 9 21 12 25 16 30 13 29 8 9 10 12 11 14 13 17 24 29 15 21 27 3 25 2 19 28 26 5 20 0 18 30 22 4 23 6 16 1
1 2 3 5 4 7 6 10 19 24 8 14 20 27 15 23 17 26 18 28 11 22 9 21 12 25 16 30 13 29 11 12 13 15 14 17 16 20 27 1 18 24 30 6 28 5 22 0 29 8 23 3 21 2 25 7 26 9 19 4
1 2 3 5 4 7 6 10 19 24 8 14 20 27 15 23 17 26 18 28 11 22 9 21 12 25 16 30 13 29 20 21 22 24 23 26 25 29 5 10 27 2 8 15 6 14 0 9 7 17 1 12 30 11 3 16 4 18 28 13
1 2 3 5 4 7 6 10 19 24 8 14 20 27 15 23 17 26 18 28 11 22 9 21 12 25 16 30 13 29 21 22 23 25 24 27 26 30 6 11 28 3 9 16 7 15 1 10 8 18 2 13 0 12 4 17 5 19 29 14
1 2 3 5 4 7 6 10 19 24 8 14 20 27 15 23 17 26 18 28 11 22 9 21 12 25 16 30 13 29 23 24 25 27 26 29 28 1 8 13 30 5 11 18 9 17 3 12 10 20 4 15 2 14 6 19 7 21 0 16
1 2 3 5 4 7 6 10 19 24 8 14 20 27 15 23 17 26 18 28 11 22 9 21 12 25 16 30 13 29 26 27 28 30 29 1 0 4 11 16 2 8 14 21 12 20 6 15 13 23 7 18 5 17 9 22 10 24 3 19
1 2 3 5 4 7 6 10 19 24 8 14 20 27 15 23 17 26 18 28 11 22 9 21 12 25 16 30 13 29 8 9 10 12 11 14 13 17 26 0 15 21 22 29 27 4 19 28 24 3 25 5 18 30 20 2 23 6 16 1
1 2 3 5 4 7 6 10 19 24 8 14 20 27 15 23 17 26 18 28 11 22 9 21 12 25 16 30 13 29 9 10 11 13 12 15 14 18 27 1 16 22 23 30 28 5 20 29 25 4 26 6 19 0 21 3 24 7 17 2
1 2 3 5 4 7 6 10 19 24 8 14 20 27 15 23 17 26 18 28 11 22 9 21 12 25 16 30 13 29 12 13 14 16 15 18 17 21 30 4 19 25 26 2 0 8 23 1 28 7 29 9 22 3 24 6 27 10 20 5
1 2 3 5 4 7 6 10 19 24 8 14 20 27 15 23 17 26 18 28 11 22 9 21 12 25 16 30 13 29 15 16 17 19 18 21 20 24 2 7 22 28 29 5 3 11 26 4 0 10 1 12 25 6 27 9 30 13 23 8
1 2 3 5 4 7 6 10 19 24 8 14 20 27 15 23 17 26 18 28 11 22 9 21 12 25 16 30 13 29 16 17 18 20 19 22 21 25 3 8 23 29 30 6 4 12 27 5 1 11 2 13 26 7 28 10 0 14 24 9
1 2 3 5 4 7 6 10 19 24 8 14 20 27 15 23 17 26 18 28 11 22 9 21 12 25 16 30 13 29 22 23 24 26 25 28 27 0 9 14 29 4 5 12 10 18 2 11 7 17 8 19 1 13 3 16 6 20 30 15
1 2 3 5 4 7 6 10 19 24 8 14 20 27 15 23 17 26 18 28 11 22 9 21 12 25 16 30 13 29 24 25 26 28 27 30 29 2 11 16 0 6 7 14 12 20 4 13 9 19 10 21 3 15 5 18 8 22 1 17
1 2 3 5 4 7 6 10 19 24 8 14 20 27 15 23 17 26 18 28 11 22 9 21 12 25 16 30 13 29 29 30 0 2 1 4 3 7 16 21 5 11 12 19 17 25 9 18 14 24 15 26 8 20 10 23 13 27 6 22
1 2 3 5 4 7 6 10 19 24 8 14 20 27 15 23 17 26 18 28 11 22 9 21 12 25 16 30 13 29 4 5 6 8 7 10 9 13 20 25 11 17 23 30 19 27 15 24 21 0 22 2 14 26 16 29 18 1 12 28
1 2 3 5 4 7 6 10 19 24 8 14 20 27 15 23 17 26 18 28 11 22 9 21 12 25 16 30 13 29 7 8 9 11 10 13 12 16 23 28 14 20 26 2 22 30 18 27 24 3 25 5 17 29 19 1 21 4 15 0
1 2 3 5 4 7 6 10 19 24 8 14 20 27 15 23 17 26 18 28 11 22 9 21 12 25 16 30 13 29 8 9 10 12 11 14 13 17 24 29 15 21 27 3 23 0 19 28 25 4 26 6 18 30 20 2 22 5 16 1
1 2 3 5 4 7 6 10 19 24 8 14 20 27 15 23 17 26 18 28 11 22 9 21 12 25 16 30 13 29 9 10 11 13 12 15 14 18 25 30 16 22 28 4 24 1 20 29 26 5 27 7 19 0 21 3 23 6 17 2
1 2 3 5 4 7 6 10 19 24 8 14 20 27 15 23 17 26 18 28 11 22 9 21 12 25 16 30 13 29 10 11 12 14 13 16 15 19 26 0 17 23 29 5 25 2 21 30 27 6 28 8 20 1 22 4 24 7 18 3
1 2 3 5 4 7 6 10 19 24 8 14 20 27 15 23 17 26 18 28 11 22 9 21 12 25 16 30 13 29 13 14 15 17 16 19 18 22 29 3 20 26 1 8 28 5 24 2 30 9 0 11 23 4 25 7 27 10 21 6
1 2 3 5 4 7 6 10 19 24 8 14 20 27 15 23 17 26 18 28 11 22 9 21 12 25 16 30 13 29 15 16 17 19 18 21 20 24 0 5 22 28 3 10 30 7 26 4 1 11 2 13 25 6 27 9 29 12 23 8
1 2 3 5 4 7 6 10 19 24 8 14 20 27 15 23 17 26 18 28 11 22 9 21 12 25 16 30 13 29 16 17 18 20 19 22 21 25 1 6 23 29 4 11 0 8 27 5 2 12 3 14 26 7 28 10 30 13 24 9
1 2 3 5 4 7 6 10 19 24 8 14 20 27 15 23 17 26 18 28 11 22 9 21 12 25 16 30 13 29 19 20 21 23 22 25 24 28 4 9 26 1 7 14 3 11 30 8 5 15 6 17 29 10 0 13 2 16 27 12
1 2 3 5 4 7 6 10 19 24 8 14 20 27 15 23 17 26 18 28 11 22 9 21 12 25 16 30 13 29 21 22 23 25 24 27 26 30 6 11 28 3 9 16 5 13 1 10 7 17 8 19 0 12 2 15 4 18 29 14
1 2 3 5 4 7 6 10 19 24 8 14 20 27 15 23 17 26 18 28 11 22 9 21 12 25 16 30 13 29 23 24 25 27 26 29 28 1 8 13 30 5 11 18 7 15 3 12 9 19 10 21 2 14 4 17 6 20 0 16
1 2 3 5 4 7 6 10 19 24 8 14 20 27 15 23 17 26 18 28 11 22 9 21 12 25 16 30 13 29 26 27 28 30 29 1 0 4 11 16 2 8 14 21 10 18 6 15 12 22 13 24 5 17 7 20 9 23 3 19
1 2 3 5 4 7 6 10 19 24 8 14 20 27 15 23 17 26 18 28 11 22 9 21 12 25 16 30 13 29 27 28 29 0 30 2 1 5 12 17 3 9 15 22 11 19 7 16 13 23 14 25 6 18 8 21 10 24 4 20
1 2 3 5 4 7 6 10 19 24 8 14 20 27 15 23 17 26 18 28 11 22 9 21 12 25 16 30 13 29 29 30 0 2 1 4 3 7 14 19 5 11 17 24 13 21 9 18 15 25 16 27 8 20 10 23 12 26 6 22
1 2 3 5 4 7 6 10 19 24 8 14 20 27 15 23 17 26 18 28 11 22 9 21 12 25 16 30 13 29 8 9 10 12 11 14 13 17 26 0 15 21 22 29 27 4 19 28 23 2 25 5 18 30 24 6 20 3 16 1
1 2 3 5 4 7 6 10 19 24 8 14 20 27 15 23 17 26 18 28 11 22 9 21 12 25 16 30 13 29 10 11 12 14 13 16 15 19 28 2 17 23 24 0 29 6 21 30 25 4 27 7 20 1 26 8 22 5 18 3
1 2 3 5 4 7 6 10 19 24 8 14 20 27 15 23 17 26 18 28 11 22 9 21 12 25 16 30 13 29 11 12 13 15 14 17 16 20 29 3 18 24 25 1 30 7 22 0 26 5 28 8 21 2 27 9 23 6 19 4
1 2 3 5 4 7 6 10 19 24 8 14 20 27 15 23 17 26 18 28 11 22 9 21 12 25 16 30 13 29 12 13 14 16 15 18 17 21 30 4 19 25 26 2 0 8 23 1 27 6 29 9 22 3 28 10 24 7 20 5
1 2 3 5 4 7 6 10 19 24 8 14 20 27 15 23 17 26 18 28 11 22 9 21 12 25 16 30 13 29 16 17 18 20 19 22 21 25 3 8 23 29 30 6 4 12 27 5 0 10 2 13 26 7 1 14 28 11 24 9
1 2 3 5 4 7 6 10 19 24 8 14 20 27 15 23 17 26 18 28 11 22 9 21 12 25 16 30 13 29 20 21 22 24 23 26 25 29 7 12 27 2 3 10 8 16 0 9 4 14 6 17 30 11 5 18 1 15 28 13
1 2 3 5 4 7 6 10 19 24 8 14 20 27 15 23 17 26 18 28 11 22 9 21 12 25 16 30 13 29 22 23 24 26 25 28 27 0 9 14 29 4 5 12 10 18 2 11 6 16 8 19 1 13 7 20 3 17 30 15
1 2 3 5 4 7 6 10 19 24 8 14 20 27 15 23 17 26 18 28 11 22 9 21 12 25 16 30 13 29 23 24 25 27 26 29 28 1 10 15 30 5 6 13 11 19 3 12 7 17 9 20 2 14 8 21 4 18 0 16
1 2 3 5 4 7 6 10 19 24 8 14 20 27 15 23 17 26 18 28 11 22 9 21 12 25 16 30 13 29 26 27 28 30 29 1 0 4 13 18 2 8 9 16 14 22 6 15 10 20 12 23 5 17 11 24 7 21 3 19
1 2 3 5 4 7 6 10 19 24 8 14 20 27 15 23 17 26 18 28 11 22 9 21 12 25 16 30 13 29 8 9 10 12 11 14 13 17 26 0 15 21 22 29 25 2 19 28 27 6 24 4 18 30 23 5 20 3 16 1
1 2 3 5 4 7 6 10 19 24 8 14 20 27 15 23 17 26 18 28 11 22 9 21 12 25 16 30 13 29 10 11 12 14 13 16 15 19 28 2 17 23 24 0 27 4 21 30 29 8 26 6 20 1 25 7 22 5 18 3
1 2 3 5 4 7 6 10 19 24 8 14 20 27 15 23 17 26 18 28 11 22 9 21 12 25 16 30 13 29 12 13 14 16 15 18 17 21 30 4 19 25 26 2 29 6 23 1 0 10 28 8 22 3 27 9 24 7 20 5
1 2 3 5 4 7 6 10 19 24 8 14 20 27 15 23 17 26 18 28 11 22 9 21 12 25 16 30 13 29 13 14 15 17 16 19 18 22 0 5 20 26 27 3 30 7 24 2 1 11 29 9 23 4 28 10 25 8 21 6
1 2 3 5 4 7 6 10 19 24 8 14 20 27 15 23 17 26 18 28 11 22 9 21 12 25 16 30 13 29 20 21 22 24 23 26 25 29 7 12 27 2 3 10 6 14 0 9 8 18 5 16 30 11 4 17 1 15 28 13
1 2 3 5 4 7 6 10 19 24 8 14 20 27 15 23 17 26 18 28 11 22 9 21 12 25 16 30 13 29 22 23 24 26 25 28 27 0 9 14 29 4 5 12 8 16 2 11 10 20 7 18 1 13 6 19 3 17 30 15
1 2 3 5 4 7 6 10 19 24 8 14 20 27 15 23 17 26 18 28 11 22 9 21 12 25 16 30 13 29 23 24 25 27 26 29 28 1 10 15 30 5 6 13 9 17 3 12 11 21 8 19 2 14 7 20 4 18 0 16
1 2 3 5 4 7 6 10 19 24 8 14 20 27 15 23 17 26 18 28 11 22 9 21 12 25 16 30 13 29 24 25 26 28 27 30 29 2 11 16 0 6 7 14 10 18 4 13 12 22 9 20 3 15 8 21 5 19 1 17
1 2 3 5 4 7 6 10 19 24 8 14 20 27 15 23 17 26 18 28 11 22 9 21 12 25 16 30 13 29 7 8 9 11 10 13 12 16 23 28 14 20 25 1 22 30 18 27 26 5 24 4 17 29 21 3 19 2 15 0
1 2 3 5 4 7 6 10 19 24 8 14 20 27 15 23 17 26 18 28 11 22 9 21 12 25 16 30 13 29 10 11 12 14 13 16 15 19 26 0 17 23 28 4 25 2 21 30 29 8 27 7 20 1 24 6 22 5 18 3
1 2 3 5 4 7 6 10 19 24 8 14 20 27 15 23 17 26 18 28 11 22 9 21 12 25 16 30 13 29 13 14 15 17 16 19 18 22 29 3 20 26 0 7 28 5 24 2 1 11 30 10 23 4 27 9 25 8 21 6
1 2 3 5 4 7 6 10 19 24 8 14 20 27 15 23 17 26 18 28 11 22 9 21 12 25 16 30 13 29 15 16 17 19 18 21 20 24 0 5 22 28 2 9 30 7 26 4 3 13 1 12 25 6 29 11 27 10 23 8
1 2 3 5 4 7 6 10 19 24 8 14 20 27 15 23 17 26 18 28 11 22 9 21 12 25 16 30 13 29 16 17 18 20 19 22 21 25 1 6 23 29 3 10 0 8 27 5 4 14 2 13 26 7 30 12 28 11 24 9
1 2 3 5 4 7 6 10 19 24 8 14 20 27 15 23 17 26 18 28 11 22 9 21 12 25 16 30 13 29 21 22 23 25 24 27 26 30 6 11 28 3 8 15 5 13 1 10 9 19 7 18 0 12 4 17 2 16 29 14
1 2 3 5 4 7 6 10 19 24 8 14 20 27 15 23 17 26 18 28 11 22 9 21 12 25 16 30 13 29 22 23 24 26 25 28 27 0 7 12 29 4 9 16 6 14 2 11 10 20 8 19 1 13 5 18 3 17 30 15
1 2 3 5 4 7 6 10 19 24 8 14 20 27 15 23 17 26 18 28 11 22 9 21 12 25 16 30 13 29 24 25 26 28 27 30 29 2 9 14 0 6 11 18 8 16 4 13 12 22 10 21 3 15 7 20 5 19 1 17
1 2 3 5 4 7 6 10 19 24 8 14 20 27 15 23 17 26 18 28 11 22 9 21 12 25 16 30 13 29 27 28 29 0 30 2 1 5 12 17 3 9 14 21 11 19 7 16 15 25 13 24 6 18 10 23 8 22 4 20
1 2 3 5 4 7 6 10 19 24 8 14 20 27 15 23 17 26 18 28 11 22 9 21 12 25 16 30 13 29 4 5 6 8 7 10 9 13 22 27 11 17 23 30 16 24 20 29 15 25 21 1 14 26 18 0 19 2 12 28
1 2 3 5 4 7 6 10 19 24 8 14 20 27 15 23 17 26 18 28 11 22 9 21 12 25 16 30 13 29 8 9 10 12 11 14 13 17 26 0 15 21 27 3 20 28 24 2 19 29 25 5 18 30 22 4 23 6 16 1
1 2 3 5 4 7 6 10 19 24 8 14 20 27 15 23 17 26 18 28 11 22 9 21 12 25 16 30 13 29 12 13 14 16 15 18 17 21 30 4 19 25 0 7 24 1 28 6 23 2 29 9 22 3 26 8 27 10 20 5
1 2 3 5 4 7 6 10 19 24 8 14 20 27 15 23 17 26 18 28 11 22 9 21 12 25 16 30 13 29 17 18 19 21 20 23 22 26 4 9 24 30 5 12 29 6 2 11 28 7 3 14 27 8 0 13 1 15 25 10
1 2 3 5 4 7 6 10 19 24 8 14 20 27 15 23 17 26 18 28 11 22 9 21 12 25 16 30 13 29 27 28 29 0 30 2 1 5 14 19 3 9 15 22 8 16 12 21 7 17 13 24 6 18 10 23 11 25 4 20
1 2 3 5 4 7 6 10 19 24 8 14 20 27 15 23 17 26 18 28 11 22 9 21 12 25 16 30 13 29 28 29 30 1 0 3 2 6 15 20 4 10 16 23 9 17 13 22 8 18 14 25 7 19 11 24 12 26 5 21
1 2 3 5 4 7 6 10 19 24 8 14 20 27 15 23 17 26 18 28 11 22 9 21 12 25 16 30 13 29 6 7 8 10 9 12 11 15 21 26 13 19 25 1 23 0 24 2 17 27 18 29 16 28 22 4 20 3 14 30
1 2 3 5 4 7 6 10 19 24 8 14 20 27 15 23 17 26 18 28 11 22 9 21 12 25 16 30 13 29 8 9 10 12 11 14 13 17 23 28 15 21 27 3 25 2 26 4 19 29 20 0 18 30 24 6 22 5 16 1
1 2 3 5 4 7 6 10 19 24 8 14 20 27 15 23 17 26 18 28 11 22 9 21 12 25 16 30 13 29 9 10 11 13 12 15 14 18 24 29 16 22 28 4 26 3 27 5 20 30 21 1 19 0 25 7 23 6 17 2
1 2 3 5 4 7 6 10 19 24 8 14 20 27 15 23 17 26 18 28 11 22 9 21 12 25 16 30 13 29 17 18 19 21 20 23 22 26 1 6 24 30 5 12 3 11 4 13 28 7 29 9 27 8 2 15 0 14 25 10
1 2 3 5 4 7 6 10 19 24 8 14 20 27 15 23 17 26 18 28 11 22 9 21 12 25 16 30 13 29 20 21 22 24 23 26 25 29 4 9 27 2 8 15 6 14 7 16 0 10 1 12 30 11 5 18 3 17 28 13
1 2 3 5 4 7 6 10 19 24 8 14 20 27 15 23 17 26 18 28 11 22 9 21 12 25 16 30 13 29 26 27 28 30 29 1 0 4 10 15 2 8 14 21 12 20 13 22 6 16 7 18 5 17 11 24 9 23 3 19
1 2 3 5 4 7 6 10 19 24 8 14 20 27 15 23 17 26 18 28 11 22 9 21 12 25 16 30 13 29 6 7 8 10 9 12 11 15 21 26 13 19 24 0 25 2 23 1 17 27 18 29 16 28 22 4 20 3 14 30
1 2 3 5 4 7 6 10 19 24 8 14 20 27 15 23 17 26 18 28 11 22 9 21 12 25 16 30 13 29 13 14 15 17 16 19 18 22 28 2 20 26 0 7 1 9 30 8 24 3 25 5 23 4 29 11 27 10 21 6
1 2 3 5 4 7 6 10 19 24 8 14 20 27 15 23 17 26 18 28 11 22 9 21 12 25 16 30 13 29 15 16 17 19 18 21 20 24 30 4 22 28 2 9 3 11 1 10 26 5 27 7 25 6 0 13 29 12 23 8
1 2 3 5 4 7 6 10 19 24 8 14 20 27 15 23 17 26 18 28 11 22 9 21 12 25 16 30 13 29 16 17 18 20 19 22 21 25 0 5 23 29 3 10 4 12 2 11 27 6 28 8 26 7 1 14 30 13 24 9
1 2 3 5 4 7 6 10 19 24 8 14 20 27 15 23 17 26 18 28 11 22 9 21 12 25 16 30 13 29 20 21 22 24 23 26 25 29 4 9 27 2 7 14 8 16 6 15 0 10 1 12 30 11 5 18 3 17 28 13
1 2 3 5 4 7 6 10 19 24 8 14 20 27 15 23 17 26 18 28 11 22 9 21 12 25 16 30 13 29 21 22 23 25 24 27 26 30 5 10 28 3 8 15 9 17 7 16 1 11 2 13 0 12 6 19 4 18 29 14
1 2 3 5 4 7 6 10 19 24 8 14 20 27 15 23 17 26 18 28 11 22 9 21 12 25 16 30 13 29 6 7 8 10 9 12 11 15 21 26 13 19 22 29 25 2 23 1 17 27 24 4 16 28 18 0 20 3 14 30
1 2 3 5 4 7 6 10 19 24 8 14 20 27 15 23 17 26 18 28 11 22 9 21 12 25 16 30 13 29 8 9 10 12 11 14 13 17 23 28 15 21 24 0 27 4 25 3 19 29 26 6 18 30 20 2 22 5 16 1
1 2 3 5 4 7 6 10 19 24 8 14 20 27 15 23 17 26 18 28 11 22 9 21 12 25 16 30 13 29 9 10 11 13 12 15 14 18 24 29 16 22 25 1 28 5 26 4 20 30 27 7 19 0 21 3 23 6 17 2
1 2 3 5 4 7 6 10 19 24 8 14 20 27 15 23 17 26 18 28 11 22 9 21 12 25 16 30 13 29 11 12 13 15 14 17 16 20 26 0 18 24 27 3 30 7 28 6 22 1 29 9 21 2 23 5 25 8 19 4
1 2 3 5 4 7 6 10 19 24 8 14 20 27 15 23 17 26 18 28 11 22 9 21 12 25 16 30 13 29 17 18 19 21 20 23 22 26 1 6 24 30 2 9 5 13 3 12 28 7 4 15 27 8 29 11 0 14 25 10
1 2 3 5 4 7 6 10 19 24 8 14 20 27 15 23 17 26 18 28 11 22 9 21 12 25 16 30 13 29 20 21 22 24 23 26 25 29 4 9 27 2 5 12 8 16 6 15 0 10 7 18 30 11 1 14 3 17 28 13
1 2 3 5 4 7 6 10 19 24 8 14 20 27 15 23 17 26 18 28 11 22 9 21 12 25 16 30 13 29 21 22 23 25 24 27 26 30 5 10 28 3 6 13 9 17 7 16 1 11 8 19 0 12 2 15 4 18 29 14
1 2 3 5 4 7 6 10 19 24 8 14 20 27 15 23 17 26 18 28 11 22 9 21 12 25 16 30 13 29 23 24 25 27 26 29 28 1 7 12 30 5 8 15 11 19 9 18 3 13 10 21 2 14 4 17 6 20 0 16
1 2 3 5 4 7 6 10 19 24 8 14 20 27 15 23 17 26 18 28 11 22 9 21 12 25 16 30 13 29 26 27 28 30 29 1 0 4 10 15 2 8 11 18 14 22 12 21 6 16 13 24 5 17 7 20 9 23 3 19
1 2 3 5 4 7 6 10 19 24 8 14 20 27 15 23 17 26 18 28 11 22 9 21 12 25 16 30 13 29 6 7 8 10 9 12 11 15 21 26 13 19 24 0 25 2 20 29 17 27 23 3 16 28 22 4 18 1 14 30
1 2 3 5 4 7 6 10 19 24 8 14 20 27 15 23 17 26 18 28 11 22 9 21 12 25 16 30 13 29 8 9 10 12 11 14 13 17 23 28 15 21 26 2 27 4 22 0 19 29 25 5 18 30 24 6 20 3 16 1
1 2 3 5 4 7 6 10 19 24 8 14 20 27 15 23 17 26 18 28 11 22 9 21 12 25 16 30 13 29 11 12 13 15 14 17 16 20 26 0 18 24 29 5 30 7 25 3 22 1 28 8 21 2 27 9 23 6 19 4
1 2 3 5 4 7 6 10 19 24 8 14 20 27 15 23 17 26 18 28 11 22 9 21 12 25 16 30 13 29 13 14 15 17 16 19 18 22 28 2 20 26 0 7 1 9 27 5 24 3 30 10 23 4 29 11 25 8 21 6
1 2 3 5 4 7 6 10 19 24 8 14 20 27 15 23 17 26 18 28 11 22 9 21 12 25 16 30 13 29 16 17 18 20 19 22 21 25 0 5 23 29 3 10 4 12 30 8 27 6 2 13 26 7 1 14 28 11 24 9
1 2 3 5 4 7 6 10 19 24 8 14 20 27 15 23 17 26 18 28 11 22 9 21 12 25 16 30 13 29 24 25 26 28 27 30 29 2 8 13 0 6 11 18 12 20 7 16 4 14 10 21 3 15 9 22 5 19 1 17
1 2 3 5 4 7 6 10 19 24 8 14 20 27 15 23 17 26 18 28 11 22 9 21 12 25 16 30 13 29 6 7 8 10 9 12 11 15 21 26 13 19 22 29 23 0 25 3 17 27 24 4 16 28 20 2 18 1 14 30
1 2 3 5 4 7 6 10 19 24 8 14 20 27 15 23 17 26 18 28 11 22 9 21 12 25 16 30 13 29 11 12 13 15 14 17 16 20 26 0 18 24 27 3 28 5 30 8 22 1 29 9 21 2 25 7 23 6 19 4
1 2 3 5 4 7 6 10 19 24 8 14 20 27 15 23 17 26 18 28 11 22 9 21 12 25 16 30 13 29 12 13 14 16 15 18 17 21 27 1 19 25 28 4 29 6 0 9 23 2 30 10 22 3 26 8 24 7 20 5
1 2 3 5 4 7 6 10 19 24 8 14 20 27 15 23 17 26 18 28 11 22 9 21 12 25 16 30 13 29 13 14 15 17 16 19 18 22 28 2 20 26 29 5 30 7 1 10 24 3 0 11 23 4 27 9 25 8 21 6
1 2 3 5 4 7 6 10 19 24 8 14 20 27 15 23 17 26 18 28 11 22 9 21 12 25 16 30 13 29 16 17 18 20 19 22 21 25 0 5 23 29 1 8 2 10 4 13 27 6 3 14 26 7 30 12 28 11 24 9
1 2 3 5 4 7 6 10 19 24 8 14 20 27 15 23 17 26 18 28 11 22 9 21 12 25 16 30 13 29 19 20 21 23 22 25 24 28 3 8 26 1 4 11 5 13 7 16 30 9 6 17 29 10 2 15 0 14 27 12
1 2 3 5 4 7 6 10 19 24 8 14 20 27 15 23 17 26 18 28 11 22 9 21 12 25 16 30 13 29 20 21 22 24 23 26 25 29 4 9 27 2 5 12 6 14 8 17 0 10 7 18 30 11 3 16 1 15 28 13
1 2 3 5 4 7 6 10 19 24 8 14 20 27 15 23 17 26 18 28 11 22 9 21 12 25 16 30 13 29 21 22 23 25 24 27 26 30 5 10 28 3 6 13 7 15 9 18 1 11 8 19 0 12 4 17 2 16 29 14
1 2 3 5 4 7 6 10 19 24 8 14 20 27 15 23 17 26 18 28 11 22 9 21 12 25 16 30 13 29 23 24 25 27 26 29 28 1 7 12 30 5 8 15 9 17 11 20 3 13 10 21 2 14 6 19 4 18 0 16
1 2 3 5 4 7 6 10 19 24 8 14 20 27 15 23 17 26 18 28 11 22 9 21 12 25 16 30 13 29 26 27 28 30 29 1 0 4 10 15 2 8 11 18 12 20 14 23 6 16 13 24 5 17 9 22 7 21 3 19
1 2 3 5 4 7 6 10 19 24 8 14 20 27 15 23 17 26 18 28 11 22 9 21 12 25 16 30 13 29 27 28 29 0 30 2 1 5 11 16 3 9 12 19 13 21 15 24 7 17 14 25 6 18 10 23 8 22 4 20
1 2 3 5 4 7 6 10 19 24 8 14 20 27 15 23 17 26 18 28 11 22 9 21 12 25 16 30 13 29 28 29 30 1 0 3 2 6 12 17 4 10 13 20 14 22 16 25 8 18 15 26 7 19 11 24 9 23 5 21
1 2 3 5 4 7 6 10 19 24 8 14 20 27 15 23 17 26 18 28 11 22 9 21 12 25 16 30 13 29 8 9 10 12 11 14 13 17 26 0 15 21 22 29 20 28 27 5 25 4 23 3 18 30 24 6 19 2 16 1
1 2 3 5 4 7 6 10 19 24 8 14 20 27 15 23 17 26 18 28 11 22 9 21 12 25 16 30 13 29 10 11 12 14 13 16 15 19 28 2 17 23 24 0 22 30 29 7 27 6 25 5 20 1 26 8 21 4 18 3
1 2 3 5 4 7 6 10 19 24 8 14 20 27 15 23 17 26 18 28 11 22 9 21 12 25 16 30 13 29 14 15 16 18 17 20 19 23 1 6 21 27 28 4 26 3 2 11 0 10 29 9 24 5 30 12 25 8 22 7
1 2 3 5 4 7 6 10 19 24 8 14 20 27 15 23 17 26 18 28 11 22 9 21 12 25 16 30 13 29 16 17 18 20 19 22 21 25 3 8 23 29 30 6 28 5 4 13 2 12 0 11 26 7 1 14 27 10 24 9
1 2 3 5 4 7 6 10 19 24 8 14 20 27 15 23 17 26 18 28 11 22 9 21 12 25 16 30 13 29 19 20 21 23 22 25 24 28 6 11 26 1 2 9 0 8 7 16 5 15 3 14 29 10 4 17 30 13 27 12
1 2 3 5 4 7 6 10 19 24 8 14 20 27 15 23 17 26 18 28 11 22 9 21 12 25 16 30 13 29 23 24 25 27 26 29 28 1 10 15 30 5 6 13 4 12 11 20 9 19 7 18 2 14 8 21 3 17 0 16
1 2 3 5 4 7 6 10 19 24 8 14 20 27 15 23 17 26 18 28 11 22 9 21 12 25 16 30 13 29 24 25 26 28 27 30 29 2 11 16 0 6 7 14 5 13 12 21 10 20 8 19 3 15 9 22 4 18 1 17
1 2 3 5 4 7 6 10 19 24 8 14 20 27 15 23 17 26 18 28 11 22 9 21 12 25 16 30 13 29 26 27 28 30 29 1 0 4 13 18 2 8 9 16 7 15 14 23 12 22 10 21 5 17 11 24 6 20 3 19
1 2 3 5 4 7 6 10 19 24 8 14 20 27 15 23 17 26 18 28 11 22 9 21 12 25 16 30 13 29 28 29 30 1 0 3 2 6 15 20 4 10 11 18 9 17 16 25 14 24 12 23 7 19 13 26 8 22 5 21
1 2 3 5 4 7 6 10 19 24 8 14 20 27 15 23 17 26 18 28 11 22 9 21 12 25 16 30 13 29 8 9 10 12 11 14 13 17 26 0 15 21 22 29 20 28 25 3 27 6 24 4 18 30 23 5 19 2 16 1
1 2 3 5 4 7 6 10 19 24 8 14 20 27 15 23 17 26 18 28 11 22 9 21 12 25 16 30 13 29 9 10 11 13 12 15 14 18 27 1 16 22 23 30 21 29 26 4 28 7 25 5 19 0 24 6 20 3 17 2
1 2 3 5 4 7 6 10 19 24 8 14 20 27 15 23 17 26 18 28 11 22 9 21 12 25 16 30 13 29 12 13 14 16 15 18 17 21 30 4 19 25 26 2 24 1 29 7 0 10 28 8 22 3 27 9 23 6 20 5
1 2 3 5 4 7 6 10 19 24 8 14 20 27 15 23 17 26 18 28 11 22 9 21 12 25 16 30 13 29 13 14 15 17 16 19 18 22 0 5 20 26 27 3 25 2 30 8 1 11 29 9 23 4 28 10 24 7 21 6
1 2 3 5 4 7 6 10 19 24 8 14 20 27 15 23 17 26 18 28 11 22 9 21 12 25 16 30 13 29 14 15 16 18 17 20 19 23 1 6 21 27 28 4 26 3 0 9 2 12 30 10 24 5 29 11 25 8 22 7
1 2 3 5 4 7 6 10 19 24 8 14 20 27 15 23 17 26 18 28 11 22 9 21 12 25 16 30 13 29 24 25 26 28 27 30 29 2 11 16 0 6 7 14 5 13 10 19 12 22 9 20 3 15 8 21 4 18 1 17
1 2 3 5 4 7 6 10 19 24 8 14 20 27 15 23 17 26 18 28 11 22 9 21 12 25 16 30 13 29 6 7 8 10 9 12 11 15 22 27 13 19 25 1 18 26 20 29 23 2 24 4 16 28 21 3 17 0 14 30
1 2 3 5 4 7 6 10 19 24 8 14 20 27 15 23 17 26 18 28 11 22 9 21 12 25 16 30 13 29 8 9 10 12 11 14 13 17 24 29 15 21 27 3 20 28 22 0 25 4 26 6 18 30 23 5 19 2 16 1
1 2 3 5 4 7 6 10 19 24 8 14 20 27 15 23 17 26 18 28 11 22 9 21 12 25 16 30 13 29 9 10 11 13 12 15 14 18 25 30 16 22 28 4 21 29 23 1 26 5 27 7 19 0 24 6 20 3 17 2
1 2 3 5 4 7 6 10 19 24 8 14 20 27 15 23 17 26 18 28 11 22 9 21 12 25 16 30 13 29 10 11 12 14 13 16 15 19 26 0 17 23 29 5 22 30 24 2 27 6 28 8 20 1 25 7 21 4 18 3
1 2 3 5 4 7 6 10 19 24 8 14 20 27 15 23 17 26 18 28 11 22 9 21 12 25 16 30 13 29 13 14 15 17 16 19 18 22 29 3 20 26 1 8 25 2 27 5 30 9 0 11 23 4 28 10 24 7 21 6
1 2 3 5 4 7 6 10 19 24 8 14 20 27 15 23 17 26 18 28 11 22 9 21 12 25 16 30 13 29 19 20 21 23 22 25 24 28 4 9 26 1 7 14 0 8 2 11 5 15 6 17 29 10 3 16 30 13 27 12
1 2 3 5 4 7 6 10 19 24 8 14 20 27 15 23 17 26 18 28 11 22 9 21 12 25 16 30 13 29 26 27 28 30 29 1 0 4 11 16 2 8 14 21 7 15 9 18 12 22 13 24 5 17 10 23 6 20 3 19
1 2 3 5 4 7 6 10 19 24 8 14 20 27 15 23 17 26 18 28 11 22 9 21 12 25 16 30 13 29 27 28 29 0 30 2 1 5 12 17 3 9 15 22 8 16 10 19 13 23 14 25 6 18 11 24 7 21 4 20
1 2 3 5 4 7 6 10 19 24 8 14 20 27 15 23 17 26 18 28 11 22 9 21 12 25 16 30 13 29 0 1 2 4 3 6 5 9 16 21 7 13 19 26 12 20 14 23 17 27 18 29 10 22 15 28 11 25 8 24
1 2 3 5 4 7 6 10 19 24 8 14 20 27 15 23 17 26 18 28 11 22 9 21 12 25 16 30 13 29 6 7 8 10 9 12 11 15 21 26 13 19 22 29 24 1 18 27 25 4 23 3 16 28 20 2 17 0 14 30
1 2 3 5 4 7 6 10 19 24 8 14 20 27 15 23 17 26 18 28 11 22 9 21 12 25 16 30 13 29 7 8 9 11 10 13 12 16 22 27 14 20 23 30 25 2 19 28 26 5 24 4 17 29 21 3 18 1 15 0
1 2 3 5 4 7 6 10 19 24 8 14 20 27 15 23 17 26 18 28 11 22 9 21 12 25 16 30 13 29 9 10 11 13 12 15 14 18 24 29 16 22 25 1 27 4 21 30 28 7 26 6 19 0 23 5 20 3 17 2
1 2 3 5 4 7 6 10 19 24 8 14 20 27 15 23 17 26 18 28 11 22 9 21 12 25 16 30 13 29 11 12 13 15 14 17 16 20 26 0 18 24 27 3 29 6 23 1 30 9 28 8 21 2 25 7 22 5 19 4
1 2 3 5 4 7 6 10 19 24 8 14 20 27 15 23 17 26 18 28 11 22 9 21 12 25 16 30 13 29 12 13 14 16 15 18 17 21 27 1 19 25 28 4 30 7 24 2 0 10 29 9 22 3 26 8 23 6 20 5
1 2 3 5 4 7 6 10 19 24 8 14 20 27 15 23 17 26 18 28 11 22 9 21 12 25 16 30 13 29 26 27 28 30 29 1 0 4 10 15 2 8 11 18 13 21 7 16 14 24 12 23 5 17 9 22 6 20 3 19
1 2 3 5 4 7 6 10 19 24 8 14 20 27 15 23 17 26 18 28 11 22 9 21 12 25 16 30 13 29 27 28 29 0 30 2 1 5 11 16 3 9 12 19 14 22 8 17 15 25 13 24 6 18 10 23 7 21 4 20
1 2 3 5 4 7 6 10 19 24 8 14 20 27 15 23 17 26 18 28 11 22 9 21 12 25 16 30 13 29 9 10 11 13 12 15 14 18 24 29 16 22 23 30 28 5 26 4 27 6 21 1 19 0 25 7 20 3 17 2
1 2 3 5 4 7 6 10 19 24 8 14 20 27 15 23 17 26 18 28 11 22 9 21 12 25 16 30 13 29 10 11 12 14 13 16 15 19 25 30 17 23 24 0 29 6 27 5 28 7 22 2 20 1 26 8 21 4 18 3
1 2 3 5 4 7 6 10 19 24 8 14 20 27 15 23 17 26 18 28 11 22 9 21 12 25 16 30 13 29 11 12 13 15 14 17 16 20 26 0 18 24 25 1 30 7 28 6 29 8 23 3 21 2 27 9 22 5 19 4
1 2 3 5 4 7 6 10 19 24 8 14 20 27 15 23 17 26 18 28 11 22 9 21 12 25 16 30 13 29 13 14 15 17 16 19 18 22 28 2 20 26 27 3 1 9 30 8 0 10 25 5 23 4 29 11 24 7 21 6
1 2 3 5 4 7 6 10 19 24 8 14 20 27 15 23 17 26 18 28 11 22 9 21 12 25 16 30 13 29 14 15 16 18 17 20 19 23 29 3 21 27 28 4 2 10 0 9 1 11 26 6 24 5 30 12 25 8 22 7
1 2 3 5 4 7 6 10 19 24 8 14 20 27 15 23 17 26 18 28 11 22 9 21 12 25 16 30 13 29 22 23 24 26 25 28 27 0 6 11 29 4 5 12 10 18 8 17 9 19 3 14 1 13 7 20 2 16 30 15
1 2 3 5 4 7 6 10 19 24 8 14 20 27 15 23 17 26 18 28 11 22 9 21 12 25 16 30 13 29 7 8 9 11 10 13 12 16 22 27 14 20 21 28 25 2 26 4 24 3 19 30 17 29 23 5 18 1 15 0
1 2 3 5 4 7 6 10 19 24 8 14 20 27 15 23 17 26 18 28 11 22 9 21 12 25 16 30 13 29 8 9 10 12 11 14 13 17 23 28 15 21 22 29 26 3 27 5 25 4 20 0 18 30 24 6 19 2 16 1
1 2 3 5 4 7 6 10 19 24 8 14 20 27 15 23 17 26 18 28 11 22 9 21 12 25 16 30 13 29 9 10 11 13 12 15 14 18 24 29 16 22 23 30 27 4 28 6 26 5 21 1 19 0 25 7 20 3 17 2
1 2 3 5 4 7 6 10 19 24 8 14 20 27 15 23 17 26 18 28 11 22 9 21 12 25 16 30 13 29 13 14 15 17 16 19 18 22 28 2 20 26 27 3 0 8 1 10 30 9 25 5 23 4 29 11 24 7 21 6
1 2 3 5 4 7 6 10 19 24 8 14 20 27 15 23 17 26 18 28 11 22 9 21 12 25 16 30 13 29 14 15 16 18 17 20 19 23 29 3 21 27 28 4 1 9 2 11 0 10 26 6 24 5 30 12 25 8 22 7
1 2 3 5 4 7 6 10 19 24 8 14 20 27 15 23 17 26 18 28 11 22 9 21 12 25 16 30 13 29 15 16 17 19 18 21 20 24 30 4 22 28 29 5 2 10 3 12 1 11 27 7 25 6 0 13 26 9 23 8
1 2 3 5 4 7 6 10 19 24 8 14 20 27 15 23 17 26 18 28 11 22 9 21 12 25 16 30 13 29 16 17 18 20 19 22 21 25 0 5 23 29 30 6 3 11 4 13 2 12 28 8 26 7 1 14 27 10 24 9
1 2 3 5 4 7 6 10 19 24 8 14 20 27 15 23 17 26 18 28 11 22 9 21 12 25 16 30 13 29 20 21 22 24 23 26 25 29 4 9 27 2 3 10 7 15 8 17 6 16 1 12 30 11 5 18 0 14 28 13
1 2 3 5 4 7 6 10 19 24 8 14 20 27 15 23 17 26 18 28 11 22 9 21 12 25 16 30 13 29 21 22 23 25 24 27 26 30 5 10 28 3 4 11 8 16 9 18 7 17 2 13 0 12 6 19 1 15 29 14
1 2 3 5 4 7 6 10 19 24 8 14 20 27 15 23 17 26 18 28 11 22 9 21 12 25 16 30 13 29 23 24 25 27 26 29 28 1 7 12 30 5 6 13 10 18 11 20 9 19 4 15 2 14 8 21 3 17 0 16
1 2 3 5 4 7 6 10 19 24 8 14 20 27 15 23 17 26 18 28 11 22 9 21 12 25 16 30 13 29 26 27 28 30 29 1 0 4 10 15 2 8 9 16 13 21 14 23 12 22 7 18 5 17 11 24 6 20 3 19
1 2 3 5 4 7 6 10 19 24 8 14 20 27 15 23 17 26 18 28 11 22 9 21 12 25 16 30 13 29 4 5 6 8 7 10 9 13 20 25 11 17 22 29 23 0 15 24 16 26 21 1 18 30 14 27 19 2 12 28
1 2 3 5 4 7 6 10 19 24 8 14 20 27 15 23 17 26 18 28 11 22 9 21 12 25 16 30 13 29 9 10 11 13 12 15 14 18 25 30 16 22 27 3 28 5 20 29 21 0 26 6 23 4 19 1 24 7 17 2
1 2 3 5 4 7 6 10 19 24 8 14 20 27 15 23 17 26 18 28 11 22 9 21 12 25 16 30 13 29 15 16 17 19 18 21 20 24 0 5 22 28 2 9 3 11 26 4 27 6 1 12 29 10 25 7 30 13 23 8
1 2 3 5 4 7 6 10 19 24 8 14 20 27 15 23 17 26 18 28 11 22 9 21 12 25 16 30 13 29 16 17 18 20 19 22 21 25 1 6 23 29 3 10 4 12 27 5 28 7 2 13 30 11 26 8 0 14 24 9
1 2 3 5 4 7 6 10 19 24 8 14 20 27 15 23 17 26 18 28 11 22 9 21 12 25 16 30 13 29 18 19 20 22 21 24 23 27 3 8 25 0 5 12 6 14 29 7 30 9 4 15 1 13 28 10 2 16 26 11
1 2 3 5 4 7 6 10 19 24 8 14 20 27 15 23 17 26 18 28 11 22 9 21 12 25 16 30 13 29 21 22 23 25 24 27 26 30 6 11 28 3 8 15 9 17 1 10 2 12 7 18 4 16 0 13 5 19 29 14
1 2 3 5 4 7 6 10 19 24 8 14 20 27 15 23 17 26 18 28 11 22 9 21 12 25 16 30 13 29 22 23 24 26 25 28 27 0 7 12 29 4 9 16 10 18 2 11 3 13 8 19 5 17 1 14 6 20 30 15
1 2 3 5 4 7 6 10 19 24 8 14 20 27 15 23 17 26 18 28 11 22 9 21 12 25 16 30 13 29 23 24 25 27 26 29 28 1 8 13 30 5 10 17 11 19 3 12 4 14 9 20 6 18 2 15 7 21 0 16
1 2 3 5 4 7 6 10 19 24 8 14 20 27 15 23 17 26 18 28 11 22 9 21 12 25 16 30 13 29 24 25 26 28 27 30 29 2 9 14 0 6 11 18 12 20 4 13 5 15 10 21 7 19 3 16 8 22 1 17
1 2 3 5 4 7 6 10 19 24 8 14 20 27 15 23 17 26 18 28 11 22 9 21 12 25 16 30 13 29 29 30 0 2 1 4 3 7 14 19 5 11 16 23 17 25 9 18 10 20 15 26 12 24 8 21 13 27 6 22
1 2 3 5 4 7 6 10 19 24 8 14 20 27 15 23 17 26 18 28 11 22 9 21 12 25 16 30 13 29 4 5 6 8 7 10 9 13 20 25 11 17 22 29 23 0 15 24 16 26 19 30 21 2 14 27 18 1 12 28
1 2 3 5 4 7 6 10 19 24 8 14 20 27 15 23 17 26 18 28 11 22 9 21 12 25 16 30 13 29 7 8 9 11 10 13 12 16 23 28 14 20 25 1 26 3 18 27 19 29 22 2 24 5 17 30 21 4 15 0
1 2 3 5 4 7 6 10 19 24 8 14 20 27 15 23 17 26 18 28 11 22 9 21 12 25 16 30 13 29 10 11 12 14 13 16 15 19 26 0 17 23 28 4 29 6 21 30 22 1 25 5 27 8 20 2 24 7 18 3
1 2 3 5 4 7 6 10 19 24 8 14 20 27 15 23 17 26 18 28 11 22 9 21 12 25 16 30 13 29 15 16 17 19 18 21 20 24 0 5 22 28 2 9 3 11 26 4 27 6 30 10 1 13 25 7 29 12 23 8
1 2 3 5 4 7 6 10 19 24 8 14 20 27 15 23 17 26 18 28 11 22 9 21 12 25 16 30 13 29 16 17 18 20 19 22 21 25 1 6 23 29 3 10 4 12 27 5 28 7 0 11 2 14 26 8 30 13 24 9
1 2 3 5 4 7 6 10 19 24 8 14 20 27 15 23 17 26 18 28 11 22 9 21 12 25 16 30 13 29 18 19 20 22 21 24 23 27 3 8 25 0 5 12 6 14 29 7 30 9 2 13 4 16 28 10 1 15 26 11
1 2 3 5 4 7 6 10 19 24 8 14 20 27 15 23 17 26 18 28 11 22 9 21 12 25 16 30 13 29 21 22 23 25 24 27 26 30 6 11 28 3 8 15 9 17 1 10 2 12 5 16 7 19 0 13 4 18 29 14
1 2 3 5 4 7 6 10 19 24 8 14 20 27 15 23 17 26 18 28 11 22 9 21 12 25 16 30 13 29 24 25 26 28 27 30 29 2 9 14 0 6 11 18 12 20 4 13 5 15 8 19 10 22 3 16 7 21 1 17
1 2 3 5 4 7 6 10 19 24 8 14 20 27 15 23 17 26 18 28 11 22 9 21 12 25 16 30 13 29 7 8 9 11 10 13 12 16 23 28 14 20 26 2 24 1 18 27 19 29 25 5 22 3 17 30 21 4 15 0
1 2 3 5 4 7 6 10 19 24 8 14 20 27 15 23 17 26 18 28 11 22 9 21 12 25 16 30 13 29 8 9 10 12 11 14 13 17 24 29 15 21 27 3 25 2 19 28 20 30 26 6 23 4 18 0 22 5 16 1
1 2 3 5 4 7 6 10 19 24 8 14 20 27 15 23 17 26 18 28 11 22 9 21 12 25 16 30 13 29 10 11 12 14 13 16 15 19 26 0 17 23 29 5 27 4 21 30 22 1 28 8 25 6 20 2 24 7 18 3
1 2 3 5 4 7 6 10 19 24 8 14 20 27 15 23 17 26 18 28 11 22 9 21 12 25 16 30 13 29 11 12 13 15 14 17 16 20 27 1 18 24 30 6 28 5 22 0 23 2 29 9 26 7 21 3 25 8 19 4
1 2 3 5 4 7 6 10 19 24 8 14 20 27 15 23 17 26 18 28 11 22 9 21 12 25 16 30 13 29 13 14 15 17 16 19 18 22 29 3 20 26 1 8 30 7 24 2 25 4 0 11 28 9 23 5 27 10 21 6
1 2 3 5 4 7 6 10 19 24 8 14 20 27 15 23 17 26 18 28 11 22 9 21 12 25 16 30 13 29 15 16 17 19 18 21 20 24 0 5 22 28 3 10 1 9 26 4 27 6 2 13 30 11 25 7 29 12 23 8
1 2 3 5 4 7 6 10 19 24 8 14 20 27 15 23 17 26 18 28 11 22 9 21 12 25 16 30 13 29 18 19 20 22 21 24 23 27 3 8 25 0 6 13 4 12 29 7 30 9 5 16 2 14 28 10 1 15 26 11
1 2 3 5 4 7 6 10 19 24 8 14 20 27 15 23 17 26 18 28 11 22 9 21 12 25 16 30 13 29 19 20 21 23 22 25 24 28 4 9 26 1 7 14 5 13 30 8 0 10 6 17 3 15 29 11 2 16 27 12
1 2 3 5 4 7 6 10 19 24 8 14 20 27 15 23 17 26 18 28 11 22 9 21 12 25 16 30 13 29 23 24 25 27 26 29 28 1 8 13 30 5 11 18 9 17 3 12 4 14 10 21 7 19 2 15 6 20 0 16
1 2 3 5 4 7 6 10 19 24 8 14 20 27 15 23 17 26 18 28 11 22 9 21 12 25 16 30 13 29 0 1 2 4 3 6 5 9 16 21 7 13 19 26 17 25 11 20 12 22 18 29 15 27 10 23 14 28 8 24
1 2 3 5 4 7 6 10 19 24 8 14 20 27 15 23 17 26 18 28 11 22 9 21 12 25 16 30 13 29 11 12 13 15 14 17 16 20 28 2 18 24 25 1 30 7 22 0 26 5 29 9 27 8 21 3 23 6 19 4
1 2 3 5 4 7 6 10 19 24 8 14 20 27 15 23 17 26 18 28 11 22 9 21 12 25 16 30 13 29 15 16 17 19 18 21 20 24 1 6 22 28 29 5 3 11 26 4 30 9 2 13 0 12 25 7 27 10 23 8
1 2 3 5 4 7 6 10 19 24 8 14 20 27 15 23 17 26 18 28 11 22 9 21 12 25 16 30 13 29 16 17 18 20 19 22 21 25 2 7 23 29 30 6 4 12 27 5 0 10 3 14 1 13 26 8 28 11 24 9
1 2 3 5 4 7 6 10 19 24 8 14 20 27 15 23 17 26 18 28 11 22 9 21 12 25 16 30 13 29 18 19 20 22 21 24 23 27 4 9 25 0 1 8 6 14 29 7 2 12 5 16 3 15 28 10 30 13 26 11
1 2 3 5 4 7 6 10 19 24 8 14 20 27 15 23 17 26 18 28 11 22 9 21 12 25 16 30 13 29 19 20 21 23 22 25 24 28 5 10 26 1 2 9 7 15 30 8 3 13 6 17 4 16 29 11 0 14 27 12
1 2 3 5 4 7 6 10 19 24 8 14 20 27 15 23 17 26 18 28 11 22 9 21 12 25 16 30 13 29 23 24 25 27 26 29 28 1 9 14 30 5 6 13 11 19 3 12 7 17 10 21 8 20 2 15 4 18 0 16
1 2 3 5 4 7 6 10 19 24 8 14 20 27 15 23 17 26 18 28 11 22 9 21 12 25 16 30 13 29 25 26 27 29 28 0 30 3 11 16 1 7 8 15 13 21 5 14 9 19 12 23 10 22 4 17 6 20 2 18
1 2 3 5 4 7 6 10 19 24 8 14 20 27 15 23 17 26 18 28 11 22 9 21 12 25 16 30 13 29 26 27 28 30 29 1 0 4 12 17 2 8 9 16 14 22 6 15 10 20 13 24 11 23 5 18 7 21 3 19
1 2 3 5 4 7 6 10 19 24 8 14 20 27 15 23 17 26 18 28 11 22 9 21 12 25 16 30 13 29 7 8 9 11 10 13 12 16 23 28 14 20 25 1 21 29 18 27 26 5 24 4 22 3 17 30 19 2 15 0
1 2 3 5 4 7 6 10 19 24 8 14 20 27 15 23 17 26 18 28 11 22 9 21 12 25 16 30 13 29 9 10 11 13 12 15 14 18 25 30 16 22 27 3 23 0 20 29 28 7 26 6 24 5 19 1 21 4 17 2
1 2 3 5 4 7 6 10 19 24 8 14 20 27 15 23 17 26 18 28 11 22 9 21 12 25 16 30 13 29 10 11 12 14 13 16 15 19 26 0 17 23 28 4 24 1 21 30 29 8 27 7 25 6 20 2 22 5 18 3
1 2 3 5 4 7 6 10 19 24 8 14 20 27 15 23 17 26 18 28 11 22 9 21 12 25 16 30 13 29 15 16 17 19 18 21 20 24 0 5 22 28 2 9 29 6 26 4 3 13 1 12 30 11 25 7 27 10 23 8
1 2 3 5 4 7 6 10 19 24 8 14 20 27 15 23 17 26 18 28 11 22 9 21 12 25 16 30 13 29 18 19 20 22 21 24 23 27 3 8 25 0 5 12 1 9 29 7 6 16 4 15 2 14 28 10 30 13 26 11
1 2 3 5 4 7 6 10 19 24 8 14 20 27 15 23 17 26 18 28 11 22 9 21 12 25 16 30 13 29 19 20 21 23 22 25 24 28 4 9 26 1 6 13 2 10 30 8 7 17 5 16 3 15 29 11 0 14 27 12
1 2 3 5 4 7 6 10 19 24 8 14 20 27 15 23 17 26 18 28 11 22 9 21 12 25 16 30 13 29 21 22 23 25 24 27 26 30 6 11 28 3 8 15 4 12 1 10 9 19 7 18 5 17 0 13 2 16 29 14
1 2 3 5 4 7 6 10 19 24 8 14 20 27 15 23 17 26 18 28 11 22 9 21 12 25 16 30 13 29 22 23 24 26 25 28 27 0 7 12 29 4 9 16 5 13 2 11 10 20 8 19 6 18 1 14 3 17 30 15
1 2 3 5 4 7 6 10 19 24 8 14 20 27 15 23 17 26 18 28 11 22 9 21 12 25 16 30 13 29 24 25 26 28 27 30 29 2 9 14 0 6 11 18 7 15 4 13 12 22 10 21 8 20 3 16 5 19 1 17
1 2 3 5 4 7 6 10 19 24 8 14 20 27 15 23 17 26 18 28 11 22 9 21 12 25 16 30 13 29 26 27 28 30 29 1 0 4 11 16 2 8 13 20 9 17 6 15 14 24 12 23 10 22 5 18 7 21 3 19
1 2 3 5 4 7 6 10 19 24 8 14 20 27 15 23 17 26 18 28 11 22 9 21 12 25 16 30 13 29 27 28 29 0 30 2 1 5 12 17 3 9 14 21 10 18 7 16 15 25 13 24 11 23 6 19 8 22 4 20
1 2 3 5 4 7 6 10 19 24 8 14 20 27 15 23 17 26 18 28 11 22 9 21 12 25 16 30 13 29 7 8 9 11 10 13 12 16 23 28 14 20 22 29 26 3 18 27 25 4 21 1 24 5 17 30 19 2 15 0
1 2 3 5 4 7 6 10 19 24 8 14 20 27 15 23 17 26 18 28 11 22 9 21 12 25 16 30 13 29 9 10 11 13 12 15 14 18 25 30 16 22 24 0 28 5 20 29 27 6 23 3 26 7 19 1 21 4 17 2
1 2 3 5 4 7 6 10 19 24 8 14 20 27 15 23 17 26 18 28 11 22 9 21 12 25 16 30 13 29 11 12 13 15 14 17 16 20 27 1 18 24 26 2 30 7 22 0 29 8 25 5 28 9 21 3 23 6 19 4
1 2 3 5 4 7 6 10 19 24 8 14 20 27 15 23 17 26 18 28 11 22 9 21 12 25 16 30 13 29 13 14 15 17 16 19 18 22 29 3 20 26 28 4 1 9 24 2 0 10 27 7 30 11 23 5 25 8 21 6
1 2 3 5 4 7 6 10 19 24 8 14 20 27 15 23 17 26 18 28 11 22 9 21 12 25 16 30 13 29 15 16 17 19 18 21 20 24 0 5 22 28 30 6 3 11 26 4 2 12 29 9 1 13 25 7 27 10 23 8
1 2 3 5 4 7 6 10 19 24 8 14 20 27 15 23 17 26 18 28 11 22 9 21 12 25 16 30 13 29 25 26 27 29 28 0 30 3 10 15 1 7 9 16 13 21 5 14 12 22 8 19 11 23 4 17 6 20 2 18
1 2 3 5 4 7 6 10 19 24 8 14 20 27 15 23 17 26 18 28 11 22 9 21 12 25 16 30 13 29 26 27 28 30 29 1 0 4 11 16 2 8 10 17 14 22 6 15 13 23 9 20 12 24 5 18 7 21 3 19
1 2 3 5 4 7 6 10 19 24 8 14 20 27 15 23 17 26 18 28 11 22 9 21 12 25 16 30 13 29 4 5 6 8 7 10 9 13 21 26 11 17 23 30 16 24 22 0 15 25 18 29 20 1 14 27 19 2 12 28
1 2 3 5 4 7 6 10 19 24 8 14 20 27 15 23 17 26 18 28 11 22 9 21 12 25 16 30 13 29 11 12 13 15 14 17 16 20 28 2 18 24 30 6 23 0 29 7 22 1 25 5 27 8 21 3 26 9 19 4
1 2 3 5 4 7 6 10 19 24 8 14 20 27 15 23 17 26 18 28 11 22 9 21 12 25 16 30 13 29 14 15 16 18 17 20 19 23 0 5 21 27 2 9 26 3 1 10 25 4 28 8 30 11 24 6 29 12 22 7
1 2 3 5 4 7 6 10 19 24 8 14 20 27 15 23 17 26 18 28 11 22 9 21 12 25 16 30 13 29 15 16 17 19 18 21 20 24 1 6 22 28 3 10 27 4 2 11 26 5 29 9 0 12 25 7 30 13 23 8
1 2 3 5 4 7 6 10 19 24 8 14 20 27 15 23 17 26 18 28 11 22 9 21 12 25 16 30 13 29 16 17 18 20 19 22 21 25 2 7 23 29 4 11 28 5 3 12 27 6 30 10 1 13 26 8 0 14 24 9
1 2 3 5 4 7 6 10 19 24 8 14 20 27 15 23 17 26 18 28 11 22 9 21 12 25 16 30 13 29 17 18 19 21 20 23 22 26 3 8 24 30 5 12 29 6 4 13 28 7 0 11 2 14 27 9 1 15 25 10
1 2 3 5 4 7 6 10 19 24 8 14 20 27 15 23 17 26 18 28 11 22 9 21 12 25 16 30 13 29 18 19 20 22 21 24 23 27 4 9 25 0 6 13 30 7 5 14 29 8 1 12 3 15 28 10 2 16 26 11
1 2 3 5 4 7 6 10 19 24 8 14 20 27 15 23 17 26 18 28 11 22 9 21 12 25 16 30 13 29 19 20 21 23 22 25 24 28 5 10 26 1 7 14 0 8 6 15 30 9 2 13 4 16 29 11 3 17 27 12
1 2 3 5 4 7 6 10 19 24 8 14 20 27 15 23 17 26 18 28 11 22 9 21 12 25 16 30 13 29 0 1 2 4 3 6 5 9 17 22 7 13 19 26 12 20 18 27 11 21 14 25 16 28 10 23 15 29 8 24
1 2 3 5 4 7 6 10 19 24 8 14 20 27 15 23 17 26 18 28 11 22 9 21 12 25 16 30 13 29 8 9 10 12 11 14 13 17 25 30 15 21 26 2 20 28 27 5 19 29 24 4 22 3 18 0 23 6 16 1
1 2 3 5 4 7 6 10 19 24 8 14 20 27 15 23 17 26 18 28 11 22 9 21 12 25 16 30 13 29 9 10 11 13 12 15 14 18 26 0 16 22 27 3 21 29 28 6 20 30 25 5 23 4 19 1 24 7 17 2
1 2 3 5 4 7 6 10 19 24 8 14 20 27 15 23 17 26 18 28 11 22 9 21 12 25 16 30 13 29 11 12 13 15 14 17 16 20 28 2 18 24 29 5 23 0 30 8 22 1 27 7 25 6 21 3 26 9 19 4
1 2 3 5 4 7 6 10 19 24 8 14 20 27 15 23 17 26 18 28 11 22 9 21 12 25 16 30 13 29 14 15 16 18 17 20 19 23 0 5 21 27 1 8 26 3 2 11 25 4 30 10 28 9 24 6 29 12 22 7
1 2 3 5 4 7 6 10 19 24 8 14 20 27 15 23 17 26 18 28 11 22 9 21 12 25 16 30 13 29 18 19 20 22 21 24 23 27 4 9 25 0 5 12 30 7 6 15 29 8 3 14 1 13 28 10 2 16 26 11
1 2 3 5 4 7 6 10 19 24 8 14 20 27 15 23 17 26 18 28 11 22 9 21 12 25 16 30 13 29 21 22 23 25 24 27 26 30 7 12 28 3 8 15 2 10 9 18 1 11 6 17 4 16 0 13 5 19 29 14
1 2 3 5 4 7 6 10 19 24 8 14 20 27 15 23 17 26 18 28 11 22 9 21 12 25 16 30 13 29 23 24 25 27 26 29 28 1 9 14 30 5 10 17 4 12 11 20 3 13 8 19 6 18 2 15 7 21 0 16
1 2 3 5 4 7 6 10 19 24 8 14 20 27 15 23 17 26 18 28 11 22 9 21 12 25 16 30 13 29 0 1 2 4 3 6 5 9 17 22 7 13 18 25 12 20 19 28 11 21 16 27 14 26 10 23 15 29 8 24
1 2 3 5 4 7 6 10 19 24 8 14 20 27 15 23 17 26 18 28 11 22 9 21 12 25 16 30 13 29 4 5 6 8 7 10 9 13 21 26 11 17 23 30 16 24 20 29 15 25 22 2 19 0 14 27 18 1 12 28
1 2 3 5 4 7 6 10 19 24 8 14 20 27 15 23 17 26 18 28 11 22 9 21 12 25 16 30 13 29 9 10 11 13 12 15 14 18 26 0 16 22 28 4 21 29 25 3 20 30 27 7 24 5 19 1 23 6 17 2
1 2 3 5 4 7 6 10 19 24 8 14 20 27 15 23 17 26 18 28 11 22 9 21 12 25 16 30 13 29 13 14 15 17 16 19 18 22 30 4 20 26 1 8 25 2 29 7 24 3 0 11 28 9 23 5 27 10 21 6
1 2 3 5 4 7 6 10 19 24 8 14 20 27 15 23 17 26 18 28 11 22 9 21 12 25 16 30 13 29 14 15 16 18 17 20 19 23 0 5 21 27 2 9 26 3 30 8 25 4 1 12 29 10 24 6 28 11 22 7
1 2 3 5 4 7 6 10 19 24 8 14 20 27 15 23 17 26 18 28 11 22 9 21 12 25 16 30 13 29 16 17 18 20 19 22 21 25 2 7 23 29 4 11 28 5 1 10 27 6 3 14 0 12 26 8 30 13 24 9
1 2 3 5 4 7 6 10 19 24 8 14 20 27 15 23 17 26 18 28 11 22 9 21 12 25 16 30 13 29 17 18 19 21 20 23 22 26 3 8 24 30 5 12 29 6 2 11 28 7 4 15 1 13 27 9 0 14 25 10
1 2 3 5 4 7 6 10 19 24 8 14 20 27 15 23 17 26 18 28 11 22 9 21 12 25 16 30 13 29 18 19 20 22 21 24 23 27 4 9 25 0 6 13 30 7 3 12 29 8 5 16 2 14 28 10 1 15 26 11
1 2 3 5 4 7 6 10 19 24 8 14 20 27 15 23 17 26 18 28 11 22 9 21 12 25 16 30 13 29 23 24 25 27 26 29 28 1 9 14 30 5 11 18 4 12 8 17 3 13 10 21 7 19 2 15 6 20 0 16
1 2 3 5 4 7 6 10 19 24 8 14 20 27 15 23 17 26 18 28 11 22 9 21 12 25 16 30 13 29 26 27 28 30 29 1 0 4 12 17 2 8 14 21 7 15 11 20 6 16 13 24 10 22 5 18 9 23 3 19
1 2 3 5 4 7 6 10 19 24 8 14 20 27 15 23 17 26 18 28 11 22 9 21 12 25 16 30 13 29 0 1 2 4 3 6 5 9 17 22 7 13 19 26 12 20 16 25 11 21 18 29 15 27 10 23 14 28 8 24
1 2 3 5 4 7 6 10 19 24 8 14 20 27 15 23 17 26 18 28 11 22 9 21 12 25 16 30 13 29 6 7 8 10 9 12 11 15 21 26 13 19 24 0 20 28 25 3 17 27 22 2 23 4 16 29 18 1 14 30
1 2 3 5 4 7 6 10 19 24 8 14 20 27 15 23 17 26 18 28 11 22 9 21 12 25 16 30 13 29 9 10 11 13 12 15 14 18 24 29 16 22 27 3 23 0 28 6 20 30 25 5 26 7 19 1 21 4 17 2
1 2 3 5 4 7 6 10 19 24 8 14 20 27 15 23 17 26 18 28 11 22 9 21 12 25 16 30 13 29 12 13 14 16 15 18 17 21 27 1 19 25 30 6 26 3 0 9 23 2 28 8 29 10 22 4 24 7 20 5
1 2 3 5 4 7 6 10 19 24 8 14 20 27 15 23 17 26 18 28 11 22 9 21 12 25 16 30 13 29 13 14 15 17 16 19 18 22 28 2 20 26 0 7 27 4 1 10 24 3 29 9 30 11 23 5 25 8 21 6
1 2 3 5 4 7 6 10 19 24 8 14 20 27 15 23 17 26 18 28 11 22 9 21 12 25 16 30 13 29 15 16 17 19 18 21 20 24 30 4 22 28 2 9 29 6 3 12 26 5 0 11 1 13 25 7 27 10 23 8
1 2 3 5 4 7 6 10 19 24 8 14 20 27 15 23 17 26 18 28 11 22 9 21 12 25 16 30 13 29 16 17 18 20 19 22 21 25 0 5 23 29 3 10 30 7 4 13 27 6 1 12 2 14 26 8 28 11 24 9
1 2 3 5 4 7 6 10 19 24 8 14 20 27 15 23 17 26 18 28 11 22 9 21 12 25 16 30 13 29 18 19 20 22 21 24 23 27 2 7 25 0 5 12 1 9 6 15 29 8 3 14 4 16 28 10 30 13 26 11
1 2 3 5 4 7 6 10 19 24 8 14 20 27 15 23 17 26 18 28 11 22 9 21 12 25 16 30 13 29 22 23 24 26 25 28 27 0 6 11 29 4 9 16 5 13 10 19 2 12 7 18 8 20 1 14 3 17 30 15
1 2 3 5 4 7 6 10 19 24 8 14 20 27 15 23 17 26 18 28 11 22 9 21 12 25 16 30 13 29 28 29 30 1 0 3 2 6 12 17 4 10 15 22 11 19 16 25 8 18 13 24 14 26 7 20 9 23 5 21
1 2 3 5 4 7 6 10 19 24 8 14 20 27 15 23 17 26 18 28 11 22 9 21 12 25 16 30 13 29 0 1 2 4 3 6 5 9 15 20 7 13 18 25 14 22 19 28 11 21 16 27 17 29 10 23 12 26 8 24
1 2 3 5 4 7 6 10 19 24 8 14 20 27 15 23 17 26 18 28 11 22 9 21 12 25 16 30 13 29 4 5 6 8 7 10 9 13 20 25 11 17 22 29 16 24 23 1 21 0 15 26 18 30 14 27 19 2 12 28
1 2 3 5 4 7 6 10 19 24 8 14 20 27 15 23 17 26 18 28 11 22 9 21 12 25 16 30 13 29 9 10 11 13 12 15 14 18 25 30 16 22 27 3 21 29 28 6 26 5 20 0 23 4 19 1 24 7 17 2
1 2 3 5 4 7 6 10 19 24 8 14 20 27 15 23 17 26 18 28 11 22 9 21 12 25 16 30 13 29 14 15 16 18 17 20 19 23 30 4 21 27 1 8 26 3 2 11 0 10 25 5 28 9 24 6 29 12 22 7
1 2 3 5 4 7 6 10 19 24 8 14 20 27 15 23 17 26 18 28 11 22 9 21 12 25 16 30 13 29 16 17 18 20 19 22 21 25 1 6 23 29 3 10 28 5 4 13 2 12 27 7 30 11 26 8 0 14 24 9
1 2 3 5 4 7 6 10 19 24 8 14 20 27 15 23 17 26 18 28 11 22 9 21 12 25 16 30 13 29 17 18 19 21 20 23 22 26 2 7 24 30 4 11 29 6 5 14 3 13 28 8 0 12 27 9 1 15 25 10
1 2 3 5 4 7 6 10 19 24 8 14 20 27 15 23 17 26 18 28 11 22 9 21 12 25 16 30 13 29 18 19 20 22 21 24 23 27 3 8 25 0 5 12 30 7 6 15 4 14 29 9 1 13 28 10 2 16 26 11
1 2 3 5 4 7 6 10 19 24 8 14 20 27 15 23 17 26 18 28 11 22 9 21 12 25 16 30 13 29 19 20 21 23 22 25 24 28 4 9 26 1 6 13 0 8 7 16 5 15 30 10 2 14 29 11 3 17 27 12
1 2 3 5 4 7 6 10 19 24 8 14 20 27 15 23 17 26 18 28 11 22 9 21 12 25 16 30 13 29 23 24 25 27 26 29 28 1 8 13 30 5 10 17 4 12 11 20 9 19 3 14 6 18 2 15 7 21 0 16
1 2 3 5 4 7 6 10 19 24 8 14 20 27 15 23 17 26 18 28 11 22 9 21 12 25 16 30 13 29 24 25 26 28 27 30 29 2 9 14 0 6 11 18 5 13 12 21 10 20 4 15 7 19 3 16 8 22 1 17
1 2 3 5 4 7 6 10 19 24 8 14 20 27 15 23 17 26 18 28 11 22 9 21 12 25 16 30 13 29 4 5 6 8 7 10 9 13 20 25 11 17 23 30 16 24 22 0 19 29 15 26 21 2 14 27 18 1 12 28
1 2 3 5 4 7 6 10 19 24 8 14 20 27 15 23 17 26 18 28 11 22 9 21 12 25 16 30 13 29 11 12 13 15 14 17 16 20 27 1 18 24 30 6 23 0 29 7 26 5 22 2 28 9 21 3 25 8 19 4
1 2 3 5 4 7 6 10 19 24 8 14 20 27 15 23 17 26 18 28 11 22 9 21 12 25 16 30 13 29 15 16 17 19 18 21 20 24 0 5 22 28 3 10 27 4 2 11 30 9 26 6 1 13 25 7 29 12 23 8
1 2 3 5 4 7 6 10 19 24 8 14 20 27 15 23 17 26 18 28 11 22 9 21 12 25 16 30 13 29 17 18 19 21 20 23 22 26 2 7 24 30 5 12 29 6 4 13 1 11 28 8 3 15 27 9 0 14 25 10
1 2 3 5 4 7 6 10 19 24 8 14 20 27 15 23 17 26 18 28 11 22 9 21 12 25 16 30 13 29 19 20 21 23 22 25 24 28 4 9 26 1 7 14 0 8 6 15 3 13 30 10 5 17 29 11 2 16 27 12
1 2 3 5 4 7 6 10 19 24 8 14 20 27 15 23 17 26 18 28 11 22 9 21 12 25 16 30 13 29 21 22 23 25 24 27 26 30 6 11 28 3 9 16 2 10 8 17 5 15 1 12 7 19 0 13 4 18 29 14
1 2 3 5 4 7 6 10 19 24 8 14 20 27 15 23 17 26 18 28 11 22 9 21 12 25 16 30 13 29 4 5 6 8 7 10 9 13 20 25 11 17 22 29 16 24 21 30 23 2 15 26 19 0 14 27 18 1 12 28
1 2 3 5 4 7 6 10 19 24 8 14 20 27 15 23 17 26 18 28 11 22 9 21 12 25 16 30 13 29 11 12 13 15 14 17 16 20 27 1 18 24 29 5 23 0 28 6 30 9 22 2 26 7 21 3 25 8 19 4
1 2 3 5 4 7 6 10 19 24 8 14 20 27 15 23 17 26 18 28 11 22 9 21 12 25 16 30 13 29 13 14 15 17 16 19 18 22 29 3 20 26 0 7 25 2 30 8 1 11 24 4 28 9 23 5 27 10 21 6
1 2 3 5 4 7 6 10 19 24 8 14 20 27 15 23 17 26 18 28 11 22 9 21 12 25 16 30 13 29 15 16 17 19 18 21 20 24 0 5 22 28 2 9 27 4 1 10 3 13 26 6 30 11 25 7 29 12 23 8
1 2 3 5 4 7 6 10 19 24 8 14 20 27 15 23 17 26 18 28 11 22 9 21 12 25 16 30 13 29 16 17 18 20 19 22 21 25 1 6 23 29 3 10 28 5 2 11 4 14 27 7 0 12 26 8 30 13 24 9
1 2 3 5 4 7 6 10 19 24 8 14 20 27 15 23 17 26 18 28 11 22 9 21 12 25 16 30 13 29 17 18 19 21 20 23 22 26 2 7 24 30 4 11 29 6 3 12 5 15 28 8 1 13 27 9 0 14 25 10
1 2 3 5 4 7 6 10 19 24 8 14 20 27 15 23 17 26 18 28 11 22 9 21 12 25 16 30 13 29 19 20 21 23 22 25 24 28 4 9 26 1 6 13 0 8 5 14 7 17 30 10 3 15 29 11 2 16 27 12
1 2 3 5 4 7 6 10 19 24 8 14 20 27 15 23 17 26 18 28 11 22 9 21 12 25 16 30 13 29 22 23 24 26 25 28 27 0 7 12 29 4 9 16 3 11 8 17 10 20 2 13 6 18 1 14 5 19 30 15
1 2 3 5 4 7 6 10 19 24 8 14 20 27 15 23 17 26 18 28 11 22 9 21 12 25 16 30 13 29 23 24 25 27 26 29 28 1 8 13 30 5 10 17 4 12 9 18 11 21 3 14 7 19 2 15 6 20 0 16
1 2 3 5 4 7 6 10 19 24 8 14 20 27 15 23 17 26 18 28 11 22 9 21 12 25 16 30 13 29 24 25 26 28 27 30 29 2 9 14 0 6 11 18 5 13 10 19 12 22 4 15 8 20 3 16 7 21 1 17
1 2 3 5 4 7 6 10 19 24 8 14 20 27 15 23 17 26 18 28 11 22 9 21 12 25 16 30 13 29 6 7 8 10 9 12 11 15 21 26 13 19 24 0 25 2 18 27 22 1 17 28 23 4 16 29 20 3 14 30
1 2 3 5 4 7 6 10 19 24 8 14 20 27 15 23 17 26 18 28 11 22 9 21 12 25 16 30 13 29 11 12 13 15 14 17 16 20 26 0 18 24 29 5 30 7 23 1 27 6 22 2 28 9 21 3 25 8 19 4
1 2 3 5 4 7 6 10 19 24 8 14 20 27 15 23 17 26 18 28 11 22 9 21 12 25 16 30 13 29 15 16 17 19 18 21 20 24 30 4 22 28 2 9 3 11 27 5 0 10 26 6 1 13 25 7 29 12 23 8
1 2 3 5 4 7 6 10 19 24 8 14 20 27 15 23 17 26 18 28 11 22 9 21 12 25 16 30 13 29 16 17 18 20 19 22 21 25 0 5 23 29 3 10 4 12 28 6 1 11 27 7 2 14 26 8 30 13 24 9
1 2 3 5 4 7 6 10 19 24 8 14 20 27 15 23 17 26 18 28 11 22 9 21 12 25 16 30 13 29 18 19 20 22 21 24 23 27 2 7 25 0 5 12 6 14 30 8 3 13 29 9 4 16 28 10 1 15 26 11
1 2 3 5 4 7 6 10 19 24 8 14 20 27 15 23 17 26 18 28 11 22 9 21 12 25 16 30 13 29 19 20 21 23 22 25 24 28 3 8 26 1 6 13 7 15 0 9 4 14 30 10 5 17 29 11 2 16 27 12
1 2 3 5 4 7 6 10 19 24 8 14 20 27 15 23 17 26 18 28 11 22 9 21 12 25 16 30 13 29 21 22 23 25 24 27 26 30 5 10 28 3 8 15 9 17 2 11 6 16 1 12 7 19 0 13 4 18 29 14
1 2 3 5 4 7 6 10 19 24 8 14 20 27 15 23 17 26 18 28 11 22 9 21 12 25 16 30 13 29 22 23 24 26 25 28 27 0 6 11 29 4 9 16 10 18 3 12 7 17 2 13 8 20 1 14 5 19 30 15
1 2 3 5 4 7 6 10 19 24 8 14 20 27 15 23 17 26 18 28 11 22 9 21 12 25 16 30 13 29 24 25 26 28 27 30 29 2 8 13 0 6 11 18 12 20 5 14 9 19 4 15 10 22 3 16 7 21 1 17
1 2 3 5 4 7 6 10 19 24 8 14 20 27 15 23 17 26 18 28 11 22 9 21 12 25 16 30 13 29 28 29 30 1 0 3 2 6 12 17 4 10 15 22 16 24 9 18 13 23 8 19 14 26 7 20 11 25 5 21
1 2 3 5 4 7 6 10 19 24 8 14 20 27 15 23 17 26 18 28 11 22 9 21 12 25 16 30 13 29 7 8 9 11 10 13 12 16 22 27 14 20 21 28 26 3 23 1 25 4 18 29 24 5 17 30 19 2 15 0
1 2 3 5 4 7 6 10 19 24 8 14 20 27 15 23 17 26 18 28 11 22 9 21 12 25 16 30 13 29 9 10 11 13 12 15 14 18 24 29 16 22 23 30 28 5 25 3 27 6 20 0 26 7 19 1 21 4 17 2
1 2 3 5 4 7 6 10 19 24 8 14 20 27 15 23 17 26 18 28 11 22 9 21 12 25 16 30 13 29 10 11 12 14 13 16 15 19 25 30 17 23 24 0 29 6 26 4 28 7 21 1 27 8 20 2 22 5 18 3
1 2 3 5 4 7 6 10 19 24 8 14 20 27 15 23 17 26 18 28 11 22 9 21 12 25 16 30 13 29 12 13 14 16 15 18 17 21 27 1 19 25 26 2 0 8 28 6 30 9 23 3 29 10 22 4 24 7 20 5
1 2 3 5 4 7 6 10 19 24 8 14 20 27 15 23 17 26 18 28 11 22 9 21 12 25 16 30 13 29 17 18 19 21 20 23 22 26 1 6 24 30 0 7 5 13 2 11 4 14 28 8 3 15 27 9 29 12 25 10
1 2 3 5 4 7 6 10 19 24 8 14 20 27 15 23 17 26 18 28 11 22 9 21 12 25 16 30 13 29 21 22 23 25 24 27 26 30 5 10 28 3 4 11 9 17 6 15 8 18 1 12 7 19 0 13 2 16 29 14
1 2 3 5 4 7 6 10 19 24 8 14 20 27 15 23 17 26 18 28 11 22 9 21 12 25 16 30 13 29 22 23 24 26 25 28 27 0 6 11 29 4 5 12 10 18 7 16 9 19 2 13 8 20 1 14 3 17 30 15
1 2 3 5 4 7 6 10 19 24 8 14 20 27 15 23 17 26 18 28 11 22 9 21 12 25 16 30 13 29 9 10 11 13 12 15 14 18 24 29 16 22 23 30 26 3 27 5 28 7 20 0 25 6 19 1 21 4 17 2
1 2 3 5 4 7 6 10 19 24 8 14 20 27 15 23 17 26 18 28 11 22 9 21 12 25 16 30 13 29 16 17 18 20 19 22 21 25 0 5 23 29 30 6 2 10 3 12 4 14 27 7 1 13 26 8 28 11 24 9
1 2 3 5 4 7 6 10 19 24 8 14 20 27 15 23 17 26 18 28 11 22 9 21 12 25 16 30 13 29 17 18 19 21 20 23 22 26 1 6 24 30 0 7 3 11 4 13 5 15 28 8 2 14 27 9 29 12 25 10
1 2 3 5 4 7 6 10 19 24 8 14 20 27 15 23 17 26 18 28 11 22 9 21 12 25 16 30 13 29 22 23 24 26 25 28 27 0 6 11 29 4 5 12 8 16 9 18 10 20 2 13 7 19 1 14 3 17 30 15
1 2 3 5 4 7 6 10 19 24 8 14 20 27 15 23 17 26 18 28 11 22 9 21 12 25 16 30 13 29 23 24 25 27 26 29 28 1 7 12 30 5 6 13 9 17 10 19 11 21 3 14 8 20 2 15 4 18 0 16
1 2 3 5 4 7 6 10 19 24 8 14 20 27 15 23 17 26 18 28 11 22 9 21 12 25 16 30 13 29 26 27 28 30 29 1 0 4 10 15 2 8 9 16 12 20 13 22 14 24 6 17 11 23 5 18 7 21 3 19
1 2 3 5 4 7 6 10 19 24 8 14 20 27 15 23 17 26 18 28 11 22 9 21 12 25 16 30 13 29 28 29 30 1 0 3 2 6 12 17 4 10 11 18 14 22 15 24 16 26 8 19 13 25 7 20 9 23 5 21
1 2 3 5 4 7 6 10 19 24 8 14 20 27 15 23 17 26 18 28 11 22 9 21 12 25 16 30 13 29 8 9 10 12 11 14 13 17 25 30 15 21 22 29 20 28 26 4 27 6 23 3 24 5 18 0 19 2 16 1
1 2 3 5 4 7 6 10 19 24 8 14 20 27 15 23 17 26 18 28 11 22 9 21 12 25 16 30 13 29 11 12 13 15 14 17 16 20 28 2 18 24 25 1 23 0 29 7 30 9 26 6 27 8 21 3 22 5 19 4
1 2 3 5 4 7 6 10 19 24 8 14 20 27 15 23 17 26 18 28 11 22 9 21 12 25 16 30 13 29 16 17 18 20 19 22 21 25 2 7 23 29 30 6 28 5 3 12 4 14 0 11 1 13 26 8 27 10 24 9
1 2 3 5 4 7 6 10 19 24 8 14 20 27 15 23 17 26 18 28 11 22 9 21 12 25 16 30 13 29 19 20 21 23 22 25 24 28 5 10 26 1 2 9 0 8 6 15 7 17 3 14 4 16 29 11 30 13 27 12
1 2 3 5 4 7 6 10 19 24 8 14 20 27 15 23 17 26 18 28 11 22 9 21 12 25 16 30 13 29 21 22 23 25 24 27 26 30 7 12 28 3 4 11 2 10 8 17 9 19 5 16 6 18 0 13 1 15 29 14
1 2 3 5 4 7 6 10 19 24 8 14 20 27 15 23 17 26 18 28 11 22 9 21 12 25 16 30 13 29 22 23 24 26 25 28 27 0 8 13 29 4 5 12 3 11 9 18 10 20 6 17 7 19 1 14 2 16 30 15
1 2 3 5 4 7 6 10 19 24 8 14 20 27 15 23 17 26 18 28 11 22 9 21 12 25 16 30 13 29 23 24 25 27 26 29 28 1 9 14 30 5 6 13 4 12 10 19 11 21 7 18 8 20 2 15 3 17 0 16
1 2 3 5 4 7 6 10 19 24 8 14 20 27 15 23 17 26 18 28 11 22 9 21 12 25 16 30 13 29 25 26 27 29 28 0 30 3 11 16 1 7 8 15 6 14 12 21 13 23 9 20 10 22 4 17 5 19 2 18
1 2 3 5 4 7 6 10 19 24 8 14 20 27 15 23 17 26 18 28 11 22 9 21 12 25 16 30 13 29 26 27 28 30 29 1 0 4 12 17 2 8 9 16 7 15 13 22 14 24 10 21 11 23 5 18 6 20 3 19
1 2 3 5 4 7 6 10 19 24 8 14 20 27 15 23 17 26 18 28 11 22 9 21 12 25 16 30 13 29 0 1 2 4 3 6 5 9 17 22 7 13 14 21 12 20 18 27 19 29 15 26 16 28 10 23 11 25 8 24
1 2 3 5 4 7 6 10 19 24 8 14 20 27 15 23 17 26 18 28 11 22 9 21 12 25 16 30 13 29 7 8 9 11 10 13 12 16 24 29 14 20 21 28 19 27 26 4 23 2 25 5 22 3 17 30 18 1 15 0
1 2 3 5 4 7 6 10 19 24 8 14 20 27 15 23 17 26 18 28 11 22 9 21 12 25 16 30 13 29 8 9 10 12 11 14 13 17 25 30 15 21 22 29 20 28 27 5 24 3 26 6 23 4 18 0 19 2 16 1
1 2 3 5 4 7 6 10 19 24 8 14 20 27 15 23 17 26 18 28 11 22 9 21 12 25 16 30 13 29 9 10 11 13 12 15 14 18 26 0 16 22 23 30 21 29 28 6 25 4 27 7 24 5 19 1 20 3 17 2
1 2 3 5 4 7 6 10 19 24 8 14 20 27 15 23 17 26 18 28 11 22 9 21 12 25 16 30 13 29 11 12 13 15 14 17 16 20 28 2 18 24 25 1 23 0 30 8 27 6 29 9 26 7 21 3 22 5 19 4
1 2 3 5 4 7 6 10 19 24 8 14 20 27 15 23 17 26 18 28 11 22 9 21 12 25 16 30 13 29 12 13 14 16 15 18 17 21 29 3 19 25 26 2 24 1 0 9 28 7 30 10 27 8 22 4 23 6 20 5
1 2 3 5 4 7 6 10 19 24 8 14 20 27 15 23 17 26 18 28 11 22 9 21 12 25 16 30 13 29 14 15 16 18 17 20 19 23 0 5 21 27 28 4 26 3 2 11 30 9 1 12 29 10 24 6 25 8 22 7
1 2 3 5 4 7 6 10 19 24 8 14 20 27 15 23 17 26 18 28 11 22 9 21 12 25 16 30 13 29 15 16 17 19 18 21 20 24 1 6 22 28 29 5 27 4 3 12 0 10 2 13 30 11 25 7 26 9 23 8
1 2 3 5 4 7 6 10 19 24 8 14 20 27 15 23 17 26 18 28 11 22 9 21 12 25 16 30 13 29 23 24 25 27 26 29 28 1 9 14 30 5 6 13 4 12 11 20 8 18 10 21 7 19 2 15 3 17 0 16
1 2 3 5 4 7 6 10 19 24 8 14 20 27 15 23 17 26 18 28 11 22 9 21 12 25 16 30 13 29 26 27 28 30 29 1 0 4 12 17 2 8 9 16 7 15 14 23 11 21 13 24 10 22 5 18 6 20 3 19
1 2 3 5 4 7 6 10 19 24 8 14 20 27 15 23 17 26 18 28 11 22 9 21 12 25 16 30 13 29 27 28 29 0 30 2 1 5 13 18 3 9 10 17 8 16 15 24 12 22 14 25 11 23 6 19 7 21 4 20
1 2 3 5 4 7 6 10 19 24 8 14 20 27 15 23 17 26 18 28 11 22 9 21 12 25 16 30 13 29 28 29 30 1 0 3 2 6 14 19 4 10 11 18 9 17 16 25 13 23 15 26 12 24 7 20 8 22 5 21
1 2 3 5 4 7 6 10 19 24 8 14 20 27 15 23 17 26 18 28 11 22 9 21 12 25 16 30 13 29 0 1 2 4 3 6 5 9 17 22 7 13 14 21 12 20 19 28 16 26 18 29 15 27 10 23 11 25 8 24
1 2 3 5 4 7 6 10 19 24 8 14 20 27 15 23 17 26 18 28 11 22 9 21 12 25 16 30 13 29 4 5 6 8 7 10 9 13 20 25 11 17 19 26 16 24 23 1 21 0 22 2 18 30 14 27 15 29 12 28
1 2 3 5 4 7 6 10 19 24 8 14 20 27 15 23 17 26 18 28 11 22 9 21 12 25 16 30 13 29 8 9 10 12 11 14 13 17 24 29 15 21 23 30 20 28 27 5 25 4 26 6 22 3 18 0 19 2 16 1
1 2 3 5 4 7 6 10 19 24 8 14 20 27 15 23 17 26 18 28 11 22 9 21 12 25 16 30 13 29 9 10 11 13 12 15 14 18 25 30 16 22 24 0 21 29 28 6 26 5 27 7 23 4 19 1 20 3 17 2
1 2 3 5 4 7 6 10 19 24 8 14 20 27 15 23 17 26 18 28 11 22 9 21 12 25 16 30 13 29 10 11 12 14 13 16 15 19 26 0 17 23 25 1 22 30 29 7 27 6 28 8 24 5 20 2 21 4 18 3
1 2 3 5 4 7 6 10 19 24 8 14 20 27 15 23 17 26 18 28 11 22 9 21 12 25 16 30 13 29 14 15 16 18 17 20 19 23 30 4 21 27 29 5 26 3 2 11 0 10 1 12 28 9 24 6 25 8 22 7
1 2 3 5 4 7 6 10 19 24 8 14 20 27 15 23 17 26 18 28 11 22 9 21 12 25 16 30 13 29 15 16 17 19 18 21 20 24 0 5 22 28 30 6 27 4 3 12 1 11 2 13 29 10 25 7 26 9 23 8
1 2 3 5 4 7 6 10 19 24 8 14 20 27 15 23 17 26 18 28 11 22 9 21 12 25 16 30 13 29 19 20 21 23 22 25 24 28 4 9 26 1 3 10 0 8 7 16 5 15 6 17 2 14 29 11 30 13 27 12
1 2 3 5 4 7 6 10 19 24 8 14 20 27 15 23 17 26 18 28 11 22 9 21 12 25 16 30 13 29 25 26 27 29 28 0 30 3 10 15 1 7 9 16 6 14 13 22 11 21 12 23 8 20 4 17 5 19 2 18
1 2 3 5 4 7 6 10 19 24 8 14 20 27 15 23 17 26 18 28 11 22 9 21 12 25 16 30 13 29 27 28 29 0 30 2 1 5 12 17 3 9 11 18 8 16 15 24 13 23 14 25 10 22 6 19 7 21 4 20
1 2 3 5 4 7 6 10 19 24 8 14 20 27 15 23 17 26 18 28 11 22 9 21 12 25 16 30 13 29 0 1 2 4 3 6 5 9 16 21 7 13 15 22 12 20 19 28 17 27 18 29 14 26 10 23 11 25 8 24
1 2 3 5 4 7 6 10 19 24 8 14 20 27 15 23 17 26 18 28 11 22 9 21 12 25 16 30 13 29 6 7 8 10 9 12 11 15 22 27 13 19 21 28 18 26 24 2 25 4 23 3 20 1 16 29 17 0 14 30
1 2 3 5 4 7 6 10 19 24 8 14 20 27 15 23 17 26 18 28 11 22 9 21 12 25 16 30 13 29 8 9 10 12 11 14 13 17 24 29 15 21 23 30 20 28 26 4 27 6 25 5 22 3 18 0 19 2 16 1
1 2 3 5 4 7 6 10 19 24 8 14 20 27 15 23 17 26 18 28 11 22 9 21 12 25 16 30 13 29 10 11 12 14 13 16 15 19 26 0 17 23 25 1 22 30 28 6 29 8 27 7 24 5 20 2 21 4 18 3
1 2 3 5 4 7 6 10 19 24 8 14 20 27 15 23 17 26 18 28 11 22 9 21 12 25 16 30 13 29 11 12 13 15 14 17 16 20 27 1 18 24 26 2 23 0 29 7 30 9 28 8 25 6 21 3 22 5 19 4
1 2 3 5 4 7 6 10 19 24 8 14 20 27 15 23 17 26 18 28 11 22 9 21 12 25 16 30 13 29 16 17 18 20 19 22 21 25 1 6 23 29 0 7 28 5 3 12 4 14 2 13 30 11 26 8 27 10 24 9
1 2 3 5 4 7 6 10 19 24 8 14 20 27 15 23 17 26 18 28 11 22 9 21 12 25 16 30 13 29 19 20 21 23 22 25 24 28 4 9 26 1 3 10 0 8 6 15 7 17 5 16 2 14 29 11 30 13 27 12
1 2 3 5 4 7 6 10 19 24 8 14 20 27 15 23 17 26 18 28 11 22 9 21 12 25 16 30 13 29 21 22 23 25 24 27 26 30 6 11 28 3 5 12 2 10 8 17 9 19 7 18 4 16 0 13 1 15 29 14
1 2 3 5 4 7 6 10 19 24 8 14 20 27 15 23 17 26 18 28 11 22 9 21 12 25 16 30 13 29 27 28 29 0 30 2 1 5 12 17 3 9 11 18 8 16 14 23 15 25 13 24 10 22 6 19 7 21 4 20
1 2 3 5 4 7 6 10 19 24 8 14 20 27 15 23 17 26 18 28 11 22 9 21 12 25 16 30 13 29 0 1 2 4 3 6 5 9 16 21 7 13 15 22 12 20 18 27 19 29 17 28 14 26 10 23 11 25 8 24
1 2 3 5 4 7 6 10 19 24 8 14 20 27 15 23 17 26 18 28 11 22 9 21 12 25 16 30 13 29 7 8 9 11 10 13 12 16 22 27 14 20 26 2 21 29 19 28 25 4 23 3 24 5 17 30 18 1 15 0
1 2 3 5 4 7 6 10 19 24 8 14 20 27 15 23 17 26 18 28 11 22 9 21 12 25 16 30 13 29 9 10 11 13 12 15 14 18 24 29 16 22 28 4 23 0 21 30 27 6 25 5 26 7 19 1 20 3 17 2
1 2 3 5 4 7 6 10 19 24 8 14 20 27 15 23 17 26 18 28 11 22 9 21 12 25 16 30 13 29 10 11 12 14 13 16 15 19 25 30 17 23 29 5 24 1 22 0 28 7 26 6 27 8 20 2 21 4 18 3
1 2 3 5 4 7 6 10 19 24 8 14 20 27 15 23 17 26 18 28 11 22 9 21 12 25 16 30 13 29 11 12 13 15 14 17 16 20 26 0 18 24 30 6 25 2 23 1 29 8 27 7 28 9 21 3 22 5 19 4
1 2 3 5 4 7 6 10 19 24 8 14 20 27 15 23 17 26 18 28 11 22 9 21 12 25 16 30 13 29 13 14 15 17 16 19 18 22 28 2 20 26 1 8 27 4 25 3 0 10 29 9 30 11 23 5 24 7 21 6
1 2 3 5 4 7 6 10 19 24 8 14 20 27 15 23 17 26 18 28 11 22 9 21 12 25 16 30 13 29 15 16 17 19 18 21 20 24 30 4 22 28 3 10 29 6 27 5 2 12 0 11 1 13 25 7 26 9 23 8
1 2 3 5 4 7 6 10 19 24 8 14 20 27 15 23 17 26 18 28 11 22 9 21 12 25 16 30 13 29 18 19 20 22 21 24 23 27 2 7 25 0 6 13 1 9 30 8 5 15 3 14 4 16 28 10 29 12 26 11
1 2 3 5 4 7 6 10 19 24 8 14 20 27 15 23 17 26 18 28 11 22 9 21 12 25 16 30 13 29 19 20 21 23 22 25 24 28 3 8 26 1 7 14 2 10 0 9 6 16 4 15 5 17 29 11 30 13 27 12
1 2 3 5 4 7 6 10 19 24 8 14 20 27 15 23 17 26 18 28 11 22 9 21 12 25 16 30 13 29 20 21 22 24 23 26 25 29 4 9 27 2 8 15 3 11 1 10 7 17 5 16 6 18 30 12 0 14 28 13
1 2 3 5 4 7 6 10 19 24 8 14 20 27 15 23 17 26 18 28 11 22 9 21 12 25 16 30 13 29 21 22 23 25 24 27 26 30 5 10 28 3 9 16 4 12 2 11 8 18 6 17 7 19 0 13 1 15 29 14
1 2 3 5 4 7 6 10 19 24 8 14 20 27 15 23 17 26 18 28 11 22 9 21 12 25 16 30 13 29 27 28 29 0 30 2 1 5 11 16 3 9 15 22 10 18 8 17 14 24 12 23 13 25 6 19 7 21 4 20
1 2 3 5 4 7 6 10 19 24 8 14 20 27 15 23 17 26 18 28 11 22 9 21 12 25 16 30 13 29 28 29 30 1 0 3 2 6 12 17 4 10 16 23 11 19 9 18 15 25 13 24 14 26 7 20 8 22 5 21
1 2 3 5 4 7 6 10 19 24 8 14 20 27 15 23 17 26 18 28 11 22 9 21 12 25 16 30 13 29 8 9 10 12 11 14 13 17 23 28 15 21 27 3 22 30 20 29 25 4 26 6 24 5 18 0 19 2 16 1
1 2 3 5 4 7 6 10 19 24 8 14 20 27 15 23 17 26 18 28 11 22 9 21 12 25 16 30 13 29 9 10 11 13 12 15 14 18 24 29 16 22 28 4 23 0 21 30 26 5 27 7 25 6 19 1 20 3 17 2
1 2 3 5 4 7 6 10 19 24 8 14 20 27 15 23 17 26 18 28 11 22 9 21 12 25 16 30 13 29 13 14 15 17 16 19 18 22 28 2 20 26 1 8 27 4 25 3 30 9 0 11 29 10 23 5 24 7 21 6
1 2 3 5 4 7 6 10 19 24 8 14 20 27 15 23 17 26 18 28 11 22 9 21 12 25 16 30 13 29 14 15 16 18 17 20 19 23 29 3 21 27 2 9 28 5 26 4 0 10 1 12 30 11 24 6 25 8 22 7
1 2 3 5 4 7 6 10 19 24 8 14 20 27 15 23 17 26 18 28 11 22 9 21 12 25 16 30 13 29 18 19 20 22 21 24 23 27 2 7 25 0 6 13 1 9 30 8 4 14 5 16 3 15 28 10 29 12 26 11
1 2 3 5 4 7 6 10 19 24 8 14 20 27 15 23 17 26 18 28 11 22 9 21 12 25 16 30 13 29 23 24 25 27 26 29 28 1 7 12 30 5 11 18 6 14 4 13 9 19 10 21 8 20 2 15 3 17 0 16
1 2 3 5 4 7 6 10 19 24 8 14 20 27 15 23 17 26 18 28 11 22 9 21 12 25 16 30 13 29 26 27 28 30 29 1 0 4 10 15 2 8 14 21 9 17 7 16 12 22 13 24 11 23 5 18 6 20 3 19
1 2 3 5 4 7 6 10 19 24 8 14 20 27 15 23 17 26 18 28 11 22 9 21 12 25 16 30 13 29 27 28 29 0 30 2 1 5 11 16 3 9 15 22 10 18 8 17 13 23 14 25 12 24 6 19 7 21 4 20
1 2 3 5 4 7 6 10 19 24 8 14 20 27 15 23 17 26 18 28 11 22 9 21 12 25 16 30 13 29 29 30 0 2 1 4 3 7 13 18 5 11 17 24 12 20 10 19 15 25 16 27 14 26 8 21 9 23 6 22
1 2 3 5 4 7 6 10 19 24 8 14 20 27 15 23 17 26 18 28 11 22 9 21 12 25 16 30 13 29 11 12 13 15 14 17 16 20 26 0 18 24 25 1 29 6 30 8 23 2 27 7 28 9 21 3 22 5 19 4
1 2 3 5 4 7 6 10 19 24 8 14 20 27 15 23 17 26 18 28 11 22 9 21 12 25 16 30 13 29 12 13 14 16 15 18 17 21 27 1 19 25 26 2 30 7 0 9 24 3 28 8 29 10 22 4 23 6 20 5
1 2 3 5 4 7 6 10 19 24 8 14 20 27 15 23 17 26 18 28 11 22 9 21 12 25 16 30 13 29 14 15 16 18 17 20 19 23 29 3 21 27 28 4 1 9 2 11 26 5 30 10 0 12 24 6 25 8 22 7
1 2 3 5 4 7 6 10 19 24 8 14 20 27 15 23 17 26 18 28 11 22 9 21 12 25 16 30 13 29 15 16 17 19 18 21 20 24 30 4 22 28 29 5 2 10 3 12 27 6 0 11 1 13 25 7 26 9 23 8
1 2 3 5 4 7 6 10 19 24 8 14 20 27 15 23 17 26 18 28 11 22 9 21 12 25 16 30 13 29 16 17 18 20 19 22 21 25 0 5 23 29 30 6 3 11 4 13 28 7 1 12 2 14 26 8 27 10 24 9
1 2 3 5 4 7 6 10 19 24 8 14 20 27 15 23 17 26 18 28 11 22 9 21 12 25 16 30 13 29 18 19 20 22 21 24 23 27 2 7 25 0 1 8 5 13 6 15 30 9 3 14 4 16 28 10 29 12 26 11
1 2 3 5 4 7 6 10 19 24 8 14 20 27 15 23 17 26 18 28 11 22 9 21 12 25 16 30 13 29 19 20 21 23 22 25 24 28 3 8 26 1 2 9 6 14 7 16 0 10 4 15 5 17 29 11 30 13 27 12
1 2 3 5 4 7 6 10 19 24 8 14 20 27 15 23 17 26 18 28 11 22 9 21 12 25 16 30 13 29 25 26 27 29 28 0 30 3 9 14 1 7 8 15 12 20 13 22 6 16 10 21 11 23 4 17 5 19 2 18
1 2 3 5 4 7 6 10 19 24 8 14 20 27 15 23 17 26 18 28 11 22 9 21 12 25 16 30 13 29 8 9 10 12 11 14 13 17 23 28 15 21 22 29 27 4 25 3 20 30 26 6 24 5 18 0 19 2 16 1
1 2 3 5 4 7 6 10 19 24 8 14 20 27 15 23 17 26 18 28 11 22 9 21 12 25 16 30 13 29 9 10 11 13 12 15 14 18 24 29 16 22 23 30 28 5 26 4 21 0 27 7 25 6 19 1 20 3 17 2
1 2 3 5 4 7 6 10 19 24 8 14 20 27 15 23 17 26 18 28 11 22 9 21 12 25 16 30 13 29 12 13 14 16 15 18 17 21 27 1 19 25 26 2 0 8 29 7 24 3 30 10 28 9 22 4 23 6 20 5
1 2 3 5 4 7 6 10 19 24 8 14 20 27 15 23 17 26 18 28 11 22 9 21 12 25 16 30 13 29 16 17 18 20 19 22 21 25 0 5 23 29 30 6 4 12 2 11 28 7 3 14 1 13 26 8 27 10 24 9
1 2 3 5 4 7 6 10 19 24 8 14 20 27 15 23 17 26 18 28 11 22 9 21 12 25 16 30 13 29 18 19 20 22 21 24 23 27 2 7 25 0 1 8 6 14 4 13 30 9 5 16 3 15 28 10 29 12 26 11
1 2 3 5 4 7 6 10 19 24 8 14 20 27 15 23 17 26 18 28 11 22 9 21 12 25 16 30 13 29 25 26 27 29 28 0 30 3 9 14 1 7 8 15 13 21 11 20 6 16 12 23 10 22 4 17 5 19 2 18
1 2 3 5 4 7 6 10 19 24 8 14 20 27 15 23 17 26 18 28 11 22 9 21 12 25 16 30 13 29 26 27 28 30 29 1 0 4 10 15 2 8 9 16 14 22 12 21 7 17 13 24 11 23 5 18 6 20 3 19
1 2 3 5 4 7 6 10 19 24 8 14 20 27 15 23 17 26 18 28 11 22 9 21 12 25 16 30 13 29 6 7 8 10 9 12 11 15 26 0 23 29 13 20 22 30 24 2 17 27 14 25 16 28 21 3 18 1 19 4
1 2 3 5 4 7 6 10 19 24 8 14 20 27 15 23 17 26 18 28 11 22 9 21 12 25 16 30 13 29 8 9 10 12 11 14 13 17 28 2 25 0 15 22 24 1 26 4 19 29 16 27 18 30 23 5 20 3 21 6
1 2 3 5 4 7 6 10 19 24 8 14 20 27 15 23 17 26 18 28 11 22 9 21 12 25 16 30 13 29 9 10 11 13 12 15 14 18 29 3 26 1 16 23 25 2 27 5 20 30 17 28 19 0 24 6 21 4 22 7
1 2 3 5 4 7 6 10 19 24 8 14 20 27 15 23 17 26 18 28 11 22 9 21 12 25 16 30 13 29 16 17 18 20 19 22 21 25 5 10 2 8 23 30 1 9 3 12 27 6 24 4 26 7 0 13 28 11 29 14
1 2 3 5 4 7 6 10 19 24 8 14 20 27 15 23 17 26 18 28 11 22 9 21 12 25 16 30 13 29 17 18 19 21 20 23 22 26 6 11 3 9 24 0 2 10 4 13 28 7 25 5 27 8 1 14 29 12 30 15
1 2 3 5 4 7 6 10 19 24 8 14 20 27 15 23 17 26 18 28 11 22 9 21 12 25 16 30 13 29 20 21 22 24 23 26 25 29 9 14 6 12 27 3 5 13 7 16 0 10 28 8 30 11 4 17 1 15 2 18
1 2 3 5 4 7 6 10 19 24 8 14 20 27 15 23 17 26 18 28 11 22 9 21 12 25 16 30 13 29 21 22 23 25 24 27 26 30 10 15 7 13 28 4 6 14 8 17 1 11 29 9 0 12 5 18 2 16 3 19
1 2 3 5 4 7 6 10 19 24 8 14 20 27 15 23 17 26 18 28 11 22 9 21 12 25 16 30 13 29 26 27 28 30 29 1 0 4 15 20 12 18 2 9 11 19 13 22 6 16 3 14 5 17 10 23 7 21 8 24
1 2 3 5 4 7 6 10 19 24 8 14 20 27 15 23 17 26 18 28 11 22 9 21 12 25 16 30 13 29 5 6 7 9 8 11 10 14 25 30 22 28 12 19 21 29 23 1 16 26 13 24 15 27 18 0 20 3 17 2
1 2 3 5 4 7 6 10 19 24 8 14 20 27 15 23 17 26 18 28 11 22 9 21 12 25 16 30 13 29 8 9 10 12 11 14 13 17 28 2 25 0 15 22 24 1 26 4 19 29 16 27 18 30 21 3 23 6 20 5
1 2 3 5 4 7 6 10 19 24 8 14 20 27 15 23 17 26 18 28 11 22 9 21 12 25 16 30 13 29 11 12 13 15 14 17 16 20 0 5 28 3 18 25 27 4 29 7 22 1 19 30 21 2 24 6 26 9 23 8
1 2 3 5 4 7 6 10 19 24 8 14 20 27 15 23 17 26 18 28 11 22 9 21 12 25 16 30 13 29 16 17 18 20 19 22 21 25 5 10 2 8 23 30 1 9 3 12 27 6 24 4 26 7 29 11 0 14 28 13
1 2 3 5 4 7 6 10 19 24 8 14 20 27 15 23 17 26 18 28 11 22 9 21 12 25 16 30 13 29 19 20 21 23 22 25 24 28 8 13 5 11 26 2 4 12 6 15 30 9 27 7 29 10 1 14 3 17 0 16
1 2 3 5 4 7 6 10 19 24 8 14 20 27 15 23 17 26 18 28 11 22 9 21 12 25 16 30 13 29 24 25 26 28 27 30 29 2 13 18 10 16 0 7 9 17 11 20 4 14 1 12 3 15 6 19 8 22 5 21
1 2 3 5 4 7 6 10 19 24 8 14 20 27 15 23 17 26 18 28 11 22 9 21 12 25 16 30 13 29 25 26 27 29 28 0 30 3 14 19 11 17 1 8 10 18 12 21 5 15 2 13 4 16 7 20 9 23 6 22
1 2 3 5 4 7 6 10 19 24 8 14 20 27 15 23 17 26 18 28 11 22 9 21 12 25 16 30 13 29 26 27 28 30 29 1 0 4 15 20 12 18 2 9 11 19 13 22 6 16 3 14 5 17 8 21 10 24 7 23
1 2 3 5 4 7 6 10 19 24 8 14 20 27 15 23 17 26 18 28 11 22 9 21 12 25 16 30 13 29 28 29 30 1 0 3 2 6 17 22 14 20 4 11 13 21 15 24 8 18 5 16 7 19 10 23 12 26 9 25
1 2 3 5 4 7 6 10 19 24 8 14 20 27 15 23 17 26 18 28 11 22 9 21 12 25 16 30 13 29 6 7 8 10 9 12 11 15 26 0 24 30 13 20 21 29 23 1 17 27 14 25 16 28 22 4 19 2 18 3
1 2 3 5 4 7 6 10 19 24 8 14 20 27 15 23 17 26 18 28 11 22 9 21 12 25 16 30 13 29 11 12 13 15 14 17 16 20 0 5 29 4 18 25 26 3 28 6 22 1 19 30 21 2 27 9 24 7 23 8
1 2 3 5 4 7 6 10 19 24 8 14 20 27 15 23 17 26 18 28 11 22 9 21 12 25 16 30 13 29 15 16 17 19 18 21 20 24 4 9 2 8 22 29 30 7 1 10 26 5 23 3 25 6 0 13 28 11 27 12
1 2 3 5 4 7 6 10 19 24 8 14 20 27 15 23 17 26 18 28 11 22 9 21 12 25 16 30 13 29 22 23 24 26 25 28 27 0 11 16 9 15 29 5 6 14 8 17 2 12 30 10 1 13 7 20 4 18 3 19
1 2 3 5 4 7 6 10 19 24 8 14 20 27 15 23 17 26 18 28 11 22 9 21 12 25 16 30 13 29 24 25 26 28 27 30 29 2 13 18 11 17 0 7 8 16 10 19 4 14 1 12 3 15 9 22 6 20 5 21
1 2 3 5 4 7 6 10 19 24 8 14 20 27 15 23 17 26 18 28 11 22 9 21 12 25 16 30 13 29 25 26 27 29 28 0 30 3 14 19 12 18 1 8 9 17 11 20 5 15 2 13 4 16 10 23 7 21 6 22
1 2 3 5 4 7 6 10 19 24 8 14 20 27 15 23 17 26 18 28 11 22 9 21 12 25 16 30 13 29 28 29 30 1 0 3 2 6 17 22 15 21 4 11 12 20 14 23 8 18 5 16 7 19 13 26 10 24 9 25
1 2 3 5 4 7 6 10 19 24 8 14 20 27 15 23 17 26 18 28 11 22 9 21 12 25 16 30 13 29 5 6 7 9 8 11 10 14 25 30 22 28 12 19 23 0 20 29 16 26 13 24 15 27 21 3 18 1 17 2
1 2 3 5 4 7 6 10 19 24 8 14 20 27 15 23 17 26 18 28 11 22 9 21 12 25 16 30 13 29 8 9 10 12 11 14 13 17 28 2 25 0 15 22 26 3 23 1 19 29 16 27 18 30 24 6 21 4 20 5
1 2 3 5 4 7 6 10 19 24 8 14 20 27 15 23 17 26 18 28 11 22 9 21 12 25 16 30 13 29 11 12 13 15 14 17 16 20 0 5 28 3 18 25 29 6 26 4 22 1 19 30 21 2 27 9 24 7 23 8
1 2 3 5 4 7 6 10 19 24 8 14 20 27 15 23 17 26 18 28 11 22 9 21 12 25 16 30 13 29 15 16 17 19 18 21 20 24 4 9 1 7 22 29 2 10 30 8 26 5 23 3 25 6 0 13 28 11 27 12
1 2 3 5 4 7 6 10 19 24 8 14 20 27 15 23 17 26 18 28 11 22 9 21 12 25 16 30 13 29 17 18 19 21 20 23 22 26 6 11 3 9 24 0 4 12 1 10 28 7 25 5 27 8 2 15 30 13 29 14
1 2 3 5 4 7 6 10 19 24 8 14 20 27 15 23 17 26 18 28 11 22 9 21 12 25 16 30 13 29 25 26 27 29 28 0 30 3 14 19 11 17 1 8 12 20 9 18 5 15 2 13 4 16 10 23 7 21 6 22
1 2 3 5 4 7 6 10 19 24 8 14 20 27 15 23 17 26 18 28 11 22 9 21 12 25 16 30 13 29 5 6 7 9 8 11 10 14 23 28 25 0 12 19 22 30 20 29 16 26 13 24 15 27 21 3 18 1 17 2
1 2 3 5 4 7 6 10 19 24 8 14 20 27 15 23 17 26 18 28 11 22 9 21 12 25 16 30 13 29 15 16 17 19 18 21 20 24 2 7 4 10 22 29 1 9 30 8 26 5 23 3 25 6 0 13 28 11 27 12
1 2 3 5 4 7 6 10 19 24 8 14 20 27 15 23 17 26 18 28 11 22 9 21 12 25 16 30 13 29 16 17 18 20 19 22 21 25 3 8 5 11 23 30 2 10 0 9 27 6 24 4 26 7 1 14 29 12 28 13
1 2 3 5 4 7 6 10 19 24 8 14 20 27 15 23 17 26 18 28 11 22 9 21 12 25 16 30 13 29 17 18 19 21 20 23 22 26 4 9 6 12 24 0 3 11 1 10 28 7 25 5 27 8 2 15 30 13 29 14
1 2 3 5 4 7 6 10 19 24 8 14 20 27 15 23 17 26 18 28 11 22 9 21 12 25 16 30 13 29 21 22 23 25 24 27 26 30 8 13 10 16 28 4 7 15 5 14 1 11 29 9 0 12 6 19 3 17 2 18
1 2 3 5 4 7 6 10 19 24 8 14 20 27 15 23 17 26 18 28 11 22 9 21 12 25 16 30 13 29 22 23 24 26 25 28 27 0 9 14 11 17 29 5 8 16 6 15 2 12 30 10 1 13 7 20 4 18 3 19
1 2 3 5 4 7 6 10 19 24 8 14 20 27 15 23 17 26 18 28 11 22 9 21 12 25 16 30 13 29 26 27 28 30 29 1 0 4 13 18 15 21 2 9 12 20 10 19 6 16 3 14 5 17 11 24 8 22 7 23
1 2 3 5 4 7 6 10 19 24 8 14 20 27 15 23 17 26 18 28 11 22 9 21 12 25 16 30 13 29 5 6 7 9 8 11 10 14 23 28 20 26 12 19 25 2 21 30 22 1 13 24 15 27 16 29 17 0 18 3
1 2 3 5 4 7 6 10 19 24 8 14 20 27 15 23 17 26 18 28 11 22 9 21 12 25 16 30 13 29 10 11 12 14 13 16 15 19 28 2 25 0 17 24 30 7 26 4 27 6 18 29 20 1 21 3 22 5 23 8
1 2 3 5 4 7 6 10 19 24 8 14 20 27 15 23 17 26 18 28 11 22 9 21 12 25 16 30 13 29 12 13 14 16 15 18 17 21 30 4 27 2 19 26 1 9 28 6 29 8 20 0 22 3 23 5 24 7 25 10
1 2 3 5 4 7 6 10 19 24 8 14 20 27 15 23 17 26 18 28 11 22 9 21 12 25 16 30 13 29 14 15 16 18 17 20 19 23 1 6 29 4 21 28 3 11 30 8 0 10 22 2 24 5 25 7 26 9 27 12
1 2 3 5 4 7 6 10 19 24 8 14 20 27 15 23 17 26 18 28 11 22 9 21 12 25 16 30 13 29 21 22 23 25 24 27 26 30 8 13 5 11 28 4 10 18 6 15 7 17 29 9 0 12 1 14 2 16 3 19
1 2 3 5 4 7 6 10 19 24 8 14 20 27 15 23 17 26 18 28 11 22 9 21 12 25 16 30 13 29 28 29 30 1 0 3 2 6 15 20 12 18 4 11 17 25 13 22 14 24 5 16 7 19 8 21 9 23 10 26
1 2 3 5 4 7 6 10 19 24 8 14 20 27 15 23 17 26 18 28 11 22 9 21 12 25 16 30 13 29 29 30 0 2 1 4 3 7 16 21 13 19 5 12 18 26 14 23 15 25 6 17 8 20 9 22 10 24 11 27
1 2 3 5 4 7 6 10 19 24 8 14 20 27 15 23 17 26 18 28 11 22 9 21 12 25 16 30 13 29 15 16 17 19 18 21 20 24 0 5 1 7 22 29 4 12 2 11 30 9 23 3 25 6 26 8 27 10 28 13
1 2 3 5 4 7 6 10 19 24 8 14 20 27 15 23 17 26 18 28 11 22 9 21 12 25 16 30 13 29 16 17 18 20 19 22 21 25 1 6 2 8 23 30 5 13 3 12 0 10 24 4 26 7 27 9 28 11 29 14
1 2 3 5 4 7 6 10 19 24 8 14 20 27 15 23 17 26 18 28 11 22 9 21 12 25 16 30 13 29 17 18 19 21 20 23 22 26 2 7 3 9 24 0 6 14 4 13 1 11 25 5 27 8 28 10 29 12 30 15
1 2 3 5 4 7 6 10 19 24 8 14 20 27 15 23 17 26 18 28 11 22 9 21 12 25 16 30 13 29 20 21 22 24 23 26 25 29 5 10 6 12 27 3 9 17 7 16 4 14 28 8 30 11 0 13 1 15 2 18
1 2 3 5 4 7 6 10 19 24 8 14 20 27 15 23 17 26 18 28 11 22 9 21 12 25 16 30 13 29 25 26 27 29 28 0 30 3 10 15 11 17 1 8 14 22 12 21 9 19 2 13 4 16 5 18 6 20 7 23
1 2 3 5 4 7 6 10 19 24 8 14 20 27 15 23 17 26 18 28 11 22 9 21 12 25 16 30 13 29 27 28 29 0 30 2 1 5 12 17 13 19 3 10 16 24 14 23 11 21 4 15 6 18 7 20 8 22 9 25
1 2 3 5 4 7 6 10 19 24 8 14 20 27 15 23 17 26 18 28 11 22 9 21 12 25 16 30 13 29 29 30 0 2 1 4 3 7 14 19 15 21 5 12 18 26 16 25 13 23 6 17 8 20 9 22 10 24 11 27
1 2 3 5 4 7 6 10 19 24 8 14 20 27 15 23 17 26 18 28 11 22 9 21 12 25 16 30 13 29 15 16 17 19 18 21 20 24 2 7 4 10 22 29 28 5 0 9 1 11 23 3 25 6 26 8 30 13 27 12
1 2 3 5 4 7 6 10 19 24 8 14 20 27 15 23 17 26 18 28 11 22 9 21 12 25 16 30 13 29 20 21 22 24 23 26 25 29 7 12 9 15 27 3 2 10 5 14 6 16 28 8 30 11 0 13 4 18 1 17
1 2 3 5 4 7 6 10 19 24 8 14 20 27 15 23 17 26 18 28 11 22 9 21 12 25 16 30 13 29 21 22 23 25 24 27 26 30 8 13 10 16 28 4 3 11 6 15 7 17 29 9 0 12 1 14 5 19 2 18
1 2 3 5 4 7 6 10 19 24 8 14 20 27 15 23 17 26 18 28 11 22 9 21 12 25 16 30 13 29 28 29 30 1 0 3 2 6 15 20 17 23 4 11 10 18 13 22 14 24 5 16 7 19 8 21 12 26 9 25
1 2 3 5 4 7 6 10 19 24 8 14 20 27 15 23 17 26 18 28 11 22 9 21 12 25 16 30 13 29 11 12 13 15 14 17 16 20 0 5 28 3 18 25 24 1 29 7 27 6 19 30 21 2 22 4 26 9 23 8
1 2 3 5 4 7 6 10 19 24 8 14 20 27 15 23 17 26 18 28 11 22 9 21 12 25 16 30 13 29 19 20 21 23 22 25 24 28 8 13 5 11 26 2 1 9 6 15 4 14 27 7 29 10 30 12 3 17 0 16
1 2 3 5 4 7 6 10 19 24 8 14 20 27 15 23 17 26 18 28 11 22 9 21 12 25 16 30 13 29 20 21 22 24 23 26 25 29 9 14 6 12 27 3 2 10 7 16 5 15 28 8 30 11 0 13 4 18 1 17
1 2 3 5 4 7 6 10 19 24 8 14 20 27 15 23 17 26 18 28 11 22 9 21 12 25 16 30 13 29 21 22 23 25 24 27 26 30 10 15 7 13 28 4 3 11 8 17 6 16 29 9 0 12 1 14 5 19 2 18
1 2 3 5 4 7 6 10 19 24 8 14 20 27 15 23 17 26 18 28 11 22 9 21 12 25 16 30 13 29 25 26 27 29 28 0 30 3 14 19 11 17 1 8 7 15 12 21 10 20 2 13 4 16 5 18 9 23 6 22
1 2 3 5 4 7 6 10 19 24 8 14 20 27 15 23 17 26 18 28 11 22 9 21 12 25 16 30 13 29 28 29 30 1 0 3 2 6 17 22 14 20 4 11 10 18 15 24 13 23 5 16 7 19 8 21 12 26 9 25
1 2 3 5 4 7 6 10 19 24 8 14 20 27 15 23 17 26 18 28 11 22 9 21 12 25 16 30 13 29 2 3 4 6 5 8 7 11 18 23 22 28 9 16 19 27 20 29 15 25 10 21 12 24 13 26 17 0 14 30
1 2 3 5 4 7 6 10 19 24 8 14 20 27 15 23 17 26 18 28 11 22 9 21 12 25 16 30 13 29 15 16 17 19 18 21 20 24 0 5 4 10 22 29 1 9 2 11 28 7 23 3 25 6 26 8 30 13 27 12
1 2 3 5 4 7 6 10 19 24 8 14 20 27 15 23 17 26 18 28 11 22 9 21 12 25 16 30 13 29 20 21 22 24 23 26 25 29 5 10 9 15 27 3 6 14 7 16 2 12 28 8 30 11 0 13 4 18 1 17
1 2 3 5 4 7 6 10 19 24 8 14 20 27 15 23 17 26 18 28 11 22 9 21 12 25 16 30 13 29 21 22 23 25 24 27 26 30 6 11 10 16 28 4 7 15 8 17 3 13 29 9 0 12 1 14 5 19 2 18
1 2 3 5 4 7 6 10 19 24 8 14 20 27 15 23 17 26 18 28 11 22 9 21 12 25 16 30 13 29 27 28 29 0 30 2 1 5 12 17 16 22 3 10 13 21 14 23 9 19 4 15 6 18 7 20 11 25 8 24
1 2 3 5 4 7 6 10 19 24 8 14 20 27 15 23 17 26 18 28 11 22 9 21 12 25 16 30 13 29 6 7 8 10 9 12 11 15 24 29 21 27 13 20 23 0 26 4 22 1 14 25 16 28 17 30 19 2 18 3
1 2 3 5 4 7 6 10 19 24 8 14 20 27 15 23 17 26 18 28 11 22 9 21 12 25 16 30 13 29 10 11 12 14 13 16 15 19 28 2 25 0 17 24 27 4 30 8 26 5 18 29 20 1 21 3 23 6 22 7
1 2 3 5 4 7 6 10 19 24 8 14 20 27 15 23 17 26 18 28 11 22 9 21 12 25 16 30 13 29 11 12 13 15 14 17 16 20 29 3 26 1 18 25 28 5 0 9 27 6 19 30 21 2 22 4 24 7 23 8
1 2 3 5 4 7 6 10 19 24 8 14 20 27 15 23 17 26 18 28 11 22 9 21 12 25 16 30 13 29 17 18 19 21 20 23 22 26 4 9 1 7 24 0 3 11 6 15 2 12 25 5 27 8 28 10 30 13 29 14
1 2 3 5 4 7 6 10 19 24 8 14 20 27 15 23 17 26 18 28 11 22 9 21 12 25 16 30 13 29 19 20 21 23 22 25 24 28 6 11 3 9 26 2 5 13 8 17 4 14 27 7 29 10 30 12 1 15 0 16
1 2 3 5 4 7 6 10 19 24 8 14 20 27 15 23 17 26 18 28 11 22 9 21 12 25 16 30 13 29 20 21 22 24 23 26 25 29 7 12 4 10 27 3 6 14 9 18 5 15 28 8 30 11 0 13 2 16 1 17
1 2 3 5 4 7 6 10 19 24 8 14 20 27 15 23 17 26 18 28 11 22 9 21 12 25 16 30 13 29 21 22 23 25 24 27 26 30 8 13 5 11 28 4 7 15 10 19 6 16 29 9 0 12 1 14 3 17 2 18
1 2 3 5 4 7 6 10 19 24 8 14 20 27 15 23 17 26 18 28 11 22 9 21 12 25 16 30 13 29 22 23 24 26 25 28 27 0 9 14 6 12 29 5 8 16 11 20 7 17 30 10 1 13 2 15 4 18 3 19
1 2 3 5 4 7 6 10 19 24 8 14 20 27 15 23 17 26 18 28 11 22 9 21 12 25 16 30 13 29 26 27 28 30 29 1 0 4 13 18 10 16 2 9 12 20 15 24 11 21 3 14 5 17 6 19 8 22 7 23
1 2 3 5 4 7 6 10 19 24 8 14 20 27 15 23 17 26 18 28 11 22 9 21 12 25 16 30 13 29 5 6 7 9 8 11 10 14 21 26 22 28 12 19 23 0 25 3 20 30 13 24 15 27 16 29 18 1 17 2
1 2 3 5 4 7 6 10 19 24 8 14 20 27 15 23 17 26 18 28 11 22 9 21 12 25 16 30 13 29 8 9 10 12 11 14 13 17 24 29 25 0 15 22 26 3 28 6 23 2 16 27 18 30 19 1 21 4 20 5
1 2 3 5 4 7 6 10 19 24 8 14 20 27 15 23 17 26 18 28 11 22 9 21 12 25 16 30 13 29 11 12 13 15 14 17 16 20 27 1 28 3 18 25 29 6 0 9 26 5 19 30 21 2 22 4 24 7 23 8
1 2 3 5 4 7 6 10 19 24 8 14 20 27 15 23 17 26 18 28 11 22 9 21 12 25 16 30 13 29 14 15 16 18 17 20 19 23 30 4 0 6 21 28 1 9 3 12 29 8 22 2 24 5 25 7 27 10 26 11
1 2 3 5 4 7 6 10 19 24 8 14 20 27 15 23 17 26 18 28 11 22 9 21 12 25 16 30 13 29 15 16 17 19 18 21 20 24 0 5 1 7 22 29 2 10 4 13 30 9 23 3 25 6 26 8 28 11 27 12
1 2 3 5 4 7 6 10 19 24 8 14 20 27 15 23 17 26 18 28 11 22 9 21 12 25 16 30 13 29 17 18 19 21 20 23 22 26 2 7 3 9 24 0 4 12 6 15 1 11 25 5 27 8 28 10 30 13 29 14
1 2 3 5 4 7 6 10 19 24 8 14 20 27 15 23 17 26 18 28 11 22 9 21 12 25 16 30 13 29 19 20 21 23 22 25 24 28 4 9 5 11 26 2 6 14 8 17 3 13 27 7 29 10 30 12 1 15 0 16
1 2 3 5 4 7 6 10 19 24 8 14 20 27 15 23 17 26 18 28 11 22 9 21 12 25 16 30 13 29 20 21 22 24 23 26 25 29 5 10 6 12 27 3 7 15 9 18 4 14 28 8 30 11 0 13 2 16 1 17
1 2 3 5 4 7 6 10 19 24 8 14 20 27 15 23 17 26 18 28 11 22 9 21 12 25 16 30 13 29 21 22 23 25 24 27 26 30 6 11 7 13 28 4 8 16 10 19 5 15 29 9 0 12 1 14 3 17 2 18
1 2 3 5 4 7 6 10 19 24 8 14 20 27 15 23 17 26 18 28 11 22 9 21 12 25 16 30 13 29 27 28 29 0 30 2 1 5 12 17 13 19 3 10 14 22 16 25 11 21 4 15 6 18 7 20 9 23 8 24
1 2 3 5 4 7 6 10 19 24 8 14 20 27 15 23 17 26 18 28 11 22 9 21 12 25 16 30 13 29 6 7 8 10 9 12 11 15 24 29 26 1 13 20 22 30 18 27 23 2 14 25 16 28 21 3 17 0 19 4
1 2 3 5 4 7 6 10 19 24 8 14 20 27 15 23 17 26 18 28 11 22 9 21 12 25 16 30 13 29 10 11 12 14 13 16 15 19 28 2 30 5 17 24 26 3 22 0 27 6 18 29 20 1 25 7 21 4 23 8
1 2 3 5 4 7 6 10 19 24 8 14 20 27 15 23 17 26 18 28 11 22 9 21 12 25 16 30 13 29 12 13 14 16 15 18 17 21 30 4 1 7 19 26 28 5 24 2 29 8 20 0 22 3 27 9 23 6 25 10
1 2 3 5 4 7 6 10 19 24 8 14 20 27 15 23 17 26 18 28 11 22 9 21 12 25 16 30 13 29 21 22 23 25 24 27 26 30 8 13 10 16 28 4 6 14 2 11 7 17 29 9 0 12 5 18 1 15 3 19
1 2 3 5 4 7 6 10 19 24 8 14 20 27 15 23 17 26 18 28 11 22 9 21 12 25 16 30 13 29 22 23 24 26 25 28 27 0 9 14 11 17 29 5 7 15 3 12 8 18 30 10 1 13 6 19 2 16 4 20
1 2 3 5 4 7 6 10 19 24 8 14 20 27 15 23 17 26 18 28 11 22 9 21 12 25 16 30 13 29 26 27 28 30 29 1 0 4 13 18 15 21 2 9 11 19 7 16 12 22 3 14 5 17 10 23 6 20 8 24
1 2 3 5 4 7 6 10 19 24 8 14 20 27 15 23 17 26 18 28 11 22 9 21 12 25 16 30 13 29 27 28 29 0 30 2 1 5 14 19 16 22 3 10 12 20 8 17 13 23 4 15 6 18 11 24 7 21 9 25
1 2 3 5 4 7 6 10 19 24 8 14 20 27 15 23 17 26 18 28 11 22 9 21 12 25 16 30 13 29 10 11 12 14 13 16 15 19 28 2 30 5 17 24 23 0 25 3 27 6 18 29 20 1 26 8 21 4 22 7
1 2 3 5 4 7 6 10 19 24 8 14 20 27 15 23 17 26 18 28 11 22 9 21 12 25 16 30 13 29 15 16 17 19 18 21 20 24 2 7 4 10 22 29 28 5 30 8 1 11 23 3 25 6 0 13 26 9 27 12
1 2 3 5 4 7 6 10 19 24 8 14 20 27 15 23 17 26 18 28 11 22 9 21 12 25 16 30 13 29 26 27 28 30 29 1 0 4 13 18 15 21 2 9 8 16 10 19 12 22 3 14 5 17 11 24 6 20 7 23
1 2 3 5 4 7 6 10 19 24 8 14 20 27 15 23 17 26 18 28 11 22 9 21 12 25 16 30 13 29 6 7 8 10 9 12 11 15 24 29 21 27 13 20 22 30 26 4 23 2 14 25 16 28 19 1 17 0 18 3
1 2 3 5 4 7 6 10 19 24 8 14 20 27 15 23 17 26 18 28 11 22 9 21 12 25 16 30 13 29 11 12 13 15 14 17 16 20 29 3 26 1 18 25 27 4 0 9 28 7 19 30 21 2 24 6 22 5 23 8
1 2 3 5 4 7 6 10 19 24 8 14 20 27 15 23 17 26 18 28 11 22 9 21 12 25 16 30 13 29 21 22 23 25 24 27 26 30 8 13 5 11 28 4 6 14 10 19 7 17 29 9 0 12 3 16 1 15 2 18
1 2 3 5 4 7 6 10 19 24 8 14 20 27 15 23 17 26 18 28 11 22 9 21 12 25 16 30 13 29 22 23 24 26 25 28 27 0 9 14 6 12 29 5 7 15 11 20 8 18 30 10 1 13 4 17 2 16 3 19
1 2 3 5 4 7 6 10 19 24 8 14 20 27 15 23 17 26 18 28 11 22 9 21 12 25 16 30 13 29 6 7 8 10 9 12 11 15 22 27 24 30 13 20 21 29 26 4 23 2 14 25 16 28 19 1 17 0 18 3
1 2 3 5 4 7 6 10 19 24 8 14 20 27 15 23 17 26 18 28 11 22 9 21 12 25 16 30 13 29 7 8 9 11 10 13 12 16 23 28 25 0 14 21 22 30 27 5 24 3 15 26 17 29 20 2 18 1 19 4
1 2 3 5 4 7 6 10 19 24 8 14 20 27 15 23 17 26 18 28 11 22 9 21 12 25 16 30 13 29 10 11 12 14 13 16 15 19 26 0 28 3 17 24 25 2 30 8 27 6 18 29 20 1 23 5 21 4 22 7
1 2 3 5 4 7 6 10 19 24 8 14 20 27 15 23 17 26 18 28 11 22 9 21 12 25 16 30 13 29 16 17 18 20 19 22 21 25 1 6 3 9 23 30 0 8 5 14 2 12 24 4 26 7 29 11 27 10 28 13
1 2 3 5 4 7 6 10 19 24 8 14 20 27 15 23 17 26 18 28 11 22 9 21 12 25 16 30 13 29 24 25 26 28 27 30 29 2 9 14 11 17 0 7 8 16 13 22 10 20 1 12 3 15 6 19 4 18 5 21
1 2 3 5 4 7 6 10 19 24 8 14 20 27 15 23 17 26 18 28 11 22 9 21 12 25 16 30 13 29 25 26 27 29 28 0 30 3 10 15 12 18 1 8 9 17 14 23 11 21 2 13 4 16 7 20 5 19 6 22
1 2 3 5 4 7 6 10 19 24 8 14 20 27 15 23 17 26 18 28 11 22 9 21 12 25 16 30 13 29 26 27 28 30 29 1 0 4 11 16 13 19 2 9 10 18 15 24 12 22 3 14 5 17 8 21 6 20 7 23
1 2 3 5 4 7 6 10 19 24 8 14 20 27 15 23 17 26 18 28 11 22 9 21 12 25 16 30 13 29 27 28 29 0 30 2 1 5 12 17 14 20 3 10 11 19 16 25 13 23 4 15 6 18 9 22 7 21 8 24
1 2 3 5 4 7 6 10 19 24 8 14 20 27 15 23 17 26 18 28 11 22 9 21 12 25 16 30 13 29 8 9 10 12 11 14 13 17 28 2 25 0 15 22 24 1 20 29 26 5 16 27 18 30 21 3 23 6 19 4
1 2 3 5 4 7 6 10 19 24 8 14 20 27 15 23 17 26 18 28 11 22 9 21 12 25 16 30 13 29 9 10 11 13 12 15 14 18 29 3 26 1 16 23 25 2 21 30 27 6 17 28 19 0 22 4 24 7 20 5
1 2 3 5 4 7 6 10 19 24 8 14 20 27 15 23 17 26 18 28 11 22 9 21 12 25 16 30 13 29 16 17 18 20 19 22 21 25 5 10 2 8 23 30 1 9 28 6 3 13 24 4 26 7 29 11 0 14 27 12
1 2 3 5 4 7 6 10 19 24 8 14 20 27 15 23 17 26 18 28 11 22 9 21 12 25 16 30 13 29 19 20 21 23 22 25 24 28 8 13 5 11 26 2 4 12 0 9 6 16 27 7 29 10 1 14 3 17 30 15
1 2 3 5 4 7 6 10 19 24 8 14 20 27 15 23 17 26 18 28 11 22 9 21 12 25 16 30 13 29 21 22 23 25 24 27 26 30 10 15 7 13 28 4 6 14 2 11 8 18 29 9 0 12 3 16 5 19 1 17
1 2 3 5 4 7 6 10 19 24 8 14 20 27 15 23 17 26 18 28 11 22 9 21 12 25 16 30 13 29 24 25 26 28 27 30 29 2 13 18 10 16 0 7 9 17 5 14 11 21 1 12 3 15 6 19 8 22 4 20
1 2 3 5 4 7 6 10 19 24 8 14 20 27 15 23 17 26 18 28 11 22 9 21 12 25 16 30 13 29 8 9 10 12 11 14 13 17 24 29 26 1 15 22 28 5 25 3 21 0 16 27 18 30 20 2 23 6 19 4
1 2 3 5 4 7 6 10 19 24 8 14 20 27 15 23 17 26 18 28 11 22 9 21 12 25 16 30 13 29 11 12 13 15 14 17 16 20 27 1 29 4 18 25 0 8 28 6 24 3 19 30 21 2 23 5 26 9 22 7
1 2 3 5 4 7 6 10 19 24 8 14 20 27 15 23 17 26 18 28 11 22 9 21 12 25 16 30 13 29 14 15 16 18 17 20 19 23 30 4 1 7 21 28 3 11 0 9 27 6 22 2 24 5 26 8 29 12 25 10
1 2 3 5 4 7 6 10 19 24 8 14 20 27 15 23 17 26 18 28 11 22 9 21 12 25 16 30 13 29 15 16 17 19 18 21 20 24 0 5 2 8 22 29 4 12 1 10 28 7 23 3 25 6 27 9 30 13 26 11
1 2 3 5 4 7 6 10 19 24 8 14 20 27 15 23 17 26 18 28 11 22 9 21 12 25 16 30 13 29 16 17 18 20 19 22 21 25 1 6 3 9 23 30 5 13 2 11 29 8 24 4 26 7 28 10 0 14 27 12
1 2 3 5 4 7 6 10 19 24 8 14 20 27 15 23 17 26 18 28 11 22 9 21 12 25 16 30 13 29 19 20 21 23 22 25 24 28 4 9 6 12 26 2 8 16 5 14 1 11 27 7 29 10 0 13 3 17 30 15
1 2 3 5 4 7 6 10 19 24 8 14 20 27 15 23 17 26 18 28 11 22 9 21 12 25 16 30 13 29 22 23 24 26 25 28 27 0 7 12 9 15 29 5 11 19 8 17 4 14 30 10 1 13 3 16 6 20 2 18
1 2 3 5 4 7 6 10 19 24 8 14 20 27 15 23 17 26 18 28 11 22 9 21 12 25 16 30 13 29 24 25 26 28 27 30 29 2 9 14 11 17 0 7 13 21 10 19 6 16 1 12 3 15 5 18 8 22 4 20
1 2 3 5 4 7 6 10 19 24 8 14 20 27 15 23 17 26 18 28 11 22 9 21 12 25 16 30 13 29 29 30 0 2 1 4 3 7 14 19 16 22 5 12 18 26 15 24 11 21 6 17 8 20 10 23 13 27 9 25
1 2 3 5 4 7 6 10 19 24 8 14 20 27 15 23 17 26 18 28 11 22 9 21 12 25 16 30 13 29 6 7 8 10 9 12 11 15 26 0 23 29 13 20 19 27 21 30 24 3 14 25 16 28 22 4 18 1 17 2
1 2 3 5 4 7 6 10 19 24 8 14 20 27 15 23 17 26 18 28 11 22 9 21 12 25 16 30 13 29 7 8 9 11 10 13 12 16 27 1 24 30 14 21 20 28 22 0 25 4 15 26 17 29 23 5 19 2 18 3
1 2 3 5 4 7 6 10 19 24 8 14 20 27 15 23 17 26 18 28 11 22 9 21 12 25 16 30 13 29 15 16 17 19 18 21 20 24 4 9 1 7 22 29 28 5 30 8 2 12 23 3 25 6 0 13 27 10 26 11
1 2 3 5 4 7 6 10 19 24 8 14 20 27 15 23 17 26 18 28 11 22 9 21 12 25 16 30 13 29 17 18 19 21 20 23 22 26 6 11 3 9 24 0 30 7 1 10 4 14 25 5 27 8 2 15 29 12 28 13
1 2 3 5 4 7 6 10 19 24 8 14 20 27 15 23 17 26 18 28 11 22 9 21 12 25 16 30 13 29 6 7 8 10 9 12 11 15 22 27 24 30 13 20 23 0 26 4 19 29 14 25 16 28 21 3 18 1 17 2
1 2 3 5 4 7 6 10 19 24 8 14 20 27 15 23 17 26 18 28 11 22 9 21 12 25 16 30 13 29 8 9 10 12 11 14 13 17 24 29 26 1 15 22 25 2 28 6 21 0 16 27 18 30 23 5 20 3 19 4
1 2 3 5 4 7 6 10 19 24 8 14 20 27 15 23 17 26 18 28 11 22 9 21 12 25 16 30 13 29 10 11 12 14 13 16 15 19 26 0 28 3 17 24 27 4 30 8 23 2 18 29 20 1 25 7 22 5 21 6
1 2 3 5 4 7 6 10 19 24 8 14 20 27 15 23 17 26 18 28 11 22 9 21 12 25 16 30 13 29 12 13 14 16 15 18 17 21 28 2 30 5 19 26 29 6 1 10 25 4 20 0 22 3 27 9 24 7 23 8
1 2 3 5 4 7 6 10 19 24 8 14 20 27 15 23 17 26 18 28 11 22 9 21 12 25 16 30 13 29 14 15 16 18 17 20 19 23 30 4 1 7 21 28 0 8 3 12 27 6 22 2 24 5 29 11 26 9 25 10
1 2 3 5 4 7 6 10 19 24 8 14 20 27 15 23 17 26 18 28 11 22 9 21 12 25 16 30 13 29 15 16 17 19 18 21 20 24 0 5 2 8 22 29 1 9 4 13 28 7 23 3 25 6 30 12 27 10 26 11
1 2 3 5 4 7 6 10 19 24 8 14 20 27 15 23 17 26 18 28 11 22 9 21 12 25 16 30 13 29 19 20 21 23 22 25 24 28 4 9 6 12 26 2 5 13 8 17 1 11 27 7 29 10 3 16 0 14 30 15
1 2 3 5 4 7 6 10 19 24 8 14 20 27 15 23 17 26 18 28 11 22 9 21 12 25 16 30 13 29 26 27 28 30 29 1 0 4 11 16 13 19 2 9 12 20 15 24 8 18 3 14 5 17 10 23 7 21 6 22
1 2 3 5 4 7 6 10 19 24 8 14 20 27 15 23 17 26 18 28 11 22 9 21 12 25 16 30 13 29 6 7 8 10 9 12 11 15 23 28 24 30 13 20 26 3 22 0 17 27 14 25 21 2 16 29 18 1 19 4
1 2 3 5 4 7 6 10 19 24 8 14 20 27 15 23 17 26 18 28 11 22 9 21 12 25 16 30 13 29 12 13 14 16 15 18 17 21 29 3 30 5 19 26 1 9 28 6 23 2 20 0 27 8 22 4 24 7 25 10
1 2 3 5 4 7 6 10 19 24 8 14 20 27 15 23 17 26 18 28 11 22 9 21 12 25 16 30 13 29 14 15 16 18 17 20 19 23 0 5 1 7 21 28 3 11 30 8 25 4 22 2 29 10 24 6 26 9 27 12
1 2 3 5 4 7 6 10 19 24 8 14 20 27 15 23 17 26 18 28 11 22 9 21 12 25 16 30 13 29 18 19 20 22 21 24 23 27 4 9 5 11 25 1 7 15 3 12 29 8 26 6 2 14 28 10 30 13 0 16
1 2 3 5 4 7 6 10 19 24 8 14 20 27 15 23 17 26 18 28 11 22 9 21 12 25 16 30 13 29 22 23 24 26 25 28 27 0 8 13 9 15 29 5 11 19 7 16 2 12 30 10 6 18 1 14 3 17 4 20
1 2 3 5 4 7 6 10 19 24 8 14 20 27 15 23 17 26 18 28 11 22 9 21 12 25 16 30 13 29 24 25 26 28 27 30 29 2 10 15 11 17 0 7 13 21 9 18 4 14 1 12 8 20 3 16 5 19 6 22
1 2 3 5 4 7 6 10 19 24 8 14 20 27 15 23 17 26 18 28 11 22 9 21 12 25 16 30 13 29 29 30 0 2 1 4 3 7 15 20 16 22 5 12 18 26 14 23 9 19 6 17 13 25 8 21 10 24 11 27
1 2 3 5 4 7 6 10 19 24 8 14 20 27 15 23 17 26 18 28 11 22 9 21 12 25 16 30 13 29 8 9 10 12 11 14 13 17 25 30 28 3 15 22 24 1 26 4 19 29 16 27 21 2 18 0 23 6 20 5
1 2 3 5 4 7 6 10 19 24 8 14 20 27 15 23 17 26 18 28 11 22 9 21 12 25 16 30 13 29 17 18 19 21 20 23 22 26 3 8 6 12 24 0 2 10 4 13 28 7 25 5 30 11 27 9 1 15 29 14
1 2 3 5 4 7 6 10 19 24 8 14 20 27 15 23 17 26 18 28 11 22 9 21 12 25 16 30 13 29 18 19 20 22 21 24 23 27 4 9 7 13 25 1 3 11 5 14 29 8 26 6 0 12 28 10 2 16 30 15
1 2 3 5 4 7 6 10 19 24 8 14 20 27 15 23 17 26 18 28 11 22 9 21 12 25 16 30 13 29 22 23 24 26 25 28 27 0 8 13 11 17 29 5 7 15 9 18 2 12 30 10 4 16 1 14 6 20 3 19
1 2 3 5 4 7 6 10 19 24 8 14 20 27 15 23 17 26 18 28 11 22 9 21 12 25 16 30 13 29 26 27 28 30 29 1 0 4 12 17 15 21 2 9 11 19 13 22 6 16 3 14 8 20 5 18 10 24 7 23
1 2 3 5 4 7 6 10 19 24 8 14 20 27 15 23 17 26 18 28 11 22 9 21 12 25 16 30 13 29 11 12 13 15 14 17 16 20 0 5 27 2 18 25 29 6 26 4 22 1 19 30 28 9 21 3 24 7 23 8
1 2 3 5 4 7 6 10 19 24 8 14 20 27 15 23 17 26 18 28 11 22 9 21 12 25 16 30 13 29 15 16 17 19 18 21 20 24 4 9 0 6 22 29 2 10 30 8 26 5 23 3 1 13 25 7 28 11 27 12
1 2 3 5 4 7 6 10 19 24 8 14 20 27 15 23 17 26 18 28 11 22 9 21 12 25 16 30 13 29 16 17 18 20 19 22 21 25 5 10 1 7 23 30 3 11 0 9 27 6 24 4 2 14 26 8 29 12 28 13
1 2 3 5 4 7 6 10 19 24 8 14 20 27 15 23 17 26 18 28 11 22 9 21 12 25 16 30 13 29 17 18 19 21 20 23 22 26 6 11 2 8 24 0 4 12 1 10 28 7 25 5 3 15 27 9 30 13 29 14
1 2 3 5 4 7 6 10 19 24 8 14 20 27 15 23 17 26 18 28 11 22 9 21 12 25 16 30 13 29 19 20 21 23 22 25 24 28 8 13 4 10 26 2 6 14 3 12 30 9 27 7 5 17 29 11 1 15 0 16
1 2 3 5 4 7 6 10 19 24 8 14 20 27 15 23 17 26 18 28 11 22 9 21 12 25 16 30 13 29 24 25 26 28 27 30 29 2 13 18 9 15 0 7 11 19 8 17 4 14 1 12 10 22 3 16 6 20 5 21
1 2 3 5 4 7 6 10 19 24 8 14 20 27 15 23 17 26 18 28 11 22 9 21 12 25 16 30 13 29 27 28 29 0 30 2 1 5 16 21 12 18 3 10 14 22 11 20 7 17 4 15 13 25 6 19 9 23 8 24
1 2 3 5 4 7 6 10 19 24 8 14 20 27 15 23 17 26 18 28 11 22 9 21 12 25 16 30 13 29 4 5 6 8 7 10 9 13 21 26 24 30 11 18 20 28 16 25 22 1 12 23 19 0 14 27 15 29 17 2
1 2 3 5 4 7 6 10 19 24 8 14 20 27 15 23 17 26 18 28 11 22 9 21 12 25 16 30 13 29 7 8 9 11 10 13 12 16 24 29 27 2 14 21 23 0 19 28 25 4 15 26 22 3 17 30 18 1 20 5
1 2 3 5 4 7 6 10 19 24 8 14 20 27 15 23 17 26 18 28 11 22 9 21 12 25 16 30 13 29 21 22 23 25 24 27 26 30 7 12 10 16 28 4 6 14 2 11 8 18 29 9 5 17 0 13 1 15 3 19
1 2 3 5 4 7 6 10 19 24 8 14 20 27 15 23 17 26 18 28 11 22 9 21 12 25 16 30 13 29 27 28 29 0 30 2 1 5 13 18 16 22 3 10 12 20 8 17 14 24 4 15 11 23 6 19 7 21 9 25
1 2 3 5 4 7 6 10 19 24 8 14 20 27 15 23 17 26 18 28 11 22 9 21 12 25 16 30 13 29 8 9 10 12 11 14 13 17 25 30 26 1 15 22 28 5 20 29 24 3 16 27 23 4 18 0 19 2 21 6
1 2 3 5 4 7 6 10 19 24 8 14 20 27 15 23 17 26 18 28 11 22 9 21 12 25 16 30 13 29 11 12 13 15 14 17 16 20 28 2 29 4 18 25 0 8 23 1 27 6 19 30 26 7 21 3 22 5 24 9
1 2 3 5 4 7 6 10 19 24 8 14 20 27 15 23 17 26 18 28 11 22 9 21 12 25 16 30 13 29 18 19 20 22 21 24 23 27 4 9 5 11 25 1 7 15 30 8 3 13 26 6 2 14 28 10 29 12 0 16
1 2 3 5 4 7 6 10 19 24 8 14 20 27 15 23 17 26 18 28 11 22 9 21 12 25 16 30 13 29 29 30 0 2 1 4 3 7 15 20 16 22 5 12 18 26 10 19 14 24 6 17 13 25 8 21 9 23 11 27
1 2 3 5 4 7 6 10 19 24 8 14 20 27 15 23 17 26 18 28 11 22 9 21 12 25 16 30 13 29 10 11 12 14 13 16 15 19 26 0 28 3 17 24 30 7 27 5 22 1 18 29 25 6 20 2 21 4 23 8
1 2 3 5 4 7 6 10 19 24 8 14 20 27 15 23 17 26 18 28 11 22 9 21 12 25 16 30 13 29 11 12 13 15 14 17 16 20 27 1 29 4 18 25 0 8 28 6 23 2 19 30 26 7 21 3 22 5 24 9
1 2 3 5 4 7 6 10 19 24 8 14 20 27 15 23 17 26 18 28 11 22 9 21 12 25 16 30 13 29 12 13 14 16 15 18 17 21 28 2 30 5 19 26 1 9 29 7 24 3 20 0 27 8 22 4 23 6 25 10
1 2 3 5 4 7 6 10 19 24 8 14 20 27 15 23 17 26 18 28 11 22 9 21 12 25 16 30 13 29 14 15 16 18 17 20 19 23 30 4 1 7 21 28 3 11 0 9 26 5 22 2 29 10 24 6 25 8 27 12
1 2 3 5 4 7 6 10 19 24 8 14 20 27 15 23 17 26 18 28 11 22 9 21 12 25 16 30 13 29 24 25 26 28 27 30 29 2 9 14 11 17 0 7 13 21 10 19 5 15 1 12 8 20 3 16 4 18 6 22
1 2 3 5 4 7 6 10 19 24 8 14 20 27 15 23 17 26 18 28 11 22 9 21 12 25 16 30 13 29 8 9 10 12 11 14 13 17 25 30 23 29 15 22 28 5 26 4 24 3 16 27 20 1 18 0 19 2 21 6
1 2 3 5 4 7 6 10 19 24 8 14 20 27 15 23 17 26 18 28 11 22 9 21 12 25 16 30 13 29 22 23 24 26 25 28 27 0 8 13 6 12 29 5 11 19 9 18 7 17 30 10 3 15 1 14 2 16 4 20
1 2 3 5 4 7 6 10 19 24 8 14 20 27 15 23 17 26 18 28 11 22 9 21 12 25 16 30 13 29 29 30 0 2 1 4 3 7 15 20 13 19 5 12 18 26 16 25 14 24 6 17 10 22 8 21 9 23 11 27
1 2 3 5 4 7 6 10 19 24 8 14 20 27 15 23 17 26 18 28 11 22 9 21 12 25 16 30 13 29 7 8 9 11 10 13 12 16 24 29 25 0 14 21 20 28 27 5 23 2 15 26 22 3 17 30 18 1 19 4
1 2 3 5 4 7 6 10 19 24 8 14 20 27 15 23 17 26 18 28 11 22 9 21 12 25 16 30 13 29 8 9 10 12 11 14 13 17 25 30 26 1 15 22 21 29 28 6 24 3 16 27 23 4 18 0 19 2 20 5
1 2 3 5 4 7 6 10 19 24 8 14 20 27 15 23 17 26 18 28 11 22 9 21 12 25 16 30 13 29 18 19 20 22 21 24 23 27 4 9 5 11 25 1 0 8 7 16 3 13 26 6 2 14 28 10 29 12 30 15
1 2 3 5 4 7 6 10 19 24 8 14 20 27 15 23 17 26 18 28 11 22 9 21 12 25 16 30 13 29 19 20 21 23 22 25 24 28 5 10 6 12 26 2 1 9 8 17 4 14 27 7 3 15 29 11 30 13 0 16
1 2 3 5 4 7 6 10 19 24 8 14 20 27 15 23 17 26 18 28 11 22 9 21 12 25 16 30 13 29 24 25 26 28 27 30 29 2 10 15 11 17 0 7 6 14 13 22 9 19 1 12 8 20 3 16 4 18 5 21
1 2 3 5 4 7 6 10 19 24 8 14 20 27 15 23 17 26 18 28 11 22 9 21 12 25 16 30 13 29 27 28 29 0 30 2 1 5 13 18 14 20 3 10 9 17 16 25 12 22 4 15 11 23 6 19 7 21 8 24
1 2 3 5 4 7 6 10 19 24 8 14 20 27 15 23 17 26 18 28 11 22 9 21 12 25 16 30 13 29 8 9 10 12 11 14 13 17 25 30 28 3 15 22 24 1 20 29 26 5 16 27 21 2 18 0 23 6 19 4
1 2 3 5 4 7 6 10 19 24 8 14 20 27 15 23 17 26 18 28 11 22 9 21 12 25 16 30 13 29 12 13 14 16 15 18 17 21 29 3 1 7 19 26 28 5 24 2 30 9 20 0 25 6 22 4 27 10 23 8
1 2 3 5 4 7 6 10 19 24 8 14 20 27 15 23 17 26 18 28 11 22 9 21 12 25 16 30 13 29 17 18 19 21 20 23 22 26 3 8 6 12 24 0 2 10 29 7 4 14 25 5 30 11 27 9 1 15 28 13
1 2 3 5 4 7 6 10 19 24 8 14 20 27 15 23 17 26 18 28 11 22 9 21 12 25 16 30 13 29 20 21 22 24 23 26 25 29 6 11 9 15 27 3 5 13 1 10 7 17 28 8 2 14 30 12 4 18 0 16
1 2 3 5 4 7 6 10 19 24 8 14 20 27 15 23 17 26 18 28 11 22 9 21 12 25 16 30 13 29 21 22 23 25 24 27 26 30 7 12 10 16 28 4 6 14 2 11 8 18 29 9 3 15 0 13 5 19 1 17
1 2 3 5 4 7 6 10 19 24 8 14 20 27 15 23 17 26 18 28 11 22 9 21 12 25 16 30 13 29 29 30 0 2 1 4 3 7 15 20 18 24 5 12 14 22 10 19 16 26 6 17 11 23 8 21 13 27 9 25
1 2 3 5 4 7 6 10 19 24 8 14 20 27 15 23 17 26 18 28 11 22 9 21 12 25 16 30 13 29 7 8 9 11 10 13 12 16 24 29 25 0 14 21 27 4 19 28 23 2 15 26 20 1 17 30 22 5 18 3
1 2 3 5 4 7 6 10 19 24 8 14 20 27 15 23 17 26 18 28 11 22 9 21 12 25 16 30 13 29 17 18 19 21 20 23 22 26 3 8 4 10 24 0 6 14 29 7 2 12 25 5 30 11 27 9 1 15 28 13
1 2 3 5 4 7 6 10 19 24 8 14 20 27 15 23 17 26 18 28 11 22 9 21 12 25 16 30 13 29 18 19 20 22 21 24 23 27 4 9 5 11 25 1 7 15 30 8 3 13 26 6 0 12 28 10 2 16 29 14
1 2 3 5 4 7 6 10 19 24 8 14 20 27 15 23 17 26 18 28 11 22 9 21 12 25 16 30 13 29 5 6 7 9 8 11 10 14 25 30 23 29 12 19 18 26 22 0 17 27 13 24 21 2 15 28 20 3 16 1
1 2 3 5 4 7 6 10 19 24 8 14 20 27 15 23 17 26 18 28 11 22 9 21 12 25 16 30 13 29 7 8 9 11 10 13 12 16 27 1 25 0 14 21 20 28 24 2 19 29 15 26 23 4 17 30 22 5 18 3
1 2 3 5 4 7 6 10 19 24 8 14 20 27 15 23 17 26 18 28 11 22 9 21 12 25 16 30 13 29 9 10 11 13 12 15 14 18 29 3 27 2 16 23 22 30 26 4 21 0 17 28 25 6 19 1 24 7 20 5
1 2 3 5 4 7 6 10 19 24 8 14 20 27 15 23 17 26 18 28 11 22 9 21 12 25 16 30 13 29 11 12 13 15 14 17 16 20 0 5 29 4 18 25 24 1 28 6 23 2 19 30 27 8 21 3 26 9 22 7
1 2 3 5 4 7 6 10 19 24 8 14 20 27 15 23 17 26 18 28 11 22 9 21 12 25 16 30 13 29 14 15 16 18 17 20 19 23 3 8 1 7 21 28 27 4 0 9 26 5 22 2 30 11 24 6 29 12 25 10
1 2 3 5 4 7 6 10 19 24 8 14 20 27 15 23 17 26 18 28 11 22 9 21 12 25 16 30 13 29 15 16 17 19 18 21 20 24 4 9 2 8 22 29 28 5 1 10 27 6 23 3 0 12 25 7 30 13 26 11
1 2 3 5 4 7 6 10 19 24 8 14 20 27 15 23 17 26 18 28 11 22 9 21 12 25 16 30 13 29 19 20 21 23 22 25 24 28 8 13 6 12 26 2 1 9 5 14 0 10 27 7 4 16 29 11 3 17 30 15
1 2 3 5 4 7 6 10 19 24 8 14 20 27 15 23 17 26 18 28 11 22 9 21 12 25 16 30 13 29 20 21 22 24 23 26 25 29 9 14 7 13 27 3 2 10 6 15 1 11 28 8 5 17 30 12 4 18 0 16
1 2 3 5 4 7 6 10 19 24 8 14 20 27 15 23 17 26 18 28 11 22 9 21 12 25 16 30 13 29 25 26 27 29 28 0 30 3 14 19 12 18 1 8 7 15 11 20 6 16 2 13 10 22 4 17 9 23 5 21
1 2 3 5 4 7 6 10 19 24 8 14 20 27 15 23 17 26 18 28 11 22 9 21 12 25 16 30 13 29 29 30 0 2 1 4 3 7 18 23 16 22 5 12 11 19 15 24 10 20 6 17 14 26 8 21 13 27 9 25
1 2 3 5 4 7 6 10 19 24 8 14 20 27 15 23 17 26 18 28 11 22 9 21 12 25 16 30 13 29 7 8 9 11 10 13 12 16 23 28 25 0 14 21 27 4 24 2 19 29 15 26 20 1 17 30 22 5 18 3
1 2 3 5 4 7 6 10 19 24 8 14 20 27 15 23 17 26 18 28 11 22 9 21 12 25 16 30 13 29 11 12 13 15 14 17 16 20 27 1 29 4 18 25 0 8 28 6 23 2 19 30 24 5 21 3 26 9 22 7
1 2 3 5 4 7 6 10 19 24 8 14 20 27 15 23 17 26 18 28 11 22 9 21 12 25 16 30 13 29 14 15 16 18 17 20 19 23 30 4 1 7 21 28 3 11 0 9 26 5 22 2 27 8 24 6 29 12 25 10
1 2 3 5 4 7 6 10 19 24 8 14 20 27 15 23 17 26 18 28 11 22 9 21 12 25 16 30 13 29 19 20 21 23 22 25 24 28 4 9 6 12 26 2 8 16 5 14 0 10 27 7 1 13 29 11 3 17 30 15
1 2 3 5 4 7 6 10 19 24 8 14 20 27 15 23 17 26 18 28 11 22 9 21 12 25 16 30 13 29 29 30 0 2 1 4 3 7 14 19 16 22 5 12 18 26 15 24 10 20 6 17 11 23 8 21 13 27 9 25
1 2 3 5 4 7 6 10 19 24 8 14 20 27 15 23 17 26 18 28 11 22 9 21 12 25 16 30 13 29 7 8 9 11 10 13 12 16 27 1 23 29 14 21 20 28 24 2 25 4 15 26 19 0 17 30 22 5 18 3
1 2 3 5 4 7 6 10 19 24 8 14 20 27 15 23 17 26 18 28 11 22 9 21 12 25 16 30 13 29 9 10 11 13 12 15 14 18 29 3 25 0 16 23 22 30 26 4 27 6 17 28 21 2 19 1 24 7 20 5
1 2 3 5 4 7 6 10 19 24 8 14 20 27 15 23 17 26 18 28 11 22 9 21 12 25 16 30 13 29 15 16 17 19 18 21 20 24 4 9 0 6 22 29 28 5 1 10 2 12 23 3 27 8 25 7 30 13 26 11
1 2 3 5 4 7 6 10 19 24 8 14 20 27 15 23 17 26 18 28 11 22 9 21 12 25 16 30 13 29 18 19 20 22 21 24 23 27 7 12 3 9 25 1 0 8 4 13 5 15 26 6 30 11 28 10 2 16 29 14
1 2 3 5 4 7 6 10 19 24 8 14 20 27 15 23 17 26 18 28 11 22 9 21 12 25 16 30 13 29 19 20 21 23 22 25 24 28 8 13 4 10 26 2 1 9 5 14 6 16 27 7 0 12 29 11 3 17 30 15
1 2 3 5 4 7 6 10 19 24 8 14 20 27 15 23 17 26 18 28 11 22 9 21 12 25 16 30 13 29 20 21 22 24 23 26 25 29 9 14 5 11 27 3 2 10 6 15 7 17 28 8 1 13 30 12 4 18 0 16
1 2 3 5 4 7 6 10 19 24 8 14 20 27 15 23 17 26 18 28 11 22 9 21 12 25 16 30 13 29 22 23 24 26 25 28 27 0 11 16 7 13 29 5 4 12 8 17 9 19 30 10 3 15 1 14 6 20 2 18
1 2 3 5 4 7 6 10 19 24 8 14 20 27 15 23 17 26 18 28 11 22 9 21 12 25 16 30 13 29 24 25 26 28 27 30 29 2 13 18 9 15 0 7 6 14 10 19 11 21 1 12 5 17 3 16 8 22 4 20
1 2 3 5 4 7 6 10 19 24 8 14 20 27 15 23 17 26 18 28 11 22 9 21 12 25 16 30 13 29 25 26 27 29 28 0 30 3 14 19 10 16 1 8 7 15 11 20 12 22 2 13 6 18 4 17 9 23 5 21
1 2 3 5 4 7 6 10 19 24 8 14 20 27 15 23 17 26 18 28 11 22 9 21 12 25 16 30 13 29 29 30 0 2 1 4 3 7 18 23 14 20 5 12 11 19 15 24 16 26 6 17 10 22 8 21 13 27 9 25
1 2 3 5 4 7 6 10 19 24 8 14 20 27 15 23 17 26 18 28 11 22 9 21 12 25 16 30 13 29 8 9 10 12 11 14 13 17 25 30 28 3 15 22 21 29 24 2 26 5 16 27 20 1 18 0 23 6 19 4
1 2 3 5 4 7 6 10 19 24 8 14 20 27 15 23 17 26 18 28 11 22 9 21 12 25 16 30 13 29 12 13 14 16 15 18 17 21 29 3 1 7 19 26 25 2 28 6 30 9 20 0 24 5 22 4 27 10 23 8
1 2 3 5 4 7 6 10 19 24 8 14 20 27 15 23 17 26 18 28 11 22 9 21 12 25 16 30 13 29 17 18 19 21 20 23 22 26 3 8 6 12 24 0 30 7 2 11 4 14 25 5 29 10 27 9 1 15 28 13
1 2 3 5 4 7 6 10 19 24 8 14 20 27 15 23 17 26 18 28 11 22 9 21 12 25 16 30 13 29 22 23 24 26 25 28 27 0 8 13 11 17 29 5 4 12 7 16 9 19 30 10 3 15 1 14 6 20 2 18
1 2 3 5 4 7 6 10 19 24 8 14 20 27 15 23 17 26 18 28 11 22 9 21 12 25 16 30 13 29 29 30 0 2 1 4 3 7 15 20 18 24 5 12 11 19 14 23 16 26 6 17 10 22 8 21 13 27 9 25
1 2 3 5 4 7 6 10 19 24 8 14 20 27 15 23 17 26 18 28 11 22 9 21 12 25 16 30 13 29 12 13 14 16 15 18 17 21 28 2 1 7 19 26 29 6 25 3 30 9 20 0 24 5 22 4 27 10 23 8
1 2 3 5 4 7 6 10 19 24 8 14 20 27 15 23 17 26 18 28 11 22 9 21 12 25 16 30 13 29 21 22 23 25 24 27 26 30 6 11 10 16 28 4 7 15 3 12 8 18 29 9 2 14 0 13 5 19 1 17
1 2 3 5 4 7 6 10 19 24 8 14 20 27 15 23 17 26 18 28 11 22 9 21 12 25 16 30 13 29 22 23 24 26 25 28 27 0 7 12 11 17 29 5 8 16 4 13 9 19 30 10 3 15 1 14 6 20 2 18
1 2 3 5 4 7 6 10 19 24 8 14 20 27 15 23 17 26 18 28 11 22 9 21 12 25 16 30 13 29 6 7 8 10 9 12 11 15 26 0 22 28 13 20 19 27 21 30 24 3 14 25 23 4 16 29 18 1 17 2
1 2 3 5 4 7 6 10 19 24 8 14 20 27 15 23 17 26 18 28 11 22 9 21 12 25 16 30 13 29 15 16 17 19 18 21 20 24 4 9 0 6 22 29 28 5 30 8 2 12 23 3 1 13 25 7 27 10 26 11
1 2 3 5 4 7 6 10 19 24 8 14 20 27 15 23 17 26 18 28 11 22 9 21 12 25 16 30 13 29 17 18 19 21 20 23 22 26 6 11 2 8 24 0 30 7 1 10 4 14 25 5 3 15 27 9 29 12 28 13
1 2 3 5 4 7 6 10 19 24 8 14 20 27 15 23 17 26 18 28 11 22 9 21 12 25 16 30 13 29 18 19 20 22 21 24 23 27 7 12 3 9 25 1 0 8 2 11 5 15 26 6 4 16 28 10 30 13 29 14
1 2 3 5 4 7 6 10 19 24 8 14 20 27 15 23 17 26 18 28 11 22 9 21 12 25 16 30 13 29 19 20 21 23 22 25 24 28 8 13 4 10 26 2 1 9 3 12 6 16 27 7 5 17 29 11 0 14 30 15
1 2 3 5 4 7 6 10 19 24 8 14 20 27 15 23 17 26 18 28 11 22 9 21 12 25 16 30 13 29 20 21 22 24 23 26 25 29 9 14 5 11 27 3 2 10 4 13 7 17 28 8 6 18 30 12 1 15 0 16
1 2 3 5 4 7 6 10 19 24 8 14 20 27 15 23 17 26 18 28 11 22 9 21 12 25 16 30 13 29 24 25 26 28 27 30 29 2 13 18 9 15 0 7 6 14 8 17 11 21 1 12 10 22 3 16 5 19 4 20
1 2 3 5 4 7 6 10 19 24 8 14 20 27 15 23 17 26 18 28 11 22 9 21 12 25 16 30 13 29 5 6 7 9 8 11 10 14 22 27 23 29 12 19 18 26 25 3 20 30 13 24 21 2 15 28 17 0 16 1
1 2 3 5 4 7 6 10 19 24 8 14 20 27 15 23 17 26 18 28 11 22 9 21 12 25 16 30 13 29 11 12 13 15 14 17 16 20 28 2 29 4 18 25 24 1 0 9 26 5 19 30 27 8 21 3 23 6 22 7
1 2 3 5 4 7 6 10 19 24 8 14 20 27 15 23 17 26 18 28 11 22 9 21 12 25 16 30 13 29 12 13 14 16 15 18 17 21 29 3 30 5 19 26 25 2 1 10 27 6 20 0 28 9 22 4 24 7 23 8
1 2 3 5 4 7 6 10 19 24 8 14 20 27 15 23 17 26 18 28 11 22 9 21 12 25 16 30 13 29 16 17 18 20 19 22 21 25 2 7 3 9 23 30 29 6 5 14 0 10 24 4 1 13 26 8 28 11 27 12
1 2 3 5 4 7 6 10 19 24 8 14 20 27 15 23 17 26 18 28 11 22 9 21 12 25 16 30 13 29 20 21 22 24 23 26 25 29 6 11 7 13 27 3 2 10 9 18 4 14 28 8 5 17 30 12 1 15 0 16
1 2 3 5 4 7 6 10 19 24 8 14 20 27 15 23 17 26 18 28 11 22 9 21 12 25 16 30 13 29 25 26 27 29 28 0 30 3 11 16 12 18 1 8 7 15 14 23 9 19 2 13 10 22 4 17 6 20 5 21
1 2 3 5 4 7 6 10 19 24 8 14 20 27 15 23 17 26 18 28 11 22 9 21 12 25 16 30 13 29 29 30 0 2 1 4 3 7 15 20 16 22 5 12 11 19 18 27 13 23 6 17 14 26 8 21 10 24 9 25
1 2 3 5 4 7 6 10 19 24 8 14 20 27 15 23 17 26 18 28 11 22 9 21 12 25 16 30 13 29 7 8 9 11 10 13 12 16 27 1 22 28 14 21 23 0 20 29 25 4 15 26 24 5 17 30 19 2 18 3
1 2 3 5 4 7 6 10 19 24 8 14 20 27 15 23 17 26 18 28 11 22 9 21 12 25 16 30 13 29 11 12 13 15 14 17 16 20 0 5 26 1 18 25 27 4 24 2 29 8 19 30 28 9 21 3 23 6 22 7
1 2 3 5 4 7 6 10 19 24 8 14 20 27 15 23 17 26 18 28 11 22 9 21 12 25 16 30 13 29 12 13 14 16 15 18 17 21 1 6 27 2 19 26 28 5 25 3 30 9 20 0 29 10 22 4 24 7 23 8
1 2 3 5 4 7 6 10 19 24 8 14 20 27 15 23 17 26 18 28 11 22 9 21 12 25 16 30 13 29 16 17 18 20 19 22 21 25 5 10 0 6 23 30 1 9 29 7 3 13 24 4 2 14 26 8 28 11 27 12
1 2 3 5 4 7 6 10 19 24 8 14 20 27 15 23 17 26 18 28 11 22 9 21 12 25 16 30 13 29 17 18 19 21 20 23 22 26 6 11 1 7 24 0 2 10 30 8 4 14 25 5 3 15 27 9 29 12 28 13
1 2 3 5 4 7 6 10 19 24 8 14 20 27 15 23 17 26 18 28 11 22 9 21 12 25 16 30 13 29 20 21 22 24 23 26 25 29 9 14 4 10 27 3 5 13 2 11 7 17 28 8 6 18 30 12 1 15 0 16
1 2 3 5 4 7 6 10 19 24 8 14 20 27 15 23 17 26 18 28 11 22 9 21 12 25 16 30 13 29 22 23 24 26 25 28 27 0 11 16 6 12 29 5 7 15 4 13 9 19 30 10 8 20 1 14 3 17 2 18
1 2 3 5 4 7 6 10 19 24 8 14 20 27 15 23 17 26 18 28 11 22 9 21 12 25 16 30 13 29 26 27 28 30 29 1 0 4 15 20 10 16 2 9 11 19 8 17 13 23 3 14 12 24 5 18 7 21 6 22
1 2 3 5 4 7 6 10 19 24 8 14 20 27 15 23 17 26 18 28 11 22 9 21 12 25 16 30 13 29 6 7 8 10 9 12 11 15 22 27 24 30 13 20 26 3 19 28 21 0 14 25 23 4 16 29 18 1 17 2
1 2 3 5 4 7 6 10 19 24 8 14 20 27 15 23 17 26 18 28 11 22 9 21 12 25 16 30 13 29 7 8 9 11 10 13 12 16 23 28 25 0 14 21 27 4 20 29 22 1 15 26 24 5 17 30 19 2 18 3
1 2 3 5 4 7 6 10 19 24 8 14 20 27 15 23 17 26 18 28 11 22 9 21 12 25 16 30 13 29 10 11 12 14 13 16 15 19 26 0 28 3 17 24 30 7 23 1 25 4 18 29 27 8 20 2 22 5 21 6
1 2 3 5 4 7 6 10 19 24 8 14 20 27 15 23 17 26 18 28 11 22 9 21 12 25 16 30 13 29 12 13 14 16 15 18 17 21 28 2 30 5 19 26 1 9 25 3 27 6 20 0 29 10 22 4 24 7 23 8
1 2 3 5 4 7 6 10 19 24 8 14 20 27 15 23 17 26 18 28 11 22 9 21 12 25 16 30 13 29 17 18 19 21 20 23 22 26 2 7 4 10 24 0 6 14 30 8 1 11 25 5 3 15 27 9 29 12 28 13
1 2 3 5 4 7 6 10 19 24 8 14 20 27 15 23 17 26 18 28 11 22 9 21 12 25 16 30 13 29 20 21 22 24 23 26 25 29 5 10 7 13 27 3 9 17 2 11 4 14 28 8 6 18 30 12 1 15 0 16
1 2 3 5 4 7 6 10 19 24 8 14 20 27 15 23 17 26 18 28 11 22 9 21 12 25 16 30 13 29 24 25 26 28 27 30 29 2 9 14 11 17 0 7 13 21 6 15 8 18 1 12 10 22 3 16 5 19 4 20
1 2 3 5 4 7 6 10 19 24 8 14 20 27 15 23 17 26 18 28 11 22 9 21 12 25 16 30 13 29 0 1 2 4 3 6 5 9 16 21 18 24 7 14 20 28 13 22 15 25 8 19 17 29 10 23 12 26 11 27
1 2 3 5 4 7 6 10 19 24 8 14 20 27 15 23 17 26 18 28 11 22 9 21 12 25 16 30 13 29 7 8 9 11 10 13 12 16 24 29 22 28 14 21 23 0 27 5 25 4 15 26 20 1 17 30 19 2 18 3
1 2 3 5 4 7 6 10 19 24 8 14 20 27 15 23 17 26 18 28 11 22 9 21 12 25 16 30 13 29 8 9 10 12 11 14 13 17 25 30 23 29 15 22 24 1 28 6 26 5 16 27 21 2 18 0 20 3 19 4
1 2 3 5 4 7 6 10 19 24 8 14 20 27 15 23 17 26 18 28 11 22 9 21 12 25 16 30 13 29 11 12 13 15 14 17 16 20 28 2 26 1 18 25 27 4 0 9 29 8 19 30 24 5 21 3 23 6 22 7
1 2 3 5 4 7 6 10 19 24 8 14 20 27 15 23 17 26 18 28 11 22 9 21 12 25 16 30 13 29 12 13 14 16 15 18 17 21 29 3 27 2 19 26 28 5 1 10 30 9 20 0 25 6 22 4 24 7 23 8
1 2 3 5 4 7 6 10 19 24 8 14 20 27 15 23 17 26 18 28 11 22 9 21 12 25 16 30 13 29 17 18 19 21 20 23 22 26 3 8 1 7 24 0 2 10 6 15 4 14 25 5 30 11 27 9 29 12 28 13
1 2 3 5 4 7 6 10 19 24 8 14 20 27 15 23 17 26 18 28 11 22 9 21 12 25 16 30 13 29 20 21 22 24 23 26 25 29 6 11 4 10 27 3 5 13 9 18 7 17 28 8 2 14 30 12 1 15 0 16
1 2 3 5 4 7 6 10 19 24 8 14 20 27 15 23 17 26 18 28 11 22 9 21 12 25 16 30 13 29 22 23 24 26 25 28 27 0 8 13 6 12 29 5 7 15 11 20 9 19 30 10 4 16 1 14 3 17 2 18
1 2 3 5 4 7 6 10 19 24 8 14 20 27 15 23 17 26 18 28 11 22 9 21 12 25 16 30 13 29 25 26 27 29 28 0 30 3 11 16 9 15 1 8 10 18 14 23 12 22 2 13 7 19 4 17 6 20 5 21
1 2 3 5 4 7 6 10 19 24 8 14 20 27 15 23 17 26 18 28 11 22 9 21 12 25 16 30 13 29 26 27 28 30 29 1 0 4 12 17 10 16 2 9 11 19 15 24 13 23 3 14 8 20 5 18 7 21 6 22
1 2 3 5 4 7 6 10 19 24 8 14 20 27 15 23 17 26 18 28 11 22 9 21 12 25 16 30 13 29 8 9 10 12 11 14 13 17 25 30 28 3 15 22 23 0 26 4 19 29 16 27 24 5 20 2 18 1 21 6
1 2 3 5 4 7 6 10 19 24 8 14 20 27 15 23 17 26 18 28 11 22 9 21 12 25 16 30 13 29 21 22 23 25 24 27 26 30 7 12 10 16 28 4 5 13 8 17 1 11 29 9 6 18 2 15 0 14 3 19
1 2 3 5 4 7 6 10 19 24 8 14 20 27 15 23 17 26 18 28 11 22 9 21 12 25 16 30 13 29 27 28 29 0 30 2 1 5 13 18 16 22 3 10 11 19 14 23 7 17 4 15 12 24 8 21 6 20 9 25
1 2 3 5 4 7 6 10 19 24 8 14 20 27 15 23 17 26 18 28 11 22 9 21 12 25 16 30 13 29 8 9 10 12 11 14 13 17 26 0 24 30 15 22 28 5 25 3 19 29 16 27 23 4 20 2 18 1 21 6
1 2 3 5 4 7 6 10 19 24 8 14 20 27 15 23 17 26 18 28 11 22 9 21 12 25 16 30 13 29 9 10 11 13 12 15 14 18 27 1 25 0 16 23 29 6 26 4 20 30 17 28 24 5 21 3 19 2 22 7
1 2 3 5 4 7 6 10 19 24 8 14 20 27 15 23 17 26 18 28 11 22 9 21 12 25 16 30 13 29 12 13 14 16 15 18 17 21 30 4 28 3 19 26 1 9 29 7 23 2 20 0 27 8 24 6 22 5 25 10
1 2 3 5 4 7 6 10 19 24 8 14 20 27 15 23 17 26 18 28 11 22 9 21 12 25 16 30 13 29 18 19 20 22 21 24 23 27 5 10 3 9 25 1 7 15 4 13 29 8 26 6 2 14 30 12 28 11 0 16
1 2 3 5 4 7 6 10 19 24 8 14 20 27 15 23 17 26 18 28 11 22 9 21 12 25 16 30 13 29 21 22 23 25 24 27 26 30 8 13 6 12 28 4 10 18 7 16 1 11 29 9 5 17 2 15 0 14 3 19
1 2 3 5 4 7 6 10 19 24 8 14 20 27 15 23 17 26 18 28 11 22 9 21 12 25 16 30 13 29 22 23 24 26 25 28 27 0 9 14 7 13 29 5 11 19 8 17 2 12 30 10 6 18 3 16 1 15 4 20
1 2 3 5 4 7 6 10 19 24 8 14 20 27 15 23 17 26 18 28 11 22 9 21 12 25 16 30 13 29 5 6 7 9 8 11 10 14 25 30 22 28 12 19 23 0 18 27 16 26 13 24 20 1 21 3 15 29 17 2
1 2 3 5 4 7 6 10 19 24 8 14 20 27 15 23 17 26 18 28 11 22 9 21 12 25 16 30 13 29 11 12 13 15 14 17 16 20 0 5 28 3 18 25 29 6 24 2 22 1 19 30 26 7 27 9 21 4 23 8
1 2 3 5 4 7 6 10 19 24 8 14 20 27 15 23 17 26 18 28 11 22 9 21 12 25 16 30 13 29 17 18 19 21 20 23 22 26 6 11 3 9 24 0 4 12 30 8 28 7 25 5 1 13 2 15 27 10 29 14
1 2 3 5 4 7 6 10 19 24 8 14 20 27 15 23 17 26 18 28 11 22 9 21 12 25 16 30 13 29 18 19 20 22 21 24 23 27 7 12 4 10 25 1 5 13 0 9 29 8 26 6 2 14 3 16 28 11 30 15
1 2 3 5 4 7 6 10 19 24 8 14 20 27 15 23 17 26 18 28 11 22 9 21 12 25 16 30 13 29 19 20 21 23 22 25 24 28 8 13 5 11 26 2 6 14 1 10 30 9 27 7 3 15 4 17 29 12 0 16
1 2 3 5 4 7 6 10 19 24 8 14 20 27 15 23 17 26 18 28 11 22 9 21 12 25 16 30 13 29 5 6 7 9 8 11 10 14 23 28 25 0 12 19 22 30 18 27 16 26 13 24 20 1 21 3 15 29 17 2
1 2 3 5 4 7 6 10 19 24 8 14 20 27 15 23 17 26 18 28 11 22 9 21 12 25 16 30 13 29 8 9 10 12 11 14 13 17 26 0 28 3 15 22 25 2 21 30 19 29 16 27 23 4 24 6 18 1 20 5
1 2 3 5 4 7 6 10 19 24 8 14 20 27 15 23 17 26 18 28 11 22 9 21 12 25 16 30 13 29 14 15 16 18 17 20 19 23 1 6 3 9 21 28 0 8 27 5 25 4 22 2 29 10 30 12 24 7 26 11
1 2 3 5 4 7 6 10 19 24 8 14 20 27 15 23 17 26 18 28 11 22 9 21 12 25 16 30 13 29 17 18 19 21 20 23 22 26 4 9 6 12 24 0 3 11 30 8 28 7 25 5 1 13 2 15 27 10 29 14
1 2 3 5 4 7 6 10 19 24 8 14 20 27 15 23 17 26 18 28 11 22 9 21 12 25 16 30 13 29 21 22 23 25 24 27 26 30 8 13 10 16 28 4 7 15 3 12 1 11 29 9 5 17 6 19 0 14 2 18
1 2 3 5 4 7 6 10 19 24 8 14 20 27 15 23 17 26 18 28 11 22 9 21 12 25 16 30 13 29 22 23 24 26 25 28 27 0 9 14 11 17 29 5 8 16 4 13 2 12 30 10 6 18 7 20 1 15 3 19
1 2 3 5 4 7 6 10 19 24 8 14 20 27 15 23 17 26 18 28 11 22 9 21 12 25 16 30 13 29 26 27 28 30 29 1 0 4 13 18 15 21 2 9 12 20 8 17 6 16 3 14 10 22 11 24 5 19 7 23
1 2 3 5 4 7 6 10 19 24 8 14 20 27 15 23 17 26 18 28 11 22 9 21 12 25 16 30 13 29 28 29 30 1 0 3 2 6 15 20 17 23 4 11 14 22 10 19 8 18 5 16 12 24 13 26 7 21 9 25
1 2 3 5 4 7 6 10 19 24 8 14 20 27 15 23 17 26 18 28 11 22 9 21 12 25 16 30 13 29 5 6 7 9 8 11 10 14 22 27 25 0 12 19 20 28 23 1 16 26 13 24 18 30 21 3 15 29 17 2
1 2 3 5 4 7 6 10 19 24 8 14 20 27 15 23 17 26 18 28 11 22 9 21 12 25 16 30 13 29 8 9 10 12 11 14 13 17 25 30 28 3 15 22 23 0 26 4 19 29 16 27 21 2 24 6 18 1 20 5
1 2 3 5 4 7 6 10 19 24 8 14 20 27 15 23 17 26 18 28 11 22 9 21 12 25 16 30 13 29 14 15 16 18 17 20 19 23 0 5 3 9 21 28 29 6 1 10 25 4 22 2 27 8 30 12 24 7 26 11
1 2 3 5 4 7 6 10 19 24 8 14 20 27 15 23 17 26 18 28 11 22 9 21 12 25 16 30 13 29 17 18 19 21 20 23 22 26 3 8 6 12 24 0 1 9 4 13 28 7 25 5 30 11 2 15 27 10 29 14
1 2 3 5 4 7 6 10 19 24 8 14 20 27 15 23 17 26 18 28 11 22 9 21 12 25 16 30 13 29 22 23 24 26 25 28 27 0 8 13 11 17 29 5 6 14 9 18 2 12 30 10 4 16 7 20 1 15 3 19
1 2 3 5 4 7 6 10 19 24 8 14 20 27 15 23 17 26 18 28 11 22 9 21 12 25 16 30 13 29 11 12 13 15 14 17 16 20 0 5 27 2 18 25 26 3 29 7 22 1 19 30 28 9 24 6 21 4 23 8
1 2 3 5 4 7 6 10 19 24 8 14 20 27 15 23 17 26 18 28 11 22 9 21 12 25 16 30 13 29 14 15 16 18 17 20 19 23 3 8 30 5 21 28 29 6 1 10 25 4 22 2 0 12 27 9 24 7 26 11
1 2 3 5 4 7 6 10 19 24 8 14 20 27 15 23 17 26 18 28 11 22 9 21 12 25 16 30 13 29 16 17 18 20 19 22 21 25 5 10 1 7 23 30 0 8 3 12 27 6 24 4 2 14 29 11 26 9 28 13
1 2 3 5 4 7 6 10 19 24 8 14 20 27 15 23 17 26 18 28 11 22 9 21 12 25 16 30 13 29 17 18 19 21 20 23 22 26 6 11 2 8 24 0 1 9 4 13 28 7 25 5 3 15 30 12 27 10 29 14
1 2 3 5 4 7 6 10 19 24 8 14 20 27 15 23 17 26 18 28 11 22 9 21 12 25 16 30 13 29 18 19 20 22 21 24 23 27 7 12 3 9 25 1 2 10 5 14 29 8 26 6 4 16 0 13 28 11 30 15
1 2 3 5 4 7 6 10 19 24 8 14 20 27 15 23 17 26 18 28 11 22 9 21 12 25 16 30 13 29 24 25 26 28 27 30 29 2 13 18 9 15 0 7 8 16 11 20 4 14 1 12 10 22 6 19 3 17 5 21
1 2 3 5 4 7 6 10 19 24 8 14 20 27 15 23 17 26 18 28 11 22 9 21 12 25 16 30 13 29 27 28 29 0 30 2 1 5 16 21 12 18 3 10 11 19 14 23 7 17 4 15 13 25 9 22 6 20 8 24
1 2 3 5 4 7 6 10 19 24 8 14 20 27 15 23 17 26 18 28 11 22 9 21 12 25 16 30 13 29 28 29 30 1 0 3 2 6 17 22 13 19 4 11 12 20 15 24 8 18 5 16 14 26 10 23 7 21 9 25
1 2 3 5 4 7 6 10 19 24 8 14 20 27 15 23 17 26 18 28 11 22 9 21 12 25 16 30 13 29 5 6 7 9 8 11 10 14 23 28 21 27 12 19 22 30 25 3 16 26 13 24 20 1 18 0 15 29 17 2
1 2 3 5 4 7 6 10 19 24 8 14 20 27 15 23 17 26 18 28 11 22 9 21 12 25 16 30 13 29 11 12 13 15 14 17 16 20 29 3 27 2 18 25 28 5 0 9 22 1 19 30 26 7 24 6 21 4 23 8
1 2 3 5 4 7 6 10 19 24 8 14 20 27 15 23 17 26 18 28 11 22 9 21 12 25 16 30 13 29 14 15 16 18 17 20 19 23 1 6 30 5 21 28 0 8 3 12 25 4 22 2 29 10 27 9 24 7 26 11
1 2 3 5 4 7 6 10 19 24 8 14 20 27 15 23 17 26 18 28 11 22 9 21 12 25 16 30 13 29 15 16 17 19 18 21 20 24 2 7 0 6 22 29 1 9 4 13 26 5 23 3 30 11 28 10 25 8 27 12
1 2 3 5 4 7 6 10 19 24 8 14 20 27 15 23 17 26 18 28 11 22 9 21 12 25 16 30 13 29 18 19 20 22 21 24 23 27 5 10 3 9 25 1 4 12 7 16 29 8 26 6 2 14 0 13 28 11 30 15
1 2 3 5 4 7 6 10 19 24 8 14 20 27 15 23 17 26 18 28 11 22 9 21 12 25 16 30 13 29 24 25 26 28 27 30 29 2 11 16 9 15 0 7 10 18 13 22 4 14 1 12 8 20 6 19 3 17 5 21
1 2 3 5 4 7 6 10 19 24 8 14 20 27 15 23 17 26 18 28 11 22 9 21 12 25 16 30 13 29 26 27 28 30 29 1 0 4 13 18 11 17 2 9 12 20 15 24 6 16 3 14 10 22 8 21 5 19 7 23
1 2 3 5 4 7 6 10 19 24 8 14 20 27 15 23 17 26 18 28 11 22 9 21 12 25 16 30 13 29 4 5 6 8 7 10 9 13 24 29 20 26 11 18 22 30 16 25 21 0 12 23 15 27 19 1 14 28 17 2
1 2 3 5 4 7 6 10 19 24 8 14 20 27 15 23 17 26 18 28 11 22 9 21 12 25 16 30 13 29 9 10 11 13 12 15 14 18 29 3 25 0 16 23 27 4 21 30 26 5 17 28 20 1 24 6 19 2 22 7
1 2 3 5 4 7 6 10 19 24 8 14 20 27 15 23 17 26 18 28 11 22 9 21 12 25 16 30 13 29 10 11 12 14 13 16 15 19 30 4 26 1 17 24 28 5 22 0 27 6 18 29 21 2 25 7 20 3 23 8
1 2 3 5 4 7 6 10 19 24 8 14 20 27 15 23 17 26 18 28 11 22 9 21 12 25 16 30 13 29 12 13 14 16 15 18 17 21 1 6 28 3 19 26 30 7 24 2 29 8 20 0 23 4 27 9 22 5 25 10
1 2 3 5 4 7 6 10 19 24 8 14 20 27 15 23 17 26 18 28 11 22 9 21 12 25 16 30 13 29 14 15 16 18 17 20 19 23 3 8 30 5 21 28 1 9 26 4 0 10 22 2 25 6 29 11 24 7 27 12
1 2 3 5 4 7 6 10 19 24 8 14 20 27 15 23 17 26 18 28 11 22 9 21 12 25 16 30 13 29 15 16 17 19 18 21 20 24 4 9 0 6 22 29 2 10 27 5 1 11 23 3 26 7 30 12 25 8 28 13
1 2 3 5 4 7 6 10 19 24 8 14 20 27 15 23 17 26 18 28 11 22 9 21 12 25 16 30 13 29 16 17 18 20 19 22 21 25 5 10 1 7 23 30 3 11 28 6 2 12 24 4 27 8 0 13 26 9 29 14
1 2 3 5 4 7 6 10 19 24 8 14 20 27 15 23 17 26 18 28 11 22 9 21 12 25 16 30 13 29 18 19 20 22 21 24 23 27 7 12 3 9 25 1 5 13 30 8 4 14 26 6 29 10 2 15 28 11 0 16
1 2 3 5 4 7 6 10 19 24 8 14 20 27 15 23 17 26 18 28 11 22 9 21 12 25 16 30 13 29 22 23 24 26 25 28 27 0 11 16 7 13 29 5 9 17 3 12 8 18 30 10 2 14 6 19 1 15 4 20
1 2 3 5 4 7 6 10 19 24 8 14 20 27 15 23 17 26 18 28 11 22 9 21 12 25 16 30 13 29 24 25 26 28 27 30 29 2 13 18 9 15 0 7 11 19 5 14 10 20 1 12 4 16 8 21 3 17 6 22
1 2 3 5 4 7 6 10 19 24 8 14 20 27 15 23 17 26 18 28 11 22 9 21 12 25 16 30 13 29 2 3 4 6 5 8 7 11 18 23 22 28 9 16 19 27 20 29 14 24 10 21 13 25 17 30 12 26 15 0
1 2 3 5 4 7 6 10 19 24 8 14 20 27 15 23 17 26 18 28 11 22 9 21 12 25 16 30 13 29 10 11 12 14 13 16 15 19 26 0 30 5 17 24 27 4 28 6 22 1 18 29 21 2 25 7 20 3 23 8
1 2 3 5 4 7 6 10 19 24 8 14 20 27 15 23 17 26 18 28 11 22 9 21 12 25 16 30 13 29 14 15 16 18 17 20 19 23 30 4 3 9 21 28 0 8 1 10 26 5 22 2 25 6 29 11 24 7 27 12
1 2 3 5 4 7 6 10 19 24 8 14 20 27 15 23 17 26 18 28 11 22 9 21 12 25 16 30 13 29 20 21 22 24 23 26 25 29 5 10 9 15 27 3 6 14 7 16 1 11 28 8 0 12 4 17 30 13 2 18
1 2 3 5 4 7 6 10 19 24 8 14 20 27 15 23 17 26 18 28 11 22 9 21 12 25 16 30 13 29 21 22 23 25 24 27 26 30 6 11 10 16 28 4 7 15 8 17 2 12 29 9 1 13 5 18 0 14 3 19
1 2 3 5 4 7 6 10 19 24 8 14 20 27 15 23 17 26 18 28 11 22 9 21 12 25 16 30 13 29 8 9 10 12 11 14 13 17 25 30 23 29 15 22 28 5 26 4 24 3 16 27 19 0 20 2 18 1 21 6
1 2 3 5 4 7 6 10 19 24 8 14 20 27 15 23 17 26 18 28 11 22 9 21 12 25 16 30 13 29 11 12 13 15 14 17 16 20 28 2 26 1 18 25 0 8 29 7 27 6 19 30 22 3 23 5 21 4 24 9
1 2 3 5 4 7 6 10 19 24 8 14 20 27 15 23 17 26 18 28 11 22 9 21 12 25 16 30 13 29 17 18 19 21 20 23 22 26 3 8 1 7 24 0 6 14 4 13 2 12 25 5 28 9 29 11 27 10 30 15
1 2 3 5 4 7 6 10 19 24 8 14 20 27 15 23 17 26 18 28 11 22 9 21 12 25 16 30 13 29 21 22 23 25 24 27 26 30 7 12 5 11 28 4 10 18 8 17 6 16 29 9 1 13 2 15 0 14 3 19
1 2 3 5 4 7 6 10 19 24 8 14 20 27 15 23 17 26 18 28 11 22 9 21 12 25 16 30 13 29 22 23 24 26 25 28 27 0 8 13 6 12 29 5 11 19 9 18 7 17 30 10 2 14 3 16 1 15 4 20
1 2 3 5 4 7 6 10 19 24 8 14 20 27 15 23 17 26 18 28 11 22 9 21 12 25 16 30 13 29 25 26 27 29 28 0 30 3 11 16 9 15 1 8 14 22 12 21 10 20 2 13 5 17 6 19 4 18 7 23
1 2 3 5 4 7 6 10 19 24 8 14 20 27 15 23 17 26 18 28 11 22 9 21 12 25 16 30 13 29 27 28 29 0 30 2 1 5 13 18 11 17 3 10 16 24 14 23 12 22 4 15 7 19 8 21 6 20 9 25
1 2 3 5 4 7 6 10 19 24 8 14 20 27 15 23 17 26 18 28 11 22 9 21 12 25 16 30 13 29 5 6 7 9 8 11 10 14 22 27 25 0 12 19 18 26 23 1 20 30 13 24 16 28 21 3 15 29 17 2
1 2 3 5 4 7 6 10 19 24 8 14 20 27 15 23 17 26 18 28 11 22 9 21 12 25 16 30 13 29 7 8 9 11 10 13 12 16 24 29 27 2 14 21 20 28 25 3 22 1 15 26 18 30 23 5 17 0 19 4
1 2 3 5 4 7 6 10 19 24 8 14 20 27 15 23 17 26 18 28 11 22 9 21 12 25 16 30 13 29 8 9 10 12 11 14 13 17 25 30 28 3 15 22 21 29 26 4 23 2 16 27 19 0 24 6 18 1 20 5
1 2 3 5 4 7 6 10 19 24 8 14 20 27 15 23 17 26 18 28 11 22 9 21 12 25 16 30 13 29 10 11 12 14 13 16 15 19 27 1 30 5 17 24 23 0 28 6 25 4 18 29 21 2 26 8 20 3 22 7
1 2 3 5 4 7 6 10 19 24 8 14 20 27 15 23 17 26 18 28 11 22 9 21 12 25 16 30 13 29 14 15 16 18 17 20 19 23 0 5 3 9 21 28 27 4 1 10 29 8 22 2 25 6 30 12 24 7 26 11
1 2 3 5 4 7 6 10 19 24 8 14 20 27 15 23 17 26 18 28 11 22 9 21 12 25 16 30 13 29 16 17 18 20 19 22 21 25 2 7 5 11 23 30 29 6 3 12 0 10 24 4 27 8 1 14 26 9 28 13
1 2 3 5 4 7 6 10 19 24 8 14 20 27 15 23 17 26 18 28 11 22 9 21 12 25 16 30 13 29 17 18 19 21 20 23 22 26 3 8 6 12 24 0 30 7 4 13 1 11 25 5 28 9 2 15 27 10 29 14
1 2 3 5 4 7 6 10 19 24 8 14 20 27 15 23 17 26 18 28 11 22 9 21 12 25 16 30 13 29 20 21 22 24 23 26 25 29 6 11 9 15 27 3 2 10 7 16 4 14 28 8 0 12 5 18 30 13 1 17
1 2 3 5 4 7 6 10 19 24 8 14 20 27 15 23 17 26 18 28 11 22 9 21 12 25 16 30 13 29 26 27 28 30 29 1 0 4 12 17 15 21 2 9 8 16 13 22 10 20 3 14 6 18 11 24 5 19 7 23
1 2 3 5 4 7 6 10 19 24 8 14 20 27 15 23 17 26 18 28 11 22 9 21 12 25 16 30 13 29 5 6 7 9 8 11 10 14 25 30 20 26 12 19 23 0 18 27 22 1 13 24 16 28 21 3 15 29 17 2
1 2 3 5 4 7 6 10 19 24 8 14 20 27 15 23 17 26 18 28 11 22 9 21 12 25 16 30 13 29 7 8 9 11 10 13 12 16 27 1 22 28 14 21 25 2 20 29 24 3 15 26 18 30 23 5 17 0 19 4
1 2 3 5 4 7 6 10 19 24 8 14 20 27 15 23 17 26 18 28 11 22 9 21 12 25 16 30 13 29 11 12 13 15 14 17 16 20 0 5 26 1 18 25 29 6 24 2 28 7 19 30 22 3 27 9 21 4 23 8
1 2 3 5 4 7 6 10 19 24 8 14 20 27 15 23 17 26 18 28 11 22 9 21 12 25 16 30 13 29 14 15 16 18 17 20 19 23 3 8 29 4 21 28 1 9 27 5 0 10 22 2 25 6 30 12 24 7 26 11
1 2 3 5 4 7 6 10 19 24 8 14 20 27 15 23 17 26 18 28 11 22 9 21 12 25 16 30 13 29 16 17 18 20 19 22 21 25 5 10 0 6 23 30 3 11 29 7 2 12 24 4 27 8 1 14 26 9 28 13
1 2 3 5 4 7 6 10 19 24 8 14 20 27 15 23 17 26 18 28 11 22 9 21 12 25 16 30 13 29 17 18 19 21 20 23 22 26 6 11 1 7 24 0 4 12 30 8 3 13 25 5 28 9 2 15 27 10 29 14
1 2 3 5 4 7 6 10 19 24 8 14 20 27 15 23 17 26 18 28 11 22 9 21 12 25 16 30 13 29 21 22 23 25 24 27 26 30 10 15 5 11 28 4 8 16 3 12 7 17 29 9 1 13 6 19 0 14 2 18
1 2 3 5 4 7 6 10 19 24 8 14 20 27 15 23 17 26 18 28 11 22 9 21 12 25 16 30 13 29 9 10 11 13 12 15 14 18 29 3 25 0 16 23 27 4 21 30 22 1 17 28 26 7 24 6 19 2 20 5
1 2 3 5 4 7 6 10 19 24 8 14 20 27 15 23 17 26 18 28 11 22 9 21 12 25 16 30 13 29 12 13 14 16 15 18 17 21 1 6 28 3 19 26 30 7 24 2 25 4 20 0 29 10 27 9 22 5 23 8
1 2 3 5 4 7 6 10 19 24 8 14 20 27 15 23 17 26 18 28 11 22 9 21 12 25 16 30 13 29 14 15 16 18 17 20 19 23 3 8 30 5 21 28 1 9 26 4 27 6 22 2 0 12 29 11 24 7 25 10
1 2 3 5 4 7 6 10 19 24 8 14 20 27 15 23 17 26 18 28 11 22 9 21 12 25 16 30 13 29 16 17 18 20 19 22 21 25 5 10 1 7 23 30 3 11 28 6 29 8 24 4 2 14 0 13 26 9 27 12
1 2 3 5 4 7 6 10 19 24 8 14 20 27 15 23 17 26 18 28 11 22 9 21 12 25 16 30 13 29 19 20 21 23 22 25 24 28 8 13 4 10 26 2 6 14 0 9 1 11 27 7 5 17 3 16 29 12 30 15
1 2 3 5 4 7 6 10 19 24 8 14 20 27 15 23 17 26 18 28 11 22 9 21 12 25 16 30 13 29 22 23 24 26 25 28 27 0 11 16 7 13 29 5 9 17 3 12 4 14 30 10 8 20 6 19 1 15 2 18
1 2 3 5 4 7 6 10 19 24 8 14 20 27 15 23 17 26 18 28 11 22 9 21 12 25 16 30 13 29 24 25 26 28 27 30 29 2 13 18 9 15 0 7 11 19 5 14 6 16 1 12 10 22 8 21 3 17 4 20
1 2 3 5 4 7 6 10 19 24 8 14 20 27 15 23 17 26 18 28 11 22 9 21 12 25 16 30 13 29 8 9 10 12 11 14 13 17 25 30 28 3 15 22 23 0 20 29 26 5 16 27 21 2 24 6 18 1 19 4
1 2 3 5 4 7 6 10 19 24 8 14 20 27 15 23 17 26 18 28 11 22 9 21 12 25 16 30 13 29 12 13 14 16 15 18 17 21 29 3 1 7 19 26 27 4 24 2 30 9 20 0 25 6 28 10 22 5 23 8
1 2 3 5 4 7 6 10 19 24 8 14 20 27 15 23 17 26 18 28 11 22 9 21 12 25 16 30 13 29 16 17 18 20 19 22 21 25 2 7 5 11 23 30 0 8 28 6 3 13 24 4 29 10 1 14 26 9 27 12
1 2 3 5 4 7 6 10 19 24 8 14 20 27 15 23 17 26 18 28 11 22 9 21 12 25 16 30 13 29 17 18 19 21 20 23 22 26 3 8 6 12 24 0 1 9 29 7 4 14 25 5 30 11 2 15 27 10 28 13
1 2 3 5 4 7 6 10 19 24 8 14 20 27 15 23 17 26 18 28 11 22 9 21 12 25 16 30 13 29 20 21 22 24 23 26 25 29 6 11 9 15 27 3 4 12 1 10 7 17 28 8 2 14 5 18 30 13 0 16
1 2 3 5 4 7 6 10 19 24 8 14 20 27 15 23 17 26 18 28 11 22 9 21 12 25 16 30 13 29 21 22 23 25 24 27 26 30 7 12 10 16 28 4 5 13 2 11 8 18 29 9 3 15 6 19 0 14 1 17
1 2 3 5 4 7 6 10 19 24 8 14 20 27 15 23 17 26 18 28 11 22 9 21 12 25 16 30 13 29 22 23 24 26 25 28 27 0 8 13 11 17 29 5 6 14 3 12 9 19 30 10 4 16 7 20 1 15 2 18
1 2 3 5 4 7 6 10 19 24 8 14 20 27 15 23 17 26 18 28 11 22 9 21 12 25 16 30 13 29 4 5 6 8 7 10 9 13 24 29 20 26 11 18 19 27 16 25 22 1 12 23 21 2 17 30 14 28 15 0
1 2 3 5 4 7 6 10 19 24 8 14 20 27 15 23 17 26 18 28 11 22 9 21 12 25 16 30 13 29 12 13 14 16 15 18 17 21 1 6 28 3 19 26 27 4 24 2 30 9 20 0 29 10 25 7 22 5 23 8
1 2 3 5 4 7 6 10 19 24 8 14 20 27 15 23 17 26 18 28 11 22 9 21 12 25 16 30 13 29 15 16 17 19 18 21 20 24 4 9 0 6 22 29 30 7 27 5 2 12 23 3 1 13 28 10 25 8 26 11
1 2 3 5 4 7 6 10 19 24 8 14 20 27 15 23 17 26 18 28 11 22 9 21 12 25 16 30 13 29 16 17 18 20 19 22 21 25 5 10 1 7 23 30 0 8 28 6 3 13 24 4 2 14 29 11 26 9 27 12
1 2 3 5 4 7 6 10 19 24 8 14 20 27 15 23 17 26 18 28 11 22 9 21 12 25 16 30 13 29 17 18 19 21 20 23 22 26 6 11 2 8 24 0 1 9 29 7 4 14 25 5 3 15 30 12 27 10 28 13
1 2 3 5 4 7 6 10 19 24 8 14 20 27 15 23 17 26 18 28 11 22 9 21 12 25 16 30 13 29 20 21 22 24 23 26 25 29 9 14 5 11 27 3 4 12 1 10 7 17 28 8 6 18 2 15 30 13 0 16
1 2 3 5 4 7 6 10 19 24 8 14 20 27 15 23 17 26 18 28 11 22 9 21 12 25 16 30 13 29 22 23 24 26 25 28 27 0 11 16 7 13 29 5 6 14 3 12 9 19 30 10 8 20 4 17 1 15 2 18
1 2 3 5 4 7 6 10 19 24 8 14 20 27 15 23 17 26 18 28 11 22 9 21 12 25 16 30 13 29 24 25 26 28 27 30 29 2 13 18 9 15 0 7 8 16 5 14 11 21 1 12 10 22 6 19 3 17 4 20
1 2 3 5 4 7 6 10 19 24 8 14 20 27 15 23 17 26 18 28 11 22 9 21 12 25 16 30 13 29 26 27 28 30 29 1 0 4 15 20 11 17 2 9 10 18 7 16 13 23 3 14 12 24 8 21 5 19 6 22
1 2 3 5 4 7 6 10 19 24 8 14 20 27 15 23 17 26 18 28 11 22 9 21 12 25 16 30 13 29 29 30 0 2 1 4 3 7 18 23 14 20 5 12 13 21 10 19 16 26 6 17 15 27 11 24 8 22 9 25
1 2 3 5 4 7 6 10 19 24 8 14 20 27 15 23 17 26 18 28 11 22 9 21 12 25 16 30 13 29 14 15 16 18 17 20 19 23 1 6 30 5 21 28 3 11 26 4 29 8 22 2 0 12 27 9 24 7 25 10
1 2 3 5 4 7 6 10 19 24 8 14 20 27 15 23 17 26 18 28 11 22 9 21 12 25 16 30 13 29 15 16 17 19 18 21 20 24 2 7 0 6 22 29 4 12 27 5 30 9 23 3 1 13 28 10 25 8 26 11
1 2 3 5 4 7 6 10 19 24 8 14 20 27 15 23 17 26 18 28 11 22 9 21 12 25 16 30 13 29 17 18 19 21 20 23 22 26 4 9 2 8 24 0 6 14 29 7 1 11 25 5 3 15 30 12 27 10 28 13
1 2 3 5 4 7 6 10 19 24 8 14 20 27 15 23 17 26 18 28 11 22 9 21 12 25 16 30 13 29 19 20 21 23 22 25 24 28 6 11 4 10 26 2 8 16 0 9 3 13 27 7 5 17 1 14 29 12 30 15
1 2 3 5 4 7 6 10 19 24 8 14 20 27 15 23 17 26 18 28 11 22 9 21 12 25 16 30 13 29 20 21 22 24 23 26 25 29 7 12 5 11 27 3 9 17 1 10 4 14 28 8 6 18 2 15 30 13 0 16
1 2 3 5 4 7 6 10 19 24 8 14 20 27 15 23 17 26 18 28 11 22 9 21 12 25 16 30 13 29 21 22 23 25 24 27 26 30 8 13 6 12 28 4 10 18 2 11 5 15 29 9 7 19 3 16 0 14 1 17
1 2 3 5 4 7 6 10 19 24 8 14 20 27 15 23 17 26 18 28 11 22 9 21 12 25 16 30 13 29 29 30 0 2 1 4 3 7 16 21 14 20 5 12 18 26 10 19 13 23 6 17 15 27 11 24 8 22 9 25
1 2 3 5 4 7 6 10 19 24 8 14 20 27 15 23 17 26 18 28 11 22 9 21 12 25 16 30 13 29 4 5 6 8 7 10 9 13 22 27 24 30 11 18 17 25 20 29 16 26 12 23 21 2 19 1 14 28 15 0
1 2 3 5 4 7 6 10 19 24 8 14 20 27 15 23 17 26 18 28 11 22 9 21 12 25 16 30 13 29 9 10 11 13 12 15 14 18 27 1 29 4 16 23 22 30 25 3 21 0 17 28 26 7 24 6 19 2 20 5
1 2 3 5 4 7 6 10 19 24 8 14 20 27 15 23 17 26 18 28 11 22 9 21 12 25 16 30 13 29 10 11 12 14 13 16 15 19 28 2 30 5 17 24 23 0 26 4 22 1 18 29 27 8 25 7 20 3 21 6
1 2 3 5 4 7 6 10 19 24 8 14 20 27 15 23 17 26 18 28 11 22 9 21 12 25 16 30 13 29 16 17 18 20 19 22 21 25 3 8 5 11 23 30 29 6 1 10 28 7 24 4 2 14 0 13 26 9 27 12
1 2 3 5 4 7 6 10 19 24 8 14 20 27 15 23 17 26 18 28 11 22 9 21 12 25 16 30 13 29 18 19 20 22 21 24 23 27 5 10 7 13 25 1 0 8 3 12 30 9 26 6 4 16 2 15 28 11 29 14
1 2 3 5 4 7 6 10 19 24 8 14 20 27 15 23 17 26 18 28 11 22 9 21 12 25 16 30 13 29 20 21 22 24 23 26 25 29 7 12 9 15 27 3 2 10 5 14 1 11 28 8 6 18 4 17 30 13 0 16
1 2 3 5 4 7 6 10 19 24 8 14 20 27 15 23 17 26 18 28 11 22 9 21 12 25 16 30 13 29 26 27 28 30 29 1 0 4 13 18 15 21 2 9 8 16 11 20 7 17 3 14 12 24 10 23 5 19 6 22
1 2 3 5 4 7 6 10 19 24 8 14 20 27 15 23 17 26 18 28 11 22 9 21 12 25 16 30 13 29 29 30 0 2 1 4 3 7 16 21 18 24 5 12 11 19 14 23 10 20 6 17 15 27 13 26 8 22 9 25
1 2 3 5 4 7 6 10 19 24 8 14 20 27 15 23 17 26 18 28 11 22 9 21 12 25 16 30 13 29 9 10 11 13 12 15 14 18 27 1 24 30 16 23 29 6 26 4 21 0 17 28 22 3 25 7 19 2 20 5
1 2 3 5 4 7 6 10 19 24 8 14 20 27 15 23 17 26 18 28 11 22 9 21 12 25 16 30 13 29 11 12 13 15 14 17 16 20 29 3 26 1 18 25 0 8 28 6 23 2 19 30 24 5 27 9 21 4 22 7
1 2 3 5 4 7 6 10 19 24 8 14 20 27 15 23 17 26 18 28 11 22 9 21 12 25 16 30 13 29 14 15 16 18 17 20 19 23 1 6 29 4 21 28 3 11 0 9 26 5 22 2 27 8 30 12 24 7 25 10
1 2 3 5 4 7 6 10 19 24 8 14 20 27 15 23 17 26 18 28 11 22 9 21 12 25 16 30 13 29 16 17 18 20 19 22 21 25 3 8 0 6 23 30 5 13 2 11 28 7 24 4 29 10 1 14 26 9 27 12
1 2 3 5 4 7 6 10 19 24 8 14 20 27 15 23 17 26 18 28 11 22 9 21 12 25 16 30 13 29 18 19 20 22 21 24 23 27 5 10 2 8 25 1 7 15 4 13 30 9 26 6 0 12 3 16 28 11 29 14
1 2 3 5 4 7 6 10 19 24 8 14 20 27 15 23 17 26 18 28 11 22 9 21 12 25 16 30 13 29 20 21 22 24 23 26 25 29 7 12 4 10 27 3 9 17 6 15 1 11 28 8 2 14 5 18 30 13 0 16
1 2 3 5 4 7 6 10 19 24 8 14 20 27 15 23 17 26 18 28 11 22 9 21 12 25 16 30 13 29 21 22 23 25 24 27 26 30 8 13 5 11 28 4 10 18 7 16 2 12 29 9 3 15 6 19 0 14 1 17
1 2 3 5 4 7 6 10 19 24 8 14 20 27 15 23 17 26 18 28 11 22 9 21 12 25 16 30 13 29 29 30 0 2 1 4 3 7 16 21 13 19 5 12 18 26 15 24 10 20 6 17 11 23 14 27 8 22 9 25
1 2 3 5 4 7 6 10 19 24 8 14 20 27 15 23 17 26 18 28 11 22 9 21 12 25 16 30 13 29 5 6 7 9 8 11 10 14 21 26 22 28 12 19 23 0 25 3 17 27 13 24 18 30 20 2 15 29 16 1
1 2 3 5 4 7 6 10 19 24 8 14 20 27 15 23 17 26 18 28 11 22 9 21 12 25 16 30 13 29 10 11 12 14 13 16 15 19 26 0 27 2 17 24 28 5 30 8 22 1 18 29 23 4 25 7 20 3 21 6
1 2 3 5 4 7 6 10 19 24 8 14 20 27 15 23 17 26 18 28 11 22 9 21 12 25 16 30 13 29 14 15 16 18 17 20 19 23 30 4 0 6 21 28 1 9 3 12 26 5 22 2 27 8 29 11 24 7 25 10
1 2 3 5 4 7 6 10 19 24 8 14 20 27 15 23 17 26 18 28 11 22 9 21 12 25 16 30 13 29 16 17 18 20 19 22 21 25 1 6 2 8 23 30 3 11 5 14 28 7 24 4 29 10 0 13 26 9 27 12
1 2 3 5 4 7 6 10 19 24 8 14 20 27 15 23 17 26 18 28 11 22 9 21 12 25 16 30 13 29 19 20 21 23 22 25 24 28 4 9 5 11 26 2 6 14 8 17 0 10 27 7 1 13 3 16 29 12 30 15
1 2 3 5 4 7 6 10 19 24 8 14 20 27 15 23 17 26 18 28 11 22 9 21 12 25 16 30 13 29 21 22 23 25 24 27 26 30 6 11 7 13 28 4 8 16 10 19 2 12 29 9 3 15 5 18 0 14 1 17
1 2 3 5 4 7 6 10 19 24 8 14 20 27 15 23 17 26 18 28 11 22 9 21 12 25 16 30 13 29 29 30 0 2 1 4 3 7 14 19 15 21 5 12 16 24 18 27 10 20 6 17 11 23 13 26 8 22 9 25
1 2 3 5 4 7 6 10 19 24 8 14 20 27 15 23 17 26 18 28 11 22 9 21 12 25 16 30 13 29 10 11 12 14 13 16 15 19 28 2 25 0 17 24 30 7 26 4 22 1 18 29 27 8 23 5 20 3 21 6
1 2 3 5 4 7 6 10 19 24 8 14 20 27 15 23 17 26 18 28 11 22 9 21 12 25 16 30 13 29 14 15 16 18 17 20 19 23 1 6 29 4 21 28 3 11 30 8 26 5 22 2 0 12 27 9 24 7 25 10
1 2 3 5 4 7 6 10 19 24 8 14 20 27 15 23 17 26 18 28 11 22 9 21 12 25 16 30 13 29 16 17 18 20 19 22 21 25 3 8 0 6 23 30 5 13 1 10 28 7 24 4 2 14 29 11 26 9 27 12
1 2 3 5 4 7 6 10 19 24 8 14 20 27 15 23 17 26 18 28 11 22 9 21 12 25 16 30 13 29 17 18 19 21 20 23 22 26 4 9 1 7 24 0 6 14 2 11 29 8 25 5 3 15 30 12 27 10 28 13
1 2 3 5 4 7 6 10 19 24 8 14 20 27 15 23 17 26 18 28 11 22 9 21 12 25 16 30 13 29 20 21 22 24 23 26 25 29 7 12 4 10 27 3 9 17 5 14 1 11 28 8 6 18 2 15 30 13 0 16
1 2 3 5 4 7 6 10 19 24 8 14 20 27 15 23 17 26 18 28 11 22 9 21 12 25 16 30 13 29 21 22 23 25 24 27 26 30 8 13 5 11 28 4 10 18 6 15 2 12 29 9 7 19 3 16 0 14 1 17
1 2 3 5 4 7 6 10 19 24 8 14 20 27 15 23 17 26 18 28 11 22 9 21 12 25 16 30 13 29 29 30 0 2 1 4 3 7 16 21 13 19 5 12 18 26 14 23 10 20 6 17 15 27 11 24 8 22 9 25
1 2 3 5 4 7 6 10 19 24 8 14 20 27 15 23 17 26 18 28 11 22 9 21 12 25 16 30 13 29 11 12 13 15 14 17 16 20 29 3 26 1 18 25 28 5 0 9 23 2 19 30 27 8 24 6 21 4 22 7
1 2 3 5 4 7 6 10 19 24 8 14 20 27 15 23 17 26 18 28 11 22 9 21 12 25 16 30 13 29 12 13 14 16 15 18 17 21 30 4 27 2 19 26 29 6 1 10 24 3 20 0 28 9 25 7 22 5 23 8
1 2 3 5 4 7 6 10 19 24 8 14 20 27 15 23 17 26 18 28 11 22 9 21 12 25 16 30 13 29 18 19 20 22 21 24 23 27 5 10 2 8 25 1 4 12 7 16 30 9 26 6 3 15 0 13 28 11 29 14
1 2 3 5 4 7 6 10 19 24 8 14 20 27 15 23 17 26 18 28 11 22 9 21 12 25 16 30 13 29 20 21 22 24 23 26 25 29 7 12 4 10 27 3 6 14 9 18 1 11 28 8 5 17 2 15 30 13 0 16
1 2 3 5 4 7 6 10 19 24 8 14 20 27 15 23 17 26 18 28 11 22 9 21 12 25 16 30 13 29 21 22 23 25 24 27 26 30 8 13 5 11 28 4 7 15 10 19 2 12 29 9 6 18 3 16 0 14 1 17
1 2 3 5 4 7 6 10 19 24 8 14 20 27 15 23 17 26 18 28 11 22 9 21 12 25 16 30 13 29 9 10 11 13 12 15 14 18 27 1 24 30 16 23 29 6 22 0 25 4 17 28 26 7 21 3 19 2 20 5
1 2 3 5 4 7 6 10 19 24 8 14 20 27 15 23 17 26 18 28 11 22 9 21 12 25 16 30 13 29 10 11 12 14 13 16 15 19 28 2 25 0 17 24 30 7 23 1 26 5 18 29 27 8 22 4 20 3 21 6
1 2 3 5 4 7 6 10 19 24 8 14 20 27 15 23 17 26 18 28 11 22 9 21 12 25 16 30 13 29 18 19 20 22 21 24 23 27 5 10 2 8 25 1 7 15 0 9 3 13 26 6 4 16 30 12 28 11 29 14
1 2 3 5 4 7 6 10 19 24 8 14 20 27 15 23 17 26 18 28 11 22 9 21 12 25 16 30 13 29 19 20 21 23 22 25 24 28 6 11 3 9 26 2 8 16 1 10 4 14 27 7 5 17 0 13 29 12 30 15
1 2 3 5 4 7 6 10 19 24 8 14 20 27 15 23 17 26 18 28 11 22 9 21 12 25 16 30 13 29 21 22 23 25 24 27 26 30 8 13 5 11 28 4 10 18 3 12 6 16 29 9 7 19 2 15 0 14 1 17
1 2 3 5 4 7 6 10 19 24 8 14 20 27 15 23 17 26 18 28 11 22 9 21 12 25 16 30 13 29 29 30 0 2 1 4 3 7 16 21 13 19 5 12 18 26 11 20 14 24 6 17 15 27 10 23 8 22 9 25
1 2 3 5 4 7 6 10 19 24 8 14 20 27 15 23 17 26 18 28 11 22 9 21 12 25 16 30 13 29 10 11 12 14 13 16 15 19 26 0 30 5 17 24 25 2 23 1 28 7 18 29 27 8 22 4 20 3 21 6
1 2 3 5 4 7 6 10 19 24 8 14 20 27 15 23 17 26 18 28 11 22 9 21 12 25 16 30 13 29 12 13 14 16 15 18 17 21 28 2 1 7 19 26 27 4 25 3 30 9 20 0 29 10 24 6 22 5 23 8
1 2 3 5 4 7 6 10 19 24 8 14 20 27 15 23 17 26 18 28 11 22 9 21 12 25 16 30 13 29 15 16 17 19 18 21 20 24 0 5 4 10 22 29 30 7 28 6 2 12 23 3 1 13 27 9 25 8 26 11
1 2 3 5 4 7 6 10 19 24 8 14 20 27 15 23 17 26 18 28 11 22 9 21 12 25 16 30 13 29 18 19 20 22 21 24 23 27 3 8 7 13 25 1 2 10 0 9 5 15 26 6 4 16 30 12 28 11 29 14
1 2 3 5 4 7 6 10 19 24 8 14 20 27 15 23 17 26 18 28 11 22 9 21 12 25 16 30 13 29 20 21 22 24 23 26 25 29 5 10 9 15 27 3 4 12 2 11 7 17 28 8 6 18 1 14 30 13 0 16
1 2 3 5 4 7 6 10 19 24 8 14 20 27 15 23 17 26 18 28 11 22 9 21 12 25 16 30 13 29 22 23 24 26 25 28 27 0 7 12 11 17 29 5 6 14 4 13 9 19 30 10 8 20 3 16 1 15 2 18
1 2 3 5 4 7 6 10 19 24 8 14 20 27 15 23 17 26 18 28 11 22 9 21 12 25 16 30 13 29 29 30 0 2 1 4 3 7 14 19 18 24 5 12 13 21 11 20 16 26 6 17 15 27 10 23 8 22 9 25
1 2 3 5 4 7 6 10 19 24 8 14 20 27 15 23 17 26 18 28 11 22 9 21 12 25 16 30 13 29 4 5 6 8 7 10 9 13 21 26 19 25 11 18 22 30 24 2 17 27 12 23 20 1 16 29 14 28 15 0
1 2 3 5 4 7 6 10 19 24 8 14 20 27 15 23 17 26 18 28 11 22 9 21 12 25 16 30 13 29 7 8 9 11 10 13 12 16 24 29 22 28 14 21 25 2 27 5 20 30 15 26 23 4 19 1 17 0 18 3
1 2 3 5 4 7 6 10 19 24 8 14 20 27 15 23 17 26 18 28 11 22 9 21 12 25 16 30 13 29 10 11 12 14 13 16 15 19 27 1 25 0 17 24 28 5 30 8 23 2 18 29 26 7 22 4 20 3 21 6
1 2 3 5 4 7 6 10 19 24 8 14 20 27 15 23 17 26 18 28 11 22 9 21 12 25 16 30 13 29 11 12 13 15 14 17 16 20 28 2 26 1 18 25 29 6 0 9 24 3 19 30 27 8 23 5 21 4 22 7
1 2 3 5 4 7 6 10 19 24 8 14 20 27 15 23 17 26 18 28 11 22 9 21 12 25 16 30 13 29 12 13 14 16 15 18 17 21 29 3 27 2 19 26 30 7 1 10 25 4 20 0 28 9 24 6 22 5 23 8
1 2 3 5 4 7 6 10 19 24 8 14 20 27 15 23 17 26 18 28 11 22 9 21 12 25 16 30 13 29 19 20 21 23 22 25 24 28 5 10 3 9 26 2 6 14 8 17 1 11 27 7 4 16 0 13 29 12 30 15
1 2 3 5 4 7 6 10 19 24 8 14 20 27 15 23 17 26 18 28 11 22 9 21 12 25 16 30 13 29 20 21 22 24 23 26 25 29 6 11 4 10 27 3 7 15 9 18 2 12 28 8 5 17 1 14 30 13 0 16
1 2 3 5 4 7 6 10 19 24 8 14 20 27 15 23 17 26 18 28 11 22 9 21 12 25 16 30 13 29 22 23 24 26 25 28 27 0 8 13 6 12 29 5 9 17 11 20 4 14 30 10 7 19 3 16 1 15 2 18
1 2 3 5 4 7 6 10 19 24 8 14 20 27 15 23 17 26 18 28 11 22 9 21 12 25 16 30 13 29 25 26 27 29 28 0 30 3 11 16 9 15 1 8 12 20 14 23 7 17 2 13 10 22 6 19 4 18 5 21
1 2 3 5 4 7 6 10 19 24 8 14 20 27 15 23 17 26 18 28 11 22 9 21 12 25 16 30 13 29 6 7 8 10 9 12 11 15 24 29 22 28 13 20 23 0 26 4 17 27 14 25 18 30 21 3 19 2 16 1
1 2 3 5 4 7 6 10 19 24 8 14 20 27 15 23 17 26 18 28 11 22 9 21 12 25 16 30 13 29 8 9 10 12 11 14 13 17 26 0 24 30 15 22 25 2 28 6 19 29 16 27 20 1 23 5 21 4 18 3
1 2 3 5 4 7 6 10 19 24 8 14 20 27 15 23 17 26 18 28 11 22 9 21 12 25 16 30 13 29 9 10 11 13 12 15 14 18 27 1 25 0 16 23 26 3 29 7 20 30 17 28 21 2 24 6 22 5 19 4
1 2 3 5 4 7 6 10 19 24 8 14 20 27 15 23 17 26 18 28 11 22 9 21 12 25 16 30 13 29 12 13 14 16 15 18 17 21 30 4 28 3 19 26 29 6 1 10 23 2 20 0 24 5 27 9 25 8 22 7
1 2 3 5 4 7 6 10 19 24 8 14 20 27 15 23 17 26 18 28 11 22 9 21 12 25 16 30 13 29 14 15 16 18 17 20 19 23 1 6 30 5 21 28 0 8 3 12 25 4 22 2 26 7 29 11 27 10 24 9
1 2 3 5 4 7 6 10 19 24 8 14 20 27 15 23 17 26 18 28 11 22 9 21 12 25 16 30 13 29 22 23 24 26 25 28 27 0 9 14 7 13 29 5 8 16 11 20 2 12 30 10 3 15 6 19 4 18 1 17
1 2 3 5 4 7 6 10 19 24 8 14 20 27 15 23 17 26 18 28 11 22 9 21 12 25 16 30 13 29 26 27 28 30 29 1 0 4 13 18 11 17 2 9 12 20 15 24 6 16 3 14 7 19 10 23 8 22 5 21
1 2 3 5 4 7 6 10 19 24 8 14 20 27 15 23 17 26 18 28 11 22 9 21 12 25 16 30 13 29 14 15 16 18 17 20 19 23 0 5 1 7 21 28 29 6 3 12 25 4 22 2 30 11 26 8 27 10 24 9
1 2 3 5 4 7 6 10 19 24 8 14 20 27 15 23 17 26 18 28 11 22 9 21 12 25 16 30 13 29 17 18 19 21 20 23 22 26 3 8 4 10 24 0 1 9 6 15 28 7 25 5 2 14 29 11 30 13 27 12
1 2 3 5 4 7 6 10 19 24 8 14 20 27 15 23 17 26 18 28 11 22 9 21 12 25 16 30 13 29 25 26 27 29 28 0 30 3 11 16 12 18 1 8 9 17 14 23 5 15 2 13 10 22 6 19 7 21 4 20
1 2 3 5 4 7 6 10 19 24 8 14 20 27 15 23 17 26 18 28 11 22 9 21 12 25 16 30 13 29 29 30 0 2 1 4 3 7 15 20 16 22 5 12 13 21 18 27 9 19 6 17 14 26 10 23 11 25 8 24
1 2 3 5 4 7 6 10 19 24 8 14 20 27 15 23 17 26 18 28 11 22 9 21 12 25 16 30 13 29 6 7 8 10 9 12 11 15 24 29 22 28 13 20 26 3 21 30 17 27 14 25 23 4 18 0 19 2 16 1
1 2 3 5 4 7 6 10 19 24 8 14 20 27 15 23 17 26 18 28 11 22 9 21 12 25 16 30 13 29 12 13 14 16 15 18 17 21 30 4 28 3 19 26 1 9 27 5 23 2 20 0 29 10 24 6 25 8 22 7
1 2 3 5 4 7 6 10 19 24 8 14 20 27 15 23 17 26 18 28 11 22 9 21 12 25 16 30 13 29 15 16 17 19 18 21 20 24 2 7 0 6 22 29 4 12 30 8 26 5 23 3 1 13 27 9 28 11 25 10
1 2 3 5 4 7 6 10 19 24 8 14 20 27 15 23 17 26 18 28 11 22 9 21 12 25 16 30 13 29 19 20 21 23 22 25 24 28 6 11 4 10 26 2 8 16 3 12 30 9 27 7 5 17 0 13 1 15 29 14
1 2 3 5 4 7 6 10 19 24 8 14 20 27 15 23 17 26 18 28 11 22 9 21 12 25 16 30 13 29 21 22 23 25 24 27 26 30 8 13 6 12 28 4 10 18 5 14 1 11 29 9 7 19 2 15 3 17 0 16
1 2 3 5 4 7 6 10 19 24 8 14 20 27 15 23 17 26 18 28 11 22 9 21 12 25 16 30 13 29 27 28 29 0 30 2 1 5 14 19 12 18 3 10 16 24 11 20 7 17 4 15 13 25 8 21 9 23 6 22
1 2 3 5 4 7 6 10 19 24 8 14 20 27 15 23 17 26 18 28 11 22 9 21 12 25 16 30 13 29 28 29 30 1 0 3 2 6 15 20 13 19 4 11 17 25 12 21 8 18 5 16 14 26 9 22 10 24 7 23
1 2 3 5 4 7 6 10 19 24 8 14 20 27 15 23 17 26 18 28 11 22 9 21 12 25 16 30 13 29 29 30 0 2 1 4 3 7 16 21 14 20 5 12 18 26 13 22 9 19 6 17 15 27 10 23 11 25 8 24
1 2 3 5 4 7 6 10 19 24 8 14 20 27 15 23 17 26 18 28 11 22 9 21 12 25 16 30 13 29 10 11 12 14 13 16 15 19 27 1 28 3 17 24 30 7 22 0 25 4 18 29 21 2 26 8 23 6 20 5
1 2 3 5 4 7 6 10 19 24 8 14 20 27 15 23 17 26 18 28 11 22 9 21 12 25 16 30 13 29 11 12 13 15 14 17 16 20 28 2 29 4 18 25 0 8 23 1 26 5 19 30 22 3 27 9 24 7 21 6
1 2 3 5 4 7 6 10 19 24 8 14 20 27 15 23 17 26 18 28 11 22 9 21 12 25 16 30 13 29 14 15 16 18 17 20 19 23 0 5 1 7 21 28 3 11 26 4 29 8 22 2 25 6 30 12 27 10 24 9
1 2 3 5 4 7 6 10 19 24 8 14 20 27 15 23 17 26 18 28 11 22 9 21 12 25 16 30 13 29 15 16 17 19 18 21 20 24 1 6 2 8 22 29 4 12 27 5 30 9 23 3 26 7 0 13 28 11 25 10
1 2 3 5 4 7 6 10 19 24 8 14 20 27 15 23 17 26 18 28 11 22 9 21 12 25 16 30 13 29 17 18 19 21 20 23 22 26 3 8 4 10 24 0 6 14 29 7 1 11 25 5 28 9 2 15 30 13 27 12
1 2 3 5 4 7 6 10 19 24 8 14 20 27 15 23 17 26 18 28 11 22 9 21 12 25 16 30 13 29 20 21 22 24 23 26 25 29 6 11 7 13 27 3 9 17 1 10 4 14 28 8 0 12 5 18 2 16 30 15
1 2 3 5 4 7 6 10 19 24 8 14 20 27 15 23 17 26 18 28 11 22 9 21 12 25 16 30 13 29 5 6 7 9 8 11 10 14 21 26 23 29 12 19 22 30 25 3 17 27 13 24 16 28 20 2 18 1 15 0
1 2 3 5 4 7 6 10 19 24 8 14 20 27 15 23 17 26 18 28 11 22 9 21 12 25 16 30 13 29 12 13 14 16 15 18 17 21 28 2 30 5 19 26 29 6 1 10 24 3 20 0 23 4 27 9 25 8 22 7
1 2 3 5 4 7 6 10 19 24 8 14 20 27 15 23 17 26 18 28 11 22 9 21 12 25 16 30 13 29 15 16 17 19 18 21 20 24 0 5 2 8 22 29 1 9 4 13 27 6 23 3 26 7 30 12 28 11 25 10
1 2 3 5 4 7 6 10 19 24 8 14 20 27 15 23 17 26 18 28 11 22 9 21 12 25 16 30 13 29 17 18 19 21 20 23 22 26 2 7 4 10 24 0 3 11 6 15 29 8 25 5 28 9 1 14 30 13 27 12
1 2 3 5 4 7 6 10 19 24 8 14 20 27 15 23 17 26 18 28 11 22 9 21 12 25 16 30 13 29 18 19 20 22 21 24 23 27 3 8 5 11 25 1 4 12 7 16 30 9 26 6 29 10 2 15 0 14 28 13
1 2 3 5 4 7 6 10 19 24 8 14 20 27 15 23 17 26 18 28 11 22 9 21 12 25 16 30 13 29 19 20 21 23 22 25 24 28 4 9 6 12 26 2 5 13 8 17 0 10 27 7 30 11 3 16 1 15 29 14
1 2 3 5 4 7 6 10 19 24 8 14 20 27 15 23 17 26 18 28 11 22 9 21 12 25 16 30 13 29 25 26 27 29 28 0 30 3 10 15 12 18 1 8 11 19 14 23 6 16 2 13 5 17 9 22 7 21 4 20
1 2 3 5 4 7 6 10 19 24 8 14 20 27 15 23 17 26 18 28 11 22 9 21 12 25 16 30 13 29 5 6 7 9 8 11 10 14 21 26 23 29 12 19 25 2 18 27 22 1 13 24 16 28 17 30 20 3 15 0
1 2 3 5 4 7 6 10 19 24 8 14 20 27 15 23 17 26 18 28 11 22 9 21 12 25 16 30 13 29 7 8 9 11 10 13 12 16 23 28 25 0 14 21 27 4 20 29 24 3 15 26 18 30 19 1 22 5 17 2
1 2 3 5 4 7 6 10 19 24 8 14 20 27 15 23 17 26 18 28 11 22 9 21 12 25 16 30 13 29 16 17 18 20 19 22 21 25 1 6 3 9 23 30 5 13 29 7 2 12 24 4 27 8 28 10 0 14 26 11
1 2 3 5 4 7 6 10 19 24 8 14 20 27 15 23 17 26 18 28 11 22 9 21 12 25 16 30 13 29 17 18 19 21 20 23 22 26 2 7 4 10 24 0 6 14 30 8 3 13 25 5 28 9 29 11 1 15 27 12
1 2 3 5 4 7 6 10 19 24 8 14 20 27 15 23 17 26 18 28 11 22 9 21 12 25 16 30 13 29 19 20 21 23 22 25 24 28 4 9 6 12 26 2 8 16 1 10 5 15 27 7 30 11 0 13 3 17 29 14
1 2 3 5 4 7 6 10 19 24 8 14 20 27 15 23 17 26 18 28 11 22 9 21 12 25 16 30 13 29 22 23 24 26 25 28 27 0 7 12 9 15 29 5 11 19 4 13 8 18 30 10 2 14 3 16 6 20 1 17
1 2 3 5 4 7 6 10 19 24 8 14 20 27 15 23 17 26 18 28 11 22 9 21 12 25 16 30 13 29 25 26 27 29 28 0 30 3 10 15 12 18 1 8 14 22 7 16 11 21 2 13 5 17 6 19 9 23 4 20
1 2 3 5 4 7 6 10 19 24 8 14 20 27 15 23 17 26 18 28 11 22 9 21 12 25 16 30 13 29 5 6 7 9 8 11 10 14 22 27 20 26 12 19 21 29 25 3 23 2 13 24 16 28 17 30 18 1 15 0
1 2 3 5 4 7 6 10 19 24 8 14 20 27 15 23 17 26 18 28 11 22 9 21 12 25 16 30 13 29 8 9 10 12 11 14 13 17 25 30 23 29 15 22 24 1 28 6 26 5 16 27 19 0 20 2 21 4 18 3
1 2 3 5 4 7 6 10 19 24 8 14 20 27 15 23 17 26 18 28 11 22 9 21 12 25 16 30 13 29 10 11 12 14 13 16 15 19 27 1 25 0 17 24 26 3 30 8 28 7 18 29 21 2 22 4 23 6 20 5
1 2 3 5 4 7 6 10 19 24 8 14 20 27 15 23 17 26 18 28 11 22 9 21 12 25 16 30 13 29 12 13 14 16 15 18 17 21 29 3 27 2 19 26 28 5 1 10 30 9 20 0 23 4 24 6 25 8 22 7
1 2 3 5 4 7 6 10 19 24 8 14 20 27 15 23 17 26 18 28 11 22 9 21 12 25 16 30 13 29 16 17 18 20 19 22 21 25 2 7 0 6 23 30 1 9 5 14 3 13 24 4 27 8 28 10 29 12 26 11
1 2 3 5 4 7 6 10 19 24 8 14 20 27 15 23 17 26 18 28 11 22 9 21 12 25 16 30 13 29 19 20 21 23 22 25 24 28 5 10 3 9 26 2 4 12 8 17 6 16 27 7 30 11 0 13 1 15 29 14
1 2 3 5 4 7 6 10 19 24 8 14 20 27 15 23 17 26 18 28 11 22 9 21 12 25 16 30 13 29 20 21 22 24 23 26 25 29 6 11 4 10 27 3 5 13 9 18 7 17 28 8 0 12 1 14 2 16 30 15
1 2 3 5 4 7 6 10 19 24 8 14 20 27 15 23 17 26 18 28 11 22 9 21 12 25 16 30 13 29 21 22 23 25 24 27 26 30 7 12 5 11 28 4 6 14 10 19 8 18 29 9 1 13 2 15 3 17 0 16
1 2 3 5 4 7 6 10 19 24 8 14 20 27 15 23 17 26 18 28 11 22 9 21 12 25 16 30 13 29 22 23 24 26 25 28 27 0 8 13 6 12 29 5 7 15 11 20 9 19 30 10 2 14 3 16 4 18 1 17
1 2 3 5 4 7 6 10 19 24 8 14 20 27 15 23 17 26 18 28 11 22 9 21 12 25 16 30 13 29 14 15 16 18 17 20 19 23 1 6 30 5 21 28 3 11 26 4 0 10 22 2 27 8 25 7 29 12 24 9
1 2 3 5 4 7 6 10 19 24 8 14 20 27 15 23 17 26 18 28 11 22 9 21 12 25 16 30 13 29 16 17 18 20 19 22 21 25 3 8 1 7 23 30 5 13 28 6 2 12 24 4 29 10 27 9 0 14 26 11
1 2 3 5 4 7 6 10 19 24 8 14 20 27 15 23 17 26 18 28 11 22 9 21 12 25 16 30 13 29 17 18 19 21 20 23 22 26 4 9 2 8 24 0 6 14 29 7 3 13 25 5 30 11 28 10 1 15 27 12
1 2 3 5 4 7 6 10 19 24 8 14 20 27 15 23 17 26 18 28 11 22 9 21 12 25 16 30 13 29 18 19 20 22 21 24 23 27 5 10 3 9 25 1 7 15 30 8 4 14 26 6 0 12 29 11 2 16 28 13
1 2 3 5 4 7 6 10 19 24 8 14 20 27 15 23 17 26 18 28 11 22 9 21 12 25 16 30 13 29 19 20 21 23 22 25 24 28 6 11 4 10 26 2 8 16 0 9 5 15 27 7 1 13 30 12 3 17 29 14
1 2 3 5 4 7 6 10 19 24 8 14 20 27 15 23 17 26 18 28 11 22 9 21 12 25 16 30 13 29 20 21 22 24 23 26 25 29 7 12 5 11 27 3 9 17 1 10 6 16 28 8 2 14 0 13 4 18 30 15
1 2 3 5 4 7 6 10 19 24 8 14 20 27 15 23 17 26 18 28 11 22 9 21 12 25 16 30 13 29 24 25 26 28 27 30 29 2 11 16 9 15 0 7 13 21 5 14 10 20 1 12 6 18 4 17 8 22 3 19
1 2 3 5 4 7 6 10 19 24 8 14 20 27 15 23 17 26 18 28 11 22 9 21 12 25 16 30 13 29 29 30 0 2 1 4 3 7 16 21 14 20 5 12 18 26 10 19 15 25 6 17 11 23 9 22 13 27 8 24
1 2 3 5 4 7 6 10 19 24 8 14 20 27 15 23 17 26 18 28 11 22 9 21 12 25 16 30 13 29 4 5 6 8 7 10 9 13 24 29 20 26 11 18 19 27 16 25 22 1 12 23 21 2 15 28 17 0 14 30
1 2 3 5 4 7 6 10 19 24 8 14 20 27 15 23 17 26 18 28 11 22 9 21 12 25 16 30 13 29 11 12 13 15 14 17 16 20 0 5 27 2 18 25 26 3 23 1 29 8 19 30 28 9 22 4 24 7 21 6
1 2 3 5 4 7 6 10 19 24 8 14 20 27 15 23 17 26 18 28 11 22 9 21 12 25 16 30 13 29 15 16 17 19 18 21 20 24 4 9 0 6 22 29 30 7 27 5 2 12 23 3 1 13 26 8 28 11 25 10
1 2 3 5 4 7 6 10 19 24 8 14 20 27 15 23 17 26 18 28 11 22 9 21 12 25 16 30 13 29 20 21 22 24 23 26 25 29 9 14 5 11 27 3 4 12 1 10 7 17 28 8 6 18 0 13 2 16 30 15
1 2 3 5 4 7 6 10 19 24 8 14 20 27 15 23 17 26 18 28 11 22 9 21 12 25 16 30 13 29 24 25 26 28 27 30 29 2 13 18 9 15 0 7 8 16 5 14 11 21 1 12 10 22 4 17 6 20 3 19
1 2 3 5 4 7 6 10 19 24 8 14 20 27 15 23 17 26 18 28 11 22 9 21 12 25 16 30 13 29 25 26 27 29 28 0 30 3 14 19 10 16 1 8 9 17 6 15 12 22 2 13 11 23 5 18 7 21 4 20
1 2 3 5 4 7 6 10 19 24 8 14 20 27 15 23 17 26 18 28 11 22 9 21 12 25 16 30 13 29 27 28 29 0 30 2 1 5 16 21 12 18 3 10 11 19 8 17 14 24 4 15 13 25 7 20 9 23 6 22
1 2 3 5 4 7 6 10 19 24 8 14 20 27 15 23 17 26 18 28 11 22 9 21 12 25 16 30 13 29 28 29 30 1 0 3 2 6 17 22 13 19 4 11 12 20 9 18 15 25 5 16 14 26 8 21 10 24 7 23
1 2 3 5 4 7 6 10 19 24 8 14 20 27 15 23 17 26 18 28 11 22 9 21 12 25 16 30 13 29 29 30 0 2 1 4 3 7 18 23 14 20 5 12 13 21 10 19 16 26 6 17 15 27 9 22 11 25 8 24
1 2 3 5 4 7 6 10 19 24 8 14 20 27 15 23 17 26 18 28 11 22 9 21 12 25 16 30 13 29 6 7 8 10 9 12 11 15 24 29 22 28 13 20 26 3 18 27 21 0 14 25 23 4 17 30 19 2 16 1
1 2 3 5 4 7 6 10 19 24 8 14 20 27 15 23 17 26 18 28 11 22 9 21 12 25 16 30 13 29 10 11 12 14 13 16 15 19 28 2 26 1 17 24 30 7 22 0 25 4 18 29 27 8 21 3 23 6 20 5
1 2 3 5 4 7 6 10 19 24 8 14 20 27 15 23 17 26 18 28 11 22 9 21 12 25 16 30 13 29 11 12 13 15 14 17 16 20 29 3 27 2 18 25 0 8 23 1 26 5 19 30 28 9 22 4 24 7 21 6
1 2 3 5 4 7 6 10 19 24 8 14 20 27 15 23 17 26 18 28 11 22 9 21 12 25 16 30 13 29 14 15 16 18 17 20 19 23 1 6 30 5 21 28 3 11 26 4 29 8 22 2 0 12 25 7 27 10 24 9
1 2 3 5 4 7 6 10 19 24 8 14 20 27 15 23 17 26 18 28 11 22 9 21 12 25 16 30 13 29 15 16 17 19 18 21 20 24 2 7 0 6 22 29 4 12 27 5 30 9 23 3 1 13 26 8 28 11 25 10
1 2 3 5 4 7 6 10 19 24 8 14 20 27 15 23 17 26 18 28 11 22 9 21 12 25 16 30 13 29 16 17 18 20 19 22 21 25 3 8 1 7 23 30 5 13 28 6 0 10 24 4 2 14 27 9 29 12 26 11
1 2 3 5 4 7 6 10 19 24 8 14 20 27 15 23 17 26 18 28 11 22 9 21 12 25 16 30 13 29 19 20 21 23 22 25 24 28 6 11 4 10 26 2 8 16 0 9 3 13 27 7 5 17 30 12 1 15 29 14
1 2 3 5 4 7 6 10 19 24 8 14 20 27 15 23 17 26 18 28 11 22 9 21 12 25 16 30 13 29 20 21 22 24 23 26 25 29 7 12 5 11 27 3 9 17 1 10 4 14 28 8 6 18 0 13 2 16 30 15
1 2 3 5 4 7 6 10 19 24 8 14 20 27 15 23 17 26 18 28 11 22 9 21 12 25 16 30 13 29 27 28 29 0 30 2 1 5 14 19 12 18 3 10 16 24 8 17 11 21 4 15 13 25 7 20 9 23 6 22
1 2 3 5 4 7 6 10 19 24 8 14 20 27 15 23 17 26 18 28 11 22 9 21 12 25 16 30 13 29 28 29 30 1 0 3 2 6 15 20 13 19 4 11 17 25 9 18 12 22 5 16 14 26 8 21 10 24 7 23
1 2 3 5 4 7 6 10 19 24 8 14 20 27 15 23 17 26 18 28 11 22 9 21 12 25 16 30 13 29 29 30 0 2 1 4 3 7 16 21 14 20 5 12 18 26 10 19 13 23 6 17 15 27 9 22 11 25 8 24
1 2 3 5 4 7 6 10 19 24 8 14 20 27 15 23 17 26 18 28 11 22 9 21 12 25 16 30 13 29 7 8 9 11 10 13 12 16 27 1 24 30 14 21 20 28 25 3 19 29 15 26 23 4 18 0 22 5 17 2
1 2 3 5 4 7 6 10 19 24 8 14 20 27 15 23 17 26 18 28 11 22 9 21 12 25 16 30 13 29 11 12 13 15 14 17 16 20 0 5 28 3 18 25 24 1 29 7 23 2 19 30 27 8 22 4 26 9 21 6
1 2 3 5 4 7 6 10 19 24 8 14 20 27 15 23 17 26 18 28 11 22 9 21 12 25 16 30 13 29 14 15 16 18 17 20 19 23 3 8 0 6 21 28 27 4 1 10 26 5 22 2 30 11 25 7 29 12 24 9
1 2 3 5 4 7 6 10 19 24 8 14 20 27 15 23 17 26 18 28 11 22 9 21 12 25 16 30 13 29 16 17 18 20 19 22 21 25 5 10 2 8 23 30 29 6 3 12 28 7 24 4 1 13 27 9 0 14 26 11
1 2 3 5 4 7 6 10 19 24 8 14 20 27 15 23 17 26 18 28 11 22 9 21 12 25 16 30 13 29 18 19 20 22 21 24 23 27 7 12 4 10 25 1 0 8 5 14 30 9 26 6 3 15 29 11 2 16 28 13
1 2 3 5 4 7 6 10 19 24 8 14 20 27 15 23 17 26 18 28 11 22 9 21 12 25 16 30 13 29 21 22 23 25 24 27 26 30 10 15 7 13 28 4 3 11 8 17 2 12 29 9 6 18 1 14 5 19 0 16
1 2 3 5 4 7 6 10 19 24 8 14 20 27 15 23 17 26 18 28 11 22 9 21 12 25 16 30 13 29 25 26 27 29 28 0 30 3 14 19 11 17 1 8 7 15 12 21 6 16 2 13 10 22 5 18 9 23 4 20
1 2 3 5 4 7 6 10 19 24 8 14 20 27 15 23 17 26 18 28 11 22 9 21 12 25 16 30 13 29 28 29 30 1 0 3 2 6 17 22 14 20 4 11 10 18 15 24 9 19 5 16 13 25 8 21 12 26 7 23
1 2 3 5 4 7 6 10 19 24 8 14 20 27 15 23 17 26 18 28 11 22 9 21 12 25 16 30 13 29 29 30 0 2 1 4 3 7 18 23 15 21 5 12 11 19 16 25 10 20 6 17 14 26 9 22 13 27 8 24
1 2 3 5 4 7 6 10 19 24 8 14 20 27 15 23 17 26 18 28 11 22 9 21 12 25 16 30 13 29 5 6 7 9 8 11 10 14 21 26 22 28 12 19 25 2 23 1 17 27 13 24 18 30 16 29 20 3 15 0
1 2 3 5 4 7 6 10 19 24 8 14 20 27 15 23 17 26 18 28 11 22 9 21 12 25 16 30 13 29 7 8 9 11 10 13 12 16 23 28 24 30 14 21 27 4 25 3 19 29 15 26 20 1 18 0 22 5 17 2
1 2 3 5 4 7 6 10 19 24 8 14 20 27 15 23 17 26 18 28 11 22 9 21 12 25 16 30 13 29 14 15 16 18 17 20 19 23 30 4 0 6 21 28 3 11 1 10 26 5 22 2 27 8 25 7 29 12 24 9
1 2 3 5 4 7 6 10 19 24 8 14 20 27 15 23 17 26 18 28 11 22 9 21 12 25 16 30 13 29 16 17 18 20 19 22 21 25 1 6 2 8 23 30 5 13 3 12 28 7 24 4 29 10 27 9 0 14 26 11
1 2 3 5 4 7 6 10 19 24 8 14 20 27 15 23 17 26 18 28 11 22 9 21 12 25 16 30 13 29 17 18 19 21 20 23 22 26 2 7 3 9 24 0 6 14 4 13 29 8 25 5 30 11 28 10 1 15 27 12
1 2 3 5 4 7 6 10 19 24 8 14 20 27 15 23 17 26 18 28 11 22 9 21 12 25 16 30 13 29 20 21 22 24 23 26 25 29 5 10 6 12 27 3 9 17 7 16 1 11 28 8 2 14 0 13 4 18 30 15
1 2 3 5 4 7 6 10 19 24 8 14 20 27 15 23 17 26 18 28 11 22 9 21 12 25 16 30 13 29 24 25 26 28 27 30 29 2 9 14 10 16 0 7 13 21 11 20 5 15 1 12 6 18 4 17 8 22 3 19
1 2 3 5 4 7 6 10 19 24 8 14 20 27 15 23 17 26 18 28 11 22 9 21 12 25 16 30 13 29 25 26 27 29 28 0 30 3 10 15 11 17 1 8 14 22 12 21 6 16 2 13 7 19 5 18 9 23 4 20
1 2 3 5 4 7 6 10 19 24 8 14 20 27 15 23 17 26 18 28 11 22 9 21 12 25 16 30 13 29 11 12 13 15 14 17 16 20 29 3 26 1 18 25 0 8 27 5 23 2 19 30 28 9 22 4 24 7 21 6
1 2 3 5 4 7 6 10 19 24 8 14 20 27 15 23 17 26 18 28 11 22 9 21 12 25 16 30 13 29 12 13 14 16 15 18 17 21 30 4 27 2 19 26 1 9 28 6 24 3 20 0 29 10 23 5 25 8 22 7
1 2 3 5 4 7 6 10 19 24 8 14 20 27 15 23 17 26 18 28 11 22 9 21 12 25 16 30 13 29 16 17 18 20 19 22 21 25 3 8 0 6 23 30 5 13 1 10 28 7 24 4 2 14 27 9 29 12 26 11
1 2 3 5 4 7 6 10 19 24 8 14 20 27 15 23 17 26 18 28 11 22 9 21 12 25 16 30 13 29 20 21 22 24 23 26 25 29 7 12 4 10 27 3 9 17 5 14 1 11 28 8 6 18 0 13 2 16 30 15
1 2 3 5 4 7 6 10 19 24 8 14 20 27 15 23 17 26 18 28 11 22 9 21 12 25 16 30 13 29 21 22 23 25 24 27 26 30 8 13 5 11 28 4 10 18 6 15 2 12 29 9 7 19 1 14 3 17 0 16
1 2 3 5 4 7 6 10 19 24 8 14 20 27 15 23 17 26 18 28 11 22 9 21 12 25 16 30 13 29 27 28 29 0 30 2 1 5 14 19 11 17 3 10 16 24 12 21 8 18 4 15 13 25 7 20 9 23 6 22
1 2 3 5 4 7 6 10 19 24 8 14 20 27 15 23 17 26 18 28 11 22 9 21 12 25 16 30 13 29 28 29 30 1 0 3 2 6 15 20 12 18 4 11 17 25 13 22 9 19 5 16 14 26 8 21 10 24 7 23
1 2 3 5 4 7 6 10 19 24 8 14 20 27 15 23 17 26 18 28 11 22 9 21 12 25 16 30 13 29 29 30 0 2 1 4 3 7 16 21 13 19 5 12 18 26 14 23 10 20 6 17 15 27 9 22 11 25 8 24
1 2 3 5 4 7 6 10 19 24 8 14 20 27 15 23 17 26 18 28 11 22 9 21 12 25 16 30 13 29 10 11 12 14 13 16 15 19 28 2 25 0 17 24 27 4 30 8 22 1 18 29 26 7 21 3 23 6 20 5
1 2 3 5 4 7 6 10 19 24 8 14 20 27 15 23 17 26 18 28 11 22 9 21 12 25 16 30 13 29 14 15 16 18 17 20 19 23 1 6 29 4 21 28 0 8 3 12 26 5 22 2 30 11 25 7 27 10 24 9
1 2 3 5 4 7 6 10 19 24 8 14 20 27 15 23 17 26 18 28 11 22 9 21 12 25 16 30 13 29 18 19 20 22 21 24 23 27 5 10 2 8 25 1 4 12 7 16 30 9 26 6 3 15 29 11 0 14 28 13
1 2 3 5 4 7 6 10 19 24 8 14 20 27 15 23 17 26 18 28 11 22 9 21 12 25 16 30 13 29 20 21 22 24 23 26 25 29 7 12 4 10 27 3 6 14 9 18 1 11 28 8 5 17 0 13 2 16 30 15
1 2 3 5 4 7 6 10 19 24 8 14 20 27 15 23 17 26 18 28 11 22 9 21 12 25 16 30 13 29 21 22 23 25 24 27 26 30 8 13 5 11 28 4 7 15 10 19 2 12 29 9 6 18 1 14 3 17 0 16
1 2 3 5 4 7 6 10 19 24 8 14 20 27 15 23 17 26 18 28 11 22 9 21 12 25 16 30 13 29 27 28 29 0 30 2 1 5 14 19 11 17 3 10 13 21 16 25 8 18 4 15 12 24 7 20 9 23 6 22
1 2 3 5 4 7 6 10 19 24 8 14 20 27 15 23 17 26 18 28 11 22 9 21 12 25 16 30 13 29 7 8 9 11 10 13 12 16 24 29 25 0 14 21 27 4 19 28 20 30 15 26 22 3 23 5 18 1 17 2
1 2 3 5 4 7 6 10 19 24 8 14 20 27 15 23 17 26 18 28 11 22 9 21 12 25 16 30 13 29 10 11 12 14 13 16 15 19 27 1 28 3 17 24 30 7 22 0 23 2 18 29 25 6 26 8 21 4 20 5
1 2 3 5 4 7 6 10 19 24 8 14 20 27 15 23 17 26 18 28 11 22 9 21 12 25 16 30 13 29 11 12 13 15 14 17 16 20 28 2 29 4 18 25 0 8 23 1 24 3 19 30 26 7 27 9 22 5 21 6
1 2 3 5 4 7 6 10 19 24 8 14 20 27 15 23 17 26 18 28 11 22 9 21 12 25 16 30 13 29 15 16 17 19 18 21 20 24 1 6 2 8 22 29 4 12 27 5 28 7 23 3 30 11 0 13 26 9 25 10
1 2 3 5 4 7 6 10 19 24 8 14 20 27 15 23 17 26 18 28 11 22 9 21 12 25 16 30 13 29 20 21 22 24 23 26 25 29 6 11 7 13 27 3 9 17 1 10 2 12 28 8 4 16 5 18 0 14 30 15
1 2 3 5 4 7 6 10 19 24 8 14 20 27 15 23 17 26 18 28 11 22 9 21 12 25 16 30 13 29 22 23 24 26 25 28 27 0 8 13 9 15 29 5 11 19 3 12 4 14 30 10 6 18 7 20 2 16 1 17
1 2 3 5 4 7 6 10 19 24 8 14 20 27 15 23 17 26 18 28 11 22 9 21 12 25 16 30 13 29 24 25 26 28 27 30 29 2 10 15 11 17 0 7 13 21 5 14 6 16 1 12 8 20 9 22 4 18 3 19
1 2 3 5 4 7 6 10 19 24 8 14 20 27 15 23 17 26 18 28 11 22 9 21 12 25 16 30 13 29 29 30 0 2 1 4 3 7 15 20 16 22 5 12 18 26 10 19 11 21 6 17 13 25 14 27 9 23 8 24
1 2 3 5 4 7 6 10 19 24 8 14 20 27 15 23 17 26 18 28 11 22 9 21 12 25 16 30 13 29 9 10 11 13 12 15 14 18 27 1 25 0 16 23 22 30 29 7 26 5 17 28 21 2 24 6 20 3 19 4
1 2 3 5 4 7 6 10 19 24 8 14 20 27 15 23 17 26 18 28 11 22 9 21 12 25 16 30 13 29 12 13 14 16 15 18 17 21 30 4 28 3 19 26 25 2 1 10 29 8 20 0 24 5 27 9 23 6 22 7
1 2 3 5 4 7 6 10 19 24 8 14 20 27 15 23 17 26 18 28 11 22 9 21 12 25 16 30 13 29 18 19 20 22 21 24 23 27 5 10 3 9 25 1 0 8 7 16 4 14 26 6 30 11 2 15 29 12 28 13
1 2 3 5 4 7 6 10 19 24 8 14 20 27 15 23 17 26 18 28 11 22 9 21 12 25 16 30 13 29 21 22 23 25 24 27 26 30 8 13 6 12 28 4 3 11 10 19 7 17 29 9 2 14 5 18 1 15 0 16
1 2 3 5 4 7 6 10 19 24 8 14 20 27 15 23 17 26 18 28 11 22 9 21 12 25 16 30 13 29 24 25 26 28 27 30 29 2 11 16 9 15 0 7 6 14 13 22 10 20 1 12 5 17 8 21 4 18 3 19
1 2 3 5 4 7 6 10 19 24 8 14 20 27 15 23 17 26 18 28 11 22 9 21 12 25 16 30 13 29 29 30 0 2 1 4 3 7 16 21 14 20 5 12 11 19 18 27 15 25 6 17 10 22 13 26 9 23 8 24
1 2 3 5 4 7 6 10 19 24 8 14 20 27 15 23 17 26 18 28 11 22 9 21 12 25 16 30 13 29 16 17 18 20 19 22 21 25 3 8 0 6 23 30 5 13 29 7 2 12 24 4 28 9 1 14 27 10 26 11
1 2 3 5 4 7 6 10 19 24 8 14 20 27 15 23 17 26 18 28 11 22 9 21 12 25 16 30 13 29 18 19 20 22 21 24 23 27 5 10 2 8 25 1 7 15 0 9 4 14 26 6 30 11 3 16 29 12 28 13
1 2 3 5 4 7 6 10 19 24 8 14 20 27 15 23 17 26 18 28 11 22 9 21 12 25 16 30 13 29 20 21 22 24 23 26 25 29 7 12 4 10 27 3 9 17 2 11 6 16 28 8 1 13 5 18 0 14 30 15
1 2 3 5 4 7 6 10 19 24 8 14 20 27 15 23 17 26 18 28 11 22 9 21 12 25 16 30 13 29 22 23 24 26 25 28 27 0 9 14 6 12 29 5 11 19 4 13 8 18 30 10 3 15 7 20 2 16 1 17
1 2 3 5 4 7 6 10 19 24 8 14 20 27 15 23 17 26 18 28 11 22 9 21 12 25 16 30 13 29 29 30 0 2 1 4 3 7 16 21 13 19 5 12 18 26 11 20 15 25 6 17 10 22 14 27 9 23 8 24
1 2 3 5 4 7 6 10 19 24 8 14 20 27 15 23 17 26 18 28 11 22 9 21 12 25 16 30 13 29 10 11 12 14 13 16 15 19 27 1 25 0 17 24 30 7 28 6 23 2 18 29 22 3 26 8 21 4 20 5
1 2 3 5 4 7 6 10 19 24 8 14 20 27 15 23 17 26 18 28 11 22 9 21 12 25 16 30 13 29 16 17 18 20 19 22 21 25 2 7 0 6 23 30 5 13 3 12 29 8 24 4 28 9 1 14 27 10 26 11
1 2 3 5 4 7 6 10 19 24 8 14 20 27 15 23 17 26 18 28 11 22 9 21 12 25 16 30 13 29 22 23 24 26 25 28 27 0 8 13 6 12 29 5 11 19 9 18 4 14 30 10 3 15 7 20 2 16 1 17
1 2 3 5 4 7 6 10 19 24 8 14 20 27 15 23 17 26 18 28 11 22 9 21 12 25 16 30 13 29 25 26 27 29 28 0 30 3 11 16 9 15 1 8 14 22 12 21 7 17 2 13 6 18 10 23 5 19 4 20
1 2 3 5 4 7 6 10 19 24 8 14 20 27 15 23 17 26 18 28 11 22 9 21 12 25 16 30 13 29 29 30 0 2 1 4 3 7 15 20 13 19 5 12 18 26 16 25 11 21 6 17 10 22 14 27 9 23 8 24
1 2 3 5 4 7 6 10 19 24 8 14 20 27 15 23 17 26 18 28 11 22 9 21 12 25 16 30 13 29 4 5 6 8 7 10 9 13 21 26 23 29 11 18 19 27 22 0 20 30 14 25 12 24 15 28 16 2 17 1
1 2 3 5 4 7 6 10 19 24 8 14 20 27 15 23 17 26 18 28 11 22 9 21 12 25 16 30 13 29 6 7 8 10 9 12 11 15 23 28 25 0 13 20 21 29 24 2 22 1 16 27 14 26 17 30 18 4 19 3
1 2 3 5 4 7 6 10 19 24 8 14 20 27 15 23 17 26 18 28 11 22 9 21 12 25 16 30 13 29 7 8 9 11 10 13 12 16 24 29 26 1 14 21 22 30 25 3 23 2 17 28 15 27 18 0 19 5 20 4
1 2 3 5 4 7 6 10 19 24 8 14 20 27 15 23 17 26 18 28 11 22 9 21 12 25 16 30 13 29 8 9 10 12 11 14 13 17 25 30 27 2 15 22 23 0 26 4 24 3 18 29 16 28 19 1 20 6 21 5
1 2 3 5 4 7 6 10 19 24 8 14 20 27 15 23 17 26 18 28 11 22 9 21 12 25 16 30 13 29 9 10 11 13 12 15 14 18 26 0 28 3 16 23 24 1 27 5 25 4 19 30 17 29 20 2 21 7 22 6
1 2 3 5 4 7 6 10 19 24 8 14 20 27 15 23 17 26 18 28 11 22 9 21 12 25 16 30 13 29 10 11 12 14 13 16 15 19 27 1 29 4 17 24 25 2 28 6 26 5 20 0 18 30 21 3 22 8 23 7
1 2 3 5 4 7 6 10 19 24 8 14 20 27 15 23 17 26 18 28 11 22 9 21 12 25 16 30 13 29 19 20 21 23 22 25 24 28 5 10 7 13 26 2 3 11 6 15 4 14 29 9 27 8 30 12 0 17 1 16
1 2 3 5 4 7 6 10 19 24 8 14 20 27 15 23 17 26 18 28 11 22 9 21 12 25 16 30 13 29 21 22 23 25 24 27 26 30 7 12 9 15 28 4 5 13 8 17 6 16 0 11 29 10 1 14 2 19 3 18
1 2 3 5 4 7 6 10 19 24 8 14 20 27 15 23 17 26 18 28 11 22 9 21 12 25 16 30 13 29 23 24 25 27 26 29 28 1 9 14 11 17 30 6 7 15 10 19 8 18 2 13 0 12 3 16 4 21 5 20
1 2 3 5 4 7 6 10 19 24 8 14 20 27 15 23 17 26 18 28 11 22 9 21 12 25 16 30 13 29 28 29 30 1 0 3 2 6 14 19 16 22 4 11 12 20 15 24 13 23 7 18 5 17 8 21 9 26 10 25
1 2 3 5 4 7 6 10 19 24 8 14 20 27 15 23 17 26 18 28 11 22 9 21 12 25 16 30 13 29 4 5 6 8 7 10 9 13 22 27 20 26 11 18 23 0 21 30 19 29 14 25 12 24 15 28 16 2 17 1
1 2 3 5 4 7 6 10 19 24 8 14 20 27 15 23 17 26 18 28 11 22 9 21 12 25 16 30 13 29 5 6 7 9 8 11 10 14 23 28 21 27 12 19 24 1 22 0 20 30 15 26 13 25 16 29 17 3 18 2
1 2 3 5 4 7 6 10 19 24 8 14 20 27 15 23 17 26 18 28 11 22 9 21 12 25 16 30 13 29 6 7 8 10 9 12 11 15 24 29 22 28 13 20 25 2 23 1 21 0 16 27 14 26 17 30 18 4 19 3
1 2 3 5 4 7 6 10 19 24 8 14 20 27 15 23 17 26 18 28 11 22 9 21 12 25 16 30 13 29 8 9 10 12 11 14 13 17 26 0 24 30 15 22 27 4 25 3 23 2 18 29 16 28 19 1 20 6 21 5
1 2 3 5 4 7 6 10 19 24 8 14 20 27 15 23 17 26 18 28 11 22 9 21 12 25 16 30 13 29 11 12 13 15 14 17 16 20 29 3 27 2 18 25 30 7 28 6 26 5 21 1 19 0 22 4 23 9 24 8
1 2 3 5 4 7 6 10 19 24 8 14 20 27 15 23 17 26 18 28 11 22 9 21 12 25 16 30 13 29 15 16 17 19 18 21 20 24 2 7 0 6 22 29 3 11 1 10 30 9 25 5 23 4 26 8 27 13 28 12
1 2 3 5 4 7 6 10 19 24 8 14 20 27 15 23 17 26 18 28 11 22 9 21 12 25 16 30 13 29 17 18 19 21 20 23 22 26 4 9 2 8 24 0 5 13 3 12 1 11 27 7 25 6 28 10 29 15 30 14
1 2 3 5 4 7 6 10 19 24 8 14 20 27 15 23 17 26 18 28 11 22 9 21 12 25 16 30 13 29 19 20 21 23 22 25 24 28 6 11 4 10 26 2 7 15 5 14 3 13 29 9 27 8 30 12 0 17 1 16
1 2 3 5 4 7 6 10 19 24 8 14 20 27 15 23 17 26 18 28 11 22 9 21 12 25 16 30 13 29 20 21 22 24 23 26 25 29 7 12 5 11 27 3 8 16 6 15 4 14 30 10 28 9 0 13 1 18 2 17
1 2 3 5 4 7 6 10 19 24 8 14 20 27 15 23 17 26 18 28 11 22 9 21 12 25 16 30 13 29 21 22 23 25 24 27 26 30 8 13 6 12 28 4 9 17 7 16 5 15 0 11 29 10 1 14 2 19 3 18
1 2 3 5 4 7 6 10 19 24 8 14 20 27 15 23 17 26 18 28 11 22 9 21 12 25 16 30 13 29 26 27 28 30 29 1 0 4 13 18 11 17 2 9 14 22 12 21 10 20 5 16 3 15 6 19 7 24 8 23
1 2 3 5 4 7 6 10 19 24 8 14 20 27 15 23 17 26 18 28 11 22 9 21 12 25 16 30 13 29 29 30 0 2 1 4 3 7 16 21 14 20 5 12 17 25 15 24 13 23 8 19 6 18 9 22 10 27 11 26
1 2 3 5 4 7 6 10 19 24 8 14 20 27 15 23 17 26 18 28 11 22 9 21 12 25 16 30 13 29 8 9 10 12 11 14 13 17 26 0 27 2 15 22 24 1 21 30 25 4 18 29 16 28 23 5 20 6 19 3
1 2 3 5 4 7 6 10 19 24 8 14 20 27 15 23 17 26 18 28 11 22 9 21 12 25 16 30 13 29 10 11 12 14 13 16 15 19 28 2 29 4 17 24 26 3 23 1 27 6 20 0 18 30 25 7 22 8 21 5
1 2 3 5 4 7 6 10 19 24 8 14 20 27 15 23 17 26 18 28 11 22 9 21 12 25 16 30 13 29 14 15 16 18 17 20 19 23 1 6 2 8 21 28 30 7 27 5 0 10 24 4 22 3 29 11 26 12 25 9
1 2 3 5 4 7 6 10 19 24 8 14 20 27 15 23 17 26 18 28 11 22 9 21 12 25 16 30 13 29 17 18 19 21 20 23 22 26 4 9 5 11 24 0 2 10 30 8 3 13 27 7 25 6 1 14 29 15 28 12
1 2 3 5 4 7 6 10 19 24 8 14 20 27 15 23 17 26 18 28 11 22 9 21 12 25 16 30 13 29 19 20 21 23 22 25 24 28 6 11 7 13 26 2 4 12 1 10 5 15 29 9 27 8 3 16 0 17 30 14
1 2 3 5 4 7 6 10 19 24 8 14 20 27 15 23 17 26 18 28 11 22 9 21 12 25 16 30 13 29 22 23 24 26 25 28 27 0 9 14 10 16 29 5 7 15 4 13 8 18 1 12 30 11 6 19 3 20 2 17
1 2 3 5 4 7 6 10 19 24 8 14 20 27 15 23 17 26 18 28 11 22 9 21 12 25 16 30 13 29 23 24 25 27 26 29 28 1 10 15 11 17 30 6 8 16 5 14 9 19 2 13 0 12 7 20 4 21 3 18
1 2 3 5 4 7 6 10 19 24 8 14 20 27 15 23 17 26 18 28 11 22 9 21 12 25 16 30 13 29 27 28 29 0 30 2 1 5 14 19 15 21 3 10 12 20 9 18 13 23 6 17 4 16 11 24 8 25 7 22
1 2 3 5 4 7 6 10 19 24 8 14 20 27 15 23 17 26 18 28 11 22 9 21 12 25 16 30 13 29 29 30 0 2 1 4 3 7 16 21 17 23 5 12 14 22 11 20 15 25 8 19 6 18 13 26 10 27 9 24
1 2 3 5 4 7 6 10 19 24 8 14 20 27 15 23 17 26 18 28 11 22 9 21 12 25 16 30 13 29 6 7 8 10 9 12 11 15 25 30 22 28 13 20 23 0 24 2 19 29 16 27 14 26 21 3 18 4 17 1
1 2 3 5 4 7 6 10 19 24 8 14 20 27 15 23 17 26 18 28 11 22 9 21 12 25 16 30 13 29 9 10 11 13 12 15 14 18 28 2 25 0 16 23 26 3 27 5 22 1 19 30 17 29 24 6 21 7 20 4
1 2 3 5 4 7 6 10 19 24 8 14 20 27 15 23 17 26 18 28 11 22 9 21 12 25 16 30 13 29 14 15 16 18 17 20 19 23 2 7 30 5 21 28 0 8 1 10 27 6 24 4 22 3 29 11 26 12 25 9
1 2 3 5 4 7 6 10 19 24 8 14 20 27 15 23 17 26 18 28 11 22 9 21 12 25 16 30 13 29 15 16 17 19 18 21 20 24 3 8 0 6 22 29 1 9 2 11 28 7 25 5 23 4 30 12 27 13 26 10
1 2 3 5 4 7 6 10 19 24 8 14 20 27 15 23 17 26 18 28 11 22 9 21 12 25 16 30 13 29 16 17 18 20 19 22 21 25 4 9 1 7 23 30 2 10 3 12 29 8 26 6 24 5 0 13 28 14 27 11
1 2 3 5 4 7 6 10 19 24 8 14 20 27 15 23 17 26 18 28 11 22 9 21 12 25 16 30 13 29 19 20 21 23 22 25 24 28 7 12 4 10 26 2 5 13 6 15 1 11 29 9 27 8 3 16 0 17 30 14
1 2 3 5 4 7 6 10 19 24 8 14 20 27 15 23 17 26 18 28 11 22 9 21 12 25 16 30 13 29 20 21 22 24 23 26 25 29 8 13 5 11 27 3 6 14 7 16 2 12 30 10 28 9 4 17 1 18 0 15
1 2 3 5 4 7 6 10 19 24 8 14 20 27 15 23 17 26 18 28 11 22 9 21 12 25 16 30 13 29 22 23 24 26 25 28 27 0 10 15 7 13 29 5 8 16 9 18 4 14 1 12 30 11 6 19 3 20 2 17
1 2 3 5 4 7 6 10 19 24 8 14 20 27 15 23 17 26 18 28 11 22 9 21 12 25 16 30 13 29 26 27 28 30 29 1 0 4 14 19 11 17 2 9 12 20 13 22 8 18 5 16 3 15 10 23 7 24 6 21
1 2 3 5 4 7 6 10 19 24 8 14 20 27 15 23 17 26 18 28 11 22 9 21 12 25 16 30 13 29 4 5 6 8 7 10 9 13 21 26 23 29 11 18 20 28 22 0 17 27 14 25 12 24 19 1 16 2 15 30
1 2 3 5 4 7 6 10 19 24 8 14 20 27 15 23 17 26 18 28 11 22 9 21 12 25 16 30 13 29 8 9 10 12 11 14 13 17 25 30 27 2 15 22 24 1 26 4 21 0 18 29 16 28 23 5 20 6 19 3
1 2 3 5 4 7 6 10 19 24 8 14 20 27 15 23 17 26 18 28 11 22 9 21 12 25 16 30 13 29 9 10 11 13 12 15 14 18 26 0 28 3 16 23 25 2 27 5 22 1 19 30 17 29 24 6 21 7 20 4
1 2 3 5 4 7 6 10 19 24 8 14 20 27 15 23 17 26 18 28 11 22 9 21 12 25 16 30 13 29 16 17 18 20 19 22 21 25 2 7 4 10 23 30 1 9 3 12 29 8 26 6 24 5 0 13 28 14 27 11
1 2 3 5 4 7 6 10 19 24 8 14 20 27 15 23 17 26 18 28 11 22 9 21 12 25 16 30 13 29 19 20 21 23 22 25 24 28 5 10 7 13 26 2 4 12 6 15 1 11 29 9 27 8 3 16 0 17 30 14
1 2 3 5 4 7 6 10 19 24 8 14 20 27 15 23 17 26 18 28 11 22 9 21 12 25 16 30 13 29 21 22 23 25 24 27 26 30 7 12 9 15 28 4 6 14 8 17 3 13 0 11 29 10 5 18 2 19 1 16
1 2 3 5 4 7 6 10 19 24 8 14 20 27 15 23 17 26 18 28 11 22 9 21 12 25 16 30 13 29 22 23 24 26 25 28 27 0 8 13 10 16 29 5 7 15 9 18 4 14 1 12 30 11 6 19 3 20 2 17
1 2 3 5 4 7 6 10 19 24 8 14 20 27 15 23 17 26 18 28 11 22 9 21 12 25 16 30 13 29 23 24 25 27 26 29 28 1 9 14 11 17 30 6 8 16 10 19 5 15 2 13 0 12 7 20 4 21 3 18
1 2 3 5 4 7 6 10 19 24 8 14 20 27 15 23 17 26 18 28 11 22 9 21 12 25 16 30 13 29 26 27 28 30 29 1 0 4 12 17 14 20 2 9 11 19 13 22 8 18 5 16 3 15 10 23 7 24 6 21
1 2 3 5 4 7 6 10 19 24 8 14 20 27 15 23 17 26 18 28 11 22 9 21 12 25 16 30 13 29 27 28 29 0 30 2 1 5 13 18 15 21 3 10 12 20 14 23 9 19 6 17 4 16 11 24 8 25 7 22
1 2 3 5 4 7 6 10 19 24 8 14 20 27 15 23 17 26 18 28 11 22 9 21 12 25 16 30 13 29 8 9 10 12 11 14 13 17 25 30 26 1 15 22 27 4 24 2 21 0 18 29 16 28 23 5 20 6 19 3
1 2 3 5 4 7 6 10 19 24 8 14 20 27 15 23 17 26 18 28 11 22 9 21 12 25 16 30 13 29 9 10 11 13 12 15 14 18 26 0 27 2 16 23 28 5 25 3 22 1 19 30 17 29 24 6 21 7 20 4
1 2 3 5 4 7 6 10 19 24 8 14 20 27 15 23 17 26 18 28 11 22 9 21 12 25 16 30 13 29 10 11 12 14 13 16 15 19 27 1 28 3 17 24 29 6 26 4 23 2 20 0 18 30 25 7 22 8 21 5
1 2 3 5 4 7 6 10 19 24 8 14 20 27 15 23 17 26 18 28 11 22 9 21 12 25 16 30 13 29 12 13 14 16 15 18 17 21 29 3 30 5 19 26 0 8 28 6 25 4 22 2 20 1 27 9 24 10 23 7
1 2 3 5 4 7 6 10 19 24 8 14 20 27 15 23 17 26 18 28 11 22 9 21 12 25 16 30 13 29 15 16 17 19 18 21 20 24 1 6 2 8 22 29 3 11 0 9 28 7 25 5 23 4 30 12 27 13 26 10
1 2 3 5 4 7 6 10 19 24 8 14 20 27 15 23 17 26 18 28 11 22 9 21 12 25 16 30 13 29 16 17 18 20 19 22 21 25 2 7 3 9 23 30 4 12 1 10 29 8 26 6 24 5 0 13 28 14 27 11
1 2 3 5 4 7 6 10 19 24 8 14 20 27 15 23 17 26 18 28 11 22 9 21 12 25 16 30 13 29 20 21 22 24 23 26 25 29 6 11 7 13 27 3 8 16 5 14 2 12 30 10 28 9 4 17 1 18 0 15
1 2 3 5 4 7 6 10 19 24 8 14 20 27 15 23 17 26 18 28 11 22 9 21 12 25 16 30 13 29 26 27 28 30 29 1 0 4 12 17 13 19 2 9 14 22 11 20 8 18 5 16 3 15 10 23 7 24 6 21
1 2 3 5 4 7 6 10 19 24 8 14 20 27 15 23 17 26 18 28 11 22 9 21 12 25 16 30 13 29 29 30 0 2 1 4 3 7 15 20 16 22 5 12 17 25 14 23 11 21 8 19 6 18 13 26 10 27 9 24
1 2 3 5 4 7 6 10 19 24 8 14 20 27 15 23 17 26 18 28 11 22 9 21 12 25 16 30 13 29 7 8 9 11 10 13 12 16 26 0 24 30 14 21 25 2 20 29 22 1 17 28 15 27 23 5 18 4 19 3
1 2 3 5 4 7 6 10 19 24 8 14 20 27 15 23 17 26 18 28 11 22 9 21 12 25 16 30 13 29 8 9 10 12 11 14 13 17 27 1 25 0 15 22 26 3 21 30 23 2 18 29 16 28 24 6 19 5 20 4
1 2 3 5 4 7 6 10 19 24 8 14 20 27 15 23 17 26 18 28 11 22 9 21 12 25 16 30 13 29 12 13 14 16 15 18 17 21 0 5 29 4 19 26 30 7 25 3 27 6 22 2 20 1 28 10 23 9 24 8
1 2 3 5 4 7 6 10 19 24 8 14 20 27 15 23 17 26 18 28 11 22 9 21 12 25 16 30 13 29 14 15 16 18 17 20 19 23 2 7 0 6 21 28 1 9 27 5 29 8 24 4 22 3 30 12 25 11 26 10
1 2 3 5 4 7 6 10 19 24 8 14 20 27 15 23 17 26 18 28 11 22 9 21 12 25 16 30 13 29 23 24 25 27 26 29 28 1 11 16 9 15 30 6 10 18 5 14 7 17 2 13 0 12 8 21 3 20 4 19
1 2 3 5 4 7 6 10 19 24 8 14 20 27 15 23 17 26 18 28 11 22 9 21 12 25 16 30 13 29 6 7 8 10 9 12 11 15 23 28 25 0 13 20 24 1 21 30 19 29 16 27 14 26 22 4 17 3 18 2
1 2 3 5 4 7 6 10 19 24 8 14 20 27 15 23 17 26 18 28 11 22 9 21 12 25 16 30 13 29 7 8 9 11 10 13 12 16 24 29 26 1 14 21 25 2 22 0 20 30 17 28 15 27 23 5 18 4 19 3
1 2 3 5 4 7 6 10 19 24 8 14 20 27 15 23 17 26 18 28 11 22 9 21 12 25 16 30 13 29 9 10 11 13 12 15 14 18 26 0 28 3 16 23 27 4 24 2 22 1 19 30 17 29 25 7 20 6 21 5
1 2 3 5 4 7 6 10 19 24 8 14 20 27 15 23 17 26 18 28 11 22 9 21 12 25 16 30 13 29 11 12 13 15 14 17 16 20 28 2 30 5 18 25 29 6 26 4 24 3 21 1 19 0 27 9 22 8 23 7
1 2 3 5 4 7 6 10 19 24 8 14 20 27 15 23 17 26 18 28 11 22 9 21 12 25 16 30 13 29 12 13 14 16 15 18 17 21 29 3 0 6 19 26 30 7 27 5 25 4 22 2 20 1 28 10 23 9 24 8
1 2 3 5 4 7 6 10 19 24 8 14 20 27 15 23 17 26 18 28 11 22 9 21 12 25 16 30 13 29 18 19 20 22 21 24 23 27 4 9 6 12 25 1 5 13 2 11 0 10 28 8 26 7 3 16 29 15 30 14
1 2 3 5 4 7 6 10 19 24 8 14 20 27 15 23 17 26 18 28 11 22 9 21 12 25 16 30 13 29 21 22 23 25 24 27 26 30 7 12 9 15 28 4 8 16 5 14 3 13 0 11 29 10 6 19 1 18 2 17
1 2 3 5 4 7 6 10 19 24 8 14 20 27 15 23 17 26 18 28 11 22 9 21 12 25 16 30 13 29 5 6 7 9 8 11 10 14 22 27 23 29 12 19 20 28 21 30 24 3 15 26 13 25 18 0 16 2 17 1
1 2 3 5 4 7 6 10 19 24 8 14 20 27 15 23 17 26 18 28 11 22 9 21 12 25 16 30 13 29 6 7 8 10 9 12 11 15 23 28 24 30 13 20 21 29 22 0 25 4 16 27 14 26 19 1 17 3 18 2
1 2 3 5 4 7 6 10 19 24 8 14 20 27 15 23 17 26 18 28 11 22 9 21 12 25 16 30 13 29 8 9 10 12 11 14 13 17 25 30 26 1 15 22 23 0 24 2 27 6 18 29 16 28 21 3 19 5 20 4
1 2 3 5 4 7 6 10 19 24 8 14 20 27 15 23 17 26 18 28 11 22 9 21 12 25 16 30 13 29 12 13 14 16 15 18 17 21 29 3 30 5 19 26 27 4 28 6 0 10 22 2 20 1 25 7 23 9 24 8
1 2 3 5 4 7 6 10 19 24 8 14 20 27 15 23 17 26 18 28 11 22 9 21 12 25 16 30 13 29 14 15 16 18 17 20 19 23 0 5 1 7 21 28 29 6 30 8 2 12 24 4 22 3 27 9 25 11 26 10
1 2 3 5 4 7 6 10 19 24 8 14 20 27 15 23 17 26 18 28 11 22 9 21 12 25 16 30 13 29 18 19 20 22 21 24 23 27 4 9 5 11 25 1 2 10 3 12 6 16 28 8 26 7 0 13 29 15 30 14
1 2 3 5 4 7 6 10 19 24 8 14 20 27 15 23 17 26 18 28 11 22 9 21 12 25 16 30 13 29 22 23 24 26 25 28 27 0 8 13 9 15 29 5 6 14 7 16 10 20 1 12 30 11 4 17 2 19 3 18
1 2 3 5 4 7 6 10 19 24 8 14 20 27 15 23 17 26 18 28 11 22 9 21 12 25 16 30 13 29 27 28 29 0 30 2 1 5 13 18 14 20 3 10 11 19 12 21 15 25 6 17 4 16 9 22 7 24 8 23
1 2 3 5 4 7 6 10 19 24 8 14 20 27 15 23 17 26 18 28 11 22 9 21 12 25 16 30 13 29 5 6 7 9 8 11 10 14 23 28 21 27 12 19 22 30 20 29 24 3 15 26 13 25 18 0 16 2 17 1
1 2 3 5 4 7 6 10 19 24 8 14 20 27 15 23 17 26 18 28 11 22 9 21 12 25 16 30 13 29 6 7 8 10 9 12 11 15 24 29 22 28 13 20 23 0 21 30 25 4 16 27 14 26 19 1 17 3 18 2
1 2 3 5 4 7 6 10 19 24 8 14 20 27 15 23 17 26 18 28 11 22 9 21 12 25 16 30 13 29 8 9 10 12 11 14 13 17 26 0 24 30 15 22 25 2 23 1 27 6 18 29 16 28 21 3 19 5 20 4
1 2 3 5 4 7 6 10 19 24 8 14 20 27 15 23 17 26 18 28 11 22 9 21 12 25 16 30 13 29 9 10 11 13 12 15 14 18 27 1 25 0 16 23 26 3 24 2 28 7 19 30 17 29 22 4 20 6 21 5
1 2 3 5 4 7 6 10 19 24 8 14 20 27 15 23 17 26 18 28 11 22 9 21 12 25 16 30 13 29 12 13 14 16 15 18 17 21 30 4 28 3 19 26 29 6 27 5 0 10 22 2 20 1 25 7 23 9 24 8
1 2 3 5 4 7 6 10 19 24 8 14 20 27 15 23 17 26 18 28 11 22 9 21 12 25 16 30 13 29 16 17 18 20 19 22 21 25 3 8 1 7 23 30 2 10 0 9 4 14 26 6 24 5 29 11 27 13 28 12
1 2 3 5 4 7 6 10 19 24 8 14 20 27 15 23 17 26 18 28 11 22 9 21 12 25 16 30 13 29 27 28 29 0 30 2 1 5 14 19 12 18 3 10 13 21 11 20 15 25 6 17 4 16 9 22 7 24 8 23
1 2 3 5 4 7 6 10 19 24 8 14 20 27 15 23 17 26 18 28 11 22 9 21 12 25 16 30 13 29 6 7 8 10 9 12 11 15 23 28 25 0 13 20 24 1 21 30 17 27 22 2 14 26 16 29 18 4 19 3
1 2 3 5 4 7 6 10 19 24 8 14 20 27 15 23 17 26 18 28 11 22 9 21 12 25 16 30 13 29 8 9 10 12 11 14 13 17 25 30 27 2 15 22 26 3 23 1 19 29 24 4 16 28 18 0 20 6 21 5
1 2 3 5 4 7 6 10 19 24 8 14 20 27 15 23 17 26 18 28 11 22 9 21 12 25 16 30 13 29 12 13 14 16 15 18 17 21 29 3 0 6 19 26 30 7 27 5 23 2 28 8 20 1 22 4 24 10 25 9
1 2 3 5 4 7 6 10 19 24 8 14 20 27 15 23 17 26 18 28 11 22 9 21 12 25 16 30 13 29 17 18 19 21 20 23 22 26 3 8 5 11 24 0 4 12 1 10 28 7 2 13 25 6 27 9 29 15 30 14
1 2 3 5 4 7 6 10 19 24 8 14 20 27 15 23 17 26 18 28 11 22 9 21 12 25 16 30 13 29 19 20 21 23 22 25 24 28 5 10 7 13 26 2 6 14 3 12 30 9 4 15 27 8 29 11 0 17 1 16
1 2 3 5 4 7 6 10 19 24 8 14 20 27 15 23 17 26 18 28 11 22 9 21 12 25 16 30 13 29 21 22 23 25 24 27 26 30 7 12 9 15 28 4 8 16 5 14 1 11 6 17 29 10 0 13 2 19 3 18
1 2 3 5 4 7 6 10 19 24 8 14 20 27 15 23 17 26 18 28 11 22 9 21 12 25 16 30 13 29 27 28 29 0 30 2 1 5 13 18 15 21 3 10 14 22 11 20 7 17 12 23 4 16 6 19 8 25 9 24
1 2 3 5 4 7 6 10 19 24 8 14 20 27 15 23 17 26 18 28 11 22 9 21 12 25 16 30 13 29 29 30 0 2 1 4 3 7 15 20 17 23 5 12 16 24 13 22 9 19 14 25 6 18 8 21 10 27 11 26
1 2 3 5 4 7 6 10 19 24 8 14 20 27 15 23 17 26 18 28 11 22 9 21 12 25 16 30 13 29 6 7 8 10 9 12 11 15 25 30 22 28 13 20 23 0 24 2 17 27 21 1 14 26 16 29 18 4 19 3
1 2 3 5 4 7 6 10 19 24 8 14 20 27 15 23 17 26 18 28 11 22 9 21 12 25 16 30 13 29 9 10 11 13 12 15 14 18 28 2 25 0 16 23 26 3 27 5 20 30 24 4 17 29 19 1 21 7 22 6
1 2 3 5 4 7 6 10 19 24 8 14 20 27 15 23 17 26 18 28 11 22 9 21 12 25 16 30 13 29 14 15 16 18 17 20 19 23 2 7 30 5 21 28 0 8 1 10 25 4 29 9 22 3 24 6 26 12 27 11
1 2 3 5 4 7 6 10 19 24 8 14 20 27 15 23 17 26 18 28 11 22 9 21 12 25 16 30 13 29 15 16 17 19 18 21 20 24 3 8 0 6 22 29 1 9 2 11 26 5 30 10 23 4 25 7 27 13 28 12
1 2 3 5 4 7 6 10 19 24 8 14 20 27 15 23 17 26 18 28 11 22 9 21 12 25 16 30 13 29 17 18 19 21 20 23 22 26 5 10 2 8 24 0 3 11 4 13 28 7 1 12 25 6 27 9 29 15 30 14
1 2 3 5 4 7 6 10 19 24 8 14 20 27 15 23 17 26 18 28 11 22 9 21 12 25 16 30 13 29 19 20 21 23 22 25 24 28 7 12 4 10 26 2 5 13 6 15 30 9 3 14 27 8 29 11 0 17 1 16
1 2 3 5 4 7 6 10 19 24 8 14 20 27 15 23 17 26 18 28 11 22 9 21 12 25 16 30 13 29 20 21 22 24 23 26 25 29 8 13 5 11 27 3 6 14 7 16 0 10 4 15 28 9 30 12 1 18 2 17
1 2 3 5 4 7 6 10 19 24 8 14 20 27 15 23 17 26 18 28 11 22 9 21 12 25 16 30 13 29 21 22 23 25 24 27 26 30 9 14 6 12 28 4 7 15 8 17 1 11 5 16 29 10 0 13 2 19 3 18
1 2 3 5 4 7 6 10 19 24 8 14 20 27 15 23 17 26 18 28 11 22 9 21 12 25 16 30 13 29 22 23 24 26 25 28 27 0 10 15 7 13 29 5 8 16 9 18 2 12 6 17 30 11 1 14 3 20 4 19
1 2 3 5 4 7 6 10 19 24 8 14 20 27 15 23 17 26 18 28 11 22 9 21 12 25 16 30 13 29 26 27 28 30 29 1 0 4 14 19 11 17 2 9 12 20 13 22 6 16 10 21 3 15 5 18 7 24 8 23
1 2 3 5 4 7 6 10 19 24 8 14 20 27 15 23 17 26 18 28 11 22 9 21 12 25 16 30 13 29 28 29 30 1 0 3 2 6 16 21 13 19 4 11 14 22 15 24 8 18 12 23 5 17 7 20 9 26 10 25
1 2 3 5 4 7 6 10 19 24 8 14 20 27 15 23 17 26 18 28 11 22 9 21 12 25 16 30 13 29 9 10 11 13 12 15 14 18 26 0 28 3 16 23 25 2 27 5 20 30 24 4 17 29 19 1 21 7 22 6
1 2 3 5 4 7 6 10 19 24 8 14 20 27 15 23 17 26 18 28 11 22 9 21 12 25 16 30 13 29 21 22 23 25 24 27 26 30 7 12 9 15 28 4 6 14 8 17 1 11 5 16 29 10 0 13 2 19 3 18
1 2 3 5 4 7 6 10 19 24 8 14 20 27 15 23 17 26 18 28 11 22 9 21 12 25 16 30 13 29 26 27 28 30 29 1 0 4 12 17 14 20 2 9 11 19 13 22 6 16 10 21 3 15 5 18 7 24 8 23
1 2 3 5 4 7 6 10 19 24 8 14 20 27 15 23 17 26 18 28 11 22 9 21 12 25 16 30 13 29 28 29 30 1 0 3 2 6 14 19 16 22 4 11 13 21 15 24 8 18 12 23 5 17 7 20 9 26 10 25
1 2 3 5 4 7 6 10 19 24 8 14 20 27 15 23 17 26 18 28 11 22 9 21 12 25 16 30 13 29 29 30 0 2 1 4 3 7 15 20 17 23 5 12 14 22 16 25 9 19 13 24 6 18 8 21 10 27 11 26
1 2 3 5 4 7 6 10 19 24 8 14 20 27 15 23 17 26 18 28 11 22 9 21 12 25 16 30 13 29 9 10 11 13 12 15 14 18 26 0 27 2 16 23 28 5 25 3 20 30 24 4 17 29 19 1 21 7 22 6
1 2 3 5 4 7 6 10 19 24 8 14 20 27 15 23 17 26 18 28 11 22 9 21 12 25 16 30 13 29 12 13 14 16 15 18 17 21 29 3 30 5 19 26 0 8 28 6 23 2 27 7 20 1 22 4 24 10 25 9
1 2 3 5 4 7 6 10 19 24 8 14 20 27 15 23 17 26 18 28 11 22 9 21 12 25 16 30 13 29 14 15 16 18 17 20 19 23 0 5 1 7 21 28 2 10 30 8 25 4 29 9 22 3 24 6 26 12 27 11
1 2 3 5 4 7 6 10 19 24 8 14 20 27 15 23 17 26 18 28 11 22 9 21 12 25 16 30 13 29 19 20 21 23 22 25 24 28 5 10 6 12 26 2 7 15 4 13 30 9 3 14 27 8 29 11 0 17 1 16
1 2 3 5 4 7 6 10 19 24 8 14 20 27 15 23 17 26 18 28 11 22 9 21 12 25 16 30 13 29 22 23 24 26 25 28 27 0 8 13 9 15 29 5 10 18 7 16 2 12 6 17 30 11 1 14 3 20 4 19
1 2 3 5 4 7 6 10 19 24 8 14 20 27 15 23 17 26 18 28 11 22 9 21 12 25 16 30 13 29 26 27 28 30 29 1 0 4 12 17 13 19 2 9 14 22 11 20 6 16 10 21 3 15 5 18 7 24 8 23
1 2 3 5 4 7 6 10 19 24 8 14 20 27 15 23 17 26 18 28 11 22 9 21 12 25 16 30 13 29 28 29 30 1 0 3 2 6 14 19 15 21 4 11 16 24 13 22 8 18 12 23 5 17 7 20 9 26 10 25
1 2 3 5 4 7 6 10 19 24 8 14 20 27 15 23 17 26 18 28 11 22 9 21 12 25 16 30 13 29 29 30 0 2 1 4 3 7 15 20 16 22 5 12 17 25 14 23 9 19 13 24 6 18 8 21 10 27 11 26
1 2 3 5 4 7 6 10 19 24 8 14 20 27 15 23 17 26 18 28 11 22 9 21 12 25 16 30 13 29 9 10 11 13 12 15 14 18 28 2 24 30 16 23 27 4 25 3 26 5 20 0 17 29 19 1 21 7 22 6
1 2 3 5 4 7 6 10 19 24 8 14 20 27 15 23 17 26 18 28 11 22 9 21 12 25 16 30 13 29 11 12 13 15 14 17 16 20 30 4 26 1 18 25 29 6 27 5 28 7 22 2 19 0 21 3 23 9 24 8
1 2 3 5 4 7 6 10 19 24 8 14 20 27 15 23 17 26 18 28 11 22 9 21 12 25 16 30 13 29 17 18 19 21 20 23 22 26 5 10 1 7 24 0 4 12 2 11 3 13 28 8 25 6 27 9 29 15 30 14
1 2 3 5 4 7 6 10 19 24 8 14 20 27 15 23 17 26 18 28 11 22 9 21 12 25 16 30 13 29 22 23 24 26 25 28 27 0 10 15 6 12 29 5 9 17 7 16 8 18 2 13 30 11 1 14 3 20 4 19
1 2 3 5 4 7 6 10 19 24 8 14 20 27 15 23 17 26 18 28 11 22 9 21 12 25 16 30 13 29 23 24 25 27 26 29 28 1 11 16 7 13 30 6 10 18 8 17 9 19 3 14 0 12 2 15 4 21 5 20
1 2 3 5 4 7 6 10 19 24 8 14 20 27 15 23 17 26 18 28 11 22 9 21 12 25 16 30 13 29 27 28 29 0 30 2 1 5 15 20 11 17 3 10 14 22 12 21 13 23 7 18 4 16 6 19 8 25 9 24
1 2 3 5 4 7 6 10 19 24 8 14 20 27 15 23 17 26 18 28 11 22 9 21 12 25 16 30 13 29 7 8 9 11 10 13 12 16 26 0 22 28 14 21 24 1 25 3 23 2 18 29 15 27 17 30 19 5 20 4
1 2 3 5 4 7 6 10 19 24 8 14 20 27 15 23 17 26 18 28 11 22 9 21 12 25 16 30 13 29 9 10 11 13 12 15 14 18 28 2 24 30 16 23 26 3 27 5 25 4 20 0 17 29 19 1 21 7 22 6
1 2 3 5 4 7 6 10 19 24 8 14 20 27 15 23 17 26 18 28 11 22 9 21 12 25 16 30 13 29 10 11 12 14 13 16 15 19 29 3 25 0 17 24 27 4 28 6 26 5 21 1 18 30 20 2 22 8 23 7
1 2 3 5 4 7 6 10 19 24 8 14 20 27 15 23 17 26 18 28 11 22 9 21 12 25 16 30 13 29 11 12 13 15 14 17 16 20 30 4 26 1 18 25 28 5 29 7 27 6 22 2 19 0 21 3 23 9 24 8
1 2 3 5 4 7 6 10 19 24 8 14 20 27 15 23 17 26 18 28 11 22 9 21 12 25 16 30 13 29 15 16 17 19 18 21 20 24 3 8 30 5 22 29 1 9 2 11 0 10 26 6 23 4 25 7 27 13 28 12
1 2 3 5 4 7 6 10 19 24 8 14 20 27 15 23 17 26 18 28 11 22 9 21 12 25 16 30 13 29 17 18 19 21 20 23 22 26 5 10 1 7 24 0 3 11 4 13 2 12 28 8 25 6 27 9 29 15 30 14
1 2 3 5 4 7 6 10 19 24 8 14 20 27 15 23 17 26 18 28 11 22 9 21 12 25 16 30 13 29 19 20 21 23 22 25 24 28 7 12 3 9 26 2 5 13 6 15 4 14 30 10 27 8 29 11 0 17 1 16
1 2 3 5 4 7 6 10 19 24 8 14 20 27 15 23 17 26 18 28 11 22 9 21 12 25 16 30 13 29 21 22 23 25 24 27 26 30 9 14 5 11 28 4 7 15 8 17 6 16 1 12 29 10 0 13 2 19 3 18
1 2 3 5 4 7 6 10 19 24 8 14 20 27 15 23 17 26 18 28 11 22 9 21 12 25 16 30 13 29 27 28 29 0 30 2 1 5 15 20 11 17 3 10 13 21 14 23 12 22 7 18 4 16 6 19 8 25 9 24
1 2 3 5 4 7 6 10 19 24 8 14 20 27 15 23 17 26 18 28 11 22 9 21 12 25 16 30 13 29 28 29 30 1 0 3 2 6 16 21 12 18 4 11 14 22 15 24 13 23 8 19 5 17 7 20 9 26 10 25
1 2 3 5 4 7 6 10 19 24 8 14 20 27 15 23 17 26 18 28 11 22 9 21 12 25 16 30 13 29 4 5 6 8 7 10 9 13 20 25 23 29 11 18 22 30 19 28 21 0 15 26 12 24 14 27 16 2 17 1
1 2 3 5 4 7 6 10 19 24 8 14 20 27 15 23 17 26 18 28 11 22 9 21 12 25 16 30 13 29 8 9 10 12 11 14 13 17 24 29 27 2 15 22 26 3 23 1 25 4 19 30 16 28 18 0 20 6 21 5
1 2 3 5 4 7 6 10 19 24 8 14 20 27 15 23 17 26 18 28 11 22 9 21 12 25 16 30 13 29 10 11 12 14 13 16 15 19 26 0 29 4 17 24 28 5 25 3 27 6 21 1 18 30 20 2 22 8 23 7
1 2 3 5 4 7 6 10 19 24 8 14 20 27 15 23 17 26 18 28 11 22 9 21 12 25 16 30 13 29 11 12 13 15 14 17 16 20 27 1 30 5 18 25 29 6 26 4 28 7 22 2 19 0 21 3 23 9 24 8
1 2 3 5 4 7 6 10 19 24 8 14 20 27 15 23 17 26 18 28 11 22 9 21 12 25 16 30 13 29 27 28 29 0 30 2 1 5 12 17 15 21 3 10 14 22 11 20 13 23 7 18 4 16 6 19 8 25 9 24
1 2 3 5 4 7 6 10 19 24 8 14 20 27 15 23 17 26 18 28 11 22 9 21 12 25 16 30 13 29 29 30 0 2 1 4 3 7 14 19 17 23 5 12 16 24 13 22 15 25 9 20 6 18 8 21 10 27 11 26
1 2 3 5 4 7 6 10 19 24 8 14 20 27 15 23 17 26 18 28 11 22 9 21 12 25 16 30 13 29 7 8 9 11 10 13 12 16 23 28 25 0 14 21 26 3 24 2 22 1 18 29 15 27 17 30 19 5 20 4
1 2 3 5 4 7 6 10 19 24 8 14 20 27 15 23 17 26 18 28 11 22 9 21 12 25 16 30 13 29 8 9 10 12 11 14 13 17 24 29 26 1 15 22 27 4 25 3 23 2 19 30 16 28 18 0 20 6 21 5
1 2 3 5 4 7 6 10 19 24 8 14 20 27 15 23 17 26 18 28 11 22 9 21 12 25 16 30 13 29 10 11 12 14 13 16 15 19 26 0 28 3 17 24 29 6 27 5 25 4 21 1 18 30 20 2 22 8 23 7
1 2 3 5 4 7 6 10 19 24 8 14 20 27 15 23 17 26 18 28 11 22 9 21 12 25 16 30 13 29 11 12 13 15 14 17 16 20 27 1 29 4 18 25 30 7 28 6 26 5 22 2 19 0 21 3 23 9 24 8
1 2 3 5 4 7 6 10 19 24 8 14 20 27 15 23 17 26 18 28 11 22 9 21 12 25 16 30 13 29 12 13 14 16 15 18 17 21 28 2 30 5 19 26 0 8 29 7 27 6 23 3 20 1 22 4 24 10 25 9
1 2 3 5 4 7 6 10 19 24 8 14 20 27 15 23 17 26 18 28 11 22 9 21 12 25 16 30 13 29 17 18 19 21 20 23 22 26 2 7 4 10 24 0 5 13 3 12 1 11 28 8 25 6 27 9 29 15 30 14
1 2 3 5 4 7 6 10 19 24 8 14 20 27 15 23 17 26 18 28 11 22 9 21 12 25 16 30 13 29 22 23 24 26 25 28 27 0 7 12 9 15 29 5 10 18 8 17 6 16 2 13 30 11 1 14 3 20 4 19
1 2 3 5 4 7 6 10 19 24 8 14 20 27 15 23 17 26 18 28 11 22 9 21 12 25 16 30 13 29 29 30 0 2 1 4 3 7 14 19 16 22 5 12 17 25 15 24 13 23 9 20 6 18 8 21 10 27 11 26
1 2 3 5 4 7 6 10 19 24 8 14 20 27 15 23 17 26 18 28 11 22 9 21 12 25 16 30 13 29 5 6 7 9 8 11 10 14 22 27 24 30 12 19 18 26 20 29 23 2 21 1 13 25 15 28 17 3 16 0
1 2 3 5 4 7 6 10 19 24 8 14 20 27 15 23 17 26 18 28 11 22 9 21 12 25 16 30 13 29 7 8 9 11 10 13 12 16 24 29 26 1 14 21 20 28 22 0 25 4 23 3 15 27 17 30 19 5 18 2
1 2 3 5 4 7 6 10 19 24 8 14 20 27 15 23 17 26 18 28 11 22 9 21 12 25 16 30 13 29 8 9 10 12 11 14 13 17 25 30 27 2 15 22 21 29 23 1 26 5 24 4 16 28 18 0 20 6 19 3
1 2 3 5 4 7 6 10 19 24 8 14 20 27 15 23 17 26 18 28 11 22 9 21 12 25 16 30 13 29 14 15 16 18 17 20 19 23 0 5 2 8 21 28 27 4 29 7 1 11 30 10 22 3 24 6 26 12 25 9
1 2 3 5 4 7 6 10 19 24 8 14 20 27 15 23 17 26 18 28 11 22 9 21 12 25 16 30 13 29 16 17 18 20 19 22 21 25 2 7 4 10 23 30 29 6 0 9 3 13 1 12 24 5 26 8 28 14 27 11
1 2 3 5 4 7 6 10 19 24 8 14 20 27 15 23 17 26 18 28 11 22 9 21 12 25 16 30 13 29 17 18 19 21 20 23 22 26 3 8 5 11 24 0 30 7 1 10 4 14 2 13 25 6 27 9 29 15 28 12
1 2 3 5 4 7 6 10 19 24 8 14 20 27 15 23 17 26 18 28 11 22 9 21 12 25 16 30 13 29 19 20 21 23 22 25 24 28 5 10 7 13 26 2 1 9 3 12 6 16 4 15 27 8 29 11 0 17 30 14
1 2 3 5 4 7 6 10 19 24 8 14 20 27 15 23 17 26 18 28 11 22 9 21 12 25 16 30 13 29 23 24 25 27 26 29 28 1 9 14 11 17 30 6 5 13 7 16 10 20 8 19 0 12 2 15 4 21 3 18
1 2 3 5 4 7 6 10 19 24 8 14 20 27 15 23 17 26 18 28 11 22 9 21 12 25 16 30 13 29 27 28 29 0 30 2 1 5 13 18 15 21 3 10 9 17 11 20 14 24 12 23 4 16 6 19 8 25 7 22
1 2 3 5 4 7 6 10 19 24 8 14 20 27 15 23 17 26 18 28 11 22 9 21 12 25 16 30 13 29 28 29 30 1 0 3 2 6 14 19 16 22 4 11 10 18 12 21 15 25 13 24 5 17 7 20 9 26 8 23
1 2 3 5 4 7 6 10 19 24 8 14 20 27 15 23 17 26 18 28 11 22 9 21 12 25 16 30 13 29 29 30 0 2 1 4 3 7 15 20 17 23 5 12 11 19 13 22 16 26 14 25 6 18 8 21 10 27 9 24
1 2 3 5 4 7 6 10 19 24 8 14 20 27 15 23 17 26 18 28 11 22 9 21 12 25 16 30 13 29 4 5 6 8 7 10 9 13 23 28 20 26 11 18 17 25 22 0 19 29 21 1 12 24 14 27 16 2 15 30
1 2 3 5 4 7 6 10 19 24 8 14 20 27 15 23 17 26 18 28 11 22 9 21 12 25 16 30 13 29 6 7 8 10 9 12 11 15 25 30 22 28 13 20 19 27 24 2 21 0 23 3 14 26 16 29 18 4 17 1
1 2 3 5 4 7 6 10 19 24 8 14 20 27 15 23 17 26 18 28 11 22 9 21 12 25 16 30 13 29 7 8 9 11 10 13 12 16 26 0 23 29 14 21 20 28 25 3 22 1 24 4 15 27 17 30 19 5 18 2
1 2 3 5 4 7 6 10 19 24 8 14 20 27 15 23 17 26 18 28 11 22 9 21 12 25 16 30 13 29 8 9 10 12 11 14 13 17 27 1 24 30 15 22 21 29 26 4 23 2 25 5 16 28 18 0 20 6 19 3
1 2 3 5 4 7 6 10 19 24 8 14 20 27 15 23 17 26 18 28 11 22 9 21 12 25 16 30 13 29 9 10 11 13 12 15 14 18 28 2 25 0 16 23 22 30 27 5 24 3 26 6 17 29 19 1 21 7 20 4
1 2 3 5 4 7 6 10 19 24 8 14 20 27 15 23 17 26 18 28 11 22 9 21 12 25 16 30 13 29 10 11 12 14 13 16 15 19 29 3 26 1 17 24 23 0 28 6 25 4 27 7 18 30 20 2 22 8 21 5
1 2 3 5 4 7 6 10 19 24 8 14 20 27 15 23 17 26 18 28 11 22 9 21 12 25 16 30 13 29 11 12 13 15 14 17 16 20 30 4 27 2 18 25 24 1 29 7 26 5 28 8 19 0 21 3 23 9 22 6
1 2 3 5 4 7 6 10 19 24 8 14 20 27 15 23 17 26 18 28 11 22 9 21 12 25 16 30 13 29 14 15 16 18 17 20 19 23 2 7 30 5 21 28 27 4 1 10 29 8 0 11 22 3 24 6 26 12 25 9
1 2 3 5 4 7 6 10 19 24 8 14 20 27 15 23 17 26 18 28 11 22 9 21 12 25 16 30 13 29 15 16 17 19 18 21 20 24 3 8 0 6 22 29 28 5 2 11 30 9 1 12 23 4 25 7 27 13 26 10
1 2 3 5 4 7 6 10 19 24 8 14 20 27 15 23 17 26 18 28 11 22 9 21 12 25 16 30 13 29 16 17 18 20 19 22 21 25 4 9 1 7 23 30 29 6 3 12 0 10 2 13 24 5 26 8 28 14 27 11
1 2 3 5 4 7 6 10 19 24 8 14 20 27 15 23 17 26 18 28 11 22 9 21 12 25 16 30 13 29 19 20 21 23 22 25 24 28 7 12 4 10 26 2 1 9 6 15 3 13 5 16 27 8 29 11 0 17 30 14
1 2 3 5 4 7 6 10 19 24 8 14 20 27 15 23 17 26 18 28 11 22 9 21 12 25 16 30 13 29 28 29 30 1 0 3 2 6 16 21 13 19 4 11 10 18 15 24 12 22 14 25 5 17 7 20 9 26 8 23
1 2 3 5 4 7 6 10 19 24 8 14 20 27 15 23 17 26 18 28 11 22 9 21 12 25 16 30 13 29 29 30 0 2 1 4 3 7 17 22 14 20 5 12 11 19 16 25 13 23 15 26 6 18 8 21 10 27 9 24
1 2 3 5 4 7 6 10 19 24 8 14 20 27 15 23 17 26 18 28 11 22 9 21 12 25 16 30 13 29 5 6 7 9 8 11 10 14 22 27 23 29 12 19 18 26 24 2 20 30 21 1 13 25 15 28 17 3 16 0
1 2 3 5 4 7 6 10 19 24 8 14 20 27 15 23 17 26 18 28 11 22 9 21 12 25 16 30 13 29 7 8 9 11 10 13 12 16 24 29 25 0 14 21 20 28 26 4 22 1 23 3 15 27 17 30 19 5 18 2
1 2 3 5 4 7 6 10 19 24 8 14 20 27 15 23 17 26 18 28 11 22 9 21 12 25 16 30 13 29 9 10 11 13 12 15 14 18 26 0 27 2 16 23 22 30 28 6 24 3 25 5 17 29 19 1 21 7 20 4
1 2 3 5 4 7 6 10 19 24 8 14 20 27 15 23 17 26 18 28 11 22 9 21 12 25 16 30 13 29 12 13 14 16 15 18 17 21 29 3 30 5 19 26 25 2 0 9 27 6 28 8 20 1 22 4 24 10 23 7
1 2 3 5 4 7 6 10 19 24 8 14 20 27 15 23 17 26 18 28 11 22 9 21 12 25 16 30 13 29 14 15 16 18 17 20 19 23 0 5 1 7 21 28 27 4 2 11 29 8 30 10 22 3 24 6 26 12 25 9
1 2 3 5 4 7 6 10 19 24 8 14 20 27 15 23 17 26 18 28 11 22 9 21 12 25 16 30 13 29 16 17 18 20 19 22 21 25 2 7 3 9 23 30 29 6 4 13 0 10 1 12 24 5 26 8 28 14 27 11
1 2 3 5 4 7 6 10 19 24 8 14 20 27 15 23 17 26 18 28 11 22 9 21 12 25 16 30 13 29 20 21 22 24 23 26 25 29 6 11 7 13 27 3 2 10 8 17 4 14 5 16 28 9 30 12 1 18 0 15
1 2 3 5 4 7 6 10 19 24 8 14 20 27 15 23 17 26 18 28 11 22 9 21 12 25 16 30 13 29 27 28 29 0 30 2 1 5 13 18 14 20 3 10 9 17 15 24 11 21 12 23 4 16 6 19 8 25 7 22
1 2 3 5 4 7 6 10 19 24 8 14 20 27 15 23 17 26 18 28 11 22 9 21 12 25 16 30 13 29 28 29 30 1 0 3 2 6 14 19 15 21 4 11 10 18 16 25 12 22 13 24 5 17 7 20 9 26 8 23
1 2 3 5 4 7 6 10 19 24 8 14 20 27 15 23 17 26 18 28 11 22 9 21 12 25 16 30 13 29 7 8 9 11 10 13 12 16 26 0 22 28 14 21 24 1 20 29 25 4 23 3 15 27 17 30 19 5 18 2
1 2 3 5 4 7 6 10 19 24 8 14 20 27 15 23 17 26 18 28 11 22 9 21 12 25 16 30 13 29 10 11 12 14 13 16 15 19 29 3 25 0 17 24 27 4 23 1 28 7 26 6 18 30 20 2 22 8 21 5
1 2 3 5 4 7 6 10 19 24 8 14 20 27 15 23 17 26 18 28 11 22 9 21 12 25 16 30 13 29 14 15 16 18 17 20 19 23 2 7 29 4 21 28 0 8 27 5 1 11 30 10 22 3 24 6 26 12 25 9
1 2 3 5 4 7 6 10 19 24 8 14 20 27 15 23 17 26 18 28 11 22 9 21 12 25 16 30 13 29 15 16 17 19 18 21 20 24 3 8 30 5 22 29 1 9 28 6 2 12 0 11 23 4 25 7 27 13 26 10
1 2 3 5 4 7 6 10 19 24 8 14 20 27 15 23 17 26 18 28 11 22 9 21 12 25 16 30 13 29 16 17 18 20 19 22 21 25 4 9 0 6 23 30 2 10 29 7 3 13 1 12 24 5 26 8 28 14 27 11
1 2 3 5 4 7 6 10 19 24 8 14 20 27 15 23 17 26 18 28 11 22 9 21 12 25 16 30 13 29 20 21 22 24 23 26 25 29 8 13 4 10 27 3 6 14 2 11 7 17 5 16 28 9 30 12 1 18 0 15
1 2 3 5 4 7 6 10 19 24 8 14 20 27 15 23 17 26 18 28 11 22 9 21 12 25 16 30 13 29 22 23 24 26 25 28 27 0 10 15 6 12 29 5 8 16 4 13 9 19 7 18 30 11 1 14 3 20 2 17
1 2 3 5 4 7 6 10 19 24 8 14 20 27 15 23 17 26 18 28 11 22 9 21 12 25 16 30 13 29 27 28 29 0 30 2 1 5 15 20 11 17 3 10 13 21 9 18 14 24 12 23 4 16 6 19 8 25 7 22
1 2 3 5 4 7 6 10 19 24 8 14 20 27 15 23 17 26 18 28 11 22 9 21 12 25 16 30 13 29 28 29 30 1 0 3 2 6 16 21 12 18 4 11 14 22 10 19 15 25 13 24 5 17 7 20 9 26 8 23
1 2 3 5 4 7 6 10 19 24 8 14 20 27 15 23 17 26 18 28 11 22 9 21 12 25 16 30 13 29 5 6 7 9 8 11 10 14 21 26 23 29 12 19 24 1 18 27 20 30 22 2 13 25 15 28 17 3 16 0
1 2 3 5 4 7 6 10 19 24 8 14 20 27 15 23 17 26 18 28 11 22 9 21 12 25 16 30 13 29 6 7 8 10 9 12 11 15 22 27 24 30 13 20 25 2 19 28 21 0 23 3 14 26 16 29 18 4 17 1
1 2 3 5 4 7 6 10 19 24 8 14 20 27 15 23 17 26 18 28 11 22 9 21 12 25 16 30 13 29 7 8 9 11 10 13 12 16 23 28 25 0 14 21 26 3 20 29 22 1 24 4 15 27 17 30 19 5 18 2
1 2 3 5 4 7 6 10 19 24 8 14 20 27 15 23 17 26 18 28 11 22 9 21 12 25 16 30 13 29 8 9 10 12 11 14 13 17 24 29 26 1 15 22 27 4 21 30 23 2 25 5 16 28 18 0 20 6 19 3
1 2 3 5 4 7 6 10 19 24 8 14 20 27 15 23 17 26 18 28 11 22 9 21 12 25 16 30 13 29 10 11 12 14 13 16 15 19 26 0 28 3 17 24 29 6 23 1 25 4 27 7 18 30 20 2 22 8 21 5
1 2 3 5 4 7 6 10 19 24 8 14 20 27 15 23 17 26 18 28 11 22 9 21 12 25 16 30 13 29 11 12 13 15 14 17 16 20 27 1 29 4 18 25 30 7 24 2 26 5 28 8 19 0 21 3 23 9 22 6
1 2 3 5 4 7 6 10 19 24 8 14 20 27 15 23 17 26 18 28 11 22 9 21 12 25 16 30 13 29 12 13 14 16 15 18 17 21 28 2 30 5 19 26 0 8 25 3 27 6 29 9 20 1 22 4 24 10 23 7
1 2 3 5 4 7 6 10 19 24 8 14 20 27 15 23 17 26 18 28 11 22 9 21 12 25 16 30 13 29 14 15 16 18 17 20 19 23 30 4 1 7 21 28 2 10 27 5 29 8 0 11 22 3 24 6 26 12 25 9
1 2 3 5 4 7 6 10 19 24 8 14 20 27 15 23 17 26 18 28 11 22 9 21 12 25 16 30 13 29 15 16 17 19 18 21 20 24 0 5 2 8 22 29 3 11 28 6 30 9 1 12 23 4 25 7 27 13 26 10
1 2 3 5 4 7 6 10 19 24 8 14 20 27 15 23 17 26 18 28 11 22 9 21 12 25 16 30 13 29 16 17 18 20 19 22 21 25 1 6 3 9 23 30 4 12 29 7 0 10 2 13 24 5 26 8 28 14 27 11
1 2 3 5 4 7 6 10 19 24 8 14 20 27 15 23 17 26 18 28 11 22 9 21 12 25 16 30 13 29 26 27 28 30 29 1 0 4 11 16 13 19 2 9 14 22 8 17 10 20 12 23 3 15 5 18 7 24 6 21
1 2 3 5 4 7 6 10 19 24 8 14 20 27 15 23 17 26 18 28 11 22 9 21 12 25 16 30 13 29 0 1 2 4 3 6 5 9 16 21 18 24 7 14 19 27 13 22 15 25 17 28 8 20 10 23 12 29 11 26
1 2 3 5 4 7 6 10 19 24 8 14 20 27 15 23 17 26 18 28 11 22 9 21 12 25 16 30 13 29 6 7 8 10 9 12 11 15 23 28 21 27 13 20 25 2 22 0 24 3 19 30 14 26 16 29 18 4 17 1
1 2 3 5 4 7 6 10 19 24 8 14 20 27 15 23 17 26 18 28 11 22 9 21 12 25 16 30 13 29 7 8 9 11 10 13 12 16 24 29 22 28 14 21 26 3 23 1 25 4 20 0 15 27 17 30 19 5 18 2
1 2 3 5 4 7 6 10 19 24 8 14 20 27 15 23 17 26 18 28 11 22 9 21 12 25 16 30 13 29 11 12 13 15 14 17 16 20 28 2 26 1 18 25 30 7 27 5 29 8 24 4 19 0 21 3 23 9 22 6
1 2 3 5 4 7 6 10 19 24 8 14 20 27 15 23 17 26 18 28 11 22 9 21 12 25 16 30 13 29 14 15 16 18 17 20 19 23 0 5 29 4 21 28 2 10 30 8 1 11 27 7 22 3 24 6 26 12 25 9
1 2 3 5 4 7 6 10 19 24 8 14 20 27 15 23 17 26 18 28 11 22 9 21 12 25 16 30 13 29 16 17 18 20 19 22 21 25 2 7 0 6 23 30 4 12 1 10 3 13 29 9 24 5 26 8 28 14 27 11
1 2 3 5 4 7 6 10 19 24 8 14 20 27 15 23 17 26 18 28 11 22 9 21 12 25 16 30 13 29 17 18 19 21 20 23 22 26 3 8 1 7 24 0 5 13 2 11 4 14 30 10 25 6 27 9 29 15 28 12
1 2 3 5 4 7 6 10 19 24 8 14 20 27 15 23 17 26 18 28 11 22 9 21 12 25 16 30 13 29 19 20 21 23 22 25 24 28 5 10 3 9 26 2 7 15 4 13 6 16 1 12 27 8 29 11 0 17 30 14
1 2 3 5 4 7 6 10 19 24 8 14 20 27 15 23 17 26 18 28 11 22 9 21 12 25 16 30 13 29 21 22 23 25 24 27 26 30 7 12 5 11 28 4 9 17 6 15 8 18 3 14 29 10 0 13 2 19 1 16
1 2 3 5 4 7 6 10 19 24 8 14 20 27 15 23 17 26 18 28 11 22 9 21 12 25 16 30 13 29 28 29 30 1 0 3 2 6 14 19 12 18 4 11 16 24 13 22 15 25 10 21 5 17 7 20 9 26 8 23
1 2 3 5 4 7 6 10 19 24 8 14 20 27 15 23 17 26 18 28 11 22 9 21 12 25 16 30 13 29 7 8 9 11 10 13 12 16 24 29 26 1 14 21 20 28 22 0 23 2 25 5 15 27 17 30 18 4 19 3
1 2 3 5 4 7 6 10 19 24 8 14 20 27 15 23 17 26 18 28 11 22 9 21 12 25 16 30 13 29 11 12 13 15 14 17 16 20 28 2 30 5 18 25 24 1 26 4 27 6 29 9 19 0 21 3 22 8 23 7
1 2 3 5 4 7 6 10 19 24 8 14 20 27 15 23 17 26 18 28 11 22 9 21 12 25 16 30 13 29 16 17 18 20 19 22 21 25 2 7 4 10 23 30 29 6 0 9 1 11 3 14 24 5 26 8 27 13 28 12
1 2 3 5 4 7 6 10 19 24 8 14 20 27 15 23 17 26 18 28 11 22 9 21 12 25 16 30 13 29 18 19 20 22 21 24 23 27 4 9 6 12 25 1 0 8 2 11 3 13 5 16 26 7 28 10 29 15 30 14
1 2 3 5 4 7 6 10 19 24 8 14 20 27 15 23 17 26 18 28 11 22 9 21 12 25 16 30 13 29 21 22 23 25 24 27 26 30 7 12 9 15 28 4 3 11 5 14 6 16 8 19 29 10 0 13 1 18 2 17
1 2 3 5 4 7 6 10 19 24 8 14 20 27 15 23 17 26 18 28 11 22 9 21 12 25 16 30 13 29 26 27 28 30 29 1 0 4 12 17 14 20 2 9 8 16 10 19 11 21 13 24 3 15 5 18 6 23 7 22
1 2 3 5 4 7 6 10 19 24 8 14 20 27 15 23 17 26 18 28 11 22 9 21 12 25 16 30 13 29 0 1 2 4 3 6 5 9 17 22 19 25 7 14 13 21 15 24 16 26 18 29 8 20 10 23 11 28 12 27
1 2 3 5 4 7 6 10 19 24 8 14 20 27 15 23 17 26 18 28 11 22 9 21 12 25 16 30 13 29 7 8 9 11 10 13 12 16 26 0 23 29 14 21 20 28 24 2 22 1 25 5 15 27 17 30 18 4 19 3
1 2 3 5 4 7 6 10 19 24 8 14 20 27 15 23 17 26 18 28 11 22 9 21 12 25 16 30 13 29 8 9 10 12 11 14 13 17 27 1 24 30 15 22 21 29 25 3 23 2 26 6 16 28 18 0 19 5 20 4
1 2 3 5 4 7 6 10 19 24 8 14 20 27 15 23 17 26 18 28 11 22 9 21 12 25 16 30 13 29 9 10 11 13 12 15 14 18 28 2 25 0 16 23 22 30 26 4 24 3 27 7 17 29 19 1 20 6 21 5
1 2 3 5 4 7 6 10 19 24 8 14 20 27 15 23 17 26 18 28 11 22 9 21 12 25 16 30 13 29 11 12 13 15 14 17 16 20 30 4 27 2 18 25 24 1 28 6 26 5 29 9 19 0 21 3 22 8 23 7
1 2 3 5 4 7 6 10 19 24 8 14 20 27 15 23 17 26 18 28 11 22 9 21 12 25 16 30 13 29 12 13 14 16 15 18 17 21 0 5 28 3 19 26 25 2 29 7 27 6 30 10 20 1 22 4 23 9 24 8
1 2 3 5 4 7 6 10 19 24 8 14 20 27 15 23 17 26 18 28 11 22 9 21 12 25 16 30 13 29 14 15 16 18 17 20 19 23 2 7 30 5 21 28 27 4 0 9 29 8 1 12 22 3 24 6 25 11 26 10
1 2 3 5 4 7 6 10 19 24 8 14 20 27 15 23 17 26 18 28 11 22 9 21 12 25 16 30 13 29 15 16 17 19 18 21 20 24 3 8 0 6 22 29 28 5 1 10 30 9 2 13 23 4 25 7 26 12 27 11
1 2 3 5 4 7 6 10 19 24 8 14 20 27 15 23 17 26 18 28 11 22 9 21 12 25 16 30 13 29 16 17 18 20 19 22 21 25 4 9 1 7 23 30 29 6 2 11 0 10 3 14 24 5 26 8 27 13 28 12
1 2 3 5 4 7 6 10 19 24 8 14 20 27 15 23 17 26 18 28 11 22 9 21 12 25 16 30 13 29 20 21 22 24 23 26 25 29 8 13 5 11 27 3 2 10 6 15 4 14 7 18 28 9 30 12 0 17 1 16
1 2 3 5 4 7 6 10 19 24 8 14 20 27 15 23 17 26 18 28 11 22 9 21 12 25 16 30 13 29 26 27 28 30 29 1 0 4 14 19 11 17 2 9 8 16 12 21 10 20 13 24 3 15 5 18 6 23 7 22
1 2 3 5 4 7 6 10 19 24 8 14 20 27 15 23 17 26 18 28 11 22 9 21 12 25 16 30 13 29 5 6 7 9 8 11 10 14 22 27 23 29 12 19 18 26 21 30 24 3 20 0 13 25 15 28 16 2 17 1
1 2 3 5 4 7 6 10 19 24 8 14 20 27 15 23 17 26 18 28 11 22 9 21 12 25 16 30 13 29 9 10 11 13 12 15 14 18 26 0 27 2 16 23 22 30 25 3 28 7 24 4 17 29 19 1 20 6 21 5
1 2 3 5 4 7 6 10 19 24 8 14 20 27 15 23 17 26 18 28 11 22 9 21 12 25 16 30 13 29 12 13 14 16 15 18 17 21 29 3 30 5 19 26 25 2 28 6 0 10 27 7 20 1 22 4 23 9 24 8
1 2 3 5 4 7 6 10 19 24 8 14 20 27 15 23 17 26 18 28 11 22 9 21 12 25 16 30 13 29 14 15 16 18 17 20 19 23 0 5 1 7 21 28 27 4 30 8 2 12 29 9 22 3 24 6 25 11 26 10
1 2 3 5 4 7 6 10 19 24 8 14 20 27 15 23 17 26 18 28 11 22 9 21 12 25 16 30 13 29 15 16 17 19 18 21 20 24 1 6 2 8 22 29 28 5 0 9 3 13 30 10 23 4 25 7 26 12 27 11
1 2 3 5 4 7 6 10 19 24 8 14 20 27 15 23 17 26 18 28 11 22 9 21 12 25 16 30 13 29 16 17 18 20 19 22 21 25 2 7 3 9 23 30 29 6 1 10 4 14 0 11 24 5 26 8 27 13 28 12
1 2 3 5 4 7 6 10 19 24 8 14 20 27 15 23 17 26 18 28 11 22 9 21 12 25 16 30 13 29 22 23 24 26 25 28 27 0 8 13 9 15 29 5 4 12 7 16 10 20 6 17 30 11 1 14 2 19 3 18
1 2 3 5 4 7 6 10 19 24 8 14 20 27 15 23 17 26 18 28 11 22 9 21 12 25 16 30 13 29 9 10 11 13 12 15 14 18 28 2 24 30 16 23 26 3 22 0 25 4 27 7 17 29 19 1 20 6 21 5
1 2 3 5 4 7 6 10 19 24 8 14 20 27 15 23 17 26 18 28 11 22 9 21 12 25 16 30 13 29 11 12 13 15 14 17 16 20 30 4 26 1 18 25 28 5 24 2 27 6 29 9 19 0 21 3 22 8 23 7
1 2 3 5 4 7 6 10 19 24 8 14 20 27 15 23 17 26 18 28 11 22 9 21 12 25 16 30 13 29 15 16 17 19 18 21 20 24 3 8 30 5 22 29 1 9 28 6 0 10 2 13 23 4 25 7 26 12 27 11
1 2 3 5 4 7 6 10 19 24 8 14 20 27 15 23 17 26 18 28 11 22 9 21 12 25 16 30 13 29 18 19 20 22 21 24 23 27 6 11 2 8 25 1 4 12 0 9 3 13 5 16 26 7 28 10 29 15 30 14
1 2 3 5 4 7 6 10 19 24 8 14 20 27 15 23 17 26 18 28 11 22 9 21 12 25 16 30 13 29 20 21 22 24 23 26 25 29 8 13 4 10 27 3 6 14 2 11 5 15 7 18 28 9 30 12 0 17 1 16
1 2 3 5 4 7 6 10 19 24 8 14 20 27 15 23 17 26 18 28 11 22 9 21 12 25 16 30 13 29 21 22 23 25 24 27 26 30 9 14 5 11 28 4 7 15 3 12 6 16 8 19 29 10 0 13 1 18 2 17
1 2 3 5 4 7 6 10 19 24 8 14 20 27 15 23 17 26 18 28 11 22 9 21 12 25 16 30 13 29 23 24 25 27 26 29 28 1 11 16 7 13 30 6 9 17 5 14 8 18 10 21 0 12 2 15 3 20 4 19
1 2 3 5 4 7 6 10 19 24 8 14 20 27 15 23 17 26 18 28 11 22 9 21 12 25 16 30 13 29 5 6 7 9 8 11 10 14 21 26 23 29 12 19 22 30 18 27 24 3 20 0 13 25 15 28 16 2 17 1
1 2 3 5 4 7 6 10 19 24 8 14 20 27 15 23 17 26 18 28 11 22 9 21 12 25 16 30 13 29 6 7 8 10 9 12 11 15 22 27 24 30 13 20 23 0 19 28 25 4 21 1 14 26 16 29 17 3 18 2
1 2 3 5 4 7 6 10 19 24 8 14 20 27 15 23 17 26 18 28 11 22 9 21 12 25 16 30 13 29 7 8 9 11 10 13 12 16 23 28 25 0 14 21 24 1 20 29 26 5 22 2 15 27 17 30 18 4 19 3
1 2 3 5 4 7 6 10 19 24 8 14 20 27 15 23 17 26 18 28 11 22 9 21 12 25 16 30 13 29 8 9 10 12 11 14 13 17 24 29 26 1 15 22 25 2 21 30 27 6 23 3 16 28 18 0 19 5 20 4
1 2 3 5 4 7 6 10 19 24 8 14 20 27 15 23 17 26 18 28 11 22 9 21 12 25 16 30 13 29 12 13 14 16 15 18 17 21 28 2 30 5 19 26 29 6 25 3 0 10 27 7 20 1 22 4 23 9 24 8
1 2 3 5 4 7 6 10 19 24 8 14 20 27 15 23 17 26 18 28 11 22 9 21 12 25 16 30 13 29 14 15 16 18 17 20 19 23 30 4 1 7 21 28 0 8 27 5 2 12 29 9 22 3 24 6 25 11 26 10
1 2 3 5 4 7 6 10 19 24 8 14 20 27 15 23 17 26 18 28 11 22 9 21 12 25 16 30 13 29 15 16 17 19 18 21 20 24 0 5 2 8 22 29 1 9 28 6 3 13 30 10 23 4 25 7 26 12 27 11
1 2 3 5 4 7 6 10 19 24 8 14 20 27 15 23 17 26 18 28 11 22 9 21 12 25 16 30 13 29 18 19 20 22 21 24 23 27 3 8 5 11 25 1 4 12 0 9 6 16 2 13 26 7 28 10 29 15 30 14
1 2 3 5 4 7 6 10 19 24 8 14 20 27 15 23 17 26 18 28 11 22 9 21 12 25 16 30 13 29 26 27 28 30 29 1 0 4 11 16 13 19 2 9 12 20 8 17 14 24 10 21 3 15 5 18 6 23 7 22
1 2 3 5 4 7 6 10 19 24 8 14 20 27 15 23 17 26 18 28 11 22 9 21 12 25 16 30 13 29 5 6 7 9 8 11 10 14 22 27 20 26 12 19 23 0 21 30 24 3 18 29 13 25 15 28 16 2 17 1
1 2 3 5 4 7 6 10 19 24 8 14 20 27 15 23 17 26 18 28 11 22 9 21 12 25 16 30 13 29 6 7 8 10 9 12 11 15 23 28 21 27 13 20 24 1 22 0 25 4 19 30 14 26 16 29 17 3 18 2
1 2 3 5 4 7 6 10 19 24 8 14 20 27 15 23 17 26 18 28 11 22 9 21 12 25 16 30 13 29 9 10 11 13 12 15 14 18 26 0 24 30 16 23 27 4 25 3 28 7 22 2 17 29 19 1 20 6 21 5
1 2 3 5 4 7 6 10 19 24 8 14 20 27 15 23 17 26 18 28 11 22 9 21 12 25 16 30 13 29 14 15 16 18 17 20 19 23 0 5 29 4 21 28 1 9 30 8 2 12 27 7 22 3 24 6 25 11 26 10
1 2 3 5 4 7 6 10 19 24 8 14 20 27 15 23 17 26 18 28 11 22 9 21 12 25 16 30 13 29 18 19 20 22 21 24 23 27 4 9 2 8 25 1 5 13 3 12 6 16 0 11 26 7 28 10 29 15 30 14
1 2 3 5 4 7 6 10 19 24 8 14 20 27 15 23 17 26 18 28 11 22 9 21 12 25 16 30 13 29 21 22 23 25 24 27 26 30 7 12 5 11 28 4 8 16 6 15 9 19 3 14 29 10 0 13 1 18 2 17
1 2 3 5 4 7 6 10 19 24 8 14 20 27 15 23 17 26 18 28 11 22 9 21 12 25 16 30 13 29 23 24 25 27 26 29 28 1 9 14 7 13 30 6 10 18 8 17 11 21 5 16 0 12 2 15 3 20 4 19
1 2 3 5 4 7 6 10 19 24 8 14 20 27 15 23 17 26 18 28 11 22 9 21 12 25 16 30 13 29 8 9 10 12 11 14 13 17 27 1 25 0 15 22 26 3 21 30 19 29 24 4 16 28 23 5 20 6 18 2
1 2 3 5 4 7 6 10 19 24 8 14 20 27 15 23 17 26 18 28 11 22 9 21 12 25 16 30 13 29 12 13 14 16 15 18 17 21 0 5 29 4 19 26 30 7 25 3 23 2 28 8 20 1 27 9 24 10 22 6
1 2 3 5 4 7 6 10 19 24 8 14 20 27 15 23 17 26 18 28 11 22 9 21 12 25 16 30 13 29 17 18 19 21 20 23 22 26 5 10 3 9 24 0 4 12 30 8 28 7 2 13 25 6 1 14 29 15 27 11
1 2 3 5 4 7 6 10 19 24 8 14 20 27 15 23 17 26 18 28 11 22 9 21 12 25 16 30 13 29 21 22 23 25 24 27 26 30 9 14 7 13 28 4 8 16 3 12 1 11 6 17 29 10 5 18 2 19 0 15
1 2 3 5 4 7 6 10 19 24 8 14 20 27 15 23 17 26 18 28 11 22 9 21 12 25 16 30 13 29 23 24 25 27 26 29 28 1 11 16 9 15 30 6 10 18 5 14 3 13 8 19 0 12 7 20 4 21 2 17
1 2 3 5 4 7 6 10 19 24 8 14 20 27 15 23 17 26 18 28 11 22 9 21 12 25 16 30 13 29 27 28 29 0 30 2 1 5 15 20 13 19 3 10 14 22 9 18 7 17 12 23 4 16 11 24 8 25 6 21
1 2 3 5 4 7 6 10 19 24 8 14 20 27 15 23 17 26 18 28 11 22 9 21 12 25 16 30 13 29 29 30 0 2 1 4 3 7 17 22 15 21 5 12 16 24 11 20 9 19 14 25 6 18 13 26 10 27 8 23
1 2 3 5 4 7 6 10 19 24 8 14 20 27 15 23 17 26 18 28 11 22 9 21 12 25 16 30 13 29 5 6 7 9 8 11 10 14 23 28 21 27 12 19 24 1 22 0 16 26 18 29 13 25 20 2 17 3 15 30
1 2 3 5 4 7 6 10 19 24 8 14 20 27 15 23 17 26 18 28 11 22 9 21 12 25 16 30 13 29 6 7 8 10 9 12 11 15 24 29 22 28 13 20 25 2 23 1 17 27 19 30 14 26 21 3 18 4 16 0
1 2 3 5 4 7 6 10 19 24 8 14 20 27 15 23 17 26 18 28 11 22 9 21 12 25 16 30 13 29 8 9 10 12 11 14 13 17 26 0 24 30 15 22 27 4 25 3 19 29 21 1 16 28 23 5 20 6 18 2
1 2 3 5 4 7 6 10 19 24 8 14 20 27 15 23 17 26 18 28 11 22 9 21 12 25 16 30 13 29 9 10 11 13 12 15 14 18 27 1 25 0 16 23 28 5 26 4 20 30 22 2 17 29 24 6 21 7 19 3
1 2 3 5 4 7 6 10 19 24 8 14 20 27 15 23 17 26 18 28 11 22 9 21 12 25 16 30 13 29 12 13 14 16 15 18 17 21 30 4 28 3 19 26 0 8 29 7 23 2 25 5 20 1 27 9 24 10 22 6
1 2 3 5 4 7 6 10 19 24 8 14 20 27 15 23 17 26 18 28 11 22 9 21 12 25 16 30 13 29 16 17 18 20 19 22 21 25 3 8 1 7 23 30 4 12 2 11 27 6 29 9 24 5 0 13 28 14 26 10
1 2 3 5 4 7 6 10 19 24 8 14 20 27 15 23 17 26 18 28 11 22 9 21 12 25 16 30 13 29 21 22 23 25 24 27 26 30 8 13 6 12 28 4 9 17 7 16 1 11 3 14 29 10 5 18 2 19 0 15
1 2 3 5 4 7 6 10 19 24 8 14 20 27 15 23 17 26 18 28 11 22 9 21 12 25 16 30 13 29 22 23 24 26 25 28 27 0 9 14 7 13 29 5 10 18 8 17 2 12 4 15 30 11 6 19 3 20 1 16
1 2 3 5 4 7 6 10 19 24 8 14 20 27 15 23 17 26 18 28 11 22 9 21 12 25 16 30 13 29 26 27 28 30 29 1 0 4 13 18 11 17 2 9 14 22 12 21 6 16 8 19 3 15 10 23 7 24 5 20
1 2 3 5 4 7 6 10 19 24 8 14 20 27 15 23 17 26 18 28 11 22 9 21 12 25 16 30 13 29 4 5 6 8 7 10 9 13 23 28 20 26 11 18 19 27 22 0 15 25 21 1 12 24 17 30 16 2 14 29
1 2 3 5 4 7 6 10 19 24 8 14 20 27 15 23 17 26 18 28 11 22 9 21 12 25 16 30 13 29 8 9 10 12 11 14 13 17 27 1 24 30 15 22 23 0 26 4 19 29 25 5 16 28 21 3 20 6 18 2
1 2 3 5 4 7 6 10 19 24 8 14 20 27 15 23 17 26 18 28 11 22 9 21 12 25 16 30 13 29 22 23 24 26 25 28 27 0 10 15 7 13 29 5 6 14 9 18 2 12 8 19 30 11 4 17 3 20 1 16
1 2 3 5 4 7 6 10 19 24 8 14 20 27 15 23 17 26 18 28 11 22 9 21 12 25 16 30 13 29 29 30 0 2 1 4 3 7 17 22 14 20 5 12 13 21 16 25 9 19 15 26 6 18 11 24 10 27 8 23
1 2 3 5 4 7 6 10 19 24 8 14 20 27 15 23 17 26 18 28 11 22 9 21 12 25 16 30 13 29 5 6 7 9 8 11 10 14 22 27 23 29 12 19 20 28 24 2 16 26 21 1 13 25 18 0 17 3 15 30
1 2 3 5 4 7 6 10 19 24 8 14 20 27 15 23 17 26 18 28 11 22 9 21 12 25 16 30 13 29 6 7 8 10 9 12 11 15 23 28 24 30 13 20 21 29 25 3 17 27 22 2 14 26 19 1 18 4 16 0
1 2 3 5 4 7 6 10 19 24 8 14 20 27 15 23 17 26 18 28 11 22 9 21 12 25 16 30 13 29 8 9 10 12 11 14 13 17 25 30 26 1 15 22 23 0 27 5 19 29 24 4 16 28 21 3 20 6 18 2
1 2 3 5 4 7 6 10 19 24 8 14 20 27 15 23 17 26 18 28 11 22 9 21 12 25 16 30 13 29 22 23 24 26 25 28 27 0 8 13 9 15 29 5 6 14 10 19 2 12 7 18 30 11 4 17 3 20 1 16
1 2 3 5 4 7 6 10 19 24 8 14 20 27 15 23 17 26 18 28 11 22 9 21 12 25 16 30 13 29 27 28 29 0 30 2 1 5 13 18 14 20 3 10 11 19 15 24 7 17 12 23 4 16 9 22 8 25 6 21
1 2 3 5 4 7 6 10 19 24 8 14 20 27 15 23 17 26 18 28 11 22 9 21 12 25 16 30 13 29 4 5 6 8 7 10 9 13 22 27 20 26 11 18 23 0 19 28 15 25 21 1 12 24 17 30 16 2 14 29
1 2 3 5 4 7 6 10 19 24 8 14 20 27 15 23 17 26 18 28 11 22 9 21 12 25 16 30 13 29 5 6 7 9 8 11 10 14 23 28 21 27 12 19 24 1 20 29 16 26 22 2 13 25 18 0 17 3 15 30
1 2 3 5 4 7 6 10 19 24 8 14 20 27 15 23 17 26 18 28 11 22 9 21 12 25 16 30 13 29 6 7 8 10 9 12 11 15 24 29 22 28 13 20 25 2 21 30 17 27 23 3 14 26 19 1 18 4 16 0
1 2 3 5 4 7 6 10 19 24 8 14 20 27 15 23 17 26 18 28 11 22 9 21 12 25 16 30 13 29 8 9 10 12 11 14 13 17 26 0 24 30 15 22 27 4 23 1 19 29 25 5 16 28 21 3 20 6 18 2
1 2 3 5 4 7 6 10 19 24 8 14 20 27 15 23 17 26 18 28 11 22 9 21 12 25 16 30 13 29 16 17 18 20 19 22 21 25 3 8 1 7 23 30 4 12 0 9 27 6 2 13 24 5 29 11 28 14 26 10
1 2 3 5 4 7 6 10 19 24 8 14 20 27 15 23 17 26 18 28 11 22 9 21 12 25 16 30 13 29 17 18 19 21 20 23 22 26 4 9 2 8 24 0 5 13 1 10 28 7 3 14 25 6 30 12 29 15 27 11
1 2 3 5 4 7 6 10 19 24 8 14 20 27 15 23 17 26 18 28 11 22 9 21 12 25 16 30 13 29 26 27 28 30 29 1 0 4 13 18 11 17 2 9 14 22 10 19 6 16 12 23 3 15 8 21 7 24 5 20
1 2 3 5 4 7 6 10 19 24 8 14 20 27 15 23 17 26 18 28 11 22 9 21 12 25 16 30 13 29 0 1 2 4 3 6 5 9 18 23 16 22 7 14 19 27 15 24 11 21 17 28 8 20 13 26 12 29 10 25
1 2 3 5 4 7 6 10 19 24 8 14 20 27 15 23 17 26 18 28 11 22 9 21 12 25 16 30 13 29 4 5 6 8 7 10 9 13 23 28 21 27 11 18 17 25 22 0 20 30 15 26 12 24 19 1 16 2 14 29
1 2 3 5 4 7 6 10 19 24 8 14 20 27 15 23 17 26 18 28 11 22 9 21 12 25 16 30 13 29 8 9 10 12 11 14 13 17 27 1 25 0 15 22 21 29 26 4 24 3 19 30 16 28 23 5 20 6 18 2
1 2 3 5 4 7 6 10 19 24 8 14 20 27 15 23 17 26 18 28 11 22 9 21 12 25 16 30 13 29 9 10 11 13 12 15 14 18 28 2 26 1 16 23 22 30 27 5 25 4 20 0 17 29 24 6 21 7 19 3
1 2 3 5 4 7 6 10 19 24 8 14 20 27 15 23 17 26 18 28 11 22 9 21 12 25 16 30 13 29 10 11 12 14 13 16 15 19 29 3 27 2 17 24 23 0 28 6 26 5 21 1 18 30 25 7 22 8 20 4
1 2 3 5 4 7 6 10 19 24 8 14 20 27 15 23 17 26 18 28 11 22 9 21 12 25 16 30 13 29 15 16 17 19 18 21 20 24 3 8 1 7 22 29 28 5 2 11 0 10 26 6 23 4 30 12 27 13 25 9
1 2 3 5 4 7 6 10 19 24 8 14 20 27 15 23 17 26 18 28 11 22 9 21 12 25 16 30 13 29 17 18 19 21 20 23 22 26 5 10 3 9 24 0 30 7 4 13 2 12 28 8 25 6 1 14 29 15 27 11
1 2 3 5 4 7 6 10 19 24 8 14 20 27 15 23 17 26 18 28 11 22 9 21 12 25 16 30 13 29 27 28 29 0 30 2 1 5 15 20 13 19 3 10 9 17 14 23 12 22 7 18 4 16 11 24 8 25 6 21
1 2 3 5 4 7 6 10 19 24 8 14 20 27 15 23 17 26 18 28 11 22 9 21 12 25 16 30 13 29 29 30 0 2 1 4 3 7 17 22 15 21 5 12 11 19 16 25 14 24 9 20 6 18 13 26 10 27 8 23
1 2 3 5 4 7 6 10 19 24 8 14 20 27 15 23 17 26 18 28 11 22 9 21 12 25 16 30 13 29 16 17 18 20 19 22 21 25 1 6 3 9 23 30 4 12 2 11 29 8 27 7 24 5 0 13 28 14 26 10
1 2 3 5 4 7 6 10 19 24 8 14 20 27 15 23 17 26 18 28 11 22 9 21 12 25 16 30 13 29 5 6 7 9 8 11 10 14 23 28 20 26 12 19 21 29 24 2 22 1 16 27 13 25 18 0 17 3 15 30
1 2 3 5 4 7 6 10 19 24 8 14 20 27 15 23 17 26 18 28 11 22 9 21 12 25 16 30 13 29 9 10 11 13 12 15 14 18 27 1 24 30 16 23 25 2 28 6 26 5 20 0 17 29 22 4 21 7 19 3
1 2 3 5 4 7 6 10 19 24 8 14 20 27 15 23 17 26 18 28 11 22 9 21 12 25 16 30 13 29 22 23 24 26 25 28 27 0 9 14 6 12 29 5 7 15 10 19 8 18 2 13 30 11 4 17 3 20 1 16
1 2 3 5 4 7 6 10 19 24 8 14 20 27 15 23 17 26 18 28 11 22 9 21 12 25 16 30 13 29 27 28 29 0 30 2 1 5 14 19 11 17 3 10 12 20 15 24 13 23 7 18 4 16 9 22 8 25 6 21
1 2 3 5 4 7 6 10 19 24 8 14 20 27 15 23 17 26 18 28 11 22 9 21 12 25 16 30 13 29 5 6 7 9 8 11 10 14 21 26 23 29 12 19 20 28 24 2 22 1 16 27 13 25 18 0 17 3 15 30
1 2 3 5 4 7 6 10 19 24 8 14 20 27 15 23 17 26 18 28 11 22 9 21 12 25 16 30 13 29 10 11 12 14 13 16 15 19 26 0 28 3 17 24 25 2 29 7 27 6 21 1 18 30 23 5 22 8 20 4
1 2 3 5 4 7 6 10 19 24 8 14 20 27 15 23 17 26 18 28 11 22 9 21 12 25 16 30 13 29 16 17 18 20 19 22 21 25 1 6 3 9 23 30 0 8 4 13 2 12 27 7 24 5 29 11 28 14 26 10
1 2 3 5 4 7 6 10 19 24 8 14 20 27 15 23 17 26 18 28 11 22 9 21 12 25 16 30 13 29 26 27 28 30 29 1 0 4 11 16 13 19 2 9 10 18 14 23 12 22 6 17 3 15 8 21 7 24 5 20
1 2 3 5 4 7 6 10 19 24 8 14 20 27 15 23 17 26 18 28 11 22 9 21 12 25 16 30 13 29 27 28 29 0 30 2 1 5 12 17 14 20 3 10 11 19 15 24 13 23 7 18 4 16 9 22 8 25 6 21
1 2 3 5 4 7 6 10 19 24 8 14 20 27 15 23 17 26 18 28 11 22 9 21 12 25 16 30 13 29 4 5 6 8 7 10 9 13 20 25 21 27 11 18 23 0 19 28 22 1 15 26 12 24 17 30 16 2 14 29
1 2 3 5 4 7 6 10 19 24 8 14 20 27 15 23 17 26 18 28 11 22 9 21 12 25 16 30 13 29 7 8 9 11 10 13 12 16 23 28 24 30 14 21 26 3 22 0 25 4 18 29 15 27 20 2 19 5 17 1
1 2 3 5 4 7 6 10 19 24 8 14 20 27 15 23 17 26 18 28 11 22 9 21 12 25 16 30 13 29 10 11 12 14 13 16 15 19 26 0 27 2 17 24 29 6 25 3 28 7 21 1 18 30 23 5 22 8 20 4
1 2 3 5 4 7 6 10 19 24 8 14 20 27 15 23 17 26 18 28 11 22 9 21 12 25 16 30 13 29 15 16 17 19 18 21 20 24 0 5 1 7 22 29 3 11 30 8 2 12 26 6 23 4 28 10 27 13 25 9
1 2 3 5 4 7 6 10 19 24 8 14 20 27 15 23 17 26 18 28 11 22 9 21 12 25 16 30 13 29 17 18 19 21 20 23 22 26 2 7 3 9 24 0 5 13 1 10 4 14 28 8 25 6 30 12 29 15 27 11
1 2 3 5 4 7 6 10 19 24 8 14 20 27 15 23 17 26 18 28 11 22 9 21 12 25 16 30 13 29 26 27 28 30 29 1 0 4 11 16 12 18 2 9 14 22 10 19 13 23 6 17 3 15 8 21 7 24 5 20
1 2 3 5 4 7 6 10 19 24 8 14 20 27 15 23 17 26 18 28 11 22 9 21 12 25 16 30 13 29 29 30 0 2 1 4 3 7 14 19 15 21 5 12 17 25 13 22 16 26 9 20 6 18 11 24 10 27 8 23
1 2 3 5 4 7 6 10 19 24 8 14 20 27 15 23 17 26 18 28 11 22 9 21 12 25 16 30 13 29 10 11 12 14 13 16 15 19 28 2 26 1 17 24 23 0 29 7 27 6 25 5 18 30 21 3 22 8 20 4
1 2 3 5 4 7 6 10 19 24 8 14 20 27 15 23 17 26 18 28 11 22 9 21 12 25 16 30 13 29 16 17 18 20 19 22 21 25 3 8 1 7 23 30 29 6 4 13 2 12 0 11 24 5 27 9 28 14 26 10
1 2 3 5 4 7 6 10 19 24 8 14 20 27 15 23 17 26 18 28 11 22 9 21 12 25 16 30 13 29 20 21 22 24 23 26 25 29 7 12 5 11 27 3 2 10 8 17 6 16 4 15 28 9 0 13 1 18 30 14
1 2 3 5 4 7 6 10 19 24 8 14 20 27 15 23 17 26 18 28 11 22 9 21 12 25 16 30 13 29 26 27 28 30 29 1 0 4 13 18 11 17 2 9 8 16 14 23 12 22 10 21 3 15 6 19 7 24 5 20
1 2 3 5 4 7 6 10 19 24 8 14 20 27 15 23 17 26 18 28 11 22 9 21 12 25 16 30 13 29 6 7 8 10 9 12 11 15 24 29 21 27 13 20 25 2 19 28 22 1 23 3 14 26 17 30 18 4 16 0
1 2 3 5 4 7 6 10 19 24 8 14 20 27 15 23 17 26 18 28 11 22 9 21 12 25 16 30 13 29 8 9 10 12 11 14 13 17 26 0 23 29 15 22 27 4 21 30 24 3 25 5 16 28 19 1 20 6 18 2
1 2 3 5 4 7 6 10 19 24 8 14 20 27 15 23 17 26 18 28 11 22 9 21 12 25 16 30 13 29 15 16 17 19 18 21 20 24 2 7 30 5 22 29 3 11 28 6 0 10 1 12 23 4 26 8 27 13 25 9
1 2 3 5 4 7 6 10 19 24 8 14 20 27 15 23 17 26 18 28 11 22 9 21 12 25 16 30 13 29 17 18 19 21 20 23 22 26 4 9 1 7 24 0 5 13 30 8 2 12 3 14 25 6 28 10 29 15 27 11
1 2 3 5 4 7 6 10 19 24 8 14 20 27 15 23 17 26 18 28 11 22 9 21 12 25 16 30 13 29 23 24 25 27 26 29 28 1 10 15 7 13 30 6 11 19 5 14 8 18 9 20 0 12 3 16 4 21 2 17
1 2 3 5 4 7 6 10 19 24 8 14 20 27 15 23 17 26 18 28 11 22 9 21 12 25 16 30 13 29 26 27 28 30 29 1 0 4 13 18 10 16 2 9 14 22 8 17 11 21 12 23 3 15 6 19 7 24 5 20
1 2 3 5 4 7 6 10 19 24 8 14 20 27 15 23 17 26 18 28 11 22 9 21 12 25 16 30 13 29 29 30 0 2 1 4 3 7 16 21 13 19 5 12 17 25 11 20 14 24 15 26 6 18 9 22 10 27 8 23
1 2 3 5 4 7 6 10 19 24 8 14 20 27 15 23 17 26 18 28 11 22 9 21 12 25 16 30 13 29 0 1 2 4 3 6 5 9 18 23 15 21 7 14 19 27 13 22 16 26 17 28 8 20 11 24 12 29 10 25
1 2 3 5 4 7 6 10 19 24 8 14 20 27 15 23 17 26 18 28 11 22 9 21 12 25 16 30 13 29 10 11 12 14 13 16 15 19 26 0 27 2 17 24 29 6 23 1 28 7 25 5 18 30 21 3 22 8 20 4
1 2 3 5 4 7 6 10 19 24 8 14 20 27 15 23 17 26 18 28 11 22 9 21 12 25 16 30 13 29 11 12 13 15 14 17 16 20 27 1 28 3 18 25 30 7 24 2 29 8 26 6 19 0 22 4 23 9 21 5
1 2 3 5 4 7 6 10 19 24 8 14 20 27 15 23 17 26 18 28 11 22 9 21 12 25 16 30 13 29 16 17 18 20 19 22 21 25 1 6 2 8 23 30 4 12 29 7 3 13 0 11 24 5 27 9 28 14 26 10
1 2 3 5 4 7 6 10 19 24 8 14 20 27 15 23 17 26 18 28 11 22 9 21 12 25 16 30 13 29 17 18 19 21 20 23 22 26 2 7 3 9 24 0 5 13 30 8 4 14 1 12 25 6 28 10 29 15 27 11
1 2 3 5 4 7 6 10 19 24 8 14 20 27 15 23 17 26 18 28 11 22 9 21 12 25 16 30 13 29 21 22 23 25 24 27 26 30 6 11 7 13 28 4 9 17 3 12 8 18 5 16 29 10 1 14 2 19 0 15
1 2 3 5 4 7 6 10 19 24 8 14 20 27 15 23 17 26 18 28 11 22 9 21 12 25 16 30 13 29 23 24 25 27 26 29 28 1 8 13 9 15 30 6 11 19 5 14 10 20 7 18 0 12 3 16 4 21 2 17
1 2 3 5 4 7 6 10 19 24 8 14 20 27 15 23 17 26 18 28 11 22 9 21 12 25 16 30 13 29 26 27 28 30 29 1 0 4 11 16 12 18 2 9 14 22 8 17 13 23 10 21 3 15 6 19 7 24 5 20
1 2 3 5 4 7 6 10 19 24 8 14 20 27 15 23 17 26 18 28 11 22 9 21 12 25 16 30 13 29 29 30 0 2 1 4 3 7 14 19 15 21 5 12 17 25 11 20 16 26 13 24 6 18 9 22 10 27 8 23
1 2 3 5 4 7 6 10 19 24 8 14 20 27 15 23 17 26 18 28 11 22 9 21 12 25 16 30 13 29 6 7 8 10 9 12 11 15 23 28 21 27 13 20 24 1 25 3 19 29 22 2 14 26 17 30 18 4 16 0
1 2 3 5 4 7 6 10 19 24 8 14 20 27 15 23 17 26 18 28 11 22 9 21 12 25 16 30 13 29 7 8 9 11 10 13 12 16 24 29 22 28 14 21 25 2 26 4 20 30 23 3 15 27 18 0 19 5 17 1
1 2 3 5 4 7 6 10 19 24 8 14 20 27 15 23 17 26 18 28 11 22 9 21 12 25 16 30 13 29 8 9 10 12 11 14 13 17 25 30 23 29 15 22 26 3 27 5 21 0 24 4 16 28 19 1 20 6 18 2
1 2 3 5 4 7 6 10 19 24 8 14 20 27 15 23 17 26 18 28 11 22 9 21 12 25 16 30 13 29 10 11 12 14 13 16 15 19 27 1 25 0 17 24 28 5 29 7 23 2 26 6 18 30 21 3 22 8 20 4
1 2 3 5 4 7 6 10 19 24 8 14 20 27 15 23 17 26 18 28 11 22 9 21 12 25 16 30 13 29 20 21 22 24 23 26 25 29 6 11 4 10 27 3 7 15 8 17 2 12 5 16 28 9 0 13 1 18 30 14
1 2 3 5 4 7 6 10 19 24 8 14 20 27 15 23 17 26 18 28 11 22 9 21 12 25 16 30 13 29 21 22 23 25 24 27 26 30 7 12 5 11 28 4 8 16 9 18 3 13 6 17 29 10 1 14 2 19 0 15
1 2 3 5 4 7 6 10 19 24 8 14 20 27 15 23 17 26 18 28 11 22 9 21 12 25 16 30 13 29 27 28 29 0 30 2 1 5 13 18 11 17 3 10 14 22 15 24 9 19 12 23 4 16 7 20 8 25 6 21
1 2 3 5 4 7 6 10 19 24 8 14 20 27 15 23 17 26 18 28 11 22 9 21 12 25 16 30 13 29 7 8 9 11 10 13 12 16 24 29 25 0 14 21 26 3 19 28 20 30 22 2 15 27 23 5 18 4 17 1
1 2 3 5 4 7 6 10 19 24 8 14 20 27 15 23 17 26 18 28 11 22 9 21 12 25 16 30 13 29 8 9 10 12 11 14 13 17 25 30 26 1 15 22 27 4 20 29 21 0 23 3 16 28 24 6 19 5 18 2
1 2 3 5 4 7 6 10 19 24 8 14 20 27 15 23 17 26 18 28 11 22 9 21 12 25 16 30 13 29 9 10 11 13 12 15 14 18 26 0 27 2 16 23 28 5 21 30 22 1 24 4 17 29 25 7 20 6 19 3
1 2 3 5 4 7 6 10 19 24 8 14 20 27 15 23 17 26 18 28 11 22 9 21 12 25 16 30 13 29 10 11 12 14 13 16 15 19 27 1 28 3 17 24 29 6 22 0 23 2 25 5 18 30 26 8 21 7 20 4
1 2 3 5 4 7 6 10 19 24 8 14 20 27 15 23 17 26 18 28 11 22 9 21 12 25 16 30 13 29 11 12 13 15 14 17 16 20 28 2 29 4 18 25 30 7 23 1 24 3 26 6 19 0 27 9 22 8 21 5
1 2 3 5 4 7 6 10 19 24 8 14 20 27 15 23 17 26 18 28 11 22 9 21 12 25 16 30 13 29 12 13 14 16 15 18 17 21 29 3 30 5 19 26 0 8 24 2 25 4 27 7 20 1 28 10 23 9 22 6
1 2 3 5 4 7 6 10 19 24 8 14 20 27 15 23 17 26 18 28 11 22 9 21 12 25 16 30 13 29 15 16 17 19 18 21 20 24 1 6 2 8 22 29 3 11 27 5 28 7 30 10 23 4 0 13 26 12 25 9
1 2 3 5 4 7 6 10 19 24 8 14 20 27 15 23 17 26 18 28 11 22 9 21 12 25 16 30 13 29 16 17 18 20 19 22 21 25 2 7 3 9 23 30 4 12 28 6 29 8 0 11 24 5 1 14 27 13 26 10
1 2 3 5 4 7 6 10 19 24 8 14 20 27 15 23 17 26 18 28 11 22 9 21 12 25 16 30 13 29 18 19 20 22 21 24 23 27 4 9 5 11 25 1 6 14 30 8 0 10 2 13 26 7 3 16 29 15 28 12
1 2 3 5 4 7 6 10 19 24 8 14 20 27 15 23 17 26 18 28 11 22 9 21 12 25 16 30 13 29 22 23 24 26 25 28 27 0 8 13 9 15 29 5 10 18 3 12 4 14 6 17 30 11 7 20 2 19 1 16
1 2 3 5 4 7 6 10 19 24 8 14 20 27 15 23 17 26 18 28 11 22 9 21 12 25 16 30 13 29 26 27 28 30 29 1 0 4 12 17 13 19 2 9 14 22 7 16 8 18 10 21 3 15 11 24 6 23 5 20
1 2 3 5 4 7 6 10 19 24 8 14 20 27 15 23 17 26 18 28 11 22 9 21 12 25 16 30 13 29 6 7 8 10 9 12 11 15 25 30 22 28 13 20 21 29 18 27 23 2 24 4 14 26 19 1 17 3 16 0
1 2 3 5 4 7 6 10 19 24 8 14 20 27 15 23 17 26 18 28 11 22 9 21 12 25 16 30 13 29 8 9 10 12 11 14 13 17 27 1 24 30 15 22 23 0 20 29 25 4 26 6 16 28 21 3 19 5 18 2
1 2 3 5 4 7 6 10 19 24 8 14 20 27 15 23 17 26 18 28 11 22 9 21 12 25 16 30 13 29 9 10 11 13 12 15 14 18 28 2 25 0 16 23 24 1 21 30 26 5 27 7 17 29 22 4 20 6 19 3
1 2 3 5 4 7 6 10 19 24 8 14 20 27 15 23 17 26 18 28 11 22 9 21 12 25 16 30 13 29 12 13 14 16 15 18 17 21 0 5 28 3 19 26 27 4 24 2 29 8 30 10 20 1 25 7 23 9 22 6
1 2 3 5 4 7 6 10 19 24 8 14 20 27 15 23 17 26 18 28 11 22 9 21 12 25 16 30 13 29 17 18 19 21 20 23 22 26 5 10 2 8 24 0 1 9 29 7 3 13 4 15 25 6 30 12 28 14 27 11
1 2 3 5 4 7 6 10 19 24 8 14 20 27 15 23 17 26 18 28 11 22 9 21 12 25 16 30 13 29 18 19 20 22 21 24 23 27 6 11 3 9 25 1 2 10 30 8 4 14 5 16 26 7 0 13 29 15 28 12
1 2 3 5 4 7 6 10 19 24 8 14 20 27 15 23 17 26 18 28 11 22 9 21 12 25 16 30 13 29 20 21 22 24 23 26 25 29 8 13 5 11 27 3 4 12 1 10 6 16 7 18 28 9 2 15 0 17 30 14
1 2 3 5 4 7 6 10 19 24 8 14 20 27 15 23 17 26 18 28 11 22 9 21 12 25 16 30 13 29 21 22 23 25 24 27 26 30 9 14 6 12 28 4 5 13 2 11 7 17 8 19 29 10 3 16 1 18 0 15
1 2 3 5 4 7 6 10 19 24 8 14 20 27 15 23 17 26 18 28 11 22 9 21 12 25 16 30 13 29 29 30 0 2 1 4 3 7 17 22 14 20 5 12 13 21 10 19 15 25 16 27 6 18 11 24 9 26 8 23
1 2 3 5 4 7 6 10 19 24 8 14 20 27 15 23 17 26 18 28 11 22 9 21 12 25 16 30 13 29 6 7 8 10 9 12 11 15 23 28 24 30 13 20 21 29 18 27 25 4 22 2 14 26 19 1 17 3 16 0
1 2 3 5 4 7 6 10 19 24 8 14 20 27 15 23 17 26 18 28 11 22 9 21 12 25 16 30 13 29 10 11 12 14 13 16 15 19 27 1 28 3 17 24 25 2 22 0 29 8 26 6 18 30 23 5 21 7 20 4
1 2 3 5 4 7 6 10 19 24 8 14 20 27 15 23 17 26 18 28 11 22 9 21 12 25 16 30 13 29 16 17 18 20 19 22 21 25 2 7 3 9 23 30 0 8 28 6 4 14 1 12 24 5 29 11 27 13 26 10
1 2 3 5 4 7 6 10 19 24 8 14 20 27 15 23 17 26 18 28 11 22 9 21 12 25 16 30 13 29 18 19 20 22 21 24 23 27 4 9 5 11 25 1 2 10 30 8 6 16 3 14 26 7 0 13 29 15 28 12
1 2 3 5 4 7 6 10 19 24 8 14 20 27 15 23 17 26 18 28 11 22 9 21 12 25 16 30 13 29 22 23 24 26 25 28 27 0 8 13 9 15 29 5 6 14 3 12 10 20 7 18 30 11 4 17 2 19 1 16
1 2 3 5 4 7 6 10 19 24 8 14 20 27 15 23 17 26 18 28 11 22 9 21 12 25 16 30 13 29 29 30 0 2 1 4 3 7 15 20 16 22 5 12 13 21 10 19 17 27 14 25 6 18 11 24 9 26 8 23
1 2 3 5 4 7 6 10 19 24 8 14 20 27 15 23 17 26 18 28 11 22 9 21 12 25 16 30 13 29 7 8 9 11 10 13 12 16 26 0 24 30 14 21 20 28 25 3 19 29 22 2 15 27 23 5 18 4 17 1
1 2 3 5 4 7 6 10 19 24 8 14 20 27 15 23 17 26 18 28 11 22 9 21 12 25 16 30 13 29 9 10 11 13 12 15 14 18 28 2 26 1 16 23 22 30 27 5 21 0 24 4 17 29 25 7 20 6 19 3
1 2 3 5 4 7 6 10 19 24 8 14 20 27 15 23 17 26 18 28 11 22 9 21 12 25 16 30 13 29 10 11 12 14 13 16 15 19 29 3 27 2 17 24 23 0 28 6 22 1 25 5 18 30 26 8 21 7 20 4
1 2 3 5 4 7 6 10 19 24 8 14 20 27 15 23 17 26 18 28 11 22 9 21 12 25 16 30 13 29 11 12 13 15 14 17 16 20 30 4 28 3 18 25 24 1 29 7 23 2 26 6 19 0 27 9 22 8 21 5
1 2 3 5 4 7 6 10 19 24 8 14 20 27 15 23 17 26 18 28 11 22 9 21 12 25 16 30 13 29 15 16 17 19 18 21 20 24 3 8 1 7 22 29 28 5 2 11 27 6 30 10 23 4 0 13 26 12 25 9
1 2 3 5 4 7 6 10 19 24 8 14 20 27 15 23 17 26 18 28 11 22 9 21 12 25 16 30 13 29 17 18 19 21 20 23 22 26 5 10 3 9 24 0 30 7 4 13 29 8 1 12 25 6 2 15 28 14 27 11
1 2 3 5 4 7 6 10 19 24 8 14 20 27 15 23 17 26 18 28 11 22 9 21 12 25 16 30 13 29 18 19 20 22 21 24 23 27 6 11 4 10 25 1 0 8 5 14 30 9 2 13 26 7 3 16 29 15 28 12
1 2 3 5 4 7 6 10 19 24 8 14 20 27 15 23 17 26 18 28 11 22 9 21 12 25 16 30 13 29 23 24 25 27 26 29 28 1 11 16 9 15 30 6 5 13 10 19 4 14 7 18 0 12 8 21 3 20 2 17
1 2 3 5 4 7 6 10 19 24 8 14 20 27 15 23 17 26 18 28 11 22 9 21 12 25 16 30 13 29 26 27 28 30 29 1 0 4 14 19 12 18 2 9 8 16 13 22 7 17 10 21 3 15 11 24 6 23 5 20
1 2 3 5 4 7 6 10 19 24 8 14 20 27 15 23 17 26 18 28 11 22 9 21 12 25 16 30 13 29 29 30 0 2 1 4 3 7 17 22 15 21 5 12 11 19 16 25 10 20 13 24 6 18 14 27 9 26 8 23
1 2 3 5 4 7 6 10 19 24 8 14 20 27 15 23 17 26 18 28 11 22 9 21 12 25 16 30 13 29 9 10 11 13 12 15 14 18 27 1 24 30 16 23 28 5 26 4 21 0 22 2 17 29 25 7 20 6 19 3
1 2 3 5 4 7 6 10 19 24 8 14 20 27 15 23 17 26 18 28 11 22 9 21 12 25 16 30 13 29 11 12 13 15 14 17 16 20 29 3 26 1 18 25 30 7 28 6 23 2 24 4 19 0 27 9 22 8 21 5
1 2 3 5 4 7 6 10 19 24 8 14 20 27 15 23 17 26 18 28 11 22 9 21 12 25 16 30 13 29 15 16 17 19 18 21 20 24 2 7 30 5 22 29 3 11 1 10 27 6 28 8 23 4 0 13 26 12 25 9
1 2 3 5 4 7 6 10 19 24 8 14 20 27 15 23 17 26 18 28 11 22 9 21 12 25 16 30 13 29 17 18 19 21 20 23 22 26 4 9 1 7 24 0 5 13 3 12 29 8 30 10 25 6 2 15 28 14 27 11
1 2 3 5 4 7 6 10 19 24 8 14 20 27 15 23 17 26 18 28 11 22 9 21 12 25 16 30 13 29 21 22 23 25 24 27 26 30 8 13 5 11 28 4 9 17 7 16 2 12 3 14 29 10 6 19 1 18 0 15
1 2 3 5 4 7 6 10 19 24 8 14 20 27 15 23 17 26 18 28 11 22 9 21 12 25 16 30 13 29 5 6 7 9 8 11 10 14 21 26 22 28 12 19 24 1 20 29 17 27 23 3 13 25 18 0 16 2 15 30
1 2 3 5 4 7 6 10 19 24 8 14 20 27 15 23 17 26 18 28 11 22 9 21 12 25 16 30 13 29 7 8 9 11 10 13 12 16 23 28 24 30 14 21 26 3 22 0 19 29 25 5 15 27 20 2 18 4 17 1
1 2 3 5 4 7 6 10 19 24 8 14 20 27 15 23 17 26 18 28 11 22 9 21 12 25 16 30 13 29 8 9 10 12 11 14 13 17 24 29 25 0 15 22 27 4 23 1 20 30 26 6 16 28 21 3 19 5 18 2
1 2 3 5 4 7 6 10 19 24 8 14 20 27 15 23 17 26 18 28 11 22 9 21 12 25 16 30 13 29 10 11 12 14 13 16 15 19 26 0 27 2 17 24 29 6 25 3 22 1 28 8 18 30 23 5 21 7 20 4
1 2 3 5 4 7 6 10 19 24 8 14 20 27 15 23 17 26 18 28 11 22 9 21 12 25 16 30 13 29 16 17 18 20 19 22 21 25 1 6 2 8 23 30 4 12 0 9 28 7 3 14 24 5 29 11 27 13 26 10
1 2 3 5 4 7 6 10 19 24 8 14 20 27 15 23 17 26 18 28 11 22 9 21 12 25 16 30 13 29 17 18 19 21 20 23 22 26 2 7 3 9 24 0 5 13 1 10 29 8 4 15 25 6 30 12 28 14 27 11
1 2 3 5 4 7 6 10 19 24 8 14 20 27 15 23 17 26 18 28 11 22 9 21 12 25 16 30 13 29 18 19 20 22 21 24 23 27 3 8 4 10 25 1 6 14 2 11 30 9 5 16 26 7 0 13 29 15 28 12
1 2 3 5 4 7 6 10 19 24 8 14 20 27 15 23 17 26 18 28 11 22 9 21 12 25 16 30 13 29 21 22 23 25 24 27 26 30 6 11 7 13 28 4 9 17 5 14 2 12 8 19 29 10 3 16 1 18 0 15
1 2 3 5 4 7 6 10 19 24 8 14 20 27 15 23 17 26 18 28 11 22 9 21 12 25 16 30 13 29 23 24 25 27 26 29 28 1 8 13 9 15 30 6 11 19 7 16 4 14 10 21 0 12 5 18 3 20 2 17
1 2 3 5 4 7 6 10 19 24 8 14 20 27 15 23 17 26 18 28 11 22 9 21 12 25 16 30 13 29 26 27 28 30 29 1 0 4 11 16 12 18 2 9 14 22 10 19 7 17 13 24 3 15 8 21 6 23 5 20
