d	r	c	M	minR_num	minR_den	argk	hstar
4	5	5	2	1	25	1	1,0,1,0,0
5	6	6	2	1	45	2	1,0,1,0,0,0
6	7	7	2	13	812	2	1,0,1,0,0,0,0
3	5	4	1	0	1	1	1,0,0,0
3	5	5	2	0	1	1	1,1,0,0
3	5	5	3	1	13	1	1,1,1,0
4	5	6	2	0	1	1	1,1,0,0,0
4	5	6	3	1	28	1	1,1,1,0,0
4	5	5	1	0	1	1	1,0,0,0,0
4	5	7	4	1	31	1	1,2,1,0,0
3	5	6	4	1	15	1	1,2,1,0
3	5	6	3	0	1	1	1,2,0,0
4	5	7	5	2	31	1	1,2,2,0,0
5	5	6	1	0	1	1	1,0,0,0,0,0
3	5	7	4	0	1	1	1,3,0,0
3	5	7	5	1	17	1	1,3,1,0
4	5	7	3	0	1	1	1,2,0,0,0
5	5	7	2	0	1	1	1,1,0,0,0,0
5	6	8	6	9	161	1	1,2,3,0,0,0
5	6	7	3	3	149	1	1,1,1,0,0,0
5	6	8	4	3	161	1	1,2,1,0,0,0
5	6	9	7	9	173	1	1,3,3,0,0,0
6	6	9	6	6	167	1	1,2,3,0,0,0,0
5	6	7	4	6	149	1	1,1,2,0,0,0
5	6	9	8	12	173	1	1,3,4,0,0,0
6	6	10	7	2	59	1	1,3,3,0,0,0,0
6	6	7	1	0	1	1	1,0,0,0,0,0,0
5	6	9	8	9	175	1	1,3,3,1,0,0
6	6	9	7	8	167	1	1,2,4,0,0,0,0
5	6	8	7	9	163	1	1,2,3,1,0,0
5	5	53	318	537	883	1	1,47,175,91,4,0
5	5	10	8	9	185	1	1,4,3,0,0,0
6	5	156	4236	3331	3769	1	1,149,1356,2090,619,21,0
4	5	12	11	3	46	1	1,7,3,0,0
6	5	92	1152	1065	1489	1	1,85,490,490,85,1,0
6	5	46	248	273	607	1	1,39,135,70,3,0,0
8	6	10	2	0	1	1	1,1,0,0,0,0,0,0,0
5	5	66	520	843	1213	1	1,60,266,178,15,0
3	5	10	7	0	1	1	1,6,0,0
6	6	10	4	0	1	1	1,3,0,0,0,0,0
6	5	33	124	142	433	1	1,26,71,26,0,0,0
6	5	20	36	19	140	1	1,13,19,3,0,0,0
6	5	104	1862	1583	1992	1	1,97,689,865,205,5,0
6	5	217	7384	5589	6064	1	1,210,2184,3719,1221,49,0
6	5	102	1106	1132	1541	1	1,95,566,444,0,0,0
5	5	16	20	27	257	1	1,10,9,0,0,0
3	6	10	8	1	23	1	1,6,1,0
6	5	158	3638	2987	3440	1	1,151,1274,1763,439,10,0
5	6	21	32	45	319	1	1,15,15,1,0,0
6	5	114	2334	1940	2343	1	1,107,834,1114,272,6,0
5	6	11	10	12	197	1	1,5,4,0,0,0
5	5	21	37	63	317	1	1,15,21,0,0,0
4	6	9	6	1	37	1	1,4,1,0,0
5	5	42	195	38	73	1	1,36,114,44,0,0
4	5	15	27	13	58	1	1,10,13,3,0
5	6	9	4	0	1	1	1,3,0,0,0,0
3	5	8	6	1	19	1	1,4,1,0
3	6	8	5	0	1	1	1,4,0,0
6	5	52	552	505	829	1	1,45,230,230,45,1,0
5	6	40	131	76	195	1	1,34,76,20,0,0
6	5	14	8	0	1	1	1,7,0,0,0,0,0
6	5	16	10	0	1	1	1,9,0,0,0,0,0
6	5	26	102	55	182	1	1,19,55,27,0,0,0
6	6	13	17	9	104	1	1,6,9,1,0,0,0
7	6	8	1	0	1	1	1,0,0,0,0,0,0,0
6	5	190	6730	5023	5475	1	1,183,1920,3388,1183,55,0
5	5	19	38	60	301	1	1,13,20,4,0,0
5	5	26	81	46	135	1	1,20,46,14,0,0
3	5	13	15	5	29	1	1,9,5,0
7	6	15	21	110	1517	1	1,7,11,2,0,0,0,0
3	5	26	53	28	59	1	1,22,28,2
5	5	40	176	303	625	1	1,34,100,40,1,0
3	5	10	10	3	23	1	1,6,3,0
5	5	17	25	39	269	1	1,11,13,0,0,0
5	5	14	23	12	79	1	1,8,12,2,0,0
6	6	14	21	22	219	1	1,7,11,2,0,0,0
6	5	72	832	255	383	1	1,65,350,350,65,1,0
6	5	28	72	80	367	1	1,21,40,10,0,0,0
6	5	77	666	102	155	1	1,70,357,238,0,0,0
6	5	61	500	262	435	1	1,54,262,183,0,0,0
6	5	33	140	154	443	1	1,26,77,36,0,0,0
6	5	140	2568	2229	2680	1	1,133,995,1197,239,3,0
4	5	10	6	0	1	1	1,5,0,0,0
6	5	36	176	32	81	1	1,29,95,49,2,0,0
5	5	14	15	18	233	1	1,8,6,0,0,0
6	5	125	2576	2129	2570	1	1,118,905,1223,319,10,0
5	6	8	3	0	1	1	1,2,0,0,0,0
5	5	13	17	24	223	1	1,7,8,1,0,0
8	6	12	4	0	1	1	1,3,0,0,0,0,0,0,0
7	6	28	194	865	2593	1	1,20,82,76,15,0,0,0
5	5	78	522	897	1301	1	1,72,299,150,0,0
3	5	16	20	1	5	1	1,12,7,0
6	5	42	230	129	281	1	1,35,129,65,0,0,0
4	6	8	5	1	34	1	1,3,1,0,0
6	5	128	2276	179	220	1	1,121,875,1057,219,3,0
4	6	9	5	0	1	1	1,4,0,0,0
6	5	220	7410	5637	6106	1	1,213,2235,3759,1167,35,0
5	5	20	56	93	325	1	1,14,31,10,0,0
5	5	22	39	66	329	1	1,16,22,0,0,0
3	6	18	26	11	39	1	1,14,11,0
6	5	44	212	248	567	1	1,37,124,50,0,0,0
6	5	56	306	344	721	1	1,49,172,84,0,0,0
6	5	8	2	0	1	1	1,1,0,0,0,0,0
3	5	12	14	5	27	1	1,8,5,0
5	5	15	20	27	247	1	1,9,9,1,0,0
6	6	9	3	0	1	1	1,2,0,0,0,0,0
4	6	14	16	3	26	1	1,9,6,0,0
5	6	54	277	69	121	1	1,48,161,67,0,0
6	6	13	21	20	211	1	1,6,10,4,0,0,0
5	5	11	13	18	199	1	1,5,6,1,0,0
5	5	12	16	24	211	1	1,6,8,1,0,0
6	5	18	32	17	130	1	1,11,17,3,0,0,0
8	6	30	175	1257	4798	1	1,21,82,62,9,0,0,0,0
6	5	34	164	180	463	1	1,27,90,46,0,0,0
6	5	38	174	97	251	1	1,31,97,45,0,0,0
7	6	17	28	50	547	1	1,9,15,3,0,0,0,0
5	6	23	58	99	355	1	1,17,33,7,0,0
5	6	24	40	63	353	1	1,18,21,0,0,0
5	5	11	6	0	1	1	1,5,0,0,0,0
6	5	118	2380	83	100	1	1,111,861,1131,270,6,0
3	5	25	45	2	5	1	1,21,22,1
6	5	85	722	388	591	1	1,78,388,255,0,0,0
6	5	52	292	108	227	1	1,45,162,84,0,0,0
9	6	41	840	440	1037	1	1,31,211,381,195,21,0,0,0,0
6	5	79	1018	311	436	1	1,72,428,439,77,1,0
6	6	14	16	16	217	1	1,7,8,0,0,0,0
6	6	11	5	0	1	1	1,4,0,0,0,0,0
6	5	44	234	131	291	1	1,37,131,65,0,0,0
6	5	61	418	76	137	1	1,54,228,135,0,0,0
5	5	10	9	12	185	1	1,4,4,0,0,0
4	6	9	7	2	37	1	1,4,2,0,0
6	5	299	12810	9311	9835	1	1,292,3440,6524,2431,122,0
6	5	106	1808	1565	1977	1	1,99,694,834,177,3,0
5	5	33	103	177	493	1	1,27,59,16,0,0
5	6	19	48	26	103	1	1,13,26,8,0,0
5	5	85	723	392	529	1	1,79,374,251,18,0
6	5	31	120	138	413	1	1,24,69,26,0,0,0
5	5	12	12	15	209	1	1,6,5,0,0,0
6	6	40	160	184	511	1	1,33,92,34,0,0,0
5	5	11	9	9	197	1	1,5,3,0,0,0
3	5	17	24	10	37	1	1,13,10,0
7	6	45	269	1460	3649	1	1,37,146,85,0,0,0,0
5	5	10	5	0	1	1	1,4,0,0,0,0
7	6	16	40	44	321	1	1,8,22,9,0,0,0,0
3	5	14	16	5	31	1	1,10,5,0
5	6	20	28	39	305	1	1,14,13,0,0,0
6	6	25	64	70	337	1	1,18,35,10,0,0,0
5	6	34	119	70	171	1	1,28,70,20,0,0
5	6	12	22	33	217	1	1,6,11,4,0,0
7	6	16	9	0	1	1	1,8,0,0,0,0,0,0
5	5	15	33	51	257	1	1,9,17,6,0,0
4	5	15	21	2	11	1	1,10,10,0,0
6	5	102	1724	1499	1895	1	1,95,666,792,167,3,0
5	5	12	13	18	209	1	1,6,6,0,0,0
6	5	130	2902	198	233	1	1,123,1007,1399,362,10,0
6	5	92	1504	1309	1690	1	1,85,581,687,147,3,0
5	5	13	13	15	221	1	1,7,5,0,0,0
3	6	9	7	1	21	1	1,5,1,0
6	5	51	298	326	677	1	1,44,163,90,0,0,0
5	6	14	19	27	235	1	1,8,9,1,0,0
6	5	73	904	829	1196	1	1,66,380,387,69,1,0
5	6	14	9	0	1	1	1,8,0,0,0,0
6	5	124	2820	2297	2704	1	1,117,973,1369,351,9,0
6	5	22	56	60	307	1	1,15,30,10,0,0,0
6	5	23	60	66	317	1	1,16,33,10,0,0,0
8	6	13	5	0	1	1	1,4,0,0,0,0,0,0,0
4	6	11	10	3	43	1	1,6,3,0,0
9	6	32	462	1720	5141	1	1,22,135,211,87,6,0,0,0,0
5	5	39	98	192	533	1	1,33,64,0,0,0
3	5	12	12	1	9	1	1,8,3,0
5	6	18	44	23	99	1	1,12,23,8,0,0
9	6	159	25719	9290	10379	1	1,149,2486,9396,10254,3219,214,0,0,0
5	5	82	576	981	1393	1	1,76,327,172,0,0
9	6	60	1370	14685	27773	1	1,50,382,658,263,16,0,0,0,0
6	6	10	8	8	177	1	1,3,4,0,0,0,0
6	5	84	1124	1025	1409	1	1,77,470,490,85,1,0
5	5	30	95	162	457	1	1,24,54,16,0,0
6	5	43	240	263	577	1	1,36,130,70,3,0,0
5	5	37	145	4	9	1	1,31,84,29,0,0
5	5	18	25	36	281	1	1,12,12,0,0,0
3	5	9	9	1	7	1	1,5,3,0
7	6	18	55	280	1753	1	1,10,28,16,0,0,0,0
6	5	30	96	108	395	1	1,23,54,18,0,0,0
5	5	101	890	486	631	1	1,95,465,308,21,0
3	5	17	25	11	37	1	1,13,11,0
6	5	100	1430	1305	1709	1	1,93,600,630,105,1,0
6	5	16	28	1	8	1	1,9,15,3,0,0,0
6	5	61	424	233	410	1	1,54,230,133,6,0,0
6	5	28	68	3	14	1	1,21,39,7,0,0,0
6	5	68	840	769	1119	1	1,61,352,360,65,1,0
6	5	12	6	0	1	1	1,5,0,0,0,0,0
4	5	8	4	0	1	1	1,3,0,0,0
6	5	29	112	121	395	1	1,22,60,28,1,0,0
6	5	136	3136	2549	2981	1	1,129,1078,1526,393,9,0
7	6	23	98	70	303	1	1,15,49,33,0,0,0,0
5	5	17	24	36	269	1	1,11,12,0,0,0
4	6	13	14	5	49	1	1,8,5,0,0
6	5	72	536	84	139	1	1,65,294,176,0,0,0
8	6	25	143	324	1411	1	1,16,63,54,9,0,0,0,0
6	5	246	8292	6317	6817	1	1,239,2496,4182,1325,49,0
5	5	32	112	65	163	1	1,26,65,20,0,0
6	5	376	21380	14831	15367	1	1,369,5053,10934,4725,298,0
5	5	30	94	159	457	1	1,24,53,16,0,0
6	5	60	666	611	958	1	1,53,279,279,53,1,0
6	5	348	17760	12541	13068	1	1,341,4423,9089,3695,211,0
3	5	11	8	0	1	1	1,7,0,0
4	6	53	210	127	203	1	1,48,127,34,0
6	5	166	4746	3708	4145	1	1,159,1508,2364,692,22,0
6	5	159	4578	3569	3995	1	1,152,1454,2292,661,18,0
5	5	15	27	15	83	1	1,9,15,2,0,0
6	5	70	532	584	953	1	1,63,292,176,0,0,0
6	5	57	368	135	253	1	1,50,200,112,5,0,0
6	6	46	238	19	43	1	1,39,133,65,0,0,0
6	5	43	228	63	143	1	1,36,126,65,0,0,0
4	7	10	8	1	20	1	1,5,2,0,0
3	5	23	35	15	49	1	1,19,15,0
6	5	133	2916	1199	1413	1	1,126,1018,1399,362,10,0
7	7	13	20	110	1401	1	1,5,11,3,0,0,0,0
5	5	34	118	23	57	1	1,28,69,20,0,0
8	6	27	217	1290	4631	1	1,18,81,91,25,1,0,0,0
5	5	17	31	48	275	1	1,11,16,3,0,0
4	6	20	32	8	35	1	1,15,16,0,0
3	5	12	13	4	27	1	1,8,4,0
5	5	23	53	87	353	1	1,17,29,6,0,0
5	5	29	94	165	443	1	1,23,55,15,0,0
6	5	84	1434	1231	1587	1	1,77,542,664,147,3,0
6	5	218	6554	1274	1399	1	1,211,2058,3269,980,35,0
3	5	10	9	2	23	1	1,6,2,0
8	6	39	906	1929	3779	1	1,30,212,407,226,30,0,0,0
8	6	9	1	0	1	1	1,0,0,0,0,0,0,0,0
8	6	26	153	1011	4358	1	1,17,65,58,12,0,0,0,0
4	5	13	13	4	49	1	1,8,4,0,0
6	5	89	1142	1051	1459	1	1,82,483,490,85,1,0
6	5	196	5844	4525	5012	1	1,189,1811,2905,903,35,0
5	6	16	38	63	269	1	1,10,21,6,0,0
5	5	48	287	477	811	1	1,42,155,85,4,0
5	5	63	431	720	1087	1	1,57,234,133,6,0
6	6	26	88	20	71	1	1,19,50,18,0,0,0
6	6	11	10	10	187	1	1,4,5,0,0,0,0
6	5	48	500	457	767	1	1,41,208,208,41,1,0
5	5	36	120	69	179	1	1,30,69,20,0,0
5	5	71	567	307	435	1	1,65,292,194,15,0
7	6	36	369	1492	3409	1	1,28,136,158,44,2,0,0
5	5	10	6	3	185	1	1,4,1,0,0,0
6	5	374	16230	1688	1771	1	1,367,4384,8280,3048,150,0
6	5	499	30388	20946	21523	1	1,492,7089,15620,6768,418,0
3	5	9	8	2	21	1	1,5,2,0
5	5	166	2320	3531	4021	1	1,160,1059,982,118,0
5	5	18	23	30	281	1	1,12,10,0,0,0
6	5	35	128	141	455	1	1,28,70,28,1,0,0
8	6	37	388	259	677	1	1,28,148,174,37,0,0,0,0
4	5	13	19	9	50	1	1,8,9,1,0
5	6	11	13	21	197	1	1,5,7,0,0,0
3	5	9	6	0	1	1	1,5,0,0
4	5	10	10	1	10	1	1,5,4,0,0
7	6	71	748	410	681	1	1,63,369,315,0,0,0,0
5	5	20	50	27	107	1	1,14,27,8,0,0
6	5	17	44	46	257	1	1,10,23,10,0,0,0
5	5	24	50	81	361	1	1,18,27,4,0,0
7	6	22	101	155	691	1	1,14,45,36,5,0,0,0
6	5	155	3624	593	682	1	1,148,1263,1763,439,10,0
8	6	160	9881	36195	42322	1	1,151,1832,4604,2905,388,0,0,0
4	5	20	32	15	71	1	1,15,15,1,0
6	5	152	3698	745	857	1	1,145,1245,1803,490,14,0
6	5	83	796	416	605	1	1,76,416,303,0,0,0
6	5	166	4760	3721	4155	1	1,159,1521,2382,679,18,0
4	5	14	18	2	13	1	1,9,8,0,0
6	6	14	24	13	110	1	1,7,13,3,0,0,0
5	5	22	52	87	341	1	1,16,29,6,0,0
6	5	41	184	214	529	1	1,34,107,42,0,0,0
6	7	8	4	2	73	2	1,1,2,0,0,0,0
3	5	11	11	3	25	1	1,7,3,0
5	5	18	26	36	283	1	1,12,12,1,0,0
5	5	64	331	195	329	1	1,58,195,77,0,0
6	6	70	894	815	1166	1	1,63,373,387,69,1,0
7	6	23	89	439	2097	1	1,15,43,27,3,0,0,0
6	5	219	8288	6136	6605	1	1,212,2336,4212,1464,63,0
5	5	20	39	63	311	1	1,14,21,3,0,0
5	5	11	11	15	197	1	1,5,5,0,0,0
5	5	28	64	102	415	1	1,22,34,7,0,0
4	5	14	20	9	53	1	1,9,9,1,0
7	6	82	1679	6227	8757	1	1,74,548,796,249,11,0,0
6	5	20	14	0	1	1	1,13,0,0,0,0,0
5	6	21	51	87	329	1	1,15,29,6,0,0
5	5	35	116	204	521	1	1,29,68,18,0,0
6	6	17	30	16	125	1	1,10,16,3,0,0,0
6	5	52	302	171	341	1	1,45,171,85,0,0,0
7	6	23	117	185	719	1	1,15,54,42,5,0,0,0
5	6	46	192	333	697	1	1,40,110,40,1,0
5	5	13	18	27	223	1	1,7,9,1,0,0
4	5	16	20	4	29	1	1,11,8,0,0
7	6	133	3834	1473	1805	1	1,125,1125,1879,669,35,0,0
4	5	74	404	81	109	1	1,69,237,95,2
3	6	16	23	2	7	1	1,12,10,0
6	6	150	3690	371	426	1	1,143,1239,1803,490,14,0
5	6	15	16	18	245	1	1,9,6,0,0,0
6	5	50	298	169	331	1	1,43,169,85,0,0,0
9	6	43	972	3205	6991	1	1,33,243,452,222,21,0,0,0,0
7	6	12	13	44	721	2	1,4,8,0,0,0,0,0
9	6	15	6	0	1	1	1,5,0,0,0,0,0,0,0,0
5	6	30	71	138	425	1	1,24,46,0,0,0
4	6	19	35	6	23	1	1,14,18,2,0
6	5	46	216	252	587	1	1,39,126,50,0,0,0
5	5	104	1123	590	727	1	1,98,549,434,41,0
6	5	124	2262	1949	2380	1	1,117,865,1057,219,3,0
6	6	131	2906	1191	1403	1	1,124,1010,1399,362,10,0
6	6	30	122	136	407	1	1,23,68,30,0,0,0
5	6	30	95	33	91	1	1,24,55,15,0,0
5	5	47	219	387	725	1	1,41,129,48,0,0
7	6	19	51	290	1789	1	1,11,29,10,0,0,0,0
9	6	18	27	4014	56927	2	1,8,18,0,0,0,0,0,0,0
5	5	67	511	9	13	1	1,61,268,170,11,0
6	5	76	914	843	1226	1	1,69,387,387,69,1,0
3	5	11	12	4	25	1	1,7,4,0
5	5	30	84	48	149	1	1,24,48,11,0,0
7	6	20	52	290	1849	1	1,12,29,10,0,0,0,0
5	5	26	59	11	43	1	1,20,33,5,0,0
6	6	32	70	88	397	1	1,25,44,0,0,0,0
7	6	23	220	822	2381	1	1,15,72,95,34,3,0,0
6	5	53	252	42	95	1	1,46,147,58,0,0,0
5	5	230	4116	6054	6581	1	1,224,1736,1872,282,1
7	6	14	20	110	1457	1	1,6,11,2,0,0,0,0
3	5	28	52	26	61	1	1,24,26,1
6	5	32	120	131	425	1	1,25,65,28,1,0,0
5	5	49	288	486	817	1	1,43,159,82,3,0
6	5	52	298	112	227	1	1,45,168,84,0,0,0
5	5	52	232	135	263	1	1,46,134,50,1,0
6	5	83	1132	1033	1404	1	1,76,474,495,85,1,0
5	5	60	391	663	1015	1	1,54,221,115,0,0
5	5	13	14	18	221	1	1,7,6,0,0,0
6	5	82	1334	1153	1514	1	1,75,509,611,135,3,0
3	5	16	24	11	35	1	1,12,11,0
5	5	39	175	303	613	1	1,33,100,40,1,0
6	5	104	1430	1311	1742	1	1,97,603,623,105,1,0
7	6	40	438	1798	3781	1	1,32,166,192,46,1,0,0
5	5	15	29	45	253	1	1,9,15,4,0,0
4	6	77	394	119	163	1	1,72,235,85,1
9	6	51	6183	10330	14083	1	1,41,513,1921,2456,1095,151,5,0,0
5	5	112	1161	1839	2291	1	1,106,573,441,40,0
5	6	12	11	12	209	1	1,6,4,0,0,0
8	6	348	65086	89293	92764	1	1,339,6690,25546,25557,6640,313,0,0
8	6	17	45	375	3178	1	1,8,25,11,0,0,0,0,0
6	5	42	192	106	273	1	1,35,105,49,2,0,0
7	6	24	119	565	2217	1	1,16,55,42,5,0,0,0
6	5	218	7400	5621	6086	1	1,211,2227,3759,1167,35,0
6	6	82	1306	1131	1498	1	1,75,499,595,133,3,0
4	5	12	12	2	23	1	1,7,4,0,0
3	5	15	18	2	11	1	1,11,6,0
6	5	85	1432	1231	1594	1	1,78,542,661,147,3,0
5	5	12	18	30	211	1	1,6,10,1,0,0
6	5	123	2572	5	6	1	1,116,903,1223,319,10,0
6	5	119	2046	1783	2215	1	1,112,795,942,193,3,0
5	6	41	171	303	625	1	1,35,101,34,0,0
6	5	26	202	181	420	1	1,19,81,81,19,1,0
5	5	48	256	447	769	1	1,42,149,64,0,0
5	5	48	221	128	247	1	1,42,127,50,1,0
7	6	58	891	3574	5745	1	1,50,328,414,98,0,0,0
7	6	20	51	280	1849	1	1,12,28,10,0,0,0,0
5	5	12	14	18	211	1	1,6,6,1,0,0
5	5	31	135	74	169	1	1,25,72,35,2,0
6	5	83	1308	1133	1508	1	1,76,500,595,133,3,0
6	5	52	320	177	347	1	1,45,177,97,0,0,0
5	5	54	319	3	5	1	1,48,175,91,4,0
6	5	140	1616	1660	2129	1	1,133,830,652,0,0,0
5	5	24	63	12	41	1	1,18,36,8,0,0
6	5	128	3010	2431	2846	1	1,121,1023,1471,385,9,0
4	6	15	23	11	56	1	1,10,11,1,0
6	5	112	1458	1351	1822	1	1,105,623,623,105,1,0
8	6	50	1368	2907	4922	1	1,41,320,626,338,42,0,0,0
6	5	116	2036	1769	2185	1	1,109,788,942,193,3,0
4	6	8	6	1	17	1	1,3,2,0,0
6	6	13	15	16	207	1	1,6,8,0,0,0,0
6	5	272	10648	7882	8385	1	1,265,3011,5434,1860,77,0
5	5	24	39	60	353	1	1,18,20,0,0,0
5	5	44	179	318	661	1	1,38,106,34,0,0
6	5	207	5968	245	272	1	1,200,1874,2951,907,35,0
4	5	26	48	13	44	1	1,21,26,0,0
5	5	138	1823	2784	3245	1	1,132,837,762,91,0
5	5	22	61	102	349	1	1,16,34,10,0,0
6	5	81	772	202	295	1	1,74,404,293,0,0,0
5	5	24	73	123	379	1	1,18,41,13,0,0
6	5	174	4888	3841	4291	1	1,167,1577,2438,687,18,0
8	6	30	222	1419	4943	1	1,21,91,91,18,0,0,0,0
6	6	12	10	8	197	1	1,5,4,0,0,0,0
6	5	309	13392	9730	10251	1	1,302,3603,6840,2524,122,0
6	5	248	9882	7289	7752	1	1,241,2789,5085,1711,55,0
5	5	22	64	105	353	1	1,16,35,12,0,0
5	5	19	43	24	101	1	1,13,24,5,0,0
6	5	299	11878	8750	9297	1	1,292,3290,6020,2170,105,0
5	5	64	407	690	1069	1	1,58,225,118,5,0
6	5	72	846	779	1156	1	1,65,357,357,65,1,0
5	5	60	318	186	313	1	1,54,186,77,0,0
9	6	63	1916	17540	30973	1	1,53,431,874,490,66,1,0,0,0
6	5	180	4602	3702	4171	1	1,173,1554,2266,594,14,0
5	5	29	84	144	437	1	1,23,48,12,0,0
5	5	102	891	486	635	1	1,96,465,308,21,0
5	5	17	40	63	283	1	1,11,21,7,0,0
5	5	24	55	18	73	1	1,18,30,6,0,0
6	5	343	17684	12467	12986	1	1,336,4388,9057,3691,211,0
6	5	56	320	177	364	1	1,49,175,91,4,0,0
6	5	70	932	281	396	1	1,63,385,409,73,1,0
6	5	36	170	188	483	1	1,29,94,46,0,0,0
5	6	27	57	105	389	1	1,21,35,0,0,0
6	5	203	5358	4271	4786	1	1,196,1767,2635,737,22,0
7	6	11	11	11	188	2	1,3,7,0,0,0,0,0
6	5	86	1132	1037	1429	1	1,79,476,490,85,1,0
7	6	61	896	3571	5909	1	1,53,325,406,107,4,0,0
7	6	238	15038	42505	45873	1	1,230,3046,7354,4015,392,0,0
6	5	95	1608	1391	1774	1	1,88,616,741,159,3,0
3	5	20	27	10	43	1	1,16,10,0
5	5	105	1385	698	833	1	1,99,623,587,75,0
6	6	12	9	6	197	1	1,5,3,0,0,0,0
6	6	34	202	52	121	1	1,27,101,67,6,0,0
3	5	18	25	10	39	1	1,14,10,0
5	5	45	180	318	673	1	1,39,106,34,0,0
3	5	29	53	26	63	1	1,25,26,1
4	6	15	16	1	11	1	1,10,5,0,0
6	6	48	360	362	687	1	1,41,174,130,14,0,0
5	5	46	254	429	757	1	1,40,140,70,3,0
7	6	25	121	25	99	1	1,17,56,42,5,0,0,0
6	5	98	1618	1405	1804	1	1,91,623,741,159,3,0
8	6	33	250	780	2653	1	1,24,99,100,25,1,0,0,0
7	6	9	2	0	1	1	1,1,0,0,0,0,0,0
6	5	40	380	69	127	1	1,33,156,156,33,1,0
6	5	370	14182	10617	11194	1	1,363,4125,7235,2367,91,0
6	5	412	25702	8803	9067	1	1,405,5863,13169,5880,384,0
5	6	20	39	60	313	1	1,14,20,4,0,0
6	5	18	12	0	1	1	1,11,0,0,0,0,0
3	5	21	37	18	47	1	1,17,18,1
5	5	26	100	33	85	1	1,20,54,24,1,0
7	6	32	366	277	637	1	1,24,122,160,55,4,0,0
3	5	15	19	7	33	1	1,11,7,0
6	5	152	4096	403	457	1	1,145,1311,2015,602,22,0
7	6	96	971	1006	1577	1	1,88,503,379,0,0,0,0
3	5	15	17	5	33	1	1,11,5,0
6	5	29	116	134	393	1	1,22,67,26,0,0,0
5	5	46	186	333	685	1	1,40,111,34,0,0
4	5	12	13	5	46	1	1,7,5,0,0
5	5	44	186	109	223	1	1,38,109,38,0,0
8	6	35	324	1971	5713	1	1,26,125,140,32,0,0,0,0
4	6	9	8	3	37	1	1,4,3,0,0
5	5	28	68	117	413	1	1,22,39,6,0,0
6	5	121	2690	2193	2603	1	1,114,924,1296,345,10,0
6	5	68	494	544	917	1	1,61,272,160,0,0,0
5	5	29	94	162	445	1	1,23,54,16,0,0
6	5	13	22	4	35	1	1,6,12,3,0,0,0
6	6	49	306	338	661	1	1,42,169,94,0,0,0
6	5	96	1612	1397	1784	1	1,89,619,741,159,3,0
7	6	44	504	299	591	1	1,36,194,221,51,1,0,0
7	6	36	181	196	597	1	1,28,98,54,0,0,0,0
6	5	50	308	340	671	1	1,43,170,94,0,0,0
6	5	112	2328	84	101	1	1,105,830,1114,272,6,0
6	5	96	904	479	686	1	1,89,479,335,0,0,0
7	6	18	31	170	1701	1	1,10,17,3,0,0,0,0
6	5	15	26	14	115	1	1,8,14,3,0,0,0
7	6	15	24	10	117	1	1,7,13,3,0,0,0,0
6	5	239	8832	6584	7075	1	1,232,2530,4482,1524,63,0
6	5	20	52	8	41	1	1,13,28,10,0,0,0
5	5	35	148	36	79	1	1,29,83,34,1,0
6	5	26	64	37	172	1	1,19,37,7,0,0,0
4	6	10	11	1	8	1	1,5,5,0,0
5	5	22	59	96	349	1	1,16,32,10,0,0
7	6	16	18	30	523	1	1,8,9,0,0,0,0,0
6	5	126	2568	1077	1285	1	1,119,933,1221,288,6,0
6	5	248	8300	6329	6837	1	1,241,2502,4182,1325,49,0
9	6	120	8660	63765	78959	1	1,110,1425,3941,2778,405,0,0,0,0
3	5	24	44	22	53	1	1,20,22,1
6	5	86	894	457	647	1	1,79,457,357,0,0,0
4	5	105	620	47	59	1	1,100,370,147,2
8	6	93	9642	14227	16533	1	1,84,1164,3849,3598,906,40,0,0
6	5	49	248	35	79	1	1,42,140,65,0,0,0
5	5	14	21	10	79	1	1,8,10,2,0,0
7	6	30	248	1091	2825	1	1,22,104,104,17,0,0,0
6	5	160	4208	416	473	1	1,153,1359,2063,610,22,0
6	5	204	7260	5449	5895	1	1,197,2128,3704,1193,37,0
5	6	21	50	81	331	1	1,15,27,7,0,0
5	5	21	64	108	341	1	1,15,36,12,0,0
3	5	22	38	18	49	1	1,18,18,1
5	5	82	624	1035	1453	1	1,76,335,202,10,0
4	6	12	16	7	47	1	1,7,7,1,0
6	5	206	7266	5445	5911	1	1,199,2098,3664,1249,55,0
5	5	32	109	62	163	1	1,26,62,20,0,0
6	5	45	236	33	74	1	1,38,132,65,0,0,0
6	5	39	378	343	625	1	1,32,155,156,33,1,0
7	6	18	54	280	1749	1	1,10,28,15,0,0,0,0
4	5	41	104	3	7	1	1,36,60,7,0
6	5	167	4736	3703	4149	1	1,160,1512,2366,679,18,0
5	5	23	38	60	341	1	1,17,20,0,0,0
6	5	46	284	312	625	1	1,39,156,88,0,0,0
6	6	11	8	6	187	1	1,4,3,0,0,0,0
7	6	24	60	330	2089	1	1,16,33,10,0,0,0,0
6	5	372	20172	743	771	1	1,365,4914,10354,4289,249,0
6	5	152	4260	3336	3757	1	1,145,1366,2128,604,16,0
7	6	20	48	250	1849	1	1,12,25,10,0,0,0,0
5	5	14	17	24	233	1	1,8,8,0,0,0
4	5	31	83	47	112	1	1,26,47,9,0
6	6	12	16	1	11	1	1,5,9,1,0,0,0
9	6	20	78	8920	64041	2	1,10,40,27,0,0,0,0,0,0
5	6	56	344	579	937	1	1,50,189,100,4,0
6	5	320	11948	8963	9508	1	1,313,3483,6077,1997,77,0
3	5	16	21	8	35	1	1,12,8,0
4	5	13	18	4	25	1	1,8,8,1,0
5	5	78	623	1020	1421	1	1,72,325,210,15,0
5	6	27	60	33	133	1	1,21,33,5,0,0
6	5	215	7376	5577	6044	1	1,208,2178,3719,1221,49,0
7	6	14	7	0	1	1	1,6,0,0,0,0,0,0
6	5	148	3830	435	496	1	1,141,1257,1885,531,15,0
5	6	16	35	54	269	1	1,10,18,6,0,0
5	5	10	10	3	37	1	1,4,5,0,0,0
5	5	36	118	70	177	1	1,30,70,17,0,0
5	5	63	416	230	359	1	1,57,222,128,8,0
6	5	398	18922	13571	14137	1	1,391,4932,9702,3707,189,0
7	6	156	5824	6261	7283	1	1,148,1524,2900,1181,70,0,0
3	5	16	18	1	7	1	1,12,5,0
5	6	12	14	21	209	1	1,6,7,0,0,0
6	5	110	2180	1822	2223	1	1,103,786,1034,250,6,0
4	5	28	53	29	94	1	1,23,29,0,0
5	5	44	201	348	685	1	1,38,116,46,0,0
6	5	135	2952	485	573	1	1,128,1030,1418,365,10,0
6	5	26	86	96	355	1	1,19,48,18,0,0,0
7	6	18	33	36	341	1	1,10,18,4,0,0,0,0
6	5	66	488	536	897	1	1,59,268,160,0,0,0
6	5	116	2028	587	727	1	1,109,784,938,193,3,0
9	6	12	3	0	1	1	1,2,0,0,0,0,0,0,0,0
5	6	13	20	27	227	1	1,7,9,3,0,0
7	6	113	3123	10775	13593	1	1,105,911,1521,555,30,0,0
8	6	115	5350	10563	13259	1	1,106,1122,2519,1432,170,0,0,0
5	5	63	371	642	1019	1	1,57,214,99,0,0
6	5	292	11760	1728	1835	1	1,285,3239,5968,2162,105,0
6	5	101	1778	1531	1919	1	1,94,677,826,177,3,0
6	6	15	19	3	38	1	1,8,9,1,0,0,0
3	5	16	22	9	35	1	1,12,9,0
7	6	17	62	309	1705	1	1,9,30,19,3,0,0,0
7	7	17	47	270	1669	1	1,9,27,10,0,0,0,0
6	6	15	22	22	229	1	1,8,11,2,0,0,0
3	6	14	18	7	31	1	1,10,7,0
6	5	173	4640	3677	4136	1	1,166,1512,2287,653,21,0
5	5	54	280	483	853	1	1,48,161,70,0,0
4	5	19	29	14	67	1	1,14,14,0,0
5	6	86	597	1023	1447	1	1,80,341,175,0,0
5	5	69	564	921	1279	1	1,63,297,193,10,0
5	5	27	81	138	415	1	1,21,46,13,0,0
6	5	120	2186	1871	2304	1	1,113,821,1017,229,5,0
6	5	22	78	88	315	1	1,15,44,18,0,0,0
7	6	23	86	429	2089	1	1,15,42,25,3,0,0,0
5	5	47	217	125	243	1	1,41,125,50,0,0
6	5	200	6348	4859	5335	1	1,193,1928,3188,1003,35,0
7	6	15	31	153	1537	1	1,7,15,7,1,0,0,0
5	6	17	23	33	269	1	1,11,11,0,0,0
6	5	75	720	742	1107	1	1,68,371,280,0,0,0
5	5	70	458	262	389	1	1,64,262,131,0,0
6	5	26	106	59	182	1	1,19,59,27,0,0,0
3	5	8	7	2	19	1	1,4,2,0
6	6	15	32	16	117	1	1,8,16,7,0,0,0
5	6	69	415	717	1117	1	1,63,239,112,0,0
6	6	128	2215	1952	2385	1	1,121,887,1028,178,0,0
5	5	21	59	99	337	1	1,15,33,10,0,0
6	5	74	540	592	993	1	1,67,296,176,0,0,0
6	5	226	7860	5939	6411	1	1,219,2324,3976,1291,49,0
5	5	47	271	459	781	1	1,41,150,76,3,0
6	5	60	676	69	107	1	1,53,284,284,53,1,0
3	5	20	30	13	43	1	1,16,13,0
8	6	47	1764	3287	5212	1	1,38,333,775,523,92,2,0,0
6	6	20	54	60	287	1	1,13,30,10,0,0,0
6	5	64	432	14	25	1	1,57,235,133,6,0,0
8	6	111	11446	17063	19559	1	1,102,1413,4577,4217,1080,56,0,0
6	5	238	7972	607	657	1	1,231,2394,4015,1282,49,0
6	5	139	3224	2625	3053	1	1,132,1110,1566,405,10,0
3	5	24	38	1	3	1	1,20,17,0
6	5	119	1268	1314	1765	1	1,112,657,498,0,0,0
5	6	17	29	15	91	1	1,11,15,2,0,0
6	5	31	134	146	423	1	1,24,73,36,0,0,0
3	6	14	17	6	31	1	1,10,6,0
5	5	22	45	72	337	1	1,16,24,4,0,0
6	5	62	686	37	58	1	1,55,287,287,55,1,0
6	5	161	3648	3001	3470	1	1,154,1281,1763,439,10,0
6	5	108	1156	1196	1613	1	1,101,598,456,0,0,0
7	6	15	8	0	1	1	1,7,0,0,0,0,0,0
6	5	20	134	119	332	1	1,13,53,53,13,1,0
6	6	12	15	18	197	1	1,5,9,0,0,0,0
6	6	29	141	149	409	1	1,22,73,42,3,0,0
6	5	294	12986	3122	3299	1	1,287,3416,6616,2534,132,0
8	6	48	550	1139	2531	1	1,39,218,243,49,0,0,0,0
5	5	173	2497	291	329	1	1,167,1128,1068,133,0
9	6	57	1569	340	617	1	1,47,385,732,365,39,0,0,0,0
6	6	29	112	42	131	1	1,22,63,26,0,0,0
7	7	10	3	0	1	1	1,2,0,0,0,0,0,0
5	5	37	151	267	569	1	1,31,89,30,0,0
6	5	26	104	111	365	1	1,19,55,28,1,0,0
5	5	49	204	122	243	1	1,43,122,38,0,0
5	5	25	58	33	125	1	1,19,33,5,0,0
4	6	10	9	3	40	1	1,5,3,0,0
6	6	9	4	2	167	1	1,2,1,0,0,0,0
7	6	16	31	36	317	1	1,8,18,4,0,0,0,0
5	5	115	1351	2094	2531	1	1,109,638,543,60,0
6	5	242	10834	7768	8249	1	1,235,2796,5500,2176,126,0
5	5	86	563	975	1411	1	1,80,325,157,0,0
6	5	76	1176	1021	1376	1	1,69,451,533,119,3,0
3	5	28	57	10	21	1	1,24,30,2
6	5	271	10130	7580	8079	1	1,264,2956,5190,1668,51,0
7	6	18	67	319	1777	1	1,10,31,22,3,0,0,0
6	5	96	1800	1502	1893	1	1,89,642,844,218,6,0
5	5	87	802	427	565	1	1,81,401,293,26,0
6	6	84	1340	1161	1534	1	1,77,513,611,135,3,0
6	5	439	26730	836	861	1	1,432,6188,13711,6016,382,0
7	6	16	43	71	539	1	1,8,21,12,1,0,0,0
5	5	64	480	783	1153	1	1,58,249,160,12,0
7	6	13	14	80	1389	1	1,5,8,0,0,0,0,0
7	6	28	187	283	859	1	1,20,81,72,13,0,0,0
6	5	135	2922	1203	1423	1	1,128,1022,1399,362,10,0
6	6	122	2844	2297	2702	1	1,115,965,1387,367,9,0
8	6	23	134	897	4013	1	1,14,58,52,9,0,0,0,0
4	5	19	31	16	67	1	1,14,16,0,0
6	5	240	9950	7248	7723	1	1,233,2682,5054,1884,96,0
5	5	27	58	108	389	1	1,21,36,0,0,0
6	5	225	8366	6238	6701	1	1,218,2422,4288,1394,43,0
6	5	39	184	101	258	1	1,32,100,49,2,0,0
6	5	362	21802	7495	7748	1	1,355,5017,11147,4956,326,0
3	5	13	16	6	29	1	1,9,6,0
5	5	143	1789	40	47	1	1,137,837,731,83,0
5	5	153	1767	2775	3289	1	1,147,855,694,70,0
6	5	78	660	353	546	1	1,71,353,235,0,0,0
5	5	90	792	1281	1705	1	1,84,406,280,21,0
6	5	128	2588	2181	2599	1	1,121,952,1232,277,5,0
5	5	20	31	48	305	1	1,14,16,0,0,0
5	5	88	735	401	541	1	1,82,383,251,18,0
6	6	13	14	14	207	1	1,6,7,0,0,0,0
6	5	35	314	283	557	1	1,28,127,128,29,1,0
5	5	19	45	72	307	1	1,13,24,7,0,0
6	5	103	1110	1138	1551	1	1,96,569,444,0,0,0
6	5	28	92	104	375	1	1,21,52,18,0,0,0
6	5	41	224	31	69	1	1,34,124,65,0,0,0
5	5	25	75	126	391	1	1,19,42,13,0,0
5	5	43	188	324	665	1	1,37,108,42,0,0
6	5	32	142	160	433	1	1,25,80,36,0,0,0
7	6	37	398	1583	3525	1	1,29,143,171,51,3,0,0
6	5	220	7388	1873	2031	1	1,213,2226,3746,1167,35,0
5	5	14	26	39	241	1	1,8,13,4,0,0
5	5	44	119	240	593	1	1,38,80,0,0,0
5	5	104	1088	573	715	1	1,98,533,416,40,0
4	5	15	19	8	55	1	1,10,8,0,0
6	6	19	32	16	135	1	1,12,16,3,0,0,0
4	5	41	138	41	76	1	1,36,82,19,0
6	5	191	5774	748	823	1	1,184,1828,2907,832,22,0
9	6	36	209	530	2167	1	1,26,106,76,0,0,0,0,0,0
7	6	111	3333	3735	4651	1	1,103,933,1636,625,35,0,0
6	5	586	43730	29281	29859	1	1,579,9229,22292,10813,815,1
7	6	15	34	173	1541	1	1,7,17,8,1,0,0,0
5	6	26	69	117	395	1	1,20,39,9,0,0
6	6	66	834	761	1099	1	1,59,348,360,65,1,0
5	6	16	33	54	265	1	1,10,18,4,0,0
5	5	12	16	27	209	1	1,6,9,0,0,0
7	6	17	40	200	1669	1	1,9,20,10,0,0,0,0
7	6	18	54	263	1753	1	1,10,26,16,1,0,0,0
5	5	141	1783	916	1073	1	1,135,833,731,83,0
6	5	237	8824	6572	7055	1	1,230,2524,4482,1524,63,0
7	6	18	40	220	1717	1	1,10,22,7,0,0,0,0
9	6	46	958	9830	21693	1	1,36,251,440,209,21,0,0,0,0
4	5	11	14	3	22	1	1,6,6,1,0
6	5	114	2372	974	1183	1	1,107,823,1129,302,10,0
3	6	17	22	8	37	1	1,13,8,0
5	6	18	43	69	295	1	1,12,23,7,0,0
5	5	35	120	2	5	1	1,29,70,20,0,0
6	5	88	1484	1277	1648	1	1,81,563,685,151,3,0
5	6	48	214	375	733	1	1,42,125,46,0,0
5	5	67	398	232	359	1	1,61,232,104,0,0
7	6	16	47	23	147	1	1,8,25,12,1,0,0,0
6	5	380	21844	3786	3917	1	1,373,5171,11203,4802,294,0
6	5	54	360	395	729	1	1,47,195,112,5,0,0
4	5	11	11	4	43	1	1,6,4,0,0
5	5	88	578	1005	1441	1	1,82,335,160,0,0
6	5	163	4614	3607	4044	1	1,156,1465,2293,677,22,0
6	6	23	93	48	167	1	1,16,47,27,2,0,0
5	5	28	89	150	433	1	1,22,50,16,0,0
5	5	13	25	39	229	1	1,7,13,4,0,0
6	6	20	47	10	57	1	1,13,25,8,0,0,0
7	6	26	103	553	2281	1	1,18,55,28,1,0,0,0
6	5	268	11974	2876	3037	1	1,261,3150,6114,2328,120,0
6	5	111	1922	1667	2081	1	1,104,741,888,185,3,0
5	5	56	316	540	907	1	1,50,177,85,3,0
4	5	15	22	5	28	1	1,10,10,1,0
6	5	149	3228	2667	3134	1	1,142,1139,1547,389,10,0
6	5	224	6442	2540	2791	1	1,217,2099,3221,882,22,0
5	6	20	45	72	317	1	1,14,24,6,0,0
7	6	343	28539	76337	80033	1	1,335,5123,13774,8369,937,0,0
8	6	28	213	1344	4723	1	1,19,86,89,18,0,0,0,0
5	5	32	139	234	517	1	1,26,77,34,1,0
7	6	134	3835	4419	5435	1	1,126,1125,1879,669,35,0,0
9	6	12	4	223	38663	2	1,2,1,0,0,0,0,0,0,0
7	6	46	527	2181	4289	1	1,38,201,228,57,2,0,0
3	5	15	21	3	11	1	1,11,9,0
6	5	64	468	508	873	1	1,57,254,156,0,0,0
3	5	21	31	13	45	1	1,17,13,0
3	5	13	14	4	29	1	1,9,4,0
6	5	17	46	50	257	1	1,10,25,10,0,0,0
7	6	89	2394	8153	10701	1	1,81,683,1163,441,25,0,0
6	5	267	11130	8114	8615	1	1,260,3007,5656,2100,106,0
6	5	168	5198	3981	4420	1	1,161,1573,2593,835,35,0
6	5	61	720	219	332	1	1,54,300,307,57,1,0
6	5	62	420	229	416	1	1,55,229,135,0,0,0
6	5	101	1100	1122	1531	1	1,94,561,444,0,0,0
5	5	124	1351	711	865	1	1,118,664,521,47,0
5	5	47	255	429	769	1	1,41,140,70,3,0
3	5	24	47	24	55	1	1,20,24,2
6	5	412	25600	17551	18074	1	1,405,5850,13109,5851,384,0
6	5	172	4880	3829	4271	1	1,165,1571,2438,687,18,0
6	5	122	2056	1797	2245	1	1,115,802,942,193,3,0
6	5	74	704	365	544	1	1,67,365,271,0,0,0
5	5	60	369	624	997	1	1,54,204,106,4,0
5	6	34	129	77	173	1	1,28,77,23,0,0
4	5	14	15	5	52	1	1,9,5,0,0
6	5	216	7584	5711	6178	1	1,209,2241,3867,1229,37,0
7	6	159	6762	20952	23969	1	1,151,1641,3339,1514,116,0,0
6	6	18	45	10	53	1	1,11,25,8,0,0,0
5	5	33	134	225	523	1	1,27,74,31,1,0
6	5	244	9470	6991	7478	1	1,237,2639,4799,1713,81,0
3	5	24	51	9	19	1	1,20,27,3
6	5	142	3236	2643	3083	1	1,135,1119,1566,405,10,0
6	5	30	276	1	2	1	1,23,111,115,25,1,0
6	5	220	7396	5607	6094	1	1,213,2193,3719,1221,49,0
5	5	106	1125	1776	2201	1	1,100,552,432,40,0
5	6	51	288	489	835	1	1,45,160,79,3,0
5	5	166	2192	3372	3871	1	1,160,1020,907,104,0
6	5	87	726	390	601	1	1,80,390,255,0,0,0
5	5	27	87	147	421	1	1,21,49,16,0,0
6	5	27	106	118	373	1	1,20,59,26,0,0,0
6	5	366	17858	12733	13270	1	1,359,4579,9155,3575,189,0
6	5	352	16996	12124	12667	1	1,345,4368,8718,3388,176,0
6	5	19	50	54	277	1	1,12,27,10,0,0,0
5	5	30	66	123	425	1	1,24,41,0,0,0
6	5	32	92	55	204	1	1,25,55,11,0,0,0
6	5	193	5832	4507	4982	1	1,186,1802,2905,903,35,0
5	6	17	42	22	95	1	1,11,22,8,0,0
6	5	216	7506	5649	6128	1	1,209,2189,3781,1271,55,0
9	6	51	2595	6200	10073	1	1,41,406,1089,878,180,0,0,0,0
6	6	113	2370	973	1178	1	1,106,822,1129,302,10,0
6	5	164	4346	3462	3899	1	1,157,1442,2154,578,14,0
8	6	19	49	405	3388	1	1,10,27,11,0,0,0,0,0
5	5	46	228	387	733	1	1,40,127,58,2,0
6	5	104	1444	25	33	1	1,97,610,630,105,1,0
4	5	17	26	6	31	1	1,12,12,1,0
5	5	18	37	9	41	1	1,12,21,3,0,0
6	5	94	1048	177	241	1	1,87,531,429,0,0,0
6	5	304	12178	8987	9518	1	1,297,3417,6219,2153,91,0
6	5	361	18186	12883	13419	1	1,354,4577,9318,3729,207,0
6	5	123	2738	1117	1323	1	1,116,942,1319,350,10,0
4	5	11	7	0	1	1	1,6,0,0,0
5	6	16	24	36	259	1	1,10,12,1,0,0
7	6	12	5	0	1	1	1,4,0,0,0,0,0,0
6	5	86	724	389	596	1	1,79,389,255,0,0,0
6	5	302	13266	356	375	1	1,295,3548,6784,2516,122,0
6	5	188	5610	2182	2409	1	1,181,1775,2817,814,22,0
6	5	38	176	196	503	1	1,31,98,46,0,0,0
5	5	38	153	270	581	1	1,32,90,30,0,0
3	5	19	28	12	41	1	1,15,12,0
7	6	16	20	110	1569	1	1,8,11,0,0,0,0,0
5	5	32	131	222	509	1	1,26,73,30,1,0
7	6	19	32	170	1761	1	1,11,17,3,0,0,0,0
5	5	35	120	213	523	1	1,29,71,19,0,0
5	5	60	308	543	929	1	1,54,181,72,0,0
5	5	24	69	114	377	1	1,18,38,12,0,0
6	5	82	708	377	576	1	1,75,377,255,0,0,0
6	5	39	180	210	509	1	1,32,105,42,0,0,0
5	5	19	26	36	293	1	1,13,12,0,0,0
5	5	71	520	864	1249	1	1,65,280,166,8,0
6	5	50	224	260	627	1	1,43,130,50,0,0,0
5	5	73	494	843	1231	1	1,67,275,145,6,0
8	6	21	112	366	1879	1	1,12,47,43,9,0,0,0,0
4	5	20	30	1	5	1	1,15,14,0,0
8	6	36	337	2055	5836	1	1,27,130,143,35,1,0,0,0
5	5	87	905	15	19	1	1,81,442,348,33,0
6	5	103	1798	47	59	1	1,96,687,834,177,3,0
5	5	24	66	111	373	1	1,18,37,10,0,0
5	5	19	38	63	299	1	1,13,21,3,0,0
5	6	17	34	54	277	1	1,11,18,4,0,0
4	5	18	25	11	64	1	1,13,11,0,0
5	6	89	893	201	259	1	1,83,437,340,32,0
5	6	13	19	30	223	1	1,7,10,1,0,0
5	5	47	197	117	235	1	1,41,117,38,0,0
5	5	67	426	245	369	1	1,61,245,119,0,0
5	5	18	42	69	293	1	1,12,23,6,0,0
3	5	29	66	12	23	1	1,25,36,4
6	5	454	27576	1055	1086	1	1,447,6403,14151,6184,390,0
8	6	26	208	1215	4511	1	1,17,76,88,25,1,0,0,0
8	6	24	92	115	668	1	1,15,46,30,0,0,0,0,0
6	6	19	78	39	146	1	1,12,38,25,2,0,0
6	5	503	29266	2902	2987	1	1,496,6957,15022,6400,390,0
5	5	25	48	84	365	1	1,19,28,0,0,0
6	5	36	190	35	82	1	1,29,105,55,0,0,0
5	5	23	49	81	349	1	1,17,27,4,0,0
5	5	36	166	285	577	1	1,30,95,40,0,0
4	5	26	54	29	91	1	1,21,29,3,0
6	5	113	1206	1246	1683	1	1,106,623,476,0,0,0
5	5	39	157	15	31	1	1,33,95,28,0,0
7	6	39	338	1539	3493	1	1,31,147,136,23,0,0,0
6	5	188	5568	2164	2397	1	1,181,1757,2793,814,22,0
5	5	100	974	517	663	1	1,94,485,362,32,0
6	5	261	9880	3668	3925	1	1,254,2797,5009,1742,77,0
5	5	81	790	1251	1631	1	1,75,390,297,27,0
6	5	256	9454	7081	7572	1	1,249,2765,4841,1551,47,0
7	6	26	154	710	2397	1	1,18,68,57,10,0,0,0
5	5	29	93	159	445	1	1,23,53,16,0,0
5	5	12	10	9	209	1	1,6,3,0,0,0
5	5	17	25	36	271	1	1,11,12,1,0,0
7	6	12	11	33	721	2	1,4,6,0,0,0,0,0
7	6	73	1564	1901	2675	1	1,65,498,748,241,11,0,0
4	5	58	224	45	73	1	1,53,135,35,0
6	5	18	48	52	267	1	1,11,26,10,0,0,0
6	5	384	23858	16322	16849	1	1,377,5396,12176,5530,378,0
6	6	11	6	2	187	1	1,4,1,0,0,0,0
7	6	62	1312	4642	6873	1	1,54,397,622,224,14,0,0
5	5	28	51	84	401	1	1,22,28,0,0,0
3	5	26	46	22	57	1	1,22,22,1
7	6	20	46	250	1841	1	1,12,25,8,0,0,0,0
5	6	18	30	3	19	1	1,12,15,2,0,0
3	5	25	39	17	53	1	1,21,17,0
4	6	11	12	5	43	1	1,6,5,0,0
5	5	131	1669	851	1007	1	1,125,769,692,82,0
6	5	430	23586	16500	17069	1	1,423,5736,12104,5028,294,0
5	6	16	37	60	269	1	1,10,20,6,0,0
5	6	16	22	33	257	1	1,10,11,0,0,0
7	6	18	26	50	563	1	1,10,15,0,0,0,0,0
5	5	114	1208	635	787	1	1,108,590,464,45,0
5	5	120	1420	733	883	1	1,114,672,572,61,0
5	5	15	21	30	247	1	1,9,10,1,0,0
6	5	159	4206	1663	1887	1	1,152,1358,2063,610,22,0
6	5	345	21136	14483	14977	1	1,338,4810,10798,4863,326,0
4	6	29	73	41	104	1	1,24,41,7,0
5	5	96	1083	1680	2081	1	1,90,512,432,48,0
5	5	76	483	840	1241	1	1,70,280,132,0,0
5	5	34	79	150	473	1	1,28,50,0,0,0
7	6	21	62	313	1933	1	1,13,31,16,1,0,0,0
8	6	24	168	343	1401	1	1,15,65,69,18,0,0,0,0
9	6	36	509	5820	16733	1	1,26,153,230,93,6,0,0,0,0
6	6	18	42	23	132	1	1,11,23,7,0,0,0
4	5	15	17	6	55	1	1,10,6,0,0
4	5	16	25	13	58	1	1,11,13,0,0
8	6	43	468	467	1148	1	1,34,177,207,49,0,0,0,0
6	5	25	84	94	345	1	1,18,47,18,0,0,0
5	5	204	3465	1709	1879	1	1,198,1477,1556,232,1
6	5	328	17152	12051	12560	1	1,321,4213,8781,3625,211,0
5	5	66	555	888	1253	1	1,60,278,198,18,0
6	5	88	840	443	636	1	1,81,443,315,0,0,0
6	5	50	310	344	671	1	1,43,172,94,0,0,0
5	5	26	48	81	377	1	1,20,27,0,0,0
6	5	226	9646	3492	3719	1	1,219,2563,4909,1858,96,0
6	5	60	472	17	28	1	1,53,255,163,0,0,0
5	5	46	212	375	709	1	1,40,125,46,0,0
6	5	124	2868	2321	2729	1	1,117,973,1392,375,10,0
3	5	19	27	11	41	1	1,15,11,0
6	5	38	156	180	491	1	1,31,90,34,0,0,0
6	5	144	2582	2249	2720	1	1,137,1005,1197,239,3,0
6	6	36	303	282	559	1	1,29,131,122,20,0,0
6	5	25	100	110	353	1	1,18,55,26,0,0,0
6	5	144	3094	2587	3018	1	1,137,1127,1491,333,5,0
4	5	24	56	15	44	1	1,19,30,6,0
6	5	339	19668	6793	7043	1	1,332,4581,10041,4424,289,0
5	7	15	25	36	251	1	1,9,12,3,0,0
6	6	12	13	14	197	1	1,5,7,0,0,0,0
5	6	73	526	876	1273	1	1,67,284,166,8,0
6	5	22	76	4	15	1	1,15,42,18,0,0,0
5	5	43	178	318	649	1	1,37,106,34,0,0
6	6	17	21	20	247	1	1,10,10,0,0,0,0
6	5	94	1510	439	570	1	1,87,585,687,147,3,0
6	5	52	314	348	691	1	1,45,174,94,0,0,0
8	6	40	1044	4353	8011	1	1,31,237,473,266,36,0,0,0
6	5	87	904	62	87	1	1,80,465,358,0,0,0
8	6	20	110	717	3653	1	1,11,46,43,9,0,0,0,0
3	5	16	19	6	35	1	1,12,6,0
6	6	20	66	23	98	1	1,13,34,17,1,0,0
6	5	231	8412	6297	6772	1	1,224,2444,4283,1409,51,0
4	5	40	108	31	70	1	1,35,62,10,0
6	5	149	4000	3143	3578	1	1,142,1275,1967,593,22,0
6	5	109	1174	1210	1633	1	1,102,605,466,0,0,0
6	5	56	648	589	915	1	1,49,268,276,53,1,0
6	5	67	492	542	907	1	1,60,271,160,0,0,0
6	5	30	132	144	413	1	1,23,72,36,0,0,0
4	5	27	62	7	19	1	1,22,35,4,0
6	5	66	486	532	897	1	1,59,266,160,0,0,0
6	5	64	506	548	891	1	1,57,274,174,0,0,0
5	6	28	90	153	433	1	1,22,51,16,0,0
5	5	19	49	27	103	1	1,13,27,8,0,0
6	6	48	274	151	319	1	1,41,151,81,0,0,0
5	5	60	346	600	967	1	1,54,200,91,0,0
7	6	69	1138	4443	6881	1	1,61,402,528,141,5,0,0
7	6	12	12	11	206	2	1,4,7,0,0,0,0,0
5	6	42	172	303	637	1	1,36,101,34,0,0
4	5	40	116	34	71	1	1,35,68,12,0
6	5	30	114	41	135	1	1,23,61,28,1,0,0
5	6	62	373	648	1009	1	1,56,216,100,0,0
6	5	138	3506	2791	3208	1	1,131,1153,1721,485,15,0
6	5	54	346	193	361	1	1,47,193,105,0,0,0
5	5	20	46	75	317	1	1,14,25,6,0,0
5	6	51	269	471	809	1	1,45,157,66,0,0
5	5	133	1594	275	327	1	1,127,755,641,70,0
4	5	75	338	103	148	1	1,70,206,61,0
6	5	186	5600	2174	2399	1	1,179,1767,2817,814,22,0
5	5	30	89	153	451	1	1,24,51,13,0,0
5	5	33	118	70	167	1	1,27,70,20,0,0
6	5	212	7146	5414	5889	1	1,205,2120,3600,1174,46,0
5	6	47	198	360	701	1	1,41,120,36,0,0
7	6	21	55	310	1909	1	1,13,31,10,0,0,0,0
7	6	80	1992	6885	9337	1	1,72,582,962,355,20,0,0
6	5	82	992	915	1319	1	1,75,420,420,75,1,0
6	5	351	20228	6993	7253	1	1,344,4732,10339,4522,290,0
5	5	55	341	573	925	1	1,49,187,100,4,0
4	5	46	152	15	28	1	1,41,90,20,0
6	5	71	564	153	245	1	1,64,306,193,0,0,0
6	5	117	2030	1763	2191	1	1,110,785,938,193,3,0
6	5	83	710	54	83	1	1,76,378,255,0,0,0
6	5	28	90	4	15	1	1,21,50,18,0,0,0
6	5	68	834	763	1116	1	1,61,349,357,65,1,0
5	5	59	316	185	309	1	1,53,185,77,0,0
5	5	26	51	90	377	1	1,20,30,0,0,0
6	5	43	242	266	579	1	1,36,133,72,0,0,0
8	6	27	166	48	187	1	1,18,75,63,9,0,0,0,0
5	5	18	28	45	281	1	1,12,15,0,0,0
7	6	42	235	1280	3417	1	1,34,128,72,0,0,0,0
6	5	94	896	473	676	1	1,87,473,335,0,0,0
5	5	38	127	74	187	1	1,32,74,20,0,0
7	6	23	100	499	2117	1	1,15,49,32,3,0,0,0
5	5	161	2675	3951	4411	1	1,155,1132,1201,185,1
6	5	82	608	672	1093	1	1,75,336,196,0,0,0
6	5	63	452	248	427	1	1,56,248,147,0,0,0
5	5	73	578	316	443	1	1,67,301,194,15,0
4	5	46	160	48	85	1	1,41,96,22,0
6	6	29	136	13	37	1	1,22,70,40,3,0,0
6	5	217	5620	4527	5044	1	1,210,1894,2755,739,21,0
5	5	56	302	75	127	1	1,50,175,76,0,0
6	6	22	96	98	327	1	1,15,48,30,2,0,0
6	5	199	6826	1718	1869	1	1,192,2028,3474,1098,33,0
6	5	378	20308	14241	14773	1	1,371,4972,10418,4297,249,0
3	5	23	41	20	51	1	1,19,20,1
5	5	78	603	1002	1393	1	1,72,325,196,9,0
8	6	26	213	420	1507	1	1,17,79,90,25,1,0,0,0
4	5	14	21	10	53	1	1,9,10,1,0
8	6	73	2326	3283	4867	1	1,64,542,1080,573,66,0,0,0
6	5	105	974	40	57	1	1,98,520,355,0,0,0
7	6	31	230	1014	2837	1	1,23,96,92,18,0,0,0
5	5	59	399	663	1021	1	1,53,215,124,6,0
7	6	58	885	3491	5729	1	1,50,317,406,107,4,0,0
6	5	173	4512	3593	4063	1	1,166,1483,2214,627,21,0
8	6	19	48	195	1694	1	1,10,26,11,0,0,0,0,0
5	5	20	31	45	307	1	1,14,15,1,0,0
5	5	38	94	183	521	1	1,32,61,0,0,0
6	5	160	3646	2999	3460	1	1,153,1280,1763,439,10,0
6	6	16	34	4	27	1	1,9,18,6,0,0,0
5	5	24	45	78	353	1	1,18,26,0,0,0
6	5	395	24934	17044	17555	1	1,388,5643,12760,5758,384,0
5	5	76	680	1089	1469	1	1,70,342,246,21,0
7	6	19	33	70	583	1	1,11,21,0,0,0,0,0
5	5	32	101	174	481	1	1,26,58,16,0,0
6	5	122	2922	2335	2746	1	1,115,963,1419,409,15,0
6	6	32	174	88	227	1	1,25,85,57,6,0,0
6	5	178	6142	4601	5043	1	1,171,1768,3088,1065,49,0
5	6	42	223	384	685	1	1,36,128,58,0,0
6	5	144	2816	2393	2857	1	1,137,1050,1330,293,5,0
5	6	45	233	134	241	1	1,39,134,59,0,0
6	5	175	4040	3329	3807	1	1,168,1428,1960,473,10,0
4	5	36	98	7	16	1	1,31,56,10,0
6	5	86	1142	349	478	1	1,79,481,495,85,1,0
5	5	20	40	63	313	1	1,14,21,4,0,0
5	5	23	68	114	365	1	1,17,38,12,0,0
5	5	22	42	75	329	1	1,16,25,0,0,0
4	5	30	72	41	105	1	1,25,41,5,0
6	6	21	54	58	297	1	1,14,29,10,0,0,0
5	5	74	579	316	447	1	1,68,301,194,15,0
6	5	340	18974	6596	6849	1	1,333,4505,9685,4182,268,0
7	6	27	103	560	2337	1	1,19,56,27,0,0,0,0
5	6	16	28	5	29	1	1,10,15,2,0,0
5	5	50	257	447	791	1	1,44,149,63,0,0
7	6	32	559	1879	3597	1	1,24,154,256,113,11,0,0
9	6	36	570	6365	17093	1	1,26,167,266,104,6,0,0,0,0
5	6	15	22	36	245	1	1,9,12,0,0,0
7	6	11	4	0	1	1	1,3,0,0,0,0,0,0
7	6	35	319	457	1083	1	1,27,129,135,27,0,0,0
6	6	35	210	215	497	1	1,28,104,70,7,0,0
4	5	58	235	142	223	1	1,53,142,39,0
4	5	10	12	5	41	1	1,5,5,1,0
6	5	86	1442	1243	1607	1	1,79,548,664,147,3,0
6	6	25	100	21	71	1	1,18,52,28,1,0,0
6	5	36	146	164	471	1	1,29,82,34,0,0,0
5	5	61	432	711	1075	1	1,55,230,139,7,0
5	5	27	80	138	413	1	1,21,46,12,0,0
5	5	30	81	138	445	1	1,24,46,10,0,0
6	5	94	1604	1385	1764	1	1,87,613,741,159,3,0
7	6	161	6778	21092	24089	1	1,153,1655,3339,1514,116,0,0
7	6	18	50	290	1729	1	1,10,29,10,0,0,0,0
5	5	76	740	1167	1537	1	1,70,361,280,28,0
6	5	212	6146	805	886	1	1,205,1987,3075,856,22,0
5	5	68	496	819	1201	1	1,62,265,160,8,0
6	5	38	178	101	251	1	1,31,101,45,0,0,0
6	5	28	106	116	383	1	1,21,58,26,0,0,0
6	5	65	472	128	221	1	1,58,256,157,0,0,0
6	5	399	15526	11579	12194	1	1,392,4468,7917,2643,105,0
6	5	108	2172	1810	2203	1	1,101,780,1034,250,6,0
6	5	79	640	686	1091	1	1,72,343,224,0,0,0
5	5	50	250	87	157	1	1,44,145,60,0,0
6	5	199	6806	5138	5595	1	1,192,2020,3462,1098,33,0
5	5	41	223	369	685	1	1,35,120,64,3,0
6	5	148	4270	3307	3727	1	1,141,1324,2120,659,25,0
6	5	114	2020	1749	2161	1	1,107,778,938,193,3,0
3	5	25	46	23	55	1	1,21,23,1
5	5	37	138	246	557	1	1,31,82,24,0,0
7	6	37	521	1969	3801	1	1,29,175,241,73,2,0,0
7	6	66	980	3989	6369	1	1,58,368,450,103,0,0,0
8	6	18	66	219	1669	1	1,9,28,22,6,0,0,0,0
4	5	19	23	8	67	1	1,14,8,0,0
3	5	18	27	4	13	1	1,14,12,0
6	5	26	68	76	347	1	1,19,38,10,0,0,0
6	5	97	1616	61	78	1	1,90,622,741,159,3,0
6	5	42	420	381	673	1	1,35,172,174,37,1,0
6	5	156	3984	3171	3623	1	1,149,1302,1944,567,21,0
6	5	50	538	491	804	1	1,43,223,225,45,1,0
5	5	61	319	186	317	1	1,55,186,77,0,0
6	5	24	82	92	335	1	1,17,46,18,0,0,0
6	5	82	744	393	586	1	1,75,393,275,0,0,0
4	5	17	23	10	61	1	1,12,10,0,0
6	5	76	638	684	1063	1	1,69,342,226,0,0,0
8	6	18	25	75	1076	1	1,9,15,0,0,0,0,0,0
5	5	26	50	3	13	1	1,20,29,0,0,0
6	6	34	228	228	499	1	1,27,110,82,8,0,0
6	5	88	1138	1045	1449	1	1,81,480,490,85,1,0
6	5	575	43390	29005	29577	1	1,568,9110,22120,10775,815,1
6	7	12	13	2	33	1	1,5,6,1,0,0,0
6	5	23	80	18	65	1	1,16,45,18,0,0,0
4	5	29	80	45	107	1	1,24,45,10,0
7	6	27	104	553	2341	1	1,19,55,28,1,0,0,0
5	5	99	1214	1857	2255	1	1,93,559,501,60,0
5	5	81	535	307	447	1	1,75,307,152,0,0
8	6	14	9	783	45866	2	1,5,3,0,0,0,0,0,0
7	6	13	10	40	1389	1	1,5,4,0,0,0,0,0
7	6	16	23	140	1569	1	1,8,14,0,0,0,0,0
5	5	35	80	30	97	1	1,29,50,0,0,0
8	6	24	136	147	688	1	1,15,57,54,9,0,0,0,0
5	6	17	41	66	283	1	1,11,22,7,0,0
3	5	19	32	15	43	1	1,15,15,1
8	6	25	313	144	425	1	1,16,94,140,58,4,0,0,0
6	5	146	3904	1531	1750	1	1,139,1239,1919,584,22,0
7	6	15	14	20	503	1	1,7,6,0,0,0,0,0
6	5	47	270	74	157	1	1,40,148,81,0,0,0
8	6	35	344	345	961	1	1,26,131,150,35,1,0,0,0
8	6	44	560	3189	7217	1	1,35,198,250,73,3,0,0,0
6	5	263	8710	6673	7193	1	1,256,2657,4388,1359,49,0
8	6	82	2172	2055	3053	1	1,73,600,1049,425,24,0,0,0
5	5	55	321	540	907	1	1,49,176,91,4,0
5	5	105	1092	1722	2161	1	1,99,534,418,40,0
5	5	58	355	597	967	1	1,52,194,103,5,0
6	5	54	396	424	753	1	1,47,212,136,0,0,0
6	5	250	9280	6939	7424	1	1,243,2703,4753,1533,47,0
6	5	540	32518	11221	11533	1	1,533,7588,16671,7266,459,0
5	5	47	213	375	721	1	1,41,125,46,0,0
7	6	22	66	343	1993	1	1,14,34,16,1,0,0,0
4	5	30	61	7	20	1	1,25,35,0,0
6	5	244	8858	6652	7135	1	1,237,2607,4532,1438,43,0
9	6	21	81	70	499	1	1,11,42,27,0,0,0,0,0,0
5	5	25	56	90	377	1	1,19,30,6,0,0
5	5	30	128	216	487	1	1,24,71,31,1,0
8	6	148	12716	10321	11725	1	1,139,1880,5480,4313,874,29,0,0
8	6	38	362	1110	3053	1	1,29,141,155,35,1,0,0,0
6	5	88	728	391	606	1	1,81,391,255,0,0,0
7	6	22	106	505	2077	1	1,14,49,37,5,0,0,0
6	5	44	240	261	587	1	1,37,129,70,3,0,0
6	5	43	188	218	549	1	1,36,109,42,0,0,0
5	5	48	271	151	265	1	1,42,147,77,4,0
6	5	168	5460	4145	4572	1	1,161,1635,2761,875,27,0
5	5	37	168	288	589	1	1,31,95,40,1,0
6	5	286	10882	8099	8628	1	1,279,3111,5537,1877,77,0
6	5	72	940	855	1208	1	1,65,391,409,73,1,0
4	6	17	27	13	62	1	1,12,13,1,0
6	6	50	294	332	661	1	1,43,166,84,0,0,0
6	5	62	464	504	853	1	1,55,252,156,0,0,0
6	6	25	114	59	181	1	1,18,58,35,2,0,0
5	5	232	3536	5343	5905	1	1,226,1591,1528,190,0
5	5	56	366	603	965	1	1,50,193,114,8,0
6	5	142	3848	1505	1718	1	1,135,1215,1895,580,22,0
6	5	316	11694	2935	3112	1	1,309,3465,5989,1875,55,0
6	5	154	3254	2737	3188	1	1,147,1197,1561,343,5,0
6	5	164	3988	3228	3691	1	1,157,1360,1950,508,12,0
8	6	190	19968	31297	34211	1	1,181,2761,8573,6983,1423,46,0,0
6	5	148	3328	2729	3185	1	1,141,1162,1610,405,9,0
6	5	145	3944	3091	3514	1	1,138,1251,1943,589,22,0
7	6	73	1301	5035	7453	1	1,65,454,610,165,6,0,0
6	5	84	804	844	1221	1	1,77,422,304,0,0,0
6	5	61	716	655	993	1	1,54,299,304,57,1,0
3	5	26	56	30	61	1	1,22,30,3
4	5	16	25	12	59	1	1,11,12,1,0
4	5	19	36	19	69	1	1,14,19,2,0
7	6	17	32	36	329	1	1,9,18,4,0,0,0,0
6	5	198	6850	5135	5607	1	1,191,1972,3440,1191,55,0
9	6	90	6958	9193	12057	1	1,80,957,2842,2472,584,22,0,0,0
6	5	318	16912	697	726	1	1,311,4123,8663,3603,211,0
6	5	54	302	340	701	1	1,47,170,84,0,0,0
7	6	12	7	11	721	2	1,4,2,0,0,0,0,0
5	5	15	19	27	245	1	1,9,9,0,0,0
9	6	30	408	4505	14573	1	1,20,117,182,82,6,0,0,0,0
6	5	71	496	547	941	1	1,64,270,154,7,0,0
6	5	131	3132	2533	2940	1	1,124,1070,1535,393,9,0
7	6	72	1223	1618	2411	1	1,64,444,576,138,0,0,0
6	5	221	7906	5932	6401	1	1,214,2308,4020,1316,47,0
5	6	67	464	771	1159	1	1,61,250,145,7,0
6	5	19	48	50	277	1	1,12,25,10,0,0,0
5	6	16	26	13	87	1	1,10,13,2,0,0
6	5	204	6016	2353	2590	1	1,197,1929,3019,848,22,0
9	6	100	8304	18215	23091	1	1,90,1137,3420,2945,686,25,0,0,0
8	6	56	2006	7771	11957	1	1,47,404,892,567,93,2,0,0
7	6	258	16448	46744	50089	1	1,250,3379,8092,4318,408,0,0
7	6	468	63731	154591	158257	1	1,460,8778,28695,22027,3697,73,0
9	6	94	5281	41230	55661	1	1,84,948,2410,1610,228,0,0,0,0
7	6	9	10	33	533	2	1,1,6,1,1,0,0,0
7	6	12	20	103	1345	1	1,4,10,4,1,0,0,0
7	6	18	115	476	1881	1	1,10,44,48,12,0,0,0
7	6	18	134	517	1921	1	1,10,46,56,19,2,0,0
7	6	18	135	520	1921	1	1,10,46,56,20,2,0,0
7	6	18	134	30	113	1	1,10,45,56,20,2,0,0
7	6	16	115	434	1769	1	1,8,38,48,18,2,0,0
7	6	14	32	163	1481	1	1,6,16,8,1,0,0,0
7	6	16	85	377	1697	1	1,8,35,32,9,0,0,0
7	6	20	154	201	691	1	1,12,54,64,21,2,0,0
7	6	20	154	596	2073	1	1,12,53,64,22,2,0,0
7	6	14	31	163	1477	1	1,6,16,7,1,0,0,0
7	6	20	134	559	2033	1	1,12,52,56,13,0,0,0
7	6	19	167	611	2049	1	1,11,53,72,27,3,0,0
7	6	18	147	559	1945	1	1,10,49,62,23,2,0,0
8	6	24	478	1959	4961	1	1,15,105,208,128,21,0,0,0
3	5	7	6	2	17	1	1,3,2,0
4	5	8	7	3	34	1	1,3,3,0,0
4	5	9	9	4	37	1	1,4,4,0,0
4	5	9	10	2	19	1	1,4,4,1,0
4	5	8	8	3	35	1	1,3,3,1,0
6	6	10	5	2	177	1	1,3,1,0,0,0,0
6	6	10	10	4	59	1	1,3,6,0,0,0,0
8	6	13	16	2871	42599	2	1,4,11,0,0,0,0,0,0
6	6	11	15	9	94	1	1,4,9,1,0,0,0
4	6	9	10	5	37	1	1,4,5,0,0
5	6	11	15	24	199	1	1,5,8,1,0,0
6	7	8	3	1	73	2	1,1,1,0,0,0,0
4	5	16	32	5	21	1	1,11,15,5,0
4	5	40	162	31	55	1	1,35,90,35,1
4	5	85	512	305	401	1	1,80,290,136,5
4	5	161	1250	749	869	1	1,156,701,376,16
4	5	280	2592	517	565	1	1,275,1431,845,40
4	5	456	4802	955	1011	1	1,451,2610,1655,85
4	5	705	8192	4873	5065	1	1,700,4390,2940,161
7	7	11	18	99	1324	2	1,3,9,4,1,0,0,0
7	6	20	115	102	397	1	1,12,48,44,10,0,0,0
7	6	15	30	36	305	1	1,7,18,4,0,0,0,0
6	None	None	90	79	274	1	1,9,35,35,9,1,0
6	None	None	110	97	302	1	1,11,43,43,11,1,0
4	5	17	34	9	32	1	1,12,18,3,0
6	5	16	42	44	247	1	1,9,22,10,0,0,0
5	5	16	36	57	269	1	1,10,19,6,0,0
7	6	15	35	190	1541	1	1,7,19,8,0,0,0,0
6	6	24	119	123	355	1	1,17,60,38,3,0,0
6	6	12	16	16	199	1	1,5,8,2,0,0,0
5	6	9	5	3	173	1	1,3,1,0,0,0
8	6	34	770	3255	6709	1	1,25,178,344,195,27,0,0,0
5	6	12	18	9	71	1	1,6,9,2,0,0
8	6	18	27	85	1076	1	1,9,17,0,0,0,0,0,0
5	7	10	7	6	185	1	1,4,2,0,0,0
7	7	16	36	183	1601	1	1,8,18,8,1,0,0,0
6	7	23	69	72	323	1	1,16,36,16,0,0,0
7	7	10	4	11	1190	2	1,2,1,0,0,0,0,0
5	7	8	5	6	161	1	1,2,2,0,0,0
6	7	21	69	73	304	1	1,14,36,17,1,0,0
10	7	17	20	12506	262681	2	1,6,13,0,0,0,0,0,0,0,0
8	7	10	10	315	6569	2	1,1,6,1,1,0,0,0,0
6	7	11	20	21	191	1	1,4,10,4,1,0,0
8	7	15	14	783	24590	2	1,6,6,1,0,0,0,0,0
10	7	14	70	27	287	2	1,3,21,20,21,3,1,0,0,0,0
9	7	14	112	899	5785	2	1,4,31,40,31,4,1,0,0,0
5	7	14	25	9	47	1	1,8,15,1,0,0
5	7	14	40	23	83	1	1,8,22,8,1,0
8	7	14	45	5004	46571	2	1,5,19,15,5,0,0,0,0
7	7	10	7	22	595	2	1,2,4,0,0,0,0,0
8	7	14	34	2097	23168	2	1,5,16,10,2,0,0,0,0
3	4	14	22	10	33	1	1,10,10,1
5	5	10	14	1	9	1	1,4,7,2,0,0
5	5	11	16	8	67	1	1,5,8,2,0,0
6	5	12	20	11	100	1	1,5,11,3,0,0,0
5	5	13	22	4	25	1	1,7,12,2,0,0
5	5	13	24	36	229	1	1,7,12,4,0,0
4	5	12	15	7	46	1	1,7,7,0,0
5	5	12	23	36	217	1	1,6,12,4,0,0
5	5	10	11	18	185	1	1,4,6,0,0,0
4	5	10	13	6	41	1	1,5,6,1,0
4	5	13	16	1	7	1	1,8,7,0,0
5	5	15	24	12	83	1	1,9,12,2,0,0
5	5	16	30	48	263	1	1,10,16,3,0,0
5	5	12	17	27	211	1	1,6,9,1,0,0
5	5	16	34	57	265	1	1,10,19,4,0,0
5	5	14	31	48	245	1	1,8,16,6,0,0
4	5	13	21	10	51	1	1,8,10,2,0
5	5	15	34	54	257	1	1,9,18,6,0,0
4	5	11	15	7	44	1	1,6,7,1,0
4	5	11	16	2	11	1	1,6,8,1,0
5	5	14	27	42	241	1	1,8,14,4,0,0
6	5	20	130	23	66	1	1,13,51,51,13,1,0
5	5	14	33	51	247	1	1,8,17,7,0,0
6	5	20	132	117	331	1	1,13,52,52,13,1,0
6	5	18	112	33	101	1	1,11,44,44,11,1,0
4	5	13	17	8	49	1	1,8,8,0,0
4	5	14	23	11	54	1	1,9,11,2,0
4	5	12	18	9	47	1	1,7,9,1,0
5	5	17	35	57	277	1	1,11,19,4,0,0
5	5	13	16	24	221	1	1,7,8,0,0,0
5	5	13	26	42	229	1	1,7,14,4,0,0
5	5	14	28	45	241	1	1,8,15,4,0,0
4	5	12	17	8	47	1	1,7,8,1,0
4	5	13	22	11	51	1	1,8,11,2,0
5	5	15	35	57	257	1	1,9,19,6,0,0
5	5	14	20	6	47	1	1,8,10,1,0,0
5	5	14	26	42	239	1	1,8,14,3,0,0
4	5	12	18	1	6	1	1,7,8,2,0
5	5	17	43	23	95	1	1,11,23,8,0,0
5	5	18	57	30	103	1	1,12,29,14,1,0
5	5	15	29	48	251	1	1,9,16,3,0,0
5	5	15	36	57	259	1	1,9,19,7,0,0
5	5	15	35	54	259	1	1,9,18,7,0,0
6	5	22	152	135	359	1	1,15,60,60,15,1,0
6	5	22	154	137	360	1	1,15,61,61,15,1,0
4	5	12	8	0	1	1	1,7,0,0,0
4	5	14	17	7	52	1	1,9,7,0,0
5	5	16	25	4	29	1	1,10,12,2,0,0
4	5	13	15	6	49	1	1,8,6,0,0
4	5	13	20	1	5	1	1,8,10,1,0
5	5	17	33	54	275	1	1,11,18,3,0,0
5	5	12	7	0	1	1	1,6,0,0,0,0
5	5	14	18	24	235	1	1,8,8,1,0,0
4	5	16	34	9	31	1	1,11,18,4,0
5	5	17	38	60	281	1	1,11,20,6,0,0
4	5	16	32	17	61	1	1,11,17,3,0
6	5	18	46	16	89	1	1,11,24,10,0,0,0
5	5	17	37	63	277	1	1,11,21,4,0,0
5	5	18	45	8	33	1	1,12,24,8,0,0
3	5	11	13	1	5	1	1,7,5,0
5	5	17	44	24	95	1	1,11,24,8,0,0
4	5	13	20	3	17	1	1,8,9,2,0
5	5	18	46	25	99	1	1,12,25,8,0,0
6	5	24	174	155	388	1	1,17,69,69,17,1,0
5	5	19	59	31	107	1	1,13,30,14,1,0
5	5	16	38	60	271	1	1,10,20,7,0,0
6	5	24	172	17	43	1	1,17,68,68,17,1,0
6	5	17	48	54	257	1	1,10,27,10,0,0,0
4	5	12	19	3	16	1	1,7,9,2,0
5	5	17	45	5	19	1	1,11,25,8,0,0
4	5	15	32	17	59	1	1,10,17,4,0
6	5	20	136	121	333	1	1,13,54,54,13,1,0
5	5	13	20	2	15	1	1,7,10,2,0,0
6	5	16	44	48	247	1	1,9,24,10,0,0,0
5	5	14	29	48	241	1	1,8,16,4,0,0
5	5	19	67	15	47	1	1,13,34,18,1,0
6	5	24	178	53	130	1	1,17,71,71,17,1,0
6	5	22	156	139	361	1	1,15,62,62,15,1,0
5	5	18	60	96	311	1	1,12,31,15,1,0
5	5	16	44	69	277	1	1,10,23,10,0,0
5	5	14	22	36	235	1	1,8,12,1,0,0
5	5	17	47	75	289	1	1,11,25,10,0,0
6	5	23	178	53	127	1	1,16,71,72,17,1,0
5	5	15	32	54	253	1	1,9,18,4,0,0
4	5	11	16	7	45	1	1,6,7,2,0
5	5	18	34	54	287	1	1,12,18,3,0,0
4	5	15	25	4	19	1	1,10,12,2,0
4	5	17	36	19	65	1	1,12,19,4,0
4	5	15	20	9	55	1	1,10,9,0,0
5	5	18	38	63	289	1	1,12,21,4,0,0
5	5	20	53	84	325	1	1,14,28,10,0,0
4	5	14	19	9	52	1	1,9,9,0,0
5	5	18	36	57	289	1	1,12,19,4,0,0
5	5	18	40	63	293	1	1,12,21,6,0,0
5	5	13	8	0	1	1	1,7,0,0,0,0
5	5	18	32	48	287	1	1,12,16,3,0,0
5	5	19	40	66	301	1	1,13,22,4,0,0
5	5	18	47	26	99	1	1,12,26,8,0,0
5	5	16	40	3	13	1	1,10,21,8,0,0
4	5	14	20	5	26	1	1,9,10,0,0
5	5	19	46	78	305	1	1,13,26,6,0,0
4	5	15	26	13	57	1	1,10,13,2,0
5	5	20	55	18	65	1	1,14,30,10,0,0
5	5	21	64	37	113	1	1,15,37,11,0,0
5	5	18	41	66	293	1	1,12,22,6,0,0
6	5	22	74	16	63	1	1,15,40,18,0,0,0
5	5	19	52	84	313	1	1,13,28,10,0,0
5	5	14	19	30	233	1	1,8,10,0,0,0
5	5	17	40	66	281	1	1,11,22,6,0,0
4	5	14	25	13	54	1	1,9,13,2,0
5	5	19	54	90	313	1	1,13,30,10,0,0
5	5	16	31	48	265	1	1,10,16,4,0,0
4	5	18	44	12	35	1	1,13,24,6,0
4	5	16	35	19	62	1	1,11,19,4,0
4	5	17	38	10	33	1	1,12,20,5,0
5	5	24	95	53	133	1	1,18,53,23,0,0
5	5	17	28	48	269	1	1,11,16,0,0,0
5	5	15	28	42	253	1	1,9,14,4,0,0
3	5	10	11	4	23	1	1,6,4,0
5	5	16	37	57	271	1	1,10,19,7,0,0
6	5	26	196	175	417	1	1,19,78,78,19,1,0
5	5	17	41	69	281	1	1,11,23,6,0,0
6	5	21	74	82	305	1	1,14,41,18,0,0,0
3	5	12	15	2	9	1	1,8,6,0
5	5	17	30	9	55	1	1,11,15,3,0,0
5	5	21	74	120	353	1	1,15,39,18,1,0
5	5	13	21	36	223	1	1,7,12,1,0,0
5	5	20	70	111	341	1	1,14,36,18,1,0
5	5	18	55	87	307	1	1,12,29,13,0,0
6	5	26	200	179	419	1	1,19,80,80,19,1,0
5	5	21	76	123	355	1	1,15,40,19,1,0
6	5	25	200	179	410	1	1,18,80,81,19,1,0
5	5	19	70	111	331	1	1,13,36,19,1,0
6	5	24	180	7	17	1	1,17,72,72,17,1,0
5	5	20	74	120	343	1	1,14,39,19,1,0
5	5	16	46	8	31	1	1,10,23,11,1,0
6	5	23	176	157	380	1	1,16,70,71,17,1,0
6	5	25	202	181	411	1	1,18,81,82,19,1,0
6	5	22	160	13	33	1	1,15,64,64,15,1,0
4	5	16	24	11	59	1	1,11,11,1,0
5	5	20	41	66	313	1	1,14,22,4,0,0
4	5	18	36	19	67	1	1,13,19,3,0
5	5	19	39	9	43	1	1,13,21,4,0,0
4	5	18	38	5	17	1	1,13,20,4,0
6	6	11	13	7	94	1	1,4,7,1,0,0,0
6	6	11	14	2	27	1	1,4,7,2,0,0,0
6	6	10	13	14	179	1	1,3,7,2,0,0,0
9	7	46	2464	16935	28051	1	1,36,361,1003,851,203,9,0,0,0
8	None	11	4	261	36065	2	1,2,1,0,0,0,0,0,0
6	None	11	12	14	187	1	1,4,7,0,0,0,0
8	None	11	3	0	1	1	1,2,0,0,0,0,0,0,0
7	6	12	19	121	1448	2	1,4,11,3,0,0,0,0
6	6	12	14	16	197	1	1,5,8,0,0,0,0
6	6	12	17	18	199	1	1,5,9,2,0,0,0
6	6	10	9	10	177	1	1,3,5,0,0,0,0
6	6	12	22	11	101	1	1,5,11,5,0,0,0
7	6	12	6	11	1442	2	1,4,1,0,0,0,0,0
5	6	12	17	8	71	1	1,6,8,2,0,0
6	6	11	9	8	187	1	1,4,4,0,0,0,0
6	6	11	7	4	187	1	1,4,2,0,0,0,0
6	6	12	11	10	197	1	1,5,5,0,0,0,0
5	6	12	16	7	71	1	1,6,7,2,0,0
5	6	10	12	18	187	1	1,4,6,1,0,0
6	6	12	14	7	99	1	1,5,7,1,0,0,0
6	6	11	15	16	189	1	1,4,8,2,0,0,0
6	6	12	12	12	197	1	1,5,6,0,0,0,0
7	6	11	5	11	1316	2	1,3,1,0,0,0,0,0
5	6	10	12	5	63	1	1,4,5,2,0,0
5	6	11	14	6	67	1	1,5,6,2,0,0
5	6	9	6	6	173	1	1,3,2,0,0,0
5	6	12	18	24	215	1	1,6,8,3,0,0
5	6	11	14	21	199	1	1,5,7,1,0,0
5	6	11	17	9	67	1	1,5,9,2,0,0
5	None	19	53	87	313	1	1,13,29,10,0,0
6	None	21	72	78	305	1	1,14,39,18,0,0,0
6	None	21	56	62	297	1	1,14,31,10,0,0,0
5	None	19	31	51	293	1	1,13,17,0,0,0
6	None	21	70	74	305	1	1,14,37,18,0,0,0
6	None	19	52	58	277	1	1,12,29,10,0,0,0
5	None	21	71	38	117	1	1,15,37,17,1,0
5	None	19	44	72	305	1	1,13,24,6,0,0
5	None	19	33	57	293	1	1,13,19,0,0,0
5	None	21	40	63	323	1	1,15,21,3,0,0
5	None	15	23	36	247	1	1,9,12,1,0,0
5	None	17	36	60	277	1	1,11,20,4,0,0
5	None	21	50	12	47	1	1,15,28,6,0,0
5	None	19	47	25	103	1	1,13,25,8,0,0
5	None	15	10	0	1	1	1,9,0,0,0,0
5	None	17	22	30	269	1	1,11,10,0,0,0
5	None	21	55	31	111	1	1,15,31,8,0,0
5	None	19	28	42	293	1	1,13,14,0,0,0
5	None	21	45	24	109	1	1,15,24,5,0,0
5	None	21	34	54	317	1	1,15,18,0,0,0
5	None	21	64	15	49	1	1,15,35,13,0,0
5	None	21	57	11	37	1	1,15,33,8,0,0
5	None	21	47	26	109	1	1,15,26,5,0,0
5	None	19	43	69	305	1	1,13,23,6,0,0
5	None	15	21	33	245	1	1,9,11,0,0,0
5	None	15	17	3	35	1	1,9,7,0,0,0
5	None	17	28	45	271	1	1,11,15,1,0,0
5	None	19	30	9	59	1	1,13,15,1,0,0
4	None	19	37	19	70	1	1,14,19,3,0
3	None	13	17	7	29	1	1,9,7,0
5	None	21	31	45	317	1	1,15,15,0,0,0
5	None	21	58	96	337	1	1,15,32,10,0,0
6	None	21	90	31	105	1	1,14,46,28,1,0,0
5	None	17	33	51	277	1	1,11,17,4,0,0
4	None	15	27	14	57	1	1,10,14,2,0
5	None	19	51	29	103	1	1,13,29,8,0,0
5	None	21	61	9	31	1	1,15,33,12,0,0
5	None	19	14	0	1	1	1,13,0,0,0,0
5	None	19	35	54	299	1	1,13,18,3,0,0
5	None	21	36	60	317	1	1,15,20,0,0,0
5	None	19	62	99	323	1	1,13,32,15,1,0
5	None	21	44	72	325	1	1,15,24,4,0,0
5	None	15	27	42	251	1	1,9,14,3,0,0
4	None	21	39	4	15	1	1,16,20,2,0
5	None	21	52	28	111	1	1,15,28,8,0,0
5	None	19	27	39	293	1	1,13,13,0,0,0
3	None	15	24	11	35	1	1,11,11,1
4	None	19	46	25	73	1	1,14,25,6,0
5	None	17	12	0	1	1	1,11,0,0,0,0
6	None	18	52	20	89	1	1,11,30,10,0,0,0
5	None	20	48	78	319	1	1,14,26,7,0,0
6	None	20	56	64	287	1	1,13,32,10,0,0,0
6	None	18	50	56	267	1	1,11,28,10,0,0,0
5	None	20	44	8	35	1	1,14,24,5,0,0
5	None	16	11	0	1	1	1,10,0,0,0,0
5	None	16	26	45	257	1	1,10,15,0,0,0
5	None	14	16	21	233	1	1,8,7,0,0,0
5	None	16	22	30	259	1	1,10,10,1,0,0
5	None	18	29	48	281	1	1,12,16,0,0,0
6	None	20	68	72	295	1	1,13,36,18,0,0,0
5	None	20	52	29	107	1	1,14,29,8,0,0
5	None	18	37	60	289	1	1,12,20,4,0,0
6	None	20	70	76	295	1	1,13,38,18,0,0,0
5	None	18	31	54	281	1	1,12,18,0,0,0
5	None	18	24	33	281	1	1,12,11,0,0,0
5	None	14	22	11	79	1	1,8,11,2,0,0
5	None	20	38	60	311	1	1,14,20,3,0,0
5	None	18	48	3	11	1	1,12,27,8,0,0
5	None	16	32	51	265	1	1,10,17,4,0,0
5	None	20	32	51	305	1	1,14,17,0,0,0
5	None	20	61	32	111	1	1,14,31,14,1,0
4	None	20	31	3	14	1	1,15,15,0,0
5	None	20	47	78	317	1	1,14,26,6,0,0
5	None	20	29	42	305	1	1,14,14,0,0,0
4	None	20	43	23	74	1	1,15,23,4,0
4	None	16	30	4	15	1	1,11,16,2,0
5	None	20	51	28	107	1	1,14,28,8,0,0
4	None	18	34	17	67	1	1,13,17,3,0
5	None	16	35	12	53	1	1,10,20,4,0,0
6	None	28	224	201	449	1	1,21,90,90,21,1,0
6	None	31	268	241	498	1	1,24,108,109,25,1,0
6	None	24	94	100	343	1	1,17,50,26,0,0,0
6	None	26	102	112	363	1	1,19,56,26,0,0,0
5	None	22	66	111	353	1	1,16,37,12,0,0
5	None	20	53	30	107	1	1,14,30,8,0,0
6	None	24	96	51	172	1	1,17,51,27,0,0,0
6	None	23	76	82	325	1	1,16,41,18,0,0,0
3	None	12	9	0	1	1	1,8,0,0
5	None	12	15	21	211	1	1,6,7,1,0,0
8	None	12	5	261	39332	2	1,3,1,0,0,0,0,0,0
5	None	10	11	15	187	1	1,4,5,1,0,0
4	None	10	12	3	20	1	1,5,6,0,0
5	None	20	20	6	49	1	1,9,10,0,0,0
5	None	36	290	384	709	1	1,25,128,136,0,0
5	None	28	150	222	457	1	1,17,74,58,0,0
5	None	34	280	122	227	1	1,23,122,134,0,0
5	None	36	190	294	569	1	1,25,98,66,0,0
5	None	34	180	276	541	1	1,23,92,64,0,0
5	None	30	160	48	97	1	1,19,80,60,0,0
5	None	26	140	68	143	1	1,15,68,56,0,0
8	None	None	42	2001	17639	2	1,7,23,11,0,0,0,0,0
7	None	None	47	81	559	1	1,9,24,12,1,0,0,0
9	None	None	378	4015	13333	1	1,16,103,170,82,6,0,0,0,0
9	None	None	456	1625	4861	1	1,19,126,211,93,6,0,0,0,0
10	None	None	1860	9689	20027	1	1,28,276,758,651,142,4,0,0,0,0
9	None	None	744	447	1097	1	1,21,163,335,200,24,0,0,0,0
8	None	None	96	209	1171	1	1,10,40,36,9,0,0,0,0
8	None	11	8	783	42599	2	1,4,3,0,0,0,0,0,0
7	None	10	9	22	721	2	1,4,4,0,0,0,0,0
8	None	9	6	783	36065	2	1,2,3,0,0,0,0,0,0
7	None	9	7	33	1316	2	1,3,3,0,0,0,0,0
8	None	11	14	87	2033	2	1,4,7,2,0,0,0,0,0
7	None	9	8	11	329	2	1,3,4,0,0,0,0,0
8	None	10	8	783	39379	2	1,3,3,1,0,0,0,0,0
7	None	9	6	11	658	2	1,3,2,0,0,0,0,0
6	None	9	10	2	47	1	1,4,4,1,0,0,0
7	None	7	3	11	1064	2	1,1,1,0,0,0,0,0
8	None	11	10	1305	42599	2	1,4,5,0,0,0,0,0,0
8	None	10	7	783	39332	2	1,3,3,0,0,0,0,0,0
7	None	12	16	80	1453	1	1,6,8,1,0,0,0,0
8	None	9	8	261	9028	2	1,2,4,1,0,0,0,0,0
8	None	11	13	1827	42646	2	1,4,7,1,0,0,0,0,0
7	None	11	6	0	1	1	1,5,0,0,0,0,0,0
7	None	11	9	10	463	1	1,5,3,0,0,0,0,0
8	None	12	13	1827	45866	2	1,5,7,0,0,0,0,0,0
7	None	12	16	70	1457	1	1,6,7,2,0,0,0,0
7	None	9	8	33	1318	2	1,3,3,1,0,0,0,0
6	None	7	5	4	167	1	1,2,2,0,0,0,0
7	None	11	11	50	1389	1	1,5,5,0,0,0,0,0
8	None	12	13	1566	45913	2	1,5,6,1,0,0,0,0,0
8	None	12	17	783	15320	2	1,5,9,2,0,0,0,0,0
8	None	9	7	1044	36065	2	1,2,4,0,0,0,0,0,0
8	None	11	15	696	14231	2	1,4,8,2,0,0,0,0,0
8	None	8	4	261	16399	2	1,1,2,0,0,0,0,0,0
6	None	10	8	4	197	1	1,5,2,0,0,0,0
7	None	8	6	33	1190	2	1,2,3,0,0,0,0,0
8	None	11	12	1827	42599	2	1,4,7,0,0,0,0,0,0
8	None	12	12	783	22933	2	1,5,6,0,0,0,0,0,0
7	None	7	4	11	532	2	1,1,2,0,0,0,0,0
8	None	12	15	2349	45866	2	1,5,9,0,0,0,0,0,0
7	None	12	18	90	1457	1	1,6,9,2,0,0,0,0
6	None	10	12	5	99	1	1,5,5,1,0,0,0
7	None	10	14	77	1446	2	1,4,7,2,0,0,0,0
7	None	12	14	60	1453	1	1,6,6,1,0,0,0,0
7	None	10	8	33	1442	2	1,4,3,0,0,0,0,0
8	None	10	8	261	9833	2	1,3,4,0,0,0,0,0,0
7	None	12	17	90	1453	1	1,6,9,1,0,0,0,0
7	None	12	10	10	483	1	1,6,3,0,0,0,0,0
7	None	10	11	55	1444	2	1,4,5,1,0,0,0,0
8	None	10	12	261	6571	2	1,3,6,2,0,0,0,0,0
7	None	12	18	80	1461	1	1,6,8,3,0,0,0,0
8	None	12	16	87	1915	2	1,5,8,2,0,0,0,0,0
7	None	12	14	10	207	1	1,6,7,0,0,0,0,0
8	None	11	13	522	14231	2	1,4,6,2,0,0,0,0,0
6	None	8	6	4	177	1	1,3,2,0,0,0,0
7	None	11	14	10	199	1	1,5,7,1,0,0,0,0
8	None	10	13	609	13142	2	1,3,7,2,0,0,0,0,0
7	None	12	20	18	293	1	1,6,9,4,0,0,0,0
8	None	11	12	783	21323	2	1,4,6,1,0,0,0,0,0
8	None	12	16	2349	45913	2	1,5,9,1,0,0,0,0,0
7	None	12	13	20	483	1	1,6,6,0,0,0,0,0
7	None	11	15	80	1393	1	1,5,8,1,0,0,0,0
6	None	11	14	3	52	1	1,6,6,1,0,0,0
7	None	10	10	55	1442	2	1,4,5,0,0,0,0,0
7	None	11	14	60	1397	1	1,5,6,2,0,0,0,0
8	None	12	14	261	6559	2	1,5,7,1,0,0,0,0,0
8	None	9	5	522	36065	2	1,2,2,0,0,0,0,0,0
8	None	10	6	261	19666	2	1,3,2,0,0,0,0,0,0
8	None	12	11	1305	45866	2	1,5,5,0,0,0,0,0,0
7	None	11	16	80	1397	1	1,5,8,2,0,0,0,0
7	None	11	14	1	15	2	1,3,8,2,0,0,0,0
7	None	9	5	33	1064	2	1,1,3,0,0,0,0,0
7	None	11	9	55	1316	2	1,3,5,0,0,0,0,0
6	None	11	11	5	94	1	1,4,5,1,0,0,0
8	None	11	8	261	7213	2	1,2,5,0,0,0,0,0,0
6	None	11	12	3	47	1	1,4,6,1,0,0,0
7	None	10	9	55	1192	2	1,2,5,1,0,0,0,0
6	None	10	8	3	89	1	1,3,3,1,0,0,0
7	None	11	11	33	659	2	1,3,6,1,0,0,0,0
7	None	12	16	33	482	2	1,4,9,2,0,0,0,0
7	None	9	40	36	31	6	1,3,6,6,6,6,6,6
6	None	7	28	29	15	5	1,2,3,4,5,6,7
8	None	10	53	322	263	5	1,3,7,7,7,7,7,7,7
5	None	5	6	1	2	4	1,1,1,1,1,1
6	None	10	51	81	68	5	1,5,9,9,9,9,9
8	None	11	54	28	25	7	1,4,7,7,7,7,7,7,7
4	None	4	5	4	9	3	1,1,1,1,1
8	None	9	38	20	17	7	1,2,5,5,5,5,5,5,5
5	None	6	21	17	10	4	1,2,3,4,5,6
8	None	11	125	92	41	5	1,4,13,17,18,18,18,18,18
7	None	11	88	364	223	4	1,5,12,14,14,14,14,14
6	None	8	49	107	44	5	1,3,5,7,9,11,13
8	None	12	76	230	183	5	1,5,10,10,10,10,10,10,10
8	None	10	25	16	19	7	1,3,3,3,3,3,3,3,3
6	None	6	7	9	16	5	1,1,1,1,1,1,1
6	None	9	25	36	43	5	1,4,4,4,4,4,4
6	None	9	140	787	143	3	1,4,9,16,25,36,49
6	None	9	70	78	29	5	1,4,7,10,13,16,19
8	None	9	31	64	59	7	1,2,4,4,4,4,4,4,4
8	None	11	33	64	73	7	1,4,4,4,4,4,4,4,4
7	None	10	47	42	37	6	1,4,7,7,7,7,7,7
8	None	10	46	8	7	7	1,3,6,6,6,6,6,6,6
6	None	9	245	1501	164	3	1,4,12,25,43,66,94
5	None	12	411	165	16	4	1,8,29,66,119,188
6	None	9	35	18	17	5	1,4,6,6,6,6,6
4	None	5	9	8	13	3	1,2,2,2,2
7	None	9	64	41	15	6	1,3,5,7,9,11,13,15
8	None	11	81	253	166	5	1,4,10,11,11,11,11,11,11
7	None	8	15	3	4	6	1,2,2,2,2,2,2,2
8	None	11	68	207	160	5	1,4,9,9,9,9,9,9,9
7	None	10	204	389	53	4	1,4,9,16,25,36,49,64
6	None	7	13	18	25	5	1,2,2,2,2,2,2
5	None	6	11	2	3	4	1,2,2,2,2,2
8	None	8	9	16	25	7	1,1,1,1,1,1,1,1,1
7	None	12	67	15	13	6	1,6,10,10,10,10,10,10
7	None	7	8	3	5	6	1,1,1,1,1,1,1,1
7	None	8	36	11	5	6	1,2,3,4,5,6,7,8
8	None	12	55	112	107	7	1,5,7,7,7,7,7,7,7
7	None	10	35	30	31	6	1,4,5,5,5,5,5,5
7	None	10	29	6	7	6	1,4,4,4,4,4,4,4
7	None	12	101	208	127	4	1,6,14,16,16,16,16,16
5	None	7	36	31	14	4	1,3,5,7,9,11
7	None	11	83	169	111	4	1,5,12,13,13,13,13,13
7	None	12	372	104	11	4	1,6,15,28,45,66,91,120
6	None	9	45	72	59	5	1,4,8,8,8,8,8
7	None	10	212	1410	227	4	1,4,12,21,30,39,48,57
8	None	9	45	26	11	7	1,2,3,4,5,6,7,8,9
6	None	10	60	99	73	5	1,5,10,11,11,11,11
6	None	8	19	27	34	5	1,3,3,3,3,3,3
5	None	7	16	3	4	4	1,3,3,3,3,3
8	None	11	101	644	355	5	1,4,12,14,14,14,14,14,14
7	None	11	204	657	125	4	1,5,13,21,29,37,45,53
7	None	9	120	439	82	4	1,3,6,10,15,21,28,36
7	None	10	52	24	19	6	1,4,7,8,8,8,8,8
7	None	10	155	62	13	4	1,4,10,16,22,28,34,40
8	None	12	140	460	213	5	1,5,15,19,20,20,20,20,20
7	None	12	274	446	75	4	1,6,17,28,39,50,61,72
7	None	11	77	312	217	4	1,5,11,12,12,12,12,12
7	None	10	113	29	8	4	1,4,8,12,16,20,24,28
7	None	9	28	24	25	6	1,3,4,4,4,4,4,4
6	None	7	18	27	29	5	1,2,3,3,3,3,3
7	None	12	61	54	49	6	1,6,9,9,9,9,9,9
7	None	11	71	143	106	4	1,5,10,11,11,11,11,11
6	None	8	84	109	25	5	1,3,6,10,15,21,28
6	None	9	210	668	77	3	1,4,10,20,35,56,84
5	None	10	47	6	5	4	1,6,10,10,10,10
8	None	12	102	322	195	5	1,5,12,14,14,14,14,14,14
8	None	10	81	58	19	5	1,3,5,7,9,11,13,15,17
8	None	9	17	32	41	7	1,2,2,2,2,2,2,2,2
7	None	9	127	409	87	4	1,3,8,13,18,23,28,33
7	None	10	41	18	17	6	1,4,6,6,6,6,6,6
6	None	8	24	18	19	5	1,3,4,4,4,4,4
5	None	10	221	85	11	4	1,6,18,37,63,96
7	None	11	95	195	116	4	1,5,14,15,15,15,15,15
4	None	7	55	7	2	3	1,4,9,16,25
7	None	11	66	260	211	4	1,5,10,10,10,10,10,10
5	None	6	31	28	11	4	1,2,4,6,8,10
7	None	11	48	21	20	6	1,5,7,7,7,7,7,7
6	None	8	34	27	23	5	1,3,6,6,6,6,6
7	None	12	750	1718	95	4	1,6,18,40,75,126,196,288
6	None	9	40	63	55	5	1,4,7,7,7,7,7
6	None	12	273	1381	228	3	1,7,21,37,53,69,85
7	None	11	60	27	23	6	1,5,9,9,9,9,9,9
3	None	3	4	1	3	2	1,1,1,1
7	None	10	176	95	18	4	1,4,11,18,25,32,39,46
7	None	9	22	9	11	6	1,3,3,3,3,3,3,3
3	None	4	10	1	1	2	1,2,3,4
7	None	10	59	234	185	4	1,4,9,9,9,9,9,9
7	None	11	78	24	17	4	1,5,12,12,12,12,12,12
8	None	11	60	16	13	5	1,4,7,8,8,8,8,8,8
7	None	9	46	21	17	6	1,3,7,7,7,7,7,7
7	None	12	91	13	9	4	1,6,14,14,14,14,14,14
6	None	9	115	554	141	3	1,4,10,16,22,28,34
5	None	7	20	12	13	4	1,3,4,4,4,4
5	None	8	51	5	2	4	1,4,7,10,13,16
7	None	12	169	261	65	4	1,6,12,18,24,30,36,42
6	None	11	812	5851	287	3	1,6,23,60,125,226,371
6	None	11	52	81	73	5	1,6,9,9,9,9,9
7	None	10	53	6	5	6	1,4,8,8,8,8,8,8
7	None	12	102	208	129	4	1,6,15,16,16,16,16,16
8	None	11	82	253	171	5	1,4,11,11,11,11,11,11,11
6	None	9	85	28	9	5	1,4,8,12,16,20,24
8	None	12	116	184	103	5	1,5,14,16,16,16,16,16,16
5	None	8	131	149	22	4	1,4,11,22,37,56
9	None	21	12	0	1	1	1,11,0,0,0,0,0,0,0,0
9	None	23	91	1680	11059	1	1,13,48,29,0,0,0,0,0,0
9	None	15	10	892	47795	2	1,5,4,0,0,0,0,0,0,0
9	None	23	88	1610	11049	1	1,13,46,28,0,0,0,0,0,0
9	None	21	28	560	10209	1	1,11,16,0,0,0,0,0,0,0
6	5	135	3066	2497	2929	1	1,128,1050,1478,397,12,0
6	6	17	33	36	251	1	1,10,18,4,0,0,0
6	5	57	842	723	1033	1	1,50,315,380,93,3,0
6	6	22	79	22	79	1	1,15,44,19,0,0,0
7	6	32	74	490	2529	1	1,24,49,0,0,0,0,0
5	5	25	70	24	77	1	1,19,40,10,0,0
5	5	22	60	99	349	1	1,16,33,10,0,0
6	6	21	63	33	151	1	1,14,33,15,0,0,0
5	6	28	93	156	437	1	1,22,52,18,0,0
6	7	20	44	48	283	1	1,13,24,6,0,0,0
7	6	18	23	40	563	1	1,10,12,0,0,0,0,0
5	6	25	68	114	385	1	1,19,38,10,0,0
7	6	18	21	100	1689	1	1,10,10,0,0,0,0,0
4	5	19	28	13	67	1	1,14,13,0,0
5	5	34	122	207	521	1	1,28,69,24,0,0
5	6	22	62	34	117	1	1,16,34,11,0,0
5	6	19	45	15	61	1	1,13,25,6,0,0
7	6	20	65	343	1877	1	1,12,34,17,1,0,0,0
4	6	14	10	0	1	1	1,9,0,0,0
9	None	16	10	669	50839	2	1,6,3,0,0,0,0,0,0,0
9	None	24	288	3145	12313	1	1,14,81,124,62,6,0,0,0,0
9	None	22	88	1610	10779	1	1,12,46,29,0,0,0,0,0,0
9	None	20	30	4237	63015	2	1,10,19,0,0,0,0,0,0,0
9	None	16	24	3791	50839	2	1,6,17,0,0,0,0,0,0,0
10	None	24	130	59644	370749	2	1,13,62,54,0,0,0,0,0,0,0
10	None	20	20	1924	61091	2	1,9,10,0,0,0,0,0,0,0,0
8	None	17	28	95	1041	1	1,8,19,0,0,0,0,0,0
8	None	17	44	180	1589	1	1,8,24,11,0,0,0,0,0
8	None	17	22	65	1041	1	1,8,13,0,0,0,0,0,0
10	None	16	10	3848	248423	2	1,5,4,0,0,0,0,0,0,0,0
8	None	15	19	3132	49133	2	1,6,12,0,0,0,0,0,0
8	None	14	18	1566	22933	2	1,5,12,0,0,0,0,0,0
7	None	22	220	839	2321	1	1,14,74,96,33,2,0,0
8	None	23	130	299	1331	1	1,14,58,48,9,0,0,0,0
8	None	13	7	522	42599	2	1,4,2,0,0,0,0,0,0
9	None	24	95	1750	11349	1	1,14,50,30,0,0,0,0,0,0
9	None	22	41	980	10489	1	1,12,28,0,0,0,0,0,0,0
9	None	20	34	5129	63015	2	1,10,23,0,0,0,0,0,0,0
9	None	16	11	892	50839	2	1,6,4,0,0,0,0,0,0,0
9	None	22	109	1820	10929	1	1,12,52,44,0,0,0,0,0,0
9	None	14	7	446	44751	2	1,4,2,0,0,0,0,0,0,0
8	None	24	157	1011	4178	1	1,15,65,64,12,0,0,0,0
8	None	24	204	201	718	1	1,15,76,90,22,0,0,0,0
8	None	24	136	315	1381	1	1,15,63,57,0,0,0,0,0
8	None	24	124	279	1361	1	1,15,54,45,9,0,0,0,0
8	None	24	251	1326	4417	1	1,15,80,110,42,3,0,0,0
8	None	24	161	347	1396	1	1,15,67,66,12,0,0,0,0
8	None	24	141	319	1376	1	1,15,62,54,9,0,0,0,0
8	None	24	158	513	2089	1	1,15,66,64,12,0,0,0,0
8	None	24	180	1089	4243	1	1,15,69,77,18,0,0,0,0
8	None	24	216	1227	4331	1	1,15,76,94,29,1,0,0,0
8	None	24	166	543	2099	1	1,15,70,68,12,0,0,0,0
8	None	24	131	299	1366	1	1,15,58,48,9,0,0,0,0
8	None	24	126	837	4093	1	1,15,54,47,9,0,0,0,0
8	None	24	230	109	364	1	1,15,81,102,31,0,0,0,0
8	None	24	163	357	1396	1	1,15,69,66,12,0,0,0,0
8	None	24	223	1272	4351	1	1,15,79,98,29,1,0,0,0
8	None	24	219	1239	4324	1	1,15,76,92,33,2,0,0,0
8	None	24	159	1041	4178	1	1,15,67,64,12,0,0,0,0
8	None	24	147	951	4148	1	1,15,61,58,12,0,0,0,0
8	None	24	122	411	2039	1	1,15,53,44,9,0,0,0,0
8	None	23	125	837	3988	1	1,14,54,47,9,0,0,0,0
8	None	23	163	984	4093	1	1,14,62,68,18,0,0,0,0
8	None	23	138	219	1007	1	1,14,56,55,12,0,0,0,0
8	None	23	117	777	3968	1	1,14,50,43,9,0,0,0,0
8	None	23	128	289	1331	1	1,14,56,48,9,0,0,0,0
8	None	23	140	453	2014	1	1,14,58,55,12,0,0,0,0
8	None	23	121	269	1326	1	1,14,52,45,9,0,0,0,0
8	None	23	121	6	29	1	1,14,53,44,9,0,0,0,0
8	None	23	63	525	3818	1	1,14,35,13,0,0,0,0,0
7	None	24	299	1069	2601	1	1,16,91,134,53,4,0,0
7	None	19	82	399	1861	1	1,11,39,28,3,0,0,0
7	None	18	68	329	1777	1	1,10,32,22,3,0,0,0
6	None	18	65	11	46	1	1,11,32,19,2,0,0
6	None	None	110	124	383	1	1,21,62,26,0,0,0
5	None	None	86	147	409	1	1,20,49,16,0,0
5	None	None	194	112	223	1	1,37,112,44,0,0
5	None	None	400	19	29	1	1,44,195,146,14,0
5	None	None	82	141	415	1	1,21,47,13,0,0
8	None	None	173	1197	4808	1	1,21,78,64,9,0,0,0,0
9	None	None	15	1338	56927	2	1,8,6,0,0,0,0,0,0,0
9	None	None	84	220	1537	1	1,12,44,27,0,0,0,0,0,0
6	None	None	44	10	51	1	1,10,25,8,0,0,0
6	None	None	138	156	413	1	1,23,78,36,0,0,0
6	None	None	469	214	359	1	1,37,198,201,32,0,0
7	None	None	122	247	149	4	1,7,19,19,19,19,19,19
7	None	None	41	90	623	1	1,13,27,0,0,0,0,0
7	None	None	146	653	2273	1	1,16,62,56,11,0,0,0
7	None	None	761	3527	820	4	1,16,73,127,136,136,136,136
7	None	None	979	4489	1091	4	1,22,100,164,173,173,173,173
7	None	None	515	2101	4049	1	1,34,193,228,57,2,0,0
8	None	None	32	32	33	7	1,3,4,4,4,4,4,4,4
8	None	None	22	1827	26200	2	1,7,14,0,0,0,0,0,0
8	None	None	88	63	377	1	1,9,36,33,9,0,0,0,0
8	None	None	115	230	187	5	1,9,15,15,15,15,15,15,15
8	None	None	106	351	1819	1	1,11,45,40,9,0,0,0,0
8	None	None	575	5880	1447	3	1,13,57,84,84,84,84,84,84
8	None	None	106	777	3833	1	1,13,51,37,4,0,0,0,0
8	None	None	212	1275	4411	1	1,16,80,89,25,1,0,0,0
9	None	None	402	485	1557	1	1,18,113,182,82,6,0,0,0,0
4	5	29	75	43	104	1	1,24,43,7,0
6	5	174	4494	3599	4057	1	1,167,1494,2202,611,19,0
4	5	47	173	103	178	1	1,42,103,27,0
5	5	33	98	171	487	1	1,27,57,13,0,0
3	5	21	30	4	15	1	1,17,12,0
5	5	39	140	243	583	1	1,33,81,25,0,0
4	6	30	68	37	105	1	1,25,37,5,0
5	5	198	3322	1639	1807	1	1,192,1429,1490,210,0
3	5	15	46	17	13	2	1,11,17,17
5	5	38	211	116	215	1	1,32,112,62,4,0
5	5	120	1243	1971	2447	1	1,114,612,471,45,0
4	5	21	36	19	73	1	1,16,19,0,0
5	6	10	21	4	5	4	1,4,4,4,4,4
5	5	32	100	171	481	1	1,26,57,16,0,0
6	5	103	844	922	1393	1	1,96,461,286,0,0,0
4	5	30	78	11	27	1	1,25,44,8,0
5	5	26	73	41	133	1	1,20,41,11,0,0
5	5	24	65	108	373	1	1,18,36,10,0,0
5	6	39	130	76	191	1	1,33,76,20,0,0
4	6	16	22	5	29	1	1,11,10,0,0
6	5	94	1708	1451	1826	1	1,87,637,803,177,3,0
6	6	14	58	45	41	5	1,7,10,10,10,10,10
5	5	47	239	135	251	1	1,41,132,62,3,0
5	5	32	133	225	511	1	1,26,74,31,1,0
6	6	57	659	201	310	1	1,50,278,283,47,0,0
3	5	30	64	34	69	1	1,26,34,3
5	6	20	201	185	58	4	1,14,27,40,53,66
4	6	21	31	14	73	1	1,16,14,0,0
6	5	116	1264	217	290	1	1,109,651,503,0,0,0
6	5	65	780	713	1062	1	1,58,326,333,61,1,0
5	5	93	791	99	133	1	1,87,408,274,21,0
5	5	37	126	74	183	1	1,31,74,20,0,0
6	5	68	1038	299	411	1	1,61,394,470,109,3,0
4	6	19	26	11	67	1	1,14,11,0,0
6	6	38	198	109	257	1	1,31,109,57,0,0,0
5	5	100	996	1578	2015	1	1,94,489,375,37,0
5	6	34	137	231	535	1	1,28,76,31,1,0
6	6	56	872	739	1043	1	1,49,320,400,99,3,0
5	5	138	1577	824	987	1	1,132,761,620,63,0
5	5	32	102	177	481	1	1,26,59,16,0,0
5	5	84	622	1041	1465	1	1,78,338,196,9,0
4	5	28	50	13	47	1	1,23,26,0,0
3	6	17	23	9	37	1	1,13,9,0
6	6	56	2343	666	121	3	1,49,278,482,511,511,511
6	6	17	24	2	19	1	1,10,13,0,0,0,0
3	5	34	68	7	15	1	1,30,35,2
5	5	29	79	135	433	1	1,23,45,10,0,0
5	5	35	135	234	539	1	1,29,78,27,0,0
6	5	22	16	0	1	1	1,15,0,0,0,0,0
6	5	106	1932	817	1024	1	1,99,707,899,220,6,0
6	6	93	1480	1292	1685	1	1,86,574,672,144,3,0
6	6	42	200	228	547	1	1,35,114,50,0,0,0
4	5	18	22	1	8	1	1,13,8,0,0
3	5	35	72	38	77	1	1,31,38,2
5	5	41	204	18	35	1	1,35,111,54,3,0
4	5	43	135	16	31	1	1,38,80,16,0
6	5	135	2754	2291	2749	1	1,128,978,1302,335,10,0
6	6	46	436	59	102	1	1,39,194,177,25,0,0
4	5	13	9	0	1	1	1,8,0,0,0
5	5	34	106	183	505	1	1,28,61,16,0,0
4	6	45	152	45	83	1	1,40,90,21,0
5	5	36	125	216	541	1	1,30,72,22,0,0
5	5	28	75	126	421	1	1,22,42,10,0,0
5	5	136	1747	298	349	1	1,130,812,722,82,0
6	7	13	7	0	1	1	1,6,0,0,0,0,0
6	6	170	4430	3527	3992	1	1,163,1458,2179,611,18,0
6	5	75	944	863	1235	1	1,68,395,406,73,1,0
5	5	76	563	933	1339	1	1,70,301,181,10,0
5	5	32	60	99	449	1	1,26,33,0,0,0
6	5	129	3132	1256	1461	1	1,122,1044,1527,424,14,0
5	5	39	139	243	581	1	1,33,81,24,0,0
3	5	40	81	14	29	1	1,36,42,2
3	6	7	10	3	5	2	1,3,3,3
5	5	46	229	390	733	1	1,40,128,58,2,0
5	5	41	221	123	227	1	1,35,120,62,3,0
4	6	26	40	9	44	1	1,21,18,0,0
5	5	58	499	786	1129	1	1,52,243,184,19,0
6	5	71	938	283	400	1	1,64,388,411,73,1,0
3	6	18	24	3	13	1	1,14,9,0
6	6	20	40	44	281	1	1,13,22,4,0,0,0
5	5	48	260	441	781	1	1,42,144,70,3,0
4	5	21	32	15	73	1	1,16,15,0,0
4	5	107	624	190	239	1	1,102,371,147,3
6	5	58	324	364	747	1	1,51,182,90,0,0,0
6	6	118	2826	1129	1330	1	1,111,935,1379,388,12,0
4	6	18	33	17	66	1	1,13,17,2,0
6	6	25	48	58	327	1	1,18,29,0,0,0,0
5	6	44	114	186	619	1	1,38,62,13,0,0
4	5	19	40	11	35	1	1,14,22,3,0
6	5	112	1856	1623	2051	1	1,105,724,848,175,3,0
4	5	25	43	22	85	1	1,20,22,0,0
5	5	62	561	882	1229	1	1,56,273,210,21,0
6	6	18	24	24	257	1	1,11,12,0,0,0,0
5	6	46	169	300	673	1	1,40,100,28,0,0
4	5	33	328	210	89	3	1,28,89,105,105
5	5	22	37	60	329	1	1,16,20,0,0,0
6	6	22	106	109	331	1	1,15,53,34,3,0,0
5	5	110	895	1479	1979	1	1,104,475,297,18,0
4	5	35	95	55	124	1	1,30,55,9,0
5	5	56	300	13	23	1	1,50,165,80,4,0
3	5	22	33	14	47	1	1,18,14,0
6	5	137	2628	1115	1346	1	1,130,972,1233,286,6,0
3	5	30	48	1	3	1	1,26,21,0
5	5	64	1723	4877	1083	2	1,58,297,451,458,458
4	5	22	45	23	80	1	1,17,23,4,0
5	5	63	276	489	931	1	1,57,163,55,0,0
5	5	75	480	813	1243	1	1,69,265,139,6,0
5	6	33	129	219	517	1	1,27,72,28,1,0
6	6	16	19	6	79	1	1,9,9,0,0,0,0
4	6	43	89	50	139	1	1,38,50,0,0
6	5	59	664	203	316	1	1,52,278,279,53,1,0
6	6	119	2236	633	775	1	1,112,829,1048,241,5,0
5	5	61	394	73	115	1	1,55,212,119,7,0
5	6	75	587	957	1361	1	1,69,304,198,15,0
5	5	67	596	945	1307	1	1,61,293,219,22,0
5	5	40	160	273	613	1	1,34,90,34,1,0
5	5	93	719	1191	1649	1	1,87,382,234,15,0
5	5	34	144	243	541	1	1,28,80,34,1,0
6	5	28	110	61	192	1	1,21,61,27,0,0,0
4	5	97	506	22	29	1	1,92,308,105,0
4	5	100	568	86	111	1	1,95,335,134,3
5	5	23	62	102	361	1	1,17,34,10,0,0
6	5	128	2828	2311	2738	1	1,121,976,1361,359,10,0
5	5	27	22	0	1	1	1,21,0,0,0,0
5	5	50	210	369	749	1	1,44,123,42,0,0
6	5	146	3558	2867	3298	1	1,139,1195,1731,477,15,0
6	6	37	162	178	489	1	1,30,89,42,0,0,0
5	5	70	405	46	75	1	1,64,225,110,5,0
4	5	65	243	49	80	1	1,60,147,35,0
6	7	19	27	28	267	1	1,12,14,0,0,0,0
5	5	61	344	196	327	1	1,55,192,92,4,0
4	6	16	29	1	4	1	1,11,15,2,0
6	5	28	110	17	55	1	1,21,59,28,1,0,0
6	6	44	241	266	587	1	1,37,133,70,0,0,0
5	5	127	1085	1797	2317	1	1,121,578,364,21,0
4	7	9	17	16	21	3	1,4,4,4,4
6	6	177	4689	3712	4197	1	1,170,1523,2308,666,21,0
5	6	23	39	63	341	1	1,17,21,0,0,0
6	5	60	662	607	956	1	1,53,277,277,53,1,0
6	5	123	2900	777	913	1	1,116,966,1404,399,14,0
6	7	16	46	47	249	1	1,9,23,12,1,0,0
5	5	729	19647	27645	28409	1	1,723,7323,9690,1892,18
6	5	97	1672	360	457	1	1,90,637,775,166,3,0
5	6	67	503	825	1201	1	1,61,263,166,12,0
5	5	79	246	516	1013	1	1,73,172,0,0,0
4	5	17	26	13	61	1	1,12,13,0,0
6	5	31	114	18	59	1	1,24,63,26,0,0,0
3	6	20	28	11	43	1	1,16,11,0
5	5	194	2819	476	533	1	1,188,1285,1202,143,0
6	6	76	896	825	1217	1	1,69,378,378,69,1,0
5	6	30	101	174	461	1	1,24,58,18,0,0
5	5	18	138	349	197	2	1,12,29,32,32,32
4	6	17	79	88	63	3	1,12,22,22,22
5	5	84	608	1017	1453	1	1,78,330,190,9,0
6	5	159	3740	3047	3507	1	1,152,1288,1816,471,12,0
4	5	53	188	113	195	1	1,48,113,26,0
5	5	114	830	476	641	1	1,108,476,245,0,0
4	5	36	108	63	131	1	1,31,63,13,0
4	5	33	94	9	20	1	1,28,54,11,0
5	5	193	3162	1567	1735	1	1,187,1360,1406,207,1
5	5	205	2749	4233	4801	1	1,199,1285,1138,126,0
6	6	31	649	2244	637	3	1,24,96,132,132,132,132
5	5	81	382	711	1175	1	1,75,237,69,0,0
6	6	70	731	350	537	1	1,63,330,297,40,0,0
5	5	60	439	711	1079	1	1,54,225,147,12,0
4	5	22	45	24	79	1	1,17,24,3,0
6	5	53	300	84	173	1	1,46,168,85,0,0,0
6	5	42	180	204	539	1	1,35,102,42,0,0,0
4	5	50	160	95	179	1	1,45,95,19,0
6	5	76	906	835	1222	1	1,69,383,383,69,1,0
5	5	32	104	183	481	1	1,26,61,16,0,0
5	5	30	80	27	89	1	1,24,45,10,0,0
5	5	34	165	92	187	1	1,28,90,44,2,0
4	5	54	199	40	67	1	1,49,120,29,0
4	5	28	63	5	14	1	1,23,35,4,0
5	6	23	76	126	373	1	1,17,42,16,0,0
6	6	30	116	65	202	1	1,23,65,27,0,0,0
3	5	19	26	10	41	1	1,15,10,0
3	5	31	56	27	67	1	1,27,27,1
4	6	16	21	9	58	1	1,11,9,0,0
5	5	26	283	738	313	2	1,20,58,68,68,68
5	5	70	463	111	169	1	1,64,252,139,7,0
6	6	30	136	152	413	1	1,23,76,36,0,0,0
5	5	112	1084	1734	2207	1	1,106,543,399,35,0
5	5	81	618	1014	1445	1	1,75,323,204,15,0
6	5	46	494	449	747	1	1,39,204,208,41,1,0
6	5	35	168	47	118	1	1,28,94,45,0,0,0
6	6	242	6300	1015	1126	1	1,235,2119,3083,837,25,0
6	5	130	2760	2276	2715	1	1,123,968,1318,340,10,0
6	5	117	2618	2124	2531	1	1,110,891,1264,342,10,0
5	5	248	4299	6360	6923	1	1,242,1834,1935,286,1
5	5	37	152	258	577	1	1,31,85,34,1,0
5	6	43	254	420	733	1	1,37,135,76,5,0
4	5	44	137	81	158	1	1,39,81,16,0
5	5	29	121	198	475	1	1,23,64,31,2,0
5	5	27	68	38	135	1	1,21,38,8,0,0
5	5	117	1266	1992	2449	1	1,111,616,490,48,0
4	5	17	22	9	61	1	1,12,9,0,0
6	5	92	738	407	621	1	1,85,407,245,0,0,0
3	5	22	39	19	49	1	1,18,19,1
5	5	30	88	150	451	1	1,24,50,13,0,0
4	5	36	72	20	59	1	1,31,40,0,0
4	5	16	72	40	29	3	1,11,20,20,20
4	6	24	40	10	41	1	1,19,20,0,0
4	5	24	36	8	41	1	1,19,16,0,0
5	6	22	50	81	341	1	1,16,27,6,0,0
6	6	42	434	131	227	1	1,35,178,182,37,1,0
5	5	63	317	558	967	1	1,57,186,73,0,0
5	5	110	1050	336	431	1	1,104,525,385,35,0
5	5	36	121	70	179	1	1,30,70,20,0,0
4	5	10	21	4	5	3	1,5,5,5,5
6	5	120	1140	13	18	1	1,113,611,415,0,0,0
4	5	25	52	7	22	1	1,20,28,3,0
5	5	60	295	522	917	1	1,54,174,66,0,0
6	5	140	3132	427	501	1	1,133,1081,1505,400,12,0
6	5	162	4786	742	827	1	1,155,1495,2392,720,23,0
4	5	19	34	17	69	1	1,14,17,2,0
6	7	28	3842	25955	1133	3	1,21,118,328,651,1087,1636
4	5	15	11	0	1	1	1,10,0,0,0
4	5	36	96	55	127	1	1,31,55,9,0
6	6	23	107	109	341	1	1,16,53,34,3,0,0
3	6	26	38	3	11	1	1,22,15,0
6	6	20	57	6	29	1	1,13,30,13,0,0,0
5	5	41	217	363	677	1	1,35,118,60,3,0
5	5	50	240	411	781	1	1,44,135,58,2,0
5	5	41	145	252	607	1	1,35,84,25,0,0
5	6	58	318	185	307	1	1,52,185,80,0,0
4	6	8	13	12	17	3	1,3,3,3,3
6	6	33	111	128	427	1	1,26,64,20,0,0,0
4	5	44	136	81	157	1	1,39,81,15,0
4	5	36	118	23	45	1	1,31,69,17,0
6	5	22	58	64	307	1	1,15,32,10,0,0,0
4	5	21	43	23	76	1	1,16,23,3,0
6	5	43	202	230	557	1	1,36,115,50,0,0,0
5	5	32	137	26	57	1	1,26,77,32,1,0
3	5	40	87	47	89	1	1,36,47,3
6	7	16	36	19	122	1	1,9,19,7,0,0,0
3	5	34	63	31	73	1	1,30,31,1
4	5	17	20	7	61	1	1,12,7,0,0
5	5	27	80	27	83	1	1,21,45,13,0,0
6	5	71	484	4	7	1	1,64,268,151,0,0,0
6	5	220	5658	2276	2547	1	1,213,1907,2781,738,18,0
4	5	32	74	39	113	1	1,27,39,7,0
5	5	133	1234	2022	2525	1	1,127,647,432,27,0
4	5	20	29	13	70	1	1,15,13,0,0
5	7	18	109	24	17	4	1,12,24,24,24,24
5	5	169	2076	3234	3761	1	1,163,996,834,82,0
5	7	51	221	399	761	1	1,45,133,42,0,0
4	5	132	832	101	123	1	1,127,490,209,5
6	5	120	2086	1811	2246	1	1,113,805,963,201,3,0
5	5	138	956	129	173	1	1,132,559,264,0,0
4	5	23	35	16	79	1	1,18,16,0,0
6	5	36	170	95	241	1	1,29,95,45,0,0,0
6	5	40	182	103	261	1	1,33,103,45,0,0,0
4	5	28	74	7	17	1	1,23,42,8,0
6	7	33	194	202	471	1	1,26,99,64,4,0,0
4	7	9	35	49	24	3	1,4,7,10,13
5	5	75	628	337	469	1	1,69,319,221,18,0
4	5	79	328	2	3	1	1,74,200,53,0
6	5	115	2620	2105	2516	1	1,108,869,1261,367,14,0
5	5	77	801	415	539	1	1,71,380,314,35,0
5	6	58	413	672	1033	1	1,52,214,136,10,0
4	5	18	113	136	75	3	1,13,31,34,34
4	5	100	562	57	73	1	1,95,336,128,2
5	6	53	143	285	701	1	1,47,95,0,0,0
5	5	48	249	48	85	1	1,42,144,62,0,0
5	5	18	13	0	1	1	1,12,0,0,0,0
6	7	53	1393	4862	1227	3	1,46,202,286,286,286,286
6	6	168	4743	1235	1386	1	1,161,1502,2355,701,23,0
6	6	21	56	58	299	1	1,14,29,12,0,0,0
6	5	70	478	269	461	1	1,63,269,145,0,0,0
5	5	30	85	144	449	1	1,24,48,12,0,0
5	5	37	144	252	565	1	1,31,84,28,0,0
3	6	14	11	0	1	1	1,10,0,0
5	5	222	3742	1851	2029	1	1,216,1607,1673,244,1
6	5	58	344	193	378	1	1,51,193,99,0,0,0
6	5	54	296	167	349	1	1,47,167,81,0,0,0
5	5	43	230	384	709	1	1,37,125,64,3,0
6	5	174	1886	1984	2543	1	1,167,992,726,0,0,0
4	5	31	69	38	107	1	1,26,38,4,0
6	5	187	4740	761	861	1	1,180,1586,2322,633,18,0
4	5	22	37	1	4	1	1,17,19,0,0
5	6	35	172	279	583	1	1,29,90,49,3,0
5	5	143	1735	2691	3181	1	1,137,822,700,75,0
5	7	31	115	66	161	1	1,25,66,23,0,0
5	6	40	204	345	653	1	1,34,115,54,0,0
6	5	116	2272	1908	2323	1	1,109,826,1074,256,6,0
5	5	24	72	120	379	1	1,18,40,13,0,0
6	6	13	37	54	61	5	1,6,6,6,6,6,6
6	5	88	1448	1251	1627	1	1,81,552,664,147,3,0
5	5	60	280	99	181	1	1,54,165,60,0,0
6	5	48	220	256	607	1	1,41,128,50,0,0,0
6	5	195	5378	4252	4735	1	1,188,1749,2664,754,22,0
5	6	55	256	453	835	1	1,49,151,55,0,0
5	6	39	190	63	127	1	1,33,102,51,3,0
3	5	13	10	0	1	1	1,9,0,0
6	5	128	3242	2575	2976	1	1,121,1060,1591,455,14,0
4	6	31	62	35	103	1	1,26,35,0,0
4	5	28	64	35	99	1	1,23,35,5,0
5	5	142	1743	2700	3181	1	1,136,825,706,75,0
4	5	28	68	19	50	1	1,23,38,6,0
4	5	10	24	12	13	3	1,5,6,6,6
5	5	165	1970	3072	3617	1	1,159,942,786,82,0
6	6	177	4054	3331	3831	1	1,170,1420,1960,491,12,0
5	6	53	239	47	89	1	1,47,141,50,0,0
5	6	73	577	315	443	1	1,67,300,194,15,0
6	6	77	976	19	27	1	1,70,409,420,75,1,0
3	5	16	13	0	1	1	1,12,0,0
6	5	168	4702	1229	1378	1	1,161,1502,2333,683,22,0
6	6	114	1844	817	1030	1	1,107,741,843,152,0,0
5	5	24	44	75	353	1	1,18,25,0,0,0
6	6	64	612	55	87	1	1,57,291,240,23,0,0
6	7	45	232	86	197	1	1,38,129,64,0,0,0
6	5	159	1876	481	607	1	1,152,962,761,0,0,0
5	5	28	373	142	51	2	1,22,74,92,92,92
6	5	114	2142	1810	2233	1	1,107,786,1004,238,6,0
6	6	32	302	271	525	1	1,25,122,126,27,1,0
6	6	14	178	212	51	3	1,7,16,25,34,43,52
5	5	60	360	201	331	1	1,54,195,104,6,0
5	5	56	333	558	929	1	1,50,181,96,5,0
5	6	24	78	129	385	1	1,18,43,16,0,0
5	5	74	637	1017	1411	1	1,68,318,229,21,0
6	7	14	63	99	86	5	1,7,11,11,11,11,11
6	5	29	130	142	403	1	1,22,71,36,0,0,0
5	5	47	320	519	839	1	1,41,166,105,7,0
4	5	30	64	35	103	1	1,25,35,3,0
5	5	29	95	33	89	1	1,23,55,16,0,0
5	5	94	642	1107	1561	1	1,88,369,184,0,0
6	5	54	352	379	729	1	1,47,187,112,5,0,0
5	6	13	36	7	8	4	1,7,7,7,7,7
6	5	149	2828	2404	2905	1	1,142,1050,1324,304,7,0
4	6	14	55	60	47	3	1,9,15,15,15
3	5	25	44	21	55	1	1,21,21,1
6	6	21	160	493	317	3	1,14,29,29,29,29,29
6	6	75	1014	924	1273	1	1,68,425,446,74,0,0
4	5	30	53	27	100	1	1,25,27,0,0
5	5	260	3383	5271	5927	1	1,254,1617,1371,140,0
6	6	86	1213	1097	1476	1	1,79,503,539,91,0,0
6	6	30	111	126	401	1	1,23,63,24,0,0,0
5	None	None	243	142	279	1	1,50,141,50,1,0
5	None	22	37	72	281	1	1,12,24,0,0,0
5	None	23	88	138	349	1	1,13,46,28,0,0
5	None	46	2154	257	104	4	1,36,341,900,724,152
5	None	71	2304	350	327	4	1,61,529,1076,574,63
5	None	88	5648	2572	1051	4	1,78,892,2449,1884,344
5	None	103	22104	2969	293	4	1,93,1569,6836,9396,4209
5	None	126	17761	11468	1997	4	1,115,1764,6569,7156,2156
5	None	147	46665	7753	622	4	1,136,2835,14011,20599,9083
5	None	49	1068	507	619	1	1,39,282,500,225,21
5	None	71	4439	1991	829	4	1,61,704,1942,1471,260
5	None	89	12734	8569	1366	4	1,79,1205,4578,5173,1698
5	None	103	5472	2087	1216	4	1,93,1027,2505,1605,241
5	None	126	15560	8407	2075	4	1,116,1840,6432,5935,1236
5	None	147	21959	6875	1267	4	1,137,2257,8338,8702,2524
5	None	50	2176	497	222	4	1,39,363,921,710,142
5	None	74	4556	2329	796	4	1,63,667,1867,1587,371
5	None	89	4481	1717	997	4	1,79,836,2044,1325,196
5	None	105	6455	827	446	4	1,95,1145,2993,1961,260
5	None	128	40262	17436	1279	4	1,117,2321,11519,17736,8568
5	None	148	60320	27269	1664	4	1,137,3051,16403,26918,13810
5	None	26	521	1484	345	2	1,16,84,140,140,140
5	None	50	2286	512	231	4	1,39,381,983,740,142
5	None	74	4666	2343	817	4	1,63,688,1936,1613,365
5	None	90	19750	15987	1505	4	1,79,1344,6056,8553,3717
5	None	106	9646	185	52	4	1,95,1263,3944,3506,837
5	None	128	27046	10556	1109	4	1,117,1981,8601,11580,4766
5	None	149	32920	25029	2774	4	1,138,2495,10770,14003,5513
5	None	26	47	90	329	1	1,16,30,0,0,0
5	None	50	370	38	59	1	1,39,190,140,0,0
5	None	74	5289	2778	865	4	1,64,734,2160,1882,448
5	None	91	4160	1455	1001	4	1,81,836,1933,1163,146
5	None	128	3510	1267	1215	2	1,117,1267,2125,0,0
5	None	150	33140	1257	140	4	1,139,2519,10867,14088,5526
5	None	27	105	168	403	1	1,17,56,31,0,0
5	None	50	1381	786	163	2	1,40,230,370,370,370
5	None	75	2738	71	62	4	1,65,611,1287,696,78
5	None	91	7337	268	85	4	1,81,1025,3062,2584,584
5	None	129	8716	1739	866	4	1,119,1491,4006,2720,379
5	None	150	33240	5034	563	4	1,139,2534,10922,14118,5526
5	None	28	561	1592	375	2	1,18,92,150,150,150
5	None	52	1002	483	601	1	1,42,273,455,210,21
5	None	76	3721	1504	809	4	1,66,674,1662,1132,186
5	None	92	18549	7401	757	4	1,82,1347,5786,7864,3469
5	None	106	19017	7335	848	4	1,96,1501,6114,7940,3365
5	None	131	28126	10781	1178	4	1,120,2113,9122,11978,4792
5	None	28	402	195	263	1	1,18,113,182,82,6
5	None	53	1266	599	703	1	1,43,334,602,265,21
5	None	76	4593	13696	2015	2	1,66,596,1310,1310,1310
5	None	92	10408	6615	1277	4	1,82,1110,3866,4083,1266
5	None	107	5403	1942	1245	4	1,97,1048,2511,1550,196
5	None	30	183	267	523	1	1,20,89,73,0,0
5	None	55	2456	1055	519	4	1,44,428,1070,771,142
5	None	77	2744	213	188	4	1,67,615,1287,696,78
5	None	92	9205	5511	1234	4	1,82,1067,3540,3519,996
5	None	108	8886	2149	733	4	1,98,1267,3810,3122,588
5	None	132	36886	31763	2475	4	1,121,2230,10622,16061,7851
5	None	31	192	96	179	1	1,21,96,74,0,0
5	None	31	429	207	283	1	1,21,125,194,82,6
5	None	32	72	147	401	1	1,22,49,0,0,0
5	None	57	1986	644	523	4	1,47,426,928,524,60
5	None	78	2814	27	23	4	1,68,620,1315,729,81
5	None	94	6797	3147	1202	4	1,84,1031,2954,2307,420
5	None	33	500	16	21	1	1,23,147,230,93,6
5	None	57	1363	1923	2209	1	1,47,376,658,265,16
5	None	78	5765	1411	481	4	1,68,823,2447,2030,396
5	None	94	12556	8325	1403	4	1,84,1232,4550,5053,1636
5	None	111	9836	5214	1519	4	1,100,1316,4042,3540,837
5	None	34	517	19	25	1	1,24,154,239,93,6
5	None	60	1611	2304	2681	1	1,50,408,756,360,36
5	None	78	3045	937	802	4	1,68,663,1454,781,78
5	None	94	1396	1854	2531	1	1,84,618,693,0,0
5	None	35	556	795	1027	1	1,25,165,259,100,6
5	None	60	2131	229	187	4	1,50,458,998,561,63
5	None	79	6606	3652	977	4	1,68,838,2648,2450,601
5	None	95	9051	2662	623	4	1,84,1075,3513,3432,946
5	None	114	23482	18129	1973	4	1,103,1764,7556,9987,4071
5	None	142	41826	35693	2804	4	1,131,2539,12193,18231,8731
5	None	36	534	256	337	1	1,26,163,245,93,6
5	None	62	2226	713	584	4	1,52,477,1046,587,63
5	None	79	4929	2207	927	4	1,69,786,2154,1631,288
5	None	96	25480	4465	333	4	1,85,1492,7168,11143,5591
5	None	37	567	813	1057	1	1,27,171,262,100,6
5	None	64	4266	163	49	4	1,53,577,1724,1540,371
5	None	38	540	52	69	1	1,28,167,245,93,6
5	None	64	4713	2627	722	4	1,54,611,1868,1731,448
5	None	80	7290	979	266	4	1,70,921,2982,2716,600
5	None	97	7346	3791	1209	4	1,86,1034,3035,2589,601
5	None	115	10103	547	181	4	1,105,1416,4334,3571,676
5	None	142	12144	239	81	4	1,132,1758,5168,4195,890
5	None	39	831	237	265	4	1,29,204,381,195,21
5	None	64	2060	161	144	4	1,54,465,956,524,60
5	None	80	4747	14126	2095	2	1,70,626,1350,1350,1350
5	None	97	11084	6880	1391	4	1,87,1214,4188,4308,1286
5	None	39	816	237	262	4	1,29,201,369,195,21
5	None	64	3417	10152	1555	2	1,54,452,970,970,970
5	None	82	5633	3380	477	2	1,72,700,1620,1620,1620
5	None	98	7383	3752	1233	4	1,88,1054,3072,2584,584
5	None	118	16252	5119	948	4	1,108,1677,6124,6446,1896
5	None	143	12452	3035	1019	4	1,133,1769,5323,4382,844
5	None	40	671	954	1201	1	1,30,204,316,114,6
5	None	65	4496	781	245	4	1,54,624,1845,1601,371
5	None	82	4861	4816	715	2	1,72,648,1380,1380,1380
5	None	98	19491	15446	1621	4	1,88,1442,6119,8236,3605
5	None	118	18477	12555	1943	4	1,108,1724,6607,7519,2518
5	None	144	42082	35257	2903	4	1,134,2632,12540,18293,8482
5	None	40	512	747	1021	1	1,30,162,226,87,6
5	None	66	4787	2539	770	4	1,56,655,1950,1711,414
5	None	84	16106	12884	1305	4	1,73,1156,4988,6892,2996
5	None	40	1568	4617	785	2	1,30,217,440,440,440
5	None	66	2095	1	1	4	1,56,492,990,505,51
5	None	84	3456	1133	882	4	1,74,731,1623,921,106
5	None	99	4737	876	551	4	1,89,921,2170,1360,196
5	None	119	37838	32957	2362	4	1,108,2143,10750,16715,8121
5	None	145	22626	2392	417	4	1,134,2231,8514,9140,2606
5	None	42	969	6	7	4	1,32,241,452,222,21
5	None	67	2086	600	613	4	1,57,496,983,498,51
5	None	86	1380	574	795	2	1,75,574,730,0,0
5	None	43	692	990	1249	1	1,33,216,322,114,6
5	None	68	4606	1187	381	4	1,57,645,1900,1632,371
5	None	86	3594	139	99	4	1,76,736,1658,995,128
5	None	100	9176	731	190	4	1,89,1149,3671,3415,851
5	None	122	10506	1363	417	4	1,112,1441,4356,3740,856
5	None	44	1231	415	339	4	1,34,268,555,331,42
5	None	68	3349	1420	699	4	1,58,580,1470,1060,180
5	None	86	4425	1717	966	4	1,76,811,2016,1325,196
5	None	100	7128	3217	1288	4	1,90,1105,3136,2375,421
5	None	123	13329	3842	903	4	1,113,1577,5265,5062,1311
5	None	146	19379	11847	2389	4	1,136,2114,7441,7527,2160
5	None	44	2525	1308	427	4	1,34,356,1030,900,204
5	None	68	883	396	563	1	1,58,396,428,0,0
5	None	87	7086	1262	367	4	1,76,946,2888,2564,611
5	None	100	5309	1942	1187	4	1,90,1004,2468,1550,196
5	None	124	26084	19993	2199	4	1,113,1970,8458,11091,4451
5	None	146	19752	10901	2531	4	1,136,2256,8090,7637,1632
5	None	45	623	903	1189	1	1,35,201,280,100,6
5	None	68	3534	419	65	2	1,58,475,1000,1000,1000
5	None	88	7116	289	86	4	1,77,961,2921,2555,601
5	None	101	22172	17711	1729	4	1,90,1546,6895,9569,4071
5	None	124	12176	2201	598	4	1,113,1565,4967,4457,1073
5	None	146	48345	18534	833	4	1,136,2224,9623,17120,19241
5	None	46	350	534	829	1	1,35,178,136,0,0
5	None	69	4626	1172	393	4	1,58,667,1921,1614,365
5	None	88	6727	644	227	4	1,78,976,2893,2338,441
5	None	101	9193	4682	1411	4	1,91,1226,3865,3338,672
4	None	124	12710	5483	489	3	1,113,1612,5510,5474
5	None	147	33090	12568	1387	4	1,136,2499,10844,14084,5526
4	None	46	700	332	169	3	1,36,225,325,113
5	None	69	3957	855	389	4	1,59,657,1746,1278,216
5	None	88	4117	1577	944	4	1,78,785,1862,1205,186
4	None	103	8639	14270	1501	3	1,92,1220,3854,3472
5	None	124	36023	41182	1957	4	1,114,1726,7236,12710,14236
5	None	132	36752	10383	836	4	1,121,2263,10767,16051,7549
5	None	56	2754	8167	1285	2	1,46,367,780,780,780
4	None	77	3920	2861	462	3	1,67,718,1840,1294
5	None	93	11071	183	34	4	1,83,1157,4078,4367,1385
5	None	108	12645	7207	1676	4	1,98,1477,5060,4811,1198
5	None	133	16874	788	161	4	1,123,1844,6495,6578,1833
5	None	57	1873	622	505	4	1,47,408,861,490,66
5	None	77	17099	19187	1034	4	1,67,897,3543,5995,6596
5	None	94	7276	3817	1172	4	1,83,1003,2983,2595,611
5	None	110	9666	647	185	4	1,99,1279,3948,3502,837
5	None	134	37036	31811	2505	4	1,123,2256,10696,16109,7851
5	None	110	9686	185	53	4	1,99,1283,3960,3506,837
5	None	134	15733	8765	2139	4	1,124,1888,6380,5915,1425
5	None	136	31740	24696	2539	4	1,125,2286,10158,13644,5526
5	None	114	31998	27633	2108	4	1,103,1899,9169,14019,6807
5	None	140	37212	1079	90	4	1,129,2349,10991,16193,7549
4	None	115	9039	14678	1653	3	1,104,1336,4058,3540
5	None	142	22184	7158	1219	4	1,132,2171,8252,8940,2688
5	None	80	1330	542	735	2	1,69,542,718,0,0
5	None	97	22172	8887	847	4	1,86,1519,6876,9606,4084
4	None	115	20683	40327	2134	3	1,104,1817,7978,10783
5	None	142	19947	11776	2441	4	1,132,2174,7866,7772,2002
4	None	38	568	565	263	3	1,28,174,265,100
5	None	64	4090	998	357	4	1,54,603,1724,1420,288
5	None	97	11552	463	107	4	1,87,1321,4664,4476,1003
5	None	116	23502	18129	1987	4	1,105,1774,7564,9987,4071
5	None	142	38208	31179	2797	4	1,132,2530,11708,16495,7342
5	None	118	23312	18022	1979	4	1,107,1762,7478,9906,4058
5	None	143	19201	11739	2336	4	1,132,2069,7381,7497,2121
4	None	99	4541	6250	1193	3	1,89,921,2170,1360
5	None	118	8595	3797	1579	4	1,108,1360,3815,2825,486
5	None	144	32354	12787	1310	4	1,134,2349,10208,13750,5912
5	None	42	330	27	47	1	1,31,153,145,0,0
5	None	67	4476	2311	748	4	1,56,633,1840,1581,365
5	None	85	7369	3830	1123	4	1,75,970,3061,2694,568
5	None	99	6572	2697	1274	4	1,89,1093,2992,2097,300
5	None	120	14136	2860	597	4	1,109,1570,5427,5478,1551
5	None	146	18636	11105	2329	4	1,135,2056,7260,7263,1921
5	None	99	5240	2052	1141	4	1,89,960,2379,1570,241
5	None	120	32835	27392	2309	4	1,110,2086,9824,14236,6578
4	None	146	17120	14945	1249	3	1,135,2088,7399,7497
5	None	35	557	265	343	1	1,25,161,260,104,6
5	None	30	466	224	293	1	1,20,131,215,93,6
7	None	50	3267	7997	9865	1	1,40,429,1282,1189,312,14,0
7	None	55	1961	5682	7681	1	1,45,408,913,534,60,0,0
8	None	33	500	1242	2933	1	1,23,147,230,93,6,0,0,0
7	None	57	2025	5881	7933	1	1,47,424,946,547,60,0,0
7	None	52	1917	5482	7417	1	1,42,388,892,534,60,0,0
7	None	74	4032	1203	1441	1	1,64,708,1850,1249,160,0,0
6	None	22	60	68	307	1	1,15,34,10,0,0,0
6	None	23	78	86	325	1	1,16,43,18,0,0,0
6	None	24	60	35	162	1	1,17,35,7,0,0,0
6	None	24	98	103	345	1	1,17,51,28,1,0,0
6	None	25	102	56	177	1	1,18,56,27,0,0,0
6	None	24	98	53	172	1	1,17,53,27,0,0,0
6	None	25	104	58	177	1	1,18,58,27,0,0,0
6	None	26	98	104	363	1	1,19,52,26,0,0,0
6	None	27	108	39	125	1	1,20,58,28,1,0,0
6	None	27	146	25	66	1	1,20,74,49,2,0,0
6	None	27	108	60	187	1	1,20,60,27,0,0,0
6	None	28	108	120	383	1	1,21,60,26,0,0,0
6	None	28	112	21	64	1	1,21,63,27,0,0,0
6	None	29	128	138	403	1	1,22,69,36,0,0,0
6	None	29	134	150	403	1	1,22,75,36,0,0,0
6	None	29	114	25	79	1	1,22,62,28,1,0,0
6	None	29	112	62	197	1	1,22,62,27,0,0,0
6	None	30	254	229	482	1	1,23,103,103,23,1,0
6	None	30	278	83	165	1	1,23,112,116,25,1,0
6	None	31	278	251	503	1	1,24,113,114,25,1,0
6	None	31	132	146	421	1	1,24,73,34,0,0,0
6	None	31	156	170	433	1	1,24,85,46,0,0,0
6	None	32	120	67	212	1	1,25,67,27,0,0,0
6	None	32	156	5	13	1	1,25,85,45,0,0,0
6	None	32	274	247	510	1	1,25,111,111,25,1,0
6	None	32	284	257	515	1	1,25,116,116,25,1,0
6	None	32	270	243	508	1	1,25,109,109,25,1,0
6	None	32	140	156	433	1	1,25,78,36,0,0,0
6	None	32	160	176	443	1	1,25,88,46,0,0,0
6	None	33	156	42	113	1	1,26,84,45,0,0,0
6	None	33	162	45	113	1	1,26,90,45,0,0,0
6	None	33	298	269	531	1	1,26,121,122,27,1,0
6	None	34	304	275	543	1	1,27,124,124,27,1,0
6	None	34	326	293	555	1	1,27,132,136,29,1,0
6	None	34	162	89	231	1	1,27,89,45,0,0,0
6	None	34	166	31	77	1	1,27,93,45,0,0,0
6	None	34	306	277	544	1	1,27,125,125,27,1,0
6	None	34	330	297	557	1	1,27,134,138,29,1,0
6	None	34	328	99	185	1	1,27,134,136,29,1,0
6	None	34	334	7	13	1	1,27,136,140,29,1,0
6	None	35	326	295	563	1	1,28,133,134,29,1,0
6	None	35	172	93	238	1	1,28,92,49,2,0,0
6	None	35	350	35	64	1	1,28,142,147,31,1,0
6	None	35	332	301	566	1	1,28,136,137,29,1,0
6	None	35	164	45	118	1	1,28,90,45,0,0,0
6	None	35	354	317	579	1	1,28,143,150,31,1,0
6	None	36	324	293	571	1	1,29,132,132,29,1,0
6	None	36	100	59	224	1	1,29,59,11,0,0,0
6	None	36	326	295	572	1	1,29,133,133,29,1,0
6	None	36	350	7	13	1	1,29,142,146,31,1,0
6	None	37	376	339	607	1	1,30,153,158,33,1,0
6	None	37	350	317	593	1	1,30,143,144,31,1,0
6	None	37	370	331	605	1	1,30,149,156,33,1,0
6	None	37	382	69	122	1	1,30,156,161,33,1,0
6	None	37	378	341	608	1	1,30,154,159,33,1,0
6	None	38	358	325	606	1	1,31,147,147,31,1,0
6	None	38	376	341	615	1	1,31,154,156,33,1,0
6	None	38	346	313	600	1	1,31,141,141,31,1,0
6	None	38	356	323	605	1	1,31,146,146,31,1,0
6	None	38	400	17	30	1	1,31,161,171,35,1,0
6	None	38	378	341	617	1	1,31,154,158,33,1,0
6	None	39	376	341	624	1	1,32,154,155,33,1,0
6	None	38	384	347	620	1	1,31,157,161,33,1,0
6	None	38	176	99	251	1	1,31,99,45,0,0,0
6	None	39	404	363	640	1	1,32,164,171,35,1,0
6	None	39	404	365	639	1	1,32,165,170,35,1,0
6	None	39	406	367	640	1	1,32,166,171,35,1,0
6	None	40	378	343	634	1	1,33,155,155,33,1,0
6	None	40	200	224	531	1	1,33,112,54,0,0,0
6	None	40	372	337	631	1	1,33,152,152,33,1,0
6	None	40	404	365	648	1	1,33,165,169,35,1,0
6	None	40	404	367	647	1	1,33,166,168,35,1,0
6	None	40	406	367	649	1	1,33,166,170,35,1,0
6	None	40	392	357	641	1	1,33,162,162,33,1,0
6	None	41	406	41	73	1	1,34,167,168,35,1,0
6	None	41	422	379	667	1	1,34,171,178,37,1,0
6	None	41	428	77	134	1	1,34,174,181,37,1,0
6	None	41	218	238	551	1	1,34,119,64,0,0,0
6	None	41	264	282	575	1	1,34,141,88,0,0,0
6	None	41	434	131	224	1	1,34,178,183,37,1,0
6	None	41	430	389	670	1	1,34,176,181,37,1,0
6	None	42	432	23	40	1	1,35,177,181,37,1,0
6	None	42	436	395	682	1	1,35,179,183,37,1,0
6	None	42	458	411	695	1	1,35,186,196,39,1,0
6	None	42	222	123	280	1	1,35,123,63,0,0,0
6	None	42	226	125	281	1	1,35,125,65,0,0,0
6	None	42	454	409	692	1	1,35,185,193,39,1,0
6	None	42	518	445	729	1	1,35,192,226,61,3,0
6	None	43	464	421	705	1	1,36,191,196,39,1,0
6	None	43	228	128	285	1	1,36,128,63,0,0,0
6	None	43	130	26	87	1	1,36,78,15,0,0,0
6	None	43	480	431	715	1	1,36,195,206,41,1,0
6	None	43	462	139	235	1	1,36,189,196,39,1,0
6	None	43	474	423	713	1	1,36,191,204,41,1,0
6	None	43	224	124	285	1	1,36,124,63,0,0,0
6	None	43	452	409	699	1	1,36,185,190,39,1,0
6	None	44	462	419	713	1	1,37,190,194,39,1,0
6	None	44	436	397	699	1	1,37,180,180,37,1,0
6	None	44	486	437	727	1	1,37,198,208,41,1,0
6	None	44	480	433	723	1	1,37,196,204,41,1,0
6	None	44	230	129	290	1	1,37,129,63,0,0,0
6	None	44	632	531	811	1	1,37,228,288,75,3,0
6	None	44	446	405	704	1	1,37,183,185,39,1,0
6	None	44	226	25	58	1	1,37,125,63,0,0,0
6	None	44	444	405	703	1	1,37,184,184,37,1,0
6	None	44	232	131	290	1	1,37,131,63,0,0,0
6	None	44	236	268	581	1	1,37,134,64,0,0,0
6	None	44	484	437	725	1	1,37,198,206,41,1,0
6	None	45	246	270	599	1	1,38,135,72,0,0,0
6	None	45	486	439	735	1	1,38,199,206,41,1,0
6	None	45	482	435	733	1	1,38,197,204,41,1,0
6	None	45	490	443	737	1	1,38,201,208,41,1,0
6	None	45	492	447	737	1	1,38,203,208,41,1,0
6	None	46	240	272	601	1	1,39,136,64,0,0,0
6	None	46	450	409	724	1	1,39,185,185,39,1,0
6	None	46	562	485	787	1	1,39,210,244,65,3,0
6	None	46	660	557	843	1	1,39,240,300,77,3,0
6	None	46	510	461	756	1	1,39,209,217,43,1,0
6	None	47	538	97	156	1	1,40,220,231,45,1,0
6	None	46	628	535	824	1	1,39,231,281,73,3,0
6	None	46	508	459	755	1	1,39,208,216,43,1,0
6	None	47	624	536	829	1	1,40,232,276,72,3,0
6	None	47	498	455	757	1	1,40,207,208,41,1,0
6	None	47	678	287	430	1	1,40,247,307,80,3,0
6	None	47	508	461	763	1	1,40,209,214,43,1,0
6	None	48	706	597	884	1	1,41,257,321,83,3,0
6	None	48	478	145	252	1	1,41,197,197,41,1,0
6	None	48	682	577	872	1	1,41,249,309,79,3,0
6	None	48	688	581	874	1	1,41,249,311,83,3,0
6	None	48	282	312	641	1	1,41,156,84,0,0,0
6	None	48	260	292	629	1	1,41,146,72,0,0,0
6	None	48	308	336	655	1	1,41,168,98,0,0,0
6	None	48	728	609	898	1	1,41,261,335,87,3,0
6	None	48	286	320	641	1	1,41,160,84,0,0,0
6	None	48	558	501	800	1	1,41,227,241,47,1,0
6	None	49	566	73	116	1	1,42,232,243,47,1,0
6	None	49	706	150	223	1	1,42,259,319,82,3,0
6	None	49	726	153	226	1	1,42,263,331,86,3,0
6	None	49	276	38	81	1	1,42,152,81,0,0,0
6	None	50	548	499	810	1	1,43,227,231,45,1,0
6	None	50	756	127	186	1	1,43,273,347,89,3,0
6	None	50	546	497	809	1	1,43,226,230,45,1,0
6	None	50	290	161	331	1	1,43,161,85,0,0,0
6	None	50	608	527	846	1	1,43,229,263,69,3,0
6	None	50	716	607	908	1	1,43,263,325,81,3,0
6	None	50	716	613	905	1	1,43,266,322,81,3,0
6	None	50	660	189	292	1	1,43,247,293,73,3,0
6	None	50	316	116	225	1	1,43,174,98,0,0,0
6	None	50	732	207	305	1	1,43,268,332,85,3,0
6	None	50	680	583	886	1	1,43,253,303,77,3,0
6	None	50	734	623	916	1	1,43,269,333,85,3,0
6	None	50	552	503	812	1	1,43,229,233,45,1,0
6	None	50	290	324	661	1	1,43,162,84,0,0,0
6	None	50	782	655	944	1	1,43,281,361,93,3,0
6	None	51	550	503	819	1	1,44,229,230,45,1,0
6	None	50	760	639	932	1	1,43,275,349,89,3,0
6	None	51	340	31	58	1	1,44,186,109,0,0,0
6	None	51	552	101	164	1	1,44,230,231,45,1,0
6	None	51	758	641	939	1	1,44,277,346,87,3,0
6	None	52	586	531	848	1	1,45,241,249,49,1,0
6	None	51	796	111	160	1	1,44,285,367,96,3,0
6	None	52	634	551	877	1	1,45,240,274,71,3,0
6	None	52	784	661	962	1	1,45,285,359,91,3,0
6	None	52	730	313	465	1	1,45,272,327,82,3,0
6	None	52	764	651	949	1	1,45,282,346,87,3,0
6	None	52	780	659	960	1	1,45,285,357,89,3,0
6	None	52	822	85	123	1	1,45,285,375,110,6,0
6	None	52	292	55	113	1	1,45,165,81,0,0,0
6	None	52	788	667	964	1	1,45,289,361,89,3,0
6	None	53	616	559	872	1	1,46,254,263,51,1,0
6	None	53	622	563	876	1	1,46,256,267,51,1,0
6	None	53	600	545	864	1	1,46,248,255,49,1,0
6	None	54	832	234	335	1	1,47,303,382,96,3,0
6	None	54	606	79	125	1	1,47,252,256,49,1,0
6	None	54	612	559	878	1	1,47,255,259,49,1,0
6	None	54	644	583	896	1	1,47,265,277,53,1,0
6	None	55	836	708	1015	1	1,48,306,382,96,3,0
6	None	55	364	33	62	1	1,48,198,117,0,0,0
6	None	55	330	182	363	1	1,48,182,99,0,0,0
6	None	55	884	41	58	1	1,48,317,411,104,3,0
6	None	56	676	613	930	1	1,49,279,291,55,1,0
6	None	56	350	195	371	1	1,49,195,105,0,0,0
6	None	56	320	360	727	1	1,49,180,90,0,0,0
6	None	56	372	205	377	1	1,49,205,117,0,0,0
6	None	56	638	583	909	1	1,49,266,270,51,1,0
6	None	56	1004	820	1119	1	1,49,342,470,136,6,0
6	None	56	834	709	1023	1	1,49,308,380,93,3,0
6	None	57	656	597	928	1	1,50,272,279,53,1,0
6	None	57	660	601	930	1	1,50,274,281,53,1,0
6	None	57	748	650	981	1	1,50,284,328,82,3,0
6	None	57	888	752	1061	1	1,50,326,408,100,3,0
6	None	57	1028	835	1142	1	1,50,347,483,141,6,0
6	None	57	1038	843	1148	1	1,50,351,489,141,6,0
6	None	57	1056	855	1157	1	1,50,354,498,147,6,0
6	None	57	334	184	373	1	1,50,184,99,0,0,0
6	None	57	968	799	1106	1	1,50,335,447,129,6,0
6	None	57	782	677	1000	1	1,50,296,347,85,3,0
6	None	58	390	424	783	1	1,51,212,126,0,0,0
6	None	58	916	775	1084	1	1,51,335,421,105,3,0
6	None	58	372	207	385	1	1,51,207,113,0,0,0
6	None	58	656	599	936	1	1,51,273,277,53,1,0
6	None	58	914	771	1084	1	1,51,333,421,105,3,0
6	None	58	1030	422	575	1	1,51,353,481,138,6,0
6	None	58	1010	69	95	1	1,51,347,471,134,6,0
6	None	58	392	428	783	1	1,51,214,126,0,0,0
6	None	58	702	637	961	1	1,51,290,302,57,1,0
6	None	58	908	765	1081	1	1,51,330,418,105,3,0
6	None	59	400	34	61	1	1,52,221,126,0,0,0
6	None	59	1088	885	1192	1	1,52,369,513,147,6,0
6	None	58	1032	846	1151	1	1,51,354,482,138,6,0
6	None	59	1054	859	1173	1	1,52,358,494,143,6,0
6	None	60	402	223	401	1	1,53,223,125,0,0,0
6	None	59	1054	863	1172	1	1,52,361,493,141,6,0
6	None	60	1112	452	607	1	1,53,377,525,150,6,0
6	None	59	866	745	1063	1	1,52,325,390,95,3,0
6	None	60	798	696	1033	1	1,53,305,350,86,3,0
6	None	60	714	217	328	1	1,53,297,305,57,1,0
6	None	60	1104	898	1209	1	1,53,374,520,150,6,0
6	None	60	1014	845	1158	1	1,53,363,475,119,3,0
6	None	60	352	199	388	1	1,53,199,99,0,0,0
6	None	60	1116	227	304	1	1,53,379,527,150,6,0
6	None	60	1136	462	613	1	1,53,385,537,154,6,0
6	None	61	892	766	1095	1	1,54,334,402,98,3,0
6	None	61	1108	303	406	1	1,54,381,519,147,6,0
6	None	61	716	653	994	1	1,54,298,305,57,1,0
6	None	61	920	786	1111	1	1,54,342,418,102,3,0
6	None	61	724	661	998	1	1,54,302,309,57,1,0
6	None	61	1136	923	1236	1	1,54,385,537,153,6,0
6	None	61	1112	913	1220	1	1,54,383,521,147,6,0
6	None	62	1250	496	655	1	1,55,401,593,190,10,0
6	None	62	724	663	1006	1	1,55,303,307,57,1,0
6	None	62	924	791	1122	1	1,55,345,419,101,3,0
6	None	62	410	229	411	1	1,55,229,125,0,0,0
6	None	62	954	815	1138	1	1,55,355,435,105,3,0
6	None	62	1144	467	624	1	1,55,391,539,152,6,0
6	None	63	824	720	1073	1	1,56,316,360,88,3,0
6	None	63	422	230	421	1	1,56,230,135,0,0,0
6	None	64	1170	958	1279	1	1,57,402,550,154,6,0
6	None	64	1114	461	623	1	1,57,389,517,144,6,0
6	None	64	422	239	421	1	1,57,239,125,0,0,0
6	None	64	772	705	1049	1	1,57,322,330,61,1,0
6	None	64	458	251	433	1	1,57,251,149,0,0,0
6	None	64	808	733	1069	1	1,57,334,350,65,1,0
6	None	64	1218	990	1307	1	1,57,414,578,162,6,0
6	None	65	1260	1021	1338	1	1,58,425,599,171,6,0
6	None	65	778	711	1061	1	1,58,325,332,61,1,0
6	None	65	1168	965	1284	1	1,58,407,545,151,6,0
6	None	65	774	707	1059	1	1,58,323,330,61,1,0
6	None	65	1214	991	1312	1	1,58,415,573,161,6,0
6	None	66	1198	328	437	1	1,59,414,562,156,6,0
6	None	65	1386	1095	1412	1	1,58,443,665,209,10,0
6	None	66	1026	875	1212	1	1,59,381,469,113,3,0
6	None	66	928	795	1157	1	1,59,342,410,111,5,0
6	None	66	1200	493	656	1	1,59,415,563,156,6,0
6	None	66	1038	891	1217	1	1,59,390,474,111,3,0
6	None	66	462	15	26	1	1,59,255,147,0,0,0
6	None	66	466	257	443	1	1,59,257,149,0,0,0
6	None	66	820	745	1093	1	1,59,340,354,65,1,0
6	None	66	1290	261	341	1	1,59,435,615,174,6,0
6	None	66	1238	504	667	1	1,59,421,585,166,6,0
6	None	66	434	44	79	1	1,59,242,132,0,0,0
6	None	66	1332	533	694	1	1,59,435,631,196,10,0
6	None	67	832	757	1108	1	1,60,346,359,65,1,0
6	None	67	1244	341	448	1	1,60,431,585,161,6,0
6	None	68	1114	949	1277	1	1,61,414,514,121,3,0
6	None	68	1132	157	215	1	1,61,399,521,144,6,0
6	None	68	458	508	899	1	1,61,254,142,0,0,0
6	None	68	1272	104	137	1	1,61,437,601,166,6,0
6	None	68	1466	1160	1481	1	1,61,470,704,220,10,0
6	None	68	998	867	1210	1	1,61,381,447,105,3,0
6	None	69	472	11	19	1	1,62,264,145,0,0,0
6	None	69	1118	955	1287	1	1,62,417,514,121,3,0
6	None	69	1158	979	1312	1	1,62,426,539,127,3,0
6	None	69	1270	1043	1376	1	1,62,439,597,165,6,0
6	None	69	1142	485	651	1	1,62,423,529,124,3,0
6	None	69	1116	317	429	1	1,62,415,514,121,3,0
6	None	69	572	152	243	1	1,62,304,205,0,0,0
6	None	69	1028	47	65	1	1,62,393,462,107,3,0
6	None	69	854	779	1136	1	1,62,356,367,67,1,0
6	None	69	882	89	128	1	1,62,366,383,69,1,0
6	None	69	1518	1199	1519	1	1,62,486,732,227,10,0
6	None	69	1512	239	303	1	1,62,484,728,227,10,0
6	None	69	964	281	400	1	1,62,372,427,99,3,0
6	None	70	838	769	1135	1	1,63,352,356,65,1,0
6	None	70	974	837	1216	1	1,63,361,429,115,5,0
6	None	70	1494	1186	1513	1	1,63,482,716,222,10,0
6	None	70	1492	593	756	1	1,63,483,715,220,10,0
6	None	70	1330	545	709	1	1,63,459,629,172,6,0
6	None	70	1030	179	249	1	1,63,394,462,107,3,0
6	None	70	1098	947	1283	1	1,63,416,500,115,3,0
6	None	70	1050	303	419	1	1,63,400,474,109,3,0
6	None	70	1490	1184	1511	1	1,63,482,714,220,10,0
6	None	70	1472	1175	1499	1	1,63,479,702,217,10,0
6	None	70	1568	1236	1555	1	1,63,500,758,236,10,0
6	None	71	476	133	233	1	1,64,266,145,0,0,0
6	None	71	1540	1221	1547	1	1,64,496,740,229,10,0
6	None	71	1502	1198	1525	1	1,64,489,718,220,10,0
6	None	71	1150	491	661	1	1,64,429,529,124,3,0
6	None	72	1000	861	1247	1	1,65,372,440,117,5,0
6	None	72	1518	1210	1543	1	1,65,494,726,222,10,0
6	None	72	1104	955	1303	1	1,65,420,500,115,3,0
6	None	72	1060	13	18	1	1,65,407,475,109,3,0
6	None	72	568	103	165	1	1,65,309,193,0,0,0
6	None	73	936	851	1215	1	1,66,389,406,73,1,0
6	None	73	1436	1171	1503	1	1,66,492,684,187,6,0
6	None	73	1136	977	1330	1	1,66,428,517,121,3,0
6	None	73	1306	271	357	1	1,66,460,609,164,6,0
6	None	73	1054	919	1283	1	1,66,405,470,109,3,0
6	None	73	946	861	1220	1	1,66,394,411,73,1,0
6	None	73	1058	924	1285	1	1,66,408,472,108,3,0
6	None	74	1438	7	9	1	1,67,495,683,186,6,0
6	None	74	950	289	410	1	1,67,397,411,73,1,0
6	None	74	1110	967	1322	1	1,67,427,499,113,3,0
6	None	74	574	313	505	1	1,67,313,193,0,0,0
6	None	74	1090	317	437	1	1,67,420,488,111,3,0
6	None	74	1790	1388	1715	1	1,67,549,868,290,15,0
6	None	74	1618	1286	1615	1	1,67,524,778,238,10,0
6	None	74	1086	947	1309	1	1,67,418,486,111,3,0
6	None	75	1580	1261	1603	1	1,68,516,756,229,10,0
6	None	75	1254	1049	1415	1	1,68,446,576,157,6,0
6	None	75	954	873	1240	1	1,68,400,411,73,1,0
6	None	75	1102	961	1326	1	1,68,424,493,113,3,0
6	None	75	580	53	85	1	1,68,318,193,0,0,0
6	None	75	1104	949	1330	1	1,68,412,493,125,5,0
6	None	76	948	867	1246	1	1,69,397,407,73,1,0
6	None	76	1212	1043	1397	1	1,69,458,554,127,3,0
6	None	76	1466	601	772	1	1,69,507,695,188,6,0
6	None	76	684	720	1091	1	1,69,360,254,0,0,0
6	None	76	1574	1262	1607	1	1,69,518,750,226,10,0
6	None	76	1120	979	1344	1	1,69,433,501,113,3,0
6	None	76	1702	337	420	1	1,69,549,823,250,10,0
6	None	76	1652	1316	1651	1	1,69,538,794,240,10,0
6	None	77	960	881	1260	1	1,70,404,411,73,1,0
6	None	77	1628	261	329	1	1,70,536,778,233,10,0
6	None	77	1132	989	1359	1	1,70,437,506,115,3,0
6	None	77	1702	1353	1687	1	1,70,552,820,249,10,0
6	None	77	1792	1399	1741	1	1,70,557,864,285,15,0
6	None	77	600	82	131	1	1,70,328,201,0,0,0
6	None	77	2068	523	633	1	1,70,603,1010,363,21,0
6	None	77	1732	1371	1706	1	1,70,559,839,253,10,0
6	None	78	1206	1043	1410	1	1,71,459,547,125,3,0
6	None	78	1494	307	394	1	1,71,519,707,190,6,0
6	None	78	1464	1213	1557	1	1,71,515,688,183,6,0
6	None	78	1468	1214	1561	1	1,71,516,692,182,6,0
6	None	78	688	121	185	1	1,71,363,253,0,0,0
6	None	78	1212	1049	1413	1	1,71,462,550,125,3,0
6	None	78	1150	989	1381	1	1,71,430,514,129,5,0
6	None	78	2124	1609	1939	1	1,71,618,1040,373,21,0
6	None	79	1654	1329	1676	1	1,72,547,789,235,10,0
6	None	79	1732	1381	1720	1	1,72,565,833,251,10,0
6	None	80	1712	1372	1717	1	1,73,564,820,244,10,0
6	None	80	618	668	1087	1	1,73,334,210,0,0,0
6	None	79	1272	1097	1455	1	1,72,483,582,131,3,0
6	None	80	1260	73	97	1	1,73,484,572,127,3,0
6	None	80	632	692	1089	1	1,73,346,212,0,0,0
6	None	80	1580	65	82	1	1,73,551,751,198,6,0
6	None	81	588	41	67	1	1,74,328,185,0,0,0
6	None	81	1560	7	9	1	1,74,531,733,212,9,0
6	None	81	1680	451	569	1	1,74,558,800,237,10,0
6	None	81	1276	552	737	1	1,74,487,581,130,3,0
6	None	82	1390	1181	1546	1	1,75,511,639,159,5,0
6	None	81	2204	1675	2009	1	1,74,647,1080,381,21,0
6	None	82	1298	1123	1494	1	1,75,495,591,133,3,0
6	None	81	662	710	1119	1	1,74,355,232,0,0,0
6	None	82	1242	1087	1461	1	1,75,482,558,123,3,0
6	None	82	1262	1085	1474	1	1,75,471,567,143,5,0
6	None	82	668	720	1129	1	1,75,360,232,0,0,0
6	None	83	1584	108	139	1	1,76,541,743,214,9,0
6	None	83	596	167	273	1	1,76,334,185,0,0,0
6	None	83	1326	1149	1517	1	1,76,507,604,135,3,0
6	None	83	2220	1693	2033	1	1,76,655,1084,383,21,0
6	None	83	1224	151	209	1	1,76,461,546,135,5,0
6	None	84	1766	1425	1781	1	1,77,592,846,241,9,0
6	None	84	1248	1095	1481	1	1,77,486,558,123,3,0
6	None	84	1380	1187	1557	1	1,77,522,634,143,3,0
6	None	84	2048	799	971	1	1,77,638,995,322,15,0
6	None	84	752	399	596	1	1,77,399,275,0,0,0
6	None	84	1334	1143	1532	1	1,77,497,605,149,5,0
6	None	84	1906	1512	1859	1	1,77,612,914,288,14,0
6	None	84	1644	340	427	1	1,77,579,779,202,6,0
6	None	84	2192	1687	2024	1	1,77,661,1069,365,19,0
6	None	85	1430	1227	1594	1	1,78,540,661,147,3,0
5	6	144	32738	24427	2788	4	1,134,2517,10916,13913,5257
5	6	335	23921	7760	5367	4	1,327,4710,11757,6492,634
5	6	179	28611	16417	3387	4	1,169,3046,11510,11353,2532
5	6	214	45136	3853	539	4	1,204,3901,16194,18848,5988
5	6	87	3667	1154	949	4	1,78,790,1743,956,99
5	6	48	240	414	749	1	1,41,138,60,0,0
5	6	39	500	239	329	1	1,30,170,227,69,3
5	6	49	926	439	533	1	1,40,274,437,165,9
5	6	48	1418	143	136	4	1,39,327,661,351,39
5	6	75	1229	1746	2089	1	1,66,454,580,128,0
5	6	80	2047	968	1071	1	1,71,581,986,387,21
5	6	84	2458	3447	3793	1	1,75,664,1204,485,29
5	6	109	6770	9	5	4	1,100,1222,3151,2027,269
5	6	124	9729	1511	572	4	1,115,1483,4233,3261,636
5	6	100	2490	3477	3707	1	1,91,766,1239,393,0
5	6	121	4158	1907	1919	1	1,112,1132,2138,775,0
5	6	54	1055	1494	1789	1	1,45,323,502,175,9
5	6	110	3922	5412	5381	1	1,101,1029,2016,775,0
5	6	125	5476	2510	2409	1	1,116,1327,2849,1183,0
5	6	135	10663	4811	1922	4	1,126,1667,4706,3515,648
5	6	166	15961	7830	2579	4	1,157,2262,6854,5544,1143
5	6	195	27979	16164	3533	4	1,186,3158,11193,10718,2723
5	6	136	5333	2458	2385	1	1,127,1347,2747,1111,0
5	6	184	5459	840	887	1	1,177,1724,2741,796,20
5	6	205	29375	16621	3763	4	1,196,3368,11906,11187,2717
5	6	177	21496	3911	995	4	1,168,2646,8832,7965,1884
5	6	261	30801	14429	4742	4	1,252,4235,13681,10835,1797
5	6	135	4920	1338	1355	1	1,126,1345,2563,885,0
5	6	223	26682	6841	1952	4	1,214,3473,11336,9634,2024
5	6	267	28289	6244	2347	4	1,258,4175,12830,9562,1463
5	6	273	48211	28605	5597	4	1,264,5066,19116,18923,4841
5	6	343	50232	12305	3513	4	1,334,6355,22063,18348,3131
5	6	182	15208	2067	944	4	1,173,2483,7027,4847,677
5	6	367	49805	23839	7277	4	1,358,6558,22042,17853,2993
5	6	374	99243	67095	9046	4	1,365,8313,36216,41601,12747
5	6	400	89665	1587	254	4	1,391,8359,34092,36512,10310
5	6	289	38860	6293	1871	4	1,280,5050,17068,14043,2418
5	6	393	59039	31885	7843	4	1,384,7072,24625,22029,4928
5	6	403	54724	26145	8018	4	1,394,7227,24230,19599,3273
5	6	490	84701	43441	10953	4	1,481,9988,36562,31897,5772
5	6	465	79689	40755	10337	4	1,456,9422,34445,29975,5390
5	6	296	48706	27719	5988	4	1,287,5411,19782,18731,4494
5	6	345	66088	40405	7339	4	1,336,6664,25747,26275,7065
5	6	19	45	72	287	1	1,11,24,9,0,0
5	6	32	195	11	21	1	1,24,90,71,9,0
5	6	52	725	1044	1349	1	1,44,263,330,85,2
5	6	86	2359	3312	3655	1	1,78,678,1153,426,23
5	6	34	186	294	571	1	1,26,92,61,6,0
5	6	99	3247	1520	1663	1	1,91,854,1586,666,49
5	6	31	162	258	517	1	1,23,81,52,5,0
5	6	104	5502	139	101	4	1,96,1118,2640,1487,160
5	6	325	92631	68007	7583	4	1,315,6950,31512,39699,14154
5	6	71	1262	1791	2095	1	1,63,453,601,144,0
5	6	121	5586	1594	1489	4	1,113,1260,2736,1358,118
5	6	105	2516	1186	1315	1	1,97,775,1214,411,18
5	6	129	6305	1903	1619	4	1,121,1374,3060,1595,154
5	6	139	4081	5607	5869	1	1,131,1237,2080,632,0
5	6	132	5549	7710	8123	1	1,124,1364,2775,1206,79
5	6	155	9428	1073	716	4	1,147,1851,4515,2609,305
5	6	124	5392	1511	1481	4	1,116,1246,2631,1285,113
5	6	158	5839	2728	2919	1	1,150,1516,2870,1212,90
5	6	159	8581	2598	2143	4	1,151,1838,4198,2188,205
5	6	158	8137	1217	1035	4	1,150,1767,3976,2052,191
5	6	167	9740	3071	2329	4	1,159,2008,4752,2569,251
5	6	166	11199	796	485	4	1,158,2106,5344,3200,390
5	6	176	10777	3459	2521	4	1,168,2182,5255,2883,288
5	6	174	6294	8589	8657	1	1,166,1774,3264,1089,0
5	6	188	10702	1637	1308	4	1,180,2253,5250,2762,256
5	6	188	11144	431	335	4	1,180,2317,5469,2906,271
5	6	102	1794	2565	2953	1	1,94,663,844,192,0
5	6	232	6470	1767	1885	1	1,224,2194,3300,751,0
5	6	241	16038	5198	3649	4	1,233,3180,7851,4348,425
5	6	278	23713	8515	4752	4	1,270,4209,11483,6985,765
5	6	296	26529	9775	5174	4	1,288,4595,12777,7961,907
5	6	264	13120	658	633	1	1,256,3283,6941,2639,0
5	6	246	15053	4676	3603	4	1,238,3124,7387,3930,373
5	6	338	34134	13227	6242	4	1,330,5579,16284,10653,1287
5	6	322	21126	6547	4968	4	1,314,4337,10433,5535,506
5	6	342	38051	16504	6395	4	1,334,5724,17450,12580,1962
5	6	373	41302	17782	6997	4	1,365,6264,18989,13584,2099
5	6	356	55787	28656	7385	4	1,347,6688,23959,20928,3864
5	6	380	41180	16574	7233	4	1,372,6486,19440,13188,1693
5	6	312	29774	11887	5493	4	1,304,4882,13980,9327,1280
5	6	380	36075	6733	3444	4	1,372,6141,17357,10942,1262
5	6	449	42463	15605	8213	4	1,441,7328,20522,12737,1434
5	6	95	3011	1407	1531	1	1,87,806,1478,601,38
5	6	429	44445	17286	8089	4	1,421,7244,21188,13896,1695
5	6	549	75239	34226	11559	4	1,541,10474,34180,25860,4183
5	6	595	111330	58497	14066	4	1,587,12889,47696,41817,8340
5	6	606	92984	44360	13401	4	1,598,12202,41536,32934,5713
5	6	279	52955	30601	5953	4	1,269,5412,21334,21277,4662
5	6	635	64206	23251	12271	4	1,627,11014,31333,19211,2020
5	6	642	105667	52876	14445	4	1,634,13174,46216,38408,7234
5	6	423	64806	31829	9112	4	1,415,8279,28540,23313,4258
5	6	481	77022	12989	3434	4	1,472,9355,33372,28677,5145
5	6	141	4322	1981	2049	1	1,133,1300,2207,681,0
5	6	13	15	24	209	1	1,6,8,0,0,0
5	6	15	18	27	233	1	1,8,9,0,0,0
5	6	27	110	183	433	1	1,20,61,28,0,0
5	6	32	181	285	557	1	1,25,90,60,5,0
5	6	36	136	80	179	1	1,29,80,26,0,0
5	5	40	222	123	221	1	1,33,123,65,0,0
5	6	458	38721	14301	7802	4	1,450,6899,18498,11445,1428
5	6	40	163	279	605	1	1,33,93,36,0,0
5	6	48	354	558	881	1	1,41,175,126,11,0
5	6	62	702	350	463	1	1,55,302,296,48,0
5	6	29	60	111	401	1	1,22,37,0,0,0
5	5	71	930	1374	1729	1	1,64,385,406,73,1
5	6	73	844	424	545	1	1,66,370,353,54,0
5	6	74	899	1341	1709	1	1,67,384,384,63,0
5	6	363	34380	6380	3293	4	1,355,5873,16574,10394,1183
5	6	65	999	1443	1771	1	1,58,377,457,104,2
5	6	78	1116	9	11	1	1,71,454,501,89,0
5	6	95	1384	678	809	1	1,88,575,617,103,0
5	6	93	1508	726	853	1	1,86,598,695,128,0
5	6	60	892	1290	1609	1	1,53,334,406,96,2
5	6	125	2786	3930	4337	1	1,118,974,1350,336,7
5	5	130	3450	966	1049	1	1,123,1092,1696,518,20
5	6	98	1863	2655	3031	1	1,91,684,883,201,3
5	6	94	1810	864	989	1	1,87,641,851,223,7
5	6	141	3623	5073	5489	1	1,134,1188,1782,503,15
5	6	482	55454	5506	2413	4	1,474,8701,26419,17694,2165
5	6	147	3065	481	531	1	1,140,1135,1481,308,0
5	6	149	4149	1931	2077	1	1,142,1299,2051,632,24
5	5	176	3720	1762	1937	1	1,169,1368,1781,394,7
5	6	177	5140	7173	7633	1	1,170,1601,2548,790,30
5	6	71	538	888	1259	1	1,64,296,177,0,0
5	5	200	5044	7080	7613	1	1,193,1702,2472,658,18
5	6	155	4686	6525	6967	1	1,148,1407,2329,768,33
5	6	139	2891	1364	1503	1	1,132,1067,1394,297,0
5	5	214	7342	10194	10693	1	1,207,2131,3676,1267,60
5	6	219	8086	11139	11611	1	1,212,2306,4099,1407,61
5	6	202	6630	612	643	1	1,195,1984,3332,1076,42
5	6	204	8292	11457	11941	1	1,197,2206,4186,1613,89
5	5	227	7140	9903	10393	1	1,220,2192,3580,1109,38
5	6	228	7452	3439	3607	1	1,221,2260,3746,1179,45
5	6	232	9195	12684	13189	1	1,225,2511,4654,1717,87
5	6	275	8569	11721	12139	1	1,268,2789,4393,1118,0
5	6	236	8573	3941	4103	1	1,229,2473,4340,1468,62
5	6	227	8361	11514	11981	1	1,220,2395,4242,1443,60
5	6	339	16610	1520	1559	1	1,332,4206,8486,3394,191
5	6	286	12674	17385	17893	1	1,279,3356,6478,2439,121
5	6	323	11724	16152	16705	1	1,316,3466,5950,1918,73
5	6	382	18699	8524	8705	1	1,375,4806,9611,3718,188
5	6	348	18066	3546	3637	1	1,341,4431,9217,3843,233
5	6	405	22064	10089	10315	1	1,398,5344,11288,4745,288
5	5	416	29653	8465	7112	4	1,409,6291,15055,7329,568
5	6	489	34868	9832	8415	4	1,482,7448,17749,8544,644
5	6	522	35589	9717	8828	4	1,515,7795,18167,8505,606
5	6	341	11318	15417	15833	1	1,334,3634,5844,1505,0
5	6	635	45437	12449	11118	4	1,628,9859,23268,10913,768
5	6	396	21710	1984	2027	1	1,389,5250,11120,4670,280
5	5	848	71576	20957	16218	4	1,841,14533,36615,18215,1371
5	6	986	96765	31129	20117	4	1,979,18156,48845,26439,2345
5	6	1099	97723	28871	21753	4	1,1092,19566,50078,25101,1885
5	6	394	22229	30468	31111	1	1,387,5302,11389,4854,296
5	6	16	21	30	257	1	1,10,10,0,0,0
5	6	108	2577	1208	1331	1	1,101,851,1256,357,11
5	6	184	3941	1859	2023	1	1,177,1474,1904,385,0
5	6	718	91469	37159	15297	4	1,710,13874,43435,29739,3710
5	5	30	115	18	43	1	1,24,66,24,0,0
5	6	31	106	63	157	1	1,25,63,17,0,0
5	6	139	2413	3483	3959	1	1,132,951,1119,210,0
5	6	32	113	66	163	1	1,26,66,20,0,0
5	5	36	162	93	191	1	1,30,93,38,0,0
5	5	32	105	36	97	1	1,26,60,18,0,0
5	5	36	151	258	565	1	1,30,85,34,1,0
5	6	38	177	306	605	1	1,32,102,42,0,0
5	6	38	174	303	601	1	1,32,101,40,0,0
5	6	38	91	174	521	1	1,32,58,0,0,0
5	6	40	233	384	685	1	1,34,124,70,4,0
5	5	41	238	390	701	1	1,35,125,72,5,0
5	5	43	244	402	725	1	1,37,130,72,4,0
5	6	155	3064	4371	4829	1	1,148,1174,1458,283,0
5	6	49	210	128	243	1	1,43,128,38,0,0
5	5	49	233	136	253	1	1,43,136,53,0,0
5	5	50	307	513	847	1	1,44,167,91,4,0
5	6	48	311	170	279	1	1,42,163,98,7,0
5	5	54	359	588	941	1	1,48,187,114,9,0
5	5	56	303	531	887	1	1,50,177,75,0,0
5	5	58	392	648	1007	1	1,52,209,123,7,0
5	6	63	473	257	379	1	1,57,246,158,11,0
5	5	66	530	171	245	1	1,60,270,184,15,0
5	5	67	487	267	395	1	1,61,257,158,10,0
5	6	69	452	260	383	1	1,63,260,128,0,0
5	5	74	552	918	1307	1	1,68,296,177,10,0
5	6	52	368	603	929	1	1,46,193,120,8,0
5	6	74	515	294	419	1	1,68,294,152,0,0
5	6	55	417	678	1007	1	1,49,215,141,11,0
5	6	38	165	288	593	1	1,32,96,36,0,0
5	6	81	762	1212	1601	1	1,75,379,282,25,0
5	6	96	788	1290	1751	1	1,90,410,267,20,0
5	6	23	56	93	355	1	1,17,31,7,0,0
5	6	95	1094	1686	2089	1	1,89,509,442,53,0
5	6	98	1043	546	683	1	1,92,506,404,40,0
5	5	107	1205	1878	2303	1	1,101,576,477,50,0
5	5	105	820	463	613	1	1,99,463,257,0,0
5	6	132	1187	659	817	1	1,126,659,401,0,0
5	6	132	2016	3000	3437	1	1,126,862,888,138,1
5	6	83	757	1209	1613	1	1,77,378,276,25,0
5	6	134	1780	181	211	1	1,128,816,746,89,0
5	5	143	1609	2532	3035	1	1,137,782,627,62,0
5	6	147	1958	2988	3469	1	1,141,897,820,99,0
5	6	104	952	1539	1993	1	1,98,487,340,26,0
5	5	183	2914	4347	4835	1	1,177,1273,1287,176,0
5	5	184	3120	4614	5089	1	1,178,1326,1402,212,1
5	5	207	2912	4449	5003	1	1,201,1338,1227,145,0
5	5	162	1243	718	915	1	1,156,718,368,0,0
5	5	216	3524	5250	5783	1	1,210,1539,1563,211,0
5	6	134	1782	2718	3167	1	1,128,818,747,88,0
5	6	222	3735	264	289	1	1,216,1618,1670,230,0
5	6	324	32035	13058	5793	4	1,316,5158,14953,10156,1451
5	5	259	4120	6198	6773	1	1,253,1836,1800,230,0
5	6	269	5706	8214	8741	1	1,263,2259,2700,479,4
5	5	260	5267	7629	8153	1	1,254,2123,2466,420,3
5	5	298	5933	8631	9197	1	1,292,2421,2760,456,3
5	5	344	6395	209	223	1	1,338,2717,2921,418,0
5	5	371	9326	13179	13751	1	1,365,3491,4557,902,10
5	6	210	3687	1811	1979	1	1,204,1559,1670,252,1
5	6	82	805	255	331	1	1,76,397,303,28,0
5	6	215	4102	5970	6469	1	1,209,1676,1900,314,2
4	5	16	19	7	58	1	1,11,7,0,0
5	6	292	6373	9144	9685	1	1,286,2507,3034,541,4
4	6	21	37	20	73	1	1,16,20,0,0
5	6	314	5916	8667	9269	1	1,308,2489,2718,400,0
5	6	617	43239	11856	10655	4	1,610,9432,22089,10358,749
4	6	26	73	42	97	1	1,21,42,9,0
4	6	27	70	20	49	1	1,22,40,7,0
4	6	30	88	17	37	1	1,25,51,11,0
4	6	30	83	47	110	1	1,25,47,10,0
4	5	32	100	29	60	1	1,27,58,14,0
4	5	34	100	59	123	1	1,29,59,11,0
4	5	38	126	25	47	1	1,33,75,17,0
4	6	37	126	75	139	1	1,32,75,18,0
4	6	33	104	61	123	1	1,28,61,14,0
4	5	41	92	55	133	1	1,36,55,0,0
4	6	35	117	23	44	1	1,30,69,17,0
4	6	25	46	5	17	1	1,20,25,0,0
4	6	45	180	27	44	1	1,40,108,31,0
4	6	41	159	19	32	1	1,36,95,27,0
4	6	38	130	7	13	1	1,33,77,19,0
4	6	45	183	110	177	1	1,40,110,32,0
4	6	55	265	159	232	1	1,50,156,57,1
4	6	47	179	108	179	1	1,42,108,28,0
4	5	58	200	61	104	1	1,53,122,24,0
4	5	63	299	20	29	1	1,58,177,62,1
4	5	90	520	315	403	1	1,85,309,123,2
4	5	89	498	151	196	1	1,84,296,115,2
4	5	90	530	321	409	1	1,85,312,129,3
4	5	115	754	19	23	1	1,110,441,197,5
4	5	117	770	93	113	1	1,112,447,204,6
4	6	63	282	171	251	1	1,58,171,52,0
4	5	127	871	526	627	1	1,122,505,236,7
4	5	139	788	121	149	1	1,134,484,169,0
3	6	21	38	19	47	1	1,17,19,1
3	5	30	62	33	67	1	1,26,33,2
5	6	38	574	822	1075	1	1,28,174,265,100,6
5	6	245	121745	111503	6347	4	1,235,5874,32728,54311,28596
5	6	116	7943	213	103	4	1,106,1330,3650,2517,339
5	6	23	61	102	359	1	1,17,34,9,0,0
5	6	633	71862	11	5	4	1,625,11492,34409,22631,2704
5	6	17	24	45	233	1	1,8,15,0,0,0
5	6	36	212	333	607	1	1,27,111,73,0,0
5	6	37	478	687	943	1	1,28,160,217,69,3
5	6	200	58134	46795	4257	4	1,190,3874,18094,25155,10820
5	6	39	280	423	713	1	1,30,123,108,18,0
5	6	65	1717	2451	2825	1	1,56,446,810,371,33
5	6	51	643	918	1229	1	1,42,244,294,62,0
5	6	80	2553	706	761	4	1,71,616,1213,598,54
5	6	86	3271	959	897	4	1,77,740,1569,809,75
5	6	79	3795	1451	866	4	1,70,723,1722,1107,172
5	6	86	2435	3369	3529	1	1,77,690,1234,433,0
5	6	67	1206	1701	1993	1	1,58,402,580,165,0
5	6	111	7441	3395	1401	4	1,102,1194,3229,2435,480
5	6	107	3858	5328	5279	1	1,98,997,1983,779,0
5	6	47	665	64	83	1	1,38,231,302,89,4
5	6	76	2703	71	61	4	1,66,597,1265,696,78
5	6	76	2713	79	67	4	1,67,600,1260,701,84
5	6	122	7654	1082	513	4	1,113,1310,3406,2402,422
5	6	133	6086	19	18	4	1,124,1369,2996,1482,114
5	6	181	18717	9386	2903	4	1,172,2556,7984,6622,1382
5	6	161	18316	9782	2631	4	1,152,2324,7595,6706,1538
5	6	207	20974	9388	3477	4	1,198,3078,9434,7138,1125
5	6	213	20822	4658	1747	4	1,204,3083,9343,7066,1125
5	6	171	16937	4305	1324	4	1,162,2321,7153,5990,1310
5	6	177	16762	3734	1419	4	1,168,2499,7526,5668,900
5	6	193	19786	9820	3111	4	1,184,2740,8475,6952,1434
5	6	174	18033	9362	2737	4	1,165,2404,7550,6464,1449
5	6	277	43805	25347	5380	4	1,268,4841,17571,16901,4223
5	6	270	43686	25103	5361	4	1,261,4836,17626,16821,4141
5	6	157	10843	4084	2241	4	1,148,1942,5087,3246,419
5	6	278	66555	43892	6375	4	1,269,5834,24708,27594,8149
5	6	262	37016	18785	5078	4	1,253,4569,15934,13733,2526
5	6	297	58024	1695	302	4	1,288,5763,22575,23199,6198
5	6	347	88776	59741	8232	4	1,338,7553,32504,37019,11361
5	6	214	21116	1849	718	4	1,205,3177,9572,7077,1084
5	6	371	49413	11616	3671	4	1,362,6615,22041,17556,2838
5	6	204	28154	7872	1847	4	1,195,3301,11471,10628,2558
5	6	418	69400	35405	9073	4	1,409,8252,30001,26069,4668
5	6	278	34068	16399	5095	4	1,269,4554,14955,12179,2110
5	6	367	60976	10621	2609	4	1,358,7108,26005,23145,4359
5	6	251	19228	7322	3869	4	1,242,3382,9036,5812,755
5	6	413	63778	10529	2914	4	1,404,7931,27917,23463,4062
5	6	17	86	57	40	4	1,9,19,19,19,19
5	6	161	8065	2385	2063	4	1,152,1756,3948,2031,177
5	6	21	51	84	311	1	1,13,28,9,0,0
5	6	21	55	93	313	1	1,13,31,10,0,0
5	6	23	69	111	349	1	1,15,36,16,1,0
5	6	25	89	16	43	1	1,17,48,23,0,0
5	6	26	64	105	373	1	1,18,35,10,0,0
5	6	25	106	15	37	1	1,17,52,33,3,0
5	6	26	77	18	55	1	1,18,42,16,0,0
5	6	28	128	201	457	1	1,20,62,40,5,0
5	6	30	171	89	173	1	1,22,83,59,6,0
5	6	26	466	1319	349	2	1,18,79,120,124,124
5	6	32	283	414	665	1	1,24,117,120,21,0
5	6	34	191	300	577	1	1,26,93,64,7,0
5	6	35	249	381	649	1	1,27,113,94,14,0
5	6	35	240	366	641	1	1,27,109,90,13,0
5	6	37	180	97	197	1	1,29,97,53,0,0
5	6	37	257	390	679	1	1,29,118,97,12,0
5	6	39	305	93	149	1	1,31,138,118,17,0
5	6	44	434	639	937	1	1,36,180,184,33,0
5	6	38	202	333	617	1	1,30,111,60,0,0
5	6	46	463	687	983	1	1,38,196,195,33,0
5	6	48	468	233	335	1	1,40,200,194,33,0
5	6	47	400	202	307	1	1,39,177,158,25,0
5	6	55	485	741	1081	1	1,47,219,190,28,0
5	6	70	1053	1509	1855	1	1,62,397,487,106,0
5	6	63	871	1254	1591	1	1,55,336,397,82,0
5	6	69	1031	498	617	1	1,61,375,467,123,4
5	6	290	42657	7877	1862	4	1,281,5021,17516,16045,3793
5	6	73	1168	560	677	1	1,65,427,539,133,3
5	6	80	1696	2412	2789	1	1,72,531,804,273,15
5	6	54	428	217	339	1	1,46,217,164,0,0
5	6	78	1944	2763	3131	1	1,70,560,927,361,25
5	6	210	18215	3792	1663	4	1,201,2921,8363,5874,855
5	6	84	2081	2940	3307	1	1,76,616,1003,364,21
5	6	83	1876	2664	3041	1	1,75,573,894,315,18
5	6	75	1279	1812	2155	1	1,67,459,607,145,0
5	6	80	653	1038	1469	1	1,72,346,234,0,0
5	6	82	923	471	593	1	1,74,415,377,56,0
5	6	68	896	1305	1657	1	1,60,351,400,84,0
5	6	88	1759	2478	2801	1	1,80,601,852,225,0
5	6	89	1376	1974	2381	1	1,81,538,636,120,0
5	6	97	2240	3177	3587	1	1,89,694,1071,365,20
5	6	101	2693	1241	1323	1	1,93,828,1358,413,0
5	6	95	1696	2418	2785	1	1,87,644,802,162,0
5	6	111	3471	4893	5345	1	1,103,930,1686,701,50
5	6	98	2163	3018	3349	1	1,90,727,1066,279,0
5	6	113	3644	5109	5527	1	1,105,976,1789,727,46
5	6	117	3924	1840	1991	1	1,109,1031,1916,809,58
5	6	91	2608	3687	4093	1	1,83,714,1258,515,37
5	6	210	18138	7367	3361	4	1,201,2956,8408,5777,795
5	6	127	4608	2141	2273	1	1,119,1203,2291,938,56
5	6	128	3859	1768	1839	1	1,120,1154,1970,614,0
5	6	135	6380	1810	1701	4	1,127,1444,3132,1542,134
5	6	139	3960	64	69	1	1,131,1155,1937,701,35
5	6	115	2374	3351	3719	1	1,107,834,1149,283,0
5	6	132	6123	1794	1621	4	1,124,1370,2978,1506,144
5	6	118	4124	1937	2103	1	1,110,1048,2006,889,70
5	6	142	6612	943	884	4	1,134,1497,3235,1604,141
5	6	151	5865	1641	1741	1	1,143,1486,2898,1249,88
5	6	155	6473	3028	3225	1	1,147,1567,3179,1461,118
5	6	137	5909	785	832	4	1,129,1403,2913,1356,107
5	6	157	5255	1434	1471	1	1,149,1528,2715,862,0
5	6	154	8263	1266	1025	4	1,146,1755,4032,2126,203
5	6	147	6140	1669	1742	4	1,139,1461,2993,1423,123
5	6	199	10570	152	127	4	1,191,2282,5158,2684,254
5	6	179	6293	2864	2901	1	1,171,1805,3257,1059,0
5	6	201	8093	11256	11737	1	1,193,2089,4048,1663,99
5	6	205	7738	10785	11291	1	1,197,2042,3855,1553,90
5	6	206	12342	558	419	4	1,198,2534,6024,3264,321
5	6	207	13401	4336	3073	4	1,199,2672,6550,3622,357
5	6	158	9034	2861	2167	4	1,150,1864,4396,2385,238
5	6	208	10420	2902	2773	4	1,200,2370,5151,2494,204
5	6	89	1623	2301	2657	1	1,81,582,774,185,0
5	6	211	15785	1997	1075	4	1,203,2816,7418,4703,644
5	6	209	14251	958	631	4	1,201,2750,6921,3966,412
5	6	220	9360	4328	4523	1	1,212,2374,4694,1954,125
5	6	201	10509	1505	1362	4	1,193,2335,5189,2572,219
5	6	215	12048	3527	3033	4	1,207,2616,5957,3007,260
5	6	89	2075	2937	3317	1	1,81,634,996,345,18
5	6	240	15104	4737	3553	4	1,232,3086,7422,3989,374
5	6	242	10709	14817	15355	1	1,234,2700,5401,2239,134
5	6	232	13848	4286	3341	4	1,224,2890,6789,3602,342
5	6	228	8529	11640	11633	1	1,220,2401,4428,1479,0
5	6	274	27440	11951	4682	4	1,265,4149,12467,9165,1393
5	6	245	12580	1719	1687	4	1,237,2897,6247,2958,240
5	6	246	19305	1723	995	4	1,238,3501,9304,5630,631
5	6	243	13411	1321	1130	4	1,235,2917,6597,3359,302
5	6	259	9886	4457	4501	1	1,251,2845,5177,1612,0
5	6	291	11849	5365	5311	1	1,283,3291,6200,2074,0
5	6	278	20465	6992	4417	4	1,270,3874,9940,5768,612
5	6	271	12539	16995	16513	1	1,263,3251,6610,2414,0
5	6	358	29555	10463	6063	4	1,350,5360,14321,8583,940
5	6	311	30221	11724	5593	4	1,303,4984,14368,9406,1159
5	6	318	25996	8818	5441	4	1,310,4818,12773,7370,724
5	6	334	33649	4386	2045	4	1,326,5480,15989,10548,1305
5	6	397	40370	15601	7402	4	1,389,6621,19274,12569,1516
5	6	407	36175	12575	7314	4	1,399,6513,17741,10467,1054
5	6	23	77	129	353	1	1,15,43,18,0,0
5	6	428	32201	5093	3600	4	1,420,6357,16011,8638,774
5	6	200	11673	3672	2803	4	1,192,2416,5693,3070,301
5	6	437	33307	5290	3707	4	1,429,6553,16557,8954,813
5	6	469	63887	14657	4871	4	1,461,8817,28906,22090,3612
5	6	398	38493	14129	7378	4	1,390,6595,18654,11577,1276
5	6	443	49340	19644	8653	4	1,435,7780,23434,15736,1954
5	6	440	40209	14767	7861	4	1,432,6994,19385,12027,1370
5	6	19	120	297	182	2	1,11,27,27,27,27
5	6	382	28467	9301	6282	4	1,374,5531,14013,7795,753
5	6	324	22200	6911	5141	4	1,316,4506,10998,5847,532
5	6	532	63236	12953	5362	4	1,524,9673,29801,20568,2669
5	6	592	70089	27914	12113	4	1,584,10942,33396,22418,2748
5	6	531	63662	26106	10753	4	1,523,9704,30010,20742,2682
5	6	282	18853	5987	4343	4	1,274,3792,9276,5033,477
5	6	623	54295	18378	11281	4	1,615,10048,26760,15364,1507
5	6	14	16	21	223	1	1,7,7,1,0,0
5	5	16	28	45	251	1	1,9,15,3,0,0
5	6	15	41	8	9	4	1,8,8,8,8,8
5	6	556	60375	23354	10891	4	1,548,9792,28920,18874,2240
5	6	212	12751	838	599	4	1,204,2584,6152,3430,380
5	6	22	42	66	325	1	1,15,22,4,0,0
5	6	20	37	57	301	1	1,13,19,4,0,0
5	6	20	78	41	113	1	1,13,39,23,2,0
5	6	21	49	81	319	1	1,14,27,7,0,0
5	6	24	78	132	373	1	1,17,44,16,0,0
5	5	28	110	62	147	1	1,21,62,26,0,0
5	6	19	61	12	13	4	1,12,12,12,12,12
5	6	30	154	246	509	1	1,23,78,48,4,0
5	6	24	86	138	385	1	1,17,45,22,1,0
5	6	32	73	141	437	1	1,25,47,0,0,0
5	6	32	170	91	181	1	1,25,87,53,4,0
5	6	32	659	1871	471	2	1,25,111,170,176,176
5	6	34	138	237	523	1	1,27,79,31,0,0
5	6	35	139	237	535	1	1,28,79,31,0,0
5	6	36	152	258	557	1	1,29,86,36,0,0
5	6	36	170	93	193	1	1,29,90,47,3,0
5	6	23	85	138	373	1	1,16,45,22,1,0
5	6	36	172	282	581	1	1,29,94,48,0,0
5	6	39	160	273	593	1	1,32,91,36,0,0
5	6	37	86	165	497	1	1,30,55,0,0,0
5	6	39	250	399	689	1	1,32,126,84,7,0
5	6	27	100	56	141	1	1,20,56,23,0,0
5	6	40	178	306	617	1	1,33,102,42,0,0
5	6	37	92	183	497	1	1,30,61,0,0,0
5	6	40	226	366	673	1	1,33,119,70,3,0
5	6	40	160	91	201	1	1,33,91,35,0,0
5	6	42	233	390	691	1	1,35,130,67,0,0
5	6	43	230	78	139	1	1,36,130,63,0,0
5	6	45	351	546	853	1	1,38,168,130,14,0
5	6	25	90	147	397	1	1,18,48,22,1,0
5	6	44	246	414	721	1	1,37,138,70,0,0
5	6	46	248	414	745	1	1,39,135,70,3,0
5	5	48	232	396	745	1	1,41,132,58,0,0
5	6	50	320	513	863	1	1,43,161,105,10,0
5	6	374	24711	3781	2923	4	1,366,5111,12246,6412,575
5	6	36	209	330	623	1	1,29,103,69,7,0
5	6	53	478	243	355	1	1,46,217,188,26,0
5	6	55	350	117	185	1	1,48,195,106,0,0
5	6	55	523	798	1129	1	1,48,239,208,27,0
5	6	55	522	114	161	1	1,48,237,207,29,0
5	6	57	365	606	961	1	1,50,202,112,0,0
5	6	57	182	393	737	1	1,50,131,0,0,0
5	6	59	548	843	1189	1	1,52,254,214,27,0
5	6	59	384	648	991	1	1,52,216,115,0,0
5	6	59	401	663	1015	1	1,52,215,127,6,0
5	6	52	684	999	1307	1	1,45,263,303,70,2
5	6	58	632	945	1279	1	1,51,270,265,45,0
5	6	61	733	1086	1417	1	1,54,311,316,51,0
5	6	60	546	846	1193	1	1,53,260,210,22,0
5	6	63	669	337	453	1	1,56,297,275,40,0
5	6	53	522	72	101	1	1,46,235,211,29,0
5	6	64	609	315	431	1	1,57,292,236,23,0
5	6	64	602	927	1291	1	1,57,279,235,30,0
5	6	65	400	687	1057	1	1,58,229,112,0,0
5	5	65	766	380	499	1	1,58,319,326,61,1
5	5	66	782	389	507	1	1,59,328,332,61,1
5	6	65	776	384	503	1	1,58,319,332,65,1
5	5	67	772	165	217	1	1,60,324,325,61,1
5	6	62	715	213	281	1	1,55,305,304,50,0
5	6	69	795	1188	1553	1	1,62,343,336,53,0
5	6	68	922	1350	1699	1	1,61,368,409,82,1
5	6	67	903	1323	1669	1	1,60,360,400,81,1
5	6	71	891	440	559	1	1,64,380,386,60,0
5	6	58	593	900	1231	1	1,51,265,241,35,0
5	6	69	846	1251	1613	1	1,62,357,366,60,0
5	6	53	548	828	1139	1	1,46,243,225,33,0
5	6	71	825	1236	1601	1	1,64,356,348,56,0
5	6	73	500	278	413	1	1,66,269,155,9,0
5	6	76	972	160	201	1	1,69,412,422,68,0
5	6	78	1073	1572	1943	1	1,71,444,477,80,0
5	6	71	876	1305	1657	1	1,64,378,376,57,0
5	6	77	1055	516	641	1	1,70,428,467,88,1
5	6	54	560	843	1163	1	1,47,246,231,35,0
5	6	81	652	1065	1469	1	1,74,355,222,0,0
5	6	79	957	477	605	1	1,72,413,407,64,0
5	5	83	1120	1656	2041	1	1,76,467,490,85,1
5	6	111	2102	2997	3371	1	1,103,760,999,239,0
5	6	83	709	1128	1561	1	1,76,376,256,0,0
5	5	83	728	388	525	1	1,76,388,263,0,0
5	6	82	810	423	553	1	1,75,393,311,30,0
5	5	86	1320	1926	2311	1	1,79,511,595,131,3
5	6	89	1307	1905	2299	1	1,82,533,589,102,0
5	5	91	1468	2133	2519	1	1,84,566,669,145,3
5	6	89	1032	1566	1975	1	1,82,464,427,58,0
5	6	86	883	1374	1775	1	1,79,424,345,34,0
5	6	83	1700	2412	2767	1	1,76,576,811,228,8
5	6	93	1237	1836	2245	1	1,86,526,538,86,0
5	6	93	1241	1839	2251	1	1,86,523,541,90,0
5	6	93	699	1161	1619	1	1,86,387,225,0,0
5	6	93	1369	2001	2399	1	1,86,566,615,101,0
5	6	80	1233	1788	2159	1	1,73,477,561,119,2
5	6	95	1302	1926	2335	1	1,88,552,571,90,0
5	6	95	2100	2967	3337	1	1,88,702,1012,287,10
5	6	58	466	244	363	1	1,51,229,170,15,0
5	6	93	1744	2496	2879	1	1,86,627,819,205,6
5	6	98	1606	2319	2711	1	1,91,631,741,142,0
5	6	104	2059	2925	3323	1	1,97,734,981,241,5
5	6	104	1755	2532	2927	1	1,97,691,813,153,0
5	6	104	1951	2778	3155	1	1,97,732,927,194,0
5	6	106	1977	2814	3203	1	1,99,743,939,195,0
5	6	107	1684	272	319	1	1,100,679,767,137,0
5	6	103	1804	868	1009	1	1,96,661,833,207,6
5	6	93	1478	2145	2521	1	1,86,598,676,117,0
5	6	108	1893	2718	3119	1	1,101,735,885,171,0
5	6	109	1455	2166	2621	1	1,102,623,630,99,0
5	6	111	2007	2871	3275	1	1,104,765,945,192,0
5	6	111	2207	150	169	1	1,104,798,1046,252,6
5	6	110	1660	2436	2861	1	1,103,688,744,124,0
5	6	113	1414	714	865	1	1,106,634,593,80,0
5	6	120	2573	3648	4069	1	1,113,893,1234,323,9
5	6	122	1705	846	1001	1	1,115,734,743,112,0
5	6	122	2172	1037	1185	1	1,115,857,1019,180,0
5	6	123	2274	1084	1225	1	1,116,868,1073,216,0
5	6	131	2838	3990	4391	1	1,124,1025,1383,305,0
5	6	123	2226	456	517	1	1,116,862,1045,202,0
5	6	138	3096	4386	4823	1	1,131,1071,1491,391,11
5	6	108	1217	1869	2333	1	1,101,574,492,49,0
5	5	141	3268	4602	5033	1	1,134,1133,1590,401,9
5	6	133	2702	3828	4247	1	1,126,1000,1299,276,0
5	6	146	3313	4692	5153	1	1,139,1138,1596,426,13
5	6	130	2907	1356	1489	1	1,123,1036,1427,320,0
5	5	147	3488	4929	5375	1	1,140,1176,1689,467,15
5	6	40	266	417	719	1	1,33,131,93,8,0
5	6	150	3750	1053	1141	1	1,143,1244,1836,511,15
5	6	152	3246	4617	5099	1	1,145,1147,1551,392,10
5	5	152	3326	4722	5189	1	1,145,1178,1596,396,10
5	6	153	3172	4491	4945	1	1,146,1177,1528,320,0
5	6	154	3304	1552	1703	1	1,147,1209,1604,343,0
5	5	156	3670	1041	1135	1	1,149,1241,1767,494,18
5	6	143	3616	5082	5519	1	1,136,1179,1767,515,18
5	6	146	2818	1341	1493	1	1,139,1077,1337,264,0
5	6	154	3228	4566	5017	1	1,147,1193,1558,329,0
5	6	43	125	264	569	1	1,36,88,0,0,0
5	6	157	3424	1619	1775	1	1,150,1223,1646,396,8
5	5	160	4138	1937	2089	1	1,153,1357,2027,580,20
5	6	147	1362	2238	2767	1	1,140,746,475,0,0
5	6	161	4714	939	1003	1	1,154,1447,2338,744,30
5	6	157	2961	4245	4727	1	1,150,1135,1395,280,0
5	6	167	3653	5148	5609	1	1,160,1341,1776,375,0
5	6	79	1022	117	145	1	1,72,438,442,69,0
5	6	163	3208	4581	5057	1	1,156,1229,1524,298,0
5	5	179	5414	193	205	1	1,172,1666,2699,843,33
5	6	182	4569	29	31	1	1,175,1576,2276,541,0
5	6	186	4026	1897	2061	1	1,179,1497,1949,400,0
5	6	196	5416	7467	7879	1	1,189,1805,2737,684,0
5	6	183	4266	5976	6443	1	1,176,1528,2097,464,0
5	6	198	6627	9180	9649	1	1,191,1953,3328,1107,47
5	5	201	6474	8967	9445	1	1,194,1954,3250,1035,40
5	6	201	6138	2834	2991	1	1,194,1905,3080,929,29
5	6	209	7269	10050	10523	1	1,202,2105,3663,1245,53
5	6	79	969	23	29	1	1,72,419,413,64,0
5	6	215	6393	8889	9395	1	1,208,2004,3189,959,32
5	6	102	1782	285	331	1	1,95,663,827,192,4
5	5	227	5902	8307	8851	1	1,220,1970,2887,799,25
5	6	238	5619	2628	2809	1	1,231,2045,2759,583,0
5	6	203	5674	7815	8233	1	1,196,1910,2872,695,0
5	6	213	7752	10653	11057	1	1,206,2246,3948,1305,46
5	6	219	5691	2632	2791	1	1,212,1982,2846,650,0
5	6	149	2436	1184	1353	1	1,142,995,1109,189,0
5	6	75	757	1164	1553	1	1,68,359,300,29,0
5	6	252	9560	13191	13711	1	1,245,2686,4837,1711,80
5	6	240	6052	2810	2983	1	1,233,2138,3008,672,0
5	6	256	8577	11865	12389	1	1,249,2579,4320,1376,52
5	6	205	6310	586	619	1	1,198,1923,3140,1007,41
5	6	304	9818	13401	13807	1	1,297,3158,5053,1309,0
5	6	241	5491	2581	2765	1	1,234,2038,2675,543,0
5	6	260	8806	12168	12665	1	1,253,2641,4446,1415,50
5	6	343	12233	16779	17285	1	1,336,3682,6252,1911,51
5	6	330	10919	4962	5093	1	1,323,3509,5633,1453,0
5	6	258	9575	13236	13771	1	1,251,2710,4831,1702,80
5	6	348	13376	18363	18895	1	1,341,3860,6829,2261,84
5	6	357	17105	23418	23953	1	1,350,4420,8776,3386,172
5	6	364	14542	19905	20369	1	1,357,4149,7464,2486,85
5	6	369	20860	28623	29293	1	1,362,4940,10666,4601,290
5	6	382	17506	7984	8173	1	1,375,4649,8987,3335,159
5	5	393	20966	28731	29353	1	1,386,5140,10744,4437,258
5	6	412	15711	2357	2385	1	1,405,4784,8234,2287,0
5	6	327	11357	15432	15761	1	1,320,3551,5892,1593,0
5	5	437	29591	8223	7298	4	1,430,6435,15040,7147,538
5	6	196	7160	660	691	1	1,189,2013,3608,1287,62
5	6	121	3645	1703	1843	1	1,113,1036,1790,667,38
5	6	444	26023	11868	12085	1	1,437,6155,13373,5713,344
5	6	481	32208	8621	8094	4	1,474,7143,16488,7583,519
5	6	241	7013	9651	10067	1	1,234,2324,3561,893,0
5	6	619	39803	54429	55285	1	1,612,9125,20476,9018,571
5	6	249	9969	4570	4731	1	1,242,2754,5072,1816,84
5	6	632	46488	6406	5621	4	1,625,9989,23846,11242,785
5	6	649	44794	11956	11201	4	1,642,9914,22992,10534,711
5	6	297	13796	18927	19459	1	1,290,3576,7051,2733,145
5	6	697	49924	13393	12326	4	1,690,10943,25687,11813,790
5	5	731	53980	14867	13061	4	1,724,11610,27690,13043,912
5	5	783	59373	8304	7091	4	1,776,12627,30411,14508,1050
5	6	815	73866	23248	15881	4	1,808,14262,37284,19774,1737
5	6	816	65800	18850	15263	4	1,809,13642,33704,16438,1206
5	6	900	72097	20573	16790	4	1,893,15001,36939,17953,1310
5	5	911	67942	18435	16538	4	1,904,14727,34976,16233,1101
5	6	441	27065	12364	12609	1	1,434,6233,13871,6131,395
5	6	917	74591	10679	8639	4	1,910,15455,38230,18632,1363
5	6	429	22224	30345	30913	1	1,422,5611,11452,4504,234
5	6	452	27175	37239	37969	1	1,445,6330,13930,6083,386
5	6	494	19788	8876	8943	1	1,487,5941,10424,2935,0
5	6	614	39824	10291	10276	4	1,607,9059,20456,9111,590
5	6	259	9243	12762	13283	1	1,252,2693,4671,1561,65
5	6	193	6034	8373	8831	1	1,186,1849,3021,942,35
5	6	678	38418	52314	52985	1	1,671,9484,19890,7954,418
5	6	161	3021	4341	4823	1	1,154,1167,1419,280,0
5	6	1099	97489	14339	10875	4	1,1092,19563,50009,24970,1854
8	None	18	92	597	3403	1	1,9,38,35,9,0,0,0,0
7	None	16	45	233	1617	1	1,8,23,12,1,0,0,0
7	None	33	578	1955	3693	1	1,25,161,265,115,11,0,0
7	None	43	897	3028	4929	1	1,35,250,421,176,14,0,0
7	None	56	1480	4841	6897	1	1,48,392,708,307,24,0,0
6	None	235	11512	8112	8575	1	1,228,2816,5826,2480,161,0
6	None	455	33372	22345	22873	1	1,448,7010,16948,8315,649,1
6	None	579	42712	28652	29221	1	1,572,9127,21874,10398,740,0
6	None	335	17360	6113	6368	1	1,328,4294,8889,3638,210,0
6	None	227	8996	6604	7073	1	1,220,2474,4564,1656,81,0
6	None	329	16964	11940	12457	1	1,322,4170,8652,3600,219,0
6	None	295	15310	3579	3745	1	1,288,3711,7782,3315,213,0
6	None	219	6894	481	527	1	1,212,2095,3440,1101,45,0
6	None	341	17366	3061	3196	1	1,334,4291,8859,3662,219,0
6	None	365	19236	6756	7025	1	1,358,4716,9839,4080,242,0
6	None	431	22388	109	113	1	1,424,5569,11456,4667,271,0
6	None	263	10456	7692	8197	1	1,256,2893,5310,1906,90,0
6	None	203	6966	2618	2857	1	1,196,2023,3505,1190,51,0
6	None	379	18304	13075	13633	1	1,372,4724,9394,3627,186,0
6	None	203	8344	1513	1626	1	1,196,2212,4217,1628,90,0
6	None	257	10674	7781	8274	1	1,250,2881,5419,2019,104,0
6	None	243	8864	6623	7124	1	1,236,2550,4491,1523,63,0
6	None	323	16552	11658	12173	1	1,316,4078,8444,3502,211,0
6	None	243	10778	969	1028	1	1,236,2814,5489,2124,114,0
6	None	1037	86164	7138	7225	1	1,1030,17741,44187,21622,1583,0
6	None	553	40168	26978	27555	1	1,546,8553,20462,9862,743,1
6	None	457	24488	17243	17815	1	1,450,6112,12644,5019,262,0
6	None	615	55128	36065	36633	1	1,608,10565,27722,14885,1342,5
6	None	201	8122	5917	6364	1	1,194,2190,4123,1537,77,0
6	None	273	15124	10475	10952	1	1,266,3528,7675,3419,235,0
6	None	399	22036	15367	15924	1	1,392,5278,11251,4811,303,0
6	None	243	10366	3752	3993	1	1,236,2749,5269,2006,105,0
6	None	225	10370	7395	7843	1	1,218,2638,5272,2119,122,0
6	None	325	15796	11222	11755	1	1,318,3984,8050,3254,189,0
6	None	361	23568	727	750	1	1,354,5149,11941,5686,436,1
6	None	249	8542	6459	6980	1	1,242,2508,4283,1443,65,0
6	None	279	14568	10196	10683	1	1,272,3515,7412,3166,202,0
6	None	283	12968	2321	2449	1	1,276,3332,6589,2620,150,0
6	None	295	14176	839	882	1	1,288,3562,7205,2944,176,0
6	None	211	10636	7445	7881	1	1,204,2545,5368,2355,163,0
6	None	253	12540	8845	9311	1	1,246,3093,6378,2659,163,0
6	None	405	23300	16171	16704	1	1,398,5533,11949,5105,314,0
6	None	235	7226	5579	6113	1	1,228,2223,3596,1133,45,0
6	None	221	9788	3512	3739	1	1,214,2533,4973,1958,109,0
6	None	261	11116	2681	2852	1	1,254,2925,5617,2193,126,0
6	None	349	17568	12433	12964	1	1,342,4392,8971,3649,213,0
6	None	303	13766	9895	10418	1	1,296,3597,7031,2701,140,0
6	None	275	12340	8868	9373	1	1,268,3208,6276,2452,135,0
6	None	271	10152	1079	1155	1	1,264,2887,5144,1779,77,0
6	None	225	9448	6850	7313	1	1,218,2505,4782,1840,102,0
6	None	203	6144	594	655	1	1,196,1903,3063,946,35,0
6	None	201	8920	2128	2273	1	1,194,2285,4520,1814,106,0
6	None	207	7608	5653	6115	1	1,200,2152,3844,1349,62,0
6	None	297	16118	11221	11715	1	1,290,3829,8202,3563,233,0
6	None	215	6822	5239	5727	1	1,208,2086,3420,1067,40,0
6	None	217	8270	6085	6571	1	1,210,2266,4156,1553,84,0
6	None	243	9454	6974	7463	1	1,236,2633,4796,1708,80,0
6	None	291	13646	3251	3417	1	1,284,3504,6960,2745,152,0
6	None	347	14278	875	922	1	1,340,3965,7287,2570,115,0
6	None	251	9454	2347	2509	1	1,244,2703,4802,1635,69,0
6	None	927	88714	57738	58379	1	1,920,16810,44806,24058,2113,6
6	None	319	15232	571	599	1	1,312,3860,7746,3129,184,0
6	None	235	8624	6424	6921	1	1,228,2454,4356,1516,69,0
6	None	249	11624	8281	8755	1	1,242,2950,5912,2381,138,0
6	None	297	15110	2657	2784	1	1,290,3693,7679,3242,205,0
6	None	583	40990	9227	9423	1	1,576,8956,21014,9769,674,0
6	None	297	13236	4780	5033	1	1,290,3504,6759,2552,130,0
6	None	265	11100	8073	8582	1	1,258,2979,5639,2115,108,0
6	None	289	10136	7669	8218	1	1,282,3004,5125,1661,63,0
6	None	571	40516	1011	1033	1	1,564,8735,20674,9827,715,0
6	None	305	12728	1860	1967	1	1,298,3464,6478,2372,115,0
6	None	451	26940	3099	3193	1	1,444,6291,13813,6012,379,0
6	None	547	43042	7145	7289	1	1,540,8717,21721,11116,944,3
6	None	497	27402	19193	19800	1	1,490,6721,14125,5751,314,0
6	None	221	11492	1336	1409	1	1,214,2736,5827,2544,170,0
6	None	247	9762	7196	7671	1	1,240,2718,4962,1760,81,0
6	None	293	14564	3435	3599	1	1,286,3649,7452,3007,169,0
6	None	355	15742	5713	5985	1	1,348,4237,8065,2952,139,0
6	None	253	9442	2345	2511	1	1,246,2693,4780,1649,73,0
6	None	245	10634	2557	2718	1	1,238,2788,5397,2095,115,0
6	None	207	6840	2597	2836	1	1,200,2033,3431,1128,47,0
6	None	735	60280	39937	40543	1	1,728,12276,30700,15365,1208,2
6	None	387	27938	18710	19211	1	1,380,5850,14148,7000,558,1
6	None	497	28384	19762	20359	1	1,490,6819,14588,6124,362,0
6	None	317	15616	11090	11591	1	1,310,3956,7998,3178,173,0
6	None	381	18588	13257	13810	1	1,374,4767,9523,3723,200,0
6	None	365	20374	7081	7350	1	1,358,4832,10397,4498,288,0
6	None	587	38608	26353	26943	1	1,580,8749,19850,8855,573,0
6	None	269	11752	2831	2997	1	1,262,3105,5978,2283,123,0
6	None	223	7608	2879	3121	1	1,216,2253,3837,1252,49,0
6	None	323	14224	5140	5417	1	1,316,3748,7223,2784,152,0
6	None	221	8326	6137	6635	1	1,214,2290,4180,1557,84,0
6	None	261	9012	3425	3677	1	1,254,2719,4585,1412,41,0
6	None	477	32624	22063	22621	1	1,470,7083,16590,7887,592,1
6	None	215	7424	5605	6076	1	1,208,2197,3765,1211,42,0
6	None	217	7232	5477	5976	1	1,210,2134,3627,1209,51,0
6	None	235	8912	1319	1417	1	1,228,2493,4504,1609,77,0
6	None	265	9182	6959	7482	1	1,258,2740,4653,1479,51,0
6	None	267	13954	9764	10233	1	1,260,3366,7104,3032,191,0
6	None	225	9560	1153	1230	1	1,218,2531,4855,1856,99,0
6	None	303	17436	12029	12520	1	1,296,4038,8883,3953,265,0
6	None	1349	152260	97505	98198	1	1,1342,26821,76159,43683,4236,18
6	None	289	10016	7609	8153	1	1,282,3001,5064,1607,61,0
6	None	423	21848	15441	16015	1	1,416,5465,11202,4511,253,0
6	None	495	38018	422	431	1	1,488,7816,19253,9668,790,2
6	None	489	30104	20713	21278	1	1,482,6970,15445,6773,433,0
6	None	511	29250	10195	10486	1	1,504,7074,15073,6242,356,0
6	None	203	7066	5297	5771	1	1,196,2037,3554,1223,55,0
6	None	343	14658	3569	3750	1	1,336,4003,7491,2701,126,0
6	None	221	8528	524	563	1	1,214,2368,4317,1552,76,0
6	None	337	18388	1283	1334	1	1,330,4420,9401,3990,246,0
6	None	285	12794	9219	9718	1	1,278,3371,6543,2477,124,0
6	None	371	16950	12229	12790	1	1,364,4487,8683,3255,160,0
6	None	623	43094	29179	29796	1	1,616,9491,22089,10197,700,0
6	None	515	30932	21360	21961	1	1,508,7240,15872,6880,431,0
6	None	311	13704	2482	2613	1	1,304,3671,7019,2586,123,0
6	None	237	10770	2567	2724	1	1,230,2765,5481,2171,122,0
6	None	237	6432	5137	5671	1	1,230,2136,3176,865,24,0
6	None	301	15904	5566	5813	1	1,294,3847,8109,3438,215,0
6	None	239	10756	1101	1168	1	1,232,2768,5459,2171,125,0
6	None	327	17052	11977	12491	1	1,320,4167,8698,3643,223,0
6	None	291	15156	10618	11115	1	1,284,3665,7708,3288,210,0
6	None	247	10192	7443	7918	1	1,240,2771,5187,1901,92,0
6	None	341	19820	13658	14189	1	1,334,4514,9998,4620,352,1
6	None	805	59888	20105	20439	1	1,798,12843,30693,14524,1029,0
6	None	209	5822	4580	5099	1	1,202,1862,2870,856,31,0
6	None	249	13320	9264	9725	1	1,242,3140,6748,2984,205,0
6	None	321	14442	1733	1824	1	1,314,3770,7341,2858,158,0
6	None	215	7736	5779	6251	1	1,208,2216,3904,1347,60,0
6	None	251	13418	9343	9797	1	1,244,3180,6810,2983,200,0
6	None	267	10368	7684	8185	1	1,260,2940,5288,1804,75,0
6	None	209	9472	6766	7199	1	1,202,2418,4810,1930,111,0
6	None	891	74884	8251	8359	1	1,884,15238,38295,19030,1436,0
6	None	249	9766	7203	7688	1	1,242,2718,4955,1767,83,0
6	None	325	15944	5665	5921	1	1,318,4036,8147,3258,184,0
6	None	311	12302	9094	9639	1	1,304,3450,6254,2194,99,0
6	None	227	11414	8018	8457	1	1,220,2779,5798,2460,156,0
6	None	429	23384	16385	16942	1	1,422,5703,11983,4979,296,0
6	None	319	21534	14508	15001	1	1,312,4536,10800,5416,467,2
6	None	217	8102	3003	3238	1	1,210,2273,4087,1460,71,0
6	None	239	9766	1425	1522	1	1,232,2645,4963,1835,90,0
6	None	729	65410	42839	43440	1	1,722,12647,33007,17495,1533,5
6	None	637	59398	38684	39259	1	1,630,11114,29708,16386,1552,7
6	None	225	9258	6725	7204	1	1,218,2465,4681,1795,98,0
6	None	273	14884	5168	5407	1	1,266,3502,7559,3332,224,0
6	None	255	10864	1577	1674	1	1,248,2910,5537,2065,103,0
6	None	269	11868	8559	9053	1	1,262,3111,6028,2337,129,0
6	None	357	19370	13540	14063	1	1,350,4681,9904,4178,256,0
6	None	229	9200	3359	3602	1	1,222,2488,4657,1742,90,0
6	None	271	15846	10873	11352	1	1,264,3549,7967,3765,299,1
6	None	647	51690	17161	17457	1	1,640,10577,26277,13148,1045,2
6	None	647	52280	34638	35255	1	1,640,10502,26370,13594,1169,4
6	None	277	13160	9386	9863	1	1,270,3374,6738,2638,139,0
6	None	495	30100	2304	2369	1	1,488,6987,15430,6762,432,0
6	None	295	12890	9343	9852	1	1,288,3448,6587,2447,119,0
6	None	295	15256	2675	2801	1	1,288,3703,7763,3294,207,0
6	None	261	11692	4205	4444	1	1,254,3047,5947,2316,127,0
6	None	269	9328	7077	7597	1	1,262,2791,4728,1495,51,0
6	None	231	8542	6375	6848	1	1,224,2467,4357,1441,52,0
6	None	417	23642	16457	16999	1	1,410,5678,12152,5101,300,0
6	None	333	11764	4453	4748	1	1,326,3477,5927,1952,81,0
6	None	251	13130	9176	9633	1	1,244,3152,6676,2872,185,0
6	None	295	10384	7862	8411	1	1,288,3094,5270,1674,57,0
6	None	345	20100	6933	7193	1	1,338,4662,10255,4542,302,0
6	None	405	22650	5253	5441	1	1,398,5380,11548,4999,324,0
6	None	283	14866	10393	10884	1	1,276,3570,7555,3253,211,0
6	None	307	12064	4458	4733	1	1,300,3368,6111,2180,104,0
6	None	241	9924	7227	7714	1	1,234,2665,5027,1897,100,0
6	None	627	39050	5377	5503	1	1,620,9079,20078,8727,545,0
6	None	235	10360	3721	3958	1	1,228,2680,5249,2082,120,0
6	None	253	9928	7321	7816	1	1,246,2772,5055,1777,77,0
6	None	385	20518	14410	14947	1	1,378,5040,10518,4330,251,0
6	None	261	10956	1992	2117	1	1,254,2936,5557,2096,112,0
6	None	285	9758	1857	1993	1	1,278,2943,4943,1542,51,0
6	None	365	17122	12269	12835	1	1,358,4422,8724,3425,192,0
6	None	241	7866	6027	6533	1	1,234,2401,3964,1225,41,0
6	None	231	8056	6060	6563	1	1,224,2346,4058,1368,59,0
6	None	347	14864	3608	3799	1	1,340,4016,7580,2792,135,0
6	None	257	14620	65	68	1	1,250,3327,7367,3411,263,1
6	None	255	11464	8237	8714	1	1,248,2985,5839,2267,124,0
6	None	275	13890	9773	10262	1	1,268,3400,7061,2973,187,0
6	None	315	15366	5459	5716	1	1,308,3892,7857,3134,174,0
6	None	233	7648	5846	6347	1	1,226,2320,3850,1206,45,0
6	None	247	9804	7217	7698	1	1,240,2725,4991,1767,80,0
6	None	623	52446	17284	17579	1	1,616,10358,26459,13812,1196,4
6	None	319	11388	8591	9171	1	1,312,3339,5742,1913,81,0
6	None	229	9554	6938	7407	1	1,222,2548,4842,1842,99,0
6	None	271	13690	4819	5058	1	1,264,3365,6975,2908,177,0
6	None	343	19552	1128	1171	1	1,336,4579,9971,4378,287,0
6	None	233	10916	7761	8222	1	1,226,2758,5557,2245,129,0
6	None	233	9340	3418	3659	1	1,226,2549,4741,1738,85,0
6	None	423	26072	17893	18433	1	1,416,5972,13342,5949,392,0
6	None	285	11814	4318	4577	1	1,278,3223,6017,2190,105,0
6	None	221	8428	6209	6695	1	1,214,2323,4246,1563,81,0
6	None	377	23494	2008	2073	1	1,370,5302,11985,5460,376,0
6	None	207	7600	1879	2036	1	1,200,2131,3825,1375,68,0
6	None	371	21002	14577	15109	1	1,364,4963,10724,4651,299,0
6	None	375	21072	14646	15181	1	1,368,5003,10766,4640,294,0
6	None	277	12032	8705	9212	1	1,270,3184,6115,2337,125,0
6	None	925	77576	51333	51982	1	1,918,15912,39817,19509,1419,0
6	None	625	48302	32201	32797	1	1,618,10007,24544,12167,963,2
6	None	279	13270	4727	4969	1	1,272,3372,6759,2710,156,0
6	None	323	20024	141	146	1	1,316,4498,10201,4681,327,0
6	None	239	8116	1234	1333	1	1,232,2443,4114,1284,42,0
6	None	455	22642	16149	16733	1	1,448,5837,11656,4475,225,0
6	None	479	30488	6947	7137	1	1,472,6896,15596,7049,474,0
6	None	223	8348	6189	6668	1	1,216,2351,4225,1487,68,0
6	None	327	18608	6444	6691	1	1,320,4362,9487,4164,274,0
6	None	257	10208	3751	4003	1	1,250,2814,5179,1874,90,0
6	None	361	13120	4942	5253	1	1,354,3849,6641,2186,89,0
6	None	287	14616	10283	10775	1	1,280,3586,7448,3111,190,0
6	None	257	11552	8293	8777	1	1,250,2993,5872,2307,129,0
6	None	207	9592	6821	7252	1	1,200,2415,4865,1991,120,0
6	None	379	23296	15971	16487	1	1,372,5306,11896,5359,362,0
6	None	325	10186	881	948	1	1,318,3221,5113,1487,46,0
6	None	303	15946	11161	11664	1	1,296,3852,8123,3457,217,0
6	None	335	15892	2839	2974	1	1,328,4097,8139,3162,165,0
6	None	499	38944	12943	13210	1	1,492,7953,19719,9960,817,2
6	None	229	9508	6906	7379	1	1,222,2531,4808,1844,102,0
6	None	337	22090	14972	15461	1	1,330,4805,11188,5352,413,1
6	None	307	16542	11527	12036	1	1,300,3932,8403,3663,243,0
6	None	335	15074	10898	11431	1	1,328,4022,7734,2854,135,0
6	None	329	17758	827	861	1	1,322,4282,9076,3841,236,0
6	None	439	30452	20531	21066	1	1,432,6572,15521,7387,539,0
6	None	631	54300	35695	36283	1	1,624,10625,27386,14405,1255,4
6	None	229	8624	6394	6875	1	1,222,2438,4382,1518,63,0
6	None	265	9252	6992	7523	1	1,258,2735,4676,1522,60,0
6	None	323	15866	2251	2356	1	1,316,3992,8099,3271,187,0
6	None	303	14166	10126	10645	1	1,296,3635,7218,2856,160,0
6	None	275	9404	7151	7684	1	1,268,2813,4737,1525,60,0
6	None	287	12888	3093	3263	1	1,280,3386,6586,2507,128,0
6	None	321	16362	11526	12047	1	1,314,4027,8336,3472,212,0
6	None	217	6504	2529	2779	1	1,210,2041,3241,976,35,0
6	None	331	17052	12013	12526	1	1,324,4212,8713,3589,213,0
6	None	465	26902	18654	19243	1	1,458,6343,13748,5968,384,0
6	None	443	25808	17881	18447	1	1,436,6094,13228,5693,356,0
6	None	259	11980	8571	9043	1	1,252,3096,6128,2379,124,0
6	None	211	7226	5449	5930	1	1,204,2121,3643,1207,50,0
6	None	241	7842	5996	6515	1	1,234,2366,3926,1264,51,0
6	None	381	22434	2579	2668	1	1,374,5197,11443,5080,339,0
6	None	325	15768	5603	5870	1	1,318,3988,8049,3230,182,0
6	None	215	9010	6519	6982	1	1,208,2375,4559,1769,98,0
6	None	233	11050	979	1037	1	1,226,2754,5601,2324,144,0
6	None	265	12236	8737	9233	1	1,258,3122,6218,2493,144,0
6	None	471	30944	21053	21611	1	1,464,6897,15822,7259,501,0
6	None	227	8644	94	101	1	1,220,2415,4371,1562,75,0
6	None	453	24442	17123	17732	1	1,446,5918,12455,5287,335,0
6	None	375	18514	13141	13713	1	1,368,4660,9442,3821,222,0
6	None	241	11648	8249	8706	1	1,234,2912,5933,2425,143,0
6	None	247	9664	3561	3808	1	1,240,2687,4907,1748,81,0
6	None	259	11162	1347	1429	1	1,252,2973,5693,2136,107,0
6	None	815	70568	23222	23541	1	1,808,13951,35749,18502,1553,4
6	None	497	41344	27245	27786	1	1,490,8107,20763,10991,988,4
6	None	455	36206	11992	12251	1	1,448,7255,18235,9444,820,3
6	None	385	21036	4902	5081	1	1,378,5092,10770,4522,273,0
6	None	1521	183552	58394	58755	1	1,1514,31333,91391,53872,5416,25
6	None	217	8366	6161	6628	1	1,210,2307,4221,1547,80,0
6	None	347	21272	14557	15068	1	1,340,4798,10823,4961,349,0
6	None	201	7972	1943	2092	1	1,194,2166,4039,1497,75,0
6	None	377	20574	14364	14911	1	1,370,4947,10508,4470,278,0
6	None	701	56610	37543	38154	1	1,694,11614,28905,14315,1081,0
6	None	315	15620	2763	2894	1	1,308,3901,7971,3250,189,0
6	None	371	19730	13840	14379	1	1,364,4809,10076,4222,258,0
6	None	285	12404	8969	9489	1	1,278,3275,6300,2419,131,0
6	None	355	14034	10427	10991	1	1,348,4015,7182,2397,91,0
6	None	417	25286	5800	5979	1	1,410,5844,12948,5712,371,0
6	None	607	38326	1549	1585	1	1,600,8879,19744,8575,527,0
6	None	301	19276	13077	13558	1	1,294,4178,9711,4711,380,1
6	None	213	8424	3087	3317	1	1,206,2309,4277,1556,75,0
6	None	209	8566	152	163	1	1,202,2302,4350,1628,83,0
6	None	301	12856	779	823	1	1,294,3449,6535,2450,127,0
6	None	209	6354	547	601	1	1,202,1983,3180,957,31,0
6	None	233	10906	3878	4107	1	1,226,2748,5535,2260,136,0
6	None	201	9118	3252	3467	1	1,194,2319,4629,1866,109,0
6	None	459	24136	17002	17609	1	1,452,5955,12330,5092,306,0
6	None	273	11960	4317	4570	1	1,266,3152,6089,2330,122,0
6	None	227	11074	7808	8261	1	1,220,2713,5602,2382,156,0
6	None	251	9622	1781	1905	1	1,244,2699,4871,1726,81,0
6	None	303	15660	3665	3833	1	1,296,3808,7960,3379,216,0
6	None	347	21804	7435	7689	1	1,340,4834,11041,5192,395,1
6	None	233	9782	2369	2524	1	1,226,2625,4981,1857,92,0
6	None	289	14116	5006	5253	1	1,282,3553,7209,2906,165,0
6	None	433	23886	8344	8629	1	1,426,5762,12215,5164,318,0
6	None	275	10876	8023	8536	1	1,268,3037,5533,1949,88,0
6	None	361	17352	12397	12940	1	1,354,4473,8893,3451,180,0
6	None	299	13336	9633	10141	1	1,292,3538,6822,2557,126,0
6	None	391	21932	15280	15807	1	1,384,5270,11254,4740,283,0
6	None	203	6798	5158	5621	1	1,196,2034,3440,1090,37,0
6	None	297	16442	11407	11899	1	1,290,3857,8350,3693,251,0
6	None	207	6542	358	393	1	1,200,1985,3273,1042,41,0
6	None	269	10224	842	901	1	1,262,2874,5172,1830,85,0
6	None	291	18336	12469	12940	1	1,284,4010,9249,4439,352,1
6	None	211	4350	1237	1421	1	1,204,1635,2062,441,7,0
6	None	367	18192	4303	4488	1	1,360,4576,9279,3757,219,0
6	None	367	20112	14033	14568	1	1,360,4833,10281,4367,270,0
6	None	645	40874	9353	9568	1	1,638,9417,21009,9225,584,0
6	None	303	13100	2378	2509	1	1,296,3516,6685,2480,122,0
6	None	309	17366	12041	12526	1	1,302,4084,8853,3873,253,0
6	None	429	26826	9187	9457	1	1,422,6107,13725,6160,411,0
6	None	359	19944	13863	14402	1	1,352,4716,10153,4431,291,0
6	None	213	9328	6698	7149	1	1,206,2413,4730,1872,106,0
6	None	311	13242	9650	10181	1	1,304,3588,6756,2474,119,0
6	None	387	25114	8540	8797	1	1,380,5579,12817,5922,415,0
6	None	205	5506	1455	1627	1	1,198,1780,2690,805,32,0
6	None	981	105814	22663	22875	1	1,974,18840,52876,30179,2931,13
6	None	283	9524	7263	7816	1	1,276,2865,4789,1533,60,0
6	None	263	10360	7641	8144	1	1,256,2898,5283,1845,77,0
6	None	203	9208	6569	7001	1	1,196,2343,4676,1883,109,0
6	None	229	11536	8095	8541	1	1,222,2791,5844,2513,165,0
6	None	437	26972	18515	19062	1	1,430,6189,13815,6137,400,0
6	None	989	92512	60399	61051	1	1,982,17854,46956,24651,2064,4
6	None	215	7332	5549	6016	1	1,208,2163,3685,1223,52,0
6	None	323	17548	6125	6373	1	1,316,4226,8975,3798,232,0
6	None	219	8726	6392	6853	1	1,212,2386,4428,1620,79,0
6	None	539	39912	3341	3411	1	1,532,8444,20369,9840,726,0
6	None	201	6652	2527	2760	1	1,194,1993,3359,1068,37,0
6	None	275	12140	8775	9263	1	1,268,3226,6208,2323,114,0
6	None	209	7868	5815	6281	1	1,202,2198,3982,1419,66,0
6	None	533	32912	22636	23237	1	1,526,7598,16864,7440,483,0
6	None	385	27102	18209	18717	1	1,378,5728,13712,6743,539,1
6	None	239	11128	1585	1678	1	1,232,2818,5653,2289,135,0
6	None	407	19388	13887	14476	1	1,400,5032,9935,3823,197,0
6	None	269	14088	9850	10331	1	1,262,3395,7176,3060,194,0
6	None	271	11654	8438	8945	1	1,264,3081,5906,2276,126,0
6	None	207	5084	4135	4658	1	1,200,1748,2481,639,15,0
6	None	377	23636	16145	16664	1	1,370,5312,12047,5521,385,0
6	None	311	12626	9288	9827	1	1,304,3503,6432,2282,104,0
6	None	317	17318	2414	2513	1	1,310,4146,8848,3778,235,0
6	None	205	5506	2191	2442	1	1,198,1807,2707,768,25,0
6	None	439	23712	2081	2152	1	1,432,5837,12187,4974,281,0
6	None	255	10658	7764	8251	1	1,248,2882,5430,2000,97,0
6	None	351	19518	13579	14098	1	1,344,4647,9971,4285,270,0
6	None	359	15476	11281	11847	1	1,352,4203,7910,2875,135,0
6	None	253	10490	7655	8139	1	1,246,2852,5348,1951,92,0
6	None	409	20222	14399	14970	1	1,402,5164,10365,4071,219,0
6	None	229	9374	6829	7304	1	1,222,2525,4757,1779,90,0
6	None	245	9480	7009	7494	1	1,238,2658,4813,1693,77,0
6	None	281	12790	9167	9676	1	1,274,3289,6485,2589,152,0
6	None	251	9866	1038	1109	1	1,244,2736,5006,1794,85,0
6	None	267	11380	8272	8763	1	1,260,3066,5810,2140,103,0
6	None	283	15084	3509	3670	1	1,276,3607,7671,3313,216,0
6	None	487	36960	24647	25188	1	1,480,7622,18703,9383,769,2
6	None	295	13902	4966	5215	1	1,288,3565,7089,2802,157,0
6	None	205	6720	2559	2795	1	1,198,2023,3389,1072,37,0
6	None	243	10060	7319	7810	1	1,236,2702,5109,1915,97,0
6	None	227	5946	4752	5305	1	1,220,1953,2894,846,32,0
6	None	211	8190	2011	2161	1	1,204,2276,4160,1481,68,0
6	None	533	32262	22285	22871	1	1,526,7573,16582,7139,441,0
6	None	957	86490	28333	28660	1	1,950,17024,44121,22618,1776,0
6	None	361	20876	14423	14952	1	1,354,4846,10623,4731,321,0
6	None	223	9086	3313	3545	1	1,216,2447,4597,1732,93,0
6	None	265	11614	4193	4439	1	1,258,3062,5911,2262,120,0
6	None	329	17218	189	197	1	1,322,4228,8813,3640,214,0
6	None	357	16910	12115	12657	1	1,350,4398,8674,3319,168,0
6	None	291	12424	9040	9551	1	1,284,3352,6338,2336,113,0
6	None	347	18828	6566	6833	1	1,340,4496,9583,4140,268,0
6	None	773	52956	7199	7332	1	1,766,11861,27257,12273,798,0
6	None	273	8816	1693	1833	1	1,266,2702,4433,1368,46,0
6	None	411	20492	14542	15135	1	1,404,5159,10460,4224,244,0
6	None	869	74236	48944	49617	1	1,862,14771,37622,19362,1614,4
6	None	233	7730	1964	2129	1	1,226,2318,3878,1256,51,0
6	None	231	8626	6398	6891	1	1,224,2430,4362,1538,71,0
6	None	285	12260	8890	9407	1	1,278,3267,6236,2356,122,0
6	None	321	12814	9470	10013	1	1,314,3596,6524,2278,101,0
6	None	225	8298	6167	6655	1	1,218,2348,4192,1471,68,0
6	None	215	8130	5997	6476	1	1,208,2250,4099,1497,75,0
6	None	259	11724	8417	8894	1	1,252,3049,5979,2319,124,0
6	None	253	10394	2533	2694	1	1,246,2835,5291,1929,92,0
6	None	521	34956	23737	24312	1	1,514,7753,17889,8231,568,0
6	None	219	7236	5507	5997	1	1,212,2173,3648,1161,41,0
6	None	1287	138000	88817	89514	1	1,1280,24972,69397,38753,3585,12
6	None	457	24906	17445	18038	1	1,450,6064,12757,5317,317,0
6	None	235	6042	2423	2715	1	1,228,2009,2949,828,27,0
6	None	291	10230	1934	2071	1	1,284,3017,5155,1702,71,0
6	None	223	7476	2828	3081	1	1,216,2193,3737,1270,59,0
6	None	659	60492	19739	20029	1	1,652,11459,30357,16500,1517,6
6	None	273	12348	8846	9359	1	1,266,3170,6258,2506,147,0
6	None	213	7894	5854	6325	1	1,206,2218,3984,1418,67,0
6	None	249	10688	7735	8221	1	1,242,2840,5446,2055,104,0
6	None	467	32152	21717	22270	1	1,460,6949,16341,7809,591,1
6	None	285	13996	583	612	1	1,278,3504,7143,2903,167,0
6	None	329	14764	2663	2799	1	1,322,3885,7519,2882,155,0
6	None	229	8960	6598	7067	1	1,222,2484,4546,1630,77,0
6	None	359	17640	12550	13091	1	1,352,4497,9044,3556,190,0
6	None	215	10042	7129	7574	1	1,208,2516,5093,2097,127,0
6	None	549	33764	23267	23863	1	1,542,7886,17384,7495,456,0
6	None	315	21016	14194	14669	1	1,308,4507,10616,5170,413,1
6	None	263	10122	7484	8003	1	1,256,2830,5126,1824,85,0
6	None	501	36514	24490	25047	1	1,494,7683,18500,9104,730,2
6	None	217	8264	6106	6573	1	1,210,2310,4188,1486,69,0
6	None	1191	121832	26263	26496	1	1,1184,22450,61313,33779,3094,11
6	None	299	16674	11557	12048	1	1,292,3904,8475,3749,253,0
6	None	327	20514	13974	14477	1	1,320,4517,10360,4930,385,1
6	None	225	8734	1605	1726	1	1,218,2401,4415,1618,81,0
6	None	287	11764	8603	9138	1	1,280,3206,5981,2191,105,0
6	None	273	9040	6920	7463	1	1,266,2757,4564,1406,46,0
6	None	333	15778	11283	11812	1	1,326,4064,8059,3155,173,0
6	None	203	6550	5002	5477	1	1,196,1983,3298,1036,36,0
6	None	209	6442	1241	1364	1	1,202,1973,3207,1018,41,0
6	None	481	28172	19533	20105	1	1,474,6668,14446,6197,386,0
6	None	223	7696	1451	1573	1	1,216,2255,3875,1294,55,0
6	None	329	12792	9509	10063	1	1,322,3639,6502,2231,97,0
6	None	621	35100	24562	25207	1	1,614,8578,18082,7406,419,0
6	None	313	16074	11321	11821	1	1,306,3969,8216,3383,199,0
6	None	303	14896	5275	5531	1	1,296,3722,7587,3106,184,0
6	None	203	7208	5384	5853	1	1,196,2060,3628,1264,59,0
6	None	495	35010	23592	24137	1	1,488,7542,17850,8498,630,1
6	None	375	23170	7929	8191	1	1,368,5238,11807,5382,374,0
6	None	357	16646	11931	12500	1	1,350,4307,8489,3317,182,0
6	None	233	6578	2607	2864	1	1,226,2162,3277,890,22,0
6	None	225	8016	6009	6491	1	1,218,2311,4034,1387,65,0
6	None	247	10936	1574	1669	1	1,240,2854,5560,2162,119,0
6	None	275	12784	9129	9629	1	1,268,3271,6512,2587,145,0
6	None	239	8686	6501	6992	1	1,232,2510,4399,1481,63,0
6	None	285	10542	7911	8426	1	1,278,3086,5377,1739,61,0
6	None	361	26384	17625	18118	1	1,354,5439,13291,6727,570,2
6	None	387	22276	5148	5323	1	1,380,5263,11406,4918,308,0
6	None	425	21508	15245	15834	1	1,418,5415,11011,4415,248,0
6	None	339	16996	2404	2511	1	1,332,4235,8668,3550,210,0
6	None	419	25150	3463	3574	1	1,412,5804,12849,5707,377,0
6	None	549	44496	29440	30009	1	1,542,8860,22376,11680,1033,4
6	None	431	23266	16319	16894	1	1,424,5706,11949,4907,279,0
6	None	669	51502	34359	34982	1	1,662,10695,26171,12949,1022,2
6	None	215	8344	3064	3301	1	1,208,2293,4225,1542,75,0
6	None	479	27164	9475	9759	1	1,472,6577,13985,5796,333,0
6	None	341	15768	5663	5935	1	1,334,4114,8059,3098,162,0
6	None	297	12330	8997	9538	1	1,290,3323,6239,2351,126,0
6	None	267	16074	2746	2863	1	1,260,3559,8089,3856,308,1
6	None	257	11334	8164	8651	1	1,250,2956,5746,2252,129,0
6	None	461	30282	6871	7051	1	1,454,6782,15526,7049,470,0
6	None	303	11376	8491	9041	1	1,296,3259,5760,1973,87,0
6	None	545	30148	21113	21752	1	1,538,7351,15469,6411,378,0
6	None	619	41454	14103	14416	1	1,612,9245,21213,9706,676,1
6	None	233	7922	6001	6504	1	1,226,2352,3995,1297,51,0
6	None	349	16066	11554	12101	1	1,342,4197,8198,3160,168,0
6	None	289	12944	9318	9833	1	1,282,3388,6596,2542,135,0
6	None	285	12670	9127	9639	1	1,278,3307,6430,2513,141,0
6	None	219	7288	5539	6026	1	1,212,2175,3663,1189,48,0
6	None	329	16566	1951	2038	1	1,322,4114,8441,3478,210,0
6	None	221	8730	6407	6872	1	1,214,2400,4431,1607,77,0
6	None	893	86926	56450	57089	1	1,886,16237,43714,23896,2184,8
6	None	201	6360	4874	5347	1	1,194,1928,3178,1018,41,0
6	None	953	85336	56005	56658	1	1,946,16787,43363,22391,1844,4
6	None	611	49742	343	349	1	1,604,10045,25227,12818,1045,2
6	None	501	39926	6616	6751	1	1,494,8037,20145,10360,886,3
6	None	237	9828	7142	7629	1	1,230,2628,4984,1886,99,0
6	None	203	10356	3617	3828	1	1,196,2467,5235,2300,157,0
6	None	569	34854	12011	12321	1	1,562,8119,17901,7784,487,0
6	None	409	23332	16197	16750	1	1,402,5526,11933,5145,325,0
6	None	407	20008	14253	14831	1	1,400,5115,10254,4023,215,0
6	None	261	11264	8146	8643	1	1,254,2974,5718,2198,119,0
6	None	235	10220	7367	7839	1	1,228,2682,5200,2003,106,0
6	None	357	22504	7677	7927	1	1,350,5036,11463,5282,372,0
6	None	343	17416	6150	6413	1	1,336,4320,8879,3660,220,0
6	None	347	16614	3951	4133	1	1,340,4239,8466,3375,193,0
6	None	339	16982	12031	12553	1	1,332,4282,8714,3467,186,0
6	None	229	8478	6308	6793	1	1,222,2416,4300,1476,63,0
6	None	229	11624	8139	8591	1	1,222,2789,5878,2561,173,0
6	None	309	15366	10874	11381	1	1,302,3838,7840,3198,187,0
6	None	245	8426	3192	3445	1	1,238,2514,4271,1356,46,0
6	None	371	19392	13652	14189	1	1,364,4791,9930,4070,236,0
6	None	223	6884	5332	5825	1	1,216,2151,3454,1030,32,0
6	None	267	10148	7528	8049	1	1,260,2858,5132,1812,85,0
6	None	289	13490	9633	10144	1	1,282,3445,6861,2743,158,0
6	None	341	15850	11386	11923	1	1,334,4151,8124,3084,156,0
6	None	205	8384	554	595	1	1,198,2243,4250,1608,84,0
6	None	251	10292	7498	8005	1	1,244,2764,5208,1970,105,0
6	None	211	7170	1807	1965	1	1,204,2114,3608,1193,50,0
6	None	227	8848	6515	6989	1	1,220,2456,4494,1603,74,0
6	None	367	17770	6343	6615	1	1,360,4572,9107,3542,188,0
6	None	207	5444	4349	4870	1	1,200,1808,2681,733,21,0
6	None	273	11834	8569	9070	1	1,266,3151,6035,2267,114,0
6	None	247	8016	6133	6666	1	1,240,2426,4017,1281,51,0
6	None	753	57718	19288	19611	1	1,746,12161,29515,14244,1050,1
6	None	267	12896	9137	9627	1	1,260,3216,6548,2705,166,0
6	None	215	9750	774	823	1	1,208,2488,4946,1990,117,0
6	None	203	6342	4868	5353	1	1,196,1928,3164,1012,41,0
6	None	651	42364	14483	14803	1	1,644,9636,21759,9694,630,0
6	None	249	9918	7273	7775	1	1,242,2713,5022,1847,93,0
6	None	235	11236	7950	8419	1	1,228,2784,5690,2382,151,0
6	None	821	61686	5914	6007	1	1,814,13279,31742,14840,1010,0
6	None	393	26026	17650	18163	1	1,386,5730,13282,6190,437,0
6	None	221	8070	1201	1298	1	1,214,2285,4067,1435,68,0
6	None	273	11776	1706	1807	1	1,266,3132,5994,2266,117,0
6	None	249	9996	7309	7817	1	1,242,2704,5046,1901,102,0
6	None	373	25366	17115	17624	1	1,366,5427,12823,6251,497,1
6	None	229	10118	3625	3863	1	1,222,2585,5101,2080,129,0
6	None	247	9542	1408	1509	1	1,240,2656,4836,1728,81,0
6	None	429	24774	17187	17741	1	1,422,5876,12706,5435,334,0
6	None	275	13062	9298	9789	1	1,268,3312,6652,2674,155,0
6	None	257	10466	3821	4076	1	1,250,2827,5295,1988,105,0
6	None	411	21774	15319	15879	1	1,404,5386,11180,4547,256,0
6	None	277	11934	8655	9157	1	1,270,3186,6078,2283,116,0
6	None	227	10926	3863	4088	1	1,220,2706,5541,2314,144,0
6	None	823	61672	41397	42059	1	1,816,13217,31616,14953,1068,1
6	None	257	13548	4726	4961	1	1,250,3234,6883,2984,196,0
6	None	603	45668	10171	10370	1	1,596,9520,23189,11453,907,2
6	None	221	9680	2314	2471	1	1,214,2483,4886,1976,120,0
6	None	607	44192	29687	30299	1	1,600,9381,22454,10905,849,2
6	None	235	8574	3201	3445	1	1,228,2452,4327,1498,68,0
6	None	327	16372	5779	6049	1	1,320,4040,8315,3478,218,0
6	None	763	65800	43300	43937	1	1,756,12936,33218,17378,1506,5
6	None	319	15252	10883	11399	1	1,312,3910,7800,3063,166,0
6	None	381	22406	3095	3199	1	1,374,5225,11454,5025,327,0
6	None	325	14572	10516	11053	1	1,318,3836,7420,2844,153,0
6	None	209	7534	5622	6089	1	1,202,2156,3808,1310,57,0
6	None	279	9190	1405	1518	1	1,272,2771,4603,1483,60,0
6	None	231	9054	6670	7139	1	1,224,2518,4602,1634,75,0
6	None	327	13546	9931	10481	1	1,320,3721,6896,2489,119,0
6	None	597	38764	6623	6777	1	1,590,8801,19903,8890,579,0
6	None	273	10458	1938	2069	1	1,266,2945,5299,1862,85,0
6	None	507	32744	11177	11466	1	1,500,7391,16775,7572,505,0
6	None	543	42492	28249	28809	1	1,536,8698,21542,10833,880,2
6	None	419	23666	5488	5675	1	1,412,5654,12128,5156,315,0
6	None	217	9658	1731	1843	1	1,210,2494,4909,1936,108,0
6	None	547	32084	22249	22877	1	1,540,7602,16462,7045,434,0
6	None	265	15278	2626	2745	1	1,258,3445,7685,3604,284,1
6	None	317	17632	6129	6374	1	1,310,4200,9025,3858,238,0
6	None	205	8734	3149	3372	1	1,198,2282,4421,1734,98,0
6	None	287	10318	3871	4152	1	1,280,2984,5201,1774,78,0
6	None	273	12424	8893	9403	1	1,266,3185,6302,2523,147,0
6	None	213	9854	3504	3725	1	1,206,2476,4987,2056,128,0
6	None	281	13004	9296	9801	1	1,274,3331,6614,2634,150,0
6	None	271	11914	8583	9092	1	1,264,3102,6031,2379,137,0
6	None	301	17348	11969	12454	1	1,294,4022,8845,3925,261,0
6	None	699	57150	37849	38459	1	1,692,11540,28958,14739,1217,3
6	None	201	6798	321	350	1	1,194,1997,3415,1142,49,0
6	None	209	7256	5441	5926	1	1,202,2087,3639,1267,60,0
6	None	205	7872	2894	3125	1	1,198,2163,3973,1462,75,0
6	None	259	9816	7275	7796	1	1,252,2760,4967,1755,81,0
6	None	265	12486	8911	9381	1	1,258,3206,6390,2499,132,0
6	None	461	30338	20610	21181	1	1,454,6659,15388,7282,553,1
6	None	1165	123348	26484	26717	1	1,1158,22237,61776,34838,3324,14
6	None	605	36200	12532	12853	1	1,598,8563,18621,7938,479,0
6	None	209	7832	5795	6259	1	1,202,2190,3956,1415,68,0
6	None	267	9026	6867	7405	1	1,260,2701,4540,1465,59,0
6	None	215	6970	157	171	1	1,208,2133,3525,1072,31,0
6	None	273	11844	8577	9076	1	1,266,3155,6041,2267,114,0
6	None	769	73076	9509	9630	1	1,762,13751,36763,19983,1810,6
6	None	329	17106	6013	6270	1	1,322,4198,8737,3630,218,0
6	None	213	7950	5893	6358	1	1,206,2233,4015,1427,68,0
6	None	205	9236	6593	7032	1	1,198,2346,4675,1901,115,0
6	None	307	14240	3403	3574	1	1,300,3694,7273,2821,151,0
6	None	851	76318	50011	50668	1	1,844,14766,38483,20419,1799,6
6	None	247	8342	6311	6851	1	1,240,2451,4178,1409,63,0
6	None	207	6826	1732	1889	1	1,200,2054,3446,1088,37,0
6	None	271	11772	2836	3005	1	1,264,3107,5984,2294,122,0
6	None	201	5402	4292	4797	1	1,194,1773,2666,746,22,0
6	None	207	9752	6900	7343	1	1,200,2410,4926,2080,135,0
6	None	469	27464	9503	9798	1	1,462,6439,14039,6128,395,0
6	None	625	48174	10713	10907	1	1,618,10064,24584,12001,905,1
6	None	279	15356	561	586	1	1,272,3614,7809,3431,229,0
6	None	297	13658	9803	10307	1	1,290,3551,6970,2701,145,0
6	None	313	12972	9479	10036	1	1,306,3518,6579,2443,125,0
6	None	215	7766	5791	6270	1	1,208,2217,3923,1357,60,0
6	None	273	13508	9534	10027	1	1,266,3333,6860,2868,180,0
6	None	257	12200	2167	2287	1	1,250,3071,6203,2526,149,0
6	None	203	7796	5735	6191	1	1,196,2145,3934,1445,75,0
6	None	1109	93416	61787	62539	1	1,1102,18942,47618,23873,1877,3
6	None	315	18004	4147	4313	1	1,308,4181,9158,4079,277,0
6	None	427	24032	16723	17296	1	1,420,5737,12301,5249,324,0
6	None	241	7984	761	825	1	1,234,2403,4015,1282,49,0
6	None	767	66266	43616	44229	1	1,760,13139,33628,17308,1427,3
6	None	225	7532	1906	2071	1	1,218,2242,3788,1234,49,0
6	None	321	20236	13777	14269	1	1,314,4447,10218,4873,382,1
6	None	371	18370	1449	1511	1	1,364,4629,9374,3783,219,0
6	None	385	21362	14897	15432	1	1,378,5138,10943,4621,281,0
6	None	213	7704	5743	6217	1	1,206,2194,3886,1355,62,0
6	None	259	10944	7941	8444	1	1,252,2911,5545,2119,116,0
6	None	447	30388	20555	21099	1	1,440,6595,15440,7355,556,1
6	None	207	7172	5399	5864	1	1,200,2092,3611,1215,53,0
6	None	381	18582	13233	13802	1	1,374,4728,9489,3777,213,0
6	None	399	21696	7582	7865	1	1,392,5230,11075,4704,294,0
6	None	311	14936	10639	11154	1	1,304,3815,7647,3009,160,0
6	None	201	6726	5102	5563	1	1,194,2010,3402,1082,37,0
6	None	239	9258	6826	7317	1	1,232,2570,4688,1686,81,0
6	None	373	16348	11890	12463	1	1,366,4421,8368,3048,144,0
6	None	273	11960	2161	2285	1	1,266,3163,6091,2318,121,0
6	None	205	7726	1901	2055	1	1,198,2143,3896,1417,71,0
6	None	275	14820	3441	3598	1	1,268,3528,7545,3267,211,0
6	None	313	15730	11119	11622	1	1,306,3918,8029,3283,193,0
6	None	299	15514	5448	5693	1	1,292,3791,7913,3314,203,0
6	None	327	15662	11175	11696	1	1,320,4010,8003,3155,173,0
6	None	277	10104	3792	4051	1	1,270,2933,5109,1718,73,0
6	None	245	6724	2681	2952	1	1,238,2232,3333,898,22,0
6	None	275	12792	4569	4816	1	1,268,3272,6509,2594,148,0
6	None	235	10980	1953	2068	1	1,228,2773,5579,2266,133,0
6	None	561	41002	27512	28095	1	1,554,8694,20868,10114,770,1
6	None	465	26110	18230	18799	1	1,458,6327,13424,5576,324,0
6	None	465	30228	6863	7049	1	1,458,6744,15428,7101,496,0
6	None	227	7756	5860	6361	1	1,220,2290,3916,1280,49,0
6	None	301	15796	3687	3854	1	1,294,3819,8043,3423,216,0
6	None	243	8302	6297	6802	1	1,236,2476,4193,1345,51,0
6	None	297	10894	2721	2905	1	1,290,3147,5506,1869,81,0
6	None	369	22782	15593	16110	1	1,362,5150,11609,5293,367,0
6	None	201	8352	6055	6494	1	1,194,2221,4239,1613,84,0
6	None	235	9040	6670	7159	1	1,228,2510,4570,1650,81,0
6	None	205	6560	1671	1832	1	1,198,1979,3285,1055,42,0
6	None	417	23810	16545	17092	1	1,410,5673,12209,5199,318,0
6	None	283	13938	1973	2071	1	1,276,3487,7118,2891,165,0
6	None	237	6318	5065	5606	1	1,230,2115,3115,835,22,0
6	None	561	51074	1587	1613	1	1,554,9657,25602,13963,1292,5
6	None	249	12308	8676	9143	1	1,242,3016,6234,2644,171,0
6	None	215	5922	1171	1302	1	1,208,1927,2931,830,25,0
6	None	265	12790	9071	9551	1	1,258,3207,6510,2657,157,0
6	None	247	9960	7280	7781	1	1,240,2693,5030,1894,102,0
6	None	215	9120	6597	7046	1	1,208,2409,4627,1779,96,0
6	None	391	20618	14499	15053	1	1,384,5076,10554,4347,256,0
6	None	399	22464	7811	8086	1	1,392,5348,11489,4926,308,0
6	None	227	8794	6469	6954	1	1,220,2423,4447,1623,80,0
6	None	291	18614	12623	13103	1	1,284,3991,9314,4621,401,2
6	None	213	8622	6281	6745	1	1,206,2318,4366,1645,86,0
6	None	295	14294	10147	10654	1	1,288,3596,7281,2955,173,0
6	None	305	13678	4928	5189	1	1,298,3578,6951,2700,150,0
6	None	467	30736	20903	21461	1	1,460,6794,15636,7305,539,1
6	None	291	14102	139	146	1	1,284,3546,7185,2916,170,0
6	None	249	10572	3828	4075	1	1,242,2798,5359,2060,112,0
6	None	259	11038	8013	8503	1	1,252,2962,5632,2089,102,0
6	None	1273	139588	89616	90311	1	1,1266,24911,69980,39654,3762,14
6	None	275	14452	10102	10583	1	1,268,3471,7348,3160,204,0
6	None	503	30420	10487	10783	1	1,496,7069,15577,6836,441,0
6	None	905	90464	4184	4229	1	1,898,16717,45477,25062,2301,8
6	None	575	49540	6508	6621	1	1,568,9634,24924,13232,1177,4
6	None	303	14936	10573	11083	1	1,296,3717,7590,3139,193,0
6	None	275	12178	8771	9276	1	1,268,3172,6171,2427,139,0
6	None	585	44510	4954	5051	1	1,578,9271,22613,11162,883,2
6	None	249	9936	7307	7790	1	1,242,2755,5059,1797,82,0
6	None	325	11730	681	725	1	1,318,3465,5948,1923,75,0
6	None	417	22544	5272	5457	1	1,410,5550,11610,4716,257,0
6	None	435	26124	18013	18561	1	1,428,6080,13390,5853,372,0
6	None	245	10182	3707	3948	1	1,238,2741,5171,1932,99,0
6	None	205	7092	5332	5803	1	1,198,2066,3578,1200,49,0
6	None	801	68150	44926	45587	1	1,794,13484,34416,17908,1542,5
6	None	229	8424	6251	6756	1	1,222,2364,4239,1523,75,0
6	None	587	43302	29039	29621	1	1,580,9232,22154,10575,760,0
6	None	277	14736	5141	5381	1	1,270,3519,7489,3244,213,0
6	None	471	26748	18614	19207	1	1,464,6394,13706,5826,357,0
6	None	641	44258	29962	30599	1	1,634,9713,22636,10536,738,0
6	None	295	14616	10344	10841	1	1,288,3653,7458,3038,178,0
6	None	315	16362	3829	4000	1	1,308,3991,8341,3505,216,0
6	None	327	16736	11794	12311	1	1,320,4131,8540,3532,212,0
6	None	211	7668	1897	2059	1	1,204,2142,3838,1407,76,0
6	None	211	8472	6184	6643	1	1,204,2296,4302,1592,77,0
6	None	575	40132	27125	27712	1	1,568,8789,20569,9547,658,0
6	None	377	19688	13853	14405	1	1,370,4844,10058,4165,250,0
6	None	349	19184	13370	13889	1	1,342,4582,9784,4206,269,0
6	None	245	9148	6784	7297	1	1,238,2561,4602,1662,84,0
6	None	489	28280	19632	20227	1	1,482,6707,14484,6218,388,0
6	None	531	40736	27130	27701	1	1,524,8362,20608,10386,853,2
6	None	275	11360	8299	8811	1	1,268,3087,5774,2125,105,0
6	None	629	34520	6064	6233	1	1,622,8504,17725,7248,420,0
6	None	239	10834	7759	8221	1	1,232,2790,5510,2179,122,0
6	None	513	32278	11069	11358	1	1,506,7402,16561,7334,474,0
6	None	265	9656	7250	7757	1	1,258,2827,4918,1596,56,0
6	None	227	8424	6261	6742	1	1,220,2385,4259,1491,68,0
6	None	219	8072	1499	1619	1	1,212,2279,4075,1438,67,0
6	None	251	12354	2903	3062	1	1,244,3028,6257,2653,171,0
6	None	261	13792	9632	10093	1	1,254,3308,7020,3016,193,0
6	None	313	17780	12314	12797	1	1,306,4179,9086,3956,252,0
6	None	217	7306	5516	6017	1	1,210,2132,3652,1252,59,0
6	None	657	46968	15841	16144	1	1,650,10229,24087,11224,777,0
6	None	209	7896	5823	6293	1	1,202,2177,3968,1469,79,0
6	None	207	8104	5939	6399	1	1,200,2211,4098,1517,77,0
6	None	321	15214	3621	3797	1	1,314,3896,7760,3071,172,0
6	None	355	17208	12256	12807	1	1,348,4386,8798,3484,191,0
6	None	215	6986	1333	1455	1	1,208,2103,3503,1126,45,0
6	None	451	25924	17990	18573	1	1,444,6140,13272,5710,357,0
6	None	279	12778	9147	9656	1	1,272,3281,6489,2585,150,0
6	None	283	9948	7535	8069	1	1,276,2980,5070,1575,46,0
6	None	593	38272	131	134	1	1,586,8760,19697,8680,548,0
6	None	291	14518	10262	10753	1	1,284,3622,7420,3018,173,0
6	None	491	33710	22807	23354	1	1,484,7385,17239,8037,564,0
6	None	239	10690	2555	2713	1	1,232,2758,5428,2149,122,0
6	None	215	9610	6885	7331	1	1,208,2486,4900,1913,102,0
6	None	901	84680	55221	55867	1	1,894,16113,42700,22925,2040,7
6	None	337	12034	4554	4847	1	1,330,3587,6117,1934,65,0
6	None	221	9186	6669	7133	1	1,214,2451,4660,1767,93,0
6	None	301	15912	5558	5813	1	1,294,3806,8075,3504,232,0
6	None	303	15016	5312	5565	1	1,296,3742,7651,3140,186,0
6	None	421	25026	17275	17822	1	1,414,5850,12837,5575,349,0
6	None	311	19556	6659	6901	1	1,304,4312,9893,4684,361,1
6	None	257	10482	7659	8161	1	1,250,2839,5308,1981,103,0
6	None	205	7058	45	49	1	1,198,2053,3549,1204,53,0
6	None	385	23052	15877	16398	1	1,378,5337,11795,5203,338,0
6	None	233	7696	5879	6372	1	1,226,2334,3883,1211,41,0
6	None	515	32540	11148	11441	1	1,508,7436,16687,7424,484,0
6	None	211	10046	7103	7545	1	1,204,2484,5086,2135,136,0
6	None	369	19450	4557	4736	1	1,362,4787,9965,4097,238,0
6	None	225	7548	1143	1244	1	1,218,2223,3781,1269,56,0
6	None	485	28784	19905	20491	1	1,478,6774,14784,6357,390,0
6	None	233	8184	1538	1663	1	1,226,2380,4125,1392,60,0
6	None	295	10094	3848	4123	1	1,288,3059,5117,1578,51,0
6	None	275	12118	2189	2312	1	1,268,3211,6187,2334,117,0
6	None	293	14016	9987	10481	1	1,286,3576,7162,2835,156,0
6	None	571	40584	27341	27936	1	1,564,8724,20673,9883,738,1
6	None	247	7214	43	47	1	1,240,2331,3599,1014,29,0
6	None	419	24418	3379	3491	1	1,412,5730,12492,5435,348,0
6	None	603	39308	26855	27472	1	1,596,8922,20191,9011,587,0
6	None	299	15578	10917	11419	1	1,292,3767,7918,3383,217,0
6	None	427	18484	13502	14115	1	1,420,5047,9448,3408,160,0
6	None	243	9750	7112	7625	1	1,236,2608,4900,1896,109,0
6	None	259	12832	9055	9528	1	1,252,3174,6535,2707,163,0
6	None	217	7324	5545	6031	1	1,210,2165,3682,1215,51,0
6	None	245	9692	7138	7617	1	1,238,2696,4932,1746,79,0
6	None	225	10932	1928	2041	1	1,218,2686,5537,2340,150,0
6	None	253	10934	1318	1399	1	1,246,2901,5573,2106,107,0
6	None	361	19068	13375	13918	1	1,354,4640,9725,4095,253,0
6	None	211	8300	3040	3273	1	1,204,2267,4205,1546,77,0
6	None	593	43236	29030	29637	1	1,586,9153,21950,10704,840,2
6	None	269	13046	9251	9731	1	1,262,3274,6648,2703,158,0
6	None	283	15044	5255	5493	1	1,276,3614,7663,3282,208,0
6	None	633	46254	31087	31685	1	1,626,9945,23692,11197,793,0
6	None	203	9028	6463	6897	1	1,196,2315,4576,1833,107,0
6	None	285	12572	9083	9592	1	1,278,3332,6419,2419,123,0
6	None	231	13388	9179	9624	1	1,224,2985,6719,3199,259,1
6	None	297	16016	1860	1943	1	1,290,3819,8157,3522,227,0
6	None	265	10682	412	439	1	1,258,2914,5404,2000,105,0
6	None	285	15390	10725	11201	1	1,278,3672,7842,3381,216,0
6	None	1225	111748	73247	73971	1	1,1218,22011,56996,29195,2324,3
6	None	335	13610	9981	10574	1	1,328,3711,6875,2559,136,0
6	None	241	9380	6927	7406	1	1,234,2625,4767,1677,76,0
6	None	363	22184	15211	15720	1	1,356,5053,11325,5105,344,0
6	None	911	86192	56174	56815	1	1,904,16378,43480,23348,2074,7
6	None	429	25606	17678	18219	1	1,422,5993,13144,5692,354,0
6	None	327	13248	9770	10311	1	1,320,3702,6754,2366,105,0
6	None	127	3094	6	7	1	1,120,1024,1513,424,12,0
6	None	121	2508	2059	2498	1	1,114,865,1187,329,12,0
6	None	39	198	110	261	1	1,32,110,55,0,0,0
6	None	59	888	757	1078	1	1,52,330,405,97,3,0
6	None	181	5586	1071	1186	1	1,174,1693,2783,898,37,0
6	None	59	708	643	973	1	1,52,293,304,57,1,0
6	None	73	934	847	1215	1	1,66,387,406,73,1,0
6	None	91	1948	1569	1940	1	1,84,647,929,275,12,0
6	None	153	4336	3363	3802	1	1,146,1339,2135,685,30,0
6	None	97	1806	1517	1904	1	1,90,653,845,211,6,0
6	None	67	1140	961	1285	1	1,60,417,532,127,3,0
6	None	27	104	114	373	1	1,20,57,26,0,0,0
6	None	47	276	302	631	1	1,40,151,84,0,0,0
6	None	245	8236	6263	6778	1	1,238,2464,4145,1335,53,0
6	None	1151	119610	77211	77879	1	1,1144,21960,60298,33201,2997,9
6	None	107	2086	109	134	1	1,100,750,985,244,6,0
6	None	93	1538	443	573	1	1,86,587,706,155,3,0
6	None	109	2044	1723	2136	1	1,102,745,957,233,6,0
6	None	183	6060	1523	1678	1	1,176,1765,3031,1039,48,0
6	None	155	3554	2911	3369	1	1,148,1238,1722,435,10,0
6	None	49	234	266	625	1	1,42,133,58,0,0,0
6	None	47	304	22	43	1	1,40,165,98,0,0,0
6	None	77	1212	522	703	1	1,70,459,553,126,3,0
6	None	91	1502	1297	1684	1	1,84,574,691,149,3,0
6	None	41	430	387	671	1	1,34,175,182,37,1,0
6	None	105	2038	155	191	1	1,98,734,962,237,6,0
6	None	101	1788	1535	1927	1	1,94,679,834,177,3,0
6	None	151	6534	4656	5051	1	1,144,1641,3284,1374,90,0
6	None	159	4632	3583	4024	1	1,152,1434,2303,715,27,0
6	None	57	646	589	922	1	1,50,268,273,53,1,0
6	None	61	738	671	1006	1	1,54,306,317,59,1,0
6	None	67	844	763	1116	1	1,60,348,367,67,1,0
6	None	33	160	44	113	1	1,26,88,45,0,0,0
6	None	33	162	178	453	1	1,26,89,46,0,0,0
6	None	41	444	79	136	1	1,34,178,191,39,1,0
6	None	93	2204	1741	2103	1	1,86,706,1068,329,14,0
6	None	87	1406	42	55	1	1,80,538,642,142,3,0
6	None	61	712	651	991	1	1,54,297,302,57,1,0
6	None	43	236	255	577	1	1,36,126,70,3,0,0
6	None	61	926	793	1114	1	1,54,346,421,101,3,0
6	None	183	5344	2078	2311	1	1,176,1678,2663,800,26,0
6	None	177	6878	1676	1819	1	1,170,1862,3472,1304,69,0
6	None	51	736	628	925	1	1,44,272,332,84,3,0
6	None	59	714	649	976	1	1,52,296,307,57,1,0
6	None	73	1174	251	338	1	1,66,439,539,126,3,0
6	None	147	4238	1642	1849	1	1,140,1311,2097,662,27,0
6	None	53	582	533	853	1	1,46,243,244,47,1,0
6	None	151	4426	3410	3841	1	1,144,1356,2200,698,27,0
6	None	49	282	10	21	1	1,42,155,84,0,0,0
6	None	25	100	18	59	1	1,18,54,27,0,0,0
6	None	179	4496	3597	4100	1	1,172,1486,2191,625,21,0
6	None	81	1124	1021	1384	1	1,74,468,495,85,1,0
6	None	87	1376	399	526	1	1,80,530,625,137,3,0
6	None	85	1330	1154	1537	1	1,78,510,604,134,3,0
6	None	29	132	146	403	1	1,22,73,36,0,0,0
6	None	129	3098	2481	2902	1	1,122,1026,1505,429,15,0
6	None	53	788	673	970	1	1,46,292,357,89,3,0
6	None	71	668	344	523	1	1,64,344,259,0,0,0
6	None	73	1046	912	1279	1	1,66,402,466,108,3,0
6	None	67	836	763	1109	1	1,60,349,360,65,1,0
6	None	65	1054	895	1219	1	1,58,389,486,117,3,0
6	None	95	1846	1530	1913	1	1,88,653,874,224,6,0
6	None	161	5082	3870	4297	1	1,154,1518,2540,834,35,0
6	None	89	2004	799	978	1	1,82,656,969,286,10,0
6	None	193	8272	5943	6383	1	1,186,2133,4174,1677,101,0
6	None	135	3228	1300	1513	1	1,128,1088,1575,424,12,0
6	None	145	3996	1553	1772	1	1,138,1239,1963,628,27,0
6	None	149	4312	833	940	1	1,142,1329,2139,674,27,0
6	None	33	140	158	441	1	1,26,79,34,0,0,0
6	None	47	528	473	776	1	1,40,214,227,45,1,0
6	None	35	328	99	188	1	1,28,134,135,29,1,0
6	None	63	890	77	111	1	1,56,337,397,96,3,0
6	None	139	3898	1517	1720	1	1,132,1219,1927,596,23,0
6	None	51	596	539	845	1	1,44,245,256,49,1,0
6	None	27	108	122	373	1	1,20,61,26,0,0,0
6	None	189	6194	4710	5161	1	1,182,1853,3114,1004,40,0
6	None	43	430	391	687	1	1,36,177,178,37,1,0
6	None	83	1336	1154	1525	1	1,76,510,612,134,3,0
6	None	149	4266	3302	3733	1	1,142,1318,2112,666,27,0
6	None	155	5308	3966	4381	1	1,148,1518,2668,930,43,0
6	None	39	192	210	521	1	1,32,105,54,0,0,0
6	None	49	548	497	802	1	1,42,226,233,45,1,0
6	None	41	220	122	275	1	1,34,122,63,0,0,0
6	None	159	5624	4163	4593	1	1,152,1561,2812,1041,57,0
6	None	117	2394	1994	2401	1	1,110,859,1142,276,6,0
6	None	43	240	262	579	1	1,36,131,72,0,0,0
6	None	77	1258	1081	1431	1	1,70,475,578,131,3,0
6	None	65	822	745	1086	1	1,58,340,357,65,1,0
6	None	35	144	162	461	1	1,28,81,34,0,0,0
6	None	35	330	299	565	1	1,28,135,136,29,1,0
6	None	111	2744	2167	2557	1	1,104,883,1340,401,15,0
6	None	95	1636	703	896	1	1,88,621,759,164,3,0
6	None	27	66	38	177	1	1,20,38,7,0,0,0
6	None	105	1732	1509	1925	1	1,98,671,792,167,3,0
6	None	39	216	59	133	1	1,32,118,65,0,0,0
6	None	37	218	21	47	1	1,30,114,70,3,0,0
6	None	83	1300	1127	1503	1	1,76,497,590,133,3,0
6	None	41	230	247	557	1	1,34,122,70,3,0,0
6	None	31	282	51	101	1	1,24,115,116,25,1,0
6	None	61	456	490	843	1	1,54,245,156,0,0,0
6	None	71	1140	977	1316	1	1,64,428,523,121,3,0
6	None	137	2928	1207	1433	1	1,130,1026,1399,362,10,0
6	None	151	4428	679	768	1	1,144,1329,2181,737,36,0
6	None	57	364	397	759	1	1,50,196,112,5,0,0
6	None	125	3640	930	1061	1	1,118,1100,1806,590,25,0
6	None	101	1930	1613	2008	1	1,94,693,909,227,6,0
6	None	143	4912	1827	2029	1	1,136,1387,2465,880,43,0
6	None	51	304	166	339	1	1,44,164,91,4,0,0
6	None	39	212	230	531	1	1,32,115,64,0,0,0
6	None	83	1368	1176	1543	1	1,76,518,630,140,3,0
6	None	85	1624	1341	1706	1	1,78,569,767,203,6,0
6	None	49	290	326	651	1	1,42,163,84,0,0,0
6	None	165	5876	1091	1196	1	1,158,1649,2947,1066,55,0
6	None	89	1958	786	965	1	1,82,650,943,272,10,0
6	None	59	660	55	86	1	1,52,276,277,53,1,0
6	None	181	4066	1123	1289	1	1,174,1448,1960,473,10,0
6	None	93	1506	1311	1700	1	1,86,582,687,147,3,0
6	None	161	5678	248	273	1	1,154,1596,2852,1024,51,0
6	None	75	1206	74	99	1	1,68,455,553,126,3,0
6	None	147	3984	3129	3554	1	1,140,1272,1965,585,21,0
6	None	77	1300	1105	1457	1	1,70,483,604,139,3,0
6	None	81	1522	1261	1615	1	1,74,536,716,189,6,0
6	None	278	12962	9265	9756	1	1,271,3329,6609,2607,145,0
6	None	200	7746	5679	6137	1	1,193,2109,3904,1461,78,0
6	None	336	16084	11453	12005	1	1,329,4069,8172,3315,198,0
6	None	340	16584	1967	2055	1	1,333,4219,8481,3364,186,0
6	None	202	6758	1709	1863	1	1,195,2020,3418,1087,37,0
6	None	296	9966	7621	8173	1	1,289,3022,5018,1577,59,0
6	None	354	20540	3548	3677	1	1,347,4791,10491,4610,300,0
6	None	242	10596	7636	8109	1	1,235,2774,5384,2088,114,0
6	None	322	16056	11369	11884	1	1,315,4033,8221,3303,183,0
6	None	238	9974	7235	7721	1	1,231,2653,5056,1929,104,0
6	None	208	6000	939	1039	1	1,201,1904,2976,887,31,0
6	None	332	15718	2809	2942	1	1,325,4044,8029,3148,171,0
6	None	232	12652	8750	9211	1	1,225,2894,6344,2952,235,1
6	None	380	19458	13753	14299	1	1,373,4860,9960,4033,231,0
6	None	498	32100	21939	22495	1	1,491,7294,16488,7351,475,0
6	None	370	15480	2269	2387	1	1,363,4256,7896,2833,131,0
6	None	288	12000	8744	9279	1	1,281,3225,6076,2294,123,0
6	None	404	20552	2903	3022	1	1,397,5090,10465,4335,264,0
6	None	246	9622	3544	3791	1	1,239,2664,4871,1760,87,0
6	None	888	66716	44824	45485	1	1,881,14473,34438,15878,1045,0
6	None	344	17418	12315	12838	1	1,337,4343,8895,3629,213,0
6	None	360	19152	2239	2327	1	1,353,4678,9799,4078,243,0
6	None	298	14242	1448	1521	1	1,291,3605,7248,2926,171,0
6	None	200	7024	1313	1431	1	1,193,2013,3535,1226,56,0
6	None	204	8536	6169	6622	1	1,197,2239,4311,1691,97,0
6	None	264	10456	3842	4103	1	1,257,2883,5305,1918,92,0
6	None	628	46408	31140	31733	1	1,621,9927,23770,11286,803,0
6	None	366	23846	16191	16699	1	1,359,5215,12076,5751,443,1
6	None	262	12106	8654	9137	1	1,255,3113,6178,2428,131,0
6	None	210	7834	5799	6269	1	1,203,2192,3954,1415,69,0
6	None	376	20542	7182	7445	1	1,369,4989,10541,4386,256,0
6	None	212	8656	6275	6752	1	1,205,2277,4349,1721,103,0
6	None	438	27264	18693	19238	1	1,431,6231,13959,6231,411,0
6	None	254	10320	7563	8047	1	1,247,2828,5244,1907,93,0
6	None	266	9406	7087	7614	1	1,259,2751,4743,1585,67,0
6	None	222	8064	6018	6497	1	1,215,2307,4074,1404,63,0
6	None	272	9204	7027	7545	1	1,265,2782,4638,1463,55,0
6	None	298	16162	11251	11747	1	1,291,3837,8222,3577,234,0
6	None	266	13262	9353	9829	1	1,259,3273,6752,2807,170,0
6	None	236	7874	855	928	1	1,229,2345,3949,1295,55,0
6	None	430	32082	10705	10967	1	1,423,6607,16189,8176,684,2
6	None	340	19074	13253	13755	1	1,333,4526,9748,4201,265,0
6	None	202	6136	4745	5227	1	1,195,1900,3060,945,35,0
6	None	460	27720	9553	9838	1	1,453,6438,14197,6230,401,0
6	None	250	10496	7633	8120	1	1,243,2827,5349,1979,97,0
6	None	668	40742	28199	28834	1	1,661,9711,21107,8777,485,0
6	None	340	12338	1323	1412	1	1,333,3569,6217,2123,95,0
6	None	248	9692	7135	7639	1	1,241,2682,4912,1771,85,0
6	None	248	7776	3017	3270	1	1,241,2453,3923,1128,30,0
6	None	356	16316	5867	6149	1	1,349,4249,8301,3236,180,0
6	None	428	23746	16580	17141	1	1,421,5730,12164,5120,310,0
6	None	274	10992	8074	8589	1	1,267,3017,5562,2040,105,0
6	None	256	9480	3523	3788	1	1,249,2671,4771,1704,84,0
6	None	208	7608	1886	2041	1	1,201,2156,3842,1346,62,0
6	None	210	11930	4094	4311	1	1,203,2663,5975,2852,235,1
6	None	326	11588	1757	1870	1	1,319,3469,5891,1847,61,0
6	None	602	45484	30391	30991	1	1,595,9522,23162,11337,866,1
6	None	60	836	727	1054	1	1,53,319,371,89,3,0
6	None	238	9932	3603	3847	1	1,231,2637,5025,1932,106,0
6	None	398	22288	15529	16066	1	1,391,5356,11437,4817,286,0
6	None	72	902	827	1186	1	1,65,379,387,69,1,0
6	None	138	3514	2790	3211	1	1,131,1144,1718,502,18,0
6	None	148	4828	3636	4049	1	1,141,1407,2422,822,35,0
6	None	160	5008	1905	2123	1	1,153,1489,2497,832,36,0
6	None	128	2424	2060	2503	1	1,121,898,1134,264,6,0
6	None	206	5958	2331	2579	1	1,199,1895,2961,872,30,0
6	None	768	58690	39271	39902	1	1,761,12480,30129,14311,1008,0
6	None	218	10472	50	53	1	1,211,2586,5305,2228,141,0
6	None	900	83690	54641	55286	1	1,893,16022,42253,22537,1978,6
6	None	41	232	251	557	1	1,34,124,70,3,0,0
6	None	53	312	172	349	1	1,46,170,91,4,0,0
6	None	57	666	607	933	1	1,50,277,284,53,1,0
6	None	23	58	34	157	1	1,16,34,7,0,0,0
6	None	43	436	397	690	1	1,36,180,181,37,1,0
6	None	27	104	56	187	1	1,20,56,27,0,0,0
6	None	31	116	130	413	1	1,24,65,26,0,0,0
6	None	49	298	162	329	1	1,42,160,91,4,0,0
6	None	25	102	109	355	1	1,18,54,28,1,0,0
6	None	41	202	112	271	1	1,34,112,55,0,0,0
6	None	71	896	817	1176	1	1,64,374,387,69,1,0
6	None	33	168	91	228	1	1,26,90,49,2,0,0
6	None	35	128	146	453	1	1,28,73,26,0,0,0
6	None	35	322	97	187	1	1,28,131,132,29,1,0
6	None	31	162	87	218	1	1,24,86,49,2,0,0
6	None	25	82	6	23	1	1,18,45,18,0,0,0
6	None	43	238	259	577	1	1,36,128,70,3,0,0
6	None	41	228	32	69	1	1,34,128,65,0,0,0
6	None	35	168	186	473	1	1,28,93,46,0,0,0
6	None	31	152	41	108	1	1,24,82,45,0,0,0
6	None	49	542	491	799	1	1,42,223,230,45,1,0
6	None	39	220	61	133	1	1,32,122,65,0,0,0
6	None	31	130	142	421	1	1,24,71,34,0,0,0
6	None	37	192	106	251	1	1,30,106,55,0,0,0
6	None	25	62	36	167	1	1,18,36,7,0,0,0
6	None	49	286	106	217	1	1,42,159,84,0,0,0
6	None	27	106	113	375	1	1,20,56,28,1,0,0
6	None	55	660	599	913	1	1,48,273,284,53,1,0
6	None	55	648	585	908	1	1,48,266,279,53,1,0
6	None	41	198	226	537	1	1,34,113,50,0,0,0
6	None	51	296	83	168	1	1,44,166,85,0,0,0
6	None	35	334	101	189	1	1,28,137,138,29,1,0
6	None	51	290	322	671	1	1,44,161,84,0,0,0
6	None	37	170	194	489	1	1,30,97,42,0,0,0
6	None	47	284	1	2	1	1,40,158,85,0,0,0
6	None	37	194	108	251	1	1,30,108,55,0,0,0
6	None	39	196	12	29	1	1,32,108,55,0,0,0
6	None	49	292	82	163	1	1,42,164,85,0,0,0
6	None	35	184	100	241	1	1,28,100,55,0,0,0
6	None	47	292	158	319	1	1,40,156,91,4,0,0
6	None	37	178	97	248	1	1,30,96,49,2,0,0
6	None	31	118	129	415	1	1,24,64,28,1,0,0
6	None	40	232	253	547	1	1,33,125,70,3,0,0
6	None	24	80	88	335	1	1,17,44,18,0,0,0
6	None	24	62	68	327	1	1,17,34,10,0,0,0
6	None	24	84	96	335	1	1,17,48,18,0,0,0
6	None	40	218	119	271	1	1,33,119,65,0,0,0
6	None	24	18	0	1	1	1,17,0,0,0,0,0
6	None	28	234	211	454	1	1,21,95,95,21,1,0
6	None	30	114	128	403	1	1,23,64,26,0,0,0
6	None	30	134	148	413	1	1,23,74,36,0,0,0
6	None	34	148	172	451	1	1,27,86,34,0,0,0
6	None	34	170	92	233	1	1,27,91,49,2,0,0
6	None	34	166	184	463	1	1,27,92,46,0,0,0
6	None	34	126	139	445	1	1,27,69,28,1,0,0
6	None	34	142	160	451	1	1,27,80,34,0,0,0
6	None	42	220	80	187	1	1,35,120,64,0,0,0
6	None	56	664	605	923	1	1,49,276,284,53,1,0
6	None	42	224	248	561	1	1,35,124,64,0,0,0
6	None	42	228	127	281	1	1,35,127,65,0,0,0
6	None	32	154	83	221	1	1,25,83,45,0,0,0
6	None	32	164	88	223	1	1,25,87,49,2,0,0
6	None	50	288	320	661	1	1,43,160,84,0,0,0
6	None	44	438	57	100	1	1,37,181,181,37,1,0
6	None	32	158	172	443	1	1,25,86,46,0,0,0
6	None	48	506	463	770	1	1,41,211,211,41,1,0
6	None	22	56	33	152	1	1,15,33,7,0,0,0
6	None	42	428	389	677	1	1,35,176,178,37,1,0
6	None	60	988	833	1142	1	1,53,361,459,111,3,0
6	None	66	878	791	1126	1	1,59,361,387,69,1,0
6	None	72	1536	613	776	1	1,65,501,735,224,10,0
6	None	74	1280	1069	1425	1	1,67,462,602,145,3,0
6	None	105	3512	1299	1475	1	1,98,973,1753,652,35,0
6	None	124	5018	3592	3965	1	1,117,1266,2500,1060,74,0
6	None	32	158	87	221	1	1,25,87,45,0,0,0
6	None	33	204	54	119	1	1,26,108,69,0,0,0
6	None	36	232	41	86	1	1,29,123,79,0,0,0
6	None	38	214	13	29	1	1,31,117,65,0,0,0
6	None	42	316	328	613	1	1,35,164,116,0,0,0
6	None	80	2058	1581	1916	1	1,73,617,1001,347,19,0
6	None	36	336	305	577	1	1,29,138,138,29,1,0
6	None	36	228	48	103	1	1,29,120,78,0,0,0
6	None	55	652	593	908	1	1,48,270,279,53,1,0
6	None	72	1304	1089	1421	1	1,65,472,618,145,3,0
6	None	72	1452	1178	1503	1	1,65,492,694,194,6,0
6	None	81	2226	169	202	1	1,74,651,1091,388,21,0
6	None	90	2524	1921	2264	1	1,83,747,1245,427,21,0
6	None	32	276	249	511	1	1,25,112,112,25,1,0
6	None	64	1308	522	679	1	1,57,425,621,194,10,0
6	None	66	1284	521	679	1	1,59,433,609,176,6,0
6	None	72	1442	584	749	1	1,65,487,689,194,6,0
6	None	78	1604	649	820	1	1,71,543,771,212,6,0
6	None	84	2292	873	1042	1	1,77,678,1125,390,21,0
6	None	102	3414	2512	2871	1	1,95,926,1690,660,42,0
6	None	104	3576	2623	2979	1	1,97,964,1776,695,43,0
6	None	72	1788	1381	1696	1	1,65,543,869,295,15,0
6	None	76	1962	1496	1831	1	1,69,578,954,340,20,0
6	None	87	2104	1657	1996	1	1,80,673,1029,311,10,0
6	None	88	2562	642	757	1	1,81,734,1262,458,26,0
6	None	96	3072	2277	2624	1	1,89,846,1515,585,36,0
6	None	126	5760	4027	4417	1	1,119,1339,2842,1339,119,1
6	None	57	1104	879	1187	1	1,50,356,520,167,10,0
6	None	68	1686	1292	1607	1	1,61,502,818,288,16,0
6	None	40	222	123	271	1	1,33,123,65,0,0,0
6	None	46	276	304	621	1	1,39,152,84,0,0,0
6	None	71	898	821	1176	1	1,64,376,387,69,1,0
6	None	86	1434	1233	1604	1	1,79,543,661,147,3,0
6	None	89	1488	1283	1658	1	1,82,566,685,151,3,0
6	None	90	1560	1333	1709	1	1,83,586,726,161,3,0
6	None	93	1646	1403	1783	1	1,86,617,770,169,3,0
6	None	93	1666	1423	1793	1	1,86,627,780,169,3,0
6	None	100	1772	1521	1909	1	1,93,672,826,177,3,0
6	None	100	1786	511	639	1	1,93,678,834,177,3,0
6	None	108	2424	1959	2348	1	1,101,818,1171,323,10,0
6	None	109	2418	1962	2351	1	1,102,821,1164,320,10,0
6	None	153	4836	3673	4093	1	1,146,1435,2416,803,35,0
6	None	31	138	154	423	1	1,24,77,36,0,0,0
6	None	41	226	21	46	1	1,34,126,65,0,0,0
6	None	52	338	187	351	1	1,45,187,105,0,0,0
6	None	55	420	450	773	1	1,48,225,146,0,0,0
6	None	59	452	486	823	1	1,52,243,156,0,0,0
6	None	62	524	548	891	1	1,55,274,194,0,0,0
6	None	64	584	303	470	1	1,57,303,223,0,0,0
6	None	69	890	809	1156	1	1,62,370,387,69,1,0
6	None	102	2332	1873	2248	1	1,95,778,1131,317,10,0
6	None	113	2926	2301	2677	1	1,106,938,1442,425,14,0
6	None	117	2986	2357	2743	1	1,110,964,1468,429,14,0
6	None	48	290	163	321	1	1,41,163,85,0,0,0
6	None	67	616	214	327	1	1,60,321,234,0,0,0
6	None	88	1482	1273	1648	1	1,81,561,685,151,3,0
6	None	119	2856	763	895	1	1,112,954,1398,381,10,0
6	None	122	3124	1235	1431	1	1,115,1013,1537,444,14,0
6	None	130	3510	2752	3149	1	1,123,1124,1744,504,14,0
6	None	133	3570	2806	3207	1	1,126,1149,1772,508,14,0
6	None	65	552	578	931	1	1,58,289,204,0,0,0
6	None	69	884	805	1152	1	1,62,368,383,69,1,0
6	None	80	1314	1123	1489	1	1,73,492,606,139,3,0
6	None	122	3276	1277	1475	1	1,115,1026,1611,502,21,0
6	None	125	2976	2397	2801	1	1,118,1004,1454,389,10,0
6	None	139	3740	2944	3353	1	1,132,1209,1858,526,14,0
6	None	145	4656	1759	1963	1	1,138,1365,2329,788,35,0
6	None	170	6392	4697	5122	1	1,163,1752,3221,1193,62,0
6	None	57	654	597	926	1	1,50,272,277,53,1,0
6	None	69	1094	934	1275	1	1,62,408,502,118,3,0
6	None	83	1552	1289	1648	1	1,76,549,729,191,6,0
6	None	84	1426	1223	1583	1	1,77,538,660,147,3,0
6	None	86	1638	1360	1721	1	1,79,580,772,200,6,0
6	None	94	1962	402	493	1	1,87,683,943,242,6,0
6	None	98	2188	1759	2133	1	1,91,729,1056,301,10,0
6	None	99	1966	408	503	1	1,92,698,933,236,6,0
6	None	101	2076	1712	2093	1	1,94,731,994,250,6,0
6	None	112	2620	703	831	1	1,105,882,1278,345,9,0
6	None	133	3556	2794	3199	1	1,126,1143,1764,508,14,0
6	None	134	4306	3247	3637	1	1,127,1256,2154,735,33,0
6	None	137	4458	3348	3749	1	1,130,1286,2228,776,37,0
6	None	165	5972	4426	4841	1	1,158,1678,3016,1070,49,0
6	None	170	6396	1567	1708	1	1,163,1754,3223,1193,62,0
6	None	172	6248	4636	5055	1	1,165,1763,3160,1110,49,0
6	None	57	706	637	956	1	1,50,290,307,57,1,0
6	None	77	1306	1113	1459	1	1,70,487,606,139,3,0
6	None	77	1470	1213	1553	1	1,70,514,694,185,6,0
6	None	77	1302	1109	1457	1	1,70,485,604,139,3,0
6	None	107	2408	278	333	1	1,100,813,1164,320,10,0
6	None	107	2750	2157	2528	1	1,100,875,1353,407,14,0
6	None	114	3156	814	939	1	1,107,974,1560,494,20,0
6	None	116	2940	2318	2709	1	1,109,946,1444,426,14,0
6	None	129	4186	1573	1764	1	1,122,1211,2095,724,33,0
6	None	130	4316	25	28	1	1,123,1231,2161,763,37,0
6	None	132	4186	395	444	1	1,125,1222,2089,716,33,0
6	None	144	4582	3471	3875	1	1,137,1352,2292,767,33,0
6	None	153	5868	4283	4685	1	1,146,1577,2952,1129,63,0
6	None	156	5760	4237	4647	1	1,149,1581,2898,1075,56,0
6	None	161	6096	2233	2440	1	1,154,1656,3069,1154,62,0
6	None	168	6420	4703	5122	1	1,161,1747,3239,1209,63,0
6	None	56	654	35	54	1	1,49,271,279,53,1,0
6	None	64	1002	857	1181	1	1,57,374,458,109,3,0
6	None	92	2096	1673	2033	1	1,85,689,1016,295,10,0
6	None	94	2036	1651	2013	1	1,87,690,978,271,9,0
6	None	97	1956	202	249	1	1,90,690,933,236,6,0
6	None	104	2880	2218	2579	1	1,97,878,1422,462,20,0
6	None	114	3096	2399	2783	1	1,107,956,1524,487,21,0
6	None	120	3270	850	977	1	1,113,1034,1626,482,14,0
6	None	135	4426	3318	3715	1	1,128,1272,2214,774,37,0
6	None	139	4462	1685	1883	1	1,132,1307,2233,756,33,0
6	None	145	5432	3976	4371	1	1,138,1471,2732,1034,56,0
6	None	154	5728	601	659	1	1,147,1567,2884,1073,56,0
6	None	159	5972	2189	2396	1	1,152,1622,3001,1134,62,0
6	None	51	544	497	816	1	1,44,226,227,45,1,0
6	None	69	1088	116	159	1	1,62,405,499,118,3,0
6	None	78	1308	1115	1469	1	1,71,488,606,139,3,0
6	None	84	1546	645	826	1	1,77,551,723,188,6,0
6	None	132	4344	3251	3644	1	1,125,1243,2173,765,37,0
6	None	143	5318	3896	4289	1	1,136,1441,2670,1014,56,0
6	None	143	5400	3946	4337	1	1,136,1457,2718,1032,56,0
6	None	156	5972	4361	4769	1	1,149,1609,3008,1143,62,0
6	None	157	5944	32	35	1	1,150,1610,2989,1132,62,0
6	None	158	5978	1094	1197	1	1,151,1618,3005,1140,63,0
6	None	167	6300	4622	5045	1	1,160,1719,3174,1184,62,0
6	None	84	1628	64	81	1	1,77,572,772,200,6,0
6	None	103	2690	2101	2462	1	1,96,849,1327,403,14,0
6	None	107	2742	2149	2524	1	1,100,871,1349,407,14,0
6	None	67	1088	926	1255	1	1,60,404,502,118,3,0
6	None	50	304	1	2	1	1,43,165,91,4,0,0
6	None	50	300	163	334	1	1,43,161,91,4,0,0
6	None	54	412	4	7	1	1,47,218,146,0,0,0
6	None	58	444	472	813	1	1,51,236,156,0,0,0
6	None	70	840	771	1136	1	1,63,353,357,65,1,0
6	None	85	1128	1031	1419	1	1,78,473,490,85,1,0
6	None	86	1118	341	474	1	1,79,469,483,85,1,0
6	None	88	1532	435	559	1	1,81,572,714,161,3,0
6	None	96	1962	403	497	1	1,89,685,939,242,6,0
6	None	101	1418	1293	1712	1	1,94,594,623,105,1,0
6	None	115	2104	1801	2220	1	1,108,796,987,209,3,0
6	None	117	2784	2227	2628	1	1,110,925,1361,377,10,0
6	None	117	2744	2207	2603	1	1,110,920,1336,367,10,0
6	None	121	2248	41	50	1	1,114,854,1057,219,3,0
6	None	124	2260	389	476	1	1,117,863,1057,219,3,0
6	None	127	2968	2395	2812	1	1,120,1003,1445,389,10,0
6	None	146	4292	3301	3724	1	1,139,1309,2133,683,27,0
6	None	157	5096	1923	2137	1	1,150,1493,2557,860,35,0
6	None	168	5260	446	495	1	1,161,1579,2628,856,35,0
6	None	169	5632	151	167	1	1,162,1619,2811,990,49,0
6	None	170	5268	4026	4475	1	1,163,1585,2628,856,35,0
6	None	170	5736	4301	4744	1	1,163,1647,2869,1007,49,0
6	None	181	5704	2181	2407	1	1,174,1725,2857,912,35,0
6	None	183	5712	2187	2417	1	1,176,1731,2857,912,35,0
6	None	36	152	176	471	1	1,29,88,34,0,0,0
6	None	50	332	72	137	1	1,43,180,108,0,0,0
6	None	56	420	448	783	1	1,49,224,146,0,0,0
6	None	59	450	482	823	1	1,52,241,156,0,0,0
6	None	60	452	484	833	1	1,53,242,156,0,0,0
6	None	69	660	338	513	1	1,62,338,259,0,0,0
6	None	70	664	341	518	1	1,63,341,259,0,0,0
6	None	105	2332	628	757	1	1,98,785,1124,314,10,0
6	None	134	3596	703	807	1	1,127,1134,1769,544,21,0
6	None	145	3920	3073	3502	1	1,138,1246,1933,581,21,0
6	None	58	670	613	943	1	1,51,280,284,53,1,0
6	None	58	664	607	940	1	1,51,277,281,53,1,0
6	None	71	888	811	1171	1	1,64,371,382,69,1,0
6	None	76	972	887	1259	1	1,69,406,420,75,1,0
6	None	79	1310	1119	1478	1	1,72,490,605,139,3,0
6	None	90	1748	1449	1816	1	1,83,618,827,213,6,0
6	None	103	2080	861	1055	1	1,96,736,991,250,6,0
6	None	104	2082	431	530	1	1,97,737,991,250,6,0
6	None	113	2522	2045	2443	1	1,106,856,1216,333,10,0
6	None	126	2966	2393	2802	1	1,119,1002,1445,389,10,0
6	None	44	464	421	714	1	1,37,191,195,39,1,0
6	None	50	544	495	808	1	1,43,225,229,45,1,0
6	None	52	582	531	845	1	1,45,242,246,47,1,0
6	None	56	662	601	923	1	1,49,274,284,53,1,0
6	None	58	446	476	813	1	1,51,238,156,0,0,0
6	None	63	774	705	1042	1	1,56,322,333,61,1,0
6	None	93	1664	129	163	1	1,86,625,780,169,3,0
6	None	100	1784	1529	1917	1	1,93,676,834,177,3,0
6	None	102	1792	1541	1937	1	1,95,682,834,177,3,0
6	None	112	2092	1783	2190	1	1,105,787,987,209,3,0
6	None	148	4222	3283	3701	1	1,141,1329,2108,625,18,0
6	None	163	5116	205	228	1	1,156,1526,2555,843,35,0
6	None	34	144	4	11	1	1,27,82,34,0,0,0
6	None	36	148	56	157	1	1,29,84,34,0,0,0
6	None	68	886	803	1146	1	1,61,367,387,69,1,0
6	None	77	1000	911	1283	1	1,70,417,434,77,1,0
6	None	78	1252	1079	1436	1	1,71,475,573,129,3,0
6	None	83	1120	1019	1399	1	1,76,467,490,85,1,0
6	None	88	1480	1271	1647	1	1,81,560,684,151,3,0
6	None	90	1544	1327	1699	1	1,83,586,716,155,3,0
6	None	95	1672	1431	1813	1	1,88,631,780,169,3,0
6	None	101	1800	1539	1934	1	1,94,678,841,183,3,0
6	None	106	2404	1935	2321	1	1,99,805,1164,325,10,0
6	None	110	1948	335	418	1	1,103,741,907,193,3,0
6	None	124	2910	2345	2754	1	1,117,980,1417,385,10,0
6	None	124	3040	59	69	1	1,117,994,1482,431,15,0
6	None	128	3700	2839	3240	1	1,121,1117,1829,605,27,0
6	None	177	5562	4249	4699	1	1,170,1675,2782,899,35,0
6	None	177	5854	4411	4866	1	1,170,1698,2921,1015,49,0
6	None	180	6240	1169	1279	1	1,173,1804,3149,1068,45,0
6	None	55	654	593	910	1	1,48,270,281,53,1,0
6	None	57	668	611	933	1	1,50,279,284,53,1,0
6	None	63	768	699	1039	1	1,56,319,330,61,1,0
6	None	70	1036	897	1249	1	1,63,394,466,109,3,0
6	None	82	1332	1149	1514	1	1,75,507,611,135,3,0
6	None	91	1656	469	591	1	1,84,619,780,169,3,0
6	None	146	4440	1131	1270	1	1,139,1336,2213,721,30,0
6	None	154	4948	3744	4165	1	1,147,1457,2478,830,35,0
6	None	154	4840	3679	4103	1	1,147,1438,2416,803,35,0
6	None	158	4584	1183	1329	1	1,151,1420,2276,709,27,0
6	None	158	5256	3943	4374	1	1,151,1511,2627,921,45,0
6	None	171	5408	147	163	1	1,164,1615,2707,886,35,0
6	None	34	168	90	233	1	1,27,89,49,2,0,0
6	None	62	714	653	1001	1	1,55,298,302,57,1,0
6	None	76	1244	1067	1416	1	1,69,469,573,129,3,0
6	None	91	1750	1451	1826	1	1,84,619,827,213,6,0
6	None	127	3498	908	1039	1	1,120,1099,1734,526,18,0
6	None	137	3800	2961	3370	1	1,130,1194,1881,573,21,0
6	None	143	4146	3193	3616	1	1,136,1266,2055,661,27,0
6	None	144	4158	3223	3633	1	1,137,1301,2080,621,18,0
6	None	147	3928	3085	3522	1	1,140,1252,1933,581,21,0
6	None	162	5140	3906	4339	1	1,155,1529,2572,848,35,0
6	None	50	574	173	275	1	1,43,236,246,47,1,0
6	None	62	736	671	1013	1	1,55,306,314,59,1,0
6	None	72	1098	953	1299	1	1,65,420,496,113,3,0
6	None	81	1550	183	233	1	1,74,544,732,193,6,0
6	None	83	1106	335	464	1	1,76,460,483,85,1,0
6	None	88	1660	461	583	1	1,81,591,780,201,6,0
6	None	98	1788	1521	1904	1	1,91,669,841,183,3,0
6	None	101	1792	1531	1930	1	1,94,674,837,183,3,0
6	None	122	3032	2407	2809	1	1,115,988,1482,431,15,0
6	None	131	3848	2949	3349	1	1,124,1161,1908,627,27,0
6	None	139	3770	2948	3367	1	1,132,1190,1858,568,21,0
6	None	143	4132	3189	3608	1	1,136,1268,2047,653,27,0
6	None	160	5448	370	409	1	1,153,1549,2724,972,49,0
6	None	173	6084	4541	4971	1	1,166,1743,3074,1055,45,0
6	None	82	1630	1339	1685	1	1,75,567,776,205,6,0
6	None	89	1742	1439	1806	1	1,82,613,827,213,6,0
6	None	97	2206	883	1068	1	1,90,730,1069,306,10,0
6	None	113	2802	1108	1303	1	1,106,905,1369,406,15,0
6	None	117	3262	1262	1451	1	1,110,1010,1619,504,18,0
6	None	135	3840	185	211	1	1,128,1171,1895,618,27,0
6	None	139	4296	817	918	1	1,132,1280,2145,708,30,0
6	None	149	4804	3625	4042	1	1,142,1404,2405,817,35,0
6	None	162	5624	2097	2309	1	1,155,1602,2831,990,45,0
6	None	68	876	793	1141	1	1,61,362,382,69,1,0
6	None	79	1360	1157	1507	1	1,72,507,634,143,3,0
6	None	81	1360	1161	1523	1	1,74,509,630,143,3,0
6	None	95	2204	1760	2119	1	1,88,727,1072,306,10,0
6	None	108	2666	2103	2488	1	1,101,855,1301,393,15,0
6	None	139	4292	1632	1835	1	1,132,1278,2143,708,30,0
6	None	142	4652	3494	3899	1	1,135,1345,2332,804,35,0
6	None	54	656	593	903	1	1,47,270,284,53,1,0
6	None	24	100	55	172	1	1,17,55,27,0,0,0
6	None	28	130	48	131	1	1,21,72,36,0,0,0
6	None	37	232	82	175	1	1,30,123,78,0,0,0
6	None	42	434	79	136	1	1,35,179,181,37,1,0
6	None	43	320	334	623	1	1,36,167,116,0,0,0
6	None	45	344	358	653	1	1,38,179,126,0,0,0
6	None	28	128	140	393	1	1,21,70,36,0,0,0
6	None	40	260	276	565	1	1,33,138,88,0,0,0
6	None	47	534	479	779	1	1,40,217,230,45,1,0
6	None	47	534	481	778	1	1,40,218,229,45,1,0
6	None	47	660	281	425	1	1,40,243,297,76,3,0
6	None	48	540	163	263	1	1,41,222,230,45,1,0
6	None	55	990	801	1106	1	1,48,333,467,135,6,0
6	None	56	1016	118	161	1	1,49,344,478,138,6,0
6	None	63	1190	969	1282	1	1,56,405,563,159,6,0
6	None	69	1496	1183	1507	1	1,62,480,720,223,10,0
6	None	70	1528	303	383	1	1,63,493,735,226,10,0
6	None	36	352	319	585	1	1,29,144,146,31,1,0
6	None	40	430	385	663	1	1,33,174,184,37,1,0
6	None	40	412	373	652	1	1,33,169,173,35,1,0
6	None	41	432	391	671	1	1,34,177,182,37,1,0
6	None	46	664	565	843	1	1,39,244,300,77,3,0
6	None	50	784	73	105	1	1,43,282,362,93,3,0
6	None	54	840	710	1009	1	1,47,307,386,96,3,0
6	None	54	840	711	1009	1	1,47,308,386,95,3,0
6	None	58	1066	288	391	1	1,51,360,504,144,6,0
6	None	46	656	553	841	1	1,39,238,298,77,3,0
6	None	46	680	573	853	1	1,39,246,310,81,3,0
6	None	49	682	194	293	1	1,42,252,306,78,3,0
6	None	62	1190	964	1275	1	1,55,402,566,160,6,0
6	None	54	854	715	1018	1	1,47,307,395,101,3,0
6	None	76	904	833	1221	1	1,69,382,382,69,1,0
6	None	112	2012	1737	2141	1	1,105,772,938,193,3,0
6	None	114	2102	1799	2210	1	1,107,795,987,209,3,0
6	None	120	2432	2033	2449	1	1,113,882,1162,269,5,0
6	None	157	3632	2977	3430	1	1,150,1269,1763,439,10,0
6	None	180	5294	4114	4571	1	1,173,1666,2650,782,22,0
6	None	190	5818	4485	4952	1	1,183,1791,2905,903,35,0
6	None	192	5828	4501	4972	1	1,185,1799,2905,903,35,0
6	None	57	428	462	793	1	1,50,231,146,0,0,0
6	None	59	400	37	66	1	1,52,222,125,0,0,0
6	None	73	700	362	539	1	1,66,362,271,0,0,0
6	None	76	728	29	43	1	1,69,377,281,0,0,0
6	None	83	1304	565	753	1	1,76,499,593,132,3,0
6	None	91	936	966	1355	1	1,84,483,368,0,0,0
6	None	104	1136	1164	1573	1	1,97,582,456,0,0,0
6	None	146	3944	3103	3524	1	1,139,1268,1951,567,18,0
6	None	168	4756	76	85	1	1,161,1516,2364,692,22,0
6	None	191	6792	5073	5521	1	1,184,1951,3436,1171,49,0
6	None	95	1674	205	259	1	1,88,633,780,169,3,0
6	None	118	3046	1201	1393	1	1,111,983,1501,436,14,0
6	None	124	3138	1244	1443	1	1,117,1023,1541,442,14,0
6	None	139	3746	2948	3357	1	1,132,1211,1862,526,14,0
6	None	145	3866	3056	3473	1	1,138,1261,1918,534,14,0
6	None	197	5892	328	361	1	1,190,1876,2963,840,22,0
6	None	71	1126	964	1309	1	1,64,422,516,120,3,0
6	None	84	1378	1183	1557	1	1,77,520,634,143,3,0
6	None	126	2566	215	257	1	1,119,931,1221,288,6,0
6	None	129	3280	2605	3007	1	1,122,1074,1612,457,14,0
6	None	151	4044	3202	3623	1	1,144,1325,2008,552,14,0
6	None	90	1698	1416	1787	1	1,83,606,798,204,6,0
6	None	106	2084	871	1067	1	1,99,749,985,244,6,0
6	None	118	2602	2123	2528	1	1,111,894,1251,335,10,0
6	None	136	3394	59	68	1	1,129,1129,1667,456,12,0
6	None	137	3216	871	1011	1	1,130,1104,1566,405,10,0
6	None	146	3782	2992	3429	1	1,139,1221,1850,550,21,0
6	None	152	4144	3257	3685	1	1,145,1326,2046,605,21,0
6	None	165	4292	686	775	1	1,158,1431,2120,568,14,0
6	None	194	6864	5127	5584	1	1,187,1963,3457,1201,55,0
6	None	46	492	447	746	1	1,39,203,207,41,1,0
6	None	54	600	547	872	1	1,47,249,253,49,1,0
6	None	66	984	849	1187	1	1,59,372,444,105,3,0
6	None	107	2018	1699	2105	1	1,100,734,946,231,6,0
6	None	115	2504	2038	2449	1	1,108,855,1202,328,10,0
6	None	126	2502	2110	2531	1	1,119,916,1182,278,6,0
6	None	149	4486	1717	1929	1	1,142,1349,2225,736,33,0
6	None	153	4030	3188	3627	1	1,146,1304,1978,580,21,0
6	None	155	4844	3685	4113	1	1,148,1441,2416,803,35,0
6	None	156	3868	3116	3559	1	1,149,1308,1898,500,12,0
6	None	157	4522	3521	3944	1	1,150,1425,2253,671,22,0
6	None	185	5596	2171	2394	1	1,178,1764,2817,814,22,0
6	None	106	2074	1736	2129	1	1,99,748,980,240,6,0
6	None	107	2086	134	165	1	1,100,749,986,244,6,0
6	None	123	2962	795	926	1	1,116,1002,1453,381,9,0
6	None	128	2988	2415	2831	1	1,121,1013,1454,389,10,0
6	None	132	3084	2501	2919	1	1,125,1056,1504,389,9,0
6	None	136	4178	3175	3579	1	1,129,1236,2076,703,33,0
6	None	140	3564	2846	3259	1	1,133,1186,1758,474,12,0
6	None	140	3202	2611	3050	1	1,133,1107,1555,397,9,0
6	None	172	6158	1525	1668	1	1,165,1737,3101,1101,53,0
6	None	176	6378	4731	5161	1	1,169,1792,3214,1147,55,0
6	None	192	6710	2509	2740	1	1,185,1923,3375,1172,54,0
6	None	195	6496	4936	5383	1	1,188,1954,3294,1028,31,0
6	None	93	1788	1484	1863	1	1,86,633,844,218,6,0
6	None	102	2142	1760	2139	1	1,95,750,1030,260,6,0
6	None	114	2262	630	767	1	1,107,814,1072,262,6,0
6	None	130	3758	1444	1645	1	1,123,1141,1861,606,26,0
6	None	138	3510	2802	3211	1	1,131,1166,1730,470,12,0
6	None	142	3958	1029	1166	1	1,135,1243,1955,601,23,0
6	None	150	4384	3391	3809	1	1,143,1358,2182,675,25,0
6	None	162	5234	3971	4394	1	1,155,1555,2627,861,35,0
6	None	179	6020	4528	4979	1	1,172,1745,3016,1038,48,0
6	None	66	770	101	152	1	1,59,323,325,61,1,0
6	None	72	1200	1019	1359	1	1,65,444,556,131,3,0
6	None	81	1404	1175	1548	1	1,74,501,649,173,6,0
6	None	108	2772	2158	2549	1	1,101,859,1350,440,21,0
6	None	108	2682	2117	2496	1	1,101,861,1309,395,15,0
6	None	114	2434	1996	2399	1	1,107,842,1162,312,10,0
6	None	122	3272	2557	2946	1	1,115,1031,1611,495,19,0
6	None	134	3516	2769	3181	1	1,127,1126,1726,517,19,0
6	None	146	3820	3029	3452	1	1,139,1249,1885,531,15,0
6	None	150	4952	931	1034	1	1,143,1436,2481,852,39,0
6	None	153	4998	3761	4185	1	1,146,1446,2494,869,42,0
6	None	189	6586	4952	5389	1	1,182,1938,3356,1076,33,0
6	None	38	354	321	604	1	1,31,145,145,31,1,0
6	None	82	1502	1261	1610	1	1,75,543,703,175,5,0
6	None	97	1872	1551	1945	1	1,90,662,886,227,6,0
6	None	116	2580	21	25	1	1,109,883,1243,334,10,0
6	None	120	2906	2321	2718	1	1,113,955,1411,411,15,0
6	None	125	3248	2565	2956	1	1,118,1049,1597,467,16,0
6	None	147	4800	3605	4023	1	1,140,1380,2392,845,42,0
6	None	153	5316	1983	2185	1	1,146,1517,2677,932,43,0
6	None	74	942	123	175	1	1,67,394,406,73,1,0
6	None	87	1776	1449	1811	1	1,80,612,852,225,6,0
6	None	114	2856	2253	2645	1	1,107,918,1398,417,15,0
6	None	132	4104	1560	1753	1	1,125,1227,2061,666,24,0
6	None	143	4464	849	950	1	1,136,1335,2239,726,27,0
6	None	174	6870	2506	2715	1	1,167,1857,3481,1298,66,0
6	None	181	6954	5109	5533	1	1,174,1916,3526,1277,60,0
6	None	36	216	117	253	1	1,29,117,69,0,0,0
6	None	72	1212	1031	1365	1	1,65,450,562,131,3,0
6	None	78	1452	599	775	1	1,71,505,681,188,6,0
6	None	99	2124	868	1053	1	1,92,738,1027,260,6,0
6	None	129	3972	2999	3405	1	1,122,1152,1966,695,36,0
6	None	162	5844	2161	2370	1	1,155,1617,2923,1088,60,0
6	None	78	1488	605	787	1	1,71,501,697,208,10,0
6	None	26	20	0	1	1	1,19,0,0,0,0,0
6	None	38	104	61	234	1	1,31,61,11,0,0,0
6	None	49	256	283	637	1	1,42,140,70,3,0,0
6	None	60	376	415	789	1	1,53,205,112,5,0,0
6	None	67	440	243	440	1	1,60,240,133,6,0,0
6	None	77	512	81	143	1	1,70,280,154,7,0,0
6	None	78	560	103	172	1	1,71,305,175,8,0,0
6	None	92	744	403	626	1	1,85,403,255,0,0,0
6	None	105	848	926	1413	1	1,98,463,286,0,0,0
6	None	108	1444	121	162	1	1,101,613,623,105,1,0
6	None	122	2048	1789	2241	1	1,115,798,938,193,3,0
6	None	148	2596	2269	2760	1	1,141,1015,1197,239,3,0
6	None	156	2874	2509	2980	1	1,149,1125,1337,259,3,0
6	None	160	2888	2529	3020	1	1,153,1135,1337,259,3,0
6	None	162	3180	545	641	1	1,155,1204,1498,317,5,0
6	None	164	2902	2549	3060	1	1,157,1145,1337,259,3,0
6	None	167	3672	3037	3530	1	1,160,1299,1763,439,10,0
6	None	168	2916	2569	3100	1	1,161,1155,1337,259,3,0
6	None	184	3734	3187	3698	1	1,177,1407,1771,373,5,0
6	None	189	4096	3413	3947	1	1,182,1470,1960,473,10,0
6	None	220	6110	4834	5355	1	1,213,1994,3034,846,22,0
6	None	28	22	0	1	1	1,21,0,0,0,0,0
6	None	30	72	41	192	1	1,23,41,7,0,0,0
6	None	40	108	63	244	1	1,33,63,11,0,0,0
6	None	54	320	356	711	1	1,47,178,94,0,0,0
6	None	60	320	364	761	1	1,53,182,84,0,0,0
6	None	67	424	119	218	1	1,60,238,125,0,0,0
6	None	80	604	668	1073	1	1,73,334,196,0,0,0
6	None	96	760	415	646	1	1,89,415,255,0,0,0
6	None	137	1376	1454	1965	1	1,130,727,518,0,0,0
6	None	143	1548	1626	2105	1	1,136,813,598,0,0,0
6	None	151	1616	1706	2205	1	1,144,853,618,0,0,0
6	None	54	306	173	351	1	1,47,173,85,0,0,0
6	None	64	414	231	421	1	1,57,231,125,0,0,0
6	None	76	628	668	1061	1	1,69,334,224,0,0,0
6	None	100	1624	471	608	1	1,93,627,741,159,3,0
6	None	120	2608	2131	2548	1	1,113,898,1251,335,10,0
6	None	129	2274	1987	2423	1	1,122,889,1050,209,3,0
6	None	145	3248	2661	3113	1	1,138,1128,1566,405,10,0
6	None	199	5856	4543	5042	1	1,192,1820,2905,903,35,0
6	None	223	6290	2488	2741	1	1,216,2056,3131,864,22,0
6	None	55	256	298	685	1	1,48,149,58,0,0,0
6	None	70	846	777	1139	1	1,63,356,360,65,1,0
6	None	96	1516	265	346	1	1,89,589,687,147,3,0
6	None	112	2092	1781	2186	1	1,105,779,979,223,5,0
6	None	141	2826	2399	2837	1	1,134,1053,1340,293,5,0
6	None	152	2960	2529	3001	1	1,145,1114,1394,301,5,0
6	None	170	3560	3017	3488	1	1,163,1327,1701,363,5,0
6	None	56	280	328	703	1	1,49,164,66,0,0,0
6	None	63	316	370	781	1	1,56,185,74,0,0,0
6	None	64	340	400	799	1	1,57,200,82,0,0,0
6	None	89	1152	1061	1464	1	1,82,488,495,85,1,0
6	None	118	2180	1863	2284	1	1,111,817,1017,229,5,0
6	None	140	2806	2372	2817	1	1,133,1034,1328,304,6,0
6	None	149	2950	2515	2971	1	1,142,1107,1394,301,5,0
6	None	168	4492	3557	4012	1	1,161,1461,2213,635,21,0
6	None	178	4440	3580	4061	1	1,171,1502,2176,576,14,0
6	None	185	4096	3403	3916	1	1,178,1465,1969,473,10,0
6	None	192	5052	4035	4523	1	1,185,1674,2484,687,21,0
6	None	216	5612	4513	5034	1	1,209,1887,2755,739,21,0
6	None	45	192	222	569	1	1,38,111,42,0,0,0
6	None	61	312	366	761	1	1,54,183,74,0,0,0
6	None	92	1162	1075	1494	1	1,85,495,495,85,1,0
6	None	132	2284	2001	2453	1	1,125,896,1050,209,3,0
6	None	143	2816	2386	2847	1	1,136,1041,1328,304,6,0
6	None	145	3232	2647	3104	1	1,138,1121,1557,405,10,0
6	None	148	3340	2741	3191	1	1,141,1168,1616,405,9,0
6	None	171	4504	3575	4042	1	1,164,1470,2213,635,21,0
6	None	181	4080	3379	3876	1	1,174,1453,1969,473,10,0
6	None	188	5138	4073	4543	1	1,181,1685,2550,703,18,0
6	None	196	5068	451	507	1	1,189,1686,2484,687,21,0
6	None	221	5632	4543	5084	1	1,214,1902,2755,739,21,0
6	None	102	2252	1819	2201	1	1,95,757,1084,305,10,0
6	None	112	2352	1933	2337	1	1,105,818,1122,297,9,0
6	None	118	2214	1868	2305	1	1,111,808,1036,252,6,0
6	None	142	3580	945	1094	1	1,135,1155,1743,525,21,0
6	None	162	4004	3199	3683	1	1,155,1316,1944,567,21,0
6	None	174	4644	3683	4146	1	1,167,1515,2287,653,21,0
6	None	182	4428	3563	4084	1	1,175,1477,2145,609,21,0
6	None	184	5564	4290	4753	1	1,177,1704,2764,882,36,0
6	None	185	4594	3713	4203	1	1,178,1559,2246,595,15,0
6	None	195	6744	5067	5522	1	1,188,1958,3397,1151,49,0
6	None	214	5476	4411	4940	1	1,207,1845,2681,721,21,0
6	None	68	1044	899	1237	1	1,61,394,474,111,3,0
6	None	162	3188	2733	3209	1	1,155,1208,1502,317,5,0
6	None	172	4498	211	238	1	1,165,1486,2213,615,18,0
6	None	174	5876	4411	4856	1	1,167,1693,2941,1025,49,0
6	None	177	5416	4153	4616	1	1,170,1642,2699,869,35,0
6	None	179	3854	3247	3727	1	1,172,1419,1846,409,7,0
6	None	192	6348	959	1054	1	1,185,1855,3171,1085,51,0
6	None	192	4748	182	207	1	1,185,1589,2308,644,21,0
6	None	74	1092	73	101	1	1,67,418,490,113,3,0
6	None	115	2110	1787	2222	1	1,108,775,983,237,6,0
6	None	174	4848	762	853	1	1,167,1556,2404,698,22,0
6	None	177	4534	3634	4105	1	1,170,1511,2222,612,18,0
6	None	196	6204	4761	5219	1	1,189,1892,3108,977,37,0
6	None	152	4278	3341	3762	1	1,145,1351,2119,639,23,0
6	None	153	4542	1743	1961	1	1,146,1373,2249,740,33,0
6	None	148	4170	1618	1835	1	1,141,1295,2061,646,26,0
6	None	172	4506	3601	4048	1	1,165,1493,2213,615,19,0
6	None	84	1578	1310	1671	1	1,77,558,742,194,6,0
6	None	76	1386	573	749	1	1,69,485,649,176,6,0
6	None	78	1524	627	796	1	1,71,531,723,192,6,0
6	None	44	432	393	697	1	1,37,178,178,37,1,0
6	None	59	948	399	556	1	1,52,345,439,108,3,0
6	None	67	1062	904	1241	1	1,60,394,488,116,3,0
6	None	182	5376	298	331	1	1,175,1679,2677,814,30,0
6	None	202	6684	5063	5544	1	1,195,1977,3357,1109,45,0
6	None	96	2366	1860	2219	1	1,89,751,1152,358,15,0
6	None	204	5854	4594	5083	1	1,197,1882,2922,830,22,0
6	None	193	6566	2465	2702	1	1,186,1895,3291,1140,53,0
6	None	40	494	141	233	1	1,33,182,216,59,3,0
6	None	138	3200	369	433	1	1,131,1074,1544,435,15,0
6	None	194	4332	3601	4123	1	1,187,1553,2086,495,10,0
6	None	186	5470	2129	2360	1	1,179,1729,2739,800,22,0
6	None	117	3958	2927	3301	1	1,110,1091,1968,745,43,0
6	None	151	5236	3895	4306	1	1,144,1474,2621,947,49,0
6	None	183	4558	3686	4167	1	1,176,1551,2232,584,14,0
6	None	144	4918	3662	4067	1	1,137,1384,2454,894,48,0
6	None	180	6888	2528	2743	1	1,173,1883,3473,1290,68,0
6	None	216	6164	91	101	1	1,209,1950,3046,923,35,0
6	None	161	4814	741	829	1	1,154,1477,2404,751,27,0
6	None	169	5322	2029	2250	1	1,162,1599,2667,860,33,0
6	None	196	6174	525	578	1	1,189,1867,3087,991,39,0
6	None	191	6568	4929	5387	1	1,184,1891,3290,1147,55,0
6	None	96	1528	1335	1736	1	1,89,593,693,149,3,0
6	None	103	1796	1547	1947	1	1,96,685,834,177,3,0
6	None	191	6312	4778	5241	1	1,184,1859,3162,1060,46,0
6	None	168	5876	2185	2404	1	1,161,1652,2941,1066,55,0
6	None	172	6012	1494	1639	1	1,165,1701,3010,1080,55,0
6	None	116	1856	1631	2083	1	1,109,728,840,175,3,0
6	None	192	5676	4405	4886	1	1,185,1777,2835,851,27,0
6	None	123	4100	3047	3430	1	1,116,1145,2039,757,42,0
6	None	32	118	44	141	1	1,25,66,26,0,0,0
6	None	118	2942	2327	2726	1	1,111,951,1439,425,15,0
6	None	184	5408	4187	4666	1	1,177,1673,2683,841,33,0
6	None	206	6782	5135	5628	1	1,199,1990,3383,1155,54,0
6	None	156	5488	453	499	1	1,149,1544,2756,989,49,0
6	None	96	1216	125	173	1	1,89,518,518,89,1,0
6	None	108	3190	2411	2789	1	1,101,924,1570,563,31,0
6	None	188	5610	101	112	1	1,181,1747,2805,849,27,0
6	None	162	5232	3944	4389	1	1,155,1512,2596,920,48,0
6	None	205	6536	4999	5484	1	1,198,1980,3279,1039,39,0
6	None	153	5140	961	1067	1	1,146,1467,2571,910,45,0
6	None	193	6456	4863	5339	1	1,186,1872,3224,1119,54,0
6	None	103	2320	1866	2249	1	1,96,775,1122,316,10,0
6	None	136	3754	974	1111	1	1,129,1169,1846,584,25,0
6	None	184	5806	1480	1633	1	1,177,1758,2910,924,36,0
6	None	178	6494	4807	5245	1	1,171,1816,3274,1175,57,0
6	None	214	5706	4539	5075	1	1,207,1878,2816,783,21,0
6	None	178	5428	4171	4630	1	1,171,1653,2703,865,35,0
6	None	163	6554	4737	5156	1	1,156,1707,3285,1323,82,0
6	None	72	918	831	1198	1	1,65,379,399,73,1,0
6	None	107	1740	1521	1945	1	1,100,677,792,167,3,0
6	None	172	4342	3481	3958	1	1,165,1451,2131,579,15,0
6	None	184	4766	3827	4297	1	1,177,1604,2350,619,15,0
6	None	193	5700	4421	4906	1	1,186,1773,2831,875,34,0
6	None	183	6030	909	1003	1	1,176,1747,3002,1051,53,0
6	None	191	6274	4765	5221	1	1,184,1868,3150,1029,42,0
6	None	144	1544	1620	2113	1	1,137,810,596,0,0,0
6	None	115	2308	1924	2337	1	1,108,829,1098,266,6,0
6	None	119	2774	2223	2636	1	1,112,917,1341,389,14,0
6	None	165	3842	3125	3613	1	1,158,1314,1858,497,14,0
3	4	46	98	52	101	1	1,42,52,3
5	5	28	83	141	427	1	1,22,47,13,0,0
3	4	56	125	68	123	1	1,52,68,4
6	5	81	1298	561	743	1	1,74,495,593,132,3,0
6	None	80	1312	1121	1488	1	1,73,491,605,139,3,0
6	None	88	1440	1241	1624	1	1,81,547,661,147,3,0
6	None	90	1536	1309	1697	1	1,83,574,714,161,3,0
6	None	114	2516	2045	2448	1	1,107,858,1211,329,10,0
6	None	119	2752	2219	2623	1	1,112,926,1336,367,10,0
6	None	103	1782	1535	1939	1	1,96,679,826,177,3,0
6	None	142	4544	1143	1279	1	1,135,1326,2270,777,35,0
6	None	129	2976	2407	2832	1	1,122,1009,1445,389,10,0
6	None	153	3522	2885	3334	1	1,146,1227,1707,431,10,0
6	None	147	3328	905	1059	1	1,140,1148,1610,419,10,0
6	None	185	5720	731	809	1	1,178,1737,2857,912,35,0
6	None	168	3820	3143	3625	1	1,161,1343,1848,457,10,0
6	None	221	6484	1685	1859	1	1,214,2041,3220,973,35,0
5	None	49	288	477	823	1	1,43,155,85,4,0
5	None	35	119	69	175	1	1,29,69,20,0,0
5	None	75	580	316	451	1	1,69,301,194,15,0
4	None	98	18192	12013	597	3	1,88,1522,6852,9729
6	None	15	10	2	69	1	1,6,3,0,0,0,0
4	None	132	3941	61	24	3	1,125,1180,1970,665
4	None	25	100	27	53	1	1,18,54,27,0
4	None	41	203	119	184	1	1,35,110,54,3
4	None	97	2296	2143	1019	3	1,90,744,1120,341
4	None	40	180	101	169	1	1,33,101,45,0
4	None	16	22	1	5	1	1,10,11,0,0
4	None	122	2847	2494	1321	3	1,115,971,1393,367
4	None	119	2035	1517	1132	3	1,112,791,938,193
4	None	17	23	11	58	1	1,11,11,0,0
4	None	23	120	71	99	3	1,14,52,44,9
4	None	27	144	91	131	1	1,18,64,52,9
4	None	19	27	16	55	1	1,10,16,0,0
4	None	23	47	32	67	1	1,14,32,0,0
4	None	17	51	26	67	1	1,9,26,15,0
4	None	152	13636	21609	2503	3	1,143,2069,6330,5093
4	None	26	62	17	47	1	1,21,34,6,0
4	None	24	50	27	85	1	1,19,27,3,0
4	None	48	477	64	65	3	1,41,197,197,41
4	None	16	28	3	11	1	1,9,15,3,0
4	None	37	482	429	251	3	1,28,162,222,69
4	None	21	50	27	73	1	1,13,27,9,0
4	None	25	95	50	99	1	1,15,50,29,0
4	None	15	17	9	46	1	1,7,9,0,0
4	None	18	31	17	58	1	1,10,17,3,0
4	None	38	415	306	251	3	1,29,159,186,40
4	None	15	32	2	7	1	1,8,16,7,0
4	None	84	1125	745	708	3	1,77,472,490,85
4	None	51	379	226	291	1	1,45,190,131,12
4	None	27	87	49	104	1	1,21,49,16,0
4	None	40	222	41	63	1	1,33,123,65,0
4	None	30	190	117	161	1	1,22,87,70,10
4	None	35	147	83	144	1	1,28,83,35,0
4	None	16	34	17	59	1	1,9,17,7,0
4	None	27	75	14	33	1	1,21,42,11,0
4	None	33	210	41	59	1	1,26,102,74,7
4	None	216	6939	6905	2726	3	1,209,2094,3500,1135
4	None	39	178	51	83	1	1,33,102,42,0
4	None	35	322	21	19	3	1,26,126,138,31
4	None	24	146	89	115	3	1,16,62,56,11
4	None	14	26	13	51	1	1,7,13,5,0
4	None	19	94	31	37	3	1,10,39,35,9
6	None	13	21	3	25	1	1,5,12,3,0,0,0
4	None	39	162	31	53	1	1,33,93,35,0
4	None	43	228	7	11	1	1,36,126,65,0
4	None	25	64	35	89	1	1,18,35,10,0
4	None	16	18	9	49	1	1,8,9,0,0
4	None	17	35	20	59	1	1,10,20,4,0
4	None	46	384	118	145	1	1,39,176,148,20
4	None	35	155	90	151	1	1,29,84,39,2
4	None	15	21	11	52	1	1,9,11,0,0
4	None	16	28	7	30	1	1,11,14,2,0
4	None	21	55	30	73	1	1,12,30,12,0
4	None	20	50	9	23	1	1,11,27,11,0
4	None	16	36	1	3	1	1,8,19,8,0
3	None	17	28	1	3	1	1,13,13,1
4	None	179	5613	5553	2224	3	1,172,1703,2829,908
3	None	21	36	17	47	1	1,17,17,1
4	None	13	24	6	25	1	1,7,12,4,0
4	None	42	224	129	197	1	1,36,120,64,3
4	None	45	442	299	293	3	1,36,180,188,37
6	None	14	32	34	215	1	1,6,17,8,0,0,0
4	None	16	30	8	29	1	1,10,16,3,0
4	None	55	2124	1501	281	3	1,46,419,986,672
4	None	22	187	23	16	3	1,14,65,80,27
4	None	18	12	0	1	1	1,11,0,0,0
4	None	14	24	13	49	1	1,7,13,3,0
4	None	22	123	70	101	3	1,14,54,46,8
4	None	122	2249	1714	1207	3	1,115,857,1057,219
4	None	23	60	33	79	1	1,14,33,12,0
4	None	19	30	3	13	1	1,13,15,1,0
6	None	14	18	24	197	1	1,5,12,0,0,0,0
4	None	23	60	33	83	1	1,16,33,10,0
4	None	31	120	23	41	1	1,24,69,26,0
4	None	30	120	21	41	1	1,21,63,35,0
4	None	40	401	91	88	3	1,32,163,171,34
4	None	21	113	70	89	3	1,12,48,43,9
4	None	21	58	2	5	1	1,15,32,10,0
4	None	36	210	109	181	1	1,28,109,72,0
4	None	34	155	88	147	1	1,28,88,38,0
4	None	18	46	25	63	1	1,9,25,11,0
4	None	28	646	214	51	3	1,19,142,298,186
4	None	200	6217	6064	2497	3	1,193,1913,3133,977
4	None	22	36	2	7	1	1,15,20,0,0
4	None	94	2959	680	207	3	1,86,772,1450,650
4	None	14	31	16	55	1	1,8,16,6,0
4	None	26	190	62	67	3	1,17,78,79,15
4	None	21	40	21	73	1	1,15,21,3,0
4	None	25	87	16	33	1	1,18,48,20,0
4	None	100	1415	938	877	3	1,93,593,623,105
4	None	15	34	9	29	1	1,9,18,6,0
6	None	13	32	33	215	1	1,6,16,8,1,0,0
4	None	21	31	18	61	1	1,12,18,0,0
4	None	19	51	28	67	1	1,10,28,12,0
4	None	19	57	29	74	1	1,11,29,16,0
4	None	33	140	27	47	1	1,27,75,35,2
4	None	22	60	3	7	1	1,13,33,13,0
4	None	111	1881	1405	1046	3	1,104,729,868,179
4	None	271	11925	13360	3927	3	1,264,3130,6115,2415
4	None	50	288	80	119	1	1,43,160,84,0
4	None	52	359	212	281	1	1,46,185,118,9
4	None	42	440	73	72	3	1,34,181,190,34
4	None	31	123	68	127	1	1,24,68,30,0
4	None	19	46	25	69	1	1,12,25,8,0
4	None	43	240	139	203	1	1,36,130,70,3
4	None	52	338	201	269	1	1,46,177,106,8
4	None	69	462	136	177	1	1,63,251,140,7
4	None	25	73	41	94	1	1,19,41,12,0
4	None	50	304	177	245	1	1,43,165,91,4
4	None	26	68	19	46	1	1,19,38,10,0
4	None	35	191	113	166	1	1,27,98,60,5
4	None	27	126	16	31	1	1,19,64,42,0
4	None	48	160	19	35	1	1,43,95,21,0
4	None	25	74	41	95	1	1,19,41,13,0
4	None	36	521	520	243	3	1,26,160,241,93
4	None	29	95	53	112	1	1,23,53,18,0
4	None	33	114	11	21	1	1,27,66,20,0
4	None	45	153	91	166	1	1,40,91,21,0
4	None	89	4940	7093	1163	3	1,80,918,2365,1576
6	None	132	3972	3025	3429	1	1,125,1180,1970,665,31,0
5	None	41	203	339	665	1	1,35,110,54,3,0
5	None	51	357	579	913	1	1,45,184,118,9,0
5	None	89	1008	1554	1945	1	1,83,471,406,47,0
6	None	123	3078	2443	2843	1	1,116,1004,1508,435,14,0
5	None	56	292	170	293	1	1,50,170,71,0,0
6	None	148	5172	256	283	1	1,141,1449,2590,942,49,0
5	None	46	281	154	263	1	1,40,148,86,6,0
6	None	41	436	395	673	1	1,34,179,184,37,1,0
6	None	222	10250	146	155	1	1,215,2592,5199,2116,127,0
6	None	65	978	841	1176	1	1,58,368,443,105,3,0
5	None	113	1707	2535	2939	1	1,107,726,753,119,1
6	None	122	3288	512	591	1	1,115,1024,1614,512,22,0
6	None	150	5334	563	622	1	1,143,1473,2667,995,55,0
6	None	76	1412	583	757	1	1,69,495,665,176,6,0
6	None	115	2578	2099	2491	1	1,108,885,1246,329,9,0
6	None	30	96	53	198	1	1,23,53,19,0,0,0
6	None	22	50	27	152	1	1,15,27,7,0,0,0
6	None	15	9	0	1	1	1,8,0,0,0,0,0
6	None	19	42	22	137	1	1,12,22,7,0,0,0
6	None	21	49	9	49	1	1,14,27,7,0,0,0
5	None	24	97	52	135	1	1,18,51,26,1,0
5	None	15	23	11	83	1	1,9,11,2,0,0
5	None	23	48	25	117	1	1,17,25,5,0,0
5	None	27	114	186	449	1	1,21,61,30,1,0
6	None	61	688	631	978	1	1,54,288,289,55,1,0
5	None	26	70	117	397	1	1,20,39,10,0,0
5	None	39	198	330	641	1	1,33,107,54,3,0
6	None	66	963	139	196	1	1,59,368,435,98,2,0
6	None	39	330	12	23	1	1,32,146,131,20,0,0
5	None	46	235	132	247	1	1,40,129,62,3,0
6	None	104	1894	267	335	1	1,97,693,881,216,6,0
6	None	46	464	423	731	1	1,39,192,192,39,1,0
6	None	56	660	593	923	1	1,49,268,284,57,1,0
5	None	22	55	6	23	1	1,16,30,8,0,0
6	None	93	1683	1417	1803	1	1,86,612,786,193,5,0
5	None	38	148	255	581	1	1,32,85,30,0,0
6	None	98	1780	749	949	1	1,91,645,829,208,6,0
5	None	35	169	279	577	1	1,29,90,46,3,0
5	None	25	69	117	385	1	1,19,39,10,0,0
5	None	22	51	84	341	1	1,16,28,6,0,0
6	None	28	64	5	26	1	1,21,35,7,0,0,0
6	None	47	321	110	219	1	1,40,160,110,10,0,0
6	None	18	40	7	44	1	1,11,21,7,0,0,0
5	None	114	696	411	595	1	1,108,411,176,0,0
6	None	16	28	28	241	1	1,9,14,4,0,0,0
6	None	29	94	52	193	1	1,22,52,19,0,0,0
6	None	36	174	94	243	1	1,29,93,49,2,0,0
5	None	24	50	26	121	1	1,18,26,5,0,0
6	None	45	306	311	633	1	1,38,150,106,11,0,0
6	None	45	408	389	690	1	1,38,183,163,23,0,0
6	None	16	30	32	241	1	1,9,16,4,0,0,0
6	None	24	78	84	335	1	1,17,42,18,0,0,0
6	None	14	28	32	221	1	1,7,16,4,0,0,0
5	None	32	135	222	517	1	1,26,72,34,2,0
6	None	72	888	271	393	1	1,65,372,380,69,1,0
6	None	97	1892	781	977	1	1,90,659,889,244,9,0
6	None	40	376	341	633	1	1,33,154,154,33,1,0
6	None	86	1664	1363	1737	1	1,79,570,782,223,9,0
6	None	52	700	601	914	1	1,45,261,311,79,3,0
6	None	56	748	645	974	1	1,49,281,331,83,3,0
6	None	14	14	12	217	1	1,7,6,0,0,0,0
6	None	39	327	308	597	1	1,32,144,130,20,0,0
5	None	23	78	126	377	1	1,17,41,18,1,0
6	None	28	220	197	447	1	1,21,88,88,21,1,0
6	None	32	132	144	431	1	1,25,72,34,0,0,0
6	None	44	456	413	710	1	1,37,187,191,39,1,0
6	None	48	214	248	605	1	1,41,124,48,0,0,0
6	None	30	138	146	417	1	1,23,72,40,2,0,0
6	None	38	180	98	253	1	1,31,97,49,2,0,0
5	None	30	119	201	479	1	1,24,67,27,0,0
5	None	22	48	81	337	1	1,16,27,4,0,0
6	None	48	405	400	711	1	1,41,191,154,18,0,0
6	None	31	112	42	137	1	1,24,63,24,0,0,0
6	None	60	834	361	527	1	1,53,316,371,90,3,0
6	None	32	144	154	437	1	1,25,76,40,2,0,0
6	None	36	160	176	479	1	1,29,88,42,0,0,0
5	None	23	49	2	9	1	1,17,26,5,0,0
6	None	67	1186	327	437	1	1,60,414,552,153,6,0
6	None	32	262	235	504	1	1,25,105,105,25,1,0
5	None	26	76	129	401	1	1,20,43,12,0,0
5	None	26	84	141	409	1	1,20,47,16,0,0
6	None	43	264	277	593	1	1,36,136,86,5,0,0
5	None	139	2269	3348	3781	1	1,133,956,1018,160,1
6	None	173	6386	2357	2572	1	1,166,1775,3223,1164,57,0
6	None	77	1198	1035	1397	1	1,70,455,544,125,3,0
5	None	51	312	519	863	1	1,45,168,93,5,0
6	None	178	6006	31	34	1	1,171,1755,3019,1016,44,0
5	None	120	1837	303	349	1	1,114,782,812,127,1
6	None	68	568	301	481	1	1,61,301,205,0,0,0
6	None	160	5400	4051	4473	1	1,153,1558,2710,935,43,0
6	None	116	2676	2161	2557	1	1,109,906,1302,349,9,0
5	None	28	93	162	433	1	1,22,54,16,0,0
5	None	70	642	338	461	1	1,64,317,239,21,0
5	None	328	6148	3010	3217	1	1,322,2578,2813,432,2
5	None	64	560	891	1241	1	1,58,279,204,18,0
6	None	180	6604	4889	5324	1	1,173,1849,3333,1191,57,0
5	None	112	1656	2466	2873	1	1,106,709,726,113,1
5	None	79	831	1290	1667	1	1,73,393,327,37,0
6	None	356	16587	3965	4153	1	1,349,4307,8476,3281,173,0
6	None	173	3450	2951	3452	1	1,166,1313,1645,325,0,0
6	None	64	708	110	169	1	1,57,307,297,46,0,0
5	None	114	1149	1824	2297	1	1,108,568,432,40,0
6	None	171	6642	2425	2636	1	1,164,1786,3341,1278,72,0
6	None	112	2616	2094	2489	1	1,105,862,1264,370,14,0
6	None	75	1182	1022	1371	1	1,68,450,538,122,3,0
6	None	120	2788	373	442	1	1,113,925,1347,388,14,0
6	None	70	886	807	1162	1	1,63,369,383,69,1,0
6	None	183	6406	797	872	1	1,176,1823,3215,1136,55,0
6	None	96	1600	461	593	1	1,89,612,736,159,3,0
5	None	79	764	1212	1585	1	1,73,378,286,26,0
6	None	209	9520	1696	1807	1	1,202,2408,4821,1968,120,0
5	None	48	245	426	761	1	1,42,142,60,0,0
5	None	59	376	630	997	1	1,53,205,112,5,0
6	None	149	4458	8	9	1	1,142,1340,2202,736,37,0
5	None	67	548	126	179	1	1,61,279,192,15,0
6	None	179	6520	1208	1317	1	1,172,1829,3287,1174,57,0
5	None	41	216	366	673	1	1,35,120,58,2,0
5	None	33	115	198	503	1	1,27,66,21,0,0
6	None	158	4768	3676	4095	1	1,151,1475,2392,726,23,0
5	None	38	174	100	201	1	1,32,100,41,0,0
5	None	31	130	222	497	1	1,25,73,30,1,0
6	None	127	3020	1219	1421	1	1,120,1024,1475,390,10,0
5	None	81	577	978	1387	1	1,75,326,175,0,0
6	None	59	422	66	115	1	1,52,231,138,0,0,0
6	None	140	4188	803	904	1	1,133,1269,2083,674,28,0
5	None	69	630	996	1361	1	1,63,311,234,21,0
6	None	82	1580	653	829	1	1,75,557,749,192,6,0
5	None	85	913	1419	1805	1	1,79,435,360,38,0
6	None	125	3392	529	608	1	1,118,1065,1673,515,20,0
5	None	67	572	304	427	1	1,61,285,206,19,0
6	None	52	344	76	141	1	1,45,190,108,0,0,0
6	None	271	14646	10195	10662	1	1,264,3477,7451,3241,212,0
6	None	184	6798	5029	5466	1	1,177,1895,3423,1239,63,0
6	None	38	198	111	256	1	1,31,111,55,0,0,0
5	None	75	704	1116	1489	1	1,69,348,262,24,0
6	None	148	5306	3915	4322	1	1,141,1461,2655,993,55,0
6	None	111	2782	2199	2578	1	1,104,898,1361,403,15,0
5	None	46	322	519	833	1	1,40,164,108,9,0
5	None	60	463	250	367	1	1,54,238,158,12,0
5	None	72	624	1002	1375	1	1,66,316,223,18,0
5	None	89	1044	535	661	1	1,83,485,425,50,0
6	None	152	4702	3583	4007	1	1,145,1404,2344,775,33,0
5	None	78	838	430	557	1	1,72,391,335,39,0
6	None	191	7098	5255	5694	1	1,184,1987,3583,1281,62,0
5	None	109	1380	2106	2521	1	1,103,632,574,70,0
5	None	151	2713	3957	4393	1	1,145,1105,1246,214,2
5	None	32	140	237	517	1	1,26,78,34,1,0
6	None	86	1255	559	751	1	1,79,508,565,102,0,0
5	None	27	64	105	403	1	1,21,35,7,0,0
6	None	33	72	90	407	1	1,26,45,0,0,0,0
6	None	306	8760	6977	7568	1	1,299,2948,4431,1081,0,0
6	None	229	5314	2213	2485	1	1,222,1938,2603,550,0,0
6	None	114	2622	1053	1255	1	1,107,873,1269,360,12,0
6	None	236	7002	1367	1499	1	1,229,2222,3493,1024,33,0
6	None	146	2894	352	417	1	1,139,1092,1382,280,0,0
5	None	228	3272	1664	1857	1	1,222,1499,1385,165,0
6	None	141	2413	85	104	1	1,134,960,1113,205,0,0
6	None	126	1632	1543	2030	1	1,119,724,693,95,0,0
6	None	90	972	942	1369	1	1,83,446,392,50,0,0
6	None	167	3400	263	307	1	1,160,1284,1630,325,0,0
6	None	186	5482	4259	4726	1	1,179,1720,2737,819,26,0
6	None	174	3060	2696	3231	1	1,167,1218,1414,260,0,0
6	None	90	1284	576	775	1	1,83,525,573,102,0,0
6	None	310	13061	9533	10068	1	1,303,3550,6657,2433,117,0
6	None	213	5554	4449	4978	1	1,206,1852,2729,745,21,0
5	None	78	461	804	1241	1	1,72,268,120,0,0
5	None	209	1939	3258	3871	1	1,203,1086,649,0,0
6	None	38	264	260	553	1	1,31,124,96,12,0,0
6	None	59	558	536	889	1	1,52,253,222,30,0,0
6	None	104	1320	41	56	1	1,97,571,563,88,0,0
6	None	132	2052	168	211	1	1,125,846,924,156,0,0
5	None	35	120	207	527	1	1,29,69,21,0,0
6	None	122	2052	1805	2243	1	1,115,815,946,175,0,0
5	None	53	230	27	53	1	1,47,135,47,0,0
6	None	44	270	56	121	1	1,37,136,88,8,0,0
5	None	45	204	354	697	1	1,39,118,46,0,0
6	None	108	1080	109	157	1	1,101,525,413,40,0,0
5	None	125	1159	1881	2389	1	1,119,594,412,33,0
6	None	134	1860	286	371	1	1,127,793,809,130,0,0
5	None	62	400	17	27	1	1,56,213,122,8,0
5	None	26	54	99	377	1	1,20,33,0,0,0
5	None	65	440	243	373	1	1,59,235,137,8,0
5	None	167	2180	1116	1291	1	1,161,1011,902,105,0
5	None	67	471	774	1171	1	1,61,247,151,11,0
6	None	90	1146	1057	1469	1	1,83,486,490,85,1,0
6	None	23	61	11	53	1	1,16,33,11,0,0,0
5	None	217	3542	5274	5813	1	1,211,1542,1572,216,0
6	None	120	2850	2295	2689	1	1,113,961,1392,373,10,0
6	None	141	4356	3313	3723	1	1,134,1298,2176,717,30,0
6	None	78	1224	1061	1419	1	1,71,468,556,125,3,0
6	None	171	6408	2359	2571	1	1,164,1773,3241,1172,57,0
6	None	147	4408	3385	3798	1	1,140,1339,2191,707,30,0
5	None	80	709	1146	1529	1	1,74,363,252,19,0
5	None	87	837	1329	1733	1	1,81,416,312,27,0
6	None	128	3620	2801	3194	1	1,121,1117,1791,567,23,0
6	None	165	5988	1475	1617	1	1,158,1663,3010,1099,57,0
6	None	119	2614	2131	2543	1	1,112,896,1256,339,10,0
6	None	126	3320	2605	3008	1	1,119,1058,1635,489,18,0
6	None	49	296	160	329	1	1,42,158,91,4,0,0
5	None	75	755	1179	1549	1	1,69,362,292,31,0
5	None	65	530	19	27	1	1,59,270,185,15,0
6	None	97	1700	487	615	1	1,90,647,792,167,3,0
5	None	99	1067	557	695	1	1,93,514,416,43,0
6	None	275	15080	10480	10943	1	1,268,3565,7676,3350,220,0
6	None	176	7522	2698	2909	1	1,169,1931,3793,1534,94,0
6	None	176	6176	4613	5046	1	1,169,1767,3111,1079,49,0
6	None	259	13578	2373	2489	1	1,252,3266,6909,2960,190,0
6	None	180	6908	5071	5498	1	1,173,1894,3493,1283,64,0
6	None	140	4060	3121	3543	1	1,133,1231,2006,659,30,0
5	None	60	461	747	1099	1	1,54,237,157,12,0
5	None	90	1015	523	653	1	1,84,478,407,45,0
6	None	158	4880	1865	2079	1	1,151,1470,2435,790,33,0
6	None	85	1438	1237	1597	1	1,78,545,664,147,3,0
5	None	75	789	408	529	1	1,69,373,311,35,0
5	None	89	997	1539	1933	1	1,83,468,400,45,0
5	None	50	366	591	913	1	1,44,187,124,10,0
5	None	27	54	96	389	1	1,21,32,0,0,0
5	None	90	1051	538	667	1	1,84,487,428,51,0
6	None	235	11340	8029	8480	1	1,228,2827,5765,2375,144,0
6	None	231	11228	721	762	1	1,224,2774,5697,2383,149,0
5	None	91	856	1371	1783	1	1,85,431,313,26,0
6	None	66	1022	219	302	1	1,59,382,465,112,3,0
5	None	66	603	106	145	1	1,60,297,224,21,0
5	None	51	332	182	295	1	1,45,176,104,6,0
6	None	158	4946	1886	2099	1	1,151,1487,2477,798,32,0
5	None	100	1186	1824	2231	1	1,94,553,483,55,0
6	None	167	6320	4639	5055	1	1,160,1725,3182,1189,63,0
5	None	22	35	54	329	1	1,16,18,0,0,0
5	None	29	64	120	413	1	1,23,40,0,0,0
5	None	80	817	1278	1657	1	1,74,393,316,33,0
6	None	194	8166	5893	6330	1	1,187,2132,4121,1629,96,0
5	None	59	469	108	157	1	1,53,239,163,13,0
6	None	251	12162	8618	9079	1	1,244,3041,6188,2536,152,0
6	None	210	9024	6509	6952	1	1,203,2366,4579,1777,98,0
5	None	100	1248	1902	2303	1	1,94,570,519,64,0
6	None	118	2760	2214	2621	1	1,111,916,1336,382,14,0
5	None	107	1222	1902	2321	1	1,101,586,486,48,0
5	None	89	1013	1563	1949	1	1,83,474,408,47,0
6	None	258	12868	193	203	1	1,251,3171,6548,2729,168,0
5	None	117	1462	2247	2671	1	1,111,680,601,69,0
6	None	145	4052	3167	3578	1	1,138,1287,2015,593,18,0
6	None	116	2580	2101	2501	1	1,109,886,1246,329,9,0
5	None	126	1180	1917	2417	1	1,120,610,420,29,0
5	None	259	4064	6126	6709	1	1,253,1819,1768,223,0
6	None	198	4440	3700	4221	1	1,191,1616,2164,468,0,0
6	None	178	4031	3343	3828	1	1,171,1455,1971,433,0,0
5	None	170	2020	211	247	1	1,164,974,800,81,0
6	None	102	1152	556	783	1	1,95,525,469,62,0,0
6	None	168	3390	2873	3377	1	1,161,1260,1610,353,5,0
6	None	289	10031	3806	4079	1	1,282,2991,5063,1630,64,0
6	None	195	5844	4519	5004	1	1,188,1808,2911,903,33,0
6	None	358	18643	13108	13649	1	1,351,4562,9498,3984,247,0
5	None	38	130	45	113	1	1,32,75,22,0,0
5	None	82	678	1101	1517	1	1,76,349,234,18,0
6	None	80	982	910	1297	1	1,73,422,420,66,0,0
5	None	37	145	249	569	1	1,31,83,30,0,0
6	None	102	1584	1404	1817	1	1,95,636,720,132,0,0
6	None	81	720	733	1153	1	1,74,354,266,25,0,0
5	None	113	900	1482	2017	1	1,107,475,298,19,0
5	None	132	1212	1977	2501	1	1,126,629,426,30,0
6	None	106	1075	542	775	1	1,99,522,413,40,0,0
6	None	131	1849	425	549	1	1,124,785,809,130,0,0
6	None	132	2058	616	775	1	1,125,844,928,160,0,0
5	None	74	530	879	1289	1	1,68,282,168,11,0
5	None	57	384	210	331	1	1,51,202,122,8,0
5	None	138	1591	2484	2981	1	1,132,763,630,65,0
5	None	51	231	135	259	1	1,45,134,50,1,0
5	None	148	1834	2832	3335	1	1,142,859,747,85,0
6	None	93	1258	573	779	1	1,86,526,551,94,0,0
5	None	182	2624	3975	4493	1	1,176,1186,1122,139,0
5	None	74	565	308	443	1	1,68,294,188,14,0
5	None	180	1559	2640	3233	1	1,174,880,504,0,0
5	None	115	1166	619	773	1	1,109,580,437,39,0
5	None	80	753	1194	1585	1	1,74,373,280,25,0
6	None	79	1410	1177	1535	1	1,72,502,656,173,6,0
5	None	28	88	51	143	1	1,22,51,14,0,0
6	None	156	5270	3943	4363	1	1,149,1501,2630,941,48,0
6	None	100	1878	789	985	1	1,93,681,881,216,6,0
5	None	66	592	942	1291	1	1,60,296,217,18,0
6	None	142	4228	3237	3656	1	1,135,1274,2099,689,30,0
6	None	65	492	534	893	1	1,58,267,166,0,0,0
6	None	218	9980	2371	2521	1	1,211,2529,5062,2055,122,0
5	None	53	368	201	313	1	1,47,194,119,7,0
5	None	86	981	502	631	1	1,80,455,398,47,0
6	None	190	7462	2727	2947	1	1,183,2015,3761,1424,78,0
6	None	156	4586	3548	3973	1	1,149,1425,2290,698,23,0
6	None	70	1146	979	1311	1	1,63,428,528,123,3,0
5	None	99	1184	1818	2221	1	1,93,549,484,57,0
5	None	64	611	954	1301	1	1,58,293,234,25,0
6	None	238	11238	3996	4223	1	1,231,2841,5721,2310,134,0
5	None	96	1133	581	713	1	1,90,527,461,54,0
6	None	187	7240	5313	5744	1	1,180,1983,3661,1347,68,0
5	None	130	2112	3114	3533	1	1,124,887,948,151,1
6	None	176	6266	2330	2549	1	1,169,1771,3153,1118,54,0
6	None	125	3368	873	1009	1	1,118,1048,1656,523,22,0
6	None	148	4396	485	543	1	1,141,1366,2206,663,19,0
5	None	59	459	738	1091	1	1,53,233,159,13,0
5	None	122	1716	862	1001	1	1,116,767,737,95,0
6	None	177	5868	4449	4880	1	1,170,1757,2977,935,28,0
6	None	88	1422	95	124	1	1,81,547,649,141,3,0
6	None	253	12712	8951	9410	1	1,246,3124,6473,2703,165,0
6	None	78	692	732	1111	1	1,71,366,254,0,0,0
5	None	108	1378	2103	2509	1	1,102,631,574,70,0
5	None	68	622	984	1343	1	1,62,306,231,22,0
6	None	154	4636	3561	3985	1	1,147,1411,2308,739,30,0
5	None	84	967	135	169	1	1,78,447,393,48,0
5	None	129	1770	894	1039	1	1,123,800,752,94,0
6	None	251	10944	3953	4193	1	1,244,2901,5589,2104,105,0
6	None	241	11156	3981	4211	1	1,234,2843,5669,2276,133,0
6	None	204	7818	2879	3106	1	1,197,2164,3957,1430,69,0
6	None	178	5986	4517	4952	1	1,171,1755,3009,1007,43,0
6	None	218	9734	6971	7422	1	1,211,2498,4933,1975,116,0
6	None	205	8234	2003	2153	1	1,198,2226,4172,1557,80,0
6	None	126	3456	538	617	1	1,119,1082,1708,526,20,0
6	None	61	758	685	1018	1	1,54,312,329,61,1,0
6	None	162	2946	1285	1536	1	1,155,1155,1375,260,0,0
6	None	142	2226	2008	2499	1	1,135,920,1002,168,0,0
6	None	289	10176	7698	8245	1	1,282,3023,5158,1652,60,0
6	None	172	5628	1417	1566	1	1,165,1647,2815,957,43,0
5	None	36	112	195	529	1	1,30,65,16,0,0
5	None	89	889	1398	1811	1	1,83,431,339,35,0
6	None	113	1842	1627	2051	1	1,106,736,844,155,0,0
6	None	228	6913	5372	5883	1	1,221,2174,3460,1024,33,0
5	None	49	216	372	749	1	1,43,124,48,0,0
5	None	104	624	1104	1627	1	1,98,368,157,0,0
6	None	140	2130	644	809	1	1,133,886,950,160,0,0
5	None	82	450	801	1261	1	1,76,267,106,0,0
6	None	89	809	413	633	1	1,82,399,299,28,0,0
5	None	87	559	322	473	1	1,81,322,155,0,0
6	None	117	1948	1715	2144	1	1,110,775,897,165,0,0
5	None	68	345	36	61	1	1,62,204,78,0,0
5	None	60	270	159	299	1	1,54,159,56,0,0
5	None	54	281	489	851	1	1,48,163,69,0,0
6	None	129	2032	1826	2285	1	1,122,835,918,156,0,0
6	None	77	898	838	1225	1	1,70,389,378,60,0,0
5	None	51	240	84	157	1	1,45,140,54,0,0
6	None	150	2772	2402	2879	1	1,143,1076,1302,250,0,0
5	None	98	770	255	349	1	1,92,408,252,17,0
5	None	103	1023	1629	2065	1	1,97,510,382,33,0
5	None	34	121	69	173	1	1,28,69,23,0,0
5	None	100	630	1101	1601	1	1,94,367,168,0,0
6	None	379	12885	9932	10533	1	1,372,4086,6666,1760,0,0
5	None	62	280	99	185	1	1,56,165,58,0,0
5	None	120	820	95	131	1	1,114,475,230,0,0
5	None	227	3325	1682	1877	1	1,221,1507,1421,175,0
5	None	150	1753	2742	3253	1	1,144,844,694,70,0
5	None	97	657	1137	1601	1	1,91,379,186,0,0
6	None	175	3442	736	865	1	1,168,1304,1633,336,0,0
5	None	175	2292	3528	4057	1	1,169,1072,946,104,0
5	None	34	109	63	169	1	1,28,63,17,0,0
5	None	134	1620	132	157	1	1,128,763,655,73,0
5	None	70	360	633	1073	1	1,64,211,84,0,0
6	None	196	7772	5681	6122	1	1,189,2109,3935,1463,75,0
6	None	193	8948	1586	1693	1	1,186,2228,4525,1888,120,0
6	None	90	2018	1616	1973	1	1,83,668,976,280,10,0
5	None	101	1185	1833	2233	1	1,95,557,478,54,0
6	None	163	5688	1057	1165	1	1,156,1595,2843,1038,55,0
5	None	111	1388	2124	2545	1	1,105,640,574,68,0
6	None	164	6268	4589	5002	1	1,157,1700,3157,1189,64,0
6	None	87	1384	1202	1583	1	1,80,532,630,138,3,0
6	None	49	336	92	169	1	1,42,184,109,0,0,0
5	None	43	248	136	243	1	1,37,131,74,5,0
5	None	73	672	1065	1439	1	1,67,333,249,22,0
6	None	198	8552	6150	6583	1	1,191,2216,4326,1718,100,0
6	None	90	2014	1612	1971	1	1,83,666,974,280,10,0
6	None	133	3774	2929	3322	1	1,126,1178,1877,573,19,0
6	None	125	3284	644	745	1	1,118,1046,1617,484,18,0
6	None	272	16224	5556	5789	1	1,265,3624,8177,3854,302,1
6	None	259	12974	4573	4805	1	1,252,3203,6613,2740,165,0
6	None	153	4964	1876	2083	1	1,146,1457,2485,838,37,0
6	None	173	5556	4231	4665	1	1,166,1665,2788,901,35,0
6	None	277	14348	10071	10541	1	1,270,3499,7316,3073,189,0
6	None	199	7814	1433	1543	1	1,192,2147,3967,1438,69,0
5	None	55	328	564	905	1	1,49,188,90,0,0
5	None	81	830	1299	1679	1	1,75,400,321,33,0
6	None	201	7736	5689	6142	1	1,194,2134,3917,1421,69,0
6	None	170	6256	924	1009	1	1,163,1739,3154,1142,57,0
6	None	158	5834	4296	4705	1	1,151,1606,2936,1084,56,0
5	None	104	1300	662	797	1	1,98,597,539,65,0
6	None	272	14046	9862	10329	1	1,265,3431,7166,3000,183,0
5	None	29	108	27	65	1	1,23,63,21,0,0
6	None	165	4892	948	1055	1	1,158,1529,2447,734,23,0
6	None	119	3102	487	565	1	1,112,986,1522,463,18,0
6	None	142	4212	3245	3647	1	1,135,1300,2112,645,19,0
5	None	136	2115	1048	1193	1	1,130,904,935,144,1
6	None	119	3216	1254	1445	1	1,112,1009,1585,490,19,0
6	None	198	7890	5763	6206	1	1,191,2139,3999,1485,75,0
6	None	47	280	310	631	1	1,40,155,84,0,0,0
5	None	86	997	1533	1907	1	1,80,463,405,48,0
6	None	395	29872	19889	20387	1	1,388,6099,15062,7671,649,2
5	None	56	370	203	323	1	1,50,195,116,8,0
6	None	138	4366	3303	3703	1	1,131,1282,2180,739,33,0
5	None	119	1567	794	937	1	1,113,714,659,80,0
6	None	173	5392	1034	1143	1	1,166,1648,2709,840,28,0
5	None	109	1445	2187	2597	1	1,103,650,612,79,0
6	None	198	6726	1696	1847	1	1,191,2001,3410,1086,37,0
6	None	134	3308	1321	1531	1	1,127,1093,1617,456,14,0
5	None	104	1109	579	725	1	1,98,534,431,45,0
6	None	22	36	40	297	1	1,15,20,0,0,0,0
6	None	277	11454	4184	4441	1	1,270,3116,5827,2136,104,0
6	None	315	12394	9166	9725	1	1,308,3483,6306,2200,96,0
5	None	54	240	141	271	1	1,48,141,50,0,0
5	None	178	2305	3552	4097	1	1,172,1075,948,109,0
6	None	191	6848	2539	2775	1	1,184,1915,3437,1248,63,0
6	None	228	5923	4792	5313	1	1,221,2047,2956,698,0,0
5	None	33	167	273	557	1	1,27,88,48,3,0
6	None	261	9013	6809	7349	1	1,254,2650,4536,1509,63,0
6	None	82	1153	1031	1411	1	1,75,467,512,97,1,0
6	None	121	1603	1509	1973	1	1,114,707,686,95,0,0
6	None	202	4188	3568	4105	1	1,195,1584,2008,400,0,0
6	None	74	780	124	189	1	1,67,349,317,46,0,0
6	None	289	8106	811	882	1	1,282,2754,4089,980,0,0
6	None	112	1644	743	965	1	1,105,681,733,124,0,0
5	None	107	785	1347	1817	1	1,101,449,234,0,0
6	None	379	16851	6097	6397	1	1,372,4482,8605,3230,161,0
6	None	200	5625	4414	4915	1	1,193,1791,2778,832,30,0
5	None	70	355	42	71	1	1,64,210,80,0,0
6	None	180	3696	3142	3649	1	1,173,1392,1772,358,0,0
5	None	40	144	36	85	1	1,34,84,25,0,0
6	None	26	108	7	23	1	1,19,55,31,2,0,0
5	None	153	1834	952	1123	1	1,147,876,734,76,0
5	None	208	1986	3324	3911	1	1,202,1108,675,0,0
5	None	107	1079	570	721	1	1,101,532,407,38,0
5	None	99	629	1101	1589	1	1,93,367,168,0,0
5	None	56	250	441	841	1	1,50,147,52,0,0
6	None	232	5234	4381	4941	1	1,225,1917,2544,547,0,0
5	None	138	1797	915	1073	1	1,132,825,749,90,0
5	None	230	3193	1634	1831	1	1,224,1484,1334,150,0
5	None	276	4694	2324	2525	1	1,270,2034,2099,290,0
5	None	77	628	1020	1421	1	1,71,324,216,16,0
6	None	233	5120	4333	4883	1	1,226,1916,2476,501,0,0
6	None	155	4920	170	189	1	1,148,1467,2465,806,33,0
6	None	227	11204	7883	8334	1	1,220,2724,5661,2435,163,0
6	None	103	2228	1806	2197	1	1,96,756,1072,294,9,0
6	None	142	3444	2785	3206	1	1,135,1176,1689,433,10,0
6	None	178	6274	4686	5119	1	1,171,1797,3164,1092,49,0
6	None	141	4660	3497	3896	1	1,134,1343,2333,811,38,0
6	None	194	7344	903	977	1	1,187,2044,3719,1330,63,0
5	None	121	1862	307	353	1	1,115,793,824,128,1
5	None	154	2602	3828	4277	1	1,148,1092,1176,184,1
5	None	146	2247	1117	1265	1	1,140,983,989,134,0
5	None	134	2114	3135	3563	1	1,128,901,939,144,1
6	None	146	4686	393	439	1	1,139,1368,2340,801,37,0
5	None	55	458	726	1057	1	1,49,228,166,14,0
5	None	118	1823	900	1037	1	1,112,773,809,127,1
6	None	197	7684	5636	6081	1	1,190,2108,3896,1420,69,0
5	None	116	1503	763	905	1	1,110,686,629,77,0
6	None	140	3868	3023	3431	1	1,133,1221,1910,581,22,0
6	None	158	4252	3361	3795	1	1,151,1381,2102,599,18,0
5	None	74	526	891	1273	1	1,68,297,160,0,0
6	None	153	4284	3343	3776	1	1,146,1357,2133,629,18,0
5	None	92	1095	48	59	1	1,86,507,448,53,0
5	None	81	797	1254	1643	1	1,75,388,303,30,0
5	None	100	804	1350	1783	1	1,94,450,259,0,0
6	None	116	3048	1193	1385	1	1,109,963,1497,460,18,0
5	None	132	2096	3102	3529	1	1,126,888,934,146,1
5	None	41	218	363	679	1	1,35,118,61,3,0
6	None	153	5334	3975	4379	1	1,146,1516,2684,943,44,0
6	None	136	3708	2903	3309	1	1,129,1179,1836,545,18,0
6	None	158	5366	4022	4437	1	1,151,1545,2694,932,43,0
6	None	67	566	75	119	1	1,60,300,205,0,0,0
5	None	96	1421	162	191	1	1,90,600,627,102,1
5	None	30	106	177	469	1	1,24,59,22,0,0
6	None	104	2080	1730	2119	1	1,97,744,990,242,6,0
6	None	311	17448	12099	12589	1	1,304,4103,8892,3893,255,0
6	None	122	2856	2309	2708	1	1,115,971,1393,367,9,0
5	None	60	366	633	985	1	1,54,211,100,0,0
6	None	185	7394	5395	5817	1	1,178,2000,3750,1395,70,0
6	None	183	7394	1343	1450	1	1,176,1969,3735,1434,79,0
6	None	151	4340	3373	3794	1	1,144,1367,2171,639,18,0
6	None	183	6006	4569	5006	1	1,176,1807,3035,955,32,0
5	None	106	1428	2160	2551	1	1,100,641,607,79,0
6	None	292	15432	10802	11283	1	1,285,3735,7872,3332,207,0
6	None	224	9654	6965	7426	1	1,217,2535,4903,1895,103,0
6	None	283	11828	1078	1143	1	1,276,3199,6015,2226,111,0
6	None	204	5483	1451	1622	1	1,197,1793,2701,767,24,0
6	None	277	10123	7579	8116	1	1,270,2926,5129,1727,70,0
6	None	76	1102	975	1334	1	1,69,439,495,97,1,0
6	None	144	2355	2103	2590	1	1,137,959,1073,185,0,0
6	None	216	5604	4531	5034	1	1,209,1934,2797,663,0,0
6	None	58	366	399	769	1	1,51,197,112,5,0,0
6	None	215	6351	4946	5455	1	1,208,1999,3162,948,33,0
5	None	98	728	5	7	1	1,92,392,230,13,0
6	None	142	2235	2029	2502	1	1,135,935,1005,159,0,0
6	None	66	725	682	1039	1	1,59,319,302,44,0,0
6	None	123	1545	1471	1955	1	1,116,691,648,89,0,0
5	None	102	996	1587	2029	1	1,96,496,370,33,0
6	None	146	2710	2345	2811	1	1,139,1049,1274,247,0,0
5	None	102	928	499	651	1	1,96,472,332,27,0
6	None	387	15102	11255	11859	1	1,380,4344,7708,2567,102,0
6	None	160	3310	2795	3271	1	1,153,1233,1594,329,0,0
6	None	132	1920	877	1122	1	1,125,807,847,140,0,0
5	None	122	1439	744	895	1	1,116,680,578,64,0
6	None	329	11880	448	477	1	1,322,3499,6019,1962,77,0
6	None	226	5586	1525	1701	1	1,219,1975,2766,625,0,0
6	None	59	538	520	877	1	1,52,245,210,30,0,0
6	None	275	7921	6293	6840	1	1,268,2654,4013,985,0,0
5	None	42	174	300	643	1	1,36,100,37,0,0
6	None	208	4618	3873	4405	1	1,201,1705,2248,463,0,0
6	None	86	1056	164	231	1	1,79,457,449,70,0,0
6	None	200	4122	3518	4051	1	1,193,1564,1974,390,0,0
6	None	45	240	257	597	1	1,38,126,70,5,0,0
5	None	338	5754	8574	9247	1	1,332,2515,2563,343,0
5	None	230	3439	5214	5777	1	1,224,1560,1476,178,0
5	None	346	6679	9771	10399	1	1,340,2780,3079,477,2
5	None	83	797	1266	1655	1	1,77,395,297,27,0
6	None	358	11277	8831	9435	1	1,351,3684,5778,1463,0,0
6	None	313	9028	7183	7779	1	1,306,3034,4572,1115,0,0
6	None	220	5748	4640	5151	1	1,213,1980,2874,680,0,0
5	None	167	2164	3330	3853	1	1,161,1007,892,103,0
5	None	185	2204	3450	4033	1	1,179,1059,874,91,0
5	None	289	4630	2322	2527	1	1,283,2067,2024,255,0
5	None	200	2340	1231	1431	1	1,194,1146,914,85,0
5	None	235	3055	4746	5371	1	1,229,1449,1243,133,0
6	None	324	10469	4071	4351	1	1,317,3376,5385,1390,0,0
6	None	362	12274	9463	10046	1	1,355,3894,6349,1675,0,0
5	None	114	784	1365	1873	1	1,108,455,220,0,0
5	None	176	2149	1118	1299	1	1,170,1028,860,90,0
6	None	334	9861	7825	8426	1	1,327,3301,5009,1223,0,0
5	None	77	557	942	1331	1	1,71,314,171,0,0
6	None	163	5720	4266	4681	1	1,156,1632,2884,1002,45,0
6	None	218	10188	2414	2561	1	1,211,2565,5172,2112,127,0
6	None	169	6340	2333	2543	1	1,162,1751,3205,1164,57,0
5	None	62	471	256	375	1	1,56,244,158,12,0
6	None	111	2528	255	304	1	1,104,852,1225,336,10,0
6	None	96	2004	1630	2011	1	1,89,680,954,270,10,0
5	None	116	1546	782	921	1	1,110,699,653,83,0
6	None	171	5384	1031	1138	1	1,164,1642,2709,840,28,0
5	None	57	335	579	929	1	1,51,193,90,0,0
6	None	256	14404	2485	2602	1	1,249,3288,7251,3354,260,1
6	None	89	1812	497	615	1	1,82,634,866,223,6,0
6	None	360	26042	5809	5971	1	1,353,5398,13118,6611,559,2
5	None	91	1075	549	679	1	1,85,497,440,52,0
6	None	261	14256	9903	10358	1	1,254,3361,7247,3181,212,0
6	None	208	9206	1649	1760	1	1,201,2366,4665,1864,109,0
6	None	177	5620	4291	4733	1	1,170,1693,2816,905,35,0
5	None	90	1062	1626	2015	1	1,84,488,435,54,0
5	None	115	1513	177	209	1	1,109,690,636,77,0
6	None	200	7994	5839	6281	1	1,193,2166,4050,1507,77,0
6	None	171	5306	4079	4507	1	1,164,1631,2666,817,27,0
5	None	123	1733	201	233	1	1,117,775,744,96,0
6	None	133	3652	949	1084	1	1,126,1145,1801,557,22,0
5	None	118	1519	2316	2749	1	1,112,698,634,74,0
5	None	98	1116	1728	2135	1	1,92,526,447,50,0
6	None	115	2668	2151	2542	1	1,108,895,1291,361,12,0
6	None	180	6208	4661	5095	1	1,173,1797,3122,1067,48,0
6	None	132	3526	2762	3173	1	1,125,1118,1736,526,20,0
6	None	314	17238	6003	6247	1	1,307,4111,8793,3784,242,0
5	None	177	3251	4740	5207	1	1,171,1327,1497,253,2
6	None	97	2132	246	299	1	1,90,717,1026,288,10,0
6	None	127	3388	443	509	1	1,120,1080,1671,498,18,0
6	None	250	10134	7427	7911	1	1,243,2784,5160,1859,87,0
6	None	228	9224	1685	1803	1	1,221,2508,4685,1724,85,0
6	None	144	4306	1653	1858	1	1,137,1309,2143,688,28,0
6	None	173	6102	1138	1245	1	1,166,1741,3075,1070,49,0
6	None	115	2614	1059	1256	1	1,108,888,1265,342,10,0
5	None	201	4204	6036	6509	1	1,195,1640,1992,372,4
6	None	286	17472	3979	4135	1	1,279,3878,8816,4171,326,1
6	None	220	8750	6417	6878	1	1,213,2407,4451,1603,75,0
6	None	175	6552	1608	1751	1	1,168,1805,3302,1214,62,0
5	None	66	459	258	379	1	1,60,258,140,0,0
6	None	244	10144	107	114	1	1,237,2727,5151,1929,99,0
6	None	145	4324	3329	3735	1	1,138,1329,2162,671,23,0
6	None	104	2350	633	758	1	1,97,795,1139,309,9,0
5	None	138	2128	3168	3599	1	1,132,924,939,132,0
6	None	74	628	335	521	1	1,67,335,225,0,0,0
6	None	230	10392	7432	7901	1	1,223,2672,5292,2088,116,0
6	None	196	7464	5505	5947	1	1,189,2078,3784,1349,63,0
6	None	174	5554	4231	4672	1	1,167,1660,2775,911,40,0
6	None	136	3736	1457	1662	1	1,129,1174,1845,566,21,0
6	None	318	18736	1433	1487	1	1,311,4310,9548,4277,289,0
6	None	245	14624	10001	10445	1	1,238,3247,7362,3497,278,1
6	None	205	7236	2705	2942	1	1,198,2074,3645,1262,56,0
6	None	180	3012	2702	3249	1	1,173,1236,1372,230,0,0
6	None	123	2196	1891	2335	1	1,116,837,1022,217,3,0
6	None	187	6387	4795	5252	1	1,180,1844,3205,1107,50,0
6	None	274	9381	7134	7669	1	1,267,2819,4744,1496,54,0
6	None	108	1666	186	239	1	1,101,679,755,130,0,0
6	None	324	12510	4643	4931	1	1,317,3543,6353,2200,96,0
6	None	209	5730	1511	1683	1	1,202,1861,2828,811,27,0
6	None	243	10176	1846	1969	1	1,236,2709,5159,1966,105,0
6	None	287	11395	8386	8927	1	1,280,3156,5788,2074,96,0
5	None	155	2073	1054	1221	1	1,149,947,869,107,0
6	None	211	7513	5614	6091	1	1,204,2153,3790,1308,57,0
5	None	40	156	273	605	1	1,34,91,30,0,0
5	None	117	1200	633	793	1	1,111,588,455,45,0
5	None	133	1081	612	781	1	1,127,612,341,0,0
6	None	317	10135	3952	4227	1	1,310,3287,5207,1330,0,0
5	None	178	2476	3774	4291	1	1,172,1132,1045,126,0
5	None	243	3956	5913	6475	1	1,237,1743,1747,228,0
6	None	117	1950	569	715	1	1,110,766,898,175,0,0
6	None	226	6336	4994	5531	1	1,219,2042,3134,910,30,0
5	None	174	2694	4026	4529	1	1,168,1168,1182,174,1
6	None	146	2759	2375	2843	1	1,139,1062,1306,251,0,0
6	None	167	4386	3471	3943	1	1,160,1420,2152,631,22,0
5	None	81	491	855	1297	1	1,75,285,130,0,0
5	None	99	659	380	541	1	1,93,380,185,0,0
6	None	185	3861	1639	1890	1	1,178,1449,1853,380,0,0
6	None	271	6125	5164	5761	1	1,264,2278,2974,608,0,0
6	None	278	8046	2129	2312	1	1,271,2692,4079,1003,0,0
6	None	272	7993	6313	6860	1	1,265,2649,4063,1015,0,0
6	None	270	6312	352	391	1	1,263,2320,3088,640,0,0
5	None	79	489	846	1279	1	1,73,282,133,0,0
5	None	94	498	296	473	1	1,88,296,113,0,0
6	None	210	5299	4321	4812	1	1,203,1861,2635,599,0,0
5	None	284	4360	439	483	1	1,278,1953,1886,242,0
5	None	224	3487	1745	1933	1	1,218,1544,1523,201,0
6	None	78	804	768	1181	1	1,71,360,324,48,0,0
6	None	282	7084	5831	6410	1	1,275,2536,3513,759,0,0
6	None	258	6913	5569	6121	1	1,251,2372,3464,825,0,0
5	None	251	4310	2129	2319	1	1,245,1848,1934,281,1
6	None	164	3516	2959	3418	1	1,157,1302,1701,355,0,0
6	None	360	11437	104	111	1	1,353,3730,5869,1484,0,0
5	None	133	1378	30	37	1	1,127,680,520,50,0
6	None	380	12914	9950	10557	1	1,373,4090,6680,1770,0,0
6	None	370	11524	9052	9671	1	1,363,3786,5894,1480,0,0
6	None	294	16344	3783	3940	1	1,287,3859,8329,3631,237,0
5	None	108	1566	2340	2737	1	1,102,675,682,105,1
5	None	156	2822	4116	4555	1	1,150,1150,1297,222,2
6	None	221	10094	3603	3826	1	1,214,2569,5119,2068,123,0
6	None	107	2358	1915	2299	1	1,100,798,1128,319,12,0
5	None	94	1152	1749	2153	1	1,88,522,480,61,0
6	None	239	10658	7663	8122	1	1,232,2783,5435,2097,110,0
6	None	221	9112	1105	1182	1	1,214,2448,4625,1734,90,0
6	None	194	8316	2991	3208	1	1,187,2155,4203,1672,98,0
6	None	142	3688	584	669	1	1,135,1202,1820,516,14,0
5	None	110	1684	832	963	1	1,104,713,746,119,1
6	None	344	23884	502	517	1	1,337,5065,12085,5924,471,1
5	None	108	1554	2325	2723	1	1,102,671,675,104,1
6	None	67	1006	867	1208	1	1,60,380,455,107,3,0
6	None	206	8884	799	855	1	1,199,2310,4501,1772,101,0
6	None	111	3080	2377	2750	1	1,104,945,1523,487,20,0
5	None	136	2234	366	413	1	1,130,938,1004,160,1
6	None	82	1266	1103	1475	1	1,75,488,572,127,3,0
6	None	304	14660	5222	5471	1	1,297,3753,7517,2938,154,0
6	None	116	2552	694	827	1	1,109,872,1220,338,12,0
6	None	242	10020	7313	7784	1	1,235,2729,5113,1855,87,0
5	None	121	1916	2829	3241	1	1,115,807,856,136,1
6	None	332	19096	13213	13706	1	1,325,4478,9761,4257,274,0
5	None	139	2260	303	343	1	1,133,951,1014,160,1
5	None	132	1842	2784	3223	1	1,126,829,787,99,0
5	None	68	615	65	89	1	1,62,304,227,21,0
5	None	99	1203	1848	2239	1	1,93,558,493,58,0
6	None	91	2040	1636	1993	1	1,84,677,986,282,10,0
6	None	105	1828	1577	1981	1	1,98,699,848,179,3,0
6	None	179	6168	925	1013	1	1,172,1780,3102,1065,48,0
6	None	40	180	101	261	1	1,33,101,45,0,0,0
6	None	172	5606	848	937	1	1,165,1646,2804,948,42,0
6	None	125	3208	2537	2935	1	1,118,1042,1580,453,14,0
6	None	83	750	798	1181	1	1,76,399,274,0,0,0
6	None	355	24470	1177	1212	1	1,348,5211,12385,6046,478,1
6	None	331	24042	16059	16534	1	1,324,4938,12081,6163,533,2
6	None	180	6122	4617	5047	1	1,173,1802,3096,1013,37,0
5	None	87	957	1488	1867	1	1,81,454,379,42,0
5	None	117	1507	2304	2723	1	1,111,693,627,75,0
5	None	126	1953	2898	3319	1	1,120,830,865,136,1
5	None	75	783	1221	1577	1	1,69,374,306,33,0
6	None	216	7900	1967	2120	1	1,209,2287,4029,1327,47,0
5	None	63	489	789	1157	1	1,57,252,168,11,0
5	None	36	89	174	497	1	1,30,58,0,0,0
6	None	339	22940	15478	15963	1	1,332,4913,11606,5642,445,1
5	None	104	1305	399	479	1	1,98,600,541,65,0
6	None	139	2964	2466	2905	1	1,132,1073,1438,320,0,0
5	None	135	1008	1734	2285	1	1,129,578,300,0,0
5	None	62	410	228	353	1	1,56,221,125,7,0
6	None	82	1656	1346	1701	1	1,75,562,788,222,8,0
5	None	120	1065	194	249	1	1,114,560,368,22,0
6	None	36	156	170	477	1	1,29,84,40,2,0,0
6	None	97	1311	199	270	1	1,90,547,573,100,0,0
6	None	262	7657	6067	6587	1	1,255,2556,3890,955,0,0
6	None	357	13722	5116	5413	1	1,350,3945,6989,2342,95,0
6	None	89	1232	1116	1511	1	1,82,511,544,94,0,0
6	None	336	11098	574	611	1	1,329,3570,5728,1470,0,0
6	None	376	12288	3189	3388	1	1,369,3976,6327,1615,0,0
6	None	260	7295	5829	6361	1	1,253,2472,3684,885,0,0
6	None	380	16048	11738	12341	1	1,373,4388,8184,2962,140,0
5	None	59	255	18	35	1	1,53,150,51,0,0
6	None	152	3416	2823	3269	1	1,145,1225,1672,373,0,0
6	None	196	5340	4216	4721	1	1,189,1724,2632,768,26,0
6	None	176	4081	3364	3841	1	1,169,1457,2004,450,0,0
6	None	318	10560	810	869	1	1,311,3225,5313,1650,60,0
6	None	157	2943	1275	1517	1	1,150,1145,1387,260,0,0
6	None	301	9345	7309	7870	1	1,294,3042,4783,1225,0,0
6	None	199	4411	921	1054	1	1,192,1615,2149,454,0,0
6	None	236	7138	1387	1518	1	1,229,2237,3559,1074,38,0
6	None	383	14349	10781	11389	1	1,376,4198,7296,2385,93,0
6	None	355	11809	761	810	1	1,348,3765,6093,1602,0,0
5	None	278	2963	4884	5525	1	1,272,1628,1062,0,0
5	None	88	478	95	149	1	1,82,285,110,0,0
6	None	391	13260	10233	10843	1	1,384,4214,6856,1805,0,0
6	None	158	3093	885	1042	1	1,151,1183,1469,289,0,0
6	None	176	3568	6	7	1	1,169,1343,1705,350,0,0
5	None	32	104	174	487	1	1,26,58,19,0,0
6	None	346	11354	8815	9388	1	1,339,3652,5851,1511,0,0
5	None	288	3109	1705	1921	1	1,282,1705,1121,0,0
5	None	83	530	306	451	1	1,77,306,146,0,0
6	None	360	11708	46	49	1	1,353,3779,6025,1550,0,0
6	None	372	11532	824	881	1	1,365,3792,5894,1480,0,0
5	None	125	1400	2193	2663	1	1,119,673,549,58,0
6	None	280	6747	2807	3099	1	1,273,2462,3321,690,0,0
6	None	279	8161	1614	1753	1	1,272,2713,4145,1030,0,0
5	None	176	1517	2568	3157	1	1,170,856,490,0,0
6	None	194	7736	1129	1217	1	1,187,2088,3914,1469,77,0
5	None	141	2484	3627	4055	1	1,135,1011,1137,198,2
6	None	55	652	589	910	1	1,48,268,281,53,1,0
5	None	109	1450	2199	2599	1	1,103,655,613,78,0
6	None	230	11104	2619	2768	1	1,223,2763,5645,2331,141,0
5	None	115	1464	746	887	1	1,109,674,608,72,0
6	None	191	8322	1194	1279	1	1,184,2141,4208,1688,100,0
6	None	219	8780	1286	1377	1	1,212,2402,4460,1626,79,0
6	None	195	7732	5657	6092	1	1,188,2116,3939,1425,63,0
6	None	211	9632	6869	7309	1	1,204,2448,4890,1973,116,0
6	None	160	6798	2434	2637	1	1,153,1731,3417,1406,90,0
5	None	58	459	738	1081	1	1,52,233,160,13,0
6	None	224	10026	63	67	1	1,217,2579,5089,2024,116,0
6	None	219	10334	7338	7775	1	1,212,2597,5252,2144,128,0
5	None	83	777	1242	1631	1	1,77,390,285,24,0
6	None	102	1726	1495	1897	1	1,95,662,794,171,3,0
5	None	108	1379	300	359	1	1,102,630,576,70,0
5	None	90	1100	1677	2057	1	1,84,502,456,57,0
6	None	175	6088	4554	4987	1	1,168,1746,3062,1062,49,0
5	None	181	3551	5136	5593	1	1,175,1414,1660,298,3
6	None	143	3532	2833	3261	1	1,136,1178,1726,477,14,0
6	None	306	17236	3982	4143	1	1,299,4051,8790,3844,251,0
6	None	211	6978	2659	2893	1	1,204,2107,3525,1104,37,0
6	None	241	11114	7937	8400	1	1,234,2839,5649,2259,132,0
6	None	186	6574	4908	5353	1	1,179,1876,3308,1156,54,0
6	None	81	1470	1226	1585	1	1,74,523,686,180,6,0
5	None	109	1348	159	191	1	1,103,622,555,67,0
6	None	178	5402	4171	4617	1	1,171,1674,2706,823,27,0
5	None	57	418	684	1025	1	1,51,218,138,10,0
5	None	195	3371	4968	5455	1	1,189,1436,1525,220,0
6	None	306	17468	12083	12561	1	1,299,4084,8914,3915,255,0
6	None	194	7726	1879	2026	1	1,187,2081,3903,1475,79,0
5	None	108	1467	2217	2611	1	1,102,658,625,81,0
5	None	115	1582	2382	2801	1	1,109,704,678,90,0
6	None	305	19614	13313	13786	1	1,298,4278,9919,4747,370,1
6	None	261	13350	9383	9839	1	1,254,3266,6804,2851,174,0
6	None	64	768	701	1047	1	1,57,320,328,61,1,0
6	None	292	18500	12571	13041	1	1,285,4029,9318,4503,363,1
6	None	325	21220	14389	14864	1	1,318,4609,10723,5161,407,1
6	None	238	12340	8624	9077	1	1,231,2959,6266,2706,177,0
6	None	234	11278	7985	8436	1	1,227,2810,5731,2365,144,0
5	None	67	595	948	1303	1	1,61,298,217,18,0
6	None	280	16878	11541	12017	1	1,273,3750,8504,4031,318,1
6	None	230	9856	791	843	1	1,223,2591,4998,1937,106,0
6	None	332	22398	15115	15597	1	1,325,4798,11328,5509,436,1
6	None	367	27020	18041	18529	1	1,360,5561,13612,6899,585,2
5	None	49	328	180	287	1	1,43,174,104,6,0
6	None	251	13714	9517	9967	1	1,244,3221,6966,3075,207,0
6	None	164	4634	3629	4064	1	1,157,1482,2311,665,18,0
5	None	53	310	531	871	1	1,47,177,85,0,0
6	None	184	6064	1149	1261	1	1,177,1795,3043,1006,42,0
6	None	363	24914	16794	17287	1	1,356,5329,12622,6126,479,1
6	None	161	5508	4117	4541	1	1,154,1570,2758,977,48,0
6	None	120	2482	1033	1238	1	1,113,891,1187,284,6,0
6	None	142	3894	3049	3464	1	1,135,1240,1931,569,18,0
6	None	231	10746	3829	4054	1	1,224,2733,5471,2192,125,0
5	None	203	2908	1475	1657	1	1,197,1325,1235,150,0
6	None	114	1681	507	655	1	1,107,696,748,129,0,0
5	None	29	87	150	439	1	1,23,50,13,0,0
6	None	301	12187	4477	4747	1	1,294,3370,6209,2214,99,0
6	None	368	15117	11131	11712	1	1,361,4211,7715,2709,120,0
5	None	45	225	381	721	1	1,39,125,58,2,0
5	None	104	994	1593	2041	1	1,98,501,364,30,0
5	None	31	110	189	479	1	1,25,63,21,0,0
5	None	77	503	858	1279	1	1,71,280,145,6,0
6	None	198	7890	5747	6203	1	1,191,2108,3972,1531,87,0
5	None	157	2089	3192	3695	1	1,151,958,873,106,0
6	None	287	10207	7675	8244	1	1,280,2976,5157,1723,70,0
6	None	140	3139	429	502	1	1,133,1095,1517,384,9,0
6	None	281	8361	6606	7145	1	1,274,2778,4258,1050,0,0
6	None	333	12165	9162	9737	1	1,326,3576,6174,2010,78,0
6	None	307	10200	68	73	1	1,300,3110,5130,1600,59,0
6	None	294	7701	697	763	1	1,287,2710,3850,853,0,0
6	None	114	1824	808	1025	1	1,107,733,833,150,0,0
6	None	117	1866	1655	2097	1	1,110,750,850,155,0,0
6	None	365	13476	10148	10745	1	1,358,3964,6848,2220,85,0
6	None	277	10585	7858	8383	1	1,270,2999,5374,1860,81,0
6	None	233	7656	5842	6349	1	1,226,2308,3848,1226,47,0
6	None	199	4454	3743	4234	1	1,192,1649,2167,445,0,0
6	None	359	13452	10094	10683	1	1,352,3922,6838,2250,89,0
6	None	270	8282	6422	6999	1	1,263,2583,4136,1256,43,0
6	None	210	4625	3891	4421	1	1,203,1714,2244,463,0,0
6	None	325	10473	679	726	1	1,318,3379,5385,1390,0,0
6	None	277	9666	7313	7855	1	1,270,2864,4884,1585,62,0
5	None	48	214	369	737	1	1,42,123,48,0,0
5	None	81	507	879	1313	1	1,75,293,138,0,0
6	None	137	2540	1097	1322	1	1,130,982,1197,230,0,0
6	None	322	9957	782	839	1	1,315,3272,5093,1276,0,0
5	None	83	439	783	1261	1	1,77,261,100,0,0
5	None	297	5052	7518	8137	1	1,291,2200,2254,306,0
6	None	237	5584	664	741	1	1,230,2035,2740,578,0,0
6	None	286	8310	3295	3576	1	1,279,2775,4215,1040,0,0
6	None	132	2148	1909	2377	1	1,125,867,980,175,0,0
5	None	125	977	1671	2165	1	1,119,557,300,0,0
6	None	203	9388	953	1015	1	1,196,2358,4758,1955,120,0
6	None	120	2994	2372	2771	1	1,113,971,1464,430,15,0
5	None	66	685	352	467	1	1,60,319,272,33,0
6	None	138	4230	3221	3624	1	1,131,1259,2105,703,31,0
6	None	234	11262	7978	8427	1	1,227,2812,5726,2354,142,0
5	None	82	935	478	603	1	1,76,433,380,45,0
6	None	216	9400	2253	2405	1	1,209,2441,4766,1877,106,0
6	None	304	17538	1729	1798	1	1,297,4068,8941,3967,264,0
6	None	344	22830	15452	15941	1	1,337,4941,11556,5560,434,1
6	None	304	17854	945	982	1	1,297,4100,9093,4085,278,0
6	None	130	3094	2507	2908	1	1,123,1059,1513,389,9,0
6	None	106	2414	1947	2326	1	1,99,812,1169,323,10,0
6	None	96	2100	567	689	1	1,89,712,1012,277,9,0
6	None	377	25342	17149	17641	1	1,370,5535,12920,6079,437,0
6	None	271	16406	11217	11675	1	1,264,3651,8280,3905,304,1
5	None	106	1445	2178	2573	1	1,100,644,618,82,0
6	None	286	18182	6176	6407	1	1,279,3972,9185,4398,346,1
6	None	248	12516	2935	3086	1	1,241,3068,6373,2669,164,0
5	None	80	744	1188	1571	1	1,74,372,273,24,0
5	None	113	1705	844	979	1	1,107,725,752,119,1
6	None	229	9306	6803	7266	1	1,222,2530,4721,1743,89,0
6	None	206	7164	5389	5853	1	1,199,2090,3614,1209,51,0
6	None	106	2302	1870	2263	1	1,99,784,1106,302,10,0
5	None	62	479	258	379	1	1,56,245,164,13,0
5	None	189	3236	4770	5257	1	1,183,1378,1462,212,0
5	None	57	441	79	117	1	1,51,225,152,12,0
6	None	83	724	778	1165	1	1,76,389,258,0,0,0
6	None	282	13964	141	148	1	1,275,3468,7109,2934,177,0
6	None	290	15624	10902	11377	1	1,283,3749,7974,3404,213,0
6	None	43	232	262	571	1	1,36,131,64,0,0,0
5	None	98	1132	1746	2155	1	1,92,529,457,53,0
5	None	24	70	9	29	1	1,18,39,12,0,0
5	None	66	429	735	1103	1	1,60,245,123,0,0
5	None	75	541	915	1297	1	1,69,305,166,0,0
6	None	302	17262	5969	6206	1	1,295,4036,8813,3866,251,0
6	None	260	11322	8198	8675	1	1,253,3024,5790,2150,104,0
5	None	176	2968	1460	1617	1	1,170,1267,1337,193,0
5	None	128	1774	896	1037	1	1,122,803,755,93,0
6	None	193	6360	4829	5289	1	1,186,1897,3200,1035,41,0
6	None	176	5280	2042	2265	1	1,169,1637,2633,810,30,0
5	None	120	1570	2391	2821	1	1,114,716,658,81,0
6	None	337	22100	14978	15467	1	1,330,4802,11184,5364,418,1
5	None	105	1218	1887	2303	1	1,99,576,489,53,0
6	None	321	19560	2679	2776	1	1,314,4432,9971,4531,311,0
6	None	295	18924	12840	13309	1	1,288,4111,9548,4608,367,1
6	None	307	20130	6813	7048	1	1,300,4344,10163,4928,393,1
6	None	185	7452	5422	5849	1	1,178,1994,3768,1434,77,0
6	None	185	7086	5212	5641	1	1,178,1956,3588,1300,63,0
6	None	184	7084	5205	5632	1	1,177,1951,3589,1303,63,0
5	None	101	1166	1806	2213	1	1,95,552,468,50,0
5	None	125	2012	2970	3379	1	1,119,846,901,144,1
6	None	137	3698	2890	3309	1	1,130,1162,1816,566,23,0
6	None	196	7474	110	119	1	1,189,2060,3775,1380,69,0
6	None	319	13872	5035	5303	1	1,312,3720,7079,2630,130,0
6	None	238	8754	6521	7020	1	1,231,2495,4429,1531,67,0
5	None	35	149	255	553	1	1,29,84,34,1,0
6	None	252	10425	7574	8087	1	1,245,2771,5262,2032,114,0
5	None	91	576	1002	1469	1	1,85,334,156,0,0
6	None	219	7907	2943	3190	1	1,212,2237,3977,1412,68,0
5	None	47	263	444	775	1	1,41,145,73,3,0
6	None	195	5068	4074	4561	1	1,188,1729,2534,616,0,0
6	None	154	2398	1091	1345	1	1,147,1005,1073,172,0,0
6	None	274	10299	7669	8193	1	1,267,2934,5216,1801,80,0
6	None	387	11159	8980	9601	1	1,380,3856,5654,1268,0,0
6	None	122	2273	1947	2371	1	1,115,861,1068,225,3,0
6	None	377	17575	6311	6596	1	1,370,4576,8971,3470,187,0
5	None	267	4494	6681	7279	1	1,261,1951,2005,276,0
5	None	147	1239	699	875	1	1,141,699,398,0,0
5	None	285	5314	7788	8381	1	1,279,2212,2436,384,2
5	None	294	5769	932	999	1	1,288,2346,2681,450,3
6	None	306	13819	9930	10469	1	1,299,3592,7030,2746,151,0
6	None	276	9174	6996	7559	1	1,269,2754,4602,1488,60,0
6	None	351	13560	10091	10682	1	1,344,3875,6903,2341,96,0
6	None	189	5262	2066	2311	1	1,182,1682,2603,768,26,0
6	None	215	4558	3871	4420	1	1,208,1715,2193,441,0,0
6	None	342	14022	2579	2719	1	1,335,3895,7151,2526,114,0
6	None	222	5188	4311	4843	1	1,215,1885,2546,541,0,0
5	None	197	1754	330	397	1	1,191,990,572,0,0
6	None	338	10128	4006	4305	1	1,331,3369,5153,1274,0,0
5	None	126	823	1458	2009	1	1,120,486,216,0,0
5	None	231	2291	3819	4421	1	1,225,1273,792,0,0
6	None	287	7426	6065	6642	1	1,280,2615,3695,835,0,0
5	None	144	1095	126	163	1	1,138,630,326,0,0
5	None	25	40	12	73	1	1,19,20,0,0,0
6	None	42	231	50	113	1	1,35,123,68,4,0,0
6	None	213	4497	3827	4371	1	1,206,1701,2164,425,0,0
6	None	405	30192	6715	6884	1	1,398,6216,15239,7693,643,2
5	None	62	400	135	209	1	1,56,220,118,5,0
5	None	145	2636	1277	1421	1	1,139,1063,1217,214,2
6	None	142	3742	2960	3377	1	1,135,1220,1852,520,14,0
6	None	108	2462	1991	2370	1	1,101,835,1195,321,9,0
6	None	349	22062	1003	1036	1	1,342,4943,11261,5159,356,0
6	None	88	1642	1368	1741	1	1,81,586,772,196,6,0
5	None	35	132	231	535	1	1,29,77,25,0,0
5	None	24	46	81	353	1	1,18,27,0,0,0
5	None	117	1607	2424	2843	1	1,111,718,687,90,0
6	None	233	10294	2467	2621	1	1,226,2676,5228,2049,114,0
6	None	282	16360	3756	3911	1	1,275,3765,8326,3738,255,0
5	None	95	1063	1647	2053	1	1,89,501,424,48,0
6	None	92	1710	717	905	1	1,85,617,801,200,6,0
5	None	69	625	331	451	1	1,63,311,230,20,0
5	None	66	601	951	1303	1	1,60,296,223,21,0
5	None	67	550	177	251	1	1,61,279,193,16,0
5	None	93	1069	550	681	1	1,87,501,431,49,0
5	None	35	149	29	61	1	1,29,87,32,0,0
6	None	205	8888	6395	6832	1	1,198,2311,4505,1773,100,0
5	None	58	348	200	317	1	1,52,200,95,0,0
6	None	135	3724	2906	3311	1	1,128,1177,1848,552,18,0
5	None	50	265	462	797	1	1,44,154,66,0,0
5	None	76	824	1269	1637	1	1,70,385,330,38,0
5	None	65	437	57	85	1	1,59,247,130,0,0
5	None	166	2897	4251	4705	1	1,160,1209,1318,208,1
6	None	224	9396	6819	7277	1	1,217,2510,4778,1799,91,0
5	None	46	238	411	737	1	1,40,137,60,0,0
5	None	137	2442	3558	3977	1	1,131,989,1122,197,2
5	None	73	660	14	19	1	1,67,328,242,22,0
5	None	134	1949	2931	3359	1	1,128,867,843,110,0
6	None	378	26804	17987	18489	1	1,371,5641,13558,6695,537,1
5	None	108	1367	2088	2497	1	1,102,627,568,69,0
5	None	51	347	567	901	1	1,45,182,112,7,0
5	None	45	275	453	773	1	1,39,146,84,5,0
5	None	88	933	1458	1849	1	1,82,450,364,36,0
5	None	82	658	1083	1489	1	1,76,350,220,11,0
6	None	98	1860	781	971	1	1,91,673,873,216,6,0
5	None	99	1135	586	721	1	1,93,536,455,50,0
6	None	115	3052	2372	2765	1	1,108,946,1496,480,21,0
5	None	85	893	1392	1783	1	1,79,426,349,38,0
5	None	142	2361	1159	1303	1	1,136,991,1064,168,1
6	None	207	8300	2022	2171	1	1,200,2256,4212,1554,77,0
6	None	67	874	791	1131	1	1,60,361,382,69,1,0
5	None	88	1009	1551	1939	1	1,82,469,409,48,0
5	None	63	489	795	1153	1	1,57,252,166,13,0
5	None	62	458	753	1109	1	1,56,243,150,8,0
5	None	75	661	355	479	1	1,69,337,236,18,0
5	None	91	973	1518	1919	1	1,85,466,381,40,0
5	None	76	866	26	33	1	1,70,399,353,43,0
5	None	127	2021	2985	3407	1	1,121,853,903,142,1
6	None	110	2404	1963	2351	1	1,103,828,1156,307,9,0
6	None	141	4422	3357	3760	1	1,134,1311,2209,735,32,0
5	None	64	488	265	387	1	1,58,254,164,11,0
5	None	103	1317	2007	2401	1	1,97,602,550,67,0
6	None	136	3780	1464	1675	1	1,129,1165,1861,598,26,0
6	None	224	9858	7091	7543	1	1,217,2572,5016,1947,105,0
6	None	264	13332	9392	9855	1	1,257,3285,6796,2822,171,0
6	None	248	11496	2053	2169	1	1,241,2953,5871,2306,124,0
5	None	130	1824	2748	3191	1	1,124,813,783,103,0
5	None	50	258	148	265	1	1,44,148,65,0,0
6	None	118	3284	2542	2923	1	1,111,1016,1626,510,20,0
5	None	25	47	81	365	1	1,19,27,0,0,0
6	None	21	53	29	148	1	1,14,29,9,0,0,0
5	None	15	30	48	253	1	1,9,16,4,0,0
6	None	339	22884	15440	15931	1	1,332,4893,11562,5644,451,1
6	None	143	4916	1829	2030	1	1,136,1389,2467,880,43,0
6	None	320	19026	6539	6783	1	1,313,4361,9701,4356,294,0
6	None	254	14016	9715	10164	1	1,247,3282,7123,3151,212,0
6	None	130	4086	3090	3479	1	1,123,1198,2038,694,32,0
6	None	289	15274	10687	11170	1	1,282,3694,7793,3299,205,0
6	None	346	23998	16137	16625	1	1,339,5080,12132,5967,478,1
6	None	385	27254	18301	18803	1	1,378,5754,13798,6783,539,1
6	None	36	172	64	161	1	1,29,96,46,0,0,0
5	None	134	2168	1067	1209	1	1,128,914,971,153,1
5	None	77	722	381	509	1	1,71,355,269,26,0
6	None	350	24072	8103	8350	1	1,343,5114,12167,5968,478,1
6	None	331	22742	2186	2255	1	1,324,4814,11478,5664,460,1
5	None	140	2354	1154	1295	1	1,134,984,1064,170,1
6	None	324	20216	4598	4761	1	1,317,4479,10218,4826,374,1
6	None	111	2156	1817	2216	1	1,104,790,1019,237,5,0
5	None	68	593	942	1313	1	1,62,293,216,21,0
6	None	131	3662	712	811	1	1,124,1150,1821,548,18,0
5	None	169	3123	4548	4999	1	1,163,1271,1441,245,2
6	None	426	29876	20122	20633	1	1,419,6442,15256,7238,520,0
6	None	274	15304	10602	11063	1	1,267,3584,7790,3434,228,0
5	None	145	2390	705	793	1	1,139,1006,1074,169,1
6	None	81	740	782	1161	1	1,74,391,274,0,0,0
6	None	330	22150	14953	15438	1	1,323,4745,11193,5453,434,1
6	None	189	7228	1331	1439	1	1,182,2007,3667,1310,61,0
6	None	286	16502	5690	5923	1	1,279,3812,8399,3756,255,0
5	None	152	2558	342	383	1	1,146,1072,1156,182,1
6	None	201	8928	6392	6823	1	1,194,2287,4520,1818,108,0
6	None	147	4664	1765	1973	1	1,140,1371,2329,788,35,0
6	None	237	11540	8151	8609	1	1,230,2851,5856,2449,153,0
5	None	31	106	20	53	1	1,25,60,20,0,0
6	None	202	7232	677	733	1	1,195,2104,3681,1208,43,0
6	None	269	14300	4991	5225	1	1,262,3430,7287,3122,198,0
6	None	183	6708	2487	2704	1	1,176,1889,3391,1196,55,0
6	None	67	514	554	923	1	1,60,277,176,0,0,0
6	None	128	3634	703	801	1	1,121,1125,1803,562,22,0
6	None	111	2270	1889	2283	1	1,104,814,1084,261,6,0
5	None	31	108	62	159	1	1,25,62,20,0,0
6	None	38	130	5	16	1	1,31,75,23,0,0,0
6	None	43	182	210	547	1	1,36,105,40,0,0,0
6	None	26	112	118	369	1	1,19,58,32,2,0,0
5	None	26	111	180	437	1	1,20,59,30,1,0
6	None	47	372	369	685	1	1,40,176,138,17,0,0
6	None	36	334	101	192	1	1,29,137,137,29,1,0
6	None	53	730	2	3	1	1,46,272,326,82,3,0
5	None	29	98	168	449	1	1,23,56,18,0,0
6	None	51	463	451	768	1	1,44,214,181,23,0,0
5	None	68	478	804	1175	1	1,62,268,147,0,0
6	None	317	18148	12553	13038	1	1,310,4240,9257,4073,267,0
6	None	230	11542	8109	8555	1	1,223,2812,5864,2485,157,0
6	None	272	14796	332	347	1	1,265,3510,7536,3272,212,0
6	None	203	8960	1070	1143	1	1,196,2302,4539,1816,106,0
6	None	87	1480	1271	1638	1	1,80,560,685,151,3,0
6	None	76	1210	521	698	1	1,69,458,553,126,3,0
5	None	182	3547	177	193	1	1,176,1415,1656,296,3
5	None	71	586	948	1325	1	1,65,298,204,18,0
6	None	271	14338	1252	1311	1	1,264,3446,7305,3124,198,0
5	None	52	412	73	109	1	1,46,206,146,13,0
5	None	101	1148	594	731	1	1,95,544,458,50,0
6	None	178	6184	4616	5065	1	1,171,1758,3100,1100,54,0
6	None	379	27590	18459	18953	1	1,372,5725,13916,6989,585,2
6	None	354	24286	16358	16853	1	1,347,5164,12270,6020,483,1
6	None	101	2072	9	11	1	1,94,730,991,250,6,0
5	None	41	222	124	227	1	1,35,121,62,3,0
6	None	227	9960	7176	7627	1	1,220,2618,5082,1940,99,0
6	None	327	21460	14540	15019	1	1,320,4655,10854,5220,409,1
5	None	154	2428	3615	4061	1	1,148,1057,1074,148,0
6	None	236	10100	7307	7777	1	1,229,2671,5128,1965,106,0
6	None	202	7848	5774	6213	1	1,195,2170,3980,1434,68,0
6	None	413	29142	3920	4021	1	1,406,6237,14846,7126,526,0
5	None	131	2005	2982	3407	1	1,125,869,885,125,0
6	None	349	23250	15737	16222	1	1,342,5039,11781,5649,437,1
5	None	190	3620	5256	5731	1	1,184,1466,1681,286,2
5	None	171	3219	4677	5125	1	1,165,1304,1492,255,2
6	None	264	14364	9991	10444	1	1,257,3405,7313,3181,207,0
5	None	125	1830	913	1053	1	1,119,806,797,107,0
6	None	321	20836	7067	7307	1	1,314,4536,10537,5052,395,1
5	None	26	75	126	401	1	1,20,42,12,0,0
6	None	240	11546	8187	8638	1	1,233,2894,5877,2399,142,0
6	None	338	19222	3331	3456	1	1,331,4522,9809,4280,279,0
6	None	266	13414	4729	4960	1	1,259,3323,6855,2812,164,0
6	None	270	14086	9869	10334	1	1,263,3413,7175,3043,191,0
6	None	243	12424	4355	4583	1	1,236,3012,6319,2686,170,0
5	None	147	2618	3822	4253	1	1,141,1067,1200,207,2
6	None	161	6204	4534	4941	1	1,154,1675,3126,1184,64,0
6	None	69	880	799	1151	1	1,62,365,382,69,1,0
6	None	274	13150	2339	2459	1	1,267,3353,6739,2650,140,0
6	None	301	18236	12479	12964	1	1,294,4072,9209,4325,334,1
6	None	351	24106	16241	16729	1	1,344,5144,12204,5943,469,1
5	None	54	322	555	889	1	1,48,185,88,0,0
5	None	172	3293	4770	5221	1	1,166,1322,1534,268,2
6	None	23	63	68	319	1	1,16,34,12,0,0,0
5	None	41	180	24	49	1	1,35,103,40,1,0
5	None	38	175	60	121	1	1,32,100,42,0,0
6	None	50	534	485	803	1	1,43,220,224,45,1,0
5	None	43	198	342	673	1	1,37,114,46,0,0
6	None	66	833	754	1101	1	1,59,345,364,64,0,0
5	None	51	379	202	313	1	1,45,190,131,12,0
5	None	73	634	1011	1399	1	1,67,315,229,22,0
5	None	48	256	39	71	1	1,42,140,70,3,0
5	None	41	271	435	737	1	1,35,137,90,8,0
5	None	31	159	86	177	1	1,25,83,47,3,0
6	None	75	784	380	571	1	1,68,360,315,40,0,0
5	None	28	147	237	491	1	1,22,75,45,4,0
5	None	81	925	1419	1789	1	1,75,428,376,45,0
5	None	77	787	10	13	1	1,71,378,305,32,0
6	None	167	4780	3727	4172	1	1,160,1511,2381,705,22,0
6	None	125	2854	2321	2730	1	1,118,980,1385,361,9,0
5	None	54	294	510	863	1	1,48,170,75,0,0
6	None	128	1526	1548	1987	1	1,121,774,630,0,0,0
6	None	360	22652	15469	15966	1	1,353,5104,11577,5261,356,0
6	None	155	5280	1316	1455	1	1,148,1512,2652,924,43,0
6	None	274	13528	9568	10047	1	1,267,3370,6894,2828,168,0
5	None	137	2309	1130	1271	1	1,131,961,1046,169,1
6	None	198	7870	5736	6191	1	1,191,2105,3960,1526,87,0
6	None	281	15280	10637	11106	1	1,274,3633,7783,3371,218,0
6	None	81	1370	391	509	1	1,74,515,634,143,3,0
6	None	295	17664	4037	4197	1	1,288,3979,8940,4143,312,1
6	None	225	9516	6904	7357	1	1,218,2548,4852,1808,89,0
6	None	315	17572	12211	12693	1	1,308,4171,8980,3869,243,0
6	None	245	13076	9099	9553	1	1,238,3090,6630,2919,198,0
6	None	137	4086	3123	3535	1	1,130,1225,2026,673,31,0
6	None	226	10230	2437	2590	1	1,219,2609,5183,2093,125,0
6	None	170	6036	1499	1639	1	1,163,1716,3042,1065,49,0
6	None	208	8548	6206	6659	1	1,201,2266,4310,1674,96,0
6	None	350	21530	14748	15241	1	1,343,4889,10990,4970,337,0
6	None	89	1486	1279	1658	1	1,82,564,685,151,3,0
6	None	356	24090	16265	16759	1	1,349,5177,12200,5901,461,1
6	None	169	5996	558	611	1	1,162,1703,3023,1058,49,0
6	None	325	19454	13367	13852	1	1,318,4457,9925,4453,300,0
6	None	396	30044	19997	20494	1	1,389,6131,15155,7715,651,2
6	None	172	6042	4501	4934	1	1,165,1707,3027,1087,55,0
6	None	201	9820	6913	7336	1	1,194,2402,4979,2109,135,0
6	None	55	386	418	755	1	1,48,209,128,0,0,0
6	None	106	2350	381	458	1	1,99,799,1135,307,9,0
6	None	65	978	844	1175	1	1,58,370,442,104,3,0
5	None	81	708	1140	1541	1	1,75,359,252,21,0
6	None	233	10196	7336	7807	1	1,226,2652,5170,2032,115,0
6	None	290	16446	5687	5924	1	1,283,3840,8385,3694,243,0
5	None	84	944	1452	1835	1	1,78,439,381,45,0
6	None	157	5722	4221	4633	1	1,150,1581,2876,1059,55,0
6	None	178	6472	1599	1744	1	1,171,1811,3253,1175,61,0
5	None	91	970	303	383	1	1,85,465,379,40,0
5	None	28	63	120	401	1	1,22,40,0,0,0
5	None	108	1404	711	847	1	1,102,638,590,73,0
5	None	131	1954	974	1115	1	1,125,857,854,117,0
6	None	378	26742	8980	9227	1	1,371,5655,13551,6640,523,1
6	None	342	23204	15653	16138	1	1,335,4965,11737,5713,452,1
5	None	105	1363	2067	2473	1	1,99,617,574,72,0
6	None	137	4132	3148	3561	1	1,130,1230,2052,688,31,0
5	None	53	274	480	833	1	1,47,160,66,0,0
5	None	163	3050	1478	1623	1	1,157,1234,1412,244,2
6	None	257	14202	9846	10295	1	1,250,3331,7224,3184,212,0
6	None	263	14764	10215	10666	1	1,256,3445,7515,3325,222,0
6	None	51	312	346	681	1	1,44,173,94,0,0,0
6	None	30	114	63	202	1	1,23,63,27,0,0,0
5	None	57	488	774	1105	1	1,51,240,178,18,0
6	None	62	924	793	1121	1	1,55,346,418,101,3,0
5	None	31	99	171	469	1	1,25,57,16,0,0
5	None	28	105	174	449	1	1,22,57,24,1,0
5	None	66	548	876	1247	1	1,60,274,195,18,0
5	None	49	263	450	791	1	1,43,150,69,0,0
5	None	47	308	498	829	1	1,41,158,100,8,0
5	None	84	843	78	101	1	1,78,409,322,33,0
6	None	93	1706	357	454	1	1,86,612,797,204,6,0
6	None	40	273	39	82	1	1,33,131,97,11,0,0
5	None	30	151	82	171	1	1,24,79,44,3,0
6	None	38	217	58	131	1	1,31,114,67,4,0,0
5	None	53	344	570	913	1	1,47,185,106,5,0
5	None	43	220	381	691	1	1,37,127,55,0,0
6	None	207	8122	2978	3205	1	1,200,2223,4113,1510,75,0
6	None	112	2260	1886	2283	1	1,105,812,1074,262,6,0
6	None	227	10260	2448	2599	1	1,220,2639,5218,2066,116,0
6	None	363	24718	16682	17175	1	1,356,5309,12526,6054,471,1
6	None	128	3398	2670	3067	1	1,121,1090,1682,490,14,0
5	None	52	342	567	901	1	1,46,184,106,5,0
6	None	256	13230	9275	9732	1	1,249,3214,6743,2847,176,0
6	None	177	5342	4126	4575	1	1,170,1660,2682,806,23,0
6	None	298	17914	4091	4252	1	1,291,4015,9047,4233,326,1
6	None	184	6912	1274	1383	1	1,177,1915,3491,1266,62,0
5	None	103	1397	2106	2495	1	1,97,623,597,79,0
5	None	32	76	147	449	1	1,26,49,0,0,0
6	None	309	17648	6103	6344	1	1,302,4120,8997,3966,262,0
5	None	148	2232	3339	3793	1	1,142,983,976,130,0
6	None	385	27844	4661	4787	1	1,378,5795,14047,7034,587,2
5	None	164	3074	1489	1635	1	1,158,1244,1424,245,2
6	None	367	25968	8717	8961	1	1,360,5480,13149,6464,513,1
5	None	87	898	1410	1801	1	1,81,434,346,36,0
5	None	140	2206	1090	1239	1	1,134,938,980,152,1
6	None	326	21408	14504	14981	1	1,319,4642,10826,5210,409,1
6	None	300	17164	11866	12339	1	1,293,4007,8760,3852,251,0
6	None	340	22844	1403	1447	1	1,333,4917,11566,5589,437,1
6	None	159	5010	191	212	1	1,152,1503,2507,814,33,0
6	None	349	23814	2007	2068	1	1,342,5091,12053,5864,462,1
6	None	124	2944	1180	1387	1	1,117,977,1429,406,14,0
6	None	275	14452	10111	10585	1	1,268,3488,7362,3135,198,0
6	None	227	9790	1009	1075	1	1,220,2566,4966,1931,106,0
5	None	123	1942	2874	3283	1	1,117,822,865,136,1
6	None	146	4518	3447	3853	1	1,139,1354,2254,739,31,0
6	None	47	282	314	631	1	1,40,157,84,0,0,0
6	None	185	7434	5410	5839	1	1,178,1990,3758,1430,77,0
6	None	135	3758	2926	3327	1	1,128,1174,1854,578,23,0
6	None	130	3496	2737	3139	1	1,123,1108,1724,521,19,0
6	None	360	22362	15299	15800	1	1,353,5066,11427,5167,348,0
5	None	57	416	669	1031	1	1,51,211,141,12,0
6	None	23	80	85	327	1	1,16,42,20,1,0,0
5	None	56	312	537	901	1	1,50,179,82,0,0
5	None	60	510	54	77	1	1,54,252,185,18,0
6	None	71	1207	1015	1356	1	1,64,439,563,137,3,0
5	None	36	165	276	581	1	1,30,90,42,2,0
5	None	58	436	234	353	1	1,52,221,149,13,0
5	None	79	672	359	497	1	1,73,337,239,22,0
5	None	32	164	267	545	1	1,26,86,48,3,0
5	None	25	74	126	389	1	1,19,42,12,0,0
5	None	43	258	140	247	1	1,37,133,80,7,0
5	None	24	54	87	365	1	1,18,29,6,0,0
6	None	185	2624	2457	3064	1	1,178,1149,1137,159,0,0
6	None	36	162	11	30	1	1,29,87,43,2,0,0
5	None	22	67	111	355	1	1,16,37,13,0,0
6	None	145	3453	697	808	1	1,138,1165,1677,458,14,0
6	None	23	114	111	346	1	1,16,53,39,5,0,0
5	None	35	122	72	175	1	1,29,72,20,0,0
6	None	218	11094	3881	4101	1	1,211,2663,5621,2436,162,0
5	None	135	2177	3219	3643	1	1,129,920,973,153,1
6	None	406	32448	21457	21954	1	1,399,6436,16291,8555,763,3
6	None	210	9164	658	703	1	1,203,2367,4641,1846,106,0
6	None	40	390	71	128	1	1,33,161,161,33,1,0
6	None	192	8226	2963	3175	1	1,185,2149,4173,1628,90,0
5	None	55	366	203	317	1	1,49,197,113,6,0
5	None	152	2732	1330	1473	1	1,146,1115,1253,215,2
5	None	95	1123	1728	2119	1	1,89,523,457,53,0
6	None	219	10028	651	691	1	1,212,2566,5106,2029,114,0
6	None	283	15610	10842	11311	1	1,276,3686,7950,3470,227,0
6	None	214	7124	1357	1474	1	1,207,2159,3615,1110,32,0
5	None	193	3840	5544	6019	1	1,187,1526,1801,322,3
5	None	154	2855	1382	1527	1	1,148,1151,1322,231,2
5	None	33	96	165	487	1	1,27,55,13,0,0
6	None	269	13834	9709	10183	1	1,262,3369,7046,2971,185,0
6	None	264	13472	4731	4967	1	1,257,3284,6855,2894,181,0
6	None	189	8428	2005	2147	1	1,182,2138,4262,1739,106,0
5	None	183	3791	5445	5897	1	1,177,1476,1794,339,4
5	None	151	2559	1255	1401	1	1,145,1072,1157,183,1
5	None	41	200	336	661	1	1,35,110,52,2,0
5	None	61	336	194	323	1	1,55,194,86,0,0
6	None	48	486	443	760	1	1,41,201,201,41,1,0
6	None	156	1492	1604	2177	1	1,149,802,540,0,0,0
5	None	33	168	21	43	1	1,27,87,49,4,0
6	None	131	3107	2489	2923	1	1,124,1029,1508,431,14,0
5	None	22	56	31	115	1	1,16,31,8,0,0
6	None	52	686	591	907	1	1,45,258,304,75,3,0
6	None	48	538	485	789	1	1,41,220,230,45,1,0
6	None	19	30	34	267	1	1,12,17,0,0,0,0
6	None	25	96	102	353	1	1,18,51,26,0,0,0
6	None	66	1154	476	643	1	1,59,401,537,150,6,0
5	None	65	544	876	1229	1	1,59,277,192,15,0
5	None	58	520	273	383	1	1,52,254,194,19,0
5	None	64	546	867	1229	1	1,58,270,198,19,0
6	None	304	19428	13198	13671	1	1,297,4245,9818,4698,368,1
5	None	50	335	552	877	1	1,44,177,106,7,0
6	None	252	12212	8663	9119	1	1,245,3084,6252,2495,135,0
6	None	296	19474	823	852	1	1,289,4185,9825,4788,385,1
6	None	139	4256	1621	1824	1	1,132,1268,2117,706,32,0
6	None	319	19780	6749	6996	1	1,312,4380,9991,4728,367,1
6	None	334	21928	2122	2191	1	1,327,4786,11144,5282,388,0
5	None	104	1264	647	783	1	1,98,588,518,59,0
5	None	47	248	144	251	1	1,41,144,62,0,0
6	None	202	8952	6407	6847	1	1,195,2295,4538,1817,106,0
6	None	147	4212	1091	1229	1	1,140,1324,2104,625,18,0
6	None	128	3908	2963	3361	1	1,121,1150,1942,663,31,0
5	None	183	3577	5175	5639	1	1,177,1425,1671,300,3
5	None	132	2118	3126	3557	1	1,126,892,948,150,1
6	None	81	1254	1091	1461	1	1,74,483,568,125,3,0
6	None	293	18308	12471	12941	1	1,286,4031,9246,4399,344,1
6	None	94	1554	1345	1736	1	1,87,595,713,155,3,0
6	None	155	4400	3431	3859	1	1,148,1394,2196,643,18,0
6	None	56	394	48	85	1	1,49,216,128,0,0,0
5	None	64	433	723	1099	1	1,58,235,133,6,0
5	None	62	426	708	1075	1	1,56,230,133,6,0
6	None	246	13114	9133	9585	1	1,239,3117,6668,2899,190,0
6	None	213	9540	6833	7272	1	1,206,2457,4849,1919,108,0
6	None	472	38952	25687	26209	1	1,465,7680,19600,10297,906,3
6	None	74	1396	573	743	1	1,67,481,657,184,6,0
5	None	42	181	312	649	1	1,36,103,40,1,0
5	None	63	370	129	203	1	1,57,215,97,0,0
5	None	41	209	117	223	1	1,35,114,56,3,0
6	None	81	1404	1179	1547	1	1,74,504,648,171,6,0
6	None	96	2040	1659	2032	1	1,89,696,979,267,8,0
6	None	48	394	26	47	1	1,41,186,148,18,0,0
6	None	46	606	517	813	1	1,39,224,270,69,3,0
6	None	64	1080	447	614	1	1,57,377,499,140,6,0
6	None	174	1898	995	1276	1	1,167,995,735,0,0,0
6	None	56	790	677	998	1	1,49,295,355,87,3,0
5	None	43	260	423	743	1	1,37,135,81,6,0
6	None	194	5297	4183	4680	1	1,187,1711,2611,761,26,0
6	None	67	275	324	799	1	1,60,162,52,0,0,0
6	None	21	30	30	287	1	1,14,15,0,0,0,0
5	None	33	165	18	37	1	1,27,87,47,3,0
6	None	77	967	223	316	1	1,70,413,417,66,0,0
6	None	509	24722	17685	18346	1	1,502,6384,12657,4917,261,0
6	None	70	830	256	377	1	1,63,356,354,56,0,0
6	None	279	15506	3583	3740	1	1,272,3639,7893,3471,230,0
6	None	234	10184	7347	7810	1	1,227,2678,5181,1991,106,0
5	None	114	1496	758	897	1	1,108,680,629,78,0
5	None	40	183	318	629	1	1,34,106,42,0,0
6	None	271	15076	5223	5455	1	1,264,3535,7677,3376,223,0
5	None	49	320	35	57	1	1,43,168,101,7,0
5	None	110	1408	716	853	1	1,104,644,587,72,0
6	None	338	22664	15316	15797	1	1,331,4879,11468,5548,436,1
5	None	90	912	1443	1837	1	1,84,451,346,30,0
6	None	167	6236	153	167	1	1,160,1721,3149,1148,57,0
5	None	149	2798	4056	4477	1	1,143,1122,1300,230,2
6	None	264	13908	9724	10185	1	1,257,3352,7088,3020,190,0
6	None	294	18736	6362	6597	1	1,287,4084,9457,4546,360,1
5	None	83	878	456	583	1	1,77,418,344,38,0
6	None	184	7150	5236	5667	1	1,177,1941,3604,1354,73,0
6	None	198	7842	5742	6179	1	1,191,2144,3982,1454,70,0
6	None	290	17370	5951	6191	1	1,283,3901,8783,4090,311,1
6	None	302	17208	595	619	1	1,295,4016,8773,3868,255,0
6	None	93	986	504	701	1	1,86,504,395,0,0,0
6	None	354	25752	8607	8849	1	1,347,5314,12963,6566,559,2
6	None	168	5222	2005	2218	1	1,161,1606,2633,798,23,0
6	None	283	16408	2825	2942	1	1,276,3772,8345,3756,258,0
6	None	66	1034	887	1215	1	1,59,388,472,111,3,0
6	None	198	7940	5797	6234	1	1,191,2151,4027,1495,75,0
6	None	159	5636	4186	4601	1	1,152,1588,2836,1010,49,0
6	None	232	10596	7571	8029	1	1,225,2711,5388,2149,122,0
6	None	82	1126	1023	1394	1	1,75,469,495,85,1,0
6	None	71	1060	92	127	1	1,64,405,477,110,3,0
6	None	46	363	356	673	1	1,39,169,136,18,0,0
6	None	82	1294	280	373	1	1,75,494,589,132,3,0
5	None	69	645	113	153	1	1,63,315,242,24,0
5	None	90	882	155	201	1	1,84,432,332,33,0
5	None	63	531	282	401	1	1,57,264,191,18,0
6	None	55	590	547	875	1	1,48,254,248,39,0,0
5	None	46	252	423	757	1	1,40,138,70,3,0
6	None	55	522	503	834	1	1,48,237,207,29,0,0
6	None	183	3614	3117	3620	1	1,176,1393,1713,331,0,0
6	None	46	500	449	752	1	1,39,203,213,43,1,0
6	None	55	754	216	323	1	1,48,282,336,84,3,0
5	None	242	3663	792	875	1	1,236,1656,1578,192,0
6	None	13	15	7	104	1	1,6,7,1,0,0,0
6	None	248	7553	2919	3202	1	1,241,2327,3753,1184,47,0
6	None	402	15322	5715	6047	1	1,395,4388,7771,2654,113,0
6	None	279	6773	559	620	1	1,272,2423,3333,744,0,0
6	None	628	33569	23693	24378	1	1,621,8386,17259,6921,381,0
6	None	48	255	283	627	1	1,41,140,70,3,0,0
5	None	116	1805	178	205	1	1,110,762,803,128,1
5	None	56	368	615	961	1	1,50,200,112,5,0
5	None	47	285	474	799	1	1,41,154,85,4,0
6	None	306	19578	3324	3443	1	1,299,4269,9885,4748,375,1
6	None	223	11424	999	1054	1	1,216,2748,5801,2496,162,0
5	None	99	1230	627	757	1	1,93,564,509,63,0
6	None	128	3308	1304	1507	1	1,121,1061,1621,486,18,0
5	None	26	72	123	397	1	1,20,41,10,0,0
6	None	159	5550	2066	2275	1	1,152,1569,2785,994,49,0
5	None	154	2976	1433	1577	1	1,148,1177,1391,256,3
5	None	80	771	1224	1601	1	1,74,382,288,26,0
5	None	100	1296	1962	2359	1	1,94,584,547,70,0
6	None	238	11456	8117	8569	1	1,231,2863,5828,2391,142,0
6	None	99	2150	874	1059	1	1,92,733,1033,282,9,0
6	None	183	7546	1093	1178	1	1,176,2000,3825,1465,79,0
6	None	254	12050	2857	3014	1	1,247,3058,6153,2455,136,0
6	None	225	9886	1422	1513	1	1,218,2567,5010,1976,114,0
6	None	361	26538	17717	18206	1	1,354,5459,13367,6779,576,2
5	None	71	679	356	477	1	1,65,330,257,26,0
6	None	252	13526	9417	9869	1	1,245,3214,6882,2989,195,0
6	None	262	13794	4819	5052	1	1,255,3317,7027,3004,190,0
6	None	226	10720	7601	8051	1	1,219,2678,5440,2245,137,0
6	None	337	24324	8133	8372	1	1,330,5019,12231,6208,533,2
6	None	261	14414	9991	10449	1	1,254,3376,7326,3239,218,0
6	None	189	7006	1036	1125	1	1,182,1953,3534,1274,62,0
6	None	359	26898	17911	18394	1	1,352,5478,13533,6935,597,2
5	None	35	169	279	577	1	1,29,91,46,2,0
6	None	48	385	188	351	1	1,41,178,145,20,0,0
6	None	99	2062	1685	2068	1	1,92,709,985,267,8,0
6	None	61	435	239	414	1	1,54,239,141,0,0,0
5	None	51	274	157	273	1	1,45,157,71,0,0
5	None	224	3259	4959	5527	1	1,218,1488,1387,165,0
6	None	76	992	889	1273	1	1,69,402,434,85,1,0
5	None	152	1441	2358	2905	1	1,146,754,508,32,0
6	None	266	6267	5233	5810	1	1,259,2299,3073,635,0,0
6	None	356	13430	10037	10641	1	1,349,3861,6804,2315,100,0
5	None	162	1281	2202	2789	1	1,156,734,390,0,0
5	None	138	1569	2460	2953	1	1,132,757,616,63,0
6	None	282	6757	5617	6219	1	1,275,2458,3322,701,0,0
6	None	228	7446	2844	3095	1	1,221,2253,3745,1182,44,0
6	None	79	886	849	1231	1	1,72,400,364,49,0,0
6	None	199	4997	4031	4546	1	1,192,1690,2447,651,16,0
6	None	148	2848	610	727	1	1,141,1085,1351,270,0,0
6	None	227	5197	2172	2443	1	1,220,1907,2539,530,0,0
5	None	99	1253	1908	2299	1	1,93,570,523,66,0
5	None	171	3433	4947	5383	1	1,165,1352,1615,297,3
5	None	94	1085	1674	2069	1	1,88,508,438,50,0
6	None	242	12294	8635	9082	1	1,235,2998,6257,2639,164,0
6	None	139	4250	810	911	1	1,132,1269,2115,702,31,0
6	None	331	21672	14685	15167	1	1,324,4733,11010,5219,385,0
5	None	169	3400	1632	1777	1	1,163,1337,1601,295,3
5	None	135	2004	3003	3431	1	1,129,884,873,117,0
5	None	86	985	303	379	1	1,80,457,399,48,0
6	None	176	5748	2182	2401	1	1,169,1719,2901,926,32,0
5	None	40	160	282	607	1	1,34,94,31,0,0
5	None	90	1100	112	137	1	1,84,503,455,57,0
5	None	34	160	267	557	1	1,28,87,42,2,0
6	None	171	5876	4401	4834	1	1,164,1692,2957,1017,45,0
6	None	263	13856	4841	5074	1	1,256,3334,7061,3014,190,0
6	None	377	28098	18730	19227	1	1,370,5750,14150,7210,615,2
6	None	104	2294	1867	2240	1	1,97,785,1105,297,9,0
6	None	231	11710	2053	2165	1	1,224,2838,5949,2536,162,0
6	None	207	9908	6997	7434	1	1,200,2442,5017,2113,135,0
6	None	440	35384	11698	11955	1	1,433,7032,17793,9302,820,3
6	None	106	2284	1862	2251	1	1,99,782,1094,298,10,0
6	None	385	27166	18251	18754	1	1,378,5752,13767,6737,530,1
6	None	102	2026	1693	2071	1	1,95,732,964,229,5,0
6	None	294	15212	509	532	1	1,287,3723,7761,3243,197,0
6	None	405	29424	1791	1837	1	1,398,6163,14912,7365,584,1
6	None	42	325	313	621	1	1,35,148,124,17,0,0
6	None	62	436	239	419	1	1,55,239,141,0,0,0
5	None	46	247	60	107	1	1,40,137,66,3,0
5	None	73	661	1047	1429	1	1,67,324,244,25,0
5	None	41	188	108	215	1	1,35,108,44,0,0
6	None	305	7140	2994	3307	1	1,298,2634,3487,720,0,0
6	None	356	12049	9187	9843	1	1,349,3614,6046,1959,80,0
6	None	207	3539	317	376	1	1,200,1445,1613,280,0,0
6	None	335	14319	10406	10985	1	1,328,3831,7272,2744,143,0
6	None	374	13925	5213	5534	1	1,367,4019,7049,2388,101,0
6	None	136	3384	2693	3121	1	1,129,1106,1650,481,17,0
5	None	236	3159	1627	1833	1	1,230,1482,1301,145,0
6	None	198	6543	4953	5432	1	1,191,1934,3289,1085,43,0
5	None	165	1900	2988	3533	1	1,159,924,744,72,0
5	None	323	5380	2684	2899	1	1,317,2381,2378,303,0
5	None	207	2686	1387	1581	1	1,201,1267,1097,120,0
5	None	268	4000	6081	6701	1	1,262,1822,1710,205,0
5	None	234	3526	5337	5909	1	1,228,1590,1518,189,0
6	None	558	20749	15824	16497	1	1,551,6467,10840,2890,0,0
6	None	354	12599	9496	10143	1	1,347,3674,6332,2148,97,0
6	None	246	12284	8655	9109	1	1,239,3021,6248,2613,162,0
6	None	370	27064	9043	9289	1	1,363,5585,13633,6896,584,2
6	None	237	11382	8063	8519	1	1,230,2839,5782,2385,145,0
5	None	145	2668	3876	4297	1	1,139,1075,1234,217,2
6	None	383	28326	18909	19405	1	1,376,5830,14278,7229,610,2
6	None	339	23164	7805	8046	1	1,332,4942,11719,5716,453,1
6	None	295	17274	11892	12359	1	1,288,3967,8788,3958,272,0
6	None	181	6940	392	425	1	1,174,1905,3510,1286,64,0
5	None	44	300	483	793	1	1,38,153,100,8,0
6	None	461	38612	25413	25933	1	1,454,7532,19378,10309,934,4
6	None	108	1900	1641	2045	1	1,101,728,882,185,3,0
6	None	212	8722	6351	6797	1	1,205,2354,4438,1643,81,0
6	None	447	37840	24862	25377	1	1,440,7323,18962,10176,934,4
6	None	339	22132	15008	15501	1	1,332,4816,11198,5366,418,1
6	None	222	8750	2140	2297	1	1,215,2400,4434,1620,80,0
6	None	309	18068	1778	1847	1	1,302,4164,9204,4118,279,0
6	None	171	5962	4451	4884	1	1,164,1703,3001,1045,48,0
6	None	316	20556	13933	14412	1	1,309,4454,10377,5015,399,1
6	None	241	13124	9105	9548	1	1,234,3075,6657,2955,202,0
6	None	276	14826	5168	5403	1	1,269,3540,7551,3256,209,0
6	None	252	12848	9027	9479	1	1,245,3133,6534,2761,174,0
6	None	40	230	249	547	1	1,33,123,70,3,0,0
6	None	52	411	205	374	1	1,45,196,151,18,0,0
5	None	49	347	558	887	1	1,43,176,117,10,0
6	None	56	593	551	885	1	1,49,256,248,39,0,0
5	None	36	187	306	605	1	1,30,99,54,3,0
6	None	71	912	827	1186	1	1,64,379,399,69,0,0
6	None	108	2532	1013	1205	1	1,101,838,1231,350,11,0
6	None	62	787	711	1043	1	1,55,326,346,59,0,0
6	None	77	1266	1078	1437	1	1,70,470,584,138,3,0
5	None	329	6124	8991	9619	1	1,323,2583,2803,414,0
6	None	490	21836	15887	16543	1	1,483,5911,11186,4065,190,0
6	None	261	9591	7171	7684	1	1,254,2762,4857,1647,70,0
6	None	401	16390	6038	6351	1	1,394,4570,8363,2936,126,0
6	None	582	29312	10455	10789	1	1,575,7568,15107,5774,287,0
6	None	570	31030	10901	11227	1	1,563,7644,15939,6514,369,0
6	None	401	14146	10795	11417	1	1,394,4314,7210,2167,60,0
6	None	497	28764	9977	10283	1	1,490,6795,14709,6364,405,0
6	None	233	4811	4109	4707	1	1,226,1825,2300,459,0,0
6	None	284	9633	7307	7888	1	1,277,2861,4847,1585,62,0
5	None	250	3401	1750	1959	1	1,244,1593,1406,157,0
6	None	454	19003	4661	4875	1	1,447,5283,9702,3417,153,0
6	None	323	9319	3709	4010	1	1,316,3129,4713,1160,0,0
6	None	247	5636	4688	5297	1	1,240,2033,2730,622,10,0
6	None	391	11770	9344	9975	1	1,384,3947,5988,1450,0,0
6	None	147	4792	301	335	1	1,140,1397,2399,818,37,0
6	None	291	16592	11465	11938	1	1,284,3858,8449,3749,251,0
6	None	158	4966	1892	2105	1	1,151,1491,2489,802,32,0
6	None	347	25350	16929	17411	1	1,340,5208,12748,6493,558,2
6	None	68	616	107	165	1	1,61,321,233,0,0,0
6	None	125	2962	2387	2792	1	1,118,999,1445,389,10,0
6	None	45	236	266	591	1	1,38,133,64,0,0,0
5	None	93	1128	576	703	1	1,87,519,464,57,0
6	None	328	19258	13271	13765	1	1,321,4453,9828,4365,290,0
6	None	318	20724	14047	14526	1	1,311,4500,10479,5037,395,1
6	None	234	10690	7645	8099	1	1,227,2742,5436,2161,123,0
6	None	260	12338	8783	9255	1	1,253,3141,6306,2501,136,0
5	None	52	273	480	821	1	1,46,160,66,0,0
5	None	149	2346	3483	3935	1	1,143,1015,1041,146,0
6	None	173	6054	1506	1651	1	1,166,1728,3048,1062,49,0
6	None	367	24856	16783	17286	1	1,360,5340,12583,6093,478,1
6	None	243	11752	4162	4389	1	1,236,2930,5971,2464,150,0
5	None	114	1374	705	851	1	1,108,639,560,66,0
6	None	309	18800	6438	6673	1	1,302,4256,9575,4364,302,0
6	None	166	6106	4504	4925	1	1,159,1690,3076,1124,56,0
5	None	64	498	269	391	1	1,58,256,170,13,0
6	None	51	410	5	9	1	1,44,196,151,18,0,0
6	None	66	810	369	544	1	1,59,339,351,60,0,0
6	None	65	1081	909	1235	1	1,58,392,502,125,3,0
5	None	70	667	1047	1411	1	1,64,324,253,25,0
6	None	85	1518	182	235	1	1,78,548,708,178,5,0
6	None	111	2434	990	1189	1	1,104,833,1173,314,9,0
5	None	48	281	462	809	1	1,42,148,84,6,0
6	None	76	1063	951	1312	1	1,69,433,475,85,0,0
6	None	90	1908	1539	1909	1	1,83,638,914,263,9,0
6	None	90	1789	1469	1840	1	1,83,620,849,229,7,0
5	None	240	3306	565	633	1	1,234,1540,1376,155,0
6	None	455	23809	4200	4349	1	1,448,5927,12205,4946,282,0
6	None	532	18001	14006	14691	1	1,525,5825,9294,2356,0,0
6	None	401	18881	4513	4711	1	1,394,4901,9650,3737,198,0
6	None	292	11953	8733	9284	1	1,285,3237,6055,2259,116,0
6	None	522	17785	13789	14489	1	1,515,5712,9192,2365,0,0
6	None	258	5645	479	538	1	1,251,2120,2723,550,0,0
6	None	222	4730	1007	1143	1	1,215,1789,2275,450,0,0
6	None	329	8813	716	777	1	1,322,3073,4403,1014,0,0
5	None	361	6404	9492	10165	1	1,355,2770,2884,394,0
6	None	228	9078	6663	7130	1	1,221,2503,4619,1657,77,0
6	None	281	16000	11053	11519	1	1,274,3717,8146,3619,243,0
6	None	404	28970	19433	19935	1	1,397,6146,14752,7141,533,0
5	None	81	965	294	367	1	1,75,439,399,51,0
5	None	59	380	642	997	1	1,53,209,112,5,0
6	None	56	610	559	894	1	1,49,255,255,49,1,0
6	None	131	3802	2920	3323	1	1,124,1152,1882,616,27,0
5	None	121	1700	2562	2977	1	1,115,760,730,94,0
6	None	290	16482	11392	11867	1	1,283,3834,8390,3724,250,0
5	None	44	246	411	733	1	1,38,134,70,3,0
6	None	374	26262	17650	18141	1	1,367,5596,13356,6458,484,0
6	None	317	20730	14041	14520	1	1,310,4485,10471,5061,401,1
5	None	40	229	375	683	1	1,34,121,69,4,0
6	None	388	26606	17950	18453	1	1,381,5752,13556,6446,470,0
6	None	119	3036	141	164	1	1,112,981,1493,435,14,0
6	None	133	3526	2767	3180	1	1,126,1121,1733,525,20,0
5	None	74	649	1038	1421	1	1,68,326,234,20,0
5	None	119	1633	2466	2887	1	1,113,733,697,89,0
5	None	50	264	154	265	1	1,44,154,65,0,0
5	None	29	97	171	445	1	1,23,57,16,0,0
6	None	86	1428	1227	1601	1	1,79,540,658,147,3,0
6	None	353	21608	14813	15310	1	1,346,4919,11031,4975,336,0
6	None	407	27294	18490	19003	1	1,400,5998,13946,6494,455,0
6	None	370	25592	139	143	1	1,363,5464,12975,6298,490,1
6	None	445	34880	23131	23656	1	1,438,7030,17587,9051,771,2
5	None	232	5029	7200	7693	1	1,226,1956,2398,444,4
6	None	452	33462	22366	22893	1	1,445,7016,17036,8334,630,0
6	None	414	34398	22635	23141	1	1,407,6676,17210,9243,857,4
6	None	395	30798	10211	10461	1	1,388,6163,15459,8066,718,3
6	None	142	3568	34	39	1	1,135,1191,1755,474,12,0
5	None	66	422	729	1093	1	1,60,243,118,0,0
6	None	220	7656	5779	6250	1	1,213,2273,3899,1233,37,0
5	None	188	3938	5643	6109	1	1,182,1525,1870,356,4
5	None	125	1698	2574	3005	1	1,119,769,720,89,0
6	None	174	5412	1381	1530	1	1,167,1637,2703,869,35,0
5	None	77	687	1104	1483	1	1,71,348,247,20,0
6	None	459	36140	2397	2449	1	1,452,7301,18249,9348,787,2
5	None	35	193	315	601	1	1,29,102,58,3,0
6	None	54	656	587	903	1	1,47,264,284,59,1,0
5	None	47	252	429	763	1	1,41,143,67,0,0
6	None	43	436	67	115	1	1,36,186,183,30,0,0
6	None	52	557	257	416	1	1,45,238,235,38,0,0
6	None	75	993	299	421	1	1,68,408,434,81,1,0
6	None	261	7107	1887	2083	1	1,254,2343,3506,975,28,0
5	None	71	570	918	1313	1	1,65,289,198,17,0
6	None	335	8740	7135	7774	1	1,328,3071,4347,993,0,0
6	None	479	22137	15959	16621	1	1,472,5818,11292,4323,231,0
6	None	250	5274	2253	2552	1	1,243,2003,2527,500,0,0
6	None	78	540	24	41	1	1,71,300,168,0,0,0
5	None	156	1600	513	625	1	1,150,804,594,51,0
6	None	346	23102	15617	16109	1	1,339,5016,11750,5585,411,0
6	None	295	18928	6421	6656	1	1,288,4112,9551,4608,367,1
6	None	348	25470	17007	17488	1	1,341,5233,12813,6521,559,2
5	None	43	234	131	237	1	1,37,128,65,3,0
6	None	322	19130	13160	13639	1	1,315,4388,9742,4384,300,0
5	None	156	2929	4251	4679	1	1,150,1180,1359,237,2
6	None	113	2416	659	794	1	1,106,833,1155,311,10,0
6	None	342	22516	15259	15746	1	1,335,4898,11407,5453,421,1
6	None	324	19136	13174	13663	1	1,317,4415,9772,4344,287,0
5	None	88	922	1443	1837	1	1,82,444,358,37,0
6	None	295	16256	5649	5890	1	1,288,3855,8295,3588,229,0
6	None	359	26296	17561	18050	1	1,352,5409,13235,6723,574,2
5	None	85	923	478	605	1	1,79,438,365,40,0
5	None	37	140	243	563	1	1,31,81,27,0,0
6	None	225	10710	7592	8039	1	1,218,2677,5440,2238,136,0
6	None	278	15520	2149	2244	1	1,271,3624,7891,3497,236,0
5	None	57	336	579	931	1	1,51,193,91,0,0
5	None	217	4576	6570	7057	1	1,211,1790,2170,400,4
6	None	152	4240	551	623	1	1,145,1326,2087,654,27,0
5	None	196	3993	5754	6215	1	1,190,1579,1881,339,3
6	None	332	21302	14478	14969	1	1,325,4665,10772,5138,400,1
6	None	323	18796	12970	13459	1	1,316,4364,9594,4242,279,0
6	None	248	13362	3096	3247	1	1,241,3151,6782,2986,201,0
6	None	454	35036	23297	23819	1	1,447,7146,17708,8985,747,2
5	None	168	2829	4173	4631	1	1,162,1205,1275,186,0
5	None	83	964	1476	1849	1	1,77,444,394,48,0
6	None	254	12102	8596	9069	1	1,247,3046,6156,2504,148,0
6	None	376	26750	17947	18442	1	1,369,5632,13543,6673,531,1
6	None	55	596	545	878	1	1,48,248,249,49,1,0
6	None	176	5240	1354	1503	1	1,169,1642,2628,778,22,0
5	None	36	192	309	613	1	1,30,100,58,3,0
5	None	26	80	138	403	1	1,20,46,13,0,0
5	None	42	285	153	253	1	1,36,144,95,9,0
5	None	95	1059	1644	2047	1	1,89,501,421,47,0
6	None	62	757	689	1026	1	1,55,317,329,55,0,0
6	None	572	29489	243	251	1	1,565,7422,15105,6054,342,0
6	None	327	7887	3292	3609	1	1,320,2889,3871,806,0,0
6	None	580	30252	4283	4418	1	1,573,7611,15535,6193,339,0
6	None	476	22491	16181	16810	1	1,469,5932,11571,4317,201,0
6	None	339	9780	3903	4208	1	1,332,3308,4949,1190,0,0
5	None	248	3389	1743	1949	1	1,242,1586,1403,157,0
5	None	115	741	437	611	1	1,109,437,194,0,0
6	None	312	9001	7144	7741	1	1,305,2960,4478,1224,33,0
6	None	529	28094	19795	20441	1	1,522,6968,14414,5859,330,0
6	None	531	25525	18339	18989	1	1,524,6698,13116,4943,243,0
6	None	545	25225	2607	2704	1	1,538,6736,12945,4777,228,0
6	None	528	18644	7181	7519	1	1,521,5921,9681,2520,0,0
6	None	645	24764	18799	19505	1	1,638,7652,12978,3495,0,0
6	None	387	27358	9186	9437	1	1,380,5816,13915,6740,506,0
6	None	104	2036	1709	2091	1	1,97,740,964,229,5,0
5	None	27	77	135	409	1	1,21,45,10,0,0
6	None	162	5028	427	475	1	1,155,1516,2512,811,33,0
5	None	34	128	225	521	1	1,28,75,24,0,0
6	None	326	21892	4927	5086	1	1,319,4694,11067,5383,427,1
6	None	345	23292	15727	16214	1	1,338,5006,11795,5705,446,1
6	None	320	21244	14365	14839	1	1,313,4577,10740,5201,411,1
6	None	248	11708	8327	8796	1	1,241,2960,5959,2407,140,0
5	None	113	1463	2229	2645	1	1,107,669,612,74,0
5	None	55	314	78	127	1	1,49,182,82,0,0
6	None	313	18366	12648	13133	1	1,306,4238,9372,4172,277,0
5	None	109	1352	2070	2489	1	1,103,623,558,67,0
5	None	124	1929	952	1093	1	1,118,816,857,136,1
6	None	358	24538	8269	8516	1	1,351,5241,12421,6046,477,1
5	None	137	2168	3216	3647	1	1,131,922,963,150,1
6	None	64	952	823	1152	1	1,57,361,429,101,3,0
6	None	149	4842	1827	2032	1	1,142,1415,2423,824,37,0
6	None	115	2626	38	45	1	1,108,895,1275,338,9,0
5	None	130	1732	2640	3079	1	1,124,792,727,88,0
5	None	153	2446	1210	1359	1	1,147,1057,1088,153,0
5	None	220	4950	2351	2511	1	1,214,1881,2378,470,6
6	None	477	38956	25723	26251	1	1,470,7713,19600,10267,902,3
5	None	77	559	945	1333	1	1,71,315,172,0,0
6	None	265	12432	8859	9346	1	1,258,3157,6323,2545,148,0
6	None	419	31830	3027	3100	1	1,412,6495,16049,8179,692,2
6	None	200	6826	515	561	1	1,193,2005,3441,1140,46,0
6	None	226	9300	6770	7237	1	1,219,2498,4716,1774,92,0
6	None	392	27510	18498	19007	1	1,385,5838,13936,6812,537,1
6	None	397	28988	19391	19899	1	1,390,6016,14628,7339,612,2
5	None	54	286	504	851	1	1,48,168,69,0,0
6	None	208	8304	552	593	1	1,201,2259,4212,1554,77,0
5	None	97	994	1572	1985	1	1,91,487,378,37,0
5	None	79	707	1131	1525	1	1,73,355,256,22,0
5	None	52	280	489	829	1	1,46,163,70,0,0
6	None	156	5216	1953	2167	1	1,149,1491,2605,924,46,0
6	None	170	5732	2148	2371	1	1,163,1645,2869,1006,48,0
6	None	68	1144	967	1295	1	1,61,420,532,127,3,0
6	None	49	536	485	796	1	1,42,220,227,45,1,0
6	None	85	1315	1160	1527	1	1,78,524,600,112,0,0
5	None	81	808	1269	1655	1	1,75,393,309,30,0
6	None	77	1391	581	754	1	1,70,499,653,164,4,0
6	None	138	3835	2992	3397	1	1,131,1210,1902,572,19,0
5	None	72	669	1059	1427	1	1,66,329,249,24,0
6	None	638	33838	11959	12309	1	1,631,8501,17417,6916,372,0
6	None	174	3294	1429	1683	1	1,167,1281,1549,296,0,0
6	None	571	29283	5205	5368	1	1,564,7503,15117,5814,284,0
6	None	558	26229	18927	19609	1	1,551,6961,13470,5005,241,0
5	None	185	1591	2700	3307	1	1,179,900,511,0,0
5	None	253	3970	1194	1313	1	1,247,1765,1732,225,0
6	None	403	15367	11482	12127	1	1,396,4419,7794,2644,113,0
6	None	402	15364	3826	4039	1	1,395,4417,7794,2644,113,0
6	None	62	898	775	1107	1	1,55,340,404,95,3,0
6	None	85	1130	345	473	1	1,78,475,490,85,1,0
6	None	416	33484	22125	22628	1	1,409,6626,16813,8843,789,3
6	None	182	5704	4369	4822	1	1,175,1731,2855,907,35,0
6	None	210	9350	6692	7137	1	1,203,2392,4732,1908,114,0
6	None	245	12204	8603	9057	1	1,238,3014,6222,2575,154,0
5	None	166	2789	1369	1525	1	1,160,1184,1259,185,0
6	None	219	9386	15	16	1	1,212,2475,4771,1830,97,0
5	None	58	413	226	343	1	1,52,217,134,9,0
5	None	141	2323	3423	3859	1	1,135,976,1045,165,1
6	None	438	31176	20951	21474	1	1,431,6667,15903,7617,557,0
5	None	107	1431	721	855	1	1,101,644,608,77,0
6	None	233	9264	3402	3637	1	1,226,2557,4713,1690,77,0
6	None	190	7714	509	549	1	1,183,2046,3892,1507,85,0
6	None	368	24838	16783	17284	1	1,361,5354,12585,6065,471,1
6	None	319	19058	13096	13575	1	1,312,4359,9708,4378,300,0
6	None	432	33188	22067	22583	1	1,425,6753,16746,8541,720,2
5	None	96	988	1557	1973	1	1,90,482,378,37,0
5	None	41	163	288	619	1	1,35,96,31,0,0
6	None	433	32784	42	43	1	1,426,6716,16549,8388,702,2
6	None	191	6488	4900	5347	1	1,184,1920,3286,1060,37,0
5	None	79	836	433	557	1	1,73,396,329,37,0
6	None	129	3617	937	1067	1	1,122,1134,1800,543,17,0
6	None	62	660	625	969	1	1,55,293,272,39,0,0
6	None	58	700	213	320	1	1,51,294,303,51,0,0
6	None	95	2066	1671	2039	1	1,88,698,996,275,8,0
6	None	60	716	657	985	1	1,53,303,308,51,0,0
5	None	56	452	240	353	1	1,50,226,161,14,0
6	None	80	1140	1021	1387	1	1,73,465,510,91,0,0
6	None	417	20037	14337	14926	1	1,410,5180,10259,3977,210,0
6	None	409	15396	11569	12197	1	1,402,4517,7852,2535,89,0
6	None	602	31529	22313	22998	1	1,595,7928,16195,6457,353,0
6	None	628	35863	25034	25699	1	1,621,8696,18464,7642,439,0
6	None	420	13680	10677	11312	1	1,413,4446,7035,1785,0,0
5	None	44	163	288	649	1	1,38,96,28,0,0
6	None	608	31573	11207	11541	1	1,601,8063,16315,6288,305,0
6	None	402	14440	10957	11591	1	1,395,4331,7342,2295,76,0
6	None	146	1169	1326	1903	1	1,139,663,366,0,0,0
6	None	110	2228	1858	2251	1	1,103,802,1062,254,6,0
6	None	315	18394	2536	2633	1	1,308,4260,9392,4160,273,0
6	None	98	2436	479	569	1	1,91,777,1191,362,14,0
6	None	381	29616	9815	10066	1	1,374,5903,14837,7794,704,3
5	None	57	397	657	1001	1	1,51,211,126,8,0
6	None	164	6732	4859	5268	1	1,157,1755,3389,1349,81,0
6	None	174	6074	2274	2485	1	1,167,1747,3057,1054,48,0
6	None	297	19152	12989	13456	1	1,290,4159,9671,4661,369,1
6	None	174	6032	4517	4948	1	1,167,1739,3041,1039,45,0
6	None	415	32144	21341	21852	1	1,408,6463,16143,8385,741,3
5	None	105	1320	2013	2423	1	1,99,602,549,69,0
5	None	55	343	579	925	1	1,49,189,100,4,0
6	None	360	24490	16519	17020	1	1,353,5239,12387,6031,478,1
6	None	236	10242	2465	2621	1	1,229,2710,5228,1975,99,0
6	None	325	19412	6671	6915	1	1,318,4458,9915,4426,294,0
6	None	255	13340	9321	9787	1	1,248,3202,6784,2917,188,0
5	None	48	297	492	821	1	1,42,159,90,5,0
6	None	238	11612	4106	4331	1	1,231,2894,5919,2424,143,0
6	None	128	3662	2818	3219	1	1,121,1114,1810,590,26,0
5	None	116	1390	2151	2581	1	1,110,660,562,57,0
5	None	70	600	957	1337	1	1,64,300,216,19,0
6	None	312	18962	6493	6733	1	1,305,4294,9659,4398,305,0
6	None	151	4360	1127	1268	1	1,144,1361,2173,659,22,0
5	None	67	570	302	427	1	1,61,283,206,19,0
6	None	296	16312	11339	11819	1	1,289,3869,8322,3601,230,0
5	None	44	189	333	671	1	1,38,111,39,0,0
6	None	251	13598	9449	9901	1	1,244,3209,6912,3031,201,0
6	None	311	17458	12107	12597	1	1,304,4115,8912,3877,249,0
6	None	446	31358	918	941	1	1,439,6748,15998,7618,554,0
6	None	141	3684	2914	3335	1	1,134,1199,1820,516,14,0
6	None	350	22602	15357	15857	1	1,343,4946,11432,5455,424,1
6	None	117	2554	36	43	1	1,110,882,1227,324,10,0
5	None	24	57	93	367	1	1,18,31,7,0,0
6	None	98	1802	305	382	1	1,91,664,845,197,4,0
6	None	130	3365	887	1021	1	1,123,1091,1656,479,15,0
6	None	73	959	435	614	1	1,66,399,421,72,0,0
6	None	158	4932	3775	4187	1	1,151,1498,2476,779,27,0
5	None	106	1267	1956	2365	1	1,100,594,514,58,0
6	None	572	35776	12284	12597	1	1,565,8237,18361,8094,518,0
6	None	450	19567	14264	14917	1	1,443,5301,9980,3662,180,0
6	None	646	34979	24647	25332	1	1,639,8704,17997,7239,399,0
5	None	226	3441	1730	1919	1	1,220,1540,1490,190,0
5	None	390	7081	10482	11149	1	1,384,3056,3202,438,0
6	None	555	29103	5145	5308	1	1,548,7304,14951,5972,327,0
5	None	137	2459	3579	3997	1	1,131,993,1132,200,2
6	None	202	9188	6541	6981	1	1,195,2315,4648,1911,118,0
6	None	134	4832	3553	3939	1	1,127,1322,2424,909,49,0
6	None	270	14734	10241	10704	1	1,263,3481,7493,3279,217,0
6	None	247	12900	9015	9469	1	1,240,3095,6556,2825,183,0
6	None	333	21970	14876	15355	1	1,326,4793,11172,5290,388,0
5	None	180	3450	5004	5459	1	1,174,1392,1605,276,2
6	None	159	5822	4295	4706	1	1,152,1610,2929,1075,55,0
5	None	87	941	1467	1849	1	1,81,450,370,39,0
6	None	270	15024	1735	1812	1	1,263,3522,7649,3366,223,0
5	None	156	3042	1464	1607	1	1,150,1200,1424,264,3
6	None	196	8706	479	512	1	1,189,2222,4403,1783,108,0
6	None	209	8884	6413	6863	1	1,202,2330,4500,1753,98,0
5	None	189	3843	5529	5995	1	1,183,1513,1813,330,3
6	None	204	9420	6697	7130	1	1,197,2368,4773,1961,120,0
6	None	116	3056	1192	1389	1	1,109,961,1505,462,18,0
6	None	228	10884	7709	8161	1	1,221,2712,5526,2285,139,0
5	None	184	3809	1824	1975	1	1,178,1484,1802,340,4
5	None	167	3234	1558	1709	1	1,161,1283,1511,275,3
6	None	313	19370	4409	4570	1	1,306,4305,9797,4607,353,1
6	None	75	600	654	1031	1	1,68,327,204,0,0,0
6	None	155	4990	3776	4197	1	1,148,1468,2496,840,37,0
6	None	427	34024	11258	11513	1	1,420,6773,17095,8940,792,3
6	None	238	10750	7701	8165	1	1,231,2768,5462,2165,123,0
6	None	323	18226	6319	6567	1	1,316,4296,9307,4046,260,0
6	None	119	2384	2000	2409	1	1,112,865,1130,270,6,0
5	None	46	207	363	707	1	1,40,121,45,0,0
5	None	66	394	684	1067	1	1,60,228,105,0,0
6	None	326	20360	13896	14377	1	1,319,4560,10368,4776,336,0
5	None	89	946	1479	1871	1	1,83,455,369,38,0
6	None	124	2806	2276	2693	1	1,117,952,1352,372,12,0
5	None	45	300	54	89	1	1,39,153,98,9,0
6	None	120	2898	2315	2717	1	1,113,959,1416,397,12,0
5	None	79	788	1239	1615	1	1,73,382,301,31,0
6	None	78	1303	223	293	1	1,71,489,602,137,3,0
6	None	68	1123	949	1284	1	1,61,412,521,125,3,0
5	None	93	1067	1650	2039	1	1,87,502,429,48,0
6	None	554	27596	19709	20367	1	1,547,7155,14238,5399,256,0
5	None	120	860	297	401	1	1,114,495,250,0,0
5	None	193	2608	138	157	1	1,187,1211,1086,123,0
6	None	358	15817	11458	12031	1	1,351,4213,8066,3032,154,0
6	None	420	11636	9466	10123	1	1,413,4090,5846,1286,0,0
6	None	433	17043	4225	4442	1	1,426,4847,8657,2981,131,0
6	None	349	9280	7555	8194	1	1,342,3245,4627,1065,0,0
6	None	198	9248	6557	6984	1	1,191,2308,4687,1941,120,0
5	None	87	929	482	613	1	1,81,442,365,40,0
6	None	443	35208	2914	2979	1	1,436,7024,17695,9234,815,3
6	None	130	3936	747	848	1	1,123,1158,1949,672,33,0
5	None	84	973	1491	1867	1	1,78,449,397,48,0
5	None	95	1189	1809	2197	1	1,89,541,496,62,0
5	None	120	1648	2490	2911	1	1,114,740,703,90,0
6	None	299	16956	2934	3053	1	1,292,3967,8643,3802,251,0
6	None	189	6978	5163	5609	1	1,182,1948,3518,1267,62,0
6	None	236	11606	8186	8641	1	1,229,2861,5898,2464,153,0
5	None	59	417	229	347	1	1,53,220,134,9,0
6	None	394	27184	18329	18832	1	1,387,5865,13849,6599,483,0
6	None	316	18180	12568	13051	1	1,309,4244,9278,4080,268,0
6	None	413	32452	21503	22015	1	1,406,6489,16308,8495,750,3
6	None	62	866	47	68	1	1,55,330,385,92,3,0
6	None	231	10302	7393	7856	1	1,224,2677,5253,2039,108,0
6	None	412	31024	10337	10592	1	1,405,6358,15653,7938,667,2
5	None	132	1944	969	1115	1	1,126,855,848,114,0
6	None	99	2400	1892	2263	1	1,92,766,1166,360,15,0
5	None	87	799	427	563	1	1,81,402,290,25,0
6	None	233	11360	8017	8474	1	1,226,2799,5763,2419,152,0
5	None	47	265	444	779	1	1,41,144,75,4,0
6	None	181	6768	998	1085	1	1,174,1873,3414,1244,62,0
6	None	425	31610	4221	4325	1	1,418,6526,15962,8033,668,2
6	None	255	12852	9036	9505	1	1,248,3138,6532,2760,173,0
6	None	86	1591	1329	1694	1	1,79,571,749,187,4,0
6	None	78	976	5	7	1	1,71,423,417,64,0,0
5	None	58	350	120	191	1	1,52,200,97,0,0
6	None	117	2899	1153	1346	1	1,110,951,1421,404,12,0
6	None	122	2859	2305	2708	1	1,115,961,1387,383,12,0
5	None	41	190	22	43	1	1,35,110,44,0,0
5	None	42	250	411	721	1	1,36,132,76,5,0
5	None	101	1297	1974	2363	1	1,95,589,543,69,0
6	None	90	1365	1214	1595	1	1,83,551,618,112,0,0
5	None	63	389	669	1037	1	1,57,223,108,0,0
6	None	539	28326	20047	20670	1	1,532,7169,14627,5709,288,0
6	None	446	17763	6596	6925	1	1,439,5064,9077,3064,118,0
5	None	303	4560	2316	2531	1	1,297,2087,1946,229,0
5	None	238	3171	86	97	1	1,232,1489,1304,145,0
6	None	451	23285	5487	5687	1	1,444,5824,11932,4813,271,0
6	None	429	15555	1685	1778	1	1,422,4660,7915,2475,82,0
6	None	544	33216	22875	23497	1	1,537,7690,17006,7495,487,0
6	None	341	23404	5254	5415	1	1,334,4980,11834,5792,462,1
6	None	288	16534	1141	1188	1	1,281,3826,8413,3758,255,0
5	None	51	296	504	841	1	1,45,165,82,3,0
5	None	211	4268	2053	2215	1	1,205,1696,2006,357,3
5	None	52	286	489	841	1	1,46,160,76,3,0
6	None	81	742	56	83	1	1,74,392,275,0,0,0
6	None	376	24694	2095	2158	1	1,369,5449,12599,5862,414,0
5	None	178	3277	4776	5245	1	1,172,1336,1510,256,2
6	None	410	28370	19130	19641	1	1,403,6126,14460,6878,502,0
5	None	137	2102	3126	3565	1	1,131,911,928,131,0
6	None	199	5902	2304	2537	1	1,192,1884,2963,840,22,0
5	None	81	882	1365	1739	1	1,75,416,351,39,0
6	None	333	20308	6959	7203	1	1,326,4614,10355,4690,322,0
5	None	139	2195	1084	1229	1	1,133,945,977,139,0
6	None	335	22178	15004	15495	1	1,328,4788,11216,5418,426,1
6	None	310	17552	12156	12641	1	1,303,4117,8954,3922,255,0
5	None	130	1773	2691	3127	1	1,124,805,751,92,0
6	None	79	764	199	290	1	1,72,398,293,0,0,0
6	None	195	6696	5047	5494	1	1,188,1959,3371,1129,48,0
6	None	356	20980	4825	4993	1	1,349,4893,10754,4689,294,0
6	None	240	10826	7754	8223	1	1,233,2779,5488,2196,129,0
6	None	323	19012	485	503	1	1,316,4384,9694,4327,290,0
6	None	335	19604	13519	14018	1	1,328,4541,10003,4437,294,0
6	None	415	31050	20709	21223	1	1,408,6378,15660,7933,668,2
6	None	260	13012	9167	9637	1	1,253,3197,6616,2773,172,0
5	None	43	200	348	673	1	1,37,116,46,0,0
6	None	85	1219	547	736	1	1,78,499,545,96,0,0
5	None	27	91	159	421	1	1,21,53,16,0,0
6	None	115	2763	2192	2599	1	1,108,896,1344,400,14,0
5	None	66	463	771	1147	1	1,60,250,145,7,0
5	None	102	872	1425	1889	1	1,96,454,300,21,0
6	None	481	23431	5584	5795	1	1,474,6050,12010,4652,244,0
6	None	457	24493	17196	17801	1	1,450,6001,12540,5194,307,0
6	None	96	1806	757	948	1	1,89,651,847,212,6,0
5	None	90	986	219	275	1	1,84,469,390,42,0
6	None	354	20556	14221	14719	1	1,347,4832,10536,4557,283,0
6	None	336	19396	13397	13906	1	1,329,4510,9889,4377,290,0
6	None	228	10436	3723	3952	1	1,221,2650,5289,2146,129,0
6	None	104	2022	1688	2083	1	1,97,724,954,240,6,0
6	None	260	12864	9082	9553	1	1,253,3183,6546,2716,165,0
6	None	256	12666	8943	9409	1	1,249,3137,6448,2669,162,0
6	None	133	3544	2775	3191	1	1,126,1121,1742,533,21,0
6	None	240	11644	8239	8693	1	1,233,2895,5916,2449,150,0
6	None	166	4632	1210	1359	1	1,159,1476,2296,678,22,0
6	None	206	8558	1241	1331	1	1,199,2280,4348,1645,85,0
6	None	145	4828	518	575	1	1,138,1397,2422,832,38,0
6	None	135	3190	2587	3005	1	1,128,1095,1560,397,9,0
6	None	305	17436	12057	12536	1	1,298,4072,8895,3913,257,0
5	None	155	2699	1319	1465	1	1,149,1122,1229,197,1
6	None	169	6172	2281	2494	1	1,162,1718,3109,1126,56,0
6	None	368	23736	8074	8325	1	1,361,5273,12105,5602,394,0
6	None	199	8030	1462	1573	1	1,192,2151,4055,1546,85,0
5	None	88	1071	545	669	1	1,82,490,443,55,0
5	None	61	488	783	1139	1	1,55,246,171,15,0
6	None	149	4356	3375	3784	1	1,142,1357,2173,661,22,0
6	None	95	1545	1357	1738	1	1,88,612,711,133,0,0
6	None	56	655	601	918	1	1,49,277,281,47,0,0
5	None	98	1156	255	311	1	1,92,542,468,53,0
6	None	113	2876	2269	2647	1	1,106,927,1414,415,13,0
6	None	139	4551	3413	3817	1	1,132,1307,2274,799,38,0
5	None	127	917	529	707	1	1,121,529,266,0,0
6	None	402	16986	4149	4351	1	1,395,4669,8668,3109,144,0
6	None	601	36566	25226	25877	1	1,594,8526,18752,8174,519,0
6	None	295	11891	8737	9274	1	1,288,3276,6035,2185,106,0
6	None	367	15143	11123	11716	1	1,360,4182,7713,2759,128,0
6	None	612	37451	25817	26473	1	1,605,8717,19214,8383,531,0
6	None	129	1707	1598	2097	1	1,122,744,730,110,0,0
5	None	103	679	1185	1673	1	1,97,395,186,0,0
6	None	285	7224	5924	6515	1	1,278,2567,3588,790,0,0
5	None	63	256	465	907	1	1,57,155,43,0,0
6	None	471	23397	8341	8646	1	1,464,6018,12031,4646,237,0
5	None	107	1227	1908	2327	1	1,101,583,489,53,0
6	None	112	2484	404	483	1	1,105,851,1200,318,9,0
6	None	190	6066	4647	5096	1	1,183,1857,3065,933,27,0
6	None	75	680	714	1081	1	1,68,357,254,0,0,0
5	None	179	3388	1641	1793	1	1,173,1372,1571,269,2
6	None	380	25048	16986	17501	1	1,373,5466,12702,6044,461,1
5	None	201	4105	5913	6383	1	1,195,1622,1935,349,3
6	None	105	2146	1762	2163	1	1,98,741,1016,280,10,0
6	None	275	15642	675	704	1	1,268,3619,7947,3562,245,0
6	None	166	5196	3958	4403	1	1,159,1553,2596,852,35,0
5	None	122	1791	892	1031	1	1,116,785,782,107,0
6	None	403	29536	19752	20255	1	1,396,6160,14964,7422,592,1
5	None	44	255	423	743	1	1,38,137,75,4,0
5	None	83	835	437	567	1	1,77,405,320,32,0
5	None	91	1071	1641	2033	1	1,85,494,438,53,0
6	None	229	10432	677	719	1	1,222,2651,5284,2145,129,0
6	None	90	930	956	1345	1	1,83,478,368,0,0,0
6	None	96	1610	1393	1784	1	1,89,617,741,159,3,0
5	None	62	479	777	1135	1	1,56,247,163,12,0
6	None	356	23350	15837	16330	1	1,349,5123,11879,5591,407,0
6	None	87	803	427	621	1	1,80,427,295,0,0,0
6	None	74	1071	949	1301	1	1,67,430,484,89,0,0
5	None	50	276	477	809	1	1,44,159,72,0,0
5	None	43	214	366	689	1	1,37,122,54,0,0
6	None	278	8682	12	13	1	1,271,2717,4354,1298,41,0
6	None	189	4039	1135	1306	1	1,182,1500,1951,405,0,0
6	None	543	32621	7503	7715	1	1,536,7583,16678,7343,480,0
6	None	330	10070	3965	4259	1	1,323,3325,5141,1280,0,0
6	None	466	20314	371	387	1	1,459,5559,10403,3722,170,0
6	None	312	13906	10012	10563	1	1,305,3620,7050,2772,158,0
6	None	575	33060	7672	7887	1	1,568,7926,16968,7164,433,0
6	None	466	25518	8931	9232	1	1,459,6209,13083,5444,322,0
6	None	377	15744	767	809	1	1,370,4266,7980,2973,154,0
6	None	119	969	535	794	1	1,112,535,321,0,0,0
6	None	264	14106	149	156	1	1,257,3364,7177,3106,201,0
6	None	288	16518	5701	5936	1	1,281,3830,8413,3742,251,0
6	None	118	2724	1100	1299	1	1,111,917,1317,366,12,0
6	None	131	3226	2569	2992	1	1,124,1059,1577,451,14,0
6	None	83	1550	1283	1648	1	1,76,545,729,193,6,0
6	None	246	11572	4112	4349	1	1,239,2905,5865,2414,148,0
6	None	183	6320	4733	5181	1	1,176,1810,3166,1113,54,0
6	None	114	2028	1757	2165	1	1,107,782,942,193,3,0
6	None	340	22410	15173	15665	1	1,333,4843,11322,5477,433,1
6	None	245	12494	4385	4609	1	1,238,3032,6343,2706,174,0
5	None	58	375	126	197	1	1,52,205,112,5,0
6	None	200	7796	5723	6169	1	1,193,2144,3954,1435,69,0
6	None	242	11824	8355	8812	1	1,235,2928,6007,2499,154,0
6	None	324	19968	13657	14138	1	1,317,4506,10177,4645,322,0
5	None	30	170	21	41	1	1,24,85,54,6,0
6	None	110	2582	691	818	1	1,103,863,1259,347,9,0
6	None	96	952	503	698	1	1,89,503,359,0,0,0
5	None	88	1058	538	665	1	1,82,483,437,55,0
5	None	53	280	486	841	1	1,47,162,70,0,0
6	None	112	2259	377	457	1	1,105,815,1078,255,5,0
6	None	111	2642	1056	1249	1	1,104,875,1289,362,11,0
5	None	234	3312	563	629	1	1,228,1527,1394,162,0
6	None	182	5054	3961	4447	1	1,175,1608,2500,745,25,0
6	None	126	2686	2205	2641	1	1,119,934,1286,337,9,0
6	None	307	9514	2485	2672	1	1,300,3111,4869,1233,0,0
5	None	171	2336	3573	4075	1	1,165,1077,979,114,0
6	None	84	1020	19	27	1	1,77,441,433,68,0,0
5	None	261	4230	704	769	1	1,255,1869,1862,243,0
5	None	216	3232	1627	1815	1	1,210,1450,1394,177,0
6	None	453	23096	16378	16977	1	1,446,5856,11884,4666,243,0
6	None	469	23910	16966	17569	1	1,462,6063,12286,4840,258,0
5	None	153	1767	2769	3293	1	1,147,854,696,69,0
5	None	137	1019	1761	2309	1	1,131,587,300,0,0
5	None	157	2074	1059	1225	1	1,151,959,863,100,0
6	None	205	8324	6061	6509	1	1,198,2233,4212,1595,85,0
6	None	165	5036	351	391	1	1,158,1525,2508,811,33,0
5	None	131	1937	2904	3323	1	1,125,854,843,114,0
6	None	231	10850	7709	8166	1	1,224,2728,5509,2253,135,0
6	None	124	2898	2344	2745	1	1,117,980,1404,384,12,0
6	None	243	11956	8441	8898	1	1,236,2963,6091,2515,150,0
5	None	132	2149	3171	3589	1	1,126,904,964,153,1
6	None	201	8232	5983	6425	1	1,194,2200,4170,1583,84,0
6	None	177	6660	4904	5331	1	1,170,1837,3360,1230,62,0
6	None	116	2032	1761	2185	1	1,109,784,942,193,3,0
5	None	142	2308	1136	1283	1	1,136,973,1034,163,1
6	None	64	454	83	144	1	1,57,249,147,0,0,0
6	None	400	30124	20060	20571	1	1,393,6143,15168,7754,663,2
6	None	351	21150	14530	15033	1	1,344,4848,10800,4834,323,0
6	None	306	16734	11649	12142	1	1,299,3985,8535,3679,235,0
6	None	346	21816	14873	15372	1	1,339,4865,11101,5143,367,0
6	None	181	6532	4847	5290	1	1,174,1837,3291,1173,56,0
6	None	63	826	733	1074	1	1,56,330,365,73,1,0
5	None	27	89	153	421	1	1,21,51,16,0,0
6	None	102	2290	616	741	1	1,95,772,1110,304,8,0
6	None	83	1761	49	61	1	1,76,592,848,237,7,0
5	None	167	1902	1003	1181	1	1,161,935,737,68,0
5	None	341	6089	9024	9647	1	1,335,2634,2745,374,0
6	None	482	28469	19693	20280	1	1,475,6681,14579,6331,402,0
5	None	146	1611	2553	3055	1	1,140,795,619,56,0
6	None	182	5552	4265	4734	1	1,175,1691,2767,883,35,0
5	None	147	1644	2589	3107	1	1,141,800,639,63,0
6	None	369	16514	11948	12521	1	1,362,4394,8440,3160,157,0
5	None	205	3169	366	407	1	1,199,1406,1383,180,0
5	None	256	4128	6177	6773	1	1,250,1818,1818,241,0
5	None	215	3200	1611	1801	1	1,209,1435,1379,176,0
6	None	243	5986	987	1094	1	1,236,2149,2963,637,0,0
6	None	144	4728	3557	3959	1	1,137,1372,2368,813,37,0
5	None	113	1482	2256	2665	1	1,107,674,622,78,0
6	None	128	3380	2646	3055	1	1,121,1065,1656,516,21,0
5	None	81	949	63	79	1	1,75,435,390,48,0
6	None	125	3034	187	218	1	1,118,1011,1483,409,12,0
6	None	425	32392	21563	22072	1	1,418,6622,16355,8299,695,2
6	None	197	8016	5825	6268	1	1,190,2137,4053,1551,84,0
5	None	173	3034	4452	4915	1	1,167,1267,1381,217,1
6	None	368	25798	17342	17833	1	1,361,5472,13074,6388,501,1
6	None	286	16050	5557	5794	1	1,279,3757,8175,3600,238,0
6	None	232	10080	7279	7735	1	1,225,2664,5140,1951,99,0
6	None	109	3087	1181	1369	1	1,102,926,1525,510,23,0
6	None	36	234	236	519	1	1,29,114,82,8,0,0
5	None	37	188	312	613	1	1,31,101,52,3,0
5	None	107	1410	2142	2537	1	1,101,639,594,75,0
5	None	46	280	462	787	1	1,40,150,85,4,0
6	None	389	11869	9395	10018	1	1,382,3960,6051,1475,0,0
5	None	230	3505	1059	1171	1	1,224,1579,1515,186,0
6	None	164	2951	861	1030	1	1,157,1163,1373,257,0,0
6	None	247	9099	6786	7291	1	1,240,2605,4610,1576,67,0
6	None	375	15788	11563	12155	1	1,368,4343,8070,2877,129,0
6	None	226	7284	199	217	1	1,219,2199,3643,1174,48,0
6	None	579	34276	23775	24398	1	1,572,8169,17663,7437,434,0
6	None	255	12216	8667	9142	1	1,248,3065,6215,2537,150,0
5	None	42	183	318	649	1	1,36,105,40,1,0
5	None	94	1106	1698	2095	1	1,88,511,451,55,0
6	None	274	15350	10627	11090	1	1,267,3588,7813,3451,230,0
5	None	98	991	524	663	1	1,92,491,374,33,0
5	None	90	1049	1611	1999	1	1,84,486,427,51,0
5	None	102	1307	1989	2383	1	1,96,595,547,68,0
6	None	154	4668	3575	4001	1	1,147,1404,2314,767,35,0
5	None	81	867	1344	1723	1	1,75,409,343,39,0
5	None	174	3194	517	569	1	1,168,1300,1472,251,2
5	None	29	95	54	149	1	1,23,54,17,0,0
6	None	240	10104	7333	7813	1	1,233,2694,5126,1945,105,0
5	None	95	1152	1761	2155	1	1,89,528,475,59,0
6	None	168	6792	1230	1333	1	1,161,1787,3419,1346,78,0
5	None	116	1726	2571	2983	1	1,110,737,757,120,1
6	None	114	2952	2311	2700	1	1,107,935,1453,441,15,0
6	None	575	38078	8643	8845	1	1,568,8532,19516,8865,596,0
6	None	291	11328	4187	4459	1	1,284,3163,5733,2048,99,0
6	None	276	3759	949	1107	1	1,269,1898,1591,0,0,0
6	None	534	29291	10261	10584	1	1,527,7138,15007,6246,372,0
5	None	133	1461	767	931	1	1,127,711,566,56,0
6	None	397	18839	13508	14083	1	1,390,4911,9666,3686,185,0
6	None	491	18225	2309	2417	1	1,484,5629,9515,2596,0,0
6	None	295	12053	8833	9368	1	1,288,3298,6117,2237,112,0
6	None	285	11880	8674	9191	1	1,278,3230,6050,2214,107,0
5	None	320	5600	8313	8933	1	1,314,2430,2514,341,0
6	None	270	8862	6791	7337	1	1,263,2708,4470,1375,45,0
6	None	523	29036	20323	20941	1	1,516,7084,14926,6155,354,0
6	None	155	2820	2411	2946	1	1,148,1051,1303,309,8,0
6	None	331	21738	14723	15210	1	1,324,4706,10987,5301,418,1
6	None	117	2596	2113	2518	1	1,110,889,1251,335,10,0
6	None	154	4476	3453	3895	1	1,147,1376,2224,701,27,0
6	None	312	17156	11936	12429	1	1,305,4073,8742,3790,245,0
6	None	153	3748	48	55	1	1,146,1269,1834,486,12,0
6	None	44	252	139	296	1	1,37,139,75,0,0,0
6	None	450	32544	21821	22350	1	1,443,6895,16575,8031,599,0
5	None	45	249	417	745	1	1,39,136,70,3,0
5	None	121	1691	850	989	1	1,115,756,725,94,0
5	None	36	196	321	613	1	1,30,104,58,3,0
5	None	65	535	287	407	1	1,59,272,188,15,0
6	None	96	2028	1653	2026	1	1,89,697,975,259,7,0
6	None	43	345	342	637	1	1,36,164,130,14,0,0
5	None	108	960	519	679	1	1,102,492,338,27,0
6	None	360	17819	12651	13199	1	1,353,4504,9114,3643,204,0
5	None	218	3374	5073	5621	1	1,212,1502,1470,189,0
6	None	300	9786	1072	1157	1	1,293,2972,4898,1560,62,0
6	None	549	32768	22651	23285	1	1,542,7692,16814,7267,452,0
5	None	44	209	354	697	1	1,38,116,52,2,0
6	None	271	9600	328	353	1	1,264,2789,4837,1638,71,0
6	None	457	25856	17999	18585	1	1,450,6192,13258,5615,340,0
6	None	138	2112	962	1201	1	1,131,889,945,146,0,0
6	None	157	4852	1853	2067	1	1,150,1459,2421,788,33,0
6	None	385	27320	9171	9421	1	1,378,5774,13849,6784,533,1
5	None	146	2121	3195	3647	1	1,140,947,915,118,0
6	None	260	12648	8945	9429	1	1,253,3140,6426,2665,163,0
5	None	124	1650	836	981	1	1,118,751,695,85,0
6	None	72	1116	963	1310	1	1,65,423,507,117,3,0
6	None	227	10362	2467	2618	1	1,220,2642,5257,2117,125,0
5	None	139	2328	1141	1283	1	1,133,972,1052,169,1
6	None	122	2548	1061	1265	1	1,115,917,1221,288,6,0
5	None	56	452	723	1057	1	1,50,227,160,14,0
6	None	261	11876	8519	8997	1	1,254,3084,6062,2351,124,0
6	None	101	2094	1714	2101	1	1,94,719,994,276,10,0
5	None	99	1115	578	713	1	1,93,530,443,48,0
6	None	214	7492	5647	6107	1	1,207,2216,3816,1215,37,0
5	None	132	2150	3174	3589	1	1,126,905,964,153,1
6	None	88	1464	1268	1639	1	1,81,568,682,132,0,0
6	None	153	5526	4083	4487	1	1,146,1533,2778,1017,51,0
6	None	60	657	11	17	1	1,53,288,275,40,0,0
6	None	126	3656	2807	3200	1	1,119,1111,1817,585,23,0
5	None	63	523	834	1195	1	1,57,260,187,18,0
5	None	80	871	1344	1721	1	1,74,408,348,40,0
5	None	50	271	155	269	1	1,44,155,71,0,0
6	None	465	21851	7864	8177	1	1,458,5756,11213,4216,207,0
5	None	42	150	264	619	1	1,36,88,25,0,0
6	None	454	18748	13879	14492	1	1,447,5342,9651,3195,112,0
5	None	97	574	1014	1517	1	1,91,338,144,0,0
6	None	586	32255	22633	23292	1	1,579,7931,16591,6771,382,0
6	None	244	8106	6178	6695	1	1,237,2438,4078,1302,50,0
5	None	132	1123	1860	2401	1	1,126,594,376,26,0
6	None	458	23662	16747	17342	1	1,451,5970,12181,4807,252,0
6	None	74	899	416	601	1	1,67,386,385,60,0,0
6	None	218	6557	1699	1866	1	1,211,2063,3281,971,30,0
6	None	373	15600	3809	4009	1	1,366,4280,7952,2867,134,0
6	None	115	3070	63	73	1	1,108,961,1509,472,19,0
6	None	306	18290	12549	13031	1	1,299,4157,9302,4235,296,0
6	None	200	7374	1823	1975	1	1,193,2075,3724,1319,62,0
6	None	151	4798	3638	4055	1	1,144,1418,2398,802,35,0
6	None	92	888	467	666	1	1,85,467,335,0,0,0
5	None	137	2203	3258	3689	1	1,131,932,984,154,1
6	None	260	12854	9074	9547	1	1,253,3179,6540,2716,165,0
5	None	111	1355	2088	2503	1	1,105,633,553,63,0
6	None	224	10752	7606	8053	1	1,217,2666,5452,2274,142,0
6	None	130	3446	2710	3111	1	1,123,1108,1706,494,14,0
5	None	94	1096	561	695	1	1,88,508,446,53,0
5	None	61	395	663	1033	1	1,55,216,118,5,0
6	None	48	286	53	107	1	1,41,159,85,0,0,0
6	None	217	9956	7097	7540	1	1,210,2520,5043,2057,125,0
5	None	87	948	1473	1859	1	1,81,449,375,42,0
6	None	89	1628	1379	1742	1	1,82,609,775,161,0,0
6	None	97	2217	883	1072	1	1,90,726,1075,314,11,0
5	None	49	365	582	907	1	1,43,183,127,11,0
6	None	106	2334	1897	2280	1	1,99,797,1125,303,9,0
5	None	66	608	957	1313	1	1,60,296,228,23,0
6	None	54	546	257	420	1	1,47,239,223,36,0,0
6	None	138	4212	1611	1807	1	1,131,1275,2109,672,24,0
6	None	99	948	249	356	1	1,92,498,357,0,0,0
5	None	109	719	1239	1777	1	1,103,405,202,8,0
6	None	335	14040	3413	3608	1	1,328,3786,7119,2667,139,0
6	None	307	10792	8173	8741	1	1,300,3213,5468,1747,63,0
6	None	197	5520	4311	4831	1	1,190,1732,2716,847,34,0
6	None	215	6175	604	669	1	1,208,1961,3065,910,30,0
6	None	171	5088	3930	4381	1	1,164,1571,2534,788,30,0
5	None	141	2292	3384	3823	1	1,135,966,1027,162,1
6	None	279	14100	9940	10417	1	1,272,3491,7206,2958,172,0
6	None	90	1492	1287	1669	1	1,83,568,686,151,3,0
6	None	302	17176	848	883	1	1,295,3997,8745,3878,260,0
6	None	124	3320	370	427	1	1,117,1039,1630,512,21,0
6	None	239	11520	8147	8613	1	1,232,2854,5842,2439,152,0
6	None	118	3480	883	1012	1	1,111,1034,1727,581,26,0
6	None	104	2697	191	225	1	1,97,844,1326,413,16,0
5	None	92	1128	574	701	1	1,86,515,467,59,0
6	None	90	1521	1311	1688	1	1,83,585,711,141,0,0
5	None	55	452	720	1049	1	1,49,224,162,16,0
6	None	129	4206	3151	3539	1	1,122,1204,2100,743,36,0
5	None	48	342	552	871	1	1,42,175,115,9,0
6	None	405	20385	14459	15032	1	1,398,5150,10449,4159,228,0
6	None	598	38334	13111	13431	1	1,591,8690,19615,8842,595,0
6	None	376	17050	12318	12887	1	1,369,4534,8742,3250,154,0
6	None	509	23983	8641	8963	1	1,502,6330,12297,4622,231,0
6	None	312	13224	4813	5085	1	1,305,3545,6701,2536,136,0
6	None	183	4722	1258	1421	1	1,176,1567,2320,640,18,0
6	None	259	6718	5462	6017	1	1,252,2347,3350,768,0,0
5	None	199	2703	4149	4705	1	1,193,1254,1126,129,0
5	None	260	4000	403	443	1	1,254,1800,1730,215,0
6	None	337	14640	10635	11192	1	1,330,3936,7475,2763,135,0
6	None	493	22449	5425	5641	1	1,486,6029,11516,4217,200,0
5	None	241	3489	1772	1973	1	1,235,1594,1481,178,0
5	None	64	548	879	1225	1	1,58,277,196,16,0
6	None	214	10172	3597	3820	1	1,207,2514,5145,2166,139,0
5	None	70	522	858	1247	1	1,64,275,171,11,0
6	None	178	5590	4279	4722	1	1,171,1689,2791,901,37,0
6	None	393	29164	9731	9983	1	1,386,5997,14701,7448,629,2
6	None	84	1452	1225	1598	1	1,77,526,669,173,6,0
6	None	153	3988	790	901	1	1,146,1296,1957,568,20,0
6	None	311	17592	277	288	1	1,304,4131,8975,3926,255,0
6	None	124	2814	2297	2698	1	1,117,973,1363,351,9,0
5	None	115	1466	2238	2665	1	1,109,670,610,76,0
6	None	360	24570	16567	17064	1	1,353,5246,12421,6065,483,1
6	None	119	3504	2675	3057	1	1,112,1048,1738,579,26,0
6	None	273	13702	9670	10139	1	1,266,3399,6996,2872,168,0
6	None	68	964	854	1193	1	1,61,388,436,78,0,0
5	None	107	1580	2352	2747	1	1,101,673,693,111,1
5	None	52	281	483	835	1	1,46,161,73,0,0
6	None	37	229	40	87	1	1,30,117,75,6,0,0
5	None	78	872	1341	1705	1	1,72,405,352,42,0
5	None	86	579	999	1427	1	1,80,333,165,0,0
5	None	156	1790	2811	3341	1	1,150,868,702,69,0
6	None	42	208	115	277	1	1,35,115,57,0,0,0
6	None	124	1818	1651	2125	1	1,117,759,808,133,0,0
6	None	452	23661	16691	17287	1	1,445,5897,12152,4897,269,0
6	None	373	16185	1687	1767	1	1,366,4417,8290,2975,136,0
5	None	47	286	471	803	1	1,41,152,87,5,0
6	None	220	7740	5807	6292	1	1,213,2237,3897,1333,59,0
6	None	452	22648	8055	8353	1	1,445,5775,11625,4560,242,0
6	None	252	8893	6683	7211	1	1,245,2587,4488,1509,63,0
5	None	70	588	948	1319	1	1,64,300,207,16,0
6	None	217	9170	6630	7091	1	1,210,2417,4648,1796,98,0
6	None	286	14822	10403	10887	1	1,279,3618,7564,3167,193,0
5	None	137	2250	663	749	1	1,131,944,1012,161,1
6	None	225	10096	7229	7686	1	1,218,2594,5125,2041,117,0
6	None	205	7772	5733	6193	1	1,198,2157,3928,1419,69,0
6	None	215	7988	5929	6395	1	1,208,2250,4032,1429,68,0
6	None	93	1742	27	34	1	1,86,626,817,206,6,0
6	None	151	4276	3331	3756	1	1,144,1351,2133,629,18,0
6	None	404	31772	10523	10776	1	1,397,6336,15947,8344,744,3
5	None	182	3392	4938	5407	1	1,176,1380,1567,266,2
5	None	68	462	789	1153	1	1,62,263,136,0,0
5	None	192	1904	1037	1243	1	1,186,994,680,43,0
6	None	455	15840	12137	12821	1	1,448,4875,8064,2387,65,0
5	None	1853	70652	3102	3131	1	1,1847,23424,36624,8630,126
6	None	110	2913	2266	2647	1	1,103,910,1436,446,17,0
5	None	79	826	1281	1663	1	1,73,387,325,40,0
6	None	202	4572	3816	4325	1	1,195,1668,2228,480,0,0
6	None	318	12776	3138	3323	1	1,311,3560,6508,2294,102,0
5	None	113	1119	595	751	1	1,107,557,416,38,0
6	None	522	29952	6951	7153	1	1,515,7210,15424,6433,369,0
6	None	307	9203	1211	1306	1	1,300,3053,4689,1160,0,0
6	None	326	13764	10036	10597	1	1,319,3721,6998,2594,131,0
6	None	373	15452	3785	3981	1	1,366,4281,7886,2793,125,0
6	None	414	19799	14187	14768	1	1,407,5154,10165,3879,193,0
6	None	237	8064	6077	6611	1	1,230,2342,4032,1393,66,0
5	None	168	2540	762	859	1	1,162,1123,1107,147,0
6	None	396	21051	14791	15340	1	1,389,5173,10783,4445,260,0
6	None	433	24114	8404	8695	1	1,426,5779,12333,5250,325,0
6	None	455	26851	18567	19138	1	1,448,6302,13763,5963,374,0
6	None	412	19618	7031	7322	1	1,405,5089,10031,3884,208,0
6	None	382	25772	3483	3586	1	1,375,5551,13049,6303,492,1
6	None	396	27492	18516	19027	1	1,389,5866,13932,6774,529,1
5	None	99	1097	1710	2119	1	1,93,525,433,45,0
6	None	194	8108	5869	6298	1	1,187,2144,4109,1581,86,0
5	None	42	174	318	631	1	1,36,106,31,0,0
6	None	71	594	90	143	1	1,64,315,214,0,0,0
6	None	172	5784	2171	2394	1	1,165,1667,2895,1008,48,0
6	None	261	12648	8969	9440	1	1,254,3179,6453,2611,150,0
5	None	166	2965	4338	4793	1	1,160,1217,1356,229,2
5	None	114	1600	802	937	1	1,108,711,689,91,0
6	None	278	15568	5390	5623	1	1,271,3638,7919,3504,235,0
6	None	175	5958	4486	4913	1	1,168,1740,3000,1006,43,0
6	None	170	5216	3995	4443	1	1,163,1572,2592,851,37,0
5	None	44	233	129	241	1	1,38,125,65,4,0
6	None	52	360	195	358	1	1,45,195,119,0,0,0
6	None	68	1010	871	1219	1	1,61,382,456,107,3,0
6	None	262	12588	172	181	1	1,255,3179,6419,2586,148,0
6	None	182	6254	4690	5137	1	1,175,1800,3136,1090,52,0
6	None	76	708	736	1107	1	1,69,368,270,0,0,0
5	None	55	398	645	991	1	1,49,205,133,10,0
5	None	86	912	1419	1813	1	1,80,435,358,38,0
5	None	43	241	57	103	1	1,37,129,70,4,0
6	None	383	25250	17129	17637	1	1,376,5555,12868,6019,431,0
5	None	119	1514	771	917	1	1,113,695,629,76,0
6	None	229	11416	8033	8475	1	1,222,2797,5806,2439,151,0
6	None	317	16916	11827	12334	1	1,310,4081,8631,3665,228,0
6	None	118	3130	2444	2835	1	1,111,986,1542,472,18,0
6	None	110	1918	1661	2071	1	1,103,738,888,185,3,0
6	None	132	4212	791	892	1	1,125,1213,2099,738,36,0
6	None	147	5721	4156	4551	1	1,140,1514,2872,1128,66,0
6	None	46	318	161	324	1	1,39,155,111,12,0,0
6	None	538	31777	22027	22632	1	1,531,7543,16347,6941,414,0
6	None	555	34999	12006	12307	1	1,548,8042,17973,7928,507,0
5	None	192	2528	3897	4453	1	1,186,1182,1042,117,0
6	None	414	24979	17177	17731	1	1,407,5738,12750,5701,382,0
6	None	116	984	541	785	1	1,109,541,333,0,0,0
5	None	213	3110	4728	5273	1	1,207,1417,1326,159,0
5	None	244	4353	6402	6953	1	1,238,1845,1980,289,0
5	None	208	3401	5058	5585	1	1,202,1478,1512,208,0
6	None	415	16444	6125	6427	1	1,408,4747,8437,2756,95,0
6	None	238	6815	2687	2952	1	1,231,2209,3389,956,29,0
6	None	151	4210	1639	1857	1	1,144,1313,2073,652,27,0
5	None	35	137	240	539	1	1,29,80,27,0,0
6	None	179	5836	2213	2436	1	1,172,1726,2921,974,42,0
5	None	57	346	594	941	1	1,51,198,96,0,0
5	None	176	3241	225	247	1	1,170,1321,1493,254,2
5	None	124	1627	2478	2917	1	1,118,741,682,85,0
5	None	181	3301	4824	5291	1	1,175,1355,1515,253,2
6	None	497	40060	13254	13523	1	1,490,8006,20189,10466,905,3
6	None	136	4248	3218	3619	1	1,129,1249,2116,720,33,0
6	None	177	6072	4549	4992	1	1,170,1740,3039,1069,53,0
5	None	58	424	231	347	1	1,52,222,140,9,0
6	None	242	12028	223	235	1	1,235,2955,6113,2564,160,0
6	None	175	5822	4395	4834	1	1,168,1707,2923,981,42,0
6	None	254	13434	9373	9831	1	1,247,3208,6828,2957,193,0
5	None	36	141	240	557	1	1,30,79,30,1,0
6	None	382	27978	9349	9599	1	1,375,5777,14097,7124,602,2
6	None	161	5772	4279	4693	1	1,154,1619,2908,1041,49,0
6	None	112	2298	951	1154	1	1,105,815,1099,272,6,0
5	None	150	2221	3336	3793	1	1,144,985,964,127,0
5	None	76	550	933	1313	1	1,70,311,168,0,0
6	None	349	20382	14084	14579	1	1,342,4774,10446,4536,283,0
5	None	213	4312	6222	6721	1	1,207,1703,2026,371,4
6	None	105	3036	2313	2675	1	1,98,900,1500,513,24,0
5	None	72	686	1074	1451	1	1,66,331,261,27,0
6	None	94	2241	885	1066	1	1,87,721,1093,328,11,0
6	None	121	1986	883	1098	1	1,114,804,909,158,0,0
5	None	108	1081	1716	2173	1	1,102,533,406,39,0
6	None	138	3072	2511	2959	1	1,131,1064,1484,383,9,0
6	None	322	13297	2438	2575	1	1,315,3661,6777,2430,113,0
6	None	432	15027	11572	12191	1	1,425,4765,7794,2042,0,0
6	None	226	9704	7001	7469	1	1,219,2543,4920,1915,106,0
6	None	246	11092	2654	2809	1	1,239,2879,5648,2204,121,0
6	None	368	26720	17863	18365	1	1,361,5512,13442,6819,583,2
5	None	133	1896	2856	3293	1	1,127,845,816,107,0
6	None	70	560	303	485	1	1,63,303,193,0,0,0
6	None	110	2076	875	1081	1	1,103,757,973,236,6,0
5	None	101	1047	1653	2077	1	1,95,512,400,39,0
5	None	110	1447	731	869	1	1,104,653,611,78,0
5	None	63	472	259	377	1	1,57,250,155,9,0
6	None	147	4300	475	534	1	1,140,1335,2147,655,22,0
6	None	290	15614	5445	5686	1	1,283,3742,7969,3406,213,0
6	None	177	5338	4117	4570	1	1,170,1640,2657,837,33,0
5	None	246	5974	8448	8941	1	1,240,2211,2908,605,9
6	None	228	10160	7284	7747	1	1,221,2619,5156,2046,117,0
6	None	192	6960	5167	5620	1	1,185,1953,3497,1261,63,0
5	None	57	411	222	341	1	1,51,210,137,12,0
6	None	306	17032	11832	12313	1	1,299,4034,8692,3764,242,0
5	None	59	319	549	937	1	1,53,180,82,3,0
5	None	81	832	1293	1687	1	1,75,395,325,36,0
5	None	36	142	243	557	1	1,30,81,30,0,0
6	None	325	15465	11025	11566	1	1,318,3938,7879,3149,180,0
6	None	511	31339	21553	22157	1	1,504,7221,16034,7111,468,0
5	None	114	977	1605	2099	1	1,108,514,333,21,0
6	None	153	3476	1423	1654	1	1,146,1207,1679,432,11,0
6	None	198	5566	141	157	1	1,191,1780,2756,811,27,0
6	None	342	14162	10385	10957	1	1,335,3902,7226,2581,117,0
6	None	390	19086	13619	14171	1	1,383,4919,9810,3781,192,0
5	None	42	162	285	629	1	1,36,95,30,0,0
6	None	457	22646	16138	16749	1	1,450,5814,11640,4510,231,0
6	None	121	2706	551	653	1	1,114,928,1305,348,10,0
5	None	116	1838	2712	3113	1	1,110,770,822,134,1
6	None	208	9068	6511	6960	1	1,201,2342,4591,1827,106,0
5	None	64	479	789	1147	1	1,58,255,157,8,0
6	None	98	1962	813	1001	1	1,91,695,933,236,6,0
6	None	287	14440	10195	10678	1	1,280,3603,7403,2989,164,0
6	None	302	15538	10941	11428	1	1,295,3847,7965,3247,183,0
6	None	320	18486	12768	13259	1	1,313,4308,9442,4152,270,0
6	None	111	2990	1157	1349	1	1,104,919,1469,476,21,0
6	None	246	10306	7501	7975	1	1,239,2776,5244,1949,97,0
6	None	189	5654	2199	2426	1	1,182,1790,2841,818,22,0
6	None	227	9254	233	249	1	1,220,2514,4706,1729,84,0
6	None	341	20484	14075	14571	1	1,334,4698,10460,4679,312,0
6	None	441	32804	21913	22431	1	1,434,6821,16628,8261,658,1
5	None	164	2537	1263	1421	1	1,158,1113,1115,150,0
6	None	312	16796	11735	12228	1	1,305,4061,8601,3613,215,0
6	None	247	11466	8188	8649	1	1,240,2936,5844,2316,129,0
6	None	237	10892	7782	8237	1	1,230,2787,5542,2208,124,0
6	None	470	39120	3221	3286	1	1,463,7678,19675,10382,918,3
6	None	425	31494	21039	21557	1	1,418,6508,15894,8003,668,2
6	None	392	24584	16816	17329	1	1,385,5568,12568,5680,382,0
6	None	84	1404	1209	1571	1	1,77,537,654,135,0,0
5	None	48	261	447	779	1	1,42,149,69,0,0
6	None	120	3672	99	113	1	1,113,1071,1827,630,30,0
6	None	26	61	10	49	1	1,19,35,6,0,0,0
5	None	160	2146	3291	3773	1	1,154,994,894,103,0
5	None	58	337	573	947	1	1,52,187,93,4,0
5	None	176	2491	3780	4297	1	1,170,1129,1060,131,0
6	None	323	13201	9689	10248	1	1,316,3624,6697,2441,122,0
6	None	207	5083	2076	2333	1	1,200,1789,2519,574,0,0
5	None	117	1179	209	261	1	1,111,588,440,39,0
6	None	272	13740	1075	1128	1	1,265,3376,6995,2923,180,0
6	None	118	2752	1110	1307	1	1,111,925,1333,370,12,0
6	None	122	2692	2195	2613	1	1,115,925,1296,345,10,0
5	None	110	1352	2073	2497	1	1,104,624,556,67,0
6	None	195	6754	5086	5535	1	1,188,1996,3442,1094,33,0
5	None	160	2903	4233	4679	1	1,154,1182,1335,229,2
6	None	321	18302	2533	2632	1	1,314,4284,9339,4097,267,0
5	None	205	4000	387	419	1	1,199,1610,1862,325,3
5	None	51	237	141	259	1	1,45,141,50,0,0
6	None	307	18460	6329	6568	1	1,300,4190,9393,4278,298,0
6	None	333	18882	13095	13589	1	1,326,4456,9650,4183,266,0
6	None	286	13530	9649	10143	1	1,279,3446,6888,2757,159,0
6	None	448	37010	24391	24910	1	1,441,7238,18549,9875,902,4
5	None	145	2156	3231	3683	1	1,139,953,939,124,0
6	None	251	12240	2883	3041	1	1,244,3030,6216,2589,160,0
6	None	59	726	329	492	1	1,52,302,317,54,0,0
6	None	218	5918	4711	5230	1	1,211,1956,2929,799,22,0
6	None	333	14199	10364	10909	1	1,326,3872,7258,2620,122,0
6	None	291	9897	3779	4049	1	1,284,3007,5011,1544,50,0
6	None	507	30236	2987	3071	1	1,500,7105,15512,6699,419,0
6	None	379	16177	11790	12403	1	1,372,4362,8216,3066,160,0
6	None	463	36244	24043	24570	1	1,456,7378,18381,9287,741,0
5	None	72	695	1092	1457	1	1,66,338,264,26,0
5	None	45	283	465	781	1	1,39,149,88,6,0
6	None	170	5068	1961	2181	1	1,163,1581,2541,760,22,0
6	None	94	962	32	45	1	1,87,496,378,0,0,0
6	None	233	10346	7430	7893	1	1,226,2683,5258,2064,114,0
5	None	77	544	909	1327	1	1,71,295,169,8,0
6	None	74	1358	560	733	1	1,67,473,637,174,6,0
6	None	243	10158	2465	2623	1	1,236,2744,5178,1907,92,0
5	None	133	2041	132	151	1	1,127,874,900,138,1
6	None	157	4192	3314	3753	1	1,150,1361,2070,592,18,0
6	None	460	36486	1727	1764	1	1,453,7351,18427,9456,796,2
6	None	176	5190	4021	4479	1	1,169,1617,2590,787,26,0
6	None	134	2702	2281	2713	1	1,127,998,1286,285,5,0
6	None	266	14102	9851	10311	1	1,259,3390,7188,3071,193,0
6	None	345	23280	15715	16206	1	1,338,4992,11775,5721,452,1
6	None	250	11898	4227	4460	1	1,243,3000,6057,2454,143,0
5	None	22	64	111	349	1	1,16,37,10,0,0
5	None	36	146	255	557	1	1,30,85,30,0,0
6	None	512	32029	21962	22561	1	1,505,7315,16388,7332,488,0
6	None	26	51	62	337	1	1,19,31,0,0,0,0
5	None	80	480	165	257	1	1,74,270,130,5,0
6	None	244	9192	1137	1220	1	1,237,2597,4655,1628,74,0
6	None	246	9088	6763	7275	1	1,239,2580,4592,1603,73,0
6	None	319	10270	7984	8547	1	1,312,3307,5280,1370,0,0
6	None	268	9704	7279	7803	1	1,261,2813,4906,1653,70,0
6	None	553	28566	20278	20919	1	1,546,7282,14734,5714,289,0
6	None	164	5128	3913	4345	1	1,157,1534,2554,845,37,0
6	None	203	7064	5311	5770	1	1,196,2058,3565,1195,49,0
6	None	209	7890	449	484	1	1,202,2207,3989,1423,68,0
5	None	57	296	522	889	1	1,51,174,70,0,0
6	None	144	4678	235	262	1	1,137,1361,2339,803,37,0
6	None	322	16804	11795	12308	1	1,315,4093,8561,3609,225,0
6	None	464	37230	24639	25165	1	1,457,7392,18674,9815,887,4
5	None	100	1088	1701	2117	1	1,94,524,426,43,0
6	None	247	11964	89	94	1	1,240,2952,6057,2551,163,0
6	None	265	12150	2899	3061	1	1,258,3121,6174,2455,141,0
6	None	201	8510	6140	6583	1	1,194,2223,4300,1694,98,0
6	None	85	800	838	1229	1	1,78,419,302,0,0,0
5	None	94	892	159	205	1	1,88,450,326,27,0
6	None	370	20506	7154	7411	1	1,363,4951,10525,4406,260,0
6	None	451	33700	4499	4605	1	1,444,6988,17076,8509,681,1
6	None	210	7418	5577	6034	1	1,203,2183,3783,1211,37,0
6	None	175	4864	3823	4285	1	1,168,1568,2422,687,18,0
6	None	310	16052	11289	11783	1	1,303,3942,8196,3405,205,0
6	None	315	17630	12236	12723	1	1,308,4145,8964,3946,266,0
6	None	220	7906	1977	2131	1	1,213,2309,4024,1313,46,0
6	None	354	25296	16937	17437	1	1,347,5241,12720,6435,550,2
6	None	357	21428	14737	15239	1	1,350,4917,10922,4903,335,0
6	None	362	21188	14633	15143	1	1,355,4934,10820,4765,313,0
6	None	86	1457	1253	1619	1	1,79,558,682,137,0,0
6	None	349	15951	3828	4013	1	1,342,4190,8156,3104,158,0
6	None	590	37267	12793	13099	1	1,583,8604,19181,8378,520,0
6	None	430	19961	14389	14991	1	1,423,5281,10244,3827,185,0
6	None	277	10473	7798	8319	1	1,270,2989,5314,1820,79,0
6	None	312	9477	1494	1607	1	1,305,3137,4838,1196,0,0
6	None	132	2074	933	1166	1	1,125,853,935,160,0,0
6	None	405	19601	2802	2917	1	1,398,5069,10064,3872,197,0
5	None	99	861	1401	1853	1	1,93,446,300,21,0
5	None	74	399	702	1145	1	1,68,234,96,0,0
6	None	60	426	468	815	1	1,53,234,138,0,0,0
5	None	143	2028	3069	3515	1	1,137,915,867,108,0
5	None	97	1214	1851	2239	1	1,91,553,505,64,0
6	None	291	16628	11487	11959	1	1,284,3865,8470,3757,251,0
5	None	114	1681	2505	2917	1	1,108,720,736,115,1
6	None	255	12016	8547	9026	1	1,248,3032,6105,2483,147,0
5	None	124	1586	2427	2869	1	1,118,730,658,79,0
6	None	302	18078	12404	12877	1	1,295,4112,9200,4180,290,0
6	None	347	20644	14212	14711	1	1,340,4757,10532,4698,316,0
6	None	102	2206	1797	2174	1	1,95,755,1059,287,9,0
6	None	249	11976	8499	8957	1	1,242,3014,6106,2471,142,0
6	None	163	5562	4166	4591	1	1,156,1602,2798,962,43,0
6	None	199	7874	5766	6205	1	1,192,2152,3996,1462,71,0
6	None	350	21370	14645	15147	1	1,343,4842,10876,4961,347,0
5	None	224	4798	6879	7375	1	1,218,1859,2281,434,5
6	None	274	15684	10802	11285	1	1,267,3560,7898,3672,285,1
6	None	212	8666	3153	3380	1	1,205,2316,4377,1674,93,0
6	None	333	19802	3399	3529	1	1,326,4465,9997,4656,356,1
6	None	431	24687	3427	3541	1	1,424,5856,12648,5423,335,0
6	None	150	2904	2444	2957	1	1,143,1056,1364,332,8,0
6	None	165	2895	2571	3067	1	1,158,1175,1340,221,0,0
5	None	170	2460	3717	4217	1	1,164,1105,1056,134,0
6	None	376	18682	6631	6910	1	1,369,4717,9551,3828,216,0
6	None	460	26416	18349	18931	1	1,453,6288,13548,5773,353,0
6	None	121	2294	1943	2375	1	1,114,847,1078,249,5,0
5	None	171	2076	361	419	1	1,165,1003,827,80,0
6	None	132	2966	1214	1425	1	1,125,1033,1437,362,8,0
6	None	53	419	21	38	1	1,46,201,153,18,0,0
6	None	316	12379	9172	9725	1	1,309,3501,6308,2170,90,0
6	None	110	2462	992	1193	1	1,103,823,1185,338,12,0
6	None	338	19196	13303	13810	1	1,331,4518,9805,4267,274,0
5	None	64	402	230	353	1	1,58,230,113,0,0
6	None	450	35672	11814	12077	1	1,443,7128,17933,9342,822,3
6	None	167	5852	4361	4789	1	1,160,1664,2946,1033,48,0
6	None	207	9782	6927	7361	1	1,200,2431,4956,2065,129,0
6	None	408	28868	19397	19913	1	1,401,6120,14640,7147,558,1
6	None	71	1054	917	1266	1	1,64,404,473,109,3,0
6	None	311	18818	12888	13379	1	1,304,4222,9520,4434,336,1
6	None	216	9636	2299	2450	1	1,209,2467,4879,1963,117,0
6	None	217	9182	3320	3549	1	1,210,2422,4655,1796,98,0
6	None	311	17556	3041	3163	1	1,304,4123,8955,3918,255,0
6	None	130	3502	2731	3141	1	1,123,1094,1718,543,23,0
6	None	316	18544	6381	6628	1	1,309,4251,9427,4260,296,0
6	None	68	818	745	1109	1	1,61,340,350,65,1,0
6	None	82	1248	1089	1465	1	1,75,482,562,125,3,0
5	None	200	4178	2000	2157	1	1,194,1631,1979,369,4
6	None	153	4412	3425	3849	1	1,146,1380,2198,665,22,0
6	None	330	19934	13681	14168	1	1,323,4557,10181,4567,305,0
6	None	409	30840	20544	21053	1	1,402,6308,15552,7908,667,2
6	None	252	12290	1739	1832	1	1,245,3062,6259,2571,152,0
5	None	103	850	477	617	1	1,97,477,275,0,0
6	None	396	27930	9385	9639	1	1,389,5911,14139,6938,551,1
5	None	155	2737	4002	4451	1	1,149,1119,1251,215,2
5	None	123	1549	793	939	1	1,117,718,638,75,0
6	None	19	53	56	279	1	1,12,28,12,0,0,0
6	None	99	2476	485	577	1	1,92,784,1213,372,14,0
6	None	108	2379	646	775	1	1,101,829,1168,280,0,0
6	None	303	8412	965	1049	1	1,296,2876,4236,1003,0,0
6	None	276	10400	7744	8267	1	1,269,2964,5270,1816,80,0
6	None	236	7086	2753	3022	1	1,229,2218,3529,1070,39,0
6	None	216	4967	830	933	1	1,209,1821,2428,508,0,0
5	None	49	229	399	757	1	1,43,133,52,0,0
6	None	405	18358	4426	4623	1	1,398,4893,9406,3492,168,0
6	None	212	7217	5450	5931	1	1,205,2125,3638,1200,48,0
6	None	170	2841	854	1023	1	1,163,1177,1292,208,0,0
5	None	247	4182	2069	2257	1	1,241,1810,1871,259,0
5	None	139	2219	15	17	1	1,133,941,989,154,1
6	None	92	1552	1341	1718	1	1,85,593,715,155,3,0
6	None	38	194	216	511	1	1,31,108,54,0,0,0
6	None	331	18086	12611	13117	1	1,324,4335,9240,3941,245,0
6	None	367	24444	16543	17051	1	1,360,5294,12382,5945,461,1
6	None	220	8860	6481	6940	1	1,213,2419,4505,1643,79,0
6	None	388	30400	10069	10319	1	1,381,6056,15245,7996,718,3
6	None	131	3362	1328	1535	1	1,124,1084,1647,488,18,0
6	None	293	16462	11408	11881	1	1,286,3867,8394,3674,240,0
5	None	174	3169	4626	5089	1	1,168,1297,1456,245,2
6	None	153	5280	1310	1449	1	1,146,1488,2642,954,49,0
6	None	287	15540	10826	11305	1	1,280,3708,7924,3410,217,0
5	None	225	4856	6954	7451	1	1,219,1877,2313,441,5
5	None	54	328	549	905	1	1,48,178,96,5,0
5	None	89	990	1536	1921	1	1,83,470,394,42,0
6	None	356	21802	4981	5148	1	1,349,4955,11121,5033,343,0
6	None	264	13374	3136	3293	1	1,257,3281,6816,2846,173,0
6	None	125	3128	2483	2888	1	1,118,1021,1533,441,14,0
6	None	306	17494	12096	12577	1	1,299,4088,8932,3920,254,0
6	None	242	12476	4369	4593	1	1,235,3015,6345,2708,172,0
6	None	322	20832	7071	7307	1	1,315,4579,10589,4984,364,0
6	None	181	6780	625	679	1	1,174,1878,3421,1244,62,0
5	None	146	2408	1184	1331	1	1,140,1014,1082,170,1
5	None	147	2287	1135	1283	1	1,141,993,1010,142,0
6	None	73	1148	164	223	1	1,66,431,525,122,3,0
6	None	125	3594	1381	1578	1	1,118,1091,1779,580,25,0
6	None	273	13780	9699	10180	1	1,266,3367,6989,2965,192,0
6	None	126	2708	317	379	1	1,119,937,1296,345,10,0
6	None	294	16390	5685	5924	1	1,287,3866,8365,3638,233,0
6	None	24	88	47	170	1	1,17,47,23,0,0,0
6	None	20	64	67	293	1	1,13,33,16,1,0,0
6	None	19	55	57	280	1	1,12,28,13,1,0,0
6	None	39	259	133	278	1	1,32,129,89,8,0,0
6	None	136	3672	1429	1645	1	1,129,1149,1813,560,20,0
6	None	30	144	153	419	1	1,23,75,42,3,0,0
5	None	60	494	792	1135	1	1,54,249,175,15,0
6	None	34	190	199	477	1	1,27,97,60,5,0,0
6	None	108	1440	133	178	1	1,101,615,623,100,0,0
5	None	182	2481	1264	1443	1	1,176,1139,1040,125,0
6	None	583	37021	25384	25997	1	1,576,8494,19018,8396,536,0
6	None	201	5981	4642	5129	1	1,194,1864,2974,914,34,0
6	None	285	14618	5143	5380	1	1,278,3597,7467,3092,183,0
6	None	152	4728	3601	4023	1	1,145,1412,2360,777,33,0
5	None	67	651	1017	1369	1	1,61,313,250,26,0
6	None	168	5276	4031	4461	1	1,161,1584,2630,863,37,0
5	None	78	851	1314	1681	1	1,72,399,340,39,0
6	None	299	15936	1592	1661	1	1,292,3844,8126,3456,217,0
6	None	53	344	48	89	1	1,46,192,105,0,0,0
5	None	159	2501	3726	4183	1	1,153,1093,1105,149,0
6	None	435	35664	23517	24034	1	1,428,6979,17859,9519,874,4
6	None	35	98	58	219	1	1,28,58,11,0,0,0
5	None	118	1491	761	905	1	1,112,688,617,73,0
6	None	263	13092	9230	9707	1	1,256,3222,6654,2786,173,0
6	None	307	16914	11761	12253	1	1,300,4016,8630,3729,238,0
6	None	315	17378	12087	12583	1	1,308,4130,8868,3827,244,0
6	None	102	1780	511	643	1	1,95,678,826,177,3,0
5	None	69	627	993	1357	1	1,63,310,232,21,0
5	None	45	281	462	779	1	1,39,149,87,5,0
6	None	350	21496	7363	7611	1	1,343,4883,10973,4960,336,0
6	None	334	19750	2719	2819	1	1,327,4552,10080,4491,299,0
6	None	53	368	202	363	1	1,46,202,119,0,0,0
6	None	91	1736	721	908	1	1,84,614,817,214,6,0
6	None	130	3190	2546	2965	1	1,123,1053,1558,440,15,0
6	None	38	327	11	21	1	1,31,144,131,20,0,0
6	None	26	94	103	359	1	1,19,51,22,1,0,0
6	None	15	28	10	77	1	1,8,15,4,0,0,0
5	None	36	186	309	601	1	1,30,101,52,2,0
6	None	411	18096	2633	2753	1	1,404,4891,9256,3383,161,0
6	None	558	34544	23757	24376	1	1,551,7992,17735,7773,492,0
5	None	73	375	666	1111	1	1,67,222,85,0,0
5	None	117	1381	2139	2581	1	1,111,653,556,60,0
6	None	386	20111	14165	14721	1	1,379,4971,10290,4223,247,0
6	None	359	12046	3106	3297	1	1,352,3849,6224,1620,0,0
6	None	228	8574	1589	1709	1	1,221,2409,4331,1538,74,0
6	None	109	2684	2125	2506	1	1,102,869,1311,387,14,0
6	None	141	3338	2703	3134	1	1,134,1135,1623,433,12,0
5	None	2152	85911	116529	117461	1	1,2146,27981,44748,10862,173
5	None	859	20566	29400	30197	1	1,853,8238,9912,1562,0
5	None	1893	74238	33602	33899	1	1,1887,24329,38606,9273,142
5	None	2913	106129	48382	48783	1	1,2907,35992,54674,12390,165
5	None	1378	45561	62778	63635	1	1,1372,15994,23211,4932,51
5	None	1668	60153	82269	83155	1	1,1662,20380,30973,7043,94
5	None	1563	56557	25772	26065	1	1,1557,19087,29135,6685,92
5	None	69	459	789	1157	1	1,63,263,132,0,0
6	None	394	27398	18446	18959	1	1,387,5839,13882,6758,530,1
5	None	23	48	78	349	1	1,17,26,4,0,0
5	None	88	1012	1554	1943	1	1,82,469,411,49,0
5	None	63	378	654	1025	1	1,57,218,102,0,0
6	None	366	25746	353	363	1	1,359,5446,13038,6395,506,1
5	None	103	1278	279	337	1	1,97,586,529,65,0
6	None	378	24638	16745	17248	1	1,371,5465,12581,5815,405,0
5	None	204	4357	6240	6719	1	1,198,1678,2073,402,5
6	None	307	18596	12729	13220	1	1,300,4162,9401,4395,336,1
6	None	34	199	201	484	1	1,27,97,67,7,0,0
6	None	22	107	35	111	1	1,15,50,36,5,0,0
6	None	34	237	231	505	1	1,27,110,88,11,0,0
6	None	41	415	124	221	1	1,34,167,174,38,1,0
6	None	28	152	3	8	1	1,21,74,51,5,0,0
6	None	22	91	47	162	1	1,15,46,27,2,0,0
6	None	94	2247	74	89	1	1,87,725,1097,326,11,0
6	None	118	3147	2451	2845	1	1,111,986,1552,479,18,0
6	None	285	11697	2857	3029	1	1,278,3212,5958,2147,101,0
6	None	301	12305	3011	3188	1	1,294,3399,6275,2235,101,0
6	None	472	23769	16903	17514	1	1,465,6075,12233,4753,242,0
5	None	125	949	1632	2135	1	1,119,544,285,0,0
6	None	91	1303	1178	1567	1	1,84,540,580,98,0,0
6	None	306	10709	8129	8686	1	1,299,3213,5437,1703,56,0
6	None	189	4115	3473	3959	1	1,182,1533,1992,407,0,0
5	None	144	1952	2961	3445	1	1,138,882,826,105,0
6	None	153	4499	1729	1949	1	1,146,1366,2229,726,31,0
6	None	95	1752	491	619	1	1,88,634,818,205,6,0
6	None	141	5054	3727	4122	1	1,134,1394,2537,939,49,0
6	None	240	10010	7277	7758	1	1,233,2683,5083,1911,99,0
6	None	82	1372	1175	1537	1	1,75,516,634,143,3,0
6	None	453	37166	24516	25039	1	1,446,7292,18630,9892,901,4
5	None	183	3771	5418	5875	1	1,177,1469,1783,337,4
6	None	270	14556	10141	10601	1	1,263,3466,7410,3209,207,0
6	None	332	20528	14026	14521	1	1,325,4608,10444,4810,340,0
5	None	138	2185	3237	3667	1	1,132,938,973,141,0
5	None	132	1886	2838	3275	1	1,126,839,813,107,0
6	None	167	6232	4586	5005	1	1,160,1711,3134,1164,62,0
6	None	193	7658	5595	6031	1	1,186,2072,3872,1451,76,0
6	None	322	18410	12739	13229	1	1,315,4312,9402,4115,265,0
6	None	52	564	47	76	1	1,45,238,239,41,0,0
6	None	44	432	401	696	1	1,37,186,179,29,0,0
6	None	25	73	80	341	1	1,18,40,14,0,0,0
6	None	18	27	30	257	1	1,11,15,0,0,0,0
5	None	40	229	126	227	1	1,34,122,68,4,0
6	None	322	14416	10409	10944	1	1,315,3819,7373,2771,137,0
6	None	258	8706	6630	7151	1	1,251,2617,4388,1396,53,0
6	None	164	3036	1319	1570	1	1,157,1183,1423,272,0,0
6	None	353	15282	337	354	1	1,346,4115,7783,2891,146,0
6	None	430	18782	1246	1301	1	1,423,5123,9616,3460,159,0
6	None	197	5590	2186	2437	1	1,190,1769,2765,834,31,0
6	None	228	8322	3116	3349	1	1,221,2431,4257,1370,42,0
6	None	305	16854	11711	12200	1	1,298,3984,8583,3743,245,0
6	None	130	3296	2616	3025	1	1,123,1078,1620,460,14,0
6	None	366	24692	3337	3436	1	1,359,5361,12573,5963,435,0
5	None	97	1024	1605	2023	1	1,91,495,397,40,0
5	None	71	503	831	1237	1	1,65,265,160,12,0
5	None	75	509	9	13	1	1,69,291,148,0,0
6	None	197	7578	5573	6019	1	1,190,2090,3836,1393,68,0
6	None	348	23046	15599	16096	1	1,341,4989,11667,5611,436,1
6	None	242	11518	8179	8639	1	1,235,2902,5868,2375,137,0
6	None	384	24776	16865	17374	1	1,377,5517,12643,5831,407,0
6	None	475	39216	25857	26383	1	1,468,7723,19724,10381,916,3
6	None	259	13838	9631	10101	1	1,252,3270,7014,3091,210,0
6	None	220	9270	6703	7172	1	1,213,2437,4685,1829,105,0
6	None	167	5816	4334	4765	1	1,160,1643,2910,1048,54,0
6	None	149	5080	1263	1400	1	1,142,1439,2541,911,46,0
6	None	230	10902	2581	2730	1	1,223,2747,5551,2249,131,0
6	None	231	10286	7375	7841	1	1,224,2645,5208,2085,123,0
6	None	24	104	106	349	1	1,17,52,32,2,0,0
6	None	33	207	209	479	1	1,26,101,72,7,0,0
5	None	34	187	34	65	1	1,28,99,56,3,0
6	None	39	270	269	564	1	1,32,129,97,11,0,0
5	None	18	35	54	289	1	1,12,18,4,0,0
5	None	75	784	1215	1583	1	1,69,369,309,36,0
6	None	134	4672	1153	1282	1	1,127,1300,2341,859,44,0
6	None	341	14008	10289	10860	1	1,334,3874,7143,2541,115,0
5	None	115	1312	2037	2491	1	1,109,621,523,58,0
6	None	463	19285	4748	4957	1	1,456,5461,9926,3322,119,0
5	None	51	310	519	859	1	1,45,169,91,4,0
6	None	197	6844	5142	5597	1	1,190,1990,3452,1162,49,0
6	None	337	22094	14967	15461	1	1,330,4785,11166,5387,424,1
6	None	245	11884	8410	8873	1	1,238,2960,6044,2490,151,0
5	None	59	458	741	1087	1	1,53,235,157,12,0
5	None	160	2812	4119	4573	1	1,154,1156,1282,217,2
6	None	374	26010	17504	18003	1	1,367,5533,13174,6428,506,1
6	None	219	9428	1701	1814	1	1,212,2479,4791,1846,99,0
5	None	147	2295	3414	3859	1	1,141,997,1015,141,0
6	None	446	31980	21474	21997	1	1,439,6814,16300,7846,580,0
6	None	275	13686	9661	10146	1	1,268,3393,6979,2875,170,0
6	None	381	26790	9001	9253	1	1,374,5667,13559,6658,530,1
5	None	143	1945	228	263	1	1,137,890,819,98,0
5	None	195	3905	5634	6109	1	1,189,1548,1834,330,3
6	None	373	25694	17317	17813	1	1,366,5497,13026,6313,490,1
6	None	113	2552	2065	2461	1	1,106,865,1236,335,9,0
6	None	151	5318	1312	1451	1	1,144,1475,2658,986,54,0
6	None	39	375	346	623	1	1,32,160,156,26,0,0
6	None	38	306	49	96	1	1,31,139,119,16,0,0
5	None	29	145	234	499	1	1,23,75,43,3,0
5	None	25	75	129	389	1	1,19,43,12,0,0
5	None	30	108	183	469	1	1,24,61,22,0,0
5	None	16	23	36	257	1	1,10,12,0,0,0
6	None	129	1872	572	731	1	1,122,793,826,130,0,0
6	None	566	37282	25407	26006	1	1,559,8374,19109,8659,580,0
5	None	48	181	321	703	1	1,42,107,31,0,0
6	None	224	9226	6716	7179	1	1,217,2480,4682,1756,90,0
6	None	146	4444	3397	3811	1	1,139,1336,2212,725,31,0
5	None	42	214	357	685	1	1,36,116,58,3,0
5	None	172	3130	1522	1677	1	1,166,1278,1439,244,2
6	None	339	22838	15421	15905	1	1,332,4907,11562,5597,438,1
5	None	87	926	482	611	1	1,81,444,362,38,0
6	None	127	3082	2473	2876	1	1,120,1029,1505,415,12,0
6	None	268	13182	1036	1089	1	1,261,3286,6720,2752,162,0
6	None	250	11300	8103	8578	1	1,243,2926,5757,2251,122,0
6	None	422	32202	208	213	1	1,415,6567,16252,8270,695,2
5	None	144	2241	3336	3773	1	1,138,974,990,138,0
5	None	113	1515	2292	2707	1	1,107,681,643,83,0
6	None	298	16160	11269	11748	1	1,291,3875,8257,3519,217,0
5	None	45	277	151	259	1	1,39,146,86,5,0
6	None	53	746	638	947	1	1,46,276,334,86,3,0
5	None	43	261	11	19	1	1,37,138,80,5,0
6	None	47	554	493	790	1	1,40,222,241,49,1,0
6	None	35	240	47	103	1	1,28,112,88,11,0,0
6	None	64	984	281	391	1	1,57,371,452,101,2,0
5	None	25	73	123	389	1	1,19,41,12,0,0
6	None	44	441	409	701	1	1,37,190,184,29,0,0
6	None	37	242	121	266	1	1,30,116,85,10,0,0
6	None	22	68	37	156	1	1,15,37,15,0,0,0
6	None	250	8311	6339	6862	1	1,243,2513,4197,1313,44,0
6	None	152	3646	983	1133	1	1,145,1240,1780,469,11,0
5	None	126	1082	1791	2305	1	1,120,579,364,18,0
6	None	169	4456	1177	1333	1	1,162,1449,2190,633,21,0
5	None	57	233	423	829	1	1,51,141,40,0,0
6	None	193	6560	4956	5405	1	1,186,1944,3324,1068,37,0
5	None	32	129	225	503	1	1,26,75,27,0,0
6	None	249	12784	8958	9421	1	1,242,3098,6508,2762,173,0
6	None	137	4150	1584	1787	1	1,130,1249,2073,670,27,0
6	None	84	1134	1035	1414	1	1,77,475,495,85,1,0
5	None	87	951	164	207	1	1,81,450,377,42,0
6	None	318	18810	12947	13428	1	1,311,4337,9605,4273,283,0
5	None	187	3775	5442	5897	1	1,181,1491,1776,323,3
6	None	256	12128	4311	4550	1	1,249,3062,6173,2498,145,0
6	None	373	25626	5756	5925	1	1,366,5467,12966,6324,501,1
5	None	25	77	132	391	1	1,19,44,13,0,0
6	None	53	579	179	284	1	1,46,250,245,37,0,0
6	None	26	132	34	95	1	1,19,67,43,2,0,0
5	None	27	73	123	409	1	1,21,41,10,0,0
6	None	52	514	162	269	1	1,45,228,210,30,0,0
6	None	28	139	73	200	1	1,21,72,43,2,0,0
5	None	39	219	363	661	1	1,33,118,64,3,0
6	None	39	268	135	281	1	1,32,130,95,10,0,0
5	None	27	116	189	451	1	1,21,61,31,2,0
5	None	101	1445	2154	2549	1	1,95,617,630,101,1
5	None	120	1191	4	5	1	1,114,601,440,35,0
6	None	383	19081	6771	7052	1	1,376,4811,9749,3920,224,0
5	None	65	391	227	351	1	1,59,227,104,0,0
5	None	53	404	72	109	1	1,47,204,140,12,0
5	None	102	1115	83	103	1	1,96,536,437,45,0
5	None	128	1747	2646	3085	1	1,122,787,742,95,0
6	None	321	18862	12994	13481	1	1,314,4358,9628,4278,283,0
6	None	113	2542	1031	1228	1	1,106,867,1231,328,9,0
5	None	50	258	151	263	1	1,44,151,62,0,0
6	None	46	492	50	83	1	1,39,208,210,34,0,0
5	None	56	477	250	363	1	1,50,232,176,18,0
5	None	31	115	192	487	1	1,25,63,25,1,0
6	None	46	424	4	7	1	1,39,190,170,24,0,0
6	None	19	43	23	137	1	1,12,23,7,0,0,0
5	None	21	57	93	337	1	1,15,31,10,0,0
6	None	36	243	245	523	1	1,29,118,86,9,0,0
5	None	30	114	192	475	1	1,24,64,25,0,0
5	None	29	93	52	149	1	1,23,52,17,0,0
6	None	30	213	205	458	1	1,23,97,81,11,0,0
6	None	40	327	315	604	1	1,33,149,127,17,0,0
6	None	56	948	783	1088	1	1,49,332,443,119,4,0
6	None	30	162	167	430	1	1,23,82,53,3,0,0
5	None	41	232	128	231	1	1,35,124,68,4,0
6	None	60	510	512	867	1	1,53,246,190,20,0,0
5	None	41	187	324	643	1	1,35,108,43,0,0
6	None	557	35401	12124	12429	1	1,550,8086,18165,8076,523,0
6	None	415	21679	15284	15853	1	1,408,5386,11118,4512,254,0
6	None	104	1548	1389	1813	1	1,97,635,696,119,0,0
6	None	133	2955	802	951	1	1,126,1014,1426,378,10,0
6	None	178	4200	1137	1307	1	1,171,1430,2030,551,17,0
5	None	170	2255	231	265	1	1,164,1051,935,104,0
6	None	116	2934	2318	2705	1	1,109,948,1440,422,14,0
6	None	184	7288	5321	5749	1	1,177,1974,3694,1373,69,0
5	None	30	70	27	85	1	1,24,45,0,0,0
5	None	94	1014	31	39	1	1,88,485,398,42,0
5	None	66	452	756	1135	1	1,60,246,139,6,0
6	None	412	32144	1776	1819	1	1,405,6426,16127,8430,752,3
6	None	320	18904	6505	6748	1	1,313,4349,9639,4312,290,0
6	None	150	3692	743	852	1	1,143,1241,1803,490,14,0
5	None	83	834	436	567	1	1,77,404,320,32,0
6	None	43	296	305	609	1	1,36,148,102,9,0,0
5	None	32	161	264	541	1	1,26,86,46,2,0
6	None	34	230	232	499	1	1,27,112,82,8,0,0
6	None	43	408	191	337	1	1,36,178,167,26,0,0
6	None	59	789	695	1022	1	1,52,313,353,69,1,0
6	None	51	508	241	397	1	1,44,226,207,30,0,0
5	None	46	303	164	271	1	1,40,158,98,6,0
5	None	82	912	1395	1789	1	1,76,419,370,46,0
6	None	139	4922	3640	4029	1	1,132,1367,2470,906,46,0
6	None	434	24827	821	848	1	1,427,5893,12711,5455,340,0
6	None	233	6352	2531	2800	1	1,226,2109,3151,844,21,0
5	None	69	464	783	1171	1	1,63,255,139,6,0
5	None	44	107	204	593	1	1,38,68,0,0,0
5	None	75	696	1104	1481	1	1,69,344,258,24,0
5	None	45	210	372	697	1	1,39,124,46,0,0
6	None	110	2500	47	56	1	1,103,846,1211,329,10,0
5	None	85	839	1332	1715	1	1,79,416,315,28,0
6	None	258	13136	9223	9693	1	1,251,3200,6686,2823,175,0
6	None	465	39196	8593	8766	1	1,458,7623,19663,10493,954,4
6	None	436	33788	22450	22959	1	1,429,6870,17070,8690,726,2
6	None	269	13704	4821	5054	1	1,262,3370,6997,2902,172,0
6	None	248	12648	4439	4666	1	1,241,3075,6431,2728,172,0
5	None	25	74	123	391	1	1,19,41,13,0,0
6	None	32	169	59	150	1	1,25,87,53,3,0,0
6	None	48	507	233	386	1	1,41,216,215,34,0,0
5	None	27	100	168	433	1	1,21,56,22,0,0
6	None	57	828	712	1027	1	1,50,313,376,86,2,0
5	None	54	444	708	1031	1	1,48,221,159,15,0
5	None	32	158	87	179	1	1,26,85,44,2,0
6	None	24	96	25	86	1	1,17,49,27,2,0,0
6	None	36	248	246	527	1	1,29,118,90,10,0,0
6	None	51	513	485	798	1	1,44,228,211,29,0,0
5	None	48	258	435	781	1	1,42,142,70,3,0
5	None	42	224	9	17	1	1,36,120,64,3,0
5	None	46	214	123	239	1	1,40,123,50,0,0
6	None	223	7600	5759	6242	1	1,216,2275,3863,1209,36,0
6	None	266	14044	9815	10278	1	1,259,3379,7155,3057,193,0
6	None	312	19090	13047	13540	1	1,305,4241,9631,4555,356,1
5	None	132	2010	2991	3421	1	1,126,874,886,123,0
6	None	389	28120	18824	19335	1	1,382,5833,14160,7138,604,2
6	None	328	21470	14549	15033	1	1,321,4658,10856,5223,410,1
5	None	99	1335	402	479	1	1,93,593,571,77,0
6	None	75	1527	103	131	1	1,68,517,733,202,6,0
5	None	24	72	123	377	1	1,18,41,12,0,0
6	None	46	477	442	737	1	1,39,205,200,32,0,0
6	None	16	24	28	237	1	1,9,14,0,0,0,0
6	None	51	705	2	3	1	1,44,266,318,74,2,0
6	None	49	528	484	791	1	1,42,223,224,38,0,0
6	None	31	132	71	211	1	1,24,70,35,2,0,0
6	None	15	21	24	227	1	1,8,12,0,0,0,0
6	None	62	802	723	1051	1	1,55,331,354,61,0,0
5	None	31	151	246	523	1	1,25,79,43,3,0
6	None	56	756	653	978	1	1,49,285,335,83,3,0
6	None	56	746	215	324	1	1,49,281,329,83,3,0
5	None	33	116	198	505	1	1,27,66,22,0,0
6	None	29	100	109	389	1	1,22,54,22,1,0,0
5	None	40	181	312	629	1	1,34,104,42,0,0
5	None	22	38	9	47	1	1,16,21,0,0,0
6	None	23	41	48	307	1	1,16,24,0,0,0,0
6	None	416	29672	6641	6811	1	1,409,6316,15114,7291,541,0
6	None	358	22984	15638	16137	1	1,351,5096,11700,5446,390,0
6	None	231	10642	7595	8047	1	1,224,2716,5416,2163,122,0
5	None	147	2361	1166	1315	1	1,141,1004,1052,162,1
6	None	169	5206	1995	2216	1	1,162,1579,2599,832,33,0
6	None	410	32656	10799	11053	1	1,403,6478,16389,8612,770,3
6	None	101	2204	1792	2165	1	1,94,752,1060,288,9,0
6	None	118	2668	539	642	1	1,111,899,1287,358,12,0
6	None	329	19526	2686	2785	1	1,322,4482,9952,4466,303,0
6	None	319	20800	7050	7289	1	1,312,4520,10521,5050,395,1
6	None	272	14238	9970	10437	1	1,265,3448,7260,3074,190,0
5	None	109	1337	2052	2471	1	1,103,619,549,65,0
6	None	442	36588	24101	24620	1	1,435,7139,18329,9783,897,4
5	None	73	639	1017	1405	1	1,67,317,232,22,0
6	None	29	141	74	205	1	1,22,73,43,2,0,0
6	None	63	1032	867	1192	1	1,56,374,479,119,3,0
5	None	35	177	294	583	1	1,29,96,49,2,0
5	None	28	98	55	147	1	1,22,55,20,0,0
5	None	37	236	54	95	1	1,31,120,78,6,0
5	None	26	105	58	143	1	1,20,57,26,1,0
5	None	28	100	33	89	1	1,22,54,22,1,0
6	None	31	136	143	425	1	1,24,70,38,3,0,0
5	None	36	121	213	535	1	1,30,71,19,0,0
6	None	276	8358	593	645	1	1,269,2663,4198,1197,30,0
6	None	42	307	311	607	1	1,35,150,110,11,0,0
6	None	274	13524	3187	3348	1	1,267,3361,6885,2839,171,0
6	None	312	17124	11926	12413	1	1,305,4087,8742,3752,237,0
6	None	377	22404	3862	3991	1	1,370,5219,11491,5010,313,0
6	None	107	2520	673	798	1	1,100,837,1227,345,10,0
5	None	63	413	705	1061	1	1,57,235,120,0,0
6	None	135	3134	2547	2971	1	1,128,1077,1526,393,9,0
5	None	143	2080	3126	3581	1	1,137,923,900,119,0
6	None	276	14302	10037	10507	1	1,269,3494,7308,3049,181,0
6	None	237	10700	511	542	1	1,230,2763,5451,2139,116,0
6	None	284	14934	475	497	1	1,277,3610,7615,3230,201,0
6	None	273	14884	3452	3605	1	1,266,3537,7588,3282,210,0
6	None	403	31068	10317	10568	1	1,396,6287,15655,8040,687,2
5	None	62	473	771	1127	1	1,56,247,159,10,0
5	None	134	2008	3000	3431	1	1,128,878,879,122,0
5	None	184	3823	5490	5941	1	1,178,1487,1810,343,4
6	None	300	17680	12161	12635	1	1,293,4060,9012,4041,273,0
6	None	15	20	22	227	1	1,8,11,0,0,0,0
6	None	42	426	15	26	1	1,35,179,179,32,0,0
6	None	51	542	506	815	1	1,44,237,228,32,0,0
6	None	35	257	252	523	1	1,28,120,96,12,0,0
5	None	29	109	189	457	1	1,23,63,22,0,0
5	None	40	240	78	139	1	1,34,125,75,5,0
6	None	102	2493	1969	2341	1	1,95,804,1220,361,12,0
5	None	34	165	54	113	1	1,28,87,46,3,0
5	None	40	212	351	665	1	1,34,114,60,3,0
5	None	24	60	11	41	1	1,18,33,8,0,0
5	None	26	95	156	421	1	1,20,51,22,1,0
6	None	190	4407	903	1034	1	1,183,1536,2135,540,12,0
6	None	377	19412	13673	14244	1	1,370,4781,9901,4111,248,0
6	None	140	3656	2888	3311	1	1,133,1185,1804,518,15,0
5	None	34	143	240	541	1	1,28,79,34,1,0
5	None	38	173	300	601	1	1,32,99,40,1,0
5	None	71	447	259	387	1	1,65,259,122,0,0
6	None	133	3726	2896	3293	1	1,126,1160,1840,576,23,0
6	None	331	21744	4907	5071	1	1,324,4695,10978,5321,424,1
6	None	394	27388	18441	18949	1	1,387,5878,13942,6685,495,0
6	None	262	14116	9830	10287	1	1,255,3360,7190,3110,200,0
6	None	99	2172	1762	2131	1	1,92,738,1046,286,9,0
6	None	53	334	184	355	1	1,46,184,103,0,0,0
6	None	175	6542	4823	5248	1	1,168,1808,3295,1207,63,0
6	None	285	15268	10654	11133	1	1,278,3663,7790,3328,208,0
5	None	145	2335	1152	1297	1	1,139,1001,1043,151,0
5	None	180	3697	5313	5767	1	1,174,1440,1747,331,4
5	None	38	103	210	521	1	1,32,70,0,0,0
6	None	145	4364	3339	3758	1	1,138,1314,2169,711,31,0
5	None	156	2532	1250	1403	1	1,150,1078,1130,172,1
6	None	351	23404	1759	1814	1	1,344,5057,11849,5707,445,1
6	None	253	12770	8979	9443	1	1,246,3122,6496,2735,170,0
6	None	434	30848	20738	21253	1	1,427,6606,15740,7526,548,0
6	None	187	6566	4902	5357	1	1,180,1872,3300,1158,55,0
6	None	89	1482	1277	1655	1	1,82,563,682,151,3,0
6	None	88	1698	1410	1771	1	1,81,602,802,206,6,0
5	None	140	2275	3363	3793	1	1,134,962,1018,159,1
6	None	59	861	247	354	1	1,52,326,391,89,2,0
6	None	47	375	188	343	1	1,40,181,139,14,0,0
5	None	46	326	175	279	1	1,40,167,110,8,0
6	None	67	1083	461	626	1	1,60,403,501,116,2,0
5	None	45	232	133	241	1	1,39,133,59,0,0
6	None	71	1365	1115	1447	1	1,64,470,650,175,5,0
5	None	19	46	75	307	1	1,13,25,7,0,0
5	None	33	132	75	173	1	1,27,75,29,0,0
6	None	52	668	289	448	1	1,45,252,293,74,3,0
5	None	57	296	516	893	1	1,51,172,72,0,0
6	None	29	99	107	389	1	1,22,53,22,1,0,0
6	None	224	7567	260	283	1	1,217,2228,3805,1264,52,0
6	None	72	1096	237	325	1	1,65,419,499,110,2,0
6	None	41	230	245	557	1	1,34,120,70,5,0,0
5	None	39	174	300	613	1	1,33,99,40,1,0
5	None	42	190	109	219	1	1,36,108,44,1,0
5	None	33	113	65	167	1	1,27,65,20,0,0
5	None	34	115	22	57	1	1,28,66,20,0,0
6	None	222	9364	6785	7242	1	1,215,2483,4747,1819,99,0
6	None	184	5872	4487	4937	1	1,177,1786,2966,915,27,0
6	None	335	21234	3617	3737	1	1,328,4730,10813,5008,354,0
5	None	121	1935	952	1087	1	1,115,812,866,140,1
6	None	487	41160	27072	27599	1	1,480,8014,20662,11004,995,4
5	None	135	1830	2778	3233	1	1,129,829,774,97,0
6	None	319	20396	6929	7172	1	1,312,4453,10297,4942,390,1
6	None	241	12088	1417	1493	1	1,234,2959,6149,2584,161,0
6	None	211	10276	1810	1919	1	1,204,2516,5205,2208,142,0
6	None	104	1138	1168	1573	1	1,97,584,456,0,0,0
6	None	81	1366	1169	1525	1	1,74,513,632,143,3,0
5	None	200	4206	6033	6505	1	1,194,1638,1996,373,4
5	None	45	217	127	235	1	1,39,127,50,0,0
5	None	35	88	174	485	1	1,29,58,0,0,0
6	None	217	9018	6547	7004	1	1,210,2407,4577,1733,90,0
6	None	368	27244	18173	18665	1	1,361,5584,13714,6985,597,2
5	None	135	1951	2934	3371	1	1,129,869,843,109,0
6	None	358	22644	15443	15944	1	1,351,5068,11547,5307,370,0
5	None	111	1424	722	863	1	1,105,647,596,75,0
6	None	68	1063	914	1249	1	1,61,403,488,108,2,0
5	None	36	211	342	629	1	1,30,109,66,5,0
6	None	64	1110	459	622	1	1,57,387,515,144,6,0
5	None	32	106	183	485	1	1,26,61,18,0,0
5	None	44	268	441	757	1	1,38,142,82,5,0
5	None	28	106	177	449	1	1,22,58,24,1,0
5	None	35	142	243	547	1	1,29,81,31,0,0
5	None	30	96	165	457	1	1,24,55,16,0,0
5	None	31	126	71	165	1	1,25,71,29,0,0
6	None	274	8351	6513	7075	1	1,267,2658,4198,1197,30,0
6	None	41	107	144	487	1	1,34,72,0,0,0,0
6	None	156	2808	2454	2945	1	1,149,1104,1308,246,0,0
6	None	20	33	38	277	1	1,13,19,0,0,0,0
6	None	391	20557	14441	15014	1	1,384,5031,10497,4379,265,0
6	None	107	2257	307	374	1	1,100,774,1079,294,9,0
5	None	45	266	146	255	1	1,39,141,80,5,0
6	None	261	7921	6171	6725	1	1,254,2513,3978,1145,30,0
6	None	33	94	56	209	1	1,26,56,11,0,0,0
5	None	1785	67261	91656	92563	1	1,1779,22356,34807,8196,122
5	None	1662	59123	80970	81871	1	1,1656,20127,30385,6863,91
5	None	125	854	1500	2033	1	1,119,500,234,0,0
5	None	1981	76968	104628	105539	1	1,1975,25326,39969,9550,147
5	None	1382	47083	64731	65587	1	1,1376,16248,24061,5329,68
5	None	434	8121	11976	12673	1	1,428,3477,3700,515,0
5	None	873	23843	11176	11443	1	1,867,8919,11780,2257,19
5	None	2197	90565	122541	123461	1	1,2191,29104,47328,11743,198
5	None	668	14096	20490	21287	1	1,662,5859,6603,971,0
5	None	1518	54483	74541	75397	1	1,1512,18452,28036,6395,87
5	None	2175	86509	117375	118313	1	1,2169,28231,45042,10894,172
6	None	38	294	142	285	1	1,31,135,113,14,0,0
6	None	29	146	150	413	1	1,22,73,46,4,0,0
6	None	65	1143	315	424	1	1,58,402,537,141,4,0
6	None	86	2295	293	350	1	1,79,687,1125,384,19,0
5	None	31	150	83	173	1	1,25,81,41,2,0
6	None	66	951	837	1169	1	1,59,378,432,81,0,0
6	None	34	138	152	451	1	1,27,76,34,0,0,0
5	None	25	90	147	407	1	1,19,48,21,1,0
6	None	66	972	827	1183	1	1,59,356,436,115,5,0
6	None	369	20107	7013	7288	1	1,362,4807,10241,4412,284,0
6	None	85	1216	1079	1471	1	1,78,484,540,111,2,0
6	None	132	2679	2239	2684	1	1,125,967,1275,305,6,0
6	None	113	1700	1527	1973	1	1,106,700,766,127,0,0
6	None	245	8945	6677	7186	1	1,238,2558,4515,1561,72,0
6	None	255	7819	6069	6620	1	1,248,2462,3933,1145,30,0
6	None	89	1748	1438	1809	1	1,82,608,828,222,7,0
5	None	141	1491	263	321	1	1,135,738,566,51,0
6	None	125	2295	1964	2407	1	1,118,864,1072,236,4,0
5	None	119	1882	2778	3187	1	1,113,790,841,136,1
5	None	73	562	930	1309	1	1,67,301,184,9,0
5	None	75	684	1086	1469	1	1,69,338,252,24,0
5	None	27	82	46	139	1	1,21,46,14,0,0
6	None	73	954	867	1225	1	1,66,398,418,71,0,0
6	None	106	2973	2276	2649	1	1,99,892,1466,492,23,0
6	None	54	588	272	433	1	1,47,253,249,38,0,0
6	None	127	3831	2911	3310	1	1,120,1135,1905,641,29,0
5	None	31	132	228	497	1	1,25,76,30,0,0
6	None	65	1149	317	425	1	1,58,405,540,141,4,0
6	None	22	44	56	297	1	1,15,28,0,0,0,0
6	None	95	1930	43	53	1	1,88,678,922,235,6,0
5	None	58	490	777	1117	1	1,52,243,178,16,0
5	None	44	274	444	767	1	1,38,140,87,8,0
5	None	45	283	154	261	1	1,39,148,89,6,0
5	None	37	151	258	575	1	1,31,86,33,0,0
6	None	165	4502	3526	3995	1	1,158,1427,2220,672,24,0
6	None	152	4292	371	419	1	1,145,1341,2122,657,26,0
6	None	73	810	767	1143	1	1,66,360,336,47,0,0
6	None	155	3146	1328	1569	1	1,148,1170,1511,316,0,0
6	None	397	20198	14273	14856	1	1,390,5027,10313,4219,248,0
6	None	398	21393	3745	3887	1	1,391,5186,10923,4608,284,0
6	None	219	7199	5478	5975	1	1,212,2156,3620,1166,44,0
6	None	64	496	167	298	1	1,57,240,177,21,0,0
6	None	418	22836	7973	8268	1	1,411,5494,11665,4958,307,0
6	None	296	10139	7720	8279	1	1,289,3061,5138,1598,52,0
6	None	174	3036	2687	3219	1	1,167,1221,1402,245,0,0
6	None	273	16960	2887	3002	1	1,266,3721,8549,4096,326,1
5	None	23	44	78	341	1	1,17,26,0,0,0
6	None	69	522	566	943	1	1,62,283,176,0,0,0
6	None	67	892	803	1141	1	1,60,365,392,73,1,0
6	None	81	1563	1291	1639	1	1,74,550,742,191,5,0
5	None	45	285	93	157	1	1,39,149,90,6,0
6	None	50	495	469	779	1	1,43,220,202,29,0,0
6	None	77	1554	1259	1604	1	1,70,526,743,207,7,0
5	None	33	120	69	169	1	1,27,69,23,0,0
6	None	16	21	22	237	1	1,9,11,0,0,0,0
6	None	96	2154	1727	2099	1	1,89,716,1044,295,9,0
6	None	29	66	86	367	1	1,22,43,0,0,0,0
6	None	65	1062	899	1224	1	1,58,390,491,119,3,0
6	None	83	1680	1367	1724	1	1,76,574,803,219,7,0
6	None	72	1174	1003	1344	1	1,65,439,541,125,3,0
5	None	30	126	213	485	1	1,24,70,30,1,0
5	None	24	67	114	373	1	1,18,38,10,0,0
5	None	34	170	279	569	1	1,28,90,48,3,0
6	None	281	11708	8528	9059	1	1,274,3155,5948,2218,112,0
6	None	87	880	109	161	1	1,80,414,341,44,0,0
6	None	221	7481	5656	6155	1	1,214,2212,3776,1232,46,0
6	None	217	5591	4518	5039	1	1,210,1930,2792,658,0,0
6	None	167	4301	3415	3894	1	1,160,1402,2107,611,20,0
6	None	166	3317	2822	3321	1	1,159,1249,1584,324,0,0
5	None	102	1168	604	741	1	1,96,553,467,51,0
6	None	51	554	85	137	1	1,44,236,235,38,0,0
6	None	35	227	5	11	1	1,28,111,79,8,0,0
5	None	60	480	17	25	1	1,54,240,170,15,0
5	None	47	238	408	749	1	1,41,136,60,0,0
6	None	24	102	106	347	1	1,17,52,30,2,0,0
5	None	46	264	435	773	1	1,40,141,78,4,0
6	None	39	370	335	621	1	1,32,151,152,33,1,0
6	None	32	134	148	431	1	1,25,74,34,0,0,0
6	None	53	628	569	879	1	1,46,259,270,51,1,0
6	None	91	1922	1558	1925	1	1,84,650,920,258,9,0
6	None	44	476	429	721	1	1,37,194,202,41,1,0
6	None	278	11636	8465	8994	1	1,271,3126,5913,2213,112,0
6	None	333	16024	5703	5975	1	1,326,4061,8161,3284,191,0
6	None	335	16374	11621	12166	1	1,328,4119,8347,3383,196,0
6	None	417	20666	14691	15287	1	1,410,5246,10580,4199,230,0
6	None	197	5925	4585	5067	1	1,190,1841,2960,903,30,0
5	None	208	3831	1865	2039	1	1,202,1561,1760,304,3
6	None	312	9359	7379	7965	1	1,305,3094,4768,1191,0,0
6	None	100	790	96	149	1	1,93,432,264,0,0,0
6	None	211	4256	521	602	1	1,204,1623,2027,401,0,0
6	None	228	10930	7741	8187	1	1,221,2721,5546,2299,142,0
6	None	404	31774	3006	3079	1	1,397,6328,15942,8356,747,3
6	None	190	5594	727	804	1	1,183,1777,2803,808,22,0
6	None	36	210	44	101	1	1,29,108,68,4,0,0
5	None	42	250	136	241	1	1,36,132,77,4,0
6	None	91	2082	1657	2018	1	1,84,680,1009,297,11,0
6	None	42	438	397	683	1	1,35,180,184,37,1,0
5	None	24	59	99	367	1	1,18,33,7,0,0
6	None	98	2330	1844	2215	1	1,91,750,1130,344,14,0
6	None	307	14310	10230	10759	1	1,300,3670,7286,2890,163,0
6	None	73	606	621	1025	1	1,66,300,218,21,0,0
6	None	347	17174	6089	6361	1	1,340,4316,8767,3546,204,0
6	None	384	21029	14657	15225	1	1,377,5021,10722,4615,293,0
6	None	253	8849	3329	3596	1	1,246,2576,4455,1506,65,0
6	None	242	7833	6002	6523	1	1,235,2391,3946,1220,40,0
6	None	70	916	827	1180	1	1,63,378,403,71,0,0
6	None	173	4373	3491	3982	1	1,166,1440,2135,611,20,0
6	None	353	17055	12145	12702	1	1,346,4336,8703,3473,196,0
5	None	29	59	15	59	1	1,23,35,0,0,0
5	None	18	26	39	281	1	1,12,13,0,0,0
6	None	61	666	315	482	1	1,54,296,277,38,0,0
5	None	58	470	747	1097	1	1,52,234,168,15,0
6	None	45	422	397	699	1	1,38,186,172,25,0,0
5	None	57	481	765	1097	1	1,51,239,174,16,0
6	None	124	3675	1397	1598	1	1,117,1087,1821,620,29,0
5	None	54	433	684	1025	1	1,48,213,156,15,0
5	None	36	143	246	557	1	1,30,82,30,0,0
6	None	45	369	184	333	1	1,38,177,139,14,0,0
5	None	38	204	339	637	1	1,32,110,58,3,0
6	None	75	1374	1135	1484	1	1,68,481,645,173,6,0
6	None	84	986	467	665	1	1,77,439,413,56,0,0
5	None	168	2120	1091	1271	1	1,162,992,866,99,0
5	None	177	3243	175	193	1	1,171,1308,1493,267,3
6	None	379	20524	14341	14896	1	1,372,4935,10461,4471,284,0
6	None	320	15358	10931	11463	1	1,313,3893,7826,3145,180,0
6	None	302	11539	4284	4565	1	1,295,3267,5851,2034,91,0
6	None	406	22759	3166	3279	1	1,399,5410,11620,5010,319,0
6	None	155	5486	4073	4482	1	1,148,1543,2759,987,48,0
6	None	186	7468	1811	1955	1	1,179,1992,3766,1449,81,0
6	None	58	376	416	773	1	1,51,208,116,0,0,0
5	None	43	187	321	665	1	1,37,107,42,0,0
5	None	50	397	630	949	1	1,44,196,142,14,0
6	None	80	1416	1187	1547	1	1,73,511,662,165,4,0
6	None	92	1891	1549	1916	1	1,85,657,907,235,6,0
5	None	95	1330	1986	2371	1	1,89,570,577,92,1
6	None	80	1587	1295	1646	1	1,73,544,755,207,7,0
6	None	111	2727	2157	2546	1	1,104,879,1329,399,15,0
5	None	49	325	177	287	1	1,43,170,104,7,0
6	None	60	836	724	1055	1	1,53,317,372,90,3,0
6	None	98	2382	938	1123	1	1,91,761,1161,354,14,0
6	None	92	2356	1835	2182	1	1,85,735,1155,365,15,0
6	None	103	2538	1989	2375	1	1,96,798,1232,393,18,0
6	None	90	1952	314	387	1	1,83,650,938,270,10,0
6	None	102	2500	985	1173	1	1,95,801,1221,368,14,0
5	None	64	624	972	1315	1	1,58,298,241,26,0
6	None	295	9711	7449	8023	1	1,288,2975,4900,1499,48,0
6	None	396	20192	2853	2969	1	1,389,5023,10312,4219,248,0
6	None	158	4242	3321	3788	1	1,151,1335,2077,651,27,0
6	None	241	8851	157	169	1	1,234,2522,4477,1550,67,0
6	None	147	4145	3215	3647	1	1,140,1286,2050,643,25,0
6	None	297	13935	9942	10463	1	1,290,3551,7090,2840,163,0
6	None	37	76	30	149	1	1,30,45,0,0,0,0
6	None	284	9729	7397	7947	1	1,277,2924,4926,1549,52,0
6	None	367	18980	13355	13916	1	1,360,4657,9673,4041,248,0
6	None	309	9686	7543	8131	1	1,302,3124,4964,1295,0,0
6	None	224	7555	5708	6217	1	1,217,2218,3794,1272,53,0
5	None	131	1333	2127	2633	1	1,125,664,498,45,0
6	None	191	4285	3557	4078	1	1,184,1548,2091,461,0,0
6	None	430	35776	23547	24059	1	1,423,6958,17916,9591,883,4
6	None	308	16110	11302	11801	1	1,301,3928,8224,3446,210,0
6	None	79	1266	91	121	1	1,72,481,579,130,3,0
5	None	119	1831	2715	3127	1	1,113,777,811,128,1
6	None	48	480	223	378	1	1,41,207,199,32,0,0
6	None	75	1392	1155	1493	1	1,68,493,656,169,5,0
6	None	61	750	684	1013	1	1,54,315,326,54,0,0
6	None	48	489	459	760	1	1,41,215,203,29,0,0
5	None	42	270	147	247	1	1,36,141,86,6,0
6	None	79	1488	1233	1580	1	1,72,526,703,181,5,0
6	None	172	7110	5131	5548	1	1,165,1855,3585,1421,83,0
6	None	62	750	686	1021	1	1,55,316,324,54,0,0
6	None	140	4308	1091	1229	1	1,133,1278,2148,717,31,0
6	None	49	432	422	735	1	1,42,201,168,20,0,0
5	None	58	435	141	211	1	1,52,224,147,11,0
6	None	79	1560	634	811	1	1,72,527,737,214,9,0
6	None	62	832	723	1070	1	1,55,317,367,89,3,0
6	None	80	1566	1275	1634	1	1,73,531,739,213,9,0
6	None	97	2576	221	261	1	1,90,786,1262,417,20,0
6	None	63	930	19	27	1	1,56,349,421,100,3,0
6	None	46	504	455	753	1	1,39,206,214,43,1,0
6	None	100	2440	128	153	1	1,93,777,1188,366,15,0
6	None	104	2928	561	652	1	1,97,885,1451,474,20,0
6	None	60	872	751	1075	1	1,53,328,392,95,3,0
6	None	399	22407	3893	4034	1	1,392,5308,11431,4956,319,0
6	None	182	5716	4369	4829	1	1,175,1728,2866,913,33,0
6	None	100	1305	1210	1641	1	1,93,563,564,84,0,0
6	None	209	5310	4307	4813	1	1,202,1846,2646,615,0,0
6	None	161	3441	2883	3352	1	1,154,1262,1665,359,0,0
6	None	453	26822	18523	19104	1	1,446,6263,13733,5997,382,0
5	None	149	1789	926	1097	1	1,143,845,719,81,0
6	None	294	16222	11267	11751	1	1,287,3831,8262,3605,236,0
6	None	266	11990	8609	9099	1	1,259,3108,6096,2393,133,0
5	None	129	2042	57	65	1	1,123,863,910,144,1
5	None	36	132	231	545	1	1,30,77,24,0,0
5	None	23	64	108	361	1	1,17,36,10,0,0
6	None	59	694	160	241	1	1,52,296,297,48,0,0
6	None	67	1068	83	113	1	1,60,399,490,115,3,0
6	None	72	936	425	603	1	1,65,389,409,72,0,0
5	None	54	420	672	1007	1	1,48,212,147,12,0
6	None	158	5184	3907	4332	1	1,151,1510,2595,887,40,0
5	None	65	582	307	425	1	1,59,287,215,20,0
5	None	50	377	67	103	1	1,44,190,131,11,0
6	None	78	1178	1027	1393	1	1,71,454,530,119,3,0
5	None	43	265	87	149	1	1,37,140,82,5,0
6	None	104	2876	2212	2577	1	1,97,874,1420,464,20,0
6	None	60	420	456	815	1	1,53,228,138,0,0,0
5	None	52	391	627	959	1	1,46,198,135,11,0
5	None	51	390	207	317	1	1,45,195,137,12,0
5	None	51	360	39	61	1	1,45,187,119,8,0
5	None	27	93	159	425	1	1,21,53,18,0,0
6	None	105	2898	743	866	1	1,98,881,1431,467,20,0
6	None	68	972	281	399	1	1,61,370,434,103,3,0
5	None	49	233	402	763	1	1,43,134,55,0,0
6	None	116	3688	2766	3139	1	1,109,1058,1838,650,32,0
5	None	70	745	1146	1501	1	1,64,347,298,35,0
6	None	81	1524	1262	1617	1	1,74,537,718,188,6,0
6	None	412	23260	8082	8365	1	1,405,5516,11879,5132,327,0
6	None	327	15251	575	603	1	1,320,3938,7776,3049,167,0
6	None	310	12375	4559	4837	1	1,303,3441,6291,2236,103,0
6	None	198	8174	5929	6371	1	1,191,2182,4156,1565,79,0
6	None	334	18720	13007	13506	1	1,327,4449,9579,4109,255,0
5	None	49	230	81	151	1	1,43,135,51,0,0
6	None	180	6240	1171	1278	1	1,173,1805,3139,1074,48,0
6	None	258	12432	8818	9291	1	1,251,3122,6334,2574,150,0
6	None	242	10788	3878	4111	1	1,235,2818,5503,2120,111,0
5	None	38	161	276	593	1	1,32,92,36,0,0
6	None	64	831	747	1084	1	1,57,341,367,65,0,0
6	None	34	192	199	479	1	1,27,97,62,5,0,0
6	None	125	3141	2487	2894	1	1,118,1017,1537,453,15,0
5	None	44	255	84	149	1	1,38,135,76,5,0
5	None	61	444	2	3	1	1,55,233,146,9,0
5	None	33	126	3	7	1	1,27,73,25,0,0
5	None	52	370	597	937	1	1,46,189,124,10,0
6	None	140	4158	3187	3600	1	1,133,1258,2067,671,28,0
6	None	38	209	221	521	1	1,31,108,64,5,0,0
6	None	109	2811	733	860	1	1,102,888,1381,423,16,0
6	None	104	2316	1869	2255	1	1,97,779,1118,311,10,0
6	None	89	1863	1519	1875	1	1,82,640,894,239,7,0
6	None	64	758	701	1041	1	1,57,325,324,51,0,0
5	None	39	193	330	631	1	1,33,110,49,0,0
6	None	96	1875	260	323	1	1,89,671,891,218,5,0
6	None	82	1469	1235	1594	1	1,75,535,689,165,4,0
6	None	34	146	164	453	1	1,27,82,36,0,0,0
5	None	47	309	169	275	1	1,41,164,98,5,0
6	None	94	2340	1832	2191	1	1,87,740,1146,352,14,0
5	None	36	190	312	607	1	1,30,101,55,3,0
5	None	47	346	185	289	1	1,41,175,119,10,0
6	None	84	1744	1409	1769	1	1,77,586,834,237,9,0
6	None	44	466	423	715	1	1,37,192,196,39,1,0
6	None	333	15642	5596	5867	1	1,326,4042,8003,3108,162,0
6	None	154	4021	289	330	1	1,147,1299,1973,581,20,0
6	None	211	5197	707	794	1	1,204,1827,2577,588,0,0
6	None	338	16442	11680	12229	1	1,331,4146,8380,3388,196,0
5	None	198	3479	568	625	1	1,192,1445,1580,259,2
6	None	257	12346	8759	9231	1	1,250,3092,6272,2575,156,0
6	None	379	25634	4329	4457	1	1,372,5521,12989,6264,486,1
6	None	215	9224	6646	7105	1	1,208,2403,4666,1840,106,0
6	None	300	16468	2291	2388	1	1,293,3913,8401,3629,231,0
6	None	30	248	223	479	1	1,23,100,100,23,1,0
6	None	123	3283	2567	2962	1	1,116,1042,1627,483,14,0
6	None	100	2250	903	1093	1	1,93,749,1089,308,10,0
5	None	26	79	138	401	1	1,20,46,12,0,0
6	None	85	1602	1329	1694	1	1,78,568,757,193,5,0
5	None	75	685	1089	1469	1	1,69,339,252,24,0
5	None	73	761	1179	1541	1	1,67,359,300,34,0
5	None	82	825	258	337	1	1,76,396,318,34,0
6	None	82	1578	18	23	1	1,75,546,745,204,7,0
5	None	42	209	119	225	1	1,36,119,53,0,0
6	None	44	390	372	673	1	1,37,176,156,20,0,0
5	None	83	872	1356	1745	1	1,77,414,342,38,0
6	None	98	2223	1778	2155	1	1,91,735,1078,308,10,0
6	None	109	2994	2306	2685	1	1,102,913,1478,480,20,0
6	None	94	2328	913	1091	1	1,87,736,1135,354,15,0
5	None	46	310	8	13	1	1,40,161,101,7,0
5	None	68	723	370	487	1	1,62,335,290,35,0
6	None	99	2596	49	58	1	1,92,799,1275,411,18,0
6	None	84	1892	755	926	1	1,77,621,915,268,10,0
5	None	47	322	18	29	1	1,41,166,106,8,0
6	None	102	2844	2182	2543	1	1,95,860,1406,462,20,0
6	None	132	5142	3712	4101	1	1,125,1332,2568,1048,68,0
6	None	81	1572	1296	1645	1	1,74,551,746,194,6,0
5	None	54	421	226	335	1	1,48,214,146,12,0
6	None	444	26197	18103	18670	1	1,437,6115,13389,5873,382,0
6	None	183	3887	821	945	1	1,176,1447,1873,390,0,0
6	None	204	6910	1303	1422	1	1,197,2020,3469,1172,51,0
6	None	435	24442	2431	2514	1	1,428,5850,12521,5317,325,0
6	None	372	18837	667	694	1	1,365,4744,9667,3852,208,0
6	None	243	6653	5331	5855	1	1,236,2263,3348,805,0,0
6	None	126	2617	1086	1301	1	1,119,933,1251,306,7,0
5	None	110	1287	664	807	1	1,104,607,518,57,0
6	None	295	15848	11056	11543	1	1,288,3788,8066,3480,225,0
5	None	43	194	333	671	1	1,37,111,45,0,0
5	None	24	74	126	379	1	1,18,42,13,0,0
6	None	95	1953	1603	1975	1	1,88,681,936,241,6,0
6	None	89	1470	1277	1648	1	1,82,571,681,135,0,0
6	None	107	2787	29	34	1	1,100,876,1371,423,16,0
6	None	34	175	92	235	1	1,27,90,53,4,0,0
6	None	77	1548	629	800	1	1,70,528,741,202,6,0
6	None	162	5973	2195	2409	1	1,155,1634,3001,1122,60,0
5	None	57	483	762	1103	1	1,51,236,177,18,0
5	None	76	790	1227	1597	1	1,70,375,310,34,0
6	None	128	3657	7	8	1	1,121,1113,1809,588,25,0
6	None	60	746	677	1003	1	1,53,311,326,55,0,0
6	None	82	1215	1075	1447	1	1,75,485,548,105,1,0
6	None	51	590	533	842	1	1,44,242,253,49,1,0
5	None	59	508	804	1145	1	1,53,251,186,17,0
5	None	54	452	102	149	1	1,48,222,165,16,0
6	None	88	1946	1559	1916	1	1,81,645,941,269,9,0
5	None	42	265	429	739	1	1,36,137,85,6,0
6	None	60	936	799	1111	1	1,53,348,428,103,3,0
5	None	60	613	942	1273	1	1,54,284,244,30,0
6	None	120	3826	1437	1625	1	1,113,1103,1909,668,32,0
5	None	45	286	468	785	1	1,39,150,90,6,0
6	None	102	2984	2262	2623	1	1,95,874,1474,514,26,0
6	None	94	2412	1879	2231	1	1,87,754,1184,371,15,0
6	None	56	704	631	948	1	1,49,287,309,57,1,0
6	None	267	10876	568	605	1	1,260,2961,5525,2030,99,0
5	None	227	4410	2134	2309	1	1,221,1779,2051,355,3
6	None	275	9888	1857	1991	1	1,268,2875,4995,1678,71,0
6	None	201	5955	1156	1279	1	1,194,1865,2973,894,28,0
5	None	147	1824	2823	3311	1	1,141,858,741,83,0
6	None	213	7344	5530	6011	1	1,206,2148,3706,1234,49,0
6	None	195	5303	4198	4697	1	1,188,1736,2634,726,18,0
6	None	232	7486	2861	3120	1	1,225,2256,3745,1210,49,0
6	None	370	17980	6403	6684	1	1,363,4575,9179,3656,206,0
5	None	133	2116	3132	3559	1	1,127,896,943,148,1
5	None	36	139	243	551	1	1,30,81,27,0,0
6	None	243	12096	8526	8977	1	1,236,2981,6158,2564,156,0
6	None	383	24968	16969	17477	1	1,376,5534,12742,5901,414,0
5	None	897	23210	10937	11197	1	1,891,9025,11381,1912,0
5	None	1703	62648	28514	28811	1	1,1697,21033,32330,7481,106
5	None	1115	35990	49722	50527	1	1,1109,12642,18259,3932,47
5	None	1600	57529	78717	79595	1	1,1594,19467,29601,6772,94
5	None	1403	47588	65400	66241	1	1,1397,16548,24334,5252,56
5	None	2707	123948	55501	55813	1	1,2701,38196,65405,17305,340
5	None	1869	73687	100056	100945	1	1,1863,24038,38320,9314,151
5	None	916	25115	3923	4013	1	1,910,9405,12416,2364,19
6	None	155	5541	4099	4514	1	1,148,1542,2783,1015,52,0
6	None	45	351	350	657	1	1,38,168,130,14,0,0
5	None	75	784	406	527	1	1,69,371,308,35,0
6	None	48	377	381	695	1	1,41,184,138,13,0,0
5	None	44	251	141	245	1	1,38,141,71,0,0
6	None	87	1731	1426	1783	1	1,80,606,824,214,6,0
6	None	125	3313	2597	2995	1	1,118,1057,1640,483,14,0
5	None	56	478	756	1087	1	1,50,235,175,17,0
5	None	51	339	62	99	1	1,45,180,107,6,0
6	None	106	3074	19	22	1	1,99,906,1517,525,26,0
5	None	50	337	552	881	1	1,44,177,108,7,0
5	None	56	451	720	1057	1	1,50,226,160,14,0
6	None	91	2276	1777	2130	1	1,84,715,1115,347,14,0
5	None	54	421	675	1007	1	1,48,213,147,12,0
6	None	265	10294	3803	4060	1	1,258,2886,5237,1834,78,0
6	None	352	17251	1532	1601	1	1,345,4367,8821,3522,195,0
6	None	371	18654	2642	2753	1	1,364,4682,9544,3846,217,0
6	None	396	19993	14157	14734	1	1,389,5016,10227,4125,235,0
6	None	422	25280	8698	8981	1	1,415,5801,12873,5794,396,0
5	None	75	430	50	79	1	1,69,250,110,0,0
6	None	50	516	471	793	1	1,43,214,214,43,1,0
6	None	285	15708	10906	11383	1	1,278,3702,7994,3502,231,0
6	None	22	72	76	315	1	1,15,38,18,0,0,0
5	None	34	143	82	179	1	1,28,82,32,0,0
5	None	30	107	183	467	1	1,24,61,21,0,0
6	None	36	231	79	172	1	1,29,115,79,7,0,0
6	None	76	1101	981	1333	1	1,69,446,496,89,0,0
5	None	89	965	1497	1897	1	1,83,455,382,44,0
6	None	63	756	692	1033	1	1,56,319,326,54,0,0
5	None	49	331	180	289	1	1,43,172,107,8,0
6	None	72	942	851	1210	1	1,65,388,413,75,0,0
5	None	26	88	50	137	1	1,20,50,17,0,0
6	None	93	2300	1805	2158	1	1,86,729,1123,347,14,0
5	None	46	324	522	835	1	1,40,165,109,9,0
6	None	66	822	149	219	1	1,59,340,356,65,1,0
6	None	129	4234	792	889	1	1,122,1209,2115,750,37,0
6	None	58	712	643	968	1	1,51,293,309,57,1,0
6	None	77	1624	217	274	1	1,70,537,779,228,9,0
5	None	58	581	298	407	1	1,52,270,230,28,0
5	None	49	390	621	931	1	1,43,194,139,13,0
5	None	35	200	327	607	1	1,29,105,61,4,0
6	None	256	7552	659	719	1	1,249,2436,3780,1059,27,0
6	None	427	24273	16865	17432	1	1,420,5760,12409,5345,338,0
6	None	447	24790	17297	17893	1	1,440,5969,12696,5359,325,0
6	None	283	11392	8359	8893	1	1,276,3128,5782,2103,102,0
6	None	262	7519	2987	3254	1	1,255,2522,3811,930,0,0
6	None	208	5621	4487	4985	1	1,201,1896,2828,695,0,0
10	None	None	73860	25469	27536	1	1,81,1914,12738,28708,23380,6535,499,4,0,0
10	None	None	118110	125569	132490	1	1,125,3254,21758,47248,35986,9127,607,4,0,0
10	None	None	682020	376282	381199	1	1,208,8215,77596,233739,252279,97632,12014,335,1,0
10	None	None	85920	15375	16511	1	1,105,2460,15756,33898,26242,6949,505,4,0,0
5	None	None	44	21	97	1	1,11,20,11,1,0
7	None	None	15	80	1449	1	1,6,8,0,0,0,0,0
8	None	None	8	0	1	1	1,7,0,0,0,0,0,0,0
8	None	None	52	435	3493	1	1,11,29,11,0,0,0,0,0
5	None	None	40	57	277	1	1,10,18,10,1,0
4	None	None	24	2	9	1	1,9,12,2,0
4	None	None	42	11	35	1	1,13,22,6,0
4	None	None	47	25	76	1	1,15,25,6,0
4	None	None	48	25	79	1	1,16,25,6,0
4	None	None	72	20	53	1	1,25,40,6,0
4	None	None	150	29	51	1	1,32,84,32,1
4	None	None	237	47	72	1	1,47,138,50,1
7	None	None	204	808	2401	1	1,16,73,86,26,2,0,0
7	None	None	321	1273	2977	1	1,22,115,140,41,2,0,0
7	None	None	678	92	167	1	1,24,162,304,162,24,1,0
7	None	None	468	1774	3625	1	1,28,157,209,68,5,0,0
7	None	None	468	607	1259	1	1,31,162,202,67,5,0,0
7	None	None	1530	4622	6521	1	1,40,346,710,384,48,1,0
7	None	None	2013	5782	7849	1	1,46,409,914,554,86,3,0
7	None	None	804	3058	5329	1	1,46,271,362,116,8,0,0
7	None	None	1728	5353	7393	1	1,48,411,808,411,48,1,0
7	None	None	948	3655	5809	1	1,49,328,440,125,5,0,0
7	None	None	1056	4085	6881	1	1,65,362,462,155,11,0,0
7	None	None	1578	6067	8641	1	1,76,544,740,209,8,0,0
7	None	None	648	1997	3665	1	1,22,151,290,159,24,1,0
4	None	None	227	134	209	1	1,45,131,49,1
4	None	None	330	7	10	1	1,58,187,81,3
7	None	None	174	689	2225	1	1,14,62,72,23,2,0,0
7	None	None	320	1273	2917	1	1,21,115,140,41,2,0,0
7	None	None	844	3191	5153	1	1,41,284,396,117,5,0,0
7	None	None	947	3655	5749	1	1,48,328,440,125,5,0,0
7	None	None	1474	5603	7985	1	1,68,500,696,201,8,0,0
7	None	None	1120	608	983	1	1,62,377,507,162,11,0,0
7	None	None	1211	4660	7453	1	1,69,415,545,170,11,0,0
7	None	None	1456	1108	1717	1	1,80,491,660,210,14,0,0
7	None	None	448	1688	3473	1	1,26,149,201,66,5,0,0
7	None	None	1140	334	541	1	1,64,385,515,164,11,0,0
4	None	None	48	13	40	1	1,17,26,4,0
7	None	None	203	808	2341	1	1,15,73,86,26,2,0,0
7	None	None	1951	1848	2515	1	1,43,387,883,548,86,3,0
7	None	None	784	2972	5177	1	1,44,263,354,114,8,0,0
7	None	None	762	2953	5329	1	1,48,262,332,111,8,0,0
4	None	None	242	24	37	1	1,49,141,50,1
7	None	None	539	2092	4045	1	1,33,187,239,74,5,0,0
4	None	None	195	116	185	1	1,40,113,40,1
7	None	None	540	2092	4105	1	1,34,187,239,74,5,0,0
7	None	None	1577	6067	8581	1	1,75,544,740,209,8,0,0
7	None	None	875	3376	5749	1	1,51,301,392,122,8,0,0
7	None	None	876	3376	5809	1	1,52,301,392,122,8,0,0
6	None	None	83	255	184	3	1,7,15,15,15,15,15
6	None	None	44	45	239	1	1,8,22,12,1,0,0
7	None	None	158	616	2081	1	1,12,55,66,22,2,0,0
7	None	None	209	803	2297	1	1,14,71,90,31,2,0,0
7	None	None	69	380	1993	1	1,14,38,16,0,0,0,0
6	None	None	87	97	337	1	1,17,48,20,1,0,0
7	None	None	349	1212	2825	1	1,18,102,158,64,6,0,0
7	None	None	375	453	995	1	1,20,117,170,63,4,0,0
5	None	None	12	15	199	1	1,5,5,1,0,0
6	None	None	49	51	259	1	1,10,25,12,1,0,0
7	None	None	314	338	131	4	1,12,41,52,52,52,52,52
5	None	None	81	44	123	1	1,16,43,20,1,0
7	None	None	155	669	2185	1	1,14,63,64,13,0,0,0
7	None	None	101	553	2161	1	1,16,55,28,1,0,0,0
6	None	None	151	47	128	1	1,18,66,57,9,0,0
6	None	None	177	166	405	1	1,19,77,68,12,0,0
6	None	None	54	55	262	1	1,10,27,15,1,0,0
7	None	None	178	702	2233	1	1,14,63,74,24,2,0,0
6	None	None	142	131	371	1	1,17,61,54,9,0,0
7	None	None	116	620	2253	1	1,17,62,36,0,0,0,0
7	None	None	181	809	2457	1	1,18,77,72,13,0,0,0
7	None	None	55	280	1697	1	1,9,28,17,0,0,0,0
6	None	None	59	63	281	1	1,12,31,14,1,0,0
7	None	None	135	569	2033	1	1,12,53,56,13,0,0,0
5	None	None	65	108	353	1	1,16,36,12,0,0
5	None	None	46	24	113	1	1,16,24,5,0,0
6	None	None	156	30	77	1	1,18,71,58,8,0,0
6	None	None	40	41	228	1	1,7,20,11,1,0,0
7	None	None	57	12	13	6	1,8,8,8,8,8,8,8
6	None	None	88	81	299	1	1,12,38,32,5,0,0
7	None	None	66	350	1881	1	1,12,35,18,0,0,0,0
7	None	None	154	652	2185	1	1,14,61,64,14,0,0,0
7	None	None	98	523	2161	1	1,16,52,28,1,0,0,0
6	None	None	88	97	347	1	1,18,48,20,1,0,0
5	None	None	102	171	425	1	1,20,57,24,0,0
4	None	None	8	4	5	3	1,1,2,2,2
5	None	None	9	12	175	1	1,3,4,1,0,0
6	None	None	38	8	49	1	1,9,20,8,0,0,0
4	None	None	120	159	67	3	1,11,29,39,40
4	None	None	132	175	73	3	1,12,32,43,44
5	None	None	58	93	329	1	1,14,31,12,0,0
7	None	None	177	692	2233	1	1,14,62,74,24,2,0,0
5	None	None	57	3	11	1	1,18,33,5,0,0
6	None	None	120	123	365	1	1,18,60,38,3,0,0
7	None	None	117	620	2313	1	1,18,62,36,0,0,0,0
5	None	None	21	11	75	1	1,7,11,2,0,0
5	None	None	32	15	83	1	1,8,14,8,1,0
7	None	None	10	0	1	1	1,9,0,0,0,0,0,0
6	None	None	78	4	15	1	1,13,39,23,2,0,0
5	None	None	95	156	401	1	1,18,51,24,1,0
7	None	None	349	1271	2877	1	1,19,110,158,57,4,0,0
6	None	None	67	71	303	1	1,14,35,16,1,0,0
7	None	None	102	553	2221	1	1,17,55,28,1,0,0,0
6	None	None	43	9	10	5	1,7,7,7,7,7,7
7	None	None	30	170	1641	1	1,9,17,3,0,0,0,0
6	None	None	72	9	35	1	1,11,35,23,2,0,0
6	None	None	93	93	317	1	1,14,45,30,3,0,0
6	None	None	114	1	3	1	1,16,56,38,3,0,0
4	None	None	76	43	101	1	1,22,43,10,0
7	None	None	92	3	1	6	1,4,7,10,13,16,19,22
7	None	None	38	210	1601	1	1,8,21,8,0,0,0,0
7	None	None	214	287	843	1	1,18,78,88,27,2,0,0
7	None	None	332	1233	2897	1	1,20,108,148,51,4,0,0
3	5	16	26	12	37	1	1,12,12,1
3	5	18	31	15	41	1	1,14,15,1
3	5	18	30	14	41	1	1,14,14,1
3	5	20	35	17	45	1	1,16,17,1
3	5	20	34	16	45	1	1,16,16,1
3	5	24	45	23	53	1	1,20,23,1
3	5	26	52	27	59	1	1,22,27,2
3	5	30	66	12	23	1	1,26,36,3
4	5	42	178	105	173	1	1,37,102,37,1
4	5	42	188	7	11	1	1,37,109,40,1
4	5	45	194	23	37	1	1,40,112,40,1
4	5	50	236	141	211	1	1,45,138,51,1
4	5	51	233	139	212	1	1,46,136,49,1
4	5	51	240	72	107	1	1,46,141,51,1
4	5	53	255	153	224	1	1,48,150,55,1
4	5	60	322	193	267	1	1,55,187,77,2
4	5	61	319	191	268	1	1,56,185,75,2
4	5	71	417	250	329	1	1,66,241,106,3
5	5	130	2061	3051	3473	1	1,124,872,918,145,1
