d	r	c	M	maxR_num	maxR_den	argk	hstar	lam	mu	nu	src
4	5	5	2	1	25	1	1,0,1,0,0	6,4,3,2	2,2,1	7,5,4,3,1	purged_region\ladder_climb.jsonl
5	6	6	2	1	45	2	1,0,1,0,0,0	5,4,3,2	2,2,1,1	6,5,4,3,1,1	purged_region\ladder_climb.jsonl
6	7	7	2	13	812	2	1,0,1,0,0,0,0	4,3,2,1,1	2,2,1,1,1	5,4,3,2,2,1,1	purged_region\ladder_climb.jsonl
3	5	4	1	0	1	1	1,0,0,0	3,2,1	4,2,1	6,3,2,1,1	purged_region\ladder_r5.jsonl
3	5	5	2	0	1	1	1,1,0,0	4,2,1	4,2,1	6,4,2,1,1	purged_region\ladder_r5.jsonl
3	5	5	3	1	13	1	1,1,1,0	3,2	4,3,2,1	5,4,3,2,1	purged_region\ladder_r5.jsonl
4	5	6	2	0	1	1	1,1,0,0,0	3,1,1	4,3,2,1	5,4,3,2,1	purged_region\ladder_r5.jsonl
4	5	6	3	1	28	1	1,1,1,0,0	3,2,1	4,3,2	5,4,3,2,1	purged_region\ladder_r5.jsonl
4	5	5	1	0	1	1	1,0,0,0,0	4,2,1	4,3,1	5,4,3,2,1	purged_region\ladder_r5.jsonl
4	5	7	4	1	31	1	1,2,1,0,0	4,3,2	4,2,1	6,4,3,2,1	purged_region\ladder_r5.jsonl
3	5	6	4	1	15	1	1,2,1,0	4,3,2,1	4,2	6,4,3,2,1	purged_region\ladder_r5.jsonl
3	5	6	3	0	1	1	1,2,0,0	5,3,1,1	4,2,1	7,5,3,1,1	purged_region\ladder_r5.jsonl
4	5	7	5	2	31	1	1,2,2,0,0	4,3,1	4,3,2	6,5,3,2,1	purged_region\ladder_r5.jsonl
5	5	6	1	0	1	1	1,0,0,0,0,0	4,3,2,1	3,2,1,1	6,5,3,2,1	purged_region\ladder_r5.jsonl
3	5	7	4	0	1	1	1,3,0,0	5,3,1	5,3,1	8,5,3,1,1	purged_region\ladder_r5_hi.jsonl
3	5	7	5	1	17	1	1,3,1,0	5,2	5,3,2,1	7,5,3,2,1	purged_region\ladder_r5_hi.jsonl
4	5	7	3	0	1	1	1,2,0,0,0	4,2,1,1	5,3,2	7,5,3,2,1	purged_region\ladder_r5_hi.jsonl
5	5	7	2	0	1	1	1,1,0,0,0,0	4,2,1,1	4,3,2,1	6,5,4,2,1	purged_region\ladder_r5_hi.jsonl
5	6	8	6	9	161	1	1,2,3,0,0,0	4,3,2,1	3,2,1	5,4,3,2,1,1	purged_region\ladder_r6.jsonl
5	6	7	3	3	149	1	1,1,1,0,0,0	4,3,1,1	3,2,1,1	5,4,3,2,1,1	purged_region\ladder_r6.jsonl
5	6	8	4	3	161	1	1,2,1,0,0,0	4,3,1,1	4,2,1,1	6,4,3,2,1,1	purged_region\ladder_r6_hi.jsonl
5	6	9	7	9	173	1	1,3,3,0,0,0	4,3,2,1	4,2,1	6,4,3,2,1,1	purged_region\ladder_r6_hi.jsonl
6	6	9	6	6	167	1	1,2,3,0,0,0,0	4,3,2,1	3,2,1,1	6,4,3,2,1,1	purged_region\ladder_r6_hi.jsonl
5	6	7	4	6	149	1	1,1,2,0,0,0	4,2,2,1	3,2,2,1	5,4,3,2,2,1	purged_region\ladder_r6_hi.jsonl
5	6	9	8	12	173	1	1,3,4,0,0,0	4,3,2,1	4,3,1	6,5,3,2,1,1	purged_region\ladder_r6_n18b.jsonl
6	6	10	7	2	59	1	1,3,3,0,0,0,0	4,3,2,1	4,2,1,1	6,5,3,2,1,1	purged_region\ladder_r6_n18b.jsonl
6	6	7	1	0	1	1	1,0,0,0,0,0,0	4,3,2,1	3,2,2,1	6,5,3,2,1,1	purged_region\ladder_r6_n18b.jsonl
5	6	9	8	9	175	1	1,3,3,1,0,0	4,2,2,1	4,2,2,1	6,4,3,2,2,1	purged_region\ladder_r6_n18b.jsonl
6	6	9	7	8	167	1	1,2,4,0,0,0,0	4,3,2,1	3,2,2,1	6,4,3,2,2,1	purged_region\ladder_r6_n18b.jsonl
5	6	8	7	9	163	1	1,2,3,1,0,0	3,3,2,1	3,3,2,1	5,4,3,3,2,1	purged_region\ladder_r6_n18b.jsonl
5	5	53	318	537	883	1	1,47,175,91,4,0	13,10,7,4,1	10,7,4	21,15,11,6,3	purged_region\pop_profile.jsonl
5	5	10	8	9	185	1	1,4,3,0,0,0	14,10,7,4,1	11,8,1	24,15,8,5,4	purged_region\pop_profile.jsonl
6	5	156	4236	3331	3769	1	1,149,1356,2090,619,21,0	13,10,7,4,1	17,10,7,4,1	27,19,11,10,7	purged_region\pop_profile.jsonl
4	5	12	11	3	46	1	1,7,3,0,0	22,8,6,2,1	11,7,7	31,15,12,4,2	purged_region\pop_profile.jsonl
6	5	92	1152	1065	1489	1	1,85,490,490,85,1,0	15,12,7,4,1	15,10,7,4,1	27,22,14,9,4	purged_region\pop_profile.jsonl
6	5	46	248	273	607	1	1,39,135,70,3,0,0	13,10,7,4,1	16,13,7,4,1	27,22,15,7,5	purged_region\pop_profile.jsonl
8	6	10	2	0	1	1	1,1,0,0,0,0,0,0,0	9,5,4,4,2,1	15,5,2,1,1	23,10,6,5,3,2	purged_region\pop_profile.jsonl
5	5	66	520	843	1213	1	1,60,266,178,15,0	17,14,11,4,1	16,13,6,3	29,27,17,6,6	purged_region\pop_profile.jsonl
3	5	10	7	0	1	1	1,6,0,0	16,13,9,6,1	10,7,4,1	25,17,13,6,6	purged_region\pop_profile.jsonl
6	6	10	4	0	1	1	1,3,0,0,0,0,0	11,10,7,3,3,1	15,8,5,1	25,18,11,4,3,3	purged_region\pop_profile.jsonl
6	5	33	124	142	433	1	1,26,71,26,0,0,0	15,12,9,6,1	13,10,7,4,1	27,21,15,11,4	purged_region\pop_profile.jsonl
6	5	20	36	19	140	1	1,13,19,3,0,0,0	21,14,9,6,1	10,7,4,1	30,19,11,7,6	purged_region\pop_profile.jsonl
6	5	104	1862	1583	1992	1	1,97,689,865,205,5,0	18,15,12,9,1	16,9,4,1	32,21,14,13,5	purged_region\pop_profile.jsonl
6	5	217	7384	5589	6064	1	1,210,2184,3719,1221,49,0	13,10,7,4,1	15,11,7,2	25,19,15,7,4	purged_region\pop_profile.jsonl
6	5	102	1106	1132	1541	1	1,95,566,444,0,0,0	13,10,7,4,1	14,11,8,5	26,18,13,10,6	purged_region\pop_profile.jsonl
5	5	16	20	27	257	1	1,10,9,0,0,0	17,8,4,3,1	17,11,8	33,17,11,5,3	purged_region\pop_profile.jsonl
3	6	10	8	1	23	1	1,6,1,0	17,14,11,8,5,1	12,5,2	27,19,13,8,7,1	purged_region\pop_profile.jsonl
6	5	158	3638	2987	3440	1	1,151,1274,1763,439,10,0	15,10,7,4,1	15,12,7,4,1	28,20,14,9,5	purged_region\pop_profile.jsonl
5	6	21	32	45	319	1	1,15,15,1,0,0	12,5,5,3,3,1	11,9,6,4,2,2	20,14,12,7,5,5	purged_region\pop_profile.jsonl
6	5	114	2334	1940	2343	1	1,107,834,1114,272,6,0	15,11,8,5,2	26,11,4,1	39,20,11,8,5	purged_region\pop_profile.jsonl
5	6	11	10	12	197	1	1,5,4,0,0,0	8,8,5,3,1,1	15,9,5,2,1,1	22,16,10,5,4,2	purged_region\pop_profile.jsonl
5	5	21	37	63	317	1	1,15,21,0,0,0	16,12,7,4,1	13,10,7,4,1	28,19,10,10,8	purged_region\pop_profile.jsonl
4	6	9	6	1	37	1	1,4,1,0,0	8,3,3,2,1,1	13,7,4,2	19,10,7,3,3,2	purged_region\pop_profile.jsonl
5	5	42	195	38	73	1	1,36,114,44,0,0	13,10,7,4,1	10,7,4,1	18,15,14,5,5	purged_region\pop_profile.jsonl
4	5	15	27	13	58	1	1,10,13,3,0	8,8,3,1,1	12,9,4,3,1	18,15,7,6,4	purged_region\pop_profile.jsonl
5	6	9	4	0	1	1	1,3,0,0,0,0	11,3,2,2,1,1	10,7,4,3	18,9,7,5,4,1	purged_region\pop_profile.jsonl
3	5	8	6	1	19	1	1,4,1,0	10,4,4,4,1	8,6,4,3	16,9,8,7,4	purged_region\pop_profile.jsonl
3	6	8	5	0	1	1	1,4,0,0	11,5,2,2,2,1	19,11,8	28,15,12,2,2,2	purged_region\pop_profile.jsonl
6	5	52	552	505	829	1	1,45,230,230,45,1,0	16,13,10,7,4	10,7,4,1	24,19,12,9,8	purged_region\pop_profile.jsonl
5	6	40	131	76	195	1	1,34,76,20,0,0	21,13,10,7,4,1	14,11,4,1	32,24,13,7,5,5	purged_region\pop_profile.jsonl
6	5	14	8	0	1	1	1,7,0,0,0,0,0	13,10,7,4,1	15,12,7,4,1	25,24,13,7,5	purged_region\pop_profile.jsonl
6	5	16	10	0	1	1	1,9,0,0,0,0,0	13,10,7,4,1	20,11,7,4,1	31,20,16,7,4	purged_region\pop_profile.jsonl
6	5	26	102	55	182	1	1,19,55,27,0,0,0	13,10,7,4,1	15,10,7,4,1	27,18,10,9,8	purged_region\pop_profile.jsonl
6	6	13	17	9	104	1	1,6,9,1,0,0,0	7,7,5,3,3,2	15,7,3,2,2,1	19,13,9,6,5,5	purged_region\pop_profile.jsonl
7	6	8	1	0	1	1	1,0,0,0,0,0,0,0	11,8,7,2,1,1	17,12,8,1	27,20,14,3,2,2	purged_region\pop_profile.jsonl
6	5	190	6730	5023	5475	1	1,183,1920,3388,1183,55,0	15,10,7,4,1	12,7,4,1	24,15,10,8,4	purged_region\pop_profile.jsonl
5	5	19	38	60	301	1	1,13,20,4,0,0	10,4,2,1,1	11,5,4,1	18,9,6,4,2	purged_region\pop_profile.jsonl
5	5	26	81	46	135	1	1,20,46,14,0,0	12,6,4,2,1	11,10,3	21,14,8,4,2	purged_region\pop_profile.jsonl
3	5	13	15	5	29	1	1,9,5,0	16,10,7,4,1	18,8,5,2	34,16,11,7,3	purged_region\pop_profile.jsonl
7	6	15	21	110	1517	1	1,7,11,2,0,0,0,0	8,7,4,3,1,1	6,5,3,1	13,11,6,5,2,2	purged_region\pop_profile.jsonl
3	5	26	53	28	59	1	1,22,28,2	15,12,9,4,1	12,9,3	23,20,14,4,4	purged_region\pop_profile.jsonl
5	5	40	176	303	625	1	1,34,100,40,1,0	16,13,9,5,2	20,9,6	34,21,14,7,4	purged_region\pop_profile.jsonl
3	5	10	10	3	23	1	1,6,3,0	21,16,9,4,1	7,4,1	26,19,11,4,3	purged_region\pop_profile.jsonl
5	5	17	25	39	269	1	1,11,13,0,0,0	13,10,7,4,1	10,7,4,1	21,16,8,6,6	purged_region\pop_profile.jsonl
5	5	14	23	12	79	1	1,8,12,2,0,0	15,12,3,2,1	7,4,3,2	18,17,5,5,4	purged_region\pop_profile.jsonl
6	6	14	21	22	219	1	1,7,11,2,0,0,0	8,4,2,2,1,1	19,3,2,1,1	25,6,5,3,3,2	purged_region\pop_profile.jsonl
6	5	72	832	255	383	1	1,65,350,350,65,1,0	13,10,7,4,1	17,12,9,1	27,22,14,6,5	purged_region\pop_profile.jsonl
6	5	28	72	80	367	1	1,21,40,10,0,0,0	16,13,10,4,1	13,9,4,1	27,22,13,5,4	purged_region\pop_profile.jsonl
6	5	77	666	102	155	1	1,70,357,238,0,0,0	15,12,9,4,1	13,10,7,4,1	27,20,14,9,6	purged_region\pop_profile.jsonl
6	5	61	500	262	435	1	1,54,262,183,0,0,0	17,11,6,3,1	15,8,4,2	31,16,10,6,4	purged_region\pop_profile.jsonl
6	5	33	140	154	443	1	1,26,77,36,0,0,0	17,12,9,6,2	16,12,4,1	32,21,11,8,7	purged_region\pop_profile.jsonl
6	5	140	2568	2229	2680	1	1,133,995,1197,239,3,0	16,11,8,5,2	13,10,7,4,1	26,20,16,9,6	purged_region\pop_profile.jsonl
4	5	10	6	0	1	1	1,5,0,0,0	10,7,4,2,1	22,10,1,1	30,16,5,5,2	purged_region\pop_profile.jsonl
6	5	36	176	32	81	1	1,29,95,49,2,0,0	18,15,12,7,1	13,10,7,2	27,26,20,9,3	purged_region\pop_profile.jsonl
5	5	14	15	18	233	1	1,8,6,0,0,0	11,11,6,4,1	12,6,2,1	22,14,9,5,4	purged_region\pop_profile.jsonl
6	5	125	2576	2129	2570	1	1,118,905,1223,319,10,0	25,14,11,5,2	14,11,7,1	35,25,17,7,6	purged_region\pop_profile.jsonl
5	6	8	3	0	1	1	1,2,0,0,0,0	6,5,2,2,1,1	13,10,9,1	17,15,11,4,2,1	purged_region\pop_profile.jsonl
5	5	13	17	24	223	1	1,7,8,1,0,0	9,6,2,1,1	6,4,3,2	12,10,6,4,2	purged_region\pop_profile.jsonl
8	6	12	4	0	1	1	1,3,0,0,0,0,0,0,0	8,5,4,4,2,1	11,10,6,4,1,1	18,12,11,7,5,4	purged_region\pop_profile.jsonl
7	6	28	194	865	2593	1	1,20,82,76,15,0,0,0	18,15,10,7,4,1	15,7,1	31,21,11,8,5,2	purged_region\pop_profile.jsonl
5	5	78	522	897	1301	1	1,72,299,150,0,0	13,10,7,4,1	20,11,4	29,19,13,5,4	purged_region\pop_profile.jsonl
3	5	16	20	1	5	1	1,12,7,0	16,13,8,4,1	10,7,4,1	23,20,13,4,4	purged_region\pop_profile.jsonl
6	5	42	230	129	281	1	1,35,129,65,0,0,0	15,12,9,6,3	17,14,4,1	31,24,12,9,5	purged_region\pop_profile.jsonl
4	6	8	5	1	34	1	1,3,1,0,0	19,3,3,2,1,1	20,9,1	37,12,4,3,2,1	purged_region\pop_profile.jsonl
6	5	128	2276	179	220	1	1,121,875,1057,219,3,0	18,14,11,7,4	15,9,6,3	29,24,16,10,8	purged_region\pop_profile.jsonl
4	6	9	5	0	1	1	1,4,0,0,0	7,7,6,5,3,1	15,11,5,3,3	21,18,9,9,6,3	purged_region\pop_profile.jsonl
6	5	220	7410	5637	6106	1	1,213,2235,3759,1167,35,0	19,14,8,5,2	13,10,7,4,1	30,21,15,10,7	purged_region\pop_profile.jsonl
5	5	20	56	93	325	1	1,14,31,10,0,0	8,7,5,2,1	20,13,6	26,19,10,4,3	purged_region\pop_profile.jsonl
5	5	22	39	66	329	1	1,16,22,0,0,0	13,10,7,4,1	10,7,4,1	22,13,10,6,6	purged_region\pop_profile.jsonl
3	6	18	26	11	39	1	1,14,11,0	18,15,12,8,5,1	15,11,4	31,24,17,8,5,4	purged_region\pop_profile.jsonl
6	5	44	212	248	567	1	1,37,124,50,0,0,0	21,15,9,6,3	13,10,7,4,1	33,24,14,11,7	purged_region\pop_profile.jsonl
6	5	56	306	344	721	1	1,49,172,84,0,0,0	16,10,7,4,1	17,13,10,4,1	32,21,17,8,5	purged_region\pop_profile.jsonl
6	5	8	2	0	1	1	1,1,0,0,0,0,0	15,12,9,4,1	15,12,7,4,1	29,24,16,8,3	purged_region\pop_profile.jsonl
3	5	12	14	5	27	1	1,8,5,0	13,7,5,2,2	25,8,5	36,14,11,4,2	purged_region\pop_profile.jsonl
5	5	15	20	27	247	1	1,9,9,1,0,0	18,9,4,3,1	12,9,2	27,19,6,4,2	purged_region\pop_profile.jsonl
6	6	9	3	0	1	1	1,2,0,0,0,0,0	16,5,5,2,2,1	13,6,2,1,1	28,9,6,6,3,2	purged_region\pop_profile.jsonl
4	6	14	16	3	26	1	1,9,6,0,0	9,5,2,2,2,1	21,15,4	27,20,7,3,2,2	purged_region\pop_profile.jsonl
5	6	54	277	69	121	1	1,48,161,67,0,0	16,13,10,7,4,1	17,9,2	30,19,14,7,5,4	purged_region\pop_profile.jsonl
6	6	13	21	20	211	1	1,6,10,4,0,0,0	6,3,3,2,1,1	9,8,5,1	13,10,8,3,3,2	purged_region\pop_profile.jsonl
5	5	11	13	18	199	1	1,5,6,1,0,0	8,8,7,6,1	12,8,3,2	19,14,10,9,3	purged_region\pop_profile.jsonl
5	5	12	16	24	211	1	1,6,8,1,0,0	17,5,4,3,1	18,4,2,1,1	33,8,7,5,3	purged_region\pop_profile.jsonl
6	5	18	32	17	130	1	1,11,17,3,0,0,0	14,10,7,4,1	20,10,7,1	33,19,14,6,2	purged_region\pop_profile.jsonl
8	6	30	175	1257	4798	1	1,21,82,62,9,0,0,0,0	9,8,7,5,3,2	6,3,3,2,2	13,11,9,7,6,4	purged_region\pop_profile.jsonl
6	5	34	164	180	463	1	1,27,90,46,0,0,0	15,10,7,4,1	16,10,7,4,1	30,17,15,7,6	purged_region\pop_profile.jsonl
6	5	38	174	97	251	1	1,31,97,45,0,0,0	12,9,6,5,2	13,8,4,3	24,14,11,8,5	purged_region\pop_profile.jsonl
7	6	17	28	50	547	1	1,9,15,3,0,0,0,0	14,6,4,4,2,1	9,5,4,4,1,1	22,10,8,7,5,3	purged_region\pop_profile.jsonl
5	6	23	58	99	355	1	1,17,33,7,0,0	9,7,4,3,3,2	8,5,1,1,1	14,10,7,5,4,4	purged_region\pop_profile.jsonl
5	6	24	40	63	353	1	1,18,21,0,0,0	21,14,11,7,4,1	13,10,5	33,21,14,7,6,5	purged_region\pop_profile.jsonl
5	5	11	6	0	1	1	1,5,0,0,0,0	7,4,2,2,1	9,6,3,1	13,11,5,4,2	purged_region\pop_profile.jsonl
6	5	118	2380	83	100	1	1,111,861,1131,270,6,0	13,10,7,4,1	22,11,7,2	33,16,15,9,4	purged_region\pop_profile.jsonl
3	5	25	45	2	5	1	1,21,22,1	18,15,11,4,1	15,10,7,4,1	33,21,18,9,5	purged_region\pop_profile.jsonl
6	5	85	722	388	591	1	1,78,388,255,0,0,0	16,11,8,5,1	16,12,8,5	31,20,16,11,4	purged_region\pop_profile.jsonl
6	5	52	292	108	227	1	1,45,162,84,0,0,0	18,15,9,6,2	13,10,7,4,1	28,25,15,13,4	purged_region\pop_profile.jsonl
9	6	41	840	440	1037	1	1,31,211,381,195,21,0,0,0,0	9,7,6,5,4,3	12,5,2,1	19,11,9,6,5,4	purged_region\pop_profile.jsonl
6	5	79	1018	311	436	1	1,72,428,439,77,1,0	21,18,12,6,1	11,8,5,2	30,24,15,8,7	purged_region\pop_profile.jsonl
6	6	14	16	16	217	1	1,7,8,0,0,0,0	12,8,6,4,3,2	21,6,2	32,11,7,7,4,3	purged_region\pop_profile.jsonl
6	6	11	5	0	1	1	1,4,0,0,0,0,0	12,9,9,5,4,1	6,6,3,3,1	16,14,10,10,6,3	purged_region\pop_profile.jsonl
6	5	44	234	131	291	1	1,37,131,65,0,0,0	17,12,9,5,1	17,14,6,3	33,24,14,7,6	purged_region\pop_profile.jsonl
6	5	61	418	76	137	1	1,54,228,135,0,0,0	16,10,7,4,1	19,13,6,3	34,20,11,10,4	purged_region\pop_profile.jsonl
5	5	10	9	12	185	1	1,4,4,0,0,0	7,4,3,1,1	24,6,4,3	30,9,7,5,2	purged_region\pop_profile.jsonl
4	6	9	7	2	37	1	1,4,2,0,0	10,6,3,3,2,2	14,8,6	22,13,9,4,3,3	purged_region\pop_profile.jsonl
6	5	299	12810	9311	9835	1	1,292,3440,6524,2431,122,0	18,15,10,5,1	13,10,7,4,1	28,23,17,9,7	purged_region\pop_profile.jsonl
6	5	106	1808	1565	1977	1	1,99,694,834,177,3,0	20,17,7,4,1	17,10,7,4,1	35,26,13,8,6	purged_region\pop_profile.jsonl
5	5	33	103	177	493	1	1,27,59,16,0,0	13,10,7,4,1	20,14,4,1	31,23,8,8,4	purged_region\pop_profile.jsonl
5	6	19	48	26	103	1	1,13,26,8,0,0	15,8,3,2,1,1	11,9,4,2	24,16,5,5,4,2	purged_region\pop_profile.jsonl
5	5	85	723	392	529	1	1,79,374,251,18,0	19,13,7,4,1	23,15,4	39,27,10,7,3	purged_region\pop_profile.jsonl
6	5	31	120	138	413	1	1,24,69,26,0,0,0	13,10,7,4,1	20,13,7,4,1	29,25,12,10,4	purged_region\pop_profile.jsonl
5	5	12	12	15	209	1	1,6,5,0,0,0	16,4,3,2,1	16,8,6	30,11,8,4,3	purged_region\pop_profile.jsonl
6	6	40	160	184	511	1	1,33,92,34,0,0,0	21,14,11,7,4,1	12,9,5,2	30,23,17,7,5,4	purged_region\pop_profile.jsonl
5	5	11	9	9	197	1	1,5,3,0,0,0	12,8,5,3,2	7,3,3,2,1	17,11,7,6,5	purged_region\pop_profile.jsonl
3	5	17	24	10	37	1	1,13,10,0	17,14,11,8,1	23,13	37,24,13,10,3	purged_region\pop_profile.jsonl
7	6	45	269	1460	3649	1	1,37,146,85,0,0,0,0	17,14,11,8,5,2	14,11,6	30,23,15,10,6,4	purged_region\pop_profile.jsonl
5	5	10	5	0	1	1	1,4,0,0,0,0	22,6,6,4,2	12,4,3,2	33,10,8,6,4	purged_region\pop_profile.jsonl
7	6	16	40	44	321	1	1,8,22,9,0,0,0,0	9,4,4,2,2,1	19,7,6,2	27,10,9,5,3,2	purged_region\pop_profile.jsonl
3	5	14	16	5	31	1	1,10,5,0	14,11,8,5,2	19,6	29,16,9,6,5	purged_region\pop_profile.jsonl
5	6	20	28	39	305	1	1,14,13,0,0,0	18,15,12,7,4,1	11,7,4,1	28,20,15,7,5,5	purged_region\pop_profile.jsonl
6	6	25	64	70	337	1	1,18,35,10,0,0,0	19,13,10,7,4,1	12,9,4,1	29,22,14,7,5,3	purged_region\pop_profile.jsonl
5	6	34	119	70	171	1	1,28,70,20,0,0	19,16,10,7,4,1	14,7,4	31,21,15,8,4,3	purged_region\pop_profile.jsonl
5	6	12	22	33	217	1	1,6,11,4,0,0	8,5,5,3,2,1	10,8,3,2,1	18,11,7,5,4,3	purged_region\pop_profile.jsonl
7	6	16	9	0	1	1	1,8,0,0,0,0,0,0	14,5,3,3,1,1	13,10,6,3,2,1	25,14,8,8,4,3	purged_region\pop_profile.jsonl
5	5	15	33	51	257	1	1,9,17,6,0,0	14,6,4,3,1	11,11,3,2,1	24,15,7,6,4	purged_region\pop_profile.jsonl
4	5	15	21	2	11	1	1,10,10,0,0	23,13,8,5,1	7,4,1	25,15,10,6,6	purged_region\pop_profile.jsonl
6	5	102	1724	1499	1895	1	1,95,666,792,167,3,0	25,12,9,6,1	13,10,7,4,1	36,20,15,9,8	purged_region\pop_profile.jsonl
5	5	12	13	18	209	1	1,6,6,0,0,0	8,7,4,3,1	13,10,4	20,14,8,6,2	purged_region\pop_profile.jsonl
6	5	130	2902	198	233	1	1,123,1007,1399,362,10,0	13,10,7,4,1	13,7,4,1	23,16,11,6,4	purged_region\pop_profile.jsonl
6	5	92	1504	1309	1690	1	1,85,581,687,147,3,0	14,11,7,4,1	16,11,8,4,1	27,20,17,7,6	purged_region\pop_profile.jsonl
5	5	13	13	15	221	1	1,7,5,0,0,0	15,11,8,5,2	12,9,4,1	26,19,10,6,6	purged_region\pop_profile.jsonl
3	6	9	7	1	21	1	1,5,1,0	16,13,10,7,4,1	24,10	38,19,12,10,4,2	purged_region\pop_profile.jsonl
6	5	51	298	326	677	1	1,44,163,90,0,0,0	17,14,7,4,1	15,10,4,1	31,20,11,6,5	purged_region\pop_profile.jsonl
5	6	14	19	27	235	1	1,8,9,1,0,0	13,8,6,4,4,1	13,4,3	23,13,7,5,4,4	purged_region\pop_profile.jsonl
6	5	73	904	829	1196	1	1,66,380,387,69,1,0	14,11,8,5,2	17,12,9,1	29,22,16,7,5	purged_region\pop_profile.jsonl
5	6	14	9	0	1	1	1,8,0,0,0,0	13,9,7,7,2,1	19,10,3	29,19,9,9,3,2	purged_region\pop_profile.jsonl
6	5	124	2820	2297	2704	1	1,117,973,1369,351,9,0	19,10,7,4,1	10,7,4,1	25,16,10,9,3	purged_region\pop_profile.jsonl
6	5	22	56	60	307	1	1,15,30,10,0,0,0	16,7,5,4,3	19,12,4,2	33,19,8,7,5	purged_region\pop_profile.jsonl
6	5	23	60	66	317	1	1,16,33,10,0,0,0	17,8,6,3,1	13,5,4,1	28,13,10,4,3	purged_region\pop_profile.jsonl
8	6	13	5	0	1	1	1,4,0,0,0,0,0,0,0	11,10,6,3,3,1	10,4,2,2,1	19,14,9,5,4,2	purged_region\pop_profile.jsonl
4	6	11	10	3	43	1	1,6,3,0,0	14,8,7,2,1,1	12,7,5	24,13,13,4,2,1	purged_region\pop_profile.jsonl
9	6	32	462	1720	5141	1	1,22,135,211,87,6,0,0,0,0	6,5,4,3,2,1	8,6,3,3,2	13,10,7,6,4,3	purged_region\pop_profile.jsonl
5	5	39	98	192	533	1	1,33,64,0,0,0	13,10,7,4,1	20,14,5	32,19,11,8,4	purged_region\pop_profile.jsonl
3	5	12	12	1	9	1	1,8,3,0	14,10,7,4,1	19,9,1	31,16,7,7,4	purged_region\pop_profile.jsonl
5	6	18	44	23	99	1	1,12,23,8,0,0	11,11,5,4,1,1	13,8,4,3,3,1	22,18,9,8,4,4	purged_region\pop_profile.jsonl
9	6	159	25719	9290	10379	1	1,149,2486,9396,10254,3219,214,0,0,0	19,13,10,7,4,1	12,7,4,1	29,19,12,8,7,3	purged_region\pop_profile.jsonl
5	5	82	576	981	1393	1	1,76,327,172,0,0	23,15,8,5,1	10,7,4,1	29,21,12,6,6	purged_region\pop_profile.jsonl
9	6	60	1370	14685	27773	1	1,50,382,658,263,16,0,0,0,0	16,13,10,7,4,1	16,10,7,4,1	31,20,18,8,6,6	purged_region\pop_profile.jsonl
6	6	10	8	8	177	1	1,3,4,0,0,0,0	7,6,4,4,2,1	11,7,7,6	16,12,12,10,3,2	purged_region\pop_profile.jsonl
6	5	84	1124	1025	1409	1	1,77,470,490,85,1,0	20,15,10,7,1	14,9,4,1	31,24,13,9,4	purged_region\pop_profile.jsonl
5	5	30	95	162	457	1	1,24,54,16,0,0	13,10,7,4,1	23,13,3	34,22,10,5,3	purged_region\pop_profile.jsonl
6	5	43	240	263	577	1	1,36,130,70,3,0,0	16,10,7,4,1	14,11,8,5,2	28,19,17,8,6	purged_region\pop_profile.jsonl
5	5	37	145	4	9	1	1,31,84,29,0,0	22,16,10,7,4	17,10,3	36,25,11,9,8	purged_region\pop_profile.jsonl
5	5	18	25	36	281	1	1,12,12,0,0,0	14,11,8,5,1	14,9,6,3	27,18,14,6,6	purged_region\pop_profile.jsonl
3	5	9	9	1	7	1	1,5,3,0	7,4,2,1,1	10,7,5,5,1	15,10,8,6,4	purged_region\pop_profile.jsonl
7	6	18	55	280	1753	1	1,10,28,16,0,0,0,0	9,6,4,3,1,1	14,5,3,2,1,1	22,9,6,6,4,3	purged_region\pop_profile.jsonl
6	5	30	96	108	395	1	1,23,54,18,0,0,0	13,10,7,4,1	14,11,7,4,1	26,20,11,10,5	purged_region\pop_profile.jsonl
5	5	101	890	486	631	1	1,95,465,308,21,0	16,13,10,6,3	16,10,7,4,1	29,22,15,10,10	purged_region\pop_profile.jsonl
3	5	17	25	11	37	1	1,13,11,0	19,13,10,7,4	11,6,3	27,18,15,7,6	purged_region\pop_profile.jsonl
6	5	100	1430	1305	1709	1	1,93,600,630,105,1,0	13,10,7,4,1	19,11,8,5,2	30,19,16,9,6	purged_region\pop_profile.jsonl
6	5	16	28	1	8	1	1,9,15,3,0,0,0	19,12,9,4,1	12,8,5,2	30,17,16,5,4	purged_region\pop_profile.jsonl
6	5	61	424	233	410	1	1,54,230,133,6,0,0	18,10,7,4,1	14,11,8,5,2	29,20,17,9,5	purged_region\pop_profile.jsonl
6	5	28	68	3	14	1	1,21,39,7,0,0,0	19,13,10,4,1	11,7,4,1	29,18,14,7,2	purged_region\pop_profile.jsonl
6	5	68	840	769	1119	1	1,61,352,360,65,1,0	23,14,11,8,4	14,10,4,1	35,22,16,10,6	purged_region\pop_profile.jsonl
6	5	12	6	0	1	1	1,5,0,0,0,0,0	14,10,7,4,1	11,8,5,1	24,18,9,6,4	purged_region\pop_profile.jsonl
4	5	8	4	0	1	1	1,3,0,0,0	10,6,5,4,2	16,4,2	25,8,6,6,4	purged_region\pop_profile.jsonl
6	5	29	112	121	395	1	1,22,60,28,1,0,0	13,9,6,2,1	22,6,3,2	33,15,8,5,3	purged_region\pop_profile.jsonl
6	5	136	3136	2549	2981	1	1,129,1078,1526,393,9,0	13,10,7,4,1	13,10,7,4,1	24,17,14,8,7	purged_region\pop_profile.jsonl
7	6	23	98	70	303	1	1,15,49,33,0,0,0,0	18,9,8,2,2,1	5,4,3,3,2	21,12,11,5,4,4	purged_region\pop_profile.jsonl
5	5	17	24	36	269	1	1,11,12,0,0,0	13,10,7,4,1	15,10,7	27,17,15,5,3	purged_region\pop_profile.jsonl
4	6	13	14	5	49	1	1,8,5,0,0	18,13,10,7,4,1	17,6	33,14,12,9,5,3	purged_region\pop_profile.jsonl
6	5	72	536	84	139	1	1,65,294,176,0,0,0	20,10,7,4,1	16,11,8,5	35,19,14,9,5	purged_region\pop_profile.jsonl
8	6	25	143	324	1411	1	1,16,63,54,9,0,0,0,0	10,9,8,3,2,1	11,10,8,4,2,1	19,19,15,6,5,5	purged_region\pop_profile.jsonl
6	5	246	8292	6317	6817	1	1,239,2496,4182,1325,49,0	15,10,7,4,1	22,14,6,3	34,22,14,8,4	purged_region\pop_profile.jsonl
5	5	32	112	65	163	1	1,26,65,20,0,0	15,12,9,5,2	15,6,2	28,16,10,7,5	purged_region\pop_profile.jsonl
6	5	376	21380	14831	15367	1	1,369,5053,10934,4725,298,0	18,12,7,4,1	15,12,9,6,3	30,21,15,13,8	purged_region\pop_profile.jsonl
5	5	30	94	159	457	1	1,24,53,16,0,0	17,9,5,4,1	23,4,3	37,13,8,5,3	purged_region\pop_profile.jsonl
6	5	60	666	611	958	1	1,53,279,279,53,1,0	26,13,10,7,4	14,8,5,2	38,18,17,9,7	purged_region\pop_profile.jsonl
6	5	348	17760	12541	13068	1	1,341,4423,9089,3695,211,0	18,14,7,4,1	16,12,9,4,1	31,24,15,9,7	purged_region\pop_profile.jsonl
3	5	11	8	0	1	1	1,7,0,0	17,14,7,4,1	19,14,5,2	35,24,14,9,1	purged_region\pop_profile.jsonl
4	6	53	210	127	203	1	1,48,127,34,0	16,13,10,7,4,1	18,9	29,19,12,8,6,4	purged_region\pop_profile.jsonl
6	5	166	4746	3708	4145	1	1,159,1508,2364,692,22,0	19,16,13,4,1	13,7,4,1	28,22,18,6,4	purged_region\pop_profile.jsonl
6	5	159	4578	3569	3995	1	1,152,1454,2292,661,18,0	13,10,7,4,1	13,10,7,4,1	24,18,12,9,7	purged_region\pop_profile.jsonl
5	5	15	27	15	83	1	1,9,15,2,0,0	7,6,4,2,1	12,9,6,3,3	17,14,11,6,5	purged_region\pop_profile.jsonl
6	5	70	532	584	953	1	1,63,292,176,0,0,0	18,15,11,4,1	14,10,7,1	29,23,20,5,4	purged_region\pop_profile.jsonl
6	5	57	368	135	253	1	1,50,200,112,5,0,0	13,10,7,4,1	16,13,8,5,2	27,23,13,9,7	purged_region\pop_profile.jsonl
6	6	46	238	19	43	1	1,39,133,65,0,0,0	18,13,10,7,4,1	14,10,7,1	30,22,17,7,5,4	purged_region\pop_profile.jsonl
6	5	43	228	63	143	1	1,36,126,65,0,0,0	16,10,7,4,1	13,10,7,4,1	27,19,13,11,3	purged_region\pop_profile.jsonl
4	7	10	8	1	20	1	1,5,2,0,0	13,5,5,3,2,1,1	12,6,1	22,11,5,4,3,3,1	purged_region\pop_profile.jsonl
3	5	23	35	15	49	1	1,19,15,0	16,13,10,7,2	13,10,4	27,20,14,7,7	purged_region\pop_profile.jsonl
6	5	133	2916	1199	1413	1	1,126,1018,1399,362,10,0	13,10,7,4,1	19,13,10,2	29,22,17,6,5	purged_region\pop_profile.jsonl
7	7	13	20	110	1401	1	1,5,11,3,0,0,0,0	9,7,5,4,3,2,2	11,6,2,1,1	19,12,5,5,5,4,3	purged_region\pop_profile.jsonl
5	5	34	118	23	57	1	1,28,69,20,0,0	14,11,7,4,1	13,10,3	22,21,12,5,3	purged_region\pop_profile.jsonl
8	6	27	217	1290	4631	1	1,18,81,91,25,1,0,0,0	10,6,5,3,2,1	15,7,6,6,2,2	23,12,11,10,5,4	purged_region\pop_profile.jsonl
5	5	17	31	48	275	1	1,11,16,3,0,0	22,17,10,7,4	10,4,1	30,19,11,8,7	purged_region\pop_profile.jsonl
4	6	20	32	8	35	1	1,15,16,0,0	18,15,10,7,4,1	10,7,4,1	23,23,14,7,5,5	purged_region\pop_profile.jsonl
3	5	12	13	4	27	1	1,8,4,0	14,10,7,4,1	15,12,9,4,1	29,18,17,8,5	purged_region\pop_profile.jsonl
5	5	23	53	87	353	1	1,17,29,6,0,0	19,16,10,4,1	14,6,1	31,19,11,6,4	purged_region\pop_profile.jsonl
5	5	29	94	165	443	1	1,23,55,15,0,0	15,11,7,4,1	11,4,1	23,14,8,6,3	purged_region\pop_profile.jsonl
6	5	84	1434	1231	1587	1	1,77,542,664,147,3,0	18,12,8,5,2	10,7,4,1	26,15,11,8,7	purged_region\pop_profile.jsonl
6	5	218	6554	1274	1399	1	1,211,2058,3269,980,35,0	15,10,7,4,1	17,13,7,4,1	29,22,14,9,5	purged_region\pop_profile.jsonl
3	5	10	9	2	23	1	1,6,2,0	19,6,6,1,1	14,4,2	30,10,7,4,2	purged_region\pop_profile.jsonl
8	6	39	906	1929	3779	1	1,30,212,407,226,30,0,0,0	10,6,4,3,2,1	14,12,3,2,1,1	22,17,6,5,5,4	purged_region\pop_profile.jsonl
8	6	9	1	0	1	1	1,0,0,0,0,0,0,0,0	9,7,4,3,2,1	11,3,3,2	18,10,8,4,3,2	purged_region\pop_profile.jsonl
8	6	26	153	1011	4358	1	1,17,65,58,12,0,0,0,0	11,5,4,4,2,1	16,7,5,4,2	26,11,9,7,4,4	purged_region\pop_profile.jsonl
4	5	13	13	4	49	1	1,8,4,0,0	14,11,7,4,1	7,4,1	18,13,8,5,5	purged_region\pop_profile.jsonl
6	5	89	1142	1051	1459	1	1,82,483,490,85,1,0	18,15,12,6,1	15,10,7,4,1	31,24,16,10,8	purged_region\pop_profile.jsonl
6	5	196	5844	4525	5012	1	1,189,1811,2905,903,35,0	18,14,9,4,1	13,10,7,4,1	28,23,16,8,6	purged_region\pop_profile.jsonl
5	6	16	38	63	269	1	1,10,21,6,0,0	11,11,10,4,2,2	7,5,4,2,1	18,14,12,7,5,3	purged_region\pop_profile.jsonl
5	5	48	287	477	811	1	1,42,155,85,4,0	18,15,12,6,3	13,10,7,4,1	29,22,20,9,9	purged_region\pop_profile.jsonl
5	5	63	431	720	1087	1	1,57,234,133,6,0	17,14,7,4,1	24,16,4	39,27,9,7,5	purged_region\pop_profile.jsonl
6	6	26	88	20	71	1	1,19,50,18,0,0,0	17,14,11,7,4,1	10,7,4,1	26,20,13,9,4,4	purged_region\pop_profile.jsonl
6	6	11	10	10	187	1	1,4,5,0,0,0,0	11,6,5,5,4,3	5,5,4,1	14,10,9,6,6,4	purged_region\pop_profile.jsonl
6	5	48	500	457	767	1	1,41,208,208,41,1,0	13,10,7,4,1	15,10,7,4,1	26,17,16,7,6	purged_region\pop_profile.jsonl
5	5	36	120	69	179	1	1,30,69,20,0,0	12,9,5,4,2	13,8,4,2,1	22,17,9,6,6	purged_region\pop_profile.jsonl
5	5	71	567	307	435	1	1,65,292,194,15,0	13,10,7,4,1	21,8,3	31,17,9,6,4	purged_region\pop_profile.jsonl
7	6	36	369	1492	3409	1	1,28,136,158,44,2,0,0	7,4,3,2,2,1	25,5,3,1,1	29,9,6,4,3,3	purged_region\pop_profile.jsonl
5	5	10	6	3	185	1	1,4,1,0,0,0	13,10,7,4,1	11,8,5,1	23,14,14,5,4	purged_region\pop_profile.jsonl
6	5	374	16230	1688	1771	1	1,367,4384,8280,3048,150,0	17,10,7,4,1	21,15,8,1	33,23,17,7,4	purged_region\pop_profile.jsonl
6	5	499	30388	20946	21523	1	1,492,7089,15620,6768,418,0	21,12,8,5,1	17,14,7,4,1	35,23,15,10,7	purged_region\pop_profile.jsonl
3	5	9	8	2	21	1	1,5,2,0	12,11,5,4,1	13,9,2,1,1	23,17,10,5,4	purged_region\pop_profile.jsonl
5	5	166	2320	3531	4021	1	1,160,1059,982,118,0	18,10,7,4,1	16,10,7,4	29,19,15,7,7	purged_region\pop_profile.jsonl
5	5	18	23	30	281	1	1,12,10,0,0,0	19,16,10,7,4	13,10,7	31,24,13,10,8	purged_region\pop_profile.jsonl
6	5	35	128	141	455	1	1,28,70,28,1,0,0	14,11,8,4,1	13,10,7,4,1	25,21,15,7,5	purged_region\pop_profile.jsonl
8	6	37	388	259	677	1	1,28,148,174,37,0,0,0,0	9,9,6,4,2,1	13,12,6,4,3	20,20,12,9,6,2	purged_region\pop_profile.jsonl
4	5	13	19	9	50	1	1,8,9,1,0	10,7,3,3,1	20,3,3,1	27,9,7,5,3	purged_region\pop_profile.jsonl
5	6	11	13	21	197	1	1,5,7,0,0,0	15,12,6,2,1,1	21,4,4,2,1,1	35,15,9,5,4,2	purged_region\pop_profile.jsonl
3	5	9	6	0	1	1	1,5,0,0	20,12,7,4,1	23,16,3	42,25,7,7,5	purged_region\pop_profile.jsonl
4	5	10	10	1	10	1	1,5,4,0,0	9,6,5,2,1	8,7,7,3,1	15,12,12,6,4	purged_region\pop_profile.jsonl
7	6	71	748	410	681	1	1,63,369,315,0,0,0,0	16,13,10,7,4,1	13,10,4	28,20,12,9,6,3	purged_region\pop_profile.jsonl
5	5	20	50	27	107	1	1,14,27,8,0,0	13,5,4,3,2	12,10,4	22,14,8,5,4	purged_region\pop_profile.jsonl
6	5	17	44	46	257	1	1,10,23,10,0,0,0	9,7,6,5,1	16,15,4,3,2	24,19,10,9,6	purged_region\pop_profile.jsonl
5	5	24	50	81	361	1	1,18,27,4,0,0	18,15,12,5,2	13,10,7,4,1	28,25,20,7,7	purged_region\pop_profile.jsonl
7	6	22	101	155	691	1	1,14,45,36,5,0,0,0	7,5,3,2,1,1	7,3,3,2,1	12,8,5,4,3,3	purged_region\pop_profile.jsonl
6	5	155	3624	593	682	1	1,148,1263,1763,439,10,0	13,10,7,4,1	16,10,7,4,1	27,18,14,9,5	purged_region\pop_profile.jsonl
8	6	160	9881	36195	42322	1	1,151,1832,4604,2905,388,0,0,0	16,13,10,7,4,1	20,14,4,1	33,26,13,8,5,5	purged_region\pop_profile.jsonl
4	5	20	32	15	71	1	1,15,15,1,0	16,13,8,5,2	18,11,4	31,24,10,6,6	purged_region\pop_profile.jsonl
6	5	152	3698	745	857	1	1,145,1245,1803,490,14,0	13,10,7,4,1	17,14,8,1	27,22,16,6,4	purged_region\pop_profile.jsonl
6	5	83	796	416	605	1	1,76,416,303,0,0,0	21,16,13,5,1	12,8,5,2	32,21,17,8,5	purged_region\pop_profile.jsonl
6	5	166	4760	3721	4155	1	1,159,1521,2382,679,18,0	19,10,7,4,1	16,13,7,4,1	33,21,12,10,6	purged_region\pop_profile.jsonl
4	5	14	18	2	13	1	1,9,8,0,0	8,6,3,2,2	21,13,3,3	26,18,7,6,4	purged_region\pop_profile.jsonl
6	6	14	24	13	110	1	1,7,13,3,0,0,0	10,6,5,2,2,1	7,6,5,2,1,1	16,11,10,5,3,3	purged_region\pop_profile.jsonl
5	5	22	52	87	341	1	1,16,29,6,0,0	18,15,12,7,2	9,4,1	22,20,14,9,3	purged_region\pop_profile.jsonl
6	5	41	184	214	529	1	1,34,107,42,0,0,0	15,12,9,6,3	19,11,8,5	33,22,14,12,7	purged_region\pop_profile.jsonl
6	7	8	4	2	73	2	1,1,2,0,0,0,0	4,4,3,3,2,1,1	6,4,4,3,2,2,1	9,6,6,6,5,4,4	purged_region\pop_profile.jsonl
3	5	11	11	3	25	1	1,7,3,0	20,14,11,8,3	14,10,7,1	34,22,16,11,5	purged_region\pop_profile.jsonl
5	5	18	26	36	283	1	1,12,12,1,0,0	20,14,11,7,4	10,7,4	27,22,14,8,6	purged_region\pop_profile.jsonl
5	5	64	331	195	329	1	1,58,195,77,0,0	22,15,12,6,1	13,10,7	32,24,17,7,6	purged_region\pop_profile.jsonl
6	6	70	894	815	1166	1	1,63,373,387,69,1,0	16,13,10,7,4,1	14,11,4,1	28,23,13,7,6,4	purged_region\pop_profile.jsonl
7	6	23	89	439	2097	1	1,15,43,27,3,0,0,0	14,7,3,2,1,1	9,7,6,6,4,3	21,12,9,8,8,5	purged_region\pop_profile.jsonl
6	5	219	8288	6136	6605	1	1,212,2336,4212,1464,63,0	14,11,8,5,2	13,10,7,4,1	24,20,13,10,8	purged_region\pop_profile.jsonl
5	5	20	39	63	311	1	1,14,21,3,0,0	15,10,7,4,1	25,14,4	38,23,12,5,2	purged_region\pop_profile.jsonl
5	5	11	11	15	197	1	1,5,5,0,0,0	19,6,3,2,1	8,4,3	26,8,6,4,2	purged_region\pop_profile.jsonl
5	5	28	64	102	415	1	1,22,34,7,0,0	21,15,7,4,1	9,5,1	26,20,8,5,4	purged_region\pop_profile.jsonl
4	5	14	20	9	53	1	1,9,9,1,0	11,9,6,2,1	12,5,3	18,14,11,3,3	purged_region\pop_profile.jsonl
7	6	82	1679	6227	8757	1	1,74,548,796,249,11,0,0	16,13,10,7,4,1	15,11,5	29,22,15,8,6,2	purged_region\pop_profile.jsonl
6	5	20	14	0	1	1	1,13,0,0,0,0,0	13,10,7,4,1	18,12,9,4,1	27,22,19,6,5	purged_region\pop_profile.jsonl
5	6	21	51	87	329	1	1,15,29,6,0,0	16,13,10,7,4,1	9,4,1	23,15,11,9,4,3	purged_region\pop_profile.jsonl
5	5	35	116	204	521	1	1,29,68,18,0,0	17,14,10,7,1	9,4,1	20,16,14,11,2	purged_region\pop_profile.jsonl
6	6	17	30	16	125	1	1,10,16,3,0,0,0	16,6,5,4,2,2	28,8,1,1	42,12,6,6,4,3	purged_region\pop_profile.jsonl
6	5	52	302	171	341	1	1,45,171,85,0,0,0	21,15,12,8,1	10,7,4,1	29,20,15,9,6	purged_region\pop_profile.jsonl
7	6	23	117	185	719	1	1,15,54,42,5,0,0,0	7,6,4,3,1,1	14,4,4,1	19,9,8,4,3,2	purged_region\pop_profile.jsonl
5	6	46	192	333	697	1	1,40,110,40,1,0	16,13,10,7,4,1	15,10,7	27,24,14,10,4,4	purged_region\pop_profile.jsonl
5	5	13	18	27	223	1	1,7,9,1,0,0	12,11,7,6,3	8,8,6,1	19,18,12,8,5	purged_region\pop_profile.jsonl
4	5	16	20	4	29	1	1,11,8,0,0	10,5,2,1,1	25,10,4	31,15,7,3,2	purged_region\pop_profile.jsonl
7	6	133	3834	1473	1805	1	1,125,1125,1879,669,35,0,0	20,13,10,7,4,1	18,8,5	35,20,14,8,5,4	purged_region\pop_profile.jsonl
4	5	74	404	81	109	1	1,69,237,95,2	15,11,7,4,1	11,8,5	20,18,12,6,6	purged_region\pop_profile.jsonl
3	6	16	23	2	7	1	1,12,10,0	16,13,10,7,4,1	10,3	21,13,12,9,6,3	purged_region\pop_profile.jsonl
6	6	150	3690	371	426	1	1,143,1239,1803,490,14,0	16,13,10,7,4,1	14,10,4,1	27,21,15,9,4,4	purged_region\pop_profile.jsonl
5	6	15	16	18	245	1	1,9,6,0,0,0	9,5,5,3,3,1	13,11,8,3	20,16,13,7,3,2	purged_region\pop_profile.jsonl
6	5	50	298	169	331	1	1,43,169,85,0,0,0	13,10,7,4,1	13,7,4,1	24,15,12,5,4	purged_region\pop_profile.jsonl
9	6	43	972	3205	6991	1	1,33,243,452,222,21,0,0,0,0	13,12,4,3,2,1	12,9,3,2	22,21,7,6,3,2	purged_region\pop_profile.jsonl
7	6	12	13	44	721	2	1,4,8,0,0,0,0,0	13,6,6,5,3,3	7,3,3,2,1	19,9,8,7,5,4	purged_region\pop_profile.jsonl
9	6	15	6	0	1	1	1,5,0,0,0,0,0,0,0,0	10,8,7,5,2,1	12,9,8,3,2	21,16,16,7,4,3	purged_region\pop_profile.jsonl
5	6	30	71	138	425	1	1,24,46,0,0,0	17,13,10,7,4,1	11,8,5	27,16,14,7,7,5	purged_region\pop_profile.jsonl
4	6	19	35	6	23	1	1,14,18,2,0	17,14,11,7,4,1	16,9	30,21,12,8,5,3	purged_region\pop_profile.jsonl
6	5	46	216	252	587	1	1,39,126,50,0,0,0	16,11,7,4,1	12,7,4,1	25,17,13,5,3	purged_region\pop_profile.jsonl
5	5	104	1123	590	727	1	1,98,549,434,41,0	13,10,7,4,1	17,14,11,1	27,20,17,7,7	purged_region\pop_profile.jsonl
6	5	124	2262	1949	2380	1	1,117,865,1057,219,3,0	22,13,8,5,1	15,10,7,4	34,23,13,11,4	purged_region\pop_profile.jsonl
6	6	131	2906	1191	1403	1	1,124,1010,1399,362,10,0	19,16,10,7,4,1	10,7,4,1	26,22,14,7,7,3	purged_region\pop_profile.jsonl
6	6	30	122	136	407	1	1,23,68,30,0,0,0	17,11,4,4,3,1	11,4,2,2	26,14,6,6,4,3	purged_region\pop_profile.jsonl
5	6	30	95	33	91	1	1,24,55,15,0,0	16,13,10,7,4,1	23,10,1	36,22,12,8,4,3	purged_region\pop_profile.jsonl
5	5	47	219	387	725	1	1,41,129,48,0,0	19,15,12,6,1	11,8,5	25,21,20,7,4	purged_region\pop_profile.jsonl
7	6	19	51	290	1789	1	1,11,29,10,0,0,0,0	12,11,7,4,3,1	6,5,4	17,15,10,5,4,2	purged_region\pop_profile.jsonl
9	6	18	27	4014	56927	2	1,8,18,0,0,0,0,0,0,0	9,5,4,3,2,1	10,5,3,1	18,10,6,4,3,2	purged_region\pop_profile.jsonl
5	5	67	511	9	13	1	1,61,268,170,11,0	14,8,6,3,1	18,7,7,4	29,15,12,8,4	purged_region\pop_profile.jsonl
6	5	76	914	843	1226	1	1,69,387,387,69,1,0	15,12,9,4,1	16,12,9,6,1	27,25,18,11,4	purged_region\pop_profile.jsonl
3	5	11	12	4	25	1	1,7,4,0	20,10,4,2,1	14,13,6,3,1	34,20,9,7,4	purged_region\pop_profile.jsonl
5	5	30	84	48	149	1	1,24,48,11,0,0	19,10,7,4,1	16,4,1	30,13,8,6,5	purged_region\pop_profile.jsonl
7	6	20	52	290	1849	1	1,12,29,10,0,0,0,0	13,11,7,4,2,1	15,7,5,1,1,1	25,19,11,6,4,3	purged_region\pop_profile.jsonl
5	5	26	59	11	43	1	1,20,33,5,0,0	16,5,3,2,1	11,8,4	23,13,9,3,2	purged_region\pop_profile.jsonl
6	6	32	70	88	397	1	1,25,44,0,0,0,0	17,14,10,7,4,1	13,10,3	29,18,13,9,5,5	purged_region\pop_profile.jsonl
7	6	23	220	822	2381	1	1,15,72,95,34,3,0,0	14,5,4,3,2,1	9,3,2,2	21,6,6,5,4,3	purged_region\pop_profile.jsonl
6	5	53	252	42	95	1	1,46,147,58,0,0,0	15,11,8,5,1	19,14,7,3	30,24,18,6,5	purged_region\pop_profile.jsonl
5	5	230	4116	6054	6581	1	1,224,1736,1872,282,1	20,16,13,6,1	19,8,5	34,23,18,9,4	purged_region\pop_profile.jsonl
7	6	14	20	110	1457	1	1,6,11,2,0,0,0,0	14,6,3,2,2,1	14,3,2,1	27,8,5,3,3,2	purged_region\pop_profile.jsonl
3	5	28	52	26	61	1	1,24,26,1	15,12,8,4,1	18,12,7,4,1	30,22,17,11,2	purged_region\pop_profile.jsonl
6	5	32	120	131	425	1	1,25,65,28,1,0,0	14,10,7,4,1	22,11,7,1	34,21,10,7,5	purged_region\pop_profile.jsonl
5	5	49	288	486	817	1	1,43,159,82,3,0	13,10,7,4,1	10,7,4,1	21,14,10,6,6	purged_region\pop_profile.jsonl
6	5	52	298	112	227	1	1,45,168,84,0,0,0	20,15,10,7,1	13,10,7,4,1	32,23,14,13,6	purged_region\pop_profile.jsonl
5	5	52	232	135	263	1	1,46,134,50,1,0	21,13,7,4,1	16,13,9,5,1	34,26,14,8,8	purged_region\pop_profile.jsonl
6	5	83	1132	1033	1404	1	1,76,474,495,85,1,0	19,16,11,8,1	13,8,5,2	30,23,15,12,3	purged_region\pop_profile.jsonl
5	5	60	391	663	1015	1	1,54,221,115,0,0	13,10,7,4,1	10,7,4,1	18,16,13,5,5	purged_region\pop_profile.jsonl
5	5	13	14	18	221	1	1,7,6,0,0,0	12,8,6,2,1	17,9,2	28,14,8,4,3	purged_region\pop_profile.jsonl
6	5	82	1334	1153	1514	1	1,75,509,611,135,3,0	15,10,7,4,1	13,9,6,3	25,17,15,6,5	purged_region\pop_profile.jsonl
3	5	16	24	11	35	1	1,12,11,0	15,12,9,6,3	13,10,7,4,1	28,17,14,11,10	purged_region\pop_profile.jsonl
5	5	39	175	303	613	1	1,33,100,40,1,0	15,11,5,3,1	24,6,4,2	37,14,10,5,5	purged_region\pop_profile.jsonl
6	5	104	1430	1311	1742	1	1,97,603,623,105,1,0	19,14,7,4,1	14,10,7,4,1	30,24,12,8,7	purged_region\pop_profile.jsonl
7	6	40	438	1798	3781	1	1,32,166,192,46,1,0,0	23,5,5,4,1,1	9,7,4,3,1,1	29,12,9,7,4,3	purged_region\pop_profile.jsonl
5	5	15	29	45	253	1	1,9,15,4,0,0	7,5,3,3,1	12,7,6,4,3	17,10,9,8,7	purged_region\pop_profile.jsonl
4	6	77	394	119	163	1	1,72,235,85,1	17,13,10,7,4,1	17,10,4	29,22,13,7,6,6	purged_region\pop_profile.jsonl
9	6	51	6183	10330	14083	1	1,41,513,1921,2456,1095,151,5,0,0	15,6,5,4,3,2	10,3,2,2,1	23,8,7,6,5,4	purged_region\pop_profile.jsonl
5	5	112	1161	1839	2291	1	1,106,573,441,40,0	25,13,10,5,2	12,8,5,1	33,20,14,7,7	purged_region\pop_profile.jsonl
5	6	12	11	12	209	1	1,6,4,0,0,0	17,14,11,7,4,1	11,8,5	27,20,17,7,5,2	purged_region\pop_profile.jsonl
8	6	348	65086	89293	92764	1	1,339,6690,25546,25557,6640,313,0,0	16,13,10,7,4,1	14,10,6,1	25,23,15,9,5,5	purged_region\pop_profile.jsonl
8	6	17	45	375	3178	1	1,8,25,11,0,0,0,0,0	5,4,3,2,2,1	12,7,5,4,1	14,11,8,7,3,3	purged_region\pop_profile.jsonl
6	5	42	192	106	273	1	1,35,105,49,2,0,0	13,10,7,4,1	13,10,7,4,1	24,20,11,8,7	purged_region\pop_profile.jsonl
7	6	24	119	565	2217	1	1,16,55,42,5,0,0,0	6,4,4,2,1,1	6,4,3,2,1	10,8,6,4,3,3	purged_region\pop_profile.jsonl
6	5	218	7400	5621	6086	1	1,211,2227,3759,1167,35,0	16,10,7,4,1	18,11,7,4,1	32,18,14,9,6	purged_region\pop_profile.jsonl
6	6	82	1306	1131	1498	1	1,75,499,595,133,3,0	16,13,10,7,4,1	10,7,4,1	24,18,13,7,6,5	purged_region\pop_profile.jsonl
4	5	12	12	2	23	1	1,7,4,0,0	14,7,6,5,3	16,11,5,5,3	27,18,12,9,9	purged_region\pop_profile.jsonl
3	5	15	18	2	11	1	1,11,6,0	23,14,11,4,1	23,11	43,22,12,6,4	purged_region\pop_profile.jsonl
6	5	85	1432	1231	1594	1	1,78,542,661,147,3,0	17,10,7,4,1	10,7,4,1	25,14,12,6,4	purged_region\pop_profile.jsonl
5	5	12	18	30	211	1	1,6,10,1,0,0	10,10,9,3,1	12,6,5,2,1	21,14,13,6,5	purged_region\pop_profile.jsonl
6	5	123	2572	5	6	1	1,116,903,1223,319,10,0	20,15,12,6,3	12,9,6,1	29,23,17,8,7	purged_region\pop_profile.jsonl
6	5	119	2046	1783	2215	1	1,112,795,942,193,3,0	18,15,11,7,1	13,10,7,4,1	28,24,19,10,6	purged_region\pop_profile.jsonl
5	6	41	171	303	625	1	1,35,101,34,0,0	16,13,10,7,4,1	17,6,3	31,17,11,7,7,4	purged_region\pop_profile.jsonl
6	5	26	202	181	420	1	1,19,81,81,19,1,0	10,9,8,7,5	16,5,4,1	24,13,12,9,7	purged_region\pop_profile.jsonl
5	5	48	256	447	769	1	1,42,149,64,0,0	13,10,7,4,1	10,7,4	19,16,13,5,3	purged_region\pop_profile.jsonl
5	5	48	221	128	247	1	1,42,127,50,1,0	18,15,12,9,1	13,8,5	28,23,16,11,3	purged_region\pop_profile.jsonl
7	6	58	891	3574	5745	1	1,50,328,414,98,0,0,0	17,13,10,7,4,1	10,4,1	24,15,11,8,6,3	purged_region\pop_profile.jsonl
7	6	20	51	280	1849	1	1,12,28,10,0,0,0,0	13,5,5,4,1,1	11,9,4,3,2	23,13,7,7,5,3	purged_region\pop_profile.jsonl
5	5	12	14	18	211	1	1,6,6,1,0,0	14,10,7,4,1	19,10,1	30,21,8,5,2	purged_region\pop_profile.jsonl
5	5	31	135	74	169	1	1,25,72,35,2,0	17,6,4,3,1	19,6,2	33,10,6,5,4	purged_region\pop_profile.jsonl
6	5	83	1308	1133	1508	1	1,76,500,595,133,3,0	13,10,7,4,1	14,9,4,1	25,17,10,6,5	purged_region\pop_profile.jsonl
6	5	52	320	177	347	1	1,45,177,97,0,0,0	14,10,7,4,1	11,8,4,1	22,17,8,7,6	purged_region\pop_profile.jsonl
5	5	54	319	3	5	1	1,48,175,91,4,0	15,11,8,4,1	18,11,6,3	31,19,15,6,6	purged_region\pop_profile.jsonl
6	5	140	1616	1660	2129	1	1,133,830,652,0,0,0	21,13,10,5,1	16,11,8,5	36,21,16,11,6	purged_region\pop_profile.jsonl
5	5	24	63	12	41	1	1,18,36,8,0,0	16,12,7,4,1	7,4,1	19,13,9,6,5	purged_region\pop_profile.jsonl
6	5	128	3010	2431	2846	1	1,121,1023,1471,385,9,0	13,10,7,4,1	11,7,4,1	22,14,11,7,4	purged_region\pop_profile.jsonl
4	6	15	23	11	56	1	1,10,11,1,0	20,17,10,7,4,1	15,8	32,24,11,8,5,2	purged_region\pop_profile.jsonl
6	5	112	1458	1351	1822	1	1,105,623,623,105,1,0	15,10,7,4,1	13,10,7,4,1	25,20,14,8,5	purged_region\pop_profile.jsonl
8	6	50	1368	2907	4922	1	1,41,320,626,338,42,0,0,0	15,8,6,3,2,1	10,9,4,1	23,16,10,4,4,2	purged_region\pop_profile.jsonl
6	5	116	2036	1769	2185	1	1,109,788,942,193,3,0	17,10,7,4,1	16,11,8,5,1	30,20,16,8,6	purged_region\pop_profile.jsonl
4	6	8	6	1	17	1	1,3,2,0,0	8,8,3,3,2,2	10,8,5,3,3,2	16,14,8,7,6,6	purged_region\pop_profile.jsonl
6	6	13	15	16	207	1	1,6,8,0,0,0,0	10,5,3,3,2,1	11,7,5,3,3,3	20,10,8,7,6,5	purged_region\pop_profile.jsonl
6	5	272	10648	7882	8385	1	1,265,3011,5434,1860,77,0	13,10,7,4,1	18,9,6,3	27,18,14,8,4	purged_region\pop_profile.jsonl
5	5	24	39	60	353	1	1,18,20,0,0,0	16,12,9,5,2	13,7,4	28,16,10,9,5	purged_region\pop_profile.jsonl
5	5	44	179	318	661	1	1,38,106,34,0,0	15,10,7,4,1	21,16,5	34,24,12,5,4	purged_region\pop_profile.jsonl
6	5	207	5968	245	272	1	1,200,1874,2951,907,35,0	16,12,8,4,1	21,14,7,1	32,26,15,6,5	purged_region\pop_profile.jsonl
4	5	26	48	13	44	1	1,21,26,0,0	16,13,10,4,1	17,9,1	29,20,12,5,5	purged_region\pop_profile.jsonl
5	5	138	1823	2784	3245	1	1,132,837,762,91,0	19,14,11,4,1	14,7,4,1	28,20,15,6,6	purged_region\pop_profile.jsonl
5	5	22	61	102	349	1	1,16,34,10,0,0	12,11,9,6,1	12,5,2	22,13,12,9,2	purged_region\pop_profile.jsonl
6	5	81	772	202	295	1	1,74,404,293,0,0,0	13,10,7,4,1	19,12,5,2	31,19,11,8,4	purged_region\pop_profile.jsonl
5	5	24	73	123	379	1	1,18,41,13,0,0	10,7,4,2,1	15,6,3,2	23,12,6,6,3	purged_region\pop_profile.jsonl
6	5	174	4888	3841	4291	1	1,167,1577,2438,687,18,0	16,13,10,7,1	15,12,7,4,1	29,23,15,13,6	purged_region\pop_profile.jsonl
8	6	30	222	1419	4943	1	1,21,91,91,18,0,0,0,0	15,10,6,4,2,1	10,9,4,4,3,2	21,19,9,9,7,5	purged_region\pop_profile.jsonl
6	6	12	10	8	197	1	1,5,4,0,0,0,0	9,7,3,3,2,1	13,11,6,6,2,2	21,17,9,9,5,4	purged_region\pop_profile.jsonl
6	5	309	13392	9730	10251	1	1,302,3603,6840,2524,122,0	13,10,7,4,1	16,13,7,4,1	26,19,15,11,5	purged_region\pop_profile.jsonl
6	5	248	9882	7289	7752	1	1,241,2789,5085,1711,55,0	13,10,7,4,1	15,12,9,4,1	26,18,15,10,7	purged_region\pop_profile.jsonl
5	5	22	64	105	353	1	1,16,35,12,0,0	19,6,5,4,2	10,4,3,1,1	26,10,8,6,5	purged_region\pop_profile.jsonl
5	5	19	43	24	101	1	1,13,24,5,0,0	12,6,2,1,1	7,6,4,3	16,11,7,5,3	purged_region\pop_profile.jsonl
6	5	299	11878	8750	9297	1	1,292,3290,6020,2170,105,0	15,12,7,4,1	19,15,8,1	31,24,15,7,5	purged_region\pop_profile.jsonl
5	5	64	407	690	1069	1	1,58,225,118,5,0	15,12,9,4,1	25,15,5	38,23,15,6,4	purged_region\pop_profile.jsonl
6	5	72	846	779	1156	1	1,65,357,357,65,1,0	13,10,7,4,1	19,14,6,1	29,24,13,6,3	purged_region\pop_profile.jsonl
5	5	60	318	186	313	1	1,54,186,77,0,0	16,13,10,4,1	10,7,4	23,19,14,5,4	purged_region\pop_profile.jsonl
9	6	63	1916	17540	30973	1	1,53,431,874,490,66,1,0,0,0	16,13,10,7,4,1	10,7,4,1	24,20,12,8,5,4	purged_region\pop_profile.jsonl
6	5	180	4602	3702	4171	1	1,173,1554,2266,594,14,0	22,16,11,4,1	13,10,7,4,1	33,24,17,10,5	purged_region\pop_profile.jsonl
5	5	29	84	144	437	1	1,23,48,12,0,0	16,11,8,5,1	29,9,6	43,16,15,6,5	purged_region\pop_profile.jsonl
5	5	102	891	486	635	1	1,96,465,308,21,0	13,10,7,4,1	14,10,7,4,1	23,17,17,9,5	purged_region\pop_profile.jsonl
5	5	17	40	63	283	1	1,11,21,7,0,0	9,6,3,2,1	13,9,2	20,13,5,4,3	purged_region\pop_profile.jsonl
5	5	24	55	18	73	1	1,18,30,6,0,0	17,14,11,8,5	7,4,1	21,17,12,11,6	purged_region\pop_profile.jsonl
6	5	343	17684	12467	12986	1	1,336,4388,9057,3691,211,0	13,10,7,4,1	15,12,8,4,1	25,20,14,9,7	purged_region\pop_profile.jsonl
6	5	56	320	177	364	1	1,49,175,91,4,0,0	13,10,7,4,1	16,11,8,5,2	26,22,14,9,6	purged_region\pop_profile.jsonl
6	5	70	932	281	396	1	1,63,385,409,73,1,0	21,16,11,8,3	14,7,4,1	33,20,14,13,5	purged_region\pop_profile.jsonl
6	5	36	170	188	483	1	1,29,94,46,0,0,0	13,10,7,4,1	10,7,4,1	22,15,11,6,3	purged_region\pop_profile.jsonl
5	6	27	57	105	389	1	1,21,35,0,0,0	17,13,10,7,4,1	21,12,3	37,22,13,7,6,3	purged_region\pop_profile.jsonl
6	5	203	5358	4271	4786	1	1,196,1767,2635,737,22,0	22,14,10,4,1	17,13,6,2	34,27,17,6,5	purged_region\pop_profile.jsonl
7	6	11	11	11	188	2	1,3,7,0,0,0,0,0	5,5,4,3,3,1	11,7,4,2,1,1	15,9,8,6,5,4	purged_region\pop_profile.jsonl
6	5	86	1132	1037	1429	1	1,79,476,490,85,1,0	16,10,7,4,1	16,13,7,4,1	28,24,12,8,7	purged_region\pop_profile.jsonl
7	6	61	896	3571	5909	1	1,53,325,406,107,4,0,0	18,15,11,8,5,2	14,11,4	30,25,12,9,7,5	purged_region\pop_profile.jsonl
7	6	238	15038	42505	45873	1	1,230,3046,7354,4015,392,0,0	18,13,10,7,4,1	16,12,3	30,24,11,10,6,3	purged_region\pop_profile.jsonl
6	5	95	1608	1391	1774	1	1,88,616,741,159,3,0	22,18,13,5,1	13,7,4,1	33,22,18,8,3	purged_region\pop_profile.jsonl
3	5	20	27	10	43	1	1,16,10,0	17,10,7,4,1	27,13,5	39,25,12,4,4	purged_region\pop_profile.jsonl
5	5	105	1385	698	833	1	1,99,623,587,75,0	13,10,7,4,1	19,8,5,2	29,13,13,8,6	purged_region\pop_profile.jsonl
6	6	12	9	6	197	1	1,5,3,0,0,0,0	5,4,4,2,1,1	8,5,3,2,1,1	11,8,7,5,3,3	purged_region\pop_profile.jsonl
6	6	34	202	52	121	1	1,27,101,67,6,0,0	11,9,9,7,1,1	25,6,2,2,1	33,14,10,10,4,3	purged_region\pop_profile.jsonl
3	5	18	25	10	39	1	1,14,10,0	22,14,8,5,2	13,10,7,4,1	35,21,13,9,8	purged_region\pop_profile.jsonl
5	5	45	180	318	673	1	1,39,106,34,0,0	19,16,13,7,1	13,10,4	30,24,16,8,5	purged_region\pop_profile.jsonl
3	5	29	53	26	63	1	1,25,26,1	17,13,10,4,1	18,10,3	31,23,14,4,4	purged_region\pop_profile.jsonl
4	6	15	16	1	11	1	1,10,5,0,0	16,13,10,7,4,1	19,8,1	32,19,10,8,5,5	purged_region\pop_profile.jsonl
6	6	48	360	362	687	1	1,41,174,130,14,0,0	16,13,10,7,4,1	14,11,4	28,22,12,8,5,5	purged_region\pop_profile.jsonl
5	5	46	254	429	757	1	1,40,140,70,3,0	20,13,10,7,4	10,6,2	28,16,12,10,6	purged_region\pop_profile.jsonl
7	6	25	121	25	99	1	1,17,56,42,5,0,0,0	6,4,4,2,1,1	14,10,3,1,1	18,13,7,4,3,2	purged_region\pop_profile.jsonl
6	5	98	1618	1405	1804	1	1,91,623,741,159,3,0	13,10,7,4,1	20,14,7,1	28,25,14,7,3	purged_region\pop_profile.jsonl
8	6	33	250	780	2653	1	1,24,99,100,25,1,0,0,0	12,11,9,4,2,1	8,7,4,4,2	18,18,11,8,6,3	purged_region\pop_profile.jsonl
7	6	9	2	0	1	1	1,1,0,0,0,0,0,0	9,7,6,6,2,1	10,5,3,2,1	18,10,10,8,3,3	purged_region\pop_profile.jsonl
6	5	40	380	69	127	1	1,33,156,156,33,1,0	8,6,5,4,2	16,11,4,2	22,16,9,6,5	purged_region\pop_profile.jsonl
6	5	370	14182	10617	11194	1	1,363,4125,7235,2367,91,0	19,13,7,4,1	18,12,7,4,1	33,22,17,9,5	purged_region\pop_profile.jsonl
6	5	412	25702	8803	9067	1	1,405,5863,13169,5880,384,0	19,14,7,4,1	13,10,7,4,1	28,23,13,10,6	purged_region\pop_profile.jsonl
5	6	20	39	60	313	1	1,14,20,4,0,0	17,13,10,7,4,1	11,8,1	25,21,11,8,4,3	purged_region\pop_profile.jsonl
6	5	18	12	0	1	1	1,11,0,0,0,0,0	18,15,12,6,3	14,10,7,4,1	31,25,16,10,8	purged_region\pop_profile.jsonl
3	5	21	37	18	47	1	1,17,18,1	13,10,7,4,1	13,10,7,4,1	26,17,12,10,5	purged_region\pop_profile.jsonl
5	5	26	100	33	85	1	1,20,54,24,1,0	18,5,3,2,1	12,12,10,5	28,15,13,9,3	purged_region\pop_profile.jsonl
7	6	32	366	277	637	1	1,24,122,160,55,4,0,0	11,7,5,4,2,2	20,10,2,1	29,16,6,6,4,3	purged_region\pop_profile.jsonl
3	5	15	19	7	33	1	1,11,7,0	16,13,10,7,1	26,11,5,1	42,21,14,9,4	purged_region\pop_profile.jsonl
6	5	152	4096	403	457	1	1,145,1311,2015,602,22,0	13,10,7,4,1	15,12,8,1	25,19,16,6,5	purged_region\pop_profile.jsonl
7	6	96	971	1006	1577	1	1,88,503,379,0,0,0,0	16,13,10,7,4,1	21,12,6	36,20,15,10,5,4	purged_region\pop_profile.jsonl
3	5	15	17	5	33	1	1,11,5,0	15,10,7,4,1	24,13	33,24,8,5,4	purged_region\pop_profile.jsonl
6	5	29	116	134	393	1	1,22,67,26,0,0,0	13,7,5,2,1	10,8,6,2,1	21,14,12,5,3	purged_region\pop_profile.jsonl
5	5	46	186	333	685	1	1,40,111,34,0,0	14,11,8,5,1	14,11,8	26,20,15,6,5	purged_region\pop_profile.jsonl
4	5	12	13	5	46	1	1,7,5,0,0	20,6,4,3,2	14,9,1,1	32,14,6,4,4	purged_region\pop_profile.jsonl
5	5	44	186	109	223	1	1,38,109,38,0,0	16,13,10,7,4	15,7,4	28,18,11,10,9	purged_region\pop_profile.jsonl
8	6	35	324	1971	5713	1	1,26,125,140,32,0,0,0,0	12,11,7,3,2,1	10,9,6,1,1	21,18,13,4,4,3	purged_region\pop_profile.jsonl
4	6	9	8	3	37	1	1,4,3,0,0	9,9,4,2,2,1	10,9,6,6,2,1	19,16,9,8,5,4	purged_region\pop_profile.jsonl
5	5	28	68	117	413	1	1,22,39,6,0,0	18,15,9,6,1	13,10,7,3	27,27,14,10,4	purged_region\pop_profile.jsonl
6	5	121	2690	2193	2603	1	1,114,924,1296,345,10,0	18,11,8,5,2	10,7,4,1	25,17,10,8,6	purged_region\pop_profile.jsonl
6	5	68	494	544	917	1	1,61,272,160,0,0,0	15,11,8,5,2	16,13,7,4,1	30,21,14,9,8	purged_region\pop_profile.jsonl
5	5	29	94	162	445	1	1,23,54,16,0,0	8,6,4,3,1	22,6,3	28,11,7,4,3	purged_region\pop_profile.jsonl
6	5	13	22	4	35	1	1,6,12,3,0,0,0	6,5,4,3,2	15,6,3,2	20,10,7,6,3	purged_region\pop_profile.jsonl
6	6	49	306	338	661	1	1,42,169,94,0,0,0	16,13,10,7,4,1	10,7,4,1	25,17,14,7,6,4	purged_region\pop_profile.jsonl
6	5	96	1612	1397	1784	1	1,89,619,741,159,3,0	17,13,10,7,4	20,8,5,2	35,19,15,9,8	purged_region\pop_profile.jsonl
7	6	44	504	299	591	1	1,36,194,221,51,1,0,0	12,10,6,5,4,3	19,13,5	27,23,10,7,6,4	purged_region\pop_profile.jsonl
7	6	36	181	196	597	1	1,28,98,54,0,0,0,0	16,13,10,7,4,1	13,8,5	28,19,14,8,5,3	purged_region\pop_profile.jsonl
6	5	50	308	340	671	1	1,43,170,94,0,0,0	18,12,9,6,1	14,9,6,1	31,18,15,9,3	purged_region\pop_profile.jsonl
6	5	112	2328	84	101	1	1,105,830,1114,272,6,0	13,10,7,4,1	13,7,4,1	24,15,10,7,4	purged_region\pop_profile.jsonl
6	5	96	904	479	686	1	1,89,479,335,0,0,0	20,15,10,4,1	13,10,7,4,1	32,22,16,10,5	purged_region\pop_profile.jsonl
7	6	18	31	170	1701	1	1,10,17,3,0,0,0,0	11,9,8,3,3,1	13,11,4,2	23,19,11,5,5,2	purged_region\pop_profile.jsonl
6	5	15	26	14	115	1	1,8,14,3,0,0,0	12,8,5,4,3	17,12,9,1	28,17,13,8,5	purged_region\pop_profile.jsonl
7	6	15	24	10	117	1	1,7,13,3,0,0,0,0	12,6,3,3,2,1	9,5,3,1	20,10,5,4,3,3	purged_region\pop_profile.jsonl
6	5	239	8832	6584	7075	1	1,232,2530,4482,1524,63,0	18,15,8,5,2	14,10,7,4	29,24,13,11,6	purged_region\pop_profile.jsonl
6	5	20	52	8	41	1	1,13,28,10,0,0,0	9,4,3,2,1	14,11,5,4,1	21,14,8,6,5	purged_region\pop_profile.jsonl
5	5	35	148	36	79	1	1,29,83,34,1,0	13,10,7,4,1	19,7,4,1	30,15,9,6,6	purged_region\pop_profile.jsonl
6	5	26	64	37	172	1	1,19,37,7,0,0,0	14,11,7,4,1	14,7,4,1	27,16,8,7,5	purged_region\pop_profile.jsonl
4	6	10	11	1	8	1	1,5,5,0,0	18,7,6,4,2,1	13,3	29,8,7,5,3,2	purged_region\pop_profile.jsonl
5	5	22	59	96	349	1	1,16,32,10,0,0	18,7,3,2,1	9,5,2	24,12,5,4,2	purged_region\pop_profile.jsonl
7	6	16	18	30	523	1	1,8,9,0,0,0,0,0	14,6,6,4,1,1	12,11,10,3,2	25,16,16,6,4,3	purged_region\pop_profile.jsonl
6	5	126	2568	1077	1285	1	1,119,933,1221,288,6,0	13,10,7,4,1	14,11,8,5,2	25,19,14,9,8	purged_region\pop_profile.jsonl
6	5	248	8300	6329	6837	1	1,241,2502,4182,1325,49,0	17,13,10,5,1	13,10,7,4,1	26,23,16,11,5	purged_region\pop_profile.jsonl
9	6	120	8660	63765	78959	1	1,110,1425,3941,2778,405,0,0,0,0	16,13,10,7,4,1	13,7,4,1	28,16,12,8,7,5	purged_region\pop_profile.jsonl
3	5	24	44	22	53	1	1,20,22,1	13,10,7,4,1	15,6,3	25,15,11,4,4	purged_region\pop_profile.jsonl
6	5	86	894	457	647	1	1,79,457,357,0,0,0	14,10,7,4,1	14,10,7,4,1	27,16,14,9,6	purged_region\pop_profile.jsonl
4	5	105	620	47	59	1	1,100,370,147,2	15,11,7,4,1	15,11,8	25,20,13,7,7	purged_region\pop_profile.jsonl
8	6	93	9642	14227	16533	1	1,84,1164,3849,3598,906,40,0,0	10,8,7,6,2,2	9,7,5,4	16,13,12,11,5,3	purged_region\pop_profile.jsonl
6	5	49	248	35	79	1	1,42,140,65,0,0,0	15,11,8,5,1	11,8,5,1	24,18,12,6,5	purged_region\pop_profile.jsonl
5	5	14	21	10	79	1	1,8,10,2,0,0	10,7,6,3,2	24,2,1	31,9,7,5,3	purged_region\pop_profile.jsonl
7	6	30	248	1091	2825	1	1,22,104,104,17,0,0,0	18,7,6,5,2,1	19,4,3	35,10,8,7,3,2	purged_region\pop_profile.jsonl
6	5	160	4208	416	473	1	1,153,1359,2063,610,22,0	16,10,7,4,1	20,13,6,1	33,21,13,6,5	purged_region\pop_profile.jsonl
6	5	204	7260	5449	5895	1	1,197,2128,3704,1193,37,0	14,11,8,5,2	13,10,7,4,1	25,18,14,10,8	purged_region\pop_profile.jsonl
5	6	21	50	81	331	1	1,15,27,7,0,0	20,5,4,3,1,1	15,11,3	33,14,7,5,3,1	purged_region\pop_profile.jsonl
5	5	21	64	108	341	1	1,15,36,12,0,0	7,6,4,2,2	12,9,7,5,2	17,14,11,9,5	purged_region\pop_profile.jsonl
3	5	22	38	18	49	1	1,18,18,1	20,13,10,4,1	15,12,7,4,1	32,24,11,11,9	purged_region\pop_profile.jsonl
5	5	82	624	1035	1453	1	1,76,335,202,10,0	19,16,12,7,4	18,10,3	35,22,15,10,7	purged_region\pop_profile.jsonl
4	6	12	16	7	47	1	1,7,7,1,0	8,5,4,3,2,1	28,6,2	34,10,6,3,3,3	purged_region\pop_profile.jsonl
6	5	206	7266	5445	5911	1	1,199,2098,3664,1249,55,0	19,15,10,6,1	10,7,4,1	26,20,13,9,5	purged_region\pop_profile.jsonl
5	5	32	109	62	163	1	1,26,62,20,0,0	13,10,7,4,1	9,5,2	19,15,8,6,3	purged_region\pop_profile.jsonl
6	5	45	236	33	74	1	1,38,132,65,0,0,0	15,12,9,4,1	13,10,7,4,1	27,19,14,12,4	purged_region\pop_profile.jsonl
6	5	39	378	343	625	1	1,32,155,156,33,1,0	13,5,4,3,1	16,11,9,2	27,15,13,5,4	purged_region\pop_profile.jsonl
7	6	18	54	280	1749	1	1,10,28,15,0,0,0,0	5,4,3,2,2,1	11,8,5,3	14,11,8,5,3,3	purged_region\pop_profile.jsonl
4	5	41	104	3	7	1	1,36,60,7,0	21,13,8,5,1	20,14,5	39,23,13,6,6	purged_region\pop_profile.jsonl
6	5	167	4736	3703	4149	1	1,160,1512,2366,679,18,0	13,10,7,4,1	15,10,7,4,1	25,17,15,11,4	purged_region\pop_profile.jsonl
5	5	23	38	60	341	1	1,17,20,0,0,0	18,15,12,6,2	12,7,4	29,19,16,7,5	purged_region\pop_profile.jsonl
6	5	46	284	312	625	1	1,39,156,88,0,0,0	13,10,7,4,1	17,10,7,4,1	29,16,15,8,6	purged_region\pop_profile.jsonl
6	6	11	8	6	187	1	1,4,3,0,0,0,0	6,6,3,2,2,1	19,12,7,1	24,16,11,3,3,2	purged_region\pop_profile.jsonl
7	6	24	60	330	2089	1	1,16,33,10,0,0,0,0	16,13,10,7,4,1	14,8,5	29,20,12,8,6,3	purged_region\pop_profile.jsonl
6	5	372	20172	743	771	1	1,365,4914,10354,4289,249,0	17,14,11,4,1	13,10,7,4,1	27,20,17,12,6	purged_region\pop_profile.jsonl
6	5	152	4260	3336	3757	1	1,145,1366,2128,604,16,0	14,10,7,4,1	13,10,7,4,1	25,16,13,9,8	purged_region\pop_profile.jsonl
7	6	20	48	250	1849	1	1,12,25,10,0,0,0,0	11,5,3,2,2,1	12,9,6,5,2,1	21,14,8,8,4,4	purged_region\pop_profile.jsonl
5	5	14	17	24	233	1	1,8,8,0,0,0	9,8,8,5,2	12,10,9,2	20,17,16,7,5	purged_region\pop_profile.jsonl
4	5	31	83	47	112	1	1,26,47,9,0	21,7,5,5,2	17,13,6	35,19,11,6,5	purged_region\pop_profile.jsonl
6	6	12	16	1	11	1	1,5,9,1,0,0,0	5,5,3,1,1,1	13,8,6,3,2,1	17,12,8,5,4,3	purged_region\pop_profile.jsonl
9	6	20	78	8920	64041	2	1,10,40,27,0,0,0,0,0,0	7,5,4,3,2,1	6,5,4,3,3,1	12,9,8,7,5,3	purged_region\pop_profile.jsonl
5	6	56	344	579	937	1	1,50,189,100,4,0	17,13,10,7,4,1	13,10,4,1	28,19,14,7,6,6	purged_region\pop_profile.jsonl
6	5	320	11948	8963	9508	1	1,313,3483,6077,1997,77,0	16,13,10,4,1	16,12,9,6,1	28,25,16,12,7	purged_region\pop_profile.jsonl
3	5	16	21	8	35	1	1,12,8,0	19,12,7,4,1	8,4,1	23,16,10,4,3	purged_region\pop_profile.jsonl
4	5	13	18	4	25	1	1,8,8,1,0	7,6,3,1,1	10,7,5,1	15,11,9,3,3	purged_region\pop_profile.jsonl
5	5	78	623	1020	1421	1	1,72,325,210,15,0	17,11,8,4,1	10,6,3	23,17,10,6,4	purged_region\pop_profile.jsonl
5	6	27	60	33	133	1	1,21,33,5,0,0	14,9,5,1,1,1	8,4,2,1,1	18,13,9,3,2,2	purged_region\pop_profile.jsonl
6	5	215	7376	5577	6044	1	1,208,2178,3719,1221,49,0	13,10,7,4,1	13,9,5,2	23,17,13,7,4	purged_region\pop_profile.jsonl
7	6	14	7	0	1	1	1,6,0,0,0,0,0,0	13,5,5,5,3,1	14,11,5,4,3,1	26,14,10,9,6,5	purged_region\pop_profile.jsonl
6	5	148	3830	435	496	1	1,141,1257,1885,531,15,0	14,11,7,4,1	13,10,7,4,1	25,18,12,9,8	purged_region\pop_profile.jsonl
5	6	16	35	54	269	1	1,10,18,6,0,0	11,10,8,5,3,2	16,5,5	24,14,13,6,4,4	purged_region\pop_profile.jsonl
5	5	10	10	3	37	1	1,4,5,0,0,0	13,12,3,2,1	8,4,4,2,1	20,15,6,5,4	purged_region\pop_profile.jsonl
5	5	36	118	70	177	1	1,30,70,17,0,0	20,16,13,7,2	14,7,4,1	31,22,15,8,8	purged_region\pop_profile.jsonl
5	5	63	416	230	359	1	1,57,222,128,8,0	19,11,8,5,2	18,10,5	34,20,11,7,6	purged_region\pop_profile.jsonl
6	5	398	18922	13571	14137	1	1,391,4932,9702,3707,189,0	21,15,12,4,1	15,10,7,4,1	32,24,18,11,5	purged_region\pop_profile.jsonl
7	6	156	5824	6261	7283	1	1,148,1524,2900,1181,70,0,0	16,13,10,7,4,1	25,8,3	38,19,13,8,5,4	purged_region\pop_profile.jsonl
3	5	16	18	1	7	1	1,12,5,0	19,12,9,4,1	26,8	41,17,10,9,2	purged_region\pop_profile.jsonl
5	6	12	14	21	209	1	1,6,7,0,0,0	6,5,4,3,2,1	7,5,2,2	11,9,5,4,4,4	purged_region\pop_profile.jsonl
6	5	110	2180	1822	2223	1	1,103,786,1034,250,6,0	20,16,11,4,1	18,13,4,1	35,27,13,7,6	purged_region\pop_profile.jsonl
4	5	28	53	29	94	1	1,23,29,0,0	14,10,7,4,1	27,14,3	36,24,8,6,6	purged_region\pop_profile.jsonl
5	5	44	201	348	685	1	1,38,116,46,0,0	13,10,7,4,1	11,7,2	21,16,10,5,3	purged_region\pop_profile.jsonl
6	5	135	2952	485	573	1	1,128,1030,1418,365,10,0	21,18,11,8,2	12,9,6,1	29,27,16,10,6	purged_region\pop_profile.jsonl
6	5	26	86	96	355	1	1,19,48,18,0,0,0	13,12,8,5,1	11,5,2,1	22,15,9,7,5	purged_region\pop_profile.jsonl
7	6	18	33	36	341	1	1,10,18,4,0,0,0,0	16,13,10,7,4,1	22,8,1	37,16,11,9,5,4	purged_region\pop_profile.jsonl
6	5	66	488	536	897	1	1,59,268,160,0,0,0	13,10,7,4,1	14,11,8,4,1	26,18,14,8,7	purged_region\pop_profile.jsonl
6	5	116	2028	587	727	1	1,109,784,938,193,3,0	23,15,10,4,1	13,10,7,4,1	34,22,18,10,4	purged_region\pop_profile.jsonl
9	6	12	3	0	1	1	1,2,0,0,0,0,0,0,0,0	9,6,5,4,2,1	6,4,3,2,2,1	12,11,9,6,4,3	purged_region\pop_profile.jsonl
5	6	13	20	27	227	1	1,7,9,3,0,0	10,8,3,2,1,1	9,7,5,5,2,1	15,15,8,8,4,4	purged_region\pop_profile.jsonl
7	6	113	3123	10775	13593	1	1,105,911,1521,555,30,0,0	17,14,11,7,4,1	19,9,6	32,23,17,9,5,2	purged_region\pop_profile.jsonl
8	6	115	5350	10563	13259	1	1,106,1122,2519,1432,170,0,0,0	16,13,10,7,4,1	14,7,4,1	28,18,13,8,5,5	purged_region\pop_profile.jsonl
5	5	63	371	642	1019	1	1,57,214,99,0,0	14,10,7,4,1	11,8,5	20,18,13,7,2	purged_region\pop_profile.jsonl
6	5	292	11760	1728	1835	1	1,285,3239,5968,2162,105,0	19,16,9,4,1	15,12,8,1	31,24,18,7,5	purged_region\pop_profile.jsonl
6	5	101	1778	1531	1919	1	1,94,677,826,177,3,0	13,10,7,4,1	14,11,8,5,1	25,18,16,11,4	purged_region\pop_profile.jsonl
6	6	15	19	3	38	1	1,8,9,1,0,0,0	5,3,3,3,1,1	17,6,5,2,1	20,9,8,5,3,2	purged_region\pop_profile.jsonl
3	5	16	22	9	35	1	1,12,9,0	18,15,12,4,1	18,12,2	34,25,12,7,4	purged_region\pop_profile.jsonl
7	6	17	62	309	1705	1	1,9,30,19,3,0,0,0	9,8,6,6,4,1	11,10,1,1	18,17,8,7,5,2	purged_region\pop_profile.jsonl
7	7	17	47	270	1669	1	1,9,27,10,0,0,0,0	7,7,5,4,3,2,1	23,8,7	29,12,12,5,4,3,2	purged_region\pop_profile.jsonl
6	6	15	22	22	229	1	1,8,11,2,0,0,0	11,4,3,2,1,1	11,7,7,3	19,12,9,6,2,2	purged_region\pop_profile.jsonl
3	6	14	18	7	31	1	1,10,7,0	20,17,10,7,4,1	7,4,1	24,20,10,7,6,4	purged_region\pop_profile.jsonl
6	5	173	4640	3677	4136	1	1,166,1512,2287,653,21,0	15,10,7,4,1	15,11,7,4	27,20,11,10,6	purged_region\pop_profile.jsonl
5	5	54	280	483	853	1	1,48,161,70,0,0	15,12,9,4,1	17,14,11,1	28,26,20,5,5	purged_region\pop_profile.jsonl
4	5	19	29	14	67	1	1,14,14,0,0	24,14,11,4,1	10,7,4	31,20,12,6,6	purged_region\pop_profile.jsonl
5	6	86	597	1023	1447	1	1,80,341,175,0,0	19,14,11,7,4,1	14,7,4,1	28,20,17,7,5,5	purged_region\pop_profile.jsonl
5	5	69	564	921	1279	1	1,63,297,193,10,0	14,10,7,4,1	13,10,7,4,1	25,15,15,9,7	purged_region\pop_profile.jsonl
5	5	27	81	138	415	1	1,21,46,13,0,0	14,9,4,4,2	15,13,7,5	27,21,11,10,4	purged_region\pop_profile.jsonl
6	5	120	2186	1871	2304	1	1,113,821,1017,229,5,0	21,13,7,4,1	17,10,7,4,1	34,22,16,7,6	purged_region\pop_profile.jsonl
6	5	22	78	88	315	1	1,15,44,18,0,0,0	8,6,5,3,2	21,6,4,2	28,11,8,6,4	purged_region\pop_profile.jsonl
7	6	23	86	429	2089	1	1,15,42,25,3,0,0,0	12,9,6,5,1,1	28,8,1,1	38,16,7,6,3,2	purged_region\pop_profile.jsonl
5	5	47	217	125	243	1	1,41,125,50,0,0	14,10,7,4,1	22,12,2	32,21,8,6,5	purged_region\pop_profile.jsonl
6	5	200	6348	4859	5335	1	1,193,1928,3188,1003,35,0	23,15,8,5,2	14,11,4,1	33,25,12,9,4	purged_region\pop_profile.jsonl
7	6	15	31	153	1537	1	1,7,15,7,1,0,0,0	5,4,2,2,1,1	16,7,5,2,2,1	18,10,7,6,4,3	purged_region\pop_profile.jsonl
5	6	17	23	33	269	1	1,11,11,0,0,0	18,8,5,2,1,1	15,11,2	32,16,7,5,2,1	purged_region\pop_profile.jsonl
6	5	75	720	742	1107	1	1,68,371,280,0,0,0	13,10,7,4,1	13,10,7,4,1	25,15,13,11,6	purged_region\pop_profile.jsonl
5	5	70	458	262	389	1	1,64,262,131,0,0	12,7,4,2,1	14,7,4	22,13,9,5,2	purged_region\pop_profile.jsonl
6	5	26	106	59	182	1	1,19,59,27,0,0,0	9,7,6,3,2	17,10,4,1	25,15,9,6,4	purged_region\pop_profile.jsonl
3	5	8	7	2	19	1	1,4,2,0	18,7,3,2,1	11,10,8	27,16,12,4,1	purged_region\pop_profile.jsonl
6	6	15	32	16	117	1	1,8,16,7,0,0,0	7,5,5,4,3,2	14,3,2,1	19,7,7,5,4,4	purged_region\pop_profile.jsonl
5	6	69	415	717	1117	1	1,63,239,112,0,0	19,13,10,7,4,1	22,12,2	37,24,11,10,4,4	purged_region\pop_profile.jsonl
6	6	128	2215	1952	2385	1	1,121,887,1028,178,0,0	16,13,10,7,4,1	16,13,5	30,21,13,8,8,5	purged_region\pop_profile.jsonl
5	5	21	59	99	337	1	1,15,33,10,0,0	7,4,4,2,1	16,9,7,2	21,12,10,6,3	purged_region\pop_profile.jsonl
6	5	74	540	592	993	1	1,67,296,176,0,0,0	20,17,7,4,1	16,9,4,1	33,22,15,7,2	purged_region\pop_profile.jsonl
6	5	226	7860	5939	6411	1	1,219,2324,3976,1291,49,0	20,12,9,6,1	13,10,7,4,1	30,20,17,11,5	purged_region\pop_profile.jsonl
5	5	47	271	459	781	1	1,41,150,76,3,0	16,10,7,4,1	14,11,8,1	28,16,16,7,5	purged_region\pop_profile.jsonl
6	5	60	676	69	107	1	1,53,284,284,53,1,0	15,12,9,6,3	16,11,8,4,1	29,22,17,9,8	purged_region\pop_profile.jsonl
3	5	20	30	13	43	1	1,16,13,0	18,14,11,8,1	15,11,4,1	31,22,16,8,6	purged_region\pop_profile.jsonl
8	6	47	1764	3287	5212	1	1,38,333,775,523,92,2,0,0	14,8,5,4,3,3	17,4,3,2	29,10,8,7,5,4	purged_region\pop_profile.jsonl
6	6	20	54	60	287	1	1,13,30,10,0,0,0	14,9,6,5,4,2	14,7,6,1	27,15,11,7,4,4	purged_region\pop_profile.jsonl
6	5	64	432	14	25	1	1,57,235,133,6,0,0	16,13,10,4,1	17,11,8,5,2	30,25,16,10,6	purged_region\pop_profile.jsonl
8	6	111	11446	17063	19559	1	1,102,1413,4577,4217,1080,56,0,0	13,8,5,3,2,1	9,4,3,3	19,11,8,6,4,3	purged_region\pop_profile.jsonl
6	5	238	7972	607	657	1	1,231,2394,4015,1282,49,0	14,11,8,4,1	13,10,7,4	24,20,14,8,6	purged_region\pop_profile.jsonl
6	5	139	3224	2625	3053	1	1,132,1110,1566,405,10,0	15,10,7,4,1	13,10,7,4,1	26,18,14,8,6	purged_region\pop_profile.jsonl
3	5	24	38	1	3	1	1,20,17,0	18,15,9,6,1	16,13,7,4,1	34,23,14,13,6	purged_region\pop_profile.jsonl
6	5	119	1268	1314	1765	1	1,112,657,498,0,0,0	17,10,7,4,1	22,14,5,2	35,23,13,9,2	purged_region\pop_profile.jsonl
5	6	17	29	15	91	1	1,11,15,2,0,0	15,6,4,2,2,2	14,3,2,1,1	26,9,7,4,3,3	purged_region\pop_profile.jsonl
6	5	31	134	146	423	1	1,24,73,36,0,0,0	14,10,7,4,1	10,7,4,1	23,15,9,6,5	purged_region\pop_profile.jsonl
3	6	14	17	6	31	1	1,10,6,0	16,13,10,7,4,1	19,7	30,20,11,7,6,3	purged_region\pop_profile.jsonl
5	5	22	45	72	337	1	1,16,24,4,0,0	18,4,3,3,1	11,8,6,4	26,11,10,7,4	purged_region\pop_profile.jsonl
6	5	62	686	37	58	1	1,55,287,287,55,1,0	17,14,11,4,1	18,10,4,1	32,24,13,6,5	purged_region\pop_profile.jsonl
6	5	161	3648	3001	3470	1	1,154,1281,1763,439,10,0	18,12,7,4,1	15,12,9,5,1	31,22,16,10,5	purged_region\pop_profile.jsonl
6	5	108	1156	1196	1613	1	1,101,598,456,0,0,0	16,13,10,4,1	19,16,6,3	34,26,14,9,5	purged_region\pop_profile.jsonl
7	6	15	8	0	1	1	1,7,0,0,0,0,0,0	14,5,4,3,1,1	17,9,3,1	29,14,5,4,3,3	purged_region\pop_profile.jsonl
6	5	20	134	119	332	1	1,13,53,53,13,1,0	10,9,8,7,6	17,5,4,2,1	25,13,12,10,9	purged_region\pop_profile.jsonl
6	6	12	15	18	197	1	1,5,9,0,0,0,0	7,6,2,2,2,1	6,5,3,1	11,10,5,4,3,2	purged_region\pop_profile.jsonl
6	6	29	141	149	409	1	1,22,73,42,3,0,0	12,8,3,3,2,1	9,5,4,3,2	19,11,6,6,6,4	purged_region\pop_profile.jsonl
6	5	294	12986	3122	3299	1	1,287,3416,6616,2534,132,0	17,14,8,5,2	20,13,4,1	34,23,12,9,6	purged_region\pop_profile.jsonl
8	6	48	550	1139	2531	1	1,39,218,243,49,0,0,0,0	18,14,11,7,4,1	14,7,4,1	31,16,16,10,5,3	purged_region\pop_profile.jsonl
5	5	173	2497	291	329	1	1,167,1128,1068,133,0	17,14,10,7,4	19,13,6	31,24,18,9,8	purged_region\pop_profile.jsonl
9	6	57	1569	340	617	1	1,47,385,732,365,39,0,0,0,0	19,16,13,7,4,1	14,7,4,1	32,22,15,8,6,3	purged_region\pop_profile.jsonl
6	6	29	112	42	131	1	1,22,63,26,0,0,0	10,7,5,2,2,1	18,7,3,2	26,13,9,5,2,2	purged_region\pop_profile.jsonl
7	7	10	3	0	1	1	1,2,0,0,0,0,0,0	7,4,4,4,3,2,1	9,8,3,3,2	15,11,7,7,4,3,3	purged_region\pop_profile.jsonl
5	5	37	151	267	569	1	1,31,89,30,0,0	14,11,8,5,2	9,6,3	21,14,12,6,5	purged_region\pop_profile.jsonl
6	5	26	104	111	365	1	1,19,55,28,1,0,0	12,9,4,2,1	15,12,6,1	25,21,9,4,3	purged_region\pop_profile.jsonl
5	5	49	204	122	243	1	1,43,122,38,0,0	17,12,7,4,1	23,10,5	38,18,14,5,4	purged_region\pop_profile.jsonl
5	5	25	58	33	125	1	1,19,33,5,0,0	17,14,11,5,2	13,10,7,4,1	26,26,16,9,7	purged_region\pop_profile.jsonl
4	6	10	9	3	40	1	1,5,3,0,0	6,5,2,2,1,1	15,12,2	18,16,5,3,2,2	purged_region\pop_profile_cand.jsonl
6	6	9	4	2	167	1	1,2,1,0,0,0,0	12,11,6,3,3,2	7,6,5,4	16,16,12,7,4,4	purged_region\pop_profile_cand.jsonl
7	6	16	31	36	317	1	1,8,18,4,0,0,0,0	16,13,10,7,4,1	7,4,1	22,15,11,8,5,2	purged_region\pop_profile_ns.jsonl
5	5	115	1351	2094	2531	1	1,109,638,543,60,0	16,11,8,5,2	14,7,3	26,16,11,7,6	purged_region\pop_profile_ns.jsonl
6	5	242	10834	7768	8249	1	1,235,2796,5500,2176,126,0	19,16,9,6,3	13,10,7,4,1	28,25,14,11,10	purged_region\pop_profile_ns.jsonl
5	5	86	563	975	1411	1	1,80,325,157,0,0	15,10,7,4,1	19,15,8,1	30,24,16,5,5	purged_region\pop_profile_ns.jsonl
6	5	76	1176	1021	1376	1	1,69,451,533,119,3,0	16,11,8,5,1	10,7,4,1	20,19,11,7,6	purged_region\pop_profile_ns.jsonl
3	5	28	57	10	21	1	1,24,30,2	13,10,7,4,1	24,17,3	33,26,12,4,4	purged_region\pop_profile_ns.jsonl
6	5	271	10130	7580	8079	1	1,264,2956,5190,1668,51,0	16,13,9,6,1	16,13,6,3	28,24,16,12,3	purged_region\pop_profile_ns.jsonl
7	6	18	67	319	1777	1	1,10,31,22,3,0,0,0	6,6,3,2,1,1	17,5,4,4,3,1	22,9,7,6,5,4	purged_region\pop_profile_ns.jsonl
6	5	96	1800	1502	1893	1	1,89,642,844,218,6,0	15,10,7,4,1	13,10,7,4,1	26,18,11,9,8	purged_region\pop_profile_ns.jsonl
5	5	87	802	427	565	1	1,81,401,293,26,0	16,13,7,4,1	14,8,4	27,19,10,6,5	purged_region\pop_profile_ns.jsonl
6	6	84	1340	1161	1534	1	1,77,513,611,135,3,0	17,14,10,7,4,1	14,11,8,1	27,25,19,7,6,3	purged_region\pop_profile_ns.jsonl
6	5	439	26730	836	861	1	1,432,6188,13711,6016,382,0	17,14,10,6,3	14,11,8,5,2	27,22,19,14,8	purged_region\pop_profile_ns.jsonl
7	6	16	43	71	539	1	1,8,21,12,1,0,0,0	13,9,6,5,5,1	10,2,2,1	21,10,8,7,6,2	purged_region\pop_profile_ns.jsonl
5	5	64	480	783	1153	1	1,58,249,160,12,0	13,10,7,4,1	11,8,5	19,18,11,6,5	purged_region\pop_profile_ns.jsonl
7	6	13	14	80	1389	1	1,5,8,0,0,0,0,0	6,4,4,3,1,1	12,5,3,3,2,1	17,8,7,6,4,3	purged_region\pop_profile_ns.jsonl
7	6	28	187	283	859	1	1,20,81,72,13,0,0,0	7,6,4,2,1,1	12,6,4,1,1	17,11,7,4,3,3	purged_region\pop_profile_ns.jsonl
6	5	135	2922	1203	1423	1	1,128,1022,1399,362,10,0	17,10,7,4,1	20,12,8,2	34,21,15,6,5	purged_region\pop_profile_ns.jsonl
6	6	122	2844	2297	2702	1	1,115,965,1387,367,9,0	16,13,10,7,4,1	11,7,4,1	25,17,13,7,7,5	purged_region\pop_profile_ns.jsonl
8	6	23	134	897	4013	1	1,14,58,52,9,0,0,0,0	7,6,5,3,2,1	13,6,6,1	19,11,10,5,3,2	purged_region\pop_profile_ns.jsonl
4	5	19	31	16	67	1	1,14,16,0,0	16,13,7,4,1	7,4,1	18,15,10,5,5	purged_region\pop_profile_ns.jsonl
6	5	240	9950	7248	7723	1	1,233,2682,5054,1884,96,0	13,10,7,4,1	15,12,9,4,1	23,22,15,9,7	purged_region\pop_profile_ns.jsonl
5	5	27	58	108	389	1	1,21,36,0,0,0	13,10,7,4,1	21,11,8,4,1	33,18,15,7,7	purged_region\pop_profile_ns.jsonl
6	5	225	8366	6238	6701	1	1,218,2422,4288,1394,43,0	13,10,7,4,1	13,10,7,4	22,18,15,11,3	purged_region\pop_profile_ns.jsonl
6	5	39	184	101	258	1	1,32,100,49,2,0,0	15,12,9,4,1	17,14,8,5	29,27,14,8,7	purged_region\pop_profile_ns.jsonl
6	5	362	21802	7495	7748	1	1,355,5017,11147,4956,326,0	13,10,7,4,1	15,12,8,5,2	23,21,16,10,7	purged_region\pop_profile_ns.jsonl
3	5	13	16	6	29	1	1,9,6,0	18,14,11,8,2	10,7,4,1	28,17,15,10,5	purged_region\pop_profile_ns.jsonl
5	5	143	1789	40	47	1	1,137,837,731,83,0	17,13,10,4,1	17,12,5	30,23,15,6,5	purged_region\pop_profile_ns.jsonl
5	5	153	1767	2775	3289	1	1,147,855,694,70,0	15,10,7,4,1	19,9,5	29,19,12,6,4	purged_region\pop_profile_ns.jsonl
6	5	78	660	353	546	1	1,71,353,235,0,0,0	16,13,9,5,1	13,10,7,4,1	28,18,16,12,5	purged_region\pop_profile_ns.jsonl
5	5	90	792	1281	1705	1	1,84,406,280,21,0	16,13,9,6,3	13,10,7,4,1	25,23,14,10,10	purged_region\pop_profile_ns.jsonl
6	5	128	2588	2181	2599	1	1,121,952,1232,277,5,0	14,11,7,4,1	16,13,10,4,1	28,23,15,9,6	purged_region\pop_profile_ns.jsonl
5	5	20	31	48	305	1	1,14,16,0,0,0	13,10,7,4,1	10,7,4,1	20,17,8,6,6	purged_region\pop_profile_ns.jsonl
5	5	88	735	401	541	1	1,82,383,251,18,0	23,13,7,4,1	13,8,5,2	33,20,11,6,6	purged_region\pop_profile_ns.jsonl
6	6	13	14	14	207	1	1,6,7,0,0,0,0	9,9,7,4,4,1	20,8,7,2	28,15,14,6,6,2	purged_region\pop_profile_ns.jsonl
6	5	35	314	283	557	1	1,28,127,128,29,1,0	16,7,6,5,1	16,5,2,1	30,10,8,7,4	purged_region\pop_profile_ns.jsonl
5	5	19	45	72	307	1	1,13,24,7,0,0	13,8,7,6,4	7,4,4,2	18,12,10,8,7	purged_region\pop_profile_ns.jsonl
6	5	103	1110	1138	1551	1	1,96,569,444,0,0,0	18,15,11,4,1	17,10,7,4,1	34,22,17,9,6	purged_region\pop_profile_ns.jsonl
6	5	28	92	104	375	1	1,21,52,18,0,0,0	13,10,7,4,1	25,12,5,2	37,21,10,6,5	purged_region\pop_profile_ns.jsonl
6	5	41	224	31	69	1	1,34,124,65,0,0,0	8,7,5,3,1	14,11,7,5	21,16,12,8,4	purged_region\pop_profile_ns.jsonl
5	5	25	75	126	391	1	1,19,42,13,0,0	14,9,5,5,2	17,6,5,2	29,14,9,7,6	purged_region\pop_profile_ns.jsonl
5	5	43	188	324	665	1	1,37,108,42,0,0	13,10,7,4,1	16,7,4,1	26,14,13,5,5	purged_region\pop_profile_ns.jsonl
6	5	32	142	160	433	1	1,25,80,36,0,0,0	18,15,12,5,1	12,7,4,1	29,18,17,7,4	purged_region\pop_profile_ns.jsonl
7	6	37	398	1583	3525	1	1,29,143,171,51,3,0,0	20,9,4,3,2,1	17,3,2,2	34,12,6,4,4,3	purged_region\pop_profile_ns.jsonl
6	5	220	7388	1873	2031	1	1,213,2226,3746,1167,35,0	18,15,12,5,2	13,10,7,4,1	27,22,19,14,5	purged_region\pop_profile_ns.jsonl
5	5	14	26	39	241	1	1,8,13,4,0,0	10,5,4,3,1	8,4,3,2,1	16,8,7,5,5	purged_region\pop_profile_ns.jsonl
5	5	44	119	240	593	1	1,38,80,0,0,0	18,14,7,4,1	15,12,9,6,3	32,22,15,10,10	purged_region\pop_profile_ns.jsonl
5	5	104	1088	573	715	1	1,98,533,416,40,0	17,12,9,6,3	16,11,7,4,1	30,21,14,14,7	purged_region\pop_profile_ns.jsonl
4	5	15	19	8	55	1	1,10,8,0,0	8,5,3,2,1	17,8,3	22,12,5,5,3	purged_region\pop_profile_ns.jsonl
6	6	19	32	16	135	1	1,12,16,3,0,0,0	6,4,4,2,1,1	11,9,3,1	14,12,7,5,2,2	purged_region\pop_profile_ns.jsonl
4	5	41	138	41	76	1	1,36,82,19,0	20,12,7,4,1	24,14,4	41,24,8,8,5	purged_region\pop_profile_ns.jsonl
6	5	191	5774	748	823	1	1,184,1828,2907,832,22,0	16,12,9,6,3	14,11,8,4,1	28,21,15,12,8	purged_region\pop_profile_ns.jsonl
9	6	36	209	530	2167	1	1,26,106,76,0,0,0,0,0,0	11,9,8,6,3,2	8,4,3,1,1	17,13,10,7,6,3	purged_region\pop_profile_ns.jsonl
7	6	111	3333	3735	4651	1	1,103,933,1636,625,35,0,0	16,13,10,7,4,1	14,11,2	27,22,12,8,5,4	purged_region\pop_profile_ns.jsonl
6	5	586	43730	29281	29859	1	1,579,9229,22292,10813,815,1	19,14,10,4,1	15,10,7,4,1	30,21,18,10,6	purged_region\pop_profile_ns.jsonl
7	6	15	34	173	1541	1	1,7,17,8,1,0,0,0	8,8,7,5,3,2	9,8,3,1	16,15,8,6,6,3	purged_region\pop_profile_ns.jsonl
5	6	26	69	117	395	1	1,20,39,9,0,0	8,5,5,4,2,1	10,6,4,3	15,11,9,7,5,1	purged_region\pop_profile_ns.jsonl
6	6	66	834	761	1099	1	1,59,348,360,65,1,0	16,13,10,7,4,1	13,7,4,1	27,18,15,7,6,3	purged_region\pop_profile_ns.jsonl
5	6	16	33	54	265	1	1,10,18,4,0,0	9,6,4,3,1,1	18,7,2	25,11,6,5,2,2	purged_region\pop_profile_ns.jsonl
5	5	12	16	27	209	1	1,6,9,0,0,0	9,4,4,2,1	14,12,8,2	22,15,11,5,3	purged_region\pop_profile_ns.jsonl
7	6	17	40	200	1669	1	1,9,20,10,0,0,0,0	17,8,6,2,1,1	14,7,2,1	30,13,8,3,3,2	purged_region\pop_profile_ns.jsonl
7	6	18	54	263	1753	1	1,10,26,16,1,0,0,0	24,4,4,3,2,2	23,5,4,3,1,1	45,9,7,6,5,4	purged_region\pop_profile_ns.jsonl
5	5	141	1783	916	1073	1	1,135,833,731,83,0	20,16,11,4,1	20,10,6	36,22,19,6,5	purged_region\pop_profile_ns.jsonl
6	5	237	8824	6572	7055	1	1,230,2524,4482,1524,63,0	14,10,7,4,1	15,12,9,6,1	26,21,14,12,6	purged_region\pop_profile_ns.jsonl
7	6	18	40	220	1717	1	1,10,22,7,0,0,0,0	9,7,6,2,1,1	11,10,9,2,2	19,16,14,4,4,3	purged_region\pop_profile_ns.jsonl
9	6	46	958	9830	21693	1	1,36,251,440,209,21,0,0,0,0	17,14,11,8,5,1	16,8,4,1	32,21,13,9,6,4	purged_region\pop_profile_ns.jsonl
4	5	11	14	3	22	1	1,6,6,1,0	10,7,6,1,1	10,3,3,1	18,9,8,4,3	purged_region\pop_profile_ns.jsonl
6	5	114	2372	974	1183	1	1,107,823,1129,302,10,0	18,15,7,4,1	21,7,4,1	35,22,10,6,5	purged_region\pop_profile_ns.jsonl
3	6	17	22	8	37	1	1,13,8,0	18,13,10,7,4,1	18,14,1	32,27,12,7,4,4	purged_region\pop_profile_ns.jsonl
5	6	18	43	69	295	1	1,12,23,7,0,0	14,8,8,4,3,2	17,16,2,1	29,22,10,7,5,2	purged_region\pop_profile_ns.jsonl
5	5	35	120	2	5	1	1,29,70,20,0,0	19,11,7,4,1	21,13,6	38,21,15,5,3	purged_region\pop_profile_ns.jsonl
6	5	88	1484	1277	1648	1	1,81,563,685,151,3,0	24,18,11,4,1	10,7,4,1	32,23,13,7,5	purged_region\pop_profile_ns.jsonl
5	6	48	214	375	733	1	1,42,125,46,0,0	14,10,7,4,3,1	10,7,3,1	20,17,11,4,4,4	purged_region\pop_profile_ns.jsonl
5	5	67	398	232	359	1	1,61,232,104,0,0	21,15,11,8,5	16,8,5	34,21,17,9,8	purged_region\pop_profile_ns.jsonl
7	6	16	47	23	147	1	1,8,25,12,1,0,0,0	5,5,4,2,2,1	14,13,6,2	17,16,10,6,3,2	purged_region\pop_profile_ns.jsonl
6	5	380	21844	3786	3917	1	1,373,5171,11203,4802,294,0	13,10,7,4,1	14,9,6,3	23,18,13,8,5	purged_region\pop_profile_ns.jsonl
6	5	54	360	395	729	1	1,47,195,112,5,0,0	18,10,7,4,1	13,10,7,4,1	29,20,11,9,6	purged_region\pop_profile_ns.jsonl
4	5	11	11	4	43	1	1,6,4,0,0	8,6,3,3,2	10,3,2,1	15,9,6,4,4	purged_region\pop_profile_ns.jsonl
5	5	88	578	1005	1441	1	1,82,335,160,0,0	17,10,7,4,1	16,7,4,1	28,17,12,5,5	purged_region\pop_profile_ns.jsonl
6	5	163	4614	3607	4044	1	1,156,1465,2293,677,22,0	13,10,7,4,1	16,13,6,1	25,22,14,6,4	purged_region\pop_profile_ns.jsonl
6	6	23	93	48	167	1	1,16,47,27,2,0,0	16,9,4,3,2,1	17,8,2	31,16,5,5,3,2	purged_region\pop_profile_ns.jsonl
5	5	28	89	150	433	1	1,22,50,16,0,0	22,5,4,3,1	13,9,2	32,14,6,4,3	purged_region\pop_profile_ns.jsonl
5	5	13	25	39	229	1	1,7,13,4,0,0	7,7,3,2,1	25,5,4,1	31,10,7,4,3	purged_region\pop_profile_ns.jsonl
6	6	20	47	10	57	1	1,13,25,8,0,0,0	16,13,10,7,4,1	7,4,1	20,14,11,8,5,5	purged_region\pop_profile_ns.jsonl
7	6	26	103	553	2281	1	1,18,55,28,1,0,0,0	12,6,5,4,3,2	12,6,3,3,3,1	22,12,8,7,6,5	purged_region\pop_profile_ns.jsonl
6	5	268	11974	2876	3037	1	1,261,3150,6114,2328,120,0	17,12,7,4,1	10,7,4,1	23,17,12,7,4	purged_region\pop_profile_ns.jsonl
6	5	111	1922	1667	2081	1	1,104,741,888,185,3,0	17,13,10,7,3	13,10,7,4,1	28,22,15,11,9	purged_region\pop_profile_ns.jsonl
5	5	56	316	540	907	1	1,50,177,85,3,0	13,10,7,4,1	16,9,6	27,17,10,7,5	purged_region\pop_profile_ns.jsonl
4	5	15	22	5	28	1	1,10,10,1,0	16,10,5,5,2	9,6,5,1,1	23,15,9,7,6	purged_region\pop_profile_ns.jsonl
6	5	149	3228	2667	3134	1	1,142,1139,1547,389,10,0	27,15,8,5,2	12,8,4,1	35,23,12,7,5	purged_region\pop_profile_ns.jsonl
6	5	224	6442	2540	2791	1	1,217,2099,3221,882,22,0	16,10,7,4,1	19,14,7,4,1	31,23,15,10,4	purged_region\pop_profile_ns.jsonl
5	6	20	45	72	317	1	1,14,24,6,0,0	11,7,4,3,1,1	14,7,7	22,13,11,4,3,2	purged_region\pop_profile_ns.jsonl
7	6	343	28539	76337	80033	1	1,335,5123,13774,8369,937,0,0	18,14,11,8,5,2	14,9,3	28,21,14,9,7,5	purged_region\pop_profile_ns.jsonl
8	6	28	213	1344	4723	1	1,19,86,89,18,0,0,0,0	10,5,5,4,3,1	7,6,4,2,1	16,10,8,6,4,4	purged_region\pop_profile_ns.jsonl
5	5	32	139	234	517	1	1,26,77,34,1,0	12,7,6,2,2	14,8,4,1	24,13,9,6,4	purged_region\pop_profile_ns.jsonl
7	6	134	3835	4419	5435	1	1,126,1125,1879,669,35,0,0	16,13,10,7,4,1	14,8,5	26,21,14,8,5,4	purged_region\pop_profile_ns.jsonl
9	6	12	4	223	38663	2	1,2,1,0,0,0,0,0,0,0	13,9,8,5,2,1	24,6,2,2,1	35,16,9,7,4,2	purged_region\pop_profile_ns.jsonl
7	6	46	527	2181	4289	1	1,38,201,228,57,2,0,0	19,16,10,7,4,1	18,9,4	35,24,14,8,5,2	purged_region\pop_profile_ns.jsonl
3	5	15	21	3	11	1	1,11,9,0	13,10,7,4,1	14,10,7,4,1	27,16,13,11,4	purged_region\pop_profile_ns.jsonl
6	5	64	468	508	873	1	1,57,254,156,0,0,0	14,11,8,5,2	12,9,6,3	25,18,13,8,6	purged_region\pop_profile_ns.jsonl
3	5	21	31	13	45	1	1,17,13,0	16,13,10,7,1	20,13,6	34,24,16,7,5	purged_region\pop_profile_ns.jsonl
3	5	13	14	4	29	1	1,9,4,0	20,12,9,6,3	11,4,1	27,15,9,8,7	purged_region\pop_profile_ns.jsonl
6	5	17	46	50	257	1	1,10,25,10,0,0,0	14,8,7,4,3	12,5,2,1	25,11,9,6,5	purged_region\pop_profile_ns.jsonl
7	6	89	2394	8153	10701	1	1,81,683,1163,441,25,0,0	16,13,10,7,4,1	12,8,2	25,20,12,8,5,3	purged_region\pop_profile_ns.jsonl
6	5	267	11130	8114	8615	1	1,260,3007,5656,2100,106,0	18,13,10,6,3	13,10,7,4,1	28,20,18,12,7	purged_region\pop_profile_ns.jsonl
6	5	168	5198	3981	4420	1	1,161,1573,2593,835,35,0	13,10,7,4,1	15,12,9,1	24,21,16,6,5	purged_region\pop_profile_ns.jsonl
6	5	61	720	219	332	1	1,54,300,307,57,1,0	17,14,10,4,1	11,8,5,2	26,18,17,6,5	purged_region\pop_profile_ns.jsonl
6	5	62	420	229	416	1	1,55,229,135,0,0,0	19,13,10,5,1	17,11,8,1	33,21,20,6,5	purged_region\pop_profile_ns.jsonl
6	5	101	1100	1122	1531	1	1,94,561,444,0,0,0	21,13,10,5,2	13,10,7,4,1	33,20,16,10,7	purged_region\pop_profile_ns.jsonl
5	5	124	1351	711	865	1	1,118,664,521,47,0	15,12,8,4,1	19,9,5	31,17,12,7,6	purged_region\pop_profile_ns.jsonl
5	5	47	255	429	769	1	1,41,140,70,3,0	13,10,7,4,1	19,11,2	30,18,9,7,3	purged_region\pop_profile_ns.jsonl
3	5	24	47	24	55	1	1,20,24,2	16,13,10,4,1	14,6,2	26,18,10,7,5	purged_region\pop_profile_ns.jsonl
6	5	412	25600	17551	18074	1	1,405,5850,13109,5851,384,0	15,10,7,4,1	16,10,7,4,1	27,18,15,9,6	purged_region\pop_profile_ns.jsonl
6	5	172	4880	3829	4271	1	1,165,1571,2438,687,18,0	26,13,10,7,4	11,8,5,2	33,19,17,11,6	purged_region\pop_profile_ns.jsonl
6	5	122	2056	1797	2245	1	1,115,802,942,193,3,0	17,13,10,4,1	14,11,8,4,1	29,23,17,9,5	purged_region\pop_profile_ns.jsonl
6	5	74	704	365	544	1	1,67,365,271,0,0,0	16,10,7,4,1	18,12,5,2	33,19,10,8,5	purged_region\pop_profile_ns.jsonl
5	5	60	369	624	997	1	1,54,204,106,4,0	18,10,7,4,1	24,11,5	40,17,12,6,5	purged_region\pop_profile_ns.jsonl
5	6	34	129	77	173	1	1,28,77,23,0,0	16,13,10,7,4,1	7,4,1	19,16,10,10,6,2	purged_region\pop_profile_ns.jsonl
4	5	14	15	5	52	1	1,9,5,0,0	11,8,2,1,1	15,11,6,4,3	23,18,8,8,5	purged_region\pop_profile_ns.jsonl
6	5	216	7584	5711	6178	1	1,209,2241,3867,1229,37,0	13,10,7,4,1	14,11,7,4,1	25,17,13,11,6	purged_region\pop_profile_ns.jsonl
7	6	159	6762	20952	23969	1	1,151,1641,3339,1514,116,0,0	17,14,11,7,4,1	19,9,4	33,22,13,8,6,4	purged_region\pop_profile_ns.jsonl
6	6	18	45	10	53	1	1,11,25,8,0,0,0	10,10,4,3,2,1	19,9,1	27,17,6,4,3,2	purged_region\pop_profile_ns.jsonl
5	5	33	134	225	523	1	1,27,74,31,1,0	14,7,5,5,2	11,10,7,2,1	23,15,12,8,6	purged_region\pop_profile_ns.jsonl
6	5	244	9470	6991	7478	1	1,237,2639,4799,1713,81,0	21,14,8,5,2	13,10,7,4,1	29,24,13,12,7	purged_region\pop_profile_ns.jsonl
3	5	24	51	9	19	1	1,20,27,3	13,10,7,4,1	15,10,7,4,1	28,16,12,9,7	purged_region\pop_profile_ns.jsonl
6	5	142	3236	2643	3083	1	1,135,1119,1566,405,10,0	21,16,11,4,1	15,10,7,4,1	34,24,18,8,6	purged_region\pop_profile_ns.jsonl
6	5	30	276	1	2	1	1,23,111,115,25,1,0	24,6,4,2,1	6,5,4,2,1	28,9,8,6,4	purged_region\pop_profile_ns.jsonl
6	5	220	7396	5607	6094	1	1,213,2193,3719,1221,49,0	21,14,11,4,1	13,10,7,4,1	29,24,19,8,6	purged_region\pop_profile_ns.jsonl
5	5	106	1125	1776	2201	1	1,100,552,432,40,0	13,10,7,4,1	19,12,5	29,20,11,8,3	purged_region\pop_profile_ns.jsonl
5	6	51	288	489	835	1	1,45,160,79,3,0	16,13,10,7,4,1	11,8,5	25,19,12,7,7,5	purged_region\pop_profile_ns.jsonl
5	5	166	2192	3372	3871	1	1,160,1020,907,104,0	16,13,8,4,1	24,15,5	36,26,14,6,4	purged_region\pop_profile_ns.jsonl
6	5	87	726	390	601	1	1,80,390,255,0,0,0	21,11,8,5,1	18,15,4,1	36,25,12,6,5	purged_region\pop_profile_ns.jsonl
5	5	27	87	147	421	1	1,21,49,16,0,0	16,13,7,4,1	10,7,2	24,19,9,6,2	purged_region\pop_profile_ns.jsonl
6	5	27	106	118	373	1	1,20,59,26,0,0,0	10,6,5,3,1	11,8,6,3,1	20,12,9,8,5	purged_region\pop_profile_ns.jsonl
6	5	366	17858	12733	13270	1	1,359,4579,9155,3575,189,0	22,15,12,4,1	13,10,7,4,1	31,24,18,11,5	purged_region\pop_profile_ns.jsonl
6	5	352	16996	12124	12667	1	1,345,4368,8718,3388,176,0	17,14,11,7,1	18,9,5,1	32,19,15,12,5	purged_region\pop_profile_ns.jsonl
6	5	19	50	54	277	1	1,12,27,10,0,0,0	20,11,5,3,1	9,6,5,4	28,16,9,8,3	purged_region\pop_profile_ns.jsonl
5	5	30	66	123	425	1	1,24,41,0,0,0	14,11,8,4,1	19,15,4	32,22,10,7,5	purged_region\pop_profile_ns.jsonl
6	5	32	92	55	204	1	1,25,55,11,0,0,0	13,10,7,4,1	18,9,6,3	30,16,13,10,2	purged_region\pop_profile_ns.jsonl
6	5	193	5832	4507	4982	1	1,186,1802,2905,903,35,0	17,13,10,4,1	14,11,8,5,2	28,23,18,9,7	purged_region\pop_profile_ns.jsonl
5	6	17	42	22	95	1	1,11,22,8,0,0	11,5,4,4,2,1	12,3,2	21,7,5,4,4,3	purged_region\pop_profile_ns.jsonl
6	5	216	7506	5649	6128	1	1,209,2189,3781,1271,55,0	16,10,7,4,1	13,10,7,4,1	26,18,14,8,7	purged_region\pop_profile_ns.jsonl
9	6	51	2595	6200	10073	1	1,41,406,1089,878,180,0,0,0,0	10,5,4,3,2,1	13,4,2,1,1	21,8,6,5,4,2	purged_region\pop_profile_ns.jsonl
6	6	113	2370	973	1178	1	1,106,822,1129,302,10,0	19,13,10,7,4,1	11,7,4,1	27,19,13,7,6,5	purged_region\pop_profile_ns.jsonl
6	5	164	4346	3462	3899	1	1,157,1442,2154,578,14,0	13,10,7,4,1	15,10,7,4,1	26,18,13,10,5	purged_region\pop_profile_ns.jsonl
8	6	19	49	405	3388	1	1,10,27,11,0,0,0,0,0	15,6,4,4,3,1	6,4,3,2,1	18,11,6,5,5,4	purged_region\pop_profile_ns.jsonl
5	5	46	228	387	733	1	1,40,127,58,2,0	15,12,7,4,1	20,16,8	33,26,13,6,5	purged_region\pop_profile_ns.jsonl
6	5	104	1444	25	33	1	1,97,610,630,105,1,0	14,10,7,4,1	18,12,7,4,1	30,20,15,8,5	purged_region\pop_profile_ns.jsonl
4	5	17	26	6	31	1	1,12,12,1,0	8,6,4,3,1	14,9,4,4,1	19,15,8,8,4	purged_region\pop_profile_ns.jsonl
5	5	18	37	9	41	1	1,12,21,3,0,0	8,5,3,2,1	14,8,6,1	20,12,10,3,3	purged_region\pop_profile_ns.jsonl
6	5	94	1048	177	241	1	1,87,531,429,0,0,0	17,12,9,4,1	13,10,7,4,1	29,18,15,9,7	purged_region\pop_profile_ns.jsonl
6	5	304	12178	8987	9518	1	1,297,3417,6219,2153,91,0	15,12,9,4,1	15,12,8,5,1	27,23,15,10,7	purged_region\pop_profile_ns.jsonl
6	5	361	18186	12883	13419	1	1,354,4577,9318,3729,207,0	19,15,11,5,1	13,10,7,1	28,22,19,8,5	purged_region\pop_profile_ns.jsonl
6	5	123	2738	1117	1323	1	1,116,942,1319,350,10,0	13,10,8,4,2	18,9,6,4,1	28,18,14,8,7	purged_region\pop_profile_ns.jsonl
4	5	11	7	0	1	1	1,6,0,0,0	13,9,9,7,2	9,8,5,3	20,15,15,10,5	purged_region\pop_profile_ns.jsonl
5	6	16	24	36	259	1	1,10,12,1,0,0	9,8,4,3,1,1	8,4,3,2	15,10,7,7,3,1	purged_region\pop_profile_ns.jsonl
7	6	12	5	0	1	1	1,4,0,0,0,0,0,0	7,4,3,3,2,1	22,13,2,2	27,15,6,5,4,2	purged_region\pop_profile_ns.jsonl
6	5	86	724	389	596	1	1,79,389,255,0,0,0	18,12,8,4,1	15,10,7,4,1	32,19,15,9,5	purged_region\pop_profile_ns.jsonl
6	5	302	13266	356	375	1	1,295,3548,6784,2516,122,0	13,10,7,4,1	15,12,7,4,1	25,18,15,11,5	purged_region\pop_profile_ns.jsonl
6	5	188	5610	2182	2409	1	1,181,1775,2817,814,22,0	20,17,7,4,1	16,13,7,4,1	34,28,13,9,6	purged_region\pop_profile_ns.jsonl
6	5	38	176	196	503	1	1,31,98,46,0,0,0	17,14,11,8,1	14,11,8,1	27,26,18,9,5	purged_region\pop_profile_ns.jsonl
5	5	38	153	270	581	1	1,32,90,30,0,0	17,14,11,4,1	11,7,4	26,18,16,5,4	purged_region\pop_profile_ns.jsonl
3	5	19	28	12	41	1	1,15,12,0	13,10,7,4,1	32,13	40,22,10,5,3	purged_region\pop_profile_ns.jsonl
7	6	16	20	110	1569	1	1,8,11,0,0,0,0,0	11,4,3,2,2,1	8,5,3,2,2,1	17,8,6,6,4,3	purged_region\pop_profile_ns.jsonl
5	5	32	131	222	509	1	1,26,73,30,1,0	13,10,7,4,1	13,10,7,4,1	22,21,13,7,7	purged_region\pop_profile_ns.jsonl
7	6	19	32	170	1761	1	1,11,17,3,0,0,0,0	11,10,8,7,3,1	13,11,4,3	23,20,10,10,4,4	purged_region\pop_profile_ns.jsonl
5	5	35	120	213	523	1	1,29,71,19,0,0	20,14,10,7,4	10,5,1	26,16,11,10,8	purged_region\pop_profile_ns.jsonl
5	5	60	308	543	929	1	1,54,181,72,0,0	21,15,10,7,1	11,7,4	27,22,16,8,3	purged_region\pop_profile_ns.jsonl
5	5	24	69	114	377	1	1,18,38,12,0,0	14,10,7,5,1	16,5,4	28,14,11,6,3	purged_region\pop_profile_ns.jsonl
6	5	82	708	377	576	1	1,75,377,255,0,0,0	20,15,12,9,4	14,7,4,1	31,21,16,13,5	purged_region\pop_profile_ns.jsonl
6	5	39	180	210	509	1	1,32,105,42,0,0,0	13,10,7,4,1	15,11,8,5,2	27,20,12,10,7	purged_region\pop_profile_ns.jsonl
5	5	19	26	36	293	1	1,13,12,0,0,0	20,16,10,5,1	16,12,3	35,25,14,7,2	purged_region\pop_profile_ns.jsonl
5	5	71	520	864	1249	1	1,65,280,166,8,0	24,17,10,4,1	14,7,4	36,21,14,6,4	purged_region\pop_profile_ns.jsonl
6	5	50	224	260	627	1	1,43,130,50,0,0,0	19,14,11,4,1	15,11,8,5	33,24,16,9,6	purged_region\pop_profile_ns.jsonl
5	5	73	494	843	1231	1	1,67,275,145,6,0	15,10,7,4,1	19,10,7,4,1	32,18,12,8,8	purged_region\pop_profile_ns.jsonl
8	6	21	112	366	1879	1	1,12,47,43,9,0,0,0,0	9,7,4,4,3,1	17,9,2,1	25,15,6,5,4,2	purged_region\pop_profile_ns.jsonl
4	5	20	30	1	5	1	1,15,14,0,0	23,18,14,4,1	9,6,1	29,20,17,5,5	purged_region\pop_profile_ns.jsonl
8	6	36	337	2055	5836	1	1,27,130,143,35,1,0,0,0	8,5,4,4,3,1	13,6,5,3,1	18,12,8,7,4,4	purged_region\pop_profile_ns.jsonl
5	5	87	905	15	19	1	1,81,442,348,33,0	15,12,9,6,3	13,10,7,4,1	24,21,17,9,9	purged_region\pop_profile_ns.jsonl
6	5	103	1798	47	59	1	1,96,687,834,177,3,0	14,11,8,5,1	15,10,7,4,1	27,20,13,11,5	purged_region\pop_profile_ns.jsonl
5	5	24	66	111	373	1	1,18,37,10,0,0	16,11,7,4,1	17,10,7,4,1	31,17,17,7,6	purged_region\pop_profile_ns.jsonl
5	5	19	38	63	299	1	1,13,21,3,0,0	7,5,3,2,1	13,11,2	18,15,6,3,2	purged_region\pop_profile_ns.jsonl
5	6	17	34	54	277	1	1,11,18,4,0,0	11,7,6,3,3,1	8,4,3	17,10,8,4,4,3	purged_region\pop_profile_ns.jsonl
4	5	18	25	11	64	1	1,13,11,0,0	19,10,3,2,1	27,6,1,1	43,15,6,3,3	purged_region\pop_profile_ns.jsonl
5	6	89	893	201	259	1	1,83,437,340,32,0	20,17,10,7,4,1	13,7,4,1	29,23,12,12,4,4	purged_region\pop_profile_ns.jsonl
5	6	13	19	30	223	1	1,7,10,1,0,0	17,10,4,2,2,1	8,7,2,2,1,1	23,15,6,5,4,4	purged_region\pop_profile_ns.jsonl
5	5	47	197	117	235	1	1,41,117,38,0,0	19,16,10,4,1	25,9,3	42,22,14,5,4	purged_region\pop_profile_ns.jsonl
5	5	67	426	245	369	1	1,61,245,119,0,0	13,10,7,4,1	12,7,4	22,15,11,8,2	purged_region\pop_profile_ns.jsonl
5	5	18	42	69	293	1	1,12,23,6,0,0	15,5,3,2,1	6,5,3,2	19,9,6,4,4	purged_region\pop_profile_ns.jsonl
3	5	29	66	12	23	1	1,25,36,4	13,10,7,4,1	14,10,7,4,1	23,19,15,12,2	purged_region\pop_profile_ns.jsonl
6	5	454	27576	1055	1086	1	1,447,6403,14151,6184,390,0	13,10,7,4,1	20,12,9,4	30,19,14,11,6	purged_region\pop_profile_ns.jsonl
8	6	26	208	1215	4511	1	1,17,76,88,25,1,0,0,0	8,7,6,3,2,1	14,4,4,3,2,2	19,11,10,7,5,4	purged_region\pop_profile_ns.jsonl
8	6	24	92	115	668	1	1,15,46,30,0,0,0,0,0	7,5,3,2,2,1	10,7,5,4,4	15,9,8,7,6,5	purged_region\pop_profile_ns.jsonl
6	6	19	78	39	146	1	1,12,38,25,2,0,0	9,6,5,2,2,1	7,6,5,2,1	13,11,10,4,4,4	purged_region\pop_profile_ns.jsonl
6	5	503	29266	2902	2987	1	1,496,6957,15022,6400,390,0	19,13,8,4,1	16,9,6,3	31,20,14,10,4	purged_region\pop_profile_ns.jsonl
5	5	25	48	84	365	1	1,19,28,0,0,0	13,10,7,4,1	18,10,7,4,1	30,15,14,8,8	purged_region\pop_profile_ns.jsonl
6	5	36	190	35	82	1	1,29,105,55,0,0,0	12,11,8,4,1	27,5,3,1	37,14,12,5,4	purged_region\pop_profile_ns.jsonl
5	5	23	49	81	349	1	1,17,27,4,0,0	10,7,4,2,2	13,7,5,1	20,14,10,4,3	purged_region\pop_profile_ns.jsonl
5	5	36	166	285	577	1	1,30,95,40,0,0	16,12,9,4,1	9,4,1	22,14,11,6,3	purged_region\pop_profile_ns.jsonl
4	5	26	54	29	91	1	1,21,29,3,0	21,18,11,5,2	18,7,4	34,26,14,6,6	purged_region\pop_profile_ns.jsonl
6	5	113	1206	1246	1683	1	1,106,623,476,0,0,0	15,12,9,6,1	16,13,7,4,1	30,21,16,11,6	purged_region\pop_profile_ns.jsonl
5	5	39	157	15	31	1	1,33,95,28,0,0	13,10,7,4,1	11,8,1	19,17,10,5,4	purged_region\pop_profile_ns.jsonl
7	6	39	338	1539	3493	1	1,31,147,136,23,0,0,0	16,12,2,2,1,1	8,6,4,3,2,1	21,16,7,6,4,4	purged_region\pop_profile_ns.jsonl
6	5	188	5568	2164	2397	1	1,181,1757,2793,814,22,0	13,10,7,4,1	13,10,7,4,1	24,17,14,10,5	purged_region\pop_profile_ns.jsonl
5	5	100	974	517	663	1	1,94,485,362,32,0	21,15,12,9,1	13,7,4,1	29,22,14,14,4	purged_region\pop_profile_ns.jsonl
6	5	261	9880	3668	3925	1	1,254,2797,5009,1742,77,0	19,16,7,4,1	15,11,8,3	30,26,16,7,5	purged_region\pop_profile_ns.jsonl
5	5	81	790	1251	1631	1	1,75,390,297,27,0	17,14,7,4,1	13,10,7,4,1	25,23,16,7,7	purged_region\pop_profile_ns.jsonl
6	5	256	9454	7081	7572	1	1,249,2765,4841,1551,47,0	13,10,7,4,1	18,15,7,4	29,20,14,10,6	purged_region\pop_profile_ns.jsonl
7	6	26	154	710	2397	1	1,18,68,57,10,0,0,0	10,5,5,4,3,1	17,5,3,3,2,1	25,9,8,7,5,5	purged_region\pop_profile_ns.jsonl
5	5	29	93	159	445	1	1,23,53,16,0,0	22,12,9,6,3	19,9,2	39,18,13,7,5	purged_region\pop_profile_ns.jsonl
5	5	12	10	9	209	1	1,6,3,0,0,0	13,10,7,4,1	20,13,7,4,1	32,19,10,10,9	purged_region\pop_profile_ns.jsonl
5	5	17	25	36	271	1	1,11,12,1,0,0	13,11,5,3,2	17,4,3,2	28,15,7,5,5	purged_region\pop_profile_ns.jsonl
7	6	12	11	33	721	2	1,4,6,0,0,0,0,0	11,5,4,3,2,1	12,4,2,2,1,1	22,7,7,5,4,3	purged_region\pop_profile_ns.jsonl
7	6	73	1564	1901	2675	1	1,65,498,748,241,11,0,0	18,13,10,7,4,1	10,6,3	26,16,14,8,6,2	purged_region\pop_profile_ns.jsonl
4	5	58	224	45	73	1	1,53,135,35,0	16,10,7,4,1	17,12,8	29,21,15,5,5	purged_region\pop_profile_ns.jsonl
6	5	18	48	52	267	1	1,11,26,10,0,0,0	11,7,6,5,3	24,6,5,2	34,12,10,7,6	purged_region\pop_profile_ns.jsonl
6	5	384	23858	16322	16849	1	1,377,5396,12176,5530,378,0	19,13,10,7,4	13,10,7,4,1	28,20,17,12,11	purged_region\pop_profile_ns.jsonl
6	6	11	6	2	187	1	1,4,1,0,0,0,0	13,10,5,4,3,1	9,6,3,3,3,2	21,14,8,8,6,5	purged_region\pop_profile_ns.jsonl
7	6	62	1312	4642	6873	1	1,54,397,622,224,14,0,0	14,8,5,5,3,2	12,10,3,2	23,16,9,8,4,4	purged_region\pop_profile_ns.jsonl
5	5	28	51	84	401	1	1,22,28,0,0,0	14,10,7,4,1	16,11,8,5,2	29,19,12,9,9	purged_region\pop_profile_ns.jsonl
3	5	26	46	22	57	1	1,22,22,1	16,12,7,4,1	13,8,5,1	26,19,12,9,1	purged_region\pop_profile_ns.jsonl
7	6	20	46	250	1841	1	1,12,25,8,0,0,0,0	14,11,5,3,1,1	10,7,3,3,2,1	21,16,7,6,6,5	purged_region\pop_profile_ns.jsonl
5	6	18	30	3	19	1	1,12,15,2,0,0	11,8,3,2,1,1	10,6,4,1,1	18,14,7,3,3,3	purged_region\pop_profile_ns.jsonl
3	5	25	39	17	53	1	1,21,17,0	19,12,7,4,1	24,10,4	39,21,14,4,3	purged_region\pop_profile_ns.jsonl
4	6	11	12	5	43	1	1,6,5,0,0	11,9,8,7,2,1	24,7	31,16,9,8,3,2	purged_region\pop_profile_ns.jsonl
5	5	131	1669	851	1007	1	1,125,769,692,82,0	21,18,9,4,1	13,7,3	31,22,12,7,4	purged_region\pop_profile_ns.jsonl
6	5	430	23586	16500	17069	1	1,423,5736,12104,5028,294,0	18,14,7,4,1	19,10,7,4,1	32,24,14,9,6	purged_region\pop_profile_ns.jsonl
5	6	16	37	60	269	1	1,10,20,6,0,0	9,8,5,4,2,1	23,8,2	30,15,6,4,4,3	purged_region\pop_profile_ns.jsonl
5	6	16	22	33	257	1	1,10,11,0,0,0	19,13,10,7,4,1	20,13,2	38,24,12,8,6,1	purged_region\pop_profile_ns.jsonl
7	6	18	26	50	563	1	1,10,15,0,0,0,0,0	13,11,4,3,1,1	8,4,2,1,1	19,14,5,4,4,3	purged_region\pop_profile_ns.jsonl
5	5	114	1208	635	787	1	1,108,590,464,45,0	14,11,8,5,1	23,14,6	34,23,14,7,4	purged_region\pop_profile_ns.jsonl
5	5	120	1420	733	883	1	1,114,672,572,61,0	13,10,7,4,1	17,12,7,4,1	26,21,12,12,5	purged_region\pop_profile_ns.jsonl
5	5	15	21	30	247	1	1,9,10,1,0,0	24,17,11,4,1	9,6,1	31,18,13,6,5	purged_region\pop_profile_ns.jsonl
6	5	159	4206	1663	1887	1	1,152,1358,2063,610,22,0	16,13,10,5,2	20,13,9,1	33,24,19,7,6	purged_region\pop_profile_ns.jsonl
6	5	345	21136	14483	14977	1	1,338,4810,10798,4863,326,0	13,10,7,4,1	14,11,8,5,2	22,20,16,10,7	purged_region\pop_profile_ns.jsonl
4	6	29	73	41	104	1	1,24,41,7,0	19,13,10,7,4,1	16,10,3	32,22,12,7,5,5	purged_region\pop_profile_ns.jsonl
5	5	96	1083	1680	2081	1	1,90,512,432,48,0	14,10,7,4,1	12,5,2	21,13,11,6,4	purged_region\pop_profile_ns.jsonl
5	5	76	483	840	1241	1	1,70,280,132,0,0	16,13,10,7,1	14,8,5	27,19,15,8,5	purged_region\pop_profile_ns.jsonl
5	5	34	79	150	473	1	1,28,50,0,0,0	14,10,7,4,1	14,11,4	27,17,11,6,4	purged_region\pop_profile_ns.jsonl
7	6	21	62	313	1933	1	1,13,31,16,1,0,0,0	22,5,5,4,2,1	31,5,2,2	51,10,7,6,3,2	purged_region\pop_profile_ns.jsonl
8	6	24	168	343	1401	1	1,15,65,69,18,0,0,0,0	17,6,5,3,3,1	9,4,2,2,1	25,8,7,6,4,3	purged_region\pop_profile_ns.jsonl
9	6	36	509	5820	16733	1	1,26,153,230,93,6,0,0,0,0	9,8,7,6,5,2	21,12,5,2	29,19,12,7,6,4	purged_region\pop_profile_ns.jsonl
6	6	18	42	23	132	1	1,11,23,7,0,0,0	13,4,4,3,2,1	22,15,2	33,19,5,4,3,2	purged_region\pop_profile_ns.jsonl
4	5	15	17	6	55	1	1,10,6,0,0	18,11,8,4,1	10,7,4,1	26,14,14,5,5	purged_region\pop_profile_ns.jsonl
4	5	16	25	13	58	1	1,11,13,0,0	14,8,6,4,1	7,7,3	19,13,9,7,2	purged_region\pop_profile_ns.jsonl
8	6	43	468	467	1148	1	1,34,177,207,49,0,0,0,0	20,13,10,7,4,1	14,7,4,1	33,18,11,9,5,5	purged_region\pop_profile_ns.jsonl
6	5	25	84	94	345	1	1,18,47,18,0,0,0	12,8,7,5,2	16,13,4,2	27,20,9,8,5	purged_region\pop_profile_ns.jsonl
5	5	204	3465	1709	1879	1	1,198,1477,1556,232,1	13,10,7,4,1	15,10,4	24,17,12,7,4	purged_region\pop_profile_ns.jsonl
6	5	328	17152	12051	12560	1	1,321,4213,8781,3625,211,0	13,10,7,4,1	16,11,7,4,1	24,21,13,9,7	purged_region\pop_profile_ns.jsonl
5	5	66	555	888	1253	1	1,60,278,198,18,0	15,11,8,4,1	10,5,2	21,13,12,7,3	purged_region\pop_profile_ns.jsonl
6	5	88	840	443	636	1	1,81,443,315,0,0,0	16,13,10,4,1	14,10,7,4,1	29,20,14,10,7	purged_region\pop_profile_ns.jsonl
6	5	50	310	344	671	1	1,43,172,94,0,0,0	19,16,13,5,1	11,7,4,1	29,20,16,7,5	purged_region\pop_profile_ns.jsonl
5	5	26	48	81	377	1	1,20,27,0,0,0	13,10,7,4,1	13,8,5	25,16,10,7,3	purged_region\pop_profile_ns.jsonl
6	5	226	9646	3492	3719	1	1,219,2563,4909,1858,96,0	20,17,11,4,1	10,7,4,1	25,23,16,7,4	purged_region\pop_profile_ns.jsonl
6	5	60	472	17	28	1	1,53,255,163,0,0,0	15,12,9,6,3	14,11,8,5,2	28,18,17,12,10	purged_region\pop_profile_ns.jsonl
5	5	46	212	375	709	1	1,40,125,46,0,0	13,10,7,4,1	19,15,6	27,24,16,5,3	purged_region\pop_profile_ns.jsonl
6	5	124	2868	2321	2729	1	1,117,973,1392,375,10,0	19,14,11,4,1	13,10,7,4,1	30,21,19,8,6	purged_region\pop_profile_ns.jsonl
3	5	19	27	11	41	1	1,15,11,0	16,11,8,5,1	16,12,9,4,1	32,21,15,9,6	purged_region\pop_profile_ns.jsonl
6	5	38	156	180	491	1	1,31,90,34,0,0,0	13,8,5,2,1	10,7,5,3,1	20,15,11,6,3	purged_region\pop_profile_ns.jsonl
6	5	144	2582	2249	2720	1	1,137,1005,1197,239,3,0	17,14,11,8,1	13,10,7,4,1	27,24,16,12,7	purged_region\pop_profile_ns.jsonl
6	6	36	303	282	559	1	1,29,131,122,20,0,0	8,5,5,5,3,1	11,4,4,2,1	16,9,8,7,5,4	purged_region\pop_profile_ns.jsonl
6	5	25	100	110	353	1	1,18,55,26,0,0,0	17,8,6,5,2	14,5,3,2,1	29,12,10,8,4	purged_region\pop_profile_ns.jsonl
6	5	144	3094	2587	3018	1	1,137,1127,1491,333,5,0	17,14,11,8,5	13,10,7,4,1	27,24,16,13,10	purged_region\pop_profile_ns.jsonl
4	5	24	56	15	44	1	1,19,30,6,0	13,8,5,1,1	14,5,4	24,12,9,4,2	purged_region\pop_profile_ns.jsonl
6	5	339	19668	6793	7043	1	1,332,4581,10041,4424,289,0	14,10,7,4,1	13,10,7,4,1	24,17,14,9,7	purged_region\pop_profile_ns.jsonl
5	7	15	25	36	251	1	1,9,12,3,0,0	8,5,3,3,1,1,1	9,3,2,2,2,1	15,7,5,5,3,3,3	purged_region\pop_profile_ns.jsonl
6	6	12	13	14	197	1	1,5,7,0,0,0,0	11,8,6,3,3,2	5,4,4,2,2,1	14,12,9,6,5,5	purged_region\pop_profile_ns.jsonl
5	6	73	526	876	1273	1	1,67,284,166,8,0	16,13,10,7,4,1	15,12,4	29,22,14,7,6,4	purged_region\pop_profile_ns.jsonl
6	5	22	76	4	15	1	1,15,42,18,0,0,0	15,9,8,3,2	6,5,3,1	19,12,11,7,3	purged_region\pop_profile_ns.jsonl
5	5	43	178	318	649	1	1,37,106,34,0,0	13,10,7,4,1	10,7,4,1	21,15,11,5,5	purged_region\pop_profile_ns.jsonl
6	6	17	21	20	247	1	1,10,10,0,0,0,0	19,4,4,4,3,1	8,5,4,3,2	25,9,7,6,6,4	purged_region\pop_profile_ns.jsonl
6	5	94	1510	439	570	1	1,87,585,687,147,3,0	20,15,8,4,1	14,9,6,3	31,23,15,6,5	purged_region\pop_profile_ns.jsonl
6	5	52	314	348	691	1	1,45,174,94,0,0,0	17,14,9,6,3	18,8,5,1	34,19,14,8,6	purged_region\pop_profile_ns.jsonl
8	6	40	1044	4353	8011	1	1,31,237,473,266,36,0,0,0	15,7,5,4,3,2	7,6,5,2,2,1	20,12,10,6,6,5	purged_region\pop_profile_ns.jsonl
6	5	87	904	62	87	1	1,80,465,358,0,0,0	13,10,7,4,1	13,10,7,4,1	25,17,12,10,6	purged_region\pop_profile_ns.jsonl
8	6	20	110	717	3653	1	1,11,46,43,9,0,0,0,0	13,11,10,3,2,1	10,4,3,2,1,1	22,13,12,6,4,4	purged_region\pop_profile_ns.jsonl
3	5	16	19	6	35	1	1,12,6,0	13,10,7,4,1	29,8	39,14,8,7,4	purged_region\pop_profile_ns.jsonl
6	6	20	66	23	98	1	1,13,34,17,1,0,0	26,5,3,2,2,1	24,4,2	48,7,5,4,3,2	purged_region\pop_profile_ns.jsonl
6	5	231	8412	6297	6772	1	1,224,2444,4283,1409,51,0	19,16,13,10,2	11,7,4,1	25,22,17,12,7	purged_region\pop_profile_ns.jsonl
4	5	40	108	31	70	1	1,35,62,10,0	15,10,7,4,1	24,10,4	35,20,10,5,5	purged_region\pop_profile_ns.jsonl
6	5	149	4000	3143	3578	1	1,142,1275,1967,593,22,0	21,14,7,4,1	10,7,4,1	26,21,11,6,5	purged_region\pop_profile_ns.jsonl
6	5	109	1174	1210	1633	1	1,102,605,466,0,0,0	21,14,11,8,2	10,7,4,1	26,20,15,9,8	purged_region\pop_profile_ns.jsonl
6	5	56	648	589	915	1	1,49,268,276,53,1,0	10,7,4,3,1	12,9,4,2	20,14,8,7,3	purged_region\pop_profile_ns.jsonl
6	5	67	492	542	907	1	1,60,271,160,0,0,0	14,11,8,5,1	14,10,7,4,1	27,18,12,11,7	purged_region\pop_profile_ns.jsonl
6	5	30	132	144	413	1	1,23,72,36,0,0,0	8,7,5,2,1	12,9,6,5,1	17,16,11,8,4	purged_region\pop_profile_ns.jsonl
4	5	27	62	7	19	1	1,22,35,4,0	22,15,7,4,1	22,15,3	42,27,10,5,5	purged_region\pop_profile_ns.jsonl
6	5	66	486	532	897	1	1,59,266,160,0,0,0	18,13,10,7,4	15,9,4,1	32,18,14,10,7	purged_region\pop_profile_ns.jsonl
6	5	64	506	548	891	1	1,57,274,174,0,0,0	14,11,8,4,1	19,13,10,1	32,20,17,7,5	purged_region\pop_profile_ns.jsonl
5	6	28	90	153	433	1	1,22,51,16,0,0	10,7,5,5,3,1	12,5,4,2	19,12,9,8,3,3	purged_region\pop_profile_ns.jsonl
5	5	19	49	27	103	1	1,13,27,8,0,0	8,5,3,2,1	16,7,7,5,3	22,11,9,8,7	purged_region\pop_profile_ns.jsonl
6	6	48	274	151	319	1	1,41,151,81,0,0,0	17,14,10,7,4,1	15,9,6,1	31,20,15,7,6,5	purged_region\pop_profile_ns.jsonl
5	5	60	346	600	967	1	1,54,200,91,0,0	13,10,7,4,1	18,10,1	26,19,9,6,4	purged_region\pop_profile_ns.jsonl
7	6	69	1138	4443	6881	1	1,61,402,528,141,5,0,0	16,13,10,7,4,1	14,5,2	26,18,11,8,5,4	purged_region\pop_profile_ns.jsonl
7	6	12	12	11	206	2	1,4,7,0,0,0,0,0	15,15,4,3,2,1	9,7,4,2,1	21,21,10,4,4,3	purged_region\pop_profile_ns.jsonl
5	6	42	172	303	637	1	1,36,101,34,0,0	16,13,10,7,4,1	12,9,3	26,20,13,7,5,4	purged_region\pop_profile_ns.jsonl
4	5	40	116	34	71	1	1,35,68,12,0	17,12,9,6,3	20,8,5	31,18,17,7,7	purged_region\pop_profile_ns.jsonl
6	5	30	114	41	135	1	1,23,61,28,1,0,0	11,9,8,6,1	12,10,3,2	21,19,11,8,3	purged_region\pop_profile_ns.jsonl
5	6	62	373	648	1009	1	1,56,216,100,0,0	19,15,12,7,4,1	10,7,4	26,20,17,7,5,4	purged_region\pop_profile_ns.jsonl
6	5	138	3506	2791	3208	1	1,131,1153,1721,485,15,0	14,11,8,5,1	10,7,4,1	20,15,14,7,5	purged_region\pop_profile_ns.jsonl
6	5	54	346	193	361	1	1,47,193,105,0,0,0	23,12,9,5,1	10,7,4,1	31,16,14,6,5	purged_region\pop_profile_ns.jsonl
5	5	20	46	75	317	1	1,14,25,6,0,0	16,6,5,4,1	9,7,7,1	21,13,12,7,3	purged_region\pop_profile_ns.jsonl
5	6	51	269	471	809	1	1,45,157,66,0,0	16,13,10,7,4,1	27,7,4	39,19,16,8,4,3	purged_region\pop_profile_ns.jsonl
5	5	133	1594	275	327	1	1,127,755,641,70,0	19,16,13,7,1	18,8,5	33,23,16,9,6	purged_region\pop_profile_ns.jsonl
4	5	75	338	103	148	1	1,70,206,61,0	20,16,7,4,1	12,7,4	27,21,13,5,5	purged_region\pop_profile_ns.jsonl
6	5	186	5600	2174	2399	1	1,179,1767,2817,814,22,0	16,13,8,5,1	13,10,7,4,1	27,21,13,10,7	purged_region\pop_profile_ns.jsonl
5	5	30	89	153	451	1	1,24,51,13,0,0	19,14,11,6,3	17,9,6	34,22,13,9,7	purged_region\pop_profile_ns.jsonl
5	5	33	118	70	167	1	1,27,70,20,0,0	13,10,7,4,1	14,10,7,4	25,18,15,6,6	purged_region\pop_profile_ns.jsonl
6	5	212	7146	5414	5889	1	1,205,2120,3600,1174,46,0	17,14,11,4,1	13,10,7,4,1	27,20,19,11,5	purged_region\pop_profile_ns.jsonl
5	6	47	198	360	701	1	1,41,120,36,0,0	16,13,10,7,4,1	9,5,1	21,16,13,7,5,4	purged_region\pop_profile_ns.jsonl
7	6	21	55	310	1909	1	1,13,31,10,0,0,0,0	9,7,6,5,3,1	11,10,7	19,16,11,6,4,3	purged_region\pop_profile_ns.jsonl
7	6	80	1992	6885	9337	1	1,72,582,962,355,20,0,0	14,12,7,4,2,1	20,5,4	31,16,11,5,4,2	purged_region\pop_profile_ns.jsonl
6	5	82	992	915	1319	1	1,75,420,420,75,1,0	16,10,7,4,1	15,12,8,1	28,22,13,8,3	purged_region\pop_profile_ns.jsonl
6	5	351	20228	6993	7253	1	1,344,4732,10339,4522,290,0	15,10,7,4,1	13,10,7,4,1	25,17,13,11,6	purged_region\pop_profile_ns.jsonl
5	5	55	341	573	925	1	1,49,187,100,4,0	15,10,7,4,1	10,7,4	23,14,10,6,5	purged_region\pop_profile_ns.jsonl
4	5	46	152	15	28	1	1,41,90,20,0	13,10,7,4,1	19,8,5	29,16,10,6,6	purged_region\pop_profile_ns.jsonl
6	5	71	564	153	245	1	1,64,306,193,0,0,0	17,14,10,4,1	15,12,9,2	31,22,18,7,6	purged_region\pop_profile_ns.jsonl
6	5	117	2030	1763	2191	1	1,110,785,938,193,3,0	17,14,11,4,1	16,13,7,4,1	31,25,18,10,4	purged_region\pop_profile_ns.jsonl
6	5	83	710	54	83	1	1,76,378,255,0,0,0	14,11,8,4,1	16,10,7,4,1	29,18,15,9,5	purged_region\pop_profile_ns.jsonl
6	5	28	90	4	15	1	1,21,50,18,0,0,0	17,6,5,3,1	17,13,3,2,1	31,19,9,5,4	purged_region\pop_profile_ns.jsonl
6	5	68	834	763	1116	1	1,61,349,357,65,1,0	18,15,12,4,1	13,10,7,4,1	27,26,17,8,7	purged_region\pop_profile_ns.jsonl
5	5	59	316	185	309	1	1,53,185,77,0,0	17,12,9,5,1	21,8,3	35,17,14,6,4	purged_region\pop_profile_ns.jsonl
5	5	26	51	90	377	1	1,20,30,0,0,0	13,10,7,4,1	17,8,5	29,14,11,6,5	purged_region\pop_profile_ns.jsonl
6	5	43	242	266	579	1	1,36,133,72,0,0,0	21,18,12,6,3	13,7,4,1	33,22,15,8,7	purged_region\pop_profile_ns.jsonl
8	6	27	166	48	187	1	1,18,75,63,9,0,0,0,0	9,8,8,6,4,3	15,8,6,3	23,15,13,10,5,4	purged_region\pop_profile_ns.jsonl
5	5	18	28	45	281	1	1,12,15,0,0,0	15,6,6,4,1	19,8,6,2	33,13,10,7,4	purged_region\pop_profile_ns.jsonl
7	6	42	235	1280	3417	1	1,34,128,72,0,0,0,0	12,9,6,5,2,1	13,10,6	24,16,12,6,4,2	purged_region\pop_profile_ns.jsonl
6	5	94	896	473	676	1	1,87,473,335,0,0,0	16,13,10,7,1	17,10,7,4,1	32,20,16,11,7	purged_region\pop_profile_ns.jsonl
5	5	38	127	74	187	1	1,32,74,20,0,0	22,15,12,4,1	18,14,1	37,24,16,6,4	purged_region\pop_profile_ns.jsonl
7	6	23	100	499	2117	1	1,15,49,32,3,0,0,0	10,10,8,7,3,1	15,7,5,3	24,16,11,10,4,4	purged_region\pop_profile_ns.jsonl
5	5	161	2675	3951	4411	1	1,155,1132,1201,185,1	19,14,7,4,1	13,10,7,4,1	28,22,12,9,9	purged_region\pop_profile_ns.jsonl
6	5	82	608	672	1093	1	1,75,336,196,0,0,0	23,14,7,4,1	16,7,4,1	35,19,14,5,4	purged_region\pop_profile_ns.jsonl
6	5	63	452	248	427	1	1,56,248,147,0,0,0	13,10,7,4,1	13,10,7,1	25,17,12,7,5	purged_region\pop_profile_ns.jsonl
5	5	73	578	316	443	1	1,67,301,194,15,0	13,10,7,4,1	16,9,6,3	26,18,13,6,6	purged_region\pop_profile_ns.jsonl
4	5	46	160	48	85	1	1,41,96,22,0	16,13,10,6,3	17,14,7	30,25,17,7,7	purged_region\pop_profile_ns.jsonl
6	6	29	136	13	37	1	1,22,70,40,3,0,0	22,6,3,3,1,1	13,5,3,2	33,9,6,4,4,3	purged_region\pop_profile_ns.jsonl
6	5	217	5620	4527	5044	1	1,210,1894,2755,739,21,0	16,11,8,5,1	16,11,8,4,1	27,23,14,9,8	purged_region\pop_profile_ns.jsonl
5	5	56	302	75	127	1	1,50,175,76,0,0	18,15,12,4,1	15,10,2	28,25,15,7,2	purged_region\pop_profile_ns.jsonl
6	6	22	96	98	327	1	1,15,48,30,2,0,0	8,7,6,4,1,1	13,7,3	19,12,9,5,3,2	purged_region\pop_profile_ns.jsonl
6	5	199	6826	1718	1869	1	1,192,2028,3474,1098,33,0	15,10,7,4,1	15,12,5,2	28,19,11,8,5	purged_region\pop_profile_ns.jsonl
6	5	378	20308	14241	14773	1	1,371,4972,10418,4297,249,0	18,11,7,4,1	19,11,8,5	34,20,14,11,5	purged_region\pop_profile_ns.jsonl
3	5	23	41	20	51	1	1,19,20,1	16,13,10,7,2	17,12,7,2	33,22,15,11,5	purged_region\pop_profile_ns.jsonl
5	5	78	603	1002	1393	1	1,72,325,196,9,0	13,10,7,4,1	22,11,6	33,16,13,7,5	purged_region\pop_profile_ns.jsonl
8	6	26	213	420	1507	1	1,17,79,90,25,1,0,0,0	16,4,3,3,2,1	14,4,3,1	28,7,6,5,3,2	purged_region\pop_profile_ns.jsonl
4	5	14	21	10	53	1	1,9,10,1,0	17,5,3,3,1	15,6,3,2,1	30,9,7,5,5	purged_region\pop_profile_ns.jsonl
8	6	73	2326	3283	4867	1	1,64,542,1080,573,66,0,0,0	16,13,10,7,4,1	13,10,4,1	27,22,11,9,5,5	purged_region\pop_profile_ns.jsonl
6	5	105	974	40	57	1	1,98,520,355,0,0,0	23,16,12,7,2	12,9,4,1	32,23,17,8,6	purged_region\pop_profile_ns.jsonl
7	6	31	230	1014	2837	1	1,23,96,92,18,0,0,0	10,7,5,3,2,1	12,12,2,1	19,17,9,4,4,2	purged_region\pop_profile_ns.jsonl
5	5	59	399	663	1021	1	1,53,215,124,6,0	18,10,7,4,1	12,7,4,1	27,14,9,7,7	purged_region\pop_profile_ns.jsonl
7	6	58	885	3491	5729	1	1,50,317,406,107,4,0,0	20,17,10,7,4,1	12,6,3	28,24,12,9,5,2	purged_region\pop_profile_ns.jsonl
6	5	173	4512	3593	4063	1	1,166,1483,2214,627,21,0	23,12,9,5,2	15,12,7,4,1	35,23,13,12,7	purged_region\pop_profile_ns.jsonl
8	6	19	48	195	1694	1	1,10,26,11,0,0,0,0,0	9,5,5,4,2,1	9,7,3,3,2,1	17,11,8,7,5,3	purged_region\pop_profile_ns.jsonl
5	5	20	31	45	307	1	1,14,15,1,0,0	17,8,7,5,2	17,12,6,4	32,20,11,11,4	purged_region\pop_profile_ns.jsonl
5	5	38	94	183	521	1	1,32,61,0,0,0	16,10,7,4,1	23,14,7	38,19,13,7,5	purged_region\pop_profile_ns.jsonl
6	5	160	3646	2999	3460	1	1,153,1280,1763,439,10,0	20,17,9,6,1	13,10,7,4,1	31,25,16,10,6	purged_region\pop_profile_ns.jsonl
6	6	16	34	4	27	1	1,9,18,6,0,0,0	6,6,3,2,2,1	6,4,3,1,1	10,9,6,4,3,3	purged_region\pop_profile_ns.jsonl
5	5	24	45	78	353	1	1,18,26,0,0,0	16,12,9,4,1	17,14,7,4,1	32,24,15,7,7	purged_region\pop_profile_ns.jsonl
6	5	395	24934	17044	17555	1	1,388,5643,12760,5758,384,0	21,12,9,6,3	13,10,7,4,1	30,20,17,11,8	purged_region\pop_profile_ns.jsonl
5	5	76	680	1089	1469	1	1,70,342,246,21,0	18,14,11,6,3	13,7,4,1	28,19,14,8,8	purged_region\pop_profile_ns.jsonl
7	6	19	33	70	583	1	1,11,21,0,0,0,0,0	16,7,6,4,2,1	16,4,2,2,2,1	30,10,9,7,4,3	purged_region\pop_profile_ns.jsonl
5	5	32	101	174	481	1	1,26,58,16,0,0	15,12,9,4,1	16,13,10,1	28,25,16,6,6	purged_region\pop_profile_ns.jsonl
6	5	122	2922	2335	2746	1	1,115,963,1419,409,15,0	13,10,7,4,1	11,7,4,1	20,14,13,6,5	purged_region\pop_profile_ns.jsonl
6	6	32	174	88	227	1	1,25,85,57,6,0,0	11,5,4,4,2,1	16,7,3,3,1,1	24,11,7,6,5,5	purged_region\pop_profile_ns.jsonl
6	5	178	6142	4601	5043	1	1,171,1768,3088,1065,49,0	19,13,7,4,1	16,7,4,1	32,16,11,9,4	purged_region\pop_profile_ns.jsonl
5	6	42	223	384	685	1	1,36,128,58,0,0	16,13,10,7,4,1	7,4,1	19,15,12,7,6,4	purged_region\pop_profile_ns.jsonl
6	5	144	2816	2393	2857	1	1,137,1050,1330,293,5,0	15,12,7,4,1	15,12,5,2	28,19,14,9,3	purged_region\pop_profile_ns.jsonl
5	6	45	233	134	241	1	1,39,134,59,0,0	18,13,10,7,4,1	11,4,1	25,16,12,9,4,3	purged_region\pop_profile_ns.jsonl
6	5	175	4040	3329	3807	1	1,168,1428,1960,473,10,0	17,14,11,8,1	15,11,8,5	30,23,19,12,6	purged_region\pop_profile_ns.jsonl
4	5	36	98	7	16	1	1,31,56,10,0	16,13,10,7,4	15,10,4	27,23,13,8,8	purged_region\pop_profile_ns.jsonl
6	5	86	1142	349	478	1	1,79,481,495,85,1,0	13,10,7,4,1	14,11,7,4,1	25,19,15,9,4	purged_region\pop_profile_ns.jsonl
5	5	20	40	63	313	1	1,14,21,4,0,0	18,8,5,4,3	25,10,1,1	39,18,7,6,5	purged_region\pop_profile_ns.jsonl
5	5	23	68	114	365	1	1,17,38,12,0,0	12,9,7,5,3	10,6,5,1,1	20,14,12,7,6	purged_region\pop_profile_ns.jsonl
5	5	22	42	75	329	1	1,16,25,0,0,0	13,10,7,4,1	22,6,3	34,14,9,6,3	purged_region\pop_profile_ns.jsonl
4	5	30	72	41	105	1	1,25,41,5,0	13,10,7,4,1	17,9,4	28,16,11,5,5	purged_region\pop_profile_ns.jsonl
6	6	21	54	58	297	1	1,14,29,10,0,0,0	12,7,6,6,4,1	18,6,2,1	28,13,8,6,6,2	purged_region\pop_profile_ns.jsonl
5	5	74	579	316	447	1	1,68,301,194,15,0	19,14,7,4,1	19,10,7	35,23,14,6,3	purged_region\pop_profile_ns.jsonl
6	5	340	18974	6596	6849	1	1,333,4505,9685,4182,268,0	15,10,7,4,1	16,13,10,1	26,21,18,7,5	purged_region\pop_profile_ns.jsonl
7	6	27	103	560	2337	1	1,19,56,27,0,0,0,0	16,13,10,7,4,1	19,13,3	34,23,14,8,5,2	purged_region\pop_profile_ns.jsonl
5	6	16	28	5	29	1	1,10,15,2,0,0	15,14,5,2,2,1	19,11,2	32,24,8,3,2,2	purged_region\pop_profile_ns.jsonl
5	5	50	257	447	791	1	1,44,149,63,0,0	24,16,9,6,3	12,8,2	33,21,10,9,7	purged_region\pop_profile_ns.jsonl
7	6	32	559	1879	3597	1	1,24,154,256,113,11,0,0	6,6,4,3,2,1	10,10,6,4,4,2	15,13,9,8,7,6	purged_region\pop_profile_ns.jsonl
9	6	36	570	6365	17093	1	1,26,167,266,104,6,0,0,0,0	12,7,6,5,2,1	7,6,5,4,4,1	17,13,10,8,7,5	purged_region\pop_profile_ns.jsonl
5	6	15	22	36	245	1	1,9,12,0,0,0	7,4,2,2,2,1	16,10,4,2,2	21,13,7,4,4,3	purged_region\pop_profile_ns.jsonl
7	6	11	4	0	1	1	1,3,0,0,0,0,0,0	6,5,3,3,2,1	13,10,2,2,1	18,14,6,4,3,3	purged_region\pop_profile_ns.jsonl
7	6	35	319	457	1083	1	1,27,129,135,27,0,0,0	14,6,6,3,3,2	8,4,2,1	19,9,8,6,4,3	purged_region\pop_profile_ns.jsonl
6	6	35	210	215	497	1	1,28,104,70,7,0,0	19,9,4,3,2,1	21,10,2,2,2	38,17,7,5,4,4	purged_region\pop_profile_ns.jsonl
4	5	58	235	142	223	1	1,53,142,39,0	15,12,7,4,1	25,15,4	37,21,13,6,6	purged_region\pop_profile_ns.jsonl
4	5	10	12	5	41	1	1,5,5,1,0	10,9,4,2,2	16,15,3,2	24,23,6,6,4	purged_region\pop_profile_ns.jsonl
6	5	86	1442	1243	1607	1	1,79,548,664,147,3,0	15,12,9,4,1	13,10,7,4,1	26,18,17,8,7	purged_region\pop_profile_ns.jsonl
6	6	25	100	21	71	1	1,18,52,28,1,0,0	8,6,5,4,2,2	10,8,6,4	16,12,11,10,4,2	purged_region\pop_profile_ns.jsonl
6	5	36	146	164	471	1	1,29,82,34,0,0,0	17,14,6,2,1	20,9,4,3,2	34,23,11,6,4	purged_region\pop_profile_ns.jsonl
5	5	61	432	711	1075	1	1,55,230,139,7,0	17,12,9,6,3	11,6,3	26,15,11,9,6	purged_region\pop_profile_ns.jsonl
5	5	27	80	138	413	1	1,21,46,12,0,0	18,15,12,9,5	12,6,3	28,16,14,13,9	purged_region\pop_profile_ns.jsonl
5	5	30	81	138	445	1	1,24,46,10,0,0	14,11,8,5,2	17,11,5	28,22,9,8,6	purged_region\pop_profile_ns.jsonl
6	5	94	1604	1385	1764	1	1,87,613,741,159,3,0	16,13,10,7,1	10,7,4,1	24,18,14,10,3	purged_region\pop_profile_ns.jsonl
7	6	161	6778	21092	24089	1	1,153,1655,3339,1514,116,0,0	19,13,10,7,4,1	11,8,5	27,20,14,8,6,3	purged_region\pop_profile_ns.jsonl
7	6	18	50	290	1729	1	1,10,29,10,0,0,0,0	10,7,6,4,3,2	11,6,5,2,1	20,12,10,5,5,5	purged_region\pop_profile_ns.jsonl
5	5	76	740	1167	1537	1	1,70,361,280,28,0	22,16,12,4,1	8,5,2	26,18,16,6,4	purged_region\pop_profile_ns.jsonl
6	5	212	6146	805	886	1	1,205,1987,3075,856,22,0	17,14,7,4,1	17,11,8,5,1	32,21,16,10,6	purged_region\pop_profile_ns.jsonl
5	5	68	496	819	1201	1	1,62,265,160,8,0	13,10,7,4,1	15,11,8,5,1	26,18,15,8,8	purged_region\pop_profile_ns.jsonl
6	5	38	178	101	251	1	1,31,101,45,0,0,0	18,11,7,4,1	11,7,4,1	27,16,8,7,6	purged_region\pop_profile_ns.jsonl
6	5	28	106	116	383	1	1,21,58,26,0,0,0	16,7,3,2,1	13,5,4,3	27,11,7,5,4	purged_region\pop_profile_ns.jsonl
6	5	65	472	128	221	1	1,58,256,157,0,0,0	13,10,7,4,1	13,10,4,1	25,15,11,8,4	purged_region\pop_profile_ns.jsonl
6	5	399	15526	11579	12194	1	1,392,4468,7917,2643,105,0	19,14,8,5,2	17,11,8,5	30,25,18,10,6	purged_region\pop_profile_ns.jsonl
6	5	108	2172	1810	2203	1	1,101,780,1034,250,6,0	15,10,7,4,1	10,7,4,1	22,15,9,7,6	purged_region\pop_profile_ns.jsonl
6	5	79	640	686	1091	1	1,72,343,224,0,0,0	14,11,7,4,1	18,13,7,4,1	31,21,14,8,6	purged_region\pop_profile_ns.jsonl
5	5	50	250	87	157	1	1,44,145,60,0,0	13,10,7,5,2	24,10,5	34,19,12,8,3	purged_region\pop_profile_ns.jsonl
6	5	199	6806	5138	5595	1	1,192,2020,3462,1098,33,0	14,10,7,4,1	15,12,9,6	27,18,15,13,5	purged_region\pop_profile_ns.jsonl
5	5	41	223	369	685	1	1,35,120,64,3,0	16,13,9,5,2	8,5,2	22,15,11,7,5	purged_region\pop_profile_ns.jsonl
6	5	148	4270	3307	3727	1	1,141,1324,2120,659,25,0	13,10,7,4,1	14,11,4,1	20,19,14,7,5	purged_region\pop_profile_ns.jsonl
6	5	114	2020	1749	2161	1	1,107,778,938,193,3,0	19,16,13,6,3	12,9,6,3	29,23,19,11,5	purged_region\pop_profile_ns.jsonl
3	5	25	46	23	55	1	1,21,23,1	14,11,8,5,1	27,16	37,24,10,7,4	purged_region\pop_profile_ns.jsonl
5	5	37	138	246	557	1	1,31,82,24,0,0	25,20,10,4,1	8,4,1	29,21,13,6,4	purged_region\pop_profile_ns.jsonl
7	6	37	521	1969	3801	1	1,29,175,241,73,2,0,0	14,6,5,2,2,1	6,5,3,2	18,9,8,5,3,3	purged_region\pop_profile_ns.jsonl
7	6	66	980	3989	6369	1	1,58,368,450,103,0,0,0	17,14,10,7,4,1	9,6,1	23,18,11,9,6,2	purged_region\pop_profile_ns.jsonl
8	6	18	66	219	1669	1	1,9,28,22,6,0,0,0,0	18,6,4,3,2,1	9,6,2,2,1,1	26,11,6,5,4,3	purged_region\pop_profile_ns.jsonl
4	5	19	23	8	67	1	1,14,8,0,0	18,14,10,6,1	11,8,1	25,19,11,7,7	purged_region\pop_profile_ns.jsonl
3	5	18	27	4	13	1	1,14,12,0	13,10,7,4,1	13,10,7,4,1	26,15,12,11,6	purged_region\pop_profile_ns.jsonl
6	5	26	68	76	347	1	1,19,38,10,0,0,0	17,14,10,4,1	19,13,7,4,1	35,25,13,12,5	purged_region\pop_profile_ns.jsonl
6	5	97	1616	61	78	1	1,90,622,741,159,3,0	15,12,9,6,1	17,12,4,1	30,21,14,8,4	purged_region\pop_profile_ns.jsonl
6	5	42	420	381	673	1	1,35,172,174,37,1,0	11,6,3,2,1	19,8,4,2,1	28,12,8,5,4	purged_region\pop_profile_ns.jsonl
6	5	156	3984	3171	3623	1	1,149,1302,1944,567,21,0	15,10,7,4,1	13,10,7,4,1	25,19,12,11,5	purged_region\pop_profile_ns.jsonl
6	5	50	538	491	804	1	1,43,223,225,45,1,0	17,8,5,3,2	19,10,6,1	34,16,12,5,4	purged_region\pop_profile_ns.jsonl
5	5	61	319	186	317	1	1,55,186,77,0,0	13,10,7,4,1	13,8,4	23,17,11,5,4	purged_region\pop_profile_ns.jsonl
6	5	24	82	92	335	1	1,17,46,18,0,0,0	10,7,6,4,2	12,11,6,2,1	21,17,11,7,5	purged_region\pop_profile_ns.jsonl
6	5	82	744	393	586	1	1,75,393,275,0,0,0	13,10,7,4,1	19,11,8,5	31,17,15,9,6	purged_region\pop_profile_ns.jsonl
4	5	17	23	10	61	1	1,12,10,0,0	12,5,5,2,1	28,9,2	36,15,7,4,2	purged_region\pop_profile_ns.jsonl
6	5	76	638	684	1063	1	1,69,342,226,0,0,0	17,10,7,4,1	14,11,7,4,1	30,17,12,11,6	purged_region\pop_profile_ns.jsonl
8	6	18	25	75	1076	1	1,9,15,0,0,0,0,0,0	10,8,8,6,2,1	11,9,7,4	20,16,15,10,3,2	purged_region\pop_profile_ns.jsonl
5	5	26	50	3	13	1	1,20,29,0,0,0	18,12,8,4,1	15,12,9,6	30,23,15,15,2	purged_region\pop_profile_ns.jsonl
6	6	34	228	228	499	1	1,27,110,82,8,0,0	20,6,4,3,2,1	19,10,8	37,14,12,4,3,3	purged_region\pop_profile_ns.jsonl
6	5	88	1138	1045	1449	1	1,81,480,490,85,1,0	13,10,7,4,1	14,8,5,2	24,18,11,6,5	purged_region\pop_profile_ns.jsonl
6	5	575	43390	29005	29577	1	1,568,9110,22120,10775,815,1	18,13,9,6,2	13,10,7,4,1	27,21,16,12,7	purged_region\pop_profile_ns.jsonl
6	7	12	13	2	33	1	1,5,6,1,0,0,0	13,6,5,3,3,3,2	6,3,3,2,2,1,1	17,8,7,6,5,5,5	purged_region\pop_profile_ns.jsonl
6	5	23	80	18	65	1	1,16,45,18,0,0,0	11,8,4,2,1	14,6,5,3	24,13,8,6,3	purged_region\pop_profile_ns.jsonl
4	5	29	80	45	107	1	1,24,45,10,0	12,10,5,5,2	23,7,3	32,16,8,6,5	purged_region\pop_profile_ns.jsonl
7	6	27	104	553	2341	1	1,19,55,28,1,0,0,0	13,9,5,4,3,2	15,11,7	26,20,11,5,4,3	purged_region\pop_profile_ns.jsonl
5	5	99	1214	1857	2255	1	1,93,559,501,60,0	15,10,7,4,1	10,7,4,1	21,14,12,6,6	purged_region\pop_profile_ns.jsonl
5	5	81	535	307	447	1	1,75,307,152,0,0	16,13,7,4,1	17,8,5	29,20,13,5,4	purged_region\pop_profile_ns.jsonl
8	6	14	9	783	45866	2	1,5,3,0,0,0,0,0,0	17,6,5,5,3,2	9,6,3,2,1	24,9,9,8,6,3	purged_region\pop_profile_ns.jsonl
7	6	13	10	40	1389	1	1,5,4,0,0,0,0,0	9,7,7,5,3,2	14,7,7,5,3,2	22,13,13,11,7,5	purged_region\pop_profile_ns.jsonl
7	6	16	23	140	1569	1	1,8,14,0,0,0,0,0	18,5,4,3,2,1	12,9,7	28,12,10,6,3,2	purged_region\pop_profile_ns.jsonl
5	5	35	80	30	97	1	1,29,50,0,0,0	16,13,8,4,1	20,13,7,4	35,23,14,7,7	purged_region\pop_profile_ns.jsonl
8	6	24	136	147	688	1	1,15,57,54,9,0,0,0,0	7,7,6,5,5,1	11,9,7,4,1	17,15,12,8,7,4	purged_region\pop_profile_ns.jsonl
5	6	17	41	66	283	1	1,11,22,7,0,0	11,10,9,5,3,1	10,6,5,3,3,1	21,14,13,8,7,4	purged_region\pop_profile_ns.jsonl
3	5	19	32	15	43	1	1,15,15,1	14,11,8,5,2	14,10,7,4,1	28,17,15,9,7	purged_region\pop_profile_ns.jsonl
8	6	25	313	144	425	1	1,16,94,140,58,4,0,0,0	6,6,5,2,1,1	10,6,5,4,3,2	15,10,9,7,6,4	purged_region\pop_profile_ns.jsonl
6	5	146	3904	1531	1750	1	1,139,1239,1919,584,22,0	16,10,7,4,1	22,15,4,1	35,23,9,8,5	purged_region\pop_profile_ns.jsonl
7	6	15	14	20	503	1	1,7,6,0,0,0,0,0	14,9,7,3,2,1	17,2,2,1,1	29,11,9,4,4,2	purged_region\pop_profile_ns.jsonl
6	5	47	270	74	157	1	1,40,148,81,0,0,0	18,10,7,4,1	15,11,4,1	32,17,11,6,5	purged_region\pop_profile_ns.jsonl
8	6	35	344	345	961	1	1,26,131,150,35,1,0,0,0	15,11,5,3,1,1	16,6,3,2	29,17,6,5,4,2	purged_region\pop_profile_ns.jsonl
8	6	44	560	3189	7217	1	1,35,198,250,73,3,0,0,0	17,9,6,3,2,1	12,6,2,2	27,13,7,6,5,2	purged_region\pop_profile_ns.jsonl
6	5	263	8710	6673	7193	1	1,256,2657,4388,1359,49,0	17,14,11,4,1	14,11,8,4,1	28,24,18,10,5	purged_region\pop_profile_ns.jsonl
8	6	82	2172	2055	3053	1	1,73,600,1049,425,24,0,0,0	16,13,10,7,4,1	11,7,4,1	24,19,11,8,6,6	purged_region\pop_profile_ns.jsonl
5	5	55	321	540	907	1	1,49,176,91,4,0	19,16,10,7,1	13,10,7,4,1	29,25,15,15,4	purged_region\pop_profile_ns.jsonl
5	5	105	1092	1722	2161	1	1,99,534,418,40,0	18,11,7,4,1	12,7,4	26,17,10,6,5	purged_region\pop_profile_ns.jsonl
5	5	58	355	597	967	1	1,52,194,103,5,0	22,14,11,4,1	14,11,5,1	33,23,13,7,7	purged_region\pop_profile_ns.jsonl
6	5	54	396	424	753	1	1,47,212,136,0,0,0	15,12,9,5,2	10,7,4,1	20,18,16,6,5	purged_region\pop_profile_ns.jsonl
6	5	250	9280	6939	7424	1	1,243,2703,4753,1533,47,0	15,12,9,5,1	14,10,7,4,1	27,19,15,10,7	purged_region\pop_profile_ns.jsonl
6	5	540	32518	11221	11533	1	1,533,7588,16671,7266,459,0	20,14,8,5,1	18,9,6,3	33,22,14,11,4	purged_region\pop_profile_ns.jsonl
5	5	47	213	375	721	1	1,41,125,46,0,0	14,11,8,5,1	12,9,5	23,19,14,7,2	purged_region\pop_profile_ns.jsonl
7	6	22	66	343	1993	1	1,14,34,16,1,0,0,0	13,10,10,3,2,1	11,3,2,1,1	20,13,11,5,4,4	purged_region\pop_profile_ns.jsonl
4	5	30	61	7	20	1	1,25,35,0,0	13,10,7,4,1	10,7,1	19,14,8,8,4	purged_region\pop_profile_ns.jsonl
6	5	244	8858	6652	7135	1	1,237,2607,4532,1438,43,0	15,11,7,4,1	22,14,6,3	35,22,12,9,5	purged_region\pop_profile_ns.jsonl
9	6	21	81	70	499	1	1,11,42,27,0,0,0,0,0,0	15,10,6,4,2,1	5,4,3,2,2,1	19,13,8,6,5,4	purged_region\pop_profile_ns.jsonl
5	5	25	56	90	377	1	1,19,30,6,0,0	17,10,7,4,1	26,12,1	40,21,8,5,4	purged_region\pop_profile_ns.jsonl
5	5	30	128	216	487	1	1,24,71,31,1,0	9,7,4,3,1	8,8,5,2	15,13,8,7,4	purged_region\pop_profile_ns.jsonl
8	6	148	12716	10321	11725	1	1,139,1880,5480,4313,874,29,0,0	17,14,10,7,4,1	17,11,4,1	32,23,12,9,5,5	purged_region\pop_profile_ns.jsonl
8	6	38	362	1110	3053	1	1,29,141,155,35,1,0,0,0	15,10,6,4,3,2	23,5,3,3	36,15,8,6,5,4	purged_region\pop_profile_ns.jsonl
6	5	88	728	391	606	1	1,81,391,255,0,0,0	23,17,10,4,1	13,10,7,4	35,24,17,8,5	purged_region\pop_profile_ns.jsonl
7	6	22	106	505	2077	1	1,14,49,37,5,0,0,0	16,7,5,5,4,3	15,14,3,2,2,1	29,19,8,8,7,6	purged_region\pop_profile_ns.jsonl
6	5	44	240	261	587	1	1,37,129,70,3,0,0	22,15,10,4,1	13,10,7,4,1	33,23,14,13,4	purged_region\pop_profile_ns.jsonl
6	5	43	188	218	549	1	1,36,109,42,0,0,0	19,14,11,4,1	14,11,8,5	32,24,15,9,7	purged_region\pop_profile_ns.jsonl
5	5	48	271	151	265	1	1,42,147,77,4,0	15,12,9,6,3	14,7,4,1	25,19,11,11,5	purged_region\pop_profile_ns.jsonl
6	5	168	5460	4145	4572	1	1,161,1635,2761,875,27,0	15,10,7,4,1	13,10,7,4,1	26,15,13,11,7	purged_region\pop_profile_ns.jsonl
5	5	37	168	288	589	1	1,31,95,40,1,0	17,14,7,4,1	14,10,7,4,1	29,23,10,10,7	purged_region\pop_profile_ns.jsonl
6	5	286	10882	8099	8628	1	1,279,3111,5537,1877,77,0	15,11,8,5,2	15,12,9,5	26,23,16,11,6	purged_region\pop_profile_ns.jsonl
6	5	72	940	855	1208	1	1,65,391,409,73,1,0	14,11,8,5,1	12,8,5,1	24,15,14,7,5	purged_region\pop_profile_ns.jsonl
4	6	17	27	13	62	1	1,12,13,1,0	17,13,10,7,4,1	9,6,3	24,15,14,7,5,5	purged_region\pop_profile_ns.jsonl
6	6	50	294	332	661	1	1,43,166,84,0,0,0	16,13,10,7,4,1	14,11,8,1	26,22,21,8,4,4	purged_region\pop_profile_ns.jsonl
6	5	62	464	504	853	1	1,55,252,156,0,0,0	16,13,10,7,4	12,7,4,1	25,18,16,8,7	purged_region\pop_profile_ns.jsonl
6	6	25	114	59	181	1	1,18,58,35,2,0,0	11,6,5,3,3,2	10,9,4	19,13,9,5,4,3	purged_region\pop_profile_ns.jsonl
5	5	232	3536	5343	5905	1	1,226,1591,1528,190,0	18,13,10,7,1	16,12,7	30,22,17,9,6	purged_region\pop_profile_ns.jsonl
5	5	56	366	603	965	1	1,50,193,114,8,0	14,10,7,4,1	20,12,4	31,21,9,6,5	purged_region\pop_profile_ns.jsonl
6	5	142	3848	1505	1718	1	1,135,1215,1895,580,22,0	23,14,10,7,4	12,7,4,1	32,19,12,11,8	purged_region\pop_profile_ns.jsonl
6	5	316	11694	2935	3112	1	1,309,3465,5989,1875,55,0	19,12,9,4,1	15,12,9,4	32,21,16,11,5	purged_region\pop_profile_ns.jsonl
6	5	154	3254	2737	3188	1	1,147,1197,1561,343,5,0	13,10,7,4,1	14,10,7,4,1	23,19,16,8,5	purged_region\pop_profile_ns.jsonl
6	5	164	3988	3228	3691	1	1,157,1360,1950,508,12,0	13,10,7,4,1	16,12,7,4	27,19,13,8,7	purged_region\pop_profile_ns.jsonl
8	6	190	19968	31297	34211	1	1,181,2761,8573,6983,1423,46,0,0	16,13,10,7,4,1	18,9,6,1	32,17,16,10,5,5	purged_region\pop_profile_ns.jsonl
6	5	148	3328	2729	3185	1	1,141,1162,1610,405,9,0	17,10,7,4,1	17,12,7,4,1	32,19,14,8,7	purged_region\pop_profile_ns.jsonl
6	5	145	3944	3091	3514	1	1,138,1251,1943,589,22,0	13,10,7,4,1	10,7,4,1	20,15,11,6,5	purged_region\pop_profile_ns.jsonl
7	6	73	1301	5035	7453	1	1,65,454,610,165,6,0,0	22,15,10,7,4,1	15,10,4	35,24,12,8,6,3	purged_region\pop_profile_ns.jsonl
6	5	84	804	844	1221	1	1,77,422,304,0,0,0	16,13,10,7,4	15,11,8,2	30,20,17,12,7	purged_region\pop_profile_ns.jsonl
6	5	61	716	655	993	1	1,54,299,304,57,1,0	14,11,8,5,1	13,7,4,1	25,16,10,7,6	purged_region\pop_profile_ns.jsonl
3	5	26	56	30	61	1	1,22,30,3	14,10,7,4,1	14,11,8,5	28,17,13,11,5	purged_region\pop_profile_ns.jsonl
4	5	16	25	12	59	1	1,11,12,1,0	19,13,4,3,1	11,7,7,5	28,19,10,10,3	purged_region\pop_profile_ns.jsonl
4	5	19	36	19	69	1	1,14,19,2,0	13,10,7,4,1	13,10,7,4,1	24,16,16,7,7	purged_region\pop_profile_ns.jsonl
7	6	17	32	36	329	1	1,9,18,4,0,0,0,0	6,3,3,3,2,1	6,4,3,2,1	10,7,6,5,4,2	purged_region\pop_profile_ns.jsonl
6	5	198	6850	5135	5607	1	1,191,1972,3440,1191,55,0	22,18,8,5,1	17,11,4,1	36,27,11,9,4	purged_region\pop_profile_ns.jsonl
9	6	90	6958	9193	12057	1	1,80,957,2842,2472,584,22,0,0,0	19,16,13,7,4,1	16,9,4,1	33,24,14,8,6,5	purged_region\pop_profile_ns.jsonl
6	5	318	16912	697	726	1	1,311,4123,8663,3603,211,0	16,13,10,7,4	13,10,7,4,1	26,21,16,12,10	purged_region\pop_profile_ns.jsonl
6	5	54	302	340	701	1	1,47,170,84,0,0,0	13,10,7,4,1	15,12,7,4,1	25,19,17,10,3	purged_region\pop_profile_ns.jsonl
7	6	12	7	11	721	2	1,4,2,0,0,0,0,0	14,6,6,4,3,1	7,7,3,2,1	19,11,10,6,6,2	purged_region\pop_profile_ns.jsonl
5	5	15	19	27	245	1	1,9,9,0,0,0	23,5,2,2,1	17,8,5,4,1	38,11,9,7,3	purged_region\pop_profile_ns.jsonl
9	6	30	408	4505	14573	1	1,20,117,182,82,6,0,0,0,0	12,8,7,4,2,1	15,12,6,1	26,19,13,5,3,2	purged_region\pop_profile_ns.jsonl
6	5	71	496	547	941	1	1,64,270,154,7,0,0	16,10,7,4,1	14,10,7,4,1	26,20,16,8,4	purged_region\pop_profile_ns.jsonl
6	5	131	3132	2533	2940	1	1,124,1070,1535,393,9,0	13,10,7,4,1	13,10,7,4,1	24,16,15,9,6	purged_region\pop_profile_ns.jsonl
7	6	72	1223	1618	2411	1	1,64,444,576,138,0,0,0	21,14,10,7,4,1	8,4,1	25,17,12,8,5,3	purged_region\pop_profile_ns.jsonl
6	5	221	7906	5932	6401	1	1,214,2308,4020,1316,47,0	19,13,10,4,1	10,7,4,1	25,18,14,9,3	purged_region\pop_profile_ns.jsonl
5	6	67	464	771	1159	1	1,61,250,145,7,0	16,13,10,7,4,1	21,14,3	35,24,10,9,7,4	purged_region\pop_profile_ns.jsonl
6	5	19	48	50	277	1	1,12,25,10,0,0,0	17,7,5,4,3	9,6,3,2,1	24,13,8,7,5	purged_region\pop_profile_ns.jsonl
5	6	16	26	13	87	1	1,10,13,2,0,0	11,8,4,2,1,1	11,7,5	20,14,9,3,2,2	purged_region\pop_profile_ns.jsonl
6	5	204	6016	2353	2590	1	1,197,1929,3019,848,22,0	13,10,7,4,1	21,11,8,4	32,19,14,9,5	purged_region\pop_profile_ns.jsonl
9	6	100	8304	18215	23091	1	1,90,1137,3420,2945,686,25,0,0,0	16,13,10,7,4,1	10,7,4,1	22,21,13,8,5,4	purged_region\pop_profile_ns.jsonl
8	6	56	2006	7771	11957	1	1,47,404,892,567,93,2,0,0	11,6,4,2,1,1	17,5,3,2,1	26,10,6,4,4,3	purged_region\pop_profile_ns.jsonl
7	6	258	16448	46744	50089	1	1,250,3379,8092,4318,408,0,0	16,13,10,7,4,1	15,12,7	28,21,18,9,7,2	purged_region\pop_profile_ns.jsonl
7	6	468	63731	154591	158257	1	1,460,8778,28695,22027,3697,73,0	16,13,10,7,4,1	15,9,6	26,21,16,9,6,3	purged_region\pop_profile_ns.jsonl
9	6	94	5281	41230	55661	1	1,84,948,2410,1610,228,0,0,0,0	17,14,11,8,4,1	15,10,4,1	31,22,13,9,6,4	purged_region\pop_profile_ns.jsonl
7	6	9	10	33	533	2	1,1,6,1,1,0,0,0	5,4,3,2,1	2,2,1,1	6,5,4,3,2,1	purged_region\runs\fam10\records_ext21.jsonl
7	6	12	20	103	1345	1	1,4,10,4,1,0,0,0	3,2,1,1	5,4,3,2	6,5,4,3,2,1	purged_region\runs\fam10\records_ext21_retry.jsonl
7	6	18	115	476	1881	1	1,10,44,48,12,0,0,0	4,3,2,1	4,3,2,1	6,5,4,3,1,1	purged_region\runs\fam10\records_hic.jsonl
7	6	18	134	517	1921	1	1,10,46,56,19,2,0,0	4,3,2,1	4,3,2,1	6,5,4,2,2,1	purged_region\runs\fam10\records_hic.jsonl
7	6	18	135	520	1921	1	1,10,46,56,20,2,0,0	4,3,2,1	4,3,2,1	6,5,3,3,2,1	purged_region\runs\fam10\records_hic.jsonl
7	6	18	134	30	113	1	1,10,45,56,20,2,0,0	4,3,2,1	4,3,2,1	6,4,4,3,2,1	purged_region\runs\fam10\records_hic.jsonl
7	6	16	115	434	1769	1	1,8,38,48,18,2,0,0	4,3,2,1	4,3,2,1	5,5,4,3,2,1	purged_region\runs\fam10\records_hic.jsonl
7	6	14	32	163	1481	1	1,6,16,8,1,0,0,0	4,3,2,2,1	4,2,2,1	6,5,4,3,2,1	purged_region\runs\fam10\records_hic21.jsonl
7	6	16	85	377	1697	1	1,8,35,32,9,0,0,0	5,4,3,2,1	3,2,1	6,5,4,3,2,1	purged_region\runs\fam10\records_hic21.jsonl
7	6	20	154	201	691	1	1,12,54,64,21,2,0,0	4,3,2,1	5,3,2,1	7,5,4,2,2,1	purged_region\runs\fam10\records_hic21.jsonl
7	6	20	154	596	2073	1	1,12,53,64,22,2,0,0	4,3,2,1	5,3,2,1	7,5,3,3,2,1	purged_region\runs\fam10\records_hic21.jsonl
7	6	14	31	163	1477	1	1,6,16,7,1,0,0,0	4,3,1,1	5,3,2,1,1	6,5,4,3,2,1	purged_region\runs\fam10\records_hic21.jsonl
7	6	20	134	559	2033	1	1,12,52,56,13,0,0,0	4,3,2,1	5,3,2,1	7,5,4,3,1,1	purged_region\runs\fam10\records_hic21.jsonl
7	6	19	167	611	2049	1	1,11,53,72,27,3,0,0	4,4,2,1	4,3,2,1	6,5,4,3,2,1	purged_region\runs\fam10\records_hic21.jsonl
7	6	18	147	559	1945	1	1,10,49,62,23,2,0,0	4,3,3,1	4,3,2,1	6,5,4,3,2,1	purged_region\runs\fam10\records_hic21.jsonl
8	6	24	478	1959	4961	1	1,15,105,208,128,21,0,0,0	5,3,2,1	4,3,2,1	6,5,4,3,2,1	purged_region\runs\fam10\records_hic21.jsonl
3	5	7	6	2	17	1	1,3,2,0	4,3,1	6,4,2,2	8,6,4,2,2	purged_region\runs\fam11\r5_deep.jsonl
4	5	8	7	3	34	1	1,3,3,0,0	4,3,1,1	5,4,2,1	7,6,4,2,2	purged_region\runs\fam11\r5_full.jsonl
4	5	9	9	4	37	1	1,4,4,0,0	4,3,1,1	6,4,2	8,6,4,2,1	purged_region\runs\fam11\r5_full.jsonl
4	5	9	10	2	19	1	1,4,4,1,0	4,3,2	5,3,3,1	7,5,4,3,2	purged_region\runs\fam11\r5_full.jsonl
4	5	8	8	3	35	1	1,3,3,1,0	4,3,2	5,4,2,1	6,6,4,3,2	purged_region\runs\fam11\r5_full.jsonl
6	6	10	5	2	177	1	1,3,1,0,0,0,0	3,1,1,1	5,4,3,2,1	6,5,4,3,2,1	purged_region\runs\fam11\r6_deep.jsonl
6	6	10	10	4	59	1	1,3,6,0,0,0,0	3,2,2	5,4,3,2,1	7,5,4,3,2,1	purged_region\runs\fam11\r6_deep.jsonl
8	6	13	16	2871	42599	2	1,4,11,0,0,0,0,0,0	3,2,2,1	5,4,3,2,1	7,6,4,3,2,1	purged_region\runs\fam11\r6_deep.jsonl
6	6	11	15	9	94	1	1,4,9,1,0,0,0	3,3,1	5,4,3,2,1	7,5,4,3,2,1	purged_region\runs\fam11\r6_deep.jsonl
4	6	9	10	5	37	1	1,4,5,0,0	4,2	5,4,3,2,1	6,5,4,3,2,1	purged_region\runs\fam11\r6_deep.jsonl
5	6	11	15	24	199	1	1,5,8,1,0,0	4,3,1	6,3,2,1,1	8,5,4,2,1,1	purged_region\runs\fam11\r6_stab.jsonl
6	7	8	3	1	73	2	1,1,1,0,0,0,0	3,2,1,1,1	5,2,2,1,1	6,4,3,2,2,1,1	purged_region\runs\fam11\r7_stab.jsonl
4	5	16	32	5	21	1	1,11,15,5,0	4,4,2	8,6,4,2	10,8,6,4,2	purged_region\runs\fam13\fam13.jsonl
4	5	40	162	31	55	1	1,35,90,35,1	6,6,3	12,9,6,3	15,12,9,6,3	purged_region\runs\fam13\fam13.jsonl
4	5	85	512	305	401	1	1,80,290,136,5	8,8,4	16,12,8,4	20,16,12,8,4	purged_region\runs\fam13\fam13.jsonl
4	5	161	1250	749	869	1	1,156,701,376,16	10,10,5	20,15,10,5	25,20,15,10,5	purged_region\runs\fam13\fam13.jsonl
4	5	280	2592	517	565	1	1,275,1431,845,40	12,12,6	24,18,12,6	30,24,18,12,6	purged_region\runs\fam13\fam13.jsonl
4	5	456	4802	955	1011	1	1,451,2610,1655,85	14,14,7	28,21,14,7	35,28,21,14,7	purged_region\runs\fam13\fam13.jsonl
4	5	705	8192	4873	5065	1	1,700,4390,2940,161	16,16,8	32,24,16,8	40,32,24,16,8	purged_region\runs\fam13\fam13.jsonl
7	7	11	18	99	1324	2	1,3,9,4,1,0,0,0	4,3,3,2,1	3,2,2,1	5,5,4,3,2,1,1	purged_region\runs\fam13\fam13.jsonl
7	6	20	115	102	397	1	1,12,48,44,10,0,0,0	5,4,3,2,1	4,2,1	7,5,4,3,2,1	purged_region\runs\fam13\fam13_w5.jsonl
7	6	15	30	36	305	1	1,7,18,4,0,0,0,0	5,4,3,2,1	4,3,1	8,5,4,3,2,1	purged_region\runs\fam13\fam13_w5.jsonl
4	5	17	34	9	32	1	1,12,18,3,0	7,5,2	6,5,3	10,8,6,3,1	purged_region\runs\fam14\control_b2.jsonl
6	5	16	42	44	247	1	1,9,22,10,0,0,0	7,3,2,1	5,4,3,1	10,6,5,4,1	purged_region\runs\fam14\control_main.jsonl
5	5	16	36	57	269	1	1,10,19,6,0,0	6,4,2,1	6,5,4,2	10,8,6,3,3	purged_region\runs\fam14\control_main.jsonl
7	6	15	35	190	1541	1	1,7,19,8,0,0,0,0	5,4,2,1,1	6,3,2,1	7,6,5,3,2,2	purged_region\runs\fam14\control_main.jsonl
6	6	24	119	123	355	1	1,17,60,38,3,0,0	7,4,2,2,1	5,4,2	9,7,5,3,2,1	purged_region\runs\fam14\control_main.jsonl
6	6	12	16	16	199	1	1,5,8,2,0,0,0	5,4,4,2	6,3,2,1,1	7,6,5,5,3,2	purged_region\runs\fam14\control_main.jsonl
5	6	9	5	3	173	1	1,3,1,0,0,0	9,5,1,1	6,3,3,1	12,8,5,2,1,1	purged_region\runs\fam14\control_main.jsonl
8	6	34	770	3255	6709	1	1,25,178,344,195,27,0,0,0	5,4,3,2,1	8,4,3,1	11,7,4,4,3,2	purged_region\runs\fam14\control_main.jsonl
5	6	12	18	9	71	1	1,6,9,2,0,0	4,3,2	11,7,3,1,1	13,9,5,2,2,1	purged_region\runs\fam14\control_main.jsonl
8	6	18	27	85	1076	1	1,9,17,0,0,0,0,0,0	6,4,2,1	9,4,3,2,1	11,6,5,5,4,1	purged_region\runs\fam14\control_main.jsonl
5	7	10	7	6	185	1	1,4,2,0,0,0	6,6,2,2,1,1	5,4,2,2,2	10,8,5,3,3,2,2	purged_region\runs\fam14\control_main.jsonl
7	7	16	36	183	1601	1	1,8,18,8,1,0,0,0	4,3,2,2,2,1	11,5,2,1	13,7,4,4,2,2,1	purged_region\runs\fam14\control_main.jsonl
6	7	23	69	72	323	1	1,16,36,16,0,0,0	7,3,3,3,2	7,4,2,1,1,1	11,7,4,4,4,3,1	purged_region\runs\fam14\control_main.jsonl
7	7	10	4	11	1190	2	1,2,1,0,0,0,0,0	6,6,5,1	5,4,3,2,1,1	9,8,6,3,3,3,2	purged_region\runs\fam14\control_main.jsonl
5	7	8	5	6	161	1	1,2,2,0,0,0	8,7,4,2,2	4,3,2,1,1	9,9,4,4,3,3,2	purged_region\runs\fam14\control_main.jsonl
6	7	21	69	73	304	1	1,14,36,17,1,0,0	8,5,3,3,1	7,5,2	10,9,6,5,2,1,1	purged_region\runs\fam14\control_main.jsonl
10	7	17	20	12506	262681	2	1,6,13,0,0,0,0,0,0,0,0	6,4,3,2,2,1	5,4,2,1,1	10,6,6,3,3,2,1	purged_region\runs\fam14\control_main_retry2.jsonl
8	7	10	10	315	6569	2	1,1,6,1,1,0,0,0,0	2,2,1,1,1	5,5,4,3,2,1	6,6,5,4,3,2,1	purged_region\runs\fam2\tier2_blockA.jsonl
6	7	11	20	21	191	1	1,4,10,4,1,0,0	3,2,2	5,5,4,3,2,1	6,6,5,4,3,2,1	purged_region\runs\fam2\tier2_blockA.jsonl
8	7	15	14	783	24590	2	1,6,6,1,0,0,0,0,0	3,1,1,1,1	8,5,4,3,2,1	9,6,5,4,3,2,1	purged_region\runs\fam2\tier2_blockA.jsonl
10	7	14	70	27	287	2	1,3,21,20,21,3,1,0,0,0,0	2,2,1,1,1	8,5,4,3,2,1	9,6,5,4,3,2,1	purged_region\runs\fam2\tier2_blockA.jsonl
9	7	14	112	899	5785	2	1,4,31,40,31,4,1,0,0,0	2,2,2,1	8,5,4,3,2,1	9,6,5,4,3,2,1	purged_region\runs\fam2\tier2_blockA.jsonl
5	7	14	25	9	47	1	1,8,15,1,0,0	5,2	8,5,4,3,2,1	9,6,5,4,3,2,1	purged_region\runs\fam2\tier2_blockA.jsonl
5	7	14	40	23	83	1	1,8,22,8,1,0	4,3	8,5,4,3,2,1	9,6,5,4,3,2,1	purged_region\runs\fam2\tier2_blockA.jsonl
8	7	14	45	5004	46571	2	1,5,19,15,5,0,0,0,0	3,2,2,1	5,4,3,2,1	6,5,4,3,3,1,1	purged_region\runs\fam2\tier2_p1.jsonl
7	7	10	7	22	595	2	1,2,4,0,0,0,0,0	3,2,2,1	5,4,3,3,1	7,5,4,4,2,1,1	purged_region\runs\fam2\tier2_p1.jsonl
8	7	14	34	2097	23168	2	1,5,16,10,2,0,0,0,0	3,3,1,1	11,4,3,2,1	12,5,4,3,2,2,1	purged_region\runs\fam2\tier2_p1.jsonl
3	4	14	22	10	33	1	1,10,10,1	7,4,2	7,4,2	11,7,5,3	purged_region\runs\fam7\certify_instrument.jsonl
5	5	10	14	1	9	1	1,4,7,2,0,0	4,3,2	4,3,2,1	6,5,4,3,1	purged_region\runs\fam8\r5_n17_20.jsonl
5	5	11	16	8	67	1	1,5,8,2,0,0	4,3,2,1	5,3,2	7,5,4,3,1	purged_region\runs\fam8\r5_n17_20.jsonl
6	5	12	20	11	100	1	1,5,11,3,0,0,0	4,3,2,1	4,3,2,1	7,5,4,3,1	purged_region\runs\fam8\r5_n17_20.jsonl
6	5	16	90	79	274	1	1,9,35,35,9,1,0	4,3,2,1	4,3,2,1	6,5,4,3,2	purged_region\runs\fam8\r5_n17_20.jsonl
5	5	13	22	4	25	1	1,7,12,2,0,0	4,3,1	6,4,2,1	8,6,4,2,1	purged_region\runs\fam8\r5_n21_24.jsonl
5	5	13	24	36	229	1	1,7,12,4,0,0	5,3,2	5,3,2,1	8,5,4,3,1	purged_region\runs\fam8\r5_n21_24.jsonl
4	5	12	15	7	46	1	1,7,7,0,0	5,3,1	6,4,2	8,6,4,2,1	purged_region\runs\fam8\r5_n21_24.jsonl
5	5	12	23	36	217	1	1,6,12,4,0,0	4,3,2	5,4,2,1	7,6,4,3,1	purged_region\runs\fam8\r5_n21_24.jsonl
5	5	10	11	18	185	1	1,4,6,0,0,0	4,3,1,1	5,4,2,1	7,6,4,3,1	purged_region\runs\fam8\r5_n21_24.jsonl
6	5	18	110	97	302	1	1,11,43,43,11,1,0	4,3,2,1	5,3,2,1	7,5,4,3,2	purged_region\runs\fam8\r5_n21_24.jsonl
4	5	10	13	6	41	1	1,5,6,1,0	5,3,2	5,4,2	7,6,4,3,1	purged_region\runs\fam8\r5_n21_24.jsonl
4	5	13	16	1	7	1	1,8,7,0,0	6,3,1	6,4,2	9,6,4,2,1	purged_region\runs\fam8\r5_n21_24.jsonl
5	5	15	24	12	83	1	1,9,12,2,0,0	6,3,1	6,3,2,1	9,6,4,2,1	purged_region\runs\fam8\r5_n21_24.jsonl
5	5	16	30	48	263	1	1,10,16,3,0,0	5,3,1	6,4,2,1	9,6,4,2,1	purged_region\runs\fam8\r5_n21_24.jsonl
5	5	12	17	27	211	1	1,6,9,1,0,0	5,3,2,1	5,4,2	8,6,5,2,1	purged_region\runs\fam8\r5_n21_24.jsonl
5	5	16	34	57	265	1	1,10,19,4,0,0	5,3,1	6,4,2,1	8,6,4,3,1	purged_region\runs\fam8\r5_n21_24.jsonl
5	5	14	31	48	245	1	1,8,16,6,0,0	4,3,2	6,4,2,1	8,6,4,3,1	purged_region\runs\fam8\r5_n21_24.jsonl
4	5	13	21	10	51	1	1,8,10,2,0	5,3,2	6,4,2	8,6,4,3,1	purged_region\runs\fam8\r5_n21_24.jsonl
5	5	15	34	54	257	1	1,9,18,6,0,0	5,3,2	5,4,2,1	8,6,4,3,1	purged_region\runs\fam8\r5_n21_24.jsonl
4	5	11	15	7	44	1	1,6,7,1,0	5,4,2	6,3,2	8,6,4,3,1	purged_region\runs\fam8\r5_n21_24.jsonl
4	5	11	16	2	11	1	1,6,8,1,0	5,4,2	5,4,2	8,6,4,3,1	purged_region\runs\fam8\r5_n21_24.jsonl
5	5	14	27	42	241	1	1,8,14,4,0,0	5,3,2,1	6,3,2	8,6,4,3,1	purged_region\runs\fam8\r5_n21_24.jsonl
6	5	20	130	23	66	1	1,13,51,51,13,1,0	5,3,2,1	5,3,2,1	8,5,4,3,2	purged_region\runs\fam8\r5_n21_24.jsonl
5	5	14	33	51	247	1	1,8,17,7,0,0	5,3,2	5,4,2,1	7,6,4,3,2	purged_region\runs\fam8\r5_n21_24.jsonl
6	5	20	132	117	331	1	1,13,52,52,13,1,0	5,3,2,1	5,3,2,1	7,6,4,3,2	purged_region\runs\fam8\r5_n21_24.jsonl
6	5	18	112	33	101	1	1,11,44,44,11,1,0	4,3,2,1	5,4,2,1	7,6,4,3,2	purged_region\runs\fam8\r5_n21_24.jsonl
4	5	13	17	8	49	1	1,8,8,0,0	6,4,1	6,4,2	9,7,4,2,1	purged_region\runs\fam8\r5_n21_24.jsonl
4	5	14	23	11	54	1	1,9,11,2,0	6,3,2	6,4,2	9,6,4,3,1	purged_region\runs\fam8\r5_n21_24.jsonl
4	5	12	18	9	47	1	1,7,9,1,0	5,4,2	6,4,2	9,6,4,3,1	purged_region\runs\fam8\r5_n21_24.jsonl
5	5	17	35	57	277	1	1,11,19,4,0,0	6,3,1	6,4,2,1	9,6,4,3,1	purged_region\runs\fam8\r5_n21_24.jsonl
5	5	13	16	24	221	1	1,7,8,0,0,0	5,3,1,1	6,4,2,1	9,6,4,3,1	purged_region\runs\fam8\r5_n21_24.jsonl
5	5	13	26	42	229	1	1,7,14,4,0,0	5,4,2	5,4,2,1	8,7,4,3,1	purged_region\runs\fam8\r5_n21_24.jsonl
5	5	14	28	45	241	1	1,8,15,4,0,0	5,4,2,1	6,3,2	8,6,5,3,1	purged_region\runs\fam8\r5_n21_24.jsonl
4	5	12	17	8	47	1	1,7,8,1,0	6,3,2	6,4,2	8,6,5,3,1	purged_region\runs\fam8\r5_n21_24.jsonl
4	5	13	22	11	51	1	1,8,11,2,0	5,4,2	6,4,2	8,6,5,3,1	purged_region\runs\fam8\r5_n21_24.jsonl
5	5	15	35	57	257	1	1,9,19,6,0,0	5,4,2	5,4,2,1	8,6,5,3,1	purged_region\runs\fam8\r5_n21_24.jsonl
5	5	14	20	6	47	1	1,8,10,1,0,0	6,3,1	6,4,2,1	8,6,5,3,1	purged_region\runs\fam8\r5_n21_24.jsonl
5	5	14	26	42	239	1	1,8,14,3,0,0	5,4,1	6,4,2,1	8,6,5,3,1	purged_region\runs\fam8\r5_n21_24.jsonl
4	5	12	18	1	6	1	1,7,8,2,0	5,3,2	6,4,3	8,6,5,3,1	purged_region\runs\fam8\r5_n21_24.jsonl
5	5	17	43	23	95	1	1,11,23,8,0,0	5,3,2	6,4,2,1	8,6,5,3,1	purged_region\runs\fam8\r5_n21_24.jsonl
5	5	18	57	30	103	1	1,12,29,14,1,0	5,3,2	6,4,2,1	8,6,4,3,2	purged_region\runs\fam8\r5_n21_24.jsonl
5	5	15	29	48	251	1	1,9,16,3,0,0	5,3,1,1	6,4,2,1	8,6,4,3,2	purged_region\runs\fam8\r5_n21_24.jsonl
5	5	15	36	57	259	1	1,9,19,7,0,0	5,4,2	5,4,2,1	8,6,4,3,2	purged_region\runs\fam8\r5_n21_24.jsonl
5	5	15	35	54	259	1	1,9,18,7,0,0	5,4,2,1	6,3,2	8,6,4,3,2	purged_region\runs\fam8\r5_n21_24.jsonl
6	5	22	152	135	359	1	1,15,60,60,15,1,0	5,3,2,1	6,3,2,1	8,6,4,3,2	purged_region\runs\fam8\r5_n21_24.jsonl
6	5	22	154	137	360	1	1,15,61,61,15,1,0	5,3,2,1	5,4,2,1	8,6,4,3,2	purged_region\runs\fam8\r5_n21_24.jsonl
4	5	12	8	0	1	1	1,7,0,0,0	7,4,1	7,4,1	10,7,4,2,1	purged_region\runs\fam8\r5_n21_24.jsonl
4	5	14	17	7	52	1	1,9,7,0,0	7,3,1	7,4,2	10,7,4,2,1	purged_region\runs\fam8\r5_n21_24.jsonl
5	5	16	25	4	29	1	1,10,12,2,0,0	6,3,2,1	7,4,1	10,7,4,2,1	purged_region\runs\fam8\r5_n21_24.jsonl
4	5	13	15	6	49	1	1,8,6,0,0	6,3,1,1	7,4,2	10,7,4,2,1	purged_region\runs\fam8\r5_n21_24.jsonl
4	5	13	20	1	5	1	1,8,10,1,0	6,4,2	6,4,2	10,6,4,3,1	purged_region\runs\fam8\r5_n21_24.jsonl
5	5	17	33	54	275	1	1,11,18,3,0,0	6,4,1	6,4,2,1	9,7,5,2,1	purged_region\runs\fam8\r5_n21_24.jsonl
5	5	12	7	0	1	1	1,6,0,0,0,0	6,3,1,1	6,4,2,1	9,7,5,2,1	purged_region\runs\fam8\r5_n21_24.jsonl
5	5	14	18	24	235	1	1,8,8,1,0,0	6,4,2,1	7,3,1	9,7,5,2,1	purged_region\runs\fam8\r5_n21_24.jsonl
4	5	16	34	9	31	1	1,11,18,4,0	6,4,2	6,4,2	9,7,4,3,1	purged_region\runs\fam8\r5_n21_24.jsonl
5	5	17	38	60	281	1	1,11,20,6,0,0	6,3,2,1	6,4,2	9,7,4,3,1	purged_region\runs\fam8\r5_n21_24.jsonl
4	5	16	32	17	61	1	1,11,17,3,0	6,4,2	6,4,2	9,7,5,2,1	purged_region\runs\fam8\r5_n21_24.jsonl
6	5	18	46	16	89	1	1,11,24,10,0,0,0	5,3,2,1	6,4,2,1	9,7,4,3,1	purged_region\runs\fam8\r5_n21_24.jsonl
5	5	17	37	63	277	1	1,11,21,4,0,0	6,4,1	6,4,2,1	9,7,4,3,1	purged_region\runs\fam8\r5_n21_24.jsonl
5	5	18	45	8	33	1	1,12,24,8,0,0	6,3,2	6,4,2,1	9,7,4,3,1	purged_region\runs\fam8\r5_n21_24.jsonl
3	5	11	13	1	5	1	1,7,5,0	6,4,2	6,4,2	9,7,4,2,2	purged_region\runs\fam8\r5_n21_24.jsonl
5	5	17	44	24	95	1	1,11,24,8,0,0	5,4,2	6,4,2,1	9,6,5,3,1	purged_region\runs\fam8\r5_n21_24.jsonl
4	5	13	20	3	17	1	1,8,9,2,0	6,3,2	6,4,3	9,6,5,3,1	purged_region\runs\fam8\r5_n21_24.jsonl
5	5	18	46	25	99	1	1,12,25,8,0,0	6,3,2	6,4,2,1	9,6,5,3,1	purged_region\runs\fam8\r5_n21_24.jsonl
6	5	24	174	155	388	1	1,17,69,69,17,1,0	5,3,2,1	6,4,2,1	9,6,4,3,2	purged_region\runs\fam8\r5_n21_24.jsonl
5	5	19	59	31	107	1	1,13,30,14,1,0	6,3,2	6,4,2,1	9,6,4,3,2	purged_region\runs\fam8\r5_n21_24.jsonl
5	5	16	38	60	271	1	1,10,20,7,0,0	5,4,2	6,4,2,1	9,6,4,3,2	purged_region\runs\fam8\r5_n21_24.jsonl
6	5	24	172	17	43	1	1,17,68,68,17,1,0	6,3,2,1	6,3,2,1	9,6,4,3,2	purged_region\runs\fam8\r5_n21_24.jsonl
6	5	17	48	54	257	1	1,10,27,10,0,0,0	5,4,2,1	5,4,2,1	8,7,5,3,1	purged_region\runs\fam8\r5_n21_24.jsonl
4	5	12	19	3	16	1	1,7,9,2,0	5,4,2	6,4,3	8,7,5,3,1	purged_region\runs\fam8\r5_n21_24.jsonl
5	5	17	45	5	19	1	1,11,25,8,0,0	5,4,2	6,4,2,1	8,7,5,3,1	purged_region\runs\fam8\r5_n21_24.jsonl
4	5	15	32	17	59	1	1,10,17,4,0	6,4,2	6,4,2	8,7,5,3,1	purged_region\runs\fam8\r5_n21_24.jsonl
6	5	20	136	121	333	1	1,13,54,54,13,1,0	5,4,2,1	5,4,2,1	8,7,4,3,2	purged_region\runs\fam8\r5_n21_24.jsonl
5	5	13	20	2	15	1	1,7,10,2,0,0	5,4,2,1	6,4,2	8,6,5,4,1	purged_region\runs\fam8\r5_n21_24.jsonl
6	5	16	44	48	247	1	1,9,24,10,0,0,0	5,4,2,1	5,4,2,1	8,6,5,4,1	purged_region\runs\fam8\r5_n21_24.jsonl
5	5	14	29	48	241	1	1,8,16,4,0,0	5,4,1	6,4,3,1	8,6,5,3,2	purged_region\runs\fam8\r5_n21_24.jsonl
5	5	19	67	15	47	1	1,13,34,18,1,0	5,3,2	6,4,3,1	8,6,5,3,2	purged_region\runs\fam8\r5_n21_24.jsonl
6	5	24	178	53	130	1	1,17,71,71,17,1,0	5,3,2,1	6,4,2,1	8,6,5,3,2	purged_region\runs\fam8\r5_n21_24.jsonl
6	5	22	156	139	361	1	1,15,62,62,15,1,0	5,3,2,1	5,4,3,1	8,6,5,3,2	purged_region\runs\fam8\r5_n21_24.jsonl
5	5	18	60	96	311	1	1,12,31,15,1,0	5,4,2	6,4,2,1	8,6,5,3,2	purged_region\runs\fam8\r5_n21_24.jsonl
5	5	16	44	69	277	1	1,10,23,10,0,0	5,4,2	5,4,3,1	8,6,5,3,2	purged_region\runs\fam8\r5_n21_24.jsonl
5	5	14	22	36	235	1	1,8,12,1,0,0	6,3,1	6,4,3,1	8,6,5,3,2	purged_region\runs\fam8\r5_n21_24.jsonl
5	5	17	47	75	289	1	1,11,25,10,0,0	5,4,2,1	6,4,2	8,6,5,3,2	purged_region\runs\fam8\r5_n21_24.jsonl
6	5	23	178	53	127	1	1,16,71,72,17,1,0	5,4,2,1	5,4,2,1	8,6,5,3,2	purged_region\runs\fam8\r5_n21_24.jsonl
5	5	15	32	54	253	1	1,9,18,4,0,0	5,3,1,1	6,4,3,1	8,6,5,3,2	purged_region\runs\fam8\r5_n21_24.jsonl
4	5	11	16	7	45	1	1,6,7,2,0	4,4,2	6,4,3,1	8,6,5,3,2	purged_region\runs\fam8\r5_n21_24.jsonl
5	5	18	34	54	287	1	1,12,18,3,0,0	6,4,2,1	7,4,1	10,7,5,2,1	purged_region\runs\fam8\r5_n25_27.jsonl
4	5	15	25	4	19	1	1,10,12,2,0	7,3,2	7,4,2	10,7,4,3,1	purged_region\runs\fam8\r5_n25_27.jsonl
4	5	17	36	19	65	1	1,12,19,4,0	6,4,2	7,4,2	10,7,4,3,1	purged_region\runs\fam8\r5_n25_27.jsonl
4	5	15	20	9	55	1	1,10,9,0,0	7,4,1	7,4,2	10,7,5,2,1	purged_region\runs\fam8\r5_n25_27.jsonl
5	5	18	38	63	289	1	1,12,21,4,0,0	6,4,2,1	7,4,1	10,7,4,3,1	purged_region\runs\fam8\r5_n25_27.jsonl
5	5	20	53	84	325	1	1,14,28,10,0,0	6,3,2	7,4,2,1	10,7,4,3,1	purged_region\runs\fam8\r5_n25_27.jsonl
4	5	14	19	9	52	1	1,9,9,0,0	6,4,1,1	7,4,2	10,7,5,2,1	purged_region\runs\fam8\r5_n25_27.jsonl
5	5	18	36	57	289	1	1,12,19,4,0,0	7,3,1	7,4,2,1	10,7,4,3,1	purged_region\runs\fam8\r5_n25_27.jsonl
5	5	18	40	63	293	1	1,12,21,6,0,0	6,3,2,1	7,4,2	10,7,4,3,1	purged_region\runs\fam8\r5_n25_27.jsonl
5	5	13	8	0	1	1	1,7,0,0,0,0	6,3,1,1	7,4,2,1	10,7,5,2,1	purged_region\runs\fam8\r5_n25_27.jsonl
5	5	18	32	48	287	1	1,12,16,3,0,0	7,3,1	7,4,2,1	10,7,5,2,1	purged_region\runs\fam8\r5_n25_27.jsonl
5	5	19	40	66	301	1	1,13,22,4,0,0	6,4,1	7,4,2,1	10,7,5,2,1	purged_region\runs\fam8\r5_n25_27.jsonl
5	5	18	47	26	99	1	1,12,26,8,0,0	6,4,2	6,4,2,1	10,6,5,3,1	purged_region\runs\fam8\r5_n25_27.jsonl
5	5	16	40	3	13	1	1,10,21,8,0,0	4,3,2	7,5,3,1	9,7,5,3,1	purged_region\runs\fam8\r5_n25_27.jsonl
4	5	14	20	5	26	1	1,9,10,0,0	6,4,1	7,5,2	9,7,5,3,1	purged_region\runs\fam8\r5_n25_27.jsonl
5	5	19	46	78	305	1	1,13,26,6,0,0	6,4,1	7,4,2,1	9,7,5,3,1	purged_region\runs\fam8\r5_n25_27.jsonl
4	5	15	26	13	57	1	1,10,13,2,0	6,3,2	7,5,2	9,7,5,3,1	purged_region\runs\fam8\r5_n25_27.jsonl
5	5	20	55	18	65	1	1,14,30,10,0,0	6,3,2	7,4,2,1	9,7,5,3,1	purged_region\runs\fam8\r5_n25_27.jsonl
5	5	21	64	37	113	1	1,15,37,11,0,0	5,3,1	7,5,3,1	9,7,5,3,1	purged_region\runs\fam8\r5_n25_27.jsonl
5	5	18	41	66	293	1	1,12,22,6,0,0	6,3,2,1	7,4,2	9,7,5,3,1	purged_region\runs\fam8\r5_n25_27.jsonl
6	5	22	74	16	63	1	1,15,40,18,0,0,0	6,3,2,1	6,4,2,1	9,7,5,3,1	purged_region\runs\fam8\r5_n25_27.jsonl
5	5	19	52	84	313	1	1,13,28,10,0,0	5,3,2	7,5,2,1	9,7,5,3,1	purged_region\runs\fam8\r5_n25_27.jsonl
5	5	14	19	30	233	1	1,8,10,0,0,0	5,3,1,1	7,5,2,1	9,7,5,3,1	purged_region\runs\fam8\r5_n25_27.jsonl
5	5	17	40	66	281	1	1,11,22,6,0,0	6,4,2,1	7,3,2	9,7,5,3,1	purged_region\runs\fam8\r5_n25_27.jsonl
4	5	14	25	13	54	1	1,9,13,2,0	5,4,2	7,5,2	9,7,5,3,1	purged_region\runs\fam8\r5_n25_27.jsonl
5	5	19	54	90	313	1	1,13,30,10,0,0	5,4,2	7,4,2,1	9,7,5,3,1	purged_region\runs\fam8\r5_n25_27.jsonl
5	5	16	31	48	265	1	1,10,16,4,0,0	5,3,2,1	7,5,2	9,7,5,3,1	purged_region\runs\fam8\r5_n25_27.jsonl
4	5	18	44	12	35	1	1,13,24,6,0	6,4,2	7,4,2	9,7,5,3,1	purged_region\runs\fam8\r5_n25_27.jsonl
4	5	16	35	19	62	1	1,11,19,4,0	6,4,2	6,5,2	9,7,5,3,1	purged_region\runs\fam8\r5_n25_27.jsonl
4	5	17	38	10	33	1	1,12,20,5,0	6,4,2	6,4,3	9,7,5,3,1	purged_region\runs\fam8\r5_n25_27.jsonl
5	5	24	95	53	133	1	1,18,53,23,0,0	6,4,2	6,4,2,1	9,7,5,3,1	purged_region\runs\fam8\r5_n25_27.jsonl
5	5	17	28	48	269	1	1,11,16,0,0,0	6,4,1,1	6,4,2,1	9,7,5,3,1	purged_region\runs\fam8\r5_n25_27.jsonl
5	5	15	28	42	253	1	1,9,14,4,0,0	5,3,3,1	6,4,2,1	9,7,4,3,2	purged_region\runs\fam8\r5_n25_27.jsonl
3	5	10	11	4	23	1	1,6,4,0	6,4,1	6,4,2,2	9,7,5,2,2	purged_region\runs\fam8\r5_n25_27.jsonl
5	5	16	37	57	271	1	1,10,19,7,0,0	6,4,2,1	7,3,2	9,7,4,3,2	purged_region\runs\fam8\r5_n25_27.jsonl
6	5	26	196	175	417	1	1,19,78,78,19,1,0	6,3,2,1	6,4,2,1	9,7,4,3,2	purged_region\runs\fam8\r5_n25_27.jsonl
5	5	17	41	69	281	1	1,11,23,6,0,0	5,4,2,1	7,4,2	9,7,5,3,1	purged_region\runs\fam8\r5_n25_27.jsonl
6	5	21	74	82	305	1	1,14,41,18,0,0,0	5,4,2,1	6,4,2,1	9,7,5,3,1	purged_region\runs\fam8\r5_n25_27.jsonl
3	5	12	15	2	9	1	1,8,6,0	6,3	7,5,3,1	9,7,5,3,1	purged_region\runs\fam8\r5_n25_27.jsonl
5	5	17	30	9	55	1	1,11,15,3,0,0	6,2,1	7,5,3,1	9,7,5,3,1	purged_region\runs\fam8\r5_n25_27.jsonl
5	5	21	74	120	353	1	1,15,39,18,1,0	6,4,2	6,4,2,1	9,7,4,3,2	purged_region\runs\fam8\r5_n25_27.jsonl
5	5	13	21	36	223	1	1,7,12,1,0,0	5,4,1,1	6,4,3,1	9,6,5,3,2	purged_region\runs\fam8\r5_n25_27.jsonl
5	5	20	70	111	341	1	1,14,36,18,1,0	6,3,2	6,4,3,1	9,6,5,3,2	purged_region\runs\fam8\r5_n25_27.jsonl
5	5	18	55	87	307	1	1,12,29,13,0,0	5,4,2	6,4,3,1	9,6,5,3,2	purged_region\runs\fam8\r5_n25_27.jsonl
6	5	26	200	179	419	1	1,19,80,80,19,1,0	6,3,2,1	6,4,2,1	9,6,5,3,2	purged_region\runs\fam8\r5_n25_27.jsonl
5	5	21	76	123	355	1	1,15,40,19,1,0	6,4,2	6,4,2,1	9,6,5,3,2	purged_region\runs\fam8\r5_n25_27.jsonl
6	5	25	200	179	410	1	1,18,80,81,19,1,0	5,4,2,1	6,4,2,1	9,6,5,3,2	purged_region\runs\fam8\r5_n25_27.jsonl
5	5	19	70	111	331	1	1,13,36,19,1,0	5,4,2	6,4,3,1	8,7,5,3,2	purged_region\runs\fam8\r5_n25_27.jsonl
6	5	24	180	7	17	1	1,17,72,72,17,1,0	5,3,2,1	6,4,3,1	8,7,5,3,2	purged_region\runs\fam8\r5_n25_27.jsonl
5	5	20	74	120	343	1	1,14,39,19,1,0	6,4,2	6,4,2,1	8,7,5,3,2	purged_region\runs\fam8\r5_n25_27.jsonl
5	5	16	46	8	31	1	1,10,23,11,1,0	5,4,3	6,4,2,1	8,6,5,4,2	purged_region\runs\fam8\r5_n25_27.jsonl
6	5	23	176	157	380	1	1,16,70,71,17,1,0	5,4,2,1	5,4,3,1	8,6,5,4,2	purged_region\runs\fam8\r5_n25_27.jsonl
6	5	25	202	181	411	1	1,18,81,82,19,1,0	5,4,2,1	6,4,2,1	8,7,5,3,2	purged_region\runs\fam8\r5_n25_27.jsonl
6	5	22	160	13	33	1	1,15,64,64,15,1,0	5,4,2,1	5,4,3,1	8,7,5,3,2	purged_region\runs\fam8\r5_n25_27.jsonl
4	5	16	24	11	59	1	1,11,11,1,0	7,4,2	7,4,2	11,8,4,2,1	purged_region\runs\fam8\r5_n25_27.jsonl
5	5	20	41	66	313	1	1,14,22,4,0,0	7,4,1	7,4,2,1	11,7,5,2,1	purged_region\runs\fam8\r5_n25_27.jsonl
4	5	18	36	19	67	1	1,13,19,3,0	7,4,2	7,4,2	11,7,5,2,1	purged_region\runs\fam8\r5_n25_27.jsonl
5	5	19	39	9	43	1	1,13,21,4,0,0	7,4,1	7,4,2,1	11,7,4,3,1	purged_region\runs\fam8\r5_n25_27.jsonl
4	5	18	38	5	17	1	1,13,20,4,0	7,4,2	7,4,2	11,7,4,3,1	purged_region\runs\fam8\r5_n25_27.jsonl
6	6	11	13	7	94	1	1,4,7,1,0,0,0	4,3,1,1	4,3,2,1	6,5,4,2,1,1	purged_region\runs\fam8\r6_n17_19.jsonl
6	6	11	14	2	27	1	1,4,7,2,0,0,0	4,2,2,1	4,3,2,1	6,5,3,2,2,1	purged_region\runs\fam8\r6_n17_19.jsonl
6	6	10	13	14	179	1	1,3,7,2,0,0,0	3,3,2,1	4,3,2,1	6,4,3,3,2,1	purged_region\runs\fam8\r6_n17_19.jsonl
9	7	46	2464	16935	28051	1	1,36,361,1003,851,203,9,0,0,0	7,5,3,2,2,1,1	7,4,3,2,1,1	12,7,6,5,3,3,3	purged_region\seeds39_profile.jsonl
7			19	121	1448	2	1,4,11,3,0,0,0,0	6,5,4,3,3,1	14,5,4,3,2,2	19,8,8,7,6,4	runs\wave3_fracvertex-denominator-ladder-r6\profa_01.jsonl
8			42	2001	17639	2	1,7,23,11,0,0,0,0,0	6,5,4,3,3,2	14,5,4,3,2,1	19,8,8,7,6,4	runs\wave3_fracvertex-denominator-ladder-r6\profb_01.jsonl
7			47	81	559	1	1,9,24,12,1,0,0,0	5,5,4,3,2	15,6,5,3,2,2	19,8,8,7,6,4	runs\wave3_fracvertex-denominator-ladder-r6\profb_05.jsonl
9			378	4015	13333	1	1,16,103,170,82,6,0,0,0,0	5,5,4,3,2,1	15,6,5,3,2,1	19,9,8,7,6,3	runs\wave3_fracvertex-denominator-ladder-r6\profc_00.jsonl
9			456	1625	4861	1	1,19,126,211,93,6,0,0,0,0	6,5,4,3,2,1	14,6,5,3,2,1	19,8,8,7,6,4	runs\wave3_fracvertex-denominator-ladder-r6\profc_01.jsonl
10			1860	9689	20027	1	1,28,276,758,651,142,4,0,0,0,0	6,5,4,3,2,1	14,6,5,3,2,1	19,9,8,7,6,3	runs\wave3_fracvertex-denominator-ladder-r6\profd_00.jsonl
9			744	447	1097	1	1,21,163,335,200,24,0,0,0,0	6,5,4,3,2	14,6,5,3,2,2	19,9,8,7,6,3	runs\wave3_fracvertex-denominator-ladder-r6\profd_03.jsonl
8			96	209	1171	1	1,10,40,36,9,0,0,0,0	6,5,4,3,2,1	14,6,5,3,2,1	19,8,8,6,6,5	runs\wave3_fracvertex-denominator-ladder-r6\profd_09.jsonl
9		21	12	0	1	1	1,11,0,0,0,0,0,0,0,0	10,7,4,3,2,1	9,7,3,1,1	15,13,11,4,3,2	runs\wave3_oddc-fulldeg-parity-r6\_prof2_out_0.jsonl
9		23	91	1680	11059	1	1,13,48,29,0,0,0,0,0,0	12,6,5,4,2,1	11,6,5,4,2,1	22,11,10,6,5,5	runs\wave3_oddc-fulldeg-parity-r6\_prof2_out_0.jsonl
9		15	10	892	47795	2	1,5,4,0,0,0,0,0,0,0	7,5,4,3,2,1	9,6,5,2,1	11,11,9,8,4,2	runs\wave3_oddc-fulldeg-parity-r6\_prof2_out_0.jsonl
9		23	88	1610	11049	1	1,13,46,28,0,0,0,0,0,0	7,6,4,3,2,1	8,6,5,4,2,1	14,11,7,6,6,5	runs\wave3_oddc-fulldeg-parity-r6\_prof2_out_1.jsonl
9		21	28	560	10209	1	1,11,16,0,0,0,0,0,0,0	8,6,5,2,1	8,7,6,4,1	14,13,7,6,4,4	runs\wave3_oddc-fulldeg-parity-r6\_prof2_out_5.jsonl
6	5	135	3066	2497	2929	1	1,128,1050,1478,397,12,0	14,10,4,2	15,9,2,1	22,14,11,8,2	runs\wave3_random-thin-control-w3\bprof0.jsonl
6	6	17	33	36	251	1	1,10,18,4,0,0,0	14,11,3,1,1	12,5,5,1,1	18,18,7,6,3,2	runs\wave3_random-thin-control-w3\bprof0.jsonl
6	5	57	842	723	1033	1	1,50,315,380,93,3,0	11,9,5,1	10,7,2,1	15,12,8,6,5	runs\wave3_random-thin-control-w3\bprof0.jsonl
6	6	22	79	22	79	1	1,15,44,19,0,0,0	12,9,3,1	8,8,3,1,1	17,15,5,5,3,1	runs\wave3_random-thin-control-w3\bprof1.jsonl
7	6	32	74	490	2529	1	1,24,49,0,0,0,0,0	13,10,4,2,1	10,8,3	19,11,8,7,4,2	runs\wave3_random-thin-control-w3\bprof2.jsonl
5	5	25	70	24	77	1	1,19,40,10,0,0	13,7,3,2	17,8,2	20,14,12,5,1	runs\wave3_random-thin-control-w3\bprof2.jsonl
5	5	22	60	99	349	1	1,16,33,10,0,0	15,6,5,4,1	16,4,3,1	28,10,7,7,3	runs\wave3_random-thin-control-w3\bprof3.jsonl
6	6	21	63	33	151	1	1,14,33,15,0,0,0	8,7,6,6	11,5,3,3,2	17,11,9,8,3,3	runs\wave3_random-thin-control-w3\bprof3.jsonl
5	6	28	93	156	437	1	1,22,52,18,0,0	11,11,6	15,7,6,1,1	21,14,10,6,4,3	runs\wave3_random-thin-control-w3\bprof3.jsonl
6	7	20	44	48	283	1	1,13,24,6,0,0,0	13,5,4,3,3	11,8,7,5,1	18,13,8,8,6,6,1	runs\wave3_random-thin-control-w3\bprof3.jsonl
7	6	18	23	40	563	1	1,10,12,0,0,0,0,0	17,9,4,1,1	15,4,4,2,2,1	26,12,10,7,3,2	runs\wave3_random-thin-control-w3\bprof3.jsonl
5	6	25	68	114	385	1	1,19,38,10,0,0	14,7,2,2	14,6,4,3,3	25,10,9,5,3,3	runs\wave3_random-thin-control-w3\bprof4.jsonl
7	6	18	21	100	1689	1	1,10,10,0,0,0,0,0	17,3,2,1	14,9,4,3	23,12,8,6,2,2	runs\wave3_random-thin-control-w3\prof1.jsonl
4	5	19	28	13	67	1	1,14,13,0,0	11,11,7,1,1	13,7,3,2,1	21,15,12,6,3	runs\wave3_random-thin-control-w3\prof2.jsonl
5	5	34	122	207	521	1	1,28,69,24,0,0	11,8,6,1	10,5,3	17,11,7,5,4	runs\wave3_random-thin-control-w3\prof3.jsonl
5	6	22	62	34	117	1	1,16,34,11,0,0	12,7,6	12,8,6,3,3	16,12,12,11,4,2	runs\wave3_random-thin-control-w3\prof3.jsonl
5	6	19	45	15	61	1	1,13,25,6,0,0	9,9,5,4,4,1	11,7,6,4,3	17,12,9,9,9,7	runs\wave3_random-thin-control-w3\prof4.jsonl
7	6	20	65	343	1877	1	1,12,34,17,1,0,0,0	9,8,2,1,1	10,4,4,2,1,1	15,11,6,5,4,2	runs\wave3_random-thin-control-w3\prof5.jsonl
4	6	14	10	0	1	1	1,9,0,0,0	15,7,1,1	10,10,4,1,1	21,14,8,5,1,1	runs\wave3_random-thin-control-w3\prof5.jsonl
6			110	124	383	1	1,21,62,26,0,0,0	55,44,38,24,17	9,5,3,2,1	62,48,41,28,19	runs\wave4_asymmetric-weight-ratio-corner\pA5_1.jsonl
5			86	147	409	1	1,20,49,16,0,0	71,51,37,23,1	8,5,3,1,1	77,54,41,26,3	runs\wave4_asymmetric-weight-ratio-corner\pA5_1.jsonl
5			194	112	223	1	1,37,112,44,0,0	41,34,29,17,11	10,5,2,2,1	45,39,32,22,14	runs\wave4_asymmetric-weight-ratio-corner\pA5_2.jsonl
5			21	33	245	1	1,9,11,0,0,0	61,54,35,20,2	6,5,3,1,1	64,57,38,25,4	runs\wave4_asymmetric-weight-ratio-corner\pA5_2.jsonl
5			400	19	29	1	1,44,195,146,14,0	76,52,46,26,19	7,6,4,1,1	80,56,49,30,23	runs\wave4_asymmetric-weight-ratio-corner\pA5_2.jsonl
5			82	141	415	1	1,21,47,13,0,0	59,43,36,17,5	12,4,2,1,1	67,46,39,19,9	runs\wave4_asymmetric-weight-ratio-corner\pA5_3.jsonl
8			19	3132	49133	2	1,6,12,0,0,0,0,0,0	59,54,36,22,15,4	6,4,4,2,1,1	64,56,38,26,17,7	runs\wave4_asymmetric-weight-ratio-corner\pAN_2.jsonl
8			173	1197	4808	1	1,21,78,64,9,0,0,0,0	43,32,27,22,13,3	6,4,4,3,1,1	47,35,31,26,15,5	runs\wave4_asymmetric-weight-ratio-corner\pAN_3.jsonl
9			15	1338	56927	2	1,8,6,0,0,0,0,0,0,0	51,42,33,20,8,2	6,4,3,3,2,1	55,46,37,23,10,4	runs\wave4_asymmetric-weight-ratio-corner\pAN_3.jsonl
9			84	220	1537	1	1,12,44,27,0,0,0,0,0,0	40,30,25,19,14,1	5,4,4,3,2,1	44,33,28,23,16,4	runs\wave4_asymmetric-weight-ratio-corner\pAN_4.jsonl
6			44	10	51	1	1,10,25,8,0,0,0	40,28,19,14,8,1	5,5,2,1,1,1	42,31,22,16,10,4	runs\wave4_asymmetric-weight-ratio-corner\pN_d6.jsonl
6			138	156	413	1	1,23,78,36,0,0,0	49,43,31,23,9,3	7,6,3,2,1,1	53,48,32,27,11,7	runs\wave4_asymmetric-weight-ratio-corner\pN_d6.jsonl
6			469	214	359	1	1,37,198,201,32,0,0	52,45,31,22,15,5	6,6,5,1,1,1	56,49,34,25,18,8	runs\wave4_asymmetric-weight-ratio-corner\pN_d6.jsonl
7			41	90	623	1	1,13,27,0,0,0,0,0	39,33,27,19,9,4	6,4,2,2,2,1	42,35,30,22,13,6	runs\wave4_asymmetric-weight-ratio-corner\pN_d7.jsonl
7			146	653	2273	1	1,16,62,56,11,0,0,0	36,30,24,16,8,1	7,3,2,1,1,1	38,32,26,19,10,5	runs\wave4_asymmetric-weight-ratio-corner\pN_d7.jsonl
7			515	2101	4049	1	1,34,193,228,57,2,0,0	61,44,33,25,17,7	8,5,3,1,1,1	67,48,35,27,19,10	runs\wave4_asymmetric-weight-ratio-corner\pN_d7.jsonl
8			22	1827	26200	2	1,7,14,0,0,0,0,0,0	47,39,34,26,18,8	5,4,4,3,1,1	50,43,38,28,21,10	runs\wave4_asymmetric-weight-ratio-corner\pN_d8.jsonl
8			88	63	377	1	1,9,36,33,9,0,0,0,0	37,29,23,18,12,6	5,5,4,2,1,1	41,33,25,22,14,8	runs\wave4_asymmetric-weight-ratio-corner\pN_d8.jsonl
8			106	351	1819	1	1,11,45,40,9,0,0,0,0	44,30,22,15,8,2	5,5,4,3,1,1	48,32,26,18,10,6	runs\wave4_asymmetric-weight-ratio-corner\pN_d8.jsonl
8			106	777	3833	1	1,13,51,37,4,0,0,0,0	69,54,39,33,19,4	5,4,4,2,2,1	72,57,42,36,21,8	runs\wave4_asymmetric-weight-ratio-corner\pN_d8.jsonl
8			212	1275	4411	1	1,16,80,89,25,1,0,0,0	41,32,24,17,12,5	5,5,4,2,1,1	44,36,27,19,16,7	runs\wave4_asymmetric-weight-ratio-corner\pN_d8.jsonl
9			402	485	1557	1	1,18,113,182,82,6,0,0,0,0	47,41,34,28,13,1	9,4,3,2,1,1	55,44,36,31,15,3	runs\wave4_asymmetric-weight-ratio-corner\pN_d9b.jsonl
4	5	29	75	43	104	1	1,24,43,7,0	12,7,2,2	24,15,13,4,4	30,20,16,9,8	runs\wave4_heavy-unbiased-statistic-control-w4\prof0.jsonl
6	5	174	4494	3599	4057	1	1,167,1494,2202,611,19,0	18,15,7,6,5	33,14,9,1	42,23,20,14,9	runs\wave4_heavy-unbiased-statistic-control-w4\prof0.jsonl
4	5	47	173	103	178	1	1,42,103,27,0	32,10,9,1,1	15,13,5,2,2	38,21,15,11,5	runs\wave4_heavy-unbiased-statistic-control-w4\prof0.jsonl
5	5	33	98	171	487	1	1,27,57,13,0,0	17,15,12,5,2	13,8,2,1	19,18,18,12,8	runs\wave4_heavy-unbiased-statistic-control-w4\prof0.jsonl
3	5	21	30	4	15	1	1,17,12,0	24,12,8,2,2	20,7,7,4	28,23,14,14,7	runs\wave4_heavy-unbiased-statistic-control-w4\prof0.jsonl
5	5	14	22	11	79	1	1,8,11,2,0,0	13,6,5,1	11,11,6,2	23,12,9,6,5	runs\wave4_heavy-unbiased-statistic-control-w4\prof0.jsonl
5	5	39	140	243	583	1	1,33,81,25,0,0	28,15,15,1	14,8,5,1	33,24,16,11,3	runs\wave4_heavy-unbiased-statistic-control-w4\prof0.jsonl
4	6	30	68	37	105	1	1,25,37,5,0	29,8,3,2,1,1	14,9,9,1,1,1	34,16,12,10,5,2	runs\wave4_heavy-unbiased-statistic-control-w4\prof0.jsonl
5	5	198	3322	1639	1807	1	1,192,1429,1490,210,0	15,11,7,2,1	19,10,7,4	29,15,15,10,7	runs\wave4_heavy-unbiased-statistic-control-w4\prof0.jsonl
5	5	38	211	116	215	1	1,32,112,62,4,0	31,6,6,1	30,15,4,1	58,20,9,4,3	runs\wave4_heavy-unbiased-statistic-control-w4\prof0.jsonl
5	5	120	1243	1971	2447	1	1,114,612,471,45,0	18,14,12,4	30,8,4,4	38,21,16,10,9	runs\wave4_heavy-unbiased-statistic-control-w4\prof0.jsonl
4	5	21	36	19	73	1	1,16,19,0,0	22,18,7,5	9,9,2,2,1	27,24,11,9,4	runs\wave4_heavy-unbiased-statistic-control-w4\prof0.jsonl
5	5	32	100	171	481	1	1,26,57,16,0,0	15,14,11,1	15,8,4,4	26,18,16,10,2	runs\wave4_heavy-unbiased-statistic-control-w4\prof0.jsonl
6	5	103	844	922	1393	1	1,96,461,286,0,0,0	19,10,5,4	15,11,10,7,2	26,20,16,15,6	runs\wave4_heavy-unbiased-statistic-control-w4\prof0.jsonl
4	5	30	78	11	27	1	1,25,44,8,0	25,10,2,2	12,12,7,6,1	30,19,12,9,7	runs\wave4_heavy-unbiased-statistic-control-w4\prof0.jsonl
5	5	26	73	41	133	1	1,20,41,11,0,0	18,9,7,4,1	12,8,3,2	20,20,11,9,4	runs\wave4_heavy-unbiased-statistic-control-w4\prof0.jsonl
5	5	24	65	108	373	1	1,18,36,10,0,0	28,18,8,2,1	36,17,2,1	62,27,16,4,4	runs\wave4_heavy-unbiased-statistic-control-w4\prof0.jsonl
5	6	39	130	76	191	1	1,33,76,20,0,0	33,12,6,3,3,3	20,17,5,3,1,1	41,28,17,12,5,4	runs\wave4_heavy-unbiased-statistic-control-w4\prof0.jsonl
4	6	16	22	5	29	1	1,11,10,0,0	20,12,12,7,2	12,5,2,1,1,1	27,17,15,8,5,3	runs\wave4_heavy-unbiased-statistic-control-w4\prof0.jsonl
5	7	20	44	8	35	1	1,14,24,5,0,0	9,5,3,3,3,2,1	14,10,2,2,2,2,1	17,15,8,5,5,5,4	runs\wave4_heavy-unbiased-statistic-control-w4\prof0.jsonl
6	5	94	1708	1451	1826	1	1,87,637,803,177,3,0	20,8,4,2	12,11,5,3	24,17,10,8,6	runs\wave4_heavy-unbiased-statistic-control-w4\prof1.jsonl
5	5	47	239	135	251	1	1,41,132,62,3,0	17,12,4,1	18,16,15,1	26,20,20,11,7	runs\wave4_heavy-unbiased-statistic-control-w4\prof1.jsonl
5	5	32	133	225	511	1	1,26,74,31,1,0	18,13,9,9,7	13,10,9,6,5	25,23,19,17,15	runs\wave4_heavy-unbiased-statistic-control-w4\prof1.jsonl
6	6	57	659	201	310	1	1,50,278,283,47,0,0	15,10,7,5,2	14,5,5,1,1,1	26,14,10,9,4,3	runs\wave4_heavy-unbiased-statistic-control-w4\prof1.jsonl
3	5	30	64	34	69	1	1,26,34,3	21,18,7,3,3	16,10,7,3	27,27,18,8,8	runs\wave4_heavy-unbiased-statistic-control-w4\prof1.jsonl
4	6	21	31	14	73	1	1,16,14,0,0	14,14,2,2,1,1	15,11,10,10,6	24,19,14,11,11,7	runs\wave4_heavy-unbiased-statistic-control-w4\prof1.jsonl
6	5	116	1264	217	290	1	1,109,651,503,0,0,0	19,15,11,3	25,9,8,6,2	30,23,18,16,11	runs\wave4_heavy-unbiased-statistic-control-w4\prof1.jsonl
6	5	65	780	713	1062	1	1,58,326,333,61,1,0	21,17,12,3,1	21,8,3,1	27,26,16,15,3	runs\wave4_heavy-unbiased-statistic-control-w4\prof1.jsonl
5	5	93	791	99	133	1	1,87,408,274,21,0	19,14,7,6,1	22,15,6,6,4	33,25,18,16,8	runs\wave4_heavy-unbiased-statistic-control-w4\prof1.jsonl
5	5	37	126	74	183	1	1,31,74,20,0,0	18,15,2,2	25,13,4,2	29,25,14,8,5	runs\wave4_heavy-unbiased-statistic-control-w4\prof1.jsonl
6	5	68	1038	299	411	1	1,61,394,470,109,3,0	13,9,6,3,1	15,13,5,2	20,17,11,10,9	runs\wave4_heavy-unbiased-statistic-control-w4\prof1.jsonl
4	6	19	26	11	67	1	1,14,11,0,0	14,10,7,3,3,2	17,15,10,10,4,4	23,19,19,19,11,8	runs\wave4_heavy-unbiased-statistic-control-w4\prof1.jsonl
6	6	38	198	109	257	1	1,31,109,57,0,0,0	7,7,4,3,1	17,12,12,6,4,4	21,16,13,11,8,8	runs\wave4_heavy-unbiased-statistic-control-w4\prof1.jsonl
5	5	100	996	1578	2015	1	1,94,489,375,37,0	19,18,13,5	20,15,6,6,1	33,22,20,15,13	runs\wave4_heavy-unbiased-statistic-control-w4\prof1.jsonl
5	6	34	137	231	535	1	1,28,76,31,1,0	33,11,4,2,1	33,14,4,2,1,1	63,17,13,6,6,1	runs\wave4_heavy-unbiased-statistic-control-w4\prof1.jsonl
6	6	56	872	739	1043	1	1,49,320,400,99,3,0	19,9,7,4,2	13,12,5,4,3,1	20,17,15,11,9,7	runs\wave4_heavy-unbiased-statistic-control-w4\prof1.jsonl
5	5	138	1577	824	987	1	1,132,761,620,63,0	32,13,5,2	35,11,11,2	62,20,13,9,7	runs\wave4_heavy-unbiased-statistic-control-w4\prof1.jsonl
5	5	32	102	177	481	1	1,26,59,16,0,0	15,11,8,5	15,6,4,1	20,18,15,6,6	runs\wave4_heavy-unbiased-statistic-control-w4\prof1.jsonl
5	5	84	622	1041	1465	1	1,78,338,196,9,0	18,13,10,2	26,16,11,5,1	42,20,15,15,10	runs\wave4_heavy-unbiased-statistic-control-w4\prof1.jsonl
4	5	28	50	13	47	1	1,23,26,0,0	14,9,3,2,2	14,11,9,5,1	24,15,12,12,7	runs\wave4_heavy-unbiased-statistic-control-w4\prof1.jsonl
3	6	17	23	9	37	1	1,13,9,0	14,11,3,3,1,1	11,11,7,4,2,2	20,18,14,10,5,3	runs\wave4_heavy-unbiased-statistic-control-w4\prof1.jsonl
6	6	17	24	2	19	1	1,10,13,0,0,0,0	14,13,8,6,5,4	9,6,4,2,2	21,17,10,10,10,5	runs\wave4_heavy-unbiased-statistic-control-w4\prof2.jsonl
3	5	34	68	7	15	1	1,30,35,2	27,10,4,2,2	26,19,8,7	48,25,18,9,5	runs\wave4_heavy-unbiased-statistic-control-w4\prof2.jsonl
5	5	29	79	135	433	1	1,23,45,10,0,0	15,7,6,6	20,16,5,4,1	26,24,15,8,7	runs\wave4_heavy-unbiased-statistic-control-w4\prof2.jsonl
5	5	35	135	234	539	1	1,29,78,27,0,0	18,15,12,8	12,6,4,3	26,20,13,13,6	runs\wave4_heavy-unbiased-statistic-control-w4\prof2.jsonl
6	5	22	16	0	1	1	1,15,0,0,0,0,0	27,19,6,4	20,17,13,4	43,36,14,13,4	runs\wave4_heavy-unbiased-statistic-control-w4\prof2.jsonl
6	5	106	1932	817	1024	1	1,99,707,899,220,6,0	33,8,6,2	14,5,4,3	40,14,9,7,5	runs\wave4_heavy-unbiased-statistic-control-w4\prof2.jsonl
6	6	93	1480	1292	1685	1	1,86,574,672,144,3,0	13,8,8,3,1	23,12,6,1,1	29,14,12,10,9,2	runs\wave4_heavy-unbiased-statistic-control-w4\prof2.jsonl
6	6	42	200	228	547	1	1,35,114,50,0,0,0	22,17,9,5,1	9,6,3,2,1,1	28,22,14,6,4,2	runs\wave4_heavy-unbiased-statistic-control-w4\prof2.jsonl
4	5	18	22	1	8	1	1,13,8,0,0	21,17,9,8,4	13,11,7,1,1	23,21,21,15,12	runs\wave4_heavy-unbiased-statistic-control-w4\prof2.jsonl
3	5	35	72	38	77	1	1,31,38,2	18,15,8,1,1	17,13,6,3,3	24,24,17,12,8	runs\wave4_heavy-unbiased-statistic-control-w4\prof2.jsonl
5	5	41	204	18	35	1	1,35,111,54,3,0	15,11,7,1	16,16,5,4	29,19,12,11,4	runs\wave4_heavy-unbiased-statistic-control-w4\prof3.jsonl
4	5	43	135	16	31	1	1,38,80,16,0	19,15,7,7,4	20,9,3,3	29,20,19,10,9	runs\wave4_heavy-unbiased-statistic-control-w4\prof3.jsonl
6	5	135	2754	2291	2749	1	1,128,978,1302,335,10,0	26,18,9,2,1	29,11,6,3,2	34,32,20,16,5	runs\wave4_heavy-unbiased-statistic-control-w4\prof3.jsonl
5	7	15	23	36	247	1	1,9,12,1,0,0	15,15,14,11,2,1	14,13,3,3,2,2	26,18,16,13,12,8,2	runs\wave4_heavy-unbiased-statistic-control-w4\prof3.jsonl
6	6	46	436	59	102	1	1,39,194,177,25,0,0	10,10,7,4,2	9,9,6,5,1,1	18,13,11,11,6,5	runs\wave4_heavy-unbiased-statistic-control-w4\prof3.jsonl
4	5	13	9	0	1	1	1,8,0,0,0	10,6,2,2	11,8,3,3	18,12,9,5,1	runs\wave4_heavy-unbiased-statistic-control-w4\prof3.jsonl
5	5	34	106	183	505	1	1,28,61,16,0,0	10,7,2,2	17,12,11,9	24,19,13,11,3	runs\wave4_heavy-unbiased-statistic-control-w4\prof3.jsonl
4	6	45	152	45	83	1	1,40,90,21,0	17,12,10,10,8,1	19,15,9,7,1	30,23,23,17,8,8	runs\wave4_heavy-unbiased-statistic-control-w4\prof3.jsonl
5	5	36	125	216	541	1	1,30,72,22,0,0	26,15,14,1	14,9,9,4	37,24,16,9,6	runs\wave4_heavy-unbiased-statistic-control-w4\prof3.jsonl
5	5	28	75	126	421	1	1,22,42,10,0,0	20,20,11,5	21,10,6,4	29,28,15,14,11	runs\wave4_heavy-unbiased-statistic-control-w4\prof3.jsonl
5	5	136	1747	298	349	1	1,130,812,722,82,0	13,13,5,2	17,13,11,6,1	23,22,17,13,6	runs\wave4_heavy-unbiased-statistic-control-w4\prof3.jsonl
6	7	13	7	0	1	1	1,6,0,0,0,0,0	22,10,8,8,6,4	18,10,5,2,2,2,1	31,20,20,10,8,6,3	runs\wave4_heavy-unbiased-statistic-control-w4\prof3.jsonl
6	6	170	4430	3527	3992	1	1,163,1458,2179,611,18,0	19,10,10,9,7	18,11,11,9,2	26,24,21,19,10,6	runs\wave4_heavy-unbiased-statistic-control-w4\prof3.jsonl
6	5	75	944	863	1235	1	1,68,395,406,73,1,0	17,15,8,4	19,17,9,6,5	27,26,24,15,8	runs\wave4_heavy-unbiased-statistic-control-w4\prof3.jsonl
5	5	76	563	933	1339	1	1,70,301,181,10,0	14,8,7,3	14,10,6,3,1	21,14,11,11,9	runs\wave4_heavy-unbiased-statistic-control-w4\prof3.jsonl
5	5	32	60	99	449	1	1,26,33,0,0,0	24,15,4,1	29,16,11,1	45,17,16,16,7	runs\wave4_heavy-unbiased-statistic-control-w4\prof3.jsonl
6	5	129	3132	1256	1461	1	1,122,1044,1527,424,14,0	14,9,5,4	10,9,5,1	21,14,11,8,3	runs\wave4_heavy-unbiased-statistic-control-w4\prof3.jsonl
5	5	39	139	243	581	1	1,33,81,24,0,0	22,19,4,2,2	16,13,9,6	36,25,15,9,8	runs\wave4_heavy-unbiased-statistic-control-w4\prof3.jsonl
3	5	40	81	14	29	1	1,36,42,2	20,14,11,3,3	22,14,10,3,1	36,24,20,17,4	runs\wave4_heavy-unbiased-statistic-control-w4\prof3.jsonl
5	5	46	229	390	733	1	1,40,128,58,2,0	27,8,6,6,1	16,7,4,2	30,19,13,8,7	runs\wave4_heavy-unbiased-statistic-control-w4\prof3.jsonl
5	5	41	221	123	227	1	1,35,120,62,3,0	18,12,11,2	14,6,4,4	28,18,13,7,5	runs\wave4_heavy-unbiased-statistic-control-w4\prof3.jsonl
4	6	26	40	9	44	1	1,21,18,0,0	19,8,5,1,1	21,15,3,2,2,2	32,22,10,9,4,2	runs\wave4_heavy-unbiased-statistic-control-w4\prof3.jsonl
5	5	58	499	786	1129	1	1,52,243,184,19,0	21,12,7,5	13,11,6,4	30,14,14,11,10	runs\wave4_heavy-unbiased-statistic-control-w4\prof3.jsonl
6	5	71	938	283	400	1	1,64,388,411,73,1,0	21,10,8,5,3	24,15,9,3,2	30,28,23,10,9	runs\wave4_heavy-unbiased-statistic-control-w4\prof3.jsonl
3	6	18	24	3	13	1	1,14,9,0	17,12,6,4,4	21,8,4,3,3	33,20,12,10,5,2	runs\wave4_heavy-unbiased-statistic-control-w4\prof4.jsonl
6	6	20	40	44	281	1	1,13,22,4,0,0,0	19,7,5,5,3,2	14,8,8,5,3,2	26,13,13,11,11,7	runs\wave4_heavy-unbiased-statistic-control-w4\prof4.jsonl
5	5	48	260	441	781	1	1,42,144,70,3,0	22,7,6,3	14,12,5,5	27,19,16,9,3	runs\wave4_heavy-unbiased-statistic-control-w4\prof4.jsonl
4	5	21	32	15	73	1	1,16,15,0,0	23,11,4,2	28,16,5,4,4	47,19,15,8,8	runs\wave4_heavy-unbiased-statistic-control-w4\prof4.jsonl
4	5	107	624	190	239	1	1,102,371,147,3	19,12,10,4	21,15,15,7	29,29,19,14,12	runs\wave4_heavy-unbiased-statistic-control-w4\prof4.jsonl
6	5	58	324	364	747	1	1,51,182,90,0,0,0	42,10,3,1	16,8,6,5	47,16,13,10,5	runs\wave4_heavy-unbiased-statistic-control-w4\prof4.jsonl
6	6	118	2826	1129	1330	1	1,111,935,1379,388,12,0	12,9,7,2,1	17,9,8,5,1,1	20,17,15,12,7,1	runs\wave4_heavy-unbiased-statistic-control-w4\prof4.jsonl
5	5	15	17	3	35	1	1,9,7,0,0,0	12,10,6,6	12,11,7,4	20,18,17,12,1	runs\wave4_heavy-unbiased-statistic-control-w4\prof4.jsonl
4	6	18	33	17	66	1	1,13,17,2,0	19,10,8,8,2	11,7,4,2,1,1	20,18,12,12,6,5	runs\wave4_heavy-unbiased-statistic-control-w4\prof4.jsonl
6	6	25	48	58	327	1	1,18,29,0,0,0,0	14,11,3,3,3,1	21,14,10,6,1,1	23,21,14,13,11,6	runs\wave4_heavy-unbiased-statistic-control-w4\prof4.jsonl
5	6	44	114	186	619	1	1,38,62,13,0,0	37,10,4,3,2	41,8,2,1,1	56,34,10,5,2,2	runs\wave4_heavy-unbiased-statistic-control-w4\prof4.jsonl
4	5	19	40	11	35	1	1,14,22,3,0	12,12,7,5	20,9,9,2	22,20,18,9,7	runs\wave4_heavy-unbiased-statistic-control-w4\prof4.jsonl
6	5	112	1856	1623	2051	1	1,105,724,848,175,3,0	30,12,6,2	20,11,7,4	36,23,16,15,2	runs\wave4_heavy-unbiased-statistic-control-w4\prof4.jsonl
4	5	25	43	22	85	1	1,20,22,0,0	28,7,7,1	16,7,5,4,1	38,16,12,5,5	runs\wave4_heavy-unbiased-statistic-control-w4\rprof0.jsonl
5	5	62	561	882	1229	1	1,56,273,210,21,0	10,8,6,3,2	18,13,10,1,1	25,19,16,7,5	runs\wave4_heavy-unbiased-statistic-control-w4\rprof0.jsonl
6	6	18	24	24	257	1	1,11,12,0,0,0,0	8,7,4,4,4,1	16,12,10,9,4,2	21,15,14,14,11,6	runs\wave4_heavy-unbiased-statistic-control-w4\rprof0.jsonl
5	6	46	169	300	673	1	1,40,100,28,0,0	34,10,6,4,4,1	17,12,7,6,6,5	46,22,15,11,9,9	runs\wave4_heavy-unbiased-statistic-control-w4\rprof0.jsonl
5	5	22	37	60	329	1	1,16,20,0,0,0	11,9,5,2	38,5,4,1	42,15,10,4,4	runs\wave4_heavy-unbiased-statistic-control-w4\rprof0.jsonl
6	6	22	106	109	331	1	1,15,53,34,3,0,0	8,7,5,3,3,3	8,6,5,3,1	13,12,9,9,5,4	runs\wave4_heavy-unbiased-statistic-control-w4\rprof0.jsonl
5	5	110	895	1479	1979	1	1,104,475,297,18,0	21,10,3,1	19,11,11,4,2	33,22,14,9,4	runs\wave4_heavy-unbiased-statistic-control-w4\rprof0.jsonl
4	5	35	95	55	124	1	1,30,55,9,0	25,24,8,1,1	15,10,3,3	33,28,14,12,3	runs\wave4_heavy-unbiased-statistic-control-w4\rprof0.jsonl
5	5	56	300	13	23	1	1,50,165,80,4,0	16,8,2,1	22,12,7,6	28,16,16,9,5	runs\wave4_heavy-unbiased-statistic-control-w4\rprof0.jsonl
3	5	22	33	14	47	1	1,18,14,0	25,16,4,3,2	21,15,8,5	34,31,21,11,2	runs\wave4_heavy-unbiased-statistic-control-w4\rprof0.jsonl
6	5	137	2628	1115	1346	1	1,130,972,1233,286,6,0	21,13,9,4	15,9,8,6	32,21,18,8,6	runs\wave4_heavy-unbiased-statistic-control-w4\rprof0.jsonl
5	6	19	28	42	293	1	1,13,14,0,0,0	13,11,11,6,2	16,11,4,3,3,3	22,19,15,10,10,7	runs\wave4_heavy-unbiased-statistic-control-w4\rprof0.jsonl
3	5	30	48	1	3	1	1,26,21,0	15,15,8,1,1	24,11,7,3	32,20,20,10,3	runs\wave4_heavy-unbiased-statistic-control-w4\rprof0.jsonl
4	5	22	45	23	80	1	1,17,23,4,0	20,17,8,7,3	13,13,5,5,1	25,24,18,17,8	runs\wave4_heavy-unbiased-statistic-control-w4\rprof0.jsonl
5	5	63	276	489	931	1	1,57,163,55,0,0	27,8,7,3	25,24,7,2,1	39,26,21,9,9	runs\wave4_heavy-unbiased-statistic-control-w4\rprof0.jsonl
5	5	75	480	813	1243	1	1,69,265,139,6,0	24,20,10,4	41,9,6,2	48,31,19,9,9	runs\wave4_heavy-unbiased-statistic-control-w4\rprof0.jsonl
5	6	33	129	219	517	1	1,27,72,28,1,0	14,9,8,7,3,2	16,8,6,1,1	25,14,11,11,10,4	runs\wave4_heavy-unbiased-statistic-control-w4\rprof0.jsonl
6	6	16	19	6	79	1	1,9,9,0,0,0,0	11,8,6,2,2	19,19,14,6,1	22,20,20,9,9,8	runs\wave4_heavy-unbiased-statistic-control-w4\rprof0.jsonl
4	6	43	89	50	139	1	1,38,50,0,0	24,9,8,3,1,1	21,15,11,1,1	35,22,14,14,9,1	runs\wave4_heavy-unbiased-statistic-control-w4\rprof0.jsonl
6	5	59	664	203	316	1	1,52,278,279,53,1,0	17,8,6,3	18,9,6,3	33,16,10,9,2	runs\wave4_heavy-unbiased-statistic-control-w4\rprof0.jsonl
6	6	119	2236	633	775	1	1,112,829,1048,241,5,0	25,16,10,3,1,1	26,13,4,4,2	36,26,26,7,7,3	runs\wave4_heavy-unbiased-statistic-control-w4\rprof0.jsonl
5	5	61	394	73	115	1	1,55,212,119,7,0	25,14,13,6,2	17,7,7,5	30,28,17,13,8	runs\wave4_heavy-unbiased-statistic-control-w4\rprof0.jsonl
5	6	75	587	957	1361	1	1,69,304,198,15,0	14,14,10,5,2,2	22,17,7,6,1	29,26,21,15,5,4	runs\wave4_heavy-unbiased-statistic-control-w4\rprof0.jsonl
5	5	67	596	945	1307	1	1,61,293,219,22,0	25,18,9,6	15,8,6,4,4	32,24,20,12,7	runs\wave4_heavy-unbiased-statistic-control-w4\rprof1.jsonl
5	5	40	160	273	613	1	1,34,90,34,1,0	17,13,5,2,1	14,10,10,1	23,19,17,9,5	runs\wave4_heavy-unbiased-statistic-control-w4\rprof1.jsonl
5	5	93	719	1191	1649	1	1,87,382,234,15,0	22,15,11,2,1	20,18,7,3,1	29,25,25,15,6	runs\wave4_heavy-unbiased-statistic-control-w4\rprof1.jsonl
5	5	34	144	243	541	1	1,28,80,34,1,0	18,9,8,6	12,12,5,3	24,18,17,8,6	runs\wave4_heavy-unbiased-statistic-control-w4\rprof1.jsonl
6	5	28	110	61	192	1	1,21,61,27,0,0,0	11,7,4,3,1	16,15,6,3	22,21,13,8,2	runs\wave4_heavy-unbiased-statistic-control-w4\rprof1.jsonl
4	5	97	506	22	29	1	1,92,308,105,0	18,18,9,6	16,11,8,3,2	26,26,17,14,8	runs\wave4_heavy-unbiased-statistic-control-w4\rprof1.jsonl
4	5	100	568	86	111	1	1,95,335,134,3	18,18,12,2	17,8,8,2	28,24,20,9,4	runs\wave4_heavy-unbiased-statistic-control-w4\rprof1.jsonl
5	5	23	62	102	361	1	1,17,34,10,0,0	20,20,8,7	16,13,4,1	35,29,14,9,2	runs\wave4_heavy-unbiased-statistic-control-w4\rprof1.jsonl
6	5	128	2828	2311	2738	1	1,121,976,1361,359,10,0	21,20,7,2	12,9,7,2	28,22,16,10,4	runs\wave4_heavy-unbiased-statistic-control-w4\rprof1.jsonl
5	5	27	22	0	1	1	1,21,0,0,0,0	29,16,2,2	29,11,6,1	48,26,18,3,1	runs\wave4_heavy-unbiased-statistic-control-w4\rprof1.jsonl
5	5	50	210	369	749	1	1,44,123,42,0,0	22,15,10,4	18,10,9,3,2	28,24,24,13,4	runs\wave4_heavy-unbiased-statistic-control-w4\rprof1.jsonl
6	5	146	3558	2867	3298	1	1,139,1195,1731,477,15,0	21,15,8,3	12,8,4,3,2	27,22,12,10,5	runs\wave4_heavy-unbiased-statistic-control-w4\rprof1.jsonl
6	6	37	162	178	489	1	1,30,89,42,0,0,0	21,15,9,2,1	14,5,4,2,1	27,20,10,8,7,2	runs\wave4_heavy-unbiased-statistic-control-w4\rprof1.jsonl
5	5	70	405	46	75	1	1,64,225,110,5,0	24,15,7,4	27,9,5,1	33,24,13,13,9	runs\wave4_heavy-unbiased-statistic-control-w4\rprof1.jsonl
4	5	65	243	49	80	1	1,60,147,35,0	28,18,4,4,1	19,12,12,4	42,23,17,12,8	runs\wave4_heavy-unbiased-statistic-control-w4\rprof1.jsonl
6	7	19	27	28	267	1	1,12,14,0,0,0,0	22,16,4,3,3,2,1	13,11,6,6,3,3,3	27,22,14,9,9,9,6	runs\wave4_heavy-unbiased-statistic-control-w4\rprof1.jsonl
5	5	61	344	196	327	1	1,55,192,92,4,0	24,13,6,4,3	20,19,14,3	27,27,24,19,9	runs\wave4_heavy-unbiased-statistic-control-w4\rprof1.jsonl
4	6	16	29	1	4	1	1,11,15,2,0	13,11,9,4,1	8,7,3,1,1,1	16,13,13,9,7,1	runs\wave4_heavy-unbiased-statistic-control-w4\rprof1.jsonl
6	5	28	110	17	55	1	1,21,59,28,1,0,0	23,10,5,2,1	17,15,6,1	25,24,16,8,7	runs\wave4_heavy-unbiased-statistic-control-w4\rprof1.jsonl
6	6	44	241	266	587	1	1,37,133,70,0,0,0	17,11,11,2,2	11,11,9,2,2	23,21,13,11,6,4	runs\wave4_heavy-unbiased-statistic-control-w4\rprof1.jsonl
5	5	127	1085	1797	2317	1	1,121,578,364,21,0	21,13,12,6,1	30,13,6,4,1	44,22,15,13,13	runs\wave4_heavy-unbiased-statistic-control-w4\rprof1.jsonl
6	6	177	4689	3712	4197	1	1,170,1523,2308,666,21,0	22,12,10,9,1,1	19,14,14,5,3	33,21,21,19,8,8	runs\wave4_heavy-unbiased-statistic-control-w4\rprof1.jsonl
5	6	23	39	63	341	1	1,17,21,0,0,0	22,10,7,7,3,1	12,7,2,2,2,1	27,16,11,11,6,5	runs\wave4_heavy-unbiased-statistic-control-w4\rprof1.jsonl
6	5	60	662	607	956	1	1,53,277,277,53,1,0	21,13,7,5,2	25,9,2,1	29,22,17,10,7	runs\wave4_heavy-unbiased-statistic-control-w4\rprof1.jsonl
6	5	123	2900	777	913	1	1,116,966,1404,399,14,0	16,13,7,5,3	10,8,4,3	23,18,13,8,7	runs\wave4_heavy-unbiased-statistic-control-w4\rprof1.jsonl
6	7	16	46	47	249	1	1,9,23,12,1,0,0	21,6,5,4,3,2,1	7,7,6,1,1,1,1	25,11,10,7,6,5,2	runs\wave4_heavy-unbiased-statistic-control-w4\rprof1.jsonl
5	5	729	19647	27645	28409	1	1,723,7323,9690,1892,18	30,11,11,8	31,13,9,4	49,23,19,15,11	runs\wave4_heavy-unbiased-statistic-control-w4\rprof1.jsonl
6	5	97	1672	360	457	1	1,90,637,775,166,3,0	25,17,10,3	20,19,4,2	43,22,18,13,4	runs\wave4_heavy-unbiased-statistic-control-w4\rprof1.jsonl
5	6	67	503	825	1201	1	1,61,263,166,12,0	20,17,9,9,4	21,13,9,4,3	27,27,27,12,8,8	runs\wave4_heavy-unbiased-statistic-control-w4\rprof2.jsonl
5	5	79	246	516	1013	1	1,73,172,0,0,0	22,15,8,1	19,13,5,5,3	34,23,20,10,4	runs\wave4_heavy-unbiased-statistic-control-w4\rprof2.jsonl
4	5	17	26	13	61	1	1,12,13,0,0	15,12,10,6	12,4,4,2	18,16,15,8,8	runs\wave4_heavy-unbiased-statistic-control-w4\rprof2.jsonl
6	5	31	114	18	59	1	1,24,63,26,0,0,0	26,16,8,7,1	18,14,7,1	28,23,17,16,14	runs\wave4_heavy-unbiased-statistic-control-w4\rprof2.jsonl
3	6	20	28	11	43	1	1,16,11,0	33,13,7,3,2,2	19,11,11,10,2,2	43,19,14,14,14,11	runs\wave4_heavy-unbiased-statistic-control-w4\rprof2.jsonl
5	5	194	2819	476	533	1	1,188,1285,1202,143,0	21,15,8,1	14,12,6,1,1	31,20,15,9,4	runs\wave4_heavy-unbiased-statistic-control-w4\rprof2.jsonl
6	6	76	896	825	1217	1	1,69,378,378,69,1,0	27,15,7,5,5	22,9,5,5,3,3	32,29,20,10,10,5	runs\wave4_heavy-unbiased-statistic-control-w4\rprof2.jsonl
5	6	30	101	174	461	1	1,24,58,18,0,0	16,9,7,5,5	10,6,3,3,3	20,15,11,9,6,6	runs\wave4_heavy-unbiased-statistic-control-w4\rprof2.jsonl
5	5	84	608	1017	1453	1	1,78,330,190,9,0	20,12,8,6	20,18,12,3,3	38,26,17,13,8	runs\wave4_heavy-unbiased-statistic-control-w4\rprof2.jsonl
5	5	20	29	42	305	1	1,14,14,0,0,0	9,7,5,1	13,13,8,5	21,17,13,6,4	runs\wave4_heavy-unbiased-statistic-control-w4\rprof2.jsonl
6	5	159	3740	3047	3507	1	1,152,1288,1816,471,12,0	19,14,11,3,2	14,8,7,4	25,22,20,9,6	runs\wave4_heavy-unbiased-statistic-control-w4\rprof2.jsonl
4	5	53	188	113	195	1	1,48,113,26,0	28,14,11,6,1	25,25,3,2	45,35,14,14,7	runs\wave4_heavy-unbiased-statistic-control-w4\rprof2.jsonl
5	5	114	830	476	641	1	1,108,476,245,0,0	23,13,5,3	18,11,2,1,1	35,21,10,7,4	runs\wave4_heavy-unbiased-statistic-control-w4\rprof2.jsonl
4	5	36	108	63	131	1	1,31,63,13,0	12,7,2,2	17,8,8,4	20,14,10,9,7	runs\wave4_heavy-unbiased-statistic-control-w4\rprof2.jsonl
4	5	33	94	9	20	1	1,28,54,11,0	30,13,10,3	14,8,3,1	40,15,15,6,6	runs\wave4_heavy-unbiased-statistic-control-w4\rprof2.jsonl
5	5	193	3162	1567	1735	1	1,187,1360,1406,207,1	14,12,5,2	17,10,10,6	23,21,14,12,6	runs\wave4_heavy-unbiased-statistic-control-w4\rprof2.jsonl
5	5	205	2749	4233	4801	1	1,199,1285,1138,126,0	22,12,7,6	21,8,5,5,1	34,19,14,12,8	runs\wave4_heavy-unbiased-statistic-control-w4\rprof2.jsonl
5	5	81	382	711	1175	1	1,75,237,69,0,0	16,9,3,3,2	28,11,10,7	36,20,14,13,6	runs\wave4_heavy-unbiased-statistic-control-w4\rprof2.jsonl
6	6	70	731	350	537	1	1,63,330,297,40,0,0	24,16,8,5,3	18,7,5,3,3,2	28,23,19,8,8,8	runs\wave4_heavy-unbiased-statistic-control-w4\rprof2.jsonl
5	5	60	439	711	1079	1	1,54,225,147,12,0	19,6,6,4,2	18,10,7,5	33,15,12,11,6	runs\wave4_heavy-unbiased-statistic-control-w4\rprof2.jsonl
4	5	22	45	24	79	1	1,17,24,3,0	13,13,8,7,1	15,11,10,6,3	24,22,17,17,7	runs\wave4_heavy-unbiased-statistic-control-w4\rprof2.jsonl
6	5	53	300	84	173	1	1,46,168,85,0,0,0	19,16,4,1	18,10,3,1	26,19,14,12,1	runs\wave4_heavy-unbiased-statistic-control-w4\rprof2.jsonl
6	5	42	180	204	539	1	1,35,102,42,0,0,0	29,10,4,2	23,7,6,5	40,17,15,10,4	runs\wave4_heavy-unbiased-statistic-control-w4\rprof3.jsonl
4	5	50	160	95	179	1	1,45,95,19,0	27,14,7,5	14,9,9,1	31,21,14,10,10	runs\wave4_heavy-unbiased-statistic-control-w4\rprof3.jsonl
6	5	76	906	835	1222	1	1,69,383,383,69,1,0	22,18,10,5,2	34,21,3,2	54,36,12,10,5	runs\wave4_heavy-unbiased-statistic-control-w4\rprof3.jsonl
5	5	32	104	183	481	1	1,26,61,16,0,0	14,8,6,6	20,17,13,6,4	31,21,17,14,11	runs\wave4_heavy-unbiased-statistic-control-w4\rprof3.jsonl
5	5	30	80	27	89	1	1,24,45,10,0,0	11,7,2,1	12,8,2,2,1	17,12,10,4,3	runs\wave4_heavy-unbiased-statistic-control-w4\rprof3.jsonl
5	5	34	165	92	187	1	1,28,90,44,2,0	10,8,2,1	15,8,8,4	19,15,13,7,2	runs\wave4_heavy-unbiased-statistic-control-w4\rprof3.jsonl
4	5	54	199	40	67	1	1,49,120,29,0	25,15,7,1,1	22,15,7,4	34,26,26,7,4	runs\wave4_heavy-unbiased-statistic-control-w4\rprof3.jsonl
4	5	28	63	5	14	1	1,23,35,4,0	30,11,7,4,4	19,15,4,2,2	41,22,15,13,7	runs\wave4_heavy-unbiased-statistic-control-w4\rprof3.jsonl
5	5	21	34	54	317	1	1,15,18,0,0,0	16,13,9,2	23,16,2,1	25,25,17,10,5	runs\wave4_heavy-unbiased-statistic-control-w4\rprof3.jsonl
5	6	23	76	126	373	1	1,17,42,16,0,0	16,11,7,3,2	10,8,6,3,3,1	17,15,13,10,8,7	runs\wave4_heavy-unbiased-statistic-control-w4\rprof3.jsonl
6	6	30	116	65	202	1	1,23,65,27,0,0,0	12,11,4,3,1,1	16,11,3,3,3	22,19,13,7,5,2	runs\wave4_heavy-unbiased-statistic-control-w4\rprof3.jsonl
3	5	19	26	10	41	1	1,15,10,0	31,12,9,8	17,15,11,5,1	35,29,21,16,8	runs\wave4_heavy-unbiased-statistic-control-w4\rprof3.jsonl
3	5	31	56	27	67	1	1,27,27,1	23,18,7,3,2	23,9,7,1	41,28,14,8,2	runs\wave4_heavy-unbiased-statistic-control-w4\rprof3.jsonl
4	6	16	21	9	58	1	1,11,9,0,0	15,15,6,3,2,1	30,10,7,6,6,1	37,22,19,12,10,2	runs\wave4_heavy-unbiased-statistic-control-w4\rprof3.jsonl
5	5	70	463	111	169	1	1,64,252,139,7,0	16,14,7,3	12,9,9,7	23,22,15,10,7	runs\wave4_heavy-unbiased-statistic-control-w4\rprof3.jsonl
6	5	21	56	62	297	1	1,14,31,10,0,0,0	23,13,12,1	42,10,5,1	44,29,17,16,1	runs\wave4_heavy-unbiased-statistic-control-w4\rprof3.jsonl
6	6	30	136	152	413	1	1,23,76,36,0,0,0	17,12,12,6,5,1	10,9,6,4,3,1	21,19,13,13,11,9	runs\wave4_heavy-unbiased-statistic-control-w4\rprof3.jsonl
5	5	112	1084	1734	2207	1	1,106,543,399,35,0	20,9,5,4	22,22,10,4	39,26,18,8,5	runs\wave4_heavy-unbiased-statistic-control-w4\rprof3.jsonl
5	7	9	6	6	173	1	1,3,2,0,0,0	14,12,6,6,4,1	7,6,5,5,2,2,1	17,17,12,9,9,6,1	runs\wave4_heavy-unbiased-statistic-control-w4\rprof3.jsonl
5	5	81	618	1014	1445	1	1,75,323,204,15,0	31,22,4,2,1	22,16,12,3,3	43,33,15,14,11	runs\wave4_heavy-unbiased-statistic-control-w4\rprof3.jsonl
6	5	46	494	449	747	1	1,39,204,208,41,1,0	11,9,5,3	19,6,5,3,2	22,15,13,7,6	runs\wave4_heavy-unbiased-statistic-control-w4\rprof3.jsonl
6	5	35	168	47	118	1	1,28,94,45,0,0,0	20,5,4,2	25,14,13,2,1	27,23,16,14,6	runs\wave4_heavy-unbiased-statistic-control-w4\rprof3.jsonl
6	6	242	6300	1015	1126	1	1,235,2119,3083,837,25,0	21,15,9,6,6,2	21,16,8,7,4,1	33,24,16,15,14,14	runs\wave4_heavy-unbiased-statistic-control-w4\rprof3.jsonl
5	5	21	58	96	337	1	1,15,32,10,0,0	10,9,4,4,1	19,12,7,4,1	27,16,15,7,6	runs\wave4_heavy-unbiased-statistic-control-w4\rprof3.jsonl
6	5	130	2760	2276	2715	1	1,123,968,1318,340,10,0	26,15,14,3,2	22,14,8,1	45,24,17,11,8	runs\wave4_heavy-unbiased-statistic-control-w4\rprof3.jsonl
6	5	117	2618	2124	2531	1	1,110,891,1264,342,10,0	20,10,6,4,1	18,17,15,9	35,26,20,13,6	runs\wave4_heavy-unbiased-statistic-control-w4\rprof3.jsonl
5	5	248	4299	6360	6923	1	1,242,1834,1935,286,1	17,13,10,6	26,13,7,4,1	33,26,16,16,6	runs\wave4_heavy-unbiased-statistic-control-w4\rprof3.jsonl
5	5	37	152	258	577	1	1,31,85,34,1,0	21,20,7,3	18,17,9,3	35,27,17,17,2	runs\wave4_heavy-unbiased-statistic-control-w4\rprof3.jsonl
5	6	43	254	420	733	1	1,37,135,76,5,0	15,11,4,2,2,1	20,15,8,6,3,3	28,27,12,10,9,4	runs\wave4_heavy-unbiased-statistic-control-w4\rprof4.jsonl
4	5	44	137	81	158	1	1,39,81,16,0	25,13,12,5,2	15,12,12,5,2	31,25,17,17,13	runs\wave4_heavy-unbiased-statistic-control-w4\rprof4.jsonl
5	5	29	121	198	475	1	1,23,64,31,2,0	12,4,3,2	19,16,10,3	22,19,18,5,5	runs\wave4_heavy-unbiased-statistic-control-w4\rprof4.jsonl
5	5	27	68	38	135	1	1,21,38,8,0,0	19,15,15,9	22,14,12,11	39,27,22,19,10	runs\wave4_heavy-unbiased-statistic-control-w4\rprof4.jsonl
5	5	117	1266	1992	2449	1	1,111,616,490,48,0	28,13,7,4	23,12,5,2	37,23,23,7,4	runs\wave4_heavy-unbiased-statistic-control-w4\rprof4.jsonl
4	5	17	22	9	61	1	1,12,9,0,0	17,14,6,1	22,7,3,1,1	36,18,8,8,2	runs\wave4_heavy-unbiased-statistic-control-w4\rprof4.jsonl
6	5	92	738	407	621	1	1,85,407,245,0,0,0	24,18,7,5	23,10,8,5,1	28,27,22,16,8	runs\wave4_heavy-unbiased-statistic-control-w4\rprof4.jsonl
3	5	22	39	19	49	1	1,18,19,1	21,4,4,4	22,16,6,4	26,24,17,8,6	runs\wave4_heavy-unbiased-statistic-control-w4\rprof4.jsonl
5	5	30	88	150	451	1	1,24,50,13,0,0	21,17,3,3	22,10,7,4	41,25,10,6,5	runs\wave4_heavy-unbiased-statistic-control-w4\rprof4.jsonl
4	5	36	72	20	59	1	1,31,40,0,0	19,8,5,1,1	28,13,11,3,3	37,24,13,12,6	runs\wave4_heavy-unbiased-statistic-control-w4\rprof4.jsonl
4	6	24	40	10	41	1	1,19,20,0,0	13,6,6,1,1,1	22,17,13,4,2,1	28,21,21,7,7,3	runs\wave4_heavy-unbiased-statistic-control-w4\rprof4.jsonl
4	5	24	36	8	41	1	1,19,16,0,0	26,14,4,4	15,7,6,1,1	34,23,11,8,2	runs\wave4_heavy-unbiased-statistic-control-w4\rprof4.jsonl
5	6	22	50	81	341	1	1,16,27,6,0,0	15,11,3,2,1	32,7,4,3,1	39,14,8,8,7,3	runs\wave4_heavy-unbiased-statistic-control-w4\rprof4.jsonl
6	6	42	434	131	227	1	1,35,178,182,37,1,0	14,12,3,3,1	7,7,5,3,2	17,16,10,8,4,2	runs\wave4_heavy-unbiased-statistic-control-w4\rprof4.jsonl
5	5	63	317	558	967	1	1,57,186,73,0,0	23,7,3,2,2	19,16,7,4	31,20,15,10,7	runs\wave4_heavy-unbiased-statistic-control-w4\rprof4.jsonl
5	5	110	1050	336	431	1	1,104,525,385,35,0	26,11,11,6,3	21,8,3,2	36,25,14,10,6	runs\wave4_heavy-unbiased-statistic-control-w4\rprof4.jsonl
5	5	36	121	70	179	1	1,30,70,20,0,0	23,8,8,4,1	22,8,5,2	33,19,15,11,3	runs\wave4_heavy-unbiased-statistic-control-w4\rprof4.jsonl
5	5	20	47	78	317	1	1,14,26,6,0,0	17,16,7,4,3	18,10,8,8	33,25,16,12,5	runs\wave4_heavy-unbiased-statistic-control-w4\rprof4.jsonl
6	5	120	1140	13	18	1	1,113,611,415,0,0,0	29,14,6,3	25,16,12,5	51,25,20,13,1	runs\wave4_heavy-unbiased-statistic-control-w4\rprof4.jsonl
4	5	25	52	7	22	1	1,20,28,3,0	22,7,4,1,1	26,11,6,2,1	41,21,9,5,5	runs\wave4_heavy-unbiased-statistic-control-w4\rprof5.jsonl
5	5	60	295	522	917	1	1,54,174,66,0,0	32,16,1,1	20,19,8,5	42,24,16,14,6	runs\wave4_heavy-unbiased-statistic-control-w4\rprof5.jsonl
6	5	140	3132	427	501	1	1,133,1081,1505,400,12,0	33,16,7,4	19,7,2,1	45,19,13,10,2	runs\wave4_heavy-unbiased-statistic-control-w4\rprof5.jsonl
6	5	162	4786	742	827	1	1,155,1495,2392,720,23,0	20,10,7,2	17,16,13,4	35,20,18,9,7	runs\wave4_heavy-unbiased-statistic-control-w4\rprof5.jsonl
4	5	19	34	17	69	1	1,14,17,2,0	9,9,5,4	8,6,4,4	14,13,11,8,3	runs\wave4_heavy-unbiased-statistic-control-w4\rprof5.jsonl
4	5	15	11	0	1	1	1,10,0,0,0	15,14,7,2	26,15,8,8	35,20,20,17,3	runs\wave4_heavy-unbiased-statistic-control-w4\rprof5.jsonl
4	5	36	96	55	127	1	1,31,55,9,0	23,17,9,1	12,12,10,2	30,22,14,10,10	runs\wave4_heavy-unbiased-statistic-control-w4\rprof5.jsonl
6	6	23	107	109	341	1	1,16,53,34,3,0,0	10,7,5,3,3	6,5,5,2,2	14,11,8,7,4,4	runs\wave4_heavy-unbiased-statistic-control-w4\rprof5.jsonl
3	6	26	38	3	11	1	1,22,15,0	19,9,2,1,1	18,12,10,4,4,3	29,22,13,11,5,3	runs\wave4_heavy-unbiased-statistic-control-w4\rprof5.jsonl
6	6	20	57	6	29	1	1,13,30,13,0,0,0	11,11,9,8,2,2	16,9,8,7,5,4	21,18,18,14,14,7	runs\wave4_heavy-unbiased-statistic-control-w4\rprof5.jsonl
5	5	41	217	363	677	1	1,35,118,60,3,0	10,10,8,3	33,12,10,5	40,20,18,7,6	runs\wave4_heavy-unbiased-statistic-control-w4\rprof5.jsonl
5	5	50	240	411	781	1	1,44,135,58,2,0	15,11,2,2	27,9,8,3	34,20,15,5,3	runs\wave4_heavy-unbiased-statistic-control-w4\rprof5.jsonl
5	5	41	145	252	607	1	1,35,84,25,0,0	24,18,7,4	22,7,6,1	38,19,19,9,4	runs\wave4_heavy-unbiased-statistic-control-w4\rprof5.jsonl
5	6	58	318	185	307	1	1,52,185,80,0,0	20,18,3,3,2,2	20,15,7,5,2,2	35,31,13,9,7,4	runs\wave4_heavy-unbiased-statistic-control-w4\rprof5.jsonl
6	6	33	111	128	427	1	1,26,64,20,0,0,0	20,12,6,3,3	21,7,5,5,4,4	33,20,15,8,8,6	runs\wave4_heavy-unbiased-statistic-control-w4\rprof5.jsonl
4	5	44	136	81	157	1	1,39,81,15,0	23,13,7,2,1	17,17,11,4,4	31,22,21,16,9	runs\wave4_heavy-unbiased-statistic-control-w4\rprof5.jsonl
4	5	36	118	23	45	1	1,31,69,17,0	22,10,7,7,1	20,17,3,1	28,22,22,9,7	runs\wave4_heavy-unbiased-statistic-control-w4\rprof5.jsonl
6	5	22	58	64	307	1	1,15,32,10,0,0,0	12,6,5,2	13,12,6,2	23,15,11,8,1	runs\wave4_heavy-unbiased-statistic-control-w4\rprof5.jsonl
4	5	21	43	23	76	1	1,16,23,3,0	13,9,7,3,2	15,11,10,4	21,21,14,9,9	runs\wave4_heavy-unbiased-statistic-control-w4\rprof5.jsonl
6	5	43	202	230	557	1	1,36,115,50,0,0,0	17,13,10,8,5	24,16,15,5	30,28,24,17,14	runs\wave4_heavy-unbiased-statistic-control-w4\rprof5.jsonl
5	5	32	137	26	57	1	1,26,77,32,1,0	15,9,7,3,2	14,13,4,4,2	22,18,16,9,8	runs\wave4_heavy-unbiased-statistic-control-w4\rprof5.jsonl
3	5	40	87	47	89	1	1,36,47,3	22,18,9,7,1	19,9,4,2	34,24,11,11,11	runs\wave4_heavy-unbiased-statistic-control-w4\rprof5.jsonl
6	7	16	36	19	122	1	1,9,19,7,0,0,0	7,6,4,1,1,1	9,7,5,4,4,3,1	11,9,9,7,7,6,4	runs\wave4_heavy-unbiased-statistic-control-w4\rprof5.jsonl
3	5	34	63	31	73	1	1,30,31,1	19,15,15,9,1	16,13,6,6,1	27,27,21,15,11	runs\wave4_heavy-unbiased-statistic-control-w4\rprof5.jsonl
4	5	17	20	7	61	1	1,12,7,0,0	25,14,7,3,3	26,8,8,1	33,32,19,7,4	runs\wave4_heavy-unbiased-statistic-control-w4\rprof5.jsonl
5	5	27	80	27	83	1	1,21,45,13,0,0	18,14,9,8,2	15,15,5,3,1	25,24,19,17,5	runs\wave4_heavy-unbiased-statistic-control-w4\rprof5.jsonl
6	5	71	484	4	7	1	1,64,268,151,0,0,0	13,9,5,1	27,7,6,2	33,18,11,7,1	runs\wave4_heavy-unbiased-statistic-control-w4\rprof5.jsonl
6	5	220	5658	2276	2547	1	1,213,1907,2781,738,18,0	21,12,8,6	31,21,4,1	39,27,23,9,6	runs\wave4_heavy-unbiased-statistic-control-w4\rprof5.jsonl
4	5	32	74	39	113	1	1,27,39,7,0	26,11,9,3,2	14,13,8,2,2	33,17,17,12,11	runs\wave4_heavy-unbiased-statistic-control-w4\rprof5.jsonl
5	5	133	1234	2022	2525	1	1,127,647,432,27,0	23,11,6,3,2	24,13,13,3	33,28,20,13,4	runs\wave4_heavy-unbiased-statistic-control-w4\rprof5.jsonl
5	5	18	24	33	281	1	1,12,11,0,0,0	22,13,2,2	16,9,5,1	23,20,13,10,4	runs\wave4_heavy-unbiased-statistic-control-w4\rprof6.jsonl
4	5	20	29	13	70	1	1,15,13,0,0	12,12,2,1,1	18,14,9,6,2	22,19,18,11,7	runs\wave4_heavy-unbiased-statistic-control-w4\rprof6.jsonl
5	5	169	2076	3234	3761	1	1,163,996,834,82,0	21,13,7,2,2	19,12,11,8	28,23,17,16,11	runs\wave4_heavy-unbiased-statistic-control-w4\rprof6.jsonl
5	7	51	221	399	761	1	1,45,133,42,0,0	15,10,6,6,5,4	11,6,3,1,1,1,1	20,15,9,9,6,6,5	runs\wave4_heavy-unbiased-statistic-control-w4\rprof6.jsonl
4	5	132	832	101	123	1	1,127,490,209,5	22,14,12,6,6	26,21,10,3	40,35,21,12,12	runs\wave4_heavy-unbiased-statistic-control-w4\rprof6.jsonl
6	5	120	2086	1811	2246	1	1,113,805,963,201,3,0	20,17,3,1	33,16,6,3	48,23,13,10,5	runs\wave4_heavy-unbiased-statistic-control-w4\rprof6.jsonl
5	5	138	956	129	173	1	1,132,559,264,0,0	23,19,7,2	28,15,1,1	38,30,16,10,2	runs\wave4_heavy-unbiased-statistic-control-w4\rprof6.jsonl
4	5	23	35	16	79	1	1,18,16,0,0	18,12,9,6	21,21,1,1	33,29,11,10,6	runs\wave4_heavy-unbiased-statistic-control-w4\rprof6.jsonl
6	5	36	170	95	241	1	1,29,95,45,0,0,0	30,8,6,5	15,14,10,3	32,22,16,14,7	runs\wave4_heavy-unbiased-statistic-control-w4\rprof6.jsonl
6	5	40	182	103	261	1	1,33,103,45,0,0,0	17,13,3,2,1	18,16,13,7	33,23,17,9,8	runs\wave4_heavy-unbiased-statistic-control-w4\rprof6.jsonl
4	5	28	74	7	17	1	1,23,42,8,0	22,20,6,5	25,10,8,2,2	33,26,26,11,4	runs\wave4_heavy-unbiased-statistic-control-w4\rprof6.jsonl
6	7	33	194	202	471	1	1,26,99,64,4,0,0	12,6,4,4,4,1,1	11,7,5,3,2,2,2	17,11,10,8,6,6,6	runs\wave4_heavy-unbiased-statistic-control-w4\rprof6.jsonl
5	5	75	628	337	469	1	1,69,319,221,18,0	16,10,9,5,5	15,8,7,5	24,18,15,13,10	runs\wave4_heavy-unbiased-statistic-control-w4\rprof6.jsonl
4	5	79	328	2	3	1	1,74,200,53,0	19,8,3,1	31,9,3,3	38,19,12,4,4	runs\wave4_heavy-unbiased-statistic-control-w4\rprof6.jsonl
6	5	115	2620	2105	2516	1	1,108,869,1261,367,14,0	19,10,7,5,1	20,12,11,5,4	34,19,15,14,12	runs\wave4_heavy-unbiased-statistic-control-w4\rprof6.jsonl
5	5	77	801	415	539	1	1,71,380,314,35,0	10,7,5,2	16,12,8,6,3	20,15,14,10,10	runs\wave4_heavy-unbiased-statistic-control-w4\rprof6.jsonl
5	6	58	413	672	1033	1	1,52,214,136,10,0	12,6,5,3,2	21,11,6,1,1,1	26,14,10,8,7,4	runs\wave4_heavy-unbiased-statistic-control-w4\rprof6.jsonl
5	5	21	31	45	317	1	1,15,15,0,0,0	29,7,3,3	18,13,6,3	38,17,13,12,2	runs\wave4_heavy-unbiased-statistic-control-w4\rprof6.jsonl
4	5	100	562	57	73	1	1,95,336,128,2	19,10,6,2	18,9,4,4,1	29,17,13,7,7	runs\wave4_heavy-unbiased-statistic-control-w4\rprof6.jsonl
5	6	53	143	285	701	1	1,47,95,0,0,0	19,14,10,7,4,4	15,10,7,3,3,2	29,21,17,17,7,7	runs\wave4_heavy-unbiased-statistic-control-w4\rprof6.jsonl
5	5	48	249	48	85	1	1,42,144,62,0,0	18,12,10,2	17,15,3,3,2	24,22,16,13,7	runs\wave4_heavy-unbiased-statistic-control-w4\rprof6.jsonl
5	5	18	13	0	1	1	1,12,0,0,0,0	24,13,12,2,2	15,10,9,5,4	33,25,17,11,10	runs\wave4_heavy-unbiased-statistic-control-w4\rprof6.jsonl
6	6	168	4743	1235	1386	1	1,161,1502,2355,701,23,0	16,13,10,10,4	17,15,14,10,2,2	29,24,21,21,9,9	runs\wave4_heavy-unbiased-statistic-control-w4\rprof6.jsonl
6	6	21	56	58	299	1	1,14,29,12,0,0,0	38,3,3,1,1	22,11,8,7,1,1	53,14,9,9,8,3	runs\wave4_heavy-unbiased-statistic-control-w4\rprof7.jsonl
6	5	70	478	269	461	1	1,63,269,145,0,0,0	16,11,6,2	21,15,7,3	35,16,15,10,5	runs\wave4_heavy-unbiased-statistic-control-w4\rprof7.jsonl
5	5	30	85	144	449	1	1,24,48,12,0,0	23,13,13,11	15,10,4,3	28,27,19,13,5	runs\wave4_heavy-unbiased-statistic-control-w4\rprof7.jsonl
5	5	37	144	252	565	1	1,31,84,28,0,0	13,9,4,1	19,12,8,8,5	29,16,15,11,8	runs\wave4_heavy-unbiased-statistic-control-w4\rprof7.jsonl
3	6	14	11	0	1	1	1,10,0,0	29,17,4,3,3	14,8,4,1,1,1	35,24,11,7,7,1	runs\wave4_heavy-unbiased-statistic-control-w4\rprof7.jsonl
5	5	222	3742	1851	2029	1	1,216,1607,1673,244,1	20,14,4,4	20,12,6,2	31,28,12,7,4	runs\wave4_heavy-unbiased-statistic-control-w4\rprof7.jsonl
6	5	58	344	193	378	1	1,51,193,99,0,0,0	13,10,6,1	11,10,7,3	23,15,10,9,4	runs\wave4_heavy-unbiased-statistic-control-w4\rprof7.jsonl
6	5	54	296	167	349	1	1,47,167,81,0,0,0	16,8,3,2	18,12,11,3,2	25,22,15,10,3	runs\wave4_heavy-unbiased-statistic-control-w4\rprof7.jsonl
5	5	43	230	384	709	1	1,37,125,64,3,0	12,8,7,1	15,15,8,6,1	23,19,12,10,9	runs\wave4_heavy-unbiased-statistic-control-w4\rprof7.jsonl
6	5	174	1886	1984	2543	1	1,167,992,726,0,0,0	31,21,4,3	25,12,5,4,1	38,29,19,12,8	runs\wave4_heavy-unbiased-statistic-control-w4\rprof7.jsonl
4	5	31	69	38	107	1	1,26,38,4,0	24,13,13,1,1	31,17,9,1	36,31,27,11,5	runs\wave4_heavy-unbiased-statistic-control-w4\rprof7.jsonl
6	5	187	4740	761	861	1	1,180,1586,2322,633,18,0	13,8,6,2	17,9,6,1	24,15,14,7,2	runs\wave4_heavy-unbiased-statistic-control-w4\rprof7.jsonl
4	5	22	37	1	4	1	1,17,19,0,0	20,14,12,4	17,17,16,2,2	33,24,19,17,11	runs\wave4_heavy-unbiased-statistic-control-w4\rprof7.jsonl
5	6	35	172	279	583	1	1,29,90,49,3,0	11,7,6,2,1,1	14,14,11,8,3,2	22,17,15,9,9,8	runs\wave4_heavy-unbiased-statistic-control-w4\rprof7.jsonl
5	5	143	1735	2691	3181	1	1,137,822,700,75,0	23,13,7,3	23,15,15,5	30,22,20,17,15	runs\wave4_heavy-unbiased-statistic-control-w4\rprof7.jsonl
5	7	31	115	66	161	1	1,25,66,23,0,0	11,5,4,2,2,1	10,7,3,1,1,1	15,12,9,6,2,2,2	runs\wave4_heavy-unbiased-statistic-control-w4\rprof7.jsonl
5	6	40	204	345	653	1	1,34,115,54,0,0	11,11,9,7,7	30,11,7,5,1	41,17,15,13,8,5	runs\wave4_heavy-unbiased-statistic-control-w4\rprof7.jsonl
6	5	116	2272	1908	2323	1	1,109,826,1074,256,6,0	24,12,5,4	27,19,11,1	33,30,28,10,2	runs\wave4_heavy-unbiased-statistic-control-w4\rprof7.jsonl
5	5	24	72	120	379	1	1,18,40,13,0,0	14,13,4,3,1	15,11,9,1,1	24,19,12,9,8	runs\wave4_heavy-unbiased-statistic-control-w4\rprof7.jsonl
6	5	88	1448	1251	1627	1	1,81,552,664,147,3,0	15,11,10,6,2	33,12,4,2,1	42,21,17,10,6	runs\wave4_heavy-unbiased-statistic-control-w4\rprof7.jsonl
5	5	60	280	99	181	1	1,54,165,60,0,0	33,5,1,1	25,12,7,6,2	47,19,13,8,5	runs\wave4_heavy-unbiased-statistic-control-w4\rprof7.jsonl
6	5	48	220	256	607	1	1,41,128,50,0,0,0	22,14,9,4	27,10,5,2	46,23,16,5,3	runs\wave4_heavy-unbiased-statistic-control-w4\rprof8.jsonl
6	5	195	5378	4252	4735	1	1,188,1749,2664,754,22,0	32,16,5,2	24,14,8,4,3	51,21,16,13,7	runs\wave4_heavy-unbiased-statistic-control-w4\rprof8.jsonl
5	6	55	256	453	835	1	1,49,151,55,0,0	31,15,11,1,1	17,9,7,5,1,1	32,23,20,11,7,6	runs\wave4_heavy-unbiased-statistic-control-w4\rprof8.jsonl
5	6	39	190	63	127	1	1,33,102,51,3,0	20,11,9,4,1,1	17,6,6,6,1,1	33,16,15,10,5,4	runs\wave4_heavy-unbiased-statistic-control-w4\rprof8.jsonl
3	5	13	10	0	1	1	1,9,0,0	15,14,9,9,1	22,9,7,7	33,23,16,13,8	runs\wave4_heavy-unbiased-statistic-control-w4\rprof8.jsonl
6	5	128	3242	2575	2976	1	1,121,1060,1591,455,14,0	16,14,10,8,6	23,14,13,5,2	36,26,21,15,13	runs\wave4_heavy-unbiased-statistic-control-w4\rprof8.jsonl
4	6	31	62	35	103	1	1,26,35,0,0	23,15,5,5,5	13,13,9,2,2,1	27,23,18,14,7,4	runs\wave4_heavy-unbiased-statistic-control-w4\rprof8.jsonl
4	5	28	64	35	99	1	1,23,35,5,0	37,9,5,2,1	17,9,6,3,3	50,17,13,6,6	runs\wave4_heavy-unbiased-statistic-control-w4\rprof8.jsonl
5	5	142	1743	2700	3181	1	1,136,825,706,75,0	21,21,7,5,2	19,14,11,3,1	30,24,20,18,12	runs\wave4_heavy-unbiased-statistic-control-w4\rprof8.jsonl
4	5	28	68	19	50	1	1,23,38,6,0	16,11,4,2,1	14,7,6,2,2	22,16,13,7,7	runs\wave4_heavy-unbiased-statistic-control-w4\rprof8.jsonl
5	5	165	1970	3072	3617	1	1,159,942,786,82,0	22,12,4,4,2	23,8,7,3	35,22,12,10,6	runs\wave4_heavy-unbiased-statistic-control-w4\rprof8.jsonl
6	6	177	4054	3331	3831	1	1,170,1420,1960,491,12,0	21,13,12,10,1	20,12,10,8,3,3	33,28,21,13,10,8	runs\wave4_heavy-unbiased-statistic-control-w4\rprof8.jsonl
5	6	53	239	47	89	1	1,47,141,50,0,0	16,15,6,3,2	23,8,2,2,2,1	31,18,14,7,5,5	runs\wave4_heavy-unbiased-statistic-control-w4\rprof8.jsonl
5	6	73	577	315	443	1	1,67,300,194,15,0	19,11,7,7,7	14,11,7,7,5	29,20,15,15,9,7	runs\wave4_heavy-unbiased-statistic-control-w4\rprof8.jsonl
6	6	77	976	19	27	1	1,70,409,420,75,1,0	19,12,6,6,5	22,10,4,2,2	26,18,15,13,8,8	runs\wave4_heavy-unbiased-statistic-control-w4\rprof8.jsonl
3	5	16	13	0	1	1	1,12,0,0	19,12,7,3,3	25,14,8,7	36,28,20,11,3	runs\wave4_heavy-unbiased-statistic-control-w4\rprof8.jsonl
6	5	168	4702	1229	1378	1	1,161,1502,2333,683,22,0	30,10,7,4,3	18,15,11,9,3	42,24,21,14,9	runs\wave4_heavy-unbiased-statistic-control-w4\rprof8.jsonl
6	6	114	1844	817	1030	1	1,107,741,843,152,0,0	19,12,7,3,3,2	15,12,9,6,5	25,23,15,10,10,10	runs\wave4_heavy-unbiased-statistic-control-w4\rprof8.jsonl
5	5	24	44	75	353	1	1,18,25,0,0,0	20,11,4,4,1	27,12,10,7	42,22,18,9,5	runs\wave4_heavy-unbiased-statistic-control-w4\rprof8.jsonl
6	6	64	612	55	87	1	1,57,291,240,23,0,0	17,11,9,5,2	12,10,6,3,3,3	24,15,13,11,11,7	runs\wave4_heavy-unbiased-statistic-control-w4\rprof8.jsonl
6	7	45	232	86	197	1	1,38,129,64,0,0,0	22,8,7,7,4,4,3	18,10,8,7,7,7,3	32,23,14,14,11,11,10	runs\wave4_heavy-unbiased-statistic-control-w4\rprof8.jsonl
6	5	159	1876	481	607	1	1,152,962,761,0,0,0	24,16,12,8	15,10,5,1	32,27,17,14,1	runs\wave4_heavy-unbiased-statistic-control-w4\rprof8.jsonl
6	5	114	2142	1810	2233	1	1,107,786,1004,238,6,0	28,15,9,2	18,17,5,4,1	39,22,21,9,8	runs\wave4_heavy-unbiased-statistic-control-w4\rprof8.jsonl
6	6	32	302	271	525	1	1,25,122,126,27,1,0	12,11,8,6,4	8,5,4,2,1	20,13,10,8,7,3	runs\wave4_heavy-unbiased-statistic-control-w4\rprof8.jsonl
5	5	60	360	201	331	1	1,54,195,104,6,0	19,11,11,3,2	14,8,6,2	26,18,17,8,7	runs\wave4_heavy-unbiased-statistic-control-w4\rprof8.jsonl
5	5	56	333	558	929	1	1,50,181,96,5,0	26,7,7,4	18,16,6,1	34,23,19,7,2	runs\wave4_heavy-unbiased-statistic-control-w4\rprof8.jsonl
5	6	24	78	129	385	1	1,18,43,16,0,0	18,11,11,5,3	12,12,7,6,4,2	30,19,14,11,9,8	runs\wave4_heavy-unbiased-statistic-control-w4\rprof9.jsonl
5	5	74	637	1017	1411	1	1,68,318,229,21,0	18,15,9,3,3	20,11,9,4,2	34,20,15,13,12	runs\wave4_heavy-unbiased-statistic-control-w4\rprof9.jsonl
6	5	29	130	142	403	1	1,22,71,36,0,0,0	17,13,11,8,6	10,9,8,5,1	26,18,17,15,12	runs\wave4_heavy-unbiased-statistic-control-w4\rprof9.jsonl
5	6	21	45	24	109	1	1,15,24,5,0,0	31,9,3,3,3,2	19,7,3,1,1	33,22,11,7,5,4	runs\wave4_heavy-unbiased-statistic-control-w4\rprof9.jsonl
5	5	47	320	519	839	1	1,41,166,105,7,0	18,18,10,3,1	9,6,4,1	23,20,16,6,5	runs\wave4_heavy-unbiased-statistic-control-w4\rprof9.jsonl
4	5	30	64	35	103	1	1,25,35,3,0	20,17,11,8	24,21,4,4,1	40,32,17,17,4	runs\wave4_heavy-unbiased-statistic-control-w4\rprof9.jsonl
5	5	29	95	33	89	1	1,23,55,16,0,0	26,6,3,3,1	32,20,4,3,1	40,36,11,7,5	runs\wave4_heavy-unbiased-statistic-control-w4\rprof9.jsonl
5	5	94	642	1107	1561	1	1,88,369,184,0,0	18,5,5,3	20,14,6,2	25,20,15,7,6	runs\wave4_heavy-unbiased-statistic-control-w4\rprof9.jsonl
6	5	54	352	379	729	1	1,47,187,112,5,0,0	30,13,8,2	27,20,6,5	55,23,15,14,4	runs\wave4_heavy-unbiased-statistic-control-w4\rprof9.jsonl
6	5	149	2828	2404	2905	1	1,142,1050,1324,304,7,0	32,17,6,1	18,17,15,6,1	38,29,22,17,7	runs\wave4_heavy-unbiased-statistic-control-w4\rprof9.jsonl
3	5	25	44	21	55	1	1,21,21,1	17,12,11,2	24,19,8,4,1	37,31,12,11,7	runs\wave4_heavy-unbiased-statistic-control-w4\rprof9.jsonl
6	6	75	1014	924	1273	1	1,68,425,446,74,0,0	10,10,10,6,3	11,9,9,5,2,1	20,18,14,12,8,4	runs\wave4_heavy-unbiased-statistic-control-w4\rprof9.jsonl
4	5	30	53	27	100	1	1,25,27,0,0	30,15,8,3	23,23,10,1,1	32,29,24,18,11	runs\wave4_heavy-unbiased-statistic-control-w4\rprof9.jsonl
5	5	260	3383	5271	5927	1	1,254,1617,1371,140,0	23,16,10,6	23,9,5,5	33,22,21,15,6	runs\wave4_heavy-unbiased-statistic-control-w4\rprof9.jsonl
6	6	86	1213	1097	1476	1	1,79,503,539,91,0,0	20,15,11,8,1	15,10,9,6,1	23,23,15,15,15,5	runs\wave4_heavy-unbiased-statistic-control-w4\rprof9.jsonl
6	6	30	111	126	401	1	1,23,63,24,0,0,0	15,10,4,3,2	9,9,4,1,1,1	21,18,8,5,4,3	runs\wave4_heavy-unbiased-statistic-control-w4\rprof9.jsonl
6		48	506	463	770	1	1,41,211,211,41,1,0	9,7,5,3,1	9,7,5,3,1	15,14,10,6,5	runs\wave4_reeve-weight-ladder-r5\arm2_0.jsonl
6		22	56	33	152	1	1,15,33,7,0,0,0	9,7,5,3,1	9,7,5,3,1	17,12,10,8,3	runs\wave4_reeve-weight-ladder-r5\arm2_0.jsonl
6		32	158	172	443	1	1,25,86,46,0,0,0	9,7,5,3,1	9,7,5,3,1	15,14,10,8,3	runs\wave4_reeve-weight-ladder-r5\arm2_0.jsonl
6		40	232	253	547	1	1,33,125,70,3,0,0	9,7,5,3,1	9,7,5,3,1	16,13,11,6,4	runs\wave4_reeve-weight-ladder-r5\arm2_0.jsonl
6		42	428	389	677	1	1,35,176,178,37,1,0	9,7,5,3,1	9,7,5,3,1	16,11,10,9,4	runs\wave4_reeve-weight-ladder-r5\arm2_0.jsonl
6		56	664	605	923	1	1,49,276,284,53,1,0	9,7,5,3,1	9,7,5,3,1	15,14,10,7,4	runs\wave4_reeve-weight-ladder-r5\arm2_0.jsonl
6		60	988	833	1142	1	1,53,361,459,111,3,0	9,7,5,3,1	9,7,5,3,1	15,13,11,6,5	runs\wave4_reeve-weight-ladder-r5\arm2_0.jsonl
6		66	878	791	1126	1	1,59,361,387,69,1,0	9,7,5,3,1	9,7,5,3,1	16,13,10,7,4	runs\wave4_reeve-weight-ladder-r5\arm2_0.jsonl
6		72	1536	613	776	1	1,65,501,735,224,10,0	9,7,5,3,1	9,7,5,3,1	15,11,10,9,5	runs\wave4_reeve-weight-ladder-r5\arm2_0.jsonl
6		74	1280	1069	1425	1	1,67,462,602,145,3,0	9,7,5,3,1	9,7,5,3,1	16,12,10,8,4	runs\wave4_reeve-weight-ladder-r5\arm2_0.jsonl
6		105	3512	1299	1475	1	1,98,973,1753,652,35,0	9,7,5,3,1	9,7,5,3,1	15,13,10,7,5	runs\wave4_reeve-weight-ladder-r5\arm2_0.jsonl
6		124	5018	3592	3965	1	1,117,1266,2500,1060,74,0	9,7,5,3,1	9,7,5,3,1	15,12,10,8,5	runs\wave4_reeve-weight-ladder-r5\arm2_0.jsonl
6		24	84	96	335	1	1,17,48,18,0,0,0	9,7,5,3,1	9,7,5,3,1	15,13,12,7,3	runs\wave4_reeve-weight-ladder-r5\arm2_0.jsonl
6		31	152	41	108	1	1,24,82,45,0,0,0	9,7,5,3,1	9,7,5,3,1	16,12,10,9,3	runs\wave4_reeve-weight-ladder-r5\arm2_0.jsonl
6		32	158	87	221	1	1,25,87,45,0,0,0	9,7,5,3,1	9,7,5,3,1	16,12,11,8,3	runs\wave4_reeve-weight-ladder-r5\arm2_0.jsonl
6		33	204	54	119	1	1,26,108,69,0,0,0	9,7,5,3,1	9,7,5,3,1	14,13,11,9,3	runs\wave4_reeve-weight-ladder-r5\arm2_0.jsonl
6		33	168	91	228	1	1,26,90,49,2,0,0	9,7,5,3,1	9,7,5,3,1	15,13,12,6,4	runs\wave4_reeve-weight-ladder-r5\arm2_0.jsonl
6		36	232	41	86	1	1,29,123,79,0,0,0	9,7,5,3,1	9,7,5,3,1	15,13,10,9,3	runs\wave4_reeve-weight-ladder-r5\arm2_0.jsonl
6		38	214	13	29	1	1,31,117,65,0,0,0	9,7,5,3,1	9,7,5,3,1	16,13,10,8,3	runs\wave4_reeve-weight-ladder-r5\arm2_0.jsonl
6		42	316	328	613	1	1,35,164,116,0,0,0	9,7,5,3,1	9,7,5,3,1	15,13,11,8,3	runs\wave4_reeve-weight-ladder-r5\arm2_0.jsonl
6		80	2058	1581	1916	1	1,73,617,1001,347,19,0	9,7,5,3,1	9,7,5,3,1	14,11,10,9,6	runs\wave4_reeve-weight-ladder-r5\arm2_0.jsonl
6		24	96	51	172	1	1,17,51,27,0,0,0	9,7,5,3,1	9,7,5,3,1	14,12,11,10,3	runs\wave4_reeve-weight-ladder-r5\arm2_0.jsonl
6		36	336	305	577	1	1,29,138,138,29,1,0	9,7,5,3,1	9,7,5,3,1	14,13,12,6,5	runs\wave4_reeve-weight-ladder-r5\arm2_0.jsonl
6		36	228	48	103	1	1,29,120,78,0,0,0	9,7,5,3,1	9,7,5,3,1	15,12,11,9,3	runs\wave4_reeve-weight-ladder-r5\arm2_0.jsonl
6		55	652	593	908	1	1,48,270,279,53,1,0	9,7,5,3,1	9,7,5,3,1	16,12,11,7,4	runs\wave4_reeve-weight-ladder-r5\arm2_0.jsonl
6		72	1304	1089	1421	1	1,65,472,618,145,3,0	9,7,5,3,1	9,7,5,3,1	16,13,9,7,5	runs\wave4_reeve-weight-ladder-r5\arm2_0.jsonl
6		72	1452	1178	1503	1	1,65,492,694,194,6,0	9,7,5,3,1	9,7,5,3,1	16,12,9,7,6	runs\wave4_reeve-weight-ladder-r5\arm2_0.jsonl
6		81	2226	169	202	1	1,74,651,1091,388,21,0	9,7,5,3,1	9,7,5,3,1	14,12,11,7,6	runs\wave4_reeve-weight-ladder-r5\arm2_0.jsonl
6		90	2524	1921	2264	1	1,83,747,1245,427,21,0	9,7,5,3,1	9,7,5,3,1	15,12,11,7,5	runs\wave4_reeve-weight-ladder-r5\arm2_0.jsonl
6		32	276	249	511	1	1,25,112,112,25,1,0	9,7,5,3,1	9,7,5,3,1	13,12,11,10,4	runs\wave4_reeve-weight-ladder-r5\arm2_0.jsonl
6		44	438	57	100	1	1,37,181,181,37,1,0	9,7,5,3,1	9,7,5,3,1	14,13,12,7,4	runs\wave4_reeve-weight-ladder-r5\arm2_0.jsonl
6		64	1308	522	679	1	1,57,425,621,194,10,0	9,7,5,3,1	9,7,5,3,1	13,12,11,9,5	runs\wave4_reeve-weight-ladder-r5\arm2_0.jsonl
6		66	1284	521	679	1	1,59,433,609,176,6,0	9,7,5,3,1	9,7,5,3,1	14,12,11,9,4	runs\wave4_reeve-weight-ladder-r5\arm2_0.jsonl
6		72	1442	584	749	1	1,65,487,689,194,6,0	9,7,5,3,1	9,7,5,3,1	15,12,10,9,4	runs\wave4_reeve-weight-ladder-r5\arm2_0.jsonl
6		78	1604	649	820	1	1,71,543,771,212,6,0	9,7,5,3,1	9,7,5,3,1	15,12,11,8,4	runs\wave4_reeve-weight-ladder-r5\arm2_0.jsonl
6		84	2292	873	1042	1	1,77,678,1125,390,21,0	9,7,5,3,1	9,7,5,3,1	14,13,11,7,5	runs\wave4_reeve-weight-ladder-r5\arm2_0.jsonl
6		102	3414	2512	2871	1	1,95,926,1690,660,42,0	9,7,5,3,1	9,7,5,3,1	14,12,11,8,5	runs\wave4_reeve-weight-ladder-r5\arm2_0.jsonl
6		104	3576	2623	2979	1	1,97,964,1776,695,43,0	9,7,5,3,1	9,7,5,3,1	14,13,10,8,5	runs\wave4_reeve-weight-ladder-r5\arm2_0.jsonl
6		60	1014	845	1158	1	1,53,363,475,119,3,0	9,7,5,3,1	9,7,5,3,1	14,13,10,9,4	runs\wave4_reeve-weight-ladder-r5\arm2_0.jsonl
6		72	1788	1381	1696	1	1,65,543,869,295,15,0	9,7,5,3,1	9,7,5,3,1	13,12,11,8,6	runs\wave4_reeve-weight-ladder-r5\arm2_0.jsonl
6		76	1962	1496	1831	1	1,69,578,954,340,20,0	9,7,5,3,1	9,7,5,3,1	13,12,10,9,6	runs\wave4_reeve-weight-ladder-r5\arm2_0.jsonl
6		87	2104	1657	1996	1	1,80,673,1029,311,10,0	9,7,5,3,1	9,7,5,3,1	15,13,10,8,4	runs\wave4_reeve-weight-ladder-r5\arm2_0.jsonl
6		88	2562	642	757	1	1,81,734,1262,458,26,0	9,7,5,3,1	9,7,5,3,1	14,13,10,7,6	runs\wave4_reeve-weight-ladder-r5\arm2_0.jsonl
6		96	3072	2277	2624	1	1,89,846,1515,585,36,0	9,7,5,3,1	9,7,5,3,1	14,12,10,9,5	runs\wave4_reeve-weight-ladder-r5\arm2_0.jsonl
6		126	5760	4027	4417	1	1,119,1339,2842,1339,119,1	9,7,5,3,1	9,7,5,3,1	14,12,10,8,6	runs\wave4_reeve-weight-ladder-r5\arm2_0.jsonl
6		57	1104	879	1187	1	1,50,356,520,167,10,0	9,7,5,3,1	9,7,5,3,1	13,11,10,9,7	runs\wave4_reeve-weight-ladder-r5\arm2_0.jsonl
6		68	1686	1292	1607	1	1,61,502,818,288,16,0	9,7,5,3,1	9,7,5,3,1	13,12,10,8,7	runs\wave4_reeve-weight-ladder-r5\arm2_0.jsonl
6		25	62	36	167	1	1,18,36,7,0,0,0	11,9,6,4,2	13,10,7,4,1	23,16,13,11,4	runs\wave4_reeve-weight-ladder-r5\arm2_1.jsonl
6		40	222	123	271	1	1,33,123,65,0,0,0	11,9,6,4,2	13,10,7,4,1	20,19,13,11,4	runs\wave4_reeve-weight-ladder-r5\arm2_1.jsonl
6		46	276	304	621	1	1,39,152,84,0,0,0	11,9,6,4,2	13,10,7,4,1	23,16,13,8,7	runs\wave4_reeve-weight-ladder-r5\arm2_1.jsonl
6		71	898	821	1176	1	1,64,376,387,69,1,0	11,9,6,4,2	13,10,7,4,1	20,19,14,8,6	runs\wave4_reeve-weight-ladder-r5\arm2_1.jsonl
6		77	1212	522	703	1	1,70,459,553,126,3,0	11,9,6,4,2	13,10,7,4,1	20,19,13,8,7	runs\wave4_reeve-weight-ladder-r5\arm2_1.jsonl
6		86	1434	1233	1604	1	1,79,543,661,147,3,0	11,9,6,4,2	13,10,7,4,1	20,19,13,10,5	runs\wave4_reeve-weight-ladder-r5\arm2_1.jsonl
6		89	1488	1283	1658	1	1,82,566,685,151,3,0	11,9,6,4,2	13,10,7,4,1	22,17,13,8,7	runs\wave4_reeve-weight-ladder-r5\arm2_1.jsonl
6		90	1560	1333	1709	1	1,83,586,726,161,3,0	11,9,6,4,2	13,10,7,4,1	21,19,12,9,6	runs\wave4_reeve-weight-ladder-r5\arm2_1.jsonl
6		93	1646	1403	1783	1	1,86,617,770,169,3,0	11,9,6,4,2	13,10,7,4,1	22,16,13,11,5	runs\wave4_reeve-weight-ladder-r5\arm2_1.jsonl
6		93	1666	1423	1793	1	1,86,627,780,169,3,0	11,9,6,4,2	13,10,7,4,1	21,17,15,8,6	runs\wave4_reeve-weight-ladder-r5\arm2_1.jsonl
6		100	1772	1521	1909	1	1,93,672,826,177,3,0	11,9,6,4,2	13,10,7,4,1	22,17,13,10,5	runs\wave4_reeve-weight-ladder-r5\arm2_1.jsonl
6		100	1786	511	639	1	1,93,678,834,177,3,0	11,9,6,4,2	13,10,7,4,1	21,18,14,8,6	runs\wave4_reeve-weight-ladder-r5\arm2_1.jsonl
6		108	2424	1959	2348	1	1,101,818,1171,323,10,0	11,9,6,4,2	13,10,7,4,1	20,19,13,9,6	runs\wave4_reeve-weight-ladder-r5\arm2_1.jsonl
6		109	2418	1962	2351	1	1,102,821,1164,320,10,0	11,9,6,4,2	13,10,7,4,1	21,18,13,8,7	runs\wave4_reeve-weight-ladder-r5\arm2_1.jsonl
6		153	4836	3673	4093	1	1,146,1435,2416,803,35,0	11,9,6,4,2	13,10,7,4,1	21,18,13,9,6	runs\wave4_reeve-weight-ladder-r5\arm2_1.jsonl
6		30	114	128	403	1	1,23,64,26,0,0,0	11,9,6,4,2	13,10,7,4,1	21,19,12,11,4	runs\wave4_reeve-weight-ladder-r5\arm2_1.jsonl
6		31	138	154	423	1	1,24,77,36,0,0,0	11,9,6,4,2	13,10,7,4,1	23,15,14,8,7	runs\wave4_reeve-weight-ladder-r5\arm2_1.jsonl
6		39	198	110	261	1	1,32,110,55,0,0,0	11,9,6,4,2	13,10,7,4,1	23,17,11,10,6	runs\wave4_reeve-weight-ladder-r5\arm2_1.jsonl
6		41	226	21	46	1	1,34,126,65,0,0,0	11,9,6,4,2	13,10,7,4,1	20,17,16,10,4	runs\wave4_reeve-weight-ladder-r5\arm2_1.jsonl
6		42	228	127	281	1	1,35,127,65,0,0,0	11,9,6,4,2	13,10,7,4,1	20,19,14,10,4	runs\wave4_reeve-weight-ladder-r5\arm2_1.jsonl
6		42	226	125	281	1	1,35,125,65,0,0,0	11,9,6,4,2	13,10,7,4,1	23,16,14,8,6	runs\wave4_reeve-weight-ladder-r5\arm2_1.jsonl
6		47	284	1	2	1	1,40,158,85,0,0,0	11,9,6,4,2	13,10,7,4,1	22,17,13,11,4	runs\wave4_reeve-weight-ladder-r5\arm2_1.jsonl
6		52	338	187	351	1	1,45,187,105,0,0,0	11,9,6,4,2	13,10,7,4,1	23,16,13,10,5	runs\wave4_reeve-weight-ladder-r5\arm2_1.jsonl
6		55	420	450	773	1	1,48,225,146,0,0,0	11,9,6,4,2	13,10,7,4,1	21,17,15,10,4	runs\wave4_reeve-weight-ladder-r5\arm2_1.jsonl
6		59	452	486	823	1	1,52,243,156,0,0,0	11,9,6,4,2	13,10,7,4,1	21,18,14,10,4	runs\wave4_reeve-weight-ladder-r5\arm2_1.jsonl
6		62	524	548	891	1	1,55,274,194,0,0,0	11,9,6,4,2	13,10,7,4,1	23,16,12,9,7	runs\wave4_reeve-weight-ladder-r5\arm2_1.jsonl
6		64	584	303	470	1	1,57,303,223,0,0,0	11,9,6,4,2	13,10,7,4,1	20,18,14,11,4	runs\wave4_reeve-weight-ladder-r5\arm2_1.jsonl
6		69	890	809	1156	1	1,62,370,387,69,1,0	11,9,6,4,2	13,10,7,4,1	20,17,16,8,6	runs\wave4_reeve-weight-ladder-r5\arm2_1.jsonl
6		75	1206	74	99	1	1,68,455,553,126,3,0	11,9,6,4,2	13,10,7,4,1	20,19,11,10,7	runs\wave4_reeve-weight-ladder-r5\arm2_1.jsonl
6		102	2332	1873	2248	1	1,95,778,1131,317,10,0	11,9,6,4,2	13,10,7,4,1	20,19,12,9,7	runs\wave4_reeve-weight-ladder-r5\arm2_1.jsonl
6		113	2926	2301	2677	1	1,106,938,1442,425,14,0	11,9,6,4,2	13,10,7,4,1	20,17,15,8,7	runs\wave4_reeve-weight-ladder-r5\arm2_1.jsonl
6		117	2986	2357	2743	1	1,110,964,1468,429,14,0	11,9,6,4,2	13,10,7,4,1	20,18,14,8,7	runs\wave4_reeve-weight-ladder-r5\arm2_1.jsonl
6		48	290	163	321	1	1,41,163,85,0,0,0	11,9,6,4,2	13,10,7,4,1	22,17,14,10,4	runs\wave4_reeve-weight-ladder-r5\arm2_1.jsonl
6		67	616	214	327	1	1,60,321,234,0,0,0	11,9,6,4,2	13,10,7,4,1	21,17,14,11,4	runs\wave4_reeve-weight-ladder-r5\arm2_1.jsonl
6		88	1482	1273	1648	1	1,81,561,685,151,3,0	11,9,6,4,2	13,10,7,4,1	22,17,11,10,7	runs\wave4_reeve-weight-ladder-r5\arm2_1.jsonl
6		119	2856	763	895	1	1,112,954,1398,381,10,0	11,9,6,4,2	13,10,7,4,1	22,17,12,9,7	runs\wave4_reeve-weight-ladder-r5\arm2_1.jsonl
6		122	3124	1235	1431	1	1,115,1013,1537,444,14,0	11,9,6,4,2	13,10,7,4,1	21,17,14,8,7	runs\wave4_reeve-weight-ladder-r5\arm2_1.jsonl
6		130	3510	2752	3149	1	1,123,1124,1744,504,14,0	11,9,6,4,2	13,10,7,4,1	20,17,15,10,5	runs\wave4_reeve-weight-ladder-r5\arm2_1.jsonl
6		133	3570	2806	3207	1	1,126,1149,1772,508,14,0	11,9,6,4,2	13,10,7,4,1	20,18,14,10,5	runs\wave4_reeve-weight-ladder-r5\arm2_1.jsonl
6		65	552	578	931	1	1,58,289,204,0,0,0	11,9,6,4,2	13,10,7,4,1	23,16,13,9,6	runs\wave4_reeve-weight-ladder-r5\arm2_1.jsonl
6		69	884	805	1152	1	1,62,368,383,69,1,0	11,9,6,4,2	13,10,7,4,1	22,17,11,9,8	runs\wave4_reeve-weight-ladder-r5\arm2_1.jsonl
6		80	1314	1123	1489	1	1,73,492,606,139,3,0	11,9,6,4,2	13,10,7,4,1	19,17,16,10,5	runs\wave4_reeve-weight-ladder-r5\arm2_1.jsonl
6		81	1124	1021	1384	1	1,74,468,495,85,1,0	11,9,6,4,2	13,10,7,4,1	22,17,14,9,5	runs\wave4_reeve-weight-ladder-r5\arm2_1.jsonl
6		122	3276	1277	1475	1	1,115,1026,1611,502,21,0	11,9,6,4,2	13,10,7,4,1	21,16,15,9,6	runs\wave4_reeve-weight-ladder-r5\arm2_1.jsonl
6		125	2976	2397	2801	1	1,118,1004,1454,389,10,0	11,9,6,4,2	13,10,7,4,1	22,17,13,9,6	runs\wave4_reeve-weight-ladder-r5\arm2_1.jsonl
6		139	3740	2944	3353	1	1,132,1209,1858,526,14,0	11,9,6,4,2	13,10,7,4,1	21,17,14,10,5	runs\wave4_reeve-weight-ladder-r5\arm2_1.jsonl
6		145	4656	1759	1963	1	1,138,1365,2329,788,35,0	11,9,6,4,2	13,10,7,4,1	21,18,12,10,6	runs\wave4_reeve-weight-ladder-r5\arm2_1.jsonl
6		170	6392	4697	5122	1	1,163,1752,3221,1193,62,0	11,9,6,4,2	13,10,7,4,1	20,16,15,10,6	runs\wave4_reeve-weight-ladder-r5\arm2_1.jsonl
6		57	654	597	926	1	1,50,272,277,53,1,0	11,9,6,4,2	13,10,7,4,1	18,17,16,11,5	runs\wave4_reeve-weight-ladder-r5\arm2_1.jsonl
6		69	1094	934	1275	1	1,62,408,502,118,3,0	11,9,6,4,2	13,10,7,4,1	19,17,16,8,7	runs\wave4_reeve-weight-ladder-r5\arm2_1.jsonl
6		83	1552	1289	1648	1	1,76,549,729,191,6,0	11,9,6,4,2	13,10,7,4,1	18,17,16,10,6	runs\wave4_reeve-weight-ladder-r5\arm2_1.jsonl
6		84	1426	1223	1583	1	1,77,538,660,147,3,0	11,9,6,4,2	13,10,7,4,1	21,18,11,9,8	runs\wave4_reeve-weight-ladder-r5\arm2_1.jsonl
6		86	1638	1360	1721	1	1,79,580,772,200,6,0	11,9,6,4,2	13,10,7,4,1	19,18,15,8,7	runs\wave4_reeve-weight-ladder-r5\arm2_1.jsonl
6		94	1962	402	493	1	1,87,683,943,242,6,0	11,9,6,4,2	13,10,7,4,1	22,15,13,9,8	runs\wave4_reeve-weight-ladder-r5\arm2_1.jsonl
6		98	2188	1759	2133	1	1,91,729,1056,301,10,0	11,9,6,4,2	13,10,7,4,1	19,17,16,9,6	runs\wave4_reeve-weight-ladder-r5\arm2_1.jsonl
6		99	1966	408	503	1	1,92,698,933,236,6,0	11,9,6,4,2	13,10,7,4,1	19,18,15,10,5	runs\wave4_reeve-weight-ladder-r5\arm2_1.jsonl
6		101	2076	1712	2093	1	1,94,731,994,250,6,0	11,9,6,4,2	13,10,7,4,1	22,16,12,9,8	runs\wave4_reeve-weight-ladder-r5\arm2_1.jsonl
6		112	2620	703	831	1	1,105,882,1278,345,9,0	11,9,6,4,2	13,10,7,4,1	19,18,14,11,5	runs\wave4_reeve-weight-ladder-r5\arm2_1.jsonl
6		133	3556	2794	3199	1	1,126,1143,1764,508,14,0	11,9,6,4,2	13,10,7,4,1	21,17,13,11,5	runs\wave4_reeve-weight-ladder-r5\arm2_1.jsonl
6		134	4306	3247	3637	1	1,127,1256,2154,735,33,0	11,9,6,4,2	13,10,7,4,1	20,18,12,9,8	runs\wave4_reeve-weight-ladder-r5\arm2_1.jsonl
6		137	4458	3348	3749	1	1,130,1286,2228,776,37,0	11,9,6,4,2	13,10,7,4,1	19,18,13,9,8	runs\wave4_reeve-weight-ladder-r5\arm2_1.jsonl
6		165	5972	4426	4841	1	1,158,1678,3016,1070,49,0	11,9,6,4,2	13,10,7,4,1	20,18,14,9,6	runs\wave4_reeve-weight-ladder-r5\arm2_1.jsonl
6		170	6396	1567	1708	1	1,163,1754,3223,1193,62,0	11,9,6,4,2	13,10,7,4,1	19,18,14,10,6	runs\wave4_reeve-weight-ladder-r5\arm2_1.jsonl
6		172	6248	4636	5055	1	1,165,1763,3160,1110,49,0	11,9,6,4,2	13,10,7,4,1	21,17,14,9,6	runs\wave4_reeve-weight-ladder-r5\arm2_1.jsonl
6		57	706	637	956	1	1,50,290,307,57,1,0	11,9,6,4,2	13,10,7,4,1	18,17,14,13,5	runs\wave4_reeve-weight-ladder-r5\arm2_1.jsonl
6		59	714	649	976	1	1,52,296,307,57,1,0	11,9,6,4,2	13,10,7,4,1	20,19,11,9,8	runs\wave4_reeve-weight-ladder-r5\arm2_1.jsonl
6		77	1306	1113	1459	1	1,70,487,606,139,3,0	11,9,6,4,2	13,10,7,4,1	18,17,15,12,5	runs\wave4_reeve-weight-ladder-r5\arm2_1.jsonl
6		77	1470	1213	1553	1	1,70,514,694,185,6,0	11,9,6,4,2	13,10,7,4,1	18,17,16,9,7	runs\wave4_reeve-weight-ladder-r5\arm2_1.jsonl
6		77	1302	1109	1457	1	1,70,485,604,139,3,0	11,9,6,4,2	13,10,7,4,1	19,18,13,12,5	runs\wave4_reeve-weight-ladder-r5\arm2_1.jsonl
6		107	2408	278	333	1	1,100,813,1164,320,10,0	11,9,6,4,2	13,10,7,4,1	21,18,11,10,7	runs\wave4_reeve-weight-ladder-r5\arm2_1.jsonl
6		107	2750	2157	2528	1	1,100,875,1353,407,14,0	11,9,6,4,2	13,10,7,4,1	20,18,11,10,8	runs\wave4_reeve-weight-ladder-r5\arm2_1.jsonl
6		114	3156	814	939	1	1,107,974,1560,494,20,0	11,9,6,4,2	13,10,7,4,1	21,15,14,9,8	runs\wave4_reeve-weight-ladder-r5\arm2_1.jsonl
6		116	2940	2318	2709	1	1,109,946,1444,426,14,0	11,9,6,4,2	13,10,7,4,1	21,17,11,10,8	runs\wave4_reeve-weight-ladder-r5\arm2_1.jsonl
6		129	4186	1573	1764	1	1,122,1211,2095,724,33,0	11,9,6,4,2	13,10,7,4,1	18,17,14,12,6	runs\wave4_reeve-weight-ladder-r5\arm2_1.jsonl
6		130	4316	25	28	1	1,123,1231,2161,763,37,0	11,9,6,4,2	13,10,7,4,1	18,17,13,10,9	runs\wave4_reeve-weight-ladder-r5\arm2_1.jsonl
6		132	4186	395	444	1	1,125,1222,2089,716,33,0	11,9,6,4,2	13,10,7,4,1	18,17,15,11,6	runs\wave4_reeve-weight-ladder-r5\arm2_1.jsonl
6		144	4582	3471	3875	1	1,137,1352,2292,767,33,0	11,9,6,4,2	13,10,7,4,1	21,17,12,9,8	runs\wave4_reeve-weight-ladder-r5\arm2_1.jsonl
6		153	5868	4283	4685	1	1,146,1577,2952,1129,63,0	11,9,6,4,2	13,10,7,4,1	18,17,15,10,7	runs\wave4_reeve-weight-ladder-r5\arm2_1.jsonl
6		156	5760	4237	4647	1	1,149,1581,2898,1075,56,0	11,9,6,4,2	13,10,7,4,1	19,18,13,11,6	runs\wave4_reeve-weight-ladder-r5\arm2_1.jsonl
6		161	6096	2233	2440	1	1,154,1656,3069,1154,62,0	11,9,6,4,2	13,10,7,4,1	19,18,14,9,7	runs\wave4_reeve-weight-ladder-r5\arm2_1.jsonl
6		168	6420	4703	5122	1	1,161,1747,3239,1209,63,0	11,9,6,4,2	13,10,7,4,1	21,16,13,9,8	runs\wave4_reeve-weight-ladder-r5\arm2_1.jsonl
6		56	654	35	54	1	1,49,271,279,53,1,0	11,9,6,4,2	13,10,7,4,1	18,16,15,13,5	runs\wave4_reeve-weight-ladder-r5\arm2_1.jsonl
6		64	1002	857	1181	1	1,57,374,458,109,3,0	11,9,6,4,2	13,10,7,4,1	19,18,11,10,9	runs\wave4_reeve-weight-ladder-r5\arm2_1.jsonl
6		92	2096	1673	2033	1	1,85,689,1016,295,10,0	11,9,6,4,2	13,10,7,4,1	18,16,14,13,6	runs\wave4_reeve-weight-ladder-r5\arm2_1.jsonl
6		94	2036	1651	2013	1	1,87,690,978,271,9,0	11,9,6,4,2	13,10,7,4,1	20,17,11,10,9	runs\wave4_reeve-weight-ladder-r5\arm2_1.jsonl
6		97	1956	202	249	1	1,90,690,933,236,6,0	11,9,6,4,2	13,10,7,4,1	19,16,15,12,5	runs\wave4_reeve-weight-ladder-r5\arm2_1.jsonl
6		104	2880	2218	2579	1	1,97,878,1422,462,20,0	11,9,6,4,2	13,10,7,4,1	18,17,15,9,8	runs\wave4_reeve-weight-ladder-r5\arm2_1.jsonl
6		114	3096	2399	2783	1	1,107,956,1524,487,21,0	11,9,6,4,2	13,10,7,4,1	18,16,15,12,6	runs\wave4_reeve-weight-ladder-r5\arm2_1.jsonl
6		120	3270	850	977	1	1,113,1034,1626,482,14,0	11,9,6,4,2	13,10,7,4,1	19,17,14,12,5	runs\wave4_reeve-weight-ladder-r5\arm2_1.jsonl
6		135	4426	3318	3715	1	1,128,1272,2214,774,37,0	11,9,6,4,2	13,10,7,4,1	18,17,13,12,7	runs\wave4_reeve-weight-ladder-r5\arm2_1.jsonl
6		139	4462	1685	1883	1	1,132,1307,2233,756,33,0	11,9,6,4,2	13,10,7,4,1	21,15,12,11,8	runs\wave4_reeve-weight-ladder-r5\arm2_1.jsonl
6		145	5432	3976	4371	1	1,138,1471,2732,1034,56,0	11,9,6,4,2	13,10,7,4,1	19,18,12,10,8	runs\wave4_reeve-weight-ladder-r5\arm2_1.jsonl
6		154	5728	601	659	1	1,147,1567,2884,1073,56,0	11,9,6,4,2	13,10,7,4,1	19,17,13,12,6	runs\wave4_reeve-weight-ladder-r5\arm2_1.jsonl
6		159	5972	2189	2396	1	1,152,1622,3001,1134,62,0	11,9,6,4,2	13,10,7,4,1	19,15,13,12,8	runs\wave4_reeve-weight-ladder-r5\arm2_1.jsonl
6		25	82	6	23	1	1,18,45,18,0,0,0	11,9,6,4,2	13,10,7,4,1	16,15,14,13,9	runs\wave4_reeve-weight-ladder-r5\arm2_1.jsonl
6		51	544	497	816	1	1,44,226,227,45,1,0	11,9,6,4,2	13,10,7,4,1	17,16,15,13,6	runs\wave4_reeve-weight-ladder-r5\arm2_1.jsonl
6		69	1088	116	159	1	1,62,405,499,118,3,0	11,9,6,4,2	13,10,7,4,1	17,16,14,13,7	runs\wave4_reeve-weight-ladder-r5\arm2_1.jsonl
6		78	1308	1115	1469	1	1,71,488,606,139,3,0	11,9,6,4,2	13,10,7,4,1	19,16,14,13,5	runs\wave4_reeve-weight-ladder-r5\arm2_1.jsonl
6		84	1546	645	826	1	1,77,551,723,188,6,0	11,9,6,4,2	13,10,7,4,1	17,16,15,12,7	runs\wave4_reeve-weight-ladder-r5\arm2_1.jsonl
6		132	4344	3251	3644	1	1,125,1243,2173,765,37,0	11,9,6,4,2	13,10,7,4,1	19,16,15,9,8	runs\wave4_reeve-weight-ladder-r5\arm2_1.jsonl
6		143	5318	3896	4289	1	1,136,1441,2670,1014,56,0	11,9,6,4,2	13,10,7,4,1	18,16,15,10,8	runs\wave4_reeve-weight-ladder-r5\arm2_1.jsonl
6		143	5400	3946	4337	1	1,136,1457,2718,1032,56,0	11,9,6,4,2	13,10,7,4,1	18,16,14,10,9	runs\wave4_reeve-weight-ladder-r5\arm2_1.jsonl
6		156	5972	4361	4769	1	1,149,1609,3008,1143,62,0	11,9,6,4,2	13,10,7,4,1	20,15,13,10,9	runs\wave4_reeve-weight-ladder-r5\arm2_1.jsonl
6		157	5944	32	35	1	1,150,1610,2989,1132,62,0	11,9,6,4,2	13,10,7,4,1	18,16,15,11,7	runs\wave4_reeve-weight-ladder-r5\arm2_1.jsonl
6		158	5978	1094	1197	1	1,151,1618,3005,1140,63,0	11,9,6,4,2	13,10,7,4,1	19,15,14,12,7	runs\wave4_reeve-weight-ladder-r5\arm2_1.jsonl
6		167	6300	4622	5045	1	1,160,1719,3174,1184,62,0	11,9,6,4,2	13,10,7,4,1	19,16,15,11,6	runs\wave4_reeve-weight-ladder-r5\arm2_1.jsonl
6		84	1628	64	81	1	1,77,572,772,200,6,0	11,9,6,4,2	13,10,7,4,1	17,16,13,12,9	runs\wave4_reeve-weight-ladder-r5\arm2_1.jsonl
6		103	2690	2101	2462	1	1,96,849,1327,403,14,0	11,9,6,4,2	13,10,7,4,1	17,16,14,11,9	runs\wave4_reeve-weight-ladder-r5\arm2_1.jsonl
6		107	2742	2149	2524	1	1,100,871,1349,407,14,0	11,9,6,4,2	13,10,7,4,1	17,16,14,12,8	runs\wave4_reeve-weight-ladder-r5\arm2_1.jsonl
6		67	1088	926	1255	1	1,60,404,502,118,3,0	11,9,6,4,2	13,10,7,4,1	17,16,13,11,10	runs\wave4_reeve-weight-ladder-r5\arm2_1.jsonl
6		24	60	35	162	1	1,17,35,7,0,0,0	15,11,8,5,2	12,9,7,5,2	26,18,15,12,5	runs\wave4_reeve-weight-ladder-r5\arm2_2.jsonl
6		50	288	320	661	1	1,43,160,84,0,0,0	15,11,8,5,2	12,9,7,5,2	24,20,15,12,5	runs\wave4_reeve-weight-ladder-r5\arm2_2.jsonl
6		50	304	1	2	1	1,43,165,91,4,0,0	15,11,8,5,2	12,9,7,5,2	25,20,13,10,8	runs\wave4_reeve-weight-ladder-r5\arm2_2.jsonl
6		50	300	163	334	1	1,43,161,91,4,0,0	15,11,8,5,2	12,9,7,5,2	21,20,18,10,7	runs\wave4_reeve-weight-ladder-r5\arm2_2.jsonl
6		53	312	172	349	1	1,46,170,91,4,0,0	15,11,8,5,2	12,9,7,5,2	24,20,16,10,6	runs\wave4_reeve-weight-ladder-r5\arm2_2.jsonl
6		54	412	4	7	1	1,47,218,146,0,0,0	15,11,8,5,2	12,9,7,5,2	26,17,15,10,8	runs\wave4_reeve-weight-ladder-r5\arm2_2.jsonl
6		58	444	472	813	1	1,51,236,156,0,0,0	15,11,8,5,2	12,9,7,5,2	23,20,15,13,5	runs\wave4_reeve-weight-ladder-r5\arm2_2.jsonl
6		70	840	771	1136	1	1,63,353,357,65,1,0	15,11,8,5,2	12,9,7,5,2	24,20,15,9,8	runs\wave4_reeve-weight-ladder-r5\arm2_2.jsonl
6		85	1128	1031	1419	1	1,78,473,490,85,1,0	15,11,8,5,2	12,9,7,5,2	24,20,15,11,6	runs\wave4_reeve-weight-ladder-r5\arm2_2.jsonl
6		86	1118	341	474	1	1,79,469,483,85,1,0	15,11,8,5,2	12,9,7,5,2	24,18,17,10,7	runs\wave4_reeve-weight-ladder-r5\arm2_2.jsonl
6		88	1532	435	559	1	1,81,572,714,161,3,0	15,11,8,5,2	12,9,7,5,2	25,18,15,12,6	runs\wave4_reeve-weight-ladder-r5\arm2_2.jsonl
6		96	1962	403	497	1	1,89,685,939,242,6,0	15,11,8,5,2	12,9,7,5,2	25,17,15,10,9	runs\wave4_reeve-weight-ladder-r5\arm2_2.jsonl
6		101	1418	1293	1712	1	1,94,594,623,105,1,0	15,11,8,5,2	12,9,7,5,2	22,20,17,10,7	runs\wave4_reeve-weight-ladder-r5\arm2_2.jsonl
6		115	2104	1801	2220	1	1,108,796,987,209,3,0	15,11,8,5,2	12,9,7,5,2	24,20,14,10,8	runs\wave4_reeve-weight-ladder-r5\arm2_2.jsonl
6		117	2784	2227	2628	1	1,110,925,1361,377,10,0	15,11,8,5,2	12,9,7,5,2	22,20,15,13,6	runs\wave4_reeve-weight-ladder-r5\arm2_2.jsonl
6		117	2744	2207	2603	1	1,110,920,1336,367,10,0	15,11,8,5,2	12,9,7,5,2	25,18,15,10,8	runs\wave4_reeve-weight-ladder-r5\arm2_2.jsonl
6		121	2248	41	50	1	1,114,854,1057,219,3,0	15,11,8,5,2	12,9,7,5,2	24,19,16,10,7	runs\wave4_reeve-weight-ladder-r5\arm2_2.jsonl
6		124	2260	389	476	1	1,117,863,1057,219,3,0	15,11,8,5,2	12,9,7,5,2	23,20,16,10,7	runs\wave4_reeve-weight-ladder-r5\arm2_2.jsonl
6		127	2968	2395	2812	1	1,120,1003,1445,389,10,0	15,11,8,5,2	12,9,7,5,2	23,20,15,12,6	runs\wave4_reeve-weight-ladder-r5\arm2_2.jsonl
6		146	4292	3301	3724	1	1,139,1309,2133,683,27,0	15,11,8,5,2	12,9,7,5,2	21,20,15,13,7	runs\wave4_reeve-weight-ladder-r5\arm2_2.jsonl
6		157	5096	1923	2137	1	1,150,1493,2557,860,35,0	15,11,8,5,2	12,9,7,5,2	24,17,15,13,7	runs\wave4_reeve-weight-ladder-r5\arm2_2.jsonl
6		168	5260	446	495	1	1,161,1579,2628,856,35,0	15,11,8,5,2	12,9,7,5,2	24,19,15,10,8	runs\wave4_reeve-weight-ladder-r5\arm2_2.jsonl
6		169	5632	151	167	1	1,162,1619,2811,990,49,0	15,11,8,5,2	12,9,7,5,2	22,20,15,10,9	runs\wave4_reeve-weight-ladder-r5\arm2_2.jsonl
6		170	5268	4026	4475	1	1,163,1585,2628,856,35,0	15,11,8,5,2	12,9,7,5,2	23,20,15,10,8	runs\wave4_reeve-weight-ladder-r5\arm2_2.jsonl
6		170	5736	4301	4744	1	1,163,1647,2869,1007,49,0	15,11,8,5,2	12,9,7,5,2	24,18,15,10,9	runs\wave4_reeve-weight-ladder-r5\arm2_2.jsonl
6		181	5704	2181	2407	1	1,174,1725,2857,912,35,0	15,11,8,5,2	12,9,7,5,2	24,19,15,11,7	runs\wave4_reeve-weight-ladder-r5\arm2_2.jsonl
6		183	5712	2187	2417	1	1,176,1731,2857,912,35,0	15,11,8,5,2	12,9,7,5,2	23,20,15,11,7	runs\wave4_reeve-weight-ladder-r5\arm2_2.jsonl
6		35	144	162	461	1	1,28,81,34,0,0,0	15,11,8,5,2	12,9,7,5,2	26,17,16,10,7	runs\wave4_reeve-weight-ladder-r5\arm2_2.jsonl
6		36	152	176	471	1	1,29,88,34,0,0,0	15,11,8,5,2	12,9,7,5,2	26,19,13,10,8	runs\wave4_reeve-weight-ladder-r5\arm2_2.jsonl
6		42	224	248	561	1	1,35,124,64,0,0,0	15,11,8,5,2	12,9,7,5,2	24,18,17,12,5	runs\wave4_reeve-weight-ladder-r5\arm2_2.jsonl
6		50	332	72	137	1	1,43,180,108,0,0,0	15,11,8,5,2	12,9,7,5,2	23,18,17,13,5	runs\wave4_reeve-weight-ladder-r5\arm2_2.jsonl
6		56	420	448	783	1	1,49,224,146,0,0,0	15,11,8,5,2	12,9,7,5,2	26,18,14,10,8	runs\wave4_reeve-weight-ladder-r5\arm2_2.jsonl
6		59	450	482	823	1	1,52,241,156,0,0,0	15,11,8,5,2	12,9,7,5,2	24,19,16,12,5	runs\wave4_reeve-weight-ladder-r5\arm2_2.jsonl
6		60	452	484	833	1	1,53,242,156,0,0,0	15,11,8,5,2	12,9,7,5,2	23,20,16,12,5	runs\wave4_reeve-weight-ladder-r5\arm2_2.jsonl
6		69	660	338	513	1	1,62,338,259,0,0,0	15,11,8,5,2	12,9,7,5,2	26,17,14,11,8	runs\wave4_reeve-weight-ladder-r5\arm2_2.jsonl
6		70	664	341	518	1	1,63,341,259,0,0,0	15,11,8,5,2	12,9,7,5,2	23,19,16,13,5	runs\wave4_reeve-weight-ladder-r5\arm2_2.jsonl
6		105	2332	628	757	1	1,98,785,1124,314,10,0	15,11,8,5,2	12,9,7,5,2	22,21,15,10,8	runs\wave4_reeve-weight-ladder-r5\arm2_2.jsonl
6		134	3596	703	807	1	1,127,1134,1769,544,21,0	15,11,8,5,2	12,9,7,5,2	23,18,17,10,8	runs\wave4_reeve-weight-ladder-r5\arm2_2.jsonl
6		145	3920	3073	3502	1	1,138,1246,1933,581,21,0	15,11,8,5,2	12,9,7,5,2	23,20,13,12,8	runs\wave4_reeve-weight-ladder-r5\arm2_2.jsonl
6		37	192	106	251	1	1,30,106,55,0,0,0	15,11,8,5,2	12,9,7,5,2	22,21,16,12,5	runs\wave4_reeve-weight-ladder-r5\arm2_2.jsonl
6		58	670	613	943	1	1,51,280,284,53,1,0	15,11,8,5,2	12,9,7,5,2	23,21,15,9,8	runs\wave4_reeve-weight-ladder-r5\arm2_2.jsonl
6		58	664	607	940	1	1,51,277,281,53,1,0	15,11,8,5,2	12,9,7,5,2	24,18,17,9,8	runs\wave4_reeve-weight-ladder-r5\arm2_2.jsonl
6		71	888	811	1171	1	1,64,371,382,69,1,0	15,11,8,5,2	12,9,7,5,2	23,21,13,12,7	runs\wave4_reeve-weight-ladder-r5\arm2_2.jsonl
6		76	972	887	1259	1	1,69,406,420,75,1,0	15,11,8,5,2	12,9,7,5,2	22,21,16,10,7	runs\wave4_reeve-weight-ladder-r5\arm2_2.jsonl
6		79	1310	1119	1478	1	1,72,490,605,139,3,0	15,11,8,5,2	12,9,7,5,2	22,21,15,12,6	runs\wave4_reeve-weight-ladder-r5\arm2_2.jsonl
6		90	1748	1449	1816	1	1,83,618,827,213,6,0	15,11,8,5,2	12,9,7,5,2	22,21,13,12,8	runs\wave4_reeve-weight-ladder-r5\arm2_2.jsonl
6		103	2080	861	1055	1	1,96,736,991,250,6,0	15,11,8,5,2	12,9,7,5,2	25,18,13,12,8	runs\wave4_reeve-weight-ladder-r5\arm2_2.jsonl
6		104	2082	431	530	1	1,97,737,991,250,6,0	15,11,8,5,2	12,9,7,5,2	23,18,17,12,6	runs\wave4_reeve-weight-ladder-r5\arm2_2.jsonl
6		113	2522	2045	2443	1	1,106,856,1216,333,10,0	15,11,8,5,2	12,9,7,5,2	22,21,15,11,7	runs\wave4_reeve-weight-ladder-r5\arm2_2.jsonl
6		126	2966	2393	2802	1	1,119,1002,1445,389,10,0	15,11,8,5,2	12,9,7,5,2	25,18,15,11,7	runs\wave4_reeve-weight-ladder-r5\arm2_2.jsonl
6		44	464	421	714	1	1,37,191,195,39,1,0	15,11,8,5,2	12,9,7,5,2	22,21,12,11,10	runs\wave4_reeve-weight-ladder-r5\arm2_2.jsonl
6		49	286	106	217	1	1,42,159,84,0,0,0	15,11,8,5,2	12,9,7,5,2	22,20,17,12,5	runs\wave4_reeve-weight-ladder-r5\arm2_2.jsonl
6		50	544	495	808	1	1,43,225,229,45,1,0	15,11,8,5,2	12,9,7,5,2	25,18,12,11,10	runs\wave4_reeve-weight-ladder-r5\arm2_2.jsonl
6		52	582	531	845	1	1,45,242,246,47,1,0	15,11,8,5,2	12,9,7,5,2	22,21,16,9,8	runs\wave4_reeve-weight-ladder-r5\arm2_2.jsonl
6		56	662	601	923	1	1,49,274,284,53,1,0	15,11,8,5,2	12,9,7,5,2	23,21,12,11,9	runs\wave4_reeve-weight-ladder-r5\arm2_2.jsonl
6		58	446	476	813	1	1,51,238,156,0,0,0	15,11,8,5,2	12,9,7,5,2	22,20,16,13,5	runs\wave4_reeve-weight-ladder-r5\arm2_2.jsonl
6		63	774	705	1042	1	1,56,322,333,61,1,0	15,11,8,5,2	12,9,7,5,2	22,21,16,11,6	runs\wave4_reeve-weight-ladder-r5\arm2_2.jsonl
6		93	1664	129	163	1	1,86,625,780,169,3,0	15,11,8,5,2	12,9,7,5,2	23,21,13,11,8	runs\wave4_reeve-weight-ladder-r5\arm2_2.jsonl
6		100	1784	1529	1917	1	1,93,676,834,177,3,0	15,11,8,5,2	12,9,7,5,2	23,21,14,11,7	runs\wave4_reeve-weight-ladder-r5\arm2_2.jsonl
6		102	1792	1541	1937	1	1,95,682,834,177,3,0	15,11,8,5,2	12,9,7,5,2	23,20,16,11,6	runs\wave4_reeve-weight-ladder-r5\arm2_2.jsonl
6		112	2092	1783	2190	1	1,105,787,987,209,3,0	15,11,8,5,2	12,9,7,5,2	24,20,13,11,8	runs\wave4_reeve-weight-ladder-r5\arm2_2.jsonl
6		148	4222	3283	3701	1	1,141,1329,2108,625,18,0	15,11,8,5,2	12,9,7,5,2	23,19,16,12,6	runs\wave4_reeve-weight-ladder-r5\arm2_2.jsonl
6		163	5116	205	228	1	1,156,1526,2555,843,35,0	15,11,8,5,2	12,9,7,5,2	22,20,16,10,8	runs\wave4_reeve-weight-ladder-r5\arm2_2.jsonl
6		24	62	68	327	1	1,17,34,10,0,0,0	15,11,8,5,2	12,9,7,5,2	21,20,18,12,5	runs\wave4_reeve-weight-ladder-r5\arm2_2.jsonl
6		34	144	4	11	1	1,27,82,34,0,0,0	15,11,8,5,2	12,9,7,5,2	21,20,16,14,5	runs\wave4_reeve-weight-ladder-r5\arm2_2.jsonl
6		36	148	56	157	1	1,29,84,34,0,0,0	15,11,8,5,2	12,9,7,5,2	21,20,17,13,5	runs\wave4_reeve-weight-ladder-r5\arm2_2.jsonl
6		41	232	251	557	1	1,34,124,70,3,0,0	15,11,8,5,2	12,9,7,5,2	21,20,18,11,6	runs\wave4_reeve-weight-ladder-r5\arm2_2.jsonl
6		68	886	803	1146	1	1,61,367,387,69,1,0	15,11,8,5,2	12,9,7,5,2	23,21,14,12,6	runs\wave4_reeve-weight-ladder-r5\arm2_2.jsonl
6		77	1000	911	1283	1	1,70,417,434,77,1,0	15,11,8,5,2	12,9,7,5,2	21,20,17,12,6	runs\wave4_reeve-weight-ladder-r5\arm2_2.jsonl
6		78	1252	1079	1436	1	1,71,475,573,129,3,0	15,11,8,5,2	12,9,7,5,2	23,19,17,9,8	runs\wave4_reeve-weight-ladder-r5\arm2_2.jsonl
6		83	1120	1019	1399	1	1,76,467,490,85,1,0	15,11,8,5,2	12,9,7,5,2	22,20,17,11,6	runs\wave4_reeve-weight-ladder-r5\arm2_2.jsonl
6		88	1480	1271	1647	1	1,81,560,684,151,3,0	15,11,8,5,2	12,9,7,5,2	23,20,14,13,6	runs\wave4_reeve-weight-ladder-r5\arm2_2.jsonl
6		90	1544	1327	1699	1	1,83,586,716,155,3,0	15,11,8,5,2	12,9,7,5,2	21,20,16,13,6	runs\wave4_reeve-weight-ladder-r5\arm2_2.jsonl
6		95	1672	1431	1813	1	1,88,631,780,169,3,0	15,11,8,5,2	12,9,7,5,2	23,21,14,10,8	runs\wave4_reeve-weight-ladder-r5\arm2_2.jsonl
6		101	1800	1539	1934	1	1,94,678,841,183,3,0	15,11,8,5,2	12,9,7,5,2	21,20,17,10,8	runs\wave4_reeve-weight-ladder-r5\arm2_2.jsonl
6		106	2404	1935	2321	1	1,99,805,1164,325,10,0	15,11,8,5,2	12,9,7,5,2	22,21,14,12,7	runs\wave4_reeve-weight-ladder-r5\arm2_2.jsonl
6		110	1948	335	418	1	1,103,741,907,193,3,0	15,11,8,5,2	12,9,7,5,2	21,20,17,11,7	runs\wave4_reeve-weight-ladder-r5\arm2_2.jsonl
6		124	2910	2345	2754	1	1,117,980,1417,385,10,0	15,11,8,5,2	12,9,7,5,2	22,20,16,12,6	runs\wave4_reeve-weight-ladder-r5\arm2_2.jsonl
6		124	3040	59	69	1	1,117,994,1482,431,15,0	15,11,8,5,2	12,9,7,5,2	21,20,16,10,9	runs\wave4_reeve-weight-ladder-r5\arm2_2.jsonl
6		128	3700	2839	3240	1	1,121,1117,1829,605,27,0	15,11,8,5,2	12,9,7,5,2	22,20,13,11,10	runs\wave4_reeve-weight-ladder-r5\arm2_2.jsonl
6		177	5562	4249	4699	1	1,170,1675,2782,899,35,0	15,11,8,5,2	12,9,7,5,2	22,20,16,11,7	runs\wave4_reeve-weight-ladder-r5\arm2_2.jsonl
6		177	5854	4411	4866	1	1,170,1698,2921,1015,49,0	15,11,8,5,2	12,9,7,5,2	22,18,17,12,7	runs\wave4_reeve-weight-ladder-r5\arm2_2.jsonl
6		180	6240	1169	1279	1	1,173,1804,3149,1068,45,0	15,11,8,5,2	12,9,7,5,2	21,20,16,11,8	runs\wave4_reeve-weight-ladder-r5\arm2_2.jsonl
6		34	170	92	233	1	1,27,91,49,2,0,0	15,11,8,5,2	12,9,7,5,2	21,20,18,9,8	runs\wave4_reeve-weight-ladder-r5\arm2_2.jsonl
6		55	654	593	910	1	1,48,270,281,53,1,0	15,11,8,5,2	12,9,7,5,2	22,21,14,13,6	runs\wave4_reeve-weight-ladder-r5\arm2_2.jsonl
6		57	668	611	933	1	1,50,279,284,53,1,0	15,11,8,5,2	12,9,7,5,2	21,19,18,12,6	runs\wave4_reeve-weight-ladder-r5\arm2_2.jsonl
6		63	768	699	1039	1	1,56,319,330,61,1,0	15,11,8,5,2	12,9,7,5,2	21,20,15,14,6	runs\wave4_reeve-weight-ladder-r5\arm2_2.jsonl
6		70	1036	897	1249	1	1,63,394,466,109,3,0	15,11,8,5,2	12,9,7,5,2	23,20,12,11,10	runs\wave4_reeve-weight-ladder-r5\arm2_2.jsonl
6		82	1332	1149	1514	1	1,75,507,611,135,3,0	15,11,8,5,2	12,9,7,5,2	21,19,18,11,7	runs\wave4_reeve-weight-ladder-r5\arm2_2.jsonl
6		91	1656	469	591	1	1,84,619,780,169,3,0	15,11,8,5,2	12,9,7,5,2	21,19,16,14,6	runs\wave4_reeve-weight-ladder-r5\arm2_2.jsonl
6		146	4440	1131	1270	1	1,139,1336,2213,721,30,0	15,11,8,5,2	12,9,7,5,2	21,20,14,13,8	runs\wave4_reeve-weight-ladder-r5\arm2_2.jsonl
6		154	4948	3744	4165	1	1,147,1457,2478,830,35,0	15,11,8,5,2	12,9,7,5,2	21,18,16,14,7	runs\wave4_reeve-weight-ladder-r5\arm2_2.jsonl
6		154	4840	3679	4103	1	1,147,1438,2416,803,35,0	15,11,8,5,2	12,9,7,5,2	22,19,17,10,8	runs\wave4_reeve-weight-ladder-r5\arm2_2.jsonl
6		158	4584	1183	1329	1	1,151,1420,2276,709,27,0	15,11,8,5,2	12,9,7,5,2	21,20,16,12,7	runs\wave4_reeve-weight-ladder-r5\arm2_2.jsonl
6		158	5256	3943	4374	1	1,151,1511,2627,921,45,0	15,11,8,5,2	12,9,7,5,2	21,17,16,14,8	runs\wave4_reeve-weight-ladder-r5\arm2_2.jsonl
6		171	5408	147	163	1	1,164,1615,2707,886,35,0	15,11,8,5,2	12,9,7,5,2	23,20,14,12,7	runs\wave4_reeve-weight-ladder-r5\arm2_2.jsonl
6		34	168	90	233	1	1,27,89,49,2,0,0	15,11,8,5,2	12,9,7,5,2	20,19,18,13,6	runs\wave4_reeve-weight-ladder-r5\arm2_2.jsonl
6		47	292	158	319	1	1,40,156,91,4,0,0	15,11,8,5,2	12,9,7,5,2	20,19,17,14,6	runs\wave4_reeve-weight-ladder-r5\arm2_2.jsonl
6		62	714	653	1001	1	1,55,298,302,57,1,0	15,11,8,5,2	12,9,7,5,2	20,19,18,12,7	runs\wave4_reeve-weight-ladder-r5\arm2_2.jsonl
6		76	1244	1067	1416	1	1,69,469,573,129,3,0	15,11,8,5,2	12,9,7,5,2	21,19,18,10,8	runs\wave4_reeve-weight-ladder-r5\arm2_2.jsonl
6		91	1750	1451	1826	1	1,84,619,827,213,6,0	15,11,8,5,2	12,9,7,5,2	22,21,14,10,9	runs\wave4_reeve-weight-ladder-r5\arm2_2.jsonl
6		127	3498	908	1039	1	1,120,1099,1734,526,18,0	15,11,8,5,2	12,9,7,5,2	22,21,14,11,8	runs\wave4_reeve-weight-ladder-r5\arm2_2.jsonl
6		137	3800	2961	3370	1	1,130,1194,1881,573,21,0	15,11,8,5,2	12,9,7,5,2	21,19,15,14,7	runs\wave4_reeve-weight-ladder-r5\arm2_2.jsonl
6		143	4146	3193	3616	1	1,136,1266,2055,661,27,0	15,11,8,5,2	12,9,7,5,2	22,20,14,13,7	runs\wave4_reeve-weight-ladder-r5\arm2_2.jsonl
6		144	4158	3223	3633	1	1,137,1301,2080,621,18,0	15,11,8,5,2	12,9,7,5,2	22,19,16,13,6	runs\wave4_reeve-weight-ladder-r5\arm2_2.jsonl
6		147	3928	3085	3522	1	1,140,1252,1933,581,21,0	15,11,8,5,2	12,9,7,5,2	23,20,14,10,9	runs\wave4_reeve-weight-ladder-r5\arm2_2.jsonl
6		162	5140	3906	4339	1	1,155,1529,2572,848,35,0	15,11,8,5,2	12,9,7,5,2	21,19,17,12,7	runs\wave4_reeve-weight-ladder-r5\arm2_2.jsonl
6		50	574	173	275	1	1,43,236,246,47,1,0	15,11,8,5,2	12,9,7,5,2	19,18,16,15,8	runs\wave4_reeve-weight-ladder-r5\arm2_2.jsonl
6		50	546	497	809	1	1,43,226,230,45,1,0	15,11,8,5,2	12,9,7,5,2	20,19,18,10,9	runs\wave4_reeve-weight-ladder-r5\arm2_2.jsonl
6		62	736	671	1013	1	1,55,306,314,59,1,0	15,11,8,5,2	12,9,7,5,2	19,18,17,14,8	runs\wave4_reeve-weight-ladder-r5\arm2_2.jsonl
6		65	822	745	1086	1	1,58,340,357,65,1,0	15,11,8,5,2	12,9,7,5,2	20,18,16,15,7	runs\wave4_reeve-weight-ladder-r5\arm2_2.jsonl
6		72	1098	953	1299	1	1,65,420,496,113,3,0	15,11,8,5,2	12,9,7,5,2	20,19,18,11,8	runs\wave4_reeve-weight-ladder-r5\arm2_2.jsonl
6		81	1550	183	233	1	1,74,544,732,193,6,0	15,11,8,5,2	12,9,7,5,2	19,18,17,12,10	runs\wave4_reeve-weight-ladder-r5\arm2_2.jsonl
6		83	1106	335	464	1	1,76,460,483,85,1,0	15,11,8,5,2	12,9,7,5,2	20,18,17,14,7	runs\wave4_reeve-weight-ladder-r5\arm2_2.jsonl
6		88	1660	461	583	1	1,81,591,780,201,6,0	15,11,8,5,2	12,9,7,5,2	19,18,17,13,9	runs\wave4_reeve-weight-ladder-r5\arm2_2.jsonl
6		98	1788	1521	1904	1	1,91,669,841,183,3,0	15,11,8,5,2	12,9,7,5,2	20,19,16,14,7	runs\wave4_reeve-weight-ladder-r5\arm2_2.jsonl
6		101	1792	1531	1930	1	1,94,674,837,183,3,0	15,11,8,5,2	12,9,7,5,2	20,19,17,13,7	runs\wave4_reeve-weight-ladder-r5\arm2_2.jsonl
6		122	3032	2407	2809	1	1,115,988,1482,431,15,0	15,11,8,5,2	12,9,7,5,2	20,19,15,14,8	runs\wave4_reeve-weight-ladder-r5\arm2_2.jsonl
6		131	3848	2949	3349	1	1,124,1161,1908,627,27,0	15,11,8,5,2	12,9,7,5,2	20,19,17,11,9	runs\wave4_reeve-weight-ladder-r5\arm2_2.jsonl
6		139	3770	2948	3367	1	1,132,1190,1858,568,21,0	15,11,8,5,2	12,9,7,5,2	20,18,17,13,8	runs\wave4_reeve-weight-ladder-r5\arm2_2.jsonl
6		143	4132	3189	3608	1	1,136,1268,2047,653,27,0	15,11,8,5,2	12,9,7,5,2	20,19,17,12,8	runs\wave4_reeve-weight-ladder-r5\arm2_2.jsonl
6		160	5448	370	409	1	1,153,1549,2724,972,49,0	15,11,8,5,2	12,9,7,5,2	20,18,17,12,9	runs\wave4_reeve-weight-ladder-r5\arm2_2.jsonl
6		173	6084	4541	4971	1	1,166,1743,3074,1055,45,0	15,11,8,5,2	12,9,7,5,2	20,19,16,13,8	runs\wave4_reeve-weight-ladder-r5\arm2_2.jsonl
6		24	80	88	335	1	1,17,44,18,0,0,0	15,11,8,5,2	12,9,7,5,2	18,17,16,15,10	runs\wave4_reeve-weight-ladder-r5\arm2_2.jsonl
6		82	1630	1339	1685	1	1,75,567,776,205,6,0	15,11,8,5,2	12,9,7,5,2	19,18,16,12,11	runs\wave4_reeve-weight-ladder-r5\arm2_2.jsonl
6		89	1742	1439	1806	1	1,82,613,827,213,6,0	15,11,8,5,2	12,9,7,5,2	19,18,15,14,10	runs\wave4_reeve-weight-ladder-r5\arm2_2.jsonl
6		97	2206	883	1068	1	1,90,730,1069,306,10,0	15,11,8,5,2	12,9,7,5,2	19,18,16,14,9	runs\wave4_reeve-weight-ladder-r5\arm2_2.jsonl
6		113	2802	1108	1303	1	1,106,905,1369,406,15,0	15,11,8,5,2	12,9,7,5,2	20,17,16,12,11	runs\wave4_reeve-weight-ladder-r5\arm2_2.jsonl
6		117	3262	1262	1451	1	1,110,1010,1619,504,18,0	15,11,8,5,2	12,9,7,5,2	19,18,16,13,10	runs\wave4_reeve-weight-ladder-r5\arm2_2.jsonl
6		135	3840	185	211	1	1,128,1171,1895,618,27,0	15,11,8,5,2	12,9,7,5,2	20,17,16,14,9	runs\wave4_reeve-weight-ladder-r5\arm2_2.jsonl
6		139	4296	817	918	1	1,132,1280,2145,708,30,0	15,11,8,5,2	12,9,7,5,2	20,19,16,11,10	runs\wave4_reeve-weight-ladder-r5\arm2_2.jsonl
6		149	4804	3625	4042	1	1,142,1404,2405,817,35,0	15,11,8,5,2	12,9,7,5,2	20,18,16,14,8	runs\wave4_reeve-weight-ladder-r5\arm2_2.jsonl
6		162	5624	2097	2309	1	1,155,1602,2831,990,45,0	15,11,8,5,2	12,9,7,5,2	20,17,16,13,10	runs\wave4_reeve-weight-ladder-r5\arm2_2.jsonl
6		33	140	158	441	1	1,26,79,34,0,0,0	15,11,8,5,2	12,9,7,5,2	18,17,16,14,11	runs\wave4_reeve-weight-ladder-r5\arm2_2.jsonl
6		68	876	793	1141	1	1,61,362,382,69,1,0	15,11,8,5,2	12,9,7,5,2	19,17,15,14,11	runs\wave4_reeve-weight-ladder-r5\arm2_2.jsonl
6		79	1360	1157	1507	1	1,72,507,634,143,3,0	15,11,8,5,2	12,9,7,5,2	19,17,16,13,11	runs\wave4_reeve-weight-ladder-r5\arm2_2.jsonl
6		81	1360	1161	1523	1	1,74,509,630,143,3,0	15,11,8,5,2	12,9,7,5,2	19,17,16,14,10	runs\wave4_reeve-weight-ladder-r5\arm2_2.jsonl
6		95	2204	1760	2119	1	1,88,727,1072,306,10,0	15,11,8,5,2	12,9,7,5,2	19,18,15,13,11	runs\wave4_reeve-weight-ladder-r5\arm2_2.jsonl
6		108	2666	2103	2488	1	1,101,855,1301,393,15,0	15,11,8,5,2	12,9,7,5,2	20,18,17,11,10	runs\wave4_reeve-weight-ladder-r5\arm2_2.jsonl
6		139	4292	1632	1835	1	1,132,1278,2143,708,30,0	15,11,8,5,2	12,9,7,5,2	20,19,14,13,10	runs\wave4_reeve-weight-ladder-r5\arm2_2.jsonl
6		142	4652	3494	3899	1	1,135,1345,2332,804,35,0	15,11,8,5,2	12,9,7,5,2	20,17,15,13,11	runs\wave4_reeve-weight-ladder-r5\arm2_2.jsonl
6		54	656	593	903	1	1,47,270,284,53,1,0	15,11,8,5,2	12,9,7,5,2	19,17,15,13,12	runs\wave4_reeve-weight-ladder-r5\arm2_2.jsonl
6		23	58	34	157	1	1,16,34,7,0,0,0	7,5,3,1	8,6,4,1	14,9,7,4,1	runs\wave4_reeve-weight-ladder-r5\arm2_3.jsonl
6		19	52	58	277	1	1,12,29,10,0,0,0	7,5,3,1	8,6,4,1	14,10,6,3,2	runs\wave4_reeve-weight-ladder-r5\arm2_3.jsonl
6		24	100	55	172	1	1,17,55,27,0,0,0	7,5,3,1	8,6,4,1	14,8,7,4,2	runs\wave4_reeve-weight-ladder-r5\arm2_3.jsonl
6		24	98	53	172	1	1,17,53,27,0,0,0	7,5,3,1	8,6,4,1	14,9,7,3,2	runs\wave4_reeve-weight-ladder-r5\arm2_3.jsonl
6		28	130	48	131	1	1,21,72,36,0,0,0	7,5,3,1	8,6,4,1	11,10,7,6,1	runs\wave4_reeve-weight-ladder-r5\arm2_3.jsonl
6		33	160	44	113	1	1,26,88,45,0,0,0	7,5,3,1	8,6,4,1	13,9,8,4,1	runs\wave4_reeve-weight-ladder-r5\arm2_3.jsonl
6		37	232	82	175	1	1,30,123,78,0,0,0	7,5,3,1	8,6,4,1	11,10,8,5,1	runs\wave4_reeve-weight-ladder-r5\arm2_3.jsonl
6		42	434	79	136	1	1,35,179,181,37,1,0	7,5,3,1	8,6,4,1	13,10,7,3,2	runs\wave4_reeve-weight-ladder-r5\arm2_3.jsonl
6		43	320	334	623	1	1,36,167,116,0,0,0	7,5,3,1	8,6,4,1	12,10,8,4,1	runs\wave4_reeve-weight-ladder-r5\arm2_3.jsonl
6		43	480	431	715	1	1,36,195,206,41,1,0	7,5,3,1	8,6,4,1	13,8,7,5,2	runs\wave4_reeve-weight-ladder-r5\arm2_3.jsonl
6		45	344	358	653	1	1,38,179,126,0,0,0	7,5,3,1	8,6,4,1	12,10,7,5,1	runs\wave4_reeve-weight-ladder-r5\arm2_3.jsonl
6		48	682	577	872	1	1,41,249,309,79,3,0	7,5,3,1	8,6,4,1	11,8,7,5,4	runs\wave4_reeve-weight-ladder-r5\arm2_3.jsonl
6		60	1112	452	607	1	1,53,377,525,150,6,0	7,5,3,1	8,6,4,1	12,8,7,5,3	runs\wave4_reeve-weight-ladder-r5\arm2_3.jsonl
6		27	104	114	373	1	1,20,57,26,0,0,0	7,5,3,1	8,6,4,1	13,10,5,4,3	runs\wave4_reeve-weight-ladder-r5\arm2_3.jsonl
6		28	128	140	393	1	1,21,70,36,0,0,0	7,5,3,1	8,6,4,1	14,9,6,4,2	runs\wave4_reeve-weight-ladder-r5\arm2_3.jsonl
6		35	332	301	566	1	1,28,136,137,29,1,0	7,5,3,1	8,6,4,1	13,9,8,3,2	runs\wave4_reeve-weight-ladder-r5\arm2_3.jsonl
6		40	260	276	565	1	1,33,138,88,0,0,0	7,5,3,1	8,6,4,1	12,9,8,5,1	runs\wave4_reeve-weight-ladder-r5\arm2_3.jsonl
6		47	534	479	779	1	1,40,217,230,45,1,0	7,5,3,1	8,6,4,1	13,9,6,4,3	runs\wave4_reeve-weight-ladder-r5\arm2_3.jsonl
6		47	534	481	778	1	1,40,218,229,45,1,0	7,5,3,1	8,6,4,1	13,9,6,5,2	runs\wave4_reeve-weight-ladder-r5\arm2_3.jsonl
6		47	660	281	425	1	1,40,243,297,76,3,0	7,5,3,1	8,6,4,1	11,9,6,5,4	runs\wave4_reeve-weight-ladder-r5\arm2_3.jsonl
6		48	540	163	263	1	1,41,222,230,45,1,0	7,5,3,1	8,6,4,1	13,10,6,4,2	runs\wave4_reeve-weight-ladder-r5\arm2_3.jsonl
6		55	990	801	1106	1	1,48,333,467,135,6,0	7,5,3,1	8,6,4,1	11,9,8,4,3	runs\wave4_reeve-weight-ladder-r5\arm2_3.jsonl
6		56	1016	118	161	1	1,49,344,478,138,6,0	7,5,3,1	8,6,4,1	11,10,8,4,2	runs\wave4_reeve-weight-ladder-r5\arm2_3.jsonl
6		63	1190	969	1282	1	1,56,405,563,159,6,0	7,5,3,1	8,6,4,1	12,9,6,5,3	runs\wave4_reeve-weight-ladder-r5\arm2_3.jsonl
6		69	1496	1183	1507	1	1,62,480,720,223,10,0	7,5,3,1	8,6,4,1	12,9,7,4,3	runs\wave4_reeve-weight-ladder-r5\arm2_3.jsonl
6		70	1528	303	383	1	1,63,493,735,226,10,0	7,5,3,1	8,6,4,1	12,10,7,4,2	runs\wave4_reeve-weight-ladder-r5\arm2_3.jsonl
6		28	234	211	454	1	1,21,95,95,21,1,0	7,5,3,1	8,6,4,1	11,10,9,3,2	runs\wave4_reeve-weight-ladder-r5\arm2_3.jsonl
6		36	352	319	585	1	1,29,144,146,31,1,0	7,5,3,1	8,6,4,1	10,9,8,6,2	runs\wave4_reeve-weight-ladder-r5\arm2_3.jsonl
6		40	430	385	663	1	1,33,174,184,37,1,0	7,5,3,1	8,6,4,1	13,8,7,4,3	runs\wave4_reeve-weight-ladder-r5\arm2_3.jsonl
6		40	412	373	652	1	1,33,169,173,35,1,0	7,5,3,1	8,6,4,1	12,11,6,4,2	runs\wave4_reeve-weight-ladder-r5\arm2_3.jsonl
6		41	432	391	671	1	1,34,177,182,37,1,0	7,5,3,1	8,6,4,1	13,8,6,5,3	runs\wave4_reeve-weight-ladder-r5\arm2_3.jsonl
6		46	664	565	843	1	1,39,244,300,77,3,0	7,5,3,1	8,6,4,1	12,10,8,3,2	runs\wave4_reeve-weight-ladder-r5\arm2_3.jsonl
6		50	784	73	105	1	1,43,282,362,93,3,0	7,5,3,1	8,6,4,1	11,10,6,5,3	runs\wave4_reeve-weight-ladder-r5\arm2_3.jsonl
6		54	840	710	1009	1	1,47,307,386,96,3,0	7,5,3,1	8,6,4,1	12,10,6,4,3	runs\wave4_reeve-weight-ladder-r5\arm2_3.jsonl
6		54	840	711	1009	1	1,47,308,386,95,3,0	7,5,3,1	8,6,4,1	12,10,6,5,2	runs\wave4_reeve-weight-ladder-r5\arm2_3.jsonl
6		58	914	771	1084	1	1,51,333,421,105,3,0	7,5,3,1	8,6,4,1	13,9,7,4,2	runs\wave4_reeve-weight-ladder-r5\arm2_3.jsonl
6		58	1066	288	391	1	1,51,360,504,144,6,0	7,5,3,1	8,6,4,1	11,10,7,4,3	runs\wave4_reeve-weight-ladder-r5\arm2_3.jsonl
6		60	1116	227	304	1	1,53,379,527,150,6,0	7,5,3,1	8,6,4,1	12,9,8,4,2	runs\wave4_reeve-weight-ladder-r5\arm2_3.jsonl
6		61	1136	923	1236	1	1,54,385,537,153,6,0	7,5,3,1	8,6,4,1	11,9,8,5,2	runs\wave4_reeve-weight-ladder-r5\arm2_3.jsonl
6		40	404	367	647	1	1,33,166,168,35,1,0	7,5,3,1	8,6,4,1	12,8,6,5,4	runs\wave4_reeve-weight-ladder-r5\arm2_3.jsonl
6		46	656	553	841	1	1,39,238,298,77,3,0	7,5,3,1	8,6,4,1	10,9,7,6,3	runs\wave4_reeve-weight-ladder-r5\arm2_3.jsonl
6		46	680	573	853	1	1,39,246,310,81,3,0	7,5,3,1	8,6,4,1	10,9,8,5,3	runs\wave4_reeve-weight-ladder-r5\arm2_3.jsonl
6		49	682	194	293	1	1,42,252,306,78,3,0	7,5,3,1	8,6,4,1	11,8,7,6,3	runs\wave4_reeve-weight-ladder-r5\arm2_3.jsonl
6		62	1190	964	1275	1	1,55,402,566,160,6,0	7,5,3,1	8,6,4,1	11,10,7,5,2	runs\wave4_reeve-weight-ladder-r5\arm2_3.jsonl
6		78	2124	1609	1939	1	1,71,618,1040,373,21,0	7,5,3,1	8,6,4,1	11,9,7,5,3	runs\wave4_reeve-weight-ladder-r5\arm2_3.jsonl
6		35	328	99	188	1	1,28,134,135,29,1,0	7,5,3,1	8,6,4,1	10,8,7,6,4	runs\wave4_reeve-weight-ladder-r5\arm2_3.jsonl
6		44	632	531	811	1	1,37,228,288,75,3,0	7,5,3,1	8,6,4,1	10,9,7,5,4	runs\wave4_reeve-weight-ladder-r5\arm2_3.jsonl
6		54	854	715	1018	1	1,47,307,395,101,3,0	7,5,3,1	8,6,4,1	11,9,7,6,2	runs\wave4_reeve-weight-ladder-r5\arm2_3.jsonl
6		76	904	833	1221	1	1,69,382,382,69,1,0	14,11,8,5,3	16,12,9,6,3	24,23,20,11,9	runs\wave4_reeve-weight-ladder-r5\arm2_4.jsonl
6		112	2012	1737	2141	1	1,105,772,938,193,3,0	14,11,8,5,3	16,12,9,6,3	28,21,17,13,8	runs\wave4_reeve-weight-ladder-r5\arm2_4.jsonl
6		114	2102	1799	2210	1	1,107,795,987,209,3,0	14,11,8,5,3	16,12,9,6,3	27,23,15,13,9	runs\wave4_reeve-weight-ladder-r5\arm2_4.jsonl
6		120	2432	2033	2449	1	1,113,882,1162,269,5,0	14,11,8,5,3	16,12,9,6,3	28,20,17,14,8	runs\wave4_reeve-weight-ladder-r5\arm2_4.jsonl
6		157	3632	2977	3430	1	1,150,1269,1763,439,10,0	14,11,8,5,3	16,12,9,6,3	26,23,17,13,8	runs\wave4_reeve-weight-ladder-r5\arm2_4.jsonl
6		180	5294	4114	4571	1	1,173,1666,2650,782,22,0	14,11,8,5,3	16,12,9,6,3	25,23,17,14,8	runs\wave4_reeve-weight-ladder-r5\arm2_4.jsonl
6		190	5818	4485	4952	1	1,183,1791,2905,903,35,0	14,11,8,5,3	16,12,9,6,3	27,22,17,12,9	runs\wave4_reeve-weight-ladder-r5\arm2_4.jsonl
6		192	5828	4501	4972	1	1,185,1799,2905,903,35,0	14,11,8,5,3	16,12,9,6,3	26,23,17,12,9	runs\wave4_reeve-weight-ladder-r5\arm2_4.jsonl
6		57	428	462	793	1	1,50,231,146,0,0,0	14,11,8,5,3	16,12,9,6,3	29,21,15,13,9	runs\wave4_reeve-weight-ladder-r5\arm2_4.jsonl
6		59	400	37	66	1	1,52,222,125,0,0,0	14,11,8,5,3	16,12,9,6,3	28,21,17,14,7	runs\wave4_reeve-weight-ladder-r5\arm2_4.jsonl
6		73	700	362	539	1	1,66,362,271,0,0,0	14,11,8,5,3	16,12,9,6,3	29,20,15,13,10	runs\wave4_reeve-weight-ladder-r5\arm2_4.jsonl
6		76	728	29	43	1	1,69,377,281,0,0,0	14,11,8,5,3	16,12,9,6,3	29,20,16,12,10	runs\wave4_reeve-weight-ladder-r5\arm2_4.jsonl
6		83	1304	565	753	1	1,76,499,593,132,3,0	14,11,8,5,3	16,12,9,6,3	25,24,17,11,10	runs\wave4_reeve-weight-ladder-r5\arm2_4.jsonl
6		91	936	966	1355	1	1,84,483,368,0,0,0	14,11,8,5,3	16,12,9,6,3	26,21,19,14,7	runs\wave4_reeve-weight-ladder-r5\arm2_4.jsonl
6		104	1136	1164	1573	1	1,97,582,456,0,0,0	14,11,8,5,3	16,12,9,6,3	26,22,18,14,7	runs\wave4_reeve-weight-ladder-r5\arm2_4.jsonl
6		146	3944	3103	3524	1	1,139,1268,1951,567,18,0	14,11,8,5,3	16,12,9,6,3	26,21,19,11,10	runs\wave4_reeve-weight-ladder-r5\arm2_4.jsonl
6		168	4756	76	85	1	1,161,1516,2364,692,22,0	14,11,8,5,3	16,12,9,6,3	26,22,18,11,10	runs\wave4_reeve-weight-ladder-r5\arm2_4.jsonl
6		191	6792	5073	5521	1	1,184,1951,3436,1171,49,0	14,11,8,5,3	16,12,9,6,3	26,23,15,13,10	runs\wave4_reeve-weight-ladder-r5\arm2_4.jsonl
6		95	1674	205	259	1	1,88,633,780,169,3,0	14,11,8,5,3	16,12,9,6,3	26,24,15,13,9	runs\wave4_reeve-weight-ladder-r5\arm2_4.jsonl
6		118	3046	1201	1393	1	1,111,983,1501,436,14,0	14,11,8,5,3	16,12,9,6,3	25,24,15,13,10	runs\wave4_reeve-weight-ladder-r5\arm2_4.jsonl
6		124	3138	1244	1443	1	1,117,1023,1541,442,14,0	14,11,8,5,3	16,12,9,6,3	25,24,16,12,10	runs\wave4_reeve-weight-ladder-r5\arm2_4.jsonl
6		139	3746	2948	3357	1	1,132,1211,1862,526,14,0	14,11,8,5,3	16,12,9,6,3	28,21,15,13,10	runs\wave4_reeve-weight-ladder-r5\arm2_4.jsonl
6		145	3866	3056	3473	1	1,138,1261,1918,534,14,0	14,11,8,5,3	16,12,9,6,3	28,21,16,12,10	runs\wave4_reeve-weight-ladder-r5\arm2_4.jsonl
6		197	5892	328	361	1	1,190,1876,2963,840,22,0	14,11,8,5,3	16,12,9,6,3	26,22,18,13,8	runs\wave4_reeve-weight-ladder-r5\arm2_4.jsonl
6		71	1126	964	1309	1	1,64,422,516,120,3,0	14,11,8,5,3	16,12,9,6,3	25,24,14,13,11	runs\wave4_reeve-weight-ladder-r5\arm2_4.jsonl
6		84	1378	1183	1557	1	1,77,520,634,143,3,0	14,11,8,5,3	16,12,9,6,3	28,21,14,13,11	runs\wave4_reeve-weight-ladder-r5\arm2_4.jsonl
6		126	2566	215	257	1	1,119,931,1221,288,6,0	14,11,8,5,3	16,12,9,6,3	25,21,20,13,8	runs\wave4_reeve-weight-ladder-r5\arm2_4.jsonl
6		129	3280	2605	3007	1	1,122,1074,1612,457,14,0	14,11,8,5,3	16,12,9,6,3	25,24,16,13,9	runs\wave4_reeve-weight-ladder-r5\arm2_4.jsonl
6		151	4044	3202	3623	1	1,144,1325,2008,552,14,0	14,11,8,5,3	16,12,9,6,3	28,21,16,13,9	runs\wave4_reeve-weight-ladder-r5\arm2_4.jsonl
6		90	1698	1416	1787	1	1,83,606,798,204,6,0	14,11,8,5,3	16,12,9,6,3	25,24,15,12,11	runs\wave4_reeve-weight-ladder-r5\arm2_4.jsonl
6		106	2084	871	1067	1	1,99,749,985,244,6,0	14,11,8,5,3	16,12,9,6,3	28,21,15,12,11	runs\wave4_reeve-weight-ladder-r5\arm2_4.jsonl
6		118	2602	2123	2528	1	1,111,894,1251,335,10,0	14,11,8,5,3	16,12,9,6,3	25,24,17,12,9	runs\wave4_reeve-weight-ladder-r5\arm2_4.jsonl
6		136	3394	59	68	1	1,129,1129,1667,456,12,0	14,11,8,5,3	16,12,9,6,3	28,20,16,12,11	runs\wave4_reeve-weight-ladder-r5\arm2_4.jsonl
6		137	3216	871	1011	1	1,130,1104,1566,405,10,0	14,11,8,5,3	16,12,9,6,3	28,21,17,12,9	runs\wave4_reeve-weight-ladder-r5\arm2_4.jsonl
6		146	3782	2992	3429	1	1,139,1221,1850,550,21,0	14,11,8,5,3	16,12,9,6,3	26,23,15,12,11	runs\wave4_reeve-weight-ladder-r5\arm2_4.jsonl
6		152	4144	3257	3685	1	1,145,1326,2046,605,21,0	14,11,8,5,3	16,12,9,6,3	25,21,20,12,9	runs\wave4_reeve-weight-ladder-r5\arm2_4.jsonl
6		165	4292	686	775	1	1,158,1431,2120,568,14,0	14,11,8,5,3	16,12,9,6,3	25,23,18,13,8	runs\wave4_reeve-weight-ladder-r5\arm2_4.jsonl
6		194	6864	5127	5584	1	1,187,1963,3457,1201,55,0	14,11,8,5,3	16,12,9,6,3	24,21,20,13,9	runs\wave4_reeve-weight-ladder-r5\arm2_4.jsonl
6		46	492	447	746	1	1,39,203,207,41,1,0	14,11,8,5,3	16,12,9,6,3	23,22,21,11,10	runs\wave4_reeve-weight-ladder-r5\arm2_4.jsonl
6		54	600	547	872	1	1,47,249,253,49,1,0	14,11,8,5,3	16,12,9,6,3	23,22,21,13,8	runs\wave4_reeve-weight-ladder-r5\arm2_4.jsonl
6		57	666	607	933	1	1,50,277,284,53,1,0	14,11,8,5,3	16,12,9,6,3	24,22,21,11,9	runs\wave4_reeve-weight-ladder-r5\arm2_4.jsonl
6		66	984	849	1187	1	1,59,372,444,105,3,0	14,11,8,5,3	16,12,9,6,3	23,22,21,12,9	runs\wave4_reeve-weight-ladder-r5\arm2_4.jsonl
6		107	2018	1699	2105	1	1,100,734,946,231,6,0	14,11,8,5,3	16,12,9,6,3	24,23,19,11,10	runs\wave4_reeve-weight-ladder-r5\arm2_4.jsonl
6		115	2504	2038	2449	1	1,108,855,1202,328,10,0	14,11,8,5,3	16,12,9,6,3	26,23,14,13,11	runs\wave4_reeve-weight-ladder-r5\arm2_4.jsonl
6		126	2502	2110	2531	1	1,119,916,1182,278,6,0	14,11,8,5,3	16,12,9,6,3	24,23,19,13,8	runs\wave4_reeve-weight-ladder-r5\arm2_4.jsonl
6		149	4486	1717	1929	1	1,142,1349,2225,736,33,0	14,11,8,5,3	16,12,9,6,3	23,22,20,13,9	runs\wave4_reeve-weight-ladder-r5\arm2_4.jsonl
6		153	4030	3188	3627	1	1,146,1304,1978,580,21,0	14,11,8,5,3	16,12,9,6,3	24,23,19,12,9	runs\wave4_reeve-weight-ladder-r5\arm2_4.jsonl
6		155	4844	3685	4113	1	1,148,1441,2416,803,35,0	14,11,8,5,3	16,12,9,6,3	24,22,20,12,9	runs\wave4_reeve-weight-ladder-r5\arm2_4.jsonl
6		156	3868	3116	3559	1	1,149,1308,1898,500,12,0	14,11,8,5,3	16,12,9,6,3	24,23,18,14,8	runs\wave4_reeve-weight-ladder-r5\arm2_4.jsonl
6		157	4522	3521	3944	1	1,150,1425,2253,671,22,0	14,11,8,5,3	16,12,9,6,3	25,22,19,11,10	runs\wave4_reeve-weight-ladder-r5\arm2_4.jsonl
6		185	5596	2171	2394	1	1,178,1764,2817,814,22,0	14,11,8,5,3	16,12,9,6,3	25,22,19,13,8	runs\wave4_reeve-weight-ladder-r5\arm2_4.jsonl
6		106	2074	1736	2129	1	1,99,748,980,240,6,0	14,11,8,5,3	16,12,9,6,3	25,21,20,11,10	runs\wave4_reeve-weight-ladder-r5\arm2_4.jsonl
6		107	2086	134	165	1	1,100,749,986,244,6,0	14,11,8,5,3	16,12,9,6,3	23,22,20,14,8	runs\wave4_reeve-weight-ladder-r5\arm2_4.jsonl
6		123	2962	795	926	1	1,116,1002,1453,381,9,0	14,11,8,5,3	16,12,9,6,3	23,22,18,16,8	runs\wave4_reeve-weight-ladder-r5\arm2_4.jsonl
6		128	2988	2415	2831	1	1,121,1013,1454,389,10,0	14,11,8,5,3	16,12,9,6,3	24,22,20,13,8	runs\wave4_reeve-weight-ladder-r5\arm2_4.jsonl
6		132	3084	2501	2919	1	1,125,1056,1504,389,9,0	14,11,8,5,3	16,12,9,6,3	24,23,17,15,8	runs\wave4_reeve-weight-ladder-r5\arm2_4.jsonl
6		136	4178	3175	3579	1	1,129,1236,2076,703,33,0	14,11,8,5,3	16,12,9,6,3	23,22,20,12,10	runs\wave4_reeve-weight-ladder-r5\arm2_4.jsonl
6		140	3564	2846	3259	1	1,133,1186,1758,474,12,0	14,11,8,5,3	16,12,9,6,3	23,22,19,15,8	runs\wave4_reeve-weight-ladder-r5\arm2_4.jsonl
6		140	3202	2611	3050	1	1,133,1107,1555,397,9,0	14,11,8,5,3	16,12,9,6,3	24,21,20,14,8	runs\wave4_reeve-weight-ladder-r5\arm2_4.jsonl
6		172	6158	1525	1668	1	1,165,1737,3101,1101,53,0	14,11,8,5,3	16,12,9,6,3	23,22,19,12,11	runs\wave4_reeve-weight-ladder-r5\arm2_4.jsonl
6		176	6378	4731	5161	1	1,169,1792,3214,1147,55,0	14,11,8,5,3	16,12,9,6,3	24,21,20,12,10	runs\wave4_reeve-weight-ladder-r5\arm2_4.jsonl
6		192	6710	2509	2740	1	1,185,1923,3375,1172,54,0	14,11,8,5,3	16,12,9,6,3	24,23,17,12,11	runs\wave4_reeve-weight-ladder-r5\arm2_4.jsonl
6		195	6496	4936	5383	1	1,188,1954,3294,1028,31,0	14,11,8,5,3	16,12,9,6,3	24,22,19,14,8	runs\wave4_reeve-weight-ladder-r5\arm2_4.jsonl
6		93	1788	1484	1863	1	1,86,633,844,218,6,0	14,11,8,5,3	16,12,9,6,3	23,20,19,17,8	runs\wave4_reeve-weight-ladder-r5\arm2_4.jsonl
6		102	2142	1760	2139	1	1,95,750,1030,260,6,0	14,11,8,5,3	16,12,9,6,3	23,21,18,17,8	runs\wave4_reeve-weight-ladder-r5\arm2_4.jsonl
6		114	2262	630	767	1	1,107,814,1072,262,6,0	14,11,8,5,3	16,12,9,6,3	23,21,20,15,8	runs\wave4_reeve-weight-ladder-r5\arm2_4.jsonl
6		130	3758	1444	1645	1	1,123,1141,1861,606,26,0	14,11,8,5,3	16,12,9,6,3	23,21,20,12,11	runs\wave4_reeve-weight-ladder-r5\arm2_4.jsonl
6		138	3510	2802	3211	1	1,131,1166,1730,470,12,0	14,11,8,5,3	16,12,9,6,3	24,22,17,16,8	runs\wave4_reeve-weight-ladder-r5\arm2_4.jsonl
6		142	3958	1029	1166	1	1,135,1243,1955,601,23,0	14,11,8,5,3	16,12,9,6,3	22,21,20,14,10	runs\wave4_reeve-weight-ladder-r5\arm2_4.jsonl
6		150	4384	3391	3809	1	1,143,1358,2182,675,25,0	14,11,8,5,3	16,12,9,6,3	24,23,16,15,9	runs\wave4_reeve-weight-ladder-r5\arm2_4.jsonl
6		162	5234	3971	4394	1	1,155,1555,2627,861,35,0	14,11,8,5,3	16,12,9,6,3	23,22,17,16,9	runs\wave4_reeve-weight-ladder-r5\arm2_4.jsonl
6		179	6020	4528	4979	1	1,172,1745,3016,1038,48,0	14,11,8,5,3	16,12,9,6,3	23,21,20,14,9	runs\wave4_reeve-weight-ladder-r5\arm2_4.jsonl
6		42	432	23	40	1	1,35,177,181,37,1,0	14,11,8,5,3	16,12,9,6,3	22,20,19,18,8	runs\wave4_reeve-weight-ladder-r5\arm2_4.jsonl
6		66	770	101	152	1	1,59,323,325,61,1,0	14,11,8,5,3	16,12,9,6,3	22,21,20,16,8	runs\wave4_reeve-weight-ladder-r5\arm2_4.jsonl
6		72	1200	1019	1359	1	1,65,444,556,131,3,0	14,11,8,5,3	16,12,9,6,3	22,21,19,17,8	runs\wave4_reeve-weight-ladder-r5\arm2_4.jsonl
6		81	1404	1175	1548	1	1,74,501,649,173,6,0	14,11,8,5,3	16,12,9,6,3	21,20,19,17,10	runs\wave4_reeve-weight-ladder-r5\arm2_4.jsonl
6		108	2772	2158	2549	1	1,101,859,1350,440,21,0	14,11,8,5,3	16,12,9,6,3	22,20,19,17,9	runs\wave4_reeve-weight-ladder-r5\arm2_4.jsonl
6		108	2682	2117	2496	1	1,101,861,1309,395,15,0	14,11,8,5,3	16,12,9,6,3	22,21,18,17,9	runs\wave4_reeve-weight-ladder-r5\arm2_4.jsonl
6		114	2434	1996	2399	1	1,107,842,1162,312,10,0	14,11,8,5,3	16,12,9,6,3	22,21,20,15,9	runs\wave4_reeve-weight-ladder-r5\arm2_4.jsonl
6		122	3272	2557	2946	1	1,115,1031,1611,495,19,0	14,11,8,5,3	16,12,9,6,3	22,21,20,13,11	runs\wave4_reeve-weight-ladder-r5\arm2_4.jsonl
6		134	3516	2769	3181	1	1,127,1126,1726,517,19,0	14,11,8,5,3	16,12,9,6,3	23,19,18,17,10	runs\wave4_reeve-weight-ladder-r5\arm2_4.jsonl
6		146	3820	3029	3452	1	1,139,1249,1885,531,15,0	14,11,8,5,3	16,12,9,6,3	24,20,19,16,8	runs\wave4_reeve-weight-ladder-r5\arm2_4.jsonl
6		150	4952	931	1034	1	1,143,1436,2481,852,39,0	14,11,8,5,3	16,12,9,6,3	22,21,19,16,9	runs\wave4_reeve-weight-ladder-r5\arm2_4.jsonl
6		153	4998	3761	4185	1	1,146,1446,2494,869,42,0	14,11,8,5,3	16,12,9,6,3	23,20,18,17,9	runs\wave4_reeve-weight-ladder-r5\arm2_4.jsonl
6		189	6586	4952	5389	1	1,182,1938,3356,1076,33,0	14,11,8,5,3	16,12,9,6,3	24,21,18,16,8	runs\wave4_reeve-weight-ladder-r5\arm2_4.jsonl
6		38	354	321	604	1	1,31,145,145,31,1,0	14,11,8,5,3	16,12,9,6,3	21,20,19,18,9	runs\wave4_reeve-weight-ladder-r5\arm2_4.jsonl
6		82	1502	1261	1610	1	1,75,543,703,175,5,0	14,11,8,5,3	16,12,9,6,3	21,20,19,14,13	runs\wave4_reeve-weight-ladder-r5\arm2_4.jsonl
6		97	1872	1551	1945	1	1,90,662,886,227,6,0	14,11,8,5,3	16,12,9,6,3	21,20,18,17,11	runs\wave4_reeve-weight-ladder-r5\arm2_4.jsonl
6		116	2580	21	25	1	1,109,883,1243,334,10,0	14,11,8,5,3	16,12,9,6,3	22,19,18,17,11	runs\wave4_reeve-weight-ladder-r5\arm2_4.jsonl
6		120	2906	2321	2718	1	1,113,955,1411,411,15,0	14,11,8,5,3	16,12,9,6,3	21,20,19,16,11	runs\wave4_reeve-weight-ladder-r5\arm2_4.jsonl
6		125	3248	2565	2956	1	1,118,1049,1597,467,16,0	14,11,8,5,3	16,12,9,6,3	21,20,19,15,12	runs\wave4_reeve-weight-ladder-r5\arm2_4.jsonl
6		147	4800	3605	4023	1	1,140,1380,2392,845,42,0	14,11,8,5,3	16,12,9,6,3	22,20,18,17,10	runs\wave4_reeve-weight-ladder-r5\arm2_4.jsonl
6		153	5316	1983	2185	1	1,146,1517,2677,932,43,0	14,11,8,5,3	16,12,9,6,3	22,21,19,13,12	runs\wave4_reeve-weight-ladder-r5\arm2_4.jsonl
6		32	120	67	212	1	1,25,67,27,0,0,0	14,11,8,5,3	16,12,9,6,3	20,19,18,17,13	runs\wave4_reeve-weight-ladder-r5\arm2_4.jsonl
6		74	942	123	175	1	1,67,394,406,73,1,0	14,11,8,5,3	16,12,9,6,3	21,19,18,17,12	runs\wave4_reeve-weight-ladder-r5\arm2_4.jsonl
6		87	1776	1449	1811	1	1,80,612,852,225,6,0	14,11,8,5,3	16,12,9,6,3	21,20,17,15,14	runs\wave4_reeve-weight-ladder-r5\arm2_4.jsonl
6		114	2856	2253	2645	1	1,107,918,1398,417,15,0	14,11,8,5,3	16,12,9,6,3	21,20,17,16,13	runs\wave4_reeve-weight-ladder-r5\arm2_4.jsonl
6		132	4104	1560	1753	1	1,125,1227,2061,666,24,0	14,11,8,5,3	16,12,9,6,3	21,20,18,15,13	runs\wave4_reeve-weight-ladder-r5\arm2_4.jsonl
6		143	4464	849	950	1	1,136,1335,2239,726,27,0	14,11,8,5,3	16,12,9,6,3	21,20,18,16,12	runs\wave4_reeve-weight-ladder-r5\arm2_4.jsonl
6		174	6870	2506	2715	1	1,167,1857,3481,1298,66,0	14,11,8,5,3	16,12,9,6,3	22,19,18,15,13	runs\wave4_reeve-weight-ladder-r5\arm2_4.jsonl
6		181	6954	5109	5533	1	1,174,1916,3526,1277,60,0	14,11,8,5,3	16,12,9,6,3	22,19,18,16,12	runs\wave4_reeve-weight-ladder-r5\arm2_4.jsonl
6		36	216	117	253	1	1,29,117,69,0,0,0	14,11,8,5,3	16,12,9,6,3	20,19,18,16,14	runs\wave4_reeve-weight-ladder-r5\arm2_4.jsonl
6		72	1212	1031	1365	1	1,65,450,562,131,3,0	14,11,8,5,3	16,12,9,6,3	21,19,18,15,14	runs\wave4_reeve-weight-ladder-r5\arm2_4.jsonl
6		78	1452	599	775	1	1,71,505,681,188,6,0	14,11,8,5,3	16,12,9,6,3	21,19,17,16,14	runs\wave4_reeve-weight-ladder-r5\arm2_4.jsonl
6		99	2124	868	1053	1	1,92,738,1027,260,6,0	14,11,8,5,3	16,12,9,6,3	21,19,18,16,13	runs\wave4_reeve-weight-ladder-r5\arm2_4.jsonl
6		129	3972	2999	3405	1	1,122,1152,1966,695,36,0	14,11,8,5,3	16,12,9,6,3	22,19,17,15,14	runs\wave4_reeve-weight-ladder-r5\arm2_4.jsonl
6		162	5844	2161	2370	1	1,155,1617,2923,1088,60,0	14,11,8,5,3	16,12,9,6,3	22,19,17,16,13	runs\wave4_reeve-weight-ladder-r5\arm2_4.jsonl
6		78	1488	605	787	1	1,71,501,697,208,10,0	14,11,8,5,3	16,12,9,6,3	22,18,17,16,14	runs\wave4_reeve-weight-ladder-r5\arm2_4.jsonl
6		26	20	0	1	1	1,19,0,0,0,0,0	20,16,11,7,3	19,15,10,6,3	35,31,24,13,7	runs\wave4_reeve-weight-ladder-r5\arm2_5.jsonl
6		38	104	61	234	1	1,31,61,11,0,0,0	20,16,11,7,3	19,15,10,6,3	38,28,21,16,7	runs\wave4_reeve-weight-ladder-r5\arm2_5.jsonl
6		49	256	283	637	1	1,42,140,70,3,0,0	20,16,11,7,3	19,15,10,6,3	37,29,23,13,8	runs\wave4_reeve-weight-ladder-r5\arm2_5.jsonl
6		60	376	415	789	1	1,53,205,112,5,0,0	20,16,11,7,3	19,15,10,6,3	37,31,18,13,11	runs\wave4_reeve-weight-ladder-r5\arm2_5.jsonl
6		67	440	243	440	1	1,60,240,133,6,0,0	20,16,11,7,3	19,15,10,6,3	37,31,19,13,10	runs\wave4_reeve-weight-ladder-r5\arm2_5.jsonl
6		77	512	81	143	1	1,70,280,154,7,0,0	20,16,11,7,3	19,15,10,6,3	35,31,23,13,8	runs\wave4_reeve-weight-ladder-r5\arm2_5.jsonl
6		78	560	103	172	1	1,71,305,175,8,0,0	20,16,11,7,3	19,15,10,6,3	34,31,24,13,8	runs\wave4_reeve-weight-ladder-r5\arm2_5.jsonl
6		92	744	403	626	1	1,85,403,255,0,0,0	20,16,11,7,3	19,15,10,6,3	38,28,21,13,10	runs\wave4_reeve-weight-ladder-r5\arm2_5.jsonl
6		105	848	926	1413	1	1,98,463,286,0,0,0	20,16,11,7,3	19,15,10,6,3	35,31,21,16,7	runs\wave4_reeve-weight-ladder-r5\arm2_5.jsonl
6		108	1444	121	162	1	1,101,613,623,105,1,0	20,16,11,7,3	19,15,10,6,3	36,31,18,13,12	runs\wave4_reeve-weight-ladder-r5\arm2_5.jsonl
6		122	2048	1789	2241	1	1,115,798,938,193,3,0	20,16,11,7,3	19,15,10,6,3	37,29,21,15,8	runs\wave4_reeve-weight-ladder-r5\arm2_5.jsonl
6		148	2596	2269	2760	1	1,141,1015,1197,239,3,0	20,16,11,7,3	19,15,10,6,3	36,30,22,13,9	runs\wave4_reeve-weight-ladder-r5\arm2_5.jsonl
6		156	2874	2509	2980	1	1,149,1125,1337,259,3,0	20,16,11,7,3	19,15,10,6,3	36,31,19,15,9	runs\wave4_reeve-weight-ladder-r5\arm2_5.jsonl
6		160	2888	2529	3020	1	1,153,1135,1337,259,3,0	20,16,11,7,3	19,15,10,6,3	33,31,24,13,9	runs\wave4_reeve-weight-ladder-r5\arm2_5.jsonl
6		162	3180	545	641	1	1,155,1204,1498,317,5,0	20,16,11,7,3	19,15,10,6,3	37,28,21,16,8	runs\wave4_reeve-weight-ladder-r5\arm2_5.jsonl
6		164	2902	2549	3060	1	1,157,1145,1337,259,3,0	20,16,11,7,3	19,15,10,6,3	36,29,23,13,9	runs\wave4_reeve-weight-ladder-r5\arm2_5.jsonl
6		167	3672	3037	3530	1	1,160,1299,1763,439,10,0	20,16,11,7,3	19,15,10,6,3	37,29,21,13,10	runs\wave4_reeve-weight-ladder-r5\arm2_5.jsonl
6		168	2916	2569	3100	1	1,161,1155,1337,259,3,0	20,16,11,7,3	19,15,10,6,3	35,31,22,13,9	runs\wave4_reeve-weight-ladder-r5\arm2_5.jsonl
6		184	3734	3187	3698	1	1,177,1407,1771,373,5,0	20,16,11,7,3	19,15,10,6,3	34,31,23,13,9	runs\wave4_reeve-weight-ladder-r5\arm2_5.jsonl
6		189	4096	3413	3947	1	1,182,1470,1960,473,10,0	20,16,11,7,3	19,15,10,6,3	35,31,21,15,8	runs\wave4_reeve-weight-ladder-r5\arm2_5.jsonl
6		220	6110	4834	5355	1	1,213,1994,3034,846,22,0	20,16,11,7,3	19,15,10,6,3	37,28,21,13,11	runs\wave4_reeve-weight-ladder-r5\arm2_5.jsonl
6		24	18	0	1	1	1,17,0,0,0,0,0	20,16,11,7,3	19,15,10,6,3	35,29,26,13,7	runs\wave4_reeve-weight-ladder-r5\arm2_5.jsonl
6		28	22	0	1	1	1,21,0,0,0,0,0	20,16,11,7,3	19,15,10,6,3	35,30,25,13,7	runs\wave4_reeve-weight-ladder-r5\arm2_5.jsonl
6		30	72	41	192	1	1,23,41,7,0,0,0	20,16,11,7,3	19,15,10,6,3	38,28,22,15,7	runs\wave4_reeve-weight-ladder-r5\arm2_5.jsonl
6		35	128	146	453	1	1,28,73,26,0,0,0	20,16,11,7,3	19,15,10,6,3	37,29,23,14,7	runs\wave4_reeve-weight-ladder-r5\arm2_5.jsonl
6		36	100	59	224	1	1,29,59,11,0,0,0	20,16,11,7,3	19,15,10,6,3	38,26,23,16,7	runs\wave4_reeve-weight-ladder-r5\arm2_5.jsonl
6		40	108	63	244	1	1,33,63,11,0,0,0	20,16,11,7,3	19,15,10,6,3	38,27,22,16,7	runs\wave4_reeve-weight-ladder-r5\arm2_5.jsonl
6		54	320	356	711	1	1,47,178,94,0,0,0	20,16,11,7,3	19,15,10,6,3	38,28,21,12,11	runs\wave4_reeve-weight-ladder-r5\arm2_5.jsonl
6		60	320	364	761	1	1,53,182,84,0,0,0	20,16,11,7,3	19,15,10,6,3	38,28,22,13,9	runs\wave4_reeve-weight-ladder-r5\arm2_5.jsonl
6		67	424	119	218	1	1,60,238,125,0,0,0	20,16,11,7,3	19,15,10,6,3	37,29,21,16,7	runs\wave4_reeve-weight-ladder-r5\arm2_5.jsonl
6		80	604	668	1073	1	1,73,334,196,0,0,0	20,16,11,7,3	19,15,10,6,3	36,28,24,15,7	runs\wave4_reeve-weight-ladder-r5\arm2_5.jsonl
6		96	760	415	646	1	1,89,415,255,0,0,0	20,16,11,7,3	19,15,10,6,3	38,27,22,13,10	runs\wave4_reeve-weight-ladder-r5\arm2_5.jsonl
6		137	1376	1454	1965	1	1,130,727,518,0,0,0	20,16,11,7,3	19,15,10,6,3	35,30,22,16,7	runs\wave4_reeve-weight-ladder-r5\arm2_5.jsonl
6		143	1548	1626	2105	1	1,136,813,598,0,0,0	20,16,11,7,3	19,15,10,6,3	35,28,24,16,7	runs\wave4_reeve-weight-ladder-r5\arm2_5.jsonl
6		151	1616	1706	2205	1	1,144,853,618,0,0,0	20,16,11,7,3	19,15,10,6,3	35,29,23,16,7	runs\wave4_reeve-weight-ladder-r5\arm2_5.jsonl
6		54	306	173	351	1	1,47,173,85,0,0,0	20,16,11,7,3	19,15,10,6,3	37,29,22,15,7	runs\wave4_reeve-weight-ladder-r5\arm2_5.jsonl
6		64	414	231	421	1	1,57,231,125,0,0,0	20,16,11,7,3	19,15,10,6,3	37,29,20,17,7	runs\wave4_reeve-weight-ladder-r5\arm2_5.jsonl
6		76	628	668	1061	1	1,69,334,224,0,0,0	20,16,11,7,3	19,15,10,6,3	34,32,20,17,7	runs\wave4_reeve-weight-ladder-r5\arm2_5.jsonl
6		100	1624	471	608	1	1,93,627,741,159,3,0	20,16,11,7,3	19,15,10,6,3	37,29,21,12,11	runs\wave4_reeve-weight-ladder-r5\arm2_5.jsonl
6		120	2608	2131	2548	1	1,113,898,1251,335,10,0	20,16,11,7,3	19,15,10,6,3	34,32,21,12,11	runs\wave4_reeve-weight-ladder-r5\arm2_5.jsonl
6		129	2274	1987	2423	1	1,122,889,1050,209,3,0	20,16,11,7,3	19,15,10,6,3	37,30,19,15,9	runs\wave4_reeve-weight-ladder-r5\arm2_5.jsonl
6		137	2928	1207	1433	1	1,130,1026,1399,362,10,0	20,16,11,7,3	19,15,10,6,3	36,30,21,12,11	runs\wave4_reeve-weight-ladder-r5\arm2_5.jsonl
6		145	3248	2661	3113	1	1,138,1128,1566,405,10,0	20,16,11,7,3	19,15,10,6,3	34,32,21,15,8	runs\wave4_reeve-weight-ladder-r5\arm2_5.jsonl
6		199	5856	4543	5042	1	1,192,1820,2905,903,35,0	20,16,11,7,3	19,15,10,6,3	34,32,21,14,9	runs\wave4_reeve-weight-ladder-r5\arm2_5.jsonl
6		223	6290	2488	2741	1	1,216,2056,3131,864,22,0	20,16,11,7,3	19,15,10,6,3	37,29,20,14,10	runs\wave4_reeve-weight-ladder-r5\arm2_5.jsonl
6		55	256	298	685	1	1,48,149,58,0,0,0	20,16,11,7,3	19,15,10,6,3	35,31,23,11,10	runs\wave4_reeve-weight-ladder-r5\arm2_5.jsonl
6		70	846	777	1139	1	1,63,356,360,65,1,0	20,16,11,7,3	19,15,10,6,3	34,33,20,15,8	runs\wave4_reeve-weight-ladder-r5\arm2_5.jsonl
6		96	1516	265	346	1	1,89,589,687,147,3,0	20,16,11,7,3	19,15,10,6,3	34,33,20,13,10	runs\wave4_reeve-weight-ladder-r5\arm2_5.jsonl
6		112	2092	1781	2186	1	1,105,779,979,223,5,0	20,16,11,7,3	19,15,10,6,3	34,33,18,14,11	runs\wave4_reeve-weight-ladder-r5\arm2_5.jsonl
6		141	2826	2399	2837	1	1,134,1053,1340,293,5,0	20,16,11,7,3	19,15,10,6,3	37,30,18,14,11	runs\wave4_reeve-weight-ladder-r5\arm2_5.jsonl
6		152	2960	2529	3001	1	1,145,1114,1394,301,5,0	20,16,11,7,3	19,15,10,6,3	34,31,23,14,8	runs\wave4_reeve-weight-ladder-r5\arm2_5.jsonl
6		170	3560	3017	3488	1	1,163,1327,1701,363,5,0	20,16,11,7,3	19,15,10,6,3	35,32,18,14,11	runs\wave4_reeve-weight-ladder-r5\arm2_5.jsonl
6		56	280	328	703	1	1,49,164,66,0,0,0	20,16,11,7,3	19,15,10,6,3	34,31,24,11,10	runs\wave4_reeve-weight-ladder-r5\arm2_5.jsonl
6		63	316	370	781	1	1,56,185,74,0,0,0	20,16,11,7,3	19,15,10,6,3	35,30,24,11,10	runs\wave4_reeve-weight-ladder-r5\arm2_5.jsonl
6		64	340	400	799	1	1,57,200,82,0,0,0	20,16,11,7,3	19,15,10,6,3	34,30,25,11,10	runs\wave4_reeve-weight-ladder-r5\arm2_5.jsonl
6		89	1152	1061	1464	1	1,82,488,495,85,1,0	20,16,11,7,3	19,15,10,6,3	37,29,22,12,10	runs\wave4_reeve-weight-ladder-r5\arm2_5.jsonl
6		118	2180	1863	2284	1	1,111,817,1017,229,5,0	20,16,11,7,3	19,15,10,6,3	34,33,19,14,10	runs\wave4_reeve-weight-ladder-r5\arm2_5.jsonl
6		140	2806	2372	2817	1	1,133,1034,1328,304,6,0	20,16,11,7,3	19,15,10,6,3	37,29,17,16,11	runs\wave4_reeve-weight-ladder-r5\arm2_5.jsonl
6		149	2950	2515	2971	1	1,142,1107,1394,301,5,0	20,16,11,7,3	19,15,10,6,3	37,30,19,14,10	runs\wave4_reeve-weight-ladder-r5\arm2_5.jsonl
6		168	4492	3557	4012	1	1,161,1461,2213,635,21,0	20,16,11,7,3	19,15,10,6,3	34,32,17,16,11	runs\wave4_reeve-weight-ladder-r5\arm2_5.jsonl
6		178	4440	3580	4061	1	1,171,1502,2176,576,14,0	20,16,11,7,3	19,15,10,6,3	37,29,20,13,11	runs\wave4_reeve-weight-ladder-r5\arm2_5.jsonl
6		185	4096	3403	3916	1	1,178,1465,1969,473,10,0	20,16,11,7,3	19,15,10,6,3	37,28,22,13,10	runs\wave4_reeve-weight-ladder-r5\arm2_5.jsonl
6		192	5052	4035	4523	1	1,185,1674,2484,687,21,0	20,16,11,7,3	19,15,10,6,3	36,30,17,16,11	runs\wave4_reeve-weight-ladder-r5\arm2_5.jsonl
6		216	5612	4513	5034	1	1,209,1887,2755,739,21,0	20,16,11,7,3	19,15,10,6,3	35,31,17,16,11	runs\wave4_reeve-weight-ladder-r5\arm2_5.jsonl
6		45	192	222	569	1	1,38,111,42,0,0,0	20,16,11,7,3	19,15,10,6,3	35,28,26,11,10	runs\wave4_reeve-weight-ladder-r5\arm2_5.jsonl
6		61	312	366	761	1	1,54,183,74,0,0,0	20,16,11,7,3	19,15,10,6,3	35,29,25,11,10	runs\wave4_reeve-weight-ladder-r5\arm2_5.jsonl
6		92	1162	1075	1494	1	1,85,495,495,85,1,0	20,16,11,7,3	19,15,10,6,3	37,28,23,12,10	runs\wave4_reeve-weight-ladder-r5\arm2_5.jsonl
6		132	2284	2001	2453	1	1,125,896,1050,209,3,0	20,16,11,7,3	19,15,10,6,3	36,28,24,12,10	runs\wave4_reeve-weight-ladder-r5\arm2_5.jsonl
6		143	2816	2386	2847	1	1,136,1041,1328,304,6,0	20,16,11,7,3	19,15,10,6,3	37,29,19,13,12	runs\wave4_reeve-weight-ladder-r5\arm2_5.jsonl
6		145	3232	2647	3104	1	1,138,1121,1557,405,10,0	20,16,11,7,3	19,15,10,6,3	37,26,24,13,10	runs\wave4_reeve-weight-ladder-r5\arm2_5.jsonl
6		148	3340	2741	3191	1	1,141,1168,1616,405,9,0	20,16,11,7,3	19,15,10,6,3	37,25,24,14,10	runs\wave4_reeve-weight-ladder-r5\arm2_5.jsonl
6		171	4504	3575	4042	1	1,164,1470,2213,635,21,0	20,16,11,7,3	19,15,10,6,3	34,32,19,13,12	runs\wave4_reeve-weight-ladder-r5\arm2_5.jsonl
6		181	4080	3379	3876	1	1,174,1453,1969,473,10,0	20,16,11,7,3	19,15,10,6,3	37,27,23,13,10	runs\wave4_reeve-weight-ladder-r5\arm2_5.jsonl
6		188	5138	4073	4543	1	1,181,1685,2550,703,18,0	20,16,11,7,3	19,15,10,6,3	37,29,18,14,12	runs\wave4_reeve-weight-ladder-r5\arm2_5.jsonl
6		196	5068	451	507	1	1,189,1686,2484,687,21,0	20,16,11,7,3	19,15,10,6,3	36,30,19,13,12	runs\wave4_reeve-weight-ladder-r5\arm2_5.jsonl
6		221	5632	4543	5084	1	1,214,1902,2755,739,21,0	20,16,11,7,3	19,15,10,6,3	35,31,19,13,12	runs\wave4_reeve-weight-ladder-r5\arm2_5.jsonl
6		102	2252	1819	2201	1	1,95,757,1084,305,10,0	20,16,11,7,3	19,15,10,6,3	34,32,16,15,13	runs\wave4_reeve-weight-ladder-r5\arm2_5.jsonl
6		112	2352	1933	2337	1	1,105,818,1122,297,9,0	20,16,11,7,3	19,15,10,6,3	34,31,16,15,14	runs\wave4_reeve-weight-ladder-r5\arm2_5.jsonl
6		118	2214	1868	2305	1	1,111,808,1036,252,6,0	20,16,11,7,3	19,15,10,6,3	37,29,17,14,13	runs\wave4_reeve-weight-ladder-r5\arm2_5.jsonl
6		142	3580	945	1094	1	1,135,1155,1743,525,21,0	20,16,11,7,3	19,15,10,6,3	34,32,17,14,13	runs\wave4_reeve-weight-ladder-r5\arm2_5.jsonl
6		162	4004	3199	3683	1	1,155,1316,1944,567,21,0	20,16,11,7,3	19,15,10,6,3	36,30,17,14,13	runs\wave4_reeve-weight-ladder-r5\arm2_5.jsonl
6		174	4644	3683	4146	1	1,167,1515,2287,653,21,0	20,16,11,7,3	19,15,10,6,3	32,28,27,13,10	runs\wave4_reeve-weight-ladder-r5\arm2_5.jsonl
6		182	4428	3563	4084	1	1,175,1477,2145,609,21,0	20,16,11,7,3	19,15,10,6,3	35,31,17,14,13	runs\wave4_reeve-weight-ladder-r5\arm2_5.jsonl
6		184	5564	4290	4753	1	1,177,1704,2764,882,36,0	20,16,11,7,3	19,15,10,6,3	33,32,18,14,13	runs\wave4_reeve-weight-ladder-r5\arm2_5.jsonl
6		185	4594	3713	4203	1	1,178,1559,2246,595,15,0	20,16,11,7,3	19,15,10,6,3	37,28,18,14,13	runs\wave4_reeve-weight-ladder-r5\arm2_5.jsonl
6		195	6744	5067	5522	1	1,188,1958,3397,1151,49,0	20,16,11,7,3	19,15,10,6,3	34,32,17,15,12	runs\wave4_reeve-weight-ladder-r5\arm2_5.jsonl
6		214	5476	4411	4940	1	1,207,1845,2681,721,21,0	20,16,11,7,3	19,15,10,6,3	34,27,26,13,10	runs\wave4_reeve-weight-ladder-r5\arm2_5.jsonl
6		68	1044	899	1237	1	1,61,394,474,111,3,0	20,16,11,7,3	19,15,10,6,3	33,32,16,15,14	runs\wave4_reeve-weight-ladder-r5\arm2_5.jsonl
6		162	3188	2733	3209	1	1,155,1208,1502,317,5,0	20,16,11,7,3	19,15,10,6,3	33,30,25,12,10	runs\wave4_reeve-weight-ladder-r5\arm2_5.jsonl
6		172	4498	211	238	1	1,165,1486,2213,615,18,0	20,16,11,7,3	19,15,10,6,3	33,28,26,12,11	runs\wave4_reeve-weight-ladder-r5\arm2_5.jsonl
6		174	5876	4411	4856	1	1,167,1693,2941,1025,49,0	20,16,11,7,3	19,15,10,6,3	33,32,17,15,13	runs\wave4_reeve-weight-ladder-r5\arm2_5.jsonl
6		177	5416	4153	4616	1	1,170,1642,2699,869,35,0	20,16,11,7,3	19,15,10,6,3	31,29,27,13,10	runs\wave4_reeve-weight-ladder-r5\arm2_5.jsonl
6		179	3854	3247	3727	1	1,172,1419,1846,409,7,0	20,16,11,7,3	19,15,10,6,3	34,29,25,12,10	runs\wave4_reeve-weight-ladder-r5\arm2_5.jsonl
6		192	6348	959	1054	1	1,185,1855,3171,1085,51,0	20,16,11,7,3	19,15,10,6,3	30,29,27,14,10	runs\wave4_reeve-weight-ladder-r5\arm2_5.jsonl
6		192	4748	182	207	1	1,185,1589,2308,644,21,0	20,16,11,7,3	19,15,10,6,3	31,30,26,13,10	runs\wave4_reeve-weight-ladder-r5\arm2_5.jsonl
6		74	1092	73	101	1	1,67,418,490,113,3,0	20,16,11,7,3	19,15,10,6,3	30,29,28,13,10	runs\wave4_reeve-weight-ladder-r5\arm2_5.jsonl
6		115	2110	1787	2222	1	1,108,775,983,237,6,0	20,16,11,7,3	19,15,10,6,3	31,30,26,12,11	runs\wave4_reeve-weight-ladder-r5\arm2_5.jsonl
6		128	2424	2060	2503	1	1,121,898,1134,264,6,0	20,16,11,7,3	19,15,10,6,3	32,31,24,12,11	runs\wave4_reeve-weight-ladder-r5\arm2_5.jsonl
6		174	4848	762	853	1	1,167,1556,2404,698,22,0	20,16,11,7,3	19,15,10,6,3	32,29,26,12,11	runs\wave4_reeve-weight-ladder-r5\arm2_5.jsonl
6		177	4534	3634	4105	1	1,170,1511,2222,612,18,0	20,16,11,7,3	19,15,10,6,3	32,30,25,12,11	runs\wave4_reeve-weight-ladder-r5\arm2_5.jsonl
6		196	6204	4761	5219	1	1,189,1892,3108,977,37,0	20,16,11,7,3	19,15,10,6,3	29,28,27,15,11	runs\wave4_reeve-weight-ladder-r5\arm2_5.jsonl
6		152	4278	3341	3762	1	1,145,1351,2119,639,23,0	20,16,11,7,3	19,15,10,6,3	29,28,27,14,12	runs\wave4_reeve-weight-ladder-r5\arm2_5.jsonl
6		153	4542	1743	1961	1	1,146,1373,2249,740,33,0	20,16,11,7,3	19,15,10,6,3	30,29,27,13,11	runs\wave4_reeve-weight-ladder-r5\arm2_5.jsonl
6		148	4170	1618	1835	1	1,141,1295,2061,646,26,0	20,16,11,7,3	19,15,10,6,3	30,28,27,13,12	runs\wave4_reeve-weight-ladder-r5\arm2_5.jsonl
6		172	4506	3601	4048	1	1,165,1493,2213,615,19,0	20,16,11,7,3	19,15,10,6,3	28,27,26,15,14	runs\wave4_reeve-weight-ladder-r5\arm2_5.jsonl
6		84	1578	1310	1671	1	1,77,558,742,194,6,0	20,16,11,7,3	19,15,10,6,3	25,24,23,21,17	runs\wave4_reeve-weight-ladder-r5\arm2_5.jsonl
6		76	1386	573	749	1	1,69,485,649,176,6,0	20,16,11,7,3	19,15,10,6,3	25,24,22,21,18	runs\wave4_reeve-weight-ladder-r5\arm2_5.jsonl
6		78	1524	627	796	1	1,71,531,723,192,6,0	20,16,11,7,3	19,15,10,6,3	25,24,23,20,18	runs\wave4_reeve-weight-ladder-r5\arm2_5.jsonl
6		44	432	393	697	1	1,37,178,178,37,1,0	20,16,11,7,3	19,15,10,6,3	25,23,22,21,19	runs\wave4_reeve-weight-ladder-r5\arm2_5.jsonl
6		59	948	399	556	1	1,52,345,439,108,3,0	20,16,11,7,3	19,15,10,6,3	25,24,22,20,19	runs\wave4_reeve-weight-ladder-r5\arm2_5.jsonl
6		67	1062	904	1241	1	1,60,394,488,116,3,0	25,16,14,12,11	16,15,13,6,3	38,30,27,19,17	runs\wave4_reeve-weight-ladder-r5\arm3_1.jsonl
6		182	5376	298	331	1	1,175,1679,2677,814,30,0	12,11,6,2,1	16,13,9,4,3	25,20,15,10,7	runs\wave4_reeve-weight-ladder-r5\arm3_1.jsonl
6		202	6684	5063	5544	1	1,195,1977,3357,1109,45,0	20,14,12,5	25,23,21,6	41,34,33,15,3	runs\wave4_reeve-weight-ladder-r5\arm3_1.jsonl
6		96	2366	1860	2219	1	1,89,751,1152,358,15,0	15,13,10,5,4	12,10,8,5,3	23,22,16,14,10	runs\wave4_reeve-weight-ladder-r5\arm3_10.jsonl
6		204	5854	4594	5083	1	1,197,1882,2922,830,22,0	17,15,12,10,2	20,15,12,4	33,29,24,12,9	runs\wave4_reeve-weight-ladder-r5\arm3_10.jsonl
6		193	6566	2465	2702	1	1,186,1895,3291,1140,53,0	20,15,6,1	20,17,15,14,4	36,30,21,17,8	runs\wave4_reeve-weight-ladder-r5\arm3_10.jsonl
6		40	494	141	233	1	1,33,182,216,59,3,0	14,10,5,4,2	10,8,6,5,4	21,17,11,10,9	runs\wave4_reeve-weight-ladder-r5\arm3_11.jsonl
6		138	3200	369	433	1	1,131,1074,1544,435,15,0	26,16,8,5	20,16,15,3,1	43,27,23,9,8	runs\wave4_reeve-weight-ladder-r5\arm3_11.jsonl
6		194	4332	3601	4123	1	1,187,1553,2086,495,10,0	22,11,9,2	26,17,11,8	41,31,16,10,8	runs\wave4_reeve-weight-ladder-r5\arm3_11.jsonl
6		186	5470	2129	2360	1	1,179,1729,2739,800,22,0	12,10,8,5	20,18,9,6,2	28,22,19,12,9	runs\wave4_reeve-weight-ladder-r5\arm3_11.jsonl
6		117	3958	2927	3301	1	1,110,1091,1968,745,43,0	13,11,9,7,5	12,10,7,2	21,20,15,11,9	runs\wave4_reeve-weight-ladder-r5\arm3_11.jsonl
6		151	5236	3895	4306	1	1,144,1474,2621,947,49,0	15,11,9,3,1	16,14,11,1	28,23,20,6,4	runs\wave4_reeve-weight-ladder-r5\arm3_11.jsonl
6		183	4558	3686	4167	1	1,176,1551,2232,584,14,0	20,18,12,7,2	13,10,6,2	30,25,20,9,6	runs\wave4_reeve-weight-ladder-r5\arm3_12.jsonl
6		144	4918	3662	4067	1	1,137,1384,2454,894,48,0	12,10,7,5,2	10,8,7,3	18,15,14,11,6	runs\wave4_reeve-weight-ladder-r5\arm3_12.jsonl
6		180	6888	2528	2743	1	1,173,1883,3473,1290,68,0	14,11,9,6,4	21,20,8,3	31,29,15,13,8	runs\wave4_reeve-weight-ladder-r5\arm3_12.jsonl
6		216	6164	91	101	1	1,209,1950,3046,923,35,0	25,18,17,10,7	21,16,15,6	41,34,32,17,11	runs\wave4_reeve-weight-ladder-r5\arm3_2.jsonl
6		161	4814	741	829	1	1,154,1477,2404,751,27,0	17,12,10,7,5	25,22,17,2	38,30,29,11,9	runs\wave4_reeve-weight-ladder-r5\arm3_2.jsonl
6		169	5322	2029	2250	1	1,162,1599,2667,860,33,0	12,10,8,2	16,14,8,4,3	25,18,16,11,7	runs\wave4_reeve-weight-ladder-r5\arm3_2.jsonl
6		196	6174	525	578	1	1,189,1867,3087,991,39,0	21,19,17,12,9	25,14,11,10,5	41,32,29,22,19	runs\wave4_reeve-weight-ladder-r5\arm3_2.jsonl
6		191	6568	4929	5387	1	1,184,1891,3290,1147,55,0	15,8,5,1	14,11,7,4,2	26,17,12,7,5	runs\wave4_reeve-weight-ladder-r5\arm3_2.jsonl
6		96	1528	1335	1736	1	1,89,593,693,149,3,0	16,14,11,7	19,18,13,9,6	30,29,25,21,8	runs\wave4_reeve-weight-ladder-r5\arm3_3.jsonl
6		103	1796	1547	1947	1	1,96,685,834,177,3,0	20,18,14,10,3	14,7,4,2	31,24,17,12,8	runs\wave4_reeve-weight-ladder-r5\arm3_3.jsonl
6		191	6312	4778	5241	1	1,184,1859,3162,1060,46,0	16,11,7,2	16,14,13,6,1	28,23,20,11,4	runs\wave4_reeve-weight-ladder-r5\arm3_3.jsonl
6		168	5876	2185	2404	1	1,161,1652,2941,1066,55,0	26,19,16,12,10	22,20,18,16,4	45,37,31,30,20	runs\wave4_reeve-weight-ladder-r5\arm3_3.jsonl
6		172	6012	1494	1639	1	1,165,1701,3010,1080,55,0	15,13,8,4,2	16,14,9,7,3	27,26,17,12,9	runs\wave4_reeve-weight-ladder-r5\arm3_3.jsonl
6		116	1856	1631	2083	1	1,109,728,840,175,3,0	20,17,10,6,4	16,13,5,4	33,26,19,11,6	runs\wave4_reeve-weight-ladder-r5\arm3_4.jsonl
6		192	5676	4405	4886	1	1,185,1777,2835,851,27,0	25,15,13,11,3	24,23,20,9,1	47,35,32,20,10	runs\wave4_reeve-weight-ladder-r5\arm3_4.jsonl
6		123	4100	3047	3430	1	1,116,1145,2039,757,42,0	11,9,7,4,2	11,9,6,4	18,15,13,12,5	runs\wave4_reeve-weight-ladder-r5\arm3_4.jsonl
6		32	118	44	141	1	1,25,66,26,0,0,0	14,9,4,3	16,14,9,6,1	28,21,15,7,5	runs\wave4_reeve-weight-ladder-r5\arm3_5.jsonl
6		32	140	156	433	1	1,25,78,36,0,0,0	9,5,4,1	9,8,6,1	14,13,8,5,3	runs\wave4_reeve-weight-ladder-r5\arm3_5.jsonl
6		118	2942	2327	2726	1	1,111,951,1439,425,15,0	15,14,12,9,3	13,11,8,4,2	24,23,20,14,10	runs\wave4_reeve-weight-ladder-r5\arm3_5.jsonl
6		184	5408	4187	4666	1	1,177,1673,2683,841,33,0	26,24,22,5	23,17,10,9,3	46,37,32,18,6	runs\wave4_reeve-weight-ladder-r5\arm3_5.jsonl
6		206	6782	5135	5628	1	1,199,1990,3383,1155,54,0	25,14,10,6,1	26,15,14,12	45,28,24,22,4	runs\wave4_reeve-weight-ladder-r5\arm3_5.jsonl
6		156	5488	453	499	1	1,149,1544,2756,989,49,0	14,12,9,5	16,14,12,5,4	27,24,21,12,7	runs\wave4_reeve-weight-ladder-r5\arm3_5.jsonl
6		96	1216	125	173	1	1,89,518,518,89,1,0	21,17,10,2	25,18,17,12,3	43,35,23,14,10	runs\wave4_reeve-weight-ladder-r5\arm3_6.jsonl
6		108	3190	2411	2789	1	1,101,924,1570,563,31,0	15,12,11,9,7	12,10,6,4	22,21,17,15,11	runs\wave4_reeve-weight-ladder-r5\arm3_6.jsonl
6		188	5610	101	112	1	1,181,1747,2805,849,27,0	20,18,13,3,2	17,8,6,3	33,24,19,10,4	runs\wave4_reeve-weight-ladder-r5\arm3_6.jsonl
6		162	5232	3944	4389	1	1,155,1512,2596,920,48,0	14,12,11,8	16,11,6,5,3	26,20,17,15,8	runs\wave4_reeve-weight-ladder-r5\arm3_6.jsonl
6		205	6536	4999	5484	1	1,198,1980,3279,1039,39,0	21,16,6,3	24,20,19,17,3	41,36,24,21,7	runs\wave4_reeve-weight-ladder-r5\arm3_6.jsonl
6		153	5140	961	1067	1	1,146,1467,2571,910,45,0	16,9,7,2	18,13,11,6,5	30,20,18,10,9	runs\wave4_reeve-weight-ladder-r5\arm3_6.jsonl
6		193	6456	4863	5339	1	1,186,1872,3224,1119,54,0	19,7,3,2	26,21,16,4,2	39,24,23,8,6	runs\wave4_reeve-weight-ladder-r5\arm3_6.jsonl
6		103	2320	1866	2249	1	1,96,775,1122,316,10,0	19,18,16,14,4	15,11,7,4	30,28,23,20,7	runs\wave4_reeve-weight-ladder-r5\arm3_7.jsonl
6		136	3754	974	1111	1	1,129,1169,1846,584,25,0	20,17,7,6,1	19,17,16,9,7	35,32,23,18,11	runs\wave4_reeve-weight-ladder-r5\arm3_7.jsonl
6		184	5806	1480	1633	1	1,177,1758,2910,924,36,0	17,14,10,6,5	23,22,18,15,3	35,33,26,25,14	runs\wave4_reeve-weight-ladder-r5\arm3_7.jsonl
6		178	6494	4807	5245	1	1,171,1816,3274,1175,57,0	14,7,4,1	14,10,8,4,2	24,15,12,7,6	runs\wave4_reeve-weight-ladder-r5\arm3_7.jsonl
6		214	5706	4539	5075	1	1,207,1878,2816,783,21,0	18,16,8,7	20,11,7,5,1	31,27,15,13,7	runs\wave4_reeve-weight-ladder-r5\arm3_8.jsonl
6		178	5428	4171	4630	1	1,171,1653,2703,865,35,0	17,10,7,4	20,19,9,8,6	33,26,18,13,10	runs\wave4_reeve-weight-ladder-r5\arm3_8.jsonl
6		163	6554	4737	5156	1	1,156,1707,3285,1323,82,0	16,12,10,7,1	16,14,12,10,5	28,24,22,20,9	runs\wave4_reeve-weight-ladder-r5\arm3_8.jsonl
6		72	918	831	1198	1	1,65,379,399,73,1,0	24,20,14,10,6	26,24,3,1	46,36,17,15,14	runs\wave4_reeve-weight-ladder-r5\arm3_9.jsonl
6		107	1740	1521	1945	1	1,100,677,792,167,3,0	20,18,15,7,5	18,12,11,6,1	34,30,23,18,8	runs\wave4_reeve-weight-ladder-r5\arm3_9.jsonl
6		172	4342	3481	3958	1	1,165,1451,2131,579,15,0	19,16,13,12	20,16,13,10,1	37,29,26,21,7	runs\wave4_reeve-weight-ladder-r5\arm3_9.jsonl
6		184	4766	3827	4297	1	1,177,1604,2350,619,15,0	25,22,18,14,11	26,20,17,14,7	49,36,35,29,25	runs\wave4_reeve-weight-ladder-r5\arm3_9.jsonl
6		193	5700	4421	4906	1	1,186,1773,2831,875,34,0	25,24,9,7,1	14,13,8,4	37,33,17,10,8	runs\wave4_reeve-weight-ladder-r5\arm3_9.jsonl
6		183	6030	909	1003	1	1,176,1747,3002,1051,53,0	15,12,8,7,1	26,14,13,11	37,25,21,19,5	runs\wave4_reeve-weight-ladder-r5\arm3_9.jsonl
6		191	6274	4765	5221	1	1,184,1868,3150,1029,42,0	19,16,14,9,8	17,16,10,2	33,29,23,15,11	runs\wave4_reeve-weight-ladder-r5\arm3_9.jsonl
6		144	1544	1620	2113	1	1,137,810,596,0,0,0	24,13,10,7	17,9,4,2	32,24,17,8,5	runs\wave4_reeve-weight-ladder-r5\arm3_90.jsonl
6		115	2308	1924	2337	1	1,108,829,1098,266,6,0	21,14,9,5,3	18,14,3,2	37,24,13,9,6	runs\wave4_reeve-weight-ladder-r5\arm3_90.jsonl
6		119	2774	2223	2636	1	1,112,917,1341,389,14,0	23,10,7,2	14,8,3,1	34,14,9,8,3	runs\wave4_reeve-weight-ladder-r5\arm3_90.jsonl
6		165	3842	3125	3613	1	1,158,1314,1858,497,14,0	24,21,19,7,2	25,23,21,10	45,44,37,21,5	runs\wave4_reeve-weight-ladder-r5\arm3_90.jsonl
3	4	46	98	52	101	1	1,42,52,3	54,47,36,11	49,34,32,10	98,81,68,26	runs\wave4_reeve-weight-ladder-r5\arm5_5.jsonl
5	5	28	83	141	427	1	1,22,47,13,0,0	16,12,4,3	39,34,30,30,28	53,43,37,33,30	runs\wave4_reeve-weight-ladder-r5\arm5_5.jsonl
3	4	56	125	68	123	1	1,52,68,4	49,41,17	80,72,51	124,113,68,5	runs\wave4_reeve-weight-ladder-r5\arm5_6.jsonl
6	5	81	1298	561	743	1	1,74,495,593,132,3,0	49,37,21,12	17,16,13,1	62,52,35,14,3	runs\wave4_reeve-weight-ladder-r5\arm5_9.jsonl
6		80	1312	1121	1488	1	1,73,491,605,139,3,0	15,11,8,5,2	10,8,6,4,2	21,19,14,9,8	runs\wave4_reeve-weight-ladder-r5\results.jsonl
6		88	1440	1241	1624	1	1,81,547,661,147,3,0	14,12,9,6,2	13,10,8,6,4	23,22,17,12,10	runs\wave4_reeve-weight-ladder-r5\results.jsonl
6		90	1536	1309	1697	1	1,83,574,714,161,3,0	20,15,11,7,3	11,9,7,5,3	27,24,18,12,10	runs\wave4_reeve-weight-ladder-r5\results.jsonl
6		114	2516	2045	2448	1	1,107,858,1211,329,10,0	13,10,7,3	10,8,5,3	19,18,12,6,4	runs\wave4_reeve-weight-ladder-r5\results.jsonl
6		119	2752	2219	2623	1	1,112,926,1336,367,10,0	19,16,12,8,3	14,11,9,7,5	29,27,21,15,12	runs\wave4_reeve-weight-ladder-r5\results.jsonl
6		103	1782	1535	1939	1	1,96,679,826,177,3,0	20,16,11,7,3	11,9,6,4,2	27,25,17,11,9	runs\wave4_reeve-weight-ladder-r5\results.jsonl
6		142	4544	1143	1279	1	1,135,1326,2270,777,35,0	11,8,6,4,1	12,9,7,5,2	19,17,13,9,7	runs\wave4_reeve-weight-ladder-r5\results.jsonl
6		129	2976	2407	2832	1	1,122,1009,1445,389,10,0	24,20,15,10,4	15,12,10,8,6	35,32,25,18,14	runs\wave4_reeve-weight-ladder-r5\results.jsonl
6		153	3522	2885	3334	1	1,146,1227,1707,431,10,0	11,9,6,3	13,9,6,4	20,18,12,7,4	runs\wave4_reeve-weight-ladder-r5\results.jsonl
6		147	3328	905	1059	1	1,140,1148,1610,419,10,0	26,20,14,8	10,8,6,4	32,28,20,12,4	runs\wave4_reeve-weight-ladder-r5\results.jsonl
6		185	5720	731	809	1	1,178,1737,2857,912,35,0	16,12,9,6,2	13,10,8,6,3	25,22,17,12,9	runs\wave4_reeve-weight-ladder-r5\results.jsonl
6		168	3820	3143	3625	1	1,161,1343,1848,457,10,0	18,14,10,5	11,9,6,4	25,23,16,9,4	runs\wave4_reeve-weight-ladder-r5\results.jsonl
6		221	6484	1685	1859	1	1,214,2041,3220,973,35,0	16,12,9,6,3	17,13,9,5,2	29,25,18,11,9	runs\wave4_reeve-weight-ladder-r5\results.jsonl
5		49	288	477	823	1	1,43,155,85,4,0	12,10,8,5,1	11,9,7,5,3	19,19,15,10,8	runs\wave4_reeve-weight-ladder-r5\results.jsonl
5		35	119	69	175	1	1,29,69,20,0,0	8,5,3,1	13,10,6,2	18,15,9,3,3	runs\wave4_reeve-weight-ladder-r5\results.jsonl
5		75	580	316	451	1	1,69,301,194,15,0	13,10,6,2	12,8,5,2	21,18,11,4,4	runs\wave4_reeve-weight-ladder-r5\results.jsonl
10			73860	25469	27536	1	1,81,1914,12738,28708,23380,6535,499,4,0,0	8,7,6,5,4,2	8,7,6,5,4,2	14,12,11,10,9,8	runs\wave4_s3-cyclic-symmetric-hive\prof10_pdb_05.jsonl
10			118110	125569	132490	1	1,125,3254,21758,47248,35986,9127,607,4,0,0	10,9,8,6,5,2	10,9,8,6,5,2	18,15,14,12,11,10	runs\wave4_s3-cyclic-symmetric-hive\prof10_pdb_06.jsonl
10			682020	376282	381199	1	1,208,8215,77596,233739,252279,97632,12014,335,1,0	8,6,5,4,2,1	8,6,5,4,2,1	12,11,9,8,7,5	runs\wave4_s3-cyclic-symmetric-hive\prof10_pdb_08.jsonl
10			85920	15375	16511	1	1,105,2460,15756,33898,26242,6949,505,4,0,0	16,8,7,6,2,1	16,8,7,6,2,1	19,18,14,13,12,4	runs\wave4_s3-cyclic-symmetric-hive\prof10_pdb_14.jsonl
5			44	21	97	1	1,11,20,11,1,0	10,9,7,6,4,4	10,9,7,6,4,4	16,16,14,14,10,10	runs\wave4_s3-cyclic-symmetric-hive\profAN_0.jsonl
7			15	80	1449	1	1,6,8,0,0,0,0,0	13,7,7,4,2,1	13,7,7,4,2,1	15,15,13,11,10,4	runs\wave4_s3-cyclic-symmetric-hive\profAN_0.jsonl
8			8	0	1	1	1,7,0,0,0,0,0,0,0	11,8,4,2,2,1	11,8,4,2,2,1	13,12,11,10,6,4	runs\wave4_s3-cyclic-symmetric-hive\profAN_1.jsonl
8			52	435	3493	1	1,11,29,11,0,0,0,0,0	10,6,6,3,2,1	10,6,6,3,2,1	13,12,11,9,8,3	runs\wave4_s3-cyclic-symmetric-hive\profAN_4.jsonl
5			40	57	277	1	1,10,18,10,1,0	9,8,7,6,2,2	9,8,7,6,2,2	15,15,11,11,8,8	runs\wave4_s3-cyclic-symmetric-hive\profAN_5.jsonl
4			24	2	9	1	1,9,12,2,0	15,9,9,3,3,1	15,9,9,3,3,1	19,17,17,11,11,5	runs\wave4_s3-cyclic-symmetric-hive\profA_0.jsonl
4			42	11	35	1	1,13,22,6,0	9,9,6,4,2,2	9,9,6,4,2,2	14,14,12,10,7,7	runs\wave4_s3-cyclic-symmetric-hive\profA_0.jsonl
4			47	25	76	1	1,15,25,6,0	9,9,7,4,4,1	9,9,7,4,4,1	16,13,13,10,8,8	runs\wave4_s3-cyclic-symmetric-hive\profA_0.jsonl
4			48	25	79	1	1,16,25,6,0	13,9,9,7,1,1	13,9,9,7,1,1	19,19,13,11,11,7	runs\wave4_s3-cyclic-symmetric-hive\profA_0.jsonl
4			72	20	53	1	1,25,40,6,0	13,8,8,5,5,1	13,8,8,5,5,1	19,15,15,12,12,7	runs\wave4_s3-cyclic-symmetric-hive\profA_0.jsonl
4			150	29	51	1	1,32,84,32,1	15,13,5,5,1,1	15,13,5,5,1,1	19,19,15,15,7,5	runs\wave4_s3-cyclic-symmetric-hive\profA_0.jsonl
4			237	47	72	1	1,47,138,50,1	14,10,7,7,1,1	14,10,7,7,1,1	19,19,13,13,10,6	runs\wave4_s3-cyclic-symmetric-hive\profA_0.jsonl
7			220	839	2321	1	1,14,74,96,33,2,0,0	10,9,8,2,2,1	10,9,8,2,2,1	15,14,14,8,7,6	runs\wave4_s3-cyclic-symmetric-hive\profA_0.jsonl
7			204	808	2401	1	1,16,73,86,26,2,0,0	17,10,9,2,1,1	17,10,9,2,1,1	19,19,18,11,10,3	runs\wave4_s3-cyclic-symmetric-hive\profA_0.jsonl
7			321	1273	2977	1	1,22,115,140,41,2,0,0	9,6,4,4,2,1	9,6,4,4,2,1	12,11,9,9,7,4	runs\wave4_s3-cyclic-symmetric-hive\profA_0.jsonl
7			678	92	167	1	1,24,162,304,162,24,1,0	9,9,4,3,2,1	9,9,4,3,2,1	13,12,11,10,5,5	runs\wave4_s3-cyclic-symmetric-hive\profA_0.jsonl
7			468	1774	3625	1	1,28,157,209,68,5,0,0	15,13,5,3,2,2	15,13,5,3,2,2	18,18,17,15,7,5	runs\wave4_s3-cyclic-symmetric-hive\profA_0.jsonl
7			468	607	1259	1	1,31,162,202,67,5,0,0	8,5,5,4,3,1	8,5,5,4,3,1	12,10,9,8,8,5	runs\wave4_s3-cyclic-symmetric-hive\profA_0.jsonl
7			1530	4622	6521	1	1,40,346,710,384,48,1,0	13,8,7,6,2,2	13,8,7,6,2,2	17,17,13,12,11,6	runs\wave4_s3-cyclic-symmetric-hive\profA_0.jsonl
7			2013	5782	7849	1	1,46,409,914,554,86,3,0	13,12,4,4,2,1	13,12,4,4,2,1	17,16,14,14,6,5	runs\wave4_s3-cyclic-symmetric-hive\profA_0.jsonl
7			804	3058	5329	1	1,46,271,362,116,8,0,0	11,8,7,7,4,1	11,8,7,7,4,1	18,15,12,12,11,8	runs\wave4_s3-cyclic-symmetric-hive\profA_0.jsonl
7			1728	5353	7393	1	1,48,411,808,411,48,1,0	13,8,7,6,1,1	13,8,7,6,1,1	17,17,12,11,10,5	runs\wave4_s3-cyclic-symmetric-hive\profA_0.jsonl
7			948	3655	5809	1	1,49,328,440,125,5,0,0	14,10,5,3,1,1	14,10,5,3,1,1	16,16,14,12,7,3	runs\wave4_s3-cyclic-symmetric-hive\profA_0.jsonl
7			1056	4085	6881	1	1,65,362,462,155,11,0,0	12,8,7,6,6,1	12,8,7,6,6,1	19,14,14,13,12,8	runs\wave4_s3-cyclic-symmetric-hive\profA_0.jsonl
7			1578	6067	8641	1	1,76,544,740,209,8,0,0	12,7,6,6,4,1	12,7,6,6,4,1	17,14,12,12,11,6	runs\wave4_s3-cyclic-symmetric-hive\profA_0.jsonl
7			648	1997	3665	1	1,22,151,290,159,24,1,0	7,7,5,4,3,2	7,7,5,4,3,2	12,11,10,9,7,7	runs\wave4_s3-cyclic-symmetric-hive\profA_1.jsonl
4			227	134	209	1	1,45,131,49,1	12,9,9,6,2,2	12,9,9,6,2,2	18,18,14,11,11,8	runs\wave4_s3-cyclic-symmetric-hive\profA_10.jsonl
4			330	7	10	1	1,58,187,81,3	13,13,7,5,1,1	13,13,7,5,1,1	19,19,15,13,7,7	runs\wave4_s3-cyclic-symmetric-hive\profA_10.jsonl
7			174	689	2225	1	1,14,62,72,23,2,0,0	6,4,4,3,2,1	6,4,4,3,2,1	9,8,7,6,6,4	runs\wave4_s3-cyclic-symmetric-hive\profA_10.jsonl
7			320	1273	2917	1	1,21,115,140,41,2,0,0	12,11,9,3,3,2	12,11,9,3,3,2	18,17,17,11,9,8	runs\wave4_s3-cyclic-symmetric-hive\profA_10.jsonl
7			844	3191	5153	1	1,41,284,396,117,5,0,0	13,11,9,2,2,1	13,11,9,2,2,1	18,17,17,10,8,6	runs\wave4_s3-cyclic-symmetric-hive\profA_10.jsonl
7			947	3655	5749	1	1,48,328,440,125,5,0,0	13,10,8,3,2,2	13,10,8,3,2,2	17,17,16,11,9,6	runs\wave4_s3-cyclic-symmetric-hive\profA_10.jsonl
7			1474	5603	7985	1	1,68,500,696,201,8,0,0	14,9,6,3,1,1	14,9,6,3,1,1	16,16,14,11,8,3	runs\wave4_s3-cyclic-symmetric-hive\profA_10.jsonl
7			1120	608	983	1	1,62,377,507,162,11,0,0	14,10,6,2,1,1	14,10,6,2,1,1	16,16,15,11,7,3	runs\wave4_s3-cyclic-symmetric-hive\profA_11.jsonl
7			1211	4660	7453	1	1,69,415,545,170,11,0,0	16,11,7,2,1,1	16,11,7,2,1,1	18,18,17,12,8,3	runs\wave4_s3-cyclic-symmetric-hive\profA_11.jsonl
7			1456	1108	1717	1	1,80,491,660,210,14,0,0	17,12,7,2,1,1	17,12,7,2,1,1	19,19,18,13,8,3	runs\wave4_s3-cyclic-symmetric-hive\profA_11.jsonl
7			448	1688	3473	1	1,26,149,201,66,5,0,0	8,8,7,5,3,1	8,8,7,5,3,1	15,13,11,9,8,8	runs\wave4_s3-cyclic-symmetric-hive\profA_12.jsonl
7			1140	334	541	1	1,64,385,515,164,11,0,0	15,11,6,2,1,1	15,11,6,2,1,1	17,17,16,12,7,3	runs\wave4_s3-cyclic-symmetric-hive\profA_12.jsonl
4			48	13	40	1	1,17,26,4,0	11,7,7,4,4,1	11,7,7,4,4,1	16,13,13,10,10,6	runs\wave4_s3-cyclic-symmetric-hive\profA_15.jsonl
7			203	808	2341	1	1,15,73,86,26,2,0,0	7,5,4,2,1,1	7,5,4,2,1,1	9,9,8,6,5,3	runs\wave4_s3-cyclic-symmetric-hive\profA_16.jsonl
7			1951	1848	2515	1	1,43,387,883,548,86,3,0	9,8,6,5,3,3	9,8,6,5,3,3	14,14,12,11,9,8	runs\wave4_s3-cyclic-symmetric-hive\profA_16.jsonl
7			784	2972	5177	1	1,44,263,354,114,8,0,0	12,9,6,3,2,2	12,9,6,3,2,2	15,15,14,11,8,5	runs\wave4_s3-cyclic-symmetric-hive\profA_18.jsonl
7			762	2953	5329	1	1,48,262,332,111,8,0,0	13,7,7,6,4,1	13,7,7,6,4,1	18,15,13,12,12,6	runs\wave4_s3-cyclic-symmetric-hive\profA_19.jsonl
4			242	24	37	1	1,49,141,50,1	12,12,7,4,4,1	12,12,7,4,4,1	19,16,16,13,8,8	runs\wave4_s3-cyclic-symmetric-hive\profA_2.jsonl
7			539	2092	4045	1	1,33,187,239,74,5,0,0	10,7,5,2,1,1	10,7,5,2,1,1	12,12,11,8,6,3	runs\wave4_s3-cyclic-symmetric-hive\profA_3.jsonl
4			195	116	185	1	1,40,113,40,1	13,9,9,4,4,1	13,9,9,4,4,1	19,16,16,11,11,7	runs\wave4_s3-cyclic-symmetric-hive\profA_5.jsonl
7			540	2092	4105	1	1,34,187,239,74,5,0,0	13,9,7,3,2,2	13,9,7,3,2,2	16,16,15,11,9,5	runs\wave4_s3-cyclic-symmetric-hive\profA_5.jsonl
7			1577	6067	8581	1	1,75,544,740,209,8,0,0	15,11,8,2,1,1	15,11,8,2,1,1	18,18,17,11,8,4	runs\wave4_s3-cyclic-symmetric-hive\profA_5.jsonl
7			875	3376	5749	1	1,51,301,392,122,8,0,0	13,9,6,2,1,1	13,9,6,2,1,1	15,15,14,10,7,3	runs\wave4_s3-cyclic-symmetric-hive\profA_6.jsonl
7			876	3376	5809	1	1,52,301,392,122,8,0,0	17,11,8,2,1,1	17,11,8,2,1,1	19,19,18,12,9,3	runs\wave4_s3-cyclic-symmetric-hive\profA_7.jsonl
6			12	14	187	1	1,4,7,0,0,0,0	10,9,8,5,4,4	10,9,8,5,4,4	16,16,15,12,12,9	runs\wave4_s3-cyclic-symmetric-hive\profS_0.jsonl
5			17	8	71	1	1,6,8,2,0,0	8,8,7,5,1,1	8,8,7,5,1,1	14,13,10,9,7,7	runs\wave4_s3-cyclic-symmetric-hive\profS_0.jsonl
6			44	45	239	1	1,8,22,12,1,0,0	8,5,4,3,1,1	8,5,4,3,1,1	10,10,7,7,6,4	runs\wave4_s3-cyclic-symmetric-hive\profS_0.jsonl
7			158	616	2081	1	1,12,55,66,22,2,0,0	7,5,4,2,1,1	7,5,4,2,1,1	9,9,8,7,4,3	runs\wave4_s3-cyclic-symmetric-hive\profS_0.jsonl
7			209	803	2297	1	1,14,71,90,31,2,0,0	7,5,4,2,1,1	7,5,4,2,1,1	9,9,7,6,5,4	runs\wave4_s3-cyclic-symmetric-hive\profS_0.jsonl
7			69	380	1993	1	1,14,38,16,0,0,0,0	7,6,4,3,3,1	7,6,4,3,3,1	11,9,9,8,7,4	runs\wave4_s3-cyclic-symmetric-hive\profS_0.jsonl
6			87	97	337	1	1,17,48,20,1,0,0	10,9,9,6,4,2	10,9,9,6,4,2	17,17,14,11,11,10	runs\wave4_s3-cyclic-symmetric-hive\profS_0.jsonl
7			349	1212	2825	1	1,18,102,158,64,6,0,0	6,6,4,3,2,1	6,6,4,3,2,1	10,9,7,7,6,5	runs\wave4_s3-cyclic-symmetric-hive\profS_0.jsonl
7			375	453	995	1	1,20,117,170,63,4,0,0	11,10,9,3,3,2	11,10,9,3,3,2	17,16,15,10,10,8	runs\wave4_s3-cyclic-symmetric-hive\profS_0.jsonl
5			12	15	199	1	1,5,5,1,0,0	7,5,3,3,1,1	7,5,3,3,1,1	9,9,8,6,5,3	runs\wave4_s3-cyclic-symmetric-hive\profS_1.jsonl
6			49	51	259	1	1,10,25,12,1,0,0	11,10,7,4,3,3	11,10,7,4,3,3	16,15,15,12,9,9	runs\wave4_s3-cyclic-symmetric-hive\profS_1.jsonl
5			81	44	123	1	1,16,43,20,1,0	13,13,5,3,1,1	13,13,5,3,1,1	17,17,15,14,5,4	runs\wave4_s3-cyclic-symmetric-hive\profS_1.jsonl
7			155	669	2185	1	1,14,63,64,13,0,0,0	7,7,6,3,2,1	7,7,6,3,2,1	12,11,9,7,7,6	runs\wave4_s3-cyclic-symmetric-hive\profS_1.jsonl
7			101	553	2161	1	1,16,55,28,1,0,0,0	12,11,8,2,2,1	12,11,8,2,2,1	17,16,16,9,8,6	runs\wave4_s3-cyclic-symmetric-hive\profS_1.jsonl
6			151	47	128	1	1,18,66,57,9,0,0	12,11,5,4,2,2	12,11,5,4,2,2	16,16,14,14,7,5	runs\wave4_s3-cyclic-symmetric-hive\profS_1.jsonl
6			177	166	405	1	1,19,77,68,12,0,0	9,6,5,4,1,1	9,6,5,4,1,1	12,12,9,9,7,3	runs\wave4_s3-cyclic-symmetric-hive\profS_1.jsonl
6			54	55	262	1	1,10,27,15,1,0,0	9,9,4,3,2,1	9,9,4,3,2,1	13,12,12,9,5,5	runs\wave4_s3-cyclic-symmetric-hive\profS_2.jsonl
5			61	32	111	1	1,14,31,14,1,0	7,7,5,3,1,1	7,7,5,3,1,1	11,10,9,8,5,5	runs\wave4_s3-cyclic-symmetric-hive\profS_2.jsonl
7			178	702	2233	1	1,14,63,74,24,2,0,0	10,8,5,5,4,2	10,8,5,5,4,2	14,13,12,12,9,8	runs\wave4_s3-cyclic-symmetric-hive\profS_2.jsonl
6			142	131	371	1	1,17,61,54,9,0,0	8,8,5,4,3,2	8,8,5,4,3,2	14,12,10,10,7,7	runs\wave4_s3-cyclic-symmetric-hive\profS_2.jsonl
7			116	620	2253	1	1,17,62,36,0,0,0,0	8,6,4,2,1,1	8,6,4,2,1,1	10,9,9,7,5,4	runs\wave4_s3-cyclic-symmetric-hive\profS_2.jsonl
7			181	809	2457	1	1,18,77,72,13,0,0,0	13,8,7,7,2,1	13,8,7,7,2,1	18,17,12,11,11,7	runs\wave4_s3-cyclic-symmetric-hive\profS_2.jsonl
4			12	0	1	1	1,11,0,0,0	11,6,6,5,5,1	11,6,6,5,5,1	16,12,12,11,10,7	runs\wave4_s3-cyclic-symmetric-hive\profS_3.jsonl
7			55	280	1697	1	1,9,28,17,0,0,0,0	6,5,4,2,2,1	6,5,4,2,2,1	9,9,8,6,5,3	runs\wave4_s3-cyclic-symmetric-hive\profS_3.jsonl
6			59	63	281	1	1,12,31,14,1,0,0	9,7,5,3,2,2	9,7,5,3,2,2	12,12,11,9,6,6	runs\wave4_s3-cyclic-symmetric-hive\profS_3.jsonl
7			135	569	2033	1	1,12,53,56,13,0,0,0	7,6,5,5,2,1	7,6,5,5,2,1	11,11,9,8,7,6	runs\wave4_s3-cyclic-symmetric-hive\profS_3.jsonl
5			65	108	353	1	1,16,36,12,0,0	10,10,5,3,3,1	10,10,5,3,3,1	15,13,13,12,6,5	runs\wave4_s3-cyclic-symmetric-hive\profS_3.jsonl
5			46	24	113	1	1,16,24,5,0,0	13,10,5,5,4,1	13,10,5,5,4,1	18,14,14,14,9,7	runs\wave4_s3-cyclic-symmetric-hive\profS_3.jsonl
7			299	1069	2601	1	1,16,91,134,53,4,0,0	6,5,4,2,2,1	6,5,4,2,2,1	9,9,7,6,5,4	runs\wave4_s3-cyclic-symmetric-hive\profS_3.jsonl
6			156	30	77	1	1,18,71,58,8,0,0	12,10,4,4,2,2	12,10,4,4,2,2	16,15,13,12,7,5	runs\wave4_s3-cyclic-symmetric-hive\profS_3.jsonl
6			40	41	228	1	1,7,20,11,1,0,0	6,5,4,3,1,1	6,5,4,3,1,1	9,9,7,6,6,3	runs\wave4_s3-cyclic-symmetric-hive\profS_4.jsonl
6			88	81	299	1	1,12,38,32,5,0,0	6,5,4,3,1,1	6,5,4,3,1,1	9,9,8,6,4,4	runs\wave4_s3-cyclic-symmetric-hive\profS_4.jsonl
7			66	350	1881	1	1,12,35,18,0,0,0,0	15,9,8,2,1,1	15,9,8,2,1,1	17,16,16,10,9,4	runs\wave4_s3-cyclic-symmetric-hive\profS_4.jsonl
7			154	652	2185	1	1,14,61,64,14,0,0,0	6,5,4,3,3,1	6,5,4,3,3,1	10,9,7,7,6,5	runs\wave4_s3-cyclic-symmetric-hive\profS_4.jsonl
7			98	523	2161	1	1,16,52,28,1,0,0,0	15,14,5,2,1,1	15,14,5,2,1,1	18,18,17,15,5,3	runs\wave4_s3-cyclic-symmetric-hive\profS_4.jsonl
6			88	97	347	1	1,18,48,20,1,0,0	14,8,7,7,3,1	14,8,7,7,3,1	18,18,13,13,12,6	runs\wave4_s3-cyclic-symmetric-hive\profS_4.jsonl
5			102	171	425	1	1,20,57,24,0,0	9,7,4,4,1,1	9,7,4,4,1,1	12,12,9,8,7,4	runs\wave4_s3-cyclic-symmetric-hive\profS_4.jsonl
5			9	12	175	1	1,3,4,1,0,0	6,4,4,2,1,1	6,4,4,2,1,1	8,8,7,6,4,3	runs\wave4_s3-cyclic-symmetric-hive\profS_5.jsonl
6			38	8	49	1	1,9,20,8,0,0,0	9,6,6,2,2,1	9,6,6,2,2,1	12,11,10,8,7,4	runs\wave4_s3-cyclic-symmetric-hive\profS_5.jsonl
5			58	93	329	1	1,14,31,12,0,0	10,10,6,6,4,2	10,10,6,6,4,2	17,14,13,13,10,9	runs\wave4_s3-cyclic-symmetric-hive\profS_5.jsonl
7			177	692	2233	1	1,14,62,74,24,2,0,0	7,6,4,3,2,2	7,6,4,3,2,2	11,9,9,8,6,5	runs\wave4_s3-cyclic-symmetric-hive\profS_5.jsonl
5			57	3	11	1	1,18,33,5,0,0	17,10,7,4,1,1	17,10,7,4,1,1	19,19,16,13,11,2	runs\wave4_s3-cyclic-symmetric-hive\profS_5.jsonl
6			120	123	365	1	1,18,60,38,3,0,0	8,6,6,5,2,1	8,6,6,5,2,1	12,12,10,8,8,6	runs\wave4_s3-cyclic-symmetric-hive\profS_5.jsonl
7			117	620	2313	1	1,18,62,36,0,0,0,0	14,12,5,3,2,2	14,12,5,3,2,2	17,16,16,14,7,6	runs\wave4_s3-cyclic-symmetric-hive\profS_5.jsonl
5			21	11	75	1	1,7,11,2,0,0	6,6,5,3,1,1	6,6,5,3,1,1	10,10,8,7,5,4	runs\wave4_s3-cyclic-symmetric-hive\profS_6.jsonl
5			32	15	83	1	1,8,14,8,1,0	7,7,5,4,3,2	7,7,5,4,3,2	12,12,9,9,7,7	runs\wave4_s3-cyclic-symmetric-hive\profS_6.jsonl
7			10	0	1	1	1,9,0,0,0,0,0,0	13,9,7,4,4,3	13,9,7,4,4,3	17,17,15,13,11,7	runs\wave4_s3-cyclic-symmetric-hive\profS_6.jsonl
6			78	4	15	1	1,13,39,23,2,0,0	9,8,8,3,3,1	9,8,8,3,3,1	15,13,12,9,8,7	runs\wave4_s3-cyclic-symmetric-hive\profS_6.jsonl
5			95	156	401	1	1,18,51,24,1,0	10,10,7,5,5,3	10,10,7,5,5,3	18,15,14,13,10,10	runs\wave4_s3-cyclic-symmetric-hive\profS_6.jsonl
7			349	1271	2877	1	1,19,110,158,57,4,0,0	9,8,7,4,3,3	9,8,7,4,3,3	14,14,12,11,9,8	runs\wave4_s3-cyclic-symmetric-hive\profS_6.jsonl
6			67	71	303	1	1,14,35,16,1,0,0	8,6,6,4,3,1	8,6,6,4,3,1	13,10,10,8,8,7	runs\wave4_s3-cyclic-symmetric-hive\profS_7.jsonl
7			102	553	2221	1	1,17,55,28,1,0,0,0	11,6,6,4,2,1	11,6,6,4,2,1	14,12,11,9,9,5	runs\wave4_s3-cyclic-symmetric-hive\profS_7.jsonl
5			18	27	233	1	1,8,9,0,0,0	8,6,6,4,4,2	8,6,6,4,4,2	13,11,11,10,9,6	runs\wave4_s3-cyclic-symmetric-hive\profS_8.jsonl
7			30	170	1641	1	1,9,17,3,0,0,0,0	7,6,4,3,3,1	7,6,4,3,3,1	10,9,9,8,7,5	runs\wave4_s3-cyclic-symmetric-hive\profS_8.jsonl
6			72	9	35	1	1,11,35,23,2,0,0	8,8,6,3,3,2	8,8,6,3,3,2	13,12,11,9,8,7	runs\wave4_s3-cyclic-symmetric-hive\profS_8.jsonl
6			93	93	317	1	1,14,45,30,3,0,0	8,5,5,3,2,1	8,5,5,3,2,1	11,11,8,7,7,4	runs\wave4_s3-cyclic-symmetric-hive\profS_8.jsonl
6			114	1	3	1	1,16,56,38,3,0,0	9,6,4,3,1,1	9,6,4,3,1,1	11,11,8,8,6,4	runs\wave4_s3-cyclic-symmetric-hive\profS_8.jsonl
4			76	43	101	1	1,22,43,10,0	12,10,5,5,1,1	12,10,5,5,1,1	16,16,12,12,8,4	runs\wave4_s3-cyclic-symmetric-hive\profS_8.jsonl
7			38	210	1601	1	1,8,21,8,0,0,0,0	8,5,4,3,1,1	8,5,4,3,1,1	10,9,9,7,6,3	runs\wave4_s3-cyclic-symmetric-hive\profS_9.jsonl
7			214	287	843	1	1,18,78,88,27,2,0,0	10,6,6,5,3,2	10,6,6,5,3,2	15,12,11,10,10,6	runs\wave4_s3-cyclic-symmetric-hive\profS_9.jsonl
7			332	1233	2897	1	1,20,108,148,51,4,0,0	9,9,4,3,2,1	9,9,4,3,2,1	13,11,11,10,6,5	runs\wave4_s3-cyclic-symmetric-hive\profS_9.jsonl
5	5	26	74	129	397	1	1,20,43,10,0,0	10,9,7,5	10,7,4,3,3	16,13,12,11,6	tier0\runs\fam12\t5.jsonl
5	6	28	121	66	155	1	1,22,64,32,2,0	9,5,5,5,3,1	10,9,8,6,1	15,13,12,10,6,6	tier0\runs\fam12\t6.jsonl
7	6	18	42	230	1721	1	1,10,23,8,0,0,0,0	6,5,5,3,2,1	6,5,4,4,2	10,10,9,6,5,3	tier0\runs\fam12\t6.jsonl
8	6	130	18815	52157	57170	1	1,121,1969,7201,7349,2059,115,0,0	9,6,6,5,2,1	11,6,5,3,1,1	16,11,9,8,7,5	tier0\runs\fam12\t6.jsonl
8	6	110	10471	32423	37236	1	1,101,1405,4371,3731,831,31,0,0	11,8,5,4,2	8,6,4,3	15,13,7,6,5,5	tier0\runs\fam12\t6.jsonl
8	6	91	5916	749	925	1	1,82,964,2610,1906,344,9,0,0	11,9,4,3,1	10,9,7,6,6,3	19,15,11,9,9,6	tier0\runs\fam12\t6.jsonl
8	6	46	2214	1087	1617	1	1,37,362,939,718,152,5,0,0	7,6,5,2,1	7,6,5,2,1,1	10,9,7,7,6,4	tier0\runs\fam12\t6.jsonl
5	6	33	140	77	177	1	1,27,75,35,2,0	12,8,7,6,5,1	12,9,6,3,2,1	20,15,15,10,6,6	tier0\runs\fam12\t6.jsonl
3	5	15	24	11	35	1	1,11,11,1	8,6	11,8,5,2	13,10,8,6,3	tier0\theoryA\cand5b_out.jsonl
3	5	16	26	12	37	1	1,12,12,1	11,9,6	8,8,5,1,1	16,14,11,5,3	tier0\theoryA\cand5b_out.jsonl
3	5	17	28	1	3	1	1,13,13,1	10,7,4,4	10,9,5,3	13,13,11,9,6	tier0\theoryA\cand5b_out.jsonl
3	5	18	31	15	41	1	1,14,15,1	13,8,6,2	8,5	15,11,8,5,3	tier0\theoryA\cand5b_out.jsonl
3	5	18	30	14	41	1	1,14,14,1	16,13,10,5,1	7,4,2	16,16,13,9,4	tier0\theoryA\cand5b_out.jsonl
3	5	20	35	17	45	1	1,16,17,1	12,6,5,2	13,9,6,1	16,13,10,8,7	tier0\theoryA\cand5b_out.jsonl
3	5	20	34	16	45	1	1,16,16,1	12,7,5	11,8,3	16,14,7,7,2	tier0\theoryA\cand5b_out.jsonl
3	5	21	38	19	47	1	1,17,19,1	12,9,7,2	9,5	15,13,9,5,2	tier0\theoryA\cand5b_out.jsonl
3	5	24	45	23	53	1	1,20,23,1	13,9,6,3,1	11,6	16,13,11,6,3	tier0\theoryA\cand5b_out.jsonl
3	5	26	52	27	59	1	1,22,27,2	12,9,4	10,10,7,3	16,13,11,10,5	tier0\theoryA\cand5b_out.jsonl
3	5	30	66	12	23	1	1,26,36,3	12,9,7,3	9,5	15,12,9,6,3	tier0\theoryA\cand5b_out.jsonl
3	5	30	62	33	67	1	1,26,33,2	12,9,7,3	10,5	16,11,9,7,3	tier0\theoryA\cand5b_out.jsonl
4	5	42	178	105	173	1	1,37,102,37,1	13,6,4	9,5,3	16,11,7,4,2	tier0\theoryA\cand5b_out.jsonl
4	5	42	188	7	11	1	1,37,109,40,1	8,6,4	11,7,4	15,11,7,5,2	tier0\theoryA\cand5b_out.jsonl
4	5	45	194	23	37	1	1,40,112,40,1	11,8,4	9,7,3	16,11,9,4,2	tier0\theoryA\cand5b_out.jsonl
4	5	50	236	141	211	1	1,45,138,51,1	10,7,5	12,8,6,2	16,13,9,9,3	tier0\theoryA\cand5b_out.jsonl
4	5	51	233	139	212	1	1,46,136,49,1	11,9,6	11,7,4	15,13,9,7,4	tier0\theoryA\cand5b_out.jsonl
4	5	51	240	72	107	1	1,46,141,51,1	12,8,4	13,6,4	16,14,9,6,2	tier0\theoryA\cand5b_out.jsonl
4	5	53	255	153	224	1	1,48,150,55,1	10,8,5	10,7,4	16,13,8,5,2	tier0\theoryA\cand5b_out.jsonl
4	5	60	322	193	267	1	1,55,187,77,2	11,8,5	12,8,4	15,13,10,6,4	tier0\theoryA\cand5b_out.jsonl
4	5	61	319	191	268	1	1,56,185,75,2	11,6,4	10,10,5,2	16,13,10,6,3	tier0\theoryA\cand5b_out.jsonl
4	5	71	417	250	329	1	1,66,241,106,3	11,8,4	11,7,4	16,13,8,6,2	tier0\theoryA\cand5b_out.jsonl
5	5	130	2061	3051	3473	1	1,124,872,918,145,1	13,9,6,2	12,9,4	16,14,12,9,4	tier0\theoryA\cand5b_out.jsonl
