I????????	10	0	0	0
I??????_?	10	1	0	0
I??????o?	10	2	0	0
I??????w?	10	3	0	0
I??????{?	10	4	0	0
I??????}?	10	5	0	0
I??????~?	10	6	0	0
I??????~_	10	7	0	0
I??????~o	10	8	0	0
I??????~w	10	9	0	0
I????A?O?	10	2	0	1
I????A?o?	10	3	0	1
I????A?W?	10	3	0	1
I????A?w?	10	4	0	1
I????A?[?	10	4	0	1
I????A?{?	10	5	0	1
I????A?]?	10	5	0	1
I????A?}?	10	6	0	1
I????A?^?	10	6	0	1
I????A?~?	10	7	0	1
I????A?^_	10	7	0	1
I????A?~_	10	8	0	1
I????A?^o	10	8	0	1
I????A?~o	10	9	0	0
I????B?o?	10	4	0	0
I????B?w?	10	5	0	1
I????B?K?	10	4	0	2
I????B?k?	10	5	0	2
I????B?{?	10	6	0	2
I????B?M?	10	5	0	2
I????B?m?	10	6	0	2
I????B?}?	10	7	0	2
I????B?N?	10	6	0	2
I????B?n?	10	7	0	2
I????B?~?	10	8	0	2
I????B?N_	10	7	0	2
I????B?n_	10	8	0	2
I????B?~_	10	9	0	1
I????B?No	10	8	0	1
I????B?no	10	9	0	1
I????B?~o	10	10	0	0
I????B?KG	10	5	0	2
I????B?MG	10	6	0	2
I????B?NG	10	7	0	2
I????B?Ng	10	8	0	1
I????B?Nw	10	9	0	0
I????B_w?	10	6	0	0
I????B_s?	10	6	0	2
I????B_{?	10	7	0	1
I????B_e?	10	6	0	3
I????B_u?	10	7	0	3
I????B_}?	10	8	0	2
I????B_F?	10	6	0	3
I????B_f?	10	7	0	3
I????B_v?	10	8	0	3
I????B_~?	10	9	0	2
I????B_F_	10	7	0	2
I????B_f_	10	8	0	3
I????B_v_	10	9	0	2
I????B_~_	10	10	0	1
I????B_Fo	10	8	0	1
I????B_fo	10	9	0	2
I????B_vo	10	10	0	1
I????B_~o	10	11	0	0
I????B_FG	10	7	0	2
I????B_Fg	10	8	0	1
I????B_Fw	10	9	0	0
I????Bo{?	10	8	0	0
I????Boy?	10	8	0	2
I????Bo}?	10	9	0	1
I????Bor?	10	8	0	4
I????Boz?	10	9	0	3
I????Bo~?	10	10	0	2
I????Bob_	10	8	0	3
I????Bor_	10	9	0	3
I????Boz_	10	10	0	2
I????Bo~_	10	11	0	1
I????BoBo	10	8	0	1
I????Bobo	10	9	0	2
I????Boro	10	10	0	2
I????Bozo	10	11	0	1
I????Bo~o	10	12	0	0
I????BoBw	10	9	0	0
I????Bw}?	10	10	0	0
I????Bw|?	10	10	0	2
I????Bw~?	10	11	0	1
I????Bwx_	10	10	0	3
I????Bw|_	10	11	0	2
I????Bw~_	10	12	0	1
I????Bwpo	10	10	0	3
I????Bwxo	10	11	0	2
I????Bw|o	10	12	0	1
I????Bw~o	10	13	0	0
I????B{~?	10	12	0	0
I????B{}_	10	12	0	2
I????B{~_	10	13	0	1
I????B{{o	10	12	0	2
I????B{}o	10	13	0	1
I????B{~o	10	14	0	0
I????B}~_	10	14	0	0
I????B}~O	10	14	0	1
I????B}~o	10	15	0	0
I????B~~o	10	16	0	0
I???C@?o?	10	4	0	2
I???C@?G?	10	3	0	2
I???C@?g?	10	4	0	2
I???C@?w?	10	5	0	2
I???C@?K?	10	4	0	2
I???C@?k?	10	5	0	2
I???C@?{?	10	6	0	2
I???C@?M?	10	5	0	2
I???C@?m?	10	6	0	2
I???C@?}?	10	7	0	2
I???C@?N?	10	6	0	2
I???C@?n?	10	7	0	2
I???C@?~?	10	8	0	2
I???C@?N_	10	7	0	2
I???C@?n_	10	8	0	2
I???C@?~_	10	9	0	2
I???CB?w?	10	6	0	2
I???CB?[?	10	6	0	3
I???CB?{?	10	7	0	3
I???CB?M?	10	6	0	3
I???CB?m?	10	7	0	3
I???CB?]?	10	7	0	3
I???CB?}?	10	8	0	3
I???CB?N?	10	7	0	3
I???CB?n?	10	8	0	3
I???CB?^?	10	8	0	3
I???CB?~?	10	9	0	2
I???CB?N_	10	8	0	3
I???CB?n_	10	9	0	2
I???CB?^_	10	9	0	2
I???CB?~_	10	10	0	1
I???CB?OO	10	5	1	3
I???CB?WO	10	6	1	3
I???CB?[O	10	7	1	3
I???CB?]O	10	8	1	3
I???CB?^O	10	9	1	3
I???CB?^o	10	10	1	2
I???C@_o?	10	5	0	3
I???C@_W?	10	5	0	1
I???C@_w?	10	6	0	2
I???C@_c?	10	5	0	3
I???C@_s?	10	6	0	3
I???C@_[?	10	6	0	2
I???C@_{?	10	7	0	3
I???C@_E?	10	5	0	3
I???C@_e?	10	6	0	3
I???C@_U?	10	6	0	3
I???C@_u?	10	7	0	3
I???C@_]?	10	7	0	3
I???C@_}?	10	8	0	3
I???C@_F?	10	6	0	3
I???C@_f?	10	7	0	3
I???C@_V?	10	7	0	3
I???C@_v?	10	8	0	3
I???C@_^?	10	8	0	3
I???C@_~?	10	9	0	3
I???C@_F_	10	7	0	3
I???C@_f_	10	8	0	3
I???C@_V_	10	8	0	3
I???C@_v_	10	9	0	3
I???C@_^_	10	9	0	3
I???C@_~_	10	10	0	2
I???C@_cG	10	6	0	3
I???C@_EG	10	6	0	3
I???C@_eG	10	7	0	3
I???C@_FG	10	7	0	3
I???C@_fG	10	8	0	3
I???C@_Fg	10	8	0	3
I???C@_fg	10	9	0	2
I???CB_{?	10	8	0	2
I???CB_u?	10	8	0	4
I???CB_]?	10	8	0	4
I???CB_}?	10	9	0	3
I???CB_f?	10	8	0	4
I???CB_V?	10	8	0	4
I???CB_v?	10	9	0	4
I???CB_^?	10	9	0	4
I???CB_~?	10	10	0	3
I???CB_F_	10	8	0	3
I???CB_f_	10	9	0	4
I???CB_V_	10	9	0	4
I???CB_v_	10	10	0	3
I???CB_^_	10	10	0	3
I???CB_~_	10	11	0	2
I???CB_WO	10	7	1	3
I???CB_SO	10	7	1	4
I???CB_[O	10	8	1	4
I???CB_EO	10	7	0	4
I???CB_UO	10	8	1	4
I???CB_]O	10	9	1	4
I???CB_FO	10	8	0	3
I???CB_VO	10	9	1	4
I???CB_^O	10	10	1	3
I???CB_Fo	10	9	0	2
I???CB_Vo	10	10	1	3
I???CB_^o	10	11	1	2
I???CB_Fg	10	9	0	2
I???CB_EW	10	8	0	3
I???CB_FW	10	9	0	2
I???CB_Fw	10	10	0	1
I???C@ow?	10	7	0	3
I???C@o[?	10	7	0	1
I???C@o{?	10	8	0	2
I???C@oq?	10	7	0	4
I???C@oY?	10	7	0	3
I???C@oy?	10	8	0	4
I???C@o]?	10	8	0	2
I???C@o}?	10	9	0	3
I???C@ob?	10	7	0	4
I???C@oR?	10	7	0	4
I???C@or?	10	8	0	4
I???C@oZ?	10	8	0	4
I???C@oz?	10	9	0	4
I???C@o^?	10	9	0	3
I???C@o~?	10	10	0	3
I???C@oB_	10	7	0	4
I???C@ob_	10	8	0	3
I???C@oR_	10	8	0	4
I???C@or_	10	9	0	4
I???C@oZ_	10	9	0	4
I???C@oz_	10	10	0	3
I???C@o^_	10	10	0	3
I???C@o~_	10	11	0	2
I???C@obG	10	8	0	3
I???C@oBg	10	8	0	3
I???C@obg	10	9	0	2
I???CBo{?	10	9	0	1
I???CBoy?	10	9	0	3
I???CBo}?	10	10	0	2
I???CBor?	10	9	0	5
I???CBoz?	10	10	0	4
I???CBo^?	10	10	0	4
I???CBo~?	10	11	0	3
I???CBob_	10	9	0	4
I???CBor_	10	10	0	4
I???CBoZ_	10	10	0	4
I???CBoz_	10	11	0	3
I???CBo^_	10	11	0	3
I???CBo~_	10	12	0	2
I???CBo[O	10	9	1	3
I???CBoYO	10	9	1	5
I???CBo]O	10	10	1	4
I???CBoRO	10	9	1	4
I???CBoZO	10	10	1	4
I???CBo^O	10	11	1	3
I???CBoBo	10	9	0	2
I???CBoRo	10	10	1	3
I???CBoZo	10	11	1	3
I???CBo^o	10	12	1	2
I???CBoBw	10	10	0	1
I???C@w{?	10	9	0	3
I???C@w]?	10	9	0	1
I???C@w}?	10	10	0	2
I???C@wx?	10	9	0	5
I???C@w\?	10	9	0	3
I???C@w|?	10	10	0	4
I???C@w^?	10	10	0	2
I???C@w~?	10	11	0	3
I???C@wp_	10	9	0	4
I???C@wX_	10	9	0	5
I???C@wx_	10	10	0	4
I???C@w\_	10	10	0	4
I???C@w|_	10	11	0	3
I???C@w^_	10	11	0	3
I???C@w~_	10	12	0	2
I???CBw}?	10	11	0	1
I???CBw|?	10	11	0	3
I???CBw~?	10	12	0	2
I???CBwx_	10	11	0	4
I???CBw|_	10	12	0	3
I???CBw^_	10	12	0	3
I???CBw~_	10	13	0	2
I???CBw]O	10	11	1	3
I???CBw\O	10	11	1	4
I???CBw^O	10	12	1	3
I???CBwXo	10	11	1	4
I???CBw\o	10	12	1	3
I???CBw^o	10	13	1	2
I???C@{}?	10	11	0	3
I???C@{^?	10	11	0	1
I???C@{~?	10	12	0	2
I???C@{{_	10	11	0	4
I???C@{]_	10	11	0	3
I???C@{}_	10	12	0	3
I???C@{^_	10	12	0	2
I???C@{~_	10	13	0	2
I???CB{~?	10	13	0	1
I???CB{}_	10	13	0	2
I???CB{~_	10	14	0	1
I???CB{^O	10	13	1	2
I???CB{]o	10	13	1	2
I???CB{^o	10	14	1	1
I???C@}~?	10	13	0	2
I???C@}^_	10	13	0	1
I???C@}~_	10	14	0	1
I???CB}~_	10	15	0	0
I???CB}^o	10	15	1	0
I???EB?w?	10	7	0	1
I???EB?{?	10	8	0	2
I???EB?M?	10	7	0	3
I???EB?m?	10	8	0	3
I???EB?}?	10	9	0	2
I???EB?N?	10	8	0	3
I???EB?n?	10	9	0	2
I???EB?~?	10	10	0	1
I???EB?N_	10	9	0	2
I???EB?n_	10	10	0	1
I???EB?~_	10	11	0	0
I???EA_W?	10	6	0	3
I???EA_w?	10	7	0	2
I???EA_[?	10	7	0	4
I???EA_{?	10	8	0	3
I???EA_U?	10	7	0	4
I???EA_u?	10	8	0	4
I???EA_]?	10	8	0	4
I???EA_}?	10	9	0	4
I???EA_F?	10	7	0	4
I???EA_f?	10	8	0	4
I???EA_V?	10	8	0	4
I???EA_v?	10	9	0	4
I???EA_^?	10	9	0	4
I???EA_~?	10	10	0	3
I???EA_F_	10	8	0	4
I???EA_f_	10	9	0	4
I???EA_V_	10	9	0	4
I???EA_v_	10	10	0	3
I???EA_^_	10	10	0	3
I???EA_~_	10	11	0	2
I???EA_KO	10	7	1	4
I???EA_MO	10	8	1	4
I???EA_FO	10	8	0	4
I???EA_NO	10	9	1	4
I???EA_Fo	10	9	0	3
I???EA_No	10	10	1	3
I???EA_CW	10	7	0	3
I???EA_EW	10	8	0	4
I???EA_FW	10	9	0	3
I???EA_Fw	10	10	0	2
I???EB_w?	10	8	0	1
I???EB_s?	10	8	0	2
I???EB_{?	10	9	0	2
I???EB_u?	10	9	0	3
I???EB_m?	10	9	0	4
I???EB_}?	10	10	0	3
I???EB_f?	10	9	0	4
I???EB_v?	10	10	0	3
I???EB_N?	10	9	0	4
I???EB_n?	10	10	0	3
I???EB_~?	10	11	0	2
I???EB_F_	10	9	0	3
I???EB_f_	10	10	0	3
I???EB_v_	10	11	0	2
I???EB_N_	10	10	0	3
I???EB_n_	10	11	0	2
I???EB_~_	10	12	0	1
I???EB_KO	10	8	1	4
I???EB_EO	10	8	0	4
I???EB_MO	10	9	1	4
I???EB_FO	10	9	0	3
I???EB_NO	10	10	1	3
I???EB_Fo	10	10	0	2
I???EB_No	10	11	1	2
I???EB_Fg	10	10	0	2
I???EB_FW	10	10	0	2
I???EB_Fw	10	11	0	1
I???E?oo?	10	6	0	2
I???E?ow?	10	7	0	3
I???E?o{?	10	8	0	4
I???E?oq?	10	7	0	3
I???E?oi?	10	7	0	4
I???E?oy?	10	8	0	4
I???E?o}?	10	9	0	4
I???E?oB?	10	6	0	4
I???E?ob?	10	7	0	4
I???E?or?	10	8	0	4
I???E?oj?	10	8	0	4
I???E?oz?	10	9	0	4
I???E?o~?	10	10	0	4
I???E?oB_	10	7	0	4
I???E?ob_	10	8	0	4
I???E?or_	10	9	0	4
I???E?oj_	10	9	0	4
I???E?oz_	10	10	0	4
I???E?o~_	10	11	0	3
I???E?oKO	10	7	0	3
I???E?oIO	10	7	0	4
I???E?oMO	10	8	0	4
I???E?oBO	10	7	0	4
I???E?oJO	10	8	0	4
I???E?oNO	10	9	0	4
I???E?oBo	10	8	0	4
I???E?oJo	10	9	0	4
I???E?oNo	10	10	0	3
I???E?oAW	10	7	0	4
I???E?oBW	10	8	0	4
I???E?oBw	10	9	0	4
I???EAo[?	10	8	0	4
I???EAo{?	10	9	0	3
I???EAoY?	10	8	0	5
I???EAoy?	10	9	0	4
I???EAom?	10	9	0	3
I???EAo]?	10	9	0	5
I???EAo}?	10	10	0	4
I???EAoR?	10	8	0	5
I???EAor?	10	9	0	5
I???EAoj?	10	9	0	5
I???EAoZ?	10	9	0	5
I???EAoz?	10	10	0	5
I???EAoN?	10	9	0	5
I???EAon?	10	10	0	4
I???EAo^?	10	10	0	5
I???EAo~?	10	11	0	4
I???EAob_	10	9	0	5
I???EAoR_	10	9	0	4
I???EAor_	10	10	0	5
I???EAoJ_	10	9	0	5
I???EAoj_	10	10	0	5
I???EAoZ_	10	10	0	5
I???EAoz_	10	11	0	4
I???EAoN_	10	10	0	5
I???EAon_	10	11	0	4
I???EAo^_	10	11	0	4
I???EAo~_	10	12	0	3
I???EAoIO	10	8	1	5
I???EAoMO	10	9	1	5
I???EAoBO	10	8	0	5
I???EAoJO	10	9	1	5
I???EAoNO	10	10	1	5
I???EAoBo	10	9	0	4
I???EAoJo	10	10	1	4
I???EAoNo	10	11	1	4
I???EAoRG	10	9	1	4
I???EAoRg	10	10	1	3
I???EAoBw	10	10	0	3
I???EBo{?	10	10	0	2
I???EBoy?	10	10	0	3
I???EBo}?	10	11	0	3
I???EBor?	10	10	0	4
I???EBoz?	10	11	0	4
I???EBon?	10	11	0	4
I???EBo~?	10	12	0	3
I???EBor_	10	11	0	4
I???EBoj_	10	11	0	4
I???EBoz_	10	12	0	3
I???EBoN_	10	11	0	4
I???EBon_	10	12	0	3
I???EBo~_	10	13	0	2
I???EBoNO	10	11	1	4
I???EBoJo	10	11	1	3
I???EBoNo	10	12	1	3
I???E?ww?	10	8	0	4
I???E?wk?	10	8	0	4
I???E?w{?	10	9	0	5
I???E?wM?	10	8	0	2
I???E?wm?	10	9	0	3
I???E?w}?	10	10	0	4
I???E?wp?	10	8	0	4
I???E?wh?	10	8	0	5
I???E?wx?	10	9	0	5
I???E?wL?	10	8	0	4
I???E?wl?	10	9	0	5
I???E?w|?	10	10	0	5
I???E?wN?	10	9	0	3
I???E?wn?	10	10	0	4
I???E?w~?	10	11	0	4
I???E?w`_	10	8	0	5
I???E?wp_	10	9	0	4
I???E?wH_	10	8	0	5
I???E?wh_	10	9	0	5
I???E?wx_	10	10	0	5
I???E?wL_	10	9	0	5
I???E?wl_	10	10	0	5
I???E?w|_	10	11	0	4
I???E?wN_	10	10	0	4
I???E?wn_	10	11	0	4
I???E?w~_	10	12	0	3
I???E?wMO	10	9	0	3
I???E?wLO	10	9	0	4
I???E?wNO	10	10	0	3
I???E?w@o	10	8	0	5
I???E?wHo	10	9	0	5
I???E?wLo	10	10	0	4
I???E?wNo	10	11	0	3
I???E?wpG	10	9	0	3
I???E?w`g	10	9	0	4
I???E?wpg	10	10	0	3
I???EAw{?	10	10	0	4
I???EAwm?	10	10	0	2
I???EAw]?	10	10	0	4
I???EAw}?	10	11	0	3
I???EAwx?	10	10	0	5
I???EAwl?	10	10	0	4
I???EAw\?	10	10	0	6
I???EAw|?	10	11	0	5
I???EAwn?	10	11	0	3
I???EAw^?	10	11	0	5
I???EAw~?	10	12	0	4
I???EAwp_	10	10	0	5
I???EAwh_	10	10	0	6
I???EAwX_	10	10	0	5
I???EAwx_	10	11	0	5
I???EAwl_	10	11	0	5
I???EAw\_	10	11	0	5
I???EAw|_	10	12	0	4
I???EAwN_	10	11	0	4
I???EAwn_	10	12	0	4
I???EAw^_	10	12	0	4
I???EAw~_	10	13	0	3
I???EAwNO	10	11	1	4
I???EAwLo	10	11	1	4
I???EAwNo	10	12	1	3
I???EBw}?	10	12	0	2
I???EBw|?	10	12	0	4
I???EBw~?	10	13	0	3
I???EBwx_	10	12	0	4
I???EBw|_	10	13	0	3
I???EBwn_	10	13	0	3
I???EBw~_	10	14	0	2
I???EBwNo	10	13	1	2
I???E?{{?	10	10	0	5
I???E?{m?	10	10	0	4
I???E?{}?	10	11	0	4
I???E?{N?	10	10	0	2
I???E?{n?	10	11	0	3
I???E?{~?	10	12	0	3
I???E?{w_	10	10	0	4
I???E?{k_	10	10	0	5
I???E?{{_	10	11	0	4
I???E?{M_	10	10	0	4
I???E?{m_	10	11	0	4
I???E?{}_	10	12	0	3
I???E?{N_	10	11	0	3
I???E?{n_	10	12	0	3
I???E?{~_	10	13	0	2
I???E?{NO	10	11	0	2
I???E?{Mo	10	11	0	3
I???E?{No	10	12	0	2
I???EA{}?	10	12	0	4
I???EA{n?	10	12	0	2
I???EA{^?	10	12	0	4
I???EA{~?	10	13	0	3
I???EA{{_	10	12	0	4
I???EA{m_	10	12	0	4
I???EA{]_	10	12	0	4
I???EA{}_	10	13	0	3
I???EA{n_	10	13	0	3
I???EA{^_	10	13	0	3
I???EA{~_	10	14	0	2
I???EA{No	10	13	1	2
I???EB{~?	10	14	0	2
I???EB{}_	10	14	0	2
I???EB{~_	10	15	0	1
I???E?}}?	10	12	0	3
I???E?}n?	10	12	0	3
I???E?}~?	10	13	0	2
I???E?}N_	10	12	0	2
I???E?}n_	10	13	0	2
I???E?}~_	10	14	0	1
I???E?}No	10	13	0	1
I???EA}~?	10	14	0	2
I???EA}n_	10	14	0	2
I???EA}^_	10	14	0	2
I???EA}~_	10	15	0	1
I???EB}~_	10	16	0	0
I???E?p{?	10	9	1	5
I???E?py?	10	9	1	5
I???E?p}?	10	10	1	5
I???E?pr?	10	9	0	4
I???E?pj?	10	9	1	5
I???E?pz?	10	10	1	5
I???E?p~?	10	11	1	4
I???E?pb_	10	9	0	4
I???E?pr_	10	10	0	3
I???E?pj_	10	10	1	5
I???E?pz_	10	11	1	4
I???E?p~_	10	12	1	3
I???E?pMO	10	9	0	3
I???E?pJO	10	9	0	4
I???E?pNO	10	10	0	3
I???E?pBo	10	9	0	4
I???E?pJo	10	10	0	3
I???E?pNo	10	11	0	2
I???E?x{?	10	10	1	5
I???E?xm?	10	10	1	4
I???E?x}?	10	11	1	4
I???E?xx?	10	10	1	4
I???E?xl?	10	10	1	5
I???E?x|?	10	11	1	4
I???E?xN?	10	10	0	3
I???E?xn?	10	11	1	4
I???E?x~?	10	12	1	3
I???E?xp_	10	10	0	3
I???E?xh_	10	10	1	5
I???E?xx_	10	11	1	4
I???E?xL_	10	10	0	4
I???E?xl_	10	11	1	4
I???E?x|_	10	12	1	3
I???E?xN_	10	11	0	3
I???E?xn_	10	12	1	3
I???E?x~_	10	13	1	2
I???E?xNO	10	11	0	2
I???E?xLo	10	11	0	3
I???E?xNo	10	12	0	2
I???E?xpg	10	11	0	2
I???E?|}?	10	12	1	3
I???E?|n?	10	12	1	3
I???E?|~?	10	13	1	2
I???E?|{_	10	12	1	3
I???E?|m_	10	12	1	3
I???E?|}_	10	13	1	2
I???E?|N_	10	12	0	2
I???E?|n_	10	13	1	2
I???E?|~_	10	14	1	1
I???E?|NO	10	12	0	1
I???E?|Mo	10	12	0	2
I???E?|No	10	13	0	1
I???E?~~?	10	14	1	1
I???E?~n_	10	14	1	1
I???E?~~_	10	15	1	0
I???E?~No	10	14	0	0
I???FB_w?	10	9	0	0
I???FB_{?	10	10	0	1
I???FB_u?	10	10	0	3
I???FB_}?	10	11	0	2
I???FB_F?	10	9	0	3
I???FB_f?	10	10	0	3
I???FB_v?	10	11	0	2
I???FB_~?	10	12	0	1
I???FB_F_	10	10	0	2
I???FB_f_	10	11	0	2
I???FB_v_	10	12	0	1
I???FB_~_	10	13	0	0
I???FB_Fo	10	11	0	1
I???FB_EW	10	10	0	2
I???FB_FW	10	11	0	1
I???FB_Fw	10	12	0	0
I???FBO{?	10	10	0	2
I???FBOy?	10	10	0	3
I???FBOm?	10	10	0	4
I???FBO}?	10	11	0	3
I???FBOr?	10	10	0	4
I???FBOJ?	10	9	0	5
I???FBOj?	10	10	0	5
I???FBOz?	10	11	0	4
I???FBON?	10	10	0	5
I???FBOn?	10	11	0	4
I???FBO~?	10	12	0	3
I???FBOb_	10	10	0	5
I???FBOr_	10	11	0	4
I???FBOJ_	10	10	0	4
I???FBOj_	10	11	0	4
I???FBOz_	10	12	0	3
I???FBON_	10	11	0	4
I???FBOn_	10	12	0	3
I???FBO~_	10	13	0	2
I???FBOFo	10	11	1	3
I???FBOBW	10	10	0	3
I???FBOBw	10	11	0	2
I???FBo{?	10	11	0	1
I???FBoy?	10	11	0	2
I???FBo}?	10	12	0	2
I???FBoz?	10	12	0	3
I???FBov?	10	12	0	3
I???FBo~?	10	13	0	2
I???FBor_	10	12	0	3
I???FBoz_	10	13	0	2
I???FBof_	10	12	0	3
I???FBov_	10	13	0	2
I???FBo~_	10	14	0	1
I???FBoFO	10	11	1	3
I???FBoBo	10	11	0	2
I???FBoFo	10	12	1	2
I???FAW[?	10	9	0	5
I???FAW{?	10	10	0	4
I???FAW]?	10	10	0	5
I???FAW}?	10	11	0	4
I???FAWx?	10	10	0	4
I???FAWT?	10	9	0	6
I???FAWt?	10	10	0	5
I???FAW\?	10	10	0	6
I???FAW|?	10	11	0	5
I???FAW^?	10	11	0	6
I???FAW~?	10	12	0	5
I???FAWp_	10	10	0	6
I???FAWX_	10	10	0	5
I???FAWx_	10	11	0	5
I???FAWT_	10	10	0	6
I???FAWt_	10	11	0	6
I???FAW\_	10	11	0	6
I???FAW|_	10	12	0	5
I???FAW^_	10	12	0	5
I???FAW~_	10	13	0	4
I???FAWFO	10	10	1	4
I???FAWDo	10	10	1	5
I???FAWFo	10	11	1	4
I???FAW@w	10	10	0	4
I???FBW{?	10	11	0	3
I???FBWu?	10	11	0	3
I???FBWm?	10	11	0	4
I???FBW}?	10	12	0	3
I???FBWx?	10	11	0	4
I???FBWt?	10	11	0	4
I???FBWl?	10	11	0	5
I???FBW|?	10	12	0	4
I???FBWv?	10	12	0	4
I???FBWn?	10	12	0	5
I???FBW~?	10	13	0	4
I???FBWp_	10	11	0	5
I???FBWh_	10	11	0	6
I???FBWx_	10	12	0	5
I???FBWt_	10	12	0	5
I???FBWl_	10	12	0	5
I???FBW|_	10	13	0	4
I???FBWf_	10	12	0	5
I???FBWv_	10	13	0	4
I???FBWN_	10	12	0	5
I???FBWn_	10	13	0	4
I???FBW~_	10	14	0	3
I???FBWFO	10	11	1	4
I???FBWDo	10	11	1	4
I???FBWFo	10	12	1	3
I???FBw}?	10	13	0	2
I???FBw|?	10	13	0	3
I???FBw~?	10	14	0	3
I???FBwx_	10	13	0	4
I???FBw|_	10	14	0	3
I???FBwv_	10	14	0	3
I???FBw~_	10	15	0	2
I???F?[{?	10	10	0	4
I???F?[u?	10	10	0	5
I???F?[}?	10	11	0	4
I???F?[~?	10	12	0	3
I???F?[o_	10	9	0	4
I???F?[w_	10	10	0	3
I???F?[c_	10	9	0	6
I???F?[s_	10	10	0	5
I???F?[{_	10	11	0	4
I???F?[u_	10	11	0	4
I???F?[}_	10	12	0	3
I???F?[~_	10	13	0	2
I???F?[FO	10	10	0	2
I???F?[Eo	10	10	0	3
I???F?[Fo	10	11	0	2
I???FA[{?	10	11	0	4
I???FA[u?	10	11	0	5
I???FA[]?	10	11	0	6
I???FA[}?	10	12	0	5
I???FA[f?	10	11	0	3
I???FA[V?	10	11	0	5
I???FA[v?	10	12	0	4
I???FA[^?	10	12	0	5
I???FA[~?	10	13	0	4
I???FA[w_	10	11	0	4
I???FA[s_	10	11	0	6
I???FA[[_	10	11	0	5
I???FA[{_	10	12	0	5
I???FA[e_	10	11	0	5
I???FA[U_	10	11	0	6
I???FA[u_	10	12	0	5
I???FA[]_	10	12	0	5
I???FA[}_	10	13	0	4
I???FA[f_	10	12	0	4
I???FA[V_	10	12	0	5
I???FA[v_	10	13	0	4
I???FA[^_	10	13	0	4
I???FA[~_	10	14	0	3
I???FA[Fo	10	12	1	3
I???FB[}?	10	13	0	4
I???FB[v?	10	13	0	3
I???FB[n?	10	13	0	4
I???FB[~?	10	14	0	3
I???FB[{_	10	13	0	4
I???FB[u_	10	13	0	4
I???FB[m_	10	13	0	4
I???FB[}_	10	14	0	3
I???FB[v_	10	14	0	3
I???FB[n_	10	14	0	3
I???FB[~_	10	15	0	2
I???FB{~?	10	15	0	2
I???FB{}_	10	15	0	2
I???FB{~_	10	16	0	1
I???F?]{?	10	11	0	3
I???F?]u?	10	11	0	4
I???F?]}?	10	12	0	3
I???F?]f?	10	11	0	4
I???F?]v?	10	12	0	3
I???F?]~?	10	13	0	2
I???F?]F_	10	11	0	2
I???F?]f_	10	12	0	3
I???F?]v_	10	13	0	2
I???F?]~_	10	14	0	1
I???F?]Fo	10	12	0	1
I???FA]}?	10	13	0	4
I???FA]v?	10	13	0	4
I???FA]^?	10	13	0	4
I???FA]~?	10	14	0	3
I???FA]f_	10	13	0	3
I???FA]V_	10	13	0	4
I???FA]v_	10	14	0	3
I???FA]^_	10	14	0	3
I???FA]~_	10	15	0	2
I???FB]~?	10	15	0	2
I???FB]v_	10	15	0	2
I???FB]n_	10	15	0	2
I???FB]~_	10	16	0	1
I???FB}~_	10	17	0	0
I???F?\}?	10	12	1	3
I???F?\~?	10	13	1	2
I???F?\{_	10	12	1	3
I???F?\u_	10	12	1	3
I???F?\}_	10	13	1	2
I???F?\~_	10	14	1	1
I???F?\Fo	10	12	0	1
I???F?^}?	10	13	1	2
I???F?^v?	10	13	1	2
I???F?^~?	10	14	1	1
I???F?^f_	10	13	1	2
I???F?^v_	10	14	1	1
I???F?^~_	10	15	1	0
I???Fbo{?	10	12	0	0
I???Fbo}?	10	13	0	1
I???Fbor?	10	12	0	3
I???Fboz?	10	13	0	2
I???Fbo~?	10	14	0	1
I???Fbor_	10	13	0	2
I???Fboz_	10	14	0	1
I???Fbo~_	10	15	0	0
I???FboBw	10	13	0	0
I???Fbg{?	10	12	0	2
I???Fbgu?	10	12	0	3
I???Fbg}?	10	13	0	2
I???Fbgx?	10	12	0	3
I???Fbgt?	10	12	0	4
I???Fbg|?	10	13	0	3
I???Fbgv?	10	13	0	4
I???Fbg~?	10	14	0	3
I???Fbgp_	10	12	0	5
I???Fbgx_	10	13	0	4
I???Fbgt_	10	13	0	4
I???Fbg|_	10	14	0	3
I???Fbgf_	10	13	0	4
I???Fbgv_	10	14	0	3
I???Fbg~_	10	15	0	2
I???Fbw}?	10	14	0	1
I???Fbw|?	10	14	0	2
I???Fbw~?	10	15	0	2
I???Fbw|_	10	15	0	2
I???Fbwz_	10	15	0	2
I???Fbw~_	10	16	0	1
I???FbKm?	10	12	0	5
I???FbK}?	10	13	0	4
I???FbKN?	10	12	0	6
I???FbKn?	10	13	0	5
I???FbK~?	10	14	0	4
I???FbK{_	10	13	0	4
I???FbKi_	10	12	0	6
I???FbKy_	10	13	0	5
I???FbKm_	10	13	0	5
I???FbK}_	10	14	0	4
I???FbKN_	10	13	0	5
I???FbKn_	10	14	0	4
I???FbK~_	10	15	0	3
I???Fbk}?	10	14	0	3
I???Fbkz?	10	14	0	3
I???Fbkv?	10	14	0	4
I???Fbk~?	10	15	0	3
I???Fbk{_	10	14	0	3
I???Fbky_	10	14	0	4
I???Fbku_	10	14	0	4
I???Fbk}_	10	15	0	3
I???Fbkz_	10	15	0	3
I???Fbkv_	10	15	0	3
I???Fbk~_	10	16	0	2
I???Fb{~?	10	16	0	2
I???Fb{}_	10	16	0	2
I???Fb{~_	10	17	0	1
I???FaM{?	10	12	0	3
I???FaMy?	10	12	0	5
I???FaM]?	10	12	0	4
I???FaM}?	10	13	0	4
I???FaMZ?	10	12	0	5
I???FaMz?	10	13	0	4
I???FaM^?	10	13	0	4
I???FaM~?	10	14	0	3
I???FaM^_	10	14	0	3
I???FaM~_	10	15	0	2
I???FbM}?	10	14	0	3
I???FbMz?	10	14	0	4
I???FbMn?	10	14	0	4
I???FbM~?	10	15	0	3
I???FbMr_	10	14	0	3
I???FbMj_	10	14	0	4
I???FbMz_	10	15	0	3
I???FbMN_	10	14	0	4
I???FbMn_	10	15	0	3
I???FbM~_	10	16	0	2
I???Fbm~?	10	16	0	2
I???Fbmz_	10	16	0	2
I???Fbmv_	10	16	0	2
I???Fbm~_	10	17	0	1
I???Fb}~_	10	18	0	0
I???Frw}?	10	15	0	0
I???Frw~?	10	16	0	1
I???Frw|_	10	16	0	1
I???Frw~_	10	17	0	0
I???Frs}?	10	15	0	2
I???Frsz?	10	15	0	3
I???Frs~?	10	16	0	2
I???Frs{_	10	15	0	3
I???Frs}_	10	16	0	3
I???Frsz_	10	16	0	3
I???Frs~_	10	17	0	2
I???Fr{~?	10	17	0	1
I???Fr{}_	10	17	0	2
I???Fr{~_	10	18	0	1
I???Fre}?	10	15	0	2
I???Fre|?	10	15	0	4
I???Frev?	10	15	0	4
I???Fre~?	10	16	0	3
I???Fref_	10	15	0	4
I???Frev_	10	16	0	3
I???Fre~_	10	17	0	2
I???Fru~?	10	17	0	2
I???Fru|_	10	17	0	2
I???Fruz_	10	17	0	2
I???Fru~_	10	18	0	1
I???Fr}~_	10	19	0	0
I???Fz{~?	10	18	0	0
I???Fz{}_	10	18	0	1
I???Fz{~_	10	19	0	0
I???Fzy|_	10	18	0	2
I???Fzy~_	10	19	0	1
I???Fz}~_	10	20	0	0
I???F~}~_	10	21	0	0
I??CA?_o?	10	5	0	3
I??CA?_w?	10	6	0	3
I??CA?_C?	10	4	0	3
I??CA?_c?	10	5	0	3
I??CA?_s?	10	6	0	3
I??CA?_{?	10	7	0	3
I??CA?_E?	10	5	0	3
I??CA?_e?	10	6	0	3
I??CA?_u?	10	7	0	3
I??CA?_}?	10	8	0	3
I??CA?_F?	10	6	0	3
I??CA?_f?	10	7	0	3
I??CA?_v?	10	8	0	3
I??CA?_~?	10	9	0	3
I??CAA_W?	10	6	0	4
I??CAA_w?	10	7	0	3
I??CAA_S?	10	6	0	4
I??CAA_s?	10	7	0	4
I??CAA_k?	10	7	0	3
I??CAA_[?	10	7	0	4
I??CAA_{?	10	8	0	4
I??CAA_U?	10	7	0	4
I??CAA_u?	10	8	0	4
I??CAA_M?	10	7	0	4
I??CAA_m?	10	8	0	4
I??CAA_]?	10	8	0	4
I??CAA_}?	10	9	0	4
I??CAA_F?	10	7	0	4
I??CAA_f?	10	8	0	4
I??CAA_V?	10	8	0	4
I??CAA_v?	10	9	0	4
I??CAA_N?	10	8	0	4
I??CAA_n?	10	9	0	4
I??CAA_^?	10	9	0	4
I??CAA_~?	10	10	0	3
I??CAA_G_	10	6	1	4
I??CAA_W_	10	7	1	4
I??CAA_K_	10	7	1	4
I??CAA_[_	10	8	1	4
I??CAA_M_	10	8	1	4
I??CAA_]_	10	9	1	4
I??CAA_N_	10	9	1	4
I??CAA_^_	10	10	1	4
I??CAB_s?	10	8	0	4
I??CAB_{?	10	9	0	3
I??CAB_u?	10	9	0	5
I??CAB_m?	10	9	0	5
I??CAB_}?	10	10	0	4
I??CAB_f?	10	9	0	5
I??CAB_v?	10	10	0	4
I??CAB_N?	10	9	0	5
I??CAB_n?	10	10	0	4
I??CAB_~?	10	11	0	3
I??CAB_[_	10	9	1	5
I??CAB_U_	10	9	1	5
I??CAB_M_	10	9	1	5
I??CAB_]_	10	10	1	5
I??CAB_F_	10	9	0	4
I??CAB_V_	10	10	1	5
I??CAB_N_	10	10	1	5
I??CAB_^_	10	11	1	4
I??CAB_Go	10	8	1	5
I??CAB_Co	10	8	0	5
I??CAB_Ko	10	9	1	5
I??CAB_Eo	10	9	0	4
I??CAB_Mo	10	10	1	5
I??CAB_Fo	10	10	0	3
I??CAB_No	10	11	1	4
I??CAB_Fg	10	10	0	3
I??CAB_Cw	10	9	0	4
I??CAB_Ew	10	10	0	3
I??CAB_Fw	10	11	0	2
I??CA?oo?	10	6	0	4
I??CA?og?	10	6	0	4
I??CA?ow?	10	7	0	4
I??CA?oK?	10	6	0	2
I??CA?ok?	10	7	0	3
I??CA?o{?	10	8	0	4
I??CA?oa?	10	6	0	4
I??CA?oq?	10	7	0	4
I??CA?oi?	10	7	0	4
I??CA?oy?	10	8	0	4
I??CA?oM?	10	7	0	3
I??CA?om?	10	8	0	4
I??CA?o}?	10	9	0	4
I??CA?oB?	10	6	0	4
I??CA?ob?	10	7	0	4
I??CA?or?	10	8	0	4
I??CA?oJ?	10	7	0	4
I??CA?oj?	10	8	0	4
I??CA?oz?	10	9	0	4
I??CA?oN?	10	8	0	4
I??CA?on?	10	9	0	4
I??CA?o~?	10	10	0	4
I??CA?ooG	10	7	0	4
I??CA?oaG	10	7	0	4
I??CA?oqG	10	8	0	4
I??CA?oBG	10	7	0	4
I??CA?obG	10	8	0	4
I??CA?orG	10	9	0	4
I??CAAo[?	10	8	0	4
I??CAAo{?	10	9	0	3
I??CAAoY?	10	8	0	5
I??CAAoy?	10	9	0	5
I??CAAom?	10	9	0	3
I??CAAo]?	10	9	0	5
I??CAAo}?	10	10	0	4
I??CAAoR?	10	8	0	5
I??CAAor?	10	9	0	5
I??CAAoj?	10	9	0	5
I??CAAoZ?	10	9	0	5
I??CAAoz?	10	10	0	5
I??CAAoN?	10	9	0	5
I??CAAon?	10	10	0	4
I??CAAo^?	10	10	0	5
I??CAAo~?	10	11	0	4
I??CAAoW_	10	8	1	5
I??CAAoK_	10	8	1	4
I??CAAo[_	10	9	1	5
I??CAAoQ_	10	8	0	5
I??CAAoI_	10	8	1	5
I??CAAoY_	10	9	1	5
I??CAAoM_	10	9	1	5
I??CAAo]_	10	10	1	5
I??CAAoB_	10	8	0	5
I??CAAoR_	10	9	0	4
I??CAAoJ_	10	9	1	5
I??CAAoZ_	10	10	1	5
I??CAAoN_	10	10	1	5
I??CAAo^_	10	11	1	4
I??CAAoRG	10	9	0	4
I??CAAoQg	10	9	0	4
I??CAAoBg	10	9	0	4
I??CAAoRg	10	10	0	3
I??CABo{?	10	10	0	2
I??CABoy?	10	10	0	4
I??CABo}?	10	11	0	3
I??CABor?	10	10	0	6
I??CABoz?	10	11	0	5
I??CABon?	10	11	0	5
I??CABo~?	10	12	0	4
I??CABo[_	10	10	1	4
I??CABoY_	10	10	1	6
I??CABo]_	10	11	1	5
I??CABoR_	10	10	1	5
I??CABoZ_	10	11	1	5
I??CABoN_	10	11	1	5
I??CABo^_	10	12	1	4
I??CABoKo	10	10	2	6
I??CABoIo	10	10	1	5
I??CABoMo	10	11	2	5
I??CABoBo	10	10	0	3
I??CABoJo	10	11	1	4
I??CABoNo	10	12	2	4
I??CABoBw	10	11	0	2
I??CA?ww?	10	8	0	5
I??CA?wk?	10	8	0	4
I??CA?w{?	10	9	0	5
I??CA?wM?	10	8	0	2
I??CA?wm?	10	9	0	3
I??CA?w}?	10	10	0	4
I??CA?wp?	10	8	0	5
I??CA?wh?	10	8	0	5
I??CA?wx?	10	9	0	5
I??CA?wL?	10	8	0	4
I??CA?wl?	10	9	0	5
I??CA?w|?	10	10	0	5
I??CA?wN?	10	9	0	3
I??CA?wn?	10	10	0	4
I??CA?w~?	10	11	0	4
I??CA?wpG	10	9	0	4
I??CAAw{?	10	10	0	4
I??CAAwm?	10	10	0	2
I??CAAw]?	10	10	0	4
I??CAAw}?	10	11	0	3
I??CAAwx?	10	10	0	6
I??CAAwl?	10	10	0	4
I??CAAw\?	10	10	0	6
I??CAAw|?	10	11	0	5
I??CAAwn?	10	11	0	3
I??CAAw^?	10	11	0	5
I??CAAw~?	10	12	0	4
I??CAAw[_	10	10	1	6
I??CAAwM_	10	10	1	4
I??CAAw]_	10	11	1	5
I??CAAwX_	10	10	1	5
I??CAAwL_	10	10	1	6
I??CAAw\_	10	11	1	5
I??CAAwN_	10	11	1	5
I??CAAw^_	10	12	1	4
I??CABw}?	10	12	0	2
I??CABw|?	10	12	0	4
I??CABw~?	10	13	0	3
I??CABw]_	10	12	1	4
I??CABw\_	10	12	1	5
I??CABw^_	10	13	1	4
I??CABwMo	10	12	2	4
I??CABwLo	10	12	2	4
I??CABwNo	10	13	2	3
I??CA?{{?	10	10	0	6
I??CA?{m?	10	10	0	4
I??CA?{}?	10	11	0	5
I??CA?{N?	10	10	0	2
I??CA?{n?	10	11	0	3
I??CA?{~?	10	12	0	4
I??CAA{}?	10	12	0	4
I??CAA{n?	10	12	0	2
I??CAA{^?	10	12	0	4
I??CAA{~?	10	13	0	3
I??CAA{]_	10	12	1	4
I??CAA{N_	10	12	1	4
I??CAA{^_	10	13	1	3
I??CAB{~?	10	14	0	2
I??CAB{^_	10	14	1	3
I??CAB{No	10	14	2	2
I??CE@_w?	10	8	0	3
I??CE@_s?	10	8	0	4
I??CE@_k?	10	8	0	5
I??CE@_{?	10	9	0	4
I??CE@_u?	10	9	0	5
I??CE@_M?	10	8	0	5
I??CE@_m?	10	9	0	5
I??CE@_]?	10	9	0	5
I??CE@_}?	10	10	0	4
I??CE@_F?	10	8	0	5
I??CE@_f?	10	9	0	5
I??CE@_V?	10	9	0	5
I??CE@_v?	10	10	0	4
I??CE@_N?	10	9	0	5
I??CE@_n?	10	10	0	4
I??CE@_^?	10	10	0	4
I??CE@_~?	10	11	0	3
I??CE@_G_	10	7	1	5
I??CE@_W_	10	8	1	4
I??CE@_K_	10	8	1	5
I??CE@_[_	10	9	1	5
I??CE@_U_	10	9	1	5
I??CE@_M_	10	9	1	5
I??CE@_]_	10	10	1	5
I??CE@_V_	10	10	1	5
I??CE@_N_	10	10	1	5
I??CE@_^_	10	11	1	4
I??CE@_cG	10	8	1	5
I??CE@_eG	10	9	1	5
I??CE@_fG	10	10	1	5
I??CEB_{?	10	10	0	3
I??CEB_]?	10	10	0	4
I??CEB_}?	10	11	0	3
I??CEB_V?	10	10	0	4
I??CEB_v?	10	11	0	3
I??CEB_N?	10	10	0	4
I??CEB_n?	10	11	0	3
I??CEB_^?	10	11	0	3
I??CEB_~?	10	12	0	2
I??CEB_[_	10	10	1	5
I??CEB_U_	10	10	1	5
I??CEB_M_	10	10	1	5
I??CEB_]_	10	11	1	4
I??CEB_V_	10	11	1	4
I??CEB_N_	10	11	1	4
I??CEB_^_	10	12	1	3
I??CE?ow?	10	8	0	4
I??CE?oK?	10	7	0	3
I??CE?ok?	10	8	0	4
I??CE?o[?	10	8	0	4
I??CE?o{?	10	9	0	5
I??CE?oq?	10	8	0	4
I??CE?oY?	10	8	0	5
I??CE?oy?	10	9	0	5
I??CE?oM?	10	8	0	4
I??CE?om?	10	9	0	5
I??CE?o]?	10	9	0	5
I??CE?o}?	10	10	0	5
I??CE?oR?	10	8	0	5
I??CE?or?	10	9	0	5
I??CE?oJ?	10	8	0	5
I??CE?oj?	10	9	0	5
I??CE?oZ?	10	9	0	5
I??CE?oz?	10	10	0	5
I??CE?oN?	10	9	0	5
I??CE?on?	10	10	0	5
I??CE?o^?	10	10	0	5
I??CE?o~?	10	11	0	4
I??CE?oO_	10	7	1	5
I??CE?oW_	10	8	1	5
I??CE?o[_	10	9	1	5
I??CE?oQ_	10	8	1	5
I??CE?oY_	10	9	1	5
I??CE?o]_	10	10	1	5
I??CE?oR_	10	9	1	5
I??CE?oZ_	10	10	1	5
I??CE?o^_	10	11	1	5
I??CE?ooG	10	8	0	4
I??CE?oaG	10	8	0	5
I??CE?oQG	10	8	0	5
I??CE?oqG	10	9	0	5
I??CE?oBG	10	8	0	5
I??CE?obG	10	9	0	5
I??CE?oRG	10	9	0	5
I??CE?orG	10	10	0	5
I??CE?oOg	10	8	1	5
I??CE?oQg	10	9	1	5
I??CE?oRg	10	10	1	5
I??CE@ow?	10	9	0	4
I??CE@o{?	10	10	0	4
I??CE@oy?	10	10	0	5
I??CE@om?	10	10	0	5
I??CE@o]?	10	10	0	4
I??CE@o}?	10	11	0	4
I??CE@or?	10	10	0	6
I??CE@oj?	10	10	0	6
I??CE@oZ?	10	10	0	6
I??CE@oz?	10	11	0	5
I??CE@oN?	10	10	0	6
I??CE@on?	10	11	0	5
I??CE@o^?	10	11	0	5
I??CE@o~?	10	12	0	4
I??CE@oK_	10	9	1	5
I??CE@o[_	10	10	1	4
I??CE@oI_	10	9	1	6
I??CE@oY_	10	10	1	6
I??CE@oM_	10	10	1	6
I??CE@o]_	10	11	1	5
I??CE@oB_	10	9	0	6
I??CE@oR_	10	10	1	6
I??CE@oJ_	10	10	1	6
I??CE@oZ_	10	11	1	6
I??CE@oN_	10	11	1	5
I??CE@o^_	10	12	1	5
I??CE@oMO	10	10	1	6
I??CE@oJO	10	10	1	6
I??CE@oNO	10	11	1	5
I??CE@oGo	10	9	1	5
I??CE@oKo	10	10	1	6
I??CE@oAo	10	9	0	5
I??CE@oIo	10	10	1	6
I??CE@oMo	10	11	1	5
I??CE@oBo	10	10	0	5
I??CE@oJo	10	11	1	5
I??CE@oNo	10	12	1	4
I??CE@oBg	10	10	0	5
I??CE@oAw	10	10	0	4
I??CE@oBw	10	11	0	4
I??CEBo}?	10	12	0	3
I??CEBoz?	10	12	0	4
I??CEBon?	10	12	0	4
I??CEBo^?	10	12	0	4
I??CEBo~?	10	13	0	3
I??CEBo[_	10	11	1	5
I??CEBoY_	10	11	1	6
I??CEBo]_	10	12	1	5
I??CEBoR_	10	11	1	6
I??CEBoZ_	10	12	1	5
I??CEBoN_	10	12	1	4
I??CEBo^_	10	13	1	4
I??CEBoNO	10	12	1	4
I??CEBoKo	10	11	2	5
I??CEBoIo	10	11	1	5
I??CEBoMo	10	12	2	4
I??CEBoBo	10	11	0	4
I??CEBoJo	10	12	1	4
I??CEBoNo	10	13	2	3
I??CEBoBw	10	12	0	3
I??CE?w[?	10	9	0	5
I??CE?w{?	10	10	0	5
I??CE?wM?	10	9	0	3
I??CE?wm?	10	10	0	4
I??CE?w]?	10	10	0	4
I??CE?w}?	10	11	0	4
I??CE?wp?	10	9	0	5
I??CE?wX?	10	9	0	6
I??CE?wx?	10	10	0	6
I??CE?wL?	10	9	0	5
I??CE?wl?	10	10	0	5
I??CE?w\?	10	10	0	6
I??CE?w|?	10	11	0	5
I??CE?wN?	10	10	0	4
I??CE?wn?	10	11	0	4
I??CE?w^?	10	11	0	5
I??CE?w~?	10	12	0	4
I??CE?wW_	10	9	1	6
I??CE?w[_	10	10	1	6
I??CE?w]_	10	11	1	5
I??CE?wP_	10	9	1	6
I??CE?wX_	10	10	1	6
I??CE?w\_	10	11	1	6
I??CE?w^_	10	12	1	5
I??CE?wpG	10	10	0	4
I??CE?wPg	10	10	1	5
I??CEAw]?	10	11	0	4
I??CEAw}?	10	12	0	3
I??CEAw\?	10	11	0	5
I??CEAw|?	10	12	0	4
I??CEAwn?	10	12	0	3
I??CEAw^?	10	12	0	4
I??CEAw~?	10	13	0	3
I??CEAw[_	10	11	1	6
I??CEAwM_	10	11	1	5
I??CEAw]_	10	12	1	5
I??CEAwX_	10	11	1	6
I??CEAwL_	10	11	1	5
I??CEAw\_	10	12	1	5
I??CEAwN_	10	12	1	4
I??CEAw^_	10	13	1	4
I??CEAwMO	10	11	1	5
I??CEAwLO	10	11	1	5
I??CEAwNO	10	12	1	4
I??CEAwKo	10	11	1	5
I??CEAwMo	10	12	1	4
I??CEAwHo	10	11	1	5
I??CEAwLo	10	12	1	4
I??CEAwNo	10	13	1	3
I??CE@w{?	10	11	0	4
I??CE@w]?	10	11	0	3
I??CE@w}?	10	12	0	3
I??CE@wx?	10	11	0	5
I??CE@w\?	10	11	0	5
I??CE@w|?	10	12	0	4
I??CE@wn?	10	12	0	4
I??CE@w^?	10	12	0	4
I??CE@w~?	10	13	0	3
I??CE@w[_	10	11	1	5
I??CE@wM_	10	11	1	5
I??CE@w]_	10	12	1	4
I??CE@wX_	10	11	1	6
I??CE@wL_	10	11	1	5
I??CE@w\_	10	12	1	5
I??CE@wN_	10	12	1	4
I??CE@w^_	10	13	1	4
I??CE@wNO	10	12	1	4
I??CE@wKo	10	11	1	5
I??CE@wMo	10	12	1	4
I??CE@wHo	10	11	1	5
I??CE@wLo	10	12	1	4
I??CE@wNo	10	13	1	3
I??CEBw}?	10	13	0	2
I??CEBw|?	10	13	0	3
I??CEBw~?	10	14	0	2
I??CEBw]_	10	13	1	4
I??CEBw\_	10	13	1	4
I??CEBw^_	10	14	1	3
I??CEBwMo	10	13	2	3
I??CEBwLo	10	13	2	3
I??CEBwNo	10	14	2	2
I??CE?{{?	10	11	0	5
I??CE?{m?	10	11	0	4
I??CE?{]?	10	11	0	5
I??CE?{}?	10	12	0	4
I??CE?{N?	10	11	0	3
I??CE?{n?	10	12	0	3
I??CE?{^?	10	12	0	4
I??CE?{~?	10	13	0	3
I??CE?{[_	10	11	1	6
I??CE?{]_	10	12	1	5
I??CE?{^_	10	13	1	4
I??CEA{}?	10	13	0	3
I??CEA{n?	10	13	0	2
I??CEA{^?	10	13	0	3
I??CEA{~?	10	14	0	2
I??CEA{]_	10	13	1	4
I??CEA{N_	10	13	1	3
I??CEA{^_	10	14	1	3
I??CEA{NO	10	13	1	3
I??CEA{Mo	10	13	1	3
I??CEA{No	10	14	1	2
I??CE@{}?	10	13	0	3
I??CE@{^?	10	13	0	3
I??CE@{~?	10	14	0	2
I??CE@{]_	10	13	1	4
I??CE@{N_	10	13	1	3
I??CE@{^_	10	14	1	3
I??CE@{Mo	10	13	1	3
I??CE@{No	10	14	1	2
I??CEB{~?	10	15	0	1
I??CEB{^_	10	15	1	2
I??CEB{No	10	15	2	1
I??CE@Aw?	10	8	1	4
I??CE@A{?	10	9	1	5
I??CE@AM?	10	8	1	5
I??CE@Am?	10	9	1	5
I??CE@A}?	10	10	1	4
I??CE@AN?	10	9	1	5
I??CE@An?	10	10	1	4
I??CE@A~?	10	11	1	3
I??CE@aw?	10	9	1	4
I??CE@a{?	10	10	1	5
I??CE@au?	10	10	1	6
I??CE@am?	10	10	1	6
I??CE@a]?	10	10	1	6
I??CE@a}?	10	11	1	5
I??CE@af?	10	10	1	5
I??CE@aV?	10	10	1	6
I??CE@av?	10	11	1	5
I??CE@aN?	10	10	1	6
I??CE@an?	10	11	1	5
I??CE@a^?	10	11	1	5
I??CE@a~?	10	12	1	4
I??CE@a[_	10	10	1	4
I??CE@aU_	10	10	1	6
I??CE@a]_	10	11	1	5
I??CE@aV_	10	11	1	5
I??CE@a^_	10	12	1	4
I??CE@afG	10	11	1	4
I??CE@q}?	10	12	1	5
I??CE@qz?	10	12	1	5
I??CE@qn?	10	12	1	5
I??CE@q^?	10	12	1	5
I??CE@q~?	10	13	1	4
I??CE@q[_	10	11	1	3
I??CE@qY_	10	11	1	5
I??CE@q]_	10	12	1	4
I??CE@qR_	10	11	1	7
I??CE@qZ_	10	12	1	6
I??CE@q^_	10	13	1	5
I??CE@y~?	10	14	1	3
I??CE@y]_	10	13	1	3
I??CE@y\_	10	13	1	5
I??CE@y^_	10	14	1	4
I??CE@}^_	10	15	1	3
I??CB@_w?	10	8	0	2
I??CB@_[?	10	8	0	2
I??CB@_{?	10	9	0	3
I??CB@_e?	10	8	0	4
I??CB@_u?	10	9	0	4
I??CB@_]?	10	9	0	3
I??CB@_}?	10	10	0	3
I??CB@_F?	10	8	0	4
I??CB@_f?	10	9	0	4
I??CB@_V?	10	9	0	4
I??CB@_v?	10	10	0	3
I??CB@_^?	10	10	0	3
I??CB@_~?	10	11	0	2
I??CBB_w?	10	9	0	2
I??CBB_{?	10	10	0	3
I??CBB_u?	10	10	0	5
I??CBB_]?	10	10	0	4
I??CBB_}?	10	11	0	4
I??CBB_f?	10	10	0	5
I??CBB_V?	10	10	0	5
I??CBB_v?	10	11	0	4
I??CBB_^?	10	11	0	4
I??CBB_~?	10	12	0	3
I??CBB_W_	10	9	1	3
I??CBB_[_	10	10	1	4
I??CBB_U_	10	10	1	5
I??CBB_]_	10	11	1	4
I??CBB_F_	10	10	0	4
I??CBB_V_	10	11	1	4
I??CBB_^_	10	12	1	3
I??CBB_cO	10	9	1	5
I??CBB_EO	10	9	0	5
I??CBB_eO	10	10	1	5
I??CBB_FO	10	10	0	4
I??CBB_fO	10	11	1	4
I??CBB_Co	10	9	0	5
I??CBB_Eo	10	10	0	4
I??CBB_Fo	10	11	0	3
I??CBB_Fg	10	11	0	3
I??CBB_FW	10	11	0	3
I??CBB_Ew	10	11	0	3
I??CBB_Fw	10	12	0	2
I??CB@Og?	10	7	0	5
I??CB@Ow?	10	8	0	4
I??CB@OK?	10	7	0	4
I??CB@Ok?	10	8	0	5
I??CB@O[?	10	8	0	3
I??CB@O{?	10	9	0	4
I??CB@Oi?	10	8	0	5
I??CB@Oy?	10	9	0	5
I??CB@OM?	10	8	0	5
I??CB@Om?	10	9	0	5
I??CB@O]?	10	9	0	4
I??CB@O}?	10	10	0	5
I??CB@Ob?	10	8	0	5
I??CB@Or?	10	9	0	5
I??CB@OJ?	10	8	0	5
I??CB@Oj?	10	9	0	5
I??CB@OZ?	10	9	0	5
I??CB@Oz?	10	10	0	5
I??CB@ON?	10	9	0	5
I??CB@On?	10	10	0	5
I??CB@O^?	10	10	0	5
I??CB@O~?	10	11	0	4
I??CB@OcO	10	8	1	5
I??CB@OaO	10	8	0	5
I??CB@OEO	10	8	1	5
I??CB@OeO	10	9	1	5
I??CB@ObO	10	9	0	5
I??CB@OFO	10	9	1	5
I??CB@OfO	10	10	1	5
I??CB@O_W	10	8	0	4
I??CB@OAW	10	8	0	4
I??CB@OaW	10	9	0	5
I??CB@OBW	10	9	0	5
I??CB@ObW	10	10	0	4
I??CBBOw?	10	9	0	4
I??CBBO{?	10	10	0	4
I??CBBOy?	10	10	0	5
I??CBBOu?	10	10	0	4
I??CBBOm?	10	10	0	6
I??CBBO]?	10	10	0	5
I??CBBO}?	10	11	0	5
I??CBBOr?	10	10	0	6
I??CBBOj?	10	10	0	6
I??CBBOZ?	10	10	0	6
I??CBBOz?	10	11	0	5
I??CBBOf?	10	10	0	6
I??CBBOV?	10	10	0	6
I??CBBOv?	10	11	0	5
I??CBBON?	10	10	0	6
I??CBBOn?	10	11	0	5
I??CBBO^?	10	11	0	5
I??CBBO~?	10	12	0	4
I??CBBOK_	10	9	1	6
I??CBBO[_	10	10	1	5
I??CBBOI_	10	9	1	6
I??CBBOY_	10	10	1	6
I??CBBOU_	10	10	1	6
I??CBBOM_	10	10	1	6
I??CBBO]_	10	11	1	6
I??CBBOR_	10	10	1	6
I??CBBOJ_	10	10	1	5
I??CBBOZ_	10	11	1	6
I??CBBOF_	10	10	1	6
I??CBBOV_	10	11	1	6
I??CBBON_	10	11	1	6
I??CBBO^_	10	12	1	5
I??CBBOcO	10	9	1	5
I??CBBOaO	10	9	1	6
I??CBBOEO	10	9	1	6
I??CBBOeO	10	10	1	6
I??CBBOBO	10	9	0	6
I??CBBObO	10	10	1	6
I??CBBOFO	10	10	1	6
I??CBBOfO	10	11	1	6
I??CBBOCo	10	9	1	6
I??CBBOAo	10	9	0	6
I??CBBOEo	10	10	1	6
I??CBBOBo	10	10	0	5
I??CBBOFo	10	11	1	5
I??CBBOIg	10	10	1	5
I??CBBOJg	10	11	1	4
I??CBBOBw	10	11	0	4
I??CB@ow?	10	9	0	3
I??CB@o[?	10	9	0	2
I??CB@o{?	10	10	0	3
I??CB@oY?	10	9	0	3
I??CB@oy?	10	10	0	4
I??CB@ou?	10	10	0	5
I??CB@o]?	10	10	0	3
I??CB@o}?	10	11	0	4
I??CB@or?	10	10	0	5
I??CB@oZ?	10	10	0	4
I??CB@oz?	10	11	0	4
I??CB@of?	10	10	0	5
I??CB@oV?	10	10	0	5
I??CB@ov?	10	11	0	4
I??CB@o^?	10	11	0	4
I??CB@o~?	10	12	0	3
I??CB@ocO	10	9	1	5
I??CB@oaO	10	9	0	5
I??CB@oEO	10	9	1	5
I??CB@oeO	10	10	1	5
I??CB@oBO	10	9	0	5
I??CB@obO	10	10	0	4
I??CB@oFO	10	10	1	5
I??CB@ofO	10	11	1	4
I??CB@obW	10	11	0	3
I??CBBo{?	10	11	0	3
I??CBBoy?	10	11	0	4
I??CBBo}?	10	12	0	4
I??CBBoz?	10	12	0	5
I??CBBov?	10	12	0	5
I??CBBo^?	10	12	0	5
I??CBBo~?	10	13	0	4
I??CBBo[_	10	11	1	4
I??CBBoY_	10	11	1	5
I??CBBo]_	10	12	1	5
I??CBBoZ_	10	12	1	5
I??CBBoV_	10	12	1	5
I??CBBo^_	10	13	1	4
I??CBBofO	10	12	1	5
I??CBBoFo	10	12	1	4
I??CB?Wo?	10	7	0	5
I??CB?WW?	10	7	0	3
I??CB?Ww?	10	8	0	4
I??CB?Ws?	10	8	0	5
I??CB?W[?	10	8	0	4
I??CB?W{?	10	9	0	5
I??CB?W]?	10	9	0	5
I??CB?W}?	10	10	0	5
I??CB?W`?	10	7	0	5
I??CB?Wp?	10	8	0	5
I??CB?WX?	10	8	0	4
I??CB?Wx?	10	9	0	5
I??CB?WT?	10	8	0	5
I??CB?Wt?	10	9	0	5
I??CB?W\?	10	9	0	5
I??CB?W|?	10	10	0	5
I??CB?W^?	10	10	0	5
I??CB?W~?	10	11	0	5
I??CB?WcO	10	8	0	5
I??CB?WEO	10	8	0	4
I??CB?WeO	10	9	0	5
I??CB?W`O	10	8	0	5
I??CB?WDO	10	8	0	5
I??CB?WdO	10	9	0	5
I??CB?WFO	10	9	0	5
I??CB?WfO	10	10	0	5
I??CB?W_W	10	8	0	5
I??CB?W@W	10	8	0	5
I??CB?W`W	10	9	0	5
I??CBAW[?	10	9	0	5
I??CBAW{?	10	10	0	6
I??CBAWu?	10	10	0	4
I??CBAW]?	10	10	0	6
I??CBAW}?	10	11	0	5
I??CBAWX?	10	9	0	5
I??CBAWx?	10	10	0	6
I??CBAWt?	10	10	0	6
I??CBAW\?	10	10	0	6
I??CBAW|?	10	11	0	6
I??CBAWf?	10	10	0	4
I??CBAWV?	10	10	0	6
I??CBAWv?	10	11	0	5
I??CBAW^?	10	11	0	6
I??CBAW~?	10	12	0	5
I??CBAWW_	10	9	0	5
I??CBAWS_	10	9	1	6
I??CBAW[_	10	10	1	6
I??CBAWE_	10	9	1	5
I??CBAWU_	10	10	1	6
I??CBAW]_	10	11	1	6
I??CBAWP_	10	9	0	6
I??CBAWX_	10	10	0	5
I??CBAWD_	10	9	1	6
I??CBAWT_	10	10	1	6
I??CBAW\_	10	11	1	6
I??CBAWF_	10	10	1	6
I??CBAWV_	10	11	1	6
I??CBAW^_	10	12	1	5
I??CBAWcO	10	9	0	5
I??CBAWeO	10	10	0	4
I??CBAW`O	10	9	0	6
I??CBAWdO	10	10	0	5
I??CBAWFO	10	10	0	5
I??CBAWfO	10	11	0	4
I??CBAWCo	10	9	1	6
I??CBAWEo	10	10	1	5
I??CBAW@o	10	9	0	6
I??CBAWDo	10	10	1	6
I??CBAWFo	10	11	1	5
I??CBAWXG	10	10	0	4
I??CBAWWg	10	10	0	4
I??CBAWPg	10	10	0	5
I??CBAWXg	10	11	0	4
I??CB@Wk?	10	9	0	6
I??CB@W{?	10	10	0	5
I??CB@We?	10	9	0	5
I??CB@Wu?	10	10	0	4
I??CB@WM?	10	9	0	5
I??CB@Wm?	10	10	0	6
I??CB@W]?	10	10	0	4
I??CB@W}?	10	11	0	5
I??CB@Wh?	10	9	0	6
I??CB@Wx?	10	10	0	6
I??CB@Wd?	10	9	0	6
I??CB@Wt?	10	10	0	6
I??CB@WL?	10	9	0	6
I??CB@Wl?	10	10	0	6
I??CB@W\?	10	10	0	5
I??CB@W|?	10	11	0	6
I??CB@Wf?	10	10	0	6
I??CB@WV?	10	10	0	4
I??CB@Wv?	10	11	0	5
I??CB@WN?	10	10	0	6
I??CB@Wn?	10	11	0	6
I??CB@W^?	10	11	0	5
I??CB@W~?	10	12	0	5
I??CB@WcO	10	9	1	6
I??CB@WeO	10	10	1	6
I??CB@W`O	10	9	0	6
I??CB@WDO	10	9	1	6
I??CB@WdO	10	10	1	6
I??CB@WFO	10	10	1	6
I??CB@WfO	10	11	1	6
I??CB@WhG	10	10	1	5
I??CB@W`W	10	10	0	5
I??CBBW{?	10	11	0	5
I??CBBWu?	10	11	0	3
I??CBBWm?	10	11	0	5
I??CBBW}?	10	12	0	4
I??CBBWx?	10	11	0	6
I??CBBWt?	10	11	0	5
I??CBBWl?	10	11	0	7
I??CBBW|?	10	12	0	6
I??CBBWv?	10	12	0	4
I??CBBWn?	10	12	0	6
I??CBBW^?	10	12	0	6
I??CBBW~?	10	13	0	5
I??CBBW[_	10	11	1	6
I??CBBWU_	10	11	1	5
I??CBBWM_	10	11	1	7
I??CBBW]_	10	12	1	6
I??CBBWX_	10	11	1	6
I??CBBWT_	10	11	1	7
I??CBBWL_	10	11	1	6
I??CBBW\_	10	12	1	6
I??CBBWV_	10	12	1	6
I??CBBWN_	10	12	1	6
I??CBBW^_	10	13	1	5
I??CBBWfO	10	12	1	5
I??CBBWFo	10	12	2	5
I??CB@w{?	10	11	0	4
I??CB@wu?	10	11	0	5
I??CB@w]?	10	11	0	3
I??CB@w}?	10	12	0	4
I??CB@wx?	10	11	0	5
I??CB@wt?	10	11	0	6
I??CB@w\?	10	11	0	4
I??CB@w|?	10	12	0	5
I??CB@wv?	10	12	0	5
I??CB@w^?	10	12	0	4
I??CB@w~?	10	13	0	4
I??CB@wfO	10	12	1	5
I??CBBw}?	10	13	0	3
I??CBBw|?	10	13	0	5
I??CBBw~?	10	14	0	4
I??CBBw]_	10	13	1	5
I??CBBw\_	10	13	1	5
I??CBBw^_	10	14	1	4
I??CB?[w?	10	9	0	5
I??CB?[s?	10	9	0	6
I??CB?[[?	10	9	0	5
I??CB?[{?	10	10	0	6
I??CB?[e?	10	9	0	5
I??CB?[U?	10	9	0	5
I??CB?[u?	10	10	0	6
I??CB?[]?	10	10	0	6
I??CB?[}?	10	11	0	6
I??CB?[F?	10	9	0	3
I??CB?[f?	10	10	0	4
I??CB?[V?	10	10	0	4
I??CB?[v?	10	11	0	5
I??CB?[^?	10	11	0	5
I??CB?[~?	10	12	0	5
I??CB?[cO	10	9	0	6
I??CB?[eO	10	10	0	5
I??CB?[FO	10	10	0	4
I??CB?[fO	10	11	0	4
I??CB?[wG	10	10	0	4
I??CBA[{?	10	11	0	6
I??CBA[u?	10	11	0	5
I??CBA[]?	10	11	0	6
I??CBA[}?	10	12	0	5
I??CBA[f?	10	11	0	3
I??CBA[v?	10	12	0	4
I??CBA[^?	10	12	0	5
I??CBA[~?	10	13	0	4
I??CBA[[_	10	11	1	5
I??CBA[U_	10	11	1	6
I??CBA[]_	10	12	1	5
I??CBA[F_	10	11	1	5
I??CBA[V_	10	12	1	5
I??CBA[^_	10	13	1	4
I??CBA[fO	10	12	0	3
I??CBA[Fo	10	12	1	4
I??CB@[{?	10	11	0	6
I??CB@[u?	10	11	0	5
I??CB@[m?	10	11	0	7
I??CB@[]?	10	11	0	5
I??CB@[}?	10	12	0	6
I??CB@[f?	10	11	0	5
I??CB@[V?	10	11	0	3
I??CB@[v?	10	12	0	4
I??CB@[N?	10	11	0	5
I??CB@[n?	10	12	0	6
I??CB@[^?	10	12	0	4
I??CB@[~?	10	13	0	5
I??CB@[eO	10	11	1	6
I??CB@[fO	10	12	1	5
I??CBB[}?	10	13	0	5
I??CBB[v?	10	13	0	3
I??CBB[n?	10	13	0	5
I??CBB[~?	10	14	0	4
I??CBB[]_	10	13	1	5
I??CBB[V_	10	13	1	5
I??CBB[N_	10	13	1	5
I??CBB[^_	10	14	1	4
I??CB@{}?	10	13	0	5
I??CB@{v?	10	13	0	5
I??CB@{^?	10	13	0	3
I??CB@{~?	10	14	0	4
I??CBB{~?	10	15	0	3
I??CBB{^_	10	15	1	3
I??CBAP{?	10	10	1	6
I??CBAPy?	10	10	1	6
I??CBAPu?	10	10	1	6
I??CBAP]?	10	10	1	6
I??CBAP}?	10	11	1	5
I??CBAPr?	10	10	1	6
I??CBAPZ?	10	10	0	5
I??CBAPz?	10	11	1	5
I??CBAPf?	10	10	0	5
I??CBAPV?	10	10	1	6
I??CBAPv?	10	11	1	5
I??CBAP^?	10	11	1	5
I??CBAP~?	10	12	1	4
I??CBAP[_	10	10	1	6
I??CBAPY_	10	10	0	5
I??CBAPU_	10	10	1	6
I??CBAP]_	10	11	1	6
I??CBAPR_	10	10	0	5
I??CBAPZ_	10	11	0	4
I??CBAPF_	10	10	1	5
I??CBAPV_	10	11	1	6
I??CBAP^_	10	12	1	5
I??CBAPeO	10	10	0	4
I??CBAPbO	10	10	0	5
I??CBAPFO	10	10	0	5
I??CBAPfO	10	11	0	4
I??CBAPEo	10	10	1	5
I??CBAPBo	10	10	1	5
I??CBAPFo	10	11	1	4
I??CBAPYG	10	10	0	4
I??CBAPZG	10	11	0	4
I??CBAPWg	10	10	0	4
I??CBAPQg	10	10	0	5
I??CBAPYg	10	11	0	4
I??CBAPBg	10	10	0	5
I??CBAPRg	10	11	0	4
I??CBAPZg	10	12	0	3
I??CB?X{?	10	10	1	6
I??CB?X]?	10	10	1	6
I??CB?X}?	10	11	1	6
I??CB?Xx?	10	10	0	5
I??CB?Xt?	10	10	1	6
I??CB?X\?	10	10	1	6
I??CB?X|?	10	11	1	6
I??CB?X^?	10	11	1	6
I??CB?X~?	10	12	1	5
I??CB?XeO	10	10	0	4
I??CB?XdO	10	10	0	5
I??CB?XFO	10	10	0	4
I??CB?XfO	10	11	0	4
I??CBAX{?	10	11	1	6
I??CBAXu?	10	11	1	5
I??CBAX]?	10	11	1	6
I??CBAX}?	10	12	1	5
I??CBAXx?	10	11	1	5
I??CBAXt?	10	11	1	6
I??CBAX\?	10	11	1	5
I??CBAX|?	10	12	1	5
I??CBAXf?	10	11	0	4
I??CBAXv?	10	12	1	5
I??CBAX^?	10	12	1	5
I??CBAX~?	10	13	1	4
I??CBAX[_	10	11	1	5
I??CBAXU_	10	11	2	6
I??CBAX]_	10	12	2	5
I??CBAXX_	10	11	0	4
I??CBAXT_	10	11	1	6
I??CBAX\_	10	12	1	5
I??CBAXF_	10	11	1	5
I??CBAXV_	10	12	2	5
I??CBAX^_	10	13	2	4
I??CBAXfO	10	12	0	3
I??CBAXFo	10	12	1	4
I??CBAXXg	10	12	0	3
I??CB?\{?	10	11	1	5
I??CB?\u?	10	11	1	6
I??CB?\]?	10	11	1	6
I??CB?\}?	10	12	1	5
I??CB?\f?	10	11	0	4
I??CB?\V?	10	11	1	5
I??CB?\v?	10	12	1	5
I??CB?\^?	10	12	1	5
I??CB?\~?	10	13	1	4
I??CB?\fO	10	12	0	3
I??CBA\}?	10	13	1	4
I??CBA\v?	10	13	1	4
I??CBA\^?	10	13	1	4
I??CBA\~?	10	14	1	3
I??CBA\]_	10	13	2	4
I??CBA\V_	10	13	2	4
I??CBA\^_	10	14	2	3
I??CBA\fO	10	13	0	2
I??CBA\Fo	10	13	1	3
I??CFB_{?	10	11	0	2
I??CFB_]?	10	11	0	4
I??CFB_}?	10	12	0	3
I??CFB_V?	10	11	0	4
I??CFB_v?	10	12	0	3
I??CFB_^?	10	12	0	3
I??CFB_~?	10	13	0	2
I??CFB_[_	10	11	1	4
I??CFB_U_	10	11	1	4
I??CFB_]_	10	12	1	3
I??CFB_F_	10	11	0	3
I??CFB_V_	10	12	1	3
I??CFB_^_	10	13	1	2
I??CFB_Fo	10	12	0	2
I??CFB_EW	10	11	0	3
I??CFB_FW	10	12	0	2
I??CFB_Cw	10	11	0	3
I??CFB_Ew	10	12	0	2
I??CFB_Fw	10	13	0	1
I??CFBO{?	10	11	0	3
I??CFBOy?	10	11	0	4
I??CFBOm?	10	11	0	5
I??CFBO]?	10	11	0	5
I??CFBO}?	10	12	0	4
I??CFBOj?	10	11	0	5
I??CFBOZ?	10	11	0	5
I??CFBOz?	10	12	0	4
I??CFBON?	10	11	0	5
I??CFBOn?	10	12	0	4
I??CFBO^?	10	12	0	4
I??CFBO~?	10	13	0	3
I??CFBO[_	10	11	1	5
I??CFBOY_	10	11	1	6
I??CFBOM_	10	11	1	6
I??CFBO]_	10	12	1	5
I??CFBOR_	10	11	1	6
I??CFBOJ_	10	11	1	5
I??CFBOZ_	10	12	1	5
I??CFBON_	10	12	1	5
I??CFBO^_	10	13	1	4
I??CFBOFO	10	11	1	5
I??CFBOEo	10	11	1	5
I??CFBOBo	10	11	0	4
I??CFBOFo	10	12	1	4
I??CFBOBW	10	11	0	4
I??CFBOAw	10	11	0	4
I??CFBOBw	10	12	0	3
I??CFBo]?	10	12	0	4
I??CFBo}?	10	13	0	3
I??CFBoZ?	10	12	0	5
I??CFBoz?	10	13	0	4
I??CFBov?	10	13	0	4
I??CFBo^?	10	13	0	4
I??CFBo~?	10	14	0	3
I??CFBo[_	10	12	1	4
I??CFBoY_	10	12	1	5
I??CFBoU_	10	12	1	5
I??CFBo]_	10	13	1	4
I??CFBoR_	10	12	1	5
I??CFBoZ_	10	13	1	4
I??CFBoV_	10	13	1	4
I??CFBo^_	10	14	1	3
I??CFBoEo	10	12	1	4
I??CFBoBo	10	12	0	3
I??CFBoFo	10	13	1	3
I??CFAW{?	10	11	0	5
I??CFAW]?	10	11	0	6
I??CFAW}?	10	12	0	5
I??CFAWx?	10	11	0	5
I??CFAWt?	10	11	0	6
I??CFAW\?	10	11	0	6
I??CFAW|?	10	12	0	5
I??CFAW^?	10	12	0	5
I??CFAW~?	10	13	0	4
I??CFAW[_	10	11	1	7
I??CFAW]_	10	12	1	6
I??CFAWX_	10	11	1	6
I??CFAWT_	10	11	1	7
I??CFAW\_	10	12	1	6
I??CFAW^_	10	13	1	5
I??CFAWFO	10	11	1	5
I??CFAWEo	10	11	1	5
I??CFAWDo	10	11	1	6
I??CFAWFo	10	12	1	5
I??CFAW@w	10	11	0	5
I??CFBW]?	10	12	0	5
I??CFBW}?	10	13	0	4
I??CFBW\?	10	12	0	6
I??CFBW|?	10	13	0	5
I??CFBWV?	10	12	0	5
I??CFBWv?	10	13	0	4
I??CFBWN?	10	12	0	6
I??CFBWn?	10	13	0	5
I??CFBW^?	10	13	0	5
I??CFBW~?	10	14	0	4
I??CFBW[_	10	12	1	6
I??CFBWU_	10	12	1	6
I??CFBWM_	10	12	1	6
I??CFBW]_	10	13	1	5
I??CFBWX_	10	12	1	6
I??CFBWT_	10	12	1	6
I??CFBWL_	10	12	1	6
I??CFBW\_	10	13	1	5
I??CFBWF_	10	12	1	5
I??CFBWV_	10	13	1	5
I??CFBWN_	10	13	1	5
I??CFBW^_	10	14	1	4
I??CFBWFo	10	13	2	4
I??CF@w]?	10	12	0	4
I??CF@w}?	10	13	0	4
I??CF@w\?	10	12	0	5
I??CF@w|?	10	13	0	5
I??CF@wv?	10	13	0	5
I??CF@w^?	10	13	0	5
I??CF@w~?	10	14	0	4
I??CF@w[_	10	12	1	5
I??CF@w]_	10	13	1	5
I??CF@wX_	10	12	1	6
I??CF@w\_	10	13	1	5
I??CF@wV_	10	13	1	5
I??CF@w^_	10	14	1	4
I??CF@wEo	10	12	2	5
I??CF@wFo	10	13	2	4
I??CFBw}?	10	14	0	3
I??CFBw|?	10	14	0	4
I??CFBw^?	10	14	0	4
I??CFBw~?	10	15	0	3
I??CFBw]_	10	14	1	4
I??CFBw\_	10	14	1	4
I??CFBwV_	10	14	1	4
I??CFBw^_	10	15	1	3
I??CFA[]?	10	12	0	6
I??CFA[}?	10	13	0	5
I??CFA[V?	10	12	0	5
I??CFA[v?	10	13	0	4
I??CFA[^?	10	13	0	5
I??CFA[~?	10	14	0	4
I??CFA[[_	10	12	1	6
I??CFA[U_	10	12	1	6
I??CFA[]_	10	13	1	6
I??CFA[F_	10	12	1	5
I??CFA[V_	10	13	1	5
I??CFA[^_	10	14	1	5
I??CFA[Fo	10	13	1	4
I??CF@[{?	10	12	0	5
I??CF@[]?	10	12	0	6
I??CF@[}?	10	13	0	5
I??CF@[V?	10	12	0	4
I??CF@[v?	10	13	0	4
I??CF@[N?	10	12	0	6
I??CF@[n?	10	13	0	5
I??CF@[^?	10	13	0	5
I??CF@[~?	10	14	0	4
I??CF@[[_	10	12	1	7
I??CF@[U_	10	12	1	6
I??CF@[M_	10	12	1	6
I??CF@[]_	10	13	1	6
I??CF@[V_	10	13	1	5
I??CF@[N_	10	13	1	5
I??CF@[^_	10	14	1	5
I??CF@[Eo	10	12	1	5
I??CF@[Fo	10	13	1	4
I??CFB[}?	10	14	0	4
I??CFB[v?	10	14	0	3
I??CFB[n?	10	14	0	4
I??CFB[^?	10	14	0	4
I??CFB[~?	10	15	0	3
I??CFB[]_	10	14	1	5
I??CFB[V_	10	14	1	4
I??CFB[N_	10	14	1	4
I??CFB[^_	10	15	1	4
I??CFB[Fo	10	14	2	3
I??CF@{^?	10	14	0	4
I??CF@{~?	10	15	0	3
I??CF@{]_	10	14	1	5
I??CF@{^_	10	15	1	4
I??CFB{~?	10	16	0	2
I??CFB{^_	10	16	1	3
I??CF@aw?	10	10	1	3
I??CF@a{?	10	11	1	4
I??CF@au?	10	11	1	6
I??CF@a]?	10	11	1	5
I??CF@a}?	10	12	1	5
I??CF@af?	10	11	1	5
I??CF@aV?	10	11	1	6
I??CF@av?	10	12	1	5
I??CF@a^?	10	12	1	5
I??CF@a~?	10	13	1	4
I??CF@aFo	10	12	1	4
I??CF@aEW	10	11	1	4
I??CF@aFW	10	12	1	3
I??CF@Q{?	10	11	1	5
I??CF@Qy?	10	11	1	5
I??CF@Qu?	10	11	1	6
I??CF@Qm?	10	11	1	7
I??CF@Q]?	10	11	1	6
I??CF@Q}?	10	12	1	6
I??CF@Qr?	10	11	1	7
I??CF@Qj?	10	11	1	6
I??CF@QZ?	10	11	1	7
I??CF@Qz?	10	12	1	6
I??CF@Qf?	10	11	1	7
I??CF@Qv?	10	12	1	6
I??CF@QN?	10	11	1	7
I??CF@Qn?	10	12	1	6
I??CF@Q^?	10	12	1	6
I??CF@Q~?	10	13	1	5
I??CF@QFo	10	12	1	5
I??CF@QBW	10	11	1	5
I??CF@q}?	10	13	1	5
I??CF@qz?	10	13	1	5
I??CF@qv?	10	13	1	6
I??CF@q^?	10	13	1	6
I??CF@q~?	10	14	1	5
I??CF@q[_	10	12	1	4
I??CF@qY_	10	12	1	5
I??CF@q]_	10	13	1	5
I??CF@qZ_	10	13	1	6
I??CF@qV_	10	13	1	6
I??CF@q^_	10	14	1	5
I??CF@qEo	10	12	2	5
I??CF@qBo	10	12	1	5
I??CF@qFo	10	13	2	4
I??CF?Y{?	10	11	1	5
I??CF?Yu?	10	11	1	6
I??CF?Y]?	10	11	1	6
I??CF?Y}?	10	12	1	5
I??CF?Yx?	10	11	0	4
I??CF?Yt?	10	11	1	6
I??CF?Y\?	10	11	1	6
I??CF?Y|?	10	12	1	5
I??CF?Yf?	10	11	1	6
I??CF?Yv?	10	12	1	5
I??CF?Y^?	10	12	1	5
I??CF?Y~?	10	13	1	4
I??CF?YFO	10	11	0	4
I??CF?YEo	10	11	0	3
I??CF?YFo	10	12	0	3
I??CF@Y]?	10	12	1	6
I??CF@Y}?	10	13	1	5
I??CF@Y\?	10	12	1	6
I??CF@Y|?	10	13	1	5
I??CF@Yv?	10	13	1	5
I??CF@Yn?	10	13	1	5
I??CF@Y^?	10	13	1	5
I??CF@Y~?	10	14	1	4
I??CF@Y[_	10	12	1	6
I??CF@YU_	10	12	1	4
I??CF@YM_	10	12	1	6
I??CF@Y]_	10	13	1	5
I??CF@YX_	10	12	1	7
I??CF@YT_	10	12	1	6
I??CF@YL_	10	12	1	7
I??CF@Y\_	10	13	1	6
I??CF@YV_	10	13	1	5
I??CF@YN_	10	13	1	6
I??CF@Y^_	10	14	1	5
I??CF@YDo	10	12	1	5
I??CF@YFo	10	13	1	4
I??CF@y~?	10	15	1	4
I??CF@y]_	10	14	1	4
I??CF@y\_	10	14	1	5
I??CF@y^_	10	15	1	4
I??CF?]{?	10	12	1	4
I??CF?]]?	10	12	1	5
I??CF?]}?	10	13	1	4
I??CF?]V?	10	12	1	5
I??CF?]v?	10	13	1	4
I??CF?]^?	10	13	1	4
I??CF?]~?	10	14	1	3
I??CF?][_	10	12	1	5
I??CF?]U_	10	12	1	5
I??CF?]]_	10	13	1	4
I??CF?]F_	10	12	0	3
I??CF?]V_	10	13	1	4
I??CF?]^_	10	14	1	3
I??CF?]Fo	10	13	0	2
I??CF@]^?	10	14	1	4
I??CF@]~?	10	15	1	3
I??CF@]]_	10	14	1	5
I??CF@]V_	10	14	1	4
I??CF@]N_	10	14	1	5
I??CF@]^_	10	15	1	4
I??CF@}^_	10	16	1	3
I??CF?Z}?	10	13	2	4
I??CF?Z|?	10	13	1	4
I??CF?Zv?	10	13	2	4
I??CF?Z^?	10	13	2	4
I??CF?Z~?	10	14	2	3
I??CF?ZFo	10	13	0	2
I??CF?^}?	10	14	2	3
I??CF?^^?	10	14	2	3
I??CF?^~?	10	15	2	2
I??CF?^]_	10	14	2	3
I??CF?^V_	10	14	1	3
I??CF?^^_	10	15	2	2
I??CBb_w?	10	10	0	3
I??CBb_{?	10	11	0	3
I??CBb_y?	10	11	0	4
I??CBb_u?	10	11	0	5
I??CBb_]?	10	11	0	4
I??CBb_}?	10	12	0	4
I??CBb_r?	10	11	0	6
I??CBb_Z?	10	11	0	5
I??CBb_z?	10	12	0	5
I??CBb_f?	10	11	0	6
I??CBb_V?	10	11	0	6
I??CBb_v?	10	12	0	5
I??CBb_^?	10	12	0	5
I??CBb_~?	10	13	0	4
I??CBb_[_	10	11	1	4
I??CBb_Y_	10	11	1	5
I??CBb_E_	10	10	1	6
I??CBb_U_	10	11	1	6
I??CBb_]_	10	12	1	5
I??CBb_B_	10	10	0	5
I??CBb_R_	10	11	1	6
I??CBb_Z_	10	12	1	5
I??CBb_F_	10	11	1	5
I??CBb_V_	10	12	1	5
I??CBb_^_	10	13	1	4
I??CBb_Fg	10	12	1	4
I??CBb_BW	10	11	0	4
I??CBb_Aw	10	11	0	4
I??CBb_Bw	10	12	0	3
I??CB`o[?	10	10	0	1
I??CB`o{?	10	11	0	2
I??CB`oy?	10	11	0	4
I??CB`o]?	10	11	0	2
I??CB`o}?	10	12	0	3
I??CB`ob?	10	10	0	4
I??CB`or?	10	11	0	4
I??CB`oZ?	10	11	0	4
I??CB`oz?	10	12	0	3
I??CB`o^?	10	12	0	3
I??CB`o~?	10	13	0	2
I??CB`oaW	10	11	0	3
I??CB`oBW	10	11	0	3
I??CB`obW	10	12	0	2
I??CBbo{?	10	12	0	2
I??CBbo}?	10	13	0	3
I??CBboz?	10	13	0	4
I??CBbo^?	10	13	0	4
I??CBbo~?	10	14	0	3
I??CBbo[_	10	12	1	3
I??CBbo]_	10	13	1	4
I??CBboZ_	10	13	1	4
I??CBbo^_	10	14	1	3
I??CBbobO	10	12	1	4
I??CBboBo	10	12	0	3
I??CBbG{?	10	11	0	5
I??CBbGy?	10	11	0	5
I??CBbGm?	10	11	0	6
I??CBbG]?	10	11	0	5
I??CBbG}?	10	12	0	5
I??CBbGx?	10	11	0	6
I??CBbGl?	10	11	0	6
I??CBbG\?	10	11	0	5
I??CBbG|?	10	12	0	5
I??CBbGr?	10	11	0	5
I??CBbGj?	10	11	0	7
I??CBbGZ?	10	11	0	6
I??CBbGz?	10	12	0	6
I??CBbGN?	10	11	0	7
I??CBbGn?	10	12	0	6
I??CBbG^?	10	12	0	6
I??CBbG~?	10	13	0	5
I??CBbG[_	10	11	1	5
I??CBbGI_	10	10	1	7
I??CBbGY_	10	11	1	6
I??CBbGM_	10	11	1	7
I??CBbG]_	10	12	1	6
I??CBbGH_	10	10	1	7
I??CBbGX_	10	11	1	7
I??CBbGL_	10	11	1	6
I??CBbG\_	10	12	1	6
I??CBbGB_	10	10	1	7
I??CBbGR_	10	11	1	7
I??CBbGJ_	10	11	1	7
I??CBbGZ_	10	12	1	6
I??CBbGN_	10	12	1	6
I??CBbG^_	10	13	1	5
I??CBbGBo	10	11	1	6
I??CBbGKg	10	11	1	5
I??CBbGHg	10	11	1	6
I??CBbGLg	10	12	1	5
I??CBbG@w	10	11	0	5
I??CB`g{?	10	11	0	4
I??CB`ge?	10	10	0	6
I??CB`gu?	10	11	0	5
I??CB`g]?	10	11	0	3
I??CB`g}?	10	12	0	4
I??CB`gx?	10	11	0	5
I??CB`gd?	10	10	0	6
I??CB`gt?	10	11	0	6
I??CB`g\?	10	11	0	4
I??CB`g|?	10	12	0	5
I??CB`gf?	10	11	0	6
I??CB`gV?	10	11	0	5
I??CB`gv?	10	12	0	5
I??CB`g^?	10	12	0	4
I??CB`g~?	10	13	0	4
I??CB`gbO	10	11	1	5
I??CB`g`W	10	11	0	4
I??CBbg{?	10	12	0	4
I??CBbgy?	10	12	0	4
I??CBbgu?	10	12	0	5
I??CBbg}?	10	13	0	4
I??CBbgx?	10	12	0	5
I??CBbgt?	10	12	0	6
I??CBbg|?	10	13	0	5
I??CBbgz?	10	13	0	5
I??CBbgv?	10	13	0	6
I??CBbg^?	10	13	0	5
I??CBbg~?	10	14	0	5
I??CBbg[_	10	12	1	5
I??CBbgY_	10	12	1	5
I??CBbgU_	10	12	1	6
I??CBbg]_	10	13	1	5
I??CBbgX_	10	12	1	6
I??CBbgT_	10	12	1	6
I??CBbg\_	10	13	1	5
I??CBbgZ_	10	13	1	5
I??CBbgV_	10	13	1	5
I??CBbg^_	10	14	1	4
I??CBbgbO	10	12	1	5
I??CBbgBo	10	12	1	5
I??CB`w{?	10	12	0	3
I??CB`wy?	10	12	0	4
I??CB`w]?	10	12	0	2
I??CB`w}?	10	13	0	3
I??CB`wx?	10	12	0	5
I??CB`w\?	10	12	0	3
I??CB`w|?	10	13	0	4
I??CB`wz?	10	13	0	4
I??CB`w^?	10	13	0	3
I??CB`w~?	10	14	0	3
I??CB`wbO	10	12	1	4
I??CBbw}?	10	14	0	3
I??CBbw|?	10	14	0	4
I??CBbw~?	10	15	0	4
I??CBbw]_	10	14	1	4
I??CBbw\_	10	14	1	4
I??CBbw^_	10	15	1	3
I??CBaK{?	10	11	0	5
I??CBaKy?	10	11	0	6
I??CBaK]?	10	11	0	5
I??CBaK}?	10	12	0	5
I??CBaKr?	10	11	0	5
I??CBaKZ?	10	11	0	6
I??CBaKz?	10	12	0	5
I??CBaK^?	10	12	0	5
I??CBaK~?	10	13	0	4
I??CBaK[_	10	11	0	4
I??CBaKY_	10	11	1	6
I??CBaK]_	10	12	1	5
I??CBaKB_	10	10	1	5
I??CBaKR_	10	11	1	6
I??CBaKZ_	10	12	1	5
I??CBaK^_	10	13	1	4
I??CBaKbO	10	11	0	3
I??CBaKBo	10	11	1	4
I??CBaK[G	10	11	0	3
I??CBaKWg	10	11	0	4
I??CBaK[g	10	12	0	3
I??CB`Kk?	10	10	0	6
I??CB`K{?	10	11	0	5
I??CB`Ki?	10	10	0	7
I??CB`Ky?	10	11	0	6
I??CB`KM?	10	10	0	6
I??CB`Km?	10	11	0	7
I??CB`K]?	10	11	0	5
I??CB`K}?	10	12	0	6
I??CB`KN?	10	11	0	6
I??CB`Kn?	10	12	0	7
I??CB`K^?	10	12	0	5
I??CB`K~?	10	13	0	6
I??CB`KbO	10	11	1	5
I??CBbK{?	10	12	0	5
I??CBbKy?	10	12	0	6
I??CBbKm?	10	12	0	7
I??CBbK]?	10	12	0	5
I??CBbK}?	10	13	0	6
I??CBbKr?	10	12	0	4
I??CBbKj?	10	12	0	6
I??CBbKz?	10	13	0	5
I??CBbKn?	10	13	0	6
I??CBbK^?	10	13	0	6
I??CBbK~?	10	14	0	5
I??CBbK[_	10	12	1	5
I??CBbKY_	10	12	1	6
I??CBbKM_	10	12	1	6
I??CBbK]_	10	13	1	5
I??CBbKR_	10	12	1	6
I??CBbKJ_	10	12	1	7
I??CBbKZ_	10	13	1	6
I??CBbKN_	10	13	1	6
I??CBbK^_	10	14	1	5
I??CBbKbO	10	12	1	4
I??CBbKBo	10	12	2	5
I??CB`k{?	10	12	0	5
I??CB`ky?	10	12	0	5
I??CB`ku?	10	12	0	6
I??CB`k]?	10	12	0	4
I??CB`k}?	10	13	0	5
I??CB`kr?	10	12	0	6
I??CB`kZ?	10	12	0	4
I??CB`kz?	10	13	0	5
I??CB`kf?	10	12	0	7
I??CB`kV?	10	12	0	5
I??CB`kv?	10	13	0	6
I??CB`k^?	10	13	0	4
I??CB`k~?	10	14	0	5
I??CB`kbO	10	12	1	5
I??CBbk}?	10	14	0	5
I??CBbkz?	10	14	0	4
I??CBbkv?	10	14	0	5
I??CBbk~?	10	15	0	4
I??CBbk]_	10	14	1	4
I??CBbkZ_	10	14	1	5
I??CBbkV_	10	14	1	5
I??CBbk^_	10	15	1	4
I??CB`{}?	10	14	0	4
I??CB`{z?	10	14	0	5
I??CB`{^?	10	14	0	3
I??CB`{~?	10	15	0	4
I??CBb{~?	10	16	0	3
I??CBb{^_	10	16	1	3
I??CBaL}?	10	13	1	4
I??CBaLz?	10	13	1	4
I??CBaL^?	10	13	1	4
I??CBaL~?	10	14	1	3
I??CBaL]_	10	13	1	4
I??CBaLZ_	10	13	2	4
I??CBaL^_	10	14	2	3
I??CBaL[g	10	13	0	2
I??CFbo}?	10	14	0	2
I??CFboz?	10	14	0	3
I??CFbo^?	10	14	0	3
I??CFbo~?	10	15	0	2
I??CFbo[_	10	13	1	3
I??CFbo]_	10	14	1	3
I??CFboZ_	10	14	1	3
I??CFbo^_	10	15	1	2
I??CFboBw	10	14	0	1
I??CFbg}?	10	14	0	3
I??CFbg|?	10	14	0	4
I??CFbgv?	10	14	0	5
I??CFbg^?	10	14	0	4
I??CFbg~?	10	15	0	4
I??CFbg[_	10	13	1	5
I??CFbgU_	10	13	1	5
I??CFbg]_	10	14	1	4
I??CFbgX_	10	13	1	5
I??CFbg\_	10	14	1	4
I??CFbgV_	10	14	1	4
I??CFbg^_	10	15	1	3
I??CFbw}?	10	15	0	2
I??CFbw|?	10	15	0	3
I??CFbw^?	10	15	0	3
I??CFbw~?	10	16	0	3
I??CFbw]_	10	15	1	3
I??CFbw\_	10	15	1	3
I??CFbwZ_	10	15	1	3
I??CFbw^_	10	16	1	2
I??CFbK}?	10	14	0	5
I??CFbKn?	10	14	0	5
I??CFbK^?	10	14	0	5
I??CFbK~?	10	15	0	4
I??CFbK[_	10	13	1	6
I??CFbKY_	10	13	1	6
I??CFbKM_	10	13	1	6
I??CFbK]_	10	14	1	5
I??CFbKN_	10	14	1	5
I??CFbK^_	10	15	1	4
I??CFbk}?	10	15	0	4
I??CFbkz?	10	15	0	4
I??CFbkv?	10	15	0	4
I??CFbk^?	10	15	0	4
I??CFbk~?	10	16	0	3
I??CFbk]_	10	15	1	4
I??CFbkZ_	10	15	1	4
I??CFbkV_	10	15	1	4
I??CFbk^_	10	16	1	3
I??CF`{^?	10	15	0	4
I??CF`{~?	10	16	0	3
I??CF`{]_	10	15	1	4
I??CF`{^_	10	16	1	3
I??CFb{~?	10	17	0	2
I??CFb{^_	10	17	1	2
I??CF`q}?	10	14	1	4
I??CF`qz?	10	14	1	5
I??CF`q^?	10	14	1	5
I??CF`q~?	10	15	1	4
I??CF`i{?	10	13	1	4
I??CF`i}?	10	14	1	4
I??CF`i|?	10	14	1	4
I??CF`iz?	10	14	1	5
I??CF`iv?	10	14	1	5
I??CF`i^?	10	14	1	5
I??CF`i~?	10	15	1	4
I??CF`y~?	10	16	1	3
I??CF`y]_	10	15	1	3
I??CF`y\_	10	15	1	4
I??CF`y^_	10	16	1	3
I??CF`M{?	10	13	1	4
I??CF`My?	10	13	1	5
I??CF`Mm?	10	13	1	5
I??CF`M}?	10	14	1	4
I??CF`Mz?	10	14	1	5
I??CF`Mn?	10	14	1	5
I??CF`M^?	10	14	1	5
I??CF`M~?	10	15	1	4
I??CF`m^?	10	15	1	4
I??CF`m~?	10	16	1	3
I??CF`m]_	10	15	1	4
I??CF`mZ_	10	15	1	3
I??CF`mV_	10	15	1	4
I??CF`m^_	10	16	1	3
I??CF`}^_	10	17	1	2
I??CBro{?	10	13	0	3
I??CBroy?	10	13	0	4
I??CBro}?	10	14	0	3
I??CBro|?	10	14	0	4
I??CBroz?	10	14	0	5
I??CBro^?	10	14	0	4
I??CBro~?	10	15	0	4
I??CBro[_	10	13	1	4
I??CBroY_	10	13	1	5
I??CBro]_	10	14	1	4
I??CBro\_	10	14	1	4
I??CBroZ_	10	14	1	4
I??CBro^_	10	15	1	3
I??CBpw{?	10	13	0	3
I??CBpw]?	10	13	0	1
I??CBpw}?	10	14	0	2
I??CBpwx?	10	13	0	4
I??CBpw\?	10	13	0	3
I??CBpw|?	10	14	0	3
I??CBpw^?	10	14	0	2
I??CBpw~?	10	15	0	2
I??CBrw}?	10	15	0	2
I??CBrw~?	10	16	0	3
I??CBrw]_	10	15	1	3
I??CBrw^_	10	16	1	2
I??CBrc{?	10	13	0	5
I??CBrcu?	10	13	0	6
I??CBrc}?	10	14	0	5
I??CBrcx?	10	13	0	4
I??CBrct?	10	13	0	5
I??CBrc|?	10	14	0	4
I??CBrcf?	10	13	0	6
I??CBrcv?	10	14	0	5
I??CBrc^?	10	14	0	5
I??CBrc~?	10	15	0	4
I??CBrc[_	10	13	1	5
I??CBrcU_	10	13	1	5
I??CBrc]_	10	14	1	4
I??CBrcX_	10	13	1	6
I??CBrcT_	10	13	1	6
I??CBrc\_	10	14	1	5
I??CBrcF_	10	13	1	6
I??CBrcV_	10	14	1	5
I??CBrc^_	10	15	1	4
I??CBps{?	10	13	0	4
I??CBpsy?	10	13	0	5
I??CBps}?	10	14	0	4
I??CBpsr?	10	13	0	6
I??CBpsZ?	10	13	0	4
I??CBpsz?	10	14	0	5
I??CBps^?	10	14	0	3
I??CBps~?	10	15	0	4
I??CBrs}?	10	15	0	4
I??CBrs|?	10	15	0	3
I??CBrsz?	10	15	0	4
I??CBrs~?	10	16	0	3
I??CBrs]_	10	15	1	3
I??CBrs\_	10	15	1	4
I??CBrsZ_	10	15	1	4
I??CBrs^_	10	16	1	3
I??CBp{}?	10	15	0	3
I??CBp{|?	10	15	0	4
I??CBp{^?	10	15	0	2
I??CBp{~?	10	16	0	3
I??CBr{~?	10	17	0	2
I??CBr{^_	10	17	1	2
I??CFrw}?	10	16	0	1
I??CFrw|?	10	16	0	3
I??CFrw~?	10	17	0	2
I??CFrw]_	10	16	1	2
I??CFrw\_	10	16	1	2
I??CFrw^_	10	17	1	1
I??CFrsz?	10	16	0	3
I??CFrs~?	10	17	0	2
I??CFrsZ_	10	16	1	3
I??CFrs^_	10	17	1	2
I??CFr{~?	10	18	0	1
I??CFr{^_	10	18	1	1
I??CFpy|?	10	16	1	3
I??CFpy~?	10	17	1	2
I??CFpu~?	10	17	1	2
I??CFp}^_	10	18	1	1
I??CBzw}?	10	16	0	2
I??CBzw|?	10	16	0	3
I??CBzw~?	10	17	0	2
I??CBzw]_	10	16	1	3
I??CBzw\_	10	16	1	3
I??CBzw^_	10	17	1	2
I??CBx{}?	10	16	0	3
I??CBx{^?	10	16	0	1
I??CBx{~?	10	17	0	2
I??CBz{~?	10	18	0	1
I??CBz{^_	10	18	1	1
I??CFz{~?	10	19	0	0
I??CFz{^_	10	19	1	0
I??EE?ow?	10	9	0	3
I??EE?oK?	10	8	0	4
I??EE?ok?	10	9	0	5
I??EE?o{?	10	10	0	4
I??EE?oq?	10	9	0	3
I??EE?oy?	10	10	0	4
I??EE?oM?	10	9	0	5
I??EE?om?	10	10	0	5
I??EE?o}?	10	11	0	4
I??EE?or?	10	10	0	4
I??EE?oJ?	10	9	0	5
I??EE?oj?	10	10	0	5
I??EE?oz?	10	11	0	4
I??EE?oN?	10	10	0	5
I??EE?on?	10	11	0	4
I??EE?o~?	10	12	0	3
I??EE?ooG	10	9	0	3
I??EE?oaG	10	9	0	5
I??EE?oqG	10	10	0	4
I??EE?oBG	10	9	0	5
I??EE?obG	10	10	0	5
I??EE?orG	10	11	0	4
I??EEBo{?	10	12	0	4
I??EEBoy?	10	12	0	4
I??EEBo}?	10	13	0	3
I??EEBoz?	10	13	0	3
I??EEBon?	10	13	0	3
I??EEBo~?	10	14	0	2
I??EEBoN_	10	13	1	3
I??EEBoKo	10	12	2	4
I??EEBoIo	10	12	1	4
I??EEBoMo	10	13	2	3
I??EEBoBo	10	12	0	4
I??EEBoJo	10	13	1	3
I??EEBoNo	10	14	2	2
I??EEBoBw	10	13	0	4
I??EE?ww?	10	10	0	4
I??EE?w{?	10	11	0	5
I??EE?wM?	10	10	0	4
I??EE?wm?	10	11	0	5
I??EE?w}?	10	12	0	4
I??EE?wp?	10	10	0	4
I??EE?wx?	10	11	0	5
I??EE?wL?	10	10	0	6
I??EE?wl?	10	11	0	5
I??EE?w|?	10	12	0	4
I??EE?wN?	10	11	0	5
I??EE?wn?	10	12	0	4
I??EE?w~?	10	13	0	3
I??EE?wpG	10	11	0	4
I??EEAw]?	10	12	0	4
I??EEAw}?	10	13	0	3
I??EEAw\?	10	12	0	4
I??EEAw|?	10	13	0	3
I??EEAwn?	10	13	0	3
I??EEAw^?	10	13	0	3
I??EEAw~?	10	14	0	2
I??EEAwM_	10	12	1	4
I??EEAwL_	10	12	1	4
I??EEAwN_	10	13	1	3
I??EEAwKo	10	12	1	4
I??EEAwMo	10	13	1	3
I??EEAwHo	10	12	1	4
I??EEAwLo	10	13	1	3
I??EEAwNo	10	14	1	2
I??EEBw}?	10	14	0	2
I??EEBw|?	10	14	0	2
I??EEBw~?	10	15	0	1
I??EEBwMo	10	14	2	2
I??EEBwLo	10	14	2	2
I??EEBwNo	10	15	2	1
I??EE?{{?	10	12	0	4
I??EE?{m?	10	12	0	4
I??EE?{}?	10	13	0	3
I??EE?{N?	10	12	0	4
I??EE?{n?	10	13	0	3
I??EE?{~?	10	14	0	2
I??EEA{}?	10	14	0	2
I??EEA{n?	10	14	0	2
I??EEA{^?	10	14	0	2
I??EEA{~?	10	15	0	1
I??EEA{N_	10	14	1	2
I??EEA{Mo	10	14	1	2
I??EEA{No	10	15	1	1
I??EEB{~?	10	16	0	0
I??EEB{No	10	16	2	0
I??ED@_w?	10	9	0	3
I??ED@_s?	10	9	0	5
I??ED@_{?	10	10	0	4
I??ED@_u?	10	10	0	5
I??ED@_}?	10	11	0	4
I??ED@_F?	10	9	0	6
I??ED@_f?	10	10	0	5
I??ED@_v?	10	11	0	4
I??ED@_~?	10	12	0	3
I??ED@_K_	10	9	1	6
I??ED@_M_	10	10	1	6
I??ED@_N_	10	11	1	6
I??EDB_]?	10	11	0	4
I??EDB_}?	10	12	0	3
I??EDB_V?	10	11	0	4
I??EDB_v?	10	12	0	3
I??EDB_^?	10	12	0	3
I??EDB_~?	10	13	0	2
I??EDB_M_	10	11	1	6
I??EDB_N_	10	12	1	5
I??ED@Ow?	10	9	0	4
I??ED@OK?	10	8	0	6
I??ED@Ok?	10	9	0	5
I??ED@O{?	10	10	0	5
I??ED@Oq?	10	9	0	5
I??ED@Oy?	10	10	0	5
I??ED@OM?	10	9	0	6
I??ED@Om?	10	10	0	6
I??ED@O}?	10	11	0	5
I??ED@Or?	10	10	0	6
I??ED@OJ?	10	9	0	6
I??ED@Oj?	10	10	0	6
I??ED@OZ?	10	10	0	6
I??ED@Oz?	10	11	0	5
I??ED@ON?	10	10	0	6
I??ED@On?	10	11	0	5
I??ED@O~?	10	12	0	4
I??ED@OK_	10	9	1	6
I??ED@OM_	10	10	1	6
I??ED@OJ_	10	10	1	6
I??ED@ON_	10	11	1	6
I??ED@OSO	10	9	1	5
I??ED@OQO	10	9	1	6
I??ED@OEO	10	9	1	6
I??ED@OUO	10	10	1	6
I??ED@ORO	10	10	1	6
I??ED@OFO	10	10	1	6
I??ED@OVO	10	11	1	6
I??ED@OCo	10	9	1	5
I??ED@OAo	10	9	0	5
I??ED@OEo	10	10	1	6
I??ED@OBo	10	10	0	6
I??ED@OFo	10	11	1	5
I??ED@OAW	10	9	0	6
I??ED@OBW	10	10	0	6
I??ED@O?w	10	9	0	4
I??ED@OAw	10	10	0	5
I??ED@OBw	10	11	0	5
I??ED@ow?	10	10	0	4
I??ED@os?	10	10	0	5
I??ED@o{?	10	11	0	5
I??ED@oy?	10	11	0	5
I??ED@ou?	10	11	0	6
I??ED@o]?	10	11	0	5
I??ED@o}?	10	12	0	5
I??ED@or?	10	11	0	6
I??ED@oZ?	10	11	0	6
I??ED@oz?	10	12	0	5
I??ED@of?	10	11	0	6
I??ED@oV?	10	11	0	6
I??ED@ov?	10	12	0	5
I??ED@o^?	10	12	0	5
I??ED@o~?	10	13	0	4
I??ED@oM_	10	11	1	7
I??ED@oJ_	10	11	1	7
I??ED@oF_	10	11	1	6
I??ED@oN_	10	12	1	6
I??ED@oCo	10	10	1	6
I??ED@oAo	10	10	0	6
I??ED@oEo	10	11	1	6
I??ED@oBo	10	11	0	6
I??ED@oFo	10	12	1	5
I??ED@oBw	10	12	0	5
I??EDBo]?	10	12	0	5
I??EDBo}?	10	13	0	4
I??EDBoZ?	10	12	0	5
I??EDBoz?	10	13	0	4
I??EDBov?	10	13	0	4
I??EDBo^?	10	13	0	4
I??EDBo~?	10	14	0	3
I??EDBoN_	10	13	1	5
I??EDBoFo	10	13	1	4
I??ED?WW?	10	8	0	5
I??ED?Ww?	10	9	0	4
I??ED?W[?	10	9	0	6
I??ED?W{?	10	10	0	5
I??ED?WU?	10	9	0	5
I??ED?Wu?	10	10	0	6
I??ED?W]?	10	10	0	6
I??ED?W}?	10	11	0	6
I??ED?WX?	10	9	0	6
I??ED?Wx?	10	10	0	5
I??ED?WT?	10	9	0	6
I??ED?Wt?	10	10	0	6
I??ED?W\?	10	10	0	6
I??ED?W|?	10	11	0	6
I??ED?WF?	10	9	0	5
I??ED?Wf?	10	10	0	6
I??ED?WV?	10	10	0	6
I??ED?Wv?	10	11	0	6
I??ED?W^?	10	11	0	6
I??ED?W~?	10	12	0	5
I??ED?WK_	10	9	1	6
I??ED?WE_	10	9	0	5
I??ED?WM_	10	10	1	6
I??ED?WH_	10	9	1	6
I??ED?WD_	10	9	0	6
I??ED?WL_	10	10	1	6
I??ED?WF_	10	10	0	6
I??ED?WN_	10	11	1	6
I??ED?WCo	10	9	0	5
I??ED?WEo	10	10	0	6
I??ED?W@o	10	9	0	5
I??ED?WDo	10	10	0	6
I??ED?WFo	10	11	0	5
I??ED?WoG	10	9	0	5
I??ED?WWG	10	9	0	6
I??ED?WwG	10	10	0	5
I??ED?W`G	10	9	0	6
I??ED?WPG	10	9	0	6
I??ED?WpG	10	10	0	6
I??ED?WXG	10	10	0	6
I??ED?WxG	10	11	0	6
I??ED?WGg	10	9	1	6
I??ED?W@g	10	9	0	6
I??ED?WHg	10	10	1	6
I??ED?W?w	10	9	0	5
I??ED?W@w	10	10	0	6
I??ED@Ww?	10	10	0	5
I??ED@Ws?	10	10	0	5
I??ED@W{?	10	11	0	6
I??ED@Wu?	10	11	0	5
I??ED@WM?	10	10	0	6
I??ED@Wm?	10	11	0	6
I??ED@W]?	10	11	0	5
I??ED@W}?	10	12	0	5
I??ED@Wp?	10	10	0	6
I??ED@Wx?	10	11	0	6
I??ED@Wt?	10	11	0	6
I??ED@WL?	10	10	0	7
I??ED@Wl?	10	11	0	7
I??ED@W\?	10	11	0	7
I??ED@W|?	10	12	0	6
I??ED@Wf?	10	11	0	6
I??ED@WV?	10	11	0	5
I??ED@Wv?	10	12	0	5
I??ED@WN?	10	11	0	7
I??ED@Wn?	10	12	0	6
I??ED@W^?	10	12	0	6
I??ED@W~?	10	13	0	5
I??ED@WK_	10	10	1	7
I??ED@WM_	10	11	1	7
I??ED@WL_	10	11	1	7
I??ED@WF_	10	11	1	6
I??ED@WN_	10	12	1	6
I??ED@WUO	10	11	1	5
I??ED@WTO	10	11	1	6
I??ED@WFO	10	11	1	6
I??ED@WVO	10	12	1	5
I??ED@WCo	10	10	1	6
I??ED@WEo	10	11	1	6
I??ED@W@o	10	10	0	6
I??ED@WDo	10	11	1	6
I??ED@WFo	10	12	1	5
I??ED@WHg	10	11	1	6
I??EDBW]?	10	12	0	5
I??EDBW}?	10	13	0	4
I??EDBW\?	10	12	0	6
I??EDBW|?	10	13	0	5
I??EDBWV?	10	12	0	5
I??EDBWv?	10	13	0	4
I??EDBWN?	10	12	0	6
I??EDBWn?	10	13	0	5
I??EDBW^?	10	13	0	5
I??EDBW~?	10	14	0	4
I??EDBWM_	10	12	1	6
I??EDBWL_	10	12	1	6
I??EDBWN_	10	13	1	5
I??EDBWUO	10	12	1	6
I??EDBWTO	10	12	1	6
I??EDBWVO	10	13	1	5
I??EDBWFo	10	13	2	4
I??ED@w]?	10	12	0	4
I??ED@w}?	10	13	0	4
I??ED@w\?	10	12	0	6
I??ED@w|?	10	13	0	5
I??ED@wv?	10	13	0	5
I??ED@w^?	10	13	0	5
I??ED@w~?	10	14	0	4
I??ED@wN_	10	13	1	5
I??ED@wFo	10	13	2	4
I??EDBw}?	10	14	0	3
I??EDBw|?	10	14	0	4
I??EDBw^?	10	14	0	4
I??EDBw~?	10	15	0	3
I??ED?[w?	10	10	0	5
I??ED?[[?	10	10	0	7
I??ED?[{?	10	11	0	6
I??ED?[U?	10	10	0	6
I??ED?[u?	10	11	0	6
I??ED?[]?	10	11	0	6
I??ED?[}?	10	12	0	5
I??ED?[F?	10	10	0	4
I??ED?[f?	10	11	0	5
I??ED?[V?	10	11	0	5
I??ED?[v?	10	12	0	5
I??ED?[^?	10	12	0	5
I??ED?[~?	10	13	0	4
I??ED?[K_	10	10	1	7
I??ED?[M_	10	11	1	6
I??ED?[F_	10	11	0	5
I??ED?[N_	10	12	1	5
I??ED?[Co	10	10	0	5
I??ED?[Eo	10	11	0	5
I??ED?[Fo	10	12	0	4
I??ED?[wG	10	11	0	4
I??EDA[]?	10	12	0	6
I??EDA[}?	10	13	0	5
I??EDA[V?	10	12	0	5
I??EDA[v?	10	13	0	4
I??EDA[^?	10	13	0	5
I??EDA[~?	10	14	0	4
I??EDA[M_	10	12	1	6
I??EDA[F_	10	12	1	5
I??EDA[N_	10	13	1	5
I??EDA[Eo	10	12	1	5
I??EDA[Fo	10	13	1	4
I??ED@[{?	10	12	0	5
I??ED@[]?	10	12	0	6
I??ED@[}?	10	13	0	5
I??ED@[V?	10	12	0	4
I??ED@[v?	10	13	0	4
I??ED@[N?	10	12	0	6
I??ED@[n?	10	13	0	5
I??ED@[^?	10	13	0	5
I??ED@[~?	10	14	0	4
I??ED@[M_	10	12	1	6
I??ED@[N_	10	13	1	5
I??ED@[UO	10	12	1	5
I??ED@[VO	10	13	1	4
I??ED@[Fo	10	13	1	4
I??EDB[}?	10	14	0	4
I??EDB[v?	10	14	0	3
I??EDB[n?	10	14	0	4
I??EDB[^?	10	14	0	4
I??EDB[~?	10	15	0	3
I??EDB[N_	10	14	1	4
I??EDB[VO	10	14	1	4
I??ED@{^?	10	14	0	4
I??ED@{~?	10	15	0	3
I??EDB{~?	10	16	0	2
I??ED?qw?	10	10	1	5
I??ED?q{?	10	11	1	6
I??ED?qy?	10	11	1	6
I??ED?qu?	10	11	1	7
I??ED?q}?	10	12	1	6
I??ED?qr?	10	11	1	6
I??ED?qj?	10	11	1	7
I??ED?qZ?	10	11	1	7
I??ED?qz?	10	12	1	6
I??ED?qV?	10	11	1	7
I??ED?qv?	10	12	1	6
I??ED?q~?	10	13	1	5
I??ED?qN_	10	12	1	5
I??ED?qSO	10	10	2	7
I??ED?qQO	10	10	1	7
I??ED?qUO	10	11	2	7
I??ED?qRO	10	11	1	6
I??ED?qVO	10	12	2	6
I??ED?qEo	10	11	1	6
I??ED?qFo	10	12	1	5
I??ED?y{?	10	12	1	6
I??ED?y]?	10	12	1	6
I??ED?y}?	10	13	1	5
I??ED?yx?	10	12	1	6
I??ED?y\?	10	12	1	6
I??ED?y|?	10	13	1	5
I??ED?yv?	10	13	1	5
I??ED?yn?	10	13	1	5
I??ED?y^?	10	13	1	5
I??ED?y~?	10	14	1	4
I??ED?yN_	10	13	1	4
I??ED?yUO	10	12	2	7
I??ED?yTO	10	12	2	7
I??ED?yVO	10	13	2	6
I??ED?yFo	10	13	1	5
I??ED?]{?	10	12	1	5
I??ED?]u?	10	12	1	5
I??ED?]m?	10	12	1	5
I??ED?]]?	10	12	1	5
I??ED?]}?	10	13	1	4
I??ED?]V?	10	12	1	5
I??ED?]v?	10	13	1	4
I??ED?]N?	10	12	1	5
I??ED?]n?	10	13	1	4
I??ED?]^?	10	13	1	4
I??ED?]~?	10	14	1	3
I??ED?]N_	10	13	1	4
I??ED?]UO	10	12	1	6
I??ED?]FO	10	12	0	4
I??ED?]VO	10	13	1	5
I??ED?]Fo	10	13	0	3
I??ED?}}?	10	14	1	4
I??ED?}^?	10	14	1	4
I??ED?}~?	10	15	1	3
I??ED?}N_	10	14	1	3
I??ED?}VO	10	14	2	5
I??ED?Z{?	10	12	1	5
I??ED?Zu?	10	12	2	5
I??ED?Z]?	10	12	2	5
I??ED?Z}?	10	13	2	4
I??ED?Zx?	10	12	0	5
I??ED?Zt?	10	12	1	5
I??ED?Z\?	10	12	1	5
I??ED?Z|?	10	13	1	4
I??ED?ZV?	10	12	1	5
I??ED?Zv?	10	13	2	4
I??ED?Z^?	10	13	2	4
I??ED?Z~?	10	14	2	3
I??ED?ZN_	10	13	1	5
I??ED?ZDo	10	12	0	4
I??ED?ZFo	10	13	0	3
I??ED?ZxG	10	13	0	4
I??ED?^}?	10	14	2	3
I??ED?^v?	10	14	2	3
I??ED?^^?	10	14	2	3
I??ED?^~?	10	15	2	2
I??ED?^N_	10	14	1	4
I??ED?^Fo	10	14	0	2
I??EFB_{?	10	12	0	2
I??EFB_u?	10	12	0	3
I??EFB_m?	10	12	0	3
I??EFB_}?	10	13	0	2
I??EFB_f?	10	12	0	3
I??EFB_v?	10	13	0	2
I??EFB_N?	10	12	0	3
I??EFB_n?	10	13	0	2
I??EFB_~?	10	14	0	1
I??EFB_M_	10	12	1	5
I??EFB_N_	10	13	1	4
I??EFBO{?	10	12	0	4
I??EFBOy?	10	12	0	4
I??EFBOm?	10	12	0	4
I??EFBO}?	10	13	0	3
I??EFBOr?	10	12	0	4
I??EFBOz?	10	13	0	3
I??EFBON?	10	12	0	4
I??EFBOn?	10	13	0	3
I??EFBO~?	10	14	0	2
I??EFBOM_	10	12	1	5
I??EFBOJ_	10	12	1	5
I??EFBON_	10	13	1	4
I??EFBOFo	10	13	1	4
I??EFBOBW	10	12	0	5
I??EFBOAw	10	12	0	3
I??EFBOBw	10	13	0	4
I??EFBo{?	10	13	0	3
I??EFBoy?	10	13	0	3
I??EFBo}?	10	14	0	3
I??EFBoz?	10	14	0	3
I??EFBov?	10	14	0	3
I??EFBon?	10	14	0	3
I??EFBo~?	10	15	0	2
I??EFBoF_	10	13	1	4
I??EFBoN_	10	14	1	4
I??EFBoFo	10	14	1	3
I??EFBoBw	10	14	0	3
I??EFBW{?	10	13	0	4
I??EFBW}?	10	14	0	4
I??EFBWx?	10	13	0	4
I??EFBW|?	10	14	0	4
I??EFBWv?	10	14	0	4
I??EFBWn?	10	14	0	4
I??EFBW~?	10	15	0	3
I??EFBWN_	10	14	1	4
I??EFBWFo	10	14	2	3
I??EFAw]?	10	13	0	5
I??EFAw}?	10	14	0	4
I??EFAw\?	10	13	0	5
I??EFAw|?	10	14	0	4
I??EFAwV?	10	13	0	5
I??EFAwv?	10	14	0	4
I??EFAwn?	10	14	0	4
I??EFAw^?	10	14	0	4
I??EFAw~?	10	15	0	3
I??EFAwF_	10	13	1	4
I??EFAwN_	10	14	1	4
I??EFAwFo	10	14	2	3
I??EFBw}?	10	15	0	3
I??EFBw|?	10	15	0	3
I??EFBwv?	10	15	0	3
I??EFBw~?	10	16	0	2
I??EFBwFo	10	15	2	2
I??EFA[}?	10	14	0	4
I??EFA[V?	10	13	0	5
I??EFA[v?	10	14	0	4
I??EFA[n?	10	14	0	4
I??EFA[^?	10	14	0	4
I??EFA[~?	10	15	0	3
I??EFA[N_	10	14	1	4
I??EFA[Fo	10	14	1	3
I??EFB[v?	10	15	0	3
I??EFB[~?	10	16	0	2
I??EF?{{?	10	13	0	4
I??EF?{u?	10	13	0	5
I??EF?{m?	10	13	0	5
I??EF?{}?	10	14	0	4
I??EF?{f?	10	13	0	5
I??EF?{v?	10	14	0	4
I??EF?{N?	10	13	0	5
I??EF?{n?	10	14	0	4
I??EF?{~?	10	15	0	3
I??EF?{M_	10	13	1	5
I??EF?{F_	10	13	1	4
I??EF?{N_	10	14	1	4
I??EF?{Fo	10	14	1	3
I??EFA{}?	10	15	0	3
I??EFA{v?	10	15	0	3
I??EFA{n?	10	15	0	3
I??EFA{^?	10	15	0	3
I??EFA{~?	10	16	0	2
I??EFA{Fo	10	15	2	2
I??EFB{~?	10	17	0	1
I??EF?y{?	10	13	1	5
I??EF?yu?	10	13	1	5
I??EF?ym?	10	13	1	5
I??EF?y}?	10	14	1	4
I??EF?yx?	10	13	1	5
I??EF?yt?	10	13	1	5
I??EF?yl?	10	13	1	5
I??EF?y|?	10	14	1	4
I??EF?yf?	10	13	1	5
I??EF?yv?	10	14	1	4
I??EF?yn?	10	14	1	4
I??EF?y~?	10	15	1	3
I??EF?yN_	10	14	1	4
I??EF?yEo	10	13	1	5
I??EF?yFo	10	14	1	4
I??EF?]u?	10	13	1	4
I??EF?]}?	10	14	1	3
I??EF?]f?	10	13	1	4
I??EF?]v?	10	14	1	3
I??EF?]n?	10	14	1	3
I??EF?]~?	10	15	1	2
I??EF?]N_	10	14	1	4
I??EF?]Eo	10	13	0	3
I??EF?]Fo	10	14	0	2
I??EF?}}?	10	15	1	3
I??EF?}v?	10	15	1	3
I??EF?}n?	10	15	1	3
I??EF?}~?	10	16	1	2
I??EF?}N_	10	15	1	3
I??EF?}Fo	10	15	1	3
I??EF?^v?	10	15	2	2
I??EF?^~?	10	16	2	1
I??E@b_w?	10	10	0	3
I??E@b_s?	10	10	0	4
I??E@b_k?	10	10	0	5
I??E@b_{?	10	11	0	4
I??E@b_y?	10	11	0	4
I??E@b_u?	10	11	0	5
I??E@b_m?	10	11	0	6
I??E@b_}?	10	12	0	5
I??E@b_r?	10	11	0	5
I??E@b_j?	10	11	0	6
I??E@b_z?	10	12	0	5
I??E@b_f?	10	11	0	6
I??E@b_v?	10	12	0	5
I??E@b_N?	10	11	0	6
I??E@b_n?	10	12	0	5
I??E@b_~?	10	13	0	4
I??E@b_K_	10	10	1	6
I??E@b_E_	10	10	1	6
I??E@b_M_	10	11	1	6
I??E@b_B_	10	10	0	6
I??E@b_J_	10	11	1	6
I??E@b_F_	10	11	1	5
I??E@b_N_	10	12	1	5
I??E@b_oO	10	10	1	4
I??E@b_qO	10	11	1	5
I??E@b_BO	10	10	0	6
I??E@b_bO	10	11	1	6
I??E@b_rO	10	12	1	5
I??E@b_Ao	10	10	0	6
I??E@b_Bo	10	11	0	5
I??E@b_Fg	10	12	1	4
I??E@b_Bw	10	12	0	4
I??E@bo{?	10	12	0	4
I??E@bo}?	10	13	0	5
I??E@boz?	10	13	0	5
I??E@bo~?	10	14	0	4
I??E@boN_	10	13	1	5
I??E@bGw?	10	10	0	4
I??E@bG{?	10	11	0	5
I??E@bGq?	10	10	0	3
I??E@bGy?	10	11	0	4
I??E@bGM?	10	10	0	6
I??E@bGm?	10	11	0	6
I??E@bG}?	10	12	0	5
I??E@bGp?	10	10	0	4
I??E@bGx?	10	11	0	5
I??E@bGL?	10	10	0	6
I??E@bGl?	10	11	0	6
I??E@bG|?	10	12	0	5
I??E@bGr?	10	11	0	4
I??E@bGj?	10	11	0	6
I??E@bGz?	10	12	0	5
I??E@bGN?	10	11	0	6
I??E@bGn?	10	12	0	5
I??E@bG~?	10	13	0	4
I??E@bGK_	10	10	0	6
I??E@bGI_	10	10	1	6
I??E@bGM_	10	11	1	6
I??E@bGH_	10	10	0	6
I??E@bGL_	10	11	0	5
I??E@bGJ_	10	11	1	6
I??E@bGN_	10	12	1	5
I??E@bGoO	10	10	0	4
I??E@bGqO	10	11	0	4
I??E@bGpO	10	11	0	5
I??E@bGbO	10	11	0	6
I??E@bGrO	10	12	0	5
I??E@bGAo	10	10	1	6
I??E@bG@o	10	10	0	6
I??E@bGBo	10	11	1	6
I??E@bGLG	10	11	0	5
I??E@bGKg	10	11	0	5
I??E@bGLg	10	12	0	4
I??E@agw?	10	10	0	5
I??E@ag{?	10	11	0	6
I??E@agy?	10	11	0	5
I??E@agU?	10	10	0	7
I??E@agu?	10	11	0	6
I??E@ag}?	10	12	0	6
I??E@agx?	10	11	0	6
I??E@agT?	10	10	0	7
I??E@agt?	10	11	0	7
I??E@ag|?	10	12	0	6
I??E@agr?	10	11	0	6
I??E@agj?	10	11	0	5
I??E@agZ?	10	11	0	7
I??E@agz?	10	12	0	6
I??E@agV?	10	11	0	7
I??E@agv?	10	12	0	6
I??E@ag~?	10	13	0	5
I??E@agK_	10	10	1	6
I??E@agE_	10	10	1	7
I??E@agM_	10	11	1	6
I??E@agD_	10	10	1	7
I??E@agL_	10	11	1	6
I??E@agB_	10	10	1	7
I??E@agJ_	10	11	1	7
I??E@agF_	10	11	1	7
I??E@agN_	10	12	1	6
I??E@agAo	10	10	1	7
I??E@ag@o	10	10	0	7
I??E@agBo	10	11	1	7
I??E@agTG	10	11	1	6
I??E@bg{?	10	12	0	5
I??E@bgy?	10	12	0	4
I??E@bgu?	10	12	0	5
I??E@bgm?	10	12	0	6
I??E@bg}?	10	13	0	5
I??E@bgx?	10	12	0	5
I??E@bgt?	10	12	0	6
I??E@bgl?	10	12	0	7
I??E@bg|?	10	13	0	6
I??E@bgz?	10	13	0	5
I??E@bgv?	10	13	0	6
I??E@bgn?	10	13	0	6
I??E@bg~?	10	14	0	5
I??E@bgN_	10	13	1	5
I??E@bgrO	10	13	1	5
I??E@bw}?	10	14	0	4
I??E@bw|?	10	14	0	5
I??E@bw~?	10	15	0	4
I??E@_Ko?	10	8	0	4
I??E@_Kw?	10	9	0	5
I??E@_K{?	10	10	0	6
I??E@_Ki?	10	9	0	6
I??E@_Ky?	10	10	0	6
I??E@_K}?	10	11	0	6
I??E@_K~?	10	12	0	6
I??E@_KK_	10	9	0	5
I??E@_KI_	10	9	0	6
I??E@_KM_	10	10	0	6
I??E@_KN_	10	11	0	6
I??E@_KAo	10	9	0	6
I??E@_KBo	10	10	0	6
I??E@_K?w	10	9	0	6
I??E@aK[?	10	10	0	6
I??E@aK{?	10	11	0	7
I??E@aKY?	10	10	0	7
I??E@aKy?	10	11	0	6
I??E@aKM?	10	10	0	6
I??E@aKm?	10	11	0	7
I??E@aK]?	10	11	0	7
I??E@aK}?	10	12	0	6
I??E@aKR?	10	10	0	6
I??E@aKr?	10	11	0	5
I??E@aKJ?	10	10	0	6
I??E@aKj?	10	11	0	5
I??E@aKZ?	10	11	0	7
I??E@aKz?	10	12	0	6
I??E@aKN?	10	11	0	7
I??E@aKn?	10	12	0	6
I??E@aK^?	10	12	0	6
I??E@aK~?	10	13	0	5
I??E@aKK_	10	10	0	6
I??E@aKI_	10	10	1	7
I??E@aKM_	10	11	1	6
I??E@aKB_	10	10	1	6
I??E@aKJ_	10	11	1	7
I??E@aKN_	10	12	1	6
I??E@aKoO	10	10	0	6
I??E@aKQO	10	10	0	7
I??E@aKqO	10	11	0	6
I??E@aKbO	10	11	0	5
I??E@aKRO	10	11	0	6
I??E@aKrO	10	12	0	5
I??E@aKAo	10	10	1	7
I??E@aKBo	10	11	1	6
I??E@aK[G	10	11	1	5
I??E@aKKg	10	11	0	5
I??E@bK{?	10	12	0	6
I??E@bKy?	10	12	0	5
I??E@bKm?	10	12	0	6
I??E@bK}?	10	13	0	5
I??E@bKr?	10	12	0	4
I??E@bKj?	10	12	0	6
I??E@bKz?	10	13	0	5
I??E@bKN?	10	12	0	6
I??E@bKn?	10	13	0	5
I??E@bK~?	10	14	0	4
I??E@bKM_	10	12	1	5
I??E@bKN_	10	13	1	5
I??E@bKqO	10	12	0	5
I??E@bKrO	10	13	0	4
I??E@ak{?	10	12	0	6
I??E@aky?	10	12	0	6
I??E@aku?	10	12	0	7
I??E@ak}?	10	13	0	6
I??E@akj?	10	12	0	4
I??E@akZ?	10	12	0	6
I??E@akz?	10	13	0	5
I??E@akV?	10	12	0	7
I??E@akv?	10	13	0	6
I??E@ak~?	10	14	0	5
I??E@akM_	10	12	1	5
I??E@akN_	10	13	1	5
I??E@bk}?	10	14	0	5
I??E@bkz?	10	14	0	4
I??E@bkv?	10	14	0	5
I??E@bkn?	10	14	0	5
I??E@bk~?	10	15	0	4
I??E@b{~?	10	16	0	3
I??E@_q{?	10	11	1	5
I??E@_qy?	10	11	1	5
I??E@_qm?	10	11	1	5
I??E@_q}?	10	12	1	4
I??E@_qr?	10	11	0	5
I??E@_qj?	10	11	1	5
I??E@_qz?	10	12	1	4
I??E@_qN?	10	11	0	5
I??E@_qn?	10	12	1	4
I??E@_q~?	10	13	1	3
I??E@_qM_	10	11	0	4
I??E@_qJ_	10	11	0	6
I??E@_qN_	10	12	0	5
I??E@_qoO	10	10	0	6
I??E@_qaO	10	10	0	6
I??E@_qqO	10	11	0	5
I??E@_qbO	10	11	0	5
I??E@_qrO	10	12	0	4
I??E@_qBo	10	11	1	6
I??E@_qrG	10	12	0	4
I??E@_qoW	10	11	0	5
I??E@_qqW	10	12	0	4
I??E@_qbW	10	12	0	4
I??E@_qrW	10	13	0	3
I??E@_i{?	10	11	1	6
I??E@_iy?	10	11	1	6
I??E@_iu?	10	11	1	6
I??E@_im?	10	11	1	6
I??E@_i}?	10	12	1	5
I??E@_ix?	10	11	1	6
I??E@_it?	10	11	1	6
I??E@_il?	10	11	1	6
I??E@_i|?	10	12	1	5
I??E@_ir?	10	11	1	6
I??E@_ij?	10	11	1	6
I??E@_iz?	10	12	1	5
I??E@_if?	10	11	1	6
I??E@_iv?	10	12	1	5
I??E@_iN?	10	11	0	6
I??E@_in?	10	12	1	5
I??E@_i~?	10	13	1	4
I??E@_iM_	10	11	0	4
I??E@_iL_	10	11	0	5
I??E@_iJ_	10	11	0	5
I??E@_iF_	10	11	0	6
I??E@_iN_	10	12	0	5
I??E@_iqO	10	11	1	6
I??E@_i`O	10	10	0	6
I??E@_ipO	10	11	0	5
I??E@_ibO	10	11	1	7
I??E@_irO	10	12	1	6
I??E@_iBo	10	11	1	6
I??E@_isG	10	11	1	5
I??E@_ipG	10	11	0	5
I??E@_idG	10	11	1	6
I??E@_itG	10	12	1	5
I??E@_ioW	10	11	0	5
I??E@_i`W	10	11	0	5
I??E@_ipW	10	12	0	4
I??E@_y{?	10	12	1	5
I??E@_yy?	10	12	1	5
I??E@_ym?	10	12	1	5
I??E@_y}?	10	13	1	4
I??E@_yx?	10	12	1	5
I??E@_yl?	10	12	1	5
I??E@_y|?	10	13	1	4
I??E@_yz?	10	13	1	4
I??E@_yn?	10	13	1	4
I??E@_y~?	10	14	1	3
I??E@_yN_	10	13	0	4
I??E@_yqO	10	12	1	6
I??E@_ypO	10	12	0	4
I??E@_yrO	10	13	1	5
I??E@_ypW	10	13	0	3
I??E@_M{?	10	11	0	6
I??E@_My?	10	11	1	7
I??E@_Mm?	10	11	1	7
I??E@_M}?	10	12	1	6
I??E@_Mr?	10	11	1	7
I??E@_Mz?	10	12	1	6
I??E@_M~?	10	13	1	5
I??E@_MM_	10	11	0	5
I??E@_MJ_	10	11	0	5
I??E@_MN_	10	12	0	5
I??E@_MoO	10	10	0	6
I??E@_MaO	10	10	1	7
I??E@_MqO	10	11	1	6
I??E@_MrO	10	12	1	6
I??E@_MBo	10	11	0	5
I??E@_m{?	10	12	1	6
I??E@_my?	10	12	1	6
I??E@_mu?	10	12	1	6
I??E@_mm?	10	12	1	6
I??E@_m}?	10	13	1	5
I??E@_mr?	10	12	1	6
I??E@_mj?	10	12	1	6
I??E@_mz?	10	13	1	5
I??E@_mf?	10	12	1	6
I??E@_mv?	10	13	1	5
I??E@_mN?	10	12	0	5
I??E@_mn?	10	13	1	5
I??E@_m~?	10	14	1	4
I??E@_mN_	10	13	0	4
I??E@_mqO	10	12	1	6
I??E@_mbO	10	12	2	7
I??E@_mrO	10	13	2	6
I??E@_}}?	10	14	1	4
I??E@_}z?	10	14	1	4
I??E@_}n?	10	14	1	4
I??E@_}~?	10	15	1	3
I??E@_}N_	10	14	0	3
I??E@_}rO	10	14	2	5
I??E@_N{?	10	12	0	5
I??E@_Ny?	10	12	1	6
I??E@_N}?	10	13	1	5
I??E@_Nr?	10	12	1	6
I??E@_Nj?	10	12	2	6
I??E@_Nz?	10	13	2	5
I??E@_N~?	10	14	2	4
I??E@_NN_	10	13	1	5
I??E@_NBo	10	12	0	4
I??E@_N{G	10	13	0	4
I??EDb_{?	10	12	0	4
I??EDb_]?	10	12	0	5
I??EDb_}?	10	13	0	4
I??EDb_Z?	10	12	0	5
I??EDb_z?	10	13	0	4
I??EDb_V?	10	12	0	5
I??EDb_v?	10	13	0	4
I??EDb_N?	10	12	0	5
I??EDb_n?	10	13	0	4
I??EDb_^?	10	13	0	4
I??EDb_~?	10	14	0	3
I??EDb_M_	10	12	1	6
I??EDb_J_	10	12	1	6
I??EDb_F_	10	12	1	5
I??EDb_N_	10	13	1	5
I??EDb_RO	10	12	1	6
I??EDb_Bo	10	12	0	5
I??EDb_Fg	10	13	1	4
I??EDb_BW	10	12	0	5
I??EDb_Aw	10	12	0	4
I??EDb_Bw	10	13	0	4
I??EDao{?	10	12	0	3
I??EDao]?	10	12	0	5
I??EDao}?	10	13	0	4
I??EDaoZ?	10	12	0	5
I??EDaoz?	10	13	0	4
I??EDaoN?	10	12	0	5
I??EDaon?	10	13	0	4
I??EDao^?	10	13	0	4
I??EDao~?	10	14	0	3
I??EDaoM_	10	12	1	5
I??EDaoJ_	10	12	1	5
I??EDaoN_	10	13	1	4
I??EDaoQW	10	12	1	4
I??EDaoBW	10	12	0	4
I??EDaoRW	10	13	1	3
I??EDaoAw	10	12	0	4
I??EDaoBw	10	13	0	3
I??ED`ow?	10	11	0	5
I??ED`ok?	10	11	0	4
I??ED`o{?	10	12	0	4
I??ED`oy?	10	12	0	6
I??ED`om?	10	12	0	5
I??ED`o}?	10	13	0	5
I??ED`or?	10	12	0	6
I??ED`oj?	10	12	0	6
I??ED`oz?	10	13	0	5
I??ED`oN?	10	12	0	6
I??ED`on?	10	13	0	5
I??ED`o~?	10	14	0	4
I??ED`oM_	10	12	1	6
I??ED`oJ_	10	12	1	7
I??ED`oN_	10	13	1	6
I??ED`oBW	10	12	0	5
I??ED`oAw	10	12	0	5
I??ED`oBw	10	13	0	4
I??EDbo]?	10	13	0	5
I??EDbo}?	10	14	0	4
I??EDboz?	10	14	0	4
I??EDbon?	10	14	0	4
I??EDbo^?	10	14	0	4
I??EDbo~?	10	15	0	3
I??EDboN_	10	14	1	5
I??EDboRO	10	13	1	5
I??EDbG{?	10	12	0	6
I??EDbGy?	10	12	0	5
I??EDbGm?	10	12	0	6
I??EDbG]?	10	12	0	6
I??EDbG}?	10	13	0	5
I??EDbGl?	10	12	0	6
I??EDbG\?	10	12	0	6
I??EDbG|?	10	13	0	5
I??EDbGr?	10	12	0	5
I??EDbGj?	10	12	0	6
I??EDbGZ?	10	12	0	6
I??EDbGz?	10	13	0	5
I??EDbGN?	10	12	0	6
I??EDbGn?	10	13	0	5
I??EDbG^?	10	13	0	5
I??EDbG~?	10	14	0	4
I??EDbGM_	10	12	1	6
I??EDbGL_	10	12	1	5
I??EDbGJ_	10	12	1	6
I??EDbGN_	10	13	1	5
I??EDbGLG	10	12	1	5
I??EDbGKg	10	12	1	5
I??EDbGHg	10	12	1	5
I??EDbGLg	10	13	1	4
I??EDbG@w	10	12	0	5
I??EDag{?	10	12	0	5
I??EDagu?	10	12	0	6
I??EDagm?	10	12	0	4
I??EDag]?	10	12	0	6
I??EDag}?	10	13	0	5
I??EDagt?	10	12	0	6
I??EDag\?	10	12	0	6
I??EDag|?	10	13	0	5
I??EDagf?	10	12	0	6
I??EDagV?	10	12	0	6
I??EDagv?	10	13	0	5
I??EDagN?	10	12	0	6
I??EDagn?	10	13	0	5
I??EDag^?	10	13	0	5
I??EDag~?	10	14	0	4
I??EDagM_	10	12	1	6
I??EDagL_	10	12	1	7
I??EDagF_	10	12	1	7
I??EDagN_	10	13	1	6
I??EDagRO	10	12	1	6
I??EDagBo	10	12	1	6
I??EDagPW	10	12	1	5
I??EDag@w	10	12	0	5
I??ED`g{?	10	12	0	6
I??ED`gu?	10	12	0	7
I??ED`gm?	10	12	0	6
I??ED`g}?	10	13	0	6
I??ED`gx?	10	12	0	6
I??ED`gt?	10	12	0	7
I??ED`gl?	10	12	0	6
I??ED`g\?	10	12	0	7
I??ED`g|?	10	13	0	6
I??ED`gf?	10	12	0	7
I??ED`gv?	10	13	0	6
I??ED`gN?	10	12	0	7
I??ED`gn?	10	13	0	6
I??ED`g~?	10	14	0	5
I??ED`gE_	10	11	1	8
I??ED`gM_	10	12	1	7
I??ED`gL_	10	12	1	7
I??ED`gF_	10	12	1	7
I??ED`gN_	10	13	1	6
I??ED`g@w	10	12	0	6
I??EDbg]?	10	13	0	6
I??EDbg}?	10	14	0	5
I??EDbg\?	10	13	0	6
I??EDbg|?	10	14	0	5
I??EDbgZ?	10	13	0	6
I??EDbgz?	10	14	0	5
I??EDbgV?	10	13	0	6
I??EDbgv?	10	14	0	5
I??EDbgN?	10	13	0	6
I??EDbgn?	10	14	0	5
I??EDbg^?	10	14	0	5
I??EDbg~?	10	15	0	4
I??EDbgM_	10	13	1	6
I??EDbgL_	10	13	1	6
I??EDbgN_	10	14	1	5
I??EDbgRO	10	13	1	6
I??EDaw]?	10	13	0	5
I??EDaw}?	10	14	0	4
I??EDaw\?	10	13	0	6
I??EDaw|?	10	14	0	5
I??EDawZ?	10	13	0	6
I??EDawz?	10	14	0	5
I??EDawN?	10	13	0	5
I??EDawn?	10	14	0	4
I??EDaw^?	10	14	0	5
I??EDaw~?	10	15	0	4
I??EDawM_	10	13	1	5
I??EDawL_	10	13	1	6
I??EDawN_	10	14	1	5
I??ED`w]?	10	13	0	5
I??ED`w}?	10	14	0	5
I??ED`w\?	10	13	0	6
I??ED`w|?	10	14	0	6
I??ED`wz?	10	14	0	6
I??ED`wn?	10	14	0	6
I??ED`w^?	10	14	0	6
I??ED`w~?	10	15	0	5
I??ED`wN_	10	14	1	5
I??EDbw}?	10	15	0	4
I??EDbw|?	10	15	0	5
I??EDbw^?	10	15	0	5
I??EDbw~?	10	16	0	4
I??EDaK]?	10	12	0	7
I??EDaK}?	10	13	0	6
I??EDaKN?	10	12	0	7
I??EDaKn?	10	13	0	6
I??EDaK^?	10	13	0	6
I??EDaK~?	10	14	0	5
I??EDaKM_	10	12	1	7
I??EDaKN_	10	13	1	6
I??EDaKRO	10	12	1	6
I??EDaKBo	10	12	1	6
I??ED`K{?	10	12	0	6
I??ED`Ky?	10	12	0	7
I??ED`Km?	10	12	0	6
I??ED`K]?	10	12	0	7
I??ED`K}?	10	13	0	6
I??ED`KN?	10	12	0	7
I??ED`Kn?	10	13	0	6
I??ED`K~?	10	14	0	5
I??ED`KK_	10	11	1	6
I??ED`KI_	10	11	1	8
I??ED`KM_	10	12	1	7
I??ED`KN_	10	13	1	6
I??ED`KRO	10	12	1	4
I??ED`KBo	10	12	1	5
I??EDbK]?	10	13	0	7
I??EDbK}?	10	14	0	6
I??EDbKZ?	10	13	0	6
I??EDbKz?	10	14	0	5
I??EDbKN?	10	13	0	6
I??EDbKn?	10	14	0	6
I??EDbK^?	10	14	0	6
I??EDbK~?	10	15	0	5
I??EDbKM_	10	13	1	6
I??EDbKJ_	10	13	1	6
I??EDbKN_	10	14	1	5
I??EDak]?	10	13	0	7
I??EDak}?	10	14	0	6
I??EDakZ?	10	13	0	6
I??EDakz?	10	14	0	5
I??EDakV?	10	13	0	7
I??EDakv?	10	14	0	6
I??EDakN?	10	13	0	6
I??EDakn?	10	14	0	5
I??EDak^?	10	14	0	6
I??EDak~?	10	15	0	5
I??EDakM_	10	13	1	6
I??EDakJ_	10	13	1	6
I??EDakF_	10	13	1	6
I??EDakN_	10	14	1	5
I??EDakRO	10	13	1	6
I??ED`k{?	10	13	0	5
I??ED`k]?	10	13	0	7
I??ED`k}?	10	14	0	6
I??ED`kZ?	10	13	0	5
I??ED`kz?	10	14	0	5
I??ED`kV?	10	13	0	7
I??ED`kv?	10	14	0	6
I??ED`kN?	10	13	0	6
I??ED`kn?	10	14	0	6
I??ED`k^?	10	14	0	6
I??ED`k~?	10	15	0	5
I??ED`kN_	10	14	1	5
I??ED`kRO	10	13	1	5
I??EDbk}?	10	15	0	5
I??EDbkz?	10	15	0	4
I??EDbkv?	10	15	0	5
I??EDbkn?	10	15	0	5
I??EDbk^?	10	15	0	5
I??EDbk~?	10	16	0	4
I??EDbkN_	10	15	1	4
I??ED_{{?	10	13	0	5
I??ED_{]?	10	13	0	6
I??ED_{}?	10	14	0	5
I??ED_{z?	10	14	0	5
I??ED_{N?	10	13	0	5
I??ED_{n?	10	14	0	5
I??ED_{^?	10	14	0	5
I??ED_{~?	10	15	0	4
I??ED_{N_	10	14	1	4
I??ED_{RO	10	13	1	6
I??EDa{}?	10	15	0	5
I??EDa{n?	10	15	0	4
I??EDa{^?	10	15	0	5
I??EDa{~?	10	16	0	4
I??EDa{N_	10	15	1	4
I??ED`{^?	10	15	0	5
I??ED`{~?	10	16	0	4
I??EDb{~?	10	17	0	3
I??ED_y{?	10	13	1	6
I??ED_y]?	10	13	1	6
I??ED_y}?	10	14	1	5
I??ED_y\?	10	13	1	6
I??ED_y|?	10	14	1	5
I??ED_yZ?	10	13	1	6
I??ED_yz?	10	14	1	5
I??ED_yN?	10	13	1	5
I??ED_yn?	10	14	1	5
I??ED_y^?	10	14	1	5
I??ED_y~?	10	15	1	4
I??ED_yN_	10	14	1	4
I??ED_yBo	10	13	2	6
I??ED_m{?	10	13	1	6
I??ED_my?	10	13	1	6
I??ED_mu?	10	13	1	6
I??ED_mm?	10	13	1	6
I??ED_m]?	10	13	1	6
I??ED_m}?	10	14	1	5
I??ED_mZ?	10	13	1	6
I??ED_mz?	10	14	1	5
I??ED_mV?	10	13	1	6
I??ED_mv?	10	14	1	5
I??ED_mN?	10	13	1	5
I??ED_mn?	10	14	1	5
I??ED_m^?	10	14	1	5
I??ED_m~?	10	15	1	4
I??ED_mN_	10	14	1	4
I??ED_mRO	10	13	2	6
I??ED_mBo	10	13	1	5
I??ED_}}?	10	15	1	4
I??ED_}^?	10	15	1	4
I??ED_}~?	10	16	1	3
I??ED_}N_	10	15	1	3
I??ED`L}?	10	14	1	5
I??ED`Ln?	10	14	1	5
I??ED`L~?	10	15	1	4
I??ED`LN_	10	14	2	5
I??EFbo}?	10	15	0	3
I??EFboz?	10	15	0	3
I??EFbon?	10	15	0	3
I??EFbo~?	10	16	0	2
I??EFboN_	10	15	1	4
I??EFboBw	10	15	0	2
I??EFbg}?	10	15	0	4
I??EFbg|?	10	15	0	4
I??EFbgv?	10	15	0	4
I??EFbgn?	10	15	0	4
I??EFbg~?	10	16	0	3
I??EFbgN_	10	15	1	4
I??EFbw}?	10	16	0	3
I??EFbw|?	10	16	0	4
I??EFbw~?	10	17	0	3
I??EFbK}?	10	15	0	5
I??EFbKn?	10	15	0	5
I??EFbK~?	10	16	0	4
I??EFbKN_	10	15	1	4
I??EFbk}?	10	16	0	4
I??EFbkz?	10	16	0	4
I??EFbkv?	10	16	0	4
I??EFbkn?	10	16	0	4
I??EFbk~?	10	17	0	3
I??EFbkN_	10	16	1	3
I??EFa{}?	10	16	0	4
I??EFa{n?	10	16	0	4
I??EFa{^?	10	16	0	4
I??EFa{~?	10	17	0	3
I??EFb{~?	10	18	0	2
I??EF_}}?	10	16	1	3
I??EF_}n?	10	16	1	3
I??EF_}~?	10	17	1	2
I??EF_}N_	10	16	2	2
I??E@r_w?	10	11	0	4
I??E@r_{?	10	12	0	5
I??E@r_u?	10	12	0	6
I??E@r_m?	10	12	0	6
I??E@r_}?	10	13	0	5
I??E@r_p?	10	11	0	5
I??E@r_x?	10	12	0	5
I??E@r_t?	10	12	0	6
I??E@r_l?	10	12	0	6
I??E@r_|?	10	13	0	5
I??E@r_f?	10	12	0	6
I??E@r_v?	10	13	0	5
I??E@r_N?	10	12	0	6
I??E@r_n?	10	13	0	5
I??E@r_~?	10	14	0	4
I??E@r_E_	10	11	1	6
I??E@r_M_	10	12	1	5
I??E@r_L_	10	12	1	6
I??E@r_F_	10	12	1	5
I??E@r_N_	10	13	1	5
I??E@r_pO	10	12	1	5
I??E@r_Fg	10	13	1	4
I??E@r_@w	10	12	0	5
I??E@qok?	10	11	0	4
I??E@qo{?	10	12	0	5
I??E@qoy?	10	12	0	6
I??E@qom?	10	12	0	4
I??E@qo]?	10	12	0	5
I??E@qo}?	10	13	0	5
I??E@qox?	10	12	0	7
I??E@qol?	10	12	0	5
I??E@qo\?	10	12	0	6
I??E@qo|?	10	13	0	6
I??E@qor?	10	12	0	7
I??E@qoj?	10	12	0	6
I??E@qoZ?	10	12	0	7
I??E@qoz?	10	13	0	6
I??E@qoN?	10	12	0	5
I??E@qon?	10	13	0	5
I??E@qo^?	10	13	0	6
I??E@qo~?	10	14	0	5
I??E@qoM_	10	12	1	5
I??E@qoL_	10	12	1	6
I??E@qoB_	10	11	1	7
I??E@qoJ_	10	12	1	6
I??E@qoN_	10	13	1	5
I??E@qoPW	10	12	1	5
I??E@qo@w	10	12	0	5
I??E@ro{?	10	13	0	5
I??E@roy?	10	13	0	6
I??E@rom?	10	13	0	5
I??E@ro}?	10	14	0	5
I??E@ro|?	10	14	0	5
I??E@roz?	10	14	0	5
I??E@ron?	10	14	0	5
I??E@ro~?	10	15	0	4
I??E@roN_	10	14	1	4
I??E@ropO	10	13	1	4
I??E@ow{?	10	12	0	5
I??E@owM?	10	11	0	2
I??E@owm?	10	12	0	3
I??E@ow}?	10	13	0	4
I??E@owp?	10	11	0	5
I??E@owx?	10	12	0	5
I??E@owl?	10	12	0	5
I??E@ow|?	10	13	0	4
I??E@owN?	10	12	0	3
I??E@own?	10	13	0	4
I??E@ow~?	10	14	0	3
I??E@owM_	10	12	0	3
I??E@owL_	10	12	0	5
I??E@owN_	10	13	0	4
I??E@owoW	10	12	0	4
I??E@ow`W	10	12	0	4
I??E@owpW	10	13	0	3
I??E@ow@w	10	12	0	4
I??E@qwm?	10	13	0	3
I??E@qw]?	10	13	0	4
I??E@qw}?	10	14	0	4
I??E@qw|?	10	14	0	5
I??E@qwn?	10	14	0	4
I??E@qw^?	10	14	0	5
I??E@qw~?	10	15	0	4
I??E@qwN_	10	14	1	4
I??E@qwpO	10	13	1	4
I??E@rw}?	10	15	0	4
I??E@rw~?	10	16	0	3
I??E@rC{?	10	12	0	5
I??E@rCm?	10	12	0	5
I??E@rC}?	10	13	0	4
I??E@rCp?	10	11	0	4
I??E@rCx?	10	12	0	5
I??E@rCl?	10	12	0	5
I??E@rC|?	10	13	0	4
I??E@rCN?	10	12	0	5
I??E@rCn?	10	13	0	4
I??E@rC~?	10	14	0	3
I??E@rCK_	10	11	0	5
I??E@rCM_	10	12	0	4
I??E@rCL_	10	12	1	6
I??E@rCN_	10	13	1	5
I??E@rCMG	10	12	0	4
I??E@rCMg	10	13	0	3
I??E@qc{?	10	12	0	7
I??E@qcU?	10	11	0	7
I??E@qcu?	10	12	0	7
I??E@qcm?	10	12	0	6
I??E@qc]?	10	12	0	6
I??E@qc}?	10	13	0	6
I??E@qcx?	10	12	0	6
I??E@qcT?	10	11	0	8
I??E@qct?	10	12	0	7
I??E@qcl?	10	12	0	6
I??E@qc\?	10	12	0	7
I??E@qc|?	10	13	0	6
I??E@qcf?	10	12	0	7
I??E@qcV?	10	12	0	7
I??E@qcv?	10	13	0	6
I??E@qcN?	10	12	0	6
I??E@qcn?	10	13	0	6
I??E@qc^?	10	13	0	6
I??E@qc~?	10	14	0	5
I??E@qcE_	10	11	1	6
I??E@qcM_	10	12	1	5
I??E@qcD_	10	11	1	7
I??E@qcL_	10	12	1	6
I??E@qcF_	10	12	1	6
I??E@qcN_	10	13	1	5
I??E@qcpO	10	12	1	5
I??E@qcUG	10	12	1	6
I??E@rc{?	10	13	0	6
I??E@rcu?	10	13	0	6
I??E@rcm?	10	13	0	6
I??E@rc}?	10	14	0	5
I??E@rcx?	10	13	0	5
I??E@rct?	10	13	0	6
I??E@rcl?	10	13	0	6
I??E@rc|?	10	14	0	5
I??E@rcf?	10	13	0	6
I??E@rcv?	10	14	0	5
I??E@rcN?	10	13	0	5
I??E@rcn?	10	14	0	5
I??E@rc~?	10	15	0	4
I??E@rcN_	10	14	1	4
I??E@rcpO	10	13	1	4
I??E@os{?	10	12	0	6
I??E@osq?	10	11	0	6
I??E@osy?	10	12	0	6
I??E@osm?	10	12	0	5
I??E@os}?	10	13	0	5
I??E@osb?	10	11	0	7
I??E@osr?	10	12	0	6
I??E@osj?	10	12	0	6
I??E@osz?	10	13	0	5
I??E@osN?	10	12	0	4
I??E@osn?	10	13	0	5
I??E@os~?	10	14	0	4
I??E@osM_	10	12	0	5
I??E@osB_	10	11	0	6
I??E@osJ_	10	12	0	5
I??E@osN_	10	13	0	4
I??E@ospO	10	12	1	5
I??E@osoW	10	12	0	4
I??E@qs{?	10	13	0	6
I??E@qsy?	10	13	0	6
I??E@qsm?	10	13	0	5
I??E@qs]?	10	13	0	6
I??E@qs}?	10	14	0	5
I??E@qsl?	10	13	0	5
I??E@qs\?	10	13	0	6
I??E@qs|?	10	14	0	5
I??E@qsj?	10	13	0	6
I??E@qsZ?	10	13	0	6
I??E@qsz?	10	14	0	5
I??E@qsN?	10	13	0	5
I??E@qsn?	10	14	0	5
I??E@qs^?	10	14	0	5
I??E@qs~?	10	15	0	4
I??E@qsN_	10	14	1	4
I??E@qspO	10	13	1	4
I??E@rs}?	10	15	0	4
I??E@rs|?	10	15	0	4
I??E@rsz?	10	15	0	4
I??E@rsn?	10	15	0	4
I??E@rs~?	10	16	0	3
I??E@o{{?	10	13	0	5
I??E@o{m?	10	13	0	4
I??E@o{}?	10	14	0	4
I??E@o{|?	10	14	0	4
I??E@o{N?	10	13	0	3
I??E@o{n?	10	14	0	4
I??E@o{~?	10	15	0	3
I??E@o{N_	10	14	0	3
I??E@o{pO	10	13	1	4
I??E@q{}?	10	15	0	4
I??E@q{n?	10	15	0	4
I??E@q{^?	10	15	0	4
I??E@q{~?	10	16	0	3
I??E@r{~?	10	17	0	2
I??E@oy{?	10	13	1	4
I??E@oym?	10	13	1	4
I??E@oy}?	10	14	1	3
I??E@oyx?	10	13	1	4
I??E@oyl?	10	13	1	4
I??E@oy|?	10	14	1	3
I??E@oyN?	10	13	0	4
I??E@oyn?	10	14	1	3
I??E@oy~?	10	15	1	2
I??E@oyN_	10	14	0	3
I??E@oypO	10	13	0	3
I??E@ou{?	10	13	1	5
I??E@ouy?	10	13	1	5
I??E@oum?	10	13	1	5
I??E@ou}?	10	14	1	4
I??E@oux?	10	13	1	5
I??E@oul?	10	13	1	5
I??E@ou|?	10	14	1	4
I??E@our?	10	13	1	5
I??E@ouj?	10	13	1	5
I??E@ouz?	10	14	1	4
I??E@ouN?	10	13	0	4
I??E@oun?	10	14	1	4
I??E@ou~?	10	15	1	3
I??E@ouN_	10	14	0	3
I??E@oupO	10	13	1	5
I??E@o}}?	10	15	1	3
I??E@o}|?	10	15	1	3
I??E@o}n?	10	15	1	3
I??E@o}~?	10	16	1	2
I??E@o}N_	10	15	0	2
I??E@rD}?	10	14	1	3
I??E@rD|?	10	14	1	3
I??E@rDn?	10	14	1	3
I??E@rD~?	10	15	1	2
I??E@rDN_	10	14	1	4
I??E@rDMg	10	14	0	2
I??EDro}?	10	15	0	4
I??EDro|?	10	15	0	5
I??EDroz?	10	15	0	5
I??EDron?	10	15	0	5
I??EDro^?	10	15	0	5
I??EDro~?	10	16	0	4
I??EDroN_	10	15	1	4
I??EDqw]?	10	14	0	4
I??EDqw}?	10	15	0	3
I??EDqw\?	10	14	0	5
I??EDqw|?	10	15	0	4
I??EDqwn?	10	15	0	3
I??EDqw^?	10	15	0	4
I??EDqw~?	10	16	0	3
I??EDqwN_	10	15	1	4
I??EDpw{?	10	14	0	5
I??EDpw}?	10	15	0	4
I??EDpwx?	10	14	0	6
I??EDpwl?	10	14	0	6
I??EDpw|?	10	15	0	5
I??EDpwn?	10	15	0	5
I??EDpw~?	10	16	0	4
I??EDpwN_	10	15	1	4
I??EDrw}?	10	16	0	3
I??EDrw^?	10	16	0	4
I??EDrw~?	10	17	0	3
I??EDrc}?	10	15	0	5
I??EDrc|?	10	15	0	5
I??EDrcv?	10	15	0	5
I??EDrcn?	10	15	0	5
I??EDrc^?	10	15	0	5
I??EDrc~?	10	16	0	4
I??EDrcN_	10	15	1	4
I??EDqs}?	10	15	0	5
I??EDqsZ?	10	14	0	6
I??EDqsz?	10	15	0	5
I??EDqsn?	10	15	0	4
I??EDqs^?	10	15	0	5
I??EDqs~?	10	16	0	4
I??EDqsN_	10	15	1	4
I??EDps{?	10	14	0	6
I??EDpsy?	10	14	0	6
I??EDps}?	10	15	0	5
I??EDpsr?	10	14	0	6
I??EDpsz?	10	15	0	5
I??EDpsn?	10	15	0	5
I??EDps~?	10	16	0	4
I??EDpsN_	10	15	1	4
I??EDrs}?	10	16	0	4
I??EDrs|?	10	16	0	4
I??EDrsz?	10	16	0	4
I??EDrsn?	10	16	0	4
I??EDrs^?	10	16	0	4
I??EDrs~?	10	17	0	3
I??EDrsN_	10	16	1	3
I??EDq{}?	10	16	0	4
I??EDq{n?	10	16	0	3
I??EDq{^?	10	16	0	4
I??EDq{~?	10	17	0	3
I??EDq{N_	10	16	1	3
I??EDp{^?	10	16	0	4
I??EDp{~?	10	17	0	3
I??EDr{~?	10	18	0	2
I??EDo}}?	10	16	1	3
I??EDo}^?	10	16	1	3
I??EDo}~?	10	17	1	2
I??EDo}N_	10	16	1	2
I??EFrw}?	10	17	0	2
I??EFrw|?	10	17	0	3
I??EFrw~?	10	18	0	2
I??EFrsz?	10	17	0	3
I??EFrs~?	10	18	0	2
I??EFr{~?	10	19	0	1
I??E@zo{?	10	14	0	4
I??E@zoy?	10	14	0	5
I??E@zo}?	10	15	0	4
I??E@zor?	10	14	0	5
I??E@zoz?	10	15	0	4
I??E@zon?	10	15	0	4
I??E@zo~?	10	16	0	3
I??E@zoN_	10	15	1	3
I??E@yw{?	10	14	0	5
I??E@ywm?	10	14	0	4
I??E@yw]?	10	14	0	5
I??E@yw}?	10	15	0	4
I??E@ywx?	10	14	0	5
I??E@ywl?	10	14	0	5
I??E@yw\?	10	14	0	5
I??E@yw|?	10	15	0	4
I??E@ywn?	10	15	0	4
I??E@yw^?	10	15	0	4
I??E@yw~?	10	16	0	3
I??E@ywN_	10	15	1	3
I??E@zw}?	10	16	0	3
I??E@zw|?	10	16	0	3
I??E@zwn?	10	16	0	3
I??E@zw~?	10	17	0	2
I??E@w{{?	10	14	0	4
I??E@w{m?	10	14	0	4
I??E@w{}?	10	15	0	3
I??E@w{N?	10	14	0	2
I??E@w{n?	10	15	0	3
I??E@w{~?	10	16	0	2
I??E@w{N_	10	15	0	2
I??E@y{n?	10	16	0	3
I??E@y{^?	10	16	0	3
I??E@y{~?	10	17	0	2
I??E@z{~?	10	18	0	1
I??E@w}}?	10	16	1	2
I??E@w}n?	10	16	1	2
I??E@w}~?	10	17	1	1
I??E@w}N_	10	16	0	1
I??EDzw}?	10	17	0	3
I??EDzw|?	10	17	0	3
I??EDzw~?	10	18	0	2
I??EDy{}?	10	17	0	3
I??EDy{n?	10	17	0	2
I??EDy{^?	10	17	0	3
I??EDy{~?	10	18	0	2
I??EDx{}?	10	17	0	3
I??EDx{~?	10	18	0	2
I??EDz{~?	10	19	0	1
I??EFz{~?	10	20	0	0
I??E@f_w?	10	11	1	4
I??E@f_{?	10	12	1	5
I??E@f_y?	10	12	1	5
I??E@f_u?	10	12	1	6
I??E@f_m?	10	12	1	6
I??E@f_}?	10	13	1	5
I??E@f_r?	10	12	1	6
I??E@f_j?	10	12	1	6
I??E@f_z?	10	13	1	5
I??E@f_f?	10	12	1	6
I??E@f_v?	10	13	1	5
I??E@f_N?	10	12	1	6
I??E@f_n?	10	13	1	5
I??E@f_~?	10	14	1	4
I??E@f_N_	10	13	1	5
I??E@f_qO	10	12	1	5
I??E@f_bO	10	12	1	6
I??E@f_rO	10	13	1	5
I??E@f_Eg	10	12	1	5
I??E@f_Bg	10	12	1	5
I??E@f_Fg	10	13	1	4
I??E@f_BW	10	12	1	6
I??E@fo{?	10	13	1	5
I??E@fo}?	10	14	1	5
I??E@foz?	10	14	1	5
I??E@fo~?	10	15	1	4
I??E@foM_	10	13	2	4
I??E@foJ_	10	13	2	5
I??E@foN_	10	14	2	4
I??E@fG{?	10	12	1	5
I??E@fGy?	10	12	1	5
I??E@fGm?	10	12	1	5
I??E@fG}?	10	13	1	4
I??E@fGx?	10	12	1	5
I??E@fGl?	10	12	1	5
I??E@fG|?	10	13	1	4
I??E@fGr?	10	12	0	5
I??E@fGj?	10	12	1	5
I??E@fGz?	10	13	1	4
I??E@fGN?	10	12	1	5
I??E@fGn?	10	13	1	4
I??E@fG~?	10	14	1	3
I??E@fGM_	10	12	1	5
I??E@fGL_	10	12	0	4
I??E@fGJ_	10	12	1	6
I??E@fGN_	10	13	1	5
I??E@fGpO	10	12	0	5
I??E@fGrO	10	13	0	4
I??E@fGLG	10	12	0	4
I??E@fGKg	10	12	0	4
I??E@fGHg	10	12	0	4
I??E@fGLg	10	13	0	3
I??E@eg{?	10	12	1	7
I??E@egy?	10	12	1	6
I??E@egu?	10	12	1	7
I??E@eg}?	10	13	1	6
I??E@egx?	10	12	1	7
I??E@egt?	10	12	1	7
I??E@eg|?	10	13	1	6
I??E@egr?	10	12	1	6
I??E@egj?	10	12	1	6
I??E@egZ?	10	12	1	7
I??E@egz?	10	13	1	6
I??E@egV?	10	12	1	7
I??E@egv?	10	13	1	6
I??E@eg~?	10	14	1	5
I??E@egM_	10	12	1	5
I??E@egF_	10	12	1	6
I??E@egN_	10	13	1	5
I??E@egTG	10	12	2	7
I??E@egDg	10	12	1	6
I??E@fg{?	10	13	1	6
I??E@fgy?	10	13	1	5
I??E@fgu?	10	13	1	6
I??E@fgm?	10	13	1	6
I??E@fg}?	10	14	1	5
I??E@fgx?	10	13	1	6
I??E@fgt?	10	13	1	6
I??E@fgl?	10	13	1	6
I??E@fg|?	10	14	1	5
I??E@fgz?	10	14	1	5
I??E@fgv?	10	14	1	5
I??E@fgn?	10	14	1	5
I??E@fg~?	10	15	1	4
I??E@fgM_	10	13	2	4
I??E@fgL_	10	13	1	4
I??E@fgJ_	10	13	2	5
I??E@fgF_	10	13	2	5
I??E@fgN_	10	14	2	4
I??E@fgqO	10	13	1	4
I??E@fgpO	10	13	1	4
I??E@fgbO	10	13	1	5
I??E@fgrO	10	14	1	4
I??E@fw}?	10	15	1	4
I??E@fw|?	10	15	1	4
I??E@fw~?	10	16	1	3
I??E@eK{?	10	12	1	6
I??E@eKy?	10	12	1	6
I??E@eKm?	10	12	1	6
I??E@eK]?	10	12	1	6
I??E@eK}?	10	13	1	5
I??E@eKr?	10	12	0	5
I??E@eKj?	10	12	1	6
I??E@eKZ?	10	12	1	6
I??E@eKz?	10	13	1	5
I??E@eKN?	10	12	1	6
I??E@eKn?	10	13	1	5
I??E@eK^?	10	13	1	5
I??E@eK~?	10	14	1	4
I??E@eKM_	10	12	1	5
I??E@eKJ_	10	12	1	6
I??E@eKN_	10	13	1	5
I??E@eKqO	10	12	0	5
I??E@eKbO	10	12	0	4
I??E@eKRO	10	12	0	5
I??E@eKrO	10	13	0	4
I??E@eK[G	10	12	1	5
I??E@eKKg	10	12	0	4
I??E@fK{?	10	13	1	5
I??E@fKy?	10	13	1	5
I??E@fKm?	10	13	1	5
I??E@fK}?	10	14	1	4
I??E@fKr?	10	13	0	4
I??E@fKj?	10	13	1	5
I??E@fKz?	10	14	1	4
I??E@fKN?	10	13	1	5
I??E@fKn?	10	14	1	4
I??E@fK~?	10	15	1	3
I??E@fKM_	10	13	1	4
I??E@fKJ_	10	13	2	5
I??E@fKN_	10	14	2	4
I??E@fKqO	10	13	0	4
I??E@fKbO	10	13	0	4
I??E@fKrO	10	14	0	3
I??E@ek{?	10	13	1	6
I??E@eky?	10	13	1	6
I??E@eku?	10	13	1	6
I??E@ek}?	10	14	1	5
I??E@ekj?	10	13	1	5
I??E@ekZ?	10	13	1	6
I??E@ekz?	10	14	1	5
I??E@ekV?	10	13	1	6
I??E@ekv?	10	14	1	5
I??E@ek~?	10	15	1	4
I??E@ekM_	10	13	1	4
I??E@ekJ_	10	13	1	5
I??E@ekF_	10	13	1	5
I??E@ekN_	10	14	1	4
I??E@fk}?	10	15	1	4
I??E@fkz?	10	15	1	4
I??E@fkv?	10	15	1	4
I??E@fkn?	10	15	1	4
I??E@fk~?	10	16	1	3
I??E@f{~?	10	17	1	2
I??E@cy}?	10	14	2	3
I??E@cy|?	10	14	2	3
I??E@cyz?	10	14	2	3
I??E@cyn?	10	14	1	3
I??E@cy~?	10	15	2	2
I??E@cyrO	10	14	1	4
I??E@cypW	10	14	0	2
I??E@cm}?	10	14	2	4
I??E@cmz?	10	14	2	4
I??E@cmv?	10	14	2	4
I??E@cmn?	10	14	1	4
I??E@cm~?	10	15	2	3
I??E@cmN_	10	14	0	3
I??E@cmrO	10	14	2	5
I??E@c}}?	10	15	2	3
I??E@c}z?	10	15	2	3
I??E@c}n?	10	15	1	3
I??E@c}~?	10	16	2	2
I??E@c}rO	10	15	2	4
I??E@vo{?	10	14	1	5
I??E@voy?	10	14	1	5
I??E@vo}?	10	15	1	4
I??E@vo|?	10	15	1	4
I??E@voz?	10	15	1	4
I??E@von?	10	15	1	4
I??E@vo~?	10	16	1	3
I??E@voN_	10	15	2	3
I??E@uw{?	10	14	1	5
I??E@uwm?	10	14	1	4
I??E@uw]?	10	14	1	5
I??E@uw}?	10	15	1	4
I??E@uwx?	10	14	1	5
I??E@uw|?	10	15	1	4
I??E@uwn?	10	15	1	4
I??E@uw^?	10	15	1	4
I??E@uw~?	10	16	1	3
I??E@uwN_	10	15	1	3
I??E@vw}?	10	16	1	3
I??E@vw~?	10	17	1	2
I??E@vc{?	10	14	1	5
I??E@vcu?	10	14	1	5
I??E@vc}?	10	15	1	4
I??E@vcx?	10	14	1	5
I??E@vct?	10	14	1	5
I??E@vc|?	10	15	1	4
I??E@vcv?	10	15	1	4
I??E@vcn?	10	15	1	4
I??E@vc~?	10	16	1	3
I??E@vcN_	10	15	2	3
I??E@us{?	10	14	1	5
I??E@usy?	10	14	1	5
I??E@usm?	10	14	1	5
I??E@us]?	10	14	1	5
I??E@us}?	10	15	1	4
I??E@usx?	10	14	1	5
I??E@usl?	10	14	1	5
I??E@us\?	10	14	1	5
I??E@us|?	10	15	1	4
I??E@usr?	10	14	1	5
I??E@usj?	10	14	1	5
I??E@usZ?	10	14	1	5
I??E@usz?	10	15	1	4
I??E@usn?	10	15	1	4
I??E@us^?	10	15	1	4
I??E@us~?	10	16	1	3
I??E@usN_	10	15	1	3
I??E@vs}?	10	16	1	3
I??E@vs|?	10	16	1	3
I??E@vsz?	10	16	1	3
I??E@vsn?	10	16	1	3
I??E@vs~?	10	17	1	2
I??E@s{{?	10	14	1	4
I??E@s{m?	10	14	1	4
I??E@s{}?	10	15	1	3
I??E@s{x?	10	14	1	4
I??E@s{l?	10	14	1	4
I??E@s{|?	10	15	1	3
I??E@s{N?	10	14	0	3
I??E@s{n?	10	15	1	3
I??E@s{~?	10	16	1	2
I??E@s{N_	10	15	0	2
I??E@u{}?	10	16	1	3
I??E@u{n?	10	16	1	3
I??E@u{^?	10	16	1	3
I??E@u{~?	10	17	1	2
I??E@v{~?	10	18	1	1
I??E@sy}?	10	15	2	2
I??E@sy|?	10	15	2	2
I??E@syn?	10	15	1	2
I??E@sy~?	10	16	2	1
I??E@syN_	10	15	0	2
I??E@sypW	10	15	0	1
I??E@su}?	10	15	2	3
I??E@suz?	10	15	2	3
I??E@sun?	10	15	1	3
I??E@su~?	10	16	2	2
I??E@suN_	10	15	0	2
I??E@s}}?	10	16	2	2
I??E@s}|?	10	16	2	2
I??E@s}n?	10	16	1	2
I??E@s}~?	10	17	2	1
I??E@~w}?	10	17	1	2
I??E@~w|?	10	17	1	2
I??E@~w~?	10	18	1	1
I??E@}{}?	10	17	1	2
I??E@}{n?	10	17	1	2
I??E@}{^?	10	17	1	2
I??E@}{~?	10	18	1	1
I??E@~{~?	10	19	1	0
I??E@{}}?	10	17	2	1
I??E@{}n?	10	17	1	1
I??E@{}~?	10	18	2	0
I??FFB_{?	10	13	0	1
I??FFB_u?	10	13	0	2
I??FFB_}?	10	14	0	1
I??FFB_v?	10	14	0	1
I??FFB_~?	10	15	0	0
I??FFBo{?	10	14	0	2
I??FFBoy?	10	14	0	2
I??FFBo}?	10	15	0	2
I??FFBoz?	10	15	0	2
I??FFBov?	10	15	0	2
I??FFBo~?	10	16	0	1
I??FFBoEo	10	14	1	3
I??FFBoBo	10	14	0	3
I??FFBoFo	10	15	1	2
I??FFAW{?	10	13	0	4
I??FFAWu?	10	13	0	5
I??FFAW]?	10	13	0	5
I??FFAW}?	10	14	0	4
I??FFAWx?	10	13	0	4
I??FFAWt?	10	13	0	5
I??FFAW\?	10	13	0	5
I??FFAW|?	10	14	0	4
I??FFAWf?	10	13	0	5
I??FFAWV?	10	13	0	5
I??FFAWv?	10	14	0	4
I??FFAW^?	10	14	0	4
I??FFAW~?	10	15	0	3
I??FFAWF_	10	13	1	4
I??FFAWEo	10	13	1	4
I??FFAWDo	10	13	1	4
I??FFAWFo	10	14	1	3
I??FFAWXG	10	13	1	6
I??FFAW@w	10	13	0	4
I??FFBW}?	10	15	0	3
I??FFBW|?	10	15	0	3
I??FFBWv?	10	15	0	3
I??FFBWn?	10	15	0	3
I??FFBW~?	10	16	0	2
I??FFBWEo	10	14	2	3
I??FFBWDo	10	14	1	3
I??FFBWFo	10	15	2	2
I??FFBw}?	10	16	0	2
I??FFBw|?	10	16	0	2
I??FFBw~?	10	17	0	1
I??FFA[]?	10	14	0	4
I??FFA[}?	10	15	0	3
I??FFA[V?	10	14	0	4
I??FFA[v?	10	15	0	3
I??FFA[^?	10	15	0	3
I??FFA[~?	10	16	0	2
I??FFA[Eo	10	14	1	3
I??FFA[Fo	10	15	1	2
I??FFB[}?	10	16	0	2
I??FFB[v?	10	16	0	2
I??FFB[n?	10	16	0	2
I??FFB[~?	10	17	0	1
I??FFB{~?	10	18	0	0
I??FF?^}?	10	16	2	1
I??FF?^v?	10	16	2	1
I??FF?^~?	10	17	2	0
I??FF?^Fo	10	16	0	0
I??FEb_{?	10	13	0	3
I??FEb_y?	10	13	0	3
I??FEb_u?	10	13	0	4
I??FEb_}?	10	14	0	3
I??FEb_r?	10	13	0	4
I??FEb_j?	10	13	0	4
I??FEb_z?	10	14	0	3
I??FEb_v?	10	14	0	3
I??FEb_N?	10	13	0	4
I??FEb_n?	10	14	0	3
I??FEb_~?	10	15	0	2
I??FEb_Bo	10	13	0	4
I??FEb_Eg	10	13	1	4
I??FEb_Bg	10	13	0	4
I??FEb_Fg	10	14	1	3
I??FEb_Aw	10	13	0	3
I??FEb_Bw	10	14	0	3
I??FEao[?	10	12	0	4
I??FEao{?	10	13	0	3
I??FEao]?	10	13	0	5
I??FEao}?	10	14	0	4
I??FEaoZ?	10	13	0	5
I??FEaoz?	10	14	0	4
I??FEao^?	10	14	0	4
I??FEao~?	10	15	0	3
I??FEaoBo	10	13	0	4
I??FEaoAw	10	13	0	4
I??FEaoBw	10	14	0	3
I??FEbo{?	10	14	0	2
I??FEbo}?	10	15	0	3
I??FEboz?	10	15	0	3
I??FEbon?	10	15	0	3
I??FEbo~?	10	16	0	2
I??FEboBo	10	14	0	3
I??FEbG{?	10	13	0	5
I??FEbGm?	10	13	0	5
I??FEbG}?	10	14	0	4
I??FEbGx?	10	13	0	5
I??FEbGl?	10	13	0	5
I??FEbG|?	10	14	0	4
I??FEbGN?	10	13	0	5
I??FEbGn?	10	14	0	4
I??FEbG~?	10	15	0	3
I??FEbGF_	10	13	1	6
I??FEbGBo	10	13	1	5
I??FEbG@w	10	13	0	4
I??FEag{?	10	13	0	5
I??FEagu?	10	13	0	6
I??FEag]?	10	13	0	6
I??FEag}?	10	14	0	5
I??FEagx?	10	13	0	5
I??FEagt?	10	13	0	6
I??FEagl?	10	13	0	6
I??FEag\?	10	13	0	6
I??FEag|?	10	14	0	5
I??FEagf?	10	13	0	6
I??FEagV?	10	13	0	6
I??FEagv?	10	14	0	5
I??FEag^?	10	14	0	5
I??FEag~?	10	15	0	4
I??FEagF_	10	13	1	6
I??FEagJO	10	13	1	6
I??FEagBo	10	13	1	5
I??FEag@w	10	13	0	5
I??FEbg{?	10	14	0	4
I??FEbg}?	10	15	0	4
I??FEbg|?	10	15	0	4
I??FEbgz?	10	15	0	4
I??FEbgv?	10	15	0	4
I??FEbgN?	10	14	0	5
I??FEbgn?	10	15	0	4
I??FEbg~?	10	16	0	3
I??FEbgBo	10	14	1	4
I??FEaw]?	10	14	0	6
I??FEaw}?	10	15	0	5
I??FEaw\?	10	14	0	6
I??FEaw|?	10	15	0	5
I??FEawz?	10	15	0	5
I??FEawn?	10	15	0	5
I??FEaw^?	10	15	0	5
I??FEaw~?	10	16	0	4
I??FEawBo	10	14	1	4
I??FEbw}?	10	16	0	4
I??FEbw|?	10	16	0	4
I??FEbw~?	10	17	0	3
I??FEaK]?	10	13	0	7
I??FEaK}?	10	14	0	6
I??FEaKZ?	10	13	0	7
I??FEaKz?	10	14	0	6
I??FEaKN?	10	13	0	7
I??FEaKn?	10	14	0	6
I??FEaK^?	10	14	0	6
I??FEaK~?	10	15	0	5
I??FEaKF_	10	13	1	6
I??FEaKBo	10	13	1	5
I??FEaK[G	10	13	1	6
I??FEbK{?	10	14	0	4
I??FEbK}?	10	15	0	5
I??FEbKz?	10	15	0	5
I??FEbKN?	10	14	0	6
I??FEbKn?	10	15	0	5
I??FEbK~?	10	16	0	4
I??FEbKBo	10	14	2	4
I??FEak]?	10	14	0	6
I??FEak}?	10	15	0	5
I??FEakZ?	10	14	0	6
I??FEakz?	10	15	0	5
I??FEakV?	10	14	0	6
I??FEakv?	10	15	0	5
I??FEakN?	10	14	0	6
I??FEakn?	10	15	0	5
I??FEak^?	10	15	0	5
I??FEak~?	10	16	0	4
I??FEakBo	10	14	2	4
I??FEbk}?	10	16	0	4
I??FEbkz?	10	16	0	4
I??FEbkv?	10	16	0	4
I??FEbkn?	10	16	0	4
I??FEbk~?	10	17	0	3
I??FE_{{?	10	14	0	4
I??FE_{m?	10	14	0	6
I??FE_{}?	10	15	0	5
I??FE_{z?	10	15	0	5
I??FE_{N?	10	14	0	6
I??FE_{n?	10	15	0	5
I??FE_{~?	10	16	0	4
I??FE_{Bo	10	14	2	4
I??FEa{}?	10	16	0	4
I??FEa{n?	10	16	0	4
I??FEa{^?	10	16	0	4
I??FEa{~?	10	17	0	3
I??FEb{~?	10	18	0	2
I??FFbo{?	10	15	0	1
I??FFbo}?	10	16	0	2
I??FFboz?	10	16	0	2
I??FFbov?	10	16	0	2
I??FFbo~?	10	17	0	1
I??FFboBw	10	16	0	1
I??FFbg}?	10	16	0	3
I??FFbgx?	10	15	0	3
I??FFbg|?	10	16	0	3
I??FFbgv?	10	16	0	3
I??FFbg~?	10	17	0	2
I??FFbgF_	10	15	1	4
I??FFbw}?	10	17	0	3
I??FFbw|?	10	17	0	3
I??FFbwz?	10	17	0	3
I??FFbw~?	10	18	0	2
I??FFbkz?	10	17	0	3
I??FFbk~?	10	18	0	2
I??FFb[}?	10	17	0	3
I??FFb[z?	10	17	0	3
I??FFb[v?	10	17	0	3
I??FFb[n?	10	17	0	3
I??FFb[~?	10	18	0	2
I??FFb{~?	10	19	0	1
I??FCpow?	10	12	0	5
I??FCpo{?	10	13	0	5
I??FCpoy?	10	13	0	6
I??FCpou?	10	13	0	7
I??FCpo}?	10	14	0	6
I??FCpox?	10	13	0	6
I??FCpot?	10	13	0	7
I??FCpo|?	10	14	0	6
I??FCpor?	10	13	0	7
I??FCpoZ?	10	13	0	7
I??FCpoz?	10	14	0	6
I??FCpof?	10	13	0	7
I??FCpov?	10	14	0	6
I??FCpo~?	10	15	0	5
I??FCpoBg	10	13	1	5
I??FCpo@w	10	13	0	6
I??FCro]?	10	14	0	6
I??FCro}?	10	15	0	5
I??FCro\?	10	14	0	6
I??FCro|?	10	15	0	5
I??FCroZ?	10	14	0	6
I??FCroz?	10	15	0	5
I??FCroV?	10	14	0	6
I??FCrov?	10	15	0	5
I??FCro^?	10	15	0	5
I??FCro~?	10	16	0	4
I??FCroF_	10	14	1	5
I??FCroXO	10	14	1	5
I??FCpw]?	10	14	0	6
I??FCpw}?	10	15	0	5
I??FCpw|?	10	15	0	6
I??FCpw^?	10	15	0	6
I??FCpw~?	10	16	0	5
I??FCpwF_	10	14	1	5
I??FCrw}?	10	16	0	4
I??FCrw^?	10	16	0	5
I??FCrw~?	10	17	0	4
I??FCrc]?	10	14	0	6
I??FCrc}?	10	15	0	5
I??FCrc\?	10	14	0	6
I??FCrc|?	10	15	0	5
I??FCrcV?	10	14	0	6
I??FCrcv?	10	15	0	5
I??FCrc^?	10	15	0	5
I??FCrc~?	10	16	0	4
I??FCrcF_	10	14	1	5
I??FCrcXO	10	14	1	5
I??FCpS{?	10	13	0	7
I??FCpSy?	10	13	0	7
I??FCpS]?	10	13	0	8
I??FCpS}?	10	14	0	7
I??FCpSJ?	10	12	0	9
I??FCpSj?	10	13	0	8
I??FCpSz?	10	14	0	7
I??FCpS~?	10	15	0	6
I??FCrS]?	10	14	0	7
I??FCrS}?	10	15	0	6
I??FCrS\?	10	14	0	7
I??FCrS|?	10	15	0	6
I??FCrSZ?	10	14	0	7
I??FCrSz?	10	15	0	6
I??FCrS^?	10	15	0	6
I??FCrS~?	10	16	0	5
I??FCrSF_	10	14	1	5
I??FCps]?	10	14	0	7
I??FCps}?	10	15	0	6
I??FCps\?	10	14	0	6
I??FCps|?	10	15	0	6
I??FCpsZ?	10	14	0	7
I??FCpsz?	10	15	0	6
I??FCpsV?	10	14	0	7
I??FCpsv?	10	15	0	6
I??FCps^?	10	15	0	6
I??FCps~?	10	16	0	5
I??FCpsF_	10	14	1	5
I??FCpsXO	10	14	1	5
I??FCrs}?	10	16	0	5
I??FCrs|?	10	16	0	5
I??FCrsz?	10	16	0	5
I??FCrsv?	10	16	0	5
I??FCrs^?	10	16	0	5
I??FCrs~?	10	17	0	4
I??FCp{^?	10	16	0	5
I??FCp{~?	10	17	0	4
I??FCr{~?	10	18	0	3
I??FCo]}?	10	15	1	4
I??FCo]|?	10	15	1	4
I??FCo]v?	10	15	1	4
I??FCo]^?	10	15	1	4
I??FCo]~?	10	16	1	3
I??FCo]XO	10	14	2	6
I??FEro}?	10	16	0	4
I??FEro|?	10	16	0	4
I??FEroz?	10	16	0	4
I??FErov?	10	16	0	4
I??FEron?	10	16	0	4
I??FEro~?	10	17	0	3
I??FErW}?	10	16	0	4
I??FErW|?	10	16	0	4
I??FErWv?	10	16	0	4
I??FErWn?	10	16	0	4
I??FErW~?	10	17	0	3
I??FErWF_	10	15	1	4
I??FEqw]?	10	15	0	5
I??FEqw}?	10	16	0	4
I??FEqw\?	10	15	0	6
I??FEqw|?	10	16	0	5
I??FEqwv?	10	16	0	5
I??FEqw^?	10	16	0	5
I??FEqw~?	10	17	0	4
I??FErw}?	10	17	0	3
I??FErw~?	10	18	0	3
I??FErc}?	10	16	0	4
I??FErc|?	10	16	0	4
I??FErcv?	10	16	0	4
I??FErcn?	10	16	0	4
I??FErc~?	10	17	0	3
I??FErS}?	10	16	0	5
I??FErSz?	10	16	0	5
I??FErSv?	10	16	0	5
I??FErSn?	10	16	0	5
I??FErS~?	10	17	0	4
I??FErSF_	10	15	1	4
I??FEqs}?	10	16	0	5
I??FEqsZ?	10	15	0	6
I??FEqsz?	10	16	0	5
I??FEqsv?	10	16	0	5
I??FEqs^?	10	16	0	5
I??FEqs~?	10	17	0	4
I??FEqsF_	10	15	1	4
I??FErs}?	10	17	0	4
I??FErs|?	10	17	0	4
I??FErsz?	10	17	0	4
I??FErsv?	10	17	0	4
I??FErsn?	10	17	0	4
I??FErs~?	10	18	0	3
I??FEr[}?	10	17	0	4
I??FEr[v?	10	17	0	4
I??FEr[n?	10	17	0	4
I??FEr[~?	10	18	0	3
I??FEq{}?	10	17	0	4
I??FEq{n?	10	17	0	4
I??FEq{^?	10	17	0	4
I??FEq{~?	10	18	0	3
I??FEr{~?	10	19	0	2
I??FFrw}?	10	18	0	2
I??FFrw|?	10	18	0	3
I??FFrw~?	10	19	0	2
I??FFrsz?	10	18	0	3
I??FFrs~?	10	19	0	2
I??FFr{~?	10	20	0	1
I??F?z_w?	10	12	0	3
I??F?z_{?	10	13	0	4
I??F?z_u?	10	13	0	4
I??F?z_}?	10	14	0	3
I??F?z_F?	10	12	0	4
I??F?z_f?	10	13	0	4
I??F?z_v?	10	14	0	3
I??F?z_~?	10	15	0	2
I??F?z_F_	10	13	0	3
I??F?z_wO	10	13	0	2
I??F?z_Eg	10	13	0	3
I??F?z_Fg	10	14	0	2
I??F?zOs?	10	12	0	5
I??F?zO{?	10	13	0	5
I??F?zOy?	10	13	0	6
I??F?zOu?	10	13	0	6
I??F?zOm?	10	13	0	6
I??F?zO}?	10	14	0	5
I??F?zOr?	10	13	0	6
I??F?zOJ?	10	12	0	7
I??F?zOj?	10	13	0	6
I??F?zOz?	10	14	0	5
I??F?zOf?	10	13	0	6
I??F?zOv?	10	14	0	5
I??F?zON?	10	13	0	6
I??F?zOn?	10	14	0	5
I??F?zO~?	10	15	0	4
I??F?zOwO	10	13	1	4
I??F?zOJG	10	13	1	6
I??F?zOBg	10	13	1	5
I??F?zo{?	10	14	0	4
I??F?zoy?	10	14	0	5
I??F?zo}?	10	15	0	4
I??F?zor?	10	14	0	5
I??F?zoz?	10	15	0	4
I??F?zof?	10	14	0	5
I??F?zov?	10	15	0	4
I??F?zo~?	10	16	0	3
I??F?zoF_	10	14	1	3
I??F?zowO	10	14	1	3
I??F?zW{?	10	14	0	5
I??F?zWu?	10	14	0	5
I??F?zWm?	10	14	0	5
I??F?zW}?	10	15	0	4
I??F?zWl?	10	14	0	5
I??F?zW|?	10	15	0	4
I??F?zW~?	10	16	0	3
I??F?zWF_	10	14	1	3
I??F?zw}?	10	16	0	3
I??F?zw|?	10	16	0	3
I??F?zwv?	10	16	0	3
I??F?zw~?	10	17	0	2
I??F?z{~?	10	18	0	1
I??F?w]}?	10	15	1	2
I??F?w]v?	10	15	1	2
I??F?w]~?	10	16	1	1
I??F?w]wO	10	14	0	2
I??F?w]wW	10	15	0	1
I??FCzo}?	10	16	0	4
I??FCzoz?	10	16	0	4
I??FCzov?	10	16	0	4
I??FCzo^?	10	16	0	4
I??FCzo~?	10	17	0	3
I??FCzoF_	10	15	1	4
I??FCzW]?	10	15	0	6
I??FCzW}?	10	16	0	5
I??FCzW\?	10	15	0	6
I??FCzW|?	10	16	0	5
I??FCzWv?	10	16	0	5
I??FCzWn?	10	16	0	5
I??FCzW^?	10	16	0	5
I??FCzW~?	10	17	0	4
I??FCzWF_	10	15	1	4
I??FCxw{?	10	15	0	5
I??FCxw]?	10	15	0	5
I??FCxw}?	10	16	0	5
I??FCxwx?	10	15	0	5
I??FCxw\?	10	15	0	6
I??FCxw|?	10	16	0	5
I??FCxwv?	10	16	0	5
I??FCxw^?	10	16	0	5
I??FCxw~?	10	17	0	4
I??FCxwF_	10	15	1	4
I??FCzw}?	10	17	0	4
I??FCzw|?	10	17	0	4
I??FCzwv?	10	17	0	4
I??FCzw^?	10	17	0	4
I??FCzw~?	10	18	0	3
I??FCy[]?	10	15	0	5
I??FCy[}?	10	16	0	4
I??FCy[v?	10	16	0	4
I??FCy[^?	10	16	0	4
I??FCy[~?	10	17	0	3
I??FCy[F_	10	15	1	4
I??FCx[{?	10	15	0	5
I??FCx[u?	10	15	0	6
I??FCx[m?	10	15	0	6
I??FCx[}?	10	16	0	5
I??FCx[f?	10	15	0	5
I??FCx[v?	10	16	0	5
I??FCx[N?	10	15	0	6
I??FCx[n?	10	16	0	5
I??FCx[~?	10	17	0	4
I??FCz[v?	10	17	0	4
I??FCz[n?	10	17	0	4
I??FCz[^?	10	17	0	4
I??FCz[~?	10	18	0	3
I??FCx{^?	10	17	0	4
I??FCx{~?	10	18	0	3
I??FCz{~?	10	19	0	2
I??FEzw}?	10	18	0	3
I??FEzw|?	10	18	0	3
I??FEzw~?	10	19	0	2
I??FEz[}?	10	18	0	3
I??FEz[v?	10	18	0	3
I??FEz[n?	10	18	0	3
I??FEz[~?	10	19	0	2
I??FEy{}?	10	18	0	3
I??FEy{^?	10	18	0	3
I??FEy{~?	10	19	0	2
I??FEz{~?	10	20	0	1
I??FFz{~?	10	21	0	0
I??F?~o}?	10	16	1	3
I??F?~oz?	10	16	1	3
I??F?~ov?	10	16	1	3
I??F?~o~?	10	17	1	2
I??F?~W}?	10	16	1	3
I??F?~W|?	10	16	1	3
I??F?~W~?	10	17	1	2
I??F?~w}?	10	17	1	2
I??F?~w|?	10	17	1	2
I??F?~wv?	10	17	1	2
I??F?~w~?	10	18	1	1
I??F?~{~?	10	19	1	0
I??Ffbo{?	10	16	0	0
I??Ffbo}?	10	17	0	1
I??Ffboz?	10	17	0	1
I??Ffbo~?	10	18	0	0
I??FfboBw	10	17	0	0
I??Ffbw}?	10	18	0	2
I??Ffbw|?	10	18	0	2
I??Ffbw~?	10	19	0	1
I??Ffbk}?	10	18	0	2
I??Ffbkz?	10	18	0	2
I??Ffbkv?	10	18	0	2
I??Ffbk~?	10	19	0	1
I??Ffb{~?	10	20	0	0
I??FfRo}?	10	17	0	3
I??FfRo|?	10	17	0	3
I??FfRoz?	10	17	0	3
I??FfRov?	10	17	0	3
I??FfRo~?	10	18	0	2
I??FfRW}?	10	17	0	3
I??FfRW|?	10	17	0	4
I??FfRWn?	10	17	0	4
I??FfRW~?	10	18	0	3
I??FfRw}?	10	18	0	2
I??FfRw~?	10	19	0	2
I??FfRc}?	10	17	0	4
I??FfRcv?	10	17	0	4
I??FfRc~?	10	18	0	3
I??FfRs}?	10	18	0	3
I??FfRs|?	10	18	0	3
I??FfRsz?	10	18	0	3
I??FfRsv?	10	18	0	4
I??FfRs~?	10	19	0	3
I??FfR[}?	10	18	0	3
I??FfR[v?	10	18	0	3
I??FfR[n?	10	18	0	4
I??FfR[~?	10	19	0	3
I??FfR{~?	10	20	0	2
I??Ffrw}?	10	19	0	1
I??Ffrw|?	10	19	0	2
I??Ffrw~?	10	20	0	1
I??Ffrs~?	10	20	0	2
I??Ffr{~?	10	21	0	1
I??FeZo}?	10	17	0	3
I??FeZoz?	10	17	0	3
I??FeZon?	10	17	0	3
I??FeZo~?	10	18	0	2
I??FeZg}?	10	17	0	4
I??FeZg|?	10	17	0	4
I??FeZgn?	10	17	0	5
I??FeZg~?	10	18	0	4
I??FeYw]?	10	16	0	5
I??FeYw}?	10	17	0	4
I??FeYw|?	10	17	0	5
I??FeYwZ?	10	16	0	5
I??FeYwz?	10	17	0	4
I??FeYw^?	10	17	0	5
I??FeYw~?	10	18	0	4
I??FeZw}?	10	18	0	3
I??FeZw|?	10	18	0	4
I??FeZwz?	10	18	0	3
I??FeZw~?	10	19	0	3
I??FeW{{?	10	16	0	4
I??FeW{y?	10	16	0	6
I??FeW{}?	10	17	0	5
I??FeW{~?	10	18	0	4
I??FeY{}?	10	18	0	4
I??FeY{n?	10	18	0	4
I??FeY{^?	10	18	0	4
I??FeY{~?	10	19	0	3
I??FeZ{~?	10	20	0	2
I??FfZw}?	10	19	0	2
I??FfZw|?	10	19	0	3
I??FfZw~?	10	20	0	2
I??FfZk}?	10	19	0	2
I??FfZkz?	10	19	0	2
I??FfZkv?	10	19	0	3
I??FfZk~?	10	20	0	2
I??FfZ[}?	10	19	0	3
I??FfZ[n?	10	19	0	3
I??FfZ[~?	10	20	0	2
I??FfZ{~?	10	21	0	1
I??Ffz{~?	10	22	0	0
I??Fvrw}?	10	20	0	0
I??Fvrw|?	10	20	0	1
I??Fvrw~?	10	21	0	0
I??Fvrs|?	10	20	0	1
I??Fvrs~?	10	21	0	1
I??Fvr{~?	10	22	0	0
I??Fvjk}?	10	20	0	2
I??Fvjkv?	10	20	0	3
I??Fvjk~?	10	21	0	2
I??Fvj{~?	10	22	0	1
I??Fvz{~?	10	23	0	0
I??F~z{~?	10	24	0	0
I?AA@B_w?	10	9	0	3
I?AA@B_{?	10	10	0	4
I?AA@B_u?	10	10	0	6
I?AA@B_}?	10	11	0	5
I?AA@B_X?	10	9	1	5
I?AA@B_\?	10	10	1	6
I?AA@B_V?	10	10	1	6
I?AA@B_^?	10	11	1	5
I?AA@B_L_	10	10	1	6
I?AA@B_F_	10	10	0	5
I?AA@B_N_	10	11	1	6
I?AA@B_@o	10	9	0	6
I?AA@B_Do	10	10	0	5
I?AA@B_Fo	10	11	0	4
I?AA@B_Fg	10	11	0	4
I?AA@B_@w	10	10	0	5
I?AA@B_Dw	10	11	0	4
I?AA@B_Fw	10	12	0	3
I?AA@?Oo?	10	6	0	4
I?AA@?Ow?	10	7	0	4
I?AA@?O{?	10	8	0	4
I?AA@?OA?	10	5	0	4
I?AA@?Oa?	10	6	0	4
I?AA@?Oq?	10	7	0	4
I?AA@?Oy?	10	8	0	4
I?AA@?O}?	10	9	0	4
I?AA@AOW?	10	7	0	5
I?AA@AOw?	10	8	0	5
I?AA@AOS?	10	7	0	5
I?AA@AOs?	10	8	0	4
I?AA@AO[?	10	8	0	5
I?AA@AO{?	10	9	0	5
I?AA@AOQ?	10	7	0	5
I?AA@AOq?	10	8	0	5
I?AA@AOY?	10	8	0	5
I?AA@AOy?	10	9	0	5
I?AA@AOe?	10	8	0	4
I?AA@AOU?	10	8	0	5
I?AA@AOu?	10	9	0	5
I?AA@AO]?	10	9	0	5
I?AA@AO}?	10	10	0	5
I?AA@AOD?	10	7	1	5
I?AA@AOT?	10	8	1	5
I?AA@AO\?	10	9	1	5
I?AA@AOF?	10	8	1	5
I?AA@AOV?	10	9	1	5
I?AA@AO^?	10	10	1	5
I?AA@BOw?	10	9	0	5
I?AA@BO{?	10	10	0	4
I?AA@BOq?	10	9	0	5
I?AA@BOy?	10	10	0	6
I?AA@BOu?	10	10	0	4
I?AA@BOm?	10	10	0	6
I?AA@BO}?	10	11	0	5
I?AA@BOL?	10	9	1	6
I?AA@BO\?	10	10	1	6
I?AA@BOJ?	10	9	0	6
I?AA@BOZ?	10	10	1	6
I?AA@BOV?	10	10	1	6
I?AA@BON?	10	10	1	6
I?AA@BO^?	10	11	1	6
I?AA@BOH_	10	9	0	6
I?AA@BOD_	10	9	1	6
I?AA@BOL_	10	10	1	6
I?AA@BOB_	10	9	0	6
I?AA@BOJ_	10	10	0	5
I?AA@BOF_	10	10	1	6
I?AA@BON_	10	11	1	6
I?AA@BOJG	10	10	0	5
I?AA@BOHg	10	10	0	5
I?AA@BOBg	10	10	0	5
I?AA@BOJg	10	11	0	4
I?AA@Bo{?	10	11	0	3
I?AA@Boy?	10	11	0	5
I?AA@Bo}?	10	12	0	4
I?AA@Bo\?	10	11	1	5
I?AA@BoZ?	10	11	1	7
I?AA@Bo^?	10	12	1	6
I?AA@BoL_	10	11	2	7
I?AA@BoJ_	10	11	1	6
I?AA@BoN_	10	12	2	6
I?AA@BoDo	10	11	1	6
I?AA@BoBo	10	11	0	4
I?AA@BoFo	10	12	1	5
I?AA@BoBw	10	12	0	3
I?AA@?Wo?	10	7	0	5
I?AA@?Ww?	10	8	0	5
I?AA@?Wc?	10	7	0	5
I?AA@?Ws?	10	8	0	5
I?AA@?W{?	10	9	0	5
I?AA@?WE?	10	7	0	3
I?AA@?We?	10	8	0	4
I?AA@?Wu?	10	9	0	5
I?AA@?W}?	10	10	0	5
I?AA@?WoG	10	8	0	5
I?AA@?WwG	10	9	0	5
I?AA@AW[?	10	9	0	6
I?AA@AW{?	10	10	0	6
I?AA@AWU?	10	9	0	5
I?AA@AWu?	10	10	0	4
I?AA@AW]?	10	10	0	6
I?AA@AW}?	10	11	0	5
I?AA@AWX?	10	9	0	6
I?AA@AWT?	10	9	1	6
I?AA@AW\?	10	10	1	6
I?AA@AWF?	10	9	1	5
I?AA@AWV?	10	10	1	6
I?AA@AW^?	10	11	1	6
I?AA@AWXG	10	10	0	5
I?AA@BW{?	10	11	0	5
I?AA@BWu?	10	11	0	3
I?AA@BWm?	10	11	0	5
I?AA@BW}?	10	12	0	4
I?AA@BW\?	10	11	1	7
I?AA@BWV?	10	11	1	5
I?AA@BWN?	10	11	1	7
I?AA@BW^?	10	12	1	6
I?AA@BWL_	10	11	1	6
I?AA@BWF_	10	11	2	7
I?AA@BWN_	10	12	2	6
I?AA@Bw}?	10	13	0	3
I?AA@Bw^?	10	13	1	5
I?AA@BwN_	10	13	2	5
I?AA@BwFo	10	13	2	5
I?AADB_]?	10	11	0	5
I?AADB_}?	10	12	0	4
I?AADB_\?	10	11	1	6
I?AADB_V?	10	11	1	6
I?AADB_N?	10	11	1	6
I?AADB_^?	10	12	1	5
I?AADB_k_	10	11	1	5
I?AADB_e_	10	11	1	5
I?AADB_M_	10	11	1	5
I?AADB_m_	10	12	1	4
I?AADB_L_	10	11	1	6
I?AADB_F_	10	11	0	5
I?AADB_N_	10	12	1	5
I?AADB_SO	10	10	1	6
I?AADB_UO	10	11	1	6
I?AADB_TO	10	11	1	6
I?AADB_FO	10	11	0	5
I?AADB_VO	10	12	1	5
I?AADB_Eo	10	11	0	5
I?AADB_Do	10	11	0	5
I?AADB_Fo	10	12	0	4
I?AADB_Fg	10	12	0	4
I?AADB_FW	10	12	0	4
I?AADB_Ew	10	12	0	4
I?AADB_@w	10	11	0	4
I?AADB_Dw	10	12	0	4
I?AADB_Fw	10	13	0	3
I?AAD@Ow?	10	9	0	5
I?AAD@Ok?	10	9	0	5
I?AAD@O{?	10	10	0	6
I?AAD@Oq?	10	9	0	6
I?AAD@Oi?	10	9	0	5
I?AAD@Oy?	10	10	0	6
I?AAD@OM?	10	9	0	6
I?AAD@Om?	10	10	0	6
I?AAD@O}?	10	11	0	6
I?AAD@OH?	10	8	1	6
I?AAD@OX?	10	9	1	6
I?AAD@OL?	10	9	1	6
I?AAD@O\?	10	10	1	6
I?AAD@OJ?	10	9	1	6
I?AAD@OZ?	10	10	1	6
I?AAD@ON?	10	10	1	6
I?AAD@O^?	10	11	1	6
I?AAD@OL_	10	10	2	6
I?AAD@ON_	10	11	2	6
I?AADBO{?	10	11	0	5
I?AADBOy?	10	11	0	6
I?AADBOm?	10	11	0	6
I?AADBO]?	10	11	0	6
I?AADBO}?	10	12	0	5
I?AADBO\?	10	11	1	7
I?AADBOZ?	10	11	1	7
I?AADBOV?	10	11	1	7
I?AADBON?	10	11	1	7
I?AADBO^?	10	12	1	6
I?AADBOk_	10	11	1	6
I?AADBOi_	10	11	1	6
I?AADBOe_	10	11	1	6
I?AADBOM_	10	11	1	6
I?AADBOm_	10	12	1	5
I?AADBOL_	10	11	2	7
I?AADBON_	10	12	2	7
I?AADBOQO	10	10	1	7
I?AADBOUO	10	11	1	7
I?AADBOTO	10	11	1	7
I?AADBOVO	10	12	1	6
I?AAD?ow?	10	9	0	5
I?AAD?oS?	10	8	0	6
I?AAD?os?	10	9	0	6
I?AAD?ok?	10	9	0	4
I?AAD?o[?	10	9	0	5
I?AAD?o{?	10	10	0	5
I?AAD?oq?	10	9	0	6
I?AAD?oi?	10	9	0	5
I?AAD?oy?	10	10	0	6
I?AAD?oe?	10	9	0	6
I?AAD?oU?	10	9	0	6
I?AAD?ou?	10	10	0	6
I?AAD?om?	10	10	0	5
I?AAD?o]?	10	10	0	6
I?AAD?o}?	10	11	0	5
I?AAD?oX?	10	9	1	6
I?AAD?oD?	10	8	1	6
I?AAD?oT?	10	9	1	6
I?AAD?oL?	10	9	1	5
I?AAD?o\?	10	10	1	6
I?AAD?oZ?	10	10	1	6
I?AAD?oF?	10	9	1	6
I?AAD?oV?	10	10	1	6
I?AAD?oN?	10	10	1	6
I?AAD?o^?	10	11	1	6
I?AAD?ooG	10	9	1	6
I?AAD?oaG	10	9	1	6
I?AAD?oqG	10	10	1	6
I?AADAo{?	10	11	0	4
I?AADAoy?	10	11	0	5
I?AADAou?	10	11	0	5
I?AADAom?	10	11	0	4
I?AADAo]?	10	11	0	5
I?AADAo}?	10	12	0	4
I?AADAo\?	10	11	1	6
I?AADAoZ?	10	11	1	6
I?AADAoV?	10	11	1	6
I?AADAoN?	10	11	1	6
I?AADAo^?	10	12	1	5
I?AAD@ow?	10	10	0	5
I?AAD@os?	10	10	0	6
I?AAD@o{?	10	11	0	5
I?AAD@oq?	10	10	0	7
I?AAD@oy?	10	11	0	6
I?AAD@ou?	10	11	0	6
I?AAD@om?	10	11	0	6
I?AAD@o]?	10	11	0	5
I?AAD@o}?	10	12	0	5
I?AAD@oX?	10	10	1	6
I?AAD@o\?	10	11	1	5
I?AAD@oZ?	10	11	1	7
I?AAD@oV?	10	11	1	7
I?AAD@oN?	10	11	1	7
I?AAD@o^?	10	12	1	6
I?AAD@og_	10	10	1	6
I?AAD@ok_	10	11	1	6
I?AAD@oa_	10	10	1	7
I?AAD@oi_	10	11	1	7
I?AAD@oe_	10	11	1	7
I?AAD@oM_	10	11	1	7
I?AAD@om_	10	12	1	6
I?AAD@oD_	10	10	1	7
I?AAD@oL_	10	11	2	7
I?AAD@oB_	10	10	0	7
I?AAD@oJ_	10	11	1	7
I?AAD@oF_	10	11	1	7
I?AAD@oN_	10	12	2	7
I?AAD@oSO	10	10	1	6
I?AAD@oQO	10	10	1	7
I?AAD@oUO	10	11	1	7
I?AAD@oPO	10	10	1	6
I?AAD@oDO	10	10	1	6
I?AAD@oTO	10	11	1	7
I?AAD@oRO	10	11	1	7
I?AAD@oFO	10	11	1	7
I?AAD@oVO	10	12	1	6
I?AAD@oEo	10	11	1	7
I?AAD@o@o	10	10	0	6
I?AAD@oDo	10	11	1	7
I?AAD@oBo	10	11	0	6
I?AAD@oFo	10	12	1	6
I?AAD@oBg	10	11	0	6
I?AAD@o@w	10	11	0	5
I?AAD@oBw	10	12	0	5
I?AADBo}?	10	13	0	4
I?AADBo\?	10	12	1	6
I?AADBoZ?	10	12	1	7
I?AADBo^?	10	13	1	6
I?AADBom_	10	13	1	5
I?AADBoL_	10	12	2	7
I?AADBoJ_	10	12	1	7
I?AADBoN_	10	13	2	6
I?AADBoTO	10	12	2	6
I?AADBoRO	10	12	1	6
I?AADBoVO	10	13	2	5
I?AADBoDo	10	12	1	6
I?AADBoBo	10	12	0	5
I?AADBoFo	10	13	1	5
I?AADBoBw	10	13	0	4
I?AAD?WW?	10	8	0	6
I?AAD?Ww?	10	9	0	5
I?AAD?WS?	10	8	0	6
I?AAD?Ws?	10	9	0	6
I?AAD?Wk?	10	9	0	5
I?AAD?W[?	10	9	0	6
I?AAD?W{?	10	10	0	6
I?AAD?WE?	10	8	0	4
I?AAD?We?	10	9	0	5
I?AAD?WU?	10	9	0	5
I?AAD?Wu?	10	10	0	6
I?AAD?WM?	10	9	0	5
I?AAD?Wm?	10	10	0	6
I?AAD?W]?	10	10	0	6
I?AAD?W}?	10	11	0	6
I?AAD?WH?	10	8	1	6
I?AAD?WX?	10	9	1	6
I?AAD?WL?	10	9	1	6
I?AAD?W\?	10	10	1	6
I?AAD?WN?	10	10	1	6
I?AAD?W^?	10	11	1	6
I?AAD?WoG	10	9	0	6
I?AAD?WgG	10	9	0	5
I?AAD?WWG	10	9	0	6
I?AAD?WwG	10	10	0	6
I?AAD?WHG	10	9	1	6
I?AAD?WXG	10	10	1	6
I?AAD@Ww?	10	10	0	6
I?AAD@Ws?	10	10	0	6
I?AAD@Wk?	10	10	0	6
I?AAD@W{?	10	11	0	6
I?AAD@Wu?	10	11	0	5
I?AAD@Wm?	10	11	0	6
I?AAD@W]?	10	11	0	5
I?AAD@W}?	10	12	0	5
I?AAD@WL?	10	10	1	7
I?AAD@W\?	10	11	1	7
I?AAD@WN?	10	11	1	7
I?AAD@W^?	10	12	1	6
I?AAD@Wg_	10	10	0	6
I?AAD@Wc_	10	10	1	7
I?AAD@WK_	10	10	1	7
I?AAD@Wk_	10	11	1	7
I?AAD@WE_	10	10	1	6
I?AAD@We_	10	11	1	6
I?AAD@WM_	10	11	1	7
I?AAD@Wm_	10	12	1	6
I?AAD@WH_	10	10	1	7
I?AAD@WL_	10	11	2	7
I?AAD@WN_	10	12	2	7
I?AAD@Wgg	10	11	0	5
I?AAD@WHg	10	11	1	6
I?AADBW]?	10	12	0	5
I?AADBW}?	10	13	0	4
I?AADBW\?	10	12	1	7
I?AADBWV?	10	12	1	6
I?AADBWN?	10	12	1	7
I?AADBW^?	10	13	1	6
I?AADBWM_	10	12	1	6
I?AADBWm_	10	13	1	5
I?AADBWL_	10	12	2	7
I?AADBWF_	10	12	2	6
I?AADBWN_	10	13	2	6
I?AADBWUO	10	12	1	6
I?AADBWTO	10	12	1	6
I?AADBWVO	10	13	1	5
I?AADBWEo	10	12	2	6
I?AADBWDo	10	12	1	6
I?AADBWFo	10	13	2	5
I?AAD?ww?	10	10	0	6
I?AAD?ws?	10	10	0	7
I?AAD?wk?	10	10	0	5
I?AAD?w{?	10	11	0	6
I?AAD?wU?	10	10	0	6
I?AAD?wu?	10	11	0	6
I?AAD?wm?	10	11	0	5
I?AAD?w]?	10	11	0	5
I?AAD?w}?	10	12	0	5
I?AAD?wT?	10	10	1	7
I?AAD?w\?	10	11	1	7
I?AAD?wF?	10	10	1	6
I?AAD?wV?	10	11	1	7
I?AAD?wN?	10	11	1	5
I?AAD?w^?	10	12	1	6
I?AAD?wSO	10	10	1	7
I?AAD?wUO	10	11	1	7
I?AAD?wPO	10	10	0	6
I?AAD?wDO	10	10	1	6
I?AAD?wTO	10	11	1	7
I?AAD?wFO	10	11	1	7
I?AAD?wVO	10	12	1	6
I?AAD?wPW	10	11	0	5
I?AADAw]?	10	12	0	5
I?AADAw}?	10	13	0	4
I?AADAw\?	10	12	1	7
I?AADAwV?	10	12	1	6
I?AADAwN?	10	12	1	6
I?AADAw^?	10	13	1	6
I?AADAwUO	10	12	1	6
I?AADAwTO	10	12	1	6
I?AADAwFO	10	12	2	6
I?AADAwVO	10	13	2	5
I?AAD@w{?	10	12	0	5
I?AAD@w]?	10	12	0	4
I?AAD@w}?	10	13	0	4
I?AAD@w\?	10	12	1	6
I?AAD@wV?	10	12	1	6
I?AAD@w^?	10	13	1	5
I?AAD@wk_	10	12	1	6
I?AAD@wM_	10	12	1	6
I?AAD@wm_	10	13	1	5
I?AAD@wL_	10	12	2	7
I?AAD@wF_	10	12	2	6
I?AAD@wN_	10	13	2	6
I?AAD@wTO	10	12	1	6
I?AAD@wVO	10	13	1	5
I?AAD@wDo	10	12	1	6
I?AAD@wFo	10	13	2	5
I?AADBw}?	10	14	0	3
I?AADBw^?	10	14	1	5
I?AADBwm_	10	14	1	4
I?AADBwN_	10	14	2	5
I?AADBwVO	10	14	2	4
I?AADBwFo	10	14	2	4
I?AAD?cw?	10	9	1	5
I?AAD?ck?	10	9	1	5
I?AAD?c{?	10	10	1	6
I?AAD?cU?	10	9	1	6
I?AAD?cu?	10	10	1	6
I?AAD?cm?	10	10	1	6
I?AAD?c}?	10	11	1	5
I?AAD@cw?	10	10	1	5
I?AAD@cs?	10	10	1	7
I?AAD@c{?	10	11	1	6
I?AAD@cu?	10	11	1	7
I?AAD@cm?	10	11	1	7
I?AAD@c]?	10	11	1	7
I?AAD@c}?	10	12	1	6
I?AAD@cX?	10	10	1	4
I?AAD@c\?	10	11	1	5
I?AAD@cN?	10	11	1	7
I?AAD@c^?	10	12	1	6
I?AAD@cg_	10	10	1	6
I?AAD@cc_	10	10	1	7
I?AAD@ck_	10	11	1	7
I?AAD@ce_	10	11	1	6
I?AAD@cM_	10	11	1	7
I?AAD@cm_	10	12	1	6
I?AAD@cH_	10	10	2	6
I?AAD@cL_	10	11	2	7
I?AAD@cN_	10	12	2	6
I?AAD@ceg	10	12	1	5
I?AAD?sw?	10	10	1	6
I?AAD?ss?	10	10	1	7
I?AAD?sk?	10	10	1	5
I?AAD?s{?	10	11	1	6
I?AAD?sy?	10	11	1	7
I?AAD?su?	10	11	1	7
I?AAD?sm?	10	11	1	6
I?AAD?s]?	10	11	1	7
I?AAD?s}?	10	12	1	6
I?AAD?sX?	10	10	1	6
I?AAD?s\?	10	11	1	5
I?AAD?sZ?	10	11	1	7
I?AAD?sN?	10	11	1	5
I?AAD?s^?	10	12	1	6
I?AAD@s}?	10	13	1	6
I?AAD@s\?	10	12	1	4
I?AAD@sZ?	10	12	1	6
I?AAD@s^?	10	13	1	5
I?AAD@sm_	10	13	2	6
I?AAD@sL_	10	12	2	6
I?AAD@sJ_	10	12	2	8
I?AAD@sN_	10	13	2	7
I?AAD?{{?	10	12	1	7
I?AAD?{]?	10	12	1	6
I?AAD?{}?	10	13	1	6
I?AAD?{\?	10	12	1	6
I?AAD?{N?	10	12	1	4
I?AAD?{^?	10	13	1	5
I?AAD@{^?	10	14	1	4
I?AAD@{N_	10	14	2	6
I?AAFBO{?	10	12	0	4
I?AAFBOy?	10	12	0	5
I?AAFBOm?	10	12	0	5
I?AAFBO}?	10	13	0	4
I?AAFBO\?	10	12	1	6
I?AAFBOZ?	10	12	1	6
I?AAFBON?	10	12	1	6
I?AAFBO^?	10	13	1	5
I?AAFBOL_	10	12	2	7
I?AAFBON_	10	13	2	6
I?AAFBoy?	10	13	0	4
I?AAFBo}?	10	14	0	4
I?AAFBoN?	10	13	1	6
I?AAFBo^?	10	14	1	5
I?AAFBoL_	10	13	2	6
I?AAFBoJ_	10	13	1	6
I?AAFBoF_	10	13	1	5
I?AAFBoN_	10	14	2	5
I?AAFBoDo	10	13	1	5
I?AAFBoFo	10	14	1	4
I?AAFBoBw	10	14	0	3
I?AAFBW{?	10	13	0	5
I?AAFBW}?	10	14	0	4
I?AAFBWN?	10	13	1	6
I?AAFBW^?	10	14	1	6
I?AAFBWL_	10	13	2	6
I?AAFBWF_	10	13	2	6
I?AAFBWN_	10	14	2	5
I?AAFBWDo	10	13	1	6
I?AAFBWFo	10	14	2	5
I?AAFAw]?	10	13	0	5
I?AAFAw}?	10	14	0	4
I?AAFAw\?	10	13	1	7
I?AAFAwV?	10	13	1	7
I?AAFAwN?	10	13	1	6
I?AAFAw^?	10	14	1	6
I?AAFAwM_	10	13	1	6
I?AAFAwm_	10	14	1	5
I?AAFAwL_	10	13	2	6
I?AAFAwF_	10	13	2	6
I?AAFAwN_	10	14	2	5
I?AAFAwDo	10	13	1	6
I?AAFAwFo	10	14	2	5
I?AAFBw}?	10	15	0	3
I?AAFBw^?	10	15	1	5
I?AAFBwN_	10	15	2	4
I?AAFBwFo	10	15	2	4
I?AAF@c{?	10	12	1	5
I?AAF@cm?	10	12	1	6
I?AAF@c}?	10	13	1	5
I?AAF@ck_	10	12	2	7
I?AAF@ce_	10	12	1	6
I?AAF@cM_	10	12	2	7
I?AAF@cm_	10	13	2	6
I?AAF@cFo	10	13	1	5
I?AAF@cEW	10	12	1	5
I?AAF@cCw	10	12	1	5
I?AAF@cEw	10	13	1	4
I?AAF@S{?	10	12	1	6
I?AAF@Sy?	10	12	1	6
I?AAF@Su?	10	12	1	7
I?AAF@Sm?	10	12	1	7
I?AAF@S]?	10	12	1	7
I?AAF@S}?	10	13	1	6
I?AAF@Sk_	10	12	2	8
I?AAF@Si_	10	12	1	7
I?AAF@Se_	10	12	2	8
I?AAF@SM_	10	12	2	8
I?AAF@Sm_	10	13	2	7
I?AAF@SEo	10	12	1	7
I?AAF@SDo	10	12	1	6
I?AAF@SBo	10	12	1	7
I?AAF@SFo	10	13	1	6
I?AAF@SAw	10	12	1	6
I?AAF@s}?	10	14	1	6
I?AAF@s^?	10	14	1	5
I?AAF@sk_	10	13	2	7
I?AAF@si_	10	13	2	7
I?AAF@sm_	10	14	2	6
I?AAF@sL_	10	13	2	7
I?AAF@sJ_	10	13	2	7
I?AAF@sN_	10	14	2	6
I?AAF@sDo	10	13	2	6
I?AAF@sFo	10	14	2	5
I?AAF@[}?	10	14	1	6
I?AAF@[N?	10	13	1	6
I?AAF@[^?	10	14	1	5
I?AAF@[k_	10	13	2	7
I?AAF@[e_	10	13	2	7
I?AAF@[M_	10	13	2	7
I?AAF@[m_	10	14	2	6
I?AAF@[L_	10	13	2	7
I?AAF@[F_	10	13	1	6
I?AAF@[N_	10	14	2	6
I?AAF@[Do	10	13	1	6
I?AAF@[Fo	10	14	1	5
I?AAF?{}?	10	14	1	5
I?AAF?{\?	10	13	1	6
I?AAF?{N?	10	13	1	5
I?AAF?{^?	10	14	1	5
I?AAF?{k_	10	13	2	7
I?AAF?{M_	10	13	1	6
I?AAF?{m_	10	14	2	6
I?AAF?{L_	10	13	1	6
I?AAF?{F_	10	13	1	6
I?AAF?{N_	10	14	1	5
I?AAF?{Fo	10	14	1	5
I?AAF@{^?	10	15	1	4
I?AAF@{m_	10	15	2	6
I?AAF@{N_	10	15	2	5
I?AAF?ew?	10	11	1	5
I?AAF?es?	10	11	1	7
I?AAF?e{?	10	12	1	6
I?AAF?eu?	10	12	1	7
I?AAF?em?	10	12	1	7
I?AAF?e}?	10	13	1	6
I?AAF?eX?	10	11	2	6
I?AAF?e\?	10	12	2	7
I?AAF?eV?	10	12	2	8
I?AAF?e^?	10	13	2	7
I?AAF?eFo	10	13	1	6
I?AAF?eEW	10	12	2	6
I?AAF?Uw?	10	11	0	5
I?AAF?U{?	10	12	1	6
I?AAF?Uq?	10	11	0	6
I?AAF?Uy?	10	12	0	5
I?AAF?Uu?	10	12	1	7
I?AAF?Um?	10	12	1	7
I?AAF?U}?	10	13	1	6
I?AAF?U\?	10	12	2	7
I?AAF?UZ?	10	12	1	7
I?AAF?U^?	10	13	2	6
I?AAF?UFo	10	13	0	4
I?AAF?u}?	10	14	2	5
I?AAF?u^?	10	14	2	6
I?AAF?uL_	10	13	1	5
I?AAF?uJ_	10	13	1	6
I?AAF?uN_	10	14	1	5
I?AAF?uFo	10	14	1	5
I?AAF?]}?	10	14	2	5
I?AAF?]\?	10	13	2	6
I?AAF?]^?	10	14	2	5
I?AAF?]L_	10	13	1	6
I?AAF?]F_	10	13	0	4
I?AAF?]N_	10	14	1	5
I?AAF?]Do	10	13	0	4
I?AAF?]Fo	10	14	0	3
I?AAF?}N_	10	15	1	4
I?AAF?V}?	10	14	1	5
I?AAF?V^?	10	14	2	5
I?AAF?^^?	10	15	2	4
I?AAF?^N_	10	15	1	4
I?AA@b_w?	10	10	0	4
I?AA@b_s?	10	10	0	6
I?AA@b_{?	10	11	0	5
I?AA@b_y?	10	11	0	5
I?AA@b_u?	10	11	0	7
I?AA@b_m?	10	11	0	6
I?AA@b_}?	10	12	0	6
I?AA@b_\?	10	11	1	6
I?AA@b_Z?	10	11	1	7
I?AA@b_V?	10	11	1	7
I?AA@b_N?	10	11	1	7
I?AA@b_^?	10	12	1	6
I?AA@b_D_	10	10	1	7
I?AA@b_L_	10	11	1	7
I?AA@b_J_	10	11	1	7
I?AA@b_F_	10	11	1	6
I?AA@b_N_	10	12	1	7
I?AA@b_oO	10	10	1	6
I?AA@b_qO	10	11	1	7
I?AA@b_PO	10	10	1	7
I?AA@b_BO	10	10	0	7
I?AA@b_RO	10	11	1	7
I?AA@b_@o	10	10	0	7
I?AA@b_Bo	10	11	0	6
I?AA@b_Dg	10	11	1	6
I?AA@b_Fg	10	12	1	5
I?AA@b_Bw	10	12	0	5
I?AA@_oo?	10	8	0	4
I?AA@_ow?	10	9	0	5
I?AA@_ok?	10	9	0	3
I?AA@_o{?	10	10	0	4
I?AA@_oq?	10	9	0	5
I?AA@_oy?	10	10	0	5
I?AA@_oM?	10	9	0	3
I?AA@_om?	10	10	0	4
I?AA@_o}?	10	11	0	4
I?AA@aok?	10	10	0	3
I?AA@ao[?	10	10	0	4
I?AA@ao{?	10	11	0	4
I?AA@aoy?	10	11	0	6
I?AA@aom?	10	11	0	4
I?AA@ao]?	10	11	0	5
I?AA@ao}?	10	12	0	5
I?AA@aoL?	10	10	1	4
I?AA@ao\?	10	11	1	5
I?AA@aoZ?	10	11	1	6
I?AA@aoN?	10	11	1	5
I?AA@ao^?	10	12	1	5
I?AA@aooO	10	10	1	6
I?AA@aoaO	10	10	1	6
I?AA@aoQO	10	10	0	6
I?AA@aoqO	10	11	1	6
I?AA@aoPO	10	10	0	6
I?AA@aoBO	10	10	0	6
I?AA@aoRO	10	11	0	5
I?AA@aoRW	10	12	0	4
I?AA@bo{?	10	12	0	4
I?AA@bo}?	10	13	0	5
I?AA@bo\?	10	12	1	5
I?AA@bo^?	10	13	1	6
I?AA@boL_	10	12	2	6
I?AA@boN_	10	13	2	6
I?AA@bGw?	10	10	0	6
I?AA@bG{?	10	11	0	7
I?AA@bGy?	10	11	0	5
I?AA@bGm?	10	11	0	7
I?AA@bG}?	10	12	0	6
I?AA@bGL?	10	10	0	6
I?AA@bG\?	10	11	1	7
I?AA@bGZ?	10	11	1	7
I?AA@bGN?	10	11	1	7
I?AA@bG^?	10	12	1	7
I?AA@bGH_	10	10	0	7
I?AA@bGL_	10	11	0	6
I?AA@bGB_	10	10	1	7
I?AA@bGJ_	10	11	1	7
I?AA@bGN_	10	12	1	7
I?AA@bGoO	10	10	0	6
I?AA@bGqO	10	11	0	5
I?AA@bGPO	10	10	1	7
I?AA@bGBO	10	10	1	7
I?AA@bGRO	10	11	1	6
I?AA@bG@o	10	10	0	7
I?AA@bGBo	10	11	1	7
I?AA@bGLG	10	11	0	5
I?AA@bGHg	10	11	0	6
I?AA@bGLg	10	12	0	5
I?AA@_go?	10	8	0	6
I?AA@_gw?	10	9	0	6
I?AA@_gc?	10	8	0	6
I?AA@_gs?	10	9	0	6
I?AA@_gk?	10	9	0	5
I?AA@_g{?	10	10	0	6
I?AA@_gE?	10	8	0	5
I?AA@_ge?	10	9	0	6
I?AA@_gu?	10	10	0	6
I?AA@_gM?	10	9	0	4
I?AA@_gm?	10	10	0	5
I?AA@_g}?	10	11	0	6
I?AA@_goO	10	9	0	6
I?AA@_gaO	10	9	1	6
I?AA@_gqO	10	10	1	6
I?AA@_g_W	10	9	0	5
I?AA@_goW	10	10	0	6
I?AA@agw?	10	10	0	6
I?AA@agk?	10	10	0	5
I?AA@ag{?	10	11	0	6
I?AA@agy?	10	11	0	5
I?AA@agU?	10	10	0	7
I?AA@agu?	10	11	0	7
I?AA@agm?	10	11	0	5
I?AA@ag]?	10	11	0	6
I?AA@ag}?	10	12	0	6
I?AA@agT?	10	10	1	7
I?AA@ag\?	10	11	1	7
I?AA@agR?	10	10	1	7
I?AA@agZ?	10	11	1	7
I?AA@agF?	10	10	1	7
I?AA@agV?	10	11	1	7
I?AA@agN?	10	11	1	6
I?AA@ag^?	10	12	1	7
I?AA@agoO	10	10	1	7
I?AA@agaO	10	10	1	6
I?AA@agQO	10	10	1	7
I?AA@agqO	10	11	1	7
I?AA@agPO	10	10	0	7
I?AA@agBO	10	10	1	7
I?AA@agRO	10	11	1	7
I?AA@agTG	10	11	1	6
I?AA@agPW	10	11	0	6
I?AA@bg{?	10	12	0	6
I?AA@bgy?	10	12	0	4
I?AA@bgu?	10	12	0	6
I?AA@bg}?	10	13	0	5
I?AA@bg\?	10	12	1	7
I?AA@bgZ?	10	12	1	6
I?AA@bgV?	10	12	1	8
I?AA@bg^?	10	13	1	7
I?AA@bgL_	10	12	1	7
I?AA@bgJ_	10	12	2	7
I?AA@bgF_	10	12	2	7
I?AA@bgN_	10	13	2	6
I?AA@_wk?	10	10	0	4
I?AA@_w{?	10	11	0	5
I?AA@_wq?	10	10	0	6
I?AA@_wy?	10	11	0	6
I?AA@_wM?	10	10	0	3
I?AA@_wm?	10	11	0	4
I?AA@_w}?	10	12	0	5
I?AA@_woO	10	10	0	6
I?AA@_waO	10	10	1	6
I?AA@_wqO	10	11	1	6
I?AA@_woW	10	11	0	5
I?AA@aw{?	10	12	0	5
I?AA@awy?	10	12	0	6
I?AA@awm?	10	12	0	4
I?AA@aw]?	10	12	0	5
I?AA@aw}?	10	13	0	5
I?AA@aw\?	10	12	1	6
I?AA@awZ?	10	12	1	7
I?AA@awN?	10	12	1	5
I?AA@aw^?	10	13	1	6
I?AA@bw}?	10	14	0	4
I?AA@bw^?	10	14	1	6
I?AA@bwN_	10	14	2	5
I?AA@b@{?	10	11	1	6
I?AA@b@y?	10	11	1	6
I?AA@b@m?	10	11	1	6
I?AA@b@}?	10	12	1	5
I?AA@b@\?	10	11	1	7
I?AA@b@Z?	10	11	1	7
I?AA@b@N?	10	11	0	6
I?AA@b@^?	10	12	1	6
I?AA@b@L_	10	11	0	6
I?AA@b@J_	10	11	0	6
I?AA@b@N_	10	12	0	5
I?AA@b@qO	10	11	0	5
I?AA@b@RO	10	11	1	6
I?AA@b@Bo	10	11	1	6
I?AA@b@LG	10	11	0	5
I?AA@b@NG	10	12	0	5
I?AA@b@Hg	10	11	0	6
I?AA@b@Lg	10	12	0	5
I?AA@b@Bg	10	11	0	6
I?AA@b@Jg	10	12	0	5
I?AA@b@Ng	10	13	0	4
I?AA@aH{?	10	11	1	7
I?AA@aHy?	10	11	1	7
I?AA@aHm?	10	11	1	7
I?AA@aH]?	10	11	1	7
I?AA@aH}?	10	12	1	6
I?AA@aH\?	10	11	0	6
I?AA@aHZ?	10	11	1	7
I?AA@aHN?	10	11	1	7
I?AA@aH^?	10	12	1	7
I?AA@aHqO	10	11	0	5
I?AA@aHRO	10	11	1	6
I?AA@aH[G	10	11	0	5
I?AA@aHXG	10	11	0	6
I?AA@aHLG	10	11	0	5
I?AA@aH\G	10	12	0	5
I?AA@bH{?	10	12	1	7
I?AA@bHy?	10	12	1	6
I?AA@bHm?	10	12	1	7
I?AA@bH}?	10	13	1	6
I?AA@bH\?	10	12	1	6
I?AA@bHZ?	10	12	2	7
I?AA@bHN?	10	12	1	6
I?AA@bH^?	10	13	2	6
I?AA@bHL_	10	12	0	5
I?AA@bHJ_	10	12	1	7
I?AA@bHN_	10	13	1	6
I?AA@bHLg	10	13	0	4
I?AADb_{?	10	12	0	4
I?AADb_y?	10	12	0	5
I?AADb_u?	10	12	0	6
I?AADb_m?	10	12	0	5
I?AADb_]?	10	12	0	6
I?AADb_}?	10	13	0	5
I?AADb_\?	10	12	1	6
I?AADb_Z?	10	12	1	7
I?AADb_V?	10	12	1	7
I?AADb_N?	10	12	1	7
I?AADb_^?	10	13	1	6
I?AADb_k_	10	12	1	5
I?AADb_i_	10	12	1	6
I?AADb_e_	10	12	1	6
I?AADb_M_	10	12	1	6
I?AADb_m_	10	13	1	5
I?AADb_L_	10	12	2	7
I?AADb_J_	10	12	1	7
I?AADb_F_	10	12	1	6
I?AADb_N_	10	13	2	6
I?AADb_RO	10	12	1	6
I?AADb_Bo	10	12	0	5
I?AADb_Eg	10	12	1	6
I?AADb_Dg	10	12	1	6
I?AADb_Bg	10	12	0	5
I?AADb_Fg	10	13	1	5
I?AADb_BW	10	12	0	5
I?AADb_Aw	10	12	0	5
I?AADb_@w	10	12	0	5
I?AADb_Bw	10	13	0	4
I?AADao{?	10	12	0	3
I?AADaoy?	10	12	0	5
I?AADaom?	10	12	0	3
I?AADao]?	10	12	0	5
I?AADao}?	10	13	0	4
I?AADao\?	10	12	1	5
I?AADaoZ?	10	12	1	5
I?AADaoN?	10	12	1	5
I?AADao^?	10	13	1	4
I?AADaoRO	10	12	0	4
I?AADaoQW	10	12	0	4
I?AADaoPW	10	12	0	4
I?AADaoBW	10	12	0	4
I?AADaoRW	10	13	0	3
I?AAD`ow?	10	11	0	5
I?AAD`o{?	10	12	0	4
I?AAD`oy?	10	12	0	6
I?AAD`om?	10	12	0	5
I?AAD`o}?	10	13	0	5
I?AAD`o\?	10	12	1	5
I?AAD`oZ?	10	12	1	7
I?AAD`oN?	10	12	1	6
I?AAD`o^?	10	13	1	6
I?AAD`oL_	10	12	2	6
I?AAD`oB_	10	11	0	6
I?AAD`oJ_	10	12	1	7
I?AAD`oN_	10	13	2	6
I?AAD`oBW	10	12	0	5
I?AAD`o@w	10	12	0	5
I?AAD`oBw	10	13	0	4
I?AADbo]?	10	13	0	5
I?AADbo}?	10	14	0	4
I?AADbo\?	10	13	1	5
I?AADboZ?	10	13	1	6
I?AADbo^?	10	14	1	5
I?AADboM_	10	13	1	6
I?AADbom_	10	14	1	5
I?AADboL_	10	13	2	6
I?AADboJ_	10	13	1	6
I?AADboN_	10	14	2	5
I?AADboRO	10	13	1	5
I?AADboBo	10	13	0	4
I?AADbG{?	10	12	0	6
I?AADbGy?	10	12	0	6
I?AADbGm?	10	12	0	6
I?AADbG]?	10	12	0	6
I?AADbG}?	10	13	0	5
I?AADbG\?	10	12	1	7
I?AADbGZ?	10	12	1	8
I?AADbGN?	10	12	1	7
I?AADbG^?	10	13	1	7
I?AADbGk_	10	12	1	6
I?AADbGi_	10	12	1	7
I?AADbGM_	10	12	1	7
I?AADbGm_	10	13	1	6
I?AADbGL_	10	12	1	7
I?AADbGJ_	10	12	2	7
I?AADbGN_	10	13	2	6
I?AADbGRO	10	12	1	6
I?AADbGBo	10	12	1	7
I?AADbGLG	10	12	1	6
I?AADbGKg	10	12	1	6
I?AADbGHg	10	12	1	7
I?AADbGLg	10	13	1	6
I?AADbG@w	10	12	0	5
I?AADag{?	10	12	0	5
I?AADagu?	10	12	0	6
I?AADagm?	10	12	0	4
I?AADag]?	10	12	0	6
I?AADag}?	10	13	0	5
I?AADag\?	10	12	1	7
I?AADagV?	10	12	1	7
I?AADagN?	10	12	1	6
I?AADag^?	10	13	1	6
I?AADagRO	10	12	1	6
I?AADagPW	10	12	0	5
I?AAD`gw?	10	11	0	6
I?AAD`g{?	10	12	0	6
I?AAD`gu?	10	12	0	7
I?AAD`gm?	10	12	0	6
I?AAD`g}?	10	13	0	6
I?AAD`g\?	10	12	1	7
I?AAD`gZ?	10	12	1	6
I?AAD`gF?	10	11	1	8
I?AAD`gV?	10	12	1	7
I?AAD`gN?	10	12	1	7
I?AAD`g^?	10	13	1	6
I?AAD`gD_	10	11	1	8
I?AAD`gL_	10	12	2	7
I?AAD`gF_	10	12	2	7
I?AAD`gN_	10	13	2	6
I?AAD`gBo	10	12	1	7
I?AAD`g@w	10	12	0	6
I?AADbg]?	10	13	0	6
I?AADbg}?	10	14	0	5
I?AADbg\?	10	13	1	7
I?AADbgZ?	10	13	1	7
I?AADbgV?	10	13	1	7
I?AADbgN?	10	13	1	6
I?AADbg^?	10	14	1	6
I?AADbgM_	10	13	1	6
I?AADbgm_	10	14	1	6
I?AADbgL_	10	13	2	6
I?AADbgJ_	10	13	2	6
I?AADbgF_	10	13	2	6
I?AADbgN_	10	14	2	5
I?AADbgRO	10	13	2	6
I?AADbgBo	10	13	1	6
I?AADaw]?	10	13	0	5
I?AADaw}?	10	14	0	4
I?AADaw\?	10	13	1	6
I?AADawZ?	10	13	1	6
I?AADawN?	10	13	1	5
I?AADaw^?	10	14	1	5
I?AADawRO	10	13	1	5
I?AAD`w]?	10	13	0	5
I?AAD`w}?	10	14	0	5
I?AAD`w\?	10	13	1	6
I?AAD`w^?	10	14	1	5
I?AAD`wM_	10	13	1	6
I?AAD`wm_	10	14	1	5
I?AAD`wL_	10	13	2	6
I?AAD`wN_	10	14	2	5
I?AAD`wRO	10	13	2	6
I?AAD`wBo	10	13	1	6
I?AADbw}?	10	15	0	4
I?AADbw^?	10	15	1	5
I?AADbwm_	10	15	1	5
I?AADbwN_	10	15	2	4
I?AAD`cw?	10	11	1	6
I?AAD`c{?	10	12	1	6
I?AAD`cy?	10	12	1	7
I?AAD`cu?	10	12	1	7
I?AAD`cm?	10	12	1	6
I?AAD`c]?	10	12	1	7
I?AAD`c}?	10	13	1	6
I?AAD`cX?	10	11	1	5
I?AAD`c\?	10	12	1	6
I?AAD`cR?	10	11	1	7
I?AAD`cZ?	10	12	1	6
I?AAD`cV?	10	12	1	7
I?AAD`cN?	10	12	1	7
I?AAD`c^?	10	13	1	6
I?AAD`ck_	10	12	1	6
I?AAD`ci_	10	12	1	7
I?AAD`ce_	10	12	1	7
I?AAD`cM_	10	12	1	7
I?AAD`cm_	10	13	1	6
I?AAD`cL_	10	12	2	7
I?AAD`cJ_	10	12	2	8
I?AAD`cF_	10	12	2	8
I?AAD`cN_	10	13	2	7
I?AAD`ceg	10	13	1	6
I?AAD`cAw	10	12	1	6
I?AAD_sk?	10	11	1	4
I?AAD_s{?	10	12	1	5
I?AAD_sy?	10	12	1	7
I?AAD_sm?	10	12	1	5
I?AAD_s]?	10	12	1	6
I?AAD_s}?	10	13	1	6
I?AAD_sQW	10	12	1	5
I?AAD`s}?	10	14	1	6
I?AAD`s\?	10	13	1	5
I?AAD`s^?	10	14	1	5
I?AAD`sm_	10	14	2	5
I?AAD`sL_	10	13	2	6
I?AAD`sN_	10	14	2	6
I?AAD`sRO	10	13	2	6
I?AAD`sBo	10	13	1	6
I?AAD`K{?	10	12	1	6
I?AAD`Ky?	10	12	1	7
I?AAD`Km?	10	12	1	6
I?AAD`K]?	10	12	1	7
I?AAD`K}?	10	13	1	6
I?AAD`K\?	10	12	1	7
I?AAD`KZ?	10	12	1	6
I?AAD`KN?	10	12	1	7
I?AAD`K^?	10	13	1	6
I?AAD`Kk_	10	12	0	5
I?AAD`Ki_	10	12	1	7
I?AAD`KM_	10	12	1	7
I?AAD`Km_	10	13	1	6
I?AAD`KL_	10	12	1	7
I?AAD`KJ_	10	12	2	7
I?AAD`KN_	10	13	2	6
I?AAD`KRO	10	12	0	4
I?AAD`KBo	10	12	1	5
I?AAD`KKg	10	12	0	5
I?AAD`Kkg	10	13	0	4
I?AAD_k{?	10	12	1	6
I?AAD_ky?	10	12	1	7
I?AAD_ku?	10	12	1	7
I?AAD_km?	10	12	1	6
I?AAD_k]?	10	12	1	7
I?AAD_k}?	10	13	1	6
I?AAD_kRO	10	12	1	6
I?AAD`k]?	10	13	1	6
I?AAD`k}?	10	14	1	6
I?AAD`k\?	10	13	1	6
I?AAD`kZ?	10	13	1	5
I?AAD`kV?	10	13	1	6
I?AAD`k^?	10	14	1	5
I?AAD`kM_	10	13	2	6
I?AAD`km_	10	14	2	5
I?AAD`kL_	10	13	2	7
I?AAD`kJ_	10	13	2	7
I?AAD`kF_	10	13	2	8
I?AAD`kN_	10	14	2	7
I?AAD`kRO	10	13	1	5
I?AAD`kBo	10	13	2	6
I?AAD_{{?	10	13	1	6
I?AAD_{]?	10	13	1	6
I?AAD_{}?	10	14	1	5
I?AAD_{\?	10	13	1	6
I?AAD_{Z?	10	13	1	6
I?AAD_{N?	10	13	1	5
I?AAD_{^?	10	14	1	5
I?AAD_{RO	10	13	2	6
I?AAD`{^?	10	15	1	4
I?AAD`{N_	10	15	2	6
I?AAD`L}?	10	14	2	5
I?AAD`L^?	10	14	2	5
I?AAD`Lm_	10	14	1	5
I?AAD`LN_	10	14	2	5
I?AAD`Lkg	10	14	0	3
I?AAFbo}?	10	15	0	3
I?AAFbo^?	10	15	1	4
I?AAFboJ_	10	14	1	5
I?AAFboN_	10	15	2	4
I?AAFboBw	10	15	0	2
I?AAFbg}?	10	15	0	4
I?AAFbg^?	10	15	1	5
I?AAFbgN_	10	15	2	4
I?AAFbw}?	10	16	0	3
I?AAFbw^?	10	16	1	4
I?AAFbwN_	10	16	2	3
I?AAF`s}?	10	15	1	5
I?AAF`si_	10	14	2	6
I?AAF`sm_	10	15	2	5
I?AAF`k}?	10	15	1	5
I?AAF`km_	10	15	2	6
I?AAF`{^?	10	16	1	4
I?AAF`{m_	10	16	2	5
I?AAF`{N_	10	16	2	5
I?AAF_u{?	10	14	2	5
I?AAF_uy?	10	14	2	5
I?AAF_u}?	10	15	2	4
I?AAF_u\?	10	14	2	6
I?AAF_uZ?	10	14	2	7
I?AAF_u^?	10	15	2	6
I?AAF_mu?	10	14	2	5
I?AAF_m}?	10	15	2	4
I?AAF_mV?	10	14	2	7
I?AAF_m^?	10	15	2	6
I?AAF_}N_	10	16	2	3
I?AA@r_w?	10	11	0	5
I?AA@r_{?	10	12	0	6
I?AA@r_u?	10	12	0	6
I?AA@r_m?	10	12	0	6
I?AA@r_}?	10	13	0	5
I?AA@r_\?	10	12	1	7
I?AA@r_V?	10	12	1	7
I?AA@r_N?	10	12	1	6
I?AA@r_^?	10	13	1	6
I?AA@r_D_	10	11	1	8
I?AA@r_L_	10	12	1	7
I?AA@r_F_	10	12	1	7
I?AA@r_N_	10	13	1	6
I?AA@r_Dg	10	12	1	7
I?AA@r_Fg	10	13	1	6
I?AA@r_@w	10	12	0	5
I?AA@qok?	10	11	0	4
I?AA@qo{?	10	12	0	5
I?AA@qoy?	10	12	0	6
I?AA@qom?	10	12	0	4
I?AA@qo]?	10	12	0	5
I?AA@qo}?	10	13	0	5
I?AA@qo\?	10	12	1	6
I?AA@qoR?	10	11	1	7
I?AA@qoZ?	10	12	1	7
I?AA@qoN?	10	12	1	5
I?AA@qo^?	10	13	1	6
I?AA@qoRG	10	12	1	6
I?AA@qoPW	10	12	0	5
I?AA@ro{?	10	13	0	5
I?AA@roy?	10	13	0	6
I?AA@ro}?	10	14	0	5
I?AA@ro\?	10	13	1	6
I?AA@roZ?	10	13	1	7
I?AA@ro^?	10	14	1	6
I?AA@roL_	10	13	2	6
I?AA@roJ_	10	13	2	6
I?AA@roN_	10	14	2	5
I?AA@ow{?	10	12	0	5
I?AA@owM?	10	11	0	2
I?AA@owm?	10	12	0	3
I?AA@ow}?	10	13	0	4
I?AA@owoW	10	12	0	4
I?AA@qw{?	10	13	0	5
I?AA@qwm?	10	13	0	3
I?AA@qw]?	10	13	0	4
I?AA@qw}?	10	14	0	4
I?AA@qw\?	10	13	1	6
I?AA@qwN?	10	13	1	4
I?AA@qw^?	10	14	1	5
I?AA@rw}?	10	15	0	4
I?AA@rw^?	10	15	1	5
I?AA@rwN_	10	15	2	4
I?AADro}?	10	15	0	4
I?AADro\?	10	14	1	6
I?AADroZ?	10	14	1	6
I?AADro^?	10	15	1	5
I?AADrom_	10	15	1	5
I?AADroL_	10	14	2	5
I?AADroJ_	10	14	2	5
I?AADroN_	10	15	2	4
I?AADqw}?	10	15	0	3
I?AADqw\?	10	14	1	5
I?AADqw^?	10	15	1	4
I?AADpw{?	10	14	0	5
I?AADpwm?	10	14	0	4
I?AADpw}?	10	15	0	4
I?AADpw\?	10	14	1	5
I?AADpwN?	10	14	1	5
I?AADpw^?	10	15	1	4
I?AADpwL_	10	14	2	5
I?AADpwN_	10	15	2	4
I?AADrw}?	10	16	0	3
I?AADrw^?	10	16	1	4
I?AADrwm_	10	16	1	4
I?AADrwN_	10	16	2	3
I?AADps}?	10	15	1	5
I?AADps\?	10	14	1	5
I?AADpsZ?	10	14	1	5
I?AADps^?	10	15	1	4
I?AADpsm_	10	15	2	4
I?AADpsL_	10	14	2	6
I?AADpsJ_	10	14	2	7
I?AADpsN_	10	15	2	6
I?AADo{{?	10	14	1	5
I?AADo{m?	10	14	1	4
I?AADo{}?	10	15	1	4
I?AADp{^?	10	16	1	3
I?AADp{N_	10	16	2	5
I?AAFrw}?	10	17	0	2
I?AAFp{}?	10	17	1	3
I?AAFo}}?	10	17	2	2
I?AAFo}^?	10	17	2	4
I?AEB?ow?	10	10	0	5
I?AEB?os?	10	10	0	6
I?AEB?ok?	10	10	0	6
I?AEB?o[?	10	10	0	5
I?AEB?o{?	10	11	0	6
I?AEB?oq?	10	10	0	6
I?AEB?oi?	10	10	0	7
I?AEB?oY?	10	10	0	6
I?AEB?oy?	10	11	0	6
I?AEB?oe?	10	10	0	7
I?AEB?ou?	10	11	0	7
I?AEB?om?	10	11	0	7
I?AEB?o]?	10	11	0	6
I?AEB?o}?	10	12	0	6
I?AEB?oX?	10	10	1	6
I?AEB?oD?	10	9	1	7
I?AEB?oT?	10	10	1	7
I?AEB?oL?	10	10	1	6
I?AEB?o\?	10	11	1	6
I?AEB?oZ?	10	11	1	7
I?AEB?oF?	10	10	1	7
I?AEB?oV?	10	11	1	7
I?AEB?oN?	10	11	1	7
I?AEB?o^?	10	12	1	6
I?AEB?oK_	10	10	1	6
I?AEB?oI_	10	10	1	7
I?AEB?oM_	10	11	1	7
I?AEB?oL_	10	11	1	7
I?AEB?oN_	10	12	1	7
I?AEB?ocO	10	10	1	7
I?AEB?oaO	10	10	1	7
I?AEB?oeO	10	11	1	7
I?AEB?ooG	10	10	1	6
I?AEB?oaG	10	10	1	7
I?AEB?oqG	10	11	1	7
I?AEBAo{?	10	12	0	5
I?AEBAou?	10	12	0	6
I?AEBAom?	10	12	0	6
I?AEBAo]?	10	12	0	6
I?AEBAo}?	10	13	0	5
I?AEBAoX?	10	11	1	7
I?AEBAo\?	10	12	1	7
I?AEBAoZ?	10	12	1	7
I?AEBAoV?	10	12	1	7
I?AEBAoN?	10	12	1	7
I?AEBAo^?	10	13	1	6
I?AEBAoM_	10	12	1	7
I?AEBAoL_	10	12	2	7
I?AEBAoN_	10	13	2	6
I?AEBAoeO	10	12	1	7
I?AEBBo}?	10	14	0	4
I?AEBBoN?	10	13	1	6
I?AEBBo^?	10	14	1	5
I?AEBBoL_	10	13	2	6
I?AEBBoJ_	10	13	1	6
I?AEBBoN_	10	14	2	5
I?AEBBoDo	10	13	1	6
I?AEBBoBo	10	13	0	5
I?AEBBoFo	10	14	1	5
I?AEBBoBw	10	14	0	4
I?AEB?Ww?	10	10	0	5
I?AEB?Ws?	10	10	0	6
I?AEB?Wk?	10	10	0	7
I?AEB?W[?	10	10	0	6
I?AEB?W{?	10	11	0	6
I?AEB?We?	10	10	0	6
I?AEB?WU?	10	10	0	6
I?AEB?Wu?	10	11	0	7
I?AEB?WM?	10	10	0	6
I?AEB?Wm?	10	11	0	7
I?AEB?W]?	10	11	0	7
I?AEB?W}?	10	12	0	6
I?AEB?WH?	10	9	1	7
I?AEB?WX?	10	10	1	6
I?AEB?WT?	10	10	1	7
I?AEB?WL?	10	10	1	7
I?AEB?W\?	10	11	1	7
I?AEB?WV?	10	11	1	7
I?AEB?WN?	10	11	1	7
I?AEB?W^?	10	12	1	7
I?AEB?WcO	10	10	1	7
I?AEB?WeO	10	11	1	7
I?AEB?WoG	10	10	0	6
I?AEB?WgG	10	10	0	7
I?AEB?WWG	10	10	0	6
I?AEB?WwG	10	11	0	6
I?AEB?WPG	10	10	1	7
I?AEB?WHG	10	10	1	7
I?AEB?WXG	10	11	1	7
I?AEB?W_W	10	10	1	7
I?AEBBW{?	10	13	0	5
I?AEBBW}?	10	14	0	4
I?AEBBWN?	10	13	1	6
I?AEBBW^?	10	14	1	6
I?AEBBWM_	10	13	1	6
I?AEBBWL_	10	13	2	6
I?AEBBWF_	10	13	2	6
I?AEBBWN_	10	14	2	5
I?AEBBWFO	10	13	2	6
I?AEBBWEo	10	13	2	6
I?AEBBWDo	10	13	1	6
I?AEBBWFo	10	14	2	5
I?AEB?ww?	10	11	0	6
I?AEB?ws?	10	11	0	6
I?AEB?w[?	10	11	0	6
I?AEB?w{?	10	12	0	6
I?AEB?wu?	10	12	0	6
I?AEB?wm?	10	12	0	6
I?AEB?w]?	10	12	0	6
I?AEB?w}?	10	13	0	5
I?AEB?wX?	10	11	1	7
I?AEB?w\?	10	12	1	7
I?AEB?wF?	10	11	1	7
I?AEB?wV?	10	12	1	7
I?AEB?wN?	10	12	1	6
I?AEB?w^?	10	13	1	6
I?AEB?wM_	10	12	1	6
I?AEB?wH_	10	11	1	7
I?AEB?wL_	10	12	1	7
I?AEB?wF_	10	12	1	7
I?AEB?wN_	10	13	1	6
I?AEB?wcO	10	11	1	8
I?AEB?weO	10	12	1	7
I?AEB?wDO	10	11	1	8
I?AEB?wFO	10	12	1	7
I?AEB?wCo	10	11	1	7
I?AEB?wEo	10	12	1	7
I?AEB?w@o	10	11	0	6
I?AEB?wDo	10	12	1	7
I?AEB?wFo	10	13	1	6
I?AEB?w@w	10	12	0	5
I?AEBAw]?	10	13	0	5
I?AEBAw}?	10	14	0	4
I?AEBAw\?	10	13	1	7
I?AEBAwV?	10	13	1	7
I?AEBAwN?	10	13	1	6
I?AEBAw^?	10	14	1	6
I?AEBAwM_	10	13	1	6
I?AEBAwL_	10	13	2	6
I?AEBAwF_	10	13	2	6
I?AEBAwN_	10	14	2	5
I?AEBAwFO	10	13	2	6
I?AEBAwDo	10	13	1	6
I?AEBAwFo	10	14	2	5
I?AEB@w}?	10	14	0	4
I?AEB@wN?	10	13	1	6
I?AEB@w^?	10	14	1	5
I?AEB@wM_	10	13	1	6
I?AEB@wL_	10	13	1	6
I?AEB@wF_	10	13	1	6
I?AEB@wN_	10	14	1	5
I?AEB@wDo	10	13	1	6
I?AEB@wFo	10	14	2	5
I?AEBBw}?	10	15	0	3
I?AEBBw^?	10	15	1	5
I?AEBBwN_	10	15	2	4
I?AEBBwFo	10	15	2	4
I?AEB?cw?	10	10	1	5
I?AEB?cs?	10	10	1	6
I?AEB?ck?	10	10	1	7
I?AEB?c{?	10	11	1	6
I?AEB?cu?	10	11	1	7
I?AEB?cm?	10	11	1	7
I?AEB?c}?	10	12	1	6
I?AEB@cm?	10	12	1	6
I?AEB@c}?	10	13	1	5
I?AEB@cN?	10	12	1	6
I?AEB@c^?	10	13	1	5
I?AEB@cM_	10	12	1	7
I?AEB@cH_	10	11	1	6
I?AEB@cL_	10	12	1	7
I?AEB@cF_	10	12	1	7
I?AEB@cN_	10	13	1	6
I?AEB?sw?	10	11	1	6
I?AEB?ss?	10	11	1	7
I?AEB?s[?	10	11	1	6
I?AEB?s{?	10	12	1	7
I?AEB?sq?	10	11	1	7
I?AEB?sy?	10	12	1	7
I?AEB?su?	10	12	1	7
I?AEB?sm?	10	12	1	7
I?AEB?s]?	10	12	1	7
I?AEB?s}?	10	13	1	6
I?AEB?sX?	10	11	1	6
I?AEB?s\?	10	12	1	6
I?AEB?sZ?	10	12	1	7
I?AEB?sV?	10	12	1	7
I?AEB?sN?	10	12	1	6
I?AEB?s^?	10	13	1	6
I?AEB?scO	10	11	2	8
I?AEB?saO	10	11	1	8
I?AEB?seO	10	12	2	8
I?AEB@s}?	10	14	1	6
I?AEB@s^?	10	14	1	5
I?AEB@sL_	10	13	1	7
I?AEB@sJ_	10	13	1	7
I?AEB@sN_	10	14	1	6
I?AEB@sFo	10	14	2	5
I?AEB@[}?	10	14	1	6
I?AEB@[N?	10	13	1	6
I?AEB@[^?	10	14	1	5
I?AEB@[M_	10	13	1	7
I?AEB@[L_	10	13	1	7
I?AEB@[N_	10	14	1	6
I?AEB@[Do	10	13	1	6
I?AEB@[Fo	10	14	1	5
I?AEB?{}?	10	14	1	5
I?AEB?{\?	10	13	1	6
I?AEB?{N?	10	13	1	5
I?AEB?{^?	10	14	1	5
I?AEB@{^?	10	15	1	4
I?AEB@{N_	10	15	1	5
I?AEBAX]?	10	13	1	7
I?AEBAX}?	10	14	1	6
I?AEBAX\?	10	13	2	7
I?AEBAXV?	10	13	2	7
I?AEBAXN?	10	13	2	7
I?AEBAX^?	10	14	2	6
I?AEF@o{?	10	13	0	4
I?AEF@oy?	10	13	0	5
I?AEF@ou?	10	13	0	5
I?AEF@om?	10	13	0	5
I?AEF@o]?	10	13	0	5
I?AEF@o}?	10	14	0	4
I?AEF@o\?	10	13	1	6
I?AEF@oZ?	10	13	1	6
I?AEF@oV?	10	13	1	6
I?AEF@oN?	10	13	1	6
I?AEF@o^?	10	14	1	5
I?AEF@oM_	10	13	1	6
I?AEF@oL_	10	13	2	6
I?AEF@oN_	10	14	2	5
I?AEFBo}?	10	15	0	3
I?AEFBo^?	10	15	1	4
I?AEFBoN_	10	15	2	4
I?AEF?wu?	10	13	0	5
I?AEF?wm?	10	13	0	5
I?AEF?w]?	10	13	0	5
I?AEF?w}?	10	14	0	4
I?AEF?w\?	10	13	1	6
I?AEF?wV?	10	13	1	6
I?AEF?wN?	10	13	1	6
I?AEF?w^?	10	14	1	5
I?AEF?wM_	10	13	1	6
I?AEF?wL_	10	13	1	6
I?AEF?wF_	10	13	1	6
I?AEF?wN_	10	14	1	5
I?AEF?wDo	10	13	1	6
I?AEF?wFo	10	14	1	5
I?AEF?w@w	10	13	0	4
I?AEF@w{?	10	14	0	4
I?AEF@w}?	10	15	0	3
I?AEF@wN?	10	14	1	5
I?AEF@w^?	10	15	1	4
I?AEF@wM_	10	14	1	5
I?AEF@wL_	10	14	2	5
I?AEF@wF_	10	14	2	5
I?AEF@wN_	10	15	2	4
I?AEF@wFo	10	15	2	4
I?AEFBw^?	10	16	1	4
I?AEFBwN_	10	16	2	3
I?AEFBwFo	10	16	2	3
I?AEF@c{?	10	13	1	5
I?AEF@cu?	10	13	1	6
I?AEF@c]?	10	13	1	6
I?AEF@c}?	10	14	1	5
I?AEF@c\?	10	13	1	6
I?AEF@cV?	10	13	1	6
I?AEF@cN?	10	13	1	6
I?AEF@c^?	10	14	1	5
I?AEF@cM_	10	13	2	7
I?AEF@cH_	10	12	2	7
I?AEF@cL_	10	13	2	7
I?AEF@cN_	10	14	2	6
I?AEF@ceG	10	13	2	7
I?AEF?s]?	10	13	1	6
I?AEF?s}?	10	14	1	5
I?AEF?s\?	10	13	1	6
I?AEF?sZ?	10	13	1	6
I?AEF?sV?	10	13	1	6
I?AEF?sN?	10	13	1	6
I?AEF?s^?	10	14	1	5
I?AEF?sqG	10	13	1	6
I?AEF@s{?	10	14	1	5
I?AEF@s}?	10	15	1	5
I?AEF@s^?	10	15	1	4
I?AEF@sL_	10	14	2	6
I?AEF@sJ_	10	14	2	6
I?AEF@sN_	10	15	2	5
I?AEF@sDo	10	14	2	5
I?AEF@sFo	10	15	2	4
I?AEF@[{?	10	14	1	5
I?AEF@[}?	10	15	1	5
I?AEF@[N?	10	14	1	5
I?AEF@[^?	10	15	1	4
I?AEF@[M_	10	14	2	6
I?AEF@[L_	10	14	2	6
I?AEF@[N_	10	15	2	5
I?AEF@[Do	10	14	1	5
I?AEF@[Fo	10	15	1	4
I?AEF?{{?	10	14	1	5
I?AEF?{}?	10	15	1	4
I?AEF?{\?	10	14	1	5
I?AEF?{N?	10	14	1	5
I?AEF?{^?	10	15	1	4
I?AEF@{^?	10	16	1	3
I?AEF@{N_	10	16	2	4
I?AE@b_{?	10	12	0	5
I?AE@b_m?	10	12	0	6
I?AE@b_]?	10	12	0	6
I?AE@b_}?	10	13	0	5
I?AE@b_\?	10	12	1	7
I?AE@b_Z?	10	12	1	7
I?AE@b_V?	10	12	1	7
I?AE@b_N?	10	12	1	7
I?AE@b_^?	10	13	1	6
I?AE@b_K_	10	11	1	7
I?AE@b_M_	10	12	1	7
I?AE@b_L_	10	12	1	7
I?AE@b_J_	10	12	1	7
I?AE@b_F_	10	12	1	6
I?AE@b_N_	10	13	1	6
I?AE@b_RO	10	12	1	7
I?AE@b_Ao	10	11	0	7
I?AE@b_@o	10	11	0	6
I?AE@b_Bo	10	12	0	6
I?AE@b_Dg	10	12	1	5
I?AE@b_Fg	10	13	1	5
I?AE@b_Bw	10	13	0	5
I?AE@ao{?	10	12	0	5
I?AE@aoy?	10	12	0	7
I?AE@ao]?	10	12	0	6
I?AE@ao}?	10	13	0	6
I?AE@ao\?	10	12	1	6
I?AE@aoZ?	10	12	1	6
I?AE@aoN?	10	12	1	6
I?AE@ao^?	10	13	1	5
I?AE@aoK_	10	11	1	5
I?AE@aoM_	10	12	1	6
I?AE@aoL_	10	12	1	6
I?AE@aoJ_	10	12	1	6
I?AE@aoN_	10	13	1	5
I?AE@aoQO	10	11	1	7
I?AE@aoqO	10	12	1	7
I?AE@aoPO	10	11	1	7
I?AE@aoRO	10	12	1	6
I?AE@aoAo	10	11	0	7
I?AE@ao@o	10	11	0	7
I?AE@aoBo	10	12	0	6
I?AE@aoRW	10	13	1	5
I?AE@aoBw	10	13	0	5
I?AE@`ow?	10	11	0	6
I?AE@`ok?	10	11	0	5
I?AE@`o[?	10	11	0	4
I?AE@`o{?	10	12	0	5
I?AE@`oy?	10	12	0	7
I?AE@`om?	10	12	0	6
I?AE@`o]?	10	12	0	5
I?AE@`o}?	10	13	0	6
I?AE@`oL?	10	11	1	5
I?AE@`o\?	10	12	1	5
I?AE@`oZ?	10	12	1	7
I?AE@`oN?	10	12	1	6
I?AE@`o^?	10	13	1	6
I?AE@`oK_	10	11	1	5
I?AE@`oM_	10	12	1	6
I?AE@`oH_	10	11	1	7
I?AE@`oL_	10	12	1	6
I?AE@`oJ_	10	12	1	7
I?AE@`oN_	10	13	1	6
I?AE@`ooO	10	11	1	6
I?AE@`oaO	10	11	1	7
I?AE@`oqO	10	12	1	7
I?AE@`oPO	10	11	1	7
I?AE@`oBO	10	11	0	7
I?AE@`oRO	10	12	1	7
I?AE@`oAo	10	11	0	7
I?AE@`o@o	10	11	0	7
I?AE@`oBo	10	12	0	6
I?AE@`oBw	10	13	0	5
I?AE@bo}?	10	14	0	5
I?AE@bo\?	10	13	1	6
I?AE@bo^?	10	14	1	5
I?AE@boL_	10	13	2	6
I?AE@boN_	10	14	2	5
I?AE@bG{?	10	12	0	6
I?AE@bGy?	10	12	0	5
I?AE@bGm?	10	12	0	6
I?AE@bG]?	10	12	0	6
I?AE@bG}?	10	13	0	5
I?AE@bG\?	10	12	1	7
I?AE@bGZ?	10	12	1	7
I?AE@bGN?	10	12	1	7
I?AE@bG^?	10	13	1	6
I?AE@bGPO	10	11	1	7
I?AE@bGRO	10	12	1	7
I?AE@`gw?	10	11	0	6
I?AE@`gs?	10	11	0	7
I?AE@`gk?	10	11	0	7
I?AE@`g[?	10	11	0	6
I?AE@`g{?	10	12	0	7
I?AE@`gy?	10	12	0	6
I?AE@`gu?	10	12	0	7
I?AE@`gm?	10	12	0	7
I?AE@`g]?	10	12	0	6
I?AE@`g}?	10	13	0	6
I?AE@`g\?	10	12	1	7
I?AE@`gZ?	10	12	1	6
I?AE@`gF?	10	11	1	8
I?AE@`gV?	10	12	1	8
I?AE@`gN?	10	12	1	7
I?AE@`g^?	10	13	1	7
I?AE@`gK_	10	11	1	7
I?AE@`gM_	10	12	1	7
I?AE@`gH_	10	11	1	7
I?AE@`gD_	10	11	1	7
I?AE@`gL_	10	12	1	7
I?AE@`gB_	10	11	1	7
I?AE@`gJ_	10	12	1	7
I?AE@`gF_	10	12	1	7
I?AE@`gN_	10	13	1	6
I?AE@`goO	10	11	1	6
I?AE@`gaO	10	11	1	8
I?AE@`gqO	10	12	1	7
I?AE@`gPO	10	11	1	8
I?AE@`gBO	10	11	1	8
I?AE@`gRO	10	12	2	8
I?AE@`gAo	10	11	1	8
I?AE@`g@o	10	11	0	7
I?AE@`gBo	10	12	1	7
I?AE@`gDg	10	12	1	6
I?AE@bg]?	10	13	0	6
I?AE@bg}?	10	14	0	5
I?AE@bg\?	10	13	1	7
I?AE@bgZ?	10	13	1	7
I?AE@bgV?	10	13	1	7
I?AE@bgN?	10	13	1	6
I?AE@bg^?	10	14	1	6
I?AE@bgL_	10	13	1	6
I?AE@bgJ_	10	13	2	6
I?AE@bgF_	10	13	2	6
I?AE@bgN_	10	14	2	5
I?AE@_ww?	10	11	0	7
I?AE@_wk?	10	11	0	5
I?AE@_w[?	10	11	0	5
I?AE@_w{?	10	12	0	6
I?AE@_wq?	10	11	0	7
I?AE@_wy?	10	12	0	7
I?AE@_wM?	10	11	0	4
I?AE@_wm?	10	12	0	5
I?AE@_w]?	10	12	0	5
I?AE@_w}?	10	13	0	6
I?AE@_w\?	10	12	1	6
I?AE@_wR?	10	11	1	7
I?AE@_wZ?	10	12	1	7
I?AE@_w^?	10	13	1	6
I?AE@_woO	10	11	0	6
I?AE@_waO	10	11	1	7
I?AE@_wQO	10	11	1	7
I?AE@_wqO	10	12	1	7
I?AE@_wPO	10	11	1	7
I?AE@_wRO	10	12	2	7
I?AE@_wPW	10	12	1	6
I?AE@aw]?	10	13	0	6
I?AE@aw}?	10	14	0	5
I?AE@aw\?	10	13	1	6
I?AE@awZ?	10	13	1	6
I?AE@awN?	10	13	1	6
I?AE@aw^?	10	14	1	5
I?AE@awM_	10	13	1	6
I?AE@awL_	10	13	1	6
I?AE@awJ_	10	13	1	6
I?AE@awN_	10	14	1	5
I?AE@`w{?	10	13	0	6
I?AE@`w]?	10	13	0	5
I?AE@`w}?	10	14	0	5
I?AE@`w\?	10	13	1	6
I?AE@`wZ?	10	13	1	7
I?AE@`wN?	10	13	1	6
I?AE@`w^?	10	14	1	6
I?AE@`wL_	10	13	1	6
I?AE@`wN_	10	14	1	5
I?AE@bw}?	10	15	0	4
I?AE@bw^?	10	15	1	5
I?AE@bwN_	10	15	2	4
I?AE@`cw?	10	11	1	6
I?AE@`cs?	10	11	1	7
I?AE@`ck?	10	11	1	7
I?AE@`c[?	10	11	1	6
I?AE@`c{?	10	12	1	7
I?AE@`cy?	10	12	1	7
I?AE@`cu?	10	12	1	8
I?AE@`cm?	10	12	1	7
I?AE@`c]?	10	12	1	7
I?AE@`c}?	10	13	1	7
I?AE@`cX?	10	11	1	5
I?AE@`c\?	10	12	1	6
I?AE@`cZ?	10	12	1	6
I?AE@`cV?	10	12	1	8
I?AE@`c^?	10	13	1	7
I?AE@`coO	10	11	1	7
I?AE@`caO	10	11	1	8
I?AE@`cqO	10	12	1	7
I?AE@`cPO	10	11	2	7
I?AE@`cRO	10	12	2	8
I?AE@`s}?	10	14	1	6
I?AE@`s\?	10	13	1	5
I?AE@`s^?	10	14	1	6
I?AE@`Kw?	10	11	1	7
I?AE@`Kk?	10	11	1	7
I?AE@`K{?	10	12	1	7
I?AE@`Kq?	10	11	1	6
I?AE@`Ky?	10	12	1	7
I?AE@`Km?	10	12	1	7
I?AE@`K]?	10	12	1	8
I?AE@`K}?	10	13	1	7
I?AE@`K\?	10	12	1	8
I?AE@`KZ?	10	12	1	6
I?AE@`K^?	10	13	1	7
I?AE@`KoO	10	11	1	7
I?AE@`KaO	10	11	1	8
I?AE@`KqO	10	12	1	7
I?AE@`KPO	10	11	1	7
I?AE@`KRO	10	12	1	6
I?AE@`KkG	10	12	1	6
I?AE@`k{?	10	13	1	6
I?AE@`k}?	10	14	1	6
I?AE@`k\?	10	13	1	7
I?AE@`kZ?	10	13	1	5
I?AE@`kV?	10	13	1	7
I?AE@`k^?	10	14	1	6
I?AE@`{^?	10	15	1	5
I?AE@`Hw?	10	11	1	7
I?AE@`H{?	10	12	1	7
I?AE@`Hq?	10	11	0	6
I?AE@`Hy?	10	12	1	7
I?AE@`Hm?	10	12	1	7
I?AE@`H]?	10	12	1	7
I?AE@`H}?	10	13	1	6
I?AE@`H\?	10	12	1	7
I?AE@`HZ?	10	12	2	7
I?AE@`HN?	10	12	1	7
I?AE@`H^?	10	13	2	6
I?AE@`HM_	10	12	1	7
I?AE@`HH_	10	11	0	7
I?AE@`HL_	10	12	0	6
I?AE@`HB_	10	11	1	7
I?AE@`HJ_	10	12	1	8
I?AE@`HN_	10	13	1	7
I?AE@`HqO	10	12	0	5
I?AE@`HRO	10	12	1	6
I?AE@`HBo	10	12	1	6
I?AE@`HkG	10	12	1	6
I?AE@`HLG	10	12	0	6
I?AE@`HKg	10	12	0	6
I?AE@`HHg	10	12	0	6
I?AE@`HLg	10	13	0	5
I?AE@bH]?	10	13	1	6
I?AE@bH}?	10	14	1	5
I?AE@bH\?	10	13	1	6
I?AE@bHZ?	10	13	2	6
I?AE@bHN?	10	13	1	6
I?AE@bH^?	10	14	2	5
I?AE@bHM_	10	13	1	7
I?AE@bHL_	10	13	0	5
I?AE@bHJ_	10	13	1	7
I?AE@bHN_	10	14	1	6
I?AE@bHLg	10	14	0	4
I?AE@`Dw?	10	11	1	7
I?AE@`D{?	10	12	1	7
I?AE@`Dy?	10	12	1	7
I?AE@`Dm?	10	12	1	6
I?AE@`D]?	10	12	1	7
I?AE@`D}?	10	13	1	6
I?AE@`D\?	10	12	2	7
I?AE@`DZ?	10	12	2	7
I?AE@`D^?	10	13	2	6
I?AE@`DqO	10	12	1	6
I?AE@`DRO	10	12	1	6
I?AE@`DkG	10	12	1	6
I?AE@`DmG	10	13	1	5
I?AE@`L{?	10	13	1	7
I?AE@`Ly?	10	13	2	7
I?AE@`Lm?	10	13	2	7
I?AE@`L]?	10	13	2	7
I?AE@`L}?	10	14	2	6
I?AE@`L\?	10	13	2	7
I?AE@`LZ?	10	13	2	7
I?AE@`L^?	10	14	2	6
I?AEB`om?	10	13	0	6
I?AEB`o}?	10	14	0	5
I?AEB`o\?	10	13	1	4
I?AEB`oN?	10	13	1	6
I?AEB`o^?	10	14	1	5
I?AEB`oM_	10	13	1	6
I?AEB`oL_	10	13	1	6
I?AEB`oJ_	10	13	1	6
I?AEB`oN_	10	14	1	5
I?AEB`oaW	10	13	1	5
I?AEB`oBW	10	13	0	5
I?AEB`oAw	10	13	0	5
I?AEB`o@w	10	13	0	5
I?AEB`oBw	10	14	0	4
I?AEBbo{?	10	14	0	3
I?AEBbo}?	10	15	0	4
I?AEBboN?	10	14	1	5
I?AEBbo^?	10	15	1	4
I?AEBboM_	10	14	1	5
I?AEBboL_	10	14	2	5
I?AEBboJ_	10	14	1	5
I?AEBboN_	10	15	2	4
I?AEBboBo	10	14	0	4
I?AEB`gm?	10	13	0	6
I?AEB`g}?	10	14	0	5
I?AEB`gN?	10	13	1	6
I?AEB`g^?	10	14	1	6
I?AEB`gM_	10	13	1	6
I?AEB`gL_	10	13	1	6
I?AEB`gF_	10	13	1	6
I?AEB`gN_	10	14	1	5
I?AEB`gBo	10	13	1	6
I?AEB`g@w	10	13	0	5
I?AEBbg{?	10	14	0	5
I?AEBbgy?	10	14	0	5
I?AEBbgu?	10	14	0	5
I?AEBbg}?	10	15	0	4
I?AEBbgN?	10	14	1	5
I?AEBbg^?	10	15	1	5
I?AEBbgM_	10	14	1	5
I?AEBbgL_	10	14	2	5
I?AEBbgJ_	10	14	2	5
I?AEBbgF_	10	14	2	5
I?AEBbgN_	10	15	2	4
I?AEBbgBo	10	14	1	6
I?AEBaw]?	10	14	0	5
I?AEBaw}?	10	15	0	4
I?AEBaw\?	10	14	1	6
I?AEBawZ?	10	14	1	6
I?AEBawN?	10	14	1	5
I?AEBaw^?	10	15	1	5
I?AEBawM_	10	14	1	5
I?AEBawL_	10	14	2	5
I?AEBawJ_	10	14	2	5
I?AEBawN_	10	15	2	4
I?AEBawBo	10	14	1	6
I?AEB`w}?	10	15	0	4
I?AEB`wN?	10	14	1	5
I?AEB`w^?	10	15	1	5
I?AEB`wM_	10	14	1	5
I?AEB`wL_	10	14	1	5
I?AEB`wN_	10	15	1	4
I?AEB`wBo	10	14	1	5
I?AEBbw}?	10	16	0	3
I?AEBbw^?	10	16	1	4
I?AEBbwN_	10	16	2	3
I?AEB`c{?	10	13	1	6
I?AEB`cm?	10	13	1	7
I?AEB`c]?	10	13	1	6
I?AEB`c}?	10	14	1	6
I?AEB`c\?	10	13	1	5
I?AEB`cV?	10	13	1	7
I?AEB`cN?	10	13	1	7
I?AEB`c^?	10	14	1	6
I?AEB`cM_	10	13	1	7
I?AEB`cH_	10	12	1	7
I?AEB`cL_	10	13	1	7
I?AEB`cJ_	10	13	1	7
I?AEB`cF_	10	13	1	7
I?AEB`cN_	10	14	1	6
I?AEB`cBo	10	13	1	6
I?AEB`caW	10	13	1	6
I?AEB`cAw	10	13	1	6
I?AEB_sw?	10	12	1	7
I?AEB_sk?	10	12	1	6
I?AEB_s[?	10	12	1	5
I?AEB_s{?	10	13	1	6
I?AEB_sy?	10	13	1	6
I?AEB_sm?	10	13	1	6
I?AEB_s]?	10	13	1	6
I?AEB_s}?	10	14	1	5
I?AEB_s\?	10	13	1	5
I?AEB_sZ?	10	13	1	7
I?AEB_s^?	10	14	1	6
I?AEB_saW	10	13	1	6
I?AEB`s}?	10	15	1	5
I?AEB`s^?	10	15	1	5
I?AEB`sL_	10	14	1	6
I?AEB`sN_	10	15	1	5
I?AEB`sBo	10	14	1	5
I?AEB`Km?	10	13	1	7
I?AEB`K}?	10	14	1	6
I?AEB`KN?	10	13	1	7
I?AEB`K^?	10	14	1	6
I?AEB`KM_	10	13	1	8
I?AEB`KL_	10	13	1	7
I?AEB`KJ_	10	13	1	7
I?AEB`KN_	10	14	1	7
I?AEB`KkG	10	13	1	7
I?AEB`KKg	10	13	2	7
I?AEB_kw?	10	12	1	7
I?AEB_ks?	10	12	1	7
I?AEB_k{?	10	13	1	6
I?AEB_ky?	10	13	1	6
I?AEB_ku?	10	13	1	6
I?AEB_km?	10	13	1	6
I?AEB_k]?	10	13	1	6
I?AEB_k}?	10	14	1	5
I?AEB_k\?	10	13	1	7
I?AEB_kV?	10	13	1	7
I?AEB_k^?	10	14	1	6
I?AEB`k}?	10	15	1	5
I?AEB`kN?	10	14	1	6
I?AEB`k^?	10	15	1	5
I?AEB`kM_	10	14	1	7
I?AEB`kL_	10	14	1	6
I?AEB`kJ_	10	14	1	6
I?AEB`kF_	10	14	1	6
I?AEB`kN_	10	15	1	6
I?AEB`kBo	10	14	2	5
I?AEB_{}?	10	15	1	4
I?AEB_{\?	10	14	1	6
I?AEB_{N?	10	14	1	5
I?AEB_{^?	10	15	1	5
I?AEB_{L_	10	14	1	5
I?AEB_{N_	10	15	1	4
I?AEB_{Bo	10	14	2	5
I?AEB`{^?	10	16	1	4
I?AEB`{N_	10	16	1	5
I?AEB_y}?	10	15	1	4
I?AEB_y\?	10	14	1	6
I?AEB_yN?	10	14	1	5
I?AEB_y^?	10	15	1	6
I?AEB_yN_	10	15	1	4
I?AEB_yBo	10	14	2	5
I?AEB_u}?	10	15	2	4
I?AEB_u^?	10	15	1	5
I?AEB_uN_	10	15	1	4
I?AEB_m]?	10	14	1	5
I?AEB_m}?	10	15	2	4
I?AEB_m\?	10	14	1	6
I?AEB_mN?	10	14	1	5
I?AEB_m^?	10	15	1	5
I?AEB_mN_	10	15	1	4
I?AEB_}N_	10	16	1	3
I?AEB_N}?	10	15	1	5
I?AEB_N^?	10	15	2	4
I?AEB_NN_	10	15	2	4
I?AEB_N{G	10	15	0	3
I?AEFbo}?	10	16	0	3
I?AEFbo^?	10	16	1	3
I?AEFboN_	10	16	2	3
I?AEFboBw	10	16	0	2
I?AEFbg}?	10	16	0	3
I?AEFbg^?	10	16	1	4
I?AEFbgN_	10	16	2	3
I?AEFbw^?	10	17	1	3
I?AEFbwN_	10	17	2	2
I?AEF`s}?	10	16	1	4
I?AEF`s^?	10	16	1	4
I?AEF`sN_	10	16	2	5
I?AEF`k}?	10	16	1	4
I?AEF`k^?	10	16	1	4
I?AEF`kN_	10	16	2	5
I?AEF`{^?	10	17	1	3
I?AEF`{N_	10	17	2	4
I?AEF_u}?	10	16	2	3
I?AEF_u\?	10	15	2	6
I?AEF_uZ?	10	15	2	6
I?AEF_u^?	10	16	2	5
I?AEF_m}?	10	16	2	3
I?AEF_m\?	10	15	2	6
I?AEF_mV?	10	15	2	6
I?AEF_m^?	10	16	2	5
I?AEF_}N_	10	17	2	2
I?AE@pow?	10	12	0	6
I?AE@pok?	10	12	0	6
I?AE@po[?	10	12	0	5
I?AE@po{?	10	13	0	6
I?AE@poy?	10	13	0	6
I?AE@pom?	10	13	0	6
I?AE@po]?	10	13	0	5
I?AE@po}?	10	14	0	5
I?AE@po\?	10	13	1	6
I?AE@poZ?	10	13	1	7
I?AE@poN?	10	13	1	6
I?AE@po^?	10	14	1	6
I?AE@poM_	10	13	1	6
I?AE@poL_	10	13	1	6
I?AE@poB_	10	12	1	7
I?AE@poJ_	10	13	1	6
I?AE@poN_	10	14	1	5
I?AE@poBg	10	13	1	6
I?AE@po@w	10	13	0	5
I?AE@ro}?	10	15	0	4
I?AE@ro^?	10	15	1	5
I?AE@roL_	10	14	2	5
I?AE@roJ_	10	14	2	5
I?AE@roN_	10	15	2	4
I?AE@ow{?	10	13	0	6
I?AE@owM?	10	12	0	3
I?AE@owm?	10	13	0	4
I?AE@ow]?	10	13	0	4
I?AE@ow}?	10	14	0	5
I?AE@ow\?	10	13	1	6
I?AE@ow^?	10	14	1	5
I?AE@owoW	10	13	0	5
I?AE@owPW	10	13	1	5
I?AE@qw}?	10	15	0	4
I?AE@qw^?	10	15	1	4
I?AE@qwM_	10	14	1	5
I?AE@qwL_	10	14	1	5
I?AE@qwN_	10	15	1	4
I?AE@pw{?	10	14	0	5
I?AE@pwm?	10	14	0	5
I?AE@pw]?	10	14	0	4
I?AE@pw}?	10	15	0	4
I?AE@pw\?	10	14	1	6
I?AE@pwN?	10	14	1	5
I?AE@pw^?	10	15	1	5
I?AE@pwM_	10	14	1	5
I?AE@pwL_	10	14	1	5
I?AE@pwN_	10	15	1	4
I?AE@rw}?	10	16	0	3
I?AE@rwN_	10	16	2	3
I?AE@pcw?	10	12	1	7
I?AE@pc{?	10	13	1	7
I?AE@pcu?	10	13	1	7
I?AE@pcm?	10	13	1	6
I?AE@pc]?	10	13	1	7
I?AE@pc}?	10	14	1	6
I?AE@pcX?	10	12	1	6
I?AE@pc\?	10	13	1	7
I?AE@pcV?	10	13	1	7
I?AE@pc^?	10	14	1	6
I?AE@pceG	10	13	2	7
I?AE@ps{?	10	14	1	6
I?AE@psy?	10	14	1	6
I?AE@psm?	10	14	1	5
I?AE@ps}?	10	15	1	5
I?AE@ps\?	10	14	1	6
I?AE@psZ?	10	14	1	7
I?AE@ps^?	10	15	1	6
I?AE@p{}?	10	16	1	4
I?AE@p{^?	10	16	1	5
I?AEDro}?	10	16	0	3
I?AEDro^?	10	16	1	4
I?AEDroN_	10	16	2	3
I?AEDqw}?	10	16	0	3
I?AEDqw^?	10	16	1	3
I?AEDqwN_	10	16	2	3
I?AEDpw]?	10	15	0	4
I?AEDpw}?	10	16	0	3
I?AEDpw\?	10	15	1	5
I?AEDpw^?	10	16	1	4
I?AEDpwL_	10	15	2	4
I?AEDpwN_	10	16	2	3
I?AEDrw^?	10	17	1	3
I?AEDps}?	10	16	1	4
I?AEDps\?	10	15	1	5
I?AEDpsZ?	10	15	1	6
I?AEDps^?	10	16	1	5
I?AEDpsN_	10	16	2	5
I?AEDo{]?	10	15	1	4
I?AEDo{}?	10	16	1	3
I?AEDo{\?	10	15	1	6
I?AEDo{N?	10	15	1	4
I?AEDo{^?	10	16	1	5
I?AEDo{L_	10	15	1	4
I?AEDo{N_	10	16	1	3
I?AEDp{^?	10	17	1	4
I?AEDoy]?	10	15	1	4
I?AEDoy}?	10	16	1	3
I?AEDoy\?	10	15	2	6
I?AEDoy^?	10	16	2	5
I?AEDou}?	10	16	2	3
I?AEDou\?	10	15	2	6
I?AEDouZ?	10	15	2	6
I?AEDou^?	10	16	2	5
I?AEDouN_	10	16	1	3
I?AEDo}}?	10	17	2	2
I?AEDo}^?	10	17	2	4
I?AEDo}N_	10	17	1	2
I?AEBro}?	10	16	0	3
I?AEBro^?	10	16	1	4
I?AEBroN_	10	16	2	3
I?AEBpw}?	10	16	0	3
I?AEBpwN?	10	15	1	4
I?AEBpw^?	10	16	1	4
I?AEBpwL_	10	15	1	4
I?AEBpwN_	10	16	1	3
I?AEBrw}?	10	17	0	2
I?AEBps}?	10	16	1	4
I?AEBps^?	10	16	1	5
I?AEBpsN_	10	16	1	5
I?AEBo{{?	10	15	1	4
I?AEBo{}?	10	16	1	3
I?AEBo{\?	10	15	1	6
I?AEBo{^?	10	16	1	5
I?AEBp{}?	10	17	1	3
I?AEBp{^?	10	17	1	4
I?AEBp{N_	10	17	1	4
I?AEBou{?	10	15	2	4
I?AEBouy?	10	15	2	4
I?AEBou}?	10	16	2	3
I?AEBou\?	10	15	1	5
I?AEBouZ?	10	15	1	5
I?AEBou^?	10	16	1	4
I?AEBouN_	10	16	1	3
I?AEBo}}?	10	17	2	2
I?AEBo}N_	10	17	1	2
I?AEFrw^?	10	18	1	2
I?AEFrwN_	10	18	2	1
I?AEFp{^?	10	18	1	3
I?AEFo}^?	10	18	2	3
I?AEAGow?	10	10	1	6
I?AEAGoK?	10	9	1	5
I?AEAGo{?	10	11	1	7
I?AEAGoq?	10	10	1	6
I?AEAGoy?	10	11	1	7
I?AEAGoM?	10	10	1	6
I?AEAGom?	10	11	1	7
I?AEAGo}?	10	12	1	6
I?AEAGooG	10	10	1	6
I?AEAGoaG	10	10	1	7
I?AEAGoqG	10	11	1	7
I?AEAJo}?	10	14	1	4
I?AEAJo^?	10	14	1	6
I?AEAJoL_	10	13	2	6
I?AEAJoJ_	10	13	2	6
I?AEAJoN_	10	14	2	5
I?AEAGww?	10	11	1	6
I?AEAGw{?	10	12	1	6
I?AEAGwM?	10	11	1	5
I?AEAGwm?	10	12	1	6
I?AEAGw}?	10	13	1	5
I?AEAIw]?	10	13	1	5
I?AEAIw}?	10	14	1	4
I?AEAIw\?	10	13	1	6
I?AEAIwN?	10	13	1	6
I?AEAIw^?	10	14	1	5
I?AEAIwL_	10	13	2	6
I?AEAIwN_	10	14	2	5
I?AEAJw}?	10	15	1	3
I?AEAJw^?	10	15	1	5
I?AEAJwN_	10	15	2	4
I?AEBJo}?	10	15	1	5
I?AEBJo^?	10	15	1	5
I?AEBJoL_	10	14	2	7
I?AEBJoJ_	10	14	2	7
I?AEBJoF_	10	14	2	7
I?AEBJoN_	10	15	2	6
I?AEBJW}?	10	15	1	5
I?AEBJW^?	10	15	1	5
I?AEBJWF_	10	14	2	7
I?AEBJWN_	10	15	2	6
I?AEBIw}?	10	15	1	5
I?AEBIw\?	10	14	1	6
I?AEBIwV?	10	14	1	7
I?AEBIw^?	10	15	1	6
I?AEBIwM_	10	14	2	7
I?AEBIwL_	10	14	2	7
I?AEBIwF_	10	14	2	7
I?AEBIwN_	10	15	2	6
I?AEBHwm?	10	14	1	6
I?AEBHw}?	10	15	1	5
I?AEBHwN?	10	14	1	6
I?AEBHw^?	10	15	1	5
I?AEBHwM_	10	14	1	7
I?AEBHwL_	10	14	1	6
I?AEBHwF_	10	14	1	6
I?AEBHwN_	10	15	1	6
I?AEBJw}?	10	16	1	4
I?AEBJwN_	10	16	2	5
I?AEBHs}?	10	15	1	5
I?AEBHs^?	10	15	1	5
I?AEBH[}?	10	15	1	6
I?AEBH[^?	10	15	1	5
I?AEBH{}?	10	16	1	5
I?AEBH{^?	10	16	1	4
I?AEBjw}?	10	17	1	3
I?AEBjwN_	10	17	2	4
I?AEBhs}?	10	16	1	4
I?AEBhs^?	10	16	1	4
I?AEBhk}?	10	16	1	5
I?AEBhk^?	10	16	1	5
I?AEBh{}?	10	17	1	4
I?AEBh{^?	10	17	1	4
I?AEBx{^?	10	18	1	3
I?ABBAOw?	10	10	0	4
I?ABBAOs?	10	10	0	6
I?ABBAO[?	10	10	0	4
I?ABBAO{?	10	11	0	5
I?ABBAOq?	10	10	0	6
I?ABBAOY?	10	10	0	4
I?ABBAOy?	10	11	0	5
I?ABBAOe?	10	10	0	6
I?ABBAOu?	10	11	0	6
I?ABBAO]?	10	11	0	5
I?ABBAO}?	10	12	0	5
I?ABBAOT?	10	10	1	6
I?ABBAO\?	10	11	1	5
I?ABBAOF?	10	10	1	6
I?ABBAOV?	10	11	1	6
I?ABBAO^?	10	12	1	5
I?ABBBo{?	10	13	0	5
I?ABBBoy?	10	13	0	5
I?ABBBo}?	10	14	0	4
I?ABBBo\?	10	13	1	5
I?ABBBoZ?	10	13	1	5
I?ABBBo^?	10	14	1	4
I?ABBBoco	10	13	2	5
I?ABBBoao	10	13	1	5
I?ABBBoeo	10	14	2	4
I?ABBBoDo	10	13	1	5
I?ABBBoBo	10	13	0	5
I?ABBBoFo	10	14	1	4
I?ABBBoBw	10	14	0	5
I?ABB?Ww?	10	10	0	4
I?ABB?Wc?	10	9	0	5
I?ABB?W[?	10	10	0	4
I?ABB?W{?	10	11	0	5
I?ABB?WE?	10	9	0	5
I?ABB?We?	10	10	0	6
I?ABB?WU?	10	10	0	6
I?ABB?Wu?	10	11	0	6
I?ABB?W]?	10	11	0	5
I?ABB?W}?	10	12	0	5
I?ABB?WoG	10	10	0	6
I?ABB?WWG	10	10	0	4
I?ABB?WwG	10	11	0	5
I?ABBAWw?	10	11	0	5
I?ABBAWs?	10	11	0	7
I?ABBAW[?	10	11	0	5
I?ABBAW{?	10	12	0	6
I?ABBAWu?	10	12	0	6
I?ABBAW]?	10	12	0	6
I?ABBAW}?	10	13	0	5
I?ABBAWX?	10	11	0	5
I?ABBAW\?	10	12	1	6
I?ABBAWF?	10	11	1	7
I?ABBAWV?	10	12	1	6
I?ABBAW^?	10	13	1	5
I?ABBAWXG	10	12	0	5
I?ABBBWm?	10	13	0	5
I?ABBBW}?	10	14	0	4
I?ABBBWN?	10	13	1	5
I?ABBBW^?	10	14	1	4
I?ABBBWe_	10	13	1	5
I?ABBBWF_	10	13	2	5
I?ABBBWco	10	13	1	5
I?ABBBWeo	10	14	1	4
I?ABBBWDo	10	13	1	5
I?ABBBWFo	10	14	2	4
I?ABB@w{?	10	13	0	5
I?ABB@w]?	10	13	0	5
I?ABB@w}?	10	14	0	4
I?ABB@we_	10	13	1	5
I?ABB@wco	10	13	1	5
I?ABB@wEo	10	13	2	5
I?ABB@weo	10	14	2	4
I?ABBBw}?	10	15	0	3
I?ABBBw^?	10	15	1	3
I?ABBBweo	10	15	2	3
I?ABBBwFo	10	15	2	3
I?ABFBo{?	10	14	0	4
I?ABFBoy?	10	14	0	4
I?ABFBo}?	10	15	0	4
I?ABFBo\?	10	14	1	5
I?ABFBoZ?	10	14	1	5
I?ABFBo^?	10	15	1	4
I?ABFBoFo	10	15	1	4
I?ABFBW}?	10	15	0	4
I?ABFBW^?	10	15	1	5
I?ABFBWFo	10	15	2	4
I?ABF@w}?	10	15	0	4
I?ABF@w\?	10	14	1	5
I?ABF@w^?	10	15	1	4
I?ABF@wFo	10	15	2	4
I?ABFBw}?	10	16	0	3
I?ABF@c{?	10	13	1	5
I?ABF@cu?	10	13	1	5
I?ABF@c]?	10	13	1	5
I?ABF@c}?	10	14	1	4
I?ABF@ce_	10	13	1	6
I?ABF@cFO	10	13	1	6
I?ABF@cEo	10	13	1	6
I?ABF@cDo	10	13	1	6
I?ABF@cFo	10	14	1	5
I?ABF@cEW	10	13	1	6
I?ABF@cCw	10	13	1	4
I?ABF@cEw	10	14	1	5
I?ABF@s}?	10	15	1	5
I?ABF@s\?	10	14	1	5
I?ABF@sZ?	10	14	1	5
I?ABF@s^?	10	15	1	4
I?ABF@se_	10	14	2	6
I?ABF@sFo	10	15	2	4
I?ABF@[m?	10	14	1	6
I?ABF@[}?	10	15	1	5
I?ABF@[N?	10	14	1	5
I?ABF@[^?	10	15	1	4
I?ABF@[e_	10	14	2	6
I?ABF@[Fo	10	15	1	4
I?ABF@{}?	10	16	1	4
I?ABF@{^?	10	16	1	3
I?ABFAY]?	10	14	1	6
I?ABFAY}?	10	15	1	5
I?ABFAY^?	10	15	2	5
I?ABFAYEo	10	14	1	6
I?ABFAYDo	10	14	1	6
I?ABFAYFo	10	15	1	5
I?ABF?]{?	10	14	1	5
I?ABF?]u?	10	14	2	5
I?ABF?]]?	10	14	2	5
I?ABF?]}?	10	15	2	4
I?ABF?]\?	10	14	2	5
I?ABF?]V?	10	14	1	5
I?ABF?]^?	10	15	2	4
I?ABF?]Eo	10	14	0	4
I?ABF?]Do	10	14	0	4
I?ABF?]Fo	10	15	0	3
I?ABF?^}?	10	16	2	3
I?ABF?^^?	10	16	2	3
I?ABAb_m?	10	12	0	6
I?ABAb_}?	10	13	0	5
I?ABAb_\?	10	12	1	6
I?ABAb_V?	10	12	1	6
I?ABAb_N?	10	12	1	6
I?ABAb_^?	10	13	1	5
I?ABAb_e_	10	12	1	7
I?ABAb_gO	10	11	1	6
I?ABAb_iO	10	12	1	7
I?ABA_ow?	10	10	0	6
I?ABA_o[?	10	10	0	4
I?ABA_o{?	10	11	0	5
I?ABA_oY?	10	10	0	6
I?ABA_oy?	10	11	0	6
I?ABA_o]?	10	11	0	5
I?ABA_o}?	10	12	0	5
I?ABA_oc_	10	10	1	7
I?ABA_oE_	10	10	1	7
I?ABA_oe_	10	11	1	7
I?ABAaow?	10	11	0	6
I?ABAaok?	10	11	0	5
I?ABAao[?	10	11	0	5
I?ABAao{?	10	12	0	6
I?ABAaoq?	10	11	0	8
I?ABAaoy?	10	12	0	7
I?ABAaom?	10	12	0	6
I?ABAao]?	10	12	0	6
I?ABAao}?	10	13	0	6
I?ABAaoX?	10	11	1	7
I?ABAaoL?	10	11	1	7
I?ABAao\?	10	12	1	6
I?ABAaoZ?	10	12	1	7
I?ABAaoN?	10	12	1	7
I?ABAao^?	10	13	1	6
I?ABAaoc_	10	11	1	7
I?ABAaoa_	10	11	1	8
I?ABAaoe_	10	12	1	8
I?ABAaoD_	10	11	1	8
I?ABAaoB_	10	11	0	8
I?ABAaoF_	10	12	1	8
I?ABAao_o	10	11	1	7
I?ABAaoAo	10	11	0	7
I?ABAaoao	10	12	1	7
I?ABAao@o	10	11	0	7
I?ABAaoBo	10	12	0	7
I?ABAaoBw	10	13	0	6
I?ABA`om?	10	12	0	5
I?ABA`o}?	10	13	0	4
I?ABA`oc_	10	11	1	6
I?ABA`oe_	10	12	1	7
I?ABAbom?	10	13	0	6
I?ABAbo}?	10	14	0	5
I?ABAboN?	10	13	1	6
I?ABAbo^?	10	14	1	5
I?ABAaGw?	10	10	0	6
I?ABAaGK?	10	9	0	6
I?ABAaGk?	10	10	0	7
I?ABAaG[?	10	10	0	5
I?ABAaG{?	10	11	0	6
I?ABAaGq?	10	10	0	6
I?ABAaGi?	10	10	0	6
I?ABAaGY?	10	10	0	6
I?ABAaGy?	10	11	0	7
I?ABAaGM?	10	10	0	7
I?ABAaGm?	10	11	0	7
I?ABAaG]?	10	11	0	6
I?ABAaG}?	10	12	0	7
I?ABAaGR?	10	10	1	7
I?ABAaGJ?	10	10	1	7
I?ABAaGZ?	10	11	1	7
I?ABAaGN?	10	11	1	7
I?ABAaG^?	10	12	1	7
I?ABAaGc_	10	10	1	7
I?ABAaGa_	10	10	0	6
I?ABAaGE_	10	10	1	7
I?ABAaGe_	10	11	1	7
I?ABAaGB_	10	10	1	7
I?ABAaGF_	10	11	2	7
I?ABAaG_o	10	10	0	6
I?ABAaGAo	10	10	0	6
I?ABAaGao	10	11	0	7
I?ABAaGBo	10	11	1	7
I?ABA_gw?	10	10	0	6
I?ABA_gc?	10	9	0	7
I?ABA_gk?	10	10	0	7
I?ABA_g[?	10	10	0	5
I?ABA_g{?	10	11	0	6
I?ABA_gE?	10	9	0	7
I?ABA_ge?	10	10	0	7
I?ABA_gU?	10	10	0	6
I?ABA_gu?	10	11	0	7
I?ABA_g]?	10	11	0	6
I?ABA_g}?	10	12	0	6
I?ABA_gE_	10	10	1	7
I?ABA_ge_	10	11	1	7
I?ABA_ggO	10	10	1	7
I?ABA_gaO	10	10	1	7
I?ABA_gIO	10	10	1	6
I?ABA_giO	10	11	1	7
I?ABA_g_o	10	10	0	6
I?ABA_gAo	10	10	1	6
I?ABA_gao	10	11	1	7
I?ABA_g_W	10	10	0	7
I?ABA_g?w	10	10	0	5
I?ABA_g_w	10	11	0	6
I?ABAagw?	10	11	0	6
I?ABAags?	10	11	0	7
I?ABAagk?	10	11	0	7
I?ABAag[?	10	11	0	6
I?ABAag{?	10	12	0	7
I?ABAagq?	10	11	0	7
I?ABAagY?	10	11	0	6
I?ABAagy?	10	12	0	6
I?ABAagu?	10	12	0	7
I?ABAagm?	10	12	0	6
I?ABAag]?	10	12	0	7
I?ABAag}?	10	13	0	6
I?ABAagX?	10	11	1	7
I?ABAagT?	10	11	1	7
I?ABAag\?	10	12	1	7
I?ABAagZ?	10	12	1	7
I?ABAagF?	10	11	1	8
I?ABAagV?	10	12	1	8
I?ABAagN?	10	12	1	8
I?ABAag^?	10	13	1	7
I?ABAagc_	10	11	1	8
I?ABAaga_	10	11	1	7
I?ABAagE_	10	11	1	8
I?ABAage_	10	12	1	8
I?ABAagD_	10	11	1	8
I?ABAagB_	10	11	1	8
I?ABAagF_	10	12	2	8
I?ABAaggO	10	11	1	7
I?ABAagaO	10	11	1	7
I?ABAagiO	10	12	1	6
I?ABAagHO	10	11	1	8
I?ABAagBO	10	11	1	8
I?ABAagJO	10	12	2	7
I?ABAag_o	10	11	1	7
I?ABAagAo	10	11	1	7
I?ABAagao	10	12	1	7
I?ABAag@o	10	11	0	7
I?ABAagBo	10	12	1	7
I?ABAagDg	10	12	1	7
I?ABAbgm?	10	13	0	6
I?ABAbg}?	10	14	0	5
I?ABAbgN?	10	13	1	7
I?ABAbg^?	10	14	1	6
I?ABAbge_	10	13	1	7
I?ABAbgF_	10	13	2	7
I?ABAbgiO	10	13	1	7
I?ABAbgJO	10	13	2	7
I?ABA_ww?	10	11	0	7
I?ABA_wk?	10	11	0	7
I?ABA_w[?	10	11	0	5
I?ABA_w{?	10	12	0	6
I?ABA_wY?	10	11	0	6
I?ABA_wy?	10	12	0	7
I?ABA_wm?	10	12	0	6
I?ABA_w]?	10	12	0	6
I?ABA_w}?	10	13	0	6
I?ABA_wc_	10	11	1	8
I?ABA_wa_	10	11	1	8
I?ABA_we_	10	12	1	8
I?ABA_w_o	10	11	0	7
I?ABA_wAo	10	11	1	7
I?ABA_wao	10	12	1	7
I?ABAawm?	10	13	0	5
I?ABAaw}?	10	14	0	5
I?ABAawN?	10	13	1	7
I?ABAaw^?	10	14	1	6
I?ABA`wm?	10	13	0	6
I?ABA`w}?	10	14	0	5
I?ABA`we_	10	13	1	7
I?ABAbw}?	10	15	0	4
I?ABAbw^?	10	15	1	5
I?ABAaQ{?	10	12	1	7
I?ABAaQy?	10	12	1	7
I?ABAaQu?	10	12	1	7
I?ABAaQm?	10	12	1	7
I?ABAaQ]?	10	12	1	7
I?ABAaQ}?	10	13	1	6
I?ABAaQT?	10	11	1	7
I?ABAaQ\?	10	12	1	7
I?ABAaQZ?	10	12	1	7
I?ABAaQV?	10	12	1	8
I?ABAaQN?	10	12	1	8
I?ABAaQ^?	10	13	1	7
I?ABAaQF_	10	12	2	7
I?ABAaQgO	10	11	2	8
I?ABAaQiO	10	12	2	8
I?ABAaQHO	10	11	1	8
I?ABAaQJO	10	12	1	7
I?ABAaQZG	10	13	1	6
I?ABAaQHW	10	12	1	7
I?ABAaQJW	10	13	1	6
I?ABAaIs?	10	11	1	7
I?ABAaI{?	10	12	1	7
I?ABAaIy?	10	12	1	7
I?ABAaIu?	10	12	1	7
I?ABAaIm?	10	12	1	7
I?ABAaI]?	10	12	1	7
I?ABAaI}?	10	13	1	6
I?ABAaI\?	10	12	0	7
I?ABAaIZ?	10	12	1	7
I?ABAaIV?	10	12	1	7
I?ABAaIN?	10	12	1	7
I?ABAaI^?	10	13	1	6
I?ABAaIe_	10	12	1	6
I?ABAaIF_	10	12	2	7
I?ABAaIgO	10	11	1	8
I?ABAaIaO	10	11	0	7
I?ABAaIiO	10	12	1	7
I?ABAaIHO	10	11	1	8
I?ABAaIBO	10	11	1	7
I?ABAaIJO	10	12	2	8
I?ABAaIao	10	12	0	6
I?ABAaIBo	10	12	1	6
I?ABAaI[G	10	12	0	5
I?ABAaIXG	10	12	0	6
I?ABAaITG	10	12	0	6
I?ABAaILG	10	12	0	7
I?ABAaI\G	10	13	0	6
I?ABAaIHW	10	12	1	7
I?ABA_Ys?	10	11	1	7
I?ABA_Y[?	10	11	1	6
I?ABA_Y{?	10	12	1	7
I?ABA_Yy?	10	12	1	8
I?ABA_Y]?	10	12	1	7
I?ABA_Y}?	10	13	1	7
I?ABA_Ye_	10	12	1	6
I?ABA_YgO	10	11	1	8
I?ABA_YIO	10	11	2	8
I?ABA_YiO	10	12	2	8
I?ABA_Yao	10	12	1	7
I?ABAaY{?	10	13	1	7
I?ABAaYm?	10	13	1	7
I?ABAaY}?	10	14	1	6
I?ABAaY\?	10	13	1	7
I?ABAaYN?	10	13	2	7
I?ABAaY^?	10	14	2	6
I?ABAaYiO	10	13	2	8
I?ABAaYJO	10	13	2	8
I?ABAaJ{?	10	13	1	6
I?ABAaJy?	10	13	2	6
I?ABAaJm?	10	13	2	6
I?ABAaJ]?	10	13	1	6
I?ABAaJ}?	10	14	2	5
I?ABAaJ\?	10	13	0	6
I?ABAaJZ?	10	13	1	6
I?ABAaJN?	10	13	1	6
I?ABAaJ^?	10	14	1	5
I?ABAaJao	10	13	0	5
I?ABAaJBo	10	13	1	5
I?ABAaJ\G	10	14	0	5
I?ABEb_{?	10	13	0	5
I?ABEb_y?	10	13	0	5
I?ABEb_u?	10	13	0	6
I?ABEb_]?	10	13	0	6
I?ABEb_}?	10	14	0	5
I?ABEb_\?	10	13	1	6
I?ABEb_Z?	10	13	1	6
I?ABEb_V?	10	13	1	6
I?ABEb_N?	10	13	1	6
I?ABEb_^?	10	14	1	5
I?ABEao[?	10	12	0	6
I?ABEao{?	10	13	0	5
I?ABEaoy?	10	13	0	7
I?ABEaou?	10	13	0	6
I?ABEao]?	10	13	0	6
I?ABEao}?	10	14	0	6
I?ABEaoX?	10	12	1	7
I?ABEao\?	10	13	1	6
I?ABEaoZ?	10	13	1	6
I?ABEaoV?	10	13	1	6
I?ABEao^?	10	14	1	5
I?ABEaoF_	10	13	1	7
I?ABEaoBW	10	13	0	6
I?ABEaoAw	10	13	0	6
I?ABEao@w	10	13	0	6
I?ABEaoBw	10	14	0	5
I?ABEbo}?	10	15	0	5
I?ABEboN?	10	14	1	5
I?ABEbo^?	10	15	1	4
I?ABEboF_	10	14	1	6
I?ABEag[?	10	12	0	7
I?ABEag{?	10	13	0	6
I?ABEagu?	10	13	0	7
I?ABEag]?	10	13	0	7
I?ABEag}?	10	14	0	6
I?ABEagX?	10	12	1	7
I?ABEag\?	10	13	1	7
I?ABEagV?	10	13	1	8
I?ABEag^?	10	14	1	7
I?ABEage_	10	13	1	7
I?ABEagF_	10	13	2	7
I?ABEagJO	10	13	2	7
I?ABEagBo	10	13	1	7
I?ABEag@w	10	13	0	6
I?ABEbg{?	10	14	0	6
I?ABEbg}?	10	15	0	5
I?ABEbgN?	10	14	1	7
I?ABEbg^?	10	15	1	6
I?ABEbgF_	10	14	2	6
I?ABEbgJO	10	14	2	6
I?ABEbW{?	10	14	0	5
I?ABEbW}?	10	15	0	5
I?ABEbWN?	10	14	1	6
I?ABEbW^?	10	15	1	5
I?ABEbWF_	10	14	2	6
I?ABEaw}?	10	15	0	5
I?ABEaw\?	10	14	1	6
I?ABEawN?	10	14	1	7
I?ABEaw^?	10	15	1	6
I?ABEawJO	10	14	2	6
I?ABE`wm?	10	14	0	6
I?ABE`w}?	10	15	0	5
I?ABE`wN?	10	14	1	6
I?ABE`w^?	10	15	1	5
I?ABE`wF_	10	14	2	6
I?ABE`wJO	10	14	2	6
I?ABEbw}?	10	16	0	4
I?ABEbw^?	10	16	1	5
I?ABE`c{?	10	13	1	6
I?ABE`cm?	10	13	1	6
I?ABE`c}?	10	14	1	5
I?ABE`cN?	10	13	1	7
I?ABE`c^?	10	14	1	6
I?ABE`ce_	10	13	1	6
I?ABE`cF_	10	13	2	7
I?ABE`cJO	10	13	1	7
I?ABE`cBo	10	13	1	6
I?ABE`ceg	10	14	1	5
I?ABE`cAw	10	13	1	6
I?ABE`S{?	10	13	1	6
I?ABE`Sm?	10	13	1	7
I?ABE`S}?	10	14	1	6
I?ABE`Sc_	10	12	2	7
I?ABE`Se_	10	13	2	8
I?ABE`SIW	10	13	2	6
I?ABE`SAw	10	13	1	6
I?ABE_sw?	10	12	1	7
I?ABE_sk?	10	12	1	7
I?ABE_s[?	10	12	1	6
I?ABE_s{?	10	13	1	6
I?ABE_sy?	10	13	1	7
I?ABE_su?	10	13	1	7
I?ABE_sm?	10	13	1	7
I?ABE_s]?	10	13	1	7
I?ABE_s}?	10	14	1	6
I?ABE_sc_	10	12	2	8
I?ABE_se_	10	13	2	8
I?ABE_sAw	10	13	1	7
I?ABE`s}?	10	15	1	5
I?ABE`sN?	10	14	1	6
I?ABE`s^?	10	15	1	5
I?ABE`Km?	10	13	1	7
I?ABE`K}?	10	14	1	6
I?ABE`Ke_	10	13	2	8
I?ABE`KJO	10	13	1	7
I?ABE`KBo	10	13	1	6
I?ABE_kw?	10	12	1	7
I?ABE_k{?	10	13	1	6
I?ABE_ky?	10	13	1	7
I?ABE_ku?	10	13	1	7
I?ABE_km?	10	13	1	7
I?ABE_k]?	10	13	1	7
I?ABE_k}?	10	14	1	6
I?ABE_kc_	10	12	1	7
I?ABE_kE_	10	12	2	9
I?ABE_ke_	10	13	2	8
I?ABE`km?	10	14	1	6
I?ABE`k}?	10	15	1	5
I?ABE`kN?	10	14	1	6
I?ABE`k^?	10	15	1	5
I?ABE`kF_	10	14	2	7
I?ABE`kJO	10	14	1	6
I?ABE`[m?	10	14	1	7
I?ABE`[}?	10	15	1	6
I?ABE`[N?	10	14	1	6
I?ABE`[^?	10	15	1	5
I?ABE`[F_	10	14	2	7
I?ABE_{}?	10	15	1	6
I?ABE_{N?	10	14	1	6
I?ABE_{^?	10	15	1	5
I?ABE_{JO	10	14	2	6
I?ABE`{^?	10	16	1	4
I?ABEaY]?	10	14	1	6
I?ABEaY}?	10	15	1	5
I?ABEaY\?	10	14	2	7
I?ABEaYZ?	10	14	2	7
I?ABEaYV?	10	14	2	7
I?ABEaYN?	10	14	2	7
I?ABEaY^?	10	15	2	6
I?ABEaYBo	10	14	2	6
I?ABE_]m?	10	14	2	6
I?ABE_]}?	10	15	2	5
I?ABE_]\?	10	14	2	7
I?ABE_]N?	10	14	2	7
I?ABE_]^?	10	15	2	6
I?ABE_]JO	10	14	2	7
I?ABE_]Bo	10	14	1	6
I?ABE_l}?	10	15	2	5
I?ABBb_{?	10	13	0	5
I?ABBb_y?	10	13	0	5
I?ABBb_u?	10	13	0	5
I?ABBb_]?	10	13	0	5
I?ABBb_}?	10	14	0	4
I?ABBb_\?	10	13	1	5
I?ABBb_Z?	10	13	1	5
I?ABBb_V?	10	13	1	5
I?ABBb_^?	10	14	1	4
I?ABBb_e_	10	13	1	6
I?ABBb_F_	10	13	1	6
I?ABBb_FG	10	13	1	6
I?ABBb_Dg	10	13	1	6
I?ABBb_Fg	10	14	1	5
I?ABBb_BW	10	13	0	6
I?ABBb_Aw	10	13	0	4
I?ABBb_@w	10	13	0	4
I?ABBb_Bw	10	14	0	5
I?ABBbOm?	10	13	0	6
I?ABBbO}?	10	14	0	5
I?ABBbON?	10	13	1	6
I?ABBbO^?	10	14	1	5
I?ABBbOe_	10	13	1	7
I?ABBbOF_	10	13	1	7
I?ABBbOBW	10	13	0	6
I?ABBbOAw	10	13	0	5
I?ABBbO@w	10	13	0	5
I?ABBbOBw	10	14	0	5
I?ABB`o{?	10	13	0	3
I?ABB`oy?	10	13	0	4
I?ABB`ou?	10	13	0	4
I?ABB`o]?	10	13	0	3
I?ABB`o}?	10	14	0	3
I?ABB`oe_	10	13	1	6
I?ABBbo{?	10	14	0	4
I?ABBbo}?	10	15	0	4
I?ABBbo\?	10	14	1	4
I?ABBbo^?	10	15	1	4
I?ABBbG{?	10	13	0	6
I?ABBbGi?	10	12	0	7
I?ABBbGy?	10	13	0	6
I?ABBbGm?	10	13	0	7
I?ABBbG}?	10	14	0	6
I?ABBbGN?	10	13	1	7
I?ABBbG^?	10	14	1	6
I?ABBbGe_	10	13	1	7
I?ABBbGF_	10	13	2	7
I?ABBbGao	10	13	1	6
I?ABBbGBo	10	13	1	6
I?ABBbGLG	10	13	1	7
I?ABBbGDg	10	13	1	6
I?ABBbG@w	10	13	0	6
I?ABB`g{?	10	13	0	5
I?ABB`g]?	10	13	0	5
I?ABB`g}?	10	14	0	4
I?ABB`ge_	10	13	1	6
I?ABB`gao	10	13	1	6
I?ABB`g_w	10	13	0	4
I?ABBbg{?	10	14	0	5
I?ABBbgy?	10	14	0	5
I?ABBbg]?	10	14	0	5
I?ABBbg}?	10	15	0	5
I?ABBbg\?	10	14	1	5
I?ABBbgZ?	10	14	1	6
I?ABBbg^?	10	15	1	5
I?ABBbge_	10	14	1	6
I?ABBbgF_	10	14	2	6
I?ABBbWm?	10	14	0	6
I?ABBbW}?	10	15	0	5
I?ABBbWN?	10	14	1	6
I?ABBbW^?	10	15	1	5
I?ABB`w{?	10	14	0	4
I?ABB`w]?	10	14	0	4
I?ABB`w}?	10	15	0	4
I?ABB`we_	10	14	1	6
I?ABBbw}?	10	16	0	4
I?ABBbw^?	10	16	1	4
I?ABBaY{?	10	14	1	6
I?ABBaYu?	10	14	1	6
I?ABBaY}?	10	15	1	5
I?ABBaY\?	10	14	1	6
I?ABBaYV?	10	14	2	6
I?ABBaY^?	10	15	2	5
I?ABBaYao	10	14	1	6
I?ABBaYBo	10	14	2	6
I?ABFbo{?	10	15	0	3
I?ABFbo}?	10	16	0	4
I?ABFbo^?	10	16	1	3
I?ABFboBw	10	16	0	3
I?ABFbg{?	10	15	0	5
I?ABFbg}?	10	16	0	5
I?ABFbg^?	10	16	1	5
I?ABFbw}?	10	17	0	4
I?ABFbw^?	10	17	1	4
I?ABF`s}?	10	16	1	4
I?ABF`k}?	10	16	1	4
I?ABF`{^?	10	17	1	3
I?AB?r_w?	10	11	0	4
I?AB?r_{?	10	12	0	5
I?AB?r_u?	10	12	0	7
I?AB?r_]?	10	12	0	6
I?AB?r_}?	10	13	0	6
I?AB?r_X?	10	11	1	5
I?AB?r_\?	10	12	1	6
I?AB?r_F?	10	11	0	7
I?AB?r_V?	10	12	1	7
I?AB?r_^?	10	13	1	6
I?AB?r_c_	10	11	1	7
I?AB?r_E_	10	11	0	7
I?AB?r_e_	10	12	1	7
I?AB?r_D_	10	11	0	7
I?AB?r_F_	10	12	0	6
I?AB?r_oO	10	11	0	6
I?AB?r_WO	10	11	0	5
I?AB?r_wO	10	12	0	5
I?AB?r_XO	10	12	1	6
I?AB?r__o	10	11	1	7
I?AB?r_@o	10	11	0	7
I?AB?r_FG	10	12	0	6
I?AB?r_Eg	10	12	0	6
I?AB?r_Dg	10	12	0	6
I?AB?r_Fg	10	13	0	5
I?AB?r_@w	10	12	0	6
I?AB?rOs?	10	11	0	5
I?AB?rO[?	10	11	0	6
I?AB?rO{?	10	12	0	6
I?AB?rOy?	10	12	0	7
I?AB?rO]?	10	12	0	7
I?AB?rO}?	10	13	0	7
I?AB?rOT?	10	11	1	7
I?AB?rO\?	10	12	1	7
I?AB?rOJ?	10	11	1	8
I?AB?rOZ?	10	12	1	8
I?AB?rO^?	10	13	1	7
I?AB?rOc_	10	11	1	7
I?AB?rOa_	10	11	1	8
I?AB?rOe_	10	12	1	7
I?AB?rOB_	10	11	1	8
I?AB?rOF_	10	12	1	7
I?AB?rO_o	10	11	1	8
I?AB?rO@o	10	11	0	8
I?AB?rOJG	10	12	2	7
I?AB?rOBg	10	12	1	7
I?AB?rO@w	10	12	0	7
I?AB?pow?	10	11	0	5
I?AB?po[?	10	11	0	4
I?AB?po{?	10	12	0	5
I?AB?poY?	10	11	0	5
I?AB?poy?	10	12	0	6
I?AB?poU?	10	11	0	6
I?AB?pou?	10	12	0	7
I?AB?po]?	10	12	0	5
I?AB?po}?	10	13	0	6
I?AB?poc_	10	11	1	7
I?AB?poa_	10	11	1	7
I?AB?poE_	10	11	1	7
I?AB?poe_	10	12	1	7
I?AB?poWO	10	11	1	5
I?AB?powO	10	12	1	6
I?AB?po_o	10	11	0	7
I?AB?poag	10	12	1	6
I?AB?po_w	10	12	0	6
I?AB?ro{?	10	13	0	5
I?AB?roy?	10	13	0	6
I?AB?rou?	10	13	0	7
I?AB?ro]?	10	13	0	6
I?AB?ro}?	10	14	0	6
I?AB?ro\?	10	13	1	6
I?AB?roZ?	10	13	1	7
I?AB?roV?	10	13	1	7
I?AB?ro^?	10	14	1	6
I?AB?roe_	10	13	1	6
I?AB?roF_	10	13	1	6
I?AB?rowO	10	13	1	6
I?AB?roXO	10	13	2	6
I?AB?pw]?	10	13	0	5
I?AB?pw}?	10	14	0	6
I?AB?pwe_	10	13	1	6
I?AB?rw}?	10	15	0	5
I?AB?rw^?	10	15	1	6
I?AB?qQ{?	10	12	1	7
I?AB?qQy?	10	12	1	7
I?AB?qQu?	10	12	1	7
I?AB?qQ]?	10	12	1	7
I?AB?qQ}?	10	13	1	6
I?AB?qQ\?	10	12	1	7
I?AB?qQZ?	10	12	1	7
I?AB?qQV?	10	12	1	7
I?AB?qQ^?	10	13	1	6
I?AB?qQe_	10	12	0	5
I?AB?qQF_	10	12	1	6
I?AB?qQoO	10	11	1	8
I?AB?qQwO	10	12	1	7
I?AB?qQPO	10	11	0	7
I?AB?qQXO	10	12	0	6
I?AB?qQZG	10	13	1	6
I?AB?qQWW	10	12	0	6
I?AB?qQPW	10	12	0	6
I?AB?qQXW	10	13	0	5
I?AB?oY{?	10	12	1	6
I?AB?oYu?	10	12	1	6
I?AB?oY]?	10	12	1	6
I?AB?oY}?	10	13	1	5
I?AB?oYe_	10	12	0	5
I?AB?oYoO	10	11	0	7
I?AB?oYWO	10	11	0	7
I?AB?oYwO	10	12	0	6
I?AB?oYWW	10	12	0	6
I?AB?oYwW	10	13	0	5
I?AB?qY}?	10	14	1	5
I?AB?qY^?	10	14	2	5
I?AB?qYwO	10	13	1	7
I?AB?qYXO	10	13	0	5
I?AB?qYXW	10	14	0	4
I?ABCr_{?	10	13	0	6
I?ABCr_u?	10	13	0	6
I?ABCr_]?	10	13	0	6
I?ABCr_}?	10	14	0	5
I?ABCr_\?	10	13	1	7
I?ABCr_V?	10	13	1	7
I?ABCr_^?	10	14	1	6
I?ABCr_e_	10	13	1	6
I?ABCr_F_	10	13	1	6
I?ABCr_Fg	10	14	1	5
I?ABCr_@w	10	13	0	5
I?ABCrO{?	10	13	0	6
I?ABCrOy?	10	13	0	7
I?ABCrOu?	10	13	0	5
I?ABCrOm?	10	13	0	6
I?ABCrO]?	10	13	0	7
I?ABCrO}?	10	14	0	6
I?ABCrO\?	10	13	1	7
I?ABCrOZ?	10	13	1	7
I?ABCrOV?	10	13	1	7
I?ABCrON?	10	13	1	7
I?ABCrO^?	10	14	1	6
I?ABCrOe_	10	13	1	6
I?ABCrOF_	10	13	2	7
I?ABCrOXO	10	13	1	6
I?ABCrOHW	10	13	1	6
I?ABCrO@w	10	13	0	6
I?ABCpow?	10	12	0	6
I?ABCpos?	10	12	0	7
I?ABCpo[?	10	12	0	5
I?ABCpo{?	10	13	0	6
I?ABCpoY?	10	12	0	6
I?ABCpoy?	10	13	0	7
I?ABCpou?	10	13	0	7
I?ABCpo]?	10	13	0	6
I?ABCpo}?	10	14	0	6
I?ABCpoX?	10	12	1	6
I?ABCpo\?	10	13	1	6
I?ABCpoZ?	10	13	1	7
I?ABCpoV?	10	13	1	7
I?ABCpo^?	10	14	1	6
I?ABCpoc_	10	12	1	7
I?ABCpoa_	10	12	1	7
I?ABCpoe_	10	13	1	6
I?ABCpoB_	10	12	1	7
I?ABCpoF_	10	13	2	7
I?ABCpoag	10	13	1	6
I?ABCpoBg	10	13	1	6
I?ABCpo@w	10	13	0	6
I?ABCro}?	10	15	0	5
I?ABCro^?	10	15	1	6
I?ABCroXO	10	14	2	5
I?ABCqW{?	10	13	0	6
I?ABCqWu?	10	13	0	4
I?ABCqW]?	10	13	0	6
I?ABCqW}?	10	14	0	5
I?ABCqW\?	10	13	1	6
I?ABCqWV?	10	13	1	6
I?ABCqW^?	10	14	1	5
I?ABCqWF_	10	13	1	6
I?ABCqWWW	10	13	0	5
I?ABCqWPW	10	13	0	5
I?ABCqWXW	10	14	0	4
I?ABCqW@w	10	13	0	5
I?ABCrW}?	10	15	0	5
I?ABCrW^?	10	15	1	5
I?ABCrWXO	10	14	1	5
I?ABCpw{?	10	14	0	6
I?ABCpwu?	10	14	0	6
I?ABCpw]?	10	14	0	6
I?ABCpw}?	10	15	0	5
I?ABCpw\?	10	14	1	6
I?ABCpw^?	10	15	1	5
I?ABCpwe_	10	14	1	5
I?ABCpwF_	10	14	2	6
I?ABCpwXO	10	14	2	5
I?ABCrw}?	10	16	0	4
I?ABCpcw?	10	12	1	6
I?ABCpc{?	10	13	1	6
I?ABCpcu?	10	13	1	6
I?ABCpc]?	10	13	1	6
I?ABCpc}?	10	14	1	5
I?ABCpcX?	10	12	0	5
I?ABCpc\?	10	13	1	6
I?ABCpcV?	10	13	1	6
I?ABCpc^?	10	14	1	5
I?ABCpcc_	10	12	0	6
I?ABCpcE_	10	12	0	6
I?ABCpce_	10	13	0	5
I?ABCpcD_	10	12	1	7
I?ABCpcF_	10	13	1	7
I?ABCpcXO	10	13	0	4
I?ABCpceG	10	13	0	5
I?ABCpccg	10	13	0	5
I?ABCpcEg	10	13	0	5
I?ABCpceg	10	14	0	4
I?ABCpS{?	10	13	1	7
I?ABCpSy?	10	13	1	7
I?ABCpSu?	10	13	1	7
I?ABCpSm?	10	13	1	7
I?ABCpS]?	10	13	1	7
I?ABCpS}?	10	14	1	6
I?ABCpSX?	10	12	1	7
I?ABCpS\?	10	13	1	6
I?ABCpSZ?	10	13	1	7
I?ABCpSV?	10	13	1	7
I?ABCpSN?	10	13	1	7
I?ABCpS^?	10	14	1	6
I?ABCpSa_	10	12	1	7
I?ABCpSe_	10	13	1	6
I?ABCpSD_	10	12	2	8
I?ABCpSB_	10	12	2	8
I?ABCpSF_	10	13	2	7
I?ABCpSiG	10	13	2	7
I?ABCpSag	10	13	1	6
I?ABCps{?	10	14	1	6
I?ABCpsy?	10	14	1	6
I?ABCpsu?	10	14	1	6
I?ABCps}?	10	15	1	5
I?ABCps\?	10	14	1	5
I?ABCpsZ?	10	14	1	6
I?ABCps^?	10	15	1	5
I?ABCpse_	10	14	1	5
I?ABCpsF_	10	14	2	6
I?ABCpsXO	10	14	1	5
I?ABCo[{?	10	13	1	7
I?ABCo[e?	10	12	1	5
I?ABCo[u?	10	13	1	6
I?ABCo[]?	10	13	1	7
I?ABCo[}?	10	14	1	6
I?ABCo[e_	10	13	1	6
I?ABCo[XO	10	13	1	6
I?ABCo[WW	10	13	1	5
I?ABCp[{?	10	14	1	7
I?ABCp[u?	10	14	1	6
I?ABCp[m?	10	14	1	6
I?ABCp[]?	10	14	1	6
I?ABCp[}?	10	15	1	6
I?ABCp[\?	10	14	1	6
I?ABCp[V?	10	14	1	6
I?ABCp[N?	10	14	1	6
I?ABCp[^?	10	15	1	5
I?ABCp[e_	10	14	2	5
I?ABCp[F_	10	14	2	6
I?ABCp[XO	10	14	2	5
I?ABCp{}?	10	16	1	5
I?ABCp{^?	10	16	1	4
I?ABCqY}?	10	15	1	4
I?ABCqY^?	10	15	2	4
I?ABCqYe_	10	14	0	3
I?ABCqYXO	10	14	0	4
I?ABCo]{?	10	14	2	6
I?ABCo]u?	10	14	2	6
I?ABCo]}?	10	15	2	5
I?ABCo]^?	10	15	2	5
I?ABCo]XO	10	14	1	6
I?ABCpd}?	10	15	2	4
I?ABCpd^?	10	15	2	4
I?ABCpdeg	10	15	0	3
I?ABAr_{?	10	13	0	6
I?ABAr_m?	10	13	0	6
I?ABAr_}?	10	14	0	5
I?ABAr_N?	10	13	1	6
I?ABAr_^?	10	14	1	5
I?ABAr_e_	10	13	1	7
I?ABAr_F_	10	13	1	6
I?ABAr_Eg	10	13	1	6
I?ABAr_Dg	10	13	1	6
I?ABAr_Fg	10	14	1	5
I?ABAr_@w	10	13	0	5
I?ABArO{?	10	13	0	6
I?ABArOu?	10	13	0	5
I?ABArOm?	10	13	0	7
I?ABArO}?	10	14	0	6
I?ABArON?	10	13	1	7
I?ABArO^?	10	14	1	6
I?ABArOc_	10	12	1	7
I?ABArOe_	10	13	1	7
I?ABArOF_	10	13	2	7
I?ABArOBg	10	13	1	6
I?ABArOHW	10	13	1	6
I?ABArO@w	10	13	0	6
I?ABAqow?	10	12	0	7
I?ABAqos?	10	12	0	7
I?ABAqo[?	10	12	0	6
I?ABAqo{?	10	13	0	6
I?ABAqoY?	10	12	0	7
I?ABAqoy?	10	13	0	7
I?ABAqou?	10	13	0	7
I?ABAqom?	10	13	0	7
I?ABAqo]?	10	13	0	7
I?ABAqo}?	10	14	0	6
I?ABAqoX?	10	12	1	7
I?ABAqo\?	10	13	1	7
I?ABAqoZ?	10	13	1	7
I?ABAqoV?	10	13	1	7
I?ABAqoN?	10	13	1	7
I?ABAqo^?	10	14	1	6
I?ABAqoc_	10	12	1	7
I?ABAqoa_	10	12	1	7
I?ABAqoe_	10	13	1	7
I?ABAqoB_	10	12	1	7
I?ABAqoF_	10	13	2	7
I?ABAqoRG	10	13	2	7
I?ABAqoBg	10	13	1	6
I?ABAqo@w	10	13	0	6
I?ABApom?	10	13	0	6
I?ABApo]?	10	13	0	5
I?ABApo}?	10	14	0	5
I?ABApoe_	10	13	1	7
I?ABApoag	10	13	1	6
I?ABApo_w	10	13	0	5
I?ABAro}?	10	15	0	6
I?ABAro^?	10	15	1	5
I?ABAroe_	10	14	1	6
I?ABAroF_	10	14	2	6
I?ABAqW{?	10	13	0	7
I?ABAqWU?	10	12	0	5
I?ABAqWu?	10	13	0	5
I?ABAqWm?	10	13	0	6
I?ABAqW]?	10	13	0	6
I?ABAqW}?	10	14	0	6
I?ABAqW\?	10	13	1	7
I?ABAqWV?	10	13	1	6
I?ABAqWN?	10	13	1	7
I?ABAqW^?	10	14	1	6
I?ABAqWE_	10	12	1	6
I?ABAqWe_	10	13	1	6
I?ABAqWF_	10	13	2	7
I?ABAqWXG	10	13	1	6
I?ABAqWHW	10	13	1	6
I?ABAqW@w	10	13	0	6
I?ABApWu?	10	13	0	4
I?ABApWm?	10	13	0	6
I?ABApW]?	10	13	0	4
I?ABApW}?	10	14	0	5
I?ABApWe_	10	13	1	6
I?ABApWgW	10	13	1	5
I?ABApW_w	10	13	0	5
I?ABArW}?	10	15	0	5
I?ABArW^?	10	15	1	5
I?ABArWe_	10	14	1	6
I?ABArWF_	10	14	2	6
I?ABAoww?	10	12	0	7
I?ABAow[?	10	12	0	6
I?ABAow{?	10	13	0	7
I?ABAowU?	10	12	0	5
I?ABAowu?	10	13	0	6
I?ABAow]?	10	13	0	5
I?ABAow}?	10	14	0	6
I?ABAowe_	10	13	1	7
I?ABAow_w	10	13	0	6
I?ABAqw{?	10	14	0	7
I?ABAqwu?	10	14	0	6
I?ABAqwm?	10	14	0	6
I?ABAqw]?	10	14	0	6
I?ABAqw}?	10	15	0	6
I?ABAqw\?	10	14	1	6
I?ABAqwV?	10	14	1	6
I?ABAqwN?	10	14	1	7
I?ABAqw^?	10	15	1	6
I?ABAqwe_	10	14	1	6
I?ABAqwF_	10	14	2	6
I?ABApw}?	10	15	0	5
I?ABApwe_	10	14	1	6
I?ABArw}?	10	16	0	5
I?ABArw^?	10	16	1	5
I?ABAqY}?	10	15	1	5
I?ABAqY^?	10	15	2	5
I?ABEro}?	10	16	0	5
I?ABEro^?	10	16	1	5
I?ABErW}?	10	16	0	4
I?ABErWN?	10	15	1	5
I?ABErW^?	10	16	1	4
I?ABEqw}?	10	16	0	5
I?ABEqw\?	10	15	1	5
I?ABEqw^?	10	16	1	5
I?ABErw}?	10	17	0	4
I?ABEps}?	10	16	1	4
I?ABEps^?	10	16	1	5
I?ABEp[m?	10	15	1	6
I?ABEp[}?	10	16	1	5
I?ABEo{{?	10	15	1	6
I?ABEo{}?	10	16	1	5
I?ABEp{}?	10	17	1	4
I?ABEp{^?	10	17	1	4
I?ABBro}?	10	16	0	5
I?ABBro^?	10	16	1	4
I?ABBrWm?	10	15	0	6
I?ABBrW}?	10	16	0	5
I?ABBrWN?	10	15	1	6
I?ABBrW^?	10	16	1	5
I?ABBpw}?	10	16	0	4
I?ABBrw}?	10	17	0	4
I?ABBrw^?	10	17	1	4
I?ABFrw}?	10	18	0	3
I?ABFrw^?	10	18	1	3
I?ABCf_y?	10	13	1	6
I?ABCf_]?	10	13	1	6
I?ABCf_}?	10	14	1	5
I?ABCf_\?	10	13	2	7
I?ABCf_V?	10	13	2	7
I?ABCf_^?	10	14	2	6
I?ABCf_e_	10	13	1	6
I?ABCf_F_	10	13	1	6
I?ABCf_Eg	10	13	1	6
I?ABCf_Dg	10	13	1	6
I?ABCf_Fg	10	14	1	5
I?ABCfOu?	10	13	1	6
I?ABCfO]?	10	13	1	6
I?ABCfO}?	10	14	1	5
I?ABCfO\?	10	13	2	7
I?ABCfOZ?	10	13	1	6
I?ABCfOV?	10	13	2	7
I?ABCfON?	10	13	2	7
I?ABCfO^?	10	14	2	6
I?ABCfOe_	10	13	1	6
I?ABCfOF_	10	13	2	7
I?ABCfOXO	10	13	1	6
I?ABCfOJO	10	13	1	6
I?ABCfOZO	10	14	1	5
I?ABCfOJG	10	13	1	6
I?ABCfOBg	10	13	1	7
I?ABCfOIW	10	13	1	6
I?ABCfOHW	10	13	1	6
I?ABCfOBW	10	13	1	6
I?ABCfOJW	10	14	1	5
I?ABCdo[?	10	12	1	5
I?ABCdo{?	10	13	1	6
I?ABCdoy?	10	13	1	6
I?ABCdou?	10	13	1	6
I?ABCdo]?	10	13	1	6
I?ABCdo}?	10	14	1	5
I?ABCdo\?	10	13	1	6
I?ABCdoZ?	10	13	1	6
I?ABCdoV?	10	13	1	7
I?ABCdo^?	10	14	1	6
I?ABCdoZO	10	14	1	5
I?ABCdoag	10	13	1	6
I?ABCdoBg	10	13	1	6
I?ABCdoBW	10	13	1	6
I?ABCfo]?	10	14	1	5
I?ABCfo}?	10	15	1	4
I?ABCfo\?	10	14	2	7
I?ABCfoZ?	10	14	2	5
I?ABCfoV?	10	14	2	7
I?ABCfo^?	10	15	2	6
I?ABCfoe_	10	14	2	5
I?ABCfoF_	10	14	2	6
I?ABCfoYO	10	14	2	5
I?ABCfoXO	10	14	2	5
I?ABCfoRO	10	14	2	5
I?ABCfoZO	10	15	2	4
I?ABCfG{?	10	13	1	6
I?ABCfGy?	10	13	1	6
I?ABCfGu?	10	13	1	6
I?ABCfGm?	10	13	1	6
I?ABCfG]?	10	13	1	6
I?ABCfG}?	10	14	1	5
I?ABCfG\?	10	13	2	8
I?ABCfGN?	10	13	2	8
I?ABCfG^?	10	14	2	7
I?ABCfGe_	10	13	1	6
I?ABCfGF_	10	13	2	7
I?ABCfGDg	10	13	1	7
I?ABCdgw?	10	12	1	6
I?ABCdg{?	10	13	1	6
I?ABCdgy?	10	13	1	6
I?ABCdgu?	10	13	1	6
I?ABCdg]?	10	13	1	6
I?ABCdg}?	10	14	1	5
I?ABCdg\?	10	13	1	6
I?ABCdgZ?	10	13	0	6
I?ABCdgV?	10	13	1	6
I?ABCdg^?	10	14	1	5
I?ABCdge_	10	13	1	6
I?ABCdgXO	10	13	0	6
I?ABCdgRO	10	13	0	6
I?ABCdgZO	10	14	0	5
I?ABCdgcg	10	13	0	5
I?ABCdgDg	10	13	1	5
I?ABCfg]?	10	14	1	5
I?ABCfg}?	10	15	1	4
I?ABCfg\?	10	14	2	7
I?ABCfgZ?	10	14	1	5
I?ABCfgV?	10	14	2	7
I?ABCfg^?	10	15	2	6
I?ABCfge_	10	14	2	5
I?ABCfgF_	10	14	2	6
I?ABCfgYO	10	14	1	5
I?ABCfgXO	10	14	1	5
I?ABCfgRO	10	14	1	5
I?ABCfgZO	10	15	1	4
I?ABCeW{?	10	13	1	6
I?ABCeWy?	10	13	1	6
I?ABCeWu?	10	13	1	6
I?ABCeW]?	10	13	1	6
I?ABCeW}?	10	14	1	5
I?ABCeW\?	10	13	1	6
I?ABCeWZ?	10	13	1	6
I?ABCeWV?	10	13	2	6
I?ABCeW^?	10	14	2	5
I?ABCeWe_	10	13	0	4
I?ABCeWF_	10	13	1	6
I?ABCeWZO	10	14	1	5
I?ABCeWXG	10	13	0	5
I?ABCeWWW	10	13	0	5
I?ABCeWPW	10	13	0	5
I?ABCeWXW	10	14	0	4
I?ABCdW{?	10	13	1	6
I?ABCdWy?	10	13	1	6
I?ABCdWu?	10	13	1	6
I?ABCdWm?	10	13	1	6
I?ABCdW]?	10	13	1	6
I?ABCdW}?	10	14	1	5
I?ABCdW\?	10	13	1	7
I?ABCdWZ?	10	13	1	6
I?ABCdWV?	10	13	1	7
I?ABCdWN?	10	13	1	7
I?ABCdW^?	10	14	1	6
I?ABCdWF_	10	13	2	7
I?ABCdWZO	10	14	1	5
I?ABCdWHW	10	13	1	6
I?ABCfW]?	10	14	1	5
I?ABCfW}?	10	15	1	4
I?ABCfW\?	10	14	2	7
I?ABCfWZ?	10	14	2	5
I?ABCfWV?	10	14	2	7
I?ABCfWN?	10	14	2	7
I?ABCfW^?	10	15	2	6
I?ABCfWe_	10	14	1	5
I?ABCfWF_	10	14	2	6
I?ABCfWYO	10	14	2	5
I?ABCfWXO	10	14	1	5
I?ABCfWRO	10	14	2	5
I?ABCfWJO	10	14	2	5
I?ABCfWZO	10	15	2	4
I?ABCdw]?	10	14	1	5
I?ABCdw}?	10	15	1	4
I?ABCdw\?	10	14	1	6
I?ABCdw^?	10	15	1	5
I?ABCdwe_	10	14	2	5
I?ABCdwF_	10	14	2	6
I?ABCdwYO	10	14	1	5
I?ABCdwXO	10	14	1	5
I?ABCdwRO	10	14	1	5
I?ABCdwZO	10	15	1	4
I?ABCfw}?	10	16	1	3
I?ABCfw^?	10	16	2	5
I?ABCfwZO	10	16	2	3
I?ABCdc{?	10	13	2	6
I?ABCdcy?	10	13	1	6
I?ABCdcu?	10	13	1	6
I?ABCdc]?	10	13	1	6
I?ABCdc}?	10	14	2	5
I?ABCdc\?	10	13	1	6
I?ABCdcZ?	10	13	0	6
I?ABCdcV?	10	13	1	6
I?ABCdc^?	10	14	1	5
I?ABCdcYO	10	13	0	6
I?ABCdcXO	10	13	0	4
I?ABCdcRO	10	13	0	6
I?ABCdcZO	10	14	0	5
I?ABCdccg	10	13	0	5
I?ABCdcag	10	13	0	5
I?ABCdcEg	10	13	0	5
I?ABCdceg	10	14	0	4
I?ABCdS{?	10	13	2	8
I?ABCdSy?	10	13	2	8
I?ABCdSu?	10	13	2	8
I?ABCdSm?	10	13	2	8
I?ABCdS]?	10	13	1	7
I?ABCdS}?	10	14	2	7
I?ABCdST?	10	12	1	6
I?ABCdS\?	10	13	1	7
I?ABCdSZ?	10	13	1	7
I?ABCdSV?	10	13	1	7
I?ABCdSN?	10	13	1	7
I?ABCdS^?	10	14	1	6
I?ABCdSe_	10	13	1	6
I?ABCdSF_	10	13	2	7
I?ABCdSZO	10	14	1	6
I?ABCdSag	10	13	1	7
I?ABCdSIW	10	13	2	7
I?ABCds}?	10	15	2	6
I?ABCds\?	10	14	1	6
I?ABCds^?	10	15	1	5
I?ABCdse_	10	14	1	5
I?ABCdsF_	10	14	2	6
I?ABCdsYO	10	14	1	5
I?ABCdsXO	10	14	1	5
I?ABCdsRO	10	14	1	6
I?ABCdsZO	10	15	1	5
I?ABCdK{?	10	13	2	6
I?ABCdKy?	10	13	1	6
I?ABCdKu?	10	13	2	6
I?ABCdKm?	10	13	2	6
I?ABCdK]?	10	13	1	6
I?ABCdK}?	10	14	2	5
I?ABCdK\?	10	13	1	7
I?ABCdKZ?	10	13	0	6
I?ABCdKV?	10	13	1	7
I?ABCdKN?	10	13	1	7
I?ABCdK^?	10	14	1	6
I?ABCdKe_	10	13	1	6
I?ABCdKF_	10	13	2	7
I?ABCdKYO	10	13	0	6
I?ABCdKJO	10	13	0	6
I?ABCdKZO	10	14	0	5
I?ABCdKcg	10	13	0	5
I?ABCdk]?	10	14	1	5
I?ABCdk}?	10	15	2	4
I?ABCdk\?	10	14	1	6
I?ABCdkZ?	10	14	0	5
I?ABCdk^?	10	15	1	5
I?ABCdke_	10	14	1	5
I?ABCdkF_	10	14	2	6
I?ABCdkYO	10	14	0	5
I?ABCdkXO	10	14	0	5
I?ABCdkRO	10	14	0	5
I?ABCdkZO	10	15	0	4
I?ABCc[{?	10	13	2	7
I?ABCc[y?	10	13	2	7
I?ABCc[u?	10	13	2	7
I?ABCc[]?	10	13	1	7
I?ABCc[}?	10	14	2	6
I?ABCc[\?	10	13	1	7
I?ABCc[Z?	10	13	1	7
I?ABCc[V?	10	13	1	7
I?ABCc[^?	10	14	1	6
I?ABCc[XO	10	13	1	6
I?ABCc[RO	10	13	1	7
I?ABCc[ZO	10	14	1	6
I?ABCc[WW	10	13	1	5
I?ABCd[]?	10	14	1	6
I?ABCd[}?	10	15	2	6
I?ABCd[\?	10	14	1	6
I?ABCd[Z?	10	14	1	6
I?ABCd[V?	10	14	1	6
I?ABCd[N?	10	14	1	6
I?ABCd[^?	10	15	1	5
I?ABCd[e_	10	14	2	5
I?ABCd[F_	10	14	2	6
I?ABCd[YO	10	14	1	5
I?ABCd[XO	10	14	1	5
I?ABCd[RO	10	14	1	6
I?ABCd[JO	10	14	1	6
I?ABCd[ZO	10	15	1	5
I?ABCd{^?	10	16	1	4
I?ABCeY}?	10	15	2	4
I?ABCeY^?	10	15	2	4
I?ABCeYZO	10	15	1	5
I?ABCeYXW	10	15	0	3
I?ABCc]}?	10	15	3	5
I?ABCc]^?	10	15	2	5
I?ABCc]ZO	10	15	2	5
I?ABCdh}?	10	15	2	4
I?ABCdh^?	10	15	1	4
I?ABCdhZO	10	15	0	4
I?ABCdd}?	10	15	2	4
I?ABCdd^?	10	15	1	4
I?ABCddZO	10	15	0	4
I?ABCdL}?	10	15	2	4
I?ABCdL^?	10	15	1	5
I?ABCdLZO	10	15	0	4
I?ABCdl^?	10	16	1	4
I?AB?v_{?	10	13	1	6
I?AB?v_u?	10	13	1	6
I?AB?v_]?	10	13	1	6
I?AB?v_}?	10	14	1	5
I?AB?v_\?	10	13	2	6
I?AB?v_V?	10	13	1	6
I?AB?v_^?	10	14	2	5
I?AB?v_e_	10	13	1	6
I?AB?v_FG	10	13	0	5
I?AB?v_Eg	10	13	0	5
I?AB?v_Dg	10	13	0	5
I?AB?v_Fg	10	14	0	4
I?AB?vO{?	10	13	1	7
I?AB?vOy?	10	13	1	7
I?AB?vO]?	10	13	1	7
I?AB?vO}?	10	14	1	6
I?AB?vO\?	10	13	2	8
I?AB?vOZ?	10	13	2	8
I?AB?vO^?	10	14	2	7
I?AB?vOF_	10	13	1	6
I?AB?vOJG	10	13	2	8
I?AB?vOBg	10	13	1	7
I?AB?to[?	10	12	1	5
I?AB?to{?	10	13	1	6
I?AB?toy?	10	13	1	7
I?AB?tou?	10	13	1	7
I?AB?to]?	10	13	1	6
I?AB?to}?	10	14	1	6
I?AB?towO	10	13	1	6
I?AB?toag	10	13	1	6
I?AB?vo{?	10	14	1	6
I?AB?voy?	10	14	1	6
I?AB?vou?	10	14	1	6
I?AB?vo]?	10	14	1	6
I?AB?vo}?	10	15	1	5
I?AB?vo\?	10	14	2	7
I?AB?voZ?	10	14	2	7
I?AB?voV?	10	14	2	7
I?AB?vo^?	10	15	2	6
I?AB?voe_	10	14	2	5
I?AB?voF_	10	14	1	5
I?AB?vowO	10	14	1	5
I?AB?voXO	10	14	2	5
I?AB?tw]?	10	14	1	6
I?AB?tw}?	10	15	1	5
I?AB?twe_	10	14	2	5
I?AB?vw}?	10	16	1	4
I?AB?vw^?	10	16	2	5
I?AB?uY}?	10	15	2	4
I?AB?uY^?	10	15	2	4
I?AB?uYXW	10	15	0	3
I?ABCvo}?	10	16	1	4
I?ABCvo^?	10	16	2	5
I?ABCvW}?	10	16	1	4
I?ABCvW\?	10	15	2	6
I?ABCvW^?	10	16	2	5
I?ABCtw{?	10	15	1	5
I?ABCtwu?	10	15	1	5
I?ABCtw]?	10	15	1	5
I?ABCtw}?	10	16	1	4
I?ABCtw\?	10	15	2	5
I?ABCtwV?	10	15	2	5
I?ABCtw^?	10	16	2	4
I?ABCvw}?	10	17	1	3
I?ABCvw^?	10	17	2	4
I?ABCts{?	10	15	2	6
I?ABCtsy?	10	15	2	6
I?ABCts}?	10	16	2	5
I?ABCts\?	10	15	1	5
I?ABCtsZ?	10	15	2	5
I?ABCts^?	10	16	2	4
I?ABCt[{?	10	15	2	6
I?ABCt[u?	10	15	2	6
I?ABCt[m?	10	15	2	6
I?ABCt[}?	10	16	2	5
I?ABCt[\?	10	15	2	5
I?ABCt[V?	10	15	2	5
I?ABCt[N?	10	15	2	5
I?ABCt[^?	10	16	2	4
I?ABCt{^?	10	17	2	3
I?ABCuY}?	10	16	2	3
I?ABCuY^?	10	16	2	3
I?ABCuYXW	10	16	0	2
I?ABCs]}?	10	16	3	4
I?AFF@o{?	10	14	0	4
I?AFF@oy?	10	14	0	4
I?AFF@ou?	10	14	0	5
I?AFF@o]?	10	14	0	5
I?AFF@o}?	10	15	0	4
I?AFF@o\?	10	14	1	5
I?AFF@oZ?	10	14	1	5
I?AFF@oV?	10	14	1	5
I?AFF@o^?	10	15	1	4
I?AFFBo^?	10	16	1	3
I?AFF@W{?	10	14	0	5
I?AFF@Wu?	10	14	0	5
I?AFF@Wm?	10	14	0	5
I?AFF@W}?	10	15	0	4
I?AFF@WN?	10	14	1	5
I?AFF@W^?	10	15	1	4
I?AFF@WEo	10	14	1	5
I?AFF@WDo	10	14	1	5
I?AFF@WFo	10	15	1	4
I?AFF@W@w	10	14	0	4
I?AFF@w{?	10	15	0	4
I?AFF@w}?	10	16	0	3
I?AFF@w^?	10	16	1	3
I?AFF@wEo	10	15	2	4
I?AFF@wDo	10	15	1	4
I?AFF@wFo	10	16	2	3
I?AFF@c{?	10	14	1	4
I?AFF@cu?	10	14	1	5
I?AFF@c]?	10	14	1	5
I?AFF@c}?	10	15	1	4
I?AFF@c\?	10	14	1	5
I?AFF@c^?	10	15	1	4
I?AFF@ceG	10	14	2	6
I?AFF@S{?	10	14	1	5
I?AFF@Sy?	10	14	1	5
I?AFF@Su?	10	14	1	6
I?AFF@S}?	10	15	1	5
I?AFF@SZ?	10	14	1	5
I?AFF@SN?	10	14	1	5
I?AFF@S^?	10	15	1	4
I?AFF@SEo	10	14	1	5
I?AFF@SDo	10	14	1	5
I?AFF@SBo	10	14	1	5
I?AFF@SFo	10	15	1	4
I?AFF@SiG	10	14	1	6
I?AFF@SAw	10	14	1	5
I?AFF@s{?	10	15	1	4
I?AFF@sy?	10	15	1	4
I?AFF@s}?	10	16	1	4
I?AFF@s^?	10	16	1	3
I?AFF@sEo	10	15	2	4
I?AFF@sDo	10	15	2	4
I?AFF@sBo	10	15	1	4
I?AFF@sFo	10	16	2	3
I?AFF?[{?	10	14	1	5
I?AFF?[]?	10	14	1	5
I?AFF?[}?	10	15	1	4
I?AFF?[\?	10	14	1	5
I?AFF?[V?	10	14	1	5
I?AFF?[^?	10	15	1	4
I?AFF?[F_	10	14	0	4
I?AFF?[Eo	10	14	0	4
I?AFF?[Do	10	14	0	4
I?AFF?[Fo	10	15	0	3
I?AFF?[wG	10	14	0	3
I?AFF@[}?	10	16	1	4
I?AFF@[N?	10	15	1	4
I?AFF@[^?	10	16	1	3
I?AFF@[Eo	10	15	1	4
I?AFF@[Do	10	15	1	4
I?AFF@[Fo	10	16	1	3
I?AFF@{}?	10	17	1	3
I?AFF@{^?	10	17	1	2
I?AFF?^}?	10	17	2	2
I?AFF?^^?	10	17	2	2
I?AFF?^Fo	10	17	0	1
I?AFE`o{?	10	14	0	4
I?AFE`oy?	10	14	0	6
I?AFE`om?	10	14	0	6
I?AFE`o}?	10	15	0	5
I?AFE`oN?	10	14	1	5
I?AFE`o^?	10	15	1	4
I?AFE`oF_	10	14	1	6
I?AFE`oBo	10	14	0	5
I?AFE`oBg	10	14	0	5
I?AFE`oAw	10	14	0	5
I?AFE`o@w	10	14	0	5
I?AFE`oBw	10	15	0	4
I?AFEbo}?	10	16	0	4
I?AFEbo^?	10	16	1	3
I?AFE`g{?	10	14	0	5
I?AFE`gy?	10	14	0	5
I?AFE`gu?	10	14	0	6
I?AFE`gm?	10	14	0	6
I?AFE`g}?	10	15	0	5
I?AFE`gN?	10	14	1	6
I?AFE`g^?	10	15	1	5
I?AFE`gJO	10	14	2	6
I?AFE`gBo	10	14	1	5
I?AFE`gDg	10	14	1	6
I?AFE`g@w	10	14	0	5
I?AFEbg}?	10	16	0	4
I?AFEbg^?	10	16	1	5
I?AFE_w{?	10	14	0	5
I?AFE_w]?	10	14	0	6
I?AFE_w}?	10	15	0	5
I?AFE_w\?	10	14	1	6
I?AFE_wZ?	10	14	1	6
I?AFE_wN?	10	14	1	6
I?AFE_w^?	10	15	1	5
I?AFE_wBo	10	14	1	5
I?AFE_w@w	10	14	0	5
I?AFEaw^?	10	16	1	5
I?AFE`w{?	10	15	0	4
I?AFE`wm?	10	15	0	5
I?AFE`w}?	10	16	0	4
I?AFE`wN?	10	15	1	5
I?AFE`w^?	10	16	1	4
I?AFE`wF_	10	15	2	5
I?AFE`wBo	10	15	1	4
I?AFEbw^?	10	17	1	4
I?AFE`c{?	10	14	1	5
I?AFE`cy?	10	14	1	6
I?AFE`cu?	10	14	1	7
I?AFE`cm?	10	14	1	7
I?AFE`c}?	10	15	1	6
I?AFE`cZ?	10	14	1	6
I?AFE`cN?	10	14	1	6
I?AFE`c^?	10	15	1	5
I?AFE`cJO	10	14	2	7
I?AFE`cBo	10	14	1	5
I?AFE`ceG	10	14	2	6
I?AFE`cEg	10	14	2	6
I?AFE`cAw	10	14	1	6
I?AFE_s{?	10	14	1	5
I?AFE_sy?	10	14	1	7
I?AFE_sm?	10	14	1	7
I?AFE_s]?	10	14	1	6
I?AFE_s}?	10	15	1	6
I?AFE_s\?	10	14	1	6
I?AFE_sZ?	10	14	1	6
I?AFE_sN?	10	14	1	6
I?AFE_s^?	10	15	1	5
I?AFE_sBo	10	14	1	5
I?AFE_sqG	10	14	2	6
I?AFE_sAw	10	14	1	6
I?AFE`s{?	10	15	1	4
I?AFE`sm?	10	15	1	6
I?AFE`s}?	10	16	1	5
I?AFE`sN?	10	15	1	5
I?AFE`s^?	10	16	1	4
I?AFE`sF_	10	15	2	6
I?AFE`sBo	10	15	1	4
I?AFE`K{?	10	14	1	5
I?AFE`Ky?	10	14	1	7
I?AFE`K}?	10	15	1	6
I?AFE`KN?	10	14	1	6
I?AFE`K^?	10	15	1	5
I?AFE`KF_	10	14	2	7
I?AFE`KBo	10	14	1	5
I?AFE`KkG	10	14	1	6
I?AFE_k]?	10	14	1	6
I?AFE_k}?	10	15	1	5
I?AFE_k\?	10	14	1	6
I?AFE_kZ?	10	14	1	6
I?AFE_kV?	10	14	1	6
I?AFE_kN?	10	14	1	6
I?AFE_k^?	10	15	1	5
I?AFE_kF_	10	14	2	7
I?AFE_kJO	10	14	1	5
I?AFE_kBo	10	14	1	5
I?AFE_ksG	10	14	1	5
I?AFE`k{?	10	15	1	4
I?AFE`km?	10	15	1	6
I?AFE`k}?	10	16	1	5
I?AFE`kN?	10	15	1	5
I?AFE`k^?	10	16	1	4
I?AFE`kF_	10	15	2	6
I?AFE`kJO	10	15	2	6
I?AFE`kBo	10	15	2	4
I?AFE_{{?	10	15	1	4
I?AFE_{y?	10	15	1	6
I?AFE_{m?	10	15	1	6
I?AFE_{}?	10	16	1	5
I?AFE_{N?	10	15	1	5
I?AFE_{^?	10	16	1	4
I?AFE_{F_	10	15	2	6
I?AFE_{Bo	10	15	2	4
I?AFE`{^?	10	17	1	3
I?AFE_]}?	10	16	2	4
I?AFE_]^?	10	16	2	5
I?AFE_]JO	10	15	2	7
I?AFFbo}?	10	17	0	3
I?AFFbo^?	10	17	1	2
I?AFFboBw	10	17	0	2
I?AFFbg}?	10	17	0	4
I?AFFbg^?	10	17	1	4
I?AFF`w{?	10	16	0	3
I?AFF`wy?	10	16	0	5
I?AFF`w}?	10	17	0	4
I?AFF`w^?	10	17	1	3
I?AFFbw^?	10	18	1	3
I?AFF`s{?	10	16	1	3
I?AFF`s}?	10	17	1	4
I?AFF`s^?	10	17	1	3
I?AFF`ky?	10	16	1	5
I?AFF`k}?	10	17	1	4
I?AFF`k^?	10	17	1	3
I?AFF`[}?	10	17	1	4
I?AFF`[N?	10	16	1	4
I?AFF`[^?	10	17	1	3
I?AFF`[F_	10	16	2	5
I?AFF`{^?	10	18	1	2
I?AFCpo{?	10	14	0	5
I?AFCpo]?	10	14	0	7
I?AFCpo}?	10	15	0	6
I?AFCpo\?	10	14	1	6
I?AFCpoZ?	10	14	1	7
I?AFCpoV?	10	14	1	7
I?AFCpo^?	10	15	1	6
I?AFCpoXO	10	14	2	6
I?AFCpoBg	10	14	1	6
I?AFCpo@w	10	14	0	6
I?AFCro^?	10	16	1	5
I?AFCpw{?	10	15	0	6
I?AFCpw]?	10	15	0	6
I?AFCpw}?	10	16	0	5
I?AFCpw^?	10	16	1	5
I?AFCpwF_	10	15	2	5
I?AFCpc{?	10	14	1	6
I?AFCpc]?	10	14	1	6
I?AFCpc}?	10	15	1	5
I?AFCpcX?	10	13	1	6
I?AFCpc\?	10	14	1	6
I?AFCpcV?	10	14	1	7
I?AFCpc^?	10	15	1	6
I?AFCpcF_	10	14	2	7
I?AFCpcXO	10	14	1	5
I?AFCpceG	10	14	1	5
I?AFCpcEg	10	14	1	6
I?AFCpS{?	10	14	1	7
I?AFCpS]?	10	14	1	7
I?AFCpS}?	10	15	1	6
I?AFCpS\?	10	14	1	6
I?AFCpSZ?	10	14	1	7
I?AFCpS^?	10	15	1	6
I?AFCpSF_	10	14	2	7
I?AFCpSiG	10	14	2	6
I?AFCps{?	10	15	1	6
I?AFCpsy?	10	15	1	6
I?AFCpsu?	10	15	1	6
I?AFCps]?	10	15	1	6
I?AFCps}?	10	16	1	5
I?AFCps\?	10	15	1	5
I?AFCpsZ?	10	15	1	6
I?AFCpsV?	10	15	1	6
I?AFCps^?	10	16	1	5
I?AFCpsF_	10	15	2	6
I?AFCpsXO	10	15	2	6
I?AFCp{}?	10	17	1	4
I?AFCp{^?	10	17	1	4
I?AFCo]}?	10	16	2	4
I?AFCo]^?	10	16	2	5
I?AFCo]XO	10	15	2	7
I?AFEro^?	10	17	1	4
I?AFErW^?	10	17	1	4
I?AFEqw}?	10	17	0	4
I?AFEqw^?	10	17	1	4
I?AFEpw}?	10	17	0	4
I?AFEpw^?	10	17	1	4
I?AFEpwF_	10	16	2	4
I?AFErw^?	10	18	1	3
I?AFEps}?	10	17	1	4
I?AFEps^?	10	17	1	4
I?AFEpsF_	10	16	2	5
I?AFEp[}?	10	17	1	4
I?AFEp[^?	10	17	1	4
I?AFEp[F_	10	16	2	5
I?AFEo{]?	10	16	1	5
I?AFEo{}?	10	17	1	4
I?AFEo{\?	10	16	1	5
I?AFEo{V?	10	16	1	5
I?AFEo{N?	10	16	1	4
I?AFEo{^?	10	17	1	4
I?AFEo{F_	10	16	2	5
I?AFEp{^?	10	18	1	3
I?AFBpw}?	10	17	0	4
I?AFBpw^?	10	17	1	4
I?AFBpwF_	10	16	2	4
I?AFBrw}?	10	18	0	3
I?AFBps}?	10	17	1	4
I?AFBps^?	10	17	1	4
I?AFBp{}?	10	18	1	3
I?AFBp{^?	10	18	1	3
I?AFFrw^?	10	19	1	2
I?AFFp{^?	10	19	1	2
I?AFBJo{?	10	15	1	4
I?AFBJoy?	10	15	1	5
I?AFBJo}?	10	16	1	5
I?AFBJo^?	10	16	1	4
I?AFBJoeO	10	15	2	5
I?AFBJoEo	10	15	2	5
I?AFBJW}?	10	16	1	5
I?AFBJWN?	10	15	1	6
I?AFBJW^?	10	16	1	5
I?AFBJWeO	10	15	2	5
I?AFBJWEo	10	15	2	5
I?AFBHw}?	10	16	1	5
I?AFBHwEo	10	15	3	5
I?AFBJw}?	10	17	1	4
I?AFBJw^?	10	17	1	4
I?AFAjo}?	10	16	1	5
I?AFAjo^?	10	16	1	4
I?AFAjoiO	10	15	2	5
I?AFAjg}?	10	16	1	5
I?AFAjgN?	10	15	1	5
I?AFAjg^?	10	16	1	4
I?AFAjgiO	10	15	1	5
I?AFAjW{?	10	15	1	6
I?AFAjW}?	10	16	1	5
I?AFAjWN?	10	15	1	6
I?AFAjW^?	10	16	1	5
I?AFAjWiO	10	15	2	5
I?AFAiw}?	10	16	1	5
I?AFAiw\?	10	15	1	5
I?AFAiwN?	10	15	1	6
I?AFAiw^?	10	16	1	5
I?AFAiwiO	10	15	2	5
I?AFAhwm?	10	15	1	6
I?AFAhw}?	10	16	1	5
I?AFAjw}?	10	17	1	4
I?AFAjw^?	10	17	1	4
I?AFBjw}?	10	18	1	3
I?AFBhs}?	10	17	1	3
I?AFBhs^?	10	17	1	4
I?AFBhk}?	10	17	1	4
I?AFBhk^?	10	17	1	4
I?AFBh{}?	10	18	1	3
I?AFBh{^?	10	18	1	3
I?AF?zo}?	10	16	1	4
I?AF?zoV?	10	15	1	5
I?AF?zo^?	10	16	1	4
I?AF?zoF_	10	15	1	4
I?AF?zowO	10	15	1	4
I?AF?zW}?	10	16	1	4
I?AF?zW\?	10	15	1	6
I?AF?zWV?	10	15	1	5
I?AF?zWN?	10	15	1	5
I?AF?zW^?	10	16	1	5
I?AF?zWF_	10	15	2	4
I?AF?zWwO	10	15	2	4
I?AF?xw{?	10	15	1	5
I?AF?xwu?	10	15	1	5
I?AF?xw]?	10	15	1	5
I?AF?xw}?	10	16	1	4
I?AF?xwF_	10	15	2	4
I?AF?zw}?	10	17	1	3
I?AF?zw^?	10	17	1	4
I?AF?w]}?	10	16	2	3
I?AF?w]^?	10	16	2	3
I?AF?w]wO	10	15	0	3
I?AF?w]wW	10	16	0	2
I?AFAxw}?	10	17	1	4
I?AFAxw^?	10	17	1	4
I?AFAxwF_	10	16	2	4
I?AFAzw}?	10	18	1	3
I?AFAxs}?	10	17	1	4
I?AFAxs^?	10	17	1	4
I?AFAx[}?	10	17	1	3
I?AFAx[^?	10	17	1	4
I?AFAw{]?	10	16	1	5
I?AFAw{}?	10	17	1	4
I?AFAw{^?	10	17	1	4
I?AFAx{}?	10	18	1	3
I?AFAx{^?	10	18	1	3
I?AFBx{^?	10	19	1	2
I?AF?~o}?	10	17	2	3
I?AF?~o^?	10	17	2	4
I?AF?~W}?	10	17	2	3
I?AF?~W^?	10	17	2	4
I?AF?|w}?	10	17	2	3
I?AF?~w}?	10	18	2	2
I?AF?~w^?	10	18	2	3
I?ABfBo{?	10	15	0	3
I?ABfBo}?	10	16	0	4
I?ABfBo\?	10	15	1	4
I?ABfBo^?	10	16	1	3
I?ABfBoBo	10	15	0	4
I?ABfBg{?	10	15	0	5
I?ABfBgy?	10	15	0	4
I?ABfBg}?	10	16	0	5
I?ABfBg\?	10	15	1	5
I?ABfBg^?	10	16	1	4
I?ABfBgBo	10	15	1	5
I?ABfBW{?	10	15	0	5
I?ABfBW}?	10	16	0	5
I?ABfBWN?	10	15	1	6
I?ABfBW^?	10	16	1	5
I?ABfBWBo	10	15	1	5
I?ABf@w}?	10	16	0	5
I?ABf@w\?	10	15	1	5
I?ABf@w^?	10	16	1	4
I?ABf@wBo	10	15	1	4
I?ABfBw}?	10	17	0	4
I?ABfBw^?	10	17	1	4
I?ABf@c{?	10	14	1	5
I?ABf@cy?	10	14	1	6
I?ABf@c]?	10	14	1	6
I?ABf@c}?	10	15	1	5
I?ABf@cBo	10	14	1	5
I?ABf@cEW	10	14	2	6
I?ABf@cAw	10	14	1	5
I?ABf@Sk?	10	13	1	6
I?ABf@S{?	10	14	1	5
I?ABf@Sm?	10	14	1	6
I?ABf@S}?	10	15	1	5
I?ABf@SBo	10	14	1	5
I?ABf@SAw	10	14	1	6
I?ABf@s}?	10	16	1	4
I?ABf@s\?	10	15	1	4
I?ABf@s^?	10	16	1	4
I?ABf@sBo	10	15	1	4
I?ABf@k}?	10	16	1	5
I?ABf@k\?	10	15	1	5
I?ABf@k^?	10	16	1	4
I?ABf@kBo	10	15	2	4
I?ABf@[}?	10	16	1	5
I?ABf@[N?	10	15	1	5
I?ABf@[^?	10	16	1	4
I?ABf@[Bo	10	15	2	4
I?ABf@{^?	10	17	1	3
I?ABbb_{?	10	14	0	4
I?ABbb_y?	10	14	0	5
I?ABbb_]?	10	14	0	4
I?ABbb_}?	10	15	0	4
I?ABbb_\?	10	14	1	4
I?ABbb_Z?	10	14	1	5
I?ABbb_^?	10	15	1	4
I?ABbb_ao	10	14	1	5
I?ABbb_Bo	10	14	0	5
I?ABbb_Bg	10	14	0	5
I?ABbb_Aw	10	14	0	4
I?ABbb_@w	10	14	0	4
I?ABbb_Bw	10	15	0	4
I?ABb`o{?	10	14	0	2
I?ABb`oy?	10	14	0	3
I?ABb`o]?	10	14	0	2
I?ABb`o}?	10	15	0	2
I?ABbbo{?	10	15	0	3
I?ABbbo}?	10	16	0	3
I?ABbbo\?	10	15	1	3
I?ABbbo^?	10	16	1	3
I?ABbboao	10	15	1	4
I?ABbboBo	10	15	0	4
I?ABbbGk?	10	13	0	6
I?ABbbG{?	10	14	0	5
I?ABbbGm?	10	14	0	6
I?ABbbG}?	10	15	0	5
I?ABbbGN?	10	14	1	6
I?ABbbG^?	10	15	1	5
I?ABbbGao	10	14	1	5
I?ABbbGBo	10	14	1	5
I?ABbbGLG	10	14	1	6
I?ABbbG@w	10	14	0	5
I?ABb`g{?	10	14	0	4
I?ABb`gy?	10	14	0	5
I?ABb`g]?	10	14	0	4
I?ABb`g}?	10	15	0	4
I?ABb`gao	10	14	1	5
I?ABb`g_w	10	14	0	4
I?ABbbg}?	10	16	0	4
I?ABbbg^?	10	16	1	4
I?ABbbgao	10	15	2	4
I?ABbbgBo	10	15	1	4
I?ABb`w{?	10	15	0	3
I?ABb`w]?	10	15	0	3
I?ABb`w}?	10	16	0	3
I?ABb`wao	10	15	1	4
I?ABbbw}?	10	17	0	3
I?ABbbw^?	10	17	1	3
I?ABfbo{?	10	16	0	2
I?ABfbo}?	10	17	0	3
I?ABfbo\?	10	16	1	3
I?ABfbo^?	10	17	1	2
I?ABfboBw	10	17	0	2
I?ABfbw}?	10	18	0	3
I?ABf`s}?	10	17	1	3
I?ABf`{}?	10	18	1	3
I?ABf`{^?	10	18	1	2
I?ABeRo{?	10	15	0	4
I?ABeRoy?	10	15	0	6
I?ABeRo}?	10	16	0	5
I?ABeRo^?	10	16	1	5
I?ABeRoLO	10	15	2	5
I?ABeRgy?	10	15	0	4
I?ABeRgu?	10	15	0	6
I?ABeRg}?	10	16	0	5
I?ABeRg^?	10	16	1	4
I?ABeRgLO	10	15	2	5
I?ABeQw}?	10	16	0	5
I?ABeQw^?	10	16	1	5
I?ABeQwLO	10	15	2	5
I?ABePwm?	10	15	0	6
I?ABePw}?	10	16	0	5
I?ABePw^?	10	16	1	5
I?ABePwLO	10	15	2	5
I?ABeRw}?	10	17	0	4
I?ABePcm?	10	14	1	6
I?ABePc}?	10	15	1	5
I?ABePcN?	10	14	1	7
I?ABePc^?	10	15	1	6
I?ABePceG	10	14	2	6
I?ABePcag	10	14	1	5
I?ABeOs[?	10	13	1	6
I?ABeOs{?	10	14	1	6
I?ABeOsy?	10	14	1	6
I?ABeOsm?	10	14	1	6
I?ABeOs]?	10	14	1	6
I?ABeOs}?	10	15	1	5
I?ABeOsL?	10	13	1	6
I?ABeOs\?	10	14	1	5
I?ABeOsZ?	10	14	1	6
I?ABeOsN?	10	14	1	6
I?ABeOs^?	10	15	1	5
I?ABeOsqG	10	14	1	5
I?ABeOsag	10	14	1	5
I?ABePsm?	10	15	1	5
I?ABePs}?	10	16	1	4
I?ABePs^?	10	16	1	5
I?ABePsLO	10	15	1	5
I?ABePKm?	10	14	1	7
I?ABePK}?	10	15	1	6
I?ABePKLO	10	14	2	6
I?ABePKKW	10	14	2	6
I?ABeOk{?	10	14	1	7
I?ABeOky?	10	14	1	6
I?ABeOku?	10	14	1	6
I?ABeOkm?	10	14	1	7
I?ABeOk]?	10	14	1	7
I?ABeOk}?	10	15	1	6
I?ABeOkLO	10	14	2	6
I?ABePkm?	10	15	1	6
I?ABePk}?	10	16	1	5
I?ABePk^?	10	16	1	5
I?ABePkLO	10	15	2	5
I?ABeO{{?	10	15	1	6
I?ABeO{y?	10	15	1	5
I?ABeO{m?	10	15	1	6
I?ABeO{]?	10	15	1	6
I?ABeO{}?	10	16	1	5
I?ABeO{\?	10	15	1	6
I?ABeO{Z?	10	15	1	6
I?ABeO{N?	10	15	1	5
I?ABeO{^?	10	16	1	5
I?ABeO{LO	10	15	2	5
I?ABeP{}?	10	17	1	4
I?ABeP{^?	10	17	1	4
I?ABeOt}?	10	16	2	4
I?ABeOt^?	10	16	2	4
I?ABbR_{?	10	14	0	5
I?ABbR_]?	10	14	0	6
I?ABbR_}?	10	15	0	5
I?ABbR_\?	10	14	1	6
I?ABbR_^?	10	15	1	5
I?ABbR_Bg	10	14	1	5
I?ABbR_@w	10	14	0	5
I?ABbROk?	10	13	0	6
I?ABbRO{?	10	14	0	5
I?ABbROm?	10	14	0	7
I?ABbRO}?	10	15	0	6
I?ABbRON?	10	14	1	6
I?ABbRO^?	10	15	1	5
I?ABbROJG	10	14	2	6
I?ABbROBg	10	14	1	5
I?ABbRO@w	10	14	0	6
I?ABbRo{?	10	15	0	4
I?ABbRoy?	10	15	0	6
I?ABbRo]?	10	15	0	5
I?ABbRo}?	10	16	0	5
I?ABbRo\?	10	15	1	5
I?ABbRo^?	10	16	1	4
I?ABbQW[?	10	13	0	6
I?ABbQW{?	10	14	0	7
I?ABbQWu?	10	14	0	6
I?ABbQW]?	10	14	0	6
I?ABbQW}?	10	15	0	6
I?ABbQW\?	10	14	1	6
I?ABbQWV?	10	14	1	7
I?ABbQW^?	10	15	1	6
I?ABbQWXG	10	14	2	6
I?ABbQW@w	10	14	0	6
I?ABbPWM?	10	13	0	5
I?ABbPWm?	10	14	0	6
I?ABbPW]?	10	14	0	4
I?ABbPW}?	10	15	0	5
I?ABbPW_w	10	14	0	5
I?ABbRWm?	10	15	0	6
I?ABbRW}?	10	16	0	5
I?ABbRWN?	10	15	1	6
I?ABbRW^?	10	16	1	5
I?ABbPw]?	10	15	0	3
I?ABbPw}?	10	16	0	4
I?ABbRw}?	10	17	0	4
I?ABbRw^?	10	17	1	4
I?ABfRo{?	10	16	0	4
I?ABfRo}?	10	17	0	4
I?ABfRo^?	10	17	1	4
I?ABfRg}?	10	17	0	4
I?ABfRg^?	10	17	1	3
I?ABfRW}?	10	17	0	4
I?ABfRWN?	10	16	1	5
I?ABfRW^?	10	17	1	4
I?ABfRw}?	10	18	0	3
I?ABfPs}?	10	17	1	3
I?ABfPs^?	10	17	1	4
I?ABfPk}?	10	17	1	4
I?ABfP[}?	10	17	1	4
I?ABfP{}?	10	18	1	3
I?ABfP{^?	10	18	1	3
I?ABbro{?	10	16	0	3
I?ABbro}?	10	17	0	4
I?ABbro\?	10	16	1	4
I?ABbro^?	10	17	1	3
I?ABbrg}?	10	17	0	4
I?ABbrg^?	10	17	1	4
I?ABbpw{?	10	16	0	4
I?ABbpw]?	10	16	0	2
I?ABbpw}?	10	17	0	3
I?ABbrw}?	10	18	0	3
I?ABbrw^?	10	18	1	3
I?ABfrw}?	10	19	0	2
I?ABfrw^?	10	19	1	2
I?AFfbo}?	10	18	0	2
I?AFfbo^?	10	18	1	1
I?AFfboBw	10	18	0	1
I?AFfbg^?	10	18	1	3
I?AFf`s{?	10	17	1	2
I?AFf`s}?	10	18	1	3
I?AFf`s^?	10	18	1	2
I?AFf`k}?	10	18	1	3
I?AFf`k^?	10	18	1	2
I?AFf`{}?	10	19	1	2
I?AFf`{^?	10	19	1	1
I?AFfRW}?	10	18	0	3
I?AFfRW^?	10	18	1	3
I?AFfRw^?	10	19	1	2
I?AFfP[}?	10	18	1	3
I?AFfP[N?	10	17	1	4
I?AFfP[^?	10	18	1	3
I?AFfP{^?	10	19	1	2
I?AFfrw^?	10	20	1	1
I?AFfp{^?	10	20	1	1
I?AFbjg}?	10	18	1	3
I?AFbjg^?	10	18	1	3
I?AFbjw}?	10	19	1	2
I?AFbjw^?	10	19	1	2
I?AFbZw}?	10	19	1	2
I?AFbZw^?	10	19	1	2
I?AFbx{^?	10	20	1	1
I?ABvbo{?	10	17	0	2
I?ABvbo}?	10	18	0	3
I?ABvbo^?	10	18	1	2
I?ABvbg}?	10	18	0	3
I?ABvbg^?	10	18	1	3
I?ABvbw}?	10	19	0	2
I?ABv`s}?	10	18	1	3
I?ABv`k}?	10	18	1	3
I?ABv`{}?	10	19	1	2
I?ABv`{^?	10	19	1	2
I?ABrro}?	10	18	0	3
I?ABrro^?	10	18	1	3
I?ABrpw]?	10	17	0	1
I?ABrpw}?	10	18	0	2
I?ABrrw}?	10	19	0	2
I?ABrrw^?	10	19	1	2
I?ABvrw}?	10	20	0	1
I?ABvrw^?	10	20	1	1
I?AFvrw^?	10	21	1	0
I?AFvp{^?	10	21	1	0
I?BE@_ow?	10	11	0	5
I?BE@_o{?	10	12	0	6
I?BE@_oq?	10	11	0	5
I?BE@_oi?	10	11	0	7
I?BE@_oy?	10	12	0	6
I?BE@_o}?	10	13	0	6
I?BE@ao[?	10	12	0	6
I?BE@ao]?	10	13	0	6
I?BE@ao}?	10	14	0	5
I?BE@aoL?	10	12	1	6
I?BE@aoN?	10	13	1	6
I?BE@aoL_	10	13	1	6
I?BE@aoN_	10	14	1	5
I?BE@aoQO	10	12	1	7
I?BE@bo{?	10	14	0	4
I?BE@bo}?	10	15	0	4
I?BE@boL_	10	14	2	5
I?BE@boN_	10	15	2	4
I?BE@_gw?	10	11	0	5
I?BE@_gs?	10	11	0	5
I?BE@_gk?	10	11	0	7
I?BE@_g{?	10	12	0	6
I?BE@_gE?	10	10	0	6
I?BE@_ge?	10	11	0	7
I?BE@_gu?	10	12	0	6
I?BE@_gM?	10	11	0	6
I?BE@_gm?	10	12	0	7
I?BE@_g}?	10	13	0	6
I?BE@_goO	10	11	0	5
I?BE@_gaO	10	11	1	7
I?BE@_gqO	10	12	1	6
I?BE@_g_W	10	11	0	7
I?BE@_goW	10	12	0	6
I?BE@bg{?	10	14	0	5
I?BE@bgy?	10	14	0	5
I?BE@bgu?	10	14	0	5
I?BE@bg}?	10	15	0	4
I?BE@bgN?	10	14	1	5
I?BE@bgL_	10	14	1	5
I?BE@bgJ_	10	14	2	5
I?BE@bgF_	10	14	2	5
I?BE@bgN_	10	15	2	4
I?BE@_ww?	10	12	0	6
I?BE@_wk?	10	12	0	6
I?BE@_w{?	10	13	0	6
I?BE@_wq?	10	12	0	6
I?BE@_wy?	10	13	0	6
I?BE@_wM?	10	12	0	5
I?BE@_wm?	10	13	0	6
I?BE@_w}?	10	14	0	5
I?BE@_woO	10	12	0	5
I?BE@_waO	10	12	1	7
I?BE@_wqO	10	13	1	6
I?BE@aw]?	10	14	0	5
I?BE@aw}?	10	15	0	4
I?BE@awN?	10	14	1	5
I?BE@awL_	10	14	1	5
I?BE@awN_	10	15	1	4
I?BE@bw}?	10	16	0	3
I?BE@bwN_	10	16	2	3
I?BE@bH{?	10	14	1	5
I?BE@bHy?	10	14	1	5
I?BE@bH}?	10	15	1	4
I?BE@bHN?	10	14	1	6
I?BE@bHL_	10	14	0	5
I?BE@bHJ_	10	14	1	6
I?BE@bHN_	10	15	1	5
I?BE@bHqO	10	14	0	4
I?BE@bHLg	10	15	0	4
I?BEFbo}?	10	17	0	2
I?BEFboN_	10	17	2	2
I?BEFaw}?	10	17	0	2
I?BEFawN_	10	17	2	2
I?BEFbw}?	10	18	0	1
I?BEFbwN_	10	18	2	1
I?BEF_u{?	10	16	2	3
I?BEF_u}?	10	17	2	2
I?BEF_my?	10	16	2	3
I?BEF_m}?	10	17	2	2
I?BEF_}N_	10	18	2	1
I?BE@ro{?	10	15	0	4
I?BE@roy?	10	15	0	4
I?BE@ro}?	10	16	0	3
I?BE@roL_	10	15	2	4
I?BE@roJ_	10	15	2	4
I?BE@roN_	10	16	2	3
I?BE@oww?	10	13	0	5
I?BE@ow{?	10	14	0	5
I?BE@owM?	10	13	0	4
I?BE@owm?	10	14	0	5
I?BE@ow}?	10	15	0	4
I?BE@owoW	10	14	0	4
I?BE@qw]?	10	15	0	4
I?BE@qw}?	10	16	0	3
I?BE@qwN?	10	15	1	4
I?BE@qwL_	10	15	1	4
I?BE@qwN_	10	16	1	3
I?BE@rw}?	10	17	0	2
I?BE@rwN_	10	17	2	2
I?BEDqw}?	10	17	0	2
I?BEDqwN_	10	17	2	2
I?BEDpw}?	10	17	0	2
I?BEDpwL_	10	16	2	3
I?BEDpwN_	10	17	2	2
I?BEDrwN_	10	18	2	1
I?BEDo{]?	10	16	1	3
I?BEDo{}?	10	17	1	2
I?BEDou}?	10	17	2	2
I?BEDouL_	10	16	1	3
I?BEDouJ_	10	16	1	3
I?BEDouN_	10	17	1	2
I?BEDo}N_	10	18	1	1
I?BEFo}}?	10	19	2	0
I?BDBBo{?	10	14	0	5
I?BDBBoy?	10	14	0	5
I?BDBBo}?	10	15	0	4
I?BDBBoDo	10	14	1	5
I?BDBBoBo	10	14	0	5
I?BDBBoFo	10	15	1	4
I?BDBBoBw	10	15	0	5
I?BDB?Ww?	10	11	0	5
I?BDB?Ws?	10	11	0	7
I?BDB?W{?	10	12	0	6
I?BDB?Wu?	10	12	0	7
I?BDB?W}?	10	13	0	6
I?BDB?WL?	10	11	1	8
I?BDB?WN?	10	12	1	8
I?BDB?WoG	10	11	0	7
I?BDB?WwG	10	12	0	6
I?BDB?WHG	10	11	1	8
I?BDBBW}?	10	15	0	4
I?BDBBWF_	10	14	2	5
I?BDBBWEo	10	14	2	5
I?BDBBWDo	10	14	1	5
I?BDBBWFo	10	15	2	4
I?BDBBw}?	10	16	0	3
I?BDBBwFo	10	16	2	3
I?BDB?{u?	10	14	1	7
I?BDB?{}?	10	15	1	6
I?BDB?{U_	10	14	2	8
I?BDF@w{?	10	15	0	4
I?BDF@w}?	10	16	0	3
I?BDF@wF_	10	15	2	4
I?BDF@wFo	10	16	2	3
I?BDFBwFo	10	17	2	2
I?BDF?{}?	10	16	1	5
I?BDF?{U_	10	15	2	7
I?BDA_ow?	10	11	0	6
I?BDA_o{?	10	12	0	7
I?BDA_oq?	10	11	0	7
I?BDA_oY?	10	11	0	8
I?BDA_oy?	10	12	0	7
I?BDA_o}?	10	13	0	7
I?BDA_oL?	10	11	1	7
I?BDA_oJ?	10	11	1	8
I?BDA_oN?	10	12	1	8
I?BDAao[?	10	12	0	7
I?BDAao]?	10	13	0	7
I?BDAao}?	10	14	0	6
I?BDAaoN?	10	13	1	7
I?BDAaoS_	10	12	1	7
I?BDAaoU_	10	13	1	7
I?BDAbo{?	10	14	0	5
I?BDAbo}?	10	15	0	5
I?BDA_gw?	10	11	0	6
I?BDA_gs?	10	11	0	6
I?BDA_gk?	10	11	0	7
I?BDA_g[?	10	11	0	7
I?BDA_g{?	10	12	0	7
I?BDA_gE?	10	10	0	8
I?BDA_ge?	10	11	0	8
I?BDA_gU?	10	11	0	7
I?BDA_gu?	10	12	0	7
I?BDA_g]?	10	12	0	8
I?BDA_g}?	10	13	0	7
I?BDA_gL?	10	11	1	8
I?BDA_gJ?	10	11	1	7
I?BDA_gF?	10	11	1	8
I?BDA_gN?	10	12	1	8
I?BDA_gD_	10	11	1	7
I?BDA_gF_	10	12	2	8
I?BDA_ggO	10	11	1	7
I?BDA_gaO	10	11	1	8
I?BDA_gIO	10	11	1	7
I?BDA_giO	10	12	1	7
I?BDA_gHO	10	11	1	7
I?BDA_gBO	10	11	1	7
I?BDA_gJO	10	12	1	7
I?BDA_gAo	10	11	1	8
I?BDA_g@o	10	11	0	6
I?BDA_gBo	10	12	1	7
I?BDA_g_W	10	11	1	8
I?BDA_g@W	10	11	0	7
I?BDA_g@w	10	12	0	7
I?BDAbg{?	10	14	0	6
I?BDAbgu?	10	14	0	6
I?BDAbg}?	10	15	0	5
I?BDAbgN?	10	14	1	7
I?BDA_ww?	10	12	0	7
I?BDA_wk?	10	12	0	7
I?BDA_w{?	10	13	0	7
I?BDA_wq?	10	12	0	7
I?BDA_wi?	10	12	0	7
I?BDA_wy?	10	13	0	7
I?BDA_wm?	10	13	0	7
I?BDA_w}?	10	14	0	6
I?BDA_wL?	10	12	1	8
I?BDA_wN?	10	13	1	7
I?BDA_wS_	10	12	1	7
I?BDA_wQ_	10	12	1	8
I?BDA_wU_	10	13	1	7
I?BDA_wD_	10	12	1	8
I?BDA_wB_	10	12	1	8
I?BDA_wF_	10	13	2	7
I?BDA_wAo	10	12	1	8
I?BDA_w@o	10	12	0	7
I?BDA_wBo	10	13	1	7
I?BDAaw]?	10	14	0	6
I?BDAaw}?	10	15	0	5
I?BDAbw}?	10	16	0	4
I?BDA_sw?	10	12	1	7
I?BDA_s{?	10	13	1	7
I?BDA_sy?	10	13	1	8
I?BDA_s}?	10	14	1	7
I?BDA_sS_	10	12	2	8
I?BDA_sU_	10	13	2	8
I?BDA_sAo	10	12	1	8
I?BDA_{{?	10	14	1	6
I?BDA_{m?	10	14	1	7
I?BDA_{}?	10	15	1	6
I?BDA_Ys?	10	12	1	7
I?BDA_Y[?	10	12	1	8
I?BDA_Y{?	10	13	1	7
I?BDA_Yy?	10	13	1	7
I?BDA_Ym?	10	13	1	7
I?BDA_Y}?	10	14	1	6
I?BDA_YN?	10	13	2	8
I?BDA_YU_	10	13	1	6
I?BDA_YF_	10	13	1	6
I?BDA_YHO	10	12	1	8
I?BDA_YJO	10	13	2	7
I?BDA_YBo	10	13	1	7
I?BDA`Ym?	10	14	1	6
I?BDA`Y}?	10	15	1	5
I?BDA`YN?	10	14	2	7
I?BDA`YiO	10	14	2	7
I?BDA_]{?	10	14	1	6
I?BDA_]y?	10	14	2	6
I?BDA_]u?	10	14	2	6
I?BDA_]m?	10	14	2	6
I?BDA_]]?	10	14	2	6
I?BDA_]}?	10	15	2	5
I?BDA_]iO	10	14	2	7
I?BDA_N{?	10	14	0	6
I?BDA_Ny?	10	14	1	7
I?BDA_Nm?	10	14	1	7
I?BDA_N}?	10	15	1	6
I?BDA_NF_	10	14	1	6
I?BDA_NBo	10	14	0	5
I?BDA_N{G	10	15	0	5
I?BDBbo{?	10	15	0	4
I?BDBbo}?	10	16	0	5
I?BDBboBw	10	16	0	4
I?BDBbg{?	10	15	0	6
I?BDBbgy?	10	15	0	6
I?BDBbgu?	10	15	0	6
I?BDBbg}?	10	16	0	5
I?BDBbW{?	10	15	0	6
I?BDBbW}?	10	16	0	5
I?BDBbWN?	10	15	1	6
I?BDBbWF_	10	15	2	5
I?BDB`w}?	10	16	0	5
I?BDB`wF_	10	15	2	5
I?BDBbw}?	10	17	0	4
I?BDB_{}?	10	16	1	5
I?BDB_{U_	10	15	2	8
I?BDB_]{?	10	15	1	5
I?BDB_]y?	10	15	2	5
I?BDB_]}?	10	16	2	4
I?BDB_]Bo	10	15	1	5
I?BDFboBw	10	17	0	3
I?BDFbg}?	10	17	0	4
I?BDF`wy?	10	16	0	5
I?BDF`w}?	10	17	0	4
I?BD?r_{?	10	13	0	5
I?BD?r_u?	10	13	0	6
I?BD?r_]?	10	13	0	6
I?BD?r_}?	10	14	0	5
I?BD?r_L?	10	12	1	7
I?BD?r_N?	10	13	1	7
I?BD?r_wO	10	13	0	5
I?BD?r_HO	10	12	1	7
I?BD?pow?	10	12	0	6
I?BD?pos?	10	12	0	7
I?BD?po[?	10	12	0	6
I?BD?po{?	10	13	0	7
I?BD?poq?	10	12	0	8
I?BD?poY?	10	12	0	8
I?BD?poy?	10	13	0	7
I?BD?poe?	10	12	0	8
I?BD?pou?	10	13	0	7
I?BD?po]?	10	13	0	7
I?BD?po}?	10	14	0	6
I?BD?poL?	10	12	1	8
I?BD?poF?	10	12	1	7
I?BD?poN?	10	13	1	7
I?BD?poD_	10	12	1	7
I?BD?poB_	10	12	1	7
I?BD?poF_	10	13	1	6
I?BD?pooO	10	12	1	7
I?BD?poWO	10	12	1	7
I?BD?powO	10	13	1	6
I?BD?poHO	10	12	1	8
I?BD?po@o	10	12	0	8
I?BD?poBg	10	13	1	7
I?BD?po@w	10	13	0	7
I?BD?ro}?	10	15	0	5
I?BD?roN?	10	14	1	6
I?BD?roF_	10	14	1	5
I?BD?pWw?	10	12	0	7
I?BD?pWs?	10	12	0	7
I?BD?pWk?	10	12	0	8
I?BD?pW[?	10	12	0	7
I?BD?pW{?	10	13	0	7
I?BD?pWe?	10	12	0	6
I?BD?pWU?	10	12	0	5
I?BD?pWu?	10	13	0	6
I?BD?pWM?	10	12	0	6
I?BD?pWm?	10	13	0	7
I?BD?pW]?	10	13	0	6
I?BD?pW}?	10	14	0	6
I?BD?pWF?	10	12	1	6
I?BD?pWN?	10	13	1	7
I?BD?pWS_	10	12	1	7
I?BD?pWE_	10	12	1	6
I?BD?pWU_	10	13	1	6
I?BD?pWD_	10	12	1	7
I?BD?pWF_	10	13	1	6
I?BD?pWoO	10	12	1	7
I?BD?pWgO	10	12	1	7
I?BD?pWWO	10	12	1	7
I?BD?pWwO	10	13	1	6
I?BD?pWHO	10	12	1	8
I?BD?pWOo	10	12	1	8
I?BD?pW@o	10	12	0	7
I?BD?pWgW	10	13	1	6
I?BD?pWHW	10	13	1	7
I?BD?pW@w	10	13	0	7
I?BD?rW}?	10	15	0	5
I?BD?rWN?	10	14	1	6
I?BD?rWU_	10	14	1	6
I?BD?rWF_	10	14	2	5
I?BD?pw{?	10	14	0	6
I?BD?pwu?	10	14	0	6
I?BD?pw]?	10	14	0	6
I?BD?pw}?	10	15	0	5
I?BD?pwN?	10	14	1	6
I?BD?pwF_	10	14	2	5
I?BD?pwwO	10	14	1	5
I?BD?rw}?	10	16	0	4
I?BD?os{?	10	13	1	7
I?BD?osy?	10	13	1	7
I?BD?ose?	10	12	1	8
I?BD?osu?	10	13	1	7
I?BD?osm?	10	13	1	7
I?BD?os]?	10	13	1	7
I?BD?os}?	10	14	1	6
I?BD?osN?	10	13	1	6
I?BD?osQ_	10	12	2	8
I?BD?osE_	10	12	1	8
I?BD?osU_	10	13	2	8
I?BD?osF_	10	13	1	7
I?BD?osgO	10	12	1	7
I?BD?oswO	10	13	1	8
I?BD?osOo	10	12	1	8
I?BD?osQg	10	13	2	7
I?BD?osoW	10	13	1	6
I?BD?osOw	10	13	1	7
I?BD?o[k?	10	12	1	7
I?BD?o[{?	10	13	1	6
I?BD?o[u?	10	13	1	6
I?BD?o[m?	10	13	1	6
I?BD?o[]?	10	13	1	6
I?BD?o[}?	10	14	1	5
I?BD?o[N?	10	13	1	6
I?BD?o[E_	10	12	0	6
I?BD?o[U_	10	13	1	7
I?BD?o[gO	10	12	0	7
I?BD?o[WO	10	12	0	7
I?BD?o[wO	10	13	0	6
I?BD?o[Oo	10	12	1	7
I?BD?o[oW	10	13	0	6
I?BD?o[gW	10	13	0	6
I?BD?o[wW	10	14	0	5
I?BD?o[Ow	10	13	1	6
I?BD?o{}?	10	15	1	5
I?BD?o{U_	10	14	2	7
I?BD?o{wO	10	14	1	7
I?BD?o]}?	10	15	2	4
I?BD?o]F_	10	14	0	4
I?BD?p`w?	10	12	0	6
I?BD?p`{?	10	13	1	6
I?BD?p`u?	10	13	1	6
I?BD?p`]?	10	13	1	6
I?BD?p`}?	10	14	1	5
I?BD?p`N?	10	13	1	8
I?BD?p`D_	10	12	0	7
I?BD?p`F_	10	13	0	6
I?BD?p`wO	10	13	0	5
I?BD?p`FG	10	13	0	6
I?BD?p`Dg	10	13	0	6
I?BD?p`Fg	10	14	0	5
I?BD?r`}?	10	15	1	4
I?BD?r`F_	10	14	0	5
I?BD?r`Fg	10	15	0	4
I?BDApo{?	10	14	0	6
I?BDApoi?	10	13	0	7
I?BDApoy?	10	14	0	7
I?BDApom?	10	14	0	7
I?BDApo]?	10	14	0	6
I?BDApo}?	10	15	0	6
I?BDApoL?	10	13	1	8
I?BDApoN?	10	14	1	7
I?BDApoU_	10	14	1	6
I?BDApoF_	10	14	2	6
I?BDApoBg	10	14	1	6
I?BDApo@w	10	14	0	6
I?BDAro{?	10	15	0	5
I?BDAroy?	10	15	0	6
I?BDAro}?	10	16	0	5
I?BDAroF_	10	15	2	5
I?BDApWu?	10	14	0	5
I?BDApWm?	10	14	0	6
I?BDApW]?	10	14	0	5
I?BDApW}?	10	15	0	5
I?BDApWN?	10	14	1	7
I?BDApWU_	10	14	1	5
I?BDApWF_	10	14	1	6
I?BDApWgW	10	14	1	5
I?BDApWHW	10	14	1	6
I?BDApW@w	10	14	0	6
I?BDArW{?	10	15	0	6
I?BDArWu?	10	15	0	4
I?BDArW}?	10	16	0	5
I?BDArWF_	10	15	2	5
I?BDAoww?	10	13	0	6
I?BDAows?	10	13	0	7
I?BDAow{?	10	14	0	7
I?BDAowU?	10	13	0	6
I?BDAowu?	10	14	0	7
I?BDAow]?	10	14	0	6
I?BDAow}?	10	15	0	6
I?BDAowL?	10	13	1	7
I?BDAowF?	10	13	1	7
I?BDAowN?	10	14	1	6
I?BDAowD_	10	13	1	7
I?BDAowF_	10	14	2	6
I?BDAow@w	10	14	0	6
I?BDAqw}?	10	16	0	5
I?BDAqwU_	10	15	1	5
I?BDAqwF_	10	15	2	5
I?BDApwm?	10	15	0	6
I?BDApw}?	10	16	0	5
I?BDApwN?	10	15	1	6
I?BDApwF_	10	15	2	5
I?BDArw}?	10	17	0	4
I?BDAo{{?	10	15	1	6
I?BDAo{u?	10	15	1	6
I?BDAo{m?	10	15	1	6
I?BDAo{}?	10	16	1	5
I?BDAo{U_	10	15	2	6
I?BDApY}?	10	16	1	4
I?BDApYU_	10	15	1	4
I?BDAo]}?	10	16	2	4
I?BDAo]F_	10	15	1	4
I?BDEro}?	10	17	0	4
I?BDErW}?	10	17	0	4
I?BDEqw}?	10	17	0	4
I?BDEpw}?	10	17	0	4
I?BDEo{]?	10	16	1	5
I?BDEo{}?	10	17	1	4
I?BDEo{U_	10	16	2	6
I?BDEpY}?	10	17	1	4
I?BDBpw}?	10	17	0	4
I?BDBrw}?	10	18	0	3
I?BD@j_{?	10	14	1	6
I?BD@j_y?	10	14	1	6
I?BD@j_m?	10	14	1	7
I?BD@j_]?	10	14	1	7
I?BD@j_}?	10	15	1	6
I?BD@j_N?	10	14	2	6
I?BD@j_U_	10	14	2	8
I?BD@j_qO	10	14	1	6
I?BD@j_Qo	10	14	2	7
I?BD@jo{?	10	15	1	5
I?BD@jo}?	10	16	1	5
I?BD@jg{?	10	15	1	6
I?BD@jgy?	10	15	1	5
I?BD@jgm?	10	15	1	6
I?BD@jg}?	10	16	1	5
I?BD@jgU_	10	15	2	7
I?BD@jgQo	10	15	2	6
I?BD@hWw?	10	13	1	8
I?BD@hW{?	10	14	1	7
I?BD@hWi?	10	13	1	8
I?BD@hWy?	10	14	1	7
I?BD@hWu?	10	14	1	7
I?BD@hW}?	10	15	1	6
I?BD@hWN?	10	14	2	6
I?BD@hWU_	10	14	2	7
I?BD@hWF_	10	14	2	7
I?BD@jW]?	10	15	1	6
I?BD@jW}?	10	16	1	5
I?BD@jWF_	10	15	3	6
I?BD@jWQo	10	15	2	6
I?BD@jw}?	10	17	1	4
I?BD@hQ{?	10	14	2	8
I?BD@hQy?	10	14	2	8
I?BD@hQ}?	10	15	2	8
I?BD@hQF_	10	14	2	8
I?BD@hY{?	10	15	2	7
I?BD@hYu?	10	15	2	7
I?BD@hY}?	10	16	2	7
I?BD@g]}?	10	16	3	5
I?BD@g]Qo	10	15	3	5
I?BD@zo}?	10	17	1	4
I?BD@xw}?	10	17	1	4
I?BD@zw}?	10	18	1	3
I?BD@w{}?	10	17	2	3
I?BD@xY{?	10	16	2	7
I?BD@xY]?	10	16	2	7
I?BD@xY}?	10	17	2	6
I?BD?~o]?	10	16	2	4
I?BD?~o}?	10	17	2	3
I?BD?~W]?	10	16	2	4
I?BD?~W}?	10	17	2	3
I?BD?|w]?	10	16	2	4
I?BD?|w}?	10	17	2	3
I?BD?|wF_	10	16	2	3
I?BD?~w}?	10	18	2	2
I?BD?{{}?	10	17	3	4
I?BD?{]}?	10	17	2	2
I?BD?{]wW	10	17	0	2
I?BFF?w{?	10	15	0	4
I?BFF?wu?	10	15	0	4
I?BFF?wm?	10	15	0	4
I?BFF?w}?	10	16	0	3
I?BFF?wEo	10	15	1	4
I?BFF?wDo	10	15	1	4
I?BFF?wFo	10	16	1	3
I?BFF?w@w	10	15	0	3
I?BFFAw]?	10	16	0	3
I?BFFAwFo	10	17	2	2
I?BFFBwFo	10	18	2	1
I?BFF?s{?	10	15	1	5
I?BFF?sy?	10	15	1	5
I?BFF?su?	10	15	1	6
I?BFF?sm?	10	15	1	6
I?BFF?s}?	10	16	1	5
I?BFF?sN?	10	15	2	5
I?BFF?sqG	10	15	1	5
I?BFF?{{?	10	16	1	4
I?BFF?{u?	10	16	1	5
I?BFF?{}?	10	17	1	4
I?BFE_w{?	10	15	0	5
I?BFE_wy?	10	15	0	5
I?BFE_wm?	10	15	0	5
I?BFE_w}?	10	16	0	4
I?BFE_wL?	10	14	1	6
I?BFE_wN?	10	15	1	5
I?BFE_wBo	10	15	1	5
I?BFE_w@w	10	15	0	4
I?BFEaw]?	10	16	0	4
I?BFEaw}?	10	17	0	3
I?BFEbw}?	10	18	0	2
I?BFE_s{?	10	15	1	5
I?BFE_sy?	10	15	1	6
I?BFE_s}?	10	16	1	5
I?BFE_sF_	10	15	2	6
I?BFE_sBo	10	15	1	5
I?BFE_sqG	10	15	2	5
I?BFE_sAw	10	15	1	5
I?BFE_k{?	10	15	1	5
I?BFE_ky?	10	15	1	5
I?BFE_ku?	10	15	1	5
I?BFE_k}?	10	16	1	4
I?BFE_kF_	10	15	2	6
I?BFE_kJO	10	15	1	4
I?BFE_kBo	10	15	1	5
I?BFE_ksG	10	15	1	4
I?BFE_{{?	10	16	1	4
I?BFE_{y?	10	16	1	5
I?BFE_{m?	10	16	1	5
I?BFE_{}?	10	17	1	4
I?BFE_{Bo	10	16	2	4
I?BFFbo}?	10	18	0	3
I?BFFbg}?	10	18	0	3
I?BFFbw}?	10	19	0	2
I?BFEro}?	10	18	0	3
I?BFEqw}?	10	18	0	3
I?BFErw}?	10	19	0	2
I?BFDro}?	10	18	0	3
I?BFDqw}?	10	18	0	3
I?BFDpw{?	10	17	0	4
I?BFDpw}?	10	18	0	3
I?BF@zo{?	10	17	1	3
I?BF@zoy?	10	17	1	4
I?BF@zo}?	10	18	1	3
I?BF@zW{?	10	17	1	4
I?BF@zW}?	10	18	1	3
I?BF@zWF_	10	17	3	4
I?BF@yw}?	10	18	1	3
I?BF@ywF_	10	17	2	4
I?BF@zw}?	10	19	1	2
I?BF@w{}?	10	18	2	2
I?B@fBO{?	10	14	0	6
I?B@fBOy?	10	14	0	6
I?B@fBOm?	10	14	0	6
I?B@fBO}?	10	15	0	5
I?B@fBOL?	10	13	1	6
I?B@fBON?	10	14	1	6
I?B@fBOq_	10	14	1	6
I?B@fBOFO	10	14	1	6
I?B@fBOBo	10	14	0	7
I?B@fBOBW	10	14	0	5
I?B@fBOAw	10	14	0	6
I?B@fBO@w	10	14	0	5
I?B@fBOBw	10	15	0	6
I?B@fAo{?	10	14	0	6
I?B@fAoy?	10	14	0	6
I?B@fAou?	10	14	0	7
I?B@fAo}?	10	15	0	6
I?B@fAoN?	10	14	1	6
I?B@fBo{?	10	15	0	5
I?B@fBo}?	10	16	0	5
I?B@fBoBw	10	16	0	5
I?B@fBg{?	10	15	0	5
I?B@fBgy?	10	15	0	5
I?B@fBgu?	10	15	0	6
I?B@fBg}?	10	16	0	5
I?B@fBW{?	10	15	0	6
I?B@fBWu?	10	15	0	6
I?B@fBW}?	10	16	0	5
I?B@fAw}?	10	16	0	5
I?B@fBw}?	10	17	0	4
I?B@f?{u?	10	15	1	5
I?B@f?{}?	10	16	1	4
I?B@f?{q_	10	15	2	6
I?B@f?{FO	10	15	1	6
I?B@fBI{?	10	15	1	5
I?B@fBIu?	10	15	1	5
I?B@fBI}?	10	16	1	4
I?B@fBIq_	10	15	1	4
I?B@fbo{?	10	16	0	4
I?B@fbo}?	10	17	0	4
I?B@fboBw	10	17	0	4
I?B@fbw}?	10	18	0	3
I?B@eR_{?	10	14	0	6
I?B@eR_y?	10	14	0	6
I?B@eR_u?	10	14	0	6
I?B@eR_}?	10	15	0	5
I?B@eR_N?	10	14	1	6
I?B@eR_q_	10	14	1	5
I?B@eR_DW	10	14	1	5
I?B@eR_@w	10	14	0	5
I?B@eQo[?	10	13	0	7
I?B@eQo{?	10	14	0	6
I?B@eQoy?	10	14	0	6
I?B@eQom?	10	14	0	6
I?B@eQo]?	10	14	0	6
I?B@eQo}?	10	15	0	5
I?B@eQoL?	10	13	1	6
I?B@eQoN?	10	14	1	6
I?B@eQoQ_	10	13	1	6
I?B@eQoq_	10	14	1	5
I?B@eQoLO	10	14	1	5
I?B@eQoQg	10	14	1	6
I?B@eQoBg	10	14	1	6
I?B@eQo@w	10	14	0	6
I?B@eRo{?	10	15	0	5
I?B@eRoy?	10	15	0	5
I?B@eRo}?	10	16	0	4
I?B@eRoLO	10	15	2	4
I?B@eRG{?	10	14	0	5
I?B@eRGy?	10	14	0	4
I?B@eRG}?	10	15	0	4
I?B@eRGN?	10	14	1	6
I?B@eRGq_	10	14	0	4
I?B@eRgy?	10	15	0	5
I?B@eRgu?	10	15	0	5
I?B@eRg}?	10	16	0	4
I?B@eRgLO	10	15	1	4
I?B@eOww?	10	13	0	7
I?B@eOw{?	10	14	0	6
I?B@eOwq?	10	13	0	6
I?B@eOwi?	10	13	0	7
I?B@eOwy?	10	14	0	6
I?B@eOw}?	10	15	0	5
I?B@eOwL?	10	13	1	6
I?B@eOwJ?	10	13	1	6
I?B@eOwN?	10	14	1	5
I?B@eOwB_	10	13	1	8
I?B@eOwLO	10	14	1	5
I?B@eOw@w	10	14	0	6
I?B@eQw]?	10	15	0	5
I?B@eQw}?	10	16	0	4
I?B@eQwLO	10	15	2	4
I?B@eRw}?	10	17	0	3
I?B@eO{{?	10	15	1	5
I?B@eO{y?	10	15	1	5
I?B@eO{m?	10	15	1	5
I?B@eO{}?	10	16	1	4
I?B@eO{q_	10	15	1	6
I?B@eO{LO	10	15	1	5
I?B@eRI{?	10	15	1	4
I?B@eRIy?	10	15	1	4
I?B@eRI}?	10	16	1	3
I?B@eRIq_	10	15	0	3
I?B@eRILO	10	15	0	4
I?B@eOt}?	10	16	2	3
I?B@eOtqg	10	16	0	3
I?B@dR_{?	10	14	0	6
I?B@dR_y?	10	14	0	6
I?B@dR_m?	10	14	0	6
I?B@dR_}?	10	15	0	6
I?B@dR_q_	10	14	1	6
I?B@dR_DW	10	14	1	6
I?B@dR_@w	10	14	0	6
I?B@dRO[?	10	13	0	8
I?B@dRO{?	10	14	0	7
I?B@dROy?	10	14	0	7
I?B@dROu?	10	14	0	7
I?B@dROm?	10	14	0	6
I?B@dRO]?	10	14	0	7
I?B@dRO}?	10	15	0	6
I?B@dROL?	10	13	1	6
I?B@dRON?	10	14	1	6
I?B@dROQ_	10	13	1	7
I?B@dROq_	10	14	1	6
I?B@dROJG	10	14	2	6
I?B@dROBg	10	14	1	7
I?B@dRO@w	10	14	0	6
I?B@dRoy?	10	15	0	6
I?B@dRo}?	10	16	0	5
I?B@dRG[?	10	13	0	7
I?B@dRGy?	10	14	0	6
I?B@dRGm?	10	14	0	6
I?B@dRG]?	10	14	0	6
I?B@dRG}?	10	15	0	5
I?B@dRGN?	10	14	1	6
I?B@dRGq_	10	14	1	5
I?B@dRGLG	10	14	1	5
I?B@dRGDW	10	14	1	6
I?B@dRG@w	10	14	0	6
I?B@dPgs?	10	13	0	8
I?B@dPg{?	10	14	0	7
I?B@dPgq?	10	13	0	7
I?B@dPgy?	10	14	0	6
I?B@dPgu?	10	14	0	7
I?B@dPgm?	10	14	0	7
I?B@dPg}?	10	15	0	6
I?B@dPgo_	10	13	1	6
I?B@dPgq_	10	14	1	6
I?B@dPgDW	10	14	1	6
I?B@dPg@w	10	14	0	7
I?B@dRgm?	10	15	0	6
I?B@dRg}?	10	16	0	5
I?B@dPWw?	10	13	0	8
I?B@dPW{?	10	14	0	7
I?B@dPWq?	10	13	0	7
I?B@dPWi?	10	13	0	7
I?B@dPWY?	10	13	0	8
I?B@dPWy?	10	14	0	7
I?B@dPW}?	10	15	0	6
I?B@dPWL?	10	13	1	6
I?B@dPWJ?	10	13	1	7
I?B@dPWN?	10	14	1	6
I?B@dPWB_	10	13	1	8
I?B@dPW@w	10	14	0	7
I?B@dRW]?	10	15	0	6
I?B@dRW}?	10	16	0	5
I?B@dRWN?	10	15	1	5
I?B@dRw}?	10	17	0	4
I?B@dO{}?	10	16	1	4
I?B@dO{N?	10	15	1	4
I?B@dO{q_	10	15	2	6
I?B@fRo{?	10	16	0	5
I?B@fRo}?	10	17	0	4
I?B@fRg{?	10	16	0	5
I?B@fRg}?	10	17	0	4
I?B@fRW}?	10	17	0	4
I?B@fQw}?	10	17	0	4
I?B@fRw}?	10	18	0	3
I?B@frw}?	10	19	0	2
I?B@`j_{?	10	14	1	5
I?B@`j_y?	10	14	1	5
I?B@`j_u?	10	14	1	5
I?B@`j_m?	10	14	1	5
I?B@`j_}?	10	15	1	4
I?B@`j_N?	10	14	1	5
I?B@`j_FG	10	14	1	6
I?B@`jo{?	10	15	1	4
I?B@`jo}?	10	16	1	3
I?B@`joN?	10	15	2	4
I?B@`jooo	10	15	2	4
I?B@`joqo	10	16	2	3
I?B@`jGw?	10	13	1	6
I?B@`jG{?	10	14	1	5
I?B@`jGy?	10	14	1	5
I?B@`jGm?	10	14	1	5
I?B@`jG}?	10	15	1	4
I?B@`jGN?	10	14	1	5
I?B@`jGo_	10	13	0	6
I?B@`jGq_	10	14	0	5
I?B@`jGqO	10	14	0	5
I?B@`jGoo	10	14	0	5
I?B@`jGao	10	14	0	5
I?B@`jGqo	10	15	0	4
I?B@`jGLG	10	14	0	4
I?B@`igu?	10	14	1	5
I?B@`igm?	10	14	1	5
I?B@`ig}?	10	15	1	4
I?B@`igN?	10	14	1	5
I?B@`jgu?	10	15	1	4
I?B@`jg}?	10	16	1	3
I?B@`jgoo	10	15	1	4
I?B@`jgqo	10	16	1	3
I?B@`iw{?	10	15	1	4
I?B@`iwm?	10	15	1	4
I?B@`iw]?	10	15	1	4
I?B@`iw}?	10	16	1	3
I?B@`iwN?	10	15	1	4
I?B@`iwq_	10	15	2	4
I?B@`iwqo	10	16	2	3
I?B@`jw}?	10	17	1	2
I?B@`g{}?	10	16	2	3
I?B@`g{qo	10	16	1	4
I?B@`g{ow	10	16	0	3
I?B@`jA{?	10	14	2	5
I?B@`jAy?	10	14	1	5
I?B@`jA}?	10	15	2	4
I?B@`jAoo	10	14	0	4
I?B@`jAao	10	14	0	5
I?B@`jAqo	10	15	0	4
I?B@`jI{?	10	15	2	4
I?B@`jIy?	10	15	1	4
I?B@`jI}?	10	16	2	3
I?B@`jIN?	10	15	1	5
I?B@`jIoo	10	15	0	4
I?B@`jIao	10	15	0	4
I?B@`jIqo	10	16	0	3
I?B@`jB}?	10	16	2	3
I?B@`jJ}?	10	17	2	2
I?B@`Z_{?	10	14	1	6
I?B@`Z_u?	10	14	1	6
I?B@`Z_}?	10	15	1	5
I?B@`Z_N?	10	14	1	5
I?B@`Z_q_	10	14	2	7
I?B@`Z_FG	10	14	1	7
I?B@`Z_Bg	10	14	1	6
I?B@`ZOk?	10	13	1	7
I?B@`ZO{?	10	14	1	6
I?B@`ZOy?	10	14	1	6
I?B@`ZOu?	10	14	1	6
I?B@`ZOm?	10	14	1	6
I?B@`ZO}?	10	15	1	5
I?B@`ZON?	10	14	1	5
I?B@`ZOq_	10	14	2	7
I?B@`ZOsO	10	14	1	5
I?B@`ZOoo	10	14	1	5
I?B@`ZOJG	10	14	1	5
I?B@`ZOBg	10	14	1	6
I?B@`You?	10	14	1	6
I?B@`Yo}?	10	15	1	5
I?B@`YoN?	10	14	1	5
I?B@`Yoq_	10	14	2	7
I?B@`YoQg	10	14	2	7
I?B@`YoBg	10	14	1	6
I?B@`YoOw	10	14	1	6
I?B@`Zo}?	10	16	1	4
I?B@`ZoN?	10	15	2	4
I?B@`Zoq_	10	15	2	6
I?B@`ZosO	10	15	1	5
I?B@`Zooo	10	15	2	4
I?B@`ZG{?	10	14	1	6
I?B@`ZGq?	10	13	1	6
I?B@`ZGy?	10	14	1	6
I?B@`ZGu?	10	14	1	6
I?B@`ZGm?	10	14	1	6
I?B@`ZG}?	10	15	1	5
I?B@`ZGN?	10	14	1	5
I?B@`ZGo_	10	13	1	6
I?B@`ZGq_	10	14	1	7
I?B@`ZGsO	10	14	2	6
I?B@`ZGoo	10	14	1	5
I?B@`ZGLG	10	14	1	6
I?B@`Ygu?	10	14	1	6
I?B@`Ygm?	10	14	1	6
I?B@`Yg}?	10	15	1	5
I?B@`YgN?	10	14	1	5
I?B@`Yga_	10	13	2	8
I?B@`Ygq_	10	14	2	7
I?B@`Ygoo	10	14	1	5
I?B@`YgSW	10	14	2	7
I?B@`YgOw	10	14	1	6
I?B@`Zg}?	10	16	1	4
I?B@`ZgN?	10	15	2	4
I?B@`Zgq_	10	15	2	6
I?B@`ZgsO	10	15	2	5
I?B@`Zgoo	10	15	2	4
I?B@`YWk?	10	13	1	7
I?B@`YW{?	10	14	1	6
I?B@`YWi?	10	13	1	7
I?B@`YWy?	10	14	1	6
I?B@`YWe?	10	13	1	7
I?B@`YWu?	10	14	1	6
I?B@`YWM?	10	13	1	6
I?B@`YWm?	10	14	1	6
I?B@`YW]?	10	14	1	6
I?B@`YW}?	10	15	1	5
I?B@`YWN?	10	14	1	5
I?B@`YWq_	10	14	2	7
I?B@`YWsO	10	14	2	6
I?B@`YWoo	10	14	1	5
I?B@`YWOw	10	14	1	6
I?B@`ZW{?	10	15	1	5
I?B@`ZWy?	10	15	1	5
I?B@`ZWu?	10	15	1	5
I?B@`ZWm?	10	15	1	5
I?B@`ZW}?	10	16	1	4
I?B@`ZWN?	10	15	2	4
I?B@`ZWq_	10	15	2	6
I?B@`ZWsO	10	15	2	5
I?B@`ZWoo	10	15	2	4
I?B@`Wwu?	10	14	1	5
I?B@`Wwm?	10	14	1	5
I?B@`Ww}?	10	15	1	4
I?B@`WwN?	10	14	0	4
I?B@`Wwq_	10	14	1	7
I?B@`Wwog	10	14	0	5
I?B@`WwoW	10	14	0	5
I?B@`Ww_w	10	14	0	5
I?B@`Wwow	10	15	0	4
I?B@`Yw}?	10	16	1	4
I?B@`Ywq_	10	15	2	6
I?B@`YwsO	10	15	2	5
I?B@`Ywoo	10	15	1	4
I?B@`Zw}?	10	17	1	3
I?B@`W{}?	10	16	2	3
I?B@`W{ow	10	16	0	3
I?B@`ZA{?	10	14	2	5
I?B@`ZAu?	10	14	2	5
I?B@`ZAm?	10	14	1	5
I?B@`ZA}?	10	15	2	4
I?B@`ZAq_	10	14	1	6
I?B@`ZAoo	10	14	0	4
I?B@`ZALG	10	14	0	5
I?B@`ZAFG	10	14	0	5
I?B@`ZANG	10	15	0	4
I?B@`YI{?	10	14	2	7
I?B@`YIy?	10	14	2	7
I?B@`YIu?	10	14	2	7
I?B@`YI}?	10	15	2	6
I?B@`YIN?	10	14	1	7
I?B@`YIoo	10	14	1	6
I?B@`YISW	10	14	2	6
I?B@`ZI}?	10	16	2	5
I?B@`ZIN?	10	15	1	6
I?B@`ZIsO	10	15	2	6
I?B@`ZIoo	10	15	1	5
I?B@`ZP}?	10	16	2	4
I?B@`ZB}?	10	16	2	3
I?B@`zo}?	10	17	1	3
I?B@`zoN?	10	16	2	3
I?B@`zgu?	10	16	1	4
I?B@`zg}?	10	17	1	3
I?B@`yw}?	10	17	1	3
I?B@`ywN?	10	16	1	3
I?B@`zw}?	10	18	1	2
I?B@`w{}?	10	17	2	2
I?B@`w{ow	10	17	0	2
I?B@`zI{?	10	16	2	5
I?B@`zIy?	10	16	2	5
I?B@`zI}?	10	17	2	4
I?BDf@o{?	10	15	0	5
I?BDf@oy?	10	15	0	6
I?BDf@ou?	10	15	0	6
I?BDf@om?	10	15	0	6
I?BDf@o}?	10	16	0	5
I?BDfBo}?	10	17	0	4
I?BDf@g{?	10	15	0	6
I?BDf@gu?	10	15	0	6
I?BDf@gm?	10	15	0	6
I?BDf@g}?	10	16	0	5
I?BDf@gBo	10	15	1	6
I?BDf@g@w	10	15	0	5
I?BDf@W{?	10	15	0	6
I?BDf@Wy?	10	15	0	6
I?BDf@Wu?	10	15	0	6
I?BDf@Wm?	10	15	0	6
I?BDf@W}?	10	16	0	5
I?BDf@WN?	10	15	1	6
I?BDf@WBo	10	15	1	6
I?BDf@W@w	10	15	0	5
I?BDf?w{?	10	15	0	5
I?BDf?wy?	10	15	0	6
I?BDf?wu?	10	15	0	6
I?BDf?wm?	10	15	0	5
I?BDf?w}?	10	16	0	5
I?BDf?wFO	10	15	2	5
I?BDf?wBo	10	15	1	5
I?BDf?w@w	10	15	0	5
I?BDf@w{?	10	16	0	5
I?BDf@wy?	10	16	0	5
I?BDf@wu?	10	16	0	5
I?BDf@w}?	10	17	0	4
I?BDf@wBo	10	16	1	5
I?BDf?[[?	10	14	1	6
I?BDf?[{?	10	15	1	5
I?BDf?[]?	10	15	1	5
I?BDf?[}?	10	16	1	4
I?BDf?[FO	10	15	1	4
I?BDf?[Bo	10	15	1	5
I?BDf?[wG	10	15	1	4
I?BDf?{}?	10	17	1	4
I?BDf?{N?	10	16	2	4
I?BDf?{FO	10	16	2	5
I?BDf?{Bo	10	16	2	4
I?BDd`o{?	10	15	0	5
I?BDd`oy?	10	15	0	6
I?BDd`om?	10	15	0	5
I?BDd`o]?	10	15	0	6
I?BDd`o}?	10	16	0	5
I?BDd`oN?	10	15	1	5
I?BDdbo}?	10	17	0	4
I?BDd`g{?	10	15	0	6
I?BDd`gy?	10	15	0	5
I?BDd`gu?	10	15	0	6
I?BDd`gm?	10	15	0	6
I?BDd`g}?	10	16	0	5
I?BDd`gQo	10	15	2	5
I?BDd`gBo	10	15	1	6
I?BDd`g@w	10	15	0	5
I?BDd`w{?	10	16	0	5
I?BDd`wm?	10	16	0	5
I?BDd`w}?	10	17	0	4
I?BDd`wQo	10	16	2	4
I?BDd`wBo	10	16	1	5
I?BDd_{{?	10	16	1	4
I?BDd_{m?	10	16	1	5
I?BDd_{}?	10	17	1	4
I?BDd_{N?	10	16	1	4
I?BDd_{Qo	10	16	2	5
I?BDd_{Bo	10	16	2	4
I?BDbbo{?	10	16	0	4
I?BDbboy?	10	16	0	5
I?BDbbom?	10	16	0	5
I?BDbbo}?	10	17	0	4
I?BDbboBo	10	16	0	5
I?BDbbgy?	10	16	0	5
I?BDbbgu?	10	16	0	6
I?BDbbg}?	10	17	0	5
I?BDbbgBo	10	16	1	5
I?BDbawm?	10	16	0	5
I?BDbaw}?	10	17	0	5
I?BDbawBo	10	16	1	5
I?BDbbw}?	10	18	0	4
I?BDb_{}?	10	17	1	4
I?BDb_{N?	10	16	2	4
I?BDb_{Bo	10	16	2	4
I?BDfbo}?	10	18	0	3
I?BDfboBw	10	18	0	3
I?BDf`w{?	10	17	0	4
I?BDf`w}?	10	18	0	4
I?BDePo{?	10	15	0	5
I?BDePoy?	10	15	0	6
I?BDePo}?	10	16	0	5
I?BDePoN?	10	15	1	6
I?BDePoLO	10	15	2	5
I?BDePoBg	10	15	1	6
I?BDePo@w	10	15	0	5
I?BDeOw[?	10	14	0	7
I?BDeOw{?	10	15	0	6
I?BDeOwy?	10	15	0	6
I?BDeOwm?	10	15	0	5
I?BDeOw]?	10	15	0	6
I?BDeOw}?	10	16	0	5
I?BDeOwL?	10	14	1	6
I?BDeOwN?	10	15	1	5
I?BDeOwLO	10	15	2	5
I?BDeOw@w	10	15	0	5
I?BDePw{?	10	16	0	5
I?BDePwy?	10	16	0	5
I?BDePw}?	10	17	0	4
I?BDePwN?	10	16	1	5
I?BDePwLO	10	16	2	4
I?BDeOs{?	10	15	1	5
I?BDeOs]?	10	15	1	5
I?BDeOs}?	10	16	1	4
I?BDeOsN?	10	15	2	5
I?BDeOsLO	10	15	1	4
I?BDeOsqG	10	15	1	4
I?BDeOsQg	10	15	1	6
I?BDeOkY?	10	14	1	7
I?BDeOky?	10	15	1	6
I?BDeOk]?	10	15	1	6
I?BDeOk}?	10	16	1	5
I?BDeOkN?	10	15	2	5
I?BDeOkLO	10	15	2	6
I?BDeOksG	10	15	2	5
I?BDeO{}?	10	17	1	4
I?BDeO{LO	10	16	2	5
I?BDeOt}?	10	17	2	3
I?BDdPo{?	10	15	0	6
I?BDdPoy?	10	15	0	6
I?BDdPou?	10	15	0	7
I?BDdPom?	10	15	0	6
I?BDdPo}?	10	16	0	6
I?BDdPoBg	10	15	1	6
I?BDdPo@w	10	15	0	6
I?BDdPW[?	10	14	0	8
I?BDdPW{?	10	15	0	7
I?BDdPWu?	10	15	0	6
I?BDdPWm?	10	15	0	6
I?BDdPW]?	10	15	0	7
I?BDdPW}?	10	16	0	6
I?BDdPWN?	10	15	1	6
I?BDdPW@w	10	15	0	6
I?BDdOw{?	10	15	0	6
I?BDdOwu?	10	15	0	6
I?BDdOwm?	10	15	0	5
I?BDdOw}?	10	16	0	5
I?BDdOwOw	10	15	1	6
I?BDdOw@w	10	15	0	6
I?BDdPw{?	10	16	0	6
I?BDdPwm?	10	16	0	5
I?BDdPw}?	10	17	0	5
I?BDdO[m?	10	15	1	5
I?BDdO[]?	10	15	1	6
I?BDdO[}?	10	16	1	5
I?BDdO[N?	10	15	1	5
I?BDdO[wG	10	15	2	5
I?BDdO[Ow	10	15	1	5
I?BDdO{m?	10	16	1	5
I?BDdO{}?	10	17	1	4
I?BDdO{N?	10	16	1	4
I?BDbRo{?	10	16	0	5
I?BDbRoy?	10	16	0	5
I?BDbRou?	10	16	0	6
I?BDbRo}?	10	17	0	5
I?BDbRWu?	10	16	0	6
I?BDbRW}?	10	17	0	5
I?BDbQw{?	10	16	0	6
I?BDbQwy?	10	16	0	5
I?BDbQw}?	10	17	0	5
I?BDbRw}?	10	18	0	4
I?BDbO{u?	10	16	1	5
I?BDbO{}?	10	17	1	4
I?BDfRo}?	10	18	0	4
I?BDfRW}?	10	18	0	4
I?BDfPw{?	10	17	0	5
I?BDfPw}?	10	18	0	4
I?BDfO{}?	10	18	1	3
I?BDdro}?	10	18	0	4
I?BDdrg}?	10	18	0	4
I?BDdqw}?	10	18	0	4
I?BDdpw{?	10	17	0	5
I?BDdpwm?	10	17	0	4
I?BDdpw}?	10	18	0	4
I?BDdo{{?	10	17	1	4
I?BDdo{m?	10	17	1	4
I?BDdo{}?	10	18	1	3
I?BDbpw}?	10	18	0	4
I?BDbrw}?	10	19	0	3
I?BD`zo{?	10	17	1	3
I?BD`zo}?	10	18	1	3
I?BD`xw}?	10	18	1	3
I?BD`zw}?	10	19	1	2
I?BD`w{}?	10	18	2	2
I?BFfbo}?	10	19	0	2
I?BFfboBw	10	19	0	2
I?BFfbg}?	10	19	0	3
I?BFfbw}?	10	20	0	2
I?BFfRW}?	10	19	0	3
I?BFfRw}?	10	20	0	2
I?B@vBo{?	10	16	0	4
I?B@vBoy?	10	16	0	5
I?B@vBou?	10	16	0	5
I?B@vBo}?	10	17	0	4
I?B@vBWu?	10	16	0	5
I?B@vBW}?	10	17	0	4
I?B@vAw{?	10	16	0	5
I?B@vAw}?	10	17	0	4
I?B@vBw}?	10	18	0	3
I?B@v?{u?	10	16	1	4
I?B@v?{}?	10	17	1	3
I?B@v?{FO	10	16	1	5
I?B@t`o{?	10	15	0	5
I?B@t`om?	10	15	0	6
I?B@t`o}?	10	16	0	5
I?B@t`oN?	10	15	1	5
I?B@t`oBW	10	15	1	5
I?B@t`o@w	10	15	0	6
I?B@tbo{?	10	16	0	4
I?B@tbo}?	10	17	0	4
I?B@t`gs?	10	14	0	7
I?B@t`g{?	10	15	0	6
I?B@t`ge?	10	14	0	7
I?B@t`gu?	10	15	0	6
I?B@t`gm?	10	15	0	6
I?B@t`g}?	10	16	0	5
I?B@t`g@w	10	15	0	6
I?B@tbgm?	10	16	0	5
I?B@tbg}?	10	17	0	4
I?B@taw{?	10	16	0	5
I?B@tawm?	10	16	0	4
I?B@taw}?	10	17	0	4
I?B@t`w{?	10	16	0	5
I?B@t`wm?	10	16	0	5
I?B@t`w]?	10	16	0	5
I?B@t`w}?	10	17	0	4
I?B@t`wN?	10	16	1	4
I?B@tbw}?	10	18	0	3
I?B@t_{{?	10	16	1	4
I?B@t_{m?	10	16	1	4
I?B@t_{}?	10	17	1	3
I?B@t_{N?	10	16	1	3
I?B@vbo{?	10	17	0	3
I?B@vboy?	10	17	0	4
I?B@vbo}?	10	18	0	3
I?B@vbg}?	10	18	0	3
I?B@vaw{?	10	17	0	4
I?B@vawm?	10	17	0	4
I?B@vaw}?	10	18	0	3
I?B@vbw}?	10	19	0	2
I?B@pr_s?	10	14	0	6
I?B@pr_{?	10	15	0	5
I?B@pr_e?	10	14	0	6
I?B@pr_u?	10	15	0	5
I?B@pr_m?	10	15	0	5
I?B@pr_}?	10	16	0	4
I?B@pr_F?	10	14	1	5
I?B@pr_N?	10	15	1	4
I?B@pr_oo	10	15	1	4
I?B@pr_FG	10	15	1	5
I?B@pr_@w	10	15	0	5
I?B@pqo{?	10	15	0	5
I?B@pqom?	10	15	0	5
I?B@pqo]?	10	15	0	5
I?B@pqo}?	10	16	0	4
I?B@pqoN?	10	15	1	4
I?B@pqooo	10	15	1	4
I?B@pqoOw	10	15	1	5
I?B@pqo@w	10	15	0	5
I?B@pro{?	10	16	0	4
I?B@prom?	10	16	0	4
I?B@pro}?	10	17	0	3
I?B@proN?	10	16	1	3
I?B@prooo	10	16	2	3
I?B@pow{?	10	15	0	4
I?B@powm?	10	15	0	3
I?B@pow}?	10	16	0	3
I?B@powN?	10	15	0	3
I?B@pqwm?	10	16	0	4
I?B@pqw]?	10	16	0	4
I?B@pqw}?	10	17	0	3
I?B@pqwoo	10	16	1	3
I?B@prw}?	10	18	0	2
I?B@po{m?	10	16	1	3
I?B@po{}?	10	17	1	2
I?B@po{N?	10	16	0	2
I?B@po{oo	10	16	0	3
I?B@tqwm?	10	17	0	3
I?B@tqw]?	10	17	0	4
I?B@tqw}?	10	18	0	3
I?B@tpw}?	10	18	0	3
I?B@trw}?	10	19	0	2
I?B@vrw}?	10	20	0	1
I?B@pzo}?	10	18	1	2
I?B@pzoN?	10	17	2	2
I?B@pywm?	10	17	1	3
I?B@pyw]?	10	17	1	3
I?B@pyw}?	10	18	1	2
I?B@pywN?	10	17	1	2
I?B@pzw}?	10	19	1	1
I?B@pw{}?	10	18	2	1
I?B@pw{ow	10	18	0	1
I?BDvbo}?	10	19	0	3
I?BDvbg}?	10	19	0	3
I?BDtro}?	10	19	0	3
I?BDtqw}?	10	19	0	3
I?BDtpwm?	10	18	0	3
I?BDtpw}?	10	19	0	3
I?BDrro{?	10	18	0	4
I?BDrro}?	10	19	0	3
I?BDrrw}?	10	20	0	2
I?B@nAo{?	10	15	1	5
I?B@nAoy?	10	15	1	6
I?B@nAo}?	10	16	1	5
I?B@nAoN?	10	15	2	5
I?B@nAoFO	10	15	2	6
I?B@nAoBW	10	15	1	5
I?B@nBo{?	10	16	1	4
I?B@nBo}?	10	17	1	4
I?B@nBoN?	10	16	2	4
I?B@nBoq_	10	16	2	4
I?B@nBoFO	10	16	2	5
I?B@nBg{?	10	16	1	5
I?B@nBgy?	10	16	1	4
I?B@nBg}?	10	17	1	4
I?B@nBgN?	10	16	2	4
I?B@nBgq_	10	16	1	4
I?B@nBgFO	10	16	2	5
I?B@nBW}?	10	17	1	4
I?B@nBWq_	10	16	2	4
I?B@nBWFO	10	16	3	5
I?B@nAw}?	10	17	1	4
I?B@nAwN?	10	16	2	4
I?B@nAwFO	10	16	2	5
I?B@nBw}?	10	18	1	3
I?B@nBI}?	10	17	2	3
I?B@nBIFO	10	16	2	6
I?B@nbo{?	10	17	1	3
I?B@nbo}?	10	18	1	3
I?B@nbw}?	10	19	1	2
I?B@mRoy?	10	16	1	4
I?B@mRo}?	10	17	1	3
I?B@mRoN?	10	16	2	4
I?B@mRoq_	10	16	2	3
I?B@mRoLO	10	16	2	3
I?B@mRgy?	10	16	1	4
I?B@mRgu?	10	16	1	4
I?B@mRg}?	10	17	1	3
I?B@mRgN?	10	16	2	4
I?B@mRgq_	10	16	1	3
I?B@mRgLO	10	16	1	3
I?B@mOw{?	10	15	1	5
I?B@mOwy?	10	15	1	5
I?B@mOw}?	10	16	1	4
I?B@mOwN?	10	15	1	4
I?B@mOwLO	10	15	1	4
I?B@mQw]?	10	16	1	4
I?B@mQw}?	10	17	1	3
I?B@mQwN?	10	16	2	4
I?B@mQwq_	10	16	2	3
I?B@mQwLO	10	16	2	3
I?B@mRw}?	10	18	1	2
I?B@mO{}?	10	17	2	3
I?B@lR_{?	10	15	1	6
I?B@lR_y?	10	15	1	5
I?B@lR_m?	10	15	1	6
I?B@lR_}?	10	16	1	5
I?B@lR_N?	10	15	2	5
I?B@lR_q_	10	15	1	5
I?B@lR_FG	10	15	2	6
I?B@lR_DW	10	15	1	5
I?B@lRo}?	10	17	1	4
I?B@lRoN?	10	16	2	4
I?B@lQg{?	10	15	1	6
I?B@lQgy?	10	15	1	5
I?B@lQg}?	10	16	1	5
I?B@lQgN?	10	15	1	5
I?B@lQgSW	10	15	2	6
I?B@lQgDW	10	15	1	5
I?B@lRg}?	10	17	1	4
I?B@lRgN?	10	16	2	4
I?B@lRgq_	10	16	1	4
I?B@lPW{?	10	15	1	6
I?B@lPWy?	10	15	1	6
I?B@lPW}?	10	16	1	5
I?B@lPWN?	10	15	2	5
I?B@lRW]?	10	16	1	5
I?B@lRW}?	10	17	1	4
I?B@lRWN?	10	16	2	4
I?B@lRWq_	10	16	2	4
I?B@lRw}?	10	18	1	3
I?B@lO{}?	10	17	2	3
I?B@nRo}?	10	18	1	3
I?B@nRg}?	10	18	1	3
I?B@nRW}?	10	18	1	3
I?B@nRWN?	10	17	2	3
I?B@nQw}?	10	18	1	3
I?B@nRw}?	10	19	1	2
I?B@nrw}?	10	20	1	1
I?B@hzo}?	10	18	2	2
I?B@hzg}?	10	18	2	2
I?B@hyw}?	10	18	2	2
I?B@hzw}?	10	19	2	1
I?B@hzI}?	10	18	3	3
I?B@~bo{?	10	18	1	2
I?B@~bo}?	10	19	1	2
I?B@~bg}?	10	19	1	2
I?B@~bw}?	10	20	1	1
I?B@|ro}?	10	19	1	2
I?B@|qwm?	10	18	1	3
I?B@|qw}?	10	19	1	2
I?B@|pw}?	10	19	1	2
I?B@|rw}?	10	20	1	1
I?B@~rw}?	10	21	1	0
I?B@xzo}?	10	19	2	1
I?B@xyw}?	10	19	2	1
I?B@xzw}?	10	20	2	0
I?BfFBw}?	10	19	0	0
I?BfFBwFo	10	19	2	0
I?BfFbw}?	10	20	0	1
I?BfEqw]?	10	18	0	3
I?BfEqw}?	10	19	0	2
I?BfErw}?	10	20	0	1
I?BfFrw}?	10	21	0	0
I?Bef?w{?	10	16	0	5
I?Bef?wy?	10	16	0	5
I?Bef?wu?	10	16	0	5
I?Bef?wm?	10	16	0	5
I?Bef?w}?	10	17	0	4
I?Bef?wFO	10	16	2	4
I?Bef?wBo	10	16	1	5
I?Bef?w@w	10	16	0	4
I?Bed`o{?	10	16	0	4
I?Bed`oy?	10	16	0	5
I?Bed`o}?	10	17	0	4
I?Bed`g{?	10	16	0	5
I?Bed`gy?	10	16	0	5
I?Bed`gu?	10	16	0	6
I?Bed`g]?	10	16	0	5
I?Bed`g}?	10	17	0	5
I?Bed`gBo	10	16	1	5
I?Bed`g@w	10	16	0	5
I?Bed`w{?	10	17	0	4
I?Bed`wy?	10	17	0	5
I?Bed`w]?	10	17	0	4
I?Bed`w}?	10	18	0	4
I?Bed`wBo	10	17	1	4
I?Befbo}?	10	19	0	2
I?BeeOw{?	10	16	0	6
I?BeeOwM?	10	15	0	6
I?BeeOwm?	10	16	0	6
I?BeeOw}?	10	17	0	5
I?BeeOw@w	10	16	0	5
I?BeeRw}?	10	19	0	3
I?BefRo}?	10	19	0	3
I?BefQw}?	10	19	0	4
I?BefRw}?	10	20	0	3
I?Bedpw{?	10	18	0	4
I?Bedpwy?	10	18	0	5
I?Bedpw}?	10	19	0	4
I?Bffbo}?	10	20	0	1
I?Bffbg}?	10	20	0	2
I?Bffbw}?	10	21	0	1
I?BffRw}?	10	21	0	2
I?Bffrw}?	10	22	0	1
I?Bcv@W{?	10	16	0	5
I?Bcv@Wu?	10	16	0	4
I?Bcv@Wm?	10	16	0	5
I?Bcv@W}?	10	17	0	4
I?Bcv@WFO	10	16	2	4
I?Bcv@W@w	10	16	0	4
I?Bcv@w{?	10	17	0	4
I?Bcv@wu?	10	17	0	4
I?Bcv@w]?	10	17	0	4
I?Bcv@w}?	10	18	0	3
I?Bcv@wFO	10	17	2	3
I?Bcu`g{?	10	16	0	6
I?Bcu`gy?	10	16	0	5
I?Bcu`gM?	10	15	0	8
I?Bcu`gm?	10	16	0	7
I?Bcu`g}?	10	17	0	6
I?Bcu`g@w	10	16	0	5
I?Bcu`w{?	10	17	0	5
I?Bcu`wy?	10	17	0	6
I?Bcu`w}?	10	18	0	5
I?Bcrbo{?	10	17	0	4
I?Bcrboy?	10	17	0	5
I?Bcrbou?	10	17	0	4
I?Bcrbo}?	10	18	0	4
I?Bcrbgy?	10	17	0	5
I?Bcrbgu?	10	17	0	6
I?Bcrbg]?	10	17	0	6
I?Bcrbg}?	10	18	0	5
I?BcrbWu?	10	17	0	4
I?BcrbWm?	10	17	0	6
I?BcrbW}?	10	18	0	5
I?Bcrbw}?	10	19	0	4
I?Bcvbg}?	10	19	0	4
I?BcvbW}?	10	19	0	4
I?Bcv`w{?	10	18	0	4
I?Bcv`wy?	10	18	0	5
I?Bcv`wu?	10	18	0	5
I?Bcv`w}?	10	19	0	4
I?Bcrpw{?	10	18	0	5
I?Bcrpw]?	10	18	0	4
I?Bcrpw}?	10	19	0	4
I?Bcrrw}?	10	20	0	3
I?Bevbo}?	10	20	0	2
I?Bevbg}?	10	20	0	3
I?Bevbw}?	10	21	0	2
I?Beuro}?	10	20	0	3
I?BeurW}?	10	20	0	2
I?Beuqw}?	10	20	0	3
I?Beurw}?	10	21	0	2
I?Betro}?	10	20	0	3
I?Betpw{?	10	19	0	4
I?Betpwu?	10	19	0	4
I?Betpw}?	10	20	0	3
I?Bvfbo}?	10	21	0	0
I?Bvfbg}?	10	21	0	1
I?Bvfbw}?	10	22	0	0
I?BvfRg}?	10	21	0	2
I?BvfRw}?	10	22	0	1
I?Bvfrw}?	10	23	0	0
I?BvUro}?	10	21	0	2
I?BvUqw]?	10	20	0	4
I?BvUqw}?	10	21	0	3
I?BvUrw}?	10	22	0	2
I?BvVrw}?	10	23	0	1
I?Bvvrw}?	10	24	0	0
I?B~vrw}?	10	25	0	0
I?`@FBo{?	10	14	0	4
I?`@FBo]?	10	14	1	6
I?`@FBoF_	10	14	1	6
I?`@FBoBo	10	14	0	5
I?`@FBoFo	10	15	1	5
I?`@FBoBw	10	15	0	4
I?`@F@g{?	10	13	1	6
I?`@F@gd_	10	13	1	7
I?`@F@gDo	10	13	1	6
I?`@F@gBo	10	13	1	7
I?`@F@gFo	10	14	1	6
I?`@F@gDW	10	13	1	6
I?`@F@g@w	10	13	1	5
I?`@F@gDw	10	14	1	5
I?`@F@wd_	10	14	2	7
I?`@F@wF_	10	14	2	6
I?`@F@wBo	10	14	1	6
I?`@F@wFo	10	15	2	5
I?`@F?k{?	10	13	1	7
I?`@F?k]?	10	13	2	8
I?`@F?ks_	10	13	1	8
I?`@F?kQ_	10	12	2	9
I?`@F?kU_	10	13	2	9
I?`@F?kFo	10	14	1	7
I?`@F?kCw	10	13	2	7
I?`@F?{U_	10	14	2	8
I?`@F?{F_	10	14	1	7
I?`@F?{Fo	10	15	1	6
I?`@F?Mw?	10	12	0	6
I?`@F?M{?	10	13	0	6
I?`@F?MY?	10	12	1	8
I?`@F?M]?	10	13	1	7
I?`@F?MFo	10	14	0	5
I?`@F?]F_	10	14	0	5
I?`@F?]Fo	10	15	0	4
I?`@?b_w?	10	10	0	4
I?`@?b_s?	10	10	0	6
I?`@?b_{?	10	11	0	5
I?`@?b_Y?	10	10	1	6
I?`@?b_]?	10	11	1	7
I?`@?b_F?	10	10	0	7
I?`@?b_N?	10	11	1	7
I?`@?b_B_	10	10	0	7
I?`@?b_F_	10	11	0	6
I?`@?b_FG	10	11	0	6
I?`@?b_Bg	10	11	0	6
I?`@?b_Fg	10	12	0	5
I?`@?bo{?	10	12	0	4
I?`@?bo]?	10	12	1	6
I?`@?boN?	10	12	2	8
I?`@?boF_	10	12	1	7
I?`@?boBo	10	12	0	5
I?`@?boBw	10	13	0	4
I?`@Cb_{?	10	12	0	6
I?`@Cb_]?	10	12	1	7
I?`@Cb_l?	10	12	1	7
I?`@Cb_N?	10	12	2	8
I?`@Cb_d_	10	12	1	7
I?`@Cb_F_	10	12	1	7
I?`@Cb_WO	10	11	1	7
I?`@Cb_YO	10	12	1	7
I?`@Cb_HO	10	11	1	8
I?`@Cb_JO	10	12	1	8
I?`@Cb_Bo	10	12	0	7
I?`@Cb_Fg	10	13	1	6
I?`@Cb_BW	10	12	0	6
I?`@Cb_@w	10	12	0	7
I?`@Cb_Bw	10	13	0	6
I?`@CbO{?	10	12	0	5
I?`@CbO]?	10	12	1	7
I?`@CbOl?	10	12	1	6
I?`@CbON?	10	12	1	7
I?`@CbOWO	10	11	1	7
I?`@CbOYO	10	12	1	7
I?`@CbOJO	10	12	0	6
I?`@CbOIW	10	12	0	5
I?`@CbOBW	10	12	0	5
I?`@CbOJW	10	13	0	5
I?`@C`ow?	10	11	0	7
I?`@C`os?	10	11	0	6
I?`@C`o[?	10	11	0	5
I?`@C`o{?	10	12	0	6
I?`@C`oY?	10	11	1	7
I?`@C`o]?	10	12	1	6
I?`@C`oh?	10	11	1	8
I?`@C`od?	10	11	1	7
I?`@C`oL?	10	11	1	7
I?`@C`ol?	10	12	1	7
I?`@C`oN?	10	12	2	8
I?`@C`o`_	10	11	1	8
I?`@C`od_	10	12	1	8
I?`@C`oB_	10	11	0	8
I?`@C`oF_	10	12	1	8
I?`@C`oWO	10	11	1	7
I?`@C`oQO	10	11	1	7
I?`@C`oYO	10	12	1	7
I?`@C`oHO	10	11	1	8
I?`@C`oBO	10	11	0	7
I?`@C`oJO	10	12	1	8
I?`@C`o@o	10	11	0	8
I?`@C`oBo	10	12	0	7
I?`@C`o`g	10	12	1	7
I?`@C`oBg	10	12	0	7
I?`@C`oBW	10	12	0	6
I?`@C`o@w	10	12	0	7
I?`@C`oBw	10	13	0	6
I?`@CboYO	10	13	2	7
I?`@CboJO	10	13	1	7
I?`@CboBo	10	13	0	6
I?`@CboBw	10	14	0	5
I?`@C_WW?	10	9	1	7
I?`@C_Ws?	10	10	1	6
I?`@C_W{?	10	11	1	7
I?`@C`Ww?	10	11	1	8
I?`@C`Ws?	10	11	1	6
I?`@C`Wk?	10	11	1	7
I?`@C`W[?	10	11	1	7
I?`@C`W{?	10	12	1	7
I?`@C`WU?	10	11	1	5
I?`@C`W]?	10	12	1	6
I?`@C`Wh?	10	11	1	8
I?`@C`Wd?	10	11	1	7
I?`@C`Wl?	10	12	1	8
I?`@C`WF?	10	11	2	7
I?`@C`WN?	10	12	2	8
I?`@C`WhG	10	12	1	7
I?`@C`w{?	10	13	1	7
I?`@C`w]?	10	13	1	5
I?`@C`wl?	10	13	2	7
I?`@C`wN?	10	13	2	7
I?`@C`wd_	10	13	1	8
I?`@C`wF_	10	13	2	8
I?`@Eb_{?	10	13	0	5
I?`@Eb_]?	10	13	1	7
I?`@Eb_N?	10	13	2	7
I?`@Eb_s_	10	13	1	6
I?`@Eb_U_	10	13	2	7
I?`@Eb_F_	10	13	1	7
I?`@Eb_JO	10	13	1	7
I?`@Eb_Bo	10	13	0	6
I?`@Eb_Fg	10	14	1	6
I?`@Eb_BW	10	13	0	5
I?`@Eb_Aw	10	13	0	6
I?`@Eb_Bw	10	14	0	5
I?`@Eao[?	10	12	0	6
I?`@Eao]?	10	13	1	7
I?`@Eaol?	10	13	1	6
I?`@EaoN?	10	13	2	7
I?`@Eaod_	10	13	2	7
I?`@EaoF_	10	13	1	8
I?`@EaoJO	10	13	1	7
I?`@EaoBW	10	13	0	6
I?`@Eao@w	10	13	0	6
I?`@EaoBw	10	14	0	5
I?`@Ebo{?	10	14	0	4
I?`@Ebos_	10	14	1	5
I?`@EboJO	10	14	1	6
I?`@EboBo	10	14	0	5
I?`@E`g{?	10	13	1	6
I?`@E`g]?	10	13	1	7
I?`@E`gh?	10	12	2	9
I?`@E`gl?	10	13	2	8
I?`@E`gN?	10	13	2	8
I?`@E`gs_	10	13	1	7
I?`@E`gU_	10	13	2	8
I?`@E`gd_	10	13	1	7
I?`@E`gF_	10	13	2	8
I?`@E`gJO	10	13	1	7
I?`@E`gBo	10	13	1	8
I?`@E`g`g	10	13	1	7
I?`@E`gdg	10	14	1	6
I?`@E`g@w	10	13	1	6
I?`@E`W{?	10	13	1	6
I?`@E`Wl?	10	13	2	8
I?`@E`WJO	10	13	1	7
I?`@E`WHW	10	13	1	6
I?`@E_ww?	10	12	1	8
I?`@E_ws?	10	12	1	6
I?`@E_wk?	10	12	1	7
I?`@E_w[?	10	12	1	7
I?`@E_w{?	10	13	1	7
I?`@E_wh?	10	12	2	9
I?`@E_wl?	10	13	2	8
I?`@E_wJ?	10	12	1	8
I?`@E_wN?	10	13	1	7
I?`@E_wd_	10	13	2	8
I?`@E_wJO	10	13	1	7
I?`@E_wBo	10	13	1	7
I?`@E_w@w	10	13	1	7
I?`@E`wl?	10	14	2	8
I?`@E`wd_	10	14	2	7
I?`@E`wJO	10	14	2	6
I?`@E`wBo	10	14	1	7
I?`@E_kw?	10	12	1	8
I?`@E_k{?	10	13	1	7
I?`@E_kY?	10	12	1	8
I?`@E_kU?	10	12	1	8
I?`@E_k]?	10	13	2	7
I?`@E_kJ?	10	12	0	6
I?`@E_kN?	10	13	1	7
I?`@E_ko_	10	12	0	7
I?`@E_ks_	10	13	0	6
I?`@E_kQ_	10	12	1	9
I?`@E_kU_	10	13	1	8
I?`@E_kB_	10	12	1	7
I?`@E_kF_	10	13	2	7
I?`@E_ksG	10	13	0	5
I?`@E_kog	10	13	0	6
I?`@E_kcg	10	13	0	6
I?`@E_ksg	10	14	0	5
I?`@E_[w?	10	12	1	8
I?`@E_[s?	10	12	1	6
I?`@E_[{?	10	13	1	7
I?`@E_[Y?	10	12	2	9
I?`@E_[U?	10	12	2	7
I?`@E_[]?	10	13	2	8
I?`@E_[JO	10	13	1	7
I?`@E_{{?	10	14	2	6
I?`@E_{]?	10	14	2	7
I?`@E_{N?	10	14	1	6
I?`@E_{s_	10	14	1	7
I?`@E_{U_	10	14	2	7
I?`@E_{F_	10	14	2	7
I?`@E_{JO	10	14	1	6
I?`@E_{Bo	10	14	2	6
I?`@E_lsg	10	15	0	4
I?`@FboBw	10	16	0	3
I?`@F_{U_	10	15	3	8
I?`@F_]{?	10	15	1	6
I?`@F_]]?	10	15	2	6
I?`DF@w{?	10	15	1	5
I?`DF@wl?	10	15	2	7
I?`DF@wF_	10	15	2	5
I?`DF@wFo	10	16	2	4
I?`DF?s{?	10	14	1	6
I?`DF?sl?	10	14	1	5
I?`DF?sU_	10	14	2	7
I?`DF?sF_	10	14	1	6
I?`DF?sBo	10	14	1	6
I?`DF?sFo	10	15	1	5
I?`DF?sAw	10	14	1	5
I?`DFAsFo	10	16	2	4
I?`DF?k{?	10	14	1	6
I?`DF?k]?	10	14	2	7
I?`DF?kl?	10	14	2	7
I?`DF?kN?	10	14	2	6
I?`DF?kQ_	10	13	2	8
I?`DF?kU_	10	14	2	8
I?`DF?kB_	10	13	1	7
I?`DF?kF_	10	14	1	7
I?`DF?kFO	10	14	1	7
I?`DF?kEo	10	14	1	7
I?`DF?kDo	10	14	1	7
I?`DF?kBo	10	14	1	6
I?`DF?kFo	10	15	1	6
I?`DF?ksG	10	14	1	6
I?`DF?kCw	10	14	2	6
I?`DF?[{?	10	14	1	6
I?`DF?[]?	10	14	2	6
I?`DF?[l?	10	14	2	6
I?`DF?[J?	10	13	1	7
I?`DF?[N?	10	14	1	6
I?`DF?[U_	10	14	1	7
I?`DF?[B_	10	13	0	7
I?`DF?[F_	10	14	0	6
I?`DF?[FO	10	14	0	6
I?`DF?[Eo	10	14	0	6
I?`DF?[Do	10	14	0	6
I?`DF?[Bo	10	14	0	6
I?`DF?[Fo	10	15	0	5
I?`DF?[wG	10	14	0	5
I?`DF?{l?	10	15	2	6
I?`DF?{Bo	10	15	1	5
I?`DF?{Fo	10	16	1	5
I?`DF@Q{?	10	14	1	6
I?`DF@Q]?	10	14	2	7
I?`DF@Ql?	10	14	2	7
I?`DF@QN?	10	14	2	8
I?`DF@QU_	10	14	1	6
I?`DF@QEo	10	14	1	6
I?`DF@QDo	10	14	1	7
I?`DF@QFo	10	15	1	6
I?`DF@Yl?	10	15	2	6
I?`DF@YN?	10	15	2	7
I?`DF@YEo	10	15	1	6
I?`DF@YBo	10	15	1	5
I?`DF@YFo	10	16	1	5
I?`DF?M{?	10	14	0	6
I?`DF?M]?	10	14	1	6
I?`DF?Ml?	10	14	1	6
I?`DF?MEo	10	14	0	6
I?`DF?MDo	10	14	0	6
I?`DF?MBo	10	14	0	5
I?`DF?MFo	10	15	0	5
I?`DF?]l?	10	15	2	5
I?`DF?]N?	10	15	1	6
I?`DF?]Eo	10	15	0	5
I?`DF?]Do	10	15	0	5
I?`DF?]Bo	10	15	0	5
I?`DF?]Fo	10	16	0	4
I?`DAao[?	10	12	0	7
I?`DAao]?	10	13	1	7
I?`DAaoN?	10	13	2	7
I?`DAaoS_	10	12	1	7
I?`DAaoQ_	10	12	1	7
I?`DAaoU_	10	13	1	7
I?`DAaoD_	10	12	1	8
I?`DAaoF_	10	13	1	8
I?`DAaoHO	10	12	1	7
I?`DAaohO	10	13	1	6
I?`DAaoBO	10	12	0	8
I?`DAaoJO	10	13	1	7
I?`DAao@o	10	12	0	8
I?`DAaoBo	10	13	0	7
I?`DAaoQg	10	13	1	6
I?`DAaoBg	10	13	0	6
I?`DAaoBW	10	13	0	7
I?`DAaoAw	10	13	0	6
I?`DAao@w	10	13	0	7
I?`DAaoBw	10	14	0	6
I?`DAbo{?	10	14	0	5
I?`DAboBo	10	14	0	6
I?`DAboBw	10	15	0	5
I?`DA`gk?	10	12	1	8
I?`DA`g{?	10	13	1	7
I?`DA`g]?	10	13	1	7
I?`DA`gd?	10	12	2	8
I?`DA`gl?	10	13	2	7
I?`DA`gN?	10	13	2	8
I?`DA`ggO	10	12	1	7
I?`DA`gIO	10	12	2	8
I?`DA`g`O	10	12	1	8
I?`DA`ghO	10	13	1	8
I?`DA`gJO	10	13	2	8
I?`DA`gdG	10	13	2	7
I?`DA`g`W	10	13	1	7
I?`DA_ww?	10	12	1	7
I?`DA_ws?	10	12	1	7
I?`DA_wk?	10	12	1	7
I?`DA_w[?	10	12	1	7
I?`DA_w{?	10	13	1	7
I?`DA_wY?	10	12	1	8
I?`DA_wM?	10	12	1	6
I?`DA_w]?	10	13	1	7
I?`DA_wh?	10	12	1	8
I?`DA_wd?	10	12	2	8
I?`DA_wL?	10	12	2	8
I?`DA_wl?	10	13	2	7
I?`DA_wJ?	10	12	2	8
I?`DA_wN?	10	13	2	7
I?`DA_wgO	10	12	1	8
I?`DA_wIO	10	12	2	8
I?`DA_w`O	10	12	1	8
I?`DA_wHO	10	12	1	8
I?`DA_whO	10	13	1	7
I?`DA_wJO	10	13	2	8
I?`DA_w`W	10	13	1	7
I?`DA`wl?	10	14	2	6
I?`DA`whO	10	14	1	7
I?`DA`wJO	10	14	2	7
I?`DA_{{?	10	14	2	6
I?`DA_{]?	10	14	2	8
I?`DA_{N?	10	14	2	6
I?`DE`o{?	10	14	0	5
I?`DE`oN?	10	14	2	6
I?`DE`oF_	10	14	1	7
I?`DE`oBg	10	14	0	6
I?`DE`oBW	10	14	0	6
I?`DE`oAw	10	14	0	6
I?`DE`o@w	10	14	0	6
I?`DE`oBw	10	15	0	5
I?`DEboBw	10	16	0	4
I?`DE`g{?	10	14	1	6
I?`DE`gl?	10	14	2	8
I?`DE`gN?	10	14	2	8
I?`DE`gdG	10	14	2	6
I?`DE_w[?	10	13	1	7
I?`DE_w{?	10	14	1	6
I?`DE_w]?	10	14	1	7
I?`DE_wl?	10	14	2	8
I?`DE_wN?	10	14	2	6
I?`DE_wS_	10	13	2	8
I?`DE_wQ_	10	13	2	8
I?`DE_wE_	10	13	2	8
I?`DE_wU_	10	14	2	7
I?`DE_wF_	10	14	2	8
I?`DE_wJO	10	14	2	7
I?`DE_wBo	10	14	1	6
I?`DE_w@w	10	14	1	7
I?`DE`w{?	10	15	1	6
I?`DE`wl?	10	15	2	7
I?`DE`wF_	10	15	2	7
I?`DE`wJO	10	15	2	6
I?`DE`wBo	10	15	1	6
I?`DE_s[?	10	13	1	7
I?`DE_s{?	10	14	1	6
I?`DE_s]?	10	14	2	8
I?`DE_sL?	10	13	1	7
I?`DE_sl?	10	14	1	6
I?`DE_sJ?	10	13	2	7
I?`DE_sN?	10	14	2	6
I?`DE_sU_	10	14	2	7
I?`DE_sD_	10	13	2	8
I?`DE_sF_	10	14	2	7
I?`DE_sJO	10	14	2	6
I?`DE_sBo	10	14	1	6
I?`DE_sQg	10	14	1	7
I?`DE_sAw	10	14	1	6
I?`DE_{{?	10	15	2	5
I?`DE_{]?	10	15	2	7
I?`DE_{l?	10	15	2	7
I?`DE_{N?	10	15	2	5
I?`DE_{U_	10	15	3	7
I?`DE`Y{?	10	15	2	5
I?`DE`Yl?	10	15	2	6
I?`DE`YU_	10	15	1	5
I?`D@bO[?	10	12	0	7
I?`D@bO]?	10	13	1	8
I?`D@bON?	10	13	2	7
I?`D@bOU_	10	13	2	7
I?`D@bOD_	10	12	1	9
I?`D@bOF_	10	13	1	8
I?`D@bOQO	10	12	1	8
I?`D@bOBO	10	12	0	8
I?`D@bOOo	10	12	1	7
I?`D@bOQo	10	13	1	7
I?`D@bO@o	10	12	0	8
I?`D@bOBo	10	13	0	7
I?`D@bOJG	10	13	1	7
I?`D@bOBg	10	13	0	7
I?`D@bOBW	10	13	0	7
I?`D@bOAw	10	13	0	6
I?`D@bO@w	10	13	0	7
I?`D@bOBw	10	14	0	6
I?`D@`o{?	10	13	0	6
I?`D@`o]?	10	13	1	6
I?`D@`od?	10	12	1	8
I?`D@`ol?	10	13	1	7
I?`D@`oN?	10	13	2	7
I?`D@`oU_	10	13	1	6
I?`D@`oF_	10	13	1	7
I?`D@`ooO	10	12	1	7
I?`D@`oQO	10	12	1	8
I?`D@`o`O	10	12	1	7
I?`D@`oOo	10	12	1	7
I?`D@`oQo	10	13	1	7
I?`D@`oBo	10	13	0	7
I?`D@`oBg	10	13	0	7
I?`D@`o`W	10	13	1	6
I?`D@`oAw	10	13	0	6
I?`D@`o@w	10	13	0	6
I?`D@`oBw	10	14	0	6
I?`D@bo{?	10	14	0	5
I?`D@bol?	10	14	1	6
I?`D@boQo	10	14	1	7
I?`D@boBo	10	14	0	6
I?`D@boBw	10	15	0	5
I?`D@`gs?	10	12	1	8
I?`D@`g{?	10	13	1	7
I?`D@`g]?	10	13	1	7
I?`D@`gd?	10	12	1	8
I?`D@`gN?	10	13	2	8
I?`D@`gQ_	10	12	1	7
I?`D@`gE_	10	12	1	8
I?`D@`gU_	10	13	1	8
I?`D@`gF_	10	13	2	7
I?`D@`goO	10	12	2	9
I?`D@`gQO	10	12	1	8
I?`D@`gQo	10	13	1	7
I?`D@_Ww?	10	11	1	7
I?`D@_Ws?	10	11	1	8
I?`D@_Wk?	10	11	1	6
I?`D@_W{?	10	12	1	7
I?`D@`Ww?	10	12	1	7
I?`D@`Ws?	10	12	1	8
I?`D@`Wk?	10	12	1	7
I?`D@`W[?	10	12	1	7
I?`D@`W{?	10	13	1	7
I?`D@`WY?	10	12	1	8
I?`D@`WU?	10	12	1	6
I?`D@`WM?	10	12	1	7
I?`D@`W]?	10	13	1	7
I?`D@`Wh?	10	12	1	8
I?`D@`Wd?	10	12	1	8
I?`D@`WL?	10	12	1	8
I?`D@`Wl?	10	13	1	7
I?`D@`WJ?	10	12	2	8
I?`D@`WN?	10	13	2	7
I?`D@`WoO	10	12	2	9
I?`D@`W`O	10	12	1	8
I?`D@`WhG	10	13	1	7
I?`D@`W`W	10	13	1	7
I?`D@_ws?	10	12	1	8
I?`D@_w{?	10	13	1	7
I?`D@_w]?	10	13	1	6
I?`D@_wQ_	10	12	1	7
I?`D@_wE_	10	12	1	7
I?`D@_wU_	10	13	1	7
I?`D@`wU_	10	14	1	7
I?`D@`wF_	10	14	2	6
I?`D@`wQo	10	14	2	6
I?`D@`wBo	10	14	1	7
I?`DD`o{?	10	14	0	5
I?`DD`o]?	10	14	1	6
I?`DD`ol?	10	14	1	6
I?`DD`oU_	10	14	2	6
I?`DD`oF_	10	14	1	7
I?`DD`oQo	10	14	1	6
I?`DD`oBg	10	14	0	6
I?`DD`oBW	10	14	0	6
I?`DD`oAw	10	14	0	5
I?`DD`o@w	10	14	0	6
I?`DD`oBw	10	15	0	5
I?`DDboBw	10	16	0	4
I?`DD`g{?	10	14	1	6
I?`DD`g]?	10	14	1	6
I?`DD`gl?	10	14	1	6
I?`DD`gQ_	10	13	1	7
I?`DD`gU_	10	14	2	7
I?`DD`gF_	10	14	2	8
I?`DD`gdG	10	14	1	6
I?`DD`gDg	10	14	2	7
I?`DD`g@w	10	14	1	6
I?`DD`W[?	10	13	1	7
I?`DD`W{?	10	14	1	6
I?`DD`W]?	10	14	1	6
I?`DD`Wl?	10	14	1	6
I?`DD`WN?	10	14	2	7
I?`DD`WhG	10	14	1	6
I?`DD_w{?	10	14	1	6
I?`DD_w]?	10	14	1	6
I?`DD_wE_	10	13	2	8
I?`DD_wU_	10	14	2	8
I?`DD`w{?	10	15	1	6
I?`DD`wl?	10	15	2	5
I?`DD`wU_	10	15	2	7
I?`DD`wF_	10	15	2	7
I?`DD`wQo	10	15	2	5
I?`DD`wBo	10	15	1	6
I?`DBbo{?	10	15	0	4
I?`DBbo]?	10	15	1	6
I?`DBbol?	10	15	1	6
I?`DBboBo	10	15	0	5
I?`DB`g{?	10	14	1	6
I?`DB`g]?	10	14	1	6
I?`DB`gF_	10	14	2	6
I?`DB`W{?	10	14	1	6
I?`DB`WM?	10	13	1	7
I?`DB`W]?	10	14	1	6
I?`DB`Wh?	10	13	1	7
I?`DB`Wl?	10	14	2	6
I?`DB`WN?	10	14	2	8
I?`DB`WBo	10	14	1	6
I?`DB`W`W	10	14	1	6
I?`DB`wBo	10	15	1	6
I?`DB_s{?	10	14	1	6
I?`DB_s]?	10	14	2	6
I?`DB_sU_	10	14	2	7
I?`DB_sBo	10	14	1	6
I?`DB_sAw	10	14	1	6
I?`DBasl?	10	15	1	5
I?`DBasU_	10	15	2	6
I?`DBasBo	10	15	1	6
I?`DB_k]?	10	14	2	7
I?`DB_kd?	10	13	2	9
I?`DB_kl?	10	14	2	8
I?`DB_kN?	10	14	2	6
I?`DB_kQ_	10	13	2	8
I?`DB_kU_	10	14	2	8
I?`DB_kB_	10	13	1	7
I?`DB_kF_	10	14	2	8
I?`DB_kBo	10	14	1	6
I?`DB_ksG	10	14	1	7
I?`DB_kSg	10	14	2	7
I?`DB_[w?	10	13	1	7
I?`DB_[{?	10	14	1	6
I?`DB_[Y?	10	13	2	7
I?`DB_[U?	10	13	2	7
I?`DB_[M?	10	13	2	7
I?`DB_[]?	10	14	2	6
I?`DB_[h?	10	13	2	8
I?`DB_[d?	10	13	2	8
I?`DB_[l?	10	14	2	7
I?`DB_[Bo	10	14	1	6
I?`DB_{U_	10	15	2	7
I?`DB_{F_	10	15	2	7
I?`DB_{Bo	10	15	2	5
I?`DB`YBo	10	15	2	5
I?`DB_]{?	10	15	1	6
I?`DB_]]?	10	15	2	5
I?`DB_]l?	10	15	2	6
I?`DB_]Bo	10	15	1	6
I?`DB_N{G	10	16	0	4
I?`DFboBw	10	17	0	3
I?`DF`YN?	10	16	3	7
I?`DF_]]?	10	16	2	6
I?`D@POw?	10	11	1	7
I?`D@POs?	10	11	1	7
I?`D@POk?	10	11	1	7
I?`D@PO{?	10	12	1	8
I?`D@POD?	10	10	2	8
I?`D@POd?	10	11	2	8
I?`D@POl?	10	12	2	8
I?`D@Rol?	10	14	2	6
I?`D@RoU_	10	14	2	7
I?`D@RoF_	10	14	2	7
I?`DBRo{?	10	15	1	5
I?`DBRol?	10	15	2	7
I?`DBRodO	10	15	2	5
I?`DBPw]?	10	15	1	5
I?`DBQsU_	10	15	2	7
I?`DBQsF_	10	15	3	7
I?`DBQsdO	10	15	1	6
I?`DBOk{?	10	14	2	7
I?`DBOk]?	10	14	2	7
I?`D@po{?	10	14	1	6
I?`D@po]?	10	14	1	6
I?`D@poN?	10	14	2	6
I?`D@poE_	10	13	1	7
I?`D@poU_	10	14	1	7
I?`D@poF_	10	14	2	6
I?`D@poBg	10	14	1	6
I?`D@po`W	10	14	1	6
I?`D@po@w	10	14	1	6
I?`D@ro{?	10	15	1	5
I?`D@rol?	10	15	2	7
I?`D@roU_	10	15	2	7
I?`D@roF_	10	15	2	7
I?`D@pg{?	10	14	1	7
I?`D@pg]?	10	14	1	6
I?`D@pgN?	10	14	2	7
I?`D@pg`W	10	14	1	6
I?`D@pwN?	10	15	2	6
I?`FE_w{?	10	15	1	5
I?`FE_w]?	10	15	1	6
I?`FE_wl?	10	15	2	7
I?`FE_wN?	10	15	2	5
I?`FE_wBo	10	15	1	5
I?`FE_w@w	10	15	1	6
I?`FE`wl?	10	16	2	7
I?`FE_{{?	10	16	2	4
I?`FE_{]?	10	16	2	6
I?`FE_{N?	10	16	2	4
I?`FF_{{?	10	17	2	3
I?`FF_{F_	10	17	2	5
I?`FBQo{?	10	15	1	5
I?`FBQo]?	10	15	1	6
I?`FBQol?	10	15	2	6
I?`FBQodO	10	15	2	5
I?`FBQc{?	10	15	2	7
I?`FBQc]?	10	15	2	6
I?`FBQcdO	10	15	2	7
I?`FBOs{?	10	15	2	7
I?`FBOsF_	10	15	2	7
I?`FBOsDo	10	15	2	6
I?`FBQs{?	10	16	2	6
I?`FBQsdO	10	16	2	6
I?`FBQsDo	10	16	2	5
I?`FAqc{?	10	15	2	5
I?`FAqcl?	10	15	2	7
I?`FAqcJ?	10	14	2	8
I?`FAqcN?	10	15	2	7
I?`FAqcF_	10	15	2	7
I?`FAqchO	10	15	1	5
I?`FAqcUG	10	15	1	5
I?`FAqcEg	10	15	1	6
I?`FAqS{?	10	15	2	7
I?`FAqSN?	10	15	2	8
I?`FAqSF_	10	15	2	7
I?`FAqShO	10	15	2	7
I?`FAos{?	10	15	2	7
I?`FAosh?	10	14	2	8
I?`FAosl?	10	15	2	7
I?`FAosF_	10	15	2	7
I?`FAqs]?	10	16	2	6
I?`FAqsN?	10	16	2	7
I?`FAqsF_	10	16	3	6
I?`FAqshO	10	16	2	6
I?`FAo]]?	10	16	3	4
I?`FAo]hO	10	16	2	7
I?`FBqs{?	10	17	2	6
I?`FBqsF_	10	17	3	6
I?`F@Zo{?	10	16	1	4
I?`F@ZosO	10	16	1	5
I?`F@Xw]?	10	16	2	6
I?`F@XwF_	10	16	2	6
I?`F?zoN?	10	16	2	4
I?`F?zowO	10	16	1	5
I?`F?xwl?	10	16	2	7
I?`F?xwF_	10	16	2	4
I?`@fBO{?	10	14	0	6
I?`@fBON?	10	14	2	6
I?`@fBOBW	10	14	0	6
I?`@fBOAw	10	14	0	7
I?`@fBOBw	10	15	0	6
I?`@fBo{?	10	15	0	5
I?`@fBoFO	10	15	1	6
I?`@f@Wk?	10	13	1	7
I?`@f@W{?	10	14	1	6
I?`@f@Wl?	10	14	2	8
I?`@f@W`_	10	13	1	8
I?`@f@WFO	10	14	2	6
I?`@f@WBo	10	14	1	7
I?`@f@W@w	10	14	1	6
I?`@f@wFO	10	15	2	5
I?`@f?k{?	10	14	1	6
I?`@f?kU?	10	13	2	9
I?`@f?k]?	10	14	2	8
I?`@f?ko_	10	13	1	7
I?`@f?kQ_	10	13	2	9
I?`@f?kFO	10	14	1	7
I?`@f?kBo	10	14	1	6
I?`@f?[w?	10	13	1	7
I?`@f?[s?	10	13	1	7
I?`@f?[k?	10	13	1	7
I?`@f?[{?	10	14	1	6
I?`@f?[Y?	10	13	2	7
I?`@f?[]?	10	14	2	6
I?`@f?[o_	10	13	1	7
I?`@f?[Q_	10	13	2	8
I?`@f?[FO	10	14	1	6
I?`@f?[Bo	10	14	1	6
I?`@`b_s?	10	12	0	8
I?`@`b_{?	10	13	0	7
I?`@`b_U?	10	12	1	8
I?`@`b_]?	10	13	1	7
I?`@`b_F?	10	12	1	7
I?`@`b_N?	10	13	1	7
I?`@`b_o_	10	12	1	7
I?`@`b__o	10	12	1	6
I?`@`b_oo	10	13	1	6
I?`@`b_Qo	10	13	1	7
I?`@`b_Bo	10	13	0	7
I?`@`b_FG	10	13	1	6
I?`@`b_Bg	10	13	0	7
I?`@`b_Aw	10	13	0	6
I?`@`b_Bw	10	14	0	6
I?`@`bo{?	10	14	0	6
I?`@`bo]?	10	14	1	6
I?`@`boN?	10	14	2	6
I?`@`booo	10	14	2	6
I?`@`boQo	10	14	1	6
I?`@`boBo	10	14	0	6
I?`@`boBw	10	15	0	6
I?`@d`o{?	10	14	0	6
I?`@d`o]?	10	14	1	6
I?`@d`oN?	10	14	2	6
I?`@d`oo_	10	13	1	6
I?`@d`oBW	10	14	0	6
I?`@d`oAw	10	14	0	5
I?`@d`oBw	10	15	0	6
I?`@dbo{?	10	15	0	5
I?`@dbo]?	10	15	1	6
I?`@dbol?	10	15	1	5
I?`@dboN?	10	15	2	5
I?`@d`g{?	10	14	1	6
I?`@d`gU?	10	13	1	7
I?`@d`g]?	10	14	1	6
I?`@d`gF?	10	13	2	8
I?`@d`gQ_	10	13	1	7
I?`@d`gQo	10	14	1	6
I?`@d`gBo	10	14	1	7
I?`@d`gdG	10	14	1	6
I?`@d`g`g	10	14	1	6
I?`@d`g@w	10	14	1	6
I?`@d_w{?	10	14	1	6
I?`@d_wQo	10	14	1	6
I?`@d_wOw	10	14	1	5
I?`@d`w]?	10	15	1	5
I?`@d`wN?	10	15	2	6
I?`@fbo{?	10	16	0	4
I?`@fbo]?	10	16	1	5
I?`@fboBw	10	17	0	4
I?`@eFo{?	10	15	1	4
I?`@eFoMO	10	15	2	5
I?`@eFoJO	10	15	2	5
I?`@eFoNO	10	16	2	4
I?`@eDgl?	10	14	2	8
I?`@eDgN?	10	14	1	7
I?`@eDgNO	10	15	1	6
I?`@eDgdG	10	14	2	7
I?`@eDg`g	10	14	1	6
I?`@eDgDW	10	14	2	6
I?`@eCwk?	10	13	1	7
I?`@eCw{?	10	14	2	6
I?`@eCw]?	10	14	1	6
I?`@eCwl?	10	14	1	7
I?`@eCwN?	10	14	0	7
I?`@eCwMO	10	14	0	5
I?`@eCwLO	10	14	0	7
I?`@eCwJO	10	14	0	7
I?`@eCwNO	10	15	0	6
I?`@eCwog	10	14	0	6
I?`@eCw`g	10	14	1	6
I?`@eDwl?	10	15	2	7
I?`@eDwMO	10	15	1	6
I?`@eDwLO	10	15	1	6
I?`@eDwJO	10	15	1	6
I?`@eDwNO	10	16	1	5
I?`@eCk{?	10	14	2	6
I?`@eCkY?	10	13	1	8
I?`@eCk]?	10	14	1	7
I?`@eCkJ?	10	13	0	7
I?`@eCkF?	10	13	0	8
I?`@eCkN?	10	14	0	7
I?`@eCkMO	10	14	0	7
I?`@eCkJO	10	14	0	6
I?`@eCkFO	10	14	0	7
I?`@eCkNO	10	15	0	6
I?`@eCksG	10	14	1	7
I?`@eCkog	10	14	0	6
I?`@eC{{?	10	15	2	5
I?`@eC{]?	10	15	1	6
I?`@eC{N?	10	15	0	6
I?`@eC{MO	10	15	0	6
I?`@eC{JO	10	15	0	6
I?`@eC{NO	10	16	0	5
I?`@eCxNO	10	16	0	5
I?`@eClNO	10	16	0	5
I?`Df@W{?	10	15	1	5
I?`Df@W]?	10	15	1	6
I?`Df@Wl?	10	15	2	7
I?`Df@WN?	10	15	2	7
I?`Df@WBo	10	15	1	6
I?`Df@WhG	10	15	2	5
I?`Df@W@w	10	15	1	5
I?`Df?w{?	10	15	1	5
I?`Df?wl?	10	15	2	7
I?`Df?wFO	10	15	2	7
I?`Df?wBo	10	15	1	5
I?`Df?w@w	10	15	1	6
I?`Df@w{?	10	16	1	5
I?`Df@w]?	10	16	1	5
I?`Df@wl?	10	16	2	6
I?`Df@wFO	10	16	2	6
I?`Df@wBo	10	16	1	5
I?`Df?s{?	10	15	1	5
I?`Df?sl?	10	15	1	5
I?`Df?sFO	10	15	2	5
I?`Df?sBo	10	15	1	5
I?`Df?sQg	10	15	1	6
I?`Df?sAw	10	15	1	5
I?`Df?k{?	10	15	1	5
I?`Df?kl?	10	15	2	7
I?`Df?kFO	10	15	2	7
I?`Df?kBo	10	15	1	5
I?`Df?ksG	10	15	1	6
I?`Df?[{?	10	15	1	5
I?`Df?[]?	10	15	2	7
I?`Df?[L?	10	14	2	6
I?`Df?[l?	10	15	2	5
I?`Df?[N?	10	15	2	5
I?`Df?[FO	10	15	1	5
I?`Df?[Bo	10	15	1	5
I?`Df?[wG	10	15	1	5
I?`Df?{l?	10	16	2	6
I?`Df?{FO	10	16	2	6
I?`Df?{Bo	10	16	2	4
I?`Dd`o{?	10	15	0	5
I?`Dd`o]?	10	15	1	5
I?`Dd`ol?	10	15	1	5
I?`Dd`oN?	10	15	2	5
I?`Dd`oQo	10	15	1	5
I?`Dd`oBo	10	15	0	6
I?`Dd`oBg	10	15	0	6
I?`Dd`oAw	10	15	0	5
I?`Dd`o@w	10	15	0	5
I?`Dd`oBw	10	16	0	5
I?`Dd`g{?	10	15	1	5
I?`Dd`gl?	10	15	1	5
I?`Dd`gQo	10	15	1	5
I?`Dd`gBo	10	15	1	6
I?`Dd`gdG	10	15	1	5
I?`Dd`g@w	10	15	1	5
I?`Dd_w{?	10	15	1	5
I?`Dd_w]?	10	15	1	5
I?`Dd`w{?	10	16	1	5
I?`Dd`w]?	10	16	1	4
I?`Dd`wl?	10	16	2	4
I?`Dd`wN?	10	16	2	5
I?`Dd`wQo	10	16	2	4
I?`Dd`wBo	10	16	1	5
I?`Dbbo{?	10	16	0	4
I?`Dbbo]?	10	16	1	5
I?`DbboBo	10	16	0	5
I?`Db_w{?	10	15	1	5
I?`Db_wl?	10	15	2	5
I?`Db_wBo	10	15	1	5
I?`Db_w@w	10	15	1	6
I?`Db`w]?	10	16	1	4
I?`Db`wl?	10	16	2	4
I?`Db`wBo	10	16	1	5
I?`Db_ks?	10	14	1	6
I?`Db_k{?	10	15	1	5
I?`Db_kU?	10	14	2	8
I?`Db_k]?	10	15	2	7
I?`Db_kF?	10	14	2	6
I?`Db_kN?	10	15	2	5
I?`Db_kBo	10	15	1	5
I?`Db_ksG	10	15	1	6
I?`Db_{{?	10	16	2	4
I?`Db_{]?	10	16	2	6
I?`Db_{N?	10	16	2	4
I?`Db_{Bo	10	16	2	4
I?`DfboBw	10	18	0	3
I?`Df`w{?	10	17	1	4
I?`Df`w]?	10	17	1	4
I?`Df_{{?	10	17	2	3
I?`Df_{l?	10	17	2	5
I?`DbRo{?	10	16	1	4
I?`DbRo]?	10	16	1	5
I?`DbRodO	10	16	2	4
I?`DbPw]?	10	16	1	4
I?`DbQs{?	10	16	2	6
I?`DbQsdO	10	16	1	5
I?`DbO{]?	10	16	2	6
I?`D`ro{?	10	16	1	4
I?`D`ro]?	10	16	1	5
I?`D`rol?	10	16	2	6
I?`D`roN?	10	16	2	4
I?`Dbpw]?	10	17	1	3
I?`Dbo{]?	10	17	2	5
I?`FfboBw	10	19	0	2
I?`F`zo{?	10	18	2	2
I?`F`xw]?	10	18	2	5
I?bB@bo{?	10	15	0	5
I?bB@bo]?	10	15	1	6
I?bB@boBo	10	15	0	6
I?bB@boBw	10	16	0	5
I?bB@_Ww?	10	12	1	7
I?bB@_Ws?	10	12	1	8
I?bB@_W{?	10	13	1	7
I?bB@_Wc_	10	12	2	9
I?bB@`Wk?	10	13	1	8
I?bB@`W{?	10	14	1	7
I?bB@`W]?	10	14	1	6
I?bB@`WL?	10	13	1	8
I?bB@`WJ?	10	13	1	7
I?bB@`WF?	10	13	1	7
I?bB@`WN?	10	14	1	7
I?bB@`Wc_	10	13	2	9
I?bB@`WE_	10	13	2	7
I?bB@`WF_	10	14	2	6
I?bB@_ws?	10	13	1	7
I?bB@_w{?	10	14	1	6
I?bB@_wU?	10	13	1	7
I?bB@_w]?	10	14	1	6
I?bB@_wF?	10	13	1	7
I?bB@_wN?	10	14	1	6
I?bB@_wc_	10	13	2	8
I?bB@_wD_	10	13	1	7
I?bB@_wB_	10	13	1	6
I?bB@_wF_	10	14	1	6
I?bB@`w]?	10	15	1	5
I?bB@`wF_	10	15	2	5
I?bB@`wBo	10	15	1	6
I?bB@_{N?	10	15	1	5
I?bBDboBw	10	17	0	4
I?bBD`w{?	10	16	1	5
I?bBD`w]?	10	16	1	5
I?bBD`wF_	10	16	2	6
I?bBD`wBo	10	16	1	5
I?bBF_{{?	10	17	2	3
I?bB@Ro{?	10	15	1	5
I?bB@RoF_	10	15	2	7
I?bBBO{]?	10	16	1	5
I?bBBO{N?	10	16	1	4
I?bBBO{F_	10	16	2	6
I?bB@ro{?	10	16	1	4
I?bB@roF_	10	16	2	6
I?bB@pw{?	10	16	1	5
I?bB@pw]?	10	16	1	4
I?bB@pwN?	10	16	1	5
I?bFB_w{?	10	16	1	4
I?bFB_w]?	10	16	1	4
I?bFB_wF?	10	15	2	5
I?bFB_wN?	10	16	2	4
I?bFB_{{?	10	17	2	3
I?bFB_{]?	10	17	2	5
I?bFBOk{?	10	16	2	6
I?bFBO{{?	10	17	2	5
I?bFBO{]?	10	17	2	5
I?bFBO{N?	10	17	2	5
I?bF@pw{?	10	17	1	4
I?bF@pw]?	10	17	1	3
I?bF@pwN?	10	17	2	5
I?bF@pwF_	10	17	2	3
I?bFBo{{?	10	18	2	4
I?b@fBoBw	10	17	0	4
I?b@f@W{?	10	15	1	6
I?b@f@W]?	10	15	1	5
I?b@f@WL?	10	14	2	7
I?b@f@WJ?	10	14	2	8
I?b@f@WF?	10	14	2	6
I?b@f@WN?	10	15	2	7
I?b@f@WFO	10	15	2	5
I?b@f@WBo	10	15	1	6
I?b@f@W@w	10	15	1	5
I?b@f?w{?	10	15	1	5
I?b@f?w]?	10	15	1	5
I?b@f?wN?	10	15	1	5
I?b@f?wog	10	15	1	5
I?b@f@w{?	10	16	1	5
I?b@f@wFO	10	16	2	4
I?b@f@wBo	10	16	1	5
I?b@f?s{?	10	15	1	5
I?b@f?s]?	10	15	2	6
I?b@f?sN?	10	15	1	5
I?b@f?sFO	10	15	1	5
I?b@f?[[?	10	14	1	6
I?b@f?[{?	10	15	1	5
I?b@f?[]?	10	15	2	5
I?b@f?[FO	10	15	1	5
I?b@f?[Bo	10	15	1	5
I?b@f?{FO	10	16	1	5
I?b@dboBw	10	17	0	4
I?b@d`g{?	10	15	1	6
I?b@d`g]?	10	15	1	6
I?b@d`gN?	10	15	2	6
I?b@d`w{?	10	16	1	5
I?b@d`w]?	10	16	1	5
I?b@d`wBo	10	16	1	5
I?b@d_{{?	10	16	2	4
I?b@d_{]?	10	16	2	5
I?b@d_{N?	10	16	1	4
I?b@d`I[?	10	14	1	7
I?b@d`I{?	10	15	1	6
I?b@d`I]?	10	15	2	6
I?b@d`IQo	10	15	1	6
I?b@d`IkG	10	15	1	5
I?b@bbo{?	10	16	0	4
I?b@bbo]?	10	16	1	5
I?b@bboBo	10	16	0	5
I?b@b_w{?	10	15	1	5
I?b@b_w]?	10	15	1	6
I?b@b_wQ_	10	14	2	7
I?b@b_wBo	10	15	1	5
I?b@b_w_w	10	15	1	5
I?b@b`w]?	10	16	1	5
I?b@b`wBo	10	16	1	5
I?b@b_{]?	10	16	1	5
I?b@b_{N?	10	16	1	4
I?b@b_N{G	10	17	0	4
I?b@fboBw	10	18	0	3
I?b@f_{{?	10	17	2	3
I?b@bPo{?	10	15	1	6
I?b@bPo]?	10	15	1	6
I?b@bPoF?	10	14	1	6
I?b@bPoN?	10	15	1	6
I?b@bRo{?	10	16	1	5
I?b@bPw{?	10	16	1	5
I?b@bPw]?	10	16	1	5
I?b@bro{?	10	17	1	4
I?b@bro]?	10	17	1	4
I?b@bpw]?	10	17	1	4
I?b@aTo{?	10	15	1	6
I?b@aTo]?	10	15	2	6
I?b@aToJ?	10	14	2	8
I?b@aToN?	10	15	2	7
I?b@aToBg	10	15	1	6
I?b@aVo{?	10	16	1	5
I?b@aVoN?	10	16	3	6
I?b@aVokO	10	16	1	5
I?b@aVoLO	10	16	2	5
I?b@aTwkO	10	16	2	5
I?bBb_w{?	10	16	1	4
I?bBb_w]?	10	16	1	5
I?bBb_wN?	10	16	1	4
I?bBb_k{?	10	16	1	4
I?bBb_kN?	10	16	1	4
I?bBb_kBo	10	16	1	4
I?bBb_{{?	10	17	2	3
I?bBb_{]?	10	17	1	4
I?bBb_{N?	10	17	1	3
I?bBb_{Bo	10	17	2	3
I?bBfboBw	10	19	0	2
I?bBbO{{?	10	17	2	5
I?bBbO{]?	10	17	1	4
I?bBbO{N?	10	17	1	4
I?bB`ro{?	10	17	1	3
I?bB`ro]?	10	17	1	4
I?bB`roN?	10	17	2	3
I?bB`pw]?	10	17	1	4
I?bBbo{]?	10	18	1	3
I?bBbo{N?	10	18	1	3
I?bB`zo{?	10	18	2	2
I?bB`zo]?	10	18	2	4
I?bB`zoN?	10	18	2	2
I?bF`xw{?	10	19	2	3
I?bF`xw]?	10	19	2	4
I?bAP_ow?	10	12	1	8
I?bAP_ok?	10	12	1	6
I?bAP_o{?	10	13	1	7
I?bAPbo{?	10	15	1	5
I?bAPboN?	10	15	2	6
I?bBV_{]?	10	18	2	5
I?`bCbo{?	10	15	0	5
I?`bCbo]?	10	15	1	6
I?`bCboYO	10	15	2	5
I?`bCboBo	10	15	0	6
I?`bCboBw	10	16	0	5
I?`bC`Wk?	10	13	1	7
I?`bC`W{?	10	14	1	7
I?`bC`WM?	10	13	1	8
I?`bC`W]?	10	14	1	7
I?`bC`Wd?	10	13	1	7
I?`bC`WF?	10	13	2	8
I?`bC`W`_	10	13	1	7
I?`bC`WD_	10	13	1	7
I?`bC`Wd_	10	14	1	7
I?`bC`WF_	10	14	2	7
I?`bC`W`g	10	14	1	6
I?`bC`w]?	10	15	1	6
I?`bC`wd_	10	15	1	6
I?`bC`wF_	10	15	2	6
I?`bFboBw	10	18	0	3
I?`bFaU{?	10	17	2	3
I?`bF_]{?	10	17	1	4
I?`bF_]]?	10	17	2	4
I?`fBO]]?	10	17	3	3
I?`fBO]dO	10	17	2	6
I?`afBoBw	10	17	0	5
I?`af?w{?	10	15	1	6
I?`af?w]?	10	15	1	5
I?`af?wd?	10	14	2	8
I?`af?wF?	10	14	2	6
I?`af?w`_	10	14	1	7
I?`af?wB_	10	14	1	7
I?`af?wFO	10	15	2	5
I?`af?wBo	10	15	1	6
I?`af?w`g	10	15	1	6
I?`af?w@w	10	15	1	5
I?`afAS{?	10	15	1	5
I?`afAS]?	10	15	2	7
I?`afASFO	10	15	2	7
I?`afASBo	10	15	1	6
I?`afASYG	10	15	2	5
I?`afASIg	10	15	2	7
I?`afASAw	10	15	1	5
I?`a`bo{?	10	15	0	6
I?`a`bo]?	10	15	1	6
I?`a`bo`o	10	15	1	6
I?`a`boBo	10	15	0	6
I?`a`boBw	10	16	0	6
I?`adbo{?	10	16	0	5
I?`adbo]?	10	16	1	5
I?`adboBo	10	16	0	6
I?`ad_w{?	10	15	1	6
I?`ad_w`_	10	14	1	7
I?`ad_wBo	10	15	1	6
I?`ad_w@w	10	15	1	6
I?`ad`w]?	10	16	1	5
I?`ad`wBo	10	16	1	5
I?`ad_N{G	10	17	0	5
I?`abboBw	10	17	0	5
I?`abaS{?	10	15	1	5
I?`abaS]?	10	15	1	6
I?`abaSYG	10	15	1	5
I?`abaSIg	10	15	2	7
I?`afboBw	10	18	0	4
I?`acjo{?	10	16	1	4
I?`acjo]?	10	16	2	6
I?`acjoYO	10	16	2	4
I?`acgw{?	10	15	2	7
I?`acgw]?	10	15	1	6
I?`acgwg_	10	14	2	9
I?`acgw`g	10	15	1	6
I?`achw]?	10	16	1	5
I?`achwYO	10	16	1	5
I?`achwIo	10	16	2	6
I?`acgiw?	10	14	2	8
I?`acgi{?	10	15	2	7
I?`acgiYO	10	15	1	6
I?`acgiIo	10	15	1	6
I?`ef?w{?	10	16	1	5
I?`ef?w]?	10	16	1	5
I?`ef?wBo	10	16	1	5
I?`ef?w@w	10	16	1	5
I?`ed`g{?	10	16	1	4
I?`ed`g]?	10	16	1	5
I?`ed`gdG	10	16	2	4
I?`ed`w{?	10	17	1	4
I?`ed`w]?	10	17	1	4
I?`ed`wBo	10	17	1	4
I?`ebRodO	10	17	3	3
I?`eaqo{?	10	16	1	5
I?`eaqo]?	10	16	1	5
I?`e`ro{?	10	17	1	4
I?`e`ro]?	10	17	1	4
I?`bf?[{?	10	16	1	5
I?`bf?[]?	10	16	2	4
I?`bf?[FO	10	16	1	4
I?`bf?[Bo	10	16	1	5
I?`bf?[wG	10	16	1	4
I?`be_w{?	10	16	1	5
I?`be_wBo	10	16	1	5
I?`be_w@w	10	16	1	5
I?`bbaS{?	10	16	1	4
I?`bbaS]?	10	16	1	5
I?`bbaSYG	10	16	1	4
I?`bfboBw	10	19	0	3
I?`cn@o{?	10	16	1	4
I?`cn@o]?	10	16	2	6
I?`cn@oY_	10	16	2	4
I?`cn@oFO	10	16	2	6
I?`cn@oBW	10	16	1	5
I?`cn@oAw	10	16	1	4
I?`cn@W{?	10	16	2	6
I?`cn@W]?	10	16	2	6
I?`cn@WFO	10	16	2	6
I?`cn@w{?	10	17	2	5
I?`cn@w]?	10	17	2	5
I?`cn@wFO	10	17	3	5
I?`cm`o{?	10	16	1	4
I?`cm`o]?	10	16	2	6
I?`cm`oY_	10	16	2	4
I?`cm`oIo	10	16	2	6
I?`cm`oBW	10	16	1	5
I?`cm`oAw	10	16	1	4
I?`cm`g{?	10	16	2	4
I?`cm`gM?	10	15	2	7
I?`cm`g]?	10	16	2	6
I?`cm`gY_	10	16	1	4
I?`cm`gIo	10	16	1	5
I?`cm`gdG	10	16	1	4
I?`cm`W{?	10	16	2	6
I?`cm`W]?	10	16	2	6
I?`cm`WY_	10	16	2	6
I?`cm_w{?	10	16	2	6
I?`cm_w]?	10	16	2	6
I?`cm`w{?	10	17	2	5
I?`cm`wIo	10	17	2	5
I?`cjbo{?	10	17	1	3
I?`cjbo]?	10	17	2	5
I?`cjboY_	10	17	2	3
I?`cj`W{?	10	16	2	6
I?`cj`W]?	10	16	1	5
I?`cj`WY_	10	16	1	5
I?`cj`W`W	10	16	1	5
I?`cj`w]?	10	17	1	4
I?`cj`wY_	10	17	1	4
I?`cn`w{?	10	18	2	4
I?`cn`wY_	10	18	2	4
I?`cjRo{?	10	17	2	3
I?`cjRo]?	10	17	2	5
I?`cjRoY_	10	17	2	3
I?`cjRodO	10	17	2	3
I?`cjPw]?	10	17	1	4
I?`cjPwY_	10	17	1	4
I?`cjPwdO	10	17	1	4
I?`cjPidO	10	17	0	4
I?`ciro{?	10	17	2	5
I?`ciroY_	10	17	2	5
I?`cipw{?	10	17	2	6
I?`cipw]?	10	17	1	4
I?`cipwY_	10	17	1	4
I?`cjpw{?	10	18	2	5
I?`cjpw]?	10	18	1	3
I?`cjpwY_	10	18	1	3
I?`cjVo{?	10	18	3	2
I?be`pw{?	10	18	1	3
I?be`pw]?	10	18	1	3
I?`vAqo{?	10	17	1	4
I?`vAqo]?	10	17	1	4
I?r@`bo{?	10	16	0	4
I?r@`boN?	10	16	2	4
I?r@`boBo	10	16	0	5
I?r@`boBw	10	17	0	4
I?r@dboBw	10	18	0	3
I?r@d_{{?	10	17	2	3
I?r@d_{N?	10	17	1	3
I?r@fboBw	10	19	0	2
I?r@f_{{?	10	18	2	2
I?rFf_{N?	10	20	4	0
I?qbF_]{?	10	18	1	3
I?qa`bo{?	10	16	0	5
I?qa`boBo	10	16	0	7
I?qa`boBw	10	17	0	6
I?qadboBw	10	18	0	5
I?qafboBw	10	19	0	4
I?qa`ro{?	10	17	1	4
I?q`qjo{?	10	18	2	5
I?ovE_w{?	10	17	1	3
I?ovE_wBo	10	17	1	4
I?ovE_wpG	10	17	2	3
I?ovE_w@w	10	17	1	3
I?opvBop_	10	18	3	2
I?opuJo{?	10	18	2	2
I?opuJop_	10	18	2	2
I?opuNo{?	10	19	3	1
ICOfBaKF?	10	15	2	7
ICOfBaKF_	10	16	2	7
ICOfBaKbO	10	16	1	5
ICOfBaKBo	10	16	1	5
ICOfBaK[G	10	16	1	5
ICOf@pSb?	10	15	3	10
ICOf@pSF_	10	16	2	7
ICOf@o]pO	10	17	2	6
ICOf?w]wO	10	17	0	5
ICOf?w]wW	10	18	0	4
ICQf@pSF_	10	17	2	6
ICQf@o[F_	10	17	1	4
ICQf@o[wG	10	17	1	4
