g6	n	Q	bip	dist	Rnum	Rden	R	w
*** psi >= 1/25 : K???CBoB~{Nw Q=20 bip=16 dist=0 w=0,2,2,0,0,3,1,0,4,4,1,3
*** psi >= 1/25 : K???CBoB~{Nw Q=20 bip=16 dist=0 w=0,1,3,0,0,3,1,0,4,4,1,3
*** psi >= 1/25 : K???CBoB~{Nw Q=20 bip=16 dist=0 w=0,1,2,1,0,3,1,0,4,4,1,3
K???CB_Fz}^o	12	20	12	19	475	100	4.7500	3,0,2,2,0,1,0,2,3,2,3,2
K???CB?~`~Nw	12	20	12	19	475	100	4.7500	2,3,0,0,1,1,0,3,2,3,3,2
K???CBoB~{Nw	12	20	12	19	475	100	4.7500	2,0,1,2,0,2,0,3,2,3,3,2
K???CB_Fz}^o	12	21	12	19	475	141	3.3688	3,0,2,0,0,0,3,2,3,2,3,3
K???CB?~`~Nw	12	21	12	19	475	141	3.3688	3,2,0,0,2,2,0,2,3,2,2,3
K???CBoB~{Nw	12	21	12	19	475	141	3.3688	3,0,1,1,1,2,1,2,3,2,2,3
K???EB_No~^o	12	20	12	19	475	100	4.7500	1,2,2,0,0,1,2,2,3,3,2,2
K???EB_No~^o	12	21	12	19	475	141	3.3688	1,1,3,0,0,2,1,3,3,2,2,3
K???CB?~`~Nw	12	22	15	19	475	109	4.3578	3,3,0,0,0,1,2,3,3,2,2,3
K???CBoB~{Nw	12	22	15	19	475	109	4.3578	3,0,1,2,0,1,2,3,3,2,2,3
K???CB_Fz}^o	12	22	15	19	475	109	4.3578	3,1,2,0,0,1,2,3,3,2,3,2
K???EB_No~^o	12	22	15	19	475	109	4.3578	3,0,2,0,1,1,1,2,3,3,3,3
K???CB_Fz}^o	12	23	15	24	600	154	3.8961	3,1,2,0,0,2,2,3,3,2,3,2
K???CBoB~{Nw	12	23	15	24	600	154	3.8961	3,0,1,2,0,2,2,3,3,2,2,3
K???CB?~`~Nw	12	23	15	24	600	154	3.8961	3,3,0,0,0,2,2,3,3,2,2,3
K???EB_No~^o	12	23	15	24	600	154	3.8961	1,2,3,0,0,2,2,3,3,3,2,2
K???CBoB~{Nw	12	24	18	27	675	126	5.3571	3,0,1,2,0,1,2,3,3,3,3,3
K???CB_Fz}^o	12	24	18	27	675	126	5.3571	3,2,1,0,0,0,3,3,3,3,3,3
K???CB?~`~Nw	12	24	18	27	675	126	5.3571	3,3,0,0,0,1,2,3,3,3,3,3
K???CBoB~{Nw	12	25	18	27	675	175	3.8571	3,0,0,3,0,2,1,3,3,4,3,3
K???EB_No~^o	12	24	18	27	675	126	5.3571	0,3,3,0,0,3,0,3,3,3,3,3
K???CB_Fz}^o	12	25	18	27	675	175	3.8571	3,0,3,0,0,1,2,3,3,3,3,4
K???CB?~`~Nw	12	25	18	26	650	175	3.7143	3,4,0,0,2,2,1,4,3,2,2,2
K???EB_No~^o	12	25	18	26	650	175	3.7143	1,4,4,0,1,1,1,2,2,3,4,2
K???EA_Nq|^o	12	20	12	27	675	100	6.7500	1,2,2,0,0,0,3,3,3,2,2,2
K???E?pNu\^o	12	20	12	19	475	100	4.7500	2,1,2,1,0,0,2,2,2,3,3,2
K???EAoRh}^o	12	20	12	27	675	100	6.7500	1,2,1,1,1,1,1,3,3,2,2,2
K???EA_Nq|^o	12	21	14	33	825	91	9.0659	2,2,2,0,0,0,2,3,3,3,3,1
K???E?pNu\^o	12	21	12	19	475	141	3.3688	0,2,1,2,0,0,3,3,2,2,3,3
K???F?\FvD^o	12	20	12	19	475	100	4.7500	0,1,2,3,0,0,2,2,2,3,3,2
K???E?pNu\^o	12	22	15	19	475	109	4.3578	1,2,1,2,0,1,2,3,3,2,2,3
K???EAoRh}^o	12	21	14	33	825	91	9.0659	2,2,0,2,0,0,2,3,3,3,3,1
K???F?\FvD^o	12	21	12	19	475	141	3.3688	0,2,1,0,2,1,3,2,2,3,3,2
K???EA_Nq|^o	12	22	16	33	825	84	9.8214	2,2,2,0,0,1,1,3,3,3,3,2
K???E?pNu\^o	12	23	15	24	600	154	3.8961	1,2,1,2,0,2,2,3,3,2,2,3
K???F?\FvD^o	12	22	15	19	475	109	4.3578	0,1,2,0,1,2,3,3,3,2,2,3
K???EA_Nq|^o	12	23	17	36	900	104	8.6538	2,2,3,0,0,1,2,3,3,3,3,1
K???EAoRh}^o	12	22	16	33	825	84	9.8214	2,2,2,0,0,2,0,3,3,3,3,2
K???E?pNu\^o	12	24	18	27	675	126	5.3571	1,2,1,2,0,1,2,3,3,3,3,3
K???F?\FvD^o	12	23	15	24	600	154	3.8961	0,1,2,0,2,2,3,3,2,3,3,2
K???E?pNu\^o	12	25	18	27	675	175	3.8571	0,3,1,2,0,2,2,3,3,3,3,3
K???F?\FvD^o	12	24	18	27	675	126	5.3571	0,1,2,1,2,0,3,3,3,3,3,3
K???EAoRh}^o	12	23	17	36	900	104	8.6538	2,2,1,2,0,1,2,3,3,3,3,1
K???EA_Nq|^o	12	24	18	45	1125	126	8.9286	3,3,3,0,0,1,2,3,3,3,3,0
K???F?\FvD^o	12	25	17	28	700	200	3.5000	0,2,2,0,2,2,3,3,2,3,4,2
K???FBOFp\^o	12	20	13	20	500	75	6.6667	1,1,2,2,0,0,2,2,3,2,3,2
K???EA_Nq|^o	12	25	21	39	975	100	9.7500	2,3,2,0,0,1,2,3,4,3,3,2
K??CEB{~@}No	12	20	12	19	475	100	4.7500	3,2,0,2,1,0,2,3,0,2,2,3
K???EAoRh}^o	12	24	18	45	1125	126	8.9286	3,3,1,2,0,1,2,3,3,3,3,0
K???FBOFp\^o	12	21	14	33	825	91	9.0659	0,2,2,2,0,0,2,3,3,3,3,1
K???E?xph}^o	12	20	12	19	475	100	4.7500	2,1,0,0,3,0,2,2,2,3,3,2
K??CEB{~@}No	12	21	12	19	475	141	3.3688	2,3,0,0,1,2,3,3,2,1,2,2
K???E?xph}^o	12	21	12	19	475	141	3.3688	1,2,0,1,2,3,0,3,2,3,2,2
K???EAoRh}^o	12	25	21	39	975	100	9.7500	2,2,1,2,0,1,2,4,3,3,3,2
K??CEB{~@}No	12	22	15	19	475	109	4.3578	3,3,0,0,1,2,3,2,1,2,3,2
K???FBOFp\^o	12	22	16	33	825	84	9.8214	0,2,2,2,0,0,2,3,3,3,3,2
K???E?xph}^o	12	22	15	19	475	109	4.3578	1,2,0,1,2,1,2,3,3,2,2,3
K??CEB{~@}No	12	23	15	24	600	154	3.8961	3,3,0,0,2,2,3,3,0,2,2,3
K???E?xph}^o	12	23	15	24	600	154	3.8961	1,2,0,2,2,1,2,3,2,3,3,2
K???FBOFp\^o	12	23	17	36	900	104	8.6538	0,2,3,2,0,1,2,3,3,3,3,1
K??CEB{~@}No	12	24	18	27	675	126	5.3571	3,3,0,0,1,2,3,3,1,2,3,3
K???E?xph}^o	12	24	18	27	675	126	5.3571	1,2,0,1,2,1,2,3,3,3,3,3
K??CAB_Fz{Vg	12	20	13	25	625	75	8.3333	3,2,1,0,1,0,2,2,1,3,3,2
K??CEB{~@}No	12	25	18	27	675	175	3.8571	3,3,0,0,2,1,3,3,0,3,3,4
K???E?xph}^o	12	25	18	26	650	175	3.7143	1,2,1,2,2,2,2,4,2,3,2,2
K???FBOFp\^o	12	24	18	45	1125	126	8.9286	1,2,3,3,0,1,2,3,3,3,3,0
K??CAB_Fz{Vg	12	21	14	33	825	91	9.0659	3,3,0,0,0,2,2,2,2,1,3,3
K??CBB_fO~No	12	20	12	27	675	100	6.7500	3,1,2,0,1,2,2,2,1,2,2,2
K???FAWFrL^o	12	20	12	27	675	100	6.7500	2,0,3,1,0,1,1,2,3,3,2,2
K???FBOFp\^o	12	25	21	39	975	100	9.7500	0,2,3,2,0,1,2,3,4,3,3,2
K??CBB_fO~No	12	21	14	33	825	91	9.0659	3,1,2,0,0,2,2,2,2,3,1,3
K??CAB_Fz{Vg	12	22	16	33	825	84	9.8214	3,3,0,0,0,2,2,2,2,2,3,3
K???FAWFrL^o	12	21	14	33	825	91	9.0659	2,0,2,0,2,0,2,3,3,3,3,1
K??CBB_fO~No	12	22	15	32	800	109	7.3394	3,1,2,0,1,2,3,2,2,3,1,2
K??CABoBz{Vg	12	20	13	25	625	75	8.3333	2,3,0,1,1,0,2,2,1,3,2,3
K??CAB_Fz{Vg	12	23	17	36	900	104	8.6538	3,3,0,2,0,1,3,2,2,1,3,3
K???FAWFrL^o	12	22	16	33	825	84	9.8214	2,0,2,0,2,0,2,3,3,3,3,2
K??CBB_fO~No	12	23	17	36	900	104	8.6538	3,2,1,0,2,1,2,3,2,3,1,3
K??CABoBz{Vg	12	21	14	33	825	91	9.0659	3,3,0,0,0,2,2,2,2,1,3,3
K??CAB_Fz{Vg	12	24	19	41	1025	101	10.1485	3,3,1,0,0,2,3,2,2,2,3,3
K???FAWFrL^o	12	23	18	33	825	79	10.4430	2,0,2,1,1,1,1,3,3,3,3,3
K??CBB_fO~No	12	24	18	45	1125	126	8.9286	3,1,2,0,1,2,3,3,3,3,0,3
K??CABoBz{Vg	12	22	16	33	825	84	9.8214	3,3,0,0,0,2,2,2,2,2,3,3
K???FAWFrL^o	12	24	18	45	1125	126	8.9286	3,1,2,1,2,1,2,3,3,3,3,0
K??CAB_Fz{Vg	12	25	21	39	975	100	9.7500	3,4,0,0,1,2,3,2,2,2,3,3
K??CBB_fO~No	12	25	21	39	975	100	9.7500	3,2,2,0,1,2,3,2,2,3,2,3
K??CABoBz{Vg	12	23	17	36	900	104	8.6538	3,3,0,0,1,2,3,2,2,1,3,3
K??CEB{Nr{No	12	20	12	19	475	100	4.7500	3,2,0,0,0,3,2,3,2,2,2,1
K??CFB_Fz{^_	12	20	12	19	475	100	4.7500	3,0,2,0,1,2,2,2,1,2,3,2
K???FAWFrL^o	12	25	21	39	975	100	9.7500	3,1,1,0,3,2,0,3,3,3,4,2
K??CEB{Nr{No	12	21	12	19	475	141	3.3688	3,2,0,0,2,2,2,3,2,2,2,1
K??CFB_Fz{^_	12	21	12	19	475	141	3.3688	3,0,2,2,0,1,3,0,3,2,3,2
K??CABoBz{Vg	12	24	19	41	1025	101	10.1485	3,3,0,1,0,2,3,2,2,2,3,3
K??CFB_Fz{^_	12	22	15	19	475	109	4.3578	3,1,2,0,1,2,3,1,2,2,3,2
K??CEB{Nr{No	12	22	15	19	475	109	4.3578	2,3,0,0,0,3,3,3,3,3,2,0
K??CAB{Nr{Vg	12	20	12	27	675	100	6.7500	2,2,0,0,0,2,3,3,3,1,2,2
K??CFB_Fz{^_	12	23	15	24	600	154	3.8961	3,1,2,0,2,2,3,1,2,2,3,2
K??CEB{Nr{No	12	23	15	24	600	154	3.8961	3,3,0,0,2,2,3,3,2,2,2,1
K??CABoBz{Vg	12	25	21	39	975	100	9.7500	3,4,0,0,1,2,3,2,2,2,3,3
K??CFB_Fz{^_	12	24	18	27	675	126	5.3571	3,0,3,0,1,2,3,2,1,3,3,3
K??CAB{Nr{Vg	12	21	14	33	825	91	9.0659	3,3,0,0,0,1,3,3,2,2,2,2
K??CEB{Nr{No	12	24	18	27	675	126	5.3571	3,3,0,0,0,3,3,3,3,3,3,0
K??CFB_Fz{^_	12	25	18	26	650	175	3.7143	3,1,3,1,2,2,4,1,2,2,2,2
K??CE@A~B{Fk	12	20	12	27	675	100	6.7500	2,2,0,0,1,2,3,3,2,2,1,2
K??CEB{Nr{No	12	25	18	26	650	175	3.7143	3,4,0,0,0,5,4,3,2,2,0,2
K??CAB{Nr{Vg	12	22	16	33	825	84	9.8214	3,3,0,0,0,2,3,3,2,2,2,2
K??CF@aF^wNo	12	20	12	27	675	100	6.7500	2,0,2,0,1,2,3,3,2,2,2,1
K??CE@A~B{Fk	12	21	14	33	825	91	9.0659	3,1,0,1,1,1,3,2,2,2,2,3
K??CBAPFr\^_	12	20	13	25	625	75	8.3333	2,1,1,1,0,1,3,2,3,2,1,3
K??CAB{Nr{Vg	12	23	18	33	825	79	10.4430	3,3,0,0,1,2,3,3,2,2,2,2
K??CE@A~B{Fk	12	22	16	33	825	84	9.8214	3,2,0,2,1,0,3,2,2,2,2,3
K??CF@aF^wNo	12	21	14	33	825	91	9.0659	3,1,0,0,1,2,3,2,2,3,2,2
K??CBAPFr\^_	12	21	14	32	800	91	8.7912	3,1,2,2,0,1,2,2,1,3,2,2
K??CAB{Nr{Vg	12	24	18	45	1125	126	8.9286	3,3,0,0,0,0,3,3,3,3,3,3
K??CF@aF^wNo	12	22	16	33	825	84	9.8214	3,0,2,0,1,2,3,2,2,3,2,2
K??CE@A~B{Fk	12	23	18	33	825	79	10.4430	3,3,0,1,0,2,3,2,2,2,2,3
K??CBAPFr\^_	12	22	16	33	825	84	9.8214	3,0,2,0,1,1,2,3,2,3,2,3
K??CF@aF^wNo	12	23	18	33	825	79	10.4430	3,1,2,0,1,2,3,2,2,3,2,2
K??CAB{Nr{Vg	12	25	21	39	975	100	9.7500	4,3,0,0,0,2,3,3,2,3,3,2
K??CE@A~B{Fk	12	24	18	45	1125	126	8.9286	3,0,0,0,1,2,3,3,3,3,3,3
K??CBAPFr\^_	12	23	17	36	900	104	8.6538	3,0,3,0,1,2,2,3,2,3,1,3
K??CE@afNwFw	12	20	13	25	625	75	8.3333	3,2,1,1,2,0,1,2,3,2,1,2
K??CF@aF^wNo	12	24	18	45	1125	126	8.9286	3,0,0,0,1,2,3,3,3,3,3,3
K??CE@A~B{Fk	12	25	21	39	975	100	9.7500	3,2,0,0,2,2,3,3,3,2,2,3
K??CE@afNwFw	12	21	14	33	825	91	9.0659	2,2,2,0,1,1,0,3,3,3,1,3
K??CBAPFr\^_	12	24	19	41	1025	101	10.1485	3,0,2,1,0,2,3,3,2,3,2,3
K??CF@aF^wNo	12	25	21	39	975	100	9.7500	3,0,2,0,2,2,3,3,3,3,2,2
K??CBAXXg}^_	12	20	13	25	625	75	8.3333	3,0,2,0,1,1,2,2,1,3,3,2
K??CE@afNwFw	12	22	16	33	825	84	9.8214	2,2,2,0,0,2,0,3,3,3,2,3
K??CBAPFr\^_	12	25	21	39	975	100	9.7500	4,1,2,0,1,2,2,3,2,3,2,3
K??CE@afNwFw	12	23	17	36	900	104	8.6538	1,3,0,0,1,2,3,2,3,3,2,3
K??CBAXXg}^_	12	21	14	33	825	91	9.0659	2,2,1,1,1,0,3,2,1,2,3,3
K??ED?}VVw^_	12	20	12	27	675	100	6.7500	1,2,2,0,1,2,3,3,2,2,1,1
K??CFAWFrL^_	12	20	13	25	625	75	8.3333	1,0,2,1,1,1,1,3,2,2,3,3
K??CE@afNwFw	12	24	19	41	1025	101	10.1485	2,2,2,0,1,2,1,3,3,3,2,3
K??ED?}VVw^_	12	21	14	33	825	91	9.0659	2,2,2,0,0,2,3,3,3,3,0,1
K??CBAXXg}^_	12	22	16	33	825	84	9.8214	3,1,1,0,0,2,2,3,2,2,3,3
K??CFAWFrL^_	12	21	14	33	825	91	9.0659	1,1,2,1,2,0,2,2,2,3,3,2
K??ED?}VVw^_	12	22	16	33	825	84	9.8214	2,2,2,0,0,2,3,3,3,3,1,1
K??CE@afNwFw	12	25	21	39	975	100	9.7500	2,3,0,0,2,1,2,3,4,2,3,3
K??CBAXXg}^_	12	23	17	34	850	104	8.1731	3,0,2,0,2,2,3,3,1,2,3,2
K??ED?}VVw^_	12	23	18	33	825	79	10.4430	2,2,2,2,0,0,3,3,3,3,1,2
*** psi >= 1/25 : K??CBA\FvwNo Q=20 bip=16 dist=0 w=0,1,3,1,1,2,0,4,2,2,2,2
K??CFAWFrL^_	12	22	16	33	825	84	9.8214	2,2,1,1,2,0,2,2,2,3,3,2
K??CBA\FvwNo	12	20	12	27	675	100	6.7500	2,1,2,0,0,2,3,2,3,2,2,1
K??CBAXXg}^_	12	24	19	41	1025	101	10.1485	3,3,0,1,1,1,3,2,2,2,3,3
K??CBA\FvwNo	12	21	14	33	825	91	9.0659	3,1,2,0,0,1,3,3,2,2,2,2
K??CFAWFrL^_	12	23	17	36	900	104	8.6538	1,0,3,2,1,0,3,2,3,3,3,2
K??ED?}VVw^_	12	24	18	45	1125	126	8.9286	3,3,3,0,1,2,3,3,3,3,0,0
K??CBA\FvwNo	12	22	16	33	825	84	9.8214	3,1,2,0,0,2,3,3,2,2,2,2
K??CBAXXg}^_	12	25	21	39	975	100	9.7500	3,2,2,1,2,0,3,2,2,2,3,3
K??CFAWFrL^_	12	24	19	41	1025	101	10.1485	2,0,2,2,1,2,1,3,3,3,3,2
K??CBA\FvwNo	12	23	18	33	825	79	10.4430	3,1,2,0,1,2,3,3,2,2,2,2
K??ED?}VVw^_	12	25	21	39	975	100	9.7500	2,2,3,0,1,2,4,3,3,3,0,2
K??CF@aFsx^_	12	20	12	27	675	100	6.7500	2,1,2,0,1,2,3,2,2,2,2,1
K??CFAWFrL^_	12	25	21	39	975	100	9.7500	2,1,2,2,2,0,3,3,2,3,3,2
K??EF?}Fvw^_	12	20	12	19	475	100	4.7500	1,2,2,0,1,2,2,3,3,2,1,1
K??CF?^^fw^_	12	20	12	19	475	100	4.7500	2,0,3,0,1,1,3,2,3,2,1,2
K??EF?}Fvw^_	12	21	12	19	475	141	3.3688	0,3,3,0,0,3,3,2,2,3,1,1
K??CF@aFsx^_	12	21	14	33	825	91	9.0659	1,0,3,1,1,1,2,2,3,3,2,2
K??CBA\FvwNo	12	24	18	45	1125	126	8.9286	3,1,2,0,0,0,3,3,3,3,3,3
K??CF?^^fw^_	12	21	12	19	475	141	3.3688	3,1,2,0,1,2,3,3,2,2,1,1
K??EF?}Fvw^_	12	22	15	19	475	109	4.3578	3,0,3,0,0,3,3,2,2,3,1,2
K??CF?^^fw^_	12	22	15	19	475	109	4.3578	3,1,2,0,1,2,3,3,2,3,1,1
K??CF@aFsx^_	12	22	15	32	800	109	7.3394	1,1,2,3,0,0,3,2,2,3,3,2
K??EF?}Fvw^_	12	23	15	24	600	154	3.8961	1,2,2,0,1,2,3,4,3,2,2,1
K??CBA\FvwNo	12	25	21	39	975	100	9.7500	3,2,2,0,0,2,3,3,3,3,2,2
K??CF?^^fw^_	12	23	15	24	600	154	3.8961	3,2,2,0,1,2,3,2,3,2,2,1
K??EF?}Fvw^_	12	24	18	27	675	126	5.3571	1,2,3,0,1,2,3,3,3,3,1,2
K??CF@aFsx^_	12	23	18	33	825	79	10.4430	3,2,1,0,1,2,2,2,3,3,2,2
K??CF@aFoz^_	12	20	12	27	675	100	6.7500	2,1,2,0,1,2,3,2,2,1,2,2
K??CF?^^fw^_	12	24	18	27	675	126	5.3571	3,1,2,0,0,3,3,3,3,3,3,0
K??EF?}Fvw^_	12	25	18	27	675	175	3.8571	0,3,3,0,0,3,4,3,3,3,0,3
K??CF?^^fw^_	12	25	18	27	675	175	3.8571	3,3,0,0,2,1,3,3,3,3,2,2
K??CF@aFsx^_	12	24	18	45	1125	126	8.9286	0,1,2,0,1,2,3,3,3,3,3,3
K??CF@aFoz^_	12	21	14	33	825	91	9.0659	2,1,1,0,1,2,3,1,3,2,2,3
K??E@_NMeI~_	12	20	13	25	625	75	8.3333	2,0,3,0,1,1,2,2,3,1,3,2
K??CF@aFoz^_	12	22	16	33	825	84	9.8214	2,0,2,2,0,1,3,2,3,2,2,3
K??CF@aFsx^_	12	25	21	39	975	100	9.7500	2,1,2,0,2,2,3,3,3,3,2,2
K??E@_NMeI~_	12	21	15	24	600	66	9.0909	2,1,1,2,1,1,2,2,2,2,2,3
K??ED@_NayRc	12	20	12	40	1000	100	10.0000	2,2,2,0,0,2,2,2,2,2,2,2
K??CF?^^b{^_	12	20	12	19	475	100	4.7500	2,0,3,1,1,0,3,2,3,1,1,3
K??CF@aFoz^_	12	23	18	33	825	79	10.4430	2,2,0,0,1,2,3,3,3,2,2,3
K??CF?^^b{^_	12	21	12	19	475	141	3.3688	3,0,2,1,1,2,2,3,2,0,3,2
K??E@_NMeI~_	12	22	15	32	800	109	7.3394	1,2,1,2,2,1,2,3,3,2,1,2
K??CF@aFoz^_	12	24	18	45	1125	126	8.9286	3,1,2,0,1,2,3,0,3,3,3,3
K??CF?^^b{^_	12	22	15	19	475	109	4.3578	3,0,3,0,3,0,3,3,2,3,0,2
K??ED@_NayRc	12	21	12	40	1000	141	7.0922	2,2,2,0,1,2,2,2,2,2,2,2
K??CF?^^b{^_	12	23	15	24	600	154	3.8961	3,1,2,0,2,2,3,3,2,1,2,2
K??E@_NMeI~_	12	23	17	36	900	104	8.6538	1,2,1,2,0,3,3,2,3,2,1,3
K??CF@aFoz^_	12	25	21	39	975	100	9.7500	2,0,3,0,2,1,4,2,3,2,3,3
K??CF?^^b{^_	12	24	18	27	675	126	5.3571	3,2,1,0,0,3,3,3,3,2,1,3
K??CF?^Fr{^_	12	20	12	19	475	100	4.7500	3,0,2,0,1,2,2,3,1,1,3,2
K??ED@_NayRc	12	22	14	42	1050	134	7.8358	2,3,1,0,2,1,3,1,2,2,2,3
K??CF?^^b{^_	12	25	18	27	675	175	3.8571	3,3,0,0,0,3,3,3,3,2,1,4
K??E@_NMeI~_	12	24	19	41	1025	101	10.1485	0,3,2,1,2,1,2,3,3,2,2,3
K??CF?^Fr{^_	12	21	12	19	475	141	3.3688	3,0,2,0,0,4,2,3,2,0,3,2
K??EEBoB~wFw	12	20	12	19	475	100	4.7500	1,2,0,2,1,2,0,2,3,2,2,3
K??CF?^Fr{^_	12	22	15	19	475	109	4.3578	2,2,1,2,1,0,3,3,0,3,2,3
K??EEBoB~wFw	12	21	12	19	475	141	3.3688	2,1,1,1,0,3,1,2,3,2,2,3
K??E@_NMeI~_	12	25	21	39	975	100	9.7500	2,2,0,3,3,0,2,3,3,2,2,3
K??CF?^Fr{^_	12	23	15	24	600	154	3.8961	3,2,2,0,1,2,3,2,1,2,2,3
K??ED@_NayRc	12	23	16	40	1000	129	7.7519	1,2,3,2,0,1,2,3,2,3,3,1
K??EEBoB~wFw	12	22	15	19	475	109	4.3578	1,2,1,2,1,2,1,2,3,2,2,3
K??CF?^Fr{^_	12	24	18	27	675	126	5.3571	3,1,2,0,1,2,3,3,1,2,3,3
K??CF?^Fr{^_	12	25	18	27	675	175	3.8571	3,0,3,0,0,4,3,3,1,2,3,3
K??EEBoB~wFw	12	23	15	24	600	154	3.8961	1,2,1,2,2,2,1,2,3,2,2,3
K??ED@_NayRc	12	24	18	47	1175	126	9.3254	3,3,0,0,0,3,3,2,2,2,3,3
K??EEBoB~wFw	12	24	18	27	675	126	5.3571	1,2,1,2,1,2,1,2,3,3,3,3
K??EDaKRR`Fo	12	20	12	40	1000	100	10.0000	2,2,1,1,0,2,2,2,2,2,2,2
K??ED?}Nay^_	12	20	12	27	675	100	6.7500	3,2,2,0,0,1,2,2,0,3,3,2
K??EEBoB~wFw	12	25	18	26	650	175	3.7143	1,2,2,2,3,2,2,2,3,2,2,2
K??ED?}Nay^_	12	21	14	33	825	91	9.0659	2,2,2,0,0,2,3,3,2,1,3,1
K??ED@_NayRc	12	25	18	55	1375	175	7.8571	3,3,3,0,1,0,3,3,3,2,2,2
K??ED?qFqZ^_	12	20	13	27	675	75	9.0000	2,1,1,2,2,0,2,2,2,1,2,3
K??ED?}Nay^_	12	22	16	33	825	84	9.8214	2,2,2,0,0,2,3,3,2,1,3,2
K??EDaKRR`Fo	12	21	12	40	1000	141	7.0922	2,2,0,2,1,2,2,2,2,2,2,2
K??ED?}Nay^_	12	23	17	36	900	104	8.6538	2,3,2,1,1,1,3,3,0,3,3,1
K??ED?qFqZ^_	12	21	15	24	600	66	9.0909	2,0,1,1,1,1,3,2,3,2,3,2
K??ED?^Nay^_	12	20	13	25	625	75	8.3333	1,3,2,1,0,2,2,3,1,2,2,1
K??ED?}Nay^_	12	24	18	45	1125	126	8.9286	3,3,3,0,0,3,3,3,0,3,3,0
K??ED?^Nay^_	12	21	15	24	600	66	9.0909	1,2,3,0,1,1,2,3,1,2,3,2
K??EDaKRR`Fo	12	22	14	42	1050	134	7.8358	1,3,2,0,1,2,2,1,2,2,3,3
K??ED?qFqZ^_	12	22	16	36	900	84	10.7143	2,2,2,2,0,2,2,2,2,2,2,2
K??ED?}Nay^_	12	25	21	39	975	100	9.7500	3,3,2,0,0,2,3,3,2,2,3,2
K??ED?^Nay^_	12	22	16	33	825	84	9.8214	0,3,3,0,0,2,3,3,2,2,2,2
K??EFBOFp\^_	12	20	13	25	625	75	8.3333	1,2,3,2,0,1,1,2,2,3,2,1
K??ED?^Nay^_	12	23	17	36	900	104	8.6538	2,3,2,0,2,1,3,3,0,3,3,1
K??ED?qFqZ^_	12	23	18	36	900	79	11.3924	2,2,2,2,0,2,2,2,2,2,2,3
K??EDaKRR`Fo	12	23	16	40	1000	129	7.7519	2,3,1,0,0,3,2,1,3,3,3,2
K??EFBOFp\^_	12	21	15	24	600	66	9.0909	0,2,2,3,0,1,1,3,2,3,2,2
K??ED?qFqZ^_	12	24	19	43	1075	101	10.6436	1,2,3,1,0,2,3,2,2,3,2,3
K??ED?^Nay^_	12	24	19	41	1025	101	10.1485	2,3,2,0,0,2,3,3,1,3,3,2
K??EFBOFp\^_	12	22	16	32	800	84	9.5238	0,2,2,3,0,1,1,3,2,3,3,2
K??EDaKRR`Fo	12	24	18	47	1175	126	9.3254	2,2,1,2,0,3,0,3,3,3,3,2
K??EFBOFp\^_	12	23	17	36	900	104	8.6538	1,2,3,2,0,2,0,3,3,3,3,1
K??ED?qFqZ^_	12	25	21	43	1075	100	10.7500	1,2,3,1,0,2,3,2,2,3,3,3
K??ED?^Nay^_	12	25	21	39	975	100	9.7500	0,4,3,0,0,2,3,3,3,3,2,2
K??EF?}Fp{^_	12	20	12	19	475	100	4.7500	1,2,2,2,0,1,2,3,2,2,1,2
K??EFB_NfwB{	12	20	12	19	475	100	4.7500	2,1,2,0,2,1,2,0,3,3,2,2
K??EFBOFp\^_	12	24	19	41	1025	101	10.1485	0,2,3,2,0,2,1,3,3,3,3,2
K??EF?}Fp{^_	12	21	12	19	475	141	3.3688	0,2,2,0,0,3,3,3,3,2,0,3
K??EFB_NfwB{	12	21	12	19	475	141	3.3688	0,2,2,0,1,2,3,1,2,3,3,2
K??EDaKRR`Fo	12	25	19	54	1350	150	9.0000	2,2,1,2,1,2,2,3,2,3,2,3
K??EF?}Fp{^_	12	22	15	19	475	109	4.3578	1,2,3,1,1,1,2,3,0,3,3,2
K??EFB_NfwB{	12	22	15	19	475	109	4.3578	0,3,3,0,0,3,3,1,1,2,3,3
K??E@c}NeY^_	12	20	12	19	475	100	4.7500	1,2,1,2,0,2,2,2,2,1,3,2
K??EFBOFp\^_	12	25	21	39	975	100	9.7500	0,2,3,2,2,1,0,3,4,3,3,2
K??EF?}Fp{^_	12	23	15	24	600	154	3.8961	1,2,2,0,1,2,2,3,2,3,2,3
K??E@c}NeY^_	12	21	12	19	475	141	3.3688	0,3,1,3,0,2,2,2,2,1,3,2
K??EFB_NfwB{	12	23	15	24	600	154	3.8961	1,2,2,0,0,3,2,2,1,4,3,3
K??E@c}NeY^_	12	22	15	19	475	109	4.3578	1,2,0,3,0,3,2,3,2,1,3,2
K??EF?}Fp{^_	12	24	16	28	700	176	3.9773	2,2,2,0,2,2,2,4,2,2,2,2
K??EFB_NfwB{	12	24	16	28	700	176	3.9773	2,2,2,0,2,2,2,2,2,4,2,2
K??E@_qBuZ^_	12	20	12	27	675	100	6.7500	0,2,1,2,1,2,3,2,1,2,2,2
K??EF?}Fp{^_	12	25	18	26	650	175	3.7143	3,0,2,0,1,1,2,3,4,4,1,4
K??EFB_NfwB{	12	25	17	28	700	200	3.5000	2,2,2,0,1,2,2,0,4,4,3,3
K??E@c}NeY^_	12	23	15	24	600	154	3.8961	1,2,2,2,1,2,3,2,1,2,3,2
K??E@_qBuZ^_	12	21	14	33	825	91	9.0659	0,2,2,1,1,1,3,2,2,3,1,3
K??E@c}NeY^_	12	24	18	27	675	126	5.3571	1,2,1,2,1,2,3,3,1,2,3,3
K??EF?^Fp{^_	12	20	12	19	475	100	4.7500	1,2,2,0,1,2,2,3,1,1,3,2
K??E@_NNeY^_	12	20	12	27	675	100	6.7500	1,2,1,2,0,2,2,2,3,2,2,1
K??E@_qBuZ^_	12	22	16	33	825	84	9.8214	2,0,0,3,0,2,3,2,2,3,2,3
K??E@c}NeY^_	12	25	18	27	675	175	3.8571	3,0,0,3,0,4,3,3,2,1,3,3
K??EF?^Fp{^_	12	21	12	19	475	141	3.3688	0,2,3,0,1,2,3,2,2,1,2,3
*** psi >= 1/25 : K??FF?^Fvw^_ Q=20 bip=16 dist=0 w=1,1,2,1,2,1,2,2,2,2,1,3
*** psi >= 1/25 : K??FF?^Fvw^_ Q=20 bip=16 dist=0 w=1,1,2,0,3,1,2,2,2,2,1,3
*** psi >= 1/25 : K??FF?^Fvw^_ Q=20 bip=16 dist=0 w=1,1,2,0,2,2,2,2,2,2,1,3
*** psi >= 1/25 : K??FF?^Fvw^_ Q=20 bip=16 dist=0 w=1,1,2,1,2,1,2,2,2,2,2,2
*** psi >= 1/25 : K??FF?^Fvw^_ Q=20 bip=16 dist=0 w=1,1,2,0,3,1,2,2,2,2,2,2
*** psi >= 1/25 : K??FF?^Fvw^_ Q=20 bip=16 dist=0 w=1,1,2,0,2,2,2,2,2,2,2,2
K??E@_NNeY^_	12	21	14	33	825	91	9.0659	3,0,2,1,0,1,3,3,2,2,2,2
*** psi >= 1/25 : K??FF?^Fvw^_ Q=25 bip=25 dist=0 w=3,0,2,0,2,3,2,3,2,3,3,2
*** psi >= 1/25 : K??FF?^Fvw^_ Q=25 bip=25 dist=0 w=3,0,2,0,2,3,2,3,1,4,3,2
*** psi >= 1/25 : K??FF?^Fvw^_ Q=25 bip=25 dist=0 w=3,0,2,0,2,3,3,2,2,3,3,2
*** psi >= 1/25 : K??FF?^Fvw^_ Q=25 bip=25 dist=0 w=3,0,2,0,2,3,3,2,1,4,3,2
K??E@_qBuZ^_	12	23	17	36	900	104	8.6538	1,2,1,2,1,2,3,2,2,3,1,3
K??EF?^Fp{^_	12	22	15	19	475	109	4.3578	1,2,3,0,1,2,2,3,1,2,3,2
K??E@_NNeY^_	12	22	15	32	800	109	7.3394	1,2,1,2,0,1,3,2,3,2,3,2
K??EF?^Fp{^_	12	23	15	24	600	154	3.8961	2,2,3,0,1,2,2,3,1,2,3,2
K??E@_qBuZ^_	12	24	18	45	1125	126	8.9286	1,2,1,2,1,2,3,3,3,3,0,3
K??E@_NNeY^_	12	23	16	36	900	129	6.9767	1,3,2,1,0,2,2,3,3,2,2,2
K??EF?^Fp{^_	12	24	18	27	675	126	5.3571	1,2,3,0,1,2,3,3,1,2,3,3
K?AAF?^^DsFo	12	20	13	28	700	75	9.3333	3,3,1,0,2,2,2,1,1,2,2,1
K??EF?^Fp{^_	12	25	18	26	650	175	3.7143	3,2,4,0,1,2,2,2,2,2,3,2
K??E@_qBuZ^_	12	25	21	39	975	100	9.7500	1,2,2,2,1,2,3,2,2,3,2,3
K??E@_NNeY]C	12	20	12	27	675	100	6.7500	1,2,1,2,1,2,2,2,2,2,2,1
K??E@_NNeY^_	12	24	18	45	1125	126	8.9286	1,2,1,2,0,0,3,3,3,3,3,3
K?AAF?^^DsFo	12	21	14	34	850	91	9.3407	3,2,1,0,1,2,3,2,1,3,2,1
K??EDaoRX{^_	12	20	12	27	675	100	6.7500	1,2,0,2,1,2,3,3,0,2,2,2
K??E@_NNeY]C	12	21	14	33	825	91	9.0659	2,1,0,3,0,2,2,2,1,3,3,2
K??E@_NNeY^_	12	25	21	39	975	100	9.7500	1,2,4,0,0,2,3,3,3,2,3,2
K??EDaoRX{^_	12	21	14	33	825	91	9.0659	2,2,0,2,0,2,3,1,2,3,3,1
K??E@_NNeY]C	12	22	16	33	825	84	9.8214	1,2,0,3,0,2,2,2,2,3,3,2
K?AAF?^^DsFo	12	22	16	31	775	84	9.2262	3,3,1,0,2,2,3,1,1,3,2,1
K??EDaoRX{^_	12	22	16	33	825	84	9.8214	2,2,0,2,1,1,3,0,3,3,3,2
K??ED`LNfw^_	12	20	12	27	675	100	6.7500	1,2,0,2,1,2,3,3,2,2,1,1
K??E@_NNeY]C	12	23	17	36	900	104	8.6538	0,3,1,2,1,2,2,3,1,3,3,2
K?AAF?^^DsFo	12	23	17	37	925	104	8.8942	3,3,2,0,1,3,2,1,2,2,3,1
K??EDaoRX{^_	12	23	18	33	825	79	10.4430	2,2,1,1,1,1,3,2,1,3,3,3
K??ED`LNfw^_	12	21	14	33	825	91	9.0659	2,2,0,2,0,2,3,3,3,3,0,1
K??E@_NNeY]C	12	24	18	45	1125	126	8.9286	1,2,1,2,1,2,3,3,0,3,3,3
K??ED`LNfw^_	12	22	16	33	825	84	9.8214	2,2,2,0,0,2,3,3,3,3,1,1
K??EDaoRX{^_	12	24	18	45	1125	126	8.9286	3,3,1,2,0,3,3,3,0,3,3,0
K?AAF?^^DsFo	12	24	19	44	1100	101	10.8911	3,3,1,0,1,3,3,2,1,3,3,1
K??E@_NNeY]C	12	25	21	39	975	100	9.7500	1,2,2,2,1,2,3,2,2,3,3,2
K??ED`LNfw^_	12	23	17	36	900	104	8.6538	2,2,1,2,1,2,3,3,3,3,0,1
K??EDaoRX{^_	12	25	21	39	975	100	9.7500	2,2,0,3,1,2,4,1,2,3,3,2
K?AAF?^^DsFo	12	25	21	39	975	100	9.7500	3,2,3,0,0,3,4,2,2,3,3,0
K??ED`LN`{^_	12	20	12	27	675	100	6.7500	1,2,0,2,1,2,3,3,2,1,1,2
K??E@f_FmY^_	12	20	13	25	625	75	8.3333	0,1,2,1,0,2,1,3,3,2,2,3
K??ED`LNfw^_	12	24	18	45	1125	126	8.9286	3,3,1,2,1,2,3,3,3,3,0,0
K?AEF@c}?vFo	12	20	13	29	725	75	9.6667	3,1,1,0,3,2,1,1,3,2,2,1
K??E@f_FmY^_	12	21	15	24	600	66	9.0909	0,2,2,1,2,1,1,2,3,3,2,2
K??ED`LN`{^_	12	21	14	33	825	91	9.0659	2,2,0,2,0,2,3,3,3,2,1,1
K??ED`LNfw^_	12	25	21	39	975	100	9.7500	2,2,1,2,1,2,4,3,3,3,0,2
K??E@f_FmY^_	12	22	15	32	800	109	7.3394	0,2,3,1,1,2,2,3,3,2,2,1
K??ED`LN`{^_	12	22	16	33	825	84	9.8214	2,2,1,1,2,0,3,3,3,0,3,2
K?AEF@c}?vFo	12	21	14	34	850	91	9.3407	3,1,1,1,2,2,1,1,3,2,2,2
K??E@c}rVw^_	12	20	12	19	475	100	4.7500	0,2,0,2,1,2,3,3,2,2,2,1
K??E@f_FmY^_	12	23	16	38	950	129	7.3643	0,2,3,1,2,2,2,3,3,2,2,1
K??E@c}rVw^_	12	21	12	19	475	141	3.3688	1,1,2,1,0,3,3,3,2,2,0,3
K??ED`LN`{^_	12	23	17	36	900	104	8.6538	2,2,1,2,1,2,3,3,3,1,2,1
K?AEF@c}?vFo	12	22	16	32	800	84	9.5238	3,1,1,1,2,2,2,0,3,3,2,2
K??E@c}rVw^_	12	22	15	19	475	109	4.3578	1,2,1,2,1,2,3,3,2,2,2,1
K??E@f_FmY^_	12	24	19	41	1025	101	10.1485	2,0,2,2,0,3,1,3,3,3,3,2
K??E@c}rVw^_	12	23	15	24	600	154	3.8961	1,2,1,2,2,2,3,3,2,2,2,1
K?AEF@c}?vFo	12	23	17	36	900	104	8.6538	2,2,1,1,2,3,1,1,2,3,3,2
K??ED`LN`{^_	12	24	18	45	1125	126	8.9286	3,3,1,2,1,2,3,3,3,1,2,0
K??E@c}rVw^_	12	24	18	27	675	126	5.3571	1,2,1,2,1,2,3,3,3,3,1,2
K??E@f_FmY^_	12	25	21	39	975	100	9.7500	0,2,2,3,1,2,0,3,4,3,3,2
K??E@c}rVw^_	12	25	18	27	675	175	3.8571	2,1,1,3,1,2,3,3,3,3,1,2
K??ED`LN`{^_	12	25	21	39	975	100	9.7500	2,2,1,2,1,2,4,3,3,1,2,2
K?AEF@c}?vFo	12	24	19	44	1100	101	10.8911	3,1,1,0,3,3,1,1,3,3,3,2
K??FCo]XVw^_	12	20	12	27	675	100	6.7500	2,0,1,1,2,2,3,2,2,3,1,1
K??FFAWXG}^_	12	20	12	27	675	100	6.7500	2,0,1,2,1,2,2,1,2,3,2,2
K?AAF?^^BwVO	12	20	12	29	725	100	7.2500	2,2,1,0,1,2,2,2,2,1,2,3
K?AEF@c}?vFo	12	25	21	45	1125	100	11.2500	3,1,1,1,2,3,1,1,3,3,3,3
K??FCo]XVw^_	12	21	14	33	825	91	9.0659	2,0,2,0,2,2,3,3,3,3,0,1
K??FFAWXG}^_	12	21	14	33	825	91	9.0659	2,0,2,0,2,2,1,2,3,3,3,1
K?AAF?^^BwVO	12	21	15	24	600	66	9.0909	2,3,1,0,1,3,2,2,2,0,3,2
K?AEAJw^@uFo	12	20	13	25	625	75	8.3333	3,3,0,1,2,2,1,2,2,1,2,1
K??FCo]XVw^_	12	22	16	33	825	84	9.8214	2,0,2,0,2,2,3,3,3,3,1,1
K??FFAWXG}^_	12	22	16	33	825	84	9.8214	2,0,2,1,1,2,2,1,3,3,3,2
K?AAF?^^BwVO	12	22	16	33	825	84	9.8214	3,3,0,0,2,2,2,2,2,2,1,3
K?AEAJw^@uFo	12	21	15	24	600	66	9.0909	3,2,0,0,2,3,2,3,2,1,2,1
K??FCo]XVw^_	12	23	17	36	900	104	8.6538	3,1,1,0,3,2,3,3,3,3,0,1
K??FFAWXG}^_	12	23	17	36	900	104	8.6538	3,0,2,1,2,2,1,2,3,3,3,1
K?AAF?^^BwVO	12	23	17	36	900	104	8.6538	3,3,0,1,2,2,3,2,1,1,2,3
K?AEAJw^@uFo	12	22	16	33	825	84	9.8214	3,2,2,0,1,3,2,2,2,2,3,0
K??FCo]XVw^_	12	24	18	45	1125	126	8.9286	3,1,2,1,2,3,3,3,3,3,0,0
K??FFAWXG}^_	12	24	18	45	1125	126	8.9286	3,1,2,1,2,3,1,2,3,3,3,0
K?AAF?^^BwVO	12	24	19	41	1025	101	10.1485	3,3,1,0,2,3,2,2,2,3,0,3
K?AEAJw^@uFo	12	23	17	36	900	104	8.6538	3,1,0,1,2,3,3,3,2,2,3,0
K??FFAWXG}^_	12	25	21	39	975	100	9.7500	2,1,1,1,2,3,1,3,3,3,3,2
K?AAF?^^BwVO	12	25	21	39	975	100	9.7500	3,4,0,0,3,3,2,2,2,1,2,3
K??FCo]XVw^_	12	25	21	39	975	100	9.7500	3,0,2,1,2,2,3,3,3,4,1,1
K?AEAJw^@uFo	12	24	19	41	1025	101	10.1485	2,2,2,0,1,3,2,3,3,1,3,2
K?AEFBwFrwFo	12	20	12	19	475	100	4.7500	2,2,2,0,2,2,2,2,1,1,2,2
K?AAFBwFrwVO	12	20	13	29	725	75	9.6667	3,2,1,0,1,2,3,1,1,1,3,2
K?AEFBwFrwFo	12	21	14	16	400	91	4.3956	2,2,1,1,2,1,2,2,2,2,2,2
K?AEAJw^@uFo	12	25	21	39	975	100	9.7500	3,2,1,0,2,3,2,4,3,0,2,3
K?AA@BwNayRW	12	20	12	40	1000	100	10.0000	2,2,2,0,0,2,2,2,2,2,2,2
K?AEFBwFrwFo	12	22	16	24	600	84	7.1429	2,2,2,0,2,2,2,2,2,2,2,2
K?ABF@c}?}RS	12	20	13	25	625	75	8.3333	3,1,2,1,2,2,1,1,2,2,2,1
K?AAFBwFrwVO	12	21	14	34	850	91	9.3407	2,3,1,0,1,3,2,1,1,2,2,3
K?AEFBwFrwFo	12	23	16	24	600	129	4.6512	2,2,2,1,2,3,2,2,2,2,2,1
K?AEFBwFrwFo	12	24	18	26	650	126	5.1587	3,2,2,1,2,2,2,2,2,2,2,2
K?AA@BwNayRW	12	21	12	40	1000	141	7.0922	2,2,2,0,1,2,2,2,2,2,2,2
K?ABF@c}?}RS	12	21	15	24	600	66	9.0909	2,0,2,1,2,3,1,1,2,2,3,2
K?AAFBwFrwVO	12	22	16	32	800	84	9.5238	3,3,0,2,0,3,2,1,1,2,2,3
K?AEFBwFrwFo	12	25	19	28	700	150	4.6667	1,2,3,1,1,1,3,3,2,3,2,3
K?AEFo}^BwN_	12	20	12	19	475	100	4.7500	3,2,0,1,2,2,3,2,2,1,1,1
K?ABF@c}?}RS	12	22	16	32	800	84	9.5238	2,0,3,3,0,3,1,1,2,2,3,2
K?AAFBwFrwVO	12	23	17	37	925	104	8.8942	3,2,1,0,2,3,3,2,1,1,3,2
K?AA@BwNayRW	12	22	15	33	825	109	7.5688	3,2,2,0,1,3,2,1,3,2,1,2
K?AEFo}^BwN_	12	21	12	19	475	141	3.3688	3,2,0,2,2,2,3,2,2,1,1,1
K?ABF@c}?}RS	12	23	17	36	900	104	8.6538	1,0,3,2,1,2,0,3,3,3,3,2
K?AEFo}^BwN_	12	22	15	19	475	109	4.3578	3,2,2,1,0,2,3,3,3,0,0,3
K?AAFBwFrwVO	12	24	19	44	1100	101	10.8911	3,3,1,0,1,3,3,1,1,2,3,3
K?ABF@c}?}RS	12	24	19	41	1025	101	10.1485	2,1,2,3,0,3,1,2,3,2,3,2
K?AEFo}^BwN_	12	23	15	24	600	154	3.8961	3,2,0,1,2,2,3,3,3,1,2,1
K?AA@BwNayRW	12	23	17	36	900	104	8.6538	3,3,0,1,0,3,3,0,2,3,2,3
K?AEFo}^BwN_	12	24	18	27	675	126	5.3571	3,3,2,0,1,3,3,3,3,1,2,0
K?ABF@c}?}RS	12	25	21	39	975	100	9.7500	3,1,3,0,3,3,2,0,2,3,3,2
K?AAFBwFrwVO	12	25	21	45	1125	100	11.2500	3,3,1,1,0,3,3,1,1,3,3,3
K?AEFo}^BwN_	12	25	18	26	650	175	3.7143	3,2,0,0,2,2,3,4,4,3,1,1
K?AA@BwNayRW	12	24	18	47	1175	126	9.3254	3,3,0,0,0,3,3,2,2,2,3,3
K?ABCf_}BYBs	12	20	13	27	675	75	9.0000	2,0,1,1,2,1,2,2,2,2,2,3
K?ABBBwerwBw	12	20	12	27	675	100	6.7500	3,2,1,1,1,2,2,0,1,2,2,3
K?AAFbo^Ds@{	12	20	12	29	725	100	7.2500	2,2,1,0,1,2,2,0,2,3,3,2
K?ABCf_}BYBs	12	21	15	24	600	66	9.0909	2,1,1,3,0,3,1,2,1,2,2,3
K?ABBBwerwBw	12	21	14	33	825	91	9.0659	3,1,2,0,1,3,1,2,2,2,2,2
K?AAFbo^Ds@{	12	21	14	33	825	91	9.0659	3,3,0,0,2,2,2,1,1,3,3,1
K?ABCf_}BYBs	12	22	16	36	900	84	10.7143	2,0,2,2,2,2,2,2,2,2,2,2
K?ABBBwerwBw	12	22	16	33	825	84	9.8214	3,1,2,0,2,3,1,2,2,2,2,2
K?AA@BwNayRW	12	25	21	39	975	100	9.7500	3,0,3,1,1,3,0,4,3,3,2,2
K?ABBBwerwBw	12	23	18	33	825	79	10.4430	3,0,3,1,2,3,0,3,2,2,2,2
K?AAFbo^Ds@{	12	22	16	33	825	84	9.8214	2,2,0,2,0,3,3,1,1,3,3,2
K?ABCf_}BYBs	12	23	18	36	900	79	11.3924	2,0,2,2,2,2,2,2,2,2,2,3
K?ABBBwerwBw	12	24	18	45	1125	126	8.9286	3,2,1,0,0,3,3,0,3,3,3,3
K?AAFbo^Ds@{	12	23	17	36	900	104	8.6538	3,2,3,0,0,3,3,0,1,3,3,2
K?AA@bHBrwVO	12	20	12	40	1000	100	10.0000	2,2,0,2,0,2,2,2,2,2,2,2
K?ABCf_}BYBs	12	24	19	43	1075	101	10.6436	3,0,2,1,3,1,2,3,2,2,2,3
K?ABBBwerwBw	12	25	21	39	975	100	9.7500	3,1,2,0,2,3,2,2,3,2,3,2
K?AAFbo^Ds@{	12	24	19	41	1025	101	10.1485	3,3,0,1,2,3,2,0,2,3,3,2
K?AA@bHBrwVO	12	21	14	33	825	91	9.0659	0,3,1,2,1,0,3,3,2,2,2,2
K?ABCf_}BYBs	12	25	21	43	1075	100	10.7500	3,0,3,1,3,1,2,3,2,2,2,3
K?ABFAYFrwBw	12	20	12	27	675	100	6.7500	3,0,3,1,2,2,2,1,2,1,2,1
K?AFF?^^Fo^?	12	20	12	19	475	100	4.7500	3,0,2,1,2,2,1,2,2,3,1,1
K?AAFbo^Ds@{	12	25	21	39	975	100	9.7500	3,2,3,0,0,3,4,0,2,3,3,2
K?AFF?^^Fo^?	12	21	12	19	475	141	3.3688	3,1,1,0,3,2,0,3,2,3,2,1
K?AA@bHBrwVO	12	22	16	33	825	84	9.8214	3,0,2,1,2,3,0,3,2,2,2,2
K?ABFAYFrwBw	12	21	14	33	825	91	9.0659	3,2,1,0,2,2,2,2,3,0,3,1
K?AFF?^^Fo^?	12	22	15	19	475	109	4.3578	3,1,2,1,2,3,1,2,2,3,1,1
K?AEFrwNbw^?	12	20	12	19	475	100	4.7500	2,3,0,0,2,3,2,1,1,3,2,1
K?AFF?^^Fo^?	12	23	15	24	600	154	3.8961	2,1,2,1,2,4,1,2,3,2,2,1
K?AEFrwNbw^?	12	21	12	19	475	141	3.3688	2,3,0,0,2,3,2,1,2,3,2,1
K?ABFAYFrwBw	12	22	16	33	825	84	9.8214	3,1,2,0,2,2,2,2,3,1,3,1
K?AFF?^^Fo^?	12	24	18	27	675	126	5.3571	3,1,2,1,2,3,1,2,3,3,1,2
K?AEFrwNbw^?	12	22	15	19	475	109	4.3578	3,3,0,1,2,3,2,0,2,3,2,1
K?AA@bHBrwVO	12	23	16	40	1000	129	7.7519	3,2,1,2,0,2,1,3,3,1,2,3
K?ABFAYFrwBw	12	23	17	36	900	104	8.6538	3,3,0,0,2,3,2,3,3,0,3,1
K?AFF?^^Fo^?	12	25	18	27	675	175	3.8571	3,1,2,2,2,3,1,2,3,3,1,2
K?AEFrwNbw^?	12	23	15	24	600	154	3.8961	3,2,0,1,2,2,3,0,2,3,4,1
K?AF?~w}Bw^?	12	20	12	19	475	100	4.7500	2,1,2,0,2,3,2,3,1,1,2,1
K?AF?~w}Bw^?	12	21	12	19	475	141	3.3688	3,1,1,2,1,2,3,2,0,1,4,1
K?AEFrwNbw^?	12	24	18	27	675	126	5.3571	3,3,0,0,3,3,3,0,1,3,3,2
K?ABFAYFrwBw	12	24	18	45	1125	126	8.9286	3,1,2,1,2,3,3,3,3,0,3,0
K?AF?~w}Bw^?	12	22	15	19	475	109	4.3578	3,3,0,0,2,3,2,3,0,1,3,2
K?AEFrwNbw^?	12	25	18	27	675	175	3.8571	3,3,0,1,2,3,3,0,2,3,3,2
K?AA@bHBrwVO	12	24	17	48	1200	151	7.9470	2,2,1,2,0,2,2,3,3,3,2,2
K?AF?~w}Bw^?	12	23	15	24	600	154	3.8961	3,2,2,1,2,3,2,3,0,2,2,1
K?ABFAYFrwBw	12	25	21	39	975	100	9.7500	3,2,2,1,2,3,2,2,3,0,3,2
K?ABBBoerw@{	12	20	13	25	625	75	8.3333	2,0,2,1,1,2,1,2,3,2,3,1
K?AF?~w}Bw^?	12	24	18	27	675	126	5.3571	3,3,0,0,3,3,3,3,0,1,3,2
K?ABCvo{Bw@u	12	20	13	25	625	75	8.3333	2,2,0,1,1,3,2,3,1,2,2,1
K?ABBBoerw@{	12	21	14	33	825	91	9.0659	3,1,2,0,2,2,1,1,2,3,3,1
K?AA@bHBrwVO	12	25	19	51	1275	150	8.5000	3,1,0,3,1,3,2,3,3,3,1,2
K?AF?~w}Bw^?	12	25	18	27	675	175	3.8571	3,2,1,0,3,3,3,4,1,1,3,1
*** psi >= 1/25 : K?BEFo}}@{^? Q=25 bip=25 dist=0 w=0,5,2,2,1,3,2,3,3,1,2,1
*** psi >= 1/25 : K?BEFo}}@{^? Q=25 bip=25 dist=0 w=2,3,2,2,1,3,2,3,3,1,2,1
*** psi >= 1/25 : K?BEFo}}@{^? Q=25 bip=25 dist=0 w=1,4,1,3,1,3,2,3,3,1,2,1
*** psi >= 1/25 : K?BEFo}}@{^? Q=25 bip=25 dist=0 w=1,4,1,2,2,3,2,3,3,1,2,1
*** psi >= 1/25 : K?BEFo}}@{^? Q=25 bip=25 dist=0 w=1,4,3,1,1,3,2,3,3,1,2,1
*** psi >= 1/25 : K?BEFo}}@{^? Q=25 bip=25 dist=0 w=1,4,2,1,2,3,2,3,3,1,2,1
*** psi >= 1/25 : K?BEFo}}@{^? Q=25 bip=25 dist=0 w=1,4,3,2,0,3,2,3,3,1,2,1
*** psi >= 1/25 : K?BEFo}}@{^? Q=25 bip=25 dist=0 w=1,4,2,3,0,3,2,3,3,1,2,1
*** psi >= 1/25 : K?BEFo}}@{^? Q=25 bip=25 dist=0 w=1,4,2,2,1,2,3,3,3,1,2,1
*** psi >= 1/25 : K?BEFo}}@{^? Q=25 bip=25 dist=0 w=1,4,2,2,1,4,1,3,3,1,2,1
*** psi >= 1/25 : K?BEFo}}@{^? Q=25 bip=25 dist=0 w=1,4,2,2,1,3,2,2,3,2,2,1
*** psi >= 1/25 : K?BEFo}}@{^? Q=25 bip=25 dist=0 w=1,4,2,2,1,3,2,2,3,1,2,2
*** psi >= 1/25 : K?BEFo}}@{^? Q=25 bip=25 dist=0 w=1,4,2,2,1,3,2,3,2,1,3,1
*** psi >= 1/25 : K?BEFo}}@{^? Q=25 bip=25 dist=0 w=1,4,2,2,1,3,2,4,3,0,2,1
*** psi >= 1/25 : K?BEFo}}@{^? Q=25 bip=25 dist=0 w=1,4,2,2,1,3,2,3,3,0,2,2
*** psi >= 1/25 : K?BEFo}}@{^? Q=25 bip=25 dist=0 w=1,4,2,2,1,3,2,3,4,1,1,1
*** psi >= 1/25 : K?BEFo}}@{^? Q=25 bip=25 dist=0 w=1,4,2,2,1,3,2,4,3,1,2,0
*** psi >= 1/25 : K?BEFo}}@{^? Q=25 bip=25 dist=0 w=1,4,2,2,1,3,2,3,3,2,2,0
*** psi >= 1/25 : K?BEFo}}@{^? Q=25 bip=25 dist=0 w=1,4,2,2,1,3,2,3,3,1,2,1
*** psi >= 1/25 : K?BEFo}}@{^? Q=25 bip=25 dist=0 w=0,5,2,2,1,3,2,3,3,1,2,1
*** psi >= 1/25 : K?BEFo}}@{^? Q=25 bip=25 dist=0 w=1,4,3,1,1,3,2,3,3,1,2,1
*** psi >= 1/25 : K?BEFo}}@{^? Q=25 bip=25 dist=0 w=0,5,3,1,1,3,2,3,3,1,2,1
*** psi >= 1/25 : K?BEFo}}@{^? Q=25 bip=25 dist=0 w=1,4,3,2,0,3,2,3,3,1,2,1
*** psi >= 1/25 : K?BEFo}}@{^? Q=25 bip=25 dist=0 w=0,5,3,2,0,3,2,3,3,1,2,1
K?ABCvo{Bw@u	12	21	15	24	600	66	9.0909	2,2,1,1,1,3,2,2,1,1,3,2
K?ABBBoerw@{	12	22	16	33	825	84	9.8214	3,2,1,0,2,2,0,2,2,3,3,2
K?AEDqwMbwGm	12	20	12	27	675	100	6.7500	2,2,1,0,2,3,3,1,1,1,2,2
K?AEDqwMbwGm	12	21	14	33	825	91	9.0659	3,2,0,1,2,2,3,0,2,2,3,1
K?ABBBoerw@{	12	23	17	36	900	104	8.6538	2,0,3,2,0,3,0,3,1,3,3,3
K?BD@j_QvoBs	12	20	13	29	725	75	9.6667	1,2,1,3,1,1,2,2,1,2,2,2
K?ABCvo{Bw@u	12	22	16	33	825	84	9.8214	3,0,3,0,2,2,2,3,1,1,3,2
K?AEDqwMbwGm	12	22	16	33	825	84	9.8214	3,2,0,2,1,2,3,1,1,2,3,2
K?BD@j_QvoBs	12	21	14	34	850	91	9.3407	2,0,2,1,3,2,0,3,2,2,2,2
K?ABCvo{Bw@u	12	23	17	36	900	104	8.6538	3,1,2,0,2,2,3,3,1,2,3,1
K?ABBBoerw@{	12	24	19	41	1025	101	10.1485	3,1,2,1,2,2,1,2,2,3,3,2
K?AEDqwMbwGm	12	23	18	33	825	79	10.4430	3,2,0,1,2,2,3,0,2,2,3,3
K?BD@j_QvoBs	12	22	16	38	950	84	11.3095	1,2,2,2,2,2,2,2,1,2,2,2
K?ABBBoerw@{	12	25	21	39	975	100	9.7500	3,1,1,3,0,3,2,2,2,3,3,2
K?ABCvo{Bw@u	12	24	19	41	1025	101	10.1485	2,1,2,2,1,3,3,3,0,2,3,2
K?ABFAYFrwN_	12	20	12	27	675	100	6.7500	3,2,0,1,1,1,3,2,2,2,1,2
K?AEDqwMbwGm	12	24	18	45	1125	126	8.9286	3,3,0,1,2,3,3,1,2,3,3,0
K?ABCvo{Bw@u	12	25	21	39	975	100	9.7500	2,0,3,2,0,3,3,4,1,1,3,3
K?BD@j_QvoBs	12	23	18	38	950	79	12.0253	1,2,2,2,2,2,2,2,1,2,3,2
K?AEDqwMbwGm	12	25	21	39	975	100	9.7500	3,2,0,1,2,2,3,1,2,3,4,2
K?ABFAYFrwN_	12	21	14	33	825	91	9.0659	3,1,2,0,2,2,2,2,3,1,2,1
K?AFCo]XVoN_	12	20	13	25	625	75	8.3333	3,2,0,2,1,1,2,2,2,3,1,1
K?BD@j_QvoBs	12	24	19	43	1075	101	10.6436	2,2,1,3,1,2,3,2,0,3,3,2
K?AEAJw^@uFW	12	20	12	27	675	100	6.7500	2,2,0,1,2,3,3,2,2,1,1,1
K?ABFAYFrwN_	12	22	16	33	825	84	9.8214	3,1,2,0,2,2,2,2,3,2,2,1
K?AFCo]XVoN_	12	21	14	33	825	91	9.0659	1,0,3,2,1,2,2,2,3,3,2,0
K?AEAJw^@uFW	12	21	14	33	825	91	9.0659	3,1,0,0,3,3,2,2,2,2,2,1
K?ABFAYFrwN_	12	23	17	36	900	104	8.6538	3,2,1,0,2,3,2,3,3,1,1,2
K?BD@j_QvoBs	12	25	21	47	1175	100	11.7500	1,2,2,2,2,2,2,3,1,2,3,3
K?AEAJw^@uFW	12	22	16	33	825	84	9.8214	3,2,0,1,2,3,2,2,2,2,2,1
K?AFCo]XVoN_	12	22	16	33	825	84	9.8214	2,2,1,1,2,2,3,3,2,2,0,2
K?ABFAYFrwN_	12	24	18	45	1125	126	8.9286	3,2,1,2,1,3,3,3,3,0,1,2
K?BD@xY}Fo^?	12	20	12	27	675	100	6.7500	1,2,2,1,2,3,3,2,2,0,1,1
K?AEAJw^@uFW	12	23	18	33	825	79	10.4430	3,3,0,1,2,3,2,2,2,2,2,1
K?AFCo]XVoN_	12	23	18	33	825	79	10.4430	2,2,1,1,2,3,3,3,2,2,0,2
K?AEAJw^@uFW	12	24	18	45	1125	126	8.9286	3,0,0,2,1,3,3,3,3,3,2,1
K?ABFAYFrwN_	12	25	21	39	975	100	9.7500	3,2,1,1,1,2,3,3,3,2,1,3
K?BD@xY}Fo^?	12	21	14	33	825	91	9.0659	2,2,2,0,2,3,3,3,3,0,0,1
K?BD@xY}Fo^?	12	22	16	33	825	84	9.8214	2,2,2,0,2,3,3,3,3,0,1,1
K?AEAJw^@uFW	12	25	21	39	975	100	9.7500	3,2,0,1,2,3,2,2,3,3,2,2
K?AFCo]XVoN_	12	24	19	41	1025	101	10.1485	2,0,3,2,1,2,3,2,3,3,2,1
K?ABCc]ZRw^?	12	20	13	29	725	75	9.6667	3,1,2,1,1,2,2,1,3,1,1,2
K?BD@xY}Fo^?	12	23	17	36	900	104	8.6538	2,2,3,2,1,3,3,3,3,0,1,0
K?ABFAYFvoN_	12	20	13	25	625	75	8.3333	2,1,2,1,2,3,2,1,2,1,1,2
K?ABCc]ZRw^?	12	21	14	34	850	91	9.3407	3,1,2,1,1,2,2,2,3,1,1,2
K?AFCo]XVoN_	12	25	21	39	975	100	9.7500	3,1,3,2,1,2,3,3,3,2,0,2
K?ABFAYFvoN_	12	21	14	33	825	91	9.0659	3,2,1,0,2,2,2,2,3,1,0,3
K?BD@xY}Fo^?	12	24	18	45	1125	126	8.9286	3,3,3,1,2,3,3,3,3,0,0,0
K?BE@bHBvoFo	12	20	12	27	675	100	6.7500	0,2,1,2,2,1,2,2,3,2,2,1
K?ABCc]ZRw^?	12	22	16	32	800	84	9.5238	3,1,2,2,0,3,2,2,3,1,1,2
K?ABFAYFvoN_	12	22	16	32	800	84	9.5238	3,1,2,1,1,3,2,1,3,2,1,2
K?BE@bHBvoFo	12	21	14	33	825	91	9.0659	3,0,0,3,1,3,0,3,2,2,2,2
K?BD@xY}Fo^?	12	25	21	39	975	100	9.7500	3,3,2,0,2,3,3,4,3,0,0,2
K?ABFAYFvoN_	12	23	18	33	825	79	10.4430	3,2,1,0,2,2,2,2,3,3,0,3
K?BE@bHBvoFo	12	22	16	33	825	84	9.8214	0,3,2,1,2,2,1,3,2,2,2,2
K?ABCc]ZRw^?	12	23	17	37	925	104	8.8942	3,1,2,2,1,2,3,1,3,2,1,2
K?B@hzI}Fo^?	12	20	12	19	475	100	4.7500	1,2,1,2,2,2,2,3,3,0,1,1
K?BE@bHBvoFo	12	23	17	36	900	104	8.6538	1,2,1,2,1,0,3,3,2,3,2,3
K?ABFAYFvoN_	12	24	19	41	1025	101	10.1485	3,0,3,0,2,3,3,1,3,2,2,2
K?B@hzI}Fo^?	12	21	12	19	475	141	3.3688	2,0,0,3,3,3,3,2,2,0,2,1
K?B@hzI}Fo^?	12	22	15	19	475	109	4.3578	1,2,1,2,2,3,2,3,3,1,1,1
K?ABCc]ZRw^?	12	24	19	44	1100	101	10.8911	3,1,2,1,1,3,3,2,3,1,1,3
K?BE@bHBvoFo	12	24	18	45	1125	126	8.9286	1,2,1,2,0,1,2,3,3,3,3,3
K?ABFAYFvoN_	12	25	21	39	975	100	9.7500	3,2,1,0,2,3,4,0,2,2,3,3
K?B@hzI}Fo^?	12	23	15	24	600	154	3.8961	1,2,1,2,4,3,3,2,2,0,2,1
K?ABCc]ZVo^?	12	20	12	29	725	100	7.2500	2,1,1,1,1,2,2,2,3,2,0,3
K?B@hzI}Fo^?	12	24	18	27	675	126	5.3571	1,2,1,2,3,3,3,3,3,0,1,2
K?BE@bHBvoFo	12	25	21	39	975	100	9.7500	1,2,1,2,2,2,2,3,3,2,3,2
K?ABCc]ZRw^?	12	25	21	45	1125	100	11.2500	3,1,2,1,1,3,3,3,3,1,1,3
K?B@hzI}Fo^?	12	25	18	27	675	175	3.8571	2,1,0,3,3,3,3,3,3,0,3,1
K?ABCc]ZVo^?	12	21	15	24	600	66	9.0909	2,1,1,1,1,3,3,2,3,2,0,2
K?BDF?{UfoBw	12	20	13	28	700	75	9.3333	1,2,2,0,1,2,2,2,3,3,1,1
K?`FE`wl?{Dg	12	20	12	30	750	100	7.5000	0,2,3,2,1,1,2,3,0,2,2,2
K?AFE_]JVoN_	12	20	13	28	700	75	9.3333	1,0,2,2,2,1,3,3,2,2,1,1
K?ABCc]ZVo^?	12	22	16	32	800	84	9.5238	3,1,2,1,1,2,2,2,3,2,0,3
K?BDF?{UfoBw	12	21	14	34	850	91	9.3407	1,3,2,1,1,2,3,1,3,2,1,1
K?ABCc]ZVo^?	12	23	18	33	825	79	10.4430	2,0,3,2,0,3,2,3,3,2,0,3
K?AFE_]JVoN_	12	21	14	34	850	91	9.3407	1,1,3,2,0,2,2,3,3,2,1,1
K?`FE`wl?{Dg	12	21	14	35	875	91	9.6154	2,3,1,1,3,2,1,1,2,3,2,0
K?BDF?{UfoBw	12	22	16	33	825	84	9.8214	0,3,3,1,1,3,3,0,2,2,2,2
K?ABCc]ZVo^?	12	24	19	41	1025	101	10.1485	3,0,2,1,2,3,3,2,3,2,1,2
K?AFE_]JVoN_	12	22	16	33	825	84	9.8214	0,2,2,2,2,0,3,3,3,3,1,1
K?`FE`wl?{Dg	12	22	15	33	825	109	7.5688	2,3,1,1,3,3,2,1,2,3,0,1
K?BDF?{UfoBw	12	23	17	37	925	104	8.8942	1,3,2,1,0,2,3,1,3,3,2,2
K?ABCc]ZVo^?	12	25	21	39	975	100	9.7500	2,0,3,2,0,3,3,2,3,3,2,2
*** psi >= 1/25 : K?AFF?^^FoBw Q=20 bip=16 dist=0 w=0,3,1,0,2,2,2,2,2,4,0,2
K?AFF?^^FoBw	12	20	12	19	475	100	4.7500	3,0,2,1,2,2,1,2,1,3,2,1
K?AFE_]JVoN_	12	23	17	37	925	104	8.8942	2,1,2,3,0,1,3,2,3,3,1,2
K?AFF?^^FoBw	12	21	12	19	475	141	3.3688	3,0,2,1,2,2,1,2,2,3,2,1
K?`FE`wl?{Dg	12	23	17	37	925	104	8.8942	1,1,3,3,2,0,2,3,1,1,3,3
K?BDF?{UfoBw	12	24	19	44	1100	101	10.8911	1,3,3,1,1,3,3,1,3,3,1,1
K?AFF?^^FoBw	12	22	15	19	475	109	4.3578	3,1,2,1,2,2,1,2,2,3,2,1
K?AFF?^^FoBw	12	23	15	24	600	154	3.8961	4,1,2,1,2,2,1,2,2,3,2,1
K?`FE`wl?{Dg	12	24	19	41	1025	101	10.1485	0,2,3,3,0,2,3,2,2,1,3,3
K?BDF?{UfoBw	12	25	21	45	1125	100	11.2500	1,3,3,2,1,3,3,1,3,3,1,1
K?AFE_]JVoN_	12	24	19	44	1100	101	10.8911	2,0,3,3,1,1,3,3,3,3,1,1
K?AFF?^^FoBw	12	24	18	27	675	126	5.3571	3,1,2,1,2,3,1,2,1,3,3,2
K?BD@w{Ufo^?	12	20	12	27	675	100	6.7500	2,3,1,0,2,2,3,2,1,2,1,1
K?AFF?^^FoBw	12	25	18	27	675	175	3.8571	3,1,2,2,1,3,2,1,2,3,4,1
K?`FE`wl?{Dg	12	25	20	48	1200	125	9.6000	3,3,0,2,3,3,1,1,3,3,1,2
K?AF?~w}BwN_	12	20	12	19	475	100	4.7500	3,1,1,1,2,2,3,2,0,2,0,3
K?BD@w{Ufo^?	12	21	14	33	825	91	9.0659	2,2,2,0,2,3,3,1,2,3,0,1
K?AFE_]JVoN_	12	25	21	45	1125	100	11.2500	1,1,3,3,0,3,3,3,3,3,1,1
K?AF?~w}BwN_	12	21	12	19	475	141	3.3688	2,1,2,1,2,3,3,2,2,1,1,1
K?BD@w{Ufo^?	12	22	16	33	825	84	9.8214	2,2,2,0,2,3,3,1,2,3,1,1
K?AF?~w}BwN_	12	22	15	19	475	109	4.3578	3,1,2,1,2,3,3,2,0,2,2,1
K?BD@w{Ufo^?	12	23	17	36	900	104	8.6538	3,3,2,1,1,3,3,0,3,3,0,1
K?BE@bH{@{@y	12	20	12	27	675	100	6.7500	1,2,2,1,3,1,1,2,2,1,2,2
K?AF?~w}BwN_	12	23	15	24	600	154	3.8961	3,1,2,2,2,3,3,2,0,2,2,1
K?BD@w{Ufo^?	12	24	18	45	1125	126	8.9286	3,3,3,1,2,3,3,1,2,3,0,0
K?BE@bH{@{@y	12	21	14	33	825	91	9.0659	3,0,2,1,2,0,2,2,3,2,3,1
K?AF?~w}BwN_	12	24	18	27	675	126	5.3571	3,3,0,1,2,3,3,3,1,2,1,2
K?AF?~w}BwN_	12	25	18	27	675	175	3.8571	3,1,2,1,2,3,3,3,1,2,2,2
K?BE@bH{@{@y	12	22	16	33	825	84	9.8214	1,2,2,1,2,0,2,2,3,2,3,2
K?BD@w{Ufo^?	12	25	21	39	975	100	9.7500	3,3,2,2,0,3,3,1,3,3,2,0
K?B@`zo{ES@u	12	20	12	27	675	100	6.7500	2,1,1,2,3,2,2,2,0,1,2,2
K?BE@bH{@{@y	12	23	17	36	900	104	8.6538	1,2,1,2,3,0,2,3,3,2,3,1
K?BDB?{Ucq^?	12	20	12	40	1000	100	10.0000	2,2,2,0,2,2,2,2,2,2,2,0
K?B@`zo{ES@u	12	21	14	33	825	91	9.0659	1,2,1,2,2,2,2,3,1,1,3,1
K?BE@bH{@{@y	12	24	18	45	1125	126	8.9286	1,2,1,2,3,1,2,3,3,3,3,0
K?BDB?{Ucq^?	12	21	14	33	825	91	9.0659	2,2,2,1,1,3,3,0,3,3,0,1
L????A?{?^n{~o	13	20	12	19	475	100	4.7500	2,2,0,1,0,0,0,2,3,2,3,2,3
K?B@`zo{ES@u	12	22	16	33	825	84	9.8214	0,3,3,0,2,2,2,3,1,1,3,2
K?BE@bH{@{@y	12	25	21	39	975	100	9.7500	1,2,2,2,3,1,2,2,3,2,3,2
K?BDB?{Ucq^?	12	22	14	42	1050	134	7.8358	1,3,3,1,1,2,2,2,3,3,1,0
L????A?{?^n{~o	13	21	12	19	475	141	3.3688	2,1,0,2,0,0,2,1,3,3,2,2,3
K?B@`zo{ES@u	12	23	17	36	900	104	8.6538	1,2,1,2,2,2,3,3,0,3,3,1
K?BDB?{UcqF_	12	20	12	40	1000	100	10.0000	2,2,2,0,2,2,2,2,1,2,2,1
L????A?{?^n{~o	13	22	15	19	475	109	4.3578	3,0,1,2,0,2,1,0,3,3,2,3,2
K?B@`zo{ES@u	12	24	18	45	1125	126	8.9286	1,2,1,2,3,3,3,3,1,2,3,0
K?BDB?{Ucq^?	12	23	16	40	1000	129	7.7519	2,2,2,0,2,3,2,2,3,2,2,1
K?B@`zo{ES@u	12	25	21	39	975	100	9.7500	1,2,2,1,2,3,2,3,1,2,4,2
L????A?{?^n{~o	13	23	15	24	600	154	3.8961	3,0,1,2,0,0,2,2,3,3,2,3,2
K?BDB?{UcqF_	12	21	12	40	1000	141	7.0922	2,2,2,0,2,2,2,2,2,2,2,1
K?`DFAsNAsBw	12	20	13	32	800	75	10.6667	1,3,2,1,2,2,1,2,2,1,2,1
K?BDB?{Ucq^?	12	24	18	47	1175	126	9.3254	3,2,2,2,1,3,3,0,3,3,2,0
L????A?{?^n{~o	13	24	18	27	675	126	5.3571	3,0,1,2,0,0,1,2,3,3,3,3,3
K?`DFAsNAsBw	12	21	14	34	850	91	9.3407	2,3,2,0,3,2,0,2,2,2,2,1
K?BDB?{UcqF_	12	22	14	42	1050	134	7.8358	3,2,1,1,2,3,2,1,1,3,2,1
K?`DFAsNAsBw	12	22	16	31	775	84	9.2262	2,3,2,1,1,2,1,2,2,2,2,2
K?BDB?{Ucq^?	12	25	19	51	1275	150	8.5000	2,3,1,3,0,3,3,1,3,3,2,1
L????A?{?^n{~o	13	25	18	27	675	175	3.8571	3,0,1,2,0,0,3,1,3,3,3,3,3
K?BDB?{UcqF_	12	23	16	40	1000	129	7.7519	3,3,2,1,1,3,3,1,1,3,1,1
K?BD@g]UeQ^?	12	20	13	28	700	75	9.3333	2,1,2,2,1,1,2,2,1,2,2,2
K?`DFAsNAsBw	12	23	17	40	1000	104	9.6154	2,3,1,1,1,2,2,3,2,2,3,1
L????B?g@~Jy~o	13	20	12	27	675	100	6.7500	1,2,2,0,1,2,0,0,3,3,2,2,2
K?`DFAsNAsBw	12	24	19	41	1025	101	10.1485	1,3,2,1,1,2,2,3,2,2,3,2
K?BD@g]UeQ^?	12	21	14	34	850	91	9.3407	1,2,3,1,2,2,2,2,2,1,1,2
K?BDB?{UcqF_	12	24	18	47	1175	126	9.3254	0,3,3,2,1,2,2,3,1,3,2,2
K?`DFAsNAsBw	12	25	20	50	1250	125	10.0000	2,4,2,2,2,2,2,2,2,2,2,1
L????B?g@~Jy~o	13	21	14	33	825	91	9.0659	2,2,2,0,0,0,0,2,3,3,3,3,1
K?BD@g]UeQ^?	12	22	16	34	850	84	10.1190	1,1,4,1,1,2,2,2,2,2,2,2
K?BDB?{UcqF_	12	25	18	55	1375	175	7.8571	3,3,1,1,2,3,2,2,1,3,3,1
K?BD@g]UeQ^?	12	23	17	39	975	104	9.3750	2,1,3,2,2,1,3,3,2,1,2,1
L????B?g@~Jy~o	13	22	16	33	825	84	9.8214	2,2,2,0,0,0,0,2,3,3,3,3,2
K?BD@g]Qvo^?	12	20	13	27	675	75	9.0000	2,2,1,2,1,1,2,2,2,2,1,2
K?BD@g]UeQ^?	12	24	19	41	1025	101	10.1485	1,1,3,1,2,2,3,3,2,1,2,3
K?BD@g]Qvo^?	12	21	14	33	825	91	9.0659	2,0,2,0,3,3,1,3,2,2,1,2
L????B?g@~Jy~o	13	23	17	36	900	104	8.6538	2,2,3,0,0,0,1,2,3,3,3,3,1
K?BD@g]Qvo^?	12	22	16	36	900	84	10.7143	2,2,2,2,2,2,2,2,2,2,1,1
K?BD@g]UeQ^?	12	25	21	39	975	100	9.7500	3,0,3,2,2,0,3,3,2,2,3,2
K?BD@g]Qvo^?	12	23	18	36	900	79	11.3924	2,2,2,2,2,2,2,2,2,2,2,1
L????A?w?~n{~o	13	20	12	19	475	100	4.7500	3,0,2,0,0,0,1,2,2,3,2,3,2
K?BD?{{Ufo^?	12	20	13	25	625	75	8.3333	1,2,3,1,2,3,2,1,2,2,1,0
L????B?g@~Jy~o	13	24	18	45	1125	126	8.9286	3,3,3,0,0,0,1,2,3,3,3,3,0
K?BD@g]Qvo^?	12	24	20	36	900	76	11.8421	2,2,2,2,2,2,2,2,2,2,2,2
L????A?w?~n{~o	13	21	12	19	475	141	3.3688	3,0,3,0,0,0,2,1,3,2,3,2,2
K?BD?{{Ufo^?	12	21	15	24	600	66	9.0909	1,2,3,1,1,2,3,1,2,3,0,2
K?BD?{{Ufo^?	12	22	16	33	825	84	9.8214	2,2,2,1,1,3,3,0,3,3,1,1
K?BD@g]Qvo^?	12	25	21	43	1075	100	10.7500	2,1,2,1,2,3,2,3,3,3,0,3
L????A?w?~n{~o	13	22	15	19	475	109	4.3578	3,0,3,0,0,0,0,3,3,3,2,3,2
L????B?g@~Jy~o	13	25	21	39	975	100	9.7500	2,3,2,0,0,0,1,2,3,4,3,3,2
K?BFF?{}?}^?	12	20	12	19	475	100	4.7500	1,2,2,1,2,2,2,1,3,0,2,2
K?BD?{{Ufo^?	12	23	17	36	900	104	8.6538	3,2,3,0,2,3,3,0,3,3,0,1
K?BFF?{}?}^?	12	21	12	19	475	141	3.3688	0,3,2,0,3,2,1,2,3,1,3,1
L????A?w?~n{~o	13	23	15	24	600	154	3.8961	3,1,2,0,0,0,2,2,3,3,2,3,2
K?BFF?{}?}^?	12	22	15	19	475	109	4.3578	1,2,3,3,0,2,0,3,3,0,3,2
K?BD?{{Ufo^?	12	24	19	41	1025	101	10.1485	1,3,3,0,2,3,3,2,3,2,0,2
L????B?mAMf{~o	13	20	12	27	675	100	6.7500	2,1,1,2,0,0,0,2,3,2,3,2,2
K?BFF?{}?}^?	12	23	15	24	600	154	3.8961	1,2,2,1,2,3,2,2,3,2,2,1
L????A?w?~n{~o	13	24	16	28	700	176	3.9773	4,0,2,0,0,0,1,3,2,4,2,4,2
K?BD?{{Ufo^?	12	25	21	39	975	100	9.7500	0,3,3,0,2,3,4,2,3,2,1,2
K?BFF?{}?}^?	12	24	18	27	675	126	5.3571	1,2,3,1,2,3,0,3,3,0,3,3
K?BFF?{}?}^?	12	25	18	27	675	175	3.8571	0,3,3,3,0,3,1,2,3,0,4,3
L????B?mAMf{~o	13	21	14	33	825	91	9.0659	2,2,0,0,2,0,0,2,3,3,3,3,1
L????A?w?~n{~o	13	25	18	27	675	175	3.8571	3,3,0,1,0,0,1,1,3,3,3,3,4
K?`@F@wlEcBw	12	20	12	40	1000	100	10.0000	2,2,2,0,2,2,2,0,2,2,2,2
K?`@F?{UckBw	12	20	12	40	1000	100	10.0000	2,2,2,0,2,2,2,2,2,2,2,0
L????B?mAMf{~o	13	22	15	32	800	109	7.3394	2,2,0,1,2,0,1,2,3,3,3,2,1
L????B?{?^f{~o	13	20	12	19	475	100	4.7500	1,1,2,1,0,0,1,1,3,2,3,2,3
K?`@F@wlEcBw	12	21	14	35	875	91	9.6154	1,3,2,1,0,2,3,1,1,3,2,2
L????B?mAMf{~o	13	23	17	36	900	104	8.6538	2,2,0,1,2,0,1,2,3,3,3,3,1
L????B?{?^f{~o	13	21	12	19	475	141	3.3688	2,1,1,2,0,1,2,0,3,2,3,2,2
K?`@F?{UckBw	12	21	13	36	900	116	7.7586	2,3,3,1,1,2,1,2,2,2,1,1
L????B?{?^f{~o	13	22	15	19	475	109	4.3578	1,2,1,2,0,0,1,2,3,3,2,3,2
K?`@F@wlEcBw	12	22	15	38	950	109	8.7156	2,2,1,1,2,3,2,1,1,2,2,3
K?`@F?{UckBw	12	22	15	35	875	109	8.0275	3,1,3,1,2,1,2,2,3,1,2,1
L????B?mAMf{~o	13	24	18	45	1125	126	8.9286	3,3,0,1,2,0,1,2,3,3,3,3,0
L????B?{?^f{~o	13	23	15	24	600	154	3.8961	1,2,1,2,0,0,2,2,3,3,2,3,2
K?`@F@wlEcBw	12	23	16	46	1150	129	8.9147	2,2,2,1,3,2,2,1,2,2,2,2
K?`@F?{UckBw	12	23	17	38	950	104	9.1346	3,1,3,1,2,0,3,2,3,2,2,1
L????B?{?^f{~o	13	24	18	27	675	126	5.3571	1,2,0,3,0,0,0,3,3,3,3,3,3
L????B?mAMf{~o	13	25	21	39	975	100	9.7500	2,2,0,1,2,0,1,2,4,3,3,3,2
*** psi >= 1/25 : L????B?Nx~^w~o Q=20 bip=16 dist=0 w=3,1,0,0,3,1,0,0,4,2,2,3,1
*** psi >= 1/25 : L????B?Nx~^w~o Q=20 bip=16 dist=0 w=3,1,1,0,2,1,0,0,4,2,2,3,1
*** psi >= 1/25 : L????B?Nx~^w~o Q=20 bip=16 dist=0 w=3,1,1,0,3,0,0,0,4,2,2,3,1
K?`@F@wlEcBw	12	24	18	47	1175	126	9.3254	2,3,2,0,3,2,3,0,3,0,3,3
L????B?{?^f{~o	13	25	18	26	650	175	3.7143	1,1,2,0,0,0,1,1,3,4,3,4,5
K?`@F?{UckBw	12	24	18	47	1175	126	9.3254	0,3,3,0,2,3,3,2,3,3,2,0
K?`@F?{UckBw	12	25	21	39	975	100	9.7500	3,4,0,1,3,2,2,2,0,3,3,2
L????B_fBEb{~o	13	20	12	27	675	100	6.7500	1,2,0,0,0,2,1,2,3,3,2,2,2
K?`@F@wlEcBw	12	25	20	48	1200	125	9.6000	1,3,3,1,0,3,3,1,2,3,3,2
K?r@`boN?^WY	12	20	12	19	475	100	4.7500	2,1,3,0,0,3,3,0,2,2,2,2
K?r@`boN?^WY	12	21	12	19	475	141	3.3688	3,0,1,1,1,1,0,3,3,3,3,2
K?r@`boN?^WY	12	22	15	19	475	109	4.3578	3,0,2,1,1,2,3,0,3,2,2,3
K?`FAo]]DgSg	12	20	13	30	750	75	10.0000	2,3,1,2,2,2,2,1,1,1,2,1
L????B_e?~Ky~o	13	20	12	27	675	100	6.7500	1,2,0,2,0,2,1,0,3,3,2,2,2
K?r@`boN?^WY	12	23	15	24	600	154	3.8961	1,2,1,2,1,2,2,2,3,3,2,2
L????B_fBEb{~o	13	21	14	33	825	91	9.0659	2,0,2,0,0,2,0,2,3,3,3,3,1
K?`FAo]]DgSg	12	21	15	31	775	66	11.7424	2,3,1,2,2,2,2,1,2,1,2,1
K?r@`boN?^WY	12	24	16	28	700	176	3.9773	2,2,2,2,2,2,2,2,2,2,2,2
K?r@`boN?^WY	12	25	18	27	675	175	3.8571	1,2,0,3,2,1,2,2,3,3,3,3
L????B_e?~Ky~o	13	21	14	33	825	91	9.0659	2,0,2,1,1,0,1,1,3,3,3,3,1
K?`FAo]]DgSg	12	22	16	33	825	84	9.8214	3,3,0,2,2,2,2,1,2,2,3,0
L????B_fBEb{~o	13	22	15	32	800	109	7.3394	2,0,2,0,1,2,1,2,3,3,3,2,1
K?`FAo]]DgSg	12	23	17	37	925	104	8.8942	2,3,2,1,2,3,1,1,3,2,2,1
L????B_e?~Ky~o	13	22	16	33	825	84	9.8214	2,1,1,0,2,0,0,2,3,3,3,3,2
L????B_fBEb{~o	13	23	17	36	900	104	8.6538	2,0,2,0,0,3,2,1,3,3,3,3,1
L????B_e?~Ky~o	13	23	17	36	900	104	8.6538	2,0,2,1,2,0,1,2,3,3,3,3,1
K?`FAo]]DgSg	12	24	19	43	1075	101	10.6436	2,3,1,2,2,2,3,3,2,0,3,1
L????B_fBEb{~o	13	24	18	45	1125	126	8.9286	3,1,2,0,1,2,1,2,3,3,3,3,0
L????A?oF}F}^w	13	20	12	19	475	100	4.7500	3,2,0,0,0,0,0,3,2,3,2,2,3
K?`FAo]]DgSg	12	25	21	43	1075	100	10.7500	2,3,1,2,2,2,3,1,3,2,2,2
L????B_e?~Ky~o	13	24	18	45	1125	126	8.9286	3,1,2,1,2,0,1,2,3,3,3,3,0
L????A?oF}F}^w	13	21	12	19	475	141	3.3688	3,3,0,0,0,0,1,2,2,2,2,3,3
L????B_fBEb{~o	13	25	21	39	975	100	9.7500	2,0,2,0,1,2,1,2,4,3,3,3,2
L????B_e?~Ky~o	13	25	21	39	975	100	9.7500	2,0,2,1,2,0,1,2,4,3,3,3,2
L????A?oF}F}^w	13	22	15	19	475	109	4.3578	3,2,0,0,0,1,2,0,2,3,3,3,3
L????Bor?^EY~o	13	20	12	27	675	100	6.7500	1,1,0,3,0,1,1,1,2,3,3,2,2
L????A?oF}F}^w	13	23	15	24	600	154	3.8961	2,3,0,0,0,0,2,1,4,3,3,3,2
L????Bor?^EY~o	13	21	14	33	825	91	9.0659	0,2,0,2,2,0,2,0,3,3,3,3,1
L????A?oF}F}^w	13	24	18	27	675	126	5.3571	3,3,0,0,0,0,1,2,3,3,3,3,3
L????B?w@~B}~o	13	20	12	19	475	100	4.7500	1,2,2,0,0,2,0,1,2,3,3,2,2
L???CB?mAM~oNw	13	20	13	25	625	75	8.3333	3,3,0,0,2,0,1,1,2,2,2,1,3
L????A?oF}F}^w	13	25	18	27	675	175	3.8571	3,3,0,0,0,1,3,0,3,3,3,3,3
L????B?w@~B}~o	13	21	12	19	475	141	3.3688	3,0,2,0,0,0,1,3,2,3,3,2,2
L????Bor?^EY~o	13	22	16	33	825	84	9.8214	1,1,1,1,1,1,1,1,3,3,3,3,2
L????B?w@~B}~o	13	22	15	19	475	109	4.3578	3,0,2,0,0,2,0,1,2,3,3,3,3
L???CB?mAM~oNw	13	21	15	24	600	66	9.0909	2,2,0,1,2,0,1,1,3,2,2,2,3
L????Bor?^EY~o	13	23	18	33	825	79	10.4430	1,1,0,2,0,2,1,1,3,3,3,3,3
L????B?kA]f{~o	13	20	12	27	675	100	6.7500	3,2,0,2,0,0,0,1,2,2,3,3,2
L????B?w@~B}~o	13	23	15	24	600	154	3.8961	2,1,2,0,0,2,0,1,2,3,4,3,3
L???CB?mAM~oNw	13	22	16	32	800	84	9.5238	2,2,0,2,1,1,0,1,3,2,3,2,3
L????Bor?^EY~o	13	24	18	45	1125	126	8.9286	1,2,1,2,1,2,1,2,3,3,3,3,0
L????B?w@~B}~o	13	24	18	27	675	126	5.3571	2,1,3,0,0,0,0,3,3,3,3,3,3
L????B?kA]f{~o	13	21	14	33	825	91	9.0659	2,2,0,2,0,0,0,2,3,3,3,3,1
L???CB?mAM~oNw	13	23	17	36	900	104	8.6538	3,2,0,2,1,1,1,0,3,3,3,1,3
L????Bor?^EY~o	13	25	21	39	975	100	9.7500	0,2,1,2,0,2,2,1,3,4,3,3,2
L????B?w@~B}~o	13	25	18	27	675	175	3.8571	3,0,3,0,0,0,0,3,3,3,3,4,3
L????B?kA]f{~o	13	22	16	33	825	84	9.8214	2,2,1,1,0,0,0,2,3,3,3,3,2
L????B?KH~Xy~o	13	20	12	19	475	100	4.7500	0,3,2,1,0,0,1,1,2,2,3,3,2
L???CB?mAM~oNw	13	24	19	41	1025	101	10.1485	2,2,0,1,2,0,2,1,3,3,3,2,3
L???C@?w?~nwng	13	20	13	25	625	75	8.3333	2,2,1,0,0,1,0,2,3,3,1,3,2
L????B?KH~Xy~o	13	21	12	19	475	141	3.3688	2,1,1,2,0,0,2,1,3,3,2,2,2
L????B?kA]f{~o	13	23	17	36	900	104	8.6538	2,2,1,2,0,0,1,2,3,3,3,3,1
L????B?KH~Xy~o	13	22	15	19	475	109	4.3578	1,1,1,2,0,0,3,0,3,3,2,3,3
L???CB?mAM~oNw	13	25	21	39	975	100	9.7500	2,3,0,2,2,0,0,3,3,2,3,2,3
L???C@?w?~nwng	13	21	15	24	600	66	9.0909	2,3,1,0,0,0,1,3,2,2,2,3,2
L????B?KH~Xy~o	13	23	15	24	600	154	3.8961	1,2,1,2,0,0,2,2,3,3,2,2,3
L????B?kA]f{~o	13	24	18	45	1125	126	8.9286	3,3,1,2,0,0,1,2,3,3,3,3,0
L???CB?WS{~oNw	13	20	13	25	625	75	8.3333	3,3,1,0,0,0,2,1,2,2,2,1,3
L????B?KH~Xy~o	13	24	18	27	675	126	5.3571	1,2,1,2,0,0,1,2,3,3,3,3,3
L???C@?w?~nwng	13	22	16	33	825	84	9.8214	3,3,0,0,0,0,2,2,2,2,2,3,3
L????B?KH~Xy~o	13	25	18	26	650	175	3.7143	2,2,2,2,0,1,2,2,3,3,2,2,2
L????B?kA]f{~o	13	25	21	39	975	100	9.7500	2,2,1,2,0,0,1,2,4,3,3,3,2
L???CB?WS{~oNw	13	21	14	33	825	91	9.0659	2,2,2,0,0,2,0,0,3,3,3,1,3
L???C@?w?~nwng	13	23	17	36	900	104	8.6538	3,3,0,1,1,1,0,3,2,2,1,3,3
L????B?MMMf{~o	13	20	12	19	475	100	4.7500	2,0,1,0,1,0,3,0,3,3,2,2,3
L????B_s?~Dy~o	13	20	12	27	675	100	6.7500	0,1,2,2,0,0,0,3,3,3,2,2,2
L???CB?WS{~oNw	13	22	16	33	825	84	9.8214	2,3,0,0,0,2,1,2,2,3,2,2,3
L????B?MMMf{~o	13	21	12	19	475	141	3.3688	1,1,0,0,2,2,1,0,3,3,2,2,4
L???C@?w?~nwng	13	24	19	41	1025	101	10.1485	3,3,1,0,0,0,2,2,3,2,2,3,3
L????B_s?~Dy~o	13	21	14	33	825	91	9.0659	1,1,2,2,0,0,0,2,3,3,3,3,1
L????B?MMMf{~o	13	22	15	19	475	109	4.3578	1,2,0,1,2,0,1,2,3,3,2,2,3
L???CB?WS{~oNw	13	23	17	36	900	104	8.6538	3,2,2,0,0,0,3,0,3,3,3,1,3
L????B?MMMf{~o	13	23	15	24	600	154	3.8961	1,2,0,1,2,0,2,2,3,3,2,2,3
L????B_s?~Dy~o	13	22	16	33	825	84	9.8214	1,1,2,2,0,0,1,1,3,3,3,3,2
L???C@?w?~nwng	13	25	21	39	975	100	9.7500	3,4,0,0,0,1,2,3,2,2,2,3,3
L???CB?WS{~oNw	13	24	19	41	1025	101	10.1485	2,2,2,0,1,1,1,1,3,3,3,2,3
L????B?MMMf{~o	13	24	18	27	675	126	5.3571	1,2,0,1,2,0,1,2,3,3,3,3,3
L???CB?~f{F{^o	13	20	12	19	475	100	4.7500	3,2,0,0,0,2,1,2,3,2,0,2,3
L????B_s?~Dy~o	13	23	18	33	825	79	10.4430	2,0,2,2,0,1,0,1,3,3,3,3,3
L????B?MMMf{~o	13	25	18	26	650	175	3.7143	2,2,0,2,2,1,2,2,3,3,2,2,2
L???CB?~f{F{^o	13	21	12	19	475	141	3.3688	3,3,0,0,0,1,2,3,3,1,1,2,2
L???CB?WS{~oNw	13	25	21	39	975	100	9.7500	2,3,0,0,0,2,2,3,3,3,2,2,3
L???CB?~f{F{^o	13	22	15	19	475	109	4.3578	3,3,0,0,0,1,2,3,3,1,1,2,3
L????B_s?~Dy~o	13	24	18	45	1125	126	8.9286	1,2,3,3,0,0,1,2,3,3,3,3,0
L????B_{?~@}~o	13	20	12	19	475	100	4.7500	0,1,2,2,0,1,2,0,2,3,3,2,2
L???C@_eG~Ky~_	13	20	13	25	625	75	8.3333	2,1,2,0,1,0,1,2,2,3,3,1,2
L???CB?~f{F{^o	13	23	15	24	600	154	3.8961	3,3,0,0,0,2,2,3,3,1,1,2,3
L????B_{?~@}~o	13	21	12	19	475	141	3.3688	0,1,2,3,1,1,0,1,2,2,3,3,2
L????B_s?~Dy~o	13	25	21	39	975	100	9.7500	0,2,3,2,0,0,1,2,3,4,3,3,2
L???C@_eG~Ky~_	13	21	14	33	825	91	9.0659	3,0,2,0,0,0,2,2,3,2,3,1,3
L????B_FG~[Y~o	13	20	12	19	475	100	4.7500	0,0,3,0,2,1,2,0,2,2,3,3,2
L???CB?~f{F{^o	13	24	18	27	675	126	5.3571	3,3,0,0,1,1,1,3,3,2,1,3,3
L????B_{?~@}~o	13	22	15	19	475	109	4.3578	0,1,2,3,0,0,1,2,3,3,3,2,2
L????B_FG~[Y~o	13	21	12	19	475	141	3.3688	0,2,0,0,2,0,2,1,4,3,2,2,3
L???CB?~f{F{^o	13	25	18	27	675	175	3.8571	3,3,0,0,0,1,2,3,3,2,2,3,3
L????B_FG~[Y~o	13	22	15	19	475	109	4.3578	0,1,2,0,1,2,1,2,3,3,2,2,3
L???C@_eG~Ky~_	13	22	15	32	800	109	7.3394	3,1,2,0,2,0,1,3,2,2,3,1,2
L????B_{?~@}~o	13	23	15	24	600	154	3.8961	1,2,0,2,0,0,2,1,3,4,3,2,3
L????B_FG~[Y~o	13	23	15	24	600	154	3.8961	0,1,2,0,2,2,1,2,3,2,3,3,2
L???C@_wC|B}^o	13	20	12	27	675	100	6.7500	3,1,2,0,0,1,2,2,2,1,2,2,2
L????B_{?~@}~o	13	24	16	28	700	176	3.9773	0,2,2,2,0,0,2,2,2,4,4,2,2
L???C@_eG~Ky~_	13	23	17	36	900	104	8.6538	3,0,3,0,0,2,1,2,3,2,3,1,3
L????B_FG~[Y~o	13	24	18	27	675	126	5.3571	0,2,1,0,2,1,0,3,3,3,3,3,3
L????B_{?~@}~o	13	25	18	27	675	175	3.8571	2,0,1,3,0,0,1,3,3,3,3,3,3
L????B_FG~[Y~o	13	25	18	26	650	175	3.7143	1,1,1,1,1,3,2,2,4,2,2,3,2
L???C@_wC|B}^o	13	21	14	33	825	91	9.0659	3,1,2,0,0,0,2,2,2,2,3,1,3
L???C@_eG~Ky~_	13	24	19	41	1025	101	10.1485	2,1,2,0,2,0,1,3,3,2,3,2,3
*** psi >= 1/25 : L????Bo{?^~w~o Q=20 bip=16 dist=0 w=1,3,0,0,0,2,2,0,1,3,4,0,4
*** psi >= 1/25 : L????Bo{?^~w~o Q=20 bip=16 dist=0 w=1,3,0,0,0,2,2,0,2,2,4,0,4
L???C@_wC|B}^o	13	22	16	33	825	84	9.8214	3,2,1,0,0,0,2,2,2,2,3,2,3
L????Bob_^MI~o	13	20	12	27	675	100	6.7500	2,0,0,1,0,0,3,2,3,2,2,3,2
L???C@_eG~Ky~_	13	25	21	39	975	100	9.7500	2,1,2,1,2,0,0,4,3,2,3,2,3
L???C@_wC|B}^o	13	23	17	36	900	104	8.6538	3,1,2,0,0,1,2,3,2,2,3,1,3
L???CB_fBEb{~_	13	20	13	25	625	75	8.3333	1,1,1,0,1,1,1,1,3,2,3,2,3
L???C@?~`~Nwng	13	20	12	27	675	100	6.7500	3,3,0,0,0,0,2,2,2,1,3,2,2
L????Bob_^MI~o	13	21	14	33	825	91	9.0659	2,0,1,1,0,2,0,2,3,3,3,3,1
L???C@_wC|B}^o	13	24	18	45	1125	126	8.9286	3,1,2,0,0,1,2,3,3,3,3,0,3
L???C@?~`~Nwng	13	21	14	33	825	91	9.0659	3,3,0,0,0,0,1,3,3,2,2,2,2
L????Bob_^MI~o	13	22	16	33	825	84	9.8214	2,0,0,2,0,0,2,2,3,3,3,3,2
L???CB_fBEb{~_	13	21	14	33	825	91	9.0659	1,3,0,0,0,3,0,2,2,2,3,3,2
L????Bob_^MI~o	13	23	17	36	900	104	8.6538	3,0,0,2,0,1,2,2,3,3,3,3,1
L???CB_fBEb{~_	13	22	16	33	825	84	9.8214	2,2,1,0,0,3,0,2,2,2,3,3,2
L???C@?~`~Nwng	13	22	16	33	825	84	9.8214	3,3,0,0,0,0,2,3,3,2,2,2,2
L???C@_wC|B}^o	13	25	21	39	975	100	9.7500	3,2,2,0,0,1,2,3,2,2,3,2,3
L???CB_fBEb{~_	13	23	17	36	900	104	8.6538	3,0,2,0,1,2,2,0,3,3,3,3,1
L????Bob_^MI~o	13	24	18	45	1125	126	8.9286	3,0,1,2,0,1,2,3,3,3,3,3,0
L???C@_fg~^o^o	13	20	12	27	675	100	6.7500	2,1,2,0,0,0,2,3,2,3,2,2,1
L???CB_fBEb{~_	13	24	19	41	1025	101	10.1485	2,3,0,1,1,1,1,2,2,3,3,3,2
L???C@_fg~^o^o	13	21	14	33	825	91	9.0659	3,0,3,0,1,0,0,3,3,2,2,2,2
L????Bob_^MI~o	13	25	21	39	975	100	9.7500	3,0,0,2,0,1,2,2,3,3,3,4,2
L???C@?~`~Nwng	13	23	18	33	825	79	10.4430	3,3,0,0,2,1,0,3,3,2,2,2,2
L???C@_fg~^o^o	13	22	16	33	825	84	9.8214	3,1,2,0,0,0,2,3,3,2,2,2,2
L???CB_fBEb{~_	13	25	21	39	975	100	9.7500	2,1,2,0,3,1,0,3,3,2,3,3,2
L???C@?{?^nwng	13	20	13	25	625	75	8.3333	2,2,1,0,0,0,1,2,3,3,1,3,2
L???C@?~`~Nwng	13	24	18	45	1125	126	8.9286	3,3,0,0,0,0,0,3,3,3,3,3,3
L???CB_Fz}^o~_	13	20	12	19	475	100	4.7500	2,2,1,0,0,0,2,3,2,3,2,0,3
L???C@_fg~^o^o	13	23	16	36	900	129	6.9767	2,3,0,0,0,0,2,4,3,2,2,3,2
L???CB_Fz}^o~_	13	21	12	19	475	141	3.3688	3,1,2,0,0,1,2,3,3,2,2,1,1
L???C@?{?^nwng	13	21	14	33	825	91	9.0659	3,3,0,0,0,2,0,2,2,2,1,3,3
L???CB_Fz}^o~_	13	22	15	19	475	109	4.3578	3,1,2,0,0,1,2,3,3,2,3,1,1
L???C@?~`~Nwng	13	25	21	39	975	100	9.7500	4,3,0,0,0,0,2,3,3,2,3,3,2
L???C@?{?^nwng	13	22	16	33	825	84	9.8214	3,3,0,0,0,0,2,2,2,2,2,3,3
L???C@_fg~^o^o	13	24	18	45	1125	126	8.9286	3,1,2,0,0,0,0,3,3,3,3,3,3
L???CB?OV{NwNk	13	20	12	27	675	100	6.7500	2,2,0,0,0,1,2,3,3,2,2,1,2
L???CB_Fz}^o~_	13	23	15	24	600	154	3.8961	3,1,2,0,0,2,2,3,3,2,3,1,1
L???C@?{?^nwng	13	23	17	36	900	104	8.6538	3,3,0,0,1,1,1,2,3,2,1,3,3
L???CB?OV{NwNk	13	21	14	33	825	91	9.0659	3,1,0,0,1,2,0,3,2,2,2,2,3
L???C@_fg~^o^o	13	25	21	39	975	100	9.7500	3,2,2,0,0,0,2,3,3,3,3,2,2
L???CB_Fz}^o~_	13	24	18	27	675	126	5.3571	3,1,2,0,0,2,1,3,3,3,3,1,2
L???CB?OV{NwNk	13	22	15	32	800	109	7.3394	3,2,0,0,0,2,2,3,3,3,1,1,2
L???C@?{?^nwng	13	24	19	41	1025	101	10.1485	3,3,0,1,0,0,2,2,3,2,2,3,3
L???CB_Fz}^o~_	13	25	18	27	675	175	3.8571	3,0,3,0,0,2,2,3,3,3,3,3,0
L???CB_WO~Rq~_	13	20	12	27	675	100	6.7500	2,1,2,0,0,1,2,3,2,2,2,2,1
L???CB?OV{NwNk	13	23	18	33	825	79	10.4430	3,3,0,0,0,2,1,3,2,2,2,2,3
L???CB_WO~Rq~_	13	21	14	33	825	91	9.0659	1,1,2,0,2,0,1,2,2,3,3,2,2
L???C@obG^MY~_	13	20	13	25	625	75	8.3333	2,1,0,1,0,1,1,3,2,3,2,1,3
L???C@?{?^nwng	13	25	21	39	975	100	9.7500	3,4,0,0,0,1,2,3,2,2,2,3,3
L???CB?OV{NwNk	13	24	18	45	1125	126	8.9286	3,0,0,0,0,1,2,3,3,3,3,3,3
L???CB_WO~Rq~_	13	22	16	33	825	84	9.8214	2,2,1,0,0,2,1,2,2,3,3,2,2
L???CB?~`~Nw^o	13	20	12	19	475	100	4.7500	3,2,0,0,0,1,2,2,3,2,2,0,3
L???C@obG^MY~_	13	21	14	33	825	91	9.0659	2,0,2,1,0,2,0,3,2,1,3,2,3
L???CB_WO~Rq~_	13	23	18	33	825	79	10.4430	3,1,2,0,0,1,2,2,2,3,3,2,2
L???CB?OV{NwNk	13	25	21	39	975	100	9.7500	3,2,0,0,0,2,2,3,3,3,2,2,3
L???CB?~`~Nw^o	13	21	12	19	475	141	3.3688	3,3,0,0,1,1,1,2,2,2,3,0,3
L???C@obG^MY~_	13	22	16	32	800	84	9.5238	3,0,1,2,0,1,1,2,2,2,3,2,3
L???CB?~`~Nw^o	13	22	15	19	475	109	4.3578	3,3,0,0,0,2,1,2,3,2,3,2,1
L???C@_cG~Ly~_	13	20	13	25	625	75	8.3333	2,0,3,1,0,0,1,2,2,3,3,1,2
L???CB?~`~Nw^o	13	23	15	24	600	154	3.8961	3,3,0,0,0,2,2,3,3,2,2,2,1
L???C@obG^MY~_	13	23	17	36	900	104	8.6538	2,0,0,3,2,1,0,3,3,1,3,2,3
L???CB_WO~Rq~_	13	24	18	45	1125	126	8.9286	0,1,2,0,0,1,2,3,3,3,3,3,3
L???CB?~`~Nw^o	13	24	18	27	675	126	5.3571	3,3,0,0,0,3,0,3,3,3,3,3,0
L???C@_cG~Ly~_	13	21	14	33	825	91	9.0659	3,2,0,0,0,1,1,2,3,2,3,1,3
L???C@obG^MY~_	13	24	19	41	1025	101	10.1485	3,0,0,3,1,0,2,2,3,2,3,2,3
L???CB?~`~Nw^o	13	25	18	26	650	175	3.7143	3,4,0,0,4,1,0,4,3,2,2,0,2
L???CB_WO~Rq~_	13	25	21	39	975	100	9.7500	2,1,2,0,0,2,2,3,3,3,3,2,2
L???C@_cG~Ly~_	13	22	15	32	800	109	7.3394	3,1,2,2,0,0,1,3,2,2,3,1,2
L???CB_Fz}Nw~_	13	20	12	19	475	100	4.7500	3,0,2,0,0,1,2,2,3,2,2,1,2
L???C@_{C|@}^o	13	20	13	25	625	75	8.3333	2,0,2,1,0,0,1,3,2,3,3,1,2
L???C@obG^MY~_	13	25	21	39	975	100	9.7500	2,0,1,2,1,2,0,4,3,2,3,2,3
L???CBoB~{^o^o	13	20	12	19	475	100	4.7500	2,2,1,0,0,1,1,3,2,3,1,2,2
L???CB_Fz}Nw~_	13	21	12	19	475	141	3.3688	3,0,2,0,0,0,3,2,3,2,2,2,2
L???C@_cG~Ly~_	13	23	18	33	825	79	10.4430	3,2,0,0,0,1,1,2,3,2,3,3,3
L???C@_{C|@}^o	13	21	14	33	825	91	9.0659	3,3,0,0,0,1,1,2,2,2,3,1,3
L???CBoB~{^o^o	13	21	12	19	475	141	3.3688	3,2,1,0,0,2,1,3,2,3,0,2,2
L???CB_Fz}Nw~_	13	22	15	19	475	109	4.3578	3,1,2,0,0,1,2,3,3,2,1,2,2
L???CBoB~{^o^o	13	22	15	19	475	109	4.3578	2,0,1,2,0,1,2,3,3,3,2,1,2
L???C@_{C|@}^o	13	22	16	33	825	84	9.8214	3,1,2,0,0,0,2,2,2,2,3,2,3
L???CB_Fz}Nw~_	13	23	15	24	600	154	3.8961	3,1,2,0,0,2,2,3,3,2,2,1,2
L???C@_cG~Ly~_	13	24	19	41	1025	101	10.1485	3,0,2,1,0,0,2,3,3,2,3,2,3
L???CBoB~{^o^o	13	23	15	24	600	154	3.8961	3,0,1,2,0,2,2,3,3,2,1,1,3
L???CB_Fz}Nw~_	13	24	18	27	675	126	5.3571	3,0,3,0,1,1,1,3,3,3,2,1,3
L???C@_{C|@}^o	13	23	17	36	900	104	8.6538	3,1,2,0,1,0,2,2,3,2,3,1,3
L???CBoB~{^o^o	13	24	18	27	675	126	5.3571	3,0,1,2,1,1,1,3,3,3,2,1,3
L???CB_Fz}Nw~_	13	25	18	27	675	175	3.8571	3,1,2,0,0,1,2,3,3,3,3,1,3
L???C@_cG~Ly~_	13	25	21	39	975	100	9.7500	4,1,2,0,0,1,2,2,3,2,3,2,3
L???CBoB~{^o^o	13	25	18	26	650	175	3.7143	4,1,2,2,1,0,3,3,2,3,0,2,2
L???C@_{C|@}^o	13	24	19	41	1025	101	10.1485	3,1,2,1,0,1,1,2,3,2,3,2,3
L???C@obg^^o^o	13	20	12	27	675	100	6.7500	3,0,1,2,0,0,2,2,2,2,3,1,2
L???CB_e?~Ky~_	13	20	13	25	625	75	8.3333	1,2,0,1,1,0,1,1,3,2,2,3,3
L???C@_{C|@}^o	13	25	21	39	975	100	9.7500	4,1,2,0,0,1,2,2,3,2,3,2,3
L???EA_MQLb{~_	13	20	13	27	675	75	9.0000	2,1,1,0,2,2,0,2,2,2,2,1,3
*** psi >= 1/25 : L???CB_w?~nw~_ Q=20 bip=16 dist=0 w=3,1,0,1,1,0,2,0,1,3,4,0,4
L???C@obg^^o^o	13	21	14	33	825	91	9.0659	3,2,0,1,0,1,0,3,3,2,2,2,2
L???CB_w?~nw~_	13	20	12	19	475	100	4.7500	3,1,1,0,0,1,2,2,2,1,2,3,2
L???CB_e?~Ky~_	13	21	15	24	600	66	9.0909	2,1,1,2,1,0,1,1,3,2,3,2,2
L???CB_w?~nw~_	13	21	12	19	475	141	3.3688	3,1,2,0,0,0,3,3,1,1,3,2,2
L???C@obg^^o^o	13	22	16	33	825	84	9.8214	3,0,1,2,0,0,2,3,3,2,2,2,2
L???CB_w?~nw~_	13	22	15	19	475	109	4.3578	2,2,1,0,0,1,2,3,1,2,3,2,3
L???EA_MQLb{~_	13	21	14	32	800	91	8.7912	1,2,2,0,2,0,2,2,2,2,2,2,2
L???CB_e?~Ky~_	13	22	16	32	800	84	9.5238	2,2,0,0,3,0,1,1,3,2,3,3,2
L???CB_w?~nw~_	13	23	15	24	600	154	3.8961	3,1,2,0,0,2,2,3,1,2,2,3,2
L???C@obg^^o^o	13	23	18	33	825	79	10.4430	3,2,0,1,0,1,2,3,3,2,2,2,2
L???CB_w?~nw~_	13	24	18	27	675	126	5.3571	3,0,3,0,0,3,0,3,0,3,3,3,3
L???EA_MQLb{~_	13	22	16	36	900	84	10.7143	2,2,2,0,2,0,2,2,2,2,2,2,2
L???CB_e?~Ky~_	13	23	18	33	825	79	10.4430	2,0,2,2,0,0,2,0,3,3,3,3,3
L???CB_w?~nw~_	13	25	18	26	650	175	3.7143	3,2,2,0,0,2,3,4,0,3,2,2,2
L???C@obg^^o^o	13	24	18	45	1125	126	8.9286	3,0,1,2,0,0,0,3,3,3,3,3,3
L???CB_e?~Ky~_	13	24	19	41	1025	101	10.1485	2,0,2,1,2,0,2,1,3,3,3,3,2
L???EA_MQLb{~_	13	23	18	36	900	79	11.3924	2,2,2,0,2,0,2,2,2,2,2,2,3
L???CB_WO|~o^o	13	20	12	27	675	100	6.7500	2,0,2,0,0,1,2,3,3,2,2,2,1
L???C@obg^^o^o	13	25	21	39	975	100	9.7500	3,0,2,2,0,0,2,3,3,3,3,2,2
L???EA_MQLb{~_	13	24	19	43	1075	101	10.6436	1,2,3,0,1,0,2,3,2,2,2,3,3
L???CB_WO|~o^o	13	21	14	33	825	91	9.0659	3,0,1,0,0,0,3,3,2,2,3,2,2
L???CB_e?~Ky~_	13	25	21	39	975	100	9.7500	2,1,2,2,2,0,0,3,3,2,3,3,2
L???EA_MQLb{~_	13	25	21	43	1075	100	10.7500	2,2,1,0,3,1,0,3,3,2,3,2,3
L???CB_WO|b{~_	13	20	12	27	675	100	6.7500	2,1,2,0,0,1,2,3,2,2,2,1,2
L???CB_WO|~o^o	13	22	16	33	825	84	9.8214	3,0,2,0,0,1,2,3,2,2,3,2,2
L???EB_w@}^oF{	13	20	12	19	475	100	4.7500	2,1,2,0,0,2,1,2,0,3,3,2,2
L???EA_Np}Js~_	13	20	12	27	675	100	6.7500	1,2,2,1,1,0,1,3,3,2,0,2,2
L???EB_w@}^oF{	13	21	12	19	475	141	3.3688	0,2,3,0,2,0,1,3,1,1,2,3,3
L???CB_WO|b{~_	13	21	14	33	825	91	9.0659	2,1,1,2,0,1,0,3,1,3,2,2,3
L???CB_WO|~o^o	13	23	18	33	825	79	10.4430	3,2,1,0,0,1,2,3,2,2,3,2,2
L???EB_w@}^oF{	13	22	15	19	475	109	4.3578	1,1,3,0,1,0,2,3,1,2,2,3,3
L???EA_Np}Js~_	13	21	14	33	825	91	9.0659	2,2,2,0,0,0,2,3,3,2,1,3,1
L???EB_w@}^oF{	13	23	15	24	600	154	3.8961	0,3,2,0,0,0,3,2,0,3,4,3,3
L???CB_WO|b{~_	13	22	16	33	825	84	9.8214	2,0,2,0,1,1,1,3,2,3,2,2,3
L???EB_w@}^oF{	13	24	18	27	675	126	5.3571	1,2,3,0,0,2,1,3,2,1,3,3,3
L???CB_WO|~o^o	13	24	18	45	1125	126	8.9286	3,0,0,0,0,1,2,3,3,3,3,3,3
L???EA_Np}Js~_	13	22	16	33	825	84	9.8214	2,2,2,0,0,0,2,3,3,1,2,3,2
L???EB_w@}^oF{	13	25	17	28	700	200	3.5000	0,3,2,0,1,1,2,3,2,2,4,3,2
L???CB_WO|b{~_	13	23	17	36	900	104	8.6538	3,0,2,0,0,1,2,3,1,3,2,3,3
L???EB_No~^o~_	13	20	12	19	475	100	4.7500	1,2,2,0,0,2,1,2,3,3,2,2,0
L???EA_Np}Js~_	13	23	18	33	825	79	10.4430	2,2,2,0,1,0,1,3,3,2,1,3,3
L???CB_WO|~o^o	13	25	21	39	975	100	9.7500	3,0,2,0,0,0,3,3,2,2,4,3,3
L???EB_No~^o~_	13	21	12	19	475	141	3.3688	1,2,2,0,0,2,2,2,3,3,2,1,1
L???CB_Fw~Nw~_	13	20	12	19	475	100	4.7500	3,2,0,0,0,2,1,2,3,0,2,3,2
L???EB_No~^o~_	13	22	15	19	475	109	4.3578	1,2,3,0,0,2,1,3,2,2,3,0,3
L???CB_WO|b{~_	13	24	18	45	1125	126	8.9286	3,1,2,0,0,1,2,3,0,3,3,3,3
L???EB_No~^o~_	13	23	15	24	600	154	3.8961	1,2,3,0,0,2,2,3,3,3,2,1,1
L???CB_Fw~Nw~_	13	21	12	19	475	141	3.3688	2,3,1,1,0,1,0,3,2,0,3,2,3
L???EA_Np}Js~_	13	24	18	45	1125	126	8.9286	3,3,3,0,0,2,1,3,3,0,3,3,0
L???EB_No~^o~_	13	24	18	27	675	126	5.3571	3,0,3,0,0,1,2,3,3,3,3,2,1
L???CB_Fw~Nw~_	13	22	15	19	475	109	4.3578	3,1,2,0,0,1,2,3,3,1,1,3,2
L???EB_No~^o~_	13	25	18	26	650	175	3.7143	2,0,2,0,2,0,1,4,5,3,2,1,3
L???CB_WO|b{~_	13	25	21	39	975	100	9.7500	2,1,2,0,0,1,2,4,2,3,3,2,3
L???EA_Np}Js~_	13	25	21	39	975	100	9.7500	3,3,2,0,0,0,2,3,3,1,3,3,2
L???CB_Fw~Nw~_	13	23	15	24	600	154	3.8961	3,1,2,0,0,2,2,3,3,1,1,3,2
L???C@o{C\@}^o	13	20	12	27	675	100	6.7500	3,0,1,2,0,1,2,2,2,1,2,2,2
L???E?oMO^Wu~_	13	20	13	25	625	75	8.3333	1,2,0,2,1,0,1,2,2,3,3,1,2
L???CB_Fw~Nw~_	13	24	18	27	675	126	5.3571	3,0,3,0,0,1,2,3,3,0,3,3,3
L???EB_s?~Dy~_	13	20	13	25	625	75	8.3333	1,2,2,3,0,0,1,1,2,2,2,3,1
L???C@o{C\@}^o	13	21	14	33	825	91	9.0659	3,0,1,2,0,0,2,2,2,2,3,1,3
L???CB_Fw~Nw~_	13	25	18	27	675	175	3.8571	3,2,1,0,1,2,0,3,3,1,2,3,4
L???E?oMO^Wu~_	13	21	14	33	825	91	9.0659	1,1,1,2,0,0,2,3,2,2,3,1,3
L???EB_s?~Dy~_	13	21	15	24	600	66	9.0909	1,1,3,2,0,0,1,1,2,3,2,3,2
L???CBo{?^~o^o	13	20	12	19	475	100	4.7500	3,0,0,2,0,1,2,2,2,1,2,2,3
L???C@o{C\@}^o	13	22	16	33	825	84	9.8214	3,0,2,1,0,2,0,2,2,2,3,2,3
L???E?oMO^Wu~_	13	22	16	33	825	84	9.8214	2,0,1,2,0,0,2,3,2,2,3,2,3
L???CBo{?^~o^o	13	21	12	19	475	141	3.3688	3,0,2,1,2,1,0,2,2,1,2,2,3
L???C@o{C\@}^o	13	23	18	33	825	79	10.4430	3,1,1,1,0,0,2,2,2,2,3,3,3
L???E?oMO^Wu~_	13	23	17	36	900	104	8.6538	2,0,1,2,0,0,3,3,3,2,3,1,3
L???EB_s?~Dy~_	13	22	16	33	825	84	9.8214	1,1,2,2,0,1,1,0,3,3,3,3,2
L???CBo{?^~o^o	13	22	15	19	475	109	4.3578	3,2,1,0,0,1,2,3,2,1,2,2,3
L???E?oMO^Wu~_	13	24	19	41	1025	101	10.1485	2,0,3,0,1,0,2,3,3,2,3,2,3
L???CBo{?^~o^o	13	23	15	24	600	154	3.8961	3,0,1,2,0,2,2,3,1,2,2,2,3
L???EB_s?~Dy~_	13	23	17	36	900	104	8.6538	1,2,3,2,0,0,2,0,3,3,3,3,1
L???C@o{C\@}^o	13	24	18	45	1125	126	8.9286	3,0,1,2,0,1,2,3,3,3,3,0,3
L???CBo{?^~o^o	13	24	18	27	675	126	5.3571	3,0,1,2,0,1,2,3,1,2,3,3,3
L???E?oMO^Wu~_	13	25	20	45	1125	125	9.0000	2,1,1,2,1,1,2,3,3,2,3,1,3
L???CBo{?^~o^o	13	25	18	26	650	175	3.7143	3,0,2,2,1,2,2,4,1,2,2,2,2
L???EB_s?~Dy~_	13	24	19	41	1025	101	10.1485	0,2,2,3,0,0,2,1,3,3,3,3,2
L???C@o{C\@}^o	13	25	21	39	975	100	9.7500	3,0,2,2,0,1,2,3,2,2,3,2,3
L???CBob_^MI~_	13	20	12	27	675	100	6.7500	2,0,1,2,0,1,2,3,2,2,2,2,1
L???EAo[A\PqNo	13	20	12	40	1000	100	10.0000	2,2,0,2,0,0,2,2,2,2,2,2,2
L???EB_s?~Dy~_	13	25	21	39	975	100	9.7500	2,0,3,2,1,0,2,0,3,4,3,3,2
L???EA_W@}Jsfc	13	20	12	40	1000	100	10.0000	2,2,2,0,0,0,2,2,2,2,2,2,2
L???CBob_^MI~_	13	21	14	33	825	91	9.0659	1,0,3,0,1,0,2,2,2,2,3,3,2
L???EB_No~B{~_	13	20	12	19	475	100	4.7500	3,0,2,0,0,0,3,2,3,3,0,2,2
L???EB_No~B{~_	13	21	12	19	475	141	3.3688	2,0,3,0,0,1,1,4,2,2,2,1,3
L???EAo[A\PqNo	13	21	12	40	1000	141	7.0922	2,2,0,2,0,0,2,3,2,2,2,2,2
L???CBob_^MI~_	13	22	16	33	825	84	9.8214	2,1,2,0,0,2,1,2,2,2,3,3,2
L???EB_No~B{~_	13	22	15	19	475	109	4.3578	1,2,3,0,0,1,2,3,3,3,1,1,2
L???EA_W@}Jsfc	13	21	12	40	1000	141	7.0922	2,2,2,0,0,1,2,2,2,2,2,2,2
L???EB_No~B{~_	13	23	15	24	600	154	3.8961	1,2,3,0,0,2,2,3,3,3,1,1,2
L???CBob_^MI~_	13	23	18	33	825	79	10.4430	3,0,2,1,0,0,3,2,2,2,3,3,2
L???EB_No~B{~_	13	24	18	27	675	126	5.3571	0,3,3,0,1,1,1,3,3,3,0,3,3
L???EA_W@}Jsfc	13	22	14	42	1050	134	7.8358	3,2,1,0,0,0,3,3,2,1,2,3,2
L???EAo[A\PqNo	13	22	14	42	1050	134	7.8358	1,2,1,2,0,0,3,1,2,3,3,2,2
L???EB_No~B{~_	13	25	18	26	650	175	3.7143	0,3,4,0,1,1,3,4,3,2,0,2,2
L???CBob_^MI~_	13	24	18	45	1125	126	8.9286	0,0,1,2,0,1,2,3,3,3,3,3,3
L???EA_W@}Jsfc	13	23	16	40	1000	129	7.7519	3,2,2,0,0,0,3,3,1,2,3,1,3
L???EAo[A\PqNo	13	23	16	40	1000	129	7.7519	3,2,0,2,0,3,0,1,3,2,3,3,1
L???E?oB^cfwrg	13	20	13	25	625	75	8.3333	2,1,0,2,1,0,1,2,2,3,1,3,2
L???CBob_^MI~_	13	25	21	39	975	100	9.7500	2,1,1,1,2,0,2,3,3,2,3,3,2
L???EB?{?^~oNw	13	20	12	19	475	100	4.7500	2,0,0,3,1,1,0,2,1,2,3,3,2
L???EB?{?^~oNw	13	21	12	19	475	141	3.3688	0,3,0,3,2,0,1,2,1,3,2,2,2
L???E?oB^cfwrg	13	21	14	33	825	91	9.0659	3,0,3,0,1,1,0,2,2,1,2,3,3
L???EA_W@}Jsfc	13	24	18	47	1175	126	9.3254	2,2,3,0,0,2,1,0,3,3,2,3,3
L???EB?{?^~oNw	13	22	15	19	475	109	4.3578	1,2,1,2,0,1,2,1,2,3,2,2,3
L???EAo[A\PqNo	13	24	18	47	1175	126	9.3254	3,3,0,0,0,0,3,3,2,2,3,3,2
L???EB?{?^~oNw	13	23	15	24	600	154	3.8961	1,2,1,2,0,2,2,1,2,3,2,2,3
L???E?oB^cfwrg	13	22	16	33	825	84	9.8214	3,0,2,1,0,2,0,2,2,2,2,3,3
L???EA_W@}Jsfc	13	25	18	55	1375	175	7.8571	3,3,1,0,0,1,2,3,2,2,2,3,3
L???EB?{?^~oNw	13	24	18	27	675	126	5.3571	1,2,1,2,0,1,2,1,2,3,3,3,3
L???E?oB^cfwrg	13	23	17	36	900	104	8.6538	2,1,2,1,2,1,0,3,2,1,2,3,3
L???EA_Nq|^o~_	13	20	12	27	675	100	6.7500	1,2,2,0,0,1,2,3,3,2,2,1,1
L???EB?{?^~oNw	13	25	18	27	675	175	3.8571	2,1,0,3,1,1,2,1,2,3,3,3,3
L???EAo[A\PqNo	13	25	19	54	1350	150	9.0000	2,2,0,3,0,2,1,2,2,3,2,3,3
L???EA_KO~Hu~_	13	20	13	27	675	75	9.0000	2,1,1,2,0,0,2,2,2,2,1,2,3
L???EA_Nq|^o~_	13	21	14	33	825	91	9.0659	2,2,2,0,0,0,2,3,3,3,3,0,1
L???E?oB^cfwrg	13	24	19	41	1025	101	10.1485	1,2,1,2,0,2,1,3,2,2,2,3,3
L???EAoRi\Fw~_	13	20	12	27	675	100	6.7500	3,2,2,0,0,0,1,2,2,2,1,3,2
L???EA_Nq|^o~_	13	22	16	33	825	84	9.8214	2,2,2,0,0,0,2,3,3,3,3,1,1
L???EA_KO~Hu~_	13	21	14	33	825	91	9.0659	2,0,2,0,0,2,1,3,1,3,2,2,3
L???E?oB^cfwrg	13	25	21	39	975	100	9.7500	2,2,1,2,1,2,0,2,3,2,2,3,3
L???EAoRi\Fw~_	13	21	14	33	825	91	9.0659	2,2,0,2,0,0,2,3,3,2,1,3,1
L???EA_Nq|^o~_	13	23	18	33	825	79	10.4430	2,2,2,0,0,0,2,3,3,3,3,3,0
L???EA_KO~Hu~_	13	22	16	36	900	84	10.7143	2,2,2,2,0,0,2,2,2,2,2,2,2
L???EAoRi\Fw~_	13	22	16	33	825	84	9.8214	2,2,0,2,0,1,1,3,3,1,2,3,2
L???EAoRG^EY~_	13	20	13	26	650	75	8.6667	2,1,0,1,1,0,2,2,2,3,2,2,2
L???EAoRi\Fw~_	13	23	18	33	825	79	10.4430	2,2,1,1,0,0,2,3,3,2,1,3,3
L???EAoRG^EY~_	13	21	15	24	600	66	9.0909	3,0,0,1,3,0,1,2,2,2,2,2,3
L???EA_Nq|^o~_	13	24	18	45	1125	126	8.9286	3,3,3,0,0,1,2,3,3,3,3,0,0
L???EA_KO~Hu~_	13	23	17	38	950	104	9.1346	2,1,1,2,0,0,2,2,3,3,2,2,3
L???EAoRi\Fw~_	13	24	18	45	1125	126	8.9286	3,3,1,2,0,1,2,3,3,1,2,3,0
L???EAoRG^EY~_	13	22	16	36	900	84	10.7143	2,2,0,2,0,2,2,2,2,2,2,2,2
L???EA_Nq|^o~_	13	25	21	39	975	100	9.7500	2,2,3,0,0,1,2,4,3,3,3,1,1
L???EA_KO~Hu~_	13	24	19	43	1075	101	10.6436	1,2,3,1,0,0,2,3,2,2,3,2,3
L???EAoRi\Fw~_	13	25	21	39	975	100	9.7500	3,2,1,2,0,1,1,3,3,1,3,3,2
L???EB_MUKb{~_	13	20	13	25	625	75	8.3333	2,1,3,0,1,2,0,1,2,2,2,3,1
L???EAoRG^EY~_	13	23	17	38	950	104	9.1346	1,2,0,2,0,2,1,3,3,2,2,2,3
L???E?pw?\by~_	13	20	13	25	625	75	8.3333	0,2,1,1,0,1,2,2,3,3,2,1,2
L???EA_KO~Hu~_	13	25	20	45	1125	125	9.0000	2,2,2,2,0,1,2,3,2,3,2,2,2
L???EB_MUKb{~_	13	21	14	33	825	91	9.0659	0,1,3,0,0,1,2,2,2,3,2,3,2
L???EAoRG^EY~_	13	24	20	36	900	76	11.8421	2,2,0,2,0,2,2,2,2,2,2,2,4
L???EA_Fx}Js~_	13	20	13	25	625	75	8.3333	1,3,2,1,0,0,2,2,3,1,2,2,1
L???E?pw?\by~_	13	21	15	24	600	66	9.0909	0,2,1,1,0,2,0,3,3,2,3,2,2
L???EB_MUKb{~_	13	22	16	33	825	84	9.8214	0,2,2,0,2,2,0,0,3,3,3,3,2
L???EAoRG^EY~_	13	25	20	45	1125	125	9.0000	2,2,0,2,1,2,2,3,2,2,2,3,2
L???EA_Fx}Js~_	13	21	14	33	825	91	9.0659	0,3,3,0,0,0,1,3,3,2,2,2,2
L???E?pw?\by~_	13	22	16	33	825	84	9.8214	2,0,2,0,0,2,1,3,3,2,2,2,3
L???EB_MUKb{~_	13	23	17	36	900	104	8.6538	0,2,2,1,2,1,2,0,3,3,3,3,1
L???EAoBy\Fw~_	13	20	13	25	625	75	8.3333	1,3,0,2,1,2,0,2,3,1,2,2,1
L???EA_Fx}Js~_	13	22	16	33	825	84	9.8214	0,3,3,0,2,0,0,3,3,2,2,2,2
L???E?pw?\by~_	13	23	17	36	900	104	8.6538	2,1,0,3,1,1,0,3,3,2,3,1,3
L???EB_MUKb{~_	13	24	19	41	1025	101	10.1485	0,2,3,0,1,1,2,2,2,3,3,3,2
L???EAoBy\Fw~_	13	21	15	24	600	66	9.0909	1,3,2,0,1,0,1,3,2,1,2,3,2
L???EA_Fx}Js~_	13	23	17	36	900	104	8.6538	3,2,3,0,0,1,1,3,3,0,3,3,1
L???E?pw?\by~_	13	24	19	41	1025	101	10.1485	2,1,2,1,0,1,2,3,3,2,2,2,3
L???EB_MUKb{~_	13	25	21	39	975	100	9.7500	0,2,3,0,0,1,3,3,3,3,2,3,2
L???EAoBy\Fw~_	13	22	16	33	825	84	9.8214	0,3,3,0,0,0,2,3,3,2,2,2,2
L???EA_Fx}Js~_	13	24	19	41	1025	101	10.1485	1,3,3,0,0,1,1,3,3,2,3,2,2
L???E?pw?\by~_	13	25	21	39	975	100	9.7500	0,3,3,0,1,2,1,3,3,2,2,2,3
L???E?o{?^fwrg	13	20	12	27	675	100	6.7500	1,2,1,2,0,1,2,2,2,1,2,2,2
L???EAoBy\Fw~_	13	23	17	36	900	104	8.6538	0,3,1,2,0,0,1,3,3,3,2,3,2
L???E?pNu\^o~_	13	20	12	19	475	100	4.7500	2,0,2,0,0,1,2,3,3,2,2,0,3
L???EA_Fx}Js~_	13	25	21	39	975	100	9.7500	2,3,2,0,0,0,3,3,4,0,3,3,2
L???E?pNu\^o~_	13	21	12	19	475	141	3.3688	1,1,1,1,0,1,2,3,4,2,2,1,2
L???E?o{?^fwrg	13	21	14	33	825	91	9.0659	1,2,1,2,0,2,0,2,2,2,1,3,3
L???EB_Np}B{~_	13	20	12	19	475	100	4.7500	1,2,2,0,3,0,0,2,3,3,0,2,2
L???EAoBy\Fw~_	13	24	19	41	1025	101	10.1485	2,2,2,1,0,0,2,3,3,1,3,3,2
L???EB_Np}B{~_	13	21	12	19	475	141	3.3688	0,2,3,0,1,2,0,3,2,1,1,3,3
L???E?pNu\^o~_	13	22	15	19	475	109	4.3578	0,3,3,0,0,1,2,3,3,2,2,0,3
L???E?o{?^fwrg	13	22	16	33	825	84	9.8214	0,3,3,0,0,2,0,2,2,2,2,3,3
L???EB_Np}B{~_	13	22	15	19	475	109	4.3578	0,3,2,0,1,2,0,2,3,1,2,3,3
L???E?pNu\^o~_	13	23	15	24	600	154	3.8961	1,2,1,2,0,2,2,3,3,2,2,2,1
L???EAoBy\Fw~_	13	25	21	39	975	100	9.7500	0,3,2,2,0,0,2,3,3,3,3,2,2
L???E?o{?^fwrg	13	23	18	33	825	79	10.4430	2,1,3,0,0,2,0,2,2,2,3,3,3
L???EB_Np}B{~_	13	23	15	24	600	154	3.8961	2,1,3,0,1,1,2,3,3,2,1,2,2
L???E?pNu\^o~_	13	24	18	27	675	126	5.3571	1,2,1,2,0,1,2,3,3,3,3,2,1
L???E?pBo\]B~_	13	20	12	27	675	100	6.7500	0,2,1,2,0,1,2,3,2,1,2,2,2
L???E?pNu\^o~_	13	25	18	26	650	175	3.7143	2,2,2,2,1,2,2,3,3,2,2,1,1
L???EB_Np}B{~_	13	24	18	27	675	126	5.3571	3,0,3,0,1,2,0,3,3,3,0,3,3
L???E?o{?^fwrg	13	24	18	45	1125	126	8.9286	1,2,1,2,0,1,2,3,3,3,0,3,3
L???E?xph}^o~_	13	20	12	19	475	100	4.7500	0,2,0,1,1,1,2,3,3,2,2,2,1
L???EB_Np}B{~_	13	25	18	26	650	175	3.7143	1,3,5,0,2,0,2,3,2,0,2,3,2
L???E?pBo\]B~_	13	21	14	33	825	91	9.0659	0,2,2,0,1,2,0,3,3,2,2,1,3
L???E?xph}^o~_	13	21	12	19	475	141	3.3688	1,1,0,0,2,3,0,3,3,2,2,0,4
L???E?o{?^fwrg	13	25	21	39	975	100	9.7500	1,2,2,2,0,1,2,3,2,2,2,3,3
L???E?oKO^Xu~_	13	20	12	27	675	100	6.7500	0,2,1,2,0,1,2,3,2,1,2,2,2
L???E?pBo\]B~_	13	22	16	33	825	84	9.8214	1,1,1,1,0,2,1,3,3,2,2,2,3
L???E?xph}^o~_	13	22	15	19	475	109	4.3578	1,2,0,1,2,1,2,3,3,2,2,2,1
L???E?oBx}Xs~_	13	20	12	27	675	100	6.7500	1,2,1,2,0,0,2,2,2,3,2,2,1
L???E?xph}^o~_	13	23	15	24	600	154	3.8961	1,2,0,1,2,2,2,3,3,2,2,2,1
L???E?pBo\]B~_	13	23	17	36	900	104	8.6538	1,2,1,2,0,1,2,3,3,2,2,1,3
L???E?oKO^Xu~_	13	21	14	33	825	91	9.0659	2,0,1,2,0,0,2,3,2,2,3,1,3
L???E?xph}^o~_	13	24	18	27	675	126	5.3571	1,2,0,1,2,1,2,3,3,3,3,2,1
L???E?oBx}Xs~_	13	21	14	33	825	91	9.0659	0,3,2,1,0,0,1,3,3,2,2,2,2
L???E?oKO^Xu~_	13	22	16	33	825	84	9.8214	1,1,1,2,0,2,0,3,2,2,3,2,3
L???E?xph}^o~_	13	25	18	26	650	175	3.7143	2,2,0,2,2,3,2,3,3,2,2,1,1
*** psi >= 1/25 : L???E?~Np}^o~_ Q=20 bip=16 dist=0 w=2,2,2,0,1,0,1,4,1,1,2,2,2
*** psi >= 1/25 : L???E?~Np}^o~_ Q=20 bip=16 dist=0 w=2,2,1,1,1,0,1,4,1,1,2,2,2
*** psi >= 1/25 : L???E?~Np}^o~_ Q=20 bip=16 dist=0 w=2,2,1,0,2,0,1,4,1,1,2,2,2
*** psi >= 1/25 : L???E?~Np}^o~_ Q=20 bip=16 dist=0 w=2,2,1,0,1,1,1,4,1,1,2,2,2
*** psi >= 1/25 : L???E?~Np}^o~_ Q=20 bip=16 dist=0 w=2,2,1,0,1,0,2,4,1,1,2,2,2
*** psi >= 1/25 : L???E?~Np}^o~_ Q=20 bip=16 dist=0 w=2,2,2,0,1,0,1,4,1,1,2,3,1
*** psi >= 1/25 : L???E?~Np}^o~_ Q=20 bip=16 dist=0 w=2,2,1,1,1,0,1,4,1,1,2,3,1
*** psi >= 1/25 : L???E?~Np}^o~_ Q=20 bip=16 dist=0 w=2,2,1,0,2,0,1,4,1,1,2,3,1
*** psi >= 1/25 : L???E?~Np}^o~_ Q=20 bip=16 dist=0 w=2,2,1,0,1,1,1,4,1,1,2,3,1
*** psi >= 1/25 : L???E?~Np}^o~_ Q=20 bip=16 dist=0 w=2,2,1,0,1,0,2,4,1,1,2,3,1
L???E?oBx}Xs~_	13	22	16	33	825	84	9.8214	1,2,2,1,0,0,2,3,3,2,2,2,2
L???E?pBo\]B~_	13	24	18	45	1125	126	8.9286	1,2,1,2,0,1,2,3,3,3,3,0,3
L???E?oKO^Xu~_	13	23	17	36	900	104	8.6538	1,2,1,2,0,1,2,3,2,2,3,1,3
L???E?oBx}Xs~_	13	23	18	33	825	79	10.4430	0,3,1,2,0,0,3,3,3,2,2,2,2
L???FB_eBKb{~_	13	20	12	27	675	100	6.7500	1,0,2,2,0,2,1,2,1,3,2,2,2
L???E?pBo\]B~_	13	25	21	39	975	100	9.7500	1,2,1,2,0,2,2,3,3,2,2,2,3
L???E?oKO^Xu~_	13	24	18	45	1125	126	8.9286	1,2,1,2,0,1,2,3,3,3,3,0,3
L???E?oBx}Xs~_	13	24	18	45	1125	126	8.9286	1,2,1,2,0,0,0,3,3,3,3,3,3
L???E?pNu\Fw~_	13	20	12	19	475	100	4.7500	1,1,1,1,0,2,1,3,3,1,2,1,3
L???FB_eBKb{~_	13	21	14	33	825	91	9.0659	2,0,2,2,0,0,2,1,2,3,3,3,1
L???E?pNu\Fw~_	13	21	12	19	475	141	3.3688	2,1,0,2,1,0,2,2,3,0,2,3,3
L???E?oKO^Xu~_	13	25	21	39	975	100	9.7500	1,2,2,2,0,1,2,3,2,2,3,2,3
L???FB_eBKb{~_	13	22	15	32	800	109	7.3394	2,0,2,1,2,1,2,1,2,3,3,2,1
L???E?oBx}Xs~_	13	25	21	39	975	100	9.7500	1,2,2,2,0,0,2,3,3,3,2,3,2
L???E?pNu\Fw~_	13	22	15	19	475	109	4.3578	1,2,1,2,0,1,2,3,3,1,2,1,3
L???EAokA\fw~_	13	20	12	27	675	100	6.7500	1,2,0,2,0,0,3,3,2,1,2,2,2
L???E?pNu\Fw~_	13	23	15	24	600	154	3.8961	1,2,2,2,0,1,2,3,2,2,3,1,2
L???FB_eBKb{~_	13	23	18	33	825	79	10.4430	2,0,2,0,2,1,1,0,3,3,3,3,3
L???EAoRh}^o~_	13	20	12	27	675	100	6.7500	1,2,0,2,0,1,2,3,3,2,2,1,1
L???EAokA\fw~_	13	21	14	33	825	91	9.0659	2,2,0,2,0,0,2,3,2,1,3,3,1
L???E?pNu\Fw~_	13	24	18	27	675	126	5.3571	3,0,0,3,0,0,3,3,3,1,3,2,3
L???FB_eBKb{~_	13	24	18	45	1125	126	8.9286	3,1,2,1,2,1,2,1,2,3,3,3,0
L???EAokA\fw~_	13	22	16	33	825	84	9.8214	2,2,2,0,0,2,0,3,2,1,3,3,2
L???EAoRh}^o~_	13	21	14	33	825	91	9.0659	2,2,0,2,0,0,2,3,3,3,3,0,1
L???E?pNu\Fw~_	13	25	18	27	675	175	3.8571	1,2,3,0,2,1,1,3,3,1,3,2,3
L???E?xph}Fw~_	13	20	12	19	475	100	4.7500	1,2,0,1,2,0,2,2,2,3,2,1,2
L???FB_eBKb{~_	13	25	21	39	975	100	9.7500	2,0,2,1,2,1,2,2,2,3,3,3,2
L???EAokA\fw~_	13	23	17	36	900	104	8.6538	2,3,0,2,0,1,2,3,1,2,3,3,1
L???EAoRh}^o~_	13	22	16	33	825	84	9.8214	2,2,1,1,0,0,2,3,3,3,3,0,2
L???E?xph}Fw~_	13	21	12	19	475	141	3.3688	1,2,0,2,1,2,1,3,3,2,1,1,2
L???FBOw@\By~_	13	20	12	27	675	100	6.7500	0,1,2,2,0,0,3,2,3,1,2,2,2
L???E?xph}Fw~_	13	22	15	19	475	109	4.3578	1,2,0,1,2,1,2,3,3,2,1,1,3
L???EAokA\fw~_	13	24	18	45	1125	126	8.9286	3,3,1,2,0,1,2,3,1,2,3,3,0
L???EAoRh}^o~_	13	23	17	36	900	104	8.6538	2,2,1,2,0,1,2,3,3,3,3,0,1
L???FBOw@\By~_	13	21	14	33	825	91	9.0659	0,2,2,2,0,0,2,2,3,1,3,3,1
L???E?xph}Fw~_	13	23	15	24	600	154	3.8961	1,2,0,2,2,1,2,3,2,3,2,1,2
L???EAokA\fw~_	13	25	21	39	975	100	9.7500	2,2,3,0,1,1,1,4,2,1,3,3,2
L???FBOw@\By~_	13	22	16	33	825	84	9.8214	1,1,2,2,0,1,1,2,3,1,3,3,2
L???EAoRh}^o~_	13	24	18	45	1125	126	8.9286	3,3,1,2,0,1,2,3,3,3,3,0,0
L???E?xph}Fw~_	13	24	18	27	675	126	5.3571	0,3,0,2,1,2,1,3,3,3,1,2,3
L???EAoRh}Fw~_	13	20	12	27	675	100	6.7500	1,2,0,2,0,1,2,3,3,2,1,1,2
L???E?xph}Fw~_	13	25	18	27	675	175	3.8571	2,1,0,2,1,2,1,3,3,3,0,4,3
L???FBOw@\By~_	13	23	18	33	825	79	10.4430	0,2,2,2,0,0,2,2,3,1,3,3,3
L???EAoRh}^o~_	13	25	21	39	975	100	9.7500	2,2,1,2,0,1,2,4,3,3,3,1,1
L???EBo{?^fw~_	13	20	12	19	475	100	4.7500	2,1,0,2,1,0,2,2,1,2,2,3,2
L???EAoRh}Fw~_	13	21	14	33	825	91	9.0659	2,2,0,2,0,0,2,3,3,3,2,1,1
L???EBo{?^fw~_	13	21	12	19	475	141	3.3688	1,1,0,3,0,1,1,3,0,2,3,2,4
L???FBOw@\By~_	13	24	18	45	1125	126	8.9286	1,2,3,3,0,1,2,1,3,2,3,3,0
L???EAoRh}Fw~_	13	22	16	33	825	84	9.8214	2,2,0,2,0,0,2,3,3,3,3,0,2
L???FBOFo}Ds~_	13	20	12	27	675	100	6.7500	0,1,2,2,0,0,3,3,3,0,2,2,2
L???FBOw@\By~_	13	25	21	39	975	100	9.7500	1,1,3,2,0,1,2,3,4,0,3,3,2
L???EBo{?^fw~_	13	22	15	19	475	109	4.3578	0,3,2,1,0,1,2,3,1,1,3,2,3
L???EAoRh}Fw~_	13	23	17	36	900	104	8.6538	2,2,1,2,0,1,2,3,3,3,2,1,1
L???FBo{?}@}~_	13	20	12	19	475	100	4.7500	0,0,3,2,0,0,3,2,2,1,3,2,2
L???EBo{?^fw~_	13	23	15	24	600	154	3.8961	2,1,0,3,0,4,0,3,2,1,2,3,2
L???FBOFo}Ds~_	13	21	14	33	825	91	9.0659	0,2,2,2,0,0,2,3,3,2,1,3,1
L???FBo{?}@}~_	13	21	12	19	475	141	3.3688	1,2,0,2,0,0,3,2,0,3,3,2,3
L???EBo{?^fw~_	13	24	18	27	675	126	5.3571	2,1,1,2,1,2,0,3,1,2,3,3,3
L???FBo{?}@}~_	13	22	15	19	475	109	4.3578	1,0,2,3,0,0,3,3,2,1,3,2,2
L???FBOFo}Ds~_	13	22	16	33	825	84	9.8214	2,0,2,2,2,0,0,3,3,0,3,3,2
L???EBo{?^fw~_	13	25	18	27	675	175	3.8571	2,1,1,2,1,1,2,3,2,1,3,3,3
L???EAoRh}Fw~_	13	24	18	45	1125	126	8.9286	3,3,1,2,0,1,2,3,3,3,2,1,0
L???FBo{?}@}~_	13	23	15	24	600	154	3.8961	0,1,2,3,0,3,1,3,3,0,3,2,2
L???E?pBv_xs~_	13	20	12	27	675	100	6.7500	0,2,1,2,0,1,2,3,2,2,2,2,1
L???FBOFo}Ds~_	13	23	18	33	825	79	10.4430	0,2,2,2,0,1,1,3,3,0,3,3,3
L???FBo{?}@}~_	13	24	18	27	675	126	5.3571	0,2,1,3,2,0,1,3,1,2,3,3,3
L???EAoRh}Fw~_	13	25	21	39	975	100	9.7500	3,3,1,1,0,1,1,3,3,3,4,0,2
L???E?pBv_xs~_	13	21	14	33	825	91	9.0659	1,0,1,2,0,1,2,2,3,3,2,2,2
L???FBo{?}@}~_	13	25	17	28	700	200	3.5000	0,2,1,2,0,2,2,3,2,2,4,2,3
L???E?pw?}xs~_	13	20	13	25	625	75	8.3333	1,0,2,1,1,1,0,1,2,2,3,3,3
L???FBOFo}Ds~_	13	24	18	45	1125	126	8.9286	1,2,3,3,0,1,2,3,3,1,2,3,0
L???F?\FvD^o~_	13	20	12	19	475	100	4.7500	0,3,0,0,1,2,2,2,2,3,3,2,0
L???E?pBv_xs~_	13	22	16	33	825	84	9.8214	2,0,3,0,0,0,3,2,3,3,2,2,2
L???F?\FvD^o~_	13	21	12	19	475	141	3.3688	0,1,2,0,1,2,3,3,3,2,2,1,1
L???FBOFo}Ds~_	13	25	20	39	975	125	7.8000	3,0,3,2,0,0,2,3,4,3,0,4,1
L???E?pw?}xs~_	13	21	14	33	825	91	9.0659	0,1,3,0,2,1,0,2,3,2,3,2,2
L???E?pBv_xs~_	13	23	16	36	900	129	6.9767	0,2,4,0,0,0,3,2,2,3,2,3,2
L???F?\FvD^o~_	13	22	15	19	475	109	4.3578	0,1,2,0,1,2,3,3,2,3,3,1,1
L???F?\FvD^o~_	13	23	15	24	600	154	3.8961	0,1,2,0,2,2,3,3,2,3,3,1,1
L???E?pw?}xs~_	13	22	16	32	800	84	9.5238	0,2,2,1,0,1,2,1,3,3,3,2,2
L???E?pBv_xs~_	13	24	18	45	1125	126	8.9286	0,0,1,2,0,1,2,3,3,3,3,3,3
L???FAW`_}Ks]C	13	20	12	40	1000	100	10.0000	2,0,2,0,2,0,2,2,2,2,2,2,2
L???F?\FvD^o~_	13	24	18	27	675	126	5.3571	0,1,2,1,1,1,3,3,3,3,3,0,3
L???F?\FvD^o~_	13	25	18	26	650	175	3.7143	0,2,2,0,2,2,5,3,3,2,2,1,1
L???E?pBv_xs~_	13	25	21	39	975	100	9.7500	0,2,1,2,0,0,4,3,3,3,3,2,2
L???E?pw?}xs~_	13	23	18	33	825	79	10.4430	0,3,3,0,1,1,1,2,3,2,3,2,2
L???E?xMP}Wu~_	13	20	12	19	475	100	4.7500	2,1,0,1,2,0,2,2,2,0,3,3,2
L???E?xMP}Wu~_	13	21	12	19	475	141	3.3688	0,2,0,1,2,2,1,3,1,2,2,2,3
L???FAW`_}Ks]C	13	21	12	40	1000	141	7.0922	2,0,2,0,2,1,2,2,2,2,2,2,2
L???E?pw?}xs~_	13	24	18	39	975	126	7.7381	0,2,3,1,0,2,2,3,3,3,2,2,1
L???E?xMP}Wu~_	13	22	15	19	475	109	4.3578	1,2,0,1,2,1,2,3,2,1,2,2,3
L??CAB_GoxnonO	13	20	12	40	1000	100	10.0000	2,2,0,0,0,2,2,2,2,2,2,2,2
L???E?xMP}Wu~_	13	23	15	24	600	154	3.8961	1,2,0,1,2,2,2,3,1,2,2,2,3
L???E?pw?}xs~_	13	25	21	39	975	100	9.7500	1,1,3,0,0,1,3,3,3,3,3,2,2
L???E?xMP}Wu~_	13	24	18	27	675	126	5.3571	1,2,0,1,2,1,2,3,1,2,3,3,3
L??CAB_GoxnonO	13	21	14	29	725	91	7.9670	2,1,1,0,2,1,2,1,2,2,3,2,2
L???E?pBv_xsNo	13	20	12	27	675	100	6.7500	1,2,1,2,0,1,2,2,2,2,2,2,1
L???E?xMP}Wu~_	13	25	18	27	675	175	3.8571	2,1,0,0,3,2,1,3,0,3,4,3,3
L???FAW`_}Ks]C	13	22	14	42	1050	134	7.8358	2,0,1,2,1,1,2,1,3,3,2,2,2
L??CAB_GoxnonO	13	22	15	33	825	109	7.5688	2,1,1,0,3,0,2,2,2,3,3,1,2
L???E?pBv_xsNo	13	21	14	33	825	91	9.0659	1,1,3,0,2,1,0,1,2,2,3,3,2
*** psi >= 1/25 : L???FB_Fw~^o~_ Q=25 bip=25 dist=0 w=1,1,3,2,1,1,1,4,1,2,3,4,1
*** psi >= 1/25 : L???FB_Fw~^o~_ Q=25 bip=25 dist=0 w=1,1,3,2,1,1,1,3,2,2,3,4,1
*** psi >= 1/25 : L???FB_Fw~^o~_ Q=25 bip=25 dist=0 w=1,1,3,2,1,1,1,4,1,2,3,5,0
*** psi >= 1/25 : L???FB_Fw~^o~_ Q=25 bip=25 dist=0 w=1,1,3,2,1,1,1,3,2,2,3,5,0
L???E?pBv_xsNo	13	22	16	33	825	84	9.8214	1,1,0,3,2,1,0,2,2,2,3,3,2
L???FAW`_}Ks]C	13	23	16	40	1000	129	7.7519	3,1,0,1,1,1,2,2,3,3,2,3,1
L???E?pBv_xsNo	13	23	18	33	825	79	10.4430	0,2,2,1,0,1,2,3,2,2,3,3,2
L??CAB_GoxnonO	13	23	16	40	1000	129	7.7519	3,2,0,0,1,2,2,1,3,1,3,2,3
L???FBOFp\^o~_	13	20	12	27	675	100	6.7500	0,1,2,2,0,1,2,3,3,2,2,1,1
L???FAW`_}Ks]C	13	24	18	47	1175	126	9.3254	2,1,1,1,2,2,1,0,3,3,2,3,3
L???E?pBv_xsNo	13	24	18	45	1125	126	8.9286	1,2,1,2,0,1,2,0,3,3,3,3,3
L???FBOFp\^o~_	13	21	14	33	825	91	9.0659	0,2,2,2,0,0,2,3,3,3,3,0,1
L??CAB_GoxnonO	13	24	18	47	1175	126	9.3254	2,3,0,0,0,3,0,3,3,2,3,2,3
L???E?pBv_xsNo	13	25	21	39	975	100	9.7500	0,3,1,2,1,0,3,2,3,2,3,3,2
L???FBOFp\^o~_	13	22	16	33	825	84	9.8214	0,2,2,2,0,0,2,3,3,3,3,1,1
L???FAW`_}Ks]C	13	25	19	54	1350	150	9.0000	2,1,2,0,2,1,2,3,2,2,3,3,2
L???E?xHuLZA~_	13	20	13	25	625	75	8.3333	2,1,1,0,3,2,0,1,2,3,2,2,1
L???FBOFp\^o~_	13	23	16	36	900	129	6.9767	0,2,2,2,0,1,2,4,3,2,3,1,1
L??CAB_GoxnonO	13	25	21	39	975	100	9.7500	0,3,2,1,2,1,0,3,3,3,3,2,2
L???E?xHuLZA~_	13	21	14	33	825	91	9.0659	0,1,0,1,2,2,1,2,3,3,2,2,2
L??CAB_Fz{NonO	13	20	12	29	725	100	7.2500	2,2,1,0,0,1,2,2,2,2,1,2,3
L??CA?orG^NonO	13	20	12	40	1000	100	10.0000	2,2,0,2,0,0,2,2,2,2,2,2,2
L???FBOFp\^o~_	13	24	18	45	1125	126	8.9286	1,2,3,3,0,1,2,3,3,3,3,0,0
L???E?xHuLZA~_	13	22	16	33	825	84	9.8214	2,0,2,2,0,0,2,0,3,3,3,3,2
L??CAB_Fz{NonO	13	21	15	24	600	66	9.0909	2,3,1,0,0,1,3,2,2,2,0,3,2
L???FBOFp\^o~_	13	25	21	39	975	100	9.7500	0,2,2,3,0,1,2,4,3,3,3,1,1
L??CA?orG^NonO	13	21	12	40	1000	141	7.0922	2,2,0,2,0,1,2,2,2,2,2,2,2
L???E?xHuLZA~_	13	23	17	32	800	104	7.6923	1,2,1,1,1,1,2,1,3,3,2,3,2
L??CAB_Fz{NonO	13	22	16	33	825	84	9.8214	3,3,0,0,0,2,2,2,2,2,2,1,3
L???FAWFo}Ks~_	13	20	12	27	675	100	6.7500	2,0,3,1,0,0,2,2,3,2,1,2,2
L???FAWFo}Ks~_	13	21	14	33	825	91	9.0659	2,0,2,0,2,0,2,3,3,2,1,3,1
L??CAB_Fz{NonO	13	23	17	36	900	104	8.6538	3,3,0,0,0,3,2,3,2,1,2,1,3
L??CA?orG^NonO	13	22	15	33	825	109	7.5688	3,1,1,1,0,1,3,2,2,1,3,2,2
L???E?xHuLZA~_	13	24	19	41	1025	101	10.1485	0,2,1,1,2,1,2,2,3,3,3,2,2
L???FAWFo}Ks~_	13	22	16	33	825	84	9.8214	2,0,2,1,1,0,2,3,3,2,1,3,2
L??CAB_Fz{NonO	13	24	19	41	1025	101	10.1485	3,3,1,0,0,2,2,3,2,2,2,1,3
L???E?xHuLZA~_	13	25	21	39	975	100	9.7500	1,1,0,2,1,2,2,3,3,3,2,3,2
L???FAWFo}Ks~_	13	23	18	33	825	79	10.4430	2,0,2,0,2,1,1,3,3,2,1,3,3
L??CA?orG^NonO	13	23	18	33	825	79	10.4430	0,3,0,3,1,2,0,3,3,2,2,2,2
L??CAB_Fz{NonO	13	25	21	39	975	100	9.7500	3,3,0,0,0,2,2,3,3,2,4,0,3
L???FB_{?~@}~_	13	20	12	19	475	100	4.7500	0,0,2,3,1,1,0,2,1,2,2,3,3
L???FAWFo}Ks~_	13	24	18	45	1125	126	8.9286	3,1,2,1,2,1,2,3,3,1,2,3,0
L??CABo{B{VgB{	13	20	13	25	625	75	8.3333	2,2,0,1,0,1,2,3,2,1,3,2,1
L???FB_{?~@}~_	13	21	12	19	475	141	3.3688	2,1,0,3,0,2,1,2,1,3,2,2,2
L??CA?orG^NonO	13	24	18	47	1175	126	9.3254	3,0,3,0,0,0,3,2,3,2,3,2,3
L???FAWFo}Ks~_	13	25	21	39	975	100	9.7500	2,1,1,2,1,0,3,4,3,3,0,3,2
*** psi >= 1/25 : L???F?^Fv{^o~_ Q=20 bip=16 dist=0 w=2,1,1,1,2,1,0,4,1,3,0,2,2
*** psi >= 1/25 : L???F?^Fv{^o~_ Q=20 bip=16 dist=0 w=2,1,1,1,2,1,0,4,0,4,0,2,2
*** psi >= 1/25 : L???F?^Fv{^o~_ Q=20 bip=16 dist=0 w=2,1,1,1,2,1,0,4,1,3,0,3,1
*** psi >= 1/25 : L???F?^Fv{^o~_ Q=20 bip=16 dist=0 w=2,1,1,1,2,1,0,4,0,4,0,3,1
L???FB_{?~@}~_	13	22	15	19	475	109	4.3578	0,1,2,3,0,1,2,1,2,3,3,2,2
L??CABo{B{VgB{	13	21	15	24	600	66	9.0909	3,2,0,1,0,1,2,3,0,2,2,3,2
L???FB_{?~@}~_	13	23	15	24	600	154	3.8961	0,1,2,3,0,2,2,1,2,3,3,2,2
L??CA?orG^NonO	13	25	21	39	975	100	9.7500	0,3,2,1,0,2,0,3,4,2,2,3,3
L??CABo{B{VgB{	13	22	16	33	825	84	9.8214	3,3,0,0,0,2,2,2,1,1,3,3,2
L???FB_{?~@}~_	13	24	18	27	675	126	5.3571	1,2,0,3,0,2,1,2,1,3,3,3,3
L??CA?_~@}JsfW	13	20	12	40	1000	100	10.0000	2,2,2,0,0,0,2,2,2,2,2,2,2
L??CAB{Nr{Vg~?	13	20	12	27	675	100	6.7500	2,2,0,0,0,2,3,3,2,1,2,2,1
L???FB_{?~@}~_	13	25	18	27	675	175	3.8571	0,1,2,3,0,3,0,1,2,3,3,4,3
L??CABo{B{VgB{	13	23	17	36	900	104	8.6538	3,3,0,0,1,2,3,2,0,2,3,3,1
L??CAB{Nr{Vg~?	13	21	14	33	825	91	9.0659	3,3,0,0,0,1,3,3,1,2,2,2,1
L??CA?_~@}JsfW	13	21	12	40	1000	141	7.0922	2,2,2,0,0,1,2,2,2,2,2,2,2
L??CABo{B{VgB{	13	24	19	41	1025	101	10.1485	3,3,0,1,0,2,3,2,0,2,3,3,2
L???FBOBw}Ds~_	13	20	13	25	625	75	8.3333	0,1,3,2,1,0,2,2,3,1,2,2,1
L??CAB{Nr{Vg~?	13	22	16	33	825	84	9.8214	3,3,0,0,1,1,3,3,0,2,2,2,2
L??CAB{Nr{Vg~?	13	23	18	33	825	79	10.4430	3,3,0,0,1,2,3,3,1,2,2,2,1
L???FBOBw}Ds~_	13	21	14	33	825	91	9.0659	1,1,2,2,0,0,2,3,3,0,3,3,1
L??CA?_~@}JsfW	13	22	14	40	1000	134	7.4627	2,2,2,0,1,0,2,2,3,2,2,1,3
L??CABo{B{VgB{	13	25	21	39	975	100	9.7500	3,3,0,0,0,2,3,2,1,2,3,4,2
L??CEB_~?~NoNo	13	20	12	19	475	100	4.7500	3,0,2,0,1,2,1,1,3,2,2,0,3
L??CAB{Nr{Vg~?	13	24	18	45	1125	126	8.9286	3,3,0,0,0,0,3,3,2,3,3,3,1
L???FBOBw}Ds~_	13	22	16	33	825	84	9.8214	1,1,2,2,0,1,1,3,3,0,3,3,2
L??CEB_~?~NoNo	13	21	13	20	500	116	4.3103	1,2,2,1,0,1,1,2,3,1,2,2,3
L??CA?_~@}JsfW	13	23	18	33	825	79	10.4430	3,0,3,1,2,0,3,0,3,2,2,2,2
L??CAB{Nr{Vg~?	13	25	21	39	975	100	9.7500	3,3,0,0,0,2,4,3,2,2,2,3,1
L??CEB_~?~NoNo	13	22	14	23	575	134	4.2910	2,1,3,0,1,2,2,2,2,2,2,2,1
L???FBOBw}Ds~_	13	23	17	36	900	104	8.6538	3,0,3,2,0,1,1,3,3,0,3,3,1
L??CEBoB~wFw^_	13	20	12	19	475	100	4.7500	0,2,0,3,0,2,0,3,2,3,2,2,1
L??CEB_~?~NoNo	13	23	16	24	600	129	4.6512	2,2,3,0,1,2,2,2,2,2,2,1,2
L??CEBoB~wFw^_	13	21	13	20	500	116	4.3103	1,2,1,1,1,1,1,2,3,2,1,3,2
L??CA?_~@}JsfW	13	24	18	47	1175	126	9.3254	2,3,3,0,0,0,0,3,3,3,2,2,3
L???FBOBw}Ds~_	13	24	19	41	1025	101	10.1485	0,1,3,3,0,0,2,3,3,2,3,2,2
L??CEB_~?~NoNo	13	24	18	26	650	126	5.1587	3,2,2,0,1,2,2,2,2,2,2,2,2
L??CEBoB~wFw^_	13	22	14	23	575	134	4.2910	1,2,1,1,0,1,2,2,2,3,2,3,2
L??CEB_~?~NoNo	13	25	19	28	700	150	4.6667	3,3,1,0,2,0,3,2,1,3,2,3,2
L??CEBoB~wFw^_	13	23	16	24	600	129	4.6512	3,1,1,1,3,0,2,1,3,2,2,2,2
L???FBOBw}Ds~_	13	25	21	39	975	100	9.7500	0,0,4,3,1,1,0,3,3,3,3,2,2
L??CEB{~FwFw^_	13	20	12	19	475	100	4.7500	2,3,0,0,0,2,3,2,1,1,1,3,2
L??CA?_~@}JsfW	13	25	19	51	1275	150	8.5000	2,3,3,0,0,1,1,3,3,3,2,2,2
L??CEBoB~wFw^_	13	24	18	27	675	126	5.3571	0,3,0,3,0,3,0,3,3,3,1,3,2
L???FAWFrL^o~_	13	20	12	27	675	100	6.7500	3,1,1,0,2,1,0,2,2,3,3,0,2
L??CEB{~FwFw^_	13	21	12	19	475	141	3.3688	3,2,0,0,0,2,2,3,0,1,2,3,3
L??CEBoB~wFw^_	13	25	19	28	700	150	4.6667	3,1,0,2,0,3,2,1,3,3,3,2,2
L??CEB{~FwFw^_	13	22	15	19	475	109	4.3578	3,3,0,0,1,2,3,2,1,1,1,3,2
L??CAB_Fz{VgNo	13	20	13	29	725	75	9.6667	2,3,1,0,1,0,3,2,1,1,2,3,1
L???FAWFrL^o~_	13	21	14	33	825	91	9.0659	2,0,2,0,2,0,2,3,3,3,3,0,1
L??CEB{Nr{No^_	13	20	12	19	475	100	4.7500	3,2,0,1,0,2,2,3,2,2,0,0,3
L??CEB{~FwFw^_	13	23	15	24	600	154	3.8961	3,4,0,0,1,2,3,2,0,2,1,3,2
L??CEB{Nr{No^_	13	21	12	19	475	141	3.3688	3,2,1,1,1,0,2,3,2,2,0,2,2
L???FAWFrL^o~_	13	22	16	33	825	84	9.8214	2,0,2,0,2,2,0,3,3,3,3,0,2
L??CAB_Fz{VgNo	13	21	14	34	850	91	9.3407	2,3,1,0,0,1,3,2,2,1,2,3,1
L??CEB{~FwFw^_	13	24	18	27	675	126	5.3571	3,3,0,0,1,2,3,3,2,1,0,3,3
L??CEB{Nr{No^_	13	22	15	19	475	109	4.3578	3,2,0,0,0,3,3,3,3,2,0,0,3
L???FAWFrL^o~_	13	23	17	36	900	104	8.6538	2,0,2,1,2,1,2,3,3,3,3,0,1
L??CEB{~FwFw^_	13	25	18	27	675	175	3.8571	3,3,0,0,1,2,3,3,0,2,2,3,3
L??CEB{Nr{No^_	13	23	15	24	600	154	3.8961	3,3,0,0,2,2,3,3,2,2,1,1,1
L??CAB_Fz{VgNo	13	22	15	34	850	109	7.7982	3,2,1,0,0,1,2,3,3,1,3,2,1
L???FAWFrL^o~_	13	24	18	45	1125	126	8.9286	3,1,2,1,2,1,2,3,3,3,3,0,0
L??CEB{Nr{No^_	13	24	16	28	700	176	3.9773	4,2,0,0,2,2,2,4,2,2,2,1,1
L??CE@A~FwFwnG	13	20	12	27	675	100	6.7500	2,2,0,0,1,2,2,3,3,1,1,2,1
L??CEB{Nr{No^_	13	25	17	28	700	200	3.5000	4,2,0,0,2,1,2,4,3,3,2,1,1
L??CAB_Fz{VgNo	13	23	17	36	900	104	8.6538	3,3,1,0,0,1,2,3,2,1,3,2,2
L???FAWFrL^o~_	13	25	21	39	975	100	9.7500	2,0,2,1,2,1,2,4,3,3,3,1,1
L??CE@A~FwFwnG	13	21	14	33	825	91	9.0659	1,3,0,0,1,2,2,2,3,1,1,3,2
L??CE@afNw^_No	13	20	13	25	625	75	8.3333	3,2,1,0,0,3,1,2,3,2,1,0,2
L??CE@A~FwFwnG	13	22	16	33	825	84	9.8214	2,3,0,0,1,2,2,2,3,2,0,3,2
L??CAB_Fz{VgNo	13	24	19	44	1100	101	10.8911	3,3,1,0,0,1,3,3,2,1,3,3,1
L??CAB_~?~NonO	13	20	13	28	700	75	9.3333	2,2,1,0,1,0,3,3,1,2,1,2,2
L??CE@afNw^_No	13	21	15	24	600	66	9.0909	2,2,1,2,1,0,1,3,2,2,0,2,3
L??CE@A~FwFwnG	13	23	17	36	900	104	8.6538	1,3,0,0,0,3,2,2,3,1,2,3,3
L??CAB_Fz{VgNo	13	25	21	35	875	100	8.7500	3,2,1,1,0,0,2,3,3,3,3,4,0
L??CAB_~?~NonO	13	21	14	34	850	91	9.3407	2,3,1,0,0,1,3,2,1,1,2,2,3
L??CE@afNw^_No	13	22	16	33	825	84	9.8214	2,3,0,0,2,1,2,2,3,2,1,1,3
L??CE@A~FwFwnG	13	24	18	45	1125	126	8.9286	0,3,0,0,1,2,3,3,3,1,2,3,3
L??CABoBz{Vg~?	13	20	13	29	725	75	9.6667	2,3,0,1,0,1,3,2,1,1,2,3,1
L??CAB_~?~NonO	13	22	16	32	800	84	9.5238	3,3,0,0,0,2,3,2,1,1,2,2,3
L??CE@afNw^_No	13	23	17	34	850	104	8.1731	1,3,2,0,0,2,2,3,3,3,0,2,2
L??CE@A~FwFwnG	13	25	21	39	975	100	9.7500	2,3,0,0,1,2,2,3,4,1,2,3,2
L??CAB_~?~NonO	13	23	17	36	900	104	8.6538	3,3,0,1,0,2,3,2,2,0,1,3,3
L??CABoBz{Vg~?	13	21	14	34	850	91	9.3407	2,3,0,1,0,1,3,2,1,2,2,3,1
L??CE@afNw^_No	13	24	19	41	1025	101	10.1485	2,3,1,0,1,2,2,3,3,2,0,2,3
L??CE@afNwNoNo	13	20	13	29	725	75	9.6667	1,2,1,0,1,2,1,3,3,2,1,1,2
L??CAB_~?~NonO	13	24	19	41	1025	101	10.1485	3,3,1,0,0,2,3,2,2,0,2,3,3
L??CABoBz{Vg~?	13	22	16	31	775	84	9.2262	3,2,0,2,1,0,3,3,1,1,3,2,1
L??CE@afNw^_No	13	25	21	39	975	100	9.7500	2,3,0,0,2,2,3,3,3,2,0,2,3
L??CE@afNwNoNo	13	21	14	34	850	91	9.3407	2,2,1,0,1,2,1,3,3,2,1,1,2
L??CAB_~?~NonO	13	25	21	45	1125	100	11.2500	3,3,1,0,0,1,3,3,1,1,3,3,3
L??CABoBz{Vg~?	13	23	17	37	925	104	8.8942	2,3,0,1,0,2,3,3,2,1,2,3,1
L??CE@afGz^_No	13	20	13	27	675	75	9.0000	2,1,2,0,0,2,2,2,3,1,2,2,1
L??CE@afNwNoNo	13	22	16	33	825	84	9.8214	2,3,0,0,2,1,2,3,2,3,0,2,2
L??CAB_Fw~NonO	13	20	12	29	725	100	7.2500	2,2,1,0,1,0,2,2,2,1,1,3,3
L??CABoBz{Vg~?	13	24	19	44	1100	101	10.8911	3,3,0,1,0,1,3,3,1,2,3,3,1
L??CE@afGz^_No	13	21	14	32	800	91	8.7912	2,2,2,0,0,2,2,2,2,1,2,2,2
L??CE@afNwNoNo	13	23	17	36	900	104	8.6538	1,3,0,0,0,3,2,3,3,2,3,0,3
L??CAB_Fw~NonO	13	21	14	32	800	91	8.7912	3,2,1,0,0,2,2,3,2,0,1,3,2
L??CE@afNwNoNo	13	24	19	44	1100	101	10.8911	2,3,1,0,1,2,1,3,3,3,1,1,3
L??CAB_Fw~NonO	13	22	16	33	825	84	9.8214	3,3,0,0,0,2,2,2,2,1,1,3,3
L??CABoBz{Vg~?	13	25	21	45	1125	100	11.2500	3,3,0,1,0,1,3,3,1,3,3,3,1
L??CE@afGz^_No	13	22	16	33	825	84	9.8214	3,2,1,0,1,2,2,2,3,1,1,2,2
L??CAB_Fw~NonO	13	23	17	36	900	104	8.6538	3,3,0,2,1,0,3,2,2,1,0,3,3
L??CEB_WfwBmNo	13	20	13	29	725	75	9.6667	2,1,1,0,1,1,3,1,1,2,3,3,1
L??CE@afNwNoNo	13	25	21	45	1125	100	11.2500	3,3,1,0,0,3,1,3,3,3,1,1,3
L??CE@afGz^_No	13	23	18	33	825	79	10.4430	2,2,0,0,1,2,3,3,3,0,2,3,2
L??CB@_{Cz@}^_	13	20	13	25	625	75	8.3333	2,1,1,1,0,1,2,3,0,3,2,1,3
L??CAB_Fw~NonO	13	24	19	41	1025	101	10.1485	3,2,2,0,0,1,3,3,2,0,2,3,3
L??CEB_WfwBmNo	13	21	14	34	850	91	9.3407	3,1,1,1,2,0,2,1,1,3,2,2,2
L??CE@afGz^_No	13	24	19	43	1075	101	10.6436	2,2,2,0,2,0,1,3,3,3,1,2,3
L??CAB_Fw~NonO	13	25	21	39	975	100	9.7500	3,4,0,0,1,2,3,2,2,0,2,3,3
L??CB@_{Cz@}^_	13	21	15	24	600	66	9.0909	3,1,1,1,1,0,2,2,1,2,3,2,2
L??CEB_WfwBmNo	13	22	16	33	825	84	9.8214	3,0,2,0,1,1,2,2,0,3,3,3,2
L??CE@afGz^_No	13	25	20	45	1125	125	9.0000	2,3,2,0,1,2,2,2,2,2,2,2,3
L??CABoBz{Vg^_	13	20	13	25	625	75	8.3333	3,2,0,1,0,1,2,2,1,3,0,2,3
L??CB@_{Cz@}^_	13	22	16	33	825	84	9.8214	3,3,0,0,1,1,2,1,1,2,3,2,3
L??CEB_WfwBmNo	13	23	17	36	900	104	8.6538	2,1,1,0,3,0,3,1,2,2,3,3,2
L??CBB_[cYb{~?	13	20	13	27	675	75	9.0000	1,0,2,1,1,1,2,1,2,2,2,3,2
L??CABoBz{Vg^_	13	21	14	33	825	91	9.0659	3,3,0,0,1,1,2,2,2,1,2,3,1
L??CB@_{Cz@}^_	13	23	17	36	900	104	8.6538	3,1,2,0,2,1,2,2,1,2,3,1,3
L??CEB_WfwBmNo	13	24	19	41	1025	101	10.1485	3,0,2,1,1,0,3,2,1,3,3,3,2
L??CABoBz{Vg^_	13	22	16	33	825	84	9.8214	2,2,0,2,0,0,3,3,2,2,0,3,3
L??CBB_[cYb{~?	13	21	14	32	800	91	8.7912	2,0,2,1,0,2,2,2,2,2,2,2,2
L??CB@_{Cz@}^_	13	24	19	41	1025	101	10.1485	3,1,2,1,0,2,2,1,2,2,3,2,3
L??CABoBz{Vg^_	13	23	17	36	900	104	8.6538	3,3,0,0,1,2,2,3,2,1,2,3,1
L??CBB_[cYb{~?	13	22	16	36	900	84	10.7143	2,0,2,2,2,0,2,2,2,2,2,2,2
L??CEB_WfwBmNo	13	25	21	45	1125	100	11.2500	3,1,1,1,1,1,3,1,1,3,3,3,3
L??CB@_{Cz@}^_	13	25	21	39	975	100	9.7500	4,1,2,0,1,2,2,1,2,2,3,2,3
L??CEB{~@}No^_	13	20	12	19	475	100	4.7500	3,2,0,0,1,2,2,3,1,1,2,2,1
L??CABoBz{Vg^_	13	24	19	41	1025	101	10.1485	3,3,0,1,0,2,2,3,2,2,2,3,1
L??CBB_[cYb{~?	13	23	18	36	900	79	11.3924	2,2,0,2,1,1,2,2,2,2,2,3,2
L??CBB_fSyB{^_	13	20	12	27	675	100	6.7500	3,2,1,0,2,1,2,2,1,2,0,2,2
L??CEB{~@}No^_	13	21	12	19	475	141	3.3688	3,2,0,0,2,2,2,3,1,1,2,2,1
L??CABoBz{Vg^_	13	25	21	39	975	100	9.7500	3,4,0,0,1,2,3,2,2,2,2,3,1
L??CEB{~@}No^_	13	22	15	19	475	109	4.3578	3,2,0,0,1,2,2,3,2,1,3,2,1
L??CBB_fSyB{^_	13	21	14	33	825	91	9.0659	3,1,2,0,0,2,2,2,2,2,1,1,3
L??CBB_[cYb{~?	13	24	19	43	1075	101	10.6436	2,0,3,1,1,2,2,1,2,3,2,3,2
L??CEB{~@}No^_	13	23	15	24	600	154	3.8961	3,3,0,0,2,2,3,3,0,2,2,2,1
L??CEBor?^EY^_	13	20	13	29	725	75	9.6667	1,1,1,2,0,2,1,1,2,3,3,2,1
L??CBB_fSyB{^_	13	22	15	32	800	109	7.3394	3,1,2,0,1,2,3,2,2,2,1,1,2
L??CEB{~@}No^_	13	24	18	27	675	126	5.3571	3,3,0,0,1,2,3,3,1,2,3,2,1
L??CEBor?^EY^_	13	21	14	34	850	91	9.3407	1,1,1,1,3,0,1,1,3,2,2,3,2
L??CBB_[cYb{~?	13	25	20	45	1125	125	9.0000	2,1,2,2,1,2,2,2,2,3,2,2,2
L??CEB{~@}No^_	13	25	18	27	675	175	3.8571	3,3,1,1,1,1,3,3,1,2,3,1,2
L??CBB_fSyB{^_	13	23	17	36	900	104	8.6538	3,2,1,0,0,3,3,2,2,1,2,1,3
L??CBB_fO~B{^_	13	20	12	27	675	100	6.7500	3,1,2,0,1,2,2,2,1,2,1,1,2
L??CEBor?^EY^_	13	22	16	31	775	84	9.2262	1,1,3,0,1,2,1,2,2,3,3,2,1
L??CE@A~B{FkNo	13	20	13	25	625	75	8.3333	3,3,0,0,1,2,2,1,2,2,1,2,1
L??CBB_fO~B{^_	13	21	14	33	825	91	9.0659	3,2,1,0,2,0,2,2,2,3,0,1,3
L??CBB_fSyB{^_	13	24	18	45	1125	126	8.9286	3,1,2,0,1,2,3,3,3,1,2,0,3
L??CEBor?^EY^_	13	23	18	33	825	79	10.4430	2,0,0,3,1,2,3,0,3,3,2,2,2
L??CE@A~B{FkNo	13	21	14	33	825	91	9.0659	3,1,0,2,0,1,3,2,2,2,2,3,0
L??CBB_fO~B{^_	13	22	16	33	825	84	9.8214	3,1,2,0,0,2,2,2,2,3,1,1,3
L??CBB_fSyB{^_	13	25	21	39	975	100	9.7500	3,2,2,0,1,2,3,2,2,1,2,2,3
L??CEBor?^EY^_	13	24	19	44	1100	101	10.8911	1,1,3,0,3,0,1,1,3,3,3,3,2
L??CE@A~B{FkNo	13	22	16	33	825	84	9.8214	2,2,1,0,1,1,3,2,3,3,0,2,2
L??CBB_fO~B{^_	13	23	18	33	825	79	10.4430	3,3,0,1,1,0,2,2,2,3,0,3,3
L??CE@A~B{FkNo	13	23	17	36	900	104	8.6538	3,3,1,1,1,0,3,1,3,3,0,2,2
L??CBBo{Cy@}^_	13	20	13	25	625	75	8.3333	2,0,2,1,0,1,3,2,2,1,3,1,2
L??CEBor?^EY^_	13	25	21	39	975	100	9.7500	3,0,0,4,2,1,2,0,3,3,3,2,2
L??CBB_fO~B{^_	13	24	18	45	1125	126	8.9286	3,1,2,0,1,2,3,3,3,3,0,0,3
L??CEB{~@}Fw^_	13	20	12	19	475	100	4.7500	2,3,0,1,1,0,3,2,2,1,0,3,2
L??CE@A~B{FkNo	13	24	19	41	1025	101	10.1485	2,2,0,0,1,2,3,2,3,3,1,3,2
L??CBB_fO~B{^_	13	25	21	39	975	100	9.7500	3,2,2,0,1,2,3,2,2,3,0,2,3
L??CBBo{Cy@}^_	13	21	15	24	600	66	9.0909	3,2,0,1,1,0,2,3,1,1,3,2,2
L??CEB{~@}Fw^_	13	21	12	19	475	141	3.3688	3,2,0,0,2,2,2,3,1,1,1,1,3
L??CE@A~B{FkNo	13	25	21	39	975	100	9.7500	2,3,0,0,1,2,4,2,3,3,0,3,2
L??CBAPfO}^_Zg	13	20	13	28	700	75	9.3333	2,3,0,1,0,1,3,2,1,2,2,2,1
L??CEB{~@}Fw^_	13	22	15	19	475	109	4.3578	3,3,0,0,1,2,3,2,2,1,2,1,2
L??CBBo{Cy@}^_	13	22	16	33	825	84	9.8214	3,1,2,0,0,2,2,2,0,2,3,2,3
L??CEB{~@}Fw^_	13	23	15	24	600	154	3.8961	3,3,0,0,2,2,3,3,0,2,1,1,3
L??CE@afNwFwNo	13	20	13	25	625	75	8.3333	3,3,1,0,2,0,1,2,2,2,1,2,1
L??CBAPfO}^_Zg	13	21	14	34	850	91	9.3407	3,1,2,1,0,1,2,2,1,1,3,2,2
L??CBBo{Cy@}^_	13	23	18	33	825	79	10.4430	2,1,1,2,0,0,3,3,0,3,3,2,3
L??CEB{~@}Fw^_	13	24	18	27	675	126	5.3571	3,3,0,0,1,2,3,3,1,2,2,1,3
L??CE@afNwFwNo	13	21	15	24	600	66	9.0909	2,2,1,0,0,3,1,3,2,2,2,1,2
L??CEB{~@}Fw^_	13	25	18	26	650	175	3.7143	3,2,0,0,0,2,2,3,2,2,2,2,5
L??CE@afNwFwNo	13	22	16	33	825	84	9.8214	2,3,0,0,3,0,2,2,3,2,2,1,2
L??CBAPfO}^_Zg	13	22	16	31	775	84	9.2262	2,2,1,1,0,1,3,3,1,2,2,3,1
L??CE@A~B{FkNW	13	20	12	27	675	100	6.7500	2,2,0,0,1,2,3,3,2,2,1,1,1
L??CBBo{Cy@}^_	13	24	19	41	1025	101	10.1485	3,1,2,1,0,2,3,2,0,2,3,2,3
L??CBAPfO}^_Zg	13	23	17	37	925	104	8.8942	2,3,0,1,0,2,3,3,2,1,2,3,1
L??CE@A~B{FkNW	13	21	14	33	825	91	9.0659	3,1,0,0,3,0,3,2,2,2,2,0,3
L??CE@afNwFwNo	13	23	17	36	900	104	8.6538	1,3,0,0,3,0,3,2,3,3,2,1,2
L??CBBo{Cy@}^_	13	25	21	39	975	100	9.7500	3,1,3,0,0,3,3,2,0,2,3,2,3
L??CE@A~B{FkNW	13	22	16	33	825	84	9.8214	3,2,0,0,1,2,3,2,2,2,2,3,0
L??CBAPfO}^_Zg	13	24	18	40	1000	126	7.9365	3,2,2,1,0,2,3,2,1,2,3,2,1
L??CE@afNwFwNo	13	24	19	41	1025	101	10.1485	2,2,2,0,1,2,1,3,3,3,2,2,1
L??CBAPFo}Ls~?	13	20	13	25	625	75	8.3333	2,2,0,1,1,0,2,3,1,0,2,3,3
L??CE@A~B{FkNW	13	23	18	33	825	79	10.4430	3,3,0,1,2,0,3,2,2,2,2,0,3
L??CBAPfO}^_Zg	13	25	20	46	1150	125	9.2000	3,0,3,1,0,2,3,3,2,1,3,3,1
L??CE@afNwFwNo	13	25	21	39	975	100	9.7500	2,3,0,0,0,4,3,3,3,2,2,3,0
L??CBAPFo}Ls~?	13	21	15	24	600	66	9.0909	2,1,1,1,0,1,3,3,2,2,1,2,2
L??CBAPFr\Ls~?	13	20	12	29	725	100	7.2500	2,1,1,1,1,0,2,2,2,3,0,2,3
L??CB@_~CzNoFw	13	20	12	27	675	100	6.7500	2,1,2,0,0,2,3,1,1,2,3,1,2
L??CE@A~B{FkNW	13	24	18	45	1125	126	8.9286	3,0,0,0,1,2,3,3,3,3,3,2,1
L??CBAPFo}Ls~?	13	22	16	33	825	84	9.8214	2,1,2,2,0,0,3,2,2,1,2,2,3
L??CBAPFr\Ls~?	13	21	15	24	600	66	9.0909	3,2,1,1,0,1,2,2,2,2,1,1,3
L??CE@A~B{FkNW	13	25	21	39	975	100	9.7500	3,2,0,0,2,2,3,3,3,2,2,2,1
L??CB@_~CzNoFw	13	21	14	33	825	91	9.0659	3,1,2,0,0,1,3,0,3,2,2,2,2
L??CBAPFo}Ls~?	13	23	17	36	900	104	8.6538	3,0,3,0,1,2,2,3,2,0,3,1,3
L??CBAPFr\Ls~?	13	22	16	33	825	84	9.8214	2,2,1,2,0,0,3,2,2,3,0,2,3
L??CE@afKx^_No	13	20	13	25	625	75	8.3333	3,2,1,0,1,2,1,2,3,1,1,1,2
L??CB@_~CzNoFw	13	22	16	33	825	84	9.8214	3,1,2,0,0,2,3,1,2,2,2,2,2
L??CBAPFr\Ls~?	13	23	17	36	900	104	8.6538	3,1,2,0,1,2,2,3,2,3,0,1,3
L??CBAPFo}Ls~?	13	24	19	41	1025	101	10.1485	2,0,3,2,0,1,3,3,2,1,2,2,3
L??CB@_~CzNoFw	13	23	17	36	900	104	8.6538	3,2,1,0,1,0,3,1,2,2,2,3,3
L??CE@afKx^_No	13	21	15	24	600	66	9.0909	2,2,1,0,1,2,1,3,2,0,2,2,3
L??CBAPFr\Ls~?	13	24	19	41	1025	101	10.1485	2,1,2,2,0,1,3,3,2,3,1,1,3
L??CBAPFo}Ls~?	13	25	21	39	975	100	9.7500	3,0,4,3,0,0,3,2,2,1,2,2,3
L??CE@afKx^_No	13	22	16	33	825	84	9.8214	2,2,2,0,0,2,0,3,3,0,3,2,3
L??CB@_~CzNoFw	13	24	18	45	1125	126	8.9286	3,1,2,0,0,0,3,1,2,3,3,3,3
L??CBAXfO}Ks~?	13	20	13	29	725	75	9.6667	3,3,0,0,1,1,2,2,1,1,3,1,2
L??CE@afKx^_No	13	23	17	36	900	104	8.6538	1,3,0,0,1,2,3,2,3,2,1,2,3
L??CBAPFr\Ls~?	13	25	21	39	975	100	9.7500	3,0,2,0,0,3,3,4,2,3,0,2,3
L??CB@_~CzNoFw	13	25	21	39	975	100	9.7500	3,2,2,0,0,2,3,1,2,2,3,2,3
L??CE@afKx^_No	13	24	19	41	1025	101	10.1485	2,3,1,0,1,2,2,2,3,1,2,2,3
L??CBAXXg}No~?	13	20	13	29	725	75	9.6667	3,1,2,0,1,1,2,2,1,1,3,1,2
L??CBAXfO}Ks~?	13	21	14	34	850	91	9.3407	3,1,2,0,1,1,2,2,1,1,3,2,2
L??CBB_fO~^_^_	13	20	13	25	625	75	8.3333	2,1,2,1,0,2,3,2,1,2,1,1,2
L??CE@afKx^_No	13	25	21	39	975	100	9.7500	2,4,0,1,1,1,3,2,3,2,1,2,3
L??CBAXXg}No~?	13	21	14	34	850	91	9.3407	2,1,1,0,1,1,3,3,2,1,2,1,3
L??CBB_fO~^_^_	13	21	15	24	600	66	9.0909	2,3,0,0,0,2,2,3,1,2,2,1,3
L??CBAXfO}Ks~?	13	22	16	31	775	84	9.2262	3,0,3,0,2,1,3,2,1,1,3,1,2
L??CBB_WfwB{fS	13	20	13	25	625	75	8.3333	3,1,2,0,1,2,2,1,1,2,2,2,1
L??CBAXXg}No~?	13	22	16	32	800	84	9.5238	3,1,2,0,2,0,3,2,2,1,3,1,2
L??CBB_fO~^_^_	13	22	16	32	800	84	9.5238	3,1,2,2,0,0,2,3,1,2,2,1,3
L??CBAXfO}Ks~?	13	23	17	37	925	104	8.8942	3,2,1,0,1,2,3,2,2,1,3,1,2
L??CBB_WfwB{fS	13	21	14	33	825	91	9.0659	2,2,1,0,1,1,3,2,0,2,3,3,1
L??CBAXXg}No~?	13	23	17	37	925	104	8.8942	3,1,2,0,2,1,2,3,1,2,3,1,2
L??CBB_WfwB{fS	13	22	16	32	800	84	9.5238	2,1,2,1,1,1,3,1,1,2,2,3,2
L??CBB_fO~^_^_	13	23	17	36	900	104	8.6538	3,2,1,0,0,3,3,2,2,3,1,0,3
L??CBAXfO}Ks~?	13	24	19	44	1100	101	10.8911	3,3,0,1,0,1,3,3,1,1,3,2,3
L??CBB_WfwB{fS	13	23	17	36	900	104	8.6538	3,0,3,0,2,1,3,2,0,2,3,3,1
L??CBAXXg}No~?	13	24	19	44	1100	101	10.8911	3,1,2,0,1,1,3,3,2,1,3,1,3
L??CBB_fO~^_^_	13	24	19	41	1025	101	10.1485	3,2,1,0,0,2,2,3,2,3,2,1,3
L??CBB_WfwB{fS	13	24	19	41	1025	101	10.1485	2,3,0,0,0,3,2,1,2,3,3,3,2
L??CBAXfO}Ks~?	13	25	21	39	975	100	9.7500	2,0,3,1,2,0,4,3,2,0,3,2,3
L??CBAXXg}No~?	13	25	21	45	1125	100	11.2500	3,2,1,0,1,1,3,3,3,1,3,1,3
L??CBB_fO~^_^_	13	25	21	39	975	100	9.7500	3,1,3,0,1,2,3,2,2,3,2,0,3
L??CBA\fO}No~?	13	20	12	27	675	100	6.7500	2,1,2,0,0,2,3,2,2,1,2,1,2
L??CBB_WfwB{fS	13	25	21	39	975	100	9.7500	2,1,2,3,0,0,4,3,0,2,3,3,2
L??CFB_WcwnoFw	13	20	12	27	675	100	6.7500	3,1,2,0,1,2,2,1,1,2,2,1,2
L??CBB_fO~No^_	13	20	12	27	675	100	6.7500	3,1,2,0,1,2,2,2,1,2,2,1,1
L??CBA\fO}No~?	13	21	14	33	825	91	9.0659	3,0,3,0,1,0,3,3,0,2,2,2,2
L??CB?W`W}Ks~?	13	20	12	40	1000	100	10.0000	2,0,2,0,2,0,2,2,2,2,2,2,2
L??CFB_WcwnoFw	13	21	14	33	825	91	9.0659	2,2,1,1,0,2,1,2,1,2,3,2,2
L??CBB_fO~No^_	13	21	14	33	825	91	9.0659	3,1,2,0,0,2,2,2,2,3,1,2,1
L??CBA\fO}No~?	13	22	16	33	825	84	9.8214	3,1,2,0,0,2,3,3,0,2,2,2,2
L??CFB_WcwnoFw	13	22	16	33	825	84	9.8214	2,0,3,1,0,2,2,3,0,2,3,2,2
L??CBB_fO~No^_	13	22	16	33	825	84	9.8214	3,1,2,0,0,2,2,2,2,3,2,1,2
L??CB?W`W}Ks~?	13	21	14	33	825	91	9.0659	0,2,1,1,2,1,0,3,3,2,2,2,2
L??CBA\fO}No~?	13	23	18	33	825	79	10.4430	3,1,2,0,1,2,3,3,1,1,2,2,2
L??CFB_WcwnoFw	13	23	18	33	825	79	10.4430	2,3,0,0,1,2,3,2,1,2,3,2,2
L??CBB_fO~No^_	13	23	18	33	825	79	10.4430	3,1,2,0,0,2,2,2,2,3,3,1,2
L??CBA\fO}No~?	13	24	18	45	1125	126	8.9286	3,1,2,0,0,0,3,3,1,2,3,3,3
L??CB?W`W}Ks~?	13	22	16	33	825	84	9.8214	0,2,1,1,2,2,0,3,3,2,2,2,2
L??CBB_fO~No^_	13	24	18	45	1125	126	8.9286	3,1,2,0,1,2,3,3,3,3,0,2,1
L??CFB_WcwnoFw	13	24	18	45	1125	126	8.9286	3,1,2,0,1,2,0,1,2,3,3,3,3
L??CBA\fO}No~?	13	25	21	39	975	100	9.7500	3,1,2,0,0,2,4,3,1,2,2,2,3
L??CBB_fO~No^_	13	25	21	39	975	100	9.7500	3,2,2,0,1,2,3,2,2,3,2,2,1
L??CFB_WcwnoFw	13	25	21	39	975	100	9.7500	2,1,2,0,1,2,2,2,2,3,3,3,2
L??CB?W`W}Ks~?	13	23	18	33	825	79	10.4430	0,1,2,2,1,3,0,3,3,2,2,2,2
L??CFB_WcwnoF[	13	20	12	27	675	100	6.7500	2,0,2,0,1,2,3,2,1,2,2,2,1
*** psi >= 1/25 : L??CFB_Fz{No~? Q=20 bip=16 dist=0 w=0,0,4,1,0,3,0,3,1,4,2,2,0
*** psi >= 1/25 : L??CFB_Fz{No~? Q=20 bip=16 dist=0 w=0,0,4,2,0,2,0,3,1,4,2,2,0
L??CFB_Fz{No~?	13	20	12	19	475	100	4.7500	3,0,2,2,0,1,2,0,3,2,2,1,2
L??CBAPwFwLsFs	13	20	13	27	675	75	9.0000	2,0,2,1,0,2,2,2,2,1,2,1,3
L??CFB_Fz{No~?	13	21	12	19	475	141	3.3688	3,2,0,0,0,3,3,2,1,2,0,3,2
L??CFB_WcwnoF[	13	21	14	33	825	91	9.0659	3,0,2,2,1,0,2,2,1,1,2,3,2
L??CFB_Fz{No~?	13	22	15	19	475	109	4.3578	3,0,3,3,0,0,3,2,1,2,3,0,2
L??CB?W`W}Ks~?	13	24	18	47	1175	126	9.3254	0,0,3,3,0,0,2,3,3,2,3,3,2
L??CBAPwFwLsFs	13	21	15	24	600	66	9.0909	2,0,2,1,2,1,0,1,2,3,2,2,3
L??CFB_WcwnoF[	13	22	16	33	825	84	9.8214	3,0,2,0,0,3,2,2,1,2,2,3,2
L??CFB_Fz{No~?	13	23	15	24	600	154	3.8961	3,1,2,0,2,2,3,1,2,2,2,1,2
L??CBAPwFwLsFs	13	22	16	33	825	84	9.8214	2,1,1,1,0,1,2,2,3,1,3,2,3
L??CFB_Fz{No~?	13	24	18	27	675	126	5.3571	3,3,0,1,2,0,3,1,2,3,2,1,3
L??CFB_WcwnoF[	13	23	17	36	900	104	8.6538	3,0,2,0,1,2,3,0,3,1,3,3,2
L??CB?W`W}Ks~?	13	25	21	39	975	100	9.7500	3,1,3,0,0,2,3,3,0,3,3,2,2
L??CFB_Fz{No~?	13	25	18	27	675	175	3.8571	3,0,3,0,1,3,3,2,1,3,0,3,3
L??CFAWFrL^_~?	13	20	13	25	625	75	8.3333	1,0,2,2,0,1,1,3,2,2,3,2,1
L??CBAPwFwLsFs	13	23	17	38	950	104	9.1346	2,1,2,2,0,1,2,1,3,2,2,2,3
L??CFB_WcwnoF[	13	24	18	45	1125	126	8.9286	3,1,2,0,1,2,3,1,2,0,3,3,3
L??CBAPFr\^_~?	13	20	13	25	625	75	8.3333	2,1,2,1,0,1,2,2,3,3,1,0,2
L??CFAWFrL^_~?	13	21	14	33	825	91	9.0659	1,3,0,1,2,0,2,2,2,3,3,2,0
L??CBAPFr\^_~?	13	21	15	24	600	66	9.0909	3,2,1,1,0,1,2,2,2,2,2,1,2
L??CBAPwFwLsFs	13	24	19	43	1075	101	10.6436	3,0,2,1,1,2,1,2,3,2,2,2,3
L??CFB_WcwnoF[	13	25	21	39	975	100	9.7500	3,1,1,0,1,2,3,1,3,2,3,3,2
L??CBAPFr\^_~?	13	22	16	33	825	84	9.8214	2,1,2,2,0,0,3,2,2,3,2,2,1
L??CFAWFrL^_~?	13	22	16	33	825	84	9.8214	2,1,2,0,3,0,2,2,2,3,3,0,2
L??CFB_Fw~No~?	13	20	12	19	475	100	4.7500	3,0,2,0,1,2,2,2,1,1,1,3,2
L??CBAPwFwLsFs	13	25	21	43	1075	100	10.7500	3,0,3,2,0,1,2,2,2,1,3,3,3
L??CFB_Fw~No~?	13	21	12	19	475	141	3.3688	3,2,1,3,0,0,3,2,1,0,2,2,2
L??CFAWFrL^_~?	13	23	17	36	900	104	8.6538	1,1,2,0,3,0,2,2,3,3,3,1,2
L??CBAPFr\^_~?	13	23	17	36	900	104	8.6538	3,1,2,0,3,0,2,3,2,3,1,1,2
L??CFB_Fw~No~?	13	22	15	19	475	109	4.3578	3,1,2,0,1,2,3,1,2,1,1,3,2
L??CBAPFr\No~?	13	20	13	29	725	75	9.6667	3,1,2,1,0,1,2,2,1,3,1,1,2
L??CFAWFrL^_~?	13	24	19	41	1025	101	10.1485	2,2,1,2,1,1,2,2,3,3,3,1,1
L??CFB_Fw~No~?	13	23	15	24	600	154	3.8961	4,1,2,0,1,2,2,1,2,2,1,3,2
L??CBAPFr\^_~?	13	24	19	41	1025	101	10.1485	3,0,2,1,0,2,3,3,2,3,2,2,1
L??CFB_Fw~No~?	13	24	18	27	675	126	5.3571	3,0,3,1,1,1,3,1,2,2,1,3,3
L??CBAPFr\No~?	13	21	14	34	850	91	9.3407	3,1,2,1,0,1,2,2,2,3,1,1,2
L??CFAWFrL^_~?	13	25	21	39	975	100	9.7500	2,1,2,2,2,0,3,3,2,3,3,1,1
L??CFB_Fw~No~?	13	25	18	27	675	175	3.8571	3,0,3,3,0,0,3,1,3,1,2,3,3
L??CBAPFr\^_~?	13	25	21	39	975	100	9.7500	4,1,2,0,1,2,2,3,2,3,2,2,1
L??CF@aFo}Rc^_	13	20	12	27	675	100	6.7500	3,1,2,0,1,2,2,2,2,1,1,2,1
L??CBAPFr\No~?	13	22	16	32	800	84	9.5238	2,1,2,2,0,0,3,3,2,2,1,1,3
L??CBAXFo}Ks~?	13	20	13	25	625	75	8.3333	2,2,0,0,1,1,2,3,1,0,2,3,3
L??CFAWFrL^_^_	13	20	13	29	725	75	9.6667	1,2,0,3,0,1,1,3,2,2,3,1,1
L??CF@aFo}Rc^_	13	21	14	33	825	91	9.0659	2,2,1,1,0,2,1,3,2,0,2,3,2
L??CF@aFo}Rc^_	13	22	15	32	800	109	7.3394	3,1,3,1,1,1,2,2,1,3,0,3,1
L??CBAPFr\No~?	13	23	18	33	825	79	10.4430	3,2,1,3,0,0,3,3,2,2,0,2,2
L??CBAXFo}Ks~?	13	21	14	32	800	91	8.7912	3,1,2,0,1,2,2,2,2,2,1,1,2
L??CFAWFrL^_^_	13	21	14	34	850	91	9.3407	2,1,2,1,1,1,1,2,3,3,2,1,1
L??CF@aFo}Rc^_	13	23	17	36	900	104	8.6538	3,1,2,0,3,0,1,3,2,0,3,3,2
L??CBAPFr\No~?	13	24	19	41	1025	101	10.1485	3,0,3,2,0,0,3,3,2,3,1,2,2
L??CBAXFo}Ks~?	13	22	15	32	800	109	7.3394	3,2,1,1,1,1,3,2,2,1,2,1,2
L??CFAWFrL^_^_	13	22	16	33	825	84	9.8214	2,1,2,0,3,0,2,2,2,3,3,2,0
L??CF@aFo}Rc^_	13	24	18	45	1125	126	8.9286	3,1,2,0,3,0,0,3,3,1,2,3,3
L??CBAPFr\No~?	13	25	21	45	1125	100	11.2500	3,0,3,1,1,0,3,3,3,3,1,1,3
L??CBAXFo}Ks~?	13	23	17	32	800	104	7.6923	2,0,2,0,1,1,3,3,3,1,2,2,3
L??CFAWFrL^_^_	13	23	18	33	825	79	10.4430	2,0,3,0,3,0,3,3,3,2,2,0,2
L??CF@aFo}Rc^_	13	25	21	39	975	100	9.7500	3,2,2,0,1,2,2,3,2,1,2,3,2
L??CBAXXg}^_~?	13	20	13	25	625	75	8.3333	3,2,0,1,0,1,2,2,1,3,3,1,1
L??CBAXFo}Ks~?	13	24	19	41	1025	101	10.1485	2,0,3,1,1,1,3,3,2,1,2,2,3
L??CF@aFozNo~?	13	20	13	25	625	75	8.3333	3,1,2,0,1,2,2,1,2,1,2,1,2
L??CFAWFrL^_^_	13	24	19	44	1100	101	10.8911	2,1,2,0,3,1,1,3,3,3,3,1,1
L??CBAXXg}^_~?	13	21	15	24	600	66	9.0909	3,1,2,1,0,1,2,2,2,2,2,1,2
L??CF@aFozNo~?	13	21	15	24	600	66	9.0909	2,1,1,0,3,0,2,2,2,1,3,1,3
L??CBAXFo}Ks~?	13	25	21	39	975	100	9.7500	2,0,3,1,1,0,3,3,2,2,1,3,4
L??CBAXXg}^_~?	13	22	16	33	825	84	9.8214	2,2,1,0,2,0,3,2,2,2,3,1,2
L??CF@aFozNo~?	13	22	16	32	800	84	9.5238	3,0,2,0,1,2,3,2,3,1,2,1,2
L??CFAWFrL^_^_	13	25	21	45	1125	100	11.2500	3,2,1,2,1,1,1,3,3,3,3,1,1
L??CBA\Fvw^_^_	13	20	12	27	675	100	6.7500	2,1,2,0,0,2,3,2,3,2,1,1,1
L??CBAXXg}^_~?	13	23	18	33	825	79	10.4430	2,2,1,0,2,0,3,2,3,2,3,2,1
L??CBA\Fvw^_^_	13	21	14	33	825	91	9.0659	3,2,1,0,0,1,3,3,2,2,1,1,2
L??CF@aFozNo~?	13	23	17	36	900	104	8.6538	3,0,1,0,1,2,3,3,3,0,3,2,2
L??CF@aFsx^_~?	13	20	12	27	675	100	6.7500	2,1,2,0,1,2,3,2,2,2,2,0,1
L??CBA\Fvw^_^_	13	22	16	33	825	84	9.8214	3,0,3,0,2,0,3,3,2,2,0,2,2
L??CBAXXg}^_~?	13	24	19	41	1025	101	10.1485	2,0,3,0,2,1,3,3,2,2,3,3,0
L??CF@aFsx^_~?	13	21	14	33	825	91	9.0659	1,2,1,0,1,2,2,2,3,3,2,1,1
L??CF@aFozNo~?	13	24	19	41	1025	101	10.1485	3,1,1,0,2,1,3,2,3,2,2,1,3
L??CBA\Fvw^_^_	13	23	18	33	825	79	10.4430	3,1,2,0,1,2,3,3,2,2,1,1,2
L??CF@aFsx^_~?	13	22	16	33	825	84	9.8214	2,3,0,0,2,1,2,2,3,3,2,0,2
L??CBAXXg}^_~?	13	25	21	39	975	100	9.7500	3,2,2,1,2,0,3,2,2,2,3,2,1
L??CF@aFozNo~?	13	25	21	39	975	100	9.7500	4,0,2,1,2,0,3,2,3,0,3,3,2
L??CF@aFsx^_~?	13	23	17	36	900	104	8.6538	1,2,1,0,0,3,2,2,3,3,3,0,3
L??CF?ZFvH^_^_	13	20	12	19	475	100	4.7500	2,0,2,0,2,2,2,2,2,1,1,2,2
L??CBA\Fvw^_^_	13	24	18	45	1125	126	8.9286	3,1,2,0,0,0,3,3,3,3,2,1,3
L??CFB_Wb{^_F[	13	20	12	27	675	100	6.7500	2,0,2,0,1,2,3,2,1,2,1,2,2
L??CF?ZFvH^_^_	13	21	14	16	400	91	4.3956	2,1,1,0,2,2,2,2,2,2,1,3,1
L??CFB_Wb{^_F[	13	21	14	33	825	91	9.0659	3,0,1,0,2,1,3,1,1,2,2,2,3
L??CBA\Fvw^_^_	13	25	21	39	975	100	9.7500	3,2,2,0,0,2,3,3,3,3,0,2,2
L??CF@aFsx^_~?	13	24	18	45	1125	126	8.9286	0,1,2,0,1,2,3,3,3,3,3,2,1
L??CF?ZFvH^_^_	13	22	16	24	600	84	7.1429	2,0,2,0,2,2,2,2,2,2,2,2,2
L??CFB_Wb{^_F[	13	22	16	33	825	84	9.8214	3,0,2,0,1,2,3,1,1,2,2,2,3
L??CF?ZFvH^_^_	13	23	16	24	600	129	4.6512	2,0,2,1,2,3,2,2,2,2,2,2,1
L??CFB_[_Zb{~?	13	20	13	25	625	75	8.3333	2,1,0,1,1,1,2,0,1,2,3,3,3
L??CF@aFsx^_~?	13	25	21	39	975	100	9.7500	2,1,2,0,2,2,3,3,3,3,2,1,1
L??CF?ZFvH^_^_	13	24	18	27	675	126	5.3571	3,0,3,2,1,0,3,2,3,0,1,3,3
L??CFB_Wb{^_F[	13	23	17	36	900	104	8.6538	3,0,1,2,1,0,3,0,3,3,2,2,3
L??CF?ZFvH^_^_	13	25	20	24	600	125	4.8000	2,1,1,0,3,2,2,3,2,2,2,3,2
L??CF@aFozRc~?	13	20	13	25	625	75	8.3333	1,2,0,2,1,0,3,3,2,2,1,1,2
L??CFB_[_Zb{~?	13	21	14	33	825	91	9.0659	2,0,2,0,2,1,3,0,1,3,2,2,3
L??CFB_Wb{^_F[	13	24	18	45	1125	126	8.9286	3,0,0,0,1,2,3,1,2,3,3,3,3
L??CF?^Fr{^_~?	13	20	12	19	475	100	4.7500	2,1,2,0,0,2,3,2,2,1,2,2,1
L??CF?^Fr{^_~?	13	21	12	19	475	141	3.3688	3,1,2,0,1,2,3,3,1,1,2,1,1
L??CF@aFozRc~?	13	21	15	24	600	66	9.0909	2,1,2,0,0,2,3,2,3,2,1,1,2
L??CFB_[_Zb{~?	13	22	16	32	800	84	9.5238	3,0,1,1,1,2,2,0,2,3,2,2,3
L??CF?^Fr{^_~?	13	22	15	19	475	109	4.3578	3,1,2,0,1,2,3,3,1,1,3,1,1
L??CFB_Wb{^_F[	13	25	21	39	975	100	9.7500	3,0,2,0,1,2,4,1,2,2,2,3,3
L??CF?^Fr{^_~?	13	23	15	24	600	154	3.8961	3,2,2,0,1,2,3,2,1,2,2,2,1
L??CFB_Fz{^_~?	13	20	12	19	475	100	4.7500	3,1,1,0,0,3,2,1,2,2,3,1,1
L??CFB_[_Zb{~?	13	23	17	36	900	104	8.6538	3,2,1,0,2,1,3,1,0,3,2,2,3
L??CF@aFozRc~?	13	22	16	33	825	84	9.8214	2,1,2,0,1,2,2,2,3,3,0,2,2
L??CFB_Fz{^_~?	13	21	12	19	475	141	3.3688	3,1,2,0,1,2,3,2,1,2,2,1,1
L??CF?^Fr{^_~?	13	24	18	27	675	126	5.3571	3,1,2,0,1,2,3,3,1,2,3,2,1
L??CFB_Fz{^_~?	13	22	15	19	475	109	4.3578	3,1,2,0,1,2,3,1,2,2,3,1,1
L??CFB_[_Zb{~?	13	24	19	41	1025	101	10.1485	2,2,0,1,3,0,3,0,2,3,3,2,3
L??CF?^Fr{^_~?	13	25	18	26	650	175	3.7143	3,2,2,3,0,2,4,3,0,2,2,1,1
L??CF@aFozRc~?	13	23	18	33	825	79	10.4430	3,2,1,0,1,2,2,2,3,3,0,2,2
L??CFB_Fz{^_~?	13	23	15	24	600	154	3.8961	3,1,2,0,2,2,3,1,2,2,3,1,1
L??CFbo{?^no~?	13	20	12	19	475	100	4.7500	3,0,0,2,1,2,2,1,1,1,2,3,2
L??CFB_[_Zb{~?	13	25	21	39	975	100	9.7500	3,1,2,0,2,2,3,0,2,3,2,2,3
L??CFB_Fz{^_~?	13	24	18	27	675	126	5.3571	3,1,2,2,1,0,3,1,2,3,3,3,0
L??CFbo{?^no~?	13	21	12	19	475	141	3.3688	3,0,0,3,1,2,3,2,0,1,2,2,2
L??CF@aFozRc~?	13	24	19	41	1025	101	10.1485	2,1,2,0,1,2,3,2,3,2,2,1,3
L??CFbo{?^no~?	13	22	15	19	475	109	4.3578	3,0,0,2,0,3,3,0,2,1,2,3,3
L??CFB_Fz{^_~?	13	25	18	27	675	175	3.8571	3,1,2,0,1,2,3,0,3,3,3,3,1
L??CFBOFp\^_^_	13	20	13	29	725	75	9.6667	1,0,3,2,1,0,1,2,3,3,2,1,1
L??CFbo{?^no~?	13	23	15	24	600	154	3.8961	3,0,0,2,1,2,3,0,2,2,2,3,3
L??CFAWFo}Ks~?	13	20	13	25	625	75	8.3333	3,0,3,2,0,1,1,2,2,1,2,2,1
L??CF@aFozRc~?	13	25	21	39	975	100	9.7500	2,3,0,0,2,1,4,2,3,2,3,0,3
L??CFbo{?^no~?	13	24	16	28	700	176	3.9773	4,0,0,2,2,2,2,0,0,4,2,4,2
L??CFBOFp\^_^_	13	21	14	34	850	91	9.3407	2,0,2,3,1,0,1,3,2,2,3,1,1
L??CF?^^fw^_~?	13	20	12	19	475	100	4.7500	2,1,2,0,1,1,3,2,3,2,0,2,1
L??CFbo{?^no~?	13	25	18	26	650	175	3.7143	4,1,2,2,1,3,3,0,0,2,3,2,2
L??CFAWFo}Ks~?	13	21	15	24	600	66	9.0909	2,2,0,3,0,1,1,3,2,2,1,2,2
L??CF?^^fw^_~?	13	21	12	19	475	141	3.3688	2,1,2,0,2,1,3,3,2,2,1,1,1
L??CFBOFp\^_^_	13	22	16	32	800	84	9.5238	1,1,3,2,0,1,1,3,3,3,2,0,2
L??CFAWFo}Ks~?	13	22	16	33	825	84	9.8214	2,3,0,2,1,0,2,2,2,2,1,3,2
L??CF?^^fw^_~?	13	22	15	19	475	109	4.3578	3,1,2,0,1,2,3,3,2,3,0,1,1
L??EE?orG^^_No	13	20	12	27	675	100	6.7500	0,2,1,2,0,2,2,1,2,3,2,2,1
L??CFAWFo}Ks~?	13	23	17	36	900	104	8.6538	1,1,2,0,3,0,3,3,2,3,0,3,2
L??CF?^^fw^_~?	13	23	15	24	600	154	3.8961	3,2,2,0,1,2,3,2,3,2,1,1,1
L??EE?orG^^_No	13	21	14	33	825	91	9.0659	0,3,3,0,1,0,2,1,3,2,2,2,2
L??CFBOFp\^_^_	13	23	17	36	900	104	8.6538	2,0,3,2,1,2,0,3,3,3,3,1,0
L??EE?orG^^_No	13	22	16	33	825	84	9.8214	1,2,1,2,0,2,1,2,3,2,2,2,2
L??CF?^^fw^_~?	13	24	18	27	675	126	5.3571	3,2,1,0,2,1,3,3,3,3,0,1,2
L??CFAWFo}Ks~?	13	24	19	41	1025	101	10.1485	2,1,2,1,2,1,2,2,3,1,2,3,2
L??EE?orG^^_No	13	23	18	33	825	79	10.4430	1,2,2,1,3,0,1,2,3,2,2,2,2
L??CF?^^fw^_~?	13	25	18	27	675	175	3.8571	3,2,1,0,2,1,3,3,3,3,0,3,1
L??CFBOFp\^_^_	13	24	19	44	1100	101	10.8911	2,0,3,3,0,1,1,3,3,3,3,1,1
L??CF?^Fr{No~?	13	20	12	19	475	100	4.7500	2,2,1,0,0,2,3,2,3,0,2,0,3
L??CFAWFo}Ks~?	13	25	21	39	975	100	9.7500	3,0,3,2,0,2,0,3,3,0,4,3,2
L??CF?^Fr{No~?	13	21	12	19	475	141	3.3688	3,2,1,1,0,2,2,2,2,1,0,3,2
L??CF@aFo}Rc~?	13	20	12	27	675	100	6.7500	2,1,2,0,1,2,3,2,2,1,1,2,1
L??CF?^Fr{No~?	13	22	15	19	475	109	4.3578	3,1,2,0,1,2,3,2,2,1,1,1,3
L??CFBOFp\^_^_	13	25	21	39	975	100	9.7500	2,0,3,3,0,0,2,3,4,3,2,0,3
L??EE?orG^^_No	13	24	18	45	1125	126	8.9286	1,2,1,2,0,0,1,2,3,3,3,3,3
L??CF@aFo}Rc~?	13	21	14	33	825	91	9.0659	1,3,0,0,0,3,2,2,3,0,3,2,2
L??CF?^Fr{No~?	13	23	15	24	600	154	3.8961	3,2,2,0,1,2,3,2,1,2,1,1,3
L??CFA[f?yKV^_	13	20	12	27	675	100	6.7500	2,0,2,0,1,2,3,3,1,1,1,2,2
L??EE?orG^^_No	13	25	21	39	975	100	9.7500	1,2,2,2,0,2,1,2,3,3,3,2,2
L??CF?^Fr{No~?	13	24	18	27	675	126	5.3571	3,1,2,0,1,2,3,3,1,2,2,1,3
L??CF@aFo}Rc~?	13	22	15	32	800	109	7.3394	1,1,2,1,1,1,3,2,2,3,0,3,2
L??CFA[f?yKV^_	13	21	14	33	825	91	9.0659	3,2,0,1,2,0,2,3,1,1,2,1,3
L??CF?^Fr{No~?	13	25	18	27	675	175	3.8571	3,1,2,0,1,2,3,3,1,2,2,2,3
L??ED@_NayRc~?	13	20	12	40	1000	100	10.0000	2,2,2,0,0,2,2,2,2,2,2,2,0
L??CF@aFo}Rc~?	13	23	18	33	825	79	10.4430	3,1,2,0,1,2,2,2,3,2,1,2,2
L??CFA[f?yKV^_	13	22	16	33	825	84	9.8214	3,0,2,0,1,2,2,3,1,1,2,2,3
L??EEBo{Fw@}No	13	20	12	19	475	100	4.7500	1,2,0,2,1,2,1,1,2,1,2,2,3
L??ED@_NayRc~?	13	21	12	40	1000	141	7.0922	2,2,2,0,0,2,2,2,2,2,2,2,1
L??EEBo{Fw@}No	13	21	12	19	475	141	3.3688	2,1,1,1,0,4,1,1,3,0,2,2,3
L??CF@aFo}Rc~?	13	24	18	45	1125	126	8.9286	0,1,2,0,1,2,3,3,3,1,2,3,3
L??CFA[f?yKV^_	13	23	18	33	825	79	10.4430	3,1,1,0,1,2,2,3,0,2,2,3,3
L??EEBo{Fw@}No	13	22	15	19	475	109	4.3578	1,2,1,2,1,2,1,2,2,1,2,2,3
L??CF@aFo}Rc~?	13	25	21	39	975	100	9.7500	2,1,2,0,2,2,3,3,3,1,2,2,2
L??ED@_NayRc~?	13	22	14	42	1050	134	7.8358	3,2,1,0,1,2,3,2,1,2,3,2,0
L??CFA[f?yKV^_	13	24	18	45	1125	126	8.9286	3,1,2,0,1,2,3,3,1,2,3,0,3
L??EEBo{Fw@}No	13	23	15	24	600	154	3.8961	1,2,1,2,2,2,1,2,1,2,2,2,3
L??CF@aFoz^_~?	13	20	12	27	675	100	6.7500	2,1,2,0,1,2,3,2,2,1,2,1,1
L??EEBo{Fw@}No	13	24	18	27	675	126	5.3571	1,2,1,2,1,2,1,2,1,2,3,3,3
L??CFA[f?yKV^_	13	25	21	39	975	100	9.7500	3,0,2,3,0,0,3,4,2,1,2,2,3
L??EEBo{Fw@}No	13	25	18	27	675	175	3.8571	3,0,3,0,1,2,1,2,0,4,3,3,3
L??CF@aFoz^_~?	13	21	14	33	825	91	9.0659	2,2,0,0,2,1,3,1,3,2,2,1,2
L??ED@_NayRc~?	13	23	16	42	1050	129	8.1395	2,2,2,0,2,0,1,3,3,1,3,3,1
L??CF@aFsx^_^_	13	20	13	25	625	75	8.3333	1,1,1,0,3,0,3,3,2,2,2,1,1
L??CF@aFoz^_~?	13	22	16	33	825	84	9.8214	2,0,2,0,1,2,3,2,3,2,2,2,1
L??ED@_NayRcN_	13	20	12	40	1000	100	10.0000	2,2,2,0,0,2,2,2,2,1,2,2,1
L??CF@aFoz^_~?	13	23	18	33	825	79	10.4430	2,1,1,0,2,1,3,3,3,2,2,0,3
L??CF@aFsx^_^_	13	21	15	24	600	66	9.0909	2,0,2,3,0,0,2,2,2,3,3,1,1
L??ED@_NayRc~?	13	24	18	47	1175	126	9.3254	2,2,3,3,0,0,0,3,3,2,3,3,0
L??CF@aFsx^_^_	13	22	16	33	825	84	9.8214	2,2,1,0,0,3,2,3,2,2,3,0,2
L??ED@_NayRcN_	13	21	12	40	1000	141	7.0922	2,2,2,0,1,2,2,2,2,1,2,2,1
L??CF@aFoz^_~?	13	24	18	45	1125	126	8.9286	3,1,2,0,1,2,3,0,3,3,3,2,1
L??ED@_NayRc~?	13	25	19	54	1350	150	9.0000	3,2,2,0,0,3,3,2,2,3,2,3,0
L??CF@aFsx^_^_	13	23	17	36	900	104	8.6538	3,1,2,0,1,2,1,3,2,3,3,0,2
L??CF@aFoz^_~?	13	25	21	39	975	100	9.7500	2,1,2,0,1,2,4,2,3,2,3,2,1
L??ED@_NayRcN_	13	22	14	42	1050	134	7.8358	1,3,2,0,0,3,2,1,3,2,2,2,1
L??CF@aFsx^_^_	13	24	19	41	1025	101	10.1485	2,1,2,0,0,3,2,2,3,3,3,2,1
L??ED?qN_}Hk~?	13	20	13	29	725	75	9.6667	2,2,1,1,1,1,2,2,2,1,1,2,2
L??CF@QFtX^_^_	13	20	13	29	725	75	9.6667	1,2,0,1,1,2,1,3,3,2,2,1,1
L??CF@aFsx^_^_	13	25	21	39	975	100	9.7500	3,0,3,1,2,1,2,3,3,2,3,0,2
L??ED?qN_}Hk~?	13	21	15	31	775	66	11.7424	2,2,1,1,0,2,2,3,2,1,1,2,2
L??ED@_NayRcN_	13	23	16	40	1000	129	7.7519	1,3,3,0,0,2,2,3,3,1,3,1,1
L??CF@QFtX^_^_	13	21	14	34	850	91	9.3407	2,2,0,1,0,3,1,3,3,2,2,1,1
L??CF@aF^w^_^_	13	20	12	27	675	100	6.7500	2,0,2,0,1,2,3,3,2,2,1,1,1
L??ED?qN_}Hk~?	13	22	16	38	950	84	11.3095	2,2,2,1,0,2,2,2,2,1,2,2,2
L??CF@aF^w^_^_	13	21	14	33	825	91	9.0659	3,0,1,2,0,1,3,2,2,3,0,2,2
L??CF@QFtX^_^_	13	22	16	32	800	84	9.5238	2,3,0,0,2,1,2,2,2,3,3,1,1
L??ED@_NayRcN_	13	24	18	47	1175	126	9.3254	3,0,3,0,0,3,2,3,2,1,2,3,2
L??ED?qN_}Hk~?	13	23	18	38	950	79	12.0253	2,2,2,1,0,2,3,2,2,1,2,2,2
L??CF@aF^w^_^_	13	22	16	33	825	84	9.8214	3,0,2,2,1,0,3,2,2,3,2,0,2
L??CF@QFtX^_^_	13	23	17	38	950	104	9.1346	1,2,1,1,2,1,1,3,3,3,3,1,1
L??CF@aF^w^_^_	13	23	17	36	900	104	8.6538	3,1,0,0,1,2,3,3,2,3,0,3,2
L??ED?qN_}Hk~?	13	24	19	43	1075	101	10.6436	3,1,2,0,0,3,3,2,2,2,1,3,2
L??ED@_NayRcN_	13	25	18	55	1375	175	7.8571	2,3,2,0,0,3,3,1,3,0,2,3,3
L??CF@aF^w^_^_	13	24	18	45	1125	126	8.9286	3,0,0,0,1,2,3,3,3,3,2,1,3
L??ED?qNeXJg~?	13	20	13	32	800	75	10.6667	2,1,2,1,0,2,2,3,2,1,1,2,1
L??ED?qN_}Hk~?	13	25	21	45	1125	100	11.2500	3,0,1,1,3,0,3,3,3,1,1,3,3
L??CF@QFtX^_^_	13	24	19	44	1100	101	10.8911	2,3,0,1,3,0,1,3,3,3,3,1,1
L??CF@aF^w^_^_	13	25	21	39	975	100	9.7500	3,0,2,0,1,2,4,3,2,3,1,2,2
L??ED?qFuXJg~?	13	20	13	27	675	75	9.0000	1,2,2,1,0,1,2,2,3,2,1,1,2
L??ED?qNeXJg~?	13	21	14	34	850	91	9.3407	2,0,2,0,2,1,2,3,2,2,2,2,1
L??CF@QFtX^_^_	13	25	21	39	975	100	9.7500	2,3,0,0,2,2,3,3,3,3,2,2,0
L??CF?^^b{^_~?	13	20	12	19	475	100	4.7500	3,2,0,0,0,3,2,3,2,1,2,0,2
L??CF?^^b{No~?	13	20	12	19	475	100	4.7500	3,2,0,0,1,2,2,3,2,3,0,0,2
L??ED?qFuXJg~?	13	21	14	34	850	91	9.3407	1,2,3,1,1,0,2,2,2,2,1,2,2
L??CF?^^b{^_~?	13	21	12	19	475	141	3.3688	2,1,2,0,0,2,4,2,3,0,2,1,2
L??CF?^^b{No~?	13	21	12	19	475	141	3.3688	2,0,3,2,1,0,3,3,2,0,0,2,3
L??CF?^^b{^_~?	13	22	15	19	475	109	4.3578	3,1,2,0,1,2,3,3,2,2,1,1,1
L??ED?qNeXJg~?	13	22	16	31	775	84	9.2262	2,1,2,1,0,1,2,3,2,2,2,2,2
L??ED?qFuXJg~?	13	22	15	38	950	109	8.7156	2,1,2,2,0,2,1,3,3,1,2,2,1
L??CF?^^b{No~?	13	22	15	19	475	109	4.3578	3,0,3,1,0,2,3,3,2,0,0,3,2
L??CF?^^b{^_~?	13	23	15	24	600	154	3.8961	3,1,2,0,2,2,3,3,2,2,1,1,1
L??ED?qNeXJg~?	13	23	17	40	1000	104	9.6154	3,1,2,0,1,1,2,3,2,2,1,3,2
L??CF?^^b{^_~?	13	24	18	27	675	126	5.3571	3,0,3,0,1,2,3,3,3,1,2,2,1
L??CF?^^b{No~?	13	23	15	24	600	154	3.8961	3,1,2,0,2,2,3,3,2,1,1,1,2
L??ED?qFuXJg~?	13	23	17	38	950	104	9.1346	1,1,3,2,0,2,2,3,2,2,2,1,2
L??CF?^^b{^_~?	13	25	18	27	675	175	3.8571	3,2,1,0,1,3,3,3,3,1,2,2,1
L??CF?^^b{No~?	13	24	18	27	675	126	5.3571	3,0,3,0,0,3,3,3,3,1,1,1,3
L??ED?qNeXJg~?	13	24	18	44	1100	126	8.7302	2,2,2,2,0,2,2,3,2,2,2,2,1
L??CB`o{CZ@}^_	13	20	12	27	675	100	6.7500	3,0,1,2,1,2,2,1,1,1,2,2,2
L??CF?^^b{No~?	13	25	18	27	675	175	3.8571	3,2,1,0,1,3,3,3,3,0,1,2,3
L??ED?qFuXJg~?	13	24	19	43	1075	101	10.6436	2,0,3,1,0,3,2,3,3,2,2,1,2
L??CB`o{CZ@}^_	13	21	14	33	825	91	9.0659	3,0,1,2,0,2,2,1,1,2,3,1,3
L??CB`obW^^_^_	13	20	12	27	675	100	6.7500	2,0,1,2,0,2,3,1,1,3,2,2,1
L??ED?qNeXJg~?	13	25	20	50	1250	125	10.0000	2,2,2,2,0,2,2,4,2,2,2,2,1
L??CB`o{CZ@}^_	13	22	16	33	825	84	9.8214	3,0,1,2,2,0,2,0,2,2,3,2,3
L??ED?qFuXJg~?	13	25	20	46	1150	125	9.2000	2,2,3,2,0,2,2,3,3,2,1,1,2
L??CB`obW^^_^_	13	21	14	33	825	91	9.0659	3,0,1,2,0,1,3,2,1,2,2,2,2
L??ED?qFqZ^_~?	13	20	13	27	675	75	9.0000	2,1,2,1,0,2,2,1,2,2,2,2,1
L??ED?}Nay^_~?	13	20	12	27	675	100	6.7500	1,2,2,0,1,2,3,3,1,1,2,1,1
L??CB`obW^^_^_	13	22	16	33	825	84	9.8214	3,0,1,2,0,2,3,1,2,2,2,2,2
L??CB`o{CZ@}^_	13	23	17	36	900	104	8.6538	3,0,1,2,1,2,2,1,2,2,3,1,3
L??ED?qFqZ^_~?	13	21	14	32	800	91	8.7912	2,1,2,2,0,2,2,2,2,2,2,1,1
L??ED?}Nay^_~?	13	21	14	33	825	91	9.0659	2,2,2,0,0,2,3,3,2,1,3,0,1
L??CB`obW^^_^_	13	23	18	33	825	79	10.4430	3,0,3,0,0,3,3,3,0,2,2,2,2
L??CB`o{CZ@}^_	13	24	18	45	1125	126	8.9286	3,0,1,2,1,2,3,1,2,3,3,0,3
L??ED?qFqZ^_~?	13	22	16	36	900	84	10.7143	2,2,2,2,0,2,2,2,2,2,2,1,1
L??ED?}Nay^_~?	13	22	16	33	825	84	9.8214	2,2,2,0,0,2,3,3,2,1,3,1,1
L??CB`obW^^_^_	13	24	18	45	1125	126	8.9286	3,2,1,0,0,0,3,0,3,3,3,3,3
L??CB`o{CZ@}^_	13	25	21	39	975	100	9.7500	3,1,1,2,0,3,3,0,2,2,3,2,3
L??ED?}Nay^_~?	13	23	18	33	825	79	10.4430	2,2,2,0,0,2,3,3,1,2,3,2,1
L??ED?qFqZ^_~?	13	23	18	36	900	79	11.3924	2,2,2,2,0,2,2,2,2,2,2,2,1
L??CB`obW^^_^_	13	25	21	39	975	100	9.7500	3,0,1,2,0,2,3,2,2,2,2,3,3
L??EE?o{EX@}No	13	20	12	27	675	100	6.7500	1,2,1,2,1,2,1,1,2,1,2,2,2
L??EE?oqG^^_Ls	13	20	13	25	625	75	8.3333	2,0,1,2,1,1,2,0,2,3,3,2,1
L??ED?qFqZ^_~?	13	24	20	36	900	76	11.8421	2,2,2,2,0,2,2,2,2,2,2,2,2
L??EE?o{EX@}No	13	21	14	33	825	91	9.0659	3,0,0,3,1,1,2,0,2,2,3,1,3
L??ED?}Nay^_~?	13	24	18	45	1125	126	8.9286	3,3,3,0,0,3,3,3,1,2,3,0,0
L??EE?o{EX@}No	13	22	16	33	825	84	9.8214	2,1,1,2,2,0,0,2,2,2,3,2,3
L??EE?oqG^^_Ls	13	21	14	32	800	91	8.7912	1,2,1,2,2,1,0,2,2,1,3,2,2
L??ED?}Nay^_~?	13	25	21	39	975	100	9.7500	2,2,3,0,1,2,4,3,1,2,3,1,1
L??ED?qFqZ^_~?	13	25	20	45	1125	125	9.0000	2,2,2,2,1,2,3,2,3,2,2,1,1
L??EE?o{EX@}No	13	23	18	33	825	79	10.4430	1,2,0,3,0,2,1,1,2,2,3,3,3
L??EE?oqG^^_Ls	13	22	16	33	825	84	9.8214	1,1,2,1,2,0,1,2,2,2,3,3,2
L??ED?}NayJg~?	13	20	12	27	675	100	6.7500	2,2,2,1,0,1,3,3,2,1,1,2,0
L??ED?^N`{Jg~?	13	20	13	25	625	75	8.3333	1,3,2,1,0,2,2,3,1,1,1,2,1
L??EE?o{EX@}No	13	24	18	45	1125	126	8.9286	1,2,1,2,1,2,1,2,3,3,3,0,3
L??ED?}NayJg~?	13	21	14	33	825	91	9.0659	2,2,2,0,0,2,3,3,2,1,2,1,1
L??EE?oqG^^_Ls	13	23	17	36	900	104	8.6538	2,1,3,0,3,0,0,3,2,1,3,3,2
L??ED?^N`{Jg~?	13	21	14	33	825	91	9.0659	2,2,2,0,1,1,3,3,0,2,1,3,1
L??ED?}NayJg~?	13	22	16	33	825	84	9.8214	2,2,2,0,0,2,3,3,0,3,2,1,2
L??EE?o{EX@}No	13	25	21	39	975	100	9.7500	1,2,2,2,1,2,1,2,2,2,3,2,3
L??EEBoB~wFw~?	13	20	12	19	475	100	4.7500	0,2,1,2,0,2,2,1,2,3,2,2,1
L??EE?oqG^^_Ls	13	24	19	41	1025	101	10.1485	1,2,0,2,1,2,1,2,3,2,3,3,2
L??ED?^N`{Jg~?	13	22	16	33	825	84	9.8214	2,2,2,0,0,2,3,3,0,1,2,3,2
L??EEBoB~wFw~?	13	21	12	19	475	141	3.3688	1,2,3,0,0,3,2,1,3,2,2,2,0
L??ED?}NayJg~?	13	23	18	33	825	79	10.4430	2,2,2,0,1,1,3,3,0,3,1,2,3
L??EEBoB~wFw~?	13	22	15	19	475	109	4.3578	1,2,1,2,1,2,1,2,3,2,1,3,1
L??EE?oqG^^_Ls	13	25	21	39	975	100	9.7500	0,3,2,0,0,2,1,2,3,3,3,4,2
L??ED?^N`{Jg~?	13	23	17	36	900	104	8.6538	0,3,3,0,0,1,3,3,3,1,2,2,2
L??EEBoB~wFw~?	13	23	15	24	600	154	3.8961	1,2,1,2,2,2,1,2,3,2,1,3,1
L??ED?}NayJg~?	13	24	18	45	1125	126	8.9286	3,3,3,0,1,2,3,3,1,2,2,1,0
L??EEBoB~wFw~?	13	24	16	28	700	176	3.9773	0,2,1,3,1,1,1,3,2,4,2,2,2
L??ED?^N`{Jg~?	13	24	19	41	1025	101	10.1485	1,3,3,0,0,2,3,3,2,1,2,2,2
L??ED?}NayJg~?	13	25	21	39	975	100	9.7500	3,2,3,0,0,2,3,3,1,2,2,2,2
L??EEBoB~wFw~?	13	25	18	26	650	175	3.7143	2,2,3,2,2,2,1,2,2,3,1,2,1
L??ED?qwAZ^_Fs	13	20	13	29	725	75	9.6667	1,1,2,2,0,2,2,1,2,1,2,2,2
L??ED?^Nay^_~?	13	20	12	29	725	100	7.2500	1,2,2,0,0,2,3,3,1,2,2,1,1
L??ED?^N`{Jg~?	13	25	21	39	975	100	9.7500	0,4,3,0,1,1,3,3,3,1,2,2,2
L??EDB_Nay^_Fw	13	20	13	29	725	75	9.6667	1,2,3,0,0,1,3,2,1,2,3,1,1
L??ED?qwAZ^_Fs	13	21	14	34	850	91	9.3407	1,1,3,0,1,2,3,1,2,1,2,2,2
L??EFB_Nfw^_Fw	13	20	12	19	475	100	4.7500	1,2,2,0,1,2,2,2,1,3,1,1,2
L??ED?^Nay^_~?	13	21	15	24	600	66	9.0909	1,2,3,0,1,1,2,3,1,2,3,0,2
L??EFB_Nfw^_Fw	13	21	12	19	475	141	3.3688	1,2,2,0,2,2,2,2,1,3,1,1,2
L??EDB_Nay^_Fw	13	21	14	34	850	91	9.3407	1,3,2,0,1,1,2,3,1,3,2,1,1
L??EFB_Nfw^_Fw	13	22	15	19	475	109	4.3578	1,1,3,0,0,2,3,2,1,3,0,3,3
L??ED?^Nay^_~?	13	22	16	32	800	84	9.5238	1,2,3,0,1,1,3,3,1,2,3,0,2
L??ED?qwAZ^_Fs	13	22	16	38	950	84	11.3095	1,2,2,2,0,2,2,2,2,1,2,2,2
L??EDB_Nay^_Fw	13	22	16	33	825	84	9.8214	0,3,3,0,1,1,2,2,2,3,3,0,2
L??EFB_Nfw^_Fw	13	23	15	24	600	154	3.8961	1,2,2,0,0,3,2,2,1,4,0,3,3
L??ED?^Nay^_~?	13	23	18	33	825	79	10.4430	0,3,3,1,0,2,3,3,2,2,2,1,1
L??ED?qwAZ^_Fs	13	23	18	38	950	79	12.0253	1,2,2,2,0,2,2,2,2,1,2,3,2
L??EFB_Nfw^_Fw	13	24	18	27	675	126	5.3571	0,3,3,0,1,2,3,2,1,3,1,2,3
L??EDB_Nay^_Fw	13	23	17	37	925	104	8.8942	1,3,2,0,0,1,2,3,1,3,3,2,2
L??EFB_Nfw^_Fw	13	25	18	27	675	175	3.8571	2,1,3,0,0,3,3,0,4,3,1,2,3
L??ED?^Nay^_~?	13	24	19	41	1025	101	10.1485	2,3,2,0,0,2,3,3,1,3,3,1,1
L??ED?qwAZ^_Fs	13	24	19	44	1100	101	10.8911	1,2,2,1,2,0,2,2,3,1,2,3,3
L??EDB_Nay^_Fw	13	24	19	41	1025	101	10.1485	1,3,3,0,1,1,3,3,0,3,2,2,2
L??ED?^Nay^_~?	13	25	21	39	975	100	9.7500	0,3,3,0,0,2,3,4,2,3,2,3,0
L??EFBOFp\Fo~?	13	20	13	29	725	75	9.6667	1,0,2,3,0,1,1,3,2,2,3,1,1
L??EFB_N`{^_Fw	13	20	12	19	475	100	4.7500	1,2,2,0,1,2,2,3,0,1,2,2,2
L??ED?qwAZ^_Fs	13	25	21	39	975	100	9.7500	1,2,2,1,2,1,3,2,3,1,2,2,3
L??EFB_N`{^_Fw	13	21	12	19	475	141	3.3688	1,2,2,0,0,4,2,2,1,3,0,2,2
L??EFBOFp\Fo~?	13	21	14	34	850	91	9.3407	2,0,3,2,0,1,1,2,3,3,2,1,1
L??EDB_Nay^_Fw	13	25	21	45	1125	100	11.2500	1,3,3,2,1,0,3,3,1,3,3,1,1
L??ED?qFo}Hk~?	13	20	13	27	675	75	9.0000	2,2,1,2,0,1,1,2,2,0,2,2,3
L??EFB_N`{^_Fw	13	22	15	19	475	109	4.3578	0,3,3,1,2,0,3,2,1,3,0,2,2
L??EFB_N`{^_Fw	13	23	15	24	600	154	3.8961	3,0,2,0,3,0,2,3,0,2,2,3,3
L??ED?qFo}Hk~?	13	21	14	32	800	91	8.7912	1,2,2,2,0,2,2,2,2,1,1,2,2
L??EFBOFp\Fo~?	13	22	16	31	775	84	9.2262	0,1,3,2,0,2,1,3,3,3,2,1,1
L??ED?qSO}Pe~?	13	20	12	40	1000	100	10.0000	0,2,2,0,0,2,2,2,2,2,2,2,2
L??EFB_N`{^_Fw	13	24	18	27	675	126	5.3571	3,0,3,0,1,2,3,0,3,1,2,3,3
L??EFB_N`{^_Fw	13	25	18	27	675	175	3.8571	1,2,3,0,2,2,3,1,2,1,2,3,3
L??EFBOFp\Fo~?	13	23	17	36	900	104	8.6538	0,2,3,3,0,1,1,3,3,3,2,1,1
L??ED?qFo}Hk~?	13	22	16	36	900	84	10.7143	2,2,2,2,0,2,2,2,2,1,1,2,2
L??ED?qSO}Pe~?	13	21	14	35	875	91	9.6154	1,2,0,1,3,0,3,1,1,3,2,2,2
L??EFBOFp\Fo~?	13	24	19	41	1025	101	10.1485	1,1,3,3,0,1,2,2,3,3,3,0,2
L??EFBOFo^Ds~?	13	20	13	29	725	75	9.6667	0,1,3,2,1,0,1,2,3,3,1,2,1
L??ED?qFo}Hk~?	13	23	18	36	900	79	11.3924	2,2,2,2,0,2,2,2,2,1,1,2,3
L??EFBOFo^Ds~?	13	21	14	34	850	91	9.3407	0,1,2,3,0,1,1,3,2,2,1,3,2
L??ED?qSO}Pe~?	13	22	14	46	1150	134	8.5821	1,2,2,1,0,2,2,2,2,2,2,2,2
L??ED?qFo}Hk~?	13	24	19	43	1075	101	10.6436	1,2,3,1,0,2,3,2,2,1,2,2,3
L??EFBOFp\Fo~?	13	25	21	45	1125	100	11.2500	1,2,3,3,0,1,1,3,3,3,3,1,1
L??EF?^Fp{^_~?	13	20	12	19	475	100	4.7500	1,2,2,0,1,2,2,3,1,1,3,1,1
L??EFBOFo^Ds~?	13	22	16	32	800	84	9.5238	1,0,3,2,1,1,0,3,3,3,1,2,2
L??EF?^Fp{^_~?	13	21	12	19	475	141	3.3688	0,2,3,1,1,1,3,3,1,1,2,1,2
L??ED?qFo}Hk~?	13	25	20	45	1125	125	9.0000	2,2,3,2,0,2,3,2,2,1,2,2,2
L??ED?qSO}Pe~?	13	23	16	46	1150	129	8.9147	1,3,2,1,0,2,2,2,2,2,2,2,2
L??EF?^Fp{^_~?	13	22	15	19	475	109	4.3578	1,2,3,0,1,2,2,3,2,1,3,1,1
L??ED?}N`{Jg~?	13	20	12	27	675	100	6.7500	2,2,2,0,1,1,3,3,0,2,1,3,0
L??EFBOFo^Ds~?	13	23	17	37	925	104	8.8942	1,1,3,3,0,2,1,2,3,3,1,2,1
L??EF?^Fp{^_~?	13	23	15	24	600	154	3.8961	1,2,4,0,1,2,3,2,1,2,2,2,1
L??ED?}N`{Jg~?	13	21	14	33	825	91	9.0659	2,2,2,0,0,2,3,3,1,1,1,3,1
L??EF?^Fp{^_~?	13	24	18	27	675	126	5.3571	1,2,3,0,1,2,3,3,1,2,3,2,1
L??EFBOFo^Ds~?	13	24	19	41	1025	101	10.1485	0,2,2,3,0,2,0,3,3,3,1,3,2
L??EF?^Fp{^_~?	13	25	18	27	675	175	3.8571	1,2,3,0,1,2,4,3,3,0,3,1,2
L??ED?}N`{Jg~?	13	22	16	33	825	84	9.8214	2,2,2,0,2,0,3,3,0,1,2,3,2
L??ED?qSO}Pe~?	13	24	19	41	1025	101	10.1485	2,2,0,2,2,1,3,0,1,3,3,3,2
L??E@_qBp{]ArW	13	20	13	25	625	75	8.3333	0,2,1,2,1,2,3,1,1,1,2,2,2
L??ED?}N`{Jg~?	13	23	17	36	900	104	8.6538	2,3,2,1,2,0,3,3,0,1,2,3,1
L??EFBOFo^Ds~?	13	25	21	45	1125	100	11.2500	0,1,3,3,1,0,1,3,3,3,1,3,3
L??E@_qBp{]ArW	13	21	15	24	600	66	9.0909	1,2,1,1,2,1,2,1,1,2,2,2,3
L??ED?}N`{Jg~?	13	24	18	45	1125	126	8.9286	3,3,3,0,1,2,3,3,0,1,2,3,0
L??E@bo{@{XgB{	13	20	12	27	675	100	6.7500	1,2,1,2,1,2,2,2,0,1,2,2,2
L??ED?qSO}Pe~?	13	25	21	39	975	100	9.7500	3,3,0,2,0,2,3,0,0,3,4,3,2
L??E@_qBp{]ArW	13	22	16	33	825	84	9.8214	1,2,2,1,0,2,2,2,0,2,3,2,3
L??ED?}N`{Jg~?	13	25	21	39	975	100	9.7500	3,3,2,0,0,2,3,3,1,1,2,3,2
L??E@bo{@{XgB{	13	21	14	33	825	91	9.0659	1,2,1,2,0,2,2,2,1,1,3,3,1
L??E@_qBp{]ArW	13	23	17	34	850	104	8.1731	1,1,2,1,2,1,2,2,2,1,3,3,2
L??ED?qFqZJg~?	13	20	13	29	725	75	9.6667	1,2,2,1,0,1,3,2,2,2,1,1,2
L??ED?ZxH{Jg~?	13	20	13	28	700	75	9.3333	1,2,2,1,0,0,2,2,1,2,3,3,1
L??E@_qBp{]ArW	13	24	19	41	1025	101	10.1485	0,2,1,2,0,3,2,1,2,2,3,3,3
L??E@bo{@{XgB{	13	22	16	33	825	84	9.8214	2,1,2,1,0,2,2,2,0,2,3,3,2
L??ED?qFqZJg~?	13	21	14	34	850	91	9.3407	0,3,3,1,0,1,2,2,2,3,1,1,2
L??ED?ZxH{Jg~?	13	21	14	33	825	91	9.0659	0,3,3,0,1,0,3,3,2,0,2,2,2
L??E@_qBp{]ArW	13	25	21	39	975	100	9.7500	1,1,2,1,1,2,2,0,3,2,3,4,3
L??E@bo{@{XgB{	13	23	18	33	825	79	10.4430	0,3,3,0,1,1,2,2,1,1,3,3,3
L??ED?qFqZJg~?	13	22	16	38	950	84	11.3095	2,2,2,2,0,1,2,2,2,2,2,1,2
L??ED?ZxH{Jg~?	13	22	16	33	825	84	9.8214	0,3,3,0,2,0,3,3,2,0,2,2,2
L??E@_NMeIfo~?	13	20	13	29	725	75	9.6667	1,1,1,1,1,1,3,3,2,1,1,1,3
L??E@bo{@{XgB{	13	24	18	45	1125	126	8.9286	1,2,1,2,1,2,3,3,1,2,3,3,0
L??ED?ZxH{Jg~?	13	23	17	36	900	104	8.6538	1,3,2,0,2,0,2,3,1,2,3,3,1
L??ED?qFqZJg~?	13	23	18	38	950	79	12.0253	2,2,2,2,0,1,2,3,2,2,2,1,2
L??E@bo{@{XgB{	13	25	21	39	975	100	9.7500	1,2,2,2,1,2,3,2,0,2,3,3,2
L??E@_NMeIfo~?	13	21	14	34	850	91	9.3407	1,1,0,2,1,1,3,3,2,1,2,1,3
L??E@_qBuZ^_~?	13	20	12	27	675	100	6.7500	0,2,1,2,1,2,3,2,1,2,2,1,1
L??ED?qFqZJg~?	13	24	19	43	1075	101	10.6436	3,1,1,2,0,2,2,2,3,2,3,0,3
L??E@_NMeIfo~?	13	22	16	32	800	84	9.5238	2,1,1,2,1,1,2,2,3,2,2,0,3
L??ED?ZxH{Jg~?	13	24	19	44	1100	101	10.8911	0,3,3,0,1,1,3,3,2,1,3,3,1
L??E@_qBuZ^_~?	13	21	14	33	825	91	9.0659	0,2,1,2,0,2,3,2,2,3,1,2,1
L??ED?ZxH{Jg~?	13	25	20	47	1175	125	9.4000	1,3,3,1,1,1,3,3,1,2,3,3,0
L??E@_NMeIfo~?	13	23	17	36	900	104	8.6538	2,1,0,3,1,1,2,3,3,1,2,2,2
L??ED?qFqZJg~?	13	25	21	41	1025	100	10.2500	2,2,3,1,1,1,3,2,3,2,1,1,3
*** psi >= 1/25 : L??EFB_KeW~_Fw Q=20 bip=16 dist=0 w=3,1,0,2,0,2,2,1,1,0,0,4,4
*** psi >= 1/25 : L??EFB_KeW~_Fw Q=20 bip=16 dist=0 w=3,1,0,3,0,1,2,1,1,0,0,4,4
*** psi >= 1/25 : L??EFB_KeW~_Fw Q=20 bip=16 dist=0 w=3,1,0,2,0,2,2,1,1,0,0,4,4
L??E@_qBuZ^_~?	13	22	15	32	800	109	7.3394	1,2,1,2,1,2,3,2,2,3,1,1,1
L??EFB_KeW~_Fw	13	20	13	25	625	75	8.3333	0,1,2,1,1,1,1,0,3,3,2,3,2
L??E@_NMeIfo~?	13	24	19	44	1100	101	10.8911	1,2,0,3,1,1,3,3,3,1,2,1,3
L??ED?}VVw^_~?	13	20	12	27	675	100	6.7500	1,2,2,0,1,2,3,3,2,2,0,1,1
L??EFB_KeW~_Fw	13	21	15	24	600	66	9.0909	0,2,2,1,1,2,1,2,1,2,2,2,3
L??E@_qBuZ^_~?	13	23	18	33	825	79	10.4430	1,1,2,1,0,2,3,2,2,3,3,2,1
L??ED?}VVw^_~?	13	21	14	33	825	91	9.0659	2,2,2,0,0,2,3,3,3,3,0,0,1
L??EFB_KeW~_Fw	13	22	16	33	825	84	9.8214	1,1,2,2,2,0,0,1,2,3,3,2,3
L??E@_NMeIfo~?	13	25	21	45	1125	100	11.2500	3,0,1,2,1,1,3,3,3,1,3,1,3
L??E@_qBuZ^_~?	13	24	18	45	1125	126	8.9286	1,2,1,2,1,2,3,3,3,3,0,2,1
L??E@_NBp{Xg~?	13	20	12	27	675	100	6.7500	1,2,1,2,0,2,2,2,2,1,2,2,1
L??EFB_KeW~_Fw	13	23	17	32	800	104	7.6923	2,1,2,1,3,0,1,0,3,3,2,2,3
L??ED?}VVw^_~?	13	22	16	33	825	84	9.8214	2,2,2,0,0,2,3,3,3,3,0,1,1
L??E@_qBuZ^_~?	13	25	21	39	975	100	9.7500	1,2,2,2,1,2,3,2,2,3,2,2,1
L??E@_NBp{Xg~?	13	21	14	33	825	91	9.0659	1,2,2,1,0,1,3,3,1,1,2,2,2
L??ED?}VVw^_~?	13	23	18	33	825	79	10.4430	2,2,2,1,1,0,3,3,3,3,0,0,3
L??EFB_KeW~_Fw	13	24	19	41	1025	101	10.1485	0,2,3,1,2,1,2,0,3,3,2,2,3
L??E@_NMeI}C~?	13	20	13	27	675	75	9.0000	0,2,0,2,2,1,2,2,3,1,2,1,2
L??E@_NBp{Xg~?	13	22	16	33	825	84	9.8214	0,3,0,3,1,1,3,3,0,2,2,2,2
L??EFB_KeW~_Fw	13	25	20	45	1125	125	9.0000	0,3,3,2,2,1,1,1,2,3,3,1,3
L??ED?}VVw^_~?	13	24	18	45	1125	126	8.9286	3,3,3,0,1,2,3,3,3,3,0,0,0
L??E@_NMeI}C~?	13	21	15	24	600	66	9.0909	1,1,2,0,0,3,3,1,3,2,2,1,2
L??E@_NBp{Xg~?	13	23	17	36	900	104	8.6538	2,1,1,2,0,1,3,3,0,3,2,3,2
L??EFBOFp\^_~?	13	20	13	25	625	75	8.3333	0,1,2,2,0,1,1,2,3,3,2,1,2
L??E@_NMeI}C~?	13	22	16	36	900	84	10.7143	0,2,0,2,2,2,2,2,2,2,2,2,2
L??ED?}VVw^_~?	13	25	21	39	975	100	9.7500	2,2,3,0,1,2,4,3,3,3,0,1,1
L??EFBOFp\^_~?	13	21	15	24	600	66	9.0909	0,2,2,3,0,1,1,3,2,3,2,1,1
L??E@_NBp{Xg~?	13	24	18	45	1125	126	8.9286	1,2,1,2,0,0,3,3,1,2,3,3,3
L??E@_NMeI}C~?	13	23	17	38	950	104	9.1346	1,2,1,2,1,2,2,2,3,2,2,1,2
L??EFBOFp\^_~?	13	22	16	33	825	84	9.8214	0,2,2,2,1,1,0,3,3,3,3,1,1
L??ED?^Fp{Jg~?	13	20	13	25	625	75	8.3333	1,3,2,0,1,2,2,3,1,0,2,2,1
L??E@_NBp{Xg~?	13	25	21	39	975	100	9.7500	0,3,1,3,1,1,3,3,1,2,2,3,2
L??EFBOFp\^_~?	13	23	18	33	825	79	10.4430	1,2,3,3,0,0,2,2,2,3,3,2,0
L??E@_NMeI}C~?	13	24	19	43	1075	101	10.6436	1,1,1,2,1,3,2,1,3,3,2,2,2
L??EDaoRX{Fo~?	13	20	12	27	675	100	6.7500	1,2,0,2,1,2,3,2,1,2,1,1,2
L??ED?^Fp{Jg~?	13	21	14	33	825	91	9.0659	0,3,3,0,0,1,3,3,0,2,2,2,2
L??EFBOFp\^_~?	13	24	19	41	1025	101	10.1485	0,2,3,2,0,2,1,3,3,3,3,1,1
L??ED?^Fp{Jg~?	13	22	16	33	825	84	9.8214	0,3,3,0,1,1,3,3,0,2,2,2,2
L??EDaoRX{Fo~?	13	21	14	33	825	91	9.0659	2,2,0,2,0,2,3,2,1,3,2,1,1
L??E@_NMeI}C~?	13	25	21	43	1075	100	10.7500	0,2,3,0,1,2,3,2,3,2,3,1,3
L??EFBOFp\^_~?	13	25	21	39	975	100	9.7500	0,2,4,3,0,0,3,2,3,3,3,0,2
L??ED?^Fp{Jg~?	13	23	18	33	825	79	10.4430	0,3,3,1,0,2,3,3,0,2,2,2,2
L??EDaoRX{Fo~?	13	22	16	33	825	84	9.8214	2,2,0,2,1,1,3,2,1,3,1,2,2
L??E@_N{H{Xg~?	13	20	13	25	625	75	8.3333	2,0,1,2,2,1,3,2,1,1,2,2,1
L??EF?}Fp{^_~?	13	20	12	19	475	100	4.7500	1,2,2,0,1,2,2,3,2,2,1,1,1
L??EDaoRX{Fo~?	13	23	18	33	825	79	10.4430	2,2,2,0,1,1,3,0,3,3,2,1,3
L??EF?}Fp{^_~?	13	21	12	19	475	141	3.3688	0,2,3,0,2,1,3,3,0,2,2,2,1
L??E@_N{H{Xg~?	13	21	15	24	600	66	9.0909	0,3,2,0,0,2,3,2,2,1,2,3,1
L??ED?^Fp{Jg~?	13	24	19	41	1025	101	10.1485	1,3,3,0,0,2,3,3,0,2,3,2,2
L??EF?}Fp{^_~?	13	22	15	19	475	109	4.3578	0,3,2,0,1,2,3,3,1,2,2,3,0
L??EDaoRX{Fo~?	13	24	18	45	1125	126	8.9286	3,3,1,2,1,2,3,1,2,3,2,1,0
L??EF?}Fp{^_~?	13	23	15	24	600	154	3.8961	1,2,3,0,2,2,3,3,2,2,1,1,1
L??E@_N{H{Xg~?	13	22	16	32	800	84	9.5238	1,2,1,2,0,2,2,3,2,1,3,2,1
L??ED?^Fp{Jg~?	13	25	21	39	975	100	9.7500	0,4,3,0,0,2,3,3,1,2,3,2,2
L??EF?}Fp{^_~?	13	24	18	27	675	126	5.3571	1,2,3,0,2,1,3,3,1,3,2,0,3
L??EDaoRX{Fo~?	13	25	21	39	975	100	9.7500	2,3,0,2,0,3,3,4,0,3,2,1,2
L??EF?}Fp{^_~?	13	25	18	26	650	175	3.7143	3,0,2,0,0,2,2,3,3,4,2,2,2
L??EFBOFo}Ds~?	13	20	12	29	725	100	7.2500	0,2,2,2,0,1,1,2,2,0,3,3,2
L??E@_N{H{Xg~?	13	23	17	36	900	104	8.6538	1,2,3,0,1,0,3,3,3,0,3,2,2
L??E@_qBp{Xk~?	13	20	13	25	625	75	8.3333	1,2,1,2,1,2,2,2,1,2,1,1,2
L??E@_qBp{Xk~?	13	21	14	33	825	91	9.0659	0,3,3,0,0,1,3,3,0,2,2,2,2
L??EFBOFo}Ds~?	13	21	14	33	825	91	9.0659	1,1,2,2,0,2,0,3,3,0,3,3,1
L??E@_N{H{Xg~?	13	24	19	41	1025	101	10.1485	1,2,1,2,0,2,3,2,2,2,3,3,1
L??EDaKRR`Fo~?	13	20	12	40	1000	100	10.0000	2,2,1,1,0,2,2,2,2,2,2,2,0
L??E@_qBp{Xk~?	13	22	16	33	825	84	9.8214	2,0,0,3,0,2,3,2,2,3,0,2,3
L??EFBOFo}Ds~?	13	22	16	33	825	84	9.8214	2,0,3,3,0,0,2,2,2,0,3,3,2
L??E@_N{H{Xg~?	13	25	21	39	975	100	9.7500	1,2,2,1,2,0,3,4,2,0,3,2,3
L??E@_qBp{Xk~?	13	23	17	34	850	104	8.1731	0,3,3,0,2,0,2,3,2,2,2,1,3
L??EDaKRR`Fo~?	13	21	14	33	825	91	9.0659	2,2,0,2,0,2,3,3,0,3,0,3,1
L??EDaoRYZFo~?	13	20	12	27	675	100	6.7500	1,2,0,2,1,2,3,2,1,1,1,2,2
L??EFBOFo}Ds~?	13	23	17	36	900	104	8.6538	3,0,2,3,1,1,0,3,3,3,0,3,1
L??E@_qBp{Xk~?	13	24	19	41	1025	101	10.1485	0,3,3,0,2,0,3,2,2,3,1,2,3
L??EDaoRYZFo~?	13	21	14	33	825	91	9.0659	2,2,0,2,0,2,3,2,1,2,1,3,1
L??EFBOFo}Ds~?	13	24	19	41	1025	101	10.1485	0,2,3,2,0,2,1,3,3,1,2,3,2
L??EDaKRR`Fo~?	13	22	14	42	1050	134	7.8358	1,3,1,2,1,1,2,2,1,3,2,3,0
L??E@_qBp{Xk~?	13	25	21	39	975	100	9.7500	2,0,1,2,0,3,4,3,2,3,0,2,3
L??EDaoRYZFo~?	13	22	16	33	825	84	9.8214	2,2,0,2,0,2,3,2,1,1,2,3,2
L??EFBOFo}Ds~?	13	25	21	39	975	100	9.7500	0,2,4,3,0,0,3,2,3,2,1,3,2
L??E@_NMeI~_~?	13	20	13	25	625	75	8.3333	1,1,1,1,1,1,3,2,2,1,3,1,2
L??EDaoRYZFo~?	13	23	18	33	825	79	10.4430	2,2,0,2,0,2,3,2,1,0,3,3,3
L??EDaKRR`Fo~?	13	23	16	40	1000	129	7.7519	2,1,2,1,1,2,2,2,3,1,3,3,0
L??EF?}Fvw^_~?	13	20	12	19	475	100	4.7500	0,2,3,0,0,2,3,2,2,3,1,1,1
L??E@_NMeI~_~?	13	21	14	33	825	91	9.0659	1,1,0,3,0,2,3,2,3,2,1,2,1
L??EF?}Fvw^_~?	13	21	12	19	475	141	3.3688	0,2,2,0,1,2,3,3,3,2,1,1,1
L??EDaoRYZFo~?	13	24	18	45	1125	126	8.9286	3,3,1,2,1,2,3,1,2,1,2,3,0
L??EF?}Fvw^_~?	13	22	15	19	475	109	4.3578	2,1,2,0,1,2,2,3,3,3,0,1,2
L??EDaKRR`Fo~?	13	24	18	47	1175	126	9.3254	2,2,3,0,1,2,0,3,3,3,3,2,0
L??E@_NMeI~_~?	13	22	16	33	825	84	9.8214	1,1,0,3,0,2,3,2,3,2,2,1,2
L??EDaoRYZFo~?	13	25	21	39	975	100	9.7500	2,3,1,1,0,3,3,3,1,0,3,3,2
L??EF?}Fvw^_~?	13	23	15	24	600	154	3.8961	1,2,2,0,1,2,3,4,3,2,1,1,1
L??E@_NMeI~_~?	13	23	17	36	900	104	8.6538	1,2,1,1,3,0,3,3,3,1,2,2,1
L??EDaKRR`FoN_	13	20	12	29	725	100	7.2500	2,2,0,1,1,2,2,2,2,3,1,1,1
L??EF?}Fvw^_~?	13	24	18	27	675	126	5.3571	1,2,3,0,1,2,3,3,3,3,1,1,1
L??E@_NMeI~_~?	13	24	19	41	1025	101	10.1485	3,0,0,2,2,1,3,3,3,2,2,3,0
L??EDaKRR`Fo~?	13	25	19	54	1350	150	9.0000	2,3,1,1,3,0,2,2,3,3,3,2,0
L??EF?}Fvw^_~?	13	25	18	27	675	175	3.8571	2,1,3,0,2,1,3,3,3,3,0,3,1
L??ED`LN`{^_~?	13	20	12	27	675	100	6.7500	1,2,0,2,1,2,3,3,2,1,1,1,1
L??E@_NMeI~_~?	13	25	21	39	975	100	9.7500	2,1,2,1,0,2,3,2,4,3,2,1,2
L??EDaKRR`FoN_	13	21	12	40	1000	141	7.0922	2,2,0,2,0,2,3,2,2,2,2,1,1
L??E@_KBpdWK~?	13	20	12	40	1000	100	10.0000	1,1,1,1,1,1,2,2,2,2,2,2,2
L??ED`LN`{^_~?	13	21	14	33	825	91	9.0659	2,2,0,2,0,2,3,3,3,2,1,0,1
L??E@_NNeY^_~?	13	20	12	27	675	100	6.7500	1,2,1,2,0,2,2,2,3,2,2,0,1
L??EDaKRR`FoN_	13	22	14	42	1050	134	7.8358	1,2,1,2,1,2,1,2,2,3,3,2,0
L??ED`LN`{^_~?	13	22	16	33	825	84	9.8214	2,2,1,1,2,0,3,3,3,1,2,0,2
L??E@_NNeY^_~?	13	21	14	33	825	91	9.0659	1,2,3,0,0,1,3,3,2,2,2,0,2
L??E@_KBpdWK~?	13	21	12	40	1000	141	7.0922	0,2,0,2,1,2,2,2,2,2,2,2,2
L??ED`LN`{^_~?	13	23	18	33	825	79	10.4430	2,2,2,0,1,1,3,3,3,0,3,2,1
L??E@_NNeY^_~?	13	22	16	33	825	84	9.8214	2,1,1,2,1,1,3,3,2,2,2,0,2
L??EDaKRR`FoN_	13	23	16	40	1000	129	7.7519	3,1,0,2,2,1,3,2,3,2,1,3,0
L??ED`LN`{^_~?	13	24	18	45	1125	126	8.9286	3,3,1,2,1,2,3,3,3,1,2,0,0
L??E@_NNeY^_~?	13	23	18	33	825	79	10.4430	2,1,1,2,0,3,3,3,2,2,2,0,2
L??E@_KBpdWK~?	13	22	14	42	1050	134	7.8358	1,2,1,2,0,1,3,3,1,2,2,2,2
L??ED`LN`{^_~?	13	25	21	39	975	100	9.7500	2,2,1,2,1,2,4,3,3,1,2,1,1
L??E@_NNeY^_~?	13	24	18	45	1125	126	8.9286	1,2,1,2,0,0,3,3,3,3,3,2,1
L??EDaKRR`FoN_	13	24	18	47	1175	126	9.3254	3,0,1,2,2,1,2,3,3,2,2,2,1
L??E@_KBpdWK~?	13	23	16	40	1000	129	7.7519	0,1,2,1,2,1,2,3,2,3,2,1,3
L??E@f_N_|Xg~?	13	20	13	29	725	75	9.6667	0,1,2,1,1,2,1,3,3,1,2,2,1
L??E@_NNeY^_~?	13	25	21	39	975	100	9.7500	1,2,2,2,0,2,3,3,3,2,3,1,1
L??EDaKRR`FoN_	13	25	18	55	1375	175	7.8571	1,3,0,3,2,1,2,2,2,3,3,2,1
L??EDaoRX{^_~?	13	20	12	27	675	100	6.7500	1,2,0,2,1,2,3,2,1,2,2,1,1
L??E@f_N_|Xg~?	13	21	14	34	850	91	9.3407	0,2,3,1,2,0,1,2,2,1,3,3,1
L??E@_KBpdWK~?	13	24	18	47	1175	126	9.3254	0,3,1,1,2,1,3,0,3,2,3,2,3
L??ED`LN`{Fo~?	13	20	12	27	675	100	6.7500	2,1,2,1,1,1,3,2,3,1,1,0,2
L??EDaoRX{^_~?	13	21	14	33	825	91	9.0659	2,2,0,2,0,2,3,2,1,3,3,0,1
L??E@f_N_|Xg~?	13	22	16	33	825	84	9.8214	2,0,3,0,1,2,2,3,2,0,3,2,2
L??EDaoRX{^_~?	13	22	16	33	825	84	9.8214	2,2,0,2,2,0,3,2,1,3,3,0,2
L??ED`LN`{Fo~?	13	21	14	33	825	91	9.0659	2,2,0,2,0,2,3,3,3,1,1,1,1
L??E@f_N_|Xg~?	13	23	18	33	825	79	10.4430	0,2,3,0,0,3,3,2,3,2,2,3,0
L??EDaoRX{^_~?	13	23	17	36	900	104	8.6538	2,2,2,1,0,3,3,2,1,3,3,0,1
L??E@_KBpdWK~?	13	25	19	54	1350	150	9.0000	0,3,0,2,0,3,3,2,2,3,2,2,3
L??ED`LN`{Fo~?	13	22	16	33	825	84	9.8214	2,2,0,2,1,1,3,3,3,0,3,0,2
L??E@_qBuZXk~?	13	20	12	27	675	100	6.7500	0,2,1,2,1,2,3,2,1,2,1,1,2
L??E@f_N_|Xg~?	13	24	18	45	1125	126	8.9286	1,2,3,1,1,2,0,3,3,2,3,3,0
L??EDaoRX{^_~?	13	24	18	45	1125	126	8.9286	3,3,1,2,0,3,3,2,1,3,3,0,0
L??ED`LN`{Fo~?	13	23	17	36	900	104	8.6538	2,2,1,2,1,2,3,3,3,1,1,1,1
L??EDaoRX{^_~?	13	25	21	39	975	100	9.7500	2,3,0,2,1,2,3,2,2,3,3,1,1
L??E@_qBuZXk~?	13	21	14	33	825	91	9.0659	1,1,3,0,0,2,3,2,2,3,1,0,3
L??ED`LN`{Fo~?	13	24	18	45	1125	126	8.9286	3,3,1,2,1,2,3,3,3,0,2,1,0
L??E@f_N_|Xg~?	13	25	21	45	1125	100	11.2500	1,2,3,1,1,2,1,3,3,1,3,3,1
L??E@_qBuZXk~?	13	22	16	33	825	84	9.8214	2,0,3,0,0,2,3,2,2,3,1,1,3
L??ED`LN`{Fo~?	13	25	21	39	975	100	9.7500	3,2,2,1,1,1,3,3,4,0,1,2,2
L??E@egTH{Xg~?	13	20	13	32	800	75	10.6667	1,2,1,2,2,0,2,2,2,3,1,1,1
L??E@_qBuZXk~?	13	23	17	36	900	104	8.6538	1,2,1,2,1,2,3,2,2,3,0,1,3
L??EDagRQhFo~?	13	20	12	40	1000	100	10.0000	2,2,0,2,2,0,2,2,2,2,2,2,0
L??E@f_rUYBs~?	13	20	13	25	625	75	8.3333	2,1,2,1,3,0,1,3,2,1,1,2,1
L??E@_qBuZXk~?	13	24	18	45	1125	126	8.9286	1,2,1,2,1,2,3,3,3,3,0,0,3
L??E@egTH{Xg~?	13	21	14	36	900	91	9.8901	1,1,1,1,1,2,2,2,3,2,2,2,1
L??E@f_rUYBs~?	13	21	14	32	800	91	8.7912	0,1,2,1,1,2,2,3,3,1,1,2,2
L??EDagRQhFo~?	13	21	14	33	825	91	9.0659	0,0,2,2,2,2,0,3,3,3,3,0,1
L??E@_qBuZXk~?	13	25	21	39	975	100	9.7500	1,2,2,2,1,2,3,2,2,3,0,2,3
L??E@f_rUYBs~?	13	22	15	32	800	109	7.3394	0,2,3,1,1,2,2,3,3,1,1,2,1
L??E@egTH{Xg~?	13	22	16	31	775	84	9.2262	2,1,2,1,0,1,2,2,3,2,2,2,2
L??E@_NN`{Xg~?	13	20	12	27	675	100	6.7500	1,2,1,2,0,2,2,2,3,1,1,2,1
L??E@f_rUYBs~?	13	23	17	36	900	104	8.6538	1,2,2,2,1,2,0,3,3,2,1,3,1
L??EDagRQhFo~?	13	22	16	33	825	84	9.8214	2,1,0,2,2,1,0,3,3,3,3,0,2
L??E@_NN`{Xg~?	13	21	14	33	825	91	9.0659	2,1,1,2,0,1,3,3,2,2,0,2,2
L??E@egTH{Xg~?	13	23	17	41	1025	104	9.8558	2,1,2,1,1,1,2,2,3,3,2,2,1
L??E@_NN`{Xg~?	13	22	15	32	800	109	7.3394	3,0,0,3,0,1,2,3,3,1,2,2,2
L??E@f_rUYBs~?	13	24	19	41	1025	101	10.1485	0,2,2,2,1,2,1,3,3,1,2,3,2
L??EDagRQhFo~?	13	23	17	38	950	104	9.1346	2,0,0,2,3,1,1,3,3,2,3,2,1
L??E@_NN`{Xg~?	13	23	18	33	825	79	10.4430	2,1,0,3,1,2,3,3,2,0,2,2,2
L??E@egTH{Xg~?	13	24	19	46	1150	101	11.3861	1,2,1,2,2,1,2,2,3,3,2,2,1
L??E@f_rUYBs~?	13	25	21	39	975	100	9.7500	0,2,2,3,2,1,0,3,4,2,1,3,2
L??E@cypX{Xg~?	13	20	12	19	475	100	4.7500	0,3,0,3,0,2,2,2,0,1,3,2,2
L??E@_NN`{Xg~?	13	24	18	45	1125	126	8.9286	1,2,1,2,0,0,3,3,3,1,2,3,3
L??E@egTH{Xg~?	13	25	21	51	1275	100	12.7500	2,2,2,2,1,1,2,2,3,3,2,2,1
L??E@cypX{Xg~?	13	21	13	20	500	116	4.3103	1,2,1,2,1,2,2,2,1,1,2,2,2
L??EDagRQhFo~?	13	24	18	45	1125	126	8.9286	3,3,0,1,3,1,3,0,3,1,3,3,0
L??E@c}rVw^_~?	13	20	12	19	475	100	4.7500	0,2,0,2,1,2,3,3,2,2,1,1,1
L??E@cypX{Xg~?	13	22	15	19	475	109	4.3578	0,3,0,0,3,3,2,0,3,3,3,2,0
L??E@_NN`{Xg~?	13	25	21	39	975	100	9.7500	1,2,2,2,0,2,3,3,3,0,2,3,2
L??E@c}rVw^_~?	13	21	12	19	475	141	3.3688	0,3,1,2,1,2,3,3,2,2,1,0,1
L??E@cypX{Xg~?	13	23	16	24	600	129	4.6512	0,2,0,2,2,2,2,2,2,2,2,2,3
L??E@c}rVw^_~?	13	22	15	19	475	109	4.3578	1,2,1,2,1,2,3,3,2,2,1,1,1
L??EDb_RO|Fo~?	13	20	13	32	800	75	10.6667	1,2,2,1,1,1,2,2,1,3,2,1,1
L??E@cypX{Xg~?	13	24	18	26	650	126	5.1587	1,2,1,2,2,2,2,2,2,2,2,2,2
L??E@c}rVw^_~?	13	23	15	24	600	154	3.8961	1,2,1,2,2,2,3,3,2,2,1,1,1
L??EDagRQhFo~?	13	25	19	51	1275	150	8.5000	2,2,0,3,1,1,3,3,2,3,2,2,1
L??E@cypX{Xg~?	13	25	19	28	700	150	4.6667	1,2,3,0,2,2,3,3,1,1,2,2,3
L??EDb_RO|Fo~?	13	21	14	33	825	91	9.0659	2,2,1,2,0,2,2,2,1,3,2,1,1
L??E@c}rVw^_~?	13	24	18	27	675	126	5.3571	1,2,1,2,1,2,3,3,3,3,1,1,1
L??ED`LNfw^_~?	13	20	12	27	675	100	6.7500	1,2,0,2,1,2,3,3,2,2,0,1,1
*** psi >= 1/25 : L??FFB_~?~^_Fw Q=20 bip=16 dist=0 w=0,3,1,1,2,1,0,2,2,1,3,3,1
*** psi >= 1/25 : L??FFB_~?~^_Fw Q=20 bip=16 dist=0 w=0,3,1,1,2,1,0,2,2,1,2,3,2
*** psi >= 1/25 : L??FFB_~?~^_Fw Q=20 bip=16 dist=0 w=1,2,1,1,2,1,0,2,2,1,3,3,1
*** psi >= 1/25 : L??FFB_~?~^_Fw Q=20 bip=16 dist=0 w=1,2,1,1,2,1,0,2,2,1,2,3,2
*** psi >= 1/25 : L??FFB_~?~^_Fw Q=20 bip=16 dist=0 w=1,3,0,1,2,1,0,2,2,1,3,3,1
*** psi >= 1/25 : L??FFB_~?~^_Fw Q=20 bip=16 dist=0 w=1,3,0,1,2,1,0,2,2,1,2,3,2
L??E@c}rVw^_~?	13	25	18	26	650	175	3.7143	2,2,2,2,3,2,3,3,2,2,0,1,1
L??ED`LNfw^_~?	13	21	14	33	825	91	9.0659	2,2,0,2,0,2,3,3,3,3,0,0,1
L??EDb_RO|Fo~?	13	22	16	33	825	84	9.8214	2,2,0,2,1,1,3,3,0,3,1,2,2
L??ED`LNfw^_~?	13	22	16	33	825	84	9.8214	2,2,0,2,0,2,3,3,3,3,0,1,1
L??FEagF`YIc~?	13	20	12	32	800	100	8.0000	0,1,1,1,1,2,2,2,2,2,2,2,2
L??FCo]XVw^_~?	13	20	12	27	675	100	6.7500	2,0,1,1,2,2,3,2,2,3,0,1,1
L??EDb_RO|Fo~?	13	23	18	33	825	79	10.4430	2,2,0,2,0,2,3,3,0,3,1,2,3
L??FCo]XVw^_~?	13	21	14	33	825	91	9.0659	2,0,2,0,2,2,3,3,3,3,0,0,1
L??ED`LNfw^_~?	13	23	18	33	825	79	10.4430	2,2,1,1,0,2,3,3,3,3,0,0,3
L??FEagF`YIc~?	13	21	14	32	800	91	8.7912	1,1,1,1,1,1,2,2,2,2,3,2,2
L??FCo]XVw^_~?	13	22	16	33	825	84	9.8214	2,0,2,0,2,2,3,3,3,3,0,1,1
L??EDb_RO|Fo~?	13	24	19	41	1025	101	10.1485	1,2,1,2,1,2,2,3,2,3,2,1,2
L??ED`LNfw^_~?	13	24	18	45	1125	126	8.9286	3,3,1,2,1,2,3,3,3,3,0,0,0
L??FCo]XVw^_~?	13	23	17	36	900	104	8.6538	3,0,2,2,1,2,3,3,3,3,0,0,1
L??FEagF`YIc~?	13	22	15	34	850	109	7.7982	3,3,0,0,2,2,3,0,3,2,1,3,0
L??ED`LNfw^_~?	13	25	21	39	975	100	9.7500	2,2,1,2,1,2,4,3,3,3,0,1,1
L??EDb_RO|Fo~?	13	25	20	50	1250	125	10.0000	2,2,2,2,0,2,2,2,2,4,2,2,1
L??FCo]XVw^_~?	13	24	18	45	1125	126	8.9286	3,1,2,1,2,3,3,3,3,3,0,0,0
L??EDaoByZFo~?	13	20	13	25	625	75	8.3333	1,2,0,2,1,0,3,1,1,1,3,2,3
L??FEagF`YIc~?	13	23	18	33	825	79	10.4430	2,0,2,2,0,2,3,3,0,3,3,0,3
L??E@f_k?|Hi~?	13	20	13	28	700	75	9.3333	1,2,1,2,1,1,1,1,2,2,2,2,2
L??EDaoByZFo~?	13	21	15	24	600	66	9.0909	1,2,1,2,0,2,2,2,1,1,3,2,2
L??FCo]XVw^_~?	13	25	21	39	975	100	9.7500	2,1,2,2,0,3,3,4,3,3,0,0,2
L??EDaoByZFo~?	13	22	16	32	800	84	9.5238	1,3,1,1,0,2,3,1,2,1,2,3,2
L??E@f_k?|Hi~?	13	21	15	27	675	66	10.2273	1,1,1,2,0,3,2,1,1,2,2,3,2
L??FEagF`YIc~?	13	24	18	43	1075	126	8.5317	2,1,3,2,0,2,3,3,0,3,3,1,1
L?AA@B_NayRWFw	13	20	12	40	1000	100	10.0000	2,2,2,0,0,2,2,2,2,2,2,2,0
L??EDaoByZFo~?	13	23	17	36	900	104	8.6538	0,3,2,1,1,0,3,2,1,3,2,3,2
L??E@f_k?|Hi~?	13	22	16	33	825	84	9.8214	0,2,3,0,0,3,2,3,2,0,3,2,2
L??EDaoByZFo~?	13	24	19	41	1025	101	10.1485	2,2,1,2,0,2,3,1,2,1,3,3,2
L?AA@B_NayRWFw	13	21	14	33	825	91	9.0659	3,0,3,0,2,2,0,2,2,3,0,3,1
L??E@f_k?|Hi~?	13	23	17	39	975	104	9.3750	2,1,1,2,2,1,1,2,2,1,3,3,2
L??FEagF`YIc~?	13	25	19	51	1275	150	8.5000	2,0,1,3,2,1,3,3,2,3,3,1,1
L??EDaoByZFo~?	13	25	21	39	975	100	9.7500	3,3,1,1,1,1,3,3,0,0,3,4,2
L??E@f_k?|Hi~?	13	24	19	42	1050	101	10.3960	2,2,1,3,1,2,1,1,2,2,3,3,1
L?AA@BoNayRWBw	13	20	13	29	725	75	9.6667	0,2,3,1,1,0,3,2,1,2,3,1,1
L?AA@B_NayRWFw	13	22	16	33	825	84	9.8214	3,0,3,0,1,2,1,2,2,3,0,3,2
L??E@f_k?|Hi~?	13	25	20	46	1150	125	9.2000	2,1,1,2,0,3,3,2,1,2,3,3,2
L??EDaKRR`FoKk	13	20	12	40	1000	100	10.0000	2,2,0,2,0,2,2,2,2,2,2,2,0
L??E@fo{@{XgBk	13	20	12	27	675	100	6.7500	1,2,1,2,1,2,2,2,1,1,1,2,2
L?AA@BoNayRWBw	13	21	14	35	875	91	9.6154	2,0,3,1,0,3,1,2,2,2,1,3,1
L?AA@B_NayRWFw	13	23	16	46	1150	129	8.9147	3,2,3,0,1,2,1,2,2,2,2,2,1
L??E@fo{@{XgBk	13	21	14	33	825	91	9.0659	0,2,1,2,1,2,1,2,1,2,2,3,2
L??EDaKRR`FoKk	13	21	14	33	825	91	9.0659	3,0,0,2,0,3,2,3,2,2,0,3,1
L?AA@BoNayRWBw	13	22	16	33	825	84	9.8214	0,3,3,0,2,0,2,2,2,3,3,0,2
L??E@fo{@{XgBk	13	22	16	33	825	84	9.8214	0,2,0,3,0,3,2,2,0,3,2,3,2
L??EDaKRR`FoKk	13	22	14	42	1050	134	7.8358	2,3,1,0,0,3,3,1,3,2,2,2,0
L??E@fo{@{XgBk	13	23	16	36	900	129	6.9767	2,1,0,3,2,2,2,2,2,1,2,2,2
L?AA@B_NayRWFw	13	24	18	47	1175	126	9.3254	0,3,3,0,0,2,3,3,2,3,3,2,0
L?AA@BoNayRWBw	13	23	16	46	1150	129	8.9147	2,3,2,1,0,2,2,2,2,2,2,2,1
L??EDaKRR`FoKk	13	23	17	36	900	104	8.6538	0,3,0,3,2,1,3,0,2,2,3,3,1
L??E@fo{@{XgBk	13	24	18	45	1125	126	8.9286	1,2,1,2,1,2,0,3,1,2,3,3,3
L??E@fo{@{XgBk	13	25	21	39	975	100	9.7500	1,2,1,2,2,2,2,3,1,2,2,3,2
L?AA@B_NayRWFw	13	25	21	39	975	100	9.7500	0,4,3,0,3,0,2,3,2,3,3,0,2
L??E@c}NeYXg~?	13	20	12	19	475	100	4.7500	1,2,1,2,0,2,2,2,2,1,2,1,2
L?AA@BoNayRWBw	13	24	17	52	1300	151	8.6093	3,3,3,0,1,1,2,2,2,2,2,2,1
L??EDaKRR`FoKk	13	24	18	47	1175	126	9.3254	2,3,0,2,1,2,3,0,3,2,3,3,0
L??E@c}NeYXg~?	13	21	12	19	475	141	3.3688	1,2,0,2,2,1,2,3,1,2,1,1,3
L?AADBoVTsFoBw	13	20	13	32	800	75	10.6667	1,3,2,0,1,2,2,1,2,2,2,1,1
L??E@c}NeYXg~?	13	22	15	19	475	109	4.3578	2,1,2,1,1,2,3,2,1,2,0,3,2
L?AADBoVTsFoBw	13	21	15	27	675	66	10.2273	1,3,1,1,0,1,2,2,2,3,1,2,2
L??E@c}NeYXg~?	13	23	15	24	600	154	3.8961	1,2,2,2,1,2,3,2,1,2,2,1,2
L?AA@BoNayRWBw	13	25	21	45	1125	100	11.2500	3,3,0,1,1,3,3,0,3,1,3,3,1
L??EDaKRR`FoKk	13	25	21	39	975	100	9.7500	3,4,1,2,0,0,2,3,3,2,3,0,2
L??E@c}NeYXg~?	13	24	16	28	700	176	3.9773	2,2,2,2,0,2,2,2,2,2,3,1,2
L??EFbo{@{@}~?	13	20	12	19	475	100	4.7500	1,2,0,2,1,2,2,1,1,1,3,2,2
L?AADBoVTsFoBw	13	22	16	33	825	84	9.8214	1,3,2,1,1,2,3,1,2,2,2,1,1
L??E@c}NeYXg~?	13	25	18	27	675	175	3.8571	2,1,1,2,0,4,3,3,0,3,2,1,3
L?AAFBO^?}VOJg	13	20	13	28	700	75	9.3333	3,3,0,1,2,2,2,0,1,2,1,2,1
L??EFbo{@{@}~?	13	21	12	19	475	141	3.3688	0,2,2,1,1,2,3,0,1,2,2,2,3
L??EFbo{@{@}~?	13	22	15	19	475	109	4.3578	1,1,2,1,2,0,3,0,2,1,3,3,3
L??FFAWXG}Bw~?	13	20	12	27	675	100	6.7500	1,2,0,1,1,3,2,1,3,2,0,2,2
L?AAFBO^?}VOJg	13	21	14	35	875	91	9.6154	3,2,1,1,0,2,3,1,1,3,2,2,0
L?AADBoVTsFoBw	13	23	17	39	975	104	9.3750	3,3,0,1,1,1,2,2,2,3,2,2,1
L??EFbo{@{@}~?	13	23	15	24	600	154	3.8961	2,1,0,2,0,3,3,0,2,2,3,2,3
L??FFAWXG}Bw~?	13	21	14	33	825	91	9.0659	2,0,2,0,2,2,1,2,3,3,2,1,1
L?AADBoVTsFoBw	13	24	19	43	1075	101	10.6436	0,3,3,1,0,2,3,2,2,3,1,2,2
L??EFbo{@{@}~?	13	24	18	27	675	126	5.3571	3,0,1,2,3,0,3,0,1,2,3,3,3
L?AAFBO^?}VOJg	13	22	15	33	825	109	7.5688	2,3,1,0,0,3,2,1,1,3,2,3,1
L??EFbo{@{@}~?	13	25	18	27	675	175	3.8571	2,1,1,2,1,2,3,0,1,3,3,3,3
L??FFAWXG}Bw~?	13	22	16	33	825	84	9.8214	2,2,0,1,1,2,0,3,3,3,0,3,2
L?AADBoVTsFoBw	13	25	20	50	1250	125	10.0000	3,3,1,1,1,2,3,1,2,3,2,2,1
L??E@f_FmY^_~?	13	20	13	25	625	75	8.3333	1,0,2,1,2,0,1,2,2,3,3,2,1
L??FFAWXG}Bw~?	13	23	18	33	825	79	10.4430	2,1,1,0,2,2,0,3,3,3,0,3,3
L?AAFBO^?}VOJg	13	23	17	37	925	104	8.8942	1,1,3,3,0,1,1,2,3,0,3,2,3
L?AAF@S}?}TSN_	13	20	13	30	750	75	10.0000	2,2,1,2,0,2,3,1,1,2,1,2,1
L??E@f_FmY^_~?	13	21	15	24	600	66	9.0909	1,1,2,1,1,2,1,2,3,3,2,0,2
L??FFAWXG}Bw~?	13	24	18	45	1125	126	8.9286	3,1,2,1,2,3,1,2,3,3,2,1,0
L?AAFBO^?}VOJg	13	24	19	44	1100	101	10.8911	3,3,1,0,1,3,3,2,0,3,1,3,1
L?AAF@S}?}TSN_	13	21	15	26	650	66	9.8485	1,2,1,2,1,1,2,2,3,1,2,2,1
L??E@f_FmY^_~?	13	22	16	33	825	84	9.8214	0,2,3,0,1,2,2,3,2,3,2,1,1
L??FFAWXG}Bw~?	13	25	21	39	975	100	9.7500	3,1,2,0,2,2,1,2,3,3,2,2,2
L??FFbo{?{^_B{	13	20	12	19	475	100	4.7500	2,1,0,2,2,1,2,2,0,1,3,2,2
L??E@f_FmY^_~?	13	23	17	36	900	104	8.6538	0,1,3,0,3,0,3,3,3,3,2,1,1
L??FFbo{?{^_B{	13	21	12	19	475	141	3.3688	0,0,3,2,3,0,2,1,2,0,3,2,3
L?AAFBO^?}VOJg	13	25	20	49	1225	125	9.8000	1,1,3,3,1,2,0,3,3,0,3,2,3
L?AAF@S}?}TSN_	13	22	16	35	875	84	10.4167	2,3,1,1,1,2,2,1,2,2,2,2,1
L??FFbo{?{^_B{	13	22	15	19	475	109	4.3578	0,0,2,3,2,1,3,0,1,2,2,3,3
L??E@f_FmY^_~?	13	24	19	41	1025	101	10.1485	1,1,2,2,0,3,1,3,3,3,3,2,0
L?AAF?eFupN_m_	13	20	12	30	750	100	7.5000	2,0,2,0,2,0,2,2,2,3,3,1,1
L??FFbo{?{^_B{	13	23	15	24	600	154	3.8961	0,3,0,2,1,2,2,0,1,2,4,3,3
L?AAF@S}?}TSN_	13	23	17	39	975	104	9.3750	2,3,1,1,1,3,2,1,2,2,1,2,2
L??FFbo{?{^_B{	13	24	18	27	675	126	5.3571	0,0,3,3,0,3,3,1,0,2,3,3,3
L??E@f_FmY^_~?	13	25	21	39	975	100	9.7500	0,2,3,0,2,2,3,3,3,3,2,0,2
L?AAF?eFupN_m_	13	21	14	35	875	91	9.6154	0,2,2,1,2,1,1,3,3,2,2,1,1
L??E@c}NeY^_~?	13	20	12	19	475	100	4.7500	1,2,0,3,1,1,2,2,3,0,3,0,2
L??FFbo{?{^_B{	13	25	17	28	700	200	3.5000	0,3,1,3,3,1,2,0,0,3,4,2,3
L??E@c}NeY^_~?	13	21	12	19	475	141	3.3688	1,2,0,3,1,1,3,2,1,2,3,1,1
L?AAF@S}?}TSN_	13	24	19	40	1000	101	9.9010	2,3,1,2,1,2,3,1,2,2,2,2,1
L??E@c}NeY^_~?	13	22	15	19	475	109	4.3578	1,2,1,2,1,2,3,3,1,1,2,2,1
L?AAF?eFupN_m_	13	22	16	33	825	84	9.8214	2,0,3,2,1,2,0,2,3,3,2,0,2
L?AA@B_^DsZGFw	13	20	12	40	1000	100	10.0000	2,2,2,0,0,2,2,2,0,2,2,2,2
L??E@c}NeY^_~?	13	23	15	24	600	154	3.8961	1,2,2,2,1,2,3,2,1,2,3,1,1
L?AAF@S}?}TSN_	13	25	21	43	1075	100	10.7500	1,2,2,1,0,2,3,2,3,2,2,3,2
L??E@c}NeY^_~?	13	24	18	27	675	126	5.3571	2,1,1,2,1,2,3,3,1,2,3,0,3
L?AA@B_^DsZGFw	13	21	14	35	875	91	9.6154	3,2,1,0,1,2,3,0,1,3,2,1,2
L?AAF?eFupN_m_	13	23	18	33	825	79	10.4430	2,0,2,1,1,0,2,3,3,3,3,0,3
L??E@c}NeY^_~?	13	25	18	27	675	175	3.8571	1,2,1,2,2,2,3,3,1,2,3,2,1
L?AAF?^^DsFoFo	13	20	13	29	725	75	9.6667	3,2,1,0,1,2,3,1,0,3,2,1,1
L?AA@B_^DsZGFw	13	22	14	46	1150	134	8.5821	2,2,2,0,1,2,2,2,1,2,2,2,2
L?AAF?eFupN_m_	13	24	19	41	1025	101	10.1485	0,2,3,1,2,0,2,2,3,3,3,2,1
L?AAF?^^DsFoFo	13	21	14	34	850	91	9.3407	3,2,1,0,1,2,3,2,0,3,2,1,1
L??FFAWXG}^_~?	13	20	12	27	675	100	6.7500	1,1,1,0,2,3,1,2,3,2,2,1,1
L??FFAWXG}^_~?	13	21	14	33	825	91	9.0659	2,0,2,0,2,2,1,2,3,3,3,0,1
L?AA@B_^DsZGFw	13	23	16	46	1150	129	8.9147	2,2,2,0,1,3,2,2,1,2,2,2,2
L?AAF?^^DsFoFo	13	22	16	31	775	84	9.2262	3,3,1,1,1,3,2,1,0,2,3,1,1
L?AAF?eFupN_m_	13	25	20	48	1200	125	9.6000	3,3,0,1,1,3,3,2,1,1,1,3,3
L??FFAWXG}^_~?	13	22	16	33	825	84	9.8214	2,1,1,0,2,2,1,2,3,3,3,0,2
L?AAF?^^DsFoFo	13	23	17	37	925	104	8.8942	3,3,2,0,1,2,3,1,0,3,2,1,2
L?AA@_o}@{Hkaw	13	20	12	40	1000	100	10.0000	2,2,0,2,0,2,2,1,1,2,2,2,2
L??FFAWXG}^_~?	13	23	18	33	825	79	10.4430	2,0,2,1,1,2,1,2,3,3,3,2,1
L?AA@B_^DsZGFw	13	24	18	45	1125	126	8.9286	3,3,0,3,0,3,3,0,3,3,3,0,0
L?AAF?^^DsFoFo	13	24	19	44	1100	101	10.8911	3,3,1,1,0,3,3,2,0,3,3,1,1
L?AA@_o}@{Hkaw	13	21	12	40	1000	141	7.0922	2,2,0,2,0,2,2,1,1,3,2,2,2
L??FFAWXG}^_~?	13	24	18	45	1125	126	8.9286	3,1,2,1,2,3,1,2,3,3,3,0,0
L??FFAWXG}^_~?	13	25	21	39	975	100	9.7500	3,1,1,2,1,2,1,2,3,4,3,0,2
L?AAF?^^DsFoFo	13	25	21	39	975	100	9.7500	3,4,0,0,3,3,2,2,0,3,3,0,2
L?AA@_o}@{Hkaw	13	22	14	42	1050	134	7.8358	3,2,1,1,0,2,1,0,3,3,1,3,2
L?AA@B_^DsZGFw	13	25	20	48	1200	125	9.6000	3,2,3,0,1,3,0,3,1,3,1,3,2
L?AA@bHBrwVOLg	13	20	12	40	1000	100	10.0000	2,2,0,2,0,2,2,2,2,2,2,2,0
L?AADB_VTsFoFw	13	20	13	32	800	75	10.6667	1,3,2,0,1,2,2,1,2,2,2,1,1
L??FEaKFb`Dg~?	13	20	12	40	1000	100	10.0000	2,0,2,2,1,1,2,2,2,2,2,2,0
L?AA@_o}@{Hkaw	13	23	16	42	1050	129	8.1395	3,1,1,2,1,3,1,1,2,2,2,2,2
L?AA@bHBrwVOLg	13	21	14	35	875	91	9.6154	0,3,2,1,1,1,2,2,2,3,2,1,1
L?AADB_VTsFoFw	13	21	14	34	850	91	9.3407	2,3,2,0,0,3,2,0,2,2,2,2,1
L??FEaKFb`Dg~?	13	21	13	35	875	116	7.5431	2,1,1,2,0,2,3,1,3,2,2,1,1
L?AA@_o}@{Hkaw	13	24	18	47	1175	126	9.3254	3,3,1,1,0,3,3,0,0,3,3,2,2
L?AA@bHBrwVOLg	13	22	16	33	825	84	9.8214	2,0,0,3,2,3,0,2,2,3,0,3,2
L?AADB_VTsFoFw	13	22	16	33	825	84	9.8214	0,3,3,2,0,0,2,2,2,3,2,1,2
L??FEaKFb`Dg~?	13	22	16	33	825	84	9.8214	2,2,2,0,0,2,0,3,3,0,3,3,2
L?AADB_VTsFoFw	13	23	17	39	975	104	9.3750	2,4,2,0,1,2,2,1,2,2,2,2,1
L?AA@bHBrwVOLg	13	23	16	46	1150	129	8.9147	2,2,0,2,1,2,2,3,2,2,2,2,1
L?AA@_o}@{Hkaw	13	25	21	39	975	100	9.7500	3,0,3,0,2,3,0,1,3,3,3,2,2
L?AADB_VTsFoFw	13	24	18	45	1125	126	8.9286	0,3,3,2,1,0,3,3,3,3,1,2,0
L?AAD`L{DsN_Bs	13	20	13	28	700	75	9.3333	2,2,1,0,2,1,2,1,2,2,2,1,2
L?AA@bHBrwVOLg	13	24	19	41	1025	101	10.1485	3,0,2,1,2,3,0,3,2,2,2,3,1
L??FEaKFb`Dg~?	13	23	17	38	950	104	9.1346	2,1,3,0,1,1,2,3,3,1,2,3,1
L?AAD`L{DsN_Bs	13	21	15	27	675	66	10.2273	1,3,1,1,2,1,3,1,2,1,2,1,2
L?AADB_VTsFoFw	13	25	20	50	1250	125	10.0000	2,4,2,0,2,2,2,2,2,2,2,2,1
L?AA@bHBrwVOLg	13	25	21	39	975	100	9.7500	2,0,0,3,3,4,0,3,2,3,0,3,2
L??FEaKFb`Dg~?	13	24	18	47	1175	126	9.3254	2,0,3,2,2,1,3,0,3,3,3,2,0
L?AAF@cFstVO^?	13	20	13	30	750	75	10.0000	3,2,1,0,2,2,2,2,1,1,1,1,2
L?AAD`L{DsN_Bs	13	22	16	33	825	84	9.8214	1,3,0,2,1,1,3,2,1,1,3,2,2
L?AEB@sLfoBwa[	13	20	13	30	750	75	10.0000	1,2,1,1,2,1,2,1,1,1,2,2,3
L?AAF@cFstVO^?	13	21	15	31	775	66	11.7424	3,2,1,0,2,2,2,2,1,2,1,1,2
L?AAD`L{DsN_Bs	13	23	17	36	900	104	8.6538	0,3,2,1,2,0,2,3,3,3,3,0,1
L??FEaKFb`Dg~?	13	25	19	51	1275	150	8.5000	1,0,2,3,0,3,3,3,1,3,2,3,1
L?AEB@sLfoBwa[	13	21	15	31	775	66	11.7424	1,2,0,1,2,1,2,2,2,1,3,2,2
L?AAF@cFstVO^?	13	22	16	33	825	84	9.8214	3,1,2,2,0,3,1,2,2,2,2,1,1
L?AAD`L{DsN_Bs	13	24	19	41	1025	101	10.1485	2,3,0,2,1,2,3,1,1,1,3,2,3
L?AADB_VRwVOFw	13	20	13	27	675	75	9.0000	1,3,2,0,1,2,2,1,1,1,2,2,2
L?AAF@cFstVO^?	13	23	17	37	925	104	8.8942	3,2,1,0,2,3,2,3,1,1,2,1,2
L?AEB@sLfoBwa[	13	22	16	38	950	84	11.3095	2,2,0,2,2,1,2,2,2,1,2,2,2
L?AADB_VRwVOFw	13	21	14	34	850	91	9.3407	1,2,2,0,1,1,3,2,1,2,2,2,2
L?AAD`L{DsN_Bs	13	25	20	47	1175	125	9.4000	1,3,2,1,1,2,3,2,2,1,2,2,3
L?AAF@cFstVO^?	13	24	19	43	1075	101	10.6436	3,3,0,1,2,2,1,3,2,2,2,1,2
L?AEB@sLfoBwa[	13	23	18	39	975	79	12.3418	2,2,1,2,2,1,2,2,1,1,2,2,3
L?AADB_VRwVOFw	13	22	16	33	825	84	9.8214	0,3,3,1,1,0,2,2,2,3,0,3,2
L?AEBAX{BwFoBs	13	20	13	31	775	75	10.3333	2,2,1,1,1,2,1,2,3,1,2,1,1
L?AAF@cFstVO^?	13	25	21	43	1075	100	10.7500	3,2,2,0,2,3,1,2,2,3,2,2,1
L?AEB@sLfoBwa[	13	24	19	44	1100	101	10.8911	1,2,1,2,2,0,3,2,1,2,3,2,3
L?AADB_VRwVOFw	13	23	17	39	975	104	9.3750	1,3,2,1,0,2,3,1,2,2,1,3,2
L?AEBAX{BwFoBs	13	21	14	35	875	91	9.6154	2,2,1,1,1,1,2,2,3,1,2,2,1
L?AAF?^^DsFoN_	13	20	13	28	700	75	9.3333	3,3,1,0,1,2,2,1,1,2,2,1,1
L?AEB@sLfoBwa[	13	25	21	45	1125	100	11.2500	1,3,0,1,3,1,3,0,3,1,3,3,3
L?AADB_VRwVOFw	13	24	18	44	1100	126	8.7302	2,2,2,0,1,1,4,2,1,2,3,2,2
L?AEBAX{BwFoBs	13	22	16	32	800	84	9.5238	3,2,1,2,0,1,2,3,3,1,1,2,1
L?AAF?^^DsFoN_	13	21	14	34	850	91	9.3407	3,2,1,1,0,2,3,2,1,3,2,0,1
L?AE@bH{AYFoBs	13	20	13	32	800	75	10.6667	1,2,1,2,1,2,1,2,2,2,1,2,1
L?AADB_VRwVOFw	13	25	21	39	975	100	9.7500	3,3,0,1,1,3,2,0,3,2,1,4,2
L?AEBAX{BwFoBs	13	23	17	39	975	104	9.3750	2,2,2,1,1,2,2,2,4,1,2,1,1
L?AAF?^^DsFoN_	13	22	16	31	775	84	9.2262	3,3,1,0,1,3,2,1,1,2,3,1,1
L?AE@bH{AYFoBs	13	21	14	33	825	91	9.0659	0,3,3,0,0,2,2,2,0,2,3,3,1
L?AAFBo^DsBwBw	13	20	13	29	725	75	9.6667	2,3,0,1,0,3,2,1,1,2,3,1,1
L?AEBAX{BwFoBs	13	24	18	44	1100	126	8.7302	2,2,2,0,2,2,2,2,3,2,2,2,1
L?AAF?^^DsFoN_	13	23	17	36	900	104	8.6538	3,3,1,0,1,3,2,2,1,3,3,0,1
L?AE@bH{AYFoBs	13	22	16	33	825	84	9.8214	3,0,3,0,2,1,1,2,3,2,0,3,2
L?AAFBo^DsBwBw	13	21	14	33	825	91	9.0659	3,3,0,1,1,2,2,2,0,3,3,1,0
L?AAF?^^DsFoN_	13	24	18	45	1125	126	8.9286	3,3,0,0,1,3,3,3,0,3,3,2,0
L?AE@bH{AYFoBs	13	23	17	40	1000	104	9.6154	2,2,0,3,1,2,0,3,2,2,1,3,2
L?AAFBo^DsBwBw	13	22	16	32	800	84	9.5238	3,2,1,0,1,2,3,2,0,3,3,1,1
L?AEBAX{BwFoBs	13	25	20	50	1250	125	10.0000	2,2,2,0,2,2,2,2,4,2,2,2,1
L?AAF?^^DsFoN_	13	25	21	39	975	100	9.7500	4,3,0,0,3,2,3,2,2,3,3,0,0
L?AE@bH{AYFoBs	13	24	18	45	1125	126	8.9286	0,3,2,1,1,2,1,3,3,3,0,3,2
L?AAFBo^DsBwBw	13	23	17	38	950	104	9.1346	3,2,1,1,0,3,3,1,1,3,3,1,1
L?AE@bHBvoN_Lg	13	20	13	27	675	75	9.0000	2,1,0,2,1,2,1,2,2,3,1,2,1
L?AA@bHBrgVOaq	13	20	12	32	800	100	8.0000	1,3,0,3,1,1,2,2,2,1,1,2,1
L?AE@bH{AYFoBs	13	25	20	50	1250	125	10.0000	2,2,2,2,2,2,2,2,2,2,2,2,1
L?AE@bHBvoN_Lg	13	21	14	34	850	91	9.3407	2,1,1,1,1,2,1,3,2,2,2,2,1
L?AAFBo^DsBwBw	13	24	19	44	1100	101	10.8911	3,3,0,2,0,3,3,1,1,3,3,1,1
L?AEAJw^@uFWMo	13	20	12	27	675	100	6.7500	2,2,0,0,2,3,2,1,3,2,1,1,1
L?AE@bHBvoN_Lg	13	22	16	33	825	84	9.8214	2,1,3,0,1,2,1,3,2,3,1,2,1
L?AEAJw^@uFWMo	13	21	14	33	825	91	9.0659	3,1,0,1,2,3,2,2,2,2,1,1,1
L?AA@bHBrgVOaq	13	21	14	33	825	91	9.0659	2,0,3,0,2,3,0,2,0,3,2,3,1
L?AAFBo^DsBwBw	13	25	21	48	1200	100	12.0000	3,3,1,1,1,3,3,1,1,3,3,1,1
L?AEAJw^@uFWMo	13	22	15	32	800	109	7.3394	2,1,0,1,2,3,3,2,3,2,1,1,1
L?AE@bHBvoN_Lg	13	23	17	39	975	104	9.3750	2,1,1,2,2,1,2,3,2,3,1,2,1
L?AAF?^^BwVO^?	13	20	13	25	625	75	8.3333	3,2,1,0,1,2,2,1,3,1,0,2,2
L?AA@bHBrgVOaq	13	22	14	42	1050	134	7.8358	2,3,1,2,1,2,2,2,2,1,1,2,1
L?AEAJw^@uFWMo	13	23	18	33	825	79	10.4430	3,3,0,1,2,3,2,2,2,2,1,1,1
L?AAF?^^BwVO^?	13	21	14	33	825	91	9.0659	3,3,0,1,1,2,2,2,1,1,1,3,1
L?AE@bHBvoN_Lg	13	24	19	42	1050	101	10.3960	1,2,0,3,2,1,2,3,1,3,2,1,3
L?AEAJw^@uFWMo	13	24	18	45	1125	126	8.9286	3,0,0,0,3,3,3,3,3,3,1,0,2
L?AA@bHBrgVOaq	13	23	17	38	950	104	9.1346	2,3,1,0,1,3,3,0,3,2,2,2,1
L?AAF?^^BwVO^?	13	22	16	33	825	84	9.8214	3,3,0,0,2,2,2,2,2,1,1,3,1
L?AEAJw^@uFWMo	13	25	21	39	975	100	9.7500	3,2,0,1,2,3,2,2,3,3,1,2,1
L?AE@bHBvoN_Lg	13	25	20	47	1175	125	9.4000	2,2,2,1,1,3,1,3,3,2,2,2,1
L?AAF?^^BwVO^?	13	23	17	36	900	104	8.6538	3,2,2,0,0,3,3,1,3,0,1,3,2
L?ABF@c}?}RSEw	13	20	13	29	725	75	9.6667	1,1,2,1,2,3,1,1,2,2,2,1,1
L?ABBBoerwBwBw	13	20	13	29	725	75	9.6667	2,3,0,1,1,3,0,2,1,3,2,1,1
L?AA@bHBrgVOaq	13	24	18	47	1175	126	9.3254	3,3,2,1,0,2,2,2,3,0,3,3,0
L?AAF?^^BwVO^?	13	24	19	41	1025	101	10.1485	3,3,1,0,2,2,3,2,2,0,0,3,3
L?ABF@c}?}RSEw	13	21	14	34	850	91	9.3407	2,1,2,1,2,3,1,1,2,2,2,1,1
L?ABBBoerwBwBw	13	21	14	34	850	91	9.3407	3,0,2,1,1,2,1,2,2,2,3,1,1
L?AAF?^^BwVO^?	13	25	21	39	975	100	9.7500	3,3,0,1,1,3,2,3,2,0,1,4,2
L?ABF@c}?}RSEw	13	22	16	33	825	84	9.8214	2,0,2,1,2,3,0,2,3,3,2,0,2
L?ABBBoerwBwBw	13	22	16	32	800	84	9.5238	3,1,1,2,0,3,2,1,2,2,3,1,1
L?AA@bHBrgVOaq	13	25	21	39	975	100	9.7500	3,0,1,3,1,3,2,2,0,3,2,3,2
L?ABF@c}?}RSEw	13	23	17	36	900	104	8.6538	2,2,0,0,2,3,2,1,3,3,3,1,1
L?AEB@c}CrFoFo	13	20	13	30	750	75	10.0000	1,2,1,1,2,2,2,1,2,2,2,1,1
L?ABBBoerwBwBw	13	23	17	37	925	104	8.8942	3,1,2,2,1,2,1,2,1,2,3,1,2
L?AA@b@BrwVONg	13	20	12	40	1000	100	10.0000	2,2,0,2,0,2,2,2,2,2,2,2,0
L?AEB@c}CrFoFo	13	21	15	31	775	66	11.7424	2,2,1,1,2,2,2,1,2,2,2,1,1
L?ABBBoerwBwBw	13	24	19	44	1100	101	10.8911	3,1,2,1,1,3,1,2,2,3,3,1,1
L?ABF@c}?}RSEw	13	24	19	44	1100	101	10.8911	2,0,3,3,0,3,1,1,3,3,3,1,1
L?AA@b@BrwVONg	13	21	14	33	825	91	9.0659	0,3,0,2,0,2,2,3,2,3,3,0,1
L?ABBBoerwBwBw	13	25	21	45	1125	100	11.2500	3,1,2,1,1,3,1,2,3,3,3,1,1
L?AEB@c}CrFoFo	13	22	16	33	825	84	9.8214	2,1,2,1,2,1,2,2,1,3,2,2,1
L?ABF@c}?}RSEw	13	25	21	45	1125	100	11.2500	3,1,2,2,1,3,1,1,3,3,3,1,1
L?AA@b@BrwVONg	13	22	14	42	1050	134	7.8358	3,2,0,2,1,2,2,2,2,2,2,2,0
L?ABFAYFvoN_Fo	13	20	13	25	625	75	8.3333	2,3,0,0,1,2,2,1,3,1,1,2,2
L?AEB@c}CrFoFo	13	23	17	37	925	104	8.8942	3,1,2,1,2,2,1,2,2,3,1,1,2
L?ABFAY{?}N_Bs	13	20	13	29	725	75	9.6667	2,2,1,1,0,3,2,1,3,1,1,2,1
L?ABFAYFvoN_Fo	13	21	14	33	825	91	9.0659	3,3,0,0,1,3,3,0,2,0,2,2,2
L?ABFAY{?}N_Bs	13	21	14	34	850	91	9.3407	2,1,2,1,1,3,2,0,3,2,1,2,1
L?AA@b@BrwVONg	13	23	16	46	1150	129	8.9147	3,3,0,1,1,2,2,2,2,2,2,2,1
L?AEB@c}CrFoFo	13	24	19	43	1075	101	10.6436	2,2,2,1,2,1,3,0,3,2,3,2,1
L?ABFAYFvoN_Fo	13	22	16	32	800	84	9.5238	3,1,2,0,2,3,2,1,3,0,1,2,2
L?ABFAY{?}N_Bs	13	22	16	33	825	84	9.8214	3,0,3,0,2,2,2,0,3,2,0,3,2
L?ABFAYFvoN_Fo	13	23	17	36	900	104	8.6538	3,1,2,1,2,2,3,2,3,0,0,3,1
L?AEB@c}CrFoFo	13	25	21	43	1075	100	10.7500	3,2,1,1,2,2,2,2,2,3,2,2,1
L?ABFAY{?}N_Bs	13	23	17	38	950	104	9.1346	3,0,3,1,1,3,2,1,3,1,1,3,1
L?AA@b@BrwVONg	13	24	18	47	1175	126	9.3254	3,2,0,2,0,2,3,3,3,3,0,3,0
L?AEFBwFrwFo^?	13	20	12	19	475	100	4.7500	2,2,1,1,1,2,1,2,2,2,1,2,1
L?AEFBwFrwFo^?	13	21	12	21	525	141	3.7234	2,2,3,1,0,1,3,2,0,2,0,2,3
L?ABFAYFvoN_Fo	13	24	19	41	1025	101	10.1485	3,1,2,0,2,3,3,1,3,1,2,2,1
L?AEFBwFrwFo^?	13	22	16	24	600	84	7.1429	2,2,2,0,2,2,2,2,2,2,1,2,1
L?AEFBwFrwFo^?	13	23	16	24	600	129	4.6512	2,2,2,1,2,3,2,2,2,2,1,1,1
L?ABFAY{?}N_Bs	13	24	19	44	1100	101	10.8911	3,2,1,2,0,3,3,1,3,1,1,3,1
L?ABFAYFvoN_Fo	13	25	21	39	975	100	9.7500	3,2,1,2,0,3,4,0,2,1,3,3,1
L?AEFBwFrwFo^?	13	24	18	26	650	126	5.1587	2,2,2,0,2,2,3,2,2,2,2,2,1
L?AA@b@BrwVONg	13	25	19	54	1350	150	9.0000	2,3,0,3,0,2,3,2,2,2,3,3,0
L?AEFBwFrwFo^?	13	25	19	28	700	150	4.6667	3,3,2,1,1,3,3,1,2,1,2,2,1
L?ABFAY{?}N_Bs	13	25	20	47	1175	125	9.4000	3,2,1,2,1,3,3,1,3,1,0,3,2
L?ABE`cJO{^?eg	13	20	12	35	875	100	8.7500	1,2,2,1,1,2,1,2,1,2,2,1,2
L?AAD`L{DsFoBs	13	20	13	32	800	75	10.6667	1,3,0,2,1,2,2,1,2,2,2,1,1
L?ABFAYFrwN_^?	13	20	12	27	675	100	6.7500	3,1,2,1,2,2,2,1,2,2,0,1,1
L?AEB_NLbg^?aU	13	20	13	27	675	75	9.0000	1,2,0,1,2,1,2,1,2,1,2,3,2
L?ABFAYFrwN_^?	13	21	14	33	825	91	9.0659	3,1,2,0,2,2,2,2,3,1,1,1,1
L?AAD`L{DsFoBs	13	21	14	34	850	91	9.3407	2,3,1,1,0,3,2,0,2,2,2,2,1
L?ABE`cJO{^?eg	13	21	14	33	825	91	9.0659	0,2,2,2,2,0,3,3,0,3,1,1,2
L?ABFAYFrwN_^?	13	22	16	33	825	84	9.8214	3,1,2,0,2,2,2,2,3,2,1,1,1
L?AEB_NLbg^?aU	13	21	14	34	850	91	9.3407	1,2,0,2,3,2,2,1,2,1,1,2,2
L?AAD`L{DsFoBs	13	22	16	31	775	84	9.2262	2,3,0,2,1,1,2,1,2,2,2,2,2
L?ABFAYFrwN_^?	13	23	17	36	900	104	8.6538	3,1,2,1,1,2,3,3,3,1,0,1,2
L?ABE`cJO{^?eg	13	22	15	38	950	109	8.7156	2,2,1,1,2,2,1,2,2,2,2,1,2
L?AEB_NLbg^?aU	13	22	16	30	750	84	8.9286	2,2,0,1,2,1,2,2,2,2,2,2,2
L?ABFAYFrwN_^?	13	24	18	45	1125	126	8.9286	3,3,0,1,2,3,3,3,3,0,1,1,1
L?AAD`L{DsFoBs	13	23	18	33	825	79	10.4430	0,3,0,3,1,1,2,2,3,2,0,3,3
L?ABE`cJO{^?eg	13	23	17	38	950	104	9.1346	1,2,2,2,3,0,2,3,1,3,1,1,2
L?AEB_NLbg^?aU	13	23	17	39	975	104	9.3750	2,1,2,0,3,1,2,1,3,1,2,3,2
L?ABFAYFrwN_^?	13	25	21	39	975	100	9.7500	4,3,0,0,3,2,3,2,3,2,0,1,2
L?AAD`L{DsFoBs	13	24	19	42	1050	101	10.3960	1,3,1,2,1,2,3,1,3,2,1,2,2
L?AEB_NLbg^?aU	13	24	19	42	1050	101	10.3960	3,1,1,1,3,2,1,2,3,1,2,3,1
L?ABE`cJO{^?eg	13	24	18	47	1175	126	9.3254	0,2,1,2,1,3,2,3,2,3,2,1,2
L?ABEaYF`Y^?^?	13	20	13	27	675	75	9.0000	2,2,2,1,1,2,2,1,2,2,1,1,1
L?AAD`L{DsFoBs	13	25	20	50	1250	125	10.0000	2,4,0,2,2,2,2,2,2,2,2,2,1
L?AEB_NLbg^?aU	13	25	20	46	1150	125	9.2000	2,2,0,1,3,1,2,2,3,2,2,3,2
L?ABEaYF`Y^?^?	13	21	14	34	850	91	9.3407	2,1,2,2,1,2,2,2,1,2,2,1,1
L?AEFBwFrwFo}?	13	20	12	19	475	100	4.7500	2,2,2,0,2,2,2,1,1,2,2,1,1
L?ABE`cJO{^?eg	13	25	20	51	1275	125	10.2000	0,2,2,2,2,2,2,3,2,3,2,1,2
L?AEFBwFrwFo}?	13	21	14	16	400	91	4.3956	2,2,1,1,2,1,2,2,1,2,2,2,1
L?ABB?WwGNN_eo	13	20	12	40	1000	100	10.0000	2,2,0,0,2,2,2,0,2,2,2,2,2
L?ABEaYF`Y^?^?	13	22	16	40	1000	84	11.9048	2,2,2,1,1,2,2,2,2,2,2,1,1
L?ABCf_}BYBsFg	13	20	13	27	675	75	9.0000	2,0,2,1,2,2,2,2,1,2,1,2,1
L?AEFBwFrwFo}?	13	22	16	24	600	84	7.1429	2,2,2,0,2,2,2,2,1,2,2,2,1
L?AEFBwFrwFo}?	13	23	16	24	600	129	4.6512	2,2,2,0,2,2,2,2,2,2,2,2,1
L?ABCf_}BYBsFg	13	21	15	24	600	66	9.0909	2,0,2,3,1,1,0,2,3,2,2,2,1
L?ABEaYF`Y^?^?	13	23	18	33	825	79	10.4430	0,2,2,2,2,0,3,3,3,0,3,1,2
L?ABB?WwGNN_eo	13	21	12	40	1000	141	7.0922	2,0,2,0,2,2,1,2,2,2,2,2,2
L?AEFBwFrwFo}?	13	24	18	27	675	126	5.3571	3,3,0,0,3,3,3,0,0,1,3,2,3
L?AEFBwFrwFo}?	13	25	20	24	600	125	4.8000	2,2,2,1,2,2,3,2,2,2,2,2,1
L?ABCf_}BYBsFg	13	22	16	36	900	84	10.7143	2,0,2,2,2,2,2,2,2,2,2,1,1
L?ABCf_}BYBsFg	13	23	18	36	900	79	11.3924	2,0,2,2,2,2,2,2,2,2,2,2,1
L?ABEaYF`Y^?^?	13	24	18	44	1100	126	8.7302	3,2,2,1,2,2,2,2,2,2,2,1,1
L?ABB?WwGNN_eo	13	22	14	42	1050	134	7.8358	1,1,2,1,2,1,1,2,3,2,2,2,2
L?AE@bHBplN_{C	13	20	13	29	725	75	9.6667	1,2,0,2,2,2,1,2,2,2,1,2,1
L?ABCf_}BYBsFg	13	24	20	36	900	76	11.8421	2,1,1,2,2,2,2,2,2,2,2,1,3
L?AE@bHBplN_{C	13	21	15	31	775	66	11.7424	1,2,1,2,2,2,1,2,2,2,1,2,1
L?ABEaYF`Y^?^?	13	25	21	39	975	100	9.7500	0,3,3,2,2,0,3,3,3,1,3,2,0
L?ABB?WwGNN_eo	13	23	16	40	1000	129	7.7519	1,2,1,2,1,1,2,1,2,2,2,3,3
L?ABCf_}BYBsFg	13	25	21	43	1075	100	10.7500	2,0,3,2,1,3,2,3,1,3,2,1,2
L?AE@bHBplN_{C	13	22	16	38	950	84	11.3095	1,2,0,2,2,2,1,2,2,2,2,2,2
L?ABCc]ZRw^?^?	13	20	13	28	700	75	9.3333	3,0,2,1,1,2,3,1,2,1,1,2,1
L?ABB?WwGNN_eo	13	24	18	47	1175	126	9.3254	3,1,2,2,1,2,1,1,2,3,0,3,3
L?ABCfGF`h^?ZO	13	20	13	31	775	75	10.3333	1,1,2,0,2,2,2,1,2,3,2,1,1
L?ABCc]ZRw^?^?	13	21	14	34	850	91	9.3407	3,1,2,1,1,2,2,2,3,1,0,2,1
L?AE@bHBplN_{C	13	23	18	38	950	79	12.0253	1,2,0,2,2,2,1,2,3,2,2,2,2
L?ABB?WwGNN_eo	13	25	19	54	1350	150	9.0000	2,0,3,0,3,2,1,1,3,3,2,3,2
L?ABCfGF`h^?ZO	13	21	14	35	875	91	9.6154	3,0,3,1,1,2,2,2,0,3,1,2,1
L?ABCc]ZRw^?^?	13	22	16	31	775	84	9.2262	3,1,2,1,1,2,3,1,3,1,1,2,1
L?AE@bHBplN_{C	13	24	19	44	1100	101	10.8911	1,2,3,0,2,1,2,2,2,3,2,3,1
L?ABFAYFvoN_^?	13	20	13	25	625	75	8.3333	3,0,2,0,1,2,2,1,2,3,1,2,1
L?ABCc]ZRw^?^?	13	23	17	36	900	104	8.6538	3,1,2,1,1,3,3,2,3,1,0,2,1
L?AE@bHBplN_{C	13	25	21	47	1175	100	11.7500	1,2,0,3,2,2,1,2,3,3,2,2,2
L?ABCfGF`h^?ZO	13	22	16	32	800	84	9.5238	2,2,0,2,1,3,1,3,2,2,1,1,2
L?ABFAYFvoN_^?	13	21	15	24	600	66	9.0909	2,1,2,0,2,2,3,1,2,2,1,2,1
L?ABBBoesuN_Bw	13	20	13	25	625	75	8.3333	2,1,2,1,1,2,1,1,1,3,0,2,3
L?ABCc]ZRw^?^?	13	24	19	44	1100	101	10.8911	3,0,3,1,1,3,3,2,3,1,0,3,1
L?ABFAYFvoN_^?	13	22	16	33	825	84	9.8214	3,3,0,1,1,3,3,0,2,2,2,0,2
L?ABCfGF`h^?ZO	13	23	17	38	950	104	9.1346	2,1,2,3,1,0,2,2,3,1,3,2,1
L?ABBBoesuN_Bw	13	21	15	24	600	66	9.0909	3,1,1,1,1,2,3,0,2,2,1,2,2
L?ABFAYFvoN_^?	13	23	18	33	825	79	10.4430	3,0,3,2,1,3,3,0,2,2,2,1,1
L?ABCc]ZRw^?^?	13	25	20	46	1150	125	9.2000	3,1,2,2,1,3,3,1,3,2,0,3,1
L?ABBBoesuN_Bw	13	22	16	33	825	84	9.8214	2,0,2,2,0,3,2,1,2,3,0,3,2
L?AFE_]JVoN_}?	13	20	13	29	725	75	9.6667	1,1,2,3,0,1,3,2,2,3,0,1,1
L?ABFAYFvoN_^?	13	24	18	45	1125	126	8.9286	3,2,1,1,2,3,3,3,3,0,0,1,2
L?ABCfGF`h^?ZO	13	24	18	46	1150	126	9.1270	2,2,2,0,2,2,2,2,2,4,2,1,1
L?ABBBoesuN_Bw	13	23	17	36	900	104	8.6538	2,2,1,3,0,3,1,2,1,2,1,3,2
L?ABFAYFvoN_^?	13	25	21	39	975	100	9.7500	3,1,2,1,1,4,3,0,3,2,3,1,1
L?AFE_]JVoN_}?	13	21	14	34	850	91	9.3407	2,0,2,3,1,1,3,2,2,3,0,1,1
L?ABBBoesuN_Bw	13	24	19	41	1025	101	10.1485	3,1,2,1,2,2,1,2,2,1,2,3,2
L?ABCfGF`h^?ZO	13	25	20	48	1200	125	9.6000	2,0,1,3,3,1,0,3,3,2,3,1,3
L?AFE_]JVoN_}?	13	22	16	32	800	84	9.5238	1,1,2,3,1,1,3,2,3,3,1,0,1
L?ABBBoesuN_Bw	13	25	21	39	975	100	9.7500	2,0,3,2,0,3,0,3,2,1,3,3,3
L?ABAaJF`Y^?\G	13	20	12	40	1000	100	10.0000	2,0,2,2,0,2,2,2,2,2,2,2,0
L?ABCc]ZRw^?ZO	13	20	13	29	725	75	9.6667	3,2,1,1,1,2,2,1,3,0,1,2,1
L?AFE_]JVoN_}?	13	23	17	37	925	104	8.8942	1,0,2,3,1,2,3,3,2,3,0,1,2
L?ABFAYFvoN_}?	13	20	13	25	625	75	8.3333	2,1,2,2,1,3,2,1,2,1,1,2,0
L?ABCc]ZRw^?ZO	13	21	14	34	850	91	9.3407	3,1,2,1,1,2,2,2,3,0,1,2,1
L?ABFAYFvoN_}?	13	21	15	24	600	66	9.0909	3,0,2,0,2,3,2,1,3,2,0,2,1
L?ABAaJF`Y^?\G	13	21	14	35	875	91	9.6154	3,0,3,1,1,2,2,0,2,3,1,2,1
L?AFE_]JVoN_}?	13	24	19	44	1100	101	10.8911	2,0,3,3,1,1,3,3,3,3,0,1,1
L?ABCc]ZRw^?ZO	13	22	16	32	800	84	9.5238	2,0,3,2,0,3,3,2,2,0,1,3,1
L?ABFAYFvoN_}?	13	22	16	33	825	84	9.8214	3,1,2,0,2,3,3,0,2,2,0,2,2
L?ABCc]ZRw^?ZO	13	23	17	37	925	104	8.8942	3,1,2,2,1,2,3,1,3,1,1,2,1
L?AFE_]JVoN_}?	13	25	21	45	1125	100	11.2500	1,1,3,3,0,3,3,3,3,3,0,1,1
L?ABFAYFvoN_}?	13	23	17	36	900	104	8.6538	3,1,2,1,2,2,3,2,3,1,0,3,0
L?ABAaJF`Y^?\G	13	22	16	32	800	84	9.5238	0,0,3,3,2,0,3,2,2,2,3,1,1
L?BE@bH{?]foLg	13	20	12	29	725	100	7.2500	0,2,1,2,2,0,2,1,3,2,2,2,1
L?ABCc]ZRw^?ZO	13	24	19	44	1100	101	10.8911	3,0,3,1,1,3,3,2,3,0,1,3,1
L?ABFAYFvoN_}?	13	24	19	41	1025	101	10.1485	3,1,2,1,1,3,3,1,2,2,1,3,1
L?BE@bH{?]foLg	13	21	15	24	600	66	9.0909	1,2,1,1,3,0,2,1,3,2,2,2,1
L?ABAaJF`Y^?\G	13	23	16	48	1200	129	9.3023	3,1,2,2,1,2,2,2,2,2,2,2,0
L?ABFAYFvoN_}?	13	25	21	39	975	100	9.7500	3,1,2,0,2,3,4,0,2,2,1,3,2
L?BE@bH{?]foLg	13	22	16	32	800	84	9.5238	0,2,2,1,2,0,2,1,3,3,2,3,1
L?ABCc]ZRw^?ZO	13	25	21	45	1125	100	11.2500	3,1,2,1,1,3,3,3,3,0,1,3,1
L?ABFAYFrwN_Fo	13	20	12	27	675	100	6.7500	3,1,2,1,2,2,2,1,2,1,1,1,1
L?AFCo]XVoN_}?	13	20	12	29	725	100	7.2500	2,1,2,1,2,2,2,2,2,2,1,1,0
L?BE@bH{?]foLg	13	23	17	36	900	104	8.6538	1,2,1,2,3,2,0,3,3,2,1,3,0
L?ABFAYFrwN_Fo	13	21	14	33	825	91	9.0659	3,1,2,0,2,2,2,2,3,0,2,1,1
L?AFCo]XVoN_}?	13	21	14	32	800	91	8.7912	1,0,2,1,2,2,3,2,2,3,1,1,1
L?ABAaJF`Y^?\G	13	24	18	46	1150	126	9.1270	2,1,3,2,1,1,2,3,1,2,3,2,1
L?BE@bH{?]foLg	13	24	19	41	1025	101	10.1485	1,2,2,1,3,1,1,1,3,3,2,2,2
L?ABFAYFrwN_Fo	13	22	16	33	825	84	9.8214	3,1,2,0,2,2,2,2,3,1,2,1,1
L?AFCo]XVoN_}?	13	22	16	33	825	84	9.8214	2,0,3,1,2,2,2,2,3,3,0,0,2
L?ABFAYFrwN_Fo	13	23	18	33	825	79	10.4430	3,1,2,1,1,2,2,2,3,0,3,0,3
L?ABAaJF`Y^?\G	13	25	21	45	1125	100	11.2500	0,1,3,3,3,0,3,3,1,3,3,1,1
L?BE@bH{?]foLg	13	25	21	39	975	100	9.7500	2,1,3,0,2,0,2,3,3,3,2,4,0
L?AFCo]XVoN_}?	13	23	17	36	900	104	8.6538	1,1,2,1,2,3,2,3,3,3,1,0,1
L?ABCf_}BYBs}?	13	20	13	27	675	75	9.0000	2,1,0,1,2,1,2,2,2,0,2,3,2
L?ABFAYFrwN_Fo	13	24	18	45	1125	126	8.9286	3,1,2,1,2,3,3,3,3,0,2,1,0
L?AFCo]XVoN_}?	13	24	19	41	1025	101	10.1485	2,1,2,1,2,2,3,3,2,3,1,2,0
L?BDB?{Ucq^?}?	13	20	12	40	1000	100	10.0000	2,2,2,0,2,2,2,2,2,2,2,0,0
L?ABCf_}BYBs}?	13	21	14	32	800	91	8.7912	2,0,2,2,2,2,2,2,1,1,2,2,1
L?ABFAYFrwN_Fo	13	25	21	39	975	100	9.7500	3,2,2,1,2,3,2,2,3,1,1,2,1
L?AFCo]XVoN_}?	13	25	21	39	975	100	9.7500	2,3,0,3,0,2,3,2,3,4,2,0,1
L?ABCf_}BYBs}?	13	22	16	36	900	84	10.7143	2,0,2,2,2,2,2,2,2,1,2,2,1
L?BDB?{Ucq^?}?	13	21	14	33	825	91	9.0659	2,2,2,2,0,3,0,3,3,0,3,0,1
L?BE@bHBvoFo}?	13	20	12	27	675	100	6.7500	0,2,1,2,2,1,2,2,3,2,1,1,1
L?ABE_lef_N_Bq	13	20	13	29	725	75	9.6667	2,1,2,1,2,1,2,1,2,2,1,1,2
L?ABCf_}BYBs}?	13	23	18	36	900	79	11.3924	2,1,1,2,2,2,2,2,2,0,2,3,2
L?BE@bHBvoFo}?	13	21	14	33	825	91	9.0659	1,2,0,3,1,1,2,3,2,2,0,2,2
L?BDB?{Ucq^?}?	13	22	14	42	1050	134	7.8358	1,2,3,0,3,1,2,3,2,3,2,0,0
L?ABCf_}BYBs}?	13	24	19	43	1075	101	10.6436	2,1,2,3,1,2,1,2,2,1,3,3,1
L?ABE_lef_N_Bq	13	21	14	34	850	91	9.3407	1,0,2,2,1,2,3,2,1,2,1,2,2
L?BE@bHBvoFo}?	13	22	16	33	825	84	9.8214	1,2,1,2,2,3,0,3,2,2,0,2,2
L?BDB?{Ucq^?}?	13	23	16	40	1000	129	7.7519	2,2,2,0,2,3,2,2,3,2,2,0,1
L?BE@bHBvoFo}?	13	23	18	33	825	79	10.4430	1,2,3,0,3,1,2,3,2,2,1,2,1
L?ABCf_}BYBs}?	13	25	21	43	1075	100	10.7500	3,1,2,1,3,1,2,3,2,1,2,3,1
L?ABE_lef_N_Bq	13	22	16	34	850	84	10.1190	2,1,2,1,2,1,3,1,2,3,2,1,1
L?ABCc]ZVo^?^?	13	20	13	29	725	75	9.6667	3,1,2,1,1,2,2,1,3,1,1,1,1
L?BE@bHBvoFo}?	13	24	18	45	1125	126	8.9286	1,2,1,2,0,1,2,3,3,3,2,3,1
L?BDB?{Ucq^?}?	13	24	17	48	1200	151	7.9470	2,2,3,1,2,3,2,2,3,2,2,0,0
L?ABE_lef_N_Bq	13	23	17	41	1025	104	9.8558	2,2,2,1,2,2,2,2,2,3,1,1,1
L?ABCc]ZVo^?^?	13	21	14	34	850	91	9.3407	3,1,2,1,1,2,2,2,3,1,1,1,1
L?BE@bHBvoFo}?	13	25	21	39	975	100	9.7500	1,2,1,2,2,2,2,3,3,2,2,2,1
L?ABCc]ZVo^?^?	13	22	16	32	800	84	9.5238	2,0,2,1,1,3,3,2,3,2,0,3,0
L?BDB?{Ucq^?}?	13	25	21	39	975	100	9.7500	2,3,2,1,2,3,4,0,3,3,0,1,1
L?BDB?{Ucq^?Fo	13	20	12	36	900	100	9.0000	1,2,2,0,2,2,2,1,2,2,2,1,1
L?ABE_lef_N_Bq	13	24	19	44	1100	101	10.8911	2,1,2,1,2,1,3,2,2,3,1,2,2
L?ABCc]ZVo^?^?	13	23	17	37	925	104	8.8942	3,1,2,2,1,2,3,1,3,2,1,1,1
L?BD@j_QvoBs}?	13	20	13	29	725	75	9.6667	1,1,2,2,2,2,1,2,1,2,1,2,1
L?BDB?{Ucq^?Fo	13	21	13	42	1050	116	9.0517	2,2,2,0,1,2,2,2,2,2,2,1,1
L?ABE_lef_N_Bq	13	25	21	45	1125	100	11.2500	2,1,2,2,2,1,3,2,2,3,1,2,2
L?ABCc]ZVo^?^?	13	24	19	44	1100	101	10.8911	3,1,2,1,1,3,3,2,3,1,2,1,1
L?BD@j_QvoBs}?	13	21	14	34	850	91	9.3407	2,2,0,3,1,0,2,2,2,3,0,2,2
L?ABCc]ZVo^?}?	13	20	13	25	625	75	8.3333	2,1,1,1,1,3,2,3,2,1,0,2,1
L?BDB?{Ucq^?Fo	13	22	16	32	800	84	9.5238	3,1,2,2,0,3,0,3,3,0,2,2,1
L?BD@j_QvoBs}?	13	22	16	38	950	84	11.3095	1,2,2,2,2,2,2,2,1,2,1,2,1
L?ABCc]ZVo^?}?	13	21	14	33	825	91	9.0659	2,2,1,2,0,3,2,1,3,2,1,0,2
L?ABCc]ZVo^?^?	13	25	21	45	1125	100	11.2500	3,1,2,1,1,3,3,3,3,1,1,2,1
*** psi >= 1/25 : L?AFF@{}BwBwFo Q=20 bip=16 dist=0 w=0,1,3,1,1,2,2,2,3,0,1,3,1
*** psi >= 1/25 : L?AFF@{}BwBwFo Q=20 bip=16 dist=0 w=0,0,4,1,1,2,2,2,3,0,1,3,1
L?AFF@{}BwBwFo	13	20	12	19	475	100	4.7500	3,0,2,1,2,2,2,1,2,2,1,1,1
L?BDB?{Ucq^?Fo	13	23	16	46	1150	129	8.9147	2,2,2,0,2,2,2,2,3,2,2,1,1
L?ABCc]ZVo^?}?	13	22	16	33	825	84	9.8214	2,2,1,2,0,3,2,2,3,2,0,1,2
L?BD@j_QvoBs}?	13	23	18	38	950	79	12.0253	1,2,2,2,2,2,2,2,1,2,2,2,1
L?AFF@{}BwBwFo	13	21	12	19	475	141	3.3688	3,2,1,0,3,2,1,1,2,2,1,1,2
L?AFF@{}BwBwFo	13	22	15	19	475	109	4.3578	3,0,3,2,1,2,2,1,1,2,2,3,0
L?ABCc]ZVo^?}?	13	23	18	33	825	79	10.4430	2,1,2,2,0,3,2,3,3,2,2,1,0
L?BD@j_QvoBs}?	13	24	19	44	1100	101	10.8911	1,2,2,1,2,2,2,3,1,2,2,3,1
L?BDB?{Ucq^?Fo	13	24	18	47	1175	126	9.3254	2,3,2,1,2,3,0,3,3,2,3,0,0
L?AFF@{}BwBwFo	13	23	15	24	600	154	3.8961	4,1,2,1,2,2,1,2,2,2,1,2,1
L?AFF@{}BwBwFo	13	24	18	27	675	126	5.3571	3,2,1,1,2,3,0,3,0,3,3,1,2
L?ABCc]ZVo^?}?	13	24	19	41	1025	101	10.1485	3,0,2,1,2,3,3,2,3,2,1,1,1
L?AFF@{}BwBwFo	13	25	18	27	675	175	3.8571	3,1,2,0,3,3,3,0,2,3,1,4,0
L?BD@j_QvoBs}?	13	25	21	47	1175	100	11.7500	1,2,2,2,2,2,2,3,1,2,2,3,1
L?BDB?{Ucq^?Fo	13	25	19	54	1350	150	9.0000	2,2,3,2,1,2,3,2,3,3,2,0,0
L?ABCc]ZVo^?}?	13	25	20	45	1125	125	9.0000	3,0,3,1,3,3,3,2,3,1,0,0,3
L?BE@_o}?^FoqW	13	20	12	27	675	100	6.7500	0,2,1,2,2,1,2,1,1,2,2,1,3
L?BD@g]UeQ^?}?	13	20	13	27	675	75	9.0000	1,1,2,1,2,2,3,2,2,1,1,1,1
L?`@F?k]CkBwsg	13	20	13	29	725	75	9.6667	1,1,2,2,1,1,1,2,2,2,0,3,2
L?ABCdhFfON_Di	13	20	13	32	800	75	10.6667	3,0,1,1,2,2,2,2,1,1,2,2,1
L?BE@_o}?^FoqW	13	21	14	33	825	91	9.0659	1,2,1,2,1,1,2,2,1,2,2,2,2
L?BD@g]UeQ^?}?	13	21	15	27	675	66	10.2273	2,1,3,1,1,1,2,3,2,1,2,0,2
L?BE@_o}?^FoqW	13	22	16	33	825	84	9.8214	0,3,3,0,2,0,3,1,2,2,2,2,2
L?ABCdhFfON_Di	13	21	14	33	825	91	9.0659	3,0,1,2,2,2,1,2,2,1,2,2,1
L?`@F?k]CkBwsg	13	21	14	36	900	91	9.8901	2,2,1,1,2,2,2,1,1,2,1,2,2
L?BE@_o}?^FoqW	13	23	18	33	825	79	10.4430	0,3,0,3,3,1,2,3,0,2,2,2,2
L?BD@g]UeQ^?}?	13	22	16	34	850	84	10.1190	1,1,4,1,1,2,2,2,2,2,2,1,1
L?ABCdhFfON_Di	13	22	16	33	825	84	9.8214	3,0,0,2,3,2,0,3,2,2,2,1,2
L?BD@g]UeQ^?}?	13	23	17	39	975	104	9.3750	2,1,3,2,2,1,3,3,2,1,2,0,1
L?`@F?k]CkBwsg	13	22	15	40	1000	109	9.1743	2,2,2,1,1,3,1,1,2,2,2,1,2
L?BE@_o}?^FoqW	13	24	18	45	1125	126	8.9286	1,2,1,2,0,1,2,1,2,3,3,3,3
L?BE@_o}?^FoqW	13	25	21	39	975	100	9.7500	1,2,0,3,2,2,1,1,3,3,2,3,2
L?ABCdhFfON_Di	13	23	17	39	975	104	9.3750	3,1,2,2,1,3,2,3,0,1,2,2,1
L?`@F?k]CkBwsg	13	23	17	39	975	104	9.3750	1,1,2,2,2,1,1,3,2,3,0,2,3
L?BD@g]UeQ^?}?	13	24	19	42	1050	101	10.3960	2,2,3,3,1,1,3,3,1,2,2,0,1
L?BDB?{{AsRGBs	13	20	12	32	800	100	8.0000	1,2,2,0,1,2,2,1,3,1,3,1,1
L?`@F?k]CkBwsg	13	24	18	48	1200	126	9.5238	2,2,2,2,2,2,2,2,2,2,1,2,1
L?BD@g]UeQ^?}?	13	25	20	47	1175	125	9.4000	1,2,3,1,2,3,3,2,2,2,1,0,3
L?ABCdhFfON_Di	13	24	19	41	1025	101	10.1485	3,1,1,2,2,3,1,3,1,1,2,2,2
L?BDB?{{AsRGBs	13	21	13	37	925	116	7.9741	1,2,2,1,1,2,2,1,3,1,2,2,1
L?`@F?kQ_}YSlC	13	20	13	31	775	75	10.3333	1,1,2,2,1,2,1,2,1,1,2,2,2
L?ABCdhFfON_Di	13	25	20	50	1250	125	10.0000	4,0,2,2,2,2,2,2,2,2,2,2,1
L?`@F?k]CkBwsg	13	25	20	54	1350	125	10.8000	2,2,2,2,2,2,2,2,2,2,1,2,2
L?BE@_o{@{XKB{	13	20	12	27	675	100	6.7500	1,1,3,0,2,0,3,0,1,2,2,3,2
L?BDB?{{AsRGBs	13	22	15	43	1075	109	9.8624	2,2,1,1,1,1,2,2,2,1,3,3,1
L?`@F?kQ_}YSlC	13	21	14	35	875	91	9.6154	3,1,0,0,1,3,3,1,1,2,2,2,2
L?BE@_o{@{XKB{	13	21	14	33	825	91	9.0659	2,1,0,3,2,0,2,0,2,2,3,3,1
L?`@?boNAsOwYO	13	20	12	40	1000	100	10.0000	2,2,0,2,2,2,0,2,2,2,0,2,2
L?BE@_o{@{XKB{	13	22	16	33	825	84	9.8214	1,2,1,2,2,0,2,1,1,2,3,3,2
L?BDB?{{AsRGBs	13	23	17	41	1025	104	9.8558	1,3,2,1,1,2,3,1,3,1,3,1,1
L?`@F?kQ_}YSlC	13	22	15	42	1050	109	9.6330	1,3,3,1,3,1,1,2,2,2,1,1,1
L?BE@_o{@{XKB{	13	23	17	36	900	104	8.6538	1,2,1,2,3,0,2,1,2,2,3,3,1
L?BE@_o{@{XKB{	13	24	18	45	1125	126	8.9286	1,2,1,2,3,1,2,1,2,3,3,3,0
L?`@F?kQ_}YSlC	13	23	17	42	1050	104	10.0962	2,2,1,2,2,2,2,1,1,1,2,2,3
L?BDB?{{AsRGBs	13	24	19	41	1025	101	10.1485	3,2,1,2,1,0,3,3,0,2,3,3,1
L?`@?boNAsOwYO	13	21	12	44	1100	141	7.8014	2,0,2,2,2,1,2,2,2,0,2,2,2
L?BE@_o{@{XKB{	13	25	21	39	975	100	9.7500	2,2,2,1,3,2,0,1,2,2,3,3,2
L?BE@bHBvoFoLg	13	20	13	25	625	75	8.3333	0,2,0,2,3,1,2,3,1,2,2,1,1
L?BDB?{{AsRGBs	13	25	19	60	1500	150	10.0000	2,2,2,1,1,2,2,2,3,1,3,3,1
L?`@F?kQ_}YSlC	13	24	19	43	1075	101	10.6436	1,3,3,2,0,2,2,2,0,1,2,3,3
L?BE@bHBvoFoLg	13	21	15	24	600	66	9.0909	1,2,0,2,2,2,1,2,2,3,2,1,1
L?`@?boNAsOwYO	13	22	14	44	1100	134	8.2090	1,2,1,2,1,3,1,3,1,2,1,2,2
L?BE@bHBvoFoLg	13	22	16	32	800	84	9.5238	1,2,1,2,2,1,2,2,2,3,2,1,1
L?BDA_NNAsTG}?	13	20	13	31	775	75	10.3333	2,0,1,2,1,2,1,3,2,2,1,2,1
L?`@F?kQ_}YSlC	13	25	20	50	1250	125	10.0000	2,2,2,2,2,2,2,1,1,1,2,3,3
L?BE@bHBvoFoLg	13	23	17	36	900	104	8.6538	1,2,0,3,1,3,0,3,3,3,2,2,0
L?BDA_NNAsTG}?	13	21	14	34	850	91	9.3407	0,2,2,1,2,1,3,2,2,2,2,1,1
L?`@?boNAsOwYO	13	23	16	42	1050	129	8.1395	1,1,2,3,1,0,3,3,1,1,2,2,3
L?BE@bHBvoFoLg	13	24	19	41	1025	101	10.1485	0,3,1,2,2,2,1,2,2,3,3,1,2
L?`@Cbod`wHWJO	13	20	12	40	1000	100	10.0000	2,2,2,0,1,2,2,1,2,2,0,2,2
L?BDA_NNAsTG}?	13	22	16	32	800	84	9.5238	1,3,2,1,1,3,3,0,1,3,2,0,2
L?BE@bHBvoFoLg	13	25	21	39	975	100	9.7500	3,0,1,2,2,2,1,4,2,2,3,3,0
L?BDF?{UfoBw}?	13	20	13	28	700	75	9.3333	2,2,2,0,1,2,2,1,3,3,0,1,1
L?`@?boNAsOwYO	13	24	17	48	1200	151	7.9470	3,2,0,2,2,3,0,3,2,2,0,3,2
L?`@Cbod`wHWJO	13	21	13	38	950	116	8.1897	2,2,1,1,2,2,2,1,1,2,2,2,1
L?BDA_NNAsTG}?	13	23	17	38	950	104	9.1346	2,1,1,2,1,3,1,3,1,2,1,3,2
L?BDF?{UfoBw}?	13	21	14	34	850	91	9.3407	1,2,3,1,1,3,2,1,2,3,0,1,1
L?BDF?{UfoBw}?	13	22	16	33	825	84	9.8214	2,2,2,1,1,3,3,0,3,3,2,0,0
L?BDA_NNAsTG}?	13	24	18	46	1150	126	9.1270	2,1,1,1,2,2,2,3,2,1,3,2,2
L?`@Cbod`wHWJO	13	22	14	43	1075	134	8.0224	1,2,2,2,2,2,2,2,2,2,1,1,1
L?`@?boNAsOwYO	13	25	18	61	1525	175	8.7143	3,2,2,1,2,3,3,0,2,2,2,2,1
L?BDF?{UfoBw}?	13	23	17	37	925	104	8.8942	1,3,2,1,0,2,3,1,3,3,1,2,1
L?`DAboU`w@{hS	13	20	13	32	800	75	10.6667	1,1,2,1,2,1,1,1,2,2,2,2,2
L?BDA_NNAsTG}?	13	25	21	39	975	100	9.7500	2,3,2,1,2,3,4,0,0,3,3,0,2
L?BDF?{UfoBw}?	13	24	19	44	1100	101	10.8911	1,3,3,0,2,3,3,1,3,3,0,1,1
L?`DAboU`w@{hS	13	21	15	35	875	66	13.2576	1,1,2,1,2,1,1,2,2,2,2,2,2
L?B@`ZPNF_XOBi	13	20	13	32	800	75	10.6667	0,2,2,1,2,1,2,1,2,2,1,3,1
L?BDF?{UfoBw}?	13	25	21	45	1125	100	11.2500	1,3,3,2,1,3,3,1,3,3,1,1,0
L?`@Cbod`wHWJO	13	23	16	43	1075	129	8.3333	1,1,2,2,2,1,4,2,1,2,2,2,1
L?B@`ZPNF_XOBi	13	21	14	34	850	91	9.3407	1,1,2,2,2,0,2,2,3,2,0,3,1
L?`DAboU`w@{hS	13	22	17	38	950	59	16.1017	1,1,2,2,2,2,1,1,2,2,2,2,2
L?BD@g]Qvo^?}?	13	20	13	27	675	75	9.0000	2,1,1,2,2,2,2,2,1,2,0,0,3
L?B@`ZPNF_XOBi	13	22	16	33	825	84	9.8214	2,1,1,2,2,2,2,0,0,3,2,3,2
L?`DAboU`w@{hS	13	23	18	38	950	79	12.0253	1,2,2,2,2,2,2,1,2,1,2,2,2
L?BD@g]Qvo^?}?	13	21	15	24	600	66	9.0909	2,1,0,2,1,2,3,3,2,3,0,0,2
L?`@Cbod`wHWJO	13	24	18	47	1175	126	9.3254	3,3,2,0,2,2,3,0,3,3,0,3,0
L?B@`ZPNF_XOBi	13	23	17	40	1000	104	9.6154	1,2,2,2,3,2,2,2,1,1,1,3,1
L?`DAboU`w@{hS	13	24	20	45	1125	76	14.8026	1,1,2,2,2,2,2,2,2,2,2,2,2
L?BD@g]Qvo^?}?	13	22	16	36	900	84	10.7143	2,2,2,2,2,2,2,2,2,2,0,1,1
L?BD@g]Qvo^?}?	13	23	18	36	900	79	11.3924	2,2,2,2,2,2,2,2,2,2,1,1,1
L?B@`ZPNF_XOBi	13	24	18	44	1100	126	8.7302	0,2,2,2,2,2,2,2,2,2,2,3,1
L?`@Cbod`wHWJO	13	25	19	51	1275	150	8.5000	2,3,1,2,3,3,0,1,3,1,2,3,1
L?`DAboU`w@{hS	13	25	22	48	1200	75	16.0000	1,1,2,2,2,2,2,2,2,2,3,2,2
L?BD@g]Qvo^?}?	13	24	20	36	900	76	11.8421	2,2,2,2,2,2,2,2,2,2,2,1,1
L?B@`ZPNF_XOBi	13	25	20	50	1250	125	10.0000	0,2,2,2,2,2,2,2,2,2,2,4,1
L?BD@g]Qvo^?}?	13	25	21	43	1075	100	10.7500	2,2,1,3,1,3,3,2,2,3,0,0,3
L?`DE`gl@YJODg	13	20	12	36	900	100	9.0000	2,1,2,2,2,2,2,1,2,1,1,1,1
L?`@F?{UckBwFo	13	20	12	40	1000	100	10.0000	2,2,2,0,2,2,2,2,2,2,2,0,0
L?`@F?{NAsQoFo	13	20	12	40	1000	100	10.0000	2,2,2,0,2,2,2,2,1,1,2,2,0
L?`DE`gl@YJODg	13	21	14	40	1000	91	10.9890	1,2,2,1,2,2,2,1,1,1,2,2,2
L?`@F?{UckBwFo	13	21	13	36	900	116	7.7586	3,2,2,1,2,1,2,1,2,2,2,0,1
L?`@F?{NAsQoFo	13	21	14	33	825	91	9.0659	0,3,3,0,2,2,2,2,2,1,3,0,1
L?`DE`gl@YJODg	13	22	16	45	1125	84	13.3929	2,1,2,2,2,2,2,2,2,1,1,2,1
L?`@F?{UckBwFo	13	22	16	33	825	84	9.8214	3,0,3,2,2,0,2,2,3,0,3,0,2
L?`@F?{NAsQoFo	13	22	16	33	825	84	9.8214	3,0,3,0,2,2,2,2,1,2,0,3,2
L?`DE`gl@YJODg	13	23	16	49	1225	129	9.4961	2,2,2,2,2,2,2,2,2,2,1,1,1
L?`@F?{NAsQoFo	13	23	16	41	1025	129	7.9457	2,3,2,1,1,3,2,1,0,3,2,2,1
L?`@F?{UckBwFo	13	23	16	46	1150	129	8.9147	3,2,3,1,2,1,2,2,2,2,2,0,1
L?`@F?{UckBwFo	13	24	18	45	1125	126	8.9286	3,0,3,1,3,2,3,3,3,0,3,0,0
L?`@F?{NAsQoFo	13	24	18	47	1175	126	9.3254	3,3,0,0,3,3,2,2,2,0,3,3,0
L?`DE`gl@YJODg	13	24	18	54	1350	126	10.7143	1,2,2,2,2,2,2,2,2,2,2,2,1
L?`@F?{UckBwFo	13	25	21	39	975	100	9.7500	3,3,0,0,3,2,2,3,0,3,4,0,2
L?`@F?{NAsQoFo	13	25	19	54	1350	150	9.0000	2,2,3,0,2,3,3,2,1,2,2,3,0
L?`DFAsNAsBwFo	13	20	13	32	800	75	10.6667	1,3,2,1,2,2,1,2,2,1,2,1,0
L?`DFAsNAsBwFo	13	21	14	33	825	91	9.0659	1,3,2,1,2,2,1,2,2,1,2,1,1
L?`DE`gl@YJODg	13	25	20	58	1450	125	11.6000	2,2,2,2,2,2,2,2,2,2,2,2,1
L?`@EboUckDgBw	13	20	13	31	775	75	10.3333	0,1,3,2,1,2,2,1,2,1,2,2,1
L?`DFAsNAsBwFo	13	22	16	32	800	84	9.5238	1,3,2,1,2,3,1,2,1,2,3,0,1
L?`DFAsNAsBwFo	13	23	17	39	975	104	9.3750	2,4,2,1,2,2,1,2,2,2,2,0,1
L?`@EboUckDgBw	13	21	15	24	600	66	9.0909	3,2,0,1,2,3,1,1,1,2,3,0,2
L?`DFAsNAsBwFo	13	24	19	42	1050	101	10.3960	2,3,1,1,2,2,1,3,3,1,3,1,1
L?`@EboUckDgBw	13	22	16	33	825	84	9.8214	0,0,3,3,0,2,2,2,2,0,3,3,2
L?`DFAsNAsBwFo	13	25	20	50	1250	125	10.0000	2,4,2,2,2,2,2,2,2,2,2,0,1
L?`bCboYO{@{dc	13	20	13	29	725	75	9.6667	1,0,3,3,3,0,1,1,2,2,2,1,1
L?`@EboUckDgBw	13	23	16	48	1200	129	9.3023	2,2,3,1,2,2,2,0,2,2,2,2,1
L?`bCboYO{@{dc	13	21	14	34	850	91	9.3407	1,0,3,3,3,2,0,1,2,2,2,1,1
L?`bCboYO{@{dc	13	22	16	32	800	84	9.5238	0,1,2,3,3,2,0,1,2,3,2,2,1
L?`@EboUckDgBw	13	24	18	46	1150	126	9.1270	0,1,4,2,2,2,2,2,2,2,2,2,1
L?`bCboYO{@{dc	13	23	17	36	900	104	8.6538	0,2,1,3,2,1,1,3,3,3,3,1,0
L?`@EboUckDgBw	13	25	20	46	1150	125	9.2000	1,2,3,1,2,1,2,1,3,3,1,3,2
L?`bCboYO{@{dc	13	24	19	44	1100	101	10.8911	1,0,3,3,3,1,1,1,3,3,3,1,1
L?`@`boNAUOwBw	13	20	12	40	1000	100	10.0000	2,2,0,2,2,2,1,1,2,2,2,2,0
L?`bCboYO{@{dc	13	25	20	46	1150	125	9.2000	1,3,0,3,3,0,1,1,3,3,3,2,2
L?`@`boNAUOwBw	13	21	14	29	725	91	7.9670	3,1,0,2,2,2,2,0,2,2,1,3,1
L?`@`boNAUOwBw	13	22	14	42	1050	134	7.8358	1,3,1,2,1,3,1,2,2,2,2,2,0
L?`@`boNAUOwBw	13	23	16	40	1000	129	7.7519	2,2,1,2,2,2,0,2,2,3,2,2,1
L?`@`boNAUOwBw	13	24	18	47	1175	126	9.3254	0,3,0,3,2,3,0,3,2,3,3,2,0
L?`@`boNAUOwBw	13	25	19	54	1350	150	9.0000	2,2,1,2,3,2,1,2,2,3,3,2,0
