N???????????????^~w	15	14	0	0
N?????????????~~~~o	15	26	0	0
N???????????_?~~N~o	15	25	1	0
N???????????o?N~~~_	15	25	1	0
N???????????w?F~~~_	15	25	1	0
N???????????{?B~~~_	15	25	1	0
N???????????}?@~~~_	15	25	1	0
N???????????~??~~~_	15	25	1	0
N???????????~~~~^~_	15	36	0	0
N?????????O?~}~}N~_	15	34	1	0
N?????????W?N~N~^~?	15	33	2	0
N?????????W?N~~}^~?	15	34	1	0
N?????????W?o?~}F~o	15	26	2	0
N?????????[?F~F~^~?	15	32	2	0
N?????????[?F~~}^~?	15	34	1	0
N?????????[?w?F~~~?	15	27	2	0
N?????????]?B~B~^~?	15	31	2	0
N?????????]?B~~}^~?	15	34	1	0
N?????????]?{?B~~~?	15	28	2	0
N?????????^?@~@~^~?	15	30	2	0
N?????????^?@~~}^~?	15	34	1	0
N?????????^?}?@~~~?	15	29	2	0
N?????????^~~}~}^~?	15	44	0	0
N???????C?W?~{N~N~?	15	33	2	3
N???????C?[?F~^}^}?	15	33	2	3
N???????C?]?B~^}^}?	15	33	2	3
N???????C?^?@~^}^}?	15	33	2	3
N???????C?^}~{^}N~?	15	41	1	0
N???????C?^}~{~{N~?	15	41	1	0
N???????E?E@N}r|^}?	15	33	3	5
N???????E?F@p|N}^}?	15	33	3	5
N???????E?F`o|N}^}?	15	33	3	5
N???????E?F~N}N}^}?	15	39	2	0
N???????E?F~N}~{^}?	15	40	2	0
N???????E?F~~{~{^}?	15	41	1	0
N???????E?S?N}V|^}?	15	32	2	6
N???????E?U?R|N}^}?	15	32	2	6
N???????E?V?P|N}^}?	15	32	2	6
N???????E?V_O|N}^}?	15	32	2	6
N???????E?W?~{N~^}?	15	34	2	0
N???????E?[?N}F~^}?	15	33	3	3
N???????E?]?B~N}^}?	15	33	3	5
N???????E?^?@~N}^}?	15	33	3	5
N???????F?B`F}w|^}?	15	33	3	7
N???????F?Bpw\F}^}?	15	33	3	7
N???????F?B~F}F}^}?	15	37	3	0
N???????F?B~F}~{^}?	15	39	2	0
N???????F?B~~{~{^}?	15	41	1	0
N???????F?R?F}X|^}?	15	32	2	8
N???????F?R_W|F}^}?	15	32	2	8
N???????F?RoW\F}^}?	15	32	2	8
N???????F?Y?F}J|^}?	15	32	2	6
N???????F?Z?H|F}^}?	15	32	2	8
N???????F?[?F~F~^}?	15	34	3	0
N???????F?[?F~~{^}?	15	35	2	0
N???????F?[?w?~{B~o	15	29	3	0
N???????F?]?F}B~^}?	15	33	3	3
N???????F?^?@~F}^}?	15	33	3	5
N???????F_@xB}{L^}?	15	33	3	5
N???????F_@~B}B}^}?	15	35	3	0
N???????F_@~B}~{^}?	15	38	2	0
N???????F_@~~{~{^}?	15	41	1	0
N???????F_PoB}[\^}?	15	32	2	10
N???????F_Pw[LB}^}?	15	32	2	8
N???????F_X_B}K|^}?	15	32	2	10
N???????F_XoK\B}^}?	15	32	2	10
N???????F_\?B}D|^}?	15	32	2	6
N???????F_]?B~B~^}?	15	34	4	0
N???????F_]?B~~{^}?	15	36	2	0
N???????F_]?{?B~~}?	15	31	3	0
N???????F_^?B}@~^}?	15	33	3	3
N???????Fo?~~{~{^}?	15	41	1	0
N???????FoO{@}]D^}?	15	32	2	6
N???????FoWw@}ML^}?	15	32	2	10
N???????Fo^?@~@~^}?	15	34	4	0
N???????Fo^?@~~{^}?	15	37	2	0
N???????Fo^?}?@~~}?	15	33	3	0
N???????F~~}~{~{^}?	15	50	0	0
N??????_A?[?F~^{V|?	15	32	3	6
N??????_A?]?B~^{V|?	15	32	3	6
N??????_A?^?@~^{V|?	15	32	3	6
N??????_A?^{N}^{V|?	15	38	2	5
N??????_B?Q@F}Z|^{?	15	32	3	8
N??????_B?R@F}X|^{?	15	32	4	8
N??????_B?R`W|F}^{?	15	32	4	8
N??????_B?R|F}~wN}?	15	37	3	5
N??????_B?[?fyF~N}?	15	32	3	6
N??????_B?]?fyB~N}?	15	32	4	8
N??????_B?^?@~fyN}?	15	32	4	8
N??????_B_P`B}[|^{?	15	32	4	10
N??????_B_PpB}[\^{?	15	32	4	10
N??????_B_P|B}~wN}?	15	36	3	5
N??????_B_]?byB~N}?	15	32	4	6
N??????_B_^?by@~N}?	15	32	4	8
N??????_BoOx@}]L^{?	15	32	4	8
N??????_BoO|@}~wN}?	15	35	3	5
N??????_Bo^?`y@~N}?	15	32	4	6
N??????_E?GA~w^{F|_	15	32	3	5
N??????_E?KAfx~wF~?	15	32	3	7
N??????_E?MAbx~wF~?	15	32	3	8
N??????_E?V?P|~wF~?	15	32	3	8
N??????_E?V_O|~wF~?	15	32	3	8
N??????_E?^{N}^{N}?	15	39	2	4
N??????_E?^{~wN}N}?	15	39	2	3
N??????_F?BpW\F}^{?	15	32	4	10
N??????_F?B~F}^{^{?	15	38	3	3
N??????_F?B~^{^{^{?	15	39	2	4
N??????_F?B~^{~w^{?	15	39	2	4
N??????_F?KAFzF}^{?	15	32	4	6
N??????_F?KAFz~wN}?	15	33	3	5
N??????_F?KAF}fx^{?	15	32	3	8
N??????_F?MABzF}^{?	15	32	4	8
N??????_F?MAbxF}^{?	15	32	3	10
N??????_F?R?F}X|^{?	15	32	3	10
N??????_F?R_W|F}^{?	15	32	3	10
N??????_F?RoW\F}^{?	15	32	3	10
N??????_F?[?F~^{^{?	15	34	3	3
N??????_F_@~B}^{^{?	15	37	3	3
N??????_F_@~^{^{^{?	15	39	2	4
N??????_F_@~^{~w^{?	15	39	2	4
N??????_F_MABzB}^{?	15	32	4	6
N??????_F_MABz~wN}?	15	34	3	5
N??????_F_MAB}bx^{?	15	32	3	8
N??????_F_PoB}[\^{?	15	32	3	12
N??????_F_Pw[LB}^{?	15	32	3	10
N??????_F_]?B~~wN}?	15	35	3	3
N??????_Fo?~~w~wN}?	15	39	2	4
N??????_FoO{@}]D^{?	15	32	3	8
N??????_Fo^?@~~wN}?	15	36	3	3
N??????_F~^{~w^{N}?	15	46	1	0
N??????_F~^{~w~wN}?	15	46	1	0
N??????o@_@b{xN{X|?	15	32	4	10
N??????o@_@r{XN{X|?	15	32	5	10
N??????o@_@~N{ry^{?	15	36	4	8
N??????o@_EAB}rz^{?	15	32	3	8
N??????o@_FAB}pz^{?	15	32	4	10
N??????o@_FaB}oz^{?	15	32	5	10
N??????o@_]?B~N{X|?	15	32	4	10
N??????o@_^?@~N{X|?	15	32	5	10
N??????o@_`q{XryF}?	15	32	4	12
N??????o@_`y{HryF}?	15	32	4	12
N??????o@_f}ryN{^{?	15	38	3	5
N??????o@_f}ry~w^{?	15	39	3	6
N??????o@_{?BzF|^{?	15	32	4	8
N??????o@_{?F|ry^{?	15	33	4	7
N??????o@_}?B|Bz^{?	15	32	5	7
N??????o@_}?B|ryF}?	15	32	4	10
N??????o@_}?B|ry^{?	15	33	4	8
N??????o@o?zpy}HF}?	15	32	5	12
N??????o@o?~pyN{^{?	15	35	4	8
N??????o@oFA@}pz^{?	15	32	4	8
N??????o@oFa@}oz^{?	15	32	5	10
N??????o@oW`@}M|^{?	15	32	4	11
N??????o@oWp@}M\^{?	15	32	5	11
N??????o@o^?@~pyF}?	15	32	5	10
N??????o@o_ypy}HF}?	15	32	4	14
N??????o@o_|@{}@~{?	15	32	5	8
N??????o@o_|}@N{^{?	15	34	4	8
N??????o@o_|}@pyF}?	15	32	5	10
N??????o@o_}}@pyF}?	15	32	4	12
N??????o@o_}}@py^{?	15	33	4	11
N??????o@ofAN{pz^{?	15	35	4	5
N??????o@ov?@|Pz^{?	15	32	5	8
N??????o@ov?PzN{^{?	15	34	4	7
N??????o@ow|N{N{^{?	15	38	3	7
N??????o@ow|N{~w^{?	15	39	3	6
N??????o@ow|pyN{^{?	15	37	4	5
N??????o@o}?@zB|^{?	15	32	5	9
N??????o@o}?B|py^{?	15	33	4	10
N??????o@wc]oyv@^{?	15	33	4	13
N??????o@wfaozN{^{?	15	36	4	5
N??????o@ww\N{N{^{?	15	38	3	7
N??????o@ww\N{~w^{?	15	39	3	6
N??????o@~f}N{N{^{?	15	43	2	0
N??????o@~f}N{~w^{?	15	44	2	0
N??????o@~f}~w~w^{?	15	45	2	0
N??????o@~~{~w~w^{?	15	46	1	0
N??????oD?B~N{Vy^{?	15	37	3	6
N??????oD?EAF}Rz^{?	15	32	4	9
N??????oD?FAPzF}^{?	15	32	4	10
N??????oD?FaOzF}^{?	15	32	4	10
N??????oD?F}N{Vy^{?	15	37	3	6
N??????oD?F}Vy~w^{?	15	38	2	6
N??????oD?K?N{VyR{_	15	30	3	10
N??????oD_@~RyN{^{?	15	36	4	7
N??????oD_FAB}Pz^{?	15	32	5	10
N??????oD_H`B}K|^{?	15	32	5	12
N??????oD_HpK\B}^{?	15	32	5	12
N??????oD_H|N{N{^{?	15	37	3	8
N??????oD_H|N{~w^{?	15	38	2	7
N??????oD_H|RyN{^{?	15	36	3	6
N??????oD_M?RybxF}?	15	30	3	12
N??????oD_U?RzN{^{?	15	33	3	6
N??????oDo?~PyN{^{?	15	35	4	7
N??????oDoGx@}ML^{?	15	32	5	10
N??????oDoG|N{N{^{?	15	37	3	8
N??????oDoG|N{~w^{?	15	38	2	7
N??????oDoG|PyN{^{?	15	35	3	6
N??????oDoN?Py`xF}?	15	30	3	12
N??????oDoV?PzN{^{?	15	34	3	6
N??????oE?V?Px~wF~?	15	32	3	10
N??????oE?]?B~~wF~?	15	34	4	5
N??????oE?^?@~~wF~?	15	34	5	7
N??????oE?^{N}~wF~?	15	40	4	0
N??????oE?^{N}~w^{?	15	40	2	0
N??????oF?FA@zF}^{?	15	32	4	10
N??????oF?FApxF}^{?	15	33	4	9
N??????oF?FaoxF}^{?	15	33	4	10
N??????oF?F}F}F}^{?	15	38	3	3
N??????oF?F}F}~w^{?	15	39	3	3
N??????oF?F}N{F}^{?	15	38	3	4
N??????oF?Y?F}J|^{?	15	33	4	6
N??????oF?Z?H|F}^{?	15	33	4	8
N??????oF?[?N{~wB~_	15	34	4	4
N??????oF_@~B}N{^{?	15	37	4	5
N??????oF_@~N{N{^{?	15	38	3	6
N??????oF_@~N{~w^{?	15	39	3	5
N??????oF_X_B}K|^{?	15	33	4	10
N??????oF_XoK\B}^{?	15	33	4	12
N??????oF_]?B~N{^{?	15	35	4	5
N??????oFo^?@~N{^{?	15	36	4	5
N??????w?w?^FcwY~{?	15	32	5	10
N??????w?w?^F{wy^{?	15	34	4	11
N??????w?w?^~@F{[\?	15	32	5	14
N??????w?wBa?}wz^{?	15	32	4	9
N??????w?wa]z@wy^{?	15	34	4	10
N??????w?wb}wyF{^{?	15	37	4	7
N??????w?wb}wy~w^{?	15	39	3	7
N??????w?wz?@|Gz^{?	15	32	5	11
N??????w?w}?wyB|^{?	15	34	4	9
N??????w?{bMwYx`^{?	15	34	4	10
N??????w?{bqF{wZ^{?	15	36	5	5
N??????w?{{LF{F{^{?	15	37	4	6
N??????w?{{LF{~w^{?	15	39	3	5
N??????w?~b}F{F{^{?	15	40	3	0
N??????w?~b}F{~w^{?	15	42	3	0
N??????w?~b}~w~w^{?	15	44	2	0
N??????w?~~{~w~w^{?	15	46	1	0
N??????wCo?~F{Xy^{?	15	35	4	10
N??????wCoBa@}Wz^{?	15	32	5	12
N??????wCoBqWZ@}^{?	15	32	5	13
N??????wCoB}XyF{^{?	15	36	3	8
N??????wCoB}Xy~w^{?	15	38	2	9
N??????wCoN?`xF{K|?	15	30	3	16
N??????wCwK\F{F{^{?	15	36	3	10
N??????wCwK\F{~w^{?	15	38	2	9
N??????wCwK\WyF{^{?	15	35	3	8
N??????wCwO[Wy^@B}?	15	30	3	16
N??????wCwR_F{Wz^{?	15	34	3	8
N??????wE_@~F{Jy^{?	15	36	4	6
N??????wE_B}F{Jy^{?	15	36	3	7
N??????wE_B}Jy~w^{?	15	38	2	6
N??????wE_[?JyF|^{?	15	33	3	7
N??????wEo?~HyF{^{?	15	35	4	8
N??????wEoC|F{F{^{?	15	36	3	9
N??????wEoC|F{~w^{?	15	38	2	8
N??????wEoC|HyF{^{?	15	35	3	8
N??????wEoZ?HzF{^{?	15	34	3	8
N??????wF?BbwxF}^{?	15	35	5	7
N??????wF?B~F}F}^{?	15	39	3	0
N??????wF?B~F}~w^{?	15	40	4	0
N??????wF?B~~w~w^{?	15	41	2	0
N??????wF?R?XxF}^{?	15	33	3	8
N??????wF?R_WxF}^{?	15	33	3	10
N??????wF?Z?HxF}^{?	15	33	3	9
N??????wF?[?~wF~^{?	15	36	3	0
N??????wF?]?F}B~^{?	15	35	4	3
N??????wF?^?@~F}^{?	15	35	5	5
N??????wF_BqwXB}^{?	15	34	4	8
N??????wF_B}B}B}^{?	15	37	4	3
N??????wF_B}B}~w^{?	15	39	3	3
N??????wF_B}F{B}^{?	15	37	4	4
N??????wF_\?B}D|^{?	15	34	4	6
N??????wF_]?F{B~^{?	15	35	4	4
N??????wFo^?@~F{^{?	15	36	4	6
N??????{?]`}{I~w^{?	15	39	3	3
N??????{?^`}~w~w^{?	15	43	2	0
N??????{?^~{~w~w^{?	15	46	1	0
N??????{C[@}B{[Y^{?	15	35	3	9
N??????{C[@}[Y~w^{?	15	38	2	8
N??????{EW@}B{Ky^{?	15	35	3	10
N??????{EW@}Ky~w^{?	15	38	2	10
N??????{EWF_B{KyW[_	15	30	3	18
N??????{FO?~B{Dy^{?	15	35	4	6
N??????{FO@}B{Dy^{?	15	35	3	7
N??????{FO@}Dy~w^{?	15	38	2	6
N??????{FO]?DyB|^{?	15	34	3	7
N??????{F_@~B}B}^{?	15	38	4	0
N??????{F_@~B}~w^{?	15	40	4	0
N??????{F_@~~w~w^{?	15	42	2	0
N??????{F_Po[XB}^{?	15	34	3	9
N??????{F_X_KxB}^{?	15	34	3	10
N??????{F_]?B~B~^{?	15	37	4	0
N??????{F_]?B~~w^{?	15	38	3	0
N??????{F_]?{?~w@~o	15	34	4	0
N??????{F_^?B}@~^{?	15	36	5	3
N??????{Fo^?B{@~^{?	15	36	4	4
N??????}Fo^?@~~w^{?	15	40	3	0
N??????}Fo^?}?@~~{?	15	37	4	0
N??????~~~^{~w~w^{?	15	54	0	0
N????A?O@?^wN{VyRz?	15	35	3	10
N????A?O@_XxB}^wVy?	15	34	4	10
N????A?O@oWx@}^wVy?	15	33	4	10
N????A?OF?B~F}^wVy?	15	37	3	6
N????A?OF?B~^w^wVy?	15	37	3	8
N????A?OF?B~^wnsF}?	15	37	3	8
N????A?OF?CEFr^wVy?	15	31	4	10
N????A?OF?^wF}^wVy?	15	37	3	8
N????A?OF_@~B}^wVy?	15	36	4	6
N????A?OF_@~^w^wVy?	15	37	3	8
N????A?OF_@~^wnsF}?	15	37	3	8
N????A?OF_@~~o^wVy?	15	37	3	8
N????A?OF_EEBr^wVy?	15	32	4	10
N????A?OF_]?^wns@~_	15	34	4	6
N????A?OFo?~^wnsN{?	15	37	3	8
N????A?OFo?~^wns^w?	15	37	3	8
N????A?OFo^?@~^wVy?	15	35	4	6
N????A?OF}F}^wns^w?	15	42	2	6
N????A?W?oOzF{Xy^w?	15	33	5	13
N????A?W?wOZWyF{^w?	15	32	5	13
N????A?WB?]?fuB~N{?	15	33	4	8
N????A?WB?^?@~^wRz?	15	33	5	10
N????A?WB?^wfu^wB~?	15	37	5	5
N????A?WC_b}F{Zy^w?	15	36	4	8
N????A?WC_b}ZyZy^w?	15	37	3	8
N????A?WC_b}Zy^w^w?	15	37	3	10
N????A?WC_b}Zy~o^w?	15	37	4	10
N????A?WC_mCBrF{^w?	15	31	4	13
N????A?WC_ryF{~oL|?	15	36	4	9
N????A?WC_{?~oZyB}_	15	33	5	9
N????A?WCob}F{Xy^w?	15	36	4	10
N????A?WCob}XyXy^w?	15	36	4	8
N????A?WCob}Xy^w^w?	15	37	4	10
N????A?WCob}Xy~o^w?	15	37	4	10
N????A?WCorAF{Xz^w?	15	34	5	8
N????A?WCoryF{Xy^w?	15	36	4	11
N????A?WCwk\F{F{^w?	15	36	4	11
N????A?WCwk\F{^w^w?	15	37	4	10
N????A?WCwk\F{fs^w?	15	36	4	11
N????A?WCwk\F{~o^w?	15	37	4	10
N????A?WCwraF{Wz^w?	15	35	5	8
N????A?WC}b}~o~oN{?	15	41	3	6
N????A?WC}ryF{^w^w?	15	40	3	6
N????A?WF?KC~oF}Ry_	15	33	4	8
N????A?WF?MCbtF}^w?	15	33	5	10
N????A?WF?NC`tF}^w?	15	33	5	12
N????A?WF?RAXxF}^w?	15	33	5	11
N????A?WF?RyF}F}N{?	15	37	3	6
N????A?WF?RyF}^wN{?	15	37	4	7
N????A?WF?RyF}~oN{?	15	37	4	7
N????A?WF?RyfsF}N{?	15	36	4	8
N????A?WF_RyB}B}N{?	15	36	4	8
N????A?WF_RyB}F{N{?	15	36	4	9
N????A?WF_RyB}^wN{?	15	37	4	9
N????A?WF_RyB}~oN{?	15	37	4	9
N????A?WF_RyfsB}N{?	15	36	4	10
N????A?WF_]?fsB~N{?	15	34	5	8
N????A?WFo^?@~fsN{?	15	35	5	8
N????A?[B_Pb[xB}^w?	15	34	5	10
N????A?[B_PzB}~oN{?	15	37	5	5
N????A?[B_]?buB~N{?	15	34	4	6
N????A?[B_^?bu@~N{?	15	34	5	8
N????A?[CW`}B{[y^w?	15	35	5	10
N????A?[CW`}[y[y^w?	15	36	4	10
N????A?[CW`}[y^w^w?	15	37	4	11
N????A?[CW`}[y~o^w?	15	37	4	10
N????A?[CWpyB{[y^w?	15	35	5	11
N????A?[CW}?[yB|^w?	15	34	5	11
N????A?[C[`}B{[Y^w?	15	35	5	10
N????A?[C[mLB{^w^w?	15	37	4	9
N????A?[C[mLB{~o^w?	15	37	4	9
N????A?[C[pyB{[Y^w?	15	35	5	9
N????A?[C]`}~o~oN{?	15	40	3	6
N????A?[C]pyB{^w^w?	15	38	4	6
N????A?[F_MCB}bt^w?	15	34	5	8
N????A?[F_NC`tB}^w?	15	34	5	10
N????A?[F_PyB}B}N{?	15	36	4	6
N????A?[F_PyB}^wN{?	15	37	4	7
N????A?[F_PyB}~oN{?	15	37	4	7
N????A?[F_PybsB}N{?	15	35	5	8
N????A?[F_]?bsB~N{?	15	34	4	7
N????A?[Fo^?bs@~N{?	15	35	5	9
N????A?]BoOz@}~oN{?	15	37	5	5
N????A?]Bo^?`u@~N{?	15	35	5	6
N????A?]CM~?}?@|n{?	15	35	5	7
N????A?oA@^w^wNuFz?	15	37	4	5
N????A?oA@^w^wNuF}?	15	37	3	7
N????A?oA@^w~oN{Vx?	15	37	3	6
N????A?oB@RxFu~oF}?	15	36	4	9
N????A?oB@Rxfq~oF}?	15	36	4	8
N????A?oB@Rx~oN{F}?	15	37	4	7
N????A?oB@Rx~o^wF}?	15	37	3	9
N????A?oB@Rx~o~oF}?	15	37	3	8
N????A?oB`MCbr~oF}?	15	34	4	8
N????A?oB`PxBu~oF}?	15	35	5	9
N????A?oB`Pxbq~oF}?	15	35	4	8
N????A?oB`Px~oN{F}?	15	37	4	9
N????A?oB`Px~o^wF}?	15	37	3	10
N????A?oB`Px~o~oF}?	15	37	3	10
N????A?oDo?~PyN{^w?	15	35	5	9
N????A?oDoFAPz~oF}?	15	34	5	9
N????A?oDoG|Py~oF}?	15	35	4	8
N????A?oDoG|~oN{F}?	15	37	4	10
N????A?oDoG|~o^wF}?	15	37	3	10
N????A?oDoG|~o~oF}?	15	37	3	10
N????A?oDoOwPy]HF}?	15	31	4	15
N????A?oDoV?Pz~oF}?	15	34	4	8
N????A?oF?KC~oFvF}?	15	33	5	9
N????A?oF?^wF}^wF}?	15	38	4	6
N????A?oF_@~N{~oN{?	15	38	4	8
N????A?oF_EEB}rpN{?	15	33	5	12
N????A?oF_MCBv~oF}?	15	34	5	9
N????A?oFo?~~oN{N{?	15	38	4	9
N????A?oFoWw@}MLN{?	15	33	5	15
N????A?oF}F}^w^wN{?	15	43	2	5
N????A?oF}^wN{N{N{?	15	43	3	3
N????A?oF}^wN{^wN{?	15	43	2	4
N????A?oF}^w~oN{N{?	15	43	2	3
N????A?w?pb}xq~oN{?	15	38	4	10
N????A?w?x{XF{^w^w?	15	38	4	8
N????A?w?~b}F{~oN{?	15	41	3	3
N????A?w?~b}^w^w^w?	15	42	3	4
N????A?w?~b}^w~o^w?	15	42	3	4
N????A?w?~n{^w^w^w?	15	43	2	5
N????A?w?~n{^w~o^w?	15	43	2	5
N????A?w?~n{~o~o^w?	15	43	2	4
N????A?wA`B}jq~oN{?	15	37	3	11
N????A?wApSxF{^w^w?	15	37	3	12
N????A?wB@BzFuF{^w?	15	36	4	6
N????A?wB@BzFu~oN{?	15	37	5	5
N????A?wB@BzF{F{^w?	15	36	4	7
N????A?wB@BzF{^w^w?	15	37	4	7
N????A?wB@BzF{fq^w?	15	36	4	8
N????A?wB@BzF{~o^w?	15	37	4	6
N????A?wB@Bz~o~oN{?	15	38	3	6
N????A?wB@B}F{fqN{?	15	36	4	9
N????A?wB@B}F{fq^w?	15	36	4	8
N????A?wB@B}fq~oN{?	15	37	3	9
N????A?wB@B}fq~o^w?	15	37	3	8
N????A?wB`@zBuF{^w?	15	35	5	8
N????A?wB`@zF{F{^w?	15	36	4	9
N????A?wB`@zF{^w^w?	15	37	4	9
N????A?wB`@zF{~o^w?	15	37	4	8
N????A?wB`MCBvF{^w?	15	34	5	10
N????A?wB`MCF{br^w?	15	34	4	10
N????A?wB`PxBuF{^w?	15	35	5	10
N????A?wB`PxF{F{^w?	15	36	4	10
N????A?wB`PxF{^w^w?	15	37	3	11
N????A?wB`PxF{~o^w?	15	37	3	10
N????A?wB`PxbqF{^w?	15	35	4	10
N????A?wCo?~F{Xy^w?	15	35	5	12
N????A?wCoB}XyF{^w?	15	36	4	10
N????A?wCoB}Xy~oN{?	15	37	3	12
N????A?wCoB}Xy~o^w?	15	37	3	10
N????A?wCw?^WyF{^w?	15	34	5	12
N????A?wCwK\F{F{^w?	15	36	4	12
N????A?wCwK\F{^w^w?	15	37	3	12
N????A?wCwK\F{~o^w?	15	37	3	12
N????A?wCwK\WyF{^w?	15	35	4	10
N????A?wCwR_F{Wz^w?	15	34	4	10
N????A?wE_B}Jy~oN{?	15	37	3	9
N????A?wEoC|F{^w^w?	15	37	3	11
N????A?wF?B~F}^w^w?	15	39	5	3
N????A?wF?B~^w^w^w?	15	39	3	4
N????A?wF?B~^w~o^w?	15	39	3	4
N????A?wF?KC^w~oBz_	15	34	4	6
N????A?wF?KCfp^wBz_	15	33	4	8
N????A?wF?KCfp^wB~?	15	33	4	9
N????A?wF?MCBvF}^w?	15	34	5	8
N????A?wF?MCbpF}^w?	15	33	4	10
N????A?wF?NC@vF}^w?	15	34	6	10
N????A?wF_@~F{~oN{?	15	38	4	6
N????A?wF_MCBvF{^w?	15	34	5	9
N????A?{?\`}{Q~oN{?	15	38	4	6
N????A?{?^`}^w^w^w?	15	41	3	4
N????A?{?^`}^w~o^w?	15	41	3	4
N????A?{?^n{^w^w^w?	15	43	2	5
N????A?{?^n{^w~o^w?	15	43	2	5
N????A?{?^n{~o~o^w?	15	43	2	5
N????A?{AX@}kq~oN{?	15	37	3	11
N????A?{BP@}dq~oN{?	15	37	3	13
N????A?{B`@z~o~oN{?	15	39	3	6
N????A?{B`@}Bu^w^w?	15	37	4	7
N????A?{B`@}Bubq^w?	15	35	5	8
N????A?{B`@}Bu~o^w?	15	37	4	7
N????A?{B`@}B{bqN{?	15	35	4	9
N????A?{B`@}B{bq^w?	15	35	4	9
N????A?{B`@}bq~oN{?	15	37	3	9
N????A?{B`@}bq~o^w?	15	37	3	9
N????A?{C[@}B{[Y^w?	15	35	4	11
N????A?{C[@}[Y~oN{?	15	37	3	11
N????A?{C[@}[Y~o^w?	15	37	3	11
N????A?{EW@}Ky~oN{?	15	37	3	13
N????A?{FO@}Dy~oN{?	15	37	3	9
N????A?{F_@~B}~oN{?	15	39	5	3
N????A?{F_@~~o^wN{?	15	40	3	4
N????A?{F_@~~o~oN{?	15	40	3	4
N????A?{F_MCBv^w^w?	15	36	4	6
N????A?{F_MCB}Bv^w?	15	35	5	6
N????A?{F_MCbpBvN{?	15	34	5	8
N????A?{F_MCbpB}N{?	15	34	4	9
N????A?{F_MCbpB}^w?	15	34	4	9
N????A?{F_NC@vB}^w?	15	35	5	8
N????A?{F_Po[XB}^w?	15	34	4	11
N????A?{F_]?B~^w^w?	15	37	4	3
N????A?}Fo^?@~^w^w?	15	39	4	3
N????A?~v}^w^w^wN{?	15	49	1	0
N????A?~v}^w~o^wN{?	15	49	1	0
N????A?~v}^w~o~oN{?	15	49	1	0
N????B?K?W?^Nwrs]X?	15	32	5	16
N????B?K?W@}Kyou^w?	15	32	6	16
N????B?K?X`}{qNwXy?	15	35	5	13
N????B?K?X}XNwrsF{?	15	36	5	12
N????B?K?X}XNwrs^w?	15	37	4	12
N????B?K?X}X{qNwXy?	15	36	4	10
N????B?K?[?N{QNwXy?	15	31	4	16
N????B?K?[ELoUB{^w?	15	31	5	16
N????B?K?\`uNwrs]H_	15	35	5	10
N????B?K?\}HB{NwXy?	15	35	5	12
N????B?K?\}HNwrsF{?	15	36	5	13
N????B?K?\}HNwrs^w?	15	37	5	12
N????B?K?^`}Nwrs^w?	15	38	4	10
N????B?K?^f{rsNw^w?	15	39	4	9
N????B?K?^f{rs~o^w?	15	40	4	9
N????B?K@`@eNw{pXz?	15	33	6	13
N????B?K@`@u{PNwXz?	15	33	6	14
N????B?K@`@}B{ru^w?	15	35	4	10
N????B?K@`@}Nwru^w?	15	36	5	10
N????B?K@`@}ruru^w?	15	37	3	8
N????B?K@`@}ru~o^w?	15	37	5	9
N????B?K@`WAB{Br^w?	15	30	4	14
N????B?K@`]?B|ru^w?	15	34	5	11
N????B?K@`]?NwB|Xz?	15	33	5	12
N????B?K@p@}B{pu^w?	15	35	5	12
N????B?K@p@}puNw^w?	15	36	5	12
N????B?K@p@}pupu^w?	15	36	4	10
N????B?K@p@}purs^w?	15	36	4	11
N????B?K@p@}pu~o^w?	15	37	5	10
N????B?K@pFCB{pv^w?	15	34	5	10
N????B?K@p]?B|pu^w?	15	34	6	13
N????B?K@xFcB{ov^w?	15	35	5	10
N????B?K@xWZB{B{^w?	15	35	5	14
N????B?K@xWZB{Nw^w?	15	36	5	13
N????B?K@xWZB{~o^w?	15	37	5	11
N????B?KF_@~B}NwXy?	15	36	4	10
N????B?KF_@~NwrsF{?	15	36	5	12
N????B?KF_@~Nwrs^w?	15	37	5	10
N????B?KF_FcotB}^w?	15	34	6	15
N????B?KF_]?Nwrs@~_	15	34	4	10
N????B?KFo^?@~NwXy?	15	35	5	10
N????B?KG\@qNwrs]H_	15	34	6	13
N????B?KG\WJ{QrsF{?	15	34	6	13
N????B?KG\]HrsNwF{?	15	36	4	12
N????B?KG\]HrsNw^w?	15	37	4	13
N????B?KG\]HrsrsF{?	15	36	5	12
N????B?KG\]H{QNwXy?	15	35	5	12
N????B?KG^@{Bs{B~w?	15	35	5	8
N????B?KHXYXrsNw^w?	15	37	4	13
N????B?KHpF{purs^w?	15	38	5	8
N????B?KHpXApuLx^w?	15	35	6	12
N????B?KHxE[ourD^w?	15	35	6	13
N????B?KHxWZNwrs^w?	15	38	5	10
N????B?KH~XyNwNw^w?	15	41	3	5
N????B?KH~XyNwrs^w?	15	41	4	7
N????B?KH~XyNw~o^w?	15	42	3	6
N????B?KH~Xy~o~o^w?	15	43	3	7
N????B?KLOIxNwrs^w?	15	36	4	14
N????B?KLWIXNwrs^w?	15	36	4	15
N????B?KN?@zBuFy^w?	15	35	5	10
N????B?KN?@zFyFy^w?	15	36	4	8
N????B?KN?@zFyNw^w?	15	36	4	10
N????B?KN?@zFyrs^w?	15	36	5	10
N????B?KN?@zFy~o^w?	15	37	5	8
N????B?KN?B|Fyrs^w?	15	37	5	7
N????B?KN?B|Nwrs^w?	15	37	4	9
N????B?KN?B|rsrs^w?	15	37	4	9
N????B?KN?B|rs~o^w?	15	38	4	8
N????B?KN?U?FyRt^w?	15	33	5	13
N????B?KN?]?FyBv^w?	15	34	6	10
N????B?KNOA|rsNw^w?	15	37	4	11
N????B?KN_@|BuNwXy?	15	35	5	12
N????B?KN_@|BuNw^w?	15	36	5	10
N????B?KN_@|Bu~o^w?	15	37	5	7
N????B?KN_@|ByrsF{?	15	35	5	10
N????B?KN_@|Byrs^w?	15	36	5	8
N????B?KN_@|rsNwF{?	15	36	4	11
N????B?KN_@|rsNw^w?	15	37	4	11
N????B?KN_@|rsrsF{?	15	36	5	10
N????B?KN_@|rsrs^w?	15	37	4	10
N????B?KN_@|rs~o^w?	15	38	4	9
N????B?KN_]?BzBv^w?	15	35	5	7
N????B?KN_]?BzrsF{?	15	34	5	12
N????B?KN_]?Bzrs^w?	15	35	5	9
N????B?M?N_}psNw^@_	15	35	5	10
N????B?M?N_}psNw^w?	15	36	5	10
N????B?M?NfcNGot~w?	15	35	5	10
N????B?M?NfcotNw^w?	15	36	5	12
N????B?M?Nfcotps^w?	15	35	5	11
N????B?M?Nfcot}A^w?	15	35	6	13
N????B?M?Nfcot~o^w?	15	37	5	9
N????B?M?NwyNwNw^w?	15	38	4	10
N????B?M?NwyNw~o^w?	15	39	4	9
N????B?M?NwypsNw^w?	15	37	5	9
N????B?M?Nwyps}AF{?	15	35	6	12
N????B?M?N~@psNwF{?	15	36	5	12
N????B?M?N~@psNw^w?	15	37	5	11
N????B?M@o?vNw}PWz?	15	34	5	12
N????B?M@o?~puNw^w?	15	36	6	8
N????B?M@oFC@}pv^w?	15	34	4	8
N????B?M@oFc@}ov^w?	15	34	5	10
N????B?M@oWb@}Mx^w?	15	34	5	12
N????B?M@o^?@~NwWz?	15	34	5	10
N????B?M@p?}puNw^w?	15	36	5	10
N????B?M@p?}pupu^w?	15	36	4	8
N????B?M@p?}pu~o^w?	15	37	5	8
N????B?M@p?}}@NwWz?	15	34	6	12
N????B?M@p?}}@pu^w?	15	35	6	11
N????B?MFo^?ps@~F{?	15	35	5	11
N????B?MGNOy]BNw^w?	15	36	5	10
N????B?MGNOy]Bps^w?	15	35	5	10
N????B?MGNOy]B~o^w?	15	37	5	9
N????B?MGNWyps}AF{?	15	35	5	13
N????B?MGNWyps}A^w?	15	36	5	11
N????B?MGNWy}ANwF{?	15	36	4	14
N????B?MGNWy}ANw^w?	15	37	4	13
N????B?MGNWy}A~o^w?	15	38	4	11
N????B?MHLWyuQNw^w?	15	37	4	14
N????B?MHhWyqqNw^w?	15	37	4	11
N????B?MHpF{Nwpu^w?	15	39	4	7
N????B?MHpF{pupu^w?	15	39	6	5
N????B?MHpF{pu~o^w?	15	40	4	6
N????B?MHpV?PvNw^w?	15	36	5	8
N????B?MHp]?@vBx^w?	15	34	6	13
N????B?MHp]?Bxpu^w?	15	35	5	13
N????B?MLKJHpsNw^w?	15	36	4	14
N????B?MLoGzNwNw^w?	15	38	4	9
N????B?MLoGzNw~o^w?	15	39	4	8
N????B?MLoN?Pu`tF{?	15	33	5	12
N????B?MLoV?@zPv^w?	15	35	5	8
N????B?MLoV?PvNw^w?	15	36	5	8
N????B?MLoWyPuNw^w?	15	37	5	9
N????B?MLo]?BxPu^w?	15	34	5	13
N????B?MMKfLpsNw^w?	15	38	5	8
N????B?MMMf{NwNw^w?	15	41	3	7
N????B?MMMf{Nw~o^w?	15	42	3	7
N????B?MMMf{~o~o^w?	15	43	3	6
N????B?MMMwyNwNw^w?	15	40	4	7
N????B?MMMwyNw~o^w?	15	41	4	6
N????B?MNGWyEyNw^w?	15	37	4	12
N????B?MN_@|Byps^w?	15	36	5	10
N????B?MN_@|psNw^w?	15	37	4	13
N????B?MN_@|ps~o^w?	15	38	4	11
N????B?MN_WypsBy^w?	15	36	5	13
N????B?MN_]?@vBz^w?	15	35	5	9
N????B?MN_]?psBz^w?	15	35	5	11
N????B?NHxFcNwov^w?	15	39	4	5
N????B?Nx~F{NwNw^w?	15	45	2	0
N????B?Nx~F{Nw~o^w?	15	46	2	0
N????B?Nx~F{~o~o^w?	15	47	2	0
N????B?Nx~^w~o~o^w?	15	48	2	0
N????B?N~}^w~o~o^w?	15	49	1	0
N????B?g?p{xNwVs^w?	15	37	4	11
N????B?g?x{XNwVs^w?	15	37	5	12
N????B?g?~b}NwVs^w?	15	40	3	6
N????B?g?~f{NwVs^w?	15	40	3	8
N????B?g?~f{Vs~o^w?	15	41	4	6
N????B?g@`B}F{Ru^w?	15	36	4	10
N????B?g@`B}RuNw^w?	15	36	4	11
N????B?g@`B}RuVs^w?	15	36	4	11
N????B?g@`B}Ru~o^w?	15	37	5	9
N????B?g@`B}rqVs^w?	15	36	4	10
N????B?g@`F{rqVs^w?	15	36	4	12
N????B?g@`IAF{br^w?	15	32	5	13
N????B?g@`[?Ru~oB}_	15	33	6	11
N????B?g@pFCPvF{^w?	15	34	5	10
N????B?g@pGzF{F{^w?	15	36	4	12
N????B?g@pGzF{Nw^w?	15	36	4	13
N????B?g@pGzF{Vs^w?	15	36	4	13
N????B?g@pGzF{~o^w?	15	37	5	11
N????B?g@pGzPuF{^w?	15	35	5	10
N????B?g@pGzVsNw^w?	15	36	4	12
N????B?g@pJAPuHx^w?	15	32	5	16
N????B?g@pJA`rF{^w?	15	33	6	13
N????B?g@pWxF{Vs^w?	15	36	5	12
N????B?g@pWxNwVs^w?	15	36	4	13
N????B?g@pWxPuF{^w?	15	35	5	11
N????B?g@~F{NwVs^w?	15	40	3	6
N????B?g@~F{VsVs^w?	15	40	3	8
N????B?g@~F{Vs~o^w?	15	41	3	7
N????B?g@~Jy~o~o^w?	15	42	2	6
N????B?gB?F{VsfqF{?	15	34	4	10
N????B?gB?F{Vsfq^w?	15	35	3	12
N????B?gB_PxNwVs^w?	15	35	3	14
N????B?gCwKXNwVs^w?	15	35	3	14
N????B?gEoC|F{Vs^w?	15	36	5	12
N????B?gEoC|NwVs^w?	15	36	4	12
N????B?gEoJAHzF{^w?	15	34	6	11
N????B?gF?FCPt~oB~?	15	33	6	13
N????B?gF?F{Vs~oB~?	15	37	5	8
N????B?gF_F{VsB}^w?	15	37	5	10
N????B?k?\}HRsNw^w?	15	37	5	11
N????B?k?^`}RsNw^w?	15	38	4	8
N????B?k?^hyNwNw^w?	15	39	4	9
N????B?k?^hyNw~o^w?	15	40	4	8
N????B?k?^hyRsNw^w?	15	38	4	8
N????B?k@XYXRsNw^w?	15	36	4	15
N????B?k@p@}B{Pu^w?	15	35	5	12
N????B?k@p@}PuNw^w?	15	36	5	12
N????B?k@p@}PuRs^w?	15	35	5	11
N????B?k@p@}Pu~o^w?	15	37	5	10
N????B?k@p@}pqRs^w?	15	35	5	13
N????B?k@pFCB{Pv^w?	15	34	6	12
N????B?k@pGzPuB{^w?	15	35	5	10
N????B?k@pGzRsNw^w?	15	36	5	10
N????B?k@pWxPuB{^w?	15	35	5	12
N????B?k@pWxRsNw^w?	15	36	4	12
N????B?k@p]?PuB|^w?	15	34	6	12
N????B?kAW`}B{Ky^w?	15	35	5	12
N????B?kAW`}KyNw^w?	15	36	5	14
N????B?kAW`}Ky~o^w?	15	37	5	12
N????B?kAW`}kqNw^w?	15	36	5	12
N????B?kAWhyB{Ky^w?	15	35	5	13
N????B?kAWhykqNw^w?	15	36	4	12
N????B?kAW}?KyB|^w?	15	34	6	13
N????B?kA]f{NwNw^w?	15	40	3	8
N????B?kA]f{Nw~o^w?	15	41	3	9
N????B?kA]f{~o~o^w?	15	42	2	7
N????B?kA]hyNwNw^w?	15	39	4	8
N????B?kA]hyNw~o^w?	15	40	3	7
N????B?kA]hyRsNw^w?	15	38	4	6
N????B?kBOHydqNw^w?	15	35	3	16
N????B?kB_HyRsbqF{?	15	33	4	13
N????B?kB_HybqNw@~?	15	34	4	12
N????B?kB_HybqNwF{?	15	34	4	12
N????B?kB_HybqNw^w?	15	35	3	13
N????B?kCWGZB{Ky^w?	15	33	6	16
N????B?kCWHy[qNw^w?	15	35	3	16
N????B?kC[MHRsNw^w?	15	35	3	15
N????B?kDOHyTqNw^w?	15	35	3	13
N????B?kDWIXRsNw^w?	15	35	3	15
N????B?kD_FCB}Pv^w?	15	34	6	10
N????B?kD_HbKxB}^w?	15	34	6	12
N????B?kD_HzB}Nw^w?	15	37	6	7
N????B?kD_HzNwNw^w?	15	37	4	8
N????B?kD_HzNw~o^w?	15	38	3	7
N????B?kD_HzRuNw^w?	15	37	5	7
N????B?kD_M?bpNwHz?	15	31	4	13
N????B?kDo@}PuNw^w?	15	36	5	10
N????B?kDoFCB{Pv^w?	15	34	6	11
N????B?kDoGzRsNw^w?	15	36	4	10
N????B?kEOHyB{Ly^w?	15	35	5	13
N????B?kEOHyLyNw^w?	15	36	4	12
N????B?kEWHyB{Ky^w?	15	35	5	15
N????B?kEWHyKyNw^w?	15	36	4	14
N????B?kF?HyFyNw^w?	15	36	4	11
N????B?kFOHyDyNw^w?	15	36	4	13
N????B?kF_HyB}Nw^w?	15	37	5	9
N????B?mAMf{NwNw^w?	15	40	3	9
N????B?mAMf{Nw~o^w?	15	41	3	9
N????B?mAMf{~o~o^w?	15	42	2	8
N????B?mCMGy]ANwF{?	15	34	4	14
N????B?mCMGy]ANw^w?	15	35	3	13
N????B?mDKGyUQNw^w?	15	35	3	17
N????B?mDgGyQqNw^w?	15	35	3	13
N????B?mDo?~PuNw^w?	15	37	6	7
N????B?mDoGzNwNw^w?	15	38	4	8
N????B?mDoGzNw~o^w?	15	39	3	7
N????B?mDoGzPuNw^w?	15	37	5	7
N????B?mDoN?`pPuF{?	15	32	4	13
N????B?mDoV?PvNw^w?	15	36	4	6
N????B?mEKGyMYNw^w?	15	36	4	12
N????B?mFGGyEyNw^w?	15	36	4	14
N????B?o@_X@B}~oE}_	15	33	4	10
N????B?o@_X`B}K|^w?	15	33	5	12
N????B?o@_XxB}~oF}?	15	36	6	8
N????B?o@_]?rqB~F}?	15	33	4	10
N????B?o@_^?rq@~F}?	15	33	5	12
N????B?o@oW`@}~oF]_	15	33	4	12
N????B?o@oWp@}M\^w?	15	33	5	13
N????B?o@oWx@}~oF}?	15	35	6	11
N????B?o@o^?pq@~F}?	15	33	5	13
N????B?oDoGx@}ML^w?	15	33	6	13
N????B?oDoGx@}~oF}?	15	35	6	11
N????B?oDoGx~oN{F}?	15	37	5	9
N????B?oDoGx~o~oF}?	15	37	3	9
N????B?oDoOwPq]@F}?	15	30	4	16
N????B?oDoV?Pr~oF}?	15	34	4	10
N????B?oF_@~B}N{^w?	15	38	4	7
N????B?oF_@~~oN{F}?	15	39	4	6
N????B?oF_@~~o~oF}?	15	39	5	5
N????B?oF_EEBrB}^w?	15	33	5	11
N????B?oF_EEBr~oF}?	15	34	5	12
N????B?oF_EEB}rp^w?	15	34	5	10
N????B?oF_X_B}K|^w?	15	34	6	10
N????B?oF_XoK\B}^w?	15	34	6	12
N????B?oF_]?~oB~F}?	15	36	6	8
N????B?oFo?~~oN{^w?	15	39	5	7
N????B?oFoWw@}ML^w?	15	34	6	14
N????B?oFo^?@~~oF}?	15	37	5	8
N????B?oF}F}~oN{^w?	15	44	4	0
N????B?oF}F}~o~o^w?	15	44	2	0
N????B?w@p?zF{F{^w?	15	36	4	10
N????B?w@p?zF{Nw^w?	15	36	4	12
N????B?w@p?zF{~o^w?	15	37	5	10
N????B?w@p?zpqF{^w?	15	35	6	13
N????B?w@p?z}@F{^w?	15	35	6	13
N????B?w@pFC@vF{^w?	15	34	5	12
N????B?w@pFCF{pr^w?	15	35	5	11
N????B?w@pV?PrF{^w?	15	34	5	13
N????B?w@pWxF{F{^w?	15	37	5	9
N????B?w@pWxF{~o^w?	15	38	4	10
N????B?w@pWxNwF{^w?	15	37	4	11
N????B?w@pWxpqF{^w?	15	36	5	11
N????B?w@pZ?pqHxB}?	15	32	5	16
N????B?w@~B}F{F{^w?	15	41	3	3
N????B?w@~B}F{~o^w?	15	42	4	3
N????B?w@~B}~o~o^w?	15	43	3	3
N????B?w@~F{F{F{^w?	15	41	3	5
N????B?w@~F{F{~o^w?	15	42	3	4
N????B?w@~F{NwF{^w?	15	41	3	5
N????B?wDoGxF{Nw^w?	15	36	4	12
N????B?wE_@~F{Jy^w?	15	37	4	8
N????B?wE_B}F{Jy^w?	15	37	4	8
N????B?wE_B}JyNw^w?	15	37	4	8
N????B?wE_B}Jy~o^w?	15	38	4	6
N????B?wE_ECrpF{D|?	15	32	5	12
N????B?wEoC|@}F{^w?	15	36	5	11
N????B?wEoC|F{F{^w?	15	37	5	10
N????B?wEoC|F{~o^w?	15	38	4	8
N????B?wEoC|HyF{^w?	15	36	5	11
N????B?wEoC|NwF{^w?	15	37	4	10
N????B?wF?ECrp~oB~?	15	34	5	8
N????B?wF?FCpp~oB~?	15	34	5	10
N????B?wF?F{Nw~oB~?	15	38	4	7
N????B?wF?F{~o~oB~?	15	39	4	4
N????B?wF_B}NwB}^w?	15	38	5	7
N????B?wFo?~NwF{^w?	15	38	5	9
N????B?{?^`}NwNw^w?	15	40	4	7
N????B?{?^`}Nw~o^w?	15	41	4	5
N????B?{?^f{NwNw^w?	15	41	3	7
N????B?{?^f{Nw~o^w?	15	42	3	6
N????B?{?^f{~o~o^w?	15	43	3	5
N????B?{EW@}B{Ky^w?	15	36	5	12
N????B?{EW@}KyNw^w?	15	37	4	12
N????B?{EW@}Ky~o^w?	15	38	4	10
N????B?{EWWWB{KyFc_	15	32	5	18
N????B?{FO@}DyNw^w?	15	37	4	10
N????B?{F_@~B}Nw^w?	15	39	6	5
N????B?{F_@~NwNw^w?	15	39	4	7
N????B?{F_@~Nw~o^w?	15	40	4	5
N????B?{F_X_KxB}^w?	15	35	5	12
N????B?{F_]?NwB~^w?	15	37	5	5
N????B?}Fo^?@~Nw^w?	15	39	4	5
N????B_FG|[JFwws^w?	15	38	6	7
N????B_FG~B{wsws^w?	15	39	5	10
N????B_FG~B{ws~o^w?	15	41	4	6
N????B_FG~[Y~o~o^w?	15	43	3	5
N????B_FKeL`Fwws^w?	15	36	4	14
N????B_FMcDhFwws^w?	15	36	4	13
N????B_FN_@|Byws^w?	15	37	6	9
N????B_FN_B{Byws^w?	15	37	5	10
N????B_FN_R_ByWt^w?	15	35	5	14
N????B_FN_[YBy~o^w?	15	39	4	8
N????B_FN_[YwsBy^w?	15	37	5	11
N????B_FN_]?wsBz^w?	15	36	5	10
N????B_Fw~B{~o~o^w?	15	45	3	0
N????B_Fw~^w~o~o^w?	15	47	2	0
N????B_F~}^w~o~o^w?	15	49	1	0
N????B_e?N_}FwXs^w?	15	36	5	10
N????B_e?Nb{FwXs^w?	15	37	5	11
N????B_e?Nb{Xs~o^w?	15	39	4	10
N????B_e?N~@FwXs^w?	15	37	5	12
N????B_e?lB{yQXs^w?	15	36	4	14
N????B_e?x?}FwWu^w?	15	35	6	15
N????B_e?x?}WuWu^w?	15	35	5	11
N????B_e?x?}Wu~o^w?	15	37	5	11
N????B_e?x?}XsWu^w?	15	35	5	13
N????B_e?x?}Xswq^w?	15	35	5	15
N????B_e?xB{WuXs^w?	15	36	5	12
N????B_e?xB{wqXs^w?	15	36	4	13
N????B_e?xKaWuEx^w?	15	34	6	15
N????B_e?xR_@{Wv^w?	15	34	6	13
N????B_e?~B{FwXs^w?	15	38	4	8
N????B_e?~KyFwXs^w?	15	38	4	11
N????B_e?~KyFw~o^w?	15	40	3	9
N????B_e?~Ky~o~o^w?	15	42	2	9
N????B_eAgB{Xsiq^w?	15	35	3	18
N????B_eB_B{bqXs^w?	15	35	3	15
N????B_eBoN?`rFwKy?	15	32	4	16
N????B_eCK?}EYWU^w?	15	32	6	19
N????B_eCKB{Xs]Q^w?	15	35	3	18
N????B_eCMN@FwXs?}_	15	33	5	16
N????B_eCMN@FwXsB{?	15	33	4	16
N????B_eCMN@FwXs^w?	15	35	3	16
N????B_eCMOw]BFwKy?	15	32	4	16
N????B_eEKFHXsFw^w?	15	35	3	16
N????B_eEgDXFwXs^w?	15	35	3	16
N????B_eFG?}EyXs^w?	15	35	5	13
N????B_eFGKyEyFw^w?	15	36	4	12
N????B_eF_@|FwXs^w?	15	36	4	12
N????B_fAeKYjAFw^w?	15	35	3	15
N????B_fBEb{FwFw^w?	15	38	4	9
N????B_fBEb{Fw~o^w?	15	40	3	9
N????B_fBEb{~o~o^w?	15	42	2	8
N????B_fCeKYZAFw^w?	15	35	3	16
N????B_fCsKYXQFw^w?	15	35	3	14
N????B_fCwB{FwWu^w?	15	37	4	11
N????B_fCwB{Wu~o^w?	15	39	3	9
N????B_fCwKZWuFw^w?	15	37	5	9
N????B_fCwR_FwWv^w?	15	36	4	8
N????B_fEEF`WsFw^w?	15	35	3	14
N????B_fEcDhWsFw^w?	15	35	3	16
N????B_fF_KYFwBy^w?	15	36	4	12
N????B_s?\}HFwJs^w?	15	37	5	10
N????B_s?^`}FwJs^w?	15	38	4	6
N????B_s?^b{FwJs^w?	15	38	4	8
N????B_s?^b{Js~o^w?	15	40	4	6
N????B_s?~B{FwJs^w?	15	38	4	8
N????B_s?~B{JsJs^w?	15	38	4	10
N????B_s?~B{Js~o^w?	15	40	3	7
N????B_s?~Dy~o~o^w?	15	42	2	6
N????B_sCWMXFwJs^w?	15	35	3	15
N????B_sC[MHFwJs^w?	15	35	3	14
N????B_sDODyTqFw^w?	15	35	3	14
N????B_sDWIXFwJs^w?	15	35	3	15
N????B_sD_B{JsRq^w?	15	35	3	12
N????B_sEO@}DyHu^w?	15	35	5	12
N????B_sEOB{JsLq^w?	15	35	3	12
N????B_sEWEXFwJs^w?	15	35	3	14
N????B_sF?DyB}Fy^w?	15	37	5	8
N????B_sF?DyFyFy^w?	15	37	5	8
N????B_sF?DyFy~o^w?	15	38	3	7
N????B_sF?DyJsFy^w?	15	36	4	11
N????B_sFODyB{Dy^w?	15	36	5	11
N????B_sFODyDyFw^w?	15	36	4	11
N????B_sF_B{JsB}^w?	15	37	5	8
N????B_uEoCzFwFw^w?	15	37	4	11
N????B_uEoCzFw~o^w?	15	39	3	8
N????B_uEoZ?FwHv^w?	15	36	4	8
N????B_uF_CyFwBy^w?	15	36	4	11
N????B_w?w?^FKwq~w?	15	34	5	11
N????B_w?w?^waF[~w?	15	34	5	10
N????B_w?w?^wqF{^w?	15	35	5	11
N????B_w?w?^wq~@B}?	15	34	5	13
N????B_w?w[@?}F|^w?	15	34	4	9
N????B_w?xbeF{wr^w?	15	38	5	7
N????B_w?x{XF{F{^w?	15	39	5	6
N????B_w?x{XF{~o^w?	15	40	5	5
N????B_w?~b}F{F{^w?	15	42	3	0
N????B_w?~b}F{~o^w?	15	43	6	0
N????B_w?~b}~o~o^w?	15	44	4	0
N????B_w?~~w~o~o^w?	15	45	2	0
N????B_wCo?~XqF{^w?	15	36	6	10
N????B_wCoK`@}E|^w?	15	34	6	12
N????B_wCoKpE\@}^w?	15	34	6	14
N????B_wCoKxF{F{^w?	15	37	5	9
N????B_wCoKxF{~o^w?	15	38	3	9
N????B_wCoKxXqF{^w?	15	36	4	11
N????B_wCwKXFLF{^w?	15	36	6	11
N????B_wCwKXF{F{^w?	15	37	5	9
N????B_wCwKXF{~o^w?	15	38	3	9
N????B_wCwR_WrF{^w?	15	35	4	13
N????B_wF?^?@~~oB~?	15	37	5	5
N????B_wF?^wF}~oB~?	15	41	6	0
N????B_wF?^wF}~o^w?	15	41	3	0
N????B_wF_BewpB}^w?	15	36	5	8
N????B_wF_B}B}B}^w?	15	39	4	4
N????B_wF_B}B}~o^w?	15	40	5	3
N????B_wF_B}F{B}^w?	15	39	4	4
N????B_wFo^?@~F{^w?	15	38	5	8
N????B_{?^`}Fw~o^w?	15	41	5	3
N????B_{?~@}Fw~o^w?	15	41	4	4
N????B_{?~@}~o~o^w?	15	43	3	3
N????B_{FO@}@}Dy^w?	15	37	5	8
N????B_{FO@}B{Dy^w?	15	37	5	8
N????B_{FO@}DyFw^w?	15	37	5	8
N????B_{FO@}Dy~o^w?	15	39	4	6
N????B_{F_B{B}B}^w?	15	39	5	4
N????B_{F_B{B}~o^w?	15	40	4	4
N????B_{F_B{FwB}^w?	15	38	5	7
N????B_{F_]?Fw~o@~_	15	37	5	5
N????B_}Fo^?Fw@~^w?	15	39	4	6
N????BoB~o^?}?@z~w?	15	39	4	5
N????BoB~}^w~o~o^w?	15	49	1	0
N????Bob_^MI~o~o^w?	15	42	2	6
N????BobeQEpBw[S^w?	15	35	3	15
N????BobfA@{[SFa^w?	15	35	3	12
N????Bor?^EY~o~o^w?	15	42	2	9
N????BorDS@{KsTQ^w?	15	35	3	18
N????BorEE@{KsNA^w?	15	35	3	18
N????BorEE]?KsNA@{_	15	32	4	18
N????BoyCk@{DsYQ^w?	15	35	3	14
N????BoyF_\?ByDt^w?	15	36	4	10
N????Bo{?^`}~o~o^w?	15	44	4	0
N????Bo{?^~w~o~o^w?	15	46	2	0
N????Bo{C[MHB{B{^w?	15	37	5	8
N????Bo{C[MHB{~o^w?	15	39	3	7
N????Bo{C[PoB{[R^w?	15	36	4	11
N????Bo{EWEXB{B{^w?	15	37	5	9
N????Bo{EWEXB{~o^w?	15	39	3	9
N????Bo{EWX_B{Kr^w?	15	36	4	14
N????Bo{F_@~B}B}^w?	15	41	4	0
N????Bo{F_@~B}~o^w?	15	42	6	0
N????Bo{F_@~~o~o^w?	15	43	3	0
N????Bo{F_Po[PB}^w?	15	36	4	8
N????Bo{F_X_KpB}^w?	15	36	4	9
N????Bo{F_]?~oB~^w?	15	40	4	0
N????Bo{F_^?B}@~^w?	15	39	4	3
N????Bo{Fo^?B{@~^w?	15	39	4	5
N????Bw}Fo^?@~~o^w?	15	43	3	0
N????Bw}Fo^?}?~o?~o	15	41	3	0
N????B~~v}^w~o~o^w?	15	56	0	0
N???C@?GF?F{VsfkB~?	15	35	3	12
N???C@?GF?NwngvcB~?	15	35	4	12
N???C@?GF_@~NwVsRu?	15	35	4	12
N???C@?GF_Nwngvc@~?	15	35	4	12
N???C@?GFo?~^ongZq?	15	35	4	12
N???C@?GF{F{VsfkNw?	15	38	3	12
N???C@?GF{F{Vsfk^o?	15	38	3	12
N???C@?K@_^oNwRuPv?	15	34	6	10
N???C@?KE?`}^ongF|?	15	35	3	14
N???C@?KE?hybk~_F|?	15	34	5	13
N???C@?KEO`}Ly^oVs?	15	35	4	14
N???C@?KEOhybk~_E|?	15	34	5	15
N???C@?KEWe\B{^oVs?	15	35	5	14
N???C@?KEWe\Rsbk^o?	15	34	5	14
N???C@?KE[`}Rs^oVs?	15	36	4	12
N???C@?KE[`}^ongNw?	15	37	4	12
N???C@?KE[`}^ong^o?	15	37	4	12
N???C@?KE[`}rc^oVs?	15	36	4	12
N???C@?KF_HybkB}F{?	15	34	4	12
N???C@?KF_XqB}^oVs?	15	35	5	13
N???C@?M@oWr@}^oVs?	15	34	6	10
N???C@?MEG_}My^oVs?	15	35	4	15
N???C@?MEK_}MY^oVs?	15	35	5	13
N???C@?MEK_}^ongNw?	15	36	4	12
N???C@?MEK_}^ong^o?	15	36	4	12
N???C@?gF?Jy^ongB~?	15	36	5	10
N???C@?gF?JyngNwB~?	15	36	4	10
N???C@?gF_JyngB}F{?	15	36	5	12
N???C@?gF_NwVsng@~?	15	36	5	12
N???C@?gFo?~ngVsNw?	15	36	5	13
N???C@?gF{VsVsF{Nw?	15	39	4	9
N???C@?kAQ`}Nwli^o?	15	36	5	14
N???C@?kAQ`}^oli^o?	15	36	5	13
N???C@?kAYuTB{^o^o?	15	36	5	12
N???C@?kAYuTB{~_F{?	15	36	5	12
N???C@?kA]`}^ong^o?	15	38	4	10
N???C@?kF_HyB}ngF{?	15	36	5	10
N???C@?kF_HyB}ngNw?	15	36	5	10
N???C@?w?bb}za^oVs?	15	37	5	12
N???C@?w?~b}F{^oVs?	15	40	3	6
N???C@?w?~b}^o^oVs?	15	40	4	8
N???C@?w?~b}^ongF{?	15	40	3	8
N???C@?w?~nw^o^oVs?	15	40	3	8
N???C@?w?~nw^ongF{?	15	40	3	10
N???C@?w?~nw^ongVs?	15	40	3	10
N???C@?w?~nwngNwF{?	15	40	3	10
N???C@?w@BBrFe^oVs?	15	34	5	10
N???C@?w@BBrF{^oVs?	15	35	4	13
N???C@?w@BBr^ongNw?	15	35	4	12
N???C@?w@BBr^ong^o?	15	35	4	12
N???C@?w@BB}va^oVs?	15	36	4	13
N???C@?w@bXpF{^oVs?	15	36	4	15
N???C@?wAa^oF{jiF{?	15	36	4	12
N???C@?wAa^o^oF{Tt?	15	36	4	13
N???C@?wAqStF{ngNw?	15	36	4	14
N???C@?wAqSt~_F{F{?	15	36	4	14
N???C@?wAqSt~_F{Nw?	15	36	4	15
N???C@?wBABvF{ngNw?	15	36	5	10
N???C@?wBABvF{ng^o?	15	36	5	9
N???C@?wBABvngNw^o?	15	36	4	10
N???C@?wBAB}fingNw?	15	36	4	12
N???C@?wBAB}fing^o?	15	36	4	11
N???C@?wBASC~_FfF{?	15	32	5	12
N???C@?wBa@v^oF{Vs?	15	36	5	12
N???C@?wBa@v~_F{Vs?	15	36	5	11
N???C@?wBaPtF{ngNw?	15	36	4	14
N???C@?wBaPt~_F{F{?	15	36	4	14
N???C@?wBaPt~_F{Vs?	15	36	4	13
N???C@?wBaUCBf~_B}?	15	33	6	14
N???C@?wE_NwF{ngD|?	15	36	4	12
N???C@?wEoC|F{^oVs?	15	36	4	14
N???C@?wF_NwngB}B}?	15	37	5	9
N???C@?wFo?~F{^oVs?	15	37	5	11
N???C@?wF{B}F{^oVs?	15	40	4	8
N???C@?wF{B}^o^oVs?	15	40	3	9
N???C@?wF{B}^ongF{?	15	40	3	9
N???C@?wF{^oF{^oVs?	15	40	3	8
N???C@?{?Z`}{a^oVs?	15	37	5	9
N???C@?{?^`}Nw^oVs?	15	39	4	8
N???C@?{?^`}^o^oVs?	15	39	4	8
N???C@?{?^`}^ong^o?	15	39	4	8
N???C@?{?^nw^o^oVs?	15	40	3	10
N???C@?{?^nw^ongF{?	15	40	3	10
N???C@?{?^nw^ongVs?	15	40	3	10
N???C@?{?^nwngNwF{?	15	40	3	10
N???C@?{?^~o^o^oVs?	15	40	3	10
N???C@?{?^~o^ongF{?	15	40	3	10
N???C@?{?^~o~_^oVs?	15	40	3	10
N???C@?{@R@}ta^oVs?	15	36	4	14
N???C@?{@b@}ra^oVs?	15	36	4	16
N???C@?{@bMGBf^oVs?	15	34	5	12
N???C@?{@bMGBfbhNw?	15	33	5	12
N???C@?{@b]?Bf^oVs?	15	34	5	12
N???C@?{AY@}ki~_F{?	15	36	4	14
N???C@?{AY@}ki~_Nw?	15	36	4	14
N???C@?{BQ@}di~_F{?	15	36	4	16
N???C@?{Ba@vB{ngNw?	15	36	5	10
N???C@?{Ba@vB{ng^o?	15	36	5	10
N???C@?{Ba@v~_NwVs?	15	37	4	10
N???C@?{Ba@}bi~_F{?	15	36	4	12
N???C@?{Ba@}bi~_Vs?	15	36	4	12
N???C@?{EW@}Ky^oVs?	15	36	4	16
N???C@?{FO@}Dy^oVs?	15	36	4	12
N???C@?{F_Nw^ong@~?	15	38	4	8
N???C@?{F_NwngB}@~?	15	38	6	6
N???C@?{F_NwngB}F{?	15	38	4	8
N???C@?{F_]?^ong@~_	15	36	5	6
N???C@?{F_^o^ong@~?	15	38	4	8
N???C@?}Fo^?^ong?~_	15	38	4	6
N???C@?~`~Nwng~_^o?	15	44	2	6
N???C@?~`~^oNw^oVs?	15	44	2	6
N???C@?~b}^o^ongF{?	15	44	2	7
N???C@_ECH_}fgxcNX?	15	33	6	17
N???C@_ECHb{Xs~_NX?	15	35	4	16
N???C@_ECL_}fgxcNw?	15	34	5	16
N???C@_ECLb{XsFw^o?	15	35	5	15
N???C@_ECLb{Xs~_Nw?	15	36	5	15
N???C@_ECLb{Xs~_^o?	15	36	5	15
N???C@_ECLnHFwXs^o?	15	35	5	16
N???C@_ECLouFwXs^o?	15	34	5	16
N???C@_ECLrcWtFw^o?	15	34	5	16
N???C@_ECLrsFwXs^o?	15	35	5	15
N???C@_ECL~?FwXs?}_	15	33	5	16
N???C@_ECp?}xcXuNw?	15	34	4	14
N???C@_ECpOuFw~_Kz?	15	34	6	16
N???C@_EKpB{xcXuNw?	15	36	6	12
N???C@_EKpB{xcXu^o?	15	36	6	12
N???C@_EKp[AXuFx^o?	15	35	6	14
N???C@_EKxKZFwxc^o?	15	36	6	14
N???C@_EK|[qFwXs^o?	15	37	5	13
N???C@_F?wOVWuFw^o?	15	33	5	13
N???C@_FCDkYFwFw^o?	15	34	5	16
N???C@_FCDkYFwfg^o?	15	34	5	16
N???C@_FCDkYFw~_Nh?	15	35	4	17
N???C@_FCDkYFw~_Nw?	15	35	4	15
N???C@_FCDkYFw~_^o?	15	35	5	15
N???C@_FCDrcWtFw^o?	15	34	5	15
N???C@_SCPb{Js~_Mx?	15	35	4	15
N???C@_SCXmXFwJs^o?	15	35	5	16
N???C@_SC\b{Js~_Nw?	15	37	5	12
N???C@_SF_RsjcB}Nw?	15	35	6	14
N???C@_UCHcyFw~_NX?	15	35	4	17
N???C@_UCLcyFw~_Nw?	15	36	5	14
N???C@_UCLcy]QFw^o?	15	35	5	15
N???C@_W?o[p@}^oRu?	15	33	6	13
N???C@_W?w[P?}^oRu?	15	32	5	16
N???C@_WF_RuB}B}Nw?	15	37	4	10
N???C@_WF_RuB}^oB}?	15	37	4	10
N???C@_WF_RuB}^oNw?	15	37	6	9
N???C@_WF_RufkB}Nw?	15	37	5	10
N???C@_WF_]?^ofk@~_	15	35	5	11
N???C@_WF_^ofkB}Nw?	15	37	6	9
N???C@_WFo?~^oF{Ru?	15	37	5	11
N???C@_WFo?~^o^oRu?	15	37	6	11
N???C@_WFo^?@~^oRu?	15	36	5	11
N???C@_WF{Ru~_F{Nw?	15	40	5	6
N???C@_[CXmXB{Fw^o?	15	36	6	13
N???C@_[CXmXB{fg^o?	15	36	6	13
N???C@_[C\`}fg^o^o?	15	38	5	9
N???C@_[F_B{bkB}Nw?	15	36	5	11
N???C@_[F_PufgB}Nw?	15	36	6	11
N???C@_cGYb{fg{aLy?	15	35	6	15
N???C@_cGYb{{aZs^o?	15	36	5	15
N???C@_cGZB{fg{aLy?	15	35	5	15
N???C@_cGZB{{a~_Ly?	15	36	5	14
N???C@_cGZRs{a^oLy?	15	36	5	15
N???C@_cGrB{Xe~_Ly?	15	36	5	14
N???C@_cGrB{xa~_Ly?	15	36	5	14
N???C@_cGrRsXeZs^o?	15	36	6	13
N???C@_cGrRsxa^oLy?	15	36	5	15
N???C@_cGrRsxa~_Ly?	15	36	5	15
N???C@_cG~B{Fw~_Ly?	15	38	4	8
N???C@_cG~B{ZsZs^o?	15	39	4	10
N???C@_cG~B{Zs~_^o?	15	39	4	10
N???C@_cG~B{^oZs^o?	15	39	4	10
N???C@_cG~LyZsZs^o?	15	40	3	8
N???C@_cG~LyZs^o^o?	15	40	3	10
N???C@_cG~LyZs~_^o?	15	40	4	10
N???C@_cG~Ly^o^o^o?	15	40	3	11
N???C@_cG~Ly^o~_^o?	15	40	4	12
N???C@_cG~Ly~_~_^o?	15	40	4	10
N???C@_cIQb{laZs^o?	15	36	5	15
N???C@_cIaDrFw~_Ly?	15	35	4	15
N???C@_cIaDrFw~_Nw?	15	35	4	14
N???C@_cIaTpFw~_Ly?	15	35	5	16
N???C@_cJA@rFwfi^o?	15	34	4	14
N???C@_cJAb{Zsfi^o?	15	37	6	11
N???C@_cJOa|Fw~_Ly?	15	36	5	12
N???C@_cJOrsDyZs^o?	15	36	6	12
N???C@_cJaMGFwBf^o?	15	33	5	15
N???C@_cJaPtFw~_Ly?	15	36	5	14
N???C@_cKXB{[q~_Ly?	15	36	5	16
N???C@_cKpB{~_XuLy?	15	37	5	11
N???C@_cKxKZFwZs^o?	15	37	6	13
N???C@_cK|B{Fw~_Ly?	15	38	4	10
N???C@_cK|B{~_ZsLy?	15	39	5	11
N???C@_cK|B{~_^oLy?	15	39	4	11
N???C@_cK|B{~_~_Ly?	15	39	4	11
N???C@_cK|RsFwZs^o?	15	38	4	10
N???C@_cMOB{Lq~_Ly?	15	35	5	15
N???C@_cMWEXFw~_Ly?	15	35	5	17
N???C@_cM_@|Ju~_Nw?	15	36	5	11
N???C@_cM_B{Ju~_Ly?	15	36	5	12
N???C@_cM_B{Ju~_Nw?	15	36	5	12
N???C@_cMoCzFwZs^o?	15	36	5	14
N???C@_cN?MGbhZsB|?	15	33	6	15
N???C@_cN?RsBu^oB|?	15	35	5	13
N???C@_cN?RsFyZsNw?	15	36	5	11
N???C@_cN?RsFyZs^o?	15	36	5	12
N???C@_cN?^oZsFyB|?	15	37	6	9
N???C@_cN?^oZsFyNw?	15	37	5	11
N???C@_cN?^o~_ZsB|?	15	37	5	11
N???C@_cNOA|Fw~_Ly?	15	36	5	12
N???C@_cNORsDy^oLy?	15	36	5	13
N???C@_cNORsDy~_Ly?	15	36	5	14
N???C@_cN_@zBy^o^o?	15	36	6	10
N???C@_cN_@zByfgNw?	15	35	6	13
N???C@_cN_@zFwZs^o?	15	36	5	14
N???C@_cN_@zFw^o^o?	15	36	5	12
N???C@_cN_@zFwfgLy?	15	35	6	13
N???C@_cN_@zFwfgNw?	15	35	5	14
N???C@_cN_@|Fw~_Ly?	15	36	5	12
N???C@_cN_@|fgFwLy?	15	35	5	13
N???C@_cN_@|fg^oLy?	15	36	5	13
N???C@_cN_@|~_ZsNw?	15	37	5	12
N???C@_cN_MGBfBy^o?	15	33	5	13
N???C@_cN_MGFwBf^o?	15	33	6	15
N???C@_e?Nb{fgXs^@?	15	35	6	15
N???C@_e?Nb{fgXs^o?	15	36	5	14
N???C@_e?NrcWtFw^o?	15	35	6	15
N???C@_e?NrcWt~_Nw?	15	36	6	12
N???C@_e?NrsXs^o^o?	15	37	5	13
N???C@_e?N~@fgXsNw?	15	36	6	14
N???C@_eBA_}Fw~_Rt?	15	35	5	15
N???C@_eBA_}fi^o^o?	15	36	6	13
N???C@_eBA_}}@fiNw?	15	35	6	15
N???C@_eCp?}FwXu^o?	15	35	6	13
N???C@_eCp?}Xu~_Nw?	15	36	6	11
N???C@_eGNGymB~_Nw?	15	36	6	12
N???C@_eGNKy}A~_Nw?	15	37	5	14
N???C@_eGNRsXs}ANw?	15	36	5	16
N???C@_eGjRsXsyaNw?	15	36	5	16
N???C@_eGrKyXeFw^o?	15	36	6	12
N???C@_eGrKyXefg^o?	15	36	6	12
N???C@_eGrRsXe^o^o?	15	37	5	11
N???C@_eGrRsXsxaNw?	15	36	5	14
N???C@_eGrRsXsxa^o?	15	36	5	14
N???C@_eG~B{FwXs^o?	15	38	4	10
N???C@_eG~B{Xs^o^o?	15	39	4	12
N???C@_eG~B{Xs~_^o?	15	39	4	12
N???C@_eG~Ky^o^o^o?	15	40	4	11
N???C@_eG~Ky^o~_^o?	15	40	4	11
N???C@_eG~Ky~_~_^o?	15	40	4	10
N???C@_eJMkyFwFw^o?	15	38	5	11
N???C@_eJMkyFw^o^o?	15	39	4	10
N???C@_eJMkyFwfg^o?	15	38	5	11
N???C@_eJMkyFw~_^o?	15	39	5	10
N???C@_eJaPtFwXs^o?	15	36	5	15
N???C@_eKLB{Xs]Q^o?	15	36	5	17
N???C@_eKhB{XsYq^o?	15	36	5	14
N???C@_eKpB{FwXu^o?	15	37	5	11
N???C@_eKpB{XuXu^o?	15	38	6	8
N???C@_eKpB{Xu^o^o?	15	38	5	10
N???C@_eKpB{Xu~_^o?	15	38	5	10
N???C@_eKpB{fg~_Kz?	15	37	5	11
N???C@_eKxKZXsFw^o?	15	37	6	11
N???C@_eK|B{FwXs^o?	15	38	4	12
N???C@_eK|B{Xs^o^o?	15	39	4	12
N???C@_eK|B{Xs~_^o?	15	39	4	12
N???C@_eK|RsFwXs^o?	15	38	4	11
N???C@_eMKFHFwXs^o?	15	35	5	17
N???C@_eMgDXFwXs^o?	15	35	5	17
N???C@_eMoB{Hu^o^o?	15	37	5	12
N???C@_eMoKyHuFw^o?	15	36	6	12
N???C@_eNGKyEyFw^o?	15	36	5	14
N???C@_eNGKyfgEyNw?	15	36	5	15
N???C@_eNGKyfgEy^o?	15	36	5	15
N???C@_eN_KyByFw^o?	15	36	5	14
N???C@_eN_KyBy^o^o?	15	37	5	14
N???C@_eN_RsXsByNw?	15	36	5	15
N???C@_fg~^o~_^oNw?	15	43	3	7
N???C@_fg~^o~_~_Nw?	15	43	3	7
N???C@_fk|B{Fw~_Nw?	15	41	3	7
N???C@_fk|B{^o^o^o?	15	42	3	7
N???C@_fk|B{^o~_^o?	15	42	3	7
N???C@_fk|RsFw^o^o?	15	41	3	6
N???C@_s?Z}PfgJsNw?	15	36	6	14
N???C@_s?rRsxaJsNw?	15	35	5	17
N???C@_s@Q`}di~_Nw?	15	36	6	15
N???C@_sBAB{Js~_Rt?	15	35	5	15
N???C@_sBQQtJsFw^o?	15	35	5	17
N???C@_sBaPtJsFw^o?	15	35	5	16
N???C@_sCXMXFwJs^o?	15	35	5	17
N???C@_sCp@}Hu^o^o?	15	36	6	13
N???C@_sCpB{XqJs^o?	15	35	5	15
N???C@_sC|@}Js^o^o?	15	38	5	12
N???C@_sC|B{Js^o^o?	15	38	4	13
N???C@_sD_DyRqFwRs?	15	33	5	15
N???C@_sF?RsJs^oB|?	15	35	5	14
N???C@_sFODyfgDyNw?	15	35	5	16
N???C@_sF_DyfgB}Nw?	15	36	6	12
N???C@_u@MrsFw~_Nw?	15	38	4	14
N???C@_uAMCymAfgB{?	15	33	5	17
N???C@_uFGCyEyfgNw?	15	35	5	17
N???C@_uF_CyByfgNw?	15	35	5	15
N???C@_w?r{pfgF{Nw?	15	37	5	12
N???C@_wAqSpfgF{Nw?	15	35	5	15
N???C@_wBABv~_F{Rt?	15	37	4	10
N???C@_wBA^oF{F{Rt?	15	37	5	10
N???C@_wBA^oF{fiRt?	15	37	4	10
N???C@_wBA^o^oF{Rt?	15	37	5	9
N???C@_wBA^o~_fiB}?	15	37	5	9
N???C@_wBaMG~_bjB}?	15	35	6	13
N???C@_wBaPtBm~_B}?	15	36	5	13
N???C@_wBaPtF{F{^o?	15	37	6	12
N???C@_wBaPtF{^o^o?	15	37	5	11
N???C@_wBaPtF{~_^o?	15	37	5	11
N???C@_wBaPtbi~_B}?	15	36	5	13
N???C@_wBaRsBmF{Nw?	15	36	5	13
N???C@_wBaRsBmF{^o?	15	36	5	12
N???C@_wBaRsbiF{Nw?	15	36	5	13
N???C@_wBaRsbiF{^o?	15	36	5	13
N???C@_wCpKxF{F{^o?	15	37	6	11
N???C@_wCpKxF{^o^o?	15	37	5	13
N???C@_wCpKxF{~_^o?	15	37	5	13
N???C@_wCpKxXq~_B}?	15	36	6	13
N???C@_wCpKxfgF{Nw?	15	36	5	13
N???C@_wCpKxfgF{^o?	15	36	5	14
N???C@_wC|B}F{F{Nw?	15	40	3	6
N???C@_wC|B}F{^oNw?	15	40	5	7
N???C@_wC|B}F{~_Nw?	15	40	5	7
N???C@_wC|B}^o^oNw?	15	40	4	7
N???C@_wC|B}~_^oNw?	15	40	4	8
N???C@_wC|B}~_~_Nw?	15	40	4	8
N???C@_wC|RsF{F{Nw?	15	39	4	9
N???C@_wC|RsF{^oNw?	15	39	4	9
N???C@_wC|RsF{~_Nw?	15	39	4	9
N???C@_wC|RsfgF{Nw?	15	38	4	10
N???C@_wF_Rs^oF{@~?	15	37	4	10
N???C@_{?^`}FwfgNw?	15	38	4	10
N???C@_{?^`}fg^oNw?	15	39	5	9
N???C@_{?^`}fg^o^o?	15	39	5	9
N???C@_{?^`}fgfgNw?	15	38	5	11
N???C@_{BQ@}difgNw?	15	36	5	15
N???C@_{BQ@}di~_Nw?	15	37	5	13
N???C@_{Ba@vfgFw^o?	15	36	5	13
N???C@_{Ba@}BmfgNw?	15	36	6	12
N???C@_{Ba@}Bmfg^o?	15	36	6	12
N???C@_{Ba@}bifgNw?	15	36	5	13
N???C@_{Ba@}bifg^o?	15	36	5	13
N???C@_{C|@}FwFwNw?	15	38	4	10
N???C@_{C|@}Fw^oNw?	15	39	4	10
N???C@_{C|@}Fw^o^o?	15	39	4	10
N???C@_{C|@}^o^oNw?	15	40	4	9
N???C@_{C|@}~_^oNw?	15	40	4	10
N???C@_{C|@}~_~_Nw?	15	40	4	10
N???C@_{C|RsB{FwNw?	15	38	4	12
N???C@_{C|RsB{^oNw?	15	39	4	11
N???C@_{C|RsB{~_Nw?	15	39	4	11
N???C@_{C|RsfgB{Nw?	15	38	4	11
N???C@_{FORsB{DyNw?	15	36	5	13
N???C@_{F_B{fgB}Nw?	15	37	5	11
N???C@_{F_RsB}B}Nw?	15	38	5	8
N???C@_{F_RsB}^oNw?	15	38	5	9
N???C@_{F_RsB}~_Nw?	15	38	5	9
N???C@_{F_RsfgB}Nw?	15	37	5	11
N???C@_{F_]?fg^o@~_	15	36	5	8
N???C@_}Fo^?fg@~Nw?	15	38	4	8
N???C@oYCL`{Ds]Q^o?	15	35	5	14
N???C@oYCL`{Ds~_Nw?	15	36	5	12
N???C@o[B_^?bm@~Nw?	15	36	5	8
N???C@o[B_^obm^o@~?	15	38	7	5
N???C@o[CX`}B{[q^o?	15	37	6	10
N???C@o[CXmXB{~_Nw?	15	38	5	9
N???C@o[CXmXB{~_^o?	15	38	6	9
N???C@o[CXpuB{[q^o?	15	37	5	10
N???C@o[C\`}~_~_Nw?	15	40	5	6
N???C@o[C\puB{^o^o?	15	39	7	6
N???C@o[F_NG`lB}^o?	15	36	5	10
N???C@o[F_PuB}B}Nw?	15	38	4	7
N???C@o[F_PuB}^oNw?	15	38	6	7
N???C@o[F_PuB}^o^o?	15	38	6	7
N???C@o[F_PubkB}Nw?	15	37	5	8
N???C@o[Fo^?bk^o?~_	15	37	5	11
N???C@obG^MY[s^o^o?	15	39	4	10
N???C@obG^MY[s~_^o?	15	39	5	9
N???C@obG^MY^o^o^o?	15	40	4	10
N???C@obG^MY^o~_^o?	15	40	4	10
N???C@obG^MY~_~_^o?	15	40	4	8
N???C@obMSEhBw[s^o?	15	35	5	16
N???C@obMW@{Ku[s^o?	15	36	6	13
N???C@obMW@{Ku~_Nw?	15	37	5	12
N???C@obNCBhBw[s^o?	15	35	5	16
N???C@obNOAxBw[s^o?	15	35	5	17
N???C@obN_@|By[s^o?	15	37	6	11
N???C@obN_MYBy^o^o?	15	38	5	11
N???C@obN_MYBy~_^o?	15	38	5	11
N???C@obN_MY[sBy^o?	15	37	6	13
N???C@obg^^o~_^oNw?	15	42	3	7
N???C@obg^^o~_~_Nw?	15	42	3	7
N???C@obno^?}?@znw?	15	38	4	9
N???C@oq?ZPs{aLsNw?	15	35	5	15
N???C@oq@a~?@|biNw?	15	35	6	17
N???C@oqBa@{Lsbi^o?	15	35	5	15
N???C@oqC\?}Ls^o^o?	15	37	5	14
N???C@oqC\?}}@LsNw?	15	36	6	14
N???C@oqC\@{Ls^o^o?	15	37	4	14
N???C@oqDoPsBwPqEy?	15	32	5	19
N???C@oqF_PsByLsNw?	15	35	5	14
N???C@orBaEYBwbi^o?	15	35	5	14
N???C@owBa@}biFs^o?	15	36	6	13
N???C@owC\@m{`FsNw?	15	36	6	13
N???C@owC\@}Fs^o^o?	15	38	5	10
N???C@owF_PsFsB}Nw?	15	36	5	11
N???C@oyBaAyBwbi^o?	15	35	5	15
N???C@oyC\@{Ds^o^o?	15	37	4	13
N???C@o{Ba@}Bmbi^o?	15	37	5	10
N???C@o{Ba@}B{biNw?	15	37	5	10
N???C@o{Ba@}B{bi^o?	15	37	5	10
N???C@o{Ba@}bi~_Nw?	15	38	5	9
N???C@o{Ba@}bi~_^o?	15	38	5	9
N???C@o{C\@}B{^oNw?	15	39	6	7
N???C@o{C\@}B{^o^o?	15	39	6	7
N???C@o{C\@}^o^oNw?	15	40	4	7
N???C@o{C\@}~_^oNw?	15	40	4	8
N???C@o{C\@}~_~_Nw?	15	40	4	8
N???C@o{C\PsB{^oNw?	15	38	5	9
N???C@o{C\PsB{~_Nw?	15	38	5	9
N???C@o{F_MGbhB}^o?	15	36	5	10
N???C@o{F_MGbh^o@~?	15	36	5	10
N???C@o{F_PsB}B}Nw?	15	38	4	7
N???C@o{F_PsB}^oNw?	15	38	5	8
N???C@o{F_PsB}~_Nw?	15	38	5	8
N???C@w]Bo^?`m@~Nw?	15	38	4	6
N???CB?KEO`}Ly~_Nw?	15	36	5	13
N???CB?KEOhyB{Ly^o?	15	35	6	15
N???CB?KEWe\B{Rs^o?	15	35	6	16
N???CB?KEWe\B{^o^o?	15	36	6	14
N???CB?KE[`}Rs~_F{?	15	37	5	13
N???CB?KE[`}~_NwNw?	15	38	5	12
N???CB?KF_EKB}rdNw?	15	34	7	15
N???CB?KF_HyrcNw@~?	15	35	5	14
N???CB?KF_XqB}^oF{?	15	36	6	13
N???CB?MEG_}My~_Nw?	15	36	5	13
N???CB?MEK_}~_NwNw?	15	37	5	13
N???CB?MEK~?@|MYNw?	15	35	7	15
N???CB?MEK~?@|^oF{?	15	36	6	12
N???CB?OV_@|NkNw^o?	15	36	5	12
N???CB?OV_@|NkncNw?	15	36	5	14
N???CB?OV_@|Nk~_Nw?	15	36	5	12
N???CB?OV_@|ncNwNw?	15	36	5	13
N???CB?OV_@|ncNw^o?	15	36	5	11
N???CB?OV_EKByr`Vq?	15	32	6	16
N???CB?OV{NwNkNkFu?	15	40	4	5
N???CB?OV{NwNkNwVq?	15	40	5	9
N???CB?OV{^oNw^oVq?	15	40	3	8
N???CB?OV{^oNwncFu?	15	40	4	7
N???CB?OV{^oNwncF{?	15	40	4	6
N???CB?OV{^oNwncVq?	15	40	3	7
N???CB?OV{^o~_NwVq?	15	40	3	6
N???CB?WBA^ofeNwB}?	15	36	6	12
N???CB?WBaEKbf~_B}?	15	34	6	13
N???CB?WBaPr~_F{F{?	15	36	6	14
N???CB?WCokxHy~_B}?	15	35	5	13
N???CB?WCokx~_F{F{?	15	36	5	14
N???CB?WC{nwNw~_B}?	15	39	5	10
N???CB?WF_RqB}^oF{?	15	36	5	13
N???CB?WFo?~fc^oF{?	15	36	6	14
N???CB?WRaRqBmNw^o?	15	36	6	12
N???CB?WRaRqbeNw^o?	15	36	5	12
N???CB?WS{bu~_NwNw?	15	39	5	11
N???CB?WS{bu~_~_F{?	15	39	5	10
N???CB?WS{rqFkNw^o?	15	38	4	10
N???CB?WS{rqfc~_F{?	15	38	4	8
N???CB?WS{rq~_NwF{?	15	39	5	9
N???CB?WS{rq~_^oF{?	15	39	4	9
N???CB?WS{rq~_~_F{?	15	39	4	10
N???CB?WS{~oNwNwF{?	15	40	4	7
N???CB?WS{~o^oNwF{?	15	40	4	9
N???CB?WS{~o^o^oF{?	15	40	3	10
N???CB?WS{~o~_NwF{?	15	40	4	8
N???CB?WS{~o~_^oF{?	15	40	3	10
N???CB?WS{~o~_~_F{?	15	40	3	8
N???CB?WToGxFkNw^o?	15	35	5	16
N???CB?WToGxfcNwNw?	15	35	4	14
N???CB?WToGxfcNw^o?	15	35	4	16
N???CB?WUoC|FkNw^o?	15	36	5	14
N???CB?WUoC|Fk^o^o?	15	36	5	14
N???CB?WUoC|fc~_F{?	15	36	5	13
N???CB?WV_BuBmNw^o?	15	36	6	12
N???CB?WV_BuByNw^o?	15	36	5	13
N???CB?WV_RqBm^oF{?	15	36	6	13
N???CB?WV_RqBm~_F{?	15	36	6	14
N???CB?WV_RqBy^oF{?	15	36	5	15
N???CB?WV_RqBy~_F{?	15	36	5	13
N???CB?[?Rpq|aNwNw?	15	36	5	13
N???CB?[@b@}be^o^o?	15	36	6	13
N???CB?[BaEKB{bf^o?	15	34	6	13
N???CB?[BaPrB{Nw^o?	15	36	6	12
N???CB?[C[`}Nw~_Nw?	15	38	5	12
N???CB?[C[~?@|^oF{?	15	36	6	12
N???CB?[F_EKbdB}Nw?	15	34	6	14
N???CB?[F_PqB}^oF{?	15	36	6	11
N???CB?[RaMGbfNw^o?	15	36	5	8
N???CB?[RaPr^o~_F{?	15	38	4	10
N???CB?[RaPr~_NwF{?	15	38	5	10
N???CB?[RaPr~_~_F{?	15	38	4	10
N???CB?m@JGyua~_F{?	15	36	5	15
N???CB?m@LGyUQ~_F{?	15	35	5	17
N???CB?m@hGyQq~_F{?	15	35	5	15
N???CB?m@pGzPu~_F{?	15	37	7	9
N???CB?m@pGz~_NwNw?	15	38	5	11
N???CB?m@pGz~_~_F{?	15	38	5	11
N???CB?mAM~oNwNwF{?	15	40	4	9
N???CB?mAM~o^oNwF{?	15	40	4	11
N???CB?mAM~o^o^oF{?	15	40	3	11
N???CB?mAM~o~_NwF{?	15	40	4	10
N???CB?mAM~o~_^oF{?	15	40	3	11
N???CB?mAM~o~_~_F{?	15	40	3	10
N???CB?mDKGyUQNwNw?	15	35	4	16
N???CB?mDKGyUQNw^o?	15	35	4	18
N???CB?mDgGyQqNw^o?	15	35	4	15
N???CB?mDo?~Pu~_F{?	15	37	6	9
N???CB?mDoFCNw~_Gz_	15	36	5	10
N???CB?mDoGzPuNw^o?	15	37	6	9
N???CB?mDoGz~_NwF{?	15	38	5	10
N???CB?mDoGz~_^oF{?	15	38	4	10
N???CB?mDoGz~_~_F{?	15	38	4	10
N???CB?mEKGyMJ^oF{?	15	36	6	12
N???CB?mEKGyMJ~_F{?	15	36	6	12
N???CB?mEKGyMY^oF{?	15	36	5	13
N???CB?mEKGyMY~_F{?	15	36	5	14
N???CB?mFGGyEy~_F{?	15	36	5	15
N???CB?wAqCt~_F{Nw?	15	36	5	14
N???CB?wBACK~_NwBr_	15	33	6	13
N???CB?wBARp^oF{F{?	15	36	5	13
N???CB?wBARp~_FmF{?	15	36	6	12
N???CB?wBARp~_F{F{?	15	36	5	11
N???CB?wBA^oFmNwF{?	15	37	5	11
N???CB?wBA^oFm^oF{?	15	37	5	10
N???CB?wBA^o~_FmF{?	15	37	5	9
N???CB?wBa@v~_F{F{?	15	37	5	12
N???CB?wBaEKbb~_B}?	15	34	6	15
N???CB?wF{B}^o^oF{?	15	41	4	7
N???CB?wF{^oF{^oF{?	15	41	4	6
N???CB?{?^`}Nw^o^o?	15	40	5	8
N???CB?{?^f{Nw~_Nw?	15	41	4	9
N???CB?{?^f{~_^oNw?	15	41	4	9
N???CB?{?^f{~_~_Nw?	15	41	4	8
N???CB?{@b@}B{raNw?	15	36	6	12
N???CB?{@b@}ra^oNw?	15	37	5	14
N???CB?{@b@}ra~_Nw?	15	37	5	14
N???CB?{@bMGBf~_F{?	15	35	6	13
N???CB?{@bMGBlbbNw?	15	34	6	13
N???CB?{@bMGBlraF{?	15	34	6	15
N???CB?{@bMGBlraNw?	15	34	6	15
N???CB?{@bMGB{Bf^o?	15	34	6	14
N???CB?{AYETB{Nw^o?	15	36	5	16
N???CB?{AYETB{^o^o?	15	36	5	14
N???CB?{AYUPB{~_F{?	15	36	5	14
N???CB?{Ba@vB{Nw^o?	15	37	6	11
N???CB?{Ba@v~_NwF{?	15	38	5	11
N???CB?{Ba@v~_^oF{?	15	38	5	11
N???CB?{Ba@v~_~_F{?	15	38	5	11
N???CB?{BaMGNwBn^o?	15	36	5	10
N???CB?{EW@}Ky~_Nw?	15	37	5	13
N???CB?{F_@~^oNw^o?	15	39	5	8
N???CB?{F_EKr`B}Nw?	15	35	6	13
N???CB?{F_MG~_BnF{?	15	36	5	10
N???CB?~`~Nw^o^oNw?	15	45	2	6
N???CB?~f{F{Nw^oNw?	15	45	3	5
N???CB?~f{F{^o^oNw?	15	45	2	5
N???CB?~f{^oNwNwNw?	15	45	3	3
N???CB?~f{^oNw^oNw?	15	45	2	4
N???CB?~f{^o~_NwNw?	15	45	2	3
N???CB_EVoNGFwxc?v_	15	35	5	17
N???CB_EW~B{xc^o^o?	15	40	5	9
N???CB_EW~[q~_~_Nw?	15	41	4	9
N???CB_E[kLHFwxc^o?	15	36	5	16
N???CB_E[wKXFwxc^o?	15	36	5	15
N???CB_E^_@|xc~_Nw?	15	38	5	11
N???CB_Fg|Rof_WVnw?	15	38	4	8
N???CB_Fw~B{~_^oNw?	15	43	3	4
N???CB_Fw~B{~_~_Nw?	15	43	4	4
N???CB_Fw~Nw^o^o^o?	15	44	3	5
N???CB_Fw~Nw^o~_^o?	15	44	3	5
N???CB_Fw~Nw~_~_^o?	15	44	3	4
N???CB_Fz}Nw^o^o^o?	15	45	2	6
N???CB_Fz}Nw^o~_^o?	15	45	2	6
N???CB_Fz}Nw~_~_^o?	15	45	2	6
N???CB_Fz}^o~_~_^o?	15	45	2	4
N???CB_SO\b{jc~_Nw?	15	38	5	13
N???CB_SO~B{jc^o^o?	15	39	4	11
N???CB_SO~Tq~_~_Nw?	15	40	3	12
N???CB_SSwKXjcFwNw?	15	35	4	16
N???CB_SSwKXjcFw^o?	15	35	4	17
N???CB_SUWEXFwjc^o?	15	35	4	16
N???CB_SV_@vjcFwNw?	15	36	6	14
N???CB_SV_@|jcFwNw?	15	36	5	14
N???CB_UQqSrFw^o^o?	15	38	4	12
N???CB_WO|buFk~_Nw?	15	39	6	5
N???CB_WO|bu~_~_Nw?	15	40	5	6
N???CB_WO|b{Fkfc^o?	15	38	4	8
N???CB_WO|b{Fk~_Nw?	15	39	5	7
N???CB_WO|b{Fk~_^o?	15	39	6	7
N???CB_WO|b{^o^o^o?	15	40	4	8
N???CB_WO|b{^o~_^o?	15	40	4	8
N???CB_WO|b{fc~_Nw?	15	39	5	9
N???CB_WO|b{fc~_^o?	15	39	5	9
N???CB_WO|b{~_~_^o?	15	40	4	6
N???CB_WO|~o~_^oNw?	15	41	3	7
N???CB_WO|~o~_~_Nw?	15	41	3	7
N???CB_WO~B{FkfcNw?	15	38	4	10
N???CB_WO~B{Fkfc^o?	15	38	5	10
N???CB_WO~B{Fk~_Nw?	15	39	4	8
N???CB_WO~B{Fk~_^o?	15	39	5	7
N???CB_WO~B{FwfcNw?	15	38	4	10
N???CB_WO~B{Fwfc^o?	15	38	5	8
N???CB_WO~B{fc^oNw?	15	39	4	10
N???CB_WO~B{fc^o^o?	15	39	4	10
N???CB_WO~B{fcfc^o?	15	38	5	10
N???CB_WO~B{fc~_^o?	15	39	4	9
N???CB_WO~Rq~_~_Nw?	15	40	3	10
N???CB_WO~Rq~_~_^o?	15	40	3	8
N???CB_WUoCxFk~_Nw?	15	36	4	14
N???CB_WUoCxFwFk^o?	15	35	5	15
N???CB_WUoCxFwfc^o?	15	35	4	16
N???CB_WV_BuBm^o^o?	15	37	6	9
N???CB_WV_BuBmfcNw?	15	36	5	11
N???CB_WV_BuBy~_Nw?	15	37	5	10
N???CB_WV_BufcByNw?	15	36	5	13
N???CB_WV_B{FkBm^o?	15	36	5	11
N???CB_WV_B{FkBy^o?	15	36	5	11
N???CB_WV_B{fcBmNw?	15	36	5	13
N???CB_WV_B{fcBm^o?	15	36	6	12
N???CB_WV_B{fcByNw?	15	36	5	13
N???CB_WV_B{fcBy^o?	15	36	5	12
N???CB_[Ra@vFwFw^o?	15	37	5	13
N???CB_[Ra@vFw^o^o?	15	38	5	11
N???CB_[Ra@vFw~_^o?	15	38	5	11
N???CB_[RaB{Fwbe^o?	15	37	5	13
N???CB_[RaB{be^o^o?	15	38	4	11
N???CB_[RaB{be~_^o?	15	38	4	11
N???CB_e?N_}FwXs^o?	15	36	5	12
N???CB_e?Nb{FwXs^o?	15	37	5	13
N???CB_e?Nb{Xs^o^o?	15	38	5	13
N???CB_e?Nb{Xs~_^o?	15	38	5	13
N???CB_e?N~@FwXs^o?	15	37	6	14
N???CB_e?jB{yaXs^o?	15	36	5	16
N???CB_e?lLHXsFw^o?	15	35	5	17
N???CB_e?r?}Xe~_Nw?	15	36	6	14
N???CB_e?r?}XsXe^o?	15	35	6	15
N???CB_e?r?}Xsxa^o?	15	35	6	15
N???CB_e?rB{XeXs^o?	15	36	6	14
N???CB_e?rB{Xe^o^o?	15	37	5	12
N???CB_e?rB{xaXsNw?	15	36	5	14
N???CB_e?rB{xaXs^o?	15	36	5	15
N???CB_e?r[pXeFwNw?	15	36	6	12
N???CB_e?x?}Wu^o^o?	15	36	6	14
N???CB_e?xB{WuXs^o?	15	36	6	14
N???CB_e?~B{FwXs^o?	15	38	5	10
N???CB_e?~KyFwXs^o?	15	38	5	13
N???CB_e?~KyFw^o^o?	15	39	4	12
N???CB_e?~KyFw~_^o?	15	39	4	11
N???CB_e?~Ky~_^oNw?	15	40	3	13
N???CB_e?~Ky~_~_Nw?	15	40	3	12
N???CB_e?~Ky~_~_^o?	15	40	3	10
N???CB_eAaB{XsjaNw?	15	35	4	16
N???CB_eAaB{Xsja^o?	15	35	4	17
N???CB_eEKFHXsFwNw?	15	35	4	17
N???CB_eEKFHXsFw^o?	15	35	4	18
N???CB_eEgDXFwXs^o?	15	35	4	18
N???CB_eFG?}EyXs^o?	15	35	6	15
N???CB_eFGKyEyFw^o?	15	36	5	14
N???CB_eF_KyByFw^o?	15	36	5	14
N???CB_fBEb{FwFw^o?	15	38	5	10
N???CB_fBEb{Fw^o^o?	15	39	4	12
N???CB_fBEb{Fw~_^o?	15	39	4	11
N???CB_fBEb{^o^o^o?	15	40	3	12
N???CB_fBEb{^o~_^o?	15	40	3	12
N???CB_fBEb{~_~_^o?	15	40	3	10
N???CB_fCsKYXQFwNw?	15	35	4	15
N???CB_fCsKYXQFw^o?	15	35	4	16
N???CB_fCwBcFwWv^o?	15	36	5	12
N???CB_fCwB{FwWu^o?	15	37	5	13
N???CB_fCwB{Wu~_Nw?	15	38	4	12
N???CB_fCwB{Wu~_^o?	15	38	4	12
N???CB_fCwKZWuFw^o?	15	37	6	11
N???CB_fEcDhWsFwNw?	15	35	4	18
N???CB_fEcDhWsFw^o?	15	35	4	18
N???CB_fEoCxWsFw^o?	15	35	4	17
N???CB_fFCBdWtFwNw?	15	36	6	13
N???CB_fFCBdWtFw^o?	15	36	6	13
N???CB_fFCKYFYFwNw?	15	36	5	13
N???CB_fFCKYFYFw^o?	15	36	5	13
N???CB_fF_KYByFw^o?	15	36	5	14
N???CB_fc{RoFgWVnw?	15	38	4	8
N???CB_s?^b{Js^o^o?	15	39	5	9
N???CB_s?xCZB{^o^o?	15	36	6	14
N???CB_s?xKXJsFw^o?	15	35	5	16
N???CB_s?~B{Js^o^o?	15	39	4	10
N???CB_s?~Dy~_^oNw?	15	40	3	10
N???CB_s?~Dy~_~_Nw?	15	40	3	9
N???CB_s@aXpFwJsNw?	15	35	4	16
N???CB_sAQB{Jsla^o?	15	35	4	14
N???CB_sAYUPFwJs^o?	15	35	4	16
N???CB_sBABtFwJs^o?	15	35	5	14
N???CB_sBABtJs^o^o?	15	36	4	13
N???CB_sBAEGFiJsXo_	15	31	5	19
N???CB_sBARpFiJsNw?	15	35	5	13
N???CB_sBARpFwJsNw?	15	35	4	15
N???CB_sBARpFwJs^o?	15	35	4	14
N???CB_sBa@vFwJs^o?	15	36	6	13
N???CB_sDWIXFwJs^o?	15	35	4	16
N???CB_u@Mb{Fw^o^o?	15	39	4	12
N???CB_u@Mb{^o^o^o?	15	40	3	12
N???CB_u@Mb{^o~_^o?	15	40	3	11
N???CB_uAMV@HsFw^o?	15	35	4	16
N???CB_uAiTPHsFw^o?	15	35	4	18
N???CB_uDKCyUQFwNw?	15	35	4	16
N???CB_uDKCyUQFw^o?	15	35	4	17
N???CB_uEKCyMQFwNw?	15	35	4	18
N???CB_uEoB{Hu~_Nw?	15	38	4	11
N???CB_w?r{pF{^o^o?	15	39	6	8
N???CB_w?~b}F{^o^o?	15	42	5	3
N???CB_w?~b}^o^o^o?	15	42	5	4
N???CB_w?~b}^o~_^o?	15	42	5	4
N???CB_w?~nw^o^o^o?	15	42	3	5
N???CB_w?~nw^o~_^o?	15	42	3	5
N???CB_w?~nw~_~_^o?	15	42	3	4
N???CB_wAaTp^oF{^o?	15	37	4	12
N???CB_wAqSpF{^o^o?	15	37	4	12
N???CB_wBANwF{~_Bv?	15	38	6	7
N???CB_wBANw^oFm^o?	15	38	4	7
N???CB_wBANw~_FmBv?	15	38	6	6
N???CB_wBANw~_~_Bv?	15	38	4	7
N???CB_wBARp^oFmBv?	15	37	4	8
N???CB_wBARp^oF{Nw?	15	37	4	10
N???CB_wBARp^oF{^o?	15	37	4	10
N???CB_wBARp^o^oBv?	15	37	5	9
N???CB_wBARp^o~_Bv?	15	37	5	9
N???CB_wBARpfa^oBv?	15	36	5	11
N???CB_wBARpfa^oB}?	15	36	5	12
N???CB_wBa@vBm~_B}?	15	37	5	10
N???CB_wBa@vF{F{^o?	15	38	5	9
N???CB_wBa@vF{^o^o?	15	38	6	9
N???CB_wBa@vF{~_^o?	15	38	6	8
N???CB_wBaPpBm~_B}?	15	36	6	12
N???CB_wBaPpF{F{^o?	15	37	6	11
N???CB_wBaPpF{^o^o?	15	37	4	12
N???CB_wBaPpF{~_^o?	15	37	4	10
N???CB_wF_^oB}^oB}?	15	39	6	6
N???CB_{?^`}Fw^o^o?	15	40	6	6
N???CB_{?^b{Fw^o^o?	15	40	5	7
N???CB_{?^b{~_^oNw?	15	41	4	7
N???CB_{?^b{~_~_Nw?	15	41	4	7
N???CB_{Ba@vB{Fw^o?	15	37	5	10
N???CB_{Ba@vFwFw^o?	15	37	6	12
N???CB_{Ba@vFw^o^o?	15	38	5	10
N???CB_{Ba@vFw~_^o?	15	38	5	10
N???CB_{BaMGFw~_@v_	15	36	5	11
N???CB_{FO@}Dy~_Nw?	15	38	5	9
N???CB_{F_B{B}^o^o?	15	39	5	7
N???CB_{F_MGFw~_@v_	15	36	5	10
N???CBoB~{^o~_^oNw?	15	45	2	6
N???CBoB~{^o~_~_Nw?	15	45	2	5
N???CBoYUKQqMQBw^o?	15	35	4	17
N???CBoYV_QqBy~_Nw?	15	38	4	12
N???CBob_^MI~_~_Nw?	15	40	3	10
N???CBob_^MI~_~_^o?	15	40	3	9
N???CBobfOAxBw[S^o?	15	35	4	16
N???CBor?^EY~_~_Nw?	15	40	3	13
N???CBorDS@{KsTQ^o?	15	35	4	20
N???CBoy?^Ay~_~_Nw?	15	40	3	10
N???CBo{?^`}~_~_Nw?	15	42	5	4
N???CBo{?^~o^o^oNw?	15	43	3	5
N???CBo{?^~o~_^oNw?	15	43	3	5
N???CBo{?^~o~_~_Nw?	15	43	3	5
N???CBo{AYUPB{~_Nw?	15	38	4	10
N???CBo{Ba@v^o^o^o?	15	40	4	7
N???CBo{Ba@v^o~_^o?	15	40	4	7
N???CBo{BaMGBn~_Nw?	15	38	4	7
N???CBo{BaMGB{bb^o?	15	36	5	12
N???CBo{BaMGB{~_@v_	15	37	5	9
N???CBo{BaPpB{B{^o?	15	37	5	10
N???CBo{BaPpB{^oNw?	15	38	4	10
N???CBo{BaPpB{~_Nw?	15	38	4	10
N???CBo{BaPpB{~_^o?	15	38	4	10
N???CBo{F_@~B}^o^o?	15	41	6	3
N???CBo{F_@~^o^o^o?	15	41	4	4
N???CBo{F_@~^o~_^o?	15	41	4	4
N???CBo{F_MG^o~_@v_	15	38	4	6
N???CBo{F_NG@nB}^o?	15	38	4	8
N???CBw}Fo^?@~^o^o?	15	42	3	3
N???CB}~f{^o~_^o^o?	15	50	1	0
N???E?oB?F`kNorg]Q_	15	33	6	17
N???E?oB?F`{Ksok^o?	15	32	6	18
N???E?oB?F`{{cNoXs?	15	33	6	19
N???E?oB?Ffgrg{cWU_	15	33	5	17
N???E?oB?Ffwrg{cFw?	15	34	5	17
N???E?oB?Ffwrg{c^`?	15	35	4	18
N???E?oB?Ffwrg{c^o?	15	35	4	18
N???E?oB?ZEYok~_]R?	15	34	4	16
N???E?oB?^EYBwok^o?	15	33	6	19
N???E?oB?^EYokNo^o?	15	34	5	18
N???E?oB?^EYok{E^o?	15	34	5	17
N???E?oB?^EYok~_^o?	15	35	6	17
N???E?oBOZWUNorg]R?	15	35	6	15
N???E?oBOZWUNo{e^o?	15	36	6	13
N???E?oBO^WUNorg]B?	15	35	6	17
N???E?oBO^WUNo{cXs?	15	35	6	17
N???E?oBO^WUNo{c^o?	15	36	6	15
N???E?oBO^WU{ENP^o?	15	36	6	16
N???E?oBO^WU{ENo^o?	15	36	6	14
N???E?oBW^@{No{cXs?	15	36	5	14
N???E?oBW^]QNorg]B?	15	37	5	13
N???E?oBW^]QNorg^o?	15	38	5	13
N???E?oBXUY`rg{cFw?	15	35	6	18
N???E?oBXYFwrgse^o?	15	37	6	13
N???E?oBXe@{rI{cFw?	15	35	6	16
N???E?oBXe@{rI{c^o?	15	36	6	16
N???E?oBXePd[drg^o?	15	36	6	14
N???E?oBXeXdrg{cFw?	15	36	6	16
N???E?oBXeXdrg{c^o?	15	37	6	13
N???E?oBXqFw{cpiXs?	15	36	6	16
N???E?oBXqFw{cpi^o?	15	37	6	14
N???E?oB^cfwrgNoXs?	15	38	5	15
N???E?oB^cfwrgNo^o?	15	39	5	14
N???E?oB^cfwrg~_^o?	15	40	4	12
N???E?oB^c}QNorg^o?	15	39	4	12
N???E?oB_[EJoMBw^o?	15	32	5	16
N???E?oBw^@{Norg^o?	15	38	4	10
N???E?oBw^FwNorg^o?	15	39	4	11
N???E?oBw^Fwrg~_^o?	15	40	4	10
N???E?oBx}FwNorg^o?	15	40	4	9
N???E?oBx}XsNorg^o?	15	40	4	11
N???E?oBx}XsNo~_^o?	15	41	4	10
N???E?oBx}Xs~_~_^o?	15	42	4	10
N???E?oB~o^?Norg?|_	15	37	6	13
N???E?oIONFw}ArgYq?	15	35	6	18
N???E?oIOZFwpkse^o?	15	36	6	15
N???E?oIOZFwrg{aYq?	15	35	6	17
N???E?oIO^WeMptc^o?	15	36	7	14
N???E?oIO^WutcNo^o?	15	37	6	15
N???E?oIO^YqrgNo^o?	15	37	5	15
N???E?oIPi@{qitc^o?	15	35	6	16
N???E?oIPq@{tcpm^o?	15	36	6	14
N???E?oIU@`{tcNq^o?	15	36	6	13
N???E?oIUP@{Lqtc^o?	15	35	6	15
N???E?oIU_`|Nopk^o?	15	36	6	14
N???E?oIU_fGBypl^o?	15	35	6	16
N???E?oIV_FwByrgYq?	15	35	6	16
N???E?oJPe@{scrI^o?	15	35	6	17
N???E?oJUc`{rgNo^o?	15	37	5	14
N???E?oJUc}ONorg@l_	15	36	6	14
N???E?oJVCBhBwscXs?	15	33	6	18
N???E?oJV_YQByrgFw?	15	35	6	16
N???E?oKOZ@{oe~_Xu?	15	35	5	15
N???E?oKOZ@{{ark^o?	15	36	6	14
N???E?oKOZFwNo{aXu?	15	36	6	15
N???E?oKOZFw{arkXu?	15	37	7	13
N???E?oKOZFw{a~_Xu?	15	37	6	15
N???E?oKO^@{Nork^o?	15	37	5	13
N???E?oKO^@{rkrk^o?	15	38	4	12
N???E?oKO^@{rk~_^o?	15	38	5	12
N???E?oKO^FwNo~_Xu?	15	38	5	11
N???E?oKO^Fwrkrk^o?	15	39	6	10
N???E?oKO^Fwrk~_^o?	15	39	5	11
N???E?oKO^XELprk^o?	15	37	5	14
N???E?oKO^Xurkrk^o?	15	40	3	8
N???E?oKO^Xurk~_^o?	15	40	5	8
N???E?oKO^Xu~_~_^o?	15	40	5	8
N???E?oKPY@{sa~_Xu?	15	35	6	15
N???E?oKSP@{Pe~_Xu?	15	34	4	16
N???E?oKTO@{Ta~_Xu?	15	34	6	16
N???E?oKTo@{Pmrk^o?	15	36	5	14
N???E?oKU@@{Be~_Xu?	15	34	4	16
N???E?oKU@@{Be~_^o?	15	34	6	14
N???E?oKU@]?BxBf^o?	15	33	5	14
N???E?oKU@`k{`rkFx?	15	35	6	16
N???E?oKU@`{rkNq^o?	15	37	6	13
N???E?oKU@}?BxrkFx?	15	35	6	14
N???E?oKV?BxBy~_Xu?	15	36	7	12
N???E?oKV_@vByNoXu?	15	36	5	15
N???E?oKV_@vByrk^o?	15	37	5	13
N???E?oKV_@|ByNoXu?	15	36	5	13
N???E?oKV_@|Byrk^o?	15	37	6	11
N???E?oKV_@|rkrk^o?	15	38	5	12
N???E?oKV_@|rk~_^o?	15	38	6	12
N???E?oKV_FwByrkXu?	15	37	6	13
N???E?oKV_FwBy~_Xu?	15	37	6	13
N???E?oKV_FwNoByXu?	15	36	6	13
N???E?oKV_]?Bzrk^o?	15	36	6	12
N???E?oKV_]?NoBzXu?	15	35	5	15
N???E?oMO^@{Nopk^o?	15	37	5	15
N???E?oMO^@{pkpk^o?	15	37	5	14
N???E?oMO^@{pk~_^o?	15	38	5	14
N???E?oMO^@{rgpk^o?	15	37	5	15
N???E?oMO^FwNopk^o?	15	38	5	13
N???E?oMO^WuNo~_^o?	15	39	5	12
N???E?oMO^WupkNo^o?	15	38	6	12
N???E?oMO^Wupkrg^o?	15	38	4	11
N???E?oMO^Wupk~_^o?	15	39	6	9
N???E?oMO^WurgNo^o?	15	38	5	13
N???E?oMO^Wurg~_^o?	15	39	5	11
N???E?oMO^Wu~_~_^o?	15	40	5	9
N???E?oMO^Xsrgpk^o?	15	38	4	12
N???E?oMPi@{pkqi^o?	15	36	5	15
N???E?oMPq@{Nopm^o?	15	37	5	12
N???E?oMPq@{pmpm^o?	15	38	5	10
N???E?oMPq@{pm~_^o?	15	38	6	10
N???E?oMPq@{rgpm^o?	15	37	5	13
N???E?oMPq]?Bx~_Wv?	15	36	7	13
N???E?oMTgHTBwpk^o?	15	35	6	17
N???E?oMTo@{Pmpk^o?	15	36	6	14
N???E?oMTo@{rgPm^o?	15	36	6	15
N???E?oMUH`{pkMq^o?	15	37	6	13
N???E?oMUP@{pkLq^o?	15	36	6	17
N???E?oMUP]?BxpkEx?	15	34	6	19
N???E?oMV_@|Bypk^o?	15	37	7	13
N???E?oMV_@|pk~_^o?	15	38	6	13
N???E?oMV_@|rgpk^o?	15	37	6	15
N???E?oMV_FwBypk^o?	15	37	6	15
N???E?oMV_FwByrgWu?	15	36	6	16
N???E?oMV_WupkBy^o?	15	37	6	13
N???E?oMV_]?pk~_@|_	15	36	6	14
N???E?obADeYBwrH^o?	15	34	5	16
N???E?obADeYBwrg^o?	15	34	5	18
N???E?oi?NiqNorg^@?	15	35	5	17
N???E?oi?NiqNorg^o?	15	36	5	16
N???E?oi?ZIq{aNoXs?	15	34	5	20
N???E?oi?^IqNorg^o?	15	36	5	17
N???E?oi@iIqBwqi^o?	15	34	6	17
N???E?oi@qIqBwpi^o?	15	34	6	17
N???E?oiF_IqNorg@|?	15	34	6	18
N???E?oq?N`{Lsrg^@?	15	35	6	16
N???E?oq?N`{Lsrg^o?	15	36	6	13
N???E?oq?NeiBwqh^o?	15	35	6	16
N???E?oq?NeiqhNo^o?	15	36	6	14
N???E?oq?NeyNorg^@?	15	36	6	15
N???E?oq?NeyNorg^o?	15	37	6	12
N???E?oq@a~?@|NoXt?	15	35	6	16
N???E?oqEP?}BwLu^o?	15	35	6	14
N???E?oqEP?}NoLu^o?	15	36	5	12
N???E?ow@qByB{pi^o?	15	36	6	14
N???E?ow@}ByB{rg^o?	15	38	6	11
N???E?owEP@}DuNo^o?	15	36	5	14
N???E?owEP@}LqFs^o?	15	36	5	15
N???E?owEPExDuB{^o?	15	36	5	14
N???E?owE_XsFsJq@~?	15	35	4	14
N???E?owF_XsFsNo@~?	15	36	5	13
N???E?owFoXsFsNo?~?	15	36	6	15
N???E?o{?^`}Norg^o?	15	39	6	10
N???E?o{?^fwrgNoXs?	15	38	5	13
N???E?o{?^fwrgNo^o?	15	39	5	13
N???E?o{?^fwrg~_^o?	15	40	5	10
N???E?o{F_FwNorg@~?	15	37	6	12
N???E?o{F_FwrgB}@~?	15	38	4	10
N???E?o{F_Fwrg~_@~?	15	38	5	10
N???E?o}FoFwNorg?~?	15	38	5	13
N???E?o}Fo^?Norg?~_	15	38	4	10
N???E?pBo\FwNo{E^o?	15	38	5	12
N???E?pBo\]BNorg]B?	15	37	5	13
N???E?pBo\]BNorg^o?	15	38	6	13
N???E?pBo\]BNo~_^o?	15	39	5	10
N???E?pBo\]B{ENo^o?	15	38	6	10
N???E?pBo\]B{E~_^o?	15	39	7	7
N???E?pBo\]B~_~_^o?	15	40	5	7
N???E?pBsXMP{CrgFw?	15	35	6	17
N???E?pBsXMP{Crg^o?	15	36	5	16
N???E?pBuP]ArgLq^o?	15	37	6	14
N???E?pBv_fwNorg^o?	15	39	4	12
N???E?pBv_xsNo~_^o?	15	40	4	12
N???E?pBv_xsrgNo^o?	15	39	5	13
N???E?pBv_xsrgrg^o?	15	39	4	11
N???E?pBv_xsrg~_^o?	15	40	4	11
N???E?pBv_xs~_~_^o?	15	41	4	9
N???E?pJUcfwNorg^o?	15	39	4	12
N???E?pJUcxsNo~_^o?	15	40	4	11
N???E?pJUcxsrgNo^o?	15	39	5	13
N???E?pMP}Fwrgpk^o?	15	40	5	10
N???E?pMP}Wurg~_^o?	15	41	5	8
N???E?pMTgHTNopk^o?	15	37	6	14
N???E?pMToGvrgNo^o?	15	38	6	12
N???E?pMULwurgNo^o?	15	40	6	8
N???E?pMULxsrgNo^o?	15	40	5	9
N???E?pMUPWuLq~_^o?	15	39	6	11
N???E?pMUPWupkLq^o?	15	38	5	12
N???E?pMUPWurgLq^o?	15	38	5	13
N???E?pMUP\?Drpk^o?	15	36	6	15
N???E?pMVo^?Norg?v_	15	37	5	14
N???E?pNp}Fwrgrg^o?	15	42	4	7
N???E?pNp}Fwrg~_^o?	15	43	3	6
N???E?pNu\Fwrg~_^o?	15	43	4	8
N???E?pNu\Fw~_~_^o?	15	44	3	6
N???E?pNu\^o~_~_^o?	15	45	3	6
N???E?pi?]@sTc{B^o?	15	34	6	15
N???E?pi?]]@TcNoXs?	15	34	5	18
N???E?pi?]]@Tcrg^o?	15	35	5	17
N???E?pi?mguNorg^o?	15	37	6	16
N???E?pi?miqNorg^o?	15	37	5	14
N???E?pi@qAyPmrg^o?	15	36	7	16
N???E?pi@qXCPmDt^o?	15	35	7	18
N???E?piAkfwNorg^o?	15	38	4	14
N???E?piAkfwrg~_^o?	15	39	4	14
N???E?piAkiqNorg^o?	15	37	5	15
N???E?piDOFwrgTe^o?	15	36	5	15
N???E?piF?IqBiFq^o?	15	34	6	16
N???E?piF?IqFqrg^o?	15	35	5	15
N???E?pw?\byFsNo^o?	15	38	4	10
N???E?pw?\byFsrg^o?	15	38	6	10
N???E?pw?\byFs~_^o?	15	39	6	9
N???E?pw?\byNorg^o?	15	38	6	12
N???E?pw?\byNo~_^o?	15	39	5	11
N???E?pw?\byrg~_^o?	15	39	5	11
N???E?pw?\by~_~_^o?	15	40	5	8
N???E?pw?\fwNoFs^o?	15	38	4	12
N???E?pw?\xsrgFs^o?	15	38	5	12
N???E?pw?}byFsrg^o?	15	39	6	7
N???E?pw?}byrgrg^o?	15	39	6	9
N???E?pw?}byrg~_^o?	15	40	5	8
N???E?pw?}fwFsrg^o?	15	39	5	9
N???E?pw?}fwrgrg^o?	15	39	5	11
N???E?pw?}fwrg~_^o?	15	40	4	10
N???E?pw?}xsrg~_^o?	15	40	4	10
N???E?pw?}xs~_~_^o?	15	41	4	9
N???E?pw@}FwFsrg^o?	15	39	4	10
N???E?pwD_@zRiFs^o?	15	36	6	14
N???E?pwD_ByFsRi^o?	15	36	6	14
N???E?pwD_ByRiNo^o?	15	36	5	15
N???E?pwD_ByRi~_^o?	15	37	5	13
N???E?pwDoGtBkFs^o?	15	35	6	17
N???E?pwDoGtFsrg^o?	15	36	5	16
N???E?pwEP@uDuFs^o?	15	36	5	13
N???E?pwEP@uDuNo^o?	15	36	5	15
N???E?pwEP@uLqFs^o?	15	36	5	15
N???E?pwEPAzrgFs^o?	15	37	7	11
N???E?pwEPExrgFs^o?	15	37	6	12
N???E?pwE\XsrgFs^o?	15	39	4	10
N???E?pwEoCxBkFs^o?	15	35	6	17
N???E?pwEoCxFsrg^o?	15	36	5	15
N???E?pwFO@uDuFs^o?	15	36	6	13
N???E?pwFO@uNoDu^o?	15	36	6	14
N???E?pwFOAzrgFs^o?	15	37	6	11
N???E?pwF_@vBmFs^o?	15	37	5	11
N???E?pwF_@vBuFs^o?	15	37	5	11
N???E?pwF_ByBmFs^o?	15	37	6	12
N???E?pwF_ByBmrg^o?	15	37	6	12
N???E?pwF_ByBm~_^o?	15	38	6	10
N???E?pwF_ByNoBmXs?	15	36	6	15
N???E?pwF_ByNoBm^o?	15	37	6	13
N???E?pwF_ByrgBu^o?	15	37	6	11
N???E?pyFOFwDurg^o?	15	38	5	13
N???E?p{F_@zrgNo@z?	15	37	5	12
N???E?p{F_@zrgNo^o?	15	38	5	12
N???E?p{F_@zrgrgFw?	15	37	6	14
N???E?p{F_@zrgrg^o?	15	38	5	11
N???E?p{F_@zrg~_^o?	15	39	5	9
N???E?p}Fo^?Norg?z_	15	38	5	12
N???E?wHuows}?No?|O	15	36	6	15
N???E?wM?NfgNO~_WUo	15	37	5	11
N???E?wM?NweMpNo^o?	15	37	5	12
N???E?wM?NweMp}A^o?	15	37	5	12
N???E?wM?NweMp~_^o?	15	38	6	10
N???E?wM?NwuNoNo^@?	15	37	6	12
N???E?wM?NwuNoNo^o?	15	38	6	10
N???E?wM?NwuNo~_^o?	15	39	5	9
N???E?wM?NwupkNo^o?	15	38	6	9
N???E?wM?N~@Nopk^o?	15	38	5	11
N???E?wM@oFg@}~_WV_	15	36	5	10
N???E?wM@oFw@}~_Wv?	15	37	6	8
N???E?wM@o^?No@~Wv?	15	36	5	10
N???E?wM@q?}Nopm^o?	15	37	6	10
N???E?wM@q?}pmpm^o?	15	38	4	8
N???E?wM@q?}pm~_^o?	15	38	6	8
N???E?wM@q?}}@NoWv?	15	36	5	12
N???E?wM@q?}}@pm^o?	15	37	5	11
N???E?wMFo^?Nopk?~_	15	37	5	13
N???E?wMVo^?Nopk?|_	15	37	6	13
N???E?w`jows}?No?|O	15	36	6	13
N???E?wk?NhqpgNo^@?	15	35	5	16
N???E?wk?NhqpgNo^o?	15	36	5	14
N???E?wk@q?}Rcpi^o?	15	35	6	15
N???E?wpmL^?}?No?{o	15	37	5	14
N???E?wpno^?NoNo?|_	15	38	5	11
N???E?wpno^?}?No?|o	15	38	4	11
N???E?ww?NwsFsNo^@?	15	36	6	14
N???E?ww?NwsFsNo^o?	15	37	6	14
N???E?ww@MZ@pgFs?}_	15	34	5	17
N???E?ww@q?}Fspi^o?	15	36	6	16
N???E?xHuLZANoNo^o?	15	39	4	12
N???E?xHuLZANo~_^o?	15	40	4	12
N???E?xHuLZA~_~_^o?	15	41	4	10
N???E?xLULXQNoNo^o?	15	39	4	12
N???E?xLULXQNo~_^o?	15	40	4	10
N???E?xMP}Fwpk~_^o?	15	42	4	8
N???E?xMP}Wu~_~_^o?	15	43	4	5
N???E?xMToFwNoPm^o?	15	39	4	10
N???E?xMToGvNo~_^o?	15	40	5	8
N???E?xMULwuNoNo^o?	15	41	6	7
N???E?xMULwuNo~_^o?	15	42	6	5
N???E?xMV_]?Brpk^o?	15	37	6	13
N???E?xMVo^?Nopk?v_	15	38	6	12
N???E?xmDoGvNoNo^o?	15	39	4	10
N???E?xmDoGvNo~_^o?	15	40	5	9
N???E?xph}FwNo~_^o?	15	43	3	6
N???E?xph}Fw~_~_^o?	15	44	3	6
N???E?xph}^o~_~_^o?	15	45	3	5
N???E?~Np}Fw~_~_^o?	15	47	2	0
N???E?~Np}^o~_~_^o?	15	48	2	0
N???E?~Nv{^o~_~_^o?	15	49	2	0
N???E?~~f{^o~_~_^o?	15	50	1	0
N???EA_E?J{qNoVg^P?	15	35	4	16
N???EA_E?N{qNoVg^@?	15	35	5	17
N???EA_E?N{qNoVg^o?	15	36	5	15
N???EA_E?rCyPk~_[r?	15	34	4	16
N???EA_E@MguFWwc~o?	15	34	5	17
N???EA_E@MguFwxc^o?	15	35	6	16
N???EA_EF?cyPkFy^o?	15	34	6	17
N???EA_EWN[q}ANoJs?	15	36	6	16
N???EA_EXMJDFwxc^o?	15	36	6	16
N???EA_EXMJDhdFw^o?	15	36	6	14
N???EA_EXMJDhdVg^o?	15	36	7	14
N???EA_EXMJDxcVg^o?	15	36	6	15
N???EA_EXMZ@xcVgFw?	15	35	6	17
N???EA_EXMZ@xcVg^o?	15	36	5	17
N???EA_EXiHTFwxc^o?	15	36	6	16
N???EA_EXqJCFw`f^o?	15	35	5	15
N???EA_EXqWrVgFw^o?	15	37	6	13
N???EA_EXqWrVgNo^o?	15	37	6	13
N???EA_E^Kb{NoVg^o?	15	39	5	11
N???EA_E^KfwNoVg^o?	15	39	5	12
N???EA_E^KfwVg~_^o?	15	40	4	11
N???EA_E^K{qNoVg^o?	15	39	4	11
N???EA_F?F{QNoVg^`?	15	35	4	16
N???EA_F?F{QNoVg^o?	15	35	4	16
N???EA_Fw~B{NoVg^o?	15	41	3	6
N???EA_Fw~FwNoVg^o?	15	41	3	8
N???EA_Fw~FwVg~_^o?	15	42	4	6
N???EA_Fx}FwNoVg^o?	15	41	3	8
N???EA_Fx}FwVgVg^o?	15	41	3	10
N???EA_Fx}FwVg~_^o?	15	42	4	8
N???EA_Fx}Js~_~_^o?	15	43	4	6
N???EA_KOrB{peRk^o?	15	36	6	16
N???EA_KOrB{xaRk^o?	15	36	6	15
N???EA_KOrFwxaRk^o?	15	36	6	17
N???EA_KO~B{FwRk^o?	15	38	4	10
N???EA_KO~B{RkRk^o?	15	38	5	13
N???EA_KO~B{RkVg^o?	15	38	4	12
N???EA_KO~B{Rkrc^o?	15	38	5	12
N???EA_KO~B{Rk~_^o?	15	39	5	11
N???EA_KO~B{rcVg^o?	15	38	5	10
N???EA_KO~FwFwRk^o?	15	38	4	12
N???EA_KO~HuNoVg^o?	15	38	4	13
N???EA_KO~HuNorc^o?	15	38	6	14
N???EA_KO~HuNo~_^o?	15	39	5	12
N???EA_KO~HuVgVg^o?	15	38	4	12
N???EA_KO~HuVg~_^o?	15	39	5	11
N???EA_KO~Hu~_~_^o?	15	40	5	9
N???EA_KO~XqNoVg^o?	15	38	5	12
N???EA_KO~XqVgVg^o?	15	38	4	11
N???EA_KO~XqVg~_^o?	15	39	5	11
N???EA_KO~XqrcVg^o?	15	38	4	12
N???EA_KP}FwFwRk^o?	15	38	4	12
N???EA_KP}FwrcVg^o?	15	38	4	12
N???EA_KP}XqVgVg^o?	15	38	5	13
N???EA_KP}XqVg~_^o?	15	39	4	13
N???EA_KQ`B{Rkja^o?	15	35	6	16
N???EA_KQ`B{beFw^o?	15	35	6	13
N???EA_KQ`B{beNo^o?	15	35	5	15
N???EA_KQ`B{beRk^o?	15	35	5	17
N???EA_KQ`B{be~_^o?	15	36	6	15
N???EA_KQ`B{rcja^o?	15	35	6	16
N???EA_KQ`]?BxBf^o?	15	33	5	14
N???EA_KQ`]?Bxbe^o?	15	33	6	16
N???EA_KTWITFwRk^o?	15	35	6	17
N???EA_KTWITFwrc^o?	15	35	6	16
N???EA_KV?FwRk~_B|?	15	36	6	14
N???EA_KV?HuRk~_B|?	15	36	6	14
N???EA_KV?Hu~_~_B|?	15	37	6	11
N???EA_KV?ICbd~_B|?	15	33	6	15
N???EA_KV?JsRk~_B|?	15	36	6	14
N???EA_KV?Jsrc~_B|?	15	36	6	12
N???EA_KV?XqRk~_B|?	15	36	6	13
N???EA_KVOA|RkFw^o?	15	36	6	14
N???EA_KVOA|RkNo^o?	15	36	6	16
N???EA_KV_@|BmVg^o?	15	36	6	12
N???EA_KV_@|RkFw^o?	15	36	6	14
N???EA_KV_@|RkVg^o?	15	36	6	14
N???EA_KV_@|rcNoJs?	15	35	6	16
N???EA_KV_@|rcVg^o?	15	36	6	14
N???EA_MPMGuUIFw^o?	15	35	5	20
N???EA_MPMGuUINo^o?	15	35	5	18
N???EA_MPMGuUI~_^o?	15	36	6	17
N???EA_MPMWqUIFw^o?	15	35	6	19
N???EA_MPMWqUIVg^o?	15	35	6	17
N???EA_MPiGuQiFw^o?	15	35	5	17
N???EA_MPiWqQiFw^o?	15	35	6	17
N???EA_MPqB{FwPm^o?	15	37	5	13
N???EA_MPqB{NoPm^o?	15	37	5	13
N???EA_MPqGvFw~_^o?	15	38	6	12
N???EA_MPqGvPmFw^o?	15	37	7	11
N???EA_MPqGvVgFw^o?	15	37	5	13
N???EA_MPqGvVgNo^o?	15	37	5	12
N???EA_MPqJCFw`f^o?	15	35	5	15
N???EA_MPqV?FwPn^o?	15	36	5	12
N???EA_MPqWrPmFw^o?	15	37	7	11
N???EA_MPqWrVgFw^o?	15	37	6	13
N???EA_MPqWrVgNo^o?	15	37	5	12
N???EA_MQLb{FwFw^o?	15	38	4	11
N???EA_MQLb{Fw~_^o?	15	39	5	11
N???EA_MQLb{NoFw^o?	15	38	4	13
N???EA_MQLb{NoVg^o?	15	38	4	15
N???EA_MQLb{No~_^o?	15	39	5	13
N???EA_MQLb{~_~_^o?	15	40	5	11
N???EA_MQLfwNoFw^o?	15	38	4	13
N???EA_MQLfwNoVg^o?	15	38	4	13
N???EA_MQLfwVg~_^o?	15	39	5	13
N???EA_MQpN?`fFw^o?	15	35	5	15
N???EA_MV_GuFwBy^o?	15	36	6	16
N???EA_MV_GuVgBy^o?	15	36	6	16
N???EA_MV_WqByVg^o?	15	36	6	16
N???EA_Np}FwNoVg^o?	15	41	3	6
N???EA_Np}FwVgVg^o?	15	41	3	8
N???EA_Np}FwVg~_^o?	15	42	3	7
N???EA_Np}JsVg~_^o?	15	42	4	9
N???EA_Np}Js~_~_^o?	15	43	3	7
N???EA_Nq|^o~_~_^o?	15	44	2	6
N???EA_S?RjsjcNo]p?	15	35	4	16
N???EA_S?ZjsjcNo]P?	15	35	5	17
N???EA_S?^jsjcNo^o?	15	37	6	14
N???EA_SAp@}heNo^o?	15	35	6	16
N???EA_SF_JsjcNo@~?	15	35	6	15
N???EA_U?NsqNoVg^o?	15	36	5	16
N???EA_UAp?}heNo^o?	15	35	6	14
N???EA_UDK~?NoVg?}_	15	35	5	15
N???EA_W@qGtNoVgRq?	15	33	5	17
N???EA_W@qGtfc~_B}?	15	35	6	17
N???EA_W@qJC`f~_B}?	15	34	6	16
N???EA_W@qWpNoVgRq?	15	33	5	17
N???EA_W@}JsfcNoFw?	15	36	4	10
N???EA_W@}JsfcNoJs?	15	36	4	12
N???EA_W@}JsfcNo^o?	15	37	4	13
N???EA_W@}Jsfc~_B}?	15	38	6	12
N???EA_W@}Jsfc~_^o?	15	38	3	12
N???EA_WF_FwVgfc@~?	15	35	4	14
N???EA_WFoFwVgfc?~?	15	35	5	16
N???EA_[@qGtbcFw^o?	15	34	6	18
N???EA_[@qJC`fB{^o?	15	34	6	17
N???EA_[@qOrB{Vg^o?	15	35	6	16
N???EA_[C[`}NoVg^o?	15	37	6	14
N???EA_[C[b{NoVg^o?	15	37	5	14
N???EA_[C[fwNoVg^o?	15	37	4	15
N???EA_[C[fwVg~_^o?	15	38	3	14
N???EA_[C[pqNoVg^o?	15	36	4	14
N???EA_[EoCxbcVgFw?	15	33	5	19
N???EA_[F_PqNoVg@~?	15	35	5	14
N???EA_[FoPqNoVg?~?	15	35	5	15
N???EA_u@Mb{FwVg^o?	15	38	5	12
N???EA_u@Mb{VgVg^o?	15	38	5	13
N???EA_u@Mb{Vg~_^o?	15	39	5	12
N???EA_u@MfwFwVg^o?	15	38	5	14
N???EA_u@MfwNoVg^o?	15	38	4	13
N???EA_u@MfwVgVg^o?	15	38	5	14
N???EA_u@MfwVg~_^o?	15	39	4	12
N???EA_u@qJCPiHt^o?	15	34	6	18
N???EA_uALV@HsFw^o?	15	35	6	17
N???EA_uAhTPHsFw^o?	15	35	6	18
N???EA_uApCzFwFw^o?	15	37	6	14
N???EA_uApCzFw~_^o?	15	38	6	13
N???EA_uApCzNoFw^o?	15	37	6	14
N???EA_uApCzNoVg^o?	15	37	6	14
N???EA_uApCzVgFw^o?	15	37	5	14
N???EA_uDKCyUJFw^o?	15	36	7	14
N???EA_uEKCyMQVg^o?	15	35	5	17
N???EA_uEoCzNoVg^o?	15	37	5	12
N???EA_uEoCzVgFw^o?	15	37	5	12
N???EA_uEoJCFwHv^o?	15	36	5	12
N???EA_w@qGtNo~_B}?	15	36	6	16
N???EA_w@qGt~_F{^o?	15	37	6	13
N???EA_w@}JsNo~_B}?	15	39	5	11
N???EA_w@}Js~_F{^o?	15	40	5	8
N???EA_{?^`}NoVg^o?	15	39	6	10
N???EA_{?~FwVgB{^o?	15	39	5	11
N???EA_{@}FwVgB{^o?	15	39	5	13
N???EA_{@}JsB{~_^o?	15	40	5	10
N???EA_{F_FwVg~_@~?	15	38	5	10
N???EAoBy\FwNoNo^o?	15	40	4	11
N???EAoBy\FwNo~_^o?	15	41	4	10
N???EAoBy\Fw~_~_^o?	15	42	4	8
N???EAoJO^HsscNo^o?	15	37	5	15
N???EAoJOuYQxARg^o?	15	35	5	18
N???EAoJPYHsNose^o?	15	37	5	13
N???EAoJPe@{RIsc^o?	15	35	6	18
N???EAoJPeHdRgsc^o?	15	35	6	17
N???EAoJQ\HsscNo^o?	15	37	5	15
N???EAoJUchsNoNo^o?	15	38	4	14
N???EAoJUchsNo~_^o?	15	39	4	13
N???EAoMO^HspcNo^o?	15	37	5	15
N???EAoMO^Hspc~_^o?	15	38	5	14
N???EAoMPq@{NoPm^o?	15	37	5	14
N???EAoMPq@{Pm~_^o?	15	38	6	12
N???EAoMPq@{RgPm^o?	15	36	6	15
N???EAoMPq@{Rgpe^o?	15	36	6	16
N???EAoMPq@{pePm^o?	15	37	6	13
N???EAoMPqHsNoPm^o?	15	37	6	12
N???EAoMPqHsNope^o?	15	37	5	13
N???EAoMQ\HspcNo^o?	15	37	5	13
N???EAoRG^EYNoNo^o?	15	38	5	14
N???EAoRG^EYNo~_^o?	15	39	5	13
N???EAoRG^EY~_~_^o?	15	40	5	10
N???EAoRG^UQNoNo^o?	15	38	5	12
N???EAoRG^UQNo~_^o?	15	39	5	11
N???EAoRHU@{KstA^o?	15	35	6	19
N???EAoRI\UQNoNo^o?	15	38	5	12
N???EAoRI\UQNo~_^o?	15	39	4	11
N???EAoRN_EYByNo^o?	15	37	6	14
N???EAoRN_EYBy~_^o?	15	38	6	12
N???EAoRN_UQByNo^o?	15	37	6	12
N???EAoRN_X_ByKt^o?	15	36	6	16
N???EAoRh}FwNoNo^o?	15	41	3	8
N???EAoRh}FwNo~_^o?	15	42	3	8
N???EAoRh}Fw~_~_^o?	15	43	3	8
N???EAoRh}^o~_~_^o?	15	44	2	7
N???EAoRi\FwNoNo^o?	15	40	4	10
N???EAoRi\FwNo~_^o?	15	41	4	9
N???EAoRi\Fw~_~_^o?	15	42	3	8
N???EAoY?NhsdcNo^@?	15	35	5	17
N???EAoY?NhsdcNo^o?	15	36	5	17
N???EAoY@MZ@RgdcFw?	15	33	5	21
N???EAoYA\@{dcNo^o?	15	36	5	16
N???EAoYA\HsdcNo^o?	15	36	4	15
N???EAoYA\QqNoNo^o?	15	37	4	16
N???EAoYA\QqNo~_^o?	15	38	3	15
N???EAo[@YYPRgbcFw?	15	33	5	19
N???EAo[A\@mbcNo]O_	15	35	5	16
N???EAo[A\@ubcNoEHo	15	35	5	14
N???EAo[A\HsbcNo@}?	15	35	5	15
N???EAo[A\HsbcNoEHo	15	35	5	14
N???EAo[A\HsbcNoFw?	15	35	5	14
N???EAo[A\HsbcNo^o?	15	36	4	14
N???EAo[A\HsbcbcFw?	15	34	5	16
N???EAo[A\PqNoB{@}?	15	36	4	12
N???EAo[A\PqNoB{^o?	15	37	6	13
N???EAo[A\PqNoNo@}?	15	36	6	14
N???EAo[A\PqNoNoFw?	15	36	4	12
N???EAo[A\PqNoNo^o?	15	37	4	15
N???EAo[A\PqNo~_^o?	15	38	3	13
N???EAo[A\Pqr_NoEHo	15	35	5	14
N???EAo[EWEXRgbcFw?	15	33	5	18
N???EAo[F_HsbcNo@~?	15	35	4	14
N???EAob?^HsKs[c^o?	15	35	6	18
N???EAob?^Hs[cNo^o?	15	36	5	16
N???EAob@QHs[ctaFw?	15	33	5	20
N???EAobATEhBw[c^o?	15	34	6	18
N???EAobAX@{[cKu^o?	15	35	6	17
N???EAobAXMAKuBx^o?	15	35	6	17
N???EAobA\Hs[cNo^o?	15	36	4	15
N???EAobA\MQNoNo^o?	15	37	4	16
N???EAobA\MQNo~_^o?	15	38	3	15
N???EAobBOHs[cdaFw?	15	32	4	22
N???EAobDcHdBw[cFw?	15	33	6	18
N???EAobDcHdRg[cFw?	15	33	5	18
N???EAobFCBh[cRgFw?	15	33	5	19
N???EAobFcMQRgNo@l_	15	35	5	15
N???EAoi?NhsTcNo^o?	15	36	5	14
N???EAoi?ZIRPkNo^o?	15	35	6	17
N???EAoi?^GuDsNo^o?	15	36	6	14
N???EAoi?^GuTcNo^o?	15	36	6	14
N???EAoi?^HsTcNo^o?	15	36	5	15
N???EAoi?qHsTcxaFw?	15	33	5	20
N???EAoi@q@{DsPm^o?	15	35	6	16
N???EAoi@qHsDsPm^o?	15	35	7	16
N???EAoiALhsTcNo^o?	15	36	5	13
N???EAoiAX@{KqTc^o?	15	34	6	18
N???EAoiA\HsTcNo^o?	15	36	4	14
N???EAoiA\IqNoNo^o?	15	37	4	15
N???EAoiA\IqNo~_^o?	15	38	3	13
N???EAoiB_PpRgTcFw?	15	32	4	20
N???EAok?^`}RkNo^o?	15	39	6	8
N???EAok@q@}B{Pm^o?	15	37	6	12
N???EAok@q@}PmRk^o?	15	37	6	12
N???EAok@q@}Pm~_^o?	15	38	7	10
N???EAok@qFwB{Pm^o?	15	37	6	12
N???EAok@qFwPmRk^o?	15	37	7	11
N???EAok@qGvPmB{^o?	15	37	6	12
N???EAokA\`}NoNo^o?	15	39	6	9
N???EAokA\`}No~_^o?	15	40	6	8
N???EAokA\`}RkNo^o?	15	39	6	8
N???EAokA\fwNoNo^o?	15	39	4	10
N???EAokA\fwNo~_^o?	15	40	4	9
N???EAokA\fw~_~_^o?	15	41	3	7
N???EAokA\huNoNo^o?	15	39	6	9
N???EAokA\huNo~_^o?	15	40	5	8
N???EAokA\huRkNo^o?	15	39	6	7
N???EAokBOQpNoRk^o?	15	35	4	15
N???EAokB_PpNoNoHu?	15	34	5	15
N???EAokB_PpNoRk^o?	15	35	4	14
N???EAokF_FwRk~_@~?	15	38	6	9
N???EAokFo?~RkNo^o?	15	38	5	11
N???EAom@q@{PmNo^o?	15	37	5	13
N???EAom@q@{Pm~_^o?	15	38	6	12
N???EAom@qHsBwPm^o?	15	36	7	15
N???EAom@qHsPmNo^o?	15	37	6	12
N???EAomDo@{PmNo^o?	15	37	5	11
N???EAomDoFGBw~_Gv_	15	36	5	12
N???EAomDoHsPmNo^o?	15	37	5	11
N???EAomF_FGByPl^o?	15	36	5	14
N???EAoq?^HsLsLs^o?	15	37	6	14
N???EAoq?^HsLsNo^o?	15	37	5	15
N???EAoq?^HsLs~_^o?	15	38	5	13
N???EAoq@QArRgLs^o?	15	34	6	16
N???EAoq@QHsLsta^o?	15	35	5	17
N???EAoq@a_}RiNo^o?	15	36	6	16
N???EAoq@a`{LsRi^o?	15	36	6	16
N???EAoq@ahtNoLs^o?	15	37	6	14
N???EAoqAL@{MQLs^o?	15	35	6	19
N???EAoqAL@{mALs^o?	15	35	6	17
N???EAoqA\?}LsNo^o?	15	37	6	14
N???EAoqA\EyLsNo^o?	15	38	5	11
N???EAoqA\EyNoNo^o?	15	38	4	12
N???EAoqA\EyNo~_^o?	15	39	4	11
N???EAoqA\HsNoLs^o?	15	37	5	14
N???EAoqB_HsbaLsFw?	15	33	5	17
N???EAoqF_HsByLs^o?	15	36	6	15
N???EAor@ehsNoNo^o?	15	38	4	14
N???EAor@ehsNo~_^o?	15	39	4	12
N???EAorDcEYBwRJ^o?	15	36	7	15
N???EAorEWHsBwKu^o?	15	36	5	15
N???EAorEWHsKuNo^o?	15	37	5	13
N???EAorFCBhKsRg^o?	15	35	5	18
N???EAorF_EYRgBy^o?	15	36	6	15
N???EAow@q?vRgFs^o?	15	35	6	17
N???EAow@qGtFsB{^o?	15	36	7	16
N???EAow@qGtRgFs^o?	15	35	6	17
N???EAow@qWpRgFs^o?	15	35	5	16
N???EAowA\@}FsNo^o?	15	38	6	12
N???EAowA\ByFsNo^o?	15	38	5	11
N???EAowA\ByNoNo^o?	15	38	4	12
N???EAowA\ByNo~_^o?	15	39	4	11
N???EAowA\HsFsNo^o?	15	37	5	14
N???EAowB_HsbaNoBy?	15	33	5	17
N???EAoyFOHsDuNo^o?	15	37	5	13
N???EAo{A\@}B{No^o?	15	39	6	9
N???EAo{A\@}NoNo^o?	15	39	5	11
N???EAo{A\@}No~_^o?	15	40	5	9
N???EAo{A\HsB{No^o?	15	38	6	11
N???EAo{F_FGPhB}^o?	15	36	5	13
N???EAo{F_HsNoB}^o?	15	38	5	10
N???EAwmDoFGNo~_Gv_	15	38	4	8
N???EAwmDoGvNoNo^o?	15	39	4	8
N???EAwmDoGvNo~_^o?	15	40	4	7
N???EAwmF_FGBqPl^o?	15	36	5	14
N???EB?K?WWRB{Ky^o?	15	32	5	16
N???EB?K?[WBKYB{^o?	15	31	4	17
N???EB?K@_]?Nwre@~_	15	34	4	13
N???EB?K@_^?Nwre?~_	15	34	5	15
N???EB?K@_^oB}NwXr?	15	36	7	12
N???EB?KEO`}B{Ly^o?	15	36	5	13
N???EB?KEO`}~_LyE|?	15	37	4	11
N???EB?KEO`}~_NwE|?	15	37	4	12
N???EB?KEO`}~_~_E|?	15	37	6	11
N???EB?KEOxqB{~_E|?	15	36	6	12
N???EB?KEO}?B|~_E|?	15	35	6	13
N???EB?KEWe\B{B{^o?	15	36	6	14
N???EB?KEWe\B{Nw^o?	15	37	5	13
N???EB?KEWe\B{~_^o?	15	37	7	13
N???EB?KEWe\rcB{^o?	15	36	5	14
N???EB?KEWxaB{Kz^o?	15	36	5	13
N???EB?KE[`}rc~_F{?	15	38	6	10
N???EB?KE[`}~_Nw^o?	15	39	6	9
N???EB?KF_EKB}rd^o?	15	35	6	13
N???EB?KF_XaKx~_@~?	15	35	6	15
N???EB?KF_XqB}B}F{?	15	37	4	12
N???EB?KF_XqB}NwF{?	15	37	6	12
N???EB?KF_XqB}~_F{?	15	37	6	11
N???EB?KF_XqrcNw@~?	15	36	6	12
N???EB?KF_]?rcNw@~_	15	35	4	13
N???EB?KFo^?rc@~F{?	15	36	5	13
N???EB?M@oWb@}Mx^o?	15	35	5	14
N???EB?M@oWr@}~_F{?	15	36	6	12
N???EB?M@o^?pe@~F{?	15	35	5	13
N???EB?MEK_}~_Nw^o?	15	38	5	12
N???EB?MEK~?@|MY^o?	15	36	6	13
N???EB?MEK~?@|NwF{?	15	37	6	11
N???EB?MEK~?@|~_F{?	15	37	5	14
N???EB?MEK~?}?@|f{?	15	36	5	11
N???EB?{?Z`}{a~_F{?	15	39	6	10
N???EB?{?^`}NwNw^o?	15	41	4	8
N???EB?{?^`}Nw~_^o?	15	41	6	7
N???EB?{?^~oNwNwF{?	15	42	4	6
N???EB?{?^~o~_NwF{?	15	42	5	6
N???EB?{?^~o~_~_F{?	15	42	5	5
N???EB?{@R@}ta~_F{?	15	38	6	11
N???EB?{@b@}B{raF{?	15	37	5	12
N???EB?{@b@}B{ra^o?	15	37	7	10
N???EB?{@b@}ra~_F{?	15	38	6	11
N???EB?{@b@}ra~_^o?	15	38	5	11
N???EB?{EW@}B{Ky^o?	15	37	6	12
N???EB?{EW@}KyNw^o?	15	38	6	12
N???EB?{EW@}Ky~_^o?	15	38	6	10
N???EB?{FO@}DyNw^o?	15	38	6	11
N???EB?{F_EKr`BfF{?	15	35	6	16
N???EB?{F_EKr`B}F{?	15	36	6	14
N???EB?{F_EKr`~_@~?	15	36	5	11
N???EB?{F_^oB}NwF{?	15	40	6	10
N???EB?{F_^oB}~_F{?	15	40	5	8
N???EB?}Fo^?~_@~F{?	15	40	4	7
N???EB?~`~^oNw~_F{?	15	46	4	0
N???EB?~`~^oNw~_^o?	15	46	4	0
N???EB_Fw~B{No~_^o?	15	43	5	3
N???EB_MPMWquAFw^o?	15	36	5	16
N???EB_MPiWqqaFw^o?	15	36	5	15
N???EB_MPqB{Fwpe^o?	15	38	5	13
N???EB_MPqB{pe~_^o?	15	39	5	11
N???EB_MPqFwFwpe^o?	15	38	5	13
N???EB_MPqV?PfFw^o?	15	36	6	14
N???EB_MPqWrpeFw^o?	15	38	6	11
N???EB_MUKb{FwFw^o?	15	39	5	9
N???EB_MUKb{FwNo^o?	15	39	5	11
N???EB_MUKb{Fw~_^o?	15	40	5	9
N???EB_MUKb{~_~_^o?	15	41	4	8
N???EB_MUKfwFwNo^o?	15	39	4	11
N???EB_MUKfwFw~_^o?	15	40	4	10
N???EB_MV_WqFwBy^o?	15	37	6	13
N???EB_No~B{No~_^o?	15	43	4	5
N???EB_No~B{~_~_^o?	15	44	4	3
N???EB_No~^o~_~_^o?	15	45	3	3
N???EB_Np}B{No~_^o?	15	43	3	5
N???EB_Np}B{~_~_^o?	15	44	3	4
N???EB_mDoFGPfFw^o?	15	36	6	14
N???EB_s?Z}PFwJs^o?	15	38	6	11
N???EB_s?^b{B{Js^o?	15	39	4	8
N???EB_s?^b{JsNo^o?	15	39	4	10
N???EB_s?^b{Js~_^o?	15	40	6	8
N???EB_s?~B{B{Js^o?	15	39	4	9
N???EB_s?~B{FwJs^o?	15	39	4	9
N???EB_s?~B{JsJs^o?	15	39	4	10
N???EB_s?~B{JsNo^o?	15	39	4	10
N???EB_s?~B{Js~_^o?	15	40	5	8
N???EB_s?~DyNoNo^o?	15	39	4	10
N???EB_s?~DyNo~_^o?	15	40	4	8
N???EB_s?~Dy~_~_^o?	15	41	4	6
N???EB_s@a@vFwJs^o?	15	36	5	14
N???EB_s@a@vraFwDy?	15	35	5	16
N???EB_s@aXpFwJs^o?	15	36	5	13
N???EB_s@aXpraFwDy?	15	35	6	12
N???EB_uF_CyFwBy^o?	15	37	6	13
N???EB_w@aFwra~_B}?	15	37	5	11
N???EB_w@aXpBm~_B}?	15	37	7	10
N???EB_w@aXpra~_B}?	15	37	5	10
N???EB_w@aXp~_F{B}?	15	38	7	8
N???EB_w@aXp~_~_B}?	15	38	5	9
N???EB_w@}FwNo~_B}?	15	40	4	9
N???EB_w@}Fw~_F{^o?	15	41	4	7
N???EB_w@}^o~_F{B}?	15	42	6	4
N???EB_w@}^o~_~_B}?	15	42	4	4
N???EB_wFo?~No~_B}?	15	39	6	9
N???EB_{?^`}FwNo^o?	15	40	5	8
N???EB_{?~@}FwNo^o?	15	40	5	8
N???EB_{?~FwB{~_^o?	15	41	5	7
N???EB_{?~FwNoB{^o?	15	40	5	10
N???EB_{FO@}DyNo^o?	15	38	6	10
N???EB_{F_FwFw~_@~?	15	39	6	9
N???EBore[XoBwNoEBo	15	38	5	12
N???EBore[XoBwNoEJ_	15	38	5	10
N???EBoyF_AyByNo^o?	15	38	5	12
N???EBo{?^fwNoNo^o?	15	41	4	9
N???EBo{?^fwNo~_^o?	15	42	4	8
N???EBo{?^fw~_~_^o?	15	43	4	5
N???EBo{EWEXB{No^o?	15	38	5	14
N???EBo{EWEXB{~_^o?	15	39	5	11
N???EBo{F_FG@nB}^o?	15	38	4	9
N???EBo{F_FwB}B}^o?	15	41	5	5
N???EBo{F_FwB}~_^o?	15	41	4	5
N???EBo{F_FwNo~_@~?	15	40	5	7
N???EBw}Fo^?No@~^o?	15	42	3	5
N???F?\FvD^o~_~_^o?	15	45	3	3
N???F?\{F_[SBu~_^o?	15	40	5	8
N???F?^~f{^o~_~_^o?	15	50	1	0
N???FAWDo}\AXg~_^o?	15	39	4	11
N???FAWDrLKsFoyC^o?	15	37	5	15
N???FAWFRDbwXg~_^o?	15	39	5	11
N???FAWFSwBwXgWm^o?	15	37	6	13
N???FAWFo}KsXg~_^o?	15	40	4	12
N???FAWFo}Ks~_~_^o?	15	42	3	8
N???FAWFrL^o~_~_^o?	15	44	2	8
N???FAWT?}BwXgic^o?	15	36	4	16
N???FAWT?}Ksic~_^o?	15	38	3	16
N???FAW[?NbwbcXg^o?	15	36	5	16
N???FAW[?}@ybcXg^o?	15	36	5	14
N???FAW[?}BwbcXg^o?	15	36	4	15
N???FAW[?}PqXg~_^o?	15	38	3	14
N???FAW[?}Pq}?Xg?}O	15	35	5	17
N???FAW[BLKsFobc^o?	15	36	4	16
N???FAW[FOPqBsXgAx?	15	33	6	19
N???FAW`_}BwXg]CKF_	15	35	5	17
N???FAW`_}BwXg]C^o?	15	36	4	16
N???FAW`_}Ks]C~_^o?	15	38	3	16
N???FAW`agTPFoXgNA?	15	32	4	24
N???FAW`foNAFoXg?|_	15	35	5	17
N???FAWx?ubwXgXg^o?	15	37	5	15
N???FAWx?ubwXg~_^o?	15	39	4	11
N???FAWxFGKsFoEu^o?	15	37	5	12
N???FAW{F_BwXgBu^o?	15	37	5	12
N???FA[fCwBwWm~_^o?	15	40	4	8
N???FA]fc{RoFo~_KFo	15	42	3	6
N???FBOBw}Ds~_~_^o?	15	42	4	6
N???FBOFo}DsJg~_^o?	15	40	4	10
N???FBOFo}Ds~_~_^o?	15	42	3	7
N???FBOFp\^o~_~_^o?	15	44	2	6
N???FBOb?^BwJg[c^o?	15	36	5	14
N???FBOb?}Bw[cJg^o?	15	36	4	15
N???FBObAWBwJg[cUP?	15	32	4	20
N???FBObBcbwJg~_^o?	15	38	3	14
N???FBObBcmQFoJg^o?	15	36	4	16
N???FBOi?NbwJgTc^o?	15	36	5	16
N???FBOi?^AyJgTc^o?	15	36	6	16
N???FBOi?^BwJgTc^o?	15	36	5	14
N???FBOi?}BwJgTc^o?	15	36	4	15
N???FBOi@X@{DsSe^o?	15	35	7	19
N???FBOi@\DsFoTc^o?	15	36	4	15
N???FBOi@\IqFo~_^o?	15	38	3	14
N???FBOk?}BwJgRc^o?	15	36	4	15
N???FBOk?}DsRcB{^o?	15	37	6	12
N???FBOk?}DsRc~_^o?	15	38	3	12
N???FBOkB_BwJgRcPp?	15	32	4	20
N???FBOq?NbwJgLc^o?	15	36	5	15
N???FBOq?^AyHk~_^o?	15	38	6	12
N???FBOq?^AyJgLc^o?	15	36	5	15
N???FBOq?^BwJgLc^o?	15	36	5	14
N???FBOq?}BwJgLc^o?	15	36	4	15
N???FBOq?}DsLc~_^o?	15	38	3	12
N???FBOq@o@{DspaCu?	15	32	5	20
N???FBOq@oWpFoJgEq?	15	32	4	20
N???FBOw?Zds{aFs^o?	15	38	5	12
N???FBOw@\@}B{Fs^o?	15	39	5	8
N???FBOw@\@}FsFs^o?	15	39	5	9
N???FBOw@\@}Fs~_^o?	15	40	6	8
N???FBOw@\ByFsFs^o?	15	39	5	8
N???FBOw@\ByFs~_^o?	15	40	5	8
N???FBOw@\By~_~_^o?	15	41	3	7
N???FBOw@\DsB{Fs^o?	15	38	5	11
N???FBOw@\DsFsFs^o?	15	38	5	12
N???FBOw@\DsFs~_^o?	15	39	4	11
N???FBOw@oDspaFs^o?	15	35	4	15
N???FBO{?}BwJgB{^o?	15	38	6	11
N???FBO{?}DsB{~_^o?	15	40	5	8
N???FBO{F_BwJg~_@~?	15	38	5	10
N???FBWuEoBwHm~_^o?	15	40	4	8
N???FB_F?w?^FWwe~o?	15	36	5	11
N???FB_F?w?^Fwwe^__	15	36	5	13
N???FB_F?w?^Fwwe^o?	15	36	5	13
N???FB_Fw~B{~_~_^o?	15	45	6	0
N???FB_Fw~^o~_~_^o?	15	46	4	0
N???FB_e?NkqFwFw^o?	15	38	7	11
N???FB_e?NkqFw~_^o?	15	39	5	11
N???FB_e?Nkq}AFw^o?	15	38	5	13
N???FB_eAKkqmAFw^o?	15	36	5	16
N???FB_eAgKqiaFw^o?	15	35	4	16
N???FB_eAoKqhaFw^o?	15	35	4	16
N???FB_eBGrPXcFw^o?	15	36	5	15
N???FB_eBKb{FwFw^o?	15	39	6	8
N???FB_eBKb{Fw~_^o?	15	40	5	8
N???FB_eBKb{~_~_^o?	15	41	3	8
N???FB_eBKkqFwFw^o?	15	38	6	12
N???FB_eBKkqFw~_^o?	15	39	4	12
N???FB_eFGKq@{Ey^o?	15	36	6	13
N???FB_eFGKqFwEy^o?	15	37	6	11
N???FB_eF_KqFwBy^o?	15	37	6	11
N???FB_w?w[P?}~_Bm_	15	36	5	10
N???FB_w?w[P?}~_B}?	15	36	5	10
N???FB_wFo?~~_F{^o?	15	41	5	5
N???FB_wF{B}~_F{^o?	15	44	6	0
N???FB_{?^`}Fw~_^o?	15	42	7	4
N???FB_{?~@}Fw~_^o?	15	42	7	4
N???FB_{?~@}~_~_^o?	15	43	5	3
N???FB_}Fo^?Fw~_?~_	15	41	4	9
N???FBo{?}@}~_~_^o?	15	43	4	4
N???FBo{?}BwB{~_^o?	15	41	5	7
N???FBo{F_Bw~_~_@~?	15	41	4	5
N???FBw}Fo^?Fo@~^o?	15	42	3	6
N???Fbo{?^~o~_~_^o?	15	46	3	0
N???Fbo{F_^oB}~_@~?	15	44	6	0
N???Fbo{F_^oB}~_^o?	15	44	3	0
N???Frw}Fo^?~_@~^o?	15	46	2	0
N??CA?_CFwFwVgb[Lq?	15	34	4	16
N??CA?_EFG_}^_nOZc?	15	33	5	18
N??CA?_EFGcyPk^_Rk?	15	32	5	18
N??CA?_cFwRkJsRkNo?	15	35	5	15
N??CA?_eBK_}NonOZc?	15	34	5	16
N??CA?_eBK_}^_nOZc?	15	34	5	16
N??CA?_s@EnonOB{Zd?	15	35	6	16
N??CA?_sF_JsfWJs@~?	15	35	5	13
N??CA?_sFoJsfWJs?~?	15	35	6	15
N??CA?_sFw@}JsVgRk?	15	36	5	14
N??CA?_u@M~?VgfW?}_	15	35	6	13
N??CA?_w?FBb^_nOZc?	15	32	4	18
N??CA?_w@EBfVgfWNo?	15	33	5	15
N??CA?_w@EBfVgfW^_?	15	33	5	16
N??CA?_w@EGSF{vIVg_	15	33	6	16
N??CA?_w@EGS^_FFRk?	15	30	6	18
N??CA?_w@EJsnOF{Zd?	15	35	5	15
N??CA?_w@ENonOF{Zd?	15	35	5	16
N??CA?_w@eXd^_fWB}?	15	35	5	17
N??CA?_w@eXd^_nOB}?	15	35	5	18
N??CA?_w@}JsfWF{B}?	15	38	3	12
N??CA?_w@}JsfWNoB}?	15	37	4	14
N??CA?_wBCVgVgF{Rl?	15	35	5	14
N??CA?_wBCVgvGF{Bn?	15	35	4	12
N??CA?_wBCVgvGF{Rl?	15	35	4	14
N??CA?_wBc@nnOvGB}?	15	35	5	14
N??CA?_wBcFwbYvGB}?	15	35	5	16
N??CA?_wBcPlnOvGB}?	15	35	5	16
N??CA?_wB{FwVgfWB}?	15	37	4	13
N??CA?_wB{VgVgfWB}?	15	37	4	14
N??CA?_wB{Vg^_vGB}?	15	37	4	13
N??CA?_wB{VgvGF{B}?	15	38	5	12
N??CA?_wB{VgvGNoB}?	15	37	4	14
N??CA?_wFwFwVgfWB}?	15	37	4	14
N??CA?_wFwNonOvGB}?	15	37	4	12
N??CA?_{?^fwVgfWB{?	15	37	4	14
N??CA?_{?^fwVgfWFw?	15	37	4	15
N??CA?_{@UNoB{tIRk?	15	35	5	17
N??CA?_{@UNonOB{Yd?	15	35	5	17
N??CA?_{@e@}rIVgVg?	15	35	5	19
N??CA?_{BS@}dYnOJs?	15	35	5	18
N??CA?_{BcVgVgB{Pl?	15	35	5	15
N??CA?_{BcVgvGB]B{?	15	35	5	14
N??CA?_{BcVgvGbY@}?	15	35	5	15
N??CA?_{B{@}NoVgRk?	15	37	4	15
N??CA?_{B{VgB{VgRk?	15	37	4	15
N??CA?_{B{Vg^_vG@}?	15	37	4	15
N??CA?_{B{VgvGB{B{?	15	37	4	14
N??CA?_{B{VgvGB{Fw?	15	37	4	15
N??CA?_{F_FwVgfW@~?	15	36	5	12
N??CA?_{F_NonOvG@~?	15	36	5	12
N??CA?_{Fw@}NoVgRk?	15	37	4	15
N??CA?_{FwNonOvG@}?	15	37	4	14
N??CA?_}FoFwVgfW?~?	15	37	5	12
N??CA?_}FoNonOvG?~?	15	37	4	12
N??CA?oBE@_]Rg[cVg?	15	30	6	20
N??CA?oBE@`{Ks^_Vg?	15	32	4	20
N??CA?oBE@hsbWKs^_?	15	31	5	19
N??CA?oBMX@{[ckS^_?	15	33	6	19
N??CA?oIEH`{Ds^_Vg?	15	33	5	18
N??CA?oKF_Hub[No@~?	15	35	4	14
N??CA?oKF_Xe^_nO@~?	15	35	6	13
N??CA?oKFoHub[No?~?	15	35	5	15
N??CA?oKFwFwRkb[No?	15	36	6	12
N??CA?oKFwFwRkb[^_?	15	36	6	12
N??CA?oMEH_}RgnONo?	15	34	6	15
N??CA?oMEH_}rG^_Vg?	15	34	6	15
N??CA?oaMP@{nO\cEz?	15	35	5	15
N??CA?oaMX@{nOLsMq?	15	35	6	17
N??CA?oaMX@{nO\cEZ?	15	35	6	17
N??CA?obADeYBwbW^_?	15	32	6	19
N??CA?obADeYRgbW^_?	15	32	6	19
N??CA?obADeYbW~?Fw?	15	33	5	17
N??CA?obADeYbW~?No?	15	33	6	17
N??CA?obMX@{[cnOEZ?	15	35	5	15
N??CA?oiALaybW~?Fw?	15	34	6	18
N??CA?okEX@}RknONo?	15	36	6	13
N??CA?okEXHUB{^_Ug_	15	35	5	16
N??CA?okF_PkRkNo@~?	15	35	4	14
N??CA?ooGUhsbW|AFy?	15	34	6	18
N??CA?ooG]`{^_nO]@_	15	35	5	13
N??CA?ooG^@{^_nOFy?	15	36	4	14
N??CA?ooG^No^_nOFy?	15	37	4	15
N??CA?ooG^NonONsFy?	15	38	3	14
N??CA?ooG^^_^_nOFy?	15	37	5	14
N??CA?ooHEBbBw^_Vg?	15	32	4	20
N??CA?ooHchsbY~?Fy?	15	35	6	15
N??CA?ooIT@{lQ~?Fy?	15	35	6	17
N??CA?ooITPkLU~?Fy?	15	35	5	16
N??CA?ooITPklQ^_Fy?	15	35	6	17
N??CA?ooITPklQ~?Fy?	15	35	5	18
N??CA?ooI\@{^_nOFy?	15	36	5	15
N??CA?ooI\@{~?nOFy?	15	36	5	15
N??CA?ooI\Pk^_nOFy?	15	36	5	16
N??CA?ooI\Pk~?NsFy?	15	37	6	15
N??CA?ooI\Pk~?^_Fy?	15	36	5	16
N??CA?ooI\Pk~?~?Fy?	15	36	5	16
N??CA?ooJC@{FU^_Vg?	15	33	5	18
N??CA?ooJC@{fQ~?Fy?	15	34	6	17
N??CA?ooJSQhBw~?Fy?	15	34	6	19
N??CA?ooJc@{bY~?Fy?	15	35	6	15
N??CA?ooJcHsbYnOFy?	15	35	6	16
N??CA?ooJcHsbY~?Fy?	15	35	6	17
N??CA?ooJcUGbYRhFy?	15	34	6	18
N??CA?ooMX@{^_nOFy?	15	36	5	16
N??CA?ooN_HsBynOFy?	15	35	6	15
N??CA?ooN_HsbWBuFy?	15	34	5	16
N??CA?ooN_HsbWByFy?	15	34	5	15
N??CA?ooN_NonOByFy?	15	36	5	15
N??CA?oq?NhsbWLs^_?	15	34	6	18
N??CA?oqA\Pk}?Ls?}O	15	34	6	18
N??CA?oqEP?}^_nOEz?	15	35	5	14
N??CA?oqEX?}Ls^_Vg?	15	35	6	16
N??CA?oqEX?}^_nOEZ?	15	35	6	15
N??CA?oqGNCy^_nOZ@_	15	35	6	15
N??CA?oqGNEy}A^_Vg?	15	36	6	17
N??CA?oqGNHsLs}AVg?	15	35	6	18
N??CA?oqGVHsLs|AVg?	15	35	6	18
N??CA?oqG^@{Ls^_Vg?	15	36	5	16
N??CA?oqG^Ey^_^_Vg?	15	37	5	16
N??CA?oqG^Ey^_nOFw?	15	37	4	16
N??CA?oqG^Ey~?^_Vg?	15	37	5	16
N??CA?oqHk`{\_nOPLO	15	35	6	15
N??CA?oqILPkmQLsNo?	15	35	6	19
N??CA?oqI\@{^_LsVg?	15	36	5	17
N??CA?oqI\@{~?LsVg?	15	36	5	17
N??CA?oqI\Pk^_nOEy?	15	36	5	16
N??CA?oqI\Pk~?NoEy?	15	36	5	16
N??CA?oqI\Pk~?^_Ey?	15	36	5	16
N??CA?oqI\Pk~?~?Ey?	15	36	5	15
N??CA?oqJKRHBwLs^_?	15	34	6	20
N??CA?oqJc@{bYLs^_?	15	35	6	17
N??CA?oqJcHsLsbYVg?	15	35	6	18
N??CA?oqJcHsLsbY^_?	15	35	6	18
N??CA?oqMP@{^_nOEz?	15	36	5	14
N??CA?oqMX@{^_nOEy?	15	36	5	16
N??CA?oqNO@{^_nOAz?	15	35	6	16
N??CA?oqN_Ey^_nO@|?	15	36	6	17
N??CA?oqN_HsBynOEy?	15	35	6	17
N??CA?orG^NO]_nOOko	15	36	6	15
N??CA?orG^Xc^_nOEY_	15	37	6	13
N??CA?orNo^?^_nO?|_	15	37	4	14
N??CA?ow?e`}rI^_Vg?	15	35	6	18
N??CA?owATPklQFsNo?	15	34	6	18
N??CA?owA\PkFs^_Vg?	15	35	5	17
N??CA?owA\Pk~?FsFw?	15	35	5	17
N??CA?owBcHsFsbYVg?	15	34	6	19
N??CA?owEPNonOB{Az?	15	35	5	16
N??CA?owEXNonOFs@}?	15	36	6	16
N??CA?owE_HsbWFsDx?	15	32	4	18
N??CA?oy?mhsbW^_Vg?	15	35	5	19
N??CA?oy?mhsbW~?Fw?	15	35	5	19
N??CA?oy?mxcBw^_Vg?	15	35	5	18
N??CA?oy@MAyRgbWZ@?	15	32	6	20
N??CA?oyBcAyRgbYVg?	15	34	6	20
N??CA?o{@eHsB{rIVg?	15	35	6	18
N??CA?o{@eNonOB{Xd?	15	36	6	16
N??CA?o{A\PkB{No@}?	15	36	4	12
N??CA?o{A\PkB{NoFw?	15	36	5	14
N??CA?o{A\PkB{NoNo?	15	36	5	14
N??CA?o{A\PkB{No^_?	15	36	5	14
N??CA?o{A\PkB{^_Vg?	15	36	5	14
N??CA?o{BcXcB{NoPl?	15	35	6	16
N??CA?o{BcXcB{bYVg?	15	35	5	16
N??CA?o{EX@}No^_Vg?	15	37	5	15
N??CA?o{EX@}^_^_Vg?	15	37	5	15
N??CA?o{EX@}^_nO^_?	15	37	5	15
N??CA?o{EXHsB{nOFw?	15	36	5	15
N??CA?o{EXHsB{nONo?	15	36	5	15
N??CA?o{EXHsbWNo@}?	15	35	5	17
N??CA?o{EXXcB{^_Vg?	15	36	5	16
N??CA?o{F_HsbWNo@~?	15	35	4	14
N??CA?o{F_Xc^_nO@~?	15	36	5	13
N??CA?wM@o^_NoPmOn?	15	35	6	10
N??CA?wMEH_}]_nOOmO	15	35	5	14
N??CA?wMEH_}^_nOFX?	15	36	5	13
N??CA?wMEH_}^_nONo?	15	36	6	12
N??CA?wMEH_}^_nO^_?	15	36	5	12
N??CA?wpNo^?^_nO?|_	15	37	4	14
N??CAA_EFG_}XcnOJs?	15	33	6	19
N??CAA_EFG_}nOVgNo?	15	34	6	18
N??CAA_KEWvgB{^_Js?	15	35	6	16
N??CAA_MEG_}nOVgNo?	15	34	6	18
N??CAA_SF_JsjSNo@~?	15	35	6	16
N??CAA_SFoJsjSNo?~?	15	35	7	17
N??CAA_SFw@}VgjSFw?	15	36	6	16
N??CAA_UDA_}No~?Jt?	15	35	6	16
N??CAA_UDI_}No~?Js?	15	35	6	17
N??CAA_UDI~?NoVg?}_	15	35	7	15
N??CAA_W`E^_FwfSJd?	15	34	6	17
N??CAA_W`eX`nOVgBm?	15	34	6	19
N??CAA_WcybmNo~?Js?	15	37	6	15
N??CAA_Wcyb{nOVg^_?	15	37	5	13
N??CAA_WcyfwFwVg^_?	15	37	5	14
N??CAA_Wda^_F[FwHt?	15	35	6	17
N??CAA_Wda^_NoF[Ht?	15	35	6	17
N??CAA_Wda^_fSFwHt?	15	35	6	16
N??CAA_Wf_@nVgfSFw?	15	35	5	16
N??CAA_Wf_JsByfSFw?	15	35	5	17
N??CAA_Wf_JsBynOBm?	15	35	5	16
N??CAA_Wf_JsBynORi?	15	35	6	15
N??CAA_[Ad@}bUNo^_?	15	35	7	16
N??CAA_[CY~?NoVg?}_	15	35	6	15
N??CAA_[CY~_B{VgFw?	15	36	6	16
N??CAA_[F_PiNoVg@~?	15	35	5	14
N??CAA_sAdNoFwjQDy?	15	35	6	15
N??CAA_sAd^_FwjQDy?	15	35	6	16
N??CAA_sApNonOB{Cz?	15	35	6	16
N??CAA_sA|VgJs^_B{?	15	37	5	15
N??CAA_sBCJsJsnOBl?	15	34	6	18
N??CAA_sBSAlVgnODy?	15	34	6	20
N??CAA_sBc@nJsnOJs?	15	35	6	17
N??CAA_sDQDy~?TiB{?	15	35	6	18
N??CAA_sDYDi^_FwIT_	15	35	7	13
N??CAA_sDaDyRiFw^_?	15	35	6	18
N??CAA_sFOVgDyVgDy?	15	35	6	18
N??CAA_sF_JsnOJs@~?	15	36	6	14
N??CAA_sFoJsnOJs?~?	15	36	7	16
N??CAA_sFw@}VgnODy?	15	37	6	15
N??CAA_sFwJsJsnOB{?	15	37	5	15
N??CAA_u?jCyYanOJs?	15	34	6	20
N??CAA_u@MvgFwVgNo?	15	37	5	16
N??CAA_u@Mvg~?FwJs?	15	37	5	15
N??CAA_u@M~?nOVg?}_	15	36	6	14
N??CAA_uALCy~?FwVH?	15	35	6	18
N??CAA_uAdCy^_FwTh?	15	35	6	17
N??CAA_uAdCy~?FwTh?	15	35	6	18
N??CAA_uApNonOFwCz?	15	36	6	15
N??CAA_uBKBLHsnOJs?	15	34	6	18
N??CAA_uDICyUi^_B{?	15	35	6	16
N??CAA_uDICy~?UiB{?	15	35	6	17
N??CAA_uDIJD^_FwCy_	15	35	6	15
N??CAA_uFGCynOEyJs?	15	35	6	18
N??CAA_uF_CynOByJs?	15	35	6	17
N??CAA_w?FBbnOVgNo?	15	33	5	17
N??CAA_w@EBfnOVgB}?	15	35	5	15
N??CAA_w@EVgVIVgB}?	15	35	6	15
N??CAA_w@EVg^_VIB}?	15	35	6	15
N??CAA_w@EVgvAVgB}?	15	35	6	14
N??CAA_wA`Vg^_BuB}?	15	35	6	14
N??CAA_wA`Vg^_JqB}?	15	35	6	15
N??CAA_wAdTh^_nOB}?	15	36	6	14
N??CAA_wAd^_jQNoB}?	15	36	6	14
N??CAA_wAd^_jQ^_B}?	15	36	6	15
N??CAA_wAp?z^_nOB}?	15	35	6	16
N??CAA_wApCx^_nOB}?	15	35	6	17
N??CAA_wApCxnOVgB}?	15	35	6	16
N??CAA_wA|Js^_nOB}?	15	38	5	12
N??CAA_wA|JsnONoB}?	15	38	5	12
N??CAA_wA|No^_nOB}?	15	38	5	12
N??CAA_wA|NonOF{B}?	15	39	5	10
N??CAA_wA|NonONoB}?	15	38	5	12
N??CAA_wA|NonOnOB}?	15	38	5	11
N??CAA_wA|VgNoF{B}?	15	39	4	10
N??CAA_wA|VgNoNoB}?	15	38	4	11
N??CAA_wA|VgnONoB}?	15	38	5	10
N??CAA_wBc@nVgnOB}?	15	36	5	15
N??CAA_wCqKpnOVgB}?	15	35	6	15
N??CAA_wDaVgRi^_B}?	15	36	6	14
N??CAA_wDa^_RiNoB}?	15	36	6	14
N??CAA_wDa^_Ri^_B}?	15	36	6	14
N??CAA_wFwJs^_nOB}?	15	38	5	11
N??CAA_wFwJsnONoB}?	15	38	5	11
N??CAA_{Ad@}jQNoNo?	15	36	6	17
N??CAA_{Ad@}jQNo^_?	15	36	6	16
N??CAA_{Ad@}jQnONo?	15	36	6	16
N??CAA_{A|JsnOB{Fw?	15	38	5	14
N??CAA_{A|VgB{NoB{?	15	38	5	13
N??CAA_{A|VgB{NoFw?	15	38	5	13
N??CAA_{A|VgnOB{Fw?	15	38	5	12
N??CAA_{BSAlVgnO@}?	15	35	6	18
N??CAA_{BSQhnOB{Js?	15	35	6	17
N??CAA_{BcVgB]FwJs?	15	36	6	15
N??CAA_{BcVgB]NoJs?	15	36	6	15
N??CAA_{B{JsVgnO@}?	15	38	5	14
N??CAA_{B{JsnOB{B{?	15	38	5	13
N??CAA_{B{JsnOB{Fw?	15	38	5	14
N??CAA_{B{JsnOnO@}?	15	38	5	13
N??CAA_{B{NoVgnO@}?	15	38	5	13
N??CAA_{DQ^_B{TiFw?	15	36	6	16
N??CAA_{F_NonOVg@~?	15	37	6	12
N??CAA_{F_VgVgNo@~?	15	37	6	12
N??CAA_{FwJsnOB{Fw?	15	38	5	13
N??CAA_{FwNoVgnO@}?	15	38	5	13
N??CAA_}FoNonOVg?~?	15	38	5	12
N??CAA_}FoVgVgNo?~?	15	38	6	12
N??CAAoQg^FwNolS^_?	15	38	5	14
N??CAAoQg^Fw^_lS^_?	15	38	5	14
N??CAAoQg^FwlSnO^_?	15	38	5	14
N??CAAoQg^FwlS~?^_?	15	38	5	14
N??CAAoQg^No^_lS^_?	15	38	5	12
N??CAAoQg^NolSnO^_?	15	38	5	14
N??CAAoQg^NolS~?^_?	15	38	5	12
N??CAAoQhM@{uA^_Ui?	15	35	6	19
N??CAAoQn_Ui^_ByVg?	15	37	6	14
N??CAAoQn_^_lSByFw?	15	37	6	14
N??CAAoQn_^_lS^_@|?	15	37	6	14
N??CAAoRG^EY~?^_Vg?	15	37	5	15
N??CAAoRJSQhBwKs^_?	15	34	6	19
N??CAAoRJcPhBwKs^_?	15	34	6	19
N??CAAoRN_EY^_nO@|?	15	36	6	15
N??CAAoRno^?NonO?|_	15	38	6	12
N??CAAoRno^?^_nO?|_	15	38	5	13
N??CAAoWa\@mfSNo^_?	15	36	6	17
N??CAAoWa\@{No~?Ri?	15	36	5	16
N??CAAoWf_HsNofS@n?	15	35	6	16
N??CAAoWf_HsNofS@|?	15	35	6	16
N??CAAoYA\?}dSNo^?_	15	35	7	17
N??CAAoYA\?}dSNo^_?	15	35	6	18
N??CAAo[A\@]bSNo]__	15	35	5	16
N??CAAo[A\PiNoB{^_?	15	36	6	14
N??CAAo[F_HsbSNo@~?	15	35	4	14
N??CAAo[a\@{bSNo^_?	15	36	5	16
N??CAAo[a\@{bSnO^_?	15	36	5	16
N??CAAokF_HunONo@~?	15	37	6	10
N??CAAokF_NoRknO@~?	15	37	6	10
N??CAAokFoHu^_nO?~?	15	37	6	12
N??CAAokFoHunONo?~?	15	37	6	12
N??CAAokFwVgRkB{No?	15	38	6	10
N??CAAoq?Nhs^_LsVg?	15	36	6	17
N??CAAoq?Nhs~?LsVg?	15	36	6	17
N??CAAoq?VHsLsnO]`?	15	35	6	17
N??CAAoq?ZMPRgnOEy?	15	34	6	18
N??CAAoq@a_}RinONo?	15	35	7	17
N??CAAoq@g`\RgnONo?	15	34	6	16
N??CAAoq@i`{lO^_HTO	15	35	6	15
N??CAAoqAL@{~?LsVH?	15	35	6	18
N??CAAoqAX?}KunONo?	15	35	6	17
N??CAAoqA\@{^_nOEy?	15	36	5	17
N??CAAoqA\@{~?nOEy?	15	36	5	16
N??CAAoqA\^?nOLs?}_	15	36	6	16
N??CAAoqDa@{LsRi^_?	15	35	6	17
N??CAAoqF_HsByLsVg?	15	35	6	16
N??CAAorDaEYBwRiNo?	15	35	5	16
N??CAAorDaEYBwRi^_?	15	35	6	16
N??CAAorDaEYBw^_Hd_	15	35	5	16
N??CAAorF_EYRgByVg?	15	35	6	17
N??CAAowATAjB{^_Vg?	15	35	7	17
N??CAAowA\@}FsnONo?	15	37	6	13
N??CAAowBcHsFsnO@n?	15	35	6	16
N??CAAoyA\@{Ds^_Vg?	15	36	5	16
N??CAAo{A\@}nONo@}?	15	38	6	10
N??CAAo{A\@}nONoFw?	15	38	5	11
N??CAAo{A\@}nO^_@}?	15	38	7	10
N??CAAo{A\@}nO^_Fw?	15	38	5	12
N??CAAo{A\@}nO^_No?	15	38	5	12
N??CAAo{A\@}nOnOFw?	15	38	5	11
N??CAAo{A\@}nOnONo?	15	38	5	12
N??CAAo{A\@}~?nOFw?	15	38	5	12
N??CAAo{A\@}~?nONo?	15	38	5	12
N??CAAo{A\HsNonO@}?	15	37	6	12
N??CAAo{A\Hs^_nO@}?	15	37	6	12
N??CAAo{BcHsB]NoVg?	15	36	6	14
N??CAAo{BcHsB]nO@}?	15	36	5	13
N??CAAo{Da@}Ri^_Vg?	15	37	6	12
N??CAAo{Da@}Ri^_^_?	15	37	6	12
N??CAAo{F_HsNonO@~?	15	37	6	11
N??CAAo{F_Hs^_nO@~?	15	37	6	11
N??CAB_CrcUGBNFw\a?	15	34	6	19
N??CAB_Cw~\a^_nONo?	15	39	5	13
N??CAB_Cw~\a^_nO^_?	15	39	5	12
N??CAB_Cy[UHFwzCNo?	15	36	6	18
N??CAB_C~_\aBy^_Vg?	15	37	5	14
N??CAB_Fg|JonONoSJ_	15	38	5	10
N??CAB_Fg|Jo~?NoSJ_	15	38	5	10
N??CAB_Fi{JonONoSJ_	15	38	6	10
N??CAB_Fi{Jo~?NoSJ_	15	38	5	11
N??CAB_Fw~NonONoB{?	15	41	3	8
N??CAB_Fz{No^_nONo?	15	41	3	8
N??CAB_Fz{VgNoNoFw?	15	41	3	11
N??CAB_GoxbsV_nOSHo	15	35	5	14
N??CAB_Goxb{No^_Vg?	15	37	4	15
N??CAB_Goxb{^_^_Vg?	15	37	5	15
N??CAB_Goxb{^_nO^_?	15	37	5	15
N??CAB_Goxb{vC^_Vg?	15	37	6	16
N??CAB_GoxjoV_nOSHo	15	35	5	14
N??CAB_Go|JaV_nOSHo	15	35	5	14
N??CAB_Go~ZaFw^_Vg?	15	38	5	13
N??CAB_Go~Za^_nONo?	15	38	4	16
N??CAB_Go~Za^_nO^_?	15	38	4	14
N??CAB_GqsShFKFw^_?	15	34	6	19
N??CAB_GqsShFK^_Vg?	15	34	5	17
N??CAB_GqsShFK~?Fw?	15	34	5	17
N??CAB_GqsSh^_FwZa?	15	35	5	19
N??CAB_GqsShnOFwZa?	15	35	5	18
N??CAB_GqsSh~?FwZa?	15	35	5	17
N??CAB_Gv_Be^_nO@|?	15	35	6	16
N??CAB_KpeB{^_nOXb?	15	37	5	15
N??CAB_S_VB{|AjSNo?	15	36	6	18
N??CAB_S_Z~_NoFwTi?	15	37	6	15
N??CAB_S_Z~_^_FwTi?	15	37	6	16
N??CAB_S_f@mjE^_Vg?	15	35	7	17
N??CAB_S_fTb^_nOB{?	15	36	6	15
N??CAB_ScaDbFw^_Vg?	15	34	5	19
N??CAB_ScaDbjSFwNo?	15	34	6	18
N??CAB_ScaDb~?FwFw?	15	34	5	18
N??CAB_ScaEWr@JEB{?	15	31	5	20
N??CAB_ScaTiZaNoB{?	15	35	5	18
N??CAB_ScaTiZa^_B{?	15	35	5	17
N??CAB_ScaTiZa~?B{?	15	35	5	19
N??CAB_SeWEXFwjSVg?	15	35	5	18
N??CAB_SeWEX~?FwTi?	15	35	5	18
N??CAB_SeoCjjS^_B{?	15	35	6	17
N??CAB_SeoCx^_jSB{?	15	35	5	19
N??CAB_SeoCx~?jSB{?	15	35	5	18
N??CAB_Sf_@njSFwNo?	15	36	7	16
N??CAB_Sf_TiByFwNo?	15	36	6	16
N??CAB_SfwB{FwjSFw?	15	38	5	12
N??CAB_SfwB{jSNoFw?	15	38	4	13
N??CAB_SfwB{jSNoVg?	15	38	4	14
N??CAB_SfwB{jSjSFw?	15	38	5	14
N??CAB_SfwNoFwFwTi?	15	38	5	14
N??CAB_SfwNoFwjSVg?	15	38	4	15
N??CAB_Sfw^_jSFwFw?	15	38	4	14
N??CAB_UasB{^_hUVg?	15	37	5	14
N??CAB_UasB{~?hUFw?	15	37	5	15
N??CAB_UbKBLhSFwVg?	15	35	6	18
N??CAB_UbKBLhS~?B{?	15	35	6	18
N??CAB_UbKRHhSFwFw?	15	35	5	20
N??CAB_UbKRHhS^_B{?	15	35	5	19
N??CAB_UbKRHhS~?B{?	15	35	5	20
N??CAB_UbcPhhS~?B{?	15	35	5	19
N??CAB_UdIb{FwnONo?	15	38	5	15
N??CAB_UdIb{nO^_Fw?	15	38	4	15
N??CAB_UdIb{nO^_No?	15	38	4	15
N??CAB_UdIb{nOnONo?	15	38	4	15
N??CAB_UdI~_FwFwFw?	15	38	5	14
N??CAB_UdI~_FwFwNo?	15	38	5	14
N??CAB_UdI~_FwNoFw?	15	38	4	15
N??CAB_UdI~_Fw^_Fw?	15	38	4	16
N??CAB_UdI~_FwnOFw?	15	38	4	15
N??CAB_UdI~_FwnONo?	15	38	4	15
N??CAB_UdI~_~?FwFw?	15	38	4	14
N??CAB_W_zbmnONo^_?	15	38	5	10
N??CAB_W_zb{fSnONo?	15	38	6	12
N??CAB_W_zb{fSnO^_?	15	38	5	12
N??CAB_W_zb{nONoNo?	15	38	5	12
N??CAB_W_zb{nONo^_?	15	38	5	12
N??CAB_W_zb{nO^_No?	15	38	5	12
N??CAB_W_zb{nOnONo?	15	38	5	12
N??CAB_W_zb{nOnO^_?	15	38	5	10
N??CAB_W_zb{nO~?No?	15	38	5	12
N??CAB_W_zb{nO~?^_?	15	38	5	10
N??CAB_W_~B{fSNo^_?	15	38	5	12
N??CAB_W_~B{fSnONo?	15	38	5	13
N??CAB_W_~B{fSnO^_?	15	38	5	12
N??CAB_W_~RinONo^_?	15	38	4	14
N??CAB_W_~RinO^_No?	15	38	4	13
N??CAB_W_~RinO^_^_?	15	38	4	13
N??CAB_W_~RinOnONo?	15	38	4	13
N??CAB_WdARiVaNoB{?	15	35	5	17
N??CAB_WdARiVa^_B{?	15	35	5	15
N??CAB_WdARi^_FiFw?	15	35	5	16
N??CAB_WdA^_FMNoB{?	15	35	6	14
N??CAB_WdA^_FM^_B{?	15	35	6	13
N??CAB_WdA^_FMfSFw?	15	35	6	15
N??CAB_WdA^_F[FiFw?	15	35	6	14
N??CAB_WdA^_fSFiB{?	15	35	6	15
N??CAB_WdA^_fSFiFw?	15	35	5	16
N??CAB_WdA^_fSVaB{?	15	35	5	16
N??CAB_WdA^_~?FMB{?	15	35	6	12
N??CAB_Wda@f^_fSB{?	15	35	6	17
N??CAB_Wda@f~?F[Fw?	15	35	6	15
N??CAB_Wda@f~?fSB{?	15	35	6	17
N??CAB_Wda@tF[No^_?	15	35	6	16
N??CAB_Wda@tfSFwNo?	15	35	6	18
N??CAB_Wda@tfSFw^_?	15	35	6	17
N??CAB_WdaHpF[Fw^_?	15	35	6	17
N??CAB_WdaHpF[No^_?	15	35	5	17
N??CAB_WdaHpFwfSNo?	15	35	5	17
N??CAB_WdaHpFwfS^_?	15	35	5	18
N??CAB_Wf_NoBynOBm?	15	36	6	13
N??CAB_[bc@nFwnONo?	15	37	6	14
N??CAB_[bc@nFwnO^_?	15	37	6	14
N??CAB_[bcB{bUnONo?	15	37	5	14
N??CAB_[bcB{bUnO^_?	15	37	5	14
N??CAB_[bcFwFwbU^_?	15	37	5	14
N??CAB_[bcUGFwBN^_?	15	35	5	16
N??CAB_[daEWBN~?B{?	15	35	5	17
N??CAB_sA[UHnOFwDy?	15	35	5	18
N??CAB_sA[UH~?FwDy?	15	35	5	17
N??CAB_sBSQh~?FwDy?	15	35	5	17
N??CAB_sB{B{nOJsFw?	15	38	4	14
N??CAB_sB{B{nOJsNo?	15	38	4	13
N??CAB_sFwNonOFwDy?	15	38	4	12
N??CAB_u@Mb{Fw^_Vg?	15	38	5	15
N??CAB_u@Mb{^_^_Vg?	15	38	4	15
N??CAB_u@Mb{^_nOFw?	15	38	4	15
N??CAB_u@M~_Fw^_Vg?	15	38	4	14
N??CAB_uAkTHHsnOB{?	15	35	5	20
N??CAB_uAkTHHs~?B{?	15	35	5	19
N??CAB_uBKBLHsFwVg?	15	35	6	18
N??CAB_uBKRHHsnOB{?	15	35	5	18
N??CAB_uBKRHHs~?B{?	15	35	5	19
N??CAB_{BSAlnO^_@}?	15	36	6	15
N??CAB_{Bc@nnOFwNo?	15	37	6	13
N??CAB_{Bc@nnOFw^_?	15	37	6	13
N??CAB_{BcUG~?BNB{?	15	35	5	15
N??CAB_{B{NonOB{B{?	15	39	5	11
N??CAB_{B{VgB{NoB{?	15	39	5	11
N??CAB_{FONonOB{A|?	15	37	6	12
N??CAB_{FwNonOB{B{?	15	39	5	11
N??CAB_}FoNonOFw?~?	15	39	6	12
N??CABoBz{Vg^_^_No?	15	41	3	9
N??CABoBz{Vg~?~?No?	15	41	3	11
N??CABoBz{Vg~?~?^_?	15	41	3	10
N??CABoB~o^?^_nO?|_	15	39	5	10
N??CABoB~wNo^_nONo?	15	41	3	11
N??CABoR_^UI~?NoNo?	15	38	4	14
N??CABoR_^UI~?No^_?	15	38	4	14
N??CABoRf_EWkSnO@do	15	35	5	15
N??CABoRf_UInOByFw?	15	37	5	13
N??CABoRf_UInO^_@|?	15	37	5	13
N??CABoRf_UI~?ByFw?	15	37	5	13
N??CABoY_^Qi~?NoNo?	15	38	4	17
N??CABoY_^Qi~?No^_?	15	38	4	16
N??CABoYf_Qi^_nO@|?	15	37	5	15
N??CABoYf_Qi~?ByFw?	15	37	5	15
N??CABor?^EY^_nONo?	15	38	4	17
N??CABor?^EY^_nO^_?	15	38	4	16
N??CABorBSQhBwKsNo?	15	35	5	22
N??CABorBSQhBwKs^_?	15	35	5	21
N??CABorBcPhBwKsNo?	15	35	5	18
N??CABorBcPhBwKs^_?	15	35	5	18
N??CABorF_EY^_nO@|?	15	37	5	15
N??CABoy?^Ay^_nONo?	15	38	4	14
N??CABoy?^Ay^_nO^_?	15	38	4	14
N??CABoyBKRHBwDsVg?	15	35	5	19
N??CABoyF_Ay^_nO@|?	15	37	5	13
N??CABo{B{NonOB{@}?	15	40	6	8
N??CABo{B{VgB{No@}?	15	40	6	8
N??CABo{F_NonOB}@~?	15	40	6	6
N??CABo{F_NonONo@~?	15	39	5	8
N??CABo{FoNonOB{?~?	15	39	5	9
N??CABo{FwNonOB{^_?	15	40	4	10
N??CB?WDSJ\AWkFo^_?	15	33	6	19
N??CB?WESJBwXkxK^_?	15	35	5	16
N??CB?WESJ[EXk~?Bw_	15	35	5	17
N??CB?W[CJ`yFoXg^_?	15	34	6	17
N??CB?W`ONRgxG]cKU_	15	34	6	18
N??CB?W`SJBwWk~?NR?	15	35	5	16
N??CB?W`WNRgxG^_NB?	15	35	6	16
N??CB?W`WNRgxG^_NQ?	15	35	6	18
N??CB?W`WNRgxG^_^@?	15	35	6	18
N??CB?W`WmKSyAfPNo?	15	34	7	18
N??CB?W`Wm]?yAXg@w_	15	32	5	21
N??CB?W`WuJQXg~?Sd_	15	35	5	17
N??CB?W`WuKSxIfPNo?	15	35	7	19
N??CB?W`WuKdXg~?RGo	15	35	5	16
N??CB?W`WuKs]cxI^_?	15	36	6	16
N??CB?W`WuKs^_xI^_?	15	36	6	14
N??CB?W`WuKsxI~?[d?	15	36	4	13
N??CB?W`WuKsxI~?^_?	15	36	6	14
N??CB?W`W}BwXg~?NQ?	15	36	5	17
N??CB?W`W}BwXg~?[D_	15	36	6	16
N??CB?W`W}Ks~?]cNo?	15	37	4	17
N??CB?W`W}Ks~?~?NQ?	15	37	5	17
N??CB?W`ZobwXg}??|G	15	35	5	17
N??CB?W`[iBwXgYe^_?	15	35	6	17
N??CB?W`[qBwxGXiNQ?	15	35	6	19
N??CB?W`[qBwxGXiNo?	15	35	6	18
N??CB?W`[qBwxGXi^_?	15	35	6	18
N??CB?W`[qBw~?XiNo?	15	36	6	16
N??CB?W`[qBw~?]cKt?	15	36	6	17
N??CB?W`[qBw~?~?Kt?	15	36	6	15
N??CB?W`[q[CXiFpNo?	15	35	7	19
N??CB?W`[q[CXiFp^_?	15	35	6	19
N??CB?W`[yBwXg~?NQ?	15	36	6	18
N??CB?W`^_@xFoXg^_?	15	34	6	18
N??CB?W`^_@xfOXgNQ?	15	34	7	20
N??CB?W`^_@xfOXgNo?	15	34	6	19
N??CB?W`^o^?FoXg?|_	15	35	5	17
N??CB?WcONBwxGZc^_?	15	34	6	18
N??CB?WcONBwxG}ALq?	15	34	7	19
N??CB?WcONRgxGZcNo?	15	34	6	20
N??CB?WcON[CFp~?Lq?	15	34	7	16
N??CB?WcON[CfOBdNo?	15	32	6	20
N??CB?WfVH^?}?^_?{o	15	37	4	16
N??CB?Ws?NdqfOxGNo?	15	34	6	20
N??CB?WsCJDqFoXg^_?	15	33	6	21
N??CB?Ww?NbYfO^_[c_	15	35	5	17
N??CB?WwCJ?}XgFs^_?	15	34	6	17
N??CB?WwCJKs}?Fs?}O	15	34	5	18
N??CB?WwF@?}fO^_Bz?	15	35	4	15
N??CB?WwFH?}fOFsNo?	15	35	5	16
N??CB?XdRSbwXgxG^_?	15	36	6	18
N??CB?XeUoBwxG^_Cv?	15	36	6	16
N??CB?XeV@KuFq^_^_?	15	38	7	14
N??CB?XeV@KuFq~?^_?	15	38	7	13
N??CB?XeVH[cFo^_Ku?	15	37	6	14
N??CB?XeVH[cFo~?Ku?	15	37	5	14
N??CB?Xs?]cufOxGNo?	15	35	7	20
N??CB?[F?wRg?}^_[F?	15	34	5	13
N??CB@OBCBbwJg[c^_?	15	32	4	21
N??CB@OICJdsTcFo^_?	15	33	5	20
N??CB@OKCyTcrC^_@}?	15	34	6	18
N??CB@OaOLbwjG\c^@?	15	34	7	19
N??CB@OaPDtcFovAMq?	15	34	7	19
N??CB@OaQccuFojI^_?	15	34	7	19
N??CB@OaSRBwHk~?Mr?	15	35	5	16
N??CB@OaSZBwHk\c^_?	15	35	6	18
N??CB@OaSZBwHk~?MR?	15	35	6	17
N??CB@OaTPCuFoTe^_?	15	34	6	18
N??CB@OaTXCuFo\c^_?	15	35	6	19
N??CB@OaUoBwjGHmMq?	15	34	7	19
N??CB@OaWNRgJg\c^@?	15	35	7	19
N??CB@OaW^BwJg~?Mq?	15	36	6	15
N??CB@OaWmIqJg~?TD_	15	35	6	17
N??CB@OaWmRgyAJgMq?	15	34	7	20
N??CB@OaW}BwJg~?Mq?	15	36	5	16
N??CB@OaW}Ds~?\cNo?	15	37	4	16
N??CB@OaW}Ds~?~?Mq?	15	37	5	16
N??CB@Oa[ZBwJg~?Mq?	15	36	6	16
N??CB@Oa[i@{Ii\c^_?	15	35	6	19
N??CB@Oa[qBwJgXe^_?	15	35	6	17
N??CB@Oa[qCtBw\c^_?	15	35	6	19
N??CB@Oa[qCtFo\c^_?	15	35	6	18
N??CB@Oa[y@{Jg~?Mq?	15	36	6	16
N??CB@Oa[y@{jG\c^_?	15	36	6	16
N??CB@Oa[yBwJg~?Mq?	15	36	6	17
N??CB@Oa^OAxJg\c^_?	15	35	6	19
N??CB@Ob[ZBwJg~?MR?	15	37	7	14
N??CB@OcO^BwjGZc^_?	15	35	6	17
N??CB@OcQc@{jI~?Du?	15	34	7	18
N??CB@OcQc@{jI~?Lq?	15	34	7	17
N??CB@OcQcBwJk~?Td?	15	34	7	17
N??CB@OcRc@{JkbY^_?	15	35	6	17
N??CB@OcRcBwbY~?Du?	15	35	6	19
N??CB@OcSZ@{Jk~?No?	15	36	6	16
N??CB@OcSZBwJk~?Lq?	15	36	6	18
N??CB@OcSZBwJk~?No?	15	36	6	17
N??CB@OcTPAxBwZc^_?	15	34	7	19
N??CB@OcTPGrFoJk^_?	15	34	6	20
N??CB@OcTPIpBwJk^_?	15	34	7	20
N??CB@OcTPIpBw~?Lq?	15	34	6	19
N??CB@OcTPIpFo~?Du?	15	34	6	19
N??CB@OcTX@uBw^_]?o	15	35	6	15
N??CB@OcTX@{^_Jk^_?	15	36	6	16
N??CB@OcTX@{^_Zc^_?	15	36	6	16
N??CB@OcTXBwZcJk^_?	15	36	6	16
N??CB@OcTXBw^_Jk^_?	15	36	6	16
N??CB@OcV_BwjGBmLq?	15	34	6	19
N??CB@OcV_BwjGByLq?	15	34	6	18
N??CB@OcV_BwjG^_@v?	15	34	7	18
N??CB@OcV_PkJk^_@|?	15	35	6	17
N??CB@OcV_TcByZcNo?	15	35	6	17
N??CB@OcV_TcBy^_Du?	15	35	6	17
N??CB@OeOmCubWyANo?	15	34	7	21
N??CB@OeOmCuiI~?No?	15	35	7	20
N??CB@OeO}@{XcjG^_?	15	35	6	19
N??CB@OePLbwjG~?No?	15	36	6	18
N??CB@OePLpkBw~?No?	15	36	6	16
N??CB@OePLpkFo~?No?	15	36	6	18
N??CB@OeRcCuBwbY^_?	15	35	7	19
N??CB@OeRcCuFobY^_?	15	35	7	19
N??CB@OeSZBwXcJg^_?	15	35	6	18
N??CB@OeTHCuBwUa^_?	15	34	7	20
N??CB@OfTX^?}?^_?{o	15	37	4	15
N??CB@OkA[bwJgbW^_?	15	34	6	19
N??CB@OwBcDs~?bYBy?	15	35	6	17
N??CB@OwCqCtjG^_By?	15	34	7	19
N??CB@OwDPRgB{DuNo?	15	35	6	17
N??CB@OwDXRgB{^_By?	15	36	6	15
N??CB@OwDXRgJg^_By?	15	35	6	17
N??CB@Oy?mpkJg~?No?	15	36	6	17
N??CB@Oy?mrgJgjGNo?	15	35	6	19
N??CB@Oy@LAyeQjGNo?	15	34	7	20
N??CB@Oy@LZ@DsbWNo?	15	34	6	20
N??CB@OyBcAyJg~?Pl?	15	35	7	19
N??CB@OyDPDsfO^_Az?	15	35	7	17
N??CB@OyDPRgBwDuNo?	15	35	7	18
N??CB@OyEgAyIibWNo?	15	34	7	21
N??CB@O{?}DsbW^_@}?	15	36	6	15
N??CB@O{?}PkjGB{No?	15	36	6	16
N??CB@O{?}TcfOB{No?	15	36	6	17
N??CB@O{CZRgjGB{No?	15	36	6	16
N??CB@O{CyRgjGB{No?	15	36	6	17
N??CB@O{CyTcB{^_No?	15	37	6	15
N??CB@O{CyTcB{~?No?	15	37	5	15
N??CB@O{F_RgjG^_@~?	15	36	5	14
N??CB@WUCJcuFo~?NP?	15	36	5	15
N??CB@WUCJcuFo~?No?	15	36	5	14
N??CB@WhNo^?fO^_?|_	15	37	4	16
N??CB@WsDH?}JcfONo?	15	34	6	18
N??CB@WsDHCuBsfONo?	15	34	7	18
N??CB@WsDHRGBsHlNo?	15	34	7	18
N??CB@_E?o^_`]FwKr?	15	33	6	17
N??CB@_EF?_}^_fWB|?	15	35	4	15
N??CB@_EF?kq`[~?B|?	15	34	6	16
N??CB@_EFG_}]_fWOmO	15	34	5	17
N??CB@_EFG_}^_FwRk?	15	35	5	15
N??CB@_EFG_}^_^_Rk?	15	35	6	15
N??CB@_EFGomXcFw^_?	15	34	6	16
N??CB@_EFG{a@{^_Rk?	15	34	6	16
N??CB@_EFG~?^_fW?}_	15	35	5	17
N??CB@_F?w[B?}^_Rk?	15	33	5	17
N??CB@_]CJ~?^_Fw?}_	15	37	5	14
N??CB@_]CJ~?^_fW?}_	15	37	5	14
N??CB@_cF_KQ^_B}Rk_	15	35	7	15
N??CB@_cF_LqFwfW@~?	15	36	5	15
N??CB@_cF_NoZcfW@~?	15	36	7	14
N??CB@_cFoRk^_Zc?~?	15	36	6	16
N??CB@_cFwRkZcB{No?	15	37	7	13
N??CB@_eBC_}}@^_Rl?	15	36	6	14
N??CB@_eBC_}~?FwRl?	15	36	5	14
N??CB@_eBC_}~?^_Rl?	15	36	6	14
N??CB@_eBK_}^_~?Rk?	15	36	6	16
N??CB@_eBK~?^_fW?}_	15	36	6	16
N??CB@_eBK~?fWFw?}_	15	36	7	14
N??CB@_{?f@}zA^_Rk?	15	37	6	14
N??CB@_{BS@}dY~?B{?	15	37	7	15
N??CB@_{BS@}dY~?No?	15	37	7	13
N??CB@_{Bc@n~?FwRk?	15	37	6	13
N??CB@_{Bc^_B{bYB{?	15	37	5	14
N??CB@_{Bc^_B{bYRk?	15	37	6	14
N??CB@_{CR^_\aB{B{?	15	37	6	13
N??CB@_{CR^_fWB{Mp?	15	37	7	14
N??CB@_{CbNoZaB{Rk?	15	37	7	13
N??CB@_{Cz@}^_^_B{?	15	39	6	11
N??CB@_{CzRkB{^_No?	15	39	6	11
N??CB@_{FORkB{DyNo?	15	37	5	14
N??CB@_{F_NoFwfW@~?	15	38	5	13
N??CB@_{F_NofWB}@~?	15	39	5	11
N??CB@_{F_NofWfW@~?	15	38	6	12
N??CB@_{FoRk^_B{?~?	15	38	6	13
N??CB@_{FwRkB{^_B{?	15	39	6	11
N??CB@_{FwRkfWB{No?	15	39	6	11
N??CB@_}FoNoFwfW?~?	15	39	7	11
N??CB@_}FoNofWfW?~?	15	39	6	10
N??CB@oYCJ`{Ds~?NP?	15	36	5	15
N??CB@oYCJ`{Ds~?No?	15	36	6	14
N??CB@o[Cy^_b[^_@}?	15	38	7	10
N??CB@o[FoRg^_b[?~?	15	37	6	13
N??CB@obW}^?}?^_?{o	15	38	6	14
N??CB@oeRcKqBw~?Pl?	15	36	6	16
N??CB@oeSZ@{Xc^_^_?	15	37	6	14
N??CB@ofVo^?bW^_?|_	15	38	5	13
N??CB@ow?VpkFs^_]`?	15	37	6	14
N??CB@owCZ@}Fs^_^_?	15	38	7	12
N??CB@owCq?vbWFsNo?	15	35	6	18
N??CB@oy?mpk}?^_?}O	15	37	5	15
N??CB@oyBcAyBw~?Pl?	15	36	6	16
N??CB@o{?}BwbW^_@}?	15	37	5	14
N??CB@o{?}PkB{^_@}?	15	38	5	11
N??CB@o{?}PkB{^_No?	15	38	6	11
N??CB@o{?}PkB{^_^_?	15	38	6	12
N??CB@o{?}PkfO^_@}?	15	37	6	15
N??CB@o{BcRgB{~?Pl?	15	37	6	13
N??CB@o{BcRg^_B{Pl?	15	37	5	13
N??CB@o{CZPkFo^_@}?	15	37	6	13
N??CB@o{CZRgB{^_@}?	15	38	6	12
N??CB@o{CZRgB{^_No?	15	38	6	12
N??CB@o{CZRgB{~?No?	15	38	6	12
N??CB@o{F_BwbW^_@~?	15	37	5	12
N??CB@o{F_RgbW^_@~?	15	37	6	13
N??CBAPBg}Bw~?Zg[B_	15	38	6	12
N??CBAPBg}Bw~?^_[B_	15	38	6	12
N??CBAPBn_bwFoZg^_?	15	37	6	15
N??CBAPBn_bwZg^_^_?	15	38	5	15
N??CBAPBn_bwZg~?^_?	15	38	5	14
N??CBAPBn_rgFo^_Ls?	15	37	6	16
N??CBAPBn_rgFo~?Ls?	15	37	6	17
N??CBAPBo\]B^_Zg^_?	15	38	6	13
N??CBAPBo\]B^_^_^_?	15	38	6	11
N??CBAPBo\]B^_~?]B?	15	38	6	10
N??CBAPBo\]B^_~?^_?	15	38	6	11
N??CBAPBq\Hs~?^_UB_	15	38	5	12
N??CBAPBsy]A^_ZgLs?	15	38	6	14
N??CBAPBsy]A^_^_Ls?	15	38	5	14
N??CBAPBsy]A~?^_Ls?	15	38	5	16
N??CBAPBv_bw^_~?Ls?	15	38	5	14
N??CBAPBv_bw~?ZgLs?	15	38	6	14
N??CBAPBv_bw~?~?Ls?	15	38	5	14
N??CBAPErD[afQ^_Ls?	15	37	6	15
N??CBAPErD[afQ~?Ls?	15	37	7	16
N??CBAPErHbw~?ZgNo?	15	38	5	13
N??CBAPErHbw~?~?Ls?	15	38	6	13
N??CBAPErHrgZg^_^_?	15	38	6	13
N??CBAPErHrgZg~?^_?	15	38	6	13
N??CBAPFo}LsZg~?Ls?	15	40	4	10
N??CBAPFo}NoZg~?No?	15	40	4	12
N??CBAPFr\Ls^_~?Ls?	15	41	3	10
N??CBAPFr\No^_~?No?	15	41	3	11
N??CBAPFr\No~?~?No?	15	41	4	12
N??CBAPFr\^_~?~?^_?	15	41	4	9
N??CBAPS_]DejC{ANo?	15	34	7	20
N??CBAPS_]DsJK~?Y@o	15	35	6	16
N??CBAPS_]PiJK{ANo?	15	34	7	20
N??CBAPS_}BwJK~?Ls?	15	36	5	17
N??CBAPS_}BwjC~?Ls?	15	36	5	17
N??CBAPS_}RgJK~?Ls?	15	36	6	18
N??CBAPS_}RgjC~?Ls?	15	36	5	18
N??CBAPS`Xbw~?ZgNo?	15	37	4	16
N??CBAPS`Xbw~?~?Ls?	15	37	5	16
N??CBAPSbcBwJKbU^_?	15	35	6	18
N??CBAPScYdeFoZg^_?	15	36	6	19
N??CBAPScYdeFo^_^_?	15	36	6	18
N??CBAPScYtaFo~?Ls?	15	36	6	17
N??CBAPSdWbw^_~?Ls?	15	37	5	17
N??CBAPSdWbw~?ZgLs?	15	37	5	15
N??CBAPSdWbw~?~?Ls?	15	37	5	16
N??CBAPSdWdeFoZg^_?	15	36	6	17
N??CBAPSdWdeFo^_^_?	15	36	6	16
N??CBAPSdWtaFo~?Ls?	15	36	6	16
N??CBAPSfOAxbSJKNo?	15	34	6	20
N??CBAPSfOAxfOJKNo?	15	34	6	19
N??CBAPSf_@tjCFoLs?	15	34	6	20
N??CBAPSf_@tjCFoNo?	15	34	6	19
N??CBAPSf_@xFojCLs?	15	34	6	19
N??CBAPSf_@xJKZg^_?	15	35	6	19
N??CBAPSf_@xJK^_^_?	15	35	6	17
N??CBAPSf_@xfOJKLs?	15	34	7	20
N??CBAPSf_@xfOJKNo?	15	34	6	19
N??CBAPSf_@xfOjCLs?	15	34	6	20
N??CBAPSf_@xjC^_Ls?	15	35	6	18
N??CBAPSf_@xjC~?Ls?	15	35	6	18
N??CBAPWbc@fFofS^_?	15	35	5	17
N??CBAPWf_@fFofSLs?	15	35	6	19
N??CBAPWf_@fFofSNo?	15	35	6	17
N??CBAPWf_@fFofS^_?	15	35	6	17
N??CBAPWg}Bw~?ZgRi?	15	38	6	13
N??CBAPWg}LsfS^_^_?	15	39	6	12
N??CBAPWg}LsfS~?Ri?	15	39	5	11
N??CBAPWg}LsfS~?^_?	15	39	6	12
N??CBAPWjcBwbU~?Ls?	15	37	5	15
N??CBAPWn_@xfS^_Ls?	15	37	6	15
N??CBAPYNOBw~?ZgAz?	15	37	6	14
N??CBAPYNORgDu^_Ls?	15	37	6	15
N??CBAPYNORgDu~?Ls?	15	37	6	15
N??CBAPZJXBwz?^_AZO	15	38	5	12
N??CBAPZJXRgz?^_AZO	15	38	5	12
N??CBAP[Bc@uFobU^_?	15	35	6	17
N??CBAP[Bc@ybU~?Ls?	15	36	6	14
N??CBAP[CY`uFoZg^_?	15	36	6	16
N??CBAP[CY`uFo^_^_?	15	36	6	16
N??CBAP[CY`y^_~?Ls?	15	37	6	13
N??CBAP[F_BwbSBmLs?	15	35	5	17
N??CBAP[F_BwbSBmNo?	15	35	6	16
N??CBAP[F_BwbSZg@z?	15	35	5	16
N??CBAP[F_PiBu^_@v?	15	36	5	14
N??CBAP[F_PiBu^_Ls?	15	36	7	14
N??CBAP[bcBwbU~?Ls?	15	37	5	16
N??CBAPb?}MQz?ZGAYW	15	35	5	17
N??CBAPbO}MQ^_~?Ls?	15	38	5	15
N??CBAPbO}MQ~?~?Ls?	15	38	5	15
N??CBAPbV_@tFo[cNo?	15	35	6	18
N??CBAPbV_@tFo[c^_?	15	35	6	19
N??CBAPeO}^_Xk^_Ls?	15	39	5	12
N??CBAPeO}^_~?XkLs?	15	39	6	12
N??CBAPeUgBwIi~?Ku?	15	36	6	16
N??CBAPeUoBw~?HmLs?	15	37	7	15
N??CBAPeV_BwBi~?Ku?	15	36	7	16
N??CBAPfO}^_~?Zg^_?	15	40	4	12
N??CBAPfVW\_ZG^_AXo	15	38	5	13
N??CBAPq?mbwLc~?Ls?	15	36	6	15
N??CBAPq?}BwLcZg^_?	15	36	5	16
N??CBAPq?}Eq^_~?Ls?	15	37	5	17
N??CBAPq?}Eq~?~?Ls?	15	37	5	17
N??CBAPqAcBwLcjALs?	15	33	6	21
N??CBAPqCyAyHk~?Ls?	15	36	7	19
N??CBAPqCyAyLc~?Ls?	15	36	6	17
N??CBAPqCyBwLc~?Ls?	15	36	5	17
N??CBAPqF_@xLc~?Ls?	15	35	6	18
N??CBAPqF_@xfOLcLs?	15	34	6	20
N??CBAPs?]bwJkZg^_?	15	37	6	15
N??CBAPs?]bwJk^_^_?	15	37	6	15
N??CBAPs?]du~?ZgNo?	15	38	5	14
N??CBAPs?]du~?^_No?	15	38	5	12
N??CBAPs?]du~?~?No?	15	38	6	12
N??CBAPs?}BwJk~?Ls?	15	37	6	15
N??CBAPs?}DuJk~?No?	15	38	5	12
N??CBAPs?}Du~?^_Ls?	15	38	5	14
N??CBAPs?}Du~?~?Ls?	15	38	5	13
N??CBAPsAcBw~?JMLs?	15	35	6	17
N??CBAPsAcBw~?JkDf?	15	35	6	15
N??CBAPsAcT`FoJMNo?	15	34	7	17
N??CBAPsAcT`Fo^_Du?	15	34	6	18
N??CBAPsAcT`Fo~?Du?	15	34	6	18
N??CBAPsBDBwJk~?Rh?	15	36	6	17
N??CBAPsCy@yJk~?No?	15	37	6	15
N??CBAPsCyBwJk~?Ls?	15	37	6	15
N??CBAPu@LbwFoZg^_?	15	37	6	17
N??CBAPu@LbwZg^_^_?	15	38	5	15
N??CBAPu@LbwZg~?^_?	15	38	5	14
N??CBAPu@LrgFo~?Ls?	15	37	6	16
N??CBAPuEoBwHmZg^_?	15	37	6	15
N??CBAPwAcEOjARHBy?	15	31	5	21
N??CBAPwAcPhJIFsNo?	15	34	7	19
N??CBAPwAcT`BkFsNo?	15	34	6	18
N??CBAPwAcT`JI^_By?	15	34	6	19
N??CBAPwAcT`ZgFsNo?	15	35	6	18
N??CBAPwAcT`Zg~?By?	15	35	6	19
N??CBAPwB_PhFsBmLs?	15	35	5	17
N??CBAPwB_PhFs^_@v?	15	35	6	17
N??CBAPwBcMO~?BNBy?	15	35	6	18
N??CBAPwCy@u^_FsBy?	15	37	5	13
N??CBAPwCy@u^_^_By?	15	37	6	15
N??CBAPwCy@u^_~?By?	15	37	6	15
N??CBAPwCy@u~?ZgBy?	15	37	7	15
N??CBAPwCyByZgZgNo?	15	38	6	12
N??CBAPwCyByZgZg^_?	15	38	6	14
N??CBAPwCyByZg^_No?	15	38	5	12
N??CBAPwCyByZg~?No?	15	38	5	14
N??CBAPwFOLsDu~?By?	15	37	6	13
N??CBAPwFORgBkDuNo?	15	35	6	17
N??CBAPwFWLc^_FsAZ_	15	37	5	15
N??CBAPwFwLsFsFsNo?	15	39	6	11
N??CBAPwFw^_ZgFsBy?	15	39	6	11
N??CBAPy?mbw^_~?Ls?	15	38	5	14
N??CBAPy?mbw~?ZgLs?	15	38	6	14
N??CBAPy?mbw~?~?Ls?	15	38	5	14
N??CBAPy?mrg^_ZgLs?	15	38	6	14
N??CBAPy?mrg^_^_Ls?	15	38	5	14
N??CBAPy?mrg~?ZgLs?	15	38	6	15
N??CBAPy?mrg~?^_Ls?	15	38	5	15
N??CBAPyFOBwZg~?Az?	15	37	6	14
N??CBAPzFWBwZG^_AZO	15	38	5	12
N??CBAP{BcMOFoBN^_?	15	35	5	16
N??CBAP{BcRgFoBMLs?	15	35	6	20
N??CBAP{F_BwBmZg^_?	15	37	6	15
N??CBAP{F_BwBuZg^_?	15	37	6	14
N??CBAP{F_RgBm^_@z?	15	37	6	13
N??CBAP{F_RgBu^_Ls?	15	37	6	15
N??CBAWWno^?^_fS?|_	15	38	5	14
N??CBAW[CY_}FoXg^_?	15	35	7	18
N??CBAW[CYks}?Fo?}O	15	35	6	17
N??CBAWe?NbwfO~?KUO	15	36	5	15
N??CBAWe?NbwfO~?Ku?	15	36	6	14
N??CBAWe?NkU~?^_Rg_	15	37	5	13
N??CBAWeCy?}~?XkNo?	15	37	6	13
N??CBAWeCy^?@|^_KV?	15	37	5	14
N??CBAWeCy^?^_Xk?}_	15	37	6	14
N??CBAWfVo^?FoXg?|_	15	37	6	14
N??CBAWfVo^?Xg^_?|_	15	38	5	14
N??CBAWw?NbifO^_KSo	15	36	6	15
N??CBAWw?NksfOFsNo?	15	36	7	16
N??CBAWw?NksfOFs^@?	15	36	6	16
N??CBAWw?NksfOFs^_?	15	36	7	17
N??CBAWwBH?}fOEuNo?	15	35	6	18
N??CBAWwCq?}FsXi^_?	15	36	6	18
N??CBAXDrLRgyC^_No?	15	38	5	15
N??CBAXDrLRgyC~?No?	15	38	5	15
N??CBAXFo}Ks^_~?No?	15	40	4	12
N??CBAXFo}Ks^_~?^_?	15	40	4	12
N??CBAXFo}Ks~?~?^_?	15	40	4	11
N??CBAXXg}Mo\_~?PIo	15	39	5	12
N??CBAXXg}No^_~?No?	15	41	4	10
N??CBAXXg}No~?~?No?	15	41	4	11
N??CBAXXg}^_~?~?No?	15	41	4	10
N??CBAXXg}^_~?~?^_?	15	41	4	8
N??CBAX[bcKsFo~?Pj?	15	37	6	15
N??CBAXdRLBwYc^_^_?	15	38	5	14
N??CBAXdRLBwYc~?^_?	15	38	5	14
N??CBAXfO}Ks~?~?^_?	15	40	4	10
N??CBAXx?ubwXg^_^_?	15	38	5	14
N??CBAXx?ubwXg~?^_?	15	38	5	14
N??CBBOEouRgJgxENo?	15	36	6	16
N??CBBOEp\DsxCfONo?	15	36	6	17
N??CBBOIn_QiBy^_^_?	15	37	6	15
N??CBBOIn_YafO^_@|?	15	36	6	15
N??CBBOJh\BwZ_~?QJO	15	38	5	12
N??CBBOQ_VDsfO^_Ub?	15	35	6	18
N??CBBOQ_^DsfOlCNo?	15	35	6	19
N??CBBOQ`L@{eQlCNo?	15	34	6	20
N??CBBOQcyBwJglC^_?	15	35	5	19
N??CBBOS_^DefO~?No?	15	36	6	16
N??CBBOS_^DejCfONo?	15	35	7	17
N??CBBOS_^DsfOjCNo?	15	35	6	18
N??CBBOS_^DsfOjC^_?	15	35	6	17
N??CBBOS`\DeFofO^_?	15	35	6	17
N??CBBOS`\TafOFo^_?	15	35	5	19
N??CBBOSf_RgJK^_@|?	15	35	7	16
N??CBBOW_VDs^_|ARi?	15	36	6	18
N??CBBOW_^DsFofS^_?	15	36	6	16
N??CBBOW_^Ds^_fS^_?	15	37	6	16
N??CBBOW_u[`Jg^_Ri?	15	35	6	18
N??CBBOW_u[`Jg~?Ri?	15	35	6	18
N??CBBOW_}DsFofS^_?	15	36	5	16
N??CBBOW_}Ds~?fSNo?	15	37	5	15
N??CBBOW_}Ds~?fSRi?	15	37	6	14
N??CBBOW_}Ds~?~?Ri?	15	37	5	15
N??CBBOW`T@mFodU^_?	15	35	6	18
N??CBBOW`\@mFofS^_?	15	36	7	17
N??CBBOW`\DsFo~?Ri?	15	36	6	16
N??CBBOWf_Ds^_ByRi?	15	36	7	17
N??CBBOY_^DsFodS^_?	15	36	6	17
N??CBBOY`\DsFodS^_?	15	36	6	16
N??CBBOYbSDsFodU^_?	15	36	6	16
N??CBBOZb[BwJg~?QJO	15	38	5	13
N??CBBO[_^DsFobS^_?	15	36	6	16
N??CBBO[`\DsFobS^_?	15	36	6	18
N??CBBO[bcBwJgbU^_?	15	36	6	16
N??CBBObO}Bw[cJg^_?	15	36	5	18
N??CBBObRcbwJg~?No?	15	37	5	17
N??CBBObRcbwJg~?^_?	15	37	5	16
N??CBBObSy@{[cJg^_?	15	36	6	18
N??CBBObSyBw[cJg^_?	15	36	5	17
N??CBBObTWDcFo^_IR_	15	35	7	15
N??CBBObVOAx[cJgNo?	15	35	6	19
N??CBBObVOAx[cJg^_?	15	35	6	20
N??CBBOeO^DsXc^_^_?	15	37	6	17
N??CBBOeO}BwXcJg^_?	15	36	5	18
N??CBBOePL`{fO~?No?	15	37	6	17
N??CBBOePL`{~?~?No?	15	38	6	14
N??CBBOePLdsFo^_^_?	15	37	6	15
N??CBBOeRKbwJg~?No?	15	37	5	16
N??CBBOeRKbwJg~?^_?	15	37	5	16
N??CBBOeSyBwXcJg^_?	15	36	5	17
N??CBBOfO}BwJg^_^_?	15	38	4	14
N??CBBOfO}Ds^_~?No?	15	39	4	14
N??CBBOfO}Ds^_~?^_?	15	39	4	13
N??CBBOfSyBwJg~?No?	15	38	4	14
N??CBBOfVo^?Jg^_?|_	15	38	5	14
N??CBBOi?NdsTcfONo?	15	35	6	19
N??CBBOi?NdsTcfO^_?	15	35	6	20
N??CBBOi@\@{fOTcNo?	15	35	6	19
N??CBBOi@\@{fOTc^_?	15	35	6	18
N??CBBOiCiDTBwTcNo?	15	34	7	19
N??CBBOiCiDTBwTc^_?	15	34	7	20
N??CBBOiCyDsTcFoNo?	15	35	5	19
N??CBBOiCyDsTcFo^_?	15	35	5	19
N??CBBOiCy^?JgTc?}_	15	35	6	19
N??CBBOk?uRgJgRc[`?	15	33	6	21
N??CBBOk@\HqFofO@}?	15	35	5	17
N??CBBOk@\HqFofONo?	15	35	5	18
N??CBBOk@\HqFofORg?	15	34	5	16
N??CBBOk@\HqFofO^_?	15	35	5	18
N??CBBOk@\HqfO^_@}?	15	36	6	16
N??CBBOkBCDsRcFoRh?	15	33	6	19
N??CBBOuCq@{Hm^_^_?	15	37	6	15
N??CBBOwCYMPJg^_By?	15	35	6	18
N??CBBOwCYMPJg~?By?	15	35	6	18
N??CBBOwCyDs^_Fs^_?	15	37	5	15
N??CBBOwCyDs^_^_By?	15	37	5	14
N??CBBOwCyRgJgFsNo?	15	36	5	16
N??CBBOy?mrgBwJgNo?	15	36	6	18
N??CBBOy?mrgFoJgNo?	15	36	5	17
N??CBBOy?mrgJg^_No?	15	37	5	16
N??CBBOy?mrgJg^_^_?	15	37	5	17
N??CBBOyBKRHDsJg^_?	15	35	6	19
N??CBBOyCyRgDsJgNo?	15	36	5	18
N??CBBO{@\BwfO^_@}?	15	37	6	15
N??CBBO{@\DsfO^_@}?	15	37	6	14
N??CBBO{@\RgB{^_@}?	15	38	6	12
N??CBBO{@\RgB{^_No?	15	38	6	13
N??CBBO{@\RgB{~?No?	15	38	6	13
N??CBBO{CyRgJgB{No?	15	37	6	15
N??CBB_W_fRiFw^_\`?	15	37	6	14
N??CBB_W_fRi^_F[\`?	15	37	6	13
N??CBB_W_fRi~?Fw\`?	15	37	7	13
N??CBB_W_tOjfSFwNo?	15	36	6	16
N??CBB_W_tOjfSFw^_?	15	36	6	17
N??CBB_W_z~_^_FwRi?	15	39	7	11
N??CBB_W_z~_~?fSB{?	15	39	6	10
N??CBB_WfwNoFwFwRi?	15	39	6	11
N??CBB_Wfw^_fSFwB{?	15	39	6	10
N??CBB_[_ZrgFw^_B{?	15	38	5	12
N??CBB_[_ZrgFw^_No?	15	38	6	12
N??CBB_[_ZrgFw^_^_?	15	38	6	13
N??CBB_[_ZrgFw~?B{?	15	38	6	12
N??CBB_[_ZrgFw~?^_?	15	38	6	12
N??CBB_[bcRg^_B]B{?	15	37	6	14
N??CBB_[bcRg~?B]B{?	15	37	6	15
N??CBB_[bcRg~?bUB{?	15	37	6	16
N??CBB_[bc^_bUFwB{?	15	38	7	14
N??CBB_[bc^_bUFwNo?	15	38	6	14
N??CBB_[bc^_bUFw^_?	15	38	6	13
N??CBB_[cYb{Fw^_^_?	15	39	6	12
N??CBB_[cYb{Fw~?^_?	15	39	6	12
N??CBB_[cYb{~?~?^_?	15	39	5	11
N??CBB_[cYrgFw^_No?	15	38	5	13
N??CBB_[cYrgFw~?No?	15	38	5	14
N??CBB_[cqKpB[Fw^_?	15	36	6	17
N??CBB_[cqKpbS^_B{?	15	36	6	17
N??CBB_[cqKpbS~?B{?	15	36	6	17
N??CBB_eVGBLFw^_Kq_	15	37	6	15
N??CBB_eVGBLFw~?Kq_	15	37	5	15
N??CBB_eVGKqEy^_B{?	15	37	6	14
N??CBB_eVGKq~?EyB{?	15	37	5	15
N??CBB_eV_Kq~?ByB{?	15	37	7	15
N??CBB_fO~B{^_^_B{?	15	41	5	7
N??CBB_fO~B{~?^_B{?	15	41	6	7
N??CBB_fO~No^_^_No?	15	41	4	7
N??CBB_fO~^_^_^_No?	15	41	4	9
N??CBB_fO~^_~?^_No?	15	41	4	9
N??CBB_fO~^_~?^_^_?	15	41	4	8
N??CBB_fSyRgFw^_^_?	15	39	4	11
N??CBB_fSyRg^_^_B{?	15	39	4	10
N??CBB_fVo^?^_Fw?|_	15	39	6	12
N??CBB_{BcRgFw~?@n?	15	37	6	14
N??CBB_{BcRg^_Fw@n?	15	37	6	15
N??CBB_{CyNoFwB{@}?	15	39	4	11
N??CBB_{CyNo^_Fw@}?	15	39	6	11
N??CBB_{Cy^_^_Fw@}?	15	39	6	11
N??CBBoYf_QiFoBy^_?	15	37	6	16
N??CBBoYf_QifO^_@|?	15	37	6	17
N??CBBo{?}RgB{^_@}?	15	39	5	11
N??CBBo{BcPhFoB{^_?	15	37	5	15
N??CBBo{BcPhFo^_@}?	15	37	6	14
N??CBBo{BcPhfOB{^_?	15	37	6	15
N??CBBo{BcPhfO^_@}?	15	37	6	15
N??CBBo{Cy@}^_^_@}?	15	40	7	9
N??CBBo{Cy@}^_^_^_?	15	40	5	10
N??CBBo{Cy@}~?^_@}?	15	40	6	9
N??CBBo{Cy@}~?^_^_?	15	40	4	10
N??CBBo{CyRgB{^_@}?	15	39	6	11
N??CBBo{CyRgB{^_^_?	15	39	5	13
N??CBBo{FoRgB{^_?~?	15	39	5	11
N??CB`gbSh^?}?^_?{o	15	37	4	15
N??CB`o[FoPm^_B{?~?	15	39	5	9
N??CB`o[FoPmb[^_?~?	15	39	5	9
N??CB`o[FwPm~?B{No?	15	40	6	6
N??CB`obW^^?}?^_?{o	15	39	5	11
N??CB`obW^^_~?^_No?	15	41	5	7
N??CB`obW^^_~?~?No?	15	41	5	7
N??CB`ob[Z^?}?^_?{o	15	39	6	11
N??CB`oq@c_}bY~?No?	15	37	6	15
N??CB`oq@c~?bY^_?}_	15	37	6	16
N??CB`oqBc@{LcbY^_?	15	36	6	14
N??CB`oqBkEqBw~?PL_	15	37	5	15
N??CB`oqCZ@{Lc~?No?	15	37	6	13
N??CB`oqF_PkLc^_@|?	15	36	6	14
N??CB`ow?{pkB{^_^_?	15	38	7	12
N??CB`o{CZ@}^_^_@}?	15	40	7	7
N??CB`o{CZ@}^_^_No?	15	40	6	7
N??CB`o{CZ@}^_~?@}?	15	40	6	8
N??CB`o{CZ@}^_~?No?	15	40	6	8
N??CB`o{CZ^?B{^_?}_	15	39	5	11
N??CBbGBplEs\_~?PHo	15	38	5	14
N??CBbGBplMo\_~?PHo	15	38	5	14
N??CBbG[bc@wLg~?Pj?	15	36	6	15
N??CBb_QcY@{FglCNo?	15	35	6	17
N??CBb_W_^BebS~?No?	15	37	7	15
N??CBb_W_^BsbSfC^_?	15	36	6	17
N??CBb_{BcPhFgB{^_?	15	37	5	15
N??CBb_{BcPhFg^_@}?	15	37	6	14
N??CBbo{BcPhB{~?@n?	15	39	4	11
N??CBbo{BcPhB{~?@}?	15	39	4	11
N??CBbo{BcPhB{~?No?	15	39	6	11
N??CBbo{BcPhB{~?^_?	15	39	5	11
N??CBbo{BcPh^_B{@n?	15	39	5	11
N??CBbo{BcPh^_B{@}?	15	39	5	10
N??CBbo{BcPh^_B{No?	15	39	6	10
N??CE?oBE@`{Ks^_^_?	15	33	5	19
N??CE?oBE@`{RgKs^_?	15	32	6	21
N??CE?oBE@gUBwKs^_?	15	31	5	21
N??CE?oBMX]AKu^_@{_	15	36	7	18
N??CE?oMEH_}Rg~?FX?	15	35	7	17
N??CE?oMEH_}Rg~?Fw?	15	35	7	16
N??CE?oOkX@{[a~?Fi?	15	34	7	18
N??CE?oOl_xcBy^_Fi?	15	35	6	16
N??CE?oOmX@{nCNSNo?	15	36	6	18
N??CE?oOmX@{nCNo^_?	15	36	6	16
N??CE?oOmX@{nC^_Fw?	15	36	6	17
N??CE?oOn_EWByrHVa?	15	34	6	19
N??CE?oOn_XcByNSFw?	15	35	6	17
N??CE?oOn_XcByNSNo?	15	35	6	17
N??CE?oOn_XcnCByFw?	15	35	6	18
N??CE?oQGVXcLs^_Ub?	15	35	6	17
N??CE?oQL_xcBy^_Ey?	15	35	7	16
N??CE?oQMX@{lCLsNo?	15	35	6	18
N??CE?oQMX@{lC^_EZ?	15	35	6	17
N??CE?oQlg`{rG^_Fw?	15	36	6	16
N??CE?oQlg`{rG~?Fw?	15	36	6	17
N??CE?oQlgxc|?No@\O	15	36	6	16
N??CE?oQn_EirGByFw?	15	35	7	19
N??CE?oQn_EirGByNo?	15	35	7	19
N??CE?oWcw`{rG~?Fw?	15	35	6	17
N??CE?oWeP@{FSLq^_?	15	34	6	20
N??CE?oWeP@{fCLq^_?	15	34	7	18
N??CE?oWf_RarGByFw?	15	34	7	18
N??CE?oWf_XcFSByFw?	15	34	6	19
N??CE?o[@eHs~?bM@}?	15	35	6	17
N??CE?o[A\PeB{No^_?	15	36	6	15
N??CE?o[CX`]RgNo]__	15	35	5	17
N??CE?o[F_HsbKNo@~?	15	35	4	15
N??CE?obGVMQRgNo]`?	15	35	6	18
N??CE?obGVMQrG|AFw?	15	35	7	19
N??CE?obGZHs~?NoMR?	15	36	7	16
N??CE?obG^Hs[cNo^_?	15	36	6	17
N??CE?obG^Xc[c~?EY_	15	36	5	16
N??CE?obG^Xc[c~?Fw?	15	36	6	16
N??CE?obHqGtBw[c^_?	15	34	7	20
N??CE?obMPMQBw~?Ex?	15	35	6	19
N??CE?obN_Xc[cByFw?	15	35	6	18
N??CE?ok?VxcRkNo]`?	15	36	6	17
N??CE?ok@eXd^_Rk@}?	15	36	6	16
N??CE?ok@e^_rIRk@}?	15	36	6	16
N??CE?ok@qXcB{PmNo?	15	35	6	17
N??CE?okAXxcB{^_EX_	15	36	6	16
N??CE?okBcXcRkB]Fw?	15	35	6	17
N??CE?okEP^_LqRk@}?	15	36	7	16
N??CE?okEXHuB{^_Fw?	15	37	6	13
N??CE?okEXHuB{~?Fw?	15	37	7	14
N??CE?okF_XcNoRk@~?	15	36	5	15
N??CE?om@qXcBwPmNo?	15	35	7	18
N??CE?oqGVHsLs|ANo?	15	36	7	17
N??CE?oqGVHsLs|A^_?	15	36	7	16
N??CE?oqGVXcLs^_]`?	15	36	7	15
N??CE?oqG^@{Ls^_^_?	15	37	6	16
N??CE?oqG^EyNo~?No?	15	38	5	14
N??CE?oqG^Ey~?^_No?	15	38	5	13
N??CE?oqG^Ey~?~?No?	15	38	6	13
N??CE?oqILFHBwLs^_?	15	35	6	19
N??CE?oqILV@Bw~?Ey?	15	35	6	19
N??CE?oqIT@{LUNo^_?	15	36	6	16
N??CE?oqIT@{LU~?No?	15	36	7	14
N??CE?oqI\@{LsNo^_?	15	37	6	16
N??CE?oqI\@{Ls~?No?	15	37	6	16
N??CE?oqI\@{Ls~?^_?	15	37	6	16
N??CE?oqLgEiBw^_HT_	15	35	6	17
N??CE?oqLgHTBwLsNo?	15	35	6	17
N??CE?oqLgHTBw~?Ey?	15	35	7	18
N??CE?oqMX@{~?LsNo?	15	37	6	15
N??CE?oqN_HsBy~?Ey?	15	36	7	18
N??CE?oqN_XcBy^_Ey?	15	36	7	17
N??CE?oqN_^_LsByNo?	15	37	7	16
N??CE?orMX@{^_~?EZ?	15	38	7	12
N??CE?orNo^?No^_?|_	15	38	5	12
N??CE?orNo^?RgNo?|_	15	37	6	15
N??CE?o{@e@}rI^_No?	15	37	7	16
N??CE?o{@eHsB{rINo?	15	36	7	18
N??CE?o{@eHsB{rI^_?	15	36	7	17
N??CE?o{@e^_B{rINo?	15	37	6	16
N??CE?o{A\XcNoB{@}?	15	37	5	14
N??CE?o{A\XcNoB{^_?	15	37	6	16
N??CE?o{A\XcNoNo@}?	15	37	6	15
N??CE?o{A\XcNo^_@}?	15	37	6	15
N??CE?o{BcPdRgB{Fw?	15	35	5	17
N??CE?o{BcPdRgNo@n?	15	35	5	17
N??CE?o{BcXcRgB]Fw?	15	35	6	18
N??CE?o{EX@}^_NoFw?	15	38	6	13
N??CE?o{EX@}^_^_Fw?	15	38	6	13
N??CE?o{EX@}~?^_Fw?	15	38	6	14
N??CE?o{EXXcB{^_EX_	15	37	7	15
N??CE?o{EXXcB{^_Fw?	15	37	6	16
N??CE?o{EXXcRgNo@}?	15	36	6	15
N??CE?o{F_EWrH^_@~?	15	36	6	15
N??CE?o{F_XcNo^_@~?	15	37	6	13
N??CE?wMEH_}Mq^_^?_	15	37	6	14
N??CE?wMEH_}^_~?FX?	15	37	6	13
N??CE?wMEH_}^_~?Fw?	15	37	6	13
N??CE?wMEHgu}?No?}O	15	36	6	14
N??CE?wpNo^?Ms^_?|_	15	38	6	12
N??CE?wpNo^?No^_?|_	15	38	5	12
N??CE@A{?]vcNW^_No?	15	38	6	14
N??CE@A{?]vcNW~?Fw?	15	38	6	13
N??CE@A{?]vcNW~?No?	15	38	5	14
N??CE@A{?]vcNoNo^_?	15	38	5	11
N??CE@A{?]vcNo~?No?	15	38	5	13
N??CE@A{?]vcnGNWNo?	15	38	5	14
N??CE@A{?]vcnGNoNo?	15	38	6	13
N??CE@A{A[@mKYNoVc?	15	35	6	19
N??CE@A{A[@mKY~?Fw?	15	35	6	18
N??CE@A{A[@mkI~?Fw?	15	35	6	18
N??CE@A{A[@yNonGUD_	15	36	6	16
N??CE@A{Bc@n~?NoFk?	15	37	6	15
N??CE@A{Bc@n~?NoVc?	15	37	5	15
N??CE@A~B{FkNWNWFk?	15	41	4	5
N??CE@_ECHkqHs~?B{?	15	33	6	20
N??CE@_EFG_}fG^_Fw?	15	34	6	19
N??CE@_W`eBmFw~?Pf?	15	36	6	17
N??CE@_W`eB{~?fKPf?	15	36	6	16
N??CE@_WfwReNoNoB{?	15	38	6	13
N??CE@_WfwRe^_FwFw?	15	38	6	13
N??CE@_Wfw^_fKNoB{?	15	38	6	13
N??CE@_[`eNobMFw^_?	15	37	5	16
N??CE@_[`ePf~?~?B{?	15	37	6	16
N??CE@_[`eRcbM~?B{?	15	36	7	16
N??CE@_[bcFw~?bMB{?	15	37	5	14
N??CE@_]bsFWFw~?Of_	15	38	4	14
N??CE@_eJKrc~?FwFw?	15	37	6	16
N??CE@_eJK~_FwFwFw?	15	38	6	14
N??CE@_eJK~_FwNoFw?	15	38	5	15
N??CE@_eJK~_^_FwFw?	15	38	5	15
N??CE@_eJK~_~?FwFw?	15	38	6	14
N??CE@_eNGCyEy^_B{?	15	36	6	16
N??CE@_eNGRcHsEyNo?	15	35	7	19
N??CE@_fNo^?No^_?|_	15	38	5	12
N??CE@_kCpCxRc~?B{?	15	34	7	19
N??CE@_kCpGr~?B{Fw?	15	35	7	18
N??CE@_kCxHqNo^_@}?	15	36	6	16
N??CE@_kCxHqNo^_B{?	15	36	6	17
N??CE@_kCxHqNo~?@}?	15	36	7	17
N??CE@_kCx^?RcNo?}_	15	35	6	17
N??CE@_kF_RcRcNo@~?	15	35	5	16
N??CE@_u@Mrc~?^_B{?	15	37	6	15
N??CE@_uChLPHs~?B{?	15	35	7	19
N??CE@_uCpKp~?FwCz?	15	36	7	16
N??CE@_uCp^_FwHuNo?	15	37	7	15
N??CE@_{BSQd~?B{Fw?	15	36	7	17
N??CE@_{Cx@}^_FwFw?	15	38	5	14
N??CE@_{Cx@}^_NoFw?	15	38	5	13
N??CE@_{Cx@}^_^_Fw?	15	38	6	13
N??CE@_{Cx@}~?^_Fw?	15	38	6	14
N??CE@_{CxRc^_B{Fw?	15	37	6	16
N??CE@a[f_BkB]~?Fw?	15	37	6	14
N??CE@a[f_RcB]NoNo?	15	37	5	15
N??CE@a[f_RcB]No^_?	15	37	5	15
N??CE@afGzV_NO^_GRo	15	38	4	12
N??CE@afGz^_~?No^_?	15	40	5	10
N??CE@afKxV_NO^_GRo	15	38	4	12
N??CE@afNwFwNoNoFw?	15	41	4	7
N??CE@afNwFwNoNoNo?	15	41	4	9
N??CE@afNwNoNoNoNo?	15	41	4	11
N??CE@afNwNo^_NoNo?	15	41	3	10
N??CE@afNw^_^_No^_?	15	41	3	10
N??CE@anCxV_NO^_GRo	15	38	4	12
N??CE@anDwFgFW^_GRo	15	38	4	12
N??CE@auCxRcHsNo^_?	15	37	6	14
N??CE@a{?]bkNo^_^_?	15	38	5	14
N??CE@a{?]bkNo~?^_?	15	38	5	13
N??CE@a{?]rc~?NoFw?	15	38	5	13
N??CE@a{?]rc~?^_Fw?	15	38	5	15
N??CE@a{CxBkBsNoNo?	15	37	6	17
N??CE@a{CxBkBsNo^_?	15	37	6	16
N??CE@a{CxRcBsNo^_?	15	37	6	15
N??CE@a{CxRcBs^_Fw?	15	37	6	15
N??CE@oBxuFW]_~?Odo	15	38	4	14
N??CE@oBzsNOMo~?Odo	15	38	4	14
N??CE@oKpe]?Bx^_Pf?	15	36	6	16
N??CE@oQf_PcLSByNo?	15	34	7	17
N??CE@oW`e@{FSbM^_?	15	35	6	18
N??CE@oW`e@{fCbM^_?	15	35	7	18
N??CE@oWcXbiBwNo^_?	15	36	6	16
N??CE@oWcXraBw~?Fw?	15	36	7	16
N??CE@o[@e@}bM^_^_?	15	37	6	13
N??CE@o[@uNOB{~?Of_	15	37	5	15
N??CE@o[Bc^_bMNo@}?	15	37	6	12
N??CE@o[CX`]^_No]__	15	37	6	13
N??CE@o[CX`}^_~?Fw?	15	38	6	12
N??CE@o[`e@{bM~?Fw?	15	37	5	15
N??CE@o[`e@{bM~?No?	15	37	5	15
N??CE@o[`e@{bM~?Pf?	15	37	6	14
N??CE@o[`e@{bM~?^_?	15	37	6	14
N??CE@o[bc@{bM~?Fw?	15	37	5	13
N??CE@orBcPdBw~?EY_	15	36	6	17
N??CE@o{@ePdB{^_Fw?	15	37	6	14
N??CE@o{@ePdB{^_No?	15	37	6	14
N??CE@o{@ePdB{^_^_?	15	37	6	15
N??CE@o{BcEW^_bJ@}?	15	36	6	16
N??CE@o{BcEW~?bJ@}?	15	36	6	16
N??CE@o{BcPd^_B{Fw?	15	37	6	13
N??CE@o{BcPd~?B{Fw?	15	37	6	14
N??CE@q[bcPfNo~?@n?	15	39	7	9
N??CE@q[bcPfNo~?No?	15	39	4	10
N??CE@q[bcPfNo~?Pf?	15	39	6	9
N??CEAwm@qFw~?PmGv?	15	39	5	10
N??CEAwm@qFw~?Pm^_?	15	39	5	12
N??CEB_W`E^_NoFMBf?	15	36	7	13
N??CEB_W`E^_NoFMBm?	15	36	6	14
N??CEB_W`E^_NoFMB{?	15	36	6	16
N??CEB_W`E^_NoF[Rb?	15	36	7	15
N??CEB_W`E^_^_F[Bf?	15	36	7	12
N??CEB_WbcBmNo~?@n?	15	37	7	13
N??CEB_Wcw~_F[NoFw?	15	38	6	14
N??CEB_Wcw~_F[^_Fw?	15	38	6	13
N??CEB_Wcw~_FwFwFw?	15	38	6	12
N??CEB_Wcw~_FwNoFw?	15	38	5	12
N??CEB_Wcw~_Fw^_Fw?	15	38	5	14
N??CEB_WewRaFKNoCXo	15	36	6	14
N??CEB_WfwBm^_FwFw?	15	39	5	11
N??CEB_Wfw^_F[F[Fw?	15	39	7	10
N??CEB_Wfw^_F[FwFw?	15	39	6	10
N??CEB_[bc^_B]NoB{?	15	38	6	14
N??CEB_nDwBkNO^_GRo	15	38	5	13
N??CEB_vA{JoFgNoCJo	15	38	4	12
N??CEB_vEwJoFgNoCJo	15	38	4	12
N??CEB_{BcEW~?BNB{?	15	36	6	17
N??CEB_{Bc^_B]NoB{?	15	38	6	14
N??CEB_{Fw@}^_FwFw?	15	40	6	10
N??CEB_~?~No^_NoNo?	15	42	4	8
N??CEB_~FwB{^_No^_?	15	42	4	6
N??CEBoB~wFw^_^_No?	15	42	4	8
N??CEBoB~wFw^_^_^_?	15	42	4	10
N??CEBoB~w^_No^_^_?	15	42	4	8
N??CEBo[bcFwB]~?@n?	15	39	6	10
N??CEBor?^EY~?NoNo?	15	39	5	13
N??CEBoy?^Ay~?NoNo?	15	39	5	13
N??CEBo{?^noNo~?@}?	15	41	7	8
N??CEBo{?^noNo~?^_?	15	41	5	9
N??CEBo{@eEWB{rBNo?	15	37	7	15
N??CEBo{Bc^_B]No@n?	15	39	5	10
N??CEBo{Bc^_B]No^_?	15	39	4	11
N??CF?YFrsNO}?xG?lo	15	38	4	13
N??CF?ZFvH^_~?^_No?	15	42	4	8
N??CF?ZFvH^_~?^_^_?	15	42	4	7
N??CF@QFo}Tc^_~?No?	15	40	4	12
N??CF@QFo}Tc^_~?^_?	15	40	4	11
N??CF@QFtX^_~?^_No?	15	41	3	12
N??CF@QFtX^_~?^_^_?	15	41	3	11
N??CF@Q{BcBwjG~?@n?	15	37	5	16
N??CF@Q{DXTcBsFoNo?	15	37	6	16
N??CF@YU_}BwhK~?No?	15	39	5	13
N??CF@aFozJoV_~?SBo	15	39	5	13
N??CF@aFozNo^_~?No?	15	41	4	9
N??CF@aFozNo~?~?No?	15	41	4	9
N??CF@aFozRc~?~?No?	15	40	5	10
N??CF@aFozRc~?~?^_?	15	40	5	9
N??CF@aFoz^_~?~?No?	15	41	4	8
N??CF@aFoz^_~?~?^_?	15	41	4	6
N??CF@aFo}Rc^_~?No?	15	40	4	11
N??CF@aFo}RcfG~?KBo	15	39	5	12
N??CF@aFo}RcfG~?No?	15	39	5	13
N??CF@aFo}RcfG~?^_?	15	39	5	11
N??CF@aFo}Rc~?~?^_?	15	40	4	9
N??CF@aFsx^_~?^_No?	15	41	3	11
N??CF@aFsx^_~?^_^_?	15	41	3	10
N??CFAWDvObwXg~?No?	15	38	5	14
N??CFAWFRDbwXg^_^_?	15	38	6	14
N??CFAWFRDbwXg~?^_?	15	38	6	14
N??CFAWFUwZ_Xg^_CV_	15	38	5	14
N??CFAWFo}Ks^_~?No?	15	40	4	12
N??CFAWFo}Ks~?~?^_?	15	40	4	10
N??CFAWFrL^_^_^_No?	15	41	3	12
N??CFAWFrL^_^_^_^_?	15	41	3	12
N??CFAWFrL^_~?^_^_?	15	41	3	12
N??CFAWS_}BwXgjCNo?	15	36	5	18
N??CFAWS_}BwXgjC^_?	15	36	5	17
N??CFAWS_}KsjC^_^_?	15	37	4	18
N??CFAWx?ubwXg~?No?	15	38	5	14
N??CFAWx?yKTXg^_BIo	15	37	5	14
N??CFAWxBHBwEu^_BZ?	15	38	5	11
N??CFAWxBHBwEu^_No?	15	38	6	11
N??CFAWxBHBwEu^_^_?	15	38	6	12
N??CFAWxBHBwFo^_BZ?	15	37	5	14
N??CFAWxBLKsFo^_BJ_	15	38	6	14
N??CFAWxBLKsFo~?BJ_	15	38	6	14
N??CFA[f?yKV^_^_KV?	15	40	7	7
N??CFA[f?yKV^_^_No?	15	40	5	7
N??CFA[f?yKV^_^_^_?	15	40	5	9
N??CFA[f?yKV^_~?KV?	15	40	6	8
N??CFA[f?yKV^_~?^_?	15	40	4	9
N??CFA[f?yZ_Wm^_CV_	15	39	5	11
N??CFBOBw}Ds^_~?No?	15	40	5	10
N??CFBOFO^Z_v?^_CUo	15	38	5	14
N??CFBOFUwZ_Jg^_CV_	15	38	5	14
N??CFBOFo}Ds^_~?No?	15	40	4	11
N??CFBOFo}Ds^_~?^_?	15	40	4	11
N??CFBOFp\^_^_^_No?	15	41	3	10
N??CFBOFp\^_^_^_^_?	15	41	3	11
N??CFBOFp\^_~?^_^_?	15	41	3	9
N??CFBOK_}BwJgrCNo?	15	36	5	17
N??CFBOKbcBwJgrC@n?	15	35	6	18
N??CFBOKeW`mFoJgNo?	15	36	6	18
N??CFBOKeWbwJg^_^_?	15	37	4	16
N??CFBOQ_}BwJglC^_?	15	36	5	16
N??CFBOQ_}DslC^_^_?	15	37	4	17
N??CFBOQdguaFoJg^_?	15	36	5	16
N??CFBOW_ZraJgFoNo?	15	36	6	18
N??CFBOW_ZraJgFo^_?	15	36	6	17
N??CFBOW_^BiJg^_^_?	15	37	6	15
N??CFBOW_ybwJg~?No?	15	37	5	15
N??CFBOW_ybwJg~?^_?	15	37	5	14
N??CFBOW_}BwJgfCNo?	15	36	5	17
N??CFBOW_}BwJgfC^_?	15	36	5	16
N??CFBOW`\DsFoFS^_?	15	36	6	18
N??CFBOW`\DsFofC^_?	15	36	5	16
N??CFBOW`cBiJgrA@n?	15	34	6	20
N??CFBOW`cBiJgrA@{?	15	33	6	20
N??CFBOW`cBiJgrABw?	15	33	6	21
N??CFBOW`cBiJgrADs?	15	33	6	19
N??CFBOW`cBiJgrA^_?	15	34	5	20
N??CFBOWcwbiBwJgNo?	15	36	6	17
N??CFBOWcwbiFoJgNo?	15	36	6	16
N??CFBOWcwbiFoJg^_?	15	36	6	16
N??CFBOWcwbiJgJgNo?	15	36	6	15
N??CFBOWcwbiJg^_No?	15	37	5	14
N??CFBOWcwbiJg^_^_?	15	37	5	15
N??CFBOWcwbwJg^_^_?	15	37	4	17
N??CFBOWcwraFoJgNo?	15	36	5	16
N??CFBOWcwraFoJg^_?	15	36	5	16
N??CFBO[bcBwJg~?@n?	15	37	5	16
N??CFBOy?m`{Jg~?No?	15	38	6	14
N??CFBOy?mbwJg~?No?	15	38	5	14
N??CFBO{?}DsB{~?No?	15	39	6	11
N??CFBO{BcBwJg~?@n?	15	37	5	15
N??CFB_EfG~?]_Fw?mo	15	37	5	13
N??CFB_Fw~No^_~?No?	15	43	5	5
N??CFB_Fw~No~?~?^_?	15	43	5	4
N??CFB_S_Zta~?FwNo?	15	38	6	14
N??CFB_S`STatAFw^_?	15	35	5	18
N??CFB_S`STatA^_B{?	15	35	5	18
N??CFB_S`cTarAFw^_?	15	35	5	18
N??CFB_SdWnoFwFw^_?	15	39	6	11
N??CFB_SdWnoFw~?^_?	15	39	4	12
N??CFB_WcwnoFw^_Bm?	15	39	6	11
N??CFB_WcwnoFw~?Bm?	15	39	7	11
N??CFB_WcwnoFw~?^_?	15	39	4	10
N??CFB_Wcwno~?F[^_?	15	39	5	10
N??CFB_[_Zb{~?~?^_?	15	40	5	8
N??CFB_{Fw@}^_Fw^_?	15	41	6	7
N??CFBo[bcBw~?B]@n?	15	39	5	11
N??CFBo[bcBw~?B]No?	15	39	4	12
N??CFBo[bcBw~?B]^_?	15	39	4	12
N??CFBo{?}@}^_~?@}?	15	41	6	7
N??CFBo{?}@}^_~?No?	15	41	5	8
N??CFBo{?}@}^_~?^_?	15	41	5	8
N??CFBo{BcBw^_B]^_?	15	39	4	11
N??CFBo{BcBw~?B]^_?	15	39	4	11
N??E@_KBpdWK{KrQFo_	15	36	6	19
N??E@_KBpdWK~?{KXh?	15	36	6	18
N??E@_KBpdWK~?{K]E?	15	36	4	14
N??E@_KBpdWK~?~?]E?	15	36	6	14
N??E@_KBpdWK~?~?^_?	15	36	6	14
N??E@_Ki?]ESoWTC^_?	15	31	7	21
N??E@_Kw?FforO{GBq?	15	33	5	19
N??E@_NMeIforO~?^_?	15	39	5	13
N??E@_NMeIfo{GrO^_?	15	38	6	16
N??E@_NMeIfo{G~?^_?	15	39	6	13
N??E@_NMeIfo~?~?^_?	15	40	5	10
N??E@_NMeI}C~?~?^_?	15	40	5	11
N??E@_NMeI~_~?~?^_?	15	41	5	8
N??E@_NN`{]CrO~?^_?	15	40	5	12
N??E@_N{H{Xg~?~?^_?	15	41	4	10
N??E@_iBp{XgtG~?^_?	15	38	5	14
N??E@_iBu`wkN_~?^_?	15	38	6	14
N??E@_iBu`wkrON_^_?	15	37	7	16
N??E@_iBu`ycN_rO^_?	15	37	6	15
N??E@_iBuhWkN_{C^_?	15	37	6	17
N??E@_iBuhYcN_rO^_?	15	37	6	16
N??E@_iBv_forOtGYc?	15	36	6	18
N??E@_iBv_forOtG^_?	15	37	6	17
N??E@_isHs]?~?pY@y_	15	37	6	15
N??E@_iw?]bqpWtG^_?	15	36	6	16
N??E@_iw?]bqrOtG^_?	15	36	7	16
N??E@_iwEY]_tGFc@Yo	15	36	5	17
N??E@_i{EYYcrON_@y?	15	36	6	18
N??E@_i|FgXgtGN_@ZO	15	38	5	14
N??E@_qBp{XkrW~?Xk?	15	40	5	10
N??E@_qBp{Xk~?~?^_?	15	40	5	10
N??E@_qBp{]A~?rWXk?	15	39	7	13
N??E@_qBp{]A~?rW^_?	15	39	6	13
N??E@_qBsRM`N_rW^_?	15	37	7	15
N??E@_qBsRM`rW~?Xk?	15	38	5	12
N??E@_qBsRM`rW~?^_?	15	38	6	12
N??E@_qBuBXkNa~?Xk?	15	39	5	13
N??E@_qBuBXkNa~?^_?	15	39	7	13
N??E@_qBuB]ArWNaXk?	15	38	5	14
N??E@_qBuB]ArWNa^_?	15	38	7	16
N??E@_qBuZXk~?~?Xk?	15	41	5	7
N??E@_qBuZ^_~?~?^_?	15	41	5	7
N??E@_qi?]IaN_~?Xk?	15	35	6	17
N??E@_qi?]Ia~?rW^_?	15	36	6	14
N??E@_qmDo@w~?P]Xk?	15	37	7	14
N??E@_qw?{`y~?rW^_?	15	38	7	14
N??E@_qwF_BqBurW^_?	15	37	6	15
N??E@_q{F_@zrW~?^_?	15	39	5	12
N??E@_y{F_Wk~?Bu^_?	15	39	5	13
N??E@agTG]FOpPN_^_?	15	35	6	17
N??E@agTG]FOpP{A^_?	15	35	6	18
N??E@agTG]FOpP~?^_?	15	36	6	15
N??E@agTG]ForO~?^_?	15	37	5	16
N??E@agTG]]@N_rOFo?	15	35	6	19
N??E@agTG]]@N_rO^_?	15	36	5	17
N??E@agXAhRABorOFo?	15	32	6	23
N??E@bGBuY^?}?Lg?{o	15	37	5	15
N??E@bGKh{^?}?rS?{o	15	38	5	14
N??E@bGM?]EspS}??}G	15	35	5	18
N??E@bGM?]]@LgpS?}_	15	35	5	18
N??E@bGq?]Xg@{~?EU_	15	36	5	16
N??E@bGq?]Xg@{~?Eu?	15	36	6	14
N??E@bGqEY?}N_~?Eu?	15	37	6	13
N??E@bGqEY^?N_@|EV?	15	37	5	15
N??E@bGqEY^?N_Lk?}_	15	37	5	14
N??E@bGrVo^?N_Lg?|_	15	38	5	13
N??E@bGw?NbqLgrO^_?	15	36	6	16
N??E@bGwEY^?LgFc?}_	15	36	6	16
N??E@bG{EY^?BsLg?}_	15	37	5	16
N??E@b_qV_AuN_By^_?	15	37	6	16
N??E@b_qV_EqFgBy^_?	15	37	7	17
N??E@b_s?|BsJcrO@}?	15	36	5	16
N??E@b_s?|DqN_rO@}?	15	36	5	17
N??E@b_sEYBsJcB{@}?	15	37	4	14
N??E@b_sEYBsJc~?@}?	15	37	6	15
N??E@b_{EYBsN_B{@}?	15	38	5	14
N??E@b_{EYBsN_B{^_?	15	38	6	14
N??E@b_{EYXgFgN_@}?	15	37	7	15
N??E@b_}EY^?N_Fg?}_	15	38	5	13
N??E@boNfo^?rOBw?|_	15	39	5	14
N??E@bo{@{Xg~?B{@}?	15	40	6	10
N??E@bo{@{Xg~?B{^_?	15	40	4	10
N??E@cypX{Xg~?~?^_?	15	42	5	7
N??E@egTHsWhN_rO^_?	15	37	6	14
N??E@egTH{ForOrO^_?	15	38	5	15
N??E@egTH{ForO~?^_?	15	39	4	12
N??E@egTH{Xg~?~?^_?	15	40	4	12
N??E@eghAhJAN_rO^_?	15	35	5	19
N??E@egi?lieN_rO^_?	15	37	7	15
N??E@egi@{XgTK~?^_?	15	38	5	15
N??E@egiAhieN_rO^_?	15	37	7	15
N??E@f_N_|XgrO~?^_?	15	40	5	12
N??E@f_N_|Xg~?~?^_?	15	41	4	9
N??E@f_k?\bsRSrO^_?	15	37	7	16
N??E@f_k?\bsRS~?^_?	15	38	7	14
N??E@f_k?|BsRSRS^_?	15	37	7	17
N??E@f_k?|BsRSrO^_?	15	37	7	15
N??E@f_k?|FoRSrO^_?	15	37	6	17
N??E@f_k?|FoRS~?^_?	15	38	5	14
N??E@f_k?|Hi~?~?^_?	15	39	5	13
N??E@owM@{?}~?p[WN?	15	39	5	11
N??E@owM@{?}~?p[^_?	15	39	5	9
N??E@owp]J^?}?N_?{o	15	39	6	11
N??E@oww?NbqN_~?WKo	15	38	5	14
N??E@oww?NwkFcN_^_?	15	37	6	16
N??E@oww@sBq@{~?Wl?	15	37	6	15
N??E@oww@{^?FcpW?}_	15	37	6	14
N??E@r_pVo^?N_Fg?|_	15	38	5	12
N??ED?W@w}FoVOxG^A?	15	36	6	16
N??ED?W@xLJHFoxG^A?	15	35	6	19
N??ED?W@xLJHFoxG^_?	15	35	7	19
N??ED?W@xLJHN_xG^A?	15	35	6	19
N??ED?W@xLJHN_xG^_?	15	35	6	17
N??ED?W@xsVAxGVOGl_	15	35	6	19
N??ED?W@x{FoxGVO^A?	15	36	5	17
N??ED?W@}HFPxGVO^A?	15	35	6	17
N??ED?W@}HFPxGVO^_?	15	35	6	17
N??ED?W@~@FoVO~?Bx?	15	36	6	15
N??ED?W@~HFoVO}C^_?	15	37	4	17
N??ED?W@~H[cN_VO^A?	15	36	5	18
N??ED?WE`LBwP[xK^_?	15	35	5	18
N??ED?WE`LBwP[~?[E_	15	35	5	18
N??ED?WE`LGmVOxK^_?	15	35	6	17
N??ED?WE`LV?VOP\[e?	15	34	6	18
N??ED?WHguGkN_uC[d?	15	34	6	20
N??ED?WHguGkN_xI^_?	15	35	6	17
N??ED?WHguGk~?xI[d?	15	36	4	14
N??ED?WHguGk~?~?[d?	15	36	6	14
N??ED?WHiJBwFo~?[Co	15	36	6	17
N??ED?WHiJJIFoxG^_?	15	35	6	20
N??ED?WHiJJIMaxG^_?	15	35	6	19
N??ED?WHiJJIxGN_^_?	15	35	7	19
N??ED?WHiJZAxGFo^_?	15	35	7	19
N??ED?WHlo[cFoVOGl?	15	34	7	20
N??ED?Wu@sGlxGFoCu?	15	34	6	22
N??ED?ZDp{[cVOyC^_?	15	38	6	14
N??ED?ZFp{[cVO~?^_?	15	40	5	10
N??ED?ZN`{[cVO~?^_?	15	40	5	12
N??ED?ZxH{Jg~?~?^_?	15	41	4	10
N??ED?qEo}HkxCrG^_?	15	37	6	16
N??ED?qEo}HkxC~?^_?	15	38	6	14
N??ED?qEo}JgxCrG^_?	15	37	6	15
N??ED?qEo}WeRW~?^_?	15	38	7	15
N??ED?qEo}WeVOrG^_?	15	37	6	15
N??ED?qEp{[aVOrG^_?	15	37	6	17
N??ED?qEqZHkN_xC^_?	15	37	7	17
N??ED?qEqyHkxCN_^_?	15	37	6	18
N??ED?qFo}JgrGrG^_?	15	38	5	12
N??ED?qFo}JgrG~?^_?	15	39	5	11
N??ED?qFqZJgN_~?^_?	15	39	5	14
N??ED?qFqZJg~?~?^_?	15	40	5	11
N??ED?qFqZ^_~?~?^_?	15	41	5	9
N??ED?qFqyJgrG~?^_?	15	39	5	12
N??ED?qFuXJg~?~?^_?	15	40	5	11
N??ED?qN_}HkrGVO^_?	15	38	6	16
N??ED?qN_}HkrG~?^_?	15	39	6	15
N??ED?qN_}Hk~?~?^_?	15	40	5	12
N??ED?qN_}JgrG~?^_?	15	39	5	13
N??ED?qN`{HkVO~?^_?	15	39	5	13
N??ED?qN`{HkrGVO^_?	15	38	6	14
N??ED?qN`{JgVOrG^_?	15	38	5	13
N??ED?qN`{JgrG~?^_?	15	39	4	12
N??ED?qN`{XcrGVO^_?	15	38	5	14
N??ED?qNeXJgVO~?^_?	15	39	5	14
N??ED?qNeXJg~?~?^_?	15	40	4	12
N??ED?qQRoBwrGlCOf?	15	34	7	21
N??ED?qSO}FoRWjC^_?	15	36	6	18
N??ED?qSO}FobKrG^_?	15	36	7	17
N??ED?qSO}FojCbK^_?	15	36	5	17
N??ED?qSO}FojCrG^_?	15	36	6	17
N??ED?qSO}HkJcbK^_?	15	36	7	21
N??ED?qSO}HkJcrG^_?	15	36	6	19
N??ED?qSO}HkJc~?^_?	15	37	6	18
N??ED?qSO}HkjCjC^_?	15	36	6	18
N??ED?qSO}HkjC~?^_?	15	37	6	16
N??ED?qSP{FoVObK^_?	15	36	5	17
N??ED?qSP{XcVOjC^_?	15	36	6	18
N??ED?qSROQ`FobK^_?	15	33	7	22
N??ED?qVQyJgN_rG^_?	15	38	5	14
N??ED?qw@{JgRW~?By?	15	37	6	17
N??ED?qw@{JgrGFs^_?	15	37	6	15
N??ED?qwAZHkN_~?By?	15	37	7	17
N??ED?qwAZ^_~?FsBy?	15	39	7	12
N??ED?qwAZ^_~?Fs^_?	15	39	6	11
N??ED?qwAaFobI~?By?	15	35	7	18
N??ED?qwAaHkJa~?By?	15	35	7	20
N??ED?qwAaHkjA~?By?	15	35	6	19
N??ED?qwAaPdB[Fs^_?	15	35	6	17
N??ED?qwAaPdRW~?By?	15	35	6	19
N??ED?qwAaPd~?FsBy?	15	36	7	15
N??ED?qwAaXcBe~?By?	15	35	7	17
N??ED?qwAyJgRW~?By?	15	37	6	17
N??ED?qwAyJgrGFs^_?	15	37	6	15
N??ED?qwAyXc~?FsBy?	15	38	7	12
N??ED?qwAyXc~?Fs^_?	15	38	6	13
N??ED?qwEX@mVO~?By?	15	37	6	15
N??ED?qwEXHkN_~?By?	15	37	7	16
N??ED?qwEXHkVOFs^_?	15	37	6	16
N??ED?qwEXHk~?FsBy?	15	38	7	13
N??ED?qwEXHk~?Fs^_?	15	38	6	14
N??ED?qyFOBwRW~?Az?	15	37	6	16
N??ED?q{F_BwRWBu^_?	15	37	5	16
N??ED?yMdoBw~?P]^_?	15	39	5	12
N??ED@OAw^FoVOjG]a?	15	36	6	18
N??ED@OAwmDsiIVO]a?	15	35	7	19
N??ED@OAw}FoVOjG]a?	15	36	6	16
N??ED@OAx{FoVOjG]a?	15	36	5	16
N??ED@OAyyJgN_jG]a?	15	36	5	17
N??ED@OAyyTcN_|C^_?	15	37	4	17
N??ED@OB?FfoVOjG]A?	15	32	4	22
N??ED@OBw^FoVOjG^_?	15	37	6	15
N??ED@OBw}DsVOjG^_?	15	37	6	15
N??ED@OBw}FoVOjG^_?	15	37	6	15
N??ED@OBx{FoVOjG^_?	15	37	6	16
N??ED@OByyJgN_jG^_?	15	37	6	16
N??ED@OByyTcN_~?^_?	15	38	5	14
N??ED@OEo^DshKVO^_?	15	36	7	18
N??ED@OEo^FohKVO^_?	15	36	6	18
N??ED@OEpL@{hK~?JHO	15	36	7	18
N??ED@OK_^@mVOjG]@_	15	35	5	17
N??ED@OK_^@mVOjG^_?	15	35	7	17
N??ED@OK_^BwRSjG^_?	15	35	7	19
N??ED@OK_}@mVOjG^_?	15	35	7	19
N??ED@OK`{@mVOjG^_?	15	35	6	19
N??ED@OKaq@{B[hI^_?	15	34	7	20
N??ED@OKaq@{RShI^_?	15	34	7	20
N??ED@OKaqSdN_B[^_?	15	34	7	20
N??ED@OKf_FoVOjG@n?	15	34	6	19
N??ED@OKf_JgFojG@n?	15	34	6	19
N??ED@OKf_JgJgbK@|?	15	34	5	20
N??ED@OUO^@{hKN_^_?	15	36	7	18
N??ED@OUO^FoN_hK^_?	15	36	6	17
N??ED@OUO^JghKN_^_?	15	36	6	18
N??ED@OUOu@{JghM^_?	15	36	7	18
N??ED@OUOu@{N_~?Sf?	15	36	6	16
N??ED@OUO}@{hKJg^_?	15	36	7	18
N??ED@OUO}@{hKN_^_?	15	36	6	18
N??ED@OUTH`{N_~?^_?	15	37	6	16
N??ED@OUV_SeN_~?@|?	15	36	6	18
N??ED@O{AyBwN_jG@}?	15	36	6	17
N??ED@O{AyFoN_jG@}?	15	36	6	16
N??ED@O{AyJgN_jG@}?	15	36	6	17
N??ED@O{AyTcFoJg@}?	15	36	6	18
N??ED@O{AyTcN_B{^_?	15	37	5	15
N??ED@_MdoRC~?FwGj_	15	36	5	18
N??ED@_N`{FoVOfG^_?	15	37	4	13
N??ED@_N`{V_VOfGGJg	15	37	4	14
N??ED@_NayRcN_VOOFW	15	37	4	14
N??ED@_NayRcN_VO^_?	15	37	5	15
N??ED@_NayRcN_~?B{?	15	38	6	15
N??ED@_NayRcN_~?^_?	15	38	4	14
N??ED@_NayRcv?FWCPw	15	37	4	14
N??ED@_NayRc~?Fw^_?	15	39	6	12
N??ED@_NayRc~?~?^_?	15	39	3	12
N??ED@_Nfo^?VOfG?|_	15	37	4	15
N??ED@_{@{FoVOfG@}?	15	36	5	16
N??ED@_{@{JgfGB{B{?	15	37	4	15
N??ED@_{@{JgfGB{^_?	15	37	5	14
N??ED@o]@sJGBw~?Of_	15	36	5	18
N??EDBWUQyJgHkN_^_?	15	38	5	14
N??EDBWuAqBwHm~?Cv?	15	39	5	12
N??EDBWuAqBwHm~?^_?	15	39	5	13
N??EDB_N`{FoVO~?B{?	15	39	5	13
N??EDB_NayFoVO~?B{?	15	39	5	13
N??EDB_NayFo~?Fw^_?	15	40	5	11
N??EDB_Nay^_Fw~?^_?	15	41	5	8
N??EDBo{@{FoVOB{^_?	15	39	5	12
N??EDBo{@{JgFoB{^_?	15	39	6	13
N??EDBo{@{Jg~?B{@}?	15	40	6	10
N??EDBo{@{Jg~?B{^_?	15	40	4	10
N??ED`L{F_FoBu~?@z?	15	40	5	10
N??ED`L{F_FoBu~?^_?	15	40	4	10
N??EDaKIaYMCN_tCET?	15	34	6	20
N??EDaKIaYMCN_tCFo?	15	34	5	19
N??EDaKIaYMCN_tCYa?	15	34	5	19
N??EDaKIaYMCN_tC^_?	15	35	5	19
N??EDaKRR`FoN_~?^_?	15	38	4	14
N??EDaKRR`Fo~?~?^_?	15	39	3	13
N??EDaKRR`]?N_Br@x_	15	37	4	14
N??EDaKRR`]?N_Br^_?	15	37	5	15
N??EDaKRR`]?N_N_@x_	15	36	6	14
N??EDagBpsV?TG~?Gl_	15	36	6	18
N??EDagRQhFoN_~?^_?	15	38	4	14
N??EDagRQhFo~?~?^_?	15	39	3	13
N??EDaoBf_v_N_RWGMo	15	37	5	15
N??EDaoByZFoN_~?^_?	15	40	6	10
N??EDaoByZFo~?~?^_?	15	41	5	8
N??EDaoRYZFoN_~?^_?	15	40	6	10
N??EDaoRYZFo~?~?^_?	15	41	5	7
N??EDao{@{Hk~?B{^_?	15	40	5	10
N??EDawm@s@w~?P]^_?	15	39	5	13
N??EDbGIaYEstC~?^_?	15	37	5	15
N??EDbGIaYFoLgtC^_?	15	36	5	16
N??EDbGl?]EsLg~?HIo	15	38	6	14
N??EDb_RO^BsN_~?^_?	15	39	6	12
N??EDb_RO|BsN_~?^_?	15	39	5	10
N??EDb_RO|FoN_~?^_?	15	39	4	11
N??EDb_RO|Fo~?~?^_?	15	40	4	10
N??EDb_RV_FoFg~?@|?	15	38	6	14
N??EE?oBE@`{BwKs^_?	15	33	5	19
N??EE?oBE@`{Ks~?Fx?	15	35	4	16
N??EE?oBE@`{Ks~?]A_	15	34	5	18
N??EE?oBE@`{Ks~?^_?	15	34	6	16
N??EE?oBMX]AKu~?@{_	15	37	6	16
N??EE?oIE@`{Ds~?Fx?	15	35	4	16
N??EE?oIEH`{DsNo^_?	15	35	5	17
N??EE?oIEXYa}?No?}O	15	35	5	18
N??EE?oK?W]@?}NoXe?	15	32	5	20
N??EE?oKF_EW~?rL@~?	15	36	6	14
N??EE?oKF_FWpL~?@~?	15	36	6	16
N??EE?oKF_FwrKB}@~?	15	38	4	13
N??EE?oKF_FwrKNo@~?	15	37	6	13
N??EE?oKF_^_NorK@~?	15	37	6	15
N??EE?oKFoFwrKB{?~?	15	37	5	16
N??EE?oKFoFwrKNo?~?	15	37	7	14
N??EE?oKFo^?NorK?~_	15	37	5	14
N??EE?oKFw@}NorK^_?	15	38	6	14
N??EE?oMEH_}rG~?Fw?	15	36	6	17
N??EE?oMEXFW@{~?We_	15	36	6	15
N??EE?oMEX^?pKNo?}_	15	36	6	17
N??EE?okEXHeNo~?@}?	15	37	7	16
N??EE?okEXHe~?B{EX_	15	37	5	16
N??EE?okEX^?RKNo?}_	15	36	6	17
N??EE?oqGNCyNo~?Z@_	15	37	6	15
N??EE?oqGNEy}A~?Fw?	15	38	7	12
N??EE?oqGNXc}ALsFw?	15	37	5	15
N??EE?oqG^@{Ls~?Ey?	15	38	5	14
N??EE?oqG^@{Ls~?]@_	15	38	6	15
N??EE?oqG^@{Ls~?^_?	15	38	7	14
N??EE?oqG^^_NoLsEy?	15	39	4	12
N??EE?oqG^^_~?NoEy?	15	39	6	11
N??EE?oqMX@{~?LsFw?	15	38	6	14
N??EE?oqMX@{~?Ls^_?	15	38	7	13
N??EE?oqNGBXBw~?Ey?	15	36	6	16
N??EE?oqNO@{~?NoAz?	15	37	6	15
N??EE?oqN_@|~?NoEy?	15	38	6	14
N??EE?orG^Xc~?NoEY_	15	39	6	13
N??EE?orG^Xc~?No^_?	15	39	6	11
N??EE?orG^^_No~?^_?	15	40	5	10
N??EE?orNo^?BwNo?|_	15	38	6	13
N??EE?orNo^?NoNo?|_	15	39	6	10
N??EE?oy?mxcBw~?Fw?	15	37	7	15
N??EE?oyEX^?DsNo?}_	15	37	6	14
N??EE?o{@e@}rI~?Fw?	15	38	7	15
N??EE?o{@e@}rI~?Xd?	15	38	6	14
N??EE?o{@uFW~?B{Wd_	15	38	6	12
N??EE?o{EX@}~?NoFw?	15	39	7	13
N??EE?o{EX@}~?No^_?	15	39	5	12
N??EE?o{EXXcNoB{@}?	15	38	6	12
N??EE?o{EXXcNoB{^_?	15	38	6	13
N??EE?o{EXXcNoNo@}?	15	38	7	14
N??EE?o{EX^?B{No?}_	15	38	5	14
N??EE?wM@o^?pMNo?~_	15	37	5	13
N??EE?wM@o^_@}NoWf?	15	37	6	12
N??EE?wMEH_}MqNo^?_	15	38	5	12
N??EE?wMEH_}~?NoFX?	15	38	5	13
N??EE?wMEH_}~?No^_?	15	38	5	13
N??EE?wMEH_}~?~?FX?	15	38	6	11
N??EE?wMEH~?}?No?}o	15	38	5	11
N??EE?wpNo^?MsNo?|_	15	39	7	9
N??EE?wpNo^?NoNo?|_	15	39	6	9
N??EEBoB~wFw~?No^_?	15	43	5	5
N??EEBo{Fw@}NoNo^_?	15	42	6	8
N??EFBOFo^Ds~?~?^_?	15	41	6	8
N??EFBOFo}Ds~?~?^_?	15	41	5	8
N??EFBOFp\Fo~?~?^_?	15	41	4	8
N??EFBOK_ZbwJgrC^_?	15	37	7	17
N??EFBOK_ZbwJg~?^_?	15	38	6	14
N??EFBOK_}DsrC~?^_?	15	38	5	13
N??EFB_K`{Xa~?Fw^_?	15	39	5	12
N??EFB_KeW`mN_~?B{?	15	38	7	14
N??EFB_KeW`m~?Fw^_?	15	39	7	11
N??EFB_KeW~_FwFw^_?	15	40	7	9
N??EFB_N`{^_~?FwB{?	15	42	6	7
N??EFB_Nfw^_FwFw^_?	15	43	6	4
N??EFBo{@{Bw~?B{^_?	15	41	5	9
N??FEaKFb`Dg~?~?^_?	15	39	3	12
N??FEaK[N_BoJO~?@z?	15	37	5	15
N??FEagF`YIc~?~?^_?	15	39	3	13
N??FEbo{?{Dg~?B{^_?	15	40	4	10
N??FFAWXG}Bw~?~?^_?	15	41	5	7
N??FFAWfBHBwFo~?KEo	15	39	5	12
N??FFB_F?w[B?}Fx^_O	15	39	5	9
N??FFB_~Fw^_FwFwB{?	15	45	9	0
N?AA@?O{?}DsRWaw@}?	15	34	4	16
N?AA@?O{@kJgZGaw@N?	15	32	6	20
N?AA@?O{@kJgigB{XL?	15	34	6	21
N?AA@?O{@{JgZGaw@}?	15	34	5	19
N?AA@?O{@{JgeoyG@}?	15	34	5	19
N?AA@?O{@{XKVOig@}?	15	34	5	20
N?AA@?O{BwRWigRW@}?	15	34	5	19
N?AA@?O{BwVOuOyG@}?	15	34	5	18
N?AA@?WeF@Cueo^?Gm?	15	32	5	19
N?AA@?WwGNM_N_uOPW_	15	32	6	23
N?AA@?WwGNN_m_uOBy?	15	34	6	19
N?AA@?WwGNN_m_uON_?	15	33	5	20
N?AA@?WwGNN_m_uO^@?	15	34	4	18
N?AA@AOQ@{ZG@{ZGUQ?	15	32	7	22
N?AA@AOUDCzGZGN_?}?	15	32	6	20
N?AA@AOw@LVORWuQBy?	15	34	7	19
N?AA@AOw@\Hk^?eoBy?	15	34	6	19
N?AA@AOwCUM`JgRWBy?	15	33	5	20
N?AA@AOwDsZGJgRWBy?	15	34	6	20
N?AA@AOwDsZGZGFs@}?	15	35	7	19
N?AA@AOwFoRWJgRWBy?	15	34	6	20
N?AA@AOy@LAym_RWZH?	15	34	6	21
N?AA@AOyDcAyuOJgHl?	15	34	7	20
N?AA@AO{@kRWRWJg@N?	15	33	6	21
N?AA@AO{BHFoVOB{RX?	15	35	7	20
N?AA@AO{BHVOVOeq@}?	15	35	7	19
N?AA@AO{BXRWN_RW@}?	15	35	6	18
N?AA@AO{BgDsRWeo@^?	15	34	5	19
N?AA@AO{BwRWJgRW@}?	15	35	6	17
N?AA@AO{CuDsRWFo@}?	15	35	5	17
N?AA@AO{CuFoRWJg@}?	15	35	6	17
N?AA@AO{CuFoVOZG@}?	15	35	6	19
N?AA@AO{DsRWVOZG@}?	15	35	6	18
N?AA@AO{DsZGFoZG@}?	15	35	6	18
N?AA@AO{DsZGN_ZG@}?	15	35	6	18
N?AA@AO{DsZG^?ZG@}?	15	35	6	18
N?AA@AWw?scseo^?Gl?	15	32	5	20
N?AA@AWwBHVOuO@{By?	15	34	6	19
N?AA@BOHn_Jgm_uS@|?	15	36	6	17
N?AA@BOHn_N_m_uS@|?	15	36	5	17
N?AA@BOJN_QYm_VO@|?	15	35	7	18
N?AA@BOX?ZDsVOkaRY?	15	34	7	20
N?AA@BOX@L@]m_VORJ?	15	34	6	20
N?AA@BOX@\@]VOm_RY?	15	35	7	19
N?AA@BOX@\@]VO}?RY?	15	35	7	20
N?AA@BOX@\@{VOm_RY?	15	35	6	19
N?AA@BOX@\@{VO}?RY?	15	35	6	19
N?AA@BOi@T?}eo^?Ij?	15	34	7	20
N?AA@BOiFoRWJgTS?~?	15	35	6	19
N?AA@BOkBgDsRSeo@^?	15	34	5	19
N?AA@BOkBwRWJgRS@}?	15	35	6	17
N?AA@BO{@\DsVOeo@}?	15	36	6	15
N?AA@BO{@{JgeoJg@}?	15	36	6	16
N?AA@BO{AyJgeoJg@}?	15	36	6	15
N?AA@BO{AyRWFoJg@}?	15	36	5	15
N?AA@BO{AyRWJgB{@}?	15	37	5	13
N?AA@BO{BwJgeoJg@}?	15	36	6	16
N?AA@BO{EqJgeoJg@}?	15	36	6	15
N?AA@BO{FoJgeoJg@}?	15	36	6	16
N?AA@BO}FoJgeoJg?~?	15	37	6	15
N?AA@B_@zwVOuOFw^A?	15	37	5	15
N?AA@B_FiyFoN_eoWIo	15	37	5	13
N?AA@B_H_rjgeo^?B{?	15	35	6	18
N?AA@B_H_rjgeo^?Jg?	15	34	5	16
N?AA@B_H_rjgeo^?N_?	15	34	5	16
N?AA@B_H_rjgeo}?B{?	15	35	6	18
N?AA@B_H_rjgeo}?ZI?	15	35	5	19
N?AA@B_H_rjgeo}?^??	15	34	5	18
N?AA@B_H_rjgm_FwZI?	15	36	6	18
N?AA@B_HaIB{uSmaB{?	15	36	7	16
N?AA@B_HaIN_EMeoB{?	15	33	6	21
N?AA@B_HaIN_EMeoN_?	15	32	5	18
N?AA@B_HaIN_EMeoRW?	15	32	5	21
N?AA@B_HaIN_E[eoVP?	15	33	6	21
N?AA@B_HaIN_FwuSVP?	15	35	6	21
N?AA@B_HaIOW}?FwBF_	15	32	6	22
N?AA@B_HaIRWFwuSVP?	15	35	6	19
N?AA@B_HaI^?eEeoB{?	15	33	6	19
N?AA@B_HaI^?uSmaB{?	15	35	6	19
N?AA@B_HaiN_E[eoTP?	15	33	6	20
N?AA@B_HaiTP^?FwZI?	15	35	6	21
N?AA@B_HaiTPm_FwZI?	15	35	6	19
N?AA@B_HaiTP}?uSB{?	15	35	6	19
N?AA@B_HayJgm_FwZI?	15	36	5	17
N?AA@B_HayRW^?FwZI?	15	36	5	18
N?AA@B_HayRW}?FwZI?	15	36	5	16
N?AA@B_HayVOFwFwZI?	15	37	6	15
N?AA@B_HbwN_eoFwZI?	15	36	5	18
N?AA@B_HbwVOE[FwZI?	15	36	7	19
N?AA@B_HbwVOFwFwZI?	15	37	6	16
N?AA@B_HbwVOVOFwZI?	15	36	5	19
N?AA@B_HfoN_eouSB{?	15	36	5	17
N?AA@B_L`kN_eoFwXJ?	15	36	6	16
N?AA@B_N`{FoVOeoB{?	15	37	4	14
N?AA@B_N`{JgVOeoB{?	15	37	4	16
N?AA@B_NayRWFwFwB{?	15	39	3	12
N?AA@B_NayRWN_FwB{?	15	38	4	14
N?AA@B_NayRWN_uOB{?	15	37	4	15
N?AA@B_XCEBFN_VORY?	15	33	6	19
N?AA@B_XCEBFm_VOB{?	15	33	6	20
N?AA@B_XCEVOuOEMB{?	15	33	5	19
N?AA@B_XDsFouOE{B{?	15	36	6	16
N?AA@B_XDsFouOVOB]?	15	35	5	17
N?AA@B_XDsFouOesB{?	15	36	5	17
N?AA@B_XDsJgE{FwRY?	15	37	5	15
N?AA@B_XDsJgFwFwRY?	15	37	5	15
N?AA@B_XDsN_VOFwRY?	15	36	5	16
N?AA@B_XDsN_uOE{B{?	15	36	6	16
N?AA@B_XDsN_uOesB{?	15	36	5	16
N?AA@B_XDsVOVOesB{?	15	36	5	16
N?AA@B_XDsVOuOFwB]?	15	36	5	14
N?AA@B_XDsVOuOFwRY?	15	36	5	16
N?AA@B_XDsZGFwFwRY?	15	37	5	15
N?AA@B_XDsZGFwesB]?	15	37	4	15
N?AA@B_\?VfoVOeoB{?	15	36	5	17
N?AA@B_\?VvON_uOB{?	15	36	6	18
N?AA@B_\?VvOVOeoB{?	15	36	6	17
N?AA@B_\?VvOuOeoB{?	15	36	5	16
N?AA@B_\@[YHasVOB{?	15	35	6	22
N?AA@B_\@[YH}?asB{?	15	35	6	21
N?AA@B_\BwVOasVOB{?	15	36	5	18
N?AA@B_\BwVOasuOB{?	15	36	5	18
N?AA@B_\BwVOuOA{B{?	15	36	6	17
N?AA@B_\CUfoN_uOB{?	15	36	5	18
N?AA@B_\CUfoVOeoB{?	15	36	5	18
N?AA@B_\CUvON_VOB{?	15	36	5	19
N?AA@B_\CUvOVOFwB{?	15	37	6	17
N?AA@B_\CUvOeoVOB{?	15	36	5	18
N?AA@B_\CUvOm_VOB{?	15	36	5	18
N?AA@B_\CUvOuOFwB{?	15	37	6	17
N?AA@B_\CUvOuON_B{?	15	36	5	19
N?AA@B_\CU~?N_VOB{?	15	36	5	18
N?AA@B_\CU~?m_VOB{?	15	36	5	18
N?AA@B_\DS@]TQuOB{?	15	35	7	20
N?AA@B_\DSPYTQuOB{?	15	35	6	20
N?AA@B_\DSPY}?TQB{?	15	35	6	21
N?AA@B_\DsVOuOA{B{?	15	36	6	16
N?AA@B_\FoVOuOA{B{?	15	36	6	16
N?AA@B_^@{FoVOeoB{?	15	37	4	15
N?AA@B_^@{FouOeoB{?	15	37	4	16
N?AA@B_^@{JgeoFwB{?	15	38	5	13
N?AA@B_^BwFoVOeoB{?	15	37	4	13
N?AA@B_^BwVOVOeoB{?	15	37	4	15
N?AA@B_^BwVOuOeoB{?	15	37	4	15
N?AA@B_^DsFoVOeoB{?	15	37	4	16
N?AA@B_^DsFouOVOB{?	15	37	4	17
N?AA@B_{@{JgeoB{B{?	15	37	4	15
N?AA@B_{BwVOuOFw@}?	15	37	6	15
N?AA@B_}@{FoVOeoB{?	15	37	4	16
N?AA@B_}@{JgeoFwB{?	15	38	5	14
N?AA@B_}BwFoVOeoB{?	15	37	4	15
N?AA@B_}BwVOVOeoB{?	15	37	4	15
N?AA@BoJ_^YI^?eoN_?	15	36	5	18
N?AA@BoJ_^YI^?eoVO?	15	36	5	18
N?AA@BoJ_^YI^?eo^??	15	36	5	18
N?AA@BoZ?^QYm_VOFo?	15	36	5	21
N?AA@BoZ?^QYm_VOVO?	15	36	5	20
N?AA@BoZ?^QYm_VO^??	15	36	5	20
N?AA@Boy?^FoVOeoAy?	15	36	5	18
N?AA@Bo{@{JgeoB{@}?	15	38	5	12
N?AA@_goW]As^?m_Fq?	15	34	4	20
N?AA@_goW]As^?m_N_?	15	33	5	20
N?AA@_goW]As^?m_YD?	15	33	5	21
N?AA@_goW]As^?m_[@_	15	33	5	21
N?AA@_goW]As^?m_]@?	15	33	6	21
N?AA@_goW]As}?^?VO?	15	33	6	20
N?AA@_goYYAs\?m_PWO	15	32	7	23
N?AA@_gqO]Iccg}?Eq?	15	32	7	23
N?AA@_omFoFoP[aw?~?	15	36	5	17
N?AA@_oq@khkaw}??}G	15	35	6	17
N?AA@_ow?kn_m_B{XL?	15	35	6	18
N?AA@_owAJP[Fc^?VP?	15	34	6	20
N?AA@_owBwVOFcqW@}?	15	35	6	18
N?AA@_owEBN_m_Fe@}?	15	35	5	18
N?AA@_o{@kGkB{qYVO_	15	36	5	18
N?AA@_o{@{FoRWaw@}?	15	36	6	14
N?AA@_o{AJFoqWma@}?	15	36	6	16
N?AA@_o{AJN_qWB{VP?	15	36	6	17
N?AA@_o{AZHkawN_@}?	15	36	5	16
N?AA@_o{AZP[N_B{@}?	15	37	4	14
N?AA@_o{BwFoawRW@}?	15	36	6	15
N?AA@_o{BwFoqWaw@}?	15	36	6	16
N?AA@_o{BwVORWaw@}?	15	36	6	16
N?AA@_o{BwVOqWRW@}?	15	36	6	16
N?AA@_o{BwVOqWqW@}?	15	36	7	16
N?AA@_o{EBN_awB{Fp?	15	36	6	16
N?AA@_o{ERHkawN_@}?	15	36	6	16
N?AA@_o{FoFoRWaw@}?	15	36	5	16
N?AA@_o}@{^?RWaw?}_	15	37	6	15
N?AA@aHwAY@y\Gm_AV?	15	34	7	22
N?AA@aHwAYAu\Gm_@y?	15	34	7	21
N?AA@agYAhXGccN_?}?	15	32	6	22
N?AA@agqO]Icm_^?Au?	15	34	7	20
N?AA@ao[EQHkasN_?v?	15	34	6	20
N?AA@ao[EQHkasN_@}?	15	35	6	18
N?AA@ao[FoFoRWas?~?	15	36	5	17
N?AA@ao[FoFoRWas@}?	15	36	5	16
N?AA@aoqTc@{Bw^?Hl?	15	36	5	16
N?AA@aoqTc@{^?RYHl?	15	37	4	14
N?AA@aoqTcFo^?BwHl?	15	36	6	15
N?AA@aoqTcN_^?BwHl?	15	36	6	14
N?AA@aoqTsVO^?BwGl_	15	37	6	16
N?AA@ao{@kGkqQB{VO_	15	36	5	18
N?AA@b@Bo\N_^?m_]B?	15	36	6	15
N?AA@b@Bo\N_m_{EFs?	15	37	5	15
N?AA@b@Bo\N_m_{E]B?	15	37	5	13
N?AA@b@Bo\N_m_}?]B?	15	36	5	15
N?AA@b@BpLZ@^?m_Fs?	15	36	5	17
N?AA@b@BpxN_^?m_OXo	15	37	5	15
N?AA@b@BrwN_m_NgFs?	15	38	4	14
N?AA@b@BrwN_m_m_Fs?	15	37	5	16
N?AA@b@BrwVONgNgFs?	15	39	3	13
N?AA@b@Bv_n_m_NgFs?	15	38	5	14
N?AA@b@BvoN_m_NgFs?	15	38	5	13
N?AA@b@LG]M_}?atFs?	15	36	6	17
N?AA@b@LIYM_m_atFs?	15	36	6	18
N?AA@b@X?]N_Ekm_Fs?	15	35	5	19
N?AA@b@X?]N_Ekm_N_?	15	34	5	18
N?AA@b@X?]N_Ekm_^??	15	34	6	20
N?AA@b@X?]N_ecm_Fs?	15	35	6	18
N?AA@b@X?]N_}?ecFs?	15	35	6	19
N?AA@b@X?]^?ecNgFs?	15	36	6	16
N?AA@b@X?]^?ecm_Fs?	15	35	6	18
N?AA@b@X?]^?}?ecFs?	15	35	6	17
N?AA@bGkCUES@{^?Hi_	15	34	7	19
N?AA@bGkCU^?RSLg?}_	15	35	6	19
N?AA@bHBrgM_m_arPX_	15	37	4	14
N?AA@b_HaYPWFguCN_?	15	33	6	23
N?AA@b_RRgBsN_aqUQ?	15	35	7	21
N?AA@b_RSUEoFg}?XG_	15	34	6	20
N?AA@b_RSUUQFg^?@{?	15	35	6	19
N?AA@b_RSUUQFg^?Bs?	15	35	7	19
N?AA@b_RSUUQFg^?Fo?	15	35	6	19
N?AA@b_RSUUQFg^?M`?	15	35	7	20
N?AA@b_RSUUQFg^?N_?	15	35	6	19
N?AA@b_RSUUQFg^?VO?	15	35	6	19
N?AA@b_RSUUQFg^?^??	15	35	6	20
N?AA@b_RSUUQ\AFg^??	15	35	6	22
N?AA@b_RSU^?FgN_UQ?	15	35	6	20
N?AA@b_qO^Bs^?m_Eq?	15	36	5	20
N?AA@b_qOl`{^?m_N_?	15	36	6	18
N?AA@b_qOl`{^?m_^??	15	36	5	18
N?AA@b_qQYAu^?m_@{?	15	35	7	21
N?AA@b_qRg@{Fgm_PX?	15	35	7	19
N?AAD?WME@kcm_VO?}?	15	32	5	21
N?AAD?WwGNM_VOm_@Y_	15	33	6	21
N?AAD?WwGNVOVO^?By?	15	35	6	17
N?AAD?WwGNVOVO^?Fo?	15	34	6	19
N?AAD?WwGNVOVO^?Jg?	15	34	6	17
N?AAD?WwGNVOVO^?N_?	15	34	5	18
N?AAD?WwGNVOVO^?VO?	15	34	6	19
N?AAD?WwGNVOVO^?^@?	15	35	5	17
N?AAD?WwKs?{N_VOKd?	15	33	5	19
N?AAD?c{@[@]egVOIL?	15	34	7	22
N?AAD?c{@[@]egVOYD?	15	34	7	21
N?AAD?c{Bg@ym_UW@^?	15	35	6	19
N?AAD?oXAiXCecBwTP?	15	32	6	22
N?AAD?oqJgIgm_BwPT_	15	34	6	20
N?AAD?oqJgVOBwVO@\?	15	34	7	20
N?AAD?oqJgVOBwVOPT?	15	34	7	20
N?AAD?oqJgVORWFo@\?	15	34	7	20
N?AAD?oqJgVORWFoPT?	15	34	7	20
N?AAD?oqLcAyBw^?Hl?	15	35	6	19
N?AAD?oqLcN_BwFoHl?	15	35	6	17
N?AAD?oqLcN_BwVOHl?	15	35	5	17
N?AAD?oqN_VOLcVO@|?	15	35	6	20
N?AAD?oqN_VON_VO@|?	15	35	7	19
N?AAD?osCTGkFo^?DQ_	15	32	7	22
N?AAD@OXDDRQ}?BwJh?	15	34	7	20
N?AAD@OXDD^?EsBwJh?	15	34	7	20
N?AAD@OXF_JgigEs@|?	15	34	6	20
N?AAD@OXF_TSecVO@|?	15	34	7	20
N?AAD@O{AiN_N_B{TT?	15	36	8	19
N?AAD@O{Ai^?N_ii@}?	15	36	7	17
N?AAD@O{AyBwN_ig@}?	15	36	6	17
N?AAD@O{AyFoN_ig@}?	15	36	6	16
N?AAD@O{AyJgN_ig@}?	15	36	7	17
N?AAD@O{AyN_Foig@}?	15	36	7	17
N?AAD@O{AyN_N_ig@}?	15	36	7	17
N?AAD@O{AyN_m_ig@}?	15	36	7	18
N?AAD@O{AyTSFoJg@}?	15	36	6	18
N?AAD@O{FoJgigN_@}?	15	36	7	18
N?AAD@WUDD_}N_VQ^?_	15	37	6	16
N?AAD@Wgno^?N_VS?|_	15	38	6	14
N?AAD@cHfoBwegUSN_?	15	35	6	19
N?AAD@cHfoBwegUSVO?	15	35	6	19
N?AAD@cHfoBwegUS^??	15	35	6	19
N?AAD@ckfoFoRSEwBw?	15	36	6	18
N?AAD@ckfoRSRSFoJg?	15	36	6	17
N?AAD@ckfoRSRSFoN_?	15	36	6	18
N?AAD@cuAqRSEwN_Cbo	15	36	5	16
N?AAD@c{AY@]Fom_QT?	15	35	7	19
N?AAD@oHai@{uCm_PF?	15	34	6	21
N?AAD@oHai@{uCm_PT?	15	34	7	22
N?AAD@o{AiJgN_ai@}?	15	36	7	17
N?AADAo{AJFoVOB{VP?	15	37	6	16
N?AADAo{AJN_VOB{VP?	15	37	6	16
N?AADAo{DsFoFoRW@}?	15	37	6	14
N?AADBOQRwDsm_FoEq?	15	35	6	20
N?AADBOTTsVO^?BwDU?	15	36	7	18
N?AADBOTVoVOFoJgDU?	15	36	7	18
N?AADBOTVoVON_BwDU?	15	36	7	18
N?AADBOUO}N_m_JgCu?	15	36	6	18
N?AADBOUPL`{m_^?Bw?	15	36	6	19
N?AADBOUPL`{m_^?Fo?	15	36	6	18
N?AADBOUPL`{m_^?Jg?	15	36	6	18
N?AADBOUPL`{m_^?N_?	15	36	6	18
N?AADBOUPL`{m_^?VO?	15	36	6	18
N?AADBOXAyDsm_EsFo?	15	35	6	20
N?AADBOXAyDsm_EsN_?	15	35	6	21
N?AADBOXAyDsm_EsRQ?	15	35	7	18
N?AADBOXAyDsm_Es^??	15	35	6	19
N?AADBOYAYDcm_DsQR_	15	34	6	20
N?AADBOi`TFo^?FoIj?	15	36	7	15
N?AADBOi`TN_FoTUIj?	15	37	5	13
N?AADBOi`TN_FoVOIj?	15	36	5	15
N?AADBOi`TN_^?FoIj?	15	36	6	15
N?AADBOifoDsFoVOIi?	15	36	6	18
N?AADBOifoIiJgFoFo?	15	36	6	18
N?AADBOifoIiJgFoN_?	15	36	6	19
N?AADBOyDsAyVOJgFo?	15	36	6	18
N?AADBOyDsAyVOJgJg?	15	36	6	18
N?AADBOyDsAyVOJgN_?	15	36	6	19
N?AADBO{@\Dsm_VO@}?	15	37	6	16
N?AADB_@|sJg^?Fw^A?	15	38	6	14
N?AADB_H_NJgm_FwZB?	15	36	6	16
N?AADB_H_rjgVOm_B{?	15	36	5	17
N?AADB_H_rvOVOFwB{?	15	37	5	15
N?AADB_HaqbM^?m_B{?	15	36	6	18
N?AADB_HaqjI^?m_B{?	15	36	6	18
N?AADB_Hbg@\m_USB{?	15	35	7	20
N?AADB_HbwJIVOm_B{?	15	36	6	18
N?AADB_HdsFoVOE[B{?	15	36	5	16
N?AADB_HdsFoVOUSB{?	15	36	6	17
N?AADB_HdsN_USFwB{?	15	37	6	16
N?AADB_HdsN_VOE[B{?	15	36	6	17
N?AADB_HeobMm_VOB{?	15	36	6	18
N?AADB_HeovON_VOB{?	15	36	6	18
N?AADB_HeovOUSVOB{?	15	36	6	18
N?AADB_HeovOUS^?B{?	15	36	6	18
N?AADB_HeovOVOFwB{?	15	37	6	15
N?AADB_HeovOVOVOB{?	15	36	6	16
N?AADB_HeovO^?VOB{?	15	36	6	18
N?AADB_SQyN_Bkm_B{?	15	36	6	18
N?AADB_SRWVOJcCyB{?	15	35	7	19
N?AADB_SRwN_m_BkB{?	15	36	6	16
N?AADB_STsJgBkN_B{?	15	36	6	18
N?AADB_STsN_JcFwB{?	15	37	6	15
N?AADB_STsN_JcVOB{?	15	36	6	18
N?AADB_STsN_N_BkB{?	15	36	6	16
N?AADB_STsVO^?BkB{?	15	36	6	16
N?AADB_SVoN_m_BkB{?	15	36	6	16
N?AADB_SVoTQ^?BkB{?	15	36	7	18
N?AADB_SVoVOJcVOB{?	15	36	6	17
N?AADB_VQyJgN_m_B{?	15	38	5	13
N?AADB_VQyVON_FwB{?	15	39	5	13
N?AADB_VRwJgm_FwB{?	15	39	5	13
N?AADB_VRwVOFwFwB{?	15	40	5	10
N?AADB_VTsFoFwFwB{?	15	40	4	10
N?AADB_\?Vjgm_FwB{?	15	38	5	14
N?AADB_\?VvON_VOB{?	15	37	6	16
N?AADB_\BwVOVOA{B{?	15	37	6	15
N?AADB_\FoVOVOA{B{?	15	37	7	16
N?AADB_^BwVOVOFwB{?	15	39	5	11
N?AADB_^DsFoVOFwB{?	15	39	5	12
N?AADB_k_NHi^?Fw^@?	15	37	6	16
N?AADB_kdsN_B[VOB{?	15	37	6	15
N?AADB_kdsN_RSFwB{?	15	38	7	15
N?AADB_kdsN_RSVOB{?	15	37	6	16
N?AADB_m`{FoVOFwB{?	15	39	4	11
N?AADB_m`{FoVOVOB{?	15	38	5	13
N?AADB_mdsFoVOFwB{?	15	39	5	10
N?AADB_mdsN_VOFwB{?	15	39	6	12
N?AADB_}DsFoVOFwB{?	15	39	6	12
N?AADBoRO^JgN_m_UQ?	15	37	6	17
N?AADbGKg]UO^?RTHi_	15	37	4	14
N?AADbGKg]UO^?^?Hi_	15	36	6	14
N?AADbGX?]ESec^?Hg_	15	34	6	20
N?AADb_RO^Bs^?m_UQ?	15	37	7	17
N?AADb_RTc~?N_BwBs?	15	37	6	17
N?AAF?e{EpN_m_Fo@y?	15	37	6	17
N?AAF@SBo}TSm_{CN_?	15	37	6	17
N?AAF@Sc`kBwigZC@N?	15	35	6	24
N?AAF@ScdTVOFoZCLa?	15	36	6	17
N?AAF@ScfoTSZCFoBw?	15	36	6	19
N?AAF@Sy?mtSm_FoN_?	15	37	6	17
N?AAF@cgbwFoFSegB[?	15	36	6	18
N?AAF@cgfoRSVCFoB[?	15	36	6	18
N?AAF@cgfoRSVCFoBw?	15	36	6	18
N?AAFBOZ@XFom_FoQR?	15	36	6	17
N?AAFBOZ@XVOm_FoAZ?	15	36	6	17
N?ABA_ge_NTGsG^?As_	15	33	5	21
N?ABA_ge_NTGsG^?Ic_	15	33	6	20
N?ABA_ge_NTGsG^?N_?	15	33	5	21
N?ABA_ge_NTGsG^?^@?	15	34	4	20
N?ABA_oebgTGqGBwP\?	15	34	4	19
N?ABA_oedQXC^?BwGf?	15	34	6	23
N?ABAaGedQ?{^?\G^?_	15	35	5	17
N?ABAaIHW{TGuC\GN_?	15	35	7	18
N?ABAaIHW{TGuC\G^??	15	35	7	18
N?ABAaQFawTG}?JWSJ?	15	35	7	20
N?ABAaQFbgTG}?JWPX?	15	35	7	22
N?ABAaQHW{TGZG}?ZA?	15	35	7	18
N?ABAaQT?]Lc}?iSDM?	15	35	7	19
N?ABAaQT?]Lc}?iSDk?	15	35	7	19
N?ABAaQT?]Lc}?iSTI?	15	35	7	18
N?ABAaQT?]N_}?iSDM?	15	35	8	19
N?ABAaQiPYBo}?ZGGF_	15	35	6	19
N?ABB?WEFoO]FoXK^??	15	34	5	18
N?ABB?WEFoRW^?wK?~?	15	35	5	18
N?ABB?WeF@?}^?eoKeG	15	35	5	18
N?ABB?WwGNN_^?eoBy?	15	36	6	14
N?ABB?WwGNN_^?eoRW?	15	35	7	17
N?ABB?WwGNN_^?eo^@?	15	36	5	16
N?ABB?WwGNN_eoFsBy?	15	37	4	14
N?ABB?WwGNN_eoFs^@?	15	37	6	15
N?ABB?WwJg?{aqFs^?_	15	36	6	17
N?ABBAOEF?n_@{eoLc?	15	33	6	19
N?ABBAOyFoLcDseo?~?	15	37	5	16
N?ABBAO{BXBweoB{@}?	15	38	5	14
N?ABBAO{CuRW^?B{Kd_	15	38	6	14
N?ABBAO}FoLceoFo?~?	15	38	6	13
N?ABBAWXNo^?Foes?|_	15	39	6	11
N?ABBAWeBH~?Fo@|RX?	15	38	5	14
N?AE@aoLaZ@{^?}?XI?	15	37	7	17
N?AE@aoqRgFoN_RW@\?	15	36	6	16
N?AE@aoqRgN_N_AyHk?	15	36	6	16
N?AEAGoqJg@smOMoPL?	15	34	7	18
N?AEAGoqJg@s}?Mo@\?	15	34	7	20
N?AEAGoqJg@s}?MoPL?	15	34	7	20
N?AEB?WwKq?{V?N_CTO	15	33	5	21
N?AEB?WwKq?{^?N_By?	15	35	5	17
N?AEB?WwKq?{^?N_Kd?	15	34	6	18
N?AEB?WwKq?{^?N_N_?	15	34	5	17
N?AEB?oeONXCN_^?^@?	15	35	5	17
N?AEB?oeQXEo}?BwXC_	15	34	7	20
N?AEB?oqKqEqBw^?^??	15	35	6	19
N?AEBAoeQXFO^?FoGe_	15	35	6	19
N?AFF?[FFo[E^?Fp?^O	15	40	6	10
N?BE@_o{@{FoqWB{@}?	15	39	6	11
N?BE@_o{@{FoqWB{WL_	15	39	5	13
N?BE@_o{@{FoqWqW@}?	15	38	6	16
N?BE@_o{FoFoqWB{?~?	15	39	5	15
N?BE@_o}@{^?qWBw?}_	15	39	5	15
N?BE@_wMEQFo@{o\^?O	15	38	5	14
N?`@?b_]DIQoQoFg?}?	15	33	7	21
N?`@?b_]DIQoQoFg@{?	15	33	6	21
N?`@?boNAsLG`o`o@{?	15	33	5	21
N?`@?boNAsLG`o`oN?W	15	34	4	19
N?`@?boNAsSgooBo?Fw	15	34	4	20
N?`@?boNAs[G`oBwBo_	15	34	6	21
N?`@?boNAs[G`oBwWY?	15	34	6	22
N?`@Cb_d_lDgQo]?LJ?	15	34	4	19
N?`@F?kQcKBwsglCN@?	15	35	7	26
