g6	n	m	Q	bip	dist	phi	tf	mtf
N???????????????^~w	15	14	15	0	0	111111111111110	1	1
N?????????????~~~~o	15	26	15	0	0	111111111111100	1	1
N???????????_?~~N~o	15	25	15	1	0	411111111111302	1	1
N???????????o?N~~~_	15	25	15	1	0	441111111111320	1	1
N???????????w?F~~~_	15	25	15	1	0	444111111111320	1	1
N???????????{?B~~~_	15	25	15	1	0	444411111111320	1	1
N???????????}?@~~~_	15	25	15	1	0	444441111111320	1	1
N???????????~??~~~_	15	25	15	1	0	111111444444230	1	1
N???????????~~~~^~_	15	36	15	0	0	111111111111000	1	1
N?????????O?~}~}N~_	15	34	15	1	0	411111111113002	1	1
N?????????W?N~N~^~?	15	33	15	2	0	331111111114002	1	1
N?????????W?N~~}^~?	15	34	15	1	0	441111111113200	1	1
N?????????W?o?~}F~o	15	26	15	2	0	331111111114420	1	1
N?????????[?F~F~^~?	15	32	15	2	0	333111111114002	1	1
N?????????[?F~~}^~?	15	34	15	1	0	444111111113200	1	1
N?????????[?w?F~~~?	15	27	15	2	0	444111111113320	1	1
N?????????]?B~B~^~?	15	31	15	2	0	333311111114002	1	1
N?????????]?B~~}^~?	15	34	15	1	0	444411111113200	1	1
N?????????]?{?B~~~?	15	28	15	2	0	444411111113320	1	1
N?????????^?@~@~^~?	15	30	15	2	0	333331111114002	1	1
N?????????^?@~~}^~?	15	34	15	1	0	444441111113200	1	1
N?????????^?}?@~~~?	15	29	15	2	0	444441111113320	1	1
N?????????^~~}~}^~?	15	44	15	0	0	111111111110000	1	1
N???????C?W?~{N~N~?	15	33	15	2	3	311111111144200	1	1
N???????C?[?F~^}^}?	15	33	15	2	3	444111111113200	1	1
N???????C?]?B~^}^}?	15	33	15	2	3	444411111113200	1	1
N???????C?^?@~^}^}?	15	33	15	2	3	444441111113200	1	1
N???????C?^}~{^}N~?	15	41	15	1	0	411111111130022	1	1
N???????C?^}~{~{N~?	15	41	15	1	0	411111111130002	1	1
N???????E?E@N}r|^}?	15	33	15	3	5	114411111143020	1	1
N???????E?F@p|N}^}?	15	33	15	3	5	114441111143200	1	1
N???????E?F`o|N}^}?	15	33	15	3	5	114444111143200	1	1
N???????E?F~N}N}^}?	15	39	15	2	0	331111111140002	1	1
N???????E?F~N}~{^}?	15	40	15	2	0	441111111132200	1	1
N???????E?F~~{~{^}?	15	41	15	1	0	441111111132000	1	1
N???????E?S?N}V|^}?	15	32	15	2	6	300000000022114	1	1
N???????E?U?R|N}^}?	15	32	15	2	6	414411111113200	1	1
N???????E?V?P|N}^}?	15	32	15	2	6	202220000003411	1	1
N???????E?V_O|N}^}?	15	32	15	2	6	020000222204311	1	1
N???????E?W?~{N~^}?	15	34	15	2	0	441111111133020	1	1
N???????E?[?N}F~^}?	15	33	15	3	3	222444444411003	1	1
N???????E?]?B~N}^}?	15	33	15	3	5	444411111113200	1	1
N???????E?^?@~N}^}?	15	33	15	3	5	444441111113200	1	1
N???????F?B`F}w|^}?	15	33	15	3	7	111444111143020	1	1
N???????F?Bpw\F}^}?	15	33	15	3	7	111444411123200	1	1
N???????F?B~F}F}^}?	15	37	15	3	0	333111111140002	1	1
N???????F?B~F}~{^}?	15	39	15	2	0	444111111132200	1	1
N???????F?B~~{~{^}?	15	41	15	1	0	444111111132000	1	1
N???????F?R?F}X|^}?	15	32	15	2	8	411441111143020	1	1
N???????F?R_W|F}^}?	15	32	15	2	8	411444111113200	1	1
N???????F?RoW\F}^}?	15	32	15	2	8	144111144412300	1	1
N???????F?Y?F}J|^}?	15	32	15	2	6	441111111133220	1	1
N???????F?Z?H|F}^}?	15	32	15	2	8	441111111133220	1	1
N???????F?[?F~F~^}?	15	34	15	3	0	333111111144002	1	1
N???????F?[?F~~{^}?	15	35	15	2	0	444111111133200	1	1
N???????F?[?w?~{B~o	15	29	15	3	0	000333333311142	1	1
N???????F?]?F}B~^}?	15	33	15	3	3	222244444411003	1	1
N???????F?^?@~F}^}?	15	33	15	3	5	444111111133220	1	1
N???????F_@xB}{L^}?	15	33	15	3	5	111144441123320	1	1
N???????F_@~B}B}^}?	15	35	15	3	0	333311111140002	1	1
N???????F_@~B}~{^}?	15	38	15	2	0	444411111132200	1	1
N???????F_@~~{~{^}?	15	41	15	1	0	444411111132000	1	1
N???????F_PoB}[\^}?	15	32	15	2	10	411144411123020	1	1
N???????F_Pw[LB}^}?	15	32	15	2	8	144411111132320	1	1
N???????F_X_B}K|^}?	15	32	15	2	10	441111111133220	1	1
N???????F_XoK\B}^}?	15	32	15	2	10	114411144412300	1	1
N???????F_\?B}D|^}?	15	32	15	2	6	444111111133220	1	1
N???????F_]?B~B~^}?	15	34	15	4	0	000033333311224	1	1
N???????F_]?B~~{^}?	15	36	15	2	0	444411111133200	1	1
N???????F_]?{?B~~}?	15	31	15	3	0	111133333300042	1	1
N???????F_^?B}@~^}?	15	33	15	3	3	222224444411003	1	1
N???????Fo?~~{~{^}?	15	41	15	1	0	111114444423000	1	1
N???????FoO{@}]D^}?	15	32	15	2	6	111114444123320	1	1
N???????FoWw@}ML^}?	15	32	15	2	10	111114441123320	1	1
N???????Fo^?@~@~^}?	15	34	15	4	0	111113333300442	1	1
N???????Fo^?@~~{^}?	15	37	15	2	0	444441111133200	1	1
N???????Fo^?}?@~~}?	15	33	15	3	0	111113333300042	1	1
N???????F~~}~{~{^}?	15	50	15	0	0	111111111100000	1	1
N??????_A?[?F~^{V|?	15	32	15	3	6	333000000002144	1	1
N??????_A?]?B~^{V|?	15	32	15	3	6	333300000002144	1	1
N??????_A?^?@~^{V|?	15	32	15	3	6	222220000003411	1	1
N??????_A?^{N}^{V|?	15	38	15	2	5	141111111130202	1	1
N??????_B?Q@F}Z|^{?	15	32	15	3	8	144111111134200	1	1
N??????_B?R@F}X|^{?	15	32	15	4	8	411441111143020	1	1
N??????_B?R`W|F}^{?	15	32	15	4	8	200222000023411	1	1
N??????_B?R|F}~wN}?	15	37	15	3	5	144111111132200	1	1
N??????_B?[?fyF~N}?	15	32	15	3	6	222444444411003	1	1
N??????_B?]?fyB~N}?	15	32	15	4	8	033000000022114	1	1
N??????_B?^?@~fyN}?	15	32	15	4	8	222220000003411	1	1
N??????_B_P`B}[|^{?	15	32	15	4	10	022200000032411	1	1
N??????_B_PpB}[\^{?	15	32	15	4	10	411144411123020	1	1
N??????_B_P|B}~wN}?	15	36	15	3	5	144411111132200	1	1
N??????_B_]?byB~N}?	15	32	15	4	6	222244444411003	1	1
N??????_B_^?by@~N}?	15	32	15	4	8	144411111133220	1	1
N??????_BoOx@}]L^{?	15	32	15	4	8	311113331104402	1	1
N??????_BoO|@}~wN}?	15	35	15	3	5	411114444423300	1	1
N??????_Bo^?`y@~N}?	15	32	15	4	6	144441111133220	1	1
N??????_E?GA~w^{F|_	15	32	15	3	5	441111111433002	1	1
N??????_E?KAfx~wF~?	15	32	15	3	7	441111111334002	1	1
N??????_E?MAbx~wF~?	15	32	15	3	8	022200000203411	1	1
N??????_E?V?P|~wF~?	15	32	15	3	8	202220000003411	1	1
N??????_E?V_O|~wF~?	15	32	15	3	8	020000222204311	1	1
N??????_E?^{N}^{N}?	15	39	15	2	4	441111111130200	1	1
N??????_E?^{~wN}N}?	15	39	15	2	3	441111111330020	1	1
N??????_F?BpW\F}^{?	15	32	15	4	10	333000000021214	1	1
N??????_F?B~F}^{^{?	15	38	15	3	3	333111111140022	1	1
N??????_F?B~^{^{^{?	15	39	15	2	4	444111111132000	1	1
N??????_F?B~^{~w^{?	15	39	15	2	4	444111111132000	1	1
N??????_F?KAFzF}^{?	15	32	15	4	6	222444444111003	1	1
N??????_F?KAFz~wN}?	15	33	15	3	5	444111111433200	1	1
N??????_F?KAF}fx^{?	15	32	15	3	8	144111111133220	1	1
N??????_F?MABzF}^{?	15	32	15	4	8	222244444211003	1	1
N??????_F?MAbxF}^{?	15	32	15	3	10	022200000203411	1	1
N??????_F?R?F}X|^{?	15	32	15	3	10	300000000222114	1	1
N??????_F?R_W|F}^{?	15	32	15	3	10	200222000003411	1	1
N??????_F?RoW\F}^{?	15	32	15	3	10	022000022204311	1	1
N??????_F?[?F~^{^{?	15	34	15	3	3	333111111144022	1	1
N??????_F_@~B}^{^{?	15	37	15	3	3	333311111140022	1	1
N??????_F_@~^{^{^{?	15	39	15	2	4	444411111132000	1	1
N??????_F_@~^{~w^{?	15	39	15	2	4	444411111132000	1	1
N??????_F_MABzB}^{?	15	32	15	4	6	222244444211003	1	1
N??????_F_MABz~wN}?	15	34	15	3	5	444411111433200	1	1
N??????_F_MAB}bx^{?	15	32	15	3	8	144411111133220	1	1
N??????_F_PoB}[\^{?	15	32	15	3	12	411144411123020	1	1
N??????_F_Pw[LB}^{?	15	32	15	3	10	144411111132320	1	1
N??????_F_]?B~~wN}?	15	35	15	3	3	444411111133200	1	1
N??????_Fo?~~w~wN}?	15	39	15	2	4	111114444423000	1	1
N??????_FoO{@}]D^{?	15	32	15	3	8	111114444123320	1	1
N??????_Fo^?@~~wN}?	15	36	15	3	3	111113333300422	1	1
N??????_F~^{~w^{N}?	15	46	15	1	0	411111111300022	1	1
N??????_F~^{~w~wN}?	15	46	15	1	0	411111111300002	1	1
N??????o@_@b{xN{X|?	15	32	15	4	10	000033000332144	1	1
N??????o@_@r{XN{X|?	15	32	15	5	10	000022200223411	1	1
N??????o@_@~N{ry^{?	15	36	15	4	8	114411111132020	1	1
N??????o@_EAB}rz^{?	15	32	15	3	8	113311111144002	1	1
N??????o@_FAB}pz^{?	15	32	15	4	10	114441111413020	1	1
N??????o@_FaB}oz^{?	15	32	15	5	10	114444111413020	1	1
N??????o@_]?B~N{X|?	15	32	15	4	10	333300000002144	1	1
N??????o@_^?@~N{X|?	15	32	15	5	10	222220000003411	1	1
N??????o@_`q{XryF}?	15	32	15	4	12	000022200203411	1	1
N??????o@_`y{HryF}?	15	32	15	4	12	222200002004311	1	1
N??????o@_f}ryN{^{?	15	38	15	3	5	441111111342020	1	1
N??????o@_f}ry~w^{?	15	39	15	3	6	114411111430200	1	1
N??????o@_{?BzF|^{?	15	32	15	4	8	222444444111003	1	1
N??????o@_{?F|ry^{?	15	33	15	4	7	444111111343200	1	1
N??????o@_}?B|Bz^{?	15	32	15	5	7	222244444111003	1	1
N??????o@_}?B|ryF}?	15	32	15	4	10	221144444121030	1	1
N??????o@_}?B|ry^{?	15	33	15	4	8	444411111343200	1	1
N??????o@o?zpy}HF}?	15	32	15	5	12	111114441423020	1	1
N??????o@o?~pyN{^{?	15	35	15	4	8	114441111132200	1	1
N??????o@oFA@}pz^{?	15	32	15	4	8	442224444211003	1	1
N??????o@oFa@}oz^{?	15	32	15	5	10	002220000033441	1	1
N??????o@oW`@}M|^{?	15	32	15	4	11	441114111323220	1	1
N??????o@oWp@}M\^{?	15	32	15	5	11	441114411323320	1	1
N??????o@o^?@~pyF}?	15	32	15	5	10	114441111133220	1	1
N??????o@o_ypy}HF}?	15	32	15	4	14	330000000233441	1	1
N??????o@o_|@{}@~{?	15	32	15	5	8	000002222043341	1	1
N??????o@o_|}@N{^{?	15	34	15	4	8	444441111432300	1	1
N??????o@o_|}@pyF}?	15	32	15	5	10	114441111432320	1	1
N??????o@o_}}@pyF}?	15	32	15	4	12	114441111132320	1	1
N??????o@o_}}@py^{?	15	33	15	4	11	444441111332300	1	1
N??????o@ofAN{pz^{?	15	35	15	4	5	114441111433020	1	1
N??????o@ov?@|Pz^{?	15	32	15	5	8	414441111133220	1	1
N??????o@ov?PzN{^{?	15	34	15	4	7	414441111433200	1	1
N??????o@ow|N{N{^{?	15	38	15	3	7	331111111432002	1	1
N??????o@ow|N{~w^{?	15	39	15	3	6	114441111432000	1	1
N??????o@ow|pyN{^{?	15	37	15	4	5	114441111432200	1	1
N??????o@o}?@zB|^{?	15	32	15	5	9	222200000333441	1	1
N??????o@o}?B|py^{?	15	33	15	4	10	444411111343200	1	1
N??????o@wc]oyv@^{?	15	33	15	4	13	441111444323300	1	1
N??????o@wfaozN{^{?	15	36	15	4	5	331111333100422	1	1
N??????o@ww\N{N{^{?	15	38	15	3	7	441111444123000	1	1
N??????o@ww\N{~w^{?	15	39	15	3	6	441111444123000	1	1
N??????o@~f}N{N{^{?	15	43	15	2	0	331111111400002	1	1
N??????o@~f}N{~w^{?	15	44	15	2	0	331111111400022	1	1
N??????o@~f}~w~w^{?	15	45	15	2	0	441111111322000	1	1
N??????o@~~{~w~w^{?	15	46	15	1	0	441111111320000	1	1
N??????oD?B~N{Vy^{?	15	37	15	3	6	333111111440002	1	1
N??????oD?EAF}Rz^{?	15	32	15	4	9	303000000222114	1	1
N??????oD?FAPzF}^{?	15	32	15	4	10	002220000203411	1	1
N??????oD?FaOzF}^{?	15	32	15	4	10	141111444142300	1	1
N??????oD?F}N{Vy^{?	15	37	15	3	6	441111111342200	1	1
N??????oD?F}Vy~w^{?	15	38	15	2	6	411111111332200	1	1
N??????oD?K?N{VyR{_	15	30	15	3	10	344111111443002	1	1
N??????oD_@~RyN{^{?	15	36	15	4	7	414411111132200	1	1
N??????oD_FAB}Pz^{?	15	32	15	5	10	242224444211003	1	1
N??????oD_H`B}K|^{?	15	32	15	5	12	141144111143020	1	1
N??????oD_HpK\B}^{?	15	32	15	5	12	114411144412300	1	1
N??????oD_H|N{N{^{?	15	37	15	3	8	414411111432000	1	1
N??????oD_H|N{~w^{?	15	38	15	2	7	414411111132000	1	1
N??????oD_H|RyN{^{?	15	36	15	3	6	414411111432200	1	1
N??????oD_M?RybxF}?	15	30	15	3	12	334411111433220	1	1
N??????oD_U?RzN{^{?	15	33	15	3	6	414411111133200	1	1
N??????oDo?~PyN{^{?	15	35	15	4	7	141114444423300	1	1
N??????oDoGx@}ML^{?	15	32	15	5	10	141114441123320	1	1
N??????oDoG|N{N{^{?	15	37	15	3	8	414441111132000	1	1
N??????oDoG|N{~w^{?	15	38	15	2	7	414441111132000	1	1
N??????oDoG|PyN{^{?	15	35	15	3	6	141114444123300	1	1
N??????oDoN?Py`xF}?	15	30	15	3	12	114441111133220	1	1
N??????oDoV?PzN{^{?	15	34	15	3	6	414441111133200	1	1
N??????oE?V?Px~wF~?	15	32	15	3	10	414441111113200	1	1
N??????oE?]?B~~wF~?	15	34	15	4	5	331111111444020	1	1
N??????oE?^?@~~wF~?	15	34	15	5	7	331111111444020	1	1
N??????oE?^{N}~wF~?	15	40	15	4	0	331111111442020	1	1
N??????oE?^{N}~w^{?	15	40	15	2	0	441111111330200	1	1
N??????oF?FA@zF}^{?	15	32	15	4	10	222444444111003	1	1
N??????oF?FApxF}^{?	15	33	15	4	9	000333333110424	1	1
N??????oF?FaoxF}^{?	15	33	15	4	10	003333333112124	1	1
N??????oF?F}F}F}^{?	15	38	15	3	3	333111111440002	1	1
N??????oF?F}F}~w^{?	15	39	15	3	3	331111111440022	1	1
N??????oF?F}N{F}^{?	15	38	15	3	4	331111111440002	1	1
N??????oF?Y?F}J|^{?	15	33	15	4	6	331111111444002	1	1
N??????oF?Z?H|F}^{?	15	33	15	4	8	003333333111224	1	1
N??????oF?[?N{~wB~_	15	34	15	4	4	333111111444020	1	1
N??????oF_@~B}N{^{?	15	37	15	4	5	333311111440002	1	1
N??????oF_@~N{N{^{?	15	38	15	3	6	441111111332220	1	1
N??????oF_@~N{~w^{?	15	39	15	3	5	441111111332200	1	1
N??????oF_X_B}K|^{?	15	33	15	4	10	441111111333220	1	1
N??????oF_XoK\B}^{?	15	33	15	4	12	444411111330420	1	1
N??????oF_]?B~N{^{?	15	35	15	4	5	444411111133200	1	1
N??????oFo^?@~N{^{?	15	36	15	4	5	444441111133200	1	1
N??????w?w?^FcwY~{?	15	32	15	5	10	000222200430341	1	1
N??????w?w?^F{wy^{?	15	34	15	4	11	111444111132020	1	1
N??????w?w?^~@F{[\?	15	32	15	5	14	111111333004022	1	1
N??????w?wBa?}wz^{?	15	32	15	4	9	000333000122114	1	1
N??????w?wa]z@wy^{?	15	34	15	4	10	444144111342300	1	1
N??????w?wb}wyF{^{?	15	37	15	4	7	333111111400202	1	1
N??????w?wb}wy~w^{?	15	39	15	3	7	111444111230200	1	1
N??????w?wz?@|Gz^{?	15	32	15	5	11	114114444222330	1	1
N??????w?w}?wyB|^{?	15	34	15	4	9	444411111343020	1	1
N??????w?{bMwYx`^{?	15	34	15	4	10	444111111322330	1	1
N??????w?{bqF{wZ^{?	15	36	15	5	5	333111133400042	1	1
N??????w?{{LF{F{^{?	15	37	15	4	6	444111111323220	1	1
N??????w?{{LF{~w^{?	15	39	15	3	5	444111111323200	1	1
N??????w?~b}F{F{^{?	15	40	15	3	0	333111111400002	1	1
N??????w?~b}F{~w^{?	15	42	15	3	0	333111111400022	1	1
N??????w?~b}~w~w^{?	15	44	15	2	0	444111111322000	1	1
N??????w?~~{~w~w^{?	15	46	15	1	0	444111111320000	1	1
N??????wCo?~F{Xy^{?	15	35	15	4	10	444111111312200	1	1
N??????wCoBa@}Wz^{?	15	32	15	5	12	200220000033441	1	1
N??????wCoBqWZ@}^{?	15	32	15	5	13	444111144322320	1	1
N??????wCoB}XyF{^{?	15	36	15	3	8	444111111342020	1	1
N??????wCoB}Xy~w^{?	15	38	15	2	9	411441111430200	1	1
N??????wCoN?`xF{K|?	15	30	15	3	16	222224444111000	1	1
N??????wCwK\F{F{^{?	15	36	15	3	10	444111111300220	1	1
N??????wCwK\F{~w^{?	15	38	15	2	9	411444111132000	1	1
N??????wCwK\WyF{^{?	15	35	15	3	8	144111444123300	1	1
N??????wCwO[Wy^@B}?	15	30	15	3	16	111444111132230	1	1
N??????wCwR_F{Wz^{?	15	34	15	3	8	133111333300242	1	1
N??????wE_@~F{Jy^{?	15	36	15	4	6	444411111332220	1	1
N??????wE_B}F{Jy^{?	15	36	15	3	7	333111111440002	1	1
N??????wE_B}Jy~w^{?	15	38	15	2	6	220000000334411	1	1
N??????wE_[?JyF|^{?	15	33	15	3	7	333111111444002	1	1
N??????wEo?~HyF{^{?	15	35	15	4	8	444441111332220	1	1
N??????wEoC|F{F{^{?	15	36	15	3	9	333111111440002	1	1
N??????wEoC|F{~w^{?	15	38	15	2	8	441111111332200	1	1
N??????wEoC|HyF{^{?	15	35	15	3	8	114114444123300	1	1
N??????wEoZ?HzF{^{?	15	34	15	3	8	441441111133200	1	1
N??????wF?BbwxF}^{?	15	35	15	5	7	444111111332020	1	1
N??????wF?B~F}F}^{?	15	39	15	3	0	333111111440002	1	1
N??????wF?B~F}~w^{?	15	40	15	4	0	444111111332200	1	1
N??????wF?B~~w~w^{?	15	41	15	2	0	444111111332000	1	1
N??????wF?R?XxF}^{?	15	33	15	3	8	444111111331020	1	1
N??????wF?R_WxF}^{?	15	33	15	3	10	000333333113424	1	1
N??????wF?Z?HxF}^{?	15	33	15	3	9	000333333111224	1	1
N??????wF?[?~wF~^{?	15	36	15	3	0	444111111333020	1	1
N??????wF?]?F}B~^{?	15	35	15	4	3	222444444111003	1	1
N??????wF?^?@~F}^{?	15	35	15	5	5	444111111333220	1	1
N??????wF_BqwXB}^{?	15	34	15	4	8	444111111332320	1	1
N??????wF_B}B}B}^{?	15	37	15	4	3	333311111440002	1	1
N??????wF_B}B}~w^{?	15	39	15	3	3	444111111332200	1	1
N??????wF_B}F{B}^{?	15	37	15	4	4	333111111440002	1	1
N??????wF_\?B}D|^{?	15	34	15	4	6	222444444111003	1	1
N??????wF_]?F{B~^{?	15	35	15	4	4	222244444111003	1	1
N??????wFo^?@~F{^{?	15	36	15	4	6	444441111333200	1	1
N??????{?]`}{I~w^{?	15	39	15	3	3	444411111322300	1	1
N??????{?^`}~w~w^{?	15	43	15	2	0	444411111322000	1	1
N??????{?^~{~w~w^{?	15	46	15	1	0	444411111320000	1	1
N??????{C[@}B{[Y^{?	15	35	15	3	9	111144444233300	1	1
N??????{C[@}[Y~w^{?	15	38	15	2	8	144411111322300	1	1
N??????{EW@}B{Ky^{?	15	35	15	3	10	333311111420022	1	1
N??????{EW@}Ky~w^{?	15	38	15	2	10	441111111332200	1	1
N??????{EWF_B{KyW[_	15	30	15	3	18	222222444111000	1	1
N??????{FO?~B{Dy^{?	15	35	15	4	6	444442222001113	1	1
N??????{FO@}B{Dy^{?	15	35	15	3	7	333311111440002	1	1
N??????{FO@}Dy~w^{?	15	38	15	2	6	444111111332200	1	1
N??????{FO]?DyB|^{?	15	34	15	3	7	444411111333220	1	1
N??????{F_@~B}B}^{?	15	38	15	4	0	333300000221114	1	1
N??????{F_@~B}~w^{?	15	40	15	4	0	444411111332200	1	1
N??????{F_@~~w~w^{?	15	42	15	2	0	444411111332000	1	1
N??????{F_Po[XB}^{?	15	34	15	3	9	444411111332320	1	1
N??????{F_X_KxB}^{?	15	34	15	3	10	444411111330020	1	1
N??????{F_]?B~B~^{?	15	37	15	4	0	000033333111224	1	1
N??????{F_]?B~~w^{?	15	38	15	3	0	444411111333200	1	1
N??????{F_]?{?~w@~o	15	34	15	4	0	000033333111142	1	1
N??????{F_^?B}@~^{?	15	36	15	5	3	222244444111003	1	1
N??????{Fo^?B{@~^{?	15	36	15	4	4	444441111333220	1	1
N??????}Fo^?@~~w^{?	15	40	15	3	0	111113333000422	1	1
N??????}Fo^?}?@~~{?	15	37	15	4	0	111113333000042	1	1
N??????~~~^{~w~w^{?	15	54	15	0	0	111111111000000	1	1
N????A?O@?^wN{VyRz?	15	35	15	3	10	114111111130022	1	1
N????A?O@_XxB}^wVy?	15	34	15	4	10	114411111132200	1	1
N????A?O@oWx@}^wVy?	15	33	15	4	10	114441111132200	1	1
N????A?OF?B~F}^wVy?	15	37	15	3	6	333111111140022	1	1
N????A?OF?B~^w^wVy?	15	37	15	3	8	431111111440220	1	1
N????A?OF?B~^wnsF}?	15	37	15	3	8	333111111140220	1	1
N????A?OF?CEFr^wVy?	15	31	15	4	10	444111114433200	1	1
N????A?OF?^wF}^wVy?	15	37	15	3	8	333111111142022	1	1
N????A?OF_@~B}^wVy?	15	36	15	4	6	333311111140022	1	1
N????A?OF_@~^w^wVy?	15	37	15	3	8	444411111132000	1	1
N????A?OF_@~^wnsF}?	15	37	15	3	8	444411111132000	1	1
N????A?OF_@~~o^wVy?	15	37	15	3	8	444411111132000	1	1
N????A?OF_EEBr^wVy?	15	32	15	4	10	444411114433200	1	1
N????A?OF_]?^wns@~_	15	34	15	4	6	444411111133002	1	1
N????A?OFo?~^wnsN{?	15	37	15	3	8	111114444423000	1	1
N????A?OFo?~^wns^w?	15	37	15	3	8	111114444423000	1	1
N????A?OFo^?@~^wVy?	15	35	15	4	6	111113333300422	1	1
N????A?OF}F}^wns^w?	15	42	15	2	6	441111113302000	1	1
N????A?W?oOzF{Xy^w?	15	33	15	5	13	111441111132020	1	1
N????A?W?wOZWyF{^w?	15	32	15	5	13	111444111132200	1	1
N????A?WB?]?fuB~N{?	15	33	15	4	8	133111111444002	1	1
N????A?WB?^?@~^wRz?	15	33	15	5	10	144111111333202	1	1
N????A?WB?^wfu^wB~?	15	37	15	5	5	133111111442020	1	1
N????A?WC_b}F{Zy^w?	15	36	15	4	8	444111111342200	1	1
N????A?WC_b}ZyZy^w?	15	37	15	3	8	311311111342002	1	1
N????A?WC_b}Zy^w^w?	15	37	15	3	10	144111111342000	1	1
N????A?WC_b}Zy~o^w?	15	37	15	4	10	444111111342000	1	1
N????A?WC_mCBrF{^w?	15	31	15	4	13	444411114433200	1	1
N????A?WC_ryF{~oL|?	15	36	15	4	9	144111111342200	1	1
N????A?WC_{?~oZyB}_	15	33	15	5	9	444111111343002	1	1
N????A?WCob}F{Xy^w?	15	36	15	4	10	444111111342200	1	1
N????A?WCob}XyXy^w?	15	36	15	4	8	311331111342002	1	1
N????A?WCob}Xy^w^w?	15	37	15	4	10	411441111430200	1	1
N????A?WCob}Xy~o^w?	15	37	15	4	10	411441111430200	1	1
N????A?WCorAF{Xz^w?	15	34	15	5	8	411441111433020	1	1
N????A?WCoryF{Xy^w?	15	36	15	4	11	411441111430020	1	1
N????A?WCwk\F{F{^w?	15	36	15	4	11	144111444123000	1	1
N????A?WCwk\F{^w^w?	15	37	15	4	10	144111444123000	1	1
N????A?WCwk\F{fs^w?	15	36	15	4	11	144111444123000	1	1
N????A?WCwk\F{~o^w?	15	37	15	4	10	144111444323000	1	1
N????A?WCwraF{Wz^w?	15	35	15	5	8	133111333100242	1	1
N????A?WC}b}~o~oN{?	15	41	15	3	6	144111111322000	1	1
N????A?WC}ryF{^w^w?	15	40	15	3	6	133111111400022	1	1
N????A?WF?KC~oF}Ry_	15	33	15	4	8	133111111444200	1	1
N????A?WF?MCbtF}^w?	15	33	15	5	10	300333333111224	1	1
N????A?WF?NC`tF}^w?	15	33	15	5	12	133111111444002	1	1
N????A?WF?RAXxF}^w?	15	33	15	5	11	000333333110424	1	1
N????A?WF?RyF}F}N{?	15	37	15	3	6	333111111440002	1	1
N????A?WF?RyF}^wN{?	15	37	15	4	7	133111111440022	1	1
N????A?WF?RyF}~oN{?	15	37	15	4	7	133111111440022	1	1
N????A?WF?RyfsF}N{?	15	36	15	4	8	133111111440002	1	1
N????A?WF_RyB}B}N{?	15	36	15	4	8	333311111440002	1	1
N????A?WF_RyB}F{N{?	15	36	15	4	9	333111111440002	1	1
N????A?WF_RyB}^wN{?	15	37	15	4	9	144111111332200	1	1
N????A?WF_RyB}~oN{?	15	37	15	4	9	144111111332200	1	1
N????A?WF_RyfsB}N{?	15	36	15	4	10	144111111332220	1	1
N????A?WF_]?fsB~N{?	15	34	15	5	8	444411111133020	1	1
N????A?WFo^?@~fsN{?	15	35	15	5	8	111113333300422	1	1
N????A?[B_Pb[xB}^w?	15	34	15	5	10	144411111332020	1	1
N????A?[B_PzB}~oN{?	15	37	15	5	5	144411111332200	1	1
N????A?[B_]?buB~N{?	15	34	15	4	6	422244444111003	1	1
N????A?[B_^?bu@~N{?	15	34	15	5	8	144411111333220	1	1
N????A?[CW`}B{[y^w?	15	35	15	5	10	111144444213300	1	1
N????A?[CW`}[y[y^w?	15	36	15	4	10	411144111230220	1	1
N????A?[CW`}[y^w^w?	15	37	15	4	11	144411111322000	1	1
N????A?[CW`}[y~o^w?	15	37	15	4	10	411144113233200	1	1
N????A?[CWpyB{[y^w?	15	35	15	5	11	411144444213300	1	1
N????A?[CW}?[yB|^w?	15	34	15	5	11	444411111343020	1	1
N????A?[C[`}B{[Y^w?	15	35	15	5	10	133311111400042	1	1
N????A?[C[mLB{^w^w?	15	37	15	4	9	144411111323200	1	1
N????A?[C[mLB{~o^w?	15	37	15	4	9	144411111323200	1	1
N????A?[C[pyB{[Y^w?	15	35	15	5	9	411144441233320	1	1
N????A?[C]`}~o~oN{?	15	40	15	3	6	144411111322000	1	1
N????A?[C]pyB{^w^w?	15	38	15	4	6	411144441233300	1	1
N????A?[F_MCB}bt^w?	15	34	15	5	8	422244444111003	1	1
N????A?[F_NC`tB}^w?	15	34	15	5	10	144411111333220	1	1
N????A?[F_PyB}B}N{?	15	36	15	4	6	333311111440002	1	1
N????A?[F_PyB}^wN{?	15	37	15	4	7	144411111332200	1	1
N????A?[F_PyB}~oN{?	15	37	15	4	7	144411111332200	1	1
N????A?[F_PybsB}N{?	15	35	15	5	8	144411111332220	1	1
N????A?[F_]?bsB~N{?	15	34	15	4	7	222244444111003	1	1
N????A?[Fo^?bs@~N{?	15	35	15	5	9	111113333000242	1	1
N????A?]BoOz@}~oN{?	15	37	15	5	5	411114444223300	1	1
N????A?]Bo^?`u@~N{?	15	35	15	5	6	311113333000442	1	1
N????A?]CM~?}?@|n{?	15	35	15	5	7	111113333040042	1	1
N????A?oA@^w^wNuFz?	15	37	15	4	5	441111114330022	1	1
N????A?oA@^w^wNuF}?	15	37	15	3	7	441111111330022	1	1
N????A?oA@^w~oN{Vx?	15	37	15	3	6	441111113330020	1	1
N????A?oB@RxFu~oF}?	15	36	15	4	9	144111114132200	1	1
N????A?oB@Rxfq~oF}?	15	36	15	4	8	433111113340002	1	1
N????A?oB@Rx~oN{F}?	15	37	15	4	7	441111113340022	1	1
N????A?oB@Rx~o^wF}?	15	37	15	3	9	344111114432000	1	1
N????A?oB@Rx~o~oF}?	15	37	15	3	8	441111113330002	1	1
N????A?oB`MCbr~oF}?	15	34	15	4	8	144411114133200	1	1
N????A?oB`PxBu~oF}?	15	35	15	5	9	133311113140022	1	1
N????A?oB`Pxbq~oF}?	15	35	15	4	8	133311113340022	1	1
N????A?oB`Px~oN{F}?	15	37	15	4	9	331111114432200	1	1
N????A?oB`Px~o^wF}?	15	37	15	3	10	344411114432000	1	1
N????A?oB`Px~o~oF}?	15	37	15	3	10	144411114132000	1	1
N????A?oDo?~PyN{^w?	15	35	15	5	9	141114444423300	1	1
N????A?oDoFAPz~oF}?	15	34	15	5	9	414441111433200	1	1
N????A?oDoG|Py~oF}?	15	35	15	4	8	141114444123300	1	1
N????A?oDoG|~oN{F}?	15	37	15	4	10	414441111132000	1	1
N????A?oDoG|~o^wF}?	15	37	15	3	10	414441111132000	1	1
N????A?oDoG|~o~oF}?	15	37	15	3	10	411111113332002	1	1
N????A?oDoOwPy]HF}?	15	31	15	4	15	244441111132230	1	1
N????A?oDoV?Pz~oF}?	15	34	15	4	8	131113333300422	1	1
N????A?oF?KC~oFvF}?	15	33	15	5	9	333111111444200	1	1
N????A?oF?^wF}^wF}?	15	38	15	4	6	331111111442020	1	1
N????A?oF_@~N{~oN{?	15	38	15	4	8	331111111440022	1	1
N????A?oF_EEB}rpN{?	15	33	15	5	12	031133331110242	1	1
N????A?oF_MCBv~oF}?	15	34	15	5	9	444411114133200	1	1
N????A?oFo?~~oN{N{?	15	38	15	4	9	311114444423000	1	1
N????A?oFoWw@}MLN{?	15	33	15	5	15	114441114202230	1	1
N????A?oF}F}^w^wN{?	15	43	15	2	5	441111111302000	1	1
N????A?oF}^wN{N{N{?	15	43	15	3	3	331111114422000	1	1
N????A?oF}^wN{^wN{?	15	43	15	2	4	411111113300222	1	1
N????A?oF}^w~oN{N{?	15	43	15	2	3	411111113300022	1	1
N????A?w?pb}xq~oN{?	15	38	15	4	10	311441114230200	1	1
N????A?w?x{XF{^w^w?	15	38	15	4	8	444111111323200	1	1
N????A?w?~b}F{~oN{?	15	41	15	3	3	333111111400022	1	1
N????A?w?~b}^w^w^w?	15	42	15	3	4	444111111322000	1	1
N????A?w?~b}^w~o^w?	15	42	15	3	4	444111111322000	1	1
N????A?w?~n{^w^w^w?	15	43	15	2	5	444111111320000	1	1
N????A?w?~n{^w~o^w?	15	43	15	2	5	444111111320000	1	1
N????A?w?~n{~o~o^w?	15	43	15	2	4	444111113320000	1	1
N????A?wA`B}jq~oN{?	15	37	15	3	11	341411114430200	1	1
N????A?wApSxF{^w^w?	15	37	15	3	12	341441114432000	1	1
N????A?wB@BzFuF{^w?	15	36	15	4	6	333111113440002	1	1
N????A?wB@BzFu~oN{?	15	37	15	5	5	444111114332200	1	1
N????A?wB@BzF{F{^w?	15	36	15	4	7	333111111440002	1	1
N????A?wB@BzF{^w^w?	15	37	15	4	7	444111111332200	1	1
N????A?wB@BzF{fq^w?	15	36	15	4	8	444111114332220	1	1
N????A?wB@BzF{~o^w?	15	37	15	4	6	444111113332200	1	1
N????A?wB@Bz~o~oN{?	15	38	15	3	6	444111114332000	1	1
N????A?wB@B}F{fqN{?	15	36	15	4	9	444111111332220	1	1
N????A?wB@B}F{fq^w?	15	36	15	4	8	444111113342200	1	1
N????A?wB@B}fq~oN{?	15	37	15	3	9	144111111332200	1	1
N????A?wB@B}fq~o^w?	15	37	15	3	8	444111113332000	1	1
N????A?wB`@zBuF{^w?	15	35	15	5	8	333311113440002	1	1
N????A?wB`@zF{F{^w?	15	36	15	4	9	333111111440002	1	1
N????A?wB`@zF{^w^w?	15	37	15	4	9	333111111440022	1	1
N????A?wB`@zF{~o^w?	15	37	15	4	8	444111113332200	1	1
N????A?wB`MCBvF{^w?	15	34	15	5	10	222244442111003	1	1
N????A?wB`MCF{br^w?	15	34	15	4	10	022200002033141	1	1
N????A?wB`PxBuF{^w?	15	35	15	5	10	444411114332220	1	1
N????A?wB`PxF{F{^w?	15	36	15	4	10	444111113340220	1	1
N????A?wB`PxF{^w^w?	15	37	15	3	11	022000000334411	1	1
N????A?wB`PxF{~o^w?	15	37	15	3	10	444111113330200	1	1
N????A?wB`PxbqF{^w?	15	35	15	4	10	133311113340022	1	1
N????A?wCo?~F{Xy^w?	15	35	15	5	12	444111111312200	1	1
N????A?wCoB}XyF{^w?	15	36	15	4	10	444111111342020	1	1
N????A?wCoB}Xy~oN{?	15	37	15	3	12	411441111430200	1	1
N????A?wCoB}Xy~o^w?	15	37	15	3	10	411111113332200	1	1
N????A?wCw?^WyF{^w?	15	34	15	5	12	144111444423300	1	1
N????A?wCwK\F{F{^w?	15	36	15	4	12	444111113300220	1	1
N????A?wCwK\F{^w^w?	15	37	15	3	12	411444111132000	1	1
N????A?wCwK\F{~o^w?	15	37	15	3	12	222000003311411	1	1
N????A?wCwK\WyF{^w?	15	35	15	4	10	144111444123300	1	1
N????A?wCwR_F{Wz^w?	15	34	15	4	10	133111333300242	1	1
N????A?wE_B}Jy~oN{?	15	37	15	3	9	220000000334411	1	1
N????A?wEoC|F{^w^w?	15	37	15	3	11	220000000334411	1	1
N????A?wF?B~F}^w^w?	15	39	15	5	3	444111111332200	1	1
N????A?wF?B~^w^w^w?	15	39	15	3	4	444111111332000	1	1
N????A?wF?B~^w~o^w?	15	39	15	3	4	444111111332000	1	1
N????A?wF?KC^w~oBz_	15	34	15	4	6	111444441222003	1	1
N????A?wF?KCfp^wBz_	15	33	15	4	8	333111113444020	1	1
N????A?wF?KCfp^wB~?	15	33	15	4	9	000333333111242	1	1
N????A?wF?MCBvF}^w?	15	34	15	5	8	222444441111003	1	1
N????A?wF?MCbpF}^w?	15	33	15	4	10	444111113333020	1	1
N????A?wF?NC@vF}^w?	15	34	15	6	10	444111111330220	1	1
N????A?wF_@~F{~oN{?	15	38	15	4	6	444111111332200	1	1
N????A?wF_MCBvF{^w?	15	34	15	5	9	444411111333220	1	1
N????A?{?\`}{Q~oN{?	15	38	15	4	6	444411111322300	1	1
N????A?{?^`}^w^w^w?	15	41	15	3	4	111144444233000	1	1
N????A?{?^`}^w~o^w?	15	41	15	3	4	444411111322000	1	1
N????A?{?^n{^w^w^w?	15	43	15	2	5	444411111320000	1	1
N????A?{?^n{^w~o^w?	15	43	15	2	5	444411111320000	1	1
N????A?{?^n{~o~o^w?	15	43	15	2	5	444411111320000	1	1
N????A?{AX@}kq~oN{?	15	37	15	3	11	414411111322300	1	1
N????A?{BP@}dq~oN{?	15	37	15	3	13	144111111332200	1	1
N????A?{B`@z~o~oN{?	15	39	15	3	6	444411114332000	1	1
N????A?{B`@}Bu^w^w?	15	37	15	4	7	111144441223300	1	1
N????A?{B`@}Bubq^w?	15	35	15	5	8	333311113440002	1	1
N????A?{B`@}Bu~o^w?	15	37	15	4	7	444411111332200	1	1
N????A?{B`@}B{bqN{?	15	35	15	4	9	333311111440002	1	1
N????A?{B`@}B{bq^w?	15	35	15	4	9	333311111440002	1	1
N????A?{B`@}bq~oN{?	15	37	15	3	9	144411111332200	1	1
N????A?{B`@}bq~o^w?	15	37	15	3	9	144411111332200	1	1
N????A?{C[@}B{[Y^w?	15	35	15	4	11	111144444233300	1	1
N????A?{C[@}[Y~oN{?	15	37	15	3	11	144411111322300	1	1
N????A?{C[@}[Y~o^w?	15	37	15	3	11	144411111322300	1	1
N????A?{EW@}Ky~oN{?	15	37	15	3	13	441111111332200	1	1
N????A?{FO@}Dy~oN{?	15	37	15	3	9	444111111332200	1	1
N????A?{F_@~B}~oN{?	15	39	15	5	3	444411111332200	1	1
N????A?{F_@~~o^wN{?	15	40	15	3	4	444411111332000	1	1
N????A?{F_@~~o~oN{?	15	40	15	3	4	444411111332000	1	1
N????A?{F_MCBv^w^w?	15	36	15	4	6	444411111333200	1	1
N????A?{F_MCB}Bv^w?	15	35	15	5	6	222244444111003	1	1
N????A?{F_MCbpBvN{?	15	34	15	5	8	444411114333220	1	1
N????A?{F_MCbpB}N{?	15	34	15	4	9	444411111333220	1	1
N????A?{F_MCbpB}^w?	15	34	15	4	9	444411111333220	1	1
N????A?{F_NC@vB}^w?	15	35	15	5	8	111133333000442	1	1
N????A?{F_Po[XB}^w?	15	34	15	4	11	444411111332320	1	1
N????A?{F_]?B~^w^w?	15	37	15	4	3	000033333111244	1	1
N????A?}Fo^?@~^w^w?	15	39	15	4	3	111113333000422	1	1
N????A?~v}^w^w^wN{?	15	49	15	1	0	411111113000222	1	1
N????A?~v}^w~o^wN{?	15	49	15	1	0	411111113000022	1	1
N????A?~v}^w~o~oN{?	15	49	15	1	0	411111113000002	1	1
N????B?K?W?^Nwrs]X?	15	32	15	5	16	111144111132002	1	1
N????B?K?W@}Kyou^w?	15	32	15	6	16	111144111130220	1	1
N????B?K?X`}{qNwXy?	15	35	15	5	13	111133113344022	1	1
N????B?K?X}XNwrsF{?	15	36	15	5	12	441111113440202	1	1
N????B?K?X}XNwrs^w?	15	37	15	4	12	111144114432000	1	1
N????B?K?X}X{qNwXy?	15	36	15	4	10	111133113340022	1	1
N????B?K?[?N{QNwXy?	15	31	15	4	16	111144411132200	1	1
N????B?K?[ELoUB{^w?	15	31	15	5	16	444411144423300	1	1
N????B?K?\`uNwrs]H_	15	35	15	5	10	333311131100224	1	1
N????B?K?\}HB{NwXy?	15	35	15	5	12	333311131104022	1	1
N????B?K?\}HNwrsF{?	15	36	15	5	13	444411141323000	1	1
N????B?K?\}HNwrs^w?	15	37	15	5	12	444411113323000	1	1
N????B?K?^`}Nwrs^w?	15	38	15	4	10	333311114400002	1	1
N????B?K?^f{rsNw^w?	15	39	15	4	9	331111114100202	1	1
N????B?K?^f{rs~o^w?	15	40	15	4	9	114411111320200	1	1
N????B?K@`@eNw{pXz?	15	33	15	6	13	330033330110442	1	1
N????B?K@`@u{PNwXz?	15	33	15	6	14	113311111440420	1	1
N????B?K@`@}B{ru^w?	15	35	15	4	10	444411113142200	1	1
N????B?K@`@}Nwru^w?	15	36	15	5	10	113311111440202	1	1
N????B?K@`@}ruru^w?	15	37	15	3	8	113311113440002	1	1
N????B?K@`@}ru~o^w?	15	37	15	5	9	113311110440022	1	1
N????B?K@`WAB{Br^w?	15	30	15	4	14	444411113333220	1	1
N????B?K@`]?B|ru^w?	15	34	15	5	11	444411113143200	1	1
N????B?K@`]?NwB|Xz?	15	33	15	5	12	113311111444200	1	1
N????B?K@p@}B{pu^w?	15	35	15	5	12	444411113142200	1	1
N????B?K@p@}puNw^w?	15	36	15	5	12	002200000334411	1	1
N????B?K@p@}pupu^w?	15	36	15	4	10	114441114130220	1	1
N????B?K@p@}purs^w?	15	36	15	4	11	114411114332220	1	1
N????B?K@p@}pu~o^w?	15	37	15	5	10	114441112332200	1	1
N????B?K@pFCB{pv^w?	15	34	15	5	10	003330003022414	1	1
N????B?K@p]?B|pu^w?	15	34	15	6	13	444411113143200	1	1
N????B?K@xFcB{ov^w?	15	35	15	5	10	114444114133020	1	1
N????B?K@xWZB{B{^w?	15	35	15	5	14	111144444201330	1	1
N????B?K@xWZB{Nw^w?	15	36	15	5	13	441111441223000	1	1
N????B?K@xWZB{~o^w?	15	37	15	5	11	441111443223000	1	1
N????B?KF_@~B}NwXy?	15	36	15	4	10	333311111140022	1	1
N????B?KF_@~NwrsF{?	15	36	15	5	12	114411111332020	1	1
N????B?KF_@~Nwrs^w?	15	37	15	5	10	444411113332000	1	1
N????B?KF_FcotB}^w?	15	34	15	6	15	111133330002242	1	1
N????B?KF_]?Nwrs@~_	15	34	15	4	10	111133330000224	1	1
N????B?KFo^?@~NwXy?	15	35	15	5	10	111113333300422	1	1
N????B?KG\@qNwrs]H_	15	34	15	6	13	111144414433002	1	1
N????B?KG\WJ{QrsF{?	15	34	15	6	13	113333310140024	1	1
N????B?KG\]HrsNwF{?	15	36	15	4	12	441111113420022	1	1
N????B?KG\]HrsNw^w?	15	37	15	4	13	111144412132000	1	1
N????B?KG\]HrsrsF{?	15	36	15	5	12	443311113423002	1	1
N????B?KG\]H{QNwXy?	15	35	15	5	12	444411141123300	1	1
N????B?KG^@{Bs{B~w?	15	35	15	5	8	333311114300042	1	1
N????B?KHXYXrsNw^w?	15	37	15	4	13	114111114332200	1	1
N????B?KHpF{purs^w?	15	38	15	5	8	442224442113003	1	1
N????B?KHpXApuLx^w?	15	35	15	6	12	331113331001422	1	1
N????B?KHxE[ourD^w?	15	35	15	6	13	441111113422330	1	1
N????B?KHxWZNwrs^w?	15	38	15	5	10	114411114332020	1	1
N????B?KH~XyNwNw^w?	15	41	15	3	5	331111114302002	1	1
N????B?KH~XyNwrs^w?	15	41	15	4	7	334411114302020	1	1
N????B?KH~XyNw~o^w?	15	42	15	3	6	441111113420200	1	1
N????B?KH~Xy~o~o^w?	15	43	15	3	7	114411112302000	1	1
N????B?KLOIxNwrs^w?	15	36	15	4	14	414141114332000	1	1
N????B?KLWIXNwrs^w?	15	36	15	4	15	141411441123000	1	1
N????B?KN?@zBuFy^w?	15	35	15	5	10	333111114140002	1	1
N????B?KN?@zFyFy^w?	15	36	15	4	8	333111114340002	1	1
N????B?KN?@zFyNw^w?	15	36	15	4	10	222000003234441	1	1
N????B?KN?@zFyrs^w?	15	36	15	5	10	222000003034411	1	1
N????B?KN?@zFy~o^w?	15	37	15	5	8	444111113332200	1	1
N????B?KN?B|Fyrs^w?	15	37	15	5	7	444111113432200	1	1
N????B?KN?B|Nwrs^w?	15	37	15	4	9	441111113432200	1	1
N????B?KN?B|rsrs^w?	15	37	15	4	9	444111113432000	1	1
N????B?KN?B|rs~o^w?	15	38	15	4	8	444111113432000	1	1
N????B?KN?U?FyRt^w?	15	33	15	5	13	222000003230411	1	1
N????B?KN?]?FyBv^w?	15	34	15	6	10	222244441111003	1	1
N????B?KNOA|rsNw^w?	15	37	15	4	11	441111113432020	1	1
N????B?KN_@|BuNwXy?	15	35	15	5	12	333311114340002	1	1
N????B?KN_@|BuNw^w?	15	36	15	5	10	111144442223300	1	1
N????B?KN_@|Bu~o^w?	15	37	15	5	7	111144442223300	1	1
N????B?KN_@|ByrsF{?	15	35	15	5	10	444411113432202	1	1
N????B?KN_@|Byrs^w?	15	36	15	5	8	333311114340022	1	1
N????B?KN_@|rsNwF{?	15	36	15	4	11	443311113432022	1	1
N????B?KN_@|rsNw^w?	15	37	15	4	11	441111113432020	1	1
N????B?KN_@|rsrsF{?	15	36	15	5	10	112244442123003	1	1
N????B?KN_@|rsrs^w?	15	37	15	4	10	444411113432000	1	1
N????B?KN_@|rs~o^w?	15	38	15	4	9	444411113332000	1	1
N????B?KN_]?BzBv^w?	15	35	15	5	7	000033331111224	1	1
N????B?KN_]?BzrsF{?	15	34	15	5	12	444411111133200	1	1
N????B?KN_]?Bzrs^w?	15	35	15	5	9	111133330000422	1	1
N????B?M?N_}psNw^@_	15	35	15	5	10	444442222011130	1	1
N????B?M?N_}psNw^w?	15	36	15	5	10	114441111322200	1	1
N????B?M?NfcNGot~w?	15	35	15	5	10	331111334030042	1	1
N????B?M?NfcotNw^w?	15	36	15	5	12	441111441232300	1	1
N????B?M?Nfcotps^w?	15	35	15	5	11	224442221010113	1	1
N????B?M?Nfcot}A^w?	15	35	15	6	13	220000223404311	1	1
N????B?M?Nfcot~o^w?	15	37	15	5	9	220000223434311	1	1
N????B?M?NwyNwNw^w?	15	38	15	4	10	114441111322000	1	1
N????B?M?NwyNw~o^w?	15	39	15	4	9	114441111322000	1	1
N????B?M?NwypsNw^w?	15	37	15	5	9	441114441233300	1	1
N????B?M?Nwyps}AF{?	15	35	15	6	12	441114444233320	1	1
N????B?M?N~@psNwF{?	15	36	15	5	12	114441111323200	1	1
N????B?M?N~@psNw^w?	15	37	15	5	11	000003333121244	1	1
N????B?M@o?vNw}PWz?	15	34	15	5	12	331113333001224	1	1
N????B?M@o?~puNw^w?	15	36	15	6	8	114441111332200	1	1
N????B?M@oFC@}pv^w?	15	34	15	4	8	442224444111003	1	1
N????B?M@oFc@}ov^w?	15	34	15	5	10	331113333000442	1	1
N????B?M@oWb@}Mx^w?	15	34	15	5	12	441114444221300	1	1
N????B?M@o^?@~NwWz?	15	34	15	5	10	331113333000424	1	1
N????B?M@p?}puNw^w?	15	36	15	5	10	114441114332200	1	1
N????B?M@p?}pupu^w?	15	36	15	4	8	113331110440002	1	1
N????B?M@p?}pu~o^w?	15	37	15	5	8	114441112332200	1	1
N????B?M@p?}}@NwWz?	15	34	15	6	12	331113333004024	1	1
N????B?M@p?}}@pu^w?	15	35	15	6	11	114441111332320	1	1
N????B?MFo^?ps@~F{?	15	35	15	5	11	333331111444202	1	1
N????B?MGNOy]BNw^w?	15	36	15	5	10	144441111322300	1	1
N????B?MGNOy]Bps^w?	15	35	15	5	10	033330003211214	1	1
N????B?MGNOy]B~o^w?	15	37	15	5	9	144441111322300	1	1
N????B?MGNWyps}AF{?	15	35	15	5	13	113331113400022	1	1
N????B?MGNWyps}A^w?	15	36	15	5	11	441114443233300	1	1
N????B?MGNWy}ANwF{?	15	36	15	4	14	331111114002200	1	1
N????B?MGNWy}ANw^w?	15	37	15	4	13	114441111322300	1	1
N????B?MGNWy}A~o^w?	15	38	15	4	11	111114442230200	1	1
N????B?MHLWyuQNw^w?	15	37	15	4	14	114444412332200	1	1
N????B?MHhWyqqNw^w?	15	37	15	4	11	114444112332200	1	1
N????B?MHpF{Nwpu^w?	15	39	15	4	7	114441114330020	1	1
N????B?MHpF{pupu^w?	15	39	15	6	5	114441114330220	1	1
N????B?MHpF{pu~o^w?	15	40	15	4	6	441114441220300	1	1
N????B?MHpV?PvNw^w?	15	36	15	5	8	141114441222300	1	1
N????B?MHp]?@vBx^w?	15	34	15	6	13	111113331000442	1	1
N????B?MHp]?Bxpu^w?	15	35	15	5	13	331113331000242	1	1
N????B?MLKJHpsNw^w?	15	36	15	4	14	111441114323200	1	1
N????B?MLoGzNwNw^w?	15	38	15	4	9	414441114332000	1	1
N????B?MLoGzNw~o^w?	15	39	15	4	8	414441114332000	1	1
N????B?MLoN?Pu`tF{?	15	33	15	5	12	441114441222330	1	1
N????B?MLoV?@zPv^w?	15	35	15	5	8	131113333000442	1	1
N????B?MLoV?PvNw^w?	15	36	15	5	8	131113331000422	1	1
N????B?MLoWyPuNw^w?	15	37	15	5	9	141114441223300	1	1
N????B?MLo]?BxPu^w?	15	34	15	5	13	303330000222114	1	1
N????B?MMKfLpsNw^w?	15	38	15	5	8	114441114323200	1	1
N????B?MMMf{NwNw^w?	15	41	15	3	7	441111113202220	1	1
N????B?MMMf{Nw~o^w?	15	42	15	3	7	441111113202200	1	1
N????B?MMMf{~o~o^w?	15	43	15	3	6	114441112320000	1	1
N????B?MMMwyNwNw^w?	15	40	15	4	7	114441114322000	1	1
N????B?MMMwyNw~o^w?	15	41	15	4	6	441114441233000	1	1
N????B?MNGWyEyNw^w?	15	37	15	4	12	114441442322300	1	1
N????B?MN_@|Byps^w?	15	36	15	5	10	333311114340022	1	1
N????B?MN_@|psNw^w?	15	37	15	4	13	441111113232020	1	1
N????B?MN_@|ps~o^w?	15	38	15	4	11	444411113432000	1	1
N????B?MN_WypsBy^w?	15	36	15	5	13	444411113430020	1	1
N????B?MN_]?@vBz^w?	15	35	15	5	9	000033331111224	1	1
N????B?MN_]?psBz^w?	15	35	15	5	11	444411113433020	1	1
N????B?NHxFcNwov^w?	15	39	15	4	5	331111334000042	1	1
N????B?Nx~F{NwNw^w?	15	45	15	2	0	331111114000002	1	1
N????B?Nx~F{Nw~o^w?	15	46	15	2	0	331111114000022	1	1
N????B?Nx~F{~o~o^w?	15	47	15	2	0	441111113222000	1	1
N????B?Nx~^w~o~o^w?	15	48	15	2	0	441111113220000	1	1
N????B?N~}^w~o~o^w?	15	49	15	1	0	441111113200000	1	1
N????B?g?p{xNwVs^w?	15	37	15	4	11	200000003321441	1	1
N????B?g?x{XNwVs^w?	15	37	15	5	12	244111441123000	1	1
N????B?g?~b}NwVs^w?	15	40	15	3	6	333111114400002	1	1
N????B?g?~f{NwVs^w?	15	40	15	3	8	331111114100022	1	1
N????B?g?~f{Vs~o^w?	15	41	15	4	6	444111113322200	1	1
N????B?g@`B}F{Ru^w?	15	36	15	4	10	333111114430002	1	1
N????B?g@`B}RuNw^w?	15	36	15	4	11	441111113142020	1	1
N????B?g@`B}RuVs^w?	15	36	15	4	11	414111113332220	1	1
N????B?g@`B}Ru~o^w?	15	37	15	5	9	414111113332200	1	1
N????B?g@`B}rqVs^w?	15	36	15	4	10	414111113342020	1	1
N????B?g@`F{rqVs^w?	15	36	15	4	12	314411114430200	1	1
N????B?g@`IAF{br^w?	15	32	15	5	13	144411114433020	1	1
N????B?g@`[?Ru~oB}_	15	33	15	6	11	000333331111242	1	1
N????B?g@pFCPvF{^w?	15	34	15	5	10	114441114133200	1	1
N????B?g@pGzF{F{^w?	15	36	15	4	12	333111114400002	1	1
N????B?g@pGzF{Nw^w?	15	36	15	4	13	331111114132002	1	1
N????B?g@pGzF{Vs^w?	15	36	15	4	13	114441114132000	1	1
N????B?g@pGzF{~o^w?	15	37	15	5	11	202000003334411	1	1
N????B?g@pGzPuF{^w?	15	35	15	5	10	313331113140022	1	1
N????B?g@pGzVsNw^w?	15	36	15	4	12	414441114332200	1	1
N????B?g@pJAPuHx^w?	15	32	15	5	16	441441113443020	1	1
N????B?g@pJA`rF{^w?	15	33	15	6	13	144441114433200	1	1
N????B?g@pWxF{Vs^w?	15	36	15	5	12	414111113340220	1	1
N????B?g@pWxNwVs^w?	15	36	15	4	13	314441114432000	1	1
N????B?g@pWxPuF{^w?	15	35	15	5	11	113331113140022	1	1
N????B?g@~F{NwVs^w?	15	40	15	3	6	331111114300022	1	1
N????B?g@~F{VsVs^w?	15	40	15	3	8	434111114300220	1	1
N????B?g@~F{Vs~o^w?	15	41	15	3	7	441111113322000	1	1
N????B?g@~Jy~o~o^w?	15	42	15	2	6	411111113322000	1	1
N????B?gB?F{VsfqF{?	15	34	15	4	10	334111114330220	1	1
N????B?gB?F{Vsfq^w?	15	35	15	3	12	144111113330020	1	1
N????B?gB_PxNwVs^w?	15	35	15	3	14	222000003331111	1	1
N????B?gCwKXNwVs^w?	15	35	15	3	14	144111441123000	1	1
N????B?gEoC|F{Vs^w?	15	36	15	5	12	441441113132000	1	1
N????B?gEoC|NwVs^w?	15	36	15	4	12	220000003034411	1	1
N????B?gEoJAHzF{^w?	15	34	15	6	11	441441111433200	1	1
N????B?gF?FCPt~oB~?	15	33	15	6	13	000333331111242	1	1
N????B?gF?F{Vs~oB~?	15	37	15	5	8	444111113330002	1	1
N????B?gF_F{VsB}^w?	15	37	15	5	10	222000003331141	1	1
N????B?k?\}HRsNw^w?	15	37	15	5	11	414411111323200	1	1
N????B?k?^`}RsNw^w?	15	38	15	4	8	111144442233300	1	1
N????B?k?^hyNwNw^w?	15	39	15	4	9	414411111322000	1	1
N????B?k?^hyNw~o^w?	15	40	15	4	8	414411111322000	1	1
N????B?k?^hyRsNw^w?	15	38	15	4	8	313311111400022	1	1
N????B?k@XYXRsNw^w?	15	36	15	4	15	314144114432000	1	1
N????B?k@p@}B{Pu^w?	15	35	15	5	12	313311111440002	1	1
N????B?k@p@}PuNw^w?	15	36	15	5	12	414411111332200	1	1
N????B?k@p@}PuRs^w?	15	35	15	5	11	313311113440002	1	1
N????B?k@p@}Pu~o^w?	15	37	15	5	10	202200003334411	1	1
N????B?k@p@}pqRs^w?	15	35	15	5	13	202200003324141	1	1
N????B?k@pFCB{Pv^w?	15	34	15	6	12	131113331000242	1	1
N????B?k@pGzPuB{^w?	15	35	15	5	10	424442224001113	1	1
N????B?k@pGzRsNw^w?	15	36	15	5	10	414411114332200	1	1
N????B?k@pWxPuB{^w?	15	35	15	5	12	303330003221114	1	1
N????B?k@pWxRsNw^w?	15	36	15	4	12	002200002334411	1	1
N????B?k@p]?PuB|^w?	15	34	15	6	12	414411111333220	1	1
N????B?kAW`}B{Ky^w?	15	35	15	5	12	111144444213300	1	1
N????B?kAW`}KyNw^w?	15	36	15	5	14	414411111322000	1	1
N????B?kAW`}Ky~o^w?	15	37	15	5	12	414411113322300	1	1
N????B?kAW`}kqNw^w?	15	36	15	5	12	414411111322300	1	1
N????B?kAWhyB{Ky^w?	15	35	15	5	13	313311111400022	1	1
N????B?kAWhykqNw^w?	15	36	15	4	12	414411111322300	1	1
N????B?kAW}?KyB|^w?	15	34	15	6	13	444411111343020	1	1
N????B?kA]f{NwNw^w?	15	40	15	3	8	331111114320002	1	1
N????B?kA]f{Nw~o^w?	15	41	15	3	9	441111113002200	1	1
N????B?kA]f{~o~o^w?	15	42	15	2	7	414411113320000	1	1
N????B?kA]hyNwNw^w?	15	39	15	4	8	414411114322000	1	1
N????B?kA]hyNw~o^w?	15	40	15	3	7	414411114322000	1	1
N????B?kA]hyRsNw^w?	15	38	15	4	6	313311113400022	1	1
N????B?kBOHydqNw^w?	15	35	15	3	16	222000003331111	1	1
N????B?kB_HyRsbqF{?	15	33	15	4	13	313311113440002	1	1
N????B?kB_HybqNw@~?	15	34	15	4	12	333311111440020	1	1
N????B?kB_HybqNwF{?	15	34	15	4	12	334411114332200	1	1
N????B?kB_HybqNw^w?	15	35	15	3	13	002200000334411	1	1
N????B?kCWGZB{Ky^w?	15	33	15	6	16	411144111132020	1	1
N????B?kCWHy[qNw^w?	15	35	15	3	16	411111113330000	1	1
N????B?kC[MHRsNw^w?	15	35	15	3	15	144411141323000	1	1
N????B?kDOHyTqNw^w?	15	35	15	3	13	414111111332200	1	1
N????B?kDWIXRsNw^w?	15	35	15	3	15	202000000334411	1	1
N????B?kD_FCB}Pv^w?	15	34	15	6	10	242244441111003	1	1
N????B?kD_HbKxB}^w?	15	34	15	6	12	414411111332020	1	1
N????B?kD_HzB}Nw^w?	15	37	15	6	7	414411111332200	1	1
N????B?kD_HzNwNw^w?	15	37	15	4	8	414411111332000	1	1
N????B?kD_HzNw~o^w?	15	38	15	3	7	414411111332000	1	1
N????B?kD_HzRuNw^w?	15	37	15	5	7	202200000334411	1	1
N????B?kD_M?bpNwHz?	15	31	15	4	13	414411111333002	1	1
N????B?kDo@}PuNw^w?	15	36	15	5	10	414411111332200	1	1
N????B?kDoFCB{Pv^w?	15	34	15	6	11	414441111333220	1	1
N????B?kDoGzRsNw^w?	15	36	15	4	10	202200000334411	1	1
N????B?kEOHyB{Ly^w?	15	35	15	5	13	220000003031441	1	1
N????B?kEOHyLyNw^w?	15	36	15	4	12	220000003031441	1	1
N????B?kEWHyB{Ky^w?	15	35	15	5	15	220000003031441	1	1
N????B?kEWHyKyNw^w?	15	36	15	4	14	220000003031441	1	1
N????B?kF?HyFyNw^w?	15	36	15	4	11	222000003331411	1	1
N????B?kFOHyDyNw^w?	15	36	15	4	13	222000003331411	1	1
N????B?kF_HyB}Nw^w?	15	37	15	5	9	202200000334411	1	1
N????B?mAMf{NwNw^w?	15	40	15	3	9	331111114220002	1	1
N????B?mAMf{Nw~o^w?	15	41	15	3	9	441111113002200	1	1
N????B?mAMf{~o~o^w?	15	42	15	2	8	141114441230000	1	1
N????B?mCMGy]ANwF{?	15	34	15	4	14	111114441233200	1	1
N????B?mCMGy]ANw^w?	15	35	15	3	13	111114441233200	1	1
N????B?mDKGyUQNw^w?	15	35	15	3	17	141441141020300	1	1
N????B?mDgGyQqNw^w?	15	35	15	3	13	141111441223300	1	1
N????B?mDo?~PuNw^w?	15	37	15	6	7	141114444223300	1	1
N????B?mDoGzNwNw^w?	15	38	15	4	8	414441111332000	1	1
N????B?mDoGzNw~o^w?	15	39	15	3	7	414441111332000	1	1
N????B?mDoGzPuNw^w?	15	37	15	5	7	141114441223300	1	1
N????B?mDoN?`pPuF{?	15	32	15	4	13	414441111333220	1	1
N????B?mDoV?PvNw^w?	15	36	15	4	6	030003333111244	1	1
N????B?mEKGyMYNw^w?	15	36	15	4	12	141114411233200	1	1
N????B?mFGGyEyNw^w?	15	36	15	4	14	220000003131441	1	1
N????B?o@_X@B}~oE}_	15	33	15	4	10	331111114414020	1	1
N????B?o@_X`B}K|^w?	15	33	15	5	12	331111114414002	1	1
N????B?o@_XxB}~oF}?	15	36	15	6	8	331111114412020	1	1
N????B?o@_]?rqB~F}?	15	33	15	4	10	331111114414200	1	1
N????B?o@_^?rq@~F}?	15	33	15	5	12	331111114414200	1	1
N????B?o@oW`@}~oF]_	15	33	15	4	12	003330331121042	1	1
N????B?o@oWp@}M\^w?	15	33	15	5	13	003330031121024	1	1
N????B?o@oWx@}~oF}?	15	35	15	6	11	331111114412020	1	1
N????B?o@o^?pq@~F}?	15	33	15	5	13	224441111133220	1	1
N????B?oDoGx@}ML^w?	15	33	15	6	13	141114441123320	1	1
N????B?oDoGx@}~oF}?	15	35	15	6	11	141114444423300	1	1
N????B?oDoGx~oN{F}?	15	37	15	5	9	331111114422200	1	1
N????B?oDoGx~o~oF}?	15	37	15	3	9	441111113300002	1	1
N????B?oDoOwPq]@F}?	15	30	15	4	16	221114441123320	1	1
N????B?oDoV?Pr~oF}?	15	34	15	4	10	414441111133200	1	1
N????B?oF_@~B}N{^w?	15	38	15	4	7	331111114440002	1	1
N????B?oF_@~~oN{F}?	15	39	15	4	6	224444441110300	1	1
N????B?oF_@~~o~oF}?	15	39	15	5	5	441111113332002	1	1
N????B?oF_EEBrB}^w?	15	33	15	5	11	000033331110224	1	1
N????B?oF_EEBr~oF}?	15	34	15	5	12	444411114433200	1	1
N????B?oF_EEB}rp^w?	15	34	15	5	10	111144442221300	1	1
N????B?oF_X_B}K|^w?	15	34	15	6	10	003333331111224	1	1
N????B?oF_XoK\B}^w?	15	34	15	6	12	000033331114024	1	1
N????B?oF_]?~oB~F}?	15	36	15	6	8	000033331111422	1	1
N????B?oFo?~~oN{^w?	15	39	15	5	7	441111113302020	1	1
N????B?oFoWw@}ML^w?	15	34	15	6	14	113333330000442	1	1
N????B?oFo^?@~~oF}?	15	37	15	5	8	444441111133200	1	1
N????B?oF}F}~oN{^w?	15	44	15	4	0	441111113302020	1	1
N????B?oF}F}~o~o^w?	15	44	15	2	0	441111113302000	1	1
N????B?w@p?zF{F{^w?	15	36	15	4	10	333111114400002	1	1
N????B?w@p?zF{Nw^w?	15	36	15	4	12	441111113322220	1	1
N????B?w@p?zF{~o^w?	15	37	15	5	10	444111113322200	1	1
N????B?w@p?zpqF{^w?	15	35	15	6	13	222000003304141	1	1
N????B?w@p?z}@F{^w?	15	35	15	6	13	444441114132300	1	1
N????B?w@pFC@vF{^w?	15	34	15	5	12	331113331300422	1	1
N????B?w@pFCF{pr^w?	15	35	15	5	11	002220002033141	1	1
N????B?w@pV?PrF{^w?	15	34	15	5	13	414441114133200	1	1
N????B?w@pWxF{F{^w?	15	37	15	5	9	444111113340220	1	1
N????B?w@pWxF{~o^w?	15	38	15	4	10	441111113320200	1	1
N????B?w@pWxNwF{^w?	15	37	15	4	11	220000003321441	1	1
N????B?w@pWxpqF{^w?	15	36	15	5	11	441114441123300	1	1
N????B?w@pZ?pqHxB}?	15	32	15	5	16	331111114434200	1	1
N????B?w@~B}F{F{^w?	15	41	15	3	3	333111114400002	1	1
N????B?w@~B}F{~o^w?	15	42	15	4	3	333111114400022	1	1
N????B?w@~B}~o~o^w?	15	43	15	3	3	441111113322000	1	1
N????B?w@~F{F{F{^w?	15	41	15	3	5	331111114400002	1	1
N????B?w@~F{F{~o^w?	15	42	15	3	4	331111114400022	1	1
N????B?w@~F{NwF{^w?	15	41	15	3	5	331111114400002	1	1
N????B?wDoGxF{Nw^w?	15	36	15	4	12	220000003311441	1	1
N????B?wE_@~F{Jy^w?	15	37	15	4	8	331111114440002	1	1
N????B?wE_B}F{Jy^w?	15	37	15	4	8	331111114440002	1	1
N????B?wE_B}JyNw^w?	15	37	15	4	8	331111114440002	1	1
N????B?wE_B}Jy~o^w?	15	38	15	4	6	220000003334411	1	1
N????B?wE_ECrpF{D|?	15	32	15	5	12	221144441112300	1	1
N????B?wEoC|@}F{^w?	15	36	15	5	11	222224441110003	1	1
N????B?wEoC|F{F{^w?	15	37	15	5	10	222444441110003	1	1
N????B?wEoC|F{~o^w?	15	38	15	4	8	220000003334411	1	1
N????B?wEoC|HyF{^w?	15	36	15	5	11	331111114440002	1	1
N????B?wEoC|NwF{^w?	15	37	15	4	10	224444441110003	1	1
N????B?wF?ECrp~oB~?	15	34	15	5	8	111444442221003	1	1
N????B?wF?FCpp~oB~?	15	34	15	5	10	444111113331002	1	1
N????B?wF?F{Nw~oB~?	15	38	15	4	7	331111114440020	1	1
N????B?wF?F{~o~oB~?	15	39	15	4	4	333111114440220	1	1
N????B?wF_B}NwB}^w?	15	38	15	5	7	222444441110003	1	1
N????B?wFo?~NwF{^w?	15	38	15	5	9	222444441110003	1	1
N????B?{?^`}NwNw^w?	15	40	15	4	7	444411111322000	1	1
N????B?{?^`}Nw~o^w?	15	41	15	4	5	444411113322000	1	1
N????B?{?^f{NwNw^w?	15	41	15	3	7	331111114200002	1	1
N????B?{?^f{Nw~o^w?	15	42	15	3	6	331111114400022	1	1
N????B?{?^f{~o~o^w?	15	43	15	3	5	441111113322000	1	1
N????B?{EW@}B{Ky^w?	15	36	15	5	12	222244441130003	1	1
N????B?{EW@}KyNw^w?	15	37	15	4	12	224444441110003	1	1
N????B?{EW@}Ky~o^w?	15	38	15	4	10	441111113332200	1	1
N????B?{EWWWB{KyFc_	15	32	15	5	18	224444441111000	1	1
N????B?{FO@}DyNw^w?	15	37	15	4	10	444111113332200	1	1
N????B?{F_@~B}Nw^w?	15	39	15	6	5	444411111332200	1	1
N????B?{F_@~NwNw^w?	15	39	15	4	7	444411111332000	1	1
N????B?{F_@~Nw~o^w?	15	40	15	4	5	333311114440222	1	1
N????B?{F_X_KxB}^w?	15	35	15	5	12	444411113330020	1	1
N????B?{F_]?NwB~^w?	15	37	15	5	5	000033331111424	1	1
N????B?}Fo^?@~Nw^w?	15	39	15	4	5	111113333000422	1	1
N????B_FG|[JFwws^w?	15	38	15	6	7	333111134004042	1	1
N????B_FG~B{wsws^w?	15	39	15	5	10	333111114000222	1	1
N????B_FG~B{ws~o^w?	15	41	15	4	6	111444442333000	1	1
N????B_FG~[Y~o~o^w?	15	43	15	3	5	444111113223000	1	1
N????B_FKeL`Fwws^w?	15	36	15	4	14	444111113200230	1	1
N????B_FMcDhFwws^w?	15	36	15	4	13	444111413232230	1	1
N????B_FN_@|Byws^w?	15	37	15	6	9	111133330104422	1	1
N????B_FN_B{Byws^w?	15	37	15	5	10	111444442323300	1	1
N????B_FN_R_ByWt^w?	15	35	15	5	14	333111334020042	1	1
N????B_FN_[YBy~o^w?	15	39	15	4	8	111444442322300	1	1
N????B_FN_[YwsBy^w?	15	37	15	5	11	111333110400042	1	1
N????B_FN_]?wsBz^w?	15	36	15	5	10	111133330400042	1	1
N????B_Fw~B{~o~o^w?	15	45	15	3	0	444111113222000	1	1
N????B_Fw~^w~o~o^w?	15	47	15	2	0	444111113220000	1	1
N????B_F~}^w~o~o^w?	15	49	15	1	0	444111113200000	1	1
N????B_e?N_}FwXs^w?	15	36	15	5	10	333331114400002	1	1
N????B_e?Nb{FwXs^w?	15	37	15	5	11	111444442133300	1	1
N????B_e?Nb{Xs~o^w?	15	39	15	4	10	444441113322200	1	1
N????B_e?N~@FwXs^w?	15	37	15	5	12	444441113323000	1	1
N????B_e?lB{yQXs^w?	15	36	15	4	14	444111113022300	1	1
N????B_e?x?}FwWu^w?	15	35	15	6	15	333111114100022	1	1
N????B_e?x?}WuWu^w?	15	35	15	5	11	300333001221114	1	1
N????B_e?x?}Wu~o^w?	15	37	15	5	11	411444112332200	1	1
N????B_e?x?}XsWu^w?	15	35	15	5	13	311331110440002	1	1
N????B_e?x?}Xswq^w?	15	35	15	5	15	111444112433020	1	1
N????B_e?xB{WuXs^w?	15	36	15	5	12	411444112330220	1	1
N????B_e?xB{wqXs^w?	15	36	15	4	13	111444112330220	1	1
N????B_e?xKaWuEx^w?	15	34	15	6	15	111441112332230	1	1
N????B_e?xR_@{Wv^w?	15	34	15	6	13	133111334000342	1	1
N????B_e?~B{FwXs^w?	15	38	15	4	8	333111114300022	1	1
N????B_e?~KyFwXs^w?	15	38	15	4	11	411441114302020	1	1
N????B_e?~KyFw~o^w?	15	40	15	3	9	444111113020200	1	1
N????B_e?~Ky~o~o^w?	15	42	15	2	9	411441112302000	1	1
N????B_eAgB{Xsiq^w?	15	35	15	3	18	220200003331111	1	1
N????B_eB_B{bqXs^w?	15	35	15	3	15	022000003034411	1	1
N????B_eBoN?`rFwKy?	15	32	15	4	16	311113330000422	1	1
N????B_eCK?}EYWU^w?	15	32	15	6	19	144111140221130	1	1
N????B_eCKB{Xs]Q^w?	15	35	15	3	18	411111113330000	1	1
N????B_eCMN@FwXs?}_	15	33	15	5	16	333331111404200	1	1
N????B_eCMN@FwXsB{?	15	33	15	4	16	333441114323020	1	1
N????B_eCMN@FwXs^w?	15	35	15	3	16	144441113323000	1	1
N????B_eCMOw]BFwKy?	15	32	15	4	16	133331113300422	1	1
N????B_eEKFHXsFw^w?	15	35	15	3	16	444114413232020	1	1
N????B_eEgDXFwXs^w?	15	35	15	3	16	220200003334111	1	1
N????B_eFG?}EyXs^w?	15	35	15	5	13	444111113132200	1	1
N????B_eFGKyEyFw^w?	15	36	15	4	12	444111113030220	1	1
N????B_eF_@|FwXs^w?	15	36	15	4	12	444111113032200	1	1
N????B_fAeKYjAFw^w?	15	35	15	3	15	141111440233200	1	1
N????B_fBEb{FwFw^w?	15	38	15	4	9	333111114020002	1	1
N????B_fBEb{Fw~o^w?	15	40	15	3	9	444111113002200	1	1
N????B_fBEb{~o~o^w?	15	42	15	2	8	144111113232000	1	1
N????B_fCeKYZAFw^w?	15	35	15	3	16	022000003443341	1	1
N????B_fCsKYXQFw^w?	15	35	15	3	14	022000023443311	1	1
N????B_fCwB{FwWu^w?	15	37	15	4	11	411444111330020	1	1
N????B_fCwB{Wu~o^w?	15	39	15	3	9	411444110330200	1	1
N????B_fCwKZWuFw^w?	15	37	15	5	9	422444221001133	1	1
N????B_fCwR_FwWv^w?	15	36	15	4	8	033000333111424	1	1
N????B_fEEF`WsFw^w?	15	35	15	3	14	444111443232300	1	1
N????B_fEcDhWsFw^w?	15	35	15	3	16	444111413232320	1	1
N????B_fF_KYFwBy^w?	15	36	15	4	12	222244441313003	1	1
N????B_s?\}HFwJs^w?	15	37	15	5	10	444411113323220	1	1
N????B_s?^`}FwJs^w?	15	38	15	4	6	444422220011113	1	1
N????B_s?^b{FwJs^w?	15	38	15	4	8	333111114400002	1	1
N????B_s?^b{Js~o^w?	15	40	15	4	6	444411113322200	1	1
N????B_s?~B{FwJs^w?	15	38	15	4	8	333111114400002	1	1
N????B_s?~B{JsJs^w?	15	38	15	4	10	441111113322220	1	1
N????B_s?~B{Js~o^w?	15	40	15	3	7	444111113322200	1	1
N????B_s?~Dy~o~o^w?	15	42	15	2	6	441111113322000	1	1
N????B_sCWMXFwJs^w?	15	35	15	3	15	220000003301441	1	1
N????B_sC[MHFwJs^w?	15	35	15	3	14	444411113323220	1	1
N????B_sDODyTqFw^w?	15	35	15	3	14	222000003331141	1	1
N????B_sDWIXFwJs^w?	15	35	15	3	15	220000003311441	1	1
N????B_sD_B{JsRq^w?	15	35	15	3	12	222200003334441	1	1
N????B_sEO@}DyHu^w?	15	35	15	5	12	331111114440002	1	1
N????B_sEOB{JsLq^w?	15	35	15	3	12	220000003334441	1	1
N????B_sEWEXFwJs^w?	15	35	15	3	14	220000003334441	1	1
N????B_sF?DyB}Fy^w?	15	37	15	5	8	444111113330220	1	1
N????B_sF?DyFyFy^w?	15	37	15	5	8	222000003331441	1	1
N????B_sF?DyFy~o^w?	15	38	15	3	7	222000003331411	1	1
N????B_sF?DyJsFy^w?	15	36	15	4	11	444111113130020	1	1
N????B_sFODyB{Dy^w?	15	36	15	5	11	444111113330220	1	1
N????B_sFODyDyFw^w?	15	36	15	4	11	222000003331441	1	1
N????B_sF_B{JsB}^w?	15	37	15	5	8	444411113332220	1	1
N????B_uEoCzFwFw^w?	15	37	15	4	11	441441111332000	1	1
N????B_uEoCzFw~o^w?	15	39	15	3	8	441441113332000	1	1
N????B_uEoZ?FwHv^w?	15	36	15	4	8	003003331111424	1	1
N????B_uF_CyFwBy^w?	15	36	15	4	11	222244441110003	1	1
N????B_w?w?^FKwq~w?	15	34	15	5	11	111333110041402	1	1
N????B_w?w?^waF[~w?	15	34	15	5	10	111333130041042	1	1
N????B_w?w?^wqF{^w?	15	35	15	5	11	444111113312020	1	1
N????B_w?w?^wq~@B}?	15	34	15	5	13	444111113324302	1	1
N????B_w?w[@?}F|^w?	15	34	15	4	9	111333330040142	1	1
N????B_w?xbeF{wr^w?	15	38	15	5	7	111333110044402	1	1
N????B_w?x{XF{F{^w?	15	39	15	5	6	222444441101003	1	1
N????B_w?x{XF{~o^w?	15	40	15	5	5	444111113323200	1	1
N????B_w?~b}F{F{^w?	15	42	15	3	0	333000002211114	1	1
N????B_w?~b}F{~o^w?	15	43	15	6	0	333111114400022	1	1
N????B_w?~b}~o~o^w?	15	44	15	4	0	444111113322000	1	1
N????B_w?~~w~o~o^w?	15	45	15	2	0	444111113320000	1	1
N????B_wCo?~XqF{^w?	15	36	15	6	10	444111113312020	1	1
N????B_wCoK`@}E|^w?	15	34	15	6	12	444111113333220	1	1
N????B_wCoKpE\@}^w?	15	34	15	6	14	111333330032142	1	1
N????B_wCoKxF{F{^w?	15	37	15	5	9	444111113300220	1	1
N????B_wCoKxF{~o^w?	15	38	15	3	9	444111113300200	1	1
N????B_wCoKxXqF{^w?	15	36	15	4	11	444111113310020	1	1
N????B_wCwKXFLF{^w?	15	36	15	6	11	111333330020442	1	1
N????B_wCwKXF{F{^w?	15	37	15	5	9	333111114422002	1	1
N????B_wCwKXF{~o^w?	15	38	15	3	9	111444442200300	1	1
N????B_wCwR_WrF{^w?	15	35	15	4	13	411444111133200	1	1
N????B_wF?^?@~~oB~?	15	37	15	5	5	000333331111242	1	1
N????B_wF?^wF}~oB~?	15	41	15	6	0	333111114442020	1	1
N????B_wF?^wF}~o^w?	15	41	15	3	0	444111113330200	1	1
N????B_wF_BewpB}^w?	15	36	15	5	8	000333331112124	1	1
N????B_wF_B}B}B}^w?	15	39	15	4	4	333111114440002	1	1
N????B_wF_B}B}~o^w?	15	40	15	5	3	333111114440022	1	1
N????B_wF_B}F{B}^w?	15	39	15	4	4	222444441110003	1	1
N????B_wFo^?@~F{^w?	15	38	15	5	8	111113330000442	1	1
N????B_{?^`}Fw~o^w?	15	41	15	5	3	444411113322200	1	1
N????B_{?~@}Fw~o^w?	15	41	15	4	4	444111113322200	1	1
N????B_{?~@}~o~o^w?	15	43	15	3	3	444111113322000	1	1
N????B_{FO@}@}Dy^w?	15	37	15	5	8	111113330004442	1	1
N????B_{FO@}B{Dy^w?	15	37	15	5	8	111133330004442	1	1
N????B_{FO@}DyFw^w?	15	37	15	5	8	333111114440002	1	1
N????B_{FO@}Dy~o^w?	15	39	15	4	6	333111114440022	1	1
N????B_{F_B{B}B}^w?	15	39	15	5	4	222244441110003	1	1
N????B_{F_B{B}~o^w?	15	40	15	4	4	333311114440022	1	1
N????B_{F_B{FwB}^w?	15	38	15	5	7	444111113332220	1	1
N????B_{F_]?Fw~o@~_	15	37	15	5	5	000033331111242	1	1
N????B_}Fo^?Fw@~^w?	15	39	15	4	6	111113330000242	1	1
N????BoB~o^?}?@z~w?	15	39	15	4	5	111113330400042	1	1
N????BoB~}^w~o~o^w?	15	49	15	1	0	111144442300000	1	1
N????Bob_^MI~o~o^w?	15	42	15	2	6	111144412332000	1	1
N????BobeQEpBw[S^w?	15	35	15	3	15	111144412300320	1	1
N????BobfA@{[SFa^w?	15	35	15	3	12	111144412323230	1	1
N????Bor?^EY~o~o^w?	15	42	15	2	9	111144442030000	1	1
N????BorDS@{KsTQ^w?	15	35	15	3	18	141414140020030	1	1
N????BorEE@{KsNA^w?	15	35	15	3	18	114444110020030	1	1
N????BorEE]?KsNA@{_	15	32	15	4	18	222244441331330	1	1
N????BoyCk@{DsYQ^w?	15	35	15	3	14	111414442233320	1	1
N????BoyF_\?ByDt^w?	15	36	15	4	10	000003331111224	1	1
N????Bo{?^`}~o~o^w?	15	44	15	4	0	111144442233000	1	1
N????Bo{?^~w~o~o^w?	15	46	15	2	0	111144442230000	1	1
N????Bo{C[MHB{B{^w?	15	37	15	5	8	111133330040442	1	1
N????Bo{C[MHB{~o^w?	15	39	15	3	7	111144442232300	1	1
N????Bo{C[PoB{[R^w?	15	36	15	4	11	022200003344431	1	1
N????Bo{EWEXB{B{^w?	15	37	15	5	9	111133330022442	1	1
N????Bo{EWEXB{~o^w?	15	39	15	3	9	444411113300200	1	1
N????Bo{EWX_B{Kr^w?	15	36	15	4	14	441144110033020	1	1
N????Bo{F_@~B}B}^w?	15	41	15	4	0	111133330004442	1	1
N????Bo{F_@~B}~o^w?	15	42	15	6	0	444411113332200	1	1
N????Bo{F_@~~o~o^w?	15	43	15	3	0	444411113332000	1	1
N????Bo{F_Po[PB}^w?	15	36	15	4	8	000033331112124	1	1
N????Bo{F_X_KpB}^w?	15	36	15	4	9	000033331114424	1	1
N????Bo{F_]?~oB~^w?	15	40	15	4	0	111133330000242	1	1
N????Bo{F_^?B}@~^w?	15	39	15	4	3	222244441111003	1	1
N????Bo{Fo^?B{@~^w?	15	39	15	4	5	111113330000442	1	1
N????Bw}Fo^?@~~o^w?	15	43	15	3	0	111113330000422	1	1
N????Bw}Fo^?}?~o?~o	15	41	15	3	0	000003331111142	1	1
N????B~~v}^w~o~o^w?	15	56	15	0	0	111111110000000	1	1
N???C@?GF?F{VsfkB~?	15	35	15	3	12	333111111140000	1	1
N???C@?GF?NwngvcB~?	15	35	15	4	12	333111111142220	1	1
N???C@?GF_@~NwVsRu?	15	35	15	4	12	333311111140222	1	1
N???C@?GF_Nwngvc@~?	15	35	15	4	12	444411111130002	1	1
N???C@?GFo?~^ongZq?	15	35	15	4	12	111114444423000	1	1
N???C@?GF{F{VsfkNw?	15	38	15	3	12	311111113300020	1	1
N???C@?GF{F{Vsfk^o?	15	38	15	3	12	111111133302220	1	1
N???C@?K@_^oNwRuPv?	15	34	15	6	10	113311111442200	1	1
N???C@?KE?`}^ongF|?	15	35	15	3	14	331111111340000	1	1
N???C@?KE?hybk~_F|?	15	34	15	5	13	114411111342200	1	1
N???C@?KEO`}Ly^oVs?	15	35	15	4	14	331131111342022	1	1
N???C@?KEOhybk~_E|?	15	34	15	5	15	114411111342200	1	1
N???C@?KEWe\B{^oVs?	15	35	15	5	14	114411444123000	1	1
N???C@?KEWe\Rsbk^o?	15	34	15	5	14	113311133404002	1	1
N???C@?KE[`}Rs^oVs?	15	36	15	4	12	113311111400022	1	1
N???C@?KE[`}^ongNw?	15	37	15	4	12	114411111322000	1	1
N???C@?KE[`}^ong^o?	15	37	15	4	12	114411111322000	1	1
N???C@?KE[`}rc^oVs?	15	36	15	4	12	113311111400022	1	1
N???C@?KF_HybkB}F{?	15	34	15	4	12	333311111440002	1	1
N???C@?KF_XqB}^oVs?	15	35	15	5	13	333311111440022	1	1
N???C@?M@oWr@}^oVs?	15	34	15	6	10	114441111332200	1	1
N???C@?MEG_}My^oVs?	15	35	15	4	15	441114444233000	1	1
N???C@?MEK_}MY^oVs?	15	35	15	5	13	114441111322300	1	1
N???C@?MEK_}^ongNw?	15	36	15	4	12	114441111322000	1	1
N???C@?MEK_}^ong^o?	15	36	15	4	12	114441111322000	1	1
N???C@?gF?Jy^ongB~?	15	36	15	5	10	313111111440220	1	1
N???C@?gF?JyngNwB~?	15	36	15	4	10	313111111440220	1	1
N???C@?gF_JyngB}F{?	15	36	15	5	12	444411111330020	1	1
N???C@?gF_NwVsng@~?	15	36	15	5	12	444411111330002	1	1
N???C@?gFo?~ngVsNw?	15	36	15	5	13	311114444423000	1	1
N???C@?gF{VsVsF{Nw?	15	39	15	4	9	313111141422000	1	1
N???C@?kAQ`}Nwli^o?	15	36	15	5	14	414411111322000	1	1
N???C@?kAQ`}^oli^o?	15	36	15	5	13	141141143233020	1	1
N???C@?kAYuTB{^o^o?	15	36	15	5	12	414411111323200	1	1
N???C@?kAYuTB{~_F{?	15	36	15	5	12	414411111323200	1	1
N???C@?kA]`}^ong^o?	15	38	15	4	10	414411111322000	1	1
N???C@?kF_HyB}ngF{?	15	36	15	5	10	313311111440022	1	1
N???C@?kF_HyB}ngNw?	15	36	15	5	10	313311111440022	1	1
N???C@?w?bb}za^oVs?	15	37	15	5	12	331111144430200	1	1
N???C@?w?~b}F{^oVs?	15	40	15	3	6	333111111400022	1	1
N???C@?w?~b}^o^oVs?	15	40	15	4	8	333111111400222	1	1
N???C@?w?~b}^ongF{?	15	40	15	3	8	333111111400220	1	1
N???C@?w?~nw^o^oVs?	15	40	15	3	8	341111113320002	1	1
N???C@?w?~nw^ongF{?	15	40	15	3	10	331111114402200	1	1
N???C@?w?~nw^ongVs?	15	40	15	3	10	341111143400022	1	1
N???C@?w?~nwngNwF{?	15	40	15	3	10	331111141400200	1	1
N???C@?w@BBrFe^oVs?	15	34	15	5	10	444111144332200	1	1
N???C@?w@BBrF{^oVs?	15	35	15	4	13	333111111440022	1	1
N???C@?w@BBr^ongNw?	15	35	15	4	12	444111144332000	1	1
N???C@?w@BBr^ong^o?	15	35	15	4	12	444111144332000	1	1
N???C@?w@BB}va^oVs?	15	36	15	4	13	331111144430200	1	1
N???C@?w@bXpF{^oVs?	15	36	15	4	15	331111144432000	1	1
N???C@?wAa^oF{jiF{?	15	36	15	4	12	441111131340202	1	1
N???C@?wAa^o^oF{Tt?	15	36	15	4	13	141111113330022	1	1
N???C@?wAqStF{ngNw?	15	36	15	4	14	341111141432020	1	1
N???C@?wAqSt~_F{F{?	15	36	15	4	14	441111131340022	1	1
N???C@?wAqSt~_F{Nw?	15	36	15	4	15	141441141232000	1	1
N???C@?wBABvF{ngNw?	15	36	15	5	10	333111111440022	1	1
N???C@?wBABvF{ng^o?	15	36	15	5	9	333111141440022	1	1
N???C@?wBABvngNw^o?	15	36	15	4	10	333111131440222	1	1
N???C@?wBAB}fingNw?	15	36	15	4	12	144111111332200	1	1
N???C@?wBAB}fing^o?	15	36	15	4	11	333111141440022	1	1
N???C@?wBASC~_FfF{?	15	32	15	5	12	444111111333020	1	1
N???C@?wBa@v^oF{Vs?	15	36	15	5	12	333111111440202	1	1
N???C@?wBa@v~_F{Vs?	15	36	15	5	11	444111131332020	1	1
N???C@?wBaPtF{ngNw?	15	36	15	4	14	144411141332000	1	1
N???C@?wBaPt~_F{F{?	15	36	15	4	14	144411141332000	1	1
N???C@?wBaPt~_F{Vs?	15	36	15	4	13	444111131330020	1	1
N???C@?wBaUCBf~_B}?	15	33	15	6	14	222200000333414	1	1
N???C@?wE_NwF{ngD|?	15	36	15	4	12	441111111330202	1	1
N???C@?wEoC|F{^oVs?	15	36	15	4	14	441441111332000	1	1
N???C@?wF_NwngB}B}?	15	37	15	5	9	444111111330022	1	1
N???C@?wFo?~F{^oVs?	15	37	15	5	11	333111111440022	1	1
N???C@?wF{B}F{^oVs?	15	40	15	4	8	333111111420022	1	1
N???C@?wF{B}^o^oVs?	15	40	15	3	9	444111113302000	1	1
N???C@?wF{B}^ongF{?	15	40	15	3	9	441111133302002	1	1
N???C@?wF{^oF{^oVs?	15	40	15	3	8	441111133300200	1	1
N???C@?{?Z`}{a^oVs?	15	37	15	5	9	111144144233200	1	1
N???C@?{?^`}Nw^oVs?	15	39	15	4	8	333311111400222	1	1
N???C@?{?^`}^o^oVs?	15	39	15	4	8	111144444233000	1	1
N???C@?{?^`}^ong^o?	15	39	15	4	8	444411111322000	1	1
N???C@?{?^nw^o^oVs?	15	40	15	3	10	341111113320002	1	1
N???C@?{?^nw^ongF{?	15	40	15	3	10	444411111320000	1	1
N???C@?{?^nw^ongVs?	15	40	15	3	10	444411111320000	1	1
N???C@?{?^nwngNwF{?	15	40	15	3	10	444411111320000	1	1
N???C@?{?^~o^o^oVs?	15	40	15	3	10	444411111320000	1	1
N???C@?{?^~o^ongF{?	15	40	15	3	10	333311111402222	1	1
N???C@?{?^~o~_^oVs?	15	40	15	3	10	441111133320000	1	1
N???C@?{@R@}ta^oVs?	15	36	15	4	14	441411111322300	1	1
N???C@?{@b@}ra^oVs?	15	36	15	4	16	114411144030200	1	1
N???C@?{@bMGBf^oVs?	15	34	15	5	12	144411141333200	1	1
N???C@?{@bMGBfbhNw?	15	33	15	5	12	411144414222330	1	1
N???C@?{@b]?Bf^oVs?	15	34	15	5	12	444411111333200	1	1
N???C@?{AY@}ki~_F{?	15	36	15	4	14	414411111322300	1	1
N???C@?{AY@}ki~_Nw?	15	36	15	4	14	414411111322300	1	1
N???C@?{BQ@}di~_F{?	15	36	15	4	16	144141141030200	1	1
N???C@?{Ba@vB{ngNw?	15	36	15	5	10	111144414223300	1	1
N???C@?{Ba@vB{ng^o?	15	36	15	5	10	111144414223300	1	1
N???C@?{Ba@v~_NwVs?	15	37	15	4	10	444411141332000	1	1
N???C@?{Ba@}bi~_F{?	15	36	15	4	12	144411111332200	1	1
N???C@?{Ba@}bi~_Vs?	15	36	15	4	12	144411111332200	1	1
N???C@?{EW@}Ky^oVs?	15	36	15	4	16	441144111030200	1	1
N???C@?{FO@}Dy^oVs?	15	36	15	4	12	444111111332200	1	1
N???C@?{F_Nw^ong@~?	15	38	15	4	8	444411111330002	1	1
N???C@?{F_NwngB}@~?	15	38	15	6	6	444411111330022	1	1
N???C@?{F_NwngB}F{?	15	38	15	4	8	444411111330020	1	1
N???C@?{F_]?^ong@~_	15	36	15	5	6	000033333111442	1	1
N???C@?{F_^o^ong@~?	15	38	15	4	8	444411111330002	1	1
N???C@?}Fo^?^ong?~_	15	38	15	4	6	111113333000224	1	1
N???C@?~`~Nwng~_^o?	15	44	15	2	6	441111133020000	1	1
N???C@?~`~^oNw^oVs?	15	44	15	2	6	441111133020200	1	1
N???C@?~b}^o^ongF{?	15	44	15	2	7	141111113000022	1	1
N???C@_ECH_}fgxcNX?	15	33	15	6	17	311113113344220	1	1
N???C@_ECHb{Xs~_NX?	15	35	15	4	16	411114114430002	1	1
N???C@_ECL_}fgxcNw?	15	34	15	5	16	144441113322000	1	1
N???C@_ECLb{XsFw^o?	15	35	15	5	15	133111114100202	1	1
N???C@_ECLb{Xs~_Nw?	15	36	15	5	15	111441111320200	1	1
N???C@_ECLb{Xs~_^o?	15	36	15	5	15	111441111320200	1	1
N???C@_ECLnHFwXs^o?	15	35	15	5	16	144441141123000	1	1
N???C@_ECLouFwXs^o?	15	34	15	5	16	144441113322000	1	1
N???C@_ECLrcWtFw^o?	15	34	15	5	16	144111441222300	1	1
N???C@_ECLrsFwXs^o?	15	35	15	5	15	133111114100022	1	1
N???C@_ECL~?FwXs?}_	15	33	15	5	16	333331111104000	1	1
N???C@_ECp?}xcXuNw?	15	34	15	4	14	311331110440002	1	1
N???C@_ECpOuFw~_Kz?	15	34	15	6	16	411441114330002	1	1
N???C@_EKpB{xcXuNw?	15	36	15	6	12	244224442113003	1	1
N???C@_EKpB{xcXu^o?	15	36	15	6	12	244224442113003	1	1
N???C@_EKp[AXuFx^o?	15	35	15	6	14	444111113443020	1	1
N???C@_EKxKZFwxc^o?	15	36	15	6	14	144111443223000	1	1
N???C@_EK|[qFwXs^o?	15	37	15	5	13	133441114302020	1	1
N???C@_F?wOVWuFw^o?	15	33	15	5	13	111444111332200	1	1
N???C@_FCDkYFwFw^o?	15	34	15	5	16	111444111322000	1	1
N???C@_FCDkYFwfg^o?	15	34	15	5	16	111444111322000	1	1
N???C@_FCDkYFw~_Nh?	15	35	15	4	17	444111444233000	1	1
N???C@_FCDkYFw~_Nw?	15	35	15	4	15	111444111322000	1	1
N???C@_FCDkYFw~_^o?	15	35	15	5	15	111444111322000	1	1
N???C@_FCDrcWtFw^o?	15	34	15	5	15	133111334030402	1	1
N???C@_SCPb{Js~_Mx?	15	35	15	4	15	141111113342200	1	1
N???C@_SCXmXFwJs^o?	15	35	15	5	16	124411441123000	1	1
N???C@_SC\b{Js~_Nw?	15	37	15	5	12	144411113322200	1	1
N???C@_SF_RsjcB}Nw?	15	35	15	6	14	144411113330020	1	1
N???C@_UCHcyFw~_NX?	15	35	15	4	17	414114442233000	1	1
N???C@_UCLcyFw~_Nw?	15	36	15	5	14	141441111322000	1	1
N???C@_UCLcy]QFw^o?	15	35	15	5	15	141441111322300	1	1
N???C@_W?o[p@}^oRu?	15	33	15	6	13	144111113310202	1	1
N???C@_W?w[P?}^oRu?	15	32	15	5	16	300333331121042	1	1
N???C@_WF_RuB}B}Nw?	15	37	15	4	10	133111114440002	1	1
N???C@_WF_RuB}^oB}?	15	37	15	4	10	222444441110030	1	1
N???C@_WF_RuB}^oNw?	15	37	15	6	9	133111114440022	1	1
N???C@_WF_RufkB}Nw?	15	37	15	5	10	422444441110003	1	1
N???C@_WF_]?^ofk@~_	15	35	15	5	11	000033331111422	1	1
N???C@_WF_^ofkB}Nw?	15	37	15	6	9	144111113330220	1	1
N???C@_WFo?~^oF{Ru?	15	37	15	5	11	133111114420200	1	1
N???C@_WFo?~^o^oRu?	15	37	15	6	11	144111113302002	1	1
N???C@_WFo^?@~^oRu?	15	36	15	5	11	333331111144022	1	1
N???C@_WF{Ru~_F{Nw?	15	40	15	5	6	144111113302020	1	1
N???C@_[CXmXB{Fw^o?	15	36	15	6	13	422244441101003	1	1
N???C@_[CXmXB{fg^o?	15	36	15	6	13	422244421101003	1	1
N???C@_[C\`}fg^o^o?	15	38	15	5	9	133311114400022	1	1
N???C@_[F_B{bkB}Nw?	15	36	15	5	11	222244441110003	1	1
N???C@_[F_PufgB}Nw?	15	36	15	6	11	422244441110003	1	1
N???C@_cGYb{fg{aLy?	15	35	15	6	15	344311113402240	1	1
N???C@_cGYb{{aZs^o?	15	36	15	5	15	311311140430202	1	1
N???C@_cGZB{fg{aLy?	15	35	15	5	15	411444442113300	1	1
N???C@_cGZB{{a~_Ly?	15	36	15	5	14	444111113422300	1	1
N???C@_cGZRs{a^oLy?	15	36	15	5	15	244411413422300	1	1
N???C@_cGrB{Xe~_Ly?	15	36	15	5	14	411441142330200	1	1
N???C@_cGrB{xa~_Ly?	15	36	15	5	14	444111113422300	1	1
N???C@_cGrRsXeZs^o?	15	36	15	6	13	311311143442002	1	1
N???C@_cGrRsxa^oLy?	15	36	15	5	15	244114413422300	1	1
N???C@_cGrRsxa~_Ly?	15	36	15	5	15	411411132330002	1	1
N???C@_cG~B{Fw~_Ly?	15	38	15	4	8	333111114300022	1	1
N???C@_cG~B{ZsZs^o?	15	39	15	4	10	444111113422000	1	1
N???C@_cG~B{Zs~_^o?	15	39	15	4	10	444111113422000	1	1
N???C@_cG~B{^oZs^o?	15	39	15	4	10	444111113422000	1	1
N???C@_cG~LyZsZs^o?	15	40	15	3	8	311311113420002	1	1
N???C@_cG~LyZs^o^o?	15	40	15	3	10	311311113420002	1	1
N???C@_cG~LyZs~_^o?	15	40	15	4	10	311311113420022	1	1
N???C@_cG~Ly^o^o^o?	15	40	15	3	11	344111113420000	1	1
N???C@_cG~Ly^o~_^o?	15	40	15	4	12	444111113420000	1	1
N???C@_cG~Ly~_~_^o?	15	40	15	4	10	411111133322000	1	1
N???C@_cIQb{laZs^o?	15	36	15	5	15	341141143430200	1	1
N???C@_cIaDrFw~_Ly?	15	35	15	4	15	411411114332002	1	1
N???C@_cIaDrFw~_Nw?	15	35	15	4	14	441411144332000	1	1
N???C@_cIaTpFw~_Ly?	15	35	15	5	16	341111143432000	1	1
N???C@_cJA@rFwfi^o?	15	34	15	4	14	133111134040002	1	1
N???C@_cJAb{Zsfi^o?	15	37	15	6	11	344111143432020	1	1
N???C@_cJOa|Fw~_Ly?	15	36	15	5	12	144111113432200	1	1
N???C@_cJOrsDyZs^o?	15	36	15	6	12	144111113432200	1	1
N???C@_cJaMGFwBf^o?	15	33	15	5	15	144411141133020	1	1
N???C@_cJaPtFw~_Ly?	15	36	15	5	14	144111113432200	1	1
N???C@_cKXB{[q~_Ly?	15	36	15	5	16	411144112130200	1	1
N???C@_cKpB{~_XuLy?	15	37	15	5	11	244224442113300	1	1
N???C@_cKxKZFwZs^o?	15	37	15	6	13	144111443223000	1	1
N???C@_cK|B{Fw~_Ly?	15	38	15	4	10	111444442133300	1	1
N???C@_cK|B{~_ZsLy?	15	39	15	5	11	144111113422000	1	1
N???C@_cK|B{~_^oLy?	15	39	15	4	11	144111113422000	1	1
N???C@_cK|B{~_~_Ly?	15	39	15	4	11	144111113422000	1	1
N???C@_cK|RsFwZs^o?	15	38	15	4	10	433111134300020	1	1
N???C@_cMOB{Lq~_Ly?	15	35	15	5	15	441111113432200	1	1
N???C@_cMWEXFw~_Ly?	15	35	15	5	17	441144113432200	1	1
N???C@_cM_@|Ju~_Nw?	15	36	15	5	11	331311114440022	1	1
N???C@_cM_B{Ju~_Ly?	15	36	15	5	12	311311113442020	1	1
N???C@_cM_B{Ju~_Nw?	15	36	15	5	12	331311113442022	1	1
N???C@_cMoCzFwZs^o?	15	36	15	5	14	311311113440202	1	1
N???C@_cN?MGbhZsB|?	15	33	15	6	15	022000003233414	1	1
N???C@_cN?RsBu^oB|?	15	35	15	5	13	444111113432202	1	1
N???C@_cN?RsFyZsNw?	15	36	15	5	11	433111114340022	1	1
N???C@_cN?RsFyZs^o?	15	36	15	5	12	133111114340022	1	1
N???C@_cN?^oZsFyB|?	15	37	15	6	9	444111113430022	1	1
N???C@_cN?^oZsFyNw?	15	37	15	5	11	444111113430020	1	1
N???C@_cN?^o~_ZsB|?	15	37	15	5	11	444111113430002	1	1
N???C@_cNOA|Fw~_Ly?	15	36	15	5	12	444111113432200	1	1
N???C@_cNORsDy^oLy?	15	36	15	5	13	344111113432200	1	1
N???C@_cNORsDy~_Ly?	15	36	15	5	14	144111113432200	1	1
N???C@_cN_@zBy^o^o?	15	36	15	6	10	111144442223300	1	1
N???C@_cN_@zByfgNw?	15	35	15	6	13	111144442223300	1	1
N???C@_cN_@zFwZs^o?	15	36	15	5	14	444411113132200	1	1
N???C@_cN_@zFw^o^o?	15	36	15	5	12	444411113332200	1	1
N???C@_cN_@zFwfgLy?	15	35	15	6	13	211244442110330	1	1
N???C@_cN_@zFwfgNw?	15	35	15	5	14	111144441223000	1	1
N???C@_cN_@|Fw~_Ly?	15	36	15	5	12	444111113432200	1	1
N???C@_cN_@|fgFwLy?	15	35	15	5	13	111444442123330	1	1
N???C@_cN_@|fg^oLy?	15	36	15	5	13	344111113432200	1	1
N???C@_cN_@|~_ZsNw?	15	37	15	5	12	444411113332000	1	1
N???C@_cN_MGBfBy^o?	15	33	15	5	13	111144442222330	1	1
N???C@_cN_MGFwBf^o?	15	33	15	6	15	444411111333020	1	1
N???C@_e?Nb{fgXs^@?	15	35	15	6	15	411441111320023	1	1
N???C@_e?Nb{fgXs^o?	15	36	15	5	14	411441111320020	1	1
N???C@_e?NrcWtFw^o?	15	35	15	6	15	144111441232300	1	1
N???C@_e?NrcWt~_Nw?	15	36	15	6	12	144111443232300	1	1
N???C@_e?NrsXs^o^o?	15	37	15	5	13	411441111320200	1	1
N???C@_e?N~@fgXsNw?	15	36	15	6	14	411441111323020	1	1
N???C@_eBA_}Fw~_Rt?	15	35	15	5	15	144111113232202	1	1
N???C@_eBA_}fi^o^o?	15	36	15	6	13	133111134044022	1	1
N???C@_eBA_}}@fiNw?	15	35	15	6	15	444441111342300	1	1
N???C@_eCp?}FwXu^o?	15	35	15	6	13	311331113440202	1	1
N???C@_eCp?}Xu~_Nw?	15	36	15	6	11	311331110440022	1	1
N???C@_eGNGymB~_Nw?	15	36	15	6	12	414441111322300	1	1
N???C@_eGNKy}A~_Nw?	15	37	15	5	14	311114442230200	1	1
N???C@_eGNRsXs}ANw?	15	36	15	5	16	411441111320230	1	1
N???C@_eGjRsXsyaNw?	15	36	15	5	16	144111443222300	1	1
N???C@_eGrKyXeFw^o?	15	36	15	6	12	411441142332200	1	1
N???C@_eGrKyXefg^o?	15	36	15	6	12	144114411223300	1	1
N???C@_eGrRsXe^o^o?	15	37	15	5	11	144114413220300	1	1
N???C@_eGrRsXsxaNw?	15	36	15	5	14	411441142330220	1	1
N???C@_eGrRsXsxa^o?	15	36	15	5	14	144114411220330	1	1
N???C@_eG~B{FwXs^o?	15	38	15	4	10	333111114300022	1	1
N???C@_eG~B{Xs^o^o?	15	39	15	4	12	144111113222000	1	1
N???C@_eG~B{Xs~_^o?	15	39	15	4	12	144111113222000	1	1
N???C@_eG~Ky^o^o^o?	15	40	15	4	11	411441112302000	1	1
N???C@_eG~Ky^o~_^o?	15	40	15	4	11	411441112302000	1	1
N???C@_eG~Ky~_~_^o?	15	40	15	4	10	411441132302000	1	1
N???C@_eJMkyFwFw^o?	15	38	15	5	11	144114441233000	1	1
N???C@_eJMkyFw^o^o?	15	39	15	4	10	311331110400222	1	1
N???C@_eJMkyFwfg^o?	15	38	15	5	11	411441114322000	1	1
N???C@_eJMkyFw~_^o?	15	39	15	5	10	144114423233000	1	1
N???C@_eJaPtFwXs^o?	15	36	15	5	15	144111143232030	1	1
N???C@_eKLB{Xs]Q^o?	15	36	15	5	17	411444412330220	1	1
N???C@_eKhB{XsYq^o?	15	36	15	5	14	411444112330220	1	1
N???C@_eKpB{FwXu^o?	15	37	15	5	11	311331113442202	1	1
N???C@_eKpB{XuXu^o?	15	38	15	6	8	244224442113003	1	1
N???C@_eKpB{Xu^o^o?	15	38	15	5	10	144114441220300	1	1
N???C@_eKpB{Xu~_^o?	15	38	15	5	10	144114423220300	1	1
N???C@_eKpB{fg~_Kz?	15	37	15	5	11	411441114330002	1	1
N???C@_eKxKZXsFw^o?	15	37	15	6	11	422444221001133	1	1
N???C@_eK|B{FwXs^o?	15	38	15	4	12	133111114000022	1	1
N???C@_eK|B{Xs^o^o?	15	39	15	4	12	144111113222000	1	1
N???C@_eK|B{Xs~_^o?	15	39	15	4	12	144111113222000	1	1
N???C@_eK|RsFwXs^o?	15	38	15	4	11	133111134000022	1	1
N???C@_eMKFHFwXs^o?	15	35	15	5	17	111441114323020	1	1
N???C@_eMgDXFwXs^o?	15	35	15	5	17	411411114332020	1	1
N???C@_eMoB{Hu^o^o?	15	37	15	5	12	441441114330200	1	1
N???C@_eMoKyHuFw^o?	15	36	15	6	12	114114441223300	1	1
N???C@_eNGKyEyFw^o?	15	36	15	5	14	444114113230220	1	1
N???C@_eNGKyfgEyNw?	15	36	15	5	15	144114113230220	1	1
N???C@_eNGKyfgEy^o?	15	36	15	5	15	144114113230220	1	1
N???C@_eN_KyByFw^o?	15	36	15	5	14	444111113430220	1	1
N???C@_eN_KyBy^o^o?	15	37	15	5	14	444411113430200	1	1
N???C@_eN_RsXsByNw?	15	36	15	5	15	344111113432020	1	1
N???C@_fg~^o~_^oNw?	15	43	15	3	7	144111113220000	1	1
N???C@_fg~^o~_~_Nw?	15	43	15	3	7	144111113220000	1	1
N???C@_fk|B{Fw~_Nw?	15	41	15	3	7	144111113222200	1	1
N???C@_fk|B{^o^o^o?	15	42	15	3	7	344111143222000	1	1
N???C@_fk|B{^o~_^o?	15	42	15	3	7	144111113222000	1	1
N???C@_fk|RsFw^o^o?	15	41	15	3	6	144111143222200	1	1
N???C@_s?Z}PfgJsNw?	15	36	15	6	14	441411111323020	1	1
N???C@_s?rRsxaJsNw?	15	35	15	5	17	311441142430200	1	1
N???C@_s@Q`}di~_Nw?	15	36	15	6	15	441411113322300	1	1
N???C@_sBAB{Js~_Rt?	15	35	15	5	15	441111131342200	1	1
N???C@_sBQQtJsFw^o?	15	35	15	5	17	441111131340220	1	1
N???C@_sBaPtJsFw^o?	15	35	15	5	16	144411143332000	1	1
N???C@_sCXMXFwJs^o?	15	35	15	5	17	444411113320220	1	1
N???C@_sCp@}Hu^o^o?	15	36	15	6	13	441411113332200	1	1
N???C@_sCpB{XqJs^o?	15	35	15	5	15	411441114330220	1	1
N???C@_sC|@}Js^o^o?	15	38	15	5	12	441411111302200	1	1
N???C@_sC|B{Js^o^o?	15	38	15	4	13	441111133302200	1	1
N???C@_sD_DyRqFwRs?	15	33	15	5	15	344311113440022	1	1
N???C@_sF?RsJs^oB|?	15	35	15	5	14	444111113330002	1	1
N???C@_sFODyfgDyNw?	15	35	15	5	16	444141113330020	1	1
N???C@_sF_DyfgB}Nw?	15	36	15	6	12	331311111440202	1	1
N???C@_u@MrsFw~_Nw?	15	38	15	4	14	144111113002200	1	1
N???C@_uAMCymAfgB{?	15	33	15	5	17	111114441233200	1	1
N???C@_uFGCyEyfgNw?	15	35	15	5	17	444114113030200	1	1
N???C@_uF_CyByfgNw?	15	35	15	5	15	441411111332200	1	1
N???C@_w?r{pfgF{Nw?	15	37	15	5	12	222444441101003	1	1
N???C@_wAqSpfgF{Nw?	15	35	15	5	15	133111114422002	1	1
N???C@_wBABv~_F{Rt?	15	37	15	4	10	133111114440200	1	1
N???C@_wBA^oF{F{Rt?	15	37	15	5	10	444111113330222	1	1
N???C@_wBA^oF{fiRt?	15	37	15	4	10	144111113330222	1	1
N???C@_wBA^o^oF{Rt?	15	37	15	5	9	144111113330022	1	1
N???C@_wBA^o~_fiB}?	15	37	15	5	9	144111113330022	1	1
N???C@_wBaMG~_bjB}?	15	35	15	6	13	133311131144202	1	1
N???C@_wBaPtBm~_B}?	15	36	15	5	13	222444411110030	1	1
N???C@_wBaPtF{F{^o?	15	37	15	6	12	222444411110003	1	1
N???C@_wBaPtF{^o^o?	15	37	15	5	11	133111114440022	1	1
N???C@_wBaPtF{~_^o?	15	37	15	5	11	144111113332200	1	1
N???C@_wBaPtbi~_B}?	15	36	15	5	13	133111114440020	1	1
N???C@_wBaRsBmF{Nw?	15	36	15	5	13	122444421110003	1	1
N???C@_wBaRsBmF{^o?	15	36	15	5	12	222444411113003	1	1
N???C@_wBaRsbiF{Nw?	15	36	15	5	13	122444421110003	1	1
N???C@_wBaRsbiF{^o?	15	36	15	5	13	422444421110003	1	1
N???C@_wCpKxF{F{^o?	15	37	15	6	11	333111114432002	1	1
N???C@_wCpKxF{^o^o?	15	37	15	5	13	133111114402022	1	1
N???C@_wCpKxF{~_^o?	15	37	15	5	13	111444422200300	1	1
N???C@_wCpKxXq~_B}?	15	36	15	6	13	311331113340022	1	1
N???C@_wCpKxfgF{Nw?	15	36	15	5	13	433111114432002	1	1
N???C@_wCpKxfgF{^o?	15	36	15	5	14	133111114402002	1	1
N???C@_wC|B}F{F{Nw?	15	40	15	3	6	333111114400002	1	1
N???C@_wC|B}F{^oNw?	15	40	15	5	7	333111114400022	1	1
N???C@_wC|B}F{~_Nw?	15	40	15	5	7	333111114400022	1	1
N???C@_wC|B}^o^oNw?	15	40	15	4	7	344111113322000	1	1
N???C@_wC|B}~_^oNw?	15	40	15	4	8	144111113322000	1	1
N???C@_wC|B}~_~_Nw?	15	40	15	4	8	144111113322000	1	1
N???C@_wC|RsF{F{Nw?	15	39	15	4	9	133111114400002	1	1
N???C@_wC|RsF{^oNw?	15	39	15	4	9	433111134400022	1	1
N???C@_wC|RsF{~_Nw?	15	39	15	4	9	133111114400022	1	1
N???C@_wC|RsfgF{Nw?	15	38	15	4	10	433111134300002	1	1
N???C@_wF_Rs^oF{@~?	15	37	15	4	10	222444441110300	1	1
N???C@_{?^`}FwfgNw?	15	38	15	4	10	444222220011113	1	1
N???C@_{?^`}fg^oNw?	15	39	15	5	9	111144442233000	1	1
N???C@_{?^`}fg^o^o?	15	39	15	5	9	444411113322000	1	1
N???C@_{?^`}fgfgNw?	15	38	15	5	11	444422222011333	1	1
N???C@_{BQ@}difgNw?	15	36	15	5	15	122444421110003	1	1
N???C@_{BQ@}di~_Nw?	15	37	15	5	13	144111113332200	1	1
N???C@_{Ba@vfgFw^o?	15	36	15	5	13	444411141332000	1	1
N???C@_{Ba@}BmfgNw?	15	36	15	6	12	111144442223300	1	1
N???C@_{Ba@}Bmfg^o?	15	36	15	6	12	111144422223300	1	1
N???C@_{Ba@}bifgNw?	15	36	15	5	13	144411113332200	1	1
N???C@_{Ba@}bifg^o?	15	36	15	5	13	422244421110003	1	1
N???C@_{C|@}FwFwNw?	15	38	15	4	10	111444442233330	1	1
N???C@_{C|@}Fw^oNw?	15	39	15	4	10	444111113322200	1	1
N???C@_{C|@}Fw^o^o?	15	39	15	4	10	333111114400022	1	1
N???C@_{C|@}^o^oNw?	15	40	15	4	9	344111113322000	1	1
N???C@_{C|@}~_^oNw?	15	40	15	4	10	144111113322000	1	1
N???C@_{C|@}~_~_Nw?	15	40	15	4	10	444111133302000	1	1
N???C@_{C|RsB{FwNw?	15	38	15	4	12	411444442033330	1	1
N???C@_{C|RsB{^oNw?	15	39	15	4	11	344111113322200	1	1
N???C@_{C|RsB{~_Nw?	15	39	15	4	11	133111114400022	1	1
N???C@_{C|RsfgB{Nw?	15	38	15	4	11	133111134200002	1	1
N???C@_{FORsB{DyNw?	15	36	15	5	13	222444441110003	1	1
N???C@_{F_B{fgB}Nw?	15	37	15	5	11	444411111330020	1	1
N???C@_{F_RsB}B}Nw?	15	38	15	5	8	222244441113003	1	1
N???C@_{F_RsB}^oNw?	15	38	15	5	9	333311114442022	1	1
N???C@_{F_RsB}~_Nw?	15	38	15	5	9	444411113330200	1	1
N???C@_{F_RsfgB}Nw?	15	37	15	5	11	444411111330020	1	1
N???C@_{F_]?fg^o@~_	15	36	15	5	8	000033331111442	1	1
N???C@_}Fo^?fg@~Nw?	15	38	15	4	8	111113333000242	1	1
N???C@oYCL`{Ds]Q^o?	15	35	15	5	14	144441113322230	1	1
N???C@oYCL`{Ds~_Nw?	15	36	15	5	12	144441113322200	1	1
N???C@o[B_^?bm@~Nw?	15	36	15	5	8	300033331111224	1	1
N???C@o[B_^obm^o@~?	15	38	15	7	5	144411113330202	1	1
N???C@o[CX`}B{[q^o?	15	37	15	6	10	244422220011103	1	1
N???C@o[CXmXB{~_Nw?	15	38	15	5	9	311133330040422	1	1
N???C@o[CXmXB{~_^o?	15	38	15	6	9	311133330040422	1	1
N???C@o[CXpuB{[q^o?	15	37	15	5	10	244422220011103	1	1
N???C@o[C\`}~_~_Nw?	15	40	15	5	6	144411113322000	1	1
N???C@o[C\puB{^o^o?	15	39	15	7	6	411144442233300	1	1
N???C@o[F_NG`lB}^o?	15	36	15	5	10	300033331111224	1	1
N???C@o[F_PuB}B}Nw?	15	38	15	4	7	133311114440002	1	1
N???C@o[F_PuB}^oNw?	15	38	15	6	7	133311114440022	1	1
N???C@o[F_PuB}^o^o?	15	38	15	6	7	133311114440022	1	1
N???C@o[F_PubkB}Nw?	15	37	15	5	8	133311114440002	1	1
N???C@o[Fo^?bk^o?~_	15	37	15	5	11	111113330000424	1	1
N???C@obG^MY[s^o^o?	15	39	15	4	10	144411443203300	1	1
N???C@obG^MY[s~_^o?	15	39	15	5	9	411144132332200	1	1
N???C@obG^MY^o^o^o?	15	40	15	4	10	411144112332000	1	1
N???C@obG^MY^o~_^o?	15	40	15	4	10	411144112332000	1	1
N???C@obG^MY~_~_^o?	15	40	15	4	8	144411423223000	1	1
N???C@obMSEhBw[s^o?	15	35	15	5	16	411144412332320	1	1
N???C@obMW@{Ku[s^o?	15	36	15	6	13	144411443220330	1	1
N???C@obMW@{Ku~_Nw?	15	37	15	5	12	144411443222300	1	1
N???C@obNCBhBw[s^o?	15	35	15	5	16	111144142323300	1	1
N???C@obNOAxBw[s^o?	15	35	15	5	17	111114442123300	1	1
N???C@obN_@|By[s^o?	15	37	15	6	11	111133330104422	1	1
N???C@obN_MYBy^o^o?	15	38	15	5	11	411144442322300	1	1
N???C@obN_MYBy~_^o?	15	38	15	5	11	411144442322300	1	1
N???C@obN_MY[sBy^o?	15	37	15	6	13	311133110400042	1	1
N???C@obg^^o~_^oNw?	15	42	15	3	7	144411113220000	1	1
N???C@obg^^o~_~_Nw?	15	42	15	3	7	144411113220000	1	1
N???C@obno^?}?@znw?	15	38	15	4	9	111113330200042	1	1
N???C@oq?ZPs{aLsNw?	15	35	15	5	15	311144142433200	1	1
N???C@oq@a~?@|biNw?	15	35	15	6	17	411144412320130	1	1
N???C@oqBa@{Lsbi^o?	15	35	15	5	15	144411113032020	1	1
N???C@oqC\?}Ls^o^o?	15	37	15	5	14	444441113322200	1	1
N???C@oqC\?}}@LsNw?	15	36	15	6	14	244441113122300	1	1
N???C@oqC\@{Ls^o^o?	15	37	15	4	14	144411113022000	1	1
N???C@oqDoPsBwPqEy?	15	32	15	5	19	111144442123330	1	1
N???C@oqF_PsByLsNw?	15	35	15	5	14	244411113132200	1	1
N???C@orBaEYBwbi^o?	15	35	15	5	14	144411143233220	1	1
N???C@owBa@}biFs^o?	15	36	15	6	13	144411113332200	1	1
N???C@owC\@m{`FsNw?	15	36	15	6	13	444411113322320	1	1
N???C@owC\@}Fs^o^o?	15	38	15	5	10	444411113322200	1	1
N???C@owF_PsFsB}Nw?	15	36	15	5	11	333311114440002	1	1
N???C@oyBaAyBwbi^o?	15	35	15	5	15	144411113030220	1	1
N???C@oyC\@{Ds^o^o?	15	37	15	4	13	333311114400022	1	1
N???C@o{Ba@}Bmbi^o?	15	37	15	5	10	111144412223330	1	1
N???C@o{Ba@}B{biNw?	15	37	15	5	10	111133330004442	1	1
N???C@o{Ba@}B{bi^o?	15	37	15	5	10	111133330004442	1	1
N???C@o{Ba@}bi~_Nw?	15	38	15	5	9	144411113332200	1	1
N???C@o{Ba@}bi~_^o?	15	38	15	5	9	144411113332200	1	1
N???C@o{C\@}B{^oNw?	15	39	15	6	7	111144442233300	1	1
N???C@o{C\@}B{^o^o?	15	39	15	6	7	111144442233300	1	1
N???C@o{C\@}^o^oNw?	15	40	15	4	7	244411113322000	1	1
N???C@o{C\@}~_^oNw?	15	40	15	4	8	144411113322000	1	1
N???C@o{C\@}~_~_Nw?	15	40	15	4	8	444411113322000	1	1
N???C@o{C\PsB{^oNw?	15	38	15	5	9	133311114400022	1	1
N???C@o{C\PsB{~_Nw?	15	38	15	5	9	411144442233300	1	1
N???C@o{F_MGbhB}^o?	15	36	15	5	10	133311114444002	1	1
N???C@o{F_MGbh^o@~?	15	36	15	5	10	000033331111242	1	1
N???C@o{F_PsB}B}Nw?	15	38	15	4	7	222244441110003	1	1
N???C@o{F_PsB}^oNw?	15	38	15	5	8	244411113332200	1	1
N???C@o{F_PsB}~_Nw?	15	38	15	5	8	000033331112244	1	1
N???C@w]Bo^?`m@~Nw?	15	38	15	4	6	311113330000442	1	1
N???CB?KEO`}Ly~_Nw?	15	36	15	5	13	331131114040022	1	1
N???CB?KEOhyB{Ly^o?	15	35	15	6	15	414411111342200	1	1
N???CB?KEWe\B{Rs^o?	15	35	15	6	16	314411444123000	1	1
N???CB?KEWe\B{^o^o?	15	36	15	6	14	114411442323000	1	1
N???CB?KE[`}Rs~_F{?	15	37	15	5	13	331111144120020	1	1
N???CB?KE[`}~_NwNw?	15	38	15	5	12	331111144120200	1	1
N???CB?KF_EKB}rdNw?	15	34	15	7	15	113311111444002	1	1
N???CB?KF_HyrcNw@~?	15	35	15	5	14	313311111440020	1	1
N???CB?KF_XqB}^oF{?	15	36	15	6	13	033311111440022	1	1
N???CB?MEG_}My~_Nw?	15	36	15	5	13	331113114044022	1	1
N???CB?MEK_}~_NwNw?	15	37	15	5	13	114441111322000	1	1
N???CB?MEK~?@|MYNw?	15	35	15	7	15	114441142320230	1	1
N???CB?MEK~?@|^oF{?	15	36	15	6	12	311114444232300	1	1
N???CB?OV_@|NkNw^o?	15	36	15	5	12	224444411110003	1	1
N???CB?OV_@|NkncNw?	15	36	15	5	14	331111114140022	1	1
N???CB?OV_@|Nk~_Nw?	15	36	15	5	12	331111114440022	1	1
N???CB?OV_@|ncNwNw?	15	36	15	5	13	224444411210300	1	1
N???CB?OV_@|ncNw^o?	15	36	15	5	11	441111133432020	1	1
N???CB?OV_EKByr`Vq?	15	32	15	6	16	111144422121300	1	1
N???CB?OV{NwNkNkFu?	15	40	15	4	5	331111134422000	1	1
N???CB?OV{NwNkNwVq?	15	40	15	5	9	341111143300202	1	1
N???CB?OV{^oNw^oVq?	15	40	15	3	8	441111133300200	1	1
N???CB?OV{^oNwncFu?	15	40	15	4	7	441111133300202	1	1
N???CB?OV{^oNwncF{?	15	40	15	4	6	441111133400202	1	1
N???CB?OV{^oNwncVq?	15	40	15	3	7	441111133400200	1	1
N???CB?OV{^o~_NwVq?	15	40	15	3	6	441111133300020	1	1
N???CB?WBA^ofeNwB}?	15	36	15	6	12	331111144132200	1	1
N???CB?WBaEKbf~_B}?	15	34	15	6	13	133311133144022	1	1
N???CB?WBaPr~_F{F{?	15	36	15	6	14	144411141332000	1	1
N???CB?WCokxHy~_B}?	15	35	15	5	13	144114444123300	1	1
N???CB?WCokx~_F{F{?	15	36	15	5	14	441111113340022	1	1
N???CB?WC{nwNw~_B}?	15	39	15	5	10	331111144422020	1	1
N???CB?WF_RqB}^oF{?	15	36	15	5	13	333111114440020	1	1
N???CB?WFo?~fc^oF{?	15	36	15	6	14	311114444223000	1	1
N???CB?WRaRqBmNw^o?	15	36	15	6	12	144111141332200	1	1
N???CB?WRaRqbeNw^o?	15	36	15	5	12	122444422110033	1	1
N???CB?WS{bu~_NwNw?	15	39	15	5	11	344111141322000	1	1
N???CB?WS{bu~_~_F{?	15	39	15	5	10	441111133302002	1	1
N???CB?WS{rqFkNw^o?	15	38	15	4	10	433111133400020	1	1
N???CB?WS{rqfc~_F{?	15	38	15	4	8	433111133400002	1	1
N???CB?WS{rq~_NwF{?	15	39	15	5	9	344111144322000	1	1
N???CB?WS{rq~_^oF{?	15	39	15	4	9	344111144322000	1	1
N???CB?WS{rq~_~_F{?	15	39	15	4	10	144111144322000	1	1
N???CB?WS{~oNwNwF{?	15	40	15	4	7	331111144322000	1	1
N???CB?WS{~o^oNwF{?	15	40	15	4	9	331111144322000	1	1
N???CB?WS{~o^o^oF{?	15	40	15	3	10	341111143320000	1	1
N???CB?WS{~o~_NwF{?	15	40	15	4	8	441111133400022	1	1
N???CB?WS{~o~_^oF{?	15	40	15	3	10	441111133300002	1	1
N???CB?WS{~o~_~_F{?	15	40	15	3	8	441111133300002	1	1
N???CB?WToGxFkNw^o?	15	35	15	5	16	331111144422002	1	1
N???CB?WToGxfcNwNw?	15	35	15	4	14	214444411232300	1	1
N???CB?WToGxfcNw^o?	15	35	15	4	16	124444422101030	1	1
N???CB?WUoC|FkNw^o?	15	36	15	5	14	224444411110003	1	1
N???CB?WUoC|Fk^o^o?	15	36	15	5	14	441111113332200	1	1
N???CB?WUoC|fc~_F{?	15	36	15	5	13	441111133432002	1	1
N???CB?WV_BuBmNw^o?	15	36	15	6	12	222444421110033	1	1
N???CB?WV_BuByNw^o?	15	36	15	5	13	222444411110003	1	1
N???CB?WV_RqBm^oF{?	15	36	15	6	13	344111141332200	1	1
N???CB?WV_RqBm~_F{?	15	36	15	6	14	144111141332200	1	1
N???CB?WV_RqBy^oF{?	15	36	15	5	15	211444411213000	1	1
N???CB?WV_RqBy~_F{?	15	36	15	5	13	441111133430202	1	1
N???CB?[?Rpq|aNwNw?	15	36	15	5	13	411131133044022	1	1
N???CB?[@b@}be^o^o?	15	36	15	6	13	144411113332200	1	1
N???CB?[BaEKB{bf^o?	15	34	15	6	13	422244424111003	1	1
N???CB?[BaPrB{Nw^o?	15	36	15	6	12	144411111332200	1	1
N???CB?[C[`}Nw~_Nw?	15	38	15	5	12	144411111322000	1	1
N???CB?[C[~?@|^oF{?	15	36	15	6	12	311114444232300	1	1
N???CB?[F_EKbdB}Nw?	15	34	15	6	14	133311111444002	1	1
N???CB?[F_PqB}^oF{?	15	36	15	6	11	033311111440022	1	1
N???CB?[RaMGbfNw^o?	15	36	15	5	8	300033303111244	1	1
N???CB?[RaPr^o~_F{?	15	38	15	4	10	411144414223000	1	1
N???CB?[RaPr~_NwF{?	15	38	15	5	10	144411141332000	1	1
N???CB?[RaPr~_~_F{?	15	38	15	4	10	144411141332000	1	1
N???CB?m@JGyua~_F{?	15	36	15	5	15	311114144233200	1	1
N???CB?m@LGyUQ~_F{?	15	35	15	5	17	111114414233200	1	1
N???CB?m@hGyQq~_F{?	15	35	15	5	15	141111441223300	1	1
N???CB?m@pGzPu~_F{?	15	37	15	7	9	141114441223300	1	1
N???CB?m@pGz~_NwNw?	15	38	15	5	11	414441114332000	1	1
N???CB?m@pGz~_~_F{?	15	38	15	5	11	414441114332000	1	1
N???CB?mAM~oNwNwF{?	15	40	15	4	9	331111144232000	1	1
N???CB?mAM~o^oNwF{?	15	40	15	4	11	341114444230000	1	1
N???CB?mAM~o^o^oF{?	15	40	15	3	11	214441111320000	1	1
N???CB?mAM~o~_NwF{?	15	40	15	4	10	441111133020022	1	1
N???CB?mAM~o~_^oF{?	15	40	15	3	11	411111133020022	1	1
N???CB?mAM~o~_~_F{?	15	40	15	3	10	441111133000002	1	1
N???CB?mDKGyUQNwNw?	15	35	15	4	16	214444411332200	1	1
N???CB?mDKGyUQNw^o?	15	35	15	4	18	214444411332200	1	1
N???CB?mDgGyQqNw^o?	15	35	15	4	15	141111441223300	1	1
N???CB?mDo?~Pu~_F{?	15	37	15	6	9	131113333004422	1	1
N???CB?mDoFCNw~_Gz_	15	36	15	5	10	030003330111442	1	1
N???CB?mDoGzPuNw^o?	15	37	15	6	9	141114441223300	1	1
N???CB?mDoGz~_NwF{?	15	38	15	5	10	214441111332000	1	1
N???CB?mDoGz~_^oF{?	15	38	15	4	10	131113333004222	1	1
N???CB?mDoGz~_~_F{?	15	38	15	4	10	141114444223000	1	1
N???CB?mEKGyMJ^oF{?	15	36	15	6	12	214441114322300	1	1
N???CB?mEKGyMJ~_F{?	15	36	15	6	12	114441114322300	1	1
N???CB?mEKGyMY^oF{?	15	36	15	5	13	241114411233200	1	1
N???CB?mEKGyMY~_F{?	15	36	15	5	14	441114411233200	1	1
N???CB?mFGGyEy~_F{?	15	36	15	5	15	441111133030202	1	1
N???CB?wAqCt~_F{Nw?	15	36	15	5	14	441111113302020	1	1
N???CB?wBACK~_NwBr_	15	33	15	6	13	033000030222441	1	1
N???CB?wBARp^oF{F{?	15	36	15	5	13	331111144432000	1	1
N???CB?wBARp~_FmF{?	15	36	15	6	12	144111141332020	1	1
N???CB?wBARp~_F{F{?	15	36	15	5	11	331111144432200	1	1
N???CB?wBA^oFmNwF{?	15	37	15	5	11	331111144442000	1	1
N???CB?wBA^oFm^oF{?	15	37	15	5	10	444111113330200	1	1
N???CB?wBA^o~_FmF{?	15	37	15	5	9	441111133330022	1	1
N???CB?wBa@v~_F{F{?	15	37	15	5	12	222444411110300	1	1
N???CB?wBaEKbb~_B}?	15	34	15	6	15	144411144133200	1	1
N???CB?wF{B}^o^oF{?	15	41	15	4	7	441111113302002	1	1
N???CB?wF{^oF{^oF{?	15	41	15	4	6	441111133300202	1	1
N???CB?{?^`}Nw^o^o?	15	40	15	5	8	111144442233000	1	1
N???CB?{?^f{Nw~_Nw?	15	41	15	4	9	331111144200020	1	1
N???CB?{?^f{~_^oNw?	15	41	15	4	9	244411113320000	1	1
N???CB?{?^f{~_~_Nw?	15	41	15	4	8	331111144400222	1	1
N???CB?{@b@}B{raNw?	15	36	15	6	12	111144442213300	1	1
N???CB?{@b@}ra^oNw?	15	37	15	5	14	314411144430200	1	1
N???CB?{@b@}ra~_Nw?	15	37	15	5	14	441111133322000	1	1
N???CB?{@bMGBf~_F{?	15	35	15	6	13	144411141333200	1	1
N???CB?{@bMGBlbbNw?	15	34	15	6	13	411144414222330	1	1
N???CB?{@bMGBlraF{?	15	34	15	6	15	144411141333220	1	1
N???CB?{@bMGBlraNw?	15	34	15	6	15	144411141333220	1	1
N???CB?{@bMGB{Bf^o?	15	34	15	6	14	111144412222330	1	1
N???CB?{AYETB{Nw^o?	15	36	15	5	16	224444411110003	1	1
N???CB?{AYETB{^o^o?	15	36	15	5	14	444411113323200	1	1
N???CB?{AYUPB{~_F{?	15	36	15	5	14	244411411323200	1	1
N???CB?{Ba@vB{Nw^o?	15	37	15	6	11	444411111332200	1	1
N???CB?{Ba@v~_NwF{?	15	38	15	5	11	444411141332000	1	1
N???CB?{Ba@v~_^oF{?	15	38	15	5	11	444411113332000	1	1
N???CB?{Ba@v~_~_F{?	15	38	15	5	11	444411141332000	1	1
N???CB?{BaMGNwBn^o?	15	36	15	5	10	133311131444202	1	1
N???CB?{EW@}Ky~_Nw?	15	37	15	5	13	441111113332200	1	1
N???CB?{F_@~^oNw^o?	15	39	15	5	8	333311114440222	1	1
N???CB?{F_EKr`B}Nw?	15	35	15	6	13	222244441111303	1	1
N???CB?{F_MG~_BnF{?	15	36	15	5	10	000033331111424	1	1
N???CB?~`~Nw^o^oNw?	15	45	15	2	6	341111113020000	1	1
N???CB?~f{F{Nw^oNw?	15	45	15	3	5	441111113002200	1	1
N???CB?~f{F{^o^oNw?	15	45	15	2	5	411111133002222	1	1
N???CB?~f{^oNwNwNw?	15	45	15	3	3	441111133000220	1	1
N???CB?~f{^oNw^oNw?	15	45	15	2	4	411111133000222	1	1
N???CB?~f{^o~_NwNw?	15	45	15	2	3	411111133000022	1	1
N???CB_EVoNGFwxc?v_	15	35	15	5	17	111113310000224	1	1
N???CB_EW~B{xc^o^o?	15	40	15	5	9	333111114000222	1	1
N???CB_EW~[q~_~_Nw?	15	41	15	4	9	444111133220000	1	1
N???CB_E[kLHFwxc^o?	15	36	15	5	16	444111133200200	1	1
N???CB_E[wKXFwxc^o?	15	36	15	5	15	444111413223230	1	1
N???CB_E^_@|xc~_Nw?	15	38	15	5	11	444111113232300	1	1
N???CB_Fg|Rof_WVnw?	15	38	15	4	8	133111134000042	1	1
N???CB_Fw~B{~_^oNw?	15	43	15	3	4	444111113222000	1	1
N???CB_Fw~B{~_~_Nw?	15	43	15	4	4	444111113222000	1	1
N???CB_Fw~Nw^o^o^o?	15	44	15	3	5	444111113220000	1	1
N???CB_Fw~Nw^o~_^o?	15	44	15	3	5	444111113220000	1	1
N???CB_Fw~Nw~_~_^o?	15	44	15	3	4	444111133220000	1	1
N???CB_Fz}Nw^o^o^o?	15	45	15	2	6	111444442300000	1	1
N???CB_Fz}Nw^o~_^o?	15	45	15	2	6	111444442300000	1	1
N???CB_Fz}Nw~_~_^o?	15	45	15	2	6	444111113200000	1	1
N???CB_Fz}^o~_~_^o?	15	45	15	2	4	111444422300000	1	1
N???CB_SO\b{jc~_Nw?	15	38	15	5	13	444411143322200	1	1
N???CB_SO~B{jc^o^o?	15	39	15	4	11	444111133422000	1	1
N???CB_SO~Tq~_~_Nw?	15	40	15	3	12	441111133320000	1	1
N???CB_SSwKXjcFwNw?	15	35	15	4	16	214444411232300	1	1
N???CB_SSwKXjcFw^o?	15	35	15	4	17	444111133423020	1	1
N???CB_SUWEXFwjc^o?	15	35	15	4	16	441111133432200	1	1
N???CB_SV_@vjcFwNw?	15	36	15	6	14	444111113132020	1	1
N???CB_SV_@|jcFwNw?	15	36	15	5	14	222444411210303	1	1
N???CB_UQqSrFw^o^o?	15	38	15	4	12	414114410223000	1	1
N???CB_WO|buFk~_Nw?	15	39	15	6	5	333111134400022	1	1
N???CB_WO|bu~_~_Nw?	15	40	15	5	6	444111143322000	1	1
N???CB_WO|b{Fkfc^o?	15	38	15	4	8	444222240011113	1	1
N???CB_WO|b{Fk~_Nw?	15	39	15	5	7	333111134400022	1	1
N???CB_WO|b{Fk~_^o?	15	39	15	6	7	444111133322200	1	1
N???CB_WO|b{^o^o^o?	15	40	15	4	8	444111113322000	1	1
N???CB_WO|b{^o~_^o?	15	40	15	4	8	444111113322000	1	1
N???CB_WO|b{fc~_Nw?	15	39	15	5	9	444111143322200	1	1
N???CB_WO|b{fc~_^o?	15	39	15	5	9	444111133322000	1	1
N???CB_WO|b{~_~_^o?	15	40	15	4	6	444111133322000	1	1
N???CB_WO|~o~_^oNw?	15	41	15	3	7	111444412230000	1	1
N???CB_WO|~o~_~_Nw?	15	41	15	3	7	111444412230000	1	1
N???CB_WO~B{FkfcNw?	15	38	15	4	10	333111114400002	1	1
N???CB_WO~B{Fkfc^o?	15	38	15	5	10	333111114400002	1	1
N???CB_WO~B{Fk~_Nw?	15	39	15	4	8	111444442233300	1	1
N???CB_WO~B{Fk~_^o?	15	39	15	5	7	333111144400022	1	1
N???CB_WO~B{FwfcNw?	15	38	15	4	10	444111113422200	1	1
N???CB_WO~B{Fwfc^o?	15	38	15	5	8	333111144300022	1	1
N???CB_WO~B{fc^oNw?	15	39	15	4	10	444111113322200	1	1
N???CB_WO~B{fc^o^o?	15	39	15	4	10	444111113322200	1	1
N???CB_WO~B{fcfc^o?	15	38	15	5	10	444111133422000	1	1
N???CB_WO~B{fc~_^o?	15	39	15	4	9	444111133322000	1	1
N???CB_WO~Rq~_~_Nw?	15	40	15	3	10	144111113322000	1	1
N???CB_WO~Rq~_~_^o?	15	40	15	3	8	111444422230000	1	1
N???CB_WUoCxFk~_Nw?	15	36	15	4	14	444111143300200	1	1
N???CB_WUoCxFwFk^o?	15	35	15	5	15	222444411130003	1	1
N???CB_WUoCxFwfc^o?	15	35	15	4	16	441111133432200	1	1
N???CB_WV_BuBm^o^o?	15	37	15	6	9	333111134440022	1	1
N???CB_WV_BuBmfcNw?	15	36	15	5	11	111444412223330	1	1
N???CB_WV_BuBy~_Nw?	15	37	15	5	10	333111114440022	1	1
N???CB_WV_BufcByNw?	15	36	15	5	13	444111113332020	1	1
N???CB_WV_B{FkBm^o?	15	36	15	5	11	111444412223330	1	1
N???CB_WV_B{FkBy^o?	15	36	15	5	11	111444422223330	1	1
N???CB_WV_B{fcBmNw?	15	36	15	5	13	444111113332020	1	1
N???CB_WV_B{fcBm^o?	15	36	15	6	12	444111133332020	1	1
N???CB_WV_B{fcByNw?	15	36	15	5	13	222444441110003	1	1
N???CB_WV_B{fcBy^o?	15	36	15	5	12	222444411110303	1	1
N???CB_[Ra@vFwFw^o?	15	37	15	5	13	144411141332000	1	1
N???CB_[Ra@vFw^o^o?	15	38	15	5	11	000033301112244	1	1
N???CB_[Ra@vFw~_^o?	15	38	15	5	11	333311134440022	1	1
N???CB_[RaB{Fwbe^o?	15	37	15	5	13	144411141330020	1	1
N???CB_[RaB{be^o^o?	15	38	15	4	11	133311134442022	1	1
N???CB_[RaB{be~_^o?	15	38	15	4	11	144411143330200	1	1
N???CB_e?N_}FwXs^o?	15	36	15	5	12	444441113322220	1	1
N???CB_e?Nb{FwXs^o?	15	37	15	5	13	111444442133300	1	1
N???CB_e?Nb{Xs^o^o?	15	38	15	5	13	444441113322200	1	1
N???CB_e?Nb{Xs~_^o?	15	38	15	5	13	444441113322200	1	1
N???CB_e?N~@FwXs^o?	15	37	15	6	14	244441113323000	1	1
N???CB_e?jB{yaXs^o?	15	36	15	5	16	311414142430200	1	1
N???CB_e?lLHXsFw^o?	15	35	15	5	17	444111113023020	1	1
N???CB_e?r?}Xe~_Nw?	15	36	15	6	14	411441142332200	1	1
N???CB_e?r?}XsXe^o?	15	35	15	6	15	144114420221330	1	1
N???CB_e?r?}Xsxa^o?	15	35	15	6	15	411441130342200	1	1
N???CB_e?rB{XeXs^o?	15	36	15	6	14	411441142330220	1	1
N???CB_e?rB{Xe^o^o?	15	37	15	5	12	444114413222300	1	1
N???CB_e?rB{xaXsNw?	15	36	15	5	14	244114413120300	1	1
N???CB_e?rB{xaXs^o?	15	36	15	5	15	111441142330220	1	1
N???CB_e?r[pXeFwNw?	15	36	15	6	12	244114411223300	1	1
N???CB_e?x?}Wu^o^o?	15	36	15	6	14	411444112332200	1	1
N???CB_e?xB{WuXs^o?	15	36	15	6	14	411444112330220	1	1
N???CB_e?~B{FwXs^o?	15	38	15	5	10	333111114300022	1	1
N???CB_e?~KyFwXs^o?	15	38	15	5	13	411441114302020	1	1
N???CB_e?~KyFw^o^o?	15	39	15	4	12	444111113020200	1	1
N???CB_e?~KyFw~_^o?	15	39	15	4	11	444111133020200	1	1
N???CB_e?~Ky~_^oNw?	15	40	15	3	13	411441112302000	1	1
N???CB_e?~Ky~_~_Nw?	15	40	15	3	12	411111133322000	1	1
N???CB_e?~Ky~_~_^o?	15	40	15	3	10	144444422233000	1	1
N???CB_eAaB{XsjaNw?	15	35	15	4	16	341411144430020	1	1
N???CB_eAaB{Xsja^o?	15	35	15	4	17	411111133342200	1	1
N???CB_eEKFHXsFwNw?	15	35	15	4	17	241114411132000	1	1
N???CB_eEKFHXsFw^o?	15	35	15	4	18	441111133032020	1	1
N???CB_eEgDXFwXs^o?	15	35	15	4	18	114141442223000	1	1
N???CB_eFG?}EyXs^o?	15	35	15	6	15	444111113132200	1	1
N???CB_eFGKyEyFw^o?	15	36	15	5	14	222444411313003	1	1
N???CB_eF_KyByFw^o?	15	36	15	5	14	222244441113003	1	1
N???CB_fBEb{FwFw^o?	15	38	15	5	10	111444422013330	1	1
N???CB_fBEb{Fw^o^o?	15	39	15	4	12	333111114020022	1	1
N???CB_fBEb{Fw~_^o?	15	39	15	4	11	444111133042200	1	1
N???CB_fBEb{^o^o^o?	15	40	15	3	12	211444112320000	1	1
N???CB_fBEb{^o~_^o?	15	40	15	3	12	444111133032000	1	1
N???CB_fBEb{~_~_^o?	15	40	15	3	10	111444422023000	1	1
N???CB_fCsKYXQFwNw?	15	35	15	4	15	211444411332200	1	1
N???CB_fCsKYXQFw^o?	15	35	15	4	16	144111143223300	1	1
N???CB_fCwBcFwWv^o?	15	36	15	5	12	033000330111424	1	1
N???CB_fCwB{FwWu^o?	15	37	15	5	13	211444111330020	1	1
N???CB_fCwB{Wu~_Nw?	15	38	15	4	12	211444111330200	1	1
N???CB_fCwB{Wu~_^o?	15	38	15	4	12	144111420220300	1	1
N???CB_fCwKZWuFw^o?	15	37	15	6	11	422444221001133	1	1
N???CB_fEcDhWsFwNw?	15	35	15	4	18	241444411332200	1	1
N???CB_fEcDhWsFw^o?	15	35	15	4	18	441111133032020	1	1
N???CB_fEoCxWsFw^o?	15	35	15	4	17	114111440223300	1	1
N???CB_fFCBdWtFwNw?	15	36	15	6	13	444111443232300	1	1
N???CB_fFCBdWtFw^o?	15	36	15	6	13	000333001212124	1	1
N???CB_fFCKYFYFwNw?	15	36	15	5	13	222444241011003	1	1
N???CB_fFCKYFYFw^o?	15	36	15	5	13	333111314044002	1	1
N???CB_fF_KYByFw^o?	15	36	15	5	14	000033331414224	1	1
N???CB_fc{RoFgWVnw?	15	38	15	4	8	433111133000042	1	1
N???CB_s?^b{Js^o^o?	15	39	15	5	9	444411113322200	1	1
N???CB_s?xCZB{^o^o?	15	36	15	6	14	444411113322200	1	1
N???CB_s?xKXJsFw^o?	15	35	15	5	16	444111113323020	1	1
N???CB_s?~B{Js^o^o?	15	39	15	4	10	444111113322200	1	1
N???CB_s?~Dy~_^oNw?	15	40	15	3	10	441111113322000	1	1
N???CB_s?~Dy~_~_Nw?	15	40	15	3	9	441111133322000	1	1
N???CB_s@aXpFwJsNw?	15	35	15	4	16	441111133340220	1	1
N???CB_sAQB{Jsla^o?	15	35	15	4	14	441111133342200	1	1
N???CB_sAYUPFwJs^o?	15	35	15	4	16	444411113323220	1	1
N???CB_sBABtFwJs^o?	15	35	15	5	14	444111113332200	1	1
N???CB_sBABtJs^o^o?	15	36	15	4	13	444111113332000	1	1
N???CB_sBAEGFiJsXo_	15	31	15	5	19	000333301111244	1	1
N???CB_sBARpFiJsNw?	15	35	15	5	13	344111143432200	1	1
N???CB_sBARpFwJsNw?	15	35	15	4	15	344111143432200	1	1
N???CB_sBARpFwJs^o?	15	35	15	4	14	441111133340220	1	1
N???CB_sBa@vFwJs^o?	15	36	15	6	13	444411113332220	1	1
N???CB_sDWIXFwJs^o?	15	35	15	4	16	441111133304220	1	1
N???CB_u@Mb{Fw^o^o?	15	39	15	4	12	444111113002200	1	1
N???CB_u@Mb{^o^o^o?	15	40	15	3	12	241441113320000	1	1
N???CB_u@Mb{^o~_^o?	15	40	15	3	11	441111133322000	1	1
N???CB_uAMV@HsFw^o?	15	35	15	4	16	111114442232300	1	1
N???CB_uAiTPHsFw^o?	15	35	15	4	18	444111133020220	1	1
N???CB_uDKCyUQFwNw?	15	35	15	4	16	241441111322300	1	1
N???CB_uDKCyUQFw^o?	15	35	15	4	17	114114410233200	1	1
N???CB_uEKCyMQFwNw?	15	35	15	4	18	241444411332200	1	1
N???CB_uEoB{Hu~_Nw?	15	38	15	4	11	331331114442022	1	1
N???CB_w?r{pF{^o^o?	15	39	15	6	8	333111114404022	1	1
N???CB_w?~b}F{^o^o?	15	42	15	5	3	333111114400022	1	1
N???CB_w?~b}^o^o^o?	15	42	15	5	4	444111113322000	1	1
N???CB_w?~b}^o~_^o?	15	42	15	5	4	333111114400222	1	1
N???CB_w?~nw^o^o^o?	15	42	15	3	5	444111113320000	1	1
N???CB_w?~nw^o~_^o?	15	42	15	3	5	111444442230000	1	1
N???CB_w?~nw~_~_^o?	15	42	15	3	4	444111133320000	1	1
N???CB_wAaTp^oF{^o?	15	37	15	4	12	444111113300020	1	1
N???CB_wAqSpF{^o^o?	15	37	15	4	12	333111114404022	1	1
N???CB_wBANwF{~_Bv?	15	38	15	6	7	333111114442020	1	1
N???CB_wBANw^oFm^o?	15	38	15	4	7	111444412220030	1	1
N???CB_wBANw~_FmBv?	15	38	15	6	6	333111134442200	1	1
N???CB_wBANw~_~_Bv?	15	38	15	4	7	444111113330002	1	1
N???CB_wBARp^oFmBv?	15	37	15	4	8	333111134440200	1	1
N???CB_wBARp^oF{Nw?	15	37	15	4	10	444111113330020	1	1
N???CB_wBARp^oF{^o?	15	37	15	4	10	444111113330020	1	1
N???CB_wBARp^o^oBv?	15	37	15	5	9	344111143332002	1	1
N???CB_wBARp^o~_Bv?	15	37	15	5	9	444111143332002	1	1
N???CB_wBARpfa^oBv?	15	36	15	5	11	344111143332202	1	1
N???CB_wBARpfa^oB}?	15	36	15	5	12	344111144432200	1	1
N???CB_wBa@vBm~_B}?	15	37	15	5	10	111133310004424	1	1
N???CB_wBa@vF{F{^o?	15	38	15	5	9	222444411110003	1	1
N???CB_wBa@vF{^o^o?	15	38	15	6	9	333111114440022	1	1
N???CB_wBa@vF{~_^o?	15	38	15	6	8	333111144440022	1	1
N???CB_wBaPpBm~_B}?	15	36	15	6	12	444111133330202	1	1
N???CB_wBaPpF{F{^o?	15	37	15	6	11	333111114422002	1	1
N???CB_wBaPpF{^o^o?	15	37	15	4	12	333111114422022	1	1
N???CB_wBaPpF{~_^o?	15	37	15	4	10	111444422220300	1	1
N???CB_wF_^oB}^oB}?	15	39	15	6	6	333111114442020	1	1
N???CB_{?^`}Fw^o^o?	15	40	15	6	6	111144442233300	1	1
N???CB_{?^b{Fw^o^o?	15	40	15	5	7	333111114400022	1	1
N???CB_{?^b{~_^oNw?	15	41	15	4	7	444111113322000	1	1
N???CB_{?^b{~_~_Nw?	15	41	15	4	7	444111113322000	1	1
N???CB_{Ba@vB{Fw^o?	15	37	15	5	10	444422220001113	1	1
N???CB_{Ba@vFwFw^o?	15	37	15	6	12	333111114420002	1	1
N???CB_{Ba@vFw^o^o?	15	38	15	5	10	333311114440022	1	1
N???CB_{Ba@vFw~_^o?	15	38	15	5	10	333311114440022	1	1
N???CB_{BaMGFw~_@v_	15	36	15	5	11	000033301111442	1	1
N???CB_{FO@}Dy~_Nw?	15	38	15	5	9	333111114440022	1	1
N???CB_{F_B{B}^o^o?	15	39	15	5	7	333311114440022	1	1
N???CB_{F_MGFw~_@v_	15	36	15	5	10	000033331111242	1	1
N???CBoB~{^o~_^oNw?	15	45	15	2	6	111144442300000	1	1
N???CBoB~{^o~_~_Nw?	15	45	15	2	5	111144422300000	1	1
N???CBoYUKQqMQBw^o?	15	35	15	4	17	114141140322300	1	1
N???CBoYV_QqBy~_Nw?	15	38	15	4	12	000033331414244	1	1
N???CBob_^MI~_~_Nw?	15	40	15	3	10	111144412332000	1	1
N???CBob_^MI~_~_^o?	15	40	15	3	9	111144422332000	1	1
N???CBobfOAxBw[S^o?	15	35	15	4	16	111144442323320	1	1
N???CBor?^EY~_~_Nw?	15	40	15	3	13	111144442030000	1	1
N???CBorDS@{KsTQ^o?	15	35	15	4	20	141414140020030	1	1
N???CBoy?^Ay~_~_Nw?	15	40	15	3	10	111444422233000	1	1
N???CBo{?^`}~_~_Nw?	15	42	15	5	4	444411113322000	1	1
N???CBo{?^~o^o^oNw?	15	43	15	3	5	111144442230000	1	1
N???CBo{?^~o~_^oNw?	15	43	15	3	5	111144442230000	1	1
N???CBo{?^~o~_~_Nw?	15	43	15	3	5	111144422230000	1	1
N???CBo{AYUPB{~_Nw?	15	38	15	4	10	000033331121244	1	1
N???CBo{Ba@v^o^o^o?	15	40	15	4	7	111144412223000	1	1
N???CBo{Ba@v^o~_^o?	15	40	15	4	7	111144412223000	1	1
N???CBo{BaMGBn~_Nw?	15	38	15	4	7	111133310000422	1	1
N???CBo{BaMGB{bb^o?	15	36	15	5	12	033300002222114	1	1
N???CBo{BaMGB{~_@v_	15	37	15	5	9	111133310000424	1	1
N???CBo{BaPpB{B{^o?	15	37	15	5	10	111144442223330	1	1
N???CBo{BaPpB{^oNw?	15	38	15	4	10	244411113332200	1	1
N???CBo{BaPpB{~_Nw?	15	38	15	4	10	000033331112244	1	1
N???CBo{BaPpB{~_^o?	15	38	15	4	10	111144422220300	1	1
N???CBo{F_@~B}^o^o?	15	41	15	6	3	111133330004422	1	1
N???CBo{F_@~^o^o^o?	15	41	15	4	4	111144442223000	1	1
N???CBo{F_@~^o~_^o?	15	41	15	4	4	111133330004222	1	1
N???CBo{F_MG^o~_@v_	15	38	15	4	6	111144442222003	1	1
N???CBo{F_NG@nB}^o?	15	38	15	4	8	111133330000442	1	1
N???CBw}Fo^?@~^o^o?	15	42	15	3	3	000003331111244	1	1
N???CB}~f{^o~_^o^o?	15	50	15	1	0	200000031111141	1	1
N???E?oB?F`kNorg]Q_	15	33	15	6	17	111133133444220	1	1
N???E?oB?F`{Ksok^o?	15	32	15	6	18	444444111122220	1	1
N???E?oB?F`{{cNoXs?	15	33	15	6	19	444411133122000	1	1
N???E?oB?Ffgrg{cWU_	15	33	15	5	17	331111340040224	1	1
N???E?oB?Ffwrg{cFw?	15	34	15	5	17	331111143330220	1	1
N???E?oB?Ffwrg{c^`?	15	35	15	4	18	111111333342220	1	1
N???E?oB?Ffwrg{c^o?	15	35	15	4	18	111144111320020	1	1
N???E?oB?ZEYok~_]R?	15	34	15	4	16	111144122332202	1	1
N???E?oB?^EYBwok^o?	15	33	15	6	19	444411133120200	1	1
N???E?oB?^EYokNo^o?	15	34	15	5	18	331111141100202	1	1
N???E?oB?^EYok{E^o?	15	34	15	5	17	444411133223330	1	1
N???E?oB?^EYok~_^o?	15	35	15	6	17	441111132222300	1	1
N???E?oBOZWUNorg]R?	15	35	15	6	15	111133133440220	1	1
N???E?oBOZWUNo{e^o?	15	36	15	6	13	333311314004242	1	1
N???E?oBO^WUNorg]B?	15	35	15	6	17	330011141002024	1	1
N???E?oBO^WUNo{cXs?	15	35	15	6	17	111144144332020	1	1
N???E?oBO^WUNo{c^o?	15	36	15	6	15	444411413223030	1	1
N???E?oBO^WU{ENP^o?	15	36	15	6	16	444411113223300	1	1
N???E?oBO^WU{ENo^o?	15	36	15	6	14	333311114004422	1	1
N???E?oBW^@{No{cXs?	15	36	15	5	14	333300020111124	1	1
N???E?oBW^]QNorg]B?	15	37	15	5	13	222244411001331	1	1
N???E?oBW^]QNorg^o?	15	38	15	5	13	444411133223000	1	1
N???E?oBXUY`rg{cFw?	15	35	15	6	18	441411131223002	1	1
N???E?oBXYFwrgse^o?	15	37	15	6	13	441411431220030	1	1
N???E?oBXe@{rI{cFw?	15	35	15	6	16	113300302141124	1	1
N???E?oBXe@{rI{c^o?	15	36	15	6	16	111133103414202	1	1
N???E?oBXePd[drg^o?	15	36	15	6	14	144411411232300	1	1
N???E?oBXeXdrg{cFw?	15	36	15	6	16	113311304040022	1	1
N???E?oBXeXdrg{c^o?	15	37	15	6	13	114411423432200	1	1
N???E?oBXqFw{cpiXs?	15	36	15	6	16	114441123430022	1	1
N???E?oBXqFw{cpi^o?	15	37	15	6	14	441114432422030	1	1
N???E?oB^cfwrgNoXs?	15	38	15	5	15	334411143000202	1	1
N???E?oB^cfwrgNo^o?	15	39	15	5	14	444411413230000	1	1
N???E?oB^cfwrg~_^o?	15	40	15	4	12	111144122320000	1	1
N???E?oB^c}QNorg^o?	15	39	15	4	12	111133100400222	1	1
N???E?oB_[EJoMBw^o?	15	32	15	5	16	444411144223300	1	1
N???E?oBw^@{Norg^o?	15	38	15	4	10	444411133222000	1	1
N???E?oBw^FwNorg^o?	15	39	15	4	11	441111131222200	1	1
N???E?oBw^Fwrg~_^o?	15	40	15	4	10	444411133220000	1	1
N???E?oBx}FwNorg^o?	15	40	15	4	9	441111134222200	1	1
N???E?oBx}XsNorg^o?	15	40	15	4	11	334411143002020	1	1
N???E?oBx}XsNo~_^o?	15	41	15	4	10	441111131220200	1	1
N???E?oBx}Xs~_~_^o?	15	42	15	4	10	444411133200000	1	1
N???E?oB~o^?Norg?|_	15	37	15	6	13	444441111233002	1	1
N???E?oIONFw}ArgYq?	15	35	15	6	18	220224414200133	1	1
N???E?oIOZFwpkse^o?	15	36	15	6	15	114141143330220	1	1
N???E?oIOZFwrg{aYq?	15	35	15	6	17	114144124330022	1	1
N???E?oIO^WeMptc^o?	15	36	15	7	14	114441423132300	1	1
N???E?oIO^WutcNo^o?	15	37	15	6	15	441111131420020	1	1
N???E?oIO^YqrgNo^o?	15	37	15	5	15	441111131420020	1	1
N???E?oIPi@{qitc^o?	15	35	15	6	16	114414123133200	1	1
N???E?oIPq@{tcpm^o?	15	36	15	6	14	113331104440002	1	1
N???E?oIU@`{tcNq^o?	15	36	15	6	13	441111132432020	1	1
N???E?oIUP@{Lqtc^o?	15	35	15	6	15	441141132432200	1	1
N???E?oIU_`|Nopk^o?	15	36	15	6	14	441111131432200	1	1
N???E?oIU_fGBypl^o?	15	35	15	6	16	113133303101422	1	1
N???E?oIV_FwByrgYq?	15	35	15	6	16	334111141340022	1	1
N???E?oJPe@{scrI^o?	15	35	15	6	17	114144124313200	1	1
N???E?oJUc`{rgNo^o?	15	37	15	5	14	441411131232020	1	1
N???E?oJUc}ONorg@l_	15	36	15	6	14	113133103400224	1	1
N???E?oJVCBhBwscXs?	15	33	15	6	18	113344124323020	1	1
N???E?oJV_YQByrgFw?	15	35	15	6	16	331311141044020	1	1
N???E?oKOZ@{oe~_Xu?	15	35	15	5	15	111144124133200	1	1
N???E?oKOZ@{{ark^o?	15	36	15	6	14	111133103144022	1	1
N???E?oKOZFwNo{aXu?	15	36	15	6	15	221144412200003	1	1
N???E?oKOZFw{arkXu?	15	37	15	7	13	113311134432200	1	1
N???E?oKOZFw{a~_Xu?	15	37	15	6	15	114411123320002	1	1
N???E?oKO^@{Nork^o?	15	37	15	5	13	114411113322020	1	1
N???E?oKO^@{rkrk^o?	15	38	15	4	12	444411131422000	1	1
N???E?oKO^@{rk~_^o?	15	38	15	5	12	444411131422000	1	1
N???E?oKO^FwNo~_Xu?	15	38	15	5	11	334411143300002	1	1
N???E?oKO^Fwrkrk^o?	15	39	15	6	10	113311134402002	1	1
N???E?oKO^Fwrk~_^o?	15	39	15	5	11	113311134402022	1	1
N???E?oKO^XELprk^o?	15	37	15	5	14	113311134400202	1	1
N???E?oKO^Xurkrk^o?	15	40	15	3	8	113311104400002	1	1
N???E?oKO^Xurk~_^o?	15	40	15	5	8	113311104400022	1	1
N???E?oKO^Xu~_~_^o?	15	40	15	5	8	114411123322000	1	1
N???E?oKPY@{sa~_Xu?	15	35	15	6	15	114144124133200	1	1
N???E?oKSP@{Pe~_Xu?	15	34	15	4	16	114411123322202	1	1
N???E?oKTO@{Ta~_Xu?	15	34	15	6	16	114411123302002	1	1
N???E?oKTo@{Pmrk^o?	15	36	15	5	14	442244401130003	1	1
N???E?oKU@@{Be~_Xu?	15	34	15	4	16	114411123322202	1	1
N???E?oKU@@{Be~_^o?	15	34	15	6	14	444411133332200	1	1
N???E?oKU@]?BxBf^o?	15	33	15	5	14	111144422222330	1	1
N???E?oKU@`k{`rkFx?	15	35	15	6	16	441111134434002	1	1
N???E?oKU@`{rkNq^o?	15	37	15	6	13	441111131432020	1	1
N???E?oKU@}?BxrkFx?	15	35	15	6	14	112244421121003	1	1
N???E?oKV?BxBy~_Xu?	15	36	15	7	12	444111131432200	1	1
N???E?oKV_@vByNoXu?	15	36	15	5	15	111144424123330	1	1
N???E?oKV_@vByrk^o?	15	37	15	5	13	222244411110003	1	1
N???E?oKV_@|ByNoXu?	15	36	15	5	13	111144424123330	1	1
N???E?oKV_@|Byrk^o?	15	37	15	6	11	111144424123300	1	1
N???E?oKV_@|rkrk^o?	15	38	15	5	12	113311104420002	1	1
N???E?oKV_@|rk~_^o?	15	38	15	6	12	114411123302200	1	1
N???E?oKV_FwByrkXu?	15	37	15	6	13	443311131432200	1	1
N???E?oKV_FwBy~_Xu?	15	37	15	6	13	114411113330202	1	1
N???E?oKV_FwNoByXu?	15	36	15	6	13	112244421113330	1	1
N???E?oKV_]?Bzrk^o?	15	36	15	6	12	333311141144022	1	1
N???E?oKV_]?NoBzXu?	15	35	15	5	15	333311114444200	1	1
N???E?oMO^@{Nopk^o?	15	37	15	5	15	441111131222200	1	1
N???E?oMO^@{pkpk^o?	15	37	15	5	14	441114432233330	1	1
N???E?oMO^@{pk~_^o?	15	38	15	5	14	444411133022000	1	1
N???E?oMO^@{rgpk^o?	15	37	15	5	15	113311114200002	1	1
N???E?oMO^FwNopk^o?	15	38	15	5	13	331111143000022	1	1
N???E?oMO^WuNo~_^o?	15	39	15	5	12	114441123322000	1	1
N???E?oMO^WupkNo^o?	15	38	15	6	12	441114412203300	1	1
N???E?oMO^Wupkrg^o?	15	38	15	4	11	224442210011113	1	1
N???E?oMO^Wupk~_^o?	15	39	15	6	9	441114432233300	1	1
N???E?oMO^WurgNo^o?	15	38	15	5	13	113311134400022	1	1
N???E?oMO^Wurg~_^o?	15	39	15	5	11	114411123322200	1	1
N???E?oMO^Wu~_~_^o?	15	40	15	5	9	114441123322000	1	1
N???E?oMO^Xsrgpk^o?	15	38	15	4	12	441144412233330	1	1
N???E?oMPi@{pkqi^o?	15	36	15	5	15	114411123332220	1	1
N???E?oMPq@{Nopm^o?	15	37	15	5	12	113331134442202	1	1
N???E?oMPq@{pmpm^o?	15	38	15	5	10	442224401110003	1	1
N???E?oMPq@{pm~_^o?	15	38	15	6	10	441114432220300	1	1
N???E?oMPq@{rgpm^o?	15	37	15	5	13	441114432220030	1	1
N???E?oMPq]?Bx~_Wv?	15	36	15	7	13	114441123330102	1	1
N???E?oMTgHTBwpk^o?	15	35	15	6	17	114411123302220	1	1
N???E?oMTo@{Pmpk^o?	15	36	15	6	14	441114432203330	1	1
N???E?oMTo@{rgPm^o?	15	36	15	6	15	414441141330020	1	1
N???E?oMUH`{pkMq^o?	15	37	15	6	13	441114132230320	1	1
N???E?oMUP@{pkLq^o?	15	36	15	6	17	441111134232020	1	1
N???E?oMUP]?BxpkEx?	15	34	15	6	19	443311134434002	1	1
N???E?oMV_@|Bypk^o?	15	37	15	7	13	111144424123300	1	1
N???E?oMV_@|pk~_^o?	15	38	15	6	13	114441123302200	1	1
N???E?oMV_@|rgpk^o?	15	37	15	6	15	114411123302220	1	1
N???E?oMV_FwBypk^o?	15	37	15	6	15	114411113330220	1	1
N???E?oMV_FwByrgWu?	15	36	15	6	16	334411141340022	1	1
N???E?oMV_WupkBy^o?	15	37	15	6	13	441114432203330	1	1
N???E?oMV_]?pk~_@|_	15	36	15	6	14	444411133033002	1	1
N???E?obADeYBwrH^o?	15	34	15	5	16	441144132312330	1	1
N???E?obADeYBwrg^o?	15	34	15	5	18	411144111322000	1	1
N???E?oi?NiqNorg^@?	15	35	15	5	17	313131111400224	1	1
N???E?oi?NiqNorg^o?	15	36	15	5	16	414141111322000	1	1
N???E?oi?ZIq{aNoXs?	15	34	15	5	20	114133103342002	1	1
N???E?oi?^IqNorg^o?	15	36	15	5	17	414111133322000	1	1
N???E?oi@iIqBwqi^o?	15	34	15	6	17	114414123030220	1	1
N???E?oi@qIqBwpi^o?	15	34	15	6	17	114441123030220	1	1
N???E?oiF_IqNorg@|?	15	34	15	6	18	444411133030002	1	1
N???E?oq?N`{Lsrg^@?	15	35	15	6	16	331131141400022	1	1
N???E?oq?N`{Lsrg^o?	15	36	15	6	13	441141131322200	1	1
N???E?oq?NeiBwqh^o?	15	35	15	6	16	441141131322030	1	1
N???E?oq?NeiqhNo^o?	15	36	15	6	14	113313104044022	1	1
N???E?oq?NeyNorg^@?	15	36	15	6	15	224424414100031	1	1
N???E?oq?NeyNorg^o?	15	37	15	6	12	441141131322200	1	1
N???E?oq@a~?@|NoXt?	15	35	15	6	16	114414424212330	1	1
N???E?oqEP?}BwLu^o?	15	35	15	6	14	331131141440202	1	1
N???E?oqEP?}NoLu^o?	15	36	15	5	12	441141132332020	1	1
N???E?ow@qByB{pi^o?	15	36	15	6	14	444111131342200	1	1
N???E?ow@}ByB{rg^o?	15	38	15	6	11	333111141400022	1	1
N???E?owEP@}DuNo^o?	15	36	15	5	14	222444411110033	1	1
N???E?owEP@}LqFs^o?	15	36	15	5	15	222444411110003	1	1
N???E?owEPExDuB{^o?	15	36	15	5	14	224424410110003	1	1
N???E?owE_XsFsJq@~?	15	35	15	4	14	331111141442000	1	1
N???E?owF_XsFsNo@~?	15	36	15	5	13	333111141442000	1	1
N???E?owFoXsFsNo?~?	15	36	15	6	15	222444414113000	1	1
N???E?o{?^`}Norg^o?	15	39	15	6	10	444411133322000	1	1
N???E?o{?^fwrgNoXs?	15	38	15	5	13	334411143400202	1	1
N???E?o{?^fwrgNo^o?	15	39	15	5	13	114411113320200	1	1
N???E?o{?^fwrg~_^o?	15	40	15	5	10	444411133320000	1	1
N???E?o{F_FwNorg@~?	15	37	15	6	12	333311114442220	1	1
N???E?o{F_FwrgB}@~?	15	38	15	4	10	000033311114422	1	1
N???E?o{F_Fwrg~_@~?	15	38	15	5	10	333311144442220	1	1
N???E?o}FoFwNorg?~?	15	38	15	5	13	441113330002204	1	1
N???E?o}Fo^?Norg?~_	15	38	15	4	10	222224444111330	1	1
N???E?pBo\FwNo{E^o?	15	38	15	5	12	444411113220030	1	1
N???E?pBo\]BNorg]B?	15	37	15	5	13	000033311221441	1	1
N???E?pBo\]BNorg^o?	15	38	15	6	13	111144422332000	1	1
N???E?pBo\]BNo~_^o?	15	39	15	5	10	111144422332000	1	1
N???E?pBo\]B{ENo^o?	15	38	15	6	10	222244411001133	1	1
N???E?pBo\]B{E~_^o?	15	39	15	7	7	444411133223300	1	1
N???E?pBo\]B~_~_^o?	15	40	15	5	7	111144422332000	1	1
N???E?pBsXMP{CrgFw?	15	35	15	6	17	443311134204302	1	1
N???E?pBsXMP{Crg^o?	15	36	15	5	16	111144424332200	1	1
N???E?pBuP]ArgLq^o?	15	37	15	6	14	441141132230020	1	1
N???E?pBv_fwNorg^o?	15	39	15	4	12	114444421303300	1	1
N???E?pBv_xsNo~_^o?	15	40	15	4	12	444411133230000	1	1
N???E?pBv_xsrgNo^o?	15	39	15	5	13	441111134230020	1	1
N???E?pBv_xsrgrg^o?	15	39	15	4	11	114411123202220	1	1
N???E?pBv_xsrg~_^o?	15	40	15	4	11	113311104020022	1	1
N???E?pBv_xs~_~_^o?	15	41	15	4	9	111144422320000	1	1
N???E?pJUcfwNorg^o?	15	39	15	4	12	112444421303300	1	1
N???E?pJUcxsNo~_^o?	15	40	15	4	11	441111432230200	1	1
N???E?pJUcxsrgNo^o?	15	39	15	5	13	441111134230020	1	1
N???E?pMP}Fwrgpk^o?	15	40	15	5	10	114411143300220	1	1
N???E?pMP}Wurg~_^o?	15	41	15	5	8	114441123302200	1	1
N???E?pMTgHTNopk^o?	15	37	15	6	14	441114432203030	1	1
N???E?pMToGvrgNo^o?	15	38	15	6	12	113331104440022	1	1
N???E?pMULwurgNo^o?	15	40	15	6	8	224442210011133	1	1
N???E?pMULxsrgNo^o?	15	40	15	5	9	113311134400022	1	1
N???E?pMUPWuLq~_^o?	15	39	15	6	11	114411123322300	1	1
N???E?pMUPWupkLq^o?	15	38	15	5	12	224442210011103	1	1
N???E?pMUPWurgLq^o?	15	38	15	5	13	113311134400022	1	1
N???E?pMUP\?Drpk^o?	15	36	15	6	15	441141132233230	1	1
N???E?pMVo^?Norg?v_	15	37	15	5	14	441142232200231	1	1
N???E?pNp}Fwrgrg^o?	15	42	15	4	7	441111134222000	1	1
N???E?pNp}Fwrg~_^o?	15	43	15	3	6	441111132222000	1	1
N???E?pNu\Fwrg~_^o?	15	43	15	4	8	114411143020200	1	1
N???E?pNu\Fw~_~_^o?	15	44	15	3	6	441111132202000	1	1
N???E?pNu\^o~_~_^o?	15	45	15	3	6	114411123020000	1	1
N???E?pi?]@sTc{B^o?	15	34	15	6	15	111144422033020	1	1
N???E?pi?]]@TcNoXs?	15	34	15	5	18	334111143304202	1	1
N???E?pi?]]@Tcrg^o?	15	35	15	5	17	111144422032000	1	1
N???E?pi?mguNorg^o?	15	37	15	6	16	414441143322020	1	1
N???E?pi?miqNorg^o?	15	37	15	5	14	444141134322200	1	1
N???E?pi@qAyPmrg^o?	15	36	15	7	16	414441121332200	1	1
N???E?pi@qXCPmDt^o?	15	35	15	7	18	441141134143020	1	1
N???E?piAkfwNorg^o?	15	38	15	4	14	334111143320020	1	1
N???E?piAkfwrg~_^o?	15	39	15	4	14	114411123000200	1	1
N???E?piAkiqNorg^o?	15	37	15	5	15	414141140322000	1	1
N???E?piDOFwrgTe^o?	15	36	15	5	15	414141143330020	1	1
N???E?piF?IqBiFq^o?	15	34	15	6	16	444111133030220	1	1
N???E?piF?IqFqrg^o?	15	35	15	5	15	444111134332200	1	1
N???E?pw?\byFsNo^o?	15	38	15	4	10	444222204011113	1	1
N???E?pw?\byFsrg^o?	15	38	15	6	10	333111143400022	1	1
N???E?pw?\byFs~_^o?	15	39	15	6	9	444111132322200	1	1
N???E?pw?\byNorg^o?	15	38	15	6	12	444111134322200	1	1
N???E?pw?\byNo~_^o?	15	39	15	5	11	444111133322000	1	1
N???E?pw?\byrg~_^o?	15	39	15	5	11	444111134322000	1	1
N???E?pw?\by~_~_^o?	15	40	15	5	8	444111133322000	1	1
N???E?pw?\fwNoFs^o?	15	38	15	4	12	114444421233330	1	1
N???E?pw?\xsrgFs^o?	15	38	15	5	12	444111131320020	1	1
N???E?pw?}byFsrg^o?	15	39	15	6	7	444222204011133	1	1
N???E?pw?}byrgrg^o?	15	39	15	6	9	444111134322000	1	1
N???E?pw?}byrg~_^o?	15	40	15	5	8	444111134322000	1	1
N???E?pw?}fwFsrg^o?	15	39	15	5	9	333111143400022	1	1
N???E?pw?}fwrgrg^o?	15	39	15	5	11	441111134322000	1	1
N???E?pw?}fwrg~_^o?	15	40	15	4	10	441111132322000	1	1
N???E?pw?}xsrg~_^o?	15	40	15	4	10	111444421230000	1	1
N???E?pw?}xs~_~_^o?	15	41	15	4	9	111444421230000	1	1
N???E?pw@}FwFsrg^o?	15	39	15	4	10	331111143400022	1	1
N???E?pwD_@zRiFs^o?	15	36	15	6	14	444111134312020	1	1
N???E?pwD_ByFsRi^o?	15	36	15	6	14	444111134302200	1	1
N???E?pwD_ByRiNo^o?	15	36	15	5	15	141144412220300	1	1
N???E?pwD_ByRi~_^o?	15	37	15	5	13	414111133332200	1	1
N???E?pwDoGtBkFs^o?	15	35	15	6	17	141144412223300	1	1
N???E?pwDoGtFsrg^o?	15	36	15	5	16	444111134300200	1	1
N???E?pwEP@uDuFs^o?	15	36	15	5	13	111444421223330	1	1
N???E?pwEP@uDuNo^o?	15	36	15	5	15	331111140440002	1	1
N???E?pwEP@uLqFs^o?	15	36	15	5	15	331111140440002	1	1
N???E?pwEPAzrgFs^o?	15	37	15	7	11	000333310112424	1	1
N???E?pwEPExrgFs^o?	15	37	15	6	12	331111143440202	1	1
N???E?pwE\XsrgFs^o?	15	39	15	4	10	112244421200030	1	1
N???E?pwEoCxBkFs^o?	15	35	15	6	17	444111133300220	1	1
N???E?pwEoCxFsrg^o?	15	36	15	5	15	441111134332200	1	1
N???E?pwFO@uDuFs^o?	15	36	15	6	13	111444421223330	1	1
N???E?pwFO@uNoDu^o?	15	36	15	6	14	111444422223030	1	1
N???E?pwFOAzrgFs^o?	15	37	15	6	11	333111143440202	1	1
N???E?pwF_@vBmFs^o?	15	37	15	5	11	444422200001113	1	1
N???E?pwF_@vBuFs^o?	15	37	15	5	11	444422200001113	1	1
N???E?pwF_ByBmFs^o?	15	37	15	6	12	111444421223330	1	1
N???E?pwF_ByBmrg^o?	15	37	15	6	12	444111131332200	1	1
N???E?pwF_ByBm~_^o?	15	38	15	6	10	333111144440022	1	1
N???E?pwF_ByNoBmXs?	15	36	15	6	15	333111143440002	1	1
N???E?pwF_ByNoBm^o?	15	37	15	6	13	444111133332020	1	1
N???E?pwF_ByrgBu^o?	15	37	15	6	11	333111143440202	1	1
N???E?pyFOFwDurg^o?	15	38	15	5	13	000303310112244	1	1
N???E?p{F_@zrgNo@z?	15	37	15	5	12	444422204001311	1	1
N???E?p{F_@zrgNo^o?	15	38	15	5	12	444411133332000	1	1
N???E?p{F_@zrgrgFw?	15	37	15	6	14	222200030334111	1	1
N???E?p{F_@zrgrg^o?	15	38	15	5	11	111144421223000	1	1
N???E?p{F_@zrg~_^o?	15	39	15	5	9	111144422223000	1	1
N???E?p}Fo^?Norg?z_	15	38	15	5	12	111113333000224	1	1
N???E?wHuows}?No?|O	15	36	15	6	15	441113330204024	1	1
N???E?wM?NfgNO~_WUo	15	37	15	5	11	331111340010024	1	1
N???E?wM?NweMpNo^o?	15	37	15	5	12	441114442233200	1	1
N???E?wM?NweMp}A^o?	15	37	15	5	12	441114132213200	1	1
N???E?wM?NweMp~_^o?	15	38	15	6	10	441114132233200	1	1
N???E?wM?NwuNoNo^@?	15	37	15	6	12	003331114400224	1	1
N???E?wM?NwuNoNo^o?	15	38	15	6	10	114441113322000	1	1
N???E?wM?NwuNo~_^o?	15	39	15	5	9	114441113322000	1	1
N???E?wM?NwupkNo^o?	15	38	15	6	9	224442220011133	1	1
N???E?wM?N~@Nopk^o?	15	38	15	5	11	114441113323020	1	1
N???E?wM@oFg@}~_WV_	15	36	15	5	10	330003331111242	1	1
N???E?wM@oFw@}~_Wv?	15	37	15	6	8	330003331114242	1	1
N???E?wM@o^?No@~Wv?	15	36	15	5	10	330003331111422	1	1
N???E?wM@q?}Nopm^o?	15	37	15	6	10	441114442223030	1	1
N???E?wM@q?}pmpm^o?	15	38	15	4	8	330003321112224	1	1
N???E?wM@q?}pm~_^o?	15	38	15	6	8	441114432223300	1	1
N???E?wM@q?}}@NoWv?	15	36	15	5	12	330003331112142	1	1
N???E?wM@q?}}@pm^o?	15	37	15	5	11	330003331112124	1	1
N???E?wMFo^?Nopk?~_	15	37	15	5	13	000003331111422	1	1
N???E?wMVo^?Nopk?|_	15	37	15	6	13	441113330200234	1	1
N???E?w`jows}?No?|O	15	36	15	6	13	311113330404024	1	1
N???E?wk?NhqpgNo^@?	15	35	15	5	16	313331114400024	1	1
N???E?wk?NhqpgNo^o?	15	36	15	5	14	414441113322200	1	1
N???E?wk@q?}Rcpi^o?	15	35	15	6	15	114441123332020	1	1
N???E?wpmL^?}?No?{o	15	37	15	5	14	441114432330001	1	1
N???E?wpno^?NoNo?|_	15	38	15	5	11	441113330400224	1	1
N???E?wpno^?}?No?|o	15	38	15	4	11	002224441411130	1	1
N???E?ww?NwsFsNo^@?	15	36	15	6	14	003331114100224	1	1
N???E?ww?NwsFsNo^o?	15	37	15	6	14	444111130320220	1	1
N???E?ww@MZ@pgFs?}_	15	34	15	5	17	003331114104020	1	1
N???E?ww@q?}Fspi^o?	15	36	15	6	16	114441143132020	1	1
N???E?xHuLZANoNo^o?	15	39	15	4	12	114444423300330	1	1
N???E?xHuLZANo~_^o?	15	40	15	4	12	441111132200200	1	1
N???E?xHuLZA~_~_^o?	15	41	15	4	10	114444423322000	1	1
N???E?xLULXQNoNo^o?	15	39	15	4	12	114444423300330	1	1
N???E?xLULXQNo~_^o?	15	40	15	4	10	441111432233000	1	1
N???E?xMP}Fwpk~_^o?	15	42	15	4	8	441111132222300	1	1
N???E?xMP}Wu~_~_^o?	15	43	15	4	5	441114432203000	1	1
N???E?xMToFwNoPm^o?	15	39	15	4	10	141114412220030	1	1
N???E?xMToGvNo~_^o?	15	40	15	5	8	441114432223000	1	1
N???E?xMULwuNoNo^o?	15	41	15	6	7	331113310044222	1	1
N???E?xMULwuNo~_^o?	15	42	15	6	5	441114432233000	1	1
N???E?xMV_]?Brpk^o?	15	37	15	6	13	113331104422102	1	1
N???E?xMVo^?Nopk?v_	15	38	15	6	12	331110040022041	1	1
N???E?xmDoGvNoNo^o?	15	39	15	4	10	141114412223000	1	1
N???E?xmDoGvNo~_^o?	15	40	15	5	9	141114412223000	1	1
N???E?xph}FwNo~_^o?	15	43	15	3	6	441111132022200	1	1
N???E?xph}Fw~_~_^o?	15	44	15	3	6	441111132022000	1	1
N???E?xph}^o~_~_^o?	15	45	15	3	5	114441123200000	1	1
N???E?~Np}Fw~_~_^o?	15	47	15	2	0	220000034444111	1	1
N???E?~Np}^o~_~_^o?	15	48	15	2	0	220000034441111	1	1
N???E?~Nv{^o~_~_^o?	15	49	15	2	0	220000034411111	1	1
N???E?~~f{^o~_~_^o?	15	50	15	1	0	220000034111111	1	1
N???EA_E?J{qNoVg^P?	15	35	15	4	16	411113133040220	1	1
N???EA_E?N{qNoVg^@?	15	35	15	5	17	033331111400224	1	1
N???EA_E?N{qNoVg^o?	15	36	15	5	15	444111133120220	1	1
N???EA_E?rCyPk~_[r?	15	34	15	4	16	111441122332202	1	1
N???EA_E@MguFWwc~o?	15	34	15	5	17	444111433233230	1	1
N???EA_E@MguFwxc^o?	15	35	15	6	16	444111133122200	1	1
N???EA_EF?cyPkFy^o?	15	34	15	6	17	333111144342202	1	1
N???EA_EWN[q}ANoJs?	15	36	15	6	16	444111133220022	1	1
N???EA_EXMJDFwxc^o?	15	36	15	6	16	141441142323020	1	1
N???EA_EXMJDhdFw^o?	15	36	15	6	14	414114411232300	1	1
N???EA_EXMJDhdVg^o?	15	36	15	7	14	414114411232300	1	1
N???EA_EXMJDxcVg^o?	15	36	15	6	15	111441124323200	1	1
N???EA_EXMZ@xcVgFw?	15	35	15	6	17	411331133404022	1	1
N???EA_EXMZ@xcVg^o?	15	36	15	5	17	114444422332000	1	1
N???EA_EXiHTFwxc^o?	15	36	15	6	16	444111133222200	1	1
N???EA_EXqJCFw`f^o?	15	35	15	5	15	114441124333020	1	1
N???EA_EXqWrVgFw^o?	15	37	15	6	13	441114431223000	1	1
N???EA_EXqWrVgNo^o?	15	37	15	6	13	441114431223000	1	1
N???EA_E^Kb{NoVg^o?	15	39	15	5	11	444111133202220	1	1
N???EA_E^KfwNoVg^o?	15	39	15	5	12	441111133402220	1	1
N???EA_E^KfwVg~_^o?	15	40	15	4	11	444111133202200	1	1
N???EA_E^K{qNoVg^o?	15	39	15	4	11	411331133400220	1	1
N???EA_F?F{QNoVg^`?	15	35	15	4	16	411111333044220	1	1
N???EA_F?F{QNoVg^o?	15	35	15	4	16	444111133243220	1	1
N???EA_Fw~B{NoVg^o?	15	41	15	3	6	444111133222220	1	1
N???EA_Fw~FwNoVg^o?	15	41	15	3	8	444111133222220	1	1
N???EA_Fw~FwVg~_^o?	15	42	15	4	6	333111144000022	1	1
N???EA_Fx}FwNoVg^o?	15	41	15	3	8	441111134222200	1	1
N???EA_Fx}FwVgVg^o?	15	41	15	3	10	333111144000002	1	1
N???EA_Fx}FwVg~_^o?	15	42	15	4	8	441111133222000	1	1
N???EA_Fx}Js~_~_^o?	15	43	15	4	6	444111133222000	1	1
N???EA_KOrB{peRk^o?	15	36	15	6	16	114441124330200	1	1
N???EA_KOrB{xaRk^o?	15	36	15	6	15	414111133342020	1	1
N???EA_KOrFwxaRk^o?	15	36	15	6	17	114411123330020	1	1
N???EA_KO~B{FwRk^o?	15	38	15	4	10	444222200411113	1	1
N???EA_KO~B{RkRk^o?	15	38	15	5	13	141444422233330	1	1
N???EA_KO~B{RkVg^o?	15	38	15	4	12	444111131422020	1	1
N???EA_KO~B{Rkrc^o?	15	38	15	5	12	444111133422000	1	1
N???EA_KO~B{Rk~_^o?	15	39	15	5	11	444111133422000	1	1
N???EA_KO~B{rcVg^o?	15	38	15	5	10	444111133422020	1	1
N???EA_KO~FwFwRk^o?	15	38	15	4	12	333111144300002	1	1
N???EA_KO~HuNoVg^o?	15	38	15	4	13	414111143322020	1	1
N???EA_KO~HuNorc^o?	15	38	15	6	14	334411141302020	1	1
N???EA_KO~HuNo~_^o?	15	39	15	5	12	414111133322000	1	1
N???EA_KO~HuVgVg^o?	15	38	15	4	12	141444412233330	1	1
N???EA_KO~HuVg~_^o?	15	39	15	5	11	414111133322200	1	1
N???EA_KO~Hu~_~_^o?	15	40	15	5	9	414111133322000	1	1
N???EA_KO~XqNoVg^o?	15	38	15	5	12	444111133420220	1	1
N???EA_KO~XqVgVg^o?	15	38	15	4	11	414111133420220	1	1
N???EA_KO~XqVg~_^o?	15	39	15	5	11	414111133420200	1	1
N???EA_KO~XqrcVg^o?	15	38	15	4	12	314411144302200	1	1
N???EA_KP}FwFwRk^o?	15	38	15	4	12	331111141300022	1	1
N???EA_KP}FwrcVg^o?	15	38	15	4	12	334111143300220	1	1
N???EA_KP}XqVgVg^o?	15	38	15	5	13	414111143302220	1	1
N???EA_KP}XqVg~_^o?	15	39	15	4	13	414111133300200	1	1
N???EA_KQ`B{Rkja^o?	15	35	15	6	16	414111133342200	1	1
N???EA_KQ`B{beFw^o?	15	35	15	6	13	444111133442020	1	1
N???EA_KQ`B{beNo^o?	15	35	15	5	15	441111133442020	1	1
N???EA_KQ`B{beRk^o?	15	35	15	5	17	114411141330220	1	1
N???EA_KQ`B{be~_^o?	15	36	15	6	15	144411144330200	1	1
N???EA_KQ`B{rcja^o?	15	35	15	6	16	311411144330220	1	1
N???EA_KQ`]?BxBf^o?	15	33	15	5	14	111144422222330	1	1
N???EA_KQ`]?Bxbe^o?	15	33	15	6	16	111133300000442	1	1
N???EA_KTWITFwRk^o?	15	35	15	6	17	414111133302220	1	1
N???EA_KTWITFwrc^o?	15	35	15	6	16	414111133432200	1	1
N???EA_KV?FwRk~_B|?	15	36	15	6	14	414111113330202	1	1
N???EA_KV?HuRk~_B|?	15	36	15	6	14	444111131430002	1	1
N???EA_KV?Hu~_~_B|?	15	37	15	6	11	414111133332002	1	1
N???EA_KV?ICbd~_B|?	15	33	15	6	15	111333300101224	1	1
N???EA_KV?JsRk~_B|?	15	36	15	6	14	444111131430002	1	1
N???EA_KV?Jsrc~_B|?	15	36	15	6	12	444111133432002	1	1
N???EA_KV?XqRk~_B|?	15	36	15	6	13	444111133430002	1	1
N???EA_KVOA|RkFw^o?	15	36	15	6	14	444111131432020	1	1
N???EA_KVOA|RkNo^o?	15	36	15	6	16	441111131432020	1	1
N???EA_KV_@|BmVg^o?	15	36	15	6	12	111144422223300	1	1
N???EA_KV_@|RkFw^o?	15	36	15	6	14	222244411110003	1	1
N???EA_KV_@|RkVg^o?	15	36	15	6	14	414411133332200	1	1
N???EA_KV_@|rcNoJs?	15	35	15	6	16	333111144340200	1	1
N???EA_KV_@|rcVg^o?	15	36	15	6	14	444411133332000	1	1
N???EA_MPMGuUIFw^o?	15	35	15	5	20	141444412223300	1	1
N???EA_MPMGuUINo^o?	15	35	15	5	18	141444412223300	1	1
N???EA_MPMGuUI~_^o?	15	36	15	6	17	114444421332200	1	1
N???EA_MPMWqUIFw^o?	15	35	15	6	19	244114411233200	1	1
N???EA_MPMWqUIVg^o?	15	35	15	6	17	114441124322300	1	1
N???EA_MPiGuQiFw^o?	15	35	15	5	17	141111414223300	1	1
N???EA_MPiWqQiFw^o?	15	35	15	6	17	441111414223300	1	1
N???EA_MPqB{FwPm^o?	15	37	15	5	13	441114414220030	1	1
N???EA_MPqB{NoPm^o?	15	37	15	5	13	441114414220030	1	1
N???EA_MPqGvFw~_^o?	15	38	15	6	12	441114414223000	1	1
N???EA_MPqGvPmFw^o?	15	37	15	7	11	141114414223300	1	1
N???EA_MPqGvVgFw^o?	15	37	15	5	13	441114414223000	1	1
N???EA_MPqGvVgNo^o?	15	37	15	5	12	114441121332030	1	1
N???EA_MPqJCFw`f^o?	15	35	15	5	15	114441124333020	1	1
N???EA_MPqV?FwPn^o?	15	36	15	5	12	030003303111424	1	1
N???EA_MPqWrPmFw^o?	15	37	15	7	11	224442242001133	1	1
N???EA_MPqWrVgFw^o?	15	37	15	6	13	441114414223000	1	1
N???EA_MPqWrVgNo^o?	15	37	15	5	12	114441121332030	1	1
N???EA_MQLb{FwFw^o?	15	38	15	4	11	333000022111114	1	1
N???EA_MQLb{Fw~_^o?	15	39	15	5	11	333111144000022	1	1
N???EA_MQLb{NoFw^o?	15	38	15	4	13	111444422333330	1	1
N???EA_MQLb{NoVg^o?	15	38	15	4	15	333111144000002	1	1
N???EA_MQLb{No~_^o?	15	39	15	5	13	441111133202200	1	1
N???EA_MQLb{~_~_^o?	15	40	15	5	11	414111133322000	1	1
N???EA_MQLfwNoFw^o?	15	38	15	4	13	114444421303330	1	1
N???EA_MQLfwNoVg^o?	15	38	15	4	13	441111134202200	1	1
N???EA_MQLfwVg~_^o?	15	39	15	5	13	114441123320000	1	1
N???EA_MQpN?`fFw^o?	15	35	15	5	15	144441111333200	1	1
N???EA_MV_GuFwBy^o?	15	36	15	6	16	222444411010003	1	1
N???EA_MV_GuVgBy^o?	15	36	15	6	16	444411131332020	1	1
N???EA_MV_WqByVg^o?	15	36	15	6	16	444111133230200	1	1
N???EA_Np}FwNoVg^o?	15	41	15	3	6	441111134222200	1	1
N???EA_Np}FwVgVg^o?	15	41	15	3	8	443111134222000	1	1
N???EA_Np}FwVg~_^o?	15	42	15	3	7	441111134222000	1	1
N???EA_Np}JsVg~_^o?	15	42	15	4	9	414111143002200	1	1
N???EA_Np}Js~_~_^o?	15	43	15	3	7	441111133220000	1	1
N???EA_Nq|^o~_~_^o?	15	44	15	2	6	411111133220000	1	1
N???EA_S?RjsjcNo]p?	15	35	15	4	16	441111133340020	1	1
N???EA_S?ZjsjcNo]P?	15	35	15	5	17	303311314100224	1	1
N???EA_S?^jsjcNo^o?	15	37	15	6	14	331111144402202	1	1
N???EA_SAp@}heNo^o?	15	35	15	6	16	141441112332200	1	1
N???EA_SF_JsjcNo@~?	15	35	15	6	15	333311144442220	1	1
N???EA_U?NsqNoVg^o?	15	36	15	5	16	141441111322000	1	1
N???EA_UAp?}heNo^o?	15	35	15	6	14	141441112332200	1	1
N???EA_UDK~?NoVg?}_	15	35	15	5	15	411113333040224	1	1
N???EA_W@qGtNoVgRq?	15	33	15	5	17	434111143402020	1	1
N???EA_W@qGtfc~_B}?	15	35	15	6	17	444111133300002	1	1
N???EA_W@qJC`f~_B}?	15	34	15	6	16	144441144133200	1	1
N???EA_W@qWpNoVgRq?	15	33	15	5	17	334111143302022	1	1
N???EA_W@}JsfcNoFw?	15	36	15	4	10	334111143302200	1	1
N???EA_W@}JsfcNoJs?	15	36	15	4	12	434111143402002	1	1
N???EA_W@}JsfcNo^o?	15	37	15	4	13	334111143302200	1	1
N???EA_W@}Jsfc~_B}?	15	38	15	6	12	444111133300002	1	1
N???EA_W@}Jsfc~_^o?	15	38	15	3	12	444111133300000	1	1
N???EA_WF_FwVgfc@~?	15	35	15	4	14	333111144442220	1	1
N???EA_WFoFwVgfc?~?	15	35	15	5	16	444111133302224	1	1
N???EA_[@qGtbcFw^o?	15	34	15	6	18	441114414223300	1	1
N???EA_[@qJC`fB{^o?	15	34	15	6	17	144441111333220	1	1
N???EA_[@qOrB{Vg^o?	15	35	15	6	16	144411131332200	1	1
N???EA_[C[`}NoVg^o?	15	37	15	6	14	444411133322000	1	1
N???EA_[C[b{NoVg^o?	15	37	15	5	14	444111133002220	1	1
N???EA_[C[fwNoVg^o?	15	37	15	4	15	334111143320020	1	1
N???EA_[C[fwVg~_^o?	15	38	15	3	14	411111133002200	1	1
N???EA_[C[pqNoVg^o?	15	36	15	4	14	144411144322000	1	1
N???EA_[EoCxbcVgFw?	15	33	15	5	19	311114444223300	1	1
N???EA_[F_PqNoVg@~?	15	35	15	5	14	033311111440220	1	1
N???EA_[FoPqNoVg?~?	15	35	15	5	15	411113333004224	1	1
N???EA_u@Mb{FwVg^o?	15	38	15	5	12	444111133022220	1	1
N???EA_u@Mb{VgVg^o?	15	38	15	5	13	414111133042220	1	1
N???EA_u@Mb{Vg~_^o?	15	39	15	5	12	441111133322000	1	1
N???EA_u@MfwFwVg^o?	15	38	15	5	14	441111133022200	1	1
N???EA_u@MfwNoVg^o?	15	38	15	4	13	441111134022200	1	1
N???EA_u@MfwVgVg^o?	15	38	15	5	14	114114424230000	1	1
N???EA_u@MfwVg~_^o?	15	39	15	4	12	441111133322000	1	1
N???EA_u@qJCPiHt^o?	15	34	15	6	18	003003310101424	1	1
N???EA_uALV@HsFw^o?	15	35	15	6	17	111114444232300	1	1
N???EA_uAhTPHsFw^o?	15	35	15	6	18	444111133020220	1	1
N???EA_uApCzFwFw^o?	15	37	15	6	14	441441114332000	1	1
N???EA_uApCzFw~_^o?	15	38	15	6	13	441441131332000	1	1
N???EA_uApCzNoFw^o?	15	37	15	6	14	441441114332000	1	1
N???EA_uApCzNoVg^o?	15	37	15	6	14	441441131332000	1	1
N???EA_uApCzVgFw^o?	15	37	15	5	14	114114421223000	1	1
N???EA_uDKCyUJFw^o?	15	36	15	7	14	141441114322300	1	1
N???EA_uEKCyMQVg^o?	15	35	15	5	17	114444422223300	1	1
N???EA_uEoCzNoVg^o?	15	37	15	5	12	441441131332000	1	1
N???EA_uEoCzVgFw^o?	15	37	15	5	12	331331141440222	1	1
N???EA_uEoJCFwHv^o?	15	36	15	5	12	003003313111424	1	1
N???EA_w@qGtNo~_B}?	15	36	15	6	16	414111113302002	1	1
N???EA_w@qGt~_F{^o?	15	37	15	6	13	444111133322020	1	1
N???EA_w@}JsNo~_B}?	15	39	15	5	11	444111133300002	1	1
N???EA_w@}Js~_F{^o?	15	40	15	5	8	444111133300020	1	1
N???EA_{?^`}NoVg^o?	15	39	15	6	10	111144422233000	1	1
N???EA_{?~FwVgB{^o?	15	39	15	5	11	333111144200002	1	1
N???EA_{@}FwVgB{^o?	15	39	15	5	13	244411113300020	1	1
N???EA_{@}JsB{~_^o?	15	40	15	5	10	444111133300200	1	1
N???EA_{F_FwVg~_@~?	15	38	15	5	10	333311144442220	1	1
N???EAoBy\FwNoNo^o?	15	40	15	4	11	441111130202220	1	1
N???EAoBy\FwNo~_^o?	15	41	15	4	10	414411113220000	1	1
N???EAoBy\Fw~_~_^o?	15	42	15	4	8	414411133220000	1	1
N???EAoJO^HsscNo^o?	15	37	15	5	15	444411113222300	1	1
N???EAoJOuYQxARg^o?	15	35	15	5	18	114444420332200	1	1
N???EAoJPYHsNose^o?	15	37	15	5	13	441411430220030	1	1
N???EAoJPe@{RIsc^o?	15	35	15	6	18	111144122323320	1	1
N???EAoJPeHdRgsc^o?	15	35	15	6	17	414411423032200	1	1
N???EAoJQ\HsscNo^o?	15	37	15	5	15	414411143022000	1	1
N???EAoJUchsNoNo^o?	15	38	15	4	14	441111130200220	1	1
N???EAoJUchsNo~_^o?	15	39	15	4	13	114144120320000	1	1
N???EAoMO^HspcNo^o?	15	37	15	5	15	414411143322200	1	1
N???EAoMO^Hspc~_^o?	15	38	15	5	14	114411123322200	1	1
N???EAoMPq@{NoPm^o?	15	37	15	5	14	141114412220030	1	1
N???EAoMPq@{Pm~_^o?	15	38	15	6	12	441114432220300	1	1
N???EAoMPq@{RgPm^o?	15	36	15	6	15	242224401110003	1	1
N???EAoMPq@{Rgpe^o?	15	36	15	6	16	442224401110003	1	1
N???EAoMPq@{pePm^o?	15	37	15	6	13	224442210001113	1	1
N???EAoMPqHsNoPm^o?	15	37	15	6	12	414441143332020	1	1
N???EAoMPqHsNope^o?	15	37	15	5	13	441114430220030	1	1
N???EAoMQ\HspcNo^o?	15	37	15	5	13	414411143322200	1	1
N???EAoRG^EYNoNo^o?	15	38	15	5	14	414411113223000	1	1
N???EAoRG^EYNo~_^o?	15	39	15	5	13	141144112332000	1	1
N???EAoRG^EY~_~_^o?	15	40	15	5	10	414411133223000	1	1
N???EAoRG^UQNoNo^o?	15	38	15	5	12	141144142332000	1	1
N???EAoRG^UQNo~_^o?	15	39	15	5	11	141144142332000	1	1
N???EAoRHU@{KstA^o?	15	35	15	6	19	114141420033320	1	1
N???EAoRI\UQNoNo^o?	15	38	15	5	12	414411113223000	1	1
N???EAoRI\UQNo~_^o?	15	39	15	4	11	414411103223000	1	1
N???EAoRN_EYByNo^o?	15	37	15	6	14	141144442322300	1	1
N???EAoRN_EYBy~_^o?	15	38	15	6	12	444411133233200	1	1
N???EAoRN_UQByNo^o?	15	37	15	6	12	030033331211244	1	1
N???EAoRN_X_ByKt^o?	15	36	15	6	16	114411423202230	1	1
N???EAoRh}FwNoNo^o?	15	41	15	3	8	441111130022220	1	1
N???EAoRh}FwNo~_^o?	15	42	15	3	8	441111130022200	1	1
N???EAoRh}Fw~_~_^o?	15	43	15	3	8	441111130022000	1	1
N???EAoRh}^o~_~_^o?	15	44	15	2	7	141144422300000	1	1
N???EAoRi\FwNoNo^o?	15	40	15	4	10	414411143220000	1	1
N???EAoRi\FwNo~_^o?	15	41	15	4	9	414411143220000	1	1
N???EAoRi\Fw~_~_^o?	15	42	15	3	8	414411103220000	1	1
N???EAoY?NhsdcNo^@?	15	35	15	5	17	033331114402024	1	1
N???EAoY?NhsdcNo^o?	15	36	15	5	17	444141133320200	1	1
N???EAoY@MZ@RgdcFw?	15	33	15	5	21	221444412201330	1	1
N???EAoYA\@{dcNo^o?	15	36	15	5	16	414411133022000	1	1
N???EAoYA\HsdcNo^o?	15	36	15	4	15	414411143222000	1	1
N???EAoYA\QqNoNo^o?	15	37	15	4	16	331111142222002	1	1
N???EAoYA\QqNo~_^o?	15	38	15	3	15	141141132332000	1	1
N???EAo[@YYPRgbcFw?	15	33	15	5	19	221144412201330	1	1
N???EAo[A\@mbcNo]O_	15	35	15	5	16	333311114400024	1	1
N???EAo[A\@ubcNoEHo	15	35	15	5	14	113311134400024	1	1
N???EAo[A\HsbcNo@}?	15	35	15	5	15	111133310044424	1	1
N???EAo[A\HsbcNoEHo	15	35	15	5	14	143311134400024	1	1
N???EAo[A\HsbcNoFw?	15	35	15	5	14	334411143322200	1	1
N???EAo[A\HsbcNo^o?	15	36	15	4	14	414411143322200	1	1
N???EAo[A\HsbcbcFw?	15	34	15	5	16	334411143322220	1	1
N???EAo[A\PqNoB{@}?	15	36	15	4	12	333300002211411	1	1
N???EAo[A\PqNoB{^o?	15	37	15	6	13	333311114400202	1	1
N???EAo[A\PqNoNo@}?	15	36	15	6	14	224411113322002	1	1
N???EAo[A\PqNoNoFw?	15	36	15	4	12	221144412233000	1	1
N???EAo[A\PqNoNo^o?	15	37	15	4	15	111144412233000	1	1
N???EAo[A\PqNo~_^o?	15	38	15	3	13	444411133322000	1	1
N???EAo[A\Pqr_NoEHo	15	35	15	5	14	443311134400024	1	1
N???EAo[EWEXRgbcFw?	15	33	15	5	18	334411143323220	1	1
N???EAo[F_HsbcNo@~?	15	35	15	4	14	333311114440020	1	1
N???EAob?^HsKs[c^o?	15	35	15	6	18	414411113422000	1	1
N???EAob?^Hs[cNo^o?	15	36	15	5	16	414411133022000	1	1
N???EAob@QHs[ctaFw?	15	33	15	5	20	413111134340202	1	1
N???EAobATEhBw[c^o?	15	34	15	6	18	141141432032300	1	1
N???EAobAX@{[cKu^o?	15	35	15	6	17	441144112330220	1	1
N???EAobAXMAKuBx^o?	15	35	15	6	17	111144422332230	1	1
N???EAobA\Hs[cNo^o?	15	36	15	4	15	414411143222000	1	1
N???EAobA\MQNoNo^o?	15	37	15	4	16	441111130000220	1	1
N???EAobA\MQNo~_^o?	15	38	15	3	15	111144422332000	1	1
N???EAobBOHs[cdaFw?	15	32	15	4	22	341141142430020	1	1
N???EAobDcHdBw[cFw?	15	33	15	6	18	331144142323020	1	1
N???EAobDcHdRg[cFw?	15	33	15	5	18	124422420201133	1	1
N???EAobFCBh[cRgFw?	15	33	15	5	19	311144142323200	1	1
N???EAobFcMQRgNo@l_	15	35	15	5	15	411133130400224	1	1
N???EAoi?NhsTcNo^o?	15	36	15	5	14	414441113322200	1	1
N???EAoi?ZIRPkNo^o?	15	35	15	6	17	141414412223300	1	1
N???EAoi?^GuDsNo^o?	15	36	15	6	14	414441113322200	1	1
N???EAoi?^GuTcNo^o?	15	36	15	6	14	414441113322200	1	1
N???EAoi?^HsTcNo^o?	15	36	15	5	15	414411113322200	1	1
N???EAoi?qHsTcxaFw?	15	33	15	5	20	414111133342200	1	1
N???EAoi@q@{DsPm^o?	15	35	15	6	16	414441113332220	1	1
N???EAoi@qHsDsPm^o?	15	35	15	7	16	414441143332020	1	1
N???EAoiALhsTcNo^o?	15	36	15	5	13	414441143322200	1	1
N???EAoiAX@{KqTc^o?	15	34	15	6	18	141144132033200	1	1
N???EAoiA\HsTcNo^o?	15	36	15	4	14	414411143322200	1	1
N???EAoiA\IqNoNo^o?	15	37	15	4	15	141114412233000	1	1
N???EAoiA\IqNo~_^o?	15	38	15	3	13	414111133322000	1	1
N???EAoiB_PpRgTcFw?	15	32	15	4	20	434111143340220	1	1
N???EAok?^`}RkNo^o?	15	39	15	6	8	424422220011133	1	1
N???EAok@q@}B{Pm^o?	15	37	15	6	12	424422200001113	1	1
N???EAok@q@}PmRk^o?	15	37	15	6	12	424422200001113	1	1
N???EAok@q@}Pm~_^o?	15	38	15	7	10	414411133332200	1	1
N???EAok@qFwB{Pm^o?	15	37	15	6	12	030033331114224	1	1
N???EAok@qFwPmRk^o?	15	37	15	7	11	313311134442002	1	1
N???EAok@qGvPmB{^o?	15	37	15	6	12	131113310004442	1	1
N???EAokA\`}NoNo^o?	15	39	15	6	9	414411113322000	1	1
N???EAokA\`}No~_^o?	15	40	15	6	8	313311114400222	1	1
N???EAokA\`}RkNo^o?	15	39	15	6	8	424422220011133	1	1
N???EAokA\fwNoNo^o?	15	39	15	4	10	141144442230000	1	1
N???EAokA\fwNo~_^o?	15	40	15	4	9	141144442230000	1	1
N???EAokA\fw~_~_^o?	15	41	15	3	7	141144422230000	1	1
N???EAokA\huNoNo^o?	15	39	15	6	9	414411113322000	1	1
N???EAokA\huNo~_^o?	15	40	15	5	8	414411103322000	1	1
N???EAokA\huRkNo^o?	15	39	15	6	7	424422240011133	1	1
N???EAokBOQpNoRk^o?	15	35	15	4	15	414411133300020	1	1
N???EAokB_PpNoNoHu?	15	34	15	5	15	414411113330002	1	1
N???EAokB_PpNoRk^o?	15	35	15	4	14	414411113332020	1	1
N???EAokF_FwRk~_@~?	15	38	15	6	9	414411113330202	1	1
N???EAokFo?~RkNo^o?	15	38	15	5	11	313311114440022	1	1
N???EAom@q@{PmNo^o?	15	37	15	5	13	414441113332200	1	1
N???EAom@q@{Pm~_^o?	15	38	15	6	12	141114422223300	1	1
N???EAom@qHsBwPm^o?	15	36	15	7	15	141114412223030	1	1
N???EAom@qHsPmNo^o?	15	37	15	6	12	131113310004422	1	1
N???EAomDo@{PmNo^o?	15	37	15	5	11	030003331112244	1	1
N???EAomDoFGBw~_Gv_	15	36	15	5	12	030003331111242	1	1
N???EAomDoHsPmNo^o?	15	37	15	5	11	030003331112244	1	1
N???EAomF_FGByPl^o?	15	36	15	5	14	030003331111224	1	1
N???EAoq?^HsLsLs^o?	15	37	15	6	14	441141130320220	1	1
N???EAoq?^HsLsNo^o?	15	37	15	5	15	441111133320220	1	1
N???EAoq?^HsLs~_^o?	15	38	15	5	13	441111133320200	1	1
N???EAoq@QArRgLs^o?	15	34	15	6	16	441141130332020	1	1
N???EAoq@QHsLsta^o?	15	35	15	5	17	441111130320200	1	1
N???EAoq@a_}RiNo^o?	15	36	15	6	16	441111131342020	1	1
N???EAoq@a`{LsRi^o?	15	36	15	6	16	414411143232020	1	1
N???EAoq@ahtNoLs^o?	15	37	15	6	14	441141130320220	1	1
N???EAoqAL@{MQLs^o?	15	35	15	6	19	414411113022300	1	1
N???EAoqAL@{mALs^o?	15	35	15	6	17	141114442033200	1	1
N???EAoqA\?}LsNo^o?	15	37	15	6	14	441141130302220	1	1
N???EAoqA\EyLsNo^o?	15	38	15	5	11	331131142420002	1	1
N???EAoqA\EyNoNo^o?	15	38	15	4	12	441111130302220	1	1
N???EAoqA\EyNo~_^o?	15	39	15	4	11	441111130302200	1	1
N???EAoqA\HsNoLs^o?	15	37	15	5	14	414411143222000	1	1
N???EAoqB_HsbaLsFw?	15	33	15	5	17	334411143432200	1	1
N???EAoqF_HsByLs^o?	15	36	15	6	15	444411133032200	1	1
N???EAor@ehsNoNo^o?	15	38	15	4	14	141144112323000	1	1
N???EAor@ehsNo~_^o?	15	39	15	4	12	114411423232000	1	1
N???EAorDcEYBwRJ^o?	15	36	15	7	15	141144112322030	1	1
N???EAorEWHsBwKu^o?	15	36	15	5	15	441144132333320	1	1
N???EAorEWHsKuNo^o?	15	37	15	5	13	003300312111244	1	1
N???EAorFCBhKsRg^o?	15	35	15	5	18	114411423201320	1	1
N???EAorF_EYRgBy^o?	15	36	15	6	15	444411133030220	1	1
N???EAow@q?vRgFs^o?	15	35	15	6	17	111133330021442	1	1
N???EAow@qGtFsB{^o?	15	36	15	7	16	333111114423002	1	1
N???EAow@qGtRgFs^o?	15	35	15	6	17	414411143032200	1	1
N???EAow@qWpRgFs^o?	15	35	15	5	16	441111130323020	1	1
N???EAowA\@}FsNo^o?	15	38	15	6	12	444411113322200	1	1
N???EAowA\ByFsNo^o?	15	38	15	5	11	333111142420002	1	1
N???EAowA\ByNoNo^o?	15	38	15	4	12	441111130302220	1	1
N???EAowA\ByNo~_^o?	15	39	15	4	11	444111133302000	1	1
N???EAowA\HsFsNo^o?	15	37	15	5	14	414411113322200	1	1
N???EAowB_HsbaNoBy?	15	33	15	5	17	334411143432200	1	1
N???EAoyFOHsDuNo^o?	15	37	15	5	13	000303311114244	1	1
N???EAo{A\@}B{No^o?	15	39	15	6	9	444422200011133	1	1
N???EAo{A\@}NoNo^o?	15	39	15	5	11	414411113322000	1	1
N???EAo{A\@}No~_^o?	15	40	15	5	9	444411133322000	1	1
N???EAo{A\HsB{No^o?	15	38	15	6	11	414411113322200	1	1
N???EAo{F_FGPhB}^o?	15	36	15	5	13	333311144444002	1	1
N???EAo{F_HsNoB}^o?	15	38	15	5	10	000033311112424	1	1
N???EAwmDoFGNo~_Gv_	15	38	15	4	8	414441113333002	1	1
N???EAwmDoGvNoNo^o?	15	39	15	4	8	141114442223000	1	1
N???EAwmDoGvNo~_^o?	15	40	15	4	7	141114442223000	1	1
N???EAwmF_FGBqPl^o?	15	36	15	5	14	030003331111224	1	1
N???EB?K?WWRB{Ky^o?	15	32	15	5	16	003333311334224	1	1
N???EB?K?[WBKYB{^o?	15	31	15	4	17	224444411401203	1	1
N???EB?K@_]?Nwre@~_	15	34	15	4	13	331111144114020	1	1
N???EB?K@_^?Nwre?~_	15	34	15	5	15	331111144114020	1	1
N???EB?K@_^oB}NwXr?	15	36	15	7	12	114411111330202	1	1
N???EB?KEO`}B{Ly^o?	15	36	15	5	13	224444411410003	1	1
N???EB?KEO`}~_LyE|?	15	37	15	4	11	441141133232022	1	1
N???EB?KEO`}~_NwE|?	15	37	15	4	12	224444411010300	1	1
N???EB?KEO`}~_~_E|?	15	37	15	6	11	441141133232002	1	1
N???EB?KEOxqB{~_E|?	15	36	15	6	12	003333311314242	1	1
N???EB?KEO}?B|~_E|?	15	35	15	6	13	003333311311242	1	1
N???EB?KEWe\B{B{^o?	15	36	15	6	14	331111144120002	1	1
N???EB?KEWe\B{Nw^o?	15	37	15	5	13	331111144120002	1	1
N???EB?KEWe\B{~_^o?	15	37	15	7	13	441111133102200	1	1
N???EB?KEWe\rcB{^o?	15	36	15	5	14	441111133102020	1	1
N???EB?KEWxaB{Kz^o?	15	36	15	5	13	113311300400042	1	1
N???EB?KE[`}rc~_F{?	15	38	15	6	10	441111133102002	1	1
N???EB?KE[`}~_Nw^o?	15	39	15	6	9	441111133102020	1	1
N???EB?KF_EKB}rd^o?	15	35	15	6	13	111144422421300	1	1
N???EB?KF_XaKx~_@~?	15	35	15	6	15	441111133130202	1	1
N???EB?KF_XqB}B}F{?	15	37	15	4	12	222244411413000	1	1
N???EB?KF_XqB}NwF{?	15	37	15	6	12	224444411413000	1	1
N???EB?KF_XqB}~_F{?	15	37	15	6	11	331111144142020	1	1
N???EB?KF_XqrcNw@~?	15	36	15	6	12	331111144142200	1	1
N???EB?KF_]?rcNw@~_	15	35	15	4	13	000033311311422	1	1
N???EB?KFo^?rc@~F{?	15	36	15	5	13	441113333000042	1	1
N???EB?M@oWb@}Mx^o?	15	35	15	5	14	331113144004402	1	1
N???EB?M@oWr@}~_F{?	15	36	15	6	12	114441111332200	1	1
N???EB?M@o^?pe@~F{?	15	35	15	5	13	003331111444002	1	1
N???EB?MEK_}~_Nw^o?	15	38	15	5	12	441111133202020	1	1
N???EB?MEK~?@|MY^o?	15	36	15	6	13	114441122320130	1	1
N???EB?MEK~?@|NwF{?	15	37	15	6	11	331114444232300	1	1
N???EB?MEK~?@|~_F{?	15	37	15	5	14	441111133230402	1	1
N???EB?MEK~?}?@|f{?	15	36	15	5	11	003331111414402	1	1
N???EB?{?Z`}{a~_F{?	15	39	15	6	10	331111144430220	1	1
N???EB?{?^`}NwNw^o?	15	41	15	4	8	331111144400002	1	1
N???EB?{?^`}Nw~_^o?	15	41	15	6	7	331111144400022	1	1
N???EB?{?^~oNwNwF{?	15	42	15	4	6	331111144202000	1	1
N???EB?{?^~o~_NwF{?	15	42	15	5	6	331111144202200	1	1
N???EB?{?^~o~_~_F{?	15	42	15	5	5	114444422230003	1	1
N???EB?{@R@}ta~_F{?	15	38	15	6	11	003333311102442	1	1
N???EB?{@b@}B{raF{?	15	37	15	5	12	221144411120030	1	1
N???EB?{@b@}B{ra^o?	15	37	15	7	10	444411133342200	1	1
N???EB?{@b@}ra~_F{?	15	38	15	6	11	441111133342002	1	1
N???EB?{@b@}ra~_^o?	15	38	15	5	11	111144422213000	1	1
N???EB?{EW@}B{Ky^o?	15	37	15	6	12	111144422203310	1	1
N???EB?{EW@}KyNw^o?	15	38	15	6	12	331111144220002	1	1
N???EB?{EW@}Ky~_^o?	15	38	15	6	10	114444422223300	1	1
N???EB?{FO@}DyNw^o?	15	38	15	6	11	333111144440002	1	1
N???EB?{F_EKr`BfF{?	15	35	15	6	16	221144411112330	1	1
N???EB?{F_EKr`B}F{?	15	36	15	6	14	000033311110422	1	1
N???EB?{F_EKr`~_@~?	15	36	15	5	11	444411133334002	1	1
N???EB?{F_^oB}NwF{?	15	40	15	6	10	003311111442022	1	1
N???EB?{F_^oB}~_F{?	15	40	15	5	8	331111144442020	1	1
N???EB?}Fo^?~_@~F{?	15	40	15	4	7	114442222000013	1	1
N???EB?~`~^oNw~_F{?	15	46	15	4	0	441111133020202	1	1
N???EB?~`~^oNw~_^o?	15	46	15	4	0	441111133020200	1	1
N???EB_Fw~B{No~_^o?	15	43	15	5	3	444111133222200	1	1
N???EB_MPMWquAFw^o?	15	36	15	5	16	331111144002202	1	1
N???EB_MPiWqqaFw^o?	15	36	15	5	15	331111344004402	1	1
N???EB_MPqB{Fwpe^o?	15	38	15	5	13	331111144000042	1	1
N???EB_MPqB{pe~_^o?	15	39	15	5	11	441114430220300	1	1
N???EB_MPqFwFwpe^o?	15	38	15	5	13	330000022111124	1	1
N???EB_MPqV?PfFw^o?	15	36	15	6	14	030003303111244	1	1
N???EB_MPqWrpeFw^o?	15	38	15	6	11	224442213001133	1	1
N???EB_MUKb{FwFw^o?	15	39	15	5	9	333000022141114	1	1
N???EB_MUKb{FwNo^o?	15	39	15	5	11	331111144020002	1	1
N???EB_MUKb{Fw~_^o?	15	40	15	5	9	333111144020022	1	1
N???EB_MUKb{~_~_^o?	15	41	15	4	8	114444422323000	1	1
N???EB_MUKfwFwNo^o?	15	39	15	4	11	114444422303330	1	1
N???EB_MUKfwFw~_^o?	15	40	15	4	10	331111144020022	1	1
N???EB_MV_WqFwBy^o?	15	37	15	6	13	333111144042002	1	1
N???EB_No~B{No~_^o?	15	43	15	4	5	441111133222200	1	1
N???EB_No~B{~_~_^o?	15	44	15	4	3	444111133222000	1	1
N???EB_No~^o~_~_^o?	15	45	15	3	3	441111133220000	1	1
N???EB_Np}B{No~_^o?	15	43	15	3	5	441111133222200	1	1
N???EB_Np}B{~_~_^o?	15	44	15	3	4	441111133222000	1	1
N???EB_mDoFGPfFw^o?	15	36	15	6	14	313331111444022	1	1
N???EB_s?Z}PFwJs^o?	15	38	15	6	11	003333311104224	1	1
N???EB_s?^b{B{Js^o?	15	39	15	4	8	333300022211114	1	1
N???EB_s?^b{JsNo^o?	15	39	15	4	10	114444422233330	1	1
N???EB_s?^b{Js~_^o?	15	40	15	6	8	331111144400022	1	1
N???EB_s?~B{B{Js^o?	15	39	15	4	9	444222200011113	1	1
N???EB_s?~B{FwJs^o?	15	39	15	4	9	444222200011113	1	1
N???EB_s?~B{JsJs^o?	15	39	15	4	10	114444422233330	1	1
N???EB_s?~B{JsNo^o?	15	39	15	4	10	114444422233330	1	1
N???EB_s?~B{Js~_^o?	15	40	15	5	8	331111144400022	1	1
N???EB_s?~DyNoNo^o?	15	39	15	4	10	114444422233330	1	1
N???EB_s?~DyNo~_^o?	15	40	15	4	8	441111133322200	1	1
N???EB_s?~Dy~_~_^o?	15	41	15	4	6	114444422233000	1	1
N???EB_s@a@vFwJs^o?	15	36	15	5	14	333311144440002	1	1
N???EB_s@a@vraFwDy?	15	35	15	5	16	443311133340022	1	1
N???EB_s@aXpFwJs^o?	15	36	15	5	13	331111144432002	1	1
N???EB_s@aXpraFwDy?	15	35	15	6	12	443311133340022	1	1
N???EB_uF_CyFwBy^o?	15	37	15	6	13	222244411110003	1	1
N???EB_w@aFwra~_B}?	15	37	15	5	11	333111144430220	1	1
N???EB_w@aXpBm~_B}?	15	37	15	7	10	444111133310202	1	1
N???EB_w@aXpra~_B}?	15	37	15	5	10	444111133340002	1	1
N???EB_w@aXp~_F{B}?	15	38	15	7	8	333111144432200	1	1
N???EB_w@aXp~_~_B}?	15	38	15	5	9	444111133310002	1	1
N???EB_w@}FwNo~_B}?	15	40	15	4	9	444111113300002	1	1
N???EB_w@}Fw~_F{^o?	15	41	15	4	7	331111144400202	1	1
N???EB_w@}^o~_F{B}?	15	42	15	6	4	333111144402200	1	1
N???EB_w@}^o~_~_B}?	15	42	15	4	4	111444422200003	1	1
N???EB_wFo?~No~_B}?	15	39	15	6	9	333111144420020	1	1
N???EB_{?^`}FwNo^o?	15	40	15	5	8	444222200011113	1	1
N???EB_{?~@}FwNo^o?	15	40	15	5	8	444222200011113	1	1
N???EB_{?~FwB{~_^o?	15	41	15	5	7	333111144400022	1	1
N???EB_{?~FwNoB{^o?	15	40	15	5	10	114444422033330	1	1
N???EB_{FO@}DyNo^o?	15	38	15	6	10	000333311112244	1	1
N???EB_{F_FwFw~_@~?	15	39	15	6	9	333311114442020	1	1
N???EBore[XoBwNoEBo	15	38	15	5	12	443311133000221	1	1
N???EBore[XoBwNoEJ_	15	38	15	5	10	443311133000224	1	1
N???EBoyF_AyByNo^o?	15	38	15	5	12	444411113332200	1	1
N???EBo{?^fwNoNo^o?	15	41	15	4	9	111144442230000	1	1
N???EBo{?^fwNo~_^o?	15	42	15	4	8	111144422230000	1	1
N???EBo{?^fw~_~_^o?	15	43	15	4	5	111144422230000	1	1
N???EBo{EWEXB{No^o?	15	38	15	5	14	444411113300200	1	1
N???EBo{EWEXB{~_^o?	15	39	15	5	11	111144422200300	1	1
N???EBo{F_FG@nB}^o?	15	38	15	4	9	111133300000442	1	1
N???EBo{F_FwB}B}^o?	15	41	15	5	5	222244411113003	1	1
N???EBo{F_FwB}~_^o?	15	41	15	4	5	444411133330200	1	1
N???EBo{F_FwNo~_@~?	15	40	15	5	7	333311114442220	1	1
N???EBw}Fo^?No@~^o?	15	42	15	3	5	000003331111424	1	1
N???F?\FvD^o~_~_^o?	15	45	15	3	3	444111132230000	1	1
N???F?\{F_[SBu~_^o?	15	40	15	5	8	111144423222300	1	1
N???F?^~f{^o~_~_^o?	15	50	15	1	0	222000034111111	1	1
N???FAWDo}\AXg~_^o?	15	39	15	4	11	444111130223000	1	1
N???FAWDrLKsFoyC^o?	15	37	15	5	15	111414424300320	1	1
N???FAWFRDbwXg~_^o?	15	39	15	5	11	111444123323000	1	1
N???FAWFSwBwXgWm^o?	15	37	15	6	13	033000321111224	1	1
N???FAWFo}KsXg~_^o?	15	40	15	4	12	411441123002200	1	1
N???FAWFo}Ks~_~_^o?	15	42	15	3	8	444111130220000	1	1
N???FAWFrL^o~_~_^o?	15	44	15	2	8	111441123320000	1	1
N???FAWT?}BwXgic^o?	15	36	15	4	16	444111130022000	1	1
N???FAWT?}Ksic~_^o?	15	38	15	3	16	111414120330200	1	1
N???FAW[?NbwbcXg^o?	15	36	15	5	16	444411130322200	1	1
N???FAW[?}@ybcXg^o?	15	36	15	5	14	444411130322200	1	1
N???FAW[?}BwbcXg^o?	15	36	15	4	15	444111130322200	1	1
N???FAW[?}PqXg~_^o?	15	38	15	3	14	144111130322000	1	1
N???FAW[?}Pq}?Xg?}O	15	35	15	5	17	411442220233011	1	1
N???FAW[BLKsFobc^o?	15	36	15	4	16	411441103022000	1	1
N???FAW[FOPqBsXgAx?	15	33	15	6	19	111333302002424	1	1
N???FAW`_}BwXg]CKF_	15	35	15	5	17	122444410000331	1	1
N???FAW`_}BwXg]C^o?	15	36	15	4	16	444111130022000	1	1
N???FAW`_}Ks]C~_^o?	15	38	15	3	16	111114422333200	1	1
N???FAW`agTPFoXgNA?	15	32	15	4	24	311114422300002	1	1
N???FAW`foNAFoXg?|_	15	35	15	5	17	144442200100331	1	1
N???FAWx?ubwXgXg^o?	15	37	15	5	15	111441123230220	1	1
N???FAWx?ubwXg~_^o?	15	39	15	4	11	444111130322000	1	1
N???FAWxFGKsFoEu^o?	15	37	15	5	12	444114130330220	1	1
N???FAW{F_BwXgBu^o?	15	37	15	5	12	000033314112424	1	1
N???FA[fCwBwWm~_^o?	15	40	15	4	8	144111402220300	1	1
N???FA]fc{RoFo~_KFo	15	42	15	3	6	033000021111142	1	1
N???FBOBw}Ds~_~_^o?	15	42	15	4	6	444411133222000	1	1
N???FBOFo}DsJg~_^o?	15	40	15	4	10	441111133222200	1	1
N???FBOFo}Ds~_~_^o?	15	42	15	3	7	444111133222000	1	1
N???FBOFp\^o~_~_^o?	15	44	15	2	6	441111133220000	1	1
N???FBOb?^BwJg[c^o?	15	36	15	5	14	444411133022200	1	1
N???FBOb?}Bw[cJg^o?	15	36	15	4	15	444111133022020	1	1
N???FBObAWBwJg[cUP?	15	32	15	4	20	331144144330022	1	1
N???FBObBcbwJg~_^o?	15	38	15	3	14	441111133002200	1	1
N???FBObBcmQFoJg^o?	15	36	15	4	16	411144100322000	1	1
N???FBOi?NbwJgTc^o?	15	36	15	5	16	444111133322000	1	1
N???FBOi?^AyJgTc^o?	15	36	15	6	16	444111133322000	1	1
N???FBOi?^BwJgTc^o?	15	36	15	5	14	444411133022200	1	1
N???FBOi?}BwJgTc^o?	15	36	15	4	15	444111130322020	1	1
N???FBOi@X@{DsSe^o?	15	35	15	7	19	114144102331420	1	1
N???FBOi@\DsFoTc^o?	15	36	15	4	15	441411133022200	1	1
N???FBOi@\IqFo~_^o?	15	38	15	3	14	444111133300200	1	1
N???FBOk?}BwJgRc^o?	15	36	15	4	15	444111130322020	1	1
N???FBOk?}DsRcB{^o?	15	37	15	6	12	333311144400002	1	1
N???FBOk?}DsRc~_^o?	15	38	15	3	12	444411133322200	1	1
N???FBOkB_BwJgRcPp?	15	32	15	4	20	222244411110000	1	1
N???FBOq?NbwJgLc^o?	15	36	15	5	15	441111133322220	1	1
N???FBOq?^AyHk~_^o?	15	38	15	6	12	441111133322200	1	1
N???FBOq?^AyJgLc^o?	15	36	15	5	15	441111133322220	1	1
N???FBOq?^BwJgLc^o?	15	36	15	5	14	444411133022200	1	1
N???FBOq?}BwJgLc^o?	15	36	15	4	15	444111130322020	1	1
N???FBOq?}DsLc~_^o?	15	38	15	3	12	441111133322200	1	1
N???FBOq@o@{DspaCu?	15	32	15	5	20	442222200031131	1	1
N???FBOq@oWpFoJgEq?	15	32	15	4	20	441111133300222	1	1
N???FBOw?Zds{aFs^o?	15	38	15	5	12	000033311122124	1	1
N???FBOw@\@}B{Fs^o?	15	39	15	5	8	333300022211114	1	1
N???FBOw@\@}FsFs^o?	15	39	15	5	9	111444422203330	1	1
N???FBOw@\@}Fs~_^o?	15	40	15	6	8	444111133302200	1	1
N???FBOw@\ByFsFs^o?	15	39	15	5	8	111444420203330	1	1
N???FBOw@\ByFs~_^o?	15	40	15	5	8	444111130302200	1	1
N???FBOw@\By~_~_^o?	15	41	15	3	7	111444422203000	1	1
N???FBOw@\DsB{Fs^o?	15	38	15	5	11	333311144400002	1	1
N???FBOw@\DsFsFs^o?	15	38	15	5	12	444111134300220	1	1
N???FBOw@\DsFs~_^o?	15	39	15	4	11	111144422233300	1	1
N???FBOw@oDspaFs^o?	15	35	15	4	15	444111133302020	1	1
N???FBO{?}BwJgB{^o?	15	38	15	6	11	333300022211114	1	1
N???FBO{?}DsB{~_^o?	15	40	15	5	8	444411133322200	1	1
N???FBO{F_BwJg~_@~?	15	38	15	5	10	000033311112242	1	1
N???FBWuEoBwHm~_^o?	15	40	15	4	8	114114402220300	1	1
N???FB_F?w?^FWwe~o?	15	36	15	5	11	111444122331320	1	1
N???FB_F?w?^Fwwe^__	15	36	15	5	13	111444122331320	1	1
N???FB_F?w?^Fwwe^o?	15	36	15	5	13	444111133221230	1	1
N???FB_Fw~B{~_~_^o?	15	45	15	6	0	444111133222000	1	1
N???FB_Fw~^o~_~_^o?	15	46	15	4	0	444111133220000	1	1
N???FB_e?NkqFwFw^o?	15	38	15	7	11	444222200213113	1	1
N???FB_e?NkqFw~_^o?	15	39	15	5	11	444111133320200	1	1
N???FB_e?Nkq}AFw^o?	15	38	15	5	13	444111133120320	1	1
N???FB_eAKkqmAFw^o?	15	36	15	5	16	141114400233200	1	1
N???FB_eAgKqiaFw^o?	15	35	15	4	16	444111133000020	1	1
N???FB_eAoKqhaFw^o?	15	35	15	4	16	444111133000020	1	1
N???FB_eBGrPXcFw^o?	15	36	15	5	15	144114133232320	1	1
N???FB_eBKb{FwFw^o?	15	39	15	6	8	333000022441114	1	1
N???FB_eBKb{Fw~_^o?	15	40	15	5	8	333111144220022	1	1
N???FB_eBKb{~_~_^o?	15	41	15	3	8	111444422003000	1	1
N???FB_eBKkqFwFw^o?	15	38	15	6	12	444111133100220	1	1
N???FB_eBKkqFw~_^o?	15	39	15	4	12	111444422000300	1	1
N???FB_eFGKq@{Ey^o?	15	36	15	6	13	444111133130220	1	1
N???FB_eFGKqFwEy^o?	15	37	15	6	11	000333311414224	1	1
N???FB_eF_KqFwBy^o?	15	37	15	6	11	000333311414224	1	1
N???FB_w?w[P?}~_Bm_	15	36	15	5	10	111333300020124	1	1
N???FB_w?w[P?}~_B}?	15	36	15	5	10	222444411101230	1	1
N???FB_wFo?~~_F{^o?	15	41	15	5	5	111444422203030	1	1
N???FB_wF{B}~_F{^o?	15	44	15	6	0	444111133302020	1	1
N???FB_{?^`}Fw~_^o?	15	42	15	7	4	444222200011133	1	1
N???FB_{?~@}Fw~_^o?	15	42	15	7	4	444111133322200	1	1
N???FB_{?~@}~_~_^o?	15	43	15	5	3	111444422233000	1	1
N???FB_}Fo^?Fw~_?~_	15	41	15	4	9	000222244111310	1	1
N???FBo{?}@}~_~_^o?	15	43	15	4	4	111144422233000	1	1
N???FBo{?}BwB{~_^o?	15	41	15	5	7	444111133322200	1	1
N???FBo{F_Bw~_~_@~?	15	41	15	4	5	111133300002224	1	1
N???FBw}Fo^?Fo@~^o?	15	42	15	3	6	000003311111424	1	1
N???Fbo{?^~o~_~_^o?	15	46	15	3	0	000022244431111	1	1
N???Fbo{F_^oB}~_@~?	15	44	15	6	0	000033311114242	1	1
N???Fbo{F_^oB}~_^o?	15	44	15	3	0	000022244441311	1	1
N???Frw}Fo^?~_@~^o?	15	46	15	2	0	000002244444131	1	1
N??CA?_CFwFwVgb[Lq?	15	34	15	4	16	311111133300020	1	1
N??CA?_EFG_}^_nOZc?	15	33	15	5	18	111441111322000	1	1
N??CA?_EFGcyPk^_Rk?	15	32	15	5	18	111441111322200	1	1
N??CA?_cFwRkJsRkNo?	15	35	15	5	15	311311411422000	1	1
N??CA?_eBK_}NonOZc?	15	34	15	5	16	411441111322000	1	1
N??CA?_eBK_}^_nOZc?	15	34	15	5	16	411441111322000	1	1
N??CA?_s@EnonOB{Zd?	15	35	15	6	16	441411331340020	1	1
N??CA?_sF_JsfWJs@~?	15	35	15	5	13	331311111442200	1	1
N??CA?_sFoJsfWJs?~?	15	35	15	6	15	111113333002244	1	1
N??CA?_sFw@}JsVgRk?	15	36	15	5	14	331311111420022	1	1
N??CA?_u@M~?VgfW?}_	15	35	15	6	13	111113333040224	1	1
N??CA?_w?FBb^_nOZc?	15	32	15	4	18	444111444332000	1	1
N??CA?_w@EBfVgfWNo?	15	33	15	5	15	433111341440202	1	1
N??CA?_w@EBfVgfW^_?	15	33	15	5	16	313111431440022	1	1
N??CA?_w@EGSF{vIVg_	15	33	15	6	16	143111414443002	1	1
N??CA?_w@EGS^_FFRk?	15	30	15	6	18	144111411333020	1	1
N??CA?_w@EJsnOF{Zd?	15	35	15	5	15	313111411430202	1	1
N??CA?_w@ENonOF{Zd?	15	35	15	5	16	331111441430002	1	1
N??CA?_w@eXd^_fWB}?	15	35	15	5	17	314111411432020	1	1
N??CA?_w@eXd^_nOB}?	15	35	15	5	18	113111114440220	1	1
N??CA?_w@}JsfWF{B}?	15	38	15	3	12	333111111400000	1	1
N??CA?_w@}JsfWNoB}?	15	37	15	4	14	334111113402200	1	1
N??CA?_wBCVgVgF{Rl?	15	35	15	5	14	343111411432002	1	1
N??CA?_wBCVgvGF{Bn?	15	35	15	4	12	333111411442200	1	1
N??CA?_wBCVgvGF{Rl?	15	35	15	4	14	333111411442200	1	1
N??CA?_wBc@nnOvGB}?	15	35	15	5	14	333111411440220	1	1
N??CA?_wBcFwbYvGB}?	15	35	15	5	16	334111411430220	1	1
N??CA?_wBcPlnOvGB}?	15	35	15	5	16	333111411440220	1	1
N??CA?_wB{FwVgfWB}?	15	37	15	4	13	433111144422200	1	1
N??CA?_wB{VgVgfWB}?	15	37	15	4	14	333111114422000	1	1
N??CA?_wB{Vg^_vGB}?	15	37	15	4	13	333111144422220	1	1
N??CA?_wB{VgvGF{B}?	15	38	15	5	12	333111111422200	1	1
N??CA?_wB{VgvGNoB}?	15	37	15	4	14	331111441422200	1	1
N??CA?_wFwFwVgfWB}?	15	37	15	4	14	333111411420020	1	1
N??CA?_wFwNonOvGB}?	15	37	15	4	12	444111333300002	1	1
N??CA?_{?^fwVgfWB{?	15	37	15	4	14	333311111402220	1	1
N??CA?_{?^fwVgfWFw?	15	37	15	4	15	333311111402222	1	1
N??CA?_{@UNoB{tIRk?	15	35	15	5	17	441411111320230	1	1
N??CA?_{@UNonOB{Yd?	15	35	15	5	17	441411111320023	1	1
N??CA?_{@e@}rIVgVg?	15	35	15	5	19	313311131440002	1	1
N??CA?_{BS@}dYnOJs?	15	35	15	5	18	343111411430220	1	1
N??CA?_{BcVgVgB{Pl?	15	35	15	5	15	144411111330022	1	1
N??CA?_{BcVgvGB]B{?	15	35	15	5	14	444411411330020	1	1
N??CA?_{BcVgvGbY@}?	15	35	15	5	15	144411111330022	1	1
N??CA?_{B{@}NoVgRk?	15	37	15	4	15	444411111302000	1	1
N??CA?_{B{VgB{VgRk?	15	37	15	4	15	444411111300200	1	1
N??CA?_{B{Vg^_vG@}?	15	37	15	4	15	144111133300002	1	1
N??CA?_{B{VgvGB{B{?	15	37	15	4	14	444411111300022	1	1
N??CA?_{B{VgvGB{Fw?	15	37	15	4	15	444411111300020	1	1
N??CA?_{F_FwVgfW@~?	15	36	15	5	12	444411111330002	1	1
N??CA?_{F_NonOvG@~?	15	36	15	5	12	000033333114442	1	1
N??CA?_{Fw@}NoVgRk?	15	37	15	4	15	444411111302000	1	1
N??CA?_{FwNonOvG@}?	15	37	15	4	14	444111333300002	1	1
N??CA?_}FoFwVgfW?~?	15	37	15	5	12	111114444220003	1	1
N??CA?_}FoNonOvG?~?	15	37	15	4	12	111113333002224	1	1
N??CA?oBE@_]Rg[cVg?	15	30	15	6	20	424444242211110	1	1
N??CA?oBE@`{Ks^_Vg?	15	32	15	4	20	331111113330000	1	1
N??CA?oBE@hsbWKs^_?	15	31	15	5	19	441144112333320	1	1
N??CA?oBMX@{[ckS^_?	15	33	15	6	19	141144412333020	1	1
N??CA?oIEH`{Ds^_Vg?	15	33	15	5	18	114441113322200	1	1
N??CA?oKF_Hub[No@~?	15	35	15	4	14	222244441110030	1	1
N??CA?oKF_Xe^_nO@~?	15	35	15	6	13	113311114440220	1	1
N??CA?oKFoHub[No?~?	15	35	15	5	15	114411113302202	1	1
N??CA?oKFwFwRkb[No?	15	36	15	6	12	114411113300220	1	1
N??CA?oKFwFwRkb[^_?	15	36	15	6	12	114411113300220	1	1
N??CA?oMEH_}RgnONo?	15	34	15	6	15	114441113322200	1	1
N??CA?oMEH_}rG^_Vg?	15	34	15	6	15	114441113322200	1	1
N??CA?oaMP@{nO\cEz?	15	35	15	5	15	311131113442200	1	1
N??CA?oaMX@{nOLsMq?	15	35	15	6	17	114411113422000	1	1
N??CA?oaMX@{nO\cEZ?	15	35	15	6	17	113311334000224	1	1
N??CA?obADeYBwbW^_?	15	32	15	6	19	411144222011330	1	1
N??CA?obADeYRgbW^_?	15	32	15	6	19	441144112312330	1	1
N??CA?obADeYbW~?Fw?	15	33	15	5	17	144411413233200	1	1
N??CA?obADeYbW~?No?	15	33	15	6	17	144411413233200	1	1
N??CA?obMX@{[cnOEZ?	15	35	15	5	15	113311334002424	1	1
N??CA?oiALaybW~?Fw?	15	34	15	6	18	414141111322000	1	1
N??CA?okEX@}RknONo?	15	36	15	6	13	313311114400022	1	1
N??CA?okEXHUB{^_Ug_	15	35	15	5	16	313311114400022	1	1
N??CA?okF_PkRkNo@~?	15	35	15	4	14	222244441110030	1	1
N??CA?ooGUhsbW|AFy?	15	34	15	6	18	221144442103310	1	1
N??CA?ooG]`{^_nO]@_	15	35	15	5	13	333311114400224	1	1
N??CA?ooG^@{^_nOFy?	15	36	15	4	14	444411113422000	1	1
N??CA?ooG^No^_nOFy?	15	37	15	4	15	331111140402200	1	1
N??CA?ooG^NonONsFy?	15	38	15	3	14	331111113400000	1	1
N??CA?ooG^^_^_nOFy?	15	37	15	5	14	331111440402220	1	1
N??CA?ooHEBbBw^_Vg?	15	32	15	4	20	444111442332000	1	1
N??CA?ooHchsbY~?Fy?	15	35	15	6	15	314411413432200	1	1
N??CA?ooIT@{lQ~?Fy?	15	35	15	6	17	141141412133200	1	1
N??CA?ooITPkLU~?Fy?	15	35	15	5	16	224444142113030	1	1
N??CA?ooITPklQ^_Fy?	15	35	15	6	17	341141412432200	1	1
N??CA?ooITPklQ~?Fy?	15	35	15	5	18	331111413442020	1	1
N??CA?ooI\@{^_nOFy?	15	36	15	5	15	414411113422000	1	1
N??CA?ooI\@{~?nOFy?	15	36	15	5	15	414411113422000	1	1
N??CA?ooI\Pk^_nOFy?	15	36	15	5	16	114411113422000	1	1
N??CA?ooI\Pk~?NsFy?	15	37	15	6	15	114411113422000	1	1
N??CA?ooI\Pk~?^_Fy?	15	36	15	5	16	114411113422000	1	1
N??CA?ooI\Pk~?~?Fy?	15	36	15	5	16	114411113422000	1	1
N??CA?ooJC@{FU^_Vg?	15	33	15	5	18	431111313442020	1	1
N??CA?ooJC@{fQ~?Fy?	15	34	15	6	17	331111410430220	1	1
N??CA?ooJSQhBw~?Fy?	15	34	15	6	19	331111440422020	1	1
N??CA?ooJc@{bY~?Fy?	15	35	15	6	15	144411113432200	1	1
N??CA?ooJcHsbYnOFy?	15	35	15	6	16	134411113432200	1	1
N??CA?ooJcHsbY~?Fy?	15	35	15	6	17	144411113432200	1	1
N??CA?ooJcUGbYRhFy?	15	34	15	6	18	334411113433220	1	1
N??CA?ooMX@{^_nOFy?	15	36	15	5	16	114411113422000	1	1
N??CA?ooN_HsBynOFy?	15	35	15	6	15	424411113432200	1	1
N??CA?ooN_HsbWBuFy?	15	34	15	5	16	221144442113300	1	1
N??CA?ooN_HsbWByFy?	15	34	15	5	15	111144442123330	1	1
N??CA?ooN_NonOByFy?	15	36	15	5	15	444411113330020	1	1
N??CA?oq?NhsbWLs^_?	15	34	15	6	18	331131111402202	1	1
N??CA?oqA\Pk}?Ls?}O	15	34	15	6	18	441142222033011	1	1
N??CA?oqEP?}^_nOEz?	15	35	15	5	14	331131110440220	1	1
N??CA?oqEX?}Ls^_Vg?	15	35	15	6	16	441141112332200	1	1
N??CA?oqEX?}^_nOEZ?	15	35	15	6	15	113311334004224	1	1
N??CA?oqGNCy^_nOZ@_	15	35	15	6	15	331331110400224	1	1
N??CA?oqGNEy}A^_Vg?	15	36	15	6	17	331114442430200	1	1
N??CA?oqGNHsLs}AVg?	15	35	15	6	18	131114442133020	1	1
N??CA?oqGVHsLs|AVg?	15	35	15	6	18	131141442133020	1	1
N??CA?oqG^@{Ls^_Vg?	15	36	15	5	16	444411113422000	1	1
N??CA?oqG^Ey^_^_Vg?	15	37	15	5	16	331131110420222	1	1
N??CA?oqG^Ey^_nOFw?	15	37	15	4	16	331131110420220	1	1
N??CA?oqG^Ey~?^_Vg?	15	37	15	5	16	331131110420222	1	1
N??CA?oqHk`{\_nOPLO	15	35	15	6	15	214424420103031	1	1
N??CA?oqILPkmQLsNo?	15	35	15	6	19	441141112313020	1	1
N??CA?oqI\@{^_LsVg?	15	36	15	5	17	114411113222000	1	1
N??CA?oqI\@{~?LsVg?	15	36	15	5	17	114411113222000	1	1
N??CA?oqI\Pk^_nOEy?	15	36	15	5	16	441144112333002	1	1
N??CA?oqI\Pk~?NoEy?	15	36	15	5	16	441144112333002	1	1
N??CA?oqI\Pk~?^_Ey?	15	36	15	5	16	441141132303002	1	1
N??CA?oqI\Pk~?~?Ey?	15	36	15	5	15	441141332333002	1	1
N??CA?oqJKRHBwLs^_?	15	34	15	6	20	331131140423002	1	1
N??CA?oqJc@{bYLs^_?	15	35	15	6	17	133311314040022	1	1
N??CA?oqJcHsLsbYVg?	15	35	15	6	18	114411413232020	1	1
N??CA?oqJcHsLsbY^_?	15	35	15	6	18	114411413232020	1	1
N??CA?oqMP@{^_nOEz?	15	36	15	5	14	114414441220003	1	1
N??CA?oqMX@{^_nOEy?	15	36	15	5	16	441141112330002	1	1
N??CA?oqNO@{^_nOAz?	15	35	15	6	16	444141114330002	1	1
N??CA?oqN_Ey^_nO@|?	15	36	15	6	17	444411113430002	1	1
N??CA?oqN_HsBynOEy?	15	35	15	6	17	303311114340022	1	1
N??CA?orG^NO]_nOOko	15	36	15	6	15	311113133220024	1	1
N??CA?orG^Xc^_nOEY_	15	37	15	6	13	114411443202003	1	1
N??CA?orNo^?^_nO?|_	15	37	15	4	14	111113330200224	1	1
N??CA?ow?e`}rI^_Vg?	15	35	15	6	18	331111441430200	1	1
N??CA?owATPklQFsNo?	15	34	15	6	18	431131310340022	1	1
N??CA?owA\PkFs^_Vg?	15	35	15	5	17	333311114400022	1	1
N??CA?owA\Pk~?FsFw?	15	35	15	5	17	444411113322020	1	1
N??CA?owBcHsFsbYVg?	15	34	15	6	19	133311114442002	1	1
N??CA?owEPNonOB{Az?	15	35	15	5	16	444111113330022	1	1
N??CA?owEXNonOFs@}?	15	36	15	6	16	333111111422200	1	1
N??CA?owE_HsbWFsDx?	15	32	15	4	18	334411113442200	1	1
N??CA?oy?mhsbW^_Vg?	15	35	15	5	19	114411113002200	1	1
N??CA?oy?mhsbW~?Fw?	15	35	15	5	19	114411113002200	1	1
N??CA?oy?mxcBw^_Vg?	15	35	15	5	18	111414444230300	1	1
N??CA?oy@MAyRgbWZ@?	15	32	15	6	20	441142222011330	1	1
N??CA?oyBcAyRgbYVg?	15	34	15	6	20	133311314242202	1	1
N??CA?o{@eHsB{rIVg?	15	35	15	6	18	242244421110003	1	1
N??CA?o{@eNonOB{Xd?	15	36	15	6	16	114411113330022	1	1
N??CA?o{A\PkB{No@}?	15	36	15	4	12	444422220011131	1	1
N??CA?o{A\PkB{NoFw?	15	36	15	5	14	224411113322200	1	1
N??CA?o{A\PkB{NoNo?	15	36	15	5	14	033311114400022	1	1
N??CA?o{A\PkB{No^_?	15	36	15	5	14	333311114400022	1	1
N??CA?o{A\PkB{^_Vg?	15	36	15	5	14	333311114400022	1	1
N??CA?o{BcXcB{NoPl?	15	35	15	6	16	422244241110030	1	1
N??CA?o{BcXcB{bYVg?	15	35	15	5	16	133311114440002	1	1
N??CA?o{EX@}No^_Vg?	15	37	15	5	15	114411113322000	1	1
N??CA?o{EX@}^_^_Vg?	15	37	15	5	15	333311114400222	1	1
N??CA?o{EX@}^_nO^_?	15	37	15	5	15	333311114420222	1	1
N??CA?o{EXHsB{nOFw?	15	36	15	5	15	313311114400022	1	1
N??CA?o{EXHsB{nONo?	15	36	15	5	15	414411113322200	1	1
N??CA?o{EXHsbWNo@}?	15	35	15	5	17	333311111420020	1	1
N??CA?o{EXXcB{^_Vg?	15	36	15	5	16	114411113322200	1	1
N??CA?o{F_HsbWNo@~?	15	35	15	4	14	333311114440020	1	1
N??CA?o{F_Xc^_nO@~?	15	36	15	5	13	000033331114442	1	1
N??CA?wM@o^_NoPmOn?	15	35	15	6	10	330003331114422	1	1
N??CA?wMEH_}]_nOOmO	15	35	15	5	14	311113130044024	1	1
N??CA?wMEH_}^_nOFX?	15	36	15	5	13	113331114400224	1	1
N??CA?wMEH_}^_nONo?	15	36	15	6	12	441114442233000	1	1
N??CA?wMEH_}^_nO^_?	15	36	15	5	12	441114442233000	1	1
N??CA?wpNo^?^_nO?|_	15	37	15	4	14	111113330000224	1	1
N??CAA_EFG_}XcnOJs?	15	33	15	6	19	111441111322200	1	1
N??CAA_EFG_}nOVgNo?	15	34	15	6	18	313111414120200	1	1
N??CAA_KEWvgB{^_Js?	15	35	15	6	16	313111414422020	1	1
N??CAA_MEG_}nOVgNo?	15	34	15	6	18	114441111322000	1	1
N??CAA_SF_JsjSNo@~?	15	35	15	6	16	303311114140220	1	1
N??CAA_SFoJsjSNo?~?	15	35	15	7	17	141113330300224	1	1
N??CAA_SFw@}VgjSFw?	15	36	15	6	16	141411131302020	1	1
N??CAA_UDA_}No~?Jt?	15	35	15	6	16	313111134044220	1	1
N??CAA_UDI_}No~?Js?	15	35	15	6	17	141441111322000	1	1
N??CAA_UDI~?NoVg?}_	15	35	15	7	15	411113333040224	1	1
N??CAA_W`E^_FwfSJd?	15	34	15	6	17	414111313430202	1	1
N??CAA_W`eX`nOVgBm?	15	34	15	6	19	134111341432020	1	1
N??CAA_WcybmNo~?Js?	15	37	15	6	15	433111313400202	1	1
N??CAA_Wcyb{nOVg^_?	15	37	15	5	13	414111313402020	1	1
N??CAA_WcyfwFwVg^_?	15	37	15	5	14	414111313402220	1	1
N??CAA_Wda^_F[FwHt?	15	35	15	6	17	242444141113000	1	1
N??CAA_Wda^_NoF[Ht?	15	35	15	6	17	414111113330022	1	1
N??CAA_Wda^_fSFwHt?	15	35	15	6	16	414111313430022	1	1
N??CAA_Wf_@nVgfSFw?	15	35	15	5	16	433111311440202	1	1
N??CAA_Wf_JsByfSFw?	15	35	15	5	17	343111414340022	1	1
N??CAA_Wf_JsBynOBm?	15	35	15	5	16	222444141110030	1	1
N??CAA_Wf_JsBynORi?	15	35	15	6	15	343111414340022	1	1
N??CAA_[Ad@}bUNo^_?	15	35	15	7	16	133311114440022	1	1
N??CAA_[CY~?NoVg?}_	15	35	15	6	15	411113333040224	1	1
N??CAA_[CY~_B{VgFw?	15	36	15	6	16	144411111320200	1	1
N??CAA_[F_PiNoVg@~?	15	35	15	5	14	033311111440220	1	1
N??CAA_sAdNoFwjQDy?	15	35	15	6	15	341411414330022	1	1
N??CAA_sAd^_FwjQDy?	15	35	15	6	16	441111313340202	1	1
N??CAA_sApNonOB{Cz?	15	35	15	6	16	441411113330022	1	1
N??CAA_sA|VgJs^_B{?	15	37	15	5	15	343111134302200	1	1
N??CAA_sBCJsJsnOBl?	15	34	15	6	18	341111414430022	1	1
N??CAA_sBSAlVgnODy?	15	34	15	6	20	131414142423000	1	1
N??CAA_sBc@nJsnOJs?	15	35	15	6	17	331311111440022	1	1
N??CAA_sDQDy~?TiB{?	15	35	15	6	18	414111313030022	1	1
N??CAA_sDYDi^_FwIT_	15	35	15	7	13	431311313400224	1	1
N??CAA_sDaDyRiFw^_?	15	35	15	6	18	313311114440002	1	1
N??CAA_sFOVgDyVgDy?	15	35	15	6	18	444141113330200	1	1
N??CAA_sF_JsnOJs@~?	15	36	15	6	14	331311111442200	1	1
N??CAA_sFoJsnOJs?~?	15	36	15	7	16	411113333002024	1	1
N??CAA_sFw@}VgnODy?	15	37	15	6	15	331311111420220	1	1
N??CAA_sFwJsJsnOB{?	15	37	15	5	15	411111313302202	1	1
N??CAA_u?jCyYanOJs?	15	34	15	6	20	111114144233200	1	1
N??CAA_u@MvgFwVgNo?	15	37	15	5	16	314114444230000	1	1
N??CAA_u@Mvg~?FwJs?	15	37	15	5	15	414111313000022	1	1
N??CAA_u@M~?nOVg?}_	15	36	15	6	14	111113333040224	1	1
N??CAA_uALCy~?FwVH?	15	35	15	6	18	311114414233002	1	1
N??CAA_uAdCy^_FwTh?	15	35	15	6	17	341411414332002	1	1
N??CAA_uAdCy~?FwTh?	15	35	15	6	18	441111313342020	1	1
N??CAA_uApNonOFwCz?	15	36	15	6	15	441441114330002	1	1
N??CAA_uBKBLHsnOJs?	15	34	15	6	18	114114411232300	1	1
N??CAA_uDICyUi^_B{?	15	35	15	6	16	013113131044022	1	1
N??CAA_uDICy~?UiB{?	15	35	15	6	17	414114141233020	1	1
N??CAA_uDIJD^_FwCy_	15	35	15	6	15	013113331040224	1	1
N??CAA_uFGCynOEyJs?	15	35	15	6	18	414111313030022	1	1
N??CAA_uF_CynOByJs?	15	35	15	6	17	244441111332020	1	1
N??CAA_w?FBbnOVgNo?	15	33	15	5	17	431111343440022	1	1
N??CAA_w@EBfnOVgB}?	15	35	15	5	15	313111414440200	1	1
N??CAA_w@EVgVIVgB}?	15	35	15	6	15	313111414442000	1	1
N??CAA_w@EVg^_VIB}?	15	35	15	6	15	414111113330022	1	1
N??CAA_w@EVgvAVgB}?	15	35	15	6	14	313111414432200	1	1
N??CAA_wA`Vg^_BuB}?	15	35	15	6	14	333111114442200	1	1
N??CAA_wA`Vg^_JqB}?	15	35	15	6	15	333111114432220	1	1
N??CAA_wAdTh^_nOB}?	15	36	15	6	14	341111414432020	1	1
N??CAA_wAd^_jQNoB}?	15	36	15	6	14	333111414432200	1	1
N??CAA_wAd^_jQ^_B}?	15	36	15	6	15	313111414432200	1	1
N??CAA_wAp?z^_nOB}?	15	35	15	6	16	333111114400220	1	1
N??CAA_wApCx^_nOB}?	15	35	15	6	17	313111114402220	1	1
N??CAA_wApCxnOVgB}?	15	35	15	6	16	343111114432200	1	1
N??CAA_wA|Js^_nOB}?	15	38	15	5	12	313111114400220	1	1
N??CAA_wA|JsnONoB}?	15	38	15	5	12	343111134400220	1	1
N??CAA_wA|No^_nOB}?	15	38	15	5	12	244111133300002	1	1
N??CAA_wA|NonOF{B}?	15	39	15	5	10	444111113320022	1	1
N??CAA_wA|NonONoB}?	15	38	15	5	12	313111114402220	1	1
N??CAA_wA|NonOnOB}?	15	38	15	5	11	313111414402220	1	1
N??CAA_wA|VgNoF{B}?	15	39	15	4	10	333111114402200	1	1
N??CAA_wA|VgNoNoB}?	15	38	15	4	11	343111114402220	1	1
N??CAA_wA|VgnONoB}?	15	38	15	5	10	343111414402220	1	1
N??CAA_wBc@nVgnOB}?	15	36	15	5	15	222444141110030	1	1
N??CAA_wCqKpnOVgB}?	15	35	15	6	15	343111414423200	1	1
N??CAA_wDaVgRi^_B}?	15	36	15	6	14	313111114442020	1	1
N??CAA_wDa^_RiNoB}?	15	36	15	6	14	313111114442020	1	1
N??CAA_wDa^_Ri^_B}?	15	36	15	6	14	313111114442020	1	1
N??CAA_wFwJs^_nOB}?	15	38	15	5	11	313111414420220	1	1
N??CAA_wFwJsnONoB}?	15	38	15	5	11	313111414420220	1	1
N??CAA_{Ad@}jQNoNo?	15	36	15	6	17	341411414430200	1	1
N??CAA_{Ad@}jQNo^_?	15	36	15	6	16	333111414430202	1	1
N??CAA_{Ad@}jQnONo?	15	36	15	6	16	341111414430220	1	1
N??CAA_{A|JsnOB{Fw?	15	38	15	5	14	313111414200200	1	1
N??CAA_{A|VgB{NoB{?	15	38	15	5	13	333111114402020	1	1
N??CAA_{A|VgB{NoFw?	15	38	15	5	13	343111114402022	1	1
N??CAA_{A|VgnOB{Fw?	15	38	15	5	12	343111414402202	1	1
N??CAA_{BSAlVgnO@}?	15	35	15	6	18	222444141110030	1	1
N??CAA_{BSQhnOB{Js?	15	35	15	6	17	434111313340022	1	1
N??CAA_{BcVgB]FwJs?	15	36	15	6	15	444411411330200	1	1
N??CAA_{BcVgB]NoJs?	15	36	15	6	15	424411413330200	1	1
N??CAA_{B{JsVgnO@}?	15	38	15	5	14	313111414200020	1	1
N??CAA_{B{JsnOB{B{?	15	38	15	5	13	444111113302022	1	1
N??CAA_{B{JsnOB{Fw?	15	38	15	5	14	244411113300020	1	1
N??CAA_{B{JsnOnO@}?	15	38	15	5	13	414111313302002	1	1
N??CAA_{B{NoVgnO@}?	15	38	15	5	13	244411133300002	1	1
N??CAA_{DQ^_B{TiFw?	15	36	15	6	16	414111113330220	1	1
N??CAA_{F_NonOVg@~?	15	37	15	6	12	333311114442220	1	1
N??CAA_{F_VgVgNo@~?	15	37	15	6	12	333311114442220	1	1
N??CAA_{FwJsnOB{Fw?	15	38	15	5	13	414111313302020	1	1
N??CAA_{FwNoVgnO@}?	15	38	15	5	13	414111313300202	1	1
N??CAA_}FoNonOVg?~?	15	38	15	5	12	411113303002024	1	1
N??CAA_}FoVgVgNo?~?	15	38	15	6	12	411113333000224	1	1
N??CAAoQg^FwNolS^_?	15	38	15	5	14	321141412300020	1	1
N??CAAoQg^Fw^_lS^_?	15	38	15	5	14	414411113220030	1	1
N??CAAoQg^FwlSnO^_?	15	38	15	5	14	141144242330000	1	1
N??CAAoQg^FwlS~?^_?	15	38	15	5	14	141144242330000	1	1
N??CAAoQg^No^_lS^_?	15	38	15	5	12	214414123220030	1	1
N??CAAoQg^NolSnO^_?	15	38	15	5	14	141144242330000	1	1
N??CAAoQg^NolS~?^_?	15	38	15	5	12	141141432330200	1	1
N??CAAoQhM@{uA^_Ui?	15	35	15	6	19	131131310424220	1	1
N??CAAoQn_Ui^_ByVg?	15	37	15	6	14	131133330400242	1	1
N??CAAoQn_^_lSByFw?	15	37	15	6	14	141144442320230	1	1
N??CAAoQn_^_lS^_@|?	15	37	15	6	14	141144442320203	1	1
N??CAAoRG^EY~?^_Vg?	15	37	15	5	15	141144112332000	1	1
N??CAAoRJSQhBwKs^_?	15	34	15	6	19	141144412332320	1	1
N??CAAoRJcPhBwKs^_?	15	34	15	6	19	441144142323020	1	1
N??CAAoRN_EY^_nO@|?	15	36	15	6	15	141144442322003	1	1
N??CAAoRno^?NonO?|_	15	38	15	6	12	141113330400224	1	1
N??CAAoRno^?^_nO?|_	15	38	15	5	13	111113330200224	1	1
N??CAAoWa\@mfSNo^_?	15	36	15	6	17	444411413322200	1	1
N??CAAoWa\@{No~?Ri?	15	36	15	5	16	414411313422000	1	1
N??CAAoWf_HsNofS@n?	15	35	15	6	16	424411113132002	1	1
N??CAAoWf_HsNofS@|?	15	35	15	6	16	424411113132002	1	1
N??CAAoYA\?}dSNo^?_	15	35	15	7	17	033331114420024	1	1
N??CAAoYA\?}dSNo^_?	15	35	15	6	18	444441113322200	1	1
N??CAAo[A\@]bSNo]__	15	35	15	5	16	333311114400024	1	1
N??CAAo[A\PiNoB{^_?	15	36	15	6	14	333311114400202	1	1
N??CAAo[F_HsbSNo@~?	15	35	15	4	14	333311114440020	1	1
N??CAAo[a\@{bSNo^_?	15	36	15	5	16	444411113322200	1	1
N??CAAo[a\@{bSnO^_?	15	36	15	5	16	141144242233000	1	1
N??CAAokF_HunONo@~?	15	37	15	6	10	030033331112442	1	1
N??CAAokF_NoRknO@~?	15	37	15	6	10	030033331114242	1	1
N??CAAokFoHu^_nO?~?	15	37	15	6	12	313311114440220	1	1
N??CAAokFoHunONo?~?	15	37	15	6	12	313311114440220	1	1
N??CAAokFwVgRkB{No?	15	38	15	6	10	313311114422002	1	1
N??CAAoq?Nhs^_LsVg?	15	36	15	6	17	444441113322020	1	1
N??CAAoq?Nhs~?LsVg?	15	36	15	6	17	441141330320020	1	1
N??CAAoq?VHsLsnO]`?	15	35	15	6	17	131141442433002	1	1
N??CAAoq?ZMPRgnOEy?	15	34	15	6	18	131144142432300	1	1
N??CAAoq@a_}RinONo?	15	35	15	7	17	313311134040022	1	1
N??CAAoq@g`\RgnONo?	15	34	15	6	16	414414113232200	1	1
N??CAAoq@i`{lO^_HTO	15	35	15	6	15	431131310402024	1	1
N??CAAoqAL@{~?LsVH?	15	35	15	6	18	441111313342020	1	1
N??CAAoqAX?}KunONo?	15	35	15	6	17	331133110440022	1	1
N??CAAoqA\@{^_nOEy?	15	36	15	5	17	414411113022000	1	1
N??CAAoqA\@{~?nOEy?	15	36	15	5	16	414411313022000	1	1
N??CAAoqA\^?nOLs?}_	15	36	15	6	16	141113330040224	1	1
N??CAAoqDa@{LsRi^_?	15	35	15	6	17	414411113032020	1	1
N??CAAoqF_HsByLsVg?	15	35	15	6	16	303311114140022	1	1
N??CAAorDaEYBwRiNo?	15	35	15	5	16	242244421011003	1	1
N??CAAorDaEYBwRi^_?	15	35	15	6	16	313311134044002	1	1
N??CAAorDaEYBw^_Hd_	15	35	15	5	16	131133110400224	1	1
N??CAAorF_EYRgByVg?	15	35	15	6	17	030033131410224	1	1
N??CAAowATAjB{^_Vg?	15	35	15	7	17	333311114400022	1	1
N??CAAowA\@}FsnONo?	15	37	15	6	13	444411113322200	1	1
N??CAAowBcHsFsnO@n?	15	35	15	6	16	333311114440020	1	1
N??CAAoyA\@{Ds^_Vg?	15	36	15	5	16	444411113322200	1	1
N??CAAo{A\@}nONo@}?	15	38	15	6	10	414422220011331	1	1
N??CAAo{A\@}nONoFw?	15	38	15	5	11	303311114400222	1	1
N??CAAo{A\@}nO^_@}?	15	38	15	7	10	444422220011331	1	1
N??CAAo{A\@}nO^_Fw?	15	38	15	5	12	313311114400222	1	1
N??CAAo{A\@}nO^_No?	15	38	15	5	12	414411113322000	1	1
N??CAAo{A\@}nOnOFw?	15	38	15	5	11	424411113322000	1	1
N??CAAo{A\@}nOnONo?	15	38	15	5	12	414411113322000	1	1
N??CAAo{A\@}~?nOFw?	15	38	15	5	12	414411113322000	1	1
N??CAAo{A\@}~?nONo?	15	38	15	5	12	333311114400222	1	1
N??CAAo{A\HsNonO@}?	15	37	15	6	12	414411113322002	1	1
N??CAAo{A\Hs^_nO@}?	15	37	15	6	12	131133330044224	1	1
N??CAAo{BcHsB]NoVg?	15	36	15	6	14	303311114440022	1	1
N??CAAo{BcHsB]nO@}?	15	36	15	5	13	444422220001131	1	1
N??CAAo{Da@}Ri^_Vg?	15	37	15	6	12	030033331112244	1	1
N??CAAo{Da@}Ri^_^_?	15	37	15	6	12	313311114440022	1	1
N??CAAo{F_HsNonO@~?	15	37	15	6	11	202244441110330	1	1
N??CAAo{F_Hs^_nO@~?	15	37	15	6	11	000033331112442	1	1
N??CAB_CrcUGBNFw\a?	15	34	15	6	19	222200003033441	1	1
N??CAB_Cw~\a^_nONo?	15	39	15	5	13	311411442302000	1	1
N??CAB_Cw~\a^_nO^_?	15	39	15	5	12	444111333220000	1	1
N??CAB_Cy[UHFwzCNo?	15	36	15	6	18	222444411001033	1	1
N??CAB_C~_\aBy^_Vg?	15	37	15	5	14	000333331211244	1	1
N??CAB_Fg|JonONoSJ_	15	38	15	5	10	333111134000224	1	1
N??CAB_Fg|Jo~?NoSJ_	15	38	15	5	10	444111143222003	1	1
N??CAB_Fi{JonONoSJ_	15	38	15	6	10	343111134000224	1	1
N??CAB_Fi{Jo~?NoSJ_	15	38	15	5	11	313111134000224	1	1
N??CAB_Fw~NonONoB{?	15	41	15	3	8	333000002114411	1	1
N??CAB_Fz{No^_nONo?	15	41	15	3	8	320000033411141	1	1
N??CAB_Fz{VgNoNoFw?	15	41	15	3	11	330000003111111	1	1
N??CAB_GoxbsV_nOSHo	15	35	15	5	14	313111434400024	1	1
N??CAB_Goxb{No^_Vg?	15	37	15	4	15	333111114400222	1	1
N??CAB_Goxb{^_^_Vg?	15	37	15	5	15	333111144400222	1	1
N??CAB_Goxb{^_nO^_?	15	37	15	5	15	444111113322000	1	1
N??CAB_Goxb{vC^_Vg?	15	37	15	6	16	444111443322200	1	1
N??CAB_GoxjoV_nOSHo	15	35	15	5	14	313111134400024	1	1
N??CAB_Go|JaV_nOSHo	15	35	15	5	14	313111134400024	1	1
N??CAB_Go~ZaFw^_Vg?	15	38	15	5	13	333111444302022	1	1
N??CAB_Go~Za^_nONo?	15	38	15	4	16	314111413302000	1	1
N??CAB_Go~Za^_nO^_?	15	38	15	4	14	441111333220000	1	1
N??CAB_GqsShFKFw^_?	15	34	15	6	19	141444412232300	1	1
N??CAB_GqsShFK^_Vg?	15	34	15	5	17	141444412232300	1	1
N??CAB_GqsShFK~?Fw?	15	34	15	5	17	141444412232300	1	1
N??CAB_GqsSh^_FwZa?	15	35	15	5	19	314111444323002	1	1
N??CAB_GqsShnOFwZa?	15	35	15	5	18	134111144323002	1	1
N??CAB_GqsSh~?FwZa?	15	35	15	5	17	444111333423020	1	1
N??CAB_Gv_Be^_nO@|?	15	35	15	6	16	111444442223003	1	1
N??CAB_KpeB{^_nOXb?	15	37	15	5	15	003300330224441	1	1
N??CAB_S_VB{|AjSNo?	15	36	15	6	18	131141442430200	1	1
N??CAB_S_Z~_NoFwTi?	15	37	15	6	15	444111313420220	1	1
N??CAB_S_Z~_^_FwTi?	15	37	15	6	16	444411413320022	1	1
N??CAB_S_f@mjE^_Vg?	15	35	15	7	17	131311330440022	1	1
N??CAB_S_fTb^_nOB{?	15	36	15	6	15	111311330440224	1	1
N??CAB_ScaDbFw^_Vg?	15	34	15	5	19	114144110223000	1	1
N??CAB_ScaDbjSFwNo?	15	34	15	6	18	431311313400022	1	1
N??CAB_ScaDb~?FwFw?	15	34	15	5	18	441111333440022	1	1
N??CAB_ScaEWr@JEB{?	15	31	15	5	20	224144111222330	1	1
N??CAB_ScaTiZaNoB{?	15	35	15	5	18	431411144430200	1	1
N??CAB_ScaTiZa^_B{?	15	35	15	5	17	431111144430220	1	1
N??CAB_ScaTiZa~?B{?	15	35	15	5	19	411111313430202	1	1
N??CAB_SeWEXFwjSVg?	15	35	15	5	18	441111313432200	1	1
N??CAB_SeWEX~?FwTi?	15	35	15	5	18	441111313432020	1	1
N??CAB_SeoCjjS^_B{?	15	35	15	6	17	431311313440022	1	1
N??CAB_SeoCx^_jSB{?	15	35	15	5	19	341411414332020	1	1
N??CAB_SeoCx~?jSB{?	15	35	15	5	18	114444242123003	1	1
N??CAB_Sf_@njSFwNo?	15	36	15	7	16	333311114440202	1	1
N??CAB_Sf_TiByFwNo?	15	36	15	6	16	222444141213003	1	1
N??CAB_SfwB{FwjSFw?	15	38	15	5	12	444111313402202	1	1
N??CAB_SfwB{jSNoFw?	15	38	15	4	13	441111313402022	1	1
N??CAB_SfwB{jSNoVg?	15	38	15	4	14	441111313402020	1	1
N??CAB_SfwB{jSjSFw?	15	38	15	5	14	341411414300220	1	1
N??CAB_SfwNoFwFwTi?	15	38	15	5	14	333111414320002	1	1
N??CAB_SfwNoFwjSVg?	15	38	15	4	15	431111313402200	1	1
N??CAB_Sfw^_jSFwFw?	15	38	15	4	14	441111333000022	1	1
N??CAB_UasB{^_hUVg?	15	37	15	5	14	434114144220230	1	1
N??CAB_UasB{~?hUFw?	15	37	15	5	15	414114140220030	1	1
N??CAB_UbKBLhSFwVg?	15	35	15	6	18	303113414040202	1	1
N??CAB_UbKBLhS~?B{?	15	35	15	6	18	444114113232302	1	1
N??CAB_UbKRHhSFwFw?	15	35	15	5	20	214444141223300	1	1
N??CAB_UbKRHhS^_B{?	15	35	15	5	19	344111133002402	1	1
N??CAB_UbKRHhS~?B{?	15	35	15	5	20	444114113232302	1	1
N??CAB_UbcPhhS~?B{?	15	35	15	5	19	141411410332200	1	1
N??CAB_UdIb{FwnONo?	15	38	15	5	15	333111114020022	1	1
N??CAB_UdIb{nO^_Fw?	15	38	15	4	15	321441412320000	1	1
N??CAB_UdIb{nO^_No?	15	38	15	4	15	431111144200022	1	1
N??CAB_UdIb{nOnONo?	15	38	15	4	15	341111414020220	1	1
N??CAB_UdI~_FwFwFw?	15	38	15	5	14	333111414022000	1	1
N??CAB_UdI~_FwFwNo?	15	38	15	5	14	444111133040220	1	1
N??CAB_UdI~_FwNoFw?	15	38	15	4	15	321441412320000	1	1
N??CAB_UdI~_Fw^_Fw?	15	38	15	4	16	311441412320000	1	1
N??CAB_UdI~_FwnOFw?	15	38	15	4	15	333111414022020	1	1
N??CAB_UdI~_FwnONo?	15	38	15	4	15	414111313230200	1	1
N??CAB_UdI~_~?FwFw?	15	38	15	4	14	441111333000022	1	1
N??CAB_W_zbmnONo^_?	15	38	15	5	10	333111314400222	1	1
N??CAB_W_zb{fSnONo?	15	38	15	6	12	333111314400022	1	1
N??CAB_W_zb{fSnO^_?	15	38	15	5	12	333111314400022	1	1
N??CAB_W_zb{nONoNo?	15	38	15	5	12	333111114400222	1	1
N??CAB_W_zb{nONo^_?	15	38	15	5	12	333111414400202	1	1
N??CAB_W_zb{nO^_No?	15	38	15	5	12	333111144400222	1	1
N??CAB_W_zb{nOnONo?	15	38	15	5	12	333111114400222	1	1
N??CAB_W_zb{nOnO^_?	15	38	15	5	10	333111414400222	1	1
N??CAB_W_zb{nO~?No?	15	38	15	5	12	333111114400222	1	1
N??CAB_W_zb{nO~?^_?	15	38	15	5	10	111444222233000	1	1
N??CAB_W_~B{fSNo^_?	15	38	15	5	12	333111414300202	1	1
N??CAB_W_~B{fSnONo?	15	38	15	5	13	333111114400022	1	1
N??CAB_W_~B{fSnO^_?	15	38	15	5	12	333111414400022	1	1
N??CAB_W_~RinONo^_?	15	38	15	4	14	333111414400202	1	1
N??CAB_W_~RinO^_No?	15	38	15	4	13	433111344400022	1	1
N??CAB_W_~RinO^_^_?	15	38	15	4	13	133111144400222	1	1
N??CAB_W_~RinOnONo?	15	38	15	4	13	341111414302220	1	1
N??CAB_WdARiVaNoB{?	15	35	15	5	17	434111143430202	1	1
N??CAB_WdARiVa^_B{?	15	35	15	5	15	433111144430220	1	1
N??CAB_WdARi^_FiFw?	15	35	15	5	16	444111143330020	1	1
N??CAB_WdA^_FMNoB{?	15	35	15	6	14	444111113330202	1	1
N??CAB_WdA^_FM^_B{?	15	35	15	6	13	444111133330202	1	1
N??CAB_WdA^_FMfSFw?	15	35	15	6	15	444111413330220	1	1
N??CAB_WdA^_F[FiFw?	15	35	15	6	14	444111113330220	1	1
N??CAB_WdA^_fSFiB{?	15	35	15	6	15	444111313430022	1	1
N??CAB_WdA^_fSFiFw?	15	35	15	5	16	444111113330020	1	1
N??CAB_WdA^_fSVaB{?	15	35	15	5	16	414111313430022	1	1
N??CAB_WdA^_~?FMB{?	15	35	15	6	12	444111333330022	1	1
N??CAB_Wda@f^_fSB{?	15	35	15	6	17	444111413302022	1	1
N??CAB_Wda@f~?F[Fw?	15	35	15	6	15	444111413302020	1	1
N??CAB_Wda@f~?fSB{?	15	35	15	6	17	444111313302002	1	1
N??CAB_Wda@tF[No^_?	15	35	15	6	16	333111114440022	1	1
N??CAB_Wda@tfSFwNo?	15	35	15	6	18	333111114420002	1	1
N??CAB_Wda@tfSFw^_?	15	35	15	6	17	333111414420002	1	1
N??CAB_WdaHpF[Fw^_?	15	35	15	6	17	333111114422002	1	1
N??CAB_WdaHpF[No^_?	15	35	15	5	17	333111314422022	1	1
N??CAB_WdaHpFwfSNo?	15	35	15	5	17	433111144432002	1	1
N??CAB_WdaHpFwfS^_?	15	35	15	5	18	133111144422002	1	1
N??CAB_Wf_NoBynOBm?	15	36	15	6	13	444111113330202	1	1
N??CAB_[bc@nFwnONo?	15	37	15	6	14	000033031112244	1	1
N??CAB_[bc@nFwnO^_?	15	37	15	6	14	333311314440022	1	1
N??CAB_[bcB{bUnONo?	15	37	15	5	14	144411413330200	1	1
N??CAB_[bcB{bUnO^_?	15	37	15	5	14	411144142220300	1	1
N??CAB_[bcFwFwbU^_?	15	37	15	5	14	144411413330020	1	1
N??CAB_[bcUGFwBN^_?	15	35	15	5	16	000033031111424	1	1
N??CAB_[daEWBN~?B{?	15	35	15	5	17	000033001111244	1	1
N??CAB_sA[UHnOFwDy?	15	35	15	5	18	424411313320022	1	1
N??CAB_sA[UH~?FwDy?	15	35	15	5	17	441111333300022	1	1
N??CAB_sBSQh~?FwDy?	15	35	15	5	17	441111333300022	1	1
N??CAB_sB{B{nOJsFw?	15	38	15	4	14	441111113302020	1	1
N??CAB_sB{B{nOJsNo?	15	38	15	4	13	441111133302020	1	1
N??CAB_sFwNonOFwDy?	15	38	15	4	12	441111333300022	1	1
N??CAB_u@Mb{Fw^_Vg?	15	38	15	5	15	333111114220022	1	1
N??CAB_u@Mb{^_^_Vg?	15	38	15	4	15	441111133322000	1	1
N??CAB_u@Mb{^_nOFw?	15	38	15	4	15	331114442230000	1	1
N??CAB_u@M~_Fw^_Vg?	15	38	15	4	14	441111333020200	1	1
N??CAB_uAkTHHsnOB{?	15	35	15	5	20	421444411332200	1	1
N??CAB_uAkTHHs~?B{?	15	35	15	5	19	441111333000202	1	1
N??CAB_uBKBLHsFwVg?	15	35	15	6	18	124114411232300	1	1
N??CAB_uBKRHHsnOB{?	15	35	15	5	18	124114411232300	1	1
N??CAB_uBKRHHs~?B{?	15	35	15	5	19	114114410232300	1	1
N??CAB_{BSAlnO^_@}?	15	36	15	6	15	222444441110330	1	1
N??CAB_{Bc@nnOFwNo?	15	37	15	6	13	333311114440202	1	1
N??CAB_{Bc@nnOFw^_?	15	37	15	6	13	333311114440202	1	1
N??CAB_{BcUG~?BNB{?	15	35	15	5	15	000033331111422	1	1
N??CAB_{B{NonOB{B{?	15	39	15	5	11	444111113300022	1	1
N??CAB_{B{VgB{NoB{?	15	39	15	5	11	444111113300202	1	1
N??CAB_{FONonOB{A|?	15	37	15	6	12	000333331114422	1	1
N??CAB_{FwNonOB{B{?	15	39	15	5	11	222444111133300	1	1
N??CAB_}FoNonOFw?~?	15	39	15	6	12	111114442220003	1	1
N??CABoBz{Vg^_^_No?	15	41	15	3	9	300022244311111	1	1
N??CABoBz{Vg~?~?No?	15	41	15	3	11	000022244311111	1	1
N??CABoBz{Vg~?~?^_?	15	41	15	3	10	000022444311111	1	1
N??CABoB~o^?^_nO?|_	15	39	15	5	10	111113330400224	1	1
N??CABoB~wNo^_nONo?	15	41	15	3	11	000022244311111	1	1
N??CABoR_^UI~?NoNo?	15	38	15	4	14	111144412332000	1	1
N??CABoR_^UI~?No^_?	15	38	15	4	14	111144412332000	1	1
N??CABoRf_EWkSnO@do	15	35	15	5	15	111133310400024	1	1
N??CABoRf_UInOByFw?	15	37	15	5	13	202244441011303	1	1
N??CABoRf_UInO^_@|?	15	37	15	5	13	000033331211442	1	1
N??CABoRf_UI~?ByFw?	15	37	15	5	13	000033331211424	1	1
N??CABoY_^Qi~?NoNo?	15	38	15	4	17	311141412332000	1	1
N??CABoY_^Qi~?No^_?	15	38	15	4	16	441111330020020	1	1
N??CABoYf_Qi^_nO@|?	15	37	15	5	15	000033331414442	1	1
N??CABoYf_Qi~?ByFw?	15	37	15	5	15	000033331414424	1	1
N??CABor?^EY^_nONo?	15	38	15	4	17	311111442233000	1	1
N??CABor?^EY^_nO^_?	15	38	15	4	16	114444220033000	1	1
N??CABorBSQhBwKsNo?	15	35	15	5	22	411414140023000	1	1
N??CABorBSQhBwKs^_?	15	35	15	5	21	114444220000330	1	1
N??CABorBcPhBwKsNo?	15	35	15	5	18	411144142323320	1	1
N??CABorBcPhBwKs^_?	15	35	15	5	18	144411230032230	1	1
N??CABorF_EY^_nO@|?	15	37	15	5	15	000033331414442	1	1
N??CABoy?^Ay^_nONo?	15	38	15	4	14	311114442233000	1	1
N??CABoy?^Ay^_nO^_?	15	38	15	4	14	111114442233000	1	1
N??CABoyBKRHBwDsVg?	15	35	15	5	19	131444242220330	1	1
N??CABoyF_Ay^_nO@|?	15	37	15	5	13	000033331112442	1	1
N??CABo{B{NonOB{@}?	15	40	15	6	8	111133330022244	1	1
N??CABo{B{VgB{No@}?	15	40	15	6	8	333311114422020	1	1
N??CABo{F_NonOB}@~?	15	40	15	6	6	222244441113300	1	1
N??CABo{F_NonONo@~?	15	39	15	5	8	000022224441113	1	1
N??CABo{FoNonOB{?~?	15	39	15	5	9	444411113330022	1	1
N??CABo{FwNonOB{^_?	15	40	15	4	10	000022224411131	1	1
N??CB?WDSJ\AWkFo^_?	15	33	15	6	19	111444123330230	1	1
N??CB?WESJBwXkxK^_?	15	35	15	5	16	111331134402002	1	1
N??CB?WESJ[EXk~?Bw_	15	35	15	5	17	111331304400024	1	1
N??CB?W[CJ`yFoXg^_?	15	34	15	6	17	144411131322200	1	1
N??CB?W`ONRgxG]cKU_	15	34	15	6	18	433111340310424	1	1
N??CB?W`SJBwWk~?NR?	15	35	15	5	16	311113130442020	1	1
N??CB?W`WNRgxG^_NB?	15	35	15	6	16	244442200113330	1	1
N??CB?W`WNRgxG^_NQ?	15	35	15	6	18	244442100113330	1	1
N??CB?W`WNRgxG^_^@?	15	35	15	6	18	411114422330002	1	1
N??CB?W`WmKSyAfPNo?	15	34	15	7	18	133111340004202	1	1
N??CB?W`Wm]?yAXg@w_	15	32	15	5	21	144112202110031	1	1
N??CB?W`WuJQXg~?Sd_	15	35	15	5	17	313113100400224	1	1
N??CB?W`WuKSxIfPNo?	15	35	15	7	19	144111431243020	1	1
N??CB?W`WuKdXg~?RGo	15	35	15	5	16	311331304040024	1	1
N??CB?W`WuKs]cxI^_?	15	36	15	6	16	111441423232020	1	1
N??CB?W`WuKs^_xI^_?	15	36	15	6	14	111441423232020	1	1
N??CB?W`WuKsxI~?[d?	15	36	15	4	13	222442410101131	1	1
N??CB?W`WuKsxI~?^_?	15	36	15	6	14	111441223232200	1	1
N??CB?W`W}BwXg~?NQ?	15	36	15	5	17	444111132422000	1	1
N??CB?W`W}BwXg~?[D_	15	36	15	6	16	222444410000331	1	1
N??CB?W`W}Ks~?]cNo?	15	37	15	4	17	411114122300020	1	1
N??CB?W`W}Ks~?~?NQ?	15	37	15	5	17	411114122300002	1	1
N??CB?W`ZobwXg}??|G	15	35	15	5	17	144442200103301	1	1
N??CB?W`[iBwXgYe^_?	15	35	15	6	17	244242402111303	1	1
N??CB?W`[qBwxGXiNQ?	15	35	15	6	19	011331104342002	1	1
N??CB?W`[qBwxGXiNo?	15	35	15	6	18	411331304042002	1	1
N??CB?W`[qBwxGXi^_?	15	35	15	6	18	411441323333020	1	1
N??CB?W`[qBw~?XiNo?	15	36	15	6	16	411441123330020	1	1
N??CB?W`[qBw~?]cKt?	15	36	15	6	17	411441123133002	1	1
N??CB?W`[qBw~?~?Kt?	15	36	15	6	15	144114232222003	1	1
N??CB?W`[q[CXiFpNo?	15	35	15	7	19	044222401110013	1	1
N??CB?W`[q[CXiFp^_?	15	35	15	6	19	244222401110013	1	1
N??CB?W`[yBwXg~?NQ?	15	36	15	6	18	344111130422000	1	1
N??CB?W`^_@xFoXg^_?	15	34	15	6	18	444411131232200	1	1
N??CB?W`^_@xfOXgNQ?	15	34	15	7	20	211444420123300	1	1
N??CB?W`^_@xfOXgNo?	15	34	15	6	19	144411131232200	1	1
N??CB?W`^o^?FoXg?|_	15	35	15	5	17	144442200100331	1	1
N??CB?WcONBwxGZc^_?	15	34	15	6	18	444111132422300	1	1
N??CB?WcONBwxG}ALq?	15	34	15	7	19	111413303144202	1	1
N??CB?WcONRgxGZcNo?	15	34	15	6	20	144111432222000	1	1
N??CB?WcON[CFp~?Lq?	15	34	15	7	16	333111140304022	1	1
N??CB?WcON[CfOBdNo?	15	32	15	6	20	111444423132330	1	1
N??CB?WfVH^?}?^_?{o	15	37	15	4	16	111113300220024	1	1
N??CB?Ws?NdqfOxGNo?	15	34	15	6	20	441411111322000	1	1
N??CB?WsCJDqFoXg^_?	15	33	15	6	21	441441113322020	1	1
N??CB?Ww?NbYfO^_[c_	15	35	15	5	17	333111140400224	1	1
N??CB?WwCJ?}XgFs^_?	15	34	15	6	17	333111141400202	1	1
N??CB?WwCJKs}?Fs?}O	15	34	15	5	18	444113330344024	1	1
N??CB?WwF@?}fO^_Bz?	15	35	15	4	15	333111140440220	1	1
N??CB?WwFH?}fOFsNo?	15	35	15	5	16	222444414130003	1	1
N??CB?XdRSbwXgxG^_?	15	36	15	6	18	411441123320220	1	1
N??CB?XeUoBwxG^_Cv?	15	36	15	6	16	244224401111330	1	1
N??CB?XeV@KuFq^_^_?	15	38	15	7	14	244222201100133	1	1
N??CB?XeV@KuFq~?^_?	15	38	15	7	13	411441323322300	1	1
N??CB?XeVH[cFo^_Ku?	15	37	15	6	14	033113140044224	1	1
N??CB?XeVH[cFo~?Ku?	15	37	15	5	14	333113310044224	1	1
N??CB?Xs?]cufOxGNo?	15	35	15	7	20	244111134120230	1	1
N??CB?[F?wRg?}^_[F?	15	34	15	5	13	111444113330202	1	1
N??CB@OBCBbwJg[c^_?	15	32	15	4	21	411144122330020	1	1
N??CB@OICJdsTcFo^_?	15	33	15	5	20	133111144402202	1	1
N??CB@OKCyTcrC^_@}?	15	34	15	6	18	144411133300002	1	1
N??CB@OaOLbwjG\c^@?	15	34	15	7	19	311131402430202	1	1
N??CB@OaPDtcFovAMq?	15	34	15	7	19	413141320340002	1	1
N??CB@OaQccuFojI^_?	15	34	15	7	19	131311314044202	1	1
N??CB@OaSRBwHk~?Mr?	15	35	15	5	16	311131130442020	1	1
N??CB@OaSZBwHk\c^_?	15	35	15	6	18	311131130442002	1	1
N??CB@OaSZBwHk~?MR?	15	35	15	6	17	133311344002424	1	1
N??CB@OaTPCuFoTe^_?	15	34	15	6	18	313131130440202	1	1
N??CB@OaTXCuFo\c^_?	15	35	15	6	19	341131133420200	1	1
N??CB@OaUoBwjGHmMq?	15	34	15	7	19	214424424113300	1	1
N??CB@OaWNRgJg\c^@?	15	35	15	7	19	411144422113300	1	1
N??CB@OaW^BwJg~?Mq?	15	36	15	6	15	444411133422200	1	1
N??CB@OaWmIqJg~?TD_	15	35	15	6	17	313131100400224	1	1
N??CB@OaWmRgyAJgMq?	15	34	15	7	20	044222200411033	1	1
N??CB@OaW}BwJg~?Mq?	15	36	15	5	16	444111133422200	1	1
N??CB@OaW}Ds~?\cNo?	15	37	15	4	16	411144422333000	1	1
N??CB@OaW}Ds~?~?Mq?	15	37	15	5	16	411144422333000	1	1
N??CB@Oa[ZBwJg~?Mq?	15	36	15	6	16	144411133222200	1	1
N??CB@Oa[i@{Ii\c^_?	15	35	15	6	19	411144422133300	1	1
N??CB@Oa[qBwJgXe^_?	15	35	15	6	17	311331103442202	1	1
N??CB@Oa[qCtBw\c^_?	15	35	15	6	19	411144422133300	1	1
N??CB@Oa[qCtFo\c^_?	15	35	15	6	18	311131130440202	1	1
N??CB@Oa[y@{Jg~?Mq?	15	36	15	6	16	144411133222200	1	1
N??CB@Oa[y@{jG\c^_?	15	36	15	6	16	033300022111144	1	1
N??CB@Oa[yBwJg~?Mq?	15	36	15	6	17	144111133422200	1	1
N??CB@Oa^OAxJg\c^_?	15	35	15	6	19	111444422123300	1	1
N??CB@Ob[ZBwJg~?MR?	15	37	15	7	14	133311344002224	1	1
N??CB@OcO^BwjGZc^_?	15	35	15	6	17	144411133422200	1	1
N??CB@OcQc@{jI~?Du?	15	34	15	7	18	131311144440020	1	1
N??CB@OcQc@{jI~?Lq?	15	34	15	7	17	131311144340022	1	1
N??CB@OcQcBwJk~?Td?	15	34	15	7	17	131311134442020	1	1
N??CB@OcRc@{JkbY^_?	15	35	15	6	17	144411131432020	1	1
N??CB@OcRcBwbY~?Du?	15	35	15	6	19	131311114442020	1	1
N??CB@OcSZ@{Jk~?No?	15	36	15	6	16	144411133422000	1	1
N??CB@OcSZBwJk~?Lq?	15	36	15	6	18	144111131422000	1	1
N??CB@OcSZBwJk~?No?	15	36	15	6	17	131311144402022	1	1
N??CB@OcTPAxBwZc^_?	15	34	15	7	19	111414423123300	1	1
N??CB@OcTPGrFoJk^_?	15	34	15	6	20	331311134400202	1	1
N??CB@OcTPIpBwJk^_?	15	34	15	7	20	131311144402002	1	1
N??CB@OcTPIpBw~?Lq?	15	34	15	6	19	414144422132300	1	1
N??CB@OcTPIpFo~?Du?	15	34	15	6	19	141411143323002	1	1
N??CB@OcTX@uBw^_]?o	15	35	15	6	15	333311141420024	1	1
N??CB@OcTX@{^_Jk^_?	15	36	15	6	16	141411133322020	1	1
N??CB@OcTX@{^_Zc^_?	15	36	15	6	16	411144422133000	1	1
N??CB@OcTXBwZcJk^_?	15	36	15	6	16	331311134402002	1	1
N??CB@OcTXBw^_Jk^_?	15	36	15	6	16	141411143320020	1	1
N??CB@OcV_BwjGBmLq?	15	34	15	6	19	214244424113300	1	1
N??CB@OcV_BwjGByLq?	15	34	15	6	18	333011141340202	1	1
N??CB@OcV_BwjG^_@v?	15	34	15	7	18	222244411110330	1	1
N??CB@OcV_PkJk^_@|?	15	35	15	6	17	344411131432002	1	1
N??CB@OcV_TcByZcNo?	15	35	15	6	17	033311144142022	1	1
N??CB@OcV_TcBy^_Du?	15	35	15	6	17	331311144442020	1	1
N??CB@OeOmCubWyANo?	15	34	15	7	21	411441123312300	1	1
N??CB@OeOmCuiI~?No?	15	35	15	7	20	141411143332200	1	1
N??CB@OeO}@{XcjG^_?	15	35	15	6	19	144111133222000	1	1
N??CB@OePLbwjG~?No?	15	36	15	6	18	441411143320200	1	1
N??CB@OePLpkBw~?No?	15	36	15	6	16	144411133222200	1	1
N??CB@OePLpkFo~?No?	15	36	15	6	18	344111433232000	1	1
N??CB@OeRcCuBwbY^_?	15	35	15	7	19	133311144020002	1	1
N??CB@OeRcCuFobY^_?	15	35	15	7	19	133311314044202	1	1
N??CB@OeSZBwXcJg^_?	15	35	15	6	18	144111431222300	1	1
N??CB@OeTHCuBwUa^_?	15	34	15	7	20	414114412233020	1	1
N??CB@OfTX^?}?^_?{o	15	37	15	4	15	141113033220004	1	1
N??CB@OkA[bwJgbW^_?	15	34	15	6	19	333311144400002	1	1
N??CB@OwBcDs~?bYBy?	15	35	15	6	17	300033311114422	1	1
N??CB@OwCqCtjG^_By?	15	34	15	7	19	144111134323002	1	1
N??CB@OwDPRgB{DuNo?	15	35	15	6	17	222444411113003	1	1
N??CB@OwDXRgB{^_By?	15	36	15	6	15	333111141420020	1	1
N??CB@OwDXRgJg^_By?	15	35	15	6	17	144111134302002	1	1
N??CB@Oy?mpkJg~?No?	15	36	15	6	17	411144422033300	1	1
N??CB@Oy?mrgJgjGNo?	15	35	15	6	19	141411443230220	1	1
N??CB@Oy@LAyeQjGNo?	15	34	15	7	20	311414421203420	1	1
N??CB@Oy@LZ@DsbWNo?	15	34	15	6	20	114114442232300	1	1
N??CB@OyBcAyJg~?Pl?	15	35	15	7	19	144411233031002	1	1
N??CB@OyDPDsfO^_Az?	15	35	15	7	17	244141134330202	1	1
N??CB@OyDPRgBwDuNo?	15	35	15	7	18	333131113442202	1	1
N??CB@OyEgAyIibWNo?	15	34	15	7	21	411144422003330	1	1
N??CB@O{?}DsbW^_@}?	15	36	15	6	15	033311144400020	1	1
N??CB@O{?}PkjGB{No?	15	36	15	6	16	333311141400202	1	1
N??CB@O{?}TcfOB{No?	15	36	15	6	17	333311144402202	1	1
N??CB@O{CZRgjGB{No?	15	36	15	6	16	133311144402202	1	1
N??CB@O{CyRgjGB{No?	15	36	15	6	17	303311414422202	1	1
N??CB@O{CyTcB{^_No?	15	37	15	6	15	144411133300200	1	1
N??CB@O{CyTcB{~?No?	15	37	15	5	15	333311144422022	1	1
N??CB@O{F_RgjG^_@~?	15	36	15	5	14	333311144442220	1	1
N??CB@WUCJcuFo~?NP?	15	36	15	5	15	131331114400224	1	1
N??CB@WUCJcuFo~?No?	15	36	15	5	14	414114422233000	1	1
N??CB@WhNo^?fO^_?|_	15	37	15	4	16	411113300300024	1	1
N??CB@WsDH?}JcfONo?	15	34	15	6	18	441441113322200	1	1
N??CB@WsDHCuBsfONo?	15	34	15	7	18	441441113322200	1	1
N??CB@WsDHRGBsHlNo?	15	34	15	7	18	031331134404202	1	1
N??CB@_E?o^_`]FwKr?	15	33	15	6	17	111441111330202	1	1
N??CB@_EF?_}^_fWB|?	15	35	15	4	15	222444411010300	1	1
N??CB@_EF?kq`[~?B|?	15	34	15	6	16	200222244241313	1	1
N??CB@_EFG_}]_fWOmO	15	34	15	5	17	344113133044024	1	1
N??CB@_EFG_}^_FwRk?	15	35	15	5	15	422444411430300	1	1
N??CB@_EFG_}^_^_Rk?	15	35	15	6	15	411444422403003	1	1
N??CB@_EFGomXcFw^_?	15	34	15	6	16	133111144120202	1	1
N??CB@_EFG{a@{^_Rk?	15	34	15	6	16	144111133100202	1	1
N??CB@_EFG~?^_fW?}_	15	35	15	5	17	144111133100022	1	1
N??CB@_F?w[B?}^_Rk?	15	33	15	5	17	444111444223300	1	1
N??CB@_]CJ~?^_Fw?}_	15	37	15	5	14	144113133040024	1	1
N??CB@_]CJ~?^_fW?}_	15	37	15	5	14	144113033020024	1	1
N??CB@_cF_KQ^_B}Rk_	15	35	15	7	15	133111144144200	1	1
N??CB@_cF_LqFwfW@~?	15	36	15	5	15	033111144142000	1	1
N??CB@_cF_NoZcfW@~?	15	36	15	7	14	033311144142200	1	1
N??CB@_cFoRk^_Zc?~?	15	36	15	6	16	411113300300224	1	1
N??CB@_cFwRkZcB{No?	15	37	15	7	13	144111133102020	1	1
N??CB@_eBC_}}@^_Rl?	15	36	15	6	14	300333011210442	1	1
N??CB@_eBC_}~?FwRl?	15	36	15	5	14	133111444243200	1	1
N??CB@_eBC_}~?^_Rl?	15	36	15	6	14	133111344040220	1	1
N??CB@_eBK_}^_~?Rk?	15	36	15	6	16	144111133202002	1	1
N??CB@_eBK~?^_fW?}_	15	36	15	6	16	144111433230024	1	1
N??CB@_eBK~?fWFw?}_	15	36	15	7	14	144113333040224	1	1
N??CB@_{?f@}zA^_Rk?	15	37	15	6	14	133111144430220	1	1
N??CB@_{BS@}dY~?B{?	15	37	15	7	15	300333311112242	1	1
N??CB@_{BS@}dY~?No?	15	37	15	7	13	300333311112244	1	1
N??CB@_{Bc@n~?FwRk?	15	37	15	6	13	200222244110133	1	1
N??CB@_{Bc^_B{bYB{?	15	37	15	5	14	144411133330222	1	1
N??CB@_{Bc^_B{bYRk?	15	37	15	6	14	144411233030222	1	1
N??CB@_{CR^_\aB{B{?	15	37	15	6	13	000333311104422	1	1
N??CB@_{CR^_fWB{Mp?	15	37	15	7	14	300333311104224	1	1
N??CB@_{CbNoZaB{Rk?	15	37	15	7	13	344111133340022	1	1
N??CB@_{Cz@}^_^_B{?	15	39	15	6	11	033111144400220	1	1
N??CB@_{CzRkB{^_No?	15	39	15	6	11	133111144200022	1	1
N??CB@_{FORkB{DyNo?	15	37	15	5	14	000333311112224	1	1
N??CB@_{F_NoFwfW@~?	15	38	15	5	13	333111144442000	1	1
N??CB@_{F_NofWB}@~?	15	39	15	5	11	022244411113000	1	1
N??CB@_{F_NofWfW@~?	15	38	15	6	12	200244144111330	1	1
N??CB@_{FoRk^_B{?~?	15	38	15	6	13	311333300024241	1	1
N??CB@_{FwRkB{^_B{?	15	39	15	6	11	133111144220020	1	1
N??CB@_{FwRkfWB{No?	15	39	15	6	11	133111144220002	1	1
N??CB@_}FoNoFwfW?~?	15	39	15	7	11	133111144222003	1	1
N??CB@_}FoNofWfW?~?	15	39	15	6	10	144113033000224	1	1
N??CB@oYCJ`{Ds~?NP?	15	36	15	5	15	200222244403311	1	1
N??CB@oYCJ`{Ds~?No?	15	36	15	6	14	411114422233300	1	1
N??CB@o[Cy^_b[^_@}?	15	38	15	7	10	300033311124242	1	1
N??CB@o[FoRg^_b[?~?	15	37	15	6	13	300033311142420	1	1
N??CB@obW}^?}?^_?{o	15	38	15	6	14	411144422330001	1	1
N??CB@oeRcKqBw~?Pl?	15	36	15	6	16	144411133230202	1	1
N??CB@oeSZ@{Xc^_^_?	15	37	15	6	14	411144422333000	1	1
N??CB@ofVo^?bW^_?|_	15	38	15	5	13	411442022300301	1	1
N??CB@ow?VpkFs^_]`?	15	37	15	6	14	300333311102244	1	1
N??CB@owCZ@}Fs^_^_?	15	38	15	7	12	000033311122244	1	1
N??CB@owCq?vbWFsNo?	15	35	15	6	18	133111144423002	1	1
N??CB@oy?mpk}?^_?}O	15	37	15	5	15	411113300044024	1	1
N??CB@oyBcAyBw~?Pl?	15	36	15	6	16	144411233031202	1	1
N??CB@o{?}BwbW^_@}?	15	37	15	5	14	133300022211141	1	1
N??CB@o{?}PkB{^_@}?	15	38	15	5	11	144422200011131	1	1
N??CB@o{?}PkB{^_No?	15	38	15	6	11	244411133302200	1	1
N??CB@o{?}PkB{^_^_?	15	38	15	6	12	144411133302200	1	1
N??CB@o{?}PkfO^_@}?	15	37	15	6	15	311133300024224	1	1
N??CB@o{BcRgB{~?Pl?	15	37	15	6	13	133311144442020	1	1
N??CB@o{BcRg^_B{Pl?	15	37	15	5	13	300033311114422	1	1
N??CB@o{CZPkFo^_@}?	15	37	15	6	13	311133300044224	1	1
N??CB@o{CZRgB{^_@}?	15	38	15	6	12	244422200011131	1	1
N??CB@o{CZRgB{^_No?	15	38	15	6	12	144411133320200	1	1
N??CB@o{CZRgB{~?No?	15	38	15	6	12	133311144400022	1	1
N??CB@o{F_BwbW^_@~?	15	37	15	5	12	033311144442020	1	1
N??CB@o{F_RgbW^_@~?	15	37	15	6	13	000033311114242	1	1
N??CBAPBg}Bw~?Zg[B_	15	38	15	6	12	333111143000224	1	1
N??CBAPBg}Bw~?^_[B_	15	38	15	6	12	333111140000224	1	1
N??CBAPBn_bwFoZg^_?	15	37	15	6	15	444111134232200	1	1
N??CBAPBn_bwZg^_^_?	15	38	15	5	15	311144422320000	1	1
N??CBAPBn_bwZg~?^_?	15	38	15	5	14	311311404022022	1	1
N??CBAPBn_rgFo^_Ls?	15	37	15	6	16	344311134042200	1	1
N??CBAPBn_rgFo~?Ls?	15	37	15	6	17	111444421323300	1	1
N??CBAPBo\]B^_Zg^_?	15	38	15	6	13	411133303440222	1	1
N??CBAPBo\]B^_^_^_?	15	38	15	6	11	111133300440222	1	1
N??CBAPBo\]B^_~?]B?	15	38	15	6	10	222244411001331	1	1
N??CBAPBo\]B^_~?^_?	15	38	15	6	11	111133300440222	1	1
N??CBAPBq\Hs~?^_UB_	15	38	15	5	12	313311104000224	1	1
N??CBAPBsy]A^_ZgLs?	15	38	15	6	14	344111134223000	1	1
N??CBAPBsy]A^_^_Ls?	15	38	15	5	14	344111134223000	1	1
N??CBAPBsy]A~?^_Ls?	15	38	15	5	16	144111132220000	1	1
N??CBAPBv_bw^_~?Ls?	15	38	15	5	14	244411134232000	1	1
N??CBAPBv_bw~?ZgLs?	15	38	15	6	14	444111134232000	1	1
N??CBAPBv_bw~?~?Ls?	15	38	15	5	14	111144421323000	1	1
N??CBAPErD[afQ^_Ls?	15	37	15	6	15	433111343044022	1	1
N??CBAPErD[afQ~?Ls?	15	37	15	7	16	411444421322300	1	1
N??CBAPErHbw~?ZgNo?	15	38	15	5	13	411441423323000	1	1
N??CBAPErHbw~?~?Ls?	15	38	15	6	13	411441423323000	1	1
N??CBAPErHrgZg^_^_?	15	38	15	6	13	411441423323000	1	1
N??CBAPErHrgZg~?^_?	15	38	15	6	13	411411323320200	1	1
N??CBAPFo}LsZg~?Ls?	15	40	15	4	10	122300032441111	1	1
N??CBAPFo}NoZg~?No?	15	40	15	4	12	122000032441111	1	1
N??CBAPFr\Ls^_~?Ls?	15	41	15	3	10	300300032411141	1	1
N??CBAPFr\No^_~?No?	15	41	15	3	11	400222043311111	1	1
N??CBAPFr\No~?~?No?	15	41	15	4	12	300000212111441	1	1
N??CBAPFr\^_~?~?^_?	15	41	15	4	9	022022434131111	1	1
N??CBAPS_]DejC{ANo?	15	34	15	7	20	141411443302200	1	1
N??CBAPS_]DsJK~?Y@o	15	35	15	6	16	331311114400024	1	1
N??CBAPS_]PiJK{ANo?	15	34	15	7	20	311144421033020	1	1
N??CBAPS_}BwJK~?Ls?	15	36	15	5	17	444111134222000	1	1
N??CBAPS_}BwjC~?Ls?	15	36	15	5	17	444111134222000	1	1
N??CBAPS_}RgJK~?Ls?	15	36	15	6	18	344111134022000	1	1
N??CBAPS_}RgjC~?Ls?	15	36	15	5	18	033000321211144	1	1
N??CBAPS`Xbw~?ZgNo?	15	37	15	4	16	411411423320020	1	1
N??CBAPS`Xbw~?~?Ls?	15	37	15	5	16	411411323320002	1	1
N??CBAPSbcBwJKbU^_?	15	35	15	6	18	131311314442002	1	1
N??CBAPScYdeFoZg^_?	15	36	15	6	19	344111434320200	1	1
N??CBAPScYdeFo^_^_?	15	36	15	6	18	144111432322200	1	1
N??CBAPScYtaFo~?Ls?	15	36	15	6	17	144411434322200	1	1
N??CBAPSdWbw^_~?Ls?	15	37	15	5	17	311411423320000	1	1
N??CBAPSdWbw~?ZgLs?	15	37	15	5	15	311311404320200	1	1
N??CBAPSdWbw~?~?Ls?	15	37	15	5	16	411411323402002	1	1
N??CBAPSdWdeFoZg^_?	15	36	15	6	17	331311334400202	1	1
N??CBAPSdWdeFo^_^_?	15	36	15	6	16	141411443322000	1	1
N??CBAPSdWtaFo~?Ls?	15	36	15	6	16	341411404322000	1	1
N??CBAPSfOAxbSJKNo?	15	34	15	6	20	311411423323220	1	1
N??CBAPSfOAxfOJKNo?	15	34	15	6	19	444144112232030	1	1
N??CBAPSf_@tjCFoLs?	15	34	15	6	20	244244101230300	1	1
N??CBAPSf_@tjCFoNo?	15	34	15	6	19	311144422023000	1	1
N??CBAPSf_@xFojCLs?	15	34	15	6	19	444311134432200	1	1
N??CBAPSf_@xJKZg^_?	15	35	15	6	19	311144421023000	1	1
N??CBAPSf_@xJK^_^_?	15	35	15	6	17	111144422223300	1	1
N??CBAPSf_@xfOJKLs?	15	34	15	7	20	211244421023300	1	1
N??CBAPSf_@xfOJKNo?	15	34	15	6	19	114144442223030	1	1
N??CBAPSf_@xfOjCLs?	15	34	15	6	20	214244121210330	1	1
N??CBAPSf_@xjC^_Ls?	15	35	15	6	18	311144422023000	1	1
N??CBAPSf_@xjC~?Ls?	15	35	15	6	18	411411323402002	1	1
N??CBAPWbc@fFofS^_?	15	35	15	5	17	422444210110003	1	1
N??CBAPWf_@fFofSLs?	15	35	15	6	19	322000230334141	1	1
N??CBAPWf_@fFofSNo?	15	35	15	6	17	133111340423002	1	1
N??CBAPWf_@fFofS^_?	15	35	15	6	17	133111040423002	1	1
N??CBAPWg}Bw~?ZgRi?	15	38	15	6	13	144111134322002	1	1
N??CBAPWg}LsfS^_^_?	15	39	15	6	12	344111432300200	1	1
N??CBAPWg}LsfS~?Ri?	15	39	15	5	11	244222401013131	1	1
N??CBAPWg}LsfS~?^_?	15	39	15	6	12	144111432320200	1	1
N??CBAPWjcBwbU~?Ls?	15	37	15	5	15	211444121220300	1	1
N??CBAPWn_@xfS^_Ls?	15	37	15	6	15	011333101004422	1	1
N??CBAPYNOBw~?ZgAz?	15	37	15	6	14	444141134332002	1	1
N??CBAPYNORgDu^_Ls?	15	37	15	6	15	311313304002420	1	1
N??CBAPYNORgDu~?Ls?	15	37	15	6	15	300303310112244	1	1
N??CBAPZJXBwz?^_AZO	15	38	15	5	12	311311304002024	1	1
N??CBAPZJXRgz?^_AZO	15	38	15	5	12	311311304002024	1	1
N??CBAP[Bc@uFobU^_?	15	35	15	6	17	133311144440202	1	1
N??CBAP[Bc@ybU~?Ls?	15	36	15	6	14	133311143440022	1	1
N??CBAP[CY`uFoZg^_?	15	36	15	6	16	144411134322200	1	1
N??CBAP[CY`uFo^_^_?	15	36	15	6	16	144111132322200	1	1
N??CBAP[CY`y^_~?Ls?	15	37	15	6	13	411144421233000	1	1
N??CBAP[F_BwbSBmLs?	15	35	15	5	17	244411131330220	1	1
N??CBAP[F_BwbSBmNo?	15	35	15	6	16	033311144442002	1	1
N??CBAP[F_BwbSZg@z?	15	35	15	5	16	411133301004424	1	1
N??CBAP[F_PiBu^_@v?	15	36	15	5	14	144422200001131	1	1
N??CBAP[F_PiBu^_Ls?	15	36	15	7	14	033311141440022	1	1
N??CBAP[bcBwbU~?Ls?	15	37	15	5	16	133311340442022	1	1
N??CBAPb?}MQz?ZGAYW	15	35	15	5	17	144244201033001	1	1
N??CBAPbO}MQ^_~?Ls?	15	38	15	5	15	211444121332000	1	1
N??CBAPbO}MQ~?~?Ls?	15	38	15	5	15	144111432223000	1	1
N??CBAPbV_@tFo[cNo?	15	35	15	6	18	311144422323000	1	1
N??CBAPbV_@tFo[c^_?	15	35	15	6	19	144111232201230	1	1
N??CBAPeO}^_Xk^_Ls?	15	39	15	5	12	411441123300202	1	1
N??CBAPeO}^_~?XkLs?	15	39	15	6	12	311331104422200	1	1
N??CBAPeUgBwIi~?Ku?	15	36	15	6	16	411441323303402	1	1
N??CBAPeUoBw~?HmLs?	15	37	15	7	15	033003321111424	1	1
N??CBAPeV_BwBi~?Ku?	15	36	15	7	16	411441323303402	1	1
N??CBAPfO}^_~?Zg^_?	15	40	15	4	12	022000034441111	1	1
N??CBAPfVW\_ZG^_AXo	15	38	15	5	13	111311334200024	1	1
N??CBAPq?mbwLc~?Ls?	15	36	15	6	15	444141134322200	1	1
N??CBAPq?}BwLcZg^_?	15	36	15	5	16	444111134322200	1	1
N??CBAPq?}Eq^_~?Ls?	15	37	15	5	17	111414421233000	1	1
N??CBAPq?}Eq~?~?Ls?	15	37	15	5	17	111414421233000	1	1
N??CBAPqAcBwLcjALs?	15	33	15	6	21	224144112120033	1	1
N??CBAPqCyAyHk~?Ls?	15	36	15	7	19	111414421233300	1	1
N??CBAPqCyAyLc~?Ls?	15	36	15	6	17	111414421233300	1	1
N??CBAPqCyBwLc~?Ls?	15	36	15	5	17	433111343300202	1	1
N??CBAPqF_@xLc~?Ls?	15	35	15	6	18	411133303304202	1	1
N??CBAPqF_@xfOLcLs?	15	34	15	6	20	211444421123300	1	1
N??CBAPs?]bwJkZg^_?	15	37	15	6	15	331311134402002	1	1
N??CBAPs?]bwJk^_^_?	15	37	15	6	15	331311134402022	1	1
N??CBAPs?]du~?ZgNo?	15	38	15	5	14	311311104400202	1	1
N??CBAPs?]du~?^_No?	15	38	15	5	12	441411133322000	1	1
N??CBAPs?]du~?~?No?	15	38	15	6	12	441411133322000	1	1
N??CBAPs?}BwJk~?Ls?	15	37	15	6	15	044311134422000	1	1
N??CBAPs?}DuJk~?No?	15	38	15	5	12	331311134420022	1	1
N??CBAPs?}Du~?^_Ls?	15	38	15	5	14	311311104420220	1	1
N??CBAPs?}Du~?~?Ls?	15	38	15	5	13	311311404420220	1	1
N??CBAPsAcBw~?JMLs?	15	35	15	6	17	441411143330022	1	1
N??CBAPsAcBw~?JkDf?	15	35	15	6	15	224244421113300	1	1
N??CBAPsAcT`FoJMNo?	15	34	15	7	17	331311334440202	1	1
N??CBAPsAcT`Fo^_Du?	15	34	15	6	18	241411143332002	1	1
N??CBAPsAcT`Fo~?Du?	15	34	15	6	18	441411143332002	1	1
N??CBAPsBDBwJk~?Rh?	15	36	15	6	17	144111432032002	1	1
N??CBAPsCy@yJk~?No?	15	37	15	6	15	331311134420022	1	1
N??CBAPsCyBwJk~?Ls?	15	37	15	6	15	311311134422020	1	1
N??CBAPu@LbwFoZg^_?	15	37	15	6	17	444111134002200	1	1
N??CBAPu@LbwZg^_^_?	15	38	15	5	15	411441123320200	1	1
N??CBAPu@LbwZg~?^_?	15	38	15	5	14	311311404202022	1	1
N??CBAPu@LrgFo~?Ls?	15	37	15	6	16	413411343020002	1	1
N??CBAPuEoBwHmZg^_?	15	37	15	6	15	031331121442022	1	1
N??CBAPwAcEOjARHBy?	15	31	15	5	21	333411443433220	1	1
N??CBAPwAcPhJIFsNo?	15	34	15	7	19	433111143410202	1	1
N??CBAPwAcT`BkFsNo?	15	34	15	6	18	333111144422002	1	1
N??CBAPwAcT`JI^_By?	15	34	15	6	19	341411443432200	1	1
N??CBAPwAcT`ZgFsNo?	15	35	15	6	18	244111131303020	1	1
N??CBAPwAcT`Zg~?By?	15	35	15	6	19	444111134300002	1	1
N??CBAPwB_PhFsBmLs?	15	35	15	5	17	033311141440002	1	1
N??CBAPwB_PhFs^_@v?	15	35	15	6	17	033311141440020	1	1
N??CBAPwBcMO~?BNBy?	15	35	15	6	18	222244411111300	1	1
N??CBAPwCy@u^_FsBy?	15	37	15	5	13	333000023211411	1	1
N??CBAPwCy@u^_^_By?	15	37	15	6	15	444111133302002	1	1
N??CBAPwCy@u^_~?By?	15	37	15	6	15	444111133302002	1	1
N??CBAPwCy@u~?ZgBy?	15	37	15	7	15	444111134322002	1	1
N??CBAPwCyByZgZgNo?	15	38	15	6	12	344111134322000	1	1
N??CBAPwCyByZgZg^_?	15	38	15	6	14	333111143400222	1	1
N??CBAPwCyByZg^_No?	15	38	15	5	12	433111143400222	1	1
N??CBAPwCyByZg~?No?	15	38	15	5	14	144111132322000	1	1
N??CBAPwFOLsDu~?By?	15	37	15	6	13	000333310114242	1	1
N??CBAPwFORgBkDuNo?	15	35	15	6	17	333111144442002	1	1
N??CBAPwFWLc^_FsAZ_	15	37	15	5	15	411311304000224	1	1
N??CBAPwFwLsFsFsNo?	15	39	15	6	11	444111134300220	1	1
N??CBAPwFw^_ZgFsBy?	15	39	15	6	11	333111143422200	1	1
N??CBAPy?mbw^_~?Ls?	15	38	15	5	14	244141132322000	1	1
N??CBAPy?mbw~?ZgLs?	15	38	15	6	14	311414421233000	1	1
N??CBAPy?mbw~?~?Ls?	15	38	15	5	14	111414421233000	1	1
N??CBAPy?mrg^_ZgLs?	15	38	15	6	14	344111134322000	1	1
N??CBAPy?mrg^_^_Ls?	15	38	15	5	14	344111134322000	1	1
N??CBAPy?mrg~?ZgLs?	15	38	15	6	15	411411323040022	1	1
N??CBAPy?mrg~?^_Ls?	15	38	15	5	15	144141132322000	1	1
N??CBAPyFOBwZg~?Az?	15	37	15	6	14	000303310112442	1	1
N??CBAPzFWBwZG^_AZO	15	38	15	5	12	411311304002024	1	1
N??CBAP{BcMOFoBN^_?	15	35	15	5	16	000033031111424	1	1
N??CBAP{BcRgFoBMLs?	15	35	15	6	20	244200201331140	1	1
N??CBAP{F_BwBmZg^_?	15	37	15	6	15	000033311112244	1	1
N??CBAP{F_BwBuZg^_?	15	37	15	6	14	000033310112244	1	1
N??CBAP{F_RgBm^_@z?	15	37	15	6	13	444422200003131	1	1
N??CBAP{F_RgBu^_Ls?	15	37	15	6	15	000033311114244	1	1
N??CBAWWno^?^_fS?|_	15	38	15	5	14	144111232300021	1	1
N??CBAW[CY_}FoXg^_?	15	35	15	7	18	144411130322200	1	1
N??CBAW[CYks}?Fo?}O	15	35	15	6	17	411442220231031	1	1
N??CBAWe?NbwfO~?KUO	15	36	15	5	15	133113330042024	1	1
N??CBAWe?NbwfO~?Ku?	15	36	15	6	14	411441113320002	1	1
N??CBAWe?NkU~?^_Rg_	15	37	15	5	13	133111340044220	1	1
N??CBAWeCy?}~?XkNo?	15	37	15	6	13	033003321112424	1	1
N??CBAWeCy^?@|^_KV?	15	37	15	5	14	033000321114042	1	1
N??CBAWeCy^?^_Xk?}_	15	37	15	6	14	033003331141422	1	1
N??CBAWfVo^?FoXg?|_	15	37	15	6	14	144113330200244	1	1
N??CBAWfVo^?Xg^_?|_	15	38	15	5	14	411113300000224	1	1
N??CBAWw?NbifO^_KSo	15	36	15	6	15	422444210120031	1	1
N??CBAWw?NksfOFsNo?	15	36	15	7	16	033111141402002	1	1
N??CBAWw?NksfOFs^@?	15	36	15	6	16	000331114100224	1	1
N??CBAWw?NksfOFs^_?	15	36	15	7	17	000333114100224	1	1
N??CBAWwBH?}fOEuNo?	15	35	15	6	18	133111142443002	1	1
N??CBAWwCq?}FsXi^_?	15	36	15	6	18	411441143132020	1	1
N??CBAXDrLRgyC^_No?	15	38	15	5	15	344111432202000	1	1
N??CBAXDrLRgyC~?No?	15	38	15	5	15	144111432232000	1	1
N??CBAXFo}Ks^_~?No?	15	40	15	4	12	022000034441111	1	1
N??CBAXFo}Ks^_~?^_?	15	40	15	4	12	022000034441111	1	1
N??CBAXFo}Ks~?~?^_?	15	40	15	4	11	222000334441111	1	1
N??CBAXXg}Mo\_~?PIo	15	39	15	5	12	311131134020024	1	1
N??CBAXXg}No^_~?No?	15	41	15	4	10	400220043411111	1	1
N??CBAXXg}No~?~?No?	15	41	15	4	11	200220043411111	1	1
N??CBAXXg}^_~?~?No?	15	41	15	4	10	200220343431111	1	1
N??CBAXXg}^_~?~?^_?	15	41	15	4	8	022002434341111	1	1
N??CBAX[bcKsFo~?Pj?	15	37	15	6	15	300033012111442	1	1
N??CBAXdRLBwYc^_^_?	15	38	15	5	14	411444123323200	1	1
N??CBAXdRLBwYc~?^_?	15	38	15	5	14	144111232232300	1	1
N??CBAXfO}Ks~?~?^_?	15	40	15	4	10	022000434443111	1	1
N??CBAXx?ubwXg^_^_?	15	38	15	5	14	111441423233000	1	1
N??CBAXx?ubwXg~?^_?	15	38	15	5	14	111441223233200	1	1
N??CBBOEouRgJgxENo?	15	36	15	6	16	111331302442202	1	1
N??CBBOEp\DsxCfONo?	15	36	15	6	17	311441424300230	1	1
N??CBBOIn_QiBy^_^_?	15	37	15	6	15	000033311211244	1	1
N??CBBOIn_YafO^_@|?	15	36	15	6	15	441411113233002	1	1
N??CBBOJh\BwZ_~?QJO	15	38	15	5	12	331311134002024	1	1
N??CBBOQ_VDsfO^_Ub?	15	35	15	6	18	444424220111330	1	1
N??CBBOQ_^DsfOlCNo?	15	35	15	6	19	441411133022000	1	1
N??CBBOQ`L@{eQlCNo?	15	34	15	6	20	241441123022300	1	1
N??CBBOQcyBwJglC^_?	15	35	15	5	19	114144242103300	1	1
N??CBBOS_^DefO~?No?	15	36	15	6	16	441411113322000	1	1
N??CBBOS_^DejCfONo?	15	35	15	7	17	441411413322200	1	1
N??CBBOS_^DsfOjCNo?	15	35	15	6	18	441411113322020	1	1
N??CBBOS_^DsfOjC^_?	15	35	15	6	17	441411313322000	1	1
N??CBBOS`\DeFofO^_?	15	35	15	6	17	441411113322000	1	1
N??CBBOS`\TafOFo^_?	15	35	15	5	19	114144242230000	1	1
N??CBBOSf_RgJK^_@|?	15	35	15	7	16	224244441113030	1	1
N??CBBOW_VDs^_|ARi?	15	36	15	6	18	144111430340002	1	1
N??CBBOW_^DsFofS^_?	15	36	15	6	16	441411313422200	1	1
N??CBBOW_^Ds^_fS^_?	15	37	15	6	16	144111133320020	1	1
N??CBBOW_u[`Jg^_Ri?	15	35	15	6	18	144111130323002	1	1
N??CBBOW_u[`Jg~?Ri?	15	35	15	6	18	144111130323002	1	1
N??CBBOW_}DsFofS^_?	15	36	15	5	16	133111142402002	1	1
N??CBBOW_}Ds~?fSNo?	15	37	15	5	15	144111430320020	1	1
N??CBBOW_}Ds~?fSRi?	15	37	15	6	14	133111342402200	1	1
N??CBBOW_}Ds~?~?Ri?	15	37	15	5	15	144111130320002	1	1
N??CBBOW`T@mFodU^_?	15	35	15	6	18	133111042413002	1	1
N??CBBOW`\@mFofS^_?	15	36	15	7	17	133111341420002	1	1
N??CBBOW`\DsFo~?Ri?	15	36	15	6	16	441411313422200	1	1
N??CBBOWf_Ds^_ByRi?	15	36	15	7	17	244411133030020	1	1
N??CBBOY_^DsFodS^_?	15	36	15	6	17	444411133022240	1	1
N??CBBOY`\DsFodS^_?	15	36	15	6	16	441411143222030	1	1
N??CBBOYbSDsFodU^_?	15	36	15	6	16	300303012111424	1	1
N??CBBOZb[BwJg~?QJO	15	38	15	5	13	311311134002024	1	1
N??CBBO[_^DsFobS^_?	15	36	15	6	16	444411133022220	1	1
N??CBBO[`\DsFobS^_?	15	36	15	6	18	441411143022000	1	1
N??CBBO[bcBwJgbU^_?	15	36	15	6	16	133311342442202	1	1
N??CBBObO}Bw[cJg^_?	15	36	15	5	18	144111130222000	1	1
N??CBBObRcbwJg~?No?	15	37	15	5	17	211144122320000	1	1
N??CBBObRcbwJg~?^_?	15	37	15	5	16	144411230232000	1	1
N??CBBObSy@{[cJg^_?	15	36	15	6	18	144411133202300	1	1
N??CBBObSyBw[cJg^_?	15	36	15	5	17	144111430222300	1	1
N??CBBObTWDcFo^_IR_	15	35	15	7	15	214144142333002	1	1
N??CBBObVOAx[cJgNo?	15	35	15	6	19	311414424123000	1	1
N??CBBObVOAx[cJg^_?	15	35	15	6	20	144242202201330	1	1
N??CBBOeO^DsXc^_^_?	15	37	15	6	17	411411123322200	1	1
N??CBBOeO}BwXcJg^_?	15	36	15	5	18	144111130222000	1	1
N??CBBOePL`{fO~?No?	15	37	15	6	17	144111432232200	1	1
N??CBBOePL`{~?~?No?	15	38	15	6	14	114114432233000	1	1
N??CBBOePLdsFo^_^_?	15	37	15	6	15	241441123322000	1	1
N??CBBOeRKbwJg~?No?	15	37	15	5	16	411441123320200	1	1
N??CBBOeRKbwJg~?^_?	15	37	15	5	16	144114230230300	1	1
N??CBBOeSyBwXcJg^_?	15	36	15	5	17	144111430222300	1	1
N??CBBOfO}BwJg^_^_?	15	38	15	4	14	022000031444111	1	1
N??CBBOfO}Ds^_~?No?	15	39	15	4	14	022000031441111	1	1
N??CBBOfO}Ds^_~?^_?	15	39	15	4	13	220000333144111	1	1
N??CBBOfSyBwJg~?No?	15	38	15	4	14	022000031444111	1	1
N??CBBOfVo^?Jg^_?|_	15	38	15	5	14	411113300000224	1	1
N??CBBOi?NdsTcfONo?	15	35	15	6	19	244441133320000	1	1
N??CBBOi?NdsTcfO^_?	15	35	15	6	20	111114442233300	1	1
N??CBBOi@\@{fOTcNo?	15	35	15	6	19	441411133022000	1	1
N??CBBOi@\@{fOTc^_?	15	35	15	6	18	441411333022000	1	1
N??CBBOiCiDTBwTcNo?	15	34	15	7	19	241414123232200	1	1
N??CBBOiCiDTBwTc^_?	15	34	15	7	20	114141432023300	1	1
N??CBBOiCyDsTcFoNo?	15	35	15	5	19	344111134420020	1	1
N??CBBOiCyDsTcFo^_?	15	35	15	5	19	114444222003030	1	1
N??CBBOiCy^?JgTc?}_	15	35	15	6	19	144442200000331	1	1
N??CBBOk?uRgJgRc[`?	15	33	15	6	21	022022414401331	1	1
N??CBBOk@\HqFofO@}?	15	35	15	5	17	333311114400020	1	1
N??CBBOk@\HqFofONo?	15	35	15	5	18	211244421100330	1	1
N??CBBOk@\HqFofORg?	15	34	15	5	16	233200023344111	1	1
N??CBBOk@\HqFofO^_?	15	35	15	5	18	144144242233000	1	1
N??CBBOk@\HqfO^_@}?	15	36	15	6	16	333311114400220	1	1
N??CBBOkBCDsRcFoRh?	15	33	15	6	19	122144212213300	1	1
N??CBBOuCq@{Hm^_^_?	15	37	15	6	15	003003311112244	1	1
N??CBBOwCYMPJg^_By?	15	35	15	6	18	244411133320002	1	1
N??CBBOwCYMPJg~?By?	15	35	15	6	18	144111130323002	1	1
N??CBBOwCyDs^_Fs^_?	15	37	15	5	15	444111133322020	1	1
N??CBBOwCyDs^_^_By?	15	37	15	5	14	244111133320002	1	1
N??CBBOwCyRgJgFsNo?	15	36	15	5	16	433111343400202	1	1
N??CBBOy?mrgBwJgNo?	15	36	15	6	18	444111133320200	1	1
N??CBBOy?mrgFoJgNo?	15	36	15	5	17	444111130322200	1	1
N??CBBOy?mrgJg^_No?	15	37	15	5	16	311414422230000	1	1
N??CBBOy?mrgJg^_^_?	15	37	15	5	17	111414420230000	1	1
N??CBBOyBKRHDsJg^_?	15	35	15	6	19	144114230032130	1	1
N??CBBOyCyRgDsJgNo?	15	36	15	5	18	211444121233300	1	1
N??CBBO{@\BwfO^_@}?	15	37	15	6	15	331311114402220	1	1
N??CBBO{@\DsfO^_@}?	15	37	15	6	14	330300002211441	1	1
N??CBBO{@\RgB{^_@}?	15	38	15	6	12	444422200013131	1	1
N??CBBO{@\RgB{^_No?	15	38	15	6	13	033311144402022	1	1
N??CBBO{@\RgB{~?No?	15	38	15	6	13	333311144402022	1	1
N??CBBO{CyRgJgB{No?	15	37	15	6	15	331311114422002	1	1
N??CBB_W_fRiFw^_\`?	15	37	15	6	14	133111144430022	1	1
N??CBB_W_fRi^_F[\`?	15	37	15	6	13	300333011102424	1	1
N??CBB_W_fRi~?Fw\`?	15	37	15	7	13	133111444430202	1	1
N??CBB_W_tOjfSFwNo?	15	36	15	6	16	433111144423002	1	1
N??CBB_W_tOjfSFw^_?	15	36	15	6	17	133111144423002	1	1
N??CBB_W_z~_^_FwRi?	15	39	15	7	11	133111144402200	1	1
N??CBB_W_z~_~?fSB{?	15	39	15	6	10	333111444402200	1	1
N??CBB_WfwNoFwFwRi?	15	39	15	6	11	133111144422000	1	1
N??CBB_Wfw^_fSFwB{?	15	39	15	6	10	444111333300222	1	1
N??CBB_[_ZrgFw^_B{?	15	38	15	5	12	144222200311131	1	1
N??CBB_[_ZrgFw^_No?	15	38	15	6	12	244111133022200	1	1
N??CBB_[_ZrgFw^_^_?	15	38	15	6	13	444111133022200	1	1
N??CBB_[_ZrgFw~?B{?	15	38	15	6	12	444222200311131	1	1
N??CBB_[_ZrgFw~?^_?	15	38	15	6	12	111444222230300	1	1
N??CBB_[bcRg^_B]B{?	15	37	15	6	14	311422422003013	1	1
N??CBB_[bcRg~?B]B{?	15	37	15	6	15	111444422003013	1	1
N??CBB_[bcRg~?bUB{?	15	37	15	6	16	144411230330020	1	1
N??CBB_[bc^_bUFwB{?	15	38	15	7	14	400311311444022	1	1
N??CBB_[bc^_bUFwNo?	15	38	15	6	14	200022044441331	1	1
N??CBB_[bc^_bUFw^_?	15	38	15	6	13	200022341441331	1	1
N??CBB_[cYb{Fw^_^_?	15	39	15	6	12	333111144200022	1	1
N??CBB_[cYb{Fw~?^_?	15	39	15	6	12	333111144200022	1	1
N??CBB_[cYb{~?~?^_?	15	39	15	5	11	000333111122444	1	1
N??CBB_[cYrgFw^_No?	15	38	15	5	13	433111144200022	1	1
N??CBB_[cYrgFw~?No?	15	38	15	5	14	133111344400022	1	1
N??CBB_[cqKpB[Fw^_?	15	36	15	6	17	333111144202002	1	1
N??CBB_[cqKpbS^_B{?	15	36	15	6	17	100333011121242	1	1
N??CBB_[cqKpbS~?B{?	15	36	15	6	17	422444211101030	1	1
N??CBB_eVGBLFw^_Kq_	15	37	15	6	15	022442411010031	1	1
N??CBB_eVGBLFw~?Kq_	15	37	15	5	15	333113144040024	1	1
N??CBB_eVGKqEy^_B{?	15	37	15	6	14	033113144042020	1	1
N??CBB_eVGKq~?EyB{?	15	37	15	5	15	000330311211422	1	1
N??CBB_eV_Kq~?ByB{?	15	37	15	7	15	444111133230022	1	1
N??CBB_fO~B{^_^_B{?	15	41	15	5	7	133000022111441	1	1
N??CBB_fO~B{~?^_B{?	15	41	15	6	7	333000022111441	1	1
N??CBB_fO~No^_^_No?	15	41	15	4	7	322000033441111	1	1
N??CBB_fO~^_^_^_No?	15	41	15	4	9	022000033441111	1	1
N??CBB_fO~^_~?^_No?	15	41	15	4	9	000222244331111	1	1
N??CBB_fO~^_~?^_^_?	15	41	15	4	8	222000333141111	1	1
N??CBB_fSyRgFw^_^_?	15	39	15	4	11	033000022111144	1	1
N??CBB_fSyRg^_^_B{?	15	39	15	4	10	233000322111441	1	1
N??CBB_fVo^?^_Fw?|_	15	39	15	6	12	444111333200024	1	1
N??CBB_{BcRgFw~?@n?	15	37	15	6	14	000333111114242	1	1
N??CBB_{BcRg^_Fw@n?	15	37	15	6	15	222244411113300	1	1
N??CBB_{CyNoFwB{@}?	15	39	15	4	11	111133300022444	1	1
N??CBB_{CyNo^_Fw@}?	15	39	15	6	11	033111144402200	1	1
N??CBB_{Cy^_^_Fw@}?	15	39	15	6	11	444111133300022	1	1
N??CBBoYf_QiFoBy^_?	15	37	15	6	16	000033311410224	1	1
N??CBBoYf_QifO^_@|?	15	37	15	6	17	244411133031302	1	1
N??CBBo{?}RgB{^_@}?	15	39	15	5	11	444422200013131	1	1
N??CBBo{BcPhFoB{^_?	15	37	15	5	15	000033311112224	1	1
N??CBBo{BcPhFo^_@}?	15	37	15	6	14	200033311142242	1	1
N??CBBo{BcPhfOB{^_?	15	37	15	6	15	000033111112424	1	1
N??CBBo{BcPhfO^_@}?	15	37	15	6	15	000033311112442	1	1
N??CBBo{Cy@}^_^_@}?	15	40	15	7	9	144422200011331	1	1
N??CBBo{Cy@}^_^_^_?	15	40	15	5	10	000022244413111	1	1
N??CBBo{Cy@}~?^_@}?	15	40	15	6	9	444422200031331	1	1
N??CBBo{Cy@}~?^_^_?	15	40	15	4	10	000033111142444	1	1
N??CBBo{CyRgB{^_@}?	15	39	15	6	11	444422220033131	1	1
N??CBBo{CyRgB{^_^_?	15	39	15	5	13	000033111144244	1	1
N??CBBo{FoRgB{^_?~?	15	39	15	5	11	444422200003131	1	1
N??CB`gbSh^?}?^_?{o	15	37	15	4	15	411113300330024	1	1
N??CB`o[FoPm^_B{?~?	15	39	15	5	9	244422200031311	1	1
N??CB`o[FoPmb[^_?~?	15	39	15	5	9	244422200031131	1	1
N??CB`o[FwPm~?B{No?	15	40	15	6	6	200022244413131	1	1
N??CB`obW^^?}?^_?{o	15	39	15	5	11	311133300442221	1	1
N??CB`obW^^_~?^_No?	15	41	15	5	7	200022244331111	1	1
N??CB`obW^^_~?~?No?	15	41	15	5	7	200022244331111	1	1
N??CB`ob[Z^?}?^_?{o	15	39	15	6	11	411142022330001	1	1
N??CB`oq@c_}bY~?No?	15	37	15	6	15	133311144240022	1	1
N??CB`oq@c~?bY^_?}_	15	37	15	6	16	300033011214240	1	1
N??CB`oqBc@{LcbY^_?	15	36	15	6	14	133311144240202	1	1
N??CB`oqBkEqBw~?PL_	15	37	15	5	15	311131400200424	1	1
N??CB`oqCZ@{Lc~?No?	15	37	15	6	13	411144422033000	1	1
N??CB`oqF_PkLc^_@|?	15	36	15	6	14	244411133132002	1	1
N??CB`ow?{pkB{^_^_?	15	38	15	7	12	144411133302200	1	1
N??CB`o{CZ@}^_^_@}?	15	40	15	7	7	144422200011331	1	1
N??CB`o{CZ@}^_^_No?	15	40	15	6	7	200033311122444	1	1
N??CB`o{CZ@}^_~?@}?	15	40	15	6	8	244422200011331	1	1
N??CB`o{CZ@}^_~?No?	15	40	15	6	8	200022244433111	1	1
N??CB`o{CZ^?B{^_?}_	15	39	15	5	11	144422200010131	1	1
N??CBbGBplEs\_~?PHo	15	38	15	5	14	244424101100031	1	1
N??CBbGBplMo\_~?PHo	15	38	15	5	14	311131402000024	1	1
N??CBbG[bc@wLg~?Pj?	15	36	15	6	15	144411230332002	1	1
N??CBb_QcY@{FglCNo?	15	35	15	6	17	244411133022200	1	1
N??CBb_W_^BebS~?No?	15	37	15	7	15	111144122233300	1	1
N??CBb_W_^BsbSfC^_?	15	36	15	6	17	144111133322220	1	1
N??CBb_{BcPhFgB{^_?	15	37	15	5	15	000033311112224	1	1
N??CBb_{BcPhFg^_@}?	15	37	15	6	14	200033311142242	1	1
N??CBbo{BcPhB{~?@n?	15	39	15	4	11	444422200001131	1	1
N??CBbo{BcPhB{~?@}?	15	39	15	4	11	444422200001131	1	1
N??CBbo{BcPhB{~?No?	15	39	15	6	11	000033311112244	1	1
N??CBbo{BcPhB{~?^_?	15	39	15	5	11	000033111112244	1	1
N??CBbo{BcPh^_B{@n?	15	39	15	5	11	111133300004244	1	1
N??CBbo{BcPh^_B{@}?	15	39	15	5	10	411133300024244	1	1
N??CBbo{BcPh^_B{No?	15	39	15	6	10	300022244413131	1	1
N??CE?oBE@`{Ks^_^_?	15	33	15	5	19	441111132232200	1	1
N??CE?oBE@`{RgKs^_?	15	32	15	6	21	141144442113300	1	1
N??CE?oBE@gUBwKs^_?	15	31	15	5	21	441111332233220	1	1
N??CE?oBMX]AKu^_@{_	15	36	15	7	18	113311304002420	1	1
N??CE?oMEH_}Rg~?FX?	15	35	15	7	17	113331104400224	1	1
N??CE?oMEH_}Rg~?Fw?	15	35	15	7	16	114441113322200	1	1
N??CE?oOkX@{[a~?Fi?	15	34	15	7	18	411144342133200	1	1
N??CE?oOl_xcBy^_Fi?	15	35	15	6	16	013311114340022	1	1
N??CE?oOmX@{nCNSNo?	15	36	15	6	18	114411113422000	1	1
N??CE?oOmX@{nCNo^_?	15	36	15	6	16	441111333402020	1	1
N??CE?oOmX@{nC^_Fw?	15	36	15	6	17	431111330402022	1	1
N??CE?oOn_EWByrHVa?	15	34	15	6	19	114411223403120	1	1
N??CE?oOn_XcByNSFw?	15	35	15	6	17	003311114340022	1	1
N??CE?oOn_XcByNSNo?	15	35	15	6	17	033311114340022	1	1
N??CE?oOn_XcnCByFw?	15	35	15	6	18	134411113432020	1	1
N??CE?oQGVXcLs^_Ub?	15	35	15	6	17	341141442133002	1	1
N??CE?oQL_xcBy^_Ey?	15	35	15	7	16	013311114340022	1	1
N??CE?oQMX@{lCLsNo?	15	35	15	6	18	214411113422300	1	1
N??CE?oQMX@{lC^_EZ?	15	35	15	6	17	113311304000224	1	1
N??CE?oQlg`{rG^_Fw?	15	36	15	6	16	214411113232200	1	1
N??CE?oQlg`{rG~?Fw?	15	36	15	6	17	414411113232200	1	1
N??CE?oQlgxc|?No@\O	15	36	15	6	16	411131330402024	1	1
N??CE?oQn_EirGByFw?	15	35	15	7	19	221144414312300	1	1
N??CE?oQn_EirGByNo?	15	35	15	7	19	333311141044202	1	1
N??CE?oWcw`{rG~?Fw?	15	35	15	6	17	441111331402002	1	1
N??CE?oWeP@{FSLq^_?	15	34	15	6	20	331111440240002	1	1
N??CE?oWeP@{fCLq^_?	15	34	15	7	18	331131440340202	1	1
N??CE?oWf_RarGByFw?	15	34	15	7	18	221444114213300	1	1
N??CE?oWf_XcFSByFw?	15	34	15	6	19	222444114113000	1	1
N??CE?o[@eHs~?bM@}?	15	35	15	6	17	422244411113300	1	1
N??CE?o[A\PeB{No^_?	15	36	15	6	15	144411113322200	1	1
N??CE?o[CX`]RgNo]__	15	35	15	5	17	033311114400224	1	1
N??CE?o[F_HsbKNo@~?	15	35	15	4	15	033311114442020	1	1
N??CE?obGVMQRgNo]`?	15	35	15	6	18	144424220413130	1	1
N??CE?obGVMQrG|AFw?	15	35	15	7	19	114411403243200	1	1
N??CE?obGZHs~?NoMR?	15	36	15	7	16	144411413220003	1	1
N??CE?obG^Hs[cNo^_?	15	36	15	6	17	144411113222300	1	1
N??CE?obG^Xc[c~?EY_	15	36	15	5	16	142244221030131	1	1
N??CE?obG^Xc[c~?Fw?	15	36	15	6	16	144411413222300	1	1
N??CE?obHqGtBw[c^_?	15	34	15	7	20	411144342301320	1	1
N??CE?obMPMQBw~?Ex?	15	35	15	6	19	144411413223200	1	1
N??CE?obN_Xc[cByFw?	15	35	15	6	18	221144114313200	1	1
N??CE?ok?VxcRkNo]`?	15	36	15	6	17	313311114400022	1	1
N??CE?ok@eXd^_Rk@}?	15	36	15	6	16	042244441130300	1	1
N??CE?ok@e^_rIRk@}?	15	36	15	6	16	414411331340022	1	1
N??CE?ok@qXcB{PmNo?	15	35	15	6	17	042244441130003	1	1
N??CE?okAXxcB{^_EX_	15	36	15	6	16	413311304400024	1	1
N??CE?okBcXcRkB]Fw?	15	35	15	6	17	013311114420002	1	1
N??CE?okEP^_LqRk@}?	15	36	15	7	16	414411113340022	1	1
N??CE?okEXHuB{^_Fw?	15	37	15	6	13	013311114400022	1	1
N??CE?okEXHuB{~?Fw?	15	37	15	7	14	313311114400022	1	1
N??CE?okF_XcNoRk@~?	15	36	15	5	15	013311114440200	1	1
N??CE?om@qXcBwPmNo?	15	35	15	7	18	313331131442202	1	1
N??CE?oqGVHsLs|ANo?	15	36	15	7	17	311141442133020	1	1
N??CE?oqGVHsLs|A^_?	15	36	15	7	16	331131440414022	1	1
N??CE?oqGVXcLs^_]`?	15	36	15	7	15	331131140414022	1	1
N??CE?oqG^@{Ls^_^_?	15	37	15	6	16	244411113422000	1	1
N??CE?oqG^EyNo~?No?	15	38	15	5	14	331111140400022	1	1
N??CE?oqG^Ey~?^_No?	15	38	15	5	13	331131140400222	1	1
N??CE?oqG^Ey~?~?No?	15	38	15	6	13	441111332322000	1	1
N??CE?oqILFHBwLs^_?	15	35	15	6	19	331111440440002	1	1
N??CE?oqILV@Bw~?Ey?	15	35	15	6	19	141114442132300	1	1
N??CE?oqIT@{LUNo^_?	15	36	15	6	16	114414123222300	1	1
N??CE?oqIT@{LU~?No?	15	36	15	7	14	114414123222300	1	1
N??CE?oqI\@{LsNo^_?	15	37	15	6	16	331111143420002	1	1
N??CE?oqI\@{Ls~?No?	15	37	15	6	16	331131140420022	1	1
N??CE?oqI\@{Ls~?^_?	15	37	15	6	16	331131140420022	1	1
N??CE?oqLgEiBw^_HT_	15	35	15	6	17	031131310400224	1	1
N??CE?oqLgHTBwLsNo?	15	35	15	6	17	214414113232200	1	1
N??CE?oqLgHTBw~?Ey?	15	35	15	7	18	441141332303302	1	1
N??CE?oqMX@{~?LsNo?	15	37	15	6	15	441141132330020	1	1
N??CE?oqN_HsBy~?Ey?	15	36	15	7	18	331111141442020	1	1
N??CE?oqN_XcBy^_Ey?	15	36	15	7	17	220020034313014	1	1
N??CE?oqN_^_LsByNo?	15	37	15	7	16	441141132300220	1	1
N??CE?orMX@{^_~?EZ?	15	38	15	7	12	113311304000224	1	1
N??CE?orNo^?No^_?|_	15	38	15	5	12	411113330000224	1	1
N??CE?orNo^?RgNo?|_	15	37	15	6	15	411113333200224	1	1
N??CE?o{@e@}rI^_No?	15	37	15	7	16	113311304240022	1	1
N??CE?o{@eHsB{rINo?	15	36	15	7	18	113311104240002	1	1
N??CE?o{@eHsB{rI^_?	15	36	15	7	17	333311441430022	1	1
N??CE?o{@e^_B{rINo?	15	37	15	6	16	113311304242002	1	1
N??CE?o{A\XcNoB{@}?	15	37	15	5	14	133300002211411	1	1
N??CE?o{A\XcNoB{^_?	15	37	15	6	16	331111441422002	1	1
N??CE?o{A\XcNoNo@}?	15	37	15	6	15	003311114400220	1	1
N??CE?o{A\XcNo^_@}?	15	37	15	6	15	244411113322002	1	1
N??CE?o{BcPdRgB{Fw?	15	35	15	5	17	022244441110003	1	1
N??CE?o{BcPdRgNo@n?	15	35	15	5	17	011133130004224	1	1
N??CE?o{BcXcRgB]Fw?	15	35	15	6	18	220044214113300	1	1
N??CE?o{EX@}^_NoFw?	15	38	15	6	13	033311114400222	1	1
N??CE?o{EX@}^_^_Fw?	15	38	15	6	13	244411113322000	1	1
N??CE?o{EX@}~?^_Fw?	15	38	15	6	14	333311144420222	1	1
N??CE?o{EXXcB{^_EX_	15	37	15	7	15	113311304200024	1	1
N??CE?o{EXXcB{^_Fw?	15	37	15	6	16	331111441422020	1	1
N??CE?o{EXXcRgNo@}?	15	36	15	6	15	331100220244411	1	1
N??CE?o{F_EWrH^_@~?	15	36	15	6	15	033311114442120	1	1
N??CE?o{F_XcNo^_@~?	15	37	15	6	13	000033311114442	1	1
N??CE?wMEH_}Mq^_^?_	15	37	15	6	14	200003331102441	1	1
N??CE?wMEH_}^_~?FX?	15	37	15	6	13	113331104400224	1	1
N??CE?wMEH_}^_~?Fw?	15	37	15	6	13	441114442233000	1	1
N??CE?wMEHgu}?No?}O	15	36	15	6	14	431113330044024	1	1
N??CE?wpNo^?Ms^_?|_	15	38	15	6	12	411113330300224	1	1
N??CE?wpNo^?No^_?|_	15	38	15	5	12	411113330000224	1	1
N??CE@A{?]vcNW^_No?	15	38	15	6	14	431111344220022	1	1
N??CE@A{?]vcNW~?Fw?	15	38	15	6	13	441111333020202	1	1
N??CE@A{?]vcNW~?No?	15	38	15	5	14	441111333020200	1	1
N??CE@A{?]vcNoNo^_?	15	38	15	5	11	224444112303003	1	1
N??CE@A{?]vcNo~?No?	15	38	15	5	13	441111334020202	1	1
N??CE@A{?]vcnGNWNo?	15	38	15	5	14	431111334020002	1	1
N??CE@A{?]vcnGNoNo?	15	38	15	6	13	431111334020022	1	1
N??CE@A{A[@mKYNoVc?	15	35	15	6	19	224444211330000	1	1
N??CE@A{A[@mKY~?Fw?	15	35	15	6	18	441111333002202	1	1
N??CE@A{A[@mkI~?Fw?	15	35	15	6	18	141144443233200	1	1
N??CE@A{A[@yNonGUD_	15	36	15	6	16	202244142100331	1	1
N??CE@A{Bc@n~?NoFk?	15	37	15	6	15	303311311440222	1	1
N??CE@A{Bc@n~?NoVc?	15	37	15	5	15	303311311440222	1	1
N??CE@A~B{FkNWNWFk?	15	41	15	4	5	330000322441111	1	1
N??CE@_ECHkqHs~?B{?	15	33	15	6	20	411441114342200	1	1
N??CE@_EFG_}fG^_Fw?	15	34	15	6	19	331111444120220	1	1
N??CE@_W`eBmFw~?Pf?	15	36	15	6	17	133111344440020	1	1
N??CE@_W`eB{~?fKPf?	15	36	15	6	16	122444221113300	1	1
N??CE@_WfwReNoNoB{?	15	38	15	6	13	331111441322000	1	1
N??CE@_WfwRe^_FwFw?	15	38	15	6	13	144111133302020	1	1
N??CE@_Wfw^_fKNoB{?	15	38	15	6	13	144111133300202	1	1
N??CE@_[`eNobMFw^_?	15	37	15	5	16	314411441330200	1	1
N??CE@_[`ePf~?~?B{?	15	37	15	6	16	133311004440220	1	1
N??CE@_[`eRcbM~?B{?	15	36	15	7	16	133311331440022	1	1
N??CE@_[bcFw~?bMB{?	15	37	15	5	14	144411413330020	1	1
N??CE@_]bsFWFw~?Of_	15	38	15	4	14	311113113000224	1	1
N??CE@_eJKrc~?FwFw?	15	37	15	6	16	211444112323000	1	1
N??CE@_eJK~_FwFwFw?	15	38	15	6	14	444111133200222	1	1
N??CE@_eJK~_FwNoFw?	15	38	15	5	15	231441142320000	1	1
N??CE@_eJK~_^_FwFw?	15	38	15	5	15	333111144022200	1	1
N??CE@_eJK~_~?FwFw?	15	38	15	6	14	441111333000022	1	1
N??CE@_eNGCyEy^_B{?	15	36	15	6	16	033113114342020	1	1
N??CE@_eNGRcHsEyNo?	15	35	15	7	19	203441114313200	1	1
N??CE@_fNo^?No^_?|_	15	38	15	5	12	411113330000224	1	1
N??CE@_kCpCxRc~?B{?	15	34	15	7	19	414111331304202	1	1
N??CE@_kCpGr~?B{Fw?	15	35	15	7	18	414411113332020	1	1
N??CE@_kCxHqNo^_@}?	15	36	15	6	16	244411113322002	1	1
N??CE@_kCxHqNo^_B{?	15	36	15	6	17	244111133320002	1	1
N??CE@_kCxHqNo~?@}?	15	36	15	7	17	444411133302002	1	1
N??CE@_kCx^?RcNo?}_	15	35	15	6	17	411113330000224	1	1
N??CE@_kF_RcRcNo@~?	15	35	15	5	16	303311111442020	1	1
N??CE@_u@Mrc~?^_B{?	15	37	15	6	15	441111333020002	1	1
N??CE@_uChLPHs~?B{?	15	35	15	7	19	441111333000202	1	1
N??CE@_uCpKp~?FwCz?	15	36	15	7	16	113113331004224	1	1
N??CE@_uCp^_FwHuNo?	15	37	15	7	15	241441114330020	1	1
N??CE@_{BSQd~?B{Fw?	15	36	15	7	17	144422220032013	1	1
N??CE@_{Cx@}^_FwFw?	15	38	15	5	14	333111144420200	1	1
N??CE@_{Cx@}^_NoFw?	15	38	15	5	13	033311114400222	1	1
N??CE@_{Cx@}^_^_Fw?	15	38	15	6	13	244111133322000	1	1
N??CE@_{Cx@}~?^_Fw?	15	38	15	6	14	331111444220220	1	1
N??CE@_{CxRc^_B{Fw?	15	37	15	6	16	441111331300022	1	1
N??CE@a[f_BkB]~?Fw?	15	37	15	6	14	333311314440022	1	1
N??CE@a[f_RcB]NoNo?	15	37	15	5	15	033311314440022	1	1
N??CE@a[f_RcB]No^_?	15	37	15	5	15	200022024443311	1	1
N??CE@afGzV_NO^_GRo	15	38	15	4	12	431111344000024	1	1
N??CE@afGz^_~?No^_?	15	40	15	5	10	002222444131131	1	1
N??CE@afKxV_NO^_GRo	15	38	15	4	12	431111334000024	1	1
N??CE@afNwFwNoNoFw?	15	41	15	4	7	330000223441111	1	1
N??CE@afNwFwNoNoNo?	15	41	15	4	9	330000223441111	1	1
N??CE@afNwNoNoNoNo?	15	41	15	4	11	300000223441111	1	1
N??CE@afNwNo^_NoNo?	15	41	15	3	10	400222044311111	1	1
N??CE@afNw^_^_No^_?	15	41	15	3	10	220000333111141	1	1
N??CE@anCxV_NO^_GRo	15	38	15	4	12	431111332000024	1	1
N??CE@anDwFgFW^_GRo	15	38	15	4	12	431111342000024	1	1
N??CE@auCxRcHsNo^_?	15	37	15	6	14	001333110444224	1	1
N??CE@a{?]bkNo^_^_?	15	38	15	5	14	444111133322000	1	1
N??CE@a{?]bkNo~?^_?	15	38	15	5	13	331111444200022	1	1
N??CE@a{?]rc~?NoFw?	15	38	15	5	13	441111334020022	1	1
N??CE@a{?]rc~?^_Fw?	15	38	15	5	15	441111334020022	1	1
N??CE@a{CxBkBsNoNo?	15	37	15	6	17	244111113322200	1	1
N??CE@a{CxBkBsNo^_?	15	37	15	6	16	331111443220002	1	1
N??CE@a{CxRcBsNo^_?	15	37	15	6	15	001333110144224	1	1
N??CE@a{CxRcBs^_Fw?	15	37	15	6	15	211444112333000	1	1
N??CE@oBxuFW]_~?Odo	15	38	15	4	14	311113440300024	1	1
N??CE@oBzsNOMo~?Odo	15	38	15	4	14	311113420300024	1	1
N??CE@oKpe]?Bx^_Pf?	15	36	15	6	16	033311114224023	1	1
N??CE@oQf_PcLSByNo?	15	34	15	7	17	022244411310303	1	1
N??CE@oW`e@{FSbM^_?	15	35	15	6	18	133311314440002	1	1
N??CE@oW`e@{fCbM^_?	15	35	15	7	18	422244001110003	1	1
N??CE@oWcXbiBwNo^_?	15	36	15	6	16	144411413322200	1	1
N??CE@oWcXraBw~?Fw?	15	36	15	7	16	144411413322200	1	1
N??CE@o[@e@}bM^_^_?	15	37	15	6	13	133311144440022	1	1
N??CE@o[@uNOB{~?Of_	15	37	15	5	15	044411113300204	1	1
N??CE@o[Bc^_bMNo@}?	15	37	15	6	12	300033331114242	1	1
N??CE@o[CX`]^_No]__	15	37	15	6	13	411131330044220	1	1
N??CE@o[CX`}^_~?Fw?	15	38	15	6	12	133311114400222	1	1
N??CE@o[`e@{bM~?Fw?	15	37	15	5	15	133311314440022	1	1
N??CE@o[`e@{bM~?No?	15	37	15	5	15	133311304440022	1	1
N??CE@o[`e@{bM~?Pf?	15	37	15	6	14	244422110001131	1	1
N??CE@o[`e@{bM~?^_?	15	37	15	6	14	133311004440022	1	1
N??CE@o[bc@{bM~?Fw?	15	37	15	5	13	300033031112244	1	1
N??CE@orBcPdBw~?EY_	15	36	15	6	17	133311004240024	1	1
N??CE@o{@ePdB{^_Fw?	15	37	15	6	14	033311114420022	1	1
N??CE@o{@ePdB{^_No?	15	37	15	6	14	033311114420022	1	1
N??CE@o{@ePdB{^_^_?	15	37	15	6	15	333311144440022	1	1
N??CE@o{BcEW^_bJ@}?	15	36	15	6	16	300033031111422	1	1
N??CE@o{BcEW~?bJ@}?	15	36	15	6	16	144411113333022	1	1
N??CE@o{BcPd^_B{Fw?	15	37	15	6	13	244411113332020	1	1
N??CE@o{BcPd~?B{Fw?	15	37	15	6	14	144411113332020	1	1
N??CE@q[bcPfNo~?@n?	15	39	15	7	9	244422420001331	1	1
N??CE@q[bcPfNo~?No?	15	39	15	4	10	300033031112444	1	1
N??CE@q[bcPfNo~?Pf?	15	39	15	6	9	244422420001331	1	1
N??CEAwm@qFw~?PmGv?	15	39	15	5	10	131113310002244	1	1
N??CEAwm@qFw~?Pm^_?	15	39	15	5	12	020002204441131	1	1
N??CEB_W`E^_NoFMBf?	15	36	15	7	13	444111443330022	1	1
N??CEB_W`E^_NoFMBm?	15	36	15	6	14	444111413330022	1	1
N??CEB_W`E^_NoFMB{?	15	36	15	6	16	344111443330020	1	1
N??CEB_W`E^_NoF[Rb?	15	36	15	7	15	144111413330022	1	1
N??CEB_W`E^_^_F[Bf?	15	36	15	7	12	444111433330022	1	1
N??CEB_WbcBmNo~?@n?	15	37	15	7	13	333111314440220	1	1
N??CEB_Wcw~_F[NoFw?	15	38	15	6	14	331111444122000	1	1
N??CEB_Wcw~_F[^_Fw?	15	38	15	6	13	444111433320200	1	1
N??CEB_Wcw~_FwFwFw?	15	38	15	6	12	441111333400222	1	1
N??CEB_Wcw~_FwNoFw?	15	38	15	5	12	441111333400222	1	1
N??CEB_Wcw~_Fw^_Fw?	15	38	15	5	14	444111133300200	1	1
N??CEB_WewRaFKNoCXo	15	36	15	6	14	443111333400024	1	1
N??CEB_WfwBm^_FwFw?	15	39	15	5	11	333111144420200	1	1
N??CEB_Wfw^_F[F[Fw?	15	39	15	7	10	333111444422000	1	1
N??CEB_Wfw^_F[FwFw?	15	39	15	6	10	444111333300222	1	1
N??CEB_[bc^_B]NoB{?	15	38	15	6	14	024411411330200	1	1
N??CEB_nDwBkNO^_GRo	15	38	15	5	13	441111333002201	1	1
N??CEB_vA{JoFgNoCJo	15	38	15	4	12	243111133000024	1	1
N??CEB_vEwJoFgNoCJo	15	38	15	4	12	443111133000024	1	1
N??CEB_{BcEW~?BNB{?	15	36	15	6	17	022411441133120	1	1
N??CEB_{Bc^_B]NoB{?	15	38	15	6	14	003311111444022	1	1
N??CEB_{Fw@}^_FwFw?	15	40	15	6	10	444111133302020	1	1
N??CEB_~?~No^_NoNo?	15	42	15	4	8	220000033141141	1	1
N??CEB_~FwB{^_No^_?	15	42	15	4	6	220000333114141	1	1
N??CEBoB~wFw^_^_No?	15	42	15	4	8	300022244311111	1	1
N??CEBoB~wFw^_^_^_?	15	42	15	4	10	000022244311111	1	1
N??CEBoB~w^_No^_^_?	15	42	15	4	8	220000331411411	1	1
N??CEBo[bcFwB]~?@n?	15	39	15	6	10	444422420003131	1	1
N??CEBor?^EY~?NoNo?	15	39	15	5	13	224444113300300	1	1
N??CEBoy?^Ay~?NoNo?	15	39	15	5	13	244441113322000	1	1
N??CEBo{?^noNo~?@}?	15	41	15	7	8	144422200013331	1	1
N??CEBo{?^noNo~?^_?	15	41	15	5	9	000022244431111	1	1
N??CEBo{@eEWB{rBNo?	15	37	15	7	15	003311114422012	1	1
N??CEBo{Bc^_B]No@n?	15	39	15	5	10	111133130002424	1	1
N??CEBo{Bc^_B]No^_?	15	39	15	4	11	000022244441311	1	1
N??CF?YFrsNO}?xG?lo	15	38	15	4	13	311442420300021	1	1
N??CF?ZFvH^_~?^_No?	15	42	15	4	8	000220243341111	1	1
N??CF?ZFvH^_~?^_^_?	15	42	15	4	7	000222443341111	1	1
N??CF@QFo}Tc^_~?No?	15	40	15	4	12	222000031441111	1	1
N??CF@QFo}Tc^_~?^_?	15	40	15	4	11	222000334441111	1	1
N??CF@QFtX^_~?^_No?	15	41	15	3	12	200000314411144	1	1
N??CF@QFtX^_~?^_^_?	15	41	15	3	11	000222443311111	1	1
N??CF@Q{BcBwjG~?@n?	15	37	15	5	16	444411433330002	1	1
N??CF@Q{DXTcBsFoNo?	15	37	15	6	16	111444221200330	1	1
N??CF@YU_}BwhK~?No?	15	39	15	5	13	202000034444311	1	1
N??CF@aFozJoV_~?SBo	15	39	15	5	13	313111442000024	1	1
N??CF@aFozNo^_~?No?	15	41	15	4	9	222000033441111	1	1
N??CF@aFozNo~?~?No?	15	41	15	4	9	222000033441111	1	1
N??CF@aFozRc~?~?No?	15	40	15	5	10	222000233444111	1	1
N??CF@aFozRc~?~?^_?	15	40	15	5	9	000222444333111	1	1
N??CF@aFoz^_~?~?No?	15	41	15	4	8	000222444331111	1	1
N??CF@aFoz^_~?~?^_?	15	41	15	4	6	000222444331111	1	1
N??CF@aFo}Rc^_~?No?	15	40	15	4	11	222000033444111	1	1
N??CF@aFo}RcfG~?KBo	15	39	15	5	12	133111144000024	1	1
N??CF@aFo}RcfG~?No?	15	39	15	5	13	022000033444411	1	1
N??CF@aFo}RcfG~?^_?	15	39	15	5	11	000222440331111	1	1
N??CF@aFo}Rc~?~?^_?	15	40	15	4	9	000222444331111	1	1
N??CF@aFsx^_~?^_No?	15	41	15	3	11	022000033441111	1	1
N??CF@aFsx^_~?^_^_?	15	41	15	3	10	000222444331111	1	1
N??CFAWDvObwXg~?No?	15	38	15	5	14	444111130232000	1	1
N??CFAWFRDbwXg^_^_?	15	38	15	6	14	111444123323000	1	1
N??CFAWFRDbwXg~?^_?	15	38	15	6	14	111444123323000	1	1
N??CFAWFUwZ_Xg^_CV_	15	38	15	5	14	413111300000224	1	1
N??CFAWFo}Ks^_~?No?	15	40	15	4	12	222000031441111	1	1
N??CFAWFo}Ks~?~?^_?	15	40	15	4	10	222000331441111	1	1
N??CFAWFrL^_^_^_No?	15	41	15	3	12	300000244114111	1	1
N??CFAWFrL^_^_^_^_?	15	41	15	3	12	200000311441441	1	1
N??CFAWFrL^_~?^_^_?	15	41	15	3	12	200000333441111	1	1
N??CFAWS_}BwXgjCNo?	15	36	15	5	18	222000031144111	1	1
N??CFAWS_}BwXgjC^_?	15	36	15	5	17	444111330222000	1	1
N??CFAWS_}KsjC^_^_?	15	37	15	4	18	214144133200300	1	1
N??CFAWx?ubwXg~?No?	15	38	15	5	14	444111130322000	1	1
N??CFAWx?yKTXg^_BIo	15	37	15	5	14	111331104040024	1	1
N??CFAWxBHBwEu^_BZ?	15	38	15	5	11	144224201001131	1	1
N??CFAWxBHBwEu^_No?	15	38	15	6	11	033113140440022	1	1
N??CFAWxBHBwEu^_^_?	15	38	15	6	12	333113140440022	1	1
N??CFAWxBHBwFo^_BZ?	15	37	15	5	14	411331304002224	1	1
N??CFAWxBLKsFo^_BJ_	15	38	15	6	14	011331104000224	1	1
N??CFAWxBLKsFo~?BJ_	15	38	15	6	14	311331104000224	1	1
N??CFA[f?yKV^_^_KV?	15	40	15	7	7	122444210001331	1	1
N??CFA[f?yKV^_^_No?	15	40	15	5	7	233000321112444	1	1
N??CFA[f?yKV^_^_^_?	15	40	15	5	9	022000234443111	1	1
N??CFA[f?yKV^_~?KV?	15	40	15	6	8	422444210001331	1	1
N??CFA[f?yKV^_~?^_?	15	40	15	4	9	033000321112444	1	1
N??CFA[f?yZ_Wm^_CV_	15	39	15	5	11	122444210000131	1	1
N??CFBOBw}Ds^_~?No?	15	40	15	5	10	222200033444111	1	1
N??CFBOFO^Z_v?^_CUo	15	38	15	5	14	413111330020024	1	1
N??CFBOFUwZ_Jg^_CV_	15	38	15	5	14	413111300000224	1	1
N??CFBOFo}Ds^_~?No?	15	40	15	4	11	222000033444111	1	1
N??CFBOFo}Ds^_~?^_?	15	40	15	4	11	220000333444111	1	1
N??CFBOFp\^_^_^_No?	15	41	15	3	10	300022244331111	1	1
N??CFBOFp\^_^_^_^_?	15	41	15	3	11	220000033441111	1	1
N??CFBOFp\^_~?^_^_?	15	41	15	3	9	220000333441111	1	1
N??CFBOK_}BwJgrCNo?	15	36	15	5	17	222000033144411	1	1
N??CFBOKbcBwJgrC@n?	15	35	15	6	18	302244244113300	1	1
N??CFBOKeW`mFoJgNo?	15	36	15	6	18	444411133302220	1	1
N??CFBOKeWbwJg^_^_?	15	37	15	4	16	114444222303300	1	1
N??CFBOQ_}BwJglC^_?	15	36	15	5	16	111444220133300	1	1
N??CFBOQ_}DslC^_^_?	15	37	15	4	17	111144422033000	1	1
N??CFBOQdguaFoJg^_?	15	36	15	5	16	002222444011331	1	1
N??CFBOW_ZraJgFoNo?	15	36	15	6	18	444111133320020	1	1
N??CFBOW_ZraJgFo^_?	15	36	15	6	17	111444222230330	1	1
N??CFBOW_^BiJg^_^_?	15	37	15	6	15	244411133022200	1	1
N??CFBOW_ybwJg~?No?	15	37	15	5	15	444111130322000	1	1
N??CFBOW_ybwJg~?^_?	15	37	15	5	14	111444220233000	1	1
N??CFBOW_}BwJgfCNo?	15	36	15	5	17	222000031344141	1	1
N??CFBOW_}BwJgfC^_?	15	36	15	5	16	111444220133300	1	1
N??CFBOW`\DsFoFS^_?	15	36	15	6	18	441111333422200	1	1
N??CFBOW`\DsFofC^_?	15	36	15	5	16	114144202133300	1	1
N??CFBOW`cBiJgrA@n?	15	34	15	6	20	222044211110330	1	1
N??CFBOW`cBiJgrA@{?	15	33	15	6	20	440422020443131	1	1
N??CFBOW`cBiJgrABw?	15	33	15	6	21	444222000041131	1	1
N??CFBOW`cBiJgrADs?	15	33	15	6	19	440422040443131	1	1
N??CFBOW`cBiJgrA^_?	15	34	15	5	20	111444222203300	1	1
N??CFBOWcwbiBwJgNo?	15	36	15	6	17	344111434322000	1	1
N??CFBOWcwbiFoJgNo?	15	36	15	6	16	344111434322200	1	1
N??CFBOWcwbiFoJg^_?	15	36	15	6	16	444111430322200	1	1
N??CFBOWcwbiJgJgNo?	15	36	15	6	15	211444121233000	1	1
N??CFBOWcwbiJg^_No?	15	37	15	5	14	344111430322000	1	1
N??CFBOWcwbiJg^_^_?	15	37	15	5	15	144111430322000	1	1
N??CFBOWcwbwJg^_^_?	15	37	15	4	17	144111130322000	1	1
N??CFBOWcwraFoJgNo?	15	36	15	5	16	211444111233000	1	1
N??CFBOWcwraFoJg^_?	15	36	15	5	16	002222444011331	1	1
N??CFBO[bcBwJg~?@n?	15	37	15	5	16	000033011114442	1	1
N??CFBOy?m`{Jg~?No?	15	38	15	6	14	444411133022200	1	1
N??CFBOy?mbwJg~?No?	15	38	15	5	14	444111130322000	1	1
N??CFBO{?}DsB{~?No?	15	39	15	6	11	333311144400022	1	1
N??CFBO{BcBwJg~?@n?	15	37	15	5	15	000033311112242	1	1
N??CFB_EfG~?]_Fw?mo	15	37	15	5	13	111442422020031	1	1
N??CFB_Fw~No^_~?No?	15	43	15	5	5	222000033441111	1	1
N??CFB_Fw~No~?~?^_?	15	43	15	5	4	222000333441111	1	1
N??CFB_S_Zta~?FwNo?	15	38	15	6	14	444111133320020	1	1
N??CFB_S`STatAFw^_?	15	35	15	5	18	000333111004424	1	1
N??CFB_S`STatA^_B{?	15	35	15	5	18	444111133000002	1	1
N??CFB_S`cTarAFw^_?	15	35	15	5	18	000333111004424	1	1
N??CFB_SdWnoFwFw^_?	15	39	15	6	11	444111133000220	1	1
N??CFB_SdWnoFw~?^_?	15	39	15	4	12	000222244111311	1	1
N??CFB_WcwnoFw^_Bm?	15	39	15	6	11	033111144402020	1	1
N??CFB_WcwnoFw~?Bm?	15	39	15	7	11	444111133300202	1	1
N??CFB_WcwnoFw~?^_?	15	39	15	4	10	000222444411311	1	1
N??CFB_Wcwno~?F[^_?	15	39	15	5	10	000222044431131	1	1
N??CFB_[_Zb{~?~?^_?	15	40	15	5	8	000222444433111	1	1
N??CFB_{Fw@}^_Fw^_?	15	41	15	6	7	000222244413131	1	1
N??CFBo[bcBw~?B]@n?	15	39	15	5	11	111133100002244	1	1
N??CFBo[bcBw~?B]No?	15	39	15	4	12	000022044441131	1	1
N??CFBo[bcBw~?B]^_?	15	39	15	4	12	000022044441131	1	1
N??CFBo{?}@}^_~?@}?	15	41	15	6	7	444422200011331	1	1
N??CFBo{?}@}^_~?No?	15	41	15	5	8	000022244433111	1	1
N??CFBo{?}@}^_~?^_?	15	41	15	5	8	000033311122444	1	1
N??CFBo{BcBw^_B]^_?	15	39	15	4	11	000022244441131	1	1
N??CFBo{BcBw~?B]^_?	15	39	15	4	11	000022244441131	1	1
N??E@_KBpdWK{KrQFo_	15	36	15	6	19	114422231132023	1	1
N??E@_KBpdWK~?{KXh?	15	36	15	6	18	114411234432002	1	1
N??E@_KBpdWK~?{K]E?	15	36	15	4	14	000033112211411	1	1
N??E@_KBpdWK~?~?]E?	15	36	15	6	14	111144223322002	1	1
N??E@_KBpdWK~?~?^_?	15	36	15	6	14	111144223322000	1	1
N??E@_Ki?]ESoWTC^_?	15	31	15	7	21	111144223032200	1	1
N??E@_Kw?FforO{GBq?	15	33	15	5	19	442222033041331	1	1
N??E@_NMeIforO~?^_?	15	39	15	5	13	002200434341411	1	1
N??E@_NMeIfo{GrO^_?	15	38	15	6	16	441111322232000	1	1
N??E@_NMeIfo{G~?^_?	15	39	15	6	13	220000344434111	1	1
N??E@_NMeIfo~?~?^_?	15	40	15	5	10	220000344434111	1	1
N??E@_NMeI}C~?~?^_?	15	40	15	5	11	002220433341111	1	1
N??E@_NMeI~_~?~?^_?	15	41	15	5	8	002220433341111	1	1
N??E@_NN`{]CrO~?^_?	15	40	15	5	12	220000344441111	1	1
N??E@_N{H{Xg~?~?^_?	15	41	15	4	10	000022443411111	1	1
N??E@_iBp{XgtG~?^_?	15	38	15	5	14	220000344441111	1	1
N??E@_iBu`wkN_~?^_?	15	38	15	6	14	114144223322000	1	1
N??E@_iBu`wkrON_^_?	15	37	15	7	16	114144243320030	1	1
N??E@_iBu`ycN_rO^_?	15	37	15	6	15	114144223322000	1	1
N??E@_iBuhWkN_{C^_?	15	37	15	6	17	114441233122300	1	1
N??E@_iBuhYcN_rO^_?	15	37	15	6	16	223000342411411	1	1
N??E@_iBv_forOtGYc?	15	36	15	6	18	003030132214411	1	1
N??E@_iBv_forOtG^_?	15	37	15	6	17	111144223320000	1	1
N??E@_isHs]?~?pY@y_	15	37	15	6	15	113331044042201	1	1
N??E@_iw?]bqpWtG^_?	15	36	15	6	16	111444241233000	1	1
N??E@_iw?]bqrOtG^_?	15	36	15	7	16	111444241233000	1	1
N??E@_iwEY]_tGFc@Yo	15	36	15	5	17	114424203200031	1	1
N??E@_i{EYYcrON_@y?	15	36	15	6	18	003320423414113	1	1
N??E@_i|FgXgtGN_@ZO	15	38	15	5	14	114424203000031	1	1
N??E@_qBp{XkrW~?Xk?	15	40	15	5	10	003300122141141	1	1
N??E@_qBp{Xk~?~?^_?	15	40	15	5	10	220022344313111	1	1
N??E@_qBp{]A~?rWXk?	15	39	15	7	13	113311044022200	1	1
N??E@_qBp{]A~?rW^_?	15	39	15	6	13	220022344311131	1	1
N??E@_qBsRM`N_rW^_?	15	37	15	7	15	113311044002202	1	1
N??E@_qBsRM`rW~?Xk?	15	38	15	5	12	224422100113131	1	1
N??E@_qBsRM`rW~?^_?	15	38	15	6	12	114411233220200	1	1
N??E@_qBuBXkNa~?Xk?	15	39	15	5	13	004422400141311	1	1
N??E@_qBuBXkNa~?^_?	15	39	15	7	13	441111322230200	1	1
N??E@_qBuB]ArWNaXk?	15	38	15	5	14	004422400344131	1	1
N??E@_qBuB]ArWNa^_?	15	38	15	7	16	441111322230020	1	1
N??E@_qBuZXk~?~?Xk?	15	41	15	5	7	003300122111441	1	1
N??E@_qBuZ^_~?~?^_?	15	41	15	5	7	002200433441111	1	1
N??E@_qi?]IaN_~?Xk?	15	35	15	6	17	114411233020002	1	1
N??E@_qi?]Ia~?rW^_?	15	36	15	6	14	114411233020020	1	1
N??E@_qmDo@w~?P]Xk?	15	37	15	7	14	113311044220230	1	1
N??E@_qw?{`y~?rW^_?	15	38	15	7	14	111444241233000	1	1
N??E@_qwF_BqBurW^_?	15	37	15	6	15	333111413440022	1	1
N??E@_q{F_@zrW~?^_?	15	39	15	5	12	000033111112444	1	1
N??E@_y{F_Wk~?Bu^_?	15	39	15	5	13	000022441441131	1	1
N??E@agTG]FOpPN_^_?	15	35	15	6	17	441111320022320	1	1
N??E@agTG]FOpP{A^_?	15	35	15	6	18	114441230023200	1	1
N??E@agTG]FOpP~?^_?	15	36	15	6	15	114441230023200	1	1
N??E@agTG]ForO~?^_?	15	37	15	5	16	002200431141411	1	1
N??E@agTG]]@N_rOFo?	15	35	15	6	19	330000214414141	1	1
N??E@agTG]]@N_rO^_?	15	36	15	5	17	111144220032000	1	1
N??E@agXAhRABorOFo?	15	32	15	6	23	220000341111414	1	1
N??E@bGBuY^?}?Lg?{o	15	37	15	5	15	114413030220044	1	1
N??E@bGKh{^?}?rS?{o	15	38	15	5	14	114413230330024	1	1
N??E@bGM?]EspS}??}G	15	35	15	5	18	441112020214301	1	1
N??E@bGM?]]@LgpS?}_	15	35	15	5	18	441112020210431	1	1
N??E@bGq?]Xg@{~?EU_	15	36	15	5	16	113313030020424	1	1
N??E@bGq?]Xg@{~?Eu?	15	36	15	6	14	441141313300202	1	1
N??E@bGqEY?}N_~?Eu?	15	37	15	6	13	441141313302002	1	1
N??E@bGqEY^?N_@|EV?	15	37	15	5	15	113313020002214	1	1
N??E@bGqEY^?N_Lk?}_	15	37	15	5	14	441141303300224	1	1
N??E@bGrVo^?N_Lg?|_	15	38	15	5	13	114442202000331	1	1
N??E@bGw?NbqLgrO^_?	15	36	15	6	16	113333020014422	1	1
N??E@bGwEY^?LgFc?}_	15	36	15	6	16	114444202200331	1	1
N??E@bG{EY^?BsLg?}_	15	37	15	5	16	114413032020434	1	1
N??E@b_qV_AuN_By^_?	15	37	15	6	16	000333111112424	1	1
N??E@b_qV_EqFgBy^_?	15	37	15	7	17	000333131410224	1	1
N??E@b_s?|BsJcrO@}?	15	36	15	5	16	444222020011131	1	1
N??E@b_s?|DqN_rO@}?	15	36	15	5	17	442222020011131	1	1
N??E@b_sEYBsJcB{@}?	15	37	15	4	14	441122020031111	1	1
N??E@b_sEYBsJc~?@}?	15	37	15	6	15	441111313302202	1	1
N??E@b_{EYBsN_B{@}?	15	38	15	5	14	113300020214411	1	1
N??E@b_{EYBsN_B{^_?	15	38	15	6	14	333311444420202	1	1
N??E@b_{EYXgFgN_@}?	15	37	15	7	15	002133131144222	1	1
N??E@b_}EY^?N_Fg?}_	15	38	15	5	13	114442202000331	1	1
N??E@boNfo^?rOBw?|_	15	39	15	5	14	444442220300311	1	1
N??E@bo{@{Xg~?B{@}?	15	40	15	6	10	111133000022244	1	1
N??E@bo{@{Xg~?B{^_?	15	40	15	4	10	000022444411131	1	1
N??E@cypX{Xg~?~?^_?	15	42	15	5	7	002220433431111	1	1
N??E@egTHsWhN_rO^_?	15	37	15	6	14	114441230032300	1	1
N??E@egTH{ForOrO^_?	15	38	15	5	15	220000341144111	1	1
N??E@egTH{ForO~?^_?	15	39	15	4	12	220000341144111	1	1
N??E@egTH{Xg~?~?^_?	15	40	15	4	12	002200431114111	1	1
N??E@eghAhJAN_rO^_?	15	35	15	5	19	114411230000020	1	1
N??E@egi?lieN_rO^_?	15	37	15	7	15	141414402233000	1	1
N??E@egi@{XgTK~?^_?	15	38	15	5	15	020202344411311	1	1
N??E@egiAhieN_rO^_?	15	37	15	7	15	141414002233000	1	1
N??E@f_N_|XgrO~?^_?	15	40	15	5	12	000222404331111	1	1
N??E@f_N_|Xg~?~?^_?	15	41	15	4	9	220000343441111	1	1
N??E@f_k?\bsRSrO^_?	15	37	15	7	16	111444212233000	1	1
N??E@f_k?\bsRS~?^_?	15	38	15	7	14	111144222233300	1	1
N??E@f_k?|BsRSRS^_?	15	37	15	7	17	414411431300220	1	1
N??E@f_k?|BsRSrO^_?	15	37	15	7	15	444111343022000	1	1
N??E@f_k?|FoRSrO^_?	15	37	15	6	17	111444212033000	1	1
N??E@f_k?|FoRS~?^_?	15	38	15	5	14	220000343144111	1	1
N??E@f_k?|Hi~?~?^_?	15	39	15	5	13	000022444433111	1	1
N??E@owM@{?}~?p[WN?	15	39	15	5	11	331113200001244	1	1
N??E@owM@{?}~?p[^_?	15	39	15	5	9	220002244413131	1	1
N??E@owp]J^?}?N_?{o	15	39	15	6	11	441112022330001	1	1
N??E@oww?NbqN_~?WKo	15	38	15	5	14	331111400210024	1	1
N??E@oww?NwkFcN_^_?	15	37	15	6	16	441113300344220	1	1
N??E@oww@sBq@{~?Wl?	15	37	15	6	15	114441233033102	1	1
N??E@oww@{^?FcpW?}_	15	37	15	6	14	441113300320244	1	1
N??E@r_pVo^?N_Fg?|_	15	38	15	5	12	114442202200331	1	1
N??ED?W@w}FoVOxG^A?	15	36	15	6	16	444111330422200	1	1
N??ED?W@xLJHFoxG^A?	15	35	15	6	19	111443023143320	1	1
N??ED?W@xLJHFoxG^_?	15	35	15	7	19	444111331222200	1	1
N??ED?W@xLJHN_xG^A?	15	35	15	6	19	141441123223020	1	1
N??ED?W@xLJHN_xG^_?	15	35	15	6	17	141441123223020	1	1
N??ED?W@xsVAxGVOGl_	15	35	15	6	19	424442000100331	1	1
N??ED?W@x{FoxGVO^A?	15	36	15	5	17	441113300422020	1	1
N??ED?W@}HFPxGVO^A?	15	35	15	6	17	114441203423200	1	1
N??ED?W@}HFPxGVO^_?	15	35	15	6	17	114441203223200	1	1
N??ED?W@~@FoVO~?Bx?	15	36	15	6	15	333111440040020	1	1
N??ED?W@~HFoVO}C^_?	15	37	15	4	17	411111330402200	1	1
N??ED?W@~H[cN_VO^A?	15	36	15	5	18	111443003422000	1	1
N??ED?WE`LBwP[xK^_?	15	35	15	5	18	111331004404002	1	1
N??ED?WE`LBwP[~?[E_	15	35	15	5	18	333111440010424	1	1
N??ED?WE`LGmVOxK^_?	15	35	15	6	17	111331014400202	1	1
N??ED?WE`LV?VOP\[e?	15	34	15	6	18	313001241124002	1	1
N??ED?WHguGkN_uC[d?	15	34	15	6	20	444224001010330	1	1
N??ED?WHguGkN_xI^_?	15	35	15	6	17	111331304040202	1	1
N??ED?WHguGk~?xI[d?	15	36	15	4	14	000330112121411	1	1
N??ED?WHguGk~?~?[d?	15	36	15	6	14	111441223232002	1	1
N??ED?WHiJBwFo~?[Co	15	36	15	6	17	222444110000031	1	1
N??ED?WHiJJIFoxG^_?	15	35	15	6	20	111441143223020	1	1
N??ED?WHiJJIMaxG^_?	15	35	15	6	19	414114432312030	1	1
N??ED?WHiJJIxGN_^_?	15	35	15	7	19	111441023223200	1	1
N??ED?WHiJZAxGFo^_?	15	35	15	7	19	111441223220230	1	1
N??ED?WHlo[cFoVOGl?	15	34	15	7	20	101330002121441	1	1
N??ED?Wu@sGlxGFoCu?	15	34	15	6	22	442112042023301	1	1
N??ED?ZDp{[cVOyC^_?	15	38	15	6	14	111444223330300	1	1
N??ED?ZFp{[cVO~?^_?	15	40	15	5	10	222000334441411	1	1
N??ED?ZN`{[cVO~?^_?	15	40	15	5	12	220000334441111	1	1
N??ED?ZxH{Jg~?~?^_?	15	41	15	4	10	222000334144111	1	1
N??ED?qEo}HkxCrG^_?	15	37	15	6	16	111333001442022	1	1
N??ED?qEo}HkxC~?^_?	15	38	15	6	14	444111332222000	1	1
N??ED?qEo}JgxCrG^_?	15	37	15	6	15	444111332222000	1	1
N??ED?qEo}WeRW~?^_?	15	38	15	7	15	111441223332000	1	1
N??ED?qEo}WeVOrG^_?	15	37	15	6	15	444111334220200	1	1
N??ED?qEp{[aVOrG^_?	15	37	15	6	17	111441223302000	1	1
N??ED?qEqZHkN_xC^_?	15	37	15	7	17	414411233222000	1	1
N??ED?qEqyHkxCN_^_?	15	37	15	6	18	311441243300200	1	1
N??ED?qFo}JgrGrG^_?	15	38	15	5	12	222000332444111	1	1
N??ED?qFo}JgrG~?^_?	15	39	15	5	11	222000332444111	1	1
N??ED?qFqZJgN_~?^_?	15	39	15	5	14	202000333444111	1	1
N??ED?qFqZJg~?~?^_?	15	40	15	5	11	202000333444111	1	1
N??ED?qFqZ^_~?~?^_?	15	41	15	5	9	202000333441111	1	1
N??ED?qFqyJgrG~?^_?	15	39	15	5	12	202000332444111	1	1
N??ED?qFuXJg~?~?^_?	15	40	15	5	11	000222443313111	1	1
N??ED?qN_}HkrGVO^_?	15	38	15	6	16	202000233144441	1	1
N??ED?qN_}HkrG~?^_?	15	39	15	6	15	202000333144111	1	1
N??ED?qN_}Hk~?~?^_?	15	40	15	5	12	220000334441111	1	1
N??ED?qN_}JgrG~?^_?	15	39	15	5	13	220000334441111	1	1
N??ED?qN`{HkVO~?^_?	15	39	15	5	13	220000324441111	1	1
N??ED?qN`{HkrGVO^_?	15	38	15	6	14	223000322441111	1	1
N??ED?qN`{JgVOrG^_?	15	38	15	5	13	223000324441111	1	1
N??ED?qN`{JgrG~?^_?	15	39	15	4	12	220000314441111	1	1
N??ED?qN`{XcrGVO^_?	15	38	15	5	14	203300332441141	1	1
N??ED?qNeXJgVO~?^_?	15	39	15	5	14	202000233144411	1	1
N??ED?qNeXJg~?~?^_?	15	40	15	4	12	002200413141111	1	1
N??ED?qQRoBwrGlCOf?	15	34	15	7	21	033333110022441	1	1
N??ED?qSO}FoRWjC^_?	15	36	15	6	18	441111332422200	1	1
N??ED?qSO}FobKrG^_?	15	36	15	7	17	114244221133000	1	1
N??ED?qSO}FojCbK^_?	15	36	15	5	17	141411423300220	1	1
N??ED?qSO}FojCrG^_?	15	36	15	6	17	441111332422000	1	1
N??ED?qSO}HkJcbK^_?	15	36	15	7	21	441311334420200	1	1
N??ED?qSO}HkJcrG^_?	15	36	15	6	19	414411433422020	1	1
N??ED?qSO}HkJc~?^_?	15	37	15	6	18	444111332222200	1	1
N??ED?qSO}HkjCjC^_?	15	36	15	6	18	121244222133000	1	1
N??ED?qSO}HkjC~?^_?	15	37	15	6	16	414111333222000	1	1
N??ED?qSP{FoVObK^_?	15	36	15	5	17	402022034411131	1	1
N??ED?qSP{XcVOjC^_?	15	36	15	6	18	144244221130300	1	1
N??ED?qSROQ`FobK^_?	15	33	15	7	22	111444221123300	1	1
N??ED?qVQyJgN_rG^_?	15	38	15	5	14	202000132444111	1	1
N??ED?qw@{JgRW~?By?	15	37	15	6	17	444111333300202	1	1
N??ED?qw@{JgrGFs^_?	15	37	15	6	15	333111443400202	1	1
N??ED?qwAZHkN_~?By?	15	37	15	7	17	414411433022000	1	1
N??ED?qwAZ^_~?FsBy?	15	39	15	7	12	333111440402200	1	1
N??ED?qwAZ^_~?Fs^_?	15	39	15	6	11	000222444431131	1	1
N??ED?qwAaFobI~?By?	15	35	15	7	18	444111334342002	1	1
N??ED?qwAaHkJa~?By?	15	35	15	7	20	441111314330202	1	1
N??ED?qwAaHkjA~?By?	15	35	15	6	19	444111332342002	1	1
N??ED?qwAaPdB[Fs^_?	15	35	15	6	17	333111441432002	1	1
N??ED?qwAaPdRW~?By?	15	35	15	6	19	444111331340202	1	1
N??ED?qwAaPd~?FsBy?	15	36	15	7	15	222444112123300	1	1
N??ED?qwAaXcBe~?By?	15	35	15	7	17	444111334310202	1	1
N??ED?qwAyJgRW~?By?	15	37	15	6	17	303000223211141	1	1
N??ED?qwAyJgrGFs^_?	15	37	15	6	15	000333110122424	1	1
N??ED?qwAyXc~?FsBy?	15	38	15	7	12	444111334320022	1	1
N??ED?qwAyXc~?Fs^_?	15	38	15	6	13	000222440431131	1	1
N??ED?qwEX@mVO~?By?	15	37	15	6	15	444111331302002	1	1
N??ED?qwEXHkN_~?By?	15	37	15	7	16	444111334300202	1	1
N??ED?qwEXHkVOFs^_?	15	37	15	6	16	000333110144224	1	1
N??ED?qwEXHk~?FsBy?	15	38	15	7	13	333111443422200	1	1
N??ED?qwEXHk~?Fs^_?	15	38	15	6	14	000222440411131	1	1
N??ED?qyFOBwRW~?Az?	15	37	15	6	16	000303130112442	1	1
N??ED?q{F_BwRWBu^_?	15	37	15	5	16	333311444440002	1	1
N??ED?yMdoBw~?P]^_?	15	39	15	5	12	220002344444131	1	1
N??ED@OAw^FoVOjG]a?	15	36	15	6	18	113303000114442	1	1
N??ED@OAwmDsiIVO]a?	15	35	15	7	19	141424220131430	1	1
N??ED@OAw}FoVOjG]a?	15	36	15	6	16	444111330422200	1	1
N??ED@OAx{FoVOjG]a?	15	36	15	5	16	441131300422220	1	1
N??ED@OAyyJgN_jG]a?	15	36	15	5	17	414131030422200	1	1
N??ED@OAyyTcN_|C^_?	15	37	15	4	17	441111333200200	1	1
N??ED@OB?FfoVOjG]A?	15	32	15	4	22	331111444230002	1	1
N??ED@OBw^FoVOjG^_?	15	37	15	6	15	222200333441111	1	1
N??ED@OBw}DsVOjG^_?	15	37	15	6	15	222000330444411	1	1
N??ED@OBw}FoVOjG^_?	15	37	15	6	15	222000330444411	1	1
N??ED@OBx{FoVOjG^_?	15	37	15	6	16	220000333444111	1	1
N??ED@OByyJgN_jG^_?	15	37	15	6	16	220200303411441	1	1
N??ED@OByyTcN_~?^_?	15	38	15	5	14	220000333411411	1	1
N??ED@OEo^DshKVO^_?	15	36	15	7	18	444111331222020	1	1
N??ED@OEo^FohKVO^_?	15	36	15	6	18	444111333220300	1	1
N??ED@OEpL@{hK~?JHO	15	36	15	7	18	131331204131024	1	1
N??ED@OK_^@mVOjG]@_	15	35	15	5	17	222244111100331	1	1
N??ED@OK_^@mVOjG^_?	15	35	15	7	17	444411333322000	1	1
N??ED@OK_^BwRSjG^_?	15	35	15	7	19	444111331422000	1	1
N??ED@OK_}@mVOjG^_?	15	35	15	7	19	414111331322200	1	1
N??ED@OK`{@mVOjG^_?	15	35	15	6	19	111144222203000	1	1
N??ED@OKaq@{B[hI^_?	15	34	15	7	20	111144222203300	1	1
N??ED@OKaq@{RShI^_?	15	34	15	7	20	414114032124230	1	1
N??ED@OKaqSdN_B[^_?	15	34	15	7	20	141441423032020	1	1
N??ED@OKf_FoVOjG@n?	15	34	15	6	19	000022444441113	1	1
N??ED@OKf_JgFojG@n?	15	34	15	6	19	020244241113300	1	1
N??ED@OKf_JgJgbK@|?	15	34	15	5	20	220244141213030	1	1
N??ED@OUO^@{hKN_^_?	15	36	15	7	18	444411333022000	1	1
N??ED@OUO^FoN_hK^_?	15	36	15	6	17	141441123320020	1	1
N??ED@OUO^JghKN_^_?	15	36	15	6	18	414111032222300	1	1
N??ED@OUOu@{JghM^_?	15	36	15	7	18	421031301442202	1	1
N??ED@OUOu@{N_~?Sf?	15	36	15	6	16	303003021111442	1	1
N??ED@OUO}@{hKJg^_?	15	36	15	7	18	444111331222020	1	1
N??ED@OUO}@{hKN_^_?	15	36	15	6	18	444111330222020	1	1
N??ED@OUTH`{N_~?^_?	15	37	15	6	16	141411323322000	1	1
N??ED@OUV_SeN_~?@|?	15	36	15	6	18	444411333030002	1	1
N??ED@O{AyBwN_jG@}?	15	36	15	6	17	022244441133300	1	1
N??ED@O{AyFoN_jG@}?	15	36	15	6	16	002244411133330	1	1
N??ED@O{AyJgN_jG@}?	15	36	15	6	17	020244141133300	1	1
N??ED@O{AyTcFoJg@}?	15	36	15	6	18	034311114420200	1	1
N??ED@O{AyTcN_B{^_?	15	37	15	5	15	333311444422202	1	1
N??ED@_MdoRC~?FwGj_	15	36	15	5	18	030003333111142	1	1
N??ED@_N`{FoVOfG^_?	15	37	15	4	13	440222044111331	1	1
N??ED@_N`{V_VOfGGJg	15	37	15	4	14	121444121000301	1	1
N??ED@_NayRcN_VOOFW	15	37	15	4	14	211444112003001	1	1
N??ED@_NayRcN_VO^_?	15	37	15	5	15	223000322411411	1	1
N??ED@_NayRcN_~?B{?	15	38	15	6	15	222000033144114	1	1
N??ED@_NayRcN_~?^_?	15	38	15	4	14	220000311411411	1	1
N??ED@_NayRcv?FWCPw	15	37	15	4	14	112444211300001	1	1
N??ED@_NayRc~?Fw^_?	15	39	15	6	12	222000333111141	1	1
N??ED@_NayRc~?~?^_?	15	39	15	3	12	222000333111111	1	1
N??ED@_Nfo^?VOfG?|_	15	37	15	4	15	111442222300331	1	1
N??ED@_{@{FoVOfG@}?	15	36	15	5	16	002244411133330	1	1
N??ED@_{@{JgfGB{B{?	15	37	15	4	15	333111444422200	1	1
N??ED@_{@{JgfGB{^_?	15	37	15	5	14	222000333311141	1	1
N??ED@o]@sJGBw~?Of_	15	36	15	5	18	300003221111342	1	1
N??EDBWUQyJgHkN_^_?	15	38	15	5	14	202000234444311	1	1
N??EDBWuAqBwHm~?Cv?	15	39	15	5	12	442442240003131	1	1
N??EDBWuAqBwHm~?^_?	15	39	15	5	13	003003121114244	1	1
N??EDB_N`{FoVO~?B{?	15	39	15	5	13	330000232111441	1	1
N??EDB_NayFoVO~?B{?	15	39	15	5	13	220000303414114	1	1
N??EDB_NayFo~?Fw^_?	15	40	15	5	11	220000333414141	1	1
N??EDB_Nay^_Fw~?^_?	15	41	15	5	8	222000333111411	1	1
N??EDBo{@{FoVOB{^_?	15	39	15	5	12	200033311144424	1	1
N??EDBo{@{JgFoB{^_?	15	39	15	6	13	000033111144224	1	1
N??EDBo{@{Jg~?B{@}?	15	40	15	6	10	111133000022244	1	1
N??EDBo{@{Jg~?B{^_?	15	40	15	4	10	000022444411131	1	1
N??ED`L{F_FoBu~?@z?	15	40	15	5	10	444422001003131	1	1
N??ED`L{F_FoBu~?^_?	15	40	15	4	10	000033112114244	1	1
N??EDaKIaYMCN_tCET?	15	34	15	6	20	110033012421421	1	1
N??EDaKIaYMCN_tCFo?	15	34	15	5	19	330000244144141	1	1
N??EDaKIaYMCN_tCYa?	15	34	15	5	19	003030144244411	1	1
N??EDaKIaYMCN_tC^_?	15	35	15	5	19	114141200300020	1	1
N??EDaKRR`FoN_~?^_?	15	38	15	4	14	220000311114411	1	1
N??EDaKRR`Fo~?~?^_?	15	39	15	3	13	000022143341111	1	1
N??EDaKRR`]?N_Br@x_	15	37	15	4	14	114422201100311	1	1
N??EDaKRR`]?N_Br^_?	15	37	15	5	15	333311140044202	1	1
N??EDaKRR`]?N_N_@x_	15	36	15	6	14	002244410011330	1	1
N??EDagBpsV?TG~?Gl_	15	36	15	6	18	414441033133002	1	1
N??EDagRQhFoN_~?^_?	15	38	15	4	14	220000311114411	1	1
N??EDagRQhFo~?~?^_?	15	39	15	3	13	020002144331111	1	1
N??EDaoBf_v_N_RWGMo	15	37	15	5	15	121144422020031	1	1
N??EDaoByZFoN_~?^_?	15	40	15	6	10	020022244331111	1	1
N??EDaoByZFo~?~?^_?	15	41	15	5	8	020022444331111	1	1
N??EDaoRYZFoN_~?^_?	15	40	15	6	10	020022044331111	1	1
N??EDaoRYZFo~?~?^_?	15	41	15	5	7	020022144331111	1	1
N??EDao{@{Hk~?B{^_?	15	40	15	5	10	000022444413131	1	1
N??EDawm@s@w~?P]^_?	15	39	15	5	13	020002144441131	1	1
N??EDbGIaYEstC~?^_?	15	37	15	5	15	002202414313111	1	1
N??EDbGIaYFoLgtC^_?	15	36	15	5	16	441111303202200	1	1
N??EDbGl?]EsLg~?HIo	15	38	15	6	14	331131424030021	1	1
N??EDb_RO^BsN_~?^_?	15	39	15	6	12	222000313144411	1	1
N??EDb_RO|BsN_~?^_?	15	39	15	5	10	222000313144411	1	1
N??EDb_RO|FoN_~?^_?	15	39	15	4	11	220000313144411	1	1
N??EDb_RO|Fo~?~?^_?	15	40	15	4	10	220000313144111	1	1
N??EDb_RV_FoFg~?@|?	15	38	15	6	14	444411333030202	1	1
N??EE?oBE@`{BwKs^_?	15	33	15	5	19	111144222013310	1	1
N??EE?oBE@`{Ks~?Fx?	15	35	15	4	16	113333004404424	1	1
N??EE?oBE@`{Ks~?]A_	15	34	15	5	18	111133000404020	1	1
N??EE?oBE@`{Ks~?^_?	15	34	15	6	16	114444223323300	1	1
N??EE?oBMX]AKu~?@{_	15	37	15	6	16	113311004302421	1	1
N??EE?oIE@`{Ds~?Fx?	15	35	15	4	16	113333004404424	1	1
N??EE?oIEH`{DsNo^_?	15	35	15	5	17	224444114430003	1	1
N??EE?oIEXYa}?No?}O	15	35	15	5	18	441111330000024	1	1
N??EE?oK?W]@?}NoXe?	15	32	15	5	20	114411113310202	1	1
N??EE?oKF_EW~?rL@~?	15	36	15	6	14	442211331131302	1	1
N??EE?oKF_FWpL~?@~?	15	36	15	6	16	003330112242140	1	1
N??EE?oKF_FwrKB}@~?	15	38	15	4	13	002244441113000	1	1
N??EE?oKF_FwrKNo@~?	15	37	15	6	13	003311114442020	1	1
N??EE?oKF_^_NorK@~?	15	37	15	6	15	331111441142020	1	1
N??EE?oKFoFwrKB{?~?	15	37	15	5	16	441113330002444	1	1
N??EE?oKFoFwrKNo?~?	15	37	15	7	14	441113330002024	1	1
N??EE?oKFo^?NorK?~_	15	37	15	5	14	002224441111310	1	1
N??EE?oKFw@}NorK^_?	15	38	15	6	14	114411113302020	1	1
N??EE?oMEH_}rG~?Fw?	15	36	15	6	17	331113330044422	1	1
N??EE?oMEXFW@{~?We_	15	36	15	6	15	331113440020424	1	1
N??EE?oMEX^?pKNo?}_	15	36	15	6	17	441142002230301	1	1
N??EE?okEXHeNo~?@}?	15	37	15	7	16	414411113322002	1	1
N??EE?okEXHe~?B{EX_	15	37	15	5	16	440011331100024	1	1
N??EE?okEX^?RKNo?}_	15	36	15	6	17	441142002230301	1	1
N??EE?oqGNCyNo~?Z@_	15	37	15	6	15	003331112100244	1	1
N??EE?oqGNEy}A~?Fw?	15	38	15	7	12	331111440430220	1	1
N??EE?oqGNXc}ALsFw?	15	37	15	5	15	441111330340022	1	1
N??EE?oqG^@{Ls~?Ey?	15	38	15	5	14	112230003244121	1	1
N??EE?oqG^@{Ls~?]@_	15	38	15	6	15	003311114100244	1	1
N??EE?oqG^@{Ls~?^_?	15	38	15	7	14	331111441200022	1	1
N??EE?oqG^^_NoLsEy?	15	39	15	4	12	113313004012444	1	1
N??EE?oqG^^_~?NoEy?	15	39	15	6	11	331111440402200	1	1
N??EE?oqMX@{~?LsFw?	15	38	15	6	14	441111331002022	1	1
N??EE?oqMX@{~?Ls^_?	15	38	15	7	13	002202443413131	1	1
N??EE?oqNGBXBw~?Ey?	15	36	15	6	16	003303112140242	1	1
N??EE?oqNO@{~?NoAz?	15	37	15	6	15	003333112142420	1	1
N??EE?oqN_@|~?NoEy?	15	38	15	6	14	224411113132300	1	1
N??EE?orG^Xc~?NoEY_	15	39	15	6	13	441111331020024	1	1
N??EE?orG^Xc~?No^_?	15	39	15	6	11	002222442131131	1	1
N??EE?orG^^_No~?^_?	15	40	15	5	10	220000330141411	1	1
N??EE?orNo^?BwNo?|_	15	38	15	6	13	441113330000224	1	1
N??EE?orNo^?NoNo?|_	15	39	15	6	10	331114442222003	1	1
N??EE?oy?mxcBw~?Fw?	15	37	15	7	15	441111330020202	1	1
N??EE?oyEX^?DsNo?}_	15	37	15	6	14	441113330000224	1	1
N??EE?o{@e@}rI~?Fw?	15	38	15	7	15	331111441430220	1	1
N??EE?o{@e@}rI~?Xd?	15	38	15	6	14	003300112420141	1	1
N??EE?o{@uFW~?B{Wd_	15	38	15	6	12	331113440200234	1	1
N??EE?o{EX@}~?NoFw?	15	39	15	7	13	331111440220200	1	1
N??EE?o{EX@}~?No^_?	15	39	15	5	12	003333113142424	1	1
N??EE?o{EXXcNoB{@}?	15	38	15	6	12	331100220244111	1	1
N??EE?o{EXXcNoB{^_?	15	38	15	6	13	331111441422002	1	1
N??EE?o{EXXcNoNo@}?	15	38	15	7	14	221144114133000	1	1
N??EE?o{EX^?B{No?}_	15	38	15	5	14	003331114414020	1	1
N??EE?wM@o^?pMNo?~_	15	37	15	5	13	220003331111042	1	1
N??EE?wM@o^_@}NoWf?	15	37	15	6	12	330003331114242	1	1
N??EE?wMEH_}MqNo^?_	15	38	15	5	12	220003331102441	1	1
N??EE?wMEH_}~?NoFX?	15	38	15	5	13	113331004401244	1	1
N??EE?wMEH_}~?No^_?	15	38	15	5	13	441114332233020	1	1
N??EE?wMEH_}~?~?FX?	15	38	15	6	11	114441223322003	1	1
N??EE?wMEH~?}?No?}o	15	38	15	5	11	002224441141130	1	1
N??EE?wpNo^?MsNo?|_	15	39	15	7	9	441113330300224	1	1
N??EE?wpNo^?NoNo?|_	15	39	15	6	9	331114442422003	1	1
N??EEBoB~wFw~?No^_?	15	43	15	5	5	220000331414141	1	1
N??EEBo{Fw@}NoNo^_?	15	42	15	6	8	002222441110331	1	1
N??EFBOFo^Ds~?~?^_?	15	41	15	6	8	220000333444111	1	1
N??EFBOFo}Ds~?~?^_?	15	41	15	5	8	220000333444111	1	1
N??EFBOFp\Fo~?~?^_?	15	41	15	4	8	220000333444111	1	1
N??EFBOK_ZbwJgrC^_?	15	37	15	7	17	111144222433300	1	1
N??EFBOK_ZbwJg~?^_?	15	38	15	6	14	111144222233300	1	1
N??EFBOK_}DsrC~?^_?	15	38	15	5	13	220000333444111	1	1
N??EFB_K`{Xa~?Fw^_?	15	39	15	5	12	000222444031131	1	1
N??EFB_KeW`mN_~?B{?	15	38	15	7	14	444111333102002	1	1
N??EFB_KeW`m~?Fw^_?	15	39	15	7	11	000222444213131	1	1
N??EFB_KeW~_FwFw^_?	15	40	15	7	9	000222444011331	1	1
N??EFB_N`{^_~?FwB{?	15	42	15	6	7	333000222114411	1	1
N??EFB_Nfw^_FwFw^_?	15	43	15	6	4	222000333111441	1	1
N??EFBo{@{Bw~?B{^_?	15	41	15	5	9	000022444413131	1	1
N??FEaKFb`Dg~?~?^_?	15	39	15	3	12	000022443343111	1	1
N??FEaK[N_BoJO~?@z?	15	37	15	5	15	444411330330002	1	1
N??FEagF`YIc~?~?^_?	15	39	15	3	13	000022441331111	1	1
N??FEbo{?{Dg~?B{^_?	15	40	15	4	10	000022444411131	1	1
N??FFAWXG}Bw~?~?^_?	15	41	15	5	7	000222441133111	1	1
N??FFAWfBHBwFo~?KEo	15	39	15	5	12	333111440020024	1	1
N??FFB_F?w[B?}Fx^_O	15	39	15	5	9	000333111221024	1	1
N??FFB_~Fw^_FwFwB{?	15	45	15	9	0	000222444111333	1	1
N?AA@?O{?}DsRWaw@}?	15	34	15	4	16	333311111400000	1	1
N?AA@?O{@kJgZGaw@N?	15	32	15	6	20	114431133002224	1	1
N?AA@?O{@kJgigB{XL?	15	34	15	6	21	313414111430202	1	1
N?AA@?O{@{JgZGaw@}?	15	34	15	5	19	111144444200033	1	1
N?AA@?O{@{JgeoyG@}?	15	34	15	5	19	222200003311134	1	1
N?AA@?O{@{XKVOig@}?	15	34	15	5	20	333311111422220	1	1
N?AA@?O{BwRWigRW@}?	15	34	15	5	19	000033333144422	1	1
N?AA@?O{BwVOuOyG@}?	15	34	15	5	18	000003333111112	1	1
N?AA@?WeF@Cueo^?Gm?	15	32	15	5	19	422442220011331	1	1
N?AA@?WwGNM_N_uOPW_	15	32	15	6	23	311131331020224	1	1
N?AA@?WwGNN_m_uOBy?	15	34	15	6	19	333111110402220	1	1
N?AA@?WwGNN_m_uON_?	15	33	15	5	20	000003333131111	1	1
N?AA@?WwGNN_m_uO^@?	15	34	15	4	18	111113333040000	1	1
N?AA@AOQ@{ZG@{ZGUQ?	15	32	15	7	22	141141311300202	1	1
N?AA@AOUDCzGZGN_?}?	15	32	15	6	20	413113313040224	1	1
N?AA@AOw@LVORWuQBy?	15	34	15	7	19	414113113340202	1	1
N?AA@AOw@\Hk^?eoBy?	15	34	15	6	19	033111441422200	1	1
N?AA@AOwCUM`JgRWBy?	15	33	15	5	20	233141441432000	1	1
N?AA@AOwDsZGJgRWBy?	15	34	15	6	20	000022224411333	1	1
N?AA@AOwDsZGZGFs@}?	15	35	15	7	19	333111111422200	1	1
N?AA@AOwFoRWJgRWBy?	15	34	15	6	20	000022224411333	1	1
N?AA@AOy@LAym_RWZH?	15	34	15	6	21	144142242011030	1	1
N?AA@AOyDcAyuOJgHl?	15	34	15	7	20	244241141312300	1	1
N?AA@AO{@kRWRWJg@N?	15	33	15	6	21	101133130002424	1	1
N?AA@AO{BHFoVOB{RX?	15	35	15	7	20	333311114432202	1	1
N?AA@AO{BHVOVOeq@}?	15	35	15	7	19	424413113340202	1	1
N?AA@AO{BXRWN_RW@}?	15	35	15	6	18	313311114402200	1	1
N?AA@AO{BgDsRWeo@^?	15	34	15	5	19	222244441110030	1	1
N?AA@AO{BwRWJgRW@}?	15	35	15	6	17	333311114422000	1	1
N?AA@AO{CuDsRWFo@}?	15	35	15	5	17	333311114420000	1	1
N?AA@AO{CuFoRWJg@}?	15	35	15	6	17	202244441133000	1	1
N?AA@AO{CuFoVOZG@}?	15	35	15	6	19	222244441133300	1	1
N?AA@AO{DsRWVOZG@}?	15	35	15	6	18	022024224411133	1	1
N?AA@AO{DsZGFoZG@}?	15	35	15	6	18	022024224411133	1	1
N?AA@AO{DsZGN_ZG@}?	15	35	15	6	18	244241441133300	1	1
N?AA@AO{DsZG^?ZG@}?	15	35	15	6	18	022244114111330	1	1
N?AA@AWw?scseo^?Gl?	15	32	15	5	20	133113130404224	1	1
N?AA@AWwBHVOuO@{By?	15	34	15	6	19	244220003003341	1	1
N?AA@BOHn_Jgm_uS@|?	15	36	15	6	17	442422220103301	1	1
N?AA@BOHn_N_m_uS@|?	15	36	15	5	17	442422220103301	1	1
N?AA@BOJN_QYm_VO@|?	15	35	15	7	18	224244441011330	1	1
N?AA@BOX?ZDsVOkaRY?	15	34	15	7	20	442411413122030	1	1
N?AA@BOX@L@]m_VORJ?	15	34	15	6	20	422442240110330	1	1
N?AA@BOX@\@]VOm_RY?	15	35	15	7	19	433113113420200	1	1
N?AA@BOX@\@]VO}?RY?	15	35	15	7	20	222242441100330	1	1
N?AA@BOX@\@{VOm_RY?	15	35	15	6	19	441413113422000	1	1
N?AA@BOX@\@{VO}?RY?	15	35	15	6	19	220200303144111	1	1
N?AA@BOi@T?}eo^?Ij?	15	34	15	7	20	242424240110330	1	1
N?AA@BOiFoRWJgTS?~?	15	35	15	6	19	141442220203131	1	1
N?AA@BOkBgDsRSeo@^?	15	34	15	5	19	222244441110030	1	1
N?AA@BOkBwRWJgRS@}?	15	35	15	6	17	222244441133000	1	1
N?AA@BO{@\DsVOeo@}?	15	36	15	6	15	442422220011331	1	1
N?AA@BO{@{JgeoJg@}?	15	36	15	6	16	222244441133300	1	1
N?AA@BO{AyJgeoJg@}?	15	36	15	6	15	020244141133300	1	1
N?AA@BO{AyRWFoJg@}?	15	36	15	5	15	220244441133300	1	1
N?AA@BO{AyRWJgB{@}?	15	37	15	5	13	331300002244111	1	1
N?AA@BO{BwJgeoJg@}?	15	36	15	6	16	222244441133300	1	1
N?AA@BO{EqJgeoJg@}?	15	36	15	6	15	002031131144422	1	1
N?AA@BO{FoJgeoJg@}?	15	36	15	6	16	000022224411133	1	1
N?AA@BO}FoJgeoJg?~?	15	37	15	6	15	441442220003311	1	1
N?AA@B_@zwVOuOFw^A?	15	37	15	5	15	333114444322202	1	1
N?AA@B_FiyFoN_eoWIo	15	37	15	5	13	334111134020024	1	1
N?AA@B_H_rjgeo^?B{?	15	35	15	6	18	033111444202020	1	1
N?AA@B_H_rjgeo^?Jg?	15	34	15	5	16	400220424431311	1	1
N?AA@B_H_rjgeo^?N_?	15	34	15	5	16	400220424431311	1	1
N?AA@B_H_rjgeo}?B{?	15	35	15	6	18	333114414300020	1	1
N?AA@B_H_rjgeo}?ZI?	15	35	15	5	19	113113313400000	1	1
N?AA@B_H_rjgeo}?^??	15	34	15	5	18	020224044433111	1	1
N?AA@B_H_rjgm_FwZI?	15	36	15	6	18	333114114300202	1	1
N?AA@B_HaIB{uSmaB{?	15	36	15	7	16	222441441220330	1	1
N?AA@B_HaIN_EMeoB{?	15	33	15	6	21	222442441113030	1	1
N?AA@B_HaIN_EMeoN_?	15	32	15	5	18	400220444441331	1	1
N?AA@B_HaIN_EMeoRW?	15	32	15	5	21	424114143330200	1	1
N?AA@B_HaIN_E[eoVP?	15	33	15	6	21	411441422210330	1	1
N?AA@B_HaIN_FwuSVP?	15	35	15	6	21	143111344432002	1	1
N?AA@B_HaIOW}?FwBF_	15	32	15	6	22	222442221111330	1	1
N?AA@B_HaIRWFwuSVP?	15	35	15	6	19	143114144432002	1	1
N?AA@B_HaI^?eEeoB{?	15	33	15	6	19	222441111223300	1	1
N?AA@B_HaI^?uSmaB{?	15	35	15	6	19	143114144432020	1	1
N?AA@B_HaiN_E[eoTP?	15	33	15	6	20	030333031124241	1	1
N?AA@B_HaiTP^?FwZI?	15	35	15	6	21	333111414304202	1	1
N?AA@B_HaiTPm_FwZI?	15	35	15	6	19	143114144432200	1	1
N?AA@B_HaiTP}?uSB{?	15	35	15	6	19	444113313423002	1	1
N?AA@B_HayJgm_FwZI?	15	36	15	5	17	134111414322002	1	1
N?AA@B_HayRW^?FwZI?	15	36	15	5	18	413113113420220	1	1
N?AA@B_HayRW}?FwZI?	15	36	15	5	16	333114414300202	1	1
N?AA@B_HayVOFwFwZI?	15	37	15	6	15	333114114302002	1	1
N?AA@B_HbwN_eoFwZI?	15	36	15	5	18	413111444422000	1	1
N?AA@B_HbwVOE[FwZI?	15	36	15	7	19	222442241133000	1	1
N?AA@B_HbwVOFwFwZI?	15	37	15	6	16	333114414322002	1	1
N?AA@B_HbwVOVOFwZI?	15	36	15	5	19	333114414322002	1	1
N?AA@B_HfoN_eouSB{?	15	36	15	5	17	444113313400202	1	1
N?AA@B_L`kN_eoFwXJ?	15	36	15	6	16	312030033111442	1	1
N?AA@B_N`{FoVOeoB{?	15	37	15	4	14	113000022444111	1	1
N?AA@B_N`{JgVOeoB{?	15	37	15	4	16	323000022441141	1	1
N?AA@B_NayRWFwFwB{?	15	39	15	3	12	333000002111111	1	1
N?AA@B_NayRWN_FwB{?	15	38	15	4	14	113000022411411	1	1
N?AA@B_NayRWN_uOB{?	15	37	15	4	15	332002202144141	1	1
N?AA@B_XCEBFN_VORY?	15	33	15	6	19	122442441100330	1	1
N?AA@B_XCEBFm_VOB{?	15	33	15	6	20	222444441110330	1	1
N?AA@B_XCEVOuOEMB{?	15	33	15	5	19	222441441113300	1	1
N?AA@B_XDsFouOE{B{?	15	36	15	6	16	202441411133300	1	1
N?AA@B_XDsFouOVOB]?	15	35	15	5	17	222002003311114	1	1
N?AA@B_XDsFouOesB{?	15	36	15	5	17	022000033311144	1	1
N?AA@B_XDsJgE{FwRY?	15	37	15	5	15	333113114422000	1	1
N?AA@B_XDsJgFwFwRY?	15	37	15	5	15	303114114320002	1	1
N?AA@B_XDsN_VOFwRY?	15	36	15	5	16	422444111133300	1	1
N?AA@B_XDsN_uOE{B{?	15	36	15	6	16	022000333311144	1	1
N?AA@B_XDsN_uOesB{?	15	36	15	5	16	022000333311144	1	1
N?AA@B_XDsVOVOesB{?	15	36	15	5	16	202441411133000	1	1
N?AA@B_XDsVOuOFwB]?	15	36	15	5	14	202441411133300	1	1
N?AA@B_XDsVOuOFwRY?	15	36	15	5	16	020331311144424	1	1
N?AA@B_XDsZGFwFwRY?	15	37	15	5	15	222441441133000	1	1
N?AA@B_XDsZGFwesB]?	15	37	15	4	15	222441441133000	1	1
N?AA@B_\?VfoVOeoB{?	15	36	15	5	17	022414111320000	1	1
N?AA@B_\?VvON_uOB{?	15	36	15	6	18	444220220013131	1	1
N?AA@B_\?VvOVOeoB{?	15	36	15	6	17	422414113320000	1	1
N?AA@B_\?VvOuOeoB{?	15	36	15	5	16	222441441103330	1	1
N?AA@B_\@[YHasVOB{?	15	35	15	6	22	224444141301230	1	1
N?AA@B_\@[YH}?asB{?	15	35	15	6	21	222444111301320	1	1
N?AA@B_\BwVOasVOB{?	15	36	15	5	18	320000333114214	1	1
N?AA@B_\BwVOasuOB{?	15	36	15	5	18	133111444222020	1	1
N?AA@B_\BwVOuOA{B{?	15	36	15	6	17	222444111333300	1	1
N?AA@B_\CUfoN_uOB{?	15	36	15	5	18	102442411103300	1	1
N?AA@B_\CUfoVOeoB{?	15	36	15	5	18	433111444232200	1	1
N?AA@B_\CUvON_VOB{?	15	36	15	5	19	222444411303300	1	1
N?AA@B_\CUvOVOFwB{?	15	37	15	6	17	303114114322000	1	1
N?AA@B_\CUvOeoVOB{?	15	36	15	5	18	231003003211144	1	1
N?AA@B_\CUvOm_VOB{?	15	36	15	5	18	212441411233300	1	1
N?AA@B_\CUvOuOFwB{?	15	37	15	6	17	222441441233300	1	1
N?AA@B_\CUvOuON_B{?	15	36	15	5	19	133111144402220	1	1
N?AA@B_\CU~?N_VOB{?	15	36	15	5	18	022000333141114	1	1
N?AA@B_\CU~?m_VOB{?	15	36	15	5	18	202003033111144	1	1
N?AA@B_\DS@]TQuOB{?	15	35	15	7	20	323414141320330	1	1
N?AA@B_\DSPYTQuOB{?	15	35	15	6	20	142414111322300	1	1
N?AA@B_\DSPY}?TQB{?	15	35	15	6	21	020204341344130	1	1
N?AA@B_\DsVOuOA{B{?	15	36	15	6	16	202441411133300	1	1
N?AA@B_\FoVOuOA{B{?	15	36	15	6	16	222441111333300	1	1
N?AA@B_^@{FoVOeoB{?	15	37	15	4	15	133000022444111	1	1
N?AA@B_^@{FouOeoB{?	15	37	15	4	16	203000022444111	1	1
N?AA@B_^@{JgeoFwB{?	15	38	15	5	13	133000222444111	1	1
N?AA@B_^BwFoVOeoB{?	15	37	15	4	13	133000222444411	1	1
N?AA@B_^BwVOVOeoB{?	15	37	15	4	15	033000222444411	1	1
N?AA@B_^BwVOuOeoB{?	15	37	15	4	15	033000222444411	1	1
N?AA@B_^DsFoVOeoB{?	15	37	15	4	16	333000022444111	1	1
N?AA@B_^DsFouOVOB{?	15	37	15	4	17	333000202441441	1	1
N?AA@B_{@{JgeoB{B{?	15	37	15	4	15	333111114422200	1	1
N?AA@B_{BwVOuOFw@}?	15	37	15	6	15	222244441133300	1	1
N?AA@B_}@{FoVOeoB{?	15	37	15	4	16	333000022444111	1	1
N?AA@B_}@{JgeoFwB{?	15	38	15	5	14	333000022441111	1	1
N?AA@B_}BwFoVOeoB{?	15	37	15	4	15	133000222444411	1	1
N?AA@B_}BwVOVOeoB{?	15	37	15	4	15	303002022444141	1	1
N?AA@BoJ_^YI^?eoN_?	15	36	15	5	18	300022204334111	1	1
N?AA@BoJ_^YI^?eoVO?	15	36	15	5	18	030022204334111	1	1
N?AA@BoJ_^YI^?eo^??	15	36	15	5	18	002024431334111	1	1
N?AA@BoZ?^QYm_VOFo?	15	36	15	5	21	230000224413141	1	1
N?AA@BoZ?^QYm_VOVO?	15	36	15	5	20	022024031304131	1	1
N?AA@BoZ?^QYm_VO^??	15	36	15	5	20	200003131423141	1	1
N?AA@Boy?^FoVOeoAy?	15	36	15	5	18	333000002214441	1	1
N?AA@Bo{@{JgeoB{@}?	15	38	15	5	12	333300002244411	1	1
N?AA@_goW]As^?m_Fq?	15	34	15	4	20	331111100400220	1	1
N?AA@_goW]As^?m_N_?	15	33	15	5	20	220002244333111	1	1
N?AA@_goW]As^?m_YD?	15	33	15	5	21	003033312121441	1	1
N?AA@_goW]As^?m_[@_	15	33	15	5	21	000333311022441	1	1
N?AA@_goW]As^?m_]@?	15	33	15	6	21	220033314324441	1	1
N?AA@_goW]As}?^?VO?	15	33	15	6	20	220003344344111	1	1
N?AA@_goYYAs\?m_PWO	15	32	15	7	23	341134302133024	1	1
N?AA@_gqO]Iccg}?Eq?	15	32	15	7	23	330030013214441	1	1
N?AA@_omFoFoP[aw?~?	15	36	15	5	17	441142422000131	1	1
N?AA@_oq@khkaw}??}G	15	35	15	6	17	441142222013301	1	1
N?AA@_ow?kn_m_B{XL?	15	35	15	6	18	330214411431102	1	1
N?AA@_owAJP[Fc^?VP?	15	34	15	6	20	411144422213300	1	1
N?AA@_owBwVOFcqW@}?	15	35	15	6	18	220022244411133	1	1
N?AA@_owEBN_m_Fe@}?	15	35	15	5	18	223311144132220	1	1
N?AA@_o{@kGkB{qYVO_	15	36	15	5	18	310031311110224	1	1
N?AA@_o{@{FoRWaw@}?	15	36	15	6	14	002244411133000	1	1
N?AA@_o{AJFoqWma@}?	15	36	15	6	16	134411133340202	1	1
N?AA@_o{AJN_qWB{VP?	15	36	15	6	17	113311144432002	1	1
N?AA@_o{AZHkawN_@}?	15	36	15	5	16	424422200011131	1	1
N?AA@_o{AZP[N_B{@}?	15	37	15	4	14	114422200011311	1	1
N?AA@_o{BwFoawRW@}?	15	36	15	6	15	022244411133000	1	1
N?AA@_o{BwFoqWaw@}?	15	36	15	6	16	142244411133000	1	1
N?AA@_o{BwVORWaw@}?	15	36	15	6	16	222244411133000	1	1
N?AA@_o{BwVOqWRW@}?	15	36	15	6	16	113311144422000	1	1
N?AA@_o{BwVOqWqW@}?	15	36	15	7	16	002201133111442	1	1
N?AA@_o{EBN_awB{Fp?	15	36	15	6	16	033311144432002	1	1
N?AA@_o{ERHkawN_@}?	15	36	15	6	16	224422200311131	1	1
N?AA@_o{FoFoRWaw@}?	15	36	15	5	16	222244411133000	1	1
N?AA@_o}@{^?RWaw?}_	15	37	15	6	15	441142222000331	1	1
N?AA@aHwAY@y\Gm_AV?	15	34	15	7	22	224100301314002	1	1
N?AA@aHwAYAu\Gm_@y?	15	34	15	7	21	411320023014231	1	1
N?AA@agYAhXGccN_?}?	15	32	15	6	22	441313320040424	1	1
N?AA@agqO]Icm_^?Au?	15	34	15	7	20	222020043314114	1	1
N?AA@ao[EQHkasN_?v?	15	34	15	6	20	331104402241103	1	1
N?AA@ao[EQHkasN_@}?	15	35	15	6	18	224422200011131	1	1
N?AA@ao[FoFoRWas?~?	15	36	15	5	17	441144422200331	1	1
N?AA@ao[FoFoRWas@}?	15	36	15	5	16	222244411133000	1	1
N?AA@aoqTc@{Bw^?Hl?	15	36	15	5	16	424422200101131	1	1
N?AA@aoqTc@{^?RYHl?	15	37	15	4	14	124422100101311	1	1
N?AA@aoqTcFo^?BwHl?	15	36	15	6	15	320022044341133	1	1
N?AA@aoqTcN_^?BwHl?	15	36	15	6	14	013311044042200	1	1
N?AA@aoqTsVO^?BwGl_	15	37	15	6	16	141142422300031	1	1
N?AA@ao{@kGkqQB{VO_	15	36	15	5	18	303311144423102	1	1
N?AA@b@Bo\N_^?m_]B?	15	36	15	6	15	411133000442220	1	1
N?AA@b@Bo\N_m_{EFs?	15	37	15	5	15	441133303442202	1	1
N?AA@b@Bo\N_m_{E]B?	15	37	15	5	13	000033311224411	1	1
N?AA@b@Bo\N_m_}?]B?	15	36	15	5	15	111133300442220	1	1
N?AA@b@BpLZ@^?m_Fs?	15	36	15	5	17	331114404002220	1	1
N?AA@b@BpxN_^?m_OXo	15	37	15	5	15	214441201300031	1	1
N?AA@b@BrwN_m_NgFs?	15	38	15	4	14	130000212144111	1	1
N?AA@b@BrwN_m_m_Fs?	15	37	15	5	16	320002312411441	1	1
N?AA@b@BrwVONgNgFs?	15	39	15	3	13	330000012144111	1	1
N?AA@b@Bv_n_m_NgFs?	15	38	15	5	14	330022242341111	1	1
N?AA@b@BvoN_m_NgFs?	15	38	15	5	13	330002212144411	1	1
N?AA@b@LG]M_}?atFs?	15	36	15	6	17	133313143404202	1	1
N?AA@b@LIYM_m_atFs?	15	36	15	6	18	103313143404202	1	1
N?AA@b@X?]N_Ekm_Fs?	15	35	15	5	19	031111404202000	1	1
N?AA@b@X?]N_Ekm_N_?	15	34	15	5	18	402220434111331	1	1
N?AA@b@X?]N_Ekm_^??	15	34	15	6	20	000220234411311	1	1
N?AA@b@X?]N_ecm_Fs?	15	35	15	6	18	231441401200330	1	1
N?AA@b@X?]N_}?ecFs?	15	35	15	6	19	224444101303300	1	1
N?AA@b@X?]^?ecNgFs?	15	36	15	6	16	331114104302200	1	1
N?AA@b@X?]^?ecm_Fs?	15	35	15	6	18	224441401203330	1	1
N?AA@b@X?]^?}?ecFs?	15	35	15	6	17	224441101303330	1	1
N?AA@bGkCUES@{^?Hi_	15	34	15	7	19	240041313124200	1	1
N?AA@bGkCU^?RSLg?}_	15	35	15	6	19	134412202020431	1	1
N?AA@bHBrgM_m_arPX_	15	37	15	4	14	214421201100311	1	1
N?AA@b_HaYPWFguCN_?	15	33	15	6	23	303000333313111	1	1
N?AA@b_RRgBsN_aqUQ?	15	35	15	7	21	230020242041131	1	1
N?AA@b_RSUEoFg}?XG_	15	34	15	6	20	003301124112041	1	1
N?AA@b_RSUUQFg^?@{?	15	35	15	6	19	333300022114141	1	1
N?AA@b_RSUUQFg^?Bs?	15	35	15	7	19	313002042344111	1	1
N?AA@b_RSUUQFg^?Fo?	15	35	15	6	19	320022042344111	1	1
N?AA@b_RSUUQFg^?M`?	15	35	15	7	20	402200433403111	1	1
N?AA@b_RSUUQFg^?N_?	15	35	15	6	19	300022444334311	1	1
N?AA@b_RSUUQFg^?VO?	15	35	15	6	19	042224214011331	1	1
N?AA@b_RSUUQFg^?^??	15	35	15	6	20	020022341334111	1	1
N?AA@b_RSUUQ\AFg^??	15	35	15	6	22	002200031443311	1	1
N?AA@b_RSU^?FgN_UQ?	15	35	15	6	20	030224214011331	1	1
N?AA@b_qO^Bs^?m_Eq?	15	36	15	5	20	330000012211441	1	1
N?AA@b_qOl`{^?m_N_?	15	36	15	6	18	300202234433111	1	1
N?AA@b_qOl`{^?m_^??	15	36	15	5	18	000331111122444	1	1
N?AA@b_qQYAu^?m_@{?	15	35	15	7	21	002200234443114	1	1
N?AA@b_qRg@{Fgm_PX?	15	35	15	7	19	013303020121441	1	1
N?AAD?WME@kcm_VO?}?	15	32	15	5	21	234113430014024	1	1
N?AAD?WwGNM_VOm_@Y_	15	33	15	6	21	111333004042421	1	1
N?AAD?WwGNVOVO^?By?	15	35	15	6	17	333111140402020	1	1
N?AAD?WwGNVOVO^?Fo?	15	34	15	6	19	300002224434111	1	1
N?AAD?WwGNVOVO^?Jg?	15	34	15	6	17	303002424434111	1	1
N?AAD?WwGNVOVO^?N_?	15	34	15	5	18	300002424434111	1	1
N?AAD?WwGNVOVO^?VO?	15	34	15	6	19	020224243431311	1	1
N?AAD?WwGNVOVO^?^@?	15	35	15	5	17	411113030040220	1	1
N?AAD?WwKs?{N_VOKd?	15	33	15	5	19	100330302121441	1	1
N?AAD?c{@[@]egVOIL?	15	34	15	7	22	101333300024241	1	1
N?AAD?c{@[@]egVOYD?	15	34	15	7	21	003021442423111	1	1
N?AAD?c{Bg@ym_UW@^?	15	35	15	6	19	444420202001331	1	1
N?AAD?oXAiXCecBwTP?	15	32	15	6	22	013424244201131	1	1
N?AAD?oqJgIgm_BwPT_	15	34	15	6	20	102242421011330	1	1
N?AAD?oqJgVOBwVO@\?	15	34	15	7	20	033303002124141	1	1
N?AAD?oqJgVOBwVOPT?	15	34	15	7	20	033303002124141	1	1
N?AAD?oqJgVORWFo@\?	15	34	15	7	20	303300022144111	1	1
N?AAD?oqJgVORWFoPT?	15	34	15	7	20	041424242101331	1	1
N?AAD?oqLcAyBw^?Hl?	15	35	15	6	19	043311314342020	1	1
N?AAD?oqLcN_BwFoHl?	15	35	15	6	17	013311314042020	1	1
N?AAD?oqLcN_BwVOHl?	15	35	15	5	17	013311014042020	1	1
N?AAD?oqN_VOLcVO@|?	15	35	15	6	20	022244441411330	1	1
N?AAD?oqN_VON_VO@|?	15	35	15	7	19	000022244141113	1	1
N?AAD?osCTGkFo^?DQ_	15	32	15	7	22	013331314040224	1	1
N?AAD@OXDDRQ}?BwJh?	15	34	15	7	20	242441210213300	1	1
N?AAD@OXDD^?EsBwJh?	15	34	15	7	20	010444242210330	1	1
N?AAD@OXF_JgigEs@|?	15	34	15	6	20	202441414110300	1	1
N?AAD@OXF_TSecVO@|?	15	34	15	7	20	202241414213300	1	1
N?AAD@O{AiN_N_B{TT?	15	36	15	8	19	022244111133300	1	1
N?AAD@O{Ai^?N_ii@}?	15	36	15	7	17	202244414141330	1	1
N?AAD@O{AyBwN_ig@}?	15	36	15	6	17	022244441133300	1	1
N?AAD@O{AyFoN_ig@}?	15	36	15	6	16	002244411133330	1	1
N?AAD@O{AyJgN_ig@}?	15	36	15	7	17	020244141133300	1	1
N?AAD@O{AyN_Foig@}?	15	36	15	7	17	420200303311144	1	1
N?AAD@O{AyN_N_ig@}?	15	36	15	7	17	022244111133300	1	1
N?AAD@O{AyN_m_ig@}?	15	36	15	7	18	222244411133330	1	1
N?AAD@O{AyTSFoJg@}?	15	36	15	6	18	034311114420200	1	1
N?AAD@O{FoJgigN_@}?	15	36	15	7	18	000033311114442	1	1
N?AAD@WUDD_}N_VQ^?_	15	37	15	6	16	200003331102441	1	1
N?AAD@Wgno^?N_VS?|_	15	38	15	6	14	411113330300224	1	1
N?AAD@cHfoBwegUSN_?	15	35	15	6	19	302002033311441	1	1
N?AAD@cHfoBwegUSVO?	15	35	15	6	19	040224040413131	1	1
N?AAD@cHfoBwegUS^??	15	35	15	6	19	000224444013311	1	1
N?AAD@ckfoFoRSEwBw?	15	36	15	6	18	000224244113033	1	1
N?AAD@ckfoRSRSFoJg?	15	36	15	6	17	020224240111333	1	1
N?AAD@ckfoRSRSFoN_?	15	36	15	6	18	013331310444022	1	1
N?AAD@cuAqRSEwN_Cbo	15	36	15	5	16	142442411000031	1	1
N?AAD@c{AY@]Fom_QT?	15	35	15	7	19	013041242403311	1	1
N?AAD@oHai@{uCm_PF?	15	34	15	6	21	033301412020441	1	1
N?AAD@oHai@{uCm_PT?	15	34	15	7	22	013301012421441	1	1
N?AAD@o{AiJgN_ai@}?	15	36	15	7	17	020244141133320	1	1
N?AADAo{AJFoVOB{VP?	15	37	15	6	16	343114144432002	1	1
N?AADAo{AJN_VOB{VP?	15	37	15	6	16	042224041103301	1	1
N?AADAo{DsFoFoRW@}?	15	37	15	6	14	002244411133300	1	1
N?AADBOQRwDsm_FoEq?	15	35	15	6	20	330000033311111	1	1
N?AADBOTTsVO^?BwDU?	15	36	15	7	18	002020234411133	1	1
N?AADBOTVoVOFoJgDU?	15	36	15	7	18	002020204411133	1	1
N?AADBOTVoVON_BwDU?	15	36	15	7	18	002020234411133	1	1
N?AADBOUO}N_m_JgCu?	15	36	15	6	18	220200023311144	1	1
N?AADBOUPL`{m_^?Bw?	15	36	15	6	19	134002202431141	1	1
N?AADBOUPL`{m_^?Fo?	15	36	15	6	18	330002244433111	1	1
N?AADBOUPL`{m_^?Jg?	15	36	15	6	18	303002424133411	1	1
N?AADBOUPL`{m_^?N_?	15	36	15	6	18	300022444133111	1	1
N?AADBOUPL`{m_^?VO?	15	36	15	6	18	032002234433111	1	1
N?AADBOXAyDsm_EsFo?	15	35	15	6	20	030220244411131	1	1
N?AADBOXAyDsm_EsN_?	15	35	15	6	21	300022444113131	1	1
N?AADBOXAyDsm_EsRQ?	15	35	15	7	18	044224244033111	1	1
N?AADBOXAyDsm_Es^??	15	35	15	6	19	020224241431131	1	1
N?AADBOYAYDcm_DsQR_	15	34	15	6	20	102422420111330	1	1
N?AADBOi`TFo^?FoIj?	15	36	15	7	15	012424210113330	1	1
N?AADBOi`TN_FoTUIj?	15	37	15	5	13	103030301224411	1	1
N?AADBOi`TN_FoVOIj?	15	36	15	5	15	013131310442220	1	1
N?AADBOi`TN_^?FoIj?	15	36	15	6	15	013131040442220	1	1
N?AADBOifoDsFoVOIi?	15	36	15	6	18	020224241113333	1	1
N?AADBOifoIiJgFoFo?	15	36	15	6	18	002224244110333	1	1
N?AADBOifoIiJgFoN_?	15	36	15	6	19	020200343413411	1	1
N?AADBOyDsAyVOJgFo?	15	36	15	6	18	002224411130333	1	1
N?AADBOyDsAyVOJgJg?	15	36	15	6	18	020224141110303	1	1
N?AADBOyDsAyVOJgN_?	15	36	15	6	19	022224441110333	1	1
N?AADBO{@\Dsm_VO@}?	15	37	15	6	16	442422220011331	1	1
N?AADB_@|sJg^?Fw^A?	15	38	15	6	14	333114444320202	1	1
N?AADB_H_NJgm_FwZB?	15	36	15	6	16	222441111220303	1	1
N?AADB_H_rjgVOm_B{?	15	36	15	5	17	404222400311131	1	1
N?AADB_H_rvOVOFwB{?	15	37	15	5	15	414220200313111	1	1
N?AADB_HaqbM^?m_B{?	15	36	15	6	18	222442211100330	1	1
N?AADB_HaqjI^?m_B{?	15	36	15	6	18	023441141233300	1	1
N?AADB_Hbg@\m_USB{?	15	35	15	7	20	202442411310300	1	1
N?AADB_HbwJIVOm_B{?	15	36	15	6	18	313111144220020	1	1
N?AADB_HdsFoVOE[B{?	15	36	15	5	16	313000022444111	1	1
N?AADB_HdsFoVOUSB{?	15	36	15	6	17	212444411333000	1	1
N?AADB_HdsN_USFwB{?	15	37	15	6	16	222444411333000	1	1
N?AADB_HdsN_VOE[B{?	15	36	15	6	17	222444411333000	1	1
N?AADB_HeobMm_VOB{?	15	36	15	6	18	222441411430300	1	1
N?AADB_HeovON_VOB{?	15	36	15	6	18	222441411233000	1	1
N?AADB_HeovOUSVOB{?	15	36	15	6	18	202003033211144	1	1
N?AADB_HeovOUS^?B{?	15	36	15	6	18	222441111233330	1	1
N?AADB_HeovOVOFwB{?	15	37	15	6	15	222441411233000	1	1
N?AADB_HeovOVOVOB{?	15	36	15	6	16	242441411233000	1	1
N?AADB_HeovO^?VOB{?	15	36	15	6	18	202000033111144	1	1
N?AADB_SQyN_Bkm_B{?	15	36	15	6	18	022444141333000	1	1
N?AADB_SRWVOJcCyB{?	15	35	15	7	19	020300311014422	1	1
N?AADB_SRwN_m_BkB{?	15	36	15	6	16	022444111133300	1	1
N?AADB_STsJgBkN_B{?	15	36	15	6	18	303111144020020	1	1
N?AADB_STsN_JcFwB{?	15	37	15	6	15	222444411233300	1	1
N?AADB_STsN_JcVOB{?	15	36	15	6	18	222444411233300	1	1
N?AADB_STsN_N_BkB{?	15	36	15	6	16	222444411133300	1	1
N?AADB_STsVO^?BkB{?	15	36	15	6	16	202441411133300	1	1
N?AADB_SVoN_m_BkB{?	15	36	15	6	16	000331111144422	1	1
N?AADB_SVoTQ^?BkB{?	15	36	15	7	18	222444411233300	1	1
N?AADB_SVoVOJcVOB{?	15	36	15	6	17	242441411033300	1	1
N?AADB_VQyJgN_m_B{?	15	38	15	5	13	323000322111441	1	1
N?AADB_VQyVON_FwB{?	15	39	15	5	13	323000022114411	1	1
N?AADB_VRwJgm_FwB{?	15	39	15	5	13	133000202444111	1	1
N?AADB_VRwVOFwFwB{?	15	40	15	5	10	333000022144111	1	1
N?AADB_VTsFoFwFwB{?	15	40	15	4	10	313000022144111	1	1
N?AADB_\?Vjgm_FwB{?	15	38	15	5	14	444222000341311	1	1
N?AADB_\?VvON_VOB{?	15	37	15	6	16	222444411303300	1	1
N?AADB_\BwVOVOA{B{?	15	37	15	6	15	022444111333300	1	1
N?AADB_\FoVOVOA{B{?	15	37	15	7	16	000333111444202	1	1
N?AADB_^BwVOVOFwB{?	15	39	15	5	11	133000222444411	1	1
N?AADB_^DsFoVOFwB{?	15	39	15	5	12	333000022444111	1	1
N?AADB_k_NHi^?Fw^@?	15	37	15	6	16	313114444430202	1	1
N?AADB_kdsN_B[VOB{?	15	37	15	6	15	242441411333200	1	1
N?AADB_kdsN_RSFwB{?	15	38	15	7	15	202441411333000	1	1
N?AADB_kdsN_RSVOB{?	15	37	15	6	16	242441411333000	1	1
N?AADB_m`{FoVOFwB{?	15	39	15	4	11	313000022444111	1	1
N?AADB_m`{FoVOVOB{?	15	38	15	5	13	323000022444111	1	1
N?AADB_mdsFoVOFwB{?	15	39	15	5	10	313002022444111	1	1
N?AADB_mdsN_VOFwB{?	15	39	15	6	12	333000022444111	1	1
N?AADB_}DsFoVOFwB{?	15	39	15	6	12	333000022444111	1	1
N?AADBoRO^JgN_m_UQ?	15	37	15	6	17	020022044333114	1	1
N?AADbGKg]UO^?RTHi_	15	37	15	4	14	124422101010311	1	1
N?AADbGKg]UO^?^?Hi_	15	36	15	6	14	013311040404220	1	1
N?AADbGX?]ESec^?Hg_	15	34	15	6	20	103300121412041	1	1
N?AADb_RO^Bs^?m_UQ?	15	37	15	7	17	000022244333111	1	1
N?AADb_RTc~?N_BwBs?	15	37	15	6	17	020022244341131	1	1
N?AAF?e{EpN_m_Fo@y?	15	37	15	6	17	000022243441133	1	1
N?AAF@SBo}TSm_{CN_?	15	37	15	6	17	000022241331141	1	1
N?AAF@Sc`kBwigZC@N?	15	35	15	6	24	330300022241113	1	1
N?AAF@ScdTVOFoZCLa?	15	36	15	6	17	013031020144422	1	1
N?AAF@ScfoTSZCFoBw?	15	36	15	6	19	000222441311133	1	1
N?AAF@Sy?mtSm_FoN_?	15	37	15	6	17	000202241431131	1	1
N?AAF@cgbwFoFSegB[?	15	36	15	6	18	133000022244111	1	1
N?AAF@cgfoRSVCFoB[?	15	36	15	6	18	000220244113133	1	1
N?AAF@cgfoRSVCFoBw?	15	36	15	6	18	000222441013133	1	1
N?AAFBOZ@XFom_FoQR?	15	36	15	6	17	042022004331114	1	1
N?AAFBOZ@XVOm_FoAZ?	15	36	15	6	17	030200243441113	1	1
N?ABA_ge_NTGsG^?As_	15	33	15	5	21	303030012412141	1	1
N?ABA_ge_NTGsG^?Ic_	15	33	15	6	20	303032412432141	1	1
N?ABA_ge_NTGsG^?N_?	15	33	15	5	21	300002444434411	1	1
N?ABA_ge_NTGsG^?^@?	15	34	15	4	20	114110303240200	1	1
N?ABA_oebgTGqGBwP\?	15	34	15	4	19	133310444242200	1	1
N?ABA_oedQXC^?BwGf?	15	34	15	6	23	204422440331114	1	1
N?ABAaGedQ?{^?\G^?_	15	35	15	5	17	144412002001330	1	1
N?ABAaIHW{TGuC\GN_?	15	35	15	7	18	302002142313411	1	1
N?ABAaIHW{TGuC\G^??	15	35	15	7	18	022204314031131	1	1
N?ABAaQFawTG}?JWSJ?	15	35	15	7	20	030133100224441	1	1
N?ABAaQFbgTG}?JWPX?	15	35	15	7	22	020202031134144	1	1
N?ABAaQHW{TGZG}?ZA?	15	35	15	7	18	022024314031311	1	1
N?ABAaQT?]Lc}?iSDM?	15	35	15	7	19	202020142401133	1	1
N?ABAaQT?]Lc}?iSDk?	15	35	15	7	19	300302102311441	1	1
N?ABAaQT?]Lc}?iSTI?	15	35	15	7	18	013131201042244	1	1
N?ABAaQT?]N_}?iSDM?	15	35	15	8	19	202020142401133	1	1
N?ABAaQiPYBo}?ZGGF_	15	35	15	6	19	202022440333114	1	1
N?ABB?WEFoO]FoXK^??	15	34	15	5	18	200223443313341	1	1
N?ABB?WEFoRW^?wK?~?	15	35	15	5	18	111440223303021	1	1
N?ABB?WeF@?}^?eoKeG	15	35	15	5	18	100330442213401	1	1
N?ABB?WwGNN_^?eoBy?	15	36	15	6	14	022444110103300	1	1
N?ABB?WwGNN_^?eoRW?	15	35	15	7	17	200220443101133	1	1
N?ABB?WwGNN_^?eo^@?	15	36	15	5	16	200222441401131	1	1
N?ABB?WwGNN_eoFsBy?	15	37	15	4	14	144222001013111	1	1
N?ABB?WwGNN_eoFs^@?	15	37	15	6	15	133111440432002	1	1
N?ABB?WwJg?{aqFs^?_	15	36	15	6	17	000333112140024	1	1
N?ABBAOEF?n_@{eoLc?	15	33	15	6	19	300222442341331	1	1
N?ABBAOyFoLcDseo?~?	15	37	15	5	16	411440223002131	1	1
N?ABBAO{BXBweoB{@}?	15	38	15	5	14	311300002214411	1	1
N?ABBAO{CuRW^?B{Kd_	15	38	15	6	14	300330112422401	1	1
N?ABBAO}FoLceoFo?~?	15	38	15	6	13	411442220000331	1	1
N?ABBAWXNo^?Foes?|_	15	39	15	6	11	144113330300224	1	1
N?ABBAWeBH~?Fo@|RX?	15	38	15	5	14	311330002202414	1	1
N?AE@aoLaZ@{^?}?XI?	15	37	15	7	17	002200433344114	1	1
N?AE@aoqRgFoN_RW@\?	15	36	15	6	16	320022244311133	1	1
N?AE@aoqRgN_N_AyHk?	15	36	15	6	16	320022244311133	1	1
N?AEAGoqJg@smOMoPL?	15	34	15	7	18	013301002121441	1	1
N?AEAGoqJg@s}?Mo@\?	15	34	15	7	20	200023224343113	1	1
N?AEAGoqJg@s}?MoPL?	15	34	15	7	20	022204103432114	1	1
N?AEB?WwKq?{V?N_CTO	15	33	15	5	21	114330002021243	1	1
N?AEB?WwKq?{^?N_By?	15	35	15	5	17	033111140400220	1	1
N?AEB?WwKq?{^?N_Kd?	15	34	15	6	18	100330012121441	1	1
N?AEB?WwKq?{^?N_N_?	15	34	15	5	17	300222443433111	1	1
N?AEB?oeONXCN_^?^@?	15	35	15	5	17	411113300040220	1	1
N?AEB?oeQXEo}?BwXC_	15	34	15	7	20	003301142412401	1	1
N?AEB?oqKqEqBw^?^??	15	35	15	6	19	002204413413011	1	1
N?AEBAoeQXFO^?FoGe_	15	35	15	6	19	402220023343114	1	1
N?AFF?[FFo[E^?Fp?^O	15	40	15	6	10	111444223302031	1	1
N?BE@_o{@{FoqWB{@}?	15	39	15	6	11	113300022244111	1	1
N?BE@_o{@{FoqWB{WL_	15	39	15	5	13	004411133300424	1	1
N?BE@_o{@{FoqWqW@}?	15	38	15	6	16	002244411133000	1	1
N?BE@_o{FoFoqWB{?~?	15	39	15	5	15	114422200003211	1	1
N?BE@_o}@{^?qWBw?}_	15	39	15	5	15	114442200030011	1	1
N?BE@_wMEQFo@{o\^?O	15	38	15	5	14	004421133310241	1	1
N?`@?b_]DIQoQoFg?}?	15	33	15	7	21	411330020234141	1	1
N?`@?b_]DIQoQoFg@{?	15	33	15	6	21	333000202441111	1	1
N?`@?boNAsLG`o`o@{?	15	33	15	5	21	133300002444111	1	1
N?`@?boNAsLG`o`oN?W	15	34	15	4	19	311113302220440	1	1
N?`@?boNAsSgooBo?Fw	15	34	15	4	20	002200331111440	1	1
N?`@?boNAs[G`oBwBo_	15	34	15	6	21	333022244112331	1	1
N?`@?boNAs[G`oBwWY?	15	34	15	6	22	201333003241141	1	1
N?`@Cb_d_lDgQo]?LJ?	15	34	15	4	19	011313310442220	1	1
N?`@F?kQcKBwsglCN@?	15	35	15	7	26	000022243333111	1	1
