g6	n	m	Q	bip	dist	phi	tf	mtf
I????????	10	0	10	0	0	0000000000	1	0
I??????_?	10	1	10	0	0	0333333331	1	0
I??????o?	10	2	10	0	0	1133333330	1	0
I??????w?	10	3	10	0	0	1113333330	1	0
I??????{?	10	4	10	0	0	1111333330	1	0
I??????}?	10	5	10	0	0	1111133330	1	0
I??????~?	10	6	10	0	0	1111113330	1	0
I??????~_	10	7	10	0	0	1111111330	1	0
I??????~o	10	8	10	0	0	1111111130	1	0
I??????~w	10	9	10	0	0	1111111110	1	1
I????A?O?	10	2	10	0	1	0222222242	1	0
I????A?o?	10	3	10	0	1	0033333311	1	0
I????A?W?	10	3	10	0	1	2442222220	1	0
I????A?w?	10	4	10	0	1	1113333330	1	0
I????A?[?	10	4	10	0	1	2444222220	1	0
I????A?{?	10	5	10	0	1	1111333330	1	0
I????A?]?	10	5	10	0	1	2444422220	1	0
I????A?}?	10	6	10	0	1	1111133330	1	0
I????A?^?	10	6	10	0	1	3000003331	1	0
I????A?~?	10	7	10	0	1	1111113330	1	0
I????A?^_	10	7	10	0	1	3000000331	1	0
I????A?~_	10	8	10	0	1	1111111330	1	0
I????A?^o	10	8	10	0	1	3000000021	1	0
I????A?~o	10	9	10	0	0	4111111130	1	0
I????B?o?	10	4	10	0	0	0033333311	1	0
I????B?w?	10	5	10	0	1	1113333300	1	0
I????B?K?	10	4	10	0	2	4422222202	1	0
I????B?k?	10	5	10	0	2	1311333330	1	0
I????B?{?	10	6	10	0	2	1111333300	1	0
I????B?M?	10	5	10	0	2	2244422220	1	0
I????B?m?	10	6	10	0	2	1311133330	1	0
I????B?}?	10	7	10	0	2	1111133330	1	0
I????B?N?	10	6	10	0	2	2244442220	1	0
I????B?n?	10	7	10	0	2	1311113330	1	0
I????B?~?	10	8	10	0	2	1111113330	1	0
I????B?N_	10	7	10	0	2	3300000021	1	0
I????B?n_	10	8	10	0	2	1311111330	1	0
I????B?~_	10	9	10	0	1	1144444420	1	0
I????B?No	10	8	10	0	1	3300000021	1	0
I????B?no	10	9	10	0	1	4411111130	1	0
I????B?~o	10	10	10	0	0	4411111130	1	0
I????B?KG	10	5	10	0	2	1133333301	1	0
I????B?MG	10	6	10	0	2	3311133310	1	0
I????B?NG	10	7	10	0	2	0033330012	1	0
I????B?Ng	10	8	10	0	1	0033333012	1	0
I????B?Nw	10	9	10	0	0	0033333312	1	0
I????B_w?	10	6	10	0	0	1113333300	1	0
I????B_s?	10	6	10	0	2	1111333300	1	0
I????B_{?	10	7	10	0	1	1111333300	1	0
I????B_e?	10	6	10	0	3	3003300002	1	0
I????B_u?	10	7	10	0	3	1111133300	1	0
I????B_}?	10	8	10	0	2	1111133300	1	0
I????B_F?	10	6	10	0	3	4442222202	1	0
I????B_f?	10	7	10	0	3	4224442220	1	0
I????B_v?	10	8	10	0	3	1114444420	1	0
I????B_~?	10	9	10	0	2	1114444420	1	0
I????B_F_	10	7	10	0	2	2224444210	1	0
I????B_f_	10	8	10	0	3	1331111330	1	0
I????B_v_	10	9	10	0	2	1114444420	1	0
I????B_~_	10	10	10	0	1	1114444420	1	0
I????B_Fo	10	8	10	0	1	3330000021	1	0
I????B_fo	10	9	10	0	2	4441111130	1	0
I????B_vo	10	10	10	0	1	4441111130	1	0
I????B_~o	10	11	10	0	0	4441111130	1	0
I????B_FG	10	7	10	0	2	1113331104	1	0
I????B_Fg	10	8	10	0	1	0003333012	1	0
I????B_Fw	10	9	10	0	0	0003333312	1	0
I????Bo{?	10	8	10	0	0	1111333300	1	0
I????Boy?	10	8	10	0	2	1111133300	1	0
I????Bo}?	10	9	10	0	1	1111133300	1	0
I????Bor?	10	8	10	0	4	1111113300	1	0
I????Boz?	10	9	10	0	3	1111113300	1	0
I????Bo~?	10	10	10	0	2	1111113300	1	0
I????Bob_	10	8	10	0	3	2444222201	1	0
I????Bor_	10	9	10	0	3	1111444420	1	0
I????Boz_	10	10	10	0	2	1111444420	1	0
I????Bo~_	10	11	10	0	1	1111444420	1	0
I????BoBo	10	8	10	0	1	4444222201	1	0
I????Bobo	10	9	10	0	2	2222444410	1	0
I????Boro	10	10	10	0	2	1111444420	1	0
I????Bozo	10	11	10	0	1	1111444420	1	0
I????Bo~o	10	12	10	0	0	1111444420	1	0
I????BoBw	10	9	10	0	0	1111333304	1	0
I????Bw}?	10	10	10	0	0	1111133300	1	0
I????Bw|?	10	10	10	0	2	1111113300	1	0
I????Bw~?	10	11	10	0	1	1111113300	1	0
I????Bwx_	10	10	10	0	3	1114411402	1	0
I????Bw|_	10	11	10	0	2	1111144420	1	0
I????Bw~_	10	12	10	0	1	1111144420	1	0
I????Bwpo	10	10	10	0	3	1144411102	1	0
I????Bwxo	10	11	10	0	2	1111144420	1	0
I????Bw|o	10	12	10	0	1	1111144420	1	0
I????Bw~o	10	13	10	0	0	1111144420	1	0
I????B{~?	10	12	10	0	0	1111113300	1	0
I????B{}_	10	12	10	0	2	1111111300	1	0
I????B{~_	10	13	10	0	1	1111111300	1	0
I????B{{o	10	12	10	0	2	1111441102	1	0
I????B{}o	10	13	10	0	1	1111114420	1	0
I????B{~o	10	14	10	0	0	1111114420	1	0
I????B}~_	10	14	10	0	0	1111111300	1	0
I????B}~O	10	14	10	0	1	1111114102	1	0
I????B}~o	10	15	10	0	0	1111111420	1	0
I????B~~o	10	16	10	0	0	1111111100	1	1
I???C@?o?	10	4	10	0	2	0033333111	1	0
I???C@?G?	10	3	10	0	2	0020000003	1	0
I???C@?g?	10	4	10	0	2	0303333131	1	0
I???C@?w?	10	5	10	0	2	1113333330	1	0
I???C@?K?	10	4	10	0	2	2244222220	1	0
I???C@?k?	10	5	10	0	2	1311333330	1	0
I???C@?{?	10	6	10	0	2	1111333330	1	0
I???C@?M?	10	5	10	0	2	2244422220	1	0
I???C@?m?	10	6	10	0	2	1311133330	1	0
I???C@?}?	10	7	10	0	2	1111133330	1	0
I???C@?N?	10	6	10	0	2	2244442220	1	0
I???C@?n?	10	7	10	0	2	1311113330	1	0
I???C@?~?	10	8	10	0	2	1111113330	1	0
I???C@?N_	10	7	10	0	2	3300000331	1	0
I???C@?n_	10	8	10	0	2	1311111330	1	0
I???C@?~_	10	9	10	0	2	1111111330	1	0
I???CB?w?	10	6	10	0	2	0003333311	1	0
I???CB?[?	10	6	10	0	3	2444222220	1	0
I???CB?{?	10	7	10	0	3	1111333300	1	0
I???CB?M?	10	6	10	0	3	2244422220	1	0
I???CB?m?	10	7	10	0	3	1311133330	1	0
I???CB?]?	10	7	10	0	3	3000033331	1	0
I???CB?}?	10	8	10	0	3	1111133330	1	0
I???CB?N?	10	7	10	0	3	2244442220	1	0
I???CB?n?	10	8	10	0	3	4111111330	1	0
I???CB?^?	10	8	10	0	3	0033333114	1	0
I???CB?~?	10	9	10	0	2	4111111330	1	0
I???CB?N_	10	8	10	0	3	3300000021	1	0
I???CB?n_	10	9	10	0	2	4111111330	1	0
I???CB?^_	10	9	10	0	2	0033333114	1	0
I???CB?~_	10	10	10	0	1	4111111330	1	0
I???CB?OO	10	5	10	1	3	0033333011	1	0
I???CB?WO	10	6	10	1	3	2442222420	1	0
I???CB?[O	10	7	10	1	3	2444222420	1	0
I???CB?]O	10	8	10	1	3	2444422420	1	0
I???CB?^O	10	9	10	1	3	0333333112	1	0
I???CB?^o	10	10	10	1	2	0333333112	1	0
I???C@_o?	10	5	10	0	3	0003333311	1	0
I???C@_W?	10	5	10	0	1	3003333311	1	0
I???C@_w?	10	6	10	0	2	1113333300	1	0
I???C@_c?	10	5	10	0	3	0220222224	1	0
I???C@_s?	10	6	10	0	3	1131333330	1	0
I???C@_[?	10	6	10	0	2	3111333300	1	0
I???C@_{?	10	7	10	0	3	1111333300	1	0
I???C@_E?	10	5	10	0	3	0003300002	1	0
I???C@_e?	10	6	10	0	3	1331133330	1	0
I???C@_U?	10	6	10	0	3	3131133330	1	0
I???C@_u?	10	7	10	0	3	1131133330	1	0
I???C@_]?	10	7	10	0	3	3111133300	1	0
I???C@_}?	10	8	10	0	3	1111133330	1	0
I???C@_F?	10	6	10	0	3	2224442220	1	0
I???C@_f?	10	7	10	0	3	4224442220	1	0
I???C@_V?	10	7	10	0	3	3131113330	1	0
I???C@_v?	10	8	10	0	3	1131113330	1	0
I???C@_^?	10	8	10	0	3	3111113330	1	0
I???C@_~?	10	9	10	0	3	1111113330	1	0
I???C@_F_	10	7	10	0	3	2224444220	1	0
I???C@_f_	10	8	10	0	3	4224444210	1	0
I???C@_V_	10	8	10	0	3	3131111330	1	0
I???C@_v_	10	9	10	0	3	1131111330	1	0
I???C@_^_	10	9	10	0	3	3111111330	1	0
I???C@_~_	10	10	10	0	2	1441111130	1	0
I???C@_cG	10	6	10	0	3	0330333301	1	0
I???C@_EG	10	6	10	0	3	3113333301	1	0
I???C@_eG	10	7	10	0	3	1331133310	1	0
I???C@_FG	10	7	10	0	3	3331113310	1	0
I???C@_fG	10	8	10	0	3	3003330012	1	0
I???C@_Fg	10	8	10	0	3	0003333012	1	0
I???C@_fg	10	9	10	0	2	3003333012	1	0
I???CB_{?	10	8	10	0	2	1111333300	1	0
I???CB_u?	10	8	10	0	4	1111133300	1	0
I???CB_]?	10	8	10	0	4	1111133300	1	0
I???CB_}?	10	9	10	0	3	1111133300	1	0
I???CB_f?	10	8	10	0	4	1331113330	1	0
I???CB_V?	10	8	10	0	4	2424442220	1	0
I???CB_v?	10	9	10	0	4	1114444220	1	0
I???CB_^?	10	9	10	0	4	1114444220	1	0
I???CB_~?	10	10	10	0	3	1114444220	1	0
I???CB_F_	10	8	10	0	3	2224444210	1	0
I???CB_f_	10	9	10	0	4	4111111330	1	0
I???CB_V_	10	9	10	0	4	4111111330	1	0
I???CB_v_	10	10	10	0	3	4111111330	1	0
I???CB_^_	10	10	10	0	3	4111111330	1	0
I???CB_~_	10	11	10	0	2	4111111330	1	0
I???CB_WO	10	7	10	1	3	1113333100	1	0
I???CB_SO	10	7	10	1	4	4442222202	1	0
I???CB_[O	10	8	10	1	4	1111333100	1	0
I???CB_EO	10	7	10	0	4	4442222202	1	0
I???CB_UO	10	8	10	1	4	2424422420	1	0
I???CB_]O	10	9	10	1	4	1114444420	1	0
I???CB_FO	10	8	10	0	3	0003330312	1	0
I???CB_VO	10	9	10	1	4	1113333302	1	0
I???CB_^O	10	10	10	1	3	1114444420	1	0
I???CB_Fo	10	9	10	0	2	0003333312	1	0
I???CB_Vo	10	10	10	1	3	1113333302	1	0
I???CB_^o	10	11	10	1	2	1114444420	1	0
I???CB_Fg	10	9	10	0	2	0003333012	1	0
I???CB_EW	10	8	10	0	3	4442222201	1	0
I???CB_FW	10	9	10	0	2	0003330312	1	0
I???CB_Fw	10	10	10	0	1	0003333312	1	0
I???C@ow?	10	7	10	0	3	1111333300	1	0
I???C@o[?	10	7	10	0	1	3111333300	1	0
I???C@o{?	10	8	10	0	2	1111333300	1	0
I???C@oq?	10	7	10	0	4	3300300002	1	0
I???C@oY?	10	7	10	0	3	3111133300	1	0
I???C@oy?	10	8	10	0	4	1111133300	1	0
I???C@o]?	10	8	10	0	2	3111133300	1	0
I???C@o}?	10	9	10	0	3	1111133300	1	0
I???C@ob?	10	7	10	0	4	3000330002	1	0
I???C@oR?	10	7	10	0	4	0300330002	1	0
I???C@or?	10	8	10	0	4	4422442220	1	0
I???C@oZ?	10	8	10	0	4	3111113300	1	0
I???C@oz?	10	9	10	0	4	4111444420	1	0
I???C@o^?	10	9	10	0	3	3111113300	1	0
I???C@o~?	10	10	10	0	3	4111444420	1	0
I???C@oB_	10	7	10	0	4	0000333002	1	0
I???C@ob_	10	8	10	0	3	4222444210	1	0
I???C@oR_	10	8	10	0	4	2422444220	1	0
I???C@or_	10	9	10	0	4	1133111330	1	0
I???C@oZ_	10	9	10	0	4	4111444420	1	0
I???C@oz_	10	10	10	0	3	4111444420	1	0
I???C@o^_	10	10	10	0	3	4111444420	1	0
I???C@o~_	10	11	10	0	2	4111444420	1	0
I???C@obG	10	8	10	0	3	3111331104	1	0
I???C@oBg	10	8	10	0	3	1111333104	1	0
I???C@obg	10	9	10	0	2	3000333012	1	0
I???CBo{?	10	9	10	0	1	1111333300	1	0
I???CBoy?	10	9	10	0	3	1111133300	1	0
I???CBo}?	10	10	10	0	2	1111133300	1	0
I???CBor?	10	9	10	0	5	1111113300	1	0
I???CBoz?	10	10	10	0	4	1111113300	1	0
I???CBo^?	10	10	10	0	4	1111113300	1	0
I???CBo~?	10	11	10	0	3	1111113300	1	0
I???CBob_	10	9	10	0	4	2444222201	1	0
I???CBor_	10	10	10	0	4	1111444420	1	0
I???CBoZ_	10	10	10	0	4	1111444420	1	0
I???CBoz_	10	11	10	0	3	1111444420	1	0
I???CBo^_	10	11	10	0	3	1111444420	1	0
I???CBo~_	10	12	10	0	2	1111444420	1	0
I???CBo[O	10	9	10	1	3	1111333100	1	0
I???CBoYO	10	9	10	1	5	1111133100	1	0
I???CBo]O	10	10	10	1	4	1111133100	1	0
I???CBoRO	10	9	10	1	4	4244222201	1	0
I???CBoZO	10	10	10	1	4	1111444420	1	0
I???CBo^O	10	11	10	1	3	1111444420	1	0
I???CBoBo	10	9	10	0	2	0000333312	1	0
I???CBoRo	10	10	10	1	3	1111333304	1	0
I???CBoZo	10	11	10	1	3	1111444420	1	0
I???CBo^o	10	12	10	1	2	1111444420	1	0
I???CBoBw	10	10	10	0	1	1111333304	1	0
I???C@w{?	10	9	10	0	3	1111133300	1	0
I???C@w]?	10	9	10	0	1	3111133300	1	0
I???C@w}?	10	10	10	0	2	1111133300	1	0
I???C@wx?	10	9	10	0	5	1111113300	1	0
I???C@w\?	10	9	10	0	3	3111113300	1	0
I???C@w|?	10	10	10	0	4	1111113300	1	0
I???C@w^?	10	10	10	0	2	3111113300	1	0
I???C@w~?	10	11	10	0	3	1111113300	1	0
I???C@wp_	10	9	10	0	4	2244422201	1	0
I???C@wX_	10	9	10	0	5	3111111300	1	0
I???C@wx_	10	10	10	0	4	4111144420	1	0
I???C@w\_	10	10	10	0	4	3111111300	1	0
I???C@w|_	10	11	10	0	3	4111144420	1	0
I???C@w^_	10	11	10	0	3	3111111300	1	0
I???C@w~_	10	12	10	0	2	4111144420	1	0
I???CBw}?	10	11	10	0	1	1111133300	1	0
I???CBw|?	10	11	10	0	3	1111113300	1	0
I???CBw~?	10	12	10	0	2	1111113300	1	0
I???CBwx_	10	11	10	0	4	4111111300	1	0
I???CBw|_	10	12	10	0	3	4111111300	1	0
I???CBw^_	10	12	10	0	3	4111111300	1	0
I???CBw~_	10	13	10	0	2	4111111300	1	0
I???CBw]O	10	11	10	1	3	1111133100	1	0
I???CBw\O	10	11	10	1	4	4111111302	1	0
I???CBw^O	10	12	10	1	3	3111111420	1	0
I???CBwXo	10	11	10	1	4	4111111302	1	0
I???CBw\o	10	12	10	1	3	3111111420	1	0
I???CBw^o	10	13	10	1	2	3111111420	1	0
I???C@{}?	10	11	10	0	3	1111113300	1	0
I???C@{^?	10	11	10	0	1	3111113300	1	0
I???C@{~?	10	12	10	0	2	1111113300	1	0
I???C@{{_	10	11	10	0	4	4111111300	1	0
I???C@{]_	10	11	10	0	3	3111111300	1	0
I???C@{}_	10	12	10	0	3	4111111300	1	0
I???C@{^_	10	12	10	0	2	3111111300	1	0
I???C@{~_	10	13	10	0	2	4111111300	1	0
I???CB{~?	10	13	10	0	1	1111113300	1	0
I???CB{}_	10	13	10	0	2	4111111300	1	0
I???CB{~_	10	14	10	0	1	4111111300	1	0
I???CB{^O	10	13	10	1	2	4111111302	1	0
I???CB{]o	10	13	10	1	2	4111111302	1	0
I???CB{^o	10	14	10	1	1	3111111420	1	0
I???C@}~?	10	13	10	0	2	4111111300	1	0
I???C@}^_	10	13	10	0	1	3111111300	1	0
I???C@}~_	10	14	10	0	1	4111111300	1	0
I???CB}~_	10	15	10	0	0	4111111300	1	0
I???CB}^o	10	15	10	1	0	4111111302	1	1
I???EB?w?	10	7	10	0	1	0033333111	1	0
I???EB?{?	10	8	10	0	2	1133333000	1	0
I???EB?M?	10	7	10	0	3	0033333113	1	0
I???EB?m?	10	8	10	0	3	1144444220	1	0
I???EB?}?	10	9	10	0	2	1133333002	1	0
I???EB?N?	10	8	10	0	3	0033333112	1	0
I???EB?n?	10	9	10	0	2	1144444220	1	0
I???EB?~?	10	10	10	0	1	1133333002	1	0
I???EB?N_	10	9	10	0	2	0033333112	1	0
I???EB?n_	10	10	10	0	1	1144444220	1	0
I???EB?~_	10	11	10	0	0	1133333002	1	0
I???EA_W?	10	6	10	0	3	0003333111	1	0
I???EA_w?	10	7	10	0	2	0003333111	1	0
I???EA_[?	10	7	10	0	4	2444222220	1	0
I???EA_{?	10	8	10	0	3	1113333000	1	0
I???EA_U?	10	7	10	0	4	2424422220	1	0
I???EA_u?	10	8	10	0	4	1133333000	1	0
I???EA_]?	10	8	10	0	4	2444422220	1	0
I???EA_}?	10	9	10	0	4	1113333000	1	0
I???EA_F?	10	7	10	0	4	2224442220	1	0
I???EA_f?	10	8	10	0	4	1331113330	1	0
I???EA_V?	10	8	10	0	4	2424442220	1	0
I???EA_v?	10	9	10	0	4	1113333002	1	0
I???EA_^?	10	9	10	0	4	2000000331	1	0
I???EA_~?	10	10	10	0	3	1113333002	1	0
I???EA_F_	10	8	10	0	4	2224444110	1	0
I???EA_f_	10	9	10	0	4	1003333002	1	0
I???EA_V_	10	9	10	0	4	2020000034	1	0
I???EA_v_	10	10	10	0	3	1113333002	1	0
I???EA_^_	10	10	10	0	3	3000000224	1	0
I???EA_~_	10	11	10	0	2	1113333002	1	0
I???EA_KO	10	7	10	1	4	1133333031	1	0
I???EA_MO	10	8	10	1	4	3311133130	1	0
I???EA_FO	10	8	10	0	4	0003333112	1	0
I???EA_NO	10	9	10	1	4	0033330102	1	0
I???EA_Fo	10	9	10	0	3	0003333112	1	0
I???EA_No	10	10	10	1	3	0033333102	1	0
I???EA_CW	10	7	10	0	3	1113333001	1	0
I???EA_EW	10	8	10	0	4	0003333110	1	0
I???EA_FW	10	9	10	0	3	0003333112	1	0
I???EA_Fw	10	10	10	0	2	0003333112	1	0
I???EB_w?	10	8	10	0	1	0003333111	1	0
I???EB_s?	10	8	10	0	2	0033333111	1	0
I???EB_{?	10	9	10	0	2	1113333000	1	0
I???EB_u?	10	9	10	0	3	1133333000	1	0
I???EB_m?	10	9	10	0	4	1113333000	1	0
I???EB_}?	10	10	10	0	3	1113333000	1	0
I???EB_f?	10	9	10	0	4	1113333002	1	0
I???EB_v?	10	10	10	0	3	1113333002	1	0
I???EB_N?	10	9	10	0	4	1114444220	1	0
I???EB_n?	10	10	10	0	3	1113333002	1	0
I???EB_~?	10	11	10	0	2	1113333002	1	0
I???EB_F_	10	9	10	0	3	2224444110	1	0
I???EB_f_	10	10	10	0	3	1113333002	1	0
I???EB_v_	10	11	10	0	2	1113333002	1	0
I???EB_N_	10	10	10	0	3	3300000221	1	0
I???EB_n_	10	11	10	0	2	1113333002	1	0
I???EB_~_	10	12	10	0	1	1113333002	1	0
I???EB_KO	10	8	10	1	4	1113333001	1	0
I???EB_EO	10	8	10	0	4	1113333001	1	0
I???EB_MO	10	9	10	1	4	2244444110	1	0
I???EB_FO	10	9	10	0	3	2224444110	1	0
I???EB_NO	10	10	10	1	3	2244444110	1	0
I???EB_Fo	10	10	10	0	2	2224444110	1	0
I???EB_No	10	11	10	1	2	2244444110	1	0
I???EB_Fg	10	10	10	0	2	0003333112	1	0
I???EB_FW	10	10	10	0	2	0003333112	1	0
I???EB_Fw	10	11	10	0	1	0003333112	1	0
I???E?oo?	10	6	10	0	2	0033333131	1	0
I???E?ow?	10	7	10	0	3	1113333030	1	0
I???E?o{?	10	8	10	0	4	1111333000	1	0
I???E?oq?	10	7	10	0	3	1133133030	1	0
I???E?oi?	10	7	10	0	4	1313133330	1	0
I???E?oy?	10	8	10	0	4	1113133030	1	0
I???E?o}?	10	9	10	0	4	1111133330	1	0
I???E?oB?	10	6	10	0	4	0000330002	1	0
I???E?ob?	10	7	10	0	4	1333113330	1	0
I???E?or?	10	8	10	0	4	1133113030	1	0
I???E?oj?	10	8	10	0	4	1313113330	1	0
I???E?oz?	10	9	10	0	4	1113113330	1	0
I???E?o~?	10	10	10	0	4	1111113330	1	0
I???E?oB_	10	7	10	0	4	2222444220	1	0
I???E?ob_	10	8	10	0	4	1333111330	1	0
I???E?or_	10	9	10	0	4	1133111330	1	0
I???E?oj_	10	9	10	0	4	1313111330	1	0
I???E?oz_	10	10	10	0	4	1113111330	1	0
I???E?o~_	10	11	10	0	3	1144444240	1	0
I???E?oKO	10	7	10	0	3	3300333011	1	0
I???E?oIO	10	7	10	0	4	3303033031	1	0
I???E?oMO	10	8	10	0	4	3311133100	1	0
I???E?oBO	10	7	10	0	4	1133333031	1	0
I???E?oJO	10	8	10	0	4	3313113130	1	0
I???E?oNO	10	9	10	0	4	3311113400	1	0
I???E?oBo	10	8	10	0	4	3333111130	1	0
I???E?oJo	10	9	10	0	4	0030333102	1	0
I???E?oNo	10	10	10	0	3	3311111410	1	0
I???E?oAW	10	7	10	0	4	3333033001	1	0
I???E?oBW	10	8	10	0	4	3333113110	1	0
I???E?oBw	10	9	10	0	4	0000333112	1	0
I???EAo[?	10	8	10	0	4	1111333000	1	0
I???EAo{?	10	9	10	0	3	1111333000	1	0
I???EAoY?	10	8	10	0	5	1113333000	1	0
I???EAoy?	10	9	10	0	4	1113333000	1	0
I???EAom?	10	9	10	0	3	1311133300	1	0
I???EAo]?	10	9	10	0	5	1111333000	1	0
I???EAo}?	10	10	10	0	4	1111333000	1	0
I???EAoR?	10	8	10	0	5	4244222202	1	0
I???EAor?	10	9	10	0	5	1133333000	1	0
I???EAoj?	10	9	10	0	5	1313333000	1	0
I???EAoZ?	10	9	10	0	5	2442442220	1	0
I???EAoz?	10	10	10	0	5	1113333000	1	0
I???EAoN?	10	9	10	0	5	1311113300	1	0
I???EAon?	10	10	10	0	4	1311113300	1	0
I???EAo^?	10	10	10	0	5	2000000331	1	0
I???EAo~?	10	11	10	0	4	1111333002	1	0
I???EAob_	10	9	10	0	5	1333111330	1	0
I???EAoR_	10	9	10	0	4	2422444210	1	0
I???EAor_	10	10	10	0	5	1111333002	1	0
I???EAoJ_	10	9	10	0	5	2242444220	1	0
I???EAoj_	10	10	10	0	5	1111333002	1	0
I???EAoZ_	10	10	10	0	5	3003000021	1	0
I???EAoz_	10	11	10	0	4	1111333002	1	0
I???EAoN_	10	10	10	0	5	3311111420	1	0
I???EAon_	10	11	10	0	4	1111444220	1	0
I???EAo^_	10	11	10	0	4	3000000224	1	0
I???EAo~_	10	12	10	0	3	1111333002	1	0
I???EAoIO	10	8	10	1	5	4422222024	1	0
I???EAoMO	10	9	10	1	5	2244422100	1	0
I???EAoBO	10	8	10	0	5	1111333004	1	0
I???EAoJO	10	9	10	1	5	2242444110	1	0
I???EAoNO	10	10	10	1	5	2244442100	1	0
I???EAoBo	10	9	10	0	4	2022000034	1	0
I???EAoJo	10	10	10	1	4	2242444110	1	0
I???EAoNo	10	11	10	1	4	2244444110	1	0
I???EAoRG	10	9	10	1	4	3033000021	1	0
I???EAoRg	10	10	10	1	3	0300333012	1	0
I???EAoBw	10	10	10	0	3	0000333112	1	0
I???EBo{?	10	10	10	0	2	1111333000	1	0
I???EBoy?	10	10	10	0	3	1113333000	1	0
I???EBo}?	10	11	10	0	3	1111333000	1	0
I???EBor?	10	10	10	0	4	1133333000	1	0
I???EBoz?	10	11	10	0	4	1113333000	1	0
I???EBon?	10	11	10	0	4	1111333002	1	0
I???EBo~?	10	12	10	0	3	1111333002	1	0
I???EBor_	10	11	10	0	4	1111333002	1	0
I???EBoj_	10	11	10	0	4	1111333002	1	0
I???EBoz_	10	12	10	0	3	1111333002	1	0
I???EBoN_	10	11	10	0	4	3300000221	1	0
I???EBon_	10	12	10	0	3	1111333002	1	0
I???EBo~_	10	13	10	0	2	1111333002	1	0
I???EBoNO	10	11	10	1	4	3311111420	1	0
I???EBoJo	10	11	10	1	3	1131333004	1	0
I???EBoNo	10	12	10	1	3	3311111420	1	0
I???E?ww?	10	8	10	0	4	3330000202	1	0
I???E?wk?	10	8	10	0	4	1311133300	1	0
I???E?w{?	10	9	10	0	5	1111333000	1	0
I???E?wM?	10	8	10	0	2	3311133300	1	0
I???E?wm?	10	9	10	0	3	1311133300	1	0
I???E?w}?	10	10	10	0	4	0000033311	1	0
I???E?wp?	10	8	10	0	4	3300000202	1	0
I???E?wh?	10	8	10	0	5	3030030002	1	0
I???E?wx?	10	9	10	0	5	4442222020	1	0
I???E?wL?	10	8	10	0	4	3311113300	1	0
I???E?wl?	10	9	10	0	5	1311113300	1	0
I???E?w|?	10	10	10	0	5	0000303331	1	0
I???E?wN?	10	9	10	0	3	3311113300	1	0
I???E?wn?	10	10	10	0	4	1311113300	1	0
I???E?w~?	10	11	10	0	4	4411111320	1	0
I???E?w`_	10	8	10	0	5	3000033002	1	0
I???E?wp_	10	9	10	0	4	4422244010	1	0
I???E?wH_	10	8	10	0	5	0030033002	1	0
I???E?wh_	10	9	10	0	5	4242244220	1	0
I???E?wx_	10	10	10	0	5	0003300021	1	0
I???E?wL_	10	9	10	0	5	3311111300	1	0
I???E?wl_	10	10	10	0	5	4411111320	1	0
I???E?w|_	10	11	10	0	4	4411111320	1	0
I???E?wN_	10	10	10	0	4	3311111300	1	0
I???E?wn_	10	11	10	0	4	4411111320	1	0
I???E?w~_	10	12	10	0	3	4411111320	1	0
I???E?wMO	10	9	10	0	3	2244422100	1	0
I???E?wLO	10	9	10	0	4	2244442100	1	0
I???E?wNO	10	10	10	0	3	2244442100	1	0
I???E?w@o	10	8	10	0	5	4422222024	1	0
I???E?wHo	10	9	10	0	5	3313311130	1	0
I???E?wLo	10	10	10	0	4	2244444100	1	0
I???E?wNo	10	11	10	0	3	2244444100	1	0
I???E?wpG	10	9	10	0	3	0033303121	1	0
I???E?w`g	10	9	10	0	4	0033300021	1	0
I???E?wpg	10	10	10	0	3	1133311040	1	0
I???EAw{?	10	10	10	0	4	1111333000	1	0
I???EAwm?	10	10	10	0	2	1311133300	1	0
I???EAw]?	10	10	10	0	4	1111133300	1	0
I???EAw}?	10	11	10	0	3	1111133300	1	0
I???EAwx?	10	10	10	0	5	1113333000	1	0
I???EAwl?	10	10	10	0	4	1311113300	1	0
I???EAw\?	10	10	10	0	6	1111333000	1	0
I???EAw|?	10	11	10	0	5	1111333000	1	0
I???EAwn?	10	11	10	0	3	1311113300	1	0
I???EAw^?	10	11	10	0	5	0000003311	1	0
I???EAw~?	10	12	10	0	4	1111113300	1	0
I???EAwp_	10	10	10	0	5	1133311020	1	0
I???EAwh_	10	10	10	0	6	1313333000	1	0
I???EAwX_	10	10	10	0	5	4224422201	1	0
I???EAwx_	10	11	10	0	5	1144444200	1	0
I???EAwl_	10	11	10	0	5	1311111300	1	0
I???EAw\_	10	11	10	0	5	1144444200	1	0
I???EAw|_	10	12	10	0	4	1144444200	1	0
I???EAwN_	10	11	10	0	4	3311111420	1	0
I???EAwn_	10	12	10	0	4	1311111300	1	0
I???EAw^_	10	12	10	0	4	1144444200	1	0
I???EAw~_	10	13	10	0	3	4411111300	1	0
I???EAwNO	10	11	10	1	4	2244442100	1	0
I???EAwLo	10	11	10	1	4	3311111420	1	0
I???EAwNo	10	12	10	1	3	3311111420	1	0
I???EBw}?	10	12	10	0	2	1111133300	1	0
I???EBw|?	10	12	10	0	4	1111333000	1	0
I???EBw~?	10	13	10	0	3	1111113300	1	0
I???EBwx_	10	12	10	0	4	1144444200	1	0
I???EBw|_	10	13	10	0	3	1144444200	1	0
I???EBwn_	10	13	10	0	3	4411111300	1	0
I???EBw~_	10	14	10	0	2	4411111300	1	0
I???EBwNo	10	13	10	1	2	3311111420	1	0
I???E?{{?	10	10	10	0	5	3311111402	1	0
I???E?{m?	10	10	10	0	4	1311113300	1	0
I???E?{}?	10	11	10	0	4	4411111320	1	0
I???E?{N?	10	10	10	0	2	3311113300	1	0
I???E?{n?	10	11	10	0	3	1311113300	1	0
I???E?{~?	10	12	10	0	3	4411111320	1	0
I???E?{w_	10	10	10	0	4	2244442101	1	0
I???E?{k_	10	10	10	0	5	3311111402	1	0
I???E?{{_	10	11	10	0	4	4411111320	1	0
I???E?{M_	10	10	10	0	4	3311111300	1	0
I???E?{m_	10	11	10	0	4	4411111320	1	0
I???E?{}_	10	12	10	0	3	2200000341	1	0
I???E?{N_	10	11	10	0	3	3311111300	1	0
I???E?{n_	10	12	10	0	3	4411111320	1	0
I???E?{~_	10	13	10	0	2	2200000341	1	0
I???E?{NO	10	11	10	0	2	3311113400	1	0
I???E?{Mo	10	11	10	0	3	3311111400	1	0
I???E?{No	10	12	10	0	2	3311111400	1	0
I???EA{}?	10	12	10	0	4	1111113300	1	0
I???EA{n?	10	12	10	0	2	1311113300	1	0
I???EA{^?	10	12	10	0	4	0000003311	1	0
I???EA{~?	10	13	10	0	3	1111113300	1	0
I???EA{{_	10	12	10	0	4	1144444200	1	0
I???EA{m_	10	12	10	0	4	1311111300	1	0
I???EA{]_	10	12	10	0	4	2200000311	1	0
I???EA{}_	10	13	10	0	3	4411111300	1	0
I???EA{n_	10	13	10	0	3	1311111300	1	0
I???EA{^_	10	13	10	0	3	2200000311	1	0
I???EA{~_	10	14	10	0	2	4411111300	1	0
I???EA{No	10	13	10	1	2	3311111420	1	0
I???EB{~?	10	14	10	0	2	1111113300	1	0
I???EB{}_	10	14	10	0	2	4411111300	1	0
I???EB{~_	10	15	10	0	1	4411111300	1	0
I???E?}}?	10	12	10	0	3	2200000341	1	0
I???E?}n?	10	12	10	0	3	3311111402	1	0
I???E?}~?	10	13	10	0	2	2200000341	1	0
I???E?}N_	10	12	10	0	2	3311111300	1	0
I???E?}n_	10	13	10	0	2	4411111320	1	0
I???E?}~_	10	14	10	0	1	2200000341	1	0
I???E?}No	10	13	10	0	1	3311111400	1	0
I???EA}~?	10	14	10	0	2	4411111300	1	0
I???EA}n_	10	14	10	0	2	1311111300	1	0
I???EA}^_	10	14	10	0	2	2200000311	1	0
I???EA}~_	10	15	10	0	1	4411111300	1	0
I???EB}~_	10	16	10	0	0	4411111300	1	0
I???E?p{?	10	9	10	1	5	1111333000	1	0
I???E?py?	10	9	10	1	5	1113133010	1	0
I???E?p}?	10	10	10	1	5	1144111230	1	0
I???E?pr?	10	9	10	0	4	1133113040	1	0
I???E?pj?	10	9	10	1	5	4242442220	1	0
I???E?pz?	10	10	10	1	5	4422442010	1	0
I???E?p~?	10	11	10	1	4	1144111230	1	0
I???E?pb_	10	9	10	0	4	1133111340	1	0
I???E?pr_	10	10	10	0	3	3300333012	1	0
I???E?pj_	10	10	10	1	5	1144111230	1	0
I???E?pz_	10	11	10	1	4	1130333012	1	0
I???E?p~_	10	12	10	1	3	1144111230	1	0
I???E?pMO	10	9	10	0	3	3300033011	1	0
I???E?pJO	10	9	10	0	4	4422224011	1	0
I???E?pNO	10	10	10	0	3	3311113400	1	0
I???E?pBo	10	9	10	0	4	1111333014	1	0
I???E?pJo	10	10	10	0	3	0030333102	1	0
I???E?pNo	10	11	10	0	2	3311111430	1	0
I???E?x{?	10	10	10	1	5	3311111402	1	0
I???E?xm?	10	10	10	1	4	1311133100	1	0
I???E?x}?	10	11	10	1	4	4411111320	1	0
I???E?xx?	10	10	10	1	4	1133313040	1	0
I???E?xl?	10	10	10	1	5	2244442100	1	0
I???E?x|?	10	11	10	1	4	4411111320	1	0
I???E?xN?	10	10	10	0	3	3311113400	1	0
I???E?xn?	10	11	10	1	4	2244442100	1	0
I???E?x~?	10	12	10	1	3	4411111320	1	0
I???E?xp_	10	10	10	0	3	1133311040	1	0
I???E?xh_	10	10	10	1	5	3311111402	1	0
I???E?xx_	10	11	10	1	4	1133311040	1	0
I???E?xL_	10	10	10	0	4	3311111400	1	0
I???E?xl_	10	11	10	1	4	3311111402	1	0
I???E?x|_	10	12	10	1	3	3311111402	1	0
I???E?xN_	10	11	10	0	3	3311111400	1	0
I???E?xn_	10	12	10	1	3	3311111402	1	0
I???E?x~_	10	13	10	1	2	3311111402	1	0
I???E?xNO	10	11	10	0	2	3311113400	1	0
I???E?xLo	10	11	10	0	3	3311111400	1	0
I???E?xNo	10	12	10	0	2	3311111400	1	0
I???E?xpg	10	11	10	0	2	0033300121	1	0
I???E?|}?	10	12	10	1	3	3311111402	1	0
I???E?|n?	10	12	10	1	3	2244442100	1	0
I???E?|~?	10	13	10	1	2	4411111320	1	0
I???E?|{_	10	12	10	1	3	3311111402	1	0
I???E?|m_	10	12	10	1	3	3311111402	1	0
I???E?|}_	10	13	10	1	2	4411111320	1	0
I???E?|N_	10	12	10	0	2	3311111400	1	0
I???E?|n_	10	13	10	1	2	3311111402	1	0
I???E?|~_	10	14	10	1	1	3311111402	1	0
I???E?|NO	10	12	10	0	1	3311113400	1	0
I???E?|Mo	10	12	10	0	2	3311111400	1	0
I???E?|No	10	13	10	0	1	3311111400	1	0
I???E?~~?	10	14	10	1	1	4411111320	1	0
I???E?~n_	10	14	10	1	1	3311111402	1	0
I???E?~~_	10	15	10	1	0	4411111320	1	1
I???E?~No	10	14	10	0	0	3311111400	1	0
I???FB_w?	10	9	10	0	0	0003333111	1	0
I???FB_{?	10	10	10	0	1	1113333000	1	0
I???FB_u?	10	10	10	0	3	1113333000	1	0
I???FB_}?	10	11	10	0	2	1113333000	1	0
I???FB_F?	10	9	10	0	3	1113333003	1	0
I???FB_f?	10	10	10	0	3	1113333002	1	0
I???FB_v?	10	11	10	0	2	1113333002	1	0
I???FB_~?	10	12	10	0	1	1113333002	1	0
I???FB_F_	10	10	10	0	2	1113333004	1	0
I???FB_f_	10	11	10	0	2	1113333002	1	0
I???FB_v_	10	12	10	0	1	1113333002	1	0
I???FB_~_	10	13	10	0	0	1113333002	1	0
I???FB_Fo	10	11	10	0	1	2224444110	1	0
I???FB_EW	10	10	10	0	2	1113333001	1	0
I???FB_FW	10	11	10	0	1	0003333112	1	0
I???FB_Fw	10	12	10	0	0	0003333112	1	0
I???FBO{?	10	10	10	0	2	1111333000	1	0
I???FBOy?	10	10	10	0	3	1113333000	1	0
I???FBOm?	10	10	10	0	4	1111333000	1	0
I???FBO}?	10	11	10	0	3	1111333000	1	0
I???FBOr?	10	10	10	0	4	1133333000	1	0
I???FBOJ?	10	9	10	0	5	1111333003	1	0
I???FBOj?	10	10	10	0	5	1113333000	1	0
I???FBOz?	10	11	10	0	4	1113333000	1	0
I???FBON?	10	10	10	0	5	1111333002	1	0
I???FBOn?	10	11	10	0	4	1111333002	1	0
I???FBO~?	10	12	10	0	3	1111333002	1	0
I???FBOb_	10	10	10	0	5	1111333002	1	0
I???FBOr_	10	11	10	0	4	1111333002	1	0
I???FBOJ_	10	10	10	0	4	2242444110	1	0
I???FBOj_	10	11	10	0	4	1111333002	1	0
I???FBOz_	10	12	10	0	3	1111333002	1	0
I???FBON_	10	11	10	0	4	1111333002	1	0
I???FBOn_	10	12	10	0	3	1111333002	1	0
I???FBO~_	10	13	10	0	2	1111333002	1	0
I???FBOFo	10	11	10	1	3	2224444110	1	0
I???FBOBW	10	10	10	0	3	1111333004	1	0
I???FBOBw	10	11	10	0	2	0000333112	1	0
I???FBo{?	10	11	10	0	1	1111333000	1	0
I???FBoy?	10	11	10	0	2	1113333000	1	0
I???FBo}?	10	12	10	0	2	1111333000	1	0
I???FBoz?	10	12	10	0	3	1113333000	1	0
I???FBov?	10	12	10	0	3	1111333002	1	0
I???FBo~?	10	13	10	0	2	1111333002	1	0
I???FBor_	10	12	10	0	3	1111333002	1	0
I???FBoz_	10	13	10	0	2	1111333002	1	0
I???FBof_	10	12	10	0	3	1111333002	1	0
I???FBov_	10	13	10	0	2	1111333002	1	0
I???FBo~_	10	14	10	0	1	1111333002	1	0
I???FBoFO	10	11	10	1	3	1113333004	1	0
I???FBoBo	10	11	10	0	2	1111333004	1	0
I???FBoFo	10	12	10	1	2	2224444110	1	0
I???FAW[?	10	9	10	0	5	1111333000	1	0
I???FAW{?	10	10	10	0	4	1111333000	1	0
I???FAW]?	10	10	10	0	5	1111133000	1	0
I???FAW}?	10	11	10	0	4	1111133000	1	0
I???FAWx?	10	10	10	0	4	1113313030	1	0
I???FAWT?	10	9	10	0	6	1131333000	1	0
I???FAWt?	10	10	10	0	5	1131333000	1	0
I???FAW\?	10	10	10	0	6	1111333000	1	0
I???FAW|?	10	11	10	0	5	1111333000	1	0
I???FAW^?	10	11	10	0	6	1111133000	1	0
I???FAW~?	10	12	10	0	5	1111133000	1	0
I???FAWp_	10	10	10	0	6	1133333000	1	0
I???FAWX_	10	10	10	0	5	2442244010	1	0
I???FAWx_	10	11	10	0	5	1113311030	1	0
I???FAWT_	10	10	10	0	6	2424244220	1	0
I???FAWt_	10	11	10	0	6	1131333000	1	0
I???FAW\_	10	11	10	0	6	1111133002	1	0
I???FAW|_	10	12	10	0	5	1111133002	1	0
I???FAW^_	10	12	10	0	5	1111133002	1	0
I???FAW~_	10	13	10	0	4	1111133002	1	0
I???FAWFO	10	10	10	1	4	4442224011	1	0
I???FAWDo	10	10	10	1	5	4442222031	1	0
I???FAWFo	10	11	10	1	4	2224444100	1	0
I???FAW@w	10	10	10	0	4	1111133004	1	0
I???FBW{?	10	11	10	0	3	1111333000	1	0
I???FBWu?	10	11	10	0	3	1131133000	1	0
I???FBWm?	10	11	10	0	4	1111133000	1	0
I???FBW}?	10	12	10	0	3	1111133000	1	0
I???FBWx?	10	11	10	0	4	1113333000	1	0
I???FBWt?	10	11	10	0	4	1131333000	1	0
I???FBWl?	10	11	10	0	5	1111333000	1	0
I???FBW|?	10	12	10	0	4	1111333000	1	0
I???FBWv?	10	12	10	0	4	1131133000	1	0
I???FBWn?	10	12	10	0	5	1111133000	1	0
I???FBW~?	10	13	10	0	4	1111133000	1	0
I???FBWp_	10	11	10	0	5	1133333000	1	0
I???FBWh_	10	11	10	0	6	1113333000	1	0
I???FBWx_	10	12	10	0	5	1113333000	1	0
I???FBWt_	10	12	10	0	5	1131333000	1	0
I???FBWl_	10	12	10	0	5	1111133002	1	0
I???FBW|_	10	13	10	0	4	1111133002	1	0
I???FBWf_	10	12	10	0	5	1111133002	1	0
I???FBWv_	10	13	10	0	4	1111133002	1	0
I???FBWN_	10	12	10	0	5	1111133002	1	0
I???FBWn_	10	13	10	0	4	1111133002	1	0
I???FBW~_	10	14	10	0	3	1111133002	1	0
I???FBWFO	10	11	10	1	4	1113331024	1	0
I???FBWDo	10	11	10	1	4	1113133004	1	0
I???FBWFo	10	12	10	1	3	2224444130	1	0
I???FBw}?	10	13	10	0	2	1111133000	1	0
I???FBw|?	10	13	10	0	3	1111333000	1	0
I???FBw~?	10	14	10	0	3	1111133000	1	0
I???FBwx_	10	13	10	0	4	1113333000	1	0
I???FBw|_	10	14	10	0	3	1111133002	1	0
I???FBwv_	10	14	10	0	3	1111133002	1	0
I???FBw~_	10	15	10	0	2	1111133002	1	0
I???F?[{?	10	10	10	0	4	1111333030	1	0
I???F?[u?	10	10	10	0	5	1114441230	1	0
I???F?[}?	10	11	10	0	4	1114441230	1	0
I???F?[~?	10	12	10	0	3	1114441230	1	0
I???F?[o_	10	9	10	0	4	1113331040	1	0
I???F?[w_	10	10	10	0	3	1113331040	1	0
I???F?[c_	10	9	10	0	6	3003003002	1	0
I???F?[s_	10	10	10	0	5	4442224010	1	0
I???F?[{_	10	11	10	0	4	4442224010	1	0
I???F?[u_	10	11	10	0	4	1114441230	1	0
I???F?[}_	10	12	10	0	3	1114441230	1	0
I???F?[~_	10	13	10	0	2	1114441230	1	0
I???F?[FO	10	10	10	0	2	4442224011	1	0
I???F?[Eo	10	10	10	0	3	4442222011	1	0
I???F?[Fo	10	11	10	0	2	2224444100	1	0
I???FA[{?	10	11	10	0	4	1111333020	1	0
I???FA[u?	10	11	10	0	5	1131133000	1	0
I???FA[]?	10	11	10	0	6	1111133000	1	0
I???FA[}?	10	12	10	0	5	1111133000	1	0
I???FA[f?	10	11	10	0	3	1331113300	1	0
I???FA[V?	10	11	10	0	5	1131113300	1	0
I???FA[v?	10	12	10	0	4	1131113300	1	0
I???FA[^?	10	12	10	0	5	1114444200	1	0
I???FA[~?	10	13	10	0	4	1114444200	1	0
I???FA[w_	10	11	10	0	4	1113331020	1	0
I???FA[s_	10	11	10	0	6	1131333000	1	0
I???FA[[_	10	11	10	0	5	4224442101	1	0
I???FA[{_	10	12	10	0	5	1111331020	1	0
I???FA[e_	10	11	10	0	5	1331111300	1	0
I???FA[U_	10	11	10	0	6	1114444200	1	0
I???FA[u_	10	12	10	0	5	1114444200	1	0
I???FA[]_	10	12	10	0	5	1114444200	1	0
I???FA[}_	10	13	10	0	4	1114444200	1	0
I???FA[f_	10	12	10	0	4	1331111300	1	0
I???FA[V_	10	12	10	0	5	1114444200	1	0
I???FA[v_	10	13	10	0	4	1114444200	1	0
I???FA[^_	10	13	10	0	4	1114444200	1	0
I???FA[~_	10	14	10	0	3	1114444200	1	0
I???FA[Fo	10	12	10	1	3	2224444100	1	0
I???FB[}?	10	13	10	0	4	1111133000	1	0
I???FB[v?	10	13	10	0	3	1131113300	1	0
I???FB[n?	10	13	10	0	4	1114444200	1	0
I???FB[~?	10	14	10	0	3	1114444200	1	0
I???FB[{_	10	13	10	0	4	1111331020	1	0
I???FB[u_	10	13	10	0	4	1114444200	1	0
I???FB[m_	10	13	10	0	4	1114444200	1	0
I???FB[}_	10	14	10	0	3	1114444200	1	0
I???FB[v_	10	14	10	0	3	1114444200	1	0
I???FB[n_	10	14	10	0	3	1114444200	1	0
I???FB[~_	10	15	10	0	2	1114444200	1	0
I???FB{~?	10	15	10	0	2	1114444200	1	0
I???FB{}_	10	15	10	0	2	1114444200	1	0
I???FB{~_	10	16	10	0	1	1114444200	1	0
I???F?]{?	10	11	10	0	3	2224444101	1	0
I???F?]u?	10	11	10	0	4	3331111402	1	0
I???F?]}?	10	12	10	0	3	4441111320	1	0
I???F?]f?	10	11	10	0	4	2224444100	1	0
I???F?]v?	10	12	10	0	3	4441111320	1	0
I???F?]~?	10	13	10	0	2	4441111320	1	0
I???F?]F_	10	11	10	0	2	3331111400	1	0
I???F?]f_	10	12	10	0	3	2224444100	1	0
I???F?]v_	10	13	10	0	2	4441111320	1	0
I???F?]~_	10	14	10	0	1	4441111320	1	0
I???F?]Fo	10	12	10	0	1	2224444100	1	0
I???FA]}?	10	13	10	0	4	1111133020	1	0
I???FA]v?	10	13	10	0	4	1114444200	1	0
I???FA]^?	10	13	10	0	4	1114444200	1	0
I???FA]~?	10	14	10	0	3	1114444200	1	0
I???FA]f_	10	13	10	0	3	1331111300	1	0
I???FA]V_	10	13	10	0	4	1114444200	1	0
I???FA]v_	10	14	10	0	3	1114444200	1	0
I???FA]^_	10	14	10	0	3	4441111300	1	0
I???FA]~_	10	15	10	0	2	4441111300	1	0
I???FB]~?	10	15	10	0	2	1114444200	1	0
I???FB]v_	10	15	10	0	2	1114444200	1	0
I???FB]n_	10	15	10	0	2	4441111300	1	0
I???FB]~_	10	16	10	0	1	4441111300	1	0
I???FB}~_	10	17	10	0	0	4441111300	1	0
I???F?\}?	10	12	10	1	3	1114441230	1	0
I???F?\~?	10	13	10	1	2	1114441230	1	0
I???F?\{_	10	12	10	1	3	1113331040	1	0
I???F?\u_	10	12	10	1	3	1114441230	1	0
I???F?\}_	10	13	10	1	2	1113331042	1	0
I???F?\~_	10	14	10	1	1	1114441230	1	0
I???F?\Fo	10	12	10	0	1	3330000211	1	0
I???F?^}?	10	13	10	1	2	1113333042	1	0
I???F?^v?	10	13	10	1	2	3331111402	1	0
I???F?^~?	10	14	10	1	1	4441111320	1	0
I???F?^f_	10	13	10	1	2	3331111400	1	0
I???F?^v_	10	14	10	1	1	3331111402	1	0
I???F?^~_	10	15	10	1	0	4441111320	1	1
I???Fbo{?	10	12	10	0	0	1111333000	1	0
I???Fbo}?	10	13	10	0	1	1111333000	1	0
I???Fbor?	10	12	10	0	3	1111333002	1	0
I???Fboz?	10	13	10	0	2	1111333002	1	0
I???Fbo~?	10	14	10	0	1	1111333002	1	0
I???Fbor_	10	13	10	0	2	1111333002	1	0
I???Fboz_	10	14	10	0	1	1111333002	1	0
I???Fbo~_	10	15	10	0	0	1111333002	1	0
I???FboBw	10	13	10	0	0	1111333004	1	0
I???Fbg{?	10	12	10	0	2	1111333000	1	0
I???Fbgu?	10	12	10	0	3	1111133000	1	0
I???Fbg}?	10	13	10	0	2	1111133000	1	0
I???Fbgx?	10	12	10	0	3	1113333000	1	0
I???Fbgt?	10	12	10	0	4	1111333000	1	0
I???Fbg|?	10	13	10	0	3	1111333000	1	0
I???Fbgv?	10	13	10	0	4	1111133000	1	0
I???Fbg~?	10	14	10	0	3	1111133000	1	0
I???Fbgp_	10	12	10	0	5	1113333000	1	0
I???Fbgx_	10	13	10	0	4	1113333000	1	0
I???Fbgt_	10	13	10	0	4	1111133002	1	0
I???Fbg|_	10	14	10	0	3	1111133002	1	0
I???Fbgf_	10	13	10	0	4	1111133002	1	0
I???Fbgv_	10	14	10	0	3	1111133002	1	0
I???Fbg~_	10	15	10	0	2	1111133002	1	0
I???Fbw}?	10	14	10	0	1	1111133000	1	0
I???Fbw|?	10	14	10	0	2	1111333000	1	0
I???Fbw~?	10	15	10	0	2	1111133000	1	0
I???Fbw|_	10	15	10	0	2	1111133002	1	0
I???Fbwz_	10	15	10	0	2	1111133002	1	0
I???Fbw~_	10	16	10	0	1	1111133002	1	0
I???FbKm?	10	12	10	0	5	1111133000	1	0
I???FbK}?	10	13	10	0	4	1111133000	1	0
I???FbKN?	10	12	10	0	6	1111113000	1	0
I???FbKn?	10	13	10	0	5	1111113000	1	0
I???FbK~?	10	14	10	0	4	1111113000	1	0
I???FbK{_	10	13	10	0	4	1111331020	1	0
I???FbKi_	10	12	10	0	6	1113133000	1	0
I???FbKy_	10	13	10	0	5	1113133000	1	0
I???FbKm_	10	13	10	0	5	1144114020	1	0
I???FbK}_	10	14	10	0	4	1144114020	1	0
I???FbKN_	10	13	10	0	5	1144114020	1	0
I???FbKn_	10	14	10	0	4	1144114020	1	0
I???FbK~_	10	15	10	0	3	1144114020	1	0
I???Fbk}?	10	14	10	0	3	1111133000	1	0
I???Fbkz?	10	14	10	0	3	1113113000	1	0
I???Fbkv?	10	14	10	0	4	1111113000	1	0
I???Fbk~?	10	15	10	0	3	1111113000	1	0
I???Fbk{_	10	14	10	0	3	1111331020	1	0
I???Fbky_	10	14	10	0	4	1113133000	1	0
I???Fbku_	10	14	10	0	4	1111444200	1	0
I???Fbk}_	10	15	10	0	3	1111444200	1	0
I???Fbkz_	10	15	10	0	3	1111444200	1	0
I???Fbkv_	10	15	10	0	3	1111444200	1	0
I???Fbk~_	10	16	10	0	2	1111444200	1	0
I???Fb{~?	10	16	10	0	2	1111113000	1	0
I???Fb{}_	10	16	10	0	2	1111444200	1	0
I???Fb{~_	10	17	10	0	1	1111444200	1	0
I???FaM{?	10	12	10	0	3	1111333020	1	0
I???FaMy?	10	12	10	0	5	1111133020	1	0
I???FaM]?	10	12	10	0	4	2444222010	1	0
I???FaM}?	10	13	10	0	4	1111133020	1	0
I???FaMZ?	10	12	10	0	5	2444222013	1	0
I???FaMz?	10	13	10	0	4	1111444230	1	0
I???FaM^?	10	13	10	0	4	1111444230	1	0
I???FaM~?	10	14	10	0	3	1111444230	1	0
I???FaM^_	10	14	10	0	3	1111444230	1	0
I???FaM~_	10	15	10	0	2	1111444230	1	0
I???FbM}?	10	14	10	0	3	1111133020	1	0
I???FbMz?	10	14	10	0	4	1111444200	1	0
I???FbMn?	10	14	10	0	4	1111444200	1	0
I???FbM~?	10	15	10	0	3	1111444200	1	0
I???FbMr_	10	14	10	0	3	1133111200	1	0
I???FbMj_	10	14	10	0	4	1111444200	1	0
I???FbMz_	10	15	10	0	3	1111444200	1	0
I???FbMN_	10	14	10	0	4	1111444200	1	0
I???FbMn_	10	15	10	0	3	1111444200	1	0
I???FbM~_	10	16	10	0	2	1111444200	1	0
I???Fbm~?	10	16	10	0	2	1111444200	1	0
I???Fbmz_	10	16	10	0	2	1111444200	1	0
I???Fbmv_	10	16	10	0	2	1111444200	1	0
I???Fbm~_	10	17	10	0	1	1111444200	1	0
I???Fb}~_	10	18	10	0	0	1111444200	1	0
I???Frw}?	10	15	10	0	0	1111133000	1	0
I???Frw~?	10	16	10	0	1	1111133000	1	0
I???Frw|_	10	16	10	0	1	1111133002	1	0
I???Frw~_	10	17	10	0	0	1111133002	1	0
I???Frs}?	10	15	10	0	2	1111133000	1	0
I???Frsz?	10	15	10	0	3	1111113000	1	0
I???Frs~?	10	16	10	0	2	1111113000	1	0
I???Frs{_	10	15	10	0	3	1111333000	1	0
I???Frs}_	10	16	10	0	3	1111133000	1	0
I???Frsz_	10	16	10	0	3	1111113002	1	0
I???Frs~_	10	17	10	0	2	1111113002	1	0
I???Fr{~?	10	17	10	0	1	1111113000	1	0
I???Fr{}_	10	17	10	0	2	1111133000	1	0
I???Fr{~_	10	18	10	0	1	1111113002	1	0
I???Fre}?	10	15	10	0	2	1111133020	1	0
I???Fre|?	10	15	10	0	4	1111313000	1	0
I???Frev?	10	15	10	0	4	1111113020	1	0
I???Fre~?	10	16	10	0	3	1111113020	1	0
I???Fref_	10	15	10	0	4	1441111002	1	0
I???Frev_	10	16	10	0	3	1114411020	1	0
I???Fre~_	10	17	10	0	2	1114411020	1	0
I???Fru~?	10	17	10	0	2	1111113020	1	0
I???Fru|_	10	17	10	0	2	1111311200	1	0
I???Fruz_	10	17	10	0	2	1111144200	1	0
I???Fru~_	10	18	10	0	1	1111144200	1	0
I???Fr}~_	10	19	10	0	0	1111144200	1	0
I???Fz{~?	10	18	10	0	0	1111113000	1	0
I???Fz{}_	10	18	10	0	1	1111113002	1	0
I???Fz{~_	10	19	10	0	0	1111113002	1	0
I???Fzy|_	10	18	10	0	2	1111411002	1	0
I???Fzy~_	10	19	10	0	1	1111141020	1	0
I???Fz}~_	10	20	10	0	0	1111114200	1	0
I???F~}~_	10	21	10	0	0	1111111000	1	1
I??CA?_o?	10	5	10	0	3	0033331131	1	0
I??CA?_w?	10	6	10	0	3	1113333330	1	0
I??CA?_C?	10	4	10	0	3	0002000003	1	0
I??CA?_c?	10	5	10	0	3	0330331331	1	0
I??CA?_s?	10	6	10	0	3	1131333330	1	0
I??CA?_{?	10	7	10	0	3	1111333330	1	0
I??CA?_E?	10	5	10	0	3	2224422220	1	0
I??CA?_e?	10	6	10	0	3	1331133330	1	0
I??CA?_u?	10	7	10	0	3	1131133330	1	0
I??CA?_}?	10	8	10	0	3	1111133330	1	0
I??CA?_F?	10	6	10	0	3	2224442220	1	0
I??CA?_f?	10	7	10	0	3	1331113330	1	0
I??CA?_v?	10	8	10	0	3	1131113330	1	0
I??CA?_~?	10	9	10	0	3	1111113330	1	0
I??CAA_W?	10	6	10	0	4	0003333311	1	0
I??CAA_w?	10	7	10	0	3	0003333311	1	0
I??CAA_S?	10	6	10	0	4	0202222242	1	0
I??CAA_s?	10	7	10	0	4	0030333331	1	0
I??CAA_k?	10	7	10	0	3	0300333311	1	0
I??CAA_[?	10	7	10	0	4	2444222220	1	0
I??CAA_{?	10	8	10	0	4	1111333300	1	0
I??CAA_U?	10	7	10	0	4	2424422220	1	0
I??CAA_u?	10	8	10	0	4	1131133330	1	0
I??CAA_M?	10	7	10	0	4	2244422220	1	0
I??CAA_m?	10	8	10	0	4	1311133300	1	0
I??CAA_]?	10	8	10	0	4	2444422220	1	0
I??CAA_}?	10	9	10	0	4	1111133330	1	0
I??CAA_F?	10	7	10	0	4	2224442220	1	0
I??CAA_f?	10	8	10	0	4	1331113330	1	0
I??CAA_V?	10	8	10	0	4	2424442220	1	0
I??CAA_v?	10	9	10	0	4	4111113130	1	0
I??CAA_N?	10	8	10	0	4	3300003331	1	0
I??CAA_n?	10	9	10	0	4	1311113330	1	0
I??CAA_^?	10	9	10	0	4	3000002024	1	0
I??CAA_~?	10	10	10	0	3	4111113130	1	0
I??CAA_G_	10	6	10	1	4	0303330311	1	0
I??CAA_W_	10	7	10	1	4	2442224220	1	0
I??CAA_K_	10	7	10	1	4	2244224220	1	0
I??CAA_[_	10	8	10	1	4	2444224220	1	0
I??CAA_M_	10	8	10	1	4	2244424220	1	0
I??CAA_]_	10	9	10	1	4	3000030331	1	0
I??CAA_N_	10	9	10	1	4	2244444220	1	0
I??CAA_^_	10	10	10	1	4	3000002021	1	0
I??CAB_s?	10	8	10	0	4	0000333311	1	0
I??CAB_{?	10	9	10	0	3	1111333300	1	0
I??CAB_u?	10	9	10	0	5	1111133300	1	0
I??CAB_m?	10	9	10	0	5	1111133300	1	0
I??CAB_}?	10	10	10	0	4	1111133300	1	0
I??CAB_f?	10	9	10	0	5	1144442220	1	0
I??CAB_v?	10	10	10	0	4	1144442220	1	0
I??CAB_N?	10	9	10	0	5	1144442220	1	0
I??CAB_n?	10	10	10	0	4	1144442220	1	0
I??CAB_~?	10	11	10	0	3	1144442220	1	0
I??CAB_[_	10	9	10	1	5	1111331300	1	0
I??CAB_U_	10	9	10	1	5	3131131330	1	0
I??CAB_M_	10	9	10	1	5	2244424220	1	0
I??CAB_]_	10	10	10	1	5	1114444220	1	0
I??CAB_F_	10	9	10	0	4	2224444210	1	0
I??CAB_V_	10	10	10	1	5	0103333002	1	0
I??CAB_N_	10	10	10	1	5	3300000021	1	0
I??CAB_^_	10	11	10	1	4	1411111330	1	0
I??CAB_Go	10	8	10	1	5	4442222202	1	0
I??CAB_Co	10	8	10	0	5	4442222202	1	0
I??CAB_Ko	10	9	10	1	5	2244224420	1	0
I??CAB_Eo	10	9	10	0	4	2224424410	1	0
I??CAB_Mo	10	10	10	1	5	3300000021	1	0
I??CAB_Fo	10	10	10	0	3	3330000021	1	0
I??CAB_No	10	11	10	1	4	3300000021	1	0
I??CAB_Fg	10	10	10	0	3	0003333012	1	0
I??CAB_Cw	10	9	10	0	4	1133330001	1	0
I??CAB_Ew	10	10	10	0	3	2224424410	1	0
I??CAB_Fw	10	11	10	0	2	0003333312	1	0
I??CA?oo?	10	6	10	0	4	0033331131	1	0
I??CA?og?	10	6	10	0	4	0300333311	1	0
I??CA?ow?	10	7	10	0	4	1113333330	1	0
I??CA?oK?	10	6	10	0	2	3300333311	1	0
I??CA?ok?	10	7	10	0	3	1311333300	1	0
I??CA?o{?	10	8	10	0	4	1111333300	1	0
I??CA?oa?	10	6	10	0	4	0222022224	1	0
I??CA?oq?	10	7	10	0	4	1133133330	1	0
I??CA?oi?	10	7	10	0	4	1313133330	1	0
I??CA?oy?	10	8	10	0	4	1113133330	1	0
I??CA?oM?	10	7	10	0	3	3311133300	1	0
I??CA?om?	10	8	10	0	4	1311133300	1	0
I??CA?o}?	10	9	10	0	4	1111133330	1	0
I??CA?oB?	10	6	10	0	4	0000330002	1	0
I??CA?ob?	10	7	10	0	4	1333113330	1	0
I??CA?or?	10	8	10	0	4	1133113330	1	0
I??CA?oJ?	10	7	10	0	4	3313113330	1	0
I??CA?oj?	10	8	10	0	4	1313113330	1	0
I??CA?oz?	10	9	10	0	4	1113113330	1	0
I??CA?oN?	10	8	10	0	4	3311113300	1	0
I??CA?on?	10	9	10	0	4	1311113330	1	0
I??CA?o~?	10	10	10	0	4	1111113330	1	0
I??CA?ooG	10	7	10	0	4	0033333301	1	0
I??CA?oaG	10	7	10	0	4	0333033301	1	0
I??CA?oqG	10	8	10	0	4	1133133310	1	0
I??CA?oBG	10	7	10	0	4	3311333301	1	0
I??CA?obG	10	8	10	0	4	1333113310	1	0
I??CA?orG	10	9	10	0	4	1133113310	1	0
I??CAAo[?	10	8	10	0	4	1111333300	1	0
I??CAAo{?	10	9	10	0	3	1111333300	1	0
I??CAAoY?	10	8	10	0	5	4244222202	1	0
I??CAAoy?	10	9	10	0	5	1111133300	1	0
I??CAAom?	10	9	10	0	3	1311133300	1	0
I??CAAo]?	10	9	10	0	5	1111133300	1	0
I??CAAo}?	10	10	10	0	4	1111133300	1	0
I??CAAoR?	10	8	10	0	5	4244222202	1	0
I??CAAor?	10	9	10	0	5	1133113330	1	0
I??CAAoj?	10	9	10	0	5	1311113300	1	0
I??CAAoZ?	10	9	10	0	5	2442442220	1	0
I??CAAoz?	10	10	10	0	5	1411442420	1	0
I??CAAoN?	10	9	10	0	5	1311113300	1	0
I??CAAon?	10	10	10	0	4	1311113300	1	0
I??CAAo^?	10	10	10	0	5	3000002024	1	0
I??CAAo~?	10	11	10	0	4	1411442420	1	0
I??CAAoW_	10	8	10	1	5	4244222202	1	0
I??CAAoK_	10	8	10	1	4	1311331300	1	0
I??CAAo[_	10	9	10	1	5	1111331300	1	0
I??CAAoQ_	10	8	10	0	5	4244222202	1	0
I??CAAoI_	10	8	10	1	5	4244222202	1	0
I??CAAoY_	10	9	10	1	5	2442424220	1	0
I??CAAoM_	10	9	10	1	5	1311131300	1	0
I??CAAo]_	10	10	10	1	5	3000030331	1	0
I??CAAoB_	10	8	10	0	5	4244222202	1	0
I??CAAoR_	10	9	10	0	4	2422444210	1	0
I??CAAoJ_	10	9	10	1	5	2242444220	1	0
I??CAAoZ_	10	10	10	1	5	3003000021	1	0
I??CAAoN_	10	10	10	1	5	1411444420	1	0
I??CAAo^_	10	11	10	1	4	1411444420	1	0
I??CAAoRG	10	9	10	0	4	1311331104	1	0
I??CAAoQg	10	9	10	0	4	4244222201	1	0
I??CAAoBg	10	9	10	0	4	4244222201	1	0
I??CAAoRg	10	10	10	0	3	3133111140	1	0
I??CABo{?	10	10	10	0	2	1111333300	1	0
I??CABoy?	10	10	10	0	4	1111133300	1	0
I??CABo}?	10	11	10	0	3	1111133300	1	0
I??CABor?	10	10	10	0	6	1111113300	1	0
I??CABoz?	10	11	10	0	5	1111113300	1	0
I??CABon?	10	11	10	0	5	1111113300	1	0
I??CABo~?	10	12	10	0	4	1111113300	1	0
I??CABo[_	10	10	10	1	4	1111331300	1	0
I??CABoY_	10	10	10	1	6	1111131300	1	0
I??CABo]_	10	11	10	1	5	1111131300	1	0
I??CABoR_	10	10	10	1	5	4244222201	1	0
I??CABoZ_	10	11	10	1	5	1111444420	1	0
I??CABoN_	10	11	10	1	5	3311114420	1	0
I??CABo^_	10	12	10	1	4	1111444420	1	0
I??CABoKo	10	10	10	2	6	1111331100	1	0
I??CABoIo	10	10	10	1	5	4424222201	1	0
I??CABoMo	10	11	10	2	5	3311114420	1	0
I??CABoBo	10	10	10	0	3	4444222201	1	0
I??CABoJo	10	11	10	1	4	3303000021	1	0
I??CABoNo	10	12	10	2	4	3311114420	1	0
I??CABoBw	10	11	10	0	2	4444222201	1	0
I??CA?ww?	10	8	10	0	5	3330000002	1	0
I??CA?wk?	10	8	10	0	4	1311133300	1	0
I??CA?w{?	10	9	10	0	5	1111133300	1	0
I??CA?wM?	10	8	10	0	2	3311133300	1	0
I??CA?wm?	10	9	10	0	3	1311133300	1	0
I??CA?w}?	10	10	10	0	4	0000033311	1	0
I??CA?wp?	10	8	10	0	5	3300030002	1	0
I??CA?wh?	10	8	10	0	5	3030030002	1	0
I??CA?wx?	10	9	10	0	5	4442242220	1	0
I??CA?wL?	10	8	10	0	4	3311113300	1	0
I??CA?wl?	10	9	10	0	5	1311113300	1	0
I??CA?w|?	10	10	10	0	5	0000303331	1	0
I??CA?wN?	10	9	10	0	3	3311113300	1	0
I??CA?wn?	10	10	10	0	4	1311113300	1	0
I??CA?w~?	10	11	10	0	4	4411144420	1	0
I??CA?wpG	10	9	10	0	4	0033300021	1	0
I??CAAw{?	10	10	10	0	4	1111133300	1	0
I??CAAwm?	10	10	10	0	2	1311133300	1	0
I??CAAw]?	10	10	10	0	4	1111133300	1	0
I??CAAw}?	10	11	10	0	3	1111133300	1	0
I??CAAwx?	10	10	10	0	6	1111113300	1	0
I??CAAwl?	10	10	10	0	4	1311113300	1	0
I??CAAw\?	10	10	10	0	6	1111113300	1	0
I??CAAw|?	10	11	10	0	5	1111113300	1	0
I??CAAwn?	10	11	10	0	3	1311113300	1	0
I??CAAw^?	10	11	10	0	5	1111113300	1	0
I??CAAw~?	10	12	10	0	4	1111113300	1	0
I??CAAw[_	10	10	10	1	6	1111131300	1	0
I??CAAwM_	10	10	10	1	4	1311131300	1	0
I??CAAw]_	10	11	10	1	5	0000030311	1	0
I??CAAwX_	10	10	10	1	5	4224422201	1	0
I??CAAwL_	10	10	10	1	6	1311111300	1	0
I??CAAw\_	10	11	10	1	5	3411114320	1	0
I??CAAwN_	10	11	10	1	5	1311111300	1	0
I??CAAw^_	10	12	10	1	4	3411114320	1	0
I??CABw}?	10	12	10	0	2	1111133300	1	0
I??CABw|?	10	12	10	0	4	1111113300	1	0
I??CABw~?	10	13	10	0	3	1111113300	1	0
I??CABw]_	10	12	10	1	4	1111131300	1	0
I??CABw\_	10	12	10	1	5	1411111300	1	0
I??CABw^_	10	13	10	1	4	1411111300	1	0
I??CABwMo	10	12	10	2	4	4411113302	1	0
I??CABwLo	10	12	10	2	4	4411113302	1	0
I??CABwNo	10	13	10	2	3	3311114420	1	0
I??CA?{{?	10	10	10	0	6	1111113300	1	0
I??CA?{m?	10	10	10	0	4	1311113300	1	0
I??CA?{}?	10	11	10	0	5	0000003311	1	0
I??CA?{N?	10	10	10	0	2	3311113300	1	0
I??CA?{n?	10	11	10	0	3	1311113300	1	0
I??CA?{~?	10	12	10	0	4	0000003311	1	0
I??CAA{}?	10	12	10	0	4	1111113300	1	0
I??CAA{n?	10	12	10	0	2	1311113300	1	0
I??CAA{^?	10	12	10	0	4	0000003311	1	0
I??CAA{~?	10	13	10	0	3	1111113300	1	0
I??CAA{]_	10	12	10	1	4	4311113402	1	0
I??CAA{N_	10	12	10	1	4	1311111300	1	0
I??CAA{^_	10	13	10	1	3	3411114320	1	0
I??CAB{~?	10	14	10	0	2	1111113300	1	0
I??CAB{^_	10	14	10	1	3	1411111300	1	0
I??CAB{No	10	14	10	2	2	4411113302	1	0
I??CE@_w?	10	8	10	0	3	0003333111	1	0
I??CE@_s?	10	8	10	0	4	0033331111	1	0
I??CE@_k?	10	8	10	0	5	0300333331	1	0
I??CE@_{?	10	9	10	0	4	1113333000	1	0
I??CE@_u?	10	9	10	0	5	1133330000	1	0
I??CE@_M?	10	8	10	0	5	2244422220	1	0
I??CE@_m?	10	9	10	0	5	1144442220	1	0
I??CE@_]?	10	9	10	0	5	3111133300	1	0
I??CE@_}?	10	10	10	0	4	1144442220	1	0
I??CE@_F?	10	8	10	0	5	2224442220	1	0
I??CE@_f?	10	9	10	0	5	1331113330	1	0
I??CE@_V?	10	9	10	0	5	3131113330	1	0
I??CE@_v?	10	10	10	0	4	1133330002	1	0
I??CE@_N?	10	9	10	0	5	2244442220	1	0
I??CE@_n?	10	10	10	0	4	1144442220	1	0
I??CE@_^?	10	10	10	0	4	1144442220	1	0
I??CE@_~?	10	11	10	0	3	1133330002	1	0
I??CE@_G_	10	7	10	1	5	0002222442	1	0
I??CE@_W_	10	8	10	1	4	3003330311	1	0
I??CE@_K_	10	8	10	1	5	2244224220	1	0
I??CE@_[_	10	9	10	1	5	3111331300	1	0
I??CE@_U_	10	9	10	1	5	3131131330	1	0
I??CE@_M_	10	9	10	1	5	2244424220	1	0
I??CE@_]_	10	10	10	1	5	3111131330	1	0
I??CE@_V_	10	10	10	1	5	1411111330	1	0
I??CE@_N_	10	10	10	1	5	3300000201	1	0
I??CE@_^_	10	11	10	1	4	1411111330	1	0
I??CE@_cG	10	8	10	1	5	0330333301	1	0
I??CE@_eG	10	9	10	1	5	1331133310	1	0
I??CE@_fG	10	10	10	1	5	1003330012	1	0
I??CEB_{?	10	10	10	0	3	0003333111	1	0
I??CEB_]?	10	10	10	0	4	1144442220	1	0
I??CEB_}?	10	11	10	0	3	1144442220	1	0
I??CEB_V?	10	10	10	0	4	0033331114	1	0
I??CEB_v?	10	11	10	0	3	1133330002	1	0
I??CEB_N?	10	10	10	0	4	1144442220	1	0
I??CEB_n?	10	11	10	0	3	1133330002	1	0
I??CEB_^?	10	11	10	0	3	0033331114	1	0
I??CEB_~?	10	12	10	0	2	1133330002	1	0
I??CEB_[_	10	10	10	1	5	0003333111	1	0
I??CEB_U_	10	10	10	1	5	1114444220	1	0
I??CEB_M_	10	10	10	1	5	2244441110	1	0
I??CEB_]_	10	11	10	1	4	0003333114	1	0
I??CEB_V_	10	11	10	1	4	0003333114	1	0
I??CEB_N_	10	11	10	1	4	3300000221	1	0
I??CEB_^_	10	12	10	1	3	0003333114	1	0
I??CE?ow?	10	8	10	0	4	0003333131	1	0
I??CE?oK?	10	7	10	0	3	0022000033	1	0
I??CE?ok?	10	8	10	0	4	0300333311	1	0
I??CE?o[?	10	8	10	0	4	2444222200	1	0
I??CE?o{?	10	9	10	0	5	1111333000	1	0
I??CE?oq?	10	8	10	0	4	0033033131	1	0
I??CE?oY?	10	8	10	0	5	2442422220	1	0
I??CE?oy?	10	9	10	0	5	1113133030	1	0
I??CE?oM?	10	8	10	0	4	2244222200	1	0
I??CE?om?	10	9	10	0	5	1311133300	1	0
I??CE?o]?	10	9	10	0	5	2444222200	1	0
I??CE?o}?	10	10	10	0	5	1111133330	1	0
I??CE?oR?	10	8	10	0	5	2422442220	1	0
I??CE?or?	10	9	10	0	5	1133113030	1	0
I??CE?oJ?	10	8	10	0	5	2242442220	1	0
I??CE?oj?	10	9	10	0	5	1313113330	1	0
I??CE?oZ?	10	9	10	0	5	2442442220	1	0
I??CE?oz?	10	10	10	0	5	1113113330	1	0
I??CE?oN?	10	9	10	0	5	2244222200	1	0
I??CE?on?	10	10	10	0	5	4311113300	1	0
I??CE?o^?	10	10	10	0	5	3000002204	1	0
I??CE?o~?	10	11	10	0	4	1144442240	1	0
I??CE?oO_	10	7	10	1	5	0033330131	1	0
I??CE?oW_	10	8	10	1	5	2442224220	1	0
I??CE?o[_	10	9	10	1	5	2444224200	1	0
I??CE?oQ_	10	8	10	1	5	2422424220	1	0
I??CE?oY_	10	9	10	1	5	2442424220	1	0
I??CE?o]_	10	10	10	1	5	3000030331	1	0
I??CE?oR_	10	9	10	1	5	2422444220	1	0
I??CE?oZ_	10	10	10	1	5	3003000331	1	0
I??CE?o^_	10	11	10	1	5	3000002201	1	0
I??CE?ooG	10	8	10	0	4	0033333101	1	0
I??CE?oaG	10	8	10	0	5	0333033301	1	0
I??CE?oQG	10	8	10	0	5	3033033301	1	0
I??CE?oqG	10	9	10	0	5	1133133010	1	0
I??CE?oBG	10	8	10	0	5	3311333301	1	0
I??CE?obG	10	9	10	0	5	1333113310	1	0
I??CE?oRG	10	9	10	0	5	3133113310	1	0
I??CE?orG	10	10	10	0	5	1133113310	1	0
I??CE?oOg	10	8	10	1	5	3033330301	1	0
I??CE?oQg	10	9	10	1	5	3133131310	1	0
I??CE?oRg	10	10	10	1	5	3133111310	1	0
I??CE@ow?	10	9	10	0	4	0003333111	1	0
I??CE@o{?	10	10	10	0	4	1111333000	1	0
I??CE@oy?	10	10	10	0	5	1113333000	1	0
I??CE@om?	10	10	10	0	5	1444422200	1	0
I??CE@o]?	10	10	10	0	4	3111133300	1	0
I??CE@o}?	10	11	10	0	4	1444422200	1	0
I??CE@or?	10	10	10	0	6	1133330000	1	0
I??CE@oj?	10	10	10	0	6	1144442200	1	0
I??CE@oZ?	10	10	10	0	6	3111113300	1	0
I??CE@oz?	10	11	10	0	5	1144442200	1	0
I??CE@oN?	10	10	10	0	6	2244222200	1	0
I??CE@on?	10	11	10	0	5	1144442200	1	0
I??CE@o^?	10	11	10	0	5	3111113300	1	0
I??CE@o~?	10	12	10	0	4	1144442200	1	0
I??CE@oK_	10	9	10	1	5	2244222200	1	0
I??CE@o[_	10	10	10	1	4	3111331300	1	0
I??CE@oI_	10	9	10	1	6	0030303002	1	0
I??CE@oY_	10	10	10	1	6	3111131300	1	0
I??CE@oM_	10	10	10	1	6	2244222200	1	0
I??CE@o]_	10	11	10	1	5	3111131300	1	0
I??CE@oB_	10	9	10	0	6	0000333002	1	0
I??CE@oR_	10	10	10	1	6	3133111330	1	0
I??CE@oJ_	10	10	10	1	6	2242444220	1	0
I??CE@oZ_	10	11	10	1	6	2142444220	1	0
I??CE@oN_	10	11	10	1	5	3311114420	1	0
I??CE@o^_	10	12	10	1	5	2144444220	1	0
I??CE@oMO	10	10	10	1	6	1144111133	1	0
I??CE@oJO	10	10	10	1	6	2242444110	1	0
I??CE@oNO	10	11	10	1	5	2244441130	1	0
I??CE@oGo	10	9	10	1	5	4422220024	1	0
I??CE@oKo	10	10	10	1	6	1144111133	1	0
I??CE@oAo	10	9	10	0	5	4422220024	1	0
I??CE@oIo	10	10	10	1	6	2244441130	1	0
I??CE@oMo	10	11	10	1	5	2244441130	1	0
I??CE@oBo	10	10	10	0	5	2222444110	1	0
I??CE@oJo	10	11	10	1	5	2244441130	1	0
I??CE@oNo	10	12	10	1	4	2244441130	1	0
I??CE@oBg	10	10	10	0	5	1444222201	1	0
I??CE@oAw	10	10	10	0	4	1444242201	1	0
I??CE@oBw	10	11	10	0	4	2222444110	1	0
I??CEBo}?	10	12	10	0	3	1444422200	1	0
I??CEBoz?	10	12	10	0	4	1144442200	1	0
I??CEBon?	10	12	10	0	4	1144442200	1	0
I??CEBo^?	10	12	10	0	4	4111113300	1	0
I??CEBo~?	10	13	10	0	3	1144442200	1	0
I??CEBo[_	10	11	10	1	5	1111331300	1	0
I??CEBoY_	10	11	10	1	6	1113333000	1	0
I??CEBo]_	10	12	10	1	5	1444422200	1	0
I??CEBoR_	10	11	10	1	6	4111333002	1	0
I??CEBoZ_	10	12	10	1	5	4411111330	1	0
I??CEBoN_	10	12	10	1	4	3311114420	1	0
I??CEBo^_	10	13	10	1	4	4411111330	1	0
I??CEBoNO	10	12	10	1	4	4411113302	1	0
I??CEBoKo	10	11	10	2	5	4411113302	1	0
I??CEBoIo	10	11	10	1	5	4411113302	1	0
I??CEBoMo	10	12	10	2	4	3311114420	1	0
I??CEBoBo	10	11	10	0	4	1444222201	1	0
I??CEBoJo	10	12	10	1	4	0030333112	1	0
I??CEBoNo	10	13	10	2	3	4411113302	1	0
I??CEBoBw	10	12	10	0	3	1444222201	1	0
I??CE?w[?	10	9	10	0	5	2244222200	1	0
I??CE?w{?	10	10	10	0	5	1444422200	1	0
I??CE?wM?	10	9	10	0	3	3311133300	1	0
I??CE?wm?	10	10	10	0	4	1244422200	1	0
I??CE?w]?	10	10	10	0	4	2244422200	1	0
I??CE?w}?	10	11	10	0	4	1444422200	1	0
I??CE?wp?	10	9	10	0	5	0022202424	1	0
I??CE?wX?	10	9	10	0	6	0330030002	1	0
I??CE?wx?	10	10	10	0	6	1144442230	1	0
I??CE?wL?	10	9	10	0	5	3311113300	1	0
I??CE?wl?	10	10	10	0	5	1244442200	1	0
I??CE?w\?	10	10	10	0	6	2244222200	1	0
I??CE?w|?	10	11	10	0	5	1144442230	1	0
I??CE?wN?	10	10	10	0	4	3311113300	1	0
I??CE?wn?	10	11	10	0	4	1244442200	1	0
I??CE?w^?	10	11	10	0	5	2000002244	1	0
I??CE?w~?	10	12	10	0	4	1144442230	1	0
I??CE?wW_	10	9	10	1	6	0330003002	1	0
I??CE?w[_	10	10	10	1	6	2244222200	1	0
I??CE?w]_	10	11	10	1	5	3000030311	1	0
I??CE?wP_	10	9	10	1	6	0300033002	1	0
I??CE?wX_	10	10	10	1	6	2442244220	1	0
I??CE?w\_	10	11	10	1	6	3000300331	1	0
I??CE?w^_	10	12	10	1	5	3000002241	1	0
I??CE?wpG	10	10	10	0	4	0033303121	1	0
I??CE?wPg	10	10	10	1	5	1244422201	1	0
I??CEAw]?	10	11	10	0	4	1444422200	1	0
I??CEAw}?	10	12	10	0	3	4111133300	1	0
I??CEAw\?	10	11	10	0	5	1144442200	1	0
I??CEAw|?	10	12	10	0	4	1144442200	1	0
I??CEAwn?	10	12	10	0	3	4311113300	1	0
I??CEAw^?	10	12	10	0	4	3000002244	1	0
I??CEAw~?	10	13	10	0	3	4111113300	1	0
I??CEAw[_	10	11	10	1	6	1444422200	1	0
I??CEAwM_	10	11	10	1	5	1311131300	1	0
I??CEAw]_	10	12	10	1	5	1444422200	1	0
I??CEAwX_	10	11	10	1	6	4111113302	1	0
I??CEAwL_	10	11	10	1	5	4411113302	1	0
I??CEAw\_	10	12	10	1	5	3111114420	1	0
I??CEAwN_	10	12	10	1	4	3311114420	1	0
I??CEAw^_	10	13	10	1	4	3000002241	1	0
I??CEAwMO	10	11	10	1	5	1311133100	1	0
I??CEAwLO	10	11	10	1	5	4411113302	1	0
I??CEAwNO	10	12	10	1	4	3311114420	1	0
I??CEAwKo	10	11	10	1	5	4411113302	1	0
I??CEAwMo	10	12	10	1	4	3311114420	1	0
I??CEAwHo	10	11	10	1	5	0333311140	1	0
I??CEAwLo	10	12	10	1	4	3311114420	1	0
I??CEAwNo	10	13	10	1	3	3311114420	1	0
I??CE@w{?	10	11	10	0	4	4111133300	1	0
I??CE@w]?	10	11	10	0	3	3111133300	1	0
I??CE@w}?	10	12	10	0	3	4111133300	1	0
I??CE@wx?	10	11	10	0	5	1144442200	1	0
I??CE@w\?	10	11	10	0	5	3111113300	1	0
I??CE@w|?	10	12	10	0	4	4111113300	1	0
I??CE@wn?	10	12	10	0	4	2000003311	1	0
I??CE@w^?	10	12	10	0	4	3111113300	1	0
I??CE@w~?	10	13	10	0	3	4111113300	1	0
I??CE@w[_	10	11	10	1	5	3111131300	1	0
I??CE@wM_	10	11	10	1	5	2244422200	1	0
I??CE@w]_	10	12	10	1	4	3111131300	1	0
I??CE@wX_	10	11	10	1	6	4111113302	1	0
I??CE@wL_	10	11	10	1	5	4411113302	1	0
I??CE@w\_	10	12	10	1	5	3111114420	1	0
I??CE@wN_	10	12	10	1	4	3300002241	1	0
I??CE@w^_	10	13	10	1	4	3111114420	1	0
I??CE@wNO	10	12	10	1	4	3311114420	1	0
I??CE@wKo	10	11	10	1	5	4411113302	1	0
I??CE@wMo	10	12	10	1	4	3311114420	1	0
I??CE@wHo	10	11	10	1	5	4411113302	1	0
I??CE@wLo	10	12	10	1	4	3300002241	1	0
I??CE@wNo	10	13	10	1	3	3300002241	1	0
I??CEBw}?	10	13	10	0	2	4111133300	1	0
I??CEBw|?	10	13	10	0	3	1144442200	1	0
I??CEBw~?	10	14	10	0	2	4111113300	1	0
I??CEBw]_	10	13	10	1	4	1444422200	1	0
I??CEBw\_	10	13	10	1	4	4111113302	1	0
I??CEBw^_	10	14	10	1	3	3111114420	1	0
I??CEBwMo	10	13	10	2	3	4411113302	1	0
I??CEBwLo	10	13	10	2	3	3311114420	1	0
I??CEBwNo	10	14	10	2	2	3311114420	1	0
I??CE?{{?	10	11	10	0	5	1144442200	1	0
I??CE?{m?	10	11	10	0	4	4311113300	1	0
I??CE?{]?	10	11	10	0	5	2244422200	1	0
I??CE?{}?	10	12	10	0	4	2000003311	1	0
I??CE?{N?	10	11	10	0	3	3311113300	1	0
I??CE?{n?	10	12	10	0	3	4311113300	1	0
I??CE?{^?	10	12	10	0	4	2000002244	1	0
I??CE?{~?	10	13	10	0	3	2000003311	1	0
I??CE?{[_	10	11	10	1	6	3311113402	1	0
I??CE?{]_	10	12	10	1	5	3111114420	1	0
I??CE?{^_	10	13	10	1	4	3000002241	1	0
I??CEA{}?	10	13	10	0	3	4111113300	1	0
I??CEA{n?	10	13	10	0	2	4311113300	1	0
I??CEA{^?	10	13	10	0	3	2000003311	1	0
I??CEA{~?	10	14	10	0	2	4111113300	1	0
I??CEA{]_	10	13	10	1	4	4111113302	1	0
I??CEA{N_	10	13	10	1	3	4411113302	1	0
I??CEA{^_	10	14	10	1	3	3111114420	1	0
I??CEA{NO	10	13	10	1	3	4411113302	1	0
I??CEA{Mo	10	13	10	1	3	3311114420	1	0
I??CEA{No	10	14	10	1	2	3311114420	1	0
I??CE@{}?	10	13	10	0	3	4111113300	1	0
I??CE@{^?	10	13	10	0	3	3111113300	1	0
I??CE@{~?	10	14	10	0	2	4111113300	1	0
I??CE@{]_	10	13	10	1	4	4111113302	1	0
I??CE@{N_	10	13	10	1	3	3300002241	1	0
I??CE@{^_	10	14	10	1	3	3111114420	1	0
I??CE@{Mo	10	13	10	1	3	3300002241	1	0
I??CE@{No	10	14	10	1	2	3300002241	1	0
I??CEB{~?	10	15	10	0	1	4111113300	1	0
I??CEB{^_	10	15	10	1	2	4111113302	1	0
I??CEB{No	10	15	10	2	1	3311114420	1	0
I??CE@Aw?	10	8	10	1	4	0033331111	1	0
I??CE@A{?	10	9	10	1	5	1133330000	1	0
I??CE@AM?	10	8	10	1	5	2244422220	1	0
I??CE@Am?	10	9	10	1	5	1311133330	1	0
I??CE@A}?	10	10	10	1	4	1133330002	1	0
I??CE@AN?	10	9	10	1	5	2244442110	1	0
I??CE@An?	10	10	10	1	4	1144442220	1	0
I??CE@A~?	10	11	10	1	3	1133330002	1	0
I??CE@aw?	10	9	10	1	4	0003333111	1	0
I??CE@a{?	10	10	10	1	5	1113333000	1	0
I??CE@au?	10	10	10	1	6	1133330000	1	0
I??CE@am?	10	10	10	1	6	1311133330	1	0
I??CE@a]?	10	10	10	1	6	3111131300	1	0
I??CE@a}?	10	11	10	1	5	1144442220	1	0
I??CE@af?	10	10	10	1	5	0220002034	1	0
I??CE@aV?	10	10	10	1	6	3411114330	1	0
I??CE@av?	10	11	10	1	5	1133330002	1	0
I??CE@aN?	10	10	10	1	6	2244441120	1	0
I??CE@an?	10	11	10	1	5	1244442210	1	0
I??CE@a^?	10	11	10	1	5	3411114330	1	0
I??CE@a~?	10	12	10	1	4	1133330002	1	0
I??CE@a[_	10	10	10	1	4	3111331300	1	0
I??CE@aU_	10	10	10	1	6	0133331000	1	0
I??CE@a]_	10	11	10	1	5	3111131300	1	0
I??CE@aV_	10	11	10	1	5	0133331002	1	0
I??CE@a^_	10	12	10	1	4	2144441220	1	0
I??CE@afG	10	11	10	1	4	1003330012	1	0
I??CE@q}?	10	12	10	1	5	1444422200	1	0
I??CE@qz?	10	12	10	1	5	4111113320	1	0
I??CE@qn?	10	12	10	1	5	2000003341	1	0
I??CE@q^?	10	12	10	1	5	4111113320	1	0
I??CE@q~?	10	13	10	1	4	4111113320	1	0
I??CE@q[_	10	11	10	1	3	3111331300	1	0
I??CE@qY_	10	11	10	1	5	3111131300	1	0
I??CE@q]_	10	12	10	1	4	3111131300	1	0
I??CE@qR_	10	11	10	1	7	0133331000	1	0
I??CE@qZ_	10	12	10	1	6	3111111300	1	0
I??CE@q^_	10	13	10	1	5	3111111300	1	0
I??CE@y~?	10	14	10	1	3	4111113320	1	0
I??CE@y]_	10	13	10	1	3	3111131300	1	0
I??CE@y\_	10	13	10	1	5	3111111300	1	0
I??CE@y^_	10	14	10	1	4	3111111300	1	0
I??CE@}^_	10	15	10	1	3	3111111300	1	0
I??CB@_w?	10	8	10	0	2	3003333111	1	0
I??CB@_[?	10	8	10	0	2	3003333111	1	0
I??CB@_{?	10	9	10	0	3	3113333000	1	0
I??CB@_e?	10	8	10	0	4	0330000220	1	0
I??CB@_u?	10	9	10	0	4	4114444220	1	0
I??CB@_]?	10	9	10	0	3	3113333000	1	0
I??CB@_}?	10	10	10	0	3	3113333002	1	0
I??CB@_F?	10	8	10	0	4	3003333113	1	0
I??CB@_f?	10	9	10	0	4	0330000221	1	0
I??CB@_V?	10	9	10	0	4	0330000224	1	0
I??CB@_v?	10	10	10	0	3	4114444220	1	0
I??CB@_^?	10	10	10	0	3	3113333002	1	0
I??CB@_~?	10	11	10	0	2	3113333002	1	0
I??CBB_w?	10	9	10	0	2	0003333111	1	0
I??CBB_{?	10	10	10	0	3	1113333000	1	0
I??CBB_u?	10	10	10	0	5	1113333000	1	0
I??CBB_]?	10	10	10	0	4	3113333000	1	0
I??CBB_}?	10	11	10	0	4	1113333000	1	0
I??CBB_f?	10	10	10	0	5	1113330002	1	0
I??CBB_V?	10	10	10	0	5	1113330002	1	0
I??CBB_v?	10	11	10	0	4	1113330002	1	0
I??CBB_^?	10	11	10	0	4	1113330002	1	0
I??CBB_~?	10	12	10	0	3	1113330002	1	0
I??CBB_W_	10	9	10	1	3	3003333111	1	0
I??CBB_[_	10	10	10	1	4	3113333000	1	0
I??CBB_U_	10	10	10	1	5	1113333002	1	0
I??CBB_]_	10	11	10	1	4	1113333002	1	0
I??CBB_F_	10	10	10	0	4	2224444110	1	0
I??CBB_V_	10	11	10	1	4	1113333002	1	0
I??CBB_^_	10	12	10	1	3	1113333002	1	0
I??CBB_cO	10	9	10	1	5	1113333001	1	0
I??CBB_EO	10	9	10	0	5	1113333001	1	0
I??CBB_eO	10	10	10	1	5	1331111440	1	0
I??CBB_FO	10	10	10	0	4	2224444110	1	0
I??CBB_fO	10	11	10	1	4	1331111440	1	0
I??CBB_Co	10	9	10	0	5	1113330001	1	0
I??CBB_Eo	10	10	10	0	4	2224444110	1	0
I??CBB_Fo	10	11	10	0	3	2224444110	1	0
I??CBB_Fg	10	11	10	0	3	0003333112	1	0
I??CBB_FW	10	11	10	0	3	0003333112	1	0
I??CBB_Ew	10	11	10	0	3	0003333112	1	0
I??CBB_Fw	10	12	10	0	2	0003333112	1	0
I??CB@Og?	10	7	10	0	5	0003333131	1	0
I??CB@Ow?	10	8	10	0	4	0003333131	1	0
I??CB@OK?	10	7	10	0	4	3000333111	1	0
I??CB@Ok?	10	8	10	0	5	1311333330	1	0
I??CB@O[?	10	8	10	0	3	3000333111	1	0
I??CB@O{?	10	9	10	0	4	3111333000	1	0
I??CB@Oi?	10	8	10	0	5	1313133330	1	0
I??CB@Oy?	10	9	10	0	5	1113133030	1	0
I??CB@OM?	10	8	10	0	5	2244422220	1	0
I??CB@Om?	10	9	10	0	5	1311133330	1	0
I??CB@O]?	10	9	10	0	4	3111333000	1	0
I??CB@O}?	10	10	10	0	5	3111333000	1	0
I??CB@Ob?	10	8	10	0	5	1333113330	1	0
I??CB@Or?	10	9	10	0	5	1133113330	1	0
I??CB@OJ?	10	8	10	0	5	2242442220	1	0
I??CB@Oj?	10	9	10	0	5	1313113330	1	0
I??CB@OZ?	10	9	10	0	5	3113333000	1	0
I??CB@Oz?	10	10	10	0	5	1113113330	1	0
I??CB@ON?	10	9	10	0	5	2244442220	1	0
I??CB@On?	10	10	10	0	5	4144442220	1	0
I??CB@O^?	10	10	10	0	5	3111333000	1	0
I??CB@O~?	10	11	10	0	4	3111333002	1	0
I??CB@OcO	10	8	10	1	5	0330333031	1	0
I??CB@OaO	10	8	10	0	5	0333033031	1	0
I??CB@OEO	10	8	10	1	5	3113333031	1	0
I??CB@OeO	10	9	10	1	5	1331133130	1	0
I??CB@ObO	10	9	10	0	5	1333113130	1	0
I??CB@OFO	10	9	10	1	5	3331113130	1	0
I??CB@OfO	10	10	10	1	5	1331111410	1	0
I??CB@O_W	10	8	10	0	4	0133333001	1	0
I??CB@OAW	10	8	10	0	4	3111333001	1	0
I??CB@OaW	10	9	10	0	5	1033133110	1	0
I??CB@OBW	10	9	10	0	5	3000333110	1	0
I??CB@ObW	10	10	10	0	4	4222444110	1	0
I??CBBOw?	10	9	10	0	4	0003333111	1	0
I??CBBO{?	10	10	10	0	4	1111333000	1	0
I??CBBOy?	10	10	10	0	5	1113333000	1	0
I??CBBOu?	10	10	10	0	4	1131133300	1	0
I??CBBOm?	10	10	10	0	6	1111333000	1	0
I??CBBO]?	10	10	10	0	5	3111333000	1	0
I??CBBO}?	10	11	10	0	5	1111333000	1	0
I??CBBOr?	10	10	10	0	6	1133330000	1	0
I??CBBOj?	10	10	10	0	6	1144442220	1	0
I??CBBOZ?	10	10	10	0	6	3113333000	1	0
I??CBBOz?	10	11	10	0	5	1144442220	1	0
I??CBBOf?	10	10	10	0	6	1131113300	1	0
I??CBBOV?	10	10	10	0	6	1131113300	1	0
I??CBBOv?	10	11	10	0	5	1131113300	1	0
I??CBBON?	10	10	10	0	6	1144442220	1	0
I??CBBOn?	10	11	10	0	5	1144442220	1	0
I??CBBO^?	10	11	10	0	5	1144442220	1	0
I??CBBO~?	10	12	10	0	4	1144442220	1	0
I??CBBOK_	10	9	10	1	6	2444222000	1	0
I??CBBO[_	10	10	10	1	5	3111333000	1	0
I??CBBOI_	10	9	10	1	6	4424222202	1	0
I??CBBOY_	10	10	10	1	6	3113333000	1	0
I??CBBOU_	10	10	10	1	6	1131131300	1	0
I??CBBOM_	10	10	10	1	6	2244424220	1	0
I??CBBO]_	10	11	10	1	6	3111333000	1	0
I??CBBOR_	10	10	10	1	6	3133111330	1	0
I??CBBOJ_	10	10	10	1	5	2242444210	1	0
I??CBBOZ_	10	11	10	1	6	1111333002	1	0
I??CBBOF_	10	10	10	1	6	2224444220	1	0
I??CBBOV_	10	11	10	1	6	3111444220	1	0
I??CBBON_	10	11	10	1	6	3300000021	1	0
I??CBBO^_	10	12	10	1	5	1411111330	1	0
I??CBBOcO	10	9	10	1	5	0030333011	1	0
I??CBBOaO	10	9	10	1	6	0222022024	1	0
I??CBBOEO	10	9	10	1	6	2442222024	1	0
I??CBBOeO	10	10	10	1	6	1131133100	1	0
I??CBBOBO	10	9	10	0	6	4444222001	1	0
I??CBBObO	10	10	10	1	6	1333113130	1	0
I??CBBOFO	10	10	10	1	6	2224444110	1	0
I??CBBOfO	10	11	10	1	6	1224442120	1	0
I??CBBOCo	10	9	10	1	6	1133330001	1	0
I??CBBOAo	10	9	10	0	6	1133330001	1	0
I??CBBOEo	10	10	10	1	6	2224444110	1	0
I??CBBOBo	10	10	10	0	5	2222444110	1	0
I??CBBOFo	10	11	10	1	5	2224444110	1	0
I??CBBOIg	10	10	10	1	5	4424222201	1	0
I??CBBOJg	10	11	10	1	4	0030333012	1	0
I??CBBOBw	10	11	10	0	4	2222444110	1	0
I??CB@ow?	10	9	10	0	3	3003333111	1	0
I??CB@o[?	10	9	10	0	2	3000333111	1	0
I??CB@o{?	10	10	10	0	3	3111333000	1	0
I??CB@oY?	10	9	10	0	3	3003333111	1	0
I??CB@oy?	10	10	10	0	4	3113333000	1	0
I??CB@ou?	10	10	10	0	5	3111333000	1	0
I??CB@o]?	10	10	10	0	3	3111333000	1	0
I??CB@o}?	10	11	10	0	4	3111333000	1	0
I??CB@or?	10	10	10	0	5	3111333002	1	0
I??CB@oZ?	10	10	10	0	4	3113333000	1	0
I??CB@oz?	10	11	10	0	4	3111333002	1	0
I??CB@of?	10	10	10	0	5	4111444220	1	0
I??CB@oV?	10	10	10	0	5	3111333000	1	0
I??CB@ov?	10	11	10	0	4	3111333002	1	0
I??CB@o^?	10	11	10	0	4	3111333000	1	0
I??CB@o~?	10	12	10	0	3	3111333002	1	0
I??CB@ocO	10	9	10	1	5	3111333001	1	0
I??CB@oaO	10	9	10	0	5	2444222001	1	0
I??CB@oEO	10	9	10	1	5	3111333001	1	0
I??CB@oeO	10	10	10	1	5	4224444110	1	0
I??CB@oBO	10	9	10	0	5	3111333001	1	0
I??CB@obO	10	10	10	0	4	4222444110	1	0
I??CB@oFO	10	10	10	1	5	4224444110	1	0
I??CB@ofO	10	11	10	1	4	4224444110	1	0
I??CB@obW	10	11	10	0	3	3000333112	1	0
I??CBBo{?	10	11	10	0	3	1111333000	1	0
I??CBBoy?	10	11	10	0	4	1113333000	1	0
I??CBBo}?	10	12	10	0	4	1111333000	1	0
I??CBBoz?	10	12	10	0	5	1113333000	1	0
I??CBBov?	10	12	10	0	5	1111333002	1	0
I??CBBo^?	10	12	10	0	5	3111333000	1	0
I??CBBo~?	10	13	10	0	4	1111333002	1	0
I??CBBo[_	10	11	10	1	4	3111333000	1	0
I??CBBoY_	10	11	10	1	5	3113333000	1	0
I??CBBo]_	10	12	10	1	5	3111333000	1	0
I??CBBoZ_	10	12	10	1	5	1111333002	1	0
I??CBBoV_	10	12	10	1	5	1441111330	1	0
I??CBBo^_	10	13	10	1	4	1441111330	1	0
I??CBBofO	10	12	10	1	5	1331111420	1	0
I??CBBoFo	10	12	10	1	4	3330000221	1	0
I??CB?Wo?	10	7	10	0	5	0003300020	1	0
I??CB?WW?	10	7	10	0	3	3003333131	1	0
I??CB?Ww?	10	8	10	0	4	1113333030	1	0
I??CB?Ws?	10	8	10	0	5	1131333330	1	0
I??CB?W[?	10	8	10	0	4	3111333030	1	0
I??CB?W{?	10	9	10	0	5	1111333030	1	0
I??CB?W]?	10	9	10	0	5	3111133000	1	0
I??CB?W}?	10	10	10	0	5	1111133330	1	0
I??CB?W`?	10	7	10	0	5	0003300020	1	0
I??CB?Wp?	10	8	10	0	5	1133313330	1	0
I??CB?WX?	10	8	10	0	4	3113313030	1	0
I??CB?Wx?	10	9	10	0	5	1113313030	1	0
I??CB?WT?	10	8	10	0	5	3131313330	1	0
I??CB?Wt?	10	9	10	0	5	1131313330	1	0
I??CB?W\?	10	9	10	0	5	3111313030	1	0
I??CB?W|?	10	10	10	0	5	1111313330	1	0
I??CB?W^?	10	10	10	0	5	3111113330	1	0
I??CB?W~?	10	11	10	0	5	1111113330	1	0
I??CB?WcO	10	8	10	0	5	0330333031	1	0
I??CB?WEO	10	8	10	0	4	3330033011	1	0
I??CB?WeO	10	9	10	0	5	1331133100	1	0
I??CB?W`O	10	8	10	0	5	0333303031	1	0
I??CB?WDO	10	8	10	0	5	3330303031	1	0
I??CB?WdO	10	9	10	0	5	1331313130	1	0
I??CB?WFO	10	9	10	0	5	3331113100	1	0
I??CB?WfO	10	10	10	0	5	1331113400	1	0
I??CB?W_W	10	8	10	0	5	0333333001	1	0
I??CB?W@W	10	8	10	0	5	3333303001	1	0
I??CB?W`W	10	9	10	0	5	1333313110	1	0
I??CBAW[?	10	9	10	0	5	0333000202	1	0
I??CBAW{?	10	10	10	0	6	1111333000	1	0
I??CBAWu?	10	10	10	0	4	1131133300	1	0
I??CBAW]?	10	10	10	0	6	1111133300	1	0
I??CBAW}?	10	11	10	0	5	1111133300	1	0
I??CBAWX?	10	9	10	0	5	0330000202	1	0
I??CBAWx?	10	10	10	0	6	1113313030	1	0
I??CBAWt?	10	10	10	0	6	1131113300	1	0
I??CBAW\?	10	10	10	0	6	2444222020	1	0
I??CBAW|?	10	11	10	0	6	1441111320	1	0
I??CBAWf?	10	10	10	0	4	1331113300	1	0
I??CBAWV?	10	10	10	0	6	1131113300	1	0
I??CBAWv?	10	11	10	0	5	1131113300	1	0
I??CBAW^?	10	11	10	0	6	3000002024	1	0
I??CBAW~?	10	12	10	0	5	1441111320	1	0
I??CBAWW_	10	9	10	0	5	0330003202	1	0
I??CBAWS_	10	9	10	1	6	4224422202	1	0
I??CBAW[_	10	10	10	1	6	2444224020	1	0
I??CBAWE_	10	9	10	1	5	1331131300	1	0
I??CBAWU_	10	10	10	1	6	1131131300	1	0
I??CBAW]_	10	11	10	1	6	3000030331	1	0
I??CBAWP_	10	9	10	0	6	4224422202	1	0
I??CBAWX_	10	10	10	0	5	2442244010	1	0
I??CBAWD_	10	9	10	1	6	4224422202	1	0
I??CBAWT_	10	10	10	1	6	2424244220	1	0
I??CBAW\_	10	11	10	1	6	3000300021	1	0
I??CBAWF_	10	10	10	1	6	1331111300	1	0
I??CBAWV_	10	11	10	1	6	3030000331	1	0
I??CBAW^_	10	12	10	1	5	3441114320	1	0
I??CBAWcO	10	9	10	0	5	0330033011	1	0
I??CBAWeO	10	10	10	0	4	1331133100	1	0
I??CBAW`O	10	9	10	0	6	0333303031	1	0
I??CBAWdO	10	10	10	0	5	1331113400	1	0
I??CBAWFO	10	10	10	0	5	4224442100	1	0
I??CBAWfO	10	11	10	0	4	1331113400	1	0
I??CBAWCo	10	9	10	1	6	2220220024	1	0
I??CBAWEo	10	10	10	1	5	4224424100	1	0
I??CBAW@o	10	9	10	0	6	2222200024	1	0
I??CBAWDo	10	10	10	1	6	3331311130	1	0
I??CBAWFo	10	11	10	1	5	4224444100	1	0
I??CBAWXG	10	10	10	0	4	3003303121	1	0
I??CBAWWg	10	10	10	0	4	3003330121	1	0
I??CBAWPg	10	10	10	0	5	4224422101	1	0
I??CBAWXg	10	11	10	0	4	3113311040	1	0
I??CB@Wk?	10	9	10	0	6	2444222000	1	0
I??CB@W{?	10	10	10	0	5	3111333000	1	0
I??CB@We?	10	9	10	0	5	1131133300	1	0
I??CB@Wu?	10	10	10	0	4	1131133300	1	0
I??CB@WM?	10	9	10	0	5	3111133000	1	0
I??CB@Wm?	10	10	10	0	6	1111133300	1	0
I??CB@W]?	10	10	10	0	4	3111133000	1	0
I??CB@W}?	10	11	10	0	5	1111133300	1	0
I??CB@Wh?	10	9	10	0	6	3030030002	1	0
I??CB@Wx?	10	10	10	0	6	3113333000	1	0
I??CB@Wd?	10	9	10	0	6	3003030002	1	0
I??CB@Wt?	10	10	10	0	6	1131113300	1	0
I??CB@WL?	10	9	10	0	6	3111333000	1	0
I??CB@Wl?	10	10	10	0	6	4244242220	1	0
I??CB@W\?	10	10	10	0	5	3111333000	1	0
I??CB@W|?	10	11	10	0	6	3111333000	1	0
I??CB@Wf?	10	10	10	0	6	1131113300	1	0
I??CB@WV?	10	10	10	0	4	3131113300	1	0
I??CB@Wv?	10	11	10	0	5	1131113300	1	0
I??CB@WN?	10	10	10	0	6	3111133000	1	0
I??CB@Wn?	10	11	10	0	6	0200000331	1	0
I??CB@W^?	10	11	10	0	5	3111133000	1	0
I??CB@W~?	10	12	10	0	5	4141144220	1	0
I??CB@WcO	10	9	10	1	6	0220222024	1	0
I??CB@WeO	10	10	10	1	6	1331133130	1	0
I??CB@W`O	10	9	10	0	6	2444422001	1	0
I??CB@WDO	10	9	10	1	6	2442222024	1	0
I??CB@WdO	10	10	10	1	6	1331313130	1	0
I??CB@WFO	10	10	10	1	6	3331113130	1	0
I??CB@WfO	10	11	10	1	6	1224442130	1	0
I??CB@WhG	10	10	10	1	5	0303300021	1	0
I??CB@W`W	10	10	10	0	5	2444422001	1	0
I??CBBW{?	10	11	10	0	5	1111333000	1	0
I??CBBWu?	10	11	10	0	3	1131133300	1	0
I??CBBWm?	10	11	10	0	5	1111133300	1	0
I??CBBW}?	10	12	10	0	4	1111133300	1	0
I??CBBWx?	10	11	10	0	6	1113333000	1	0
I??CBBWt?	10	11	10	0	5	1131113300	1	0
I??CBBWl?	10	11	10	0	7	1111333000	1	0
I??CBBW|?	10	12	10	0	6	1111333000	1	0
I??CBBWv?	10	12	10	0	4	1131113300	1	0
I??CBBWn?	10	12	10	0	6	1111113300	1	0
I??CBBW^?	10	12	10	0	6	1111113300	1	0
I??CBBW~?	10	13	10	0	5	1111113300	1	0
I??CBBW[_	10	11	10	1	6	3111333000	1	0
I??CBBWU_	10	11	10	1	5	1131131300	1	0
I??CBBWM_	10	11	10	1	7	1111131300	1	0
I??CBBW]_	10	12	10	1	6	1111131300	1	0
I??CBBWX_	10	11	10	1	6	3113311020	1	0
I??CBBWT_	10	11	10	1	7	1131111300	1	0
I??CBBWL_	10	11	10	1	6	4422422201	1	0
I??CBBW\_	10	12	10	1	6	1441111300	1	0
I??CBBWV_	10	12	10	1	6	1131111300	1	0
I??CBBWN_	10	12	10	1	6	1441111300	1	0
I??CBBW^_	10	13	10	1	5	1441111300	1	0
I??CBBWfO	10	12	10	1	5	1331113400	1	0
I??CBBWFo	10	12	10	2	5	0330000241	1	0
I??CB@w{?	10	11	10	0	4	3111333000	1	0
I??CB@wu?	10	11	10	0	5	1111133300	1	0
I??CB@w]?	10	11	10	0	3	3111133000	1	0
I??CB@w}?	10	12	10	0	4	1111133300	1	0
I??CB@wx?	10	11	10	0	5	3113333000	1	0
I??CB@wt?	10	11	10	0	6	3111333000	1	0
I??CB@w\?	10	11	10	0	4	3111333000	1	0
I??CB@w|?	10	12	10	0	5	3111333000	1	0
I??CB@wv?	10	12	10	0	5	4111144220	1	0
I??CB@w^?	10	12	10	0	4	3111133000	1	0
I??CB@w~?	10	13	10	0	4	4111144220	1	0
I??CB@wfO	10	12	10	1	5	0330000221	1	0
I??CBBw}?	10	13	10	0	3	1111133300	1	0
I??CBBw|?	10	13	10	0	5	1111333000	1	0
I??CBBw~?	10	14	10	0	4	1111113300	1	0
I??CBBw]_	10	13	10	1	5	1111131300	1	0
I??CBBw\_	10	13	10	1	5	1441111300	1	0
I??CBBw^_	10	14	10	1	4	1441111300	1	0
I??CB?[w?	10	9	10	0	5	3330000202	1	0
I??CB?[s?	10	9	10	0	6	3303000002	1	0
I??CB?[[?	10	9	10	0	5	0333000202	1	0
I??CB?[{?	10	10	10	0	6	4444222020	1	0
I??CB?[e?	10	9	10	0	5	1331113300	1	0
I??CB?[U?	10	9	10	0	5	3131113300	1	0
I??CB?[u?	10	10	10	0	6	1131113300	1	0
I??CB?[]?	10	10	10	0	6	3111133000	1	0
I??CB?[}?	10	11	10	0	6	0000033331	1	0
I??CB?[F?	10	9	10	0	3	3331113300	1	0
I??CB?[f?	10	10	10	0	4	1331113300	1	0
I??CB?[V?	10	10	10	0	4	3131113300	1	0
I??CB?[v?	10	11	10	0	5	0030003311	1	0
I??CB?[^?	10	11	10	0	5	3111113300	1	0
I??CB?[~?	10	12	10	0	5	4441111320	1	0
I??CB?[cO	10	9	10	0	6	0220222024	1	0
I??CB?[eO	10	10	10	0	5	4224442100	1	0
I??CB?[FO	10	10	10	0	4	1114441133	1	0
I??CB?[fO	10	11	10	0	4	4224442100	1	0
I??CB?[wG	10	10	10	0	4	0003333121	1	0
I??CBA[{?	10	11	10	0	6	1111333020	1	0
I??CBA[u?	10	11	10	0	5	1131113300	1	0
I??CBA[]?	10	11	10	0	6	4111144202	1	0
I??CBA[}?	10	12	10	0	5	1441111320	1	0
I??CBA[f?	10	11	10	0	3	1331113300	1	0
I??CBA[v?	10	12	10	0	4	1131113300	1	0
I??CBA[^?	10	12	10	0	5	3441114320	1	0
I??CBA[~?	10	13	10	0	4	1441111320	1	0
I??CBA[[_	10	11	10	1	5	4224442101	1	0
I??CBA[U_	10	11	10	1	6	4331113402	1	0
I??CBA[]_	10	12	10	1	5	3441114320	1	0
I??CBA[F_	10	11	10	1	5	1331111300	1	0
I??CBA[V_	10	12	10	1	5	3441114320	1	0
I??CBA[^_	10	13	10	1	4	3441114320	1	0
I??CBA[fO	10	12	10	0	3	1331113400	1	0
I??CBA[Fo	10	12	10	1	4	0330000211	1	0
I??CB@[{?	10	11	10	0	6	3111333000	1	0
I??CB@[u?	10	11	10	0	5	1131113300	1	0
I??CB@[m?	10	11	10	0	7	1111113300	1	0
I??CB@[]?	10	11	10	0	5	3111133000	1	0
I??CB@[}?	10	12	10	0	6	1111113300	1	0
I??CB@[f?	10	11	10	0	5	1131113300	1	0
I??CB@[V?	10	11	10	0	3	3131113300	1	0
I??CB@[v?	10	12	10	0	4	1131113300	1	0
I??CB@[N?	10	11	10	0	5	3111113300	1	0
I??CB@[n?	10	12	10	0	6	0000003311	1	0
I??CB@[^?	10	12	10	0	4	3111113300	1	0
I??CB@[~?	10	13	10	0	5	1111113300	1	0
I??CB@[eO	10	11	10	1	6	4224442100	1	0
I??CB@[fO	10	12	10	1	5	0330003211	1	0
I??CBB[}?	10	13	10	0	5	1111113300	1	0
I??CBB[v?	10	13	10	0	3	1131113300	1	0
I??CBB[n?	10	13	10	0	5	1111113300	1	0
I??CBB[~?	10	14	10	0	4	1111113300	1	0
I??CBB[]_	10	13	10	1	5	1441111300	1	0
I??CBB[V_	10	13	10	1	5	1131111300	1	0
I??CBB[N_	10	13	10	1	5	0220000311	1	0
I??CBB[^_	10	14	10	1	4	1441111300	1	0
I??CB@{}?	10	13	10	0	5	1111113300	1	0
I??CB@{v?	10	13	10	0	5	1111113300	1	0
I??CB@{^?	10	13	10	0	3	3111113300	1	0
I??CB@{~?	10	14	10	0	4	1111113300	1	0
I??CBB{~?	10	15	10	0	3	1111113300	1	0
I??CBB{^_	10	15	10	1	3	1441111300	1	0
I??CBAP{?	10	10	10	1	6	1441442320	1	0
I??CBAPy?	10	10	10	1	6	1441442320	1	0
I??CBAPu?	10	10	10	1	6	1441442320	1	0
I??CBAP]?	10	10	10	1	6	2442422010	1	0
I??CBAP}?	10	11	10	1	5	1441442320	1	0
I??CBAPr?	10	10	10	1	6	1441442320	1	0
I??CBAPZ?	10	10	10	0	5	2442442010	1	0
I??CBAPz?	10	11	10	1	5	1441442320	1	0
I??CBAPf?	10	10	10	0	5	1441114322	1	0
I??CBAPV?	10	10	10	1	6	4114113230	1	0
I??CBAPv?	10	11	10	1	5	1441442320	1	0
I??CBAP^?	10	11	10	1	5	4114113230	1	0
I??CBAP~?	10	12	10	1	4	1441442320	1	0
I??CBAP[_	10	10	10	1	6	0113331010	1	0
I??CBAPY_	10	10	10	0	5	2442424010	1	0
I??CBAPU_	10	10	10	1	6	2424424220	1	0
I??CBAP]_	10	11	10	1	6	2442424010	1	0
I??CBAPR_	10	10	10	0	5	2422444210	1	0
I??CBAPZ_	10	11	10	0	4	3003000321	1	0
I??CBAPF_	10	10	10	1	5	2224444120	1	0
I??CBAPV_	10	11	10	1	6	3000000321	1	0
I??CBAP^_	10	12	10	1	5	3000000321	1	0
I??CBAPeO	10	10	10	0	4	0330033011	1	0
I??CBAPbO	10	10	10	0	5	0113331014	1	0
I??CBAPFO	10	10	10	0	5	0330003211	1	0
I??CBAPfO	10	11	10	0	4	1331113400	1	0
I??CBAPEo	10	10	10	1	5	0330030211	1	0
I??CBAPBo	10	10	10	1	5	0330000231	1	0
I??CBAPFo	10	11	10	1	4	1331111430	1	0
I??CBAPYG	10	10	10	0	4	3003033101	1	0
I??CBAPZG	10	11	10	0	4	3113113040	1	0
I??CBAPWg	10	10	10	0	4	1003330101	1	0
I??CBAPQg	10	10	10	0	5	1033330101	1	0
I??CBAPYg	10	11	10	0	4	2442424010	1	0
I??CBAPBg	10	10	10	0	5	4224222401	1	0
I??CBAPRg	10	11	10	0	4	2422444210	1	0
I??CBAPZg	10	12	10	0	3	2442444210	1	0
I??CB?X{?	10	10	10	1	6	1111333010	1	0
I??CB?X]?	10	10	10	1	6	3111133000	1	0
I??CB?X}?	10	11	10	1	6	1114411230	1	0
I??CB?Xx?	10	10	10	0	5	4442242010	1	0
I??CB?Xt?	10	10	10	1	6	4424242220	1	0
I??CB?X\?	10	10	10	1	6	3111313010	1	0
I??CB?X|?	10	11	10	1	6	4442242010	1	0
I??CB?X^?	10	11	10	1	6	1114411230	1	0
I??CB?X~?	10	12	10	1	5	1114411230	1	0
I??CB?XeO	10	10	10	0	4	0330033011	1	0
I??CB?XdO	10	10	10	0	5	0330003211	1	0
I??CB?XFO	10	10	10	0	4	3330003011	1	0
I??CB?XfO	10	11	10	0	4	1331113400	1	0
I??CBAX{?	10	11	10	1	6	1331130402	1	0
I??CBAXu?	10	11	10	1	5	1131133100	1	0
I??CBAX]?	10	11	10	1	6	4331113402	1	0
I??CBAX}?	10	12	10	1	5	1441111320	1	0
I??CBAXx?	10	11	10	1	5	4224424101	1	0
I??CBAXt?	10	11	10	1	6	1331113400	1	0
I??CBAX\?	10	11	10	1	5	4224424101	1	0
I??CBAX|?	10	12	10	1	5	1441111320	1	0
I??CBAXf?	10	11	10	0	4	1331113400	1	0
I??CBAXv?	10	12	10	1	5	1331113400	1	0
I??CBAX^?	10	12	10	1	5	3441114320	1	0
I??CBAX~?	10	13	10	1	4	1441111320	1	0
I??CBAX[_	10	11	10	1	5	4224442101	1	0
I??CBAXU_	10	11	10	2	6	4224424100	1	0
I??CBAX]_	10	12	10	2	5	3441114320	1	0
I??CBAXX_	10	11	10	0	4	4224422101	1	0
I??CBAXT_	10	11	10	1	6	4331113402	1	0
I??CBAX\_	10	12	10	1	5	3003300121	1	0
I??CBAXF_	10	11	10	1	5	4224444100	1	0
I??CBAXV_	10	12	10	2	5	3441114320	1	0
I??CBAX^_	10	13	10	2	4	3441114320	1	0
I??CBAXfO	10	12	10	0	3	1331113400	1	0
I??CBAXFo	10	12	10	1	4	1331111400	1	0
I??CBAXXg	10	12	10	0	3	3003300121	1	0
I??CB?\{?	10	11	10	1	5	2224444101	1	0
I??CB?\u?	10	11	10	1	6	4224442100	1	0
I??CB?\]?	10	11	10	1	6	1331111402	1	0
I??CB?\}?	10	12	10	1	5	1441111320	1	0
I??CB?\f?	10	11	10	0	4	4224442100	1	0
I??CB?\V?	10	11	10	1	5	3131113100	1	0
I??CB?\v?	10	12	10	1	5	4224442100	1	0
I??CB?\^?	10	12	10	1	5	1441111320	1	0
I??CB?\~?	10	13	10	1	4	1441111320	1	0
I??CB?\fO	10	12	10	0	3	1331113400	1	0
I??CBA\}?	10	13	10	1	4	1331111402	1	0
I??CBA\v?	10	13	10	1	4	1331113400	1	0
I??CBA\^?	10	13	10	1	4	4331113402	1	0
I??CBA\~?	10	14	10	1	3	1441111320	1	0
I??CBA\]_	10	13	10	2	4	4331113402	1	0
I??CBA\V_	10	13	10	2	4	0330000214	1	0
I??CBA\^_	10	14	10	2	3	3441114320	1	0
I??CBA\fO	10	13	10	0	2	1331113400	1	0
I??CBA\Fo	10	13	10	1	3	1331111400	1	0
I??CFB_{?	10	11	10	0	2	0003333111	1	0
I??CFB_]?	10	11	10	0	4	0003333111	1	0
I??CFB_}?	10	12	10	0	3	1113333000	1	0
I??CFB_V?	10	11	10	0	4	0003331114	1	0
I??CFB_v?	10	12	10	0	3	1113330002	1	0
I??CFB_^?	10	12	10	0	3	0003331114	1	0
I??CFB_~?	10	13	10	0	2	1113330002	1	0
I??CFB_[_	10	11	10	1	4	0003333111	1	0
I??CFB_U_	10	11	10	1	4	0003333114	1	0
I??CFB_]_	10	12	10	1	3	0003333114	1	0
I??CFB_F_	10	11	10	0	3	2224444110	1	0
I??CFB_V_	10	12	10	1	3	0003333114	1	0
I??CFB_^_	10	13	10	1	2	0003333114	1	0
I??CFB_Fo	10	12	10	0	2	0003333112	1	0
I??CFB_EW	10	11	10	0	3	1113333001	1	0
I??CFB_FW	10	12	10	0	2	0003333112	1	0
I??CFB_Cw	10	11	10	0	3	1113330001	1	0
I??CFB_Ew	10	12	10	0	2	0003333112	1	0
I??CFB_Fw	10	13	10	0	1	0003333112	1	0
I??CFBO{?	10	11	10	0	3	0000333111	1	0
I??CFBOy?	10	11	10	0	4	0003333111	1	0
I??CFBOm?	10	11	10	0	5	0000333111	1	0
I??CFBO]?	10	11	10	0	5	0000333111	1	0
I??CFBO}?	10	12	10	0	4	1111333000	1	0
I??CFBOj?	10	11	10	0	5	0022224441	1	0
I??CFBOZ?	10	11	10	0	5	1144442220	1	0
I??CFBOz?	10	12	10	0	4	1144442220	1	0
I??CFBON?	10	11	10	0	5	1144442220	1	0
I??CFBOn?	10	12	10	0	4	1144442220	1	0
I??CFBO^?	10	12	10	0	4	1144442220	1	0
I??CFBO~?	10	13	10	0	3	1144442220	1	0
I??CFBO[_	10	11	10	1	5	0000333111	1	0
I??CFBOY_	10	11	10	1	6	0003333111	1	0
I??CFBOM_	10	11	10	1	6	2444111330	1	0
I??CFBO]_	10	12	10	1	5	0000333114	1	0
I??CFBOR_	10	11	10	1	6	2444111330	1	0
I??CFBOJ_	10	11	10	1	5	2242444110	1	0
I??CFBOZ_	10	12	10	1	5	0000333114	1	0
I??CFBON_	10	12	10	1	5	3300000221	1	0
I??CFBO^_	10	13	10	1	4	0000333114	1	0
I??CFBOFO	10	11	10	1	5	1113333004	1	0
I??CFBOEo	10	11	10	1	5	4442222001	1	0
I??CFBOBo	10	11	10	0	4	4444222001	1	0
I??CFBOFo	10	12	10	1	4	0003333112	1	0
I??CFBOBW	10	11	10	0	4	1111333004	1	0
I??CFBOAw	10	11	10	0	4	1133330001	1	0
I??CFBOBw	10	12	10	0	3	2222444110	1	0
I??CFBo]?	10	12	10	0	4	1111333000	1	0
I??CFBo}?	10	13	10	0	3	1111333000	1	0
I??CFBoZ?	10	12	10	0	5	1113333000	1	0
I??CFBoz?	10	13	10	0	4	1113333000	1	0
I??CFBov?	10	13	10	0	4	1111333002	1	0
I??CFBo^?	10	13	10	0	4	1111333002	1	0
I??CFBo~?	10	14	10	0	3	1111333002	1	0
I??CFBo[_	10	12	10	1	4	1111333000	1	0
I??CFBoY_	10	12	10	1	5	1113333000	1	0
I??CFBoU_	10	12	10	1	5	1111333002	1	0
I??CFBo]_	10	13	10	1	4	1111333002	1	0
I??CFBoR_	10	12	10	1	5	1111333002	1	0
I??CFBoZ_	10	13	10	1	4	1111333002	1	0
I??CFBoV_	10	13	10	1	4	1111333002	1	0
I??CFBo^_	10	14	10	1	3	1111333002	1	0
I??CFBoEo	10	12	10	1	4	1113333004	1	0
I??CFBoBo	10	12	10	0	3	1111333004	1	0
I??CFBoFo	10	13	10	1	3	2224444110	1	0
I??CFAW{?	10	11	10	0	5	0000333111	1	0
I??CFAW]?	10	11	10	0	6	1111133000	1	0
I??CFAW}?	10	12	10	0	5	1111133000	1	0
I??CFAWx?	10	11	10	0	5	0003303131	1	0
I??CFAWt?	10	11	10	0	6	0030333111	1	0
I??CFAW\?	10	11	10	0	6	1444242020	1	0
I??CFAW|?	10	12	10	0	5	1444242020	1	0
I??CFAW^?	10	12	10	0	5	3000002224	1	0
I??CFAW~?	10	13	10	0	4	1444442220	1	0
I??CFAW[_	10	11	10	1	7	2444411330	1	0
I??CFAW]_	10	12	10	1	6	2444411330	1	0
I??CFAWX_	10	11	10	1	6	2442241310	1	0
I??CFAWT_	10	11	10	1	7	2444411330	1	0
I??CFAW\_	10	12	10	1	6	2444411330	1	0
I??CFAW^_	10	13	10	1	5	2444411330	1	0
I??CFAWFO	10	11	10	1	5	4442224011	1	0
I??CFAWEo	10	11	10	1	5	4442242011	1	0
I??CFAWDo	10	11	10	1	6	1330300201	1	0
I??CFAWFo	10	12	10	1	5	3331111400	1	0
I??CFAW@w	10	11	10	0	5	1333300001	1	0
I??CFBW]?	10	12	10	0	5	1111133000	1	0
I??CFBW}?	10	13	10	0	4	1111133000	1	0
I??CFBW\?	10	12	10	0	6	1111333000	1	0
I??CFBW|?	10	13	10	0	5	1111333000	1	0
I??CFBWV?	10	12	10	0	5	1424442200	1	0
I??CFBWv?	10	13	10	0	4	1424442200	1	0
I??CFBWN?	10	12	10	0	6	1114442200	1	0
I??CFBWn?	10	13	10	0	5	1114442200	1	0
I??CFBW^?	10	13	10	0	5	1114442200	1	0
I??CFBW~?	10	14	10	0	4	1114442200	1	0
I??CFBW[_	10	12	10	1	6	1111333000	1	0
I??CFBWU_	10	12	10	1	6	1131133000	1	0
I??CFBWM_	10	12	10	1	6	4111133002	1	0
I??CFBW]_	10	13	10	1	5	3111144220	1	0
I??CFBWX_	10	12	10	1	6	4111133002	1	0
I??CFBWT_	10	12	10	1	6	4111133002	1	0
I??CFBWL_	10	12	10	1	6	4111133002	1	0
I??CFBW\_	10	13	10	1	5	4111133002	1	0
I??CFBWF_	10	12	10	1	5	4441113302	1	0
I??CFBWV_	10	13	10	1	5	4111133002	1	0
I??CFBWN_	10	13	10	1	5	3111144220	1	0
I??CFBW^_	10	14	10	1	4	4111133002	1	0
I??CFBWFo	10	13	10	2	4	2224441130	1	0
I??CF@w]?	10	12	10	0	4	3111133000	1	0
I??CF@w}?	10	13	10	0	4	1111133000	1	0
I??CF@w\?	10	12	10	0	5	3111333000	1	0
I??CF@w|?	10	13	10	0	5	1111333000	1	0
I??CF@wv?	10	13	10	0	5	1114442200	1	0
I??CF@w^?	10	13	10	0	5	3111133000	1	0
I??CF@w~?	10	14	10	0	4	1114442200	1	0
I??CF@w[_	10	12	10	1	5	3111333000	1	0
I??CF@w]_	10	13	10	1	5	3111133000	1	0
I??CF@wX_	10	12	10	1	6	3113333000	1	0
I??CF@w\_	10	13	10	1	5	3111144220	1	0
I??CF@wV_	10	13	10	1	5	4111133002	1	0
I??CF@w^_	10	14	10	1	4	4111133002	1	0
I??CF@wEo	10	12	10	2	5	4113313024	1	0
I??CF@wFo	10	13	10	2	4	2224441130	1	0
I??CFBw}?	10	14	10	0	3	1111133000	1	0
I??CFBw|?	10	14	10	0	4	1111333000	1	0
I??CFBw^?	10	14	10	0	4	1114442200	1	0
I??CFBw~?	10	15	10	0	3	1114442200	1	0
I??CFBw]_	10	14	10	1	4	4111133002	1	0
I??CFBw\_	10	14	10	1	4	4111133002	1	0
I??CFBwV_	10	14	10	1	4	4111133002	1	0
I??CFBw^_	10	15	10	1	3	4111133002	1	0
I??CFA[]?	10	12	10	0	6	1114442200	1	0
I??CFA[}?	10	13	10	0	5	1114442200	1	0
I??CFA[V?	10	12	10	0	5	1424442200	1	0
I??CFA[v?	10	13	10	0	4	4131113300	1	0
I??CFA[^?	10	13	10	0	5	3000002244	1	0
I??CFA[~?	10	14	10	0	4	4111113300	1	0
I??CFA[[_	10	12	10	1	6	4224442101	1	0
I??CFA[U_	10	12	10	1	6	4141113302	1	0
I??CFA[]_	10	13	10	1	6	1114444200	1	0
I??CFA[F_	10	12	10	1	5	2224444100	1	0
I??CFA[V_	10	13	10	1	5	3030002241	1	0
I??CFA[^_	10	14	10	1	5	3000002241	1	0
I??CFA[Fo	10	13	10	1	4	2224441130	1	0
I??CF@[{?	10	12	10	0	5	1111333020	1	0
I??CF@[]?	10	12	10	0	6	3111133000	1	0
I??CF@[}?	10	13	10	0	5	1114442200	1	0
I??CF@[V?	10	12	10	0	4	3131113300	1	0
I??CF@[v?	10	13	10	0	4	4131113300	1	0
I??CF@[N?	10	12	10	0	6	2224442200	1	0
I??CF@[n?	10	13	10	0	5	2000003311	1	0
I??CF@[^?	10	13	10	0	5	3111113300	1	0
I??CF@[~?	10	14	10	0	4	4111113300	1	0
I??CF@[[_	10	12	10	1	7	3111333000	1	0
I??CF@[U_	10	12	10	1	6	3131111300	1	0
I??CF@[M_	10	12	10	1	6	4411113302	1	0
I??CF@[]_	10	13	10	1	6	3111114200	1	0
I??CF@[V_	10	13	10	1	5	3131111300	1	0
I??CF@[N_	10	13	10	1	5	3300002241	1	0
I??CF@[^_	10	14	10	1	5	3111114200	1	0
I??CF@[Eo	10	12	10	1	5	4113313024	1	0
I??CF@[Fo	10	13	10	1	4	2224441130	1	0
I??CFB[}?	10	14	10	0	4	1114442200	1	0
I??CFB[v?	10	14	10	0	3	4131113300	1	0
I??CFB[n?	10	14	10	0	4	4111113300	1	0
I??CFB[^?	10	14	10	0	4	4111113300	1	0
I??CFB[~?	10	15	10	0	3	4111113300	1	0
I??CFB[]_	10	14	10	1	5	1114444200	1	0
I??CFB[V_	10	14	10	1	4	4141113302	1	0
I??CFB[N_	10	14	10	1	4	4411113302	1	0
I??CFB[^_	10	15	10	1	4	4111113002	1	0
I??CFB[Fo	10	14	10	2	3	3331111420	1	0
I??CF@{^?	10	14	10	0	4	3111113300	1	0
I??CF@{~?	10	15	10	0	3	4111113300	1	0
I??CF@{]_	10	14	10	1	5	3111114200	1	0
I??CF@{^_	10	15	10	1	4	3111114200	1	0
I??CFB{~?	10	16	10	0	2	4111113300	1	0
I??CFB{^_	10	16	10	1	3	4111113002	1	0
I??CF@aw?	10	10	10	1	3	0003333111	1	0
I??CF@a{?	10	11	10	1	4	1113333000	1	0
I??CF@au?	10	11	10	1	6	1113333000	1	0
I??CF@a]?	10	11	10	1	5	3113333000	1	0
I??CF@a}?	10	12	10	1	5	1113333000	1	0
I??CF@af?	10	11	10	1	5	1331113440	1	0
I??CF@aV?	10	11	10	1	6	1113330002	1	0
I??CF@av?	10	12	10	1	5	1113330002	1	0
I??CF@a^?	10	12	10	1	5	1113330002	1	0
I??CF@a~?	10	13	10	1	4	1113330002	1	0
I??CF@aFo	10	12	10	1	4	2224444110	1	0
I??CF@aEW	10	11	10	1	4	1113331004	1	0
I??CF@aFW	10	12	10	1	3	0003330112	1	0
I??CF@Q{?	10	11	10	1	5	1111333000	1	0
I??CF@Qy?	10	11	10	1	5	1113133030	1	0
I??CF@Qu?	10	11	10	1	6	1131333000	1	0
I??CF@Qm?	10	11	10	1	7	1444422030	1	0
I??CF@Q]?	10	11	10	1	6	3111333000	1	0
I??CF@Q}?	10	12	10	1	6	1111333000	1	0
I??CF@Qr?	10	11	10	1	7	1133330000	1	0
I??CF@Qj?	10	11	10	1	6	1242442210	1	0
I??CF@QZ?	10	11	10	1	7	3113333000	1	0
I??CF@Qz?	10	12	10	1	6	1113113030	1	0
I??CF@Qf?	10	11	10	1	7	1144442220	1	0
I??CF@Qv?	10	12	10	1	6	1144442220	1	0
I??CF@QN?	10	11	10	1	7	2144441220	1	0
I??CF@Qn?	10	12	10	1	6	1144442220	1	0
I??CF@Q^?	10	12	10	1	6	1144442220	1	0
I??CF@Q~?	10	13	10	1	5	1144442220	1	0
I??CF@QFo	10	12	10	1	5	2224441120	1	0
I??CF@QBW	10	11	10	1	5	1111331004	1	0
I??CF@q}?	10	13	10	1	5	1111333000	1	0
I??CF@qz?	10	13	10	1	5	4113113020	1	0
I??CF@qv?	10	13	10	1	6	1111331002	1	0
I??CF@q^?	10	13	10	1	6	3111333000	1	0
I??CF@q~?	10	14	10	1	5	1111331002	1	0
I??CF@q[_	10	12	10	1	4	3111331000	1	0
I??CF@qY_	10	12	10	1	5	3113331000	1	0
I??CF@q]_	10	13	10	1	5	3111331000	1	0
I??CF@qZ_	10	13	10	1	6	3113331000	1	0
I??CF@qV_	10	13	10	1	6	1111331002	1	0
I??CF@q^_	10	14	10	1	5	1111331002	1	0
I??CF@qEo	10	12	10	2	5	4113313024	1	0
I??CF@qBo	10	12	10	1	5	1111333004	1	0
I??CF@qFo	10	13	10	2	4	2224444130	1	0
I??CF?Y{?	10	11	10	1	5	1111333030	1	0
I??CF?Yu?	10	11	10	1	6	1114442230	1	0
I??CF?Y]?	10	11	10	1	6	3114414230	1	0
I??CF?Y}?	10	12	10	1	5	1114442230	1	0
I??CF?Yx?	10	11	10	0	4	1113313040	1	0
I??CF?Yt?	10	11	10	1	6	1114442230	1	0
I??CF?Y\?	10	11	10	1	6	4442242010	1	0
I??CF?Y|?	10	12	10	1	5	1114442230	1	0
I??CF?Yf?	10	11	10	1	6	1114442230	1	0
I??CF?Yv?	10	12	10	1	5	1114442230	1	0
I??CF?Y^?	10	12	10	1	5	3114414230	1	0
I??CF?Y~?	10	13	10	1	4	1114442230	1	0
I??CF?YFO	10	11	10	0	4	4442222011	1	0
I??CF?YEo	10	11	10	0	3	3330030211	1	0
I??CF?YFo	10	12	10	0	3	3331111400	1	0
I??CF@Y]?	10	12	10	1	6	3111133000	1	0
I??CF@Y}?	10	13	10	1	5	4111133020	1	0
I??CF@Y\?	10	12	10	1	6	3111414202	1	0
I??CF@Y|?	10	13	10	1	5	4111313020	1	0
I??CF@Yv?	10	13	10	1	5	4141113320	1	0
I??CF@Yn?	10	13	10	1	5	2020003341	1	0
I??CF@Y^?	10	13	10	1	5	4141113320	1	0
I??CF@Y~?	10	14	10	1	4	4141113320	1	0
I??CF@Y[_	10	12	10	1	6	3111331000	1	0
I??CF@YU_	10	12	10	1	4	3131131300	1	0
I??CF@YM_	10	12	10	1	6	2444421300	1	0
I??CF@Y]_	10	13	10	1	5	3111131300	1	0
I??CF@YX_	10	12	10	1	7	3113331000	1	0
I??CF@YT_	10	12	10	1	6	3131111300	1	0
I??CF@YL_	10	12	10	1	7	2441111300	1	0
I??CF@Y\_	10	13	10	1	6	3111114200	1	0
I??CF@YV_	10	13	10	1	5	3131111300	1	0
I??CF@YN_	10	13	10	1	6	2441111300	1	0
I??CF@Y^_	10	14	10	1	5	3111114200	1	0
I??CF@YDo	10	12	10	1	5	4113133024	1	0
I??CF@YFo	10	13	10	1	4	2224444100	1	0
I??CF@y~?	10	15	10	1	4	1114444200	1	0
I??CF@y]_	10	14	10	1	4	3111131300	1	0
I??CF@y\_	10	14	10	1	5	3111114200	1	0
I??CF@y^_	10	15	10	1	4	3111114200	1	0
I??CF?]{?	10	12	10	1	4	2224444101	1	0
I??CF?]]?	10	12	10	1	5	3331111402	1	0
I??CF?]}?	10	13	10	1	4	4441111320	1	0
I??CF?]V?	10	12	10	1	5	2224444100	1	0
I??CF?]v?	10	13	10	1	4	4441113320	1	0
I??CF?]^?	10	13	10	1	4	3330000214	1	0
I??CF?]~?	10	14	10	1	3	2220000341	1	0
I??CF?][_	10	12	10	1	5	4441111320	1	0
I??CF?]U_	10	12	10	1	5	4441111320	1	0
I??CF?]]_	10	13	10	1	4	4441111320	1	0
I??CF?]F_	10	12	10	0	3	3331111400	1	0
I??CF?]V_	10	13	10	1	4	4441111320	1	0
I??CF?]^_	10	14	10	1	3	4441111320	1	0
I??CF?]Fo	10	13	10	0	2	2224444100	1	0
I??CF@]^?	10	14	10	1	4	3131114402	1	0
I??CF@]~?	10	15	10	1	3	4141113320	1	0
I??CF@]]_	10	14	10	1	5	3111114200	1	0
I??CF@]V_	10	14	10	1	4	3131111300	1	0
I??CF@]N_	10	14	10	1	5	2441111300	1	0
I??CF@]^_	10	15	10	1	4	3111114200	1	0
I??CF@}^_	10	16	10	1	3	3111114200	1	0
I??CF?Z}?	10	13	10	2	4	1114442230	1	0
I??CF?Z|?	10	13	10	1	4	1113313040	1	0
I??CF?Zv?	10	13	10	2	4	1114442230	1	0
I??CF?Z^?	10	13	10	2	4	0002202431	1	0
I??CF?Z~?	10	14	10	2	3	4441111320	1	0
I??CF?ZFo	10	13	10	0	2	3330000211	1	0
I??CF?^}?	10	14	10	2	3	1113330042	1	0
I??CF?^^?	10	14	10	2	3	3330000214	1	0
I??CF?^~?	10	15	10	2	2	4441111320	1	0
I??CF?^]_	10	14	10	2	3	3331111402	1	0
I??CF?^V_	10	14	10	1	3	3331111400	1	0
I??CF?^^_	10	15	10	2	2	4441111320	1	0
I??CBb_w?	10	10	10	0	3	0003333111	1	0
I??CBb_{?	10	11	10	0	3	1111333000	1	0
I??CBb_y?	10	11	10	0	4	1113333000	1	0
I??CBb_u?	10	11	10	0	5	1111333000	1	0
I??CBb_]?	10	11	10	0	4	3111333000	1	0
I??CBb_}?	10	12	10	0	4	1111333000	1	0
I??CBb_r?	10	11	10	0	6	1113333000	1	0
I??CBb_Z?	10	11	10	0	5	3113333000	1	0
I??CBb_z?	10	12	10	0	5	1113333000	1	0
I??CBb_f?	10	11	10	0	6	1441111330	1	0
I??CBb_V?	10	11	10	0	6	3111333000	1	0
I??CBb_v?	10	12	10	0	5	1111333002	1	0
I??CBb_^?	10	12	10	0	5	3111333000	1	0
I??CBb_~?	10	13	10	0	4	1111333002	1	0
I??CBb_[_	10	11	10	1	4	3111333000	1	0
I??CBb_Y_	10	11	10	1	5	3113333000	1	0
I??CBb_E_	10	10	10	1	6	2442222002	1	0
I??CBb_U_	10	11	10	1	6	3111333000	1	0
I??CBb_]_	10	12	10	1	5	3111333000	1	0
I??CBb_B_	10	10	10	0	5	4444222001	1	0
I??CBb_R_	10	11	10	1	6	1111333002	1	0
I??CBb_Z_	10	12	10	1	5	1111333002	1	0
I??CBb_F_	10	11	10	1	5	2224444110	1	0
I??CBb_V_	10	12	10	1	5	1111333002	1	0
I??CBb_^_	10	13	10	1	4	1111333002	1	0
I??CBb_Fg	10	12	10	1	4	2224444110	1	0
I??CBb_BW	10	11	10	0	4	1111333004	1	0
I??CBb_Aw	10	11	10	0	4	4444222001	1	0
I??CBb_Bw	10	12	10	0	3	0000333112	1	0
I??CB`o[?	10	10	10	0	1	3000333111	1	0
I??CB`o{?	10	11	10	0	2	3111333000	1	0
I??CB`oy?	10	11	10	0	4	3111333000	1	0
I??CB`o]?	10	11	10	0	2	3111333000	1	0
I??CB`o}?	10	12	10	0	3	3111333000	1	0
I??CB`ob?	10	10	10	0	4	2444222002	1	0
I??CB`or?	10	11	10	0	4	3111333002	1	0
I??CB`oZ?	10	11	10	0	4	3111333000	1	0
I??CB`oz?	10	12	10	0	3	3111333002	1	0
I??CB`o^?	10	12	10	0	3	3111333000	1	0
I??CB`o~?	10	13	10	0	2	3111333002	1	0
I??CB`oaW	10	11	10	0	3	3111333001	1	0
I??CB`oBW	10	11	10	0	3	3111333001	1	0
I??CB`obW	10	12	10	0	2	3000333112	1	0
I??CBbo{?	10	12	10	0	2	1111333000	1	0
I??CBbo}?	10	13	10	0	3	1111333000	1	0
I??CBboz?	10	13	10	0	4	1111333002	1	0
I??CBbo^?	10	13	10	0	4	3111333000	1	0
I??CBbo~?	10	14	10	0	3	1111333002	1	0
I??CBbo[_	10	12	10	1	3	3111333000	1	0
I??CBbo]_	10	13	10	1	4	3111333000	1	0
I??CBboZ_	10	13	10	1	4	1111333002	1	0
I??CBbo^_	10	14	10	1	3	1111333002	1	0
I??CBbobO	10	12	10	1	4	3111333004	1	0
I??CBboBo	10	12	10	0	3	4444222001	1	0
I??CBbG{?	10	11	10	0	5	1111333000	1	0
I??CBbGy?	10	11	10	0	5	1113133000	1	0
I??CBbGm?	10	11	10	0	6	1111133000	1	0
I??CBbG]?	10	11	10	0	5	3111133000	1	0
I??CBbG}?	10	12	10	0	5	1111133000	1	0
I??CBbGx?	10	11	10	0	6	1113333000	1	0
I??CBbGl?	10	11	10	0	6	1444242020	1	0
I??CBbG\?	10	11	10	0	5	3111313030	1	0
I??CBbG|?	10	12	10	0	5	1444242020	1	0
I??CBbGr?	10	11	10	0	5	1133113300	1	0
I??CBbGj?	10	11	10	0	7	1442442300	1	0
I??CBbGZ?	10	11	10	0	6	3113133000	1	0
I??CBbGz?	10	12	10	0	6	1113133000	1	0
I??CBbGN?	10	11	10	0	7	2444422000	1	0
I??CBbGn?	10	12	10	0	6	1444142320	1	0
I??CBbG^?	10	12	10	0	6	3111133000	1	0
I??CBbG~?	10	13	10	0	5	1144142020	1	0
I??CBbG[_	10	11	10	1	5	3111331030	1	0
I??CBbGI_	10	10	10	1	7	2442422000	1	0
I??CBbGY_	10	11	10	1	6	3113133000	1	0
I??CBbGM_	10	11	10	1	7	2444422000	1	0
I??CBbG]_	10	12	10	1	6	3111133000	1	0
I??CBbGH_	10	10	10	1	7	0030033002	1	0
I??CBbGX_	10	11	10	1	7	3113333000	1	0
I??CBbGL_	10	11	10	1	6	2244244010	1	0
I??CBbG\_	10	12	10	1	6	3111311030	1	0
I??CBbGB_	10	10	10	1	7	0000333002	1	0
I??CBbGR_	10	11	10	1	7	3133133000	1	0
I??CBbGJ_	10	11	10	1	7	2242444220	1	0
I??CBbGZ_	10	12	10	1	6	3111144220	1	0
I??CBbGN_	10	12	10	1	6	3111144220	1	0
I??CBbG^_	10	13	10	1	5	4111133002	1	0
I??CBbGBo	10	11	10	1	6	4444222001	1	0
I??CBbGKg	10	11	10	1	5	4422442101	1	0
I??CBbGHg	10	11	10	1	6	4422420301	1	0
I??CBbGLg	10	12	10	1	5	2244241310	1	0
I??CBbG@w	10	11	10	0	5	1444422001	1	0
I??CB`g{?	10	11	10	0	4	3111333000	1	0
I??CB`ge?	10	10	10	0	6	2444422000	1	0
I??CB`gu?	10	11	10	0	5	3111133000	1	0
I??CB`g]?	10	11	10	0	3	3111133000	1	0
I??CB`g}?	10	12	10	0	4	3111133000	1	0
I??CB`gx?	10	11	10	0	5	3113333000	1	0
I??CB`gd?	10	10	10	0	6	2442222002	1	0
I??CB`gt?	10	11	10	0	6	3111333000	1	0
I??CB`g\?	10	11	10	0	4	3111333000	1	0
I??CB`g|?	10	12	10	0	5	3111333000	1	0
I??CB`gf?	10	11	10	0	6	4111144220	1	0
I??CB`gV?	10	11	10	0	5	3111133000	1	0
I??CB`gv?	10	12	10	0	5	3111133002	1	0
I??CB`g^?	10	12	10	0	4	3111133000	1	0
I??CB`g~?	10	13	10	0	4	3111133002	1	0
I??CB`gbO	10	11	10	1	5	2444222001	1	0
I??CB`g`W	10	11	10	0	4	3111133004	1	0
I??CBbg{?	10	12	10	0	4	1111333000	1	0
I??CBbgy?	10	12	10	0	4	1113133000	1	0
I??CBbgu?	10	12	10	0	5	1111133000	1	0
I??CBbg}?	10	13	10	0	4	1111133000	1	0
I??CBbgx?	10	12	10	0	5	1113333000	1	0
I??CBbgt?	10	12	10	0	6	1111333000	1	0
I??CBbg|?	10	13	10	0	5	1111333000	1	0
I??CBbgz?	10	13	10	0	5	1113133000	1	0
I??CBbgv?	10	13	10	0	6	1111133000	1	0
I??CBbg^?	10	13	10	0	5	3111133000	1	0
I??CBbg~?	10	14	10	0	5	1111133000	1	0
I??CBbg[_	10	12	10	1	5	3111333000	1	0
I??CBbgY_	10	12	10	1	5	3113133000	1	0
I??CBbgU_	10	12	10	1	6	3111133000	1	0
I??CBbg]_	10	13	10	1	5	3111133000	1	0
I??CBbgX_	10	12	10	1	6	3113333000	1	0
I??CBbgT_	10	12	10	1	6	4111133002	1	0
I??CBbg\_	10	13	10	1	5	3111314020	1	0
I??CBbgZ_	10	13	10	1	5	3111144220	1	0
I??CBbgV_	10	13	10	1	5	4111133002	1	0
I??CBbg^_	10	14	10	1	4	4111133002	1	0
I??CBbgbO	10	12	10	1	5	3111331024	1	0
I??CBbgBo	10	12	10	1	5	4444222001	1	0
I??CB`w{?	10	12	10	0	3	3111333000	1	0
I??CB`wy?	10	12	10	0	4	3111133000	1	0
I??CB`w]?	10	12	10	0	2	3111133000	1	0
I??CB`w}?	10	13	10	0	3	3111133000	1	0
I??CB`wx?	10	12	10	0	5	3111333000	1	0
I??CB`w\?	10	12	10	0	3	3111333000	1	0
I??CB`w|?	10	13	10	0	4	3111333000	1	0
I??CB`wz?	10	13	10	0	4	3111133002	1	0
I??CB`w^?	10	13	10	0	3	3111133000	1	0
I??CB`w~?	10	14	10	0	3	3111133002	1	0
I??CB`wbO	10	12	10	1	4	2444222001	1	0
I??CBbw}?	10	14	10	0	3	1111133000	1	0
I??CBbw|?	10	14	10	0	4	1111333000	1	0
I??CBbw~?	10	15	10	0	4	1111133000	1	0
I??CBbw]_	10	14	10	1	4	3111133000	1	0
I??CBbw\_	10	14	10	1	4	4111133002	1	0
I??CBbw^_	10	15	10	1	3	4111133002	1	0
I??CBaK{?	10	11	10	0	5	1444111313	1	0
I??CBaKy?	10	11	10	0	6	1444111320	1	0
I??CBaK]?	10	11	10	0	5	2444222020	1	0
I??CBaK}?	10	12	10	0	5	1444111320	1	0
I??CBaKr?	10	11	10	0	5	1133113300	1	0
I??CBaKZ?	10	11	10	0	6	4111441230	1	0
I??CBaKz?	10	12	10	0	5	1444111320	1	0
I??CBaK^?	10	12	10	0	5	4111441230	1	0
I??CBaK~?	10	13	10	0	4	1444111320	1	0
I??CBaK[_	10	11	10	0	4	2444224010	1	0
I??CBaKY_	10	11	10	1	6	2444224010	1	0
I??CBaK]_	10	12	10	1	5	3000330121	1	0
I??CBaKB_	10	10	10	1	5	2444222011	1	0
I??CBaKR_	10	11	10	1	6	4111441230	1	0
I??CBaKZ_	10	12	10	1	5	4111441230	1	0
I??CBaK^_	10	13	10	1	4	4111441230	1	0
I??CBaKbO	10	11	10	0	3	0333003211	1	0
I??CBaKBo	10	11	10	1	4	2000222433	1	0
I??CBaK[G	10	11	10	0	3	4222444101	1	0
I??CBaKWg	10	11	10	0	4	4222442101	1	0
I??CBaK[g	10	12	10	0	3	2444224010	1	0
I??CB`Kk?	10	10	10	0	6	2244222020	1	0
I??CB`K{?	10	11	10	0	5	1111333030	1	0
I??CB`Ki?	10	10	10	0	7	2442422000	1	0
I??CB`Ky?	10	11	10	0	6	3113133000	1	0
I??CB`KM?	10	10	10	0	6	3111133000	1	0
I??CB`Km?	10	11	10	0	7	2444422000	1	0
I??CB`K]?	10	11	10	0	5	3111133000	1	0
I??CB`K}?	10	12	10	0	6	3111133000	1	0
I??CB`KN?	10	11	10	0	6	3111113000	1	0
I??CB`Kn?	10	12	10	0	7	0200000331	1	0
I??CB`K^?	10	12	10	0	5	3111113000	1	0
I??CB`K~?	10	13	10	0	6	3111113000	1	0
I??CB`KbO	10	11	10	1	5	2444224011	1	0
I??CBbK{?	10	12	10	0	5	1111333020	1	0
I??CBbKy?	10	12	10	0	6	1113133000	1	0
I??CBbKm?	10	12	10	0	7	1444111300	1	0
I??CBbK]?	10	12	10	0	5	3111133020	1	0
I??CBbK}?	10	13	10	0	6	1111133000	1	0
I??CBbKr?	10	12	10	0	4	1133113300	1	0
I??CBbKj?	10	12	10	0	6	1442442300	1	0
I??CBbKz?	10	13	10	0	5	1113113300	1	0
I??CBbKn?	10	13	10	0	6	1444111300	1	0
I??CBbK^?	10	13	10	0	6	3111113000	1	0
I??CBbK~?	10	14	10	0	5	4111113000	1	0
I??CBbK[_	10	12	10	1	5	3111331020	1	0
I??CBbKY_	10	12	10	1	6	4111143202	1	0
I??CBbKM_	10	12	10	1	6	4111143202	1	0
I??CBbK]_	10	13	10	1	5	3111134020	1	0
I??CBbKR_	10	12	10	1	6	1133111300	1	0
I??CBbKJ_	10	12	10	1	7	4111444200	1	0
I??CBbKZ_	10	13	10	1	6	4111444200	1	0
I??CBbKN_	10	13	10	1	6	4111444200	1	0
I??CBbK^_	10	14	10	1	5	4111444200	1	0
I??CBbKbO	10	12	10	1	4	1333113400	1	0
I??CBbKBo	10	12	10	2	5	1111333024	1	0
I??CB`k{?	10	12	10	0	5	3111333000	1	0
I??CB`ky?	10	12	10	0	5	3113133000	1	0
I??CB`ku?	10	12	10	0	6	3111133000	1	0
I??CB`k]?	10	12	10	0	4	3111133000	1	0
I??CB`k}?	10	13	10	0	5	3111133000	1	0
I??CB`kr?	10	12	10	0	6	3113113000	1	0
I??CB`kZ?	10	12	10	0	4	3113113000	1	0
I??CB`kz?	10	13	10	0	5	3113113000	1	0
I??CB`kf?	10	12	10	0	7	2444442000	1	0
I??CB`kV?	10	12	10	0	5	3111113000	1	0
I??CB`kv?	10	13	10	0	6	3111113000	1	0
I??CB`k^?	10	13	10	0	4	3111113000	1	0
I??CB`k~?	10	14	10	0	5	3111113000	1	0
I??CB`kbO	10	12	10	1	5	3111331024	1	0
I??CBbk}?	10	14	10	0	5	1111133000	1	0
I??CBbkz?	10	14	10	0	4	1113113300	1	0
I??CBbkv?	10	14	10	0	5	4111113000	1	0
I??CBbk~?	10	15	10	0	4	4111113000	1	0
I??CBbk]_	10	14	10	1	4	3111134020	1	0
I??CBbkZ_	10	14	10	1	5	4111444200	1	0
I??CBbkV_	10	14	10	1	5	4111444200	1	0
I??CBbk^_	10	15	10	1	4	4111444200	1	0
I??CB`{}?	10	14	10	0	4	3111133000	1	0
I??CB`{z?	10	14	10	0	5	3111113000	1	0
I??CB`{^?	10	14	10	0	3	3111113000	1	0
I??CB`{~?	10	15	10	0	4	3111113000	1	0
I??CBb{~?	10	16	10	0	3	4111113000	1	0
I??CBb{^_	10	16	10	1	3	4111444200	1	0
I??CBaL}?	10	13	10	1	4	4111441230	1	0
I??CBaLz?	10	13	10	1	4	4111441230	1	0
I??CBaL^?	10	13	10	1	4	3000330124	1	0
I??CBaL~?	10	14	10	1	3	4111441230	1	0
I??CBaL]_	10	13	10	1	4	3000330121	1	0
I??CBaLZ_	10	13	10	2	4	4111441230	1	0
I??CBaL^_	10	14	10	2	3	4111441230	1	0
I??CBaL[g	10	13	10	0	2	3000330121	1	0
I??CFbo}?	10	14	10	0	2	1111333000	1	0
I??CFboz?	10	14	10	0	3	1111333002	1	0
I??CFbo^?	10	14	10	0	3	1111333002	1	0
I??CFbo~?	10	15	10	0	2	1111333002	1	0
I??CFbo[_	10	13	10	1	3	1111333000	1	0
I??CFbo]_	10	14	10	1	3	1111333002	1	0
I??CFboZ_	10	14	10	1	3	1111333002	1	0
I??CFbo^_	10	15	10	1	2	1111333002	1	0
I??CFboBw	10	14	10	0	1	1111333004	1	0
I??CFbg}?	10	14	10	0	3	1111133000	1	0
I??CFbg|?	10	14	10	0	4	1111333000	1	0
I??CFbgv?	10	14	10	0	5	1111133000	1	0
I??CFbg^?	10	14	10	0	4	3111144220	1	0
I??CFbg~?	10	15	10	0	4	1111133000	1	0
I??CFbg[_	10	13	10	1	5	1111333000	1	0
I??CFbgU_	10	13	10	1	5	4111133002	1	0
I??CFbg]_	10	14	10	1	4	3111144220	1	0
I??CFbgX_	10	13	10	1	5	4111133002	1	0
I??CFbg\_	10	14	10	1	4	4111133002	1	0
I??CFbgV_	10	14	10	1	4	4111133002	1	0
I??CFbg^_	10	15	10	1	3	4111133002	1	0
I??CFbw}?	10	15	10	0	2	1111133000	1	0
I??CFbw|?	10	15	10	0	3	1111333000	1	0
I??CFbw^?	10	15	10	0	3	4111133002	1	0
I??CFbw~?	10	16	10	0	3	1111133000	1	0
I??CFbw]_	10	15	10	1	3	4111133002	1	0
I??CFbw\_	10	15	10	1	3	4111133002	1	0
I??CFbwZ_	10	15	10	1	3	4111133002	1	0
I??CFbw^_	10	16	10	1	2	4111133002	1	0
I??CFbK}?	10	14	10	0	5	1111133000	1	0
I??CFbKn?	10	14	10	0	5	4111113000	1	0
I??CFbK^?	10	14	10	0	5	4111113000	1	0
I??CFbK~?	10	15	10	0	4	4111113000	1	0
I??CFbK[_	10	13	10	1	6	1111331020	1	0
I??CFbKY_	10	13	10	1	6	4111113002	1	0
I??CFbKM_	10	13	10	1	6	4411113002	1	0
I??CFbK]_	10	14	10	1	5	3111114220	1	0
I??CFbKN_	10	14	10	1	5	4111113002	1	0
I??CFbK^_	10	15	10	1	4	4111113002	1	0
I??CFbk}?	10	15	10	0	4	1111133000	1	0
I??CFbkz?	10	15	10	0	4	1113113000	1	0
I??CFbkv?	10	15	10	0	4	4111113000	1	0
I??CFbk^?	10	15	10	0	4	4111113000	1	0
I??CFbk~?	10	16	10	0	3	4111113000	1	0
I??CFbk]_	10	15	10	1	4	4111113002	1	0
I??CFbkZ_	10	15	10	1	4	4111113002	1	0
I??CFbkV_	10	15	10	1	4	4111113002	1	0
I??CFbk^_	10	16	10	1	3	4111113002	1	0
I??CF`{^?	10	15	10	0	4	3111113000	1	0
I??CF`{~?	10	16	10	0	3	4111113000	1	0
I??CF`{]_	10	15	10	1	4	3111114200	1	0
I??CF`{^_	10	16	10	1	3	3111114200	1	0
I??CFb{~?	10	17	10	0	2	4111113000	1	0
I??CFb{^_	10	17	10	1	2	4111113002	1	0
I??CF`q}?	10	14	10	1	4	1111333000	1	0
I??CF`qz?	10	14	10	1	5	1111331002	1	0
I??CF`q^?	10	14	10	1	5	3111333000	1	0
I??CF`q~?	10	15	10	1	4	1111331002	1	0
I??CF`i{?	10	13	10	1	4	1111333020	1	0
I??CF`i}?	10	14	10	1	4	4111133020	1	0
I??CF`i|?	10	14	10	1	4	4111313020	1	0
I??CF`iz?	10	14	10	1	5	4111113020	1	0
I??CF`iv?	10	14	10	1	5	4114113020	1	0
I??CF`i^?	10	14	10	1	5	4114113020	1	0
I??CF`i~?	10	15	10	1	4	4114113020	1	0
I??CF`y~?	10	16	10	1	3	4111113020	1	0
I??CF`y]_	10	15	10	1	3	3111134200	1	0
I??CF`y\_	10	15	10	1	4	3111114200	1	0
I??CF`y^_	10	16	10	1	3	3111114200	1	0
I??CF`M{?	10	13	10	1	4	1111333020	1	0
I??CF`My?	10	13	10	1	5	4111133020	1	0
I??CF`Mm?	10	13	10	1	5	4111133020	1	0
I??CF`M}?	10	14	10	1	4	4111133020	1	0
I??CF`Mz?	10	14	10	1	5	4141113020	1	0
I??CF`Mn?	10	14	10	1	5	4111113020	1	0
I??CF`M^?	10	14	10	1	5	4144113020	1	0
I??CF`M~?	10	15	10	1	4	4111113020	1	0
I??CF`m^?	10	15	10	1	4	3111114200	1	0
I??CF`m~?	10	16	10	1	3	4111113020	1	0
I??CF`m]_	10	15	10	1	4	3111114200	1	0
I??CF`mZ_	10	15	10	1	3	3113114200	1	0
I??CF`mV_	10	15	10	1	4	3111114200	1	0
I??CF`m^_	10	16	10	1	3	3111114200	1	0
I??CF`}^_	10	17	10	1	2	3111114200	1	0
I??CBro{?	10	13	10	0	3	1111333000	1	0
I??CBroy?	10	13	10	0	4	1111133000	1	0
I??CBro}?	10	14	10	0	3	1111133000	1	0
I??CBro|?	10	14	10	0	4	1111333000	1	0
I??CBroz?	10	14	10	0	5	1111133000	1	0
I??CBro^?	10	14	10	0	4	3111133000	1	0
I??CBro~?	10	15	10	0	4	1111133000	1	0
I??CBro[_	10	13	10	1	4	3111333000	1	0
I??CBroY_	10	13	10	1	5	3111133000	1	0
I??CBro]_	10	14	10	1	4	3111133000	1	0
I??CBro\_	10	14	10	1	4	3111144220	1	0
I??CBroZ_	10	14	10	1	4	4111133002	1	0
I??CBro^_	10	15	10	1	3	4111133002	1	0
I??CBpw{?	10	13	10	0	3	3111133000	1	0
I??CBpw]?	10	13	10	0	1	3111133000	1	0
I??CBpw}?	10	14	10	0	2	3111133000	1	0
I??CBpwx?	10	13	10	0	4	3111133002	1	0
I??CBpw\?	10	13	10	0	3	3111133000	1	0
I??CBpw|?	10	14	10	0	3	3111133002	1	0
I??CBpw^?	10	14	10	0	2	3111133000	1	0
I??CBpw~?	10	15	10	0	2	3111133002	1	0
I??CBrw}?	10	15	10	0	2	1111133000	1	0
I??CBrw~?	10	16	10	0	3	1111133000	1	0
I??CBrw]_	10	15	10	1	3	3111133000	1	0
I??CBrw^_	10	16	10	1	2	4111133002	1	0
I??CBrc{?	10	13	10	0	5	1111333000	1	0
I??CBrcu?	10	13	10	0	6	1111133000	1	0
I??CBrc}?	10	14	10	0	5	1111133000	1	0
I??CBrcx?	10	13	10	0	4	1113313200	1	0
I??CBrct?	10	13	10	0	5	3111414022	1	0
I??CBrc|?	10	14	10	0	4	4111313200	1	0
I??CBrcf?	10	13	10	0	6	4111113000	1	0
I??CBrcv?	10	14	10	0	5	4111113000	1	0
I??CBrc^?	10	14	10	0	5	3111113000	1	0
I??CBrc~?	10	15	10	0	4	4111113000	1	0
I??CBrc[_	10	13	10	1	5	3111134020	1	0
I??CBrcU_	10	13	10	1	5	3111134020	1	0
I??CBrc]_	10	14	10	1	4	3111134020	1	0
I??CBrcX_	10	13	10	1	6	3113313000	1	0
I??CBrcT_	10	13	10	1	6	4141113002	1	0
I??CBrc\_	10	14	10	1	5	3111114020	1	0
I??CBrcF_	10	13	10	1	6	4441113002	1	0
I??CBrcV_	10	14	10	1	5	3111114020	1	0
I??CBrc^_	10	15	10	1	4	3111114020	1	0
I??CBps{?	10	13	10	0	4	3111333000	1	0
I??CBpsy?	10	13	10	0	5	3111133000	1	0
I??CBps}?	10	14	10	0	4	3111133000	1	0
I??CBpsr?	10	13	10	0	6	3111113000	1	0
I??CBpsZ?	10	13	10	0	4	3111113000	1	0
I??CBpsz?	10	14	10	0	5	3111113000	1	0
I??CBps^?	10	14	10	0	3	3111113000	1	0
I??CBps~?	10	15	10	0	4	3111113000	1	0
I??CBrs}?	10	15	10	0	4	1111133000	1	0
I??CBrs|?	10	15	10	0	3	4111313200	1	0
I??CBrsz?	10	15	10	0	4	4111113000	1	0
I??CBrs~?	10	16	10	0	3	4111113000	1	0
I??CBrs]_	10	15	10	1	3	3111134020	1	0
I??CBrs\_	10	15	10	1	4	4111113002	1	0
I??CBrsZ_	10	15	10	1	4	4114113002	1	0
I??CBrs^_	10	16	10	1	3	3111114020	1	0
I??CBp{}?	10	15	10	0	3	3111133000	1	0
I??CBp{|?	10	15	10	0	4	3111113000	1	0
I??CBp{^?	10	15	10	0	2	3111113000	1	0
I??CBp{~?	10	16	10	0	3	3111113000	1	0
I??CBr{~?	10	17	10	0	2	4111113000	1	0
I??CBr{^_	10	17	10	1	2	4111113002	1	0
I??CFrw}?	10	16	10	0	1	1111133000	1	0
I??CFrw|?	10	16	10	0	3	1111133000	1	0
I??CFrw~?	10	17	10	0	2	1111133000	1	0
I??CFrw]_	10	16	10	1	2	4111133002	1	0
I??CFrw\_	10	16	10	1	2	4111133002	1	0
I??CFrw^_	10	17	10	1	1	4111133002	1	0
I??CFrsz?	10	16	10	0	3	4111113000	1	0
I??CFrs~?	10	17	10	0	2	4111113000	1	0
I??CFrsZ_	10	16	10	1	3	4111113002	1	0
I??CFrs^_	10	17	10	1	2	4111113002	1	0
I??CFr{~?	10	18	10	0	1	4111113000	1	0
I??CFr{^_	10	18	10	1	1	4111113002	1	0
I??CFpy|?	10	16	10	1	3	4111113020	1	0
I??CFpy~?	10	17	10	1	2	4111113020	1	0
I??CFpu~?	10	17	10	1	2	4111113020	1	0
I??CFp}^_	10	18	10	1	1	3111114200	1	0
I??CBzw}?	10	16	10	0	2	3111144022	1	0
I??CBzw|?	10	16	10	0	3	4111113000	1	0
I??CBzw~?	10	17	10	0	2	4111113000	1	0
I??CBzw]_	10	16	10	1	3	4111113002	1	0
I??CBzw\_	10	16	10	1	3	4111413002	1	0
I??CBzw^_	10	17	10	1	2	3111114020	1	0
I??CBx{}?	10	16	10	0	3	3111113000	1	0
I??CBx{^?	10	16	10	0	1	3111113000	1	0
I??CBx{~?	10	17	10	0	2	3111113000	1	0
I??CBz{~?	10	18	10	0	1	4111113000	1	0
I??CBz{^_	10	18	10	1	1	4111113002	1	0
I??CFz{~?	10	19	10	0	0	4111113000	1	0
I??CFz{^_	10	19	10	1	0	4111113002	1	1
I??EE?ow?	10	9	10	0	3	0033331131	1	0
I??EE?oK?	10	8	10	0	4	0022224422	1	0
I??EE?ok?	10	9	10	0	5	3300002200	1	0
I??EE?o{?	10	10	10	0	4	1133330030	1	0
I??EE?oq?	10	9	10	0	3	0033331131	1	0
I??EE?oy?	10	10	10	0	4	1133330030	1	0
I??EE?oM?	10	9	10	0	5	2244222200	1	0
I??EE?om?	10	10	10	0	5	1144442240	1	0
I??EE?o}?	10	11	10	0	4	1144442240	1	0
I??EE?or?	10	10	10	0	4	1133330030	1	0
I??EE?oJ?	10	9	10	0	5	2200003300	1	0
I??EE?oj?	10	10	10	0	5	1144442240	1	0
I??EE?oz?	10	11	10	0	4	1133330032	1	0
I??EE?oN?	10	10	10	0	5	2244441140	1	0
I??EE?on?	10	11	10	0	4	1144442240	1	0
I??EE?o~?	10	12	10	0	3	1133330032	1	0
I??EE?ooG	10	9	10	0	3	0033331131	1	0
I??EE?oaG	10	9	10	0	5	3311114411	1	0
I??EE?oqG	10	10	10	0	4	1133330030	1	0
I??EE?oBG	10	9	10	0	5	3300002200	1	0
I??EE?obG	10	10	10	0	5	3300002204	1	0
I??EE?orG	10	11	10	0	4	1133330032	1	0
I??EEBo{?	10	12	10	0	4	0000331111	1	0
I??EEBoy?	10	12	10	0	4	0003331111	1	0
I??EEBo}?	10	13	10	0	3	1144422200	1	0
I??EEBoz?	10	13	10	0	3	1133330002	1	0
I??EEBon?	10	13	10	0	3	1133330002	1	0
I??EEBo~?	10	14	10	0	2	1133330002	1	0
I??EEBoN_	10	13	10	1	3	0033331142	1	0
I??EEBoKo	10	12	10	2	4	4411113302	1	0
I??EEBoIo	10	12	10	1	4	4411113302	1	0
I??EEBoMo	10	13	10	2	3	0033331142	1	0
I??EEBoBo	10	12	10	0	4	4411113302	1	0
I??EEBoJo	10	13	10	1	3	3311114420	1	0
I??EEBoNo	10	14	10	2	2	0033331142	1	0
I??EEBoBw	10	13	10	0	4	1133330001	1	0
I??EE?ww?	10	10	10	0	4	0033331131	1	0
I??EE?w{?	10	11	10	0	5	1144422200	1	0
I??EE?wM?	10	10	10	0	4	2244422200	1	0
I??EE?wm?	10	11	10	0	5	1311133300	1	0
I??EE?w}?	10	12	10	0	4	1144422200	1	0
I??EE?wp?	10	10	10	0	4	0033331131	1	0
I??EE?wx?	10	11	10	0	5	4422220020	1	0
I??EE?wL?	10	10	10	0	6	2244441100	1	0
I??EE?wl?	10	11	10	0	5	4411113300	1	0
I??EE?w|?	10	12	10	0	4	1144442200	1	0
I??EE?wN?	10	11	10	0	5	2244441100	1	0
I??EE?wn?	10	12	10	0	4	4411113300	1	0
I??EE?w~?	10	13	10	0	3	1144442200	1	0
I??EE?wpG	10	11	10	0	4	0033301121	1	0
I??EEAw]?	10	12	10	0	4	1144422200	1	0
I??EEAw}?	10	13	10	0	3	4411113300	1	0
I??EEAw\?	10	12	10	0	4	1144442200	1	0
I??EEAw|?	10	13	10	0	3	1144442200	1	0
I??EEAwn?	10	13	10	0	3	4411113300	1	0
I??EEAw^?	10	13	10	0	3	3300002244	1	0
I??EEAw~?	10	14	10	0	2	4411113300	1	0
I??EEAwM_	10	12	10	1	4	4411113302	1	0
I??EEAwL_	10	12	10	1	4	4411113302	1	0
I??EEAwN_	10	13	10	1	3	3311114420	1	0
I??EEAwKo	10	12	10	1	4	4411113302	1	0
I??EEAwMo	10	13	10	1	3	3311114420	1	0
I??EEAwHo	10	12	10	1	4	0033331142	1	0
I??EEAwLo	10	13	10	1	3	3311114420	1	0
I??EEAwNo	10	14	10	1	2	3311114420	1	0
I??EEBw}?	10	14	10	0	2	4411113300	1	0
I??EEBw|?	10	14	10	0	2	1144442200	1	0
I??EEBw~?	10	15	10	0	1	4411113300	1	0
I??EEBwMo	10	14	10	2	2	4411113302	1	0
I??EEBwLo	10	14	10	2	2	0033331142	1	0
I??EEBwNo	10	15	10	2	1	3311114420	1	0
I??EE?{{?	10	12	10	0	4	1144442200	1	0
I??EE?{m?	10	12	10	0	4	1144442200	1	0
I??EE?{}?	10	13	10	0	3	2200003311	1	0
I??EE?{N?	10	12	10	0	4	2244441100	1	0
I??EE?{n?	10	13	10	0	3	3300002214	1	0
I??EE?{~?	10	14	10	0	2	2200003311	1	0
I??EEA{}?	10	14	10	0	2	4411113300	1	0
I??EEA{n?	10	14	10	0	2	4411113300	1	0
I??EEA{^?	10	14	10	0	2	2200003311	1	0
I??EEA{~?	10	15	10	0	1	4411113300	1	0
I??EEA{N_	10	14	10	1	2	3311114420	1	0
I??EEA{Mo	10	14	10	1	2	3311114420	1	0
I??EEA{No	10	15	10	1	1	3311114420	1	0
I??EEB{~?	10	16	10	0	0	4411113300	1	0
I??EEB{No	10	16	10	2	0	3311114420	1	1
I??ED@_w?	10	9	10	0	3	0003331111	1	0
I??ED@_s?	10	9	10	0	5	0033331111	1	0
I??ED@_{?	10	10	10	0	4	1113330000	1	0
I??ED@_u?	10	10	10	0	5	1114442220	1	0
I??ED@_}?	10	11	10	0	4	1113330002	1	0
I??ED@_F?	10	9	10	0	6	2220003330	1	0
I??ED@_f?	10	10	10	0	5	1114442220	1	0
I??ED@_v?	10	11	10	0	4	1114442220	1	0
I??ED@_~?	10	12	10	0	3	1113330002	1	0
I??ED@_K_	10	9	10	1	6	3300330331	1	0
I??ED@_M_	10	10	10	1	6	3311131330	1	0
I??ED@_N_	10	11	10	1	6	0013331002	1	0
I??EDB_]?	10	11	10	0	4	0003331114	1	0
I??EDB_}?	10	12	10	0	3	1113330002	1	0
I??EDB_V?	10	11	10	0	4	0003331114	1	0
I??EDB_v?	10	12	10	0	3	1113330002	1	0
I??EDB_^?	10	12	10	0	3	0003331114	1	0
I??EDB_~?	10	13	10	0	2	1113330002	1	0
I??EDB_M_	10	11	10	1	6	0003331112	1	0
I??EDB_N_	10	12	10	1	5	0003331112	1	0
I??ED@Ow?	10	9	10	0	4	0003331131	1	0
I??ED@OK?	10	8	10	0	6	0002224422	1	0
I??ED@Ok?	10	9	10	0	5	0303331131	1	0
I??ED@O{?	10	10	10	0	5	1113330030	1	0
I??ED@Oq?	10	9	10	0	5	0033331111	1	0
I??ED@Oy?	10	10	10	0	5	1113330030	1	0
I??ED@OM?	10	9	10	0	6	2244422220	1	0
I??ED@Om?	10	10	10	0	6	1311133030	1	0
I??ED@O}?	10	11	10	0	5	1144442220	1	0
I??ED@Or?	10	10	10	0	6	1133330000	1	0
I??ED@OJ?	10	9	10	0	6	2242442220	1	0
I??ED@Oj?	10	10	10	0	6	1313330030	1	0
I??ED@OZ?	10	10	10	0	6	1144442220	1	0
I??ED@Oz?	10	11	10	0	5	1144442220	1	0
I??ED@ON?	10	10	10	0	6	2244442220	1	0
I??ED@On?	10	11	10	0	5	1144442220	1	0
I??ED@O~?	10	12	10	0	4	1133330002	1	0
I??ED@OK_	10	9	10	1	6	1133330331	1	0
I??ED@OM_	10	10	10	1	6	3311131330	1	0
I??ED@OJ_	10	10	10	1	6	2242441410	1	0
I??ED@ON_	10	11	10	1	6	0033331002	1	0
I??ED@OSO	10	9	10	1	5	3030333011	1	0
I??ED@OQO	10	9	10	1	6	3033033031	1	0
I??ED@OEO	10	9	10	1	6	1313333031	1	0
I??ED@OUO	10	10	10	1	6	3131133100	1	0
I??ED@ORO	10	10	10	1	6	3133113130	1	0
I??ED@OFO	10	10	10	1	6	3331114410	1	0
I??ED@OVO	10	11	10	1	6	3131113400	1	0
I??ED@OCo	10	9	10	1	5	1113330031	1	0
I??ED@OAo	10	9	10	0	5	1113330031	1	0
I??ED@OEo	10	10	10	1	6	0003331130	1	0
I??ED@OBo	10	10	10	0	6	0003331130	1	0
I??ED@OFo	10	11	10	1	5	0003331132	1	0
I??ED@OAW	10	9	10	0	6	1133330001	1	0
I??ED@OBW	10	10	10	0	6	3333113110	1	0
I??ED@O?w	10	9	10	0	4	1133330001	1	0
I??ED@OAw	10	10	10	0	5	0033331110	1	0
I??ED@OBw	10	11	10	0	5	2224441140	1	0
I??ED@ow?	10	10	10	0	4	0003331111	1	0
I??ED@os?	10	10	10	0	5	0030331311	1	0
I??ED@o{?	10	11	10	0	5	1111330000	1	0
I??ED@oy?	10	11	10	0	5	1113330000	1	0
I??ED@ou?	10	11	10	0	6	1131330300	1	0
I??ED@o]?	10	11	10	0	5	3111133300	1	0
I??ED@o}?	10	12	10	0	5	1114442220	1	0
I??ED@or?	10	11	10	0	6	1113330002	1	0
I??ED@oZ?	10	11	10	0	6	1114442220	1	0
I??ED@oz?	10	12	10	0	5	1113330002	1	0
I??ED@of?	10	11	10	0	6	1114442220	1	0
I??ED@oV?	10	11	10	0	6	1114442220	1	0
I??ED@ov?	10	12	10	0	5	1113330002	1	0
I??ED@o^?	10	12	10	0	5	1114442220	1	0
I??ED@o~?	10	13	10	0	4	1113330002	1	0
I??ED@oM_	10	11	10	1	7	3111131300	1	0
I??ED@oJ_	10	11	10	1	7	3313111330	1	0
I??ED@oF_	10	11	10	1	6	2224441110	1	0
I??ED@oN_	10	12	10	1	6	3311114420	1	0
I??ED@oCo	10	10	10	1	6	1113330001	1	0
I??ED@oAo	10	10	10	0	6	1113330001	1	0
I??ED@oEo	10	11	10	1	6	2224441110	1	0
I??ED@oBo	10	11	10	0	6	2222441110	1	0
I??ED@oFo	10	12	10	1	5	2224441110	1	0
I??ED@oBw	10	12	10	0	5	0000331112	1	0
I??EDBo]?	10	12	10	0	5	4111133300	1	0
I??EDBo}?	10	13	10	0	4	1444422200	1	0
I??EDBoZ?	10	12	10	0	5	1113330002	1	0
I??EDBoz?	10	13	10	0	4	1113330002	1	0
I??EDBov?	10	13	10	0	4	1113330002	1	0
I??EDBo^?	10	13	10	0	4	1114442220	1	0
I??EDBo~?	10	14	10	0	3	1113330002	1	0
I??EDBoN_	10	13	10	1	5	3311114420	1	0
I??EDBoFo	10	13	10	1	4	0003331112	1	0
I??ED?WW?	10	8	10	0	5	0003331131	1	0
I??ED?Ww?	10	9	10	0	4	0003331131	1	0
I??ED?W[?	10	9	10	0	6	2444222220	1	0
I??ED?W{?	10	10	10	0	5	1113330030	1	0
I??ED?WU?	10	9	10	0	5	2424422200	1	0
I??ED?Wu?	10	10	10	0	6	1131130300	1	0
I??ED?W]?	10	10	10	0	6	2444422200	1	0
I??ED?W}?	10	11	10	0	6	1111133330	1	0
I??ED?WX?	10	9	10	0	6	2442242220	1	0
I??ED?Wx?	10	10	10	0	5	1113330030	1	0
I??ED?WT?	10	9	10	0	6	2424242220	1	0
I??ED?Wt?	10	10	10	0	6	1131310330	1	0
I??ED?W\?	10	10	10	0	6	2444242220	1	0
I??ED?W|?	10	11	10	0	6	1113330030	1	0
I??ED?WF?	10	9	10	0	5	2224422200	1	0
I??ED?Wf?	10	10	10	0	6	1331113300	1	0
I??ED?WV?	10	10	10	0	6	2424422200	1	0
I??ED?Wv?	10	11	10	0	6	1131113330	1	0
I??ED?W^?	10	11	10	0	6	3000002204	1	0
I??ED?W~?	10	12	10	0	5	4111113310	1	0
I??ED?WK_	10	9	10	1	6	1133330331	1	0
I??ED?WE_	10	9	10	0	5	3330030311	1	0
I??ED?WM_	10	10	10	1	6	3311131300	1	0
I??ED?WH_	10	9	10	1	6	1133330331	1	0
I??ED?WD_	10	9	10	0	6	1133330331	1	0
I??ED?WL_	10	10	10	1	6	3311311330	1	0
I??ED?WF_	10	10	10	0	6	3331111300	1	0
I??ED?WN_	10	11	10	1	6	3311114110	1	0
I??ED?WCo	10	9	10	0	5	1330330031	1	0
I??ED?WEo	10	10	10	0	6	0331131100	1	0
I??ED?W@o	10	9	10	0	5	1113330031	1	0
I??ED?WDo	10	10	10	0	6	0331311130	1	0
I??ED?WFo	10	11	10	0	5	2224441100	1	0
I??ED?WoG	10	9	10	0	5	0033331301	1	0
I??ED?WWG	10	9	10	0	6	3003333301	1	0
I??ED?WwG	10	10	10	0	5	1113330030	1	0
I??ED?W`G	10	9	10	0	6	0333303301	1	0
I??ED?WPG	10	9	10	0	6	3331133301	1	0
I??ED?WpG	10	10	10	0	6	1133310310	1	0
I??ED?WXG	10	10	10	0	6	3113313310	1	0
I??ED?WxG	10	11	10	0	6	1113330030	1	0
I??ED?WGg	10	9	10	1	6	3303330301	1	0
I??ED?W@g	10	9	10	0	6	3333300301	1	0
I??ED?WHg	10	10	10	1	6	3313311310	1	0
I??ED?W?w	10	9	10	0	5	1333330001	1	0
I??ED?W@w	10	10	10	0	6	0333311110	1	0
I??ED@Ww?	10	10	10	0	5	0003331131	1	0
I??ED@Ws?	10	10	10	0	5	0030331311	1	0
I??ED@W{?	10	11	10	0	6	1131330300	1	0
I??ED@Wu?	10	11	10	0	5	1131130300	1	0
I??ED@WM?	10	10	10	0	6	2224422200	1	0
I??ED@Wm?	10	11	10	0	6	1444422200	1	0
I??ED@W]?	10	11	10	0	5	3111133300	1	0
I??ED@W}?	10	12	10	0	5	4111133300	1	0
I??ED@Wp?	10	10	10	0	6	0033301331	1	0
I??ED@Wx?	10	11	10	0	6	1113330020	1	0
I??ED@Wt?	10	11	10	0	6	1131330300	1	0
I??ED@WL?	10	10	10	0	7	0033030002	1	0
I??ED@Wl?	10	11	10	0	7	1311313030	1	0
I??ED@W\?	10	11	10	0	7	1114442200	1	0
I??ED@W|?	10	12	10	0	6	1114442200	1	0
I??ED@Wf?	10	11	10	0	6	1424442200	1	0
I??ED@WV?	10	11	10	0	5	3131113300	1	0
I??ED@Wv?	10	12	10	0	5	1424442200	1	0
I??ED@WN?	10	11	10	0	7	2224422200	1	0
I??ED@Wn?	10	12	10	0	6	1414442230	1	0
I??ED@W^?	10	12	10	0	6	3111113300	1	0
I??ED@W~?	10	13	10	0	5	4111113300	1	0
I??ED@WK_	10	10	10	1	7	4422220224	1	0
I??ED@WM_	10	11	10	1	7	0002200033	1	0
I??ED@WL_	10	11	10	1	7	2244441130	1	0
I??ED@WF_	10	11	10	1	6	2224441130	1	0
I??ED@WN_	10	12	10	1	6	2244441130	1	0
I??ED@WUO	10	11	10	1	5	3131133100	1	0
I??ED@WTO	10	11	10	1	6	3131113400	1	0
I??ED@WFO	10	11	10	1	6	2224441130	1	0
I??ED@WVO	10	12	10	1	5	3131113400	1	0
I??ED@WCo	10	10	10	1	6	1113330031	1	0
I??ED@WEo	10	11	10	1	6	2224441130	1	0
I??ED@W@o	10	10	10	0	6	1113330031	1	0
I??ED@WDo	10	11	10	1	6	2224441130	1	0
I??ED@WFo	10	12	10	1	5	2224441130	1	0
I??ED@WHg	10	11	10	1	6	1131130304	1	0
I??EDBW]?	10	12	10	0	5	4111133300	1	0
I??EDBW}?	10	13	10	0	4	4111133300	1	0
I??EDBW\?	10	12	10	0	6	1114442200	1	0
I??EDBW|?	10	13	10	0	5	1114442200	1	0
I??EDBWV?	10	12	10	0	5	4131113300	1	0
I??EDBWv?	10	13	10	0	4	1424442200	1	0
I??EDBWN?	10	12	10	0	6	1114442200	1	0
I??EDBWn?	10	13	10	0	5	4111113300	1	0
I??EDBW^?	10	13	10	0	5	4111113300	1	0
I??EDBW~?	10	14	10	0	4	4111113300	1	0
I??EDBWM_	10	12	10	1	6	4411113302	1	0
I??EDBWL_	10	12	10	1	6	0033031312	1	0
I??EDBWN_	10	13	10	1	5	3311114420	1	0
I??EDBWUO	10	12	10	1	6	1131133100	1	0
I??EDBWTO	10	12	10	1	6	4141113302	1	0
I??EDBWVO	10	13	10	1	5	3131114420	1	0
I??EDBWFo	10	13	10	2	4	3331114420	1	0
I??ED@w]?	10	12	10	0	4	3111133300	1	0
I??ED@w}?	10	13	10	0	4	4111133300	1	0
I??ED@w\?	10	12	10	0	6	1114442200	1	0
I??ED@w|?	10	13	10	0	5	4111113300	1	0
I??ED@wv?	10	13	10	0	5	4111113300	1	0
I??ED@w^?	10	13	10	0	5	3111113300	1	0
I??ED@w~?	10	14	10	0	4	4111113300	1	0
I??ED@wN_	10	13	10	1	5	3311114420	1	0
I??ED@wFo	10	13	10	2	4	3330002241	1	0
I??EDBw}?	10	14	10	0	3	4111133300	1	0
I??EDBw|?	10	14	10	0	4	1114442200	1	0
I??EDBw^?	10	14	10	0	4	4111113300	1	0
I??EDBw~?	10	15	10	0	3	4111113300	1	0
I??ED?[w?	10	10	10	0	5	0002224424	1	0
I??ED?[[?	10	10	10	0	7	0333000002	1	0
I??ED?[{?	10	11	10	0	6	1113330020	1	0
I??ED?[U?	10	10	10	0	6	2224422200	1	0
I??ED?[u?	10	11	10	0	6	1114442230	1	0
I??ED?[]?	10	11	10	0	6	4441113320	1	0
I??ED?[}?	10	12	10	0	5	1114442230	1	0
I??ED?[F?	10	10	10	0	4	3331113300	1	0
I??ED?[f?	10	11	10	0	5	1331113300	1	0
I??ED?[V?	10	11	10	0	5	2224442200	1	0
I??ED?[v?	10	12	10	0	5	1114442230	1	0
I??ED?[^?	10	12	10	0	5	4441113320	1	0
I??ED?[~?	10	13	10	0	4	1114442230	1	0
I??ED?[K_	10	10	10	1	7	4422220224	1	0
I??ED?[M_	10	11	10	1	6	2244441200	1	0
I??ED?[F_	10	11	10	0	5	2224441100	1	0
I??ED?[N_	10	12	10	1	5	2244441200	1	0
I??ED?[Co	10	10	10	0	5	4442220014	1	0
I??ED?[Eo	10	11	10	0	5	2224441100	1	0
I??ED?[Fo	10	12	10	0	4	2224441100	1	0
I??ED?[wG	10	11	10	0	4	0003331121	1	0
I??EDA[]?	10	12	10	0	6	1114442200	1	0
I??EDA[}?	10	13	10	0	5	4111113300	1	0
I??EDA[V?	10	12	10	0	5	1424442200	1	0
I??EDA[v?	10	13	10	0	4	4131113300	1	0
I??EDA[^?	10	13	10	0	5	3000002244	1	0
I??EDA[~?	10	14	10	0	4	4111113300	1	0
I??EDA[M_	10	12	10	1	6	4411113302	1	0
I??EDA[F_	10	12	10	1	5	4441113302	1	0
I??EDA[N_	10	13	10	1	5	3311114420	1	0
I??EDA[Eo	10	12	10	1	5	4441113302	1	0
I??EDA[Fo	10	13	10	1	4	3331114420	1	0
I??ED@[{?	10	12	10	0	5	1114442202	1	0
I??ED@[]?	10	12	10	0	6	3111113300	1	0
I??ED@[}?	10	13	10	0	5	4111113300	1	0
I??ED@[V?	10	12	10	0	4	3131113300	1	0
I??ED@[v?	10	13	10	0	4	4131113300	1	0
I??ED@[N?	10	12	10	0	6	2224442200	1	0
I??ED@[n?	10	13	10	0	5	1114442200	1	0
I??ED@[^?	10	13	10	0	5	3111113300	1	0
I??ED@[~?	10	14	10	0	4	4111113300	1	0
I??ED@[M_	10	12	10	1	6	4411113302	1	0
I??ED@[N_	10	13	10	1	5	3300002241	1	0
I??ED@[UO	10	12	10	1	5	3131113400	1	0
I??ED@[VO	10	13	10	1	4	3131113400	1	0
I??ED@[Fo	10	13	10	1	4	3330002241	1	0
I??EDB[}?	10	14	10	0	4	4111113300	1	0
I??EDB[v?	10	14	10	0	3	4131113300	1	0
I??EDB[n?	10	14	10	0	4	4111113300	1	0
I??EDB[^?	10	14	10	0	4	4111113300	1	0
I??EDB[~?	10	15	10	0	3	4111113300	1	0
I??EDB[N_	10	14	10	1	4	4411113302	1	0
I??EDB[VO	10	14	10	1	4	4141113302	1	0
I??ED@{^?	10	14	10	0	4	3111113300	1	0
I??ED@{~?	10	15	10	0	3	4111113300	1	0
I??EDB{~?	10	16	10	0	2	4111113300	1	0
I??ED?qw?	10	10	10	1	5	0003331131	1	0
I??ED?q{?	10	11	10	1	6	1113330030	1	0
I??ED?qy?	10	11	10	1	6	1113330030	1	0
I??ED?qu?	10	11	10	1	7	1131130310	1	0
I??ED?q}?	10	12	10	1	6	1414442220	1	0
I??ED?qr?	10	11	10	1	6	1133110340	1	0
I??ED?qj?	10	11	10	1	7	1313330000	1	0
I??ED?qZ?	10	11	10	1	7	4411443220	1	0
I??ED?qz?	10	12	10	1	6	1414442220	1	0
I??ED?qV?	10	11	10	1	7	1144442230	1	0
I??ED?qv?	10	12	10	1	6	1144442230	1	0
I??ED?q~?	10	13	10	1	5	1313330002	1	0
I??ED?qN_	10	12	10	1	5	3311114300	1	0
I??ED?qSO	10	10	10	2	7	1330330011	1	0
I??ED?qQO	10	10	10	1	7	4422220242	1	0
I??ED?qUO	10	11	10	2	7	2424422420	1	0
I??ED?qRO	10	11	10	1	6	2422442410	1	0
I??ED?qVO	10	12	10	2	6	3030003221	1	0
I??ED?qEo	10	11	10	1	6	1330330011	1	0
I??ED?qFo	10	12	10	1	5	2224441120	1	0
I??ED?y{?	10	12	10	1	6	3311114402	1	0
I??ED?y]?	10	12	10	1	6	3111131300	1	0
I??ED?y}?	10	13	10	1	5	4411113320	1	0
I??ED?yx?	10	12	10	1	6	3311114402	1	0
I??ED?y\?	10	12	10	1	6	3311114402	1	0
I??ED?y|?	10	13	10	1	5	4411113320	1	0
I??ED?yv?	10	13	10	1	5	4411113320	1	0
I??ED?yn?	10	13	10	1	5	4411113320	1	0
I??ED?y^?	10	13	10	1	5	4411113320	1	0
I??ED?y~?	10	14	10	1	4	4411113320	1	0
I??ED?yN_	10	13	10	1	4	3311114300	1	0
I??ED?yUO	10	12	10	2	7	2244421400	1	0
I??ED?yTO	10	12	10	2	7	3311114102	1	0
I??ED?yVO	10	13	10	2	6	3030000241	1	0
I??ED?yFo	10	13	10	1	5	2224441100	1	0
I??ED?]{?	10	12	10	1	5	0003331121	1	0
I??ED?]u?	10	12	10	1	5	3331114402	1	0
I??ED?]m?	10	12	10	1	5	3331114402	1	0
I??ED?]]?	10	12	10	1	5	3331114402	1	0
I??ED?]}?	10	13	10	1	4	4441113320	1	0
I??ED?]V?	10	12	10	1	5	3331114402	1	0
I??ED?]v?	10	13	10	1	4	4441113320	1	0
I??ED?]N?	10	12	10	1	5	2244441200	1	0
I??ED?]n?	10	13	10	1	4	4441113320	1	0
I??ED?]^?	10	13	10	1	4	3330002214	1	0
I??ED?]~?	10	14	10	1	3	4441113320	1	0
I??ED?]N_	10	13	10	1	4	3311114300	1	0
I??ED?]UO	10	12	10	1	6	2224441100	1	0
I??ED?]FO	10	12	10	0	4	2224441100	1	0
I??ED?]VO	10	13	10	1	5	3030000211	1	0
I??ED?]Fo	10	13	10	0	3	3331114400	1	0
I??ED?}}?	10	14	10	1	4	3311114402	1	0
I??ED?}^?	10	14	10	1	4	3311114402	1	0
I??ED?}~?	10	15	10	1	3	4411113320	1	0
I??ED?}N_	10	14	10	1	3	3311114300	1	0
I??ED?}VO	10	14	10	2	5	3311114102	1	0
I??ED?Z{?	10	12	10	1	5	0003331121	1	0
I??ED?Zu?	10	12	10	2	5	3331114402	1	0
I??ED?Z]?	10	12	10	2	5	3331114402	1	0
I??ED?Z}?	10	13	10	2	4	0003331124	1	0
I??ED?Zx?	10	12	10	0	5	0003301121	1	0
I??ED?Zt?	10	12	10	1	5	3331114402	1	0
I??ED?Z\?	10	12	10	1	5	3331114402	1	0
I??ED?Z|?	10	13	10	1	4	0003331124	1	0
I??ED?ZV?	10	12	10	1	5	3331114402	1	0
I??ED?Zv?	10	13	10	2	4	3331114402	1	0
I??ED?Z^?	10	13	10	2	4	4441113320	1	0
I??ED?Z~?	10	14	10	2	3	0003331124	1	0
I??ED?ZN_	10	13	10	1	5	2224441100	1	0
I??ED?ZDo	10	12	10	0	4	4442220011	1	0
I??ED?ZFo	10	13	10	0	3	2224441100	1	0
I??ED?ZxG	10	13	10	0	4	0003301121	1	0
I??ED?^}?	10	14	10	2	3	0003331124	1	0
I??ED?^v?	10	14	10	2	3	3331114402	1	0
I??ED?^^?	10	14	10	2	3	3330002214	1	0
I??ED?^~?	10	15	10	2	2	0003331124	1	0
I??ED?^N_	10	14	10	1	4	3311114100	1	0
I??ED?^Fo	10	14	10	0	2	3331114400	1	0
I??EFB_{?	10	12	10	0	2	0003331111	1	0
I??EFB_u?	10	12	10	0	3	0003331114	1	0
I??EFB_m?	10	12	10	0	3	0002224441	1	0
I??EFB_}?	10	13	10	0	2	1113330002	1	0
I??EFB_f?	10	12	10	0	3	3331114442	1	0
I??EFB_v?	10	13	10	0	2	1113330002	1	0
I??EFB_N?	10	12	10	0	3	0003331114	1	0
I??EFB_n?	10	13	10	0	2	1114442220	1	0
I??EFB_~?	10	14	10	0	1	1113330002	1	0
I??EFB_M_	10	12	10	1	5	0003331112	1	0
I??EFB_N_	10	13	10	1	4	0003331112	1	0
I??EFBO{?	10	12	10	0	4	0000331111	1	0
I??EFBOy?	10	12	10	0	4	0003331111	1	0
I??EFBOm?	10	12	10	0	4	0022224441	1	0
I??EFBO}?	10	13	10	0	3	1144442220	1	0
I??EFBOr?	10	12	10	0	4	0033331111	1	0
I??EFBOz?	10	13	10	0	3	1133330002	1	0
I??EFBON?	10	12	10	0	4	0033331114	1	0
I??EFBOn?	10	13	10	0	3	1144442220	1	0
I??EFBO~?	10	14	10	0	2	1133330002	1	0
I??EFBOM_	10	12	10	1	5	0033331112	1	0
I??EFBOJ_	10	12	10	1	5	0030331112	1	0
I??EFBON_	10	13	10	1	4	0033331112	1	0
I??EFBOFo	10	13	10	1	4	0003331112	1	0
I??EFBOBW	10	12	10	0	5	1133330001	1	0
I??EFBOAw	10	12	10	0	3	1133330001	1	0
I??EFBOBw	10	13	10	0	4	0033331110	1	0
I??EFBo{?	10	13	10	0	3	0000331111	1	0
I??EFBoy?	10	13	10	0	3	0003331111	1	0
I??EFBo}?	10	14	10	0	3	1114442220	1	0
I??EFBoz?	10	14	10	0	3	1113330002	1	0
I??EFBov?	10	14	10	0	3	1113330002	1	0
I??EFBon?	10	14	10	0	3	1113330002	1	0
I??EFBo~?	10	15	10	0	2	1113330002	1	0
I??EFBoF_	10	13	10	1	4	0003331112	1	0
I??EFBoN_	10	14	10	1	4	3311114420	1	0
I??EFBoFo	10	14	10	1	3	2224441110	1	0
I??EFBoBw	10	14	10	0	3	1111330004	1	0
I??EFBW{?	10	13	10	0	4	0002224414	1	0
I??EFBW}?	10	14	10	0	4	1114442200	1	0
I??EFBWx?	10	13	10	0	4	0003331141	1	0
I??EFBW|?	10	14	10	0	4	1114442200	1	0
I??EFBWv?	10	14	10	0	4	1114442200	1	0
I??EFBWn?	10	14	10	0	4	1114442200	1	0
I??EFBW~?	10	15	10	0	3	1114442200	1	0
I??EFBWN_	10	14	10	1	4	0033331142	1	0
I??EFBWFo	10	14	10	2	3	2224441130	1	0
I??EFAw]?	10	13	10	0	5	1114442200	1	0
I??EFAw}?	10	14	10	0	4	1114442200	1	0
I??EFAw\?	10	13	10	0	5	1114442200	1	0
I??EFAw|?	10	14	10	0	4	1114442200	1	0
I??EFAwV?	10	13	10	0	5	1114442200	1	0
I??EFAwv?	10	14	10	0	4	1114442200	1	0
I??EFAwn?	10	14	10	0	4	1114442200	1	0
I??EFAw^?	10	14	10	0	4	0003331144	1	0
I??EFAw~?	10	15	10	0	3	1114442200	1	0
I??EFAwF_	10	13	10	1	4	2224441130	1	0
I??EFAwN_	10	14	10	1	4	0033331142	1	0
I??EFAwFo	10	14	10	2	3	2224441130	1	0
I??EFBw}?	10	15	10	0	3	1114442200	1	0
I??EFBw|?	10	15	10	0	3	1114442200	1	0
I??EFBwv?	10	15	10	0	3	1114442200	1	0
I??EFBw~?	10	16	10	0	2	1114442200	1	0
I??EFBwFo	10	15	10	2	2	1113330024	1	0
I??EFA[}?	10	14	10	0	4	1114442200	1	0
I??EFA[V?	10	13	10	0	5	1114442200	1	0
I??EFA[v?	10	14	10	0	4	4411113300	1	0
I??EFA[n?	10	14	10	0	4	4411113300	1	0
I??EFA[^?	10	14	10	0	4	3300002244	1	0
I??EFA[~?	10	15	10	0	3	4411113300	1	0
I??EFA[N_	10	14	10	1	4	2244441130	1	0
I??EFA[Fo	10	14	10	1	3	2224441130	1	0
I??EFB[v?	10	15	10	0	3	4411113300	1	0
I??EFB[~?	10	16	10	0	2	4411113300	1	0
I??EF?{{?	10	13	10	0	4	0003331141	1	0
I??EF?{u?	10	13	10	0	5	1114442200	1	0
I??EF?{m?	10	13	10	0	5	1114442200	1	0
I??EF?{}?	10	14	10	0	4	0003331144	1	0
I??EF?{f?	10	13	10	0	5	1114442200	1	0
I??EF?{v?	10	14	10	0	4	2200003311	1	0
I??EF?{N?	10	13	10	0	5	3311113300	1	0
I??EF?{n?	10	14	10	0	4	4411113300	1	0
I??EF?{~?	10	15	10	0	3	0003331144	1	0
I??EF?{M_	10	13	10	1	5	0033331122	1	0
I??EF?{F_	10	13	10	1	4	4441113302	1	0
I??EF?{N_	10	14	10	1	4	0033331122	1	0
I??EF?{Fo	10	14	10	1	3	2224441130	1	0
I??EFA{}?	10	15	10	0	3	1114442200	1	0
I??EFA{v?	10	15	10	0	3	4411113300	1	0
I??EFA{n?	10	15	10	0	3	4411113300	1	0
I??EFA{^?	10	15	10	0	3	0003331144	1	0
I??EFA{~?	10	16	10	0	2	4411113300	1	0
I??EFA{Fo	10	15	10	2	2	4441113302	1	0
I??EFB{~?	10	17	10	0	1	4411113300	1	0
I??EF?y{?	10	13	10	1	5	3311114402	1	0
I??EF?yu?	10	13	10	1	5	0033331124	1	0
I??EF?ym?	10	13	10	1	5	3311114402	1	0
I??EF?y}?	10	14	10	1	4	0033331124	1	0
I??EF?yx?	10	13	10	1	5	3311114402	1	0
I??EF?yt?	10	13	10	1	5	0033331124	1	0
I??EF?yl?	10	13	10	1	5	0033331124	1	0
I??EF?y|?	10	14	10	1	4	0033331124	1	0
I??EF?yf?	10	13	10	1	5	2244441103	1	0
I??EF?yv?	10	14	10	1	4	0033331124	1	0
I??EF?yn?	10	14	10	1	4	0033331124	1	0
I??EF?y~?	10	15	10	1	3	0033331124	1	0
I??EF?yN_	10	14	10	1	4	0033331122	1	0
I??EF?yEo	10	13	10	1	5	1113310044	1	0
I??EF?yFo	10	14	10	1	4	0003331122	1	0
I??EF?]u?	10	13	10	1	4	0003331124	1	0
I??EF?]}?	10	14	10	1	3	0003331124	1	0
I??EF?]f?	10	13	10	1	4	3331114402	1	0
I??EF?]v?	10	14	10	1	3	4441113320	1	0
I??EF?]n?	10	14	10	1	3	2224441103	1	0
I??EF?]~?	10	15	10	1	2	0003331124	1	0
I??EF?]N_	10	14	10	1	4	2224441100	1	0
I??EF?]Eo	10	13	10	0	3	1113330044	1	0
I??EF?]Fo	10	14	10	0	2	3331114400	1	0
I??EF?}}?	10	15	10	1	3	0033331124	1	0
I??EF?}v?	10	15	10	1	3	0033331124	1	0
I??EF?}n?	10	15	10	1	3	0033331124	1	0
I??EF?}~?	10	16	10	1	2	0033331124	1	0
I??EF?}N_	10	15	10	1	3	0033331122	1	0
I??EF?}Fo	10	15	10	1	3	0003331122	1	0
I??EF?^v?	10	15	10	2	2	3331114402	1	0
I??EF?^~?	10	16	10	2	1	4441113320	1	0
I??E@b_w?	10	10	10	0	3	0003331311	1	0
I??E@b_s?	10	10	10	0	4	0033331311	1	0
I??E@b_k?	10	10	10	0	5	0003331311	1	0
I??E@b_{?	10	11	10	0	4	1113330300	1	0
I??E@b_y?	10	11	10	0	4	1113330300	1	0
I??E@b_u?	10	11	10	0	5	1133330300	1	0
I??E@b_m?	10	11	10	0	6	1113330300	1	0
I??E@b_}?	10	12	10	0	5	1113330300	1	0
I??E@b_r?	10	11	10	0	5	1133330300	1	0
I??E@b_j?	10	11	10	0	6	1113330300	1	0
I??E@b_z?	10	12	10	0	5	1113330300	1	0
I??E@b_f?	10	11	10	0	6	1113330002	1	0
I??E@b_v?	10	12	10	0	5	1113330002	1	0
I??E@b_N?	10	11	10	0	6	1113330002	1	0
I??E@b_n?	10	12	10	0	5	1113330002	1	0
I??E@b_~?	10	13	10	0	4	1113330002	1	0
I??E@b_K_	10	10	10	1	6	1113330301	1	0
I??E@b_E_	10	10	10	1	6	1113330301	1	0
I??E@b_M_	10	11	10	1	6	3311134020	1	0
I??E@b_B_	10	10	10	0	6	1113330301	1	0
I??E@b_J_	10	11	10	1	6	3311114140	1	0
I??E@b_F_	10	11	10	1	5	2224441410	1	0
I??E@b_N_	10	12	10	1	5	3311114140	1	0
I??E@b_oO	10	10	10	1	4	0033331311	1	0
I??E@b_qO	10	11	10	1	5	1133330300	1	0
I??E@b_BO	10	10	10	0	6	3330002020	1	0
I??E@b_bO	10	11	10	1	6	1113330302	1	0
I??E@b_rO	10	12	10	1	5	1113330302	1	0
I??E@b_Ao	10	10	10	0	6	1113330001	1	0
I??E@b_Bo	10	11	10	0	5	2224441410	1	0
I??E@b_Fg	10	12	10	1	4	0003331312	1	0
I??E@b_Bw	10	12	10	0	4	2224441410	1	0
I??E@bo{?	10	12	10	0	4	1111330000	1	0
I??E@bo}?	10	13	10	0	5	1111330000	1	0
I??E@boz?	10	13	10	0	5	1111330002	1	0
I??E@bo~?	10	14	10	0	4	1111330002	1	0
I??E@boN_	10	13	10	1	5	3311114020	1	0
I??E@bGw?	10	10	10	0	4	0033331311	1	0
I??E@bG{?	10	11	10	0	5	1133330300	1	0
I??E@bGq?	10	10	10	0	3	0033031311	1	0
I??E@bGy?	10	11	10	0	4	1133130300	1	0
I??E@bGM?	10	10	10	0	6	4422420202	1	0
I??E@bGm?	10	11	10	0	6	1133130300	1	0
I??E@bG}?	10	12	10	0	5	1133130300	1	0
I??E@bGp?	10	10	10	0	4	0033331311	1	0
I??E@bGx?	10	11	10	0	5	1133330300	1	0
I??E@bGL?	10	10	10	0	6	4422220202	1	0
I??E@bGl?	10	11	10	0	6	1144142320	1	0
I??E@bG|?	10	12	10	0	5	1144142320	1	0
I??E@bGr?	10	11	10	0	4	1133130300	1	0
I??E@bGj?	10	11	10	0	6	1133130300	1	0
I??E@bGz?	10	12	10	0	5	1133130300	1	0
I??E@bGN?	10	11	10	0	6	1144142320	1	0
I??E@bGn?	10	12	10	0	5	1144142320	1	0
I??E@bG~?	10	13	10	0	4	1144142320	1	0
I??E@bGK_	10	10	10	0	6	1133130301	1	0
I??E@bGI_	10	10	10	1	6	1133130301	1	0
I??E@bGM_	10	11	10	1	6	2244421030	1	0
I??E@bGH_	10	10	10	0	6	1133130301	1	0
I??E@bGL_	10	11	10	0	5	2244241010	1	0
I??E@bGJ_	10	11	10	1	6	2244441410	1	0
I??E@bGN_	10	12	10	1	5	2244441410	1	0
I??E@bGoO	10	10	10	0	4	0033331311	1	0
I??E@bGqO	10	11	10	0	4	1133130300	1	0
I??E@bGpO	10	11	10	0	5	1133330300	1	0
I??E@bGbO	10	11	10	0	6	1133130300	1	0
I??E@bGrO	10	12	10	0	5	1133130300	1	0
I??E@bGAo	10	10	10	1	6	1133130301	1	0
I??E@bG@o	10	10	10	0	6	1133130301	1	0
I??E@bGBo	10	11	10	1	6	2244441410	1	0
I??E@bGLG	10	11	10	0	5	1133130304	1	0
I??E@bGKg	10	11	10	0	5	1133130301	1	0
I??E@bGLg	10	12	10	0	4	0033031212	1	0
I??E@agw?	10	10	10	0	5	0003331311	1	0
I??E@ag{?	10	11	10	0	6	1113330300	1	0
I??E@agy?	10	11	10	0	5	1113130300	1	0
I??E@agU?	10	10	10	0	7	1133130300	1	0
I??E@agu?	10	11	10	0	6	1133130300	1	0
I??E@ag}?	10	12	10	0	6	1111133300	1	0
I??E@agx?	10	11	10	0	6	1113330300	1	0
I??E@agT?	10	10	10	0	7	4242422202	1	0
I??E@agt?	10	11	10	0	7	1133330300	1	0
I??E@ag|?	10	12	10	0	6	1414442220	1	0
I??E@agr?	10	11	10	0	6	1133130300	1	0
I??E@agj?	10	11	10	0	5	1313113300	1	0
I??E@agZ?	10	11	10	0	7	1113130300	1	0
I??E@agz?	10	12	10	0	6	1113130300	1	0
I??E@agV?	10	11	10	0	7	1414442220	1	0
I??E@agv?	10	12	10	0	6	1414442220	1	0
I??E@ag~?	10	13	10	0	5	1414442220	1	0
I??E@agK_	10	10	10	1	6	3300330131	1	0
I??E@agE_	10	10	10	1	7	1133310424	1	0
I??E@agM_	10	11	10	1	6	3311133000	1	0
I??E@agD_	10	10	10	1	7	4442420201	1	0
I??E@agL_	10	11	10	1	6	3311314020	1	0
I??E@agB_	10	10	10	1	7	4422220224	1	0
I??E@agJ_	10	11	10	1	7	1313111300	1	0
I??E@agF_	10	11	10	1	7	2244441030	1	0
I??E@agN_	10	12	10	1	6	3311114020	1	0
I??E@agAo	10	10	10	1	7	1313330001	1	0
I??E@ag@o	10	10	10	0	7	1313330001	1	0
I??E@agBo	10	11	10	1	7	2222441130	1	0
I??E@agTG	10	11	10	1	6	1313131104	1	0
I??E@bg{?	10	12	10	0	5	1113330300	1	0
I??E@bgy?	10	12	10	0	4	1113130300	1	0
I??E@bgu?	10	12	10	0	5	1133130300	1	0
I??E@bgm?	10	12	10	0	6	1111133300	1	0
I??E@bg}?	10	13	10	0	5	1111133300	1	0
I??E@bgx?	10	12	10	0	5	1113330300	1	0
I??E@bgt?	10	12	10	0	6	1133330300	1	0
I??E@bgl?	10	12	10	0	7	1113330300	1	0
I??E@bg|?	10	13	10	0	6	1113330300	1	0
I??E@bgz?	10	13	10	0	5	1113130300	1	0
I??E@bgv?	10	13	10	0	6	1133130300	1	0
I??E@bgn?	10	13	10	0	6	1144112300	1	0
I??E@bg~?	10	14	10	0	5	1144112300	1	0
I??E@bgN_	10	13	10	1	5	3311114020	1	0
I??E@bgrO	10	13	10	1	5	1133110420	1	0
I??E@bw}?	10	14	10	0	4	1111133300	1	0
I??E@bw|?	10	14	10	0	5	1144112300	1	0
I??E@bw~?	10	15	10	0	4	1144112300	1	0
I??E@_Ko?	10	8	10	0	4	0033331331	1	0
I??E@_Kw?	10	9	10	0	5	1113330330	1	0
I??E@_K{?	10	10	10	0	6	1111330030	1	0
I??E@_Ki?	10	9	10	0	6	1313133330	1	0
I??E@_Ky?	10	10	10	0	6	1113130330	1	0
I??E@_K}?	10	11	10	0	6	1111133330	1	0
I??E@_K~?	10	12	10	0	6	1111113330	1	0
I??E@_KK_	10	9	10	0	5	3300330131	1	0
I??E@_KI_	10	9	10	0	6	3303030331	1	0
I??E@_KM_	10	10	10	0	6	3311131030	1	0
I??E@_KN_	10	11	10	0	6	3311111330	1	0
I??E@_KAo	10	9	10	0	6	3333030031	1	0
I??E@_KBo	10	10	10	0	6	3333111100	1	0
I??E@_K?w	10	9	10	0	6	3333330001	1	0
I??E@aK[?	10	10	10	0	6	0333000202	1	0
I??E@aK{?	10	11	10	0	7	1111330020	1	0
I??E@aKY?	10	10	10	0	7	1133130300	1	0
I??E@aKy?	10	11	10	0	6	1133130300	1	0
I??E@aKM?	10	10	10	0	6	0033300202	1	0
I??E@aKm?	10	11	10	0	7	1311133000	1	0
I??E@aK]?	10	11	10	0	7	1144112320	1	0
I??E@aK}?	10	12	10	0	6	1144112320	1	0
I??E@aKR?	10	10	10	0	6	1133110300	1	0
I??E@aKr?	10	11	10	0	5	1133110300	1	0
I??E@aKJ?	10	10	10	0	6	1313113300	1	0
I??E@aKj?	10	11	10	0	5	1313113300	1	0
I??E@aKZ?	10	11	10	0	7	1113113300	1	0
I??E@aKz?	10	12	10	0	6	1113113300	1	0
I??E@aKN?	10	11	10	0	7	1311113300	1	0
I??E@aKn?	10	12	10	0	6	1311113300	1	0
I??E@aK^?	10	12	10	0	6	1144112320	1	0
I??E@aK~?	10	13	10	0	5	1144112320	1	0
I??E@aKK_	10	10	10	0	6	0033000202	1	0
I??E@aKI_	10	10	10	1	7	1133310424	1	0
I??E@aKM_	10	11	10	1	6	2244421030	1	0
I??E@aKB_	10	10	10	1	6	1333111300	1	0
I??E@aKJ_	10	11	10	1	7	2244441030	1	0
I??E@aKN_	10	12	10	1	6	2244441030	1	0
I??E@aKoO	10	10	10	0	6	0033331031	1	0
I??E@aKQO	10	10	10	0	7	2022022024	1	0
I??E@aKqO	10	11	10	0	6	1133130300	1	0
I??E@aKbO	10	11	10	0	5	1333113100	1	0
I??E@aKRO	10	11	10	0	6	4422440100	1	0
I??E@aKrO	10	12	10	0	5	1133110400	1	0
I??E@aKAo	10	10	10	1	7	2222020024	1	0
I??E@aKBo	10	11	10	1	6	1333111400	1	0
I??E@aK[G	10	11	10	1	5	3000333121	1	0
I??E@aKKg	10	11	10	0	5	3300330121	1	0
I??E@bK{?	10	12	10	0	6	1111330020	1	0
I??E@bKy?	10	12	10	0	5	1133130300	1	0
I??E@bKm?	10	12	10	0	6	1133110402	1	0
I??E@bK}?	10	13	10	0	5	1144112320	1	0
I??E@bKr?	10	12	10	0	4	1133110300	1	0
I??E@bKj?	10	12	10	0	6	1113113300	1	0
I??E@bKz?	10	13	10	0	5	1113113300	1	0
I??E@bKN?	10	12	10	0	6	4411113202	1	0
I??E@bKn?	10	13	10	0	5	1144112320	1	0
I??E@bK~?	10	14	10	0	4	1144112320	1	0
I??E@bKM_	10	12	10	1	5	4411143202	1	0
I??E@bKN_	10	13	10	1	5	3311114020	1	0
I??E@bKqO	10	12	10	0	5	1133130300	1	0
I??E@bKrO	10	13	10	0	4	1133110400	1	0
I??E@ak{?	10	12	10	0	6	1111330020	1	0
I??E@aky?	10	12	10	0	6	1113130300	1	0
I??E@aku?	10	12	10	0	7	1133130300	1	0
I??E@ak}?	10	13	10	0	6	1144112300	1	0
I??E@akj?	10	12	10	0	4	1313113300	1	0
I??E@akZ?	10	12	10	0	6	1113113300	1	0
I??E@akz?	10	13	10	0	5	1113113300	1	0
I??E@akV?	10	12	10	0	7	1144112300	1	0
I??E@akv?	10	13	10	0	6	1144112300	1	0
I??E@ak~?	10	14	10	0	5	1144112300	1	0
I??E@akM_	10	12	10	1	5	3311134020	1	0
I??E@akN_	10	13	10	1	5	3311114020	1	0
I??E@bk}?	10	14	10	0	5	1144112300	1	0
I??E@bkz?	10	14	10	0	4	1113113300	1	0
I??E@bkv?	10	14	10	0	5	1144112300	1	0
I??E@bkn?	10	14	10	0	5	1144112300	1	0
I??E@bk~?	10	15	10	0	4	1144112300	1	0
I??E@b{~?	10	16	10	0	3	1144112300	1	0
I??E@_q{?	10	11	10	1	5	4411443220	1	0
I??E@_qy?	10	11	10	1	5	4411443220	1	0
I??E@_qm?	10	11	10	1	5	4411443220	1	0
I??E@_q}?	10	12	10	1	4	4411443220	1	0
I??E@_qr?	10	11	10	0	5	1133110440	1	0
I??E@_qj?	10	11	10	1	5	4411443220	1	0
I??E@_qz?	10	12	10	1	4	4411443220	1	0
I??E@_qN?	10	11	10	0	5	4411443220	1	0
I??E@_qn?	10	12	10	1	4	4411443220	1	0
I??E@_q~?	10	13	10	1	3	4411443220	1	0
I??E@_qM_	10	11	10	0	4	3300330111	1	0
I??E@_qJ_	10	11	10	0	6	3300330111	1	0
I??E@_qN_	10	12	10	0	5	3311331000	1	0
I??E@_qoO	10	10	10	0	6	4422220240	1	0
I??E@_qaO	10	10	10	0	6	0033000220	1	0
I??E@_qqO	10	11	10	0	5	4422420110	1	0
I??E@_qbO	10	11	10	0	5	4422440110	1	0
I??E@_qrO	10	12	10	0	4	0033001221	1	0
I??E@_qBo	10	11	10	1	6	3300002031	1	0
I??E@_qrG	10	12	10	0	4	1133110440	1	0
I??E@_qoW	10	11	10	0	5	0011331001	1	0
I??E@_qqW	10	12	10	0	4	4422420110	1	0
I??E@_qbW	10	12	10	0	4	3300330112	1	0
I??E@_qrW	10	13	10	0	3	3300330112	1	0
I??E@_i{?	10	11	10	1	6	4411143220	1	0
I??E@_iy?	10	11	10	1	6	4411143220	1	0
I??E@_iu?	10	11	10	1	6	1144412330	1	0
I??E@_im?	10	11	10	1	6	4411143220	1	0
I??E@_i}?	10	12	10	1	5	4411143220	1	0
I??E@_ix?	10	11	10	1	6	4411143220	1	0
I??E@_it?	10	11	10	1	6	1131310340	1	0
I??E@_il?	10	11	10	1	6	4411143220	1	0
I??E@_i|?	10	12	10	1	5	4411143220	1	0
I??E@_ir?	10	11	10	1	6	1144412330	1	0
I??E@_ij?	10	11	10	1	6	4411143220	1	0
I??E@_iz?	10	12	10	1	5	4411143220	1	0
I??E@_if?	10	11	10	1	6	1144412330	1	0
I??E@_iv?	10	12	10	1	5	1144412330	1	0
I??E@_iN?	10	11	10	0	6	3311133000	1	0
I??E@_in?	10	12	10	1	5	4411143220	1	0
I??E@_i~?	10	13	10	1	4	4411143220	1	0
I??E@_iM_	10	11	10	0	4	3300032111	1	0
I??E@_iL_	10	11	10	0	5	4422420141	1	0
I??E@_iJ_	10	11	10	0	5	3303000311	1	0
I??E@_iF_	10	11	10	0	6	3300002111	1	0
I??E@_iN_	10	12	10	0	5	3311114000	1	0
I??E@_iqO	10	11	10	1	6	4422420140	1	0
I??E@_i`O	10	10	10	0	6	4422240110	1	0
I??E@_ipO	10	11	10	0	5	4422240110	1	0
I??E@_ibO	10	11	10	1	7	4422240110	1	0
I??E@_irO	10	12	10	1	6	0033001201	1	0
I??E@_iBo	10	11	10	1	6	3303002011	1	0
I??E@_isG	10	11	10	1	5	0030331301	1	0
I??E@_ipG	10	11	10	0	5	0033301301	1	0
I??E@_idG	10	11	10	1	6	0030301321	1	0
I??E@_itG	10	12	10	1	5	1131310340	1	0
I??E@_ioW	10	11	10	0	5	0013331001	1	0
I??E@_i`W	10	11	10	0	5	2244421001	1	0
I??E@_ipW	10	12	10	0	4	4422240110	1	0
I??E@_y{?	10	12	10	1	5	3311134002	1	0
I??E@_yy?	10	12	10	1	5	3311134002	1	0
I??E@_ym?	10	12	10	1	5	3311133000	1	0
I??E@_y}?	10	13	10	1	4	4411143220	1	0
I??E@_yx?	10	12	10	1	5	3311134002	1	0
I??E@_yl?	10	12	10	1	5	3311134002	1	0
I??E@_y|?	10	13	10	1	4	1144412330	1	0
I??E@_yz?	10	13	10	1	4	1144412330	1	0
I??E@_yn?	10	13	10	1	4	4411143220	1	0
I??E@_y~?	10	14	10	1	3	1144412330	1	0
I??E@_yN_	10	13	10	0	4	3311114000	1	0
I??E@_yqO	10	12	10	1	6	2244221001	1	0
I??E@_ypO	10	12	10	0	4	2244421001	1	0
I??E@_yrO	10	13	10	1	5	0033001221	1	0
I??E@_ypW	10	13	10	0	3	2244421001	1	0
I??E@_M{?	10	11	10	0	6	1111330040	1	0
I??E@_My?	10	11	10	1	7	1113130310	1	0
I??E@_Mm?	10	11	10	1	7	1111442230	1	0
I??E@_M}?	10	12	10	1	6	1111442230	1	0
I??E@_Mr?	10	11	10	1	7	1133110300	1	0
I??E@_Mz?	10	12	10	1	6	1111442230	1	0
I??E@_M~?	10	13	10	1	5	1111442230	1	0
I??E@_MM_	10	11	10	0	5	3300032131	1	0
I??E@_MJ_	10	11	10	0	5	3303000311	1	0
I??E@_MN_	10	12	10	0	5	3311114000	1	0
I??E@_MoO	10	10	10	0	6	4422220240	1	0
I??E@_MaO	10	10	10	1	7	4422220242	1	0
I??E@_MqO	10	11	10	1	6	4422420140	1	0
I??E@_MrO	10	12	10	1	6	0033001201	1	0
I??E@_MBo	10	11	10	0	5	3333000011	1	0
I??E@_m{?	10	12	10	1	6	3311114002	1	0
I??E@_my?	10	12	10	1	6	3311114002	1	0
I??E@_mu?	10	12	10	1	6	1131330340	1	0
I??E@_mm?	10	12	10	1	6	3311114002	1	0
I??E@_m}?	10	13	10	1	5	4411113220	1	0
I??E@_mr?	10	12	10	1	6	3311114002	1	0
I??E@_mj?	10	12	10	1	6	1313111300	1	0
I??E@_mz?	10	13	10	1	5	4411113220	1	0
I??E@_mf?	10	12	10	1	6	3311114002	1	0
I??E@_mv?	10	13	10	1	5	4411113220	1	0
I??E@_mN?	10	12	10	0	5	3311114000	1	0
I??E@_mn?	10	13	10	1	5	4411113220	1	0
I??E@_m~?	10	14	10	1	4	4411113220	1	0
I??E@_mN_	10	13	10	0	4	3311114000	1	0
I??E@_mqO	10	12	10	1	6	2244241001	1	0
I??E@_mbO	10	12	10	2	7	2242441400	1	0
I??E@_mrO	10	13	10	2	6	4411113120	1	0
I??E@_}}?	10	14	10	1	4	3311114002	1	0
I??E@_}z?	10	14	10	1	4	3311114002	1	0
I??E@_}n?	10	14	10	1	4	3311114002	1	0
I??E@_}~?	10	15	10	1	3	4411113220	1	0
I??E@_}N_	10	14	10	0	3	3311114000	1	0
I??E@_}rO	10	14	10	2	5	3311114102	1	0
I??E@_N{?	10	12	10	0	5	2222441101	1	0
I??E@_Ny?	10	12	10	1	6	3333114402	1	0
I??E@_N}?	10	13	10	1	5	0000331124	1	0
I??E@_Nr?	10	12	10	1	6	1133111400	1	0
I??E@_Nj?	10	12	10	2	6	3333114402	1	0
I??E@_Nz?	10	13	10	2	5	4444113320	1	0
I??E@_N~?	10	14	10	2	4	4444113320	1	0
I??E@_NN_	10	13	10	1	5	3311114100	1	0
I??E@_NBo	10	12	10	0	4	3333000011	1	0
I??E@_N{G	10	13	10	0	4	0000331121	1	0
I??EDb_{?	10	12	10	0	4	0000331111	1	0
I??EDb_]?	10	12	10	0	5	1114442220	1	0
I??EDb_}?	10	13	10	0	4	1114442220	1	0
I??EDb_Z?	10	12	10	0	5	0003331114	1	0
I??EDb_z?	10	13	10	0	4	1113330002	1	0
I??EDb_V?	10	12	10	0	5	1114442220	1	0
I??EDb_v?	10	13	10	0	4	1113330002	1	0
I??EDb_N?	10	12	10	0	5	0003331114	1	0
I??EDb_n?	10	13	10	0	4	1114442220	1	0
I??EDb_^?	10	13	10	0	4	0003331114	1	0
I??EDb_~?	10	14	10	0	3	1113330002	1	0
I??EDb_M_	10	12	10	1	6	2244441310	1	0
I??EDb_J_	10	12	10	1	6	2244441310	1	0
I??EDb_F_	10	12	10	1	5	0003331112	1	0
I??EDb_N_	10	13	10	1	5	2244441310	1	0
I??EDb_RO	10	12	10	1	6	1311333004	1	0
I??EDb_Bo	10	12	10	0	5	1111330004	1	0
I??EDb_Fg	10	13	10	1	4	0003331112	1	0
I??EDb_BW	10	12	10	0	5	1111330004	1	0
I??EDb_Aw	10	12	10	0	4	1113330001	1	0
I??EDb_Bw	10	13	10	0	4	0000331112	1	0
I??EDao{?	10	12	10	0	3	0300333111	1	0
I??EDao]?	10	12	10	0	5	0300333111	1	0
I??EDao}?	10	13	10	0	4	1311333000	1	0
I??EDaoZ?	10	12	10	0	5	0300331114	1	0
I??EDaoz?	10	13	10	0	4	1311330002	1	0
I??EDaoN?	10	12	10	0	5	0300333111	1	0
I??EDaon?	10	13	10	0	4	1311333000	1	0
I??EDao^?	10	13	10	0	4	0300331114	1	0
I??EDao~?	10	14	10	0	3	1311330002	1	0
I??EDaoM_	10	12	10	1	5	0300333111	1	0
I??EDaoJ_	10	12	10	1	5	1411444220	1	0
I??EDaoN_	10	13	10	1	4	0300333114	1	0
I??EDaoQW	10	12	10	1	4	1311333001	1	0
I??EDaoBW	10	12	10	0	4	1311333001	1	0
I??EDaoRW	10	13	10	1	3	0300333112	1	0
I??EDaoAw	10	12	10	0	4	1311330001	1	0
I??EDaoBw	10	13	10	0	3	2422444110	1	0
I??ED`ow?	10	11	10	0	5	0000331111	1	0
I??ED`ok?	10	11	10	0	4	0300333111	1	0
I??ED`o{?	10	12	10	0	4	1111330000	1	0
I??ED`oy?	10	12	10	0	6	1111330000	1	0
I??ED`om?	10	12	10	0	5	1311333000	1	0
I??ED`o}?	10	13	10	0	5	1111330000	1	0
I??ED`or?	10	12	10	0	6	1111330002	1	0
I??ED`oj?	10	12	10	0	6	1111442220	1	0
I??ED`oz?	10	13	10	0	5	1111330002	1	0
I??ED`oN?	10	12	10	0	6	3311333000	1	0
I??ED`on?	10	13	10	0	5	1111442220	1	0
I??ED`o~?	10	14	10	0	4	1111330002	1	0
I??ED`oM_	10	12	10	1	6	3311333000	1	0
I??ED`oJ_	10	12	10	1	7	3311114220	1	0
I??ED`oN_	10	13	10	1	6	1111333002	1	0
I??ED`oBW	10	12	10	0	5	1111330004	1	0
I??ED`oAw	10	12	10	0	5	1111330001	1	0
I??ED`oBw	10	13	10	0	4	0000331112	1	0
I??EDbo]?	10	13	10	0	5	1111330000	1	0
I??EDbo}?	10	14	10	0	4	1111330000	1	0
I??EDboz?	10	14	10	0	4	1111330002	1	0
I??EDbon?	10	14	10	0	4	1111442220	1	0
I??EDbo^?	10	14	10	0	4	1111330002	1	0
I??EDbo~?	10	15	10	0	3	1111330002	1	0
I??EDboN_	10	14	10	1	5	1111333002	1	0
I??EDboRO	10	13	10	1	5	4244222001	1	0
I??EDbG{?	10	12	10	0	6	0000331111	1	0
I??EDbGy?	10	12	10	0	5	0033031311	1	0
I??EDbGm?	10	12	10	0	6	0300033111	1	0
I??EDbG]?	10	12	10	0	6	1144142020	1	0
I??EDbG}?	10	13	10	0	5	1144142020	1	0
I??EDbGl?	10	12	10	0	6	0300303131	1	0
I??EDbG\?	10	12	10	0	6	1144142020	1	0
I??EDbG|?	10	13	10	0	5	1144142020	1	0
I??EDbGr?	10	12	10	0	5	0033031311	1	0
I??EDbGj?	10	12	10	0	6	0022024141	1	0
I??EDbGZ?	10	12	10	0	6	1144142020	1	0
I??EDbGz?	10	13	10	0	5	1144142020	1	0
I??EDbGN?	10	12	10	0	6	2244441310	1	0
I??EDbGn?	10	13	10	0	5	1144142020	1	0
I??EDbG^?	10	13	10	0	5	3300002224	1	0
I??EDbG~?	10	14	10	0	4	1144142020	1	0
I??EDbGM_	10	12	10	1	6	0033331412	1	0
I??EDbGL_	10	12	10	1	5	0033031412	1	0
I??EDbGJ_	10	12	10	1	6	0033331412	1	0
I??EDbGN_	10	13	10	1	5	0033331412	1	0
I??EDbGLG	10	12	10	1	5	4422420301	1	0
I??EDbGKg	10	12	10	1	5	4422420301	1	0
I??EDbGHg	10	12	10	1	5	4422420301	1	0
I??EDbGLg	10	13	10	1	4	0033031412	1	0
I??EDbG@w	10	12	10	0	5	1133330001	1	0
I??EDag{?	10	12	10	0	5	0300333111	1	0
I??EDagu?	10	12	10	0	6	0300033111	1	0
I??EDagm?	10	12	10	0	4	0300033111	1	0
I??EDag]?	10	12	10	0	6	0300033111	1	0
I??EDag}?	10	13	10	0	5	1311133000	1	0
I??EDagt?	10	12	10	0	6	0202224441	1	0
I??EDag\?	10	12	10	0	6	1414442220	1	0
I??EDag|?	10	13	10	0	5	1414442220	1	0
I??EDagf?	10	12	10	0	6	0300033111	1	0
I??EDagV?	10	12	10	0	6	1414442220	1	0
I??EDagv?	10	13	10	0	5	1414442220	1	0
I??EDagN?	10	12	10	0	6	0300033111	1	0
I??EDagn?	10	13	10	0	5	1311133000	1	0
I??EDag^?	10	13	10	0	5	1414442220	1	0
I??EDag~?	10	14	10	0	4	1414442220	1	0
I??EDagM_	10	12	10	1	6	0300033111	1	0
I??EDagL_	10	12	10	1	7	0300333111	1	0
I??EDagF_	10	12	10	1	7	0003331112	1	0
I??EDagN_	10	13	10	1	6	0300033114	1	0
I??EDagRO	10	12	10	1	6	1311333004	1	0
I??EDagBo	10	12	10	1	6	4444220031	1	0
I??EDagPW	10	12	10	1	5	1311133004	1	0
I??EDag@w	10	12	10	0	5	1313330001	1	0
I??ED`g{?	10	12	10	0	6	1111330000	1	0
I??ED`gu?	10	12	10	0	7	1111133000	1	0
I??ED`gm?	10	12	10	0	6	1311133000	1	0
I??ED`g}?	10	13	10	0	6	1111133000	1	0
I??ED`gx?	10	12	10	0	6	1113330000	1	0
I??ED`gt?	10	12	10	0	7	1131330020	1	0
I??ED`gl?	10	12	10	0	6	1311313030	1	0
I??ED`g\?	10	12	10	0	7	3111333000	1	0
I??ED`g|?	10	13	10	0	6	1114442220	1	0
I??ED`gf?	10	12	10	0	7	1114442220	1	0
I??ED`gv?	10	13	10	0	6	1114442220	1	0
I??ED`gN?	10	12	10	0	7	3311133000	1	0
I??ED`gn?	10	13	10	0	6	1114442220	1	0
I??ED`g~?	10	14	10	0	5	1114442220	1	0
I??ED`gE_	10	11	10	1	8	4442220002	1	0
I??ED`gM_	10	12	10	1	7	3311114220	1	0
I??ED`gL_	10	12	10	1	7	3311114220	1	0
I??ED`gF_	10	12	10	1	7	2224441330	1	0
I??ED`gN_	10	13	10	1	6	3311114220	1	0
I??ED`g@w	10	12	10	0	6	1113330001	1	0
I??EDbg]?	10	13	10	0	6	1111133000	1	0
I??EDbg}?	10	14	10	0	5	1111133000	1	0
I??EDbg\?	10	13	10	0	6	1113330002	1	0
I??EDbg|?	10	14	10	0	5	1114442220	1	0
I??EDbgZ?	10	13	10	0	6	1442442200	1	0
I??EDbgz?	10	14	10	0	5	1442442200	1	0
I??EDbgV?	10	13	10	0	6	4442220003	1	0
I??EDbgv?	10	14	10	0	5	1114442220	1	0
I??EDbgN?	10	13	10	0	6	4411113002	1	0
I??EDbgn?	10	14	10	0	5	1114442220	1	0
I??EDbg^?	10	14	10	0	5	1114442220	1	0
I??EDbg~?	10	15	10	0	4	1114442220	1	0
I??EDbgM_	10	13	10	1	6	4411113002	1	0
I??EDbgL_	10	13	10	1	6	4411113002	1	0
I??EDbgN_	10	14	10	1	5	3311114220	1	0
I??EDbgRO	10	13	10	1	6	1311332024	1	0
I??EDaw]?	10	13	10	0	5	1311133000	1	0
I??EDaw}?	10	14	10	0	4	1311133000	1	0
I??EDaw\?	10	13	10	0	6	1311333000	1	0
I??EDaw|?	10	14	10	0	5	1311333000	1	0
I??EDawZ?	10	13	10	0	6	1311133002	1	0
I??EDawz?	10	14	10	0	5	1311133002	1	0
I??EDawN?	10	13	10	0	5	1311133000	1	0
I??EDawn?	10	14	10	0	4	1311133000	1	0
I??EDaw^?	10	14	10	0	5	1311133002	1	0
I??EDaw~?	10	15	10	0	4	1311133002	1	0
I??EDawM_	10	13	10	1	5	1311133000	1	0
I??EDawL_	10	13	10	1	6	1311333000	1	0
I??EDawN_	10	14	10	1	5	1311133002	1	0
I??ED`w]?	10	13	10	0	5	3111133000	1	0
I??ED`w}?	10	14	10	0	5	1111133000	1	0
I??ED`w\?	10	13	10	0	6	3111333000	1	0
I??ED`w|?	10	14	10	0	6	1111330000	1	0
I??ED`wz?	10	14	10	0	6	1111442200	1	0
I??ED`wn?	10	14	10	0	6	1311133000	1	0
I??ED`w^?	10	14	10	0	6	3111133000	1	0
I??ED`w~?	10	15	10	0	5	1111442200	1	0
I??ED`wN_	10	14	10	1	5	3311114220	1	0
I??EDbw}?	10	15	10	0	4	1111133000	1	0
I??EDbw|?	10	15	10	0	5	1111330000	1	0
I??EDbw^?	10	15	10	0	5	1111442200	1	0
I??EDbw~?	10	16	10	0	4	1111442200	1	0
I??EDaK]?	10	12	10	0	7	1444422020	1	0
I??EDaK}?	10	13	10	0	6	1444422020	1	0
I??EDaKN?	10	12	10	0	7	2244441330	1	0
I??EDaKn?	10	13	10	0	6	1311113000	1	0
I??EDaK^?	10	13	10	0	6	3000002224	1	0
I??EDaK~?	10	14	10	0	5	1444442220	1	0
I??EDaKM_	10	12	10	1	7	2244421330	1	0
I??EDaKN_	10	13	10	1	6	2244441330	1	0
I??EDaKRO	10	12	10	1	6	4244224011	1	0
I??EDaKBo	10	12	10	1	6	4444220031	1	0
I??ED`K{?	10	12	10	0	6	1111330020	1	0
I??ED`Ky?	10	12	10	0	7	1113330020	1	0
I??ED`Km?	10	12	10	0	6	1311133030	1	0
I??ED`K]?	10	12	10	0	7	4144110320	1	0
I??ED`K}?	10	13	10	0	6	1411133030	1	0
I??ED`KN?	10	12	10	0	7	3311114220	1	0
I??ED`Kn?	10	13	10	0	6	1411440230	1	0
I??ED`K~?	10	14	10	0	5	1411440230	1	0
I??ED`KK_	10	11	10	1	6	0300330121	1	0
I??ED`KI_	10	11	10	1	8	0300330020	1	0
I??ED`KM_	10	12	10	1	7	2244421330	1	0
I??ED`KN_	10	13	10	1	6	2244441330	1	0
I??ED`KRO	10	12	10	1	4	3033003211	1	0
I??ED`KBo	10	12	10	1	5	4244222011	1	0
I??EDbK]?	10	13	10	0	7	4422220003	1	0
I??EDbK}?	10	14	10	0	6	1144442000	1	0
I??EDbKZ?	10	13	10	0	6	4113113300	1	0
I??EDbKz?	10	14	10	0	5	4113113300	1	0
I??EDbKN?	10	13	10	0	6	4411113002	1	0
I??EDbKn?	10	14	10	0	6	1144442000	1	0
I??EDbK^?	10	14	10	0	6	4111113300	1	0
I??EDbK~?	10	15	10	0	5	4411113000	1	0
I??EDbKM_	10	13	10	1	6	0022204113	1	0
I??EDbKJ_	10	13	10	1	6	4411113002	1	0
I??EDbKN_	10	14	10	1	5	3311114220	1	0
I??EDak]?	10	13	10	0	7	1311133000	1	0
I??EDak}?	10	14	10	0	6	1311133000	1	0
I??EDakZ?	10	13	10	0	6	1442442200	1	0
I??EDakz?	10	14	10	0	5	1442442200	1	0
I??EDakV?	10	13	10	0	7	1144442000	1	0
I??EDakv?	10	14	10	0	6	1144442000	1	0
I??EDakN?	10	13	10	0	6	1311113000	1	0
I??EDakn?	10	14	10	0	5	1311113000	1	0
I??EDak^?	10	14	10	0	6	1411442200	1	0
I??EDak~?	10	15	10	0	5	1411442200	1	0
I??EDakM_	10	13	10	1	6	4411113002	1	0
I??EDakJ_	10	13	10	1	6	2242441300	1	0
I??EDakF_	10	13	10	1	6	2224441130	1	0
I??EDakN_	10	14	10	1	5	3311114220	1	0
I??EDakRO	10	13	10	1	6	1311330024	1	0
I??ED`k{?	10	13	10	0	5	1111330020	1	0
I??ED`k]?	10	13	10	0	7	3111133000	1	0
I??ED`k}?	10	14	10	0	6	1111442200	1	0
I??ED`kZ?	10	13	10	0	5	3113113300	1	0
I??ED`kz?	10	14	10	0	5	4113113300	1	0
I??ED`kV?	10	13	10	0	7	2144442300	1	0
I??ED`kv?	10	14	10	0	6	4111113300	1	0
I??ED`kN?	10	13	10	0	6	4411113002	1	0
I??ED`kn?	10	14	10	0	6	1411442200	1	0
I??ED`k^?	10	14	10	0	6	3111113300	1	0
I??ED`k~?	10	15	10	0	5	4411113000	1	0
I??ED`kN_	10	14	10	1	5	0033331442	1	0
I??ED`kRO	10	13	10	1	5	3133113400	1	0
I??EDbk}?	10	15	10	0	5	1111442200	1	0
I??EDbkz?	10	15	10	0	4	4113113300	1	0
I??EDbkv?	10	15	10	0	5	4411113000	1	0
I??EDbkn?	10	15	10	0	5	1411442200	1	0
I??EDbk^?	10	15	10	0	5	4411113000	1	0
I??EDbk~?	10	16	10	0	4	4411113000	1	0
I??EDbkN_	10	15	10	1	4	0033331442	1	0
I??ED_{{?	10	13	10	0	5	1111442202	1	0
I??ED_{]?	10	13	10	0	6	3311133000	1	0
I??ED_{}?	10	14	10	0	5	4411113020	1	0
I??ED_{z?	10	14	10	0	5	4411113020	1	0
I??ED_{N?	10	13	10	0	5	3311113000	1	0
I??ED_{n?	10	14	10	0	5	1311113000	1	0
I??ED_{^?	10	14	10	0	5	4411113020	1	0
I??ED_{~?	10	15	10	0	4	4411113020	1	0
I??ED_{N_	10	14	10	1	4	3311114200	1	0
I??ED_{RO	10	13	10	1	6	1311330024	1	0
I??EDa{}?	10	15	10	0	5	1311133000	1	0
I??EDa{n?	10	15	10	0	4	1311113000	1	0
I??EDa{^?	10	15	10	0	5	1411442200	1	0
I??EDa{~?	10	16	10	0	4	1411442200	1	0
I??EDa{N_	10	15	10	1	4	4411113002	1	0
I??ED`{^?	10	15	10	0	5	3111113300	1	0
I??ED`{~?	10	16	10	0	4	4411113000	1	0
I??EDb{~?	10	17	10	0	3	4411113000	1	0
I??ED_y{?	10	13	10	1	6	1311333000	1	0
I??ED_y]?	10	13	10	1	6	3311133000	1	0
I??ED_y}?	10	14	10	1	5	4411113020	1	0
I??ED_y\?	10	13	10	1	6	3311114202	1	0
I??ED_y|?	10	14	10	1	5	4411113020	1	0
I??ED_yZ?	10	13	10	1	6	0033301224	1	0
I??ED_yz?	10	14	10	1	5	4411113020	1	0
I??ED_yN?	10	13	10	1	5	3311114200	1	0
I??ED_yn?	10	14	10	1	5	4411113020	1	0
I??ED_y^?	10	14	10	1	5	4411113020	1	0
I??ED_y~?	10	15	10	1	4	3311134002	1	0
I??ED_yN_	10	14	10	1	4	3311114200	1	0
I??ED_yBo	10	13	10	2	6	1133000241	1	0
I??ED_m{?	10	13	10	1	6	1111333020	1	0
I??ED_my?	10	13	10	1	6	3311114202	1	0
I??ED_mu?	10	13	10	1	6	3311114202	1	0
I??ED_mm?	10	13	10	1	6	1311133020	1	0
I??ED_m]?	10	13	10	1	6	0030331124	1	0
I??ED_m}?	10	14	10	1	5	0030331124	1	0
I??ED_mZ?	10	13	10	1	6	3313114200	1	0
I??ED_mz?	10	14	10	1	5	0030331124	1	0
I??ED_mV?	10	13	10	1	6	3311114202	1	0
I??ED_mv?	10	14	10	1	5	4411113020	1	0
I??ED_mN?	10	13	10	1	5	3311114200	1	0
I??ED_mn?	10	14	10	1	5	4411113020	1	0
I??ED_m^?	10	14	10	1	5	0030331124	1	0
I??ED_m~?	10	15	10	1	4	0030331124	1	0
I??ED_mN_	10	14	10	1	4	3311114200	1	0
I??ED_mRO	10	13	10	2	6	1311331024	1	0
I??ED_mBo	10	13	10	1	5	1111330044	1	0
I??ED_}}?	10	15	10	1	4	4411113020	1	0
I??ED_}^?	10	15	10	1	4	3311114202	1	0
I??ED_}~?	10	16	10	1	3	4411113020	1	0
I??ED_}N_	10	15	10	1	3	3311114200	1	0
I??ED`L}?	10	14	10	1	5	1411440230	1	0
I??ED`Ln?	10	14	10	1	5	1411440230	1	0
I??ED`L~?	10	15	10	1	4	1411440230	1	0
I??ED`LN_	10	14	10	2	5	1411441230	1	0
I??EFbo}?	10	15	10	0	3	1111330000	1	0
I??EFboz?	10	15	10	0	3	1111330002	1	0
I??EFbon?	10	15	10	0	3	1111330002	1	0
I??EFbo~?	10	16	10	0	2	1111330002	1	0
I??EFboN_	10	15	10	1	4	1111333002	1	0
I??EFboBw	10	15	10	0	2	1111330004	1	0
I??EFbg}?	10	15	10	0	4	1111133000	1	0
I??EFbg|?	10	15	10	0	4	1114442220	1	0
I??EFbgv?	10	15	10	0	4	1114442220	1	0
I??EFbgn?	10	15	10	0	4	1114442220	1	0
I??EFbg~?	10	16	10	0	3	1114442220	1	0
I??EFbgN_	10	15	10	1	4	4411113002	1	0
I??EFbw}?	10	16	10	0	3	1111133000	1	0
I??EFbw|?	10	16	10	0	4	1111330000	1	0
I??EFbw~?	10	17	10	0	3	1144442000	1	0
I??EFbK}?	10	15	10	0	5	1144442000	1	0
I??EFbKn?	10	15	10	0	5	4411113000	1	0
I??EFbK~?	10	16	10	0	4	4411113000	1	0
I??EFbKN_	10	15	10	1	4	4411113002	1	0
I??EFbk}?	10	16	10	0	4	1144442000	1	0
I??EFbkz?	10	16	10	0	4	1144442000	1	0
I??EFbkv?	10	16	10	0	4	4411113000	1	0
I??EFbkn?	10	16	10	0	4	4411113000	1	0
I??EFbk~?	10	17	10	0	3	4411113000	1	0
I??EFbkN_	10	16	10	1	3	4411113002	1	0
I??EFa{}?	10	16	10	0	4	1144442000	1	0
I??EFa{n?	10	16	10	0	4	1144442000	1	0
I??EFa{^?	10	16	10	0	4	4411113000	1	0
I??EFa{~?	10	17	10	0	3	4411113000	1	0
I??EFb{~?	10	18	10	0	2	4411113000	1	0
I??EF_}}?	10	16	10	1	3	4411113020	1	0
I??EF_}n?	10	16	10	1	3	3311114202	1	0
I??EF_}~?	10	17	10	1	2	4411113020	1	0
I??EF_}N_	10	16	10	2	2	2244441300	1	0
I??E@r_w?	10	11	10	0	4	0003331311	1	0
I??E@r_{?	10	12	10	0	5	1113330200	1	0
I??E@r_u?	10	12	10	0	6	1133330300	1	0
I??E@r_m?	10	12	10	0	6	1311133000	1	0
I??E@r_}?	10	13	10	0	5	1114442020	1	0
I??E@r_p?	10	11	10	0	5	0033331311	1	0
I??E@r_x?	10	12	10	0	5	1113330200	1	0
I??E@r_t?	10	12	10	0	6	1133330300	1	0
I??E@r_l?	10	12	10	0	6	1114442020	1	0
I??E@r_|?	10	13	10	0	5	1113330202	1	0
I??E@r_f?	10	12	10	0	6	1144442320	1	0
I??E@r_v?	10	13	10	0	5	1144442320	1	0
I??E@r_N?	10	12	10	0	6	3311113030	1	0
I??E@r_n?	10	13	10	0	5	1114442020	1	0
I??E@r_~?	10	14	10	0	4	1114442020	1	0
I??E@r_E_	10	11	10	1	6	1113330204	1	0
I??E@r_M_	10	12	10	1	5	3311134020	1	0
I??E@r_L_	10	12	10	1	6	0033331212	1	0
I??E@r_F_	10	12	10	1	5	2224441310	1	0
I??E@r_N_	10	13	10	1	5	0033331212	1	0
I??E@r_pO	10	12	10	1	5	0033301211	1	0
I??E@r_Fg	10	13	10	1	4	2224441310	1	0
I??E@r_@w	10	12	10	0	5	1113330201	1	0
I??E@qok?	10	11	10	0	4	0300333111	1	0
I??E@qo{?	10	12	10	0	5	1311333000	1	0
I??E@qoy?	10	12	10	0	6	1311133000	1	0
I??E@qom?	10	12	10	0	4	1311133000	1	0
I??E@qo]?	10	12	10	0	5	3311133000	1	0
I??E@qo}?	10	13	10	0	5	1311133000	1	0
I??E@qox?	10	12	10	0	7	1311333000	1	0
I??E@qol?	10	12	10	0	5	1311333000	1	0
I??E@qo\?	10	12	10	0	6	3311333000	1	0
I??E@qo|?	10	13	10	0	6	1311333000	1	0
I??E@qor?	10	12	10	0	7	1144412300	1	0
I??E@qoj?	10	12	10	0	6	1311133000	1	0
I??E@qoZ?	10	12	10	0	7	3311133000	1	0
I??E@qoz?	10	13	10	0	6	1311133002	1	0
I??E@qoN?	10	12	10	0	5	3311133000	1	0
I??E@qon?	10	13	10	0	5	1311133000	1	0
I??E@qo^?	10	13	10	0	6	3311133000	1	0
I??E@qo~?	10	14	10	0	5	1311133002	1	0
I??E@qoM_	10	12	10	1	5	3311133000	1	0
I??E@qoL_	10	12	10	1	6	3311333000	1	0
I??E@qoB_	10	11	10	1	7	1111330204	1	0
I??E@qoJ_	10	12	10	1	6	3311114020	1	0
I??E@qoN_	10	13	10	1	5	3311114020	1	0
I??E@qoPW	10	12	10	1	5	1311133004	1	0
I??E@qo@w	10	12	10	0	5	4244422001	1	0
I??E@ro{?	10	13	10	0	5	1111330000	1	0
I??E@roy?	10	13	10	0	6	1144412300	1	0
I??E@rom?	10	13	10	0	5	1311133000	1	0
I??E@ro}?	10	14	10	0	5	1111133000	1	0
I??E@ro|?	10	14	10	0	5	1144242300	1	0
I??E@roz?	10	14	10	0	5	1144412300	1	0
I??E@ron?	10	14	10	0	5	1144412300	1	0
I??E@ro~?	10	15	10	0	4	1144412300	1	0
I??E@roN_	10	14	10	1	4	3311114020	1	0
I??E@ropO	10	13	10	1	4	3311134024	1	0
I??E@ow{?	10	12	10	0	5	3311133000	1	0
I??E@owM?	10	11	10	0	2	3300033111	1	0
I??E@owm?	10	12	10	0	3	3311133000	1	0
I??E@ow}?	10	13	10	0	4	3311133000	1	0
I??E@owp?	10	11	10	0	5	2244422002	1	0
I??E@owx?	10	12	10	0	5	3311133002	1	0
I??E@owl?	10	12	10	0	5	3311133000	1	0
I??E@ow|?	10	13	10	0	4	3311133002	1	0
I??E@owN?	10	12	10	0	3	3311133000	1	0
I??E@own?	10	13	10	0	4	3311133000	1	0
I??E@ow~?	10	14	10	0	3	3311133002	1	0
I??E@owM_	10	12	10	0	3	3311133000	1	0
I??E@owL_	10	12	10	0	5	3311133000	1	0
I??E@owN_	10	13	10	0	4	3311133000	1	0
I??E@owoW	10	12	10	0	4	3311133001	1	0
I??E@ow`W	10	12	10	0	4	3311133001	1	0
I??E@owpW	10	13	10	0	3	3300032112	1	0
I??E@ow@w	10	12	10	0	4	3311133001	1	0
I??E@qwm?	10	13	10	0	3	1311133000	1	0
I??E@qw]?	10	13	10	0	4	3311133000	1	0
I??E@qw}?	10	14	10	0	4	1311133000	1	0
I??E@qw|?	10	14	10	0	5	1311133002	1	0
I??E@qwn?	10	14	10	0	4	1311133000	1	0
I??E@qw^?	10	14	10	0	5	3311133000	1	0
I??E@qw~?	10	15	10	0	4	1311133002	1	0
I??E@qwN_	10	14	10	1	4	3311114020	1	0
I??E@qwpO	10	13	10	1	4	3311134024	1	0
I??E@rw}?	10	15	10	0	4	1111133000	1	0
I??E@rw~?	10	16	10	0	3	1144412300	1	0
I??E@rC{?	10	12	10	0	5	1144412320	1	0
I??E@rCm?	10	12	10	0	5	1144412320	1	0
I??E@rC}?	10	13	10	0	4	1144412320	1	0
I??E@rCp?	10	11	10	0	4	0033301211	1	0
I??E@rCx?	10	12	10	0	5	1133310200	1	0
I??E@rCl?	10	12	10	0	5	1144412320	1	0
I??E@rC|?	10	13	10	0	4	1144412320	1	0
I??E@rCN?	10	12	10	0	5	4411143230	1	0
I??E@rCn?	10	13	10	0	4	1144412320	1	0
I??E@rC~?	10	14	10	0	3	1144412320	1	0
I??E@rCK_	10	11	10	0	5	4422240101	1	0
I??E@rCM_	10	12	10	0	4	0033301212	1	0
I??E@rCL_	10	12	10	1	6	0033301212	1	0
I??E@rCN_	10	13	10	1	5	0033301212	1	0
I??E@rCMG	10	12	10	0	4	4422240101	1	0
I??E@rCMg	10	13	10	0	3	0033301212	1	0
I??E@qc{?	10	12	10	0	7	1311333000	1	0
I??E@qcU?	10	11	10	0	7	2224422020	1	0
I??E@qcu?	10	12	10	0	7	1144412300	1	0
I??E@qcm?	10	12	10	0	6	1311133000	1	0
I??E@qc]?	10	12	10	0	6	3111133030	1	0
I??E@qc}?	10	13	10	0	6	1144412300	1	0
I??E@qcx?	10	12	10	0	6	1113310200	1	0
I??E@qcT?	10	11	10	0	8	2244242000	1	0
I??E@qct?	10	12	10	0	7	1144412300	1	0
I??E@qcl?	10	12	10	0	6	1311313000	1	0
I??E@qc\?	10	12	10	0	7	3311313000	1	0
I??E@qc|?	10	13	10	0	6	1144412300	1	0
I??E@qcf?	10	12	10	0	7	1144412300	1	0
I??E@qcV?	10	12	10	0	7	4411143200	1	0
I??E@qcv?	10	13	10	0	6	1144412300	1	0
I??E@qcN?	10	12	10	0	6	3311113000	1	0
I??E@qcn?	10	13	10	0	6	1311113000	1	0
I??E@qc^?	10	13	10	0	6	4411143200	1	0
I??E@qc~?	10	14	10	0	5	1144412300	1	0
I??E@qcE_	10	11	10	1	6	4422240131	1	0
I??E@qcM_	10	12	10	1	5	3311134020	1	0
I??E@qcD_	10	11	10	1	7	4422220131	1	0
I??E@qcL_	10	12	10	1	6	3311114020	1	0
I??E@qcF_	10	12	10	1	6	2244441030	1	0
I??E@qcN_	10	13	10	1	5	3311114020	1	0
I??E@qcpO	10	12	10	1	5	0033301211	1	0
I??E@qcUG	10	12	10	1	6	4242244101	1	0
I??E@rc{?	10	13	10	0	6	1113330200	1	0
I??E@rcu?	10	13	10	0	6	1144412300	1	0
I??E@rcm?	10	13	10	0	6	1311133020	1	0
I??E@rc}?	10	14	10	0	5	1144412300	1	0
I??E@rcx?	10	13	10	0	5	1113310200	1	0
I??E@rct?	10	13	10	0	6	1144412300	1	0
I??E@rcl?	10	13	10	0	6	1144412300	1	0
I??E@rc|?	10	14	10	0	5	1144412300	1	0
I??E@rcf?	10	13	10	0	6	1144412300	1	0
I??E@rcv?	10	14	10	0	5	1144412300	1	0
I??E@rcN?	10	13	10	0	5	3311114020	1	0
I??E@rcn?	10	14	10	0	5	1144412300	1	0
I??E@rc~?	10	15	10	0	4	1144412300	1	0
I??E@rcN_	10	14	10	1	4	0033331242	1	0
I??E@rcpO	10	13	10	1	4	1133310400	1	0
I??E@os{?	10	12	10	0	6	3311333000	1	0
I??E@osq?	10	11	10	0	6	4411413023	1	0
I??E@osy?	10	12	10	0	6	4411113220	1	0
I??E@osm?	10	12	10	0	5	3311133000	1	0
I??E@os}?	10	13	10	0	5	4411113220	1	0
I??E@osb?	10	11	10	0	7	2244442000	1	0
I??E@osr?	10	12	10	0	6	4411113220	1	0
I??E@osj?	10	12	10	0	6	3311113000	1	0
I??E@osz?	10	13	10	0	5	3311114002	1	0
I??E@osN?	10	12	10	0	4	3311113000	1	0
I??E@osn?	10	13	10	0	5	3311113000	1	0
I??E@os~?	10	14	10	0	4	3311114002	1	0
I??E@osM_	10	12	10	0	5	3311133000	1	0
I??E@osB_	10	11	10	0	6	4422220111	1	0
I??E@osJ_	10	12	10	0	5	3311114000	1	0
I??E@osN_	10	13	10	0	4	3311114000	1	0
I??E@ospO	10	12	10	1	5	2244421031	1	0
I??E@osoW	10	12	10	0	4	2244441001	1	0
I??E@qs{?	10	13	10	0	6	1311333000	1	0
I??E@qsy?	10	13	10	0	6	1144412300	1	0
I??E@qsm?	10	13	10	0	5	1311133000	1	0
I??E@qs]?	10	13	10	0	6	3311133000	1	0
I??E@qs}?	10	14	10	0	5	1144412300	1	0
I??E@qsl?	10	13	10	0	5	1311313000	1	0
I??E@qs\?	10	13	10	0	6	3311313000	1	0
I??E@qs|?	10	14	10	0	5	1144412300	1	0
I??E@qsj?	10	13	10	0	6	1311113000	1	0
I??E@qsZ?	10	13	10	0	6	4411143200	1	0
I??E@qsz?	10	14	10	0	5	1144412300	1	0
I??E@qsN?	10	13	10	0	5	3311113000	1	0
I??E@qsn?	10	14	10	0	5	1311113000	1	0
I??E@qs^?	10	14	10	0	5	4411143200	1	0
I??E@qs~?	10	15	10	0	4	1144412300	1	0
I??E@qsN_	10	14	10	1	4	3311114020	1	0
I??E@qspO	10	13	10	1	4	3311134024	1	0
I??E@rs}?	10	15	10	0	4	1144412300	1	0
I??E@rs|?	10	15	10	0	4	1144412300	1	0
I??E@rsz?	10	15	10	0	4	1144412300	1	0
I??E@rsn?	10	15	10	0	4	1144412300	1	0
I??E@rs~?	10	16	10	0	3	4411113200	1	0
I??E@o{{?	10	13	10	0	5	3311114002	1	0
I??E@o{m?	10	13	10	0	4	3311133000	1	0
I??E@o{}?	10	14	10	0	4	4411113220	1	0
I??E@o{|?	10	14	10	0	4	3311114002	1	0
I??E@o{N?	10	13	10	0	3	3311113000	1	0
I??E@o{n?	10	14	10	0	4	3311113000	1	0
I??E@o{~?	10	15	10	0	3	3311114002	1	0
I??E@o{N_	10	14	10	0	3	3311114000	1	0
I??E@o{pO	10	13	10	1	4	3311134024	1	0
I??E@q{}?	10	15	10	0	4	1144412300	1	0
I??E@q{n?	10	15	10	0	4	1311113000	1	0
I??E@q{^?	10	15	10	0	4	4411143200	1	0
I??E@q{~?	10	16	10	0	3	1144412300	1	0
I??E@r{~?	10	17	10	0	2	4411113200	1	0
I??E@oy{?	10	13	10	1	4	3311134002	1	0
I??E@oym?	10	13	10	1	4	3311133000	1	0
I??E@oy}?	10	14	10	1	3	4411143220	1	0
I??E@oyx?	10	13	10	1	4	0033301224	1	0
I??E@oyl?	10	13	10	1	4	3311134002	1	0
I??E@oy|?	10	14	10	1	3	3311134002	1	0
I??E@oyN?	10	13	10	0	4	3311133000	1	0
I??E@oyn?	10	14	10	1	3	4411143220	1	0
I??E@oy~?	10	15	10	1	2	3311134002	1	0
I??E@oyN_	10	14	10	0	3	3311114000	1	0
I??E@oypO	10	13	10	0	3	2244421001	1	0
I??E@ou{?	10	13	10	1	5	3311114002	1	0
I??E@ouy?	10	13	10	1	5	0033331224	1	0
I??E@oum?	10	13	10	1	5	3311114002	1	0
I??E@ou}?	10	14	10	1	4	4411113220	1	0
I??E@oux?	10	13	10	1	5	0033331224	1	0
I??E@oul?	10	13	10	1	5	3311114002	1	0
I??E@ou|?	10	14	10	1	4	4411113220	1	0
I??E@our?	10	13	10	1	5	3311114002	1	0
I??E@ouj?	10	13	10	1	5	3311114002	1	0
I??E@ouz?	10	14	10	1	4	0033331224	1	0
I??E@ouN?	10	13	10	0	4	3311114000	1	0
I??E@oun?	10	14	10	1	4	3311114002	1	0
I??E@ou~?	10	15	10	1	3	3311114002	1	0
I??E@ouN_	10	14	10	0	3	3311114000	1	0
I??E@oupO	10	13	10	1	5	2244421001	1	0
I??E@o}}?	10	15	10	1	3	3311114002	1	0
I??E@o}|?	10	15	10	1	3	3311114002	1	0
I??E@o}n?	10	15	10	1	3	3311114002	1	0
I??E@o}~?	10	16	10	1	2	3311114002	1	0
I??E@o}N_	10	15	10	0	2	3311114000	1	0
I??E@rD}?	10	14	10	1	3	4411143230	1	0
I??E@rD|?	10	14	10	1	3	4411143230	1	0
I??E@rDn?	10	14	10	1	3	4411143230	1	0
I??E@rD~?	10	15	10	1	2	4411143230	1	0
I??E@rDN_	10	14	10	1	4	3300002121	1	0
I??E@rDMg	10	14	10	0	2	3300032121	1	0
I??EDro}?	10	15	10	0	4	1111133000	1	0
I??EDro|?	10	15	10	0	5	1111330000	1	0
I??EDroz?	10	15	10	0	5	1144442000	1	0
I??EDron?	10	15	10	0	5	1311133000	1	0
I??EDro^?	10	15	10	0	5	1144442000	1	0
I??EDro~?	10	16	10	0	4	1144442000	1	0
I??EDroN_	10	15	10	1	4	4411113002	1	0
I??EDqw]?	10	14	10	0	4	1311133000	1	0
I??EDqw}?	10	15	10	0	3	1311133000	1	0
I??EDqw\?	10	14	10	0	5	1311133002	1	0
I??EDqw|?	10	15	10	0	4	1311133002	1	0
I??EDqwn?	10	15	10	0	3	1311133000	1	0
I??EDqw^?	10	15	10	0	4	1311133002	1	0
I??EDqw~?	10	16	10	0	3	1311133002	1	0
I??EDqwN_	10	15	10	1	4	1311133002	1	0
I??EDpw{?	10	14	10	0	5	1111133000	1	0
I??EDpw}?	10	15	10	0	4	1111133000	1	0
I??EDpwx?	10	14	10	0	6	1144442000	1	0
I??EDpwl?	10	14	10	0	6	1311133000	1	0
I??EDpw|?	10	15	10	0	5	1144442000	1	0
I??EDpwn?	10	15	10	0	5	1311133000	1	0
I??EDpw~?	10	16	10	0	4	1144442000	1	0
I??EDpwN_	10	15	10	1	4	3311114220	1	0
I??EDrw}?	10	16	10	0	3	1111133000	1	0
I??EDrw^?	10	16	10	0	4	1144442000	1	0
I??EDrw~?	10	17	10	0	3	1144442000	1	0
I??EDrc}?	10	15	10	0	5	1144442000	1	0
I??EDrc|?	10	15	10	0	5	1144442000	1	0
I??EDrcv?	10	15	10	0	5	4411113000	1	0
I??EDrcn?	10	15	10	0	5	1144442000	1	0
I??EDrc^?	10	15	10	0	5	4411113000	1	0
I??EDrc~?	10	16	10	0	4	4411113000	1	0
I??EDrcN_	10	15	10	1	4	4411113002	1	0
I??EDqs}?	10	15	10	0	5	1311133000	1	0
I??EDqsZ?	10	14	10	0	6	1144442000	1	0
I??EDqsz?	10	15	10	0	5	1144442000	1	0
I??EDqsn?	10	15	10	0	4	1311113000	1	0
I??EDqs^?	10	15	10	0	5	1144442000	1	0
I??EDqs~?	10	16	10	0	4	1144442000	1	0
I??EDqsN_	10	15	10	1	4	3311114220	1	0
I??EDps{?	10	14	10	0	6	1111330000	1	0
I??EDpsy?	10	14	10	0	6	1144442000	1	0
I??EDps}?	10	15	10	0	5	1144442000	1	0
I??EDpsr?	10	14	10	0	6	4411113000	1	0
I??EDpsz?	10	15	10	0	5	4411113000	1	0
I??EDpsn?	10	15	10	0	5	1144442000	1	0
I??EDps~?	10	16	10	0	4	4411113000	1	0
I??EDpsN_	10	15	10	1	4	3311114220	1	0
I??EDrs}?	10	16	10	0	4	1144442000	1	0
I??EDrs|?	10	16	10	0	4	1144442000	1	0
I??EDrsz?	10	16	10	0	4	4411113000	1	0
I??EDrsn?	10	16	10	0	4	1144442000	1	0
I??EDrs^?	10	16	10	0	4	4411113000	1	0
I??EDrs~?	10	17	10	0	3	4411113000	1	0
I??EDrsN_	10	16	10	1	3	4411113002	1	0
I??EDq{}?	10	16	10	0	4	1311133000	1	0
I??EDq{n?	10	16	10	0	3	1311113000	1	0
I??EDq{^?	10	16	10	0	4	1144442000	1	0
I??EDq{~?	10	17	10	0	3	1144442000	1	0
I??EDq{N_	10	16	10	1	3	4411113002	1	0
I??EDp{^?	10	16	10	0	4	1144442000	1	0
I??EDp{~?	10	17	10	0	3	4411113000	1	0
I??EDr{~?	10	18	10	0	2	4411113000	1	0
I??EDo}}?	10	16	10	1	3	4411113020	1	0
I??EDo}^?	10	16	10	1	3	3311114202	1	0
I??EDo}~?	10	17	10	1	2	4411113020	1	0
I??EDo}N_	10	16	10	1	2	2244441300	1	0
I??EFrw}?	10	17	10	0	2	1111133000	1	0
I??EFrw|?	10	17	10	0	3	1144442000	1	0
I??EFrw~?	10	18	10	0	2	1144442000	1	0
I??EFrsz?	10	17	10	0	3	4411113000	1	0
I??EFrs~?	10	18	10	0	2	4411113000	1	0
I??EFr{~?	10	19	10	0	1	4411113000	1	0
I??E@zo{?	10	14	10	0	4	1111330200	1	0
I??E@zoy?	10	14	10	0	5	3311114022	1	0
I??E@zo}?	10	15	10	0	4	4411113200	1	0
I??E@zor?	10	14	10	0	5	4411113200	1	0
I??E@zoz?	10	15	10	0	4	4411113200	1	0
I??E@zon?	10	15	10	0	4	4411113200	1	0
I??E@zo~?	10	16	10	0	3	4411113200	1	0
I??E@zoN_	10	15	10	1	3	3311114020	1	0
I??E@yw{?	10	14	10	0	5	3311114022	1	0
I??E@ywm?	10	14	10	0	4	1311133000	1	0
I??E@yw]?	10	14	10	0	5	3311133000	1	0
I??E@yw}?	10	15	10	0	4	4411113200	1	0
I??E@ywx?	10	14	10	0	5	3311114022	1	0
I??E@ywl?	10	14	10	0	5	1311113000	1	0
I??E@yw\?	10	14	10	0	5	3311114022	1	0
I??E@yw|?	10	15	10	0	4	4411113200	1	0
I??E@ywn?	10	15	10	0	4	1311113000	1	0
I??E@yw^?	10	15	10	0	4	4411113200	1	0
I??E@yw~?	10	16	10	0	3	4411113200	1	0
I??E@ywN_	10	15	10	1	3	3311114020	1	0
I??E@zw}?	10	16	10	0	3	4411113200	1	0
I??E@zw|?	10	16	10	0	3	4411113200	1	0
I??E@zwn?	10	16	10	0	3	4411113200	1	0
I??E@zw~?	10	17	10	0	2	4411113200	1	0
I??E@w{{?	10	14	10	0	4	3311114002	1	0
I??E@w{m?	10	14	10	0	4	3311113000	1	0
I??E@w{}?	10	15	10	0	3	3311114002	1	0
I??E@w{N?	10	14	10	0	2	3311113000	1	0
I??E@w{n?	10	15	10	0	3	3311113000	1	0
I??E@w{~?	10	16	10	0	2	3311114002	1	0
I??E@w{N_	10	15	10	0	2	3311114000	1	0
I??E@y{n?	10	16	10	0	3	1311113000	1	0
I??E@y{^?	10	16	10	0	3	4411113200	1	0
I??E@y{~?	10	17	10	0	2	4411113200	1	0
I??E@z{~?	10	18	10	0	1	4411113200	1	0
I??E@w}}?	10	16	10	1	2	3311114002	1	0
I??E@w}n?	10	16	10	1	2	3311114002	1	0
I??E@w}~?	10	17	10	1	1	3311114002	1	0
I??E@w}N_	10	16	10	0	1	2244441000	1	0
I??EDzw}?	10	17	10	0	3	1144442000	1	0
I??EDzw|?	10	17	10	0	3	4411113000	1	0
I??EDzw~?	10	18	10	0	2	4411113000	1	0
I??EDy{}?	10	17	10	0	3	1144442000	1	0
I??EDy{n?	10	17	10	0	2	1311113000	1	0
I??EDy{^?	10	17	10	0	3	1144442000	1	0
I??EDy{~?	10	18	10	0	2	1144442000	1	0
I??EDx{}?	10	17	10	0	3	4411113000	1	0
I??EDx{~?	10	18	10	0	2	4411113000	1	0
I??EDz{~?	10	19	10	0	1	4411113000	1	0
I??EFz{~?	10	20	10	0	0	4411113000	1	0
I??E@f_w?	10	11	10	1	4	0003331311	1	0
I??E@f_{?	10	12	10	1	5	1113330300	1	0
I??E@f_y?	10	12	10	1	5	1113330300	1	0
I??E@f_u?	10	12	10	1	6	1133330300	1	0
I??E@f_m?	10	12	10	1	6	1144442320	1	0
I??E@f_}?	10	13	10	1	5	1144442320	1	0
I??E@f_r?	10	12	10	1	6	1133330300	1	0
I??E@f_j?	10	12	10	1	6	1144442320	1	0
I??E@f_z?	10	13	10	1	5	1144442320	1	0
I??E@f_f?	10	12	10	1	6	1144442320	1	0
I??E@f_v?	10	13	10	1	5	1144442320	1	0
I??E@f_N?	10	12	10	1	6	4411113230	1	0
I??E@f_n?	10	13	10	1	5	1144442320	1	0
I??E@f_~?	10	14	10	1	4	1144442320	1	0
I??E@f_N_	10	13	10	1	5	2244441030	1	0
I??E@f_qO	10	12	10	1	5	0033331011	1	0
I??E@f_bO	10	12	10	1	6	2244221031	1	0
I??E@f_rO	10	13	10	1	5	4422440130	1	0
I??E@f_Eg	10	12	10	1	5	1113330104	1	0
I??E@f_Bg	10	12	10	1	5	1113330104	1	0
I??E@f_Fg	10	13	10	1	4	0003331012	1	0
I??E@f_BW	10	12	10	1	6	1111331004	1	0
I??E@fo{?	10	13	10	1	5	1111330000	1	0
I??E@fo}?	10	14	10	1	5	1144112300	1	0
I??E@foz?	10	14	10	1	5	1144112300	1	0
I??E@fo~?	10	15	10	1	4	1144112300	1	0
I??E@foM_	10	13	10	2	4	1133310424	1	0
I??E@foJ_	10	13	10	2	5	1133330424	1	0
I??E@foN_	10	14	10	2	4	2244441030	1	0
I??E@fG{?	10	12	10	1	5	1144142320	1	0
I??E@fGy?	10	12	10	1	5	1133130300	1	0
I??E@fGm?	10	12	10	1	5	1144142320	1	0
I??E@fG}?	10	13	10	1	4	1144142320	1	0
I??E@fGx?	10	12	10	1	5	1144142320	1	0
I??E@fGl?	10	12	10	1	5	1133130402	1	0
I??E@fG|?	10	13	10	1	4	1133130402	1	0
I??E@fGr?	10	12	10	0	5	1133130300	1	0
I??E@fGj?	10	12	10	1	5	1144142320	1	0
I??E@fGz?	10	13	10	1	4	1144142320	1	0
I??E@fGN?	10	12	10	1	5	1144142320	1	0
I??E@fGn?	10	13	10	1	4	1133130402	1	0
I??E@fG~?	10	14	10	1	3	1133130402	1	0
I??E@fGM_	10	12	10	1	5	4422240131	1	0
I??E@fGL_	10	12	10	0	4	4422420101	1	0
I??E@fGJ_	10	12	10	1	6	4422220101	1	0
I??E@fGN_	10	13	10	1	5	2244241010	1	0
I??E@fGpO	10	12	10	0	5	0033331011	1	0
I??E@fGrO	10	13	10	0	4	1133110400	1	0
I??E@fGLG	10	12	10	0	4	4411413232	1	0
I??E@fGKg	10	12	10	0	4	4422420101	1	0
I??E@fGHg	10	12	10	0	4	4422420101	1	0
I??E@fGLg	10	13	10	0	3	2244241010	1	0
I??E@eg{?	10	12	10	1	7	1113330300	1	0
I??E@egy?	10	12	10	1	6	1113130300	1	0
I??E@egu?	10	12	10	1	7	1133130300	1	0
I??E@eg}?	10	13	10	1	6	1144112300	1	0
I??E@egx?	10	12	10	1	7	1113330300	1	0
I??E@egt?	10	12	10	1	7	1133310420	1	0
I??E@eg|?	10	13	10	1	6	1144112300	1	0
I??E@egr?	10	12	10	1	6	1133110420	1	0
I??E@egj?	10	12	10	1	6	1313113300	1	0
I??E@egZ?	10	12	10	1	7	4411113200	1	0
I??E@egz?	10	13	10	1	6	1144112300	1	0
I??E@egV?	10	12	10	1	7	1144112300	1	0
I??E@egv?	10	13	10	1	6	1144112300	1	0
I??E@eg~?	10	14	10	1	5	1144112300	1	0
I??E@egM_	10	12	10	1	5	3300032111	1	0
I??E@egF_	10	12	10	1	6	4422220131	1	0
I??E@egN_	10	13	10	1	5	3311114020	1	0
I??E@egTG	10	12	10	2	7	4242421201	1	0
I??E@egDg	10	12	10	1	6	4422420101	1	0
I??E@fg{?	10	13	10	1	6	1113330300	1	0
I??E@fgy?	10	13	10	1	5	1113130300	1	0
I??E@fgu?	10	13	10	1	6	1133130300	1	0
I??E@fgm?	10	13	10	1	6	1144112300	1	0
I??E@fg}?	10	14	10	1	5	1144112300	1	0
I??E@fgx?	10	13	10	1	6	1113330300	1	0
I??E@fgt?	10	13	10	1	6	1144112300	1	0
I??E@fgl?	10	13	10	1	6	1144112300	1	0
I??E@fg|?	10	14	10	1	5	1144112300	1	0
I??E@fgz?	10	14	10	1	5	1144112300	1	0
I??E@fgv?	10	14	10	1	5	1144112300	1	0
I??E@fgn?	10	14	10	1	5	1144112300	1	0
I??E@fg~?	10	15	10	1	4	1133130402	1	0
I??E@fgM_	10	13	10	2	4	3311134020	1	0
I??E@fgL_	10	13	10	1	4	3311314020	1	0
I??E@fgJ_	10	13	10	2	5	1133330424	1	0
I??E@fgF_	10	13	10	2	5	1133330424	1	0
I??E@fgN_	10	14	10	2	4	2244441030	1	0
I??E@fgqO	10	13	10	1	4	1133130400	1	0
I??E@fgpO	10	13	10	1	4	3311134024	1	0
I??E@fgbO	10	13	10	1	5	1133110420	1	0
I??E@fgrO	10	14	10	1	4	4422440130	1	0
I??E@fw}?	10	15	10	1	4	1144112300	1	0
I??E@fw|?	10	15	10	1	4	1144112300	1	0
I??E@fw~?	10	16	10	1	3	1144112300	1	0
I??E@eK{?	10	12	10	1	6	1144112320	1	0
I??E@eKy?	10	12	10	1	6	1144112320	1	0
I??E@eKm?	10	12	10	1	6	1144112320	1	0
I??E@eK]?	10	12	10	1	6	1144112320	1	0
I??E@eK}?	10	13	10	1	5	1144112320	1	0
I??E@eKr?	10	12	10	0	5	1133110400	1	0
I??E@eKj?	10	12	10	1	6	1313113300	1	0
I??E@eKZ?	10	12	10	1	6	1144112320	1	0
I??E@eKz?	10	13	10	1	5	1133110402	1	0
I??E@eKN?	10	12	10	1	6	1144112320	1	0
I??E@eKn?	10	13	10	1	5	1144112320	1	0
I??E@eK^?	10	13	10	1	5	1144112320	1	0
I??E@eK~?	10	14	10	1	4	1133110402	1	0
I??E@eKM_	10	12	10	1	5	4422240131	1	0
I??E@eKJ_	10	12	10	1	6	4422220131	1	0
I??E@eKN_	10	13	10	1	5	2244441030	1	0
I??E@eKqO	10	12	10	0	5	0033001211	1	0
I??E@eKbO	10	12	10	0	4	2444224011	1	0
I??E@eKRO	10	12	10	0	5	2244221011	1	0
I??E@eKrO	10	13	10	0	4	1133110400	1	0
I??E@eK[G	10	12	10	1	5	4222442101	1	0
I??E@eKKg	10	12	10	0	4	3300330121	1	0
I??E@fK{?	10	13	10	1	5	1133110402	1	0
I??E@fKy?	10	13	10	1	5	1133110402	1	0
I??E@fKm?	10	13	10	1	5	1133110402	1	0
I??E@fK}?	10	14	10	1	4	1144112320	1	0
I??E@fKr?	10	13	10	0	4	1133110400	1	0
I??E@fKj?	10	13	10	1	5	1133110402	1	0
I??E@fKz?	10	14	10	1	4	1133110402	1	0
I??E@fKN?	10	13	10	1	5	1133110402	1	0
I??E@fKn?	10	14	10	1	4	1133110402	1	0
I??E@fK~?	10	15	10	1	3	1133110402	1	0
I??E@fKM_	10	13	10	1	4	1133310424	1	0
I??E@fKJ_	10	13	10	2	5	1133330424	1	0
I??E@fKN_	10	14	10	2	4	2244441030	1	0
I??E@fKqO	10	13	10	0	4	1133110400	1	0
I??E@fKbO	10	13	10	0	4	1133110400	1	0
I??E@fKrO	10	14	10	0	3	4422440100	1	0
I??E@ek{?	10	13	10	1	6	1144112300	1	0
I??E@eky?	10	13	10	1	6	1144112300	1	0
I??E@eku?	10	13	10	1	6	1144112300	1	0
I??E@ek}?	10	14	10	1	5	1144112300	1	0
I??E@ekj?	10	13	10	1	5	1313113300	1	0
I??E@ekZ?	10	13	10	1	6	4411113200	1	0
I??E@ekz?	10	14	10	1	5	1144112300	1	0
I??E@ekV?	10	13	10	1	6	1144112300	1	0
I??E@ekv?	10	14	10	1	5	1133110422	1	0
I??E@ek~?	10	15	10	1	4	1144112300	1	0
I??E@ekM_	10	13	10	1	4	3311134020	1	0
I??E@ekJ_	10	13	10	1	5	3313114300	1	0
I??E@ekF_	10	13	10	1	5	1133330424	1	0
I??E@ekN_	10	14	10	1	4	2244441030	1	0
I??E@fk}?	10	15	10	1	4	1144112300	1	0
I??E@fkz?	10	15	10	1	4	1144112300	1	0
I??E@fkv?	10	15	10	1	4	1133110422	1	0
I??E@fkn?	10	15	10	1	4	1144112300	1	0
I??E@fk~?	10	16	10	1	3	1144112300	1	0
I??E@f{~?	10	17	10	1	2	1144112300	1	0
I??E@cy}?	10	14	10	2	3	3311134002	1	0
I??E@cy|?	10	14	10	2	3	3311134002	1	0
I??E@cyz?	10	14	10	2	3	3311134002	1	0
I??E@cyn?	10	14	10	1	3	3311134002	1	0
I??E@cy~?	10	15	10	2	2	3311134002	1	0
I??E@cyrO	10	14	10	1	4	3300330112	1	0
I??E@cypW	10	14	10	0	2	2244421001	1	0
I??E@cm}?	10	14	10	2	4	1144442330	1	0
I??E@cmz?	10	14	10	2	4	1144442330	1	0
I??E@cmv?	10	14	10	2	4	0033331224	1	0
I??E@cmn?	10	14	10	1	4	3311114002	1	0
I??E@cm~?	10	15	10	2	3	1144442330	1	0
I??E@cmN_	10	14	10	0	3	3300002111	1	0
I??E@cmrO	10	14	10	2	5	1100330142	1	0
I??E@c}}?	10	15	10	2	3	3311114002	1	0
I??E@c}z?	10	15	10	2	3	1144442330	1	0
I??E@c}n?	10	15	10	1	3	3311114002	1	0
I??E@c}~?	10	16	10	2	2	1144442330	1	0
I??E@c}rO	10	15	10	2	4	1133113420	1	0
I??E@vo{?	10	14	10	1	5	3311114022	1	0
I??E@voy?	10	14	10	1	5	3311114022	1	0
I??E@vo}?	10	15	10	1	4	4411113200	1	0
I??E@vo|?	10	15	10	1	4	4411113200	1	0
I??E@voz?	10	15	10	1	4	4411113200	1	0
I??E@von?	10	15	10	1	4	4411113200	1	0
I??E@vo~?	10	16	10	1	3	4411113200	1	0
I??E@voN_	10	15	10	2	3	2244441030	1	0
I??E@uw{?	10	14	10	1	5	3311134002	1	0
I??E@uwm?	10	14	10	1	4	1311133000	1	0
I??E@uw]?	10	14	10	1	5	3311133000	1	0
I??E@uw}?	10	15	10	1	4	4411113200	1	0
I??E@uwx?	10	14	10	1	5	3311134002	1	0
I??E@uw|?	10	15	10	1	4	3311134002	1	0
I??E@uwn?	10	15	10	1	4	4411113200	1	0
I??E@uw^?	10	15	10	1	4	4411113200	1	0
I??E@uw~?	10	16	10	1	3	3311134002	1	0
I??E@uwN_	10	15	10	1	3	2244441030	1	0
I??E@vw}?	10	16	10	1	3	4411113200	1	0
I??E@vw~?	10	17	10	1	2	4411113200	1	0
I??E@vc{?	10	14	10	1	5	3311114022	1	0
I??E@vcu?	10	14	10	1	5	3311114022	1	0
I??E@vc}?	10	15	10	1	4	4411113200	1	0
I??E@vcx?	10	14	10	1	5	1113310400	1	0
I??E@vct?	10	14	10	1	5	4411113200	1	0
I??E@vc|?	10	15	10	1	4	4411113200	1	0
I??E@vcv?	10	15	10	1	4	4411113200	1	0
I??E@vcn?	10	15	10	1	4	4411113200	1	0
I??E@vc~?	10	16	10	1	3	4411113200	1	0
I??E@vcN_	10	15	10	2	3	2244441030	1	0
I??E@us{?	10	14	10	1	5	3311114022	1	0
I??E@usy?	10	14	10	1	5	3311114022	1	0
I??E@usm?	10	14	10	1	5	3311134020	1	0
I??E@us]?	10	14	10	1	5	3311134020	1	0
I??E@us}?	10	15	10	1	4	4411113200	1	0
I??E@usx?	10	14	10	1	5	4411113200	1	0
I??E@usl?	10	14	10	1	5	1311313200	1	0
I??E@us\?	10	14	10	1	5	3311114022	1	0
I??E@us|?	10	15	10	1	4	4411113200	1	0
I??E@usr?	10	14	10	1	5	4411113200	1	0
I??E@usj?	10	14	10	1	5	3311114022	1	0
I??E@usZ?	10	14	10	1	5	2244421033	1	0
I??E@usz?	10	15	10	1	4	4411113200	1	0
I??E@usn?	10	15	10	1	4	4411113200	1	0
I??E@us^?	10	15	10	1	4	3311114022	1	0
I??E@us~?	10	16	10	1	3	4411113200	1	0
I??E@usN_	10	15	10	1	3	2244441030	1	0
I??E@vs}?	10	16	10	1	3	4411113200	1	0
I??E@vs|?	10	16	10	1	3	4411113200	1	0
I??E@vsz?	10	16	10	1	3	4411113200	1	0
I??E@vsn?	10	16	10	1	3	4411113200	1	0
I??E@vs~?	10	17	10	1	2	4411113200	1	0
I??E@s{{?	10	14	10	1	4	3311114002	1	0
I??E@s{m?	10	14	10	1	4	3311114002	1	0
I??E@s{}?	10	15	10	1	3	4411113220	1	0
I??E@s{x?	10	14	10	1	4	2244441003	1	0
I??E@s{l?	10	14	10	1	4	3311114002	1	0
I??E@s{|?	10	15	10	1	3	3311114002	1	0
I??E@s{N?	10	14	10	0	3	3311114000	1	0
I??E@s{n?	10	15	10	1	3	3311114002	1	0
I??E@s{~?	10	16	10	1	2	3311114002	1	0
I??E@s{N_	10	15	10	0	2	2244441000	1	0
I??E@u{}?	10	16	10	1	3	4411113200	1	0
I??E@u{n?	10	16	10	1	3	4411113200	1	0
I??E@u{^?	10	16	10	1	3	3311114022	1	0
I??E@u{~?	10	17	10	1	2	4411113200	1	0
I??E@v{~?	10	18	10	1	1	4411113200	1	0
I??E@sy}?	10	15	10	2	2	3311134002	1	0
I??E@sy|?	10	15	10	2	2	3311134002	1	0
I??E@syn?	10	15	10	1	2	3311134002	1	0
I??E@sy~?	10	16	10	2	1	3311134002	1	0
I??E@syN_	10	15	10	0	2	3300002111	1	0
I??E@sypW	10	15	10	0	1	3311134004	1	0
I??E@su}?	10	15	10	2	3	1144442330	1	0
I??E@suz?	10	15	10	2	3	3311114002	1	0
I??E@sun?	10	15	10	1	3	3311114002	1	0
I??E@su~?	10	16	10	2	2	3311114002	1	0
I??E@suN_	10	15	10	0	2	3300002111	1	0
I??E@s}}?	10	16	10	2	2	3311114002	1	0
I??E@s}|?	10	16	10	2	2	3311114002	1	0
I??E@s}n?	10	16	10	1	2	3311114002	1	0
I??E@s}~?	10	17	10	2	1	3311114002	1	0
I??E@~w}?	10	17	10	1	2	4411113200	1	0
I??E@~w|?	10	17	10	1	2	4411113200	1	0
I??E@~w~?	10	18	10	1	1	4411113200	1	0
I??E@}{}?	10	17	10	1	2	3311114022	1	0
I??E@}{n?	10	17	10	1	2	3311114022	1	0
I??E@}{^?	10	17	10	1	2	3311114022	1	0
I??E@}{~?	10	18	10	1	1	4411113200	1	0
I??E@~{~?	10	19	10	1	0	4411113200	1	1
I??E@{}}?	10	17	10	2	1	3311114002	1	0
I??E@{}n?	10	17	10	1	1	3311114002	1	0
I??E@{}~?	10	18	10	2	0	3311114002	1	1
I??FFB_{?	10	13	10	0	1	0003331111	1	0
I??FFB_u?	10	13	10	0	2	0002224441	1	0
I??FFB_}?	10	14	10	0	1	1113330002	1	0
I??FFB_v?	10	14	10	0	1	1114442220	1	0
I??FFB_~?	10	15	10	0	0	1113330002	1	0
I??FFBo{?	10	14	10	0	2	0000331111	1	0
I??FFBoy?	10	14	10	0	2	0003331111	1	0
I??FFBo}?	10	15	10	0	2	1114442220	1	0
I??FFBoz?	10	15	10	0	2	1113330002	1	0
I??FFBov?	10	15	10	0	2	1113330002	1	0
I??FFBo~?	10	16	10	0	1	1113330002	1	0
I??FFBoEo	10	14	10	1	3	1113330004	1	0
I??FFBoBo	10	14	10	0	3	1111330004	1	0
I??FFBoFo	10	15	10	1	2	2224441110	1	0
I??FFAW{?	10	13	10	0	4	0003331131	1	0
I??FFAWu?	10	13	10	0	5	0002224411	1	0
I??FFAW]?	10	13	10	0	5	1114442200	1	0
I??FFAW}?	10	14	10	0	4	1113330022	1	0
I??FFAWx?	10	13	10	0	4	0003331131	1	0
I??FFAWt?	10	13	10	0	5	0002224411	1	0
I??FFAW\?	10	13	10	0	5	1114442200	1	0
I??FFAW|?	10	14	10	0	4	1113330022	1	0
I??FFAWf?	10	13	10	0	5	0003331144	1	0
I??FFAWV?	10	13	10	0	5	0003331144	1	0
I??FFAWv?	10	14	10	0	4	1113330022	1	0
I??FFAW^?	10	14	10	0	4	0003331144	1	0
I??FFAW~?	10	15	10	0	3	1113330022	1	0
I??FFAWF_	10	13	10	1	4	1113330024	1	0
I??FFAWEo	10	13	10	1	4	4442220031	1	0
I??FFAWDo	10	13	10	1	4	4442220031	1	0
I??FFAWFo	10	14	10	1	3	0003331142	1	0
I??FFAWXG	10	13	10	1	6	0003301121	1	0
I??FFAW@w	10	13	10	0	4	1113330021	1	0
I??FFBW}?	10	15	10	0	3	1114442200	1	0
I??FFBW|?	10	15	10	0	3	1114442200	1	0
I??FFBWv?	10	15	10	0	3	1113330022	1	0
I??FFBWn?	10	15	10	0	3	1113330022	1	0
I??FFBW~?	10	16	10	0	2	1113330022	1	0
I??FFBWEo	10	14	10	2	3	1113330024	1	0
I??FFBWDo	10	14	10	1	3	1113330024	1	0
I??FFBWFo	10	15	10	2	2	2224441130	1	0
I??FFBw}?	10	16	10	0	2	1114442200	1	0
I??FFBw|?	10	16	10	0	2	1114442200	1	0
I??FFBw~?	10	17	10	0	1	1113330022	1	0
I??FFA[]?	10	14	10	0	4	0003331144	1	0
I??FFA[}?	10	15	10	0	3	1113330022	1	0
I??FFA[V?	10	14	10	0	4	1114442200	1	0
I??FFA[v?	10	15	10	0	3	1114442200	1	0
I??FFA[^?	10	15	10	0	3	0003331144	1	0
I??FFA[~?	10	16	10	0	2	1114442200	1	0
I??FFA[Eo	10	14	10	1	3	1113330024	1	0
I??FFA[Fo	10	15	10	1	2	2224441130	1	0
I??FFB[}?	10	16	10	0	2	1113330022	1	0
I??FFB[v?	10	16	10	0	2	1114442200	1	0
I??FFB[n?	10	16	10	0	2	1114442200	1	0
I??FFB[~?	10	17	10	0	1	1114442200	1	0
I??FFB{~?	10	18	10	0	0	1114442200	1	0
I??FF?^}?	10	16	10	2	1	1113330042	1	0
I??FF?^v?	10	16	10	2	1	1113330042	1	0
I??FF?^~?	10	17	10	2	0	1113330042	1	1
I??FF?^Fo	10	16	10	0	0	1113330044	1	0
I??FEb_{?	10	13	10	0	3	0000331111	1	0
I??FEb_y?	10	13	10	0	3	0003331111	1	0
I??FEb_u?	10	13	10	0	4	0002224441	1	0
I??FEb_}?	10	14	10	0	3	1114442220	1	0
I??FEb_r?	10	13	10	0	4	0003331114	1	0
I??FEb_j?	10	13	10	0	4	0002224441	1	0
I??FEb_z?	10	14	10	0	3	1113330002	1	0
I??FEb_v?	10	14	10	0	3	1113330002	1	0
I??FEb_N?	10	13	10	0	4	0003331114	1	0
I??FEb_n?	10	14	10	0	3	1114442220	1	0
I??FEb_~?	10	15	10	0	2	1113330002	1	0
I??FEb_Bo	10	13	10	0	4	1111330004	1	0
I??FEb_Eg	10	13	10	1	4	1113330004	1	0
I??FEb_Bg	10	13	10	0	4	1111330004	1	0
I??FEb_Fg	10	14	10	1	3	0003331112	1	0
I??FEb_Aw	10	13	10	0	3	1113330001	1	0
I??FEb_Bw	10	14	10	0	3	0000331112	1	0
I??FEao[?	10	12	10	0	4	0000331111	1	0
I??FEao{?	10	13	10	0	3	0000331111	1	0
I??FEao]?	10	13	10	0	5	0000331111	1	0
I??FEao}?	10	14	10	0	4	1111330000	1	0
I??FEaoZ?	10	13	10	0	5	0000331114	1	0
I??FEaoz?	10	14	10	0	4	1111330002	1	0
I??FEao^?	10	14	10	0	4	0000331114	1	0
I??FEao~?	10	15	10	0	3	1111330002	1	0
I??FEaoBo	10	13	10	0	4	1111330004	1	0
I??FEaoAw	10	13	10	0	4	1111330001	1	0
I??FEaoBw	10	14	10	0	3	0000331112	1	0
I??FEbo{?	10	14	10	0	2	0000331111	1	0
I??FEbo}?	10	15	10	0	3	1111330000	1	0
I??FEboz?	10	15	10	0	3	1111330002	1	0
I??FEbon?	10	15	10	0	3	1111330002	1	0
I??FEbo~?	10	16	10	0	2	1111330002	1	0
I??FEboBo	10	14	10	0	3	1111330004	1	0
I??FEbG{?	10	13	10	0	5	0000331111	1	0
I??FEbGm?	10	13	10	0	5	0022224441	1	0
I??FEbG}?	10	14	10	0	4	1144442220	1	0
I??FEbGx?	10	13	10	0	5	0003331111	1	0
I??FEbGl?	10	13	10	0	5	0022224441	1	0
I??FEbG|?	10	14	10	0	4	1144442220	1	0
I??FEbGN?	10	13	10	0	5	0033331114	1	0
I??FEbGn?	10	14	10	0	4	1144442220	1	0
I??FEbG~?	10	15	10	0	3	1133330002	1	0
I??FEbGF_	10	13	10	1	6	1113330004	1	0
I??FEbGBo	10	13	10	1	5	4444220031	1	0
I??FEbG@w	10	13	10	0	4	1133330001	1	0
I??FEag{?	10	13	10	0	5	0000331111	1	0
I??FEagu?	10	13	10	0	6	0030331131	1	0
I??FEag]?	10	13	10	0	6	0003331114	1	0
I??FEag}?	10	14	10	0	5	1114442220	1	0
I??FEagx?	10	13	10	0	5	0003331111	1	0
I??FEagt?	10	13	10	0	6	0030331131	1	0
I??FEagl?	10	13	10	0	6	0002224441	1	0
I??FEag\?	10	13	10	0	6	0003331114	1	0
I??FEag|?	10	14	10	0	5	1114442220	1	0
I??FEagf?	10	13	10	0	6	0003331114	1	0
I??FEagV?	10	13	10	0	6	1114442220	1	0
I??FEagv?	10	14	10	0	5	1113330002	1	0
I??FEag^?	10	14	10	0	5	0003331114	1	0
I??FEag~?	10	15	10	0	4	1113330002	1	0
I??FEagF_	10	13	10	1	6	1113330004	1	0
I??FEagJO	10	13	10	1	6	4424223031	1	0
I??FEagBo	10	13	10	1	5	1111330024	1	0
I??FEag@w	10	13	10	0	5	1113330001	1	0
I??FEbg{?	10	14	10	0	4	0000331111	1	0
I??FEbg}?	10	15	10	0	4	1114442220	1	0
I??FEbg|?	10	15	10	0	4	1114442220	1	0
I??FEbgz?	10	15	10	0	4	1114442220	1	0
I??FEbgv?	10	15	10	0	4	1113330002	1	0
I??FEbgN?	10	14	10	0	5	1113330002	1	0
I??FEbgn?	10	15	10	0	4	1113330002	1	0
I??FEbg~?	10	16	10	0	3	1113330002	1	0
I??FEbgBo	10	14	10	1	4	1111330024	1	0
I??FEaw]?	10	14	10	0	6	1111130000	1	0
I??FEaw}?	10	15	10	0	5	1111130000	1	0
I??FEaw\?	10	14	10	0	6	1111330000	1	0
I??FEaw|?	10	15	10	0	5	1111330000	1	0
I??FEawz?	10	15	10	0	5	1111330002	1	0
I??FEawn?	10	15	10	0	5	1111330002	1	0
I??FEaw^?	10	15	10	0	5	3300002244	1	0
I??FEaw~?	10	16	10	0	4	1111330002	1	0
I??FEawBo	10	14	10	1	4	1111330024	1	0
I??FEbw}?	10	16	10	0	4	1111130000	1	0
I??FEbw|?	10	16	10	0	4	1111330000	1	0
I??FEbw~?	10	17	10	0	3	1111330002	1	0
I??FEaK]?	10	13	10	0	7	0000331124	1	0
I??FEaK}?	10	14	10	0	6	1111330020	1	0
I??FEaKZ?	10	13	10	0	7	0000331124	1	0
I??FEaKz?	10	14	10	0	6	1111442200	1	0
I??FEaKN?	10	13	10	0	7	2244441130	1	0
I??FEaKn?	10	14	10	0	6	1311442200	1	0
I??FEaK^?	10	14	10	0	6	0000331124	1	0
I??FEaK~?	10	15	10	0	5	1111442200	1	0
I??FEaKF_	10	13	10	1	6	1113330024	1	0
I??FEaKBo	10	13	10	1	5	1111330024	1	0
I??FEaK[G	10	13	10	1	6	4222443301	1	0
I??FEbK{?	10	14	10	0	4	0000331141	1	0
I??FEbK}?	10	15	10	0	5	1111330020	1	0
I??FEbKz?	10	15	10	0	5	1111442200	1	0
I??FEbKN?	10	14	10	0	6	1111442200	1	0
I??FEbKn?	10	15	10	0	5	1111442200	1	0
I??FEbK~?	10	16	10	0	4	1111442200	1	0
I??FEbKBo	10	14	10	2	4	1111330024	1	0
I??FEak]?	10	14	10	0	6	2200003311	1	0
I??FEak}?	10	15	10	0	5	1111330020	1	0
I??FEakZ?	10	14	10	0	6	1111442200	1	0
I??FEakz?	10	15	10	0	5	1111442200	1	0
I??FEakV?	10	14	10	0	6	1111442200	1	0
I??FEakv?	10	15	10	0	5	1111442200	1	0
I??FEakN?	10	14	10	0	6	2200003311	1	0
I??FEakn?	10	15	10	0	5	1311442200	1	0
I??FEak^?	10	15	10	0	5	2200003311	1	0
I??FEak~?	10	16	10	0	4	1111442200	1	0
I??FEakBo	10	14	10	2	4	1111330024	1	0
I??FEbk}?	10	16	10	0	4	1111330020	1	0
I??FEbkz?	10	16	10	0	4	1111442200	1	0
I??FEbkv?	10	16	10	0	4	1111442200	1	0
I??FEbkn?	10	16	10	0	4	1111442200	1	0
I??FEbk~?	10	17	10	0	3	1111442200	1	0
I??FE_{{?	10	14	10	0	4	1111442202	1	0
I??FE_{m?	10	14	10	0	6	1111330020	1	0
I??FE_{}?	10	15	10	0	5	0000331141	1	0
I??FE_{z?	10	15	10	0	5	2200003311	1	0
I??FE_{N?	10	14	10	0	6	3311112200	1	0
I??FE_{n?	10	15	10	0	5	1311442200	1	0
I??FE_{~?	10	16	10	0	4	2200003311	1	0
I??FE_{Bo	10	14	10	2	4	1111330024	1	0
I??FEa{}?	10	16	10	0	4	1111330020	1	0
I??FEa{n?	10	16	10	0	4	1311442200	1	0
I??FEa{^?	10	16	10	0	4	2200003311	1	0
I??FEa{~?	10	17	10	0	3	1111442200	1	0
I??FEb{~?	10	18	10	0	2	1111442200	1	0
I??FFbo{?	10	15	10	0	1	0000331111	1	0
I??FFbo}?	10	16	10	0	2	1111330000	1	0
I??FFboz?	10	16	10	0	2	1111330002	1	0
I??FFbov?	10	16	10	0	2	1111330002	1	0
I??FFbo~?	10	17	10	0	1	1111330002	1	0
I??FFboBw	10	16	10	0	1	1111330004	1	0
I??FFbg}?	10	16	10	0	3	1114442220	1	0
I??FFbgx?	10	15	10	0	3	0003331111	1	0
I??FFbg|?	10	16	10	0	3	1114442220	1	0
I??FFbgv?	10	16	10	0	3	1113330002	1	0
I??FFbg~?	10	17	10	0	2	1113330002	1	0
I??FFbgF_	10	15	10	1	4	1113330004	1	0
I??FFbw}?	10	17	10	0	3	1111130000	1	0
I??FFbw|?	10	17	10	0	3	1111330000	1	0
I??FFbwz?	10	17	10	0	3	1111330002	1	0
I??FFbw~?	10	18	10	0	2	1111330002	1	0
I??FFbkz?	10	17	10	0	3	1111442200	1	0
I??FFbk~?	10	18	10	0	2	1111442200	1	0
I??FFb[}?	10	17	10	0	3	1111330020	1	0
I??FFb[z?	10	17	10	0	3	1111442200	1	0
I??FFb[v?	10	17	10	0	3	1131442200	1	0
I??FFb[n?	10	17	10	0	3	1111442200	1	0
I??FFb[~?	10	18	10	0	2	1111442200	1	0
I??FFb{~?	10	19	10	0	1	1111442200	1	0
I??FCpow?	10	12	10	0	5	0003331311	1	0
I??FCpo{?	10	13	10	0	5	1111330000	1	0
I??FCpoy?	10	13	10	0	6	1113330200	1	0
I??FCpou?	10	13	10	0	7	1111130000	1	0
I??FCpo}?	10	14	10	0	6	1111130000	1	0
I??FCpox?	10	13	10	0	6	1113330200	1	0
I??FCpot?	10	13	10	0	7	1111330000	1	0
I??FCpo|?	10	14	10	0	6	1111330000	1	0
I??FCpor?	10	13	10	0	7	1111330002	1	0
I??FCpoZ?	10	13	10	0	7	3113330200	1	0
I??FCpoz?	10	14	10	0	6	1111330002	1	0
I??FCpof?	10	13	10	0	7	1111330002	1	0
I??FCpov?	10	14	10	0	6	1111330002	1	0
I??FCpo~?	10	15	10	0	5	1111330002	1	0
I??FCpoBg	10	13	10	1	5	4444220301	1	0
I??FCpo@w	10	13	10	0	6	1111330001	1	0
I??FCro]?	10	14	10	0	6	1111130000	1	0
I??FCro}?	10	15	10	0	5	1111130000	1	0
I??FCro\?	10	14	10	0	6	1111330000	1	0
I??FCro|?	10	15	10	0	5	1111330000	1	0
I??FCroZ?	10	14	10	0	6	1111330002	1	0
I??FCroz?	10	15	10	0	5	1111330002	1	0
I??FCroV?	10	14	10	0	6	1111330002	1	0
I??FCrov?	10	15	10	0	5	1111330002	1	0
I??FCro^?	10	15	10	0	5	1111330002	1	0
I??FCro~?	10	16	10	0	4	1111330002	1	0
I??FCroF_	10	14	10	1	5	1113330204	1	0
I??FCroXO	10	14	10	1	5	1331132024	1	0
I??FCpw]?	10	14	10	0	6	1111130000	1	0
I??FCpw}?	10	15	10	0	5	1111130000	1	0
I??FCpw|?	10	15	10	0	6	1111130002	1	0
I??FCpw^?	10	15	10	0	6	1111130002	1	0
I??FCpw~?	10	16	10	0	5	1111130002	1	0
I??FCpwF_	10	14	10	1	5	1113330224	1	0
I??FCrw}?	10	16	10	0	4	1111130000	1	0
I??FCrw^?	10	16	10	0	5	1111130002	1	0
I??FCrw~?	10	17	10	0	4	1111130002	1	0
I??FCrc]?	10	14	10	0	6	1113310202	1	0
I??FCrc}?	10	15	10	0	5	1113310202	1	0
I??FCrc\?	10	14	10	0	6	1113310200	1	0
I??FCrc|?	10	15	10	0	5	1113310200	1	0
I??FCrcV?	10	14	10	0	6	1113310202	1	0
I??FCrcv?	10	15	10	0	5	1134412020	1	0
I??FCrc^?	10	15	10	0	5	1113310202	1	0
I??FCrc~?	10	16	10	0	4	1113310202	1	0
I??FCrcF_	10	14	10	1	5	4442220301	1	0
I??FCrcXO	10	14	10	1	5	1113310400	1	0
I??FCpS{?	10	13	10	0	7	1111330000	1	0
I??FCpSy?	10	13	10	0	7	1113130020	1	0
I??FCpS]?	10	13	10	0	8	1111130020	1	0
I??FCpS}?	10	14	10	0	7	1111130020	1	0
I??FCpSJ?	10	12	10	0	9	4414110002	1	0
I??FCpSj?	10	13	10	0	8	1414140030	1	0
I??FCpSz?	10	14	10	0	7	1143110220	1	0
I??FCpS~?	10	15	10	0	6	1141442220	1	0
I??FCrS]?	10	14	10	0	7	1111130020	1	0
I??FCrS}?	10	15	10	0	6	1111130020	1	0
I??FCrS\?	10	14	10	0	7	1111310200	1	0
I??FCrS|?	10	15	10	0	6	1111310200	1	0
I??FCrSZ?	10	14	10	0	7	1114442000	1	0
I??FCrSz?	10	15	10	0	6	1114442000	1	0
I??FCrS^?	10	15	10	0	6	1114442000	1	0
I??FCrS~?	10	16	10	0	5	1114442000	1	0
I??FCrSF_	10	14	10	1	5	3331114020	1	0
I??FCps]?	10	14	10	0	7	3111330200	1	0
I??FCps}?	10	15	10	0	6	1111130020	1	0
I??FCps\?	10	14	10	0	6	3111310200	1	0
I??FCps|?	10	15	10	0	6	1111310200	1	0
I??FCpsZ?	10	14	10	0	7	3113310200	1	0
I??FCpsz?	10	15	10	0	6	1114442000	1	0
I??FCpsV?	10	14	10	0	7	3111142200	1	0
I??FCpsv?	10	15	10	0	6	1114442000	1	0
I??FCps^?	10	15	10	0	6	3111142200	1	0
I??FCps~?	10	16	10	0	5	1114442000	1	0
I??FCpsF_	10	14	10	1	5	1113330224	1	0
I??FCpsXO	10	14	10	1	5	3113310400	1	0
I??FCrs}?	10	16	10	0	5	1111130020	1	0
I??FCrs|?	10	16	10	0	5	1111310200	1	0
I??FCrsz?	10	16	10	0	5	1114442000	1	0
I??FCrsv?	10	16	10	0	5	1114442000	1	0
I??FCrs^?	10	16	10	0	5	1114442000	1	0
I??FCrs~?	10	17	10	0	4	1114442000	1	0
I??FCp{^?	10	16	10	0	5	3111142200	1	0
I??FCp{~?	10	17	10	0	4	1114442000	1	0
I??FCr{~?	10	18	10	0	3	1114442000	1	0
I??FCo]}?	10	15	10	1	4	1114442030	1	0
I??FCo]|?	10	15	10	1	4	1114442030	1	0
I??FCo]v?	10	15	10	1	4	3331114002	1	0
I??FCo]^?	10	15	10	1	4	1114442030	1	0
I??FCo]~?	10	16	10	1	3	1114442030	1	0
I??FCo]XO	10	14	10	2	6	2442220110	1	0
I??FEro}?	10	16	10	0	4	1111130000	1	0
I??FEro|?	10	16	10	0	4	1111330000	1	0
I??FEroz?	10	16	10	0	4	1111330002	1	0
I??FErov?	10	16	10	0	4	1111330002	1	0
I??FEron?	10	16	10	0	4	1111330002	1	0
I??FEro~?	10	17	10	0	3	1111330002	1	0
I??FErW}?	10	16	10	0	4	1111130000	1	0
I??FErW|?	10	16	10	0	4	1131130002	1	0
I??FErWv?	10	16	10	0	4	1131130000	1	0
I??FErWn?	10	16	10	0	4	1131130002	1	0
I??FErW~?	10	17	10	0	3	1131130002	1	0
I??FErWF_	10	15	10	1	4	1113330224	1	0
I??FEqw]?	10	15	10	0	5	1111130000	1	0
I??FEqw}?	10	16	10	0	4	1111130000	1	0
I??FEqw\?	10	15	10	0	6	1111130002	1	0
I??FEqw|?	10	16	10	0	5	1111130002	1	0
I??FEqwv?	10	16	10	0	5	1111130002	1	0
I??FEqw^?	10	16	10	0	5	1111130002	1	0
I??FEqw~?	10	17	10	0	4	1111130002	1	0
I??FErw}?	10	17	10	0	3	1111130000	1	0
I??FErw~?	10	18	10	0	3	1111130002	1	0
I??FErc}?	10	16	10	0	4	1114412020	1	0
I??FErc|?	10	16	10	0	4	1113310200	1	0
I??FErcv?	10	16	10	0	4	1134412020	1	0
I??FErcn?	10	16	10	0	4	1114412020	1	0
I??FErc~?	10	17	10	0	3	1114412020	1	0
I??FErS}?	10	16	10	0	5	1111130020	1	0
I??FErSz?	10	16	10	0	5	1114442000	1	0
I??FErSv?	10	16	10	0	5	1131112000	1	0
I??FErSn?	10	16	10	0	5	1114442000	1	0
I??FErS~?	10	17	10	0	4	1114442000	1	0
I??FErSF_	10	15	10	1	4	1113330224	1	0
I??FEqs}?	10	16	10	0	5	1111130020	1	0
I??FEqsZ?	10	15	10	0	6	1114442000	1	0
I??FEqsz?	10	16	10	0	5	1114442000	1	0
I??FEqsv?	10	16	10	0	5	1114442000	1	0
I??FEqs^?	10	16	10	0	5	1114442000	1	0
I??FEqs~?	10	17	10	0	4	1114442000	1	0
I??FEqsF_	10	15	10	1	4	1113330224	1	0
I??FErs}?	10	17	10	0	4	1111130020	1	0
I??FErs|?	10	17	10	0	4	1111310200	1	0
I??FErsz?	10	17	10	0	4	1114442000	1	0
I??FErsv?	10	17	10	0	4	1114442000	1	0
I??FErsn?	10	17	10	0	4	1114442000	1	0
I??FErs~?	10	18	10	0	3	1114442000	1	0
I??FEr[}?	10	17	10	0	4	1111130020	1	0
I??FEr[v?	10	17	10	0	4	1131112000	1	0
I??FEr[n?	10	17	10	0	4	1114442000	1	0
I??FEr[~?	10	18	10	0	3	1114442000	1	0
I??FEq{}?	10	17	10	0	4	1111130020	1	0
I??FEq{n?	10	17	10	0	4	1114442000	1	0
I??FEq{^?	10	17	10	0	4	1114442000	1	0
I??FEq{~?	10	18	10	0	3	1114442000	1	0
I??FEr{~?	10	19	10	0	2	1114442000	1	0
I??FFrw}?	10	18	10	0	2	1111130000	1	0
I??FFrw|?	10	18	10	0	3	1111130002	1	0
I??FFrw~?	10	19	10	0	2	1111130002	1	0
I??FFrsz?	10	18	10	0	3	1114442000	1	0
I??FFrs~?	10	19	10	0	2	1114442000	1	0
I??FFr{~?	10	20	10	0	1	1114442000	1	0
I??F?z_w?	10	12	10	0	3	0003331211	1	0
I??F?z_{?	10	13	10	0	4	1113330200	1	0
I??F?z_u?	10	13	10	0	4	1113330402	1	0
I??F?z_}?	10	14	10	0	3	1113330402	1	0
I??F?z_F?	10	12	10	0	4	4442220101	1	0
I??F?z_f?	10	13	10	0	4	1113330402	1	0
I??F?z_v?	10	14	10	0	3	1113330402	1	0
I??F?z_~?	10	15	10	0	2	1113330402	1	0
I??F?z_F_	10	13	10	0	3	1113330404	1	0
I??F?z_wO	10	13	10	0	2	0003331211	1	0
I??F?z_Eg	10	13	10	0	3	1113330404	1	0
I??F?z_Fg	10	14	10	0	2	0003331212	1	0
I??F?zOs?	10	12	10	0	5	0030331311	1	0
I??F?zO{?	10	13	10	0	5	1111330200	1	0
I??F?zOy?	10	13	10	0	6	1113330200	1	0
I??F?zOu?	10	13	10	0	6	1131330200	1	0
I??F?zOm?	10	13	10	0	6	1114442300	1	0
I??F?zO}?	10	14	10	0	5	1114442300	1	0
I??F?zOr?	10	13	10	0	6	1114442300	1	0
I??F?zOJ?	10	12	10	0	7	1141440023	1	0
I??F?zOj?	10	13	10	0	6	1114442300	1	0
I??F?zOz?	10	14	10	0	5	1114442300	1	0
I??F?zOf?	10	13	10	0	6	1114442300	1	0
I??F?zOv?	10	14	10	0	5	1114442300	1	0
I??F?zON?	10	13	10	0	6	2224441030	1	0
I??F?zOn?	10	14	10	0	5	1114442300	1	0
I??F?zO~?	10	15	10	0	4	1114442300	1	0
I??F?zOwO	10	13	10	1	4	0003331211	1	0
I??F?zOJG	10	13	10	1	6	1131330204	1	0
I??F?zOBg	10	13	10	1	5	4442220101	1	0
I??F?zo{?	10	14	10	0	4	1111330200	1	0
I??F?zoy?	10	14	10	0	5	1113330200	1	0
I??F?zo}?	10	15	10	0	4	1114442300	1	0
I??F?zor?	10	14	10	0	5	1114442300	1	0
I??F?zoz?	10	15	10	0	4	1114442300	1	0
I??F?zof?	10	14	10	0	5	1114442300	1	0
I??F?zov?	10	15	10	0	4	1114442300	1	0
I??F?zo~?	10	16	10	0	3	1114442300	1	0
I??F?zoF_	10	14	10	1	3	1113330424	1	0
I??F?zowO	10	14	10	1	3	1113330400	1	0
I??F?zW{?	10	14	10	0	5	1114442300	1	0
I??F?zWu?	10	14	10	0	5	1114442300	1	0
I??F?zWm?	10	14	10	0	5	1114442300	1	0
I??F?zW}?	10	15	10	0	4	1114442300	1	0
I??F?zWl?	10	14	10	0	5	1114442300	1	0
I??F?zW|?	10	15	10	0	4	1114442300	1	0
I??F?zW~?	10	16	10	0	3	1114442300	1	0
I??F?zWF_	10	14	10	1	3	3331114020	1	0
I??F?zw}?	10	16	10	0	3	1114442300	1	0
I??F?zw|?	10	16	10	0	3	1114442300	1	0
I??F?zwv?	10	16	10	0	3	1114442300	1	0
I??F?zw~?	10	17	10	0	2	1114442300	1	0
I??F?z{~?	10	18	10	0	1	1114442300	1	0
I??F?w]}?	10	15	10	1	2	1114442330	1	0
I??F?w]v?	10	15	10	1	2	3331114002	1	0
I??F?w]~?	10	16	10	1	1	1114442330	1	0
I??F?w]wO	10	14	10	0	2	4442220110	1	0
I??F?w]wW	10	15	10	0	1	0003331221	1	0
I??FCzo}?	10	16	10	0	4	1111330200	1	0
I??FCzoz?	10	16	10	0	4	1111442020	1	0
I??FCzov?	10	16	10	0	4	1131442020	1	0
I??FCzo^?	10	16	10	0	4	1111442020	1	0
I??FCzo~?	10	17	10	0	3	1111442020	1	0
I??FCzoF_	10	15	10	1	4	1113330204	1	0
I??FCzW]?	10	15	10	0	6	1111130200	1	0
I??FCzW}?	10	16	10	0	5	1111130200	1	0
I??FCzW\?	10	15	10	0	6	1114442000	1	0
I??FCzW|?	10	16	10	0	5	1114442000	1	0
I??FCzWv?	10	16	10	0	5	1131112000	1	0
I??FCzWn?	10	16	10	0	5	1114442000	1	0
I??FCzW^?	10	16	10	0	5	1114442000	1	0
I??FCzW~?	10	17	10	0	4	1114442000	1	0
I??FCzWF_	10	15	10	1	4	3331114020	1	0
I??FCxw{?	10	15	10	0	5	1111330200	1	0
I??FCxw]?	10	15	10	0	5	3111130200	1	0
I??FCxw}?	10	16	10	0	5	1111130200	1	0
I??FCxwx?	10	15	10	0	5	1114412002	1	0
I??FCxw\?	10	15	10	0	6	1114442000	1	0
I??FCxw|?	10	16	10	0	5	1114442000	1	0
I??FCxwv?	10	16	10	0	5	1114442000	1	0
I??FCxw^?	10	16	10	0	5	1114442000	1	0
I??FCxw~?	10	17	10	0	4	1114442000	1	0
I??FCxwF_	10	15	10	1	4	1113330224	1	0
I??FCzw}?	10	17	10	0	4	1111130200	1	0
I??FCzw|?	10	17	10	0	4	1114442000	1	0
I??FCzwv?	10	17	10	0	4	1114442000	1	0
I??FCzw^?	10	17	10	0	4	1114442000	1	0
I??FCzw~?	10	18	10	0	3	1114442000	1	0
I??FCy[]?	10	15	10	0	5	1331112002	1	0
I??FCy[}?	10	16	10	0	4	1331112002	1	0
I??FCy[v?	10	16	10	0	4	1331112000	1	0
I??FCy[^?	10	16	10	0	4	1331112002	1	0
I??FCy[~?	10	17	10	0	3	1331112002	1	0
I??FCy[F_	10	15	10	1	4	1331114000	1	0
I??FCx[{?	10	15	10	0	5	1131442002	1	0
I??FCx[u?	10	15	10	0	6	1131112000	1	0
I??FCx[m?	10	15	10	0	6	1114442000	1	0
I??FCx[}?	10	16	10	0	5	1114442000	1	0
I??FCx[f?	10	15	10	0	5	1331112000	1	0
I??FCx[v?	10	16	10	0	5	1131112000	1	0
I??FCx[N?	10	15	10	0	6	3331112000	1	0
I??FCx[n?	10	16	10	0	5	1114442000	1	0
I??FCx[~?	10	17	10	0	4	1114442000	1	0
I??FCz[v?	10	17	10	0	4	1131112000	1	0
I??FCz[n?	10	17	10	0	4	1114442000	1	0
I??FCz[^?	10	17	10	0	4	1114442000	1	0
I??FCz[~?	10	18	10	0	3	1114442000	1	0
I??FCx{^?	10	17	10	0	4	1114442000	1	0
I??FCx{~?	10	18	10	0	3	1114442000	1	0
I??FCz{~?	10	19	10	0	2	1114442000	1	0
I??FEzw}?	10	18	10	0	3	1111130200	1	0
I??FEzw|?	10	18	10	0	3	1114442000	1	0
I??FEzw~?	10	19	10	0	2	1114442000	1	0
I??FEz[}?	10	18	10	0	3	1114442000	1	0
I??FEz[v?	10	18	10	0	3	1131112000	1	0
I??FEz[n?	10	18	10	0	3	1114442000	1	0
I??FEz[~?	10	19	10	0	2	1114442000	1	0
I??FEy{}?	10	18	10	0	3	1114442000	1	0
I??FEy{^?	10	18	10	0	3	1114442000	1	0
I??FEy{~?	10	19	10	0	2	1114442000	1	0
I??FEz{~?	10	20	10	0	1	1114442000	1	0
I??FFz{~?	10	21	10	0	0	1114442000	1	0
I??F?~o}?	10	16	10	1	3	1113330402	1	0
I??F?~oz?	10	16	10	1	3	1114442300	1	0
I??F?~ov?	10	16	10	1	3	1114442300	1	0
I??F?~o~?	10	17	10	1	2	1114442300	1	0
I??F?~W}?	10	16	10	1	3	1114442300	1	0
I??F?~W|?	10	16	10	1	3	1114442300	1	0
I??F?~W~?	10	17	10	1	2	1114442300	1	0
I??F?~w}?	10	17	10	1	2	1114442300	1	0
I??F?~w|?	10	17	10	1	2	1114442300	1	0
I??F?~wv?	10	17	10	1	2	1114442300	1	0
I??F?~w~?	10	18	10	1	1	1114442300	1	0
I??F?~{~?	10	19	10	1	0	1114442300	1	1
I??Ffbo{?	10	16	10	0	0	0000331111	1	0
I??Ffbo}?	10	17	10	0	1	1111330000	1	0
I??Ffboz?	10	17	10	0	1	1111330002	1	0
I??Ffbo~?	10	18	10	0	0	1111330002	1	0
I??FfboBw	10	17	10	0	0	1111330004	1	0
I??Ffbw}?	10	18	10	0	2	1111130000	1	0
I??Ffbw|?	10	18	10	0	2	1111330000	1	0
I??Ffbw~?	10	19	10	0	1	1111330002	1	0
I??Ffbk}?	10	18	10	0	2	1111330020	1	0
I??Ffbkz?	10	18	10	0	2	1113442200	1	0
I??Ffbkv?	10	18	10	0	2	1111442200	1	0
I??Ffbk~?	10	19	10	0	1	1111442200	1	0
I??Ffb{~?	10	20	10	0	0	1111442200	1	0
I??FfRo}?	10	17	10	0	3	1111130000	1	0
I??FfRo|?	10	17	10	0	3	1111330000	1	0
I??FfRoz?	10	17	10	0	3	1111330002	1	0
I??FfRov?	10	17	10	0	3	1111330002	1	0
I??FfRo~?	10	18	10	0	2	1111330002	1	0
I??FfRW}?	10	17	10	0	3	1111130000	1	0
I??FfRW|?	10	17	10	0	4	1111130002	1	0
I??FfRWn?	10	17	10	0	4	1111130002	1	0
I??FfRW~?	10	18	10	0	3	1111130002	1	0
I??FfRw}?	10	18	10	0	2	1111130000	1	0
I??FfRw~?	10	19	10	0	2	1111130002	1	0
I??FfRc}?	10	17	10	0	4	1111130020	1	0
I??FfRcv?	10	17	10	0	4	1114442220	1	0
I??FfRc~?	10	18	10	0	3	1114442220	1	0
I??FfRs}?	10	18	10	0	3	1111130020	1	0
I??FfRs|?	10	18	10	0	3	1111310200	1	0
I??FfRsz?	10	18	10	0	3	1114310202	1	0
I??FfRsv?	10	18	10	0	4	1114140200	1	0
I??FfRs~?	10	19	10	0	3	1114140200	1	0
I??FfR[}?	10	18	10	0	3	1111130020	1	0
I??FfR[v?	10	18	10	0	3	1131142200	1	0
I??FfR[n?	10	18	10	0	4	1114140200	1	0
I??FfR[~?	10	19	10	0	3	1114140200	1	0
I??FfR{~?	10	20	10	0	2	1114140200	1	0
I??Ffrw}?	10	19	10	0	1	1111130000	1	0
I??Ffrw|?	10	19	10	0	2	1111130002	1	0
I??Ffrw~?	10	20	10	0	1	1111130002	1	0
I??Ffrs~?	10	20	10	0	2	1111442000	1	0
I??Ffr{~?	10	21	10	0	1	1111442000	1	0
I??FeZo}?	10	17	10	0	3	1111330200	1	0
I??FeZoz?	10	17	10	0	3	1113442020	1	0
I??FeZon?	10	17	10	0	3	1111442020	1	0
I??FeZo~?	10	18	10	0	2	1111442020	1	0
I??FeZg}?	10	17	10	0	4	1111130200	1	0
I??FeZg|?	10	17	10	0	4	1114310220	1	0
I??FeZgn?	10	17	10	0	5	1114140020	1	0
I??FeZg~?	10	18	10	0	4	1114140020	1	0
I??FeYw]?	10	16	10	0	5	1111130200	1	0
I??FeYw}?	10	17	10	0	4	1111130200	1	0
I??FeYw|?	10	17	10	0	5	1411140020	1	0
I??FeYwZ?	10	16	10	0	5	1114130202	1	0
I??FeYwz?	10	17	10	0	4	1113142020	1	0
I??FeYw^?	10	17	10	0	5	1411140020	1	0
I??FeYw~?	10	18	10	0	4	1411140020	1	0
I??FeZw}?	10	18	10	0	3	1111130200	1	0
I??FeZw|?	10	18	10	0	4	1144110200	1	0
I??FeZwz?	10	18	10	0	3	1114130202	1	0
I??FeZw~?	10	19	10	0	3	1144110200	1	0
I??FeW{{?	10	16	10	0	4	1111330220	1	0
I??FeW{y?	10	16	10	0	6	1114140002	1	0
I??FeW{}?	10	17	10	0	5	4411110020	1	0
I??FeW{~?	10	18	10	0	4	4411110020	1	0
I??FeY{}?	10	18	10	0	4	1144110200	1	0
I??FeY{n?	10	18	10	0	4	1144110200	1	0
I??FeY{^?	10	18	10	0	4	1144110200	1	0
I??FeY{~?	10	19	10	0	3	1144110200	1	0
I??FeZ{~?	10	20	10	0	2	1144110200	1	0
I??FfZw}?	10	19	10	0	2	1111130200	1	0
I??FfZw|?	10	19	10	0	3	1111442000	1	0
I??FfZw~?	10	20	10	0	2	1111442000	1	0
I??FfZk}?	10	19	10	0	2	1113142002	1	0
I??FfZkz?	10	19	10	0	2	1113112000	1	0
I??FfZkv?	10	19	10	0	3	1111442000	1	0
I??FfZk~?	10	20	10	0	2	1111442000	1	0
I??FfZ[}?	10	19	10	0	3	1111442000	1	0
I??FfZ[n?	10	19	10	0	3	1111442000	1	0
I??FfZ[~?	10	20	10	0	2	1111442000	1	0
I??FfZ{~?	10	21	10	0	1	1111442000	1	0
I??Ffz{~?	10	22	10	0	0	1111442000	1	0
I??Fvrw}?	10	20	10	0	0	1111130000	1	0
I??Fvrw|?	10	20	10	0	1	1111130002	1	0
I??Fvrw~?	10	21	10	0	0	1111130002	1	0
I??Fvrs|?	10	20	10	0	1	1111430022	1	0
I??Fvrs~?	10	21	10	0	1	1111142200	1	0
I??Fvr{~?	10	22	10	0	0	1111142200	1	0
I??Fvjk}?	10	20	10	0	2	1111130220	1	0
I??Fvjkv?	10	20	10	0	3	1141110002	1	0
I??Fvjk~?	10	21	10	0	2	1114110020	1	0
I??Fvj{~?	10	22	10	0	1	1111410200	1	0
I??Fvz{~?	10	23	10	0	0	1111142000	1	0
I??F~z{~?	10	24	10	0	0	1111110000	1	1
I?AA@B_w?	10	9	10	0	3	0003333311	1	0
I?AA@B_{?	10	10	10	0	4	1111333300	1	0
I?AA@B_u?	10	10	10	0	6	1111133300	1	0
I?AA@B_}?	10	11	10	0	5	1111133300	1	0
I?AA@B_X?	10	9	10	1	5	0003303311	1	0
I?AA@B_\?	10	10	10	1	6	1111313300	1	0
I?AA@B_V?	10	10	10	1	6	4114442220	1	0
I?AA@B_^?	10	11	10	1	5	4114442220	1	0
I?AA@B_L_	10	10	10	1	6	3311311330	1	0
I?AA@B_F_	10	10	10	0	5	2224444210	1	0
I?AA@B_N_	10	11	10	1	6	1141111330	1	0
I?AA@B_@o	10	9	10	0	6	4442222202	1	0
I?AA@B_Do	10	10	10	0	5	2224244410	1	0
I?AA@B_Fo	10	11	10	0	4	3330000021	1	0
I?AA@B_Fg	10	11	10	0	4	2224444210	1	0
I?AA@B_@w	10	10	10	0	5	1133300301	1	0
I?AA@B_Dw	10	11	10	0	4	2224244410	1	0
I?AA@B_Fw	10	12	10	0	3	0003333312	1	0
I?AA@?Oo?	10	6	10	0	4	0033311331	1	0
I?AA@?Ow?	10	7	10	0	4	1113333330	1	0
I?AA@?O{?	10	8	10	0	4	1111333330	1	0
I?AA@?OA?	10	5	10	0	4	0000200003	1	0
I?AA@?Oa?	10	6	10	0	4	0333013331	1	0
I?AA@?Oq?	10	7	10	0	4	1133133330	1	0
I?AA@?Oy?	10	8	10	0	4	1113133330	1	0
I?AA@?O}?	10	9	10	0	4	1111133330	1	0
I?AA@AOW?	10	7	10	0	5	0020000303	1	0
I?AA@AOw?	10	8	10	0	5	2000030033	1	0
I?AA@AOS?	10	7	10	0	5	0030333311	1	0
I?AA@AOs?	10	8	10	0	4	0030333311	1	0
I?AA@AO[?	10	8	10	0	5	2444222220	1	0
I?AA@AO{?	10	9	10	0	5	1111333300	1	0
I?AA@AOQ?	10	7	10	0	5	0220222242	1	0
I?AA@AOq?	10	8	10	0	5	0033033331	1	0
I?AA@AOY?	10	8	10	0	5	2442422220	1	0
I?AA@AOy?	10	9	10	0	5	1113133330	1	0
I?AA@AOe?	10	8	10	0	4	0330033311	1	0
I?AA@AOU?	10	8	10	0	5	2424422220	1	0
I?AA@AOu?	10	9	10	0	5	1131133300	1	0
I?AA@AO]?	10	9	10	0	5	2444422220	1	0
I?AA@AO}?	10	10	10	0	5	1111133330	1	0
I?AA@AOD?	10	7	10	1	5	0330303311	1	0
I?AA@AOT?	10	8	10	1	5	2424242220	1	0
I?AA@AO\?	10	9	10	1	5	2444242220	1	0
I?AA@AOF?	10	8	10	1	5	2224442220	1	0
I?AA@AOV?	10	9	10	1	5	2424442220	1	0
I?AA@AO^?	10	10	10	1	5	2444442220	1	0
I?AA@BOw?	10	9	10	0	5	0000333311	1	0
I?AA@BO{?	10	10	10	0	4	1111333300	1	0
I?AA@BOq?	10	9	10	0	5	0030033311	1	0
I?AA@BOy?	10	10	10	0	6	1111133300	1	0
I?AA@BOu?	10	10	10	0	4	1131133300	1	0
I?AA@BOm?	10	10	10	0	6	1111133300	1	0
I?AA@BO}?	10	11	10	0	5	1111133300	1	0
I?AA@BOL?	10	9	10	1	6	4424222202	1	0
I?AA@BO\?	10	10	10	1	6	1111313300	1	0
I?AA@BOJ?	10	9	10	0	6	4424222202	1	0
I?AA@BOZ?	10	10	10	1	6	3113113330	1	0
I?AA@BOV?	10	10	10	1	6	1131113300	1	0
I?AA@BON?	10	10	10	1	6	2244442220	1	0
I?AA@BO^?	10	11	10	1	6	1141442420	1	0
I?AA@BOH_	10	9	10	0	6	4424222202	1	0
I?AA@BOD_	10	9	10	1	6	4424222202	1	0
I?AA@BOL_	10	10	10	1	6	2244244220	1	0
I?AA@BOB_	10	9	10	0	6	4424222202	1	0
I?AA@BOJ_	10	10	10	0	5	2242444210	1	0
I?AA@BOF_	10	10	10	1	6	2224444220	1	0
I?AA@BON_	10	11	10	1	6	3300000021	1	0
I?AA@BOJG	10	10	10	0	5	4424222201	1	0
I?AA@BOHg	10	10	10	0	5	1133300301	1	0
I?AA@BOBg	10	10	10	0	5	1133300301	1	0
I?AA@BOJg	10	11	10	0	4	2242444210	1	0
I?AA@Bo{?	10	11	10	0	3	1111333300	1	0
I?AA@Boy?	10	11	10	0	5	1111133300	1	0
I?AA@Bo}?	10	12	10	0	4	1111133300	1	0
I?AA@Bo\?	10	11	10	1	5	1111313300	1	0
I?AA@BoZ?	10	11	10	1	7	1111113300	1	0
I?AA@Bo^?	10	12	10	1	6	1111113300	1	0
I?AA@BoL_	10	11	10	2	7	1111311300	1	0
I?AA@BoJ_	10	11	10	1	6	4424222201	1	0
I?AA@BoN_	10	12	10	2	6	3311144120	1	0
I?AA@BoDo	10	11	10	1	6	4442222201	1	0
I?AA@BoBo	10	11	10	0	4	4444222201	1	0
I?AA@BoFo	10	12	10	1	5	3330000021	1	0
I?AA@BoBw	10	12	10	0	3	4444222201	1	0
I?AA@?Wo?	10	7	10	0	5	0033311331	1	0
I?AA@?Ww?	10	8	10	0	5	1113333330	1	0
I?AA@?Wc?	10	7	10	0	5	0330033311	1	0
I?AA@?Ws?	10	8	10	0	5	1131333330	1	0
I?AA@?W{?	10	9	10	0	5	1111333330	1	0
I?AA@?WE?	10	7	10	0	3	3330033311	1	0
I?AA@?We?	10	8	10	0	4	1331133300	1	0
I?AA@?Wu?	10	9	10	0	5	1131133300	1	0
I?AA@?W}?	10	10	10	0	5	1111133330	1	0
I?AA@?WoG	10	8	10	0	5	0033333301	1	0
I?AA@?WwG	10	9	10	0	5	1113333310	1	0
I?AA@AW[?	10	9	10	0	6	4224422202	1	0
I?AA@AW{?	10	10	10	0	6	1111133300	1	0
I?AA@AWU?	10	9	10	0	5	1131133300	1	0
I?AA@AWu?	10	10	10	0	4	1131133300	1	0
I?AA@AW]?	10	10	10	0	6	1111133300	1	0
I?AA@AW}?	10	11	10	0	5	1111133300	1	0
I?AA@AWX?	10	9	10	0	6	4224422202	1	0
I?AA@AWT?	10	9	10	1	6	4224422202	1	0
I?AA@AW\?	10	10	10	1	6	2444242220	1	0
I?AA@AWF?	10	9	10	1	5	1331113300	1	0
I?AA@AWV?	10	10	10	1	6	1131113300	1	0
I?AA@AW^?	10	11	10	1	6	1441144420	1	0
I?AA@AWXG	10	10	10	0	5	4224422201	1	0
I?AA@BW{?	10	11	10	0	5	1111133300	1	0
I?AA@BWu?	10	11	10	0	3	1131133300	1	0
I?AA@BWm?	10	11	10	0	5	1111133300	1	0
I?AA@BW}?	10	12	10	0	4	1111133300	1	0
I?AA@BW\?	10	11	10	1	7	1111113300	1	0
I?AA@BWV?	10	11	10	1	5	1131113300	1	0
I?AA@BWN?	10	11	10	1	7	1111113300	1	0
I?AA@BW^?	10	12	10	1	6	1111113300	1	0
I?AA@BWL_	10	11	10	1	6	4422422201	1	0
I?AA@BWF_	10	11	10	2	7	1131111300	1	0
I?AA@BWN_	10	12	10	2	6	3311144120	1	0
I?AA@Bw}?	10	13	10	0	3	1111133300	1	0
I?AA@Bw^?	10	13	10	1	5	1111113300	1	0
I?AA@BwN_	10	13	10	2	5	4411133102	1	0
I?AA@BwFo	10	13	10	2	5	4411133102	1	0
I?AADB_]?	10	11	10	0	5	1414424220	1	0
I?AADB_}?	10	12	10	0	4	1414424220	1	0
I?AADB_\?	10	11	10	1	6	0003333111	1	0
I?AADB_V?	10	11	10	1	6	0303313112	1	0
I?AADB_N?	10	11	10	1	6	2441113330	1	0
I?AADB_^?	10	12	10	1	5	0003331114	1	0
I?AADB_k_	10	11	10	1	5	0303313111	1	0
I?AADB_e_	10	11	10	1	5	0303313114	1	0
I?AADB_M_	10	11	10	1	5	0303313114	1	0
I?AADB_m_	10	12	10	1	4	1313303002	1	0
I?AADB_L_	10	11	10	1	6	1114444220	1	0
I?AADB_F_	10	11	10	0	5	2224444110	1	0
I?AADB_N_	10	12	10	1	5	1114444220	1	0
I?AADB_SO	10	10	10	1	6	0003333110	1	0
I?AADB_UO	10	11	10	1	6	2424414110	1	0
I?AADB_TO	10	11	10	1	6	0303313110	1	0
I?AADB_FO	10	11	10	0	5	2224444110	1	0
I?AADB_VO	10	12	10	1	5	0303313112	1	0
I?AADB_Eo	10	11	10	0	5	0003333112	1	0
I?AADB_Do	10	11	10	0	5	2224444110	1	0
I?AADB_Fo	10	12	10	0	4	0003333112	1	0
I?AADB_Fg	10	12	10	0	4	0003333112	1	0
I?AADB_FW	10	12	10	0	4	2224444110	1	0
I?AADB_Ew	10	12	10	0	4	0003333112	1	0
I?AADB_@w	10	11	10	0	4	1313303001	1	0
I?AADB_Dw	10	12	10	0	4	2224444110	1	0
I?AADB_Fw	10	13	10	0	3	0003333112	1	0
I?AAD@Ow?	10	9	10	0	5	0003333131	1	0
I?AAD@Ok?	10	9	10	0	5	0300333131	1	0
I?AAD@O{?	10	10	10	0	6	1111333000	1	0
I?AAD@Oq?	10	9	10	0	6	0033033331	1	0
I?AAD@Oi?	10	9	10	0	5	0303033131	1	0
I?AAD@Oy?	10	10	10	0	6	1113133030	1	0
I?AAD@OM?	10	9	10	0	6	2244422220	1	0
I?AAD@Om?	10	10	10	0	6	1311133030	1	0
I?AAD@O}?	10	11	10	0	6	1111133330	1	0
I?AAD@OH?	10	8	10	1	6	0020000303	1	0
I?AAD@OX?	10	9	10	1	6	3003303331	1	0
I?AAD@OL?	10	9	10	1	6	2244242220	1	0
I?AAD@O\?	10	10	10	1	6	3131330300	1	0
I?AAD@OJ?	10	9	10	1	6	2242442220	1	0
I?AAD@OZ?	10	10	10	1	6	3113113330	1	0
I?AAD@ON?	10	10	10	1	6	2244442220	1	0
I?AAD@O^?	10	11	10	1	6	3111113330	1	0
I?AAD@OL_	10	10	10	2	6	2244244220	1	0
I?AAD@ON_	10	11	10	2	6	3300000331	1	0
I?AADBO{?	10	11	10	0	5	0000333111	1	0
I?AADBOy?	10	11	10	0	6	0003333111	1	0
I?AADBOm?	10	11	10	0	6	0300333111	1	0
I?AADBO]?	10	11	10	0	6	1144422220	1	0
I?AADBO}?	10	12	10	0	5	1144422220	1	0
I?AADBO\?	10	11	10	1	7	0000303311	1	0
I?AADBOZ?	10	11	10	1	7	2414113130	1	0
I?AADBOV?	10	11	10	1	7	0030003311	1	0
I?AADBON?	10	11	10	1	7	2414113130	1	0
I?AADBO^?	10	12	10	1	6	2414113130	1	0
I?AADBOk_	10	11	10	1	6	2000330311	1	0
I?AADBOi_	10	11	10	1	6	0222242441	1	0
I?AADBOe_	10	11	10	1	6	2030030311	1	0
I?AADBOM_	10	11	10	1	6	1244424220	1	0
I?AADBOm_	10	12	10	1	5	4111131330	1	0
I?AADBOL_	10	11	10	2	7	2244244220	1	0
I?AADBON_	10	12	10	2	7	3300000021	1	0
I?AADBOQO	10	10	10	1	7	0020222242	1	0
I?AADBOUO	10	11	10	1	7	2424414130	1	0
I?AADBOTO	10	11	10	1	7	0131313100	1	0
I?AADBOVO	10	12	10	1	6	2424414130	1	0
I?AAD?ow?	10	9	10	0	5	0003333131	1	0
I?AAD?oS?	10	8	10	0	6	0002000033	1	0
I?AAD?os?	10	9	10	0	6	0030333331	1	0
I?AAD?ok?	10	9	10	0	4	0300333111	1	0
I?AAD?o[?	10	9	10	0	5	3000333311	1	0
I?AAD?o{?	10	10	10	0	5	1311333000	1	0
I?AAD?oq?	10	9	10	0	6	0033033331	1	0
I?AAD?oi?	10	9	10	0	5	0303313111	1	0
I?AAD?oy?	10	10	10	0	6	1113133030	1	0
I?AAD?oe?	10	9	10	0	6	0330033331	1	0
I?AAD?oU?	10	9	10	0	6	2424422220	1	0
I?AAD?ou?	10	10	10	0	6	1414424220	1	0
I?AAD?om?	10	10	10	0	5	1311333000	1	0
I?AAD?o]?	10	10	10	0	6	3111133300	1	0
I?AAD?o}?	10	11	10	0	5	1414424220	1	0
I?AAD?oX?	10	9	10	1	6	3003303331	1	0
I?AAD?oD?	10	8	10	1	6	0200222442	1	0
I?AAD?oT?	10	9	10	1	6	2424242220	1	0
I?AAD?oL?	10	9	10	1	5	3300303311	1	0
I?AAD?o\?	10	10	10	1	6	3111313300	1	0
I?AAD?oZ?	10	10	10	1	6	3113113330	1	0
I?AAD?oF?	10	9	10	1	6	2224442220	1	0
I?AAD?oV?	10	10	10	1	6	2424442220	1	0
I?AAD?oN?	10	10	10	1	6	3311113300	1	0
I?AAD?o^?	10	11	10	1	6	3111113330	1	0
I?AAD?ooG	10	9	10	1	6	0033333301	1	0
I?AAD?oaG	10	9	10	1	6	0333033301	1	0
I?AAD?oqG	10	10	10	1	6	1133133310	1	0
I?AADAo{?	10	11	10	0	4	0300333111	1	0
I?AADAoy?	10	11	10	0	5	0303313111	1	0
I?AADAou?	10	11	10	0	5	0202242441	1	0
I?AADAom?	10	11	10	0	4	0300333111	1	0
I?AADAo]?	10	11	10	0	5	1414424220	1	0
I?AADAo}?	10	12	10	0	4	1414424220	1	0
I?AADAo\?	10	11	10	1	6	0300333111	1	0
I?AADAoZ?	10	11	10	1	6	1411444220	1	0
I?AADAoV?	10	11	10	1	6	2424414110	1	0
I?AADAoN?	10	11	10	1	6	0300333111	1	0
I?AADAo^?	10	12	10	1	5	0300333114	1	0
I?AAD@ow?	10	10	10	0	5	0003333111	1	0
I?AAD@os?	10	10	10	0	6	0000333111	1	0
I?AAD@o{?	10	11	10	0	5	1111333000	1	0
I?AAD@oq?	10	10	10	0	7	0003333111	1	0
I?AAD@oy?	10	11	10	0	6	1113333000	1	0
I?AAD@ou?	10	11	10	0	6	1444422200	1	0
I?AAD@om?	10	11	10	0	6	1311333000	1	0
I?AAD@o]?	10	11	10	0	5	3111133300	1	0
I?AAD@o}?	10	12	10	0	5	1444422200	1	0
I?AAD@oX?	10	10	10	1	6	3000303311	1	0
I?AAD@o\?	10	11	10	1	5	3111313300	1	0
I?AAD@oZ?	10	11	10	1	7	3111113300	1	0
I?AAD@oV?	10	11	10	1	7	3111113300	1	0
I?AAD@oN?	10	11	10	1	7	3111113300	1	0
I?AAD@o^?	10	12	10	1	6	3111113300	1	0
I?AAD@og_	10	10	10	1	6	0303330131	1	0
I?AAD@ok_	10	11	10	1	6	4111331300	1	0
I?AAD@oa_	10	10	10	1	7	0222020224	1	0
I?AAD@oi_	10	11	10	1	7	1313303000	1	0
I?AAD@oe_	10	11	10	1	7	1331131330	1	0
I?AAD@oM_	10	11	10	1	7	3111131300	1	0
I?AAD@om_	10	12	10	1	6	4111131300	1	0
I?AAD@oD_	10	10	10	1	7	0003033002	1	0
I?AAD@oL_	10	11	10	2	7	3111311300	1	0
I?AAD@oB_	10	10	10	0	7	0000333002	1	0
I?AAD@oJ_	10	11	10	1	7	3313111330	1	0
I?AAD@oF_	10	11	10	1	7	2224444220	1	0
I?AAD@oN_	10	12	10	2	7	2214444220	1	0
I?AAD@oSO	10	10	10	1	6	3000333011	1	0
I?AAD@oQO	10	10	10	1	7	2022022024	1	0
I?AAD@oUO	10	11	10	1	7	3111133100	1	0
I?AAD@oPO	10	10	10	1	6	1313303031	1	0
I?AAD@oDO	10	10	10	1	6	4242202024	1	0
I?AAD@oTO	10	11	10	1	7	0131313100	1	0
I?AAD@oRO	10	11	10	1	7	0133113130	1	0
I?AAD@oFO	10	11	10	1	7	0303313130	1	0
I?AAD@oVO	10	12	10	1	6	3131141420	1	0
I?AAD@oEo	10	11	10	1	7	2424414130	1	0
I?AAD@o@o	10	10	10	0	6	4242202024	1	0
I?AAD@oDo	10	11	10	1	7	0303313130	1	0
I?AAD@oBo	10	11	10	0	6	0222444410	1	0
I?AAD@oFo	10	12	10	1	6	2424414130	1	0
I?AAD@oBg	10	11	10	0	6	1444222201	1	0
I?AAD@o@w	10	11	10	0	5	1444422201	1	0
I?AAD@oBw	10	12	10	0	5	2222444110	1	0
I?AADBo}?	10	13	10	0	4	1444422200	1	0
I?AADBo\?	10	12	10	1	6	1111313300	1	0
I?AADBoZ?	10	12	10	1	7	1113333000	1	0
I?AADBo^?	10	13	10	1	6	1444422200	1	0
I?AADBom_	10	13	10	1	5	4111131300	1	0
I?AADBoL_	10	12	10	2	7	1311333000	1	0
I?AADBoJ_	10	12	10	1	7	4411133002	1	0
I?AADBoN_	10	13	10	2	6	4141111330	1	0
I?AADBoTO	10	12	10	2	6	4141131302	1	0
I?AADBoRO	10	12	10	1	6	4141131302	1	0
I?AADBoVO	10	13	10	2	5	3131141420	1	0
I?AADBoDo	10	12	10	1	6	4141131302	1	0
I?AADBoBo	10	12	10	0	5	1444222201	1	0
I?AADBoFo	10	13	10	1	5	0003333112	1	0
I?AADBoBw	10	13	10	0	4	1444222201	1	0
I?AAD?WW?	10	8	10	0	6	0003333131	1	0
I?AAD?Ww?	10	9	10	0	5	0003333131	1	0
I?AAD?WS?	10	8	10	0	6	0002000033	1	0
I?AAD?Ws?	10	9	10	0	6	0030333331	1	0
I?AAD?Wk?	10	9	10	0	5	0300333131	1	0
I?AAD?W[?	10	9	10	0	6	2444222220	1	0
I?AAD?W{?	10	10	10	0	6	1111333030	1	0
I?AAD?WE?	10	8	10	0	4	0002200033	1	0
I?AAD?We?	10	9	10	0	5	0330033311	1	0
I?AAD?WU?	10	9	10	0	5	2424422200	1	0
I?AAD?Wu?	10	10	10	0	6	1131133300	1	0
I?AAD?WM?	10	9	10	0	5	2244422200	1	0
I?AAD?Wm?	10	10	10	0	6	1311133000	1	0
I?AAD?W]?	10	10	10	0	6	2444422200	1	0
I?AAD?W}?	10	11	10	0	6	1111133330	1	0
I?AAD?WH?	10	8	10	1	6	0303303131	1	0
I?AAD?WX?	10	9	10	1	6	2442242220	1	0
I?AAD?WL?	10	9	10	1	6	2244242220	1	0
I?AAD?W\?	10	10	10	1	6	2444242220	1	0
I?AAD?WN?	10	10	10	1	6	2244442200	1	0
I?AAD?W^?	10	11	10	1	6	2444442220	1	0
I?AAD?WoG	10	9	10	0	6	2000030303	1	0
I?AAD?WgG	10	9	10	0	5	0303333101	1	0
I?AAD?WWG	10	9	10	0	6	3003333301	1	0
I?AAD?WwG	10	10	10	0	6	1113333010	1	0
I?AAD?WHG	10	9	10	1	6	3303303301	1	0
I?AAD?WXG	10	10	10	1	6	3113313310	1	0
I?AAD@Ww?	10	10	10	0	6	0003333131	1	0
I?AAD@Ws?	10	10	10	0	6	0030033311	1	0
I?AAD@Wk?	10	10	10	0	6	0200222424	1	0
I?AAD@W{?	10	11	10	0	6	1444422200	1	0
I?AAD@Wu?	10	11	10	0	5	1131133300	1	0
I?AAD@Wm?	10	11	10	0	6	1444422200	1	0
I?AAD@W]?	10	11	10	0	5	3111133300	1	0
I?AAD@W}?	10	12	10	0	5	4111133300	1	0
I?AAD@WL?	10	10	10	1	7	0033030002	1	0
I?AAD@W\?	10	11	10	1	7	3111113300	1	0
I?AAD@WN?	10	11	10	1	7	2224422200	1	0
I?AAD@W^?	10	12	10	1	6	3111113300	1	0
I?AAD@Wg_	10	10	10	0	6	0202220424	1	0
I?AAD@Wc_	10	10	10	1	7	0220220224	1	0
I?AAD@WK_	10	10	10	1	7	0033003002	1	0
I?AAD@Wk_	10	11	10	1	7	1311331030	1	0
I?AAD@WE_	10	10	10	1	6	2224422200	1	0
I?AAD@We_	10	11	10	1	6	1424424200	1	0
I?AAD@WM_	10	11	10	1	7	2224422200	1	0
I?AAD@Wm_	10	12	10	1	6	1414424230	1	0
I?AAD@WH_	10	10	10	1	7	0030033002	1	0
I?AAD@WL_	10	11	10	2	7	2244244220	1	0
I?AAD@WN_	10	12	10	2	7	3300000331	1	0
I?AAD@Wgg	10	11	10	0	5	0303330121	1	0
I?AAD@WHg	10	11	10	1	6	1424422201	1	0
I?AADBW]?	10	12	10	0	5	4111133300	1	0
I?AADBW}?	10	13	10	0	4	4111133300	1	0
I?AADBW\?	10	12	10	1	7	1444422200	1	0
I?AADBWV?	10	12	10	1	6	1131113300	1	0
I?AADBWN?	10	12	10	1	7	1444422200	1	0
I?AADBW^?	10	13	10	1	6	1444422200	1	0
I?AADBWM_	10	12	10	1	6	1414424200	1	0
I?AADBWm_	10	13	10	1	5	4111131300	1	0
I?AADBWL_	10	12	10	2	7	4411133002	1	0
I?AADBWF_	10	12	10	2	6	4141131302	1	0
I?AADBWN_	10	13	10	2	6	3311144220	1	0
I?AADBWUO	10	12	10	1	6	1131133100	1	0
I?AADBWTO	10	12	10	1	6	4141131302	1	0
I?AADBWVO	10	13	10	1	5	3131141420	1	0
I?AADBWEo	10	12	10	2	6	4141131302	1	0
I?AADBWDo	10	12	10	1	6	0333311140	1	0
I?AADBWFo	10	13	10	2	5	3131141420	1	0
I?AAD?ww?	10	10	10	0	6	0003333131	1	0
I?AAD?ws?	10	10	10	0	7	0020222224	1	0
I?AAD?wk?	10	10	10	0	5	0300333111	1	0
I?AAD?w{?	10	11	10	0	6	1311333000	1	0
I?AAD?wU?	10	10	10	0	6	2224422200	1	0
I?AAD?wu?	10	11	10	0	6	4111133300	1	0
I?AAD?wm?	10	11	10	0	5	1311133000	1	0
I?AAD?w]?	10	11	10	0	5	3111133300	1	0
I?AAD?w}?	10	12	10	0	5	4111133300	1	0
I?AAD?wT?	10	10	10	1	7	0303030002	1	0
I?AAD?w\?	10	11	10	1	7	3111113300	1	0
I?AAD?wF?	10	10	10	1	6	2224422200	1	0
I?AAD?wV?	10	11	10	1	7	2224422200	1	0
I?AAD?wN?	10	11	10	1	5	3311113300	1	0
I?AAD?w^?	10	12	10	1	6	3111113300	1	0
I?AAD?wSO	10	10	10	1	7	4242222024	1	0
I?AAD?wUO	10	11	10	1	7	2424414130	1	0
I?AAD?wPO	10	10	10	0	6	4022202024	1	0
I?AAD?wDO	10	10	10	1	6	4242202024	1	0
I?AAD?wTO	10	11	10	1	7	0131313130	1	0
I?AAD?wFO	10	11	10	1	7	0303313130	1	0
I?AAD?wVO	10	12	10	1	6	2424414130	1	0
I?AAD?wPW	10	11	10	0	5	1244424201	1	0
I?AADAw]?	10	12	10	0	5	4111133300	1	0
I?AADAw}?	10	13	10	0	4	4111133300	1	0
I?AADAw\?	10	12	10	1	7	1311333000	1	0
I?AADAwV?	10	12	10	1	6	4141131302	1	0
I?AADAwN?	10	12	10	1	6	1311113300	1	0
I?AADAw^?	10	13	10	1	6	1444422200	1	0
I?AADAwUO	10	12	10	1	6	4141131302	1	0
I?AADAwTO	10	12	10	1	6	0133313140	1	0
I?AADAwFO	10	12	10	2	6	4141131302	1	0
I?AADAwVO	10	13	10	2	5	3131141420	1	0
I?AAD@w{?	10	12	10	0	5	4111133300	1	0
I?AAD@w]?	10	12	10	0	4	3111133300	1	0
I?AAD@w}?	10	13	10	0	4	4111133300	1	0
I?AAD@w\?	10	12	10	1	6	3111113300	1	0
I?AAD@wV?	10	12	10	1	6	3111113300	1	0
I?AAD@w^?	10	13	10	1	5	3111113300	1	0
I?AAD@wk_	10	12	10	1	6	1414424200	1	0
I?AAD@wM_	10	12	10	1	6	3111131300	1	0
I?AAD@wm_	10	13	10	1	5	4111131300	1	0
I?AAD@wL_	10	12	10	2	7	4411133002	1	0
I?AAD@wF_	10	12	10	2	6	4141131302	1	0
I?AAD@wN_	10	13	10	2	6	3311144220	1	0
I?AAD@wTO	10	12	10	1	6	4141131302	1	0
I?AAD@wVO	10	13	10	1	5	3131141420	1	0
I?AAD@wDo	10	12	10	1	6	4141131302	1	0
I?AAD@wFo	10	13	10	2	5	3030020241	1	0
I?AADBw}?	10	14	10	0	3	4111133300	1	0
I?AADBw^?	10	14	10	1	5	1444422200	1	0
I?AADBwm_	10	14	10	1	4	4111131300	1	0
I?AADBwN_	10	14	10	2	5	4411133002	1	0
I?AADBwVO	10	14	10	2	4	4141131302	1	0
I?AADBwFo	10	14	10	2	4	3131141420	1	0
I?AAD?cw?	10	9	10	1	5	0003333131	1	0
I?AAD?ck?	10	9	10	1	5	0303313111	1	0
I?AAD?c{?	10	10	10	1	6	1111333030	1	0
I?AAD?cU?	10	9	10	1	6	2424422220	1	0
I?AAD?cu?	10	10	10	1	6	1131133330	1	0
I?AAD?cm?	10	10	10	1	6	1313303000	1	0
I?AAD?c}?	10	11	10	1	5	1414424220	1	0
I?AAD@cw?	10	10	10	1	5	0003333111	1	0
I?AAD@cs?	10	10	10	1	7	0003333111	1	0
I?AAD@c{?	10	11	10	1	6	1113333000	1	0
I?AAD@cu?	10	11	10	1	7	1131133330	1	0
I?AAD@cm?	10	11	10	1	7	1313303000	1	0
I?AAD@c]?	10	11	10	1	7	3111113300	1	0
I?AAD@c}?	10	12	10	1	6	1414424220	1	0
I?AAD@cX?	10	10	10	1	4	3003303311	1	0
I?AAD@c\?	10	11	10	1	5	3111313300	1	0
I?AAD@cN?	10	11	10	1	7	0313313000	1	0
I?AAD@c^?	10	12	10	1	6	3111113300	1	0
I?AAD@cg_	10	10	10	1	6	0303313111	1	0
I?AAD@cc_	10	10	10	1	7	0133310301	1	0
I?AAD@ck_	10	11	10	1	7	1313303000	1	0
I?AAD@ce_	10	11	10	1	6	1224424210	1	0
I?AAD@cM_	10	11	10	1	7	3141141330	1	0
I?AAD@cm_	10	12	10	1	6	1414424220	1	0
I?AAD@cH_	10	10	10	2	6	1303303111	1	0
I?AAD@cL_	10	11	10	2	7	0313313000	1	0
I?AAD@cN_	10	12	10	2	6	0313313002	1	0
I?AAD@ceg	10	12	10	1	5	1224424210	1	0
I?AAD?sw?	10	10	10	1	6	0303313111	1	0
I?AAD?ss?	10	10	10	1	7	0020222224	1	0
I?AAD?sk?	10	10	10	1	5	0300333111	1	0
I?AAD?s{?	10	11	10	1	6	1311333000	1	0
I?AAD?sy?	10	11	10	1	7	1313303000	1	0
I?AAD?su?	10	11	10	1	7	1131133330	1	0
I?AAD?sm?	10	11	10	1	6	1311333000	1	0
I?AAD?s]?	10	11	10	1	7	3111113300	1	0
I?AAD?s}?	10	12	10	1	6	1414424220	1	0
I?AAD?sX?	10	10	10	1	6	1303303111	1	0
I?AAD?s\?	10	11	10	1	5	3111313300	1	0
I?AAD?sZ?	10	11	10	1	7	0313313000	1	0
I?AAD?sN?	10	11	10	1	5	3311113300	1	0
I?AAD?s^?	10	12	10	1	6	3111113300	1	0
I?AAD@s}?	10	13	10	1	6	1444422200	1	0
I?AAD@s\?	10	12	10	1	4	3111313300	1	0
I?AAD@sZ?	10	12	10	1	6	3111113300	1	0
I?AAD@s^?	10	13	10	1	5	3111113300	1	0
I?AAD@sm_	10	13	10	2	6	4111131320	1	0
I?AAD@sL_	10	12	10	2	6	3111311300	1	0
I?AAD@sJ_	10	12	10	2	8	0313313000	1	0
I?AAD@sN_	10	13	10	2	7	3111111300	1	0
I?AAD?{{?	10	12	10	1	7	1311333000	1	0
I?AAD?{]?	10	12	10	1	6	3111113300	1	0
I?AAD?{}?	10	13	10	1	6	1444422200	1	0
I?AAD?{\?	10	12	10	1	6	3111113300	1	0
I?AAD?{N?	10	12	10	1	4	3311113300	1	0
I?AAD?{^?	10	13	10	1	5	3111113300	1	0
I?AAD@{^?	10	14	10	1	4	3111113300	1	0
I?AAD@{N_	10	14	10	2	6	3111111300	1	0
I?AAFBO{?	10	12	10	0	4	0000333111	1	0
I?AAFBOy?	10	12	10	0	5	0003333111	1	0
I?AAFBOm?	10	12	10	0	5	0022244441	1	0
I?AAFBO}?	10	13	10	0	4	1144422220	1	0
I?AAFBO\?	10	12	10	1	6	0000222444	1	0
I?AAFBOZ?	10	12	10	1	6	0022224441	1	0
I?AAFBON?	10	12	10	1	6	1144442220	1	0
I?AAFBO^?	10	13	10	1	5	1144442220	1	0
I?AAFBOL_	10	12	10	2	7	0000333114	1	0
I?AAFBON_	10	13	10	2	6	0000333114	1	0
I?AAFBoy?	10	13	10	0	4	0003333111	1	0
I?AAFBo}?	10	14	10	0	4	1111333000	1	0
I?AAFBoN?	10	13	10	1	6	0000333114	1	0
I?AAFBo^?	10	14	10	1	5	1111333002	1	0
I?AAFBoL_	10	13	10	2	6	0000333114	1	0
I?AAFBoJ_	10	13	10	1	6	0000333112	1	0
I?AAFBoF_	10	13	10	1	5	4442222001	1	0
I?AAFBoN_	10	14	10	2	5	0000333114	1	0
I?AAFBoDo	10	13	10	1	5	1113333004	1	0
I?AAFBoFo	10	14	10	1	4	2224444110	1	0
I?AAFBoBw	10	14	10	0	3	4444222001	1	0
I?AAFBW{?	10	13	10	0	5	0000333111	1	0
I?AAFBW}?	10	14	10	0	4	1144422200	1	0
I?AAFBWN?	10	13	10	1	6	4411133002	1	0
I?AAFBW^?	10	14	10	1	6	1114442200	1	0
I?AAFBWL_	10	13	10	2	6	4411133002	1	0
I?AAFBWF_	10	13	10	2	6	4411133002	1	0
I?AAFBWN_	10	14	10	2	5	3311144220	1	0
I?AAFBWDo	10	13	10	1	6	1113133004	1	0
I?AAFBWFo	10	14	10	2	5	2224411130	1	0
I?AAFAw]?	10	13	10	0	5	1144422200	1	0
I?AAFAw}?	10	14	10	0	4	1144422200	1	0
I?AAFAw\?	10	13	10	1	7	0000333111	1	0
I?AAFAwV?	10	13	10	1	7	1114442200	1	0
I?AAFAwN?	10	13	10	1	6	4411133002	1	0
I?AAFAw^?	10	14	10	1	6	1114442200	1	0
I?AAFAwM_	10	13	10	1	6	1314424200	1	0
I?AAFAwm_	10	14	10	1	5	1314424200	1	0
I?AAFAwL_	10	13	10	2	6	4411133002	1	0
I?AAFAwF_	10	13	10	2	6	4411133002	1	0
I?AAFAwN_	10	14	10	2	5	4411133002	1	0
I?AAFAwDo	10	13	10	1	6	1113133004	1	0
I?AAFAwFo	10	14	10	2	5	2024414130	1	0
I?AAFBw}?	10	15	10	0	3	1144422200	1	0
I?AAFBw^?	10	15	10	1	5	1114442200	1	0
I?AAFBwN_	10	15	10	2	4	2200033114	1	0
I?AAFBwFo	10	15	10	2	4	1113300024	1	0
I?AAF@c{?	10	12	10	1	5	0003333111	1	0
I?AAF@cm?	10	12	10	1	6	1441113330	1	0
I?AAF@c}?	10	13	10	1	5	4114442220	1	0
I?AAF@ck_	10	12	10	2	7	1114414220	1	0
I?AAF@ce_	10	12	10	1	6	0330030221	1	0
I?AAF@cM_	10	12	10	2	7	0003303112	1	0
I?AAF@cm_	10	13	10	2	6	1114414220	1	0
I?AAF@cFo	10	13	10	1	5	2224444110	1	0
I?AAF@cEW	10	12	10	1	5	1113313004	1	0
I?AAF@cCw	10	12	10	1	5	1113313004	1	0
I?AAF@cEw	10	13	10	1	4	0003303112	1	0
I?AAF@S{?	10	12	10	1	6	0000333111	1	0
I?AAF@Sy?	10	12	10	1	6	0003033131	1	0
I?AAF@Su?	10	12	10	1	7	0030333111	1	0
I?AAF@Sm?	10	12	10	1	7	1144422220	1	0
I?AAF@S]?	10	12	10	1	7	3000333111	1	0
I?AAF@S}?	10	13	10	1	6	1144422220	1	0
I?AAF@Sk_	10	12	10	2	8	1311414220	1	0
I?AAF@Si_	10	12	10	1	7	1313104240	1	0
I?AAF@Se_	10	12	10	2	8	1331114420	1	0
I?AAF@SM_	10	12	10	2	8	4244141330	1	0
I?AAF@Sm_	10	13	10	2	7	1311414220	1	0
I?AAF@SEo	10	12	10	1	7	1113313004	1	0
I?AAF@SDo	10	12	10	1	6	4442422011	1	0
I?AAF@SBo	10	12	10	1	7	1133300031	1	0
I?AAF@SFo	10	13	10	1	6	0224441130	1	0
I?AAF@SAw	10	12	10	1	6	3133030001	1	0
I?AAF@s}?	10	14	10	1	6	1111333000	1	0
I?AAF@s^?	10	14	10	1	5	3114442200	1	0
I?AAF@sk_	10	13	10	2	7	0000333111	1	0
I?AAF@si_	10	13	10	2	7	3114141202	1	0
I?AAF@sm_	10	14	10	2	6	0200303114	1	0
I?AAF@sL_	10	13	10	2	7	3111313000	1	0
I?AAF@sJ_	10	13	10	2	7	1411313002	1	0
I?AAF@sN_	10	14	10	2	6	1411313002	1	0
I?AAF@sDo	10	13	10	2	6	4113130024	1	0
I?AAF@sFo	10	14	10	2	5	0224441130	1	0
I?AAF@[}?	10	14	10	1	6	1114442200	1	0
I?AAF@[N?	10	13	10	1	6	3114442200	1	0
I?AAF@[^?	10	14	10	1	5	3411113300	1	0
I?AAF@[k_	10	13	10	2	7	3111441202	1	0
I?AAF@[e_	10	13	10	2	7	3131141402	1	0
I?AAF@[M_	10	13	10	2	7	4411113302	1	0
I?AAF@[m_	10	14	10	2	6	2020030341	1	0
I?AAF@[L_	10	13	10	2	7	4411113302	1	0
I?AAF@[F_	10	13	10	1	6	2224444100	1	0
I?AAF@[N_	10	14	10	2	6	3311114420	1	0
I?AAF@[Do	10	13	10	1	6	4113130024	1	0
I?AAF@[Fo	10	14	10	1	5	0224441130	1	0
I?AAF?{}?	10	14	10	1	5	0033311124	1	0
I?AAF?{\?	10	13	10	1	6	3114442200	1	0
I?AAF?{N?	10	13	10	1	5	3311113300	1	0
I?AAF?{^?	10	14	10	1	5	3411113300	1	0
I?AAF?{k_	10	13	10	2	7	3111441202	1	0
I?AAF?{M_	10	13	10	1	6	3311144200	1	0
I?AAF?{m_	10	14	10	2	6	4411131320	1	0
I?AAF?{L_	10	13	10	1	6	3311144200	1	0
I?AAF?{F_	10	13	10	1	6	2244411300	1	0
I?AAF?{N_	10	14	10	1	5	3311144200	1	0
I?AAF?{Fo	10	14	10	1	5	0224441130	1	0
I?AAF@{^?	10	15	10	1	4	3411113300	1	0
I?AAF@{m_	10	15	10	2	6	0003333144	1	0
I?AAF@{N_	10	15	10	2	5	4411113302	1	0
I?AAF?ew?	10	11	10	1	5	0003333131	1	0
I?AAF?es?	10	11	10	1	7	0000333131	1	0
I?AAF?e{?	10	12	10	1	6	1111333030	1	0
I?AAF?eu?	10	12	10	1	7	1144422030	1	0
I?AAF?em?	10	12	10	1	7	1144422030	1	0
I?AAF?e}?	10	13	10	1	6	1144422030	1	0
I?AAF?eX?	10	11	10	2	6	3003303111	1	0
I?AAF?e\?	10	12	10	2	7	3113313000	1	0
I?AAF?eV?	10	12	10	2	8	3131113330	1	0
I?AAF?e^?	10	13	10	2	7	4114442220	1	0
I?AAF?eFo	10	13	10	1	6	0003311102	1	0
I?AAF?eEW	10	12	10	2	6	1113311004	1	0
I?AAF?Uw?	10	11	10	0	5	0003333121	1	0
I?AAF?U{?	10	12	10	1	6	1111333030	1	0
I?AAF?Uq?	10	11	10	0	6	0003033121	1	0
I?AAF?Uy?	10	12	10	0	5	4442422010	1	0
I?AAF?Uu?	10	12	10	1	7	1144422030	1	0
I?AAF?Um?	10	12	10	1	7	1144422030	1	0
I?AAF?U}?	10	13	10	1	6	1144422030	1	0
I?AAF?U\?	10	12	10	2	7	3114142230	1	0
I?AAF?UZ?	10	12	10	1	7	3114142230	1	0
I?AAF?U^?	10	13	10	2	6	3114142230	1	0
I?AAF?UFo	10	13	10	0	4	2224444100	1	0
I?AAF?u}?	10	14	10	2	5	4411133020	1	0
I?AAF?u^?	10	14	10	2	6	4411113320	1	0
I?AAF?uL_	10	13	10	1	5	3311311300	1	0
I?AAF?uJ_	10	13	10	1	6	2244411300	1	0
I?AAF?uN_	10	14	10	1	5	2244411300	1	0
I?AAF?uFo	10	14	10	1	5	2224444130	1	0
I?AAF?]}?	10	14	10	2	5	2200033141	1	0
I?AAF?]\?	10	13	10	2	6	4441111320	1	0
I?AAF?]^?	10	14	10	2	5	4441111320	1	0
I?AAF?]L_	10	13	10	1	6	2244411300	1	0
I?AAF?]F_	10	13	10	0	4	2224444100	1	0
I?AAF?]N_	10	14	10	1	5	2244411300	1	0
I?AAF?]Do	10	13	10	0	4	4442222011	1	0
I?AAF?]Fo	10	14	10	0	3	2224444100	1	0
I?AAF?}N_	10	15	10	1	4	2244411300	1	0
I?AAF?V}?	10	14	10	1	5	1113133040	1	0
I?AAF?V^?	10	14	10	2	5	3114142230	1	0
I?AAF?^^?	10	15	10	2	4	3331111402	1	0
I?AAF?^N_	10	15	10	1	4	2224444100	1	0
I?AA@b_w?	10	10	10	0	4	0003333311	1	0
I?AA@b_s?	10	10	10	0	6	0000333111	1	0
I?AA@b_{?	10	11	10	0	5	1111333000	1	0
I?AA@b_y?	10	11	10	0	5	1113133300	1	0
I?AA@b_u?	10	11	10	0	7	1111333000	1	0
I?AA@b_m?	10	11	10	0	6	1311333000	1	0
I?AA@b_}?	10	12	10	0	6	1111333000	1	0
I?AA@b_\?	10	11	10	1	6	3111333000	1	0
I?AA@b_Z?	10	11	10	1	7	1113113300	1	0
I?AA@b_V?	10	11	10	1	7	4114442220	1	0
I?AA@b_N?	10	11	10	1	7	3311333000	1	0
I?AA@b_^?	10	12	10	1	6	4114442220	1	0
I?AA@b_D_	10	10	10	1	7	4442222202	1	0
I?AA@b_L_	10	11	10	1	7	3311333000	1	0
I?AA@b_J_	10	11	10	1	7	3313111330	1	0
I?AA@b_F_	10	11	10	1	6	2224444210	1	0
I?AA@b_N_	10	12	10	1	7	1141111330	1	0
I?AA@b_oO	10	10	10	1	6	0003333011	1	0
I?AA@b_qO	10	11	10	1	7	1113133100	1	0
I?AA@b_PO	10	10	10	1	7	1313303001	1	0
I?AA@b_BO	10	10	10	0	7	1313303001	1	0
I?AA@b_RO	10	11	10	1	7	3133113130	1	0
I?AA@b_@o	10	10	10	0	7	1313303001	1	0
I?AA@b_Bo	10	11	10	0	6	2222444110	1	0
I?AA@b_Dg	10	11	10	1	6	1133300301	1	0
I?AA@b_Fg	10	12	10	1	5	2224444210	1	0
I?AA@b_Bw	10	12	10	0	5	2222444110	1	0
I?AA@_oo?	10	8	10	0	4	0022000330	1	0
I?AA@_ow?	10	9	10	0	5	0033000220	1	0
I?AA@_ok?	10	9	10	0	3	3300333111	1	0
I?AA@_o{?	10	10	10	0	4	3311333000	1	0
I?AA@_oq?	10	9	10	0	5	1133111441	1	0
I?AA@_oy?	10	10	10	0	5	4411444220	1	0
I?AA@_oM?	10	9	10	0	3	3300333111	1	0
I?AA@_om?	10	10	10	0	4	3311333000	1	0
I?AA@_o}?	10	11	10	0	4	3311333002	1	0
I?AA@aok?	10	10	10	0	3	0300333111	1	0
I?AA@ao[?	10	10	10	0	4	3300333111	1	0
I?AA@ao{?	10	11	10	0	4	1311333000	1	0
I?AA@aoy?	10	11	10	0	6	1311333000	1	0
I?AA@aom?	10	11	10	0	4	1311333000	1	0
I?AA@ao]?	10	11	10	0	5	3311333000	1	0
I?AA@ao}?	10	12	10	0	5	1311333000	1	0
I?AA@aoL?	10	10	10	1	4	3300333111	1	0
I?AA@ao\?	10	11	10	1	5	3311333000	1	0
I?AA@aoZ?	10	11	10	1	6	1411444220	1	0
I?AA@aoN?	10	11	10	1	5	3311333000	1	0
I?AA@ao^?	10	12	10	1	5	1411444220	1	0
I?AA@aooO	10	10	10	1	6	1311333001	1	0
I?AA@aoaO	10	10	10	1	6	1311333001	1	0
I?AA@aoQO	10	10	10	0	6	1311333001	1	0
I?AA@aoqO	10	11	10	1	6	1133111440	1	0
I?AA@aoPO	10	10	10	0	6	1311303001	1	0
I?AA@aoBO	10	10	10	0	6	1311303001	1	0
I?AA@aoRO	10	11	10	0	5	2422444110	1	0
I?AA@aoRW	10	12	10	0	4	0300333112	1	0
I?AA@bo{?	10	12	10	0	4	1111333000	1	0
I?AA@bo}?	10	13	10	0	5	1111333000	1	0
I?AA@bo\?	10	12	10	1	5	3111333000	1	0
I?AA@bo^?	10	13	10	1	6	3111333000	1	0
I?AA@boL_	10	12	10	2	6	3311333000	1	0
I?AA@boN_	10	13	10	2	6	1144111330	1	0
I?AA@bGw?	10	10	10	0	6	0003033311	1	0
I?AA@bG{?	10	11	10	0	7	1111333000	1	0
I?AA@bGy?	10	11	10	0	5	1113133300	1	0
I?AA@bGm?	10	11	10	0	7	1111133300	1	0
I?AA@bG}?	10	12	10	0	6	1111133300	1	0
I?AA@bGL?	10	10	10	0	6	0033030202	1	0
I?AA@bG\?	10	11	10	1	7	2144242020	1	0
I?AA@bGZ?	10	11	10	1	7	1113113300	1	0
I?AA@bGN?	10	11	10	1	7	2244442020	1	0
I?AA@bG^?	10	12	10	1	7	3144141320	1	0
I?AA@bGH_	10	10	10	0	7	4422422202	1	0
I?AA@bGL_	10	11	10	0	6	2244244010	1	0
I?AA@bGB_	10	10	10	1	7	4422422202	1	0
I?AA@bGJ_	10	11	10	1	7	2242444220	1	0
I?AA@bGN_	10	12	10	1	7	3300000021	1	0
I?AA@bGoO	10	10	10	0	6	0033033011	1	0
I?AA@bGqO	10	11	10	0	5	1133133100	1	0
I?AA@bGPO	10	10	10	1	7	2044224014	1	0
I?AA@bGBO	10	10	10	1	7	2222002024	1	0
I?AA@bGRO	10	11	10	1	6	1133113400	1	0
I?AA@bG@o	10	10	10	0	7	2222200024	1	0
I?AA@bGBo	10	11	10	1	7	3333111130	1	0
I?AA@bGLG	10	11	10	0	5	4422424101	1	0
I?AA@bGHg	10	11	10	0	6	1133300301	1	0
I?AA@bGLg	10	12	10	0	5	2244244010	1	0
I?AA@_go?	10	8	10	0	6	0020000330	1	0
I?AA@_gw?	10	9	10	0	6	0003333331	1	0
I?AA@_gc?	10	8	10	0	6	0300333131	1	0
I?AA@_gs?	10	9	10	0	6	1131333330	1	0
I?AA@_gk?	10	9	10	0	5	0300333131	1	0
I?AA@_g{?	10	10	10	0	6	1111333030	1	0
I?AA@_gE?	10	8	10	0	5	3300033111	1	0
I?AA@_ge?	10	9	10	0	6	1331133330	1	0
I?AA@_gu?	10	10	10	0	6	1131133330	1	0
I?AA@_gM?	10	9	10	0	4	3300033111	1	0
I?AA@_gm?	10	10	10	0	5	3311133000	1	0
I?AA@_g}?	10	11	10	0	6	1111133330	1	0
I?AA@_goO	10	9	10	0	6	0033333031	1	0
I?AA@_gaO	10	9	10	1	6	0333033031	1	0
I?AA@_gqO	10	10	10	1	6	1133133130	1	0
I?AA@_g_W	10	9	10	0	5	0313333001	1	0
I?AA@_goW	10	10	10	0	6	1103333110	1	0
I?AA@agw?	10	10	10	0	6	0003033311	1	0
I?AA@agk?	10	10	10	0	5	0300333111	1	0
I?AA@ag{?	10	11	10	0	6	1311333000	1	0
I?AA@agy?	10	11	10	0	5	1113133300	1	0
I?AA@agU?	10	10	10	0	7	2244422000	1	0
I?AA@agu?	10	11	10	0	7	1111133300	1	0
I?AA@agm?	10	11	10	0	5	1311133000	1	0
I?AA@ag]?	10	11	10	0	6	3311133000	1	0
I?AA@ag}?	10	12	10	0	6	1111133300	1	0
I?AA@agT?	10	10	10	1	7	4242422202	1	0
I?AA@ag\?	10	11	10	1	7	3311333000	1	0
I?AA@agR?	10	10	10	1	7	4242422202	1	0
I?AA@agZ?	10	11	10	1	7	1113113300	1	0
I?AA@agF?	10	10	10	1	7	2244422000	1	0
I?AA@agV?	10	11	10	1	7	2424442220	1	0
I?AA@agN?	10	11	10	1	6	3311133000	1	0
I?AA@ag^?	10	12	10	1	7	3311133000	1	0
I?AA@agoO	10	10	10	1	7	0022222024	1	0
I?AA@agaO	10	10	10	1	6	0303033011	1	0
I?AA@agQO	10	10	10	1	7	2022022024	1	0
I?AA@agqO	10	11	10	1	7	1113133100	1	0
I?AA@agPO	10	10	10	0	7	1313303001	1	0
I?AA@agBO	10	10	10	1	7	1313303001	1	0
I?AA@agRO	10	11	10	1	7	3133113130	1	0
I?AA@agTG	10	11	10	1	6	4242422201	1	0
I?AA@agPW	10	11	10	0	6	1313303001	1	0
I?AA@bg{?	10	12	10	0	6	1111333000	1	0
I?AA@bgy?	10	12	10	0	4	1113133300	1	0
I?AA@bgu?	10	12	10	0	6	1111133300	1	0
I?AA@bg}?	10	13	10	0	5	1111133300	1	0
I?AA@bg\?	10	12	10	1	7	3111333000	1	0
I?AA@bgZ?	10	12	10	1	6	1113113300	1	0
I?AA@bgV?	10	12	10	1	8	1111113300	1	0
I?AA@bg^?	10	13	10	1	7	1111113300	1	0
I?AA@bgL_	10	12	10	1	7	1144111303	1	0
I?AA@bgJ_	10	12	10	2	7	4411133002	1	0
I?AA@bgF_	10	12	10	2	7	4411133002	1	0
I?AA@bgN_	10	13	10	2	6	3311144020	1	0
I?AA@_wk?	10	10	10	0	4	3300333111	1	0
I?AA@_w{?	10	11	10	0	5	3311333000	1	0
I?AA@_wq?	10	10	10	0	6	2244422002	1	0
I?AA@_wy?	10	11	10	0	6	3311133000	1	0
I?AA@_wM?	10	10	10	0	3	3300033111	1	0
I?AA@_wm?	10	11	10	0	4	3311133000	1	0
I?AA@_w}?	10	12	10	0	5	3311133000	1	0
I?AA@_woO	10	10	10	0	6	2244422001	1	0
I?AA@_waO	10	10	10	1	6	3311133001	1	0
I?AA@_wqO	10	11	10	1	6	4422444110	1	0
I?AA@_woW	10	11	10	0	5	3311133001	1	0
I?AA@aw{?	10	12	10	0	5	1311333000	1	0
I?AA@awy?	10	12	10	0	6	1111133300	1	0
I?AA@awm?	10	12	10	0	4	1311133000	1	0
I?AA@aw]?	10	12	10	0	5	3311133000	1	0
I?AA@aw}?	10	13	10	0	5	1111133300	1	0
I?AA@aw\?	10	12	10	1	6	3311333000	1	0
I?AA@awZ?	10	12	10	1	7	3311133000	1	0
I?AA@awN?	10	12	10	1	5	3311133000	1	0
I?AA@aw^?	10	13	10	1	6	3311133000	1	0
I?AA@bw}?	10	14	10	0	4	1111133300	1	0
I?AA@bw^?	10	14	10	1	6	1111113300	1	0
I?AA@bwN_	10	14	10	2	5	4411133002	1	0
I?AA@b@{?	10	11	10	1	6	1144422320	1	0
I?AA@b@y?	10	11	10	1	6	1144422320	1	0
I?AA@b@m?	10	11	10	1	6	1144422320	1	0
I?AA@b@}?	10	12	10	1	5	1144422320	1	0
I?AA@b@\?	10	11	10	1	7	1144442320	1	0
I?AA@b@Z?	10	11	10	1	7	1144442320	1	0
I?AA@b@N?	10	11	10	0	6	2244442010	1	0
I?AA@b@^?	10	12	10	1	6	1144442320	1	0
I?AA@b@L_	10	11	10	0	6	2244244010	1	0
I?AA@b@J_	10	11	10	0	6	2242444210	1	0
I?AA@b@N_	10	12	10	0	5	3300000321	1	0
I?AA@b@qO	10	11	10	0	5	0033033011	1	0
I?AA@b@RO	10	11	10	1	6	0033003211	1	0
I?AA@b@Bo	10	11	10	1	6	0033000231	1	0
I?AA@b@LG	10	11	10	0	5	1300303101	1	0
I?AA@b@NG	10	12	10	0	5	2244442010	1	0
I?AA@b@Hg	10	11	10	0	6	1303303101	1	0
I?AA@b@Lg	10	12	10	0	5	3311311040	1	0
I?AA@b@Bg	10	11	10	0	6	1133300301	1	0
I?AA@b@Jg	10	12	10	0	5	2242444210	1	0
I?AA@b@Ng	10	13	10	0	4	3311111340	1	0
I?AA@aH{?	10	11	10	1	7	1444124320	1	0
I?AA@aHy?	10	11	10	1	7	1444124320	1	0
I?AA@aHm?	10	11	10	1	7	1444124320	1	0
I?AA@aH]?	10	11	10	1	7	2444222010	1	0
I?AA@aH}?	10	12	10	1	6	1444124320	1	0
I?AA@aH\?	10	11	10	0	6	2444242010	1	0
I?AA@aHZ?	10	11	10	1	7	2442442220	1	0
I?AA@aHN?	10	11	10	1	7	0311313010	1	0
I?AA@aH^?	10	12	10	1	7	3000000321	1	0
I?AA@aHqO	10	11	10	0	5	0033033011	1	0
I?AA@aHRO	10	11	10	1	6	0033003211	1	0
I?AA@aH[G	10	11	10	0	5	3000333101	1	0
I?AA@aHXG	10	11	10	0	6	1303303101	1	0
I?AA@aHLG	10	11	10	0	5	1300303101	1	0
I?AA@aH\G	10	12	10	0	5	2444242010	1	0
I?AA@bH{?	10	12	10	1	7	1133100402	1	0
I?AA@bHy?	10	12	10	1	6	1113133100	1	0
I?AA@bHm?	10	12	10	1	7	1433103402	1	0
I?AA@bH}?	10	13	10	1	6	1144111320	1	0
I?AA@bH\?	10	12	10	1	6	4422424101	1	0
I?AA@bHZ?	10	12	10	2	7	1133113400	1	0
I?AA@bHN?	10	12	10	1	6	4422424101	1	0
I?AA@bH^?	10	13	10	2	6	3144141320	1	0
I?AA@bHL_	10	12	10	0	5	4422422101	1	0
I?AA@bHJ_	10	12	10	1	7	4133131402	1	0
I?AA@bHN_	10	13	10	1	6	3300300121	1	0
I?AA@bHLg	10	13	10	0	4	3300300121	1	0
I?AADb_{?	10	12	10	0	4	0000333111	1	0
I?AADb_y?	10	12	10	0	5	0003333111	1	0
I?AADb_u?	10	12	10	0	6	0000333111	1	0
I?AADb_m?	10	12	10	0	5	0300333111	1	0
I?AADb_]?	10	12	10	0	6	0000333111	1	0
I?AADb_}?	10	13	10	0	5	1111333000	1	0
I?AADb_\?	10	12	10	1	6	0000333111	1	0
I?AADb_Z?	10	12	10	1	7	0003333111	1	0
I?AADb_V?	10	12	10	1	7	2424414110	1	0
I?AADb_N?	10	12	10	1	7	0000333114	1	0
I?AADb_^?	10	13	10	1	6	0000333114	1	0
I?AADb_k_	10	12	10	1	5	0300333111	1	0
I?AADb_i_	10	12	10	1	6	0303313111	1	0
I?AADb_e_	10	12	10	1	6	0202242441	1	0
I?AADb_M_	10	12	10	1	6	1414424220	1	0
I?AADb_m_	10	13	10	1	5	1414424220	1	0
I?AADb_L_	10	12	10	2	7	0000333114	1	0
I?AADb_J_	10	12	10	1	7	2244111330	1	0
I?AADb_F_	10	12	10	1	6	2224444110	1	0
I?AADb_N_	10	13	10	2	6	0000333114	1	0
I?AADb_RO	10	12	10	1	6	4244222001	1	0
I?AADb_Bo	10	12	10	0	5	4444222001	1	0
I?AADb_Eg	10	12	10	1	6	1113333004	1	0
I?AADb_Dg	10	12	10	1	6	1113333004	1	0
I?AADb_Bg	10	12	10	0	5	4444222001	1	0
I?AADb_Fg	10	13	10	1	5	0003333112	1	0
I?AADb_BW	10	12	10	0	5	1313303001	1	0
I?AADb_Aw	10	12	10	0	5	4444222001	1	0
I?AADb_@w	10	12	10	0	5	1313303001	1	0
I?AADb_Bw	10	13	10	0	4	2222444110	1	0
I?AADao{?	10	12	10	0	3	0300333111	1	0
I?AADaoy?	10	12	10	0	5	0300333111	1	0
I?AADaom?	10	12	10	0	3	0300333111	1	0
I?AADao]?	10	12	10	0	5	0300333111	1	0
I?AADao}?	10	13	10	0	4	1311333000	1	0
I?AADao\?	10	12	10	1	5	0300333111	1	0
I?AADaoZ?	10	12	10	1	5	0300333114	1	0
I?AADaoN?	10	12	10	1	5	0300333111	1	0
I?AADao^?	10	13	10	1	4	0300333114	1	0
I?AADaoRO	10	12	10	0	4	1311333004	1	0
I?AADaoQW	10	12	10	0	4	1311333001	1	0
I?AADaoPW	10	12	10	0	4	1311303001	1	0
I?AADaoBW	10	12	10	0	4	1311303001	1	0
I?AADaoRW	10	13	10	0	3	0300333112	1	0
I?AAD`ow?	10	11	10	0	5	0000333111	1	0
I?AAD`o{?	10	12	10	0	4	1111333000	1	0
I?AAD`oy?	10	12	10	0	6	1111333000	1	0
I?AAD`om?	10	12	10	0	5	1311333000	1	0
I?AAD`o}?	10	13	10	0	5	1111333000	1	0
I?AAD`o\?	10	12	10	1	5	3111333000	1	0
I?AAD`oZ?	10	12	10	1	7	3111333000	1	0
I?AAD`oN?	10	12	10	1	6	3311333000	1	0
I?AAD`o^?	10	13	10	1	6	3111333000	1	0
I?AAD`oL_	10	12	10	2	6	3311333000	1	0
I?AAD`oB_	10	11	10	0	6	4444222001	1	0
I?AAD`oJ_	10	12	10	1	7	1111333002	1	0
I?AAD`oN_	10	13	10	2	6	1111333002	1	0
I?AAD`oBW	10	12	10	0	5	1111333004	1	0
I?AAD`o@w	10	12	10	0	5	1111333004	1	0
I?AAD`oBw	10	13	10	0	4	0000333112	1	0
I?AADbo]?	10	13	10	0	5	1111333000	1	0
I?AADbo}?	10	14	10	0	4	1111333000	1	0
I?AADbo\?	10	13	10	1	5	1111333000	1	0
I?AADboZ?	10	13	10	1	6	1111333002	1	0
I?AADbo^?	10	14	10	1	5	1111333002	1	0
I?AADboM_	10	13	10	1	6	1311333000	1	0
I?AADbom_	10	14	10	1	5	1311333000	1	0
I?AADboL_	10	13	10	2	6	1311333000	1	0
I?AADboJ_	10	13	10	1	6	1111333002	1	0
I?AADboN_	10	14	10	2	5	1111333002	1	0
I?AADboRO	10	13	10	1	5	1311333004	1	0
I?AADboBo	10	13	10	0	4	1111333004	1	0
I?AADbG{?	10	12	10	0	6	0000333111	1	0
I?AADbGy?	10	12	10	0	6	0003033111	1	0
I?AADbGm?	10	12	10	0	6	0300033111	1	0
I?AADbG]?	10	12	10	0	6	1144422020	1	0
I?AADbG}?	10	13	10	0	5	1144422020	1	0
I?AADbG\?	10	12	10	1	7	1411313030	1	0
I?AADbGZ?	10	12	10	1	8	2411413130	1	0
I?AADbGN?	10	12	10	1	7	2244411330	1	0
I?AADbG^?	10	13	10	1	7	2411413130	1	0
I?AADbGk_	10	12	10	1	6	0300330131	1	0
I?AADbGi_	10	12	10	1	7	0303033111	1	0
I?AADbGM_	10	12	10	1	7	2244411330	1	0
I?AADbGm_	10	13	10	1	6	1344124020	1	0
I?AADbGL_	10	12	10	1	7	2244411330	1	0
I?AADbGJ_	10	12	10	2	7	2244411330	1	0
I?AADbGN_	10	13	10	2	6	2244411330	1	0
I?AADbGRO	10	12	10	1	6	4244224011	1	0
I?AADbGBo	10	12	10	1	7	1133000201	1	0
I?AADbGLG	10	12	10	1	6	4422424101	1	0
I?AADbGKg	10	12	10	1	6	4422442101	1	0
I?AADbGHg	10	12	10	1	7	1133300201	1	0
I?AADbGLg	10	13	10	1	6	0033033012	1	0
I?AADbG@w	10	12	10	0	5	1133300201	1	0
I?AADag{?	10	12	10	0	5	0300333111	1	0
I?AADagu?	10	12	10	0	6	0300033111	1	0
I?AADagm?	10	12	10	0	4	0300033111	1	0
I?AADag]?	10	12	10	0	6	0300033111	1	0
I?AADag}?	10	13	10	0	5	1311133000	1	0
I?AADag\?	10	12	10	1	7	0300333111	1	0
I?AADagV?	10	12	10	1	7	2144411330	1	0
I?AADagN?	10	12	10	1	6	0300033111	1	0
I?AADag^?	10	13	10	1	6	0300033114	1	0
I?AADagRO	10	12	10	1	6	4244222001	1	0
I?AADagPW	10	12	10	0	5	1313303001	1	0
I?AAD`gw?	10	11	10	0	6	0003333111	1	0
I?AAD`g{?	10	12	10	0	6	1111333000	1	0
I?AAD`gu?	10	12	10	0	7	1111133000	1	0
I?AAD`gm?	10	12	10	0	6	1311133000	1	0
I?AAD`g}?	10	13	10	0	6	1111133000	1	0
I?AAD`g\?	10	12	10	1	7	3111333000	1	0
I?AAD`gZ?	10	12	10	1	6	3113113300	1	0
I?AAD`gF?	10	11	10	1	8	2244422000	1	0
I?AAD`gV?	10	12	10	1	7	2144412300	1	0
I?AAD`gN?	10	12	10	1	7	3311133000	1	0
I?AAD`g^?	10	13	10	1	6	2144412300	1	0
I?AAD`gD_	10	11	10	1	8	0003033002	1	0
I?AAD`gL_	10	12	10	2	7	3311144220	1	0
I?AAD`gF_	10	12	10	2	7	3311144220	1	0
I?AAD`gN_	10	13	10	2	6	3311144220	1	0
I?AAD`gBo	10	12	10	1	7	1444220031	1	0
I?AAD`g@w	10	12	10	0	6	1144422001	1	0
I?AADbg]?	10	13	10	0	6	1111133000	1	0
I?AADbg}?	10	14	10	0	5	1111133000	1	0
I?AADbg\?	10	13	10	1	7	1111333000	1	0
I?AADbgZ?	10	13	10	1	7	1113133000	1	0
I?AADbgV?	10	13	10	1	7	4141132002	1	0
I?AADbgN?	10	13	10	1	6	4411133002	1	0
I?AADbg^?	10	14	10	1	6	3111144220	1	0
I?AADbgM_	10	13	10	1	6	4411133002	1	0
I?AADbgm_	10	14	10	1	6	1311133000	1	0
I?AADbgL_	10	13	10	2	6	4411133002	1	0
I?AADbgJ_	10	13	10	2	6	4411133002	1	0
I?AADbgF_	10	13	10	2	6	4411133002	1	0
I?AADbgN_	10	14	10	2	5	4411133002	1	0
I?AADbgRO	10	13	10	2	6	1311303024	1	0
I?AADbgBo	10	13	10	1	6	1111333004	1	0
I?AADaw]?	10	13	10	0	5	1311133000	1	0
I?AADaw}?	10	14	10	0	4	1311133000	1	0
I?AADaw\?	10	13	10	1	6	1311333000	1	0
I?AADawZ?	10	13	10	1	6	1311133002	1	0
I?AADawN?	10	13	10	1	5	1311133000	1	0
I?AADaw^?	10	14	10	1	5	1311133002	1	0
I?AADawRO	10	13	10	1	5	1311333004	1	0
I?AAD`w]?	10	13	10	0	5	3111133000	1	0
I?AAD`w}?	10	14	10	0	5	1111133000	1	0
I?AAD`w\?	10	13	10	1	6	3111333000	1	0
I?AAD`w^?	10	14	10	1	5	2144412300	1	0
I?AAD`wM_	10	13	10	1	6	3311133000	1	0
I?AAD`wm_	10	14	10	1	5	4311134020	1	0
I?AAD`wL_	10	13	10	2	6	4411133002	1	0
I?AAD`wN_	10	14	10	2	5	3311144220	1	0
I?AAD`wRO	10	13	10	2	6	1311303024	1	0
I?AAD`wBo	10	13	10	1	6	4444222001	1	0
I?AADbw}?	10	15	10	0	4	1111133000	1	0
I?AADbw^?	10	15	10	1	5	4111133002	1	0
I?AADbwm_	10	15	10	1	5	1311133000	1	0
I?AADbwN_	10	15	10	2	4	4411133002	1	0
I?AAD`cw?	10	11	10	1	6	0003333111	1	0
I?AAD`c{?	10	12	10	1	6	1111333000	1	0
I?AAD`cy?	10	12	10	1	7	1113333000	1	0
I?AAD`cu?	10	12	10	1	7	1441123030	1	0
I?AAD`cm?	10	12	10	1	6	1311133030	1	0
I?AAD`c]?	10	12	10	1	7	3111333000	1	0
I?AAD`c}?	10	13	10	1	6	1411133030	1	0
I?AAD`cX?	10	11	10	1	5	3003303311	1	0
I?AAD`c\?	10	12	10	1	6	3111313300	1	0
I?AAD`cR?	10	11	10	1	7	1033301311	1	0
I?AAD`cZ?	10	12	10	1	6	3113113300	1	0
I?AAD`cV?	10	12	10	1	7	2144412300	1	0
I?AAD`cN?	10	12	10	1	7	3311313000	1	0
I?AAD`c^?	10	13	10	1	6	2144412300	1	0
I?AAD`ck_	10	12	10	1	6	1311331030	1	0
I?AAD`ci_	10	12	10	1	7	1244421030	1	0
I?AAD`ce_	10	12	10	1	7	1244421030	1	0
I?AAD`cM_	10	12	10	1	7	4311134020	1	0
I?AAD`cm_	10	13	10	1	6	1244421030	1	0
I?AAD`cL_	10	12	10	2	7	3311313000	1	0
I?AAD`cJ_	10	12	10	2	8	0313313000	1	0
I?AAD`cF_	10	12	10	2	8	2144414320	1	0
I?AAD`cN_	10	13	10	2	7	2414414220	1	0
I?AAD`ceg	10	13	10	1	6	1224424210	1	0
I?AAD`cAw	10	12	10	1	6	1111313004	1	0
I?AAD_sk?	10	11	10	1	4	0300333111	1	0
I?AAD_s{?	10	12	10	1	5	1311333000	1	0
I?AAD_sy?	10	12	10	1	7	1311333000	1	0
I?AAD_sm?	10	12	10	1	5	1311333000	1	0
I?AAD_s]?	10	12	10	1	6	3311333000	1	0
I?AAD_s}?	10	13	10	1	6	1311333000	1	0
I?AAD_sQW	10	12	10	1	5	1311313004	1	0
I?AAD`s}?	10	14	10	1	6	1111333000	1	0
I?AAD`s\?	10	13	10	1	5	3111313000	1	0
I?AAD`s^?	10	14	10	1	5	2144412300	1	0
I?AAD`sm_	10	14	10	2	5	4311134020	1	0
I?AAD`sL_	10	13	10	2	6	3311313000	1	0
I?AAD`sN_	10	14	10	2	6	1311414220	1	0
I?AAD`sRO	10	13	10	2	6	4311331024	1	0
I?AAD`sBo	10	13	10	1	6	1111333004	1	0
I?AAD`K{?	10	12	10	1	6	1111333030	1	0
I?AAD`Ky?	10	12	10	1	7	1411423230	1	0
I?AAD`Km?	10	12	10	1	6	1311133030	1	0
I?AAD`K]?	10	12	10	1	7	2144412300	1	0
I?AAD`K}?	10	13	10	1	6	1411133030	1	0
I?AAD`K\?	10	12	10	1	7	2144412300	1	0
I?AAD`KZ?	10	12	10	1	6	3113113300	1	0
I?AAD`KN?	10	12	10	1	7	2144412300	1	0
I?AAD`K^?	10	13	10	1	6	2144412300	1	0
I?AAD`Kk_	10	12	10	0	5	4244224010	1	0
I?AAD`Ki_	10	12	10	1	7	1244421030	1	0
I?AAD`KM_	10	12	10	1	7	4311134020	1	0
I?AAD`Km_	10	13	10	1	6	1244421030	1	0
I?AAD`KL_	10	12	10	1	7	2344114320	1	0
I?AAD`KJ_	10	12	10	2	7	2344114320	1	0
I?AAD`KN_	10	13	10	2	6	2344114320	1	0
I?AAD`KRO	10	12	10	0	4	3033003211	1	0
I?AAD`KBo	10	12	10	1	5	4244222011	1	0
I?AAD`KKg	10	12	10	0	5	2422442101	1	0
I?AAD`Kkg	10	13	10	0	4	1311331040	1	0
I?AAD_k{?	10	12	10	1	6	1111333030	1	0
I?AAD_ky?	10	12	10	1	7	1313133000	1	0
I?AAD_ku?	10	12	10	1	7	1144422030	1	0
I?AAD_km?	10	12	10	1	6	1311133000	1	0
I?AAD_k]?	10	12	10	1	7	3311133000	1	0
I?AAD_k}?	10	13	10	1	6	1144422030	1	0
I?AAD_kRO	10	12	10	1	6	4244224011	1	0
I?AAD`k]?	10	13	10	1	6	2144412300	1	0
I?AAD`k}?	10	14	10	1	6	4114132020	1	0
I?AAD`k\?	10	13	10	1	6	2144412300	1	0
I?AAD`kZ?	10	13	10	1	5	3113113300	1	0
I?AAD`kV?	10	13	10	1	6	2144412300	1	0
I?AAD`k^?	10	14	10	1	5	2144412300	1	0
I?AAD`kM_	10	13	10	2	6	3411143202	1	0
I?AAD`km_	10	14	10	2	5	4311134020	1	0
I?AAD`kL_	10	13	10	2	7	1411413202	1	0
I?AAD`kJ_	10	13	10	2	7	3113111300	1	0
I?AAD`kF_	10	13	10	2	8	2144111300	1	0
I?AAD`kN_	10	14	10	2	7	3111141200	1	0
I?AAD`kRO	10	13	10	1	5	3133113400	1	0
I?AAD`kBo	10	13	10	2	6	4111330024	1	0
I?AAD_{{?	10	13	10	1	6	1311333000	1	0
I?AAD_{]?	10	13	10	1	6	3311133000	1	0
I?AAD_{}?	10	14	10	1	5	4411133020	1	0
I?AAD_{\?	10	13	10	1	6	3311313000	1	0
I?AAD_{Z?	10	13	10	1	6	3411143200	1	0
I?AAD_{N?	10	13	10	1	5	3311113000	1	0
I?AAD_{^?	10	14	10	1	5	3411143200	1	0
I?AAD_{RO	10	13	10	2	6	4011331024	1	0
I?AAD`{^?	10	15	10	1	4	2144412300	1	0
I?AAD`{N_	10	15	10	2	6	3111141200	1	0
I?AAD`L}?	10	14	10	2	5	1411423230	1	0
I?AAD`L^?	10	14	10	2	5	3411441230	1	0
I?AAD`Lm_	10	14	10	1	5	1311331040	1	0
I?AAD`LN_	10	14	10	2	5	3211441230	1	0
I?AAD`Lkg	10	14	10	0	3	0300330121	1	0
I?AAFbo}?	10	15	10	0	3	1111333000	1	0
I?AAFbo^?	10	15	10	1	4	1111333002	1	0
I?AAFboJ_	10	14	10	1	5	1111333002	1	0
I?AAFboN_	10	15	10	2	4	1111333002	1	0
I?AAFboBw	10	15	10	0	2	1111333004	1	0
I?AAFbg}?	10	15	10	0	4	1111133000	1	0
I?AAFbg^?	10	15	10	1	5	3111144220	1	0
I?AAFbgN_	10	15	10	2	4	4411133002	1	0
I?AAFbw}?	10	16	10	0	3	1111133000	1	0
I?AAFbw^?	10	16	10	1	4	4111133002	1	0
I?AAFbwN_	10	16	10	2	3	4411133002	1	0
I?AAF`s}?	10	15	10	1	5	1111333000	1	0
I?AAF`si_	10	14	10	2	6	1411313002	1	0
I?AAF`sm_	10	15	10	2	5	1411313002	1	0
I?AAF`k}?	10	15	10	1	5	4114132020	1	0
I?AAF`km_	10	15	10	2	6	4114131020	1	0
I?AAF`{^?	10	16	10	1	4	3111143200	1	0
I?AAF`{m_	10	16	10	2	5	1411143002	1	0
I?AAF`{N_	10	16	10	2	5	3111141200	1	0
I?AAF_u{?	10	14	10	2	5	1111333020	1	0
I?AAF_uy?	10	14	10	2	5	4411133020	1	0
I?AAF_u}?	10	15	10	2	4	4411133020	1	0
I?AAF_u\?	10	14	10	2	6	3111313000	1	0
I?AAF_uZ?	10	14	10	2	7	4411113020	1	0
I?AAF_u^?	10	15	10	2	6	4411113020	1	0
I?AAF_mu?	10	14	10	2	5	4411133020	1	0
I?AAF_m}?	10	15	10	2	4	4411133020	1	0
I?AAF_mV?	10	14	10	2	7	4414113020	1	0
I?AAF_m^?	10	15	10	2	6	4414113020	1	0
I?AAF_}N_	10	16	10	2	3	3311144200	1	0
I?AA@r_w?	10	11	10	0	5	0003333311	1	0
I?AA@r_{?	10	12	10	0	6	1111333000	1	0
I?AA@r_u?	10	12	10	0	6	1144422020	1	0
I?AA@r_m?	10	12	10	0	6	1311133000	1	0
I?AA@r_}?	10	13	10	0	5	1144422020	1	0
I?AA@r_\?	10	12	10	1	7	3111333000	1	0
I?AA@r_V?	10	12	10	1	7	3114442020	1	0
I?AA@r_N?	10	12	10	1	6	3311113030	1	0
I?AA@r_^?	10	13	10	1	6	3114442020	1	0
I?AA@r_D_	10	11	10	1	8	0003033002	1	0
I?AA@r_L_	10	12	10	1	7	3311144020	1	0
I?AA@r_F_	10	12	10	1	7	3311144020	1	0
I?AA@r_N_	10	13	10	1	6	3311144020	1	0
I?AA@r_Dg	10	12	10	1	7	4422200301	1	0
I?AA@r_Fg	10	13	10	1	6	0224441310	1	0
I?AA@r_@w	10	12	10	0	5	1133300201	1	0
I?AA@qok?	10	11	10	0	4	0300333111	1	0
I?AA@qo{?	10	12	10	0	5	1311333000	1	0
I?AA@qoy?	10	12	10	0	6	1311133000	1	0
I?AA@qom?	10	12	10	0	4	1311133000	1	0
I?AA@qo]?	10	12	10	0	5	3311133000	1	0
I?AA@qo}?	10	13	10	0	5	1311133000	1	0
I?AA@qo\?	10	12	10	1	6	3311333000	1	0
I?AA@qoR?	10	11	10	1	7	2244222002	1	0
I?AA@qoZ?	10	12	10	1	7	3311133000	1	0
I?AA@qoN?	10	12	10	1	5	3311133000	1	0
I?AA@qo^?	10	13	10	1	6	3311133000	1	0
I?AA@qoRG	10	12	10	1	6	4244222001	1	0
I?AA@qoPW	10	12	10	0	5	4244422001	1	0
I?AA@ro{?	10	13	10	0	5	1111333000	1	0
I?AA@roy?	10	13	10	0	6	1111133000	1	0
I?AA@ro}?	10	14	10	0	5	1111133000	1	0
I?AA@ro\?	10	13	10	1	6	3111333000	1	0
I?AA@roZ?	10	13	10	1	7	3111133000	1	0
I?AA@ro^?	10	14	10	1	6	3111133000	1	0
I?AA@roL_	10	13	10	2	6	4411133002	1	0
I?AA@roJ_	10	13	10	2	6	4411133002	1	0
I?AA@roN_	10	14	10	2	5	3311144020	1	0
I?AA@ow{?	10	12	10	0	5	3311133000	1	0
I?AA@owM?	10	11	10	0	2	3300033111	1	0
I?AA@owm?	10	12	10	0	3	3311133000	1	0
I?AA@ow}?	10	13	10	0	4	3311133000	1	0
I?AA@owoW	10	12	10	0	4	3311133001	1	0
I?AA@qw{?	10	13	10	0	5	1311133000	1	0
I?AA@qwm?	10	13	10	0	3	1311133000	1	0
I?AA@qw]?	10	13	10	0	4	3311133000	1	0
I?AA@qw}?	10	14	10	0	4	1311133000	1	0
I?AA@qw\?	10	13	10	1	6	3311133000	1	0
I?AA@qwN?	10	13	10	1	4	3311133000	1	0
I?AA@qw^?	10	14	10	1	5	3311133000	1	0
I?AA@rw}?	10	15	10	0	4	1111133000	1	0
I?AA@rw^?	10	15	10	1	5	3111133000	1	0
I?AA@rwN_	10	15	10	2	4	4411133002	1	0
I?AADro}?	10	15	10	0	4	1111133000	1	0
I?AADro\?	10	14	10	1	6	1111333000	1	0
I?AADroZ?	10	14	10	1	6	4114132002	1	0
I?AADro^?	10	15	10	1	5	3111144220	1	0
I?AADrom_	10	15	10	1	5	1311133000	1	0
I?AADroL_	10	14	10	2	5	4411133002	1	0
I?AADroJ_	10	14	10	2	5	4411133002	1	0
I?AADroN_	10	15	10	2	4	4411133002	1	0
I?AADqw}?	10	15	10	0	3	1311133000	1	0
I?AADqw\?	10	14	10	1	5	1311133002	1	0
I?AADqw^?	10	15	10	1	4	1311133002	1	0
I?AADpw{?	10	14	10	0	5	1111133000	1	0
I?AADpwm?	10	14	10	0	4	1311133000	1	0
I?AADpw}?	10	15	10	0	4	1111133000	1	0
I?AADpw\?	10	14	10	1	5	4311134022	1	0
I?AADpwN?	10	14	10	1	5	3311133000	1	0
I?AADpw^?	10	15	10	1	4	3411143200	1	0
I?AADpwL_	10	14	10	2	5	4411133002	1	0
I?AADpwN_	10	15	10	2	4	3311144220	1	0
I?AADrw}?	10	16	10	0	3	1111133000	1	0
I?AADrw^?	10	16	10	1	4	4111133002	1	0
I?AADrwm_	10	16	10	1	4	1311133000	1	0
I?AADrwN_	10	16	10	2	3	4411133002	1	0
I?AADps}?	10	15	10	1	5	4111432020	1	0
I?AADps\?	10	14	10	1	5	3111313200	1	0
I?AADpsZ?	10	14	10	1	5	4311134022	1	0
I?AADps^?	10	15	10	1	4	3411143200	1	0
I?AADpsm_	10	15	10	2	4	4311134020	1	0
I?AADpsL_	10	14	10	2	6	4111431022	1	0
I?AADpsJ_	10	14	10	2	7	4414113002	1	0
I?AADpsN_	10	15	10	2	6	4311114020	1	0
I?AADo{{?	10	14	10	1	5	4411133020	1	0
I?AADo{m?	10	14	10	1	4	1311133000	1	0
I?AADo{}?	10	15	10	1	4	4411133020	1	0
I?AADp{^?	10	16	10	1	3	3411143200	1	0
I?AADp{N_	10	16	10	2	5	3111141200	1	0
I?AAFrw}?	10	17	10	0	2	1111133000	1	0
I?AAFp{}?	10	17	10	1	3	4111133020	1	0
I?AAFo}}?	10	17	10	2	2	4411133020	1	0
I?AAFo}^?	10	17	10	2	4	4411113020	1	0
I?AEB?ow?	10	10	10	0	5	0003331131	1	0
I?AEB?os?	10	10	10	0	6	0030331331	1	0
I?AEB?ok?	10	10	10	0	6	0300333311	1	0
I?AEB?o[?	10	10	10	0	5	3000333111	1	0
I?AEB?o{?	10	11	10	0	6	1113330030	1	0
I?AEB?oq?	10	10	10	0	6	0033311131	1	0
I?AEB?oi?	10	10	10	0	7	0303033331	1	0
I?AEB?oY?	10	10	10	0	6	3003331111	1	0
I?AEB?oy?	10	11	10	0	6	1113330030	1	0
I?AEB?oe?	10	10	10	0	7	0330033331	1	0
I?AEB?ou?	10	11	10	0	7	1131130330	1	0
I?AEB?om?	10	11	10	0	7	1144422200	1	0
I?AEB?o]?	10	11	10	0	6	3111333000	1	0
I?AEB?o}?	10	12	10	0	6	1144422200	1	0
I?AEB?oX?	10	10	10	1	6	3003331111	1	0
I?AEB?oD?	10	9	10	1	7	0002000033	1	0
I?AEB?oT?	10	10	10	1	7	3030303331	1	0
I?AEB?oL?	10	10	10	1	6	3300303311	1	0
I?AEB?o\?	10	11	10	1	6	3111333000	1	0
I?AEB?oZ?	10	11	10	1	7	3113113030	1	0
I?AEB?oF?	10	10	10	1	7	2224442220	1	0
I?AEB?oV?	10	11	10	1	7	3131113330	1	0
I?AEB?oN?	10	11	10	1	7	3311113300	1	0
I?AEB?o^?	10	12	10	1	6	4114442220	1	0
I?AEB?oK_	10	10	10	1	6	3300330311	1	0
I?AEB?oI_	10	10	10	1	7	3303030331	1	0
I?AEB?oM_	10	11	10	1	7	3311131300	1	0
I?AEB?oL_	10	11	10	1	7	0311311300	1	0
I?AEB?oN_	10	12	10	1	7	3311111330	1	0
I?AEB?ocO	10	10	10	1	7	0330333031	1	0
I?AEB?oaO	10	10	10	1	7	0333033031	1	0
I?AEB?oeO	10	11	10	1	7	1331133130	1	0
I?AEB?ooG	10	10	10	1	6	0033331301	1	0
I?AEB?oaG	10	10	10	1	7	0333033301	1	0
I?AEB?oqG	10	11	10	1	7	1133130310	1	0
I?AEBAo{?	10	12	10	0	5	0222444111	1	0
I?AEBAou?	10	12	10	0	6	0022244411	1	0
I?AEBAom?	10	12	10	0	6	0300033311	1	0
I?AEBAo]?	10	12	10	0	6	1144422200	1	0
I?AEBAo}?	10	13	10	0	5	1144422200	1	0
I?AEBAoX?	10	11	10	1	7	0003331111	1	0
I?AEBAo\?	10	12	10	1	7	2444111330	1	0
I?AEBAoZ?	10	12	10	1	7	2441113330	1	0
I?AEBAoV?	10	12	10	1	7	2444111330	1	0
I?AEBAoN?	10	12	10	1	7	2244111330	1	0
I?AEBAo^?	10	13	10	1	6	2444111330	1	0
I?AEBAoM_	10	12	10	1	7	2244111330	1	0
I?AEBAoL_	10	12	10	2	7	2244111330	1	0
I?AEBAoN_	10	13	10	2	6	0033311142	1	0
I?AEBAoeO	10	12	10	1	7	2300033011	1	0
I?AEBBo}?	10	14	10	0	4	1144422200	1	0
I?AEBBoN?	10	13	10	1	6	4411133002	1	0
I?AEBBo^?	10	14	10	1	5	3111442220	1	0
I?AEBBoL_	10	13	10	2	6	4411133002	1	0
I?AEBBoJ_	10	13	10	1	6	4411133002	1	0
I?AEBBoN_	10	14	10	2	5	3311144220	1	0
I?AEBBoDo	10	13	10	1	6	0003331112	1	0
I?AEBBoBo	10	13	10	0	5	1444222001	1	0
I?AEBBoFo	10	14	10	1	5	0003331112	1	0
I?AEBBoBw	10	14	10	0	4	1444222001	1	0
I?AEB?Ww?	10	10	10	0	5	0003331131	1	0
I?AEB?Ws?	10	10	10	0	6	0030331331	1	0
I?AEB?Wk?	10	10	10	0	7	0300333331	1	0
I?AEB?W[?	10	10	10	0	6	3000333131	1	0
I?AEB?W{?	10	11	10	0	6	1113330030	1	0
I?AEB?We?	10	10	10	0	6	0330033311	1	0
I?AEB?WU?	10	10	10	0	6	3030033311	1	0
I?AEB?Wu?	10	11	10	0	7	1131130300	1	0
I?AEB?WM?	10	10	10	0	6	2244422200	1	0
I?AEB?Wm?	10	11	10	0	7	1311133300	1	0
I?AEB?W]?	10	11	10	0	7	3111133000	1	0
I?AEB?W}?	10	12	10	0	6	1144422200	1	0
I?AEB?WH?	10	9	10	1	7	0003300020	1	0
I?AEB?WX?	10	10	10	1	6	3003303131	1	0
I?AEB?WT?	10	10	10	1	7	3030303331	1	0
I?AEB?WL?	10	10	10	1	7	2244242220	1	0
I?AEB?W\?	10	11	10	1	7	3111313030	1	0
I?AEB?WV?	10	11	10	1	7	3131113300	1	0
I?AEB?WN?	10	11	10	1	7	2244442200	1	0
I?AEB?W^?	10	12	10	1	7	3111113330	1	0
I?AEB?WcO	10	10	10	1	7	0330333031	1	0
I?AEB?WeO	10	11	10	1	7	1331133100	1	0
I?AEB?WoG	10	10	10	0	6	0033331301	1	0
I?AEB?WgG	10	10	10	0	7	0303333301	1	0
I?AEB?WWG	10	10	10	0	6	3003333101	1	0
I?AEB?WwG	10	11	10	0	6	1113330030	1	0
I?AEB?WPG	10	10	10	1	7	3033303301	1	0
I?AEB?WHG	10	10	10	1	7	3303303301	1	0
I?AEB?WXG	10	11	10	1	7	3113313010	1	0
I?AEB?W_W	10	10	10	1	7	0333333001	1	0
I?AEBBW{?	10	13	10	0	5	0022244411	1	0
I?AEBBW}?	10	14	10	0	4	4411133300	1	0
I?AEBBWN?	10	13	10	1	6	4411133002	1	0
I?AEBBW^?	10	14	10	1	6	1411113300	1	0
I?AEBBWM_	10	13	10	1	6	4411133002	1	0
I?AEBBWL_	10	13	10	2	6	4411133002	1	0
I?AEBBWF_	10	13	10	2	6	4411133302	1	0
I?AEBBWN_	10	14	10	2	5	3311144220	1	0
I?AEBBWFO	10	13	10	2	6	4411133302	1	0
I?AEBBWEo	10	13	10	2	6	4441113302	1	0
I?AEBBWDo	10	13	10	1	6	0033311140	1	0
I?AEBBWFo	10	14	10	2	5	3331114420	1	0
I?AEB?ww?	10	11	10	0	6	0003331131	1	0
I?AEB?ws?	10	11	10	0	6	0022244414	1	0
I?AEB?w[?	10	11	10	0	6	3000333111	1	0
I?AEB?w{?	10	12	10	0	6	1144422200	1	0
I?AEB?wu?	10	12	10	0	6	1144422200	1	0
I?AEB?wm?	10	12	10	0	6	1311133300	1	0
I?AEB?w]?	10	12	10	0	6	3111133000	1	0
I?AEB?w}?	10	13	10	0	5	1144422200	1	0
I?AEB?wX?	10	11	10	1	7	3003331111	1	0
I?AEB?w\?	10	12	10	1	7	3111333000	1	0
I?AEB?wF?	10	11	10	1	7	2224422200	1	0
I?AEB?wV?	10	12	10	1	7	3411113300	1	0
I?AEB?wN?	10	12	10	1	6	3311113300	1	0
I?AEB?w^?	10	13	10	1	6	3114442200	1	0
I?AEB?wM_	10	12	10	1	6	3311131300	1	0
I?AEB?wH_	10	11	10	1	7	1303300331	1	0
I?AEB?wL_	10	12	10	1	7	3311144220	1	0
I?AEB?wF_	10	12	10	1	7	0224441130	1	0
I?AEB?wN_	10	13	10	1	6	3311114300	1	0
I?AEB?wcO	10	11	10	1	8	0220222024	1	0
I?AEB?weO	10	12	10	1	7	1244422400	1	0
I?AEB?wDO	10	11	10	1	8	2442222024	1	0
I?AEB?wFO	10	12	10	1	7	0224441130	1	0
I?AEB?wCo	10	11	10	1	7	1113330031	1	0
I?AEB?wEo	10	12	10	1	7	2224411130	1	0
I?AEB?w@o	10	11	10	0	6	1133300021	1	0
I?AEB?wDo	10	12	10	1	7	0022244130	1	0
I?AEB?wFo	10	13	10	1	6	2224411130	1	0
I?AEB?w@w	10	12	10	0	5	1144422201	1	0
I?AEBAw]?	10	13	10	0	5	1144422200	1	0
I?AEBAw}?	10	14	10	0	4	4411133300	1	0
I?AEBAw\?	10	13	10	1	7	1114442200	1	0
I?AEBAwV?	10	13	10	1	7	1114442200	1	0
I?AEBAwN?	10	13	10	1	6	4411133002	1	0
I?AEBAw^?	10	14	10	1	6	3000022441	1	0
I?AEBAwM_	10	13	10	1	6	4411133002	1	0
I?AEBAwL_	10	13	10	2	6	4411133002	1	0
I?AEBAwF_	10	13	10	2	6	4411133002	1	0
I?AEBAwN_	10	14	10	2	5	3311144220	1	0
I?AEBAwFO	10	13	10	2	6	4441113302	1	0
I?AEBAwDo	10	13	10	1	6	0022244410	1	0
I?AEBAwFo	10	14	10	2	5	2224411130	1	0
I?AEB@w}?	10	14	10	0	4	4411133300	1	0
I?AEB@wN?	10	13	10	1	6	3411113300	1	0
I?AEB@w^?	10	14	10	1	5	3114442200	1	0
I?AEB@wM_	10	13	10	1	6	4411133002	1	0
I?AEB@wL_	10	13	10	1	6	4411133002	1	0
I?AEB@wF_	10	13	10	1	6	0331114420	1	0
I?AEB@wN_	10	14	10	1	5	3311144220	1	0
I?AEB@wDo	10	13	10	1	6	0003311142	1	0
I?AEB@wFo	10	14	10	2	5	0003311142	1	0
I?AEBBw}?	10	15	10	0	3	4411133300	1	0
I?AEBBw^?	10	15	10	1	5	1411113300	1	0
I?AEBBwN_	10	15	10	2	4	4411133002	1	0
I?AEBBwFo	10	15	10	2	4	0003311142	1	0
I?AEB?cw?	10	10	10	1	5	0003331131	1	0
I?AEB?cs?	10	10	10	1	6	0033311131	1	0
I?AEB?ck?	10	10	10	1	7	0300333331	1	0
I?AEB?c{?	10	11	10	1	6	1113330030	1	0
I?AEB?cu?	10	11	10	1	7	1131130330	1	0
I?AEB?cm?	10	11	10	1	7	1311133330	1	0
I?AEB?c}?	10	12	10	1	6	1144422240	1	0
I?AEB@cm?	10	12	10	1	6	3113330002	1	0
I?AEB@c}?	10	13	10	1	5	3113330002	1	0
I?AEB@cN?	10	12	10	1	6	4114442220	1	0
I?AEB@c^?	10	13	10	1	5	4114442220	1	0
I?AEB@cM_	10	12	10	1	7	0241141330	1	0
I?AEB@cH_	10	11	10	1	6	2002202444	1	0
I?AEB@cL_	10	12	10	1	7	3003303111	1	0
I?AEB@cF_	10	12	10	1	7	0003331112	1	0
I?AEB@cN_	10	13	10	1	6	1003303114	1	0
I?AEB?sw?	10	11	10	1	6	0003331131	1	0
I?AEB?ss?	10	11	10	1	7	0033311131	1	0
I?AEB?s[?	10	11	10	1	6	3000333111	1	0
I?AEB?s{?	10	12	10	1	7	1144222030	1	0
I?AEB?sq?	10	11	10	1	7	0033311131	1	0
I?AEB?sy?	10	12	10	1	7	1113330020	1	0
I?AEB?su?	10	12	10	1	7	1144422030	1	0
I?AEB?sm?	10	12	10	1	7	1144422030	1	0
I?AEB?s]?	10	12	10	1	7	3111333000	1	0
I?AEB?s}?	10	13	10	1	6	1144422030	1	0
I?AEB?sX?	10	11	10	1	6	3003303111	1	0
I?AEB?s\?	10	12	10	1	6	3111313000	1	0
I?AEB?sZ?	10	12	10	1	7	3113313000	1	0
I?AEB?sV?	10	12	10	1	7	3411113300	1	0
I?AEB?sN?	10	12	10	1	6	3311113300	1	0
I?AEB?s^?	10	13	10	1	6	3114442200	1	0
I?AEB?scO	10	11	10	2	8	0313313001	1	0
I?AEB?saO	10	11	10	1	8	0313313001	1	0
I?AEB?seO	10	12	10	2	8	1224422130	1	0
I?AEB@s}?	10	14	10	1	6	1411113300	1	0
I?AEB@s^?	10	14	10	1	5	3114442200	1	0
I?AEB@sL_	10	13	10	1	7	0311311300	1	0
I?AEB@sJ_	10	13	10	1	7	2414113002	1	0
I?AEB@sN_	10	14	10	1	6	0311414220	1	0
I?AEB@sFo	10	14	10	2	5	0331114420	1	0
I?AEB@[}?	10	14	10	1	6	1411113300	1	0
I?AEB@[N?	10	13	10	1	6	3411113300	1	0
I?AEB@[^?	10	14	10	1	5	3411113300	1	0
I?AEB@[M_	10	13	10	1	7	4411113302	1	0
I?AEB@[L_	10	13	10	1	7	2411413002	1	0
I?AEB@[N_	10	14	10	1	6	3311114420	1	0
I?AEB@[Do	10	13	10	1	6	2441113302	1	0
I?AEB@[Fo	10	14	10	1	5	0331114420	1	0
I?AEB?{}?	10	14	10	1	5	4411133020	1	0
I?AEB?{\?	10	13	10	1	6	3411113300	1	0
I?AEB?{N?	10	13	10	1	5	3311113300	1	0
I?AEB?{^?	10	14	10	1	5	3411113300	1	0
I?AEB@{^?	10	15	10	1	4	3411113300	1	0
I?AEB@{N_	10	15	10	1	5	4411113302	1	0
I?AEBAX]?	10	13	10	1	7	1144422200	1	0
I?AEBAX}?	10	14	10	1	6	4111133100	1	0
I?AEBAX\?	10	13	10	2	7	4331133402	1	0
I?AEBAXV?	10	13	10	2	7	4331133402	1	0
I?AEBAXN?	10	13	10	2	7	4331133402	1	0
I?AEBAX^?	10	14	10	2	6	3441144320	1	0
I?AEF@o{?	10	13	10	0	4	0222444111	1	0
I?AEF@oy?	10	13	10	0	5	0003331111	1	0
I?AEF@ou?	10	13	10	0	5	0022244411	1	0
I?AEF@om?	10	13	10	0	5	0022244411	1	0
I?AEF@o]?	10	13	10	0	5	0022244411	1	0
I?AEF@o}?	10	14	10	0	4	1144422200	1	0
I?AEF@o\?	10	13	10	1	6	3002224411	1	0
I?AEF@oZ?	10	13	10	1	6	3002224411	1	0
I?AEF@oV?	10	13	10	1	6	3002224411	1	0
I?AEF@oN?	10	13	10	1	6	2000331114	1	0
I?AEF@o^?	10	14	10	1	5	3114442200	1	0
I?AEF@oM_	10	13	10	1	6	2244111330	1	0
I?AEF@oL_	10	13	10	2	6	2244111330	1	0
I?AEF@oN_	10	14	10	2	5	0033311142	1	0
I?AEFBo}?	10	15	10	0	3	0022244411	1	0
I?AEFBo^?	10	15	10	1	4	2000331114	1	0
I?AEFBoN_	10	15	10	2	4	2244111330	1	0
I?AEF?wu?	10	13	10	0	5	0022244411	1	0
I?AEF?wm?	10	13	10	0	5	0022244411	1	0
I?AEF?w]?	10	13	10	0	5	1144422200	1	0
I?AEF?w}?	10	14	10	0	4	1144422200	1	0
I?AEF?w\?	10	13	10	1	6	2441113300	1	0
I?AEF?wV?	10	13	10	1	6	2441113300	1	0
I?AEF?wN?	10	13	10	1	6	2244411300	1	0
I?AEF?w^?	10	14	10	1	5	2441113300	1	0
I?AEF?wM_	10	13	10	1	6	2244411300	1	0
I?AEF?wL_	10	13	10	1	6	0033311422	1	0
I?AEF?wF_	10	13	10	1	6	2224411130	1	0
I?AEF?wN_	10	14	10	1	5	0033311422	1	0
I?AEF?wDo	10	13	10	1	6	4422200031	1	0
I?AEF?wFo	10	14	10	1	5	2224411130	1	0
I?AEF?w@w	10	13	10	0	4	1133300021	1	0
I?AEF@w{?	10	14	10	0	4	0022244411	1	0
I?AEF@w}?	10	15	10	0	3	1144422200	1	0
I?AEF@wN?	10	14	10	1	5	2200033114	1	0
I?AEF@w^?	10	15	10	1	4	3114442200	1	0
I?AEF@wM_	10	14	10	1	5	0033311142	1	0
I?AEF@wL_	10	14	10	2	5	0033311142	1	0
I?AEF@wF_	10	14	10	2	5	0003311142	1	0
I?AEF@wN_	10	15	10	2	4	0033311142	1	0
I?AEF@wFo	10	15	10	2	4	0224441130	1	0
I?AEFBw^?	10	16	10	1	4	4411113300	1	0
I?AEFBwN_	10	16	10	2	3	0033311142	1	0
I?AEFBwFo	10	16	10	2	3	0003311142	1	0
I?AEF@c{?	10	13	10	1	5	0003331111	1	0
I?AEF@cu?	10	13	10	1	6	0003311114	1	0
I?AEF@c]?	10	13	10	1	6	3002224411	1	0
I?AEF@c}?	10	14	10	1	5	1113300002	1	0
I?AEF@c\?	10	13	10	1	6	3002224411	1	0
I?AEF@cV?	10	13	10	1	6	3002224411	1	0
I?AEF@cN?	10	13	10	1	6	0003331114	1	0
I?AEF@c^?	10	14	10	1	5	3114442200	1	0
I?AEF@cM_	10	13	10	2	7	2244441130	1	0
I?AEF@cH_	10	12	10	2	7	0002224442	1	0
I?AEF@cL_	10	13	10	2	7	2244441130	1	0
I?AEF@cN_	10	14	10	2	6	2244441130	1	0
I?AEF@ceG	10	13	10	2	7	3113313004	1	0
I?AEF?s]?	10	13	10	1	6	2441113300	1	0
I?AEF?s}?	10	14	10	1	5	1144422030	1	0
I?AEF?s\?	10	13	10	1	6	2441113300	1	0
I?AEF?sZ?	10	13	10	1	6	2441113300	1	0
I?AEF?sV?	10	13	10	1	6	2441113300	1	0
I?AEF?sN?	10	13	10	1	6	0033311422	1	0
I?AEF?s^?	10	14	10	1	5	2441113300	1	0
I?AEF?sqG	10	13	10	1	6	0033311121	1	0
I?AEF@s{?	10	14	10	1	5	2000333111	1	0
I?AEF@s}?	10	15	10	1	5	1114442200	1	0
I?AEF@s^?	10	15	10	1	4	3114442200	1	0
I?AEF@sL_	10	14	10	2	6	4411113302	1	0
I?AEF@sJ_	10	14	10	2	6	4411113302	1	0
I?AEF@sN_	10	15	10	2	5	0033331142	1	0
I?AEF@sDo	10	14	10	2	5	4113130024	1	0
I?AEF@sFo	10	15	10	2	4	0224441130	1	0
I?AEF@[{?	10	14	10	1	5	2000331141	1	0
I?AEF@[}?	10	15	10	1	5	4111133020	1	0
I?AEF@[N?	10	14	10	1	5	2441113300	1	0
I?AEF@[^?	10	15	10	1	4	3114442200	1	0
I?AEF@[M_	10	14	10	2	6	0033331142	1	0
I?AEF@[L_	10	14	10	2	6	4411113302	1	0
I?AEF@[N_	10	15	10	2	5	3311114420	1	0
I?AEF@[Do	10	14	10	1	5	4113130024	1	0
I?AEF@[Fo	10	15	10	1	4	0224441130	1	0
I?AEF?{{?	10	14	10	1	5	0003331141	1	0
I?AEF?{}?	10	15	10	1	4	1144422030	1	0
I?AEF?{\?	10	14	10	1	5	2441113300	1	0
I?AEF?{N?	10	14	10	1	5	2244411300	1	0
I?AEF?{^?	10	15	10	1	4	2441113300	1	0
I?AEF@{^?	10	16	10	1	3	3114442200	1	0
I?AEF@{N_	10	16	10	2	4	3311114420	1	0
I?AE@b_{?	10	12	10	0	5	0003331311	1	0
I?AE@b_m?	10	12	10	0	6	0022244141	1	0
I?AE@b_]?	10	12	10	0	6	1144422020	1	0
I?AE@b_}?	10	13	10	0	5	1144422020	1	0
I?AE@b_\?	10	12	10	1	7	0003331311	1	0
I?AE@b_Z?	10	12	10	1	7	0003331311	1	0
I?AE@b_V?	10	12	10	1	7	2441113030	1	0
I?AE@b_N?	10	12	10	1	7	0033311312	1	0
I?AE@b_^?	10	13	10	1	6	0003331114	1	0
I?AE@b_K_	10	11	10	1	7	0003331310	1	0
I?AE@b_M_	10	12	10	1	7	2244411030	1	0
I?AE@b_L_	10	12	10	1	7	0033311310	1	0
I?AE@b_J_	10	12	10	1	7	0033311310	1	0
I?AE@b_F_	10	12	10	1	6	2224441410	1	0
I?AE@b_N_	10	13	10	1	6	0033311312	1	0
I?AE@b_RO	10	12	10	1	7	1114442420	1	0
I?AE@b_Ao	10	11	10	0	7	0003331110	1	0
I?AE@b_@o	10	11	10	0	6	0033311310	1	0
I?AE@b_Bo	10	12	10	0	6	0333111440	1	0
I?AE@b_Dg	10	12	10	1	5	1133300301	1	0
I?AE@b_Fg	10	13	10	1	5	2224441410	1	0
I?AE@b_Bw	10	13	10	0	5	0222444110	1	0
I?AE@ao{?	10	12	10	0	5	0300333111	1	0
I?AE@aoy?	10	12	10	0	7	0003331311	1	0
I?AE@ao]?	10	12	10	0	6	2144111330	1	0
I?AE@ao}?	10	13	10	0	6	1311333000	1	0
I?AE@ao\?	10	12	10	1	6	3300333111	1	0
I?AE@aoZ?	10	12	10	1	6	2300333114	1	0
I?AE@aoN?	10	12	10	1	6	3300333111	1	0
I?AE@ao^?	10	13	10	1	5	2144111330	1	0
I?AE@aoK_	10	11	10	1	5	3300333111	1	0
I?AE@aoM_	10	12	10	1	6	3300333111	1	0
I?AE@aoL_	10	12	10	1	6	3300333111	1	0
I?AE@aoJ_	10	12	10	1	6	2144111330	1	0
I?AE@aoN_	10	13	10	1	5	2300333114	1	0
I?AE@aoQO	10	11	10	1	7	0033000220	1	0
I?AE@aoqO	10	12	10	1	7	2000033031	1	0
I?AE@aoPO	10	11	10	1	7	0033000220	1	0
I?AE@aoRO	10	12	10	1	6	0422444110	1	0
I?AE@aoAo	10	11	10	0	7	0300331110	1	0
I?AE@ao@o	10	11	10	0	7	0022000330	1	0
I?AE@aoBo	10	12	10	0	6	0133111440	1	0
I?AE@aoRW	10	13	10	1	5	0300333112	1	0
I?AE@aoBw	10	13	10	0	5	0222444110	1	0
I?AE@`ow?	10	11	10	0	6	0003331311	1	0
I?AE@`ok?	10	11	10	0	5	0022000333	1	0
I?AE@`o[?	10	11	10	0	4	3000333111	1	0
I?AE@`o{?	10	12	10	0	5	1444222000	1	0
I?AE@`oy?	10	12	10	0	7	1113330300	1	0
I?AE@`om?	10	12	10	0	6	2244222000	1	0
I?AE@`o]?	10	12	10	0	5	3111333000	1	0
I?AE@`o}?	10	13	10	0	6	1144422300	1	0
I?AE@`oL?	10	11	10	1	5	3300333111	1	0
I?AE@`o\?	10	12	10	1	5	3111333000	1	0
I?AE@`oZ?	10	12	10	1	7	3111333000	1	0
I?AE@`oN?	10	12	10	1	6	3311333000	1	0
I?AE@`o^?	10	13	10	1	6	3111333000	1	0
I?AE@`oK_	10	11	10	1	5	3300333111	1	0
I?AE@`oM_	10	12	10	1	6	3311333000	1	0
I?AE@`oH_	10	11	10	1	7	1133300331	1	0
I?AE@`oL_	10	12	10	1	6	3311333000	1	0
I?AE@`oJ_	10	12	10	1	7	0311444220	1	0
I?AE@`oN_	10	13	10	1	6	4411133002	1	0
I?AE@`ooO	10	11	10	1	6	0033311241	1	0
I?AE@`oaO	10	11	10	1	7	3111333001	1	0
I?AE@`oqO	10	12	10	1	7	4422200130	1	0
I?AE@`oPO	10	11	10	1	7	3111333001	1	0
I?AE@`oBO	10	11	10	0	7	3111333001	1	0
I?AE@`oRO	10	12	10	1	7	1133111440	1	0
I?AE@`oAo	10	11	10	0	7	3111330001	1	0
I?AE@`o@o	10	11	10	0	7	3111330001	1	0
I?AE@`oBo	10	12	10	0	6	0222444110	1	0
I?AE@`oBw	10	13	10	0	5	0222444110	1	0
I?AE@bo}?	10	14	10	0	5	1144422300	1	0
I?AE@bo\?	10	13	10	1	6	3111333000	1	0
I?AE@bo^?	10	14	10	1	5	3111442220	1	0
I?AE@boL_	10	13	10	2	6	4411133002	1	0
I?AE@boN_	10	14	10	2	5	3311144020	1	0
I?AE@bG{?	10	12	10	0	6	0033311311	1	0
I?AE@bGy?	10	12	10	0	5	0033031311	1	0
I?AE@bGm?	10	12	10	0	6	0022244141	1	0
I?AE@bG]?	10	12	10	0	6	1144422020	1	0
I?AE@bG}?	10	13	10	0	5	1144422020	1	0
I?AE@bG\?	10	12	10	1	7	2411313030	1	0
I?AE@bGZ?	10	12	10	1	7	0033031311	1	0
I?AE@bGN?	10	12	10	1	7	2244411030	1	0
I?AE@bG^?	10	13	10	1	6	0033031214	1	0
I?AE@bGPO	10	11	10	1	7	0033311311	1	0
I?AE@bGRO	10	12	10	1	7	1144142420	1	0
I?AE@`gw?	10	11	10	0	6	0003331311	1	0
I?AE@`gs?	10	11	10	0	7	0030331331	1	0
I?AE@`gk?	10	11	10	0	7	0200222424	1	0
I?AE@`g[?	10	11	10	0	6	3000333111	1	0
I?AE@`g{?	10	12	10	0	7	1113330300	1	0
I?AE@`gy?	10	12	10	0	6	1113130300	1	0
I?AE@`gu?	10	12	10	0	7	4111133000	1	0
I?AE@`gm?	10	12	10	0	7	4111133000	1	0
I?AE@`g]?	10	12	10	0	6	3111133000	1	0
I?AE@`g}?	10	13	10	0	6	4111133000	1	0
I?AE@`g\?	10	12	10	1	7	3111333000	1	0
I?AE@`gZ?	10	12	10	1	6	3113113300	1	0
I?AE@`gF?	10	11	10	1	8	2244422000	1	0
I?AE@`gV?	10	12	10	1	8	3111113300	1	0
I?AE@`gN?	10	12	10	1	7	3311133000	1	0
I?AE@`g^?	10	13	10	1	7	3111113300	1	0
I?AE@`gK_	10	11	10	1	7	3300330131	1	0
I?AE@`gM_	10	12	10	1	7	3311134020	1	0
I?AE@`gH_	10	11	10	1	7	1133300331	1	0
I?AE@`gD_	10	11	10	1	7	4422200224	1	0
I?AE@`gL_	10	12	10	1	7	0311314020	1	0
I?AE@`gB_	10	11	10	1	7	4422200224	1	0
I?AE@`gJ_	10	12	10	1	7	3311144020	1	0
I?AE@`gF_	10	12	10	1	7	2244411030	1	0
I?AE@`gN_	10	13	10	1	6	3311144020	1	0
I?AE@`goO	10	11	10	1	6	0033311241	1	0
I?AE@`gaO	10	11	10	1	8	0222022024	1	0
I?AE@`gqO	10	12	10	1	7	1422420130	1	0
I?AE@`gPO	10	11	10	1	8	2022202024	1	0
I?AE@`gBO	10	11	10	1	8	2244222024	1	0
I?AE@`gRO	10	12	10	2	8	3113113100	1	0
I?AE@`gAo	10	11	10	1	8	3113330001	1	0
I?AE@`g@o	10	11	10	0	7	4222200024	1	0
I?AE@`gBo	10	12	10	1	7	0222441130	1	0
I?AE@`gDg	10	12	10	1	6	1442422401	1	0
I?AE@bg]?	10	13	10	0	6	4111133000	1	0
I?AE@bg}?	10	14	10	0	5	4111133000	1	0
I?AE@bg\?	10	13	10	1	7	4111430202	1	0
I?AE@bgZ?	10	13	10	1	7	1113113300	1	0
I?AE@bgV?	10	13	10	1	7	4111133002	1	0
I?AE@bgN?	10	13	10	1	6	4411133002	1	0
I?AE@bg^?	10	14	10	1	6	3111144220	1	0
I?AE@bgL_	10	13	10	1	6	4411133002	1	0
I?AE@bgJ_	10	13	10	2	6	4411133002	1	0
I?AE@bgF_	10	13	10	2	6	4411133002	1	0
I?AE@bgN_	10	14	10	2	5	3311144020	1	0
I?AE@_ww?	10	11	10	0	7	0003331331	1	0
I?AE@_wk?	10	11	10	0	5	3300333111	1	0
I?AE@_w[?	10	11	10	0	5	3300333111	1	0
I?AE@_w{?	10	12	10	0	6	2244222000	1	0
I?AE@_wq?	10	11	10	0	7	0022024224	1	0
I?AE@_wy?	10	12	10	0	7	4111133000	1	0
I?AE@_wM?	10	11	10	0	4	3300033111	1	0
I?AE@_wm?	10	12	10	0	5	3311133000	1	0
I?AE@_w]?	10	12	10	0	5	3311133000	1	0
I?AE@_w}?	10	13	10	0	6	4111133000	1	0
I?AE@_w\?	10	12	10	1	6	3311333000	1	0
I?AE@_wR?	10	11	10	1	7	2244422002	1	0
I?AE@_wZ?	10	12	10	1	7	3311133000	1	0
I?AE@_w^?	10	13	10	1	6	3311133000	1	0
I?AE@_woO	10	11	10	0	6	0033311241	1	0
I?AE@_waO	10	11	10	1	7	3311133001	1	0
I?AE@_wQO	10	11	10	1	7	3311133001	1	0
I?AE@_wqO	10	12	10	1	7	4422200130	1	0
I?AE@_wPO	10	11	10	1	7	3311133001	1	0
I?AE@_wRO	10	12	10	2	7	3300333112	1	0
I?AE@_wPW	10	12	10	1	6	3311133001	1	0
I?AE@aw]?	10	13	10	0	6	3311133000	1	0
I?AE@aw}?	10	14	10	0	5	4111133000	1	0
I?AE@aw\?	10	13	10	1	6	4311133002	1	0
I?AE@awZ?	10	13	10	1	6	4311133002	1	0
I?AE@awN?	10	13	10	1	6	3311133000	1	0
I?AE@aw^?	10	14	10	1	5	3411144220	1	0
I?AE@awM_	10	13	10	1	6	3311133000	1	0
I?AE@awL_	10	13	10	1	6	4311133002	1	0
I?AE@awJ_	10	13	10	1	6	4311133002	1	0
I?AE@awN_	10	14	10	1	5	3311144220	1	0
I?AE@`w{?	10	13	10	0	6	3111333000	1	0
I?AE@`w]?	10	13	10	0	5	3111133000	1	0
I?AE@`w}?	10	14	10	0	5	4111133000	1	0
I?AE@`w\?	10	13	10	1	6	3111333000	1	0
I?AE@`wZ?	10	13	10	1	7	3111113300	1	0
I?AE@`wN?	10	13	10	1	6	3311133000	1	0
I?AE@`w^?	10	14	10	1	6	3111113300	1	0
I?AE@`wL_	10	13	10	1	6	4411133002	1	0
I?AE@`wN_	10	14	10	1	5	3311144020	1	0
I?AE@bw}?	10	15	10	0	4	4111133000	1	0
I?AE@bw^?	10	15	10	1	5	4111133002	1	0
I?AE@bwN_	10	15	10	2	4	4411133002	1	0
I?AE@`cw?	10	11	10	1	6	0003331311	1	0
I?AE@`cs?	10	11	10	1	7	0033311311	1	0
I?AE@`ck?	10	11	10	1	7	0300333131	1	0
I?AE@`c[?	10	11	10	1	6	3000333111	1	0
I?AE@`c{?	10	12	10	1	7	1113330300	1	0
I?AE@`cy?	10	12	10	1	7	1113330300	1	0
I?AE@`cu?	10	12	10	1	8	1133300300	1	0
I?AE@`cm?	10	12	10	1	7	1244422030	1	0
I?AE@`c]?	10	12	10	1	7	3111333000	1	0
I?AE@`c}?	10	13	10	1	7	1144422020	1	0
I?AE@`cX?	10	11	10	1	5	3003303311	1	0
I?AE@`c\?	10	12	10	1	6	3111313000	1	0
I?AE@`cZ?	10	12	10	1	6	3113113300	1	0
I?AE@`cV?	10	12	10	1	8	0133310300	1	0
I?AE@`c^?	10	13	10	1	7	3111313000	1	0
I?AE@`coO	10	11	10	1	7	0022224024	1	0
I?AE@`caO	10	11	10	1	8	0313313001	1	0
I?AE@`cqO	10	12	10	1	7	1422420130	1	0
I?AE@`cPO	10	11	10	2	7	3003303011	1	0
I?AE@`cRO	10	12	10	2	8	3113113100	1	0
I?AE@`s}?	10	14	10	1	6	4111430220	1	0
I?AE@`s\?	10	13	10	1	5	3111313000	1	0
I?AE@`s^?	10	14	10	1	6	3111313000	1	0
I?AE@`Kw?	10	11	10	1	7	0033311311	1	0
I?AE@`Kk?	10	11	10	1	7	0422444101	1	0
I?AE@`K{?	10	12	10	1	7	1444220030	1	0
I?AE@`Kq?	10	11	10	1	6	0033031311	1	0
I?AE@`Ky?	10	12	10	1	7	1133130300	1	0
I?AE@`Km?	10	12	10	1	7	1244422030	1	0
I?AE@`K]?	10	12	10	1	8	3111113300	1	0
I?AE@`K}?	10	13	10	1	7	1144112320	1	0
I?AE@`K\?	10	12	10	1	8	0133310300	1	0
I?AE@`KZ?	10	12	10	1	6	3113113300	1	0
I?AE@`K^?	10	13	10	1	7	3111113300	1	0
I?AE@`KoO	10	11	10	1	7	0022224024	1	0
I?AE@`KaO	10	11	10	1	8	0222022024	1	0
I?AE@`KqO	10	12	10	1	7	1422420130	1	0
I?AE@`KPO	10	11	10	1	7	3033003011	1	0
I?AE@`KRO	10	12	10	1	6	3133113100	1	0
I?AE@`KkG	10	12	10	1	6	0300333121	1	0
I?AE@`k{?	10	13	10	1	6	3111442202	1	0
I?AE@`k}?	10	14	10	1	6	4111133020	1	0
I?AE@`k\?	10	13	10	1	7	3111313000	1	0
I?AE@`kZ?	10	13	10	1	5	3113113300	1	0
I?AE@`kV?	10	13	10	1	7	3111113300	1	0
I?AE@`k^?	10	14	10	1	6	3111113300	1	0
I?AE@`{^?	10	15	10	1	5	3111113300	1	0
I?AE@`Hw?	10	11	10	1	7	0033311311	1	0
I?AE@`H{?	10	12	10	1	7	1144122320	1	0
I?AE@`Hq?	10	11	10	0	6	0033031211	1	0
I?AE@`Hy?	10	12	10	1	7	1144122320	1	0
I?AE@`Hm?	10	12	10	1	7	1144122320	1	0
I?AE@`H]?	10	12	10	1	7	3144142320	1	0
I?AE@`H}?	10	13	10	1	6	1144122320	1	0
I?AE@`H\?	10	12	10	1	7	3144142320	1	0
I?AE@`HZ?	10	12	10	2	7	3144142320	1	0
I?AE@`HN?	10	12	10	1	7	2411413230	1	0
I?AE@`H^?	10	13	10	2	6	3144142320	1	0
I?AE@`HM_	10	12	10	1	7	2244421040	1	0
I?AE@`HH_	10	11	10	0	7	4202200234	1	0
I?AE@`HL_	10	12	10	0	6	2244241010	1	0
I?AE@`HB_	10	11	10	1	7	1333000231	1	0
I?AE@`HJ_	10	12	10	1	8	2144111320	1	0
I?AE@`HN_	10	13	10	1	7	2144111320	1	0
I?AE@`HqO	10	12	10	0	5	0033031211	1	0
I?AE@`HRO	10	12	10	1	6	3033003011	1	0
I?AE@`HBo	10	12	10	1	6	1333000231	1	0
I?AE@`HkG	10	12	10	1	6	0300333101	1	0
I?AE@`HLG	10	12	10	0	6	3300303101	1	0
I?AE@`HKg	10	12	10	0	6	3100330101	1	0
I?AE@`HHg	10	12	10	0	6	4422420101	1	0
I?AE@`HLg	10	13	10	0	5	3311314040	1	0
I?AE@bH]?	10	13	10	1	6	4422200103	1	0
I?AE@bH}?	10	14	10	1	5	1144122320	1	0
I?AE@bH\?	10	13	10	1	6	4133130402	1	0
I?AE@bHZ?	10	13	10	2	6	4133130402	1	0
I?AE@bHN?	10	13	10	1	6	4133130402	1	0
I?AE@bH^?	10	14	10	2	5	1422420103	1	0
I?AE@bHM_	10	13	10	1	7	4411133102	1	0
I?AE@bHL_	10	13	10	0	5	4422420101	1	0
I?AE@bHJ_	10	13	10	1	7	4411133102	1	0
I?AE@bHN_	10	14	10	1	6	3311144120	1	0
I?AE@bHLg	10	14	10	0	4	4422420101	1	0
I?AE@`Dw?	10	11	10	1	7	0002224224	1	0
I?AE@`D{?	10	12	10	1	7	1144412320	1	0
I?AE@`Dy?	10	12	10	1	7	1144412320	1	0
I?AE@`Dm?	10	12	10	1	6	1244422010	1	0
I?AE@`D]?	10	12	10	1	7	2144411320	1	0
I?AE@`D}?	10	13	10	1	6	1144412320	1	0
I?AE@`D\?	10	12	10	2	7	2144411320	1	0
I?AE@`DZ?	10	12	10	2	7	2144411320	1	0
I?AE@`D^?	10	13	10	2	6	2144411320	1	0
I?AE@`DqO	10	12	10	1	6	2244241041	1	0
I?AE@`DRO	10	12	10	1	6	3033003011	1	0
I?AE@`DkG	10	12	10	1	6	0300313101	1	0
I?AE@`DmG	10	13	10	1	5	1244422010	1	0
I?AE@`L{?	10	13	10	1	7	3133142402	1	0
I?AE@`Ly?	10	13	10	2	7	3130142402	1	0
I?AE@`Lm?	10	13	10	2	7	3133142402	1	0
I?AE@`L]?	10	13	10	2	7	0133111402	1	0
I?AE@`L}?	10	14	10	2	6	4144130320	1	0
I?AE@`L\?	10	13	10	2	7	0133111402	1	0
I?AE@`LZ?	10	13	10	2	7	3113113100	1	0
I?AE@`L^?	10	14	10	2	6	2144111320	1	0
I?AEB`om?	10	13	10	0	6	1144422000	1	0
I?AEB`o}?	10	14	10	0	5	1144422000	1	0
I?AEB`o\?	10	13	10	1	4	3000333111	1	0
I?AEB`oN?	10	13	10	1	6	3000333111	1	0
I?AEB`o^?	10	14	10	1	5	3111333000	1	0
I?AEB`oM_	10	13	10	1	6	3000333111	1	0
I?AEB`oL_	10	13	10	1	6	3000333111	1	0
I?AEB`oJ_	10	13	10	1	6	0244111330	1	0
I?AEB`oN_	10	14	10	1	5	2000333114	1	0
I?AEB`oaW	10	13	10	1	5	3111333001	1	0
I?AEB`oBW	10	13	10	0	5	3111333001	1	0
I?AEB`oAw	10	13	10	0	5	3111330001	1	0
I?AEB`o@w	10	13	10	0	5	3111330001	1	0
I?AEB`oBw	10	14	10	0	4	0222444110	1	0
I?AEBbo{?	10	14	10	0	3	0222444111	1	0
I?AEBbo}?	10	15	10	0	4	1144422000	1	0
I?AEBboN?	10	14	10	1	5	4411133002	1	0
I?AEBbo^?	10	15	10	1	4	4111330002	1	0
I?AEBboM_	10	14	10	1	5	4411133002	1	0
I?AEBboL_	10	14	10	2	5	4411133002	1	0
I?AEBboJ_	10	14	10	1	5	4222000331	1	0
I?AEBboN_	10	15	10	2	4	3300022441	1	0
I?AEBboBo	10	14	10	0	4	1444222001	1	0
I?AEB`gm?	10	13	10	0	6	3111144222	1	0
I?AEB`g}?	10	14	10	0	5	4111133000	1	0
I?AEB`gN?	10	13	10	1	6	2200033114	1	0
I?AEB`g^?	10	14	10	1	6	3111133000	1	0
I?AEB`gM_	10	13	10	1	6	2244411330	1	0
I?AEB`gL_	10	13	10	1	6	2244411330	1	0
I?AEB`gF_	10	13	10	1	6	2244411330	1	0
I?AEB`gN_	10	14	10	1	5	2200033114	1	0
I?AEB`gBo	10	13	10	1	6	1444220031	1	0
I?AEB`g@w	10	13	10	0	5	1144422001	1	0
I?AEBbg{?	10	14	10	0	5	0022244111	1	0
I?AEBbgy?	10	14	10	0	5	0022244111	1	0
I?AEBbgu?	10	14	10	0	5	2000033111	1	0
I?AEBbg}?	10	15	10	0	4	4111133000	1	0
I?AEBbgN?	10	14	10	1	5	4411133002	1	0
I?AEBbg^?	10	15	10	1	5	4111133002	1	0
I?AEBbgM_	10	14	10	1	5	4422200331	1	0
I?AEBbgL_	10	14	10	2	5	4422200331	1	0
I?AEBbgJ_	10	14	10	2	5	3311144220	1	0
I?AEBbgF_	10	14	10	2	5	4422200331	1	0
I?AEBbgN_	10	15	10	2	4	4422200331	1	0
I?AEBbgBo	10	14	10	1	6	1144422001	1	0
I?AEBaw]?	10	14	10	0	5	1144422000	1	0
I?AEBaw}?	10	15	10	0	4	4111133000	1	0
I?AEBaw\?	10	14	10	1	6	4111430202	1	0
I?AEBawZ?	10	14	10	1	6	4111133002	1	0
I?AEBawN?	10	14	10	1	5	4411133002	1	0
I?AEBaw^?	10	15	10	1	5	3000022441	1	0
I?AEBawM_	10	14	10	1	5	4411133002	1	0
I?AEBawL_	10	14	10	2	5	4411133002	1	0
I?AEBawJ_	10	14	10	2	5	0033311442	1	0
I?AEBawN_	10	15	10	2	4	3311144220	1	0
I?AEBawBo	10	14	10	1	6	1144422001	1	0
I?AEB`w}?	10	15	10	0	4	4111133000	1	0
I?AEB`wN?	10	14	10	1	5	4411133002	1	0
I?AEB`w^?	10	15	10	1	5	3111133000	1	0
I?AEB`wM_	10	14	10	1	5	4411133002	1	0
I?AEB`wL_	10	14	10	1	5	4411133002	1	0
I?AEB`wN_	10	15	10	1	4	4411133002	1	0
I?AEB`wBo	10	14	10	1	5	4111330024	1	0
I?AEBbw}?	10	16	10	0	3	4111133000	1	0
I?AEBbw^?	10	16	10	1	4	4111133002	1	0
I?AEBbwN_	10	16	10	2	3	4411133002	1	0
I?AEB`c{?	10	13	10	1	6	2000331141	1	0
I?AEB`cm?	10	13	10	1	7	4111430220	1	0
I?AEB`c]?	10	13	10	1	6	3000333111	1	0
I?AEB`c}?	10	14	10	1	6	1144422020	1	0
I?AEB`c\?	10	13	10	1	5	3000303111	1	0
I?AEB`cV?	10	13	10	1	7	3000303111	1	0
I?AEB`cN?	10	13	10	1	7	3000303111	1	0
I?AEB`c^?	10	14	10	1	6	3111313000	1	0
I?AEB`cM_	10	13	10	1	7	0244141330	1	0
I?AEB`cH_	10	12	10	1	7	2002202444	1	0
I?AEB`cL_	10	13	10	1	7	0244141330	1	0
I?AEB`cJ_	10	13	10	1	7	0242141330	1	0
I?AEB`cF_	10	13	10	1	7	0224141330	1	0
I?AEB`cN_	10	14	10	1	6	0244141330	1	0
I?AEB`cBo	10	13	10	1	6	1444220031	1	0
I?AEB`caW	10	13	10	1	6	2444213001	1	0
I?AEB`cAw	10	13	10	1	6	3113330001	1	0
I?AEB_sw?	10	12	10	1	7	0003331131	1	0
I?AEB_sk?	10	12	10	1	6	3300333111	1	0
I?AEB_s[?	10	12	10	1	5	3000333111	1	0
I?AEB_s{?	10	13	10	1	6	1144222030	1	0
I?AEB_sy?	10	13	10	1	6	1144422030	1	0
I?AEB_sm?	10	13	10	1	6	1144422030	1	0
I?AEB_s]?	10	13	10	1	6	3111333000	1	0
I?AEB_s}?	10	14	10	1	5	1144422030	1	0
I?AEB_s\?	10	13	10	1	5	3111313000	1	0
I?AEB_sZ?	10	13	10	1	7	3111313000	1	0
I?AEB_s^?	10	14	10	1	6	3111313000	1	0
I?AEB_saW	10	13	10	1	6	2444213001	1	0
I?AEB`s}?	10	15	10	1	5	4111430220	1	0
I?AEB`s^?	10	15	10	1	5	3111313000	1	0
I?AEB`sL_	10	14	10	1	6	3111313000	1	0
I?AEB`sN_	10	15	10	1	5	0311414220	1	0
I?AEB`sBo	10	14	10	1	5	4111330024	1	0
I?AEB`Km?	10	13	10	1	7	4111133020	1	0
I?AEB`K}?	10	14	10	1	6	4111133020	1	0
I?AEB`KN?	10	13	10	1	7	2144412020	1	0
I?AEB`K^?	10	14	10	1	6	2144412020	1	0
I?AEB`KM_	10	13	10	1	8	0244441330	1	0
I?AEB`KL_	10	13	10	1	7	0244241330	1	0
I?AEB`KJ_	10	13	10	1	7	0242441330	1	0
I?AEB`KN_	10	14	10	1	7	0244441330	1	0
I?AEB`KkG	10	13	10	1	7	0422444301	1	0
I?AEB`KKg	10	13	10	2	7	4422440301	1	0
I?AEB_kw?	10	12	10	1	7	0003331131	1	0
I?AEB_ks?	10	12	10	1	7	0022244131	1	0
I?AEB_k{?	10	13	10	1	6	4111330020	1	0
I?AEB_ky?	10	13	10	1	6	1144422030	1	0
I?AEB_ku?	10	13	10	1	6	1144422030	1	0
I?AEB_km?	10	13	10	1	6	1144422030	1	0
I?AEB_k]?	10	13	10	1	6	1144422030	1	0
I?AEB_k}?	10	14	10	1	5	1144422030	1	0
I?AEB_k\?	10	13	10	1	7	3111313000	1	0
I?AEB_kV?	10	13	10	1	7	3111442200	1	0
I?AEB_k^?	10	14	10	1	6	3111442200	1	0
I?AEB`k}?	10	15	10	1	5	4111133020	1	0
I?AEB`kN?	10	14	10	1	6	3111442200	1	0
I?AEB`k^?	10	15	10	1	5	3111442200	1	0
I?AEB`kM_	10	14	10	1	7	0033301242	1	0
I?AEB`kL_	10	14	10	1	6	0311314220	1	0
I?AEB`kJ_	10	14	10	1	6	0313114220	1	0
I?AEB`kF_	10	14	10	1	6	0331114220	1	0
I?AEB`kN_	10	15	10	1	6	0311114220	1	0
I?AEB`kBo	10	14	10	2	5	0333111420	1	0
I?AEB_{}?	10	15	10	1	4	2200033141	1	0
I?AEB_{\?	10	14	10	1	6	3111313000	1	0
I?AEB_{N?	10	14	10	1	5	3311144200	1	0
I?AEB_{^?	10	15	10	1	5	3111442200	1	0
I?AEB_{L_	10	14	10	1	5	3311144200	1	0
I?AEB_{N_	10	15	10	1	4	3311144200	1	0
I?AEB_{Bo	10	14	10	2	5	2244111302	1	0
I?AEB`{^?	10	16	10	1	4	3111442200	1	0
I?AEB`{N_	10	16	10	1	5	3111144200	1	0
I?AEB_y}?	10	15	10	1	4	2200033141	1	0
I?AEB_y\?	10	14	10	1	6	0311414202	1	0
I?AEB_yN?	10	14	10	1	5	3311144200	1	0
I?AEB_y^?	10	15	10	1	6	3111144200	1	0
I?AEB_yN_	10	15	10	1	4	3311144200	1	0
I?AEB_yBo	10	14	10	2	5	1133000241	1	0
I?AEB_u}?	10	15	10	2	4	2200033141	1	0
I?AEB_u^?	10	15	10	1	5	0311314202	1	0
I?AEB_uN_	10	15	10	1	4	2244411300	1	0
I?AEB_m]?	10	14	10	1	5	0033311424	1	0
I?AEB_m}?	10	15	10	2	4	4411133020	1	0
I?AEB_m\?	10	14	10	1	6	0313114202	1	0
I?AEB_mN?	10	14	10	1	5	2244411300	1	0
I?AEB_m^?	10	15	10	1	5	0313114202	1	0
I?AEB_mN_	10	15	10	1	4	2244411300	1	0
I?AEB_}N_	10	16	10	1	3	3311144200	1	0
I?AEB_N}?	10	15	10	1	5	0000331124	1	0
I?AEB_N^?	10	15	10	2	4	0333111402	1	0
I?AEB_NN_	10	15	10	2	4	2244111320	1	0
I?AEB_N{G	10	15	10	0	3	0222444101	1	0
I?AEFbo}?	10	16	10	0	3	0022244111	1	0
I?AEFbo^?	10	16	10	1	3	2000331114	1	0
I?AEFboN_	10	16	10	2	3	4111333002	1	0
I?AEFboBw	10	16	10	0	2	1444222001	1	0
I?AEFbg}?	10	16	10	0	3	2000033111	1	0
I?AEFbg^?	10	16	10	1	4	2000033114	1	0
I?AEFbgN_	10	16	10	2	3	2244411330	1	0
I?AEFbw^?	10	17	10	1	3	4111133002	1	0
I?AEFbwN_	10	17	10	2	2	4411133002	1	0
I?AEF`s}?	10	16	10	1	4	1444422030	1	0
I?AEF`s^?	10	16	10	1	4	3111442200	1	0
I?AEF`sN_	10	16	10	2	5	4411113002	1	0
I?AEF`k}?	10	16	10	1	4	4111133020	1	0
I?AEF`k^?	10	16	10	1	4	3111442200	1	0
I?AEF`kN_	10	16	10	2	5	3111144200	1	0
I?AEF`{^?	10	17	10	1	3	3111442200	1	0
I?AEF`{N_	10	17	10	2	4	3111144200	1	0
I?AEF_u}?	10	16	10	2	3	1144422030	1	0
I?AEF_u\?	10	15	10	2	6	4411113020	1	0
I?AEF_uZ?	10	15	10	2	6	3311114202	1	0
I?AEF_u^?	10	16	10	2	5	3311114202	1	0
I?AEF_m}?	10	16	10	2	3	1144422030	1	0
I?AEF_m\?	10	15	10	2	6	4411113020	1	0
I?AEF_mV?	10	15	10	2	6	0033311422	1	0
I?AEF_m^?	10	16	10	2	5	3111144200	1	0
I?AEF_}N_	10	17	10	2	2	2244411300	1	0
I?AE@pow?	10	12	10	0	6	0022244114	1	0
I?AE@pok?	10	12	10	0	6	3300333111	1	0
I?AE@po[?	10	12	10	0	5	3000333111	1	0
I?AE@po{?	10	13	10	0	6	1144222300	1	0
I?AE@poy?	10	13	10	0	6	1144422000	1	0
I?AE@pom?	10	13	10	0	6	3311133000	1	0
I?AE@po]?	10	13	10	0	5	3111133000	1	0
I?AE@po}?	10	14	10	0	5	4111133000	1	0
I?AE@po\?	10	13	10	1	6	3111333000	1	0
I?AE@poZ?	10	13	10	1	7	3111133000	1	0
I?AE@poN?	10	13	10	1	6	3311133000	1	0
I?AE@po^?	10	14	10	1	6	3111133000	1	0
I?AE@poM_	10	13	10	1	6	3311133000	1	0
I?AE@poL_	10	13	10	1	6	3311144220	1	0
I?AE@poB_	10	12	10	1	7	4111330204	1	0
I?AE@poJ_	10	13	10	1	6	0033311242	1	0
I?AE@poN_	10	14	10	1	5	3311144220	1	0
I?AE@poBg	10	13	10	1	6	1444220301	1	0
I?AE@po@w	10	13	10	0	5	1144422001	1	0
I?AE@ro}?	10	15	10	0	4	4111133000	1	0
I?AE@ro^?	10	15	10	1	5	4111133002	1	0
I?AE@roL_	10	14	10	2	5	4411133002	1	0
I?AE@roJ_	10	14	10	2	5	0033311242	1	0
I?AE@roN_	10	15	10	2	4	3311144020	1	0
I?AE@ow{?	10	13	10	0	6	3311133000	1	0
I?AE@owM?	10	12	10	0	3	3300033111	1	0
I?AE@owm?	10	13	10	0	4	3311133000	1	0
I?AE@ow]?	10	13	10	0	4	3311133000	1	0
I?AE@ow}?	10	14	10	0	5	3311133000	1	0
I?AE@ow\?	10	13	10	1	6	3311133000	1	0
I?AE@ow^?	10	14	10	1	5	3311133000	1	0
I?AE@owoW	10	13	10	0	5	3311133001	1	0
I?AE@owPW	10	13	10	1	5	3311133001	1	0
I?AE@qw}?	10	15	10	0	4	4111133000	1	0
I?AE@qw^?	10	15	10	1	4	3411144220	1	0
I?AE@qwM_	10	14	10	1	5	3311133000	1	0
I?AE@qwL_	10	14	10	1	5	4311133002	1	0
I?AE@qwN_	10	15	10	1	4	3311144020	1	0
I?AE@pw{?	10	14	10	0	5	4111133000	1	0
I?AE@pwm?	10	14	10	0	5	3311133000	1	0
I?AE@pw]?	10	14	10	0	4	3111133000	1	0
I?AE@pw}?	10	15	10	0	4	4111133000	1	0
I?AE@pw\?	10	14	10	1	6	3111133000	1	0
I?AE@pwN?	10	14	10	1	5	3311133000	1	0
I?AE@pw^?	10	15	10	1	5	3111133000	1	0
I?AE@pwM_	10	14	10	1	5	3311133000	1	0
I?AE@pwL_	10	14	10	1	5	4411133002	1	0
I?AE@pwN_	10	15	10	1	4	3311144220	1	0
I?AE@rw}?	10	16	10	0	3	4111133000	1	0
I?AE@rwN_	10	16	10	2	3	4411133002	1	0
I?AE@pcw?	10	12	10	1	7	0003331311	1	0
I?AE@pc{?	10	13	10	1	7	1144422020	1	0
I?AE@pcu?	10	13	10	1	7	1144422020	1	0
I?AE@pcm?	10	13	10	1	6	1244422030	1	0
I?AE@pc]?	10	13	10	1	7	3111133000	1	0
I?AE@pc}?	10	14	10	1	6	1144422020	1	0
I?AE@pcX?	10	12	10	1	6	3003303311	1	0
I?AE@pc\?	10	13	10	1	7	3111313000	1	0
I?AE@pcV?	10	13	10	1	7	0133310202	1	0
I?AE@pc^?	10	14	10	1	6	2144412020	1	0
I?AE@pceG	10	13	10	2	7	0442244301	1	0
I?AE@ps{?	10	14	10	1	6	3111442002	1	0
I?AE@psy?	10	14	10	1	6	4111133020	1	0
I?AE@psm?	10	14	10	1	5	3411144202	1	0
I?AE@ps}?	10	15	10	1	5	4111133020	1	0
I?AE@ps\?	10	14	10	1	6	3111313000	1	0
I?AE@psZ?	10	14	10	1	7	3111113000	1	0
I?AE@ps^?	10	15	10	1	6	3111113000	1	0
I?AE@p{}?	10	16	10	1	4	4111133020	1	0
I?AE@p{^?	10	16	10	1	5	3111113000	1	0
I?AEDro}?	10	16	10	0	3	2000033111	1	0
I?AEDro^?	10	16	10	1	4	4111133002	1	0
I?AEDroN_	10	16	10	2	3	4411133002	1	0
I?AEDqw}?	10	16	10	0	3	2000033111	1	0
I?AEDqw^?	10	16	10	1	3	4311133002	1	0
I?AEDqwN_	10	16	10	2	3	4311133002	1	0
I?AEDpw]?	10	15	10	0	4	4111133000	1	0
I?AEDpw}?	10	16	10	0	3	1144422000	1	0
I?AEDpw\?	10	15	10	1	5	4111133002	1	0
I?AEDpw^?	10	16	10	1	4	4111133002	1	0
I?AEDpwL_	10	15	10	2	4	4411133002	1	0
I?AEDpwN_	10	16	10	2	3	3311144220	1	0
I?AEDrw^?	10	17	10	1	3	4111133002	1	0
I?AEDps}?	10	16	10	1	4	1444422030	1	0
I?AEDps\?	10	15	10	1	5	4111430022	1	0
I?AEDpsZ?	10	15	10	1	6	4111130022	1	0
I?AEDps^?	10	16	10	1	5	3111142200	1	0
I?AEDpsN_	10	16	10	2	5	3311114220	1	0
I?AEDo{]?	10	15	10	1	4	4411133020	1	0
I?AEDo{}?	10	16	10	1	3	1144422030	1	0
I?AEDo{\?	10	15	10	1	6	4311133002	1	0
I?AEDo{N?	10	15	10	1	4	4411133022	1	0
I?AEDo{^?	10	16	10	1	5	4411133020	1	0
I?AEDo{L_	10	15	10	1	4	3311144200	1	0
I?AEDo{N_	10	16	10	1	3	3311144200	1	0
I?AEDp{^?	10	17	10	1	4	3111142200	1	0
I?AEDoy]?	10	15	10	1	4	4411133020	1	0
I?AEDoy}?	10	16	10	1	3	1144422030	1	0
I?AEDoy\?	10	15	10	2	6	4311133002	1	0
I?AEDoy^?	10	16	10	2	5	4411113020	1	0
I?AEDou}?	10	16	10	2	3	1144422030	1	0
I?AEDou\?	10	15	10	2	6	4411133020	1	0
I?AEDouZ?	10	15	10	2	6	3311114202	1	0
I?AEDou^?	10	16	10	2	5	3311114202	1	0
I?AEDouN_	10	16	10	1	3	2244411300	1	0
I?AEDo}}?	10	17	10	2	2	4411133020	1	0
I?AEDo}^?	10	17	10	2	4	3311114202	1	0
I?AEDo}N_	10	17	10	1	2	2244411300	1	0
I?AEBro}?	10	16	10	0	3	4111133000	1	0
I?AEBro^?	10	16	10	1	4	4111133002	1	0
I?AEBroN_	10	16	10	2	3	4411133002	1	0
I?AEBpw}?	10	16	10	0	3	4111133000	1	0
I?AEBpwN?	10	15	10	1	4	4411133002	1	0
I?AEBpw^?	10	16	10	1	4	3111133000	1	0
I?AEBpwL_	10	15	10	1	4	4411133002	1	0
I?AEBpwN_	10	16	10	1	3	4411133002	1	0
I?AEBrw}?	10	17	10	0	2	4111133000	1	0
I?AEBps}?	10	16	10	1	4	4111133020	1	0
I?AEBps^?	10	16	10	1	5	3111113000	1	0
I?AEBpsN_	10	16	10	1	5	3111144200	1	0
I?AEBo{{?	10	15	10	1	4	4411133020	1	0
I?AEBo{}?	10	16	10	1	3	4411133020	1	0
I?AEBo{\?	10	15	10	1	6	3111113000	1	0
I?AEBo{^?	10	16	10	1	5	3111113000	1	0
I?AEBp{}?	10	17	10	1	3	4111133020	1	0
I?AEBp{^?	10	17	10	1	4	3111113000	1	0
I?AEBp{N_	10	17	10	1	4	3111144200	1	0
I?AEBou{?	10	15	10	2	4	4411133020	1	0
I?AEBouy?	10	15	10	2	4	0033311424	1	0
I?AEBou}?	10	16	10	2	3	4411133020	1	0
I?AEBou\?	10	15	10	1	5	2411413020	1	0
I?AEBouZ?	10	15	10	1	5	2411413020	1	0
I?AEBou^?	10	16	10	1	4	2411413020	1	0
I?AEBouN_	10	16	10	1	3	2244411300	1	0
I?AEBo}}?	10	17	10	2	2	4411133020	1	0
I?AEBo}N_	10	17	10	1	2	2244411300	1	0
I?AEFrw^?	10	18	10	1	2	4111133002	1	0
I?AEFrwN_	10	18	10	2	1	4411133002	1	0
I?AEFp{^?	10	18	10	1	3	3111142200	1	0
I?AEFo}^?	10	18	10	2	3	3111144200	1	1
I?AEAGow?	10	10	10	1	6	0003331331	1	0
I?AEAGoK?	10	9	10	1	5	0022000033	1	0
I?AEAGo{?	10	11	10	1	7	1111330300	1	0
I?AEAGoq?	10	10	10	1	6	0033311131	1	0
I?AEAGoy?	10	11	10	1	7	1113130330	1	0
I?AEAGoM?	10	10	10	1	6	2244222200	1	0
I?AEAGom?	10	11	10	1	7	1311133300	1	0
I?AEAGo}?	10	12	10	1	6	1144422200	1	0
I?AEAGooG	10	10	10	1	6	0033331301	1	0
I?AEAGoaG	10	10	10	1	7	0333033301	1	0
I?AEAGoqG	10	11	10	1	7	1133130310	1	0
I?AEAJo}?	10	14	10	1	4	1144422200	1	0
I?AEAJo^?	10	14	10	1	6	1144412200	1	0
I?AEAJoL_	10	13	10	2	6	0033311042	1	0
I?AEAJoJ_	10	13	10	2	6	0033311042	1	0
I?AEAJoN_	10	14	10	2	5	0033311042	1	0
I?AEAGww?	10	11	10	1	6	0022244414	1	0
I?AEAGw{?	10	12	10	1	6	1144422200	1	0
I?AEAGwM?	10	11	10	1	5	2244422200	1	0
I?AEAGwm?	10	12	10	1	6	1311133300	1	0
I?AEAGw}?	10	13	10	1	5	1144422200	1	0
I?AEAIw]?	10	13	10	1	5	1144422200	1	0
I?AEAIw}?	10	14	10	1	4	4411133300	1	0
I?AEAIw\?	10	13	10	1	6	4311133402	1	0
I?AEAIwN?	10	13	10	1	6	4311133402	1	0
I?AEAIw^?	10	14	10	1	5	3200022341	1	0
I?AEAIwL_	10	13	10	2	6	4411133302	1	0
I?AEAIwN_	10	14	10	2	5	3311144320	1	0
I?AEAJw}?	10	15	10	1	3	4411133300	1	0
I?AEAJw^?	10	15	10	1	5	1411113300	1	0
I?AEAJwN_	10	15	10	2	4	0033311042	1	0
I?AEBJo}?	10	15	10	1	5	1144422200	1	0
I?AEBJo^?	10	15	10	1	5	3111442020	1	0
I?AEBJoL_	10	14	10	2	7	4411133002	1	0
I?AEBJoJ_	10	14	10	2	7	4411133002	1	0
I?AEBJoF_	10	14	10	2	7	4222000131	1	0
I?AEBJoN_	10	15	10	2	6	3300002441	1	0
I?AEBJW}?	10	15	10	1	5	4111133200	1	0
I?AEBJW^?	10	15	10	1	5	3141142020	1	0
I?AEBJWF_	10	14	10	2	7	0013311042	1	0
I?AEBJWN_	10	15	10	2	6	3311144020	1	0
I?AEBIw}?	10	15	10	1	5	4111133200	1	0
I?AEBIw\?	10	14	10	1	6	4111430202	1	0
I?AEBIwV?	10	14	10	1	7	4111130202	1	0
I?AEBIw^?	10	15	10	1	6	3000022141	1	0
I?AEBIwM_	10	14	10	2	7	1244422300	1	0
I?AEBIwL_	10	14	10	2	7	4111133202	1	0
I?AEBIwF_	10	14	10	2	7	0033311042	1	0
I?AEBIwN_	10	15	10	2	6	3311114220	1	0
I?AEBHwm?	10	14	10	1	6	1144422200	1	0
I?AEBHw}?	10	15	10	1	5	4111133200	1	0
I?AEBHwN?	10	14	10	1	6	2144412200	1	0
I?AEBHw^?	10	15	10	1	5	2144412200	1	0
I?AEBHwM_	10	14	10	1	7	2244421300	1	0
I?AEBHwL_	10	14	10	1	6	2411413002	1	0
I?AEBHwF_	10	14	10	1	6	2441113002	1	0
I?AEBHwN_	10	15	10	1	6	0311114220	1	0
I?AEBJw}?	10	16	10	1	4	4111133200	1	0
I?AEBJwN_	10	16	10	2	5	4411133002	1	0
I?AEBHs}?	10	15	10	1	5	4111430220	1	0
I?AEBHs^?	10	15	10	1	5	3111313000	1	0
I?AEBH[}?	10	15	10	1	6	4111130220	1	0
I?AEBH[^?	10	15	10	1	5	2144412200	1	0
I?AEBH{}?	10	16	10	1	5	3111142002	1	0
I?AEBH{^?	10	16	10	1	4	2144412200	1	0
I?AEBjw}?	10	17	10	1	3	4111133200	1	0
I?AEBjwN_	10	17	10	2	4	3111144020	1	0
I?AEBhs}?	10	16	10	1	4	3111342002	1	0
I?AEBhs^?	10	16	10	1	4	3111313000	1	0
I?AEBhk}?	10	16	10	1	5	3111142002	1	0
I?AEBhk^?	10	16	10	1	5	3111113000	1	0
I?AEBh{}?	10	17	10	1	4	3111142002	1	0
I?AEBh{^?	10	17	10	1	4	3111113000	1	0
I?AEBx{^?	10	18	10	1	3	3111113000	1	0
I?ABBAOw?	10	10	10	0	4	3003331131	1	0
I?ABBAOs?	10	10	10	0	6	0330002200	1	0
I?ABBAO[?	10	10	10	0	4	3003331131	1	0
I?ABBAO{?	10	11	10	0	5	2442220020	1	0
I?ABBAOq?	10	10	10	0	6	2002224422	1	0
I?ABBAOY?	10	10	10	0	4	3003331131	1	0
I?ABBAOy?	10	11	10	0	5	3113330030	1	0
I?ABBAOe?	10	10	10	0	6	0330002200	1	0
I?ABBAOu?	10	11	10	0	6	1441113310	1	0
I?ABBAO]?	10	11	10	0	5	3113330030	1	0
I?ABBAO}?	10	12	10	0	5	1441113310	1	0
I?ABBAOT?	10	10	10	1	6	3003331131	1	0
I?ABBAO\?	10	11	10	1	5	3113330030	1	0
I?ABBAOF?	10	10	10	1	6	0220003300	1	0
I?ABBAOV?	10	11	10	1	6	4114442240	1	0
I?ABBAO^?	10	12	10	1	5	4114442240	1	0
I?ABBBo{?	10	13	10	0	5	0000331111	1	0
I?ABBBoy?	10	13	10	0	5	0003331111	1	0
I?ABBBo}?	10	14	10	0	4	4114422200	1	0
I?ABBBo\?	10	13	10	1	5	0220003311	1	0
I?ABBBoZ?	10	13	10	1	5	3003331111	1	0
I?ABBBo^?	10	14	10	1	4	1441113300	1	0
I?ABBBoco	10	13	10	2	5	1441113302	1	0
I?ABBBoao	10	13	10	1	5	1441113302	1	0
I?ABBBoeo	10	14	10	2	4	3113330024	1	0
I?ABBBoDo	10	13	10	1	5	1441113302	1	0
I?ABBBoBo	10	13	10	0	5	1441113302	1	0
I?ABBBoFo	10	14	10	1	4	3003331142	1	0
I?ABBBoBw	10	14	10	0	5	3113000021	1	0
I?ABB?Ww?	10	10	10	0	4	3003331131	1	0
I?ABB?Wc?	10	9	10	0	5	0220003300	1	0
I?ABB?W[?	10	10	10	0	4	3003331131	1	0
I?ABB?W{?	10	11	10	0	5	3113330030	1	0
I?ABB?WE?	10	9	10	0	5	2002224422	1	0
I?ABB?We?	10	10	10	0	6	1331114411	1	0
I?ABB?WU?	10	10	10	0	6	0330002200	1	0
I?ABB?Wu?	10	11	10	0	6	4114442240	1	0
I?ABB?W]?	10	11	10	0	5	3113330030	1	0
I?ABB?W}?	10	12	10	0	5	4114442240	1	0
I?ABB?WoG	10	10	10	0	6	0330002200	1	0
I?ABB?WWG	10	10	10	0	4	3003331131	1	0
I?ABB?WwG	10	11	10	0	5	3113330030	1	0
I?ABBAWw?	10	11	10	0	5	3003331131	1	0
I?ABBAWs?	10	11	10	0	7	0330002214	1	0
I?ABBAW[?	10	11	10	0	5	3003331131	1	0
I?ABBAW{?	10	12	10	0	6	3113330020	1	0
I?ABBAWu?	10	12	10	0	6	1131133300	1	0
I?ABBAW]?	10	12	10	0	6	3113330020	1	0
I?ABBAW}?	10	13	10	0	5	4114422200	1	0
I?ABBAWX?	10	11	10	0	5	3003331131	1	0
I?ABBAW\?	10	12	10	1	6	3113330020	1	0
I?ABBAWF?	10	11	10	1	7	0220003300	1	0
I?ABBAWV?	10	12	10	1	6	4114442230	1	0
I?ABBAW^?	10	13	10	1	5	4114442230	1	0
I?ABBAWXG	10	12	10	0	5	3003301121	1	0
I?ABBBWm?	10	13	10	0	5	1441113300	1	0
I?ABBBW}?	10	14	10	0	4	1441113300	1	0
I?ABBBWN?	10	13	10	1	5	4114442200	1	0
I?ABBBW^?	10	14	10	1	4	1441113300	1	0
I?ABBBWe_	10	13	10	1	5	1441113302	1	0
I?ABBBWF_	10	13	10	2	5	1441113302	1	0
I?ABBBWco	10	13	10	1	5	3113330024	1	0
I?ABBBWeo	10	14	10	1	4	1331114420	1	0
I?ABBBWDo	10	13	10	1	5	3003331142	1	0
I?ABBBWFo	10	14	10	2	4	1331114420	1	0
I?ABB@w{?	10	13	10	0	5	3000331111	1	0
I?ABB@w]?	10	13	10	0	5	3000031111	1	0
I?ABB@w}?	10	14	10	0	4	1441113300	1	0
I?ABB@we_	10	13	10	1	5	3003331142	1	0
I?ABB@wco	10	13	10	1	5	1441113302	1	0
I?ABB@wEo	10	13	10	2	5	1441113302	1	0
I?ABB@weo	10	14	10	2	4	3003331142	1	0
I?ABBBw}?	10	15	10	0	3	1441113300	1	0
I?ABBBw^?	10	15	10	1	3	1441113300	1	0
I?ABBBweo	10	15	10	2	3	1441113302	1	0
I?ABBBwFo	10	15	10	2	3	3003331142	1	0
I?ABFBo{?	10	14	10	0	4	0000331111	1	0
I?ABFBoy?	10	14	10	0	4	0003331111	1	0
I?ABFBo}?	10	15	10	0	4	1114422200	1	0
I?ABFBo\?	10	14	10	1	5	2000331114	1	0
I?ABFBoZ?	10	14	10	1	5	0003331114	1	0
I?ABFBo^?	10	15	10	1	4	4111330002	1	0
I?ABFBoFo	10	15	10	1	4	2224411130	1	0
I?ABFBW}?	10	15	10	0	4	1114422200	1	0
I?ABFBW^?	10	15	10	1	5	1114442200	1	0
I?ABFBWFo	10	15	10	2	4	2224411130	1	0
I?ABF@w}?	10	15	10	0	4	1114422200	1	0
I?ABF@w\?	10	14	10	1	5	3002224411	1	0
I?ABF@w^?	10	15	10	1	4	3114442200	1	0
I?ABF@wFo	10	15	10	2	4	0224441130	1	0
I?ABFBw}?	10	16	10	0	3	1114422200	1	0
I?ABF@c{?	10	13	10	1	5	0003331111	1	0
I?ABF@cu?	10	13	10	1	5	2002224441	1	0
I?ABF@c]?	10	13	10	1	5	3003331111	1	0
I?ABF@c}?	10	14	10	1	4	3113330002	1	0
I?ABF@ce_	10	13	10	1	6	0330002221	1	0
I?ABF@cFO	10	13	10	1	6	1113330004	1	0
I?ABF@cEo	10	13	10	1	6	3113330001	1	0
I?ABF@cDo	10	13	10	1	6	3113330001	1	0
I?ABF@cFo	10	14	10	1	5	0003331112	1	0
I?ABF@cEW	10	13	10	1	6	1113310004	1	0
I?ABF@cCw	10	13	10	1	4	3113330001	1	0
I?ABF@cEw	10	14	10	1	5	3003331110	1	0
I?ABF@s}?	10	15	10	1	5	1114442200	1	0
I?ABF@s\?	10	14	10	1	5	3000321411	1	0
I?ABF@sZ?	10	14	10	1	5	3002224411	1	0
I?ABF@s^?	10	15	10	1	4	3114442200	1	0
I?ABF@se_	10	14	10	2	6	3003331142	1	0
I?ABF@sFo	10	15	10	2	4	0224441130	1	0
I?ABF@[m?	10	14	10	1	6	1114442200	1	0
I?ABF@[}?	10	15	10	1	5	1114442200	1	0
I?ABF@[N?	10	14	10	1	5	3114442200	1	0
I?ABF@[^?	10	15	10	1	4	2441113300	1	0
I?ABF@[e_	10	14	10	2	6	1441113302	1	0
I?ABF@[Fo	10	15	10	1	4	0224441130	1	0
I?ABF@{}?	10	16	10	1	4	1114442200	1	0
I?ABF@{^?	10	16	10	1	3	2441113300	1	0
I?ABFAY]?	10	14	10	1	6	3003331124	1	0
I?ABFAY}?	10	15	10	1	5	1441123020	1	0
I?ABFAY^?	10	15	10	2	5	3003331124	1	0
I?ABFAYEo	10	14	10	1	6	1113310044	1	0
I?ABFAYDo	10	14	10	1	6	2442220011	1	0
I?ABFAYFo	10	15	10	1	5	0003331122	1	0
I?ABF?]{?	10	14	10	1	5	0003331121	1	0
I?ABF?]u?	10	14	10	2	5	3331114402	1	0
I?ABF?]]?	10	14	10	2	5	0003311124	1	0
I?ABF?]}?	10	15	10	2	4	0003311124	1	0
I?ABF?]\?	10	14	10	2	5	2220003341	1	0
I?ABF?]V?	10	14	10	1	5	0224441103	1	0
I?ABF?]^?	10	15	10	2	4	2220003341	1	0
I?ABF?]Eo	10	14	10	0	4	1113330044	1	0
I?ABF?]Do	10	14	10	0	4	4442220011	1	0
I?ABF?]Fo	10	15	10	0	3	0003331122	1	0
I?ABF?^}?	10	16	10	2	3	1113300042	1	0
I?ABF?^^?	10	16	10	2	3	1114442230	1	0
I?ABAb_m?	10	12	10	0	6	1441113330	1	0
I?ABAb_}?	10	13	10	0	5	4114442220	1	0
I?ABAb_\?	10	12	10	1	6	3000331111	1	0
I?ABAb_V?	10	12	10	1	6	0220003331	1	0
I?ABAb_N?	10	12	10	1	6	3003331114	1	0
I?ABAb_^?	10	13	10	1	5	1441113330	1	0
I?ABAb_e_	10	12	10	1	7	1331114140	1	0
I?ABAb_gO	10	11	10	1	6	0003331311	1	0
I?ABAb_iO	10	12	10	1	7	1310422420	1	0
I?ABA_ow?	10	10	10	0	6	0003331331	1	0
I?ABA_o[?	10	10	10	0	4	3000331111	1	0
I?ABA_o{?	10	11	10	0	5	3111330000	1	0
I?ABA_oY?	10	10	10	0	6	3003331111	1	0
I?ABA_oy?	10	11	10	0	6	4111442220	1	0
I?ABA_o]?	10	11	10	0	5	3111330000	1	0
I?ABA_o}?	10	12	10	0	5	3111330002	1	0
I?ABA_oc_	10	10	10	1	7	0330330331	1	0
I?ABA_oE_	10	10	10	1	7	3330030331	1	0
I?ABA_oe_	10	11	10	1	7	1331131330	1	0
I?ABAaow?	10	11	10	0	6	0003331311	1	0
I?ABAaok?	10	11	10	0	5	0300333311	1	0
I?ABAao[?	10	11	10	0	5	3000331111	1	0
I?ABAao{?	10	12	10	0	6	1111330000	1	0
I?ABAaoq?	10	11	10	0	8	0033033331	1	0
I?ABAaoy?	10	12	10	0	7	1113330300	1	0
I?ABAaom?	10	12	10	0	6	1311133300	1	0
I?ABAao]?	10	12	10	0	6	3111330000	1	0
I?ABAao}?	10	13	10	0	6	1411133300	1	0
I?ABAaoX?	10	11	10	1	7	3003301331	1	0
I?ABAaoL?	10	11	10	1	7	0300303311	1	0
I?ABAao\?	10	12	10	1	6	3111330000	1	0
I?ABAaoZ?	10	12	10	1	7	3111442220	1	0
I?ABAaoN?	10	12	10	1	7	3111442220	1	0
I?ABAao^?	10	13	10	1	6	3111442220	1	0
I?ABAaoc_	10	11	10	1	7	0300330311	1	0
I?ABAaoa_	10	11	10	1	8	0222020224	1	0
I?ABAaoe_	10	12	10	1	8	1311131300	1	0
I?ABAaoD_	10	11	10	1	8	1313300301	1	0
I?ABAaoB_	10	11	10	0	8	1313300301	1	0
I?ABAaoF_	10	12	10	1	8	3331111330	1	0
I?ABAao_o	10	11	10	1	7	3111330001	1	0
I?ABAaoAo	10	11	10	0	7	3111330001	1	0
I?ABAaoao	10	12	10	1	7	4222401130	1	0
I?ABAao@o	10	11	10	0	7	3111330001	1	0
I?ABAaoBo	10	12	10	0	7	0000331112	1	0
I?ABAaoBw	10	13	10	0	6	0000331112	1	0
I?ABA`om?	10	12	10	0	5	3000331114	1	0
I?ABA`o}?	10	13	10	0	4	3111330002	1	0
I?ABA`oc_	10	11	10	1	6	3000331113	1	0
I?ABA`oe_	10	12	10	1	7	3000331112	1	0
I?ABAbom?	10	13	10	0	6	1411133300	1	0
I?ABAbo}?	10	14	10	0	5	4144422200	1	0
I?ABAboN?	10	13	10	1	6	3111330002	1	0
I?ABAbo^?	10	14	10	1	5	3111442220	1	0
I?ABAaGw?	10	10	10	0	6	0003331331	1	0
I?ABAaGK?	10	9	10	0	6	0222003303	1	0
I?ABAaGk?	10	10	10	0	7	0300333331	1	0
I?ABAaG[?	10	10	10	0	5	3000331131	1	0
I?ABAaG{?	10	11	10	0	6	3111330030	1	0
I?ABAaGq?	10	10	10	0	6	0033033311	1	0
I?ABAaGi?	10	10	10	0	6	0303033311	1	0
I?ABAaGY?	10	10	10	0	6	3003031331	1	0
I?ABAaGy?	10	11	10	0	7	1113130300	1	0
I?ABAaGM?	10	10	10	0	7	2244422220	1	0
I?ABAaGm?	10	11	10	0	7	1311133300	1	0
I?ABAaG]?	10	11	10	0	6	3111330030	1	0
I?ABAaG}?	10	12	10	0	7	1111133330	1	0
I?ABAaGR?	10	10	10	1	7	3033003331	1	0
I?ABAaGJ?	10	10	10	1	7	2242442220	1	0
I?ABAaGZ?	10	11	10	1	7	3113110330	1	0
I?ABAaGN?	10	11	10	1	7	2244442220	1	0
I?ABAaG^?	10	12	10	1	7	3111113330	1	0
I?ABAaGc_	10	10	10	1	7	0330330331	1	0
I?ABAaGa_	10	10	10	0	6	0333030311	1	0
I?ABAaGE_	10	10	10	1	7	3113330331	1	0
I?ABAaGe_	10	11	10	1	7	1331131300	1	0
I?ABAaGB_	10	10	10	1	7	3113330331	1	0
I?ABAaGF_	10	11	10	2	7	3331111330	1	0
I?ABAaG_o	10	10	10	0	6	0133330031	1	0
I?ABAaGAo	10	10	10	0	6	3133030031	1	0
I?ABAaGao	10	11	10	0	7	1033131100	1	0
I?ABAaGBo	10	11	10	1	7	3000331130	1	0
I?ABA_gw?	10	10	10	0	6	0003331331	1	0
I?ABA_gc?	10	9	10	0	7	0002000303	1	0
I?ABA_gk?	10	10	10	0	7	0300333331	1	0
I?ABA_g[?	10	10	10	0	5	3000331131	1	0
I?ABA_g{?	10	11	10	0	6	3111330030	1	0
I?ABA_gE?	10	9	10	0	7	2000224422	1	0
I?ABA_ge?	10	10	10	0	7	1331133330	1	0
I?ABA_gU?	10	10	10	0	6	3030033131	1	0
I?ABA_gu?	10	11	10	0	7	1131133030	1	0
I?ABA_g]?	10	11	10	0	6	3111330030	1	0
I?ABA_g}?	10	12	10	0	6	4114442220	1	0
I?ABA_gE_	10	10	10	1	7	3113330331	1	0
I?ABA_ge_	10	11	10	1	7	1331131330	1	0
I?ABA_ggO	10	10	10	1	7	0303333031	1	0
I?ABA_gaO	10	10	10	1	7	0333033031	1	0
I?ABA_gIO	10	10	10	1	6	3303033011	1	0
I?ABA_giO	10	11	10	1	7	1313133100	1	0
I?ABA_g_o	10	10	10	0	6	0133330031	1	0
I?ABA_gAo	10	10	10	1	6	3111330031	1	0
I?ABA_gao	10	11	10	1	7	1033131130	1	0
I?ABA_g_W	10	10	10	0	7	0333333001	1	0
I?ABA_g?w	10	10	10	0	5	3113330001	1	0
I?ABA_g_w	10	11	10	0	6	3003331110	1	0
I?ABAagw?	10	11	10	0	6	0003331311	1	0
I?ABAags?	10	11	10	0	7	0020222424	1	0
I?ABAagk?	10	11	10	0	7	0300033311	1	0
I?ABAag[?	10	11	10	0	6	3000331131	1	0
I?ABAag{?	10	12	10	0	7	1113330300	1	0
I?ABAagq?	10	11	10	0	7	0003031311	1	0
I?ABAagY?	10	11	10	0	6	3003031311	1	0
I?ABAagy?	10	12	10	0	6	1113130300	1	0
I?ABAagu?	10	12	10	0	7	1411133300	1	0
I?ABAagm?	10	12	10	0	6	1311133300	1	0
I?ABAag]?	10	12	10	0	7	1411133300	1	0
I?ABAag}?	10	13	10	0	6	1411133300	1	0
I?ABAagX?	10	11	10	1	7	3003301331	1	0
I?ABAagT?	10	11	10	1	7	2020202424	1	0
I?ABAag\?	10	12	10	1	7	3111340020	1	0
I?ABAagZ?	10	12	10	1	7	1413113300	1	0
I?ABAagF?	10	11	10	1	8	4242422202	1	0
I?ABAagV?	10	12	10	1	8	2421413030	1	0
I?ABAagN?	10	12	10	1	8	1311113300	1	0
I?ABAag^?	10	13	10	1	7	1411113300	1	0
I?ABAagc_	10	11	10	1	8	0220220224	1	0
I?ABAaga_	10	11	10	1	7	0303030311	1	0
I?ABAagE_	10	11	10	1	8	2442220224	1	0
I?ABAage_	10	12	10	1	8	1311131300	1	0
I?ABAagD_	10	11	10	1	8	1313300301	1	0
I?ABAagB_	10	11	10	1	8	1313300301	1	0
I?ABAagF_	10	12	10	2	8	2224411330	1	0
I?ABAaggO	10	11	10	1	7	0303033011	1	0
I?ABAagaO	10	11	10	1	7	0303033011	1	0
I?ABAagiO	10	12	10	1	6	1313133100	1	0
I?ABAagHO	10	11	10	1	8	2404224014	1	0
I?ABAagBO	10	11	10	1	8	2424222024	1	0
I?ABAagJO	10	12	10	2	7	1313113400	1	0
I?ABAag_o	10	11	10	1	7	3111330031	1	0
I?ABAagAo	10	11	10	1	7	3111330031	1	0
I?ABAagao	10	12	10	1	7	4222401130	1	0
I?ABAag@o	10	11	10	0	7	3111330031	1	0
I?ABAagBo	10	12	10	1	7	4222441130	1	0
I?ABAagDg	10	12	10	1	7	1313300301	1	0
I?ABAbgm?	10	13	10	0	6	1411133300	1	0
I?ABAbg}?	10	14	10	0	5	1411133300	1	0
I?ABAbgN?	10	13	10	1	7	4111442200	1	0
I?ABAbg^?	10	14	10	1	6	1411113300	1	0
I?ABAbge_	10	13	10	1	7	1441123002	1	0
I?ABAbgF_	10	13	10	2	7	0003331312	1	0
I?ABAbgiO	10	13	10	1	7	1113133100	1	0
I?ABAbgJO	10	13	10	2	7	1414113302	1	0
I?ABA_ww?	10	11	10	0	7	0003331331	1	0
I?ABA_wk?	10	11	10	0	7	0300033311	1	0
I?ABA_w[?	10	11	10	0	5	3000331111	1	0
I?ABA_w{?	10	12	10	0	6	3111330000	1	0
I?ABA_wY?	10	11	10	0	6	3003031311	1	0
I?ABA_wy?	10	12	10	0	7	1411133300	1	0
I?ABA_wm?	10	12	10	0	6	1311133300	1	0
I?ABA_w]?	10	12	10	0	6	3111130000	1	0
I?ABA_w}?	10	13	10	0	6	1411133300	1	0
I?ABA_wc_	10	11	10	1	8	0220220224	1	0
I?ABA_wa_	10	11	10	1	8	2444220001	1	0
I?ABA_we_	10	12	10	1	8	1311131300	1	0
I?ABA_w_o	10	11	10	0	7	3111330001	1	0
I?ABA_wAo	10	11	10	1	7	3111330001	1	0
I?ABA_wao	10	12	10	1	7	4222401130	1	0
I?ABAawm?	10	13	10	0	5	1311133300	1	0
I?ABAaw}?	10	14	10	0	5	1411133300	1	0
I?ABAawN?	10	13	10	1	7	1311113300	1	0
I?ABAaw^?	10	14	10	1	6	1411113300	1	0
I?ABA`wm?	10	13	10	0	6	4144422200	1	0
I?ABA`w}?	10	14	10	0	5	1411133300	1	0
I?ABA`we_	10	13	10	1	7	1441123002	1	0
I?ABAbw}?	10	15	10	0	4	1411133300	1	0
I?ABAbw^?	10	15	10	1	5	1411113300	1	0
I?ABAaQ{?	10	12	10	1	7	1441223020	1	0
I?ABAaQy?	10	12	10	1	7	1441423020	1	0
I?ABAaQu?	10	12	10	1	7	1131333000	1	0
I?ABAaQm?	10	12	10	1	7	1441423020	1	0
I?ABAaQ]?	10	12	10	1	7	3111330030	1	0
I?ABAaQ}?	10	13	10	1	6	1441423020	1	0
I?ABAaQT?	10	11	10	1	7	3030331111	1	0
I?ABAaQ\?	10	12	10	1	7	3111330030	1	0
I?ABAaQZ?	10	12	10	1	7	3113110340	1	0
I?ABAaQV?	10	12	10	1	8	3131330000	1	0
I?ABAaQN?	10	12	10	1	8	3441143020	1	0
I?ABAaQ^?	10	13	10	1	7	4141442220	1	0
I?ABAaQF_	10	12	10	2	7	0330002311	1	0
I?ABAaQgO	10	11	10	2	8	0133330011	1	0
I?ABAaQiO	10	12	10	2	8	1242423120	1	0
I?ABAaQHO	10	11	10	1	8	0220220242	1	0
I?ABAaQJO	10	12	10	1	7	2242442410	1	0
I?ABAaQZG	10	13	10	1	6	2142442210	1	0
I?ABAaQHW	10	12	10	1	7	3301331001	1	0
I?ABAaQJW	10	13	10	1	6	2242442410	1	0
I?ABAaIs?	10	11	10	1	7	0030333131	1	0
I?ABAaI{?	10	12	10	1	7	1444123020	1	0
I?ABAaIy?	10	12	10	1	7	1444113320	1	0
I?ABAaIu?	10	12	10	1	7	1444113320	1	0
I?ABAaIm?	10	12	10	1	7	1444113320	1	0
I?ABAaI]?	10	12	10	1	7	3111330030	1	0
I?ABAaI}?	10	13	10	1	6	1444113320	1	0
I?ABAaI\?	10	12	10	0	7	3111330030	1	0
I?ABAaIZ?	10	12	10	1	7	4111442230	1	0
I?ABAaIV?	10	12	10	1	7	4111442230	1	0
I?ABAaIN?	10	12	10	1	7	4111442230	1	0
I?ABAaI^?	10	13	10	1	6	4111442230	1	0
I?ABAaIe_	10	12	10	1	6	0330030311	1	0
I?ABAaIF_	10	12	10	2	7	2442220411	1	0
I?ABAaIgO	10	11	10	1	8	0133330011	1	0
I?ABAaIaO	10	11	10	0	7	0133030011	1	0
I?ABAaIiO	10	12	10	1	7	1313131400	1	0
I?ABAaIHO	10	11	10	1	8	2444220014	1	0
I?ABAaIBO	10	11	10	1	7	2444220011	1	0
I?ABAaIJO	10	12	10	2	8	0313112410	1	0
I?ABAaIao	10	12	10	0	6	0133030011	1	0
I?ABAaIBo	10	12	10	1	6	2444220011	1	0
I?ABAaI[G	10	12	10	0	5	3000331121	1	0
I?ABAaIXG	10	12	10	0	6	1003301301	1	0
I?ABAaITG	10	12	10	0	6	4242424101	1	0
I?ABAaILG	10	12	10	0	7	1303301301	1	0
I?ABAaI\G	10	13	10	0	6	2144242210	1	0
I?ABAaIHW	10	12	10	1	7	1303301201	1	0
I?ABA_Ys?	10	11	10	1	7	3030331111	1	0
I?ABA_Y[?	10	11	10	1	6	3000331131	1	0
I?ABA_Y{?	10	12	10	1	7	3111330030	1	0
I?ABA_Yy?	10	12	10	1	8	1113130310	1	0
I?ABA_Y]?	10	12	10	1	7	3111330030	1	0
I?ABA_Y}?	10	13	10	1	7	4141442220	1	0
I?ABA_Ye_	10	12	10	1	6	0330030311	1	0
I?ABA_YgO	10	11	10	1	8	2442220242	1	0
I?ABA_YIO	10	11	10	2	8	3133030011	1	0
I?ABA_YiO	10	12	10	2	8	4242422420	1	0
I?ABA_Yao	10	12	10	1	7	3133030011	1	0
I?ABAaY{?	10	13	10	1	7	1331104202	1	0
I?ABAaYm?	10	13	10	1	7	1311131300	1	0
I?ABAaY}?	10	14	10	1	6	1441123020	1	0
I?ABAaY\?	10	13	10	1	7	1331114402	1	0
I?ABAaYN?	10	13	10	2	7	4331134202	1	0
I?ABAaY^?	10	14	10	2	6	1441113320	1	0
I?ABAaYiO	10	13	10	2	8	1313131400	1	0
I?ABAaYJO	10	13	10	2	8	4031134102	1	0
I?ABAaJ{?	10	13	10	1	6	3111330040	1	0
I?ABAaJy?	10	13	10	2	6	1333104402	1	0
I?ABAaJm?	10	13	10	2	6	1333104402	1	0
I?ABAaJ]?	10	13	10	1	6	3000331121	1	0
I?ABAaJ}?	10	14	10	2	5	3111330042	1	0
I?ABAaJ\?	10	13	10	0	6	3000301121	1	0
I?ABAaJZ?	10	13	10	1	6	1333114402	1	0
I?ABAaJN?	10	13	10	1	6	1333114402	1	0
I?ABAaJ^?	10	14	10	1	5	3000331124	1	0
I?ABAaJao	10	13	10	0	5	0133030011	1	0
I?ABAaJBo	10	13	10	1	5	2444220011	1	0
I?ABAaJ\G	10	14	10	0	5	3000301121	1	0
I?ABEb_{?	10	13	10	0	5	0000331111	1	0
I?ABEb_y?	10	13	10	0	5	0003331111	1	0
I?ABEb_u?	10	13	10	0	6	0030333111	1	0
I?ABEb_]?	10	13	10	0	6	3000224441	1	0
I?ABEb_}?	10	14	10	0	5	1114422020	1	0
I?ABEb_\?	10	13	10	1	6	3000224441	1	0
I?ABEb_Z?	10	13	10	1	6	3000224441	1	0
I?ABEb_V?	10	13	10	1	6	3000224441	1	0
I?ABEb_N?	10	13	10	1	6	2000331114	1	0
I?ABEb_^?	10	14	10	1	5	3111442220	1	0
I?ABEao[?	10	12	10	0	6	0000331111	1	0
I?ABEao{?	10	13	10	0	5	0000331111	1	0
I?ABEaoy?	10	13	10	0	7	0000331111	1	0
I?ABEaou?	10	13	10	0	6	0030333111	1	0
I?ABEao]?	10	13	10	0	6	2444113330	1	0
I?ABEao}?	10	14	10	0	6	1111330000	1	0
I?ABEaoX?	10	12	10	1	7	0220043113	1	0
I?ABEao\?	10	13	10	1	6	2444113330	1	0
I?ABEaoZ?	10	13	10	1	6	2444113330	1	0
I?ABEaoV?	10	13	10	1	6	2000331114	1	0
I?ABEao^?	10	14	10	1	5	2000331114	1	0
I?ABEaoF_	10	13	10	1	7	2224411330	1	0
I?ABEaoBW	10	13	10	0	6	1111330004	1	0
I?ABEaoAw	10	13	10	0	6	1111330001	1	0
I?ABEao@w	10	13	10	0	6	1111330001	1	0
I?ABEaoBw	10	14	10	0	5	0000331112	1	0
I?ABEbo}?	10	15	10	0	5	1111330000	1	0
I?ABEboN?	10	14	10	1	5	4111330002	1	0
I?ABEbo^?	10	15	10	1	4	4111330002	1	0
I?ABEboF_	10	14	10	1	6	4441133002	1	0
I?ABEag[?	10	12	10	0	7	0222441141	1	0
I?ABEag{?	10	13	10	0	6	0222441141	1	0
I?ABEagu?	10	13	10	0	7	0030033111	1	0
I?ABEag]?	10	13	10	0	7	1144422200	1	0
I?ABEag}?	10	14	10	0	6	1144422200	1	0
I?ABEagX?	10	12	10	1	7	0220043113	1	0
I?ABEag\?	10	13	10	1	7	2444210330	1	0
I?ABEagV?	10	13	10	1	8	2424411310	1	0
I?ABEag^?	10	14	10	1	7	2444410330	1	0
I?ABEage_	10	13	10	1	7	0330012441	1	0
I?ABEagF_	10	13	10	2	7	2224411330	1	0
I?ABEagJO	10	13	10	2	7	4421203031	1	0
I?ABEagBo	10	13	10	1	7	1444220021	1	0
I?ABEag@w	10	13	10	0	6	1133300021	1	0
I?ABEbg{?	10	14	10	0	6	0000331111	1	0
I?ABEbg}?	10	15	10	0	5	1144422200	1	0
I?ABEbgN?	10	14	10	1	7	4411130002	1	0
I?ABEbg^?	10	15	10	1	6	3111140220	1	0
I?ABEbgF_	10	14	10	2	6	4441133002	1	0
I?ABEbgJO	10	14	10	2	6	1131302024	1	0
I?ABEbW{?	10	14	10	0	5	0030333111	1	0
I?ABEbW}?	10	15	10	0	5	1131133000	1	0
I?ABEbWN?	10	14	10	1	6	4131132002	1	0
I?ABEbW^?	10	15	10	1	5	3141140220	1	0
I?ABEbWF_	10	14	10	2	6	4421133002	1	0
I?ABEaw}?	10	15	10	0	5	1144422200	1	0
I?ABEaw\?	10	14	10	1	6	4111432002	1	0
I?ABEawN?	10	14	10	1	7	4411130002	1	0
I?ABEaw^?	10	15	10	1	6	3000021441	1	0
I?ABEawJO	10	14	10	2	6	1131302024	1	0
I?ABE`wm?	10	14	10	0	6	1144422200	1	0
I?ABE`w}?	10	15	10	0	5	1144422200	1	0
I?ABE`wN?	10	14	10	1	6	3111442200	1	0
I?ABE`w^?	10	15	10	1	5	3111442200	1	0
I?ABE`wF_	10	14	10	2	6	4441133002	1	0
I?ABE`wJO	10	14	10	2	6	1131302024	1	0
I?ABEbw}?	10	16	10	0	4	1144422200	1	0
I?ABEbw^?	10	16	10	1	5	4111130002	1	0
I?ABE`c{?	10	13	10	1	6	2002234141	1	0
I?ABE`cm?	10	13	10	1	6	1441123030	1	0
I?ABE`c}?	10	14	10	1	5	4114432020	1	0
I?ABE`cN?	10	13	10	1	7	4114412020	1	0
I?ABE`c^?	10	14	10	1	6	4114412020	1	0
I?ABE`ce_	10	13	10	1	6	1331104240	1	0
I?ABE`cF_	10	13	10	2	7	4224441310	1	0
I?ABE`cJO	10	13	10	1	7	1421023031	1	0
I?ABE`cBo	10	13	10	1	6	1444220031	1	0
I?ABE`ceg	10	14	10	1	5	3003301412	1	0
I?ABE`cAw	10	13	10	1	6	3113330001	1	0
I?ABE`S{?	10	13	10	1	6	0030333111	1	0
I?ABE`Sm?	10	13	10	1	7	1444123030	1	0
I?ABE`S}?	10	14	10	1	6	4111432020	1	0
I?ABE`Sc_	10	12	10	2	7	0030333111	1	0
I?ABE`Se_	10	13	10	2	8	1301424220	1	0
I?ABE`SIW	10	13	10	2	6	1131313004	1	0
I?ABE`SAw	10	13	10	1	6	3131330001	1	0
I?ABE_sw?	10	12	10	1	7	0003331131	1	0
I?ABE_sk?	10	12	10	1	7	0300333111	1	0
I?ABE_s[?	10	12	10	1	6	3000331111	1	0
I?ABE_s{?	10	13	10	1	6	1444220030	1	0
I?ABE_sy?	10	13	10	1	7	1444123030	1	0
I?ABE_su?	10	13	10	1	7	1131133030	1	0
I?ABE_sm?	10	13	10	1	7	1444123030	1	0
I?ABE_s]?	10	13	10	1	7	3111330000	1	0
I?ABE_s}?	10	14	10	1	6	1444123030	1	0
I?ABE_sc_	10	12	10	2	8	0030330131	1	0
I?ABE_se_	10	13	10	2	8	1331114220	1	0
I?ABE_sAw	10	13	10	1	7	3111330001	1	0
I?ABE`s}?	10	15	10	1	5	4111432020	1	0
I?ABE`sN?	10	14	10	1	6	3111442200	1	0
I?ABE`s^?	10	15	10	1	5	3111442200	1	0
I?ABE`Km?	10	13	10	1	7	1441423030	1	0
I?ABE`K}?	10	14	10	1	6	4114132020	1	0
I?ABE`Ke_	10	13	10	2	8	1331114220	1	0
I?ABE`KJO	10	13	10	1	7	1424223031	1	0
I?ABE`KBo	10	13	10	1	6	1444220031	1	0
I?ABE_kw?	10	12	10	1	7	0003331131	1	0
I?ABE_k{?	10	13	10	1	6	4111330020	1	0
I?ABE_ky?	10	13	10	1	7	1141420230	1	0
I?ABE_ku?	10	13	10	1	7	1131133030	1	0
I?ABE_km?	10	13	10	1	7	1141420230	1	0
I?ABE_k]?	10	13	10	1	7	4114132020	1	0
I?ABE_k}?	10	14	10	1	6	1141420230	1	0
I?ABE_kc_	10	12	10	1	7	0030330121	1	0
I?ABE_kE_	10	12	10	2	9	0030330020	1	0
I?ABE_ke_	10	13	10	2	8	1224421030	1	0
I?ABE`km?	10	14	10	1	6	3113140202	1	0
I?ABE`k}?	10	15	10	1	5	4114132020	1	0
I?ABE`kN?	10	14	10	1	6	3111442200	1	0
I?ABE`k^?	10	15	10	1	5	3111442200	1	0
I?ABE`kF_	10	14	10	2	7	0222441130	1	0
I?ABE`kJO	10	14	10	1	6	4131332024	1	0
I?ABE`[m?	10	14	10	1	7	3131142202	1	0
I?ABE`[}?	10	15	10	1	6	4141130020	1	0
I?ABE`[N?	10	14	10	1	6	3111442200	1	0
I?ABE`[^?	10	15	10	1	5	3111442200	1	0
I?ABE`[F_	10	14	10	2	7	3131144200	1	0
I?ABE_{}?	10	15	10	1	6	4411130020	1	0
I?ABE_{N?	10	14	10	1	6	3311113300	1	0
I?ABE_{^?	10	15	10	1	5	3111442200	1	0
I?ABE_{JO	10	14	10	2	6	3313113400	1	0
I?ABE`{^?	10	16	10	1	4	3111442200	1	0
I?ABEaY]?	10	14	10	1	6	1331104202	1	0
I?ABEaY}?	10	15	10	1	5	1441123020	1	0
I?ABEaY\?	10	14	10	2	7	4131134002	1	0
I?ABEaYZ?	10	14	10	2	7	4131134002	1	0
I?ABEaYV?	10	14	10	2	7	4131134002	1	0
I?ABEaYN?	10	14	10	2	7	4131134002	1	0
I?ABEaY^?	10	15	10	2	6	3141143220	1	0
I?ABEaYBo	10	14	10	2	6	3113020241	1	0
I?ABE_]m?	10	14	10	2	6	3331144202	1	0
I?ABE_]}?	10	15	10	2	5	2220033141	1	0
I?ABE_]\?	10	14	10	2	7	1331114202	1	0
I?ABE_]N?	10	14	10	2	7	2224411300	1	0
I?ABE_]^?	10	15	10	2	6	1441113020	1	0
I?ABE_]JO	10	14	10	2	7	4101331024	1	0
I?ABE_]Bo	10	14	10	1	6	1444220011	1	0
I?ABE_l}?	10	15	10	2	5	1141420230	1	0
I?ABBb_{?	10	13	10	0	5	0000331111	1	0
I?ABBb_y?	10	13	10	0	5	0003331111	1	0
I?ABBb_u?	10	13	10	0	5	2002224441	1	0
I?ABBb_]?	10	13	10	0	5	3000331111	1	0
I?ABBb_}?	10	14	10	0	4	4114442220	1	0
I?ABBb_\?	10	13	10	1	5	3000331111	1	0
I?ABBb_Z?	10	13	10	1	5	3003331111	1	0
I?ABBb_V?	10	13	10	1	5	2002224441	1	0
I?ABBb_^?	10	14	10	1	4	3113330002	1	0
I?ABBb_e_	10	13	10	1	6	1331114440	1	0
I?ABBb_F_	10	13	10	1	6	0003331112	1	0
I?ABBb_FG	10	13	10	1	6	1113330004	1	0
I?ABBb_Dg	10	13	10	1	6	3113330001	1	0
I?ABBb_Fg	10	14	10	1	5	0003331112	1	0
I?ABBb_BW	10	13	10	0	6	3113330001	1	0
I?ABBb_Aw	10	13	10	0	4	3113330001	1	0
I?ABBb_@w	10	13	10	0	4	3113330001	1	0
I?ABBb_Bw	10	14	10	0	5	3003331110	1	0
I?ABBbOm?	10	13	10	0	6	1444113330	1	0
I?ABBbO}?	10	14	10	0	5	4111442220	1	0
I?ABBbON?	10	13	10	1	6	2000331114	1	0
I?ABBbO^?	10	14	10	1	5	3111330002	1	0
I?ABBbOe_	10	13	10	1	7	1331104220	1	0
I?ABBbOF_	10	13	10	1	7	2224411330	1	0
I?ABBbOBW	10	13	10	0	6	1111330004	1	0
I?ABBbOAw	10	13	10	0	5	3111330001	1	0
I?ABBbO@w	10	13	10	0	5	3111330001	1	0
I?ABBbOBw	10	14	10	0	5	0000331112	1	0
I?ABB`o{?	10	13	10	0	3	3000331111	1	0
I?ABB`oy?	10	13	10	0	4	3000331114	1	0
I?ABB`ou?	10	13	10	0	4	2000224441	1	0
I?ABB`o]?	10	13	10	0	3	3000331111	1	0
I?ABB`o}?	10	14	10	0	3	3111330002	1	0
I?ABB`oe_	10	13	10	1	6	3000331112	1	0
I?ABBbo{?	10	14	10	0	4	0000331111	1	0
I?ABBbo}?	10	15	10	0	4	4111442220	1	0
I?ABBbo\?	10	14	10	1	4	3000331111	1	0
I?ABBbo^?	10	15	10	1	4	3111330002	1	0
I?ABBbG{?	10	13	10	0	6	2000331131	1	0
I?ABBbGi?	10	12	10	0	7	0224241311	1	0
I?ABBbGy?	10	13	10	0	6	2003031411	1	0
I?ABBbGm?	10	13	10	0	7	1144422020	1	0
I?ABBbG}?	10	14	10	0	6	1144422020	1	0
I?ABBbGN?	10	13	10	1	7	3114142020	1	0
I?ABBbG^?	10	14	10	1	6	3114142020	1	0
I?ABBbGe_	10	13	10	1	7	1331104220	1	0
I?ABBbGF_	10	13	10	2	7	3003331142	1	0
I?ABBbGao	10	13	10	1	6	2444210031	1	0
I?ABBbGBo	10	13	10	1	6	2444220031	1	0
I?ABBbGLG	10	13	10	1	7	1422103301	1	0
I?ABBbGDg	10	13	10	1	6	1442420301	1	0
I?ABBbG@w	10	13	10	0	6	3113330001	1	0
I?ABB`g{?	10	13	10	0	5	3000331111	1	0
I?ABB`g]?	10	13	10	0	5	3000031111	1	0
I?ABB`g}?	10	14	10	0	4	4114442220	1	0
I?ABB`ge_	10	13	10	1	6	3003331112	1	0
I?ABB`gao	10	13	10	1	6	3113330001	1	0
I?ABB`g_w	10	13	10	0	4	3113330001	1	0
I?ABBbg{?	10	14	10	0	5	2000224414	1	0
I?ABBbgy?	10	14	10	0	5	2003031411	1	0
I?ABBbg]?	10	14	10	0	5	2000224414	1	0
I?ABBbg}?	10	15	10	0	5	4111432200	1	0
I?ABBbg\?	10	14	10	1	5	3000321141	1	0
I?ABBbgZ?	10	14	10	1	6	3003031111	1	0
I?ABBbg^?	10	15	10	1	5	4111442200	1	0
I?ABBbge_	10	14	10	1	6	1441123002	1	0
I?ABBbgF_	10	14	10	2	6	3003331142	1	0
I?ABBbWm?	10	14	10	0	6	1441113300	1	0
I?ABBbW}?	10	15	10	0	5	4111432200	1	0
I?ABBbWN?	10	14	10	1	6	4111442200	1	0
I?ABBbW^?	10	15	10	1	5	4111442200	1	0
I?ABB`w{?	10	14	10	0	4	3000331111	1	0
I?ABB`w]?	10	14	10	0	4	3000031111	1	0
I?ABB`w}?	10	15	10	0	4	4111442220	1	0
I?ABB`we_	10	14	10	1	6	1441123002	1	0
I?ABBbw}?	10	16	10	0	4	4111432200	1	0
I?ABBbw^?	10	16	10	1	4	4111442200	1	0
I?ABBaY{?	10	14	10	1	6	1331104202	1	0
I?ABBaYu?	10	14	10	1	6	1331104202	1	0
I?ABBaY}?	10	15	10	1	5	1441123020	1	0
I?ABBaY\?	10	14	10	1	6	4331134202	1	0
I?ABBaYV?	10	14	10	2	6	3003331124	1	0
I?ABBaY^?	10	15	10	2	5	3003331124	1	0
I?ABBaYao	10	14	10	1	6	3111310044	1	0
I?ABBaYBo	10	14	10	2	6	3111330044	1	0
I?ABFbo{?	10	15	10	0	3	0000331111	1	0
I?ABFbo}?	10	16	10	0	4	1111330000	1	0
I?ABFbo^?	10	16	10	1	3	4111330002	1	0
I?ABFboBw	10	16	10	0	3	1111330004	1	0
I?ABFbg{?	10	15	10	0	5	0000331111	1	0
I?ABFbg}?	10	16	10	0	5	1111133000	1	0
I?ABFbg^?	10	16	10	1	5	3111140220	1	0
I?ABFbw}?	10	17	10	0	4	1111133000	1	0
I?ABFbw^?	10	17	10	1	4	4111130002	1	0
I?ABF`s}?	10	16	10	1	4	4111432020	1	0
I?ABF`k}?	10	16	10	1	4	4114132020	1	0
I?ABF`{^?	10	17	10	1	3	3111442200	1	0
I?AB?r_w?	10	11	10	0	4	0003331311	1	0
I?AB?r_{?	10	12	10	0	5	1113330300	1	0
I?AB?r_u?	10	12	10	0	7	1113330300	1	0
I?AB?r_]?	10	12	10	0	6	3113330300	1	0
I?AB?r_}?	10	13	10	0	6	1113330300	1	0
I?AB?r_X?	10	11	10	1	5	3003331311	1	0
I?AB?r_\?	10	12	10	1	6	3113330300	1	0
I?AB?r_F?	10	11	10	0	7	4442220202	1	0
I?AB?r_V?	10	12	10	1	7	3114442020	1	0
I?AB?r_^?	10	13	10	1	6	3114442020	1	0
I?AB?r_c_	10	11	10	1	7	1113330301	1	0
I?AB?r_E_	10	11	10	0	7	1113330301	1	0
I?AB?r_e_	10	12	10	1	7	1331104020	1	0
I?AB?r_D_	10	11	10	0	7	1113300301	1	0
I?AB?r_F_	10	12	10	0	6	2224441010	1	0
I?AB?r_oO	10	11	10	0	6	0003331211	1	0
I?AB?r_WO	10	11	10	0	5	3003331311	1	0
I?AB?r_wO	10	12	10	0	5	1113330300	1	0
I?AB?r_XO	10	12	10	1	6	3113330300	1	0
I?AB?r__o	10	11	10	1	7	1113330301	1	0
I?AB?r_@o	10	11	10	0	7	1113300201	1	0
I?AB?r_FG	10	12	10	0	6	1113330304	1	0
I?AB?r_Eg	10	12	10	0	6	1113330301	1	0
I?AB?r_Dg	10	12	10	0	6	1113300301	1	0
I?AB?r_Fg	10	13	10	0	5	0003331212	1	0
I?AB?r_@w	10	12	10	0	6	1113300201	1	0
I?AB?rOs?	10	11	10	0	5	0030333311	1	0
I?AB?rO[?	10	11	10	0	6	3000331311	1	0
I?AB?rO{?	10	12	10	0	6	1111330300	1	0
I?AB?rOy?	10	12	10	0	7	1113330300	1	0
I?AB?rO]?	10	12	10	0	7	3111330300	1	0
I?AB?rO}?	10	13	10	0	7	1111133300	1	0
I?AB?rOT?	10	11	10	1	7	0030303311	1	0
I?AB?rO\?	10	12	10	1	7	3111330300	1	0
I?AB?rOJ?	10	11	10	1	8	4424222202	1	0
I?AB?rOZ?	10	12	10	1	8	3113330300	1	0
I?AB?rO^?	10	13	10	1	7	3111442020	1	0
I?AB?rOc_	10	11	10	1	7	0030330311	1	0
I?AB?rOa_	10	11	10	1	8	0222020224	1	0
I?AB?rOe_	10	12	10	1	7	1331104020	1	0
I?AB?rOB_	10	11	10	1	8	1133300301	1	0
I?AB?rOF_	10	12	10	1	7	3331144020	1	0
I?AB?rO_o	10	11	10	1	8	3131330001	1	0
I?AB?rO@o	10	11	10	0	8	3131330001	1	0
I?AB?rOJG	10	12	10	2	7	4424222201	1	0
I?AB?rOBg	10	12	10	1	7	1133300301	1	0
I?AB?rO@w	10	12	10	0	7	3131330001	1	0
I?AB?pow?	10	11	10	0	5	3003331311	1	0
I?AB?po[?	10	11	10	0	4	3000331311	1	0
I?AB?po{?	10	12	10	0	5	3111330300	1	0
I?AB?poY?	10	11	10	0	5	3003331311	1	0
I?AB?poy?	10	12	10	0	6	3113330300	1	0
I?AB?poU?	10	11	10	0	6	3000331311	1	0
I?AB?pou?	10	12	10	0	7	3111330300	1	0
I?AB?po]?	10	12	10	0	5	3111330300	1	0
I?AB?po}?	10	13	10	0	6	3111330300	1	0
I?AB?poc_	10	11	10	1	7	3111330301	1	0
I?AB?poa_	10	11	10	1	7	2444220201	1	0
I?AB?poE_	10	11	10	1	7	3111330301	1	0
I?AB?poe_	10	12	10	1	7	4331134020	1	0
I?AB?poWO	10	11	10	1	5	3003331311	1	0
I?AB?powO	10	12	10	1	6	3113330300	1	0
I?AB?po_o	10	11	10	0	7	3111330001	1	0
I?AB?poag	10	12	10	1	6	3111330301	1	0
I?AB?po_w	10	12	10	0	6	3111330001	1	0
I?AB?ro{?	10	13	10	0	5	1111330300	1	0
I?AB?roy?	10	13	10	0	6	1113330300	1	0
I?AB?rou?	10	13	10	0	7	1111133300	1	0
I?AB?ro]?	10	13	10	0	6	3111330300	1	0
I?AB?ro}?	10	14	10	0	6	1111133300	1	0
I?AB?ro\?	10	13	10	1	6	3111330300	1	0
I?AB?roZ?	10	13	10	1	7	3113330300	1	0
I?AB?roV?	10	13	10	1	7	4141130202	1	0
I?AB?ro^?	10	14	10	1	6	3111442020	1	0
I?AB?roe_	10	13	10	1	6	1441123202	1	0
I?AB?roF_	10	13	10	1	6	1114422303	1	0
I?AB?rowO	10	13	10	1	6	1113330300	1	0
I?AB?roXO	10	13	10	2	6	4114432302	1	0
I?AB?pw]?	10	13	10	0	5	3111130000	1	0
I?AB?pw}?	10	14	10	0	6	1111133300	1	0
I?AB?pwe_	10	13	10	1	6	3441143202	1	0
I?AB?rw}?	10	15	10	0	5	1111133300	1	0
I?AB?rw^?	10	15	10	1	6	1114412300	1	0
I?AB?qQ{?	10	12	10	1	7	1441123220	1	0
I?AB?qQy?	10	12	10	1	7	1441123220	1	0
I?AB?qQu?	10	12	10	1	7	1421423020	1	0
I?AB?qQ]?	10	12	10	1	7	1441423020	1	0
I?AB?qQ}?	10	13	10	1	6	1441123220	1	0
I?AB?qQ\?	10	12	10	1	7	1441143220	1	0
I?AB?qQZ?	10	12	10	1	7	2442410310	1	0
I?AB?qQV?	10	12	10	1	7	3441143220	1	0
I?AB?qQ^?	10	13	10	1	6	1441143220	1	0
I?AB?qQe_	10	12	10	0	5	0330032111	1	0
I?AB?qQF_	10	12	10	1	6	4442220141	1	0
I?AB?qQoO	10	11	10	1	8	0220220242	1	0
I?AB?qQwO	10	12	10	1	7	1113330410	1	0
I?AB?qQPO	10	11	10	0	7	2442240110	1	0
I?AB?qQXO	10	12	10	0	6	2442240110	1	0
I?AB?qQZG	10	13	10	1	6	2442410310	1	0
I?AB?qQWW	10	12	10	0	6	3001331001	1	0
I?AB?qQPW	10	12	10	0	6	4224421001	1	0
I?AB?qQXW	10	13	10	0	5	3113310440	1	0
I?AB?oY{?	10	12	10	1	6	4441143220	1	0
I?AB?oYu?	10	12	10	1	6	4441143220	1	0
I?AB?oY]?	10	12	10	1	6	4441143220	1	0
I?AB?oY}?	10	13	10	1	5	4441143220	1	0
I?AB?oYe_	10	12	10	0	5	3330030111	1	0
I?AB?oYoO	10	11	10	0	7	0003300220	1	0
I?AB?oYWO	10	11	10	0	7	2442220240	1	0
I?AB?oYwO	10	12	10	0	6	4442220110	1	0
I?AB?oYWW	10	12	10	0	6	3001131001	1	0
I?AB?oYwW	10	13	10	0	5	1113310440	1	0
I?AB?qY}?	10	14	10	1	5	1441123220	1	0
I?AB?qY^?	10	14	10	2	5	2114412330	1	0
I?AB?qYwO	10	13	10	1	7	2224424001	1	0
I?AB?qYXO	10	13	10	0	5	4224421001	1	0
I?AB?qYXW	10	14	10	0	4	4224421001	1	0
I?ABCr_{?	10	13	10	0	6	2000331311	1	0
I?ABCr_u?	10	13	10	0	6	0032244141	1	0
I?ABCr_]?	10	13	10	0	6	1114422020	1	0
I?ABCr_}?	10	14	10	0	5	1114422020	1	0
I?ABCr_\?	10	13	10	1	7	2441113130	1	0
I?ABCr_V?	10	13	10	1	7	2441113130	1	0
I?ABCr_^?	10	14	10	1	6	0003331414	1	0
I?ABCr_e_	10	13	10	1	6	0330012141	1	0
I?ABCr_F_	10	13	10	1	6	2224411310	1	0
I?ABCr_Fg	10	14	10	1	5	0003311412	1	0
I?ABCr_@w	10	13	10	0	5	1113300201	1	0
I?ABCrO{?	10	13	10	0	6	0030333111	1	0
I?ABCrOy?	10	13	10	0	7	0030033111	1	0
I?ABCrOu?	10	13	10	0	5	0030033111	1	0
I?ABCrOm?	10	13	10	0	6	0330033111	1	0
I?ABCrO]?	10	13	10	0	7	0030033111	1	0
I?ABCrO}?	10	14	10	0	6	1131133000	1	0
I?ABCrO\?	10	13	10	1	7	2414210330	1	0
I?ABCrOZ?	10	13	10	1	7	2412410330	1	0
I?ABCrOV?	10	13	10	1	7	0030033111	1	0
I?ABCrON?	10	13	10	1	7	2414410330	1	0
I?ABCrO^?	10	14	10	1	6	2414410330	1	0
I?ABCrOe_	10	13	10	1	6	0330032111	1	0
I?ABCrOF_	10	13	10	2	7	2204411330	1	0
I?ABCrOXO	10	13	10	1	6	4224401031	1	0
I?ABCrOHW	10	13	10	1	6	1331303001	1	0
I?ABCrO@w	10	13	10	0	6	1331302001	1	0
I?ABCpow?	10	12	10	0	6	0220003033	1	0
I?ABCpos?	10	12	10	0	7	0030333111	1	0
I?ABCpo[?	10	12	10	0	5	3000331311	1	0
I?ABCpo{?	10	13	10	0	6	1444220200	1	0
I?ABCpoY?	10	12	10	0	6	2002224244	1	0
I?ABCpoy?	10	13	10	0	7	4114432300	1	0
I?ABCpou?	10	13	10	0	7	1131133000	1	0
I?ABCpo]?	10	13	10	0	6	3111330200	1	0
I?ABCpo}?	10	14	10	0	6	1441123200	1	0
I?ABCpoX?	10	12	10	1	6	3003331311	1	0
I?ABCpo\?	10	13	10	1	6	3111330200	1	0
I?ABCpoZ?	10	13	10	1	7	3113330300	1	0
I?ABCpoV?	10	13	10	1	7	4111442020	1	0
I?ABCpo^?	10	14	10	1	6	4111442020	1	0
I?ABCpoc_	10	12	10	1	7	0330312441	1	0
I?ABCpoa_	10	12	10	1	7	0442240131	1	0
I?ABCpoe_	10	13	10	1	6	4224401030	1	0
I?ABCpoB_	10	12	10	1	7	3111330204	1	0
I?ABCpoF_	10	13	10	2	7	3003331212	1	0
I?ABCpoag	10	13	10	1	6	2444210301	1	0
I?ABCpoBg	10	13	10	1	6	2444220301	1	0
I?ABCpo@w	10	13	10	0	6	3111330201	1	0
I?ABCro}?	10	15	10	0	5	1441123200	1	0
I?ABCro^?	10	15	10	1	6	4111130002	1	0
I?ABCroXO	10	14	10	2	5	1331104024	1	0
I?ABCqW{?	10	13	10	0	6	0330033111	1	0
I?ABCqWu?	10	13	10	0	4	0330033111	1	0
I?ABCqW]?	10	13	10	0	6	0330033111	1	0
I?ABCqW}?	10	14	10	0	5	1331133000	1	0
I?ABCqW\?	10	13	10	1	6	0330032114	1	0
I?ABCqWV?	10	13	10	1	6	0330033111	1	0
I?ABCqW^?	10	14	10	1	5	0330032114	1	0
I?ABCqWF_	10	13	10	1	6	0330002111	1	0
I?ABCqWWW	10	13	10	0	5	1331133001	1	0
I?ABCqWPW	10	13	10	0	5	1331103001	1	0
I?ABCqWXW	10	14	10	0	4	0330032112	1	0
I?ABCqW@w	10	13	10	0	5	1331102001	1	0
I?ABCrW}?	10	15	10	0	5	1131133000	1	0
I?ABCrW^?	10	15	10	1	5	3141140220	1	0
I?ABCrWXO	10	14	10	1	5	1331104024	1	0
I?ABCpw{?	10	14	10	0	6	1441123200	1	0
I?ABCpwu?	10	14	10	0	6	1131133000	1	0
I?ABCpw]?	10	14	10	0	6	3111130000	1	0
I?ABCpw}?	10	15	10	0	5	1441123200	1	0
I?ABCpw\?	10	14	10	1	6	2114412300	1	0
I?ABCpw^?	10	15	10	1	5	2114412300	1	0
I?ABCpwe_	10	14	10	1	5	3441143202	1	0
I?ABCpwF_	10	14	10	2	6	4441133002	1	0
I?ABCpwXO	10	14	10	2	5	1331104024	1	0
I?ABCrw}?	10	16	10	0	4	1441123200	1	0
I?ABCpcw?	10	12	10	1	6	3003331311	1	0
I?ABCpc{?	10	13	10	1	6	1441123230	1	0
I?ABCpcu?	10	13	10	1	6	1441123230	1	0
I?ABCpc]?	10	13	10	1	6	4114412320	1	0
I?ABCpc}?	10	14	10	1	5	4114412320	1	0
I?ABCpcX?	10	12	10	0	5	3003301211	1	0
I?ABCpc\?	10	13	10	1	6	2442210300	1	0
I?ABCpcV?	10	13	10	1	6	2114412320	1	0
I?ABCpc^?	10	14	10	1	5	2114412320	1	0
I?ABCpcc_	10	12	10	0	6	0330032121	1	0
I?ABCpcE_	10	12	10	0	6	2442240101	1	0
I?ABCpce_	10	13	10	0	5	4224421010	1	0
I?ABCpcD_	10	12	10	1	7	3003301210	1	0
I?ABCpcF_	10	13	10	1	7	1331114240	1	0
I?ABCpcXO	10	13	10	0	4	3003301211	1	0
I?ABCpceG	10	13	10	0	5	0330032121	1	0
I?ABCpccg	10	13	10	0	5	2442240101	1	0
I?ABCpcEg	10	13	10	0	5	2442240101	1	0
I?ABCpceg	10	14	10	0	4	3003301212	1	0
I?ABCpS{?	10	13	10	1	7	1444123030	1	0
I?ABCpSy?	10	13	10	1	7	1444123030	1	0
I?ABCpSu?	10	13	10	1	7	1131133000	1	0
I?ABCpSm?	10	13	10	1	7	1311133030	1	0
I?ABCpS]?	10	13	10	1	7	4111432020	1	0
I?ABCpS}?	10	14	10	1	6	1444123030	1	0
I?ABCpSX?	10	12	10	1	7	1003301241	1	0
I?ABCpS\?	10	13	10	1	6	3111340200	1	0
I?ABCpSZ?	10	13	10	1	7	2114412300	1	0
I?ABCpSV?	10	13	10	1	7	2114412300	1	0
I?ABCpSN?	10	13	10	1	7	3441143200	1	0
I?ABCpS^?	10	14	10	1	6	2114412300	1	0
I?ABCpSa_	10	12	10	1	7	0442240131	1	0
I?ABCpSe_	10	13	10	1	6	1224421030	1	0
I?ABCpSD_	10	12	10	2	8	3030300311	1	0
I?ABCpSB_	10	12	10	2	8	0330002141	1	0
I?ABCpSF_	10	13	10	2	7	1331114020	1	0
I?ABCpSiG	10	13	10	2	7	2424213301	1	0
I?ABCpSag	10	13	10	1	6	2444210301	1	0
I?ABCps{?	10	14	10	1	6	3111340202	1	0
I?ABCpsy?	10	14	10	1	6	3111340202	1	0
I?ABCpsu?	10	14	10	1	6	3141140202	1	0
I?ABCps}?	10	15	10	1	5	3111340202	1	0
I?ABCps\?	10	14	10	1	5	3111340200	1	0
I?ABCpsZ?	10	14	10	1	6	2114412300	1	0
I?ABCps^?	10	15	10	1	5	2114412300	1	0
I?ABCpse_	10	14	10	1	5	3441143202	1	0
I?ABCpsF_	10	14	10	2	6	1441113202	1	0
I?ABCpsXO	10	14	10	1	5	3113310400	1	0
I?ABCo[{?	10	13	10	1	7	1441113220	1	0
I?ABCo[e?	10	12	10	1	5	0330033111	1	0
I?ABCo[u?	10	13	10	1	6	1331133000	1	0
I?ABCo[]?	10	13	10	1	7	3331133000	1	0
I?ABCo[}?	10	14	10	1	6	1441113220	1	0
I?ABCo[e_	10	13	10	1	6	1331133000	1	0
I?ABCo[XO	10	13	10	1	6	1224421031	1	0
I?ABCo[WW	10	13	10	1	5	4224441001	1	0
I?ABCp[{?	10	14	10	1	7	1441143200	1	0
I?ABCp[u?	10	14	10	1	6	1131133000	1	0
I?ABCp[m?	10	14	10	1	6	3411140202	1	0
I?ABCp[]?	10	14	10	1	6	2114412300	1	0
I?ABCp[}?	10	15	10	1	6	1441143200	1	0
I?ABCp[\?	10	14	10	1	6	2114412300	1	0
I?ABCp[V?	10	14	10	1	6	3131113000	1	0
I?ABCp[N?	10	14	10	1	6	3441143200	1	0
I?ABCp[^?	10	15	10	1	5	2114412300	1	0
I?ABCp[e_	10	14	10	2	5	3441143202	1	0
I?ABCp[F_	10	14	10	2	6	1441113202	1	0
I?ABCp[XO	10	14	10	2	5	4331134024	1	0
I?ABCp{}?	10	16	10	1	5	1441113200	1	0
I?ABCp{^?	10	16	10	1	4	2114412300	1	0
I?ABCqY}?	10	15	10	1	4	1441123220	1	0
I?ABCqY^?	10	15	10	2	4	1331134002	1	0
I?ABCqYe_	10	14	10	0	3	0330032111	1	0
I?ABCqYXO	10	14	10	0	4	4224421001	1	0
I?ABCo]{?	10	14	10	2	6	3331144202	1	0
I?ABCo]u?	10	14	10	2	6	3301144202	1	0
I?ABCo]}?	10	15	10	2	5	4441133020	1	0
I?ABCo]^?	10	15	10	2	5	1441113220	1	0
I?ABCo]XO	10	14	10	1	6	0220003443	1	0
I?ABCpd}?	10	15	10	2	4	1441123230	1	0
I?ABCpd^?	10	15	10	2	4	1441143230	1	0
I?ABCpdeg	10	15	10	0	3	0330032121	1	0
I?ABAr_{?	10	13	10	0	6	0003331311	1	0
I?ABAr_m?	10	13	10	0	6	1114422020	1	0
I?ABAr_}?	10	14	10	0	5	1114422020	1	0
I?ABAr_N?	10	13	10	1	6	3114442020	1	0
I?ABAr_^?	10	14	10	1	5	3114442020	1	0
I?ABAr_e_	10	13	10	1	7	1331104220	1	0
I?ABAr_F_	10	13	10	1	6	0003311412	1	0
I?ABAr_Eg	10	13	10	1	6	1442220301	1	0
I?ABAr_Dg	10	13	10	1	6	1113300204	1	0
I?ABAr_Fg	10	14	10	1	5	0003311412	1	0
I?ABAr_@w	10	13	10	0	5	1114422021	1	0
I?ABArO{?	10	13	10	0	6	0030333111	1	0
I?ABArOu?	10	13	10	0	5	0030033111	1	0
I?ABArOm?	10	13	10	0	7	1131133000	1	0
I?ABArO}?	10	14	10	0	6	1131133000	1	0
I?ABArON?	10	13	10	1	7	3111442020	1	0
I?ABArO^?	10	14	10	1	6	3111442020	1	0
I?ABArOc_	10	12	10	1	7	0030333111	1	0
I?ABArOe_	10	13	10	1	7	1331104220	1	0
I?ABArOF_	10	13	10	2	7	2204411330	1	0
I?ABArOBg	10	13	10	1	6	1444220301	1	0
I?ABArOHW	10	13	10	1	6	1424423001	1	0
I?ABArO@w	10	13	10	0	6	3131330001	1	0
I?ABAqow?	10	12	10	0	7	0002224244	1	0
I?ABAqos?	10	12	10	0	7	0030333111	1	0
I?ABAqo[?	10	12	10	0	6	3000331111	1	0
I?ABAqo{?	10	13	10	0	6	1444220300	1	0
I?ABAqoY?	10	12	10	0	7	3003031131	1	0
I?ABAqoy?	10	13	10	0	7	1414422020	1	0
I?ABAqou?	10	13	10	0	7	1131133000	1	0
I?ABAqom?	10	13	10	0	7	1311133000	1	0
I?ABAqo]?	10	13	10	0	7	3111130000	1	0
I?ABAqo}?	10	14	10	0	6	1414422020	1	0
I?ABAqoX?	10	12	10	1	7	2002234114	1	0
I?ABAqo\?	10	13	10	1	7	3111330000	1	0
I?ABAqoZ?	10	13	10	1	7	3111442020	1	0
I?ABAqoV?	10	13	10	1	7	3131113030	1	0
I?ABAqoN?	10	13	10	1	7	3111442020	1	0
I?ABAqo^?	10	14	10	1	6	3111442020	1	0
I?ABAqoc_	10	12	10	1	7	0330312441	1	0
I?ABAqoa_	10	12	10	1	7	0333012441	1	0
I?ABAqoe_	10	13	10	1	7	1331104220	1	0
I?ABAqoB_	10	12	10	1	7	4111330204	1	0
I?ABAqoF_	10	13	10	2	7	3331144220	1	0
I?ABAqoRG	10	13	10	2	7	1311331404	1	0
I?ABAqoBg	10	13	10	1	6	1444220301	1	0
I?ABAqo@w	10	13	10	0	6	1414422021	1	0
I?ABApom?	10	13	10	0	6	4111442220	1	0
I?ABApo]?	10	13	10	0	5	3000031111	1	0
I?ABApo}?	10	14	10	0	5	4111442220	1	0
I?ABApoe_	10	13	10	1	7	1224401330	1	0
I?ABApoag	10	13	10	1	6	3111330004	1	0
I?ABApo_w	10	13	10	0	5	3111330001	1	0
I?ABAro}?	10	15	10	0	6	1111133000	1	0
I?ABAro^?	10	15	10	1	5	3111442020	1	0
I?ABAroe_	10	14	10	1	6	1441123002	1	0
I?ABAroF_	10	14	10	2	6	4441133002	1	0
I?ABAqW{?	10	13	10	0	7	1131133000	1	0
I?ABAqWU?	10	12	10	0	5	3030033111	1	0
I?ABAqWu?	10	13	10	0	5	1131133000	1	0
I?ABAqWm?	10	13	10	0	6	1331133000	1	0
I?ABAqW]?	10	13	10	0	6	3131133000	1	0
I?ABAqW}?	10	14	10	0	6	1131133000	1	0
I?ABAqW\?	10	13	10	1	7	3141140220	1	0
I?ABAqWV?	10	13	10	1	6	3131133000	1	0
I?ABAqWN?	10	13	10	1	7	3331133000	1	0
I?ABAqW^?	10	14	10	1	6	3141140220	1	0
I?ABAqWE_	10	12	10	1	6	3330033111	1	0
I?ABAqWe_	10	13	10	1	6	1331133000	1	0
I?ABAqWF_	10	13	10	2	7	3331133000	1	0
I?ABAqWXG	10	13	10	1	6	1331104204	1	0
I?ABAqWHW	10	13	10	1	6	1131133004	1	0
I?ABAqW@w	10	13	10	0	6	4424422001	1	0
I?ABApWu?	10	13	10	0	4	3030033111	1	0
I?ABApWm?	10	13	10	0	6	3030033111	1	0
I?ABApW]?	10	13	10	0	4	3030033111	1	0
I?ABApW}?	10	14	10	0	5	3131133000	1	0
I?ABApWe_	10	13	10	1	6	3030033111	1	0
I?ABApWgW	10	13	10	1	5	3131133001	1	0
I?ABApW_w	10	13	10	0	5	3131130001	1	0
I?ABArW}?	10	15	10	0	5	1131133000	1	0
I?ABArW^?	10	15	10	1	5	3141140220	1	0
I?ABArWe_	10	14	10	1	6	1131133000	1	0
I?ABArWF_	10	14	10	2	6	4421133002	1	0
I?ABAoww?	10	12	10	0	7	3002224114	1	0
I?ABAow[?	10	12	10	0	6	3000031111	1	0
I?ABAow{?	10	13	10	0	7	3111130000	1	0
I?ABAowU?	10	12	10	0	5	3030033111	1	0
I?ABAowu?	10	13	10	0	6	3131133000	1	0
I?ABAow]?	10	13	10	0	5	3111130000	1	0
I?ABAow}?	10	14	10	0	6	3111130000	1	0
I?ABAowe_	10	13	10	1	7	3331133000	1	0
I?ABAow_w	10	13	10	0	6	3111130001	1	0
I?ABAqw{?	10	14	10	0	7	1111133000	1	0
I?ABAqwu?	10	14	10	0	6	1131133000	1	0
I?ABAqwm?	10	14	10	0	6	1311133000	1	0
I?ABAqw]?	10	14	10	0	6	3111130000	1	0
I?ABAqw}?	10	15	10	0	6	1111133000	1	0
I?ABAqw\?	10	14	10	1	6	4111432002	1	0
I?ABAqwV?	10	14	10	1	6	4141130202	1	0
I?ABAqwN?	10	14	10	1	7	3311133000	1	0
I?ABAqw^?	10	15	10	1	6	3411140020	1	0
I?ABAqwe_	10	14	10	1	6	1441123002	1	0
I?ABAqwF_	10	14	10	2	6	4441133002	1	0
I?ABApw}?	10	15	10	0	5	3111130000	1	0
I?ABApwe_	10	14	10	1	6	3441123002	1	0
I?ABArw}?	10	16	10	0	5	1111133000	1	0
I?ABArw^?	10	16	10	1	5	4111130002	1	0
I?ABAqY}?	10	15	10	1	5	1441123020	1	0
I?ABAqY^?	10	15	10	2	5	3441143020	1	0
I?ABEro}?	10	16	10	0	5	1111133000	1	0
I?ABEro^?	10	16	10	1	5	3111140220	1	0
I?ABErW}?	10	16	10	0	4	1131133000	1	0
I?ABErWN?	10	15	10	1	5	4131132002	1	0
I?ABErW^?	10	16	10	1	4	3141140220	1	0
I?ABEqw}?	10	16	10	0	5	1111133000	1	0
I?ABEqw\?	10	15	10	1	5	4111432002	1	0
I?ABEqw^?	10	16	10	1	5	3111140220	1	0
I?ABErw}?	10	17	10	0	4	1111133000	1	0
I?ABEps}?	10	16	10	1	4	4111432020	1	0
I?ABEps^?	10	16	10	1	5	3141140200	1	0
I?ABEp[m?	10	15	10	1	6	4141130020	1	0
I?ABEp[}?	10	16	10	1	5	4141130020	1	0
I?ABEo{{?	10	15	10	1	6	4411130020	1	0
I?ABEo{}?	10	16	10	1	5	4411130020	1	0
I?ABEp{}?	10	17	10	1	4	3111140202	1	0
I?ABEp{^?	10	17	10	1	4	3141140200	1	0
I?ABBro}?	10	16	10	0	5	1111133000	1	0
I?ABBro^?	10	16	10	1	4	3111442020	1	0
I?ABBrWm?	10	15	10	0	6	1111133000	1	0
I?ABBrW}?	10	16	10	0	5	1111133000	1	0
I?ABBrWN?	10	15	10	1	6	4411130002	1	0
I?ABBrW^?	10	16	10	1	5	3141140020	1	0
I?ABBpw}?	10	16	10	0	4	3111130000	1	0
I?ABBrw}?	10	17	10	0	4	1111133000	1	0
I?ABBrw^?	10	17	10	1	4	4111130002	1	0
I?ABFrw}?	10	18	10	0	3	1111133000	1	0
I?ABFrw^?	10	18	10	1	3	4111130002	1	0
I?ABCf_y?	10	13	10	1	6	0003331311	1	0
I?ABCf_]?	10	13	10	1	6	1441423200	1	0
I?ABCf_}?	10	14	10	1	5	1441423200	1	0
I?ABCf_\?	10	13	10	2	7	2442220200	1	0
I?ABCf_V?	10	13	10	2	7	2441113130	1	0
I?ABCf_^?	10	14	10	2	6	2441113130	1	0
I?ABCf_e_	10	13	10	1	6	0330012141	1	0
I?ABCf_F_	10	13	10	1	6	4442220401	1	0
I?ABCf_Eg	10	13	10	1	6	1113330104	1	0
I?ABCf_Dg	10	13	10	1	6	4442220401	1	0
I?ABCf_Fg	10	14	10	1	5	0003331012	1	0
I?ABCfOu?	10	13	10	1	6	0220243411	1	0
I?ABCfO]?	10	13	10	1	6	1441423200	1	0
I?ABCfO}?	10	14	10	1	5	1441423200	1	0
I?ABCfO\?	10	13	10	2	7	1441443220	1	0
I?ABCfOZ?	10	13	10	1	6	2442410130	1	0
I?ABCfOV?	10	13	10	2	7	1441443220	1	0
I?ABCfON?	10	13	10	2	7	1441443220	1	0
I?ABCfO^?	10	14	10	2	6	1441443220	1	0
I?ABCfOe_	10	13	10	1	6	0330330111	1	0
I?ABCfOF_	10	13	10	2	7	3440220441	1	0
I?ABCfOXO	10	13	10	1	6	4224201031	1	0
I?ABCfOJO	10	13	10	1	6	4224201031	1	0
I?ABCfOZO	10	14	10	1	5	2442410130	1	0
I?ABCfOJG	10	13	10	1	6	4424224001	1	0
I?ABCfOBg	10	13	10	1	7	1444220201	1	0
I?ABCfOIW	10	13	10	1	6	4424224001	1	0
I?ABCfOHW	10	13	10	1	6	1331303001	1	0
I?ABCfOBW	10	13	10	1	6	1131331004	1	0
I?ABCfOJW	10	14	10	1	5	2242442110	1	0
I?ABCdo[?	10	12	10	1	5	3000331311	1	0
I?ABCdo{?	10	13	10	1	6	1441223200	1	0
I?ABCdoy?	10	13	10	1	6	1441423200	1	0
I?ABCdou?	10	13	10	1	6	1441423200	1	0
I?ABCdo]?	10	13	10	1	6	3111330300	1	0
I?ABCdo}?	10	14	10	1	5	1441423200	1	0
I?ABCdo\?	10	13	10	1	6	3111330300	1	0
I?ABCdoZ?	10	13	10	1	6	3113140420	1	0
I?ABCdoV?	10	13	10	1	7	2114412300	1	0
I?ABCdo^?	10	14	10	1	6	2114412300	1	0
I?ABCdoZO	10	14	10	1	5	2442410130	1	0
I?ABCdoag	10	13	10	1	6	2444220401	1	0
I?ABCdoBg	10	13	10	1	6	3111330104	1	0
I?ABCdoBW	10	13	10	1	6	1331004021	1	0
I?ABCfo]?	10	14	10	1	5	1441423200	1	0
I?ABCfo}?	10	15	10	1	4	1441423200	1	0
I?ABCfo\?	10	14	10	2	7	3111330300	1	0
I?ABCfoZ?	10	14	10	2	5	4114132302	1	0
I?ABCfoV?	10	14	10	2	7	4111330002	1	0
I?ABCfo^?	10	15	10	2	6	1441113200	1	0
I?ABCfoe_	10	14	10	2	5	0330012141	1	0
I?ABCfoF_	10	14	10	2	6	3113330424	1	0
I?ABCfoYO	10	14	10	2	5	1331304024	1	0
I?ABCfoXO	10	14	10	2	5	1331104024	1	0
I?ABCfoRO	10	14	10	2	5	1331304024	1	0
I?ABCfoZO	10	15	10	2	4	2442410130	1	0
I?ABCfG{?	10	13	10	1	6	0220243411	1	0
I?ABCfGy?	10	13	10	1	6	2003031311	1	0
I?ABCfGu?	10	13	10	1	6	0220243411	1	0
I?ABCfGm?	10	13	10	1	6	0220243411	1	0
I?ABCfG]?	10	13	10	1	6	1441423200	1	0
I?ABCfG}?	10	14	10	1	5	4114132300	1	0
I?ABCfG\?	10	13	10	2	8	2411410130	1	0
I?ABCfGN?	10	13	10	2	8	0242240113	1	0
I?ABCfG^?	10	14	10	2	7	2411410130	1	0
I?ABCfGe_	10	13	10	1	6	0330032111	1	0
I?ABCfGF_	10	13	10	2	7	2442220131	1	0
I?ABCfGDg	10	13	10	1	7	1442420101	1	0
I?ABCdgw?	10	12	10	1	6	3003331311	1	0
I?ABCdg{?	10	13	10	1	6	1441423200	1	0
I?ABCdgy?	10	13	10	1	6	3113130300	1	0
I?ABCdgu?	10	13	10	1	6	4114132300	1	0
I?ABCdg]?	10	13	10	1	6	3113130300	1	0
I?ABCdg}?	10	14	10	1	5	1441423200	1	0
I?ABCdg\?	10	13	10	1	6	4114142320	1	0
I?ABCdgZ?	10	13	10	0	6	3113130300	1	0
I?ABCdgV?	10	13	10	1	6	4114142320	1	0
I?ABCdg^?	10	14	10	1	5	4114142320	1	0
I?ABCdge_	10	13	10	1	6	0442240131	1	0
I?ABCdgXO	10	13	10	0	6	3003001211	1	0
I?ABCdgRO	10	13	10	0	6	3003001211	1	0
I?ABCdgZO	10	14	10	0	5	3113110400	1	0
I?ABCdgcg	10	13	10	0	5	2442410101	1	0
I?ABCdgDg	10	13	10	1	5	2442420101	1	0
I?ABCfg]?	10	14	10	1	5	1441423200	1	0
I?ABCfg}?	10	15	10	1	4	4114132300	1	0
I?ABCfg\?	10	14	10	2	7	1441113200	1	0
I?ABCfgZ?	10	14	10	1	5	4114132302	1	0
I?ABCfgV?	10	14	10	2	7	1441113200	1	0
I?ABCfg^?	10	15	10	2	6	1441113200	1	0
I?ABCfge_	10	14	10	2	5	0330012141	1	0
I?ABCfgF_	10	14	10	2	6	3113330424	1	0
I?ABCfgYO	10	14	10	1	5	3113130400	1	0
I?ABCfgXO	10	14	10	1	5	1331104024	1	0
I?ABCfgRO	10	14	10	1	5	3113140420	1	0
I?ABCfgZO	10	15	10	1	4	2442410130	1	0
I?ABCeW{?	10	13	10	1	6	0220243411	1	0
I?ABCeWy?	10	13	10	1	6	0220243411	1	0
I?ABCeWu?	10	13	10	1	6	0220243411	1	0
I?ABCeW]?	10	13	10	1	6	2114412330	1	0
I?ABCeW}?	10	14	10	1	5	1441423200	1	0
I?ABCeW\?	10	13	10	1	6	0113310442	1	0
I?ABCeWZ?	10	13	10	1	6	2442410130	1	0
I?ABCeWV?	10	13	10	2	6	2114412330	1	0
I?ABCeW^?	10	14	10	2	5	0113310442	1	0
I?ABCeWe_	10	13	10	0	4	0330032111	1	0
I?ABCeWF_	10	13	10	1	6	2442220111	1	0
I?ABCeWZO	10	14	10	1	5	2442410130	1	0
I?ABCeWXG	10	13	10	0	5	4224421001	1	0
I?ABCeWWW	10	13	10	0	5	4224421001	1	0
I?ABCeWPW	10	13	10	0	5	4224421001	1	0
I?ABCeWXW	10	14	10	0	4	2442240110	1	0
I?ABCdW{?	10	13	10	1	6	1441423200	1	0
I?ABCdWy?	10	13	10	1	6	4114132300	1	0
I?ABCdWu?	10	13	10	1	6	1421423200	1	0
I?ABCdWm?	10	13	10	1	6	1441423200	1	0
I?ABCdW]?	10	13	10	1	6	4114132300	1	0
I?ABCdW}?	10	14	10	1	5	1441423200	1	0
I?ABCdW\?	10	13	10	1	7	2114412300	1	0
I?ABCdWZ?	10	13	10	1	6	3113140420	1	0
I?ABCdWV?	10	13	10	1	7	3131113300	1	0
I?ABCdWN?	10	13	10	1	7	3441143200	1	0
I?ABCdW^?	10	14	10	1	6	2114412300	1	0
I?ABCdWF_	10	13	10	2	7	2442220131	1	0
I?ABCdWZO	10	14	10	1	5	3113140420	1	0
I?ABCdWHW	10	13	10	1	6	1301304021	1	0
I?ABCfW]?	10	14	10	1	5	4114132300	1	0
I?ABCfW}?	10	15	10	1	4	1441423200	1	0
I?ABCfW\?	10	14	10	2	7	1441113200	1	0
I?ABCfWZ?	10	14	10	2	5	4114132302	1	0
I?ABCfWV?	10	14	10	2	7	1441113200	1	0
I?ABCfWN?	10	14	10	2	7	1441113200	1	0
I?ABCfW^?	10	15	10	2	6	4111132302	1	0
I?ABCfWe_	10	14	10	1	5	0330032111	1	0
I?ABCfWF_	10	14	10	2	6	0330002141	1	0
I?ABCfWYO	10	14	10	2	5	3113130420	1	0
I?ABCfWXO	10	14	10	1	5	3113310420	1	0
I?ABCfWRO	10	14	10	2	5	1331304024	1	0
I?ABCfWJO	10	14	10	2	5	4224201031	1	0
I?ABCfWZO	10	15	10	2	4	2442410130	1	0
I?ABCdw]?	10	14	10	1	5	4114132300	1	0
I?ABCdw}?	10	15	10	1	4	4114132300	1	0
I?ABCdw\?	10	14	10	1	6	2114412300	1	0
I?ABCdw^?	10	15	10	1	5	2114412300	1	0
I?ABCdwe_	10	14	10	2	5	0330012141	1	0
I?ABCdwF_	10	14	10	2	6	3113330424	1	0
I?ABCdwYO	10	14	10	1	5	3113130400	1	0
I?ABCdwXO	10	14	10	1	5	1331104024	1	0
I?ABCdwRO	10	14	10	1	5	3113140420	1	0
I?ABCdwZO	10	15	10	1	4	2442410130	1	0
I?ABCfw}?	10	16	10	1	3	4114132300	1	0
I?ABCfw^?	10	16	10	2	5	4111132302	1	0
I?ABCfwZO	10	16	10	2	3	4114132302	1	0
I?ABCdc{?	10	13	10	2	6	1441123230	1	0
I?ABCdcy?	10	13	10	1	6	1441123230	1	0
I?ABCdcu?	10	13	10	1	6	1441123230	1	0
I?ABCdc]?	10	13	10	1	6	4114132320	1	0
I?ABCdc}?	10	14	10	2	5	3113310402	1	0
I?ABCdc\?	10	13	10	1	6	3113310300	1	0
I?ABCdcZ?	10	13	10	0	6	3113310300	1	0
I?ABCdcV?	10	13	10	1	6	0113310402	1	0
I?ABCdc^?	10	14	10	1	5	0113310402	1	0
I?ABCdcYO	10	13	10	0	6	3003001211	1	0
I?ABCdcXO	10	13	10	0	4	4224421011	1	0
I?ABCdcRO	10	13	10	0	6	4224201011	1	0
I?ABCdcZO	10	14	10	0	5	2442410100	1	0
I?ABCdccg	10	13	10	0	5	2442410101	1	0
I?ABCdcag	10	13	10	0	5	2442240101	1	0
I?ABCdcEg	10	13	10	0	5	3113310404	1	0
I?ABCdceg	10	14	10	0	4	4224421010	1	0
I?ABCdS{?	10	13	10	2	8	1441113200	1	0
I?ABCdSy?	10	13	10	2	8	1441113200	1	0
I?ABCdSu?	10	13	10	2	8	1131333000	1	0
I?ABCdSm?	10	13	10	2	8	1441113200	1	0
I?ABCdS]?	10	13	10	1	7	2114412300	1	0
I?ABCdS}?	10	14	10	2	7	1441113200	1	0
I?ABCdST?	10	12	10	1	6	3030303311	1	0
I?ABCdS\?	10	13	10	1	7	3111310300	1	0
I?ABCdSZ?	10	13	10	1	7	3113110420	1	0
I?ABCdSV?	10	13	10	1	7	3131113300	1	0
I?ABCdSN?	10	13	10	1	7	3441143200	1	0
I?ABCdS^?	10	14	10	1	6	3441143200	1	0
I?ABCdSe_	10	13	10	1	6	0442240131	1	0
I?ABCdSF_	10	13	10	2	7	2442220131	1	0
I?ABCdSZO	10	14	10	1	6	2442410120	1	0
I?ABCdSag	10	13	10	1	7	0133310101	1	0
I?ABCdSIW	10	13	10	2	7	4224241001	1	0
I?ABCds}?	10	15	10	2	6	1441113200	1	0
I?ABCds\?	10	14	10	1	6	3111310300	1	0
I?ABCds^?	10	15	10	1	5	2114412300	1	0
I?ABCdse_	10	14	10	1	5	0330032141	1	0
I?ABCdsF_	10	14	10	2	6	1331114020	1	0
I?ABCdsYO	10	14	10	1	5	1331314024	1	0
I?ABCdsXO	10	14	10	1	5	3113310400	1	0
I?ABCdsRO	10	14	10	1	6	1331334024	1	0
I?ABCdsZO	10	15	10	1	5	2442440130	1	0
I?ABCdK{?	10	13	10	2	6	1441423230	1	0
I?ABCdKy?	10	13	10	1	6	1441423230	1	0
I?ABCdKu?	10	13	10	2	6	1441423230	1	0
I?ABCdKm?	10	13	10	2	6	1441423230	1	0
I?ABCdK]?	10	13	10	1	6	4114132320	1	0
I?ABCdK}?	10	14	10	2	5	4114132320	1	0
I?ABCdK\?	10	13	10	1	7	2114412300	1	0
I?ABCdKZ?	10	13	10	0	6	3113110400	1	0
I?ABCdKV?	10	13	10	1	7	2114412300	1	0
I?ABCdKN?	10	13	10	1	7	2114412300	1	0
I?ABCdK^?	10	14	10	1	6	3113110402	1	0
I?ABCdKe_	10	13	10	1	6	0442240131	1	0
I?ABCdKF_	10	13	10	2	7	1113330144	1	0
I?ABCdKYO	10	13	10	0	6	3003001211	1	0
I?ABCdKJO	10	13	10	0	6	3003001211	1	0
I?ABCdKZO	10	14	10	0	5	3113110400	1	0
I?ABCdKcg	10	13	10	0	5	2442410101	1	0
I?ABCdk]?	10	14	10	1	5	3113140402	1	0
I?ABCdk}?	10	15	10	2	4	4114132320	1	0
I?ABCdk\?	10	14	10	1	6	2114412300	1	0
I?ABCdkZ?	10	14	10	0	5	3113110400	1	0
I?ABCdk^?	10	15	10	1	5	2114412300	1	0
I?ABCdke_	10	14	10	1	5	0113310424	1	0
I?ABCdkF_	10	14	10	2	6	2110330124	1	0
I?ABCdkYO	10	14	10	0	5	3113110400	1	0
I?ABCdkXO	10	14	10	0	5	3113110400	1	0
I?ABCdkRO	10	14	10	0	5	4224201011	1	0
I?ABCdkZO	10	15	10	0	4	2442410100	1	0
I?ABCc[{?	10	13	10	2	7	1441113220	1	0
I?ABCc[y?	10	13	10	2	7	1441113220	1	0
I?ABCc[u?	10	13	10	2	7	1441113220	1	0
I?ABCc[]?	10	13	10	1	7	3441143200	1	0
I?ABCc[}?	10	14	10	2	6	1441113220	1	0
I?ABCc[\?	10	13	10	1	7	1441113220	1	0
I?ABCc[Z?	10	13	10	1	7	1441113220	1	0
I?ABCc[V?	10	13	10	1	7	3131113300	1	0
I?ABCc[^?	10	14	10	1	6	1441113220	1	0
I?ABCc[XO	10	13	10	1	6	1224421031	1	0
I?ABCc[RO	10	13	10	1	7	4224201041	1	0
I?ABCc[ZO	10	14	10	1	6	3113110420	1	0
I?ABCc[WW	10	13	10	1	5	3003331021	1	0
I?ABCd[]?	10	14	10	1	6	2114412300	1	0
I?ABCd[}?	10	15	10	2	6	4111132320	1	0
I?ABCd[\?	10	14	10	1	6	3441143200	1	0
I?ABCd[Z?	10	14	10	1	6	2114412300	1	0
I?ABCd[V?	10	14	10	1	6	3131113300	1	0
I?ABCd[N?	10	14	10	1	6	3441143200	1	0
I?ABCd[^?	10	15	10	1	5	3441143200	1	0
I?ABCd[e_	10	14	10	2	5	0113310424	1	0
I?ABCd[F_	10	14	10	2	6	1331114020	1	0
I?ABCd[YO	10	14	10	1	5	3113130420	1	0
I?ABCd[XO	10	14	10	1	5	0113310420	1	0
I?ABCd[RO	10	14	10	1	6	1331334024	1	0
I?ABCd[JO	10	14	10	1	6	1331334024	1	0
I?ABCd[ZO	10	15	10	1	5	2442440130	1	0
I?ABCd{^?	10	16	10	1	4	2114412300	1	0
I?ABCeY}?	10	15	10	2	4	1441123220	1	0
I?ABCeY^?	10	15	10	2	4	0330032114	1	0
I?ABCeYZO	10	15	10	1	5	0113310142	1	0
I?ABCeYXW	10	15	10	0	3	4224421001	1	0
I?ABCc]}?	10	15	10	3	5	0330002114	1	0
I?ABCc]^?	10	15	10	2	5	1331114002	1	0
I?ABCc]ZO	10	15	10	2	5	2110330142	1	0
I?ABCdh}?	10	15	10	2	4	3113130402	1	0
I?ABCdh^?	10	15	10	1	4	3113130402	1	0
I?ABCdhZO	10	15	10	0	4	3003001211	1	0
I?ABCdd}?	10	15	10	2	4	3113310402	1	0
I?ABCdd^?	10	15	10	1	4	0113310402	1	0
I?ABCddZO	10	15	10	0	4	4224201011	1	0
I?ABCdL}?	10	15	10	2	4	4114132320	1	0
I?ABCdL^?	10	15	10	1	5	1441443230	1	0
I?ABCdLZO	10	15	10	0	4	3003001211	1	0
I?ABCdl^?	10	16	10	1	4	3113110402	1	0
I?AB?v_{?	10	13	10	1	6	1113330300	1	0
I?AB?v_u?	10	13	10	1	6	1114422320	1	0
I?AB?v_]?	10	13	10	1	6	3114442320	1	0
I?AB?v_}?	10	14	10	1	5	1114422320	1	0
I?AB?v_\?	10	13	10	2	6	3114442320	1	0
I?AB?v_V?	10	13	10	1	6	1113330402	1	0
I?AB?v_^?	10	14	10	2	5	1113330402	1	0
I?AB?v_e_	10	13	10	1	6	2442210131	1	0
I?AB?v_FG	10	13	10	0	5	4442220101	1	0
I?AB?v_Eg	10	13	10	0	5	1113310404	1	0
I?AB?v_Dg	10	13	10	0	5	1113330404	1	0
I?AB?v_Fg	10	14	10	0	4	0003331212	1	0
I?AB?vO{?	10	13	10	1	7	1441303200	1	0
I?AB?vOy?	10	13	10	1	7	1114422300	1	0
I?AB?vO]?	10	13	10	1	7	1114422300	1	0
I?AB?vO}?	10	14	10	1	6	4441133200	1	0
I?AB?vO\?	10	13	10	2	8	3111330300	1	0
I?AB?vOZ?	10	13	10	2	8	3113310420	1	0
I?AB?vO^?	10	14	10	2	7	3111442320	1	0
I?AB?vOF_	10	13	10	1	6	4442200131	1	0
I?AB?vOJG	10	13	10	2	8	4421203201	1	0
I?AB?vOBg	10	13	10	1	7	1111330104	1	0
I?AB?to[?	10	12	10	1	5	3000331311	1	0
I?AB?to{?	10	13	10	1	6	3111330300	1	0
I?AB?toy?	10	13	10	1	7	3113330300	1	0
I?AB?tou?	10	13	10	1	7	1114422300	1	0
I?AB?to]?	10	13	10	1	6	3111330300	1	0
I?AB?to}?	10	14	10	1	6	1114422300	1	0
I?AB?towO	10	13	10	1	6	3003331011	1	0
I?AB?toag	10	13	10	1	6	2444220401	1	0
I?AB?vo{?	10	14	10	1	6	1111330300	1	0
I?AB?voy?	10	14	10	1	6	1114422300	1	0
I?AB?vou?	10	14	10	1	6	4441133200	1	0
I?AB?vo]?	10	14	10	1	6	1114422300	1	0
I?AB?vo}?	10	15	10	1	5	1114422300	1	0
I?AB?vo\?	10	14	10	2	7	3111330300	1	0
I?AB?voZ?	10	14	10	2	7	1114412300	1	0
I?AB?voV?	10	14	10	2	7	1114412300	1	0
I?AB?vo^?	10	15	10	2	6	1114412300	1	0
I?AB?voe_	10	14	10	2	5	3113310424	1	0
I?AB?voF_	10	14	10	1	5	3331114020	1	0
I?AB?vowO	10	14	10	1	5	1113330400	1	0
I?AB?voXO	10	14	10	2	5	1331104024	1	0
I?AB?tw]?	10	14	10	1	6	3111130000	1	0
I?AB?tw}?	10	15	10	1	5	1114422300	1	0
I?AB?twe_	10	14	10	2	5	0113310424	1	0
I?AB?vw}?	10	16	10	1	4	4441133200	1	0
I?AB?vw^?	10	16	10	2	5	1114412300	1	0
I?AB?uY}?	10	15	10	2	4	4114412330	1	0
I?AB?uY^?	10	15	10	2	4	1331134002	1	0
I?AB?uYXW	10	15	10	0	3	4224421001	1	0
I?ABCvo}?	10	16	10	1	4	1441123200	1	0
I?ABCvo^?	10	16	10	2	5	1441113200	1	0
I?ABCvW}?	10	16	10	1	4	1441123200	1	0
I?ABCvW\?	10	15	10	2	6	4131134002	1	0
I?ABCvW^?	10	16	10	2	5	4131134002	1	0
I?ABCtw{?	10	15	10	1	5	1331104022	1	0
I?ABCtwu?	10	15	10	1	5	1331104022	1	0
I?ABCtw]?	10	15	10	1	5	1331104022	1	0
I?ABCtw}?	10	16	10	1	4	1441123200	1	0
I?ABCtw\?	10	15	10	2	5	4331134022	1	0
I?ABCtwV?	10	15	10	2	5	4331134022	1	0
I?ABCtw^?	10	16	10	2	4	3441143200	1	0
I?ABCvw}?	10	17	10	1	3	1441123200	1	0
I?ABCvw^?	10	17	10	2	4	1441113200	1	0
I?ABCts{?	10	15	10	2	6	1331114022	1	0
I?ABCtsy?	10	15	10	2	6	1331114022	1	0
I?ABCts}?	10	16	10	2	5	1441113200	1	0
I?ABCts\?	10	15	10	1	5	4331134022	1	0
I?ABCtsZ?	10	15	10	2	5	3441143200	1	0
I?ABCts^?	10	16	10	2	4	3441143200	1	0
I?ABCt[{?	10	15	10	2	6	1331114022	1	0
I?ABCt[u?	10	15	10	2	6	4131134020	1	0
I?ABCt[m?	10	15	10	2	6	4311134020	1	0
I?ABCt[}?	10	16	10	2	5	1441113200	1	0
I?ABCt[\?	10	15	10	2	5	3441143200	1	0
I?ABCt[V?	10	15	10	2	5	4301134022	1	0
I?ABCt[N?	10	15	10	2	5	4331134022	1	0
I?ABCt[^?	10	16	10	2	4	3441143200	1	0
I?ABCt{^?	10	17	10	2	3	3441143200	1	0
I?ABCuY}?	10	16	10	2	3	1441123220	1	0
I?ABCuY^?	10	16	10	2	3	1331134002	1	0
I?ABCuYXW	10	16	10	0	2	1331134004	1	0
I?ABCs]}?	10	16	10	3	4	4114442330	1	0
I?AFF@o{?	10	14	10	0	4	0000331111	1	0
I?AFF@oy?	10	14	10	0	4	0003331111	1	0
I?AFF@ou?	10	14	10	0	5	0002244411	1	0
I?AFF@o]?	10	14	10	0	5	3002224411	1	0
I?AFF@o}?	10	15	10	0	4	1114422200	1	0
I?AFF@o\?	10	14	10	1	5	3002224411	1	0
I?AFF@oZ?	10	14	10	1	5	3002224411	1	0
I?AFF@oV?	10	14	10	1	5	3002224411	1	0
I?AFF@o^?	10	15	10	1	4	3114442200	1	0
I?AFFBo^?	10	16	10	1	3	0003331114	1	0
I?AFF@W{?	10	14	10	0	5	0003331131	1	0
I?AFF@Wu?	10	14	10	0	5	0032244411	1	0
I?AFF@Wm?	10	14	10	0	5	0002244411	1	0
I?AFF@W}?	10	15	10	0	4	1113300022	1	0
I?AFF@WN?	10	14	10	1	5	2003331144	1	0
I?AFF@W^?	10	15	10	1	4	3114442200	1	0
I?AFF@WEo	10	14	10	1	5	1442220031	1	0
I?AFF@WDo	10	14	10	1	5	1113300024	1	0
I?AFF@WFo	10	15	10	1	4	0003311142	1	0
I?AFF@W@w	10	14	10	0	4	1113300021	1	0
I?AFF@w{?	10	15	10	0	4	0002244411	1	0
I?AFF@w}?	10	16	10	0	3	1114422200	1	0
I?AFF@w^?	10	16	10	1	3	3114442200	1	0
I?AFF@wEo	10	15	10	2	4	1113300024	1	0
I?AFF@wDo	10	15	10	1	4	1113300024	1	0
I?AFF@wFo	10	16	10	2	3	0224441130	1	0
I?AFF@c{?	10	14	10	1	4	0003331111	1	0
I?AFF@cu?	10	14	10	1	5	0002224441	1	0
I?AFF@c]?	10	14	10	1	5	3002224411	1	0
I?AFF@c}?	10	15	10	1	4	1113300002	1	0
I?AFF@c\?	10	14	10	1	5	3002224411	1	0
I?AFF@c^?	10	15	10	1	4	3114442200	1	0
I?AFF@ceG	10	14	10	2	6	0330014421	1	0
I?AFF@S{?	10	14	10	1	5	0003331131	1	0
I?AFF@Sy?	10	14	10	1	5	0003331131	1	0
I?AFF@Su?	10	14	10	1	6	0002224411	1	0
I?AFF@S}?	10	15	10	1	5	1113330022	1	0
I?AFF@SZ?	10	14	10	1	5	3002224411	1	0
I?AFF@SN?	10	14	10	1	5	2003331144	1	0
I?AFF@S^?	10	15	10	1	4	3114442200	1	0
I?AFF@SEo	10	14	10	1	5	1442220031	1	0
I?AFF@SDo	10	14	10	1	5	1442220031	1	0
I?AFF@SBo	10	14	10	1	5	1442220031	1	0
I?AFF@SFo	10	15	10	1	4	0003331142	1	0
I?AFF@SiG	10	14	10	1	6	0301214421	1	0
I?AFF@SAw	10	14	10	1	5	1113330021	1	0
I?AFF@s{?	10	15	10	1	4	0002224414	1	0
I?AFF@sy?	10	15	10	1	4	0003331141	1	0
I?AFF@s}?	10	16	10	1	4	1114442200	1	0
I?AFF@s^?	10	16	10	1	3	3114442200	1	0
I?AFF@sEo	10	15	10	2	4	1113330024	1	0
I?AFF@sDo	10	15	10	2	4	4113130024	1	0
I?AFF@sBo	10	15	10	1	4	4111330024	1	0
I?AFF@sFo	10	16	10	2	3	0224441130	1	0
I?AFF?[{?	10	14	10	1	5	0002224431	1	0
I?AFF?[]?	10	14	10	1	5	0003311124	1	0
I?AFF?[}?	10	15	10	1	4	1113300042	1	0
I?AFF?[\?	10	14	10	1	5	0003331124	1	0
I?AFF?[V?	10	14	10	1	5	0003331124	1	0
I?AFF?[^?	10	15	10	1	4	0003331124	1	0
I?AFF?[F_	10	14	10	0	4	1113330044	1	0
I?AFF?[Eo	10	14	10	0	4	1113330044	1	0
I?AFF?[Do	10	14	10	0	4	4442220011	1	0
I?AFF?[Fo	10	15	10	0	3	0003331122	1	0
I?AFF?[wG	10	14	10	0	3	0003331121	1	0
I?AFF@[}?	10	16	10	1	4	1114442200	1	0
I?AFF@[N?	10	15	10	1	4	2003331144	1	0
I?AFF@[^?	10	16	10	1	3	3114442200	1	0
I?AFF@[Eo	10	15	10	1	4	1113330024	1	0
I?AFF@[Do	10	15	10	1	4	4113130024	1	0
I?AFF@[Fo	10	16	10	1	3	0224441130	1	0
I?AFF@{}?	10	17	10	1	3	1114442200	1	0
I?AFF@{^?	10	17	10	1	2	3114442200	1	0
I?AFF?^}?	10	17	10	2	2	0003311124	1	0
I?AFF?^^?	10	17	10	2	2	1113330042	1	0
I?AFF?^Fo	10	17	10	0	1	1113330044	1	0
I?AFE`o{?	10	14	10	0	4	0000331111	1	0
I?AFE`oy?	10	14	10	0	6	0000331111	1	0
I?AFE`om?	10	14	10	0	6	0000331111	1	0
I?AFE`o}?	10	15	10	0	5	1111330000	1	0
I?AFE`oN?	10	14	10	1	5	2000331114	1	0
I?AFE`o^?	10	15	10	1	4	3111442220	1	0
I?AFE`oF_	10	14	10	1	6	4442200331	1	0
I?AFE`oBo	10	14	10	0	5	1444220001	1	0
I?AFE`oBg	10	14	10	0	5	1111330004	1	0
I?AFE`oAw	10	14	10	0	5	1111330001	1	0
I?AFE`o@w	10	14	10	0	5	1111330001	1	0
I?AFE`oBw	10	15	10	0	4	0000331112	1	0
I?AFEbo}?	10	16	10	0	4	0000331111	1	0
I?AFEbo^?	10	16	10	1	3	2000331114	1	0
I?AFE`g{?	10	14	10	0	5	0222441131	1	0
I?AFE`gy?	10	14	10	0	5	0224241411	1	0
I?AFE`gu?	10	14	10	0	6	0022244411	1	0
I?AFE`gm?	10	14	10	0	6	0022244411	1	0
I?AFE`g}?	10	15	10	0	5	1144422200	1	0
I?AFE`gN?	10	14	10	1	6	2444113300	1	0
I?AFE`g^?	10	15	10	1	5	3111442200	1	0
I?AFE`gJO	10	14	10	2	6	1131302024	1	0
I?AFE`gBo	10	14	10	1	5	1444220031	1	0
I?AFE`gDg	10	14	10	1	6	1442420201	1	0
I?AFE`g@w	10	14	10	0	5	1133300021	1	0
I?AFEbg}?	10	16	10	0	4	0022244411	1	0
I?AFEbg^?	10	16	10	1	5	0003331114	1	0
I?AFE_w{?	10	14	10	0	5	0222441131	1	0
I?AFE_w]?	10	14	10	0	6	2444113300	1	0
I?AFE_w}?	10	15	10	0	5	1144422200	1	0
I?AFE_w\?	10	14	10	1	6	2444113300	1	0
I?AFE_wZ?	10	14	10	1	6	0222441133	1	0
I?AFE_wN?	10	14	10	1	6	2244113300	1	0
I?AFE_w^?	10	15	10	1	5	2444113300	1	0
I?AFE_wBo	10	14	10	1	5	1444220031	1	0
I?AFE_w@w	10	14	10	0	5	1133300021	1	0
I?AFEaw^?	10	16	10	1	5	2444113330	1	0
I?AFE`w{?	10	15	10	0	4	0222441131	1	0
I?AFE`wm?	10	15	10	0	5	0022244411	1	0
I?AFE`w}?	10	16	10	0	4	1144422200	1	0
I?AFE`wN?	10	15	10	1	5	2444113300	1	0
I?AFE`w^?	10	16	10	1	4	3111442200	1	0
I?AFE`wF_	10	15	10	2	5	1113300224	1	0
I?AFE`wBo	10	15	10	1	4	4111330024	1	0
I?AFEbw^?	10	17	10	1	4	4111130002	1	0
I?AFE`c{?	10	14	10	1	5	0222441131	1	0
I?AFE`cy?	10	14	10	1	6	0003331111	1	0
I?AFE`cu?	10	14	10	1	7	0030331131	1	0
I?AFE`cm?	10	14	10	1	7	0002224441	1	0
I?AFE`c}?	10	15	10	1	6	1114422020	1	0
I?AFE`cZ?	10	14	10	1	6	3003024411	1	0
I?AFE`cN?	10	14	10	1	6	2444113300	1	0
I?AFE`c^?	10	15	10	1	5	3111442200	1	0
I?AFE`cJO	10	14	10	2	7	1303002241	1	0
I?AFE`cBo	10	14	10	1	5	1444220031	1	0
I?AFE`ceG	10	14	10	2	6	0330014421	1	0
I?AFE`cEg	10	14	10	2	6	1113310204	1	0
I?AFE`cAw	10	14	10	1	6	1113330001	1	0
I?AFE_s{?	10	14	10	1	5	0222441131	1	0
I?AFE_sy?	10	14	10	1	7	0022041131	1	0
I?AFE_sm?	10	14	10	1	7	0022041131	1	0
I?AFE_s]?	10	14	10	1	6	2444113300	1	0
I?AFE_s}?	10	15	10	1	6	1144120030	1	0
I?AFE_s\?	10	14	10	1	6	2444113300	1	0
I?AFE_sZ?	10	14	10	1	6	2444113300	1	0
I?AFE_sN?	10	14	10	1	6	2244113300	1	0
I?AFE_s^?	10	15	10	1	5	2444113300	1	0
I?AFE_sBo	10	14	10	1	5	1444220031	1	0
I?AFE_sqG	10	14	10	2	6	0033014421	1	0
I?AFE_sAw	10	14	10	1	6	4411230021	1	0
I?AFE`s{?	10	15	10	1	4	0222441131	1	0
I?AFE`sm?	10	15	10	1	6	0333014424	1	0
I?AFE`s}?	10	16	10	1	5	1444120030	1	0
I?AFE`sN?	10	15	10	1	5	2444113300	1	0
I?AFE`s^?	10	16	10	1	4	3111442200	1	0
I?AFE`sF_	10	15	10	2	6	4113330024	1	0
I?AFE`sBo	10	15	10	1	4	4111330024	1	0
I?AFE`K{?	10	14	10	1	5	0222441131	1	0
I?AFE`Ky?	10	14	10	1	7	0003331131	1	0
I?AFE`K}?	10	15	10	1	6	4111130020	1	0
I?AFE`KN?	10	14	10	1	6	2444113300	1	0
I?AFE`K^?	10	15	10	1	5	3111442200	1	0
I?AFE`KF_	10	14	10	2	7	1442220031	1	0
I?AFE`KBo	10	14	10	1	5	1444220031	1	0
I?AFE`KkG	10	14	10	1	6	0300314421	1	0
I?AFE_k]?	10	14	10	1	6	2000331144	1	0
I?AFE_k}?	10	15	10	1	5	1141420230	1	0
I?AFE_k\?	10	14	10	1	6	2444113300	1	0
I?AFE_kZ?	10	14	10	1	6	2442113300	1	0
I?AFE_kV?	10	14	10	1	6	2444113300	1	0
I?AFE_kN?	10	14	10	1	6	2244113300	1	0
I?AFE_k^?	10	15	10	1	5	2444113300	1	0
I?AFE_kF_	10	14	10	2	7	1442220031	1	0
I?AFE_kJO	10	14	10	1	5	3303004211	1	0
I?AFE_kBo	10	14	10	1	5	1444220031	1	0
I?AFE_ksG	10	14	10	1	5	0030331121	1	0
I?AFE`k{?	10	15	10	1	4	2000331141	1	0
I?AFE`km?	10	15	10	1	6	0330314424	1	0
I?AFE`k}?	10	16	10	1	5	4111130020	1	0
I?AFE`kN?	10	15	10	1	5	2444113300	1	0
I?AFE`k^?	10	16	10	1	4	3111442200	1	0
I?AFE`kF_	10	15	10	2	6	4111330024	1	0
I?AFE`kJO	10	15	10	2	6	4131330024	1	0
I?AFE`kBo	10	15	10	2	4	4111330024	1	0
I?AFE_{{?	10	15	10	1	4	0333114424	1	0
I?AFE_{y?	10	15	10	1	6	0031314124	1	0
I?AFE_{m?	10	15	10	1	6	4111130020	1	0
I?AFE_{}?	10	16	10	1	5	1144420030	1	0
I?AFE_{N?	10	15	10	1	5	2244113300	1	0
I?AFE_{^?	10	16	10	1	4	2444113300	1	0
I?AFE_{F_	10	15	10	2	6	2220003114	1	0
I?AFE_{Bo	10	15	10	2	4	4111330024	1	0
I?AFE`{^?	10	17	10	1	3	3111442200	1	0
I?AFE_]}?	10	16	10	2	4	1113300242	1	0
I?AFE_]^?	10	16	10	2	5	0002224131	1	0
I?AFE_]JO	10	15	10	2	7	1444220011	1	0
I?AFFbo}?	10	17	10	0	3	0000331111	1	0
I?AFFbo^?	10	17	10	1	2	2000331114	1	0
I?AFFboBw	10	17	10	0	2	1111330004	1	0
I?AFFbg}?	10	17	10	0	4	2000031111	1	0
I?AFFbg^?	10	17	10	1	4	0003331114	1	0
I?AFF`w{?	10	16	10	0	3	0222441131	1	0
I?AFF`wy?	10	16	10	0	5	2000031111	1	0
I?AFF`w}?	10	17	10	0	4	4111130000	1	0
I?AFF`w^?	10	17	10	1	3	3111442200	1	0
I?AFFbw^?	10	18	10	1	3	4111130002	1	0
I?AFF`s{?	10	16	10	1	3	0222441131	1	0
I?AFF`s}?	10	17	10	1	4	1444120030	1	0
I?AFF`s^?	10	17	10	1	3	3111442200	1	0
I?AFF`ky?	10	16	10	1	5	0003331141	1	0
I?AFF`k}?	10	17	10	1	4	4111130020	1	0
I?AFF`k^?	10	17	10	1	3	3111442200	1	0
I?AFF`[}?	10	17	10	1	4	4111130020	1	0
I?AFF`[N?	10	16	10	1	4	4111330022	1	0
I?AFF`[^?	10	17	10	1	3	3111442200	1	0
I?AFF`[F_	10	16	10	2	5	4111330024	1	0
I?AFF`{^?	10	18	10	1	2	3111442200	1	0
I?AFCpo{?	10	14	10	0	5	0222441411	1	0
I?AFCpo]?	10	14	10	0	7	2000031111	1	0
I?AFCpo}?	10	15	10	0	6	4111130000	1	0
I?AFCpo\?	10	14	10	1	6	2444213300	1	0
I?AFCpoZ?	10	14	10	1	7	2442113130	1	0
I?AFCpoV?	10	14	10	1	7	2444413300	1	0
I?AFCpo^?	10	15	10	1	6	2000031114	1	0
I?AFCpoXO	10	14	10	2	6	4224103031	1	0
I?AFCpoBg	10	14	10	1	6	4111330304	1	0
I?AFCpo@w	10	14	10	0	6	1444420001	1	0
I?AFCro^?	10	16	10	1	5	4111130002	1	0
I?AFCpw{?	10	15	10	0	6	4111130000	1	0
I?AFCpw]?	10	15	10	0	6	4111130000	1	0
I?AFCpw}?	10	16	10	0	5	1444420000	1	0
I?AFCpw^?	10	16	10	1	5	4111130002	1	0
I?AFCpwF_	10	15	10	2	5	1113300224	1	0
I?AFCpc{?	10	14	10	1	6	0220041431	1	0
I?AFCpc]?	10	14	10	1	6	1441120230	1	0
I?AFCpc}?	10	15	10	1	5	1441120230	1	0
I?AFCpcX?	10	13	10	1	6	3003301211	1	0
I?AFCpc\?	10	14	10	1	6	2444213300	1	0
I?AFCpcV?	10	14	10	1	7	2444413300	1	0
I?AFCpc^?	10	15	10	1	6	1003301214	1	0
I?AFCpcF_	10	14	10	2	7	1442220131	1	0
I?AFCpcXO	10	14	10	1	5	3003301211	1	0
I?AFCpceG	10	14	10	1	5	0330014121	1	0
I?AFCpcEg	10	14	10	1	6	1113310204	1	0
I?AFCpS{?	10	14	10	1	7	0202041131	1	0
I?AFCpS]?	10	14	10	1	7	2444413300	1	0
I?AFCpS}?	10	15	10	1	6	4111130020	1	0
I?AFCpS\?	10	14	10	1	6	2444213300	1	0
I?AFCpSZ?	10	14	10	1	7	2444413300	1	0
I?AFCpS^?	10	15	10	1	6	2444413300	1	0
I?AFCpSF_	10	14	10	2	7	1330002141	1	0
I?AFCpSiG	10	14	10	2	6	0303014421	1	0
I?AFCps{?	10	15	10	1	6	0333014124	1	0
I?AFCpsy?	10	15	10	1	6	4111130020	1	0
I?AFCpsu?	10	15	10	1	6	4111130020	1	0
I?AFCps]?	10	15	10	1	6	2444413300	1	0
I?AFCps}?	10	16	10	1	5	1444120030	1	0
I?AFCps\?	10	15	10	1	5	3111342200	1	0
I?AFCpsZ?	10	15	10	1	6	2444413300	1	0
I?AFCpsV?	10	15	10	1	6	2444413300	1	0
I?AFCps^?	10	16	10	1	5	3111142200	1	0
I?AFCpsF_	10	15	10	2	6	4113330424	1	0
I?AFCpsXO	10	15	10	2	6	4331134024	1	0
I?AFCp{}?	10	17	10	1	4	4111130020	1	0
I?AFCp{^?	10	17	10	1	4	2444413300	1	0
I?AFCo]}?	10	16	10	2	4	1114422030	1	0
I?AFCo]^?	10	16	10	2	5	0002224131	1	0
I?AFCo]XO	10	15	10	2	7	1003300241	1	0
I?AFEro^?	10	17	10	1	4	2000031114	1	0
I?AFErW^?	10	17	10	1	4	2000031114	1	0
I?AFEqw}?	10	17	10	0	4	2000031111	1	0
I?AFEqw^?	10	17	10	1	4	2444413330	1	0
I?AFEpw}?	10	17	10	0	4	4111130000	1	0
I?AFEpw^?	10	17	10	1	4	3111142200	1	0
I?AFEpwF_	10	16	10	2	4	4441133002	1	0
I?AFErw^?	10	18	10	1	3	4111130002	1	0
I?AFEps}?	10	17	10	1	4	4111130020	1	0
I?AFEps^?	10	17	10	1	4	3111142200	1	0
I?AFEpsF_	10	16	10	2	5	1113330224	1	0
I?AFEp[}?	10	17	10	1	4	4111130020	1	0
I?AFEp[^?	10	17	10	1	4	3111142200	1	0
I?AFEp[F_	10	16	10	2	5	3131144200	1	0
I?AFEo{]?	10	16	10	1	5	4411130020	1	0
I?AFEo{}?	10	17	10	1	4	1144420030	1	0
I?AFEo{\?	10	16	10	1	5	4111130022	1	0
I?AFEo{V?	10	16	10	1	5	3111142200	1	0
I?AFEo{N?	10	16	10	1	4	3311142200	1	0
I?AFEo{^?	10	17	10	1	4	3000024411	1	0
I?AFEo{F_	10	16	10	2	5	1113330224	1	0
I?AFEp{^?	10	18	10	1	3	3111142200	1	0
I?AFBpw}?	10	17	10	0	4	4111130000	1	0
I?AFBpw^?	10	17	10	1	4	3111142000	1	0
I?AFBpwF_	10	16	10	2	4	1113300224	1	0
I?AFBrw}?	10	18	10	0	3	4111130000	1	0
I?AFBps}?	10	17	10	1	4	3111142002	1	0
I?AFBps^?	10	17	10	1	4	3111142000	1	0
I?AFBp{}?	10	18	10	1	3	3111142002	1	0
I?AFBp{^?	10	18	10	1	3	3111142000	1	0
I?AFFrw^?	10	19	10	1	2	4111130002	1	0
I?AFFp{^?	10	19	10	1	2	3111142200	1	0
I?AFBJo{?	10	15	10	1	4	0222441311	1	0
I?AFBJoy?	10	15	10	1	5	0003331111	1	0
I?AFBJo}?	10	16	10	1	5	1114422200	1	0
I?AFBJo^?	10	16	10	1	4	3111442020	1	0
I?AFBJoeO	10	15	10	2	5	0330014241	1	0
I?AFBJoEo	10	15	10	2	5	1113310024	1	0
I?AFBJW}?	10	16	10	1	5	4111130200	1	0
I?AFBJWN?	10	15	10	1	6	4111130202	1	0
I?AFBJW^?	10	16	10	1	5	3111142020	1	0
I?AFBJWeO	10	15	10	2	5	0330014241	1	0
I?AFBJWEo	10	15	10	2	5	1113310024	1	0
I?AFBHw}?	10	16	10	1	5	4111130200	1	0
I?AFBHwEo	10	15	10	3	5	1113310024	1	0
I?AFBJw}?	10	17	10	1	4	4111130200	1	0
I?AFBJw^?	10	17	10	1	4	4111130202	1	0
I?AFAjo}?	10	16	10	1	5	1414120300	1	0
I?AFAjo^?	10	16	10	1	4	4111330202	1	0
I?AFAjoiO	10	15	10	2	5	0303014241	1	0
I?AFAjg}?	10	16	10	1	5	4111130200	1	0
I?AFAjgN?	10	15	10	1	5	4113130202	1	0
I?AFAjg^?	10	16	10	1	4	3114142020	1	0
I?AFAjgiO	10	15	10	1	5	0303014241	1	0
I?AFAjW{?	10	15	10	1	6	0202041311	1	0
I?AFAjW}?	10	16	10	1	5	4111130200	1	0
I?AFAjWN?	10	15	10	1	6	4111130202	1	0
I?AFAjW^?	10	16	10	1	5	3111142020	1	0
I?AFAjWiO	10	15	10	2	5	0303014241	1	0
I?AFAiw}?	10	16	10	1	5	4111130200	1	0
I?AFAiw\?	10	15	10	1	5	4111430202	1	0
I?AFAiwN?	10	15	10	1	6	3111142020	1	0
I?AFAiw^?	10	16	10	1	5	3000024141	1	0
I?AFAiwiO	10	15	10	2	5	0303014241	1	0
I?AFAhwm?	10	15	10	1	6	1414120300	1	0
I?AFAhw}?	10	16	10	1	5	4111130200	1	0
I?AFAjw}?	10	17	10	1	4	4111130200	1	0
I?AFAjw^?	10	17	10	1	4	4111130202	1	0
I?AFBjw}?	10	18	10	1	3	4111130200	1	0
I?AFBhs}?	10	17	10	1	3	3111342002	1	0
I?AFBhs^?	10	17	10	1	4	3111142000	1	0
I?AFBhk}?	10	17	10	1	4	3111142002	1	0
I?AFBhk^?	10	17	10	1	4	3111142000	1	0
I?AFBh{}?	10	18	10	1	3	3111142002	1	0
I?AFBh{^?	10	18	10	1	3	3111142000	1	0
I?AF?zo}?	10	16	10	1	4	1114422300	1	0
I?AF?zoV?	10	15	10	1	5	3131142020	1	0
I?AF?zo^?	10	16	10	1	4	3111442020	1	0
I?AF?zoF_	10	15	10	1	4	3331114020	1	0
I?AF?zowO	10	15	10	1	4	0003331211	1	0
I?AF?zW}?	10	16	10	1	4	1114422300	1	0
I?AF?zW\?	10	15	10	1	6	3111142020	1	0
I?AF?zWV?	10	15	10	1	5	3131142020	1	0
I?AF?zWN?	10	15	10	1	5	3311142020	1	0
I?AF?zW^?	10	16	10	1	5	3111142020	1	0
I?AF?zWF_	10	15	10	2	4	4441113202	1	0
I?AF?zWwO	10	15	10	2	4	0003311241	1	0
I?AF?xw{?	10	15	10	1	5	1114422300	1	0
I?AF?xwu?	10	15	10	1	5	1114422300	1	0
I?AF?xw]?	10	15	10	1	5	1114422300	1	0
I?AF?xw}?	10	16	10	1	4	1114422300	1	0
I?AF?xwF_	10	15	10	2	4	2441113202	1	0
I?AF?zw}?	10	17	10	1	3	1114422300	1	0
I?AF?zw^?	10	17	10	1	4	3111142020	1	0
I?AF?w]}?	10	16	10	2	3	4441113220	1	0
I?AF?w]^?	10	16	10	2	3	2441113220	1	0
I?AF?w]wO	10	15	10	0	3	0003331221	1	0
I?AF?w]wW	10	16	10	0	2	0003331221	1	0
I?AFAxw}?	10	17	10	1	4	3111142002	1	0
I?AFAxw^?	10	17	10	1	4	3111142000	1	0
I?AFAxwF_	10	16	10	2	4	3114442003	1	0
I?AFAzw}?	10	18	10	1	3	4111130200	1	0
I?AFAxs}?	10	17	10	1	4	3111142002	1	0
I?AFAxs^?	10	17	10	1	4	3111142000	1	0
I?AFAx[}?	10	17	10	1	3	3131142002	1	0
I?AFAx[^?	10	17	10	1	4	3111142000	1	0
I?AFAw{]?	10	16	10	1	5	3111142000	1	0
I?AFAw{}?	10	17	10	1	4	4111130220	1	0
I?AFAw{^?	10	17	10	1	4	3111142000	1	0
I?AFAx{}?	10	18	10	1	3	3111142002	1	0
I?AFAx{^?	10	18	10	1	3	3111142000	1	0
I?AFBx{^?	10	19	10	1	2	3111142000	1	0
I?AF?~o}?	10	17	10	2	3	1113300422	1	0
I?AF?~o^?	10	17	10	2	4	1114442300	1	0
I?AF?~W}?	10	17	10	2	3	4441133200	1	0
I?AF?~W^?	10	17	10	2	4	1114442300	1	0
I?AF?|w}?	10	17	10	2	3	4441133200	1	0
I?AF?~w}?	10	18	10	2	2	1114422300	1	0
I?AF?~w^?	10	18	10	2	3	1114442300	1	1
I?ABfBo{?	10	15	10	0	3	0000331111	1	0
I?ABfBo}?	10	16	10	0	4	1111330000	1	0
I?ABfBo\?	10	15	10	1	4	2000331114	1	0
I?ABfBo^?	10	16	10	1	3	4111330002	1	0
I?ABfBoBo	10	15	10	0	4	1111330004	1	0
I?ABfBg{?	10	15	10	0	5	0000331111	1	0
I?ABfBgy?	10	15	10	0	4	0224243111	1	0
I?ABfBg}?	10	16	10	0	5	4111130000	1	0
I?ABfBg\?	10	15	10	1	5	2003034114	1	0
I?ABfBg^?	10	16	10	1	4	3114140220	1	0
I?ABfBgBo	10	15	10	1	5	1111330024	1	0
I?ABfBW{?	10	15	10	0	5	0000331111	1	0
I?ABfBW}?	10	16	10	0	5	4111130000	1	0
I?ABfBWN?	10	15	10	1	6	4411130002	1	0
I?ABfBW^?	10	16	10	1	5	4111130002	1	0
I?ABfBWBo	10	15	10	1	5	1111330024	1	0
I?ABf@w}?	10	16	10	0	5	4111130000	1	0
I?ABf@w\?	10	15	10	1	5	3000331111	1	0
I?ABf@w^?	10	16	10	1	4	3111442200	1	0
I?ABf@wBo	10	15	10	1	4	4111330024	1	0
I?ABfBw}?	10	17	10	0	4	4111130000	1	0
I?ABfBw^?	10	17	10	1	4	4111130002	1	0
I?ABf@c{?	10	14	10	1	5	2000331141	1	0
I?ABf@cy?	10	14	10	1	6	0003331111	1	0
I?ABf@c]?	10	14	10	1	6	3000331111	1	0
I?ABf@c}?	10	15	10	1	5	4111432020	1	0
I?ABf@cBo	10	14	10	1	5	4111330024	1	0
I?ABf@cEW	10	14	10	2	6	4442243001	1	0
I?ABf@cAw	10	14	10	1	5	3113330001	1	0
I?ABf@Sk?	10	13	10	1	6	0222441131	1	0
I?ABf@S{?	10	14	10	1	5	2000331141	1	0
I?ABf@Sm?	10	14	10	1	6	1444123030	1	0
I?ABf@S}?	10	15	10	1	5	4111432020	1	0
I?ABf@SBo	10	14	10	1	5	4111330024	1	0
I?ABf@SAw	10	14	10	1	6	3111330001	1	0
I?ABf@s}?	10	16	10	1	4	4111432020	1	0
I?ABf@s\?	10	15	10	1	4	3000321411	1	0
I?ABf@s^?	10	16	10	1	4	3111442200	1	0
I?ABf@sBo	10	15	10	1	4	4111330024	1	0
I?ABf@k}?	10	16	10	1	5	4111130020	1	0
I?ABf@k\?	10	15	10	1	5	3000224411	1	0
I?ABf@k^?	10	16	10	1	4	3111442200	1	0
I?ABf@kBo	10	15	10	2	4	4111330024	1	0
I?ABf@[}?	10	16	10	1	5	4111130020	1	0
I?ABf@[N?	10	15	10	1	5	3111442200	1	0
I?ABf@[^?	10	16	10	1	4	3111442200	1	0
I?ABf@[Bo	10	15	10	2	4	4111330024	1	0
I?ABf@{^?	10	17	10	1	3	3111442200	1	0
I?ABbb_{?	10	14	10	0	4	0000331111	1	0
I?ABbb_y?	10	14	10	0	5	2000224441	1	0
I?ABbb_]?	10	14	10	0	4	3000331111	1	0
I?ABbb_}?	10	15	10	0	4	4111442220	1	0
I?ABbb_\?	10	14	10	1	4	3000331111	1	0
I?ABbb_Z?	10	14	10	1	5	2000331114	1	0
I?ABbb_^?	10	15	10	1	4	3111330002	1	0
I?ABbb_ao	10	14	10	1	5	3111330004	1	0
I?ABbb_Bo	10	14	10	0	5	1111330004	1	0
I?ABbb_Bg	10	14	10	0	5	1111330004	1	0
I?ABbb_Aw	10	14	10	0	4	3111330001	1	0
I?ABbb_@w	10	14	10	0	4	3111330001	1	0
I?ABbb_Bw	10	15	10	0	4	0000331112	1	0
I?ABb`o{?	10	14	10	0	2	3000331111	1	0
I?ABb`oy?	10	14	10	0	3	2000224441	1	0
I?ABb`o]?	10	14	10	0	2	3000331111	1	0
I?ABb`o}?	10	15	10	0	2	3111330002	1	0
I?ABbbo{?	10	15	10	0	3	0000331111	1	0
I?ABbbo}?	10	16	10	0	3	4111442220	1	0
I?ABbbo\?	10	15	10	1	3	3000331111	1	0
I?ABbbo^?	10	16	10	1	3	3111330002	1	0
I?ABbboao	10	15	10	1	4	3111330004	1	0
I?ABbboBo	10	15	10	0	4	1111330004	1	0
I?ABbbGk?	10	13	10	0	6	0222003303	1	0
I?ABbbG{?	10	14	10	0	5	2000331131	1	0
I?ABbbGm?	10	14	10	0	6	1444113300	1	0
I?ABbbG}?	10	15	10	0	5	4111432200	1	0
I?ABbbGN?	10	14	10	1	6	4111442200	1	0
I?ABbbG^?	10	15	10	1	5	3111330022	1	0
I?ABbbGao	10	14	10	1	5	2444210031	1	0
I?ABbbGBo	10	14	10	1	5	2444220031	1	0
I?ABbbGLG	10	14	10	1	6	1422103301	1	0
I?ABbbG@w	10	14	10	0	5	3111330021	1	0
I?ABb`g{?	10	14	10	0	4	3000331111	1	0
I?ABb`gy?	10	14	10	0	5	2000224441	1	0
I?ABb`g]?	10	14	10	0	4	3000031111	1	0
I?ABb`g}?	10	15	10	0	4	4111442220	1	0
I?ABb`gao	10	14	10	1	5	3111330004	1	0
I?ABb`g_w	10	14	10	0	4	3111330001	1	0
I?ABbbg}?	10	16	10	0	4	4111432200	1	0
I?ABbbg^?	10	16	10	1	4	4111442200	1	0
I?ABbbgao	10	15	10	2	4	3111330024	1	0
I?ABbbgBo	10	15	10	1	4	3111330024	1	0
I?ABb`w{?	10	15	10	0	3	3000331111	1	0
I?ABb`w]?	10	15	10	0	3	3000031111	1	0
I?ABb`w}?	10	16	10	0	3	4111442220	1	0
I?ABb`wao	10	15	10	1	4	3111330004	1	0
I?ABbbw}?	10	17	10	0	3	4111432200	1	0
I?ABbbw^?	10	17	10	1	3	4111442200	1	0
I?ABfbo{?	10	16	10	0	2	0000331111	1	0
I?ABfbo}?	10	17	10	0	3	1111330000	1	0
I?ABfbo\?	10	16	10	1	3	2000331114	1	0
I?ABfbo^?	10	17	10	1	2	4111330002	1	0
I?ABfboBw	10	17	10	0	2	1111330004	1	0
I?ABfbw}?	10	18	10	0	3	4111130000	1	0
I?ABf`s}?	10	17	10	1	3	4111432020	1	0
I?ABf`{}?	10	18	10	1	3	4111130020	1	0
I?ABf`{^?	10	18	10	1	2	3111442200	1	0
I?ABeRo{?	10	15	10	0	4	0222441411	1	0
I?ABeRoy?	10	15	10	0	6	2000031111	1	0
I?ABeRo}?	10	16	10	0	5	4111130000	1	0
I?ABeRo^?	10	16	10	1	5	4111130002	1	0
I?ABeRoLO	10	15	10	2	5	1133102024	1	0
I?ABeRgy?	10	15	10	0	4	0224243111	1	0
I?ABeRgu?	10	15	10	0	6	2000031111	1	0
I?ABeRg}?	10	16	10	0	5	4111130000	1	0
I?ABeRg^?	10	16	10	1	4	3114140220	1	0
I?ABeRgLO	10	15	10	2	5	4411430302	1	0
I?ABeQw}?	10	16	10	0	5	4111130000	1	0
I?ABeQw^?	10	16	10	1	5	3000021441	1	0
I?ABeQwLO	10	15	10	2	5	4411430302	1	0
I?ABePwm?	10	15	10	0	6	1144120200	1	0
I?ABePw}?	10	16	10	0	5	4111130000	1	0
I?ABePw^?	10	16	10	1	5	3111140200	1	0
I?ABePwLO	10	15	10	2	5	1133102024	1	0
I?ABeRw}?	10	17	10	0	4	4111130000	1	0
I?ABePcm?	10	14	10	1	6	1444123030	1	0
I?ABePc}?	10	15	10	1	5	4111432020	1	0
I?ABePcN?	10	14	10	1	7	3111142200	1	0
I?ABePc^?	10	15	10	1	6	2411410300	1	0
I?ABePceG	10	14	10	2	6	2442213301	1	0
I?ABePcag	10	14	10	1	5	2444210301	1	0
I?ABeOs[?	10	13	10	1	6	3000331311	1	0
I?ABeOs{?	10	14	10	1	6	1144120230	1	0
I?ABeOsy?	10	14	10	1	6	1144120230	1	0
I?ABeOsm?	10	14	10	1	6	1444123030	1	0
I?ABeOs]?	10	14	10	1	6	4111432020	1	0
I?ABeOs}?	10	15	10	1	5	1144120230	1	0
I?ABeOsL?	10	13	10	1	6	3300301211	1	0
I?ABeOs\?	10	14	10	1	5	3111340200	1	0
I?ABeOsZ?	10	14	10	1	6	2411410320	1	0
I?ABeOsN?	10	14	10	1	6	2411410320	1	0
I?ABeOs^?	10	15	10	1	5	3144140230	1	0
I?ABeOsqG	10	14	10	1	5	0033014121	1	0
I?ABeOsag	10	14	10	1	5	2444210301	1	0
I?ABePsm?	10	15	10	1	5	3111340202	1	0
I?ABePs}?	10	16	10	1	4	4111432020	1	0
I?ABePs^?	10	16	10	1	5	3111140200	1	0
I?ABePsLO	10	15	10	1	5	4133132024	1	0
I?ABePKm?	10	14	10	1	7	1133102002	1	0
I?ABePK}?	10	15	10	1	6	1133102002	1	0
I?ABePKLO	10	14	10	2	6	1422423031	1	0
I?ABePKKW	10	14	10	2	6	3300331221	1	0
I?ABeOk{?	10	14	10	1	7	4111130020	1	0
I?ABeOky?	10	14	10	1	6	1442423030	1	0
I?ABeOku?	10	14	10	1	6	1424423030	1	0
I?ABeOkm?	10	14	10	1	7	1444423030	1	0
I?ABeOk]?	10	14	10	1	7	4114130020	1	0
I?ABeOk}?	10	15	10	1	6	4111130020	1	0
I?ABeOkLO	10	14	10	2	6	1422423031	1	0
I?ABePkm?	10	15	10	1	6	3111140202	1	0
I?ABePk}?	10	16	10	1	5	4111130020	1	0
I?ABePk^?	10	16	10	1	5	3111140200	1	0
I?ABePkLO	10	15	10	2	5	3144140203	1	0
I?ABeO{{?	10	15	10	1	6	3311142402	1	0
I?ABeO{y?	10	15	10	1	5	3114140202	1	0
I?ABeO{m?	10	15	10	1	6	3111140202	1	0
I?ABeO{]?	10	15	10	1	6	3111140200	1	0
I?ABeO{}?	10	16	10	1	5	2000031141	1	0
I?ABeO{\?	10	15	10	1	6	3111140200	1	0
I?ABeO{Z?	10	15	10	1	6	3111140200	1	0
I?ABeO{N?	10	15	10	1	5	3311142200	1	0
I?ABeO{^?	10	16	10	1	5	3111140200	1	0
I?ABeO{LO	10	15	10	2	5	3144140203	1	0
I?ABeP{}?	10	17	10	1	4	4111130020	1	0
I?ABeP{^?	10	17	10	1	4	3111140200	1	0
I?ABeOt}?	10	16	10	2	4	4411430320	1	0
I?ABeOt^?	10	16	10	2	4	3144140230	1	0
I?ABbR_{?	10	14	10	0	5	2000331411	1	0
I?ABbR_]?	10	14	10	0	6	3000031111	1	0
I?ABbR_}?	10	15	10	0	5	4114442220	1	0
I?ABbR_\?	10	14	10	1	6	3000331111	1	0
I?ABbR_^?	10	15	10	1	5	3114140220	1	0
I?ABbR_Bg	10	14	10	1	5	1444220301	1	0
I?ABbR_@w	10	14	10	0	5	3113330001	1	0
I?ABbROk?	10	13	10	0	6	0222441311	1	0
I?ABbRO{?	10	14	10	0	5	2000331411	1	0
I?ABbROm?	10	14	10	0	7	1141420020	1	0
I?ABbRO}?	10	15	10	0	6	4111130000	1	0
I?ABbRON?	10	14	10	1	6	3111442020	1	0
I?ABbRO^?	10	15	10	1	5	3111442020	1	0
I?ABbROJG	10	14	10	2	6	1424203301	1	0
I?ABbROBg	10	14	10	1	5	4111330204	1	0
I?ABbRO@w	10	14	10	0	6	3111330001	1	0
I?ABbRo{?	10	15	10	0	4	2000331411	1	0
I?ABbRoy?	10	15	10	0	6	2000031111	1	0
I?ABbRo]?	10	15	10	0	5	3000031111	1	0
I?ABbRo}?	10	16	10	0	5	4111130000	1	0
I?ABbRo\?	10	15	10	1	5	3000331111	1	0
I?ABbRo^?	10	16	10	1	4	3111442020	1	0
I?ABbQW[?	10	13	10	0	6	3000331131	1	0
I?ABbQW{?	10	14	10	0	7	4111130000	1	0
I?ABbQWu?	10	14	10	0	6	1424423300	1	0
I?ABbQW]?	10	14	10	0	6	3111130000	1	0
I?ABbQW}?	10	15	10	0	6	4111130000	1	0
I?ABbQW\?	10	14	10	1	6	3111340220	1	0
I?ABbQWV?	10	14	10	1	7	3111140020	1	0
I?ABbQW^?	10	15	10	1	6	3111140020	1	0
I?ABbQWXG	10	14	10	2	6	1224403301	1	0
I?ABbQW@w	10	14	10	0	6	1444420001	1	0
I?ABbPWM?	10	13	10	0	5	3000031111	1	0
I?ABbPWm?	10	14	10	0	6	3000031111	1	0
I?ABbPW]?	10	14	10	0	4	3000031111	1	0
I?ABbPW}?	10	15	10	0	5	3111130000	1	0
I?ABbPW_w	10	14	10	0	5	3111130001	1	0
I?ABbRWm?	10	15	10	0	6	4111130000	1	0
I?ABbRW}?	10	16	10	0	5	4111130000	1	0
I?ABbRWN?	10	15	10	1	6	4411130002	1	0
I?ABbRW^?	10	16	10	1	5	3141140020	1	0
I?ABbPw]?	10	15	10	0	3	3000031111	1	0
I?ABbPw}?	10	16	10	0	4	3111130000	1	0
I?ABbRw}?	10	17	10	0	4	4111130000	1	0
I?ABbRw^?	10	17	10	1	4	4111130002	1	0
I?ABfRo{?	10	16	10	0	4	0000331111	1	0
I?ABfRo}?	10	17	10	0	4	4111130000	1	0
I?ABfRo^?	10	17	10	1	4	4111130002	1	0
I?ABfRg}?	10	17	10	0	4	4111130000	1	0
I?ABfRg^?	10	17	10	1	3	3114140220	1	0
I?ABfRW}?	10	17	10	0	4	4111130000	1	0
I?ABfRWN?	10	16	10	1	5	4111130002	1	0
I?ABfRW^?	10	17	10	1	4	4111130002	1	0
I?ABfRw}?	10	18	10	0	3	4111130000	1	0
I?ABfPs}?	10	17	10	1	3	4111432020	1	0
I?ABfPs^?	10	17	10	1	4	3111140200	1	0
I?ABfPk}?	10	17	10	1	4	4111130020	1	0
I?ABfP[}?	10	17	10	1	4	4111130020	1	0
I?ABfP{}?	10	18	10	1	3	4111130020	1	0
I?ABfP{^?	10	18	10	1	3	3111140200	1	0
I?ABbro{?	10	16	10	0	3	3000224144	1	0
I?ABbro}?	10	17	10	0	4	4111130000	1	0
I?ABbro\?	10	16	10	1	4	3000331111	1	0
I?ABbro^?	10	17	10	1	3	3111442020	1	0
I?ABbrg}?	10	17	10	0	4	4111130000	1	0
I?ABbrg^?	10	17	10	1	4	3114140020	1	0
I?ABbpw{?	10	16	10	0	4	3000031111	1	0
I?ABbpw]?	10	16	10	0	2	3000031111	1	0
I?ABbpw}?	10	17	10	0	3	3111130000	1	0
I?ABbrw}?	10	18	10	0	3	4111130000	1	0
I?ABbrw^?	10	18	10	1	3	4111130002	1	0
I?ABfrw}?	10	19	10	0	2	4111130000	1	0
I?ABfrw^?	10	19	10	1	2	4111130002	1	0
I?AFfbo}?	10	18	10	0	2	0000331111	1	0
I?AFfbo^?	10	18	10	1	1	2000331114	1	0
I?AFfboBw	10	18	10	0	1	1111330004	1	0
I?AFfbg^?	10	18	10	1	3	2000031114	1	0
I?AFf`s{?	10	17	10	1	2	0222441131	1	0
I?AFf`s}?	10	18	10	1	3	1444120030	1	0
I?AFf`s^?	10	18	10	1	2	4111330022	1	0
I?AFf`k}?	10	18	10	1	3	4111130020	1	0
I?AFf`k^?	10	18	10	1	2	3111442200	1	0
I?AFf`{}?	10	19	10	1	2	4111130020	1	0
I?AFf`{^?	10	19	10	1	1	3111442200	1	0
I?AFfRW}?	10	18	10	0	3	2000031111	1	0
I?AFfRW^?	10	18	10	1	3	2000031114	1	0
I?AFfRw^?	10	19	10	1	2	4111130002	1	0
I?AFfP[}?	10	18	10	1	3	4111130020	1	0
I?AFfP[N?	10	17	10	1	4	4111130022	1	0
I?AFfP[^?	10	18	10	1	3	3111142200	1	0
I?AFfP{^?	10	19	10	1	2	3111142200	1	0
I?AFfrw^?	10	20	10	1	1	4111130002	1	0
I?AFfp{^?	10	20	10	1	1	4111130022	1	0
I?AFbjg}?	10	18	10	1	3	4111130200	1	0
I?AFbjg^?	10	18	10	1	3	3111142020	1	0
I?AFbjw}?	10	19	10	1	2	4111130200	1	0
I?AFbjw^?	10	19	10	1	2	4111130202	1	0
I?AFbZw}?	10	19	10	1	2	4111130200	1	0
I?AFbZw^?	10	19	10	1	2	4111130202	1	0
I?AFbx{^?	10	20	10	1	1	3111142000	1	0
I?ABvbo{?	10	17	10	0	2	0222443111	1	0
I?ABvbo}?	10	18	10	0	3	4111130000	1	0
I?ABvbo^?	10	18	10	1	2	3111440220	1	0
I?ABvbg}?	10	18	10	0	3	4111130000	1	0
I?ABvbg^?	10	18	10	1	3	4111130002	1	0
I?ABvbw}?	10	19	10	0	2	4111130000	1	0
I?ABv`s}?	10	18	10	1	3	4111130020	1	0
I?ABv`k}?	10	18	10	1	3	4111130020	1	0
I?ABv`{}?	10	19	10	1	2	4111130020	1	0
I?ABv`{^?	10	19	10	1	2	3111140200	1	0
I?ABrro}?	10	18	10	0	3	4111130000	1	0
I?ABrro^?	10	18	10	1	3	3111440020	1	0
I?ABrpw]?	10	17	10	0	1	3000031111	1	0
I?ABrpw}?	10	18	10	0	2	3111130000	1	0
I?ABrrw}?	10	19	10	0	2	4111130000	1	0
I?ABrrw^?	10	19	10	1	2	4111130002	1	0
I?ABvrw}?	10	20	10	0	1	4111130000	1	0
I?ABvrw^?	10	20	10	1	1	4111130002	1	0
I?AFvrw^?	10	21	10	1	0	4111130002	1	1
I?AFvp{^?	10	21	10	1	0	4111130022	1	1
I?BE@_ow?	10	11	10	0	5	0033311331	1	0
I?BE@_o{?	10	12	10	0	6	1144222000	1	0
I?BE@_oq?	10	11	10	0	5	0033311331	1	0
I?BE@_oi?	10	11	10	0	7	0022000333	1	0
I?BE@_oy?	10	12	10	0	6	1133300330	1	0
I?BE@_o}?	10	13	10	0	6	1144422000	1	0
I?BE@ao[?	10	12	10	0	6	0022444111	1	0
I?BE@ao]?	10	13	10	0	6	1144422000	1	0
I?BE@ao}?	10	14	10	0	5	1144422000	1	0
I?BE@aoL?	10	12	10	1	6	3300333111	1	0
I?BE@aoN?	10	13	10	1	6	3300022141	1	0
I?BE@aoL_	10	13	10	1	6	2244211030	1	0
I?BE@aoN_	10	14	10	1	5	3300022141	1	0
I?BE@aoQO	10	12	10	1	7	0033011241	1	0
I?BE@bo{?	10	14	10	0	4	0022444111	1	0
I?BE@bo}?	10	15	10	0	4	1144422000	1	0
I?BE@boL_	10	14	10	2	5	4411133002	1	0
I?BE@boN_	10	15	10	2	4	3300022141	1	0
I?BE@_gw?	10	11	10	0	5	0033311331	1	0
I?BE@_gs?	10	11	10	0	5	0033311331	1	0
I?BE@_gk?	10	11	10	0	7	3300022000	1	0
I?BE@_g{?	10	12	10	0	6	1133300330	1	0
I?BE@_gE?	10	10	10	0	6	0022244222	1	0
I?BE@_ge?	10	11	10	0	7	0033311331	1	0
I?BE@_gu?	10	12	10	0	6	1133300330	1	0
I?BE@_gM?	10	11	10	0	6	3300033111	1	0
I?BE@_gm?	10	12	10	0	7	3311133000	1	0
I?BE@_g}?	10	13	10	0	6	1144422000	1	0
I?BE@_goO	10	11	10	0	5	0033311331	1	0
I?BE@_gaO	10	11	10	1	7	0022244224	1	0
I?BE@_gqO	10	12	10	1	6	1133300330	1	0
I?BE@_g_W	10	11	10	0	7	0313333001	1	0
I?BE@_goW	10	12	10	0	6	1133300440	1	0
I?BE@bg{?	10	14	10	0	5	0022244111	1	0
I?BE@bgy?	10	14	10	0	5	0022244111	1	0
I?BE@bgu?	10	14	10	0	5	2200033111	1	0
I?BE@bg}?	10	15	10	0	4	4411133000	1	0
I?BE@bgN?	10	14	10	1	5	0033311242	1	0
I?BE@bgL_	10	14	10	1	5	4411133002	1	0
I?BE@bgJ_	10	14	10	2	5	4411133002	1	0
I?BE@bgF_	10	14	10	2	5	4411133002	1	0
I?BE@bgN_	10	15	10	2	4	0033311242	1	0
I?BE@_ww?	10	12	10	0	6	0033311331	1	0
I?BE@_wk?	10	12	10	0	6	3300333111	1	0
I?BE@_w{?	10	13	10	0	6	1144222030	1	0
I?BE@_wq?	10	12	10	0	6	0033311331	1	0
I?BE@_wy?	10	13	10	0	6	1133300222	1	0
I?BE@_wM?	10	12	10	0	5	3300033111	1	0
I?BE@_wm?	10	13	10	0	6	3311133000	1	0
I?BE@_w}?	10	14	10	0	5	4411133000	1	0
I?BE@_woO	10	12	10	0	5	0033311241	1	0
I?BE@_waO	10	12	10	1	7	0033011241	1	0
I?BE@_wqO	10	13	10	1	6	4422200130	1	0
I?BE@aw]?	10	14	10	0	5	1144422000	1	0
I?BE@aw}?	10	15	10	0	4	4411133000	1	0
I?BE@awN?	10	14	10	1	5	4411133002	1	0
I?BE@awL_	10	14	10	1	5	3311144020	1	0
I?BE@awN_	10	15	10	1	4	3311144020	1	0
I?BE@bw}?	10	16	10	0	3	4411133000	1	0
I?BE@bwN_	10	16	10	2	3	4411133002	1	0
I?BE@bH{?	10	14	10	1	5	0033011214	1	0
I?BE@bHy?	10	14	10	1	5	0033011214	1	0
I?BE@bH}?	10	15	10	1	4	1144122320	1	0
I?BE@bHN?	10	14	10	1	6	4411133102	1	0
I?BE@bHL_	10	14	10	0	5	0033011212	1	0
I?BE@bHJ_	10	14	10	1	6	0033311212	1	0
I?BE@bHN_	10	15	10	1	5	0033311212	1	0
I?BE@bHqO	10	14	10	0	4	0033011211	1	0
I?BE@bHLg	10	15	10	0	4	4422400101	1	0
I?BEFbo}?	10	17	10	0	2	0022244111	1	0
I?BEFboN_	10	17	10	2	2	0033111442	1	0
I?BEFaw}?	10	17	10	0	2	2200033111	1	0
I?BEFawN_	10	17	10	2	2	0033311442	1	0
I?BEFbw}?	10	18	10	0	1	2200033111	1	0
I?BEFbwN_	10	18	10	2	1	0033311442	1	0
I?BEF_u{?	10	16	10	2	3	0022244131	1	0
I?BEF_u}?	10	17	10	2	2	1144422030	1	0
I?BEF_my?	10	16	10	2	3	0022244131	1	0
I?BEF_m}?	10	17	10	2	2	1144422030	1	0
I?BEF_}N_	10	18	10	2	1	2244411300	1	0
I?BE@ro{?	10	15	10	0	4	0022244311	1	0
I?BE@roy?	10	15	10	0	4	0022244111	1	0
I?BE@ro}?	10	16	10	0	3	4411133000	1	0
I?BE@roL_	10	15	10	2	4	4411133002	1	0
I?BE@roJ_	10	15	10	2	4	0033311242	1	0
I?BE@roN_	10	16	10	2	3	3300022141	1	0
I?BE@oww?	10	13	10	0	5	0022244114	1	0
I?BE@ow{?	10	14	10	0	5	4411133000	1	0
I?BE@owM?	10	13	10	0	4	3300033111	1	0
I?BE@owm?	10	14	10	0	5	3311133000	1	0
I?BE@ow}?	10	15	10	0	4	4411133000	1	0
I?BE@owoW	10	14	10	0	4	2244411001	1	0
I?BE@qw]?	10	15	10	0	4	1144422300	1	0
I?BE@qw}?	10	16	10	0	3	4411133000	1	0
I?BE@qwN?	10	15	10	1	4	4411133002	1	0
I?BE@qwL_	10	15	10	1	4	0033311242	1	0
I?BE@qwN_	10	16	10	1	3	3311144020	1	0
I?BE@rw}?	10	17	10	0	2	4411133000	1	0
I?BE@rwN_	10	17	10	2	2	4411133002	1	0
I?BEDqw}?	10	17	10	0	2	2200033111	1	0
I?BEDqwN_	10	17	10	2	2	4411133002	1	0
I?BEDpw}?	10	17	10	0	2	4411133000	1	0
I?BEDpwL_	10	16	10	2	3	0033311442	1	0
I?BEDpwN_	10	17	10	2	2	3311144220	1	0
I?BEDrwN_	10	18	10	2	1	4411133002	1	0
I?BEDo{]?	10	16	10	1	3	4411133020	1	0
I?BEDo{}?	10	17	10	1	2	1144422030	1	0
I?BEDou}?	10	17	10	2	2	1144422030	1	0
I?BEDouL_	10	16	10	1	3	3300022411	1	0
I?BEDouJ_	10	16	10	1	3	1133300244	1	0
I?BEDouN_	10	17	10	1	2	2244411300	1	0
I?BEDo}N_	10	18	10	1	1	2244411300	1	0
I?BEFo}}?	10	19	10	2	0	4411133020	1	1
I?BDBBo{?	10	14	10	0	5	0003311111	1	0
I?BDBBoy?	10	14	10	0	5	0003311111	1	0
I?BDBBo}?	10	15	10	0	4	1113300002	1	0
I?BDBBoDo	10	14	10	1	5	4441133302	1	0
I?BDBBoBo	10	14	10	0	5	4441133302	1	0
I?BDBBoFo	10	15	10	1	4	0003311142	1	0
I?BDBBoBw	10	15	10	0	5	1113300001	1	0
I?BDB?Ww?	10	11	10	0	5	0003311131	1	0
I?BDB?Ws?	10	11	10	0	7	0030313331	1	0
I?BDB?W{?	10	12	10	0	6	1113300030	1	0
I?BDB?Wu?	10	12	10	0	7	1134422200	1	0
I?BDB?W}?	10	13	10	0	6	1114422200	1	0
I?BDB?WL?	10	11	10	1	8	3300303331	1	0
I?BDB?WN?	10	12	10	1	8	0013310022	1	0
I?BDB?WoG	10	11	10	0	7	0033313301	1	0
I?BDB?WwG	10	12	10	0	6	1113300030	1	0
I?BDB?WHG	10	11	10	1	8	3303303301	1	0
I?BDBBW}?	10	15	10	0	4	4441133300	1	0
I?BDBBWF_	10	14	10	2	5	0003311142	1	0
I?BDBBWEo	10	14	10	2	5	4441133302	1	0
I?BDBBWDo	10	14	10	1	5	0003311142	1	0
I?BDBBWFo	10	15	10	2	4	0003311142	1	0
I?BDBBw}?	10	16	10	0	3	4441133300	1	0
I?BDBBwFo	10	16	10	2	3	0003311142	1	0
I?BDB?{u?	10	14	10	1	7	1114422200	1	0
I?BDB?{}?	10	15	10	1	6	1114422200	1	0
I?BDB?{U_	10	14	10	2	8	3311141402	1	0
I?BDF@w{?	10	15	10	0	4	0003311141	1	0
I?BDF@w}?	10	16	10	0	3	1114422200	1	0
I?BDF@wF_	10	15	10	2	4	0003311142	1	0
I?BDF@wFo	10	16	10	2	3	2224411130	1	0
I?BDFBwFo	10	17	10	2	2	0003311142	1	0
I?BDF?{}?	10	16	10	1	5	4441133300	1	0
I?BDF?{U_	10	15	10	2	7	3311141402	1	0
I?BDA_ow?	10	11	10	0	6	0003311331	1	0
I?BDA_o{?	10	12	10	0	7	1114300330	1	0
I?BDA_oq?	10	11	10	0	7	0033311131	1	0
I?BDA_oY?	10	11	10	0	8	3003033331	1	0
I?BDA_oy?	10	12	10	0	7	1113300330	1	0
I?BDA_o}?	10	13	10	0	7	1144422200	1	0
I?BDA_oL?	10	11	10	1	7	3300303311	1	0
I?BDA_oJ?	10	11	10	1	8	3303003331	1	0
I?BDA_oN?	10	12	10	1	8	3311113300	1	0
I?BDAao[?	10	12	10	0	7	0200224244	1	0
I?BDAao]?	10	13	10	0	7	1144422200	1	0
I?BDAao}?	10	14	10	0	6	1144422200	1	0
I?BDAaoN?	10	13	10	1	7	2244113330	1	0
I?BDAaoS_	10	12	10	1	7	0202014313	1	0
I?BDAaoU_	10	13	10	1	7	2424131030	1	0
I?BDAbo{?	10	14	10	0	5	0200331311	1	0
I?BDAbo}?	10	15	10	0	5	1144422200	1	0
I?BDA_gw?	10	11	10	0	6	0003311331	1	0
I?BDA_gs?	10	11	10	0	6	0030313131	1	0
I?BDA_gk?	10	11	10	0	7	0303311311	1	0
I?BDA_g[?	10	11	10	0	7	3000333131	1	0
I?BDA_g{?	10	12	10	0	7	1113300330	1	0
I?BDA_gE?	10	10	10	0	8	0000200033	1	0
I?BDA_ge?	10	11	10	0	8	0330033331	1	0
I?BDA_gU?	10	11	10	0	7	3030033131	1	0
I?BDA_gu?	10	12	10	0	7	1131303030	1	0
I?BDA_g]?	10	12	10	0	8	3111133000	1	0
I?BDA_g}?	10	13	10	0	7	1141420230	1	0
I?BDA_gL?	10	11	10	1	8	3300303331	1	0
I?BDA_gJ?	10	11	10	1	7	3303003311	1	0
I?BDA_gF?	10	11	10	1	8	1133303331	1	0
I?BDA_gN?	10	12	10	1	8	3311113300	1	0
I?BDA_gD_	10	11	10	1	7	1113300331	1	0
I?BDA_gF_	10	12	10	2	8	0003311330	1	0
I?BDA_ggO	10	11	10	1	7	0303331031	1	0
I?BDA_gaO	10	11	10	1	8	0333033031	1	0
I?BDA_gIO	10	11	10	1	7	3303033011	1	0
I?BDA_giO	10	12	10	1	7	1313130300	1	0
I?BDA_gHO	10	11	10	1	7	3103303031	1	0
I?BDA_gBO	10	11	10	1	7	1131303031	1	0
I?BDA_gJO	10	12	10	1	7	3313142400	1	0
I?BDA_gAo	10	11	10	1	8	1133300031	1	0
I?BDA_g@o	10	11	10	0	6	1133300031	1	0
I?BDA_gBo	10	12	10	1	7	0033311130	1	0
I?BDA_g_W	10	11	10	1	8	0333333001	1	0
I?BDA_g@W	10	11	10	0	7	3133303001	1	0
I?BDA_g@w	10	12	10	0	7	0033311140	1	0
I?BDAbg{?	10	14	10	0	6	0003311311	1	0
I?BDAbgu?	10	14	10	0	6	2200033311	1	0
I?BDAbg}?	10	15	10	0	5	4411133300	1	0
I?BDAbgN?	10	14	10	1	7	4411130002	1	0
I?BDA_ww?	10	12	10	0	7	0003311331	1	0
I?BDA_wk?	10	12	10	0	7	0300331311	1	0
I?BDA_w{?	10	13	10	0	7	1144220030	1	0
I?BDA_wq?	10	12	10	0	7	0022244414	1	0
I?BDA_wi?	10	12	10	0	7	0303031311	1	0
I?BDA_wy?	10	13	10	0	7	1144422200	1	0
I?BDA_wm?	10	13	10	0	7	1311130300	1	0
I?BDA_w}?	10	14	10	0	6	4411133300	1	0
I?BDA_wL?	10	12	10	1	8	3300003311	1	0
I?BDA_wN?	10	13	10	1	7	3311113300	1	0
I?BDA_wS_	10	12	10	1	7	3030342141	1	0
I?BDA_wQ_	10	12	10	1	8	3030042141	1	0
I?BDA_wU_	10	13	10	1	7	3131124020	1	0
I?BDA_wD_	10	12	10	1	8	1113300331	1	0
I?BDA_wB_	10	12	10	1	8	1113300331	1	0
I?BDA_wF_	10	13	10	2	7	0331144220	1	0
I?BDA_wAo	10	12	10	1	8	4411330024	1	0
I?BDA_w@o	10	12	10	0	7	1133300021	1	0
I?BDA_wBo	10	13	10	1	7	0022441130	1	0
I?BDAaw]?	10	14	10	0	6	1144422200	1	0
I?BDAaw}?	10	15	10	0	5	4411133300	1	0
I?BDAbw}?	10	16	10	0	4	4411133300	1	0
I?BDA_sw?	10	12	10	1	7	0003311331	1	0
I?BDA_s{?	10	13	10	1	7	1144220030	1	0
I?BDA_sy?	10	13	10	1	8	1113300330	1	0
I?BDA_s}?	10	14	10	1	7	1144120030	1	0
I?BDA_sS_	10	12	10	2	8	3030330131	1	0
I?BDA_sU_	10	13	10	2	8	3131124030	1	0
I?BDA_sAo	10	12	10	1	8	1133002241	1	0
I?BDA_{{?	10	14	10	1	6	3311442202	1	0
I?BDA_{m?	10	14	10	1	7	3311142202	1	0
I?BDA_{}?	10	15	10	1	6	2200031141	1	0
I?BDA_Ys?	10	12	10	1	7	0030313131	1	0
I?BDA_Y[?	10	12	10	1	8	3030313111	1	0
I?BDA_Y{?	10	13	10	1	7	4141303020	1	0
I?BDA_Yy?	10	13	10	1	7	1114422030	1	0
I?BDA_Ym?	10	13	10	1	7	1114422030	1	0
I?BDA_Y}?	10	14	10	1	6	4141103220	1	0
I?BDA_YN?	10	13	10	2	8	3311141300	1	0
I?BDA_YU_	10	13	10	1	6	3030032111	1	0
I?BDA_YF_	10	13	10	1	6	4442200311	1	0
I?BDA_YHO	10	12	10	1	8	1113300241	1	0
I?BDA_YJO	10	13	10	2	7	2043113420	1	0
I?BDA_YBo	10	13	10	1	7	1113300241	1	0
I?BDA`Ym?	10	14	10	1	6	3131124002	1	0
I?BDA`Y}?	10	15	10	1	5	4141103220	1	0
I?BDA`YN?	10	14	10	2	7	3431134002	1	0
I?BDA`YiO	10	14	10	2	7	2424231001	1	0
I?BDA_]{?	10	14	10	1	6	2220033141	1	0
I?BDA_]y?	10	14	10	2	6	3331144202	1	0
I?BDA_]u?	10	14	10	2	6	3301144202	1	0
I?BDA_]m?	10	14	10	2	6	3331144202	1	0
I?BDA_]]?	10	14	10	2	6	2441133020	1	0
I?BDA_]}?	10	15	10	2	5	2224411303	1	0
I?BDA_]iO	10	14	10	2	7	3031144102	1	0
I?BDA_N{?	10	14	10	0	6	0222444101	1	0
I?BDA_Ny?	10	14	10	1	7	0033311104	1	0
I?BDA_Nm?	10	14	10	1	7	3031144102	1	0
I?BDA_N}?	10	15	10	1	6	0033311104	1	0
I?BDA_NF_	10	14	10	1	6	4442200211	1	0
I?BDA_NBo	10	14	10	0	5	1333000211	1	0
I?BDA_N{G	10	15	10	0	5	0222444101	1	0
I?BDBbo{?	10	15	10	0	4	0222444111	1	0
I?BDBbo}?	10	16	10	0	5	1111300002	1	0
I?BDBboBw	10	16	10	0	4	1444222001	1	0
I?BDBbg{?	10	15	10	0	6	0003311111	1	0
I?BDBbgy?	10	15	10	0	6	0003311111	1	0
I?BDBbgu?	10	15	10	0	6	2000033111	1	0
I?BDBbg}?	10	16	10	0	5	4111133000	1	0
I?BDBbW{?	10	15	10	0	6	0000311141	1	0
I?BDBbW}?	10	16	10	0	5	4111133000	1	0
I?BDBbWN?	10	15	10	1	6	4411130002	1	0
I?BDBbWF_	10	15	10	2	5	2220033114	1	0
I?BDB`w}?	10	16	10	0	5	4111133000	1	0
I?BDB`wF_	10	15	10	2	5	2441133002	1	0
I?BDBbw}?	10	17	10	0	4	4111133000	1	0
I?BDB_{}?	10	16	10	1	5	4411130020	1	0
I?BDB_{U_	10	15	10	2	8	3111144200	1	0
I?BDB_]{?	10	15	10	1	5	3331144202	1	0
I?BDB_]y?	10	15	10	2	5	0003311424	1	0
I?BDB_]}?	10	16	10	2	4	2220033141	1	0
I?BDB_]Bo	10	15	10	1	5	1113300241	1	0
I?BDFboBw	10	17	10	0	3	1444222001	1	0
I?BDFbg}?	10	17	10	0	4	2000033111	1	0
I?BDF`wy?	10	16	10	0	5	2000033111	1	0
I?BDF`w}?	10	17	10	0	4	4111133000	1	0
I?BD?r_{?	10	13	10	0	5	0003311311	1	0
I?BD?r_u?	10	13	10	0	6	0032244141	1	0
I?BD?r_]?	10	13	10	0	6	0003311214	1	0
I?BD?r_}?	10	14	10	0	5	1114422020	1	0
I?BD?r_L?	10	12	10	1	7	0003311313	1	0
I?BD?r_N?	10	13	10	1	7	2244413030	1	0
I?BD?r_wO	10	13	10	0	5	0003311211	1	0
I?BD?r_HO	10	12	10	1	7	1113300203	1	0
I?BD?pow?	10	12	10	0	6	0003311311	1	0
I?BD?pos?	10	12	10	0	7	0030313311	1	0
I?BD?po[?	10	12	10	0	6	3000333311	1	0
I?BD?po{?	10	13	10	0	7	1111300300	1	0
I?BD?poq?	10	12	10	0	8	0033013331	1	0
I?BD?poY?	10	12	10	0	8	3000033111	1	0
I?BD?poy?	10	13	10	0	7	1113300300	1	0
I?BD?poe?	10	12	10	0	8	0330033131	1	0
I?BD?pou?	10	13	10	0	7	1114422300	1	0
I?BD?po]?	10	13	10	0	7	3111133000	1	0
I?BD?po}?	10	14	10	0	6	1114422300	1	0
I?BD?poL?	10	12	10	1	8	3000303311	1	0
I?BD?poF?	10	12	10	1	7	3330022141	1	0
I?BD?poN?	10	13	10	1	7	3311142020	1	0
I?BD?poD_	10	12	10	1	7	3330022141	1	0
I?BD?poB_	10	12	10	1	7	1113300424	1	0
I?BD?poF_	10	13	10	1	6	2224411030	1	0
I?BD?pooO	10	12	10	1	7	0003311241	1	0
I?BD?poWO	10	12	10	1	7	0003311241	1	0
I?BD?powO	10	13	10	1	6	1113300420	1	0
I?BD?poHO	10	12	10	1	8	3303124241	1	0
I?BD?po@o	10	12	10	0	8	1113300201	1	0
I?BD?poBg	10	13	10	1	7	1113300301	1	0
I?BD?po@w	10	13	10	0	7	1113300201	1	0
I?BD?ro}?	10	15	10	0	5	1114422300	1	0
I?BD?roN?	10	14	10	1	6	4411130202	1	0
I?BD?roF_	10	14	10	1	5	0003311242	1	0
I?BD?pWw?	10	12	10	0	7	0003311331	1	0
I?BD?pWs?	10	12	10	0	7	0030313311	1	0
I?BD?pWk?	10	12	10	0	8	0300331331	1	0
I?BD?pW[?	10	12	10	0	7	3030033111	1	0
I?BD?pW{?	10	13	10	0	7	1114422300	1	0
I?BD?pWe?	10	12	10	0	6	0002200333	1	0
I?BD?pWU?	10	12	10	0	5	3030033111	1	0
I?BD?pWu?	10	13	10	0	6	1424422000	1	0
I?BD?pWM?	10	12	10	0	6	3330033111	1	0
I?BD?pWm?	10	13	10	0	7	1414402330	1	0
I?BD?pW]?	10	13	10	0	6	3131133000	1	0
I?BD?pW}?	10	14	10	0	6	1114422300	1	0
I?BD?pWF?	10	12	10	1	6	3330033111	1	0
I?BD?pWN?	10	13	10	1	7	3311142020	1	0
I?BD?pWS_	10	12	10	1	7	3030032111	1	0
I?BD?pWE_	10	12	10	1	6	3330033111	1	0
I?BD?pWU_	10	13	10	1	6	3131133000	1	0
I?BD?pWD_	10	12	10	1	7	1310320441	1	0
I?BD?pWF_	10	13	10	1	6	3331144020	1	0
I?BD?pWoO	10	12	10	1	7	0003311241	1	0
I?BD?pWgO	10	12	10	1	7	0303341221	1	0
I?BD?pWWO	10	12	10	1	7	0003311241	1	0
I?BD?pWwO	10	13	10	1	6	1113300420	1	0
I?BD?pWHO	10	12	10	1	8	3131103001	1	0
I?BD?pWOo	10	12	10	1	8	3131133001	1	0
I?BD?pW@o	10	12	10	0	7	1313300241	1	0
I?BD?pWgW	10	13	10	1	6	2424431001	1	0
I?BD?pWHW	10	13	10	1	7	3131103001	1	0
I?BD?pW@w	10	13	10	0	7	3131102001	1	0
I?BD?rW}?	10	15	10	0	5	1114422300	1	0
I?BD?rWN?	10	14	10	1	6	4411130202	1	0
I?BD?rWU_	10	14	10	1	6	4141103202	1	0
I?BD?rWF_	10	14	10	2	5	4441133202	1	0
I?BD?pw{?	10	14	10	0	6	1114422300	1	0
I?BD?pwu?	10	14	10	0	6	1114422300	1	0
I?BD?pw]?	10	14	10	0	6	3111133000	1	0
I?BD?pw}?	10	15	10	0	5	1114422300	1	0
I?BD?pwN?	10	14	10	1	6	4411130202	1	0
I?BD?pwF_	10	14	10	2	5	3331144020	1	0
I?BD?pwwO	10	14	10	1	5	1113300420	1	0
I?BD?rw}?	10	16	10	0	4	1114422300	1	0
I?BD?os{?	10	13	10	1	7	4411130220	1	0
I?BD?osy?	10	13	10	1	7	1144420330	1	0
I?BD?ose?	10	12	10	1	8	0220022424	1	0
I?BD?osu?	10	13	10	1	7	1144420330	1	0
I?BD?osm?	10	13	10	1	7	4211430020	1	0
I?BD?os]?	10	13	10	1	7	4411130220	1	0
I?BD?os}?	10	14	10	1	6	4411130220	1	0
I?BD?osN?	10	13	10	1	6	3300023111	1	0
I?BD?osQ_	10	12	10	2	8	1430202143	1	0
I?BD?osE_	10	12	10	1	8	1430202141	1	0
I?BD?osU_	10	13	10	2	8	2421431020	1	0
I?BD?osF_	10	13	10	1	7	1430202141	1	0
I?BD?osgO	10	12	10	1	7	0324141031	1	0
I?BD?oswO	10	13	10	1	8	1113300410	1	0
I?BD?osOo	10	12	10	1	8	1433102243	1	0
I?BD?osQg	10	13	10	2	7	3014242301	1	0
I?BD?osoW	10	13	10	1	6	2244413001	1	0
I?BD?osOw	10	13	10	1	7	0033310221	1	0
I?BD?o[k?	10	12	10	1	7	0002244331	1	0
I?BD?o[{?	10	13	10	1	6	1114422330	1	0
I?BD?o[u?	10	13	10	1	6	4441130220	1	0
I?BD?o[m?	10	13	10	1	6	4241130220	1	0
I?BD?o[]?	10	13	10	1	6	4441130220	1	0
I?BD?o[}?	10	14	10	1	5	4441130220	1	0
I?BD?o[N?	10	13	10	1	6	3330003111	1	0
I?BD?o[E_	10	12	10	0	6	3330022111	1	0
I?BD?o[U_	10	13	10	1	7	3331133000	1	0
I?BD?o[gO	10	12	10	0	7	0003311221	1	0
I?BD?o[WO	10	12	10	0	7	4442200110	1	0
I?BD?o[wO	10	13	10	0	6	1113300440	1	0
I?BD?o[Oo	10	12	10	1	7	1413302443	1	0
I?BD?o[oW	10	13	10	0	6	2224411001	1	0
I?BD?o[gW	10	13	10	0	6	2224411001	1	0
I?BD?o[wW	10	14	10	0	5	1113300440	1	0
I?BD?o[Ow	10	13	10	1	6	3031142001	1	0
I?BD?o{}?	10	15	10	1	5	4411130220	1	0
I?BD?o{U_	10	14	10	2	7	3311143002	1	0
I?BD?o{wO	10	14	10	1	7	0003311221	1	0
I?BD?o]}?	10	15	10	2	4	3331144002	1	0
I?BD?o]F_	10	14	10	0	4	4442200111	1	0
I?BD?p`w?	10	12	10	0	6	0003311211	1	0
I?BD?p`{?	10	13	10	1	6	1114422320	1	0
I?BD?p`u?	10	13	10	1	6	1114422320	1	0
I?BD?p`]?	10	13	10	1	6	1114422320	1	0
I?BD?p`}?	10	14	10	1	5	1114422320	1	0
I?BD?p`N?	10	13	10	1	8	3314442320	1	0
I?BD?p`D_	10	12	10	0	7	4442200101	1	0
I?BD?p`F_	10	13	10	0	6	0003311212	1	0
I?BD?p`wO	10	13	10	0	5	0003311211	1	0
I?BD?p`FG	10	13	10	0	6	1113300404	1	0
I?BD?p`Dg	10	13	10	0	6	1113300401	1	0
I?BD?p`Fg	10	14	10	0	5	0003311212	1	0
I?BD?r`}?	10	15	10	1	4	1114422320	1	0
I?BD?r`F_	10	14	10	0	5	0003311212	1	0
I?BD?r`Fg	10	15	10	0	4	1113300404	1	0
I?BDApo{?	10	14	10	0	6	2020313411	1	0
I?BDApoi?	10	13	10	0	7	0202244114	1	0
I?BDApoy?	10	14	10	0	7	0202214311	1	0
I?BDApom?	10	14	10	0	7	1114422000	1	0
I?BDApo]?	10	14	10	0	6	3000033111	1	0
I?BDApo}?	10	15	10	0	6	4111133000	1	0
I?BDApoL?	10	13	10	1	8	3000333111	1	0
I?BDApoN?	10	14	10	1	7	2244411330	1	0
I?BDApoU_	10	14	10	1	6	3030042141	1	0
I?BDApoF_	10	14	10	2	6	2220033114	1	0
I?BDApoBg	10	14	10	1	6	1414202301	1	0
I?BDApo@w	10	14	10	0	6	1113300201	1	0
I?BDAro{?	10	15	10	0	5	0202414311	1	0
I?BDAroy?	10	15	10	0	6	0202214311	1	0
I?BDAro}?	10	16	10	0	5	4111133000	1	0
I?BDAroF_	10	15	10	2	5	0003311442	1	0
I?BDApWu?	10	14	10	0	5	2030033111	1	0
I?BDApWm?	10	14	10	0	6	1414402330	1	0
I?BDApW]?	10	14	10	0	5	3030033111	1	0
I?BDApW}?	10	15	10	0	5	4141103220	1	0
I?BDApWN?	10	14	10	1	7	3030032114	1	0
I?BDApWU_	10	14	10	1	5	3030032111	1	0
I?BDApWF_	10	14	10	1	6	0204411330	1	0
I?BDApWgW	10	14	10	1	5	2424431001	1	0
I?BDApWHW	10	14	10	1	6	3131103001	1	0
I?BDApW@w	10	14	10	0	6	3131102001	1	0
I?BDArW{?	10	15	10	0	6	0002244111	1	0
I?BDArWu?	10	15	10	0	4	0242244111	1	0
I?BDArW}?	10	16	10	0	5	1114422000	1	0
I?BDArWF_	10	15	10	2	5	4421133002	1	0
I?BDAoww?	10	13	10	0	6	0002244114	1	0
I?BDAows?	10	13	10	0	7	0022244114	1	0
I?BDAow{?	10	14	10	0	7	4111133000	1	0
I?BDAowU?	10	13	10	0	6	3030033111	1	0
I?BDAowu?	10	14	10	0	7	1124422030	1	0
I?BDAow]?	10	14	10	0	6	3111133000	1	0
I?BDAow}?	10	15	10	0	6	4111133000	1	0
I?BDAowL?	10	13	10	1	7	3300024411	1	0
I?BDAowF?	10	13	10	1	7	3330033111	1	0
I?BDAowN?	10	14	10	1	6	3311142200	1	0
I?BDAowD_	10	13	10	1	7	1330022441	1	0
I?BDAowF_	10	14	10	2	6	0331144220	1	0
I?BDAow@w	10	14	10	0	6	3114422001	1	0
I?BDAqw}?	10	16	10	0	5	4111133000	1	0
I?BDAqwU_	10	15	10	1	5	4141103202	1	0
I?BDAqwF_	10	15	10	2	5	4441133002	1	0
I?BDApwm?	10	15	10	0	6	1114422000	1	0
I?BDApw}?	10	16	10	0	5	4111133000	1	0
I?BDApwN?	10	15	10	1	6	4411130002	1	0
I?BDApwF_	10	15	10	2	5	2441133002	1	0
I?BDArw}?	10	17	10	0	4	4111133000	1	0
I?BDAo{{?	10	15	10	1	6	3311142202	1	0
I?BDAo{u?	10	15	10	1	6	3311142202	1	0
I?BDAo{m?	10	15	10	1	6	3311142202	1	0
I?BDAo{}?	10	16	10	1	5	2200031141	1	0
I?BDAo{U_	10	15	10	2	6	4341143202	1	0
I?BDApY}?	10	16	10	1	4	4141103220	1	0
I?BDApYU_	10	15	10	1	4	3030032111	1	0
I?BDAo]}?	10	16	10	2	4	2220033141	1	0
I?BDAo]F_	10	15	10	1	4	4442200311	1	0
I?BDEro}?	10	17	10	0	4	2000033111	1	0
I?BDErW}?	10	17	10	0	4	0002244111	1	0
I?BDEqw}?	10	17	10	0	4	2000033111	1	0
I?BDEpw}?	10	17	10	0	4	4111133000	1	0
I?BDEo{]?	10	16	10	1	5	4411130020	1	0
I?BDEo{}?	10	17	10	1	4	1144420030	1	0
I?BDEo{U_	10	16	10	2	6	4431134020	1	0
I?BDEpY}?	10	17	10	1	4	1414402030	1	0
I?BDBpw}?	10	17	10	0	4	4111133000	1	0
I?BDBrw}?	10	18	10	0	3	4111133000	1	0
I?BD@j_{?	10	14	10	1	6	0003311311	1	0
I?BD@j_y?	10	14	10	1	6	0003311311	1	0
I?BD@j_m?	10	14	10	1	7	0003311114	1	0
I?BD@j_]?	10	14	10	1	7	0022041311	1	0
I?BD@j_}?	10	15	10	1	6	1113300002	1	0
I?BD@j_N?	10	14	10	2	6	3300024141	1	0
I?BD@j_U_	10	14	10	2	8	2421431230	1	0
I?BD@j_qO	10	14	10	1	6	0031214241	1	0
I?BD@j_Qo	10	14	10	2	7	3014242021	1	0
I?BD@jo{?	10	15	10	1	5	0022341311	1	0
I?BD@jo}?	10	16	10	1	5	1144120300	1	0
I?BD@jg{?	10	15	10	1	6	0022041311	1	0
I?BD@jgy?	10	15	10	1	5	0024241311	1	0
I?BD@jgm?	10	15	10	1	6	0022041311	1	0
I?BD@jg}?	10	16	10	1	5	1144120300	1	0
I?BD@jgU_	10	15	10	2	7	4143103402	1	0
I?BD@jgQo	10	15	10	2	6	1311340024	1	0
I?BD@hWw?	10	13	10	1	8	0003311331	1	0
I?BD@hW{?	10	14	10	1	7	1144120300	1	0
I?BD@hWi?	10	13	10	1	8	0303311141	1	0
I?BD@hWy?	10	14	10	1	7	1144120300	1	0
I?BD@hWu?	10	14	10	1	7	1124422300	1	0
I?BD@hW}?	10	15	10	1	6	1144120300	1	0
I?BD@hWN?	10	14	10	2	6	4422203131	1	0
I?BD@hWU_	10	14	10	2	7	3131134200	1	0
I?BD@hWF_	10	14	10	2	7	4422200131	1	0
I?BD@jW]?	10	15	10	1	6	4411130200	1	0
I?BD@jW}?	10	16	10	1	5	1144120300	1	0
I?BD@jWF_	10	15	10	3	6	3311144020	1	0
I?BD@jWQo	10	15	10	2	6	0022043314	1	0
I?BD@jw}?	10	17	10	1	4	1144120300	1	0
I?BD@hQ{?	10	14	10	2	8	1144220300	1	0
I?BD@hQy?	10	14	10	2	8	1142420310	1	0
I?BD@hQ}?	10	15	10	2	8	1114122330	1	0
I?BD@hQF_	10	14	10	2	8	1330300111	1	0
I?BD@hY{?	10	15	10	2	7	3131424202	1	0
I?BD@hYu?	10	15	10	2	7	1124421300	1	0
I?BD@hY}?	10	16	10	2	7	3131114202	1	0
I?BD@g]}?	10	16	10	3	5	1114422330	1	0
I?BD@g]Qo	10	15	10	3	5	1430202413	1	0
I?BD@zo}?	10	17	10	1	4	4411130200	1	0
I?BD@xw}?	10	17	10	1	4	4411130200	1	0
I?BD@zw}?	10	18	10	1	3	4411130200	1	0
I?BD@w{}?	10	17	10	2	3	4411130220	1	0
I?BD@xY{?	10	16	10	2	7	3111144002	1	0
I?BD@xY]?	10	16	10	2	7	3111144002	1	0
I?BD@xY}?	10	17	10	2	6	2000033441	1	1
I?BD?~o]?	10	16	10	2	4	3331144022	1	0
I?BD?~o}?	10	17	10	2	3	1114422300	1	0
I?BD?~W]?	10	16	10	2	4	3331144022	1	0
I?BD?~W}?	10	17	10	2	3	1114422300	1	0
I?BD?|w]?	10	16	10	2	4	2441133200	1	0
I?BD?|w}?	10	17	10	2	3	2220033411	1	0
I?BD?|wF_	10	16	10	2	3	4442200131	1	0
I?BD?~w}?	10	18	10	2	2	1114422300	1	0
I?BD?{{}?	10	17	10	3	4	1144422330	1	0
I?BD?{]}?	10	17	10	2	2	3330022114	1	0
I?BD?{]wW	10	17	10	0	2	0003311221	1	0
I?BFF?w{?	10	15	10	0	4	0003311141	1	0
I?BFF?wu?	10	15	10	0	4	0002244411	1	0
I?BFF?wm?	10	15	10	0	4	0002244411	1	0
I?BFF?w}?	10	16	10	0	3	1113300022	1	0
I?BFF?wEo	10	15	10	1	4	1113300024	1	0
I?BFF?wDo	10	15	10	1	4	1113300024	1	0
I?BFF?wFo	10	16	10	1	3	0003311142	1	0
I?BFF?w@w	10	15	10	0	3	1113300021	1	0
I?BFFAw]?	10	16	10	0	3	2220033311	1	0
I?BFFAwFo	10	17	10	2	2	0003311142	1	0
I?BFFBwFo	10	18	10	2	1	0003311142	1	0
I?BFF?s{?	10	15	10	1	5	0003311131	1	0
I?BFF?sy?	10	15	10	1	5	0003311131	1	0
I?BFF?su?	10	15	10	1	6	0032214421	1	0
I?BFF?sm?	10	15	10	1	6	0002244411	1	0
I?BFF?s}?	10	16	10	1	5	1113300002	1	0
I?BFF?sN?	10	15	10	2	5	1130002244	1	0
I?BFF?sqG	10	15	10	1	5	0031214421	1	0
I?BFF?{{?	10	16	10	1	4	0022441131	1	0
I?BFF?{u?	10	16	10	1	5	0033314424	1	0
I?BFF?{}?	10	17	10	1	4	1144420030	1	0
I?BFE_w{?	10	15	10	0	5	0022441131	1	0
I?BFE_wy?	10	15	10	0	5	0022244411	1	0
I?BFE_wm?	10	15	10	0	5	0022244411	1	0
I?BFE_w}?	10	16	10	0	4	4411133300	1	0
I?BFE_wL?	10	14	10	1	6	0022241133	1	0
I?BFE_wN?	10	15	10	1	5	0033114422	1	0
I?BFE_wBo	10	15	10	1	5	1144220031	1	0
I?BFE_w@w	10	15	10	0	4	1133300021	1	0
I?BFEaw]?	10	16	10	0	4	0022244411	1	0
I?BFEaw}?	10	17	10	0	3	2200033311	1	0
I?BFEbw}?	10	18	10	0	2	2200033311	1	0
I?BFE_s{?	10	15	10	1	5	0022341131	1	0
I?BFE_sy?	10	15	10	1	6	0022241431	1	0
I?BFE_s}?	10	16	10	1	5	1144120030	1	0
I?BFE_sF_	10	15	10	2	6	4422200311	1	0
I?BFE_sBo	10	15	10	1	5	1133002241	1	0
I?BFE_sqG	10	15	10	2	5	0033014421	1	0
I?BFE_sAw	10	15	10	1	5	4411230021	1	0
I?BFE_k{?	10	15	10	1	5	0020241431	1	0
I?BFE_ky?	10	15	10	1	5	0020241431	1	0
I?BFE_ku?	10	15	10	1	5	0030314124	1	0
I?BFE_k}?	10	16	10	1	4	1141420230	1	0
I?BFE_kF_	10	15	10	2	6	4422200311	1	0
I?BFE_kJO	10	15	10	1	4	1131302044	1	0
I?BFE_kBo	10	15	10	1	5	1131302041	1	0
I?BFE_ksG	10	15	10	1	4	0030314121	1	0
I?BFE_{{?	10	16	10	1	4	2200331141	1	0
I?BFE_{y?	10	16	10	1	5	0031314124	1	0
I?BFE_{m?	10	16	10	1	5	0033314424	1	0
I?BFE_{}?	10	17	10	1	4	1144420030	1	0
I?BFE_{Bo	10	16	10	2	4	4411330024	1	0
I?BFFbo}?	10	18	10	0	3	0000311114	1	0
I?BFFbg}?	10	18	10	0	3	2200033111	1	0
I?BFFbw}?	10	19	10	0	2	2200033111	1	0
I?BFEro}?	10	18	10	0	3	2200033111	1	0
I?BFEqw}?	10	18	10	0	3	2200033111	1	0
I?BFErw}?	10	19	10	0	2	2200033111	1	0
I?BFDro}?	10	18	10	0	3	2200033111	1	0
I?BFDqw}?	10	18	10	0	3	2200033111	1	0
I?BFDpw{?	10	17	10	0	4	2200033111	1	0
I?BFDpw}?	10	18	10	0	3	4411133000	1	0
I?BF@zo{?	10	17	10	1	3	2200331411	1	0
I?BF@zoy?	10	17	10	1	4	0022241311	1	0
I?BF@zo}?	10	18	10	1	3	1144420300	1	0
I?BF@zW{?	10	17	10	1	4	0033311244	1	0
I?BF@zW}?	10	18	10	1	3	1144420300	1	0
I?BF@zWF_	10	17	10	3	4	4422200131	1	0
I?BF@yw}?	10	18	10	1	3	4411130200	1	0
I?BF@ywF_	10	17	10	2	4	3311144020	1	0
I?BF@zw}?	10	19	10	1	2	1144420300	1	0
I?BF@w{}?	10	18	10	2	2	4411130220	1	0
I?B@fBO{?	10	14	10	0	6	0000311111	1	0
I?B@fBOy?	10	14	10	0	6	0003313111	1	0
I?B@fBOm?	10	14	10	0	6	0022241441	1	0
I?B@fBO}?	10	15	10	0	5	1144420220	1	0
I?B@fBOL?	10	13	10	1	6	0022043113	1	0
I?B@fBON?	10	14	10	1	6	2244110330	1	0
I?B@fBOq_	10	14	10	1	6	0033313111	1	0
I?B@fBOFO	10	14	10	1	6	1113302024	1	0
I?B@fBOBo	10	14	10	0	7	1133002001	1	0
I?B@fBOBW	10	14	10	0	5	1133303001	1	0
I?B@fBOAw	10	14	10	0	6	4411232001	1	0
I?B@fBO@w	10	14	10	0	5	1133302001	1	0
I?B@fBOBw	10	15	10	0	6	0000311112	1	0
I?B@fAo{?	10	14	10	0	6	0000311111	1	0
I?B@fAoy?	10	14	10	0	6	0003313111	1	0
I?B@fAou?	10	14	10	0	7	0030214441	1	0
I?B@fAo}?	10	15	10	0	6	1111300002	1	0
I?B@fAoN?	10	14	10	1	6	3300021441	1	0
I?B@fBo{?	10	15	10	0	5	0000311111	1	0
I?B@fBo}?	10	16	10	0	5	1111300002	1	0
I?B@fBoBw	10	16	10	0	5	1111300004	1	0
I?B@fBg{?	10	15	10	0	5	0003313111	1	0
I?B@fBgy?	10	15	10	0	5	0003013111	1	0
I?B@fBgu?	10	15	10	0	6	0002241411	1	0
I?B@fBg}?	10	16	10	0	5	1114420200	1	0
I?B@fBW{?	10	15	10	0	6	0000311141	1	0
I?B@fBWu?	10	15	10	0	6	0030214411	1	0
I?B@fBW}?	10	16	10	0	5	1114420200	1	0
I?B@fAw}?	10	16	10	0	5	1114420200	1	0
I?B@fBw}?	10	17	10	0	4	1114420200	1	0
I?B@f?{u?	10	15	10	1	5	3311140202	1	0
I?B@f?{}?	10	16	10	1	4	1144423030	1	0
I?B@f?{q_	10	15	10	2	6	2244210301	1	0
I?B@f?{FO	10	15	10	1	6	1113302044	1	0
I?B@fBI{?	10	15	10	1	5	0022313141	1	0
I?B@fBIu?	10	15	10	1	5	0033012414	1	0
I?B@fBI}?	10	16	10	1	4	1144123020	1	0
I?B@fBIq_	10	15	10	1	4	0033012411	1	0
I?B@fbo{?	10	16	10	0	4	0000311111	1	0
I?B@fbo}?	10	17	10	0	4	1111300002	1	0
I?B@fboBw	10	17	10	0	4	1111300004	1	0
I?B@fbw}?	10	18	10	0	3	1144123000	1	0
I?B@eR_{?	10	14	10	0	6	0003313111	1	0
I?B@eR_y?	10	14	10	0	6	0003013111	1	0
I?B@eR_u?	10	14	10	0	6	0033013111	1	0
I?B@eR_}?	10	15	10	0	5	1144123200	1	0
I?B@eR_N?	10	14	10	1	6	2241410330	1	0
I?B@eR_q_	10	14	10	1	5	0033012141	1	0
I?B@eR_DW	10	14	10	1	5	1133303001	1	0
I?B@eR_@w	10	14	10	0	5	1133302001	1	0
I?B@eQo[?	10	13	10	0	7	0022341411	1	0
I?B@eQo{?	10	14	10	0	6	0022341411	1	0
I?B@eQoy?	10	14	10	0	6	0022043411	1	0
I?B@eQom?	10	14	10	0	6	0022043411	1	0
I?B@eQo]?	10	14	10	0	6	1144123200	1	0
I?B@eQo}?	10	15	10	0	5	1144123200	1	0
I?B@eQoL?	10	13	10	1	6	0022043413	1	0
I?B@eQoN?	10	14	10	1	6	2244410330	1	0
I?B@eQoQ_	10	13	10	1	6	0033012141	1	0
I?B@eQoq_	10	14	10	1	5	0033012141	1	0
I?B@eQoLO	10	14	10	1	5	3300321241	1	0
I?B@eQoQg	10	14	10	1	6	4211230301	1	0
I?B@eQoBg	10	14	10	1	6	4411202301	1	0
I?B@eQo@w	10	14	10	0	6	1311300201	1	0
I?B@eRo{?	10	15	10	0	5	0022341411	1	0
I?B@eRoy?	10	15	10	0	5	0022043411	1	0
I?B@eRo}?	10	16	10	0	4	1144123200	1	0
I?B@eRoLO	10	15	10	2	4	1144123203	1	0
I?B@eRG{?	10	14	10	0	5	0033012114	1	0
I?B@eRGy?	10	14	10	0	4	0033013111	1	0
I?B@eRG}?	10	15	10	0	4	1133102002	1	0
I?B@eRGN?	10	14	10	1	6	2211410330	1	0
I?B@eRGq_	10	14	10	0	4	0033012111	1	0
I?B@eRgy?	10	15	10	0	5	0003013111	1	0
I?B@eRgu?	10	15	10	0	5	0033013111	1	0
I?B@eRg}?	10	16	10	0	4	1144123200	1	0
I?B@eRgLO	10	15	10	1	4	1133104024	1	0
I?B@eOww?	10	13	10	0	7	0022242424	1	0
I?B@eOw{?	10	14	10	0	6	1144123200	1	0
I?B@eOwq?	10	13	10	0	6	0033013131	1	0
I?B@eOwi?	10	13	10	0	7	0322041411	1	0
I?B@eOwy?	10	14	10	0	6	1144123200	1	0
I?B@eOw}?	10	15	10	0	5	1144123200	1	0
I?B@eOwL?	10	13	10	1	6	3300021411	1	0
I?B@eOwJ?	10	13	10	1	6	3300021411	1	0
I?B@eOwN?	10	14	10	1	5	3311140200	1	0
I?B@eOwB_	10	13	10	1	8	1133002041	1	0
I?B@eOwLO	10	14	10	1	5	4422401031	1	0
I?B@eOw@w	10	14	10	0	6	4411102021	1	0
I?B@eQw]?	10	15	10	0	5	1144123200	1	0
I?B@eQw}?	10	16	10	0	4	1144123200	1	0
I?B@eQwLO	10	15	10	2	4	1133104024	1	0
I?B@eRw}?	10	17	10	0	3	1144123200	1	0
I?B@eO{{?	10	15	10	1	5	3311140202	1	0
I?B@eO{y?	10	15	10	1	5	3311140202	1	0
I?B@eO{m?	10	15	10	1	5	3311140202	1	0
I?B@eO{}?	10	16	10	1	4	4411132020	1	0
I?B@eO{q_	10	15	10	1	6	0033012121	1	0
I?B@eO{LO	10	15	10	1	5	3300321211	1	0
I?B@eRI{?	10	15	10	1	4	0033012114	1	0
I?B@eRIy?	10	15	10	1	4	0033012114	1	0
I?B@eRI}?	10	16	10	1	3	1133104002	1	0
I?B@eRIq_	10	15	10	0	3	0033012111	1	0
I?B@eRILO	10	15	10	0	4	1133104004	1	0
I?B@eOt}?	10	16	10	2	3	1144123230	1	0
I?B@eOtqg	10	16	10	0	3	0033012121	1	0
I?B@dR_{?	10	14	10	0	6	0003313111	1	0
I?B@dR_y?	10	14	10	0	6	0003013111	1	0
I?B@dR_m?	10	14	10	0	6	0302241141	1	0
I?B@dR_}?	10	15	10	0	6	1114420020	1	0
I?B@dR_q_	10	14	10	1	6	0033012441	1	0
I?B@dR_DW	10	14	10	1	6	1113303001	1	0
I?B@dR_@w	10	14	10	0	6	1113300001	1	0
I?B@dRO[?	10	13	10	0	8	0000311411	1	0
I?B@dRO{?	10	14	10	0	7	0000311411	1	0
I?B@dROy?	10	14	10	0	7	0003214141	1	0
I?B@dROu?	10	14	10	0	7	0030313311	1	0
I?B@dROm?	10	14	10	0	6	0320241141	1	0
I?B@dRO]?	10	14	10	0	7	1141420020	1	0
I?B@dRO}?	10	15	10	0	6	1141420020	1	0
I?B@dROL?	10	13	10	1	6	0022043113	1	0
I?B@dRON?	10	14	10	1	6	2244410330	1	0
I?B@dROQ_	10	13	10	1	7	0033012441	1	0
I?B@dROq_	10	14	10	1	6	0033012441	1	0
I?B@dROJG	10	14	10	2	6	4124203301	1	0
I?B@dROBg	10	14	10	1	7	1111300204	1	0
I?B@dRO@w	10	14	10	0	6	1131300201	1	0
I?B@dRoy?	10	15	10	0	6	0002311414	1	0
I?B@dRo}?	10	16	10	0	5	1144123000	1	0
I?B@dRG[?	10	13	10	0	7	0022043141	1	0
I?B@dRGy?	10	14	10	0	6	0003013111	1	0
I?B@dRGm?	10	14	10	0	6	0322041141	1	0
I?B@dRG]?	10	14	10	0	6	1144123020	1	0
I?B@dRG}?	10	15	10	0	5	1144123020	1	0
I?B@dRGN?	10	14	10	1	6	2241410330	1	0
I?B@dRGq_	10	14	10	1	5	0033012411	1	0
I?B@dRGLG	10	14	10	1	5	1133104204	1	0
I?B@dRGDW	10	14	10	1	6	1133103001	1	0
I?B@dRG@w	10	14	10	0	6	1133102001	1	0
I?B@dPgs?	10	13	10	0	8	0003214114	1	0
I?B@dPg{?	10	14	10	0	7	0002311441	1	0
I?B@dPgq?	10	13	10	0	7	0003013111	1	0
I?B@dPgy?	10	14	10	0	6	0003013111	1	0
I?B@dPgu?	10	14	10	0	7	1134124220	1	0
I?B@dPgm?	10	14	10	0	7	0303033111	1	0
I?B@dPg}?	10	15	10	0	6	4411132000	1	0
I?B@dPgo_	10	13	10	1	6	0022243114	1	0
I?B@dPgq_	10	14	10	1	6	1133104220	1	0
I?B@dPgDW	10	14	10	1	6	1142423001	1	0
I?B@dPg@w	10	14	10	0	7	1113102001	1	0
I?B@dRgm?	10	15	10	0	6	0303033111	1	0
I?B@dRg}?	10	16	10	0	5	1144123000	1	0
I?B@dPWw?	10	13	10	0	8	0003313131	1	0
I?B@dPW{?	10	14	10	0	7	1144123000	1	0
I?B@dPWq?	10	13	10	0	7	0033013111	1	0
I?B@dPWi?	10	13	10	0	7	0303033131	1	0
I?B@dPWY?	10	13	10	0	8	3003033111	1	0
I?B@dPWy?	10	14	10	0	7	1143103020	1	0
I?B@dPW}?	10	15	10	0	6	1144123000	1	0
I?B@dPWL?	10	13	10	1	6	3300321441	1	0
I?B@dPWJ?	10	13	10	1	7	3300021441	1	0
I?B@dPWN?	10	14	10	1	6	3311140220	1	0
I?B@dPWB_	10	13	10	1	8	3333022441	1	0
I?B@dPW@w	10	14	10	0	7	4411402001	1	0
I?B@dRW]?	10	15	10	0	6	1144123000	1	0
I?B@dRW}?	10	16	10	0	5	1144123000	1	0
I?B@dRWN?	10	15	10	1	5	4411132002	1	0
I?B@dRw}?	10	17	10	0	4	1144123000	1	0
I?B@dO{}?	10	16	10	1	4	4411132020	1	0
I?B@dO{N?	10	15	10	1	4	3300021411	1	0
I?B@dO{q_	10	15	10	2	6	2244210301	1	0
I?B@fRo{?	10	16	10	0	5	0000311411	1	0
I?B@fRo}?	10	17	10	0	4	1144123000	1	0
I?B@fRg{?	10	16	10	0	5	0003214114	1	0
I?B@fRg}?	10	17	10	0	4	1144123000	1	0
I?B@fRW}?	10	17	10	0	4	1144123000	1	0
I?B@fQw}?	10	17	10	0	4	1144123000	1	0
I?B@fRw}?	10	18	10	0	3	1144123000	1	0
I?B@frw}?	10	19	10	0	2	1144123000	1	0
I?B@`j_{?	10	14	10	1	5	0022043311	1	0
I?B@`j_y?	10	14	10	1	5	2200234411	1	0
I?B@`j_u?	10	14	10	1	5	1144123300	1	0
I?B@`j_m?	10	14	10	1	5	2200234411	1	0
I?B@`j_}?	10	15	10	1	4	4411432200	1	0
I?B@`j_N?	10	14	10	1	5	3300021141	1	0
I?B@`j_FG	10	14	10	1	6	1130204421	1	0
I?B@`jo{?	10	15	10	1	4	2200234411	1	0
I?B@`jo}?	10	16	10	1	3	4411432200	1	0
I?B@`joN?	10	15	10	2	4	3300021141	1	0
I?B@`jooo	10	15	10	2	4	3311140024	1	0
I?B@`joqo	10	16	10	2	3	4422401130	1	0
I?B@`jGw?	10	13	10	1	6	0022043311	1	0
I?B@`jG{?	10	14	10	1	5	1144123320	1	0
I?B@`jGy?	10	14	10	1	5	1144123300	1	0
I?B@`jGm?	10	14	10	1	5	4411432200	1	0
I?B@`jG}?	10	15	10	1	4	1144123300	1	0
I?B@`jGN?	10	14	10	1	5	3300021141	1	0
I?B@`jGo_	10	13	10	0	6	0033012241	1	0
I?B@`jGq_	10	14	10	0	5	3300321122	1	0
I?B@`jGqO	10	14	10	0	5	0033012211	1	0
I?B@`jGoo	10	14	10	0	5	2244210031	1	0
I?B@`jGao	10	14	10	0	5	2244210011	1	0
I?B@`jGqo	10	15	10	0	4	3300321122	1	0
I?B@`jGLG	10	14	10	0	4	3300321121	1	0
I?B@`igu?	10	14	10	1	5	1144123300	1	0
I?B@`igm?	10	14	10	1	5	2200234411	1	0
I?B@`ig}?	10	15	10	1	4	4411432200	1	0
I?B@`igN?	10	14	10	1	5	3300021141	1	0
I?B@`jgu?	10	15	10	1	4	1144123300	1	0
I?B@`jg}?	10	16	10	1	3	1144123300	1	0
I?B@`jgoo	10	15	10	1	4	3311140024	1	0
I?B@`jgqo	10	16	10	1	3	4422401130	1	0
I?B@`iw{?	10	15	10	1	4	2200234411	1	0
I?B@`iwm?	10	15	10	1	4	2200234411	1	0
I?B@`iw]?	10	15	10	1	4	2200234411	1	0
I?B@`iw}?	10	16	10	1	3	4411432200	1	0
I?B@`iwN?	10	15	10	1	4	3300021141	1	0
I?B@`iwq_	10	15	10	2	4	4411432203	1	0
I?B@`iwqo	10	16	10	2	3	4422401130	1	0
I?B@`jw}?	10	17	10	1	2	1144123300	1	0
I?B@`g{}?	10	16	10	2	3	4411132220	1	0
I?B@`g{qo	10	16	10	1	4	4422401110	1	0
I?B@`g{ow	10	16	10	0	3	2244410001	1	0
I?B@`jA{?	10	14	10	2	5	1144123320	1	0
I?B@`jAy?	10	14	10	1	5	1144123320	1	0
I?B@`jA}?	10	15	10	2	4	1144123320	1	0
I?B@`jAoo	10	14	10	0	4	2244410011	1	0
I?B@`jAao	10	14	10	0	5	2244210011	1	0
I?B@`jAqo	10	15	10	0	4	4422401100	1	0
I?B@`jI{?	10	15	10	2	4	1144123320	1	0
I?B@`jIy?	10	15	10	1	4	1133104402	1	0
I?B@`jI}?	10	16	10	2	3	3311340042	1	0
I?B@`jIN?	10	15	10	1	5	3300321121	1	0
I?B@`jIoo	10	15	10	0	4	0033012211	1	0
I?B@`jIao	10	15	10	0	4	0033012211	1	0
I?B@`jIqo	10	16	10	0	3	3300321122	1	0
I?B@`jB}?	10	16	10	2	3	4411132230	1	0
I?B@`jJ}?	10	17	10	2	2	3311340042	1	0
I?B@`Z_{?	10	14	10	1	6	2200034411	1	0
I?B@`Z_u?	10	14	10	1	6	1144423300	1	0
I?B@`Z_}?	10	15	10	1	5	4411132200	1	0
I?B@`Z_N?	10	14	10	1	5	3300021141	1	0
I?B@`Z_q_	10	14	10	2	7	1133104420	1	0
I?B@`Z_FG	10	14	10	1	7	1113303104	1	0
I?B@`Z_Bg	10	14	10	1	6	1133002421	1	0
I?B@`ZOk?	10	13	10	1	7	0020241341	1	0
I?B@`ZO{?	10	14	10	1	6	1141420320	1	0
I?B@`ZOy?	10	14	10	1	6	1144423300	1	0
I?B@`ZOu?	10	14	10	1	6	1141420320	1	0
I?B@`ZOm?	10	14	10	1	6	4411132200	1	0
I?B@`ZO}?	10	15	10	1	5	1141420320	1	0
I?B@`ZON?	10	14	10	1	5	3300021141	1	0
I?B@`ZOq_	10	14	10	2	7	1133104420	1	0
I?B@`ZOsO	10	14	10	1	5	0030313211	1	0
I?B@`ZOoo	10	14	10	1	5	2244410031	1	0
I?B@`ZOJG	10	14	10	1	5	4424203101	1	0
I?B@`ZOBg	10	14	10	1	6	1131302401	1	0
I?B@`You?	10	14	10	1	6	1144423300	1	0
I?B@`Yo}?	10	15	10	1	5	4411132200	1	0
I?B@`YoN?	10	14	10	1	5	3300021141	1	0
I?B@`Yoq_	10	14	10	2	7	1133104420	1	0
I?B@`YoQg	10	14	10	2	7	4214230201	1	0
I?B@`YoBg	10	14	10	1	6	1431002421	1	0
I?B@`YoOw	10	14	10	1	6	3013142021	1	0
I?B@`Zo}?	10	16	10	1	4	4411132200	1	0
I?B@`ZoN?	10	15	10	2	4	3300021141	1	0
I?B@`Zoq_	10	15	10	2	6	1144123302	1	0
I?B@`ZosO	10	15	10	1	5	1131302420	1	0
I?B@`Zooo	10	15	10	2	4	3311140024	1	0
I?B@`ZG{?	10	14	10	1	6	1144423300	1	0
I?B@`ZGq?	10	13	10	1	6	0033013311	1	0
I?B@`ZGy?	10	14	10	1	6	1142423300	1	0
I?B@`ZGu?	10	14	10	1	6	1124423300	1	0
I?B@`ZGm?	10	14	10	1	6	4411132200	1	0
I?B@`ZG}?	10	15	10	1	5	1144423300	1	0
I?B@`ZGN?	10	14	10	1	5	3300021141	1	0
I?B@`ZGo_	10	13	10	1	6	0022243314	1	0
I?B@`ZGq_	10	14	10	1	7	1133104100	1	0
I?B@`ZGsO	10	14	10	2	6	2242413031	1	0
I?B@`ZGoo	10	14	10	1	5	2244410031	1	0
I?B@`ZGLG	10	14	10	1	6	4422401101	1	0
I?B@`Ygu?	10	14	10	1	6	4411132200	1	0
I?B@`Ygm?	10	14	10	1	6	2200034411	1	0
I?B@`Yg}?	10	15	10	1	5	4411132200	1	0
I?B@`YgN?	10	14	10	1	5	3300021141	1	0
I?B@`Yga_	10	13	10	2	8	0303033111	1	0
I?B@`Ygq_	10	14	10	2	7	1133104420	1	0
I?B@`Ygoo	10	14	10	1	5	2244410031	1	0
I?B@`YgSW	10	14	10	2	7	2242413001	1	0
I?B@`YgOw	10	14	10	1	6	3013142021	1	0
I?B@`Zg}?	10	16	10	1	4	4411132200	1	0
I?B@`ZgN?	10	15	10	2	4	3300021141	1	0
I?B@`Zgq_	10	15	10	2	6	1144123302	1	0
I?B@`ZgsO	10	15	10	2	5	3313142024	1	0
I?B@`Zgoo	10	15	10	2	4	3311140024	1	0
I?B@`YWk?	10	13	10	1	7	0320241311	1	0
I?B@`YW{?	10	14	10	1	6	4411132200	1	0
I?B@`YWi?	10	13	10	1	7	0320241311	1	0
I?B@`YWy?	10	14	10	1	6	4411132200	1	0
I?B@`YWe?	10	13	10	1	7	0330033311	1	0
I?B@`YWu?	10	14	10	1	6	4411132200	1	0
I?B@`YWM?	10	13	10	1	6	3300021141	1	0
I?B@`YWm?	10	14	10	1	6	4214130200	1	0
I?B@`YW]?	10	14	10	1	6	4411132200	1	0
I?B@`YW}?	10	15	10	1	5	4411132200	1	0
I?B@`YWN?	10	14	10	1	5	3300021141	1	0
I?B@`YWq_	10	14	10	2	7	1133104420	1	0
I?B@`YWsO	10	14	10	2	6	2042413031	1	0
I?B@`YWoo	10	14	10	1	5	2244410031	1	0
I?B@`YWOw	10	14	10	1	6	3013142021	1	0
I?B@`ZW{?	10	15	10	1	5	1144423300	1	0
I?B@`ZWy?	10	15	10	1	5	1144423300	1	0
I?B@`ZWu?	10	15	10	1	5	1124423300	1	0
I?B@`ZWm?	10	15	10	1	5	4411132200	1	0
I?B@`ZW}?	10	16	10	1	4	4411132200	1	0
I?B@`ZWN?	10	15	10	2	4	1133304424	1	0
I?B@`ZWq_	10	15	10	2	6	1144123302	1	0
I?B@`ZWsO	10	15	10	2	5	1131302420	1	0
I?B@`ZWoo	10	15	10	2	4	3311140024	1	0
I?B@`Wwu?	10	14	10	1	5	3300021114	1	0
I?B@`Wwm?	10	14	10	1	5	2200034441	1	0
I?B@`Ww}?	10	15	10	1	4	4411132220	1	0
I?B@`WwN?	10	14	10	0	4	3300021111	1	0
I?B@`Wwq_	10	14	10	1	7	3300021112	1	0
I?B@`Wwog	10	14	10	0	5	2244410001	1	0
I?B@`WwoW	10	14	10	0	5	2244410001	1	0
I?B@`Ww_w	10	14	10	0	5	3311140001	1	0
I?B@`Wwow	10	15	10	0	4	4422201110	1	0
I?B@`Yw}?	10	16	10	1	4	4411132200	1	0
I?B@`Ywq_	10	15	10	2	6	4411132203	1	0
I?B@`YwsO	10	15	10	2	5	3013142024	1	0
I?B@`Ywoo	10	15	10	1	4	1133304420	1	0
I?B@`Zw}?	10	17	10	1	3	4411132200	1	0
I?B@`W{}?	10	16	10	2	3	4411132220	1	0
I?B@`W{ow	10	16	10	0	3	2244410001	1	0
I?B@`ZA{?	10	14	10	2	5	1144423320	1	0
I?B@`ZAu?	10	14	10	2	5	1144423320	1	0
I?B@`ZAm?	10	14	10	1	5	1144423320	1	0
I?B@`ZA}?	10	15	10	2	4	1144423320	1	0
I?B@`ZAq_	10	14	10	1	6	2244410011	1	0
I?B@`ZAoo	10	14	10	0	4	2244410011	1	0
I?B@`ZALG	10	14	10	0	5	4422201101	1	0
I?B@`ZAFG	10	14	10	0	5	1133304404	1	0
I?B@`ZANG	10	15	10	0	4	2244410010	1	0
I?B@`YI{?	10	14	10	2	7	1144123320	1	0
I?B@`YIy?	10	14	10	2	7	1144123320	1	0
I?B@`YIu?	10	14	10	2	7	1144123320	1	0
I?B@`YI}?	10	15	10	2	6	1144123320	1	0
I?B@`YIN?	10	14	10	1	7	3300021101	1	0
I?B@`YIoo	10	14	10	1	6	2244410011	1	0
I?B@`YISW	10	14	10	2	6	3042143021	1	0
I?B@`ZI}?	10	16	10	2	5	1144123320	1	0
I?B@`ZIN?	10	15	10	1	6	4422201101	1	0
I?B@`ZIsO	10	15	10	2	6	3310141024	1	0
I?B@`ZIoo	10	15	10	1	5	0033312211	1	0
I?B@`ZP}?	10	16	10	2	4	4414130230	1	0
I?B@`ZB}?	10	16	10	2	3	1133304402	1	0
I?B@`zo}?	10	17	10	1	3	1144423300	1	0
I?B@`zoN?	10	16	10	2	3	3300021141	1	0
I?B@`zgu?	10	16	10	1	4	3311140022	1	0
I?B@`zg}?	10	17	10	1	3	4411132200	1	0
I?B@`yw}?	10	17	10	1	3	4411132200	1	0
I?B@`ywN?	10	16	10	1	3	3300021141	1	0
I?B@`zw}?	10	18	10	1	2	4411132200	1	0
I?B@`w{}?	10	17	10	2	2	4411132220	1	0
I?B@`w{ow	10	17	10	0	2	0033312221	1	0
I?B@`zI{?	10	16	10	2	5	2244210013	1	0
I?B@`zIy?	10	16	10	2	5	2244210013	1	0
I?B@`zI}?	10	17	10	2	4	4411132230	1	0
I?BDf@o{?	10	15	10	0	5	0000311111	1	0
I?BDf@oy?	10	15	10	0	6	0003311111	1	0
I?BDf@ou?	10	15	10	0	6	0030214441	1	0
I?BDf@om?	10	15	10	0	6	0300241441	1	0
I?BDf@o}?	10	16	10	0	5	1111300002	1	0
I?BDfBo}?	10	17	10	0	4	0000311114	1	0
I?BDf@g{?	10	15	10	0	6	0003311111	1	0
I?BDf@gu?	10	15	10	0	6	0002241411	1	0
I?BDf@gm?	10	15	10	0	6	0302041441	1	0
I?BDf@g}?	10	16	10	0	5	4411130300	1	0
I?BDf@gBo	10	15	10	1	6	1441200031	1	0
I?BDf@g@w	10	15	10	0	5	1113300001	1	0
I?BDf@W{?	10	15	10	0	6	0000311141	1	0
I?BDf@Wy?	10	15	10	0	6	0002241411	1	0
I?BDf@Wu?	10	15	10	0	6	2200031311	1	0
I?BDf@Wm?	10	15	10	0	6	0002241411	1	0
I?BDf@W}?	10	16	10	0	5	4411130300	1	0
I?BDf@WN?	10	15	10	1	6	0033314142	1	0
I?BDf@WBo	10	15	10	1	6	1111300024	1	0
I?BDf@W@w	10	15	10	0	5	1113300021	1	0
I?BDf?w{?	10	15	10	0	5	0022441131	1	0
I?BDf?wy?	10	15	10	0	6	0022241131	1	0
I?BDf?wu?	10	15	10	0	6	0002241411	1	0
I?BDf?wm?	10	15	10	0	5	0302241411	1	0
I?BDf?w}?	10	16	10	0	5	4411130300	1	0
I?BDf?wFO	10	15	10	2	5	1113302024	1	0
I?BDf?wBo	10	15	10	1	5	1144220031	1	0
I?BDf?w@w	10	15	10	0	5	1113300021	1	0
I?BDf@w{?	10	16	10	0	5	0000311141	1	0
I?BDf@wy?	10	16	10	0	5	2200031311	1	0
I?BDf@wu?	10	16	10	0	5	0002241411	1	0
I?BDf@w}?	10	17	10	0	4	4411130300	1	0
I?BDf@wBo	10	16	10	1	5	1111300024	1	0
I?BDf?[[?	10	14	10	1	6	0002241431	1	0
I?BDf?[{?	10	15	10	1	5	0002241431	1	0
I?BDf?[]?	10	15	10	1	5	1114420230	1	0
I?BDf?[}?	10	16	10	1	4	1114420230	1	0
I?BDf?[FO	10	15	10	1	4	1113302044	1	0
I?BDf?[Bo	10	15	10	1	5	1113302041	1	0
I?BDf?[wG	10	15	10	1	4	0003314121	1	0
I?BDf?{}?	10	17	10	1	4	1144420030	1	0
I?BDf?{N?	10	16	10	2	4	3300024411	1	0
I?BDf?{FO	10	16	10	2	5	1113302044	1	0
I?BDf?{Bo	10	16	10	2	4	4411330024	1	0
I?BDd`o{?	10	15	10	0	5	0000311111	1	0
I?BDd`oy?	10	15	10	0	6	0003214441	1	0
I?BDd`om?	10	15	10	0	5	0300331111	1	0
I?BDd`o]?	10	15	10	0	6	3000244411	1	0
I?BDd`o}?	10	16	10	0	5	1111300002	1	0
I?BDd`oN?	10	15	10	1	5	3300224441	1	0
I?BDdbo}?	10	17	10	0	4	0000311114	1	0
I?BDd`g{?	10	15	10	0	6	0000311141	1	0
I?BDd`gy?	10	15	10	0	5	0203214411	1	0
I?BDd`gu?	10	15	10	0	6	0200214411	1	0
I?BDd`gm?	10	15	10	0	6	0300331131	1	0
I?BDd`g}?	10	16	10	0	5	1411402200	1	0
I?BDd`gQo	10	15	10	2	5	4241230031	1	0
I?BDd`gBo	10	15	10	1	6	1111300024	1	0
I?BDd`g@w	10	15	10	0	5	1311300021	1	0
I?BDd`w{?	10	16	10	0	5	0000311141	1	0
I?BDd`wm?	10	16	10	0	5	0200214411	1	0
I?BDd`w}?	10	17	10	0	4	1411402200	1	0
I?BDd`wQo	10	16	10	2	4	1311320024	1	0
I?BDd`wBo	10	16	10	1	5	1111300024	1	0
I?BDd_{{?	10	16	10	1	4	2200331141	1	0
I?BDd_{m?	10	16	10	1	5	0200224414	1	0
I?BDd_{}?	10	17	10	1	4	1144420030	1	0
I?BDd_{N?	10	16	10	1	4	3100224411	1	0
I?BDd_{Qo	10	16	10	2	5	1311330024	1	0
I?BDd_{Bo	10	16	10	2	4	1133002241	1	0
I?BDbbo{?	10	16	10	0	4	0000311111	1	0
I?BDbboy?	10	16	10	0	5	0000311114	1	0
I?BDbbom?	10	16	10	0	5	0000311114	1	0
I?BDbbo}?	10	17	10	0	4	1111300002	1	0
I?BDbboBo	10	16	10	0	5	1111300004	1	0
I?BDbbgy?	10	16	10	0	5	0003214411	1	0
I?BDbbgu?	10	16	10	0	6	2200031111	1	0
I?BDbbg}?	10	17	10	0	5	4411130000	1	0
I?BDbbgBo	10	16	10	1	5	1111300024	1	0
I?BDbawm?	10	16	10	0	5	0300241411	1	0
I?BDbaw}?	10	17	10	0	5	4411130000	1	0
I?BDbawBo	10	16	10	1	5	1111300024	1	0
I?BDbbw}?	10	18	10	0	4	4411130000	1	0
I?BDb_{}?	10	17	10	1	4	4411130020	1	0
I?BDb_{N?	10	16	10	2	4	3300024411	1	0
I?BDb_{Bo	10	16	10	2	4	4411330024	1	0
I?BDfbo}?	10	18	10	0	3	0000311114	1	0
I?BDfboBw	10	18	10	0	3	1111300004	1	0
I?BDf`w{?	10	17	10	0	4	0000311141	1	0
I?BDf`w}?	10	18	10	0	4	4411130000	1	0
I?BDePo{?	10	15	10	0	5	0022341411	1	0
I?BDePoy?	10	15	10	0	6	2200031311	1	0
I?BDePo}?	10	16	10	0	5	4411130300	1	0
I?BDePoN?	10	15	10	1	6	2244113130	1	0
I?BDePoLO	10	15	10	2	5	1133102024	1	0
I?BDePoBg	10	15	10	1	6	1111300204	1	0
I?BDePo@w	10	15	10	0	5	1144120201	1	0
I?BDeOw[?	10	14	10	0	7	2200031311	1	0
I?BDeOw{?	10	15	10	0	6	2200031311	1	0
I?BDeOwy?	10	15	10	0	6	2200031311	1	0
I?BDeOwm?	10	15	10	0	5	0322041411	1	0
I?BDeOw]?	10	15	10	0	6	1144120200	1	0
I?BDeOw}?	10	16	10	0	5	4411130300	1	0
I?BDeOwL?	10	14	10	1	6	0022041413	1	0
I?BDeOwN?	10	15	10	1	5	2244413300	1	0
I?BDeOwLO	10	15	10	2	5	3100324241	1	0
I?BDeOw@w	10	15	10	0	5	1344120201	1	0
I?BDePw{?	10	16	10	0	5	2200031311	1	0
I?BDePwy?	10	16	10	0	5	2200031311	1	0
I?BDePw}?	10	17	10	0	4	4411130300	1	0
I?BDePwN?	10	16	10	1	5	4411130002	1	0
I?BDePwLO	10	16	10	2	4	1133102024	1	0
I?BDeOs{?	10	15	10	1	5	0022041431	1	0
I?BDeOs]?	10	15	10	1	5	1144120230	1	0
I?BDeOs}?	10	16	10	1	4	1144120230	1	0
I?BDeOsN?	10	15	10	2	5	3300024411	1	0
I?BDeOsLO	10	15	10	1	4	3300324211	1	0
I?BDeOsqG	10	15	10	1	4	0033014121	1	0
I?BDeOsQg	10	15	10	1	6	3011042401	1	0
I?BDeOkY?	10	14	10	1	7	0020241131	1	0
I?BDeOky?	10	15	10	1	6	0020241131	1	0
I?BDeOk]?	10	15	10	1	6	1141420030	1	0
I?BDeOk}?	10	16	10	1	5	1133302042	1	0
I?BDeOkN?	10	15	10	2	5	3300024411	1	0
I?BDeOkLO	10	15	10	2	6	4422203011	1	0
I?BDeOksG	10	15	10	2	5	0030314421	1	0
I?BDeO{}?	10	17	10	1	4	1144420030	1	0
I?BDeO{LO	10	16	10	2	5	4422203011	1	0
I?BDeOt}?	10	17	10	2	3	1144120230	1	0
I?BDdPo{?	10	15	10	0	6	0000311411	1	0
I?BDdPoy?	10	15	10	0	6	0003214141	1	0
I?BDdPou?	10	15	10	0	7	0000244141	1	0
I?BDdPom?	10	15	10	0	6	0300241141	1	0
I?BDdPo}?	10	16	10	0	6	4411130000	1	0
I?BDdPoBg	10	15	10	1	6	1111300204	1	0
I?BDdPo@w	10	15	10	0	6	1111300201	1	0
I?BDdPW[?	10	14	10	0	8	2200031111	1	0
I?BDdPW{?	10	15	10	0	7	2200031111	1	0
I?BDdPWu?	10	15	10	0	6	0230014411	1	0
I?BDdPWm?	10	15	10	0	6	0320041141	1	0
I?BDdPW]?	10	15	10	0	7	2144413300	1	0
I?BDdPW}?	10	16	10	0	6	4411130000	1	0
I?BDdPWN?	10	15	10	1	6	2244413330	1	0
I?BDdPW@w	10	15	10	0	6	1144420001	1	0
I?BDdOw{?	10	15	10	0	6	0200311441	1	0
I?BDdOwu?	10	15	10	0	6	0230014441	1	0
I?BDdOwm?	10	15	10	0	5	0300031111	1	0
I?BDdOw}?	10	16	10	0	5	1144420030	1	0
I?BDdOwOw	10	15	10	1	6	1311130001	1	0
I?BDdOw@w	10	15	10	0	6	1311120001	1	0
I?BDdPw{?	10	16	10	0	6	2200031111	1	0
I?BDdPwm?	10	16	10	0	5	0422241131	1	0
I?BDdPw}?	10	17	10	0	5	4411130000	1	0
I?BDdO[m?	10	15	10	1	5	0302241131	1	0
I?BDdO[]?	10	15	10	1	6	1114420030	1	0
I?BDdO[}?	10	16	10	1	5	4411130020	1	0
I?BDdO[N?	10	15	10	1	5	3300024411	1	0
I?BDdO[wG	10	15	10	2	5	0003314421	1	0
I?BDdO[Ow	10	15	10	1	5	4241130021	1	0
I?BDdO{m?	10	16	10	1	5	0022241131	1	0
I?BDdO{}?	10	17	10	1	4	1144420030	1	0
I?BDdO{N?	10	16	10	1	4	3300024411	1	0
I?BDbRo{?	10	16	10	0	5	0000311411	1	0
I?BDbRoy?	10	16	10	0	5	0002311414	1	0
I?BDbRou?	10	16	10	0	6	2200031111	1	0
I?BDbRo}?	10	17	10	0	5	4411130000	1	0
I?BDbRWu?	10	16	10	0	6	2200031111	1	0
I?BDbRW}?	10	17	10	0	5	4411130000	1	0
I?BDbQw{?	10	16	10	0	6	2200031111	1	0
I?BDbQwy?	10	16	10	0	5	0302041414	1	0
I?BDbQw}?	10	17	10	0	5	4411130000	1	0
I?BDbRw}?	10	18	10	0	4	4411130000	1	0
I?BDbO{u?	10	16	10	1	5	3311142202	1	0
I?BDbO{}?	10	17	10	1	4	4411130020	1	0
I?BDfRo}?	10	18	10	0	4	2200031111	1	0
I?BDfRW}?	10	18	10	0	4	2200031111	1	0
I?BDfPw{?	10	17	10	0	5	2200031111	1	0
I?BDfPw}?	10	18	10	0	4	4411130000	1	0
I?BDfO{}?	10	18	10	1	3	4411130020	1	0
I?BDdro}?	10	18	10	0	4	2200031111	1	0
I?BDdrg}?	10	18	10	0	4	2200031111	1	0
I?BDdqw}?	10	18	10	0	4	0300031111	1	0
I?BDdpw{?	10	17	10	0	5	2200031111	1	0
I?BDdpwm?	10	17	10	0	4	0422241131	1	0
I?BDdpw}?	10	18	10	0	4	4411130000	1	0
I?BDdo{{?	10	17	10	1	4	0022241131	1	0
I?BDdo{m?	10	17	10	1	4	0022241131	1	0
I?BDdo{}?	10	18	10	1	3	1144420030	1	0
I?BDbpw}?	10	18	10	0	4	1144420000	1	0
I?BDbrw}?	10	19	10	0	3	4411130000	1	0
I?BD`zo{?	10	17	10	1	3	2200331411	1	0
I?BD`zo}?	10	18	10	1	3	1144420300	1	0
I?BD`xw}?	10	18	10	1	3	4411130200	1	0
I?BD`zw}?	10	19	10	1	2	4411130200	1	0
I?BD`w{}?	10	18	10	2	2	4411130220	1	0
I?BFfbo}?	10	19	10	0	2	0000311114	1	0
I?BFfboBw	10	19	10	0	2	1111300004	1	0
I?BFfbg}?	10	19	10	0	3	2200031111	1	0
I?BFfbw}?	10	20	10	0	2	2200031111	1	0
I?BFfRW}?	10	19	10	0	3	2200031111	1	0
I?BFfRw}?	10	20	10	0	2	2200031111	1	0
I?B@vBo{?	10	16	10	0	4	0022443111	1	0
I?B@vBoy?	10	16	10	0	5	0022243111	1	0
I?B@vBou?	10	16	10	0	5	2200034111	1	0
I?B@vBo}?	10	17	10	0	4	4411132000	1	0
I?B@vBWu?	10	16	10	0	5	2200034111	1	0
I?B@vBW}?	10	17	10	0	4	4411132000	1	0
I?B@vAw{?	10	16	10	0	5	2200034111	1	0
I?B@vAw}?	10	17	10	0	4	4411132000	1	0
I?B@vBw}?	10	18	10	0	3	4411132000	1	0
I?B@v?{u?	10	16	10	1	4	3311140202	1	0
I?B@v?{}?	10	17	10	1	3	4411132020	1	0
I?B@v?{FO	10	16	10	1	5	3300021211	1	0
I?B@t`o{?	10	15	10	0	5	2200334111	1	0
I?B@t`om?	10	15	10	0	6	0300241141	1	0
I?B@t`o}?	10	16	10	0	5	4411132000	1	0
I?B@t`oN?	10	15	10	1	5	3300021441	1	0
I?B@t`oBW	10	15	10	1	5	1144223001	1	0
I?B@t`o@w	10	15	10	0	6	3311320001	1	0
I?B@tbo{?	10	16	10	0	4	0022443111	1	0
I?B@tbo}?	10	17	10	0	4	4411132000	1	0
I?B@t`gs?	10	14	10	0	7	2200034111	1	0
I?B@t`g{?	10	15	10	0	6	2200034111	1	0
I?B@t`ge?	10	14	10	0	7	0302041141	1	0
I?B@t`gu?	10	15	10	0	6	1144423000	1	0
I?B@t`gm?	10	15	10	0	6	0302041141	1	0
I?B@t`g}?	10	16	10	0	5	4411132000	1	0
I?B@t`g@w	10	15	10	0	6	1144420001	1	0
I?B@tbgm?	10	16	10	0	5	0203014414	1	0
I?B@tbg}?	10	17	10	0	4	4411132000	1	0
I?B@taw{?	10	16	10	0	5	0300241114	1	0
I?B@tawm?	10	16	10	0	4	0300031111	1	0
I?B@taw}?	10	17	10	0	4	1144423000	1	0
I?B@t`w{?	10	16	10	0	5	2200034111	1	0
I?B@t`wm?	10	16	10	0	5	2200034111	1	0
I?B@t`w]?	10	16	10	0	5	3000241411	1	0
I?B@t`w}?	10	17	10	0	4	4411132000	1	0
I?B@t`wN?	10	16	10	1	4	3300021441	1	0
I?B@tbw}?	10	18	10	0	3	4411132000	1	0
I?B@t_{{?	10	16	10	1	4	3300021414	1	0
I?B@t_{m?	10	16	10	1	4	3300021414	1	0
I?B@t_{}?	10	17	10	1	3	4411132020	1	0
I?B@t_{N?	10	16	10	1	3	3300021411	1	0
I?B@vbo{?	10	17	10	0	3	0022443111	1	0
I?B@vboy?	10	17	10	0	4	2200034111	1	0
I?B@vbo}?	10	18	10	0	3	4411132000	1	0
I?B@vbg}?	10	18	10	0	3	4411132000	1	0
I?B@vaw{?	10	17	10	0	4	2200034111	1	0
I?B@vawm?	10	17	10	0	4	0200314144	1	0
I?B@vaw}?	10	18	10	0	3	4411132000	1	0
I?B@vbw}?	10	19	10	0	2	4411132000	1	0
I?B@pr_s?	10	14	10	0	6	0022243311	1	0
I?B@pr_{?	10	15	10	0	5	2200034411	1	0
I?B@pr_e?	10	14	10	0	6	0302241141	1	0
I?B@pr_u?	10	15	10	0	5	1144423300	1	0
I?B@pr_m?	10	15	10	0	5	0302241141	1	0
I?B@pr_}?	10	16	10	0	4	4411132200	1	0
I?B@pr_F?	10	14	10	1	5	3300021141	1	0
I?B@pr_N?	10	15	10	1	4	3300021141	1	0
I?B@pr_oo	10	15	10	1	4	0033312241	1	0
I?B@pr_FG	10	15	10	1	5	1142203301	1	0
I?B@pr_@w	10	15	10	0	5	3311120021	1	0
I?B@pqo{?	10	15	10	0	5	2200034411	1	0
I?B@pqom?	10	15	10	0	5	0300031111	1	0
I?B@pqo]?	10	15	10	0	5	3300031111	1	0
I?B@pqo}?	10	16	10	0	4	4411132200	1	0
I?B@pqoN?	10	15	10	1	4	3300021141	1	0
I?B@pqooo	10	15	10	1	4	3311140024	1	0
I?B@pqoOw	10	15	10	1	5	3311130001	1	0
I?B@pqo@w	10	15	10	0	5	3311120001	1	0
I?B@pro{?	10	16	10	0	4	2200034411	1	0
I?B@prom?	10	16	10	0	4	2200034411	1	0
I?B@pro}?	10	17	10	0	3	4411132200	1	0
I?B@proN?	10	16	10	1	3	3300021141	1	0
I?B@prooo	10	16	10	2	3	3311140024	1	0
I?B@pow{?	10	15	10	0	4	2200014441	1	0
I?B@powm?	10	15	10	0	3	3300031111	1	0
I?B@pow}?	10	16	10	0	3	3311120002	1	0
I?B@powN?	10	15	10	0	3	3300021111	1	0
I?B@pqwm?	10	16	10	0	4	0300031111	1	0
I?B@pqw]?	10	16	10	0	4	3300031111	1	0
I?B@pqw}?	10	17	10	0	3	4411132200	1	0
I?B@pqwoo	10	16	10	1	3	3311140024	1	0
I?B@prw}?	10	18	10	0	2	4411132200	1	0
I?B@po{m?	10	16	10	1	3	3300021114	1	0
I?B@po{}?	10	17	10	1	2	3311140002	1	0
I?B@po{N?	10	16	10	0	2	3300021111	1	0
I?B@po{oo	10	16	10	0	3	3311140004	1	0
I?B@tqwm?	10	17	10	0	3	0300031111	1	0
I?B@tqw]?	10	17	10	0	4	2200034111	1	0
I?B@tqw}?	10	18	10	0	3	1144423000	1	0
I?B@tpw}?	10	18	10	0	3	4411132000	1	0
I?B@trw}?	10	19	10	0	2	4411132000	1	0
I?B@vrw}?	10	20	10	0	1	4411132000	1	0
I?B@pzo}?	10	18	10	1	2	4411132200	1	0
I?B@pzoN?	10	17	10	2	2	3300021141	1	0
I?B@pywm?	10	17	10	1	3	3300021144	1	0
I?B@pyw]?	10	17	10	1	3	3300021144	1	0
I?B@pyw}?	10	18	10	1	2	4411132200	1	0
I?B@pywN?	10	17	10	1	2	3300021141	1	0
I?B@pzw}?	10	19	10	1	1	4411132200	1	0
I?B@pw{}?	10	18	10	2	1	4411132220	1	0
I?B@pw{ow	10	18	10	0	1	3311140004	1	0
I?BDvbo}?	10	19	10	0	3	2200031111	1	0
I?BDvbg}?	10	19	10	0	3	2200031111	1	0
I?BDtro}?	10	19	10	0	3	2200031111	1	0
I?BDtqw}?	10	19	10	0	3	0300031111	1	0
I?BDtpwm?	10	18	10	0	3	0422241131	1	0
I?BDtpw}?	10	19	10	0	3	4411130000	1	0
I?BDrro{?	10	18	10	0	4	2200031111	1	0
I?BDrro}?	10	19	10	0	3	4411130000	1	0
I?BDrrw}?	10	20	10	0	2	4411130000	1	0
I?B@nAo{?	10	15	10	1	5	0022343111	1	0
I?B@nAoy?	10	15	10	1	6	0022043111	1	0
I?B@nAo}?	10	16	10	1	5	1144123000	1	0
I?B@nAoN?	10	15	10	2	5	3300021441	1	0
I?B@nAoFO	10	15	10	2	6	4442201031	1	0
I?B@nAoBW	10	15	10	1	5	1133004221	1	0
I?B@nBo{?	10	16	10	1	4	0022343111	1	0
I?B@nBo}?	10	17	10	1	4	1144123000	1	0
I?B@nBoN?	10	16	10	2	4	4411132002	1	0
I?B@nBoq_	10	16	10	2	4	0033012441	1	0
I?B@nBoFO	10	16	10	2	5	1113304024	1	0
I?B@nBg{?	10	16	10	1	5	0022043111	1	0
I?B@nBgy?	10	16	10	1	4	0024243111	1	0
I?B@nBg}?	10	17	10	1	4	1144123000	1	0
I?B@nBgN?	10	16	10	2	4	1130304224	1	0
I?B@nBgq_	10	16	10	1	4	0033012441	1	0
I?B@nBgFO	10	16	10	2	5	1113304024	1	0
I?B@nBW}?	10	17	10	1	4	1133304022	1	0
I?B@nBWq_	10	16	10	2	4	0033012441	1	0
I?B@nBWFO	10	16	10	3	5	1113304024	1	0
I?B@nAw}?	10	17	10	1	4	1133304022	1	0
I?B@nAwN?	10	16	10	2	4	3300021441	1	0
I?B@nAwFO	10	16	10	2	5	1113304024	1	0
I?B@nBw}?	10	18	10	1	3	1133304022	1	0
I?B@nBI}?	10	17	10	2	3	1144123020	1	0
I?B@nBIFO	10	16	10	2	6	4422401304	1	0
I?B@nbo{?	10	17	10	1	3	0022343111	1	0
I?B@nbo}?	10	18	10	1	3	1144123000	1	0
I?B@nbw}?	10	19	10	1	2	1144123000	1	0
I?B@mRoy?	10	16	10	1	4	0022043411	1	0
I?B@mRo}?	10	17	10	1	3	1144123200	1	0
I?B@mRoN?	10	16	10	2	4	1133304224	1	0
I?B@mRoq_	10	16	10	2	3	0033012141	1	0
I?B@mRoLO	10	16	10	2	3	1133104024	1	0
I?B@mRgy?	10	16	10	1	4	0022043411	1	0
I?B@mRgu?	10	16	10	1	4	0033012144	1	0
I?B@mRg}?	10	17	10	1	3	1144123200	1	0
I?B@mRgN?	10	16	10	2	4	1130304224	1	0
I?B@mRgq_	10	16	10	1	3	0033012141	1	0
I?B@mRgLO	10	16	10	1	3	1133104024	1	0
I?B@mOw{?	10	15	10	1	5	1144123200	1	0
I?B@mOwy?	10	15	10	1	5	1133104022	1	0
I?B@mOw}?	10	16	10	1	4	4411132020	1	0
I?B@mOwN?	10	15	10	1	4	3300021411	1	0
I?B@mOwLO	10	15	10	1	4	4422401031	1	0
I?B@mQw]?	10	16	10	1	4	1144123200	1	0
I?B@mQw}?	10	17	10	1	3	1144123200	1	0
I?B@mQwN?	10	16	10	2	4	3311140220	1	0
I?B@mQwq_	10	16	10	2	3	0033012141	1	0
I?B@mQwLO	10	16	10	2	3	3300321241	1	0
I?B@mRw}?	10	18	10	1	2	1144123200	1	0
I?B@mO{}?	10	17	10	2	3	1144423030	1	0
I?B@lR_{?	10	15	10	1	6	0022043111	1	0
I?B@lR_y?	10	15	10	1	5	0024243111	1	0
I?B@lR_m?	10	15	10	1	6	0022043111	1	0
I?B@lR_}?	10	16	10	1	5	1144123000	1	0
I?B@lR_N?	10	15	10	2	5	3300021441	1	0
I?B@lR_q_	10	15	10	1	5	0033012441	1	0
I?B@lR_FG	10	15	10	2	6	1113304204	1	0
I?B@lR_DW	10	15	10	1	5	1130304221	1	0
I?B@lRo}?	10	17	10	1	4	1144123000	1	0
I?B@lRoN?	10	16	10	2	4	3300021441	1	0
I?B@lQg{?	10	15	10	1	6	0022043111	1	0
I?B@lQgy?	10	15	10	1	5	0024243111	1	0
I?B@lQg}?	10	16	10	1	5	4411132000	1	0
I?B@lQgN?	10	15	10	1	5	3300021441	1	0
I?B@lQgSW	10	15	10	2	6	1242423001	1	0
I?B@lQgDW	10	15	10	1	5	1342123001	1	0
I?B@lRg}?	10	17	10	1	4	1144123000	1	0
I?B@lRgN?	10	16	10	2	4	1130304224	1	0
I?B@lRgq_	10	16	10	1	4	0033012441	1	0
I?B@lPW{?	10	15	10	1	6	1144123000	1	0
I?B@lPWy?	10	15	10	1	6	1144123000	1	0
I?B@lPW}?	10	16	10	1	5	4411132000	1	0
I?B@lPWN?	10	15	10	2	5	3300021441	1	0
I?B@lRW]?	10	16	10	1	5	4411132000	1	0
I?B@lRW}?	10	17	10	1	4	4411132000	1	0
I?B@lRWN?	10	16	10	2	4	4411132002	1	0
I?B@lRWq_	10	16	10	2	4	0033012441	1	0
I?B@lRw}?	10	18	10	1	3	4411132000	1	0
I?B@lO{}?	10	17	10	2	3	4411132020	1	0
I?B@nRo}?	10	18	10	1	3	1144123000	1	0
I?B@nRg}?	10	18	10	1	3	1144123000	1	0
I?B@nRW}?	10	18	10	1	3	4411132000	1	0
I?B@nRWN?	10	17	10	2	3	1144423003	1	0
I?B@nQw}?	10	18	10	1	3	4411132000	1	0
I?B@nRw}?	10	19	10	1	2	4411132000	1	0
I?B@nrw}?	10	20	10	1	1	4411132000	1	0
I?B@hzo}?	10	18	10	2	2	4411132200	1	0
I?B@hzg}?	10	18	10	2	2	4411132200	1	0
I?B@hyw}?	10	18	10	2	2	4411132200	1	0
I?B@hzw}?	10	19	10	2	1	4411132200	1	0
I?B@hzI}?	10	18	10	3	3	1144123320	1	1
I?B@~bo{?	10	18	10	1	2	2200334111	1	0
I?B@~bo}?	10	19	10	1	2	1144423000	1	0
I?B@~bg}?	10	19	10	1	2	1144423000	1	0
I?B@~bw}?	10	20	10	1	1	4411132000	1	0
I?B@|ro}?	10	19	10	1	2	4411132000	1	0
I?B@|qwm?	10	18	10	1	3	0022243111	1	0
I?B@|qw}?	10	19	10	1	2	1144423000	1	0
I?B@|pw}?	10	19	10	1	2	4411132000	1	0
I?B@|rw}?	10	20	10	1	1	4411132000	1	0
I?B@~rw}?	10	21	10	1	0	4411132000	1	1
I?B@xzo}?	10	19	10	2	1	4411132200	1	0
I?B@xyw}?	10	19	10	2	1	4411132200	1	0
I?B@xzw}?	10	20	10	2	0	4411132200	1	1
I?BfFBw}?	10	19	10	0	0	0003311144	1	0
I?BfFBwFo	10	19	10	2	0	0003311142	1	1
I?BfFbw}?	10	20	10	0	1	0003311144	1	0
I?BfEqw]?	10	18	10	0	3	0002244111	1	0
I?BfEqw}?	10	19	10	0	2	0002244111	1	0
I?BfErw}?	10	20	10	0	1	0002244111	1	0
I?BfFrw}?	10	21	10	0	0	0002244111	1	0
I?Bef?w{?	10	16	10	0	5	0000311141	1	0
I?Bef?wy?	10	16	10	0	5	0003311141	1	0
I?Bef?wu?	10	16	10	0	5	0002241411	1	0
I?Bef?wm?	10	16	10	0	5	0300244411	1	0
I?Bef?w}?	10	17	10	0	4	1113300022	1	0
I?Bef?wFO	10	16	10	2	4	1113302024	1	0
I?Bef?wBo	10	16	10	1	5	1111300024	1	0
I?Bef?w@w	10	16	10	0	4	1113300021	1	0
I?Bed`o{?	10	16	10	0	4	0000311111	1	0
I?Bed`oy?	10	16	10	0	5	0003214441	1	0
I?Bed`o}?	10	17	10	0	4	1111300002	1	0
I?Bed`g{?	10	16	10	0	5	0000311141	1	0
I?Bed`gy?	10	16	10	0	5	0003214411	1	0
I?Bed`gu?	10	16	10	0	6	0000244411	1	0
I?Bed`g]?	10	16	10	0	5	3000244411	1	0
I?Bed`g}?	10	17	10	0	5	1111300022	1	0
I?Bed`gBo	10	16	10	1	5	1111300024	1	0
I?Bed`g@w	10	16	10	0	5	1111300021	1	0
I?Bed`w{?	10	17	10	0	4	0000311141	1	0
I?Bed`wy?	10	17	10	0	5	0000311144	1	0
I?Bed`w]?	10	17	10	0	4	3000244411	1	0
I?Bed`w}?	10	18	10	0	4	1111300022	1	0
I?Bed`wBo	10	17	10	1	4	1111300024	1	0
I?Befbo}?	10	19	10	0	2	0000311114	1	0
I?BeeOw{?	10	16	10	0	6	0000311441	1	0
I?BeeOwM?	10	15	10	0	6	0022211133	1	0
I?BeeOwm?	10	16	10	0	6	0022244411	1	0
I?BeeOw}?	10	17	10	0	5	1144422200	1	0
I?BeeOw@w	10	16	10	0	5	1133300021	1	0
I?BeeRw}?	10	19	10	0	3	0022244411	1	0
I?BefRo}?	10	19	10	0	3	0000311414	1	0
I?BefQw}?	10	19	10	0	4	0000244111	1	0
I?BefRw}?	10	20	10	0	3	0000244111	1	0
I?Bedpw{?	10	18	10	0	4	0000311441	1	0
I?Bedpwy?	10	18	10	0	5	0000244111	1	0
I?Bedpw}?	10	19	10	0	4	1111422000	1	0
I?Bffbo}?	10	20	10	0	1	0000311114	1	0
I?Bffbg}?	10	20	10	0	2	0000311144	1	0
I?Bffbw}?	10	21	10	0	1	0000311144	1	0
I?BffRw}?	10	21	10	0	2	0002241111	1	0
I?Bffrw}?	10	22	10	0	1	0000244111	1	0
I?Bcv@W{?	10	16	10	0	5	0020314141	1	0
I?Bcv@Wu?	10	16	10	0	4	0032241411	1	0
I?Bcv@Wm?	10	16	10	0	5	0002241411	1	0
I?Bcv@W}?	10	17	10	0	4	1114420200	1	0
I?Bcv@WFO	10	16	10	2	4	1113302024	1	0
I?Bcv@W@w	10	16	10	0	4	1143302021	1	0
I?Bcv@w{?	10	17	10	0	4	0003314141	1	0
I?Bcv@wu?	10	17	10	0	4	3330024244	1	0
I?Bcv@w]?	10	17	10	0	4	0002241411	1	0
I?Bcv@w}?	10	18	10	0	3	1114420200	1	0
I?Bcv@wFO	10	17	10	2	3	1113302024	1	0
I?Bcu`g{?	10	16	10	0	6	0000314141	1	0
I?Bcu`gy?	10	16	10	0	5	0023014411	1	0
I?Bcu`gM?	10	15	10	0	8	0000241411	1	0
I?Bcu`gm?	10	16	10	0	7	0300041441	1	0
I?Bcu`g}?	10	17	10	0	6	1111420200	1	0
I?Bcu`g@w	10	16	10	0	5	1143102201	1	0
I?Bcu`w{?	10	17	10	0	5	0000314141	1	0
I?Bcu`wy?	10	17	10	0	6	2002013311	1	0
I?Bcu`w}?	10	18	10	0	5	1111420200	1	0
I?Bcrbo{?	10	17	10	0	4	0000314111	1	0
I?Bcrboy?	10	17	10	0	5	0000314114	1	0
I?Bcrbou?	10	17	10	0	4	0020314114	1	0
I?Bcrbo}?	10	18	10	0	4	1111302002	1	0
I?Bcrbgy?	10	17	10	0	5	0003014411	1	0
I?Bcrbgu?	10	17	10	0	6	0000241411	1	0
I?Bcrbg]?	10	17	10	0	6	0000241411	1	0
I?Bcrbg}?	10	18	10	0	5	1111420200	1	0
I?BcrbWu?	10	17	10	0	4	0030241411	1	0
I?BcrbWm?	10	17	10	0	6	0000241411	1	0
I?BcrbW}?	10	18	10	0	5	1111420200	1	0
I?Bcrbw}?	10	19	10	0	4	1111420200	1	0
I?Bcvbg}?	10	19	10	0	4	0002241111	1	0
I?BcvbW}?	10	19	10	0	4	0020014141	1	0
I?Bcv`w{?	10	18	10	0	4	0000314141	1	0
I?Bcv`wy?	10	18	10	0	5	0002241111	1	0
I?Bcv`wu?	10	18	10	0	5	0020014114	1	0
I?Bcv`w}?	10	19	10	0	4	1111420200	1	0
I?Bcrpw{?	10	18	10	0	5	3000044114	1	0
I?Bcrpw]?	10	18	10	0	4	3000044111	1	0
I?Bcrpw}?	10	19	10	0	4	3111122002	1	0
I?Bcrrw}?	10	20	10	0	3	1114420000	1	0
I?Bevbo}?	10	20	10	0	2	0000314114	1	0
I?Bevbg}?	10	20	10	0	3	0002241111	1	0
I?Bevbw}?	10	21	10	0	2	0000241411	1	0
I?Beuro}?	10	20	10	0	3	0030241141	1	0
I?BeurW}?	10	20	10	0	2	0030041114	1	0
I?Beuqw}?	10	20	10	0	3	0020014411	1	0
I?Beurw}?	10	21	10	0	2	0020014411	1	0
I?Betro}?	10	20	10	0	3	0000241141	1	0
I?Betpw{?	10	19	10	0	4	0000241114	1	0
I?Betpwu?	10	19	10	0	4	0030041441	1	0
I?Betpw}?	10	20	10	0	3	1114420000	1	0
I?Bvfbo}?	10	21	10	0	0	0000311114	1	0
I?Bvfbg}?	10	21	10	0	1	0000311144	1	0
I?Bvfbw}?	10	22	10	0	0	0000311144	1	0
I?BvfRg}?	10	21	10	0	2	0002011441	1	0
I?BvfRw}?	10	22	10	0	1	0000244111	1	0
I?Bvfrw}?	10	23	10	0	0	0000244111	1	0
I?BvUro}?	10	21	10	0	2	0000241141	1	0
I?BvUqw]?	10	20	10	0	4	0000241111	1	0
I?BvUqw}?	10	21	10	0	3	0000241111	1	0
I?BvUrw}?	10	22	10	0	2	0000241111	1	0
I?BvVrw}?	10	23	10	0	1	0000241111	1	0
I?Bvvrw}?	10	24	10	0	0	0000241111	1	0
I?B~vrw}?	10	25	10	0	0	0000011111	1	1
I?`@FBo{?	10	14	10	0	4	0000333111	1	0
I?`@FBo]?	10	14	10	1	6	0000333111	1	0
I?`@FBoF_	10	14	10	1	6	0003333112	1	0
I?`@FBoBo	10	14	10	0	5	1111333004	1	0
I?`@FBoFo	10	15	10	1	5	2224444110	1	0
I?`@FBoBw	10	15	10	0	4	4444222001	1	0
I?`@F@g{?	10	13	10	1	6	0003333111	1	0
I?`@F@gd_	10	13	10	1	7	1331044240	1	0
I?`@F@gDo	10	13	10	1	6	1113133004	1	0
I?`@F@gBo	10	13	10	1	7	3113300001	1	0
I?`@F@gFo	10	14	10	1	6	2003311142	1	0
I?`@F@gDW	10	13	10	1	6	1113133004	1	0
I?`@F@g@w	10	13	10	1	5	3113300001	1	0
I?`@F@gDw	10	14	10	1	5	0003033112	1	0
I?`@F@wd_	10	14	10	2	7	0220033114	1	0
I?`@F@wF_	10	14	10	2	6	2441133302	1	0
I?`@F@wBo	10	14	10	1	6	4113300024	1	0
I?`@F@wFo	10	15	10	2	5	0224411130	1	0
I?`@F?k{?	10	13	10	1	7	0000333131	1	0
I?`@F?k]?	10	13	10	2	8	3003033111	1	0
I?`@F?ks_	10	13	10	1	8	1131004240	1	0
I?`@F?kQ_	10	12	10	2	9	3003033111	1	0
I?`@F?kU_	10	13	10	2	9	2134124220	1	0
I?`@F?kFo	10	14	10	1	7	0003113102	1	0
I?`@F?kCw	10	13	10	2	7	1113113004	1	0
I?`@F?{U_	10	14	10	2	8	3311141402	1	0
I?`@F?{F_	10	14	10	1	7	2244114300	1	0
I?`@F?{Fo	10	15	10	1	6	0024441130	1	0
I?`@F?Mw?	10	12	10	0	6	0003333121	1	0
I?`@F?M{?	10	13	10	0	6	1111333040	1	0
I?`@F?MY?	10	12	10	1	8	0003033131	1	0
I?`@F?M]?	10	13	10	1	7	3114422230	1	0
I?`@F?MFo	10	14	10	0	5	2224444100	1	0
I?`@F?]F_	10	14	10	0	5	3331111400	1	0
I?`@F?]Fo	10	15	10	0	4	2224444100	1	0
I?`@?b_w?	10	10	10	0	4	0003333311	1	0
I?`@?b_s?	10	10	10	0	6	0000333311	1	0
I?`@?b_{?	10	11	10	0	5	1111333300	1	0
I?`@?b_Y?	10	10	10	1	6	0003033311	1	0
I?`@?b_]?	10	11	10	1	7	1111133300	1	0
I?`@?b_F?	10	10	10	0	7	4442222202	1	0
I?`@?b_N?	10	11	10	1	7	3311113330	1	0
I?`@?b_B_	10	10	10	0	7	4442222202	1	0
I?`@?b_F_	10	11	10	0	6	2224444210	1	0
I?`@?b_FG	10	11	10	0	6	1133003301	1	0
I?`@?b_Bg	10	11	10	0	6	1133003301	1	0
I?`@?b_Fg	10	12	10	0	5	2224444210	1	0
I?`@?bo{?	10	12	10	0	4	1111333300	1	0
I?`@?bo]?	10	12	10	1	6	1111133300	1	0
I?`@?boN?	10	12	10	2	8	1111113300	1	0
I?`@?boF_	10	12	10	1	7	4442222201	1	0
I?`@?boBo	10	12	10	0	5	4444222201	1	0
I?`@?boBw	10	13	10	0	4	1111333304	1	0
I?`@Cb_{?	10	12	10	0	6	0000333111	1	0
I?`@Cb_]?	10	12	10	1	7	2441133130	1	0
I?`@Cb_l?	10	12	10	1	7	2000303311	1	0
I?`@Cb_N?	10	12	10	2	8	2244110330	1	0
I?`@Cb_d_	10	12	10	1	7	2000300331	1	0
I?`@Cb_F_	10	12	10	1	7	2224444210	1	0
I?`@Cb_WO	10	11	10	1	7	0003333011	1	0
I?`@Cb_YO	10	12	10	1	7	2440133130	1	0
I?`@Cb_HO	10	11	10	1	8	0002222242	1	0
I?`@Cb_JO	10	12	10	1	8	0033113110	1	0
I?`@Cb_Bo	10	12	10	0	7	0333111140	1	0
I?`@Cb_Fg	10	13	10	1	6	2224444210	1	0
I?`@Cb_BW	10	12	10	0	6	1133003001	1	0
I?`@Cb_@w	10	12	10	0	7	1133303001	1	0
I?`@Cb_Bw	10	13	10	0	6	0333111140	1	0
I?`@CbO{?	10	12	10	0	5	0030333111	1	0
I?`@CbO]?	10	12	10	1	7	0030333111	1	0
I?`@CbOl?	10	12	10	1	6	0330133111	1	0
I?`@CbON?	10	12	10	1	7	1141444220	1	0
I?`@CbOWO	10	11	10	1	7	0030333110	1	0
I?`@CbOYO	10	12	10	1	7	0330133110	1	0
I?`@CbOJO	10	12	10	0	6	2242444110	1	0
I?`@CbOIW	10	12	10	0	5	1331033001	1	0
I?`@CbOBW	10	12	10	0	5	1331033001	1	0
I?`@CbOJW	10	13	10	0	5	2242444110	1	0
I?`@C`ow?	10	11	10	0	7	0000333111	1	0
I?`@C`os?	10	11	10	0	6	0030333111	1	0
I?`@C`o[?	10	11	10	0	5	3000333311	1	0
I?`@C`o{?	10	12	10	0	6	1111333000	1	0
I?`@C`oY?	10	11	10	1	7	3003311311	1	0
I?`@C`o]?	10	12	10	1	6	3111133300	1	0
I?`@C`oh?	10	11	10	1	8	0300333111	1	0
I?`@C`od?	10	11	10	1	7	0330303131	1	0
I?`@C`oL?	10	11	10	1	7	3000303311	1	0
I?`@C`ol?	10	12	10	1	7	4111313300	1	0
I?`@C`oN?	10	12	10	2	8	3111113300	1	0
I?`@C`o`_	10	11	10	1	8	0222200224	1	0
I?`@C`od_	10	12	10	1	8	4111311300	1	0
I?`@C`oB_	10	11	10	0	8	0000333002	1	0
I?`@C`oF_	10	12	10	1	8	3331111330	1	0
I?`@C`oWO	10	11	10	1	7	3000333011	1	0
I?`@C`oQO	10	11	10	1	7	1331033031	1	0
I?`@C`oYO	10	12	10	1	7	0113422420	1	0
I?`@C`oHO	10	11	10	1	8	3131303001	1	0
I?`@C`oBO	10	11	10	0	7	4224022024	1	0
I?`@C`oJO	10	12	10	1	8	0313113130	1	0
I?`@C`o@o	10	11	10	0	8	3131303001	1	0
I?`@C`oBo	10	12	10	0	7	2222444110	1	0
I?`@C`o`g	10	12	10	1	7	2113300301	1	0
I?`@C`oBg	10	12	10	0	7	3113300301	1	0
I?`@C`oBW	10	12	10	0	6	1444224201	1	0
I?`@C`o@w	10	12	10	0	7	1111333004	1	0
I?`@C`oBw	10	13	10	0	6	0000333112	1	0
I?`@CboYO	10	13	10	2	7	4114300302	1	0
I?`@CboJO	10	13	10	1	7	4114311302	1	0
I?`@CboBo	10	13	10	0	6	1444222201	1	0
I?`@CboBw	10	14	10	0	5	1111333004	1	0
I?`@C_WW?	10	9	10	1	7	0002000330	1	0
I?`@C_Ws?	10	10	10	1	6	0030333131	1	0
I?`@C_W{?	10	11	10	1	7	1111333030	1	0
I?`@C`Ww?	10	11	10	1	8	0030333111	1	0
I?`@C`Ws?	10	11	10	1	6	0030333111	1	0
I?`@C`Wk?	10	11	10	1	7	0330133111	1	0
I?`@C`W[?	10	11	10	1	7	3000033311	1	0
I?`@C`W{?	10	12	10	1	7	1131333000	1	0
I?`@C`WU?	10	11	10	1	5	3030033311	1	0
I?`@C`W]?	10	12	10	1	6	3111133300	1	0
I?`@C`Wh?	10	11	10	1	8	0133103301	1	0
I?`@C`Wd?	10	11	10	1	7	0330133111	1	0
I?`@C`Wl?	10	12	10	1	8	1331033000	1	0
I?`@C`WF?	10	11	10	2	7	1330033111	1	0
I?`@C`WN?	10	12	10	2	8	0331133000	1	0
I?`@C`WhG	10	12	10	1	7	0133103301	1	0
I?`@C`w{?	10	13	10	1	7	1111133300	1	0
I?`@C`w]?	10	13	10	1	5	3111133300	1	0
I?`@C`wl?	10	13	10	2	7	3411430202	1	0
I?`@C`wN?	10	13	10	2	7	3111113300	1	0
I?`@C`wd_	10	13	10	1	8	3111411402	1	0
I?`@C`wF_	10	13	10	2	8	0441133102	1	0
I?`@Eb_{?	10	13	10	0	5	0000333111	1	0
I?`@Eb_]?	10	13	10	1	7	3002244441	1	0
I?`@Eb_N?	10	13	10	2	7	2244110330	1	0
I?`@Eb_s_	10	13	10	1	6	0030333111	1	0
I?`@Eb_U_	10	13	10	2	7	3030212441	1	0
I?`@Eb_F_	10	13	10	1	7	0003333112	1	0
I?`@Eb_JO	10	13	10	1	7	1133003001	1	0
I?`@Eb_Bo	10	13	10	0	6	4444222001	1	0
I?`@Eb_Fg	10	14	10	1	6	0003333112	1	0
I?`@Eb_BW	10	13	10	0	5	1133003001	1	0
I?`@Eb_Aw	10	13	10	0	6	1133033001	1	0
I?`@Eb_Bw	10	14	10	0	5	2222444110	1	0
I?`@Eao[?	10	12	10	0	6	0000333111	1	0
I?`@Eao]?	10	13	10	1	7	0000333111	1	0
I?`@Eaol?	10	13	10	1	6	0300333111	1	0
I?`@EaoN?	10	13	10	2	7	2244110330	1	0
I?`@Eaod_	10	13	10	2	7	0330133111	1	0
I?`@EaoF_	10	13	10	1	8	0000333112	1	0
I?`@EaoJO	10	13	10	1	7	4124021031	1	0
I?`@EaoBW	10	13	10	0	6	1111333004	1	0
I?`@Eao@w	10	13	10	0	6	1111333004	1	0
I?`@EaoBw	10	14	10	0	5	0000333112	1	0
I?`@Ebo{?	10	14	10	0	4	0000333111	1	0
I?`@Ebos_	10	14	10	1	5	0030333111	1	0
I?`@EboJO	10	14	10	1	6	1131333004	1	0
I?`@EboBo	10	14	10	0	5	1111333004	1	0
I?`@E`g{?	10	13	10	1	6	2002344141	1	0
I?`@E`g]?	10	13	10	1	7	3000033111	1	0
I?`@E`gh?	10	12	10	2	9	0003333111	1	0
I?`@E`gl?	10	13	10	2	8	1141313030	1	0
I?`@E`gN?	10	13	10	2	8	0241413130	1	0
I?`@E`gs_	10	13	10	1	7	0030330131	1	0
I?`@E`gU_	10	13	10	2	8	3030033111	1	0
I?`@E`gd_	10	13	10	1	7	1331044240	1	0
I?`@E`gF_	10	13	10	2	8	4224411330	1	0
I?`@E`gJO	10	13	10	1	7	1424201031	1	0
I?`@E`gBo	10	13	10	1	8	1133003031	1	0
I?`@E`g`g	10	13	10	1	7	2414102301	1	0
I?`@E`gdg	10	14	10	1	6	4224011310	1	0
I?`@E`g@w	10	13	10	1	6	4114322021	1	0
I?`@E`W{?	10	13	10	1	6	0030333111	1	0
I?`@E`Wl?	10	13	10	2	8	1341240220	1	0
I?`@E`WJO	10	13	10	1	7	1424201031	1	0
I?`@E`WHW	10	13	10	1	6	1131133004	1	0
I?`@E_ww?	10	12	10	1	8	0022441131	1	0
I?`@E_ws?	10	12	10	1	6	0030333131	1	0
I?`@E_wk?	10	12	10	1	7	0300333111	1	0
I?`@E_w[?	10	12	10	1	7	3000333111	1	0
I?`@E_w{?	10	13	10	1	7	1111333000	1	0
I?`@E_wh?	10	12	10	2	9	0300333111	1	0
I?`@E_wl?	10	13	10	2	8	1311333000	1	0
I?`@E_wJ?	10	12	10	1	8	1303031311	1	0
I?`@E_wN?	10	13	10	1	7	2244110300	1	0
I?`@E_wd_	10	13	10	2	8	1331144220	1	0
I?`@E_wJO	10	13	10	1	7	1424201031	1	0
I?`@E_wBo	10	13	10	1	7	1144220031	1	0
I?`@E_w@w	10	13	10	1	7	1111133004	1	0
I?`@E`wl?	10	14	10	2	8	1111333000	1	0
I?`@E`wd_	10	14	10	2	7	3141413202	1	0
I?`@E`wJO	10	14	10	2	6	4131302024	1	0
I?`@E`wBo	10	14	10	1	7	1111333004	1	0
I?`@E_kw?	10	12	10	1	8	0000333131	1	0
I?`@E_k{?	10	13	10	1	7	1111333030	1	0
I?`@E_kY?	10	12	10	1	8	3003003311	1	0
I?`@E_kU?	10	12	10	1	8	0030033131	1	0
I?`@E_k]?	10	13	10	2	7	3141420230	1	0
I?`@E_kJ?	10	12	10	0	6	2202002244	1	0
I?`@E_kN?	10	13	10	1	7	2244110300	1	0
I?`@E_ko_	10	12	10	0	7	0030330121	1	0
I?`@E_ks_	10	13	10	0	6	1131331040	1	0
I?`@E_kQ_	10	12	10	1	9	2022020224	1	0
I?`@E_kU_	10	13	10	1	8	3121421230	1	0
I?`@E_kB_	10	12	10	1	7	3303000211	1	0
I?`@E_kF_	10	13	10	2	7	2234114320	1	0
I?`@E_ksG	10	13	10	0	5	2242444101	1	0
I?`@E_kog	10	13	10	0	6	2242442101	1	0
I?`@E_kcg	10	13	10	0	6	2242442101	1	0
I?`@E_ksg	10	14	10	0	5	4424224010	1	0
I?`@E_[w?	10	12	10	1	8	0022441131	1	0
I?`@E_[s?	10	12	10	1	6	0030333131	1	0
I?`@E_[{?	10	13	10	1	7	1111333030	1	0
I?`@E_[Y?	10	12	10	2	9	3030033111	1	0
I?`@E_[U?	10	12	10	2	7	3030033111	1	0
I?`@E_[]?	10	13	10	2	8	3131133000	1	0
I?`@E_[JO	10	13	10	1	7	1133003011	1	0
I?`@E_{{?	10	14	10	2	6	3311440202	1	0
I?`@E_{]?	10	14	10	2	7	3141413200	1	0
I?`@E_{N?	10	14	10	1	6	3311113300	1	0
I?`@E_{s_	10	14	10	1	7	0030330121	1	0
I?`@E_{U_	10	14	10	2	7	1341143202	1	0
I?`@E_{F_	10	14	10	2	7	2244114300	1	0
I?`@E_{JO	10	14	10	1	6	3313113400	1	0
I?`@E_{Bo	10	14	10	2	6	4411330024	1	0
I?`@E_lsg	10	15	10	0	4	2242442101	1	0
I?`@FboBw	10	16	10	0	3	1111333004	1	0
I?`@F_{U_	10	15	10	3	8	4141143002	1	0
I?`@F_]{?	10	15	10	1	6	1111333020	1	0
I?`@F_]]?	10	15	10	2	6	1441133020	1	0
I?`DF@w{?	10	15	10	1	5	0224411131	1	0
I?`DF@wl?	10	15	10	2	7	0300321441	1	0
I?`DF@wF_	10	15	10	2	5	2441133302	1	0
I?`DF@wFo	10	16	10	2	4	0224411130	1	0
I?`DF?s{?	10	14	10	1	6	0022441131	1	0
I?`DF?sl?	10	14	10	1	5	0302424411	1	0
I?`DF?sU_	10	14	10	2	7	2424141330	1	0
I?`DF?sF_	10	14	10	1	6	2024141130	1	0
I?`DF?sBo	10	14	10	1	6	1144220031	1	0
I?`DF?sFo	10	15	10	1	5	2024141130	1	0
I?`DF?sAw	10	14	10	1	5	1313030021	1	0
I?`DFAsFo	10	16	10	2	4	0203131142	1	0
I?`DF?k{?	10	14	10	1	6	0022441131	1	0
I?`DF?k]?	10	14	10	2	7	3002224411	1	0
I?`DF?kl?	10	14	10	2	7	0302224411	1	0
I?`DF?kN?	10	14	10	2	6	3300224411	1	0
I?`DF?kQ_	10	13	10	2	8	0202424420	1	0
I?`DF?kU_	10	14	10	2	8	0124421130	1	0
I?`DF?kB_	10	13	10	1	7	0022441130	1	0
I?`DF?kF_	10	14	10	1	7	0021441130	1	0
I?`DF?kFO	10	14	10	1	7	1130002241	1	0
I?`DF?kEo	10	14	10	1	7	1313030031	1	0
I?`DF?kDo	10	14	10	1	7	4210330024	1	0
I?`DF?kBo	10	14	10	1	6	1143220031	1	0
I?`DF?kFo	10	15	10	1	6	0021441130	1	0
I?`DF?ksG	10	14	10	1	6	0032114421	1	0
I?`DF?kCw	10	14	10	2	6	4410330021	1	0
I?`DF?[{?	10	14	10	1	6	0022441131	1	0
I?`DF?[]?	10	14	10	2	6	2441133320	1	0
I?`DF?[l?	10	14	10	2	6	0302421431	1	0
I?`DF?[J?	10	13	10	1	7	0022441133	1	0
I?`DF?[N?	10	14	10	1	6	2244113300	1	0
I?`DF?[U_	10	14	10	1	7	0303131422	1	0
I?`DF?[B_	10	13	10	0	7	0003331122	1	0
I?`DF?[F_	10	14	10	0	6	0003331122	1	0
I?`DF?[FO	10	14	10	0	6	4142023011	1	0
I?`DF?[Eo	10	14	10	0	6	4442220011	1	0
I?`DF?[Do	10	14	10	0	6	4442220011	1	0
I?`DF?[Bo	10	14	10	0	6	1144220031	1	0
I?`DF?[Fo	10	15	10	0	5	0003331122	1	0
I?`DF?[wG	10	14	10	0	5	0003331121	1	0
I?`DF?{l?	10	15	10	2	6	0302224411	1	0
I?`DF?{Bo	10	15	10	1	5	0033114420	1	0
I?`DF?{Fo	10	16	10	1	5	0024441130	1	0
I?`DF@Q{?	10	14	10	1	6	0202414131	1	0
I?`DF@Q]?	10	14	10	2	7	3002242411	1	0
I?`DF@Ql?	10	14	10	2	7	0302421421	1	0
I?`DF@QN?	10	14	10	2	8	2244113330	1	0
I?`DF@QU_	10	14	10	1	6	4240030311	1	0
I?`DF@QEo	10	14	10	1	6	1310240241	1	0
I?`DF@QDo	10	14	10	1	7	1113330014	1	0
I?`DF@QFo	10	15	10	1	6	0003331102	1	0
I?`DF@Yl?	10	15	10	2	6	0303131124	1	0
I?`DF@YN?	10	15	10	2	7	0431134402	1	0
I?`DF@YEo	10	15	10	1	6	4242020014	1	0
I?`DF@YBo	10	15	10	1	5	1313020241	1	0
I?`DF@YFo	10	16	10	1	5	0301141420	1	0
I?`DF?M{?	10	14	10	0	6	0222444101	1	0
I?`DF?M]?	10	14	10	1	6	2441133320	1	0
I?`DF?Ml?	10	14	10	1	6	0203131124	1	0
I?`DF?MEo	10	14	10	0	6	1313030011	1	0
I?`DF?MDo	10	14	10	0	6	4442220011	1	0
I?`DF?MBo	10	14	10	0	5	1333000211	1	0
I?`DF?MFo	10	15	10	0	5	2224441100	1	0
I?`DF?]l?	10	15	10	2	5	0203131124	1	0
I?`DF?]N?	10	15	10	1	6	0003331124	1	0
I?`DF?]Eo	10	15	10	0	5	4442220011	1	0
I?`DF?]Do	10	15	10	0	5	4442220011	1	0
I?`DF?]Bo	10	15	10	0	5	4442220011	1	0
I?`DF?]Fo	10	16	10	0	4	0003331122	1	0
I?`DAao[?	10	12	10	0	7	0200224244	1	0
I?`DAao]?	10	13	10	1	7	2144103030	1	0
I?`DAaoN?	10	13	10	2	7	2244113330	1	0
I?`DAaoS_	10	12	10	1	7	0202034313	1	0
I?`DAaoQ_	10	12	10	1	7	0202424240	1	0
I?`DAaoU_	10	13	10	1	7	2424101030	1	0
I?`DAaoD_	10	12	10	1	8	0200224240	1	0
I?`DAaoF_	10	13	10	1	8	0303131310	1	0
I?`DAaoHO	10	12	10	1	7	0103424241	1	0
I?`DAaohO	10	13	10	1	6	0103424241	1	0
I?`DAaoBO	10	12	10	0	8	0200224242	1	0
I?`DAaoJO	10	13	10	1	7	2042143130	1	0
I?`DAao@o	10	12	10	0	8	0402131312	1	0
I?`DAaoBo	10	13	10	0	7	0333111440	1	0
I?`DAaoQg	10	13	10	1	6	1213030301	1	0
I?`DAaoBg	10	13	10	0	6	1313030301	1	0
I?`DAaoBW	10	13	10	0	7	1444222001	1	0
I?`DAaoAw	10	13	10	0	6	1313030201	1	0
I?`DAao@w	10	13	10	0	7	1311330001	1	0
I?`DAaoBw	10	14	10	0	6	0222444110	1	0
I?`DAbo{?	10	14	10	0	5	0200331311	1	0
I?`DAboBo	10	14	10	0	6	1444222001	1	0
I?`DAboBw	10	15	10	0	5	1444222001	1	0
I?`DA`gk?	10	12	10	1	8	0200331331	1	0
I?`DA`g{?	10	13	10	1	7	2002341141	1	0
I?`DA`g]?	10	13	10	1	7	3000033111	1	0
I?`DA`gd?	10	12	10	2	8	0220431134	1	0
I?`DA`gl?	10	13	10	2	7	4311340220	1	0
I?`DA`gN?	10	13	10	2	8	3241413130	1	0
I?`DA`ggO	10	12	10	1	7	0134124024	1	0
I?`DA`gIO	10	12	10	2	8	3003033011	1	0
I?`DA`g`O	10	12	10	1	8	0200030332	1	0
I?`DA`ghO	10	13	10	1	8	1313140420	1	0
I?`DA`gJO	10	13	10	2	8	0242414130	1	0
I?`DA`gdG	10	13	10	2	7	0142424201	1	0
I?`DA`g`W	10	13	10	1	7	0133103001	1	0
I?`DA_ww?	10	12	10	1	7	0224411331	1	0
I?`DA_ws?	10	12	10	1	7	0242414131	1	0
I?`DA_wk?	10	12	10	1	7	0300331311	1	0
I?`DA_w[?	10	12	10	1	7	3000333111	1	0
I?`DA_w{?	10	13	10	1	7	1144220030	1	0
I?`DA_wY?	10	12	10	1	8	3000033111	1	0
I?`DA_wM?	10	12	10	1	6	3300033311	1	0
I?`DA_w]?	10	13	10	1	7	3111133000	1	0
I?`DA_wh?	10	12	10	1	8	0303131311	1	0
I?`DA_wd?	10	12	10	2	8	0422401331	1	0
I?`DA_wL?	10	12	10	2	8	3300003311	1	0
I?`DA_wl?	10	13	10	2	7	1244210330	1	0
I?`DA_wJ?	10	12	10	2	8	1303031311	1	0
I?`DA_wN?	10	13	10	2	7	3311113300	1	0
I?`DA_wgO	10	12	10	1	8	0202224024	1	0
I?`DA_wIO	10	12	10	2	8	3300033011	1	0
I?`DA_w`O	10	12	10	1	8	0422202024	1	0
I?`DA_wHO	10	12	10	1	8	3131303031	1	0
I?`DA_whO	10	13	10	1	7	4013310420	1	0
I?`DA_wJO	10	13	10	2	8	2013142420	1	0
I?`DA_w`W	10	13	10	1	7	0141424201	1	0
I?`DA`wl?	10	14	10	2	6	3411432002	1	0
I?`DA`whO	10	14	10	1	7	3414412302	1	0
I?`DA`wJO	10	14	10	2	7	0414131302	1	0
I?`DA_{{?	10	14	10	2	6	3311442202	1	0
I?`DA_{]?	10	14	10	2	8	3111113300	1	0
I?`DA_{N?	10	14	10	2	6	3311113300	1	0
I?`DE`o{?	10	14	10	0	5	0222444111	1	0
I?`DE`oN?	10	14	10	2	6	2200331114	1	0
I?`DE`oF_	10	14	10	1	7	4222000331	1	0
I?`DE`oBg	10	14	10	0	6	1444222001	1	0
I?`DE`oBW	10	14	10	0	6	1444222001	1	0
I?`DE`oAw	10	14	10	0	6	1414232001	1	0
I?`DE`o@w	10	14	10	0	6	1444222001	1	0
I?`DE`oBw	10	15	10	0	5	0222444110	1	0
I?`DEboBw	10	16	10	0	4	1444222001	1	0
I?`DE`g{?	10	14	10	1	6	0220431131	1	0
I?`DE`gl?	10	14	10	2	8	0300321441	1	0
I?`DE`gN?	10	14	10	2	8	2244113300	1	0
I?`DE`gdG	10	14	10	2	6	0330124421	1	0
I?`DE_w[?	10	13	10	1	7	0022441131	1	0
I?`DE_w{?	10	14	10	1	6	0022441131	1	0
I?`DE_w]?	10	14	10	1	7	2444103300	1	0
I?`DE_wl?	10	14	10	2	8	0300331111	1	0
I?`DE_wN?	10	14	10	2	6	2244113300	1	0
I?`DE_wS_	10	13	10	2	8	0202034113	1	0
I?`DE_wQ_	10	13	10	2	8	0242414133	1	0
I?`DE_wE_	10	13	10	2	8	0032414133	1	0
I?`DE_wU_	10	14	10	2	7	2414131300	1	0
I?`DE_wF_	10	14	10	2	8	0331144220	1	0
I?`DE_wJO	10	14	10	2	7	1424202031	1	0
I?`DE_wBo	10	14	10	1	6	1144220031	1	0
I?`DE_w@w	10	14	10	1	7	4411300021	1	0
I?`DE`w{?	10	15	10	1	6	2000333111	1	0
I?`DE`wl?	10	15	10	2	7	0133104224	1	0
I?`DE`wF_	10	15	10	2	7	2441133002	1	0
I?`DE`wJO	10	15	10	2	6	4131303024	1	0
I?`DE`wBo	10	15	10	1	6	2414131302	1	0
I?`DE_s[?	10	13	10	1	7	0022441131	1	0
I?`DE_s{?	10	14	10	1	6	0022441131	1	0
I?`DE_s]?	10	14	10	2	8	2444113300	1	0
I?`DE_sL?	10	13	10	1	7	2300303311	1	0
I?`DE_sl?	10	14	10	1	6	0320421411	1	0
I?`DE_sJ?	10	13	10	2	7	0320421413	1	0
I?`DE_sN?	10	14	10	2	6	2244113300	1	0
I?`DE_sU_	10	14	10	2	7	2424141330	1	0
I?`DE_sD_	10	13	10	2	8	0202424113	1	0
I?`DE_sF_	10	14	10	2	7	2424141330	1	0
I?`DE_sJO	10	14	10	2	6	4124023031	1	0
I?`DE_sBo	10	14	10	1	6	1144220031	1	0
I?`DE_sQg	10	14	10	1	7	3013212421	1	0
I?`DE_sAw	10	14	10	1	6	1414242001	1	0
I?`DE_{{?	10	15	10	2	5	0033114424	1	0
I?`DE_{]?	10	15	10	2	7	2244113300	1	0
I?`DE_{l?	10	15	10	2	7	4311313300	1	0
I?`DE_{N?	10	15	10	2	5	2244113300	1	0
I?`DE_{U_	10	15	10	3	7	2341143202	1	0
I?`DE`Y{?	10	15	10	2	5	0202414131	1	0
I?`DE`Yl?	10	15	10	2	6	0303131424	1	0
I?`DE`YU_	10	15	10	1	5	3030212411	1	0
I?`D@bO[?	10	12	10	0	7	0222444111	1	0
I?`D@bO]?	10	13	10	1	8	0020033311	1	0
I?`D@bON?	10	13	10	2	7	2244113030	1	0
I?`D@bOU_	10	13	10	2	7	2424101330	1	0
I?`D@bOD_	10	12	10	1	9	0300331113	1	0
I?`D@bOF_	10	13	10	1	8	2224111330	1	0
I?`D@bOQO	10	12	10	1	8	0200431413	1	0
I?`D@bOBO	10	12	10	0	8	0222444110	1	0
I?`D@bOOo	10	12	10	1	7	0230114413	1	0
I?`D@bOQo	10	13	10	1	7	2402131130	1	0
I?`D@bO@o	10	12	10	0	8	0300331110	1	0
I?`D@bOBo	10	13	10	0	7	0333111440	1	0
I?`D@bOJG	10	13	10	1	7	4124023301	1	0
I?`D@bOBg	10	13	10	0	7	1133000301	1	0
I?`D@bOBW	10	13	10	0	7	1444222001	1	0
I?`D@bOAw	10	13	10	0	6	1414242201	1	0
I?`D@bO@w	10	13	10	0	7	1311330001	1	0
I?`D@bOBw	10	14	10	0	6	0222444110	1	0
I?`D@`o{?	10	13	10	0	6	2000333111	1	0
I?`D@`o]?	10	13	10	1	6	3000333111	1	0
I?`D@`od?	10	12	10	1	8	2020303311	1	0
I?`D@`ol?	10	13	10	1	7	2020303311	1	0
I?`D@`oN?	10	13	10	2	7	3300331111	1	0
I?`D@`oU_	10	13	10	1	6	0131424220	1	0
I?`D@`oF_	10	13	10	1	7	0224411330	1	0
I?`D@`ooO	10	12	10	1	7	0022441314	1	0
I?`D@`oQO	10	12	10	1	8	2000222440	1	0
I?`D@`o`O	10	12	10	1	7	0424131334	1	0
I?`D@`oOo	10	12	10	1	7	3311330001	1	0
I?`D@`oQo	10	13	10	1	7	0133104420	1	0
I?`D@`oBo	10	13	10	0	7	2303141440	1	0
I?`D@`oBg	10	13	10	0	7	3414202001	1	0
I?`D@`o`W	10	13	10	1	6	2141303001	1	0
I?`D@`oAw	10	13	10	0	6	3311330001	1	0
I?`D@`o@w	10	13	10	0	6	3311330001	1	0
I?`D@`oBw	10	14	10	0	6	3202414110	1	0
I?`D@bo{?	10	14	10	0	5	0222444111	1	0
I?`D@bol?	10	14	10	1	6	2020303311	1	0
I?`D@boQo	10	14	10	1	7	3133104420	1	0
I?`D@boBo	10	14	10	0	6	1444222001	1	0
I?`D@boBw	10	15	10	0	5	1444222001	1	0
I?`D@`gs?	10	12	10	1	8	0220431131	1	0
I?`D@`g{?	10	13	10	1	7	2002341141	1	0
I?`D@`g]?	10	13	10	1	7	3000033111	1	0
I?`D@`gd?	10	12	10	1	8	0422401131	1	0
I?`D@`gN?	10	13	10	2	8	1303031114	1	0
I?`D@`gQ_	10	12	10	1	7	1033030311	1	0
I?`D@`gE_	10	12	10	1	8	1313030311	1	0
I?`D@`gU_	10	13	10	1	8	0131104220	1	0
I?`D@`gF_	10	13	10	2	7	0224411330	1	0
I?`D@`goO	10	12	10	2	9	0313133001	1	0
I?`D@`gQO	10	12	10	1	8	3003033011	1	0
I?`D@`gQo	10	13	10	1	7	0133104420	1	0
I?`D@_Ww?	10	11	10	1	7	0003331331	1	0
I?`D@_Ws?	10	11	10	1	8	0030333331	1	0
I?`D@_Wk?	10	11	10	1	6	0300331131	1	0
I?`D@_W{?	10	12	10	1	7	1311330030	1	0
I?`D@`Ww?	10	12	10	1	7	0224411331	1	0
I?`D@`Ws?	10	12	10	1	8	0030033311	1	0
I?`D@`Wk?	10	12	10	1	7	0300331131	1	0
I?`D@`W[?	10	12	10	1	7	3000333111	1	0
I?`D@`W{?	10	13	10	1	7	1414202030	1	0
I?`D@`WY?	10	12	10	1	8	3000033111	1	0
I?`D@`WU?	10	12	10	1	6	3030033311	1	0
I?`D@`WM?	10	12	10	1	7	3300033111	1	0
I?`D@`W]?	10	13	10	1	7	3111133000	1	0
I?`D@`Wh?	10	12	10	1	8	0202204224	1	0
I?`D@`Wd?	10	12	10	1	8	0422401131	1	0
I?`D@`WL?	10	12	10	1	8	3300303131	1	0
I?`D@`Wl?	10	13	10	1	7	1244210030	1	0
I?`D@`WJ?	10	12	10	2	8	3402204131	1	0
I?`D@`WN?	10	13	10	2	7	3214412030	1	0
I?`D@`WoO	10	12	10	2	9	0331133001	1	0
I?`D@`W`O	10	12	10	1	8	0131424201	1	0
I?`D@`WhG	10	13	10	1	7	0124421301	1	0
I?`D@`W`W	10	13	10	1	7	0131424201	1	0
I?`D@_ws?	10	12	10	1	8	0300331111	1	0
I?`D@_w{?	10	13	10	1	7	0300331111	1	0
I?`D@_w]?	10	13	10	1	6	3300033111	1	0
I?`D@_wQ_	10	12	10	1	7	3200234113	1	0
I?`D@_wE_	10	12	10	1	7	2200022444	1	0
I?`D@_wU_	10	13	10	1	7	0124401330	1	0
I?`D@`wU_	10	14	10	1	7	2141103002	1	0
I?`D@`wF_	10	14	10	2	6	2441133002	1	0
I?`D@`wQo	10	14	10	2	6	2144103302	1	0
I?`D@`wBo	10	14	10	1	7	2144113302	1	0
I?`DD`o{?	10	14	10	0	5	0222444111	1	0
I?`DD`o]?	10	14	10	1	6	3200214411	1	0
I?`DD`ol?	10	14	10	1	6	0300331111	1	0
I?`DD`oU_	10	14	10	2	6	2424101330	1	0
I?`DD`oF_	10	14	10	1	7	2224111330	1	0
I?`DD`oQo	10	14	10	1	6	1244210031	1	0
I?`DD`oBg	10	14	10	0	6	1444222001	1	0
I?`DD`oBW	10	14	10	0	6	1444222001	1	0
I?`DD`oAw	10	14	10	0	5	1313030021	1	0
I?`DD`o@w	10	14	10	0	6	1311330001	1	0
I?`DD`oBw	10	15	10	0	5	0222444110	1	0
I?`DDboBw	10	16	10	0	4	1444222001	1	0
I?`DD`g{?	10	14	10	1	6	0220431131	1	0
I?`DD`g]?	10	14	10	1	6	3200214411	1	0
I?`DD`gl?	10	14	10	1	6	0422401131	1	0
I?`DD`gQ_	10	13	10	1	7	0133104420	1	0
I?`DD`gU_	10	14	10	2	7	0134124420	1	0
I?`DD`gF_	10	14	10	2	8	0224411130	1	0
I?`DD`gdG	10	14	10	1	6	0130124421	1	0
I?`DD`gDg	10	14	10	2	7	3412402201	1	0
I?`DD`g@w	10	14	10	1	6	4311320021	1	0
I?`DD`W[?	10	13	10	1	7	0202414131	1	0
I?`DD`W{?	10	14	10	1	6	0202414131	1	0
I?`DD`W]?	10	14	10	1	6	2144103300	1	0
I?`DD`Wl?	10	14	10	1	6	0422401131	1	0
I?`DD`WN?	10	14	10	2	7	2144113300	1	0
I?`DD`WhG	10	14	10	1	6	0303121421	1	0
I?`DD_w{?	10	14	10	1	6	0300331111	1	0
I?`DD_w]?	10	14	10	1	6	3200214411	1	0
I?`DD_wE_	10	13	10	2	8	0200224442	1	0
I?`DD_wU_	10	14	10	2	8	0422401130	1	0
I?`DD`w{?	10	15	10	1	6	2000333111	1	0
I?`DD`wl?	10	15	10	2	5	2300321141	1	0
I?`DD`wU_	10	15	10	2	7	3131404200	1	0
I?`DD`wF_	10	15	10	2	7	2441133002	1	0
I?`DD`wQo	10	15	10	2	5	4311320024	1	0
I?`DD`wBo	10	15	10	1	6	4111300024	1	0
I?`DBbo{?	10	15	10	0	4	0222444111	1	0
I?`DBbo]?	10	15	10	1	6	2000333111	1	0
I?`DBbol?	10	15	10	1	6	0202424111	1	0
I?`DBboBo	10	15	10	0	5	1444222001	1	0
I?`DB`g{?	10	14	10	1	6	2002341141	1	0
I?`DB`g]?	10	14	10	1	6	3000033111	1	0
I?`DB`gF_	10	14	10	2	6	0224411330	1	0
I?`DB`W{?	10	14	10	1	6	2020313141	1	0
I?`DB`WM?	10	13	10	1	7	3000033111	1	0
I?`DB`W]?	10	14	10	1	6	3000033111	1	0
I?`DB`Wh?	10	13	10	1	7	0202431134	1	0
I?`DB`Wl?	10	14	10	2	6	4311340220	1	0
I?`DB`WN?	10	14	10	2	8	3000033111	1	0
I?`DB`WBo	10	14	10	1	6	1414202031	1	0
I?`DB`W`W	10	14	10	1	6	2144123001	1	0
I?`DB`wBo	10	15	10	1	6	4111300024	1	0
I?`DB_s{?	10	14	10	1	6	2200331141	1	0
I?`DB_s]?	10	14	10	2	6	3200234141	1	0
I?`DB_sU_	10	14	10	2	7	0131424220	1	0
I?`DB_sBo	10	14	10	1	6	1144220031	1	0
I?`DB_sAw	10	14	10	1	6	1414242001	1	0
I?`DBasl?	10	15	10	1	5	0422401311	1	0
I?`DBasU_	10	15	10	2	6	4141313002	1	0
I?`DBasBo	10	15	10	1	6	1411030024	1	0
I?`DB_k]?	10	14	10	2	7	4202034141	1	0
I?`DB_kd?	10	13	10	2	9	0300224411	1	0
I?`DB_kl?	10	14	10	2	8	0300224411	1	0
I?`DB_kN?	10	14	10	2	6	3300224411	1	0
I?`DB_kQ_	10	13	10	2	8	4022023114	1	0
I?`DB_kU_	10	14	10	2	8	0131134220	1	0
I?`DB_kB_	10	13	10	1	7	3300224413	1	0
I?`DB_kF_	10	14	10	2	8	0022441130	1	0
I?`DB_kBo	10	14	10	1	6	1144220031	1	0
I?`DB_ksG	10	14	10	1	7	0242414301	1	0
I?`DB_kSg	10	14	10	2	7	4242410301	1	0
I?`DB_[w?	10	13	10	1	7	0022441131	1	0
I?`DB_[{?	10	14	10	1	6	4411330020	1	0
I?`DB_[Y?	10	13	10	2	7	3002244131	1	0
I?`DB_[U?	10	13	10	2	7	3002244131	1	0
I?`DB_[M?	10	13	10	2	7	3300224411	1	0
I?`DB_[]?	10	14	10	2	6	3114422030	1	0
I?`DB_[h?	10	13	10	2	8	0303121431	1	0
I?`DB_[d?	10	13	10	2	8	0330124411	1	0
I?`DB_[l?	10	14	10	2	7	1414242030	1	0
I?`DB_[Bo	10	14	10	1	6	1144220031	1	0
I?`DB_{U_	10	15	10	2	7	2341143002	1	0
I?`DB_{F_	10	15	10	2	7	0331144200	1	0
I?`DB_{Bo	10	15	10	2	5	4411330024	1	0
I?`DB`YBo	10	15	10	2	5	1313020241	1	0
I?`DB_]{?	10	15	10	1	6	3331444202	1	0
I?`DB_]]?	10	15	10	2	5	0331144202	1	0
I?`DB_]l?	10	15	10	2	6	3131414202	1	0
I?`DB_]Bo	10	15	10	1	6	1333000211	1	0
I?`DB_N{G	10	16	10	0	4	0222444101	1	0
I?`DFboBw	10	17	10	0	3	1444222001	1	0
I?`DF`YN?	10	16	10	3	7	4141113020	1	0
I?`DF_]]?	10	16	10	2	6	2441133020	1	0
I?`D@POw?	10	11	10	1	7	0003331331	1	0
I?`D@POs?	10	11	10	1	7	0030333311	1	0
I?`D@POk?	10	11	10	1	7	0300331331	1	0
I?`D@PO{?	10	12	10	1	8	1111330300	1	0
I?`D@POD?	10	10	10	2	8	0002000033	1	0
I?`D@POd?	10	11	10	2	8	0330303331	1	0
I?`D@POl?	10	12	10	2	8	1311310330	1	0
I?`D@Rol?	10	14	10	2	6	2020303311	1	0
I?`D@RoU_	10	14	10	2	7	4141303302	1	0
I?`D@RoF_	10	14	10	2	7	0303131042	1	0
I?`DBRo{?	10	15	10	1	5	0220431311	1	0
I?`DBRol?	10	15	10	2	7	0202424411	1	0
I?`DBRodO	10	15	10	2	5	0330124241	1	0
I?`DBPw]?	10	15	10	1	5	3000033111	1	0
I?`DBQsU_	10	15	10	2	7	4311340202	1	0
I?`DBQsF_	10	15	10	3	7	4241313302	1	0
I?`DBQsdO	10	15	10	1	6	0130104241	1	0
I?`DBOk{?	10	14	10	2	7	2002341441	1	0
I?`DBOk]?	10	14	10	2	7	3003033111	1	0
I?`D@po{?	10	14	10	1	6	2200331411	1	0
I?`D@po]?	10	14	10	1	6	3000033111	1	0
I?`D@poN?	10	14	10	2	6	3300224141	1	0
I?`D@poE_	10	13	10	1	7	3002214113	1	0
I?`D@poU_	10	14	10	1	7	0131104220	1	0
I?`D@poF_	10	14	10	2	6	0224411330	1	0
I?`D@poBg	10	14	10	1	6	1144220301	1	0
I?`D@po`W	10	14	10	1	6	2144123001	1	0
I?`D@po@w	10	14	10	1	6	3114422001	1	0
I?`D@ro{?	10	15	10	1	5	0022441311	1	0
I?`D@rol?	10	15	10	2	7	0300331111	1	0
I?`D@roU_	10	15	10	2	7	3131104220	1	0
I?`D@roF_	10	15	10	2	7	4441133002	1	0
I?`D@pg{?	10	14	10	1	7	2000311441	1	0
I?`D@pg]?	10	14	10	1	6	3000033111	1	0
I?`D@pgN?	10	14	10	2	7	3300033111	1	0
I?`D@pg`W	10	14	10	1	6	2144123001	1	0
I?`D@pwN?	10	15	10	2	6	3300033111	1	0
I?`FE_w{?	10	15	10	1	5	0022441131	1	0
I?`FE_w]?	10	15	10	1	6	3000214411	1	0
I?`FE_wl?	10	15	10	2	7	0300224411	1	0
I?`FE_wN?	10	15	10	2	5	2244113300	1	0
I?`FE_wBo	10	15	10	1	5	1144220031	1	0
I?`FE_w@w	10	15	10	1	6	4411300021	1	0
I?`FE`wl?	10	16	10	2	7	0222401131	1	0
I?`FE_{{?	10	16	10	2	4	2200331141	1	0
I?`FE_{]?	10	16	10	2	6	0033114424	1	0
I?`FE_{N?	10	16	10	2	4	2244113300	1	0
I?`FF_{{?	10	17	10	2	3	0022441131	1	0
I?`FF_{F_	10	17	10	2	5	4411330022	1	0
I?`FBQo{?	10	15	10	1	5	0220431311	1	0
I?`FBQo]?	10	15	10	1	6	3000214141	1	0
I?`FBQol?	10	15	10	2	6	0302424411	1	0
I?`FBQodO	10	15	10	2	5	2442103031	1	0
I?`FBQc{?	10	15	10	2	7	0003331111	1	0
I?`FBQc]?	10	15	10	2	6	3002244141	1	0
I?`FBQcdO	10	15	10	2	7	0330104241	1	0
I?`FBOs{?	10	15	10	2	7	2000331441	1	0
I?`FBOsF_	10	15	10	2	7	4142020031	1	0
I?`FBOsDo	10	15	10	2	6	4142420031	1	0
I?`FBQs{?	10	16	10	2	6	0203131141	1	0
I?`FBQsdO	10	16	10	2	6	0330104241	1	0
I?`FBQsDo	10	16	10	2	5	1413130024	1	0
I?`FAqc{?	10	15	10	2	5	0202431341	1	0
I?`FAqcl?	10	15	10	2	7	0303124211	1	0
I?`FAqcJ?	10	14	10	2	8	0202031144	1	0
I?`FAqcN?	10	15	10	2	7	2341143230	1	0
I?`FAqcF_	10	15	10	2	7	1442200301	1	0
I?`FAqchO	10	15	10	1	5	0303124211	1	0
I?`FAqcUG	10	15	10	1	5	4242013101	1	0
I?`FAqcEg	10	15	10	1	6	1442240301	1	0
I?`FAqS{?	10	15	10	2	7	0220431141	1	0
I?`FAqSN?	10	15	10	2	8	2444143030	1	0
I?`FAqSF_	10	15	10	2	7	1442200311	1	0
I?`FAqShO	10	15	10	2	7	0303124211	1	0
I?`FAos{?	10	15	10	2	7	0022441131	1	0
I?`FAosh?	10	14	10	2	8	0202431344	1	0
I?`FAosl?	10	15	10	2	7	1311342200	1	0
I?`FAosF_	10	15	10	2	7	3130202141	1	0
I?`FAqs]?	10	16	10	2	6	1033012424	1	0
I?`FAqsN?	10	16	10	2	7	1311142200	1	0
I?`FAqsF_	10	16	10	3	6	1413030424	1	0
I?`FAqshO	10	16	10	2	6	0303124211	1	0
I?`FAo]]?	10	16	10	3	4	3002244131	1	0
I?`FAo]hO	10	16	10	2	7	2103300241	1	0
I?`FBqs{?	10	17	10	2	6	0200231141	1	0
I?`FBqsF_	10	17	10	3	6	1113330224	1	1
I?`F@Zo{?	10	16	10	1	4	0022441311	1	0
I?`F@ZosO	10	16	10	1	5	0030114241	1	0
I?`F@Xw]?	10	16	10	2	6	3002244111	1	0
I?`F@XwF_	10	16	10	2	6	4113300224	1	0
I?`F?zoN?	10	16	10	2	4	4411330202	1	0
I?`F?zowO	10	16	10	1	5	0003111241	1	0
I?`F?xwl?	10	16	10	2	7	1114442300	1	0
I?`F?xwF_	10	16	10	2	4	1330022141	1	0
I?`@fBO{?	10	14	10	0	6	0000331111	1	0
I?`@fBON?	10	14	10	2	6	2200331114	1	0
I?`@fBOBW	10	14	10	0	6	1133003001	1	0
I?`@fBOAw	10	14	10	0	7	1144220001	1	0
I?`@fBOBw	10	15	10	0	6	0022441110	1	0
I?`@fBo{?	10	15	10	0	5	0000331111	1	0
I?`@fBoFO	10	15	10	1	6	1113002024	1	0
I?`@f@Wk?	10	13	10	1	7	0202431131	1	0
I?`@f@W{?	10	14	10	1	6	2020341141	1	0
I?`@f@Wl?	10	14	10	2	8	1311340220	1	0
I?`@f@W`_	10	13	10	1	8	0222403134	1	0
I?`@f@WFO	10	14	10	2	6	1442203031	1	0
I?`@f@WBo	10	14	10	1	7	1414200031	1	0
I?`@f@W@w	10	14	10	1	6	4141320021	1	0
I?`@f@wFO	10	15	10	2	5	4113302024	1	0
I?`@f?k{?	10	14	10	1	6	2200331141	1	0
I?`@f?kU?	10	13	10	2	9	3000224411	1	0
I?`@f?k]?	10	14	10	2	8	3000224411	1	0
I?`@f?ko_	10	13	10	1	7	0022443134	1	0
I?`@f?kQ_	10	13	10	2	9	2024313124	1	0
I?`@f?kFO	10	14	10	1	7	1142223031	1	0
I?`@f?kBo	10	14	10	1	6	1144220031	1	0
I?`@f?[w?	10	13	10	1	7	0003333121	1	0
I?`@f?[s?	10	13	10	1	7	0022441131	1	0
I?`@f?[k?	10	13	10	1	7	0302421431	1	0
I?`@f?[{?	10	14	10	1	6	4411330020	1	0
I?`@f?[Y?	10	13	10	2	7	3002241431	1	0
I?`@f?[]?	10	14	10	2	6	3114420230	1	0
I?`@f?[o_	10	13	10	1	7	0033112421	1	0
I?`@f?[Q_	10	13	10	2	8	2024143102	1	0
I?`@f?[FO	10	14	10	1	6	4142023011	1	0
I?`@f?[Bo	10	14	10	1	6	1144220031	1	0
I?`@`b_s?	10	12	10	0	8	0000331111	1	0
I?`@`b_{?	10	13	10	0	7	0000331111	1	0
I?`@`b_U?	10	12	10	1	8	0022003311	1	0
I?`@`b_]?	10	13	10	1	7	0022003311	1	0
I?`@`b_F?	10	12	10	1	7	3302441143	1	0
I?`@`b_N?	10	13	10	1	7	0022003311	1	0
I?`@`b_o_	10	12	10	1	7	0022443114	1	0
I?`@`b__o	10	12	10	1	6	3311330031	1	0
I?`@`b_oo	10	13	10	1	6	1130224420	1	0
I?`@`b_Qo	10	13	10	1	7	1133114420	1	0
I?`@`b_Bo	10	13	10	0	7	3300331130	1	0
I?`@`b_FG	10	13	10	1	6	1142003301	1	0
I?`@`b_Bg	10	13	10	0	7	4413002201	1	0
I?`@`b_Aw	10	13	10	0	6	3311330001	1	0
I?`@`b_Bw	10	14	10	0	6	2203114410	1	0
I?`@`bo{?	10	14	10	0	6	0000331111	1	0
I?`@`bo]?	10	14	10	1	6	0022003311	1	0
I?`@`boN?	10	14	10	2	6	0022003311	1	0
I?`@`booo	10	14	10	2	6	1144003302	1	0
I?`@`boQo	10	14	10	1	6	1144113302	1	0
I?`@`boBo	10	14	10	0	6	1144113302	1	0
I?`@`boBw	10	15	10	0	6	3311330001	1	0
I?`@d`o{?	10	14	10	0	6	0000331111	1	0
I?`@d`o]?	10	14	10	1	6	3000331111	1	0
I?`@d`oN?	10	14	10	2	6	3300331111	1	0
I?`@d`oo_	10	13	10	1	6	0022443114	1	0
I?`@d`oBW	10	14	10	0	6	1144223001	1	0
I?`@d`oAw	10	14	10	0	5	3311330001	1	0
I?`@d`oBw	10	15	10	0	6	3300331110	1	0
I?`@dbo{?	10	15	10	0	5	0000331111	1	0
I?`@dbo]?	10	15	10	1	6	2000311114	1	0
I?`@dbol?	10	15	10	1	5	0300331111	1	0
I?`@dboN?	10	15	10	2	5	2200331114	1	0
I?`@d`g{?	10	14	10	1	6	2002341141	1	0
I?`@d`gU?	10	13	10	1	7	4022013311	1	0
I?`@d`g]?	10	14	10	1	6	3200214411	1	0
I?`@d`gF?	10	13	10	2	8	3200224411	1	0
I?`@d`gQ_	10	13	10	1	7	4022013314	1	0
I?`@d`gQo	10	14	10	1	6	1244210031	1	0
I?`@d`gBo	10	14	10	1	7	1244220031	1	0
I?`@d`gdG	10	14	10	1	6	2442103301	1	0
I?`@d`g`g	10	14	10	1	6	2144120301	1	0
I?`@d`g@w	10	14	10	1	6	4311320021	1	0
I?`@d_w{?	10	14	10	1	6	0300331111	1	0
I?`@d_wQo	10	14	10	1	6	1244210031	1	0
I?`@d_wOw	10	14	10	1	5	3311330001	1	0
I?`@d`w]?	10	15	10	1	5	3200214411	1	0
I?`@d`wN?	10	15	10	2	6	3200224411	1	0
I?`@fbo{?	10	16	10	0	4	0000331111	1	0
I?`@fbo]?	10	16	10	1	5	2000311114	1	0
I?`@fboBw	10	17	10	0	4	1111330004	1	0
I?`@eFo{?	10	15	10	1	4	0022443411	1	0
I?`@eFoMO	10	15	10	2	5	1133004024	1	0
I?`@eFoJO	10	15	10	2	5	1133004024	1	0
I?`@eFoNO	10	16	10	2	4	2244110130	1	0
I?`@eDgl?	10	14	10	2	8	1244210130	1	0
I?`@eDgN?	10	14	10	1	7	0241410130	1	0
I?`@eDgNO	10	15	10	1	6	0241410130	1	0
I?`@eDgdG	10	14	10	2	7	0142423201	1	0
I?`@eDg`g	10	14	10	1	6	0314120421	1	0
I?`@eDgDW	10	14	10	2	6	4130304021	1	0
I?`@eCwk?	10	13	10	1	7	3300331311	1	0
I?`@eCw{?	10	14	10	2	6	1144203230	1	0
I?`@eCw]?	10	14	10	1	6	3144423200	1	0
I?`@eCwl?	10	14	10	1	7	1144213230	1	0
I?`@eCwN?	10	14	10	0	7	3311130300	1	0
I?`@eCwMO	10	14	10	0	5	4422241011	1	0
I?`@eCwLO	10	14	10	0	7	3300331011	1	0
I?`@eCwJO	10	14	10	0	7	1103024041	1	0
I?`@eCwNO	10	15	10	0	6	2244110100	1	0
I?`@eCwog	10	14	10	0	6	2244110101	1	0
I?`@eCw`g	10	14	10	1	6	2244420101	1	0
I?`@eDwl?	10	15	10	2	7	3411430402	1	0
I?`@eDwMO	10	15	10	1	6	3311130400	1	0
I?`@eDwLO	10	15	10	1	6	1133104024	1	0
I?`@eDwJO	10	15	10	1	6	4133304024	1	0
I?`@eDwNO	10	16	10	1	5	0244410130	1	0
I?`@eCk{?	10	14	10	2	6	1144223230	1	0
I?`@eCkY?	10	13	10	1	8	3024213411	1	0
I?`@eCk]?	10	14	10	1	7	3144423230	1	0
I?`@eCkJ?	10	13	10	0	7	2202002344	1	0
I?`@eCkF?	10	13	10	0	8	2200002344	1	0
I?`@eCkN?	10	14	10	0	7	3311110400	1	0
I?`@eCkMO	10	14	10	0	7	1402031041	1	0
I?`@eCkJO	10	14	10	0	6	4424224011	1	0
I?`@eCkFO	10	14	10	0	7	1133004011	1	0
I?`@eCkNO	10	15	10	0	6	0033112102	1	0
I?`@eCksG	10	14	10	1	7	0022443401	1	0
I?`@eCkog	10	14	10	0	6	0033112101	1	0
I?`@eC{{?	10	15	10	2	5	3311440402	1	0
I?`@eC{]?	10	15	10	1	6	0311140402	1	0
I?`@eC{N?	10	15	10	0	6	3311110400	1	0
I?`@eC{MO	10	15	10	0	6	3311110400	1	0
I?`@eC{JO	10	15	10	0	6	3311110400	1	0
I?`@eC{NO	10	16	10	0	5	2244110100	1	0
I?`@eCxNO	10	16	10	0	5	4422001011	1	0
I?`@eClNO	10	16	10	0	5	1133004014	1	0
I?`Df@W{?	10	15	10	1	5	0202431131	1	0
I?`Df@W]?	10	15	10	1	6	3000214411	1	0
I?`Df@Wl?	10	15	10	2	7	0300321441	1	0
I?`Df@WN?	10	15	10	2	7	2244113300	1	0
I?`Df@WBo	10	15	10	1	6	1414200031	1	0
I?`Df@WhG	10	15	10	2	5	0303124421	1	0
I?`Df@W@w	10	15	10	1	5	4141320021	1	0
I?`Df?w{?	10	15	10	1	5	0022441131	1	0
I?`Df?wl?	10	15	10	2	7	0300331111	1	0
I?`Df?wFO	10	15	10	2	7	1133002241	1	0
I?`Df?wBo	10	15	10	1	5	1144220031	1	0
I?`Df?w@w	10	15	10	1	6	4411300021	1	0
I?`Df@w{?	10	16	10	1	5	0222411131	1	0
I?`Df@w]?	10	16	10	1	5	3000214411	1	0
I?`Df@wl?	10	16	10	2	6	0300321441	1	0
I?`Df@wFO	10	16	10	2	6	4113300024	1	0
I?`Df@wBo	10	16	10	1	5	4111300024	1	0
I?`Df?s{?	10	15	10	1	5	0022441131	1	0
I?`Df?sl?	10	15	10	1	5	0302421411	1	0
I?`Df?sFO	10	15	10	2	5	1413032024	1	0
I?`Df?sBo	10	15	10	1	5	1144220031	1	0
I?`Df?sQg	10	15	10	1	6	4241010301	1	0
I?`Df?sAw	10	15	10	1	5	1314240201	1	0
I?`Df?k{?	10	15	10	1	5	0022441131	1	0
I?`Df?kl?	10	15	10	2	7	0300224411	1	0
I?`Df?kFO	10	15	10	2	7	1144220031	1	0
I?`Df?kBo	10	15	10	1	5	4411330024	1	0
I?`Df?ksG	10	15	10	1	6	0030114421	1	0
I?`Df?[{?	10	15	10	1	5	0022441131	1	0
I?`Df?[]?	10	15	10	2	7	2444113300	1	0
I?`Df?[L?	10	14	10	2	6	0302421431	1	0
I?`Df?[l?	10	15	10	2	5	0302421431	1	0
I?`Df?[N?	10	15	10	2	5	2244113300	1	0
I?`Df?[FO	10	15	10	1	5	3130204211	1	0
I?`Df?[Bo	10	15	10	1	5	1144220031	1	0
I?`Df?[wG	10	15	10	1	5	0203134121	1	0
I?`Df?{l?	10	16	10	2	6	0300224411	1	0
I?`Df?{FO	10	16	10	2	6	4411330024	1	0
I?`Df?{Bo	10	16	10	2	4	4411330024	1	0
I?`Dd`o{?	10	15	10	0	5	0000331111	1	0
I?`Dd`o]?	10	15	10	1	5	3200214411	1	0
I?`Dd`ol?	10	15	10	1	5	0300331111	1	0
I?`Dd`oN?	10	15	10	2	5	3300224441	1	0
I?`Dd`oQo	10	15	10	1	5	1244210031	1	0
I?`Dd`oBo	10	15	10	0	6	1244220031	1	0
I?`Dd`oBg	10	15	10	0	6	1144220001	1	0
I?`Dd`oAw	10	15	10	0	5	1311030001	1	0
I?`Dd`o@w	10	15	10	0	5	1311330001	1	0
I?`Dd`oBw	10	16	10	0	5	0022441110	1	0
I?`Dd`g{?	10	15	10	1	5	0220431131	1	0
I?`Dd`gl?	10	15	10	1	5	0422401131	1	0
I?`Dd`gQo	10	15	10	1	5	1241230031	1	0
I?`Dd`gBo	10	15	10	1	6	1244220031	1	0
I?`Dd`gdG	10	15	10	1	5	0130124421	1	0
I?`Dd`g@w	10	15	10	1	5	4311320021	1	0
I?`Dd_w{?	10	15	10	1	5	0300331111	1	0
I?`Dd_w]?	10	15	10	1	5	3200214411	1	0
I?`Dd`w{?	10	16	10	1	5	0200224414	1	0
I?`Dd`w]?	10	16	10	1	4	3200214411	1	0
I?`Dd`wl?	10	16	10	2	4	2300321141	1	0
I?`Dd`wN?	10	16	10	2	5	3200224411	1	0
I?`Dd`wQo	10	16	10	2	4	4311320024	1	0
I?`Dd`wBo	10	16	10	1	5	4111300024	1	0
I?`Dbbo{?	10	16	10	0	4	0000331111	1	0
I?`Dbbo]?	10	16	10	1	5	2000311414	1	0
I?`DbboBo	10	16	10	0	5	1111330004	1	0
I?`Db_w{?	10	15	10	1	5	2200331141	1	0
I?`Db_wl?	10	15	10	2	5	2300321441	1	0
I?`Db_wBo	10	15	10	1	5	1144220031	1	0
I?`Db_w@w	10	15	10	1	6	3311330001	1	0
I?`Db`w]?	10	16	10	1	4	4022043111	1	0
I?`Db`wl?	10	16	10	2	4	3200234114	1	0
I?`Db`wBo	10	16	10	1	5	4111300024	1	0
I?`Db_ks?	10	14	10	1	6	0022441131	1	0
I?`Db_k{?	10	15	10	1	5	2200331141	1	0
I?`Db_kU?	10	14	10	2	8	3000224411	1	0
I?`Db_k]?	10	15	10	2	7	3000224411	1	0
I?`Db_kF?	10	14	10	2	6	3300224411	1	0
I?`Db_kN?	10	15	10	2	5	3300224411	1	0
I?`Db_kBo	10	15	10	1	5	1133002241	1	0
I?`Db_ksG	10	15	10	1	6	0030114421	1	0
I?`Db_{{?	10	16	10	2	4	2200331141	1	0
I?`Db_{]?	10	16	10	2	6	3000224411	1	0
I?`Db_{N?	10	16	10	2	4	3300224411	1	0
I?`Db_{Bo	10	16	10	2	4	4411330024	1	0
I?`DfboBw	10	18	10	0	3	1111330004	1	0
I?`Df`w{?	10	17	10	1	4	0222411131	1	0
I?`Df`w]?	10	17	10	1	4	3000214411	1	0
I?`Df_{{?	10	17	10	2	3	2200331141	1	0
I?`Df_{l?	10	17	10	2	5	0200331144	1	0
I?`DbRo{?	10	16	10	1	4	0220431311	1	0
I?`DbRo]?	10	16	10	1	5	2000311414	1	0
I?`DbRodO	10	16	10	2	4	3113402024	1	0
I?`DbPw]?	10	16	10	1	4	4022043111	1	0
I?`DbQs{?	10	16	10	2	6	0300321414	1	0
I?`DbQsdO	10	16	10	1	5	0130104241	1	0
I?`DbO{]?	10	16	10	2	6	2300021414	1	0
I?`D`ro{?	10	16	10	1	4	0022441311	1	0
I?`D`ro]?	10	16	10	1	5	2000311414	1	0
I?`D`rol?	10	16	10	2	6	0300331111	1	0
I?`D`roN?	10	16	10	2	4	2200331414	1	0
I?`Dbpw]?	10	17	10	1	3	4022043111	1	0
I?`Dbo{]?	10	17	10	2	5	3200034141	1	0
I?`FfboBw	10	19	10	0	2	1111330004	1	0
I?`F`zo{?	10	18	10	2	2	2200331411	1	0
I?`F`xw]?	10	18	10	2	5	3000204111	1	0
I?bB@bo{?	10	15	10	0	5	2000331111	1	0
I?bB@bo]?	10	15	10	1	6	2000311114	1	0
I?bB@boBo	10	15	10	0	6	2000331112	1	0
I?bB@boBw	10	16	10	0	5	4111330004	1	0
I?bB@_Ww?	10	12	10	1	7	0003311331	1	0
I?bB@_Ws?	10	12	10	1	8	0030313331	1	0
I?bB@_W{?	10	13	10	1	7	1144220030	1	0
I?bB@_Wc_	10	12	10	2	9	0330330331	1	0
I?bB@`Wk?	10	13	10	1	8	0202411131	1	0
I?bB@`W{?	10	14	10	1	7	2000311141	1	0
I?bB@`W]?	10	14	10	1	6	3002244111	1	0
I?bB@`WL?	10	13	10	1	8	0022041313	1	0
I?bB@`WJ?	10	13	10	1	7	3020241113	1	0
I?bB@`WF?	10	13	10	1	7	3002241113	1	0
I?bB@`WN?	10	14	10	1	7	0244413030	1	0
I?bB@`Wc_	10	13	10	2	9	0220413114	1	0
I?bB@`WE_	10	13	10	2	7	3002244113	1	0
I?bB@`WF_	10	14	10	2	6	0224411330	1	0
I?bB@_ws?	10	13	10	1	7	0022411331	1	0
I?bB@_w{?	10	14	10	1	6	2200331141	1	0
I?bB@_wU?	10	13	10	1	7	3002244111	1	0
I?bB@_w]?	10	14	10	1	6	3002244111	1	0
I?bB@_wF?	10	13	10	1	7	3300224111	1	0
I?bB@_wN?	10	14	10	1	6	3300224111	1	0
I?bB@_wc_	10	13	10	2	8	0413140224	1	0
I?bB@_wD_	10	13	10	1	7	1302024113	1	0
I?bB@_wB_	10	13	10	1	6	3300224113	1	0
I?bB@_wF_	10	14	10	1	6	0224411330	1	0
I?bB@`w]?	10	15	10	1	5	3002244111	1	0
I?bB@`wF_	10	15	10	2	5	2441133002	1	0
I?bB@`wBo	10	15	10	1	6	2444133302	1	0
I?bB@_{N?	10	15	10	1	5	3300224111	1	0
I?bBDboBw	10	17	10	0	4	4111330004	1	0
I?bBD`w{?	10	16	10	1	5	2000311141	1	0
I?bBD`w]?	10	16	10	1	5	3000241411	1	0
I?bBD`wF_	10	16	10	2	6	2441133002	1	0
I?bBD`wBo	10	16	10	1	5	4111300024	1	0
I?bBF_{{?	10	17	10	2	3	0022441131	1	0
I?bB@Ro{?	10	15	10	1	5	0022441311	1	0
I?bB@RoF_	10	15	10	2	7	4441133002	1	0
I?bBBO{]?	10	16	10	1	5	3022241131	1	0
I?bBBO{N?	10	16	10	1	4	1302024411	1	0
I?bBBO{F_	10	16	10	2	6	1330022411	1	0
I?bB@ro{?	10	16	10	1	4	2200331411	1	0
I?bB@roF_	10	16	10	2	6	4441133002	1	0
I?bB@pw{?	10	16	10	1	5	3000241114	1	0
I?bB@pw]?	10	16	10	1	4	3002244111	1	0
I?bB@pwN?	10	16	10	1	5	4200031114	1	0
I?bFB_w{?	10	16	10	1	4	2200331141	1	0
I?bFB_w]?	10	16	10	1	4	3002244111	1	0
I?bFB_wF?	10	15	10	2	5	0022441133	1	0
I?bFB_wN?	10	16	10	2	4	3300224411	1	0
I?bFB_{{?	10	17	10	2	3	2200331141	1	0
I?bFB_{]?	10	17	10	2	5	3002244111	1	0
I?bFBOk{?	10	16	10	2	6	0022441131	1	0
I?bFBO{{?	10	17	10	2	5	0033114224	1	0
I?bFBO{]?	10	17	10	2	5	3002244111	1	0
I?bFBO{N?	10	17	10	2	5	1302024411	1	0
I?bF@pw{?	10	17	10	1	4	0222411331	1	0
I?bF@pw]?	10	17	10	1	3	3002244111	1	0
I?bF@pwN?	10	17	10	2	5	1300022441	1	0
I?bF@pwF_	10	17	10	2	3	1330022441	1	0
I?bFBo{{?	10	18	10	2	4	0022441131	1	0
I?b@fBoBw	10	17	10	0	4	4111330004	1	0
I?b@f@W{?	10	15	10	1	6	2000311141	1	0
I?b@f@W]?	10	15	10	1	5	3002241411	1	0
I?b@f@WL?	10	14	10	2	7	0022043113	1	0
I?b@f@WJ?	10	14	10	2	8	0022243113	1	0
I?b@f@WF?	10	14	10	2	6	0224413130	1	0
I?b@f@WN?	10	15	10	2	7	0224413130	1	0
I?b@f@WFO	10	15	10	2	5	4113302024	1	0
I?b@f@WBo	10	15	10	1	6	1414200031	1	0
I?b@f@W@w	10	15	10	1	5	4113302021	1	0
I?b@f?w{?	10	15	10	1	5	2200331141	1	0
I?b@f?w]?	10	15	10	1	5	3002241411	1	0
I?b@f?wN?	10	15	10	1	5	3300221411	1	0
I?b@f?wog	10	15	10	1	5	0033112421	1	0
I?b@f@w{?	10	16	10	1	5	2000311141	1	0
I?b@f@wFO	10	16	10	2	4	4113302024	1	0
I?b@f@wBo	10	16	10	1	5	4111300024	1	0
I?b@f?s{?	10	15	10	1	5	2200331141	1	0
I?b@f?s]?	10	15	10	2	6	2200234141	1	0
I?b@f?sN?	10	15	10	1	5	3300221411	1	0
I?b@f?sFO	10	15	10	1	5	1130204241	1	0
I?b@f?[[?	10	14	10	1	6	0022441131	1	0
I?b@f?[{?	10	15	10	1	5	0022441131	1	0
I?b@f?[]?	10	15	10	2	5	2441130320	1	0
I?b@f?[FO	10	15	10	1	5	1442203011	1	0
I?b@f?[Bo	10	15	10	1	5	1133002241	1	0
I?b@f?{FO	10	16	10	1	5	1130004241	1	0
I?b@dboBw	10	17	10	0	4	4111330004	1	0
I?b@d`g{?	10	15	10	1	6	2000311141	1	0
I?b@d`g]?	10	15	10	1	6	3000241411	1	0
I?b@d`gN?	10	15	10	2	6	3200224411	1	0
I?b@d`w{?	10	16	10	1	5	2000311141	1	0
I?b@d`w]?	10	16	10	1	5	3000241411	1	0
I?b@d`wBo	10	16	10	1	5	4111330024	1	0
I?b@d_{{?	10	16	10	2	4	2200331141	1	0
I?b@d_{]?	10	16	10	2	5	3200224411	1	0
I?b@d_{N?	10	16	10	1	4	3100224411	1	0
I?b@d`I[?	10	14	10	1	7	2200334131	1	0
I?b@d`I{?	10	15	10	1	6	0022443141	1	0
I?b@d`I]?	10	15	10	2	6	2144113320	1	0
I?b@d`IQo	10	15	10	1	6	4211030011	1	0
I?b@d`IkG	10	15	10	1	5	0422441101	1	0
I?b@bbo{?	10	16	10	0	4	2000331111	1	0
I?b@bbo]?	10	16	10	1	5	2000311114	1	0
I?b@bboBo	10	16	10	0	5	1144220001	1	0
I?b@b_w{?	10	15	10	1	5	2200331141	1	0
I?b@b_w]?	10	15	10	1	6	3000241411	1	0
I?b@b_wQ_	10	14	10	2	7	4022043114	1	0
I?b@b_wBo	10	15	10	1	5	1144220031	1	0
I?b@b_w_w	10	15	10	1	5	2411330021	1	0
I?b@b`w]?	10	16	10	1	5	3000241411	1	0
I?b@b`wBo	10	16	10	1	5	4111300024	1	0
I?b@b_{]?	10	16	10	1	5	1300021414	1	0
I?b@b_{N?	10	16	10	1	4	3300221411	1	0
I?b@b_N{G	10	17	10	0	4	2000331121	1	0
I?b@fboBw	10	18	10	0	3	4111330004	1	0
I?b@f_{{?	10	17	10	2	3	2200331141	1	0
I?b@bPo{?	10	15	10	1	6	2000311411	1	0
I?b@bPo]?	10	15	10	1	6	3000241141	1	0
I?b@bPoF?	10	14	10	1	6	3002241113	1	0
I?b@bPoN?	10	15	10	1	6	1300021441	1	0
I?b@bRo{?	10	16	10	1	5	2000311411	1	0
I?b@bPw{?	10	16	10	1	5	3000241114	1	0
I?b@bPw]?	10	16	10	1	5	3000241111	1	0
I?b@bro{?	10	17	10	1	4	2000311411	1	0
I?b@bro]?	10	17	10	1	4	3000241141	1	0
I?b@bpw]?	10	17	10	1	4	3000241111	1	0
I?b@aTo{?	10	15	10	1	6	0022443411	1	0
I?b@aTo]?	10	15	10	2	6	3200234311	1	0
I?b@aToJ?	10	14	10	2	8	4022003411	1	0
I?b@aToN?	10	15	10	2	7	0244113230	1	0
I?b@aToBg	10	15	10	1	6	1311020421	1	0
I?b@aVo{?	10	16	10	1	5	0022443411	1	0
I?b@aVoN?	10	16	10	3	6	4411330402	1	0
I?b@aVokO	10	16	10	1	5	0300141241	1	0
I?b@aVoLO	10	16	10	2	5	1133104024	1	0
I?b@aTwkO	10	16	10	2	5	0133114024	1	0
I?bBb_w{?	10	16	10	1	4	2200331141	1	0
I?bBb_w]?	10	16	10	1	5	3000244411	1	0
I?bBb_wN?	10	16	10	1	4	1300224411	1	0
I?bBb_k{?	10	16	10	1	4	0022441131	1	0
I?bBb_kN?	10	16	10	1	4	1422003311	1	0
I?bBb_kBo	10	16	10	1	4	2411330024	1	0
I?bBb_{{?	10	17	10	2	3	2200331141	1	0
I?bBb_{]?	10	17	10	1	4	3022241131	1	0
I?bBb_{N?	10	17	10	1	3	1300224411	1	0
I?bBb_{Bo	10	17	10	2	3	1133002241	1	0
I?bBfboBw	10	19	10	0	2	4111330004	1	0
I?bBbO{{?	10	17	10	2	5	2000331441	1	0
I?bBbO{]?	10	17	10	1	4	3022241131	1	0
I?bBbO{N?	10	17	10	1	4	1300024411	1	0
I?bB`ro{?	10	17	10	1	3	2200331411	1	0
I?bB`ro]?	10	17	10	1	4	2000311414	1	0
I?bB`roN?	10	17	10	2	3	3300224141	1	0
I?bB`pw]?	10	17	10	1	4	3000244111	1	0
I?bBbo{]?	10	18	10	1	3	3022241131	1	0
I?bBbo{N?	10	18	10	1	3	1300024411	1	0
I?bB`zo{?	10	18	10	2	2	2200331411	1	0
I?bB`zo]?	10	18	10	2	4	3000224141	1	0
I?bB`zoN?	10	18	10	2	2	3300224141	1	0
I?bF`xw{?	10	19	10	2	3	2200331411	1	1
I?bF`xw]?	10	19	10	2	4	3000224111	1	1
I?bAP_ow?	10	12	10	1	8	0003313331	1	0
I?bAP_ok?	10	12	10	1	6	3300333111	1	0
I?bAP_o{?	10	13	10	1	7	1144222000	1	0
I?bAPbo{?	10	15	10	1	5	0022444111	1	0
I?bAPboN?	10	15	10	2	6	4411333002	1	0
I?bBV_{]?	10	18	10	2	5	3000221411	1	0
I?`bCbo{?	10	15	10	0	5	2000311311	1	0
I?`bCbo]?	10	15	10	1	6	0220033111	1	0
I?`bCboYO	10	15	10	2	5	2002311314	1	0
I?`bCboBo	10	15	10	0	6	2000311312	1	0
I?`bCboBw	10	16	10	0	5	4111300304	1	0
I?`bC`Wk?	10	13	10	1	7	0133122424	1	0
I?`bC`W{?	10	14	10	1	7	0220033111	1	0
I?`bC`WM?	10	13	10	1	8	3000211411	1	0
I?`bC`W]?	10	14	10	1	7	3000211411	1	0
I?`bC`Wd?	10	13	10	1	7	0113102424	1	0
I?`bC`WF?	10	13	10	2	8	1002244213	1	0
I?`bC`W`_	10	13	10	1	7	0220033002	1	0
I?`bC`WD_	10	13	10	1	7	3113300331	1	0
I?`bC`Wd_	10	14	10	1	7	1331144020	1	0
I?`bC`WF_	10	14	10	2	7	3204411330	1	0
I?`bC`W`g	10	14	10	1	6	0114422401	1	0
I?`bC`w]?	10	15	10	1	6	3000211411	1	0
I?`bC`wd_	10	15	10	1	6	3441433202	1	0
I?`bC`wF_	10	15	10	2	6	0441133102	1	0
I?`bFboBw	10	18	10	0	3	4114022001	1	0
I?`bFaU{?	10	17	10	2	3	2002144131	1	0
I?`bF_]{?	10	17	10	1	4	0002444131	1	0
I?`bF_]]?	10	17	10	2	4	2002244131	1	0
I?`fBO]]?	10	17	10	3	3	3002244131	1	0
I?`fBO]dO	10	17	10	2	6	2110300241	1	0
I?`afBoBw	10	17	10	0	5	4111300004	1	0
I?`af?w{?	10	15	10	1	6	2000311141	1	0
I?`af?w]?	10	15	10	1	5	3002241411	1	0
I?`af?wd?	10	14	10	2	8	0220431114	1	0
I?`af?wF?	10	14	10	2	6	3002241413	1	0
I?`af?w`_	10	14	10	1	7	0222433134	1	0
I?`af?wB_	10	14	10	1	7	3000244413	1	0
I?`af?wFO	10	15	10	2	5	4113302024	1	0
I?`af?wBo	10	15	10	1	6	4111300024	1	0
I?`af?w`g	10	15	10	1	6	2441100301	1	0
I?`af?w@w	10	15	10	1	5	4113302021	1	0
I?`afAS{?	10	15	10	1	5	2002341131	1	0
I?`afAS]?	10	15	10	2	7	3000214421	1	0
I?`afASFO	10	15	10	2	7	1143002024	1	0
I?`afASBo	10	15	10	1	6	3113202241	1	0
I?`afASYG	10	15	10	2	5	3003214421	1	0
I?`afASIg	10	15	10	2	7	1331042201	1	0
I?`afASAw	10	15	10	1	5	1441230021	1	0
I?`a`bo{?	10	15	10	0	6	2000311111	1	0
I?`a`bo]?	10	15	10	1	6	0222033311	1	0
I?`a`bo`o	10	15	10	1	6	1444033302	1	0
I?`a`boBo	10	15	10	0	6	1444133302	1	0
I?`a`boBw	10	16	10	0	6	3111300001	1	0
I?`adbo{?	10	16	10	0	5	2000311111	1	0
I?`adbo]?	10	16	10	1	5	2000311114	1	0
I?`adboBo	10	16	10	0	6	1444200001	1	0
I?`ad_w{?	10	15	10	1	6	2000311141	1	0
I?`ad_w`_	10	14	10	1	7	0222433134	1	0
I?`ad_wBo	10	15	10	1	6	4111300024	1	0
I?`ad_w@w	10	15	10	1	6	4411300021	1	0
I?`ad`w]?	10	16	10	1	5	3000211411	1	0
I?`ad`wBo	10	16	10	1	5	4111300024	1	0
I?`ad_N{G	10	17	10	0	5	2000311121	1	0
I?`abboBw	10	17	10	0	5	3111300001	1	0
I?`abaS{?	10	15	10	1	5	2002341131	1	0
I?`abaS]?	10	15	10	1	6	4002041131	1	0
I?`abaSYG	10	15	10	1	5	3003214421	1	0
I?`abaSIg	10	15	10	2	7	4301042201	1	0
I?`afboBw	10	18	10	0	4	4111300004	1	0
I?`acjo{?	10	16	10	1	4	2002341311	1	0
I?`acjo]?	10	16	10	2	6	2000341314	1	0
I?`acjoYO	10	16	10	2	4	4224013031	1	0
I?`acgw{?	10	15	10	2	7	0220431411	1	0
I?`acgw]?	10	15	10	1	6	3220231411	1	0
I?`acgwg_	10	14	10	2	9	0424430431	1	0
I?`acgw`g	10	15	10	1	6	0113102421	1	0
I?`achw]?	10	16	10	1	5	4002041311	1	0
I?`achwYO	10	16	10	1	5	1003014241	1	0
I?`achwIo	10	16	10	2	6	4131340024	1	0
I?`acgiw?	10	14	10	2	8	0023414231	1	0
I?`acgi{?	10	15	10	2	7	1441230210	1	0
I?`acgiYO	10	15	10	1	6	1204013041	1	0
I?`acgiIo	10	15	10	1	6	1301042011	1	0
I?`ef?w{?	10	16	10	1	5	2000311141	1	0
I?`ef?w]?	10	16	10	1	5	3000214411	1	0
I?`ef?wBo	10	16	10	1	5	1144200031	1	0
I?`ef?w@w	10	16	10	1	5	4111300021	1	0
I?`ed`g{?	10	16	10	1	4	0220431131	1	0
I?`ed`g]?	10	16	10	1	5	3000214411	1	0
I?`ed`gdG	10	16	10	2	4	3113402204	1	0
I?`ed`w{?	10	17	10	1	4	2000311141	1	0
I?`ed`w]?	10	17	10	1	4	3000214411	1	0
I?`ed`wBo	10	17	10	1	4	4111300024	1	0
I?`ebRodO	10	17	10	3	3	0220431314	1	0
I?`eaqo{?	10	16	10	1	5	2000311411	1	0
I?`eaqo]?	10	16	10	1	5	3000214141	1	0
I?`e`ro{?	10	17	10	1	4	2000311411	1	0
I?`e`ro]?	10	17	10	1	4	2000311414	1	0
I?`bf?[{?	10	16	10	1	5	0002441431	1	0
I?`bf?[]?	10	16	10	2	4	3002241431	1	0
I?`bf?[FO	10	16	10	1	4	1442203011	1	0
I?`bf?[Bo	10	16	10	1	5	4113002041	1	0
I?`bf?[wG	10	16	10	1	4	2003314121	1	0
I?`be_w{?	10	16	10	1	5	2000311141	1	0
I?`be_wBo	10	16	10	1	5	4111300024	1	0
I?`be_w@w	10	16	10	1	5	4411300021	1	0
I?`bbaS{?	10	16	10	1	4	2002341131	1	0
I?`bbaS]?	10	16	10	1	5	4002041131	1	0
I?`bbaSYG	10	16	10	1	4	1003214421	1	0
I?`bfboBw	10	19	10	0	3	4111300004	1	0
I?`cn@o{?	10	16	10	1	4	2002343111	1	0
I?`cn@o]?	10	16	10	2	6	3000212441	1	0
I?`cn@oY_	10	16	10	2	4	3003212441	1	0
I?`cn@oFO	10	16	10	2	6	1442201031	1	0
I?`cn@oBW	10	16	10	1	5	3113204221	1	0
I?`cn@oAw	10	16	10	1	4	4114323004	1	0
I?`cn@W{?	10	16	10	2	6	2002343111	1	0
I?`cn@W]?	10	16	10	2	6	3002243411	1	0
I?`cn@WFO	10	16	10	2	6	1442201031	1	0
I?`cn@w{?	10	17	10	2	5	2000343141	1	0
I?`cn@w]?	10	17	10	2	5	3002243411	1	0
I?`cn@wFO	10	17	10	3	5	4113304024	1	1
I?`cm`o{?	10	16	10	1	4	2002343111	1	0
I?`cm`o]?	10	16	10	2	6	3000212441	1	0
I?`cm`oY_	10	16	10	2	4	3003212441	1	0
I?`cm`oIo	10	16	10	2	6	1331040221	1	0
I?`cm`oBW	10	16	10	1	5	1441032004	1	0
I?`cm`oAw	10	16	10	1	4	1331040221	1	0
I?`cm`g{?	10	16	10	2	4	0220434131	1	0
I?`cm`gM?	10	15	10	2	7	0220234131	1	0
I?`cm`g]?	10	16	10	2	6	3003212411	1	0
I?`cm`gY_	10	16	10	1	4	3003212411	1	0
I?`cm`gIo	10	16	10	1	5	4114323024	1	0
I?`cm`gdG	10	16	10	1	4	0330121421	1	0
I?`cm`W{?	10	16	10	2	6	0220434111	1	0
I?`cm`W]?	10	16	10	2	6	3020214411	1	0
I?`cm`WY_	10	16	10	2	6	1301040224	1	0
I?`cm_w{?	10	16	10	2	6	0220434111	1	0
I?`cm_w]?	10	16	10	2	6	3020214411	1	0
I?`cm`w{?	10	17	10	2	5	2000343141	1	0
I?`cm`wIo	10	17	10	2	5	4131320024	1	0
I?`cjbo{?	10	17	10	1	3	2002343111	1	0
I?`cjbo]?	10	17	10	2	5	2000343114	1	0
I?`cjboY_	10	17	10	2	3	3003212441	1	0
I?`cj`W{?	10	16	10	2	6	2000343141	1	0
I?`cj`W]?	10	16	10	1	5	4002043111	1	0
I?`cj`WY_	10	16	10	1	5	1003012441	1	0
I?`cj`W`W	10	16	10	1	5	0113104221	1	0
I?`cj`w]?	10	17	10	1	4	4002043111	1	0
I?`cj`wY_	10	17	10	1	4	1003012441	1	0
I?`cn`w{?	10	18	10	2	4	2000343141	1	0
I?`cn`wY_	10	18	10	2	4	3003212411	1	0
I?`cjRo{?	10	17	10	2	3	2002343411	1	0
I?`cjRo]?	10	17	10	2	5	2002043411	1	0
I?`cjRoY_	10	17	10	2	3	3003212141	1	0
I?`cjRodO	10	17	10	2	3	3113404024	1	0
I?`cjPw]?	10	17	10	1	4	4002043111	1	0
I?`cjPwY_	10	17	10	1	4	1003012141	1	0
I?`cjPwdO	10	17	10	1	4	0113104024	1	0
I?`cjPidO	10	17	10	0	4	2442101001	1	0
I?`ciro{?	10	17	10	2	5	2000343411	1	0
I?`ciroY_	10	17	10	2	5	4224010131	1	0
I?`cipw{?	10	17	10	2	6	3000212114	1	0
I?`cipw]?	10	17	10	1	4	4002043111	1	0
I?`cipwY_	10	17	10	1	4	1003012441	1	0
I?`cjpw{?	10	18	10	2	5	3000212114	1	0
I?`cjpw]?	10	18	10	1	3	4002043111	1	0
I?`cjpwY_	10	18	10	1	3	1003012441	1	0
I?`cjVo{?	10	18	10	3	2	2002343411	1	0
I?be`pw{?	10	18	10	1	3	2000311441	1	0
I?be`pw]?	10	18	10	1	3	3000244111	1	0
I?`vAqo{?	10	17	10	1	4	2000311411	1	0
I?`vAqo]?	10	17	10	1	4	3000214141	1	0
I?r@`bo{?	10	16	10	0	4	0022441111	1	0
I?r@`boN?	10	16	10	2	4	2200331114	1	0
I?r@`boBo	10	16	10	0	5	1144220001	1	0
I?r@`boBw	10	17	10	0	4	1144220001	1	0
I?r@dboBw	10	18	10	0	3	1144220001	1	0
I?r@d_{{?	10	17	10	2	3	2200331141	1	0
I?r@d_{N?	10	17	10	1	3	3300221411	1	0
I?r@fboBw	10	19	10	0	2	1144220001	1	0
I?r@f_{{?	10	18	10	2	2	0022441131	1	0
I?rFf_{N?	10	20	10	4	0	0022441133	1	1
I?qbF_]{?	10	18	10	1	3	0002444131	1	0
I?qa`bo{?	10	16	10	0	5	0022411311	1	0
I?qa`boBo	10	16	10	0	7	1114220001	1	0
I?qa`boBw	10	17	10	0	6	1114220001	1	0
I?qadboBw	10	18	10	0	5	1114220001	1	0
I?qafboBw	10	19	10	0	4	1114220001	1	0
I?qa`ro{?	10	17	10	1	4	0022411311	1	0
I?q`qjo{?	10	18	10	2	5	0022413111	1	1
I?ovE_w{?	10	17	10	1	3	0022431131	1	0
I?ovE_wBo	10	17	10	1	4	1133022241	1	0
I?ovE_wpG	10	17	10	2	3	0033124421	1	0
I?ovE_w@w	10	17	10	1	3	4411320021	1	0
I?opvBop_	10	18	10	3	2	0022433114	1	0
I?opuJo{?	10	18	10	2	2	0022433411	1	0
I?opuJop_	10	18	10	2	2	0033122141	1	0
I?opuNo{?	10	19	10	3	1	0022433411	1	0
ICOfBaKF?	10	15	10	2	7	0220331144	1	0
ICOfBaKF_	10	16	10	2	7	1442000311	1	0
ICOfBaKbO	10	16	10	1	5	2441003011	1	0
ICOfBaKBo	10	16	10	1	5	4113220231	1	0
ICOfBaK[G	10	16	10	1	5	3002114121	1	0
ICOf@pSb?	10	15	10	3	10	0020031144	1	1
ICOf@pSF_	10	16	10	2	7	1310202141	1	0
ICOf@o]pO	10	17	10	2	6	4413300243	1	0
ICOf?w]wO	10	17	10	0	5	4442220110	1	0
ICOf?w]wW	10	18	10	0	4	2224441001	1	0
ICQf@pSF_	10	17	10	2	6	1310202141	1	0
ICQf@o[F_	10	17	10	1	4	1130022411	1	0
ICQf@o[wG	10	17	10	1	4	0024411301	1	0
